epoch,step,train_loss,val_loss
0,6,,0.5615410804748535
1,13,,0.4599050283432007
2,20,,0.41135933995246887
3,27,,0.3917657434940338
4,34,,0.3729604482650757
5,41,,0.35831522941589355
6,48,,0.3431171178817749
7,49,0.35478538274765015,
7,55,,0.33254554867744446
8,62,,0.3244929611682892
9,69,,0.317907452583313
