scl_lb,n_novel_subgraphs,n_total_inferred,rxn_cov_frac
1,43,164,0.9651162790697675
11,20,95,0.7558139534883721
21,14,29,0.5813953488372093
31,13,20,0.5813953488372093
41,3,4,0.27906976744186046
51,0,0,0.0
