epoch,step,train_loss,val_loss
0,6,,0.6764183640480042
1,13,,0.5870221853256226
2,20,,0.4645828604698181
3,27,,0.39918431639671326
4,34,,0.3894965946674347
5,41,,0.3835752606391907
6,48,,0.37819790840148926
7,49,0.4136083126068115,
7,55,,0.3750927746295929
8,62,,0.37298911809921265
9,69,,0.3711916208267212
