Name	Reactants	SMARTS	Products
EVODEX.2-Cm56_0	Any	[#6:40]-[#8:39]-[#6](-[#8])(-[#6])-[#1]>>[#6:40]-[#8:39]-[#1]	Any
EVODEX.2-Cm46_0	Any	[#6:16]-[#8:2]-[#1]>>[#6:16]-[#8:2]-[#6](-[#8])(-[#6])-[#1]	Any
EVODEX.2-Cm7_0	Any	[#6:53]-[#7:52](-[#6](-[#6])=[#8])-[#1]>>[#6:53]-[#7:52](-[#1])-[#1]	Any
EVODEX.2-Cm8_0	Any	[#6:53]-[#7:50](-[#1])-[#1]>>[#6:53]-[#7:50](-[#6](-[#6])=[#8])-[#1]	Any
EVODEX.2-Cm57_0	Any	[#6:40]-[#8:39]-[#6:1](-[#8:3])(-[#6:4])-[#1:154]>>[#8:3]-[#6:1](-[#8]-[#15])(-[#6:4])-[#1:154].[#6:40]-[#8:39]-[#1]	Any;Any
EVODEX.2-Cm59_0	Any;Any	[#8:3]-[#6:1](-[#8]-[#15])(-[#6:4])-[#1:145].[#6:12]-[#8:2]-[#1]>>[#6:12]-[#8:2]-[#6:1](-[#8:3])(-[#6:4])-[#1:145]	Any
EVODEX.2-Cm314_0	Any	[#6:9]-[#6:7](-[#7:2](-[#1])-[#1])(-[#6:10])-[#1]>>[#6]-[#6](-[#7:2](-[#1])-[#1])(-[#6])-[#1].[#6:9]-[#6:7](=[#8])-[#6:10]	Any;Any
EVODEX.2-Cm320_0	Any;Any	[#6]-[#6](-[#7:2](-[#1])-[#1])(-[#6])-[#1].[#6:3]-[#6:1](=[#8])-[#6:4]>>[#6:3]-[#6:1](-[#7:2](-[#1])-[#1])(-[#6:4])-[#1]	Any
EVODEX.2-Cm325_0	Any;Any	[#6:9]-[#6:7](-[#7](-[#1])-[#1])(-[#6:10])-[#1].[#6]-[#6](=[#8:8])-[#6]>>[#6:9]-[#6:7](=[#8:8])-[#6:10]	Any
EVODEX.2-Cm326_0	Any	[#6:3]-[#6:1](=[#8:8])-[#6:4]>>[#6:3]-[#6:1](-[#7](-[#1])-[#1])(-[#6:4])-[#1].[#6]-[#6](=[#8:8])-[#6]	Any;Any
EVODEX.2-Cm101_0	Any	[#6:3]-[#6:1](=[#8:4])-[#8]-[#1]>>[#6]-[#7](-[#6:1](=[#8:4])-[#6:3])-[#1]	Any
EVODEX.2-Cm107_0	Any	[#6]-[#7](-[#6:1](=[#8:3])-[#6:4])-[#1]>>[#6:4]-[#6:1](=[#8:3])-[#8]-[#1]	Any
EVODEX.2-Cm111_0	Any	[#6:31]-[#6:1](=[#8:32])-[#8:36]-[#6:37]>>[#6]-[#16]-[#6:1](=[#8:32])-[#6:31].[#6:37]-[#8:36]-[#1]	Any;Any
EVODEX.2-Cm115_0	Any;Any	[#6:3]-[#6:1](-[#8]-[#15])(-[#1:51])-[#1:52].[#8]-[#15](=[#8])(-[#8])-[#8:2]-[#15:10]>>[#6:3]-[#6:1](-[#8:2]-[#15:10])(-[#1:51])-[#1:52]	Any
EVODEX.2-Cm134_0	Any;Any	[#6:51]-[#6:49](=[#8:52])-[#16]-[#6].[#6:67]-[#8:50]-[#1]>>[#6:67]-[#8:50]-[#6:49](=[#8:52])-[#6:51]	Any
EVODEX.2-Cm291_0	Any	[#6:3]-[#6:1](-[#8:15]-[#15:17])(-[#1:49])-[#1:50]>>[#6:3]-[#6:1](-[#8]-[#15])(-[#1:49])-[#1:50].[#8]-[#15](=[#8])(-[#8])-[#8:15]-[#15:17]	Any;Any
EVODEX.2-Cm286_0	Any;Any	[#6:18]-[#6:12]1=[#6:17](-[#7:16](-[#6:21])-[#6:15](=[#6:14](-[#6:13]-1(-[#1:83])-[#1])-[#1:82])-[#1:81])-[#1:58].[#6:4]-[#6:1](-[#6:3])=[#8:2]>>[#6:4]-[#6:1](-[#6:3])(-[#8:2]-[#1])-[#1].[#6:18]-[#6:12]1:[#6:13](:[#6:14](:[#6:15](:[#7&+:16](-[#6:21]):[#6:17]:1-[#1:58])-[#1:81])-[#1:82])-[#1:83]	Any;Any
EVODEX.2-Cm245_0	Any	[#15:4]-[#8:2]-[#1]>>[#15:4]-[#8:2]-[#15](=[#8])(-[#8])-[#8]	Any
EVODEX.2-Cm45_0	Any	[#6:3]-[#6:1](-[#8:53]-[#1])(-[#6:4])-[#1:71]>>[#6:3]-[#6:1](-[#8]-[#6])(-[#6:4])-[#1:71].[#8:53](-[#1])-[#1]	Any;Any
EVODEX.2-Cm51_0	Any;Any	[#6:3]-[#6:1](-[#6:4])(-[#8]-[#6])-[#1:105].[#8:2](-[#1])-[#1]>>[#6:3]-[#6:1](-[#8:2]-[#1])(-[#6:4])-[#1:105]	Any
EVODEX.2-Cm52_0	Any;Any	[#6:51]-[#6:49](=[#8:52])-[#16:1]-[#6:2].[#6:53]-[#8:50]-[#1]>>[#6:2]-[#16:1]-[#1].[#6:53]-[#8:50]-[#6:49](-[#6:51])=[#8:52]	Any;Any
EVODEX.2-Cm75_0	Any;Any	[#6:3]-[#6:1](-[#8:38]-[#1])(-[#1:40])-[#1:41].[#6:19]-[#8:2]-[#1]>>[#6:3]-[#6:1](-[#8:2]-[#6:19])(-[#1:40])-[#1:41].[#8:38](-[#1])-[#1]	Any;Any
EVODEX.2-Cm77_0	Any	[#6:3]-[#6:1](-[#8:34]-[#1])(-[#1:36])-[#1:37]>>[#6:3]-[#6:1](-[#8]-[#6])(-[#1:36])-[#1:37].[#8:34](-[#1])-[#1]	Any;Any
EVODEX.2-Cm102_0	Any	[#6:3]-[#6:1](=[#8:4])-[#8:21]-[#1]>>[#6]-[#7](-[#6:1](=[#8:4])-[#6:3])-[#1].[#8:21](-[#1])-[#1]	Any;Any
EVODEX.2-Cm112_0	Any	[#6:29]-[#8:28]-[#6](-[#1])(-[#1])-[#1]>>[#6:29]-[#8:28]-[#1]	Any
EVODEX.2-Cm127_0	Any;Any	[#6:27](-[#16&+](-[#6])-[#6])(-[#1:42])(-[#1:43])-[#1:44].[#6:29]-[#8:28]-[#1]>>[#6:29]-[#8:28]-[#6:27](-[#1:42])(-[#1:43])-[#1:44]	Any
EVODEX.2-Cm128_0	Any	[#6:29]-[#8:28]-[#6:1](-[#1:70])(-[#1:71])-[#1:72]>>[#6:1](-[#16&+](-[#6])-[#6])(-[#1:70])(-[#1:71])-[#1:72].[#6:29]-[#8:28]-[#1]	Any;Any
EVODEX.2-Cm133_0	Any;Any	[#6:3]-[#16:2]-[#1].[#6:71]-[#8:70]-[#6:1](=[#8:50])-[#6:51]>>[#6:51]-[#6:1](=[#8:50])-[#16:2]-[#6:3].[#6:71]-[#8:70]-[#1]	Any;Any
EVODEX.2-Cm143_0	Any;Any	[#6:3]-[#16:2]-[#6:4].[#6:29]-[#8:28]-[#6:1](-[#1:62])(-[#1:63])-[#1:64]>>[#6:1](-[#16&+:2](-[#6:4])-[#6:3])(-[#1:62])(-[#1:63])-[#1:64].[#6:29]-[#8:28]-[#1]	Any;Any
EVODEX.2-Cm144_0	Any;Any	[#6:27](-[#16&+:1](-[#6:2])-[#6:3])(-[#1:38])(-[#1:39])-[#1:40].[#6:29]-[#8:28]-[#1]>>[#6:3]-[#16:1]-[#6:2].[#6:29]-[#8:28]-[#6:27](-[#1:38])(-[#1:39])-[#1:40]	Any;Any
EVODEX.2-Cm162_0	Any	[#6:2]-[#16:1]-[#6:30](=[#8:32])-[#6:33]>>[#6:2]-[#16:1]-[#1].[#6]-[#7](-[#6:30](=[#8:32])-[#6:33])-[#1]	Any;Any
EVODEX.2-Cm168_0	Any;Any	[#6:3]-[#16:2]-[#1].[#6]-[#7](-[#6:1](=[#8:50])-[#6:51])-[#1]>>[#6:51]-[#6:1](=[#8:50])-[#16:2]-[#6:3]	Any
EVODEX.2-Cm243_0	Any	[#6:29]-[#8:28]-[#1]>>[#6:29]-[#8:28]-[#6](-[#1])(-[#1])-[#1]	Any
EVODEX.2-Cm271_0	Any;Any	[#6:3]-[#6:1](=[#8:4])-[#7](-[#6])-[#1].[#8:2](-[#1])-[#1]>>[#6:3]-[#6:1](=[#8:4])-[#8:2]-[#1]	Any
EVODEX.2-Cm354_0	Any;Any	[#7:2](-[#6:39](-[#6:41])(-[#6:42])-[#1])(-[#1])-[#1].[#6:3]-[#6:1](=[#8:40])-[#6:4]>>[#6:3]-[#6:1](-[#7:2](-[#1])-[#1])(-[#6:4])-[#1].[#6:41]-[#6:39](=[#8:40])-[#6:42]	Any;Any
EVODEX.2-Cm283_0	Any	[#6:3]-[#6:1](=[#8:2])-[#6:4]>>[#6:3]-[#6:1](-[#8:2]-[#1])(-[#6:4])-[#1]	Any
EVODEX.2-Cm132_0	Any;Any	[#8:6](-[#1])-[#1].[#8:8]-[#15:7](=[#8:9])(-[#8:10])-[#8]-[#15]>>[#8:8]-[#15:7](=[#8:9])(-[#8:6]-[#1])-[#8:10]	Any
EVODEX.2-Cm97_0	Any;Any	[#6:31]-[#6:1](=[#8:32])-[#8:46]-[#1].[#8:48]-[#15:47](=[#8:49])(-[#8:50])-[#8]-[#15]>>[#6]-[#16]-[#6:1](=[#8:32])-[#6:31].[#8:48]-[#15:47](=[#8:49])(-[#8:46]-[#1])-[#8:50]	Any;Any
EVODEX.2-Cm195_0	Any;Any	[#6]-[#16]-[#6:30](=[#8:32])-[#6:33].[#15:38]-[#8:36]-[#1]>>[#6:33]-[#6:30](=[#8:32])-[#8]-[#1].[#15:38]-[#8:36]-[#15](=[#8])(-[#8])-[#8]	Any;Any
EVODEX.2-Cm19_0	Any;Any	[#6:2]-[#6:1](-[#8:21]-[#1])(-[#6:3])-[#1:26].[#8:13]=[#6:12]=[#8:20]>>[#6:2]-[#6:1](-[#6:3])(-[#1:26])-[#1].[#6]-[#6](=[#8])-[#6:12](=[#8:20])-[#8:13]-[#1].[#8:21]=[#8]	Any;Any;Any
EVODEX.2-Cm20_0	Any;Any	[#6:2]-[#6:1](-[#8:21]-[#1])(-[#6:3])-[#1:26].[#8:14]=[#6:11](-[#8:22]-[#1])-[#6:15]>>[#6:2]-[#6:1](-[#6:3])(-[#1:26])-[#1].[#6:15]-[#6:11](=[#8:14])-[#6](=[#8])-[#8].[#8:21]=[#8:22]	Any;Any;Any
EVODEX.2-Cm21_0	Any;Any	[#6:2]-[#6:1](-[#8:21]-[#1])(-[#6:3])-[#1:26].[#8]=[#6](-[#8:22]-[#1])-[#6]>>[#6:2]-[#6:1](-[#6:3])(-[#1:26])-[#1].[#8:21]=[#8:22]	Any;Any
EVODEX.2-Cm22_0	Any;Any	[#6:3]-[#6:1](-[#6:4])(-[#1:26])-[#1].[#8:2]=[#8]>>[#6:3]-[#6:1](-[#8:2]-[#1])(-[#6:4])-[#1:26]	Any
EVODEX.2-Cm23_0	Any;Any	[#6:3]-[#6:1](-[#6:4])(-[#1:26])-[#1].[#8:2]=[#8:13]>>[#6:3]-[#6:1](-[#8:2]-[#1])(-[#6:4])-[#1:26].[#8]=[#6](-[#8:13]-[#1])-[#6]	Any;Any
EVODEX.2-Cm24_0	Any;Any;Any	[#6:2]-[#6:1](-[#8:20]-[#1])(-[#6:3])-[#1:23].[#8:13]=[#6:10](-[#8:21]-[#1])-[#6:14].[#8:12]=[#6:11]=[#8:19]>>[#6:2]-[#6:1](-[#6:3])(-[#1:23])-[#1].[#6:14]-[#6:10](=[#8:13])-[#6:11](=[#8:19])-[#8:12]-[#1].[#8:20]=[#8:21]	Any;Any;Any
EVODEX.2-Cm25_0	Any	[#6:2]-[#6:1](-[#8]-[#1])(-[#6:3])-[#1:23]>>[#6:2]-[#6:1](-[#6:3])(-[#1:23])-[#1]	Any
EVODEX.2-Cm26_0	Any	[#6:2]-[#6:1](-[#8:20]-[#1])(-[#6:3])-[#1:23]>>[#6:2]-[#6:1](-[#6:3])(-[#1:23])-[#1].[#8:20]=[#8]	Any;Any
EVODEX.2-Cm27_0	Any	[#6:3]-[#6:1](-[#6:4])(-[#1:25])-[#1]>>[#6:3]-[#6:1](-[#8]-[#1])(-[#6:4])-[#1:25]	Any
EVODEX.2-Cm28_0	Any;Any	[#6:3]-[#6:1](-[#6:4])(-[#1:25])-[#1].[#6:13]-[#6:11](=[#8:14])-[#6](=[#8])-[#8]>>[#6:3]-[#6:1](-[#8]-[#1])(-[#6:4])-[#1:25].[#8:14]=[#6:11](-[#8]-[#1])-[#6:13]	Any;Any
EVODEX.2-Cm29_0	Any;Any	[#6:3]-[#16:2]-[#6](=[#8])-[#6].[#6:50]-[#6:1](=[#8:51])-[#8]-[#1]>>[#6:50]-[#6:1](=[#8:51])-[#16:2]-[#6:3]	Any
EVODEX.2-Cm49_0	Any	[#6:43]-[#8:42]-[#6](-[#6])(-[#6])-[#8]>>[#6:43]-[#8:42]-[#1]	Any
EVODEX.2-Cm50_0	Any;Any	[#6:3]-[#6:1](-[#8:121]-[#15:122])(-[#8:4])-[#1:151].[#6:16]-[#8:2]-[#1]>>[#6:16]-[#8:2]-[#6:1](-[#8:4])(-[#6:3])-[#1:151].[#15:122]-[#8:121]-[#1]	Any;Any
EVODEX.2-Cm53_0	Any;Any	[#6:3]-[#6:1](-[#8]-[#1])(-[#6:4])-[#1:83].[#6:53]-[#8:2]-[#1]>>[#6:3]-[#6:1](-[#8:2]-[#6:53])(-[#6:4])-[#1:83]	Any
EVODEX.2-Cm54_0	Any;Any	[#6:3]-[#6:1](-[#8:47]-[#6:48])(-[#6:4])-[#1:85].[#8:2](-[#1])-[#1]>>[#6:3]-[#6:1](-[#8:2]-[#1])(-[#6:4])-[#1:85].[#6:48]-[#8:47]-[#1]	Any;Any
EVODEX.2-Cm55_0	Any	[#6:3]-[#6:1](-[#8:47]-[#6:48])(-[#6:4])-[#1:85]>>[#6:3]-[#6:1](-[#8]-[#1])(-[#6:4])-[#1:85].[#6:48]-[#8:47]-[#1]	Any;Any
EVODEX.2-Cm58_0	Any;Any	[#6:40]-[#8:39]-[#6:1](-[#8:3])(-[#6:4])-[#1:169].[#15:12]-[#8:2]-[#1]>>[#8:3]-[#6:1](-[#8:2]-[#15:12])(-[#6:4])-[#1:169].[#6:40]-[#8:39]-[#1]	Any;Any
EVODEX.2-Cm60_0	Any;Any	[#6:3]-[#6:1](-[#8:67]-[#1])(-[#6:4])-[#1:98].[#6:47]-[#8:2]-[#1]>>[#6:3]-[#6:1](-[#8:2]-[#6:47])(-[#6:4])-[#1:98].[#8:67](-[#1])-[#1]	Any;Any
EVODEX.2-Cm63_0	Any	[#6:22]-[#8:2]-[#1]>>[#6:22]-[#8:2]-[#6](-[#6])(-[#6])-[#8]	Any
EVODEX.2-Cm73_0	Any	[#6:3]-[#6:1](-[#8:118]-[#15:120])(-[#6:4])-[#1:202]>>[#6:3]-[#6:1](-[#8]-[#1])(-[#6:4])-[#1:202].[#8]-[#15](=[#8])(-[#8])-[#8:118]-[#15:120]	Any;Any
EVODEX.2-Cm76_0	Any;Any	[#6:3]-[#6:1](-[#8]-[#1])(-[#1:40])-[#1:41].[#6:19]-[#8:2]-[#1]>>[#6:3]-[#6:1](-[#8:2]-[#6:19])(-[#1:40])-[#1:41]	Any
EVODEX.2-Cm79_0	Any;Any	[#6:3]-[#6:1](-[#8]-[#6])(-[#1:36])-[#1:37].[#8:2](-[#1])-[#1]>>[#6:3]-[#6:1](-[#8:2]-[#1])(-[#1:36])-[#1:37]	Any
EVODEX.2-Cm83_0	Any;Any	[#6:3]-[#6:1](-[#8]-[#1])(-[#6:4])-[#1:70].[#8]-[#15](=[#8])(-[#8])-[#8:2]-[#15:28]>>[#6:3]-[#6:1](-[#8:2]-[#15:28])(-[#6:4])-[#1:70]	Any
EVODEX.2-Cm98_0	Any;Any;Any	[#6:3]-[#16:2]-[#1].[#6:31]-[#6:1](=[#8:32])-[#8]-[#1].[#8]-[#15](=[#8])(-[#8])-[#8:35]-[#15:36]>>[#6:3]-[#16:2]-[#6:1](=[#8:32])-[#6:31].[#15:36]-[#8:35]-[#1]	Any;Any
EVODEX.2-Cm99_0	Any;Any	[#6:31]-[#6:1](=[#8:32])-[#8]-[#1].[#8]-[#15](=[#8])(-[#8])-[#8:35]-[#15:36]>>[#6]-[#16]-[#6:1](=[#8:32])-[#6:31].[#15:36]-[#8:35]-[#1]	Any;Any
EVODEX.2-Cm100_0	Any	[#6:31]-[#6:1](=[#8:32])-[#8:44]-[#1]>>[#6]-[#16]-[#6:1](=[#8:32])-[#6:31].[#8]-[#15](=[#8])(-[#8:44]-[#1])-[#8]	Any;Any
EVODEX.2-Cm108_0	Any;Any	[#6:17]-[#7:16](-[#6:1](=[#8:3])-[#6:4])-[#1].[#8:46]=[#15:23](-[#8:2]-[#1])(-[#8:47])-[#8:48]>>[#6:4]-[#6:1](=[#8:3])-[#8:2]-[#1].[#6:17]-[#7:16](-[#1])-[#1].[#15]-[#8]-[#15:23](=[#8:46])(-[#8:47])-[#8:48]	Any;Any;Any
EVODEX.2-Cm109_0	Any	[#6:50]-[#6:1](=[#8:51])-[#7](-[#6])-[#1]>>[#6:50]-[#6:1](=[#8:51])-[#16]-[#6]	Any
EVODEX.2-Cm110_0	Any	[#6:31]-[#6:1](=[#8:32])-[#7:36](-[#6:37])-[#1]>>[#6]-[#16]-[#6:1](=[#8:32])-[#6:31].[#6:37]-[#7:36](-[#1])-[#1]	Any;Any
EVODEX.2-Cm141_0	Any;Any	[#6:3]-[#6:1](-[#8]-[#1])(-[#1:138])-[#1:139].[#8]-[#15](=[#8])(-[#8])-[#8:2]-[#15:66]>>[#6:3]-[#6:1](-[#8:2]-[#15:66])(-[#1:138])-[#1:139]	Any
EVODEX.2-Cm142_0	Any;Any;Any	[#6:2]-[#6:1](-[#8]-[#1])(-[#6:3])-[#1:28].[#8:17]=[#6:14](-[#8]-[#1])-[#6:18].[#8:16]=[#6:15]=[#8:23]>>[#6:2]-[#6:1](-[#6:3])(-[#1:28])-[#1].[#6:18]-[#6:14](=[#8:17])-[#6:15](=[#8:23])-[#8:16]-[#1]	Any;Any
EVODEX.2-Cm148_0	Any	[#6:3]-[#6:1](=[#8:21])-[#1:51]>>[#6:3]-[#6:1](-[#7](-[#1])-[#1])(-[#1:51])-[#1].[#6]-[#6](=[#8:21])-[#6]	Any;Any
EVODEX.2-Cm150_0	Any	[#6:3]-[#6:1](=[#8:4])-[#8:22]-[#15:24]>>[#6:3]-[#6:1](=[#8:4])-[#8]-[#1].[#8]-[#15](=[#8])(-[#8])-[#8:22]-[#15:24]	Any;Any
EVODEX.2-Cm151_0	Any;Any	[#7:2](-[#6:21](-[#6:23])(-[#6:24])-[#1])(-[#1])-[#1].[#6:3]-[#6:1](=[#8:22])-[#1:54]>>[#6:3]-[#6:1](-[#7:2](-[#1])-[#1])(-[#1:54])-[#1].[#6:23]-[#6:21](=[#8:22])-[#6:24]	Any;Any
EVODEX.2-Cm152_0	Any;Any	[#7:2](-[#6](-[#6])(-[#6])-[#1])(-[#1])-[#1].[#6:3]-[#6:1](=[#8])-[#1:54]>>[#6:3]-[#6:1](-[#7:2](-[#1])-[#1])(-[#1:54])-[#1]	Any
EVODEX.2-Cm154_0	Any	[#6:13]-[#6:11](-[#7:2](-[#1])-[#1])(-[#1:45])-[#1]>>[#7:2](-[#6](-[#6])(-[#6])-[#1])(-[#1])-[#1].[#6:13]-[#6:11](=[#8])-[#1:45]	Any;Any
EVODEX.2-Cm155_0	Any;Any	[#6:13]-[#6:11](-[#7:2](-[#1])-[#1])(-[#1:42])-[#1].[#6:3]-[#6:1](=[#8:12])-[#6:4]>>[#7:2](-[#6:1](-[#6:3])(-[#6:4])-[#1])(-[#1])-[#1].[#6:13]-[#6:11](=[#8:12])-[#1:42]	Any;Any
EVODEX.2-Cm156_0	Any;Any	[#6:13]-[#6:11](-[#7](-[#1])-[#1])(-[#1:42])-[#1].[#6]-[#6](=[#8:12])-[#6]>>[#6:13]-[#6:11](=[#8:12])-[#1:42]	Any
EVODEX.2-Cm157_0	Any	[#6:3]-[#6:1](=[#8:4])-[#8:13]-[#1]>>[#6:3]-[#6:1](=[#8:4])-[#8]-[#6].[#8:13](-[#1])-[#1]	Any;Any
EVODEX.2-Cm163_0	Any;Any	[#6]-[#16]-[#6:30](=[#8:32])-[#6:33].[#6:48]-[#7:31](-[#1])-[#1]>>[#6:48]-[#7:31](-[#6:30](=[#8:32])-[#6:33])-[#1]	Any
EVODEX.2-Cm166_0	Any;Any;Any	[#8:3]=[#6:1](-[#8]-[#1])-[#6:4].[#6:13]-[#7:2](-[#1])-[#1].[#8]-[#15](=[#8])(-[#8])-[#8:23]-[#15:24]>>[#6:13]-[#7:2](-[#6:1](=[#8:3])-[#6:4])-[#1].[#15:24]-[#8:23]-[#1]	Any;Any
EVODEX.2-Cm169_0	Any;Any	[#6:14]-[#7:13](-[#6:1](=[#8:3])-[#6:4])-[#1].[#8]=[#15](-[#8:2]-[#1])(-[#8])-[#8]>>[#8:3]=[#6:1](-[#8:2]-[#1])-[#6:4].[#6:14]-[#7:13](-[#1])-[#1]	Any;Any
EVODEX.2-Cm171_0	Any;Any	[#6:3]-[#6:1](-[#6:4])(-[#1:28])-[#1].[#6:17]-[#6:15](=[#8:18])-[#6:23](=[#8:25])-[#8:24]-[#1]>>[#6:3]-[#6:1](-[#8]-[#1])(-[#6:4])-[#1:28].[#8:18]=[#6:15](-[#8]-[#1])-[#6:17].[#8:24]=[#6:23]=[#8:25]	Any;Any;Any
EVODEX.2-Cm180_0	Any;Any	[#6:3]-[#16:2]-[#1].[#6]-[#6](-[#6:1](=[#8:31])-[#6:32])(-[#1])-[#1]>>[#6:3]-[#16:2]-[#6:1](=[#8:31])-[#6:32]	Any
EVODEX.2-Cm182_0	Any;Any	[#6:3]-[#16:2]-[#1].[#6:31]-[#6:1](=[#8:32])-[#8:42]-[#1]>>[#6:3]-[#16:2]-[#6:1](-[#6:31])=[#8:32].[#8]-[#15](=[#8])(-[#8:42]-[#1])-[#8]	Any;Any
EVODEX.2-Cm186_0	Any	[#6:31]-[#6:1](=[#8:32])-[#8:51]-[#1]>>[#6]-[#16]-[#6:1](=[#8:32])-[#6:31].[#8:51](-[#1])-[#1]	Any;Any
EVODEX.2-Cm188_0	Any	[#6:31]-[#6:1](=[#8:32])-[#8]-[#1]>>[#6]-[#16]-[#6:1](=[#8:32])-[#6:31]	Any
EVODEX.2-Cm197_0	Any;Any	[#6:2]-[#16:1]-[#6:30](=[#8:32])-[#6:33].[#8:63]=[#15:40](-[#8:31]-[#1])(-[#8:64])-[#8:65]>>[#6:2]-[#16:1]-[#1].[#6:33]-[#6:30](=[#8:32])-[#8:31]-[#1].[#15]-[#8]-[#15:40](=[#8:63])(-[#8:64])-[#8:65]	Any;Any;Any
EVODEX.2-Cm199_0	Any;Any	[#6]-[#16]-[#6:30](=[#8:32])-[#6:33].[#8:62]=[#15:39](-[#8:31]-[#1])(-[#8:63])-[#8:64]>>[#6:33]-[#6:30](=[#8:32])-[#8:31]-[#1].[#15]-[#8]-[#15:39](=[#8:62])(-[#8:63])-[#8:64]	Any;Any
EVODEX.2-Cm200_0	Any;Any	[#6]-[#16]-[#6:30](=[#8:32])-[#6:33].[#8]=[#15](-[#8:31]-[#1])(-[#8])-[#8]>>[#6:33]-[#6:30](=[#8:32])-[#8:31]-[#1]	Any
EVODEX.2-Cm201_0	Any	[#6]-[#16]-[#6:30](=[#8:32])-[#6:33]>>[#6:33]-[#6:30](=[#8:32])-[#8]-[#1]	Any
EVODEX.2-Cm207_0	Any;Any	[#6:4]-[#6:1](=[#6:2](-[#6:35])-[#1:70])-[#1:69].[#8:3](-[#1])-[#1]>>[#6:4]-[#6:1](-[#6:2](-[#8:3]-[#1])(-[#6:35])-[#1:70])(-[#1:69])-[#1]	Any
EVODEX.2-Cm210_0	Any	[#6]-[#6](-[#6:1](=[#8:50])-[#6:51])(-[#1])-[#1]>>[#6:51]-[#6:1](=[#8:50])-[#16]-[#6]	Any
EVODEX.2-Cm214_0	Any	[#6:2]-[#16:1]-[#6:30](=[#8:32])-[#6:33]>>[#6:2]-[#16:1]-[#1].[#6]-[#6](-[#6:30](=[#8:32])-[#6:33])(-[#1])-[#1]	Any;Any
EVODEX.2-Cm219_0	Any	[#6]-[#16]-[#6:49](=[#8:51])-[#6:52]>>[#6]-[#6](-[#6:49](=[#8:51])-[#6:52])(-[#1])-[#1]	Any
EVODEX.2-Cm222_0	Any;Any	[#6]-[#16]-[#6:30](=[#8:32])-[#6:33].[#8:31](-[#1])-[#1]>>[#6:33]-[#6:30](=[#8:32])-[#8:31]-[#1]	Any
EVODEX.2-Cm224_0	Any	[#6:3]-[#6:1](-[#6:2](-[#8:41]-[#1])(-[#6:34])-[#1:69])(-[#1:67])-[#1]>>[#6:3]-[#6:1](=[#6:2](-[#6:34])-[#1:69])-[#1:67].[#8:41](-[#1])-[#1]	Any;Any
EVODEX.2-Cm228_0	Any;Any	[#6:2]-[#16:1]-[#6:30](=[#8:32])-[#6:33].[#8]=[#15](-[#8:31]-[#1])(-[#8])-[#8]>>[#6:2]-[#16:1]-[#1].[#6:33]-[#6:30](=[#8:32])-[#8:31]-[#1]	Any;Any
EVODEX.2-Cm239_0	Any	[#6:3]-[#6:1](=[#8:4])-[#8:33]-[#1]>>[#6:3]-[#6:1](=[#8:4])-[#8]-[#15].[#8]=[#15](-[#8:33]-[#1])(-[#8])-[#8]	Any;Any
EVODEX.2-Cm242_0	Any	[#6:3]-[#6:1](-[#8:23]-[#6:24])(-[#1:42])-[#1:43]>>[#6:3]-[#6:1](-[#8]-[#1])(-[#1:42])-[#1:43].[#6:24]-[#8:23]-[#1]	Any;Any
EVODEX.2-Cm244_0	Any;Any	[#6:3]-[#6:1](-[#6:4])(-[#1:58])-[#1].[#6]-[#6](=[#8])-[#6:46](=[#8:48])-[#8:47]-[#1]>>[#6:3]-[#6:1](-[#8]-[#1])(-[#6:4])-[#1:58].[#8:47]=[#6:46]=[#8:48]	Any;Any
EVODEX.2-Cm255_0	Any	[#6:24]-[#8:2]-[#1]>>[#6]-[#6](-[#6])(-[#8:2]-[#6:24])-[#1]	Any
EVODEX.2-Cm263_0	Any	[#6]-[#6](-[#6])(-[#8:24]-[#6:25])-[#1]>>[#6:25]-[#8:24]-[#1]	Any
EVODEX.2-Cm270_0	Any;Any	[#6:3]-[#6:1](=[#8:4])-[#8]-[#15].[#8]-[#15](=[#8])(-[#8:2]-[#1])-[#8]>>[#6:3]-[#6:1](=[#8:4])-[#8:2]-[#1]	Any
EVODEX.2-Cm301_0	Any;Any	[#6:2]-[#6:1](-[#8]-[#1])(-[#6:3])-[#1:53].[#8:28]=[#6:25](-[#8]-[#1])-[#6:29]>>[#6:2]-[#6:1](-[#6:3])(-[#1:53])-[#1].[#6:29]-[#6:25](=[#8:28])-[#6](=[#8])-[#8]	Any;Any
EVODEX.2-Cm303_0	Any;Any	[#6:2]-[#6:1](-[#8]-[#1])(-[#6:3])-[#1:52].[#8:26]=[#6:25]=[#8:33]>>[#6:2]-[#6:1](-[#6:3])(-[#1:52])-[#1].[#6]-[#6](=[#8])-[#6:25](=[#8:33])-[#8:26]-[#1]	Any;Any
EVODEX.2-Cm309_0	Any;Any	[#6:2]-[#6:1](-[#8:77]-[#1])(-[#1:98])-[#1:99].[#8:78](-[#1])-[#1]>>[#6:1](-[#6:2])(-[#1:98])(-[#1:99])-[#1].[#8:77]=[#8:78]	Any;Any
EVODEX.2-Cm310_0	Any	[#6:3]-[#6:1](=[#7:7]-[#1])-[#6:4]>>[#6:3]-[#6:1](=[#8])-[#6:4].[#7:7](-[#1])(-[#1])-[#1]	Any;Any
EVODEX.2-Cm312_0	Any	[#6:10]-[#6:8](-[#6:11])=[#7]-[#8]>>[#6:10]-[#6:8](-[#6:11])=[#8]	Any
EVODEX.2-Cm313_0	Any	[#6:9]-[#6:7](-[#7](-[#1])-[#1])(-[#6:10])-[#1]>>[#6:9]-[#6:7](=[#8])-[#6:10]	Any
EVODEX.2-Cm332_0	Any;Any	[#6:3]-[#6:1](=[#8])-[#6:4].[#7:2](-[#1])(-[#1])-[#1]>>[#6:4]-[#6:1](-[#6:3])(-[#7:2](-[#1])-[#1])-[#1]	Any
EVODEX.2-Cm333_0	Any;Any	[#6:13]-[#6:7]1=[#6:12](-[#7:11](-[#6:16])-[#6:10](=[#6:9](-[#6:8]-1(-[#1:79])-[#1])-[#1:78])-[#1:77])-[#1:54].[#6:3]-[#6:1](=[#8])-[#6:4]>>[#6:3]-[#6:1](-[#7](-[#1])-[#1])(-[#6:4])-[#1].[#6:13]-[#6:7]1:[#6:8](:[#6:9](:[#6:10](:[#7&+:11](-[#6:16]):[#6:12]:1-[#1:54])-[#1:77])-[#1:78])-[#1:79]	Any;Any
EVODEX.2-Cm334_0	Any;Any	[#6:3]-[#6:1](=[#8:58])-[#6:4].[#7:2](-[#1])(-[#1])-[#1]>>[#6:3]-[#6:1](-[#7:2](-[#1])-[#1])(-[#6:4])-[#1].[#8:58](-[#1])-[#1]	Any;Any
EVODEX.2-Cm336_0	Any;Any;Any	[#6:16]-[#6:10]1=[#6:15](-[#7:14](-[#6:19])-[#6:13](=[#6:12](-[#6:11]-1(-[#1:87])-[#1])-[#1:86])-[#1:85])-[#1:61].[#6:3]-[#6:1](=[#8:58])-[#6:4].[#7:2](-[#1])(-[#1])-[#1]>>[#6:3]-[#6:1](-[#7:2](-[#1])-[#1])(-[#6:4])-[#1].[#6:16]-[#6:10]1:[#6:11](:[#6:12](:[#6:13](:[#7&+:14](-[#6:19]):[#6:15]:1-[#1:61])-[#1:85])-[#1:86])-[#1:87].[#8:58](-[#1])-[#1]	Any;Any;Any
EVODEX.2-Cm350_0	Any;Any	[#6:3]-[#6:1](-[#8:20]-[#1])(-[#1:56])-[#1:57].[#8:22]-[#15:21](=[#8:23])(-[#8:24])-[#8:2]-[#15:16]>>[#6:3]-[#6:1](-[#8:2]-[#15:16])(-[#1:56])-[#1:57].[#8:22]-[#15:21](=[#8:23])(-[#8:20]-[#1])-[#8:24]	Any;Any
EVODEX.2-Cm357_0	Any	[#6:3]-[#6:1](-[#8:102]-[#15:104])(-[#1:249])-[#1:250]>>[#6:3]-[#6:1](-[#8]-[#1])(-[#1:249])-[#1:250].[#8]-[#15](=[#8])(-[#8])-[#8:102]-[#15:104]	Any;Any
EVODEX.2-Cm369_0	Any	[#6:3]-[#16:2]-[#6:52](=[#8:54])-[#6:55]>>[#6]-[#6](=[#8])-[#16:2]-[#6:3].[#6:55]-[#6:52](=[#8:54])-[#8]-[#1]	Any;Any
EVODEX.2-Cm370_0	Any;Any	[#6:3]-[#6:1](=[#8:4])-[#8]-[#1].[#8]-[#15](=[#8])(-[#8])-[#8:2]-[#15:5]>>[#6:3]-[#6:1](=[#8:4])-[#8:2]-[#15:5]	Any
EVODEX.2-Cm408_0	Any	[#6]-[#16]-[#6:49](=[#8:51])-[#6:52]>>[#6]-[#7](-[#6:49](=[#8:51])-[#6:52])-[#1]	Any
EVODEX.2-Cm412_0	Any;Any	[#6:3]-[#6:1](-[#8:32]-[#15:34])(-[#1:110])-[#1:111].[#8:38]-[#15:33](=[#8:39])(-[#8:2]-[#1])-[#8:40]>>[#6:3]-[#6:1](-[#8:2]-[#1])(-[#1:110])-[#1:111].[#8:38]-[#15:33](=[#8:39])(-[#8:40])-[#8:32]-[#15:34]	Any;Any
EVODEX.2-Cm422_0	Any;Any;Any	[#6:15]-[#6:9]1=[#6:14](-[#7:13](-[#6:18])-[#6:12](=[#6:11](-[#6:10]-1(-[#1:81])-[#1])-[#1:80])-[#1:79])-[#1:56].[#6:3]-[#6:1](=[#8])-[#6:4].[#7:2](-[#1])(-[#1])-[#1]>>[#6:3]-[#6:1](-[#7:2](-[#1])-[#1])(-[#6:4])-[#1].[#6:15]-[#6:9]1:[#6:10](:[#6:11](:[#6:12](:[#7&+:13](-[#6:18]):[#6:14]:1-[#1:56])-[#1:79])-[#1:80])-[#1:81]	Any;Any
EVODEX.2-Cm423_0	Any;Any	[#6:15]-[#6:9]1=[#6:14](-[#7:13](-[#6:18])-[#6:12](=[#6:11](-[#6:10]-1(-[#1:81])-[#1])-[#1:80])-[#1:79])-[#1:56].[#6:3]-[#6:1](=[#8:53])-[#6:4]>>[#6:3]-[#6:1](-[#7](-[#1])-[#1])(-[#6:4])-[#1].[#6:15]-[#6:9]1:[#6:10](:[#6:11](:[#6:12](:[#7&+:13](-[#6:18]):[#6:14]:1-[#1:56])-[#1:79])-[#1:80])-[#1:81].[#8:53](-[#1])-[#1]	Any;Any;Any
EVODEX.2-Cm432_0	Any;Any;Any	[#6:47]-[#6:45](-[#7:53](-[#1])-[#1])(-[#6:48])-[#1].[#6:7]-[#6:1]1:[#6:6](:[#6:5](:[#6:4](:[#7&+:3](-[#6:10]):[#6:2]:1-[#1:92])-[#1:69])-[#1:68])-[#1:67].[#8:46](-[#1])-[#1]>>[#6:7]-[#6:1]1=[#6:2](-[#7:3](-[#6:10])-[#6:4](=[#6:5](-[#6:6]-1(-[#1:67])-[#1])-[#1:68])-[#1:69])-[#1:92].[#6:47]-[#6:45](=[#8:46])-[#6:48].[#7:53](-[#1])(-[#1])-[#1]	Any;Any;Any
EVODEX.2-Cm433_0	Any;Any;Any	[#6:47]-[#6:45](-[#7](-[#1])-[#1])(-[#6:48])-[#1].[#6:7]-[#6:1]1:[#6:6](:[#6:5](:[#6:4](:[#7&+:3](-[#6:10]):[#6:2]:1-[#1:92])-[#1:69])-[#1:68])-[#1:67].[#8:46](-[#1])-[#1]>>[#6:7]-[#6:1]1=[#6:2](-[#7:3](-[#6:10])-[#6:4](=[#6:5](-[#6:6]-1(-[#1:67])-[#1])-[#1:68])-[#1:69])-[#1:92].[#6:47]-[#6:45](=[#8:46])-[#6:48]	Any;Any
EVODEX.2-Cm434_0	Any;Any	[#6:47]-[#6:45](-[#7](-[#1])-[#1])(-[#6:48])-[#1].[#6:7]-[#6:1]1:[#6:6](:[#6:5](:[#6:4](:[#7&+:3](-[#6:10]):[#6:2]:1-[#1:92])-[#1:69])-[#1:68])-[#1:67]>>[#6:7]-[#6:1]1=[#6:2](-[#7:3](-[#6:10])-[#6:4](=[#6:5](-[#6:6]-1(-[#1:67])-[#1])-[#1:68])-[#1:69])-[#1:92].[#6:47]-[#6:45](=[#8])-[#6:48]	Any;Any
EVODEX.2-Cm436_0	Any;Any	[#6:47]-[#6:45](-[#7:52](-[#1])-[#1])(-[#6:48])-[#1].[#6:7]-[#6:1]1:[#6:6](:[#6:5](:[#6:4](:[#7&+:3](-[#6:10]):[#6:2]:1-[#1:93])-[#1:70])-[#1:69])-[#1:68]>>[#6:7]-[#6:1]1=[#6:2](-[#7:3](-[#6:10])-[#6:4](=[#6:5](-[#6:6]-1(-[#1:68])-[#1])-[#1:69])-[#1:70])-[#1:93].[#6:47]-[#6:45](=[#8])-[#6:48].[#7:52](-[#1])(-[#1])-[#1]	Any;Any;Any
EVODEX.2-Cm446_0	Any;Any;Any	[#6:3]-[#6:1](-[#6:4])(-[#1:74])-[#1].[#6:58]-[#6:56](=[#8:59])-[#6:64](=[#8:66])-[#8:65]-[#1].[#8:2]=[#8:57]>>[#6:3]-[#6:1](-[#8:2]-[#1])(-[#6:4])-[#1:74].[#8:59]=[#6:56](-[#8:57]-[#1])-[#6:58].[#8:65]=[#6:64]=[#8:66]	Any;Any;Any
EVODEX.2-Cm447_0	Any	[#6:3]-[#6:1](=[#8])-[#6:4]>>[#6:3]-[#6:1](-[#7](-[#1])-[#1])(-[#6:4])-[#1]	Any
EVODEX.2-Cm450_0	Any;Any;Any	[#6:3]-[#6:1](-[#6:4])(-[#1:119])-[#1].[#6]-[#6](=[#8])-[#6:79](=[#8:81])-[#8:80]-[#1].[#8:2]=[#8]>>[#6:3]-[#6:1](-[#8:2]-[#1])(-[#6:4])-[#1:119].[#8:80]=[#6:79]=[#8:81]	Any;Any
EVODEX.2-Cm471_0	Any;Any	[#6:47]-[#6:45](-[#7:53](-[#1])-[#1])(-[#6:48])-[#1].[#8:46](-[#1])-[#1]>>[#6:47]-[#6:45](=[#8:46])-[#6:48].[#7:53](-[#1])(-[#1])-[#1]	Any;Any
EVODEX.2-Cm495_0	Any	[#6:3]-[#6:1](=[#8:56])-[#6:4]>>[#6:3]-[#6:1](-[#7](-[#1])-[#1])(-[#6:4])-[#1].[#8:56](-[#1])-[#1]	Any;Any
EVODEX.2-Cm503_0	Any;Any	[#6:3]-[#6:1](=[#8:4])-[#8:28]-[#1].[#6:15]-[#7:2](-[#1])-[#1]>>[#6:15]-[#7:2](-[#6:1](=[#8:4])-[#6:3])-[#1].[#8]-[#15](=[#8])(-[#8:28]-[#1])-[#8]	Any;Any
EVODEX.2-Cm521_0	Any;Any;Any	[#6:3]-[#6:1](-[#6:4])(-[#1:71])-[#1].[#6:57]-[#6:55](=[#8:58])-[#6](=[#8])-[#8].[#8:2]=[#8:56]>>[#6:3]-[#6:1](-[#8:2]-[#1])(-[#6:4])-[#1:71].[#8:58]=[#6:55](-[#8:56]-[#1])-[#6:57]	Any;Any
EVODEX.2-Cm184_0	Any;Any	[#6:31]-[#6:1](=[#8:32])-[#8:44]-[#1].[#8:46]-[#15:45](=[#8:47])(-[#8:48])-[#8:35]-[#15:36]>>[#6]-[#16]-[#6:1](=[#8:32])-[#6:31].[#15:36]-[#8:35]-[#1].[#8:46]-[#15:45](=[#8:47])(-[#8:44]-[#1])-[#8:48]	Any;Any;Any
EVODEX.2-Cm202_0	Any;Any;Any	[#6]-[#16]-[#6:30](=[#8:32])-[#6:33].[#15:44]-[#8:42]-[#1].[#8:66]=[#15:43](-[#8:31]-[#1])(-[#8:67])-[#8:68]>>[#6:33]-[#6:30](=[#8:32])-[#8:31]-[#1].[#15:44]-[#8:42]-[#15:43](=[#8:66])(-[#8:67])-[#8:68]	Any;Any
EVODEX.2-Cm192_0	Any;Any;Any	[#6:3]-[#16:2]-[#1].[#6:31]-[#6:1](=[#8:32])-[#8:54]-[#1].[#8:56]-[#15:55](=[#8:57])(-[#8:58])-[#8]-[#15]>>[#6:3]-[#16:2]-[#6:1](=[#8:32])-[#6:31].[#8:56]-[#15:55](=[#8:57])(-[#8:54]-[#1])-[#8:58]	Any;Any
EVODEX.2-Cm205_0	Any	[#6:3]-[#6:1](=[#6:2](-[#6:34])-[#1:134])-[#1:133]>>[#6:3]-[#6:1](-[#6:2](-[#6:34])(-[#1:134])-[#1])(-[#1:133])-[#1]	Any
EVODEX.2-Cm482_0	Any;Any;Any	[#6:3]-[#6:1](=[#8:4])-[#8:68]-[#1].[#7:2](-[#6:54])(-[#1])-[#1].[#8:70]-[#15:69](=[#8:71])(-[#8:72])-[#8]-[#15]>>[#6:3]-[#6:1](=[#8:4])-[#7:2](-[#6:54])-[#1].[#8:70]-[#15:69](=[#8:71])(-[#8:68]-[#1])-[#8:72]	Any;Any
EVODEX.2-Cm508_0	Any;Any	[#6:12]-[#7:11](-[#6:1](=[#8:3])-[#6:4])-[#1].[#15:20]-[#8:18]-[#1]>>[#6:4]-[#6:1](=[#8:3])-[#8]-[#1].[#6:12]-[#7:11](-[#1])-[#1].[#15:20]-[#8:18]-[#15](=[#8])(-[#8])-[#8]	Any;Any;Any
EVODEX.2-Cm562_0	Any;Any;Any	[#6:8]-[#7:7](-[#6](=[#8])-[#6])-[#1].[#15:21]-[#8:19]-[#1].[#8:47]=[#15:20](-[#8]-[#1])(-[#8:48])-[#8:49]>>[#6:8]-[#7:7](-[#1])-[#1].[#15:21]-[#8:19]-[#15:20](=[#8:47])(-[#8:48])-[#8:49]	Any;Any
EVODEX.2-Cm70_0	Any	[#8]-[#15](=[#8])(-[#8])-[#8:33]-[#15:34]>>[#15:34]-[#8:33]-[#1]	Any
EVODEX.2-Cm86_0	Any;Any	[#6:3]-[#6:1](-[#8:40]-[#1])(-[#6:4])-[#1:76].[#8:42]-[#15:41](=[#8:43])(-[#8:44])-[#8:2]-[#15:36]>>[#6:4]-[#6:1](-[#8:2]-[#15:36])(-[#6:3])-[#1:76].[#8:42]-[#15:41](=[#8:43])(-[#8:40]-[#1])-[#8:44]	Any;Any
EVODEX.2-Cm204_0	Any;Any	[#6:2]-[#16:1]-[#6:30](=[#8:32])-[#6:33].[#15:47]-[#8:45]-[#1]>>[#6:2]-[#16:1]-[#1].[#6:33]-[#6:30](=[#8:32])-[#8]-[#1].[#15:47]-[#8:45]-[#15](=[#8])(-[#8])-[#8]	Any;Any;Any
EVODEX.2-Cm208_0	Any;Any	[#6:51]-[#6:45]1=[#6:50](-[#7:49](-[#6:54])-[#6:48](=[#6:47](-[#6:46]-1(-[#1:121])-[#1])-[#1:120])-[#1:119])-[#1:95].[#6:3]-[#6:1](=[#6:2](-[#6:34])-[#1:149])-[#1:148]>>[#6:3]-[#6:1](-[#6:2](-[#6:34])(-[#1:149])-[#1])(-[#1:148])-[#1].[#6:51]-[#6:45]1:[#6:46](:[#6:47](:[#6:48](:[#7&+:49](-[#6:54]):[#6:50]:1-[#1:95])-[#1:119])-[#1:120])-[#1:121]	Any;Any
EVODEX.2-Cm1_0	Any;Any	[#6:19]-[#8:18]-[#6:1](=[#8:3])-[#6:4].[#6:13]-[#7:2](-[#1])-[#1]>>[#6:13]-[#7:2](-[#6:1](=[#8:3])-[#6:4])-[#1].[#6:19]-[#8:18]-[#1]	Any;Any
EVODEX.2-Cm2_0	Any;Any	[#6:36]-[#7:35](-[#6:1](=[#8:3])-[#6:4])-[#1].[#6:13]-[#8:2]-[#1]>>[#6:13]-[#8:2]-[#6:1](=[#8:3])-[#6:4].[#6:36]-[#7:35](-[#1])-[#1]	Any;Any
EVODEX.2-Cm3_0	Any	[#7:2](-[#6:7](-[#6:9])(-[#6:10])-[#1])(-[#1])-[#1]>>[#0]-[#6](-[#7:2](-[#1])-[#1])(-[#6])-[#1].[#6:9]-[#6:7](=[#8])-[#6:10]	Any;Any
EVODEX.2-Cm4_0	Any;Any;Any	[#6:3]-[#16:2]-[#6:4].[#6:30]-[#16:29]-[#6:31].[#6:56]-[#7:55](-[#6:1](-[#1:105])(-[#1:106])-[#1:107])-[#6:28](-[#1:108])(-[#1:109])-[#1:110]>>[#6:1](-[#16&+:2](-[#6:4])-[#6:3])(-[#1:105])(-[#1:106])-[#1:107].[#6:28](-[#16&+:29](-[#6:31])-[#6:30])(-[#1:108])(-[#1:109])-[#1:110].[#6:56]-[#7:55](-[#1])-[#1]	Any;Any;Any
EVODEX.2-Cm5_0	Any;Any;Any	[#6:53](-[#16&+](-[#6])-[#6])(-[#1:61])(-[#1:62])-[#1:63].[#6:55](-[#16&+](-[#6])-[#6])(-[#1:84])(-[#1:85])-[#1:86].[#6:56]-[#7:54](-[#1])-[#1]>>[#6:56]-[#7:54](-[#6:53](-[#1:61])(-[#1:62])-[#1:63])-[#6:55](-[#1:84])(-[#1:85])-[#1:86]	Any
EVODEX.2-Cm6_0	Any	[#6:56]-[#7:54](-[#1])-[#1]>>[#6:56]-[#7:54](-[#6](-[#1])(-[#1])-[#1])-[#6](-[#1])(-[#1])-[#1]	Any
EVODEX.2-Cm9_0	Any	[#6:29]-[#7:28](-[#6:1](-[#1:93])(-[#1:94])-[#1:95])-[#6:30]>>[#6:1](-[#16&+](-[#6])-[#6])(-[#1:93])(-[#1:94])-[#1:95].[#6:29]-[#7:28](-[#6:30])-[#1]	Any;Any
EVODEX.2-Cm10_0	Any;Any	[#6:3]-[#16:2]-[#6:4].[#6:29]-[#7:28](-[#6:1](-[#1:94])(-[#1:95])-[#1:96])-[#6:30]>>[#6:1](-[#16&+:2](-[#6:4])-[#6:3])(-[#1:94])(-[#1:95])-[#1:96].[#6:29]-[#7:28](-[#6:30])-[#1]	Any;Any
EVODEX.2-Cm11_0	Any	[#6:29]-[#7:28](-[#6](-[#1])(-[#1])-[#1])-[#6:30]>>[#6:29]-[#7:28](-[#6:30])-[#1]	Any
EVODEX.2-Cm12_0	Any;Any	[#6:27](-[#16&+](-[#6])-[#6])(-[#1:50])(-[#1:51])-[#1:52].[#6:29]-[#7:28](-[#1])-[#1]>>[#6:29]-[#7:28](-[#6:27](-[#1:50])(-[#1:51])-[#1:52])-[#1]	Any
EVODEX.2-Cm13_0	Any;Any	[#6:27](-[#16&+:1](-[#6:2])-[#6:3])(-[#1:51])(-[#1:52])-[#1:53].[#6:29]-[#7:28](-[#6:30])-[#1]>>[#6:3]-[#16:1]-[#6:2].[#6:29]-[#7:28](-[#6:27](-[#1:51])(-[#1:52])-[#1:53])-[#6:30]	Any;Any
EVODEX.2-Cm14_0	Any;Any	[#6:27](-[#16&+](-[#6])-[#6])(-[#1:51])(-[#1:52])-[#1:53].[#6:29]-[#7:28](-[#6:30])-[#1]>>[#6:29]-[#7:28](-[#6:27](-[#1:51])(-[#1:52])-[#1:53])-[#6:30]	Any
EVODEX.2-Cm15_0	Any	[#6:29]-[#7:28](-[#6](-[#1])(-[#1])-[#1])-[#1]>>[#6:29]-[#7:28](-[#1])-[#1]	Any
EVODEX.2-Cm16_0	Any;Any	[#6:3]-[#16:2]-[#1].[#6:53]-[#7:52](-[#6:1](-[#6:50])=[#8:51])-[#1]>>[#6:50]-[#6:1](=[#8:51])-[#16:2]-[#6:3].[#6:53]-[#7:52](-[#1])-[#1]	Any;Any
EVODEX.2-Cm17_0	Any	[#6:3]-[#6:1](-[#7](-[#1])-[#1])=[#8:4]>>[#6:3]-[#6:1](=[#8:4])-[#8]-[#1]	Any
EVODEX.2-Cm18_0	Any	[#6:3]-[#6:1](=[#8:4])-[#8:11]-[#1]>>[#6:3]-[#6:1](-[#7](-[#1])-[#1])=[#8:4].[#8:11](-[#1])-[#1]	Any;Any
EVODEX.2-Cm30_0	Any	[#6:50]-[#6:1](=[#8:51])-[#8:56]-[#1]>>[#6:50]-[#6:1](=[#8:51])-[#16]-[#6].[#8]=[#6](-[#8:56]-[#1])-[#6]	Any;Any
EVODEX.2-Cm31_0	Any;Any	[#6:3]-[#6:1](=[#8:4])-[#8:11]-[#1].[#6:7]-[#7:2](-[#1])-[#1]>>[#6:3]-[#6:1](=[#8:4])-[#7:2](-[#6:7])-[#1].[#8:11](-[#1])-[#1]	Any;Any
EVODEX.2-Cm32_0	Any	[#0]-[#6](=[#8])-[#7:5](-[#6:6])-[#1]>>[#6:6]-[#7:5](-[#1])-[#1]	Any
EVODEX.2-Cm33_0	Any	[#0:3]-[#6:1](=[#8:4])-[#7:5](-[#6:6])-[#1]>>[#0:3]-[#6:1](=[#8:4])-[#8]-[#1].[#6:6]-[#7:5](-[#1])-[#1]	Any;Any
EVODEX.2-Cm34_0	Any;Any	[#0:3]-[#6:1](=[#8:4])-[#7:5](-[#6:6])-[#1].[#8:2](-[#1])-[#1]>>[#0:3]-[#6:1](=[#8:4])-[#8:2]-[#1].[#6:6]-[#7:5](-[#1])-[#1]	Any;Any
EVODEX.2-Cm35_0	Any	[#6:3]-[#6:1](-[#8:30]-[#1])(-[#1:59])-[#1:60]>>[#6:3]-[#6:1](-[#8]-[#15])(-[#1:59])-[#1:60].[#8]-[#15](=[#8])(-[#8:30]-[#1])-[#8]	Any;Any
EVODEX.2-Cm36_0	Any;Any	[#6:3]-[#6:1](-[#8]-[#1])(-[#1:60])-[#1:61].[#8]=[#15](-[#8:2]-[#1])(-[#8])-[#8]>>[#6:3]-[#6:1](-[#8:2]-[#1])(-[#1:60])-[#1:61]	Any
EVODEX.2-Cm37_0	Any	[#6:3]-[#6:1](-[#8:22]-[#1])(-[#1:60])-[#1:61]>>[#6:3]-[#6:1](-[#8]-[#1])(-[#1:60])-[#1:61].[#8:22](-[#1])-[#1]	Any;Any
EVODEX.2-Cm38_0	Any;Any	[#6:3]-[#6:1](-[#8]-[#1])(-[#1:60])-[#1:61].[#8:51]=[#15:24](-[#8:2]-[#1])(-[#8:52])-[#8:53]>>[#6:3]-[#6:1](-[#8:2]-[#1])(-[#1:60])-[#1:61].[#15]-[#8]-[#15:24](=[#8:51])(-[#8:52])-[#8:53]	Any;Any
EVODEX.2-Cm40_0	Any;Any;Any	[#6:3]-[#6:1](-[#8]-[#1])(-[#1:60])-[#1:61].[#8:2](-[#1])-[#1].[#8]-[#15](=[#8])(-[#8])-[#8:22]-[#15:23]>>[#6:3]-[#6:1](-[#8:2]-[#1])(-[#1:60])-[#1:61].[#15:23]-[#8:22]-[#1]	Any;Any
EVODEX.2-Cm43_0	Any;Any	[#6:43]-[#8:42]-[#6:1](-[#6:3])(-[#6:4])-[#8:5].[#15:22]-[#8:2]-[#1]>>[#6:4]-[#6:1](-[#8:2]-[#15:22])(-[#6:3])-[#8:5].[#6:43]-[#8:42]-[#1]	Any;Any
EVODEX.2-Cm44_0	Any;Any	[#6:3]-[#6:1](-[#8:36]-[#16:38])(-[#6:4])-[#1:78].[#8:42]-[#15:37](=[#8:43])(-[#8:2]-[#1])-[#8:44]>>[#6:3]-[#6:1](-[#8:2]-[#1])(-[#6:4])-[#1:78].[#8:42]-[#15:37](=[#8:43])(-[#8:44])-[#8:36]-[#16:38]	Any;Any
EVODEX.2-Cm47_0	Any	[#6:5](-[#6:4]-[#8:3]-[#1])-[#8:1]-[#6:2](-[#6:88])=[#8:89]>>[#6:5](-[#8:1]-[#1])-[#6:4]-[#8:3]-[#6:2](-[#6:88])=[#8:89]	Any
EVODEX.2-Cm48_0	Any	[#6:5]-[#6:1](-[#6:3](-[#8:84])(-[#6:2](-[#6:4](-[#8:89])(-[#1:139])-[#1:140])(-[#8:85])-[#1:138])-[#1:136])(-[#8:6])-[#1:135]>>[#6:5]-[#6:1](-[#6:2](-[#8:85])(-[#6:3](-[#8:84])(-[#6:4](-[#8:89])(-[#1:139])-[#1:140])-[#1:136])-[#1:138])(-[#8:6])-[#1:135]	Any
EVODEX.2-Cm61_0	Any	[#6:43]-[#8:42]-[#6:1](-[#6:3])(-[#6:4])-[#8:5]>>[#6:4]-[#6:1](-[#8]-[#15])(-[#6:3])-[#8:5].[#6:43]-[#8:42]-[#1]	Any;Any
EVODEX.2-Cm62_0	Any;Any	[#6:3]-[#6:1](-[#8:172]-[#15:173])(-[#6:4])-[#8:5].[#6:22]-[#8:2]-[#1]>>[#6:22]-[#8:2]-[#6:1](-[#6:4])(-[#6:3])-[#8:5].[#15:173]-[#8:172]-[#1]	Any;Any
EVODEX.2-Cm64_0	Any;Any	[#6:3]-[#6:1](-[#8]-[#15])(-[#6:4])-[#8:5].[#6:22]-[#8:2]-[#1]>>[#6:22]-[#8:2]-[#6:1](-[#6:4])(-[#6:3])-[#8:5]	Any
EVODEX.2-Cm65_0	Any;Any	[#6:3]-[#6:1](-[#8]-[#1])(-[#1:27])-[#1:28].[#15:8]-[#8:2]-[#1]>>[#6:3]-[#6:1](-[#8:2]-[#15:8])(-[#1:27])-[#1:28]	Any
EVODEX.2-Cm66_0	Any;Any	[#0:3]-[#6:1](=[#8:4])-[#8]-[#1].[#6:5]-[#8:2]-[#1]>>[#0:3]-[#6:1](=[#8:4])-[#8:2]-[#6:5]	Any
EVODEX.2-Cm67_0	Any;Any	[#0:3]-[#6:1](=[#8:4])-[#8:23]-[#1].[#6:5]-[#8:2]-[#1]>>[#0:3]-[#6:1](=[#8:4])-[#8:2]-[#6:5].[#8:23](-[#1])-[#1]	Any;Any
EVODEX.2-Cm68_0	Any;Any	[#0:3]-[#6:1](=[#8:4])-[#8:44]-[#1].[#6:5]-[#7:2](-[#1])-[#1]>>[#0:3]-[#6:1](=[#8:4])-[#7:2](-[#6:5])-[#1].[#8:44](-[#1])-[#1]	Any;Any
EVODEX.2-Cm69_0	Any	[#6:5]-[#7:2](-[#1])-[#1]>>[#0]-[#6](=[#8])-[#7:2](-[#6:5])-[#1]	Any
EVODEX.2-Cm71_0	Any;Any	[#0:3]-[#6:1](=[#8:4])-[#8]-[#1].[#6:5]-[#7:2](-[#1])-[#1]>>[#0:3]-[#6:1](=[#8:4])-[#7:2](-[#6:5])-[#1]	Any
EVODEX.2-Cm72_0	Any	[#6:5]-[#8:2]-[#1]>>[#0]-[#6](=[#8])-[#8:2]-[#6:5]	Any
EVODEX.2-Cm74_0	Any;Any	[#0:3]-[#6:1](=[#8:4])-[#8:5]-[#6:6].[#8:2](-[#1])-[#1]>>[#0:3]-[#6:1](=[#8:4])-[#8:2]-[#1].[#6:6]-[#8:5]-[#1]	Any;Any
EVODEX.2-Cm78_0	Any	[#0:3]-[#6:1](=[#8:4])-[#8:5]-[#6:6]>>[#0:3]-[#6:1](=[#8:4])-[#8]-[#1].[#6:6]-[#8:5]-[#1]	Any;Any
EVODEX.2-Cm80_0	Any;Any	[#6:3]-[#16:2]-[#1].[#0:50]-[#6:1](=[#8:51])-[#8:52]-[#6:53]>>[#0:50]-[#6:1](=[#8:51])-[#16:2]-[#6:3].[#6:53]-[#8:52]-[#1]	Any;Any
EVODEX.2-Cm81_0	Any	[#0]-[#6](=[#8])-[#8:52]-[#6:53]>>[#6:53]-[#8:52]-[#1]	Any
EVODEX.2-Cm82_0	Any	[#0:50]-[#6:1](=[#8:51])-[#8:52]-[#6:53]>>[#0:50]-[#6:1](=[#8:51])-[#16]-[#6].[#6:53]-[#8:52]-[#1]	Any;Any
EVODEX.2-Cm84_0	Any;Any	[#6:3]-[#6:1](-[#8:28]-[#15:29])(-[#6:4])-[#1:46].[#8:2](-[#1])-[#1]>>[#6:4]-[#6:1](-[#8:2]-[#1])(-[#6:3])-[#1:46].[#15:29]-[#8:28]-[#1]	Any;Any
EVODEX.2-Cm85_0	Any;Any	[#6:3]-[#6:1](-[#8:28]-[#15:30])(-[#6:4])-[#1:70].[#8:34]-[#15:29](=[#8:35])(-[#8:2]-[#1])-[#8:36]>>[#6:3]-[#6:1](-[#8:2]-[#1])(-[#6:4])-[#1:70].[#8:34]-[#15:29](=[#8:35])(-[#8:36])-[#8:28]-[#15:30]	Any;Any
EVODEX.2-Cm87_0	Any	[#6:3]-[#6:1](-[#8:40]-[#1])(-[#6:4])-[#1:76]>>[#6:4]-[#6:1](-[#8]-[#15])(-[#6:3])-[#1:76].[#8]-[#15](=[#8])(-[#8:40]-[#1])-[#8]	Any;Any
EVODEX.2-Cm88_0	Any;Any	[#0:3]-[#6:1](=[#8:4])-[#8:28]-[#6:29].[#6:5]-[#8:2]-[#1]>>[#0:3]-[#6:1](=[#8:4])-[#8:2]-[#6:5].[#6:29]-[#8:28]-[#1]	Any;Any
EVODEX.2-Cm89_0	Any;Any	[#6:3]-[#6:1](-[#8]-[#1])(-[#6:4])-[#1:62].[#8]=[#15](-[#8:2]-[#1])(-[#8])-[#8]>>[#6:3]-[#6:1](-[#8:2]-[#1])(-[#6:4])-[#1:62]	Any
EVODEX.2-Cm90_0	Any	[#6:3]-[#6:1](-[#8:22]-[#1])(-[#6:4])-[#1:62]>>[#6:3]-[#6:1](-[#8]-[#1])(-[#6:4])-[#1:62].[#8:22](-[#1])-[#1]	Any;Any
EVODEX.2-Cm91_0	Any;Any	[#6:3]-[#6:1](-[#8:22]-[#1])(-[#6:4])-[#1:62].[#8]=[#15](-[#8:2]-[#1])(-[#8])-[#8]>>[#6:3]-[#6:1](-[#8:2]-[#1])(-[#6:4])-[#1:62].[#8:22](-[#1])-[#1]	Any;Any
EVODEX.2-Cm92_0	Any;Any	[#6:3]-[#6:1](-[#8]-[#1])(-[#6:4])-[#1:62].[#8:51]=[#15:24](-[#8:2]-[#1])(-[#8:52])-[#8:53]>>[#6:3]-[#6:1](-[#8:2]-[#1])(-[#6:4])-[#1:62].[#15]-[#8]-[#15:24](=[#8:51])(-[#8:52])-[#8:53]	Any;Any
EVODEX.2-Cm93_0	Any;Any;Any	[#6:3]-[#6:1](-[#8]-[#1])(-[#6:4])-[#1:62].[#8:2](-[#1])-[#1].[#8]-[#15](=[#8])(-[#8])-[#8:22]-[#15:23]>>[#6:3]-[#6:1](-[#8:2]-[#1])(-[#6:4])-[#1:62].[#15:23]-[#8:22]-[#1]	Any;Any
EVODEX.2-Cm94_0	Any;Any	[#0:51]-[#6:49](=[#8:52])-[#16:1]-[#6:2].[#6:53]-[#8:50]-[#1]>>[#6:2]-[#16:1]-[#1].[#0:51]-[#6:49](=[#8:52])-[#8:50]-[#6:53]	Any;Any
EVODEX.2-Cm95_0	Any;Any	[#0:51]-[#6:49](=[#8:52])-[#16]-[#6].[#6:53]-[#8:50]-[#1]>>[#6:53]-[#8:50]-[#6:49](-[#0:51])=[#8:52]	Any
EVODEX.2-Cm96_0	Any	[#6:3]-[#6:1](=[#8:4])-[#1]>>[#6:3]-[#6:1](=[#8:4])-[#8]-[#1]	Any
EVODEX.2-Cm103_0	Any;Any	[#6:3]-[#6:1](=[#8:4])-[#8:7]-[#1].[#8:36]=[#15:9](-[#8:2]-[#1])(-[#8:37])-[#8:38]>>[#6:3]-[#6:1](=[#8:4])-[#8:2]-[#1].[#8:7](-[#1])-[#1].[#15]-[#8]-[#15:9](=[#8:36])(-[#8:37])-[#8:38]	Any;Any;Any
EVODEX.2-Cm104_0	Any;Any;Any	[#6:3]-[#6:1](=[#8:4])-[#8]-[#1].[#15:10]-[#8:8]-[#1].[#8:36]=[#15:9](-[#8:2]-[#1])(-[#8:37])-[#8:38]>>[#6:3]-[#6:1](=[#8:4])-[#8:2]-[#1].[#15:10]-[#8:8]-[#15:9](=[#8:36])(-[#8:37])-[#8:38]	Any;Any
EVODEX.2-Cm105_0	Any;Any	[#6:3]-[#6:1](=[#8:4])-[#8:7]-[#1].[#8]=[#15](-[#8:2]-[#1])(-[#8])-[#8]>>[#6:3]-[#6:1](=[#8:4])-[#8:2]-[#1].[#8:7](-[#1])-[#1]	Any;Any
EVODEX.2-Cm113_0	Any;Any	[#6:3]-[#6:1](-[#8]-[#1])(-[#6:4])-[#1:22].[#15:14]-[#8:2]-[#1]>>[#6:3]-[#6:1](-[#8:2]-[#15:14])(-[#6:4])-[#1:22]	Any
EVODEX.2-Cm114_0	Any	[#6:3]-[#6:1](-[#8:18]-[#1])(-[#6:4])-[#1:22]>>[#6:3]-[#6:1](-[#8]-[#15])(-[#6:4])-[#1:22].[#8:18](-[#1])-[#1]	Any;Any
EVODEX.2-Cm116_0	Any;Any	[#6:1](=[#6:2](-[#8:3]-[#15:8](=[#8:9])(-[#8:10])-[#8:11])-[#6:4])(-[#1:28])-[#1:29].[#15:12]-[#8:7]-[#1]>>[#6:1](-[#6:2](=[#8:3])-[#6:4])(-[#1:28])(-[#1:29])-[#1].[#15:12]-[#8:7]-[#15:8](=[#8:9])(-[#8:10])-[#8:11]	Any;Any
EVODEX.2-Cm117_0	Any;Any	[#6]-[#8]-[#15:8](=[#8:9])(-[#8:10])-[#8:11].[#15:12]-[#8:7]-[#1]>>[#15:12]-[#8:7]-[#15:8](=[#8:9])(-[#8:10])-[#8:11]	Any
EVODEX.2-Cm118_0	Any;Any	[#6:3]-[#6:1](-[#8:14]-[#15:16])(-[#1:52])-[#1:53].[#8:24]-[#15:15](=[#8:25])(-[#8:26])-[#8:2]-[#15:10]>>[#6:3]-[#6:1](-[#8:2]-[#15:10])(-[#1:52])-[#1:53].[#8:24]-[#15:15](=[#8:25])(-[#8:26])-[#8:14]-[#15:16]	Any;Any
EVODEX.2-Cm119_0	Any;Any	[#15:30]-[#8:28]-[#1].[#15]-[#8]-[#15:29](=[#8:46])(-[#8:47])-[#8:48]>>[#15:30]-[#8:28]-[#15:29](=[#8:46])(-[#8:47])-[#8:48]	Any
EVODEX.2-Cm120_0	Any	[#15:2]-[#8:1]-[#15:19](=[#8:46])(-[#8:47])-[#8:48]>>[#15:2]-[#8:1]-[#1].[#15]-[#8]-[#15:19](=[#8:46])(-[#8:47])-[#8:48]	Any;Any
EVODEX.2-Cm121_0	Any	[#6:3]-[#6:1](-[#8:14]-[#15:15])(-[#6:4])-[#1:41]>>[#6:3]-[#6:1](-[#8]-[#1])(-[#6:4])-[#1:41].[#15:15]-[#8:14]-[#1]	Any;Any
EVODEX.2-Cm122_0	Any;Any	[#6:2]-[#6:1](=[#8:3])-[#8]-[#1].[#6:31]-[#6:25]1:[#6:30](:[#6:29](:[#6:28](:[#7&+:27](-[#6:34]):[#6:26]:1-[#1:131])-[#1:108])-[#1:107])-[#1:106]>>[#6:2]-[#6:1](=[#8:3])-[#1].[#6:31]-[#6:25]1=[#6:26](-[#7:27](-[#6:34])-[#6:28](=[#6:29](-[#6:30]-1(-[#1:106])-[#1])-[#1:107])-[#1:108])-[#1:131]	Any;Any
EVODEX.2-Cm123_0	Any;Any;Any	[#6:2]-[#6:1](-[#8:68]-[#1])(-[#1:85])-[#1:86].[#6:30]-[#6:24]1:[#6:29](:[#6:28](:[#6:27](:[#7&+:26](-[#6:33]):[#6:25]:1-[#1:132])-[#1:109])-[#1:108])-[#1:107].[#8:69](-[#1])-[#1]>>[#6:2]-[#6:1](-[#1:85])(-[#1:86])-[#1].[#6:30]-[#6:24]1=[#6:25](-[#7:26](-[#6:33])-[#6:27](=[#6:28](-[#6:29]-1(-[#1:107])-[#1])-[#1:108])-[#1:109])-[#1:132].[#8:68]=[#8:69]	Any;Any;Any
EVODEX.2-Cm124_0	Any;Any	[#6:2]-[#6:1](-[#8:68]-[#1])(-[#1:85])-[#1:86].[#6:30]-[#6:24]1:[#6:29](:[#6:28](:[#6:27](:[#7&+:26](-[#6:33]):[#6:25]:1-[#1:132])-[#1:109])-[#1:108])-[#1:107]>>[#6:2]-[#6:1](-[#1:85])(-[#1:86])-[#1].[#6:30]-[#6:24]1=[#6:25](-[#7:26](-[#6:33])-[#6:27](=[#6:28](-[#6:29]-1(-[#1:107])-[#1])-[#1:108])-[#1:109])-[#1:132].[#8:68]=[#8]	Any;Any;Any
EVODEX.2-Cm125_0	Any	([#6:11]-[#6:1](-[#8]-[#1])(-[#6:7])-[#1:20].[#15:3]-[#8:2]-[#1])>>[#6:11]-[#6:1](-[#8:2]-[#15:3])(-[#6:7])-[#1:20]	Any
EVODEX.2-Cm126_0	Any;Any	[#6:4]-[#6:2](-[#6:5])(-[#8:1]-[#15:11])-[#1:22].[#8:3](-[#1])-[#1]>>([#6:4]-[#6:2](-[#6:5])(-[#8:3]-[#1])-[#1:22].[#15:11]-[#8:1]-[#1])	Any
EVODEX.2-Cm129_0	Any	([#6:11]-[#6:1](-[#8:18]-[#1])(-[#6:7])-[#1:24].[#15:3]-[#8:2]-[#1])>>[#6:11]-[#6:1](-[#8:2]-[#15:3])(-[#6:7])-[#1:24].[#8:18](-[#1])-[#1]	Any;Any
EVODEX.2-Cm130_0	Any;Any	[#6:4]-[#8:2]-[#1].[#8:27]-[#15:3](=[#8:34])(-[#8:35])-[#8:1]-[#6:21]>>([#6:4]-[#8:2]-[#15:3](=[#8:34])(-[#8:35])-[#8:27].[#6:21]-[#8:1]-[#1])	Any
EVODEX.2-Cm131_0	Any;Any	[#15:21]-[#8:19]-[#1].[#15:2]-[#8:1]-[#15:20](=[#8:47])(-[#8:48])-[#8:49]>>[#15:2]-[#8:1]-[#1].[#15:21]-[#8:19]-[#15:20](=[#8:47])(-[#8:48])-[#8:49]	Any;Any
EVODEX.2-Cm135_0	Any	[#6:29]-[#7:28](-[#1])-[#1]>>[#6:29]-[#7:28](-[#6](-[#1])(-[#1])-[#1])-[#1]	Any
EVODEX.2-Cm136_0	Any;Any	[#0:3]-[#6:1](-[#6:4])(-[#1:9])-[#1].[#8:2](-[#8]-[#1])-[#1]>>[#0:3]-[#6:1](-[#8:2]-[#1])(-[#6:4])-[#1:9]	Any
EVODEX.2-Cm137_0	Any	[#6:13]-[#7:2]=[#6:1](-[#6:3])-[#1:19]>>[#6:13]-[#7:2](-[#6:1](-[#6:3])(-[#1:19])-[#1])-[#1]	Any
EVODEX.2-Cm138_0	Any;Any	[#6:3]-[#6:1](=[#8:4])-[#7:8](-[#6:9])-[#1].[#8:2](-[#1])-[#1]>>[#6:3]-[#6:1](=[#8:4])-[#8:2]-[#1].[#7:8](-[#6:9])(-[#1])-[#1]	Any;Any
EVODEX.2-Cm139_0	Any	[#6:3]-[#6:1](-[#8:39]-[#1])(-[#6:4])-[#1:87]>>[#6:3]-[#6:1](-[#8]-[#16])(-[#6:4])-[#1:87].[#8]-[#15](=[#8])(-[#8:39]-[#1])-[#8]	Any;Any
EVODEX.2-Cm140_0	Any;Any	[#6:3]-[#6:1](-[#8]-[#16])(-[#6:4])-[#1:87].[#8]-[#15](=[#8])(-[#8:2]-[#1])-[#8]>>[#6:3]-[#6:1](-[#8:2]-[#1])(-[#6:4])-[#1:87]	Any
EVODEX.2-Cm145_0	Any;Any	[#6:3]-[#6:1](=[#8:4])-[#7](-[#6])-[#1].[#8]=[#15](-[#8:2]-[#1])(-[#8])-[#8]>>[#6:3]-[#6:1](=[#8:4])-[#8:2]-[#1]	Any
EVODEX.2-Cm149_0	Any;Any	[#6:3]-[#6:1](=[#8:4])-[#8:22]-[#15:24].[#8:28]-[#15:23](=[#8:29])(-[#8:2]-[#1])-[#8:30]>>[#6:3]-[#6:1](=[#8:4])-[#8:2]-[#1].[#8:28]-[#15:23](=[#8:29])(-[#8:30])-[#8:22]-[#15:24]	Any;Any
EVODEX.2-Cm153_0	Any	[#6:3]-[#6:1](=[#8])-[#1:54]>>[#6:3]-[#6:1](-[#7](-[#1])-[#1])(-[#1:54])-[#1]	Any
EVODEX.2-Cm159_0	Any;Any	[#6:3]-[#6:1](=[#8:4])-[#8:47]-[#1].[#6:12]-[#8:2]-[#1]>>[#6:3]-[#6:1](=[#8:4])-[#8:2]-[#6:12].[#8:47](-[#1])-[#1]	Any;Any
EVODEX.2-Cm160_0	Any;Any;Any	[#6:3]-[#6:1](=[#8:12])-[#1:23].[#7:2](-[#1])(-[#1])-[#1].[#8:13](-[#8:14]-[#1])-[#1]>>[#6:3]-[#6:1](-[#7:2](-[#1])-[#1])(-[#1:23])-[#1].[#8:12](-[#1])-[#1].[#8:13]=[#8:14]	Any;Any;Any
EVODEX.2-Cm161_0	Any;Any;Any	[#6:3]-[#6:1](=[#8])-[#1:23].[#7:2](-[#1])(-[#1])-[#1].[#8:13](-[#8:14]-[#1])-[#1]>>[#6:3]-[#6:1](-[#7:2](-[#1])-[#1])(-[#1:23])-[#1].[#8:13]=[#8:14]	Any;Any
EVODEX.2-Cm164_0	Any;Any	[#6:51]-[#6:49](=[#8:52])-[#16:1]-[#6:2].[#6:55]-[#7:50](-[#1])-[#1]>>[#6:2]-[#16:1]-[#1].[#6:55]-[#7:50](-[#6:49](=[#8:52])-[#6:51])-[#1]	Any;Any
EVODEX.2-Cm165_0	Any;Any	[#8:3]-[#6:1](-[#8]-[#1])(-[#6:4])-[#1:61].[#6:37]-[#7:2](-[#1])-[#1]>>[#6:37]-[#7:2](-[#6:1](-[#8:3])(-[#6:4])-[#1:61])-[#1]	Any
EVODEX.2-Cm167_0	Any;Any	[#6:3]-[#6:1](-[#7:12](-[#1])-[#1])(-[#1:23])-[#1].[#8:2](-[#1])-[#1]>>[#6:3]-[#6:1](=[#8:2])-[#1:23].[#7:12](-[#1])(-[#1])-[#1]	Any;Any
EVODEX.2-Cm170_0	Any;Any	[#6:25]-[#16:24]-[#1].[#6:2]-[#16:1]-[#6:23](-[#6:72])=[#8:73]>>[#6:2]-[#16:1]-[#1].[#6:72]-[#6:23](=[#8:73])-[#16:24]-[#6:25]	Any;Any
EVODEX.2-Cm172_0	Any;Any	[#6:3]-[#6:1](-[#8:30]-[#1])(-[#1:33])-[#1:34].[#15:9]-[#8:2]-[#1]>>[#6:3]-[#6:1](-[#8:2]-[#15:9])(-[#1:33])-[#1:34].[#8:30](-[#1])-[#1]	Any;Any
EVODEX.2-Cm173_0	Any	[#6:51]-[#6:49](=[#8:52])-[#16:1]-[#6:2]>>[#6:2]-[#16:1]-[#1].[#6]-[#8]-[#6:49](=[#8:52])-[#6:51]	Any;Any
EVODEX.2-Cm174_0	Any	[#6:51]-[#6:49](=[#8:52])-[#16]-[#6]>>[#6]-[#8]-[#6:49](=[#8:52])-[#6:51]	Any
EVODEX.2-Cm175_0	Any	[#6:2]-[#8:1]-[#15](=[#8])(-[#8])-[#8]>>[#6:2]-[#8:1]-[#1]	Any
EVODEX.2-Cm176_0	Any;Any	[#6:3]-[#16:2]-[#1].[#6]-[#8]-[#6:1](=[#8:50])-[#6:51]>>[#6:51]-[#6:1](=[#8:50])-[#16:2]-[#6:3]	Any
EVODEX.2-Cm177_0	Any	[#6]-[#8]-[#6:1](=[#8:50])-[#6:51]>>[#6:51]-[#6:1](=[#8:50])-[#16]-[#6]	Any
EVODEX.2-Cm178_0	Any;Any	[#6:3]-[#6:1](-[#8]-[#1])(-[#6:4])-[#1:84].[#8]-[#15](=[#8])(-[#8])-[#8:2]-[#16:34]>>[#6:3]-[#6:1](-[#8:2]-[#16:34])(-[#6:4])-[#1:84]	Any
EVODEX.2-Cm179_0	Any;Any	[#6:4]-[#6:1](-[#6:3])(-[#8]-[#15])-[#1:102].[#8]-[#15](=[#8])(-[#8:2]-[#1])-[#8]>>[#6:4]-[#6:1](-[#6:3])(-[#8:2]-[#1])-[#1:102]	Any
EVODEX.2-Cm181_0	Any;Any	[#6:3]-[#16:2]-[#1].[#6:52]-[#6:49](-[#6:1](=[#8:31])-[#6:32])(-[#1:135])-[#1:136]>>[#6:3]-[#16:2]-[#6:1](=[#8:31])-[#6:32].[#6:52]-[#6:49](-[#6](=[#8])-[#8])(-[#1:135])-[#1:136]	Any;Any
EVODEX.2-Cm183_0	Any;Any;Any	[#6:3]-[#16:2]-[#1].[#6:43]-[#6:40](-[#7:44])(-[#6:1](=[#8:31])-[#6:32])-[#1:75].[#8:42]=[#6:41]=[#8:45]>>[#6:3]-[#16:2]-[#6:1](=[#8:31])-[#6:32].[#6:43]-[#6:40](-[#7:44])(-[#6:41](=[#8:45])-[#8:42]-[#1])-[#1:75]	Any;Any
EVODEX.2-Cm185_0	Any	[#6:31]-[#6:1](=[#8:32])-[#8]-[#15]>>[#6]-[#16]-[#6:1](=[#8:32])-[#6:31]	Any
EVODEX.2-Cm187_0	Any;Any	[#6:3]-[#16:2]-[#1].[#6:31]-[#6:1](=[#8:32])-[#8:52]-[#1]>>[#6:3]-[#16:2]-[#6:1](=[#8:32])-[#6:31].[#8:52](-[#1])-[#1]	Any;Any
EVODEX.2-Cm189_0	Any;Any	[#6:3]-[#16:2]-[#1].[#6:31]-[#6:1](=[#8:32])-[#8]-[#15]>>[#6:3]-[#16:2]-[#6:1](=[#8:32])-[#6:31]	Any
EVODEX.2-Cm190_0	Any	[#6:31]-[#6:1](=[#8:32])-[#8:39]-[#15:40]>>[#6]-[#16]-[#6:1](=[#8:32])-[#6:31].[#15:40]-[#8:39]-[#1]	Any;Any
EVODEX.2-Cm191_0	Any;Any	[#6:3]-[#16:2]-[#1].[#6:31]-[#6:1](=[#8:32])-[#8:41]-[#15:42]>>[#6:3]-[#16:2]-[#6:1](=[#8:32])-[#6:31].[#15:42]-[#8:41]-[#1]	Any;Any
EVODEX.2-Cm193_0	Any;Any	[#6:100]-[#16:99]-[#1].[#6:128]-[#6:98](-[#8:97]-[#1])(-[#1])-[#1]>>[#6:100]-[#16:99]-[#6:98](=[#8:97])-[#6:128]	Any
EVODEX.2-Cm194_0	Any;Any	[#6:3]-[#16:2]-[#1].[#6:31]-[#6:1](=[#8:32])-[#8]-[#1]>>[#6:3]-[#16:2]-[#6:1](=[#8:32])-[#6:31]	Any
EVODEX.2-Cm196_0	Any	[#6:2]-[#16:1]-[#6:30](=[#8:32])-[#6:33]>>[#6:2]-[#16:1]-[#1].[#6:33]-[#6:30](=[#8:32])-[#8]-[#15]	Any;Any
EVODEX.2-Cm198_0	Any	[#6:2]-[#16:1]-[#6:30](=[#8:32])-[#6:33]>>[#6:2]-[#16:1]-[#1].[#6:33]-[#6:30](=[#8:32])-[#8]-[#1]	Any;Any
EVODEX.2-Cm203_0	Any	[#6]-[#16]-[#6:30](=[#8:32])-[#6:33]>>[#15]-[#8]-[#6:30](=[#8:32])-[#6:33]	Any
EVODEX.2-Cm206_0	Any	[#6:4]-[#6:1](=[#6:2](-[#6:35])-[#1:62])-[#1:61]>>[#6:4]-[#6:1](-[#6:2](-[#6:35])(-[#8]-[#1])-[#1:62])(-[#1:61])-[#1]	Any
EVODEX.2-Cm209_0	Any;Any	[#6]-[#16]-[#6:30](=[#8:32])-[#6:33].[#15:38]-[#8:31]-[#1]>>[#6:33]-[#6:30](=[#8:32])-[#8:31]-[#15:38]	Any
EVODEX.2-Cm211_0	Any;Any	[#6:58]-[#6:55](-[#6:1](=[#8:50])-[#6:51])(-[#1:151])-[#1:152].[#8:57]=[#6:56]=[#8:89]>>[#6:51]-[#6:1](=[#8:50])-[#16]-[#6].[#6:58]-[#6:55](-[#6:56](=[#8:89])-[#8:57]-[#1])(-[#1:151])-[#1:152]	Any;Any
EVODEX.2-Cm212_0	Any;Any;Any	[#6:3]-[#16:2]-[#1].[#6:57]-[#6:54](-[#6:1](=[#8:50])-[#6:51])(-[#1:150])-[#1:151].[#8:56]=[#6:55]=[#8:88]>>[#6:51]-[#6:1](=[#8:50])-[#16:2]-[#6:3].[#6:57]-[#6:54](-[#6:55](=[#8:88])-[#8:56]-[#1])(-[#1:150])-[#1:151]	Any;Any
EVODEX.2-Cm213_0	Any	[#6:57]-[#6:54](-[#6:1](=[#8:50])-[#6:51])(-[#1:150])-[#1:151]>>[#6:51]-[#6:1](=[#8:50])-[#16]-[#6].[#6:57]-[#6:54](-[#6](=[#8])-[#8])(-[#1:150])-[#1:151]	Any;Any
EVODEX.2-Cm215_0	Any;Any	[#6:2]-[#16:1]-[#6:30](=[#8:32])-[#6:33].[#6:40]-[#6:31](-[#6](=[#8])-[#8])(-[#1:139])-[#1:140]>>[#6:2]-[#16:1]-[#1].[#6:40]-[#6:31](-[#6:30](=[#8:32])-[#6:33])(-[#1:139])-[#1:140]	Any;Any
EVODEX.2-Cm216_0	Any;Any	[#6:3]-[#16:2]-[#6:33](=[#8:35])-[#6:36].[#6:31]-[#6:1](=[#8:32])-[#8:34]-[#1]>>[#6:3]-[#16:2]-[#6:1](-[#6:31])=[#8:32].[#8:35]=[#6:33](-[#8:34]-[#1])-[#6:36]	Any;Any
EVODEX.2-Cm217_0	Any;Any	[#6:51]-[#6:49](=[#8:52])-[#16]-[#6].[#6:53]-[#6:50](-[#6:84](=[#8:86])-[#8:85]-[#1])(-[#1:150])-[#1:151]>>[#6:53]-[#6:50](-[#6:49](-[#6:51])=[#8:52])(-[#1:150])-[#1:151].[#8:85]=[#6:84]=[#8:86]	Any;Any
EVODEX.2-Cm218_0	Any;Any	[#6:2]-[#16:1]-[#6:49](=[#8:51])-[#6:52].[#6:58]-[#6:50](-[#6:89](=[#8:91])-[#8:90]-[#1])(-[#1:159])-[#1:160]>>[#6:2]-[#16:1]-[#1].[#6:58]-[#6:50](-[#6:49](=[#8:51])-[#6:52])(-[#1:159])-[#1:160].[#8:90]=[#6:89]=[#8:91]	Any;Any;Any
EVODEX.2-Cm220_0	Any;Any	[#6:51]-[#6:49](=[#8:52])-[#16]-[#6].[#6:59]-[#6:50](-[#6](=[#8])-[#8])(-[#1:168])-[#1:169]>>[#6:59]-[#6:50](-[#6:49](=[#8:52])-[#6:51])(-[#1:168])-[#1:169]	Any
EVODEX.2-Cm223_0	Any;Any	[#6:2]-[#16:1]-[#6:30](=[#8:32])-[#6:33].[#8:31](-[#1])-[#1]>>[#6:2]-[#16:1]-[#1].[#6:33]-[#6:30](=[#8:32])-[#8:31]-[#1]	Any;Any
EVODEX.2-Cm225_0	Any;Any	[#6:2]-[#16:1]-[#6:30](=[#8:31])-[#6:32].[#6:46]-[#6:40]1=[#6:45](-[#7:44](-[#6:49])-[#6:43](=[#6:42](-[#6:41]-1(-[#1:151])-[#1])-[#1:150])-[#1:149])-[#1:125]>>[#6:2]-[#16:1]-[#1].[#6:32]-[#6:30](=[#8:31])-[#1].[#6:46]-[#6:40]1:[#6:41](:[#6:42](:[#6:43](:[#7&+:44](-[#6:49]):[#6:45]:1-[#1:125])-[#1:149])-[#1:150])-[#1:151]	Any;Any;Any
EVODEX.2-Cm226_0	Any;Any	[#6:2]-[#16:1]-[#6:30](=[#8:32])-[#6:33].[#6:41]-[#6:31](-[#7:42])(-[#6](=[#8])-[#8])-[#1:85]>>[#6:2]-[#16:1]-[#1].[#6:41]-[#6:31](-[#7:42])(-[#6:30](=[#8:32])-[#6:33])-[#1:85]	Any;Any
EVODEX.2-Cm227_0	Any;Any	[#6:2]-[#16:1]-[#6:30](=[#8:32])-[#6:33].[#15:40]-[#8:31]-[#1]>>[#6:2]-[#16:1]-[#1].[#6:33]-[#6:30](=[#8:32])-[#8:31]-[#15:40]	Any;Any
EVODEX.2-Cm229_0	Any	[#6:4]-[#6:1](-[#7:5])(-[#1:68])-[#1]>>[#6:4]-[#6:1](-[#7:5])(-[#6](=[#8])-[#8])-[#1:68]	Any
EVODEX.2-Cm230_0	Any;Any;Any	[#6:3]-[#16:1]-[#1].[#6:10]-[#16:2]-[#1].[#6:18]-[#8:17]-[#8:22]-[#1]>>[#6:3]-[#16:1]-[#16:2]-[#6:10].[#6:18]-[#8:17]-[#1].[#8:22](-[#1])-[#1]	Any;Any;Any
EVODEX.2-Cm231_0	Any;Any;Any	[#6:3]-[#16:1]-[#1].[#6:10]-[#16:2]-[#1].[#6:18]-[#8:17]-[#8]-[#1]>>[#6:3]-[#16:1]-[#16:2]-[#6:10].[#6:18]-[#8:17]-[#1]	Any;Any
EVODEX.2-Cm232_0	Any	[#6:18]-[#8:17]-[#8]-[#1]>>[#6:18]-[#8:17]-[#1]	Any
EVODEX.2-Cm233_0	Any;Any;Any	[#6:2]-[#16:1]-[#16:9]-[#6:10].[#6:19]-[#8:17]-[#1].[#8:18](-[#1])-[#1]>>[#6:2]-[#16:1]-[#1].[#6:10]-[#16:9]-[#1].[#6:19]-[#8:17]-[#8:18]-[#1]	Any;Any;Any
EVODEX.2-Cm234_0	Any;Any	[#6:2]-[#16:1]-[#16:9]-[#6:10].[#6:19]-[#8:17]-[#1]>>[#6:2]-[#16:1]-[#1].[#6:10]-[#16:9]-[#1].[#6:19]-[#8:17]-[#8]-[#1]	Any;Any;Any
EVODEX.2-Cm235_0	Any;Any	[#6:4]:[#7:1](:[#6:3])-[#1].[#6:18]-[#8:17]-[#15:2](=[#8:14])(-[#8:15])-[#8:16]>>[#6:4]:[#7:1](:[#6:3])-[#15:2](=[#8:14])(-[#8:15])-[#8:16].[#6:18]-[#8:17]-[#1]	Any;Any
EVODEX.2-Cm236_0	Any	[#6:18]-[#8:17]-[#15:2](=[#8:14])(-[#8:15])-[#8:16]>>[#6]:[#7](:[#6])-[#15:2](=[#8:14])(-[#8:15])-[#8:16].[#6:18]-[#8:17]-[#1]	Any;Any
EVODEX.2-Cm237_0	Any;Any	[#6]-[#6](-[#8:13]-[#15:15])(-[#1])-[#1].[#8:22]-[#15:14](=[#8:23])(-[#8]-[#1])-[#8:24]>>[#8:22]-[#15:14](=[#8:23])(-[#8:24])-[#8:13]-[#15:15]	Any
EVODEX.2-Cm238_0	Any	[#8:22]-[#15:21](=[#8:23])(-[#8:24])-[#8:2]-[#15:13]>>[#6]-[#6](-[#8:2]-[#15:13])(-[#1])-[#1].[#8:22]-[#15:21](=[#8:23])(-[#8]-[#1])-[#8:24]	Any;Any
EVODEX.2-Cm240_0	Any;Any	[#6:3]-[#6:1](=[#8:4])-[#8:17]-[#1].[#0:16]-[#8:2]-[#1]>>[#0:16]-[#8:2]-[#6:1](=[#8:4])-[#6:3].[#8:17](-[#1])-[#1]	Any;Any
EVODEX.2-Cm241_0	Any	[#6:3]-[#6:1](=[#8:4])-[#8:16]-[#1]>>[#0]-[#8]-[#6:1](=[#8:4])-[#6:3].[#8:16](-[#1])-[#1]	Any;Any
EVODEX.2-Cm246_0	Any;Any	[#15:4]-[#8:2]-[#1].[#8:28]-[#15:3](=[#8:29])(-[#8:1]-[#1])-[#8:30]>>[#8:1](-[#1])-[#1].[#15:4]-[#8:2]-[#15:3](=[#8:29])(-[#8:30])-[#8:28]	Any;Any
EVODEX.2-Cm247_0	Any	([#6:2]-[#8:1]-[#15:13](=[#8:27])(-[#8:28])-[#8:19].[#6:14]-[#8:12]-[#1])>>[#6:2]-[#8:1]-[#1].[#8:19]-[#15:13](=[#8:27])(-[#8:28])-[#8:12]-[#6:14]	Any;Any
EVODEX.2-Cm249_0	Any;Any	[#6:3]-[#6:1](-[#8:53]-[#15:54])(-[#1:64])-[#1:65].[#15:22]-[#8:2]-[#1]>>[#6:3]-[#6:1](-[#8:2]-[#15:22])(-[#1:64])-[#1:65].[#15:54]-[#8:53]-[#1]	Any;Any
EVODEX.2-Cm251_0	Any	[#8:12]-[#15:11](=[#8:13])(-[#8:14])-[#8:1]-[#15:2]>>[#15:2]-[#8:1]-[#1].[#8:12]-[#15:11](=[#8:13])(-[#8]-[#1])-[#8:14]	Any;Any
EVODEX.2-Cm252_0	Any	[#6:2]-[#6:1](-[#7:3])(-[#6:27](=[#8:29])-[#8:28]-[#1])-[#1:39]>>[#6:2]-[#6:1](-[#7:3])(-[#1:39])-[#1].[#8:28]=[#6:27]=[#8:29]	Any;Any
EVODEX.2-Cm253_0	Any;Any	[#6:4]-[#6:1](-[#7:5])(-[#1:39])-[#1].[#8:3]=[#6:2]=[#8:29]>>[#6:4]-[#6:1](-[#7:5])(-[#6:2](=[#8:29])-[#8:3]-[#1])-[#1:39]	Any
EVODEX.2-Cm254_0	Any;Any	[#6:3]-[#6:1](-[#8]-[#15])(-[#6:4])-[#1:44].[#8:2](-[#1])-[#1]>>[#6:4]-[#6:1](-[#8:2]-[#1])(-[#6:3])-[#1:44]	Any
EVODEX.2-Cm256_0	Any;Any;Any	[#6:4]-[#6:1](-[#6:3])(-[#8]-[#1])-[#1:74].[#6:24]-[#8:2]-[#1].[#8]-[#15](=[#8])(-[#8])-[#8:31]-[#15:32]>>[#6:4]-[#6:1](-[#6:3])(-[#8:2]-[#6:24])-[#1:74].[#15:32]-[#8:31]-[#1]	Any;Any
EVODEX.2-Cm257_0	Any;Any	[#6:24]-[#8:2]-[#1].[#8:42]-[#15:41](=[#8:43])(-[#8:44])-[#8:31]-[#15:32]>>[#6]-[#6](-[#6])(-[#8:2]-[#6:24])-[#1].[#15:32]-[#8:31]-[#1].[#8:42]-[#15:41](=[#8:43])(-[#8]-[#1])-[#8:44]	Any;Any;Any
EVODEX.2-Cm258_0	Any;Any;Any	[#6:4]-[#6:1](-[#6:3])(-[#8:40]-[#1])-[#1:74].[#6:24]-[#8:2]-[#1].[#8:42]-[#15:41](=[#8:43])(-[#8:44])-[#8:31]-[#15:32]>>[#6:4]-[#6:1](-[#6:3])(-[#8:2]-[#6:24])-[#1:74].[#15:32]-[#8:31]-[#1].[#8:42]-[#15:41](=[#8:43])(-[#8:40]-[#1])-[#8:44]	Any;Any;Any
EVODEX.2-Cm259_0	Any;Any;Any	[#6:4]-[#6:1](-[#6:3])(-[#8:50]-[#1])-[#1:84].[#6:24]-[#8:2]-[#1].[#8:52]-[#15:51](=[#8:53])(-[#8:54])-[#8]-[#15]>>[#6:4]-[#6:1](-[#6:3])(-[#8:2]-[#6:24])-[#1:84].[#8:52]-[#15:51](=[#8:53])(-[#8:50]-[#1])-[#8:54]	Any;Any
EVODEX.2-Cm260_0	Any;Any	[#6:4]-[#6:1](-[#6:3])(-[#8:41]-[#1])-[#1:75].[#6:24]-[#8:2]-[#1]>>[#6:4]-[#6:1](-[#6:3])(-[#8:2]-[#6:24])-[#1:75].[#8]-[#15](=[#8])(-[#8:41]-[#1])-[#8]	Any;Any
EVODEX.2-Cm261_0	Any;Any	[#6:24]-[#8:2]-[#1].[#8]-[#15](=[#8])(-[#8])-[#8:32]-[#15:33]>>[#6]-[#6](-[#6])(-[#8:2]-[#6:24])-[#1].[#15:33]-[#8:32]-[#1]	Any;Any
EVODEX.2-Cm262_0	Any;Any;Any	[#6:4]-[#6:1](-[#6:3])(-[#8:24]-[#6:25])-[#1:74].[#15:34]-[#8:32]-[#1].[#8:56]=[#15:33](-[#8:2]-[#1])(-[#8:57])-[#8:58]>>[#6:4]-[#6:1](-[#6:3])(-[#8:2]-[#1])-[#1:74].[#6:25]-[#8:24]-[#1].[#15:34]-[#8:32]-[#15:33](=[#8:56])(-[#8:57])-[#8:58]	Any;Any;Any
EVODEX.2-Cm264_0	Any;Any	[#6]-[#6](-[#6])(-[#8:24]-[#6:25])-[#1].[#15:34]-[#8:32]-[#1]>>[#6:25]-[#8:24]-[#1].[#15:34]-[#8:32]-[#15](=[#8])(-[#8])-[#8]	Any;Any
EVODEX.2-Cm265_0	Any;Any;Any	[#6]-[#6](-[#6])(-[#8:24]-[#6:25])-[#1].[#15:34]-[#8:32]-[#1].[#8:56]=[#15:33](-[#8]-[#1])(-[#8:57])-[#8:58]>>[#6:25]-[#8:24]-[#1].[#15:34]-[#8:32]-[#15:33](=[#8:56])(-[#8:57])-[#8:58]	Any;Any
EVODEX.2-Cm266_0	Any;Any	[#6:4]-[#6:1](-[#6:3])(-[#8:24]-[#6:25])-[#1:75].[#8]=[#15](-[#8:2]-[#1])(-[#8])-[#8]>>[#6:4]-[#6:1](-[#6:3])(-[#8:2]-[#1])-[#1:75].[#6:25]-[#8:24]-[#1]	Any;Any
EVODEX.2-Cm267_0	Any;Any	[#6:4]-[#6:1](-[#6:3])(-[#8:24]-[#6:25])-[#1:75].[#15:35]-[#8:33]-[#1]>>[#6:4]-[#6:1](-[#6:3])(-[#8]-[#1])-[#1:75].[#6:25]-[#8:24]-[#1].[#15:35]-[#8:33]-[#15](=[#8])(-[#8])-[#8]	Any;Any;Any
EVODEX.2-Cm268_0	Any;Any	[#6:3]-[#6:1](=[#8:4])-[#8:36]-[#1].[#8:38]-[#15:37](=[#8:39])(-[#8:40])-[#8:2]-[#15:32]>>[#6:3]-[#6:1](=[#8:4])-[#8:2]-[#15:32].[#8:38]-[#15:37](=[#8:39])(-[#8:36]-[#1])-[#8:40]	Any;Any
EVODEX.2-Cm269_0	Any;Any	[#6:4]-[#6:1](-[#6:3])(-[#8:24]-[#6:25])-[#1:76].[#8:58]=[#15:35](-[#8:2]-[#1])(-[#8:59])-[#8:60]>>[#6:4]-[#6:1](-[#6:3])(-[#8:2]-[#1])-[#1:76].[#6:25]-[#8:24]-[#1].[#15]-[#8]-[#15:35](=[#8:58])(-[#8:59])-[#8:60]	Any;Any;Any
EVODEX.2-Cm274_0	Any	[#6:3]-[#6:1](=[#8:4])-[#7:18](-[#6:19])-[#1]>>[#6:3]-[#6:1](=[#8:4])-[#8]-[#1].[#7:18](-[#6:19])(-[#1])-[#1]	Any;Any
EVODEX.2-Cm275_0	Any;Any	[#6:11]-[#7:2](-[#1])-[#1].[#8:25]-[#15:24](=[#8:26])(-[#8:27])-[#8:18]-[#15:19]>>[#6:11]-[#7:2](-[#6](=[#8])-[#6])-[#1].[#15:19]-[#8:18]-[#1].[#8:25]-[#15:24](=[#8:26])(-[#8]-[#1])-[#8:27]	Any;Any;Any
EVODEX.2-Cm276_0	Any;Any	[#6:3]-[#16:2]-[#6:4].[#6:30](=[#6:29](-[#6:31])-[#6:28](-[#6:1](-[#1:85])(-[#1:86])-[#1:87])(-[#6:32])-[#1:84])(-[#1:79])-[#1:80]>>[#6:1](-[#16&+:2](-[#6:4])-[#6:3])(-[#1:85])(-[#1:86])-[#1:87].[#6:32]-[#6:28](=[#6:29](-[#6:30](-[#1:79])(-[#1:80])-[#1])-[#6:31])-[#1:84]	Any;Any
EVODEX.2-Cm280_0	Any	[#6:30](=[#6:29](-[#6:31])-[#6:28](-[#6:1](-[#1:84])(-[#1:85])-[#1:86])(-[#6:32])-[#1:83])(-[#1:78])-[#1:79]>>[#6:1](-[#16&+](-[#6])-[#6])(-[#1:84])(-[#1:85])-[#1:86].[#6:30](-[#6:29](-[#6:31])=[#6:28](-[#6:32])-[#1:83])(-[#1:78])(-[#1:79])-[#1]	Any;Any
EVODEX.2-Cm281_0	Any	([#6:3]-[#8:2]-[#1].[#6:9]-[#6:1](=[#8:12])-[#8:13]-[#1])>>[#6:3]-[#8:2]-[#6:1](=[#8:12])-[#6:9].[#8:13](-[#1])-[#1]	Any;Any
EVODEX.2-Cm282_0	Any	([#6:3]-[#8:2]-[#1].[#6:9]-[#6:1](=[#8:12])-[#8]-[#1])>>[#6:3]-[#8:2]-[#6:1](=[#8:12])-[#6:9]	Any
EVODEX.2-Cm284_0	Any	[#6:3](-[#8:2]-[#1])-[#6:1](-[#8:12]-[#1])(-[#6:9])-[#1:27]>>[#6:3]1-[#8:2]-[#6:1]-1(-[#6:9])-[#1:27].[#8:12](-[#1])-[#1]	Any;Any
EVODEX.2-Cm285_0	Any	[#6:3](-[#8:2]-[#1])-[#6:1](-[#8]-[#1])(-[#6:9])-[#1:27]>>[#6:3]1-[#8:2]-[#6:1]-1(-[#6:9])-[#1:27]	Any
EVODEX.2-Cm288_0	Any;Any	[#6:9]-[#6:3](-[#6:1](-[#6:4])=[#8:5])(-[#1:76])-[#1:77].[#8:61]=[#8:2]>>[#6:9]-[#6:3](-[#8:2]-[#6:1](-[#6:4])=[#8:5])(-[#1:76])-[#1:77].[#8:61](-[#1])-[#1]	Any;Any
EVODEX.2-Cm289_0	Any;Any	[#6:9]-[#6:3](-[#6:1](-[#6:4])=[#8:5])(-[#1:76])-[#1:77].[#6:19]-[#6:13]1=[#6:18](-[#7:17](-[#6:22])-[#6:16](=[#6:15](-[#6:14]-1(-[#1:106])-[#1])-[#1:105])-[#1:104])-[#1:80]>>[#6:9]-[#6:3](-[#8]-[#6:1](-[#6:4])=[#8:5])(-[#1:76])-[#1:77].[#6:19]-[#6:13]1:[#6:14](:[#6:15](:[#6:16](:[#7&+:17](-[#6:22]):[#6:18]:1-[#1:80])-[#1:104])-[#1:105])-[#1:106]	Any;Any
EVODEX.2-Cm290_0	Any;Any;Any	[#6:3]-[#6:1](=[#8:4])-[#8]-[#1].[#8:2](-[#1])-[#1].[#8]-[#15](=[#8])(-[#8])-[#8:16]-[#15:17]>>[#6:3]-[#6:1](=[#8:4])-[#8:2]-[#1].[#15:17]-[#8:16]-[#1]	Any;Any
EVODEX.2-Cm293_0	Any	[#6:3]-[#6:1](=[#8:4])-[#8:15]-[#1]>>[#6:3]-[#6:1](=[#8:4])-[#8]-[#1].[#8]-[#15](=[#8])(-[#8:15]-[#1])-[#8]	Any;Any
EVODEX.2-Cm294_0	Any;Any;Any	[#6:2]-[#6:1](-[#8:74]-[#1])(-[#6:3])-[#1:98].[#6:32]-[#6:26]1:[#6:31](:[#6:30](:[#6:29](:[#7&+:28](-[#6:35]):[#6:27]:1-[#1:138])-[#1:114])-[#1:113])-[#1:112].[#8:75](-[#1])-[#1]>>[#6:2]-[#6:1](-[#6:3])(-[#1:98])-[#1].[#6:32]-[#6:26]1=[#6:27](-[#7:28](-[#6:35])-[#6:29](=[#6:30](-[#6:31]-1(-[#1:112])-[#1])-[#1:113])-[#1:114])-[#1:138].[#8:74]=[#8:75]	Any;Any;Any
EVODEX.2-Cm295_0	Any;Any	[#6:2]-[#6:1](-[#8:74]-[#1])(-[#6:3])-[#1:98].[#8:75](-[#1])-[#1]>>[#6:2]-[#6:1](-[#6:3])(-[#1:98])-[#1].[#8:74]=[#8:75]	Any;Any
EVODEX.2-Cm296_0	Any;Any	[#6:2]-[#6:1](-[#8]-[#1])(-[#6:3])-[#1:98].[#6:32]-[#6:26]1:[#6:31](:[#6:30](:[#6:29](:[#7&+:28](-[#6:35]):[#6:27]:1-[#1:138])-[#1:114])-[#1:113])-[#1:112]>>[#6:2]-[#6:1](-[#6:3])(-[#1:98])-[#1].[#6:32]-[#6:26]1=[#6:27](-[#7:28](-[#6:35])-[#6:29](=[#6:30](-[#6:31]-1(-[#1:112])-[#1])-[#1:113])-[#1:114])-[#1:138]	Any;Any
EVODEX.2-Cm297_0	Any;Any;Any	[#6:3]-[#6:1](-[#6:4])(-[#1:98])-[#1].[#6:33]-[#6:27]1=[#6:32](-[#7:31](-[#6:36])-[#6:30](=[#6:29](-[#6:28]-1(-[#1:138])-[#1])-[#1:137])-[#1:136])-[#1:112].[#8:2]=[#8:75]>>[#6:3]-[#6:1](-[#8:2]-[#1])(-[#6:4])-[#1:98].[#6:33]-[#6:27]1:[#6:28](:[#6:29](:[#6:30](:[#7&+:31](-[#6:36]):[#6:32]:1-[#1:112])-[#1:136])-[#1:137])-[#1:138].[#8:75](-[#1])-[#1]	Any;Any;Any
EVODEX.2-Cm298_0	Any;Any	[#6:3]-[#6:1](-[#6:4])(-[#1:98])-[#1].[#6:33]-[#6:27]1=[#6:32](-[#7:31](-[#6:36])-[#6:30](=[#6:29](-[#6:28]-1(-[#1:138])-[#1])-[#1:137])-[#1:136])-[#1:112]>>[#6:3]-[#6:1](-[#8]-[#1])(-[#6:4])-[#1:98].[#6:33]-[#6:27]1:[#6:28](:[#6:29](:[#6:30](:[#7&+:31](-[#6:36]):[#6:32]:1-[#1:112])-[#1:136])-[#1:137])-[#1:138]	Any;Any
EVODEX.2-Cm299_0	Any	[#6:3]-[#6:1](-[#1:50])(-[#1:51])-[#1]>>[#6:3]-[#6:1](-[#8]-[#1])(-[#1:50])-[#1:51]	Any
EVODEX.2-Cm300_0	Any	[#6:13]-[#6:11](=[#8])-[#1:57]>>[#6:13]-[#6:11](-[#8]-[#1])(-[#1:57])-[#1]	Any
EVODEX.2-Cm302_0	Any	[#6:2]-[#6:1](-[#8]-[#1])(-[#1:49])-[#1:50]>>[#6:2]-[#6:1](-[#1:49])(-[#1:50])-[#1]	Any
EVODEX.2-Cm304_0	Any;Any	[#6:30](-[#16&+](-[#6])-[#6])(-[#1:58])(-[#1:59])-[#1:60].[#6:31]-[#6:29](=[#6:28](-[#6:27](-[#1:125])(-[#1:126])-[#1])-[#6:57])-[#1:124]>>[#6:31]-[#6:29](-[#6:30](-[#1:58])(-[#1:59])-[#1:60])(-[#6:28](=[#6:27](-[#1:125])-[#1:126])-[#6:57])-[#1:124]	Any
EVODEX.2-Cm305_0	Any	[#6:2]-[#6:1](=[#8])-[#8:3]>>[#6:2]-[#6:1](-[#8:3])(-[#1])-[#1]	Any
EVODEX.2-Cm306_0	Any;Any	[#6:3]-[#6:1](=[#8:4])-[#8]-[#1].[#8:73]=[#15:46](-[#8:2]-[#1])(-[#8:74])-[#8:75]>>[#6:3]-[#6:1](=[#8:4])-[#8:2]-[#1].[#15]-[#8]-[#15:46](=[#8:73])(-[#8:74])-[#8:75]	Any;Any
EVODEX.2-Cm307_0	Any;Any	[#6:3]-[#6:1](=[#8:4])-[#8:73]-[#1].[#8:2](-[#1])-[#1]>>[#6:3]-[#6:1](=[#8:4])-[#8:2]-[#1].[#8]-[#15](=[#8])(-[#8:73]-[#1])-[#8]	Any;Any
EVODEX.2-Cm308_0	Any;Any	[#8:3]-[#6:1](-[#8]-[#1])(-[#6:4])-[#1:36].[#6:15]:[#7:2](:[#6:16])-[#1]>>[#6:15]:[#7:2](:[#6:16])-[#6:1](-[#8:3])(-[#6:4])-[#1:36]	Any
EVODEX.2-Cm311_0	Any;Any;Any	[#6:51](-[#6:52](=[#8:54])-[#16:1]-[#6:2])(-[#1:59])(-[#1:60])-[#1].[#6:55]-[#6:50](=[#8:49])-[#6:56].[#8:53](-[#1])-[#1]>>[#6:2]-[#16:1]-[#1].[#6:55]-[#6:50](-[#8:49]-[#1])(-[#6:51](-[#6:52](=[#8:54])-[#8:53]-[#1])(-[#1:59])-[#1:60])-[#6:56]	Any;Any
EVODEX.2-Cm315_0	Any;Any;Any	[#6:18]-[#6:12]1=[#6:17](-[#7:16](-[#6:21])-[#6:15](=[#6:14](-[#6:13]-1(-[#1:84])-[#1])-[#1:83])-[#1:82])-[#1:59].[#6:3]-[#6:1](=[#8:56])-[#6:4].[#6:7]-[#7:2](-[#1])-[#1]>>[#6:3]-[#6:1](-[#7:2](-[#6:7])-[#1])(-[#6:4])-[#1].[#6:18]-[#6:12]1:[#6:13](:[#6:14](:[#6:15](:[#7&+:16](-[#6:21]):[#6:17]:1-[#1:59])-[#1:82])-[#1:83])-[#1:84].[#8:56](-[#1])-[#1]	Any;Any;Any
EVODEX.2-Cm316_0	Any;Any	[#6:18]-[#6:12]1=[#6:17](-[#7:16](-[#6:21])-[#6:15](=[#6:14](-[#6:13]-1(-[#1:84])-[#1])-[#1:83])-[#1:82])-[#1:59].[#6:7]-[#7:2](-[#1])-[#1]>>[#6]-[#6](-[#7:2](-[#6:7])-[#1])(-[#6])-[#1].[#6:18]-[#6:12]1:[#6:13](:[#6:14](:[#6:15](:[#7&+:16](-[#6:21]):[#6:17]:1-[#1:59])-[#1:82])-[#1:83])-[#1:84]	Any;Any
EVODEX.2-Cm317_0	Any;Any	[#6:3]-[#6:1](=[#8])-[#6:4].[#6:7]-[#7:2](-[#1])-[#1]>>[#6:3]-[#6:1](-[#7:2](-[#6:7])-[#1])(-[#6:4])-[#1]	Any
EVODEX.2-Cm318_0	Any	[#6:7]-[#7:2](-[#1])-[#1]>>[#6]-[#6](-[#7:2](-[#6:7])-[#1])(-[#6])-[#1]	Any
EVODEX.2-Cm319_0	Any	[#6:9]-[#6:2](=[#8:3])-[#1:17]>>[#6:9]-[#6:2](-[#8:3]-[#1])(-[#6](-[#6])(-[#1])-[#1])-[#1:17]	Any
EVODEX.2-Cm321_0	Any;Any;Any	[#6:20]-[#6:14]1=[#6:19](-[#7:18](-[#6:23])-[#6:17](=[#6:16](-[#6:15]-1(-[#1:86])-[#1])-[#1:85])-[#1:84])-[#1:61].[#6:3]-[#6:1](=[#8])-[#6:4].[#6:7]-[#7:2](-[#1])-[#1]>>[#6:7]-[#7:2](-[#6:1](-[#6:3])(-[#6:4])-[#1])-[#1].[#6:20]-[#6:14]1:[#6:15](:[#6:16](:[#6:17](:[#7&+:18](-[#6:23]):[#6:19]:1-[#1:61])-[#1:84])-[#1:85])-[#1:86]	Any;Any
EVODEX.2-Cm322_0	Any;Any;Any	[#6:3]-[#6:1](=[#8])-[#6:4].[#7:2](-[#1])(-[#1])-[#1].[#8:8](-[#8:9]-[#1])-[#1]>>[#6:3]-[#6:1](-[#7:2](-[#1])-[#1])(-[#6:4])-[#1].[#8:8]=[#8:9]	Any;Any
EVODEX.2-Cm323_0	Any;Any	[#6:3]-[#6:1](=[#8])-[#6:4].[#8:8](-[#8:9]-[#1])-[#1]>>[#6:3]-[#6:1](-[#7](-[#1])-[#1])(-[#6:4])-[#1].[#8:8]=[#8:9]	Any;Any
EVODEX.2-Cm324_0	Any;Any	[#6:3]-[#6:1](=[#8:62])-[#6:4].[#6:7]-[#7:2](-[#1])-[#1]>>[#6:3]-[#6:1](-[#7:2](-[#6:7])-[#1])(-[#6:4])-[#1].[#8:62](-[#1])-[#1]	Any;Any
EVODEX.2-Cm327_0	Any;Any	[#7:2](-[#6](-[#6])(-[#1])-[#1])(-[#1])-[#1].[#6:3]-[#6:1](=[#8])-[#6:4]>>[#6:3]-[#6:1](-[#7:2](-[#1])-[#1])(-[#6:4])-[#1]	Any
EVODEX.2-Cm328_0	Any	[#7](-[#6:7](-[#6:9])(-[#1:16])-[#1])(-[#1])-[#1]>>[#8]=[#6:7](-[#6:9])-[#1:16]	Any
EVODEX.2-Cm330_0	Any	[#15:12]-[#8:11]-[#15:4](=[#8:9])(-[#8:3]-[#1])-[#8:10]>>[#6]=[#6](-[#8:3]-[#15:4](=[#8:9])(-[#8]-[#1])-[#8:10])-[#6].[#15:12]-[#8:11]-[#1]	Any;Any
EVODEX.2-Cm331_0	Any	[#6:2]-[#6:1](=[#8:3])-[#6](=[#8])-[#8]>>[#6:2]-[#6:1](=[#8:3])-[#1]	Any
EVODEX.2-Cm335_0	Any	[#6:3]-[#6:1](-[#8:24]-[#16:26])(-[#6:4])-[#1:70]>>[#6:3]-[#6:1](-[#8]-[#1])(-[#6:4])-[#1:70].[#8]-[#15](=[#8])(-[#8])-[#8:24]-[#16:26]	Any;Any
EVODEX.2-Cm337_0	Any;Any;Any	[#6:4]-[#6:1](=[#8:5])-[#6:3](-[#6:6])(-[#1:82])-[#1:83].[#6:36]-[#6:30]1=[#6:35](-[#7:34](-[#6:39])-[#6:33](=[#6:32](-[#6:31]-1(-[#1:125])-[#1])-[#1:124])-[#1:123])-[#1:99].[#8]=[#8:2]>>[#6:4]-[#6:1](=[#8:5])-[#8:2]-[#6:3](-[#6:6])(-[#1:82])-[#1:83].[#6:36]-[#6:30]1:[#6:31](:[#6:32](:[#6:33](:[#7&+:34](-[#6:39]):[#6:35]:1-[#1:99])-[#1:123])-[#1:124])-[#1:125]	Any;Any
EVODEX.2-Cm338_0	Any	[#6:4]-[#6:1](=[#8:5])-[#6:3](-[#6:6])(-[#1:82])-[#1:83]>>[#6:4]-[#6:1](=[#8:5])-[#8]-[#6:3](-[#6:6])(-[#1:82])-[#1:83]	Any
EVODEX.2-Cm339_0	Any;Any;Any	[#6:4]-[#6:1](=[#8:5])-[#6:3](-[#6:6])(-[#1:82])-[#1:83].[#6:36]-[#6:30]1=[#6:35](-[#7:34](-[#6:39])-[#6:33](=[#6:32](-[#6:31]-1(-[#1:123])-[#1])-[#1:122])-[#1:121])-[#1:97].[#8:78]=[#8:2]>>[#6:4]-[#6:1](=[#8:5])-[#8:2]-[#6:3](-[#6:6])(-[#1:82])-[#1:83].[#6:36]-[#6:30]1:[#6:31](:[#6:32](:[#6:33](:[#7&+:34](-[#6:39]):[#6:35]:1-[#1:97])-[#1:121])-[#1:122])-[#1:123].[#8:78](-[#1])-[#1]	Any;Any;Any
EVODEX.2-Cm340_0	Any;Any	[#6:4]-[#6:1](=[#8:5])-[#6:3](-[#6:6])(-[#1:82])-[#1:83].[#8]=[#8:2]>>[#6:4]-[#6:1](=[#8:5])-[#8:2]-[#6:3](-[#6:6])(-[#1:82])-[#1:83]	Any
EVODEX.2-Cm343_0	Any	([#6:3]-[#8:2]-[#1].[#6:10]-[#6:1](-[#8:30]-[#1])(-[#6:28])-[#1:54])>>[#6:3]-[#8:2]-[#6:1](-[#6:28])(-[#6:10])-[#1:54].[#8:30](-[#1])-[#1]	Any;Any
EVODEX.2-Cm345_0	Any;Any	[#6:3]-[#6:1](=[#8:4])-[#7:14](-[#6:15])-[#1].[#7:2](-[#6:5])(-[#1])-[#1]>>[#6:3]-[#6:1](=[#8:4])-[#7:2](-[#6:5])-[#1].[#6:15]-[#7:14](-[#1])-[#1]	Any;Any
EVODEX.2-Cm346_0	Any;Any	[#6:3]-[#6:1](=[#8:2])-[#8:4].[#8:16](-[#8:17]-[#1])-[#1]>>[#6:3]-[#6:1](-[#8:2]-[#1])(-[#8:4])-[#1].[#8:16]=[#8:17]	Any;Any
EVODEX.2-Cm347_0	Any;Any	[#6:4]-[#6:2](=[#8:5])-[#8:1]-[#6:13].[#8:3](-[#1])-[#1]>>([#6:4]-[#6:2](=[#8:5])-[#8:3]-[#1].[#6:13]-[#8:1]-[#1])	Any
EVODEX.2-Cm348_0	Any	[#6:4]-[#6:2](=[#8:5])-[#8:1]-[#6:13]>>([#6:4]-[#6:2](=[#8:5])-[#8]-[#1].[#6:13]-[#8:1]-[#1])	Any
EVODEX.2-Cm349_0	Any	[#6:3]-[#6:1](=[#8:2])-[#8:4]>>[#6:3]-[#6:1](-[#8:2]-[#1])(-[#8:4])-[#1]	Any
EVODEX.2-Cm351_0	Any;Any	[#6:3]-[#6:1](-[#8]-[#1])(-[#1:40])-[#1:41].[#16:27]-[#8:2]-[#1]>>[#6:3]-[#6:1](-[#8:2]-[#16:27])(-[#1:40])-[#1:41]	Any
EVODEX.2-Cm352_0	Any	([#6:4]-[#8:2]-[#1].[#6:13]-[#8:1]-[#15:3](=[#8:17])(-[#8:18])-[#8:19])>>([#6:4]-[#8:2]-[#15:3](=[#8:17])(-[#8:18])-[#8:19].[#6:13]-[#8:1]-[#1])	Any
EVODEX.2-Cm353_0	Any	[#6:3]-[#6:1](-[#8:27]-[#16:28])(-[#1:40])-[#1:41]>>[#6:3]-[#6:1](-[#8]-[#1])(-[#1:40])-[#1:41].[#16:28]-[#8:27]-[#1]	Any;Any
EVODEX.2-Cm355_0	Any;Any	[#6:3]-[#6:1](-[#8:20]-[#15:22])(-[#8:4])-[#1:54].[#8:46]=[#15:21](-[#8:47])(-[#8:48])-[#8:2]-[#15:16]>>[#6:3]-[#6:1](-[#8:2]-[#15:16])(-[#8:4])-[#1:54].[#15:22]-[#8:20]-[#15:21](=[#8:46])(-[#8:47])-[#8:48]	Any;Any
EVODEX.2-Cm356_0	Any;Any	[#8:4]-[#6:1](-[#6:5])(-[#1:60])-[#1].[#8:3]=[#6:2]=[#8:40]>>[#8:4]-[#6:1](-[#6:2](=[#8:40])-[#8:3]-[#1])(-[#6:5])-[#1:60]	Any
EVODEX.2-Cm358_0	Any;Any	[#6:3]-[#6:1](=[#8:10])-[#1:23].[#8:11](-[#8:12]-[#1])-[#1]>>[#6:3]-[#6:1](-[#7](-[#1])-[#1])(-[#1:23])-[#1].[#8:10](-[#1])-[#1].[#8:11]=[#8:12]	Any;Any;Any
EVODEX.2-Cm359_0	Any;Any;Any	[#6:3]-[#6:1](=[#8:14])-[#1:27].[#7:2](-[#6:10])(-[#1])-[#1].[#8:15](-[#8:16]-[#1])-[#1]>>[#6:3]-[#6:1](-[#7:2](-[#6:10])-[#1])(-[#1:27])-[#1].[#8:14](-[#1])-[#1].[#8:15]=[#8:16]	Any;Any;Any
EVODEX.2-Cm360_0	Any;Any	[#6:3]-[#6:1](=[#8])-[#1:27].[#7:2](-[#6:10])(-[#1])-[#1]>>[#6:3]-[#6:1](-[#7:2](-[#6:10])-[#1])(-[#1:27])-[#1]	Any
EVODEX.2-Cm361_0	Any;Any;Any	[#6:3]-[#6:1](-[#7:10](-[#1])-[#1])(-[#1:23])-[#1].[#8:2](-[#1])-[#1].[#8:11]=[#8:12]>>[#6:3]-[#6:1](=[#8:2])-[#1:23].[#7:10](-[#1])(-[#1])-[#1].[#8:11](-[#8:12]-[#1])-[#1]	Any;Any;Any
EVODEX.2-Cm362_0	Any;Any	[#6:3]-[#6:1](-[#7](-[#1])-[#1])(-[#1:23])-[#1].[#8:2](-[#1])-[#1]>>[#6:3]-[#6:1](=[#8:2])-[#1:23]	Any
EVODEX.2-Cm363_0	Any;Any	[#6:3]-[#6:1](-[#7:10](-[#6:11])-[#1])(-[#1:27])-[#1].[#8:15]=[#8:16]>>[#6:3]-[#6:1](=[#8])-[#1:27].[#7:10](-[#6:11])(-[#1])-[#1].[#8:15](-[#8:16]-[#1])-[#1]	Any;Any;Any
EVODEX.2-Cm364_0	Any	[#6:3]-[#6:1](-[#7:10](-[#6:11])-[#1])(-[#1:27])-[#1]>>[#6:3]-[#6:1](=[#8])-[#1:27].[#7:10](-[#6:11])(-[#1])-[#1]	Any;Any
EVODEX.2-Cm365_0	Any;Any	[#6:3]-[#6:1](-[#7:10](-[#6:11])-[#1])(-[#1:27])-[#1].[#8:2](-[#1])-[#1]>>[#6:3]-[#6:1](=[#8:2])-[#1:27].[#7:10](-[#6:11])(-[#1])-[#1]	Any;Any
EVODEX.2-Cm366_0	Any;Any;Any	[#6:3]-[#6:1](=[#8])-[#1:38].[#7:2](-[#6:14])(-[#1])-[#1].[#8:19](-[#8:20]-[#1])-[#1]>>[#6:3]-[#6:1](-[#7:2](-[#6:14])-[#1])(-[#1:38])-[#1].[#8:19]=[#8:20]	Any;Any
EVODEX.2-Cm367_0	Any;Any;Any	[#6:3]-[#6:1](-[#7:9](-[#6:10])-[#1])(-[#1:29])-[#1].[#8:2](-[#1])-[#1].[#8:19]=[#8:20]>>[#6:3]-[#6:1](=[#8:2])-[#1:29].[#7:9](-[#6:10])(-[#1])-[#1].[#8:19](-[#8:20]-[#1])-[#1]	Any;Any;Any
EVODEX.2-Cm371_0	Any	[#6:7]-[#6:2](=[#8:3])-[#6:8]>>[#6]-[#6](-[#6:2](-[#8:3]-[#1])(-[#6:7])-[#6:8])(-[#1])-[#1]	Any
EVODEX.2-Cm372_0	Any;Any	[#6:3]-[#6:1](=[#8:4])-[#8:78]-[#6:2](-[#6:5])(-[#1:82])-[#1:83].[#8:77](-[#1])-[#1]>>[#6:3]-[#6:1](=[#8:4])-[#6:2](-[#6:5])(-[#1:82])-[#1:83].[#8:77]=[#8:78]	Any;Any
EVODEX.2-Cm373_0	Any;Any;Any	[#6:3]-[#6:1](=[#8:4])-[#8:59]-[#6:2](-[#6:5])(-[#1:63])-[#1:64].[#6:16]-[#6:10]1:[#6:15](:[#6:14](:[#6:13](:[#7&+:12](-[#6:19]):[#6:11]:1-[#1:102])-[#1:78])-[#1:77])-[#1:76].[#8:58](-[#1])-[#1]>>[#6:3]-[#6:1](=[#8:4])-[#6:2](-[#6:5])(-[#1:63])-[#1:64].[#6:16]-[#6:10]1=[#6:11](-[#7:12](-[#6:19])-[#6:13](=[#6:14](-[#6:15]-1(-[#1:76])-[#1])-[#1:77])-[#1:78])-[#1:102].[#8:58]=[#8:59]	Any;Any;Any
EVODEX.2-Cm374_0	Any	[#6:3]-[#6:1](=[#8:4])-[#8]-[#6:2](-[#6:5])(-[#1:63])-[#1:64]>>[#6:3]-[#6:1](=[#8:4])-[#6:2](-[#6:5])(-[#1:63])-[#1:64]	Any
EVODEX.2-Cm375_0	Any	[#6:3]-[#6:1](=[#8:4])-[#8:59]-[#6:2](-[#6:5])(-[#1:63])-[#1:64]>>[#6:3]-[#6:1](=[#8:4])-[#6:2](-[#6:5])(-[#1:63])-[#1:64].[#8]=[#8:59]	Any;Any
EVODEX.2-Cm376_0	Any;Any	[#6:3]-[#6:1](=[#8:4])-[#8]-[#6:2](-[#6:5])(-[#1:63])-[#1:64].[#6:16]-[#6:10]1:[#6:15](:[#6:14](:[#6:13](:[#7&+:12](-[#6:19]):[#6:11]:1-[#1:102])-[#1:78])-[#1:77])-[#1:76]>>[#6:3]-[#6:1](=[#8:4])-[#6:2](-[#6:5])(-[#1:63])-[#1:64].[#6:16]-[#6:10]1=[#6:11](-[#7:12](-[#6:19])-[#6:13](=[#6:14](-[#6:15]-1(-[#1:76])-[#1])-[#1:77])-[#1:78])-[#1:102]	Any;Any
EVODEX.2-Cm377_0	Any;Any	[#6:49](-[#6:51])(-[#1:107])(-[#1:108])-[#1].[#6]-[#16]-[#6:50](=[#8:101])-[#6:102]>>[#6:51]-[#6:49](-[#6:50](=[#8:101])-[#6:102])(-[#1:107])-[#1:108]	Any
EVODEX.2-Cm378_0	Any;Any	[#6:49](-[#6:51])(-[#1:113])(-[#1:114])-[#1].[#6:2]-[#16:1]-[#6:50](=[#8:101])-[#6:102]>>[#6:2]-[#16:1]-[#1].[#6:51]-[#6:49](-[#6:50](=[#8:101])-[#6:102])(-[#1:113])-[#1:114]	Any;Any
EVODEX.2-Cm379_0	Any;Any	[#6:51](-[#6:52](=[#8:54])-[#16:1]-[#6:2])(-[#1:60])(-[#1:61])-[#1].[#6:55]-[#6:50](=[#8:49])-[#6:56]>>[#6:2]-[#16:1]-[#1].[#6:55]-[#6:50](-[#8:49]-[#1])(-[#6:51](-[#6:52](=[#8:54])-[#8]-[#1])(-[#1:60])-[#1:61])-[#6:56]	Any;Any
EVODEX.2-Cm380_0	Any;Any	[#6:51](-[#6:52](=[#8:54])-[#16]-[#6])(-[#1:60])(-[#1:61])-[#1].[#6:55]-[#6:50](=[#8:49])-[#6:56]>>[#6:55]-[#6:50](-[#8:49]-[#1])(-[#6:51](-[#6:52](=[#8:54])-[#8]-[#1])(-[#1:60])-[#1:61])-[#6:56]	Any
EVODEX.2-Cm381_0	Any;Any	[#6:55]-[#6:50](=[#8:49])-[#6:56].[#8:53](-[#1])-[#1]>>[#6:55]-[#6:50](-[#8:49]-[#1])(-[#6](-[#6](=[#8])-[#8:53]-[#1])(-[#1])-[#1])-[#6:56]	Any
EVODEX.2-Cm382_0	Any;Any;Any	[#6:51](-[#6:52](=[#8:54])-[#16]-[#6])(-[#1:63])(-[#1:64])-[#1].[#6:55]-[#6:50](=[#8:49])-[#6:56].[#8:53](-[#1])-[#1]>>[#6:55]-[#6:50](-[#8:49]-[#1])(-[#6:51](-[#6:52](=[#8:54])-[#8:53]-[#1])(-[#1:63])-[#1:64])-[#6:56]	Any
EVODEX.2-Cm383_0	Any	[#6:50]-[#6:49](=[#8:51])-[#16]-[#6]>>[#6:50]-[#6:49](=[#8:51])-[#1]	Any
EVODEX.2-Cm384_0	Any	[#6:50]-[#6:49](=[#8:51])-[#16:1]-[#6:2]>>[#6:2]-[#16:1]-[#1].[#6:50]-[#6:49](=[#8:51])-[#1]	Any;Any
EVODEX.2-Cm385_0	Any	[#6:53]-[#6:2](-[#8]-[#1])(-[#6:1](-[#6:3])(-[#1:82])-[#1])-[#1:80]>>[#6:53]-[#6:2](=[#6:1](-[#6:3])-[#1:82])-[#1:80]	Any
EVODEX.2-Cm386_0	Any;Any;Any	[#6:1](-[#6:3])(-[#1:56])(-[#1:57])-[#1].[#6:13]-[#6:7]1=[#6:12](-[#7:11](-[#6:16])-[#6:10](=[#6:9](-[#6:8]-1(-[#1:94])-[#1])-[#1:93])-[#1:92])-[#1:68].[#8:2]=[#8:55]>>[#6:3]-[#6:1](-[#8:2]-[#1])(-[#1:56])-[#1:57].[#6:13]-[#6:7]1:[#6:8](:[#6:9](:[#6:10](:[#7&+:11](-[#6:16]):[#6:12]:1-[#1:68])-[#1:92])-[#1:93])-[#1:94].[#8:55](-[#1])-[#1]	Any;Any;Any
EVODEX.2-Cm387_0	Any;Any;Any	[#6:1](-[#6:3])(-[#1:56])(-[#1:57])-[#1].[#6:13]-[#6:7]1=[#6:12](-[#7:11](-[#6:16])-[#6:10](=[#6:9](-[#6:8]-1(-[#1:94])-[#1])-[#1:93])-[#1:92])-[#1:68].[#8:2]=[#8]>>[#6:3]-[#6:1](-[#8:2]-[#1])(-[#1:56])-[#1:57].[#6:13]-[#6:7]1:[#6:8](:[#6:9](:[#6:10](:[#7&+:11](-[#6:16]):[#6:12]:1-[#1:68])-[#1:92])-[#1:93])-[#1:94]	Any;Any
EVODEX.2-Cm388_0	Any;Any;Any	[#6:3]-[#6:1](=[#8:4])-[#1].[#6:18]-[#6:12]1:[#6:17](:[#6:16](:[#6:15](:[#7&+:14](-[#6:21]):[#6:13]:1-[#1:93])-[#1:70])-[#1:69])-[#1:68].[#8:2](-[#1])-[#1]>>[#6:3]-[#6:1](=[#8:4])-[#8:2]-[#1].[#6:18]-[#6:12]1=[#6:13](-[#7:14](-[#6:21])-[#6:15](=[#6:16](-[#6:17]-1(-[#1:68])-[#1])-[#1:69])-[#1:70])-[#1:93]	Any;Any
EVODEX.2-Cm389_0	Any	[#6:3]-[#6:1](-[#8:20]-[#1])(-[#1:27])-[#1:28]>>[#6:3]-[#6:1](-[#8]-[#15])(-[#1:27])-[#1:28].[#8:20](-[#1])-[#1]	Any;Any
EVODEX.2-Cm390_0	Any;Any	[#6:3]-[#16:1]-[#1].[#6:50]-[#16:2]-[#1]>>[#6:3]-[#16:1]-[#16:2]-[#6:50]	Any
EVODEX.2-Cm391_0	Any;Any	[#6:54]-[#16:53]-[#1].[#6:2]-[#6:1](-[#6:52](=[#8:101])-[#6:102])(-[#1:178])-[#1:179]>>[#6:1](-[#6:2])(-[#1:178])(-[#1:179])-[#1].[#6:54]-[#16:53]-[#6:52](=[#8:101])-[#6:102]	Any;Any
EVODEX.2-Cm392_0	Any	[#6:2]-[#6:1](-[#6:52](=[#8:101])-[#6:102])(-[#1:178])-[#1:179]>>[#6:1](-[#6:2])(-[#1:178])(-[#1:179])-[#1].[#6]-[#16]-[#6:52](=[#8:101])-[#6:102]	Any;Any
EVODEX.2-Cm393_0	Any	[#6:54]-[#6:52](-[#8:53]-[#1])(-[#6](-[#6])(-[#1])-[#1])-[#6:55]>>[#6:54]-[#6:52](=[#8:53])-[#6:55]	Any
EVODEX.2-Cm394_0	Any	[#6:54]-[#6:52](-[#8:53]-[#1])(-[#6:1](-[#6:2](=[#8:51])-[#8:60]-[#1])(-[#1:105])-[#1:106])-[#6:55]>>[#6:1](-[#6:2](=[#8:51])-[#16]-[#6])(-[#1:105])(-[#1:106])-[#1].[#6:54]-[#6:52](=[#8:53])-[#6:55].[#8:60](-[#1])-[#1]	Any;Any;Any
EVODEX.2-Cm395_0	Any;Any	[#6:3]-[#16:2]-[#1].[#6:50]-[#6:1](=[#8:51])-[#6:65](-[#7:68])(-[#6:69])-[#1:137]>>[#6:50]-[#6:1](=[#8:51])-[#16:2]-[#6:3].[#7:68]-[#6:65](-[#6:69])(-[#6](=[#8])-[#8])-[#1:137]	Any;Any
EVODEX.2-Cm396_0	Any;Any	[#6:147]-[#6:98](-[#8:97]-[#1])(-[#1])-[#1].[#6:55]-[#6:49]1:[#6:54](:[#6:53](:[#6:52](:[#7&+:51](-[#6:58]):[#6:50]:1-[#1:290])-[#1:266])-[#1:265])-[#1:264]>>[#6:55]-[#6:49]1=[#6:50](-[#7:51](-[#6:58])-[#6:52](=[#6:53](-[#6:54]-1(-[#1:264])-[#1])-[#1:265])-[#1:266])-[#1:290].[#6:147]-[#6:98](=[#8:97])-[#16]-[#6]	Any;Any
EVODEX.2-Cm397_0	Any	[#6:147]-[#6:98](-[#8:97]-[#1])(-[#1])-[#1]>>[#6:147]-[#6:98](=[#8:97])-[#16]-[#6]	Any
EVODEX.2-Cm398_0	Any	[#6:54]-[#6:52](-[#8:53]-[#1])(-[#6](-[#6](=[#8])-[#8:58]-[#1])(-[#1])-[#1])-[#6:55]>>[#6:54]-[#6:52](=[#8:53])-[#6:55].[#8:58](-[#1])-[#1]	Any;Any
EVODEX.2-Cm399_0	Any;Any;Any	[#6:3]-[#16:2]-[#1].[#6:50]-[#6:1](=[#8:51])-[#1].[#6:72]-[#6:66]1:[#6:71](:[#6:70](:[#6:69](:[#7&+:68](-[#6:75]):[#6:67]:1-[#1:205])-[#1:182])-[#1:181])-[#1:180]>>[#6:50]-[#6:1](=[#8:51])-[#16:2]-[#6:3].[#6:72]-[#6:66]1=[#6:67](-[#7:68](-[#6:75])-[#6:69](=[#6:70](-[#6:71]-1(-[#1:180])-[#1])-[#1:181])-[#1:182])-[#1:205]	Any;Any
EVODEX.2-Cm400_0	Any	[#6:54]-[#6:52](-[#8:53]-[#1])(-[#6:1](-[#6:2](=[#8:51])-[#8]-[#1])(-[#1:106])-[#1:107])-[#6:55]>>[#6:1](-[#6:2](=[#8:51])-[#16]-[#6])(-[#1:106])(-[#1:107])-[#1].[#6:54]-[#6:52](=[#8:53])-[#6:55]	Any;Any
EVODEX.2-Cm401_0	Any;Any	[#6:4]-[#16:3]-[#1].[#6:54]-[#6:52](-[#8:53]-[#1])(-[#6:1](-[#6:2](=[#8:51])-[#8]-[#1])(-[#1:109])-[#1:110])-[#6:55]>>[#6:1](-[#6:2](=[#8:51])-[#16:3]-[#6:4])(-[#1:109])(-[#1:110])-[#1].[#6:54]-[#6:52](=[#8:53])-[#6:55]	Any;Any
EVODEX.2-Cm402_0	Any;Any	[#6:4]-[#16:3]-[#1].[#6:54]-[#6:52](-[#8:53]-[#1])(-[#6:1](-[#6:2](=[#8:51])-[#8:62]-[#1])(-[#1:109])-[#1:110])-[#6:55]>>[#6:1](-[#6:2](=[#8:51])-[#16:3]-[#6:4])(-[#1:109])(-[#1:110])-[#1].[#6:54]-[#6:52](=[#8:53])-[#6:55].[#8:62](-[#1])-[#1]	Any;Any;Any
EVODEX.2-Cm403_0	Any;Any	[#6]-[#16]-[#6:56](=[#8:58])-[#6:59].[#8]=[#6](-[#8:57]-[#1])-[#6]>>[#6:59]-[#6:56](=[#8:58])-[#8:57]-[#1]	Any
EVODEX.2-Cm404_0	Any;Any	[#6:3]-[#6:1](=[#6:2](-[#6:53])-[#1:98])-[#1:97].[#8:60](-[#8:61]-[#1])-[#1]>>[#6:3]-[#6:1](-[#6:2](-[#6:53])(-[#1:98])-[#1])(-[#1:97])-[#1].[#8:60]=[#8:61]	Any;Any
EVODEX.2-Cm405_0	Any;Any	[#6:3]-[#6:1](=[#8:4])-[#1].[#8:2](-[#1])-[#1]>>[#6:3]-[#6:1](=[#8:4])-[#8:2]-[#1]	Any
EVODEX.2-Cm406_0	Any;Any	[#6]-[#16]-[#6:49](=[#8:50])-[#6:51].[#6:62]-[#6:56]1=[#6:61](-[#7:60](-[#6:65])-[#6:59](=[#6:58](-[#6:57]-1(-[#1:172])-[#1])-[#1:171])-[#1:170])-[#1:146]>>[#8:50]=[#6:49](-[#6:51])-[#1].[#6:62]-[#6:56]1:[#6:57](:[#6:58](:[#6:59](:[#7&+:60](-[#6:65]):[#6:61]:1-[#1:146])-[#1:170])-[#1:171])-[#1:172]	Any;Any
EVODEX.2-Cm407_0	Any;Any	[#6:2]-[#16:1]-[#6:49](=[#8:51])-[#6:52].[#6:60]-[#6:50](-[#7:61])(-[#6:62](=[#8:64])-[#8:63]-[#1])-[#1:114]>>[#6:2]-[#16:1]-[#1].[#6:60]-[#6:50](-[#7:61])(-[#6:49](=[#8:51])-[#6:52])-[#1:114].[#8:63]=[#6:62]=[#8:64]	Any;Any;Any
EVODEX.2-Cm410_0	Any;Any	[#6:3]-[#6:1](-[#8]-[#15])(-[#1:62])-[#1:63].[#8:2](-[#1])-[#1]>>[#6:3]-[#6:1](-[#8:2]-[#1])(-[#1:62])-[#1:63]	Any
EVODEX.2-Cm411_0	Any;Any	[#15:73]-[#8:72]-[#6:1](-[#8:3])(-[#6:4])-[#1:109].[#15:13]-[#8:2]-[#1]>>[#15:13]-[#8:2]-[#6:1](-[#8:3])(-[#6:4])-[#1:109].[#15:73]-[#8:72]-[#1]	Any;Any
EVODEX.2-Cm415_0	Any;Any	[#6:38]-[#6:32]1:[#6:37](:[#6:36](:[#6:35](:[#7&+:34](-[#6:41]):[#6:33]:1-[#1:105])-[#1:82])-[#1:81])-[#1:80].[#6:3]-[#6:1](=[#8])-[#1:146]>>[#6:3]-[#6:1](-[#8]-[#1])(-[#1:146])-[#1].[#6:38]-[#6:32]1=[#6:33](-[#7:34](-[#6:41])-[#6:35](=[#6:36](-[#6:37]-1(-[#1:80])-[#1])-[#1:81])-[#1:82])-[#1:105]	Any;Any
EVODEX.2-Cm417_0	Any;Any;Any	[#6:3]-[#6:1](-[#8]-[#1])(-[#6:4])-[#1:88].[#15:32]-[#8:30]-[#1].[#8:58]=[#15:31](-[#8:2]-[#1])(-[#8:59])-[#8:60]>>[#6:3]-[#6:1](-[#8:2]-[#1])(-[#6:4])-[#1:88].[#15:32]-[#8:30]-[#15:31](=[#8:58])(-[#8:59])-[#8:60]	Any;Any
EVODEX.2-Cm418_0	Any	[#6:3]-[#6:1](-[#8:34]-[#1])(-[#6:4])-[#1:88]>>[#6:3]-[#6:1](-[#8]-[#1])(-[#6:4])-[#1:88].[#8]-[#15](=[#8])(-[#8:34]-[#1])-[#8]	Any;Any
EVODEX.2-Cm419_0	Any;Any	[#6:3]-[#6:1](-[#8]-[#1])(-[#6:4])-[#1:88].[#8:2](-[#1])-[#1]>>[#6:3]-[#6:1](-[#8:2]-[#1])(-[#6:4])-[#1:88]	Any
EVODEX.2-Cm420_0	Any;Any	[#6:3]-[#6:1](-[#8:34]-[#1])(-[#6:4])-[#1:88].[#8:2](-[#1])-[#1]>>[#6:3]-[#6:1](-[#8:2]-[#1])(-[#6:4])-[#1:88].[#8]-[#15](=[#8])(-[#8:34]-[#1])-[#8]	Any;Any
EVODEX.2-Cm421_0	Any;Any	[#8:3]-[#6:1](-[#8:29]-[#1])(-[#6:4])-[#1:35].[#6:15]:[#7:2](:[#6:16])-[#1]>>[#6:15]:[#7:2](:[#6:16])-[#6:1](-[#8:3])(-[#6:4])-[#1:35].[#8:29](-[#1])-[#1]	Any;Any
EVODEX.2-Cm424_0	Any;Any	[#6:3]-[#6:1](=[#8:9])-[#6:4].[#8:10](-[#8:11]-[#1])-[#1]>>[#6:3]-[#6:1](-[#7](-[#1])-[#1])(-[#6:4])-[#1].[#8:9](-[#1])-[#1].[#8:10]=[#8:11]	Any;Any;Any
EVODEX.2-Cm425_0	Any	[#6:3]-[#6:1](=[#8:10])-[#6:4]>>[#6:3]-[#6:1](-[#7](-[#1])-[#1])(-[#6:4])-[#1].[#8:10]=[#6](-[#6])-[#1]	Any;Any
EVODEX.2-Cm426_0	Any	[#6:2]-[#6:1](=[#8:3])-[#6:6](=[#8:8])-[#8:7]-[#1]>>[#6:2]-[#6:1](=[#8:3])-[#1].[#8:7]=[#6:6]=[#8:8]	Any;Any
EVODEX.2-Cm427_0	Any	[#6:3]-[#6:1](-[#6:7](=[#8:9])-[#8:8]-[#1])(-[#7:2](-[#8:10]-[#1])-[#8:6])-[#1:18]>>[#6:3]-[#6:1](=[#7:2]-[#8:6])-[#1:18].[#8:8]=[#6:7]=[#8:9].[#8:10](-[#1])-[#1]	Any;Any;Any
EVODEX.2-Cm428_0	Any	[#6:3]-[#6:1](-[#6:7](=[#8:9])-[#8:8]-[#1])(-[#7:2](-[#8]-[#1])-[#8:6])-[#1:18]>>[#6:3]-[#6:1](=[#7:2]-[#8:6])-[#1:18].[#8:8]=[#6:7]=[#8:9]	Any;Any
EVODEX.2-Cm430_0	Any;Any	[#7:3]=[#6:1](-[#7:4])-[#7](-[#6])-[#1].[#6:5]-[#7:2](-[#1])-[#1]>>[#6:5]-[#7:2](-[#6:1](=[#7:3])-[#7:4])-[#1]	Any
EVODEX.2-Cm431_0	Any	[#6:5]-[#7:2](-[#1])-[#1]>>[#6:5]-[#7:2](-[#6](=[#7])-[#7])-[#1]	Any
EVODEX.2-Cm435_0	Any;Any	[#6:8]-[#6:6](-[#7](-[#1])-[#1])(-[#6:9])-[#1].[#8:7]=[#6](-[#6])-[#1]>>[#6:8]-[#6:6](=[#8:7])-[#6:9]	Any
EVODEX.2-Cm437_0	Any	[#6:14]-[#7:13](-[#6](=[#7])-[#7])-[#1]>>[#6:14]-[#7:13](-[#1])-[#1]	Any
EVODEX.2-Cm438_0	Any	[#6:14]-[#7:13](-[#6:1](=[#7:3])-[#7:4])-[#1]>>[#7:3]=[#6:1](-[#7:4])-[#7](-[#6])-[#1].[#6:14]-[#7:13](-[#1])-[#1]	Any;Any
EVODEX.2-Cm439_0	Any	[#6:6]-[#6:3](=[#7:4]-[#8:9])-[#1:18]>>[#6:6]-[#6:3](-[#6](=[#8])-[#8])(-[#7:4](-[#8]-[#1])-[#8:9])-[#1:18]	Any
EVODEX.2-Cm440_0	Any;Any;Any	[#6:12]-[#6:6]1=[#6:11](-[#7:10](-[#6:15])-[#6:9](=[#6:8](-[#6:7]-1(-[#1:78])-[#1])-[#1:77])-[#1:76])-[#1:53].[#6:3]-[#6:1](=[#8:50])-[#1:87].[#7:2](-[#1])(-[#1])-[#1]>>[#6:3]-[#6:1](-[#7:2](-[#1])-[#1])(-[#1:87])-[#1].[#6:12]-[#6:6]1:[#6:7](:[#6:8](:[#6:9](:[#7&+:10](-[#6:15]):[#6:11]:1-[#1:53])-[#1:76])-[#1:77])-[#1:78].[#8:50](-[#1])-[#1]	Any;Any;Any
EVODEX.2-Cm441_0	Any;Any	[#6:12]-[#6:6]1=[#6:11](-[#7:10](-[#6:15])-[#6:9](=[#6:8](-[#6:7]-1(-[#1:78])-[#1])-[#1:77])-[#1:76])-[#1:53].[#6:3]-[#6:1](=[#8])-[#1:87]>>[#6:3]-[#6:1](-[#7](-[#1])-[#1])(-[#1:87])-[#1].[#6:12]-[#6:6]1:[#6:7](:[#6:8](:[#6:9](:[#7&+:10](-[#6:15]):[#6:11]:1-[#1:53])-[#1:76])-[#1:77])-[#1:78]	Any;Any
EVODEX.2-Cm442_0	Any;Any;Any	[#6:12]-[#6:6]1=[#6:11](-[#7:10](-[#6:15])-[#6:9](=[#6:8](-[#6:7]-1(-[#1:83])-[#1])-[#1:82])-[#1:81])-[#1:57].[#6:3]-[#6:1](=[#8])-[#1:92].[#7:2](-[#1])(-[#1])-[#1]>>[#6:3]-[#6:1](-[#7:2](-[#1])-[#1])(-[#1:92])-[#1].[#6:12]-[#6:6]1:[#6:7](:[#6:8](:[#6:9](:[#7&+:10](-[#6:15]):[#6:11]:1-[#1:57])-[#1:81])-[#1:82])-[#1:83]	Any;Any
EVODEX.2-Cm443_0	Any;Any	[#6:12]-[#6:6]1=[#6:11](-[#7:10](-[#6:15])-[#6:9](=[#6:8](-[#6:7]-1(-[#1:83])-[#1])-[#1:82])-[#1:81])-[#1:57].[#6:3]-[#6:1](=[#8:54])-[#1:92]>>[#6:3]-[#6:1](-[#7](-[#1])-[#1])(-[#1:92])-[#1].[#6:12]-[#6:6]1:[#6:7](:[#6:8](:[#6:9](:[#7&+:10](-[#6:15]):[#6:11]:1-[#1:57])-[#1:81])-[#1:82])-[#1:83].[#8:54](-[#1])-[#1]	Any;Any;Any
EVODEX.2-Cm444_0	Any	[#6:4]-[#6:1](=[#8:5])-[#1]>>[#6:4]-[#6:1](=[#8:5])-[#6](=[#8])-[#8]	Any
EVODEX.2-Cm445_0	Any;Any;Any	[#6:3]-[#6:1](=[#8:10])-[#6:4].[#7:2](-[#1])(-[#1])-[#1].[#8:11](-[#8:12]-[#1])-[#1]>>[#6:3]-[#6:1](-[#7:2](-[#1])-[#1])(-[#6:4])-[#1].[#8:10](-[#1])-[#1].[#8:11]=[#8:12]	Any;Any;Any
EVODEX.2-Cm448_0	Any;Any;Any	[#6:3]-[#6:1](-[#7](-[#1])-[#1])(-[#6:4])-[#1].[#8:2](-[#1])-[#1].[#8:11]=[#8:12]>>[#6:3]-[#6:1](=[#8:2])-[#6:4].[#8:11](-[#8:12]-[#1])-[#1]	Any;Any
EVODEX.2-Cm449_0	Any;Any	[#6:3]-[#6:1](=[#8:2])-[#6:4].[#8:29](-[#8:30]-[#1])-[#1]>>[#6:3]-[#6:1](-[#8:2]-[#1])(-[#6:4])-[#1].[#8:29]=[#8:30]	Any;Any
EVODEX.2-Cm451_0	Any;Any	[#6:1](-[#6:3])(-[#1:70])(-[#1:71])-[#1].[#6:27]-[#6:21]1=[#6:26](-[#7:25](-[#6:30])-[#6:24](=[#6:23](-[#6:22]-1(-[#1:132])-[#1])-[#1:131])-[#1:130])-[#1:106]>>[#6:3]-[#6:1](-[#8]-[#1])(-[#1:70])-[#1:71].[#6:27]-[#6:21]1:[#6:22](:[#6:23](:[#6:24](:[#7&+:25](-[#6:30]):[#6:26]:1-[#1:106])-[#1:130])-[#1:131])-[#1:132]	Any;Any
EVODEX.2-Cm452_0	Any;Any	[#6:47]-[#6:45](-[#7:50](-[#1])-[#1])(-[#1:58])-[#1].[#6:7]-[#6:1]1:[#6:6](:[#6:5](:[#6:4](:[#7&+:3](-[#6:10]):[#6:2]:1-[#1:89])-[#1:66])-[#1:65])-[#1:64]>>[#6:7]-[#6:1]1=[#6:2](-[#7:3](-[#6:10])-[#6:4](=[#6:5](-[#6:6]-1(-[#1:64])-[#1])-[#1:65])-[#1:66])-[#1:89].[#6:47]-[#6:45](=[#8])-[#1:58].[#7:50](-[#1])(-[#1])-[#1]	Any;Any;Any
EVODEX.2-Cm453_0	Any;Any;Any	[#6:51]-[#6:49](-[#7](-[#1])-[#1])(-[#1:62])-[#1].[#6:7]-[#6:1]1:[#6:6](:[#6:5](:[#6:4](:[#7&+:3](-[#6:10]):[#6:2]:1-[#1:94])-[#1:70])-[#1:69])-[#1:68].[#8:50](-[#1])-[#1]>>[#6:7]-[#6:1]1=[#6:2](-[#7:3](-[#6:10])-[#6:4](=[#6:5](-[#6:6]-1(-[#1:68])-[#1])-[#1:69])-[#1:70])-[#1:94].[#6:51]-[#6:49](=[#8:50])-[#1:62]	Any;Any
EVODEX.2-Cm454_0	Any;Any	[#6:11]-[#7:2](-[#1])-[#1].[#8]-[#15](=[#8])(-[#8])-[#8:14]-[#15:15]>>[#6:11]-[#7:2](-[#6](=[#8])-[#6])-[#1].[#15:15]-[#8:14]-[#1]	Any;Any
EVODEX.2-Cm455_0	Any;Any	[#6:2]-[#6:1](-[#6:3])(-[#8:48]-[#1])-[#1:53].[#6:10]-[#6:4]1:[#6:9](:[#6:8](:[#6:7](:[#7&+:6](-[#6:13]):[#6:5]:1-[#1:85])-[#1:62])-[#1:61])-[#1:60]>>[#6:2]-[#6:1](-[#6:3])(-[#1:53])-[#1].[#6:10]-[#6:4]1=[#6:5](-[#7:6](-[#6:13])-[#6:7](=[#6:8](-[#6:9]-1(-[#1:60])-[#1])-[#1:61])-[#1:62])-[#1:85].[#8:48]=[#8]	Any;Any;Any
EVODEX.2-Cm456_0	Any;Any	[#6:3]-[#6:1](=[#8:4])-[#1].[#6:29]-[#6:23]1:[#6:28](:[#6:27](:[#6:26](:[#7&+:25](-[#6:32]):[#6:24]:1-[#1:124])-[#1:101])-[#1:100])-[#1:99]>>[#6:3]-[#6:1](=[#8:4])-[#8]-[#1].[#6:29]-[#6:23]1=[#6:24](-[#7:25](-[#6:32])-[#6:26](=[#6:27](-[#6:28]-1(-[#1:99])-[#1])-[#1:100])-[#1:101])-[#1:124]	Any;Any
EVODEX.2-Cm457_0	Any;Any	[#6:3]-[#6:1](-[#8:38]-[#1])(-[#6:4])-[#1:84].[#8:40]-[#15:39](=[#8:41])(-[#8:42])-[#8:2]-[#16:34]>>[#6:3]-[#6:1](-[#8:2]-[#16:34])(-[#6:4])-[#1:84].[#8:40]-[#15:39](=[#8:41])(-[#8:38]-[#1])-[#8:42]	Any;Any
EVODEX.2-Cm459_0	Any;Any	[#6:3]-[#6:1](-[#8:35]-[#1])(-[#6:4])-[#1:88].[#8:64]=[#15:37](-[#8:2]-[#1])(-[#8:65])-[#8:66]>>[#6:3]-[#6:1](-[#8:2]-[#1])(-[#6:4])-[#1:88].[#8:35](-[#1])-[#1].[#15]-[#8]-[#15:37](=[#8:64])(-[#8:65])-[#8:66]	Any;Any;Any
EVODEX.2-Cm461_0	Any;Any	[#6:4]-[#6:2]1(-[#8:1]-[#6:5]-1)-[#1:42].[#8:3](-[#1])-[#1]>>[#6:4]-[#6:2](-[#8:3]-[#1])(-[#6:5]-[#8:1]-[#1])-[#1:42]	Any
EVODEX.2-Cm462_0	Any	[#6:4]-[#6:2]1(-[#8:1]-[#6:5]-1)-[#1:42]>>[#6:4]-[#6:2](-[#8]-[#1])(-[#6:5]-[#8:1]-[#1])-[#1:42]	Any
EVODEX.2-Cm463_0	Any;Any	[#6:2]-[#6:1](-[#8]-[#1])(-[#1:67])-[#1:68].[#6:24]-[#6:18]1:[#6:23](:[#6:22](:[#6:21](:[#7&+:20](-[#6:27]):[#6:19]:1-[#1:107])-[#1:84])-[#1:83])-[#1:82]>>[#6:1](-[#6:2])(-[#1:67])(-[#1:68])-[#1].[#6:24]-[#6:18]1=[#6:19](-[#7:20](-[#6:27])-[#6:21](=[#6:22](-[#6:23]-1(-[#1:82])-[#1])-[#1:83])-[#1:84])-[#1:107]	Any;Any
EVODEX.2-Cm464_0	Any;Any	[#6:3]-[#6:1](=[#8:4])-[#8]-[#1].[#8:2](-[#1])-[#1]>>[#6:3]-[#6:1](=[#8:4])-[#8:2]-[#1]	Any
EVODEX.2-Cm465_0	Any;Any	[#6:3]-[#6:1](=[#8:4])-[#8]-[#1].[#8]=[#15](-[#8:2]-[#1])(-[#8])-[#8]>>[#6:3]-[#6:1](=[#8:4])-[#8:2]-[#1]	Any
EVODEX.2-Cm467_0	Any;Any;Any	[#6:3]-[#6:1](-[#7:7](-[#1])-[#1])(-[#6:4])-[#1].[#8:2](-[#1])-[#1].[#8:8]=[#8:9]>>[#6:3]-[#6:1](=[#8:2])-[#6:4].[#7:7](-[#1])(-[#1])-[#1].[#8:8](-[#8:9]-[#1])-[#1]	Any;Any;Any
EVODEX.2-Cm468_0	Any;Any	[#6:3]-[#6:1](-[#7](-[#1])-[#1])(-[#6:4])-[#1].[#8:8]=[#8:9]>>[#6:3]-[#6:1](=[#8])-[#6:4].[#8:8](-[#8:9]-[#1])-[#1]	Any;Any
EVODEX.2-Cm469_0	Any;Any	[#6:3]-[#6:1](-[#7:7](-[#1])-[#1])=[#8:4].[#8:2](-[#1])-[#1]>>[#6:3]-[#6:1](=[#8:4])-[#8:2]-[#1].[#7:7](-[#1])(-[#1])-[#1]	Any;Any
EVODEX.2-Cm470_0	Any;Any	[#6:3]-[#6:1](-[#7](-[#1])-[#1])=[#8:4].[#8:2](-[#1])-[#1]>>[#6:3]-[#6:1](=[#8:4])-[#8:2]-[#1]	Any
EVODEX.2-Cm472_0	Any;Any;Any	[#6:47]-[#6:45](-[#7:51](-[#6:52])-[#1])(-[#6:48])-[#1].[#6:7]-[#6:1]1:[#6:6](:[#6:5](:[#6:4](:[#7&+:3](-[#6:10]):[#6:2]:1-[#1:95])-[#1:72])-[#1:71])-[#1:70].[#8:46](-[#1])-[#1]>>[#6:7]-[#6:1]1=[#6:2](-[#7:3](-[#6:10])-[#6:4](=[#6:5](-[#6:6]-1(-[#1:70])-[#1])-[#1:71])-[#1:72])-[#1:95].[#6:47]-[#6:45](=[#8:46])-[#6:48].[#6:52]-[#7:51](-[#1])-[#1]	Any;Any;Any
EVODEX.2-Cm473_0	Any	[#6]-[#6](-[#7:51](-[#6:52])-[#1])(-[#6])-[#1]>>[#6:52]-[#7:51](-[#1])-[#1]	Any
EVODEX.2-Cm474_0	Any	[#6:47]-[#6:45](-[#7:51](-[#6:52])-[#1])(-[#6:48])-[#1]>>[#6:47]-[#6:45](=[#8])-[#6:48].[#6:52]-[#7:51](-[#1])-[#1]	Any;Any
EVODEX.2-Cm475_0	Any;Any	[#6:47]-[#6:45](-[#7:51](-[#6:52])-[#1])(-[#6:48])-[#1].[#6:7]-[#6:1]1:[#6:6](:[#6:5](:[#6:4](:[#7&+:3](-[#6:10]):[#6:2]:1-[#1:95])-[#1:72])-[#1:71])-[#1:70]>>[#6:7]-[#6:1]1=[#6:2](-[#7:3](-[#6:10])-[#6:4](=[#6:5](-[#6:6]-1(-[#1:70])-[#1])-[#1:71])-[#1:72])-[#1:95].[#6:47]-[#6:45](=[#8])-[#6:48].[#6:52]-[#7:51](-[#1])-[#1]	Any;Any;Any
EVODEX.2-Cm476_0	Any;Any	[#6]-[#6](-[#7:51](-[#6:52])-[#1])(-[#6])-[#1].[#6:7]-[#6:1]1:[#6:6](:[#6:5](:[#6:4](:[#7&+:3](-[#6:10]):[#6:2]:1-[#1:95])-[#1:72])-[#1:71])-[#1:70]>>[#6:7]-[#6:1]1=[#6:2](-[#7:3](-[#6:10])-[#6:4](=[#6:5](-[#6:6]-1(-[#1:70])-[#1])-[#1:71])-[#1:72])-[#1:95].[#6:52]-[#7:51](-[#1])-[#1]	Any;Any
EVODEX.2-Cm477_0	Any;Any	[#6:51]-[#6:49](-[#7:55](-[#6:56])-[#1])(-[#6:52])-[#1].[#8:50](-[#1])-[#1]>>[#6:51]-[#6:49](=[#8:50])-[#6:52].[#7:55](-[#6:56])(-[#1])-[#1]	Any;Any
EVODEX.2-Cm479_0	Any;Any	[#6:3]-[#6:1](-[#7:9](-[#1])-[#1])(-[#6:4])-[#1].[#8:10]=[#8:11]>>[#6:3]-[#6:1](=[#8])-[#6:4].[#7:9](-[#1])(-[#1])-[#1].[#8:10](-[#8:11]-[#1])-[#1]	Any;Any;Any
EVODEX.2-Cm480_0	Any;Any	[#6:18]-[#6:12]1=[#6:17](-[#7:16](-[#6:21])-[#6:15](=[#6:14](-[#6:13]-1(-[#1:83])-[#1])-[#1:82])-[#1:81])-[#1:58].[#8:3]-[#6:1](=[#8:2])-[#6:4]>>[#8:3]-[#6:1](-[#8:2]-[#1])(-[#6:4])-[#1].[#6:18]-[#6:12]1:[#6:13](:[#6:14](:[#6:15](:[#7&+:16](-[#6:21]):[#6:17]:1-[#1:58])-[#1:81])-[#1:82])-[#1:83]	Any;Any
EVODEX.2-Cm481_0	Any	[#6:9]-[#6:7](-[#8:8]-[#1])(-[#6](-[#6])(-[#1])-[#1])-[#1:13]>>[#6:9]-[#6:7](=[#8:8])-[#1:13]	Any
EVODEX.2-Cm483_0	Any;Any	[#6:3]-[#6:1](=[#8:4])-[#8:13]-[#6:14].[#8:2](-[#1])-[#1]>>[#6:3]-[#6:1](=[#8:4])-[#8:2]-[#1].[#8:13](-[#6:14])-[#1]	Any;Any
EVODEX.2-Cm484_0	Any;Any	[#6:3]-[#6:1](-[#8:20]-[#1])(-[#6:4])-[#1:35].[#15:12]-[#8:2]-[#1]>>[#6:3]-[#6:1](-[#8:2]-[#15:12])(-[#6:4])-[#1:35].[#8:20](-[#1])-[#1]	Any;Any
EVODEX.2-Cm485_0	Any;Any	[#6:21]-[#6:15]1=[#6:20](-[#7:19](-[#6:24])-[#6:18](=[#6:17](-[#6:16]-1(-[#1:86])-[#1])-[#1:85])-[#1:84])-[#1:61].[#6:4]-[#6:1](=[#7:2]-[#6:11])-[#6:3]>>[#6:4]-[#6:1](-[#7:2](-[#6:11])-[#1])(-[#6:3])-[#1].[#6:21]-[#6:15]1:[#6:16](:[#6:17](:[#6:18](:[#7&+:19](-[#6:24]):[#6:20]:1-[#1:61])-[#1:84])-[#1:85])-[#1:86]	Any;Any
EVODEX.2-Cm486_0	Any;Any	[#6:3]-[#6:1](-[#6:4])(-[#1:65])-[#1].[#8:2]=[#8:61]>>[#6:3]-[#6:1](-[#8:2]-[#1])(-[#6:4])-[#1:65].[#8:61](-[#1])-[#1]	Any;Any
EVODEX.2-Cm489_0	Any;Any	[#6:3]-[#6:1](-[#8:91]-[#1])(-[#1:154])-[#1:155].[#8:120]=[#15:93](-[#8:2]-[#1])(-[#8:121])-[#8:122]>>[#6:3]-[#6:1](-[#8:2]-[#1])(-[#1:154])-[#1:155].[#8:91](-[#1])-[#1].[#15]-[#8]-[#15:93](=[#8:120])(-[#8:121])-[#8:122]	Any;Any;Any
EVODEX.2-Cm490_0	Any;Any;Any	[#6:3]-[#6:1](-[#8]-[#1])(-[#1:154])-[#1:155].[#15:94]-[#8:92]-[#1].[#8:120]=[#15:93](-[#8:2]-[#1])(-[#8:121])-[#8:122]>>[#6:3]-[#6:1](-[#8:2]-[#1])(-[#1:154])-[#1:155].[#15:94]-[#8:92]-[#15:93](=[#8:120])(-[#8:121])-[#8:122]	Any;Any
EVODEX.2-Cm491_0	Any;Any	[#6:3]-[#6:1](-[#8:91]-[#1])(-[#1:154])-[#1:155].[#8]=[#15](-[#8:2]-[#1])(-[#8])-[#8]>>[#6:3]-[#6:1](-[#8:2]-[#1])(-[#1:154])-[#1:155].[#8:91](-[#1])-[#1]	Any;Any
EVODEX.2-Cm492_0	Any;Any	[#6:3]-[#6:1](-[#6:4])(-[#8:72]-[#15:74])-[#1:128].[#8:101]=[#15:73](-[#8:102])(-[#8:103])-[#8:2]-[#15:68]>>[#6:3]-[#6:1](-[#6:4])(-[#8:2]-[#15:68])-[#1:128].[#15:74]-[#8:72]-[#15:73](=[#8:101])(-[#8:102])-[#8:103]	Any;Any
EVODEX.2-Cm493_0	Any;Any	[#6:3]-[#6:1](=[#8:4])-[#8:68]-[#6:2](-[#6:8])(-[#1:73])-[#1:74].[#6:25]-[#6:19]1:[#6:24](:[#6:23](:[#6:22](:[#7&+:21](-[#6:28]):[#6:20]:1-[#1:117])-[#1:93])-[#1:92])-[#1:91]>>[#6:3]-[#6:1](=[#8:4])-[#6:2](-[#6:8])(-[#1:73])-[#1:74].[#6:25]-[#6:19]1=[#6:20](-[#7:21](-[#6:28])-[#6:22](=[#6:23](-[#6:24]-1(-[#1:91])-[#1])-[#1:92])-[#1:93])-[#1:117].[#8]=[#8:68]	Any;Any;Any
EVODEX.2-Cm496_0	Any;Any;Any	[#6:3]-[#6:1](-[#6:4])(-[#1:96])-[#1].[#6:39]-[#6:33]1=[#6:38](-[#7:37](-[#6:42])-[#6:36](=[#6:35](-[#6:34]-1(-[#1:140])-[#1])-[#1:139])-[#1:138])-[#1:114].[#8:2]=[#8]>>[#6:4]-[#6:1](-[#8:2]-[#1])(-[#6:3])-[#1:96].[#6:39]-[#6:33]1:[#6:34](:[#6:35](:[#6:36](:[#7&+:37](-[#6:42]):[#6:38]:1-[#1:114])-[#1:138])-[#1:139])-[#1:140]	Any;Any
EVODEX.2-Cm497_0	Any;Any	[#8:3]-[#6:1](-[#8]-[#15])(-[#6:4])-[#1:52].[#15:12]-[#8:2]-[#15](=[#8])(-[#8])-[#8]>>[#8:3]-[#6:1](-[#8:2]-[#15:12])(-[#6:4])-[#1:52]	Any
EVODEX.2-Cm498_0	Any	[#8:3]-[#6:1](-[#8:16]-[#15:18])(-[#6:4])-[#1:52]>>[#8:3]-[#6:1](-[#8]-[#15])(-[#6:4])-[#1:52].[#15:18]-[#8:16]-[#15](=[#8])(-[#8])-[#8]	Any;Any
EVODEX.2-Cm499_0	Any	[#6:29]-[#7:28](-[#6:30])-[#1]>>[#6:29]-[#7:28](-[#6](-[#1])(-[#1])-[#1])-[#6:30]	Any
EVODEX.2-Cm500_0	Any;Any	[#6:2]-[#6:1](=[#8:3])-[#8:62]-[#1].[#8:64]-[#15:63](=[#8:65])(-[#8:66])-[#8:53]-[#15:54]>>[#6:2]-[#6:1](=[#8:3])-[#1].[#15:54]-[#8:53]-[#1].[#8:64]-[#15:63](=[#8:65])(-[#8:62]-[#1])-[#8:66]	Any;Any;Any
EVODEX.2-Cm501_0	Any;Any;Any	[#6:2]-[#6:1](=[#8:3])-[#8:62]-[#1].[#6:11]-[#6:5]1=[#6:10](-[#7:9](-[#6:14])-[#6:8](=[#6:7](-[#6:6]-1(-[#1:119])-[#1])-[#1:118])-[#1:117])-[#1:93].[#8:64]-[#15:63](=[#8:65])(-[#8:66])-[#8:53]-[#15:54]>>[#6:2]-[#6:1](=[#8:3])-[#1].[#6:11]-[#6:5]1:[#6:6](:[#6:7](:[#6:8](:[#7&+:9](-[#6:14]):[#6:10]:1-[#1:93])-[#1:117])-[#1:118])-[#1:119].[#15:54]-[#8:53]-[#1].[#8:64]-[#15:63](=[#8:65])(-[#8:62]-[#1])-[#8:66]	Any;Any;Any;Any
EVODEX.2-Cm502_0	Any	[#6:3]-[#6:1](-[#6](=[#8])-[#8])(-[#7:2](-[#8:11]-[#1])-[#8:7])-[#1:21]>>[#6:3]-[#6:1](=[#7:2]-[#8:7])-[#1:21].[#8:11](-[#1])-[#1]	Any;Any
EVODEX.2-Cm504_0	Any;Any	[#6:6]-[#6:3](=[#7:4]-[#8:10])-[#1:21].[#8:5](-[#1])-[#1]>>[#6:6]-[#6:3](-[#6](=[#8])-[#8])(-[#7:4](-[#8:5]-[#1])-[#8:10])-[#1:21]	Any
EVODEX.2-Cm505_0	Any;Any;Any	[#6:47]-[#6:45](-[#7:51](-[#1])-[#1])(-[#1:61])-[#1].[#6:7]-[#6:1]1:[#6:6](:[#6:5](:[#6:4](:[#7&+:3](-[#6:10]):[#6:2]:1-[#1:92])-[#1:69])-[#1:68])-[#1:67].[#8:46](-[#1])-[#1]>>[#6:7]-[#6:1]1=[#6:2](-[#7:3](-[#6:10])-[#6:4](=[#6:5](-[#6:6]-1(-[#1:67])-[#1])-[#1:68])-[#1:69])-[#1:92].[#6:47]-[#6:45](=[#8:46])-[#1:61].[#7:51](-[#1])(-[#1])-[#1]	Any;Any;Any
EVODEX.2-Cm506_0	Any;Any	[#6:51]-[#6:49](-[#7](-[#1])-[#1])(-[#1:65])-[#1].[#6:7]-[#6:1]1:[#6:6](:[#6:5](:[#6:4](:[#7&+:3](-[#6:10]):[#6:2]:1-[#1:97])-[#1:73])-[#1:72])-[#1:71]>>[#6:7]-[#6:1]1=[#6:2](-[#7:3](-[#6:10])-[#6:4](=[#6:5](-[#6:6]-1(-[#1:71])-[#1])-[#1:72])-[#1:73])-[#1:97].[#6:51]-[#6:49](=[#8])-[#1:65]	Any;Any
EVODEX.2-Cm509_0	Any	[#6:4]-[#6:3](=[#6:2](-[#6:1](-[#6:18])(-[#8:24]-[#8:25]-[#1])-[#1:47])-[#1:46])-[#1:45]>>[#6:4]-[#6:3](-[#6:2](=[#6:1](-[#6:18])-[#1:47])-[#1:46])(-[#1:45])-[#1].[#8:24]=[#8:25]	Any;Any
EVODEX.2-Cm510_0	Any	[#6:42]-[#8:41]-[#8:64]-[#1]>>[#6:42]-[#8:41]-[#1].[#8:64](-[#1])-[#1]	Any;Any
EVODEX.2-Cm511_0	Any	[#6:16]-[#6:1](-[#6:2](=[#6:3](-[#6:4])-[#1:34])-[#1:33])(-[#8]-[#8])-[#1:32]>>[#6:16]-[#6:1](=[#6:2](-[#6:3](-[#6:4])(-[#1:34])-[#1])-[#1:33])-[#1:32]	Any
EVODEX.2-Cm512_0	Any;Any	[#6:14]-[#6:1](-[#6:2](=[#6:3](-[#6:6])-[#1:49])-[#1:48])(-[#1:46])-[#1].[#8:4]=[#8:5]>>[#6:14]-[#6:1](=[#6:2](-[#6:3](-[#6:6])(-[#8:4]-[#8:5]-[#1])-[#1:49])-[#1:48])-[#1:46]	Any
EVODEX.2-Cm513_0	Any;Any	[#6:3]-[#6:1](-[#8]-[#15])(-[#1:149])-[#1:150].[#8]-[#15](=[#8])(-[#8:2]-[#1])-[#8]>>[#6:3]-[#6:1](-[#8:2]-[#1])(-[#1:149])-[#1:150]	Any
EVODEX.2-Cm514_0	Any;Any	[#6:3]-[#6:1](-[#8:49]-[#15:50])(-[#1:123])-[#1:124].[#8:2](-[#1])-[#1]>>[#6:3]-[#6:1](-[#8:2]-[#1])(-[#1:123])-[#1:124].[#15:50]-[#8:49]-[#1]	Any;Any
EVODEX.2-Cm515_0	Any;Any	[#6:7]-[#8:5]-[#1].[#8:13]-[#15:6](=[#8:14])(-[#8:15])-[#8:1]-[#6:2]>>[#6:2]-[#8:1]-[#1].[#8:13]-[#15:6](=[#8:14])(-[#8:15])-[#8:5]-[#6:7]	Any;Any
EVODEX.2-Cm516_0	Any;Any	[#6:3]-[#6:1](=[#8:4])-[#8]-[#1].[#7:2](-[#1])(-[#1])-[#1]>>[#6:3]-[#6:1](-[#7:2](-[#1])-[#1])=[#8:4]	Any
EVODEX.2-Cm517_0	Any	[#6:3]-[#6:1](=[#8:4])-[#8:21]-[#6:22]>>[#6:3]-[#6:1](=[#8:4])-[#8]-[#1].[#6:22]-[#8:21]-[#1]	Any;Any
EVODEX.2-Cm518_0	Any;Any	[#6:3]-[#6:1](=[#8:4])-[#8]-[#6].[#8:2](-[#1])-[#1]>>[#6:3]-[#6:1](=[#8:4])-[#8:2]-[#1]	Any
EVODEX.2-Cm519_0	Any	[#6:3]-[#6:1](=[#8:4])-[#8]-[#1]>>[#6:3]-[#6:1](-[#7](-[#1])-[#1])=[#8:4]	Any
EVODEX.2-Cm520_0	Any;Any	[#6:3]-[#6:1](=[#8:49])-[#1:84].[#7:2](-[#1])(-[#1])-[#1]>>[#6:3]-[#6:1](-[#7:2](-[#1])-[#1])(-[#1:84])-[#1].[#8:49](-[#1])-[#1]	Any;Any
EVODEX.2-Cm522_0	Any;Any;Any;Any	[#6:3]-[#6:1](=[#8:4])-[#1].[#6:13]-[#6:7]1:[#6:12](:[#6:11](:[#6:10](:[#7&+:9](-[#6:16]):[#6:8]:1-[#1:122])-[#1:98])-[#1:97])-[#1:96].[#15:57]-[#8:55]-[#1].[#8:79]=[#15:56](-[#8:2]-[#1])(-[#8:80])-[#8:81]>>[#6:3]-[#6:1](=[#8:4])-[#8:2]-[#1].[#6:13]-[#6:7]1=[#6:8](-[#7:9](-[#6:16])-[#6:10](=[#6:11](-[#6:12]-1(-[#1:96])-[#1])-[#1:97])-[#1:98])-[#1:122].[#15:57]-[#8:55]-[#15:56](=[#8:79])(-[#8:80])-[#8:81]	Any;Any;Any
EVODEX.2-Cm523_0	Any;Any;Any	[#6:3]-[#6:1](=[#8:4])-[#1].[#15:58]-[#8:56]-[#1].[#8:80]=[#15:57](-[#8:2]-[#1])(-[#8:81])-[#8:82]>>[#6:3]-[#6:1](=[#8:4])-[#8:2]-[#1].[#15:58]-[#8:56]-[#15:57](=[#8:80])(-[#8:81])-[#8:82]	Any;Any
EVODEX.2-Cm524_0	Any	[#6:2]-[#6:1](=[#8:3])-[#8:52]-[#1]>>[#6:2]-[#6:1](=[#8:3])-[#1].[#8:52](-[#1])-[#1]	Any;Any
EVODEX.2-Cm526_0	Any	[#6:6]-[#6:3](=[#6:2](-[#6:1](-[#6:14])(-[#1:46])-[#1])-[#1:45])-[#1:44]>>[#6:6]-[#6:3](-[#6:2](=[#6:1](-[#6:14])-[#1:46])-[#1:45])(-[#8]-[#8])-[#1:44]	Any
EVODEX.2-Cm527_0	Any;Any	[#6:53]-[#8:52]-[#6:1](=[#8:3])-[#6:4].[#6:19]-[#8:2]-[#1]>>[#6:19]-[#8:2]-[#6:1](=[#8:3])-[#6:4].[#6:53]-[#8:52]-[#1]	Any;Any
EVODEX.2-Cm528_0	Any	[#6:3]-[#6:1](-[#8:49]-[#15:50])(-[#1:88])-[#1:89]>>[#6:3]-[#6:1](-[#8]-[#1])(-[#1:88])-[#1:89].[#15:50]-[#8:49]-[#1]	Any;Any
EVODEX.2-Cm529_0	Any;Any	[#6:3]-[#6:1](=[#8:4])-[#8]-[#6].[#6:21]-[#8:2]-[#1]>>[#6:3]-[#6:1](=[#8:4])-[#8:2]-[#6:21]	Any
EVODEX.2-Cm530_0	Any	[#6:3]-[#6:1](=[#8:4])-[#8:41]-[#6:42]>>[#6:3]-[#6:1](=[#8:4])-[#8]-[#6].[#6:42]-[#8:41]-[#1]	Any;Any
EVODEX.2-Cm531_0	Any	[#6:3]-[#6:1](=[#8:52])-[#1:93]>>[#6:3]-[#6:1](-[#7](-[#1])-[#1])(-[#1:93])-[#1].[#8:52](-[#1])-[#1]	Any;Any
EVODEX.2-Cm532_0	Any;Any	[#6:3]-[#6:1](=[#8:4])-[#8]-[#1].[#6:19]-[#8:2]-[#1]>>[#6:3]-[#6:1](=[#8:4])-[#8:2]-[#6:19]	Any
EVODEX.2-Cm533_0	Any	[#6:3]-[#6:1](-[#7:25](-[#1])-[#1])=[#8:4]>>[#6:3]-[#6:1](=[#8:4])-[#8]-[#1].[#7:25](-[#1])(-[#1])-[#1]	Any;Any
EVODEX.2-Cm534_0	Any;Any	[#6:3]-[#6:1](=[#8:4])-[#8:27]-[#1].[#7:2](-[#1])(-[#1])-[#1]>>[#6:3]-[#6:1](-[#7:2](-[#1])-[#1])=[#8:4].[#8:27](-[#1])-[#1]	Any;Any
EVODEX.2-Cm535_0	Any;Any	[#6:3]-[#6:1](=[#8:2])-[#1:39].[#8:14](-[#8:15]-[#1])-[#1]>>[#6:3]-[#6:1](-[#8:2]-[#1])(-[#1:39])-[#1].[#8:14]=[#8:15]	Any;Any
EVODEX.2-Cm536_0	Any;Any	[#6:2]-[#6:1](=[#8:3])-[#8:60]-[#1].[#6:22]-[#6:16]1=[#6:21](-[#7:20](-[#6:25])-[#6:19](=[#6:18](-[#6:17]-1(-[#1:116])-[#1])-[#1:115])-[#1:114])-[#1:91]>>[#6:2]-[#6:1](=[#8:3])-[#1].[#6:22]-[#6:16]1:[#6:17](:[#6:18](:[#6:19](:[#7&+:20](-[#6:25]):[#6:21]:1-[#1:91])-[#1:114])-[#1:115])-[#1:116].[#8:60](-[#1])-[#1]	Any;Any;Any
EVODEX.2-Cm538_0	Any	[#6:56]-[#7:55](-[#6](-[#1])(-[#1])-[#1])-[#6:28](-[#1:154])(-[#1:155])-[#1:156]>>[#6:28](-[#16&+](-[#6])-[#6])(-[#1:154])(-[#1:155])-[#1:156].[#6:56]-[#7:55](-[#1])-[#1]	Any;Any
EVODEX.2-Cm539_0	Any	[#6:56]-[#7:55](-[#6](-[#1])(-[#1])-[#1])-[#6](-[#1])(-[#1])-[#1]>>[#6:56]-[#7:55](-[#1])-[#1]	Any
EVODEX.2-Cm540_0	Any;Any;Any	[#6:53](-[#16&+:1](-[#6:2])-[#6:3])(-[#1:76])(-[#1:77])-[#1:78].[#6:55](-[#16&+:27](-[#6:28])-[#6:29])(-[#1:99])(-[#1:100])-[#1:101].[#6:56]-[#7:54](-[#1])-[#1]>>[#6:3]-[#16:1]-[#6:2].[#6:29]-[#16:27]-[#6:28].[#6:56]-[#7:54](-[#6:53](-[#1:76])(-[#1:77])-[#1:78])-[#6:55](-[#1:99])(-[#1:100])-[#1:101]	Any;Any;Any
EVODEX.2-Cm541_0	Any;Any	[#6:4]-[#7:1](-[#1])-[#1].[#7:3](-[#6:2](-[#7:5])=[#8])(-[#1])-[#1]>>[#6:4]-[#7:1](-[#6:2](=[#7:3]-[#1])-[#7:5])-[#1]	Any
EVODEX.2-Cm542_0	Any;Any	[#8:14]=[#6:1](-[#6:3])-[#1:17].[#6:13]-[#7:2](-[#1])-[#1]>>[#6:13]-[#7:2](-[#6:1](-[#6:3])(-[#1:17])-[#1])-[#1].[#8:14](-[#1])-[#1]	Any;Any
EVODEX.2-Cm543_0	Any	[#6:2]-[#7:1](-[#6:4](=[#7:3]-[#1])-[#7:6])-[#1]>>[#6:2]-[#7:1](-[#1])-[#1].[#7:3](-[#6:4](-[#7:6])=[#8])(-[#1])-[#1]	Any;Any
EVODEX.2-Cm544_0	Any;Any	[#6:2]-[#7:1](-[#6:4](=[#7:3]-[#1])-[#7:6])-[#1].[#8:5](-[#1])-[#1]>>[#6:2]-[#7:1](-[#1])-[#1].[#7:3](-[#6:4](=[#8:5])-[#7:6])(-[#1])-[#1]	Any;Any
EVODEX.2-Cm546_0	Any	[#6:1](-[#7:28](-[#6:29])-[#1])(-[#1:59])(-[#1:60])-[#1:61]>>[#6:1](-[#16&+](-[#6])-[#6])(-[#1:59])(-[#1:60])-[#1:61].[#7:28](-[#6:29])(-[#1])-[#1]	Any;Any
EVODEX.2-Cm547_0	Any;Any	[#6:3]-[#16:2]-[#6:4].[#6:1](-[#7:28](-[#6:29])-[#1])(-[#1:77])(-[#1:78])-[#1:79]>>[#6:1](-[#16&+:2](-[#6:4])-[#6:3])(-[#1:77])(-[#1:78])-[#1:79].[#6:29]-[#7:28](-[#1])-[#1]	Any;Any
EVODEX.2-Cm548_0	Any;Any	[#6:3]-[#6:1](=[#8])-[#1:21].[#8:9](-[#8:10]-[#1])-[#1]>>[#6:3]-[#6:1](-[#7](-[#1])-[#1])(-[#1:21])-[#1].[#8:9]=[#8:10]	Any;Any
EVODEX.2-Cm549_0	Any	[#6:3]-[#6:1](-[#7:8](-[#1])-[#1])(-[#1:21])-[#1]>>[#6:3]-[#6:1](=[#8])-[#1:21].[#7:8](-[#1])(-[#1])-[#1]	Any;Any
EVODEX.2-Cm550_0	Any;Any	[#6:3]-[#6:1](-[#7](-[#1])-[#1])(-[#1:21])-[#1].[#8:9]=[#8:10]>>[#6:3]-[#6:1](=[#8])-[#1:21].[#8:9](-[#8:10]-[#1])-[#1]	Any;Any
EVODEX.2-Cm551_0	Any;Any	[#6:51]-[#7:49](-[#1])-[#1].[#8:50]=[#8:86]>>[#6:51]-[#7:49](-[#8:50]-[#1])-[#1].[#8:86](-[#1])-[#1]	Any;Any
EVODEX.2-Cm552_0	Any;Any	[#6:3]-[#6:1](-[#8:19]-[#1])(-[#1:51])-[#1:52].[#8:2](-[#1])-[#1]>>[#6:3]-[#6:1](-[#8:2]-[#1])(-[#1:51])-[#1:52].[#8]-[#15](=[#8])(-[#8:19]-[#1])-[#8]	Any;Any
EVODEX.2-Cm553_0	Any;Any	[#6:27](-[#16&+:1](-[#6:2])-[#6:3])(-[#1:41])(-[#1:42])-[#1:43].[#6:29]-[#7:28](-[#1])-[#1]>>[#6:3]-[#16:1]-[#6:2].[#6:27](-[#7:28](-[#6:29])-[#1])(-[#1:41])(-[#1:42])-[#1:43]	Any;Any
EVODEX.2-Cm554_0	Any;Any	[#6:3]-[#6:1](=[#8])-[#1:27].[#7:2](-[#1])(-[#1])-[#1]>>[#6:3]-[#6:1](-[#7:2](-[#1])-[#1])(-[#1:27])-[#1]	Any
EVODEX.2-Cm555_0	Any;Any;Any	[#6:6]-[#6:3](=[#7:4]-[#8:12])-[#1:25].[#8:1]=[#6:2]=[#8:13].[#8:5](-[#1])-[#1]>>[#6:6]-[#6:3](-[#6:2](=[#8:13])-[#8:1]-[#1])(-[#7:4](-[#8:5]-[#1])-[#8:12])-[#1:25]	Any
EVODEX.2-Cm556_0	Any;Any	[#6:6]-[#6:3](=[#7:4]-[#8:13])-[#1:28].[#8:1]=[#6:2]=[#8:14]>>[#6:6]-[#6:3](-[#6:2](=[#8:14])-[#8:1]-[#1])(-[#7:4](-[#8]-[#1])-[#8:13])-[#1:28]	Any
EVODEX.2-Cm557_0	Any	[#6:3]-[#6:1](-[#6](=[#8])-[#8])(-[#7:2](-[#8]-[#1])-[#8:11])-[#1:31]>>[#6:3]-[#6:1](=[#7:2]-[#8:11])-[#1:31]	Any
EVODEX.2-Cm559_0	Any	[#6:3]-[#6:1](-[#8:24]-[#1])(-[#1:60])-[#1:61]>>[#6:3]-[#6:1](-[#8]-[#1])(-[#1:60])-[#1:61].[#8]-[#15](=[#8])(-[#8:24]-[#1])-[#8]	Any;Any
EVODEX.2-Cm560_0	Any;Any	[#6:3]-[#6:1](-[#7:10](-[#1])-[#1])(-[#1:19])-[#1].[#8:11]=[#8:12]>>[#6:3]-[#6:1](=[#8])-[#1:19].[#7:10](-[#1])(-[#1])-[#1].[#8:11](-[#8:12]-[#1])-[#1]	Any;Any;Any
EVODEX.2-Cm561_0	Any;Any	[#7:3]=[#6:1](-[#7:4])-[#7:16](-[#6:17])-[#1].[#6:5]-[#7:2](-[#1])-[#1]>>[#6:5]-[#7:2](-[#6:1](=[#7:3])-[#7:4])-[#1].[#7:16](-[#6:17])(-[#1])-[#1]	Any;Any
EVODEX.2-Cm563_0	Any;Any	[#7:1](-[#6:4])(-[#1])-[#1].[#7:3](-[#6:2](-[#7:12])=[#8:13])(-[#1])-[#1]>>[#7:3](=[#6:2](-[#7:12])-[#7:1](-[#6:4])-[#1])-[#1].[#8:13](-[#1])-[#1]	Any;Any
EVODEX.2-Cm564_0	Any	[#7:2]-[#6:1](-[#6:3])(-[#6](=[#8])-[#8])-[#1:16]>>[#7:2]-[#6:1](-[#6:3])(-[#1:16])-[#1]	Any
EVODEX.2-Cm565_0	Any;Any;Any	[#7](-[#6:1](-[#6:3])(-[#1:13])-[#1])(-[#1])-[#1].[#8:2](-[#1])-[#1].[#8:9]=[#8:10]>>[#6:3]-[#6:1](=[#8:2])-[#1:13].[#8:9](-[#8:10]-[#1])-[#1]	Any;Any
EVODEX.2-Cm566_0	Any	[#6:4]-[#6:2](-[#8:1]-[#15:11])(-[#6:5])-[#1:31]>>([#6:4]-[#6:2](-[#8]-[#1])(-[#6:5])-[#1:31].[#15:11]-[#8:1]-[#1])	Any
EVODEX.2-Cm41_0	Any;Any	[#6:3]-[#6:1](-[#8:27]-[#1])(-[#1:60])-[#1:61].[#8:29]-[#15:28](=[#8:30])(-[#8:31])-[#8:22]-[#15:23]>>[#6:3]-[#6:1](-[#8]-[#1])(-[#1:60])-[#1:61].[#15:23]-[#8:22]-[#1].[#8:29]-[#15:28](=[#8:30])(-[#8:27]-[#1])-[#8:31]	Any;Any;Any
EVODEX.2-Cm106_0	Any;Any	[#6:3]-[#6:1](=[#8:4])-[#8:12]-[#1].[#8:14]-[#15:13](=[#8:15])(-[#8:16])-[#8:7]-[#15:8]>>[#6:3]-[#6:1](=[#8:4])-[#8]-[#1].[#15:8]-[#8:7]-[#1].[#8:14]-[#15:13](=[#8:15])(-[#8:12]-[#1])-[#8:16]	Any;Any;Any
EVODEX.2-Cm146_0	Any;Any;Any	[#6:3]-[#6:1](=[#8:4])-[#7](-[#6])-[#1].[#15:33]-[#8:31]-[#1].[#8:59]=[#15:32](-[#8:2]-[#1])(-[#8:60])-[#8:61]>>[#6:3]-[#6:1](=[#8:4])-[#8:2]-[#1].[#15:33]-[#8:31]-[#15:32](=[#8:59])(-[#8:60])-[#8:61]	Any;Any
EVODEX.2-Cm158_0	Any;Any	[#6:3]-[#6:1](=[#8:4])-[#8:26]-[#1].[#8:28]-[#15:27](=[#8:29])(-[#8:30])-[#8:21]-[#15:22]>>[#6:3]-[#6:1](=[#8:4])-[#7](-[#6])-[#1].[#15:22]-[#8:21]-[#1].[#8:28]-[#15:27](=[#8:29])(-[#8:26]-[#1])-[#8:30]	Any;Any;Any
EVODEX.2-Cm221_0	Any;Any;Any	[#6:2]-[#16:1]-[#6:30](=[#8:32])-[#6:33].[#15:40]-[#8:38]-[#1].[#8:62]=[#15:39](-[#8:31]-[#1])(-[#8:63])-[#8:64]>>[#6:2]-[#16:1]-[#1].[#6:33]-[#6:30](=[#8:32])-[#8:31]-[#1].[#15:40]-[#8:38]-[#15:39](=[#8:62])(-[#8:63])-[#8:64]	Any;Any;Any
EVODEX.2-Cm272_0	Any;Any;Any	[#6:3]-[#6:1](=[#8:4])-[#8:27]-[#1].[#8:2](-[#1])-[#1].[#8:29]-[#15:28](=[#8:30])(-[#8:31])-[#8]-[#15]>>[#6:3]-[#6:1](=[#8:4])-[#8:2]-[#1].[#8:29]-[#15:28](=[#8:30])(-[#8:27]-[#1])-[#8:31]	Any;Any
EVODEX.2-Cm277_0	Any	[#6:30](=[#6:29](-[#6:31])-[#6:28](-[#6](-[#1])(-[#1])-[#1])(-[#6:32])-[#1:84])(-[#1:79])-[#1:80]>>[#6:32]-[#6:28](=[#6:29](-[#6:30](-[#1:79])(-[#1:80])-[#1])-[#6:31])-[#1:84]	Any
EVODEX.2-Cm278_0	Any;Any	[#6:30](-[#16&+:1](-[#6:2])-[#6:3])(-[#1:59])(-[#1:60])-[#1:61].[#6:31]-[#6:29](=[#6:28](-[#6:27](-[#1:128])(-[#1:129])-[#1])-[#6:58])-[#1:127]>>[#6:3]-[#16:1]-[#6:2].[#6:27](=[#6:28](-[#6:58])-[#6:29](-[#6:30](-[#1:59])(-[#1:60])-[#1:61])(-[#6:31])-[#1:127])(-[#1:128])-[#1:129]	Any;Any
EVODEX.2-Cm279_0	Any	[#6:31]-[#6:29](=[#6:28](-[#6:27](-[#1:128])(-[#1:129])-[#1])-[#6:58])-[#1:127]>>[#6:27](=[#6:28](-[#6:58])-[#6:29](-[#6](-[#1])(-[#1])-[#1])(-[#6:31])-[#1:127])(-[#1:128])-[#1:129]	Any
EVODEX.2-Cm329_0	Any;Any	[#6:1](-[#6:2](=[#8:5])-[#6:6])(-[#1:35])(-[#1:36])-[#1].[#15:12]-[#8:11]-[#15:4](=[#8:9])(-[#8:3]-[#1])-[#8:10]>>[#6:1](=[#6:2](-[#8:3]-[#15:4](=[#8:9])(-[#8:5]-[#1])-[#8:10])-[#6:6])(-[#1:35])-[#1:36].[#15:12]-[#8:11]-[#1]	Any;Any
EVODEX.2-Cm344_0	Any	([#6:3]-[#8:2]-[#1].[#6:10]-[#6:1](-[#8]-[#1])(-[#6:56])-[#1:108])>>[#6:3]-[#8:2]-[#6:1](-[#6:56])(-[#6:10])-[#1:108]	Any
EVODEX.2-Cm416_0	Any;Any;Any	[#6:3]-[#6:1](-[#8:29]-[#1])(-[#6:4])-[#1:88].[#15:32]-[#8:30]-[#1].[#8:58]=[#15:31](-[#8:2]-[#1])(-[#8:59])-[#8:60]>>[#6:3]-[#6:1](-[#8:2]-[#1])(-[#6:4])-[#1:88].[#8:29](-[#1])-[#1].[#15:32]-[#8:30]-[#15:31](=[#8:58])(-[#8:59])-[#8:60]	Any;Any;Any
EVODEX.2-Cm458_0	Any;Any	[#6:3]-[#6:1](-[#8:41]-[#1])(-[#6:4])-[#1:89].[#8:43]-[#15:42](=[#8:44])(-[#8:45])-[#8]-[#15]>>[#6:3]-[#6:1](-[#8]-[#1])(-[#6:4])-[#1:89].[#8:43]-[#15:42](=[#8:44])(-[#8:41]-[#1])-[#8:45]	Any;Any
EVODEX.2-Cm487_0	Any;Any	[#15:4]-[#8:2]-[#1].[#8:23]=[#15:3](-[#8]-[#1])(-[#8:24])-[#8:25]>>[#15:4]-[#8:2]-[#15:3](=[#8:23])(-[#8:24])-[#8:25]	Any
EVODEX.2-Cm42_0	Any;Any;Any	[#6:3]-[#6:1](-[#8:27]-[#1])(-[#1:60])-[#1:61].[#8:2](-[#1])-[#1].[#8:29]-[#15:28](=[#8:30])(-[#8:31])-[#8]-[#15]>>[#6:3]-[#6:1](-[#8:2]-[#1])(-[#1:60])-[#1:61].[#8:29]-[#15:28](=[#8:30])(-[#8:27]-[#1])-[#8:31]	Any;Any
EVODEX.2-Cm248_0	Any;Any	[#8:10](-[#1])-[#1].[#8:12]-[#15:11](=[#8:13])(-[#8:14])-[#8:1]-[#15:2]>>[#15:2]-[#8:1]-[#1].[#8:12]-[#15:11](=[#8:13])(-[#8:10]-[#1])-[#8:14]	Any;Any
EVODEX.2-Cm341_0	Any;Any;Any	[#8:3]=[#6:1](-[#8:36]-[#1])-[#6:4].[#6:14]-[#7:2](-[#1])-[#1].[#8:38]-[#15:37](=[#8:39])(-[#8:40])-[#8:27]-[#15:28]>>[#6:14]-[#7:2](-[#6:1](=[#8:3])-[#6:4])-[#1].[#15:28]-[#8:27]-[#1].[#8:38]-[#15:37](=[#8:39])(-[#8:36]-[#1])-[#8:40]	Any;Any;Any
EVODEX.2-Cm429_0	Any	[#6:3]-[#6:1](=[#6:2](-[#6:13])-[#1:140])-[#6:4]>>[#6:3]-[#6:1](-[#6:2](-[#6:13])(-[#1:140])-[#1])(-[#6:4])-[#1]	Any
EVODEX.2-Cm488_0	Any;Any;Any	[#6:3]-[#6:1](-[#8:91]-[#1])(-[#1:154])-[#1:155].[#15:94]-[#8:92]-[#1].[#8:120]=[#15:93](-[#8:2]-[#1])(-[#8:121])-[#8:122]>>[#6:3]-[#6:1](-[#8:2]-[#1])(-[#1:154])-[#1:155].[#8:91](-[#1])-[#1].[#15:94]-[#8:92]-[#15:93](=[#8:120])(-[#8:121])-[#8:122]	Any;Any;Any
EVODEX.2-Cm507_0	Any;Any;Any	[#6:12]-[#7:11](-[#6:1](=[#8:3])-[#6:4])-[#1].[#15:20]-[#8:18]-[#1].[#8:46]=[#15:19](-[#8:2]-[#1])(-[#8:47])-[#8:48]>>[#6:4]-[#6:1](=[#8:3])-[#8:2]-[#1].[#6:12]-[#7:11](-[#1])-[#1].[#15:20]-[#8:18]-[#15:19](=[#8:46])(-[#8:47])-[#8:48]	Any;Any;Any
EVODEX.2-Cm525_0	Any;Any	[#6:3]-[#6:1](=[#8:4])-[#8:44]-[#1].[#15:47]-[#8:45]-[#1]>>[#6:3]-[#6:1](=[#8:4])-[#8]-[#1].[#8:44](-[#1])-[#1].[#15:47]-[#8:45]-[#15](=[#8])(-[#8])-[#8]	Any;Any;Any
EVODEX.2-Cm545_0	Any;Any	[#6:12]-[#7:11](-[#6](=[#8])-[#6])-[#1].[#15:15]-[#8:13]-[#1]>>[#6:12]-[#7:11](-[#1])-[#1].[#15:15]-[#8:13]-[#15](=[#8])(-[#8])-[#8]	Any;Any
EVODEX.2-Cm558_0	Any;Any;Any	[#6:3]-[#6:1](-[#8:33]-[#1])(-[#6:4])-[#1:67].[#8:2](-[#1])-[#1].[#8:35]-[#15:34](=[#8:36])(-[#8:37])-[#8:28]-[#15:29]>>[#6:3]-[#6:1](-[#8:2]-[#1])(-[#6:4])-[#1:67].[#15:29]-[#8:28]-[#1].[#8:35]-[#15:34](=[#8:36])(-[#8:33]-[#1])-[#8:37]	Any;Any;Any
EVODEX.2-Cm39_0	Any;Any;Any	[#6:3]-[#6:1](-[#8:27]-[#1])(-[#1:60])-[#1:61].[#8:2](-[#1])-[#1].[#8:29]-[#15:28](=[#8:30])(-[#8:31])-[#8:22]-[#15:23]>>[#6:3]-[#6:1](-[#8:2]-[#1])(-[#1:60])-[#1:61].[#15:23]-[#8:22]-[#1].[#8:29]-[#15:28](=[#8:30])(-[#8:27]-[#1])-[#8:31]	Any;Any;Any
EVODEX.2-Cm287_0	Any;Any	[#6:18]-[#6:12]1=[#6:17](-[#7:16](-[#6:21])-[#6:15](=[#6:14](-[#6:13]-1(-[#1:88])-[#1])-[#1:87])-[#1:86])-[#1:62].[#6:3]-[#6:1](-[#6:4])=[#6:2](-[#6:8])-[#1:103]>>[#6:3]-[#6:1](-[#6:4])(-[#6:2](-[#6:8])(-[#1:103])-[#1])-[#1].[#6:18]-[#6:12]1:[#6:13](:[#6:14](:[#6:15](:[#7&+:16](-[#6:21]):[#6:17]:1-[#1:62])-[#1:86])-[#1:87])-[#1:88]	Any;Any
EVODEX.2-Cm368_0	Any;Any;Any	[#6:3]-[#16:2]-[#1].[#6:50]-[#6:1](=[#8:51])-[#8:61]-[#1].[#8:63]-[#15:62](=[#8:64])(-[#8:65])-[#8:52]-[#15:53]>>[#6:50]-[#6:1](=[#8:51])-[#16:2]-[#6:3].[#15:53]-[#8:52]-[#1].[#8:63]-[#15:62](=[#8:64])(-[#8:61]-[#1])-[#8:65]	Any;Any;Any
EVODEX.2-Cm460_0	Any;Any;Any	[#6:3]-[#6:1](-[#8:40]-[#1])(-[#6:4])-[#1:88].[#8:2](-[#1])-[#1].[#8:42]-[#15:41](=[#8:43])(-[#8:44])-[#8]-[#15]>>[#6:3]-[#6:1](-[#8:2]-[#1])(-[#6:4])-[#1:88].[#8:42]-[#15:41](=[#8:43])(-[#8:40]-[#1])-[#8:44]	Any;Any
EVODEX.2-Cm466_0	Any;Any;Any	[#6:3]-[#6:1](=[#8:4])-[#8:16]-[#1].[#15:19]-[#8:17]-[#1].[#8:45]=[#15:18](-[#8:2]-[#1])(-[#8:46])-[#8:47]>>[#6:3]-[#6:1](=[#8:4])-[#8:2]-[#1].[#8:16](-[#1])-[#1].[#15:19]-[#8:17]-[#15:18](=[#8:45])(-[#8:46])-[#8:47]	Any;Any;Any
EVODEX.2-Cm567_0	Any;Any	[#6:3]-[#6:1](-[#8:21]-[#1])(-[#1:55])-[#1:56].[#15:24]-[#8:22]-[#1]>>[#6:3]-[#6:1](-[#8]-[#1])(-[#1:55])-[#1:56].[#8:21](-[#1])-[#1].[#15:24]-[#8:22]-[#15](=[#8])(-[#8])-[#8]	Any;Any;Any
EVODEX.2-Cm147_0	Any;Any	[#6:3]-[#6:1](=[#8:4])-[#7](-[#6])-[#1].[#15:33]-[#8:31]-[#1]>>[#6:3]-[#6:1](=[#8:4])-[#8]-[#1].[#15:33]-[#8:31]-[#15](=[#8])(-[#8])-[#8]	Any;Any
EVODEX.2-Cm250_0	Any	[#8:10](-[#1])-[#1]>>[#8]-[#15](=[#8])(-[#8:10]-[#1])-[#8]	Any
EVODEX.2-Cm273_0	Any;Any	[#6:3]-[#6:1](=[#8:4])-[#8:27]-[#1].[#8:29]-[#15:28](=[#8:30])(-[#8:31])-[#8]-[#15]>>[#6:3]-[#6:1](=[#8:4])-[#8]-[#1].[#8:29]-[#15:28](=[#8:30])(-[#8:27]-[#1])-[#8:31]	Any;Any
EVODEX.2-Cm292_0	Any;Any;Any	[#6:3]-[#6:1](=[#8:4])-[#8:15]-[#1].[#8:2](-[#1])-[#1].[#8:17]-[#15:16](=[#8:18])(-[#8:19])-[#8:10]-[#15:11]>>[#6:3]-[#6:1](=[#8:4])-[#8:2]-[#1].[#15:11]-[#8:10]-[#1].[#8:17]-[#15:16](=[#8:18])(-[#8:15]-[#1])-[#8:19]	Any;Any;Any
EVODEX.2-Cm342_0	Any	([#6:4]-[#6:1](=[#8:2])-[#8:5].[#6:10]-[#6:3](-[#8]-[#1])(-[#6:14])-[#1:71])>>[#6:4]-[#6:1](-[#8:5])(-[#8:2]-[#6:3](-[#6:14])(-[#6:10])-[#1:71])-[#1]	Any
EVODEX.2-Cm409_0	Any	[#6:2]=[#6:1](-[#6](-[#1])(-[#1])-[#1])-[#6:3]>>[#6:2]=[#6:1](-[#6:3])-[#1]	Any
EVODEX.2-Cm413_0	Any;Any	[#6:29]=[#6:27](-[#6:30])-[#1].[#6:28](-[#16&+:1](-[#6:2])-[#6:3])(-[#1:67])(-[#1:68])-[#1:69]>>[#6:3]-[#16:1]-[#6:2].[#6:29]=[#6:27](-[#6:28](-[#1:67])(-[#1:68])-[#1:69])-[#6:30]	Any;Any
EVODEX.2-Cm414_0	Any	[#6:29]=[#6:27](-[#6:30])-[#1]>>[#6:29]=[#6:27](-[#6](-[#1])(-[#1])-[#1])-[#6:30]	Any
EVODEX.2-Cm478_0	Any;Any	[#6:3]-[#6:1](=[#8:4])-[#8:68]-[#1].[#8:70]-[#15:69](=[#8:71])(-[#8:72])-[#8]-[#15]>>[#6:3]-[#6:1](=[#8:4])-[#7](-[#6])-[#1].[#8:70]-[#15:69](=[#8:71])(-[#8:68]-[#1])-[#8:72]	Any;Any
EVODEX.2-Cm494_0	Any;Any	[#6:3]-[#6:1](-[#8:26]-[#1])(-[#6:4])-[#1:64].[#8:28]-[#15:27](=[#8:29])(-[#8:30])-[#8:21]-[#15:22]>>[#6:3]-[#6:1](-[#8]-[#1])(-[#6:4])-[#1:64].[#15:22]-[#8:21]-[#1].[#8:28]-[#15:27](=[#8:29])(-[#8:26]-[#1])-[#8:30]	Any;Any;Any
EVODEX.2-Cm537_0	Any;Any	[#6:3]-[#6:1](-[#8:172]-[#1])(-[#6:4])-[#1:321].[#15:175]-[#8:173]-[#1]>>[#6:3]-[#6:1](-[#8]-[#1])(-[#6:4])-[#1:321].[#8:172](-[#1])-[#1].[#15:175]-[#8:173]-[#15](=[#8])(-[#8])-[#8]	Any;Any;Any
EVODEX.2-Cm568_0	Any;Any	[#8:29](-[#6:1](-[#6:3])(-[#1:57])-[#1:58])-[#1].[#8:31]-[#15:30](=[#8:32])(-[#8:33])-[#8]-[#15]>>[#8](-[#6:1](-[#6:3])(-[#1:57])-[#1:58])-[#1].[#8:31]-[#15:30](=[#8:32])(-[#8:29]-[#1])-[#8:33]	Any;Any
