Name	Reactants	SMARTS	Products
EVODEX.2-Cm284_0	Any	[#7](-[#6@])(-[#6:65](=[#8:66])-[#6:67])-[#1]>>[#6:65](=[#8:66])(-[#6:67])-[#8]-[#1]	Any
EVODEX.2-Cm285_0	Any;Any	[#7](-[#6@])(-[#6:65](=[#8:66])-[#6:67])-[#1].[#8:82](-[#1])-[#1]>>[#6:65](=[#8:66])(-[#6:67])-[#8:82]-[#1]	Any
EVODEX.2-Cm297_0	Any	[#6]-[#6](=[#8])-[#7:5](-[#6@@:6])-[#1]>>[#7:5](-[#6@@:6])(-[#1])-[#1]	Any
EVODEX.2-Cm261_0	Any	[#7:53](-[#6@@:54])(-[#1])-[#1]>>[#6]-[#6](=[#8])-[#7:53](-[#6@@:54])-[#1]	Any
EVODEX.2-Cm263_0	Any	[#6:65]-[#8:66]-[#1]>>[#6]-[#6](=[#8])-[#8:66]-[#6:65]	Any
EVODEX.2-Cm480_0	Any	[#6:3](-[#6@@:2])(=[#8:4])-[#8]-[#1]>>[#6:3](-[#6@@:2])(=[#8:4])-[#7](-[#6])-[#1]	Any
EVODEX.2-Cm60_0	Any;Any	[#8:17]-[#15:18](=[#8:19])(-[#8:20])-[#8]-[#15].[#6:32]-[#8:33]-[#1]>>[#8:17]-[#15:18](=[#8:19])(-[#8:20])-[#8:33]-[#6:32]	Any
EVODEX.2-Cm414_0	Any	[#15:18]-[#8:21]-[#15:22](=[#8:23])(-[#8:24])-[#8:25]>>[#15:18]-[#8:21]-[#1].[#15:22](=[#8:23])(-[#8:24])(-[#8:25])-[#8]-[#6]	Any;Any
EVODEX.2-Cm274_0	Any	[#6]-[#6](=[#8])-[#8:58]-[#6@@:59]>>[#8:58](-[#6@@:59])-[#1]	Any
EVODEX.2-Cm306_0	Any	[#6:4]-[#6:5](=[#8:6])-[#7:7](-[#6:8])-[#1]>>[#6:4]-[#6:5](=[#8:6])-[#8]-[#1].[#7:7](-[#6:8])(-[#1])-[#1]	Any;Any
EVODEX.2-Cm389_0	Any;Any	[#7](-[#6@@:2](-[#6:3])(-[#6:8])-[#1])(-[#1])-[#1].[#6]-[#6](=[#8:16])-[#6]>>[#6:2](-[#6:3])(-[#6:8])=[#8:16]	Any
EVODEX.2-Cm479_0	Any;Any	[#6:3](-[#6@@:2])(=[#8:4])-[#7:5](-[#6:6])-[#1].[#8:24](-[#1])-[#1]>>[#6:3](-[#6@@:2])(=[#8:4])-[#8:24]-[#1].[#7:5](-[#6:6])(-[#1])-[#1]	Any;Any
EVODEX.2-Cm392_0	Any	[#7:8](-[#6@@:9](-[#6:10])(-[#6:14])-[#1])(-[#1])-[#1]>>[#6]-[#6](-[#6])(-[#7:8](-[#1])-[#1])-[#1].[#8]=[#6:9](-[#6:10])-[#6:14]	Any;Any
EVODEX.2-Cm394_0	Any	[#6:7]-[#6:8](=[#8:9])-[#6:10]>>[#6:7]-[#6@@:8](-[#6:10])(-[#7](-[#1])-[#1])-[#1].[#8:9]=[#6](-[#6])-[#6]	Any;Any
EVODEX.2-Cm688_0	Any	[#6:21]-[#6:22](=[#8:23])-[#8:24]-[#1]>>[#6:21]-[#6:22](=[#8:23])-[#7](-[#6])-[#1].[#8:24](-[#15](-[#8])(=[#8])-[#8])-[#1]	Any;Any
EVODEX.2-Cm689_0	Any;Any	[#6:21]-[#6:22](=[#8:23])-[#8]-[#1].[#8]-[#15](=[#8])(-[#8])-[#8:57]-[#15:58]>>[#6:21]-[#6:22](=[#8:23])-[#7](-[#6])-[#1].[#8:57](-[#15:58])-[#1]	Any;Any
EVODEX.2-Cm691_0	Any;Any	[#8]-[#15](=[#8])(-[#8])-[#8:40]-[#15:41].[#7:7](-[#6@@:8])(-[#1])-[#1]>>[#6]-[#6](=[#8])-[#7:7](-[#6@@:8])-[#1].[#8:40](-[#15:41])-[#1]	Any;Any
EVODEX.2-Cm390_0	Any;Any	[#7:1](-[#6@@](-[#6])(-[#6])-[#1])(-[#1])-[#1].[#6:18]-[#6:19](=[#8])-[#6:21]>>[#7:1](-[#6@@:19](-[#6:18])(-[#6:21])-[#1])(-[#1])-[#1]	Any
EVODEX.2-Cm453_0	Any;Any	[#6:17]-[#6:18](=[#8:19])-[#8]-[#6].[#8:26](-[#1])-[#1]>>[#6:17]-[#6:18](=[#8:19])-[#8:26]-[#1]	Any
EVODEX.2-Cm685_0	Any;Any	[#6:18]-[#6:19](=[#8:20])-[#8:21]-[#1].[#8:50]-[#15:51](=[#8:52])(-[#8:53])-[#8:54]-[#15:55]>>[#6:18]-[#6:19](=[#8:20])-[#7](-[#6])-[#1].[#8:21](-[#15:51](-[#8:50])(=[#8:52])-[#8:53])-[#1].[#8:54](-[#15:55])-[#1]	Any;Any;Any
EVODEX.2-Cm693_0	Any;Any	[#7:9](-[#6@:8])(-[#1])-[#1].[#8:33]-[#15:34](=[#8:35])(-[#8:36])-[#8:37]-[#15:38]>>[#7:9](-[#6@:8])(-[#6](-[#6])=[#8])-[#1].[#8](-[#15:34](-[#8:33])(=[#8:35])-[#8:36])-[#1].[#8:37](-[#15:38])-[#1]	Any;Any;Any
EVODEX.2-Cm687_0	Any;Any	[#6:20]-[#6:21](=[#8:22])-[#8:23]-[#1].[#8:52]-[#15:53](=[#8:54])(-[#8:55])-[#8]-[#15]>>[#6:20]-[#6:21](=[#8:22])-[#7](-[#6])-[#1].[#8:23](-[#15:53](-[#8:52])(=[#8:54])-[#8:55])-[#1]	Any;Any
EVODEX.2-Cm221_0	Any	[#8:11]-[#15:12](=[#8:13])(-[#8:14])-[#8:15]-[#15:16]>>[#8:11]-[#15:12](=[#8:13])(-[#8:14])-[#8]-[#15].[#8:15](-[#15:16])-[#1]	Any;Any
EVODEX.2-Cm326_0	Any;Any	[#15]-[#8]-[#6@@:6](-[#8:7])(-[#6@:26])-[#1:64].[#8:61](-[#6@@:60])-[#1]>>[#8:61](-[#6@@:6](-[#8:7])(-[#6@:26])-[#1:64])-[#6@@:60]	Any
EVODEX.2-Cm428_0	Any;Any	[#15]-[#8]-[#15:19](=[#8:20])(-[#8:21])-[#8:22].[#15:40]-[#8:42]-[#1]>>[#15:19](=[#8:20])(-[#8:21])(-[#8:22])-[#8:42]-[#15:40]	Any
EVODEX.2-Cm478_0	Any	[#8:14]=[#6:15](-[#8:16]-[#1])-[#6:17]>>[#7](-[#6])(-[#6:15](=[#8:14])-[#6:17])-[#1].[#8:16](-[#1])-[#1]	Any;Any
EVODEX.2-Cm5_0	Any	[#6:7]-[#6:8](=[#8:9])-[#8:10]-[#6:11]>>[#6:7]-[#6:8](=[#8:9])-[#8]-[#1].[#8:10](-[#6:11])-[#1]	Any;Any
EVODEX.2-Cm64_0	Any	[#6:18]-[#8:20]-[#1]>>[#6:18]-[#8:20]-[#15](-[#8])(=[#8])-[#8]	Any
EVODEX.2-Cm452_0	Any;Any	[#6:3]-[#6:4](=[#8:5])-[#8:6]-[#6:7].[#8:13](-[#1])-[#1]>>[#6:3]-[#6:4](=[#8:5])-[#8:13]-[#1].[#8:6](-[#6:7])-[#1]	Any;Any
EVODEX.2-Cm43_0	Any	[#6:15]-[#6:16](-[#6:17])(-[#1:36])-[#1]>>[#6:15]-[#6:16](-[#6:17])(-[#8]-[#1])-[#1:36]	Any
EVODEX.2-Cm3_0	Any	[#6:1]-[#6:2](=[#8:3])-[#6:4]>>[#6:1]-[#6:2](-[#8:3]-[#1])(-[#6:4])-[#1]	Any
EVODEX.2-Cm48_0	Any;Any	[#6:5]:[#6:6](:[#6:7])-[#1].[#8:14](-[#8]-[#1])-[#1]>>[#6:5]:[#6:6](-[#8:14]-[#1]):[#6:7]	Any
EVODEX.2-Cm257_0	Any	[#8:8]=[#6:9](-[#6:10])-[#1:21]>>[#6](=[#8])(-[#6])-[#6@@:9](-[#8:8]-[#1])(-[#6:10])-[#1:21]	Any
EVODEX.2-Cm262_0	Any;Any	[#6:7]-[#6:8](=[#8:9])-[#16:10]-[#6:11].[#6:65]-[#8:66]-[#1]>>[#6:7]-[#6:8](=[#8:9])-[#8:66]-[#6:65].[#16:10](-[#6:11])-[#1]	Any;Any
EVODEX.2-Cm271_0	Any;Any	[#6:7]-[#6:8](=[#8:9])-[#16]-[#6].[#6:70]-[#8:71]-[#1]>>[#6:7]-[#6:8](=[#8:9])-[#8:71]-[#6:70]	Any
EVODEX.2-Cm351_0	Any	[#15:2]-[#8:3]-[#1]>>[#15:2]-[#8:3]-[#15](=[#8])(-[#8])-[#8]	Any
EVODEX.2-Cm524_0	Any;Any	[#6:7](-[#6@:5])(=[#8:8])-[#7](-[#6])-[#6@].[#8:17](-[#1])-[#1]>>[#6:7](-[#6@:5])(=[#8:8])-[#8:17]-[#1]	Any
EVODEX.2-Cm525_0	Any	[#6:7](-[#6@:5])(=[#8:8])-[#7](-[#6])-[#6@]>>[#6:7](-[#6@:5])(=[#8:8])-[#8]-[#1]	Any
EVODEX.2-Cm14_0	Any;Any	[#6:13](-[#6@@:12])(=[#8:14])-[#6:15].[#6:28]-[#6:30]1=[#6:31](-[#7:32](-[#6@@:33])-[#6:68](=[#6:69](-[#6:70]-1(-[#1:126])-[#1])-[#1:125])-[#1:124])-[#1:101]>>[#8:14](-[#6@:13](-[#6@@:12])(-[#6:15])-[#1])-[#1].[#6:28]-[#6:30]1:[#6:31](:[#7&+:32](-[#6@@:33]):[#6:68](:[#6:69](:[#6:70]:1-[#1:126])-[#1:125])-[#1:124])-[#1:101]	Any;Any
EVODEX.2-Cm369_0	Any	[#6:11]-[#16:12]-[#1]>>[#6](-[#6@])(-[#16:12]-[#6:11])(-[#1])-[#1]	Any
EVODEX.2-Cm415_0	Any	[#8:39](-[#6@@:36])-[#15:40](=[#8:41])(-[#8:42])-[#8:43]>>[#15]-[#8]-[#15:40](=[#8:41])(-[#8:42])-[#8:43].[#8:39](-[#6@@:36])-[#1]	Any;Any
EVODEX.2-Cm418_0	Any;Any	[#6]-[#8]-[#15:16](=[#8:17])(-[#8:18])-[#8:19].[#6:32]-[#8:33]-[#1]>>[#15:16](=[#8:17])(-[#8:18])(-[#8:19])-[#8:33]-[#6:32]	Any
EVODEX.2-Cm477_0	Any;Any	[#7:1](-[#6:2])(-[#1])-[#1].[#8:14]=[#6:15](-[#8]-[#1])-[#6:17]>>[#7:1](-[#6:2])(-[#6:15](=[#8:14])-[#6:17])-[#1]	Any
EVODEX.2-Cm530_0	Any;Any	[#6:7](-[#6@:5])(=[#8:8])-[#8:9]-[#1].[#7:10](-[#6:11])(-[#1])-[#1]>>[#6:7](-[#6@:5])(=[#8:8])-[#7:10](-[#6:11])-[#1].[#8:9](-[#1])-[#1]	Any;Any
EVODEX.2-Cm333_0	Any;Any	[#6:144]-[#8:145]-[#1].[#15:102]-[#8:105]-[#6@:106](-[#8:107])(-[#6@@:115])-[#1:405]>>[#15:102]-[#8:105]-[#1].[#6:106](-[#8:145]-[#6:144])(-[#8:107])(-[#6@@:115])-[#1:405]	Any;Any
EVODEX.2-Cm458_0	Any;Any	[#15:2]-[#8:5]-[#6:6](:[#6:7]):[#6:14].[#8:15](-[#1])-[#1]>>[#15:2]-[#8:5]-[#1].[#6:6](-[#8:15]-[#1])(:[#6:7]):[#6:14]	Any;Any
EVODEX.2-Cm463_0	Any	[#6:7]-[#6:8](-[#6:9])(-[#8:16]-[#6:17])-[#1:32]>>[#6:7]-[#6:8](-[#6:9])(-[#8]-[#1])-[#1:32].[#8:16](-[#6:17])-[#1]	Any;Any
EVODEX.2-Cm472_0	Any;Any	[#6:19]-[#6:20](-[#6:21])(-[#8:33]-[#6:34])-[#1:83].[#8:51](-[#1])-[#1]>>[#6:19]-[#6:20](-[#6:21])(-[#8:51]-[#1])-[#1:83].[#8:33](-[#6:34])-[#1]	Any;Any
EVODEX.2-Cm460_0	Any	[#15:2]-[#8:5]-[#6:6](:[#6:7]):[#6:14]>>[#15:2]-[#8:5]-[#1].[#6:6](-[#8]-[#1])(:[#6:7]):[#6:14]	Any;Any
EVODEX.2-Cm59_0	Any	[#8]-[#15](=[#8])(-[#8])-[#8:23]-[#15:24]>>[#8:23](-[#15:24])-[#1]	Any
EVODEX.2-Cm229_0	Any	[#6:25]-[#8:27]-[#1]>>[#6:25]-[#8:27]-[#6](-[#1])(-[#1])-[#1]	Any
EVODEX.2-Cm246_0	Any;Any	[#8:47](-[#6@@:46])-[#1].[#8:78](-[#6@@:77])-[#15:79](=[#8:80])(-[#8:81])-[#8:82]>>[#8:47](-[#6@@:46])-[#15:79](=[#8:80])(-[#8:81])-[#8:82].[#8:78](-[#6@@:77])-[#1]	Any;Any
EVODEX.2-Cm663_0	Any;Any;Any	[#6:47]-[#16:48]-[#1].[#6:52]-[#6:53](=[#8:54])-[#8]-[#1].[#8]-[#15](=[#8])(-[#8])-[#8:74]-[#15:75]>>[#6:47]-[#16:48]-[#6:53](-[#6:52])=[#8:54].[#8:74](-[#15:75])-[#1]	Any;Any
EVODEX.2-Cm65_0	Any;Any	[#6:5]-[#6:6](-[#6:7])(-[#1:34])-[#1].[#8:21]=[#8:22]>>[#6:5]-[#6@@:6](-[#6:7])(-[#8:21]-[#1])-[#1:34].[#6]-[#6](=[#8])-[#8:22]-[#1]	Any;Any
EVODEX.2-Cm66_0	Any;Any	[#6:8](-[#6@:6])(-[#6:9])(-[#1:37])-[#1].[#6:16]-[#6:17](=[#8:18])-[#6:19](=[#8:20])-[#8:21]-[#1]>>[#6:19](=[#8:20])=[#8:21].[#6:8](-[#6@:6])(-[#6:9])(-[#8]-[#1])-[#1:37].[#6:16]-[#6:17](=[#8:18])-[#8]-[#1]	Any;Any;Any
EVODEX.2-Cm67_0	Any;Any	[#6:8](-[#6@:6])(-[#6:9])(-[#1:37])-[#1].[#6]-[#6](=[#8])-[#6:19](=[#8:20])-[#8:21]-[#1]>>[#6:19](=[#8:20])=[#8:21].[#6:8](-[#6@:6])(-[#6:9])(-[#8]-[#1])-[#1:37]	Any;Any
EVODEX.2-Cm68_0	Any;Any	[#6:8](-[#6@:6])(-[#6:9])(-[#1:37])-[#1].[#6:16]-[#6:17](=[#8:18])-[#6](=[#8])-[#8]>>[#6:8](-[#6@:6])(-[#6:9])(-[#8]-[#1])-[#1:37].[#6:16]-[#6:17](=[#8:18])-[#8]-[#1]	Any;Any
EVODEX.2-Cm69_0	Any;Any;Any	[#6:8](-[#6@@:6])(-[#6:9])(-[#1:37])-[#1].[#6:16]-[#6:17](=[#8:18])-[#6:19](=[#8:20])-[#8:21]-[#1].[#8:22]=[#8:23]>>[#6:19](=[#8:20])=[#8:21].[#6:8](-[#6@@:6])(-[#6:9])(-[#8:22]-[#1])-[#1:37].[#6:16]-[#6:17](=[#8:18])-[#8:23]-[#1]	Any;Any;Any
EVODEX.2-Cm70_0	Any;Any;Any	[#6:8](-[#6@@:6])(-[#6:9])(-[#1:37])-[#1].[#6:16]-[#6:17](=[#8:18])-[#6](=[#8])-[#8].[#8:22]=[#8:23]>>[#6:8](-[#6@@:6])(-[#6:9])(-[#8:22]-[#1])-[#1:37].[#6:16]-[#6:17](=[#8:18])-[#8:23]-[#1]	Any;Any
EVODEX.2-Cm71_0	Any;Any;Any	[#6:17]-[#6:18](-[#6@@:19])(-[#1:39])-[#1].[#6]-[#6](=[#8])-[#6:8](=[#8:9])-[#8:10]-[#1].[#8:31]=[#8]>>[#6:8](=[#8:9])=[#8:10].[#6:17]-[#6:18](-[#8:31]-[#1])(-[#6@@:19])-[#1:39]	Any;Any
EVODEX.2-Cm228_0	Any;Any	[#6:18]-[#8:20]-[#1].[#6:21](-[#16&+:22](-[#6:23])-[#6:30])(-[#1:76])(-[#1:77])-[#1:78]>>[#6:18]-[#8:20]-[#6:21](-[#1:76])(-[#1:77])-[#1:78].[#16:22](-[#6:23])-[#6:30]	Any;Any
EVODEX.2-Cm230_0	Any;Any	[#6:60]-[#8:62]-[#1].[#6:63](-[#16&+](-[#6])-[#6])(-[#1:166])(-[#1:167])-[#1:168]>>[#6:60]-[#8:62]-[#6:63](-[#1:166])(-[#1:167])-[#1:168]	Any
EVODEX.2-Cm270_0	Any;Any	[#6:28]-[#6:60](=[#8:61])-[#8:62]-[#6:63].[#6:155]-[#8:156]-[#1]>>[#6:28]-[#6:60](=[#8:61])-[#8:156]-[#6:155].[#8:62](-[#6:63])-[#1]	Any;Any
EVODEX.2-Cm344_0	Any;Any	[#8](-[#6@@])-[#6@@:9](-[#8:10])(-[#6@:18])-[#1:87].[#8:79](-[#6@@:78])-[#1]>>[#8:79](-[#6@@:9](-[#8:10])(-[#6@:18])-[#1:87])-[#6@@:78]	Any
EVODEX.2-Cm362_0	Any	[#6:23]:[#6:24](:[#6:25])-[#1]>>[#6]-[#6](-[#6:24](:[#6:23]):[#6:25])(-[#1])-[#1]	Any
EVODEX.2-Cm363_0	Any;Any	[#6:4]-[#6:5](-[#8:6]-[#15:7])(-[#1:47])-[#1:48].[#6:23]:[#6:24](:[#6:25])-[#1]>>[#6:4]-[#6:5](-[#6:24](:[#6:23]):[#6:25])(-[#1:47])-[#1:48].[#8:6](-[#15:7])-[#1]	Any;Any
EVODEX.2-Cm364_0	Any;Any	[#6:4]-[#6:5](-[#8]-[#15])(-[#1:47])-[#1:48].[#6:23]:[#6:24](:[#6:25])-[#1]>>[#6:4]-[#6:5](-[#6:24](:[#6:23]):[#6:25])(-[#1:47])-[#1:48]	Any
EVODEX.2-Cm393_0	Any;Any	[#7:1](-[#6@:2](-[#6:3])(-[#6@@:6])-[#1])(-[#1])-[#1].[#6:15]-[#6:16](=[#8:17])-[#6:18]>>[#6:2](-[#6:3])(-[#6@@:6])=[#8:17].[#7:1](-[#6:16](-[#6:15])(-[#6:18])-[#1])(-[#1])-[#1]	Any;Any
EVODEX.2-Cm400_0	Any;Any	[#6:10]-[#6@:11](-[#7:12](-[#1])-[#1])(-[#6:13])-[#1].[#6:7]-[#6:8](=[#8:9])-[#1:38]>>[#6:7]-[#6:8](-[#7:12](-[#1])-[#1])(-[#1:38])-[#1].[#8:9]=[#6:11](-[#6:10])-[#6:13]	Any;Any
EVODEX.2-Cm448_0	Any	[#6:59]-[#6:60](=[#8:61])-[#8:62]-[#1]>>[#6](=[#8])(-[#6])-[#8:62]-[#1].[#6]-[#16]-[#6:60](-[#6:59])=[#8:61]	Any;Any
EVODEX.2-Cm449_0	Any;Any	[#6:1]-[#6:2](=[#8:3])-[#8]-[#1].[#6:51]-[#16:52]-[#6](=[#8])-[#6]>>[#6:1]-[#6:2](=[#8:3])-[#16:52]-[#6:51]	Any
EVODEX.2-Cm461_0	Any;Any	[#6:8]-[#6:9](-[#8]-[#6])(-[#1:32])-[#1:33].[#8:14](-[#1])-[#1]>>[#6:8]-[#6:9](-[#8:14]-[#1])(-[#1:32])-[#1:33]	Any
EVODEX.2-Cm473_0	Any;Any	[#6]-[#8]-[#6:18](=[#8:19])-[#6@:20].[#7:11](-[#6@@:10])(-[#1])-[#1]>>[#7:11](-[#6@@:10])(-[#6:18](=[#8:19])-[#6@:20])-[#1]	Any
EVODEX.2-Cm474_0	Any	[#7:11](-[#6@@:10])(-[#6:12](=[#8:13])-[#6@:14])-[#1]>>[#6:12](=[#8:13])(-[#6@:14])-[#8]-[#6].[#7:11](-[#6@@:10])(-[#1])-[#1]	Any;Any
EVODEX.2-Cm481_0	Any;Any	[#6:19]-[#6@@:20](-[#6@:5])(-[#8]-[#6])-[#1:43].[#8:25](-[#1])-[#1]>>[#6:19]-[#6@@:20](-[#6@:5])(-[#8:25]-[#1])-[#1:43]	Any
EVODEX.2-Cm628_0	Any	[#6]-[#6](-[#8])(-[#6:7](-[#8:8]-[#1])(-[#6@:9])-[#1:29])-[#1]>>[#6:7](=[#8:8])(-[#6@:9])-[#1:29]	Any
EVODEX.2-Cm654_0	Any;Any	[#6]-[#6](=[#8])-[#8:4]-[#1].[#8:67]-[#15:68](=[#8:69])(-[#8:70])-[#8:71]-[#15:72]>>[#8:4](-[#15:68](-[#8:67])(=[#8:69])-[#8:70])-[#1].[#8:71](-[#15:72])-[#1]	Any;Any
EVODEX.2-Cm667_0	Any;Any	[#6:47]-[#16:48]-[#1].[#8:80]=[#6:81](-[#8:82]-[#1])-[#6:83]>>[#6:47]-[#16:48]-[#6:81](=[#8:80])-[#6:83].[#8]-[#15](=[#8])(-[#8])-[#8:82]-[#1]	Any;Any
EVODEX.2-Cm668_0	Any	[#6:65]-[#6:66](=[#8:67])-[#8:68]-[#1]>>[#6]-[#16]-[#6:66](-[#6:65])=[#8:67].[#8:68](-[#15](-[#8])(=[#8])-[#8])-[#1]	Any;Any
EVODEX.2-Cm690_0	Any;Any	[#7:1](-[#6:2])(-[#1])-[#1].[#6:43]-[#6:44](=[#8:45])-[#8:46]-[#1]>>[#7:1](-[#6:2])(-[#6:44](-[#6:43])=[#8:45])-[#1].[#8:46](-[#15](-[#8])(=[#8])-[#8])-[#1]	Any;Any
EVODEX.2-Cm419_0	Any;Any	[#6:8]-[#8:9]-[#1].[#15:38]-[#8:41]-[#15:42](=[#8:43])(-[#8:44])-[#8:45]>>[#6:8]-[#8:9]-[#15:42](=[#8:43])(-[#8:44])-[#8:45].[#15:38]-[#8:41]-[#1]	Any;Any
EVODEX.2-Cm26_0	Any;Any	[#8:11]=[#8:12].[#6:2]-[#6@:3](-[#8:4]-[#1])(-[#6@@:5])-[#1]>>[#6:2]-[#6:3](=[#8:4])-[#6@@:5].[#8:11](-[#8:12]-[#1])-[#1]	Any;Any
EVODEX.2-Cm115_0	Any	[#6:1](-[#8:2]-[#6:3])(-[#1:53])(-[#1:54])-[#1]>>[#6:1](=[#8])(-[#1:53])-[#1:54].[#8:2](-[#6:3])-[#1]	Any;Any
EVODEX.2-Cm627_0	Any;Any	[#6:1](-[#6:2])(-[#1:9])(-[#1:10])-[#1].[#6:6]-[#6:7](=[#8:8])-[#1:20]>>[#6:1](-[#6:2])(-[#6:7](-[#6:6])(-[#8:8]-[#1])-[#1:20])(-[#1:9])-[#1:10]	Any
EVODEX.2-Cm661_0	Any;Any	[#6:53]-[#6:54](=[#8:55])-[#8]-[#1].[#8]-[#15](=[#8])(-[#8])-[#8:75]-[#15:76]>>[#6]-[#16]-[#6:54](-[#6:53])=[#8:55].[#8:75](-[#15:76])-[#1]	Any;Any
EVODEX.2-Cm686_0	Any;Any;Any	[#6:18]-[#6:19](=[#8:20])-[#8]-[#1].[#6:30]-[#7:31](-[#1])-[#1].[#8]-[#15](=[#8])(-[#8])-[#8:54]-[#15:55]>>[#6:18]-[#6:19](=[#8:20])-[#7:31](-[#6:30])-[#1].[#8:54](-[#15:55])-[#1]	Any;Any
EVODEX.2-Cm15_0	Any;Any	[#8:31](-[#6@@:30](-[#6@:28])(-[#6:32])-[#1])-[#1].[#8:1]=[#6:2]1-[#6:3](=[#6:4](-[#6:5](=[#7:6]-[#6:7])-[#6:16](=[#6:17]-1-[#1:55])-[#1:54])-[#1:50])-[#1:49]>>[#6:30](-[#6@:28])(=[#8:31])-[#6:32].[#8:1](-[#6:2]1:[#6:3](:[#6:4](:[#6:5](-[#7:6](-[#6:7])-[#1]):[#6:16](:[#6:17]:1-[#1:55])-[#1:54])-[#1:50])-[#1:49])-[#1]	Any;Any
EVODEX.2-Cm34_0	Any;Any	[#6:19]-[#6@@:20](-[#8:21]-[#1])(-[#6:22])-[#1].[#8:2]-[#6:3]1=[#6:4](-[#8:5])-[#6:7](=[#8:8])-[#6:9](-[#6:10])=[#6:15](-[#6:16])-[#6:17]-1=[#8:18]>>[#6:19]-[#6:20](=[#8:21])-[#6:22].[#8:2]-[#6:3]1:[#6:4](-[#8:5]):[#6:7](-[#8:8]-[#1]):[#6:9](-[#6:10]):[#6:15](-[#6:16]):[#6:17]:1-[#8:18]-[#1]	Any;Any
EVODEX.2-Cm47_0	Any;Any	[#6:9]-[#6:10](-[#6:11])(-[#1:40])-[#1].[#8:17](-[#8:18]-[#1])-[#1]>>[#6:9]-[#6:10](-[#6:11])(-[#8:17]-[#1])-[#1:40].[#8:18](-[#1])-[#1]	Any;Any
EVODEX.2-Cm56_0	Any	[#7](-[#6@@:2](-[#6:3])(-[#6:11])-[#1])(-[#1])-[#1]>>[#6:2](-[#6:3])(-[#6:11])=[#8]	Any
EVODEX.2-Cm77_0	Any;Any	[#7:141]-[#6:142](-[#6:143])(-[#1:350])-[#1].[#8:229]=[#8]>>[#7:141]-[#6:142](-[#8:229]-[#1])(-[#6:143])-[#1:350]	Any
EVODEX.2-Cm81_0	Any	[#7:29](-[#6@@:28](-[#6@:5])(-[#6@@:30])-[#1])(-[#1])-[#1]>>[#6:28](-[#6@:5])(=[#8])-[#6@@:30].[#7:29](-[#1])(-[#1])-[#1]	Any;Any
EVODEX.2-Cm82_0	Any;Any	[#6:29](-[#6@:6])(=[#8])-[#6@@:31].[#7:1](-[#1])(-[#1])-[#1]>>[#7:1](-[#6@@:29](-[#6@@:6])(-[#6@@:31])-[#1])(-[#1])-[#1]	Any
EVODEX.2-Cm85_0	Any;Any;Any	[#6:2]-[#6:4]1=[#6:5](-[#7:6](-[#6@@:7])-[#6:42](=[#6:43](-[#6:44]-1(-[#1:90])-[#1])-[#1:89])-[#1:88])-[#1:65].[#8:45]=[#8:46].[#6:49]:[#6:50](:[#6:51])-[#1]>>[#6:2]-[#6:4]1:[#6:5](:[#7&+:6](-[#6@@:7]):[#6:42](:[#6:43](:[#6:44]:1-[#1:90])-[#1:89])-[#1:88])-[#1:65].[#8:46](-[#1])-[#1].[#8:45](-[#6:50](:[#6:49]):[#6:51])-[#1]	Any;Any;Any
EVODEX.2-Cm86_0	Any;Any;Any	[#6:2]-[#6:4]1=[#6:5](-[#7:6](-[#6@@:7])-[#6:42](=[#6:43](-[#6:44]-1(-[#1:84])-[#1])-[#1:83])-[#1:82])-[#1:59].[#8:45]=[#8].[#6:49]:[#6:50](:[#6:51])-[#1]>>[#6:2]-[#6:4]1:[#6:5](:[#7&+:6](-[#6@@:7]):[#6:42](:[#6:43](:[#6:44]:1-[#1:84])-[#1:83])-[#1:82])-[#1:59].[#8:45](-[#6:50](:[#6:49]):[#6:51])-[#1]	Any;Any
EVODEX.2-Cm87_0	Any;Any	[#6:2]-[#6:4]1=[#6:5](-[#7:6](-[#6@@:7])-[#6:42](=[#6:43](-[#6:44]-1(-[#1:84])-[#1])-[#1:83])-[#1:82])-[#1:59].[#6:49]:[#6:50](:[#6:51])-[#1]>>[#6:2]-[#6:4]1:[#6:5](:[#7&+:6](-[#6@@:7]):[#6:42](:[#6:43](:[#6:44]:1-[#1:84])-[#1:83])-[#1:82])-[#1:59].[#8](-[#6:50](:[#6:49]):[#6:51])-[#1]	Any;Any
EVODEX.2-Cm109_0	Any	[#6:3]-[#7:4](-[#6:5](-[#6:6])(-[#1:62])-[#1])-[#1]>>[#6:3]-[#7:4](-[#1])-[#1].[#6:5](-[#6:6])(=[#8])-[#1:62]	Any;Any
EVODEX.2-Cm117_0	Any	[#7:21]-[#6:22](-[#6:23])(-[#1:57])-[#1]>>[#7:21]-[#6:22](-[#6:23])(-[#8]-[#1])-[#1:57]	Any
EVODEX.2-Cm163_0	Any;Any;Any	[#6:1]-[#6@:2](-[#7](-[#1])-[#1])(-[#6:4])-[#1].[#6:8]-[#6:10]1:[#6:11](:[#6:12](:[#6:13](:[#7&+:14](-[#6@@:15]):[#6:50]:1-[#1:86])-[#1:63])-[#1:62])-[#1:61].[#8:51](-[#1])-[#1]>>[#6:1]-[#6:2](-[#6:4])=[#8:51].[#6:8]-[#6:10]1=[#6:50](-[#7:14](-[#6@@:15])-[#6:13](=[#6:12](-[#6:11]-1(-[#1:61])-[#1])-[#1:62])-[#1:63])-[#1:86]	Any;Any
EVODEX.2-Cm164_0	Any;Any	[#7](-[#6@@:5](-[#6@:3])(-[#6:7])-[#1])(-[#1])-[#1].[#6:11]-[#6:13]1:[#6:14](:[#6:15](:[#6:16](:[#7&+:17](-[#6@@:18]):[#6:53]:1-[#1:95])-[#1:72])-[#1:71])-[#1:70]>>[#6:5](-[#6@:3])(-[#6:7])=[#8].[#6:11]-[#6:13]1=[#6:53](-[#7:17](-[#6@@:18])-[#6:16](=[#6:15](-[#6:14]-1(-[#1:70])-[#1])-[#1:71])-[#1:72])-[#1:95]	Any;Any
EVODEX.2-Cm165_0	Any;Any	[#6:5](-[#6@:3])(=[#8:6])-[#6:7].[#7:10](-[#1])(-[#1])-[#1]>>[#6:7]-[#6@:5](-[#6@:3])(-[#7:10](-[#1])-[#1])-[#1].[#8:6](-[#1])-[#1]	Any;Any
EVODEX.2-Cm166_0	Any;Any	[#7:45](-[#6@@:46](-[#6:47])(-[#6:49])-[#1])(-[#1])-[#1].[#8:52](-[#1])-[#1]>>[#6:46](-[#6:47])(-[#6:49])=[#8:52].[#7:45](-[#1])(-[#1])-[#1]	Any;Any
EVODEX.2-Cm167_0	Any;Any;Any	[#6:2]-[#6:4](=[#8])-[#6:6].[#6:11]-[#6:13]1=[#6:14](-[#7:15](-[#6@@:16])-[#6:51](=[#6:52](-[#6:53]-1(-[#1:89])-[#1])-[#1:88])-[#1:87])-[#1:64].[#7:9](-[#1])(-[#1])-[#1]>>[#6:2]-[#6@@:4](-[#6:6])(-[#7:9](-[#1])-[#1])-[#1].[#6:11]-[#6:13]1:[#6:14](:[#7&+:15](-[#6@@:16]):[#6:51](:[#6:52](:[#6:53]:1-[#1:89])-[#1:88])-[#1:87])-[#1:64]	Any;Any
EVODEX.2-Cm168_0	Any	[#6:4]-[#6:5](=[#8:6])-[#6:7]>>[#6:4]-[#6@@:5](-[#6:7])(-[#7](-[#1])-[#1])-[#1].[#8:6](-[#1])-[#1]	Any;Any
EVODEX.2-Cm169_0	Any;Any	[#6:2]-[#6:3](=[#8])-[#6:5].[#6:10]-[#6:12]1=[#6:13](-[#7:14](-[#6@@:15])-[#6:50](=[#6:51](-[#6:52]-1(-[#1:86])-[#1])-[#1:85])-[#1:84])-[#1:61]>>[#6:2]-[#6@@:3](-[#6:5])(-[#7](-[#1])-[#1])-[#1].[#6:10]-[#6:12]1:[#6:13](:[#7&+:14](-[#6@@:15]):[#6:50](:[#6:51](:[#6:52]:1-[#1:86])-[#1:85])-[#1:84])-[#1:61]	Any;Any
EVODEX.2-Cm170_0	Any;Any;Any	[#6:3]-[#6@:4](-[#7:5](-[#1])-[#1])(-[#6:6])-[#1].[#6:10]-[#6:12]1:[#6:13](:[#6:14](:[#6:15](:[#7&+:16](-[#6@@:17]):[#6:52]:1-[#1:92])-[#1:69])-[#1:68])-[#1:67].[#8:53](-[#1])-[#1]>>[#6:3]-[#6:4](-[#6:6])=[#8:53].[#6:10]-[#6:12]1=[#6:52](-[#7:16](-[#6@@:17])-[#6:15](=[#6:14](-[#6:13]-1(-[#1:67])-[#1])-[#1:68])-[#1:69])-[#1:92].[#7:5](-[#1])(-[#1])-[#1]	Any;Any;Any
EVODEX.2-Cm171_0	Any;Any	[#6:4]-[#6:5](-[#7:6](-[#1])-[#1])(-[#6:7])-[#1].[#6:11]-[#6:13]1:[#6:14](:[#6:15](:[#6:16](:[#7&+:17](-[#6@@:18]):[#6:53]:1-[#1:95])-[#1:72])-[#1:71])-[#1:70]>>[#6:4]-[#6:5](-[#6:7])=[#8].[#6:11]-[#6:13]1=[#6:53](-[#7:17](-[#6@@:18])-[#6:16](=[#6:15](-[#6:14]-1(-[#1:70])-[#1])-[#1:71])-[#1:72])-[#1:95].[#7:6](-[#1])(-[#1])-[#1]	Any;Any;Any
EVODEX.2-Cm172_0	Any;Any;Any	[#6:1]-[#6:2](=[#8:3])-[#6:4].[#6:9]-[#6:11]1=[#6:12](-[#7:13](-[#6@@:14])-[#6:51](=[#6:52](-[#6:53]-1(-[#1:85])-[#1])-[#1:84])-[#1:83])-[#1:60].[#7:7](-[#1])(-[#1])-[#1]>>[#6:1]-[#6@@:2](-[#6:4])(-[#7:7](-[#1])-[#1])-[#1].[#6:9]-[#6:11]1:[#6:12](:[#7&+:13](-[#6@@:14]):[#6:51](:[#6:52](:[#6:53]:1-[#1:85])-[#1:84])-[#1:83])-[#1:60].[#8:3](-[#1])-[#1]	Any;Any;Any
EVODEX.2-Cm173_0	Any;Any	[#6:3]-[#6:5]1=[#6:6](-[#7:7](-[#6@@:8])-[#6:43](=[#6:44](-[#6:45]-1(-[#1:82])-[#1])-[#1:81])-[#1:80])-[#1:57].[#6:49]-[#6:50](=[#8:51])-[#6:52]>>[#7](-[#6@@:50](-[#6:49])(-[#6:52])-[#1])(-[#1])-[#1].[#6:3]-[#6:5]1:[#6:6](:[#7&+:7](-[#6@@:8]):[#6:43](:[#6:44](:[#6:45]:1-[#1:82])-[#1:81])-[#1:80])-[#1:57].[#8:51](-[#1])-[#1]	Any;Any;Any
EVODEX.2-Cm174_0	Any	[#6:54]-[#6:55](=[#8])-[#6:57]>>[#7](-[#6@:55](-[#6:54])(-[#6:57])-[#1])(-[#1])-[#1]	Any
EVODEX.2-Cm183_0	Any;Any	[#6:4]-[#6@@:5](-[#6:6])(-[#7](-[#1])-[#1])-[#1].[#8:52](-[#1])-[#1]>>[#6:4]-[#6:5](-[#6:6])=[#8:52]	Any
EVODEX.2-Cm184_0	Any;Any	[#7](-[#6:2](-[#6:3])(-[#6:8])-[#1])(-[#1])-[#1].[#8:12]=[#8:13]>>[#6:2](-[#6:3])(-[#6:8])=[#8].[#8:12](-[#8:13]-[#1])-[#1]	Any;Any
EVODEX.2-Cm185_0	Any;Any;Any	[#7](-[#6@:2](-[#6:3])(-[#6:9])-[#1])(-[#1])-[#1].[#8:13]=[#8:14].[#8:12](-[#1])-[#1]>>[#6:2](-[#6:3])(-[#6:9])=[#8:12].[#8:13](-[#8:14]-[#1])-[#1]	Any;Any
EVODEX.2-Cm186_0	Any;Any	[#7:1](-[#6@:2](-[#6:3])(-[#6:9])-[#1])(-[#1])-[#1].[#8:13]=[#8:14]>>[#6:2](-[#6:3])(-[#6:9])=[#8].[#7:1](-[#1])(-[#1])-[#1].[#8:13](-[#8:14]-[#1])-[#1]	Any;Any;Any
EVODEX.2-Cm196_0	Any;Any;Any	[#7:1](-[#6:2](-[#6:3])(-[#6:8])-[#1])(-[#1])-[#1].[#8:10]=[#8:11].[#8:9](-[#1])-[#1]>>[#6:2](=[#8:9])(-[#6:3])-[#6:8].[#7:1](-[#1])(-[#1])-[#1].[#8:10](-[#8:11]-[#1])-[#1]	Any;Any;Any
EVODEX.2-Cm201_0	Any;Any	[#6:1]-[#7:2](-[#6:3](-[#6:4])(-[#1:21])-[#1])-[#1].[#8:14](-[#1])-[#1]>>[#6:1]-[#7:2](-[#1])-[#1].[#6:3](-[#6:4])(=[#8:14])-[#1:21]	Any;Any
EVODEX.2-Cm202_0	Any;Any	[#6:1]-[#7:2](-[#6:3](-[#6:4])(-[#1:21])-[#1])-[#1].[#8:15]=[#8:16]>>[#6:1]-[#7:2](-[#1])-[#1].[#6:3](-[#6:4])(=[#8])-[#1:21].[#8:15](-[#8:16]-[#1])-[#1]	Any;Any;Any
EVODEX.2-Cm203_0	Any;Any;Any	[#6:12]-[#6:13](-[#7:14](-[#6:15])-[#1])(-[#1:32])-[#1].[#8:22]=[#8:23].[#8:21](-[#1])-[#1]>>[#6:12]-[#6:13](=[#8:21])-[#1:32].[#7:14](-[#6:15])(-[#1])-[#1].[#8:22](-[#8:23]-[#1])-[#1]	Any;Any;Any
EVODEX.2-Cm226_0	Any;Any	[#6:1](-[#16&+](-[#6])-[#6])(-[#1:35])(-[#1:36])-[#1:37].[#6:30]-[#16:31]-[#1]>>[#6:1](-[#16:31]-[#6:30])(-[#1:35])(-[#1:36])-[#1:37]	Any
EVODEX.2-Cm265_0	Any;Any	[#6:47]-[#16:48]-[#6:49](=[#8:50])-[#6:51].[#7:65](-[#6@:64])(-[#1])-[#1]>>[#6:49](=[#8:50])(-[#6:51])-[#7:65](-[#6@@:64])-[#1].[#6:47]-[#16:48]-[#1]	Any;Any
EVODEX.2-Cm266_0	Any;Any	[#6:7]-[#6:8](=[#8:9])-[#16]-[#6].[#7:62](-[#6:63])(-[#1])-[#1]>>[#6:7]-[#6:8](=[#8:9])-[#7:62](-[#6:63])-[#1]	Any
EVODEX.2-Cm272_0	Any	[#6:17]-[#6:18](=[#8:19])-[#16:20]-[#6:21]>>[#6:17]-[#6:18](=[#8:19])-[#7](-[#6])-[#1].[#16:20](-[#6:21])-[#1]	Any;Any
EVODEX.2-Cm276_0	Any	[#6:19]-[#6:20](=[#8:21])-[#16:22]-[#6:23]>>[#6:19]-[#6:20](=[#8:21])-[#8]-[#6].[#16:22](-[#6:23])-[#1]	Any;Any
EVODEX.2-Cm296_0	Any;Any	[#6:1]-[#6:2](=[#8:3])-[#7:4](-[#6@@:5])-[#1].[#7:13](-[#6@@:14])(-[#1])-[#1]>>[#6:1]-[#6:2](=[#8:3])-[#7:13](-[#6@@:14])-[#1].[#7:4](-[#6@@:5])(-[#1])-[#1]	Any;Any
EVODEX.2-Cm329_0	Any	[#8:1](-[#6:2])-[#1]>>[#8:1](-[#6:2])-[#6@@](-[#6])(-[#8])-[#6@@]	Any
EVODEX.2-Cm331_0	Any;Any	[#8](-[#6@@:6](-[#6@@:5])(-[#8:32])-[#1:71])-[#15].[#8:65](-[#1])-[#1]>>[#8:65](-[#6@@:6](-[#6@@:5])(-[#8:32])-[#1:71])-[#1]	Any
EVODEX.2-Cm335_0	Any;Any	[#15:27]-[#8:29]-[#1].[#15]-[#8]-[#6@@:49](-[#8:50])(-[#6@:58])-[#1:120]>>[#15:27]-[#8:29]-[#6@:49](-[#8:50])(-[#6@:58])-[#1:120]	Any
EVODEX.2-Cm382_0	Any;Any	[#8:2]=[#15:3](-[#8:4])(-[#8:5])-[#8]-[#15].[#8:1](-[#1])-[#1]>>[#8:1](-[#15:3](=[#8:2])(-[#8:4])-[#8:5])-[#1]	Any
EVODEX.2-Cm395_0	Any;Any	[#7:1](-[#6@@](-[#6])(-[#6])-[#1])(-[#1])-[#1].[#8]=[#6:12](-[#6@@:13])-[#1:36]>>[#7:1](-[#6:12](-[#6@@:13])(-[#1:36])-[#1])(-[#1])-[#1]	Any
EVODEX.2-Cm396_0	Any	[#8:11]=[#6:12](-[#6@@:13])-[#1:36]>>[#6](-[#6])(-[#6])=[#8:11].[#7](-[#6:12](-[#6@@:13])(-[#1:36])-[#1])(-[#1])-[#1]	Any;Any
EVODEX.2-Cm397_0	Any;Any	[#6:7]-[#6:8](-[#7](-[#1])-[#1])(-[#1:32])-[#1].[#6]-[#6](=[#8:19])-[#6]>>[#6:7]-[#6:8](=[#8:19])-[#1:32]	Any
EVODEX.2-Cm399_0	Any	[#7:7](-[#6:8](-[#6:9])(-[#1:22])-[#1])(-[#1])-[#1]>>[#6]-[#6](-[#6])(-[#7:7](-[#1])-[#1])-[#1].[#8]=[#6:8](-[#6:9])-[#1:22]	Any;Any
EVODEX.2-Cm440_0	Any	[#8:6](-[#6@:5])-[#1]>>[#8:6](-[#6@:5])-[#16](=[#8])(=[#8])-[#8]	Any
EVODEX.2-Cm441_0	Any;Any	[#6:12]-[#8:13]-[#1].[#15:31]-[#8:34]-[#16:35](=[#8:36])(=[#8:37])-[#8:38]>>[#6:12]-[#8:13]-[#16:35](=[#8:36])(=[#8:37])-[#8:38].[#15:31]-[#8:34]-[#1]	Any;Any
EVODEX.2-Cm442_0	Any;Any	[#6:12]-[#8:13]-[#1].[#15]-[#8]-[#16:35](=[#8:36])(=[#8:37])-[#8:38]>>[#6:12]-[#8:13]-[#16:35](=[#8:36])(=[#8:37])-[#8:38]	Any
EVODEX.2-Cm447_0	Any	[#6:47]-[#16:48]-[#6:49](=[#8:50])-[#6:51]>>[#6:49](=[#8:50])(-[#6:51])-[#8]-[#1].[#6:47]-[#16:48]-[#6](-[#6])=[#8]	Any;Any
EVODEX.2-Cm485_0	Any	[#6:1]-[#6:2](=[#8:3])-[#16:4]-[#6:5]>>[#6:1]-[#6:2](=[#8:3])-[#8]-[#1].[#16:4](-[#6:5])-[#1]	Any;Any
EVODEX.2-Cm486_0	Any;Any	[#6:8]-[#6:9](=[#8:10])-[#16:11]-[#6:12].[#8:59](-[#1])-[#1]>>[#6:8]-[#6:9](=[#8:10])-[#8:59]-[#1].[#16:11](-[#6:12])-[#1]	Any;Any
EVODEX.2-Cm493_0	Any;Any	[#6:66]:[#6:67](-[#8]-[#15]):[#6:73].[#8:96](-[#1])-[#1]>>[#6:66]:[#6:67](-[#8:96]-[#1]):[#6:73]	Any
EVODEX.2-Cm506_0	Any	[#6]:[#6](-[#8:9]-[#6@:10]):[#6]>>[#8:9](-[#6@:10])-[#1]	Any
EVODEX.2-Cm526_0	Any	[#6](-[#6@])(=[#8])-[#7:12](-[#6:13])-[#6@:16]>>[#7:12](-[#6:13])(-[#6@:16])-[#1]	Any
EVODEX.2-Cm540_0	Any	[#7:8](-[#6@:7])(-[#6](=[#8])-[#8])-[#1]>>[#7:8](-[#6@:7])(-[#1])-[#1]	Any
EVODEX.2-Cm603_0	Any	[#6:3]-[#6:4](=[#8:5])-[#6:6](-[#6:7])(-[#1:20])-[#1:21]>>[#6:3]-[#6:4](=[#8:5])-[#8]-[#1].[#6:6](-[#6:7])(-[#1:20])(-[#1:21])-[#1]	Any;Any
EVODEX.2-Cm604_0	Any;Any	[#6:4]-[#6:5](=[#8:6])-[#6:7](-[#6:8])(-[#1:23])-[#1:24].[#8:13](-[#1])-[#1]>>[#6:4]-[#6:5](=[#8:6])-[#8:13]-[#1].[#6:7](-[#6:8])(-[#1:23])(-[#1:24])-[#1]	Any;Any
EVODEX.2-Cm647_0	Any	[#6:5]-[#6@@:6](-[#7:7])(-[#6:8])-[#1:21]>>[#6:5]-[#6@:6](-[#7:7])(-[#6:8])-[#1:21]	Any
EVODEX.2-Cm655_0	Any;Any	[#6:1]-[#6:2](=[#8:3])-[#16:4]-[#6:5].[#15:76]-[#8:77]-[#1]>>[#6:1]-[#6:2](=[#8:3])-[#8]-[#1].[#8]-[#15](=[#8])(-[#8])-[#8:77]-[#15:76].[#16:4](-[#6:5])-[#1]	Any;Any;Any
EVODEX.2-Cm656_0	Any;Any	[#6:1]-[#6:2](=[#8:3])-[#16]-[#6].[#8]-[#15](=[#8])(-[#8:69]-[#1])-[#8]>>[#6:1]-[#6:2](=[#8:3])-[#8:69]-[#1]	Any
EVODEX.2-Cm657_0	Any;Any	[#8:68]-[#15:69](=[#8:70])(-[#8:71]-[#1])-[#8:72].[#15:75]-[#8:76]-[#1]>>[#6]-[#6](=[#8])-[#8:71]-[#1].[#8:68]-[#15:69](=[#8:70])(-[#8:72])-[#8:76]-[#15:75]	Any;Any
EVODEX.2-Cm662_0	Any;Any	[#6:5]-[#6:6](=[#8:7])-[#16:8]-[#6:9].[#8]-[#15](=[#8])(-[#8:73]-[#1])-[#8]>>[#6:5]-[#6:6](=[#8:7])-[#8:73]-[#1].[#16:8](-[#6:9])-[#1]	Any;Any
EVODEX.2-Cm671_0	Any;Any	[#6]-[#6](=[#8])-[#8:4]-[#1].[#8:71]-[#15:72](=[#8:73])(-[#8:74])-[#8]-[#15]>>[#8:4](-[#15:72](-[#8:71])(=[#8:73])-[#8:74])-[#1]	Any
EVODEX.2-Cm675_0	Any;Any;Any	[#8:29]-[#15:30](=[#8:31])(-[#8:32])-[#8]-[#15].[#7:1](-[#6@@:2])(-[#1])-[#1].[#6:46]-[#6:52](=[#8:53])-[#8:54]-[#1]>>[#8:29]-[#15:30](=[#8:31])(-[#8:32])-[#8:54]-[#1].[#7:1](-[#6@@:2])(-[#6:52](-[#6:46])=[#8:53])-[#1]	Any;Any
EVODEX.2-Cm62_0	Any;Any	[#8:15]-[#15:16](=[#8:17])(-[#8:18])-[#8:19]-[#6:20].[#15:42]-[#8:43]-[#1]>>[#8:15]-[#15:16](=[#8:17])(-[#8:18])-[#8:43]-[#15:42].[#8:19](-[#6:20])-[#1]	Any;Any
EVODEX.2-Cm342_0	Any	[#8:9]-[#6@:10](-[#8:11]-[#6@@](-[#8])(-[#6@])-[#1])(-[#6@:23])-[#1:36]>>[#8:9]-[#6:10](-[#8:11]-[#1])(-[#6@:23])-[#1:36]	Any
EVODEX.2-Cm455_0	Any	[#6:3]-[#6:4](-[#8:5]-[#6:6])(-[#1:25])-[#1:26]>>[#6:3]-[#6:4](-[#8]-[#1])(-[#1:25])-[#1:26].[#8:5](-[#6:6])-[#1]	Any;Any
EVODEX.2-Cm459_0	Any	[#15:2]-[#8:5]-[#6](:[#6]):[#6]>>[#15:2]-[#8:5]-[#1]	Any
EVODEX.2-Cm653_0	Any;Any;Any	[#6:1]-[#6:2](=[#8:3])-[#8:4]-[#1].[#6:51]-[#16:52]-[#1].[#8:67]-[#15:68](=[#8:69])(-[#8:70])-[#8:71]-[#15:72]>>[#6:1]-[#6:2](=[#8:3])-[#16:52]-[#6:51].[#8:4](-[#15:68](-[#8:67])(=[#8:69])-[#8:70])-[#1].[#8:71](-[#15:72])-[#1]	Any;Any;Any
EVODEX.2-Cm658_0	Any;Any	[#6:2]-[#6:3](=[#8:4])-[#16]-[#6].[#15:77]-[#8:78]-[#1]>>[#6:2]-[#6:3](=[#8:4])-[#8]-[#1].[#8]-[#15](=[#8])(-[#8])-[#8:78]-[#15:77]	Any;Any
EVODEX.2-Cm664_0	Any;Any	[#6:1]-[#6:2](=[#8:3])-[#8:4]-[#1].[#8:67]-[#15:68](=[#8:69])(-[#8:70])-[#8]-[#15]>>[#6:1]-[#6:2](=[#8:3])-[#16]-[#6].[#8:4](-[#15:68](-[#8:67])(=[#8:69])-[#8:70])-[#1]	Any;Any
EVODEX.2-Cm669_0	Any;Any	[#6:55]-[#6:56](=[#8:57])-[#8:58]-[#1].[#8:75]-[#15:76](=[#8:77])(-[#8:78])-[#8:79]-[#15:80]>>[#6]-[#16]-[#6:56](-[#6:55])=[#8:57].[#8:58](-[#15:76](-[#8:75])(=[#8:77])-[#8:78])-[#1].[#8:79](-[#15:80])-[#1]	Any;Any;Any
EVODEX.2-Cm374_0	Any	[#6]-[#6](-[#6@@:7](-[#8:8]-[#1])(-[#6@:9])-[#1:30])(-[#1])-[#1]>>[#6:7](=[#8:8])(-[#6@:9])-[#1:30]	Any
EVODEX.2-Cm375_0	Any	[#8:12]=[#6:13](-[#6@:14])-[#1:31]>>[#6](-[#6])(-[#6@@:13](-[#8:12]-[#1])(-[#6@:14])-[#1:31])(-[#1])-[#1]	Any
EVODEX.2-Cm423_0	Any	[#6:27]-[#8:28]-[#15](=[#8])(-[#8])-[#8]>>[#6:27]-[#8:28]-[#1]	Any
EVODEX.2-Cm451_0	Any;Any	[#6:3]-[#6:4](=[#8:5])-[#8]-[#1].[#6:8]-[#8:9]-[#1]>>[#6:3]-[#6:4](=[#8:5])-[#8:9]-[#6:8]	Any
EVODEX.2-Cm457_0	Any;Any	[#6:1]-[#6:2](-[#8:3]-[#6:4])(-[#1:23])-[#1:24].[#8:19](-[#1])-[#1]>>[#6:1]-[#6:2](-[#8:19]-[#1])(-[#1:23])-[#1:24].[#8:3](-[#6:4])-[#1]	Any;Any
EVODEX.2-Cm470_0	Any	[#6:2]-[#6:3](-[#6:4])(-[#8:8]-[#6:6])-[#1:15]>>([#6:2]-[#6:3](-[#6:4])(-[#8]-[#1])-[#1:15].[#6:6]-[#8:8]-[#1])	Any
EVODEX.2-Cm471_0	Any;Any	[#6:7]-[#6:8](-[#6:9])(-[#8:13]-[#6:11])-[#1:30].[#8:14](-[#1])-[#1]>>([#6:7]-[#6:8](-[#6:9])(-[#8:14]-[#1])-[#1:30].[#6:11]-[#8:13]-[#1])	Any
EVODEX.2-Cm659_0	Any;Any	[#6:5]-[#6:6](=[#8:7])-[#16:8]-[#6:9].[#8:70]-[#15:71](=[#8:72])(-[#8:73]-[#1])-[#8:74]>>[#6:5]-[#6:6](=[#8:7])-[#8:73]-[#1].[#8:70]-[#15:71](=[#8:72])(-[#8:74])-[#8]-[#15].[#16:8](-[#6:9])-[#1]	Any;Any;Any
EVODEX.2-Cm660_0	Any;Any	[#6:6]-[#6:7](=[#8:8])-[#16]-[#6].[#8:71]-[#15:72](=[#8:73])(-[#8:74]-[#1])-[#8:75]>>[#6:6]-[#6:7](=[#8:8])-[#8:74]-[#1].[#8:71]-[#15:72](=[#8:73])(-[#8:75])-[#8]-[#15]	Any;Any
EVODEX.2-Cm2_0	Any;Any	[#6:2]-[#6:4]1:[#6:5](:[#6:6](:[#6:7](:[#7&+:8](-[#6@@:9]):[#6:44]:1-[#1:84])-[#1:61])-[#1:60])-[#1:59].[#6:55](-[#6@:53])(-[#8:56]-[#1])(-[#1:92])-[#1]>>[#6:2]-[#6:4]1=[#6:44](-[#7:8](-[#6@@:9])-[#6:7](=[#6:6](-[#6:5]-1(-[#1:59])-[#1])-[#1:60])-[#1:61])-[#1:84].[#6:55](-[#6@:53])(=[#8:56])-[#1:92]	Any;Any
EVODEX.2-Cm159_0	Any;Any	[#6:5]/[#6:6](=[#6:7](/[#6:8])-[#1:77])-[#1:76].[#6:18]-[#6:20]1=[#6:21](-[#7:22](-[#6@@:23])-[#6:62](=[#6:63](-[#6:64]-1(-[#1:114])-[#1])-[#1:113])-[#1:112])-[#1:88]>>[#6:5]-[#6:6](-[#6:7](-[#6:8])(-[#1:77])-[#1])(-[#1:76])-[#1].[#6:18]-[#6:20]1:[#6:21](:[#7&+:22](-[#6@@:23]):[#6:62](:[#6:63](:[#6:64]:1-[#1:114])-[#1:113])-[#1:112])-[#1:88]	Any;Any
EVODEX.2-Cm484_0	Any;Any	[#8:11]-[#15:12](=[#8:13])(-[#8:14])-[#8:15]-[#6:16].[#8:35](-[#1])-[#1]>>[#8:11]-[#15:12](=[#8:13])(-[#8:14])-[#8:35]-[#1].[#8:15](-[#6:16])-[#1]	Any;Any
EVODEX.2-Cm1_0	Any	[#6:2]-[#6:4](=[#8:5])-[#1:53]>>[#6:2]-[#6:4](-[#8:5]-[#1])(-[#1:53])-[#1]	Any
EVODEX.2-Cm46_0	Any	[#6:1]-[#6:2](-[#6:3])(-[#6:4])-[#1]>>[#6:1]-[#6:2](-[#6:3])(-[#6:4])-[#8]-[#1]	Any
EVODEX.2-Cm242_0	Any	[#6:2]=[#6:4](-[#6:5])-[#1]>>[#6:2]=[#6:4](-[#6:5])-[#6](-[#1])(-[#1])-[#1]	Any
EVODEX.2-Cm629_0	Any	[#6:4]-[#6:6](-[#6@@:7](-[#8:8]-[#1])(-[#6:9])-[#1:14])(-[#1:12])-[#1:13]>>[#6:7](=[#8:8])(-[#6:9])-[#1:14].[#6:4]-[#6:6](-[#1:12])(-[#1:13])-[#1]	Any;Any
EVODEX.2-Cm4_0	Any	[#8:2]-[#6:3]1=[#6:4](-[#8:5])-[#6:7](=[#8:8])-[#6:9](-[#6:10])=[#6:15](-[#6:16])-[#6:17]-1=[#8:18]>>[#8:2]-[#6:3]1:[#6:4](-[#8:5]):[#6:7](-[#8:8]-[#1]):[#6:9](-[#6:10]):[#6:15](-[#6:16]):[#6:17]:1-[#8:18]-[#1]	Any
EVODEX.2-Cm6_0	Any	[#8:48]-[#6:49](-[#8:50]-[#1])(-[#6@@:51])-[#1]>>[#8:48]-[#6:49](=[#8:50])-[#6@@:51]	Any
EVODEX.2-Cm9_0	Any;Any	[#6:2]-[#6:4]1:[#6:5](:[#6:6](:[#6:7](:[#7&+:8](-[#6@@:9]):[#6:48]:1-[#1:87])-[#1:63])-[#1:62])-[#1:61].[#8:52]-[#6:53](-[#8:54]-[#1])(-[#6@@:55])-[#1]>>[#6:2]-[#6:4]1=[#6:48](-[#7:8](-[#6@@:9])-[#6:7](=[#6:6](-[#6:5]-1(-[#1:61])-[#1])-[#1:62])-[#1:63])-[#1:87].[#8:52]-[#6:53](=[#8:54])-[#6@@:55]	Any;Any
EVODEX.2-Cm10_0	Any;Any	[#6:2]-[#6:4]1:[#6:5](:[#6:6](:[#6:7](:[#7&+:8](-[#6@@:9]):[#6:48]:1-[#1:89])-[#1:65])-[#1:64])-[#1:63].([#8:49]=[#6:50](-[#6@@:51])-[#1].[#8:58](-[#6@@:57])-[#1])>>[#6:2]-[#6:4]1=[#6:48](-[#7:8](-[#6@@:9])-[#6:7](=[#6:6](-[#6:5]-1(-[#1:63])-[#1])-[#1:64])-[#1:65])-[#1:89].[#8:49]=[#6:50](-[#6@@:51])-[#8:58]-[#6@:57]	Any;Any
EVODEX.2-Cm11_0	Any	[#7&+:31]1(-[#6@@:30]):[#6:32](:[#6:33](:[#6:34](:[#6:35](-[#6:36]):[#6:39]:1-[#1:88])-[#1:85])-[#1:84])-[#1:83]>>[#7:31]1(-[#6@@:30])-[#6:32](=[#6:33](-[#6:34](-[#6:35](-[#6:36])=[#6:39]-1-[#1:88])(-[#1:85])-[#1])-[#1:84])-[#1:83]	Any
EVODEX.2-Cm12_0	Any;Any	[#6:2]-[#6:4]1=[#6:5](-[#7:6](-[#6@@:7])-[#6:42](=[#6:43](-[#6:44]-1(-[#1:82])-[#1])-[#1:81])-[#1:80])-[#1:57].[#6:49]-[#8:50]-[#6:51](=[#8:52])-[#6@:53]>>[#6:2]-[#6:4]1:[#6:5](:[#7&+:6](-[#6@@:7]):[#6:42](:[#6:43](:[#6:44]:1-[#1:82])-[#1:81])-[#1:80])-[#1:57].([#6:49]-[#8:50]-[#1].[#6:51](-[#6@@:53])(=[#8:52])-[#1])	Any;Any
EVODEX.2-Cm13_0	Any;Any;Any	[#6:41]-[#6:43]1=[#6:44](-[#7:45](-[#6@@:46])-[#6:81](=[#6:82](-[#6:83]-1(-[#1:155])-[#1])-[#1:154])-[#1:153])-[#1:130].[#6:85]-[#6:87]1=[#6:88](-[#7:89](-[#6@@:90])-[#6:125](=[#6:126](-[#6:127]-1(-[#1:184])-[#1])-[#1:183])-[#1:182])-[#1:159].[#6:28](-[#6@:27])(=[#8])-[#8:30]>>[#6:41]-[#6:43]1:[#6:44](:[#7&+:45](-[#6@@:46]):[#6:81](:[#6:82](:[#6:83]:1-[#1:155])-[#1:154])-[#1:153])-[#1:130].[#6:85]-[#6:87]1:[#6:88](:[#7&+:89](-[#6@@:90]):[#6:125](:[#6:126](:[#6:127]:1-[#1:184])-[#1:183])-[#1:182])-[#1:159].[#6:28](-[#6@:27])(-[#8:30])(-[#1])-[#1]	Any;Any;Any
EVODEX.2-Cm16_0	Any	[#6:9]-[#6:10](=[#8:11])-[#8:12]>>[#6:9]-[#6:10](-[#8:12])(-[#1])-[#1].[#8:11](-[#1])-[#1]	Any;Any
EVODEX.2-Cm17_0	Any;Any	[#6:27]-[#6:28](-[#8:29])(-[#1])-[#1].[#8:118](-[#1])-[#1]>>[#6:27]-[#6:28](-[#8:29])=[#8:118]	Any
EVODEX.2-Cm18_0	Any;Any	[#6:13]-[#6:14](=[#8:15])-[#8:16].[#6:62]-[#6:64]1=[#6:65](-[#7:66](-[#6@@:67])-[#6:102](=[#6:103](-[#6:104]-1(-[#1:189])-[#1])-[#1:188])-[#1:187])-[#1:164]>>[#6:13]-[#6:14](-[#8:16])(-[#1])-[#1].[#6:62]-[#6:64]1:[#6:65](:[#7&+:66](-[#6@@:67]):[#6:102](:[#6:103](:[#6:104]:1-[#1:189])-[#1:188])-[#1:187])-[#1:164].[#8:15](-[#1])-[#1]	Any;Any;Any
EVODEX.2-Cm19_0	Any	[#6:1]-[#6:2](=[#8:3])-[#16:4]-[#6:5]>>[#6:1]-[#6:2](=[#8:3])-[#1].[#16:4](-[#6:5])-[#1]	Any;Any
EVODEX.2-Cm20_0	Any;Any	[#6:2]-[#6:4]1:[#6:5](:[#6:6](:[#6:7](:[#7&+:8](-[#6@@:9]):[#6:44]:1-[#1:85])-[#1:62])-[#1:61])-[#1:60].[#6:48]-[#6:49](-[#6:50](=[#8:51])-[#8:52]-[#1])(-[#6:53](-[#8:54]-[#1])(-[#6:55])-[#1])-[#1:89]>>[#6:50](=[#8:51])=[#8:52].[#6:2]-[#6:4]1=[#6:44](-[#7:8](-[#6@@:9])-[#6:7](=[#6:6](-[#6:5]-1(-[#1:60])-[#1])-[#1:61])-[#1:62])-[#1:85].[#6:48]-[#6:49](-[#6:53](=[#8:54])-[#6:55])(-[#1:89])-[#1]	Any;Any;Any
EVODEX.2-Cm21_0	Any;Any	[#6:2]-[#6:4]1:[#6:5](:[#6:6](:[#6:7](:[#7&+:8](-[#6@@:9]):[#6:44]:1-[#1:86])-[#1:63])-[#1:62])-[#1:61].[#6:49]-[#6@:50](-[#6](=[#8])-[#8])(-[#6@@:54](-[#8:55]-[#1])(-[#6:56])-[#1])-[#1:92]>>[#6:2]-[#6:4]1=[#6:44](-[#7:8](-[#6@@:9])-[#6:7](=[#6:6](-[#6:5]-1(-[#1:61])-[#1])-[#1:62])-[#1:63])-[#1:86].[#6:49]-[#6:50](-[#6:54](=[#8:55])-[#6:56])(-[#1:92])-[#1]	Any;Any
EVODEX.2-Cm22_0	Any	[#6]-[#16]-[#6:49](=[#8:50])-[#6:51]>>[#6:49](-[#8:50]-[#1])(-[#6:51])(-[#1])-[#1]	Any
EVODEX.2-Cm23_0	Any;Any;Any	[#6:52]-[#6:53](-[#8:54]-[#1])(-[#1])-[#1].[#6:108]-[#6:110]1:[#6:111](:[#6:112](:[#6:113](:[#7&+:114](-[#6@@:115]):[#6:154]:1-[#1:231])-[#1:207])-[#1:206])-[#1:205].[#6:60]-[#6:62]1:[#6:63](:[#6:64](:[#6:65](:[#7&+:66](-[#6@@:67]):[#6:106]:1-[#1:260])-[#1:236])-[#1:235])-[#1:234]>>[#6]-[#16]-[#6:53](-[#6:52])=[#8:54].[#6:108]-[#6:110]1=[#6:154](-[#7:114](-[#6@@:115])-[#6:113](=[#6:112](-[#6:111]-1(-[#1:205])-[#1])-[#1:206])-[#1:207])-[#1:231].[#6:60]-[#6:62]1=[#6:106](-[#7:66](-[#6@@:67])-[#6:65](=[#6:64](-[#6:63]-1(-[#1:234])-[#1])-[#1:235])-[#1:236])-[#1:260]	Any;Any;Any
EVODEX.2-Cm27_0	Any;Any	[#6:2]-[#6:3](-[#8:4]-[#1])(-[#1:12])-[#1].[#8:5]=[#8:6]>>[#6:2]-[#6:3](=[#8:4])-[#1:12].[#8:5](-[#8:6]-[#1])-[#1]	Any;Any
EVODEX.2-Cm28_0	Any	[#6:4]-[#6@:5](-[#8:6])(-[#6](=[#8])-[#8])-[#1]>>[#6:4]-[#6:5](-[#8:6])=[#8]	Any
EVODEX.2-Cm30_0	Any;Any	[#8:1]=[#8:2].[#6:16](-[#6@:15])(-[#8:17])(-[#1])-[#1]>>[#8:1]=[#6:16](-[#6@:15])-[#8:17].[#8:2](-[#1])-[#1]	Any;Any
EVODEX.2-Cm31_0	Any;Any	[#8:1]=[#8].[#6:15](-[#6@:14])(-[#8:16])(-[#1])-[#1]>>[#8:1]=[#6:15](-[#6@:14])-[#8:16]	Any
EVODEX.2-Cm32_0	Any	[#6:15](-[#6@@:14])(-[#8:16])(-[#1])-[#1]>>[#6:15](-[#6@@:14])(-[#8:16])=[#8]	Any
EVODEX.2-Cm33_0	Any	[#6:1](-[#6:2])(-[#1:12])(-[#1])-[#1]>>[#6:1](-[#6:2])(=[#8])-[#1:12]	Any
EVODEX.2-Cm35_0	Any;Any	[#8:8](-[#6@@:7](-[#6@@:5])(-[#6@:9])-[#1])-[#1].[#6:18]:[#6:22]1:[#6:23](:[#7:24])-[#6:25](=[#8:26])-[#6:27](=[#8:28])-[#6:29](:[#6:30]):[#6:36]-1:[#7:35]>>[#6:7](-[#6@@:5])(=[#8:8])-[#6@:9].[#6:18]:[#6:22]1:[#6:23](:[#7:24]):[#6:25](-[#8:26]-[#1]):[#6:27](-[#8:28]-[#1]):[#6:29](:[#6:30]):[#6:36]:1:[#7:35]	Any;Any
EVODEX.2-Cm36_0	Any;Any	[#8:2]-[#6:3]1=[#6:4](-[#8:5])-[#6:7](=[#8:8])-[#6:9](-[#6:10])=[#6:60](-[#6:61])-[#6:62]-1=[#8:63].[#8:72]-[#6:73](-[#8:74]-[#1])(-[#6@@:75])-[#1]>>[#8:2]-[#6:3]1:[#6:4](-[#8:5]):[#6:7](-[#8:8]-[#1]):[#6:9](-[#6:10]):[#6:60](-[#6:61]):[#6:62]:1-[#8:63]-[#1].[#8:72]-[#6:73](=[#8:74])-[#6@@:75]	Any;Any
EVODEX.2-Cm37_0	Any;Any	[#8:1]=[#6:2]1-[#6:3](=[#6:4](-[#6:5](=[#7:6]-[#6:7])-[#6:16](=[#6:17]-1-[#1:34])-[#1:33])-[#1:29])-[#1:28].[#8:18](-[#6:19](-[#8:20])(-[#6@:26])-[#1])-[#1]>>[#8:18]=[#6:19](-[#8:20])-[#6@:26].[#8:1](-[#6:2]1:[#6:3](:[#6:4](:[#6:5](-[#7:6](-[#6:7])-[#1]):[#6:16](:[#6:17]:1-[#1:34])-[#1:33])-[#1:29])-[#1:28])-[#1]	Any;Any
EVODEX.2-Cm38_0	Any;Any	[#6:1]-[#6:2](-[#8:3]-[#1])(-[#1:70])-[#1].[#8:5]-[#6:6]1=[#6:7](-[#8:8])-[#6:10](=[#8:11])-[#6:12](-[#6:13])=[#6:63](-[#6:64])-[#6:65]-1=[#8:66]>>[#6:1]-[#6:2](=[#8:3])-[#1:70].[#8:5]-[#6:6]1:[#6:7](-[#8:8]):[#6:10](-[#8:11]-[#1]):[#6:12](-[#6:13]):[#6:63](-[#6:64]):[#6:65]:1-[#8:66]-[#1]	Any;Any
EVODEX.2-Cm39_0	Any	[#8](-[#6@@:25](-[#6@@:6])(-[#6@@:23])-[#1:47])-[#1]>>[#6:25](-[#6@@:6])(-[#6@@:23])(-[#1:47])-[#1]	Any
EVODEX.2-Cm40_0	Any;Any	[#8:2]-[#6:3]1:[#6:4](-[#8:5]-[#1]):[#6:6](-[#6:7]):[#6:8](-[#6:9]):[#6:19](-[#8:20]-[#1]):[#6:21]:1-[#8:22].[#6:25]-[#6:27]1:[#6:28](:[#6:29](:[#6:30](:[#7&+:31](-[#6@@:32]):[#6:41]:1-[#1:84])-[#1:74])-[#1:73])-[#1:72]>>[#8:2]-[#6:3]1=[#6:21](-[#8:22])-[#6:19](=[#8:20])-[#6:8](-[#6:9])=[#6:6](-[#6:7])-[#6:4]-1=[#8:5].[#6:25]-[#6:27]1=[#6:41](-[#7:31](-[#6@@:32])-[#6:30](=[#6:29](-[#6:28]-1(-[#1:72])-[#1])-[#1:73])-[#1:74])-[#1:84]	Any;Any
EVODEX.2-Cm41_0	Any;Any	[#6:7]-[#16:8]-[#6:9].[#8](-[#8:15]-[#1])-[#1]>>[#6:7]-[#16@@:8](-[#6:9])=[#8:15]	Any
EVODEX.2-Cm42_0	Any	[#6:7]-[#16:8]-[#6:9]>>[#6:7]-[#16@@:8](-[#6:9])=[#8]	Any
EVODEX.2-Cm44_0	Any;Any	[#6:24](-[#6@:22])(-[#6:25])(-[#6:26])-[#1].[#8:30](-[#8:31]-[#1])-[#1]>>[#6:24](-[#6@:22])(-[#6:25])(-[#6:26])-[#8:30]-[#1].[#8:31](-[#1])-[#1]	Any;Any
EVODEX.2-Cm45_0	Any;Any	[#6:24](-[#6@:22])(-[#6:25])(-[#6:26])-[#1].[#8:30](-[#8]-[#1])-[#1]>>[#6:24](-[#6@:22])(-[#6:25])(-[#6:26])-[#8:30]-[#1]	Any
EVODEX.2-Cm49_0	Any	[#6:25]/[#6:26](=[#6:27](\[#6:28](-[#6:29])(-[#1:90])-[#1])-[#1:89])-[#1:88]>>[#6:25]-[#6:26](-[#6:27](=[#6:28](-[#6:29])-[#1:90])-[#1:89])(-[#8]-[#8])-[#1:88]	Any
EVODEX.2-Cm50_0	Any;Any	[#6:13]-[#6:14](/[#6:15](=[#6:16](\[#6:17])-[#1:76])-[#1:75])(-[#1:73])-[#1].[#8:49]=[#8:50]>>[#6:13]/[#6:14](=[#6:15](/[#6@:16](-[#6:17])(-[#8:49]-[#8:50]-[#1])-[#1:76])-[#1:75])-[#1:73]	Any
EVODEX.2-Cm51_0	Any;Any	[#6:7]-[#6@:8](-[#7:9])(-[#6:10](=[#8:11])-[#8:12]-[#1])-[#1].[#8:13]=[#8]>>[#6:10](=[#8:11])=[#8:12].[#6:7]-[#6:8](-[#7:9])=[#8:13]	Any;Any
EVODEX.2-Cm52_0	Any;Any	[#6:7]-[#6@:8](-[#7:9])(-[#6](=[#8])-[#8])-[#1].[#8:13]=[#8:14]>>[#6:7]-[#6:8](-[#7:9])=[#8:13].[#8:14](-[#1])-[#1]	Any;Any
EVODEX.2-Cm53_0	Any	[#6:7]-[#6@:8](-[#7:9])(-[#6:10](=[#8:11])-[#8:12]-[#1])-[#1]>>[#6:10](=[#8:11])=[#8:12].[#6:7]-[#6:8](-[#7:9])=[#8]	Any;Any
EVODEX.2-Cm54_0	Any	[#6:7]-[#6@:8](-[#7:9])(-[#6](=[#8])-[#8])-[#1]>>[#6:7]-[#6:8](-[#7:9])=[#8]	Any
EVODEX.2-Cm55_0	Any;Any	[#6:8]-[#6@:9](-[#7:10])(-[#6:11](=[#8:12])-[#8:13]-[#1])-[#1].[#8:14]=[#8:15]>>[#6:11](=[#8:12])=[#8:13].[#6:8]-[#6:9](-[#7:10])=[#8:14].[#8:15](-[#1])-[#1]	Any;Any;Any
EVODEX.2-Cm57_0	Any;Any	[#6:6]-[#6@:7](-[#7:8])(-[#6](=[#8])-[#8])-[#1].[#8:12]=[#8]>>[#6:6]-[#6:7](-[#7:8])=[#8:12]	Any
EVODEX.2-Cm58_0	Any;Any	[#8]=[#6](-[#8])-[#6:4](-[#8:5])(-[#6:6])-[#1].[#8:8]=[#8]>>[#6:4](-[#8:5])(-[#6:6])=[#8:8]	Any
EVODEX.2-Cm61_0	Any;Any	[#6:47]-[#16:48]-[#1].[#8:80]=[#6:81](-[#8]-[#1])-[#6@@:83]>>[#6:47]-[#16:48]-[#6:81](=[#8:80])-[#6@@:83]	Any
EVODEX.2-Cm63_0	Any;Any;Any	[#6:47]-[#16:48]-[#1].[#6:59]-[#6:60](=[#8:61])-[#8:62]-[#1].[#8:77]-[#15:78](=[#8:79])(-[#8:80])-[#8]-[#15]>>[#6:47]-[#16:48]-[#6:60](-[#6:59])=[#8:61].[#8:62](-[#15:78](-[#8:77])(=[#8:79])-[#8:80])-[#1]	Any;Any
EVODEX.2-Cm72_0	Any;Any;Any	[#7:113]-[#6:114](-[#6:115])(-[#1:240])-[#1].[#6:138]-[#6:139](=[#8:140])-[#6:141](=[#8:142])-[#8:143]-[#1].[#8:144]=[#8:145]>>[#6:141](=[#8:142])=[#8:143].[#7:113]-[#6:114](-[#8:144]-[#1])(-[#6:115])-[#1:240].[#6:138]-[#6:139](=[#8:140])-[#8:145]-[#1]	Any;Any;Any
EVODEX.2-Cm73_0	Any;Any	[#7:113]-[#6:114](-[#6:115])(-[#1:240])-[#1].[#8:144]=[#8:145]>>[#7:113]-[#6:114](-[#8:144]-[#1])(-[#6:115])-[#1:240].[#6]-[#6](=[#8])-[#8:145]-[#1]	Any;Any
EVODEX.2-Cm74_0	Any;Any	[#7:113]-[#6:114](-[#6:115])(-[#1:240])-[#1].[#6:138]-[#6:139](=[#8:140])-[#6:141](=[#8:142])-[#8:143]-[#1]>>[#6:141](=[#8:142])=[#8:143].[#7:113]-[#6:114](-[#8]-[#1])(-[#6:115])-[#1:240].[#6:138]-[#6:139](=[#8:140])-[#8]-[#1]	Any;Any;Any
EVODEX.2-Cm75_0	Any;Any;Any	[#7:25]-[#6:26](-[#6:27])(-[#1:227])-[#1].[#6]-[#6](=[#8])-[#6:198](=[#8:199])-[#8:200]-[#1].[#8:201]=[#8]>>[#6:198](=[#8:199])=[#8:200].[#7:25]-[#6:26](-[#8:201]-[#1])(-[#6:27])-[#1:227]	Any;Any
EVODEX.2-Cm76_0	Any;Any;Any	[#7:25]-[#6:26](-[#6:27])(-[#1:227])-[#1].[#6:195]-[#6:196](=[#8:197])-[#6](=[#8])-[#8].[#8:201]=[#8:202]>>[#7:25]-[#6:26](-[#8:201]-[#1])(-[#6:27])-[#1:227].[#6:195]-[#6:196](=[#8:197])-[#8:202]-[#1]	Any;Any
EVODEX.2-Cm78_0	Any	[#6:116]-[#6:117](-[#16:118])(-[#1:287])-[#1]>>[#6:116]-[#6:117](-[#16:118])(-[#8]-[#1])-[#1:287]	Any
EVODEX.2-Cm79_0	Any;Any	[#7:148]-[#6:149](-[#6:150])(-[#1:361])-[#1].[#6]-[#6](=[#8])-[#6:233](=[#8:234])-[#8:235]-[#1]>>[#6:233](=[#8:234])=[#8:235].[#7:148]-[#6:149](-[#8]-[#1])(-[#6:150])-[#1:361]	Any;Any
EVODEX.2-Cm80_0	Any;Any	[#7:65]-[#6:66](-[#6:67])(-[#1:213])-[#1].[#6:144]-[#6:145](=[#8:146])-[#6](=[#8])-[#8]>>[#7:65]-[#6:66](-[#8]-[#1])(-[#6:67])-[#1:213].[#6:144]-[#6:145](=[#8:146])-[#8]-[#1]	Any;Any
EVODEX.2-Cm83_0	Any;Any	[#6:6](-[#6@:5])(-[#16:7])(-[#1:30])-[#1].[#8:21]=[#8]>>[#6:6](-[#6@:5])(-[#16:7])(-[#8:21]-[#1])-[#1:30]	Any
EVODEX.2-Cm84_0	Any	[#6:8]-[#6:9](-[#8:10]-[#16:11])(-[#1:44])-[#1]>>[#6:8]-[#6:9](=[#8])-[#1:44].[#8:10](-[#16:11])-[#1]	Any;Any
EVODEX.2-Cm88_0	Any;Any;Any	[#6:6]-[#6@@:7](-[#6:8])(-[#6:9](=[#8:10])-[#6:11])-[#1:72].[#6:13]-[#6:15]1=[#6:16](-[#7:17](-[#6@@:18])-[#6:57](=[#6:58](-[#6:59]-1(-[#1:106])-[#1])-[#1:105])-[#1:104])-[#1:80].[#8:60]=[#8:61]>>[#6:6]-[#6@@:7](-[#6:8])(-[#8:61]-[#6:9](=[#8:10])-[#6:11])-[#1:72].[#6:13]-[#6:15]1:[#6:16](:[#7&+:17](-[#6@@:18]):[#6:57](:[#6:58](:[#6:59]:1-[#1:106])-[#1:105])-[#1:104])-[#1:80].[#8:60](-[#1])-[#1]	Any;Any;Any
EVODEX.2-Cm89_0	Any	[#6:6]-[#6@@:7](-[#6:8])(-[#6:9](=[#8:10])-[#6:11])-[#1:72]>>[#6:6]-[#6@@:7](-[#6:8])(-[#8]-[#6:9](=[#8:10])-[#6:11])-[#1:72]	Any
EVODEX.2-Cm90_0	Any;Any	[#6:2]-[#6@:4](-[#6:5])(-[#6:10](-[#6:9])=[#8:11])-[#1:69].[#8:60]=[#8:61]>>[#6:2]-[#6@:4](-[#6:5])(-[#8:61]-[#6:10](-[#6:9])=[#8:11])-[#1:69].[#8:60](-[#1])-[#1]	Any;Any
EVODEX.2-Cm91_0	Any;Any	[#6:2]-[#6:7](-[#6:6](-[#6:5])(-[#1:69])-[#1:70])=[#8:8].[#8:57]=[#8:58]>>[#6:2]-[#6:7](-[#8:58]-[#6:6](-[#6:5])(-[#1:69])-[#1:70])=[#8:8].[#8:57](-[#1])-[#1]	Any;Any
EVODEX.2-Cm92_0	Any;Any	[#6:2]-[#6:4]1=[#6:5](-[#7:6](-[#6@@:7])-[#6:46](=[#6:47](-[#6:48]-1(-[#1:87])-[#1])-[#1:86])-[#1:85])-[#1:61].[#8:49]=[#6:50](-[#6:51](-[#6:52])(-[#1:89])-[#1:90])-[#6:56]>>[#6:2]-[#6:4]1:[#6:5](:[#7&+:6](-[#6@@:7]):[#6:46](:[#6:47](:[#6:48]:1-[#1:87])-[#1:86])-[#1:85])-[#1:61].[#8:49]=[#6:50](-[#6:56])-[#8]-[#6:51](-[#6:52])(-[#1:89])-[#1:90]	Any;Any
EVODEX.2-Cm93_0	Any;Any	[#8:49]=[#6:50](-[#6:51](-[#6:52])(-[#1:89])-[#1:90])-[#6:56].[#8]=[#8:58]>>[#8:49]=[#6:50](-[#6:56])-[#8:58]-[#6:51](-[#6:52])(-[#1:89])-[#1:90]	Any
EVODEX.2-Cm94_0	Any;Any;Any	[#6:2]-[#6:4]1=[#6:5](-[#7:6](-[#6@@:7])-[#6:46](=[#6:47](-[#6:48]-1(-[#1:88])-[#1])-[#1:87])-[#1:86])-[#1:62].[#8:49]=[#6:50](-[#6:51](-[#6:52])(-[#1:90])-[#1:91])-[#6:57].[#8]=[#8:59]>>[#6:2]-[#6:4]1:[#6:5](:[#7&+:6](-[#6@@:7]):[#6:46](:[#6:47](:[#6:48]:1-[#1:88])-[#1:87])-[#1:86])-[#1:62].[#8:49]=[#6:50](-[#6:57])-[#8:59]-[#6:51](-[#6:52])(-[#1:90])-[#1:91]	Any;Any
EVODEX.2-Cm95_0	Any	[#6:5]-[#6:6](=[#8:7])-[#6:8](-[#6:9])(-[#1:68])-[#1:69]>>[#6:5]-[#6:6](=[#8:7])-[#8]-[#6:8](-[#6:9])(-[#1:68])-[#1:69]	Any
EVODEX.2-Cm96_0	Any;Any;Any	[#6:4]-[#6:5](=[#8:6])-[#6:7](-[#6:8])(-[#1:67])-[#1:68].[#6:10]-[#6:12]1=[#6:13](-[#7:14](-[#6@@:15])-[#6:54](=[#6:55](-[#6:56]-1(-[#1:99])-[#1])-[#1:98])-[#1:97])-[#1:73].[#8:57]=[#8:58]>>[#6:4]-[#6:5](=[#8:6])-[#8:58]-[#6:7](-[#6:8])(-[#1:67])-[#1:68].[#6:10]-[#6:12]1:[#6:13](:[#7&+:14](-[#6@@:15]):[#6:54](:[#6:55](:[#6:56]:1-[#1:99])-[#1:98])-[#1:97])-[#1:73].[#8:57](-[#1])-[#1]	Any;Any;Any
EVODEX.2-Cm97_0	Any;Any	[#6:2]-[#6:3](-[#6:4])(-[#6:7](-[#6:6])=[#8:8])-[#1:64].[#6:10]-[#6:12]1=[#6:13](-[#7:14](-[#6@@:15])-[#6:54](=[#6:55](-[#6:56]-1(-[#1:99])-[#1])-[#1:98])-[#1:97])-[#1:73]>>[#6:2]-[#6:3](-[#6:4])(-[#8]-[#6:7](-[#6:6])=[#8:8])-[#1:64].[#6:10]-[#6:12]1:[#6:13](:[#7&+:14](-[#6@@:15]):[#6:54](:[#6:55](:[#6:56]:1-[#1:99])-[#1:98])-[#1:97])-[#1:73]	Any;Any
EVODEX.2-Cm98_0	Any;Any	[#6:2]-[#6:3](-[#6:4])(-[#6:7](-[#6:6])=[#8:8])-[#1:64].[#8]=[#8:58]>>[#6:2]-[#6:3](-[#6:4])(-[#8:58]-[#6:7](-[#6:6])=[#8:8])-[#1:64]	Any
EVODEX.2-Cm99_0	Any;Any;Any	[#6:1]-[#6:2](-[#6:3])(-[#6:7](-[#6:6])=[#8:8])-[#1:62].[#6:10]-[#6:12]1=[#6:13](-[#7:14](-[#6@@:15])-[#6:54](=[#6:55](-[#6:56]-1(-[#1:99])-[#1])-[#1:98])-[#1:97])-[#1:73].[#8]=[#8:58]>>[#6:1]-[#6:2](-[#6:3])(-[#8:58]-[#6:7](-[#6:6])=[#8:8])-[#1:62].[#6:10]-[#6:12]1:[#6:13](:[#7&+:14](-[#6@@:15]):[#6:54](:[#6:55](:[#6:56]:1-[#1:99])-[#1:98])-[#1:97])-[#1:73]	Any;Any
EVODEX.2-Cm100_0	Any;Any;Any	[#6:1]-[#16:6]-[#6:5].[#6:8]-[#6:10]1=[#6:11](-[#7:12](-[#6@@:13])-[#6:52](=[#6:53](-[#6:54]-1(-[#1:93])-[#1])-[#1:92])-[#1:91])-[#1:67].[#8:55]=[#8:56]>>[#6:1]-[#16:6](-[#6:5])=[#8:56].[#6:8]-[#6:10]1:[#6:11](:[#7&+:12](-[#6@@:13]):[#6:52](:[#6:53](:[#6:54]:1-[#1:93])-[#1:92])-[#1:91])-[#1:67].[#8:55](-[#1])-[#1]	Any;Any;Any
EVODEX.2-Cm101_0	Any;Any	[#6:1]-[#16:6]-[#6:5].[#8:55]=[#8:56]>>[#6:1]-[#16:6](-[#6:5])=[#8:56].[#8:55](-[#1])-[#1]	Any;Any
EVODEX.2-Cm102_0	Any;Any	[#6:1]-[#16:2]-[#6:3].[#6:7]-[#6:9]1=[#6:10](-[#7:11](-[#6@@:12])-[#6:51](=[#6:52](-[#6:53]-1(-[#1:92])-[#1])-[#1:91])-[#1:90])-[#1:66]>>[#6:1]-[#16:2](-[#6:3])=[#8].[#6:7]-[#6:9]1:[#6:10](:[#7&+:11](-[#6@@:12]):[#6:51](:[#6:52](:[#6:53]:1-[#1:92])-[#1:91])-[#1:90])-[#1:66]	Any;Any
EVODEX.2-Cm103_0	Any;Any;Any	[#6:1](-[#6:2])(-[#1:56])(-[#1:57])-[#1].[#6:7]-[#6:9]1=[#6:10](-[#7:11](-[#6@@:12])-[#6:51](=[#6:52](-[#6:53]-1(-[#1:94])-[#1])-[#1:93])-[#1:92])-[#1:68].[#8:54]=[#8:55]>>[#6:1](-[#6:2])(-[#8:54]-[#1])(-[#1:56])-[#1:57].[#6:7]-[#6:9]1:[#6:10](:[#7&+:11](-[#6@@:12]):[#6:51](:[#6:52](:[#6:53]:1-[#1:94])-[#1:93])-[#1:92])-[#1:68].[#8:55](-[#1])-[#1]	Any;Any;Any
EVODEX.2-Cm104_0	Any;Any	[#6:1](-[#6:2])(-[#1:56])(-[#1:57])-[#1].[#8:54]=[#8]>>[#6:1](-[#6:2])(-[#8:54]-[#1])(-[#1:56])-[#1:57]	Any
EVODEX.2-Cm105_0	Any;Any	[#6:1](-[#6:2])(-[#1:56])(-[#1:57])-[#1].[#8:54]=[#8:55]>>[#6:1](-[#6:2])(-[#8:54]-[#1])(-[#1:56])-[#1:57].[#8:55](-[#1])-[#1]	Any;Any
EVODEX.2-Cm106_0	Any;Any;Any	[#6:1](-[#6:2])(-[#1:49])(-[#1:50])-[#1].[#6:4]-[#6:6]1=[#6:7](-[#7:8](-[#6@@:9])-[#6:44](=[#6:45](-[#6:46]-1(-[#1:82])-[#1])-[#1:81])-[#1:80])-[#1:57].[#8:47]=[#8]>>[#6:1](-[#6:2])(-[#8:47]-[#1])(-[#1:49])-[#1:50].[#6:4]-[#6:6]1:[#6:7](:[#7&+:8](-[#6@@:9]):[#6:44](:[#6:45](:[#6:46]:1-[#1:82])-[#1:81])-[#1:80])-[#1:57]	Any;Any
EVODEX.2-Cm107_0	Any;Any	[#6:1](-[#6:2])(-[#1:52])(-[#1:53])-[#1].[#6:7]-[#6:9]1=[#6:10](-[#7:11](-[#6@@:12])-[#6:47](=[#6:48](-[#6:49]-1(-[#1:91])-[#1])-[#1:90])-[#1:89])-[#1:66]>>[#6:1](-[#6:2])(-[#8]-[#1])(-[#1:52])-[#1:53].[#6:7]-[#6:9]1:[#6:10](:[#7&+:11](-[#6@@:12]):[#6:47](:[#6:48](:[#6:49]:1-[#1:91])-[#1:90])-[#1:89])-[#1:66]	Any;Any
EVODEX.2-Cm108_0	Any	[#6:1](-[#7:2](-[#6:3])-[#1])(-[#1:54])(-[#1:55])-[#1]>>[#6:1](=[#8])(-[#1:54])-[#1:55].[#7:2](-[#6:3])(-[#1])-[#1]	Any;Any
EVODEX.2-Cm110_0	Any;Any;Any	[#6:2]-[#16:3]-[#6:4].[#6:17]-[#6:19]1=[#6:20](-[#7:21](-[#6@@:22])-[#6:61](=[#6:62](-[#6:63]-1(-[#1:109])-[#1])-[#1:108])-[#1:107])-[#1:83].[#8]=[#8:65]>>[#6:2]-[#16:3](-[#6:4])=[#8:65].[#6:17]-[#6:19]1:[#6:20](:[#7&+:21](-[#6@@:22]):[#6:61](:[#6:62](:[#6:63]:1-[#1:109])-[#1:108])-[#1:107])-[#1:83]	Any;Any
EVODEX.2-Cm111_0	Any	[#8:1](/[#7:2]=[#6:3](\[#6:4])-[#1])-[#1]>>[#7:2]#[#6:3]-[#6:4].[#8:1](-[#1])-[#1]	Any;Any
EVODEX.2-Cm112_0	Any	[#8](/[#7:2]=[#6:3](\[#6:4])-[#1])-[#1]>>[#7:2]#[#6:3]-[#6:4]	Any
EVODEX.2-Cm113_0	Any;Any	[#6:1](-[#8:2]-[#6:3])(-[#1:53])(-[#1:54])-[#1].[#6:8]-[#6:10]1=[#6:11](-[#7:12](-[#6@@:13])-[#6:48](=[#6:49](-[#6:50]-1(-[#1:92])-[#1])-[#1:91])-[#1:90])-[#1:67]>>[#6:1](=[#8])(-[#1:53])-[#1:54].[#6:8]-[#6:10]1:[#6:11](:[#7&+:12](-[#6@@:13]):[#6:48](:[#6:49](:[#6:50]:1-[#1:92])-[#1:91])-[#1:90])-[#1:67].[#8:2](-[#6:3])-[#1]	Any;Any;Any
EVODEX.2-Cm114_0	Any;Any;Any	[#6:1](-[#8:2]-[#6:3])(-[#1:53])(-[#1:54])-[#1].[#6:8]-[#6:10]1=[#6:11](-[#7:12](-[#6@@:13])-[#6:48](=[#6:49](-[#6:50]-1(-[#1:92])-[#1])-[#1:91])-[#1:90])-[#1:67].[#8:51]=[#8:52]>>[#6:1](=[#8:52])(-[#1:53])-[#1:54].[#6:8]-[#6:10]1:[#6:11](:[#7&+:12](-[#6@@:13]):[#6:48](:[#6:49](:[#6:50]:1-[#1:92])-[#1:91])-[#1:90])-[#1:67].[#8:51](-[#1])-[#1].[#8:2](-[#6:3])-[#1]	Any;Any;Any;Any
EVODEX.2-Cm116_0	Any;Any;Any	[#7:13]-[#6:14](-[#6:15])(-[#1:48])-[#1].[#6:22]-[#6:31](=[#6:29](-[#6@:24])-[#8:30]-[#1])-[#8:32]-[#1].[#8:33]=[#8:34]>>[#7:13]-[#6:14](-[#6:15])(-[#8:33]-[#1])-[#1:48].[#6:22]-[#6:31](-[#6:29](-[#6@:24])=[#8:30])=[#8:32].[#8:34](-[#1])-[#1]	Any;Any;Any
EVODEX.2-Cm118_0	Any;Any;Any	[#7:4]-[#6:5](-[#6:6])(-[#1:27])-[#1].[#8:21]=[#8].[#6:10]-[#6:19](=[#6:17](-[#6@:12])-[#8:18]-[#1])-[#8:20]-[#1]>>[#7:4]-[#6:5](-[#6:6])(-[#8:21]-[#1])-[#1:27].[#6:10]-[#6:19](-[#6:17](-[#6@:12])=[#8:18])=[#8:20]	Any;Any
EVODEX.2-Cm119_0	Any;Any	[#7:8]-[#6:9](-[#6:10])(-[#1:39])-[#1].[#8:25]=[#8:26]>>[#7:8]-[#6:9](-[#6:10])(-[#8:25]-[#1])-[#1:39].[#8:26](-[#1])-[#1]	Any;Any
EVODEX.2-Cm120_0	Any;Any	[#7:26]-[#6:27](-[#6:28])(-[#1:79])-[#1].[#6:32]-[#6:41](=[#6:39](-[#6@:34])-[#8:40]-[#1])-[#8:42]-[#1]>>[#7:26]-[#6:27](-[#6:28])(-[#8]-[#1])-[#1:79].[#6:32]-[#6:41](-[#6:39](-[#6@:34])=[#8:40])=[#8:42]	Any;Any
EVODEX.2-Cm121_0	Any;Any;Any	[#6:1](-[#6:2]1(-[#6:3])-[#16:4]-[#6@@:5]-[#7:20]-[#6@:21]-1(-[#6:22])-[#1])(-[#1:37])(-[#1:38])-[#1].[#6:29]-[#6:30](=[#8:31])-[#6](=[#8])-[#8].[#8:35]=[#8]>>[#6:1]1(-[#6:2](-[#6:3])=[#6:21](-[#6:22])-[#7:20]-[#6@:5]-[#16:4]-1)(-[#1:37])-[#1:38].[#6:29]-[#6:30](=[#8:31])-[#8:35]-[#1]	Any;Any
EVODEX.2-Cm122_0	Any;Any	[#6:1](-[#6:2]1(-[#6:3])-[#16:4]-[#6@@:5]-[#7:20]-[#6@:21]-1(-[#6:22])-[#1])(-[#1:37])(-[#1:38])-[#1].[#6:29]-[#6:30](=[#8:31])-[#6:32](=[#8:33])-[#8:34]-[#1]>>[#6:32](=[#8:33])=[#8:34].[#6:1]1(-[#6:2](-[#6:3])=[#6:21](-[#6:22])-[#7:20]-[#6@:5]-[#16:4]-1)(-[#1:37])-[#1:38].[#6:29]-[#6:30](=[#8:31])-[#8]-[#1]	Any;Any;Any
EVODEX.2-Cm123_0	Any;Any;Any	[#6:1](-[#6:2]1(-[#6:3])-[#16:4]-[#6@@:5]-[#7:20]-[#6@:21]-1(-[#6:22])-[#1])(-[#1:37])(-[#1:38])-[#1].[#6:29]-[#6:30](=[#8:31])-[#6](=[#8])-[#8].[#8:35]=[#8:36]>>[#6:1]1(-[#6:2](-[#6:3])=[#6:21](-[#6:22])-[#7:20]-[#6@:5]-[#16:4]-1)(-[#1:37])-[#1:38].[#6:29]-[#6:30](=[#8:31])-[#8:35]-[#1].[#8:36](-[#1])-[#1]	Any;Any;Any
EVODEX.2-Cm124_0	Any;Any;Any	[#7:16]1-[#6:17]-[#16:18]-[#6:19](-[#6:20](-[#1:60])(-[#1:61])-[#1])(-[#6:21])-[#6:22]-1(-[#6:23])-[#1].[#6:30]-[#6:31](=[#8:32])-[#6:33](=[#8:34])-[#8:35]-[#1].[#8:36]=[#8]>>[#6:33](=[#8:34])=[#8:35].[#7:16]1-[#6:17]-[#16:18]-[#6:20](-[#6:19](-[#6:21])=[#6:22]-1-[#6:23])(-[#1:60])-[#1:61].[#6:30]-[#6:31](=[#8:32])-[#8:36]-[#1]	Any;Any;Any
EVODEX.2-Cm125_0	Any;Any;Any	[#7:16]1-[#6:17]-[#16:18]-[#6:19](-[#6:20](-[#1:60])(-[#1:61])-[#1])(-[#6:21])-[#6:22]-1(-[#6:23])-[#1].[#6:30]-[#6:31](=[#8:32])-[#6:33](=[#8:34])-[#8:35]-[#1].[#8:36]=[#8:37]>>[#6:33](=[#8:34])=[#8:35].[#7:16]1-[#6:17]-[#16:18]-[#6:20](-[#6:19](-[#6:21])=[#6:22]-1-[#6:23])(-[#1:60])-[#1:61].[#6:30]-[#6:31](=[#8:32])-[#8:36]-[#1].[#8:37](-[#1])-[#1]	Any;Any;Any;Any
EVODEX.2-Cm126_0	Any;Any	[#7:11]1-[#6:12]-[#16:13]-[#6:14](-[#6:15](-[#1:45])(-[#1:46])-[#1])(-[#6:16])-[#6:17]-1(-[#6:18])-[#1].[#6:25]-[#6:26](=[#8:27])-[#6](=[#8])-[#8]>>[#7:11]1-[#6:12]-[#16:13]-[#6:15](-[#6:14](-[#6:16])=[#6:17]-1-[#6:18])(-[#1:45])-[#1:46].[#6:25]-[#6:26](=[#8:27])-[#8]-[#1]	Any;Any
EVODEX.2-Cm127_0	Any;Any;Any	[#6:1]-[#6:2](=[#8:3])-[#1].[#8:5]=[#8:6].[#8:4](-[#1])-[#1]>>[#6:1]-[#6:2](=[#8:3])-[#8:4]-[#1].[#8:5](-[#8:6]-[#1])-[#1]	Any;Any
EVODEX.2-Cm128_0	Any;Any	[#6:2]-[#6:3](=[#8:4])-[#1].[#8:6]=[#8:7]>>[#6:2]-[#6:3](=[#8:4])-[#8]-[#1].[#8:6](-[#8:7]-[#1])-[#1]	Any;Any
EVODEX.2-Cm129_0	Any	[#6:49]-[#6:50](=[#8:51])-[#1]>>[#6]-[#16]-[#6:50](-[#6:49])=[#8:51]	Any
EVODEX.2-Cm130_0	Any;Any	[#6:2]-[#6:3](=[#8:4])-[#16]-[#6].[#6:54]-[#6:56]1=[#6:57](-[#7:58](-[#6@@:59])-[#6:94](=[#6:95](-[#6:96]-1(-[#1:164])-[#1])-[#1:163])-[#1:162])-[#1:139]>>[#6:2]-[#6:3](=[#8:4])-[#1].[#6:54]-[#6:56]1:[#6:57](:[#7&+:58](-[#6@@:59]):[#6:94](:[#6:95](:[#6:96]:1-[#1:164])-[#1:163])-[#1:162])-[#1:139]	Any;Any
EVODEX.2-Cm131_0	Any;Any	[#6:47]-[#16:48]-[#1].[#6:55]-[#6:56](=[#8:57])-[#1]>>[#6:47]-[#16:48]-[#6:56](-[#6:55])=[#8:57]	Any
EVODEX.2-Cm132_0	Any;Any	[#6:7]-[#6:8](=[#8:9])-[#16:10]-[#6:11].[#6:59]-[#6:61]1=[#6:62](-[#7:63](-[#6@@:64])-[#6:99](=[#6:100](-[#6:101]-1(-[#1:179])-[#1])-[#1:178])-[#1:177])-[#1:154]>>[#6:7]-[#6:8](=[#8:9])-[#1].[#6:59]-[#6:61]1:[#6:62](:[#7&+:63](-[#6@@:64]):[#6:99](:[#6:100](:[#6:101]:1-[#1:179])-[#1:178])-[#1:177])-[#1:154].[#16:10](-[#6:11])-[#1]	Any;Any;Any
EVODEX.2-Cm133_0	Any;Any;Any	[#6:47]-[#16:48]-[#1].[#6:50]-[#6:52]1:[#6:53](:[#6:54](:[#6:55](:[#7&+:56](-[#6@@:57]):[#6:92]:1-[#1:163])-[#1:140])-[#1:139])-[#1:138].[#8:93]=[#6:94](-[#6:95])-[#1]>>[#6:47]-[#16:48]-[#6:94](=[#8:93])-[#6:95].[#6:50]-[#6:52]1=[#6:92](-[#7:56](-[#6@@:57])-[#6:55](=[#6:54](-[#6:53]-1(-[#1:138])-[#1])-[#1:139])-[#1:140])-[#1:163]	Any;Any
EVODEX.2-Cm134_0	Any;Any	[#6:2]-[#6:4]1=[#6:5](-[#7:6](-[#6@@:7])-[#6:46](=[#6:47](-[#6:48]-1(-[#1:121])-[#1])-[#1:120])-[#1:119])-[#1:95].[#6:59](-[#6@@:50])(=[#8:60])-[#8:61]-[#1]>>[#6:2]-[#6:4]1:[#6:5](:[#7&+:6](-[#6@@:7]):[#6:46](:[#6:47](:[#6:48]:1-[#1:121])-[#1:120])-[#1:119])-[#1:95].[#6:59](-[#6@@:50])(=[#8:60])-[#1].[#8:61](-[#15](-[#8])(=[#8])-[#8])-[#1]	Any;Any;Any
EVODEX.2-Cm135_0	Any	[#6:1]-[#6:2](=[#8:3])-[#6:4](=[#8:5])-[#8:6]-[#1]>>[#6:4](=[#8:5])=[#8:6].[#6:1]-[#6:2](=[#8:3])-[#16]-[#6]	Any;Any
EVODEX.2-Cm136_0	Any;Any	[#6:1]-[#6:2](=[#8:3])-[#6:4](=[#8:5])-[#8:6]-[#1].[#6:56]-[#6:58]1:[#6:59](:[#6:60](:[#6:61](:[#7&+:62](-[#6@@:63]):[#6:98]:1-[#1:166])-[#1:143])-[#1:142])-[#1:141]>>[#6:4](=[#8:5])=[#8:6].[#6:1]-[#6:2](=[#8:3])-[#16]-[#6].[#6:56]-[#6:58]1=[#6:98](-[#7:62](-[#6@@:63])-[#6:61](=[#6:60](-[#6:59]-1(-[#1:141])-[#1])-[#1:142])-[#1:143])-[#1:166]	Any;Any;Any
EVODEX.2-Cm137_0	Any;Any	[#6:1]-[#6:2](=[#8:3])-[#6:4](=[#8:5])-[#8:6]-[#1].[#6:53]-[#16:54]-[#1]>>[#6:4](=[#8:5])=[#8:6].[#6:1]-[#6:2](=[#8:3])-[#16:54]-[#6:53]	Any;Any
EVODEX.2-Cm138_0	Any;Any;Any	[#6:47]-[#16:48]-[#1].[#6:50]-[#6:52](=[#8:53])-[#6:54](=[#8:55])-[#8:56]-[#1].[#6:58]-[#6:60]1:[#6:61](:[#6:62](:[#6:63](:[#7&+:64](-[#6@@:65]):[#6:100]:1-[#1:172])-[#1:149])-[#1:148])-[#1:147]>>[#6:54](=[#8:55])=[#8:56].[#6:47]-[#16:48]-[#6:52](-[#6:50])=[#8:53].[#6:58]-[#6:60]1=[#6:100](-[#7:64](-[#6@@:65])-[#6:63](=[#6:62](-[#6:61]-1(-[#1:147])-[#1])-[#1:148])-[#1:149])-[#1:172]	Any;Any;Any
EVODEX.2-Cm139_0	Any;Any	[#6:50]-[#6:52](=[#8:53])-[#6](=[#8])-[#8].[#6:58]-[#6:60]1:[#6:61](:[#6:62](:[#6:63](:[#7&+:64](-[#6@@:65]):[#6:100]:1-[#1:172])-[#1:149])-[#1:148])-[#1:147]>>[#6]-[#16]-[#6:52](-[#6:50])=[#8:53].[#6:58]-[#6:60]1=[#6:100](-[#7:64](-[#6@@:65])-[#6:63](=[#6:62](-[#6:61]-1(-[#1:147])-[#1])-[#1:148])-[#1:149])-[#1:172]	Any;Any
EVODEX.2-Cm140_0	Any;Any	[#6:47]-[#16:48]-[#1].[#6:50]-[#6:51](=[#8:52])-[#6](=[#8])-[#8]>>[#6:47]-[#16:48]-[#6:51](-[#6:50])=[#8:52]	Any
EVODEX.2-Cm141_0	Any;Any;Any	[#6:47]-[#16:48]-[#1].[#6:50]-[#6:52]1:[#6:53](:[#6:54](:[#6:55](:[#7&+:56](-[#6@@:57]):[#6:92]:1-[#1:166])-[#1:143])-[#1:142])-[#1:141].[#6:97]-[#6:98](=[#8:99])-[#6](=[#8])-[#8]>>[#6:47]-[#16:48]-[#6:98](-[#6:97])=[#8:99].[#6:50]-[#6:52]1=[#6:92](-[#7:56](-[#6@@:57])-[#6:55](=[#6:54](-[#6:53]-1(-[#1:141])-[#1])-[#1:142])-[#1:143])-[#1:166]	Any;Any
EVODEX.2-Cm142_0	Any;Any	[#6:2]-[#6:4]1:[#6:5](:[#6:6](:[#6:7](:[#7&+:8](-[#6@@:9]):[#6:48]:1-[#1:90])-[#1:66])-[#1:65])-[#1:64].[#6:51]-[#6:52](=[#8:53])-[#1]>>[#6:2]-[#6:4]1=[#6:48](-[#7:8](-[#6@@:9])-[#6:7](=[#6:6](-[#6:5]-1(-[#1:64])-[#1])-[#1:65])-[#1:66])-[#1:90].[#6:51]-[#6:52](=[#8:53])-[#8]-[#15]	Any;Any
EVODEX.2-Cm143_0	Any;Any	[#6:2]-[#6:4]1=[#6:5](-[#7:6](-[#6@@:7])-[#6:46](=[#6:47](-[#6:48]-1(-[#1:90])-[#1])-[#1:89])-[#1:88])-[#1:64].[#6:51]-[#6:52](=[#8:53])-[#8:54]-[#15:55]>>[#6:2]-[#6:4]1:[#6:5](:[#7&+:6](-[#6@@:7]):[#6:46](:[#6:47](:[#6:48]:1-[#1:90])-[#1:89])-[#1:88])-[#1:64].[#6:51]-[#6:52](=[#8:53])-[#1].[#8:54](-[#15:55])-[#1]	Any;Any;Any
EVODEX.2-Cm144_0	Any;Any	[#6:2]-[#6:4]1=[#6:5](-[#7:6](-[#6@@:7])-[#6:46](=[#6:47](-[#6:48]-1(-[#1:90])-[#1])-[#1:89])-[#1:88])-[#1:64].[#6:51]-[#6:52](=[#8:53])-[#8]-[#15]>>[#6:2]-[#6:4]1:[#6:5](:[#7&+:6](-[#6@@:7]):[#6:46](:[#6:47](:[#6:48]:1-[#1:90])-[#1:89])-[#1:88])-[#1:64].[#6:51]-[#6:52](=[#8:53])-[#1]	Any;Any
EVODEX.2-Cm145_0	Any;Any;Any	[#6:2]-[#6:3](=[#8:4])-[#1].[#6:11]-[#6:13]1:[#6:14](:[#6:15](:[#6:16](:[#7&+:17](-[#6@@:18]):[#6:57]:1-[#1:100])-[#1:76])-[#1:75])-[#1:74].[#15:59]-[#8:60]-[#1]>>[#6:2]-[#6:3](=[#8:4])-[#8:60]-[#15:59].[#6:11]-[#6:13]1=[#6:57](-[#7:17](-[#6@@:18])-[#6:16](=[#6:15](-[#6:14]-1(-[#1:74])-[#1])-[#1:75])-[#1:76])-[#1:100]	Any;Any
EVODEX.2-Cm146_0	Any;Any	[#6:9]-[#6:10](=[#8:11])-[#1].[#6:13]-[#6:15]1:[#6:16](:[#6:17](:[#6:18](:[#7&+:19](-[#6@@:20]):[#6:55]:1-[#1:99])-[#1:76])-[#1:75])-[#1:74]>>[#6:9]-[#6:10](=[#8:11])-[#8]-[#1].[#6:13]-[#6:15]1=[#6:55](-[#7:19](-[#6@@:20])-[#6:18](=[#6:17](-[#6:16]-1(-[#1:74])-[#1])-[#1:75])-[#1:76])-[#1:99]	Any;Any
EVODEX.2-Cm147_0	Any;Any	[#6:17]-[#6:18](=[#8:19])-[#8:20]-[#1].[#8:83]-[#15:84](=[#8:85])(-[#8:86])-[#8:87]-[#15:88]>>[#6:17]-[#6:18](=[#8:19])-[#1].[#8:20](-[#15:84](-[#8:83])(=[#8:85])-[#8:86])-[#1].[#8:87](-[#15:88])-[#1]	Any;Any;Any
EVODEX.2-Cm148_0	Any	[#6:17]-[#6:18](=[#8:19])-[#8:20]-[#1]>>[#6:17]-[#6:18](=[#8:19])-[#1].[#8:20](-[#15](-[#8])(=[#8])-[#8])-[#1]	Any;Any
EVODEX.2-Cm149_0	Any;Any;Any	[#6:3]-[#6:4](=[#8:5])-[#8:6]-[#1].[#8:69]-[#15:70](=[#8:71])(-[#8:72])-[#8:73]-[#15:74].[#6:8]-[#6:10]1=[#6:11](-[#7:12](-[#6@@:13])-[#6:52](=[#6:53](-[#6:54]-1(-[#1:138])-[#1])-[#1:137])-[#1:136])-[#1:112]>>[#6:3]-[#6:4](=[#8:5])-[#1].[#6:8]-[#6:10]1:[#6:11](:[#7&+:12](-[#6@@:13]):[#6:52](:[#6:53](:[#6:54]:1-[#1:138])-[#1:137])-[#1:136])-[#1:112].[#8:6](-[#15:70](-[#8:69])(=[#8:71])-[#8:72])-[#1].[#8:73](-[#15:74])-[#1]	Any;Any;Any;Any
EVODEX.2-Cm150_0	Any;Any;Any	[#6:2]-[#6:4]1=[#6:5](-[#7:6](-[#6@@:7])-[#6:46](=[#6:47](-[#6:48]-1(-[#1:120])-[#1])-[#1:119])-[#1:118])-[#1:94].[#8:63]-[#15:64](=[#8:65])(-[#8:66])-[#8]-[#15].[#8:80]=[#6:81](-[#8:82]-[#1])-[#6:83]>>[#6:2]-[#6:4]1:[#6:5](:[#7&+:6](-[#6@@:7]):[#6:46](:[#6:47](:[#6:48]:1-[#1:120])-[#1:119])-[#1:118])-[#1:94].[#8:63]-[#15:64](=[#8:65])(-[#8:66])-[#8:82]-[#1].[#8:80]=[#6:81](-[#6:83])-[#1]	Any;Any;Any
EVODEX.2-Cm151_0	Any;Any	[#8]-[#15](=[#8])(-[#8])-[#8:67]-[#15:68].[#8:80]=[#6:81](-[#8]-[#1])-[#6:83]>>[#8:80]=[#6:81](-[#6:83])-[#1].[#8:67](-[#15:68])-[#1]	Any;Any
EVODEX.2-Cm152_0	Any;Any;Any	[#6:2]-[#6:4]1=[#6:5](-[#7:6](-[#6@@:7])-[#6:46](=[#6:47](-[#6:48]-1(-[#1:119])-[#1])-[#1:118])-[#1:117])-[#1:93].[#8]-[#15](=[#8])(-[#8])-[#8:67]-[#15:68].[#8:80]=[#6:81](-[#8]-[#1])-[#6:83]>>[#6:2]-[#6:4]1:[#6:5](:[#7&+:6](-[#6@@:7]):[#6:46](:[#6:47](:[#6:48]:1-[#1:119])-[#1:118])-[#1:117])-[#1:93].[#8:80]=[#6:81](-[#6:83])-[#1].[#8:67](-[#15:68])-[#1]	Any;Any;Any
EVODEX.2-Cm153_0	Any;Any	[#8:63]-[#15:64](=[#8:65])(-[#8:66])-[#8]-[#15].[#8:80]=[#6:81](-[#8:82]-[#1])-[#6:83]>>[#8:63]-[#15:64](=[#8:65])(-[#8:66])-[#8:82]-[#1].[#8:80]=[#6:81](-[#6:83])-[#1]	Any;Any
EVODEX.2-Cm154_0	Any;Any;Any	[#6:2]-[#6:4](=[#8:5])-[#1].[#6:12]-[#6:14]1:[#6:15](:[#6:16](:[#6:17](:[#7&+:18](-[#6@@:19]):[#6:54]:1-[#1:93])-[#1:70])-[#1:69])-[#1:68].[#8:55](-[#1])-[#1]>>[#6:2]-[#6:4](=[#8:5])-[#8:55]-[#1].[#6:12]-[#6:14]1=[#6:54](-[#7:18](-[#6@@:19])-[#6:17](=[#6:16](-[#6:15]-1(-[#1:68])-[#1])-[#1:69])-[#1:70])-[#1:93]	Any;Any
EVODEX.2-Cm158_0	Any;Any;Any	[#8:3]=[#6:4](-[#6:5])-[#1].[#8:2](-[#1])-[#1].[#6:31]-[#7&+:32]1:[#6:33](:[#6:34](:[#6:35](-[#6:36]2:[#6:37](:[#6:38](:[#7&+:39](-[#6:40]):[#6:47](:[#6:48]:2-[#1:92])-[#1:91])-[#1:83])-[#1:82]):[#6:49](:[#6:50]:1-[#1:94])-[#1:93])-[#1:81])-[#1:80]>>[#8:2](-[#6:4](=[#8:3])-[#6:5])-[#1].[#6:31]-[#7:32]1-[#6:33](=[#6:34](-[#6:35](-[#6:36]2(-[#6:37](=[#6:38](-[#7:39](-[#6:40])-[#6:47](=[#6:48]-2-[#1:92])-[#1:91])-[#1:83])-[#1:82])-[#1])(-[#6:49](=[#6:50]-1-[#1:94])-[#1:93])-[#1])-[#1:81])-[#1:80]	Any;Any
EVODEX.2-Cm160_0	Any	[#6:5]/[#6:6](=[#6:7](/[#6:8])-[#1:77])-[#1:76]>>[#6:5]-[#6:6](-[#6:7](-[#6:8])(-[#1:77])-[#1])(-[#1:76])-[#1]	Any
EVODEX.2-Cm162_0	Any;Any	[#6:1]-[#6:2](=[#6:3](-[#6:4])-[#1:64])-[#6:10].[#6:14]-[#6:16]1=[#6:17](-[#7:18](-[#6@@:19])-[#6:58](=[#6:59](-[#6:60]-1(-[#1:103])-[#1])-[#1:102])-[#1:101])-[#1:77]>>[#6:1]-[#6:2](-[#6:3](-[#6:4])(-[#1:64])-[#1])(-[#6:10])-[#1].[#6:14]-[#6:16]1:[#6:17](:[#7&+:18](-[#6@@:19]):[#6:58](:[#6:59](:[#6:60]:1-[#1:103])-[#1:102])-[#1:101])-[#1:77]	Any;Any
EVODEX.2-Cm175_0	Any	[#7](-[#6:50](-[#8:51])(-[#6:52])-[#1])(-[#1])-[#1]>>[#6:50](-[#8:51])(-[#6:52])=[#8]	Any
EVODEX.2-Cm176_0	Any;Any;Any	[#6:1]-[#6:2](=[#8:3])-[#6:4].[#6:7]-[#7:8](-[#1])-[#1].[#6:10]-[#6:12]1=[#6:13](-[#7:14](-[#6@@:15])-[#6:54](=[#6:55](-[#6:56]-1(-[#1:94])-[#1])-[#1:93])-[#1:92])-[#1:68]>>[#6:1]-[#6@@:2](-[#6:4])(-[#7:8](-[#6:7])-[#1])-[#1].[#6:10]-[#6:12]1:[#6:13](:[#7&+:14](-[#6@@:15]):[#6:54](:[#6:55](:[#6:56]:1-[#1:94])-[#1:93])-[#1:92])-[#1:68].[#8:3](-[#1])-[#1]	Any;Any;Any
EVODEX.2-Cm177_0	Any;Any	[#6:1]-[#7:2](-[#6@@:3](-[#6:4])(-[#6:5])-[#1])-[#1].[#8:56](-[#1])-[#1]>>[#6:3](-[#6:4])(-[#6:5])=[#8:56].[#6:1]-[#7:2](-[#1])-[#1]	Any;Any
EVODEX.2-Cm178_0	Any	[#6:1]-[#7:2](-[#6@@:3](-[#6:4])(-[#6:5])-[#1])-[#1]>>[#6:3](-[#6:4])(-[#6:5])=[#8].[#6:1]-[#7:2](-[#1])-[#1]	Any;Any
EVODEX.2-Cm179_0	Any;Any;Any	[#6:1]-[#7:2](-[#6@@:3](-[#6:4])(-[#6:5])-[#1])-[#1].[#6:9]-[#6:11]1:[#6:12](:[#6:13](:[#6:14](:[#7&+:15](-[#6@@:16]):[#6:55]:1-[#1:94])-[#1:70])-[#1:69])-[#1:68].[#8:56](-[#1])-[#1]>>[#6:3](-[#6:4])(-[#6:5])=[#8:56].[#6:1]-[#7:2](-[#1])-[#1].[#6:9]-[#6:11]1=[#6:55](-[#7:15](-[#6@@:16])-[#6:14](=[#6:13](-[#6:12]-1(-[#1:68])-[#1])-[#1:69])-[#1:70])-[#1:94]	Any;Any;Any
EVODEX.2-Cm180_0	Any	[#6:1]-[#7:2](-[#6@@](-[#6])(-[#6])-[#1])-[#1]>>[#6:1]-[#7:2](-[#1])-[#1]	Any
EVODEX.2-Cm181_0	Any;Any	[#6:1]-[#7:2](-[#6@@](-[#6])(-[#6])-[#1])-[#1].[#6:9]-[#6:11]1:[#6:12](:[#6:13](:[#6:14](:[#7&+:15](-[#6@@:16]):[#6:55]:1-[#1:94])-[#1:70])-[#1:69])-[#1:68]>>[#6:1]-[#7:2](-[#1])-[#1].[#6:9]-[#6:11]1=[#6:55](-[#7:15](-[#6@@:16])-[#6:14](=[#6:13](-[#6:12]-1(-[#1:68])-[#1])-[#1:69])-[#1:70])-[#1:94]	Any;Any
EVODEX.2-Cm182_0	Any;Any	[#7:1](-[#1])(-[#1])-[#1].[#6:51]-[#6:52](=[#8:53])-[#8:54]>>[#7:1](-[#6:52](-[#6:51])(-[#8:54])-[#1])(-[#1])-[#1].[#8:53](-[#1])-[#1]	Any;Any
EVODEX.2-Cm187_0	Any;Any;Any	[#6:5]-[#6:6](=[#8:7])-[#6:8].[#7:1](-[#1])(-[#1])-[#1].[#8:11](-[#8:12]-[#1])-[#1]>>[#7:1](-[#6@:6](-[#6:5])(-[#6:8])-[#1])(-[#1])-[#1].[#8:11]=[#8:12].[#8:7](-[#1])-[#1]	Any;Any;Any
EVODEX.2-Cm188_0	Any;Any	[#6:5]-[#6:6](=[#8:7])-[#6:8].[#8:11](-[#8:12]-[#1])-[#1]>>[#7](-[#6@:6](-[#6:5])(-[#6:8])-[#1])(-[#1])-[#1].[#8:11]=[#8:12].[#8:7](-[#1])-[#1]	Any;Any;Any
EVODEX.2-Cm189_0	Any;Any;Any	[#7:1](-[#6:2](-[#6:3])(-[#1:11])-[#1])(-[#1])-[#1].[#8:7]=[#8:8].[#8:6](-[#1])-[#1]>>[#6:2](-[#6:3])(=[#8:6])-[#1:11].[#7:1](-[#1])(-[#1])-[#1].[#8:7](-[#8:8]-[#1])-[#1]	Any;Any;Any
EVODEX.2-Cm190_0	Any;Any;Any	[#7](-[#6:2](-[#6:3])(-[#1:14])-[#1])(-[#1])-[#1].[#8:10]=[#8:11].[#8:9](-[#1])-[#1]>>[#6:2](-[#6:3])(=[#8:9])-[#1:14].[#8:10](-[#8:11]-[#1])-[#1]	Any;Any
EVODEX.2-Cm191_0	Any	[#7:1](-[#6:2](-[#6:3])(-[#1:14])-[#1])(-[#1])-[#1]>>[#6:2](-[#6:3])(=[#8])-[#1:14].[#7:1](-[#1])(-[#1])-[#1]	Any;Any
EVODEX.2-Cm192_0	Any;Any	[#7:1](-[#6:2](-[#6:3])(-[#1:14])-[#1])(-[#1])-[#1].[#8:10]=[#8:11]>>[#6:2](-[#6:3])(=[#8])-[#1:14].[#7:1](-[#1])(-[#1])-[#1].[#8:10](-[#8:11]-[#1])-[#1]	Any;Any;Any
EVODEX.2-Cm193_0	Any;Any	[#7](-[#6:2](-[#6:3])(-[#1:12])-[#1])(-[#1])-[#1].[#8:7](-[#1])-[#1]>>[#6:2](-[#6:3])(=[#8:7])-[#1:12]	Any
EVODEX.2-Cm194_0	Any	[#7](-[#6:2](-[#6:3])(-[#1:18])-[#1])(-[#1])-[#1]>>[#6:2](-[#6:3])(=[#8])-[#1:18]	Any
EVODEX.2-Cm195_0	Any;Any	[#7:1](-[#6:2](-[#6:3])(-[#1:18])-[#1])(-[#1])-[#1].[#8:13](-[#1])-[#1]>>[#6:2](-[#6:3])(=[#8:13])-[#1:18].[#7:1](-[#1])(-[#1])-[#1]	Any;Any
EVODEX.2-Cm197_0	Any;Any	[#6:5]-[#6:8](-[#7](-[#1])-[#1])(-[#1:28])-[#1].[#8:11]=[#8:12]>>[#6:5]-[#6:8](=[#8])-[#1:28].[#8:11](-[#8:12]-[#1])-[#1]	Any;Any
EVODEX.2-Cm198_0	Any;Any	[#6:6]-[#6:7](=[#8])-[#6:9].[#8:12](-[#8:13]-[#1])-[#1]>>[#7](-[#6@@:7](-[#6:6])(-[#6:9])-[#1])(-[#1])-[#1].[#8:12]=[#8:13]	Any;Any
EVODEX.2-Cm199_0	Any;Any;Any	[#6:6]-[#6:7](=[#8])-[#6:9].[#7:1](-[#1])(-[#1])-[#1].[#8:12](-[#8:13]-[#1])-[#1]>>[#7:1](-[#6@@:7](-[#6:6])(-[#6:9])-[#1])(-[#1])-[#1].[#8:12]=[#8:13]	Any;Any
EVODEX.2-Cm200_0	Any	[#6:6]-[#6:7](=[#8])-[#1:21]>>[#7](-[#6:7](-[#6:6])(-[#1:21])-[#1])(-[#1])-[#1]	Any
EVODEX.2-Cm204_0	Any	[#6]-[#6](-[#7:14](-[#6@@:15])-[#1])(-[#1])-[#1]>>[#7:14](-[#6@@:15])(-[#1])-[#1]	Any
EVODEX.2-Cm205_0	Any;Any	[#6]-[#6](-[#7:14](-[#6:15])-[#1])(-[#1])-[#1].[#8:25]=[#8:26]>>[#7:14](-[#6:15])(-[#1])-[#1].[#8:25](-[#8:26]-[#1])-[#1]	Any;Any
EVODEX.2-Cm206_0	Any;Any	[#6:20]-[#6:22]1=[#6:23](-[#7:24](-[#6@@:25])-[#6:60](=[#6:61](-[#6:62]-1(-[#1:94])-[#1])-[#1:93])-[#1:92])-[#1:69].[#7:15](-[#6@:14])(-[#1])-[#1]>>[#6]-[#6@](-[#6])(-[#7:15](-[#6@@:14])-[#1])-[#1].[#6:20]-[#6:22]1:[#6:23](:[#7&+:24](-[#6@@:25]):[#6:60](:[#6:61](:[#6:62]:1-[#1:94])-[#1:93])-[#1:92])-[#1:69]	Any;Any
EVODEX.2-Cm207_0	Any	[#7:56](-[#6@:55])(-[#1])-[#1]>>[#6]-[#6@](-[#6])(-[#7:56](-[#6@@:55])-[#1])-[#1]	Any
EVODEX.2-Cm208_0	Any;Any;Any	[#6:1]-[#6:2](=[#8])-[#6:4].[#6:20]-[#6:22]1=[#6:23](-[#7:24](-[#6@@:25])-[#6:60](=[#6:61](-[#6:62]-1(-[#1:94])-[#1])-[#1:93])-[#1:92])-[#1:69].[#7:15](-[#6@:14])(-[#1])-[#1]>>[#6:1]-[#6@:2](-[#6:4])(-[#7:15](-[#6@@:14])-[#1])-[#1].[#6:20]-[#6:22]1:[#6:23](:[#7&+:24](-[#6@@:25]):[#6:60](:[#6:61](:[#6:62]:1-[#1:94])-[#1:93])-[#1:92])-[#1:69]	Any;Any
EVODEX.2-Cm209_0	Any;Any	[#6:1]-[#6:2](=[#8])-[#6:4].[#7:15](-[#6@:14])(-[#1])-[#1]>>[#6:1]-[#6@:2](-[#6:4])(-[#7:15](-[#6@@:14])-[#1])-[#1]	Any
EVODEX.2-Cm210_0	Any;Any	[#6:1]-[#6@@:2](-[#7:3](-[#6@@:4])-[#1])(-[#6:13])-[#1].[#6:17]-[#6:19]1:[#6:20](:[#6:21](:[#6:22](:[#7&+:23](-[#6@@:24]):[#6:63]:1-[#1:111])-[#1:87])-[#1:86])-[#1:85]>>[#6:1]-[#6:2](-[#6:13])=[#8].[#6:17]-[#6:19]1=[#6:63](-[#7:23](-[#6@@:24])-[#6:22](=[#6:21](-[#6:20]-1(-[#1:85])-[#1])-[#1:86])-[#1:87])-[#1:111].[#7:3](-[#6@@:4])(-[#1])-[#1]	Any;Any;Any
EVODEX.2-Cm211_0	Any;Any	[#6:1]-[#6:2](=[#8:3])-[#6:4].[#7:51](-[#6:52])(-[#1])-[#1]>>[#6:1]-[#6@:2](-[#6:4])(-[#7:51](-[#6:52])-[#1])-[#1].[#8:3](-[#1])-[#1]	Any;Any
EVODEX.2-Cm214_0	Any	[#6:9]-[#7:10](-[#6](=[#8])-[#1])-[#6:13]>>[#6:9]-[#7:10](-[#6:13])-[#1]	Any
EVODEX.2-Cm215_0	Any;Any	[#6:1](-[#7:2](-[#6:3])-[#1])(-[#1:10])(-[#1:11])-[#1].[#8:8]=[#8:9]>>[#6:1](=[#8])(-[#1:10])-[#1:11].[#7:2](-[#6:3])(-[#1])-[#1].[#8:8](-[#8:9]-[#1])-[#1]	Any;Any;Any
EVODEX.2-Cm216_0	Any	[#6](-[#7:2](-[#6:3])-[#1])(-[#1])(-[#1])-[#1]>>[#7:2](-[#6:3])(-[#1])-[#1]	Any
EVODEX.2-Cm217_0	Any;Any	[#6](-[#7:2](-[#6@@:3])-[#1])(-[#1])(-[#1])-[#1].[#8:9]=[#8:10]>>[#7:2](-[#6@@:3])(-[#1])-[#1].[#8:9](-[#8:10]-[#1])-[#1]	Any;Any
EVODEX.2-Cm218_0	Any	[#7:5](-[#6@:4])(-[#1])-[#1]>>[#6](-[#7:5](-[#6@@:4])-[#1])(-[#1])(-[#1])-[#1]	Any
EVODEX.2-Cm219_0	Any;Any;Any	[#6:1](-[#7:2](-[#6@@:3])-[#1])(-[#1:14])(-[#1:15])-[#1].[#8:12]=[#8:13].[#8:11](-[#1])-[#1]>>[#6:1](=[#8:11])(-[#1:14])-[#1:15].[#7:2](-[#6@@:3])(-[#1])-[#1].[#8:12](-[#8:13]-[#1])-[#1]	Any;Any;Any
EVODEX.2-Cm220_0	Any;Any	[#6:1](-[#7:2](-[#6@@:3])-[#1])(-[#1:14])(-[#1:15])-[#1].[#8:11](-[#1])-[#1]>>[#6:1](=[#8:11])(-[#1:14])-[#1:15].[#7:2](-[#6@@:3])(-[#1])-[#1]	Any;Any
EVODEX.2-Cm223_0	Any	[#6:47]-[#16:48]-[#16:49]-[#6:50]>>[#6:47]-[#16:48]-[#1].[#16:49](-[#6:50])-[#1]	Any;Any
EVODEX.2-Cm224_0	Any;Any	[#6:6]-[#16:7]-[#16:8]-[#6:9].[#6:66]-[#6:68]1=[#6:69](-[#7:70](-[#6@@:71])-[#6:110](=[#6:111](-[#6:112]-1(-[#1:199])-[#1])-[#1:198])-[#1:197])-[#1:173]>>[#6:6]-[#16:7]-[#1].[#6:66]-[#6:68]1:[#6:69](:[#7&+:70](-[#6@@:71]):[#6:110](:[#6:111](:[#6:112]:1-[#1:199])-[#1:198])-[#1:197])-[#1:173].[#16:8](-[#6:9])-[#1]	Any;Any;Any
EVODEX.2-Cm225_0	Any	[#6](-[#16&+:2](-[#6:3])-[#6:10])(-[#1])(-[#1])-[#1]>>[#16:2](-[#6:3])-[#6:10]	Any
EVODEX.2-Cm227_0	Any	[#6:30]-[#16:31]-[#1]>>[#6](-[#16:31]-[#6:30])(-[#1])(-[#1])-[#1]	Any
EVODEX.2-Cm231_0	Any	[#7:9](-[#6@@:8])(-[#6:10])-[#1]>>[#7:9](-[#6@@:8])(-[#6](-[#1])(-[#1])-[#1])-[#6:10]	Any
EVODEX.2-Cm232_0	Any;Any	[#7:19](-[#6@:10])(-[#6:20])-[#1].[#6:22](-[#16&+:23](-[#6:24])-[#6:31])(-[#1:68])(-[#1:69])-[#1:70]>>[#7:19](-[#6@:10])(-[#6:22](-[#1:68])(-[#1:69])-[#1:70])-[#6:20].[#16:23](-[#6:24])-[#6:31]	Any;Any
EVODEX.2-Cm233_0	Any;Any	[#7:19](-[#6@:10])(-[#6:20])-[#1].[#6:22](-[#16&+](-[#6])-[#6])(-[#1:68])(-[#1:69])-[#1:70]>>[#7:19](-[#6@:10])(-[#6:22](-[#1:68])(-[#1:69])-[#1:70])-[#6:20]	Any
EVODEX.2-Cm234_0	Any	[#6:38]-[#16:39]-[#6:40]>>[#6](-[#16&+:39](-[#6:38])-[#6:40])(-[#1])(-[#1])-[#1]	Any
EVODEX.2-Cm235_0	Any;Any	[#6:1](-[#16&+](-[#6])-[#6])(-[#1:38])(-[#1:39])-[#1:40].[#7:34](-[#6@:33])(-[#1])-[#1]>>[#6:1](-[#7:34](-[#6@@:33])-[#1])(-[#1:38])(-[#1:39])-[#1:40]	Any
EVODEX.2-Cm236_0	Any;Any	[#6:1]-[#6:2](-[#6:3])=[#6:4](-[#6:5])-[#1].[#6:32](-[#16&+:33](-[#6:34])-[#6:41])(-[#1:109])(-[#1:110])-[#1]>>[#6:1]-[#6:2](-[#6:3])(-[#6:4](-[#6:5])=[#6:32](-[#1:109])-[#1:110])-[#1].[#16:33](-[#6:34])-[#6:41]	Any;Any
EVODEX.2-Cm239_0	Any;Any	[#6:1](-[#16&+:2](-[#6:3])-[#6:10])(-[#1:33])(-[#1:34])-[#1:35].[#7:28](-[#6:29])(-[#1])-[#1]>>[#6:1](-[#7:28](-[#6:29])-[#1])(-[#1:33])(-[#1:34])-[#1:35].[#16:2](-[#6:3])-[#6:10]	Any;Any
EVODEX.2-Cm240_0	Any;Any	[#6:2]-[#6:3](-[#7](-[#1])-[#1])(-[#1:20])-[#1:21].[#7:5](-[#6@@:6])(-[#1])-[#1]>>[#6:2]-[#6:3](-[#7:5](-[#6@@:6])-[#1])(-[#1:20])-[#1:21]	Any
EVODEX.2-Cm243_0	Any;Any	[#6:5]-[#7:9]1-[#6:10](-[#7:11](-[#6:12])-[#6:30]-[#6@:31]-1(-[#6:32])-[#1])(-[#1:57])-[#1:58].[#6:35]:[#6:36](:[#6:37])-[#1]>>[#6:10](-[#6:36](:[#6:35]):[#6:37])(-[#1:57])(-[#1:58])-[#1].[#6:5]-[#7:9]=[#6:31](-[#6:30]-[#7:11](-[#6:12])-[#1])-[#6:32]	Any;Any
EVODEX.2-Cm244_0	Any;Any	[#6:1](-[#6:2](:[#6:3]):[#6:20])(-[#1:90])(-[#1:91])-[#1].[#6:26]-[#7:30]=[#6:31](-[#6:32]-[#7:33](-[#6:34])-[#1])-[#6:88]>>[#6:1]1(-[#7:30](-[#6:26])-[#6@:31](-[#6:88])(-[#6:32]-[#7:33]-1-[#6:34])-[#1])(-[#1:90])-[#1:91].[#6:2](:[#6:3])(:[#6:20])-[#1]	Any;Any
EVODEX.2-Cm245_0	Any	[#7:35](-[#6@:36])(-[#1])-[#1]>>[#6](=[#8])(-[#7:35](-[#6@:36])-[#1])-[#1]	Any
EVODEX.2-Cm247_0	Any;Any	[#6:8]-[#7:9](-[#1])-[#1].[#7:13]-[#6:14](=[#8:15])-[#8:16]-[#15:17]>>[#6:8]-[#7:9](-[#6:14](-[#7:13])=[#8:15])-[#1].[#8:16](-[#15:17])-[#1]	Any;Any
EVODEX.2-Cm248_0	Any;Any	[#6:8]-[#7:9](-[#1])-[#1].[#7:13]-[#6:14](=[#8:15])-[#8]-[#15]>>[#6:8]-[#7:9](-[#6:14](-[#7:13])=[#8:15])-[#1]	Any
EVODEX.2-Cm249_0	Any	[#7:9](-[#6:10])(-[#1])-[#1]>>[#7]-[#6](=[#8])-[#7:9](-[#6:10])-[#1]	Any
EVODEX.2-Cm250_0	Any	[#7]-[#6](=[#8])-[#7:4](-[#6:5])-[#1]>>[#7:4](-[#6:5])(-[#1])-[#1]	Any
EVODEX.2-Cm251_0	Any;Any	[#7:13](-[#6:14])(-[#1])-[#1].[#7:1]=[#6:2](-[#7:3])-[#7:4](-[#6:5])-[#1]>>[#7:4](-[#6:5])(-[#1])-[#1].[#7:1]=[#6:2](-[#7:3])-[#7:13](-[#6:14])-[#1]	Any;Any
EVODEX.2-Cm252_0	Any	[#7]=[#6](-[#7])-[#7:4](-[#6:5])-[#1]>>[#7:4](-[#6:5])(-[#1])-[#1]	Any
EVODEX.2-Cm253_0	Any	[#7:13](-[#6:14])(-[#1])-[#1]>>[#7]=[#6](-[#7])-[#7:13](-[#6:14])-[#1]	Any
EVODEX.2-Cm254_0	Any;Any	[#8:15]=[#6:16](-[#6@:17])-[#1:29].[#8:1]=[#6:2](-[#6:3])-[#6@@](-[#8])(-[#6@])-[#1]>>[#8:1]=[#6:2](-[#6:3])-[#6@@:16](-[#8:15]-[#1])(-[#6@:17])-[#1:29]	Any
EVODEX.2-Cm255_0	Any;Any	[#8:1]=[#6:2](-[#8:3]-[#1])-[#6:4](=[#8:5])-[#6:6].[#8:8]=[#6:9](-[#6:10])-[#1:21]>>[#6:4](=[#8:5])(-[#6:6])-[#6@@:9](-[#8:8]-[#1])(-[#6:10])-[#1:21].[#8:1]=[#6:2]=[#8:3]	Any;Any
EVODEX.2-Cm256_0	Any;Any	[#8]=[#6](-[#8])-[#6:4](=[#8:5])-[#6:6].[#8:8]=[#6:9](-[#6:10])-[#1:21]>>[#6:4](=[#8:5])(-[#6:6])-[#6@@:9](-[#8:8]-[#1])(-[#6:10])-[#1:21]	Any
EVODEX.2-Cm258_0	Any	[#6:2]-[#6:4](=[#8:5])-[#6](=[#8])-[#8]>>[#6:2]-[#6:4](=[#8:5])-[#1]	Any
EVODEX.2-Cm259_0	Any	[#6:2]-[#6:4](=[#8:5])-[#6:6](=[#8:7])-[#8:8]-[#1]>>[#6:6](=[#8:7])=[#8:8].[#6:2]-[#6:4](=[#8:5])-[#1]	Any;Any
EVODEX.2-Cm264_0	Any;Any	[#6:47]-[#16:48]-[#1].[#8:77](-[#6@@:76])-[#6:78](-[#6:79])=[#8:80]>>[#6:47]-[#16:48]-[#6:78](-[#6:79])=[#8:80].[#8:77](-[#6@@:76])-[#1]	Any;Any
EVODEX.2-Cm267_0	Any;Any	[#6:2]-[#6:3](=[#8:4])-[#16]-[#6].[#7:65]-[#8:66]-[#1]>>[#6:2]-[#6:3](=[#8:4])-[#8:66]-[#7:65]	Any
EVODEX.2-Cm268_0	Any;Any	[#6:47]-[#16:48]-[#6:49](=[#8:50])-[#6:51].[#7:67]-[#8:68]-[#1]>>[#6:49](=[#8:50])(-[#6:51])-[#8:68]-[#7:67].[#6:47]-[#16:48]-[#1]	Any;Any
EVODEX.2-Cm269_0	Any;Any	[#6:62]-[#16:63]-[#1].[#6:1]-[#6:2](=[#8:3])-[#16:4]-[#6:5]>>[#6:1]-[#6:2](=[#8:3])-[#16:63]-[#6:62].[#16:4](-[#6:5])-[#1]	Any;Any
EVODEX.2-Cm273_0	Any	[#6:4]-[#6:5](=[#8:6])-[#16]-[#6]>>[#6:4]-[#6:5](=[#8:6])-[#7](-[#6])-[#1]	Any
EVODEX.2-Cm275_0	Any	[#6:17]-[#6:18](=[#8:19])-[#16]-[#6]>>[#6:17]-[#6:18](=[#8:19])-[#8]-[#6]	Any
EVODEX.2-Cm277_0	Any;Any	[#6:1](-[#6:2])(-[#1:115])(-[#1:116])-[#1].[#6:64]-[#6:65](=[#8:66])-[#16:67]-[#6:68]>>[#6:1](-[#6:2])(-[#6:65](-[#6:64])=[#8:66])(-[#1:115])-[#1:116].[#16:67](-[#6:68])-[#1]	Any;Any
EVODEX.2-Cm278_0	Any	[#6:64]-[#6:65](=[#8:66])-[#16:67]-[#6:68]>>[#6](-[#6])(-[#6:65](-[#6:64])=[#8:66])(-[#1])-[#1].[#16:67](-[#6:68])-[#1]	Any;Any
EVODEX.2-Cm279_0	Any;Any	[#6:47]-[#16:48]-[#1].[#6:61]-[#6:62](=[#8:63])-[#6:64](-[#6:65])(-[#1:178])-[#1:179]>>[#6:47]-[#16:48]-[#6:62](-[#6:61])=[#8:63].[#6:64](-[#6:65])(-[#1:178])(-[#1:179])-[#1]	Any;Any
EVODEX.2-Cm280_0	Any;Any	[#6:1](-[#6:2])(-[#1:105])(-[#1:106])-[#1].[#6:54]-[#6:55](=[#8:56])-[#16]-[#6]>>[#6:1](-[#6:2])(-[#6:55](-[#6:54])=[#8:56])(-[#1:105])-[#1:106]	Any
EVODEX.2-Cm281_0	Any	[#6:53]-[#6:54](=[#8:55])-[#6:56](-[#6:57])(-[#1:154])-[#1:155]>>[#6]-[#16]-[#6:54](-[#6:53])=[#8:55].[#6:56](-[#6:57])(-[#1:154])(-[#1:155])-[#1]	Any;Any
EVODEX.2-Cm282_0	Any;Any	[#6:1]-[#6:2](=[#8:3])-[#16]-[#6].[#8:52](-[#1])-[#1]>>[#6:1]-[#6:2](=[#8:3])-[#8:52]-[#1]	Any
EVODEX.2-Cm283_0	Any	[#6:5]-[#6:6](=[#8:7])-[#16]-[#6]>>[#6:5]-[#6:6](=[#8:7])-[#8]-[#1]	Any
EVODEX.2-Cm286_0	Any;Any	[#6:1]-[#6:2](=[#8:3])-[#16]-[#6].[#8:52](-[#6:53](-[#6:54])(-[#6:59])-[#1:103])-[#1]>>[#6:1]-[#6:2](=[#8:3])-[#8:52]-[#6@@:53](-[#6:54])(-[#6:59])-[#1:103]	Any
EVODEX.2-Cm287_0	Any;Any	[#6:3]-[#6:4](=[#8:5])-[#16]-[#6].[#15:55]-[#8:56]-[#1]>>[#6:3]-[#6:4](=[#8:5])-[#8:56]-[#15:55]	Any
EVODEX.2-Cm288_0	Any	[#6:3]-[#6:4](=[#8:5])-[#16]-[#6]>>[#6:3]-[#6:4](=[#8:5])-[#8]-[#15]	Any
EVODEX.2-Cm289_0	Any	[#6:3]-[#6:4](=[#8:5])-[#16:6]-[#6:7]>>[#6:3]-[#6:4](=[#8:5])-[#8]-[#15].[#16:6](-[#6:7])-[#1]	Any;Any
EVODEX.2-Cm290_0	Any;Any	[#6:1]-[#6:2](=[#8:3])-[#16:4]-[#6:5].[#15:53]-[#8:54]-[#1]>>[#6:1]-[#6:2](=[#8:3])-[#8:54]-[#15:53].[#16:4](-[#6:5])-[#1]	Any;Any
EVODEX.2-Cm291_0	Any;Any	[#6:45]-[#16:46]-[#1].[#6:64]-[#6:65](=[#8:66])-[#16]-[#6]>>[#6:45]-[#16:46]-[#6:65](-[#6:64])=[#8:66]	Any
EVODEX.2-Cm292_0	Any;Any	[#6:19]-[#6@@:20](-[#8:21]-[#1])(-[#6:22])-[#1:131].[#6:47]-[#6:48](=[#8:49])-[#16:50]-[#6:51]>>[#6:19]-[#6:20](-[#8:21]-[#6:48](-[#6:47])=[#8:49])(-[#6:22])-[#1:131].[#16:50](-[#6:51])-[#1]	Any;Any
EVODEX.2-Cm293_0	Any;Any	[#6:1]-[#6:2](=[#8:3])-[#16:4]-[#6:5].[#6:57]-[#7:58](-[#6@@:55])-[#1]>>[#6:1]-[#6:2](=[#8:3])-[#7:58](-[#6@:55])-[#6:57].[#16:4](-[#6:5])-[#1]	Any;Any
EVODEX.2-Cm294_0	Any	[#6:56]-[#7:57](-[#6:58])-[#1]>>[#6]-[#6](=[#8])-[#7:57](-[#6:56])-[#6:58]	Any
EVODEX.2-Cm295_0	Any	[#6:1]-[#6:2](=[#8:3])-[#8:4]-[#6:5]>>[#6:1]-[#6:2](=[#8:3])-[#16]-[#6].[#8:4](-[#6:5])-[#1]	Any;Any
EVODEX.2-Cm298_0	Any;Any	[#6:1]-[#6:2](=[#8:3])-[#16]-[#6].[#6:58]-[#7:59](-[#6@:55])-[#1]>>[#6:1]-[#6:2](=[#8:3])-[#7:59](-[#6@@:55])-[#6:58]	Any
EVODEX.2-Cm299_0	Any;Any	[#6]-[#16]-[#6:49](=[#8:50])-[#6:51].[#6:59]-[#6@:60](-[#7:61])(-[#6](=[#8])-[#8])-[#1:114]>>[#6:49](=[#8:50])(-[#6:51])-[#6:60](-[#6:59])(-[#7:61])-[#1:114]	Any
EVODEX.2-Cm300_0	Any;Any	[#6]-[#16]-[#6:49](=[#8:50])-[#6:51].[#6:59]-[#6@:60](-[#7:61])(-[#6:62](=[#8:63])-[#8:64]-[#1])-[#1:114]>>[#6:49](=[#8:50])(-[#6:51])-[#6:60](-[#6:59])(-[#7:61])-[#1:114].[#6:62](=[#8:63])=[#8:64]	Any;Any
EVODEX.2-Cm301_0	Any;Any	[#6:1]-[#6:2](=[#8:3])-[#16:4]-[#6:5].[#6:58]-[#6@:59](-[#7:60])(-[#6:61](=[#8:62])-[#8:63]-[#1])-[#1:112]>>[#6:61](=[#8:62])=[#8:63].[#6:1]-[#6:2](=[#8:3])-[#6@:59](-[#6:58])(-[#7:60])-[#1:112].[#16:4](-[#6:5])-[#1]	Any;Any;Any
EVODEX.2-Cm302_0	Any;Any	[#6:2]-[#6:4](=[#8:5])-[#16:6]-[#6:7].[#6:60]-[#6@:61](-[#7:62])(-[#6](=[#8])-[#8])-[#1:118]>>[#6:2]-[#6:4](=[#8:5])-[#6@:61](-[#6:60])(-[#7:62])-[#1:118].[#16:6](-[#6:7])-[#1]	Any;Any
EVODEX.2-Cm303_0	Any;Any	[#7:11](-[#6@:12])(-[#1])-[#1].[#7:1](-[#6:2](=[#8:3])-[#6:4])(-[#1])-[#1]>>[#6:2](=[#8:3])(-[#6:4])-[#7:11](-[#6@:12])-[#1].[#7:1](-[#1])(-[#1])-[#1]	Any;Any
EVODEX.2-Cm304_0	Any;Any	[#7:11](-[#6:12])(-[#1])-[#1].[#7](-[#6:2](=[#8:3])-[#6:4])(-[#1])-[#1]>>[#6:2](=[#8:3])(-[#6:4])-[#7:11](-[#6:12])-[#1]	Any
EVODEX.2-Cm305_0	Any;Any	[#6:17]-[#6:18](=[#8:19])-[#7](-[#6])-[#1].[#7:1](-[#6:2])(-[#1])-[#1]>>[#7:1](-[#6:2])(-[#6:18](-[#6:17])=[#8:19])-[#1]	Any
EVODEX.2-Cm307_0	Any	([#7:18](-[#6@@:17])(-[#1])-[#1].[#6:20]-[#6:21](-[#7:22](-[#1])-[#1])=[#8:23])>>[#7:18](-[#6@:17])(-[#6:21](=[#8:23])-[#6:20])-[#1].[#7:22](-[#1])(-[#1])-[#1]	Any;Any
EVODEX.2-Cm308_0	Any	([#6:8]-[#6@@:10](-[#7](-[#1])-[#1])(-[#6:12])-[#1:28].[#6:14]-[#7:15](-[#1])-[#1])>>[#6:8]-[#6@:10](-[#6:12])(-[#7:15](-[#6:14])-[#1])-[#1:28]	Any
EVODEX.2-Cm309_0	Any	([#7:1](-[#6:2])(-[#1])-[#1].[#6:5]-[#6@:6](-[#7:7](-[#1])-[#1])(-[#6:8])-[#1:21])>>[#7:7](-[#1])(-[#1])-[#1].[#7:1](-[#6:2])(-[#6@@:6](-[#6:5])(-[#6:8])-[#1:21])-[#1]	Any;Any
EVODEX.2-Cm310_0	Any	([#7:16](-[#6@@:15])(-[#1])-[#1].[#6:18]-[#6:19](-[#7](-[#1])-[#1])=[#8:21])>>[#7:16](-[#6@:15])(-[#6:19](=[#8:21])-[#6:18])-[#1]	Any
EVODEX.2-Cm311_0	Any;Any	[#6:4]-[#6:5](=[#8:6])-[#7:7](-[#7:8])-[#1].[#8:20](-[#1])-[#1]>>[#6:4]-[#6:5](=[#8:6])-[#8:20]-[#1].[#7:7](-[#7:8])(-[#1])-[#1]	Any;Any
EVODEX.2-Cm312_0	Any	[#6:4]-[#6:5](=[#8:6])-[#7:7](-[#7:8])-[#1]>>[#6:4]-[#6:5](=[#8:6])-[#8]-[#1].[#7:7](-[#7:8])(-[#1])-[#1]	Any;Any
EVODEX.2-Cm313_0	Any;Any	[#6:1](-[#6:2](=[#8:3])-[#16:4]-[#6:5])(-[#1:62])(-[#1:63])-[#1].[#6:56]-[#6:57](=[#8:58])-[#6:59]>>[#6:1](-[#6:2](=[#8:3])-[#8]-[#1])(-[#6:57](-[#6:56])(-[#8:58]-[#1])-[#6:59])(-[#1:62])-[#1:63].[#16:4](-[#6:5])-[#1]	Any;Any
EVODEX.2-Cm314_0	Any;Any	[#6:1](-[#6:2](=[#8:3])-[#16]-[#6])(-[#1:62])(-[#1:63])-[#1].[#6:56]-[#6:57](=[#8:58])-[#6:59]>>[#6:1](-[#6:2](=[#8:3])-[#8]-[#1])(-[#6:57](-[#6:56])(-[#8:58]-[#1])-[#6:59])(-[#1:62])-[#1:63]	Any
EVODEX.2-Cm315_0	Any	[#6:56]-[#6:57](=[#8:58])-[#6:59]>>[#6](-[#6])(-[#6:57](-[#6:56])(-[#8:58]-[#1])-[#6:59])(-[#1])-[#1]	Any
EVODEX.2-Cm316_0	Any;Any;Any	[#6:1](-[#6:2](=[#8:3])-[#16]-[#6])(-[#1:62])(-[#1:63])-[#1].[#6:56]-[#6:57](=[#8:58])-[#6:59].[#8:52](-[#1])-[#1]>>[#6:1](-[#6:2](=[#8:3])-[#8:52]-[#1])(-[#6:57](-[#6:56])(-[#8:58]-[#1])-[#6:59])(-[#1:62])-[#1:63]	Any
EVODEX.2-Cm317_0	Any;Any;Any	[#6:1](-[#6:2](=[#8:3])-[#16:4]-[#6:5])(-[#1:61])(-[#1:62])-[#1].[#6:53]-[#6:55](=[#8:56])-[#6:57].[#8:60](-[#1])-[#1]>>[#6:1](-[#6:2](=[#8:3])-[#8:60]-[#1])(-[#6@@:55](-[#6:53])(-[#8:56]-[#1])-[#6:57])(-[#1:61])-[#1:62].[#16:4](-[#6:5])-[#1]	Any;Any
EVODEX.2-Cm318_0	Any;Any	[#6:54]-[#6:55](=[#8:56])-[#6:57].[#8:60](-[#1])-[#1]>>[#6](-[#6](=[#8])-[#8:60]-[#1])(-[#6:55](-[#6:54])(-[#8:56]-[#1])-[#6:57])(-[#1])-[#1]	Any
EVODEX.2-Cm319_0	Any;Any;Any	[#6:2]-[#6:4](=[#8:5])-[#6:6].[#6:9]-[#6:10](-[#6:11](=[#8:12])-[#16:13]-[#6:14])(-[#1:73])-[#1].[#8:61](-[#1])-[#1]>>[#6:2]-[#6:4](-[#8:5]-[#1])(-[#6:6])-[#6:10](-[#6:9])(-[#6:11](=[#8:12])-[#8:61]-[#1])-[#1:73].[#16:13](-[#6:14])-[#1]	Any;Any
EVODEX.2-Cm320_0	Any;Any	[#6:2]-[#6:4](=[#8:5])-[#6:6].[#6:9]-[#6:10](-[#6:11](=[#8:12])-[#16]-[#6])(-[#1:73])-[#1]>>[#6:2]-[#6:4](-[#8:5]-[#1])(-[#6:6])-[#6:10](-[#6:9])(-[#6:11](=[#8:12])-[#8]-[#1])-[#1:73]	Any
EVODEX.2-Cm321_0	Any;Any;Any	[#6:2]-[#6:4](=[#8:5])-[#6:6].[#6:10]-[#6:11](-[#6:12](=[#8:13])-[#16]-[#6])(-[#1:76])-[#1].[#8:62](-[#1])-[#1]>>[#6:2]-[#6:4](-[#8:5]-[#1])(-[#6:6])-[#6:11](-[#6:10])(-[#6:12](=[#8:13])-[#8:62]-[#1])-[#1:76]	Any
EVODEX.2-Cm322_0	Any;Any	[#6:8]-[#6:9](-[#6:10](=[#8:11])-[#16:12]-[#6:13])(-[#1:87])-[#1].[#6:64]-[#6:65](=[#8:66])-[#6:67]>>[#6:8]-[#6:9](-[#6:10](=[#8:11])-[#8]-[#1])(-[#6:65](-[#6:64])(-[#8:66]-[#1])-[#6:67])-[#1:87].[#16:12](-[#6:13])-[#1]	Any;Any
EVODEX.2-Cm323_0	Any;Any	[#6:47]-[#16:48]-[#1].[#8:67]-[#15:68](=[#8:69])(-[#8:70])-[#8:71]-[#15:72]>>[#6:47]-[#16:48]-[#6](-[#6])=[#8].[#8:67]-[#15:68](=[#8:69])(-[#8:70])-[#8]-[#1].[#8:71](-[#15:72])-[#1]	Any;Any;Any
EVODEX.2-Cm324_0	Any;Any;Any	[#6]-[#6](=[#8])-[#16:4]-[#6:5].[#8:68]-[#15:69](=[#8:70])(-[#8]-[#1])-[#8:72].[#15:90]-[#8:91]-[#1]>>[#8:68]-[#15:69](=[#8:70])(-[#8:72])-[#8:91]-[#15:90].[#16:4](-[#6:5])-[#1]	Any;Any
EVODEX.2-Cm325_0	Any;Any	[#15:2]-[#8:3]-[#1].[#8:9]-[#6@:10](-[#8:11]-[#6@:12])(-[#6@:78])-[#1:91]>>[#15:2]-[#8:3]-[#6@@:10](-[#8:9])(-[#6@:78])-[#1:91].[#8:11](-[#6@:12])-[#1]	Any;Any
EVODEX.2-Cm327_0	Any	[#8:14]-[#6@:15](-[#8:16]-[#6@:17])(-[#6@:28])-[#1:62]>>[#15]-[#8]-[#6@@:15](-[#8:14])(-[#6@:28])-[#1:62].[#8:16](-[#6@:17])-[#1]	Any;Any
EVODEX.2-Cm328_0	Any;Any	[#8:1](-[#6:2])-[#1].[#8:49]-[#6@@:50](-[#6:51])(-[#8]-[#6@])-[#6@@:65]>>[#8:1](-[#6:2])-[#6@@:50](-[#6:51])(-[#8:49])-[#6@@:65]	Any
EVODEX.2-Cm330_0	Any	[#8:33](-[#6@:32](-[#6@:31])(-[#8:58])-[#1:96])-[#15:34]>>[#8](-[#6@@:32](-[#6@:31])(-[#8:58])-[#1:96])-[#1].[#8:33](-[#15:34])-[#1]	Any;Any
EVODEX.2-Cm332_0	Any	[#15:102]-[#8:105]-[#6@](-[#8])(-[#6@@])-[#1]>>[#15:102]-[#8:105]-[#1]	Any
EVODEX.2-Cm334_0	Any	[#15:39]-[#8:41]-[#1]>>[#8:41](-[#6@@](-[#8])(-[#6@])-[#1])-[#15:39]	Any
EVODEX.2-Cm336_0	Any;Any	[#15:15]-[#8:18]-[#6@@:19](-[#8:20])(-[#6@:28])-[#1:62].[#6:49]:[#7:50](:[#6:51])-[#1]>>[#7:50](-[#6@@:19](-[#8:20])(-[#6@:28])-[#1:62])(:[#6:49]):[#6:51].[#15:15]-[#8:18]-[#1]	Any;Any
EVODEX.2-Cm337_0	Any;Any	[#8:55](-[#6@@:54](-[#6@:52])(-[#6@:56])-[#1:141])-[#1].[#8](-[#6@:65](-[#6@:64])(-[#8:91])-[#1:152])-[#15]>>[#6:54](-[#6@:52])(-[#8:55]-[#6@:65](-[#6@:64])(-[#8:91])-[#1:152])(-[#6@:56])-[#1:141]	Any
EVODEX.2-Cm340_0	Any;Any	[#8:11](-[#6@@:10])-[#1].[#8:27]-[#6@@:28](-[#6:29])(-[#8:31]-[#6@@:32](-[#8:33])(-[#6@:41])-[#1:76])-[#6@@:43]>>[#8:11](-[#6@@:10])-[#6@:28](-[#6:29])(-[#8:27])-[#6@@:43].[#8:31](-[#6:32](-[#8:33])(-[#6@:41])-[#1:76])-[#1]	Any;Any
EVODEX.2-Cm343_0	Any;Any	[#8:4]-[#6@@:5](-[#6:6])(-[#8:8]-[#6@@:9](-[#8:10])(-[#6@:18])-[#1:54])-[#6@@:20].[#8:46](-[#6@@:45])-[#1]>>[#8:46](-[#6@:9](-[#8:10])(-[#6@:18])-[#1:54])-[#6@@:45].[#8:4]-[#6:5](-[#6:6])(-[#8:8]-[#1])-[#6@@:20]	Any;Any
EVODEX.2-Cm345_0	Any;Any	[#8:7](-[#6@:6](-[#6@:5])(-[#8:32])-[#1:123])-[#15:8].[#6:116]-[#6@:115](-[#6@:67])(-[#8:117]-[#1])-[#1:214]>>[#8:117](-[#6@:6](-[#6@:5])(-[#8:32])-[#1:123])-[#6:115](-[#6@:67])(-[#6:116])-[#1:214].[#8:7](-[#15:8])-[#1]	Any;Any
EVODEX.2-Cm346_0	Any;Any	[#15:57]-[#8:59]-[#1].[#15:78]-[#8:81]-[#6@@:82](-[#8:83])(-[#6@@:91])-[#1:200]>>[#15:57]-[#8:59]-[#6@:82](-[#8:83])(-[#6@@:91])-[#1:200].[#15:78]-[#8:81]-[#1]	Any;Any
EVODEX.2-Cm347_0	Any;Any	[#8:6]-[#6@:7](-[#6:8](-[#8:9])(-[#1:30])-[#1:31])(-[#6@@:10])-[#1:29].[#15:20]-[#8:21]-[#1]>>[#8:6]-[#6@:7](-[#8:21]-[#15:20])(-[#6@@:10])-[#1:29].[#6:8](-[#8:9])(-[#1:30])(-[#1:31])-[#1]	Any;Any
EVODEX.2-Cm348_0	Any;Any	[#8:6]-[#6@:7](-[#6](-[#8])(-[#1])-[#1])(-[#6@@:10])-[#1:29].[#15:20]-[#8:21]-[#1]>>[#8:6]-[#6@:7](-[#8:21]-[#15:20])(-[#6@@:10])-[#1:29]	Any
EVODEX.2-Cm349_0	Any	[#8:6]-[#6@:7](-[#6:8](-[#8:9])(-[#1:30])-[#1:31])(-[#6@@:10])-[#1:29]>>[#8:6]-[#6@:7](-[#8]-[#15])(-[#6@@:10])-[#1:29].[#6:8](-[#8:9])(-[#1:30])(-[#1:31])-[#1]	Any;Any
EVODEX.2-Cm350_0	Any	[#8:13]-[#6@:14](-[#6](-[#8])(-[#1])-[#1])(-[#6@@:17])-[#1:29]>>[#15]-[#8]-[#6@@:14](-[#8:13])(-[#6@@:17])-[#1:29]	Any
EVODEX.2-Cm352_0	Any;Any	[#6:13]-[#8:14]-[#1].[#8:39]-[#6@:40](-[#8]-[#15])(-[#6:62])-[#6:65]>>[#6:13]-[#8:14]-[#6@:40](-[#6:62])(-[#8:39])-[#6:65]	Any
EVODEX.2-Cm353_0	Any;Any	[#6:38]-[#8:39]-[#1].[#8:77]-[#6@:78](-[#8:79]-[#15:80])(-[#6:100])-[#6:103]>>[#6:38]-[#8:39]-[#6@@:78](-[#6:100])(-[#8:77])-[#6:103].[#8:79](-[#15:80])-[#1]	Any;Any
EVODEX.2-Cm354_0	Any;Any	[#6:1](=[#6:2](-[#6:3])-[#6:4](-[#6:5])(-[#1:39])-[#1])(-[#1:34])-[#1:35].[#6:23]-[#6:24](-[#8:25]-[#15:26])(-[#1:61])-[#1:62]>>[#6:1](/[#6:2](-[#6:3])=[#6:4](/[#6:5])-[#1:39])(-[#6:24](-[#6:23])(-[#1:61])-[#1:62])(-[#1:34])-[#1:35].[#8:25](-[#15:26])-[#1]	Any;Any
EVODEX.2-Cm355_0	Any;Any	[#6:1](=[#6:2](-[#6:3])-[#6:4](-[#6:5])(-[#1:39])-[#1])(-[#1:34])-[#1:35].[#6:23]-[#6:24](-[#8]-[#15])(-[#1:61])-[#1:62]>>[#6:1](/[#6:2](-[#6:3])=[#6:4](/[#6:5])-[#1:39])(-[#6:24](-[#6:23])(-[#1:61])-[#1:62])(-[#1:34])-[#1:35]	Any
EVODEX.2-Cm356_0	Any;Any	[#6]-[#16&+](-[#6:3](-[#6:4])(-[#1:35])-[#1:36])-[#6].[#7:25](-[#6:26])(-[#1])-[#1]>>[#6:3](-[#6:4])(-[#7:25](-[#6:26])-[#1])(-[#1:35])-[#1:36]	Any
EVODEX.2-Cm357_0	Any;Any	[#6:1]-[#16&+:2](-[#6:3](-[#6:4])(-[#1:33])-[#1:34])-[#6:7].[#7:25](-[#6:26])(-[#1])-[#1]>>[#6:3](-[#6:4])(-[#7:25](-[#6:26])-[#1])(-[#1:33])-[#1:34].[#6:1]-[#16:2]-[#6:7]	Any;Any
EVODEX.2-Cm358_0	Any	[#7:25](-[#6:26])(-[#1])-[#1]>>[#6](-[#6])(-[#7:25](-[#6:26])-[#1])(-[#1])-[#1]	Any
EVODEX.2-Cm359_0	Any;Any	[#6:22]:[#6:23](:[#7:24])-[#1].[#6:4]-[#6:5](-[#8:6]-[#15:7])(-[#1:56])-[#1:57]>>[#6:4]-[#6:5](-[#6:23](:[#6:22]):[#7:24])(-[#1:56])-[#1:57].[#8:6](-[#15:7])-[#1]	Any;Any
EVODEX.2-Cm360_0	Any	[#6:22]:[#6:23](:[#7:24])-[#1]>>[#6]-[#6](-[#6:23](:[#6:22]):[#7:24])(-[#1])-[#1]	Any
EVODEX.2-Cm361_0	Any;Any	[#6:4]-[#6:5](-[#8]-[#15])(-[#1:40])-[#1:41].[#6:23]:[#6:24](:[#7:25])-[#1]>>[#6:4]-[#6:5](-[#6:24](:[#6:23]):[#7:25])(-[#1:40])-[#1:41]	Any
EVODEX.2-Cm365_0	Any;Any	[#6:30]/[#6:31](=[#6:32](\[#6:33])-[#6:34])-[#1:121].[#6:49](-[#6@:48])(-[#8:50]-[#15:51])(-[#1:141])-[#1]>>[#6:30]-[#6:31]1(-[#6:32](-[#6:33])(-[#6:34])-[#6:49]-1(-[#6@:48])-[#1:141])-[#1:121].[#8:50](-[#15:51])-[#1]	Any;Any
EVODEX.2-Cm366_0	Any;Any	[#6:5]-[#6:6](-[#7:7](-[#6:8])-[#1])(-[#1:20])-[#1:21].[#7:1](-[#1])(-[#1])-[#1]>>[#7:1](-[#6:6](-[#6:5])(-[#1:20])-[#1:21])(-[#1])-[#1].[#7:7](-[#6:8])(-[#1])-[#1]	Any;Any
EVODEX.2-Cm367_0	Any;Any	[#6:11]-[#16:12]-[#1].[#6:2]-[#8:4]-[#6:5](-[#6@:6])(-[#1:20])-[#1:21]>>[#6:5](-[#6@:6])(-[#16:12]-[#6:11])(-[#1:20])-[#1:21].[#6:2]-[#8:4]-[#1]	Any;Any
EVODEX.2-Cm368_0	Any;Any	[#6:11]-[#16:12]-[#1].[#6]-[#8]-[#6:5](-[#6@:6])(-[#1:20])-[#1:21]>>[#6:5](-[#6@:6])(-[#16:12]-[#6:11])(-[#1:20])-[#1:21]	Any
EVODEX.2-Cm370_0	Any	[#6:4]-[#16:5]-[#6:6](-[#6@:7])(-[#1:23])-[#1:24]>>[#6:6](-[#6@:7])(-[#8]-[#1])(-[#1:23])-[#1:24].[#6:4]-[#16:5]-[#1]	Any;Any
EVODEX.2-Cm371_0	Any	[#6:6]-[#16:7]-[#6:8](-[#6@:9])(-[#1:23])-[#1:24]>>[#6]-[#8]-[#6:8](-[#6@:9])(-[#1:23])-[#1:24].[#6:6]-[#16:7]-[#1]	Any;Any
EVODEX.2-Cm372_0	Any	[#6]-[#6](-[#16:5]-[#6:6])(-[#1])-[#1]>>[#16:5](-[#6:6])-[#1]	Any
EVODEX.2-Cm373_0	Any;Any	[#6:2]-[#8:4]-[#1].[#6:7]-[#6:8](-[#16:9]-[#6:10])(-[#1:28])-[#1:29]>>[#6:2]-[#8:4]-[#6:8](-[#6:7])(-[#1:28])-[#1:29].[#16:9](-[#6:10])-[#1]	Any;Any
EVODEX.2-Cm376_0	Any;Any	[#6:14]-[#6:15](-[#8:16]-[#15:17])(-[#1:78])-[#1:79].[#6:47]-[#16:48]-[#1]>>[#6:14]-[#6:15](-[#16:48]-[#6:47])(-[#1:78])-[#1:79].[#8:16](-[#15:17])-[#1]	Any;Any
EVODEX.2-Cm377_0	Any	[#6:19]-[#6:20](-[#8:21]-[#15:22])(-[#1:109])-[#1:110]>>[#6:19]-[#6:20](-[#16]-[#6])(-[#1:109])-[#1:110].[#8:21](-[#15:22])-[#1]	Any;Any
EVODEX.2-Cm378_0	Any	[#6:3]-[#6:4](-[#8]-[#15])(-[#1:80])-[#1:81]>>[#6:3]-[#6:4](-[#16]-[#6])(-[#1:80])-[#1:81]	Any
EVODEX.2-Cm379_0	Any;Any	[#6:14]-[#6:15](-[#8]-[#15])(-[#1:96])-[#1:97].[#6:42]-[#16:43]-[#1]>>[#6:14]-[#6:15](-[#16:43]-[#6:42])(-[#1:96])-[#1:97]	Any
EVODEX.2-Cm380_0	Any;Any	[#6:1]-[#16:2]-[#6:3].[#6:23](-[#6@:22])(-[#8:24]-[#15:25])(-[#1:59])-[#1:60]>>[#6:1]-[#16&+:2](-[#6:3])-[#6:23](-[#6@:22])(-[#1:59])-[#1:60].[#8:24](-[#15:25])-[#1]	Any;Any
EVODEX.2-Cm381_0	Any;Any;Any	[#6:1]-[#16:2]-[#6:3].[#6:23](-[#6@:22])(-[#8:24]-[#15:25](=[#8:26])(-[#8:27])-[#8]-[#15])(-[#1:59])-[#1:60].[#8:41](-[#1])-[#1]>>[#6:1]-[#16&+:2](-[#6:3])-[#6:23](-[#6@:22])(-[#1:59])-[#1:60].[#8:24](-[#15:25](=[#8:26])(-[#8:27])-[#8:41]-[#1])-[#1]	Any;Any
EVODEX.2-Cm383_0	Any;Any	[#6:4]-[#16:5]-[#6:6].[#8:44](-[#1])-[#1]>>[#6:4]-[#16&+:5](-[#6:6])-[#6](-[#6@])(-[#1])-[#1].[#8]-[#15](=[#8])(-[#8])-[#8:44]-[#1]	Any;Any
EVODEX.2-Cm384_0	Any	[#6:2]-[#16:3]-[#6:4]>>[#6:2]-[#16&+:3](-[#6:4])-[#6](-[#6@])(-[#1])-[#1]	Any
EVODEX.2-Cm385_0	Any;Any	[#6:2]-[#16:3]-[#6:4].[#6:24](-[#6@:23])(-[#8]-[#15])(-[#1:62])-[#1:63]>>[#6:2]-[#16&+:3](-[#6:4])-[#6:24](-[#6@:23])(-[#1:62])-[#1:63]	Any
EVODEX.2-Cm386_0	Any;Any;Any	[#6:3]-[#16:4]-[#6:5].[#6:25](-[#6@:24])(-[#8:26]-[#15:27](=[#8:28])(-[#8:29])-[#8:30]-[#15:31])(-[#1:63])-[#1:64].[#8:43](-[#1])-[#1]>>[#6:3]-[#16&+:4](-[#6:5])-[#6:25](-[#6@:24])(-[#1:63])-[#1:64].[#8:26](-[#15:27](=[#8:28])(-[#8:29])-[#8:43]-[#1])-[#1].[#8:30](-[#15:31])-[#1]	Any;Any;Any
EVODEX.2-Cm391_0	Any;Any	[#7:1]-[#6:2](-[#6:3])(-[#1:18])-[#1].[#6:9]-[#6:10](-[#6](=[#8])-[#6])(-[#1:24])-[#1:25]>>[#7:1]-[#6@:2](-[#6:3])(-[#6:10](-[#6:9])(-[#1:24])-[#1:25])-[#1:18]	Any
EVODEX.2-Cm398_0	Any;Any	[#6:7]-[#6:8](-[#7:9](-[#1])-[#1])(-[#1:33])-[#1].[#6:18]-[#6:19](=[#8:20])-[#6:21]>>[#6:7]-[#6:8](=[#8:20])-[#1:33].[#7:9](-[#6:19](-[#6:18])(-[#6:21])-[#1])(-[#1])-[#1]	Any;Any
EVODEX.2-Cm402_0	Any	[#6:3]-[#6:4](-[#6@:5](-[#7:6])(-[#6:7])-[#1:22])(-[#1:20])-[#1:21]>>[#6:5](-[#7:6])(-[#6:7])(-[#1:22])-[#1].[#6:3]-[#6:4](-[#6](=[#8])-[#6])(-[#1:20])-[#1:21]	Any;Any
EVODEX.2-Cm403_0	Any;Any	[#6:4]-[#6:5](-[#6@:6](-[#7:7])(-[#6:8])-[#1:25])(-[#1:23])-[#1:24].[#8:11]=[#6:12](-[#6:13])-[#1]>>[#6:6](-[#7:7])(-[#6:8])(-[#1:25])-[#1].[#6:4]-[#6:5](-[#6:12](=[#8:11])-[#6:13])(-[#1:23])-[#1:24]	Any;Any
EVODEX.2-Cm404_0	Any;Any	[#6:4]-[#6:5](-[#6@](-[#7])(-[#6])-[#1])(-[#1:23])-[#1:24].[#8:11]=[#6:12](-[#6:13])-[#1]>>[#6:4]-[#6:5](-[#6:12](=[#8:11])-[#6:13])(-[#1:23])-[#1:24]	Any
EVODEX.2-Cm405_0	Any;Any	[#7:1](-[#6:2](-[#6:3])(-[#1:17])-[#1])(-[#1])-[#1].[#8:9]=[#6:10](-[#6:11])-[#1:26]>>[#6:2](-[#6:3])(=[#8:9])-[#1:17].[#7:1](-[#6:10](-[#6:11])(-[#1:26])-[#1])(-[#1])-[#1]	Any;Any
EVODEX.2-Cm406_0	Any	[#7:1]-[#6@@:2](-[#6:3])(-[#6](=[#8])-[#8])-[#1:20]>>[#7:1]-[#6:2](-[#6:3])(-[#1:20])-[#1]	Any
EVODEX.2-Cm407_0	Any	[#8]=[#6](-[#8])-[#6:11](-[#6:12])(-[#1:28])-[#1:29]>>[#6:11](-[#6:12])(-[#1:28])(-[#1:29])-[#1]	Any
EVODEX.2-Cm408_0	Any;Any	[#6:2]-[#6:4](-[#6:5](=[#8:6])-[#6:7])(-[#1:22])-[#1:23].[#7:10]-[#6:11](-[#6:12])(-[#1:27])-[#1]>>[#6:2]-[#6:4](-[#6@:11](-[#7:10])(-[#6:12])-[#1:27])(-[#1:22])-[#1:23].[#6:5](=[#8:6])(-[#6:7])-[#1]	Any;Any
EVODEX.2-Cm409_0	Any;Any	[#6:11]-[#6@:12](-[#6:13](-[#1:25])(-[#1:26])-[#1:27])(-[#6@:14])-[#1:24].[#6:1]-[#6:2](-[#6@:3])(-[#1:35])-[#1]>>[#6:11]-[#6:12](-[#6@:14])(-[#1:24])-[#1].[#6:1]-[#6:2](-[#6@:3])(-[#6:13](-[#1:25])(-[#1:26])-[#1:27])-[#1:35]	Any;Any
EVODEX.2-Cm410_0	Any;Any	[#6:11](-[#6:12])(-[#1:19])(-[#1:20])-[#1].[#6:1](-[#6:2](-[#6:3])(-[#1:33])-[#1:34])(-[#1:30])(-[#1:31])-[#1:32]>>[#6:1](-[#6:11](-[#6:12])(-[#1:19])-[#1:20])(-[#1:30])(-[#1:31])-[#1:32].[#6:2](-[#6:3])(-[#1:33])(-[#1:34])-[#1]	Any;Any
EVODEX.2-Cm411_0	Any	[#6:1]-[#6@:2](-[#7:3](-[#1])-[#1])(-[#6:4])-[#1]>>[#6:1]-[#6:2](-[#6:4])=[#8].[#7:3](-[#6](-[#6])(-[#1])-[#1])(-[#1])-[#1]	Any;Any
EVODEX.2-Cm412_0	Any;Any	[#7](-[#6@@:2](-[#6:3])(-[#6:7])-[#1])(-[#1])-[#1].[#8:10]=[#6](-[#6])-[#1]>>[#6:2](-[#6:3])(-[#6:7])=[#8:10]	Any
EVODEX.2-Cm413_0	Any	[#6:3]-[#6:4](-[#6:5](=[#8:6])-[#6:7])(-[#1:20])-[#1:21]>>[#6:3]-[#6:4](-[#6@](-[#7])(-[#6])-[#1])(-[#1:20])-[#1:21].[#6:5](=[#8:6])(-[#6:7])-[#1]	Any;Any
EVODEX.2-Cm417_0	Any	[#6:31]-[#8:32]-[#15:33](=[#8:34])(-[#8:35])-[#8:36]>>[#6]-[#8]-[#15:33](=[#8:34])(-[#8:35])-[#8:36].[#6:31]-[#8:32]-[#1]	Any;Any
EVODEX.2-Cm421_0	Any;Any	[#15:20]-[#8:23]-[#15:24](=[#8:25])(-[#8:26])-[#8:27].[#8:36]-[#6@:37]1(-[#6@:38](-[#8:39]-[#1])(-[#6@:40](-[#8:41])(-[#6@:46](-[#8:47])(-[#6@@:48](-[#8:49])(-[#6@@:54]-1(-[#8:55])-[#1:85])-[#1:82])-[#1:80])-[#1:77])-[#1:75])-[#1:74]>>[#15:20]-[#8:23]-[#1].[#15:24](=[#8:25])(-[#8:26])(-[#8:27])-[#8:39]-[#6@@:38]1(-[#6@@:37](-[#8:36])(-[#6@:54](-[#8:55])(-[#6@@:48](-[#8:49])(-[#6@:46](-[#8:47])(-[#6@@:40]-1(-[#8:41])-[#1:77])-[#1:80])-[#1:82])-[#1:85])-[#1:74])-[#1:75]	Any;Any
EVODEX.2-Cm425_0	Any;Any	[#6]-[#8]-[#15:4](=[#8:5])(-[#8:6])-[#8:7].[#15:26]-[#8:28]-[#1]>>[#15:4](=[#8:5])(-[#8:6])(-[#8:7])-[#8:28]-[#15:26]	Any
EVODEX.2-Cm426_0	Any;Any	[#6:1](=[#6:2](-[#8:3]-[#15:4](=[#8:5])(-[#8:6])-[#8:7])-[#6:8])(-[#1:37])-[#1:38].[#15:32]-[#8:34]-[#1]>>[#6:1](-[#6:2](=[#8:3])-[#6:8])(-[#1:37])(-[#1:38])-[#1].[#15:4](=[#8:5])(-[#8:6])(-[#8:7])-[#8:34]-[#15:32]	Any;Any
EVODEX.2-Cm429_0	Any;Any	[#6:55]-[#7:57](-[#1])-[#1].[#15:80]-[#8:83]-[#15:84](=[#8:85])(-[#8:86])-[#8:87]>>[#6:55]-[#7:57](-[#15:84](=[#8:85])(-[#8:86])-[#8:87])-[#1].[#15:80]-[#8:83]-[#1]	Any;Any
EVODEX.2-Cm430_0	Any;Any	[#6:55]-[#7:57](-[#1])-[#1].[#15]-[#8]-[#15:84](=[#8:85])(-[#8:86])-[#8:87]>>[#6:55]-[#7:57](-[#15:84](=[#8:85])(-[#8:86])-[#8:87])-[#1]	Any
EVODEX.2-Cm431_0	Any	[#6:2]-[#7:8](-[#15](=[#8])(-[#8])-[#8])-[#1]>>[#6:2]-[#7:8](-[#1])-[#1]	Any
EVODEX.2-Cm432_0	Any	[#6:2]-[#7:3](-[#1])-[#1]>>[#6:2]-[#7:3](-[#15](=[#8])(-[#8])-[#8])-[#1]	Any
EVODEX.2-Cm433_0	Any;Any	[#15:28]-[#8:30]-[#1].[#6:2]-[#7:4](-[#15:5](=[#8:6])(-[#8:7])-[#8:8])-[#1]>>[#6:2]-[#7:4](-[#1])-[#1].[#15:5](=[#8:6])(-[#8:7])(-[#8:8])-[#8:30]-[#15:28]	Any;Any
EVODEX.2-Cm434_0	Any	[#6:2]-[#7:10](-[#15:11](=[#8:12])(-[#8:13])-[#8:14])-[#1]>>[#6:2]-[#7:10](-[#1])-[#1].[#15:11](=[#8:12])(-[#8:13])(-[#8:14])-[#8]-[#15]	Any;Any
EVODEX.2-Cm435_0	Any;Any	[#6:14](-[#6@:13])(-[#8]-[#15])(-[#1:47])-[#1:48].[#15:29]-[#8:30]-[#1]>>[#6:14](-[#6@:13])(-[#8:30]-[#15:29])(-[#1:47])-[#1:48]	Any
EVODEX.2-Cm436_0	Any;Any	[#15:11]-[#8:13]-[#1].[#15:41]-[#8:44]-[#15:45](=[#8:46])(-[#8:47])-[#8:48]>>[#15:11]-[#8:13]-[#15:45](=[#8:46])(-[#8:47])-[#8:48].[#15:41]-[#8:44]-[#1]	Any;Any
EVODEX.2-Cm438_0	Any;Any	[#6:13](-[#6@:12])(-[#8:14]-[#15:15])(-[#1:93])-[#1:94].[#15:78]-[#8:80]-[#1]>>[#6:13](-[#6@:12])(-[#8:80]-[#15:78])(-[#1:93])-[#1:94].[#8:14](-[#15:15])-[#1]	Any;Any
EVODEX.2-Cm443_0	Any	[#8:6](-[#6@:5])-[#16:7](=[#8:8])(=[#8:9])-[#8:10]>>[#8:6](-[#6@:5])-[#1].[#16:7](=[#8:8])(=[#8:9])(-[#8:10])-[#8]-[#15]	Any;Any
EVODEX.2-Cm444_0	Any	[#8:24](-[#6@:23])-[#16](=[#8])(=[#8])-[#8]>>[#8:24](-[#6@:23])-[#1]	Any
EVODEX.2-Cm445_0	Any;Any	[#8:25](-[#6@:24])-[#16:26](=[#8:27])(=[#8:28])-[#8:29].[#15:53]-[#8:55]-[#1]>>[#8:25](-[#6@:24])-[#1].[#16:26](=[#8:27])(=[#8:28])(-[#8:29])-[#8:55]-[#15:53]	Any;Any
EVODEX.2-Cm446_0	Any;Any	[#6:1]-[#6:2](=[#8:3])-[#16:4]-[#6:5].[#6:53]-[#6:55](=[#8:56])-[#8:57]-[#1]>>[#6:1]-[#6:2](=[#8:3])-[#8:57]-[#1].[#16:4](-[#6:5])-[#6:55](-[#6:53])=[#8:56]	Any;Any
EVODEX.2-Cm450_0	Any;Any	[#6]-[#6](=[#8])-[#8:7]-[#1].[#6:10]-[#6:11](=[#8:12])-[#16]-[#6]>>[#8:7](-[#6:11](-[#6:10])=[#8:12])-[#1]	Any
EVODEX.2-Cm454_0	Any	[#6]-[#6](-[#8:3]-[#6:4])(-[#1])-[#1]>>[#8:3](-[#6:4])-[#1]	Any
EVODEX.2-Cm456_0	Any;Any	[#8:2]=[#6:3](-[#6:4])-[#8:9]-[#6:8].[#8:1](-[#1])-[#1]>>([#8:1](-[#6:3](=[#8:2])-[#6:4])-[#1].[#6:8]-[#8:9]-[#1])	Any
EVODEX.2-Cm462_0	Any	[#8:2]=[#6:3](-[#8:4]-[#6:5])-[#6@:10]>>([#8](-[#6:3](=[#8:2])-[#6@@:10])-[#1].[#6:5]-[#8:4]-[#1])	Any
EVODEX.2-Cm465_0	Any;Any	[#6:13]-[#6:14](=[#8:15])-[#8:16]-[#1].[#8:17](-[#6:18])-[#1]>>[#6:13]-[#6:14](=[#8:15])-[#8:17]-[#6:18].[#8:16](-[#1])-[#1]	Any;Any
EVODEX.2-Cm468_0	Any;Any	[#6:15]-[#6:16](-[#8:17]-[#6:18])(-[#1:42])-[#1:43].[#8:20](-[#1])-[#1]>>([#6:15]-[#6:16](-[#8:20]-[#1])(-[#1:42])-[#1:43].[#6:18]-[#8:17]-[#1])	Any
EVODEX.2-Cm469_0	Any	[#6:15]-[#6:16](-[#8:17]-[#6:18])(-[#1:42])-[#1:43]>>([#6:15]-[#6:16](-[#8]-[#1])(-[#1:42])-[#1:43].[#6:18]-[#8:17]-[#1])	Any
EVODEX.2-Cm475_0	Any;Any	[#6:17]-[#8:18]-[#6:19](=[#8:20])-[#6@@:21].[#7:11](-[#6@@:10])(-[#1])-[#1]>>[#6:17]-[#8:18]-[#1].[#7:11](-[#6@@:10])(-[#6:19](=[#8:20])-[#6@@:21])-[#1]	Any;Any
EVODEX.2-Cm476_0	Any;Any	[#6:2]-[#8:4]-[#1].[#7:15](-[#6@@:14])(-[#6:16](=[#8:17])-[#6@:18])-[#1]>>[#6:2]-[#8:4]-[#6:16](=[#8:17])-[#6@:18].[#7:15](-[#6@@:14])(-[#1])-[#1]	Any;Any
EVODEX.2-Cm482_0	Any;Any	[#6:17]-[#6:18](=[#8:19])-[#6:20](-[#8:21])(-[#6:22])-[#1:79].[#8:45](-[#1])-[#1]>>[#6:20](-[#8:21])(-[#6:22])(-[#1:79])-[#1].[#6:17]-[#6:18](=[#8:19])-[#8:45]-[#1]	Any;Any
EVODEX.2-Cm483_0	Any	[#6:17]-[#6:18](=[#8:19])-[#6:20](-[#8:21])(-[#6:22])-[#1:60]>>[#6:20](-[#8:21])(-[#6:22])(-[#1:60])-[#1].[#6:17]-[#6:18](=[#8:19])-[#8]-[#1]	Any;Any
EVODEX.2-Cm487_0	Any;Any	[#7:35](-[#6@:34])(-[#6:36](=[#8:37])-[#8:38])-[#1].[#8:1](-[#1])-[#1]>>[#7:35](-[#6@:34])(-[#1])-[#1].[#8:1](-[#6:36](=[#8:37])-[#8:38])-[#1]	Any;Any
EVODEX.2-Cm488_0	Any;Any	[#6:22](-[#6@:20])(-[#8]-[#15])(-[#1:46])-[#1:47].[#8:32](-[#1])-[#1]>>[#6:22](-[#6@:20])(-[#8:32]-[#1])(-[#1:46])-[#1:47]	Any
EVODEX.2-Cm489_0	Any	[#6:1]-[#8:2]-[#15:3](=[#8:4])(-[#8:5])-[#8:6]>>[#6:1]-[#8:2]-[#1].[#15:3](=[#8:4])(-[#8:5])(-[#8:6])-[#8]-[#1]	Any;Any
EVODEX.2-Cm490_0	Any	[#6:12](-[#6@:10])(-[#8:13]-[#15:14])(-[#1:27])-[#1:28]>>[#8:13](-[#15:14])-[#1].[#8](-[#6:12](-[#6@:10])(-[#1:27])-[#1:28])-[#1]	Any;Any
EVODEX.2-Cm491_0	Any;Any	[#6:9](-[#6@:8])(-[#8:10]-[#15:11])(-[#1:29])-[#1:30].[#8:22](-[#1])-[#1]>>[#6:9](-[#6@:8])(-[#8:22]-[#1])(-[#1:29])-[#1:30].[#8:10](-[#15:11])-[#1]	Any;Any
EVODEX.2-Cm494_0	Any	[#6:38]-[#6@:37](-[#6@@:8])(-[#8]-[#15])-[#1:94]>>[#6:38]-[#6@@:37](-[#6@@:8])(-[#8]-[#1])-[#1:94]	Any
EVODEX.2-Cm495_0	Any;Any	[#6:8]-[#6:9](-[#6:10])(-[#8]-[#16])-[#1:44].[#8:26](-[#1])-[#1]>>[#6:8]-[#6:9](-[#6:10])(-[#8:26]-[#1])-[#1:44]	Any
EVODEX.2-Cm496_0	Any	[#6:8]-[#6:9](-[#6:10])(-[#8:21]-[#16:22])-[#1:44]>>[#6:8]-[#6:9](-[#6:10])(-[#8]-[#1])-[#1:44].[#8:21](-[#16:22])-[#1]	Any;Any
EVODEX.2-Cm497_0	Any	[#8:15]-[#15:16](=[#8:17])(-[#8:18])-[#8:19]-[#15:20]>>[#8:15]-[#15:16](=[#8:17])(-[#8:18])-[#8]-[#1].[#8:19](-[#15:20])-[#1]	Any;Any
EVODEX.2-Cm498_0	Any;Any	[#15:18]-[#8:21]-[#6@@:22](-[#6@@:11])(-[#6@:16])-[#1:35].[#8:23](-[#1])-[#1]>>([#15:18]-[#8:21]-[#1].[#8:23](-[#6@:22](-[#6@@:11])(-[#6@@:16])-[#1:35])-[#1])	Any
EVODEX.2-Cm499_0	Any	[#15:16]-[#8:19]-[#6@@:20](-[#6@@:9])(-[#6@:14])-[#1:35]>>([#15:16]-[#8:19]-[#1].[#8](-[#6@:20](-[#6@@:9])(-[#6@@:14])-[#1:35])-[#1])	Any
EVODEX.2-Cm500_0	Any;Any	[#6:10](-[#6@:9])(-[#8:11]-[#16:12])(-[#1:40])-[#1:41].[#8:31](-[#1])-[#1]>>[#6:10](-[#6@:9])(-[#8:31]-[#1])(-[#1:40])-[#1:41].[#8:11](-[#16:12])-[#1]	Any;Any
EVODEX.2-Cm501_0	Any;Any	[#6:10](-[#6@:9])(-[#8]-[#16])(-[#1:40])-[#1:41].[#8:31](-[#1])-[#1]>>[#6:10](-[#6@:9])(-[#8:31]-[#1])(-[#1:40])-[#1:41]	Any
EVODEX.2-Cm502_0	Any;Any	[#8:6](-[#6@:5](-[#6@@:3])(-[#6@@:11])-[#1:23])-[#16:7].[#8:17](-[#1])-[#1]>>[#8:17](-[#6@:5](-[#6@@:3])(-[#6@@:11])-[#1:23])-[#1].[#8:6](-[#16:7])-[#1]	Any;Any
EVODEX.2-Cm505_0	Any;Any	[#6:4]-[#16:5]-[#6:6](-[#6@:7])(-[#1:35])-[#1:36].[#8:27](-[#1])-[#1]>>[#6:6](-[#6@:7])(-[#8:27]-[#1])(-[#1:35])-[#1:36].[#6:4]-[#16:5]-[#1]	Any;Any
EVODEX.2-Cm507_0	Any;Any;Any	[#8:1](-[#1])-[#1].[#8:2](-[#1])-[#1].([#8:6]-[#6@:7](-[#8:8]-[#6:9])(-[#6@@:42])-[#1:56].[#8:11]-[#6@:12](-[#8:13]-[#6:14])(-[#6@@:36])-[#1:60])>>[#8:13](-[#6:14])-[#1].([#8:1](-[#6:12](-[#8:11])(-[#6@@:36])-[#1:60])-[#1].[#6:9]-[#8:8]-[#1]).[#8:2](-[#6:7](-[#8:6])(-[#6@@:42])-[#1:56])-[#1]	Any;Any;Any
EVODEX.2-Cm512_0	Any;Any	[#8:16](-[#6@:15])-[#6@:17](-[#6:18])(-[#6:21])-[#8:36].[#8:69](-[#1])-[#1]>>[#6:18]-[#6@@:17](-[#8:69]-[#1])(-[#6:21])-[#8:36].[#8:16](-[#6@:15])-[#1]	Any;Any
EVODEX.2-Cm513_0	Any	[#6:8]-[#16:19]-[#6@](-[#8])(-[#6@])-[#1]>>[#6:8]-[#16:19]-[#1]	Any
EVODEX.2-Cm514_0	Any	[#8:13]-[#6@@:14](-[#8:15]-[#6@:16])(-[#6:38])-[#6:41]>>[#8:13]-[#6@@:14](-[#6:38])(-[#8]-[#1])-[#6:41].[#8:15](-[#6@:16])-[#1]	Any;Any
EVODEX.2-Cm515_0	Any;Any	[#7:14]-[#8:15]-[#6@:16](-[#8:17])(-[#6@:25])-[#1:36].[#8:27](-[#1])-[#1]>>[#8:27](-[#6@:16](-[#8:17])(-[#6@:25])-[#1:36])-[#1].[#7:14]-[#8:15]-[#1]	Any;Any
EVODEX.2-Cm516_0	Any	[#7:14]-[#8:15]-[#6@:16](-[#8:17])(-[#6@:25])-[#1:36]>>[#8](-[#6@:16](-[#8:17])(-[#6@:25])-[#1:36])-[#1].[#7:14]-[#8:15]-[#1]	Any;Any
EVODEX.2-Cm519_0	Any;Any	[#6:8]-[#6:9]1(-[#8:10]-[#6:11]-1)-[#1:40].[#8:24](-[#1])-[#1]>>[#6:8]-[#6:9](-[#6:11]-[#8:10]-[#1])(-[#8:24]-[#1])-[#1:40]	Any
EVODEX.2-Cm520_0	Any	[#6:8]-[#6:9]1(-[#8:10]-[#6:11]-1)-[#1:20]>>[#8](-[#6:9](-[#6:8])(-[#6:11]-[#8:10]-[#1])-[#1:20])-[#1]	Any
EVODEX.2-Cm521_0	Any;Any	[#6:12](-[#6@:2])(-[#7](-[#1])-[#1])=[#8:14].[#8:15](-[#1])-[#1]>>[#6:12](-[#6@:2])(=[#8:14])-[#8:15]-[#1]	Any
EVODEX.2-Cm522_0	Any;Any;Any	[#6:7](-[#6@:5])(=[#8:8])-[#7:9](-[#6@@:10]-[#6:16](=[#8:17])-[#7:18](-[#6@@:19])-[#1])-[#1].[#8:94](-[#1])-[#1].[#8:95](-[#1])-[#1]>>[#6:7](-[#6@:5])(=[#8:8])-[#8:94]-[#1].[#7:18](-[#6@@:19])(-[#1])-[#1].[#7:9](-[#6@@:10]-[#6:16](=[#8:17])-[#8:95]-[#1])(-[#1])-[#1]	Any;Any;Any
EVODEX.2-Cm523_0	Any	[#6:7](-[#6@:5])(=[#8:8])-[#7:9](-[#6@@:10]-[#6:16](=[#8:17])-[#7:18](-[#6@@:19])-[#1])-[#1]>>[#6:7](-[#6@:5])(=[#8:8])-[#8]-[#1].[#7:18](-[#6@@:19])(-[#1])-[#1].[#7:9](-[#6@@:10]-[#6:16](=[#8:17])-[#8]-[#1])(-[#1])-[#1]	Any;Any;Any
EVODEX.2-Cm527_0	Any;Any	[#6:24]-[#7:25](-[#6:26](=[#7:27])-[#7:28])-[#1].[#8:43](-[#1])-[#1]>>[#6:26](=[#7:27])(-[#7:28])-[#8:43]-[#1].[#6:24]-[#7:25](-[#1])-[#1]	Any;Any
EVODEX.2-Cm528_0	Any	[#6:24]-[#7:25](-[#6:26](=[#7:27])-[#7:28])-[#1]>>[#6:26](=[#7:27])(-[#7:28])-[#8]-[#1].[#6:24]-[#7:25](-[#1])-[#1]	Any;Any
EVODEX.2-Cm529_0	Any;Any	[#7:8](-[#6@:6])(-[#6:9](=[#8:10])-[#6:11](-[#7:12])(-[#6:13])-[#1:32])-[#1].[#8:21](-[#1])-[#1]>>[#6:9](=[#8:10])(-[#6@@:11](-[#7:12])(-[#6:13])-[#1:32])-[#8:21]-[#1].[#7:8](-[#6@:6])(-[#1])-[#1]	Any;Any
EVODEX.2-Cm531_0	Any	[#6:7](-[#6@:5])(=[#8:8])-[#7:9](-[#6:10])-[#6@:13]>>[#6:7](-[#6@:5])(=[#8:8])-[#8]-[#1].[#7:9](-[#6:10])(-[#6@:13])-[#1]	Any;Any
EVODEX.2-Cm532_0	Any;Any	[#6:4](-[#6@:2])(=[#8:5])-[#7:6](-[#6:7])-[#6@:10].[#8:18](-[#1])-[#1]>>[#6:4](-[#6@:2])(=[#8:5])-[#8:18]-[#1].[#7:6](-[#6:7])(-[#6@:10])-[#1]	Any;Any
EVODEX.2-Cm533_0	Any;Any	[#6:4]-[#6:5](-[#7:6](-[#6:7](=[#8:8])-[#6:9](-[#6:10])(-[#7:13])-[#1:29])-[#1])(-[#6:14])-[#1:27].[#8:17](-[#1])-[#1]>>[#6:7](=[#8:8])(-[#6@:9](-[#6:10])(-[#7:13])-[#1:29])-[#8:17]-[#1].[#6:4]-[#6@:5](-[#7:6](-[#1])-[#1])(-[#6:14])-[#1:27]	Any;Any
EVODEX.2-Cm534_0	Any	[#6:13](-[#6@:5])(-[#7:14](-[#1])-[#1])=[#8:15]>>[#6:13](-[#6@:5])(=[#8:15])-[#8]-[#1].[#7:14](-[#1])(-[#1])-[#1]	Any;Any
EVODEX.2-Cm535_0	Any;Any;Any	([#6:9](-[#6@@:7])(=[#8:10])-[#7:11](-[#6@@:12])-[#1].[#6:19](-[#6@@:17])(=[#8:20])-[#7:21](-[#6@@:22])-[#1]).[#8:32](-[#1])-[#1].[#8:33](-[#1])-[#1]>>[#6:9](-[#6@@:7])(=[#8:10])-[#8:32]-[#1].([#7:11](-[#6@@:12])(-[#1])-[#1].[#6:19](-[#6@@:17])(=[#8:20])-[#8:33]-[#1]).[#7:21](-[#6@@:22])(-[#1])-[#1]	Any;Any;Any
EVODEX.2-Cm536_0	Any	[#7:5]-[#6:9](-[#6:8])(-[#6:10](=[#8:11])-[#7:12](-[#6:13])-[#1])-[#1:28]>>[#7:12](-[#6:13])(-[#1])-[#1].[#7:5]-[#6@@:9](-[#6:8])(-[#6:10](=[#8:11])-[#8]-[#1])-[#1:28]	Any;Any
EVODEX.2-Cm537_0	Any	([#7:25](-[#6@:20])(-[#6:26](=[#8:27])-[#6:28])-[#1].[#6:42](-[#6@:5])(=[#8:43])-[#7:44](-[#6@@:45])-[#1])>>[#6:26](=[#8:27])(-[#6:28])-[#8]-[#1].([#7:25](-[#6@:20])(-[#1])-[#1].[#6:42](-[#6@:5])(=[#8:43])-[#8]-[#1]).[#7:44](-[#6@@:45])(-[#1])-[#1]	Any;Any;Any
EVODEX.2-Cm538_0	Any;Any	[#6:18]-[#6@:20](-[#6:21])(-[#7:22](-[#6:23](=[#8:24])-[#6@:25])-[#1])-[#1:63].[#8:40](-[#1])-[#1]>>[#6:23](=[#8:24])(-[#6@:25])-[#8:40]-[#1].[#6:18]-[#6:20](-[#6:21])(-[#7:22](-[#1])-[#1])-[#1:63]	Any;Any
EVODEX.2-Cm539_0	Any	[#7:9](-[#6@:8])(-[#6:10](=[#8:11])-[#8:12])-[#1]>>[#6:10](=[#8:11])(-[#8:12])-[#8]-[#1].[#7:9](-[#6@:8])(-[#1])-[#1]	Any;Any
EVODEX.2-Cm541_0	Any;Any	[#6:18](-[#6@:2])(-[#7:19](-[#1])-[#1])=[#8:20].[#8:21](-[#1])-[#1]>>[#6:18](-[#6@:2])(=[#8:20])-[#8:21]-[#1].[#7:19](-[#1])(-[#1])-[#1]	Any;Any
EVODEX.2-Cm542_0	Any	[#6:4]-[#6:6](-[#6:7])(-[#7:9](-[#6:10](=[#8:11])-[#6@:12])-[#1])-[#1:56]>>[#6:10](=[#8:11])(-[#6@:12])-[#8]-[#1].[#6:4]-[#6@:6](-[#6:7])(-[#7:9](-[#1])-[#1])-[#1:56]	Any;Any
EVODEX.2-Cm543_0	Any;Any;Any	[#7](-[#6@])(-[#6:19](=[#8:20])-[#6@:21]-[#7:26](-[#6:27](=[#8:28])-[#6@@:29])-[#1])-[#1].[#8:57](-[#1])-[#1].[#8:58](-[#1])-[#1]>>[#6:19](=[#8:20])(-[#6@:21]-[#7:26](-[#1])-[#1])-[#8:57]-[#1].[#6:27](=[#8:28])(-[#6@@:29])-[#8:58]-[#1]	Any;Any
EVODEX.2-Cm544_0	Any	[#7:6](-[#6@:5]-[#6:34](=[#8:35])-[#7](-[#6@@])-[#1])(-[#6:7](=[#8:8])-[#6@@:9])-[#1]>>[#6:7](=[#8:8])(-[#6@@:9])-[#8]-[#1].[#7:6](-[#6@:5]-[#6:34](=[#8:35])-[#8]-[#1])(-[#1])-[#1]	Any;Any
EVODEX.2-Cm545_0	Any	[#7:27]-[#6:28](-[#6:29])(-[#6:36](=[#8:37])-[#7:38](-[#6:39](-[#6:40])(-[#6:47])-[#1:132])-[#1])-[#1:120]>>[#7:27]-[#6@@:28](-[#6:29])(-[#6:36](=[#8:37])-[#8]-[#1])-[#1:120].[#7:38](-[#6@:39](-[#6:40])(-[#6:47])-[#1:132])(-[#1])-[#1]	Any;Any
EVODEX.2-Cm546_0	Any	[#6:16](-[#6@:5])(=[#8:17])-[#8]-[#1]>>[#6:16](-[#6@:5])(=[#8:17])-[#7](-[#1])-[#1]	Any
EVODEX.2-Cm547_0	Any;Any	[#7:11]-[#6:12](=[#7:13])-[#7](-[#1])-[#1].[#8:23](-[#1])-[#1]>>[#7:11]-[#6:12](=[#7:13])-[#8:23]-[#1]	Any
EVODEX.2-Cm548_0	Any;Any	[#6:7](-[#6@@:2])(=[#8:8])-[#7](-[#8])-[#1].[#8:11](-[#1])-[#1]>>[#6:7](-[#6@@:2])(=[#8:8])-[#8:11]-[#1]	Any
EVODEX.2-Cm549_0	Any;Any	[#6:4]-[#6:5](=[#8:6])-[#7:7](-[#8:8])-[#1].[#8:12](-[#1])-[#1]>>[#6:4]-[#6:5](=[#8:6])-[#8:12]-[#1].[#7:7](-[#8:8])(-[#1])-[#1]	Any;Any
EVODEX.2-Cm550_0	Any	[#6:4]-[#6:5](=[#8:6])-[#7](-[#8])-[#1]>>[#6:4]-[#6:5](=[#8:6])-[#8]-[#1]	Any
EVODEX.2-Cm551_0	Any;Any	[#6:4](-[#6@@:3])(=[#8:5])-[#8]-[#1].[#7:1](-[#1])(-[#1])-[#1]>>[#7:1](-[#6:4](-[#6@:3])=[#8:5])(-[#1])-[#1]	Any
EVODEX.2-Cm552_0	Any	[#6:5]-[#6:6](=[#8:7])-[#8:8]-[#1]>>[#7](-[#6:6](-[#6:5])=[#8:7])(-[#1])-[#1].[#8:8](-[#1])-[#1]	Any;Any
EVODEX.2-Cm553_0	Any	[#6:4]-[#6:5](=[#8:6])-[#7:7](-[#8:8])-[#1]>>[#6:4]-[#6:5](=[#8:6])-[#8]-[#1].[#7:7](-[#8:8])(-[#1])-[#1]	Any;Any
EVODEX.2-Cm554_0	Any;Any	[#7:1](-[#8:2])(-[#1])-[#1].[#6:6]-[#6:7](=[#8:8])-[#8]-[#1]>>[#7:1](-[#8:2])(-[#6:7](-[#6:6])=[#8:8])-[#1]	Any
EVODEX.2-Cm555_0	Any;Any	[#6:3]-[#6:10](=[#8:11])-[#8:12]-[#1].[#7:13](-[#8:14])(-[#1])-[#1]>>[#6:3]-[#6:10](=[#8:11])-[#7:13](-[#8:14])-[#1].[#8:12](-[#1])-[#1]	Any;Any
EVODEX.2-Cm556_0	Any;Any	[#7](-[#6:2](=[#8:3])-[#7:4](-[#6:5])-[#1])(-[#1])-[#1].[#8:13](-[#1])-[#1]>>[#6:2](=[#8:3])=[#8:13].[#7:4](-[#6:5])(-[#1])-[#1]	Any;Any
EVODEX.2-Cm557_0	Any	[#8:3]=[#6:4](-[#8]-[#1])-[#6:6]>>[#7](-[#8])(-[#6:4](=[#8:3])-[#6:6])-[#1]	Any
EVODEX.2-Cm558_0	Any;Any	[#6:5]-[#7:6](-[#6:7](-[#7:8](-[#1])-[#1])=[#8:9])-[#1].[#8:10](-[#1])-[#1]>>[#6:7](=[#8:9])=[#8:10].[#6:5]-[#7:6](-[#1])-[#1].[#7:8](-[#1])(-[#1])-[#1]	Any;Any;Any
EVODEX.2-Cm559_0	Any	[#6:2]-[#7:3](-[#6:4](=[#8:5])-[#1:13])-[#1]>>[#6:2]-[#7:3](-[#1])-[#1].[#6:4](=[#8:5])(-[#8]-[#1])-[#1:13]	Any;Any
EVODEX.2-Cm560_0	Any;Any	[#7:3](-[#6@:2])(-[#6:4](=[#8:5])-[#8:6]-[#6:7](-[#6:8])(-[#1:23])-[#1:24])-[#1].[#8:17](-[#1])-[#1]>>[#6:4](=[#8:5])=[#8:6].[#6:7](-[#6:8])(-[#8:17]-[#1])(-[#1:23])-[#1:24].[#7:3](-[#6@:2])(-[#1])-[#1]	Any;Any;Any
EVODEX.2-Cm561_0	Any	[#7](-[#6:2](=[#8:3])-[#7:4](-[#6:5])-[#1])(-[#1])-[#1]>>[#6:2](=[#8:3])=[#8].[#7:4](-[#6:5])(-[#1])-[#1]	Any;Any
EVODEX.2-Cm562_0	Any	[#7:1](-[#6:2](=[#8:3])-[#7:4](-[#6@@:5])-[#1])(-[#1])-[#1]>>[#6:2](=[#8:3])=[#8].[#7:4](-[#6@@:5])(-[#1])-[#1].[#7:1](-[#1])(-[#1])-[#1]	Any;Any;Any
EVODEX.2-Cm563_0	Any	[#7:1](-[#6](=[#8])-[#7:4](-[#6:5])-[#1])(-[#1])-[#1]>>[#7:4](-[#6:5])(-[#1])-[#1].[#7:1](-[#1])(-[#1])-[#1]	Any;Any
EVODEX.2-Cm564_0	Any;Any	[#7:6](-[#6@:5])(-[#6](=[#8])-[#8]-[#6:10](-[#6:11])(-[#1:32])-[#1:33])-[#1].[#8:20](-[#1])-[#1]>>[#6:10](-[#6:11])(-[#8:20]-[#1])(-[#1:32])-[#1:33].[#7:6](-[#6@:5])(-[#1])-[#1]	Any;Any
EVODEX.2-Cm565_0	Any	[#7:6](-[#6@:5])(-[#6:7](=[#8:8])-[#8:9]-[#6](-[#6])(-[#1])-[#1])-[#1]>>[#6:7](=[#8:8])=[#8:9].[#7:6](-[#6@:5])(-[#1])-[#1]	Any;Any
EVODEX.2-Cm566_0	Any	[#7:6](-[#6@:5])(-[#6:7](=[#8:8])-[#8:9]-[#6:10](-[#6:11])(-[#1:30])-[#1:31])-[#1]>>[#6:7](=[#8:8])=[#8:9].[#6:10](-[#6:11])(-[#8]-[#1])(-[#1:30])-[#1:31].[#7:6](-[#6@:5])(-[#1])-[#1]	Any;Any;Any
EVODEX.2-Cm567_0	Any	[#6:3]-[#7:4](-[#6](=[#8])-[#1])-[#1]>>[#6:3]-[#7:4](-[#1])-[#1]	Any
EVODEX.2-Cm568_0	Any;Any	[#7:6](-[#6@:5])(-[#6:7](=[#8:8])-[#1:35])-[#1].[#8:25](-[#1])-[#1]>>[#7:6](-[#6@:5])(-[#1])-[#1].[#6:7](=[#8:8])(-[#8:25]-[#1])-[#1:35]	Any;Any
EVODEX.2-Cm569_0	Any	[#6:4]-[#6:5](-[#7:6](-[#6](=[#8])-[#1])-[#1])(-[#6:9])-[#1:28]>>[#6:4]-[#6@@:5](-[#7:6](-[#1])-[#1])(-[#6:9])-[#1:28]	Any
EVODEX.2-Cm570_0	Any;Any	[#6:4]-[#6:5](-[#7:6](-[#6:7](=[#8:8])-[#1:33])-[#1])(-[#6:9])-[#1:31].[#8:21](-[#1])-[#1]>>[#6:4]-[#6@@:5](-[#7:6](-[#1])-[#1])(-[#6:9])-[#1:31].[#6:7](=[#8:8])(-[#8:21]-[#1])-[#1:33]	Any;Any
EVODEX.2-Cm571_0	Any	[#6:4]-[#6:5](-[#7:6](-[#6:7](=[#8:8])-[#1:38])-[#1])(-[#6:9])-[#1:36]>>[#6:4]-[#6@:5](-[#7:6](-[#1])-[#1])(-[#6:9])-[#1:36].[#6:7](=[#8:8])(-[#8]-[#1])-[#1:38]	Any;Any
EVODEX.2-Cm572_0	Any;Any	[#8:2]=[#6:3](-[#6:4])-[#7:8](-[#6:6])-[#1].[#8:1](-[#1])-[#1]>>([#8:1](-[#6:3](=[#8:2])-[#6:4])-[#1].[#6:6]-[#7:8](-[#1])-[#1])	Any
EVODEX.2-Cm573_0	Any	([#6:7]-[#7:8](-[#1])-[#1].[#6:10](-[#6@:5])(=[#8:11])-[#8:12]-[#1])>>[#6:7]-[#7:8](-[#6:10](-[#6@@:5])=[#8:11])-[#1].[#8:12](-[#1])-[#1]	Any;Any
EVODEX.2-Cm574_0	Any	([#6:7]-[#7:8](-[#1])-[#1].[#6:10](-[#6@:5])(=[#8:11])-[#8]-[#1])>>[#6:7]-[#7:8](-[#6:10](-[#6@@:5])=[#8:11])-[#1]	Any
EVODEX.2-Cm575_0	Any	[#6:7]-[#7:9](-[#6:10](-[#6@@:5])=[#8:11])-[#1]>>([#6:7]-[#7:9](-[#1])-[#1].[#6:10](-[#6@:5])(=[#8:11])-[#8]-[#1])	Any
EVODEX.2-Cm580_0	Any;Any	[#7](=[#6:2](-[#7:3])-[#1:15])-[#1].[#8:13](-[#1])-[#1]>>[#6:2](-[#7:3])(=[#8:13])-[#1:15]	Any
EVODEX.2-Cm581_0	Any	[#7:1](=[#6:2](-[#7:3])-[#1:15])-[#1]>>[#6:2](-[#7:3])(=[#8])-[#1:15].[#7:1](-[#1])(-[#1])-[#1]	Any;Any
EVODEX.2-Cm582_0	Any;Any	[#7:4]-[#6:5](=[#7:6]-[#1])-[#1:18].[#8:10](-[#1])-[#1]>>[#7:4]-[#6:5](=[#8:10])-[#1:18].[#7:6](-[#1])(-[#1])-[#1]	Any;Any
EVODEX.2-Cm583_0	Any	[#7](=[#6:2](-[#7:3])-[#1:12])-[#1]>>[#6:2](-[#7:3])(=[#8])-[#1:12]	Any
EVODEX.2-Cm584_0	Any;Any	[#7:1](=[#6:2](-[#7:3](-[#1])-[#1])-[#7:4])-[#1].[#8:21](-[#1])-[#1]>>[#7:1](-[#6:2](-[#7:4])=[#8:21])(-[#1])-[#1].[#7:3](-[#1])(-[#1])-[#1]	Any;Any
EVODEX.2-Cm585_0	Any	[#7:1](=[#6:2](-[#7](-[#1])-[#1])-[#7:4])-[#1]>>[#7:1](-[#6:2](-[#7:4])=[#8])(-[#1])-[#1]	Any
EVODEX.2-Cm586_0	Any	[#7:27]-[#6:28](=[#7:29]-[#1])-[#7:30](-[#1])-[#1]>>[#7:27]-[#6:28](-[#7:29](-[#1])-[#1])=[#8].[#7:30](-[#1])(-[#1])-[#1]	Any;Any
EVODEX.2-Cm587_0	Any;Any;Any	([#7:1]#[#6:2]-[#6:3].[#6:6]-[#6:7]#[#7:8]).[#8:11](-[#1])-[#1].[#8:12](-[#1])-[#1]>>([#6:2](-[#6:3])(-[#8]-[#1])=[#8:12].[#6:6]-[#6:7](=[#8])-[#8:11]-[#1]).[#7:1](-[#1])(-[#1])-[#1].[#7:8](-[#1])(-[#1])-[#1]	Any;Any;Any
EVODEX.2-Cm588_0	Any	([#7:1]#[#6:2]-[#6:3].[#6:6]-[#6:7]#[#7:8])>>([#6:2](-[#6:3])(-[#8]-[#1])=[#8].[#6:6]-[#6:7](=[#8])-[#8]-[#1]).[#7:1](-[#1])(-[#1])-[#1].[#7:8](-[#1])(-[#1])-[#1]	Any;Any;Any
EVODEX.2-Cm589_0	Any;Any;Any	([#7]#[#6:2]-[#6:3].[#6:6]-[#6:7]#[#7]).[#8:10](-[#1])-[#1].[#8:11](-[#1])-[#1]>>([#6:2](-[#6:3])(-[#8]-[#1])=[#8].[#6:6]-[#6:7](=[#8:10])-[#8:11]-[#1])	Any
EVODEX.2-Cm590_0	Any	[#6:4]-[#6:5]#[#7]>>[#6:4]-[#6:5](=[#8])-[#8]-[#1]	Any
EVODEX.2-Cm591_0	Any;Any	[#7:1]#[#6:2]-[#6:3].[#8:10](-[#1])-[#1]>>[#6:2](-[#6:3])(=[#8])-[#8:10]-[#1].[#7:1](-[#1])(-[#1])-[#1]	Any;Any
EVODEX.2-Cm592_0	Any;Any	[#6:2]-[#6:4]#[#7].[#8:12](-[#1])-[#1]>>[#6:2]-[#6:4](=[#8:12])-[#8]-[#1]	Any
EVODEX.2-Cm593_0	Any;Any	[#6:6](-[#6@:5])#[#7:7].[#8:14](-[#1])-[#1]>>[#6:6](-[#6@:5])(-[#7:7](-[#1])-[#1])=[#8:14]	Any
EVODEX.2-Cm594_0	Any	([#6:2]-[#6:3]#[#7].[#6:6]-[#6:7]#[#7])>>([#6:2]-[#6:3](-[#8]-[#1])=[#8].[#6:6]-[#6:7](=[#8])-[#8]-[#1])	Any
EVODEX.2-Cm595_0	Any	[#7:1]#[#6:2]-[#6:3]>>[#6:2](-[#6:3])(=[#8])-[#8]-[#1].[#7:1](-[#1])(-[#1])-[#1]	Any;Any
EVODEX.2-Cm596_0	Any;Any	[#15:19](-[#8:21]-[#1])-[#8:22]-[#15:23](=[#8:24])(-[#8:25])-[#8:26]-[#15:27].[#8:55](-[#1])-[#1]>>[#15:19](-[#8:21]-[#15:23](=[#8:24])(-[#8:25])-[#8:55]-[#1])-[#8:22]-[#1].[#8:26](-[#15:27])-[#1]	Any;Any
EVODEX.2-Cm597_0	Any	[#15:10](-[#8:12]-[#1])-[#8:13]-[#15:14](=[#8:15])(-[#8:16])-[#8:17]-[#15:18]>>[#15:10](-[#8:12]-[#15:14](=[#8:15])(-[#8:16])-[#8]-[#1])-[#8:13]-[#1].[#8:17](-[#15:18])-[#1]	Any;Any
EVODEX.2-Cm601_0	Any;Any	[#6:1]-[#6:2](=[#8:3])-[#6](-[#6])(-[#1])-[#1].[#8:10](-[#1])-[#1]>>[#6:1]-[#6:2](=[#8:3])-[#8:10]-[#1]	Any
EVODEX.2-Cm602_0	Any	[#6:3]-[#6:4](=[#8:5])-[#6](-[#6])(-[#1])-[#1]>>[#6:3]-[#6:4](=[#8:5])-[#8]-[#1]	Any
EVODEX.2-Cm605_0	Any;Any	[#6:5]-[#6:6](-[#17])(-[#1:11])-[#1:12].[#8:1](-[#1])-[#1]>>[#8:1](-[#6:6](-[#6:5])(-[#1:11])-[#1:12])-[#1]	Any
EVODEX.2-Cm606_0	Any	[#6:4]-[#6:5](-[#17])(-[#1:17])-[#1:18]>>[#6:4]-[#6:5](-[#8]-[#1])(-[#1:17])-[#1:18]	Any
EVODEX.2-Cm607_0	Any;Any	[#6:2]-[#6:5](-[#17:6])(-[#1:17])-[#1:18].[#8:7](-[#1])-[#1]>>[#6:2]-[#6:5](-[#8:7]-[#1])(-[#1:17])-[#1:18].[#17:6]-[#1]	Any;Any
EVODEX.2-Cm608_0	Any	[#17:1]-[#6:2](-[#6:3])(-[#1:9])-[#1:10]>>[#6:2](-[#6:3])(-[#8]-[#1])(-[#1:9])-[#1:10].[#17:1]-[#1]	Any;Any
EVODEX.2-Cm609_0	Any	[#6:4]-[#6:5](=[#8:6])-[#1]>>[#6:4]-[#6:5](=[#8:6])-[#6](-[#8])=[#8]	Any
EVODEX.2-Cm610_0	Any;Any	[#6:2]-[#6:4](=[#8:5])-[#1].[#8:6]=[#6:7]=[#8:8]>>[#6:2]-[#6:4](=[#8:5])-[#6:7](-[#8:6]-[#1])=[#8:8]	Any
EVODEX.2-Cm611_0	Any	[#6:4]-[#6@@:5](-[#7:6])(-[#6:7](=[#8:8])-[#8:9]-[#1])-[#1:18]>>[#6:7](=[#8:8])=[#8:9].[#6:4]-[#6:5](-[#7:6])(-[#1:18])-[#1]	Any;Any
EVODEX.2-Cm619_0	Any	[#6:2]-[#6:5](-[#8:6]-[#1])(-[#6:7]#[#7:8])-[#1:18]>>[#6:2]-[#6:5](=[#8:6])-[#1:18].[#6:7](#[#7:8])-[#1]	Any;Any
EVODEX.2-Cm620_0	Any	[#6:7]-[#6:8](-[#6:9])=[#8:10]>>[#6](#[#7])-[#6@:8](-[#6:7])(-[#6:9])-[#8:10]-[#1]	Any
EVODEX.2-Cm621_0	Any;Any	[#6:1](#[#7:2])-[#1].[#8:3]=[#6:4](-[#6:5])-[#6:9]>>[#6:1](#[#7:2])-[#6:4](-[#8:3]-[#1])(-[#6:5])-[#6:9]	Any
EVODEX.2-Cm622_0	Any	[#6:11]-[#6:12](=[#8:13])-[#1:33]>>[#6](#[#7])-[#6:12](-[#6:11])(-[#8:13]-[#1])-[#1:33]	Any
EVODEX.2-Cm623_0	Any	[#6:5]-[#6@@:6](-[#8:7]-[#1])(-[#6]#[#7])-[#6:10]>>[#6:5]-[#6:6](=[#8:7])-[#6:10]	Any
EVODEX.2-Cm624_0	Any	[#7:1]#[#6:2]-[#6@@:3](-[#8:4]-[#1])(-[#6:5])-[#6:13]>>[#6:3](=[#8:4])(-[#6:5])-[#6:13].[#7:1]#[#6:2]-[#1]	Any;Any
EVODEX.2-Cm625_0	Any	[#6:7](-[#6@:6])(-[#8:8]-[#1])(-[#6]#[#7])-[#1:21]>>[#6:7](-[#6@:6])(=[#8:8])-[#1:21]	Any
EVODEX.2-Cm626_0	Any;Any	[#6:1](#[#7:2])-[#1].[#8:3]=[#6:4](-[#6:5])-[#1:11]>>[#6:1](#[#7:2])-[#6@:4](-[#8:3]-[#1])(-[#6:5])-[#1:11]	Any
EVODEX.2-Cm630_0	Any	[#6:1]-[#6@@:2](-[#8:3]-[#1])(-[#6@:4](-[#7:5])(-[#6:6])-[#1:14])-[#1:12]>>[#6:4](-[#7:5])(-[#6:6])(-[#1:14])-[#1].[#6:1]-[#6:2](=[#8:3])-[#1:12]	Any;Any
EVODEX.2-Cm631_0	Any;Any	[#6:1]-[#6:2](=[#8:3])-[#1:12].[#7:4]-[#6:5](-[#6:6])(-[#1:15])-[#1]>>[#6:1]-[#6@@:2](-[#8:3]-[#1])(-[#6@:5](-[#7:4])(-[#6:6])-[#1:15])-[#1:12]	Any
EVODEX.2-Cm632_0	Any	[#6:2]-[#6@@:3](-[#8:4]-[#1])(-[#6](-[#7])(-[#6])-[#1])-[#1:15]>>[#6:2]-[#6:3](=[#8:4])-[#1:15]	Any
EVODEX.2-Cm640_0	Any	[#6:5]-[#6:6](-[#7:7](-[#1])-[#1])=[#8:8]>>[#6:5]-[#6:6]#[#7:7].[#8:8](-[#1])-[#1]	Any;Any
EVODEX.2-Cm641_0	Any	[#6:6](-[#6@@:4])(-[#7:7](-[#1])-[#1])=[#8]>>[#6:6](-[#6@@:4])#[#7:7]	Any
EVODEX.2-Cm643_0	Any	[#8:63](-[#6@@:62])-[#6@:64](-[#6@:65])(-[#6@:84](-[#8:83])(-[#6:85])-[#1])-[#1:142]>>[#6:64](=[#6:84](-[#6:85])-[#8:83])(-[#6@:65])-[#1:142].[#8:63](-[#6@@:62])-[#1]	Any;Any
EVODEX.2-Cm644_0	Any	([#7:4](-[#6@:3])(-[#6:5](=[#8:6])-[#6@:7])-[#1].[#7:11](-[#6@:10])(-[#1])-[#1])>>[#6:5](=[#8:6])(-[#6@:7])-[#7:11](-[#6@@:10])-[#1].[#7:4](-[#6@:3])(-[#1])-[#1]	Any;Any
EVODEX.2-Cm645_0	Any	[#6:3]-[#16@:4](=[#8:5])-[#6:6](-[#6@:7](-[#7:8])(-[#6:9])-[#1])(-[#1:17])-[#1:18]>>[#6:3]-[#16:4]-[#8:5]-[#1].[#6:6](=[#6:7](-[#7:8])-[#6:9])(-[#1:17])-[#1:18]	Any;Any
EVODEX.2-Cm646_0	Any	[#6](-[#6@@])(-[#16:4](=[#8:5])-[#6:6])(-[#1])-[#1]>>[#16:4](-[#8:5]-[#1])-[#6:6]	Any
EVODEX.2-Cm649_0	Any	([#8:1](-[#6:2])-[#1].[#8:8](-[#6@@:5])-[#6@@:9](-[#8:10])(-[#6@:18])-[#1:31])>>([#8:1](-[#6:2])-[#6@@:9](-[#8:10])(-[#6@:18])-[#1:31].[#8:8](-[#6@@:5])-[#1])	Any
EVODEX.2-Cm672_0	Any	[#8:75]-[#15:76](=[#8:77])(-[#8:78]-[#1])-[#8:79]>>[#6]-[#6](=[#8])-[#8:78]-[#1].[#15]-[#8]-[#15:76](-[#8:75])(=[#8:77])-[#8:79]	Any;Any
EVODEX.2-Cm697_0	Any;Any	[#6:29](-[#6@@:23])(=[#8:30])-[#7:31](-[#6@@:32])-[#1].[#8]-[#15](=[#8])(-[#8:64]-[#1])-[#8]>>[#6:29](-[#6@@:23])(=[#8:30])-[#8:64]-[#1].[#7:31](-[#6@@:32])(-[#1])-[#1]	Any;Any
EVODEX.2-Cm699_0	Any;Any	[#8]-[#15](=[#8])(-[#8:65]-[#1])-[#8].[#6:24]-[#6:25](=[#8:26])-[#7](-[#6@@])-[#1]>>[#6:24]-[#6:25](=[#8:26])-[#8:65]-[#1]	Any
EVODEX.2-Cm702_0	Any;Any	[#6:22]-[#6:23](=[#8:24])-[#7](-[#6@@])-[#1].[#15:70]-[#8:71]-[#1]>>[#8]-[#15](=[#8])(-[#8])-[#8:71]-[#15:70].[#6:22]-[#6:23](=[#8:24])-[#8]-[#1]	Any;Any
EVODEX.2-Cm8_0	Any;Any;Any	[#6:4]-[#6:5](=[#8:6])-[#6:7](-[#6:8])=[#8:9].[#6:11]-[#6:13]1=[#6:14](-[#7:15](-[#6@@:16])-[#6:51](=[#6:52](-[#6:53]-1(-[#1:137])-[#1])-[#1:136])-[#1:135])-[#1:112].[#6:55]-[#6:57]1=[#6:58](-[#7:59](-[#6@@:60])-[#6:95](=[#6:96](-[#6:97]-1(-[#1:166])-[#1])-[#1:165])-[#1:164])-[#1:141]>>[#6:4]-[#6:5](-[#8:6]-[#1])(-[#6:7](-[#6:8])(-[#8:9]-[#1])-[#1])-[#1].[#6:11]-[#6:13]1:[#6:14](:[#7&+:15](-[#6@@:16]):[#6:51](:[#6:52](:[#6:53]:1-[#1:137])-[#1:136])-[#1:135])-[#1:112].[#6:55]-[#6:57]1:[#6:58](:[#7&+:59](-[#6@@:60]):[#6:95](:[#6:96](:[#6:97]:1-[#1:166])-[#1:165])-[#1:164])-[#1:141]	Any;Any;Any
EVODEX.2-Cm157_0	Any;Any;Any	[#6:15]-[#7&+:16]1:[#6:17](:[#6:18](:[#6:19](-[#6:20]2:[#6:21](:[#6:22](:[#7&+:23](-[#6:24]):[#6:25](:[#6:26]:2-[#1:42])-[#1:41])-[#1:37])-[#1:36]):[#6:27](:[#6:28]:1-[#1:44])-[#1:43])-[#1:35])-[#1:34].[#6:5]-[#6:6](=[#8:7])-[#1].[#6:12]-[#6:13](=[#8:14])-[#1]>>[#6:15]-[#7:16]1-[#6:17](=[#6:18](-[#6:19](-[#6:20]2(-[#6:21](=[#6:22](-[#7:23](-[#6:24])-[#6:25](=[#6:26]-2-[#1:42])-[#1:41])-[#1:37])-[#1:36])-[#1])(-[#6:27](=[#6:28]-1-[#1:44])-[#1:43])-[#1])-[#1:35])-[#1:34].[#6:5]-[#6:6](=[#8:7])-[#8]-[#1].[#6:12]-[#6:13](=[#8:14])-[#8]-[#1]	Any;Any;Any
EVODEX.2-Cm237_0	Any;Any	[#6:1]-[#6:2](-[#6:3])=[#6:4](-[#6:5])-[#1].[#6:32](-[#16&+](-[#6])-[#6])(-[#1:109])(-[#1:110])-[#1]>>[#6:1]-[#6:2](-[#6:3])(-[#6:4](-[#6:5])=[#6:32](-[#1:109])-[#1:110])-[#1]	Any
EVODEX.2-Cm238_0	Any	[#6:2]/[#6:3](-[#6:4])=[#6:5](/[#6:6])-[#1]>>[#6:2]-[#6:3](-[#6:4])(-[#6:5](-[#6:6])=[#6](-[#1])-[#1])-[#1]	Any
EVODEX.2-Cm260_0	Any	[#8:9]=[#6:10](-[#6:11])-[#1:22]>>[#7]-[#6@](-[#6])(-[#6@:10](-[#8:9]-[#1])(-[#6:11])-[#1:22])-[#1]	Any
EVODEX.2-Cm341_0	Any;Any	[#8:17]-[#6@:18](-[#8:19]-[#15:20])(-[#6@:44])-[#1:73].[#8:60](-[#1])-[#1]>>[#8:17]-[#6@@:18](-[#8:60]-[#1])(-[#6@:44])-[#1:73].[#8:19](-[#15:20])-[#1]	Any;Any
EVODEX.2-Cm387_0	Any;Any	[#6:2]-[#16:4]-[#6:5].[#6:25](-[#6@:24])(-[#8:26]-[#15:27](=[#8:28])(-[#8:29])-[#8:30]-[#15:31])(-[#1:65])-[#1:66]>>[#6:2]-[#16&+:4](-[#6:5])-[#6:25](-[#6@:24])(-[#1:65])-[#1:66].[#8:26](-[#15:27](=[#8:28])(-[#8:29])-[#8]-[#1])-[#1].[#8:30](-[#15:31])-[#1]	Any;Any;Any
EVODEX.2-Cm422_0	Any;Any	[#8:4]-[#6:5](-[#8:6]-[#1])(-[#6@:7])-[#1:53].[#15]-[#8]-[#15:39](=[#8:40])(-[#8:41])-[#8:42]>>[#8:4]-[#6@:5](-[#8:6]-[#15:39](=[#8:40])(-[#8:41])-[#8:42])(-[#6@:7])-[#1:53]	Any
EVODEX.2-Cm427_0	Any;Any	[#6:24]-[#8:25]-[#1].[#8:28]=[#15:29](-[#8:30])(-[#8:31])-[#8:32]-[#6@@:33](-[#8:34])(-[#6@:42])-[#1:66]>>[#6:24]-[#8:25]-[#15:29](=[#8:28])(-[#8:30])-[#8:31].[#8:32](-[#6:33](-[#8:34])(-[#6@:42])-[#1:66])-[#1]	Any;Any
EVODEX.2-Cm464_0	Any;Any	[#6:1](-[#8:2]-[#6:3])(-[#1:17])(-[#1:18])-[#1:19].[#8:16](-[#1])-[#1]>>[#6:1](-[#8:16]-[#1])(-[#1:17])(-[#1:18])-[#1:19].[#8:2](-[#6:3])-[#1]	Any;Any
EVODEX.2-Cm508_0	Any;Any	[#8:5](-[#6@:4](-[#6@@:3])(-[#8:17])-[#1:45])-[#6@@:6](-[#8:7])(-[#6@@:15])-[#1:46].[#8:40](-[#1])-[#1]>>[#8:40](-[#6@@:6](-[#8:7])(-[#6@@:15])-[#1:46])-[#1].[#6:4](-[#6@@:3])(-[#8:5]-[#1])(-[#8:17])-[#1:45]	Any;Any
EVODEX.2-Cm577_0	Any;Any;Any	[#8:19]-[#15:20](=[#8:21])(-[#8:22])-[#8:23]-[#15:24].[#6:37](-[#6@:36])(=[#8:38])-[#8:39]-[#1].[#8:32](-[#1])-[#1]>>[#8:19]-[#15:20](=[#8:21])(-[#8:22])-[#8:39]-[#1].[#8:23](-[#15:24])-[#1].[#8:32](-[#6:37](-[#6@:36])=[#8:38])-[#1]	Any;Any;Any
EVODEX.2-Cm598_0	Any;Any	[#8:18]-[#15:19](=[#8:20])(-[#8:21])-[#8:22]-[#15:23].[#8:55](-[#1])-[#1]>>[#8:18]-[#15:19](=[#8:20])(-[#8:21])-[#8:55]-[#1].[#8:22](-[#15:23])-[#1]	Any;Any
EVODEX.2-Cm636_0	Any	[#6:1]-[#6:2](-[#6:3])=[#6:4](-[#6:5])-[#1:49]>>[#6:1]-[#6:2](-[#6:3])(-[#6:4](-[#6:5])(-[#1:49])-[#1])-[#8]-[#1]	Any
EVODEX.2-Cm637_0	Any;Any	[#6:1]-[#6:2](-[#6:3])=[#6:4](-[#6:5])-[#1:60].[#8:53](-[#1])-[#1]>>[#6:1]-[#6:2](-[#6:3])(-[#6:4](-[#6:5])(-[#1:60])-[#1])-[#8:53]-[#1]	Any
EVODEX.2-Cm650_0	Any;Any;Any	[#6:7](-[#6@:5])(=[#8:8])-[#8:9]-[#1].[#7:10](-[#8:11])(-[#1])-[#1].[#8:26]-[#15:27](=[#8:28])(-[#8:29])-[#8:30]-[#15:31]>>[#6:7](-[#6@:5])(=[#8:8])-[#7:10](-[#8:11])-[#1].[#8:30](-[#15:31])-[#1].[#8:9](-[#15:27](-[#8:26])(=[#8:28])-[#8:29])-[#1]	Any;Any;Any
EVODEX.2-Cm652_0	Any;Any;Any	[#6:4](-[#6@@:2])(=[#8:5])-[#8]-[#1].[#6:10]-[#8:12]-[#1].[#8]-[#15](=[#8])(-[#8])-[#8:35]-[#15:36]>>[#6:4](-[#6@@:2])(=[#8:5])-[#8:12]-[#6:10].[#8:35](-[#15:36])-[#1]	Any;Any
EVODEX.2-Cm673_0	Any	[#8:80]=[#6:81](-[#8]-[#1])-[#6:83]>>[#6]-[#16]-[#6:81](=[#8:80])-[#6:83]	Any
EVODEX.2-Cm695_0	Any;Any;Any	[#7:24](-[#6@@:25])(-[#1])-[#1].[#8:52]-[#15:53](=[#8:54])(-[#8:55])-[#8:56]-[#15:57].[#6:16]-[#6:17](=[#8:18])-[#8:19]-[#1]>>[#6:16]-[#6:17](=[#8:18])-[#7:24](-[#6@@:25])-[#1].[#8:19](-[#15:53](-[#8:52])(=[#8:54])-[#8:55])-[#1].[#8:56](-[#15:57])-[#1]	Any;Any;Any
EVODEX.2-Cm696_0	Any;Any	[#6:29](-[#6@@:23])(=[#8:30])-[#7:31](-[#6@@:32])-[#1].[#15:71]-[#8:72]-[#1]>>[#6:29](-[#6@@:23])(=[#8:30])-[#8]-[#1].[#7:31](-[#6@@:32])(-[#1])-[#1].[#8]-[#15](=[#8])(-[#8])-[#8:72]-[#15:71]	Any;Any;Any
EVODEX.2-Cm698_0	Any;Any	[#8:62]-[#15:63](=[#8:64])(-[#8:65]-[#1])-[#8:66].[#6:24]-[#6:25](=[#8:26])-[#7:27](-[#6@@:28])-[#1]>>[#7:27](-[#6@@:28])(-[#1])-[#1].[#8:62]-[#15:63](=[#8:64])(-[#8:66])-[#8]-[#15].[#6:24]-[#6:25](=[#8:26])-[#8:65]-[#1]	Any;Any;Any
EVODEX.2-Cm701_0	Any;Any	[#8:78]-[#15:79](=[#8:80])(-[#8:81]-[#1])-[#8:82].[#6:40]-[#6:41](=[#8:42])-[#7](-[#6@@])-[#1]>>[#8:78]-[#15:79](=[#8:80])(-[#8:82])-[#8]-[#15].[#6:40]-[#6:41](=[#8:42])-[#8:81]-[#1]	Any;Any
EVODEX.2-Cm704_0	Any;Any;Any	[#6:5]-[#8:7]-[#1].[#6:16](-[#6@:9])(=[#8:17])-[#8:18]-[#1].[#8:37]-[#15:38](=[#8:39])(-[#8:40])-[#8:41]-[#15:42]>>[#6:5]-[#8:7]-[#6:16](-[#6@@:9])=[#8:17].[#8:18](-[#15:38](-[#8:37])(=[#8:39])-[#8:40])-[#1].[#8:41](-[#15:42])-[#1]	Any;Any;Any
EVODEX.2-Cm714_0	Any;Any;Any	[#6:1]-[#6:2](-[#7:3](-[#1])-[#1])(-[#6:4](-[#7:5](-[#1])-[#1])(-[#6:6])-[#1:54])-[#1:51].[#8:32]-[#15:33](=[#8:34])(-[#8:35])-[#8]-[#15].[#8:45]=[#6:46]=[#8:47]>>[#6:1]-[#6@@:2]1(-[#7:3](-[#6:46](=[#8:47])-[#7:5](-[#6@@:4]-1(-[#6:6])-[#1:54])-[#1])-[#1])-[#1:51].[#8:32]-[#15:33](=[#8:34])(-[#8:35])-[#8:45]-[#1]	Any;Any
EVODEX.2-Cm161_0	Any;Any	[#6:8]-[#6:9](-[#8:10])(-[#6:11](-[#8:12])(-[#1:76])-[#1])-[#1].[#6:14]-[#6:16]1:[#6:17](:[#6:18](:[#6:19](:[#7&+:20](-[#6@@:21]):[#6:56]:1-[#1:106])-[#1:83])-[#1:82])-[#1:81]>>[#6:8]/[#6:9](-[#8:10])=[#6:11](/[#8:12])-[#1:76].[#6:14]-[#6:16]1=[#6:56](-[#7:20](-[#6@@:21])-[#6:19](=[#6:18](-[#6:17]-1(-[#1:81])-[#1])-[#1:82])-[#1:83])-[#1:106]	Any;Any
EVODEX.2-Cm212_0	Any;Any	[#6:34]-[#6:36]1=[#6:37](-[#7:38](-[#6@@:39])-[#6:78](=[#6:79](-[#6:80]-1(-[#1:109])-[#1])-[#1:108])-[#1:107])-[#1:83].[#6:5]-[#7:9]=[#6:10](-[#6:11])-[#6:31]>>[#6:34]-[#6:36]1:[#6:37](:[#7&+:38](-[#6@@:39]):[#6:78](:[#6:79](:[#6:80]:1-[#1:109])-[#1:108])-[#1:107])-[#1:83].[#6:5]-[#7:9](-[#6@@:10](-[#6:11])(-[#6:31])-[#1])-[#1]	Any;Any
EVODEX.2-Cm401_0	Any;Any	[#7:1](-[#6](-[#6])(-[#1])-[#1])(-[#1])-[#1].[#6:15]-[#6:16](=[#8])-[#6:18]>>[#7:1](-[#6:16](-[#6:15])(-[#6:18])-[#1])(-[#1])-[#1]	Any
EVODEX.2-Cm424_0	Any;Any	[#6:1](-[#6:2](-[#6:3])(-[#8:4]-[#1])-[#6:5](-[#6:6](=[#8:7])-[#8:8]-[#1])(-[#1:47])-[#1:48])(-[#1:40])(-[#1:41])-[#1].[#8:27]-[#15:28](=[#8:29])(-[#8:30])-[#8:31]-[#15:32]>>[#6:6](=[#8:7])=[#8:8].[#6:1](=[#6:2](-[#6:3])-[#6:5](-[#1:47])(-[#1:48])-[#1])(-[#1:40])-[#1:41].[#8:31](-[#15:32])-[#1].[#8:4](-[#15:28](-[#8:27])(=[#8:29])-[#8:30])-[#1]	Any;Any;Any;Any
EVODEX.2-Cm510_0	Any;Any	[#8:124](-[#6@@:123](-[#6@:114])(-[#6@:121])-[#1:260])-[#6@@:125](-[#8:126])(-[#6@:134])-[#1:261].[#8:148](-[#1])-[#1]>>[#8:148](-[#6@@:123](-[#6@:114])(-[#6@:121])-[#1:260])-[#1].[#8:124](-[#6:125](-[#8:126])(-[#6@:134])-[#1:261])-[#1]	Any;Any
EVODEX.2-Cm576_0	Any;Any	[#8:19]-[#15:20](=[#8:21])(-[#8:22])-[#8]-[#15].[#6:37](-[#6@:36])(=[#8:38])-[#8:39]-[#1]>>[#8:19]-[#15:20](=[#8:21])(-[#8:22])-[#8:39]-[#1].[#8](-[#6:37](-[#6@:36])=[#8:38])-[#1]	Any;Any
EVODEX.2-Cm612_0	Any;Any	[#6]-[#6@@](-[#8:3]-[#1])(-[#6])-[#6].[#8:37]-[#15:38](=[#8:39])(-[#8:40])-[#8]-[#15]>>[#8:3](-[#15:38](-[#8:37])(=[#8:39])-[#8:40])-[#1]	Any
EVODEX.2-Cm613_0	Any;Any	[#6:1](-[#6@@:2](-[#8:3]-[#1])(-[#6:4])-[#6:15](-[#6](=[#8])-[#8])(-[#1:61])-[#1:62])(-[#1:50])(-[#1:51])-[#1].[#8:37]-[#15:38](=[#8:39])(-[#8:40])-[#8]-[#15]>>[#6:1](=[#6:2](-[#6:4])-[#6:15](-[#1:61])(-[#1:62])-[#1])(-[#1:50])-[#1:51].[#8:3](-[#15:38](-[#8:37])(=[#8:39])-[#8:40])-[#1]	Any;Any
EVODEX.2-Cm617_0	Any;Any	[#6]-[#6@@](-[#8:3]-[#1])(-[#6])-[#6](-[#6:16](=[#8:17])-[#8:18]-[#1])(-[#1])-[#1].[#8:35]-[#15:36](=[#8:37])(-[#8:38])-[#8:39]-[#15:40]>>[#6:16](=[#8:17])=[#8:18].[#8:39](-[#15:40])-[#1].[#8:3](-[#15:36](-[#8:35])(=[#8:37])-[#8:38])-[#1]	Any;Any;Any
EVODEX.2-Cm635_0	Any	[#6:2]-[#6:3](-[#6:4](-[#1:20])(-[#1:21])-[#1])(-[#8]-[#1])-[#6:6]>>[#6:2]-[#6:3](=[#6:4](-[#1:20])-[#1:21])-[#6:6]	Any
EVODEX.2-Cm638_0	Any	[#6:40]-[#6:41](-[#6:42](-[#6:43])(-[#6:44])-[#8:45]-[#1])(-[#1:105])-[#1]>>[#6:40]-[#6:41](=[#6:42](-[#6:43])-[#6:44])-[#1:105].[#8:45](-[#1])-[#1]	Any;Any
EVODEX.2-Cm665_0	Any;Any;Any	[#6:1]-[#6:2](=[#8:3])-[#16]-[#6].[#8:66]-[#15:67](=[#8:68])(-[#8:69]-[#1])-[#8:70].[#15:76]-[#8:77]-[#1]>>[#6:1]-[#6:2](=[#8:3])-[#8:69]-[#1].[#8:66]-[#15:67](=[#8:68])(-[#8:70])-[#8:77]-[#15:76]	Any;Any
EVODEX.2-Cm666_0	Any;Any	[#8:63]-[#15:64](=[#8:65])(-[#8:66])-[#8:67]-[#15:68].[#8]=[#6](-[#8:82]-[#1])-[#1]>>[#8:63]-[#15:64](=[#8:65])(-[#8:66])-[#8:82]-[#1].[#8:67](-[#15:68])-[#1]	Any;Any
EVODEX.2-Cm674_0	Any;Any	[#8:17]-[#15:18](=[#8:19])(-[#8:20])-[#8:21]-[#15:22].[#8:34]=[#6:35](-[#8:36]-[#1])-[#6:37]>>[#8:17]-[#15:18](=[#8:19])(-[#8:20])-[#8:36]-[#1].[#7](-[#8])(-[#6:35](=[#8:34])-[#6:37])-[#1].[#8:21](-[#15:22])-[#1]	Any;Any;Any
EVODEX.2-Cm676_0	Any;Any;Any	[#8:29]-[#15:30](=[#8:31])(-[#8:32]-[#1])-[#8:33].[#7](-[#6:2](=[#8:3])-[#6:4])(-[#1])-[#1].[#15:39]-[#8:40]-[#1]>>[#6:2](=[#8:3])(-[#6:4])-[#8:32]-[#1].[#8:29]-[#15:30](=[#8:31])(-[#8:33])-[#8:40]-[#15:39]	Any;Any
EVODEX.2-Cm680_0	Any;Any;Any	[#8:28]-[#15:29](=[#8:30])(-[#8:31])-[#8]-[#15].[#6:5]-[#6:6](=[#8:7])-[#8:8]-[#1].[#7:1](-[#1])(-[#1])-[#1]>>[#7:1](-[#6:6](-[#6:5])=[#8:7])(-[#1])-[#1].[#8:8](-[#15:29](-[#8:28])(=[#8:30])-[#8:31])-[#1]	Any;Any
EVODEX.2-Cm681_0	Any;Any	[#8:28]-[#15:29](=[#8:30])(-[#8:31])-[#8:32]-[#15:33].[#6:5]-[#6:6](=[#8:7])-[#8:8]-[#1]>>[#7](-[#6:6](-[#6:5])=[#8:7])(-[#1])-[#1].[#8:32](-[#15:33])-[#1].[#8:8](-[#15:29](-[#8:28])(=[#8:30])-[#8:31])-[#1]	Any;Any;Any
EVODEX.2-Cm682_0	Any;Any;Any	[#8:27]-[#15:28](=[#8:29])(-[#8:30]-[#1])-[#8:31].[#7:1](-[#6:2](=[#8:3])-[#6:4])(-[#1])-[#1].[#15:40]-[#8:41]-[#1]>>[#6:2](=[#8:3])(-[#6:4])-[#8:30]-[#1].[#8:27]-[#15:28](=[#8:29])(-[#8:31])-[#8:41]-[#15:40].[#7:1](-[#1])(-[#1])-[#1]	Any;Any;Any
EVODEX.2-Cm705_0	Any;Any	[#6:16](-[#6@:9])(=[#8:17])-[#8:18]-[#1].[#8:37]-[#15:38](=[#8:39])(-[#8:40])-[#8:41]-[#15:42]>>[#6]-[#8]-[#6:16](-[#6@@:9])=[#8:17].[#8:18](-[#15:38](-[#8:37])(=[#8:39])-[#8:40])-[#1].[#8:41](-[#15:42])-[#1]	Any;Any;Any
EVODEX.2-Cm709_0	Any;Any;Any	[#7:21](-[#6@@:22](-[#6:23])(-[#6:27])-[#1:63])(-[#1])-[#1].[#8:48]-[#15:49](=[#8:50])(-[#8:51])-[#8:52]-[#15:53].[#6:13]-[#6:15](=[#8:16])-[#8:17]-[#1]>>[#6:13]-[#6:15](=[#8:16])-[#7:21](-[#6:22](-[#6:23])(-[#6:27])-[#1:63])-[#1].[#8:17](-[#15:49](-[#8:48])(=[#8:50])-[#8:51])-[#1].[#8:52](-[#15:53])-[#1]	Any;Any;Any
EVODEX.2-Cm710_0	Any;Any;Any	[#6:2]-[#6:3](=[#8:4])-[#8:5]-[#1].[#8:24]-[#15:25](=[#8:26])(-[#8:27])-[#8:28]-[#15:29].[#6:43]-[#7:44](-[#6@@:40])-[#1]>>[#6:2]-[#6:3](=[#8:4])-[#7:44](-[#6@:40])-[#6:43].[#8:28](-[#15:29])-[#1].[#8:5](-[#15:25](-[#8:24])(=[#8:26])-[#8:27])-[#1]	Any;Any;Any
EVODEX.2-Cm713_0	Any;Any	[#8:30]-[#15:31](=[#8:32])(-[#8:33])-[#8]-[#15].[#6:9](-[#6@@:2])(=[#8:10])-[#8:11]-[#1]>>[#6:9](-[#6@@:2])(=[#8:10])-[#7](-[#6@])-[#6].[#8:11](-[#15:31](-[#8:30])(=[#8:32])-[#8:33])-[#1]	Any;Any
EVODEX.2-Cm715_0	Any;Any	[#8:32]-[#15:33](=[#8:34])(-[#8:35])-[#8:36]-[#15:37].[#8:45]=[#6:46]=[#8:47]>>[#7]1(-[#6@@]-[#6@@]-[#7](-[#6:46]-1=[#8:47])-[#1])-[#1].[#8:32]-[#15:33](=[#8:34])(-[#8:35])-[#8:45]-[#1].[#8:36](-[#15:37])-[#1]	Any;Any;Any
EVODEX.2-Cm29_0	Any;Any;Any	[#6:2]-[#6:3](-[#8:4]-[#1])(-[#6:5](-[#8:6]-[#1])(-[#1:18])-[#1])-[#1].[#8:7]=[#8:8].[#8:9]=[#8:10]>>[#6:2]-[#6:3](=[#8:4])-[#6:5](=[#8:6])-[#1:18].[#8:7](-[#8:8]-[#1])-[#1].[#8:9](-[#8:10]-[#1])-[#1]	Any;Any;Any
EVODEX.2-Cm213_0	Any;Any	[#6:1]-[#6:2]1:[#6:3](:[#7:4]:[#6:5](:[#7:6]):[#6:12](:[#6:10]):[#7:13]:1)-[#1:65].[#6:15]-[#6:17]1=[#6:18](-[#7:19](-[#6@@:20])-[#6:59](=[#6:60](-[#6:61]-1(-[#1:97])-[#1])-[#1:96])-[#1:95])-[#1:71]>>[#6:1]-[#6:2]1=[#7:13]-[#6:12](:[#6:5](:[#7:6])-[#7:4](-[#6:3]-1(-[#1:65])-[#1])-[#1]):[#6:10].[#6:15]-[#6:17]1:[#6:18](:[#7&+:19](-[#6@@:20]):[#6:59](:[#6:60](:[#6:61]:1-[#1:97])-[#1:96])-[#1:95])-[#1:71]	Any;Any
EVODEX.2-Cm416_0	Any;Any	[#15:20]-[#8:23]-[#15:24](=[#8:25])(-[#8:26])-[#8:27].[#8:39]-[#6:40](-[#8:41]-[#1])(-[#6@:42])-[#1:67]>>[#15:20]-[#8:23]-[#1].[#15:24](=[#8:25])(-[#8:26])(-[#8:27])-[#8:41]-[#6@@:40](-[#8:39])(-[#6@:42])-[#1:67]	Any;Any
EVODEX.2-Cm504_0	Any	[#8:3]-[#15@@:4](=[#8:5])(-[#8:6]-[#6:7](:[#6:8]):[#6:15])-[#8:16]>>[#8:3]-[#15:4](=[#8:5])(-[#8:6]-[#1])-[#8:16].[#6:7](-[#8]-[#1])(:[#6:8]):[#6:15]	Any;Any
EVODEX.2-Cm511_0	Any	[#6:5]:[#6:10](:[#6:9])-[#8:11]-[#6@:12](-[#8:13])(-[#6@@:19])-[#1:25]>>[#8:11](-[#6:12](-[#8:13])(-[#6@@:19])-[#1:25])-[#1].[#8](-[#6:10](:[#6:5]):[#6:9])-[#1]	Any;Any
EVODEX.2-Cm518_0	Any;Any	[#6:13](-[#6@:12])(-[#8:14]-[#6@:15](-[#8:16])(-[#6@:24])-[#1:75])(-[#1:73])-[#1:74].[#8:56](-[#1])-[#1]>>[#6:13](-[#6@:12])(-[#8:56]-[#1])(-[#1:73])-[#1:74].[#8:14](-[#6:15](-[#8:16])(-[#6@:24])-[#1:75])-[#1]	Any;Any
EVODEX.2-Cm579_0	Any;Any	[#8:19]-[#15:20](=[#8:21])(-[#8:22])-[#8:23]-[#15:24].[#8:33]=[#6:34](-[#8:35]-[#1])-[#6:36]>>[#8:19]-[#15:20](=[#8:21])(-[#8:22])-[#8:35]-[#1].[#8:23](-[#15:24])-[#1].[#8](-[#6:34](=[#8:33])-[#6:36])-[#1]	Any;Any;Any
EVODEX.2-Cm599_0	Any	[#8:11]-[#15:12](=[#8:13])(-[#8:14])-[#8:15]-[#15:16](=[#8:17])(-[#8:18])-[#8:19]-[#15:20]>>[#8:11]-[#15:12](=[#8:13])(-[#8:14])-[#8]-[#1].[#8:15](-[#15:16](=[#8:17])(-[#8:18])-[#8]-[#1])-[#1].[#8:19](-[#15:20])-[#1]	Any;Any;Any
EVODEX.2-Cm614_0	Any;Any	[#6]-[#6@@](-[#8:3]-[#1])(-[#6])-[#6].[#8:32]-[#15:33](=[#8:34])(-[#8:35])-[#8:36]-[#15:37]>>[#8:36](-[#15:37])-[#1].[#8:3](-[#15:33](-[#8:32])(=[#8:34])-[#8:35])-[#1]	Any;Any
EVODEX.2-Cm615_0	Any;Any	[#6:1](-[#6@@:2](-[#8:3]-[#1])(-[#6:4])-[#6:15](-[#6:16](=[#8:17])-[#8:18]-[#1])(-[#1:59])-[#1:60])(-[#1:48])(-[#1:49])-[#1].[#8:32]-[#15:33](=[#8:34])(-[#8:35])-[#8]-[#15]>>[#6:16](=[#8:17])=[#8:18].[#6:1](=[#6:2](-[#6:4])-[#6:15](-[#1:59])(-[#1:60])-[#1])(-[#1:48])-[#1:49].[#8:3](-[#15:33](-[#8:32])(=[#8:34])-[#8:35])-[#1]	Any;Any;Any
EVODEX.2-Cm616_0	Any;Any	[#6:1](-[#6@@:2](-[#8:3]-[#1])(-[#6:4])-[#6:15](-[#6](=[#8])-[#8])(-[#1:62])-[#1:63])(-[#1:51])(-[#1:52])-[#1].[#8:35]-[#15:36](=[#8:37])(-[#8:38])-[#8:39]-[#15:40]>>[#6:1](=[#6:2](-[#6:4])-[#6:15](-[#1:62])(-[#1:63])-[#1])(-[#1:51])-[#1:52].[#8:39](-[#15:40])-[#1].[#8:3](-[#15:36](-[#8:35])(=[#8:37])-[#8:38])-[#1]	Any;Any;Any
EVODEX.2-Cm618_0	Any;Any	[#6]-[#6@@](-[#8:3]-[#1])(-[#6])-[#6](-[#6:16](=[#8:17])-[#8:18]-[#1])(-[#1])-[#1].[#8:39]-[#15:40](=[#8:41])(-[#8:42])-[#8]-[#15]>>[#6:16](=[#8:17])=[#8:18].[#8:3](-[#15:40](-[#8:39])(=[#8:41])-[#8:42])-[#1]	Any;Any
EVODEX.2-Cm634_0	Any	[#6:2]-[#6:3](-[#6:4](-[#1:15])(-[#1:16])-[#1])(-[#8:5]-[#1])-[#6:6]>>[#6:2]-[#6:3](=[#6:4](-[#1:15])-[#1:16])-[#6:6].[#8:5](-[#1])-[#1]	Any;Any
EVODEX.2-Cm639_0	Any	[#6:5]/[#6:6](=[#6:7](\[#6:8])-[#1:34])-[#1:33]>>[#6:5]-[#6:6](-[#6@@:7](-[#6:8])(-[#8]-[#1])-[#1:34])(-[#1:33])-[#1]	Any
EVODEX.2-Cm642_0	Any	[#6:8]-[#6:9](-[#6:10](-[#6:11])(-[#6:12])-[#8]-[#1])(-[#1:35])-[#1]>>[#6:8]-[#6:9](=[#6:10](-[#6:11])-[#6:12])-[#1:35]	Any
EVODEX.2-Cm648_0	Any	[#8:1]=[#6:2](-[#6:3](-[#8:4]-[#1])(-[#1:19])-[#1])-[#6@@:5]>>[#8:1](-[#6@:2](-[#6:3](=[#8:4])-[#1:19])(-[#6@@:5])-[#1])-[#1]	Any
EVODEX.2-Cm651_0	Any;Any;Any	[#8:31]-[#15:32](=[#8:33])(-[#8:34])-[#8:35]-[#15:36].[#6:14](-[#6@@:3])(=[#8:15])-[#8:16]-[#1].[#7:1](-[#1])(-[#1])-[#1]>>[#7:1](-[#6:14](-[#6@@:3])=[#8:15])(-[#1])-[#1].[#8:16](-[#15:32](-[#8:31])(=[#8:33])-[#8:34])-[#1].[#8:35](-[#15:36])-[#1]	Any;Any;Any
EVODEX.2-Cm670_0	Any;Any;Any	[#6:3]-[#6:4](=[#8:5])-[#16:6]-[#6:7].[#8:72]-[#15:73](=[#8:74])(-[#8:75]-[#1])-[#8:76].[#15:82]-[#8:83]-[#1]>>[#6:3]-[#6:4](=[#8:5])-[#8:75]-[#1].[#8:72]-[#15:73](=[#8:74])(-[#8:76])-[#8:83]-[#15:82].[#16:6](-[#6:7])-[#1]	Any;Any;Any
EVODEX.2-Cm677_0	Any;Any	[#8:29]-[#15:30](=[#8:31])(-[#8:32]-[#1])-[#8:33].[#7:1](-[#6:2](=[#8:3])-[#6:4])(-[#1])-[#1]>>[#6:2](=[#8:3])(-[#6:4])-[#8:32]-[#1].[#8:29]-[#15:30](=[#8:31])(-[#8:33])-[#8]-[#15].[#7:1](-[#1])(-[#1])-[#1]	Any;Any;Any
EVODEX.2-Cm678_0	Any;Any	[#8:29]-[#15:30](=[#8:31])(-[#8:32]-[#1])-[#8:33].[#7](-[#6:2](=[#8:3])-[#6:4])(-[#1])-[#1]>>[#6:2](=[#8:3])(-[#6:4])-[#8:32]-[#1].[#8:29]-[#15:30](=[#8:31])(-[#8:33])-[#8]-[#15]	Any;Any
EVODEX.2-Cm683_0	Any;Any	[#8:15]-[#15:16](=[#8:17])(-[#8:18])-[#8]-[#15].[#6:34]-[#6:35](=[#8:36])-[#8:37]-[#1]>>[#8:15]-[#15:16](=[#8:17])(-[#8:18])-[#8:37]-[#1].[#7](-[#6:35](-[#6:34])=[#8:36])(-[#1])-[#1]	Any;Any
EVODEX.2-Cm684_0	Any;Any	[#8:30]-[#15:31](=[#8:32])(-[#8:33])-[#8]-[#15].[#6:5]-[#6:6](=[#8:7])-[#8:8]-[#1]>>[#7](-[#8])(-[#6:6](-[#6:5])=[#8:7])-[#1].[#8:8](-[#15:31](-[#8:30])(=[#8:32])-[#8:33])-[#1]	Any;Any
EVODEX.2-Cm694_0	Any;Any;Any	[#8:31]-[#15:32](=[#8:33])(-[#8:34])-[#8]-[#15].[#6:3]-[#6:4](=[#8:5])-[#8:6]-[#1].[#6:11]-[#6@:12](-[#7:13](-[#1])-[#1])(-[#6:14])-[#1:76]>>[#6:3]-[#6:4](=[#8:5])-[#7:13](-[#6@:12](-[#6:11])(-[#6:14])-[#1:76])-[#1].[#8:6](-[#15:32](-[#8:31])(=[#8:33])-[#8:34])-[#1]	Any;Any
EVODEX.2-Cm700_0	Any;Any;Any	[#8:60]-[#15:61](=[#8:62])(-[#8:63]-[#1])-[#8:64].[#6:19]-[#6:20](=[#8:21])-[#7:22](-[#6@@:23])-[#1].[#15:70]-[#8:71]-[#1]>>[#7:22](-[#6@@:23])(-[#1])-[#1].[#8:60]-[#15:61](=[#8:62])(-[#8:64])-[#8:71]-[#15:70].[#6:19]-[#6:20](=[#8:21])-[#8:63]-[#1]	Any;Any;Any
EVODEX.2-Cm706_0	Any;Any;Any	[#6:5](-[#6@:3])(=[#8:6])-[#8:7]-[#1].[#6:16]-[#8:18]-[#1].[#8:37]-[#15:38](=[#8:39])(-[#8:40])-[#8]-[#15]>>[#6:5](-[#6@:3])(=[#8:6])-[#8:18]-[#6:16].[#8:7](-[#15:38](-[#8:37])(=[#8:39])-[#8:40])-[#1]	Any;Any
EVODEX.2-Cm711_0	Any;Any;Any	[#6:2]-[#6:3](=[#8:4])-[#8:5]-[#1].[#8:24]-[#15:25](=[#8:26])(-[#8:27])-[#8]-[#15].[#6:43]-[#7:44](-[#6@@:40])-[#1]>>[#6:2]-[#6:3](=[#8:4])-[#7:44](-[#6@:40])-[#6:43].[#8:5](-[#15:25](-[#8:24])(=[#8:26])-[#8:27])-[#1]	Any;Any
EVODEX.2-Cm712_0	Any;Any	[#6:2]-[#6:3](=[#8:4])-[#8:5]-[#1].[#8:24]-[#15:25](=[#8:26])(-[#8:27])-[#8:28]-[#15:29]>>[#6:2]-[#6:3](=[#8:4])-[#7](-[#6@])-[#6].[#8:28](-[#15:29])-[#1].[#8:5](-[#15:25](-[#8:24])(=[#8:26])-[#8:27])-[#1]	Any;Any;Any
EVODEX.2-Cm716_0	Any;Any	[#8:32]-[#15:33](=[#8:34])(-[#8:35])-[#8]-[#15].[#8:45]=[#6:46]=[#8:47]>>[#7]1(-[#6@@]-[#6@@]-[#7](-[#6:46]-1=[#8:47])-[#1])-[#1].[#8:32]-[#15:33](=[#8:34])(-[#8:35])-[#8:45]-[#1]	Any;Any
EVODEX.2-Cm717_0	Any;Any	[#8:27]-[#15:28](=[#8:29])(-[#8:30])-[#8]-[#15].[#8:43]=[#6]=[#8]>>[#8:27]-[#15:28](=[#8:29])(-[#8:30])-[#8:43]-[#1]	Any
EVODEX.2-Cm7_0	Any	[#6:4]-[#6:5](=[#8:6])-[#6:7](-[#6:8])=[#8:9]>>[#6:4]-[#6:5](-[#8:6]-[#1])(-[#6:7](-[#6:8])(-[#8:9]-[#1])-[#1])-[#1]	Any
EVODEX.2-Cm24_0	Any	[#6:47]-[#6@@:48](-[#8:49]-[#6@@:50](-[#8:51])(-[#6@:52])-[#1])(-[#6@@:56])-[#1:91]>>([#8](-[#6@:48](-[#6:47])(-[#6@:56])-[#1:91])-[#1].[#6:50](-[#6@:52])(=[#8:49])-[#8:51])	Any
EVODEX.2-Cm25_0	Any;Any	[#8:1]=[#8:2].[#8:6]-[#6:7](-[#8:8])(-[#6@:9](-[#8:10]-[#1])(-[#6@@:11])-[#1])-[#1:19]>>[#8:1](-[#8:2]-[#1])-[#1].[#8:6]-[#6@@:7](-[#8:8])(-[#6:9](=[#8:10])-[#6@@:11])-[#1:19]	Any;Any
EVODEX.2-Cm155_0	Any;Any	[#8:45](-[#1])-[#1].[#6:50]-[#6@:51](-[#8:52]-[#6@:53](-[#6@:47])(-[#8:54])-[#1])(-[#6@:55])-[#1:92]>>([#8:45](-[#6@@:51](-[#6:50])(-[#6@@:55])-[#1:92])-[#1].[#6:53](-[#6@:47])(=[#8:52])-[#8:54])	Any
EVODEX.2-Cm156_0	Any;Any	[#6:1]-[#7&+:2]1:[#6:3](:[#6:4](:[#6:5](-[#6:6]):[#6:13](:[#6:14]:1-[#1:36])-[#1:35])-[#1:27])-[#1:26].[#8:16]=[#6:17](-[#6:18])-[#1]>>[#6:1]-[#7:2]1-[#6:3](=[#6:4](-[#6:5](-[#6:6])(-[#6:13](=[#6:14]-1-[#1:36])-[#1:35])-[#1])-[#1:27])-[#1:26].[#8](-[#6:17](=[#8:16])-[#6:18])-[#1]	Any;Any
EVODEX.2-Cm222_0	Any;Any	[#8:7]-[#6:8](=[#8:9])-[#6:10](=[#8:11])-[#6:12].[#6:16]-[#6:18]1=[#6:19](-[#7:20](-[#6@@:21])-[#6:60](=[#6:61](-[#6:62]-1(-[#1:109])-[#1])-[#1:108])-[#1:107])-[#1:83]>>[#8:7]-[#6:8](-[#8:9]-[#1])=[#6:10](-[#8:11]-[#1])-[#6:12].[#6:16]-[#6:18]1:[#6:19](:[#7&+:20](-[#6@@:21]):[#6:60](:[#6:61](:[#6:62]:1-[#1:109])-[#1:108])-[#1:107])-[#1:83]	Any;Any
EVODEX.2-Cm241_0	Any;Any	[#6:2]=[#6:4](-[#6:5])-[#1].[#6:21](-[#16&+](-[#6])-[#6])(-[#1:70])(-[#1:71])-[#1:72]>>[#6:2]=[#6:4](-[#6:5])-[#6:21](-[#1:70])(-[#1:71])-[#1:72]	Any
EVODEX.2-Cm338_0	Any;Any	[#15:15]-[#8:18]-[#6@@:19](-[#8:20])(-[#6@:28])-[#1:63].[#8:44]-[#6:45](-[#8:46]-[#1])(-[#6@:47])-[#1:83]>>[#8:46](-[#6@@:19](-[#8:20])(-[#6@:28])-[#1:63])-[#6@@:45](-[#8:44])(-[#6@:47])-[#1:83].[#15:15]-[#8:18]-[#1]	Any;Any
EVODEX.2-Cm339_0	Any	[#8:4]-[#6:5](-[#8:6]-[#1])(-[#6@:7])-[#1:83]>>[#8:4]-[#6@:5](-[#8:6]-[#6@@](-[#8])(-[#6@])-[#1])(-[#6@:7])-[#1:83]	Any
EVODEX.2-Cm388_0	Any;Any	[#6:2]-[#16:4]-[#6:5].[#6:25](-[#6@:24])(-[#8]-[#15](=[#8])(-[#8])-[#8:30]-[#15:31])(-[#1:65])-[#1:66]>>[#6:2]-[#16&+:4](-[#6:5])-[#6:25](-[#6@:24])(-[#1:65])-[#1:66].[#8:30](-[#15:31])-[#1]	Any;Any
EVODEX.2-Cm420_0	Any	[#8:31]-[#6@:32](-[#8:33]-[#15](=[#8])(-[#8])-[#8])(-[#6@:38])-[#1:61]>>[#8:31]-[#6:32](-[#8:33]-[#1])(-[#6@:38])-[#1:61]	Any
EVODEX.2-Cm437_0	Any;Any	[#15:14]-[#8:16]-[#1].[#8:32]-[#6@:33](-[#8:34]-[#15:35](=[#8:36])(-[#8:37])-[#8:38])(-[#6@:43])-[#1:66]>>[#15:14]-[#8:16]-[#15:35](=[#8:36])(-[#8:37])-[#8:38].[#8:32]-[#6:33](-[#8:34]-[#1])(-[#6@:43])-[#1:66]	Any;Any
EVODEX.2-Cm439_0	Any	[#8:21]-[#15:22](=[#8:23])(-[#8:24])-[#8:25]-[#15:26]-[#8:29]-[#15](=[#8])(-[#8])-[#8]>>[#8:21]-[#15:22](=[#8:23])(-[#8:24])-[#8]-[#1].[#8:25](-[#15:26]-[#8:29]-[#1])-[#1]	Any;Any
EVODEX.2-Cm466_0	Any;Any	[#6:1]-[#6:2]1=[#6:3](-[#6:4]-[#6:5](=[#8:6])-[#8:7]-1)-[#1:12].[#8:8](-[#1])-[#1]>>[#6:1]-[#6:2](-[#6:3](-[#6:4]-[#6:5](=[#8:6])-[#8:8]-[#1])(-[#1:12])-[#1])=[#8:7]	Any
EVODEX.2-Cm467_0	Any	[#6:1]-[#6:2]1=[#6:3](-[#6:4]-[#6:5](=[#8:6])-[#8:7]-1)-[#1:12]>>[#6:1]-[#6:2](-[#6:3](-[#6:4]-[#6:5](=[#8:6])-[#8]-[#1])(-[#1:12])-[#1])=[#8:7]	Any
EVODEX.2-Cm492_0	Any	[#8:9]-[#6@@:10](-[#8]-[#15])(-[#6@:16])-[#1:27]>>[#8](-[#6:10](-[#8:9])(-[#6@:16])-[#1:27])-[#1]	Any
EVODEX.2-Cm503_0	Any	[#8:3]-[#15@@:4](=[#8:5])(-[#8:6]-[#6](:[#6]):[#6])-[#8:16]>>[#8:3]-[#15:4](=[#8:5])(-[#8:6]-[#1])-[#8:16]	Any
EVODEX.2-Cm509_0	Any	[#8](-[#6@@:4](-[#6@:3])(-[#8:17])-[#1:47])-[#6@]>>[#8](-[#6@:4](-[#6@:3])(-[#8:17])-[#1:47])-[#1]	Any
EVODEX.2-Cm517_0	Any	[#6:61](-[#6@:2])(-[#8:62]-[#6@:63](-[#8:64])(-[#6@:72])-[#1:148])(-[#1:146])-[#1:147]>>[#6:61](-[#6@:2])(-[#8]-[#1])(-[#1:146])-[#1:147].[#8:62](-[#6:63](-[#8:64])(-[#6@:72])-[#1:148])-[#1]	Any;Any
EVODEX.2-Cm578_0	Any;Any;Any	[#8:19]-[#15:20](=[#8:21])(-[#8:22])-[#8]-[#15].[#6:37](-[#6@:36])(=[#8:38])-[#8:39]-[#1].[#8:32](-[#1])-[#1]>>[#8:19]-[#15:20](=[#8:21])(-[#8:22])-[#8:39]-[#1].[#8:32](-[#6:37](-[#6@:36])=[#8:38])-[#1]	Any;Any
EVODEX.2-Cm600_0	Any;Any;Any	[#8:15]-[#15:16](=[#8:17])(-[#8:18])-[#8:19]-[#15:20](=[#8:21])(-[#8:22])-[#8:23]-[#15:24].[#8:32](-[#1])-[#1].[#8:33](-[#1])-[#1]>>[#8:15]-[#15:16](=[#8:17])(-[#8:18])-[#8:32]-[#1].[#8:19](-[#15:20](=[#8:21])(-[#8:22])-[#8:33]-[#1])-[#1].[#8:23](-[#15:24])-[#1]	Any;Any;Any
EVODEX.2-Cm633_0	Any;Any	[#6:2]-[#6:3](=[#6:4](-[#1:15])-[#1:16])-[#6:5].[#8:11](-[#1])-[#1]>>[#6:2]-[#6:3](-[#6:4](-[#1:15])(-[#1:16])-[#1])(-[#6:5])-[#8:11]-[#1]	Any
EVODEX.2-Cm679_0	Any;Any;Any	[#8:31]-[#15:32](=[#8:33])(-[#8:34])-[#8]-[#15].[#7:1](-[#8:2])(-[#1])-[#1].[#6:6]-[#6:7](=[#8:8])-[#8:9]-[#1]>>[#7:1](-[#8:2])(-[#6:7](-[#6:6])=[#8:8])-[#1].[#8:9](-[#15:32](-[#8:31])(=[#8:33])-[#8:34])-[#1]	Any;Any
EVODEX.2-Cm692_0	Any;Any	[#6:2]-[#6:5](=[#8:6])-[#8]-[#1].[#8]-[#15](=[#8])(-[#8])-[#8:55]-[#15:56](=[#8:57])(-[#8:58])-[#8:59]-[#15:60]>>[#6:2]-[#6:5](=[#8:6])-[#7](-[#6@@])-[#1].[#8](-[#15:56](-[#8:55]-[#1])(=[#8:57])-[#8:58])-[#1].[#8:59](-[#15:60])-[#1]	Any;Any;Any
EVODEX.2-Cm703_0	Any;Any;Any	[#6:13]-[#6:14](=[#8:15])-[#7](-[#6@@])-[#1].[#8:61]-[#15:62](=[#8:63])(-[#8:64]-[#1])-[#8:65].[#15:71]-[#8:72]-[#1]>>[#6:13]-[#6:14](=[#8:15])-[#8:64]-[#1].[#8:61]-[#15:62](=[#8:63])(-[#8:65])-[#8:72]-[#15:71]	Any;Any
EVODEX.2-Cm707_0	Any;Any	[#6:7]-[#6:9](=[#8:10])-[#8:11]-[#1].[#8:37]-[#15:38](=[#8:39])(-[#8:40])-[#8]-[#15]>>[#6:7]-[#6:9](=[#8:10])-[#8]-[#6].[#8:11](-[#15:38](-[#8:37])(=[#8:39])-[#8:40])-[#1]	Any;Any
EVODEX.2-Cm708_0	Any;Any	[#8:36]-[#15:37](=[#8:38])(-[#8:39])-[#8:40]-[#15:41].[#6:12]-[#8:14]-[#1]>>[#6]-[#6](=[#8])-[#8:14]-[#6:12].[#8:40](-[#15:41])-[#1].[#8](-[#15:37](-[#8:36])(=[#8:38])-[#8:39])-[#1]	Any;Any;Any
EVODEX.2-Cm718_0	Any;Any;Any	[#6:1]-[#6:2](-[#7:3](-[#1])-[#1])(-[#6:4](-[#7:5](-[#1])-[#1])(-[#6:6])-[#1:52])-[#1:49].[#8:14]=[#6:15]=[#8:16].[#8:30]-[#15:31](=[#8:32])(-[#8:33])-[#8:34]-[#15:35]>>[#6:1]-[#6@@:2]1(-[#7:3](-[#6:15](=[#8:16])-[#7:5](-[#6@@:4]-1(-[#6:6])-[#1:52])-[#1])-[#1])-[#1:49].[#8:14](-[#15:31](-[#8:30])(=[#8:32])-[#8:33])-[#1].[#8:34](-[#15:35])-[#1]	Any;Any;Any
