Name	Reactants	SMARTS	Products
EVODEX.2-Em44_0	Any	[#6:16]-[#8:2]-[#1]>>[#6:16]-[#8:2]-[#6](-[#8])(-[#6])-[#1]	Any
EVODEX.2-Em54_0	Any	[#6:40]-[#8:39]-[#6](-[#8])(-[#6])-[#1]>>[#6:40]-[#8:39]-[#1]	Any
EVODEX.2-Em7_0	Any	[#6:53]-[#7:52](-[#6](-[#6])=[#8])-[#1]>>[#6:53]-[#7:52](-[#1])-[#1]	Any
EVODEX.2-Em8_0	Any	[#6:53]-[#7:50](-[#1])-[#1]>>[#6:53]-[#7:50](-[#6](-[#6])=[#8])-[#1]	Any
EVODEX.2-Em96_0	Any;Any	[#6:31]-[#6:1](=[#8:32])-[#8:46]-[#1].[#8:48]-[#15:47](=[#8:49])(-[#8:50])-[#8]-[#15](=[#8])(-[#8])-[#8]>>[#6]-[#16]-[#6:1](=[#8:32])-[#6:31].[#8:48]-[#15:47](=[#8:49])(-[#8:46]-[#1])-[#8:50]	Any;Any
EVODEX.2-Em194_0	Any;Any	[#6]-[#16]-[#6:30](=[#8:32])-[#6:33].[#8:39]-[#15:38](=[#8:40])(-[#8:36]-[#1])-[#8:41]>>[#6:33]-[#6:30](=[#8:32])-[#8]-[#1].[#8:39]-[#15:38](=[#8:40])(-[#8:41])-[#8:36]-[#15](=[#8])(-[#8])-[#8]	Any;Any
EVODEX.2-Em55_0	Any	[#6:40]-[#8:39]-[#6:1](-[#8:3])(-[#6:4])-[#1:154]>>[#8:3]-[#6:1](-[#8]-[#15](=[#8])(-[#8])-[#8])(-[#6:4])-[#1:154].[#6:40]-[#8:39]-[#1]	Any;Any
EVODEX.2-Em57_0	Any;Any	[#8:3]-[#6:1](-[#8]-[#15](=[#8])(-[#8])-[#8])(-[#6:4])-[#1:145].[#6:12]-[#8:2]-[#1]>>[#6:12]-[#8:2]-[#6:1](-[#8:3])(-[#6:4])-[#1:145]	Any
EVODEX.2-Em97_0	Any;Any;Any	[#6:3]-[#16:2]-[#1].[#6:31]-[#6:1](=[#8:32])-[#8]-[#1].[#8]-[#15](=[#8])(-[#8])-[#8:35]-[#15:36](=[#8:37])(-[#8:38])-[#8:39]>>[#6:3]-[#16:2]-[#6:1](=[#8:32])-[#6:31].[#8:37]=[#15:36](-[#8:35]-[#1])(-[#8:38])-[#8:39]	Any;Any
EVODEX.2-Em99_0	Any	[#6:3]-[#6:1](=[#8:4])-[#8]-[#1]>>[#6]-[#7](-[#6:1](=[#8:4])-[#6:3])-[#1]	Any
EVODEX.2-Em105_0	Any	[#6]-[#7](-[#6:1](=[#8:3])-[#6:4])-[#1]>>[#6:4]-[#6:1](=[#8:3])-[#8]-[#1]	Any
EVODEX.2-Em106_0	Any;Any	[#6:17]-[#7:16](-[#6:1](=[#8:3])-[#6:4])-[#1].[#8:46]=[#15:23](-[#8:2]-[#1])(-[#8:47])-[#8:48]>>[#6:4]-[#6:1](=[#8:3])-[#8:2]-[#1].[#6:17]-[#7:16](-[#1])-[#1].[#8]-[#15](=[#8])(-[#8])-[#8]-[#15:23](=[#8:46])(-[#8:47])-[#8:48]	Any;Any;Any
EVODEX.2-Em113_0	Any;Any	[#6:3]-[#6:1](-[#8]-[#15](=[#8])(-[#8])-[#8])(-[#1:51])-[#1:52].[#8]-[#15](=[#8])(-[#8])-[#8:2]-[#15:10](=[#8:11])(-[#8:12])-[#8:13]>>[#6:3]-[#6:1](-[#8:2]-[#15:10](=[#8:11])(-[#8:12])-[#8:13])(-[#1:51])-[#1:52]	Any
EVODEX.2-Em165_0	Any;Any;Any	[#8:3]=[#6:1](-[#8]-[#1])-[#6:4].[#6:13]-[#7:2](-[#1])-[#1].[#8]-[#15](=[#8])(-[#8])-[#8:23]-[#15:24](=[#8:25])(-[#8:26])-[#8:27]>>[#6:13]-[#7:2](-[#6:1](=[#8:3])-[#6:4])-[#1].[#8:25]=[#15:24](-[#8:23]-[#1])(-[#8:26])-[#8:27]	Any;Any
EVODEX.2-Em196_0	Any;Any	[#6:2]-[#16:1]-[#6:30](=[#8:32])-[#6:33].[#8:63]=[#15:40](-[#8:31]-[#1])(-[#8:64])-[#8:65]>>[#6:2]-[#16:1]-[#1].[#6:33]-[#6:30](=[#8:32])-[#8:31]-[#1].[#8]-[#15](=[#8])(-[#8])-[#8]-[#15:40](=[#8:63])(-[#8:64])-[#8:65]	Any;Any;Any
EVODEX.2-Em244_0	Any	[#8:5]-[#15:4](=[#8:6])(-[#8:2]-[#1])-[#8:7]>>[#8:5]-[#15:4](=[#8:6])(-[#8:7])-[#8:2]-[#15](=[#8])(-[#8])-[#8]	Any
EVODEX.2-Em284_0	Any	[#6:3]-[#6:1](-[#8:15]-[#15:17](=[#8:18])(-[#8:19])-[#8:20])(-[#1:49])-[#1:50]>>[#6:3]-[#6:1](-[#8]-[#15](=[#8])(-[#8])-[#8])(-[#1:49])-[#1:50].[#8]-[#15](=[#8])(-[#8])-[#8:15]-[#15:17](=[#8:18])(-[#8:19])-[#8:20]	Any;Any
EVODEX.2-Em315_0	Any	[#6:9]-[#6:7](-[#7:2](-[#1])-[#1])(-[#6:10](=[#8:13])-[#8:14])-[#1]>>[#6]-[#6](-[#7:2](-[#1])-[#1])(-[#6](=[#8])-[#8])-[#1].[#6:9]-[#6:7](=[#8])-[#6:10](=[#8:13])-[#8:14]	Any;Any
EVODEX.2-Em322_0	Any;Any	[#6]-[#6](-[#7:2](-[#1])-[#1])(-[#6](=[#8])-[#8])-[#1].[#6:3]-[#6:1](=[#8])-[#6:4](=[#8:5])-[#8:6]>>[#6:3]-[#6:1](-[#7:2](-[#1])-[#1])(-[#6:4](=[#8:5])-[#8:6])-[#1]	Any
EVODEX.2-Em328_0	Any;Any	[#6:9]-[#6:7](-[#7](-[#1])-[#1])(-[#6:10](=[#8:12])-[#8:13])-[#1].[#6]-[#6](=[#8:8])-[#6](=[#8])-[#8]>>[#6:9]-[#6:7](=[#8:8])-[#6:10](=[#8:12])-[#8:13]	Any
EVODEX.2-Em329_0	Any	[#6:3]-[#6:1](=[#8:8])-[#6:4](=[#8:5])-[#8:6]>>[#6:3]-[#6:1](-[#7](-[#1])-[#1])(-[#6:4](=[#8:5])-[#8:6])-[#1].[#6]-[#6](=[#8:8])-[#6](=[#8])-[#8]	Any;Any
EVODEX.2-Em43_0	Any	[#6:3]-[#6:1](-[#8:53]-[#1])(-[#6:4])-[#1:71]>>[#6:3]-[#6:1](-[#8]-[#6])(-[#6:4])-[#1:71].[#8:53](-[#1])-[#1]	Any;Any
EVODEX.2-Em49_0	Any;Any	[#6:3]-[#6:1](-[#6:4])(-[#8]-[#6])-[#1:105].[#8:2](-[#1])-[#1]>>[#6:3]-[#6:1](-[#8:2]-[#1])(-[#6:4])-[#1:105]	Any
EVODEX.2-Em130_0	Any;Any	[#8:6](-[#1])-[#1].[#8:8]-[#15:7](=[#8:9])(-[#8:10])-[#8]-[#15](=[#8])(-[#8])-[#8]>>[#8:8]-[#15:7](=[#8:9])(-[#8:6]-[#1])-[#8:10]	Any
EVODEX.2-Em161_0	Any	[#6:2]-[#16:1]-[#6:30](=[#8:32])-[#6:33]>>[#6:2]-[#16:1]-[#1].[#6]-[#7](-[#6:30](=[#8:32])-[#6:33])-[#1]	Any;Any
EVODEX.2-Em167_0	Any;Any	[#6:3]-[#16:2]-[#1].[#6]-[#7](-[#6:1](=[#8:50])-[#6:51])-[#1]>>[#6:51]-[#6:1](=[#8:50])-[#16:2]-[#6:3]	Any
EVODEX.2-Em256_0	Any;Any;Any	[#6:4]-[#6:1](-[#6:3])(-[#8]-[#1])-[#1:74].[#6:25]-[#6:24](=[#8:26])-[#8:2]-[#1].[#8]-[#15](=[#8])(-[#8])-[#8:31]-[#15:32](=[#8:33])(-[#8:34])-[#8:35]>>[#6:4]-[#6:1](-[#6:3])(-[#8:2]-[#6:24](=[#8:26])-[#6:25])-[#1:74].[#8:33]=[#15:32](-[#8:31]-[#1])(-[#8:34])-[#8:35]	Any;Any
EVODEX.2-Em259_0	Any;Any;Any	[#6:4]-[#6:1](-[#6:3])(-[#8:24]-[#6:25](=[#8:26])-[#6:27])-[#1:74].[#8:35]-[#15:34](=[#8:36])(-[#8:32]-[#1])-[#8:37].[#8:56]=[#15:33](-[#8:2]-[#1])(-[#8:57])-[#8:58]>>[#6:4]-[#6:1](-[#6:3])(-[#8:2]-[#1])-[#1:74].[#6:27]-[#6:25](=[#8:26])-[#8:24]-[#1].[#8:35]-[#15:34](=[#8:36])(-[#8:37])-[#8:32]-[#15:33](=[#8:56])(-[#8:57])-[#8:58]	Any;Any;Any
EVODEX.2-Em266_0	Any;Any	[#6:3]-[#6:1](=[#8:4])-[#7](-[#6])-[#1].[#8:2](-[#1])-[#1]>>[#6:3]-[#6:1](=[#8:4])-[#8:2]-[#1]	Any
EVODEX.2-Em100_0	Any	[#6:3]-[#6:1](=[#8:4])-[#8:21]-[#1]>>[#6]-[#7](-[#6:1](=[#8:4])-[#6:3])-[#1].[#8:21](-[#1])-[#1]	Any;Any
EVODEX.2-Em68_0	Any	[#8]-[#15](=[#8])(-[#8])-[#8:33]-[#15:34](=[#8:35])(-[#8:36])-[#8:37]>>[#8:35]=[#15:34](-[#8:33]-[#1])(-[#8:36])-[#8:37]	Any
EVODEX.2-Em29_0	Any;Any	[#6:3]-[#16:2]-[#6](=[#8])-[#6].[#6:50]-[#6:1](=[#8:51])-[#8]-[#1]>>[#6:50]-[#6:1](=[#8:51])-[#16:2]-[#6:3]	Any
EVODEX.2-Em38_0	Any;Any	[#6:3]-[#6:1](-[#8]-[#1])(-[#1:60])-[#1:61].[#8:51]=[#15:24](-[#8:2]-[#1])(-[#8:52])-[#8:53]>>[#6:3]-[#6:1](-[#8:2]-[#1])(-[#1:60])-[#1:61].[#8]-[#15](=[#8])(-[#8])-[#8]-[#15:24](=[#8:51])(-[#8:52])-[#8:53]	Any;Any
EVODEX.2-Em39_0	Any;Any;Any	[#6:3]-[#6:1](-[#8:27]-[#1])(-[#1:60])-[#1:61].[#8:2](-[#1])-[#1].[#8:29]-[#15:28](=[#8:30])(-[#8:31])-[#8:22]-[#15:23](=[#8:24])(-[#8:25])-[#8:26]>>[#6:3]-[#6:1](-[#8:2]-[#1])(-[#1:60])-[#1:61].[#8:24]=[#15:23](-[#8:22]-[#1])(-[#8:25])-[#8:26].[#8:29]-[#15:28](=[#8:30])(-[#8:27]-[#1])-[#8:31]	Any;Any;Any
EVODEX.2-Em47_0	Any	[#6:43]-[#8:42]-[#6](-[#6](=[#8])-[#8])(-[#6])-[#8]>>[#6:43]-[#8:42]-[#1]	Any
EVODEX.2-Em61_0	Any	[#6:22]-[#8:2]-[#1]>>[#6:22]-[#8:2]-[#6](-[#6](=[#8])-[#8])(-[#6])-[#8]	Any
EVODEX.2-Em71_0	Any	[#6:3]-[#6:1](-[#8:118]-[#15:120](=[#8:121])(-[#8:122])-[#8:123])(-[#6:4])-[#1:202]>>[#6:3]-[#6:1](-[#8]-[#1])(-[#6:4])-[#1:202].[#8]-[#15](=[#8])(-[#8])-[#8:118]-[#15:120](=[#8:121])(-[#8:122])-[#8:123]	Any;Any
EVODEX.2-Em75_0	Any	[#6:3]-[#6:1](-[#8:34]-[#1])(-[#1:36])-[#1:37]>>[#6:3]-[#6:1](-[#8]-[#6](=[#8])-[#6])(-[#1:36])-[#1:37].[#8:34](-[#1])-[#1]	Any;Any
EVODEX.2-Em78_0	Any;Any	[#6:3]-[#6:1](-[#8]-[#6](=[#8])-[#6])(-[#1:36])-[#1:37].[#8:2](-[#1])-[#1]>>[#6:3]-[#6:1](-[#8:2]-[#1])(-[#1:36])-[#1:37]	Any
EVODEX.2-Em82_0	Any;Any	[#6:3]-[#6:1](-[#8]-[#1])(-[#6:4])-[#1:70].[#8]-[#15](=[#8])(-[#8])-[#8:2]-[#15:28](=[#8:29])(-[#8:30])-[#8:31]>>[#6:3]-[#6:1](-[#8:2]-[#15:28](=[#8:29])(-[#8:30])-[#8:31])(-[#6:4])-[#1:70]	Any
EVODEX.2-Em91_0	Any;Any	[#6:3]-[#6:1](-[#8]-[#1])(-[#6:4])-[#1:62].[#8:51]=[#15:24](-[#8:2]-[#1])(-[#8:52])-[#8:53]>>[#6:3]-[#6:1](-[#8:2]-[#1])(-[#6:4])-[#1:62].[#8]-[#15](=[#8])(-[#8])-[#8]-[#15:24](=[#8:51])(-[#8:52])-[#8:53]	Any;Any
EVODEX.2-Em92_0	Any;Any;Any	[#6:3]-[#6:1](-[#8]-[#1])(-[#6:4])-[#1:62].[#8:2](-[#1])-[#1].[#8]-[#15](=[#8])(-[#8])-[#8:22]-[#15:23](=[#8:24])(-[#8:25])-[#8:26]>>[#6:3]-[#6:1](-[#8:2]-[#1])(-[#6:4])-[#1:62].[#8:24]=[#15:23](-[#8:22]-[#1])(-[#8:25])-[#8:26]	Any;Any
EVODEX.2-Em98_0	Any	[#6:31]-[#6:1](=[#8:32])-[#8:44]-[#1]>>[#6]-[#16]-[#6:1](=[#8:32])-[#6:31].[#8]-[#15](=[#8])(-[#8:44]-[#1])-[#8]	Any;Any
EVODEX.2-Em101_0	Any;Any	[#6:3]-[#6:1](=[#8:4])-[#8:7]-[#1].[#8:36]=[#15:9](-[#8:2]-[#1])(-[#8:37])-[#8:38]>>[#6:3]-[#6:1](=[#8:4])-[#8:2]-[#1].[#8:7](-[#1])-[#1].[#8]-[#15](=[#8])(-[#8])-[#8]-[#15:9](=[#8:36])(-[#8:37])-[#8:38]	Any;Any;Any
EVODEX.2-Em102_0	Any;Any;Any	[#6:3]-[#6:1](=[#8:4])-[#8]-[#1].[#8:11]-[#15:10](=[#8:12])(-[#8:8]-[#1])-[#8:13].[#8:36]=[#15:9](-[#8:2]-[#1])(-[#8:37])-[#8:38]>>[#6:3]-[#6:1](=[#8:4])-[#8:2]-[#1].[#8:11]-[#15:10](=[#8:12])(-[#8:13])-[#8:8]-[#15:9](=[#8:36])(-[#8:37])-[#8:38]	Any;Any
EVODEX.2-Em107_0	Any	[#6:50]-[#6:1](=[#8:51])-[#7](-[#6])-[#1]>>[#6:50]-[#6:1](=[#8:51])-[#16]-[#6]	Any
EVODEX.2-Em108_0	Any	[#6:31]-[#6:1](=[#8:32])-[#7:36](-[#6:37])-[#1]>>[#6]-[#16]-[#6:1](=[#8:32])-[#6:31].[#6:37]-[#7:36](-[#1])-[#1]	Any;Any
EVODEX.2-Em109_0	Any	[#6:31]-[#6:1](=[#8:32])-[#8:36]-[#6:37]>>[#6]-[#16]-[#6:1](=[#8:32])-[#6:31].[#6:37]-[#8:36]-[#1]	Any;Any
EVODEX.2-Em132_0	Any;Any	[#6:51]-[#6:49](=[#8:52])-[#16]-[#6].[#6:67]-[#8:50]-[#1]>>[#6:67]-[#8:50]-[#6:49](=[#8:52])-[#6:51]	Any
EVODEX.2-Em139_0	Any;Any	[#6:3]-[#6:1](-[#8]-[#1])(-[#1:138])-[#1:139].[#8]-[#15](=[#8])(-[#8])-[#8:2]-[#15:66](=[#8:67])(-[#8:68])-[#8:69]>>[#6:3]-[#6:1](-[#8:2]-[#15:66](=[#8:67])(-[#8:68])-[#8:69])(-[#1:138])-[#1:139]	Any
EVODEX.2-Em147_0	Any	[#6:3]-[#6:1](=[#8:21])-[#1:51]>>[#6:3]-[#6:1](-[#7](-[#1])-[#1])(-[#1:51])-[#1].[#6]-[#6](=[#8:21])-[#6](=[#8])-[#8]	Any;Any
EVODEX.2-Em149_0	Any	[#6:3]-[#6:1](=[#8:4])-[#8:22]-[#15:24](=[#8:25])(-[#8:26])-[#8:27]>>[#6:3]-[#6:1](=[#8:4])-[#8]-[#1].[#8]-[#15](=[#8])(-[#8])-[#8:22]-[#15:24](=[#8:25])(-[#8:26])-[#8:27]	Any;Any
EVODEX.2-Em151_0	Any;Any	[#7:2](-[#6](-[#6])(-[#6](=[#8])-[#8])-[#1])(-[#1])-[#1].[#6:3]-[#6:1](=[#8])-[#1:54]>>[#6:3]-[#6:1](-[#7:2](-[#1])-[#1])(-[#1:54])-[#1]	Any
EVODEX.2-Em153_0	Any	[#6:13]-[#6:11](-[#7:2](-[#1])-[#1])(-[#1:45])-[#1]>>[#7:2](-[#6](-[#6])(-[#6](=[#8])-[#8])-[#1])(-[#1])-[#1].[#6:13]-[#6:11](=[#8])-[#1:45]	Any;Any
EVODEX.2-Em155_0	Any;Any	[#6:13]-[#6:11](-[#7](-[#1])-[#1])(-[#1:42])-[#1].[#6]-[#6](=[#8:12])-[#6](=[#8])-[#8]>>[#6:13]-[#6:11](=[#8:12])-[#1:42]	Any
EVODEX.2-Em156_0	Any	[#6:3]-[#6:1](=[#8:4])-[#8:13]-[#1]>>[#6:3]-[#6:1](=[#8:4])-[#8]-[#6].[#8:13](-[#1])-[#1]	Any;Any
EVODEX.2-Em162_0	Any;Any	[#6]-[#16]-[#6:30](=[#8:32])-[#6:33].[#6:48]-[#7:31](-[#1])-[#1]>>[#6:48]-[#7:31](-[#6:30](=[#8:32])-[#6:33])-[#1]	Any
EVODEX.2-Em168_0	Any;Any	[#6:14]-[#7:13](-[#6:1](=[#8:3])-[#6:4])-[#1].[#8]=[#15](-[#8:2]-[#1])(-[#8])-[#8]>>[#8:3]=[#6:1](-[#8:2]-[#1])-[#6:4].[#6:14]-[#7:13](-[#1])-[#1]	Any;Any
EVODEX.2-Em181_0	Any;Any	[#6:3]-[#16:2]-[#1].[#16]-[#6](=[#8])-[#6](-[#6:1](=[#8:31])-[#6:32])(-[#1])-[#1]>>[#6:3]-[#16:2]-[#6:1](=[#8:31])-[#6:32]	Any
EVODEX.2-Em183_0	Any;Any	[#6:3]-[#16:2]-[#1].[#6:31]-[#6:1](=[#8:32])-[#8:42]-[#1]>>[#6:3]-[#16:2]-[#6:1](-[#6:31])=[#8:32].[#8]-[#15](=[#8])(-[#8:42]-[#1])-[#8]	Any;Any
EVODEX.2-Em186_0	Any	[#6:31]-[#6:1](=[#8:32])-[#8:51]-[#1]>>[#6]-[#16]-[#6:1](=[#8:32])-[#6:31].[#8:51](-[#1])-[#1]	Any;Any
EVODEX.2-Em188_0	Any	[#6:31]-[#6:1](=[#8:32])-[#8]-[#1]>>[#6]-[#16]-[#6:1](=[#8:32])-[#6:31]	Any
EVODEX.2-Em198_0	Any;Any	[#6]-[#16]-[#6:30](=[#8:32])-[#6:33].[#8]=[#15](-[#8:31]-[#1])(-[#8])-[#8]>>[#6:33]-[#6:30](=[#8:32])-[#8:31]-[#1]	Any
EVODEX.2-Em199_0	Any	[#6]-[#16]-[#6:30](=[#8:32])-[#6:33]>>[#6:33]-[#6:30](=[#8:32])-[#8]-[#1]	Any
EVODEX.2-Em206_0	Any	[#16]-[#6](=[#8])-[#6](-[#6:1](=[#8:50])-[#6:51])(-[#1])-[#1]>>[#6:51]-[#6:1](=[#8:50])-[#16]-[#6]	Any
EVODEX.2-Em210_0	Any	[#6:2]-[#16:1]-[#6:30](=[#8:32])-[#6:33]>>[#6:2]-[#16:1]-[#1].[#16]-[#6](=[#8])-[#6](-[#6:30](=[#8:32])-[#6:33])(-[#1])-[#1]	Any;Any
EVODEX.2-Em215_0	Any	[#6]-[#16]-[#6:49](=[#8:51])-[#6:52]>>[#16]-[#6](=[#8])-[#6](-[#6:49](=[#8:51])-[#6:52])(-[#1])-[#1]	Any
EVODEX.2-Em218_0	Any;Any	[#6]-[#16]-[#6:30](=[#8:32])-[#6:33].[#8:31](-[#1])-[#1]>>[#6:33]-[#6:30](=[#8:32])-[#8:31]-[#1]	Any
EVODEX.2-Em224_0	Any;Any	[#6:2]-[#16:1]-[#6:30](=[#8:32])-[#6:33].[#8]=[#15](-[#8:31]-[#1])(-[#8])-[#8]>>[#6:2]-[#16:1]-[#1].[#6:33]-[#6:30](=[#8:32])-[#8:31]-[#1]	Any;Any
EVODEX.2-Em235_0	Any	[#6:3]-[#6:1](=[#8:4])-[#8:33]-[#1]>>[#6:3]-[#6:1](=[#8:4])-[#8]-[#15](=[#8])(-[#8])-[#8].[#8]=[#15](-[#8:33]-[#1])(-[#8])-[#8]	Any;Any
EVODEX.2-Em255_0	Any	[#6:25]-[#6:24](=[#8:26])-[#8:2]-[#1]>>[#6]-[#6](-[#6])(-[#8:2]-[#6:24](=[#8:26])-[#6:25])-[#1]	Any
EVODEX.2-Em257_0	Any;Any	[#6:25]-[#6:24](=[#8:26])-[#8:2]-[#1].[#8:42]-[#15:41](=[#8:43])(-[#8:44])-[#8:31]-[#15:32](=[#8:33])(-[#8:34])-[#8:35]>>[#6]-[#6](-[#6])(-[#8:2]-[#6:24](=[#8:26])-[#6:25])-[#1].[#8:33]=[#15:32](-[#8:31]-[#1])(-[#8:34])-[#8:35].[#8:42]-[#15:41](=[#8:43])(-[#8]-[#1])-[#8:44]	Any;Any;Any
EVODEX.2-Em260_0	Any	[#6]-[#6](-[#6])(-[#8:24]-[#6:25](=[#8:26])-[#6:27])-[#1]>>[#6:27]-[#6:25](=[#8:26])-[#8:24]-[#1]	Any
EVODEX.2-Em261_0	Any;Any	[#6]-[#6](-[#6])(-[#8:24]-[#6:25](=[#8:26])-[#6:27])-[#1].[#8:35]-[#15:34](=[#8:36])(-[#8:32]-[#1])-[#8:37]>>[#6:27]-[#6:25](=[#8:26])-[#8:24]-[#1].[#8:35]-[#15:34](=[#8:36])(-[#8:37])-[#8:32]-[#15](=[#8])(-[#8])-[#8]	Any;Any
EVODEX.2-Em265_0	Any;Any	[#6:3]-[#6:1](=[#8:4])-[#8]-[#15](=[#8])(-[#8])-[#8].[#8]-[#15](=[#8])(-[#8:2]-[#1])-[#8]>>[#6:3]-[#6:1](=[#8:4])-[#8:2]-[#1]	Any
EVODEX.2-Em267_0	Any;Any;Any	[#6:3]-[#6:1](=[#8:4])-[#8:27]-[#1].[#8:2](-[#1])-[#1].[#8:29]-[#15:28](=[#8:30])(-[#8:31])-[#8]-[#15](=[#8])(-[#8])-[#8]>>[#6:3]-[#6:1](=[#8:4])-[#8:2]-[#1].[#8:29]-[#15:28](=[#8:30])(-[#8:27]-[#1])-[#8:31]	Any;Any
EVODEX.2-Em269_0	Any;Any	[#6:11]-[#7:2](-[#1])-[#1].[#8:25]-[#15:24](=[#8:26])(-[#8:27])-[#8:18]-[#15:19](=[#8:20])(-[#8:21])-[#8:22]>>[#6:11]-[#7:2](-[#6](=[#8])-[#6])-[#1].[#8:20]=[#15:19](-[#8:18]-[#1])(-[#8:21])-[#8:22].[#8:25]-[#15:24](=[#8:26])(-[#8]-[#1])-[#8:27]	Any;Any;Any
EVODEX.2-Em365_0	Any	[#6:3]-[#6:1](-[#8:102]-[#15:104](=[#8:105])(-[#8:106])-[#8:107])(-[#1:249])-[#1:250]>>[#6:3]-[#6:1](-[#8]-[#1])(-[#1:249])-[#1:250].[#8]-[#15](=[#8])(-[#8])-[#8:102]-[#15:104](=[#8:105])(-[#8:106])-[#8:107]	Any;Any
EVODEX.2-Em376_0	Any	[#6:3]-[#16:2]-[#6:52](=[#8:54])-[#6:55]>>[#6]-[#6](=[#8])-[#16:2]-[#6:3].[#6:55]-[#6:52](=[#8:54])-[#8]-[#1]	Any;Any
EVODEX.2-Em377_0	Any;Any	[#6:3]-[#6:1](=[#8:4])-[#8]-[#1].[#8]-[#15](=[#8])(-[#8])-[#8:2]-[#15:5](=[#8:6])(-[#8:7])-[#8:8]>>[#6:3]-[#6:1](=[#8:4])-[#8:2]-[#15:5](=[#8:6])(-[#8:7])-[#8:8]	Any
EVODEX.2-Em426_0	Any	[#6]-[#16]-[#6:49](=[#8:51])-[#6:52]>>[#6]-[#7](-[#6:49](=[#8:51])-[#6:52])-[#1]	Any
EVODEX.2-Em436_0	Any;Any;Any	[#6:3]-[#6:1](-[#8:29]-[#1])(-[#6:4])-[#1:88].[#8:33]-[#15:32](=[#8:34])(-[#8:30]-[#1])-[#8:35].[#8:58]=[#15:31](-[#8:2]-[#1])(-[#8:59])-[#8:60]>>[#6:3]-[#6:1](-[#8:2]-[#1])(-[#6:4])-[#1:88].[#8:29](-[#1])-[#1].[#8:33]-[#15:32](=[#8:34])(-[#8:35])-[#8:30]-[#15:31](=[#8:58])(-[#8:59])-[#8:60]	Any;Any;Any
EVODEX.2-Em520_0	Any;Any;Any	[#6:3]-[#6:1](-[#8:91]-[#1])(-[#1:154])-[#1:155].[#8:95]-[#15:94](=[#8:96])(-[#8:92]-[#1])-[#8:97].[#8:120]=[#15:93](-[#8:2]-[#1])(-[#8:121])-[#8:122]>>[#6:3]-[#6:1](-[#8:2]-[#1])(-[#1:154])-[#1:155].[#8:91](-[#1])-[#1].[#8:95]-[#15:94](=[#8:96])(-[#8:97])-[#8:92]-[#15:93](=[#8:120])(-[#8:121])-[#8:122]	Any;Any;Any
EVODEX.2-Em537_0	Any;Any	[#6:3]-[#6:1](=[#8:4])-[#8:28]-[#1].[#6:15]-[#7:2](-[#1])-[#1]>>[#6:15]-[#7:2](-[#6:1](=[#8:4])-[#6:3])-[#1].[#8]-[#15](=[#8])(-[#8:28]-[#1])-[#8]	Any;Any
EVODEX.2-Em588_0	Any;Any	[#6:12]-[#7:11](-[#6](=[#8])-[#6])-[#1].[#8:16]-[#15:15](=[#8:17])(-[#8:13]-[#1])-[#8:18]>>[#6:12]-[#7:11](-[#1])-[#1].[#8:16]-[#15:15](=[#8:17])(-[#8:18])-[#8:13]-[#15](=[#8])(-[#8])-[#8]	Any;Any
EVODEX.2-Em1_0	Any;Any	[#6:19]-[#8:18]-[#6:1](=[#8:3])-[#6:4].[#6:13]-[#7:2](-[#1])-[#1]>>[#6:13]-[#7:2](-[#6:1](=[#8:3])-[#6:4])-[#1].[#6:19]-[#8:18]-[#1]	Any;Any
EVODEX.2-Em2_0	Any;Any	[#6:36]-[#7:35](-[#6:1](=[#8:3])-[#6:4])-[#1].[#6:13]-[#8:2]-[#1]>>[#6:13]-[#8:2]-[#6:1](=[#8:3])-[#6:4].[#6:36]-[#7:35](-[#1])-[#1]	Any;Any
EVODEX.2-Em3_0	Any	[#7:2](-[#6:7](-[#6:9])(-[#6:10](=[#8:12])-[#8:13])-[#1])(-[#1])-[#1]>>[#0]-[#6](-[#7:2](-[#1])-[#1])(-[#6](=[#8])-[#8])-[#1].[#6:9]-[#6:7](=[#8])-[#6:10](=[#8:12])-[#8:13]	Any;Any
EVODEX.2-Em4_0	Any;Any;Any	[#6:3]-[#16:2]-[#6:4].[#6:30]-[#16:29]-[#6:31].[#6:56]-[#7:55](-[#6:1](-[#1:105])(-[#1:106])-[#1:107])-[#6:28](-[#1:108])(-[#1:109])-[#1:110]>>[#6:1](-[#16&+:2](-[#6:4])-[#6:3])(-[#1:105])(-[#1:106])-[#1:107].[#6:28](-[#16&+:29](-[#6:31])-[#6:30])(-[#1:108])(-[#1:109])-[#1:110].[#6:56]-[#7:55](-[#1])-[#1]	Any;Any;Any
EVODEX.2-Em5_0	Any;Any;Any	[#6:53](-[#16&+](-[#6])-[#6])(-[#1:61])(-[#1:62])-[#1:63].[#6:55](-[#16&+](-[#6])-[#6])(-[#1:84])(-[#1:85])-[#1:86].[#6:56]-[#7:54](-[#1])-[#1]>>[#6:56]-[#7:54](-[#6:53](-[#1:61])(-[#1:62])-[#1:63])-[#6:55](-[#1:84])(-[#1:85])-[#1:86]	Any
EVODEX.2-Em6_0	Any	[#6:56]-[#7:54](-[#1])-[#1]>>[#6:56]-[#7:54](-[#6](-[#1])(-[#1])-[#1])-[#6](-[#1])(-[#1])-[#1]	Any
EVODEX.2-Em9_0	Any	[#6:29]-[#7:28](-[#6:1](-[#1:93])(-[#1:94])-[#1:95])-[#6:30]>>[#6:1](-[#16&+](-[#6])-[#6])(-[#1:93])(-[#1:94])-[#1:95].[#6:29]-[#7:28](-[#6:30])-[#1]	Any;Any
EVODEX.2-Em10_0	Any;Any	[#6:3]-[#16:2]-[#6:4].[#6:29]-[#7:28](-[#6:1](-[#1:94])(-[#1:95])-[#1:96])-[#6:30]>>[#6:1](-[#16&+:2](-[#6:4])-[#6:3])(-[#1:94])(-[#1:95])-[#1:96].[#6:29]-[#7:28](-[#6:30])-[#1]	Any;Any
EVODEX.2-Em11_0	Any	[#6:29]-[#7:28](-[#6](-[#1])(-[#1])-[#1])-[#6:30]>>[#6:29]-[#7:28](-[#6:30])-[#1]	Any
EVODEX.2-Em12_0	Any;Any	[#6:27](-[#16&+](-[#6])-[#6])(-[#1:50])(-[#1:51])-[#1:52].[#6:29]-[#7:28](-[#1])-[#1]>>[#6:29]-[#7:28](-[#6:27](-[#1:50])(-[#1:51])-[#1:52])-[#1]	Any
EVODEX.2-Em13_0	Any;Any	[#6:27](-[#16&+:1](-[#6:2])-[#6:3])(-[#1:51])(-[#1:52])-[#1:53].[#6:29]-[#7:28](-[#6:30])-[#1]>>[#6:3]-[#16:1]-[#6:2].[#6:29]-[#7:28](-[#6:27](-[#1:51])(-[#1:52])-[#1:53])-[#6:30]	Any;Any
EVODEX.2-Em14_0	Any;Any	[#6:27](-[#16&+](-[#6])-[#6])(-[#1:51])(-[#1:52])-[#1:53].[#6:29]-[#7:28](-[#6:30])-[#1]>>[#6:29]-[#7:28](-[#6:27](-[#1:51])(-[#1:52])-[#1:53])-[#6:30]	Any
EVODEX.2-Em15_0	Any	[#6:29]-[#7:28](-[#6](-[#1])(-[#1])-[#1])-[#1]>>[#6:29]-[#7:28](-[#1])-[#1]	Any
EVODEX.2-Em16_0	Any;Any	[#6:3]-[#16:2]-[#1].[#6:53]-[#7:52](-[#6:1](-[#6:50])=[#8:51])-[#1]>>[#6:50]-[#6:1](=[#8:51])-[#16:2]-[#6:3].[#6:53]-[#7:52](-[#1])-[#1]	Any;Any
EVODEX.2-Em17_0	Any	[#6:3]-[#6:1](-[#7](-[#1])-[#1])=[#8:4]>>[#6:3]-[#6:1](=[#8:4])-[#8]-[#1]	Any
EVODEX.2-Em18_0	Any	[#6:3]-[#6:1](=[#8:4])-[#8:11]-[#1]>>[#6:3]-[#6:1](-[#7](-[#1])-[#1])=[#8:4].[#8:11](-[#1])-[#1]	Any;Any
EVODEX.2-Em19_0	Any;Any	[#6:2]-[#6:1](-[#8:21]-[#1])(-[#6:3])-[#1:26].[#8:13]=[#6:12]=[#8:20]>>[#6:2]-[#6:1](-[#6:3])(-[#1:26])-[#1].[#6]-[#6](=[#8])-[#6:12](=[#8:20])-[#8:13]-[#1].[#8:21]=[#8]	Any;Any;Any
EVODEX.2-Em20_0	Any;Any	[#6:2]-[#6:1](-[#8:21]-[#1])(-[#6:3])-[#1:26].[#8:14]=[#6:11](-[#8:22]-[#1])-[#6:15]>>[#6:2]-[#6:1](-[#6:3])(-[#1:26])-[#1].[#6:15]-[#6:11](=[#8:14])-[#6](=[#8])-[#8].[#8:21]=[#8:22]	Any;Any;Any
EVODEX.2-Em21_0	Any;Any	[#6:2]-[#6:1](-[#8:21]-[#1])(-[#6:3])-[#1:26].[#8]=[#6](-[#8:22]-[#1])-[#6]>>[#6:2]-[#6:1](-[#6:3])(-[#1:26])-[#1].[#8:21]=[#8:22]	Any;Any
EVODEX.2-Em22_0	Any;Any	[#6:3]-[#6:1](-[#6:4])(-[#1:26])-[#1].[#8:2]=[#8]>>[#6:3]-[#6:1](-[#8:2]-[#1])(-[#6:4])-[#1:26]	Any
EVODEX.2-Em23_0	Any;Any	[#6:3]-[#6:1](-[#6:4])(-[#1:26])-[#1].[#8:2]=[#8:13]>>[#6:3]-[#6:1](-[#8:2]-[#1])(-[#6:4])-[#1:26].[#8]=[#6](-[#8:13]-[#1])-[#6]	Any;Any
EVODEX.2-Em24_0	Any;Any;Any	[#6:2]-[#6:1](-[#8:20]-[#1])(-[#6:3])-[#1:23].[#8:13]=[#6:10](-[#8:21]-[#1])-[#6:14].[#8:12]=[#6:11]=[#8:19]>>[#6:2]-[#6:1](-[#6:3])(-[#1:23])-[#1].[#6:14]-[#6:10](=[#8:13])-[#6:11](=[#8:19])-[#8:12]-[#1].[#8:20]=[#8:21]	Any;Any;Any
EVODEX.2-Em25_0	Any	[#6:2]-[#6:1](-[#8]-[#1])(-[#6:3])-[#1:23]>>[#6:2]-[#6:1](-[#6:3])(-[#1:23])-[#1]	Any
EVODEX.2-Em26_0	Any	[#6:2]-[#6:1](-[#8:20]-[#1])(-[#6:3])-[#1:23]>>[#6:2]-[#6:1](-[#6:3])(-[#1:23])-[#1].[#8:20]=[#8]	Any;Any
EVODEX.2-Em27_0	Any	[#6:3]-[#6:1](-[#6:4])(-[#1:25])-[#1]>>[#6:3]-[#6:1](-[#8]-[#1])(-[#6:4])-[#1:25]	Any
EVODEX.2-Em28_0	Any;Any	[#6:3]-[#6:1](-[#6:4])(-[#1:25])-[#1].[#6:13]-[#6:11](=[#8:14])-[#6](=[#8])-[#8]>>[#6:3]-[#6:1](-[#8]-[#1])(-[#6:4])-[#1:25].[#8:14]=[#6:11](-[#8]-[#1])-[#6:13]	Any;Any
EVODEX.2-Em30_0	Any	[#6:50]-[#6:1](=[#8:51])-[#8:56]-[#1]>>[#6:50]-[#6:1](=[#8:51])-[#16]-[#6].[#8]=[#6](-[#8:56]-[#1])-[#6]	Any;Any
EVODEX.2-Em31_0	Any;Any	[#6:3]-[#6:1](=[#8:4])-[#8:11]-[#1].[#6:7]-[#7:2](-[#1])-[#1]>>[#6:3]-[#6:1](=[#8:4])-[#7:2](-[#6:7])-[#1].[#8:11](-[#1])-[#1]	Any;Any
EVODEX.2-Em32_0	Any	[#0]-[#6](=[#8])-[#7:5](-[#6:6])-[#1]>>[#6:6]-[#7:5](-[#1])-[#1]	Any
EVODEX.2-Em33_0	Any	[#0:3]-[#6:1](=[#8:4])-[#7:5](-[#6:6])-[#1]>>[#0:3]-[#6:1](=[#8:4])-[#8]-[#1].[#6:6]-[#7:5](-[#1])-[#1]	Any;Any
EVODEX.2-Em34_0	Any;Any	[#0:3]-[#6:1](=[#8:4])-[#7:5](-[#6:6])-[#1].[#8:2](-[#1])-[#1]>>[#0:3]-[#6:1](=[#8:4])-[#8:2]-[#1].[#6:6]-[#7:5](-[#1])-[#1]	Any;Any
EVODEX.2-Em35_0	Any	[#6:3]-[#6:1](-[#8:30]-[#1])(-[#1:59])-[#1:60]>>[#6:3]-[#6:1](-[#8]-[#15](=[#8])(-[#8])-[#8])(-[#1:59])-[#1:60].[#8]-[#15](=[#8])(-[#8:30]-[#1])-[#8]	Any;Any
EVODEX.2-Em36_0	Any;Any	[#6:3]-[#6:1](-[#8]-[#1])(-[#1:60])-[#1:61].[#8]=[#15](-[#8:2]-[#1])(-[#8])-[#8]>>[#6:3]-[#6:1](-[#8:2]-[#1])(-[#1:60])-[#1:61]	Any
EVODEX.2-Em37_0	Any	[#6:3]-[#6:1](-[#8:22]-[#1])(-[#1:60])-[#1:61]>>[#6:3]-[#6:1](-[#8]-[#1])(-[#1:60])-[#1:61].[#8:22](-[#1])-[#1]	Any;Any
EVODEX.2-Em40_0	Any;Any	[#6:3]-[#6:1](-[#8:27]-[#1])(-[#1:60])-[#1:61].[#8:29]-[#15:28](=[#8:30])(-[#8:31])-[#8:22]-[#15:23](=[#8:24])(-[#8:25])-[#8:26]>>[#6:3]-[#6:1](-[#8]-[#1])(-[#1:60])-[#1:61].[#8:24]=[#15:23](-[#8:22]-[#1])(-[#8:25])-[#8:26].[#8:29]-[#15:28](=[#8:30])(-[#8:27]-[#1])-[#8:31]	Any;Any;Any
EVODEX.2-Em41_0	Any;Any	[#6:43]-[#8:42]-[#6:1](-[#6:3](=[#8:6])-[#8:7])(-[#6:4])-[#8:5].[#8:23]-[#15:22](=[#8:24])(-[#8:2]-[#1])-[#8:25]>>[#6:4]-[#6:1](-[#8:2]-[#15:22](=[#8:24])(-[#8:25])-[#8:23])(-[#6:3](=[#8:6])-[#8:7])-[#8:5].[#6:43]-[#8:42]-[#1]	Any;Any
EVODEX.2-Em42_0	Any;Any	[#6:3]-[#6:1](-[#8:36]-[#16:38](=[#8:39])(=[#8:40])-[#8:41])(-[#6:4])-[#1:78].[#8:42]-[#15:37](=[#8:43])(-[#8:2]-[#1])-[#8:44]>>[#6:3]-[#6:1](-[#8:2]-[#1])(-[#6:4])-[#1:78].[#8:42]-[#15:37](=[#8:43])(-[#8:44])-[#8:36]-[#16:38](=[#8:39])(=[#8:40])-[#8:41]	Any;Any
EVODEX.2-Em45_0	Any	[#6:5](-[#6:4]-[#8:3]-[#1])-[#8:1]-[#6:2](-[#6:88])=[#8:89]>>[#6:5](-[#8:1]-[#1])-[#6:4]-[#8:3]-[#6:2](-[#6:88])=[#8:89]	Any
EVODEX.2-Em46_0	Any	[#6:5]-[#6:1](-[#6:3](-[#8:84])(-[#6:2](-[#6:4](-[#8:89])(-[#1:139])-[#1:140])(-[#8:85])-[#1:138])-[#1:136])(-[#8:6])-[#1:135]>>[#6:5]-[#6:1](-[#6:2](-[#8:85])(-[#6:3](-[#8:84])(-[#6:4](-[#8:89])(-[#1:139])-[#1:140])-[#1:136])-[#1:138])(-[#8:6])-[#1:135]	Any
EVODEX.2-Em48_0	Any;Any	[#6:3]-[#6:1](-[#8:121]-[#15:122](=[#8:123])(-[#8:124])-[#8:125])(-[#8:4])-[#1:151].[#6:16]-[#8:2]-[#1]>>[#6:16]-[#8:2]-[#6:1](-[#8:4])(-[#6:3])-[#1:151].[#8:125]-[#15:122](=[#8:123])(-[#8:121]-[#1])-[#8:124]	Any;Any
EVODEX.2-Em50_0	Any;Any	[#6:51]-[#6:49](=[#8:52])-[#16:1]-[#6:2].[#6:53]-[#8:50]-[#1]>>[#6:2]-[#16:1]-[#1].[#6:53]-[#8:50]-[#6:49](-[#6:51])=[#8:52]	Any;Any
EVODEX.2-Em51_0	Any;Any	[#6:3]-[#6:1](-[#8]-[#1])(-[#6:4])-[#1:83].[#6:53]-[#8:2]-[#1]>>[#6:3]-[#6:1](-[#8:2]-[#6:53])(-[#6:4])-[#1:83]	Any
EVODEX.2-Em52_0	Any;Any	[#6:3]-[#6:1](-[#8:47]-[#6:48])(-[#6:4])-[#1:85].[#8:2](-[#1])-[#1]>>[#6:3]-[#6:1](-[#8:2]-[#1])(-[#6:4])-[#1:85].[#6:48]-[#8:47]-[#1]	Any;Any
EVODEX.2-Em53_0	Any	[#6:3]-[#6:1](-[#8:47]-[#6:48])(-[#6:4])-[#1:85]>>[#6:3]-[#6:1](-[#8]-[#1])(-[#6:4])-[#1:85].[#6:48]-[#8:47]-[#1]	Any;Any
EVODEX.2-Em56_0	Any;Any	[#6:40]-[#8:39]-[#6:1](-[#8:3])(-[#6:4])-[#1:169].[#8:13]-[#15:12](=[#8:14])(-[#8:2]-[#1])-[#8:15]>>[#8:3]-[#6:1](-[#8:2]-[#15:12](=[#8:14])(-[#8:15])-[#8:13])(-[#6:4])-[#1:169].[#6:40]-[#8:39]-[#1]	Any;Any
EVODEX.2-Em58_0	Any;Any	[#6:3]-[#6:1](-[#8:67]-[#1])(-[#6:4])-[#1:98].[#6:47]-[#8:2]-[#1]>>[#6:3]-[#6:1](-[#8:2]-[#6:47])(-[#6:4])-[#1:98].[#8:67](-[#1])-[#1]	Any;Any
EVODEX.2-Em59_0	Any	[#6:43]-[#8:42]-[#6:1](-[#6:3](=[#8:6])-[#8:7])(-[#6:4])-[#8:5]>>[#6:4]-[#6:1](-[#8]-[#15](=[#8])(-[#8])-[#8])(-[#6:3](=[#8:6])-[#8:7])-[#8:5].[#6:43]-[#8:42]-[#1]	Any;Any
EVODEX.2-Em60_0	Any;Any	[#6:3]-[#6:1](-[#8:172]-[#15:173](=[#8:174])(-[#8:175])-[#8:176])(-[#6:4](=[#8:7])-[#8:8])-[#8:5].[#6:22]-[#8:2]-[#1]>>[#6:22]-[#8:2]-[#6:1](-[#6:4](=[#8:7])-[#8:8])(-[#6:3])-[#8:5].[#8:176]-[#15:173](=[#8:174])(-[#8:172]-[#1])-[#8:175]	Any;Any
EVODEX.2-Em62_0	Any;Any	[#6:3]-[#6:1](-[#8]-[#15](=[#8])(-[#8])-[#8])(-[#6:4](=[#8:7])-[#8:8])-[#8:5].[#6:22]-[#8:2]-[#1]>>[#6:22]-[#8:2]-[#6:1](-[#6:4](=[#8:7])-[#8:8])(-[#6:3])-[#8:5]	Any
EVODEX.2-Em63_0	Any;Any	[#6:3]-[#6:1](-[#8]-[#1])(-[#1:27])-[#1:28].[#8:9]-[#15:8](=[#8:10])(-[#8:2]-[#1])-[#8:11]>>[#6:3]-[#6:1](-[#8:2]-[#15:8](=[#8:10])(-[#8:11])-[#8:9])(-[#1:27])-[#1:28]	Any
EVODEX.2-Em64_0	Any;Any	[#0:3]-[#6:1](=[#8:4])-[#8]-[#1].[#6:5]-[#8:2]-[#1]>>[#0:3]-[#6:1](=[#8:4])-[#8:2]-[#6:5]	Any
EVODEX.2-Em65_0	Any;Any	[#0:3]-[#6:1](=[#8:4])-[#8:23]-[#1].[#6:5]-[#8:2]-[#1]>>[#0:3]-[#6:1](=[#8:4])-[#8:2]-[#6:5].[#8:23](-[#1])-[#1]	Any;Any
EVODEX.2-Em66_0	Any;Any	[#0:3]-[#6:1](=[#8:4])-[#8:44]-[#1].[#6:5]-[#7:2](-[#1])-[#1]>>[#0:3]-[#6:1](=[#8:4])-[#7:2](-[#6:5])-[#1].[#8:44](-[#1])-[#1]	Any;Any
EVODEX.2-Em67_0	Any	[#6:5]-[#7:2](-[#1])-[#1]>>[#0]-[#6](=[#8])-[#7:2](-[#6:5])-[#1]	Any
EVODEX.2-Em69_0	Any;Any	[#0:3]-[#6:1](=[#8:4])-[#8]-[#1].[#6:5]-[#7:2](-[#1])-[#1]>>[#0:3]-[#6:1](=[#8:4])-[#7:2](-[#6:5])-[#1]	Any
EVODEX.2-Em70_0	Any	[#6:5]-[#8:2]-[#1]>>[#0]-[#6](=[#8])-[#8:2]-[#6:5]	Any
EVODEX.2-Em72_0	Any;Any	[#0:3]-[#6:1](=[#8:4])-[#8:5]-[#6:6].[#8:2](-[#1])-[#1]>>[#0:3]-[#6:1](=[#8:4])-[#8:2]-[#1].[#6:6]-[#8:5]-[#1]	Any;Any
EVODEX.2-Em73_0	Any;Any	[#6:3]-[#6:1](-[#8:38]-[#1])(-[#1:40])-[#1:41].[#6:20]-[#6:19](=[#8:21])-[#8:2]-[#1]>>[#6:3]-[#6:1](-[#8:2]-[#6:19](=[#8:21])-[#6:20])(-[#1:40])-[#1:41].[#8:38](-[#1])-[#1]	Any;Any
EVODEX.2-Em74_0	Any;Any	[#6:3]-[#6:1](-[#8]-[#1])(-[#1:40])-[#1:41].[#6:20]-[#6:19](=[#8:21])-[#8:2]-[#1]>>[#6:3]-[#6:1](-[#8:2]-[#6:19](=[#8:21])-[#6:20])(-[#1:40])-[#1:41]	Any
EVODEX.2-Em76_0	Any	[#0:3]-[#6:1](=[#8:4])-[#8:5]-[#6:6]>>[#0:3]-[#6:1](=[#8:4])-[#8]-[#1].[#6:6]-[#8:5]-[#1]	Any;Any
EVODEX.2-Em77_0	Any;Any	[#6:3]-[#6:1](-[#8:19]-[#6:20](=[#8:21])-[#6:22])(-[#1:40])-[#1:41].[#8:2](-[#1])-[#1]>>[#6:3]-[#6:1](-[#8:2]-[#1])(-[#1:40])-[#1:41].[#6:22]-[#6:20](=[#8:21])-[#8:19]-[#1]	Any;Any
EVODEX.2-Em79_0	Any;Any	[#6:3]-[#16:2]-[#1].[#0:50]-[#6:1](=[#8:51])-[#8:52]-[#6:53]>>[#0:50]-[#6:1](=[#8:51])-[#16:2]-[#6:3].[#6:53]-[#8:52]-[#1]	Any;Any
EVODEX.2-Em80_0	Any	[#0]-[#6](=[#8])-[#8:52]-[#6:53]>>[#6:53]-[#8:52]-[#1]	Any
EVODEX.2-Em81_0	Any	[#0:50]-[#6:1](=[#8:51])-[#8:52]-[#6:53]>>[#0:50]-[#6:1](=[#8:51])-[#16]-[#6].[#6:53]-[#8:52]-[#1]	Any;Any
EVODEX.2-Em83_0	Any;Any	[#6:3]-[#6:1](-[#8:28]-[#15:29](=[#8:30])(-[#8:31])-[#8:32])(-[#6:4])-[#1:46].[#8:2](-[#1])-[#1]>>[#6:4]-[#6:1](-[#8:2]-[#1])(-[#6:3])-[#1:46].[#8:30]=[#15:29](-[#8:28]-[#1])(-[#8:31])-[#8:32]	Any;Any
EVODEX.2-Em84_0	Any;Any	[#6:3]-[#6:1](-[#8:28]-[#15:30](=[#8:31])(-[#8:32])-[#8:33])(-[#6:4])-[#1:70].[#8:34]-[#15:29](=[#8:35])(-[#8:2]-[#1])-[#8:36]>>[#6:3]-[#6:1](-[#8:2]-[#1])(-[#6:4])-[#1:70].[#8:34]-[#15:29](=[#8:35])(-[#8:36])-[#8:28]-[#15:30](=[#8:31])(-[#8:32])-[#8:33]	Any;Any
EVODEX.2-Em85_0	Any;Any	[#6:3]-[#6:1](-[#8:40]-[#1])(-[#6:4])-[#1:76].[#8:42]-[#15:41](=[#8:43])(-[#8:44])-[#8:2]-[#15:36](=[#8:37])(-[#8:38])-[#8:39]>>[#6:4]-[#6:1](-[#8:2]-[#15:36](=[#8:37])(-[#8:38])-[#8:39])(-[#6:3])-[#1:76].[#8:42]-[#15:41](=[#8:43])(-[#8:40]-[#1])-[#8:44]	Any;Any
EVODEX.2-Em86_0	Any	[#6:3]-[#6:1](-[#8:40]-[#1])(-[#6:4])-[#1:76]>>[#6:4]-[#6:1](-[#8]-[#15](=[#8])(-[#8])-[#8])(-[#6:3])-[#1:76].[#8]-[#15](=[#8])(-[#8:40]-[#1])-[#8]	Any;Any
EVODEX.2-Em87_0	Any;Any	[#0:3]-[#6:1](=[#8:4])-[#8:28]-[#6:29].[#6:5]-[#8:2]-[#1]>>[#0:3]-[#6:1](=[#8:4])-[#8:2]-[#6:5].[#6:29]-[#8:28]-[#1]	Any;Any
EVODEX.2-Em88_0	Any;Any	[#6:3]-[#6:1](-[#8]-[#1])(-[#6:4])-[#1:62].[#8]=[#15](-[#8:2]-[#1])(-[#8])-[#8]>>[#6:3]-[#6:1](-[#8:2]-[#1])(-[#6:4])-[#1:62]	Any
EVODEX.2-Em89_0	Any	[#6:3]-[#6:1](-[#8:22]-[#1])(-[#6:4])-[#1:62]>>[#6:3]-[#6:1](-[#8]-[#1])(-[#6:4])-[#1:62].[#8:22](-[#1])-[#1]	Any;Any
EVODEX.2-Em90_0	Any;Any	[#6:3]-[#6:1](-[#8:22]-[#1])(-[#6:4])-[#1:62].[#8]=[#15](-[#8:2]-[#1])(-[#8])-[#8]>>[#6:3]-[#6:1](-[#8:2]-[#1])(-[#6:4])-[#1:62].[#8:22](-[#1])-[#1]	Any;Any
EVODEX.2-Em93_0	Any;Any	[#0:51]-[#6:49](=[#8:52])-[#16:1]-[#6:2].[#6:53]-[#8:50]-[#1]>>[#6:2]-[#16:1]-[#1].[#0:51]-[#6:49](=[#8:52])-[#8:50]-[#6:53]	Any;Any
EVODEX.2-Em94_0	Any;Any	[#0:51]-[#6:49](=[#8:52])-[#16]-[#6].[#6:53]-[#8:50]-[#1]>>[#6:53]-[#8:50]-[#6:49](-[#0:51])=[#8:52]	Any
EVODEX.2-Em95_0	Any	[#6:3]-[#6:1](=[#8:4])-[#1]>>[#6:3]-[#6:1](=[#8:4])-[#8]-[#1]	Any
EVODEX.2-Em103_0	Any;Any	[#6:3]-[#6:1](=[#8:4])-[#8:7]-[#1].[#8]=[#15](-[#8:2]-[#1])(-[#8])-[#8]>>[#6:3]-[#6:1](=[#8:4])-[#8:2]-[#1].[#8:7](-[#1])-[#1]	Any;Any
EVODEX.2-Em104_0	Any;Any	[#6:3]-[#6:1](=[#8:4])-[#8:12]-[#1].[#8:14]-[#15:13](=[#8:15])(-[#8:16])-[#8:7]-[#15:8](=[#8:9])(-[#8:10])-[#8:11]>>[#6:3]-[#6:1](=[#8:4])-[#8]-[#1].[#8:9]=[#15:8](-[#8:7]-[#1])(-[#8:10])-[#8:11].[#8:14]-[#15:13](=[#8:15])(-[#8:12]-[#1])-[#8:16]	Any;Any;Any
EVODEX.2-Em110_0	Any	[#6:29]-[#8:28]-[#6](-[#1])(-[#1])-[#1]>>[#6:29]-[#8:28]-[#1]	Any
EVODEX.2-Em111_0	Any;Any	[#6:3]-[#6:1](-[#8]-[#1])(-[#6:4])-[#1:22].[#8:15]=[#15:14](-[#8:2]-[#1])(-[#8:16])-[#8:17]>>[#6:3]-[#6:1](-[#8:2]-[#15:14](=[#8:15])(-[#8:16])-[#8:17])(-[#6:4])-[#1:22]	Any
EVODEX.2-Em112_0	Any	[#6:3]-[#6:1](-[#8:18]-[#1])(-[#6:4])-[#1:22]>>[#6:3]-[#6:1](-[#8]-[#15](=[#8])(-[#8])-[#8])(-[#6:4])-[#1:22].[#8:18](-[#1])-[#1]	Any;Any
EVODEX.2-Em114_0	Any;Any	[#6:1](=[#6:2](-[#8:3]-[#15:8](=[#8:9])(-[#8:10])-[#8:11])-[#6:4](=[#8:5])-[#8:6])(-[#1:28])-[#1:29].[#8:13]-[#15:12](=[#8:14])(-[#8:7]-[#1])-[#8:15]>>[#6:1](-[#6:2](=[#8:3])-[#6:4](=[#8:5])-[#8:6])(-[#1:28])(-[#1:29])-[#1].[#8:13]-[#15:12](=[#8:14])(-[#8:15])-[#8:7]-[#15:8](=[#8:9])(-[#8:10])-[#8:11]	Any;Any
EVODEX.2-Em115_0	Any;Any	[#6](=[#6](-[#8]-[#15:8](=[#8:9])(-[#8:10])-[#8:11])-[#6](=[#8])-[#8])(-[#1])-[#1].[#8:13]-[#15:12](=[#8:14])(-[#8:7]-[#1])-[#8:15]>>[#8:13]-[#15:12](=[#8:14])(-[#8:15])-[#8:7]-[#15:8](=[#8:9])(-[#8:10])-[#8:11]	Any
EVODEX.2-Em116_0	Any;Any	[#6:3]-[#6:1](-[#8:14]-[#15:16](=[#8:17])(-[#8:18])-[#8:19])(-[#1:52])-[#1:53].[#8:24]-[#15:15](=[#8:25])(-[#8:26])-[#8:2]-[#15:10](=[#8:11])(-[#8:12])-[#8:13]>>[#6:3]-[#6:1](-[#8:2]-[#15:10](=[#8:11])(-[#8:12])-[#8:13])(-[#1:52])-[#1:53].[#8:24]-[#15:15](=[#8:25])(-[#8:26])-[#8:14]-[#15:16](=[#8:17])(-[#8:18])-[#8:19]	Any;Any
EVODEX.2-Em117_0	Any;Any	[#8:31]-[#15:30](=[#8:32])(-[#8:28]-[#1])-[#8:33].[#8]-[#15](=[#8])(-[#8])-[#8]-[#15:29](=[#8:46])(-[#8:47])-[#8:48]>>[#8:31]-[#15:30](=[#8:32])(-[#8:33])-[#8:28]-[#15:29](=[#8:46])(-[#8:47])-[#8:48]	Any
EVODEX.2-Em118_0	Any	[#8:3]-[#15:2](=[#8:4])(-[#8:5])-[#8:1]-[#15:19](=[#8:46])(-[#8:47])-[#8:48]>>[#8:3]-[#15:2](=[#8:4])(-[#8:1]-[#1])-[#8:5].[#8]-[#15](=[#8])(-[#8])-[#8]-[#15:19](=[#8:46])(-[#8:47])-[#8:48]	Any;Any
EVODEX.2-Em119_0	Any	[#6:3]-[#6:1](-[#8:14]-[#15:15](=[#8:16])(-[#8:17])-[#8:18])(-[#6:4])-[#1:41]>>[#6:3]-[#6:1](-[#8]-[#1])(-[#6:4])-[#1:41].[#8:18]-[#15:15](=[#8:16])(-[#8:14]-[#1])-[#8:17]	Any;Any
EVODEX.2-Em120_0	Any;Any	[#6:2]-[#6:1](=[#8:3])-[#8]-[#1].[#7:32]-[#6:31](=[#8:33])-[#6:25]1:[#6:30](:[#6:29](:[#6:28](:[#7&+:27](-[#6:34]):[#6:26]:1-[#1:131])-[#1:108])-[#1:107])-[#1:106]>>[#6:2]-[#6:1](=[#8:3])-[#1].[#7:32]-[#6:31](=[#8:33])-[#6:25]1=[#6:26](-[#7:27](-[#6:34])-[#6:28](=[#6:29](-[#6:30]-1(-[#1:106])-[#1])-[#1:107])-[#1:108])-[#1:131]	Any;Any
EVODEX.2-Em121_0	Any;Any;Any	[#6:2]-[#6:1](-[#8:68]-[#1])(-[#1:85])-[#1:86].[#7:31]-[#6:30](=[#8:32])-[#6:24]1:[#6:29](:[#6:28](:[#6:27](:[#7&+:26](-[#6:33]):[#6:25]:1-[#1:132])-[#1:109])-[#1:108])-[#1:107].[#8:69](-[#1])-[#1]>>[#6:2]-[#6:1](-[#1:85])(-[#1:86])-[#1].[#7:31]-[#6:30](=[#8:32])-[#6:24]1=[#6:25](-[#7:26](-[#6:33])-[#6:27](=[#6:28](-[#6:29]-1(-[#1:107])-[#1])-[#1:108])-[#1:109])-[#1:132].[#8:68]=[#8:69]	Any;Any;Any
EVODEX.2-Em122_0	Any;Any	[#6:2]-[#6:1](-[#8:68]-[#1])(-[#1:85])-[#1:86].[#7:31]-[#6:30](=[#8:32])-[#6:24]1:[#6:29](:[#6:28](:[#6:27](:[#7&+:26](-[#6:33]):[#6:25]:1-[#1:132])-[#1:109])-[#1:108])-[#1:107]>>[#6:2]-[#6:1](-[#1:85])(-[#1:86])-[#1].[#7:31]-[#6:30](=[#8:32])-[#6:24]1=[#6:25](-[#7:26](-[#6:33])-[#6:27](=[#6:28](-[#6:29]-1(-[#1:107])-[#1])-[#1:108])-[#1:109])-[#1:132].[#8:68]=[#8]	Any;Any;Any
EVODEX.2-Em123_0	Any	[#6:11]-[#6:1](-[#8]-[#1])(-[#6:7]-[#8:4]-[#15:3](=[#8:5])(-[#8:2]-[#1])-[#8:6])-[#1:20]>>[#6:11]-[#6:1]1(-[#8:2]-[#15:3](=[#8:5])(-[#8:6])-[#8:4]-[#6:7]-1)-[#1:20]	Any
EVODEX.2-Em124_0	Any;Any	[#6:4]-[#6:2]1(-[#6:5]-[#8:9]-[#15:11](=[#8:13])(-[#8:14])-[#8:1]-1)-[#1:22].[#8:3](-[#1])-[#1]>>[#6:4]-[#6:2](-[#6:5]-[#8:9]-[#15:11](=[#8:13])(-[#8:1]-[#1])-[#8:14])(-[#8:3]-[#1])-[#1:22]	Any
EVODEX.2-Em125_0	Any;Any	[#6:27](-[#16&+](-[#6])-[#6])(-[#1:42])(-[#1:43])-[#1:44].[#6:29]-[#8:28]-[#1]>>[#6:29]-[#8:28]-[#6:27](-[#1:42])(-[#1:43])-[#1:44]	Any
EVODEX.2-Em126_0	Any	[#6:29]-[#8:28]-[#6:1](-[#1:70])(-[#1:71])-[#1:72]>>[#6:1](-[#16&+](-[#6])-[#6])(-[#1:70])(-[#1:71])-[#1:72].[#6:29]-[#8:28]-[#1]	Any;Any
EVODEX.2-Em127_0	Any	[#6:11]-[#6:1](-[#8:18]-[#1])(-[#6:7]-[#8:4]-[#15:3](=[#8:5])(-[#8:2]-[#1])-[#8:6])-[#1:24]>>[#6:11]-[#6:1]1(-[#8:2]-[#15:3](=[#8:5])(-[#8:6])-[#8:4]-[#6:7]-1)-[#1:24].[#8:18](-[#1])-[#1]	Any;Any
EVODEX.2-Em128_0	Any;Any	[#6:4]-[#8:2]-[#1].[#8:27]-[#15:3](=[#8:34])(-[#8:35])-[#8:1]-[#6:21]>>([#6:4]-[#8:2]-[#15:3](=[#8:34])(-[#8:35])-[#8:27].[#6:21]-[#8:1]-[#1])	Any
EVODEX.2-Em129_0	Any;Any	[#8:22]-[#15:21](=[#8:23])(-[#8:19]-[#1])-[#8:24].[#8:3]-[#15:2](=[#8:4])(-[#8:5])-[#8:1]-[#15:20](=[#8:47])(-[#8:48])-[#8:49]>>[#8:3]-[#15:2](=[#8:4])(-[#8:1]-[#1])-[#8:5].[#8:22]-[#15:21](=[#8:23])(-[#8:24])-[#8:19]-[#15:20](=[#8:47])(-[#8:48])-[#8:49]	Any;Any
EVODEX.2-Em131_0	Any;Any	[#6:3]-[#16:2]-[#1].[#6:71]-[#8:70]-[#6:1](=[#8:50])-[#6:51]>>[#6:51]-[#6:1](=[#8:50])-[#16:2]-[#6:3].[#6:71]-[#8:70]-[#1]	Any;Any
EVODEX.2-Em133_0	Any	[#6:29]-[#7:28](-[#1])-[#1]>>[#6:29]-[#7:28](-[#6](-[#1])(-[#1])-[#1])-[#1]	Any
EVODEX.2-Em134_0	Any;Any	[#0:3]-[#6:1](-[#6:4])(-[#1:9])-[#1].[#8:2](-[#8]-[#1])-[#1]>>[#0:3]-[#6:1](-[#8:2]-[#1])(-[#6:4])-[#1:9]	Any
EVODEX.2-Em135_0	Any	[#6:13]-[#7:2]=[#6:1](-[#6:3])-[#1:19]>>[#6:13]-[#7:2](-[#6:1](-[#6:3])(-[#1:19])-[#1])-[#1]	Any
EVODEX.2-Em136_0	Any;Any	[#6:3]-[#6:1](=[#8:4])-[#7:8](-[#6:9])-[#1].[#8:2](-[#1])-[#1]>>[#6:3]-[#6:1](=[#8:4])-[#8:2]-[#1].[#7:8](-[#6:9])(-[#1])-[#1]	Any;Any
EVODEX.2-Em137_0	Any	[#6:3]-[#6:1](-[#8:39]-[#1])(-[#6:4])-[#1:87]>>[#6:3]-[#6:1](-[#8]-[#16](=[#8])(=[#8])-[#8])(-[#6:4])-[#1:87].[#8]-[#15](=[#8])(-[#8:39]-[#1])-[#8]	Any;Any
EVODEX.2-Em138_0	Any;Any	[#6:3]-[#6:1](-[#8]-[#16](=[#8])(=[#8])-[#8])(-[#6:4])-[#1:87].[#8]-[#15](=[#8])(-[#8:2]-[#1])-[#8]>>[#6:3]-[#6:1](-[#8:2]-[#1])(-[#6:4])-[#1:87]	Any
EVODEX.2-Em140_0	Any;Any;Any	[#6:2]-[#6:1](-[#8]-[#1])(-[#6:3])-[#1:28].[#8:17]=[#6:14](-[#8]-[#1])-[#6:18].[#8:16]=[#6:15]=[#8:23]>>[#6:2]-[#6:1](-[#6:3])(-[#1:28])-[#1].[#6:18]-[#6:14](=[#8:17])-[#6:15](=[#8:23])-[#8:16]-[#1]	Any;Any
EVODEX.2-Em141_0	Any;Any	[#6:3]-[#16:2]-[#6:4].[#6:30]-[#6:29](=[#8:31])-[#8:28]-[#6:1](-[#1:62])(-[#1:63])-[#1:64]>>[#6:1](-[#16&+:2](-[#6:4])-[#6:3])(-[#1:62])(-[#1:63])-[#1:64].[#6:30]-[#6:29](=[#8:31])-[#8:28]-[#1]	Any;Any
EVODEX.2-Em142_0	Any	[#6:30]-[#6:29](=[#8:31])-[#8:28]-[#6:1](-[#1:62])(-[#1:63])-[#1:64]>>[#6:1](-[#16&+](-[#6])-[#6])(-[#1:62])(-[#1:63])-[#1:64].[#6:30]-[#6:29](=[#8:31])-[#8:28]-[#1]	Any;Any
EVODEX.2-Em143_0	Any;Any	[#6:27](-[#16&+:1](-[#6:2])-[#6:3])(-[#1:38])(-[#1:39])-[#1:40].[#6:30]-[#6:29](=[#8:31])-[#8:28]-[#1]>>[#6:3]-[#16:1]-[#6:2].[#6:30]-[#6:29](=[#8:31])-[#8:28]-[#6:27](-[#1:38])(-[#1:39])-[#1:40]	Any;Any
EVODEX.2-Em144_0	Any;Any	[#6:27](-[#16&+](-[#6])-[#6])(-[#1:38])(-[#1:39])-[#1:40].[#6:30]-[#6:29](=[#8:31])-[#8:28]-[#1]>>[#6:30]-[#6:29](=[#8:31])-[#8:28]-[#6:27](-[#1:38])(-[#1:39])-[#1:40]	Any
EVODEX.2-Em145_0	Any;Any	[#6:3]-[#6:1](=[#8:4])-[#7](-[#6])-[#1].[#8]=[#15](-[#8:2]-[#1])(-[#8])-[#8]>>[#6:3]-[#6:1](=[#8:4])-[#8:2]-[#1]	Any
EVODEX.2-Em146_0	Any;Any;Any	[#6:3]-[#6:1](=[#8:4])-[#7](-[#6])-[#1].[#8:34]-[#15:33](=[#8:35])(-[#8:31]-[#1])-[#8:36].[#8:59]=[#15:32](-[#8:2]-[#1])(-[#8:60])-[#8:61]>>[#6:3]-[#6:1](=[#8:4])-[#8:2]-[#1].[#8:34]-[#15:33](=[#8:35])(-[#8:36])-[#8:31]-[#15:32](=[#8:59])(-[#8:60])-[#8:61]	Any;Any
EVODEX.2-Em148_0	Any;Any	[#6:3]-[#6:1](=[#8:4])-[#8:22]-[#15:24](=[#8:25])(-[#8:26])-[#8:27].[#8:28]-[#15:23](=[#8:29])(-[#8:2]-[#1])-[#8:30]>>[#6:3]-[#6:1](=[#8:4])-[#8:2]-[#1].[#8:28]-[#15:23](=[#8:29])(-[#8:30])-[#8:22]-[#15:24](=[#8:25])(-[#8:26])-[#8:27]	Any;Any
EVODEX.2-Em150_0	Any;Any	[#7:2](-[#6:21](-[#6:23])(-[#6:24](=[#8:26])-[#8:27])-[#1])(-[#1])-[#1].[#6:3]-[#6:1](=[#8:22])-[#1:54]>>[#6:3]-[#6:1](-[#7:2](-[#1])-[#1])(-[#1:54])-[#1].[#6:23]-[#6:21](=[#8:22])-[#6:24](=[#8:26])-[#8:27]	Any;Any
EVODEX.2-Em152_0	Any	[#6:3]-[#6:1](=[#8])-[#1:54]>>[#6:3]-[#6:1](-[#7](-[#1])-[#1])(-[#1:54])-[#1]	Any
EVODEX.2-Em154_0	Any;Any	[#6:13]-[#6:11](-[#7:2](-[#1])-[#1])(-[#1:42])-[#1].[#6:3]-[#6:1](=[#8:12])-[#6:4](=[#8:6])-[#8:7]>>[#7:2](-[#6:1](-[#6:3])(-[#6:4](=[#8:6])-[#8:7])-[#1])(-[#1])-[#1].[#6:13]-[#6:11](=[#8:12])-[#1:42]	Any;Any
EVODEX.2-Em157_0	Any;Any	[#6:3]-[#6:1](=[#8:4])-[#8:26]-[#1].[#8:28]-[#15:27](=[#8:29])(-[#8:30])-[#8:21]-[#15:22](=[#8:23])(-[#8:24])-[#8:25]>>[#6:3]-[#6:1](=[#8:4])-[#7](-[#6])-[#1].[#8:23]=[#15:22](-[#8:21]-[#1])(-[#8:24])-[#8:25].[#8:28]-[#15:27](=[#8:29])(-[#8:26]-[#1])-[#8:30]	Any;Any;Any
EVODEX.2-Em158_0	Any;Any	[#6:3]-[#6:1](=[#8:4])-[#8:47]-[#1].[#6:12]-[#8:2]-[#1]>>[#6:3]-[#6:1](=[#8:4])-[#8:2]-[#6:12].[#8:47](-[#1])-[#1]	Any;Any
EVODEX.2-Em159_0	Any;Any;Any	[#6:3]-[#6:1](=[#8:12])-[#1:23].[#7:2](-[#1])(-[#1])-[#1].[#8:13](-[#8:14]-[#1])-[#1]>>[#6:3]-[#6:1](-[#7:2](-[#1])-[#1])(-[#1:23])-[#1].[#8:12](-[#1])-[#1].[#8:13]=[#8:14]	Any;Any;Any
EVODEX.2-Em160_0	Any;Any;Any	[#6:3]-[#6:1](=[#8])-[#1:23].[#7:2](-[#1])(-[#1])-[#1].[#8:13](-[#8:14]-[#1])-[#1]>>[#6:3]-[#6:1](-[#7:2](-[#1])-[#1])(-[#1:23])-[#1].[#8:13]=[#8:14]	Any;Any
EVODEX.2-Em163_0	Any;Any	[#6:51]-[#6:49](=[#8:52])-[#16:1]-[#6:2].[#6:55]-[#7:50](-[#1])-[#1]>>[#6:2]-[#16:1]-[#1].[#6:55]-[#7:50](-[#6:49](=[#8:52])-[#6:51])-[#1]	Any;Any
EVODEX.2-Em164_0	Any;Any	[#8:3]-[#6:1](-[#8]-[#1])(-[#6:4])-[#1:61].[#6:37]-[#7:2](-[#1])-[#1]>>[#6:37]-[#7:2](-[#6:1](-[#8:3])(-[#6:4])-[#1:61])-[#1]	Any
EVODEX.2-Em166_0	Any;Any	[#6:3]-[#6:1](-[#7:12](-[#1])-[#1])(-[#1:23])-[#1].[#8:2](-[#1])-[#1]>>[#6:3]-[#6:1](=[#8:2])-[#1:23].[#7:12](-[#1])(-[#1])-[#1]	Any;Any
EVODEX.2-Em169_0	Any;Any	[#6:25]-[#16:24]-[#1].[#6:2]-[#16:1]-[#6:23](-[#6:72])=[#8:73]>>[#6:2]-[#16:1]-[#1].[#6:72]-[#6:23](=[#8:73])-[#16:24]-[#6:25]	Any;Any
EVODEX.2-Em170_0	Any;Any	[#6:3]-[#6:1](-[#6:4])(-[#1:28])-[#1].[#6:17]-[#6:15](=[#8:18])-[#6:23](=[#8:25])-[#8:24]-[#1]>>[#6:3]-[#6:1](-[#8]-[#1])(-[#6:4])-[#1:28].[#8:18]=[#6:15](-[#8]-[#1])-[#6:17].[#8:24]=[#6:23]=[#8:25]	Any;Any;Any
EVODEX.2-Em171_0	Any;Any	[#6:3]-[#6:1](-[#8:23]-[#1])(-[#1:26])-[#1:27].[#6:9]-[#8:2]-[#1]>>[#6:3]-[#6:1](-[#8:2]-[#6:9])(-[#1:26])-[#1:27].[#8:23](-[#1])-[#1]	Any;Any
EVODEX.2-Em172_0	Any;Any	[#6:3]-[#6:1](-[#8]-[#1])(-[#1:37])-[#1:38].[#6:9]-[#8:2]-[#1]>>[#6:3]-[#6:1](-[#8:2]-[#6:9])(-[#1:37])-[#1:38]	Any
EVODEX.2-Em173_0	Any;Any	[#6:3]-[#6:1](-[#8:30]-[#1])(-[#1:33])-[#1:34].[#8:10]-[#15:9](=[#8:11])(-[#8:2]-[#1])-[#8:12]>>[#6:3]-[#6:1](-[#8:2]-[#15:9](=[#8:11])(-[#8:12])-[#8:10])(-[#1:33])-[#1:34].[#8:30](-[#1])-[#1]	Any;Any
EVODEX.2-Em174_0	Any	[#6:51]-[#6:49](=[#8:52])-[#16:1]-[#6:2]>>[#6:2]-[#16:1]-[#1].[#6]-[#8]-[#6:49](=[#8:52])-[#6:51]	Any;Any
EVODEX.2-Em175_0	Any	[#6:51]-[#6:49](=[#8:52])-[#16]-[#6]>>[#6]-[#8]-[#6:49](=[#8:52])-[#6:51]	Any
EVODEX.2-Em176_0	Any	[#6:2]-[#8:1]-[#15](=[#8])(-[#8])-[#8]>>[#6:2]-[#8:1]-[#1]	Any
EVODEX.2-Em177_0	Any;Any	[#6:3]-[#16:2]-[#1].[#6]-[#8]-[#6:1](=[#8:50])-[#6:51]>>[#6:51]-[#6:1](=[#8:50])-[#16:2]-[#6:3]	Any
EVODEX.2-Em178_0	Any	[#6]-[#8]-[#6:1](=[#8:50])-[#6:51]>>[#6:51]-[#6:1](=[#8:50])-[#16]-[#6]	Any
EVODEX.2-Em179_0	Any;Any	[#6:3]-[#6:1](-[#8]-[#1])(-[#6:4])-[#1:84].[#8]-[#15](=[#8])(-[#8])-[#8:2]-[#16:34](=[#8:35])(=[#8:36])-[#8:37]>>[#6:3]-[#6:1](-[#8:2]-[#16:34](=[#8:35])(=[#8:36])-[#8:37])(-[#6:4])-[#1:84]	Any
EVODEX.2-Em180_0	Any;Any	[#6:4]-[#6:1](-[#6:3])(-[#8]-[#15](=[#8])(-[#8])-[#8])-[#1:102].[#8]-[#15](=[#8])(-[#8:2]-[#1])-[#8]>>[#6:4]-[#6:1](-[#6:3])(-[#8:2]-[#1])-[#1:102]	Any
EVODEX.2-Em182_0	Any;Any	[#6:3]-[#16:2]-[#1].[#16:53]-[#6:52](=[#8:54])-[#6:49](-[#6:1](=[#8:31])-[#6:32])(-[#1:135])-[#1:136]>>[#6:3]-[#16:2]-[#6:1](=[#8:31])-[#6:32].[#16:53]-[#6:52](=[#8:54])-[#6:49](-[#6](=[#8])-[#8])(-[#1:135])-[#1:136]	Any;Any
EVODEX.2-Em184_0	Any;Any;Any	[#6:3]-[#16:2]-[#1].[#6:43]-[#6:40](-[#7:44])(-[#6:1](=[#8:31])-[#6:32])-[#1:75].[#8:42]=[#6:41]=[#8:45]>>[#6:3]-[#16:2]-[#6:1](=[#8:31])-[#6:32].[#6:43]-[#6:40](-[#7:44])(-[#6:41](=[#8:45])-[#8:42]-[#1])-[#1:75]	Any;Any
EVODEX.2-Em185_0	Any	[#6:31]-[#6:1](=[#8:32])-[#8]-[#15](=[#8])(-[#8])-[#8]>>[#6]-[#16]-[#6:1](=[#8:32])-[#6:31]	Any
EVODEX.2-Em187_0	Any;Any	[#6:3]-[#16:2]-[#1].[#6:31]-[#6:1](=[#8:32])-[#8:52]-[#1]>>[#6:3]-[#16:2]-[#6:1](=[#8:32])-[#6:31].[#8:52](-[#1])-[#1]	Any;Any
EVODEX.2-Em189_0	Any;Any	[#6:3]-[#16:2]-[#1].[#6:31]-[#6:1](=[#8:32])-[#8]-[#15](=[#8])(-[#8])-[#8]>>[#6:3]-[#16:2]-[#6:1](=[#8:32])-[#6:31]	Any
EVODEX.2-Em190_0	Any	[#6:31]-[#6:1](=[#8:32])-[#8:39]-[#15:40](=[#8:41])(-[#8:42])-[#8:43]>>[#6]-[#16]-[#6:1](=[#8:32])-[#6:31].[#8:43]-[#15:40](=[#8:41])(-[#8:39]-[#1])-[#8:42]	Any;Any
EVODEX.2-Em191_0	Any;Any	[#6:3]-[#16:2]-[#1].[#6:31]-[#6:1](=[#8:32])-[#8:41]-[#15:42](=[#8:43])(-[#8:44])-[#8:45]>>[#6:3]-[#16:2]-[#6:1](=[#8:32])-[#6:31].[#8:45]-[#15:42](=[#8:43])(-[#8:41]-[#1])-[#8:44]	Any;Any
EVODEX.2-Em192_0	Any;Any	[#6:100]-[#16:99]-[#1].[#6:128]-[#6:98](-[#8:97]-[#1])(-[#1])-[#1]>>[#6:100]-[#16:99]-[#6:98](=[#8:97])-[#6:128]	Any
EVODEX.2-Em193_0	Any;Any	[#6:3]-[#16:2]-[#1].[#6:31]-[#6:1](=[#8:32])-[#8]-[#1]>>[#6:3]-[#16:2]-[#6:1](=[#8:32])-[#6:31]	Any
EVODEX.2-Em195_0	Any	[#6:2]-[#16:1]-[#6:30](=[#8:32])-[#6:33]>>[#6:2]-[#16:1]-[#1].[#6:33]-[#6:30](=[#8:32])-[#8]-[#15](=[#8])(-[#8])-[#8]	Any;Any
EVODEX.2-Em197_0	Any	[#6:2]-[#16:1]-[#6:30](=[#8:32])-[#6:33]>>[#6:2]-[#16:1]-[#1].[#6:33]-[#6:30](=[#8:32])-[#8]-[#1]	Any;Any
EVODEX.2-Em200_0	Any	[#6]-[#16]-[#6:30](=[#8:32])-[#6:33]>>[#8]-[#15](=[#8])(-[#8])-[#8]-[#6:30](=[#8:32])-[#6:33]	Any
EVODEX.2-Em201_0	Any	[#16:4]-[#6:3](=[#8:5])-[#6:1](=[#6:2](-[#6:34])-[#1:134])-[#1:133]>>[#16:4]-[#6:3](=[#8:5])-[#6:1](-[#6:2](-[#6:34])(-[#1:134])-[#1])(-[#1:133])-[#1]	Any
EVODEX.2-Em202_0	Any	[#16:5]-[#6:4](=[#8:6])-[#6:1](=[#6:2](-[#6:35])-[#1:62])-[#1:61]>>[#16:5]-[#6:4](=[#8:6])-[#6:1](-[#6:2](-[#6:35])(-[#8]-[#1])-[#1:62])(-[#1:61])-[#1]	Any
EVODEX.2-Em203_0	Any;Any	[#16:5]-[#6:4](=[#8:6])-[#6:1](=[#6:2](-[#6:35])-[#1:70])-[#1:69].[#8:3](-[#1])-[#1]>>[#16:5]-[#6:4](=[#8:6])-[#6:1](-[#6:2](-[#8:3]-[#1])(-[#6:35])-[#1:70])(-[#1:69])-[#1]	Any
EVODEX.2-Em204_0	Any;Any	[#7:52]-[#6:51](=[#8:53])-[#6:45]1=[#6:50](-[#7:49](-[#6:54])-[#6:48](=[#6:47](-[#6:46]-1(-[#1:121])-[#1])-[#1:120])-[#1:119])-[#1:95].[#16:4]-[#6:3](=[#8:5])-[#6:1](=[#6:2](-[#6:34])-[#1:149])-[#1:148]>>[#16:4]-[#6:3](=[#8:5])-[#6:1](-[#6:2](-[#6:34])(-[#1:149])-[#1])(-[#1:148])-[#1].[#7:52]-[#6:51](=[#8:53])-[#6:45]1:[#6:46](:[#6:47](:[#6:48](:[#7&+:49](-[#6:54]):[#6:50]:1-[#1:95])-[#1:119])-[#1:120])-[#1:121]	Any;Any
EVODEX.2-Em205_0	Any;Any	[#6]-[#16]-[#6:30](=[#8:32])-[#6:33].[#8:39]-[#15:38](=[#8:40])(-[#8:31]-[#1])-[#8:41]>>[#6:33]-[#6:30](=[#8:32])-[#8:31]-[#15:38](=[#8:40])(-[#8:41])-[#8:39]	Any
EVODEX.2-Em207_0	Any;Any	[#16:59]-[#6:58](=[#8:60])-[#6:55](-[#6:1](=[#8:50])-[#6:51])(-[#1:151])-[#1:152].[#8:57]=[#6:56]=[#8:89]>>[#6:51]-[#6:1](=[#8:50])-[#16]-[#6].[#16:59]-[#6:58](=[#8:60])-[#6:55](-[#6:56](=[#8:89])-[#8:57]-[#1])(-[#1:151])-[#1:152]	Any;Any
EVODEX.2-Em208_0	Any;Any;Any	[#6:3]-[#16:2]-[#1].[#16:58]-[#6:57](=[#8:59])-[#6:54](-[#6:1](=[#8:50])-[#6:51])(-[#1:150])-[#1:151].[#8:56]=[#6:55]=[#8:88]>>[#6:51]-[#6:1](=[#8:50])-[#16:2]-[#6:3].[#16:58]-[#6:57](=[#8:59])-[#6:54](-[#6:55](=[#8:88])-[#8:56]-[#1])(-[#1:150])-[#1:151]	Any;Any
EVODEX.2-Em209_0	Any	[#16:58]-[#6:57](=[#8:59])-[#6:54](-[#6:1](=[#8:50])-[#6:51])(-[#1:150])-[#1:151]>>[#6:51]-[#6:1](=[#8:50])-[#16]-[#6].[#16:58]-[#6:57](=[#8:59])-[#6:54](-[#6](=[#8])-[#8])(-[#1:150])-[#1:151]	Any;Any
EVODEX.2-Em211_0	Any;Any	[#6:2]-[#16:1]-[#6:30](=[#8:32])-[#6:33].[#16:41]-[#6:40](=[#8:42])-[#6:31](-[#6](=[#8])-[#8])(-[#1:139])-[#1:140]>>[#6:2]-[#16:1]-[#1].[#16:41]-[#6:40](=[#8:42])-[#6:31](-[#6:30](=[#8:32])-[#6:33])(-[#1:139])-[#1:140]	Any;Any
EVODEX.2-Em212_0	Any;Any	[#6:3]-[#16:2]-[#6:33](=[#8:35])-[#6:36].[#6:31]-[#6:1](=[#8:32])-[#8:34]-[#1]>>[#6:3]-[#16:2]-[#6:1](-[#6:31])=[#8:32].[#8:35]=[#6:33](-[#8:34]-[#1])-[#6:36]	Any;Any
EVODEX.2-Em213_0	Any;Any	[#6:51]-[#6:49](=[#8:52])-[#16]-[#6].[#16:54]-[#6:53](=[#8:55])-[#6:50](-[#6:84](=[#8:86])-[#8:85]-[#1])(-[#1:150])-[#1:151]>>[#16:54]-[#6:53](=[#8:55])-[#6:50](-[#6:49](-[#6:51])=[#8:52])(-[#1:150])-[#1:151].[#8:85]=[#6:84]=[#8:86]	Any;Any
EVODEX.2-Em214_0	Any;Any	[#6:2]-[#16:1]-[#6:49](=[#8:51])-[#6:52].[#16:59]-[#6:58](=[#8:60])-[#6:50](-[#6:89](=[#8:91])-[#8:90]-[#1])(-[#1:159])-[#1:160]>>[#6:2]-[#16:1]-[#1].[#16:59]-[#6:58](=[#8:60])-[#6:50](-[#6:49](=[#8:51])-[#6:52])(-[#1:159])-[#1:160].[#8:90]=[#6:89]=[#8:91]	Any;Any;Any
EVODEX.2-Em216_0	Any;Any	[#6:51]-[#6:49](=[#8:52])-[#16]-[#6].[#16:60]-[#6:59](=[#8:61])-[#6:50](-[#6](=[#8])-[#8])(-[#1:168])-[#1:169]>>[#16:60]-[#6:59](=[#8:61])-[#6:50](-[#6:49](=[#8:52])-[#6:51])(-[#1:168])-[#1:169]	Any
EVODEX.2-Em217_0	Any	[#6:30]-[#6:29](=[#8:31])-[#8:28]-[#6](-[#1])(-[#1])-[#1]>>[#6:30]-[#6:29](=[#8:31])-[#8:28]-[#1]	Any
EVODEX.2-Em219_0	Any;Any	[#6:2]-[#16:1]-[#6:30](=[#8:32])-[#6:33].[#8:31](-[#1])-[#1]>>[#6:2]-[#16:1]-[#1].[#6:33]-[#6:30](=[#8:32])-[#8:31]-[#1]	Any;Any
EVODEX.2-Em220_0	Any	[#16:4]-[#6:3](=[#8:5])-[#6:1](-[#6:2](-[#8:41]-[#1])(-[#6:34])-[#1:69])(-[#1:67])-[#1]>>[#16:4]-[#6:3](=[#8:5])-[#6:1](=[#6:2](-[#6:34])-[#1:69])-[#1:67].[#8:41](-[#1])-[#1]	Any;Any
EVODEX.2-Em221_0	Any;Any	[#6:2]-[#16:1]-[#6:30](=[#8:31])-[#6:32].[#7:47]-[#6:46](=[#8:48])-[#6:40]1=[#6:45](-[#7:44](-[#6:49])-[#6:43](=[#6:42](-[#6:41]-1(-[#1:151])-[#1])-[#1:150])-[#1:149])-[#1:125]>>[#6:2]-[#16:1]-[#1].[#6:32]-[#6:30](=[#8:31])-[#1].[#7:47]-[#6:46](=[#8:48])-[#6:40]1:[#6:41](:[#6:42](:[#6:43](:[#7&+:44](-[#6:49]):[#6:45]:1-[#1:125])-[#1:149])-[#1:150])-[#1:151]	Any;Any;Any
EVODEX.2-Em222_0	Any;Any	[#6:2]-[#16:1]-[#6:30](=[#8:32])-[#6:33].[#6:41]-[#6:31](-[#7:42])(-[#6](=[#8])-[#8])-[#1:85]>>[#6:2]-[#16:1]-[#1].[#6:41]-[#6:31](-[#7:42])(-[#6:30](=[#8:32])-[#6:33])-[#1:85]	Any;Any
EVODEX.2-Em223_0	Any;Any	[#6:2]-[#16:1]-[#6:30](=[#8:32])-[#6:33].[#8:41]-[#15:40](=[#8:42])(-[#8:31]-[#1])-[#8:43]>>[#6:2]-[#16:1]-[#1].[#6:33]-[#6:30](=[#8:32])-[#8:31]-[#15:40](=[#8:42])(-[#8:43])-[#8:41]	Any;Any
EVODEX.2-Em225_0	Any	[#6:4]-[#6:1](-[#7:5])(-[#1:68])-[#1]>>[#6:4]-[#6:1](-[#7:5])(-[#6](=[#8])-[#8])-[#1:68]	Any
EVODEX.2-Em226_0	Any;Any;Any	[#6:3]-[#16:1]-[#1].[#6:10]-[#16:2]-[#1].[#6:18]-[#8:17]-[#8:22]-[#1]>>[#6:3]-[#16:1]-[#16:2]-[#6:10].[#6:18]-[#8:17]-[#1].[#8:22](-[#1])-[#1]	Any;Any;Any
EVODEX.2-Em227_0	Any;Any;Any	[#6:3]-[#16:1]-[#1].[#6:10]-[#16:2]-[#1].[#6:18]-[#8:17]-[#8]-[#1]>>[#6:3]-[#16:1]-[#16:2]-[#6:10].[#6:18]-[#8:17]-[#1]	Any;Any
EVODEX.2-Em228_0	Any	[#6:18]-[#8:17]-[#8]-[#1]>>[#6:18]-[#8:17]-[#1]	Any
EVODEX.2-Em229_0	Any;Any;Any	[#6:2]-[#16:1]-[#16:9]-[#6:10].[#6:19]-[#8:17]-[#1].[#8:18](-[#1])-[#1]>>[#6:2]-[#16:1]-[#1].[#6:10]-[#16:9]-[#1].[#6:19]-[#8:17]-[#8:18]-[#1]	Any;Any;Any
EVODEX.2-Em230_0	Any;Any	[#6:2]-[#16:1]-[#16:9]-[#6:10].[#6:19]-[#8:17]-[#1]>>[#6:2]-[#16:1]-[#1].[#6:10]-[#16:9]-[#1].[#6:19]-[#8:17]-[#8]-[#1]	Any;Any;Any
EVODEX.2-Em231_0	Any;Any	[#6:6]-[#6:4]1:[#6:7](:[#7:5]:[#6:3](:[#7:1]:1-[#1])-[#1:37])-[#1:36].[#6:18]-[#8:17]-[#15:2](=[#8:14])(-[#8:15])-[#8:16]>>[#6:6]-[#6:4]1:[#6:7](:[#7:5]:[#6:3](:[#7:1]:1-[#15:2](=[#8:14])(-[#8:15])-[#8:16])-[#1:37])-[#1:36].[#6:18]-[#8:17]-[#1]	Any;Any
EVODEX.2-Em232_0	Any	[#6:18]-[#8:17]-[#15:2](=[#8:14])(-[#8:15])-[#8:16]>>[#6]-[#6]1:[#6](:[#7]:[#6](:[#7]:1-[#15:2](=[#8:14])(-[#8:15])-[#8:16])-[#1])-[#1].[#6:18]-[#8:17]-[#1]	Any;Any
EVODEX.2-Em233_0	Any;Any	[#6]-[#6](-[#8:13]-[#15:15](=[#8:16])(-[#8:17])-[#8:18])(-[#1])-[#1].[#8:22]-[#15:14](=[#8:23])(-[#8]-[#1])-[#8:24]>>[#8:22]-[#15:14](=[#8:23])(-[#8:24])-[#8:13]-[#15:15](=[#8:16])(-[#8:17])-[#8:18]	Any
EVODEX.2-Em234_0	Any	[#8:22]-[#15:21](=[#8:23])(-[#8:24])-[#8:2]-[#15:13](=[#8:14])(-[#8:15])-[#8:16]>>[#6]-[#6](-[#8:2]-[#15:13](=[#8:14])(-[#8:15])-[#8:16])(-[#1])-[#1].[#8:22]-[#15:21](=[#8:23])(-[#8]-[#1])-[#8:24]	Any;Any
EVODEX.2-Em236_0	Any;Any	[#6:3]-[#6:1](=[#8:4])-[#8:17]-[#1].[#0:16]-[#8:2]-[#1]>>[#0:16]-[#8:2]-[#6:1](=[#8:4])-[#6:3].[#8:17](-[#1])-[#1]	Any;Any
EVODEX.2-Em237_0	Any	[#6:3]-[#6:1](=[#8:4])-[#8:16]-[#1]>>[#0]-[#8]-[#6:1](=[#8:4])-[#6:3].[#8:16](-[#1])-[#1]	Any;Any
EVODEX.2-Em238_0	Any	[#6:3]-[#6:1](-[#8:23]-[#6:24](-[#6:25])=[#8:26])(-[#1:42])-[#1:43]>>[#6:3]-[#6:1](-[#8]-[#1])(-[#1:42])-[#1:43].[#6:25]-[#6:24](=[#8:26])-[#8:23]-[#1]	Any;Any
EVODEX.2-Em239_0	Any	[#6:30]-[#6:29](=[#8:31])-[#8:28]-[#1]>>[#6:30]-[#6:29](=[#8:31])-[#8:28]-[#6](-[#1])(-[#1])-[#1]	Any
EVODEX.2-Em240_0	Any;Any	[#6:27](-[#16&+:1](-[#6:2])-[#6:3])(-[#1:50])(-[#1:51])-[#1:52].[#6:29]-[#8:28]-[#1]>>[#6:3]-[#16:1]-[#6:2].[#6:29]-[#8:28]-[#6:27](-[#1:50])(-[#1:51])-[#1:52]	Any;Any
EVODEX.2-Em241_0	Any	[#6:29]-[#8:28]-[#1]>>[#6:29]-[#8:28]-[#6](-[#1])(-[#1])-[#1]	Any
EVODEX.2-Em242_0	Any;Any	[#6:3]-[#16:2]-[#6:4].[#6:29]-[#8:28]-[#6:1](-[#1:81])(-[#1:82])-[#1:83]>>[#6:1](-[#16&+:2](-[#6:4])-[#6:3])(-[#1:81])(-[#1:82])-[#1:83].[#6:29]-[#8:28]-[#1]	Any;Any
EVODEX.2-Em243_0	Any;Any	[#6:3]-[#6:1](-[#6:4])(-[#1:58])-[#1].[#6]-[#6](=[#8])-[#6:46](=[#8:48])-[#8:47]-[#1]>>[#6:3]-[#6:1](-[#8]-[#1])(-[#6:4])-[#1:58].[#8:47]=[#6:46]=[#8:48]	Any;Any
EVODEX.2-Em245_0	Any;Any	[#8:5]-[#15:4](=[#8:6])(-[#8:2]-[#1])-[#8:7].[#8:28]-[#15:3](=[#8:29])(-[#8:1]-[#1])-[#8:30]>>[#8:1](-[#1])-[#1].[#8:5]-[#15:4](=[#8:6])(-[#8:7])-[#8:2]-[#15:3](=[#8:29])(-[#8:30])-[#8:28]	Any;Any
EVODEX.2-Em246_0	Any	([#6:2]-[#8:1]-[#15:13](=[#8:27])(-[#8:28])-[#8:19].[#6:14]-[#8:12]-[#1])>>[#6:2]-[#8:1]-[#1].[#8:19]-[#15:13](=[#8:27])(-[#8:28])-[#8:12]-[#6:14]	Any;Any
EVODEX.2-Em247_0	Any;Any	[#6:3]-[#6:1](-[#8:53]-[#15:54](=[#8:55])(-[#8:56])-[#8:57])(-[#1:64])-[#1:65].[#8:23]-[#15:22](=[#8:24])(-[#8:2]-[#1])-[#8:25]>>[#6:3]-[#6:1](-[#8:2]-[#15:22](=[#8:24])(-[#8:25])-[#8:23])(-[#1:64])-[#1:65].[#8:55]=[#15:54](-[#8:53]-[#1])(-[#8:56])-[#8:57]	Any;Any
EVODEX.2-Em249_0	Any	[#6:2]-[#6:1](-[#7:3])(-[#6:27](=[#8:29])-[#8:28]-[#1])-[#1:39]>>[#6:2]-[#6:1](-[#7:3])(-[#1:39])-[#1].[#8:28]=[#6:27]=[#8:29]	Any;Any
EVODEX.2-Em250_0	Any;Any	[#6:4]-[#6:1](-[#7:5])(-[#1:39])-[#1].[#8:3]=[#6:2]=[#8:29]>>[#6:4]-[#6:1](-[#7:5])(-[#6:2](=[#8:29])-[#8:3]-[#1])-[#1:39]	Any
EVODEX.2-Em251_0	Any;Any	[#6:3]-[#6:1](-[#6:4])(-[#8:8]-[#6:9](-[#6:10])=[#8:11])-[#1:14].[#8:2](-[#1])-[#1]>>[#6:3]-[#6:1](-[#8:2]-[#1])(-[#6:4])-[#1:14].[#6:10]-[#6:9](=[#8:11])-[#8:8]-[#1]	Any;Any
EVODEX.2-Em252_0	Any;Any	[#6:3]-[#6:1](-[#8]-[#15](=[#8])(-[#8])-[#8])(-[#6:4])-[#1:44].[#8:2](-[#1])-[#1]>>[#6:4]-[#6:1](-[#8:2]-[#1])(-[#6:3])-[#1:44]	Any
EVODEX.2-Em253_0	Any;Any	[#6:3]-[#6:1](-[#8:11]-[#1])(-[#6:4])-[#1:14].[#6:9]-[#6:8](=[#8:10])-[#8:2]-[#1]>>[#6:3]-[#6:1](-[#6:4])(-[#8:2]-[#6:8](-[#6:9])=[#8:10])-[#1:14].[#8:11](-[#1])-[#1]	Any;Any
EVODEX.2-Em254_0	Any;Any	[#6:3]-[#6:1](-[#8]-[#1])(-[#6:4])-[#1:14].[#6:9]-[#6:8](=[#8:10])-[#8:2]-[#1]>>[#6:3]-[#6:1](-[#6:4])(-[#8:2]-[#6:8](-[#6:9])=[#8:10])-[#1:14]	Any
EVODEX.2-Em258_0	Any;Any	[#6:4]-[#6:1](-[#6:3])(-[#8:41]-[#1])-[#1:75].[#6:25]-[#6:24](=[#8:26])-[#8:2]-[#1]>>[#6:4]-[#6:1](-[#6:3])(-[#8:2]-[#6:24](=[#8:26])-[#6:25])-[#1:75].[#8]-[#15](=[#8])(-[#8:41]-[#1])-[#8]	Any;Any
EVODEX.2-Em262_0	Any;Any	[#6:4]-[#6:1](-[#6:3])(-[#8:24]-[#6:25](=[#8:26])-[#6:27])-[#1:75].[#8]=[#15](-[#8:2]-[#1])(-[#8])-[#8]>>[#6:4]-[#6:1](-[#6:3])(-[#8:2]-[#1])-[#1:75].[#6:27]-[#6:25](=[#8:26])-[#8:24]-[#1]	Any;Any
EVODEX.2-Em263_0	Any;Any	[#6:3]-[#6:1](=[#8:4])-[#8:36]-[#1].[#8:38]-[#15:37](=[#8:39])(-[#8:40])-[#8:2]-[#15:32](=[#8:33])(-[#8:34])-[#8:35]>>[#6:3]-[#6:1](=[#8:4])-[#8:2]-[#15:32](=[#8:33])(-[#8:34])-[#8:35].[#8:38]-[#15:37](=[#8:39])(-[#8:36]-[#1])-[#8:40]	Any;Any
EVODEX.2-Em264_0	Any	[#6:4]-[#6:1](-[#6:3])(-[#8:24]-[#6:25](=[#8:26])-[#6:27])-[#1:75]>>[#6:4]-[#6:1](-[#6:3])(-[#8]-[#1])-[#1:75].[#6:27]-[#6:25](=[#8:26])-[#8:24]-[#1]	Any;Any
EVODEX.2-Em268_0	Any	[#6:3]-[#6:1](=[#8:4])-[#7:18](-[#6:19])-[#1]>>[#6:3]-[#6:1](=[#8:4])-[#8]-[#1].[#7:18](-[#6:19])(-[#1])-[#1]	Any;Any
EVODEX.2-Em270_0	Any;Any	[#6:3]-[#16:2]-[#6:4].[#6:30](=[#6:29](-[#6:31])-[#6:28](-[#6:1](-[#1:85])(-[#1:86])-[#1:87])(-[#6:32])-[#1:84])(-[#1:79])-[#1:80]>>[#6:1](-[#16&+:2](-[#6:4])-[#6:3])(-[#1:85])(-[#1:86])-[#1:87].[#6:32]-[#6:28](=[#6:29](-[#6:30](-[#1:79])(-[#1:80])-[#1])-[#6:31])-[#1:84]	Any;Any
EVODEX.2-Em271_0	Any	[#6:30](=[#6:29](-[#6:31])-[#6:28](-[#6](-[#1])(-[#1])-[#1])(-[#6:32])-[#1:84])(-[#1:79])-[#1:80]>>[#6:32]-[#6:28](=[#6:29](-[#6:30](-[#1:79])(-[#1:80])-[#1])-[#6:31])-[#1:84]	Any
EVODEX.2-Em272_0	Any;Any	[#6:30](-[#16&+:1](-[#6:2])-[#6:3])(-[#1:59])(-[#1:60])-[#1:61].[#6:31]-[#6:29](=[#6:28](-[#6:27](-[#1:128])(-[#1:129])-[#1])-[#6:58])-[#1:127]>>[#6:3]-[#16:1]-[#6:2].[#6:27](=[#6:28](-[#6:58])-[#6:29](-[#6:30](-[#1:59])(-[#1:60])-[#1:61])(-[#6:31])-[#1:127])(-[#1:128])-[#1:129]	Any;Any
EVODEX.2-Em273_0	Any	[#6:31]-[#6:29](=[#6:28](-[#6:27](-[#1:128])(-[#1:129])-[#1])-[#6:58])-[#1:127]>>[#6:27](=[#6:28](-[#6:58])-[#6:29](-[#6](-[#1])(-[#1])-[#1])(-[#6:31])-[#1:127])(-[#1:128])-[#1:129]	Any
EVODEX.2-Em274_0	Any	[#6:30](=[#6:29](-[#6:31])-[#6:28](-[#6:1](-[#1:84])(-[#1:85])-[#1:86])(-[#6:32])-[#1:83])(-[#1:78])-[#1:79]>>[#6:1](-[#16&+](-[#6])-[#6])(-[#1:84])(-[#1:85])-[#1:86].[#6:30](-[#6:29](-[#6:31])=[#6:28](-[#6:32])-[#1:83])(-[#1:78])(-[#1:79])-[#1]	Any;Any
EVODEX.2-Em275_0	Any	([#6:3]-[#8:2]-[#1].[#6:9]-[#6:1](=[#8:12])-[#8:13]-[#1])>>[#6:3]-[#8:2]-[#6:1](=[#8:12])-[#6:9].[#8:13](-[#1])-[#1]	Any;Any
EVODEX.2-Em276_0	Any	([#6:3]-[#8:2]-[#1].[#6:9]-[#6:1](=[#8:12])-[#8]-[#1])>>[#6:3]-[#8:2]-[#6:1](=[#8:12])-[#6:9]	Any
EVODEX.2-Em277_0	Any	[#6:3]-[#6:1](=[#8:2])-[#6:4]>>[#6:3]-[#6:1](-[#8:2]-[#1])(-[#6:4])-[#1]	Any
EVODEX.2-Em278_0	Any	[#6:3](-[#8:2]-[#1])-[#6:1](-[#8:12]-[#1])(-[#6:9])-[#1:27]>>[#6:3]1-[#8:2]-[#6:1]-1(-[#6:9])-[#1:27].[#8:12](-[#1])-[#1]	Any;Any
EVODEX.2-Em279_0	Any	[#6:3](-[#8:2]-[#1])-[#6:1](-[#8]-[#1])(-[#6:9])-[#1:27]>>[#6:3]1-[#8:2]-[#6:1]-1(-[#6:9])-[#1:27]	Any
EVODEX.2-Em280_0	Any;Any	[#7:19]-[#6:18](=[#8:20])-[#6:12]1=[#6:17](-[#7:16](-[#6:21])-[#6:15](=[#6:14](-[#6:13]-1(-[#1:83])-[#1])-[#1:82])-[#1:81])-[#1:58].[#6:4]-[#6:1](-[#6:3](=[#6:5](-[#6:8])-[#6:9])-[#1:98])=[#8:2]>>[#6:4]-[#6:1](-[#6:3](=[#6:5](-[#6:8])-[#6:9])-[#1:98])(-[#8:2]-[#1])-[#1].[#7:19]-[#6:18](=[#8:20])-[#6:12]1:[#6:13](:[#6:14](:[#6:15](:[#7&+:16](-[#6:21]):[#6:17]:1-[#1:58])-[#1:81])-[#1:82])-[#1:83]	Any;Any
EVODEX.2-Em281_0	Any	[#6:4]-[#6:1](-[#6:3](=[#6:5](-[#6:8])-[#6:9])-[#1:98])=[#8:2]>>[#6:4]-[#6:1](-[#6:3](=[#6:5](-[#6:8])-[#6:9])-[#1:98])(-[#8:2]-[#1])-[#1]	Any
EVODEX.2-Em282_0	Any;Any	[#6:9]-[#6:3](-[#6:1](-[#6:4])=[#8:5])(-[#1:76])-[#1:77].[#8:61]=[#8:2]>>[#6:9]-[#6:3](-[#8:2]-[#6:1](-[#6:4])=[#8:5])(-[#1:76])-[#1:77].[#8:61](-[#1])-[#1]	Any;Any
EVODEX.2-Em283_0	Any;Any	[#6:9]-[#6:3](-[#6:1](-[#6:4])=[#8:5])(-[#1:76])-[#1:77].[#7:20]-[#6:19](=[#8:21])-[#6:13]1=[#6:18](-[#7:17](-[#6:22])-[#6:16](=[#6:15](-[#6:14]-1(-[#1:106])-[#1])-[#1:105])-[#1:104])-[#1:80]>>[#6:9]-[#6:3](-[#8]-[#6:1](-[#6:4])=[#8:5])(-[#1:76])-[#1:77].[#7:20]-[#6:19](=[#8:21])-[#6:13]1:[#6:14](:[#6:15](:[#6:16](:[#7&+:17](-[#6:22]):[#6:18]:1-[#1:80])-[#1:104])-[#1:105])-[#1:106]	Any;Any
EVODEX.2-Em285_0	Any	[#6:3]-[#6:1](=[#8:4])-[#8:15]-[#1]>>[#6:3]-[#6:1](=[#8:4])-[#8]-[#1].[#8]-[#15](=[#8])(-[#8:15]-[#1])-[#8]	Any;Any
EVODEX.2-Em286_0	Any;Any;Any	[#6:2]-[#6:1](-[#8:74]-[#1])(-[#6:3])-[#1:98].[#7:33]-[#6:32](=[#8:34])-[#6:26]1:[#6:31](:[#6:30](:[#6:29](:[#7&+:28](-[#6:35]):[#6:27]:1-[#1:138])-[#1:114])-[#1:113])-[#1:112].[#8:75](-[#1])-[#1]>>[#6:2]-[#6:1](-[#6:3])(-[#1:98])-[#1].[#7:33]-[#6:32](=[#8:34])-[#6:26]1=[#6:27](-[#7:28](-[#6:35])-[#6:29](=[#6:30](-[#6:31]-1(-[#1:112])-[#1])-[#1:113])-[#1:114])-[#1:138].[#8:74]=[#8:75]	Any;Any;Any
EVODEX.2-Em287_0	Any;Any	[#6:2]-[#6:1](-[#8:74]-[#1])(-[#6:3])-[#1:98].[#8:75](-[#1])-[#1]>>[#6:2]-[#6:1](-[#6:3])(-[#1:98])-[#1].[#8:74]=[#8:75]	Any;Any
EVODEX.2-Em288_0	Any;Any	[#6:2]-[#6:1](-[#8]-[#1])(-[#6:3])-[#1:98].[#7:33]-[#6:32](=[#8:34])-[#6:26]1:[#6:31](:[#6:30](:[#6:29](:[#7&+:28](-[#6:35]):[#6:27]:1-[#1:138])-[#1:114])-[#1:113])-[#1:112]>>[#6:2]-[#6:1](-[#6:3])(-[#1:98])-[#1].[#7:33]-[#6:32](=[#8:34])-[#6:26]1=[#6:27](-[#7:28](-[#6:35])-[#6:29](=[#6:30](-[#6:31]-1(-[#1:112])-[#1])-[#1:113])-[#1:114])-[#1:138]	Any;Any
EVODEX.2-Em289_0	Any;Any;Any	[#6:3]-[#6:1](-[#6:4])(-[#1:98])-[#1].[#7:34]-[#6:33](=[#8:35])-[#6:27]1=[#6:32](-[#7:31](-[#6:36])-[#6:30](=[#6:29](-[#6:28]-1(-[#1:138])-[#1])-[#1:137])-[#1:136])-[#1:112].[#8:2]=[#8:75]>>[#6:3]-[#6:1](-[#8:2]-[#1])(-[#6:4])-[#1:98].[#7:34]-[#6:33](=[#8:35])-[#6:27]1:[#6:28](:[#6:29](:[#6:30](:[#7&+:31](-[#6:36]):[#6:32]:1-[#1:112])-[#1:136])-[#1:137])-[#1:138].[#8:75](-[#1])-[#1]	Any;Any;Any
EVODEX.2-Em290_0	Any;Any	[#6:3]-[#6:1](-[#6:4])(-[#1:98])-[#1].[#7:34]-[#6:33](=[#8:35])-[#6:27]1=[#6:32](-[#7:31](-[#6:36])-[#6:30](=[#6:29](-[#6:28]-1(-[#1:138])-[#1])-[#1:137])-[#1:136])-[#1:112]>>[#6:3]-[#6:1](-[#8]-[#1])(-[#6:4])-[#1:98].[#7:34]-[#6:33](=[#8:35])-[#6:27]1:[#6:28](:[#6:29](:[#6:30](:[#7&+:31](-[#6:36]):[#6:32]:1-[#1:112])-[#1:136])-[#1:137])-[#1:138]	Any;Any
EVODEX.2-Em291_0	Any	[#6:3]-[#6:1](-[#1:50])(-[#1:51])-[#1]>>[#6:3]-[#6:1](-[#8]-[#1])(-[#1:50])-[#1:51]	Any
EVODEX.2-Em292_0	Any	[#6:13]-[#6:11](=[#8])-[#1:57]>>[#6:13]-[#6:11](-[#8]-[#1])(-[#1:57])-[#1]	Any
EVODEX.2-Em293_0	Any;Any	[#6:2]-[#6:1](-[#8]-[#1])(-[#6:3])-[#1:53].[#8:28]=[#6:25](-[#8]-[#1])-[#6:29]>>[#6:2]-[#6:1](-[#6:3])(-[#1:53])-[#1].[#6:29]-[#6:25](=[#8:28])-[#6](=[#8])-[#8]	Any;Any
EVODEX.2-Em294_0	Any	[#6:2]-[#6:1](-[#8]-[#1])(-[#1:49])-[#1:50]>>[#6:2]-[#6:1](-[#1:49])(-[#1:50])-[#1]	Any
EVODEX.2-Em295_0	Any;Any	[#6:2]-[#6:1](-[#8]-[#1])(-[#6:3])-[#1:52].[#8:26]=[#6:25]=[#8:33]>>[#6:2]-[#6:1](-[#6:3])(-[#1:52])-[#1].[#6]-[#6](=[#8])-[#6:25](=[#8:33])-[#8:26]-[#1]	Any;Any
EVODEX.2-Em296_0	Any;Any	[#6:39]-[#6:38](=[#8:40])-[#8:37]-[#6:1](-[#8:3])(-[#6:4])-[#1:83].[#8:14]-[#15:13](=[#8:15])(-[#8:2]-[#1])-[#8:16]>>[#8:14]-[#15:13](=[#8:15])(-[#8:16])-[#8:2]-[#6:1](-[#8:3])(-[#6:4])-[#1:83].[#6:39]-[#6:38](=[#8:40])-[#8:37]-[#1]	Any;Any
EVODEX.2-Em297_0	Any	[#6:39]-[#6:38](=[#8:40])-[#8:37]-[#6:1](-[#8:3])(-[#6:4])-[#1:105]>>[#8]-[#15](=[#8])(-[#8])-[#8]-[#6:1](-[#8:3])(-[#6:4])-[#1:105].[#6:39]-[#6:38](=[#8:40])-[#8:37]-[#1]	Any;Any
EVODEX.2-Em298_0	Any;Any	[#6:30](-[#16&+](-[#6])-[#6])(-[#1:58])(-[#1:59])-[#1:60].[#6:31]-[#6:29](=[#6:28](-[#6:27](-[#1:125])(-[#1:126])-[#1])-[#6:57])-[#1:124]>>[#6:31]-[#6:29](-[#6:30](-[#1:58])(-[#1:59])-[#1:60])(-[#6:28](=[#6:27](-[#1:125])-[#1:126])-[#6:57])-[#1:124]	Any
EVODEX.2-Em299_0	Any	[#6:2]-[#6:1](=[#8])-[#8:3]>>[#6:2]-[#6:1](-[#8:3])(-[#1])-[#1]	Any
EVODEX.2-Em300_0	Any;Any	[#8:3]-[#6:1](-[#8:56]-[#15:57](=[#8:58])(-[#8:59])-[#8:60])(-[#6:4])-[#1:83].[#6:15]-[#6:14](=[#8:16])-[#8:2]-[#1]>>[#6:15]-[#6:14](=[#8:16])-[#8:2]-[#6:1](-[#8:3])(-[#6:4])-[#1:83].[#8:60]-[#15:57](=[#8:58])(-[#8:56]-[#1])-[#8:59]	Any;Any
EVODEX.2-Em301_0	Any;Any	[#8:3]-[#6:1](-[#8]-[#15](=[#8])(-[#8])-[#8])(-[#6:4])-[#1:95].[#6:15]-[#6:14](=[#8:16])-[#8:2]-[#1]>>[#6:15]-[#6:14](=[#8:16])-[#8:2]-[#6:1](-[#8:3])(-[#6:4])-[#1:95]	Any
EVODEX.2-Em302_0	Any	[#6:40]-[#6:39](=[#8:41])-[#8:38]-[#6](-[#8])(-[#6])-[#1]>>[#6:40]-[#6:39](=[#8:41])-[#8:38]-[#1]	Any
EVODEX.2-Em303_0	Any;Any	[#6:3]-[#6:1](=[#8:4])-[#8:73]-[#1].[#8:2](-[#1])-[#1]>>[#6:3]-[#6:1](=[#8:4])-[#8:2]-[#1].[#8]-[#15](=[#8])(-[#8:73]-[#1])-[#8]	Any;Any
EVODEX.2-Em304_0	Any;Any	[#6:27](-[#16&+](-[#6])-[#6])(-[#1:65])(-[#1:66])-[#1:67].[#6:38]-[#6:36]1:[#6:32](-[#6:35]):[#6:30](:[#6:29](-[#8:28]-[#1]):[#6:31](-[#8:33]):[#6:34]:1-[#1:120])-[#1:117]>>[#6:38]-[#6:36]1:[#6:32](-[#6:35]):[#6:30](:[#6:29](-[#8:28]-[#6:27](-[#1:65])(-[#1:66])-[#1:67]):[#6:31](-[#8:33]):[#6:34]:1-[#1:120])-[#1:117]	Any
EVODEX.2-Em305_0	Any	[#6:38]-[#6:36]1:[#6:32](-[#6:35]):[#6:30](:[#6:29](-[#8:28]-[#1]):[#6:31](-[#8:33]):[#6:34]:1-[#1:120])-[#1:117]>>[#6:38]-[#6:36]1:[#6:32](-[#6:35]):[#6:30](:[#6:29](-[#8:28]-[#6](-[#1])(-[#1])-[#1]):[#6:31](-[#8:33]):[#6:34]:1-[#1:120])-[#1:117]	Any
EVODEX.2-Em306_0	Any	[#6:38]-[#6:36]1:[#6:32](-[#6:35]):[#6:30](:[#6:29](-[#8:28]-[#6:1](-[#1:115])(-[#1:116])-[#1:117]):[#6:31](-[#8:33]):[#6:34]:1-[#1:119])-[#1:114]>>[#6:1](-[#16&+](-[#6])-[#6])(-[#1:115])(-[#1:116])-[#1:117].[#6:38]-[#6:36]1:[#6:32](-[#6:35]):[#6:30](:[#6:29](-[#8:28]-[#1]):[#6:31](-[#8:33]):[#6:34]:1-[#1:119])-[#1:114]	Any;Any
EVODEX.2-Em307_0	Any;Any	[#6:3]-[#16:2]-[#6:4].[#6:39]-[#6:36]1:[#6:32](-[#6:35]):[#6:30](:[#6:29](-[#8:28]-[#6:1](-[#1:116])(-[#1:117])-[#1:118]):[#6:31](-[#8:33]):[#6:34]:1-[#1:122])-[#1:115]>>[#6:1](-[#16&+:2](-[#6:4])-[#6:3])(-[#1:116])(-[#1:117])-[#1:118].[#6:39]-[#6:36]1:[#6:32](-[#6:35]):[#6:30](:[#6:29](-[#8:28]-[#1]):[#6:31](-[#8:33]):[#6:34]:1-[#1:122])-[#1:115]	Any;Any
EVODEX.2-Em308_0	Any	[#6:39]-[#6:36]1:[#6:32](-[#6:35]):[#6:30](:[#6:29](-[#8:28]-[#6](-[#1])(-[#1])-[#1]):[#6:31](-[#8:33]):[#6:34]:1-[#1:122])-[#1:115]>>[#6:39]-[#6:36]1:[#6:32](-[#6:35]):[#6:30](:[#6:29](-[#8:28]-[#1]):[#6:31](-[#8:33]):[#6:34]:1-[#1:122])-[#1:115]	Any
EVODEX.2-Em309_0	Any;Any	[#8:3]-[#6:1](-[#8]-[#1])(-[#6:4])-[#1:36].[#7:23]-[#6:21]1:[#7:22]:[#6:20](:[#7:17]:[#6:15]2:[#7:2](:[#6:16](:[#7:19]:[#6:18]:1:2)-[#1:51])-[#1])-[#1:49]>>[#7:23]-[#6:21]1:[#7:22]:[#6:20](:[#7:17]:[#6:15]2:[#6:18]:1:[#7:19]:[#6:16](:[#7:2]:2-[#6:1](-[#8:3])(-[#6:4])-[#1:36])-[#1:51])-[#1:49]	Any
EVODEX.2-Em310_0	Any;Any	[#6:3]-[#6:2](=[#6:4](-[#6:5])-[#1:82])-[#6:1](-[#8:77]-[#1])(-[#1:98])-[#1:99].[#8:78](-[#1])-[#1]>>[#6:1](-[#6:2](-[#6:3])=[#6:4](-[#6:5])-[#1:82])(-[#1:98])(-[#1:99])-[#1].[#8:77]=[#8:78]	Any;Any
EVODEX.2-Em311_0	Any	[#6:3]-[#6:1](=[#7:7]-[#1])-[#6:4](=[#8:5])-[#8:6]>>[#6:3]-[#6:1](=[#8])-[#6:4](=[#8:5])-[#8:6].[#7:7](-[#1])(-[#1])-[#1]	Any;Any
EVODEX.2-Em312_0	Any;Any;Any	[#6:51](-[#6:52](=[#8:54])-[#16:1]-[#6:2])(-[#1:59])(-[#1:60])-[#1].[#6:55]-[#6:50](=[#8:49])-[#6:56](=[#8:57])-[#8:58].[#8:53](-[#1])-[#1]>>[#6:2]-[#16:1]-[#1].[#6:55]-[#6:50](-[#8:49]-[#1])(-[#6:51](-[#6:52](=[#8:54])-[#8:53]-[#1])(-[#1:59])-[#1:60])-[#6:56](=[#8:57])-[#8:58]	Any;Any
EVODEX.2-Em313_0	Any	[#6:10]-[#6:8](-[#6:11])=[#7]-[#8]>>[#6:10]-[#6:8](-[#6:11])=[#8]	Any
EVODEX.2-Em314_0	Any	[#6:9]-[#6:7](-[#7](-[#1])-[#1])(-[#6:10](=[#8:13])-[#8:14])-[#1]>>[#6:9]-[#6:7](=[#8])-[#6:10](=[#8:13])-[#8:14]	Any
EVODEX.2-Em316_0	Any;Any;Any	[#7:19]-[#6:18](=[#8:20])-[#6:12]1=[#6:17](-[#7:16](-[#6:21])-[#6:15](=[#6:14](-[#6:13]-1(-[#1:84])-[#1])-[#1:83])-[#1:82])-[#1:59].[#6:3]-[#6:1](=[#8:56])-[#6:4](=[#8:5])-[#8:6].[#6:7]-[#7:2](-[#1])-[#1]>>[#6:3]-[#6:1](-[#7:2](-[#6:7])-[#1])(-[#6:4](=[#8:5])-[#8:6])-[#1].[#7:19]-[#6:18](=[#8:20])-[#6:12]1:[#6:13](:[#6:14](:[#6:15](:[#7&+:16](-[#6:21]):[#6:17]:1-[#1:59])-[#1:82])-[#1:83])-[#1:84].[#8:56](-[#1])-[#1]	Any;Any;Any
EVODEX.2-Em317_0	Any;Any	[#7:19]-[#6:18](=[#8:20])-[#6:12]1=[#6:17](-[#7:16](-[#6:21])-[#6:15](=[#6:14](-[#6:13]-1(-[#1:84])-[#1])-[#1:83])-[#1:82])-[#1:59].[#6:7]-[#7:2](-[#1])-[#1]>>[#6]-[#6](-[#7:2](-[#6:7])-[#1])(-[#6](=[#8])-[#8])-[#1].[#7:19]-[#6:18](=[#8:20])-[#6:12]1:[#6:13](:[#6:14](:[#6:15](:[#7&+:16](-[#6:21]):[#6:17]:1-[#1:59])-[#1:82])-[#1:83])-[#1:84]	Any;Any
EVODEX.2-Em318_0	Any;Any	[#6:3]-[#6:1](=[#8])-[#6:4](=[#8:5])-[#8:6].[#6:7]-[#7:2](-[#1])-[#1]>>[#6:3]-[#6:1](-[#7:2](-[#6:7])-[#1])(-[#6:4](=[#8:5])-[#8:6])-[#1]	Any
EVODEX.2-Em319_0	Any	[#6:7]-[#7:2](-[#1])-[#1]>>[#6]-[#6](-[#7:2](-[#6:7])-[#1])(-[#6](=[#8])-[#8])-[#1]	Any
EVODEX.2-Em320_0	Any;Any	[#6:1](-[#6:4](=[#8:5])-[#6:6](=[#8:7])-[#8:8])(-[#1:10])(-[#1:11])-[#1].[#6:9]-[#6:2](=[#8:3])-[#1:17]>>[#6:9]-[#6:2](-[#8:3]-[#1])(-[#6:1](-[#6:4](=[#8:5])-[#6:6](=[#8:7])-[#8:8])(-[#1:10])-[#1:11])-[#1:17]	Any
EVODEX.2-Em321_0	Any	[#6:9]-[#6:2](=[#8:3])-[#1:17]>>[#6:9]-[#6:2](-[#8:3]-[#1])(-[#6](-[#6](=[#8])-[#6](=[#8])-[#8])(-[#1])-[#1])-[#1:17]	Any
EVODEX.2-Em323_0	Any;Any;Any	[#7:21]-[#6:20](=[#8:22])-[#6:14]1=[#6:19](-[#7:18](-[#6:23])-[#6:17](=[#6:16](-[#6:15]-1(-[#1:86])-[#1])-[#1:85])-[#1:84])-[#1:61].[#6:3]-[#6:1](=[#8])-[#6:4](=[#8:5])-[#8:6].[#6:7]-[#7:2](-[#1])-[#1]>>[#6:7]-[#7:2](-[#6:1](-[#6:3])(-[#6:4](=[#8:5])-[#8:6])-[#1])-[#1].[#7:21]-[#6:20](=[#8:22])-[#6:14]1:[#6:15](:[#6:16](:[#6:17](:[#7&+:18](-[#6:23]):[#6:19]:1-[#1:61])-[#1:84])-[#1:85])-[#1:86]	Any;Any
EVODEX.2-Em324_0	Any;Any;Any	[#6:3]-[#6:1](=[#8])-[#6:4](=[#8:5])-[#8:6].[#7:2](-[#1])(-[#1])-[#1].[#8:8](-[#8:9]-[#1])-[#1]>>[#6:3]-[#6:1](-[#7:2](-[#1])-[#1])(-[#6:4](=[#8:5])-[#8:6])-[#1].[#8:8]=[#8:9]	Any;Any
EVODEX.2-Em325_0	Any;Any	[#6:3]-[#6:1](=[#8])-[#6:4](=[#8:5])-[#8:6].[#8:8](-[#8:9]-[#1])-[#1]>>[#6:3]-[#6:1](-[#7](-[#1])-[#1])(-[#6:4](=[#8:5])-[#8:6])-[#1].[#8:8]=[#8:9]	Any;Any
EVODEX.2-Em326_0	Any	[#6:9]-[#6:7](-[#7](-[#1])-[#1])(-[#6:10])-[#1]>>[#6:9]-[#6:7](=[#8])-[#6:10]	Any
EVODEX.2-Em327_0	Any;Any	[#6:3]-[#6:1](=[#8:62])-[#6:4](=[#8:5])-[#8:6].[#6:7]-[#7:2](-[#1])-[#1]>>[#6:3]-[#6:1](-[#7:2](-[#6:7])-[#1])(-[#6:4](=[#8:5])-[#8:6])-[#1].[#8:62](-[#1])-[#1]	Any;Any
EVODEX.2-Em330_0	Any;Any	[#7:2](-[#6](-[#6](=[#8])-[#8])(-[#1])-[#1])(-[#1])-[#1].[#6:3]-[#6:1](=[#8])-[#6:4](=[#8:5])-[#8:6]>>[#6:3]-[#6:1](-[#7:2](-[#1])-[#1])(-[#6:4](=[#8:5])-[#8:6])-[#1]	Any
EVODEX.2-Em331_0	Any	[#7](-[#6:7](-[#6:9])(-[#1:16])-[#1])(-[#1])-[#1]>>[#8]=[#6:7](-[#6:9])-[#1:16]	Any
EVODEX.2-Em332_0	Any;Any	[#6:1](-[#6:2](=[#8:5])-[#6:6](=[#8:7])-[#8:8])(-[#1:35])(-[#1:36])-[#1].[#8:13]-[#15:12](=[#8:14])(-[#8:15])-[#8:11]-[#15:4](=[#8:9])(-[#8:3]-[#1])-[#8:10]>>[#6:1](=[#6:2](-[#8:3]-[#15:4](=[#8:9])(-[#8:5]-[#1])-[#8:10])-[#6:6](=[#8:7])-[#8:8])(-[#1:35])-[#1:36].[#8:13]-[#15:12](=[#8:14])(-[#8:11]-[#1])-[#8:15]	Any;Any
EVODEX.2-Em333_0	Any	[#8:13]-[#15:12](=[#8:14])(-[#8:15])-[#8:11]-[#15:4](=[#8:9])(-[#8:3]-[#1])-[#8:10]>>[#6](=[#6](-[#8:3]-[#15:4](=[#8:9])(-[#8]-[#1])-[#8:10])-[#6](=[#8])-[#8])(-[#1])-[#1].[#8:13]-[#15:12](=[#8:14])(-[#8:11]-[#1])-[#8:15]	Any;Any
EVODEX.2-Em334_0	Any	[#6:2]-[#6:1](=[#8:3])-[#6](=[#8])-[#8]>>[#6:2]-[#6:1](=[#8:3])-[#1]	Any
EVODEX.2-Em335_0	Any;Any	[#6:3]-[#6:1](=[#8])-[#6:4].[#7:2](-[#1])(-[#1])-[#1]>>[#6:4]-[#6:1](-[#6:3])(-[#7:2](-[#1])-[#1])-[#1]	Any
EVODEX.2-Em336_0	Any;Any	[#7:14]-[#6:13](=[#8:15])-[#6:7]1=[#6:12](-[#7:11](-[#6:16])-[#6:10](=[#6:9](-[#6:8]-1(-[#1:79])-[#1])-[#1:78])-[#1:77])-[#1:54].[#6:3]-[#6:1](=[#8])-[#6:4]>>[#6:3]-[#6:1](-[#7](-[#1])-[#1])(-[#6:4])-[#1].[#7:14]-[#6:13](=[#8:15])-[#6:7]1:[#6:8](:[#6:9](:[#6:10](:[#7&+:11](-[#6:16]):[#6:12]:1-[#1:54])-[#1:77])-[#1:78])-[#1:79]	Any;Any
EVODEX.2-Em337_0	Any;Any	[#7:21]-[#6:20](=[#8:22])-[#6:14]1=[#6:19](-[#7:18](-[#6:23])-[#6:17](=[#6:16](-[#6:15]-1(-[#1:86])-[#1])-[#1:85])-[#1:84])-[#1:61].[#6:3]-[#6:1](=[#8])-[#6:4](=[#8:6])-[#8:7]>>[#6:3]-[#6:1](-[#7](-[#1])-[#1])(-[#6:4](=[#8:6])-[#8:7])-[#1].[#7:21]-[#6:20](=[#8:22])-[#6:14]1:[#6:15](:[#6:16](:[#6:17](:[#7&+:18](-[#6:23]):[#6:19]:1-[#1:61])-[#1:84])-[#1:85])-[#1:86]	Any;Any
EVODEX.2-Em338_0	Any;Any	[#6:3]-[#6:1](=[#8:58])-[#6:4](=[#8:6])-[#8:7].[#7:2](-[#1])(-[#1])-[#1]>>[#6:3]-[#6:1](-[#7:2](-[#1])-[#1])(-[#6:4](=[#8:6])-[#8:7])-[#1].[#8:58](-[#1])-[#1]	Any;Any
EVODEX.2-Em339_0	Any	[#6:3]-[#6:1](-[#8:24]-[#16:26](=[#8:27])(=[#8:28])-[#8:29])(-[#6:4])-[#1:70]>>[#6:3]-[#6:1](-[#8]-[#1])(-[#6:4])-[#1:70].[#8]-[#15](=[#8])(-[#8])-[#8:24]-[#16:26](=[#8:27])(=[#8:28])-[#8:29]	Any;Any
EVODEX.2-Em340_0	Any;Any;Any	[#7:17]-[#6:16](=[#8:18])-[#6:10]1=[#6:15](-[#7:14](-[#6:19])-[#6:13](=[#6:12](-[#6:11]-1(-[#1:87])-[#1])-[#1:86])-[#1:85])-[#1:61].[#6:3]-[#6:1](=[#8:58])-[#6:4].[#7:2](-[#1])(-[#1])-[#1]>>[#6:3]-[#6:1](-[#7:2](-[#1])-[#1])(-[#6:4])-[#1].[#7:17]-[#6:16](=[#8:18])-[#6:10]1:[#6:11](:[#6:12](:[#6:13](:[#7&+:14](-[#6:19]):[#6:15]:1-[#1:61])-[#1:85])-[#1:86])-[#1:87].[#8:58](-[#1])-[#1]	Any;Any;Any
EVODEX.2-Em341_0	Any;Any	[#7:2](-[#6](-[#6])(-[#6](=[#8])-[#8])-[#1])(-[#1])-[#1].[#6:3]-[#6:1](=[#8])-[#6:4]>>[#6:3]-[#6:1](-[#7:2](-[#1])-[#1])(-[#6:4])-[#1]	Any
EVODEX.2-Em342_0	Any;Any;Any	[#6:4]-[#6:1](=[#8:5])-[#6:3](-[#6:6])(-[#1:82])-[#1:83].[#7:37]-[#6:36](=[#8:38])-[#6:30]1=[#6:35](-[#7:34](-[#6:39])-[#6:33](=[#6:32](-[#6:31]-1(-[#1:125])-[#1])-[#1:124])-[#1:123])-[#1:99].[#8]=[#8:2]>>[#6:4]-[#6:1](=[#8:5])-[#8:2]-[#6:3](-[#6:6])(-[#1:82])-[#1:83].[#7:37]-[#6:36](=[#8:38])-[#6:30]1:[#6:31](:[#6:32](:[#6:33](:[#7&+:34](-[#6:39]):[#6:35]:1-[#1:99])-[#1:123])-[#1:124])-[#1:125]	Any;Any
EVODEX.2-Em343_0	Any	[#6:4]-[#6:1](=[#8:5])-[#6:3](-[#6:6])(-[#1:82])-[#1:83]>>[#6:4]-[#6:1](=[#8:5])-[#8]-[#6:3](-[#6:6])(-[#1:82])-[#1:83]	Any
EVODEX.2-Em344_0	Any;Any;Any	[#6:4]-[#6:1](=[#8:5])-[#6:3](-[#6:6])(-[#1:82])-[#1:83].[#7:37]-[#6:36](=[#8:38])-[#6:30]1=[#6:35](-[#7:34](-[#6:39])-[#6:33](=[#6:32](-[#6:31]-1(-[#1:123])-[#1])-[#1:122])-[#1:121])-[#1:97].[#8:78]=[#8:2]>>[#6:4]-[#6:1](=[#8:5])-[#8:2]-[#6:3](-[#6:6])(-[#1:82])-[#1:83].[#7:37]-[#6:36](=[#8:38])-[#6:30]1:[#6:31](:[#6:32](:[#6:33](:[#7&+:34](-[#6:39]):[#6:35]:1-[#1:97])-[#1:121])-[#1:122])-[#1:123].[#8:78](-[#1])-[#1]	Any;Any;Any
EVODEX.2-Em345_0	Any;Any	[#6:4]-[#6:1](=[#8:5])-[#6:3](-[#6:6])(-[#1:82])-[#1:83].[#8]=[#8:2]>>[#6:4]-[#6:1](=[#8:5])-[#8:2]-[#6:3](-[#6:6])(-[#1:82])-[#1:83]	Any
EVODEX.2-Em346_0	Any	([#6:4]-[#6:1](=[#8:2])-[#8:5].[#6:10]-[#6:3](-[#8]-[#1])(-[#6:14])-[#1:71])>>[#6:4]-[#6:1](-[#8:5])(-[#8:2]-[#6:3](-[#6:14])(-[#6:10])-[#1:71])-[#1]	Any
EVODEX.2-Em347_0	Any	([#6:4]-[#6:3](=[#8:5])-[#8:2]-[#1].[#6:10]-[#6:1](-[#8:30]-[#1])(-[#6:28])-[#1:54])>>[#6:4]-[#6:3](=[#8:5])-[#8:2]-[#6:1](-[#6:28])(-[#6:10])-[#1:54].[#8:30](-[#1])-[#1]	Any;Any
EVODEX.2-Em348_0	Any	[#6:9]-[#6:7](-[#8:8]-[#1])(-[#6:1](-[#6:2](=[#8:3])-[#6:4](=[#8:5])-[#8:6])(-[#1:29])-[#1:30])-[#1:27]>>[#6:1](-[#6:2](=[#8:3])-[#6:4](=[#8:5])-[#8:6])(-[#1:29])(-[#1:30])-[#1].[#6:9]-[#6:7](=[#8:8])-[#1:27]	Any;Any
EVODEX.2-Em349_0	Any;Any	[#6:3]-[#6:1](=[#8:4])-[#7:14](-[#6:15])-[#1].[#7:2](-[#6:5])(-[#1])-[#1]>>[#6:3]-[#6:1](=[#8:4])-[#7:2](-[#6:5])-[#1].[#6:15]-[#7:14](-[#1])-[#1]	Any;Any
EVODEX.2-Em350_0	Any	[#6:3]-[#6:1](=[#8:41])-[#6:4]>>[#6:3]-[#6:1](-[#6:4])(-[#7](-[#1])-[#1])-[#1].[#6]-[#6](=[#8:41])-[#6](=[#8])-[#8]	Any;Any
EVODEX.2-Em351_0	Any;Any	[#6:3]-[#6:1](=[#8:2])-[#8:4].[#8:16](-[#8:17]-[#1])-[#1]>>[#6:3]-[#6:1](-[#8:2]-[#1])(-[#8:4])-[#1].[#8:16]=[#8:17]	Any;Any
EVODEX.2-Em352_0	Any;Any	[#6:4]-[#6:2](=[#8:5])-[#8:1]-[#6:13].[#8:3](-[#1])-[#1]>>([#6:4]-[#6:2](=[#8:5])-[#8:3]-[#1].[#6:13]-[#8:1]-[#1])	Any
EVODEX.2-Em353_0	Any	[#6:4]-[#6:2](=[#8:5])-[#8:1]-[#6:13]>>([#6:4]-[#6:2](=[#8:5])-[#8]-[#1].[#6:13]-[#8:1]-[#1])	Any
EVODEX.2-Em354_0	Any	[#6:3]-[#6:1](=[#8:2])-[#8:4]>>[#6:3]-[#6:1](-[#8:2]-[#1])(-[#8:4])-[#1]	Any
EVODEX.2-Em355_0	Any;Any	[#6:3]-[#6:1](-[#8:20]-[#1])(-[#1:56])-[#1:57].[#8:22]-[#15:21](=[#8:23])(-[#8:24])-[#8:2]-[#15:16](=[#8:17])(-[#8:18])-[#8:19]>>[#6:3]-[#6:1](-[#8:2]-[#15:16](=[#8:17])(-[#8:18])-[#8:19])(-[#1:56])-[#1:57].[#8:22]-[#15:21](=[#8:23])(-[#8:20]-[#1])-[#8:24]	Any;Any
EVODEX.2-Em356_0	Any;Any	[#6:3]-[#6:1](-[#8]-[#1])(-[#1:40])-[#1:41].[#8:28]=[#16:27](=[#8:29])(-[#8:2]-[#1])-[#8:30]>>[#6:3]-[#6:1](-[#8:2]-[#16:27](=[#8:28])(=[#8:29])-[#8:30])(-[#1:40])-[#1:41]	Any
EVODEX.2-Em357_0	Any	([#6:4]-[#8:2]-[#1].[#6:13]-[#8:1]-[#15:3](=[#8:17])(-[#8:18])-[#8:19])>>([#6:4]-[#8:2]-[#15:3](=[#8:17])(-[#8:18])-[#8:19].[#6:13]-[#8:1]-[#1])	Any
EVODEX.2-Em358_0	Any	[#6:3]-[#6:1](-[#8:27]-[#16:28](=[#8:29])(=[#8:30])-[#8:31])(-[#1:40])-[#1:41]>>[#6:3]-[#6:1](-[#8]-[#1])(-[#1:40])-[#1:41].[#8:29]=[#16:28](=[#8:30])(-[#8:27]-[#1])-[#8:31]	Any;Any
EVODEX.2-Em359_0	Any;Any	[#7:2](-[#6:39](-[#6:41])(-[#6:42](=[#8:44])-[#8:45])-[#1])(-[#1])-[#1].[#6:3]-[#6:1](=[#8:40])-[#6:4]>>[#6:3]-[#6:1](-[#7:2](-[#1])-[#1])(-[#6:4])-[#1].[#6:41]-[#6:39](=[#8:40])-[#6:42](=[#8:44])-[#8:45]	Any;Any
EVODEX.2-Em360_0	Any;Any	[#6:13]-[#6:11](-[#7](-[#1])-[#1])(-[#6:14])-[#1].[#6]-[#6](=[#8:12])-[#6](=[#8])-[#8]>>[#6:13]-[#6:11](=[#8:12])-[#6:14]	Any
EVODEX.2-Em361_0	Any;Any	[#6:14]-[#6:11](-[#6:13])(-[#7:2](-[#1])-[#1])-[#1].[#6:3]-[#6:1](=[#8:12])-[#6:4](=[#8:6])-[#8:7]>>[#7:2](-[#6:1](-[#6:3])(-[#6:4](=[#8:6])-[#8:7])-[#1])(-[#1])-[#1].[#6:14]-[#6:11](=[#8:12])-[#6:13]	Any;Any
EVODEX.2-Em362_0	Any	[#6:14]-[#6:11](-[#6:13])(-[#7:2](-[#1])-[#1])-[#1]>>[#7:2](-[#6](-[#6])(-[#6](=[#8])-[#8])-[#1])(-[#1])-[#1].[#6:14]-[#6:11](=[#8])-[#6:13]	Any;Any
EVODEX.2-Em363_0	Any;Any	[#6:3]-[#6:1](-[#8:20]-[#15:22](=[#8:23])(-[#8:24])-[#8:25])(-[#8:4])-[#1:54].[#8:46]=[#15:21](-[#8:47])(-[#8:48])-[#8:2]-[#15:16](=[#8:17])(-[#8:18])-[#8:19]>>[#6:3]-[#6:1](-[#8:2]-[#15:16](=[#8:17])(-[#8:18])-[#8:19])(-[#8:4])-[#1:54].[#8:25]-[#15:22](=[#8:23])(-[#8:24])-[#8:20]-[#15:21](=[#8:46])(-[#8:47])-[#8:48]	Any;Any
EVODEX.2-Em364_0	Any;Any	[#8:4]-[#6:1](-[#6:5])(-[#1:60])-[#1].[#8:3]=[#6:2]=[#8:40]>>[#8:4]-[#6:1](-[#6:2](=[#8:40])-[#8:3]-[#1])(-[#6:5])-[#1:60]	Any
EVODEX.2-Em366_0	Any;Any	[#6:3]-[#6:1](=[#8:10])-[#1:23].[#8:11](-[#8:12]-[#1])-[#1]>>[#6:3]-[#6:1](-[#7](-[#1])-[#1])(-[#1:23])-[#1].[#8:10](-[#1])-[#1].[#8:11]=[#8:12]	Any;Any;Any
EVODEX.2-Em367_0	Any;Any;Any	[#6:3]-[#6:1](=[#8:14])-[#1:27].[#7:2](-[#6:10])(-[#1])-[#1].[#8:15](-[#8:16]-[#1])-[#1]>>[#6:3]-[#6:1](-[#7:2](-[#6:10])-[#1])(-[#1:27])-[#1].[#8:14](-[#1])-[#1].[#8:15]=[#8:16]	Any;Any;Any
EVODEX.2-Em368_0	Any;Any	[#6:3]-[#6:1](=[#8])-[#1:27].[#7:2](-[#6:10])(-[#1])-[#1]>>[#6:3]-[#6:1](-[#7:2](-[#6:10])-[#1])(-[#1:27])-[#1]	Any
EVODEX.2-Em369_0	Any;Any;Any	[#6:3]-[#6:1](-[#7:10](-[#1])-[#1])(-[#1:23])-[#1].[#8:2](-[#1])-[#1].[#8:11]=[#8:12]>>[#6:3]-[#6:1](=[#8:2])-[#1:23].[#7:10](-[#1])(-[#1])-[#1].[#8:11](-[#8:12]-[#1])-[#1]	Any;Any;Any
EVODEX.2-Em370_0	Any;Any	[#6:3]-[#6:1](-[#7](-[#1])-[#1])(-[#1:23])-[#1].[#8:2](-[#1])-[#1]>>[#6:3]-[#6:1](=[#8:2])-[#1:23]	Any
EVODEX.2-Em371_0	Any;Any	[#6:3]-[#6:1](-[#7:10](-[#6:11])-[#1])(-[#1:27])-[#1].[#8:15]=[#8:16]>>[#6:3]-[#6:1](=[#8])-[#1:27].[#7:10](-[#6:11])(-[#1])-[#1].[#8:15](-[#8:16]-[#1])-[#1]	Any;Any;Any
EVODEX.2-Em372_0	Any	[#6:3]-[#6:1](-[#7:10](-[#6:11])-[#1])(-[#1:27])-[#1]>>[#6:3]-[#6:1](=[#8])-[#1:27].[#7:10](-[#6:11])(-[#1])-[#1]	Any;Any
EVODEX.2-Em373_0	Any;Any	[#6:3]-[#6:1](-[#7:10](-[#6:11])-[#1])(-[#1:27])-[#1].[#8:2](-[#1])-[#1]>>[#6:3]-[#6:1](=[#8:2])-[#1:27].[#7:10](-[#6:11])(-[#1])-[#1]	Any;Any
EVODEX.2-Em374_0	Any;Any;Any	[#6:3]-[#6:1](=[#8])-[#1:38].[#7:2](-[#6:14])(-[#1])-[#1].[#8:19](-[#8:20]-[#1])-[#1]>>[#6:3]-[#6:1](-[#7:2](-[#6:14])-[#1])(-[#1:38])-[#1].[#8:19]=[#8:20]	Any;Any
EVODEX.2-Em375_0	Any;Any;Any	[#6:3]-[#6:1](-[#7:9](-[#6:10])-[#1])(-[#1:29])-[#1].[#8:2](-[#1])-[#1].[#8:19]=[#8:20]>>[#6:3]-[#6:1](=[#8:2])-[#1:29].[#7:9](-[#6:10])(-[#1])-[#1].[#8:19](-[#8:20]-[#1])-[#1]	Any;Any;Any
EVODEX.2-Em378_0	Any	[#6:7]-[#6:2](=[#8:3])-[#6:8](=[#8:10])-[#8:11]>>[#8]=[#6](-[#8])-[#6](-[#6:2](-[#8:3]-[#1])(-[#6:7])-[#6:8](=[#8:10])-[#8:11])(-[#1])-[#1]	Any
EVODEX.2-Em379_0	Any;Any	[#7:48]-[#6:47](=[#8:49])-[#6:41]1=[#6:46](-[#7:45](-[#6:50])-[#6:44](=[#6:43](-[#6:42]-1(-[#1:117])-[#1])-[#1:116])-[#1:115])-[#1:91].[#6:3]-[#6:1](=[#6:2](-[#6:10](=[#8:11])-[#6:12])-[#1:129])-[#1:128]>>[#6:3]-[#6:1](-[#6:2](-[#6:10](=[#8:11])-[#6:12])(-[#1:129])-[#1])(-[#1:128])-[#1].[#7:48]-[#6:47](=[#8:49])-[#6:41]1:[#6:42](:[#6:43](:[#6:44](:[#7&+:45](-[#6:50]):[#6:46]:1-[#1:91])-[#1:115])-[#1:116])-[#1:117]	Any;Any
EVODEX.2-Em380_0	Any	[#6:58]-[#8:57]-[#6](=[#8])-[#6]1:[#6](:[#6](:[#6](:[#6](:[#6]:1-[#1])-[#1])-[#1])-[#1])-[#1]>>[#6:58]-[#8:57]-[#1]	Any
EVODEX.2-Em381_0	Any;Any	[#6:3]-[#6:1](=[#8:4])-[#8:78]-[#6:2](-[#6:5])(-[#1:82])-[#1:83].[#8:77](-[#1])-[#1]>>[#6:3]-[#6:1](=[#8:4])-[#6:2](-[#6:5])(-[#1:82])-[#1:83].[#8:77]=[#8:78]	Any;Any
EVODEX.2-Em382_0	Any;Any;Any	[#6:3]-[#6:1](=[#8:4])-[#8:59]-[#6:2](-[#6:5])(-[#1:63])-[#1:64].[#7:17]-[#6:16](=[#8:18])-[#6:10]1:[#6:15](:[#6:14](:[#6:13](:[#7&+:12](-[#6:19]):[#6:11]:1-[#1:102])-[#1:78])-[#1:77])-[#1:76].[#8:58](-[#1])-[#1]>>[#6:3]-[#6:1](=[#8:4])-[#6:2](-[#6:5])(-[#1:63])-[#1:64].[#7:17]-[#6:16](=[#8:18])-[#6:10]1=[#6:11](-[#7:12](-[#6:19])-[#6:13](=[#6:14](-[#6:15]-1(-[#1:76])-[#1])-[#1:77])-[#1:78])-[#1:102].[#8:58]=[#8:59]	Any;Any;Any
EVODEX.2-Em383_0	Any	[#6:3]-[#6:1](=[#8:4])-[#8]-[#6:2](-[#6:5])(-[#1:63])-[#1:64]>>[#6:3]-[#6:1](=[#8:4])-[#6:2](-[#6:5])(-[#1:63])-[#1:64]	Any
EVODEX.2-Em384_0	Any	[#6:3]-[#6:1](=[#8:4])-[#8:59]-[#6:2](-[#6:5])(-[#1:63])-[#1:64]>>[#6:3]-[#6:1](=[#8:4])-[#6:2](-[#6:5])(-[#1:63])-[#1:64].[#8]=[#8:59]	Any;Any
EVODEX.2-Em385_0	Any;Any	[#6:3]-[#6:1](=[#8:4])-[#8]-[#6:2](-[#6:5])(-[#1:63])-[#1:64].[#7:17]-[#6:16](=[#8:18])-[#6:10]1:[#6:15](:[#6:14](:[#6:13](:[#7&+:12](-[#6:19]):[#6:11]:1-[#1:102])-[#1:78])-[#1:77])-[#1:76]>>[#6:3]-[#6:1](=[#8:4])-[#6:2](-[#6:5])(-[#1:63])-[#1:64].[#7:17]-[#6:16](=[#8:18])-[#6:10]1=[#6:11](-[#7:12](-[#6:19])-[#6:13](=[#6:14](-[#6:15]-1(-[#1:76])-[#1])-[#1:77])-[#1:78])-[#1:102]	Any;Any
EVODEX.2-Em386_0	Any;Any	[#6:49](-[#6:51](=[#8:52])-[#16:53])(-[#1:107])(-[#1:108])-[#1].[#6]-[#16]-[#6:50](=[#8:101])-[#6:102]>>[#16:53]-[#6:51](=[#8:52])-[#6:49](-[#6:50](=[#8:101])-[#6:102])(-[#1:107])-[#1:108]	Any
EVODEX.2-Em387_0	Any;Any	[#6:49](-[#6:51](=[#8:52])-[#16:53])(-[#1:113])(-[#1:114])-[#1].[#6:2]-[#16:1]-[#6:50](=[#8:101])-[#6:102]>>[#6:2]-[#16:1]-[#1].[#16:53]-[#6:51](=[#8:52])-[#6:49](-[#6:50](=[#8:101])-[#6:102])(-[#1:113])-[#1:114]	Any;Any
EVODEX.2-Em388_0	Any;Any	[#6:51](-[#6:52](=[#8:54])-[#16:1]-[#6:2])(-[#1:60])(-[#1:61])-[#1].[#6:55]-[#6:50](=[#8:49])-[#6:56](=[#8:58])-[#8:59]>>[#6:2]-[#16:1]-[#1].[#6:55]-[#6:50](-[#8:49]-[#1])(-[#6:51](-[#6:52](=[#8:54])-[#8]-[#1])(-[#1:60])-[#1:61])-[#6:56](=[#8:58])-[#8:59]	Any;Any
EVODEX.2-Em389_0	Any;Any	[#6:51](-[#6:52](=[#8:54])-[#16]-[#6])(-[#1:60])(-[#1:61])-[#1].[#6:55]-[#6:50](=[#8:49])-[#6:56](=[#8:58])-[#8:59]>>[#6:55]-[#6:50](-[#8:49]-[#1])(-[#6:51](-[#6:52](=[#8:54])-[#8]-[#1])(-[#1:60])-[#1:61])-[#6:56](=[#8:58])-[#8:59]	Any
EVODEX.2-Em390_0	Any;Any	[#6:55]-[#6:50](=[#8:49])-[#6:56](=[#8:58])-[#8:59].[#8:53](-[#1])-[#1]>>[#6:55]-[#6:50](-[#8:49]-[#1])(-[#6](-[#6](=[#8])-[#8:53]-[#1])(-[#1])-[#1])-[#6:56](=[#8:58])-[#8:59]	Any
EVODEX.2-Em391_0	Any;Any;Any	[#6:51](-[#6:52](=[#8:54])-[#16]-[#6])(-[#1:63])(-[#1:64])-[#1].[#6:55]-[#6:50](=[#8:49])-[#6:56](=[#8:58])-[#8:59].[#8:53](-[#1])-[#1]>>[#6:55]-[#6:50](-[#8:49]-[#1])(-[#6:51](-[#6:52](=[#8:54])-[#8:53]-[#1])(-[#1:63])-[#1:64])-[#6:56](=[#8:58])-[#8:59]	Any
EVODEX.2-Em392_0	Any	[#6:50]-[#6:49](=[#8:51])-[#16]-[#6]>>[#6:50]-[#6:49](=[#8:51])-[#1]	Any
EVODEX.2-Em393_0	Any	[#6:50]-[#6:49](=[#8:51])-[#16:1]-[#6:2]>>[#6:2]-[#16:1]-[#1].[#6:50]-[#6:49](=[#8:51])-[#1]	Any;Any
EVODEX.2-Em394_0	Any;Any	[#7:24]-[#6:23](=[#8:25])-[#6:17]1=[#6:22](-[#7:21](-[#6:26])-[#6:20](=[#6:19](-[#6:18]-1(-[#1:88])-[#1])-[#1:87])-[#1:86])-[#1:63].[#6:3]-[#6:1](=[#8:2])-[#6:4](=[#8:7])-[#8:8]>>[#6:3]-[#6:1](-[#8:2]-[#1])(-[#6:4](=[#8:7])-[#8:8])-[#1].[#7:24]-[#6:23](=[#8:25])-[#6:17]1:[#6:18](:[#6:19](:[#6:20](:[#7&+:21](-[#6:26]):[#6:22]:1-[#1:63])-[#1:86])-[#1:87])-[#1:88]	Any;Any
EVODEX.2-Em395_0	Any	[#6:3]-[#6:1](=[#8:2])-[#6:4](=[#8:7])-[#8:8]>>[#6:3]-[#6:1](-[#8:2]-[#1])(-[#6:4](=[#8:7])-[#8:8])-[#1]	Any
EVODEX.2-Em396_0	Any	[#6:53]-[#6:2](-[#8]-[#1])(-[#6:1](-[#6:3](=[#8:4])-[#16:5])(-[#1:82])-[#1])-[#1:80]>>[#6:53]-[#6:2](=[#6:1](-[#6:3](=[#8:4])-[#16:5])-[#1:82])-[#1:80]	Any
EVODEX.2-Em397_0	Any;Any;Any	[#6:1](-[#6:3])(-[#1:56])(-[#1:57])-[#1].[#7:14]-[#6:13](=[#8:15])-[#6:7]1=[#6:12](-[#7:11](-[#6:16])-[#6:10](=[#6:9](-[#6:8]-1(-[#1:94])-[#1])-[#1:93])-[#1:92])-[#1:68].[#8:2]=[#8:55]>>[#6:3]-[#6:1](-[#8:2]-[#1])(-[#1:56])-[#1:57].[#7:14]-[#6:13](=[#8:15])-[#6:7]1:[#6:8](:[#6:9](:[#6:10](:[#7&+:11](-[#6:16]):[#6:12]:1-[#1:68])-[#1:92])-[#1:93])-[#1:94].[#8:55](-[#1])-[#1]	Any;Any;Any
EVODEX.2-Em398_0	Any;Any;Any	[#6:1](-[#6:3])(-[#1:56])(-[#1:57])-[#1].[#7:14]-[#6:13](=[#8:15])-[#6:7]1=[#6:12](-[#7:11](-[#6:16])-[#6:10](=[#6:9](-[#6:8]-1(-[#1:94])-[#1])-[#1:93])-[#1:92])-[#1:68].[#8:2]=[#8]>>[#6:3]-[#6:1](-[#8:2]-[#1])(-[#1:56])-[#1:57].[#7:14]-[#6:13](=[#8:15])-[#6:7]1:[#6:8](:[#6:9](:[#6:10](:[#7&+:11](-[#6:16]):[#6:12]:1-[#1:68])-[#1:92])-[#1:93])-[#1:94]	Any;Any
EVODEX.2-Em399_0	Any;Any	[#6:1](-[#6:3])(-[#1:56])(-[#1:57])-[#1].[#8:2]=[#8:55]>>[#6:3]-[#6:1](-[#8:2]-[#1])(-[#1:56])-[#1:57].[#8:55](-[#1])-[#1]	Any;Any
EVODEX.2-Em400_0	Any;Any;Any	[#6:3]-[#6:1](=[#8:4])-[#1].[#7:19]-[#6:18](=[#8:20])-[#6:12]1:[#6:17](:[#6:16](:[#6:15](:[#7&+:14](-[#6:21]):[#6:13]:1-[#1:93])-[#1:70])-[#1:69])-[#1:68].[#8:2](-[#1])-[#1]>>[#6:3]-[#6:1](=[#8:4])-[#8:2]-[#1].[#7:19]-[#6:18](=[#8:20])-[#6:12]1=[#6:13](-[#7:14](-[#6:21])-[#6:15](=[#6:16](-[#6:17]-1(-[#1:68])-[#1])-[#1:69])-[#1:70])-[#1:93]	Any;Any
EVODEX.2-Em401_0	Any	[#6:3]-[#6:1](-[#8:20]-[#1])(-[#1:27])-[#1:28]>>[#6:3]-[#6:1](-[#8]-[#15](=[#8])(-[#8])-[#8])(-[#1:27])-[#1:28].[#8:20](-[#1])-[#1]	Any;Any
EVODEX.2-Em402_0	Any;Any	[#6:3]-[#16:1]-[#1].[#6:50]-[#16:2]-[#1]>>[#6:3]-[#16:1]-[#16:2]-[#6:50]	Any
EVODEX.2-Em403_0	Any;Any	[#6:54]-[#16:53]-[#1].[#16:3]-[#6:2](=[#8:4])-[#6:1](-[#6:52](=[#8:101])-[#6:102])(-[#1:178])-[#1:179]>>[#6:1](-[#6:2](=[#8:4])-[#16:3])(-[#1:178])(-[#1:179])-[#1].[#6:54]-[#16:53]-[#6:52](=[#8:101])-[#6:102]	Any;Any
EVODEX.2-Em404_0	Any	[#16:3]-[#6:2](=[#8:4])-[#6:1](-[#6:52](=[#8:101])-[#6:102])(-[#1:178])-[#1:179]>>[#6:1](-[#6:2](=[#8:4])-[#16:3])(-[#1:178])(-[#1:179])-[#1].[#6]-[#16]-[#6:52](=[#8:101])-[#6:102]	Any;Any
EVODEX.2-Em405_0	Any	[#6:58]-[#8:57]-[#6:1](=[#8:50])-[#6:51]1:[#6:52](:[#6:54](:[#6:56](:[#6:55](:[#6:53]:1-[#1:125])-[#1:124])-[#1:123])-[#1:122])-[#1:121]>>[#6]-[#16]-[#6:1](=[#8:50])-[#6:51]1:[#6:52](:[#6:54](:[#6:56](:[#6:55](:[#6:53]:1-[#1:125])-[#1:124])-[#1:123])-[#1:122])-[#1:121].[#6:58]-[#8:57]-[#1]	Any;Any
EVODEX.2-Em406_0	Any	[#6:54]-[#6:52](-[#8:53]-[#1])(-[#6](-[#6](=[#8])-[#8])(-[#1])-[#1])-[#6:55](=[#8:58])-[#8:59]>>[#6:54]-[#6:52](=[#8:53])-[#6:55](=[#8:58])-[#8:59]	Any
EVODEX.2-Em407_0	Any	[#6:54]-[#6:52](-[#8:53]-[#1])(-[#6:1](-[#6:2](=[#8:51])-[#8:60]-[#1])(-[#1:105])-[#1:106])-[#6:55](=[#8:58])-[#8:59]>>[#6:1](-[#6:2](=[#8:51])-[#16]-[#6])(-[#1:105])(-[#1:106])-[#1].[#6:54]-[#6:52](=[#8:53])-[#6:55](=[#8:58])-[#8:59].[#8:60](-[#1])-[#1]	Any;Any;Any
EVODEX.2-Em408_0	Any;Any	[#6:3]-[#16:2]-[#1].[#6:50]-[#6:1](=[#8:51])-[#6:65](-[#7:68])(-[#6:69])-[#1:137]>>[#6:50]-[#6:1](=[#8:51])-[#16:2]-[#6:3].[#7:68]-[#6:65](-[#6:69])(-[#6](=[#8])-[#8])-[#1:137]	Any;Any
EVODEX.2-Em409_0	Any;Any	[#6:147]-[#6:98](-[#8:97]-[#1])(-[#1])-[#1].[#7:56]-[#6:55](=[#8:57])-[#6:49]1:[#6:54](:[#6:53](:[#6:52](:[#7&+:51](-[#6:58]):[#6:50]:1-[#1:290])-[#1:266])-[#1:265])-[#1:264]>>[#7:56]-[#6:55](=[#8:57])-[#6:49]1=[#6:50](-[#7:51](-[#6:58])-[#6:52](=[#6:53](-[#6:54]-1(-[#1:264])-[#1])-[#1:265])-[#1:266])-[#1:290].[#6:147]-[#6:98](=[#8:97])-[#16]-[#6]	Any;Any
EVODEX.2-Em410_0	Any	[#6:147]-[#6:98](-[#8:97]-[#1])(-[#1])-[#1]>>[#6:147]-[#6:98](=[#8:97])-[#16]-[#6]	Any
EVODEX.2-Em411_0	Any	[#6:54]-[#6:52](-[#8:53]-[#1])(-[#6](-[#6](=[#8])-[#8:58]-[#1])(-[#1])-[#1])-[#6:55](=[#8:56])-[#8:57]>>[#6:54]-[#6:52](=[#8:53])-[#6:55](=[#8:56])-[#8:57].[#8:58](-[#1])-[#1]	Any;Any
EVODEX.2-Em412_0	Any;Any	[#6:3]-[#16:2]-[#1].[#6:62]-[#8:61]-[#6:1](=[#8:50])-[#6:51](=[#6:52](-[#6:53]1:[#6:54](:[#6:56](:[#6:58](-[#8:60]):[#6:57](-[#8:59]):[#6:55]:1-[#1:166])-[#1:163])-[#1:162])-[#1:161])-[#1:160]>>[#6:3]-[#16:2]-[#6:1](=[#8:50])-[#6:51](=[#6:52](-[#6:53]1:[#6:54](:[#6:56](:[#6:58](-[#8:60]):[#6:57](-[#8:59]):[#6:55]:1-[#1:166])-[#1:163])-[#1:162])-[#1:161])-[#1:160].[#6:62]-[#8:61]-[#1]	Any;Any
EVODEX.2-Em413_0	Any;Any	[#6:3]-[#16:2]-[#1].[#6:58]-[#8:57]-[#6:1](=[#8:50])-[#6:51]1:[#6:52](:[#6:54](:[#6:56](:[#6:55](:[#6:53]:1-[#1:115])-[#1:114])-[#1:113])-[#1:112])-[#1:111]>>[#6:3]-[#16:2]-[#6:1](=[#8:50])-[#6:51]1:[#6:52](:[#6:54](:[#6:56](:[#6:55](:[#6:53]:1-[#1:115])-[#1:114])-[#1:113])-[#1:112])-[#1:111].[#6:58]-[#8:57]-[#1]	Any;Any
EVODEX.2-Em414_0	Any;Any;Any	[#6:3]-[#16:2]-[#1].[#6:50]-[#6:1](=[#8:51])-[#1].[#7:73]-[#6:72](=[#8:74])-[#6:66]1:[#6:71](:[#6:70](:[#6:69](:[#7&+:68](-[#6:75]):[#6:67]:1-[#1:205])-[#1:182])-[#1:181])-[#1:180]>>[#6:50]-[#6:1](=[#8:51])-[#16:2]-[#6:3].[#7:73]-[#6:72](=[#8:74])-[#6:66]1=[#6:67](-[#7:68](-[#6:75])-[#6:69](=[#6:70](-[#6:71]-1(-[#1:180])-[#1])-[#1:181])-[#1:182])-[#1:205]	Any;Any
EVODEX.2-Em415_0	Any	[#8:58]-[#6:56]1:[#6:54](:[#6:53](-[#6:52](=[#6:50](-[#6:1](=[#8:51])-[#8:62]-[#6:63])-[#1:121])-[#1:120]):[#6:55](:[#6:57](:[#6:59]:1-[#8:61])-[#1:134])-[#1:133])-[#1:119]>>[#8:58]-[#6:56]1:[#6:54](:[#6:53](-[#6:52](=[#6:50](-[#6:1](=[#8:51])-[#16]-[#6])-[#1:121])-[#1:120]):[#6:55](:[#6:57](:[#6:59]:1-[#8:61])-[#1:134])-[#1:133])-[#1:119].[#6:63]-[#8:62]-[#1]	Any;Any
EVODEX.2-Em416_0	Any	[#6:54]-[#6:52](-[#8:53]-[#1])(-[#6:1](-[#6:2](=[#8:51])-[#8]-[#1])(-[#1:106])-[#1:107])-[#6:55](=[#8:57])-[#8:58]>>[#6:1](-[#6:2](=[#8:51])-[#16]-[#6])(-[#1:106])(-[#1:107])-[#1].[#6:54]-[#6:52](=[#8:53])-[#6:55](=[#8:57])-[#8:58]	Any;Any
EVODEX.2-Em417_0	Any;Any	[#6:4]-[#16:3]-[#1].[#6:54]-[#6:52](-[#8:53]-[#1])(-[#6:1](-[#6:2](=[#8:51])-[#8]-[#1])(-[#1:109])-[#1:110])-[#6:55](=[#8:57])-[#8:58]>>[#6:1](-[#6:2](=[#8:51])-[#16:3]-[#6:4])(-[#1:109])(-[#1:110])-[#1].[#6:54]-[#6:52](=[#8:53])-[#6:55](=[#8:57])-[#8:58]	Any;Any
EVODEX.2-Em418_0	Any;Any	[#6:4]-[#16:3]-[#1].[#6:54]-[#6:52](-[#8:53]-[#1])(-[#6:1](-[#6:2](=[#8:51])-[#8:62]-[#1])(-[#1:109])-[#1:110])-[#6:55](=[#8:57])-[#8:58]>>[#6:1](-[#6:2](=[#8:51])-[#16:3]-[#6:4])(-[#1:109])(-[#1:110])-[#1].[#6:54]-[#6:52](=[#8:53])-[#6:55](=[#8:57])-[#8:58].[#8:62](-[#1])-[#1]	Any;Any;Any
EVODEX.2-Em419_0	Any;Any	[#6]-[#16]-[#6:56](=[#8:58])-[#6:59].[#8]=[#6](-[#8:57]-[#1])-[#6]>>[#6:59]-[#6:56](=[#8:58])-[#8:57]-[#1]	Any
EVODEX.2-Em420_0	Any;Any	[#16:4]-[#6:3](=[#8:5])-[#6:1](=[#6:2](-[#6:53])-[#1:98])-[#1:97].[#8:60](-[#8:61]-[#1])-[#1]>>[#16:4]-[#6:3](=[#8:5])-[#6:1](-[#6:2](-[#6:53])(-[#1:98])-[#1])(-[#1:97])-[#1].[#8:60]=[#8:61]	Any;Any
EVODEX.2-Em421_0	Any;Any	[#6]-[#16]-[#6:49](=[#8:51])-[#6:52](=[#6:53](-[#6:54]1:[#6:55](:[#6:57](:[#6:59](-[#8:61]):[#6:58](-[#8:60]):[#6:56]:1-[#1:146])-[#1:143])-[#1:142])-[#1:141])-[#1:140].[#6:62]-[#8:50]-[#1]>>[#6:62]-[#8:50]-[#6:49](=[#8:51])-[#6:52](=[#6:53](-[#6:54]1:[#6:55](:[#6:57](:[#6:59](-[#8:61]):[#6:58](-[#8:60]):[#6:56]:1-[#1:146])-[#1:143])-[#1:142])-[#1:141])-[#1:140]	Any
EVODEX.2-Em422_0	Any;Any	[#6:2]-[#16:1]-[#6:49](=[#8:51])-[#6:52](=[#6:53](-[#6:54]1:[#6:55](:[#6:57](:[#6:59](-[#8:61]):[#6:58](-[#8:60]):[#6:56]:1-[#1:116])-[#1:113])-[#1:112])-[#1:111])-[#1:110].[#6:62]-[#8:50]-[#1]>>[#6:2]-[#16:1]-[#1].[#8:51]=[#6:49](-[#6:52](=[#6:53](-[#6:54]1:[#6:55](:[#6:57](:[#6:59](-[#8:61]):[#6:58](-[#8:60]):[#6:56]:1-[#1:116])-[#1:113])-[#1:112])-[#1:111])-[#1:110])-[#8:50]-[#6:62]	Any;Any
EVODEX.2-Em423_0	Any;Any	[#6:3]-[#6:1](=[#8:4])-[#1].[#8:2](-[#1])-[#1]>>[#6:3]-[#6:1](=[#8:4])-[#8:2]-[#1]	Any
EVODEX.2-Em424_0	Any;Any	[#6]-[#16]-[#6:49](=[#8:50])-[#6:51].[#7:63]-[#6:62](=[#8:64])-[#6:56]1=[#6:61](-[#7:60](-[#6:65])-[#6:59](=[#6:58](-[#6:57]-1(-[#1:172])-[#1])-[#1:171])-[#1:170])-[#1:146]>>[#8:50]=[#6:49](-[#6:51])-[#1].[#7:63]-[#6:62](=[#8:64])-[#6:56]1:[#6:57](:[#6:58](:[#6:59](:[#7&+:60](-[#6:65]):[#6:61]:1-[#1:146])-[#1:170])-[#1:171])-[#1:172]	Any;Any
EVODEX.2-Em425_0	Any;Any	[#6:2]-[#16:1]-[#6:49](=[#8:51])-[#6:52].[#6:60]-[#6:50](-[#7:61])(-[#6:62](=[#8:64])-[#8:63]-[#1])-[#1:114]>>[#6:2]-[#16:1]-[#1].[#6:60]-[#6:50](-[#7:61])(-[#6:49](=[#8:51])-[#6:52])-[#1:114].[#8:63]=[#6:62]=[#8:64]	Any;Any;Any
EVODEX.2-Em427_0	Any;Any	[#6:2]-[#16:1]-[#6:49](=[#8:51])-[#6:52]1:[#6:53](:[#6:55](:[#6:57](:[#6:56](:[#6:54]:1-[#1:107])-[#1:106])-[#1:105])-[#1:104])-[#1:103].[#6:58]-[#8:50]-[#1]>>[#6:2]-[#16:1]-[#1].[#6:58]-[#8:50]-[#6:49](=[#8:51])-[#6:52]1:[#6:53](:[#6:55](:[#6:57](:[#6:56](:[#6:54]:1-[#1:107])-[#1:106])-[#1:105])-[#1:104])-[#1:103]	Any;Any
EVODEX.2-Em428_0	Any;Any	[#6]-[#16]-[#6:49](=[#8:51])-[#6:52]1:[#6:53](:[#6:55](:[#6:57](:[#6:56](:[#6:54]:1-[#1:103])-[#1:102])-[#1:101])-[#1:100])-[#1:99].[#6:58]-[#8:50]-[#1]>>[#6:58]-[#8:50]-[#6:49](=[#8:51])-[#6:52]1:[#6:53](:[#6:55](:[#6:57](:[#6:56](:[#6:54]:1-[#1:103])-[#1:102])-[#1:101])-[#1:100])-[#1:99]	Any
EVODEX.2-Em429_0	Any	[#6:58]-[#8:50]-[#1]>>[#6:58]-[#8:50]-[#6](=[#8])-[#6]1:[#6](:[#6](:[#6](:[#6](:[#6]:1-[#1])-[#1])-[#1])-[#1])-[#1]	Any
EVODEX.2-Em430_0	Any;Any	[#6:3]-[#6:1](-[#8]-[#15](=[#8])(-[#8])-[#8])(-[#1:62])-[#1:63].[#8:2](-[#1])-[#1]>>[#6:3]-[#6:1](-[#8:2]-[#1])(-[#1:62])-[#1:63]	Any
EVODEX.2-Em431_0	Any;Any	[#8:74]-[#15:73](=[#8:75])(-[#8:76])-[#8:72]-[#6:1](-[#8:3])(-[#6:4])-[#1:109].[#8:14]-[#15:13](=[#8:15])(-[#8:2]-[#1])-[#8:16]>>[#8:14]-[#15:13](=[#8:15])(-[#8:16])-[#8:2]-[#6:1](-[#8:3])(-[#6:4])-[#1:109].[#8:74]-[#15:73](=[#8:75])(-[#8:72]-[#1])-[#8:76]	Any;Any
EVODEX.2-Em432_0	Any;Any	[#6:5]-[#6:4](-[#6:6])=[#6:3](-[#6:1](-[#8:46]-[#1])(-[#1:136])-[#1:137])-[#1:135].[#8:48]-[#15:47](=[#8:49])(-[#8:50])-[#8:2]-[#15:42](=[#8:43])(-[#8:44])-[#8:45]>>[#6:5]-[#6:4](-[#6:6])=[#6:3](-[#6:1](-[#8:2]-[#15:42](=[#8:43])(-[#8:44])-[#8:45])(-[#1:136])-[#1:137])-[#1:135].[#8:48]-[#15:47](=[#8:49])(-[#8:46]-[#1])-[#8:50]	Any;Any
EVODEX.2-Em433_0	Any;Any	[#6:5]-[#6:4](-[#6:6])=[#6:3](-[#6:1](-[#8:32]-[#15:34](=[#8:35])(-[#8:36])-[#8:37])(-[#1:110])-[#1:111])-[#1:109].[#8:38]-[#15:33](=[#8:39])(-[#8:2]-[#1])-[#8:40]>>[#6:5]-[#6:4](-[#6:6])=[#6:3](-[#6:1](-[#8:2]-[#1])(-[#1:110])-[#1:111])-[#1:109].[#8:38]-[#15:33](=[#8:39])(-[#8:40])-[#8:32]-[#15:34](=[#8:35])(-[#8:36])-[#8:37]	Any;Any
EVODEX.2-Em434_0	Any;Any	[#7:36]-[#6:35](=[#8:37])-[#6:29]1=[#6:34](-[#7:33](-[#6:38])-[#6:32](=[#6:31](-[#6:30]-1(-[#1:105])-[#1])-[#1:104])-[#1:103])-[#1:79].[#6:3]-[#6:1](=[#8:2])-[#6:4]>>[#6:3]-[#6:1](-[#8:2]-[#1])(-[#6:4])-[#1].[#7:36]-[#6:35](=[#8:37])-[#6:29]1:[#6:30](:[#6:31](:[#6:32](:[#7&+:33](-[#6:38]):[#6:34]:1-[#1:79])-[#1:103])-[#1:104])-[#1:105]	Any;Any
EVODEX.2-Em435_0	Any;Any	[#7:39]-[#6:38](=[#8:40])-[#6:32]1:[#6:37](:[#6:36](:[#6:35](:[#7&+:34](-[#6:41]):[#6:33]:1-[#1:105])-[#1:82])-[#1:81])-[#1:80].[#6:3]-[#6:1](=[#8])-[#1:146]>>[#6:3]-[#6:1](-[#8]-[#1])(-[#1:146])-[#1].[#7:39]-[#6:38](=[#8:40])-[#6:32]1=[#6:33](-[#7:34](-[#6:41])-[#6:35](=[#6:36](-[#6:37]-1(-[#1:80])-[#1])-[#1:81])-[#1:82])-[#1:105]	Any;Any
EVODEX.2-Em437_0	Any	[#6:3]-[#6:1](-[#8:34]-[#1])(-[#6:4])-[#1:88]>>[#6:3]-[#6:1](-[#8]-[#1])(-[#6:4])-[#1:88].[#8]-[#15](=[#8])(-[#8:34]-[#1])-[#8]	Any;Any
EVODEX.2-Em438_0	Any;Any	[#6:3]-[#6:1](-[#8]-[#1])(-[#6:4])-[#1:88].[#8:2](-[#1])-[#1]>>[#6:3]-[#6:1](-[#8:2]-[#1])(-[#6:4])-[#1:88]	Any
EVODEX.2-Em439_0	Any;Any	[#6:3]-[#6:1](-[#8:34]-[#1])(-[#6:4])-[#1:88].[#8:2](-[#1])-[#1]>>[#6:3]-[#6:1](-[#8:2]-[#1])(-[#6:4])-[#1:88].[#8]-[#15](=[#8])(-[#8:34]-[#1])-[#8]	Any;Any
EVODEX.2-Em440_0	Any;Any	[#8:3]-[#6:1](-[#8:29]-[#1])(-[#6:4])-[#1:35].[#7:23]-[#6:21]1:[#7:22]:[#6:20](:[#7:17]:[#6:15]2:[#7:2](:[#6:16](:[#7:19]:[#6:18]:1:2)-[#1:53])-[#1])-[#1:51]>>[#7:23]-[#6:21]1:[#7:22]:[#6:20](:[#7:17]:[#6:15]2:[#6:18]:1:[#7:19]:[#6:16](:[#7:2]:2-[#6:1](-[#8:3])(-[#6:4])-[#1:35])-[#1:53])-[#1:51].[#8:29](-[#1])-[#1]	Any;Any
EVODEX.2-Em441_0	Any;Any;Any	[#7:16]-[#6:15](=[#8:17])-[#6:9]1=[#6:14](-[#7:13](-[#6:18])-[#6:12](=[#6:11](-[#6:10]-1(-[#1:81])-[#1])-[#1:80])-[#1:79])-[#1:56].[#6:3]-[#6:1](=[#8])-[#6:4](=[#8:7])-[#8:8].[#7:2](-[#1])(-[#1])-[#1]>>[#6:3]-[#6:1](-[#7:2](-[#1])-[#1])(-[#6:4](=[#8:7])-[#8:8])-[#1].[#7:16]-[#6:15](=[#8:17])-[#6:9]1:[#6:10](:[#6:11](:[#6:12](:[#7&+:13](-[#6:18]):[#6:14]:1-[#1:56])-[#1:79])-[#1:80])-[#1:81]	Any;Any
EVODEX.2-Em442_0	Any;Any	[#7:16]-[#6:15](=[#8:17])-[#6:9]1=[#6:14](-[#7:13](-[#6:18])-[#6:12](=[#6:11](-[#6:10]-1(-[#1:81])-[#1])-[#1:80])-[#1:79])-[#1:56].[#6:3]-[#6:1](=[#8:53])-[#6:4](=[#8:7])-[#8:8]>>[#6:3]-[#6:1](-[#7](-[#1])-[#1])(-[#6:4](=[#8:7])-[#8:8])-[#1].[#7:16]-[#6:15](=[#8:17])-[#6:9]1:[#6:10](:[#6:11](:[#6:12](:[#7&+:13](-[#6:18]):[#6:14]:1-[#1:56])-[#1:79])-[#1:80])-[#1:81].[#8:53](-[#1])-[#1]	Any;Any;Any
EVODEX.2-Em443_0	Any;Any	[#6:3]-[#6:1](=[#8:9])-[#6:4](=[#8:7])-[#8:8].[#8:10](-[#8:11]-[#1])-[#1]>>[#6:3]-[#6:1](-[#7](-[#1])-[#1])(-[#6:4](=[#8:7])-[#8:8])-[#1].[#8:9](-[#1])-[#1].[#8:10]=[#8:11]	Any;Any;Any
EVODEX.2-Em444_0	Any	[#6:3]-[#6:1](=[#8:10])-[#6:4](=[#8:7])-[#8:8]>>[#6:3]-[#6:1](-[#7](-[#1])-[#1])(-[#6:4](=[#8:7])-[#8:8])-[#1].[#8:10]=[#6](-[#6](=[#8])-[#8])-[#1]	Any;Any
EVODEX.2-Em445_0	Any	[#6:2]-[#6:1](=[#8:3])-[#6:6](=[#8:8])-[#8:7]-[#1]>>[#6:2]-[#6:1](=[#8:3])-[#1].[#8:7]=[#6:6]=[#8:8]	Any;Any
EVODEX.2-Em446_0	Any;Any	[#6:3]-[#6:1](=[#8:52])-[#6:4].[#7:2](-[#1])(-[#1])-[#1]>>[#6:3]-[#6:1](-[#7:2](-[#1])-[#1])(-[#6:4])-[#1].[#8:52](-[#1])-[#1]	Any;Any
EVODEX.2-Em447_0	Any	[#6:3]-[#6:1](-[#6:7](=[#8:9])-[#8:8]-[#1])(-[#7:2](-[#8:10]-[#1])-[#8:6])-[#1:18]>>[#6:3]-[#6:1](=[#7:2]-[#8:6])-[#1:18].[#8:8]=[#6:7]=[#8:9].[#8:10](-[#1])-[#1]	Any;Any;Any
EVODEX.2-Em448_0	Any	[#6:3]-[#6:1](-[#6:7](=[#8:9])-[#8:8]-[#1])(-[#7:2](-[#8]-[#1])-[#8:6])-[#1:18]>>[#6:3]-[#6:1](=[#7:2]-[#8:6])-[#1:18].[#8:8]=[#6:7]=[#8:9]	Any;Any
EVODEX.2-Em449_0	Any;Any	[#7:3](=[#6:1](-[#7:4])-[#7](-[#6])-[#1])-[#1].[#6:5]-[#7:2](-[#1])-[#1]>>[#6:5]-[#7:2](-[#6:1](=[#7:3]-[#1])-[#7:4])-[#1]	Any
EVODEX.2-Em450_0	Any	[#6:5]-[#7:2](-[#1])-[#1]>>[#6:5]-[#7:2](-[#6](=[#7]-[#1])-[#7])-[#1]	Any
EVODEX.2-Em451_0	Any;Any;Any	[#6:47]-[#6:45](-[#7:53](-[#1])-[#1])(-[#6:48](=[#8:51])-[#8:52])-[#1].[#7:8]-[#6:7](=[#8:9])-[#6:1]1:[#6:6](:[#6:5](:[#6:4](:[#7&+:3](-[#6:10]):[#6:2]:1-[#1:92])-[#1:69])-[#1:68])-[#1:67].[#8:46](-[#1])-[#1]>>[#7:8]-[#6:7](=[#8:9])-[#6:1]1=[#6:2](-[#7:3](-[#6:10])-[#6:4](=[#6:5](-[#6:6]-1(-[#1:67])-[#1])-[#1:68])-[#1:69])-[#1:92].[#6:47]-[#6:45](=[#8:46])-[#6:48](=[#8:51])-[#8:52].[#7:53](-[#1])(-[#1])-[#1]	Any;Any;Any
EVODEX.2-Em452_0	Any;Any;Any	[#6:47]-[#6:45](-[#7](-[#1])-[#1])(-[#6:48](=[#8:51])-[#8:52])-[#1].[#7:8]-[#6:7](=[#8:9])-[#6:1]1:[#6:6](:[#6:5](:[#6:4](:[#7&+:3](-[#6:10]):[#6:2]:1-[#1:92])-[#1:69])-[#1:68])-[#1:67].[#8:46](-[#1])-[#1]>>[#7:8]-[#6:7](=[#8:9])-[#6:1]1=[#6:2](-[#7:3](-[#6:10])-[#6:4](=[#6:5](-[#6:6]-1(-[#1:67])-[#1])-[#1:68])-[#1:69])-[#1:92].[#6:47]-[#6:45](=[#8:46])-[#6:48](=[#8:51])-[#8:52]	Any;Any
EVODEX.2-Em453_0	Any;Any	[#6:47]-[#6:45](-[#7](-[#1])-[#1])(-[#6:48](=[#8:51])-[#8:52])-[#1].[#7:8]-[#6:7](=[#8:9])-[#6:1]1:[#6:6](:[#6:5](:[#6:4](:[#7&+:3](-[#6:10]):[#6:2]:1-[#1:92])-[#1:69])-[#1:68])-[#1:67]>>[#7:8]-[#6:7](=[#8:9])-[#6:1]1=[#6:2](-[#7:3](-[#6:10])-[#6:4](=[#6:5](-[#6:6]-1(-[#1:67])-[#1])-[#1:68])-[#1:69])-[#1:92].[#6:47]-[#6:45](=[#8])-[#6:48](=[#8:51])-[#8:52]	Any;Any
EVODEX.2-Em454_0	Any;Any	[#6:8]-[#6:6](-[#7](-[#1])-[#1])(-[#6:9](=[#8:12])-[#8:13])-[#1].[#8:7]=[#6](-[#6](=[#8])-[#8])-[#1]>>[#6:8]-[#6:6](=[#8:7])-[#6:9](=[#8:12])-[#8:13]	Any
EVODEX.2-Em455_0	Any;Any	[#6:47]-[#6:45](-[#7:52](-[#1])-[#1])(-[#6:48])-[#1].[#7:8]-[#6:7](=[#8:9])-[#6:1]1:[#6:6](:[#6:5](:[#6:4](:[#7&+:3](-[#6:10]):[#6:2]:1-[#1:93])-[#1:70])-[#1:69])-[#1:68]>>[#7:8]-[#6:7](=[#8:9])-[#6:1]1=[#6:2](-[#7:3](-[#6:10])-[#6:4](=[#6:5](-[#6:6]-1(-[#1:68])-[#1])-[#1:69])-[#1:70])-[#1:93].[#6:47]-[#6:45](=[#8])-[#6:48].[#7:52](-[#1])(-[#1])-[#1]	Any;Any;Any
EVODEX.2-Em456_0	Any;Any	[#6:47]-[#6:45](-[#7](-[#1])-[#1])(-[#6:48])-[#1].[#7:8]-[#6:7](=[#8:9])-[#6:1]1:[#6:6](:[#6:5](:[#6:4](:[#7&+:3](-[#6:10]):[#6:2]:1-[#1:93])-[#1:70])-[#1:69])-[#1:68]>>[#7:8]-[#6:7](=[#8:9])-[#6:1]1=[#6:2](-[#7:3](-[#6:10])-[#6:4](=[#6:5](-[#6:6]-1(-[#1:68])-[#1])-[#1:69])-[#1:70])-[#1:93].[#6:47]-[#6:45](=[#8])-[#6:48]	Any;Any
EVODEX.2-Em457_0	Any	[#6:14]-[#7:13](-[#6](=[#7]-[#1])-[#7])-[#1]>>[#6:14]-[#7:13](-[#1])-[#1]	Any
EVODEX.2-Em458_0	Any	[#6:14]-[#7:13](-[#6:1](=[#7:3]-[#1])-[#7:4])-[#1]>>[#7:3](=[#6:1](-[#7:4])-[#7](-[#6])-[#1])-[#1].[#6:14]-[#7:13](-[#1])-[#1]	Any;Any
EVODEX.2-Em459_0	Any;Any;Any	[#6:2]-[#6:1](-[#8:65]-[#1])(-[#6:3](=[#8:6])-[#16:7])-[#1:74].[#8:58]=[#6:55](-[#8:66]-[#1])-[#6:59].[#8:57]=[#6:56]=[#8:64]>>[#6:2]-[#6:1](-[#6:3](=[#8:6])-[#16:7])(-[#1:74])-[#1].[#6:59]-[#6:55](=[#8:58])-[#6:56](=[#8:64])-[#8:57]-[#1].[#8:65]=[#8:66]	Any;Any;Any
EVODEX.2-Em460_0	Any;Any;Any	[#6:2]-[#6:1](-[#8]-[#1])(-[#6:3](=[#8:6])-[#16:7])-[#1:74].[#8:58]=[#6:55](-[#8]-[#1])-[#6:59].[#8:57]=[#6:56]=[#8:64]>>[#6:2]-[#6:1](-[#6:3](=[#8:6])-[#16:7])(-[#1:74])-[#1].[#6:59]-[#6:55](=[#8:58])-[#6:56](=[#8:64])-[#8:57]-[#1]	Any;Any
EVODEX.2-Em461_0	Any;Any	[#6:2]-[#6:1](-[#8]-[#1])(-[#6:3](=[#8:6])-[#16:7])-[#1:74].[#8:57]=[#6:56]=[#8:64]>>[#6:2]-[#6:1](-[#6:3](=[#8:6])-[#16:7])(-[#1:74])-[#1].[#6]-[#6](=[#8])-[#6:56](=[#8:64])-[#8:57]-[#1]	Any;Any
EVODEX.2-Em462_0	Any	[#6:2]-[#6:1](-[#8:65]-[#1])(-[#6:3](=[#8:6])-[#16:7])-[#1:74]>>[#6:2]-[#6:1](-[#6:3](=[#8:6])-[#16:7])(-[#1:74])-[#1].[#8:65]=[#8]	Any;Any
EVODEX.2-Em463_0	Any;Any	[#6:2]-[#6:1](-[#8]-[#1])(-[#6:3](=[#8:6])-[#16:7])-[#1:74].[#8:58]=[#6:55](-[#8]-[#1])-[#6:59]>>[#6:2]-[#6:1](-[#6:3](=[#8:6])-[#16:7])(-[#1:74])-[#1].[#6:59]-[#6:55](=[#8:58])-[#6](=[#8])-[#8]	Any;Any
EVODEX.2-Em464_0	Any	[#6:6]-[#6:3](=[#7:4]-[#8:9])-[#1:18]>>[#6:6]-[#6:3](-[#6](=[#8])-[#8])(-[#7:4](-[#8]-[#1])-[#8:9])-[#1:18]	Any
EVODEX.2-Em465_0	Any;Any;Any	[#7:13]-[#6:12](=[#8:14])-[#6:6]1=[#6:11](-[#7:10](-[#6:15])-[#6:9](=[#6:8](-[#6:7]-1(-[#1:78])-[#1])-[#1:77])-[#1:76])-[#1:53].[#6:3]-[#6:1](=[#8:50])-[#1:87].[#7:2](-[#1])(-[#1])-[#1]>>[#6:3]-[#6:1](-[#7:2](-[#1])-[#1])(-[#1:87])-[#1].[#7:13]-[#6:12](=[#8:14])-[#6:6]1:[#6:7](:[#6:8](:[#6:9](:[#7&+:10](-[#6:15]):[#6:11]:1-[#1:53])-[#1:76])-[#1:77])-[#1:78].[#8:50](-[#1])-[#1]	Any;Any;Any
EVODEX.2-Em466_0	Any;Any	[#7:13]-[#6:12](=[#8:14])-[#6:6]1=[#6:11](-[#7:10](-[#6:15])-[#6:9](=[#6:8](-[#6:7]-1(-[#1:78])-[#1])-[#1:77])-[#1:76])-[#1:53].[#6:3]-[#6:1](=[#8])-[#1:87]>>[#6:3]-[#6:1](-[#7](-[#1])-[#1])(-[#1:87])-[#1].[#7:13]-[#6:12](=[#8:14])-[#6:6]1:[#6:7](:[#6:8](:[#6:9](:[#7&+:10](-[#6:15]):[#6:11]:1-[#1:53])-[#1:76])-[#1:77])-[#1:78]	Any;Any
EVODEX.2-Em467_0	Any;Any;Any	[#7:13]-[#6:12](=[#8:14])-[#6:6]1=[#6:11](-[#7:10](-[#6:15])-[#6:9](=[#6:8](-[#6:7]-1(-[#1:83])-[#1])-[#1:82])-[#1:81])-[#1:57].[#6:3]-[#6:1](=[#8])-[#1:92].[#7:2](-[#1])(-[#1])-[#1]>>[#6:3]-[#6:1](-[#7:2](-[#1])-[#1])(-[#1:92])-[#1].[#7:13]-[#6:12](=[#8:14])-[#6:6]1:[#6:7](:[#6:8](:[#6:9](:[#7&+:10](-[#6:15]):[#6:11]:1-[#1:57])-[#1:81])-[#1:82])-[#1:83]	Any;Any
EVODEX.2-Em468_0	Any;Any	[#7:13]-[#6:12](=[#8:14])-[#6:6]1=[#6:11](-[#7:10](-[#6:15])-[#6:9](=[#6:8](-[#6:7]-1(-[#1:83])-[#1])-[#1:82])-[#1:81])-[#1:57].[#6:3]-[#6:1](=[#8:54])-[#1:92]>>[#6:3]-[#6:1](-[#7](-[#1])-[#1])(-[#1:92])-[#1].[#7:13]-[#6:12](=[#8:14])-[#6:6]1:[#6:7](:[#6:8](:[#6:9](:[#7&+:10](-[#6:15]):[#6:11]:1-[#1:57])-[#1:81])-[#1:82])-[#1:83].[#8:54](-[#1])-[#1]	Any;Any;Any
EVODEX.2-Em469_0	Any	[#6:4]-[#6:1](=[#8:5])-[#1]>>[#6:4]-[#6:1](=[#8:5])-[#6](=[#8])-[#8]	Any
EVODEX.2-Em470_0	Any;Any;Any	[#6:3]-[#6:1](=[#8:10])-[#6:4](=[#8:6])-[#8:7].[#7:2](-[#1])(-[#1])-[#1].[#8:11](-[#8:12]-[#1])-[#1]>>[#6:3]-[#6:1](-[#7:2](-[#1])-[#1])(-[#6:4](=[#8:6])-[#8:7])-[#1].[#8:10](-[#1])-[#1].[#8:11]=[#8:12]	Any;Any;Any
EVODEX.2-Em471_0	Any;Any;Any	[#6:3]-[#6:1](-[#6:4](=[#8:7])-[#16:8])(-[#1:74])-[#1].[#6:58]-[#6:56](=[#8:59])-[#6:64](=[#8:66])-[#8:65]-[#1].[#8:2]=[#8:57]>>[#6:3]-[#6:1](-[#8:2]-[#1])(-[#6:4](=[#8:7])-[#16:8])-[#1:74].[#8:59]=[#6:56](-[#8:57]-[#1])-[#6:58].[#8:65]=[#6:64]=[#8:66]	Any;Any;Any
EVODEX.2-Em472_0	Any	[#6:3]-[#6:1](-[#6:4](=[#8:7])-[#16:8])(-[#1:74])-[#1]>>[#6:3]-[#6:1](-[#8]-[#1])(-[#6:4](=[#8:7])-[#16:8])-[#1:74]	Any
EVODEX.2-Em473_0	Any;Any	[#6:3]-[#6:1](-[#6:4](=[#8:7])-[#16:8])(-[#1:74])-[#1].[#6]-[#6](=[#8])-[#6:64](=[#8:66])-[#8:65]-[#1]>>[#6:3]-[#6:1](-[#8]-[#1])(-[#6:4](=[#8:7])-[#16:8])-[#1:74].[#8:65]=[#6:64]=[#8:66]	Any;Any
EVODEX.2-Em474_0	Any;Any	[#6:47]-[#6:45](-[#7:54](-[#1])-[#1])(-[#6:48](=[#8:50])-[#8:51])-[#1].[#7:8]-[#6:7](=[#8:9])-[#6:1]1:[#6:6](:[#6:5](:[#6:4](:[#7&+:3](-[#6:10]):[#6:2]:1-[#1:95])-[#1:72])-[#1:71])-[#1:70]>>[#7:8]-[#6:7](=[#8:9])-[#6:1]1=[#6:2](-[#7:3](-[#6:10])-[#6:4](=[#6:5](-[#6:6]-1(-[#1:70])-[#1])-[#1:71])-[#1:72])-[#1:95].[#6:47]-[#6:45](=[#8])-[#6:48](=[#8:50])-[#8:51].[#7:54](-[#1])(-[#1])-[#1]	Any;Any;Any
EVODEX.2-Em475_0	Any;Any	[#6:47]-[#6:45](-[#7](-[#1])-[#1])(-[#6:48](=[#8:50])-[#8:51])-[#1].[#8:46](-[#1])-[#1]>>[#6:47]-[#6:45](=[#8:46])-[#6:48](=[#8:50])-[#8:51]	Any
EVODEX.2-Em476_0	Any	[#6:3]-[#6:1](=[#8])-[#6:4](=[#8:6])-[#8:7]>>[#6:3]-[#6:1](-[#7](-[#1])-[#1])(-[#6:4](=[#8:6])-[#8:7])-[#1]	Any
EVODEX.2-Em477_0	Any;Any;Any	[#6:3]-[#6:1](-[#7](-[#1])-[#1])(-[#6:4](=[#8:6])-[#8:7])-[#1].[#8:2](-[#1])-[#1].[#8:11]=[#8:12]>>[#6:3]-[#6:1](=[#8:2])-[#6:4](=[#8:6])-[#8:7].[#8:11](-[#8:12]-[#1])-[#1]	Any;Any
EVODEX.2-Em478_0	Any;Any	[#6:8]-[#6:6](-[#7:2](-[#1])-[#1])(-[#6:9](=[#8:11])-[#8:12])-[#1].[#8:7]=[#6:1](-[#6:3](=[#8:4])-[#8:5])-[#1:28]>>[#7:2](-[#6:1](-[#6:3](=[#8:4])-[#8:5])(-[#1:28])-[#1])(-[#1])-[#1].[#6:8]-[#6:6](=[#8:7])-[#6:9](=[#8:11])-[#8:12]	Any;Any
EVODEX.2-Em479_0	Any;Any;Any	[#6:47]-[#6:45](-[#7](-[#1])-[#1])(-[#6:48])-[#1].[#7:8]-[#6:7](=[#8:9])-[#6:1]1:[#6:6](:[#6:5](:[#6:4](:[#7&+:3](-[#6:10]):[#6:2]:1-[#1:96])-[#1:73])-[#1:72])-[#1:71].[#8:46](-[#1])-[#1]>>[#7:8]-[#6:7](=[#8:9])-[#6:1]1=[#6:2](-[#7:3](-[#6:10])-[#6:4](=[#6:5](-[#6:6]-1(-[#1:71])-[#1])-[#1:72])-[#1:73])-[#1:96].[#6:47]-[#6:45](=[#8:46])-[#6:48]	Any;Any
EVODEX.2-Em480_0	Any;Any	[#6:3]-[#6:1](=[#8:2])-[#6:4].[#8:29](-[#8:30]-[#1])-[#1]>>[#6:3]-[#6:1](-[#8:2]-[#1])(-[#6:4])-[#1].[#8:29]=[#8:30]	Any;Any
EVODEX.2-Em481_0	Any	[#6:2]-[#6:1](-[#8]-[#1])(-[#6:3](=[#8:6])-[#16:7])-[#1:119]>>[#6:2]-[#6:1](-[#6:3](=[#8:6])-[#16:7])(-[#1:119])-[#1]	Any
EVODEX.2-Em482_0	Any;Any;Any	[#6:3]-[#6:1](-[#6:4](=[#8:7])-[#16:8])(-[#1:119])-[#1].[#6]-[#6](=[#8])-[#6:79](=[#8:81])-[#8:80]-[#1].[#8:2]=[#8]>>[#6:3]-[#6:1](-[#8:2]-[#1])(-[#6:4](=[#8:7])-[#16:8])-[#1:119].[#8:80]=[#6:79]=[#8:81]	Any;Any
EVODEX.2-Em483_0	Any;Any	[#6:3]-[#6:1](-[#6:4](=[#8:7])-[#16:8])(-[#1:119])-[#1].[#8:2]=[#8:72]>>[#6:3]-[#6:1](-[#8:2]-[#1])(-[#6:4](=[#8:7])-[#16:8])-[#1:119].[#8]=[#6](-[#8:72]-[#1])-[#6]	Any;Any
EVODEX.2-Em484_0	Any;Any	[#6:1](-[#6:3])(-[#1:70])(-[#1:71])-[#1].[#7:28]-[#6:27](=[#8:29])-[#6:21]1=[#6:26](-[#7:25](-[#6:30])-[#6:24](=[#6:23](-[#6:22]-1(-[#1:132])-[#1])-[#1:131])-[#1:130])-[#1:106]>>[#6:3]-[#6:1](-[#8]-[#1])(-[#1:70])-[#1:71].[#7:28]-[#6:27](=[#8:29])-[#6:21]1:[#6:22](:[#6:23](:[#6:24](:[#7&+:25](-[#6:30]):[#6:26]:1-[#1:106])-[#1:130])-[#1:131])-[#1:132]	Any;Any
EVODEX.2-Em485_0	Any;Any	[#6:47]-[#6:45](-[#7:50](-[#1])-[#1])(-[#1:58])-[#1].[#7:8]-[#6:7](=[#8:9])-[#6:1]1:[#6:6](:[#6:5](:[#6:4](:[#7&+:3](-[#6:10]):[#6:2]:1-[#1:89])-[#1:66])-[#1:65])-[#1:64]>>[#7:8]-[#6:7](=[#8:9])-[#6:1]1=[#6:2](-[#7:3](-[#6:10])-[#6:4](=[#6:5](-[#6:6]-1(-[#1:64])-[#1])-[#1:65])-[#1:66])-[#1:89].[#6:47]-[#6:45](=[#8])-[#1:58].[#7:50](-[#1])(-[#1])-[#1]	Any;Any;Any
EVODEX.2-Em486_0	Any;Any;Any	[#6:51]-[#6:49](-[#7](-[#1])-[#1])(-[#1:62])-[#1].[#7:8]-[#6:7](=[#8:9])-[#6:1]1:[#6:6](:[#6:5](:[#6:4](:[#7&+:3](-[#6:10]):[#6:2]:1-[#1:94])-[#1:70])-[#1:69])-[#1:68].[#8:50](-[#1])-[#1]>>[#7:8]-[#6:7](=[#8:9])-[#6:1]1=[#6:2](-[#7:3](-[#6:10])-[#6:4](=[#6:5](-[#6:6]-1(-[#1:68])-[#1])-[#1:69])-[#1:70])-[#1:94].[#6:51]-[#6:49](=[#8:50])-[#1:62]	Any;Any
EVODEX.2-Em487_0	Any;Any	[#6:2]-[#6:1](-[#6:3])(-[#8:48]-[#1])-[#1:53].[#7:11]-[#6:10](=[#8:12])-[#6:4]1:[#6:9](:[#6:8](:[#6:7](:[#7&+:6](-[#6:13]):[#6:5]:1-[#1:85])-[#1:62])-[#1:61])-[#1:60]>>[#6:2]-[#6:1](-[#6:3])(-[#1:53])-[#1].[#7:11]-[#6:10](=[#8:12])-[#6:4]1=[#6:5](-[#7:6](-[#6:13])-[#6:7](=[#6:8](-[#6:9]-1(-[#1:60])-[#1])-[#1:61])-[#1:62])-[#1:85].[#8:48]=[#8]	Any;Any;Any
EVODEX.2-Em488_0	Any;Any	[#6:3]-[#6:1](=[#8:4])-[#1].[#7:30]-[#6:29](=[#8:31])-[#6:23]1:[#6:28](:[#6:27](:[#6:26](:[#7&+:25](-[#6:32]):[#6:24]:1-[#1:124])-[#1:101])-[#1:100])-[#1:99]>>[#6:3]-[#6:1](=[#8:4])-[#8]-[#1].[#7:30]-[#6:29](=[#8:31])-[#6:23]1=[#6:24](-[#7:25](-[#6:32])-[#6:26](=[#6:27](-[#6:28]-1(-[#1:99])-[#1])-[#1:100])-[#1:101])-[#1:124]	Any;Any
EVODEX.2-Em489_0	Any;Any	[#6:3]-[#6:1](-[#8:38]-[#1])(-[#6:4])-[#1:84].[#8:40]-[#15:39](=[#8:41])(-[#8:42])-[#8:2]-[#16:34](=[#8:35])(=[#8:36])-[#8:37]>>[#6:3]-[#6:1](-[#8:2]-[#16:34](=[#8:35])(=[#8:36])-[#8:37])(-[#6:4])-[#1:84].[#8:40]-[#15:39](=[#8:41])(-[#8:38]-[#1])-[#8:42]	Any;Any
EVODEX.2-Em490_0	Any;Any	[#6:3]-[#6:1](-[#8:41]-[#1])(-[#6:4])-[#1:89].[#8:43]-[#15:42](=[#8:44])(-[#8:45])-[#8]-[#15](=[#8])(-[#8])-[#8]>>[#6:3]-[#6:1](-[#8]-[#1])(-[#6:4])-[#1:89].[#8:43]-[#15:42](=[#8:44])(-[#8:41]-[#1])-[#8:45]	Any;Any
EVODEX.2-Em491_0	Any	[#6:3]-[#6:1](-[#8:63]-[#6:64])(-[#1:146])-[#1:147]>>[#6:3]-[#6:1](-[#8]-[#1])(-[#1:146])-[#1:147].[#6:64]-[#8:63]-[#1]	Any;Any
EVODEX.2-Em492_0	Any;Any	[#6:4]-[#6:2]1(-[#8:1]-[#6:5]-1)-[#1:42].[#8:3](-[#1])-[#1]>>[#6:4]-[#6:2](-[#8:3]-[#1])(-[#6:5]-[#8:1]-[#1])-[#1:42]	Any
EVODEX.2-Em493_0	Any	[#6:4]-[#6:2]1(-[#8:1]-[#6:5]-1)-[#1:42]>>[#6:4]-[#6:2](-[#8]-[#1])(-[#6:5]-[#8:1]-[#1])-[#1:42]	Any
EVODEX.2-Em494_0	Any;Any	[#6:2]-[#6:1](-[#8]-[#1])(-[#1:67])-[#1:68].[#7:25]-[#6:24](=[#8:26])-[#6:18]1:[#6:23](:[#6:22](:[#6:21](:[#7&+:20](-[#6:27]):[#6:19]:1-[#1:107])-[#1:84])-[#1:83])-[#1:82]>>[#6:1](-[#6:2])(-[#1:67])(-[#1:68])-[#1].[#7:25]-[#6:24](=[#8:26])-[#6:18]1=[#6:19](-[#7:20](-[#6:27])-[#6:21](=[#6:22](-[#6:23]-1(-[#1:82])-[#1])-[#1:83])-[#1:84])-[#1:107]	Any;Any
EVODEX.2-Em495_0	Any	[#6:3]-[#6:1](-[#8:74]-[#1])(-[#1:79])-[#1:80]>>[#6:3]-[#6:1](-[#8]-[#6])(-[#1:79])-[#1:80].[#8:74](-[#1])-[#1]	Any;Any
EVODEX.2-Em496_0	Any;Any	[#6:3]-[#6:1](=[#8:4])-[#8]-[#1].[#8:2](-[#1])-[#1]>>[#6:3]-[#6:1](=[#8:4])-[#8:2]-[#1]	Any
EVODEX.2-Em497_0	Any;Any	[#6:3]-[#6:1](=[#8:4])-[#8]-[#1].[#8]=[#15](-[#8:2]-[#1])(-[#8])-[#8]>>[#6:3]-[#6:1](=[#8:4])-[#8:2]-[#1]	Any
EVODEX.2-Em498_0	Any;Any;Any	[#6:3]-[#6:1](-[#7:7](-[#1])-[#1])(-[#6:4](=[#8:5])-[#8:6])-[#1].[#8:2](-[#1])-[#1].[#8:8]=[#8:9]>>[#6:3]-[#6:1](=[#8:2])-[#6:4](=[#8:5])-[#8:6].[#7:7](-[#1])(-[#1])-[#1].[#8:8](-[#8:9]-[#1])-[#1]	Any;Any;Any
EVODEX.2-Em499_0	Any;Any	[#6:3]-[#6:1](-[#7](-[#1])-[#1])(-[#6:4](=[#8:5])-[#8:6])-[#1].[#8:8]=[#8:9]>>[#6:3]-[#6:1](=[#8])-[#6:4](=[#8:5])-[#8:6].[#8:8](-[#8:9]-[#1])-[#1]	Any;Any
EVODEX.2-Em500_0	Any;Any;Any	[#6:47]-[#6:45](-[#7:51](-[#1])-[#1])(-[#6:48])-[#1].[#7:8]-[#6:7](=[#8:9])-[#6:1]1:[#6:6](:[#6:5](:[#6:4](:[#7&+:3](-[#6:10]):[#6:2]:1-[#1:90])-[#1:67])-[#1:66])-[#1:65].[#8:46](-[#1])-[#1]>>[#7:8]-[#6:7](=[#8:9])-[#6:1]1=[#6:2](-[#7:3](-[#6:10])-[#6:4](=[#6:5](-[#6:6]-1(-[#1:65])-[#1])-[#1:66])-[#1:67])-[#1:90].[#6:47]-[#6:45](=[#8:46])-[#6:48].[#7:51](-[#1])(-[#1])-[#1]	Any;Any;Any
EVODEX.2-Em501_0	Any;Any	[#6:3]-[#6:1](-[#7:7](-[#1])-[#1])=[#8:4].[#8:2](-[#1])-[#1]>>[#6:3]-[#6:1](=[#8:4])-[#8:2]-[#1].[#7:7](-[#1])(-[#1])-[#1]	Any;Any
EVODEX.2-Em502_0	Any;Any	[#6:3]-[#6:1](-[#7](-[#1])-[#1])=[#8:4].[#8:2](-[#1])-[#1]>>[#6:3]-[#6:1](=[#8:4])-[#8:2]-[#1]	Any
EVODEX.2-Em503_0	Any	[#6:47]-[#6:45](-[#7:53](-[#1])-[#1])(-[#6:48])-[#1]>>[#6:47]-[#6:45](=[#8])-[#6:48].[#7:53](-[#1])(-[#1])-[#1]	Any;Any
EVODEX.2-Em504_0	Any;Any	[#6:47]-[#6:45](-[#7:53](-[#1])-[#1])(-[#6:48])-[#1].[#8:46](-[#1])-[#1]>>[#6:47]-[#6:45](=[#8:46])-[#6:48].[#7:53](-[#1])(-[#1])-[#1]	Any;Any
EVODEX.2-Em505_0	Any;Any;Any	[#6:47]-[#6:45](-[#7:51](-[#6:52])-[#1])(-[#6:48](=[#8:49])-[#8:50])-[#1].[#7:8]-[#6:7](=[#8:9])-[#6:1]1:[#6:6](:[#6:5](:[#6:4](:[#7&+:3](-[#6:10]):[#6:2]:1-[#1:95])-[#1:72])-[#1:71])-[#1:70].[#8:46](-[#1])-[#1]>>[#7:8]-[#6:7](=[#8:9])-[#6:1]1=[#6:2](-[#7:3](-[#6:10])-[#6:4](=[#6:5](-[#6:6]-1(-[#1:70])-[#1])-[#1:71])-[#1:72])-[#1:95].[#6:47]-[#6:45](=[#8:46])-[#6:48](=[#8:49])-[#8:50].[#6:52]-[#7:51](-[#1])-[#1]	Any;Any;Any
EVODEX.2-Em506_0	Any	[#6]-[#6](-[#7:51](-[#6:52])-[#1])(-[#6](=[#8])-[#8])-[#1]>>[#6:52]-[#7:51](-[#1])-[#1]	Any
EVODEX.2-Em507_0	Any	[#6:47]-[#6:45](-[#7:51](-[#6:52])-[#1])(-[#6:48](=[#8:49])-[#8:50])-[#1]>>[#6:47]-[#6:45](=[#8])-[#6:48](=[#8:49])-[#8:50].[#6:52]-[#7:51](-[#1])-[#1]	Any;Any
EVODEX.2-Em508_0	Any;Any	[#6:47]-[#6:45](-[#7:51](-[#6:52])-[#1])(-[#6:48](=[#8:49])-[#8:50])-[#1].[#7:8]-[#6:7](=[#8:9])-[#6:1]1:[#6:6](:[#6:5](:[#6:4](:[#7&+:3](-[#6:10]):[#6:2]:1-[#1:95])-[#1:72])-[#1:71])-[#1:70]>>[#7:8]-[#6:7](=[#8:9])-[#6:1]1=[#6:2](-[#7:3](-[#6:10])-[#6:4](=[#6:5](-[#6:6]-1(-[#1:70])-[#1])-[#1:71])-[#1:72])-[#1:95].[#6:47]-[#6:45](=[#8])-[#6:48](=[#8:49])-[#8:50].[#6:52]-[#7:51](-[#1])-[#1]	Any;Any;Any
EVODEX.2-Em509_0	Any;Any	[#6]-[#6](-[#7:51](-[#6:52])-[#1])(-[#6](=[#8])-[#8])-[#1].[#7:8]-[#6:7](=[#8:9])-[#6:1]1:[#6:6](:[#6:5](:[#6:4](:[#7&+:3](-[#6:10]):[#6:2]:1-[#1:95])-[#1:72])-[#1:71])-[#1:70]>>[#7:8]-[#6:7](=[#8:9])-[#6:1]1=[#6:2](-[#7:3](-[#6:10])-[#6:4](=[#6:5](-[#6:6]-1(-[#1:70])-[#1])-[#1:71])-[#1:72])-[#1:95].[#6:52]-[#7:51](-[#1])-[#1]	Any;Any
EVODEX.2-Em510_0	Any;Any	[#6:51]-[#6:49](-[#7:55](-[#6:56])-[#1])(-[#6:52](=[#8:53])-[#8:54])-[#1].[#8:50](-[#1])-[#1]>>[#6:51]-[#6:49](=[#8:50])-[#6:52](=[#8:53])-[#8:54].[#7:55](-[#6:56])(-[#1])-[#1]	Any;Any
EVODEX.2-Em511_0	Any;Any	[#6:3]-[#6:1](=[#8])-[#6:4](=[#8:7])-[#8:8].[#7:2](-[#1])(-[#1])-[#1]>>[#6:3]-[#6:1](-[#7:2](-[#1])-[#1])(-[#6:4](=[#8:7])-[#8:8])-[#1]	Any
EVODEX.2-Em512_0	Any;Any	[#6:3]-[#6:1](-[#7:9](-[#1])-[#1])(-[#6:4](=[#8:7])-[#8:8])-[#1].[#8:10]=[#8:11]>>[#6:3]-[#6:1](=[#8])-[#6:4](=[#8:7])-[#8:8].[#7:9](-[#1])(-[#1])-[#1].[#8:10](-[#8:11]-[#1])-[#1]	Any;Any;Any
EVODEX.2-Em513_0	Any;Any	[#7:19]-[#6:18](=[#8:20])-[#6:12]1=[#6:17](-[#7:16](-[#6:21])-[#6:15](=[#6:14](-[#6:13]-1(-[#1:83])-[#1])-[#1:82])-[#1:81])-[#1:58].[#8:3]-[#6:1](=[#8:2])-[#6:4]>>[#8:3]-[#6:1](-[#8:2]-[#1])(-[#6:4])-[#1].[#7:19]-[#6:18](=[#8:20])-[#6:12]1:[#6:13](:[#6:14](:[#6:15](:[#7&+:16](-[#6:21]):[#6:17]:1-[#1:58])-[#1:81])-[#1:82])-[#1:83]	Any;Any
EVODEX.2-Em514_0	Any	[#6:9]-[#6:7](-[#8:8]-[#1])(-[#6](-[#6](=[#8])-[#6](=[#8])-[#8])(-[#1])-[#1])-[#1:13]>>[#6:9]-[#6:7](=[#8:8])-[#1:13]	Any
EVODEX.2-Em515_0	Any;Any	[#6:3]-[#6:1](=[#8:4])-[#8:13]-[#6:14].[#8:2](-[#1])-[#1]>>[#6:3]-[#6:1](=[#8:4])-[#8:2]-[#1].[#8:13](-[#6:14])-[#1]	Any;Any
EVODEX.2-Em516_0	Any;Any	[#6:3]-[#6:1](-[#8:20]-[#1])(-[#6:4])-[#1:35].[#8:13]=[#15:12](-[#8:2]-[#1])(-[#8:14])-[#8:15]>>[#6:3]-[#6:1](-[#8:2]-[#15:12](=[#8:13])(-[#8:14])-[#8:15])(-[#6:4])-[#1:35].[#8:20](-[#1])-[#1]	Any;Any
EVODEX.2-Em517_0	Any;Any	[#7:22]-[#6:21](=[#8:23])-[#6:15]1=[#6:20](-[#7:19](-[#6:24])-[#6:18](=[#6:17](-[#6:16]-1(-[#1:86])-[#1])-[#1:85])-[#1:84])-[#1:61].[#6:4]-[#6:1](=[#7:2]-[#6:11])-[#6:3](=[#8:5])-[#8:6]>>[#6:4]-[#6:1](-[#7:2](-[#6:11])-[#1])(-[#6:3](=[#8:5])-[#8:6])-[#1].[#7:22]-[#6:21](=[#8:23])-[#6:15]1:[#6:16](:[#6:17](:[#6:18](:[#7&+:19](-[#6:24]):[#6:20]:1-[#1:61])-[#1:84])-[#1:85])-[#1:86]	Any;Any
EVODEX.2-Em518_0	Any;Any	[#6:3]-[#6:1](-[#6:4])(-[#1:65])-[#1].[#8:2]=[#8:61]>>[#6:3]-[#6:1](-[#8:2]-[#1])(-[#6:4])-[#1:65].[#8:61](-[#1])-[#1]	Any;Any
EVODEX.2-Em519_0	Any;Any	[#6:27](-[#16&+:1](-[#6:2])-[#6:3])(-[#1:49])(-[#1:50])-[#1:51].[#6:37]-[#6:35]1:[#6:32](:[#6:30](-[#8:33]):[#6:29](-[#8:28]-[#1]):[#6:31](:[#6:34]:1-[#6:36])-[#1:83])-[#1:80]>>[#6:3]-[#16:1]-[#6:2].[#6:27](-[#8:28]-[#6:29]1:[#6:31](:[#6:34](:[#6:35](:[#6:32](:[#6:30]:1-[#8:33])-[#1:80])-[#6:37])-[#6:36])-[#1:83])(-[#1:49])(-[#1:50])-[#1:51]	Any;Any
EVODEX.2-Em521_0	Any;Any	[#6:3]-[#6:1](-[#8:91]-[#1])(-[#1:154])-[#1:155].[#8]=[#15](-[#8:2]-[#1])(-[#8])-[#8]>>[#6:3]-[#6:1](-[#8:2]-[#1])(-[#1:154])-[#1:155].[#8:91](-[#1])-[#1]	Any;Any
EVODEX.2-Em522_0	Any;Any	[#6:3]-[#6:1](-[#6:4])(-[#8:72]-[#15:74](=[#8:75])(-[#8:76])-[#8:77])-[#1:128].[#8:101]=[#15:73](-[#8:102])(-[#8:103])-[#8:2]-[#15:68](=[#8:69])(-[#8:70])-[#8:71]>>[#6:3]-[#6:1](-[#6:4])(-[#8:2]-[#15:68](=[#8:69])(-[#8:70])-[#8:71])-[#1:128].[#8:77]-[#15:74](=[#8:75])(-[#8:76])-[#8:72]-[#15:73](=[#8:101])(-[#8:102])-[#8:103]	Any;Any
EVODEX.2-Em523_0	Any;Any	[#6:3]-[#6:1](=[#8:4])-[#8:68]-[#6:2](-[#6:8])(-[#1:73])-[#1:74].[#7:26]-[#6:25](=[#8:27])-[#6:19]1:[#6:24](:[#6:23](:[#6:22](:[#7&+:21](-[#6:28]):[#6:20]:1-[#1:117])-[#1:93])-[#1:92])-[#1:91]>>[#6:3]-[#6:1](=[#8:4])-[#6:2](-[#6:8])(-[#1:73])-[#1:74].[#7:26]-[#6:25](=[#8:27])-[#6:19]1=[#6:20](-[#7:21](-[#6:28])-[#6:22](=[#6:23](-[#6:24]-1(-[#1:91])-[#1])-[#1:92])-[#1:93])-[#1:117].[#8]=[#8:68]	Any;Any;Any
EVODEX.2-Em524_0	Any;Any	[#7:15]-[#6:14](=[#8:16])-[#6:8]1=[#6:13](-[#7:12](-[#6:17])-[#6:11](=[#6:10](-[#6:9]-1(-[#1:85])-[#1])-[#1:84])-[#1:83])-[#1:59].[#6:3]-[#6:1](=[#8:56])-[#6:4]>>[#6:3]-[#6:1](-[#7](-[#1])-[#1])(-[#6:4])-[#1].[#7:15]-[#6:14](=[#8:16])-[#6:8]1:[#6:9](:[#6:10](:[#6:11](:[#7&+:12](-[#6:17]):[#6:13]:1-[#1:59])-[#1:83])-[#1:84])-[#1:85].[#8:56](-[#1])-[#1]	Any;Any;Any
EVODEX.2-Em525_0	Any	[#6:3]-[#6:1](=[#8:56])-[#6:4]>>[#6:3]-[#6:1](-[#7](-[#1])-[#1])(-[#6:4])-[#1].[#8:56](-[#1])-[#1]	Any;Any
EVODEX.2-Em526_0	Any;Any;Any	[#6:3]-[#6:1](-[#6:4])(-[#1:96])-[#1].[#7:40]-[#6:39](=[#8:41])-[#6:33]1=[#6:38](-[#7:37](-[#6:42])-[#6:36](=[#6:35](-[#6:34]-1(-[#1:140])-[#1])-[#1:139])-[#1:138])-[#1:114].[#8:2]=[#8]>>[#6:4]-[#6:1](-[#8:2]-[#1])(-[#6:3])-[#1:96].[#7:40]-[#6:39](=[#8:41])-[#6:33]1:[#6:34](:[#6:35](:[#6:36](:[#7&+:37](-[#6:42]):[#6:38]:1-[#1:114])-[#1:138])-[#1:139])-[#1:140]	Any;Any
EVODEX.2-Em527_0	Any;Any	[#8:3]-[#6:1](-[#8]-[#15](=[#8])(-[#8])-[#8])(-[#6:4])-[#1:52].[#8:13]-[#15:12](=[#8:14])(-[#8:15])-[#8:2]-[#15](=[#8])(-[#8])-[#8]>>[#8:3]-[#6:1](-[#8:2]-[#15:12](=[#8:14])(-[#8:15])-[#8:13])(-[#6:4])-[#1:52]	Any
EVODEX.2-Em528_0	Any	[#8:3]-[#6:1](-[#8:16]-[#15:18](=[#8:19])(-[#8:20])-[#8:21])(-[#6:4])-[#1:52]>>[#8:3]-[#6:1](-[#8]-[#15](=[#8])(-[#8])-[#8])(-[#6:4])-[#1:52].[#8:21]-[#15:18](=[#8:19])(-[#8:20])-[#8:16]-[#15](=[#8])(-[#8])-[#8]	Any;Any
EVODEX.2-Em529_0	Any	[#6:29]-[#7:28](-[#6:30])-[#1]>>[#6:29]-[#7:28](-[#6](-[#1])(-[#1])-[#1])-[#6:30]	Any
EVODEX.2-Em530_0	Any	[#6:3]-[#6:1](=[#6:2](-[#6:4](-[#6:5])=[#8:6])-[#1:89])-[#1:88]>>[#6:3]-[#6:1](-[#6:2](-[#6:4](-[#6:5])=[#8:6])(-[#1:89])-[#1])(-[#1:88])-[#1]	Any
EVODEX.2-Em531_0	Any;Any	[#6:3]-[#6:1](=[#7:8]-[#1])-[#6:4](=[#8:6])-[#8:7].[#8:2](-[#1])-[#1]>>[#6:3]-[#6:1](=[#8:2])-[#6:4](=[#8:6])-[#8:7].[#7:8](-[#1])(-[#1])-[#1]	Any;Any
EVODEX.2-Em532_0	Any;Any	[#7:2](-[#6:8](-[#6:10])(-[#6:11](=[#8:13])-[#8:14])-[#1])(-[#1])-[#1].[#6:3]-[#6:1](=[#8:9])-[#6:4](=[#8:6])-[#8:7]>>[#6:3]-[#6:1](-[#7:2](-[#1])-[#1])(-[#6:4](=[#8:6])-[#8:7])-[#1].[#8:13]=[#6:11](-[#8:14])-[#6:8](=[#8:9])-[#6:10]	Any;Any
EVODEX.2-Em533_0	Any;Any;Any	[#7:14]-[#6:13](=[#8:15])-[#6:7]1=[#6:12](-[#7:11](-[#6:16])-[#6:10](=[#6:9](-[#6:8]-1(-[#1:79])-[#1])-[#1:78])-[#1:77])-[#1:54].[#6:3]-[#6:1](=[#8])-[#6:4].[#7:2](-[#1])(-[#1])-[#1]>>[#6:3]-[#6:1](-[#7:2](-[#1])-[#1])(-[#6:4])-[#1].[#7:14]-[#6:13](=[#8:15])-[#6:7]1:[#6:8](:[#6:9](:[#6:10](:[#7&+:11](-[#6:16]):[#6:12]:1-[#1:54])-[#1:77])-[#1:78])-[#1:79]	Any;Any
EVODEX.2-Em534_0	Any;Any	[#6:2]-[#6:1](=[#8:3])-[#8:62]-[#1].[#8:64]-[#15:63](=[#8:65])(-[#8:66])-[#8:53]-[#15:54](=[#8:55])(-[#8:56])-[#8:57]>>[#6:2]-[#6:1](=[#8:3])-[#1].[#8:55]=[#15:54](-[#8:53]-[#1])(-[#8:56])-[#8:57].[#8:64]-[#15:63](=[#8:65])(-[#8:62]-[#1])-[#8:66]	Any;Any;Any
EVODEX.2-Em535_0	Any;Any;Any	[#6:2]-[#6:1](=[#8:3])-[#8:62]-[#1].[#7:12]-[#6:11](=[#8:13])-[#6:5]1=[#6:10](-[#7:9](-[#6:14])-[#6:8](=[#6:7](-[#6:6]-1(-[#1:119])-[#1])-[#1:118])-[#1:117])-[#1:93].[#8:64]-[#15:63](=[#8:65])(-[#8:66])-[#8:53]-[#15:54](=[#8:55])(-[#8:56])-[#8:57]>>[#6:2]-[#6:1](=[#8:3])-[#1].[#7:12]-[#6:11](=[#8:13])-[#6:5]1:[#6:6](:[#6:7](:[#6:8](:[#7&+:9](-[#6:14]):[#6:10]:1-[#1:93])-[#1:117])-[#1:118])-[#1:119].[#8:55]=[#15:54](-[#8:53]-[#1])(-[#8:56])-[#8:57].[#8:64]-[#15:63](=[#8:65])(-[#8:62]-[#1])-[#8:66]	Any;Any;Any;Any
EVODEX.2-Em536_0	Any	[#6:3]-[#6:1](-[#6](=[#8])-[#8])(-[#7:2](-[#8:11]-[#1])-[#8:7])-[#1:21]>>[#6:3]-[#6:1](=[#7:2]-[#8:7])-[#1:21].[#8:11](-[#1])-[#1]	Any;Any
EVODEX.2-Em538_0	Any;Any	[#6:6]-[#6:3](=[#7:4]-[#8:10])-[#1:21].[#8:5](-[#1])-[#1]>>[#6:6]-[#6:3](-[#6](=[#8])-[#8])(-[#7:4](-[#8:5]-[#1])-[#8:10])-[#1:21]	Any
EVODEX.2-Em539_0	Any;Any;Any	[#6:47]-[#6:45](-[#7:51](-[#1])-[#1])(-[#1:61])-[#1].[#7:8]-[#6:7](=[#8:9])-[#6:1]1:[#6:6](:[#6:5](:[#6:4](:[#7&+:3](-[#6:10]):[#6:2]:1-[#1:92])-[#1:69])-[#1:68])-[#1:67].[#8:46](-[#1])-[#1]>>[#7:8]-[#6:7](=[#8:9])-[#6:1]1=[#6:2](-[#7:3](-[#6:10])-[#6:4](=[#6:5](-[#6:6]-1(-[#1:67])-[#1])-[#1:68])-[#1:69])-[#1:92].[#6:47]-[#6:45](=[#8:46])-[#1:61].[#7:51](-[#1])(-[#1])-[#1]	Any;Any;Any
EVODEX.2-Em540_0	Any;Any	[#6:51]-[#6:49](-[#7](-[#1])-[#1])(-[#1:65])-[#1].[#7:8]-[#6:7](=[#8:9])-[#6:1]1:[#6:6](:[#6:5](:[#6:4](:[#7&+:3](-[#6:10]):[#6:2]:1-[#1:97])-[#1:73])-[#1:72])-[#1:71]>>[#7:8]-[#6:7](=[#8:9])-[#6:1]1=[#6:2](-[#7:3](-[#6:10])-[#6:4](=[#6:5](-[#6:6]-1(-[#1:71])-[#1])-[#1:72])-[#1:73])-[#1:97].[#6:51]-[#6:49](=[#8])-[#1:65]	Any;Any
EVODEX.2-Em541_0	Any;Any;Any	[#6:3]-[#6:1](-[#6:4])(-[#1:26])-[#1].[#6:14]-[#6:12](=[#8:15])-[#6:20](=[#8:22])-[#8:21]-[#1].[#8:2]=[#8:13]>>[#6:3]-[#6:1](-[#8:2]-[#1])(-[#6:4])-[#1:26].[#8:15]=[#6:12](-[#8:13]-[#1])-[#6:14].[#8:21]=[#6:20]=[#8:22]	Any;Any;Any
EVODEX.2-Em542_0	Any;Any	[#6:2]-[#6:1](-[#8:64]-[#1])(-[#6:3](=[#8:5])-[#16:6])-[#1:71].[#8:57]=[#6:54](-[#8:65]-[#1])-[#6:58]>>[#6:2]-[#6:1](-[#6:3](=[#8:5])-[#16:6])(-[#1:71])-[#1].[#6:58]-[#6:54](=[#8:57])-[#6](=[#8])-[#8].[#8:64]=[#8:65]	Any;Any;Any
EVODEX.2-Em543_0	Any	[#6:6]-[#6:5](=[#6:4](-[#6:3](=[#6:2](-[#6:1](-[#6:18])(-[#8:24]-[#8:25]-[#1])-[#1:47])-[#1:46])-[#1:45])-[#1:44])-[#1:43]>>[#6:6]-[#6:5](=[#6:4](-[#6:3](-[#6:2](=[#6:1](-[#6:18])-[#1:47])-[#1:46])(-[#1:45])-[#1])-[#1:44])-[#1:43].[#8:24]=[#8:25]	Any;Any
EVODEX.2-Em544_0	Any;Any;Any	[#6:4]-[#6:1](-[#6:3])(-[#1:69])-[#1].[#6]-[#6](=[#8])-[#6:39](=[#8:41])-[#8:40]-[#1].[#8:2]=[#8]>>[#6:4]-[#6:1](-[#6:3])(-[#8:2]-[#1])-[#1:69].[#8:40]=[#6:39]=[#8:41]	Any;Any
EVODEX.2-Em545_0	Any	[#6:42]-[#8:41]-[#8:64]-[#1]>>[#6:42]-[#8:41]-[#1].[#8:64](-[#1])-[#1]	Any;Any
EVODEX.2-Em546_0	Any	[#6:16]-[#6:1](-[#6:2](=[#6:3](-[#6:4](=[#6:5](-[#6:6])-[#1:36])-[#1:35])-[#1:34])-[#1:33])(-[#8]-[#8])-[#1:32]>>[#6:16]-[#6:1](=[#6:2](-[#6:3](-[#6:4](=[#6:5](-[#6:6])-[#1:36])-[#1:35])(-[#1:34])-[#1])-[#1:33])-[#1:32]	Any
EVODEX.2-Em547_0	Any;Any	[#6:16]-[#6:15](=[#6:14](-[#6:1](-[#6:2](=[#6:3](-[#6:6])-[#1:49])-[#1:48])(-[#1:46])-[#1])-[#1:45])-[#1:44].[#8:4]=[#8:5]>>[#6:16]-[#6:15](=[#6:14](-[#6:1](=[#6:2](-[#6:3](-[#6:6])(-[#8:4]-[#8:5]-[#1])-[#1:49])-[#1:48])-[#1:46])-[#1:45])-[#1:44]	Any
EVODEX.2-Em548_0	Any;Any	[#6:3]-[#6:1](-[#8]-[#15](=[#8])(-[#8])-[#8])(-[#1:149])-[#1:150].[#8]-[#15](=[#8])(-[#8:2]-[#1])-[#8]>>[#6:3]-[#6:1](-[#8:2]-[#1])(-[#1:149])-[#1:150]	Any
EVODEX.2-Em549_0	Any;Any	[#6:3]-[#6:1](-[#8:49]-[#15:50](=[#8:51])(-[#8:52])-[#8:53])(-[#1:123])-[#1:124].[#8:2](-[#1])-[#1]>>[#6:3]-[#6:1](-[#8:2]-[#1])(-[#1:123])-[#1:124].[#8:51]=[#15:50](-[#8:49]-[#1])(-[#8:52])-[#8:53]	Any;Any
EVODEX.2-Em550_0	Any;Any	[#6:7]-[#8:5]-[#1].[#8:13]-[#15:6](=[#8:14])(-[#8:15])-[#8:1]-[#6:2]>>[#6:2]-[#8:1]-[#1].[#8:13]-[#15:6](=[#8:14])(-[#8:15])-[#8:5]-[#6:7]	Any;Any
EVODEX.2-Em551_0	Any;Any	[#6:3]-[#6:1](=[#8:4])-[#8]-[#1].[#7:2](-[#1])(-[#1])-[#1]>>[#6:3]-[#6:1](-[#7:2](-[#1])-[#1])=[#8:4]	Any
EVODEX.2-Em552_0	Any	[#6:3]-[#6:1](=[#8:4])-[#8:21]-[#6:22]>>[#6:3]-[#6:1](=[#8:4])-[#8]-[#1].[#6:22]-[#8:21]-[#1]	Any;Any
EVODEX.2-Em553_0	Any;Any	[#6:3]-[#6:1](=[#8:4])-[#8]-[#6].[#8:2](-[#1])-[#1]>>[#6:3]-[#6:1](=[#8:4])-[#8:2]-[#1]	Any
EVODEX.2-Em554_0	Any	[#6:3]-[#6:1](=[#8:4])-[#8]-[#1]>>[#6:3]-[#6:1](-[#7](-[#1])-[#1])=[#8:4]	Any
EVODEX.2-Em555_0	Any;Any	[#6:3]-[#6:1](=[#8:49])-[#1:84].[#7:2](-[#1])(-[#1])-[#1]>>[#6:3]-[#6:1](-[#7:2](-[#1])-[#1])(-[#1:84])-[#1].[#8:49](-[#1])-[#1]	Any;Any
EVODEX.2-Em556_0	Any;Any;Any	[#7:16]-[#6:15](=[#8:17])-[#6:9]1=[#6:14](-[#7:13](-[#6:18])-[#6:12](=[#6:11](-[#6:10]-1(-[#1:81])-[#1])-[#1:80])-[#1:79])-[#1:56].[#6:3]-[#6:1](=[#8:53])-[#6:4](=[#8:6])-[#8:7].[#7:2](-[#1])(-[#1])-[#1]>>[#6:3]-[#6:1](-[#7:2](-[#1])-[#1])(-[#6:4](=[#8:6])-[#8:7])-[#1].[#7:16]-[#6:15](=[#8:17])-[#6:9]1:[#6:10](:[#6:11](:[#6:12](:[#7&+:13](-[#6:18]):[#6:14]:1-[#1:56])-[#1:79])-[#1:80])-[#1:81].[#8:53](-[#1])-[#1]	Any;Any;Any
EVODEX.2-Em557_0	Any;Any;Any	[#6:3]-[#6:1](-[#6:4](=[#8:6])-[#16:7])(-[#1:71])-[#1].[#6:57]-[#6:55](=[#8:58])-[#6](=[#8])-[#8].[#8:2]=[#8:56]>>[#6:3]-[#6:1](-[#8:2]-[#1])(-[#6:4](=[#8:6])-[#16:7])-[#1:71].[#8:58]=[#6:55](-[#8:56]-[#1])-[#6:57]	Any;Any
EVODEX.2-Em558_0	Any;Any	[#6:3]-[#6:1](-[#6:4](=[#8:6])-[#16:7])(-[#1:71])-[#1].[#8:2]=[#8]>>[#6:3]-[#6:1](-[#8:2]-[#1])(-[#6:4](=[#8:6])-[#16:7])-[#1:71]	Any
EVODEX.2-Em559_0	Any;Any;Any;Any	[#6:3]-[#6:1](=[#8:4])-[#1].[#7:14]-[#6:13](=[#8:15])-[#6:7]1:[#6:12](:[#6:11](:[#6:10](:[#7&+:9](-[#6:16]):[#6:8]:1-[#1:122])-[#1:98])-[#1:97])-[#1:96].[#8:58]-[#15:57](=[#8:59])(-[#8:55]-[#1])-[#8:60].[#8:79]=[#15:56](-[#8:2]-[#1])(-[#8:80])-[#8:81]>>[#6:3]-[#6:1](=[#8:4])-[#8:2]-[#1].[#7:14]-[#6:13](=[#8:15])-[#6:7]1=[#6:8](-[#7:9](-[#6:16])-[#6:10](=[#6:11](-[#6:12]-1(-[#1:96])-[#1])-[#1:97])-[#1:98])-[#1:122].[#8:58]-[#15:57](=[#8:59])(-[#8:60])-[#8:55]-[#15:56](=[#8:79])(-[#8:80])-[#8:81]	Any;Any;Any
EVODEX.2-Em560_0	Any	[#6:3]-[#6:1](=[#8:10])-[#6:4](=[#8:6])-[#8:7]>>[#6:3]-[#6:1](-[#7](-[#1])-[#1])(-[#6:4](=[#8:6])-[#8:7])-[#1].[#8:10](-[#1])-[#1]	Any;Any
EVODEX.2-Em561_0	Any;Any	[#6:2]-[#6:1](-[#8:66]-[#1])(-[#6:3](=[#8:5])-[#16:6])-[#1:77].[#8:58]=[#6:57]=[#8:65]>>[#6:2]-[#6:1](-[#6:3](=[#8:5])-[#16:6])(-[#1:77])-[#1].[#6]-[#6](=[#8])-[#6:57](=[#8:65])-[#8:58]-[#1].[#8:66]=[#8]	Any;Any;Any
EVODEX.2-Em562_0	Any;Any;Any	[#6:3]-[#6:1](=[#8:4])-[#1].[#8:59]-[#15:58](=[#8:60])(-[#8:56]-[#1])-[#8:61].[#8:80]=[#15:57](-[#8:2]-[#1])(-[#8:81])-[#8:82]>>[#6:3]-[#6:1](=[#8:4])-[#8:2]-[#1].[#8:59]-[#15:58](=[#8:60])(-[#8:61])-[#8:56]-[#15:57](=[#8:80])(-[#8:81])-[#8:82]	Any;Any
EVODEX.2-Em563_0	Any	[#6:2]-[#6:1](=[#8:3])-[#8:52]-[#1]>>[#6:2]-[#6:1](=[#8:3])-[#1].[#8:52](-[#1])-[#1]	Any;Any
EVODEX.2-Em564_0	Any;Any	[#6:3]-[#6:1](-[#6:4](=[#8:6])-[#16:7])(-[#1:77])-[#1].[#6:59]-[#6:57](=[#8:60])-[#6:65](=[#8:67])-[#8:66]-[#1]>>[#6:3]-[#6:1](-[#8]-[#1])(-[#6:4](=[#8:6])-[#16:7])-[#1:77].[#8:60]=[#6:57](-[#8]-[#1])-[#6:59].[#8:66]=[#6:65]=[#8:67]	Any;Any;Any
EVODEX.2-Em565_0	Any	[#6:6]-[#6:3](=[#6:2](-[#6:1](-[#6:14](=[#6:15](-[#6:16])-[#1:49])-[#1:48])(-[#1:46])-[#1])-[#1:45])-[#1:44]>>[#6:6]-[#6:3](-[#6:2](=[#6:1](-[#6:14](=[#6:15](-[#6:16])-[#1:49])-[#1:48])-[#1:46])-[#1:45])(-[#8]-[#8])-[#1:44]	Any
EVODEX.2-Em566_0	Any;Any	[#6:53]-[#8:52]-[#6:1](=[#8:3])-[#6:4].[#6:19]-[#8:2]-[#1]>>[#6:19]-[#8:2]-[#6:1](=[#8:3])-[#6:4].[#6:53]-[#8:52]-[#1]	Any;Any
EVODEX.2-Em567_0	Any	[#6:3]-[#6:1](-[#8:49]-[#15:50](=[#8:51])(-[#8:52])-[#8:53])(-[#1:88])-[#1:89]>>[#6:3]-[#6:1](-[#8]-[#1])(-[#1:88])-[#1:89].[#8:51]=[#15:50](-[#8:49]-[#1])(-[#8:52])-[#8:53]	Any;Any
EVODEX.2-Em568_0	Any;Any	[#6:3]-[#6:1](=[#8:4])-[#8]-[#6].[#6:21]-[#8:2]-[#1]>>[#6:3]-[#6:1](=[#8:4])-[#8:2]-[#6:21]	Any
EVODEX.2-Em569_0	Any	[#6:3]-[#6:1](=[#8:4])-[#8:41]-[#6:42]>>[#6:3]-[#6:1](=[#8:4])-[#8]-[#6].[#6:42]-[#8:41]-[#1]	Any;Any
EVODEX.2-Em570_0	Any	[#6:3]-[#6:1](=[#8:52])-[#1:93]>>[#6:3]-[#6:1](-[#7](-[#1])-[#1])(-[#1:93])-[#1].[#8:52](-[#1])-[#1]	Any;Any
EVODEX.2-Em571_0	Any;Any;Any	[#6:3]-[#6:1](-[#6:4])(-[#1:70])-[#1].[#6:30]-[#6:28](=[#8:31])-[#6](=[#8])-[#8].[#8:2]=[#8:29]>>[#6:3]-[#6:1](-[#8:2]-[#1])(-[#6:4])-[#1:70].[#8:31]=[#6:28](-[#8:29]-[#1])-[#6:30]	Any;Any
EVODEX.2-Em572_0	Any;Any	[#6:3]-[#6:1](=[#8:4])-[#8]-[#1].[#6:19]-[#8:2]-[#1]>>[#6:3]-[#6:1](=[#8:4])-[#8:2]-[#6:19]	Any
EVODEX.2-Em573_0	Any;Any	[#6:3]-[#6:1](-[#6:4](=[#8:6])-[#16:7])(-[#1:83])-[#1].[#6:61]-[#6:59](=[#8:62])-[#6](=[#8])-[#8]>>[#6:3]-[#6:1](-[#8]-[#1])(-[#6:4](=[#8:6])-[#16:7])-[#1:83].[#8:62]=[#6:59](-[#8]-[#1])-[#6:61]	Any;Any
EVODEX.2-Em574_0	Any;Any	[#6:2]-[#6:1](-[#8:72]-[#1])(-[#6:3](=[#8:6])-[#16:7])-[#1:95].[#8]=[#6](-[#8:73]-[#1])-[#6]>>[#6:2]-[#6:1](-[#6:3](=[#8:6])-[#16:7])(-[#1:95])-[#1].[#8:72]=[#8:73]	Any;Any
EVODEX.2-Em575_0	Any	[#6:3]-[#6:1](-[#7:25](-[#1])-[#1])=[#8:4]>>[#6:3]-[#6:1](=[#8:4])-[#8]-[#1].[#7:25](-[#1])(-[#1])-[#1]	Any;Any
EVODEX.2-Em576_0	Any;Any	[#6:3]-[#6:1](=[#8:4])-[#8:27]-[#1].[#7:2](-[#1])(-[#1])-[#1]>>[#6:3]-[#6:1](-[#7:2](-[#1])-[#1])=[#8:4].[#8:27](-[#1])-[#1]	Any;Any
EVODEX.2-Em577_0	Any;Any	[#6:3]-[#6:1](-[#8:29]-[#15:31](=[#8:32])(-[#8:33])-[#8:34])(-[#1:82])-[#1:83].[#8:35]-[#15:30](=[#8:36])(-[#8:2]-[#1])-[#8:37]>>[#6:3]-[#6:1](-[#8:2]-[#1])(-[#1:82])-[#1:83].[#8:35]-[#15:30](=[#8:36])(-[#8:37])-[#8:29]-[#15:31](=[#8:32])(-[#8:33])-[#8:34]	Any;Any
EVODEX.2-Em578_0	Any;Any	[#6:3]-[#6:1](=[#8:2])-[#1:39].[#8:14](-[#8:15]-[#1])-[#1]>>[#6:3]-[#6:1](-[#8:2]-[#1])(-[#1:39])-[#1].[#8:14]=[#8:15]	Any;Any
EVODEX.2-Em579_0	Any;Any	[#6:2]-[#6:1](=[#8:3])-[#8:60]-[#1].[#7:23]-[#6:22](=[#8:24])-[#6:16]1=[#6:21](-[#7:20](-[#6:25])-[#6:19](=[#6:18](-[#6:17]-1(-[#1:116])-[#1])-[#1:115])-[#1:114])-[#1:91]>>[#6:2]-[#6:1](=[#8:3])-[#1].[#7:23]-[#6:22](=[#8:24])-[#6:16]1:[#6:17](:[#6:18](:[#6:19](:[#7&+:20](-[#6:25]):[#6:21]:1-[#1:91])-[#1:114])-[#1:115])-[#1:116].[#8:60](-[#1])-[#1]	Any;Any;Any
EVODEX.2-Em580_0	Any	[#6:56]-[#7:55](-[#6](-[#1])(-[#1])-[#1])-[#6:28](-[#1:154])(-[#1:155])-[#1:156]>>[#6:28](-[#16&+](-[#6])-[#6])(-[#1:154])(-[#1:155])-[#1:156].[#6:56]-[#7:55](-[#1])-[#1]	Any;Any
EVODEX.2-Em581_0	Any	[#6:56]-[#7:55](-[#6](-[#1])(-[#1])-[#1])-[#6](-[#1])(-[#1])-[#1]>>[#6:56]-[#7:55](-[#1])-[#1]	Any
EVODEX.2-Em582_0	Any;Any;Any	[#6:53](-[#16&+:1](-[#6:2])-[#6:3])(-[#1:76])(-[#1:77])-[#1:78].[#6:55](-[#16&+:27](-[#6:28])-[#6:29])(-[#1:99])(-[#1:100])-[#1:101].[#6:56]-[#7:54](-[#1])-[#1]>>[#6:3]-[#16:1]-[#6:2].[#6:29]-[#16:27]-[#6:28].[#6:56]-[#7:54](-[#6:53](-[#1:76])(-[#1:77])-[#1:78])-[#6:55](-[#1:99])(-[#1:100])-[#1:101]	Any;Any;Any
EVODEX.2-Em583_0	Any;Any	[#7:2](-[#6:15](-[#6:17](=[#8:18])-[#8:19])(-[#1:22])-[#1])(-[#1])-[#1].[#6:3]-[#6:1](=[#8:16])-[#6:4](=[#8:6])-[#8:7]>>[#6:3]-[#6:1](-[#7:2](-[#1])-[#1])(-[#6:4](=[#8:6])-[#8:7])-[#1].[#8:16]=[#6:15](-[#6:17](=[#8:18])-[#8:19])-[#1:22]	Any;Any
EVODEX.2-Em584_0	Any;Any	[#6:4]-[#7:1](-[#1])-[#1].[#7:3](-[#6:2](-[#7:5])=[#8])(-[#1])-[#1]>>[#6:4]-[#7:1](-[#6:2](=[#7:3]-[#1])-[#7:5])-[#1]	Any
EVODEX.2-Em585_0	Any;Any	[#8:14]=[#6:1](-[#6:3])-[#1:17].[#6:13]-[#7:2](-[#1])-[#1]>>[#6:13]-[#7:2](-[#6:1](-[#6:3])(-[#1:17])-[#1])-[#1].[#8:14](-[#1])-[#1]	Any;Any
EVODEX.2-Em586_0	Any	[#6:2]-[#7:1](-[#6:4](=[#7:3]-[#1])-[#7:6])-[#1]>>[#6:2]-[#7:1](-[#1])-[#1].[#7:3](-[#6:4](-[#7:6])=[#8])(-[#1])-[#1]	Any;Any
EVODEX.2-Em587_0	Any;Any	[#6:2]-[#7:1](-[#6:4](=[#7:3]-[#1])-[#7:6])-[#1].[#8:5](-[#1])-[#1]>>[#6:2]-[#7:1](-[#1])-[#1].[#7:3](-[#6:4](=[#8:5])-[#7:6])(-[#1])-[#1]	Any;Any
EVODEX.2-Em589_0	Any	[#6:1](-[#7:28](-[#6:29])-[#1])(-[#1:59])(-[#1:60])-[#1:61]>>[#6:1](-[#16&+](-[#6])-[#6])(-[#1:59])(-[#1:60])-[#1:61].[#7:28](-[#6:29])(-[#1])-[#1]	Any;Any
EVODEX.2-Em590_0	Any;Any	[#6:3]-[#16:2]-[#6:4].[#6:1](-[#7:28](-[#6:29])-[#1])(-[#1:77])(-[#1:78])-[#1:79]>>[#6:1](-[#16&+:2](-[#6:4])-[#6:3])(-[#1:77])(-[#1:78])-[#1:79].[#6:29]-[#7:28](-[#1])-[#1]	Any;Any
EVODEX.2-Em591_0	Any;Any	[#6:3]-[#6:1](=[#8])-[#1:21].[#8:9](-[#8:10]-[#1])-[#1]>>[#6:3]-[#6:1](-[#7](-[#1])-[#1])(-[#1:21])-[#1].[#8:9]=[#8:10]	Any;Any
EVODEX.2-Em592_0	Any	[#6:3]-[#6:1](-[#7:8](-[#1])-[#1])(-[#1:21])-[#1]>>[#6:3]-[#6:1](=[#8])-[#1:21].[#7:8](-[#1])(-[#1])-[#1]	Any;Any
EVODEX.2-Em593_0	Any;Any	[#6:3]-[#6:1](-[#7](-[#1])-[#1])(-[#1:21])-[#1].[#8:9]=[#8:10]>>[#6:3]-[#6:1](=[#8])-[#1:21].[#8:9](-[#8:10]-[#1])-[#1]	Any;Any
EVODEX.2-Em594_0	Any;Any	[#6:51]-[#7:49](-[#1])-[#1].[#8:50]=[#8:86]>>[#6:51]-[#7:49](-[#8:50]-[#1])-[#1].[#8:86](-[#1])-[#1]	Any;Any
EVODEX.2-Em595_0	Any;Any	[#6:3]-[#6:1](-[#8:19]-[#1])(-[#1:51])-[#1:52].[#8:2](-[#1])-[#1]>>[#6:3]-[#6:1](-[#8:2]-[#1])(-[#1:51])-[#1:52].[#8]-[#15](=[#8])(-[#8:19]-[#1])-[#8]	Any;Any
EVODEX.2-Em596_0	Any;Any	[#6:27](-[#16&+:1](-[#6:2])-[#6:3])(-[#1:41])(-[#1:42])-[#1:43].[#6:29]-[#7:28](-[#1])-[#1]>>[#6:3]-[#16:1]-[#6:2].[#6:27](-[#7:28](-[#6:29])-[#1])(-[#1:41])(-[#1:42])-[#1:43]	Any;Any
EVODEX.2-Em597_0	Any;Any	[#6:3]-[#6:1](=[#8])-[#1:27].[#7:2](-[#1])(-[#1])-[#1]>>[#6:3]-[#6:1](-[#7:2](-[#1])-[#1])(-[#1:27])-[#1]	Any
EVODEX.2-Em598_0	Any	[#6:3]-[#6:1](=[#8])-[#6:4]>>[#6:3]-[#6:1](-[#7](-[#1])-[#1])(-[#6:4])-[#1]	Any
EVODEX.2-Em599_0	Any;Any;Any	[#6:6]-[#6:3](=[#7:4]-[#8:12])-[#1:25].[#8:1]=[#6:2]=[#8:13].[#8:5](-[#1])-[#1]>>[#6:6]-[#6:3](-[#6:2](=[#8:13])-[#8:1]-[#1])(-[#7:4](-[#8:5]-[#1])-[#8:12])-[#1:25]	Any
EVODEX.2-Em600_0	Any;Any	[#6:6]-[#6:3](=[#7:4]-[#8:13])-[#1:28].[#8:1]=[#6:2]=[#8:14]>>[#6:6]-[#6:3](-[#6:2](=[#8:14])-[#8:1]-[#1])(-[#7:4](-[#8]-[#1])-[#8:13])-[#1:28]	Any
EVODEX.2-Em601_0	Any	[#6:3]-[#6:1](-[#6](=[#8])-[#8])(-[#7:2](-[#8]-[#1])-[#8:11])-[#1:31]>>[#6:3]-[#6:1](=[#7:2]-[#8:11])-[#1:31]	Any
EVODEX.2-Em602_0	Any	[#6:3]-[#6:1](-[#8:24]-[#1])(-[#1:60])-[#1:61]>>[#6:3]-[#6:1](-[#8]-[#1])(-[#1:60])-[#1:61].[#8]-[#15](=[#8])(-[#8:24]-[#1])-[#8]	Any;Any
EVODEX.2-Em603_0	Any;Any	[#6:3]-[#6:1](-[#7:10](-[#1])-[#1])(-[#1:19])-[#1].[#8:11]=[#8:12]>>[#6:3]-[#6:1](=[#8])-[#1:19].[#7:10](-[#1])(-[#1])-[#1].[#8:11](-[#8:12]-[#1])-[#1]	Any;Any;Any
EVODEX.2-Em604_0	Any;Any	[#7:3](=[#6:1](-[#7:4])-[#7:16](-[#6:17])-[#1])-[#1].[#6:5]-[#7:2](-[#1])-[#1]>>[#6:5]-[#7:2](-[#6:1](=[#7:3]-[#1])-[#7:4])-[#1].[#7:16](-[#6:17])(-[#1])-[#1]	Any;Any
EVODEX.2-Em606_0	Any;Any	[#7:1](-[#6:4])(-[#1])-[#1].[#7:3](-[#6:2](-[#7:12])=[#8:13])(-[#1])-[#1]>>[#7:3](=[#6:2](-[#7:12])-[#7:1](-[#6:4])-[#1])-[#1].[#8:13](-[#1])-[#1]	Any;Any
EVODEX.2-Em607_0	Any	[#7:2]-[#6:1](-[#6:3])(-[#6](=[#8])-[#8])-[#1:16]>>[#7:2]-[#6:1](-[#6:3])(-[#1:16])-[#1]	Any
EVODEX.2-Em608_0	Any;Any;Any	[#7](-[#6:1](-[#6:3])(-[#1:13])-[#1])(-[#1])-[#1].[#8:2](-[#1])-[#1].[#8:9]=[#8:10]>>[#6:3]-[#6:1](=[#8:2])-[#1:13].[#8:9](-[#8:10]-[#1])-[#1]	Any;Any
EVODEX.2-Em609_0	Any	[#6:4]-[#6:2]1(-[#8:1]-[#15:11](=[#8:13])(-[#8:14])-[#8:8]-[#6:5]-1)-[#1:31]>>[#6:4]-[#6:2](-[#8]-[#1])(-[#6:5]-[#8:8]-[#15:11](=[#8:13])(-[#8:1]-[#1])-[#8:14])-[#1:31]	Any
EVODEX.2-Em248_0	Any	[#8:10](-[#1])-[#1]>>[#8]-[#15](=[#8])(-[#8:10]-[#1])-[#8]	Any
EVODEX.2-Em605_0	Any	[#6:3]-[#6:1](=[#8:4])-[#8:17]-[#1]>>[#6:3]-[#6:1](=[#8:4])-[#7](-[#6](=[#6](-[#6]1:[#6](:[#6](:[#6](:[#6](:[#6]:1-[#1])-[#1])-[#1])-[#1])-[#1])-[#1])-[#6](=[#8])-[#8])-[#1].[#8:17](-[#1])-[#1]	Any;Any
