Name	Reactants	SMARTS	Products
EVODEX.2-Dm371_0	Any	[#6]-[#6](=[#8])-[#7:5](-[#6@@:6])-[#1]>>[#7:5](-[#6@@:6])(-[#1])-[#1]	Any
EVODEX.2-Dm350_0	Any	[#7](-[#6@])(-[#6:65](=[#8:66])-[#6:67])-[#1]>>[#6:65](=[#8:66])(-[#6:67])-[#8]-[#1]	Any
EVODEX.2-Dm351_0	Any;Any	[#7](-[#6@])(-[#6:65](=[#8:66])-[#6:67])-[#1].[#8:82](-[#1])-[#1]>>[#6:65](=[#8:66])(-[#6:67])-[#8:82]-[#1]	Any
EVODEX.2-Dm321_0	Any	[#7:53](-[#6@@:54])(-[#1])-[#1]>>[#6]-[#6](=[#8])-[#7:53](-[#6@@:54])-[#1]	Any
EVODEX.2-Dm624_0	Any	[#6:17](-[#6@@:16])(=[#8:18])-[#8]-[#1]>>[#7](-[#6@])(-[#6:17](-[#6@:16])=[#8:18])-[#1]	Any
EVODEX.2-Dm329_0	Any	[#6:87]-[#8:88]-[#1]>>[#6](=[#8])(-[#6])-[#8:88]-[#6:87]	Any
EVODEX.2-Dm514_0	Any;Any	[#15](=[#8])-[#8]-[#15:26](=[#8:27])(-[#8:28])-[#8:29].[#8:31](-[#6:32])-[#1]>>[#15:26](=[#8:27])(-[#8:28])(-[#8:29])-[#8:31]-[#6:32]	Any
EVODEX.2-Dm513_0	Any	[#15:18](=[#8:19])-[#8:21]-[#15:22](=[#8:23])(-[#8:24])-[#8:25]>>[#15:18](=[#8:19])-[#8:21]-[#1].[#15:22](=[#8:23])(-[#8:24])(-[#8:25])-[#8]-[#6]	Any;Any
EVODEX.2-Dm340_0	Any	[#6]-[#6](=[#8])-[#8:66]-[#6:67]>>[#8:66](-[#6:67])-[#1]	Any
EVODEX.2-Dm908_0	Any	[#6:21]-[#6:22](=[#8:23])-[#8:24]-[#1]>>[#6:21]-[#6:22](=[#8:23])-[#7](-[#6])-[#1].[#8:24](-[#15](-[#8])(=[#8])-[#8])-[#1]	Any;Any
EVODEX.2-Dm909_0	Any;Any	[#6:21]-[#6:22](=[#8:23])-[#8]-[#1].[#8]-[#15](=[#8])(-[#8])-[#8:57]-[#15:58]=[#8:59]>>[#6:21]-[#6:22](=[#8:23])-[#7](-[#6])-[#1].[#8:57](-[#15:58]=[#8:59])-[#1]	Any;Any
EVODEX.2-Dm911_0	Any;Any	[#8]-[#15](=[#8])(-[#8])-[#8:40]-[#15:41]=[#8:42].[#7:7](-[#6@@:8])(-[#1])-[#1]>>[#6]-[#6](=[#8])-[#7:7](-[#6@@:8])-[#1].[#8:40](-[#15:41]=[#8:42])-[#1]	Any;Any
EVODEX.2-Dm480_0	Any;Any	[#7](-[#6@@:2](-[#6:3])(-[#6:8]=[#8:9])-[#1])(-[#1])-[#1].[#6]-[#6](=[#8:16])-[#6]=[#8]>>[#6:2](-[#6:3])(-[#6:8]=[#8:9])=[#8:16]	Any
EVODEX.2-Dm913_0	Any;Any	[#7:9](-[#6@:8])(-[#1])-[#1].[#8:33]-[#15:34](=[#8:35])(-[#8:36])-[#8:37]-[#15:38]=[#8:39]>>[#7:9](-[#6@:8])(-[#6](-[#6])=[#8])-[#1].[#8](-[#15:34](-[#8:33])(=[#8:35])-[#8:36])-[#1].[#8:37](-[#15:38]=[#8:39])-[#1]	Any;Any;Any
EVODEX.2-Dm483_0	Any	[#7:8](-[#6@@:9](-[#6:10])(-[#6:14]=[#8:15])-[#1])(-[#1])-[#1]>>[#6]-[#6](-[#6]=[#8])(-[#7:8](-[#1])-[#1])-[#1].[#8]=[#6:9](-[#6:10])-[#6:14]=[#8:15]	Any;Any
EVODEX.2-Dm485_0	Any	[#6:7]-[#6:8](=[#8:9])-[#6:10]=[#8:11]>>[#6:7]-[#6@@:8](-[#6:10]=[#8:11])(-[#7](-[#1])-[#1])-[#1].[#8:9]=[#6](-[#6])-[#6]=[#8]	Any;Any
EVODEX.2-Dm905_0	Any;Any	[#6:18]-[#6:19](=[#8:20])-[#8:21]-[#1].[#8:50]-[#15:51](=[#8:52])(-[#8:53])-[#8:54]-[#15:55]=[#8:56]>>[#6:18]-[#6:19](=[#8:20])-[#7](-[#6])-[#1].[#8:21](-[#15:51](-[#8:50])(=[#8:52])-[#8:53])-[#1].[#8:54](-[#15:55]=[#8:56])-[#1]	Any;Any;Any
EVODEX.2-Dm481_0	Any;Any	[#7:1](-[#6@@](-[#6])(-[#6]=[#8])-[#1])(-[#1])-[#1].[#6:18]-[#6:19](=[#8])-[#6:21]=[#8:22]>>[#7:1](-[#6@@:19](-[#6:18])(-[#6:21]=[#8:22])-[#1])(-[#1])-[#1]	Any
EVODEX.2-Dm907_0	Any;Any	[#6:20]-[#6:21](=[#8:22])-[#8:23]-[#1].[#8:52]-[#15:53](=[#8:54])(-[#8:55])-[#8]-[#15]=[#8]>>[#6:20]-[#6:21](=[#8:22])-[#7](-[#6])-[#1].[#8:23](-[#15:53](-[#8:52])(=[#8:54])-[#8:55])-[#1]	Any;Any
EVODEX.2-Dm273_0	Any	[#8:11]-[#15:12](=[#8:13])(-[#8:14])-[#8:15]-[#15:16]=[#8:17]>>[#8:11]-[#15:12](=[#8:13])(-[#8:14])-[#8]-[#15]=[#8].[#8:15](-[#15:16]=[#8:17])-[#1]	Any;Any
EVODEX.2-Dm530_0	Any;Any	[#15](=[#8])-[#8]-[#15:19](=[#8:20])(-[#8:21])-[#8:22].[#15:40](=[#8:41])-[#8:42]-[#1]>>[#15:19](=[#8:20])(-[#8:21])(-[#8:22])-[#8:42]-[#15:40]=[#8:41]	Any
EVODEX.2-Dm573_0	Any;Any	[#6:17]-[#6:18](=[#8:19])-[#8]-[#6].[#8:26](-[#1])-[#1]>>[#6:17]-[#6:18](=[#8:19])-[#8:26]-[#1]	Any
EVODEX.2-Dm401_0	Any;Any	[#8]=[#15]-[#8]-[#6@@:6](-[#8:7])(-[#6@:26])-[#1:64].[#8:61](-[#6@@:60])-[#1]>>[#8:61](-[#6@@:6](-[#8:7])(-[#6@:26])-[#1:64])-[#6@@:60]	Any
EVODEX.2-Dm434_0	Any	[#8:1]=[#15:2]-[#8:3]-[#1]>>[#8:1]=[#15:2]-[#8:3]-[#15](=[#8])(-[#8])-[#8]	Any
EVODEX.2-Dm625_0	Any	[#6:17](-[#6@@:16])(=[#8:18])-[#8:19]-[#1]>>[#7](-[#6@])(-[#6:17](-[#6@:16])=[#8:18])-[#1].[#8:19](-[#1])-[#1]	Any;Any
EVODEX.2-Dm698_0	Any;Any	[#6:7](-[#6@:5])(=[#8:8])-[#7](-[#6])-[#6@].[#8:17](-[#1])-[#1]>>[#6:7](-[#6@:5])(=[#8:8])-[#8:17]-[#1]	Any
EVODEX.2-Dm699_0	Any	[#6:7](-[#6@:5])(=[#8:8])-[#7](-[#6])-[#6@]>>[#6:7](-[#6@:5])(=[#8:8])-[#8]-[#1]	Any
EVODEX.2-Dm272_0	Any	[#8:81](-[#6@@:80])-[#1]>>[#15](=[#8])(-[#8])(-[#8])-[#8:81]-[#6@@:80]	Any
EVODEX.2-Dm323_0	Any	[#6:65]-[#8:66]-[#1]>>[#6]1:[#6]:[#6](/[#6]=[#6]/[#6](=[#8])-[#8:66]-[#6:65]):[#6]:[#6]:[#6]:1	Any
EVODEX.2-Dm71_0	Any	[#8]-[#15](=[#8])(-[#8])-[#8:23]-[#15:24]=[#8:25]>>[#8:23](-[#15:24]=[#8:25])-[#1]	Any
EVODEX.2-Dm881_0	Any;Any;Any	[#6:47]-[#16:48]-[#1].[#6:52]-[#6:53](=[#8:54])-[#8]-[#1].[#8]-[#15](=[#8])(-[#8])-[#8:74]-[#15:75]=[#8:76]>>[#6:47]-[#16:48]-[#6:53](-[#6:52])=[#8:54].[#8:74](-[#15:75]=[#8:76])-[#1]	Any;Any
EVODEX.2-Dm515_0	Any	[#8:39](-[#6@@:36])-[#15:40](=[#8:41])(-[#8:42])-[#8:43]>>[#15](=[#8])-[#8]-[#15:40](=[#8:41])(-[#8:42])-[#8:43].[#8:39](-[#6@@:36])-[#1]	Any;Any
EVODEX.2-Dm614_0	Any;Any	[#6]-[#8]-[#6:18](=[#8:19])-[#6@:20].[#7:11](-[#6@@:10])(-[#1])-[#1]>>[#7:11](-[#6@@:10])(-[#6:18](=[#8:19])-[#6@:20])-[#1]	Any
EVODEX.2-Dm615_0	Any	[#7:11](-[#6@@:10])(-[#6:12](=[#8:13])-[#6@:14])-[#1]>>[#6:12](=[#8:13])(-[#6@:14])-[#8]-[#6].[#7:11](-[#6@@:10])(-[#1])-[#1]	Any;Any
EVODEX.2-Dm690_0	Any	[#6:7](-[#6@:5])(=[#8:8])-[#7](-[#6]1:[#6]:[#6]:[#6]2:[#6]:[#6]:[#6](=[#8]):[#8]:[#6]:2:[#6]:1)-[#1]>>[#6:7](-[#6@:5])(=[#8:8])-[#8]-[#1]	Any
EVODEX.2-Dm694_0	Any;Any	[#6:7](-[#6@:5])(=[#8:8])-[#7](-[#6]1:[#6]:[#6]:[#6]2:[#6]:[#6]:[#6](=[#8]):[#8]:[#6]:2:[#6]:1)-[#1].[#8:25](-[#1])-[#1]>>[#6:7](-[#6@:5])(=[#8:8])-[#8:25]-[#1]	Any
EVODEX.2-Dm885_0	Any;Any	[#6:47]-[#16:48]-[#1].[#8:80]=[#6:81](-[#8:82]-[#1])-[#6:83]>>[#6:47]-[#16:48]-[#6:81](=[#8:80])-[#6:83].[#8]-[#15](=[#8])(-[#8])-[#8:82]-[#1]	Any;Any
EVODEX.2-Dm886_0	Any	[#6:65]-[#6:66](=[#8:67])-[#8:68]-[#1]>>[#6]-[#16]-[#6:66](-[#6:65])=[#8:67].[#8:68](-[#15](-[#8])(=[#8])-[#8])-[#1]	Any;Any
EVODEX.2-Dm910_0	Any;Any	[#7:1](-[#6:2])(-[#1])-[#1].[#6:43]-[#6:44](=[#8:45])-[#8:46]-[#1]>>[#7:1](-[#6:2])(-[#6:44](-[#6:43])=[#8:45])-[#1].[#8:46](-[#15](-[#8])(=[#8])-[#8])-[#1]	Any;Any
EVODEX.2-Dm15_0	Any	[#6:11]-[#6@@:12](-[#8:13]-[#1])(-[#6:14]=[#8:15])-[#1]>>[#6:11]-[#6:12](=[#8:13])-[#6:14]=[#8:15]	Any
EVODEX.2-Dm872_0	Any;Any	[#6]-[#6](=[#8])-[#8:4]-[#1].[#8:67]-[#15:68](=[#8:69])(-[#8:70])-[#8:71]-[#15:72]=[#8:73]>>[#8:4](-[#15:68](-[#8:67])(=[#8:69])-[#8:70])-[#1].[#8:71](-[#15:72]=[#8:73])-[#1]	Any;Any
EVODEX.2-Dm879_0	Any;Any	[#6:53]-[#6:54](=[#8:55])-[#8]-[#1].[#8]-[#15](=[#8])(-[#8])-[#8:75]-[#15:76]=[#8:77]>>[#6]-[#16]-[#6:54](-[#6:53])=[#8:55].[#8:75](-[#15:76]=[#8:77])-[#1]	Any;Any
EVODEX.2-Dm565_0	Any	[#6:59]-[#6:60](=[#8:61])-[#8:62]-[#1]>>[#6](=[#8])(-[#6])-[#8:62]-[#1].[#6]-[#16]-[#6:60](-[#6:59])=[#8:61]	Any;Any
EVODEX.2-Dm906_0	Any;Any;Any	[#6:18]-[#6:19](=[#8:20])-[#8]-[#1].[#6:30]-[#7:31](-[#1])-[#1].[#8]-[#15](=[#8])(-[#8])-[#8:54]-[#15:55]=[#8:56]>>[#6:18]-[#6:19](=[#8:20])-[#7:31](-[#6:30])-[#1].[#8:54](-[#15:55]=[#8:56])-[#1]	Any;Any
EVODEX.2-Dm59_0	Any;Any	[#6:4]1:[#6:5]:[#6:6](:[#6:7]:[#6:9]:[#6:10]:1)-[#1].[#8:14](-[#8]-[#1])-[#1]>>[#6:4]1:[#6:5]:[#6:6](-[#8:14]-[#1]):[#6:7]:[#6:9]:[#6:10]:1	Any
EVODEX.2-Dm60_0	Any	[#6:2]1:[#6:3]:[#6:4](:[#6:5]:[#6:7]:[#6:8]:1)-[#1]>>[#6:2]1:[#6:3]:[#6:4](-[#8]-[#1]):[#6:5]:[#6:7]:[#6:8]:1	Any
EVODEX.2-Dm76_0	Any	[#6:18](=[#8:19])-[#8:20]-[#1]>>[#6:18](=[#8:19])-[#8:20]-[#15](-[#8])(=[#8])-[#8]	Any
EVODEX.2-Dm78_0	Any;Any	[#6:8](-[#6@:6])(-[#6:9]=[#8:10])(-[#1:37])-[#1].[#8:22]=[#8:23]>>[#6:8](-[#6@:6])(-[#6:9]=[#8:10])(-[#8:22]-[#1])-[#1:37].[#6]-[#6](=[#8])-[#8:23]-[#1]	Any;Any
EVODEX.2-Dm79_0	Any;Any	[#6:8](-[#6@:6])(-[#6:9]=[#8:10])(-[#1:37])-[#1].[#6:16]-[#6:17](=[#8:18])-[#6:19](=[#8:20])-[#8:21]-[#1]>>[#6:19](=[#8:20])=[#8:21].[#6:8](-[#6@:6])(-[#6:9]=[#8:10])(-[#8]-[#1])-[#1:37].[#6:16]-[#6:17](=[#8:18])-[#8]-[#1]	Any;Any;Any
EVODEX.2-Dm80_0	Any;Any	[#6:8](-[#6@:6])(-[#6:9]=[#8:10])(-[#1:37])-[#1].[#6]-[#6](=[#8])-[#6:19](=[#8:20])-[#8:21]-[#1]>>[#6:19](=[#8:20])=[#8:21].[#6:8](-[#6@:6])(-[#6:9]=[#8:10])(-[#8]-[#1])-[#1:37]	Any;Any
EVODEX.2-Dm81_0	Any	[#6:8](-[#6@:6])(-[#6:9]=[#8:10])(-[#1:37])-[#1]>>[#6:8](-[#6@:6])(-[#6:9]=[#8:10])(-[#8]-[#1])-[#1:37]	Any
EVODEX.2-Dm82_0	Any;Any	[#6:8](-[#6@:6])(-[#6:9]=[#8:10])(-[#1:37])-[#1].[#6:16]-[#6:17](=[#8:18])-[#6](=[#8])-[#8]>>[#6:8](-[#6@:6])(-[#6:9]=[#8:10])(-[#8]-[#1])-[#1:37].[#6:16]-[#6:17](=[#8:18])-[#8]-[#1]	Any;Any
EVODEX.2-Dm83_0	Any;Any;Any	[#6:8](-[#6@@:6])(-[#6:9]=[#8:10])(-[#1:37])-[#1].[#6:16]-[#6:17](=[#8:18])-[#6:19](=[#8:20])-[#8:21]-[#1].[#8:22]=[#8:23]>>[#6:19](=[#8:20])=[#8:21].[#6:8](-[#6@@:6])(-[#6:9]=[#8:10])(-[#8:22]-[#1])-[#1:37].[#6:16]-[#6:17](=[#8:18])-[#8:23]-[#1]	Any;Any;Any
EVODEX.2-Dm84_0	Any;Any;Any	[#6:8](-[#6@@:6])(-[#6:9]=[#8:10])(-[#1:37])-[#1].[#6:16]-[#6:17](=[#8:18])-[#6](=[#8])-[#8].[#8:22]=[#8:23]>>[#6:8](-[#6@@:6])(-[#6:9]=[#8:10])(-[#8:22]-[#1])-[#1:37].[#6:16]-[#6:17](=[#8:18])-[#8:23]-[#1]	Any;Any
EVODEX.2-Dm85_0	Any;Any	[#6:8](-[#6@@:6])(-[#6:9]=[#8:10])(-[#1:37])-[#1].[#8:22]=[#8]>>[#6:8](-[#6@@:6])(-[#6:9]=[#8:10])(-[#8:22]-[#1])-[#1:37]	Any
EVODEX.2-Dm91_0	Any;Any;Any	[#6:3]-[#6:4](-[#6:5]=[#8:6])(-[#1:26])-[#1].[#8:18]=[#8].[#6]-[#6](=[#8])-[#6:15](=[#8:16])-[#8:17]-[#1]>>[#6:15](=[#8:16])=[#8:17].[#6:3]-[#6@:4](-[#6:5]=[#8:6])(-[#8:18]-[#1])-[#1:26]	Any;Any
EVODEX.2-Dm278_0	Any;Any	[#6:1](-[#16&+](-[#6])-[#6])(-[#1:35])(-[#1:36])-[#1:37].[#6:30]-[#16:31]-[#1]>>[#6:1](-[#16:31]-[#6:30])(-[#1:35])(-[#1:36])-[#1:37]	Any
EVODEX.2-Dm317_0	Any	[#8:8]=[#6:9](-[#6:10])-[#1:21]>>[#6](=[#8])(-[#6])-[#6@@:9](-[#8:8]-[#1])(-[#6:10])-[#1:21]	Any
EVODEX.2-Dm322_0	Any;Any	[#6:3]1:[#6:4]:[#6:5](/[#6:6]=[#6:7]/[#6:8](=[#8:9])-[#16:10]-[#6:11]):[#6:58]:[#6:59]:[#6:60]:1.[#6:65]-[#8:66]-[#1]>>[#6:3]1:[#6:4]:[#6:5](/[#6:6]=[#6:7]/[#6:8](=[#8:9])-[#8:66]-[#6:65]):[#6:58]:[#6:59]:[#6:60]:1.[#16:10](-[#6:11])-[#1]	Any;Any
EVODEX.2-Dm326_0	Any	[#7:62](-[#6:63])(-[#1])-[#1]>>[#6]1:[#6]:[#6](/[#6]=[#6]/[#6](=[#8])-[#7:62](-[#6:63])-[#1]):[#6]:[#6]:[#6]:1	Any
EVODEX.2-Dm335_0	Any;Any	[#6:3]1:[#6:4]:[#6:5](/[#6:6]=[#6:7]/[#6:8](=[#8:9])-[#16]-[#6]):[#6:58]:[#6:59]:[#6:60]:1.[#6:70]-[#8:71]-[#1]>>[#6:3]1:[#6:4]:[#6:5](/[#6:6]=[#6:7]/[#6:8](=[#8:9])-[#8:71]-[#6:70]):[#6:58]:[#6:59]:[#6:60]:1	Any
EVODEX.2-Dm336_0	Any	[#6:17]-[#6:18](=[#8:19])-[#16:20]-[#6:21]>>[#6:17]-[#6:18](=[#8:19])-[#7](-[#6])-[#1].[#16:20](-[#6:21])-[#1]	Any;Any
EVODEX.2-Dm342_0	Any	[#6:19]-[#6:20](=[#8:21])-[#16:22]-[#6:23]>>[#6:19]-[#6:20](=[#8:21])-[#8]-[#6].[#16:22](-[#6:23])-[#1]	Any;Any
EVODEX.2-Dm355_0	Any;Any	[#6:1]-[#6:2](=[#8:3])-[#16]-[#6].[#8:52](-[#6:53])-[#1]>>[#6:1]-[#6:2](=[#8:3])-[#8:52]-[#6:53]	Any
EVODEX.2-Dm381_0	Any	[#6:4]-[#6:5](=[#8:6])-[#7:7](-[#6:8]1:[#6:9]:[#6:10]:[#6:11](-[#7&+:12]=[#8:13]):[#6:15](-[#6:16]=[#8:17]):[#6:19]:1)-[#1]>>[#6:4]-[#6:5](=[#8:6])-[#8]-[#1].[#7:7](-[#6:8]1:[#6:9]:[#6:10]:[#6:11](-[#7&+:12]=[#8:13]):[#6:15](-[#6:16]=[#8:17]):[#6:19]:1)(-[#1])-[#1]	Any;Any
EVODEX.2-Dm406_0	Any;Any	[#8](-[#6@@:6](-[#6@@:5])(-[#8:32])-[#1:71])-[#15]=[#8].[#8:65](-[#1])-[#1]>>[#8:65](-[#6@@:6](-[#6@@:5])(-[#8:32])-[#1:71])-[#1]	Any
EVODEX.2-Dm411_0	Any;Any	[#15:27](=[#8:28])-[#8:29]-[#1].[#15](=[#8])-[#8]-[#6@@:49](-[#8:50])(-[#6@:58])-[#1:120]>>[#15:27](=[#8:28])-[#8:29]-[#6@:49](-[#8:50])(-[#6@:58])-[#1:120]	Any
EVODEX.2-Dm459_0	Any	[#6:11]-[#16:12]-[#1]>>[#6](-[#6@])(-[#16:12]-[#6:11])(-[#1])-[#1]	Any
EVODEX.2-Dm466_0	Any	[#6:39]-[#16:40]-[#1]>>[#6]=[#6]-[#6](-[#16:40]-[#6:39])(-[#1])-[#1]	Any
EVODEX.2-Dm473_0	Any;Any	[#8:2]=[#15:3](-[#8:4])(-[#8:5])-[#8]-[#15]=[#8].[#8:1](-[#1])-[#1]>>[#8:1](-[#15:3](=[#8:2])(-[#8:4])-[#8:5])-[#1]	Any
EVODEX.2-Dm486_0	Any;Any	[#6:35]-[#6:36](-[#6@:2])=[#8].[#7:38](-[#6@@](-[#6])(-[#6]=[#8])-[#1])(-[#1])-[#1]>>[#6:35]-[#6@@:36](-[#6@:2])(-[#7:38](-[#1])-[#1])-[#1]	Any
EVODEX.2-Dm487_0	Any	[#7:1](-[#6@@:2](-[#6@:3])(-[#6@@:15])-[#1])(-[#1])-[#1]>>[#6:2](=[#8])(-[#6@:3])-[#6@@:15].[#7:1](-[#6@@](-[#6])(-[#6]=[#8])-[#1])(-[#1])-[#1]	Any;Any
EVODEX.2-Dm488_0	Any;Any	[#7:1](-[#6@@](-[#6])(-[#6]=[#8])-[#1])(-[#1])-[#1].[#8]=[#6:12](-[#6@@:13])-[#1:36]>>[#7:1](-[#6:12](-[#6@@:13])(-[#1:36])-[#1])(-[#1])-[#1]	Any
EVODEX.2-Dm489_0	Any	[#8:11]=[#6:12](-[#6@@:13])-[#1:36]>>[#6](-[#6])(-[#6]=[#8])=[#8:11].[#7](-[#6:12](-[#6@@:13])(-[#1:36])-[#1])(-[#1])-[#1]	Any;Any
EVODEX.2-Dm490_0	Any;Any	[#6:7]-[#6:8](-[#7](-[#1])-[#1])(-[#1:32])-[#1].[#6]-[#6](=[#8:19])-[#6]=[#8]>>[#6:7]-[#6:8](=[#8:19])-[#1:32]	Any
EVODEX.2-Dm492_0	Any;Any	[#6:22]-[#6@:23](-[#7](-[#1])-[#1])(-[#6@@:25])-[#1].[#6]-[#6](=[#8:40])-[#6]=[#8]>>[#6:22]-[#6:23](=[#8:40])-[#6@@:25]	Any
EVODEX.2-Dm493_0	Any	[#6:22]-[#6:23](=[#8:24])-[#6@@:25]>>[#6:22]-[#6@:23](-[#7](-[#1])-[#1])(-[#6@@:25])-[#1].[#8:24]=[#6](-[#6])-[#6]=[#8]	Any;Any
EVODEX.2-Dm495_0	Any	[#7:7](-[#6:8](-[#6:9])(-[#1:22])-[#1])(-[#1])-[#1]>>[#6]-[#6](-[#6]=[#8])(-[#7:7](-[#1])-[#1])-[#1].[#8]=[#6:8](-[#6:9])-[#1:22]	Any;Any
EVODEX.2-Dm518_0	Any;Any	[#6]-[#8]-[#15:16](=[#8:17])(-[#8:18])-[#8:19].[#6:32]-[#8:33]-[#1]>>[#15:16](=[#8:17])(-[#8:18])(-[#8:19])-[#8:33]-[#6:32]	Any
EVODEX.2-Dm564_0	Any	[#6:47]-[#16:48]-[#6:49](=[#8:50])-[#6:51]>>[#6:49](=[#8:50])(-[#6:51])-[#8]-[#1].[#6:47]-[#16:48]-[#6](-[#6])=[#8]	Any;Any
EVODEX.2-Dm568_0	Any;Any	[#6:47]-[#16:48]-[#6](=[#8])-[#6].[#8:56]=[#6:57](-[#8]-[#1])-[#6:59]>>[#6:47]-[#16:48]-[#6:57](=[#8:56])-[#6:59]	Any
EVODEX.2-Dm593_0	Any;Any	[#6:8]-[#6:9](-[#8]-[#6]=[#8])(-[#1:32])-[#1:33].[#8:14](-[#1])-[#1]>>[#6:8]-[#6:9](-[#8:14]-[#1])(-[#1:32])-[#1:33]	Any
EVODEX.2-Dm610_0	Any	[#6:17]-[#6:18](=[#8:19])-[#7](-[#6]1:[#6]:[#6]:[#6]2:[#6]:[#6]:[#6]:[#6]:[#6]:2:[#6]:1)-[#1]>>[#6:17]-[#6:18](=[#8:19])-[#8]-[#1]	Any
EVODEX.2-Dm621_0	Any;Any	[#6:3](-[#6@@:2])(=[#8:4])-[#7:5](-[#6:6]1:[#6:7]:[#6:8]:[#6:9](-[#7&+:10]=[#8:11]):[#6:13](-[#6:14]=[#8:15]):[#6:17]:1)-[#1].[#8:24](-[#1])-[#1]>>[#6:3](-[#6@@:2])(=[#8:4])-[#8:24]-[#1].[#7:5](-[#6:6]1:[#6:7]:[#6:8]:[#6:9](-[#7&+:10]=[#8:11]):[#6:13](-[#6:14]=[#8:15]):[#6:17]:1)(-[#1])-[#1]	Any;Any
EVODEX.2-Dm622_0	Any;Any	[#6:3](-[#6@@:2])(=[#8:4])-[#7](-[#6]1:[#6]:[#6]:[#6](-[#7&+]=[#8]):[#6](-[#6]=[#8]):[#6]:1)-[#1].[#8:24](-[#1])-[#1]>>[#6:3](-[#6@@:2])(=[#8:4])-[#8:24]-[#1]	Any
EVODEX.2-Dm665_0	Any;Any	[#8:1](-[#1])-[#1].[#8](-[#6@:34](-[#6@:31])(-[#6@:47])-[#1:100])-[#6@]>>[#8:1](-[#6@:34](-[#6@@:31])(-[#6@:47])-[#1:100])-[#1]	Any
EVODEX.2-Dm688_0	Any;Any	[#6:6](-[#6@:4])(=[#8:7])-[#7:8](-[#6:9]1:[#6:10]:[#6:11]:[#6:12]2:[#6:13]:[#6:14]:[#6:15]:[#6:16]:[#6:17]:2:[#6:18]:1)-[#1].[#8:19](-[#1])-[#1]>>[#6:6](-[#6@:4])(=[#8:7])-[#8:19]-[#1].[#7:8](-[#6:9]1:[#6:10]:[#6:11]:[#6:12]2:[#6:13]:[#6:14]:[#6:15]:[#6:16]:[#6:17]:2:[#6:18]:1)(-[#1])-[#1]	Any;Any
EVODEX.2-Dm693_0	Any	[#6:10](-[#6@@:2])(=[#8:11])-[#7:12](-[#6:13]1:[#6:14]:[#6:15]:[#6:16]2:[#6:17]:[#6:18]:[#6:19]:[#6:20]:[#6:21]:2:[#6:22]:1)-[#1]>>[#7:12](-[#6:13]1:[#6:14]:[#6:15]:[#6:16]2:[#6:17]:[#6:18]:[#6:19]:[#6:20]:[#6:21]:2:[#6:22]:1)(-[#1])-[#1].[#6:10](-[#6@@:2])(=[#8:11])-[#8]-[#1]	Any;Any
EVODEX.2-Dm701_0	Any;Any	[#6:8](-[#6@@:2])(=[#8:9])-[#7](-[#6]1:[#6]:[#6]:[#6]2:[#6]:[#6]:[#6]:[#6]:[#6]:2:[#6]:1)-[#1].[#8:21](-[#1])-[#1]>>[#6:8](-[#6@@:2])(=[#8:9])-[#8:21]-[#1]	Any
EVODEX.2-Dm702_0	Any	[#6](-[#6@])(=[#8])-[#7:12](-[#6:13])-[#6@:16]>>[#7:12](-[#6:13])(-[#6@:16])-[#1]	Any
EVODEX.2-Dm730_0	Any;Any	[#6:16]1:[#6:17]:[#6:18]:[#6:19](-[#6:20](=[#8:21])-[#7:22](-[#6@@:23])-[#1]):[#6:32]:[#6:33]:1.[#8:34](-[#1])-[#1]>>[#6:16]1:[#6:17]:[#6:18]:[#6:19](-[#6:20](=[#8:21])-[#8:34]-[#1]):[#6:32]:[#6:33]:1.[#7:22](-[#6@@:23])(-[#1])-[#1]	Any;Any
EVODEX.2-Dm731_0	Any	[#6:17]1:[#6:18]:[#6:19]:[#6:20](-[#6:21](=[#8:22])-[#7:23](-[#6@@:24])-[#1]):[#6:33]:[#6:34]:1>>[#6:17]1:[#6:18]:[#6:19]:[#6:20](-[#6:21](=[#8:22])-[#8]-[#1]):[#6:33]:[#6:34]:1.[#7:23](-[#6@@:24])(-[#1])-[#1]	Any;Any
EVODEX.2-Dm732_0	Any	[#7:8](-[#6@:7])(-[#6](=[#8])-[#8])-[#1]>>[#7:8](-[#6@:7])(-[#1])-[#1]	Any
EVODEX.2-Dm734_0	Any	[#6:33](-[#6@@:25])(=[#8:34])-[#7](-[#6]1:[#6]:[#6]:[#6](-[#7&+]=[#8]):[#6](-[#6]=[#8]):[#6]:1)-[#1]>>[#6:33](-[#6@@:25])(=[#8:34])-[#8]-[#1]	Any
EVODEX.2-Dm844_0	Any	[#6:3](-[#6@:2])(=[#8:4])-[#1:25]>>[#8:4](-[#6@:3](-[#6@:2])(-[#6@@](-[#6]=[#8])(-[#8])-[#1])-[#1:25])-[#1]	Any
EVODEX.2-Dm847_0	Any	[#8]=[#6]-[#6](-[#8])(-[#6:7](-[#8:8]-[#1])(-[#6@:9])-[#1:29])-[#1]>>[#6:7](=[#8:8])(-[#6@:9])-[#1:29]	Any
EVODEX.2-Dm866_0	Any	[#6:5]-[#6@@:6](-[#7:7])(-[#6:8]=[#8:9])-[#1:21]>>[#6:5]-[#6@:6](-[#7:7])(-[#6:8]=[#8:9])-[#1:21]	Any
EVODEX.2-Dm873_0	Any;Any	[#6:1]-[#6:2](=[#8:3])-[#16:4]-[#6:5].[#8:75]=[#15:76]-[#8:77]-[#1]>>[#6:1]-[#6:2](=[#8:3])-[#8]-[#1].[#8]-[#15](=[#8])(-[#8])-[#8:77]-[#15:76]=[#8:75].[#16:4](-[#6:5])-[#1]	Any;Any;Any
EVODEX.2-Dm874_0	Any;Any	[#6:1]-[#6:2](=[#8:3])-[#16]-[#6].[#8]-[#15](=[#8])(-[#8:69]-[#1])-[#8]>>[#6:1]-[#6:2](=[#8:3])-[#8:69]-[#1]	Any
EVODEX.2-Dm875_0	Any;Any	[#8:68]-[#15:69](=[#8:70])(-[#8:71]-[#1])-[#8:72].[#8:74]=[#15:75]-[#8:76]-[#1]>>[#6]-[#6](=[#8])-[#8:71]-[#1].[#8:68]-[#15:69](=[#8:70])(-[#8:72])-[#8:76]-[#15:75]=[#8:74]	Any;Any
EVODEX.2-Dm880_0	Any;Any	[#6:5]-[#6:6](=[#8:7])-[#16:8]-[#6:9].[#8]-[#15](=[#8])(-[#8:73]-[#1])-[#8]>>[#6:5]-[#6:6](=[#8:7])-[#8:73]-[#1].[#16:8](-[#6:9])-[#1]	Any;Any
EVODEX.2-Dm34_0	Any;Any	[#8:11]=[#8:12].[#8:1]=[#6:2]-[#6@:3](-[#8:4]-[#1])(-[#6@@:5])-[#1]>>[#8:1]=[#6:2]-[#6:3](=[#8:4])-[#6@@:5].[#8:11](-[#8:12]-[#1])-[#1]	Any;Any
EVODEX.2-Dm413_0	Any	[#8:1]=[#6:2]-[#8:3]-[#1]>>[#8:1]=[#6:2]-[#8:3]-[#6@](-[#8])(-[#6@])-[#1]	Any
EVODEX.2-Dm423_0	Any	[#8:9]-[#6@:10](-[#8:11]-[#6@@](-[#8])(-[#6@])-[#1])(-[#6@:23])-[#1:36]>>[#8:9]-[#6:10](-[#8:11]-[#1])(-[#6@:23])-[#1:36]	Any
EVODEX.2-Dm586_0	Any;Any	[#15:2](=[#8:3])-[#8:5]-[#6:6]1:[#6:7]:[#6:8]:[#6:9](-[#7&+:10]=[#8:11]):[#6:13]:[#6:14]:1.[#8:15](-[#1])-[#1]>>[#15:2](=[#8:3])-[#8:5]-[#1].[#6:6]1(-[#8:15]-[#1]):[#6:7]:[#6:8]:[#6:9](-[#7&+:10]=[#8:11]):[#6:13]:[#6:14]:1	Any;Any
EVODEX.2-Dm587_0	Any	[#15:2](=[#8:3])-[#8:5]-[#6]1:[#6]:[#6]:[#6](-[#7&+]=[#8]):[#6]:[#6]:1>>[#15:2](=[#8:3])-[#8:5]-[#1]	Any
EVODEX.2-Dm876_0	Any;Any	[#6:2]-[#6:3](=[#8:4])-[#16]-[#6].[#8:76]=[#15:77]-[#8:78]-[#1]>>[#6:2]-[#6:3](=[#8:4])-[#8]-[#1].[#8]-[#15](=[#8])(-[#8])-[#8:78]-[#15:77]=[#8:76]	Any;Any
EVODEX.2-Dm882_0	Any;Any	[#6:1]-[#6:2](=[#8:3])-[#8:4]-[#1].[#8:67]-[#15:68](=[#8:69])(-[#8:70])-[#8]-[#15]=[#8]>>[#6:1]-[#6:2](=[#8:3])-[#16]-[#6].[#8:4](-[#15:68](-[#8:67])(=[#8:69])-[#8:70])-[#1]	Any;Any
EVODEX.2-Dm21_0	Any;Any	[#6:2](=[#8:3])-[#6:4]1=[#6:5](-[#7:6](-[#6@@:7])-[#6:42](=[#6:43](-[#6:44]-1(-[#1:83])-[#1])-[#1:82])-[#1:81])-[#1:58].[#6:50]-[#6:51](=[#8:52])-[#6:53]=[#8:54]>>[#6:2](=[#8:3])-[#6:4]1:[#6:5](:[#7&+:6](-[#6@@:7]):[#6:42](:[#6:43](:[#6:44]:1-[#1:83])-[#1:82])-[#1:81])-[#1:58].[#6:50]-[#6:51](-[#8:52]-[#1])(-[#6:53]=[#8:54])-[#1]	Any;Any
EVODEX.2-Dm23_0	Any;Any	[#6:1]-[#6:2](=[#8:3])-[#6:4]=[#6:5].[#6:14](=[#8:15])-[#6:16]1=[#6:17](-[#7:18](-[#6@@:19])-[#6:58](=[#6:59](-[#6:60]-1(-[#1:101])-[#1])-[#1:100])-[#1:99])-[#1:75]>>[#6:1]-[#6:2](-[#8:3]-[#1])(-[#6:4]=[#6:5])-[#1].[#6:14](=[#8:15])-[#6:16]1:[#6:17](:[#7&+:18](-[#6@@:19]):[#6:58](:[#6:59](:[#6:60]:1-[#1:101])-[#1:100])-[#1:99])-[#1:75]	Any;Any
EVODEX.2-Dm53_0	Any	[#6:15]-[#6:16](-[#6:17])(-[#1:36])-[#1]>>[#6:15]-[#6:16](-[#6:17])(-[#8]-[#1])-[#1:36]	Any
EVODEX.2-Dm588_0	Any	[#15:2](=[#8:3])-[#8:5]-[#6:6]1:[#6:7]:[#6:8]:[#6:9](-[#7&+:10]=[#8:11]):[#6:13]:[#6:14]:1>>[#15:2](=[#8:3])-[#8:5]-[#1].[#6:6]1(-[#8]-[#1]):[#6:7]:[#6:8]:[#6:9](-[#7&+:10]=[#8:11]):[#6:13]:[#6:14]:1	Any;Any
EVODEX.2-Dm606_0	Any	[#6:2]-[#6:3](-[#6:4])(-[#8:8]-[#6:6]=[#8:7])-[#1:15]>>([#6:2]-[#6:3](-[#6:4])(-[#8]-[#1])-[#1:15].[#6:6](=[#8:7])-[#8:8]-[#1])	Any
EVODEX.2-Dm607_0	Any;Any	[#6:7]-[#6:8](-[#6:9])(-[#8:13]-[#6:11]=[#8:12])-[#1:30].[#8:14](-[#1])-[#1]>>([#6:7]-[#6:8](-[#6:9])(-[#8:14]-[#1])-[#1:30].[#6:11](=[#8:12])-[#8:13]-[#1])	Any
EVODEX.2-Dm877_0	Any;Any	[#6:5]-[#6:6](=[#8:7])-[#16:8]-[#6:9].[#8:70]-[#15:71](=[#8:72])(-[#8:73]-[#1])-[#8:74]>>[#6:5]-[#6:6](=[#8:7])-[#8:73]-[#1].[#8:70]-[#15:71](=[#8:72])(-[#8:74])-[#8]-[#15]=[#8].[#16:8](-[#6:9])-[#1]	Any;Any;Any
EVODEX.2-Dm878_0	Any;Any	[#6:6]-[#6:7](=[#8:8])-[#16]-[#6].[#8:71]-[#15:72](=[#8:73])(-[#8:74]-[#1])-[#8:75]>>[#6:6]-[#6:7](=[#8:8])-[#8:74]-[#1].[#8:71]-[#15:72](=[#8:73])(-[#8:75])-[#8]-[#15]=[#8]	Any;Any
EVODEX.2-Dm890_0	Any;Any	[#6]-[#6](=[#8])-[#8:4]-[#1].[#8:71]-[#15:72](=[#8:73])(-[#8:74])-[#8]-[#15]=[#8]>>[#8:4](-[#15:72](-[#8:71])(=[#8:73])-[#8:74])-[#1]	Any
EVODEX.2-Dm895_0	Any;Any;Any	[#8:29]-[#15:30](=[#8:31])(-[#8:32])-[#8]-[#15]=[#8].[#7:1](-[#6@@:2])(-[#1])-[#1].[#6:46]-[#6:52](=[#8:53])-[#8:54]-[#1]>>[#8:29]-[#15:30](=[#8:31])(-[#8:32])-[#8:54]-[#1].[#7:1](-[#6@@:2])(-[#6:52](-[#6:46])=[#8:53])-[#1]	Any;Any
EVODEX.2-Dm185_0	Any;Any	[#6:5]/[#6:6](=[#6:7](/[#6:8]=[#8:9])-[#1:77])-[#1:76].[#6:18](=[#8:19])-[#6:20]1=[#6:21](-[#7:22](-[#6@@:23])-[#6:62](=[#6:63](-[#6:64]-1(-[#1:114])-[#1])-[#1:113])-[#1:112])-[#1:88]>>[#6:5]-[#6:6](-[#6:7](-[#6:8]=[#8:9])(-[#1:77])-[#1])(-[#1:76])-[#1].[#6:18](=[#8:19])-[#6:20]1:[#6:21](:[#7&+:22](-[#6@@:23]):[#6:62](:[#6:63](:[#6:64]:1-[#1:114])-[#1:113])-[#1:112])-[#1:88]	Any;Any
EVODEX.2-Dm72_0	Any;Any	[#8:17]-[#15:18](=[#8:19])(-[#8:20])-[#8]-[#15]=[#8].[#8:31]=[#6:32]-[#8:33]-[#1]>>[#8:17]-[#15:18](=[#8:19])(-[#8:20])-[#8:33]-[#6:32]=[#8:31]	Any
EVODEX.2-Dm300_0	Any	[#6:2]=[#6:4](-[#6:5])-[#1]>>[#6:2]=[#6:4](-[#6:5])-[#6](-[#1])(-[#1])-[#1]	Any
EVODEX.2-Dm425_0	Any;Any	[#8](-[#6@@])-[#6@@:9](-[#8:10])(-[#6@:18])-[#1:87].[#8:79](-[#6@@:78])-[#1]>>[#8:79](-[#6@@:9](-[#8:10])(-[#6@:18])-[#1:87])-[#6@@:78]	Any
EVODEX.2-Dm2_0	Any;Any	[#6:2](=[#8:3])-[#6:4]1:[#6:5](:[#6:6](:[#6:7](:[#7&+:8](-[#6@@:9]):[#6:44]:1-[#1:84])-[#1:61])-[#1:60])-[#1:59].[#6:55](-[#6@:53])(-[#8:56]-[#1])(-[#1:92])-[#1]>>[#6:2](=[#8:3])-[#6:4]1=[#6:44](-[#7:8](-[#6@@:9])-[#6:7](=[#6:6](-[#6:5]-1(-[#1:59])-[#1])-[#1:60])-[#1:61])-[#1:84].[#6:55](-[#6@:53])(=[#8:56])-[#1:92]	Any;Any
EVODEX.2-Dm3_0	Any	[#6:1]-[#6:2](=[#8:3])-[#6:4]1:[#6:5]:[#6:6]:[#6:7]:[#6:8]:[#6:9]:1>>[#6:1]-[#6:2](-[#8:3]-[#1])(-[#6:4]1:[#6:5]:[#6:6]:[#6:7]:[#6:8]:[#6:9]:1)-[#1]	Any
EVODEX.2-Dm4_0	Any	[#8:2]-[#6:3]1=[#6:4](-[#8:5])-[#6:7](=[#8:8])-[#6:9](-[#6:10])=[#6:15](-[#6:16])-[#6:17]-1=[#8:18]>>[#8:2]-[#6:3]1:[#6:4](-[#8:5]):[#6:7](-[#8:8]-[#1]):[#6:9](-[#6:10]):[#6:15](-[#6:16]):[#6:17]:1-[#8:18]-[#1]	Any
EVODEX.2-Dm5_0	Any	[#6:7]-[#6:8](=[#8:9])-[#8:10]-[#6:11]1:[#6:12]:[#6:13]:[#6:14](-[#7&+:15]=[#8:16]):[#6:18]:[#6:19]:1>>[#6:7]-[#6:8](=[#8:9])-[#8]-[#1].[#8:10](-[#6:11]1:[#6:12]:[#6:13]:[#6:14](-[#7&+:15]=[#8:16]):[#6:18]:[#6:19]:1)-[#1]	Any;Any
EVODEX.2-Dm6_0	Any	[#8:48]-[#6:49](-[#8:50]-[#1])(-[#6@@:51])-[#1]>>[#8:48]-[#6:49](=[#8:50])-[#6@@:51]	Any
EVODEX.2-Dm9_0	Any;Any	[#6:2](=[#8:3])-[#6:4]1:[#6:5](:[#6:6](:[#6:7](:[#7&+:8](-[#6@@:9]):[#6:48]:1-[#1:87])-[#1:63])-[#1:62])-[#1:61].[#8:52]-[#6:53](-[#8:54]-[#1])(-[#6@@:55])-[#1]>>[#6:2](=[#8:3])-[#6:4]1=[#6:48](-[#7:8](-[#6@@:9])-[#6:7](=[#6:6](-[#6:5]-1(-[#1:61])-[#1])-[#1:62])-[#1:63])-[#1:87].[#8:52]-[#6:53](=[#8:54])-[#6@@:55]	Any;Any
EVODEX.2-Dm10_0	Any;Any	[#6:2](=[#8:3])-[#6:4]1:[#6:5](:[#6:6](:[#6:7](:[#7&+:8](-[#6@@:9]):[#6:48]:1-[#1:89])-[#1:65])-[#1:64])-[#1:63].([#8:49]=[#6:50](-[#6@@:51])-[#1].[#8:58](-[#6@@:57])-[#1])>>[#6:2](=[#8:3])-[#6:4]1=[#6:48](-[#7:8](-[#6@@:9])-[#6:7](=[#6:6](-[#6:5]-1(-[#1:63])-[#1])-[#1:64])-[#1:65])-[#1:89].[#8:49]=[#6:50](-[#6@@:51])-[#8:58]-[#6@:57]	Any;Any
EVODEX.2-Dm11_0	Any	[#7&+:31]1(-[#6@@:30]):[#6:32](:[#6:33](:[#6:34](:[#6:35](-[#6:36]=[#8:38]):[#6:39]:1-[#1:88])-[#1:85])-[#1:84])-[#1:83]>>[#7:31]1(-[#6@@:30])-[#6:32](=[#6:33](-[#6:34](-[#6:35](-[#6:36]=[#8:38])=[#6:39]-1-[#1:88])(-[#1:85])-[#1])-[#1:84])-[#1:83]	Any
EVODEX.2-Dm12_0	Any;Any	[#6:2](=[#8:3])-[#6:4]1=[#6:5](-[#7:6](-[#6@@:7])-[#6:42](=[#6:43](-[#6:44]-1(-[#1:82])-[#1])-[#1:81])-[#1:80])-[#1:57].[#6:49]-[#8:50]-[#6:51](=[#8:52])-[#6@:53]>>[#6:2](=[#8:3])-[#6:4]1:[#6:5](:[#7&+:6](-[#6@@:7]):[#6:42](:[#6:43](:[#6:44]:1-[#1:82])-[#1:81])-[#1:80])-[#1:57].([#6:49]-[#8:50]-[#1].[#6:51](-[#6@@:53])(=[#8:52])-[#1])	Any;Any
EVODEX.2-Dm13_0	Any;Any;Any	[#6:41](=[#8:42])-[#6:43]1=[#6:44](-[#7:45](-[#6@@:46])-[#6:81](=[#6:82](-[#6:83]-1(-[#1:155])-[#1])-[#1:154])-[#1:153])-[#1:130].[#6:85](=[#8:86])-[#6:87]1=[#6:88](-[#7:89](-[#6@@:90])-[#6:125](=[#6:126](-[#6:127]-1(-[#1:184])-[#1])-[#1:183])-[#1:182])-[#1:159].[#6:28](-[#6@:27])(=[#8])-[#8:30]>>[#6:41](=[#8:42])-[#6:43]1:[#6:44](:[#7&+:45](-[#6@@:46]):[#6:81](:[#6:82](:[#6:83]:1-[#1:155])-[#1:154])-[#1:153])-[#1:130].[#6:85](=[#8:86])-[#6:87]1:[#6:88](:[#7&+:89](-[#6@@:90]):[#6:125](:[#6:126](:[#6:127]:1-[#1:184])-[#1:183])-[#1:182])-[#1:159].[#6:28](-[#6@:27])(-[#8:30])(-[#1])-[#1]	Any;Any;Any
EVODEX.2-Dm14_0	Any	[#6:6]-[#6@:7](-[#8:8]-[#1])(-[#6:9]=[#6:10])-[#1]>>[#6:6]-[#6:7](=[#8:8])-[#6:9]=[#6:10]	Any
EVODEX.2-Dm16_0	Any;Any	[#6:13](-[#6@@:12])(=[#8:14])-[#6:15].[#6:28](=[#8:29])-[#6:30]1=[#6:31](-[#7:32](-[#6@@:33])-[#6:68](=[#6:69](-[#6:70]-1(-[#1:126])-[#1])-[#1:125])-[#1:124])-[#1:101]>>[#8:14](-[#6@:13](-[#6@@:12])(-[#6:15])-[#1])-[#1].[#6:28](=[#8:29])-[#6:30]1:[#6:31](:[#7&+:32](-[#6@@:33]):[#6:68](:[#6:69](:[#6:70]:1-[#1:126])-[#1:125])-[#1:124])-[#1:101]	Any;Any
EVODEX.2-Dm18_0	Any	[#8:20](-[#6@@:19](-[#6@@:18])(-[#6:21])-[#1])-[#1]>>[#6:19](-[#6@@:18])(=[#8:20])-[#6:21]	Any
EVODEX.2-Dm19_0	Any	[#8:45](-[#6:46](-[#6:47])(-[#1:82])-[#1])-[#1]>>[#8:45]=[#6:46](-[#6:47])-[#1:82]	Any
EVODEX.2-Dm20_0	Any;Any	[#8:31](-[#6@@:30](-[#6@:28])(-[#6:32])-[#1])-[#1].[#8:1]=[#6:2]1-[#6:3](=[#6:4](-[#6:5](=[#7:6]-[#6:7]2:[#6:8]:[#6:9]:[#6:11]:[#6:13]:[#6:15]:2)-[#6:16](=[#6:17]-1-[#1:55])-[#1:54])-[#1:50])-[#1:49]>>[#6:30](-[#6@:28])(=[#8:31])-[#6:32].[#8:1](-[#6:2]1:[#6:3](:[#6:4](:[#6:5](-[#7:6](-[#6:7]2:[#6:8]:[#6:9]:[#6:11]:[#6:13]:[#6:15]:2)-[#1]):[#6:16](:[#6:17]:1-[#1:55])-[#1:54])-[#1:50])-[#1:49])-[#1]	Any;Any
EVODEX.2-Dm22_0	Any;Any	[#6:2](=[#8:3])-[#6:4]1=[#6:5](-[#7:6](-[#6@@:7])-[#6:46](=[#6:47](-[#6:48]-1(-[#1:87])-[#1])-[#1:86])-[#1:85])-[#1:61].[#8:49]=[#6:50](-[#6:51])-[#6:53]1:[#6:54]:[#6:55]:[#6:56]:[#6:57]:[#6:58]:1>>[#6:2](=[#8:3])-[#6:4]1:[#6:5](:[#7&+:6](-[#6@@:7]):[#6:46](:[#6:47](:[#6:48]:1-[#1:87])-[#1:86])-[#1:85])-[#1:61].[#8:49](-[#6@:50](-[#6:51])(-[#6:53]1:[#6:54]:[#6:55]:[#6:56]:[#6:57]:[#6:58]:1)-[#1])-[#1]	Any;Any
EVODEX.2-Dm24_0	Any	[#6:9]-[#6:10](=[#8:11])-[#8:12]>>[#6:9]-[#6:10](-[#8:12])(-[#1])-[#1].[#8:11](-[#1])-[#1]	Any;Any
EVODEX.2-Dm25_0	Any;Any	[#6:27]-[#6:28](-[#8:29])(-[#1])-[#1].[#8:118](-[#1])-[#1]>>[#6:27]-[#6:28](-[#8:29])=[#8:118]	Any
EVODEX.2-Dm26_0	Any;Any	[#6:13]-[#6:14](=[#8:15])-[#8:16].[#6:62](=[#8:63])-[#6:64]1=[#6:65](-[#7:66](-[#6@@:67])-[#6:102](=[#6:103](-[#6:104]-1(-[#1:189])-[#1])-[#1:188])-[#1:187])-[#1:164]>>[#6:13]-[#6:14](-[#8:16])(-[#1])-[#1].[#6:62](=[#8:63])-[#6:64]1:[#6:65](:[#7&+:66](-[#6@@:67]):[#6:102](:[#6:103](:[#6:104]:1-[#1:189])-[#1:188])-[#1:187])-[#1:164].[#8:15](-[#1])-[#1]	Any;Any;Any
EVODEX.2-Dm27_0	Any	[#6:1]-[#6:2](=[#8:3])-[#16:4]-[#6:5]>>[#6:1]-[#6:2](=[#8:3])-[#1].[#16:4](-[#6:5])-[#1]	Any;Any
EVODEX.2-Dm28_0	Any;Any	[#6:2](=[#8:3])-[#6:4]1:[#6:5](:[#6:6](:[#6:7](:[#7&+:8](-[#6@@:9]):[#6:44]:1-[#1:85])-[#1:62])-[#1:61])-[#1:60].[#6:48]-[#6:49](-[#6:50](=[#8:51])-[#8:52]-[#1])(-[#6:53](-[#8:54]-[#1])(-[#6:55]=[#8:56])-[#1])-[#1:89]>>[#6:50](=[#8:51])=[#8:52].[#6:2](=[#8:3])-[#6:4]1=[#6:44](-[#7:8](-[#6@@:9])-[#6:7](=[#6:6](-[#6:5]-1(-[#1:60])-[#1])-[#1:61])-[#1:62])-[#1:85].[#6:48]-[#6:49](-[#6:53](=[#8:54])-[#6:55]=[#8:56])(-[#1:89])-[#1]	Any;Any;Any
EVODEX.2-Dm29_0	Any;Any	[#6:2](=[#8:3])-[#6:4]1:[#6:5](:[#6:6](:[#6:7](:[#7&+:8](-[#6@@:9]):[#6:44]:1-[#1:86])-[#1:63])-[#1:62])-[#1:61].[#6:49]-[#6@:50](-[#6](=[#8])-[#8])(-[#6@@:54](-[#8:55]-[#1])(-[#6:56]=[#8:57])-[#1])-[#1:92]>>[#6:2](=[#8:3])-[#6:4]1=[#6:44](-[#7:8](-[#6@@:9])-[#6:7](=[#6:6](-[#6:5]-1(-[#1:61])-[#1])-[#1:62])-[#1:63])-[#1:86].[#6:49]-[#6:50](-[#6:54](=[#8:55])-[#6:56]=[#8:57])(-[#1:92])-[#1]	Any;Any
EVODEX.2-Dm30_0	Any	[#6]-[#16]-[#6:49](=[#8:50])-[#6:51]>>[#6:49](-[#8:50]-[#1])(-[#6:51])(-[#1])-[#1]	Any
EVODEX.2-Dm31_0	Any;Any;Any	[#6:52]-[#6:53](-[#8:54]-[#1])(-[#1])-[#1].[#6:108](=[#8:109])-[#6:110]1:[#6:111](:[#6:112](:[#6:113](:[#7&+:114](-[#6@@:115]):[#6:154]:1-[#1:231])-[#1:207])-[#1:206])-[#1:205].[#6:60](=[#8:61])-[#6:62]1:[#6:63](:[#6:64](:[#6:65](:[#7&+:66](-[#6@@:67]):[#6:106]:1-[#1:260])-[#1:236])-[#1:235])-[#1:234]>>[#6]-[#16]-[#6:53](-[#6:52])=[#8:54].[#6:108](=[#8:109])-[#6:110]1=[#6:154](-[#7:114](-[#6@@:115])-[#6:113](=[#6:112](-[#6:111]-1(-[#1:205])-[#1])-[#1:206])-[#1:207])-[#1:231].[#6:60](=[#8:61])-[#6:62]1=[#6:106](-[#7:66](-[#6@@:67])-[#6:65](=[#6:64](-[#6:63]-1(-[#1:234])-[#1])-[#1:235])-[#1:236])-[#1:260]	Any;Any;Any
EVODEX.2-Dm35_0	Any;Any	[#8:1]=[#8:2].[#6:9]-[#6@@:10](-[#8:11]-[#1])(-[#6@@:12])-[#1]>>[#8:1](-[#8:2]-[#1])-[#1].[#6:9]-[#6:10](=[#8:11])-[#6@@:12]	Any;Any
EVODEX.2-Dm36_0	Any;Any	[#6:2]-[#6:3](-[#8:4]-[#1])(-[#1:12])-[#1].[#8:5]=[#8:6]>>[#6:2]-[#6:3](=[#8:4])-[#1:12].[#8:5](-[#8:6]-[#1])-[#1]	Any;Any
EVODEX.2-Dm37_0	Any	[#6:4]-[#6@:5](-[#8:6])(-[#6](=[#8])-[#8])-[#1]>>[#6:4]-[#6:5](-[#8:6])=[#8]	Any
EVODEX.2-Dm38_0	Any;Any	[#6:6]-[#6:7](-[#8:8]-[#1])(-[#6:9]=[#8:10])-[#1].[#8:12]=[#6:13]1-[#6:14](=[#6:15](-[#6:16](=[#7:17]-[#6:18]2:[#6:19]:[#6:20]:[#6:22]:[#6:24]:[#6:26]:2)-[#6:27](=[#6:28]-1-[#1:51])-[#1:50])-[#1:46])-[#1:45]>>[#6:6]-[#6:7](=[#8:8])-[#6:9]=[#8:10].[#8:12](-[#6:13]1:[#6:14](:[#6:15](:[#6:16](-[#7:17](-[#6:18]2:[#6:19]:[#6:20]:[#6:22]:[#6:24]:[#6:26]:2)-[#1]):[#6:27](:[#6:28]:1-[#1:51])-[#1:50])-[#1:46])-[#1:45])-[#1]	Any;Any
EVODEX.2-Dm39_0	Any;Any	[#8:1]=[#8:2].[#6:16](-[#6@:15])(-[#8:17])(-[#1])-[#1]>>[#8:1]=[#6:16](-[#6@:15])-[#8:17].[#8:2](-[#1])-[#1]	Any;Any
EVODEX.2-Dm40_0	Any;Any	[#8:1]=[#8].[#6:15](-[#6@:14])(-[#8:16])(-[#1])-[#1]>>[#8:1]=[#6:15](-[#6@:14])-[#8:16]	Any
EVODEX.2-Dm41_0	Any	[#6:15](-[#6@@:14])(-[#8:16])(-[#1])-[#1]>>[#6:15](-[#6@@:14])(-[#8:16])=[#8]	Any
EVODEX.2-Dm42_0	Any	[#6:1](-[#6:2])(-[#1:12])(-[#1])-[#1]>>[#6:1](-[#6:2])(=[#8])-[#1:12]	Any
EVODEX.2-Dm43_0	Any;Any	[#6:19]-[#6@@:20](-[#8:21]-[#1])(-[#6:22]=[#8:23])-[#1].[#8:2]-[#6:3]1=[#6:4](-[#8:5])-[#6:7](=[#8:8])-[#6:9](-[#6:10])=[#6:15](-[#6:16])-[#6:17]-1=[#8:18]>>[#6:19]-[#6:20](=[#8:21])-[#6:22]=[#8:23].[#8:2]-[#6:3]1:[#6:4](-[#8:5]):[#6:7](-[#8:8]-[#1]):[#6:9](-[#6:10]):[#6:15](-[#6:16]):[#6:17]:1-[#8:18]-[#1]	Any;Any
EVODEX.2-Dm44_0	Any;Any	[#8:2]-[#6:3]1=[#6:4](-[#8:5])-[#6:7](=[#8:8])-[#6:9](-[#6:10])=[#6:60](-[#6:61])-[#6:62]-1=[#8:63].[#8:73](-[#6@@:72](-[#6@:70])(-[#6:74])-[#1])-[#1]>>[#8:2]-[#6:3]1:[#6:4](-[#8:5]):[#6:7](-[#8:8]-[#1]):[#6:9](-[#6:10]):[#6:60](-[#6:61]):[#6:62]:1-[#8:63]-[#1].[#6:72](-[#6@:70])(=[#8:73])-[#6:74]	Any;Any
EVODEX.2-Dm45_0	Any;Any	[#8:8](-[#6@@:7](-[#6@@:5])(-[#6@:9])-[#1])-[#1].[#8:13]=[#6:14]-[#6:16]1:[#6:17]:[#6:18](-[#6:19]=[#8:20]):[#6:22]2:[#6:23](:[#7:24]:1)-[#6:25](=[#8:26])-[#6:27](=[#8:28])-[#6:29]1:[#6:30]:[#6:31](-[#6:32]=[#8:33]):[#7:35]:[#6:36]:1-2>>[#6:7](-[#6@@:5])(=[#8:8])-[#6@:9].[#8:13]=[#6:14]-[#6:16]1:[#6:17]:[#6:18](-[#6:19]=[#8:20]):[#6:22]2:[#6:23](:[#7:24]:1):[#6:25](-[#8:26]-[#1]):[#6:27](-[#8:28]-[#1]):[#6:29]1:[#6:30]:[#6:31](-[#6:32]=[#8:33]):[#7:35]:[#6:36]:2:1	Any;Any
EVODEX.2-Dm46_0	Any;Any	[#8:2]-[#6:3]1=[#6:4](-[#8:5])-[#6:7](=[#8:8])-[#6:9](-[#6:10])=[#6:60](-[#6:61])-[#6:62]-1=[#8:63].[#8:72]-[#6:73](-[#8:74]-[#1])(-[#6@@:75])-[#1]>>[#8:2]-[#6:3]1:[#6:4](-[#8:5]):[#6:7](-[#8:8]-[#1]):[#6:9](-[#6:10]):[#6:60](-[#6:61]):[#6:62]:1-[#8:63]-[#1].[#8:72]-[#6:73](=[#8:74])-[#6@@:75]	Any;Any
EVODEX.2-Dm47_0	Any;Any	[#8:1]=[#6:2]1-[#6:3](=[#6:4](-[#6:5](=[#7:6]-[#6:7]2:[#6:8]:[#6:9]:[#6:11]:[#6:13]:[#6:15]:2)-[#6:16](=[#6:17]-1-[#1:34])-[#1:33])-[#1:29])-[#1:28].[#8:18](-[#6:19](-[#8:20])(-[#6@:26])-[#1])-[#1]>>[#8:18]=[#6:19](-[#8:20])-[#6@:26].[#8:1](-[#6:2]1:[#6:3](:[#6:4](:[#6:5](-[#7:6](-[#6:7]2:[#6:8]:[#6:9]:[#6:11]:[#6:13]:[#6:15]:2)-[#1]):[#6:16](:[#6:17]:1-[#1:34])-[#1:33])-[#1:29])-[#1:28])-[#1]	Any;Any
EVODEX.2-Dm48_0	Any;Any	[#6:1]-[#6:2](-[#8:3]-[#1])(-[#1:70])-[#1].[#8:5]-[#6:6]1=[#6:7](-[#8:8])-[#6:10](=[#8:11])-[#6:12](-[#6:13])=[#6:63](-[#6:64])-[#6:65]-1=[#8:66]>>[#6:1]-[#6:2](=[#8:3])-[#1:70].[#8:5]-[#6:6]1:[#6:7](-[#8:8]):[#6:10](-[#8:11]-[#1]):[#6:12](-[#6:13]):[#6:63](-[#6:64]):[#6:65]:1-[#8:66]-[#1]	Any;Any
EVODEX.2-Dm49_0	Any	[#8](-[#6@@:25](-[#6@@:6])(-[#6@@:23])-[#1:47])-[#1]>>[#6:25](-[#6@@:6])(-[#6@@:23])(-[#1:47])-[#1]	Any
EVODEX.2-Dm50_0	Any;Any	[#8:2]-[#6:3]1:[#6:4](-[#8:5]-[#1]):[#6:6](-[#6:7]):[#6:8](-[#6:9]):[#6:19](-[#8:20]-[#1]):[#6:21]:1-[#8:22].[#6:25](=[#8:26])-[#6:27]1:[#6:28](:[#6:29](:[#6:30](:[#7&+:31](-[#6@@:32]):[#6:41]:1-[#1:84])-[#1:74])-[#1:73])-[#1:72]>>[#8:2]-[#6:3]1=[#6:21](-[#8:22])-[#6:19](=[#8:20])-[#6:8](-[#6:9])=[#6:6](-[#6:7])-[#6:4]-1=[#8:5].[#6:25](=[#8:26])-[#6:27]1=[#6:41](-[#7:31](-[#6@@:32])-[#6:30](=[#6:29](-[#6:28]-1(-[#1:72])-[#1])-[#1:73])-[#1:74])-[#1:84]	Any;Any
EVODEX.2-Dm51_0	Any;Any	[#6:7]-[#16:8]-[#6:9].[#8](-[#8:15]-[#1])-[#1]>>[#6:7]-[#16@@:8](-[#6:9])=[#8:15]	Any
EVODEX.2-Dm52_0	Any	[#6:7]-[#16:8]-[#6:9]>>[#6:7]-[#16@@:8](-[#6:9])=[#8]	Any
EVODEX.2-Dm54_0	Any;Any	[#6:24](-[#6@:22])(-[#6:25])(-[#6:26])-[#1].[#8:30](-[#8:31]-[#1])-[#1]>>[#6:24](-[#6@:22])(-[#6:25])(-[#6:26])-[#8:30]-[#1].[#8:31](-[#1])-[#1]	Any;Any
EVODEX.2-Dm55_0	Any;Any	[#6:24](-[#6@:22])(-[#6:25])(-[#6:26])-[#1].[#8:30](-[#8]-[#1])-[#1]>>[#6:24](-[#6@:22])(-[#6:25])(-[#6:26])-[#8:30]-[#1]	Any
EVODEX.2-Dm56_0	Any	[#6:1]-[#6:2](-[#6:3])(-[#6:4])-[#1]>>[#6:1]-[#6:2](-[#6:3])(-[#6:4])-[#8]-[#1]	Any
EVODEX.2-Dm57_0	Any;Any	[#6:9]-[#6:10](-[#6:11])(-[#1:40])-[#1].[#8:17](-[#8:18]-[#1])-[#1]>>[#6:9]-[#6:10](-[#6:11])(-[#8:17]-[#1])-[#1:40].[#8:18](-[#1])-[#1]	Any;Any
EVODEX.2-Dm58_0	Any;Any;Any	[#6:2]1:[#6:3](:[#6:4]:[#6:5]:[#6:6]:[#6:7]:1)-[#1].[#8:15](-[#8:16]-[#1])-[#1].[#8](-[#8:18]-[#1])-[#1]>>[#6:2]1:[#6:3](-[#8:15]-[#1]):[#6:4]:[#6:5]:[#6:6]:[#6:7]:1.[#8:16](-[#1])-[#1].[#8:18](-[#1])-[#1]	Any;Any;Any
EVODEX.2-Dm61_0	Any	[#6:25]/[#6:26](=[#6:27](\[#6:28](-[#6:29]=[#6:30])(-[#1:90])-[#1])-[#1:89])-[#1:88]>>[#6:25]-[#6:26](-[#6:27](=[#6:28](-[#6:29]=[#6:30])-[#1:90])-[#1:89])(-[#8]-[#8])-[#1:88]	Any
EVODEX.2-Dm62_0	Any;Any	[#6:12]=[#6:13]-[#6:14](/[#6:15](=[#6:16](\[#6:17])-[#1:76])-[#1:75])(-[#1:73])-[#1].[#8:49]=[#8:50]>>[#6:12]=[#6:13]/[#6:14](=[#6:15](/[#6@:16](-[#6:17])(-[#8:49]-[#8:50]-[#1])-[#1:76])-[#1:75])-[#1:73]	Any
EVODEX.2-Dm63_0	Any;Any	[#6:7]-[#6@:8](-[#7:9])(-[#6:10](=[#8:11])-[#8:12]-[#1])-[#1].[#8:13]=[#8]>>[#6:10](=[#8:11])=[#8:12].[#6:7]-[#6:8](-[#7:9])=[#8:13]	Any;Any
EVODEX.2-Dm64_0	Any;Any	[#6:7]-[#6@:8](-[#7:9])(-[#6](=[#8])-[#8])-[#1].[#8:13]=[#8:14]>>[#6:7]-[#6:8](-[#7:9])=[#8:13].[#8:14](-[#1])-[#1]	Any;Any
EVODEX.2-Dm65_0	Any	[#6:7]-[#6@:8](-[#7:9])(-[#6:10](=[#8:11])-[#8:12]-[#1])-[#1]>>[#6:10](=[#8:11])=[#8:12].[#6:7]-[#6:8](-[#7:9])=[#8]	Any;Any
EVODEX.2-Dm66_0	Any	[#6:7]-[#6@:8](-[#7:9])(-[#6](=[#8])-[#8])-[#1]>>[#6:7]-[#6:8](-[#7:9])=[#8]	Any
EVODEX.2-Dm67_0	Any;Any	[#6:8]-[#6@:9](-[#7:10])(-[#6:11](=[#8:12])-[#8:13]-[#1])-[#1].[#8:14]=[#8:15]>>[#6:11](=[#8:12])=[#8:13].[#6:8]-[#6:9](-[#7:10])=[#8:14].[#8:15](-[#1])-[#1]	Any;Any;Any
EVODEX.2-Dm68_0	Any	[#7](-[#6@@:2](-[#6:3])(-[#6:11]=[#8:12])-[#1])(-[#1])-[#1]>>[#6:2](-[#6:3])(-[#6:11]=[#8:12])=[#8]	Any
EVODEX.2-Dm69_0	Any;Any	[#6:6]-[#6@:7](-[#7:8])(-[#6](=[#8])-[#8])-[#1].[#8:12]=[#8]>>[#6:6]-[#6:7](-[#7:8])=[#8:12]	Any
EVODEX.2-Dm70_0	Any;Any	[#8]=[#6](-[#8])-[#6:4](-[#8:5])(-[#6:6])-[#1].[#8:8]=[#8]>>[#6:4](-[#8:5])(-[#6:6])=[#8:8]	Any
EVODEX.2-Dm73_0	Any;Any	[#6:47]-[#16:48]-[#1].[#8:80]=[#6:81](-[#8]-[#1])-[#6@@:83]>>[#6:47]-[#16:48]-[#6:81](=[#8:80])-[#6@@:83]	Any
EVODEX.2-Dm75_0	Any;Any;Any	[#6:47]-[#16:48]-[#1].[#6:59]-[#6:60](=[#8:61])-[#8:62]-[#1].[#8:77]-[#15:78](=[#8:79])(-[#8:80])-[#8]-[#15]=[#8]>>[#6:47]-[#16:48]-[#6:60](-[#6:59])=[#8:61].[#8:62](-[#15:78](-[#8:77])(=[#8:79])-[#8:80])-[#1]	Any;Any
EVODEX.2-Dm77_0	Any;Any	[#6:5]-[#6:6](-[#6:7])(-[#1:34])-[#1].[#8:21]=[#8:22]>>[#6:5]-[#6@@:6](-[#6:7])(-[#8:21]-[#1])-[#1:34].[#6]-[#6](=[#8])-[#8:22]-[#1]	Any;Any
EVODEX.2-Dm86_0	Any;Any;Any	[#6:17]-[#6:18](-[#6@@:19])(-[#1:39])-[#1].[#6]-[#6](=[#8])-[#6:8](=[#8:9])-[#8:10]-[#1].[#8:31]=[#8]>>[#6:8](=[#8:9])=[#8:10].[#6:17]-[#6:18](-[#8:31]-[#1])(-[#6@@:19])-[#1:39]	Any;Any
EVODEX.2-Dm87_0	Any;Any	[#6:12]-[#6:13](-[#6@:14])(-[#1:52])-[#1].[#6:30]-[#6:31](=[#8:32])-[#6:33](=[#8:34])-[#8:35]-[#1]>>[#6:33](=[#8:34])=[#8:35].[#6:12]-[#6@:13](-[#8]-[#1])(-[#6@:14])-[#1:52].[#6:30]-[#6:31](=[#8:32])-[#8]-[#1]	Any;Any;Any
EVODEX.2-Dm88_0	Any;Any	[#6:12]-[#6:13](-[#6@:14])(-[#1:52])-[#1].[#6]-[#6](=[#8])-[#6:33](=[#8:34])-[#8:35]-[#1]>>[#6:33](=[#8:34])=[#8:35].[#6:12]-[#6@:13](-[#8]-[#1])(-[#6@:14])-[#1:52]	Any;Any
EVODEX.2-Dm89_0	Any;Any;Any	[#6:5](-[#6@:4])(-[#6@:6])(-[#1:41])-[#1].[#6:29]-[#6:30](=[#8:31])-[#6:32](=[#8:33])-[#8:34]-[#1].[#8:35]=[#8:36]>>[#6:32](=[#8:33])=[#8:34].[#6:5](-[#6@:4])(-[#8:35]-[#1])(-[#6@:6])-[#1:41].[#6:29]-[#6:30](=[#8:31])-[#8:36]-[#1]	Any;Any;Any
EVODEX.2-Dm90_0	Any;Any;Any	[#6:13]-[#6:14](-[#6@:15])(-[#1:54])-[#1].[#6:30]-[#6:31](=[#8:32])-[#6](=[#8])-[#8].[#8:36]=[#8:37]>>[#6:13]-[#6@:14](-[#8:36]-[#1])(-[#6@:15])-[#1:54].[#6:30]-[#6:31](=[#8:32])-[#8:37]-[#1]	Any;Any
EVODEX.2-Dm92_0	Any;Any;Any	[#7:113]-[#6:114](-[#6:115])(-[#1:240])-[#1].[#6:138]-[#6:139](=[#8:140])-[#6:141](=[#8:142])-[#8:143]-[#1].[#8:144]=[#8:145]>>[#6:141](=[#8:142])=[#8:143].[#7:113]-[#6:114](-[#8:144]-[#1])(-[#6:115])-[#1:240].[#6:138]-[#6:139](=[#8:140])-[#8:145]-[#1]	Any;Any;Any
EVODEX.2-Dm93_0	Any;Any	[#7:113]-[#6:114](-[#6:115])(-[#1:240])-[#1].[#8:144]=[#8:145]>>[#7:113]-[#6:114](-[#8:144]-[#1])(-[#6:115])-[#1:240].[#6]-[#6](=[#8])-[#8:145]-[#1]	Any;Any
EVODEX.2-Dm94_0	Any;Any	[#7:113]-[#6:114](-[#6:115])(-[#1:240])-[#1].[#6:138]-[#6:139](=[#8:140])-[#6:141](=[#8:142])-[#8:143]-[#1]>>[#6:141](=[#8:142])=[#8:143].[#7:113]-[#6:114](-[#8]-[#1])(-[#6:115])-[#1:240].[#6:138]-[#6:139](=[#8:140])-[#8]-[#1]	Any;Any;Any
EVODEX.2-Dm95_0	Any;Any;Any	[#7:25]-[#6:26](-[#6:27])(-[#1:227])-[#1].[#6]-[#6](=[#8])-[#6:198](=[#8:199])-[#8:200]-[#1].[#8:201]=[#8]>>[#6:198](=[#8:199])=[#8:200].[#7:25]-[#6:26](-[#8:201]-[#1])(-[#6:27])-[#1:227]	Any;Any
EVODEX.2-Dm96_0	Any;Any;Any	[#7:25]-[#6:26](-[#6:27])(-[#1:227])-[#1].[#6:195]-[#6:196](=[#8:197])-[#6](=[#8])-[#8].[#8:201]=[#8:202]>>[#7:25]-[#6:26](-[#8:201]-[#1])(-[#6:27])-[#1:227].[#6:195]-[#6:196](=[#8:197])-[#8:202]-[#1]	Any;Any
EVODEX.2-Dm97_0	Any;Any	[#6:7]-[#6:8](-[#6:9])(-[#1:43])-[#1].[#6:27]-[#6:28](=[#8:29])-[#6](=[#8])-[#8]>>[#6:7]-[#6:8](-[#8]-[#1])(-[#6:9])-[#1:43].[#6:27]-[#6:28](=[#8:29])-[#8]-[#1]	Any;Any
EVODEX.2-Dm98_0	Any;Any	[#7:141]-[#6:142](-[#6:143])(-[#1:350])-[#1].[#8:229]=[#8]>>[#7:141]-[#6:142](-[#8:229]-[#1])(-[#6:143])-[#1:350]	Any
EVODEX.2-Dm99_0	Any	[#6:116]-[#6:117](-[#16:118])(-[#1:287])-[#1]>>[#6:116]-[#6:117](-[#16:118])(-[#8]-[#1])-[#1:287]	Any
EVODEX.2-Dm100_0	Any;Any	[#6:50]-[#6:51](-[#6:52])(-[#1:184])-[#1].[#8:137]=[#8]>>[#6:50]-[#6:51](-[#8:137]-[#1])(-[#6:52])-[#1:184]	Any
EVODEX.2-Dm101_0	Any;Any	[#7:148]-[#6:149](-[#6:150])(-[#1:361])-[#1].[#6]-[#6](=[#8])-[#6:233](=[#8:234])-[#8:235]-[#1]>>[#6:233](=[#8:234])=[#8:235].[#7:148]-[#6:149](-[#8]-[#1])(-[#6:150])-[#1:361]	Any;Any
EVODEX.2-Dm102_0	Any;Any	[#7:65]-[#6:66](-[#6:67])(-[#1:213])-[#1].[#6:144]-[#6:145](=[#8:146])-[#6](=[#8])-[#8]>>[#7:65]-[#6:66](-[#8]-[#1])(-[#6:67])-[#1:213].[#6:144]-[#6:145](=[#8:146])-[#8]-[#1]	Any;Any
EVODEX.2-Dm103_0	Any	[#7:29](-[#6@@:28](-[#6@:5])(-[#6@@:30])-[#1])(-[#1])-[#1]>>[#6:28](-[#6@:5])(=[#8])-[#6@@:30].[#7:29](-[#1])(-[#1])-[#1]	Any;Any
EVODEX.2-Dm104_0	Any;Any	[#6:29](-[#6@:6])(=[#8])-[#6@@:31].[#7:1](-[#1])(-[#1])-[#1]>>[#7:1](-[#6@@:29](-[#6@@:6])(-[#6@@:31])-[#1])(-[#1])-[#1]	Any
EVODEX.2-Dm105_0	Any;Any	[#6:6](-[#6@:5])(-[#16:7])(-[#1:30])-[#1].[#8:21]=[#8]>>[#6:6](-[#6@:5])(-[#16:7])(-[#8:21]-[#1])-[#1:30]	Any
EVODEX.2-Dm106_0	Any	[#6:8]-[#6:9](-[#8:10]-[#16:11](=[#8:12])=[#8:13])(-[#1:44])-[#1]>>[#6:8]-[#6:9](=[#8])-[#1:44].[#8:10](-[#16:11](=[#8:12])=[#8:13])-[#1]	Any;Any
EVODEX.2-Dm107_0	Any;Any;Any	[#6:2](=[#8:3])-[#6:4]1=[#6:5](-[#7:6](-[#6@@:7])-[#6:42](=[#6:43](-[#6:44]-1(-[#1:90])-[#1])-[#1:89])-[#1:88])-[#1:65].[#8:45]=[#8:46].[#6:48]1:[#6:49]:[#6:50](:[#6:51]:[#6:61]:[#6:62]:1)-[#1]>>[#6:2](=[#8:3])-[#6:4]1:[#6:5](:[#7&+:6](-[#6@@:7]):[#6:42](:[#6:43](:[#6:44]:1-[#1:90])-[#1:89])-[#1:88])-[#1:65].[#8:46](-[#1])-[#1].[#8:45](-[#6:50]1:[#6:49]:[#6:48]:[#6:62]:[#6:61]:[#6:51]:1)-[#1]	Any;Any;Any
EVODEX.2-Dm108_0	Any;Any;Any	[#6:2](=[#8:3])-[#6:4]1=[#6:5](-[#7:6](-[#6@@:7])-[#6:42](=[#6:43](-[#6:44]-1(-[#1:84])-[#1])-[#1:83])-[#1:82])-[#1:59].[#8:45]=[#8].[#6:48]1:[#6:49]:[#6:50](:[#6:51]:[#6:55]:[#6:56]:1)-[#1]>>[#6:2](=[#8:3])-[#6:4]1:[#6:5](:[#7&+:6](-[#6@@:7]):[#6:42](:[#6:43](:[#6:44]:1-[#1:84])-[#1:83])-[#1:82])-[#1:59].[#8:45](-[#6:50]1:[#6:49]:[#6:48]:[#6:56]:[#6:55]:[#6:51]:1)-[#1]	Any;Any
EVODEX.2-Dm109_0	Any;Any	[#6:2](=[#8:3])-[#6:4]1=[#6:5](-[#7:6](-[#6@@:7])-[#6:42](=[#6:43](-[#6:44]-1(-[#1:84])-[#1])-[#1:83])-[#1:82])-[#1:59].[#6:48]1:[#6:49]:[#6:50](:[#6:51]:[#6:55]:[#6:56]:1)-[#1]>>[#6:2](=[#8:3])-[#6:4]1:[#6:5](:[#7&+:6](-[#6@@:7]):[#6:42](:[#6:43](:[#6:44]:1-[#1:84])-[#1:83])-[#1:82])-[#1:59].[#8](-[#6:50]1:[#6:49]:[#6:48]:[#6:56]:[#6:55]:[#6:51]:1)-[#1]	Any;Any
EVODEX.2-Dm110_0	Any;Any;Any	[#6:6]-[#6@@:7](-[#6:8])(-[#6:9](=[#8:10])-[#6:11])-[#1:72].[#6:13](=[#8:14])-[#6:15]1=[#6:16](-[#7:17](-[#6@@:18])-[#6:57](=[#6:58](-[#6:59]-1(-[#1:106])-[#1])-[#1:105])-[#1:104])-[#1:80].[#8:60]=[#8:61]>>[#6:6]-[#6@@:7](-[#6:8])(-[#8:61]-[#6:9](=[#8:10])-[#6:11])-[#1:72].[#6:13](=[#8:14])-[#6:15]1:[#6:16](:[#7&+:17](-[#6@@:18]):[#6:57](:[#6:58](:[#6:59]:1-[#1:106])-[#1:105])-[#1:104])-[#1:80].[#8:60](-[#1])-[#1]	Any;Any;Any
EVODEX.2-Dm111_0	Any	[#6:6]-[#6@@:7](-[#6:8])(-[#6:9](=[#8:10])-[#6:11])-[#1:72]>>[#6:6]-[#6@@:7](-[#6:8])(-[#8]-[#6:9](=[#8:10])-[#6:11])-[#1:72]	Any
EVODEX.2-Dm112_0	Any;Any	[#6:2]-[#6@:4](-[#6:5])(-[#6:10](-[#6:9])=[#8:11])-[#1:69].[#8:60]=[#8:61]>>[#6:2]-[#6@:4](-[#6:5])(-[#8:61]-[#6:10](-[#6:9])=[#8:11])-[#1:69].[#8:60](-[#1])-[#1]	Any;Any
EVODEX.2-Dm113_0	Any;Any;Any	[#6:9]-[#6:10](-[#6@@:4])(-[#1:71])-[#1].[#6:12](=[#8:13])-[#6:14]1=[#6:15](-[#7:16](-[#6@@:17])-[#6:52](=[#6:53](-[#6:54]-1(-[#1:100])-[#1])-[#1:99])-[#1:98])-[#1:75].[#8:55]=[#8:56]>>[#6:9]-[#6:10](-[#6@@:4])(-[#8:55]-[#1])-[#1:71].[#6:12](=[#8:13])-[#6:14]1:[#6:15](:[#7&+:16](-[#6@@:17]):[#6:52](:[#6:53](:[#6:54]:1-[#1:100])-[#1:99])-[#1:98])-[#1:75].[#8:56](-[#1])-[#1]	Any;Any;Any
EVODEX.2-Dm114_0	Any;Any	[#6:2]-[#6:7](-[#6:6](-[#6:5])(-[#1:69])-[#1:70])=[#8:8].[#8:57]=[#8:58]>>[#6:2]-[#6:7](-[#8:58]-[#6:6](-[#6:5])(-[#1:69])-[#1:70])=[#8:8].[#8:57](-[#1])-[#1]	Any;Any
EVODEX.2-Dm115_0	Any;Any	[#6:2](=[#8:3])-[#6:4]1=[#6:5](-[#7:6](-[#6@@:7])-[#6:46](=[#6:47](-[#6:48]-1(-[#1:87])-[#1])-[#1:86])-[#1:85])-[#1:61].[#8:49]=[#6:50](-[#6:51](-[#6:52])(-[#1:89])-[#1:90])-[#6:56]>>[#6:2](=[#8:3])-[#6:4]1:[#6:5](:[#7&+:6](-[#6@@:7]):[#6:46](:[#6:47](:[#6:48]:1-[#1:87])-[#1:86])-[#1:85])-[#1:61].[#8:49]=[#6:50](-[#6:56])-[#8]-[#6:51](-[#6:52])(-[#1:89])-[#1:90]	Any;Any
EVODEX.2-Dm116_0	Any;Any	[#8:49]=[#6:50](-[#6:51](-[#6:52])(-[#1:89])-[#1:90])-[#6:56].[#8]=[#8:58]>>[#8:49]=[#6:50](-[#6:56])-[#8:58]-[#6:51](-[#6:52])(-[#1:89])-[#1:90]	Any
EVODEX.2-Dm117_0	Any;Any;Any	[#6:2](=[#8:3])-[#6:4]1=[#6:5](-[#7:6](-[#6@@:7])-[#6:46](=[#6:47](-[#6:48]-1(-[#1:88])-[#1])-[#1:87])-[#1:86])-[#1:62].[#8:49]=[#6:50](-[#6:51](-[#6:52])(-[#1:90])-[#1:91])-[#6:57].[#8]=[#8:59]>>[#6:2](=[#8:3])-[#6:4]1:[#6:5](:[#7&+:6](-[#6@@:7]):[#6:46](:[#6:47](:[#6:48]:1-[#1:88])-[#1:87])-[#1:86])-[#1:62].[#8:49]=[#6:50](-[#6:57])-[#8:59]-[#6:51](-[#6:52])(-[#1:90])-[#1:91]	Any;Any
EVODEX.2-Dm118_0	Any	[#6:5]-[#6:6](=[#8:7])-[#6:8](-[#6:9])(-[#1:68])-[#1:69]>>[#6:5]-[#6:6](=[#8:7])-[#8]-[#6:8](-[#6:9])(-[#1:68])-[#1:69]	Any
EVODEX.2-Dm119_0	Any;Any;Any	[#6:4]-[#6:5](=[#8:6])-[#6:7](-[#6:8])(-[#1:67])-[#1:68].[#6:10](=[#8:11])-[#6:12]1=[#6:13](-[#7:14](-[#6@@:15])-[#6:54](=[#6:55](-[#6:56]-1(-[#1:99])-[#1])-[#1:98])-[#1:97])-[#1:73].[#8:57]=[#8:58]>>[#6:4]-[#6:5](=[#8:6])-[#8:58]-[#6:7](-[#6:8])(-[#1:67])-[#1:68].[#6:10](=[#8:11])-[#6:12]1:[#6:13](:[#7&+:14](-[#6@@:15]):[#6:54](:[#6:55](:[#6:56]:1-[#1:99])-[#1:98])-[#1:97])-[#1:73].[#8:57](-[#1])-[#1]	Any;Any;Any
EVODEX.2-Dm120_0	Any;Any	[#6:2]-[#6:3](-[#6:4])(-[#6:7](-[#6:6])=[#8:8])-[#1:64].[#6:10](=[#8:11])-[#6:12]1=[#6:13](-[#7:14](-[#6@@:15])-[#6:54](=[#6:55](-[#6:56]-1(-[#1:99])-[#1])-[#1:98])-[#1:97])-[#1:73]>>[#6:2]-[#6:3](-[#6:4])(-[#8]-[#6:7](-[#6:6])=[#8:8])-[#1:64].[#6:10](=[#8:11])-[#6:12]1:[#6:13](:[#7&+:14](-[#6@@:15]):[#6:54](:[#6:55](:[#6:56]:1-[#1:99])-[#1:98])-[#1:97])-[#1:73]	Any;Any
EVODEX.2-Dm121_0	Any;Any	[#6:2]-[#6:3](-[#6:4])(-[#6:7](-[#6:6])=[#8:8])-[#1:64].[#8]=[#8:58]>>[#6:2]-[#6:3](-[#6:4])(-[#8:58]-[#6:7](-[#6:6])=[#8:8])-[#1:64]	Any
EVODEX.2-Dm122_0	Any;Any;Any	[#6:1]-[#6:2](-[#6:3])(-[#6:7](-[#6:6])=[#8:8])-[#1:62].[#6:10](=[#8:11])-[#6:12]1=[#6:13](-[#7:14](-[#6@@:15])-[#6:54](=[#6:55](-[#6:56]-1(-[#1:99])-[#1])-[#1:98])-[#1:97])-[#1:73].[#8]=[#8:58]>>[#6:1]-[#6:2](-[#6:3])(-[#8:58]-[#6:7](-[#6:6])=[#8:8])-[#1:62].[#6:10](=[#8:11])-[#6:12]1:[#6:13](:[#7&+:14](-[#6@@:15]):[#6:54](:[#6:55](:[#6:56]:1-[#1:99])-[#1:98])-[#1:97])-[#1:73]	Any;Any
EVODEX.2-Dm123_0	Any;Any;Any	[#6:1]-[#6:2](-[#6@:3])(-[#1:90])-[#1].[#6:38](=[#8:39])-[#6:40]1=[#6:41](-[#7:42](-[#6@@:43])-[#6:82](=[#6:83](-[#6:84]-1(-[#1:144])-[#1])-[#1:143])-[#1:142])-[#1:118].[#8:85]=[#8]>>[#6:1]-[#6:2](-[#6@:3])(-[#8:85]-[#1])-[#1:90].[#6:38](=[#8:39])-[#6:40]1:[#6:41](:[#7&+:42](-[#6@@:43]):[#6:82](:[#6:83](:[#6:84]:1-[#1:144])-[#1:143])-[#1:142])-[#1:118]	Any;Any
EVODEX.2-Dm124_0	Any;Any;Any	[#6:1]-[#16:6]-[#6:5].[#6:8](=[#8:9])-[#6:10]1=[#6:11](-[#7:12](-[#6@@:13])-[#6:52](=[#6:53](-[#6:54]-1(-[#1:93])-[#1])-[#1:92])-[#1:91])-[#1:67].[#8:55]=[#8:56]>>[#6:1]-[#16:6](-[#6:5])=[#8:56].[#6:8](=[#8:9])-[#6:10]1:[#6:11](:[#7&+:12](-[#6@@:13]):[#6:52](:[#6:53](:[#6:54]:1-[#1:93])-[#1:92])-[#1:91])-[#1:67].[#8:55](-[#1])-[#1]	Any;Any;Any
EVODEX.2-Dm125_0	Any;Any	[#6:1]-[#16:6]-[#6:5].[#8:55]=[#8:56]>>[#6:1]-[#16:6](-[#6:5])=[#8:56].[#8:55](-[#1])-[#1]	Any;Any
EVODEX.2-Dm126_0	Any;Any	[#6:1]-[#16:2]-[#6:3].[#6:7](=[#8:8])-[#6:9]1=[#6:10](-[#7:11](-[#6@@:12])-[#6:51](=[#6:52](-[#6:53]-1(-[#1:92])-[#1])-[#1:91])-[#1:90])-[#1:66]>>[#6:1]-[#16:2](-[#6:3])=[#8].[#6:7](=[#8:8])-[#6:9]1:[#6:10](:[#7&+:11](-[#6@@:12]):[#6:51](:[#6:52](:[#6:53]:1-[#1:92])-[#1:91])-[#1:90])-[#1:66]	Any;Any
EVODEX.2-Dm127_0	Any;Any;Any	[#6:1](-[#6:2])(-[#1:56])(-[#1:57])-[#1].[#6:7](=[#8:8])-[#6:9]1=[#6:10](-[#7:11](-[#6@@:12])-[#6:51](=[#6:52](-[#6:53]-1(-[#1:94])-[#1])-[#1:93])-[#1:92])-[#1:68].[#8:54]=[#8:55]>>[#6:1](-[#6:2])(-[#8:54]-[#1])(-[#1:56])-[#1:57].[#6:7](=[#8:8])-[#6:9]1:[#6:10](:[#7&+:11](-[#6@@:12]):[#6:51](:[#6:52](:[#6:53]:1-[#1:94])-[#1:93])-[#1:92])-[#1:68].[#8:55](-[#1])-[#1]	Any;Any;Any
EVODEX.2-Dm128_0	Any;Any	[#6:1](-[#6:2])(-[#1:56])(-[#1:57])-[#1].[#8:54]=[#8]>>[#6:1](-[#6:2])(-[#8:54]-[#1])(-[#1:56])-[#1:57]	Any
EVODEX.2-Dm129_0	Any;Any	[#6:1](-[#6:2])(-[#1:56])(-[#1:57])-[#1].[#8:54]=[#8:55]>>[#6:1](-[#6:2])(-[#8:54]-[#1])(-[#1:56])-[#1:57].[#8:55](-[#1])-[#1]	Any;Any
EVODEX.2-Dm130_0	Any;Any;Any	[#6:1](-[#6:2])(-[#1:49])(-[#1:50])-[#1].[#6:4](=[#8:5])-[#6:6]1=[#6:7](-[#7:8](-[#6@@:9])-[#6:44](=[#6:45](-[#6:46]-1(-[#1:82])-[#1])-[#1:81])-[#1:80])-[#1:57].[#8:47]=[#8]>>[#6:1](-[#6:2])(-[#8:47]-[#1])(-[#1:49])-[#1:50].[#6:4](=[#8:5])-[#6:6]1:[#6:7](:[#7&+:8](-[#6@@:9]):[#6:44](:[#6:45](:[#6:46]:1-[#1:82])-[#1:81])-[#1:80])-[#1:57]	Any;Any
EVODEX.2-Dm131_0	Any;Any	[#6:1](-[#6:2])(-[#1:52])(-[#1:53])-[#1].[#6:7](=[#8:8])-[#6:9]1=[#6:10](-[#7:11](-[#6@@:12])-[#6:47](=[#6:48](-[#6:49]-1(-[#1:91])-[#1])-[#1:90])-[#1:89])-[#1:66]>>[#6:1](-[#6:2])(-[#8]-[#1])(-[#1:52])-[#1:53].[#6:7](=[#8:8])-[#6:9]1:[#6:10](:[#7&+:11](-[#6@@:12]):[#6:47](:[#6:48](:[#6:49]:1-[#1:91])-[#1:90])-[#1:89])-[#1:66]	Any;Any
EVODEX.2-Dm132_0	Any	[#6:1](-[#7:2](-[#6:3])-[#1])(-[#1:54])(-[#1:55])-[#1]>>[#6:1](=[#8])(-[#1:54])-[#1:55].[#7:2](-[#6:3])(-[#1])-[#1]	Any;Any
EVODEX.2-Dm133_0	Any	[#6:3]-[#7:4](-[#6:5](-[#6:6])(-[#1:62])-[#1])-[#1]>>[#6:3]-[#7:4](-[#1])-[#1].[#6:5](-[#6:6])(=[#8])-[#1:62]	Any;Any
EVODEX.2-Dm134_0	Any;Any;Any	[#6:2]-[#16:3]-[#6:4].[#6:17](=[#8:18])-[#6:19]1=[#6:20](-[#7:21](-[#6@@:22])-[#6:61](=[#6:62](-[#6:63]-1(-[#1:109])-[#1])-[#1:108])-[#1:107])-[#1:83].[#8]=[#8:65]>>[#6:2]-[#16:3](-[#6:4])=[#8:65].[#6:17](=[#8:18])-[#6:19]1:[#6:20](:[#7&+:21](-[#6@@:22]):[#6:61](:[#6:62](:[#6:63]:1-[#1:109])-[#1:108])-[#1:107])-[#1:83]	Any;Any
EVODEX.2-Dm135_0	Any;Any	[#6:1]-[#6:2](-[#6:3])(-[#1:81])-[#1].[#6:29](=[#8:30])-[#6:31]1=[#6:32](-[#7:33](-[#6@@:34])-[#6:73](=[#6:74](-[#6:75]-1(-[#1:126])-[#1])-[#1:125])-[#1:124])-[#1:100]>>[#6:1]-[#6@:2](-[#6:3])(-[#8]-[#1])-[#1:81].[#6:29](=[#8:30])-[#6:31]1:[#6:32](:[#7&+:33](-[#6@@:34]):[#6:73](:[#6:74](:[#6:75]:1-[#1:126])-[#1:125])-[#1:124])-[#1:100]	Any;Any
EVODEX.2-Dm136_0	Any	[#8:1](/[#7:2]=[#6:3](\[#6:4])-[#1])-[#1]>>[#7:2]#[#6:3]-[#6:4].[#8:1](-[#1])-[#1]	Any;Any
EVODEX.2-Dm137_0	Any	[#8](/[#7:2]=[#6:3](\[#6:4])-[#1])-[#1]>>[#7:2]#[#6:3]-[#6:4]	Any
EVODEX.2-Dm138_0	Any;Any	[#6:1](-[#8:2]-[#6:3])(-[#1:53])(-[#1:54])-[#1].[#6:8](=[#8:9])-[#6:10]1=[#6:11](-[#7:12](-[#6@@:13])-[#6:48](=[#6:49](-[#6:50]-1(-[#1:92])-[#1])-[#1:91])-[#1:90])-[#1:67]>>[#6:1](=[#8])(-[#1:53])-[#1:54].[#6:8](=[#8:9])-[#6:10]1:[#6:11](:[#7&+:12](-[#6@@:13]):[#6:48](:[#6:49](:[#6:50]:1-[#1:92])-[#1:91])-[#1:90])-[#1:67].[#8:2](-[#6:3])-[#1]	Any;Any;Any
EVODEX.2-Dm139_0	Any;Any;Any	[#6:1](-[#8:2]-[#6:3])(-[#1:53])(-[#1:54])-[#1].[#6:8](=[#8:9])-[#6:10]1=[#6:11](-[#7:12](-[#6@@:13])-[#6:48](=[#6:49](-[#6:50]-1(-[#1:92])-[#1])-[#1:91])-[#1:90])-[#1:67].[#8:51]=[#8:52]>>[#6:1](=[#8:52])(-[#1:53])-[#1:54].[#6:8](=[#8:9])-[#6:10]1:[#6:11](:[#7&+:12](-[#6@@:13]):[#6:48](:[#6:49](:[#6:50]:1-[#1:92])-[#1:91])-[#1:90])-[#1:67].[#8:51](-[#1])-[#1].[#8:2](-[#6:3])-[#1]	Any;Any;Any;Any
EVODEX.2-Dm140_0	Any	[#6:1](-[#8:2]-[#6:3])(-[#1:53])(-[#1:54])-[#1]>>[#6:1](=[#8])(-[#1:53])-[#1:54].[#8:2](-[#6:3])-[#1]	Any;Any
EVODEX.2-Dm141_0	Any;Any;Any	[#7:13]-[#6:14](-[#6:15]=[#8:16])(-[#1:48])-[#1].[#8:21]=[#6:22]-[#6:31](=[#6:29](-[#6@:24])-[#8:30]-[#1])-[#8:32]-[#1].[#8:33]=[#8:34]>>[#7:13]-[#6:14](-[#6:15]=[#8:16])(-[#8:33]-[#1])-[#1:48].[#8:21]=[#6:22]-[#6:31](-[#6:29](-[#6@:24])=[#8:30])=[#8:32].[#8:34](-[#1])-[#1]	Any;Any;Any
EVODEX.2-Dm142_0	Any;Any	[#7:15]-[#6:16](-[#6:17]=[#8:18])(-[#1:43])-[#1].[#8:32]=[#8]>>[#7:15]-[#6:16](-[#6:17]=[#8:18])(-[#8:32]-[#1])-[#1:43]	Any
EVODEX.2-Dm143_0	Any	[#7:21]-[#6:22](-[#6:23]=[#8:24])(-[#1:57])-[#1]>>[#7:21]-[#6:22](-[#6:23]=[#8:24])(-[#8]-[#1])-[#1:57]	Any
EVODEX.2-Dm144_0	Any;Any;Any	[#7:4]-[#6:5](-[#6:6]=[#8:7])(-[#1:27])-[#1].[#8:21]=[#8].[#8:9]=[#6:10]-[#6:19](=[#6:17](-[#6@:12])-[#8:18]-[#1])-[#8:20]-[#1]>>[#7:4]-[#6:5](-[#6:6]=[#8:7])(-[#8:21]-[#1])-[#1:27].[#8:9]=[#6:10]-[#6:19](-[#6:17](-[#6@:12])=[#8:18])=[#8:20]	Any;Any
EVODEX.2-Dm145_0	Any;Any	[#7:8]-[#6:9](-[#6:10]=[#8:11])(-[#1:39])-[#1].[#8:25]=[#8:26]>>[#7:8]-[#6:9](-[#6:10]=[#8:11])(-[#8:25]-[#1])-[#1:39].[#8:26](-[#1])-[#1]	Any;Any
EVODEX.2-Dm146_0	Any;Any	[#7:26]-[#6:27](-[#6:28]=[#8:29])(-[#1:79])-[#1].[#8:31]=[#6:32]-[#6:41](=[#6:39](-[#6@:34])-[#8:40]-[#1])-[#8:42]-[#1]>>[#7:26]-[#6:27](-[#6:28]=[#8:29])(-[#8]-[#1])-[#1:79].[#8:31]=[#6:32]-[#6:41](-[#6:39](-[#6@:34])=[#8:40])=[#8:42]	Any;Any
EVODEX.2-Dm147_0	Any;Any;Any	[#6:1](-[#6:2]1(-[#6:3])-[#16:4]-[#6@@:5]-[#7:20]-[#6@:21]-1(-[#6:22]=[#8:23])-[#1])(-[#1:37])(-[#1:38])-[#1].[#6:29]-[#6:30](=[#8:31])-[#6](=[#8])-[#8].[#8:35]=[#8]>>[#6:1]1(-[#6:2](-[#6:3])=[#6:21](-[#6:22]=[#8:23])-[#7:20]-[#6@:5]-[#16:4]-1)(-[#1:37])-[#1:38].[#6:29]-[#6:30](=[#8:31])-[#8:35]-[#1]	Any;Any
EVODEX.2-Dm148_0	Any;Any	[#6:1](-[#6:2]1(-[#6:3])-[#16:4]-[#6@@:5]-[#7:20]-[#6@:21]-1(-[#6:22]=[#8:23])-[#1])(-[#1:37])(-[#1:38])-[#1].[#6:29]-[#6:30](=[#8:31])-[#6:32](=[#8:33])-[#8:34]-[#1]>>[#6:32](=[#8:33])=[#8:34].[#6:1]1(-[#6:2](-[#6:3])=[#6:21](-[#6:22]=[#8:23])-[#7:20]-[#6@:5]-[#16:4]-1)(-[#1:37])-[#1:38].[#6:29]-[#6:30](=[#8:31])-[#8]-[#1]	Any;Any;Any
EVODEX.2-Dm149_0	Any;Any;Any	[#6:1](-[#6:2]1(-[#6:3])-[#16:4]-[#6@@:5]-[#7:20]-[#6@:21]-1(-[#6:22]=[#8:23])-[#1])(-[#1:37])(-[#1:38])-[#1].[#6:29]-[#6:30](=[#8:31])-[#6](=[#8])-[#8].[#8:35]=[#8:36]>>[#6:1]1(-[#6:2](-[#6:3])=[#6:21](-[#6:22]=[#8:23])-[#7:20]-[#6@:5]-[#16:4]-1)(-[#1:37])-[#1:38].[#6:29]-[#6:30](=[#8:31])-[#8:35]-[#1].[#8:36](-[#1])-[#1]	Any;Any;Any
EVODEX.2-Dm150_0	Any;Any;Any	[#7:16]1-[#6:17]-[#16:18]-[#6:19](-[#6:20](-[#1:60])(-[#1:61])-[#1])(-[#6:21])-[#6:22]-1(-[#6:23]=[#8:24])-[#1].[#6:30]-[#6:31](=[#8:32])-[#6:33](=[#8:34])-[#8:35]-[#1].[#8:36]=[#8]>>[#6:33](=[#8:34])=[#8:35].[#7:16]1-[#6:17]-[#16:18]-[#6:20](-[#6:19](-[#6:21])=[#6:22]-1-[#6:23]=[#8:24])(-[#1:60])-[#1:61].[#6:30]-[#6:31](=[#8:32])-[#8:36]-[#1]	Any;Any;Any
EVODEX.2-Dm151_0	Any;Any;Any	[#7:16]1-[#6:17]-[#16:18]-[#6:19](-[#6:20](-[#1:60])(-[#1:61])-[#1])(-[#6:21])-[#6:22]-1(-[#6:23]=[#8:24])-[#1].[#6:30]-[#6:31](=[#8:32])-[#6:33](=[#8:34])-[#8:35]-[#1].[#8:36]=[#8:37]>>[#6:33](=[#8:34])=[#8:35].[#7:16]1-[#6:17]-[#16:18]-[#6:20](-[#6:19](-[#6:21])=[#6:22]-1-[#6:23]=[#8:24])(-[#1:60])-[#1:61].[#6:30]-[#6:31](=[#8:32])-[#8:36]-[#1].[#8:37](-[#1])-[#1]	Any;Any;Any;Any
EVODEX.2-Dm152_0	Any;Any	[#7:11]1-[#6:12]-[#16:13]-[#6:14](-[#6:15](-[#1:45])(-[#1:46])-[#1])(-[#6:16])-[#6:17]-1(-[#6:18]=[#8:19])-[#1].[#6:25]-[#6:26](=[#8:27])-[#6](=[#8])-[#8]>>[#7:11]1-[#6:12]-[#16:13]-[#6:15](-[#6:14](-[#6:16])=[#6:17]-1-[#6:18]=[#8:19])(-[#1:45])-[#1:46].[#6:25]-[#6:26](=[#8:27])-[#8]-[#1]	Any;Any
EVODEX.2-Dm153_0	Any;Any;Any	[#6:1]-[#6:2](=[#8:3])-[#1].[#8:5]=[#8:6].[#8:4](-[#1])-[#1]>>[#6:1]-[#6:2](=[#8:3])-[#8:4]-[#1].[#8:5](-[#8:6]-[#1])-[#1]	Any;Any
EVODEX.2-Dm154_0	Any;Any	[#6:2]-[#6:3](=[#8:4])-[#1].[#8:6]=[#8:7]>>[#6:2]-[#6:3](=[#8:4])-[#8]-[#1].[#8:6](-[#8:7]-[#1])-[#1]	Any;Any
EVODEX.2-Dm155_0	Any	[#6:49]-[#6:50](=[#8:51])-[#1]>>[#6]-[#16]-[#6:50](-[#6:49])=[#8:51]	Any
EVODEX.2-Dm156_0	Any;Any	[#6:2]-[#6:3](=[#8:4])-[#16]-[#6].[#6:54](=[#8:55])-[#6:56]1=[#6:57](-[#7:58](-[#6@@:59])-[#6:94](=[#6:95](-[#6:96]-1(-[#1:164])-[#1])-[#1:163])-[#1:162])-[#1:139]>>[#6:2]-[#6:3](=[#8:4])-[#1].[#6:54](=[#8:55])-[#6:56]1:[#6:57](:[#7&+:58](-[#6@@:59]):[#6:94](:[#6:95](:[#6:96]:1-[#1:164])-[#1:163])-[#1:162])-[#1:139]	Any;Any
EVODEX.2-Dm157_0	Any;Any	[#6:47]-[#16:48]-[#1].[#6:55]-[#6:56](=[#8:57])-[#1]>>[#6:47]-[#16:48]-[#6:56](-[#6:55])=[#8:57]	Any
EVODEX.2-Dm158_0	Any;Any	[#6:7]-[#6:8](=[#8:9])-[#16:10]-[#6:11].[#6:59](=[#8:60])-[#6:61]1=[#6:62](-[#7:63](-[#6@@:64])-[#6:99](=[#6:100](-[#6:101]-1(-[#1:179])-[#1])-[#1:178])-[#1:177])-[#1:154]>>[#6:7]-[#6:8](=[#8:9])-[#1].[#6:59](=[#8:60])-[#6:61]1:[#6:62](:[#7&+:63](-[#6@@:64]):[#6:99](:[#6:100](:[#6:101]:1-[#1:179])-[#1:178])-[#1:177])-[#1:154].[#16:10](-[#6:11])-[#1]	Any;Any;Any
EVODEX.2-Dm159_0	Any;Any;Any	[#6:47]-[#16:48]-[#1].[#6:50](=[#8:51])-[#6:52]1:[#6:53](:[#6:54](:[#6:55](:[#7&+:56](-[#6@@:57]):[#6:92]:1-[#1:163])-[#1:140])-[#1:139])-[#1:138].[#8:93]=[#6:94](-[#6:95])-[#1]>>[#6:47]-[#16:48]-[#6:94](=[#8:93])-[#6:95].[#6:50](=[#8:51])-[#6:52]1=[#6:92](-[#7:56](-[#6@@:57])-[#6:55](=[#6:54](-[#6:53]-1(-[#1:138])-[#1])-[#1:139])-[#1:140])-[#1:163]	Any;Any
EVODEX.2-Dm160_0	Any;Any	[#6:2](=[#8:3])-[#6:4]1=[#6:5](-[#7:6](-[#6@@:7])-[#6:46](=[#6:47](-[#6:48]-1(-[#1:121])-[#1])-[#1:120])-[#1:119])-[#1:95].[#6:59](-[#6@@:50])(=[#8:60])-[#8:61]-[#1]>>[#6:2](=[#8:3])-[#6:4]1:[#6:5](:[#7&+:6](-[#6@@:7]):[#6:46](:[#6:47](:[#6:48]:1-[#1:121])-[#1:120])-[#1:119])-[#1:95].[#6:59](-[#6@@:50])(=[#8:60])-[#1].[#8:61](-[#15](-[#8])(=[#8])-[#8])-[#1]	Any;Any;Any
EVODEX.2-Dm161_0	Any	[#6:1]-[#6:2](=[#8:3])-[#6:4](=[#8:5])-[#8:6]-[#1]>>[#6:4](=[#8:5])=[#8:6].[#6:1]-[#6:2](=[#8:3])-[#16]-[#6]	Any;Any
EVODEX.2-Dm162_0	Any;Any	[#6:1]-[#6:2](=[#8:3])-[#6:4](=[#8:5])-[#8:6]-[#1].[#6:56](=[#8:57])-[#6:58]1:[#6:59](:[#6:60](:[#6:61](:[#7&+:62](-[#6@@:63]):[#6:98]:1-[#1:166])-[#1:143])-[#1:142])-[#1:141]>>[#6:4](=[#8:5])=[#8:6].[#6:1]-[#6:2](=[#8:3])-[#16]-[#6].[#6:56](=[#8:57])-[#6:58]1=[#6:98](-[#7:62](-[#6@@:63])-[#6:61](=[#6:60](-[#6:59]-1(-[#1:141])-[#1])-[#1:142])-[#1:143])-[#1:166]	Any;Any;Any
EVODEX.2-Dm163_0	Any;Any	[#6:1]-[#6:2](=[#8:3])-[#6:4](=[#8:5])-[#8:6]-[#1].[#6:53]-[#16:54]-[#1]>>[#6:4](=[#8:5])=[#8:6].[#6:1]-[#6:2](=[#8:3])-[#16:54]-[#6:53]	Any;Any
EVODEX.2-Dm164_0	Any;Any;Any	[#6:47]-[#16:48]-[#1].[#6:50]-[#6:52](=[#8:53])-[#6:54](=[#8:55])-[#8:56]-[#1].[#6:58](=[#8:59])-[#6:60]1:[#6:61](:[#6:62](:[#6:63](:[#7&+:64](-[#6@@:65]):[#6:100]:1-[#1:172])-[#1:149])-[#1:148])-[#1:147]>>[#6:54](=[#8:55])=[#8:56].[#6:47]-[#16:48]-[#6:52](-[#6:50])=[#8:53].[#6:58](=[#8:59])-[#6:60]1=[#6:100](-[#7:64](-[#6@@:65])-[#6:63](=[#6:62](-[#6:61]-1(-[#1:147])-[#1])-[#1:148])-[#1:149])-[#1:172]	Any;Any;Any
EVODEX.2-Dm165_0	Any;Any	[#6:50]-[#6:52](=[#8:53])-[#6](=[#8])-[#8].[#6:58](=[#8:59])-[#6:60]1:[#6:61](:[#6:62](:[#6:63](:[#7&+:64](-[#6@@:65]):[#6:100]:1-[#1:172])-[#1:149])-[#1:148])-[#1:147]>>[#6]-[#16]-[#6:52](-[#6:50])=[#8:53].[#6:58](=[#8:59])-[#6:60]1=[#6:100](-[#7:64](-[#6@@:65])-[#6:63](=[#6:62](-[#6:61]-1(-[#1:147])-[#1])-[#1:148])-[#1:149])-[#1:172]	Any;Any
EVODEX.2-Dm166_0	Any;Any	[#6:47]-[#16:48]-[#1].[#6:50]-[#6:51](=[#8:52])-[#6](=[#8])-[#8]>>[#6:47]-[#16:48]-[#6:51](-[#6:50])=[#8:52]	Any
EVODEX.2-Dm167_0	Any;Any;Any	[#6:47]-[#16:48]-[#1].[#6:50](=[#8:51])-[#6:52]1:[#6:53](:[#6:54](:[#6:55](:[#7&+:56](-[#6@@:57]):[#6:92]:1-[#1:166])-[#1:143])-[#1:142])-[#1:141].[#6:97]-[#6:98](=[#8:99])-[#6](=[#8])-[#8]>>[#6:47]-[#16:48]-[#6:98](-[#6:97])=[#8:99].[#6:50](=[#8:51])-[#6:52]1=[#6:92](-[#7:56](-[#6@@:57])-[#6:55](=[#6:54](-[#6:53]-1(-[#1:141])-[#1])-[#1:142])-[#1:143])-[#1:166]	Any;Any
EVODEX.2-Dm168_0	Any;Any	[#6:2](=[#8:3])-[#6:4]1:[#6:5](:[#6:6](:[#6:7](:[#7&+:8](-[#6@@:9]):[#6:48]:1-[#1:90])-[#1:66])-[#1:65])-[#1:64].[#6:51]-[#6:52](=[#8:53])-[#1]>>[#6:2](=[#8:3])-[#6:4]1=[#6:48](-[#7:8](-[#6@@:9])-[#6:7](=[#6:6](-[#6:5]-1(-[#1:64])-[#1])-[#1:65])-[#1:66])-[#1:90].[#6:51]-[#6:52](=[#8:53])-[#8]-[#15]=[#8]	Any;Any
EVODEX.2-Dm169_0	Any;Any	[#6:2](=[#8:3])-[#6:4]1=[#6:5](-[#7:6](-[#6@@:7])-[#6:46](=[#6:47](-[#6:48]-1(-[#1:90])-[#1])-[#1:89])-[#1:88])-[#1:64].[#6:51]-[#6:52](=[#8:53])-[#8:54]-[#15:55]=[#8:56]>>[#6:2](=[#8:3])-[#6:4]1:[#6:5](:[#7&+:6](-[#6@@:7]):[#6:46](:[#6:47](:[#6:48]:1-[#1:90])-[#1:89])-[#1:88])-[#1:64].[#6:51]-[#6:52](=[#8:53])-[#1].[#8:54](-[#15:55]=[#8:56])-[#1]	Any;Any;Any
EVODEX.2-Dm170_0	Any;Any	[#6:2](=[#8:3])-[#6:4]1=[#6:5](-[#7:6](-[#6@@:7])-[#6:46](=[#6:47](-[#6:48]-1(-[#1:90])-[#1])-[#1:89])-[#1:88])-[#1:64].[#6:51]-[#6:52](=[#8:53])-[#8]-[#15]=[#8]>>[#6:2](=[#8:3])-[#6:4]1:[#6:5](:[#7&+:6](-[#6@@:7]):[#6:46](:[#6:47](:[#6:48]:1-[#1:90])-[#1:89])-[#1:88])-[#1:64].[#6:51]-[#6:52](=[#8:53])-[#1]	Any;Any
EVODEX.2-Dm171_0	Any;Any;Any	[#6:2]-[#6:3](=[#8:4])-[#1].[#6:11](=[#8:12])-[#6:13]1:[#6:14](:[#6:15](:[#6:16](:[#7&+:17](-[#6@@:18]):[#6:57]:1-[#1:100])-[#1:76])-[#1:75])-[#1:74].[#8:58]=[#15:59]-[#8:60]-[#1]>>[#6:2]-[#6:3](=[#8:4])-[#8:60]-[#15:59]=[#8:58].[#6:11](=[#8:12])-[#6:13]1=[#6:57](-[#7:17](-[#6@@:18])-[#6:16](=[#6:15](-[#6:14]-1(-[#1:74])-[#1])-[#1:75])-[#1:76])-[#1:100]	Any;Any
EVODEX.2-Dm172_0	Any;Any	[#6:9]-[#6:10](=[#8:11])-[#1].[#6:13](=[#8:14])-[#6:15]1:[#6:16](:[#6:17](:[#6:18](:[#7&+:19](-[#6@@:20]):[#6:55]:1-[#1:99])-[#1:76])-[#1:75])-[#1:74]>>[#6:9]-[#6:10](=[#8:11])-[#8]-[#1].[#6:13](=[#8:14])-[#6:15]1=[#6:55](-[#7:19](-[#6@@:20])-[#6:18](=[#6:17](-[#6:16]-1(-[#1:74])-[#1])-[#1:75])-[#1:76])-[#1:99]	Any;Any
EVODEX.2-Dm173_0	Any;Any	[#6:17]-[#6:18](=[#8:19])-[#8:20]-[#1].[#8:83]-[#15:84](=[#8:85])(-[#8:86])-[#8:87]-[#15:88]=[#8:89]>>[#6:17]-[#6:18](=[#8:19])-[#1].[#8:20](-[#15:84](-[#8:83])(=[#8:85])-[#8:86])-[#1].[#8:87](-[#15:88]=[#8:89])-[#1]	Any;Any;Any
EVODEX.2-Dm174_0	Any	[#6:17]-[#6:18](=[#8:19])-[#8:20]-[#1]>>[#6:17]-[#6:18](=[#8:19])-[#1].[#8:20](-[#15](-[#8])(=[#8])-[#8])-[#1]	Any;Any
EVODEX.2-Dm175_0	Any;Any;Any	[#6:3]-[#6:4](=[#8:5])-[#8:6]-[#1].[#8:69]-[#15:70](=[#8:71])(-[#8:72])-[#8:73]-[#15:74]=[#8:75].[#6:8](=[#8:9])-[#6:10]1=[#6:11](-[#7:12](-[#6@@:13])-[#6:52](=[#6:53](-[#6:54]-1(-[#1:138])-[#1])-[#1:137])-[#1:136])-[#1:112]>>[#6:3]-[#6:4](=[#8:5])-[#1].[#6:8](=[#8:9])-[#6:10]1:[#6:11](:[#7&+:12](-[#6@@:13]):[#6:52](:[#6:53](:[#6:54]:1-[#1:138])-[#1:137])-[#1:136])-[#1:112].[#8:6](-[#15:70](-[#8:69])(=[#8:71])-[#8:72])-[#1].[#8:73](-[#15:74]=[#8:75])-[#1]	Any;Any;Any;Any
EVODEX.2-Dm176_0	Any;Any;Any	[#6:2](=[#8:3])-[#6:4]1=[#6:5](-[#7:6](-[#6@@:7])-[#6:46](=[#6:47](-[#6:48]-1(-[#1:120])-[#1])-[#1:119])-[#1:118])-[#1:94].[#8:63]-[#15:64](=[#8:65])(-[#8:66])-[#8]-[#15]=[#8].[#8:80]=[#6:81](-[#8:82]-[#1])-[#6:83]>>[#6:2](=[#8:3])-[#6:4]1:[#6:5](:[#7&+:6](-[#6@@:7]):[#6:46](:[#6:47](:[#6:48]:1-[#1:120])-[#1:119])-[#1:118])-[#1:94].[#8:63]-[#15:64](=[#8:65])(-[#8:66])-[#8:82]-[#1].[#8:80]=[#6:81](-[#6:83])-[#1]	Any;Any;Any
EVODEX.2-Dm177_0	Any;Any	[#8]-[#15](=[#8])(-[#8])-[#8:67]-[#15:68]=[#8:69].[#8:80]=[#6:81](-[#8]-[#1])-[#6:83]>>[#8:80]=[#6:81](-[#6:83])-[#1].[#8:67](-[#15:68]=[#8:69])-[#1]	Any;Any
EVODEX.2-Dm178_0	Any;Any;Any	[#6:2](=[#8:3])-[#6:4]1=[#6:5](-[#7:6](-[#6@@:7])-[#6:46](=[#6:47](-[#6:48]-1(-[#1:119])-[#1])-[#1:118])-[#1:117])-[#1:93].[#8]-[#15](=[#8])(-[#8])-[#8:67]-[#15:68]=[#8:69].[#8:80]=[#6:81](-[#8]-[#1])-[#6:83]>>[#6:2](=[#8:3])-[#6:4]1:[#6:5](:[#7&+:6](-[#6@@:7]):[#6:46](:[#6:47](:[#6:48]:1-[#1:119])-[#1:118])-[#1:117])-[#1:93].[#8:80]=[#6:81](-[#6:83])-[#1].[#8:67](-[#15:68]=[#8:69])-[#1]	Any;Any;Any
EVODEX.2-Dm179_0	Any;Any	[#8:63]-[#15:64](=[#8:65])(-[#8:66])-[#8]-[#15]=[#8].[#8:80]=[#6:81](-[#8:82]-[#1])-[#6:83]>>[#8:63]-[#15:64](=[#8:65])(-[#8:66])-[#8:82]-[#1].[#8:80]=[#6:81](-[#6:83])-[#1]	Any;Any
EVODEX.2-Dm180_0	Any;Any;Any	[#6:2]-[#6:4](=[#8:5])-[#1].[#6:12](=[#8:13])-[#6:14]1:[#6:15](:[#6:16](:[#6:17](:[#7&+:18](-[#6@@:19]):[#6:54]:1-[#1:93])-[#1:70])-[#1:69])-[#1:68].[#8:55](-[#1])-[#1]>>[#6:2]-[#6:4](=[#8:5])-[#8:55]-[#1].[#6:12](=[#8:13])-[#6:14]1=[#6:54](-[#7:18](-[#6@@:19])-[#6:17](=[#6:16](-[#6:15]-1(-[#1:68])-[#1])-[#1:69])-[#1:70])-[#1:93]	Any;Any
EVODEX.2-Dm184_0	Any;Any;Any	[#8:3]=[#6:4](-[#6:5])-[#1].[#8:2](-[#1])-[#1].[#6:31]-[#7&+:32]1:[#6:33](:[#6:34](:[#6:35](-[#6:36]2:[#6:37](:[#6:38](:[#7&+:39](-[#6:40]):[#6:47](:[#6:48]:2-[#1:92])-[#1:91])-[#1:83])-[#1:82]):[#6:49](:[#6:50]:1-[#1:94])-[#1:93])-[#1:81])-[#1:80]>>[#8:2](-[#6:4](=[#8:3])-[#6:5])-[#1].[#6:31]-[#7:32]1-[#6:33](=[#6:34](-[#6:35](-[#6:36]2(-[#6:37](=[#6:38](-[#7:39](-[#6:40])-[#6:47](=[#6:48]-2-[#1:92])-[#1:91])-[#1:83])-[#1:82])-[#1])(-[#6:49](=[#6:50]-1-[#1:94])-[#1:93])-[#1])-[#1:81])-[#1:80]	Any;Any
EVODEX.2-Dm186_0	Any	[#6:5]/[#6:6](=[#6:7](/[#6:8]=[#8:9])-[#1:77])-[#1:76]>>[#6:5]-[#6:6](-[#6:7](-[#6:8]=[#8:9])(-[#1:77])-[#1])(-[#1:76])-[#1]	Any
EVODEX.2-Dm189_0	Any;Any;Any	[#6:1]-[#6@:2](-[#7](-[#1])-[#1])(-[#6:4]=[#8:5])-[#1].[#6:8](=[#8:9])-[#6:10]1:[#6:11](:[#6:12](:[#6:13](:[#7&+:14](-[#6@@:15]):[#6:50]:1-[#1:86])-[#1:63])-[#1:62])-[#1:61].[#8:51](-[#1])-[#1]>>[#6:1]-[#6:2](-[#6:4]=[#8:5])=[#8:51].[#6:8](=[#8:9])-[#6:10]1=[#6:50](-[#7:14](-[#6@@:15])-[#6:13](=[#6:12](-[#6:11]-1(-[#1:61])-[#1])-[#1:62])-[#1:63])-[#1:86]	Any;Any
EVODEX.2-Dm190_0	Any;Any	[#7](-[#6@@:5](-[#6@:3])(-[#6:7]=[#8:8])-[#1])(-[#1])-[#1].[#6:11](=[#8:12])-[#6:13]1:[#6:14](:[#6:15](:[#6:16](:[#7&+:17](-[#6@@:18]):[#6:53]:1-[#1:95])-[#1:72])-[#1:71])-[#1:70]>>[#6:5](-[#6@:3])(-[#6:7]=[#8:8])=[#8].[#6:11](=[#8:12])-[#6:13]1=[#6:53](-[#7:17](-[#6@@:18])-[#6:16](=[#6:15](-[#6:14]-1(-[#1:70])-[#1])-[#1:71])-[#1:72])-[#1:95]	Any;Any
EVODEX.2-Dm191_0	Any;Any	[#6:5](-[#6@:3])(=[#8:6])-[#6:7]=[#8:8].[#7:10](-[#1])(-[#1])-[#1]>>[#6:7](-[#6@:5](-[#6@:3])(-[#7:10](-[#1])-[#1])-[#1])=[#8:8].[#8:6](-[#1])-[#1]	Any;Any
EVODEX.2-Dm192_0	Any;Any	[#7:45](-[#6@@:46](-[#6:47])(-[#6:49]=[#8:50])-[#1])(-[#1])-[#1].[#8:52](-[#1])-[#1]>>[#6:46](-[#6:47])(-[#6:49]=[#8:50])=[#8:52].[#7:45](-[#1])(-[#1])-[#1]	Any;Any
EVODEX.2-Dm193_0	Any;Any;Any	[#6:2]-[#6:4](=[#8])-[#6:6]=[#8:7].[#6:11](=[#8:12])-[#6:13]1=[#6:14](-[#7:15](-[#6@@:16])-[#6:51](=[#6:52](-[#6:53]-1(-[#1:89])-[#1])-[#1:88])-[#1:87])-[#1:64].[#7:9](-[#1])(-[#1])-[#1]>>[#6:2]-[#6@@:4](-[#6:6]=[#8:7])(-[#7:9](-[#1])-[#1])-[#1].[#6:11](=[#8:12])-[#6:13]1:[#6:14](:[#7&+:15](-[#6@@:16]):[#6:51](:[#6:52](:[#6:53]:1-[#1:89])-[#1:88])-[#1:87])-[#1:64]	Any;Any
EVODEX.2-Dm194_0	Any	[#6:4]-[#6:5](=[#8:6])-[#6:7]=[#8:8]>>[#6:4]-[#6@@:5](-[#6:7]=[#8:8])(-[#7](-[#1])-[#1])-[#1].[#8:6](-[#1])-[#1]	Any;Any
EVODEX.2-Dm195_0	Any;Any	[#6:4]-[#6:5](=[#8])-[#6:7]=[#8:8].[#7:10](-[#1])(-[#1])-[#1]>>[#6:4]-[#6@@:5](-[#6:7]=[#8:8])(-[#7:10](-[#1])-[#1])-[#1]	Any
EVODEX.2-Dm196_0	Any;Any	[#6:2]-[#6:3](=[#8])-[#6:5]=[#8:6].[#6:10](=[#8:11])-[#6:12]1=[#6:13](-[#7:14](-[#6@@:15])-[#6:50](=[#6:51](-[#6:52]-1(-[#1:86])-[#1])-[#1:85])-[#1:84])-[#1:61]>>[#6:2]-[#6@@:3](-[#6:5]=[#8:6])(-[#7](-[#1])-[#1])-[#1].[#6:10](=[#8:11])-[#6:12]1:[#6:13](:[#7&+:14](-[#6@@:15]):[#6:50](:[#6:51](:[#6:52]:1-[#1:86])-[#1:85])-[#1:84])-[#1:61]	Any;Any
EVODEX.2-Dm197_0	Any;Any;Any	[#6:3]-[#6@:4](-[#7:5](-[#1])-[#1])(-[#6:6]=[#8:7])-[#1].[#6:10](=[#8:11])-[#6:12]1:[#6:13](:[#6:14](:[#6:15](:[#7&+:16](-[#6@@:17]):[#6:52]:1-[#1:92])-[#1:69])-[#1:68])-[#1:67].[#8:53](-[#1])-[#1]>>[#6:3]-[#6:4](-[#6:6]=[#8:7])=[#8:53].[#6:10](=[#8:11])-[#6:12]1=[#6:52](-[#7:16](-[#6@@:17])-[#6:15](=[#6:14](-[#6:13]-1(-[#1:67])-[#1])-[#1:68])-[#1:69])-[#1:92].[#7:5](-[#1])(-[#1])-[#1]	Any;Any;Any
EVODEX.2-Dm198_0	Any;Any	[#6:4]-[#6:5](-[#7:6](-[#1])-[#1])(-[#6:7]=[#8:8])-[#1].[#6:11](=[#8:12])-[#6:13]1:[#6:14](:[#6:15](:[#6:16](:[#7&+:17](-[#6@@:18]):[#6:53]:1-[#1:95])-[#1:72])-[#1:71])-[#1:70]>>[#6:4]-[#6:5](-[#6:7]=[#8:8])=[#8].[#6:11](=[#8:12])-[#6:13]1=[#6:53](-[#7:17](-[#6@@:18])-[#6:16](=[#6:15](-[#6:14]-1(-[#1:70])-[#1])-[#1:71])-[#1:72])-[#1:95].[#7:6](-[#1])(-[#1])-[#1]	Any;Any;Any
EVODEX.2-Dm199_0	Any;Any;Any	[#6:1]-[#6:2](=[#8:3])-[#6:4]=[#8:5].[#6:9](=[#8:10])-[#6:11]1=[#6:12](-[#7:13](-[#6@@:14])-[#6:51](=[#6:52](-[#6:53]-1(-[#1:85])-[#1])-[#1:84])-[#1:83])-[#1:60].[#7:7](-[#1])(-[#1])-[#1]>>[#6:1]-[#6@@:2](-[#6:4]=[#8:5])(-[#7:7](-[#1])-[#1])-[#1].[#6:9](=[#8:10])-[#6:11]1:[#6:12](:[#7&+:13](-[#6@@:14]):[#6:51](:[#6:52](:[#6:53]:1-[#1:85])-[#1:84])-[#1:83])-[#1:60].[#8:3](-[#1])-[#1]	Any;Any;Any
EVODEX.2-Dm200_0	Any;Any	[#6:3](=[#8:4])-[#6:5]1=[#6:6](-[#7:7](-[#6@@:8])-[#6:43](=[#6:44](-[#6:45]-1(-[#1:82])-[#1])-[#1:81])-[#1:80])-[#1:57].[#6:49]-[#6:50](=[#8:51])-[#6:52]=[#8:53]>>[#7](-[#6@@:50](-[#6:49])(-[#6:52]=[#8:53])-[#1])(-[#1])-[#1].[#6:3](=[#8:4])-[#6:5]1:[#6:6](:[#7&+:7](-[#6@@:8]):[#6:43](:[#6:44](:[#6:45]:1-[#1:82])-[#1:81])-[#1:80])-[#1:57].[#8:51](-[#1])-[#1]	Any;Any;Any
EVODEX.2-Dm201_0	Any;Any;Any	[#6:2]-[#6:3](=[#8:4])-[#6:5].[#6:11](=[#8:12])-[#6:13]1=[#6:14](-[#7:15](-[#6@@:16])-[#6:51](=[#6:52](-[#6:53]-1(-[#1:89])-[#1])-[#1:88])-[#1:87])-[#1:64].[#7:9](-[#1])(-[#1])-[#1]>>[#6:2]-[#6:3](-[#6:5])(-[#7:9](-[#1])-[#1])-[#1].[#6:11](=[#8:12])-[#6:13]1:[#6:14](:[#7&+:15](-[#6@@:16]):[#6:51](:[#6:52](:[#6:53]:1-[#1:89])-[#1:88])-[#1:87])-[#1:64].[#8:4](-[#1])-[#1]	Any;Any;Any
EVODEX.2-Dm202_0	Any;Any	[#6:2]-[#6:3](=[#8])-[#6:5].[#6:11](=[#8:12])-[#6:13]1=[#6:14](-[#7:15](-[#6@@:16])-[#6:51](=[#6:52](-[#6:53]-1(-[#1:89])-[#1])-[#1:88])-[#1:87])-[#1:64]>>[#6:2]-[#6:3](-[#6:5])(-[#7](-[#1])-[#1])-[#1].[#6:11](=[#8:12])-[#6:13]1:[#6:14](:[#7&+:15](-[#6@@:16]):[#6:51](:[#6:52](:[#6:53]:1-[#1:89])-[#1:88])-[#1:87])-[#1:64]	Any;Any
EVODEX.2-Dm203_0	Any;Any;Any	[#6:2]-[#6:3](=[#8])-[#6:5].[#6:11](=[#8:12])-[#6:13]1=[#6:14](-[#7:15](-[#6@@:16])-[#6:51](=[#6:52](-[#6:53]-1(-[#1:89])-[#1])-[#1:88])-[#1:87])-[#1:64].[#7:9](-[#1])(-[#1])-[#1]>>[#6:2]-[#6:3](-[#6:5])(-[#7:9](-[#1])-[#1])-[#1].[#6:11](=[#8:12])-[#6:13]1:[#6:14](:[#7&+:15](-[#6@@:16]):[#6:51](:[#6:52](:[#6:53]:1-[#1:89])-[#1:88])-[#1:87])-[#1:64]	Any;Any
EVODEX.2-Dm204_0	Any	[#6:2]-[#6:3](-[#7](-[#1])-[#1])(-[#6:5])-[#1]>>[#6:2]-[#6:3](-[#6:5])=[#8]	Any
EVODEX.2-Dm205_0	Any;Any	[#6:2]-[#6:3](-[#7](-[#1])-[#1])(-[#6:5])-[#1].[#6:10](=[#8:11])-[#6:12]1:[#6:13](:[#6:14](:[#6:15](:[#7&+:16](-[#6@@:17]):[#6:52]:1-[#1:92])-[#1:69])-[#1:68])-[#1:67]>>[#6:2]-[#6:3](-[#6:5])=[#8].[#6:10](=[#8:11])-[#6:12]1=[#6:52](-[#7:16](-[#6@@:17])-[#6:15](=[#6:14](-[#6:13]-1(-[#1:67])-[#1])-[#1:68])-[#1:69])-[#1:92]	Any;Any
EVODEX.2-Dm206_0	Any;Any;Any	[#6:2]-[#6:3](-[#7](-[#1])-[#1])(-[#6:5])-[#1].[#6:10](=[#8:11])-[#6:12]1:[#6:13](:[#6:14](:[#6:15](:[#7&+:16](-[#6@@:17]):[#6:52]:1-[#1:92])-[#1:69])-[#1:68])-[#1:67].[#8:53](-[#1])-[#1]>>[#6:2]-[#6:3](-[#6:5])=[#8:53].[#6:10](=[#8:11])-[#6:12]1=[#6:52](-[#7:16](-[#6@@:17])-[#6:15](=[#6:14](-[#6:13]-1(-[#1:67])-[#1])-[#1:68])-[#1:69])-[#1:92]	Any;Any
EVODEX.2-Dm207_0	Any;Any	[#6:4]-[#6@:5](-[#7:6](-[#1])-[#1])(-[#6:7])-[#1].[#8:55](-[#1])-[#1]>>[#6:4]-[#6:5](-[#6:7])=[#8:55].[#7:6](-[#1])(-[#1])-[#1]	Any;Any
EVODEX.2-Dm208_0	Any;Any	[#6:4]-[#6@:5](-[#7:6](-[#1])-[#1])(-[#6:7])-[#1].[#6:12](=[#8:13])-[#6:14]1:[#6:15](:[#6:16](:[#6:17](:[#7&+:18](-[#6@@:19]):[#6:54]:1-[#1:97])-[#1:74])-[#1:73])-[#1:72]>>[#6:4]-[#6:5](-[#6:7])=[#8].[#6:12](=[#8:13])-[#6:14]1=[#6:54](-[#7:18](-[#6@@:19])-[#6:17](=[#6:16](-[#6:15]-1(-[#1:72])-[#1])-[#1:73])-[#1:74])-[#1:97].[#7:6](-[#1])(-[#1])-[#1]	Any;Any;Any
EVODEX.2-Dm209_0	Any;Any	[#6:4]-[#6:5](=[#8:6])-[#6:7].[#6:13](=[#8:14])-[#6:15]1=[#6:16](-[#7:17](-[#6@@:18])-[#6:53](=[#6:54](-[#6:55]-1(-[#1:94])-[#1])-[#1:93])-[#1:92])-[#1:69]>>[#6:4]-[#6@@:5](-[#6:7])(-[#7](-[#1])-[#1])-[#1].[#6:13](=[#8:14])-[#6:15]1:[#6:16](:[#7&+:17](-[#6@@:18]):[#6:53](:[#6:54](:[#6:55]:1-[#1:94])-[#1:93])-[#1:92])-[#1:69].[#8:6](-[#1])-[#1]	Any;Any;Any
EVODEX.2-Dm210_0	Any;Any	[#6:4]-[#6:5](=[#8:6])-[#6:7].[#7:11](-[#1])(-[#1])-[#1]>>[#6:4]-[#6@@:5](-[#6:7])(-[#7:11](-[#1])-[#1])-[#1].[#8:6](-[#1])-[#1]	Any;Any
EVODEX.2-Dm211_0	Any;Any;Any	[#6:1]-[#6:2](-[#7:3](-[#1])-[#1])(-[#6:4])-[#1].[#6:11](=[#8:12])-[#6:13]1:[#6:14](:[#6:15](:[#6:16](:[#7&+:17](-[#6@@:18]):[#6:57]:1-[#1:99])-[#1:75])-[#1:74])-[#1:73].[#8:58](-[#1])-[#1]>>[#6:1]-[#6:2](-[#6:4])=[#8:58].[#6:11](=[#8:12])-[#6:13]1=[#6:57](-[#7:17](-[#6@@:18])-[#6:16](=[#6:15](-[#6:14]-1(-[#1:73])-[#1])-[#1:74])-[#1:75])-[#1:99].[#7:3](-[#1])(-[#1])-[#1]	Any;Any;Any
EVODEX.2-Dm212_0	Any	[#6:1]-[#6:2](=[#8:3])-[#6:4]>>[#6:1]-[#6:2](-[#6:4])(-[#7](-[#1])-[#1])-[#1].[#8:3](-[#1])-[#1]	Any;Any
EVODEX.2-Dm213_0	Any	[#6:54]-[#6:55](=[#8])-[#6:57]=[#8:58]>>[#7](-[#6@:55](-[#6:54])(-[#6:57]=[#8:58])-[#1])(-[#1])-[#1]	Any
EVODEX.2-Dm214_0	Any	[#7](-[#6:50](-[#8:51])(-[#6:52])-[#1])(-[#1])-[#1]>>[#6:50](-[#8:51])(-[#6:52])=[#8]	Any
EVODEX.2-Dm215_0	Any;Any;Any	[#6:1]-[#6:2](=[#8:3])-[#6:4]=[#8:5].[#6:7]-[#7:8](-[#1])-[#1].[#6:10](=[#8:11])-[#6:12]1=[#6:13](-[#7:14](-[#6@@:15])-[#6:54](=[#6:55](-[#6:56]-1(-[#1:94])-[#1])-[#1:93])-[#1:92])-[#1:68]>>[#6:1]-[#6@@:2](-[#6:4]=[#8:5])(-[#7:8](-[#6:7])-[#1])-[#1].[#6:10](=[#8:11])-[#6:12]1:[#6:13](:[#7&+:14](-[#6@@:15]):[#6:54](:[#6:55](:[#6:56]:1-[#1:94])-[#1:93])-[#1:92])-[#1:68].[#8:3](-[#1])-[#1]	Any;Any;Any
EVODEX.2-Dm216_0	Any;Any	[#6:1]-[#7:2](-[#6@@:3](-[#6:4])(-[#6:5]=[#8:6])-[#1])-[#1].[#8:56](-[#1])-[#1]>>[#6:3](-[#6:4])(-[#6:5]=[#8:6])=[#8:56].[#6:1]-[#7:2](-[#1])-[#1]	Any;Any
EVODEX.2-Dm217_0	Any	[#6:1]-[#7:2](-[#6@@:3](-[#6:4])(-[#6:5]=[#8:6])-[#1])-[#1]>>[#6:3](-[#6:4])(-[#6:5]=[#8:6])=[#8].[#6:1]-[#7:2](-[#1])-[#1]	Any;Any
EVODEX.2-Dm218_0	Any;Any;Any	[#6:1]-[#7:2](-[#6@@:3](-[#6:4])(-[#6:5]=[#8:6])-[#1])-[#1].[#6:9](=[#8:10])-[#6:11]1:[#6:12](:[#6:13](:[#6:14](:[#7&+:15](-[#6@@:16]):[#6:55]:1-[#1:94])-[#1:70])-[#1:69])-[#1:68].[#8:56](-[#1])-[#1]>>[#6:3](-[#6:4])(-[#6:5]=[#8:6])=[#8:56].[#6:1]-[#7:2](-[#1])-[#1].[#6:9](=[#8:10])-[#6:11]1=[#6:55](-[#7:15](-[#6@@:16])-[#6:14](=[#6:13](-[#6:12]-1(-[#1:68])-[#1])-[#1:69])-[#1:70])-[#1:94]	Any;Any;Any
EVODEX.2-Dm219_0	Any	[#6:1]-[#7:2](-[#6@@](-[#6])(-[#6]=[#8])-[#1])-[#1]>>[#6:1]-[#7:2](-[#1])-[#1]	Any
EVODEX.2-Dm220_0	Any;Any	[#6:1]-[#7:2](-[#6@@](-[#6])(-[#6]=[#8])-[#1])-[#1].[#6:9](=[#8:10])-[#6:11]1:[#6:12](:[#6:13](:[#6:14](:[#7&+:15](-[#6@@:16]):[#6:55]:1-[#1:94])-[#1:70])-[#1:69])-[#1:68]>>[#6:1]-[#7:2](-[#1])-[#1].[#6:9](=[#8:10])-[#6:11]1=[#6:55](-[#7:15](-[#6@@:16])-[#6:14](=[#6:13](-[#6:12]-1(-[#1:68])-[#1])-[#1:69])-[#1:70])-[#1:94]	Any;Any
EVODEX.2-Dm221_0	Any	[#6:1]-[#6:2](=[#8])-[#6:4]>>[#6:1]-[#6@:2](-[#6:4])(-[#7](-[#1])-[#1])-[#1]	Any
EVODEX.2-Dm222_0	Any;Any	[#7:1](-[#1])(-[#1])-[#1].[#6:51]-[#6:52](=[#8:53])-[#8:54]>>[#7:1](-[#6:52](-[#6:51])(-[#8:54])-[#1])(-[#1])-[#1].[#8:53](-[#1])-[#1]	Any;Any
EVODEX.2-Dm223_0	Any;Any	[#6:4]-[#6@@:5](-[#6:6])(-[#7](-[#1])-[#1])-[#1].[#8:52](-[#1])-[#1]>>[#6:4]-[#6:5](-[#6:6])=[#8:52]	Any
EVODEX.2-Dm224_0	Any	[#7:45](-[#6@@:46](-[#6:47])(-[#6:57]=[#8:58])-[#1])(-[#1])-[#1]>>[#6:46](-[#6:47])(-[#6:57]=[#8:58])=[#8].[#7:45](-[#1])(-[#1])-[#1]	Any;Any
EVODEX.2-Dm225_0	Any;Any	[#6:5]-[#6@:6](-[#7](-[#1])-[#1])(-[#6:8]=[#8:9])-[#1].[#8:55](-[#1])-[#1]>>[#6:5]-[#6:6](-[#6:8]=[#8:9])=[#8:55]	Any
EVODEX.2-Dm226_0	Any;Any	[#7](-[#6:2](-[#6:3])(-[#6:8]=[#8:9])-[#1])(-[#1])-[#1].[#8:12]=[#8:13]>>[#6:2](-[#6:3])(-[#6:8]=[#8:9])=[#8].[#8:12](-[#8:13]-[#1])-[#1]	Any;Any
EVODEX.2-Dm227_0	Any;Any;Any	[#7](-[#6@:2](-[#6:3])(-[#6:9]=[#8:10])-[#1])(-[#1])-[#1].[#8:13]=[#8:14].[#8:12](-[#1])-[#1]>>[#6:2](-[#6:3])(-[#6:9]=[#8:10])=[#8:12].[#8:13](-[#8:14]-[#1])-[#1]	Any;Any
EVODEX.2-Dm228_0	Any;Any	[#7:1](-[#6@:2](-[#6:3])(-[#6:9]=[#8:10])-[#1])(-[#1])-[#1].[#8:13]=[#8:14]>>[#6:2](-[#6:3])(-[#6:9]=[#8:10])=[#8].[#7:1](-[#1])(-[#1])-[#1].[#8:13](-[#8:14]-[#1])-[#1]	Any;Any;Any
EVODEX.2-Dm229_0	Any;Any;Any	[#6:5]-[#6:6](=[#8:7])-[#6:8]=[#8:9].[#7:1](-[#1])(-[#1])-[#1].[#8:11](-[#8:12]-[#1])-[#1]>>[#7:1](-[#6@:6](-[#6:5])(-[#6:8]=[#8:9])-[#1])(-[#1])-[#1].[#8:11]=[#8:12].[#8:7](-[#1])-[#1]	Any;Any;Any
EVODEX.2-Dm230_0	Any;Any	[#6:5]-[#6:6](=[#8:7])-[#6:8]=[#8:9].[#8:11](-[#8:12]-[#1])-[#1]>>[#7](-[#6@:6](-[#6:5])(-[#6:8]=[#8:9])-[#1])(-[#1])-[#1].[#8:11]=[#8:12].[#8:7](-[#1])-[#1]	Any;Any;Any
EVODEX.2-Dm231_0	Any;Any;Any	[#7:1](-[#6:2](-[#6:3])(-[#1:11])-[#1])(-[#1])-[#1].[#8:7]=[#8:8].[#8:6](-[#1])-[#1]>>[#6:2](-[#6:3])(=[#8:6])-[#1:11].[#7:1](-[#1])(-[#1])-[#1].[#8:7](-[#8:8]-[#1])-[#1]	Any;Any;Any
EVODEX.2-Dm232_0	Any;Any;Any	[#7](-[#6:2](-[#6:3])(-[#1:14])-[#1])(-[#1])-[#1].[#8:10]=[#8:11].[#8:9](-[#1])-[#1]>>[#6:2](-[#6:3])(=[#8:9])-[#1:14].[#8:10](-[#8:11]-[#1])-[#1]	Any;Any
EVODEX.2-Dm233_0	Any	[#7:1](-[#6:2](-[#6:3])(-[#1:14])-[#1])(-[#1])-[#1]>>[#6:2](-[#6:3])(=[#8])-[#1:14].[#7:1](-[#1])(-[#1])-[#1]	Any;Any
EVODEX.2-Dm234_0	Any;Any	[#7:1](-[#6:2](-[#6:3])(-[#1:14])-[#1])(-[#1])-[#1].[#8:10]=[#8:11]>>[#6:2](-[#6:3])(=[#8])-[#1:14].[#7:1](-[#1])(-[#1])-[#1].[#8:10](-[#8:11]-[#1])-[#1]	Any;Any;Any
EVODEX.2-Dm235_0	Any;Any	[#7](-[#6:2](-[#6:3])(-[#1:12])-[#1])(-[#1])-[#1].[#8:7](-[#1])-[#1]>>[#6:2](-[#6:3])(=[#8:7])-[#1:12]	Any
EVODEX.2-Dm236_0	Any	[#7](-[#6:2](-[#6:3])(-[#1:18])-[#1])(-[#1])-[#1]>>[#6:2](-[#6:3])(=[#8])-[#1:18]	Any
EVODEX.2-Dm237_0	Any;Any	[#7:1](-[#6:2](-[#6:3])(-[#1:18])-[#1])(-[#1])-[#1].[#8:13](-[#1])-[#1]>>[#6:2](-[#6:3])(=[#8:13])-[#1:18].[#7:1](-[#1])(-[#1])-[#1]	Any;Any
EVODEX.2-Dm238_0	Any;Any	[#7:1](-[#6:2](-[#6:3])(-[#6:7])-[#1])(-[#1])-[#1].[#8:9]=[#8:10]>>[#6:2](=[#8])(-[#6:3])-[#6:7].[#7:1](-[#1])(-[#1])-[#1].[#8:9](-[#8:10]-[#1])-[#1]	Any;Any;Any
EVODEX.2-Dm239_0	Any;Any;Any	[#7](-[#6:2](-[#6:3])(-[#6:6])-[#1])(-[#1])-[#1].[#8:8]=[#8:9].[#8:7](-[#1])-[#1]>>[#6:2](=[#8:7])(-[#6:3])-[#6:6].[#8:8](-[#8:9]-[#1])-[#1]	Any;Any
EVODEX.2-Dm240_0	Any;Any	[#6:2]-[#6:3](-[#6:4])(-[#7](-[#1])-[#1])-[#1].[#8:7]=[#8:8]>>[#6:2]-[#6:3](-[#6:4])=[#8].[#8:7](-[#8:8]-[#1])-[#1]	Any;Any
EVODEX.2-Dm241_0	Any;Any;Any	[#7:1](-[#6:2](-[#6:3])(-[#6:8])-[#1])(-[#1])-[#1].[#8:10]=[#8:11].[#8:9](-[#1])-[#1]>>[#6:2](=[#8:9])(-[#6:3])-[#6:8].[#7:1](-[#1])(-[#1])-[#1].[#8:10](-[#8:11]-[#1])-[#1]	Any;Any;Any
EVODEX.2-Dm242_0	Any;Any	[#6:5]-[#6:8](-[#7](-[#1])-[#1])(-[#1:28])-[#1].[#8:11]=[#8:12]>>[#6:5]-[#6:8](=[#8])-[#1:28].[#8:11](-[#8:12]-[#1])-[#1]	Any;Any
EVODEX.2-Dm243_0	Any;Any;Any	[#6:1]-[#6@@:2](-[#7:3](-[#1])-[#1])(-[#6:4]=[#8:5])-[#1].[#8:8]=[#8:9].[#8:7](-[#1])-[#1]>>[#6:1]-[#6:2](-[#6:4]=[#8:5])=[#8:7].[#7:3](-[#1])(-[#1])-[#1].[#8:8](-[#8:9]-[#1])-[#1]	Any;Any;Any
EVODEX.2-Dm244_0	Any;Any	[#6:6]-[#6:7](=[#8])-[#6:9]=[#8:10].[#8:12](-[#8:13]-[#1])-[#1]>>[#7](-[#6@@:7](-[#6:6])(-[#6:9]=[#8:10])-[#1])(-[#1])-[#1].[#8:12]=[#8:13]	Any;Any
EVODEX.2-Dm245_0	Any;Any;Any	[#6:6]-[#6:7](=[#8])-[#6:9]=[#8:10].[#7:1](-[#1])(-[#1])-[#1].[#8:12](-[#8:13]-[#1])-[#1]>>[#7:1](-[#6@@:7](-[#6:6])(-[#6:9]=[#8:10])-[#1])(-[#1])-[#1].[#8:12]=[#8:13]	Any;Any
EVODEX.2-Dm246_0	Any	[#6:6]-[#6:7](=[#8])-[#1:21]>>[#7](-[#6:7](-[#6:6])(-[#1:21])-[#1])(-[#1])-[#1]	Any
EVODEX.2-Dm247_0	Any;Any	[#6:1]-[#7:2](-[#6:3](-[#6:4])(-[#1:21])-[#1])-[#1].[#8:14](-[#1])-[#1]>>[#6:1]-[#7:2](-[#1])-[#1].[#6:3](-[#6:4])(=[#8:14])-[#1:21]	Any;Any
EVODEX.2-Dm248_0	Any;Any	[#6:1]-[#7:2](-[#6:3](-[#6:4])(-[#1:21])-[#1])-[#1].[#8:15]=[#8:16]>>[#6:1]-[#7:2](-[#1])-[#1].[#6:3](-[#6:4])(=[#8])-[#1:21].[#8:15](-[#8:16]-[#1])-[#1]	Any;Any;Any
EVODEX.2-Dm249_0	Any;Any;Any	[#6:2]1:[#7:3]:[#6:4]:[#6:5]:[#6:12](-[#6:13](-[#7:14](-[#6:15])-[#1])(-[#1:32])-[#1]):[#6:19]:1.[#8:22]=[#8:23].[#8:21](-[#1])-[#1]>>[#6:2]1:[#7:3]:[#6:4]:[#6:5]:[#6:12](-[#6:13](=[#8:21])-[#1:32]):[#6:19]:1.[#7:14](-[#6:15])(-[#1])-[#1].[#8:22](-[#8:23]-[#1])-[#1]	Any;Any;Any
EVODEX.2-Dm250_0	Any;Any	[#6:2]1:[#7:3]:[#6:4]:[#6:5]:[#6:12](-[#6:13](-[#7:14](-[#6@@:15])-[#1])(-[#1:33])-[#1]):[#6:20]:1.[#8:23]=[#8:24]>>[#6:2]1:[#7:3]:[#6:4]:[#6:5]:[#6:12](-[#6:13](=[#8])-[#1:33]):[#6:20]:1.[#7:14](-[#6@@:15])(-[#1])-[#1].[#8:23](-[#8:24]-[#1])-[#1]	Any;Any;Any
EVODEX.2-Dm251_0	Any	[#6]1:[#7]:[#6]:[#6]:[#6](-[#6](-[#7:14](-[#6@@:15])-[#1])(-[#1])-[#1]):[#6]:1>>[#7:14](-[#6@@:15])(-[#1])-[#1]	Any
EVODEX.2-Dm252_0	Any;Any	[#6]1:[#7]:[#6]:[#6]:[#6](-[#6](-[#7:14](-[#6:15])-[#1])(-[#1])-[#1]):[#6]:1.[#8:25]=[#8:26]>>[#7:14](-[#6:15])(-[#1])-[#1].[#8:25](-[#8:26]-[#1])-[#1]	Any;Any
EVODEX.2-Dm253_0	Any	[#6:2]1:[#7:3]:[#6:4]:[#6:5]:[#6:12](-[#6:13](-[#7:14](-[#6@@:15])-[#1])(-[#1:39])-[#1]):[#6:26]:1>>[#6:2]1:[#7:3]:[#6:4]:[#6:5]:[#6:12](-[#6:13](=[#8])-[#1:39]):[#6:26]:1.[#7:14](-[#6@@:15])(-[#1])-[#1]	Any;Any
EVODEX.2-Dm254_0	Any;Any	[#6:2]1:[#7:3]:[#6:4]:[#6:5]:[#6:12](-[#6:13](-[#7:14](-[#6@@:15])-[#1])(-[#1:39])-[#1]):[#6:26]:1.[#8:28](-[#1])-[#1]>>[#6:2]1:[#7:3]:[#6:4]:[#6:5]:[#6:12](-[#6:13](=[#8:28])-[#1:39]):[#6:26]:1.[#7:14](-[#6@@:15])(-[#1])-[#1]	Any;Any
EVODEX.2-Dm255_0	Any;Any	[#6:20](=[#8:21])-[#6:22]1=[#6:23](-[#7:24](-[#6@@:25])-[#6:60](=[#6:61](-[#6:62]-1(-[#1:94])-[#1])-[#1:93])-[#1:92])-[#1:69].[#7:15](-[#6@:14])(-[#1])-[#1]>>[#6]-[#6@](-[#6]=[#8])(-[#7:15](-[#6@@:14])-[#1])-[#1].[#6:20](=[#8:21])-[#6:22]1:[#6:23](:[#7&+:24](-[#6@@:25]):[#6:60](:[#6:61](:[#6:62]:1-[#1:94])-[#1:93])-[#1:92])-[#1:69]	Any;Any
EVODEX.2-Dm256_0	Any	[#7:56](-[#6@:55])(-[#1])-[#1]>>[#6]-[#6@](-[#6]=[#8])(-[#7:56](-[#6@@:55])-[#1])-[#1]	Any
EVODEX.2-Dm257_0	Any;Any;Any	[#6:1]-[#6:2](=[#8])-[#6:4]=[#8:5].[#6:20](=[#8:21])-[#6:22]1=[#6:23](-[#7:24](-[#6@@:25])-[#6:60](=[#6:61](-[#6:62]-1(-[#1:94])-[#1])-[#1:93])-[#1:92])-[#1:69].[#7:15](-[#6@:14])(-[#1])-[#1]>>[#6:1]-[#6@:2](-[#6:4]=[#8:5])(-[#7:15](-[#6@@:14])-[#1])-[#1].[#6:20](=[#8:21])-[#6:22]1:[#6:23](:[#7&+:24](-[#6@@:25]):[#6:60](:[#6:61](:[#6:62]:1-[#1:94])-[#1:93])-[#1:92])-[#1:69]	Any;Any
EVODEX.2-Dm258_0	Any;Any	[#6:1]-[#6:2](=[#8])-[#6:4]=[#8:5].[#7:15](-[#6@:14])(-[#1])-[#1]>>[#6:1]-[#6@:2](-[#6:4]=[#8:5])(-[#7:15](-[#6@@:14])-[#1])-[#1]	Any
EVODEX.2-Dm259_0	Any;Any	[#6:1]-[#6@@:2](-[#7:3](-[#6@@:4])-[#1])(-[#6:13]=[#8:14])-[#1].[#6:17](=[#8:18])-[#6:19]1:[#6:20](:[#6:21](:[#6:22](:[#7&+:23](-[#6@@:24]):[#6:63]:1-[#1:111])-[#1:87])-[#1:86])-[#1:85]>>[#6:1]-[#6:2](-[#6:13]=[#8:14])=[#8].[#6:17](=[#8:18])-[#6:19]1=[#6:63](-[#7:23](-[#6@@:24])-[#6:22](=[#6:21](-[#6:20]-1(-[#1:85])-[#1])-[#1:86])-[#1:87])-[#1:111].[#7:3](-[#6@@:4])(-[#1])-[#1]	Any;Any;Any
EVODEX.2-Dm260_0	Any;Any	[#6:1]-[#6:2](=[#8:3])-[#6:4]=[#8:5].[#7:51](-[#6:52])(-[#1])-[#1]>>[#6:1]-[#6@:2](-[#6:4]=[#8:5])(-[#7:51](-[#6:52])-[#1])-[#1].[#8:3](-[#1])-[#1]	Any;Any
EVODEX.2-Dm264_0	Any	[#6:9]-[#7:10](-[#6](=[#8])-[#1])-[#6:13]1:[#6:14]:[#6:15]:[#6:16](-[#6:17]=[#8:18]):[#6:56]:[#6:57]:1>>[#6:9]-[#7:10](-[#6:13]1:[#6:14]:[#6:15]:[#6:16](-[#6:17]=[#8:18]):[#6:56]:[#6:57]:1)-[#1]	Any
EVODEX.2-Dm265_0	Any;Any	[#6:1](-[#7:2](-[#6:3])-[#1])(-[#1:10])(-[#1:11])-[#1].[#8:8]=[#8:9]>>[#6:1](=[#8])(-[#1:10])-[#1:11].[#7:2](-[#6:3])(-[#1])-[#1].[#8:8](-[#8:9]-[#1])-[#1]	Any;Any;Any
EVODEX.2-Dm266_0	Any	[#6](-[#7:2](-[#6:3])-[#1])(-[#1])(-[#1])-[#1]>>[#7:2](-[#6:3])(-[#1])-[#1]	Any
EVODEX.2-Dm267_0	Any;Any	[#6](-[#7:2](-[#6@@:3])-[#1])(-[#1])(-[#1])-[#1].[#8:9]=[#8:10]>>[#7:2](-[#6@@:3])(-[#1])-[#1].[#8:9](-[#8:10]-[#1])-[#1]	Any;Any
EVODEX.2-Dm268_0	Any	[#7:5](-[#6@:4])(-[#1])-[#1]>>[#6](-[#7:5](-[#6@@:4])-[#1])(-[#1])(-[#1])-[#1]	Any
EVODEX.2-Dm269_0	Any;Any;Any	[#6:1](-[#7:2](-[#6@@:3])-[#1])(-[#1:14])(-[#1:15])-[#1].[#8:12]=[#8:13].[#8:11](-[#1])-[#1]>>[#6:1](=[#8:11])(-[#1:14])-[#1:15].[#7:2](-[#6@@:3])(-[#1])-[#1].[#8:12](-[#8:13]-[#1])-[#1]	Any;Any;Any
EVODEX.2-Dm270_0	Any;Any	[#6:1](-[#7:2](-[#6@@:3])-[#1])(-[#1:14])(-[#1:15])-[#1].[#8:11](-[#1])-[#1]>>[#6:1](=[#8:11])(-[#1:14])-[#1:15].[#7:2](-[#6@@:3])(-[#1])-[#1]	Any;Any
EVODEX.2-Dm271_0	Any;Any;Any	[#6:12]-[#7:13](-[#6:14](-[#6:15])(-[#1:44])-[#1])-[#1].[#8:22]=[#8:23].[#8:21](-[#1])-[#1]>>[#6:12]-[#7:13](-[#1])-[#1].[#6:14](-[#6:15])(=[#8:21])-[#1:44].[#8:22](-[#8:23]-[#1])-[#1]	Any;Any;Any
EVODEX.2-Dm275_0	Any	[#6:47]-[#16:48]-[#16:49]-[#6:50]>>[#6:47]-[#16:48]-[#1].[#16:49](-[#6:50])-[#1]	Any;Any
EVODEX.2-Dm276_0	Any;Any	[#6:6]-[#16:7]-[#16:8]-[#6:9].[#6:66](=[#8:67])-[#6:68]1=[#6:69](-[#7:70](-[#6@@:71])-[#6:110](=[#6:111](-[#6:112]-1(-[#1:199])-[#1])-[#1:198])-[#1:197])-[#1:173]>>[#6:6]-[#16:7]-[#1].[#6:66](=[#8:67])-[#6:68]1:[#6:69](:[#7&+:70](-[#6@@:71]):[#6:110](:[#6:111](:[#6:112]:1-[#1:199])-[#1:198])-[#1:197])-[#1:173].[#16:8](-[#6:9])-[#1]	Any;Any;Any
EVODEX.2-Dm277_0	Any	[#6](-[#16&+:2](-[#6:3])-[#6:10])(-[#1])(-[#1])-[#1]>>[#16:2](-[#6:3])-[#6:10]	Any
EVODEX.2-Dm279_0	Any	[#6:30]-[#16:31]-[#1]>>[#6](-[#16:31]-[#6:30])(-[#1])(-[#1])-[#1]	Any
EVODEX.2-Dm280_0	Any;Any	[#6:18](=[#8:19])-[#8:20]-[#1].[#6:21](-[#16&+:22](-[#6:23])-[#6:30])(-[#1:76])(-[#1:77])-[#1:78]>>[#6:18](=[#8:19])-[#8:20]-[#6:21](-[#1:76])(-[#1:77])-[#1:78].[#16:22](-[#6:23])-[#6:30]	Any;Any
EVODEX.2-Dm281_0	Any	[#6:25](=[#8:26])-[#8:27]-[#1]>>[#6:25](=[#8:26])-[#8:27]-[#6](-[#1])(-[#1])-[#1]	Any
EVODEX.2-Dm282_0	Any;Any	[#6:60](=[#8:61])-[#8:62]-[#1].[#6:63](-[#16&+](-[#6])-[#6])(-[#1:166])(-[#1:167])-[#1:168]>>[#6:60](=[#8:61])-[#8:62]-[#6:63](-[#1:166])(-[#1:167])-[#1:168]	Any
EVODEX.2-Dm283_0	Any;Any	[#6:1](-[#16&+](-[#6])-[#6])(-[#1:68])(-[#1:69])-[#1:70].[#8:67](-[#6@@:66])-[#1]>>[#6:1](-[#8:67]-[#6@@:66])(-[#1:68])(-[#1:69])-[#1:70]	Any
EVODEX.2-Dm284_0	Any	[#7:9](-[#6@@:8])(-[#6:10])-[#1]>>[#7:9](-[#6@@:8])(-[#6](-[#1])(-[#1])-[#1])-[#6:10]	Any
EVODEX.2-Dm285_0	Any;Any	[#7:19](-[#6@:10])(-[#6:20])-[#1].[#6:22](-[#16&+:23](-[#6:24])-[#6:31])(-[#1:68])(-[#1:69])-[#1:70]>>[#7:19](-[#6@:10])(-[#6:22](-[#1:68])(-[#1:69])-[#1:70])-[#6:20].[#16:23](-[#6:24])-[#6:31]	Any;Any
EVODEX.2-Dm286_0	Any;Any	[#7:19](-[#6@:10])(-[#6:20])-[#1].[#6:22](-[#16&+](-[#6])-[#6])(-[#1:68])(-[#1:69])-[#1:70]>>[#7:19](-[#6@:10])(-[#6:22](-[#1:68])(-[#1:69])-[#1:70])-[#6:20]	Any
EVODEX.2-Dm287_0	Any	[#6:38]-[#16:39]-[#6:40]>>[#6](-[#16&+:39](-[#6:38])-[#6:40])(-[#1])(-[#1])-[#1]	Any
EVODEX.2-Dm288_0	Any;Any	[#6:3]1:[#6:4]:[#6:5]:[#6:6]:[#6:7]:[#6:8]:1-[#8:9]-[#1].[#6:26](-[#16&+:27](-[#6:28])-[#6:35])(-[#1:76])(-[#1:77])-[#1:78]>>[#6:3]1:[#6:4]:[#6:5]:[#6:6]:[#6:7]:[#6:8]:1-[#8:9]-[#6:26](-[#1:76])(-[#1:77])-[#1:78].[#16:27](-[#6:28])-[#6:35]	Any;Any
EVODEX.2-Dm289_0	Any	[#6:3]1:[#6:4]:[#6:5]:[#6:6]:[#6:7]:[#6:8]:1-[#8:9]-[#1]>>[#6:3]1:[#6:4]:[#6:5]:[#6:6]:[#6:7]:[#6:8]:1-[#8:9]-[#6](-[#1])(-[#1])-[#1]	Any
EVODEX.2-Dm290_0	Any;Any	[#6:1](-[#16&+](-[#6])-[#6])(-[#1:38])(-[#1:39])-[#1:40].[#7:34](-[#6@:33])(-[#1])-[#1]>>[#6:1](-[#7:34](-[#6@@:33])-[#1])(-[#1:38])(-[#1:39])-[#1:40]	Any
EVODEX.2-Dm291_0	Any;Any	[#6:1](-[#16&+](-[#6])-[#6])(-[#1:49])(-[#1:50])-[#1:51].[#6:38]1:[#6:39]:[#6:40](-[#8:41]-[#1]):[#6:42]:[#6:44]:[#6:45]:1>>[#6:1](-[#8:41]-[#6:40]1:[#6:39]:[#6:38]:[#6:45]:[#6:44]:[#6:42]:1)(-[#1:49])(-[#1:50])-[#1:51]	Any
EVODEX.2-Dm292_0	Any;Any	[#8:10](-[#6@@:9])-[#1].[#6:35](-[#16&+:36](-[#6:37])-[#6:44])(-[#1:86])(-[#1:87])-[#1:88]>>[#8:10](-[#6@@:9])-[#6:35](-[#1:86])(-[#1:87])-[#1:88].[#16:36](-[#6:37])-[#6:44]	Any;Any
EVODEX.2-Dm293_0	Any;Any	[#6:1]-[#6:2](-[#6:3])=[#6:4](-[#6:5])-[#1].[#6:32](-[#16&+:33](-[#6:34])-[#6:41])(-[#1:109])(-[#1:110])-[#1]>>[#6:1]-[#6:2](-[#6:3])(-[#6:4](-[#6:5])=[#6:32](-[#1:109])-[#1:110])-[#1].[#16:33](-[#6:34])-[#6:41]	Any;Any
EVODEX.2-Dm296_0	Any;Any	[#6:1](-[#16&+:2](-[#6:3])-[#6:10])(-[#1:33])(-[#1:34])-[#1:35].[#7:28](-[#6:29])(-[#1])-[#1]>>[#6:1](-[#7:28](-[#6:29])-[#1])(-[#1:33])(-[#1:34])-[#1:35].[#16:2](-[#6:3])-[#6:10]	Any;Any
EVODEX.2-Dm297_0	Any;Any	[#6:2]-[#6:3](-[#7](-[#1])-[#1])(-[#1:20])-[#1:21].[#7:5](-[#6@@:6])(-[#1])-[#1]>>[#6:2]-[#6:3](-[#7:5](-[#6@@:6])-[#1])(-[#1:20])-[#1:21]	Any
EVODEX.2-Dm298_0	Any	[#6:38]-[#8:41]-[#1]>>[#6:38]-[#8:41]-[#6](-[#1])(-[#1])-[#1]	Any
EVODEX.2-Dm305_0	Any	[#7:35](-[#6@:36])(-[#1])-[#1]>>[#6](=[#8])(-[#7:35](-[#6@:36])-[#1])-[#1]	Any
EVODEX.2-Dm306_0	Any;Any	[#8:47](-[#6@@:46])-[#1].[#8:78](-[#6@@:77])-[#15:79](=[#8:80])(-[#8:81])-[#8:82]>>[#8:47](-[#6@@:46])-[#15:79](=[#8:80])(-[#8:81])-[#8:82].[#8:78](-[#6@@:77])-[#1]	Any;Any
EVODEX.2-Dm307_0	Any;Any	[#6:8]-[#7:9](-[#1])-[#1].[#7:13]-[#6:14](=[#8:15])-[#8:16]-[#15:17]=[#8:18]>>[#6:8]-[#7:9](-[#6:14](-[#7:13])=[#8:15])-[#1].[#8:16](-[#15:17]=[#8:18])-[#1]	Any;Any
EVODEX.2-Dm308_0	Any;Any	[#6:8]-[#7:9](-[#1])-[#1].[#7:13]-[#6:14](=[#8:15])-[#8]-[#15]=[#8]>>[#6:8]-[#7:9](-[#6:14](-[#7:13])=[#8:15])-[#1]	Any
EVODEX.2-Dm309_0	Any	[#7:9](-[#6:10])(-[#1])-[#1]>>[#7]-[#6](=[#8])-[#7:9](-[#6:10])-[#1]	Any
EVODEX.2-Dm310_0	Any	[#7]-[#6](=[#8])-[#7:4](-[#6:5])-[#1]>>[#7:4](-[#6:5])(-[#1])-[#1]	Any
EVODEX.2-Dm311_0	Any;Any	[#7:13](-[#6:14])(-[#1])-[#1].[#7:1]=[#6:2](-[#7:3])-[#7:4](-[#6:5])-[#1]>>[#7:4](-[#6:5])(-[#1])-[#1].[#7:1]=[#6:2](-[#7:3])-[#7:13](-[#6:14])-[#1]	Any;Any
EVODEX.2-Dm312_0	Any	[#7]=[#6](-[#7])-[#7:4](-[#6:5])-[#1]>>[#7:4](-[#6:5])(-[#1])-[#1]	Any
EVODEX.2-Dm313_0	Any	[#7:13](-[#6:14])(-[#1])-[#1]>>[#7]=[#6](-[#7])-[#7:13](-[#6:14])-[#1]	Any
EVODEX.2-Dm314_0	Any;Any	[#8:15]=[#6:16](-[#6@:17])-[#1:29].[#8:1]=[#6:2](-[#6:3])-[#6@@](-[#8])(-[#6@])-[#1]>>[#8:1]=[#6:2](-[#6:3])-[#6@@:16](-[#8:15]-[#1])(-[#6@:17])-[#1:29]	Any
EVODEX.2-Dm315_0	Any;Any	[#8:1]=[#6:2](-[#8:3]-[#1])-[#6:4](=[#8:5])-[#6:6].[#8:8]=[#6:9](-[#6:10])-[#1:21]>>[#6:4](=[#8:5])(-[#6:6])-[#6@@:9](-[#8:8]-[#1])(-[#6:10])-[#1:21].[#8:1]=[#6:2]=[#8:3]	Any;Any
EVODEX.2-Dm316_0	Any;Any	[#8]=[#6](-[#8])-[#6:4](=[#8:5])-[#6:6].[#8:8]=[#6:9](-[#6:10])-[#1:21]>>[#6:4](=[#8:5])(-[#6:6])-[#6@@:9](-[#8:8]-[#1])(-[#6:10])-[#1:21]	Any
EVODEX.2-Dm318_0	Any	[#6:2]-[#6:4](=[#8:5])-[#6](=[#8])-[#8]>>[#6:2]-[#6:4](=[#8:5])-[#1]	Any
EVODEX.2-Dm319_0	Any	[#6:2]-[#6:4](=[#8:5])-[#6:6](=[#8:7])-[#8:8]-[#1]>>[#6:6](=[#8:7])=[#8:8].[#6:2]-[#6:4](=[#8:5])-[#1]	Any;Any
EVODEX.2-Dm324_0	Any;Any	[#6:47]-[#16:48]-[#1].[#8:77](-[#6@@:76])-[#6:78](-[#6:79])=[#8:80]>>[#6:47]-[#16:48]-[#6:78](-[#6:79])=[#8:80].[#8:77](-[#6@@:76])-[#1]	Any;Any
EVODEX.2-Dm325_0	Any;Any	[#6:47]-[#16:48]-[#6:49](=[#8:50])-[#6:51].[#7:65](-[#6@:64])(-[#1])-[#1]>>[#6:49](=[#8:50])(-[#6:51])-[#7:65](-[#6@@:64])-[#1].[#6:47]-[#16:48]-[#1]	Any;Any
EVODEX.2-Dm327_0	Any;Any	[#6:47]-[#16:48]-[#6:49](=[#8:50])/[#6:51]=[#6:52]/[#6:53]1:[#6:54]:[#6:55]:[#6:56]:[#6:58]:[#6:60]:1.[#7:61](-[#6:62])(-[#1])-[#1]>>[#6:49](=[#8:50])(/[#6:51]=[#6:52]/[#6:53]1:[#6:54]:[#6:55]:[#6:56]:[#6:58]:[#6:60]:1)-[#7:61](-[#6:62])-[#1].[#6:47]-[#16:48]-[#1]	Any;Any
EVODEX.2-Dm328_0	Any;Any	[#6:3]1:[#6:4]:[#6:5](/[#6:6]=[#6:7]/[#6:8](=[#8:9])-[#16]-[#6]):[#6:58]:[#6:59]:[#6:60]:1.[#7:62](-[#6:63])(-[#1])-[#1]>>[#6:3]1:[#6:4]:[#6:5](/[#6:6]=[#6:7]/[#6:8](=[#8:9])-[#7:62](-[#6:63])-[#1]):[#6:58]:[#6:59]:[#6:60]:1	Any
EVODEX.2-Dm330_0	Any;Any	[#6]-[#16]-[#6:49](=[#8:50])-[#6:51].[#7:56](-[#6:57])(-[#1])-[#1]>>[#6:49](=[#8:50])(-[#6:51])-[#7:56](-[#6:57])-[#1]	Any
EVODEX.2-Dm331_0	Any;Any	[#6:2]-[#6:3](=[#8:4])-[#16]-[#6].[#7:65]-[#8:66]-[#1]>>[#6:2]-[#6:3](=[#8:4])-[#8:66]-[#7:65]	Any
EVODEX.2-Dm332_0	Any;Any	[#6:47]-[#16:48]-[#6:49](=[#8:50])-[#6:51].[#7:67]-[#8:68]-[#1]>>[#6:49](=[#8:50])(-[#6:51])-[#8:68]-[#7:67].[#6:47]-[#16:48]-[#1]	Any;Any
EVODEX.2-Dm333_0	Any;Any	[#6:62]-[#16:63]-[#1].[#6:1]-[#6:2](=[#8:3])-[#16:4]-[#6:5]>>[#6:1]-[#6:2](=[#8:3])-[#16:63]-[#6:62].[#16:4](-[#6:5])-[#1]	Any;Any
EVODEX.2-Dm334_0	Any;Any	[#6:28]-[#6:60](=[#8:61])-[#8:62]-[#6:63].[#6:155]-[#8:156]-[#1]>>[#6:28]-[#6:60](=[#8:61])-[#8:156]-[#6:155].[#8:62](-[#6:63])-[#1]	Any;Any
EVODEX.2-Dm337_0	Any	[#6:61]-[#7:62](-[#1])-[#1]>>[#6](=[#8])(-[#6]1:[#6]:[#6]:[#6]:[#6]:[#6]:1)-[#7:62](-[#6:61])-[#1]	Any
EVODEX.2-Dm338_0	Any	[#6:4]-[#6:5](=[#8:6])-[#16]-[#6]>>[#6:4]-[#6:5](=[#8:6])-[#7](-[#6])-[#1]	Any
EVODEX.2-Dm339_0	Any	[#6]1:[#6]:[#6](/[#6]=[#6]/[#6](=[#8])-[#8:58]-[#6@@:59]):[#6]:[#6]:[#6]:1>>[#8:58](-[#6@@:59])-[#1]	Any
EVODEX.2-Dm341_0	Any	[#6:17]-[#6:18](=[#8:19])-[#16]-[#6]>>[#6:17]-[#6:18](=[#8:19])-[#8]-[#6]	Any
EVODEX.2-Dm343_0	Any;Any	[#6:1](-[#6:2]=[#8:3])(-[#1:115])(-[#1:116])-[#1].[#6:64]-[#6:65](=[#8:66])-[#16:67]-[#6:68]>>[#6:1](-[#6:2]=[#8:3])(-[#6:65](-[#6:64])=[#8:66])(-[#1:115])-[#1:116].[#16:67](-[#6:68])-[#1]	Any;Any
EVODEX.2-Dm344_0	Any	[#6:64]-[#6:65](=[#8:66])-[#16:67]-[#6:68]>>[#6](-[#6]=[#8])(-[#6:65](-[#6:64])=[#8:66])(-[#1])-[#1].[#16:67](-[#6:68])-[#1]	Any;Any
EVODEX.2-Dm345_0	Any;Any	[#6:47]-[#16:48]-[#1].[#6:61]-[#6:62](=[#8:63])-[#6:64](-[#6:65]=[#8:66])(-[#1:178])-[#1:179]>>[#6:47]-[#16:48]-[#6:62](-[#6:61])=[#8:63].[#6:64](-[#6:65]=[#8:66])(-[#1:178])(-[#1:179])-[#1]	Any;Any
EVODEX.2-Dm346_0	Any;Any	[#6:1](-[#6:2]=[#8:3])(-[#1:105])(-[#1:106])-[#1].[#6:54]-[#6:55](=[#8:56])-[#16]-[#6]>>[#6:1](-[#6:2]=[#8:3])(-[#6:55](-[#6:54])=[#8:56])(-[#1:105])-[#1:106]	Any
EVODEX.2-Dm347_0	Any	[#6:53]-[#6:54](=[#8:55])-[#6:56](-[#6:57]=[#8:58])(-[#1:154])-[#1:155]>>[#6]-[#16]-[#6:54](-[#6:53])=[#8:55].[#6:56](-[#6:57]=[#8:58])(-[#1:154])(-[#1:155])-[#1]	Any;Any
EVODEX.2-Dm348_0	Any;Any	[#6:1]-[#6:2](=[#8:3])-[#16]-[#6].[#8:52](-[#1])-[#1]>>[#6:1]-[#6:2](=[#8:3])-[#8:52]-[#1]	Any
EVODEX.2-Dm349_0	Any	[#6:5]-[#6:6](=[#8:7])-[#16]-[#6]>>[#6:5]-[#6:6](=[#8:7])-[#8]-[#1]	Any
EVODEX.2-Dm352_0	Any;Any	[#8:26](-[#6@:25])-[#1].[#6:87]-[#16:88]-[#6:89](=[#8:90])-[#6:91]1:[#6:92]:[#6:93]:[#6:94]:[#6:95]:[#6:96]:1>>[#8:26](-[#6@:25])-[#6:89](=[#8:90])-[#6:91]1:[#6:92]:[#6:93]:[#6:94]:[#6:95]:[#6:96]:1.[#6:87]-[#16:88]-[#1]	Any;Any
EVODEX.2-Dm353_0	Any;Any	[#6:1]=[#6:2]-[#8:3]-[#6:4](-[#6:5])=[#8:6].[#8:23](-[#6@:22])-[#1]>>[#6:4](-[#6:5])(=[#8:6])-[#8:23]-[#6@:22].[#6:1]=[#6:2]-[#8:3]-[#1]	Any;Any
EVODEX.2-Dm354_0	Any;Any	[#6:2]-[#6:6](=[#8:7])-[#16:8]-[#6:9].[#8:56](-[#6:57])-[#1]>>[#6:2]-[#6:6](=[#8:7])-[#8:56]-[#6:57].[#16:8](-[#6:9])-[#1]	Any;Any
EVODEX.2-Dm356_0	Any;Any	[#6:41]-[#8:42]-[#1].[#6:6]-[#16:7]-[#6:8](=[#8:9])-[#6:10]=[#6:12]>>[#6:8](=[#8:9])(-[#6:10]=[#6:12])-[#8:42]-[#6:41].[#6:6]-[#16:7]-[#1]	Any;Any
EVODEX.2-Dm357_0	Any;Any	[#6:2]=[#6:3]-[#6:5](=[#8:6])-[#16]-[#6].[#6:63]-[#8:64]-[#1]>>[#6:2]=[#6:3]-[#6:5](=[#8:6])-[#8:64]-[#6:63]	Any
EVODEX.2-Dm359_0	Any;Any	[#6:1]-[#6:2](=[#8:3])-[#16]-[#6].[#8:52](-[#6:53](-[#6:54])(-[#6:59])-[#1:103])-[#1]>>[#6:1]-[#6:2](=[#8:3])-[#8:52]-[#6@@:53](-[#6:54])(-[#6:59])-[#1:103]	Any
EVODEX.2-Dm360_0	Any;Any	[#6:3]-[#6:4](=[#8:5])-[#16]-[#6].[#8:54]=[#15:55]-[#8:56]-[#1]>>[#6:3]-[#6:4](=[#8:5])-[#8:56]-[#15:55]=[#8:54]	Any
EVODEX.2-Dm361_0	Any	[#6:3]-[#6:4](=[#8:5])-[#16]-[#6]>>[#6:3]-[#6:4](=[#8:5])-[#8]-[#15]=[#8]	Any
EVODEX.2-Dm362_0	Any	[#6:3]-[#6:4](=[#8:5])-[#16:6]-[#6:7]>>[#6:3]-[#6:4](=[#8:5])-[#8]-[#15]=[#8].[#16:6](-[#6:7])-[#1]	Any;Any
EVODEX.2-Dm363_0	Any;Any	[#6:1]-[#6:2](=[#8:3])-[#16:4]-[#6:5].[#8:52]=[#15:53]-[#8:54]-[#1]>>[#6:1]-[#6:2](=[#8:3])-[#8:54]-[#15:53]=[#8:52].[#16:4](-[#6:5])-[#1]	Any;Any
EVODEX.2-Dm364_0	Any	[#8:57](-[#6:58])-[#1]>>[#6](=[#8])(-[#6]1:[#6]:[#6]:[#6]:[#6]:[#6]:1)-[#8:57]-[#6:58]	Any
EVODEX.2-Dm365_0	Any;Any	[#6:45]-[#16:46]-[#1].[#6:64]-[#6:65](=[#8:66])-[#16]-[#6]>>[#6:45]-[#16:46]-[#6:65](-[#6:64])=[#8:66]	Any
EVODEX.2-Dm366_0	Any;Any	[#6:19]-[#6@@:20](-[#8:21]-[#1])(-[#6:22])-[#1:131].[#6:47]-[#6:48](=[#8:49])-[#16:50]-[#6:51]>>[#6:19]-[#6:20](-[#8:21]-[#6:48](-[#6:47])=[#8:49])(-[#6:22])-[#1:131].[#16:50](-[#6:51])-[#1]	Any;Any
EVODEX.2-Dm367_0	Any;Any	[#6:1]-[#6:2](=[#8:3])-[#16:4]-[#6:5].[#6:57]-[#7:58](-[#6@@:55])-[#1]>>[#6:1]-[#6:2](=[#8:3])-[#7:58](-[#6@:55])-[#6:57].[#16:4](-[#6:5])-[#1]	Any;Any
EVODEX.2-Dm368_0	Any	[#6:56]-[#7:57](-[#6:58])-[#1]>>[#6]-[#6](=[#8])-[#7:57](-[#6:56])-[#6:58]	Any
EVODEX.2-Dm369_0	Any	[#6:1]-[#6:2](=[#8:3])-[#8:4]-[#6:5]>>[#6:1]-[#6:2](=[#8:3])-[#16]-[#6].[#8:4](-[#6:5])-[#1]	Any;Any
EVODEX.2-Dm370_0	Any;Any	[#6:1]-[#6:2](=[#8:3])-[#7:4](-[#6@@:5])-[#1].[#7:13](-[#6@@:14])(-[#1])-[#1]>>[#6:1]-[#6:2](=[#8:3])-[#7:13](-[#6@@:14])-[#1].[#7:4](-[#6@@:5])(-[#1])-[#1]	Any;Any
EVODEX.2-Dm372_0	Any;Any	[#6:1]-[#6:2](=[#8:3])-[#16]-[#6].[#6:58]-[#7:59](-[#6@:55])-[#1]>>[#6:1]-[#6:2](=[#8:3])-[#7:59](-[#6@@:55])-[#6:58]	Any
EVODEX.2-Dm373_0	Any;Any	[#6]-[#16]-[#6:49](=[#8:50])-[#6:51].[#6:59]-[#6@:60](-[#7:61])(-[#6](=[#8])-[#8])-[#1:114]>>[#6:49](=[#8:50])(-[#6:51])-[#6:60](-[#6:59])(-[#7:61])-[#1:114]	Any
EVODEX.2-Dm374_0	Any;Any	[#6]-[#16]-[#6:49](=[#8:50])-[#6:51].[#6:59]-[#6@:60](-[#7:61])(-[#6:62](=[#8:63])-[#8:64]-[#1])-[#1:114]>>[#6:49](=[#8:50])(-[#6:51])-[#6:60](-[#6:59])(-[#7:61])-[#1:114].[#6:62](=[#8:63])=[#8:64]	Any;Any
EVODEX.2-Dm375_0	Any;Any	[#6:1]-[#6:2](=[#8:3])-[#16:4]-[#6:5].[#6:58]-[#6@:59](-[#7:60])(-[#6:61](=[#8:62])-[#8:63]-[#1])-[#1:112]>>[#6:61](=[#8:62])=[#8:63].[#6:1]-[#6:2](=[#8:3])-[#6@:59](-[#6:58])(-[#7:60])-[#1:112].[#16:4](-[#6:5])-[#1]	Any;Any;Any
EVODEX.2-Dm376_0	Any;Any	[#6:2]-[#6:4](=[#8:5])-[#16:6]-[#6:7].[#6:60]-[#6@:61](-[#7:62])(-[#6](=[#8])-[#8])-[#1:118]>>[#6:2]-[#6:4](=[#8:5])-[#6@:61](-[#6:60])(-[#7:62])-[#1:118].[#16:6](-[#6:7])-[#1]	Any;Any
EVODEX.2-Dm377_0	Any;Any	[#7:11](-[#6@:12])(-[#1])-[#1].[#7:1](-[#6:2](=[#8:3])-[#6:4])(-[#1])-[#1]>>[#6:2](=[#8:3])(-[#6:4])-[#7:11](-[#6@:12])-[#1].[#7:1](-[#1])(-[#1])-[#1]	Any;Any
EVODEX.2-Dm378_0	Any;Any	[#7:11](-[#6:12])(-[#1])-[#1].[#7](-[#6:2](=[#8:3])-[#6:4])(-[#1])-[#1]>>[#6:2](=[#8:3])(-[#6:4])-[#7:11](-[#6:12])-[#1]	Any
EVODEX.2-Dm379_0	Any;Any	[#6:17]-[#6:18](=[#8:19])-[#7:20](-[#6:21]1:[#6:22]:[#6:23]:[#6:24](-[#7&+:25]=[#8:26]):[#6:28]:[#6:29]:1)-[#1].[#7:1](-[#6:2])(-[#1])-[#1]>>[#7:20](-[#6:21]1:[#6:22]:[#6:23]:[#6:24](-[#7&+:25]=[#8:26]):[#6:28]:[#6:29]:1)(-[#1])-[#1].[#7:1](-[#6:2])(-[#6:18](-[#6:17])=[#8:19])-[#1]	Any;Any
EVODEX.2-Dm380_0	Any;Any	[#6:17]-[#6:18](=[#8:19])-[#7](-[#6]1:[#6]:[#6]:[#6](-[#7&+]=[#8]):[#6]:[#6]:1)-[#1].[#7:1](-[#6:2])(-[#1])-[#1]>>[#7:1](-[#6:2])(-[#6:18](-[#6:17])=[#8:19])-[#1]	Any
EVODEX.2-Dm382_0	Any	([#7:18](-[#6@@:17])(-[#1])-[#1].[#6:20]-[#6:21](-[#7:22](-[#1])-[#1])=[#8:23])>>[#7:18](-[#6@:17])(-[#6:21](=[#8:23])-[#6:20])-[#1].[#7:22](-[#1])(-[#1])-[#1]	Any;Any
EVODEX.2-Dm383_0	Any	([#6:8](=[#8:9])-[#6@@:10](-[#7](-[#1])-[#1])(-[#6:12])-[#1:28].[#6:14](-[#7:15](-[#1])-[#1])=[#8:16])>>[#6:8](=[#8:9])-[#6@:10](-[#6:12])(-[#7:15](-[#6:14]=[#8:16])-[#1])-[#1:28]	Any
EVODEX.2-Dm384_0	Any	([#7:1](-[#6:2]=[#8:3])(-[#1])-[#1].[#6:5]-[#6@:6](-[#7:7](-[#1])-[#1])(-[#6:8]=[#8:9])-[#1:21])>>[#7:7](-[#1])(-[#1])-[#1].[#7:1](-[#6:2]=[#8:3])(-[#6@@:6](-[#6:5])(-[#6:8]=[#8:9])-[#1:21])-[#1]	Any;Any
EVODEX.2-Dm385_0	Any	([#7:16](-[#6@@:15])(-[#1])-[#1].[#6:18]-[#6:19](-[#7](-[#1])-[#1])=[#8:21])>>[#7:16](-[#6@:15])(-[#6:19](=[#8:21])-[#6:18])-[#1]	Any
EVODEX.2-Dm386_0	Any;Any	[#6:4]-[#6:5](=[#8:6])-[#7:7](-[#7:8])-[#1].[#8:20](-[#1])-[#1]>>[#6:4]-[#6:5](=[#8:6])-[#8:20]-[#1].[#7:7](-[#7:8])(-[#1])-[#1]	Any;Any
EVODEX.2-Dm387_0	Any	[#6:4]-[#6:5](=[#8:6])-[#7:7](-[#7:8])-[#1]>>[#6:4]-[#6:5](=[#8:6])-[#8]-[#1].[#7:7](-[#7:8])(-[#1])-[#1]	Any;Any
EVODEX.2-Dm388_0	Any;Any	[#6:1](-[#6:2](=[#8:3])-[#16:4]-[#6:5])(-[#1:62])(-[#1:63])-[#1].[#6:56]-[#6:57](=[#8:58])-[#6:59]=[#8:60]>>[#6:1](-[#6:2](=[#8:3])-[#8]-[#1])(-[#6:57](-[#6:56])(-[#8:58]-[#1])-[#6:59]=[#8:60])(-[#1:62])-[#1:63].[#16:4](-[#6:5])-[#1]	Any;Any
EVODEX.2-Dm389_0	Any;Any	[#6:1](-[#6:2](=[#8:3])-[#16]-[#6])(-[#1:62])(-[#1:63])-[#1].[#6:56]-[#6:57](=[#8:58])-[#6:59]=[#8:60]>>[#6:1](-[#6:2](=[#8:3])-[#8]-[#1])(-[#6:57](-[#6:56])(-[#8:58]-[#1])-[#6:59]=[#8:60])(-[#1:62])-[#1:63]	Any
EVODEX.2-Dm390_0	Any	[#6:56]-[#6:57](=[#8:58])-[#6:59]=[#8:60]>>[#6](-[#6]=[#8])(-[#6:57](-[#6:56])(-[#8:58]-[#1])-[#6:59]=[#8:60])(-[#1])-[#1]	Any
EVODEX.2-Dm391_0	Any;Any;Any	[#6:1](-[#6:2](=[#8:3])-[#16]-[#6])(-[#1:62])(-[#1:63])-[#1].[#6:56]-[#6:57](=[#8:58])-[#6:59]=[#8:60].[#8:52](-[#1])-[#1]>>[#6:1](-[#6:2](=[#8:3])-[#8:52]-[#1])(-[#6:57](-[#6:56])(-[#8:58]-[#1])-[#6:59]=[#8:60])(-[#1:62])-[#1:63]	Any
EVODEX.2-Dm392_0	Any;Any;Any	[#6:1](-[#6:2](=[#8:3])-[#16:4]-[#6:5])(-[#1:61])(-[#1:62])-[#1].[#6:53]-[#6:55](=[#8:56])-[#6:57]=[#8:58].[#8:60](-[#1])-[#1]>>[#6:1](-[#6:2](=[#8:3])-[#8:60]-[#1])(-[#6@@:55](-[#6:53])(-[#8:56]-[#1])-[#6:57]=[#8:58])(-[#1:61])-[#1:62].[#16:4](-[#6:5])-[#1]	Any;Any
EVODEX.2-Dm393_0	Any;Any	[#6:54]-[#6:55](=[#8:56])-[#6:57]=[#8:58].[#8:60](-[#1])-[#1]>>[#6](-[#6](=[#8])-[#8:60]-[#1])(-[#6:55](-[#6:54])(-[#8:56]-[#1])-[#6:57]=[#8:58])(-[#1])-[#1]	Any
EVODEX.2-Dm394_0	Any;Any;Any	[#6:2]-[#6:4](=[#8:5])-[#6:6]=[#8:7].[#6:9]-[#6:10](-[#6:11](=[#8:12])-[#16:13]-[#6:14])(-[#1:73])-[#1].[#8:61](-[#1])-[#1]>>[#6:2]-[#6:4](-[#8:5]-[#1])(-[#6:6]=[#8:7])-[#6:10](-[#6:9])(-[#6:11](=[#8:12])-[#8:61]-[#1])-[#1:73].[#16:13](-[#6:14])-[#1]	Any;Any
EVODEX.2-Dm395_0	Any;Any	[#6:2]-[#6:4](=[#8:5])-[#6:6]=[#8:7].[#6:9]-[#6:10](-[#6:11](=[#8:12])-[#16]-[#6])(-[#1:73])-[#1]>>[#6:2]-[#6:4](-[#8:5]-[#1])(-[#6:6]=[#8:7])-[#6:10](-[#6:9])(-[#6:11](=[#8:12])-[#8]-[#1])-[#1:73]	Any
EVODEX.2-Dm396_0	Any;Any;Any	[#6:2]-[#6:4](=[#8:5])-[#6:6]=[#8:7].[#6:10]-[#6:11](-[#6:12](=[#8:13])-[#16]-[#6])(-[#1:76])-[#1].[#8:62](-[#1])-[#1]>>[#6:2]-[#6:4](-[#8:5]-[#1])(-[#6:6]=[#8:7])-[#6:11](-[#6:10])(-[#6:12](=[#8:13])-[#8:62]-[#1])-[#1:76]	Any
EVODEX.2-Dm397_0	Any;Any	[#6:8]-[#6:9](-[#6:10](=[#8:11])-[#16:12]-[#6:13])(-[#1:87])-[#1].[#6:64]-[#6:65](=[#8:66])-[#6:67]=[#8:68]>>[#6:8]-[#6:9](-[#6:10](=[#8:11])-[#8]-[#1])(-[#6:65](-[#6:64])(-[#8:66]-[#1])-[#6:67]=[#8:68])-[#1:87].[#16:12](-[#6:13])-[#1]	Any;Any
EVODEX.2-Dm398_0	Any;Any	[#6:47]-[#16:48]-[#1].[#8:67]-[#15:68](=[#8:69])(-[#8:70])-[#8:71]-[#15:72]=[#8:73]>>[#6:47]-[#16:48]-[#6](-[#6])=[#8].[#8:67]-[#15:68](=[#8:69])(-[#8:70])-[#8]-[#1].[#8:71](-[#15:72]=[#8:73])-[#1]	Any;Any;Any
EVODEX.2-Dm399_0	Any;Any;Any	[#6]-[#6](=[#8])-[#16:4]-[#6:5].[#8:68]-[#15:69](=[#8:70])(-[#8]-[#1])-[#8:72].[#8:89]=[#15:90]-[#8:91]-[#1]>>[#8:68]-[#15:69](=[#8:70])(-[#8:72])-[#8:91]-[#15:90]=[#8:89].[#16:4](-[#6:5])-[#1]	Any;Any
EVODEX.2-Dm400_0	Any;Any	[#8:1]=[#15:2]-[#8:3]-[#1].[#8:9]-[#6@:10](-[#8:11]-[#6@:12])(-[#6@:78])-[#1:91]>>[#8:1]=[#15:2]-[#8:3]-[#6@@:10](-[#8:9])(-[#6@:78])-[#1:91].[#8:11](-[#6@:12])-[#1]	Any;Any
EVODEX.2-Dm402_0	Any	[#8:14]-[#6@:15](-[#8:16]-[#6@:17])(-[#6@:28])-[#1:62]>>[#8]=[#15]-[#8]-[#6@@:15](-[#8:14])(-[#6@:28])-[#1:62].[#8:16](-[#6@:17])-[#1]	Any;Any
EVODEX.2-Dm403_0	Any;Any	[#8:1](-[#6:2])-[#1].[#8:49]-[#6@@:50](-[#6:51])(-[#8]-[#6@])-[#6@@:65]>>[#8:1](-[#6:2])-[#6@@:50](-[#6:51])(-[#8:49])-[#6@@:65]	Any
EVODEX.2-Dm404_0	Any	[#8:1](-[#6:2])-[#1]>>[#8:1](-[#6:2])-[#6@@](-[#6])(-[#8])-[#6@@]	Any
EVODEX.2-Dm405_0	Any	[#8:33](-[#6@:32](-[#6@:31])(-[#8:58])-[#1:96])-[#15:34]=[#8:35]>>[#8](-[#6@@:32](-[#6@:31])(-[#8:58])-[#1:96])-[#1].[#8:33](-[#15:34]=[#8:35])-[#1]	Any;Any
EVODEX.2-Dm407_0	Any	[#15:102](=[#8:103])-[#8:105]-[#6@](-[#8])(-[#6@@])-[#1]>>[#15:102](=[#8:103])-[#8:105]-[#1]	Any
EVODEX.2-Dm408_0	Any;Any	[#6:141]1:[#6:142]:[#6:143]:[#6:144](-[#8:145]-[#1]):[#6:146]:[#6:147]:1.[#15:102](=[#8:103])-[#8:105]-[#6@:106](-[#8:107])(-[#6@@:115])-[#1:405]>>[#15:102](=[#8:103])-[#8:105]-[#1].[#6:106](-[#8:145]-[#6:144]1:[#6:143]:[#6:142]:[#6:141]:[#6:147]:[#6:146]:1)(-[#8:107])(-[#6@@:115])-[#1:405]	Any;Any
EVODEX.2-Dm409_0	Any	[#15:39](=[#8:40])-[#8:41]-[#1]>>[#8:41](-[#6@@](-[#8])(-[#6@])-[#1])-[#15:39]=[#8:40]	Any
EVODEX.2-Dm410_0	Any;Any	[#6:3]1:[#6:4]:[#6:5](-[#6:6]2:[#8:7]:[#6:8]3:[#6:9]:[#6:10]:[#6:12]:[#6:13]:[#6:15]:3:[#6:16](=[#8:17]):[#6:18]:2-[#8:19]-[#1]):[#6:20]:[#6:21]:[#6:22]:1.[#15](=[#8])-[#8]-[#6@@:42](-[#8:43])(-[#6@:51])-[#1:80]>>[#6:3]1:[#6:4]:[#6:5](-[#6:6]2:[#8:7]:[#6:8]3:[#6:9]:[#6:10]:[#6:12]:[#6:13]:[#6:15]:3:[#6:16](=[#8:17]):[#6:18]:2-[#8:19]-[#6@:42](-[#8:43])(-[#6@:51])-[#1:80]):[#6:20]:[#6:21]:[#6:22]:1	Any
EVODEX.2-Dm412_0	Any;Any	[#15:15](=[#8:16])-[#8:18]-[#6@@:19](-[#8:20])(-[#6@:28])-[#1:62].[#6:43]1:[#7:44]:[#6:45]:[#7:46]:[#6:47]2:[#7:48]:[#6:49]:[#7:50](:[#6:51]:1:2)-[#1]>>[#7:50]1(-[#6@@:19](-[#8:20])(-[#6@:28])-[#1:62]):[#6:49]:[#7:48]:[#6:47]2:[#7:46]:[#6:45]:[#7:44]:[#6:43]:[#6:51]:1:2.[#15:15](=[#8:16])-[#8:18]-[#1]	Any;Any
EVODEX.2-Dm415_0	Any;Any	[#6:17](=[#8:18])-[#8:19]-[#1].[#8](-[#6@:25](-[#6@:24])(-[#8:51])-[#1:77])-[#15]=[#8]>>[#6:17](=[#8:18])-[#8:19]-[#6@@:25](-[#6@:24])(-[#8:51])-[#1:77]	Any
EVODEX.2-Dm416_0	Any;Any	[#8:55](-[#6@@:54](-[#6@:52])(-[#6@:56])-[#1:141])-[#1].[#8](-[#6@:65](-[#6@:64])(-[#8:91])-[#1:152])-[#15]=[#8]>>[#6:54](-[#6@:52])(-[#8:55]-[#6@:65](-[#6@:64])(-[#8:91])-[#1:152])(-[#6@:56])-[#1:141]	Any
EVODEX.2-Dm419_0	Any;Any	[#8:11](-[#6@@:10])-[#1].[#8:27]-[#6@@:28](-[#6:29])(-[#8:31]-[#6@@:32](-[#8:33])(-[#6@:41])-[#1:76])-[#6@@:43]>>[#8:11](-[#6@@:10])-[#6@:28](-[#6:29])(-[#8:27])-[#6@@:43].[#8:31](-[#6:32](-[#8:33])(-[#6@:41])-[#1:76])-[#1]	Any;Any
EVODEX.2-Dm421_0	Any;Any	[#8:5]-[#6@:6](-[#8:7]-[#15:8]=[#8:9])(-[#6@:32])-[#1:62].[#8:38]=[#6:39]1:[#6:40](-[#8:41]-[#1]):[#6:42](-[#6:43]2:[#6:44]:[#6:45]:[#6:46]:[#6:48]:[#6:50]:2):[#8:51]:[#6:52]2:[#6:53]:[#6:54]:[#6:56]:[#6:57]:[#6:59]:1:2>>[#8:5]-[#6:6](-[#8:41]-[#6:40]1:[#6:39](=[#8:38]):[#6:59]2:[#6:52](:[#8:51]:[#6:42]:1-[#6:43]1:[#6:44]:[#6:45]:[#6:46]:[#6:48]:[#6:50]:1):[#6:53]:[#6:54]:[#6:56]:[#6:57]:2)(-[#6@:32])-[#1:62].[#8:7](-[#15:8]=[#8:9])-[#1]	Any;Any
EVODEX.2-Dm422_0	Any;Any	[#15:15](=[#8:16])-[#8:18]-[#6@@:19](-[#8:20])(-[#6@:28])-[#1:63].[#8:37](-[#6:38])-[#1]>>[#8:37](-[#6@:19](-[#8:20])(-[#6@:28])-[#1:63])-[#6:38].[#15:15](=[#8:16])-[#8:18]-[#1]	Any;Any
EVODEX.2-Dm424_0	Any;Any	[#8:4]-[#6@@:5](-[#6:6])(-[#8:8]-[#6@@:9](-[#8:10])(-[#6@:18])-[#1:54])-[#6@@:20].[#8:46](-[#6@@:45])-[#1]>>[#8:46](-[#6@:9](-[#8:10])(-[#6@:18])-[#1:54])-[#6@@:45].[#8:4]-[#6:5](-[#6:6])(-[#8:8]-[#1])-[#6@@:20]	Any;Any
EVODEX.2-Dm426_0	Any;Any	[#8:7](-[#6@:6](-[#6@:5])(-[#8:32])-[#1:123])-[#15:8]=[#8:9].[#6:116]-[#6@:115](-[#6@:67])(-[#8:117]-[#1])-[#1:214]>>[#8:117](-[#6@:6](-[#6@:5])(-[#8:32])-[#1:123])-[#6:115](-[#6@:67])(-[#6:116])-[#1:214].[#8:7](-[#15:8]=[#8:9])-[#1]	Any;Any
EVODEX.2-Dm427_0	Any;Any	[#15:57](=[#8:58])-[#8:59]-[#1].[#15:78](=[#8:79])-[#8:81]-[#6@@:82](-[#8:83])(-[#6@@:91])-[#1:200]>>[#15:57](=[#8:58])-[#8:59]-[#6@:82](-[#8:83])(-[#6@@:91])-[#1:200].[#15:78](=[#8:79])-[#8:81]-[#1]	Any;Any
EVODEX.2-Dm428_0	Any;Any	[#8:1]=[#7&+:2]-[#6:4]1:[#6:5]:[#6:6]:[#6:7](-[#8:8]-[#6@@:9](-[#8:10])(-[#6@:18])-[#1:58]):[#6:20]:[#6:21]:1.[#8:22](-[#6:23])-[#1]>>[#8:22](-[#6@@:9](-[#8:10])(-[#6@:18])-[#1:58])-[#6:23].[#8:1]=[#7&+:2]-[#6:4]1:[#6:5]:[#6:6]:[#6:7](-[#8:8]-[#1]):[#6:20]:[#6:21]:1	Any;Any
EVODEX.2-Dm429_0	Any;Any	[#8]=[#7&+]-[#6]1:[#6]:[#6]:[#6](-[#8]-[#6@@:9](-[#8:10])(-[#6@:18])-[#1:58]):[#6]:[#6]:1.[#8:22](-[#6:23])-[#1]>>[#8:22](-[#6@@:9](-[#8:10])(-[#6@:18])-[#1:58])-[#6:23]	Any
EVODEX.2-Dm430_0	Any;Any	[#8:6]-[#6@:7](-[#6:8](-[#8:9])(-[#1:30])-[#1:31])(-[#6@@:10])-[#1:29].[#8:19]=[#15:20]-[#8:21]-[#1]>>[#8:6]-[#6@:7](-[#8:21]-[#15:20]=[#8:19])(-[#6@@:10])-[#1:29].[#6:8](-[#8:9])(-[#1:30])(-[#1:31])-[#1]	Any;Any
EVODEX.2-Dm431_0	Any;Any	[#8:6]-[#6@:7](-[#6](-[#8])(-[#1])-[#1])(-[#6@@:10])-[#1:29].[#8:19]=[#15:20]-[#8:21]-[#1]>>[#8:6]-[#6@:7](-[#8:21]-[#15:20]=[#8:19])(-[#6@@:10])-[#1:29]	Any
EVODEX.2-Dm432_0	Any	[#8:6]-[#6@:7](-[#6:8](-[#8:9])(-[#1:30])-[#1:31])(-[#6@@:10])-[#1:29]>>[#8:6]-[#6@:7](-[#8]-[#15]=[#8])(-[#6@@:10])-[#1:29].[#6:8](-[#8:9])(-[#1:30])(-[#1:31])-[#1]	Any;Any
EVODEX.2-Dm433_0	Any	[#8:13]-[#6@:14](-[#6](-[#8])(-[#1])-[#1])(-[#6@@:17])-[#1:29]>>[#8]=[#15]-[#8]-[#6@@:14](-[#8:13])(-[#6@@:17])-[#1:29]	Any
EVODEX.2-Dm435_0	Any;Any	[#6:13]-[#8:14]-[#1].[#8:39]-[#6@:40](-[#8]-[#15]=[#8])(-[#6:62]=[#8:63])-[#6:65]>>[#6:13]-[#8:14]-[#6@:40](-[#6:62]=[#8:63])(-[#8:39])-[#6:65]	Any
EVODEX.2-Dm436_0	Any	[#6:47]-[#8:48]-[#1]>>[#8]-[#6@@](-[#6]=[#8])(-[#8:48]-[#6:47])-[#6]	Any
EVODEX.2-Dm437_0	Any;Any	[#6:38]-[#8:39]-[#1].[#8:77]-[#6@:78](-[#8:79]-[#15:80]=[#8:81])(-[#6:100]=[#8:101])-[#6:103]>>[#6:38]-[#8:39]-[#6@@:78](-[#6:100]=[#8:101])(-[#8:77])-[#6:103].[#8:79](-[#15:80]=[#8:81])-[#1]	Any;Any
EVODEX.2-Dm438_0	Any;Any	[#6:1](=[#6:2](-[#6:3])-[#6:4](-[#6:5])(-[#1:39])-[#1])(-[#1:34])-[#1:35].[#6:21]=[#6:23]-[#6:24](-[#8:25]-[#15:26]=[#8:27])(-[#1:61])-[#1:62]>>[#6:1](/[#6:2](-[#6:3])=[#6:4](/[#6:5])-[#1:39])(-[#6:24](-[#6:23]=[#6:21])(-[#1:61])-[#1:62])(-[#1:34])-[#1:35].[#8:25](-[#15:26]=[#8:27])-[#1]	Any;Any
EVODEX.2-Dm439_0	Any;Any	[#6:1](=[#6:2](-[#6:3])-[#6:4](-[#6:5])(-[#1:39])-[#1])(-[#1:34])-[#1:35].[#6:21]=[#6:23]-[#6:24](-[#8]-[#15]=[#8])(-[#1:61])-[#1:62]>>[#6:1](/[#6:2](-[#6:3])=[#6:4](/[#6:5])-[#1:39])(-[#6:24](-[#6:23]=[#6:21])(-[#1:61])-[#1:62])(-[#1:34])-[#1:35]	Any
EVODEX.2-Dm440_0	Any;Any	[#6]-[#16&+](-[#6:3](-[#6:4])(-[#1:35])-[#1:36])-[#6].[#7:25](-[#6:26])(-[#1])-[#1]>>[#6:3](-[#6:4])(-[#7:25](-[#6:26])-[#1])(-[#1:35])-[#1:36]	Any
EVODEX.2-Dm441_0	Any;Any	[#6:1]-[#16&+:2](-[#6:3](-[#6:4])(-[#1:33])-[#1:34])-[#6:7].[#7:25](-[#6:26])(-[#1])-[#1]>>[#6:3](-[#6:4])(-[#7:25](-[#6:26])-[#1])(-[#1:33])-[#1:34].[#6:1]-[#16:2]-[#6:7]	Any;Any
EVODEX.2-Dm442_0	Any	[#7:25](-[#6:26])(-[#1])-[#1]>>[#6](-[#6])(-[#7:25](-[#6:26])-[#1])(-[#1])-[#1]	Any
EVODEX.2-Dm443_0	Any;Any	[#6:22]1:[#6:23](:[#7:24]:[#6:25]2:[#6:26]:[#6:27]:[#6:28]:[#6:29]:[#6:30]:1:2)-[#1].[#6:2]=[#6:4]-[#6:5](-[#8:6]-[#15:7]=[#8:8])(-[#1:56])-[#1:57]>>[#6:2]=[#6:4]-[#6:5](-[#6:23]1:[#6:22]:[#6:30]2:[#6:25](:[#7:24]:1):[#6:26]:[#6:27]:[#6:28]:[#6:29]:2)(-[#1:56])-[#1:57].[#8:6](-[#15:7]=[#8:8])-[#1]	Any;Any
EVODEX.2-Dm444_0	Any	[#6:22]1:[#6:23](:[#7:24]:[#6:25]2:[#6:26]:[#6:27]:[#6:28]:[#6:29]:[#6:30]:1:2)-[#1]>>[#6]=[#6]-[#6](-[#6:23]1:[#6:22]:[#6:30]2:[#6:25](:[#7:24]:1):[#6:26]:[#6:27]:[#6:28]:[#6:29]:2)(-[#1])-[#1]	Any
EVODEX.2-Dm445_0	Any;Any	[#6:2]=[#6:4]-[#6:5](-[#8]-[#15]=[#8])(-[#1:40])-[#1:41].[#6:23]1:[#6:24](:[#7:25]:[#6:26]2:[#6:27]:[#6:28]:[#6:29]:[#6:30]:[#6:31]:1:2)-[#1]>>[#6:2]=[#6:4]-[#6:5](-[#6:24]1:[#6:23]:[#6:31]2:[#6:26](:[#7:25]:1):[#6:27]:[#6:28]:[#6:29]:[#6:30]:2)(-[#1:40])-[#1:41]	Any
EVODEX.2-Dm446_0	Any	[#6:20]1:[#6:21]:[#7:22]:[#6:23]2:[#6:24](:[#6:25]:[#6:26]:[#6:27]:[#6:28]:1:2)-[#1]>>[#6]=[#6]-[#6](-[#6:24]1:[#6:23]2:[#7:22]:[#6:21]:[#6:20]:[#6:28]:2:[#6:27]:[#6:26]:[#6:25]:1)(-[#1])-[#1]	Any
EVODEX.2-Dm447_0	Any;Any	[#6:2]=[#6:4]-[#6:5](-[#8:6]-[#15:7]=[#8:8])(-[#1:47])-[#1:48].[#6:20]1:[#6:21]:[#7:22]:[#6:23]2:[#6:24](:[#6:25]:[#6:26]:[#6:27]:[#6:28]:1:2)-[#1]>>[#6:2]=[#6:4]-[#6:5](-[#6:24]1:[#6:23]2:[#7:22]:[#6:21]:[#6:20]:[#6:28]:2:[#6:27]:[#6:26]:[#6:25]:1)(-[#1:47])-[#1:48].[#8:6](-[#15:7]=[#8:8])-[#1]	Any;Any
EVODEX.2-Dm448_0	Any;Any	[#6:2]=[#6:4]-[#6:5](-[#8]-[#15]=[#8])(-[#1:47])-[#1:48].[#6:20]1:[#6:21]:[#7:22]:[#6:23]2:[#6:24](:[#6:25]:[#6:26]:[#6:27]:[#6:28]:1:2)-[#1]>>[#6:2]=[#6:4]-[#6:5](-[#6:24]1:[#6:23]2:[#7:22]:[#6:21]:[#6:20]:[#6:28]:2:[#6:27]:[#6:26]:[#6:25]:1)(-[#1:47])-[#1:48]	Any
EVODEX.2-Dm449_0	Any;Any	[#6:18](=[#8:19])-[#6:20]1:[#6:21]:[#6:23](:[#6:24]:[#6:26]:[#6:27]:1)-[#1].[#6:2]=[#6:4]-[#6:5](-[#8]-[#15]=[#8])(-[#1:48])-[#1:49]>>[#6:2]=[#6:4]-[#6:5](-[#6:23]1:[#6:21]:[#6:20](-[#6:18]=[#8:19]):[#6:27]:[#6:26]:[#6:24]:1)(-[#1:48])-[#1:49]	Any
EVODEX.2-Dm450_0	Any;Any	[#6:19](=[#8:20])-[#6:21]1:[#6:22]:[#6:24](:[#6:25]:[#6:27]:[#6:28]:1)-[#1].[#6:2]=[#6:4]-[#6:5](-[#8:6]-[#15:7]=[#8:8])(-[#1:51])-[#1:52]>>[#6:2]=[#6:4]-[#6:5](-[#6:24]1:[#6:22]:[#6:21](-[#6:19]=[#8:20]):[#6:28]:[#6:27]:[#6:25]:1)(-[#1:51])-[#1:52].[#8:6](-[#15:7]=[#8:8])-[#1]	Any;Any
EVODEX.2-Dm451_0	Any	[#6:19](=[#8:20])-[#6:21]1:[#6:22]:[#6:24](:[#6:25]:[#6:27]:[#6:28]:1)-[#1]>>[#6]=[#6]-[#6](-[#6:24]1:[#6:22]:[#6:21](-[#6:19]=[#8:20]):[#6:28]:[#6:27]:[#6:25]:1)(-[#1])-[#1]	Any
EVODEX.2-Dm452_0	Any;Any	[#6:30]/[#6:31](=[#6:32](\[#6:33])-[#6:34])-[#1:121].[#6:49](-[#6@:48])(-[#8:50]-[#15:51]=[#8:52])(-[#1:141])-[#1]>>[#6:30]-[#6:31]1(-[#6:32](-[#6:33])(-[#6:34])-[#6:49]-1(-[#6@:48])-[#1:141])-[#1:121].[#8:50](-[#15:51]=[#8:52])-[#1]	Any;Any
EVODEX.2-Dm453_0	Any;Any	[#6:2]=[#6:4]-[#6:5](-[#8:6]-[#15:7]=[#8:8])(-[#1:37])-[#1:38].[#6:18]1:[#6:19]:[#7:20]:[#6:21]2:[#6:22]:[#6:23]:[#6:24]:[#6:25](:[#6:26]:1:2)-[#1]>>[#6:2]=[#6:4]-[#6:5](-[#6:25]1:[#6:24]:[#6:23]:[#6:22]:[#6:21]2:[#7:20]:[#6:19]:[#6:18]:[#6:26]:1:2)(-[#1:37])-[#1:38].[#8:6](-[#15:7]=[#8:8])-[#1]	Any;Any
EVODEX.2-Dm454_0	Any;Any	[#6:2]=[#6:4]-[#6:5](-[#8]-[#15]=[#8])(-[#1:37])-[#1:38].[#6:18]1:[#6:19]:[#7:20]:[#6:21]2:[#6:22]:[#6:23]:[#6:24]:[#6:25](:[#6:26]:1:2)-[#1]>>[#6:2]=[#6:4]-[#6:5](-[#6:25]1:[#6:24]:[#6:23]:[#6:22]:[#6:21]2:[#7:20]:[#6:19]:[#6:18]:[#6:26]:1:2)(-[#1:37])-[#1:38]	Any
EVODEX.2-Dm455_0	Any	[#6:20]1:[#6:21]:[#7:22]:[#6:23]2:[#6:24]:[#6:25]:[#6:26]:[#6:27](:[#6:28]:1:2)-[#1]>>[#6]=[#6]-[#6](-[#6:27]1:[#6:26]:[#6:25]:[#6:24]:[#6:23]2:[#7:22]:[#6:21]:[#6:20]:[#6:28]:1:2)(-[#1])-[#1]	Any
EVODEX.2-Dm456_0	Any;Any	[#6:5]-[#6:6](-[#7:7](-[#6:8])-[#1])(-[#1:20])-[#1:21].[#7:1](-[#1])(-[#1])-[#1]>>[#7:1](-[#6:6](-[#6:5])(-[#1:20])-[#1:21])(-[#1])-[#1].[#7:7](-[#6:8])(-[#1])-[#1]	Any;Any
EVODEX.2-Dm457_0	Any;Any	[#6:11]-[#16:12]-[#1].[#6:2](=[#8:3])-[#8:4]-[#6:5](-[#6@:6])(-[#1:20])-[#1:21]>>[#6:5](-[#6@:6])(-[#16:12]-[#6:11])(-[#1:20])-[#1:21].[#6:2](=[#8:3])-[#8:4]-[#1]	Any;Any
EVODEX.2-Dm458_0	Any;Any	[#6:11]-[#16:12]-[#1].[#6](=[#8])-[#8]-[#6:5](-[#6@:6])(-[#1:20])-[#1:21]>>[#6:5](-[#6@:6])(-[#16:12]-[#6:11])(-[#1:20])-[#1:21]	Any
EVODEX.2-Dm460_0	Any	[#6:4]-[#16:5]-[#6:6](-[#6@:7])(-[#1:23])-[#1:24]>>[#6:6](-[#6@:7])(-[#8]-[#1])(-[#1:23])-[#1:24].[#6:4]-[#16:5]-[#1]	Any;Any
EVODEX.2-Dm461_0	Any	[#6:6]-[#16:7]-[#6:8](-[#6@:9])(-[#1:23])-[#1:24]>>[#6](=[#8])-[#8]-[#6:8](-[#6@:9])(-[#1:23])-[#1:24].[#6:6]-[#16:7]-[#1]	Any;Any
EVODEX.2-Dm462_0	Any	[#6]-[#6](-[#16:5]-[#6:6])(-[#1])-[#1]>>[#16:5](-[#6:6])-[#1]	Any
EVODEX.2-Dm463_0	Any;Any	[#6:2](=[#8:3])-[#8:4]-[#1].[#6:7]-[#6:8](-[#16:9]-[#6:10])(-[#1:28])-[#1:29]>>[#6:2](=[#8:3])-[#8:4]-[#6:8](-[#6:7])(-[#1:28])-[#1:29].[#16:9](-[#6:10])-[#1]	Any;Any
EVODEX.2-Dm464_0	Any	[#8]=[#6]-[#6](=[#8])-[#6](-[#6@@:7](-[#8:8]-[#1])(-[#6@:9])-[#1:30])(-[#1])-[#1]>>[#6:7](=[#8:8])(-[#6@:9])-[#1:30]	Any
EVODEX.2-Dm465_0	Any	[#8:12]=[#6:13](-[#6@:14])-[#1:31]>>[#6](-[#6](=[#8])-[#6]=[#8])(-[#6@@:13](-[#8:12]-[#1])(-[#6@:14])-[#1:31])(-[#1])-[#1]	Any
EVODEX.2-Dm467_0	Any;Any	[#6:12]=[#6:14]-[#6:15](-[#8:16]-[#15:17]=[#8:18])(-[#1:78])-[#1:79].[#6:47]-[#16:48]-[#1]>>[#6:12]=[#6:14]-[#6:15](-[#16:48]-[#6:47])(-[#1:78])-[#1:79].[#8:16](-[#15:17]=[#8:18])-[#1]	Any;Any
EVODEX.2-Dm468_0	Any	[#6:17]=[#6:19]-[#6:20](-[#8:21]-[#15:22]=[#8:23])(-[#1:109])-[#1:110]>>[#6:17]=[#6:19]-[#6:20](-[#16]-[#6])(-[#1:109])-[#1:110].[#8:21](-[#15:22]=[#8:23])-[#1]	Any;Any
EVODEX.2-Dm469_0	Any	[#6:2]=[#6:3]-[#6:4](-[#8]-[#15]=[#8])(-[#1:80])-[#1:81]>>[#6:2]=[#6:3]-[#6:4](-[#16]-[#6])(-[#1:80])-[#1:81]	Any
EVODEX.2-Dm470_0	Any;Any	[#6:12]=[#6:14]-[#6:15](-[#8]-[#15]=[#8])(-[#1:96])-[#1:97].[#6:42]-[#16:43]-[#1]>>[#6:12]=[#6:14]-[#6:15](-[#16:43]-[#6:42])(-[#1:96])-[#1:97]	Any
EVODEX.2-Dm471_0	Any;Any	[#6:1]-[#16:2]-[#6:3].[#6:23](-[#6@:22])(-[#8:24]-[#15:25]=[#8:26])(-[#1:59])-[#1:60]>>[#6:1]-[#16&+:2](-[#6:3])-[#6:23](-[#6@:22])(-[#1:59])-[#1:60].[#8:24](-[#15:25]=[#8:26])-[#1]	Any;Any
EVODEX.2-Dm472_0	Any;Any;Any	[#6:1]-[#16:2]-[#6:3].[#6:23](-[#6@:22])(-[#8:24]-[#15:25](=[#8:26])(-[#8:27])-[#8]-[#15]=[#8])(-[#1:59])-[#1:60].[#8:41](-[#1])-[#1]>>[#6:1]-[#16&+:2](-[#6:3])-[#6:23](-[#6@:22])(-[#1:59])-[#1:60].[#8:24](-[#15:25](=[#8:26])(-[#8:27])-[#8:41]-[#1])-[#1]	Any;Any
EVODEX.2-Dm474_0	Any;Any	[#6:4]-[#16:5]-[#6:6].[#8:44](-[#1])-[#1]>>[#6:4]-[#16&+:5](-[#6:6])-[#6](-[#6@])(-[#1])-[#1].[#8]-[#15](=[#8])(-[#8])-[#8:44]-[#1]	Any;Any
EVODEX.2-Dm475_0	Any	[#6:2]-[#16:3]-[#6:4]>>[#6:2]-[#16&+:3](-[#6:4])-[#6](-[#6@])(-[#1])-[#1]	Any
EVODEX.2-Dm476_0	Any;Any	[#6:2]-[#16:3]-[#6:4].[#6:24](-[#6@:23])(-[#8]-[#15]=[#8])(-[#1:62])-[#1:63]>>[#6:2]-[#16&+:3](-[#6:4])-[#6:24](-[#6@:23])(-[#1:62])-[#1:63]	Any
EVODEX.2-Dm477_0	Any;Any;Any	[#6:3]-[#16:4]-[#6:5].[#6:25](-[#6@:24])(-[#8:26]-[#15:27](=[#8:28])(-[#8:29])-[#8:30]-[#15:31]=[#8:32])(-[#1:63])-[#1:64].[#8:43](-[#1])-[#1]>>[#6:3]-[#16&+:4](-[#6:5])-[#6:25](-[#6@:24])(-[#1:63])-[#1:64].[#8:26](-[#15:27](=[#8:28])(-[#8:29])-[#8:43]-[#1])-[#1].[#8:30](-[#15:31]=[#8:32])-[#1]	Any;Any;Any
EVODEX.2-Dm482_0	Any;Any	[#7:1]-[#6:2](-[#6:3]=[#8:4])(-[#1:18])-[#1].[#6:9]-[#6:10](-[#6](=[#8])-[#6]=[#8])(-[#1:24])-[#1:25]>>[#7:1]-[#6@:2](-[#6:3]=[#8:4])(-[#6:10](-[#6:9])(-[#1:24])-[#1:25])-[#1:18]	Any
EVODEX.2-Dm484_0	Any;Any	[#7:1](-[#6@:2](-[#6:3]=[#8:4])(-[#6@@:6])-[#1])(-[#1])-[#1].[#6:15]-[#6:16](=[#8:17])-[#6:18]=[#8:19]>>[#6:2](-[#6:3]=[#8:4])(-[#6@@:6])=[#8:17].[#7:1](-[#6:16](-[#6:15])(-[#6:18]=[#8:19])-[#1])(-[#1])-[#1]	Any;Any
EVODEX.2-Dm491_0	Any;Any	[#6:7]-[#6:8](-[#7:9](-[#1])-[#1])(-[#1:33])-[#1].[#6:18]-[#6:19](=[#8:20])-[#6:21]=[#8:22]>>[#6:7]-[#6:8](=[#8:20])-[#1:33].[#7:9](-[#6:19](-[#6:18])(-[#6:21]=[#8:22])-[#1])(-[#1])-[#1]	Any;Any
EVODEX.2-Dm494_0	Any;Any	[#6:24](-[#6@@:22])(=[#8:25])-[#6@@:26].[#7:35](-[#6@@:36](-[#6:37])(-[#6:42]=[#8:43])-[#1])(-[#1])-[#1]>>[#7:35](-[#6@@:24](-[#6@@:22])(-[#6@@:26])-[#1])(-[#1])-[#1].[#8:25]=[#6:36](-[#6:37])-[#6:42]=[#8:43]	Any;Any
EVODEX.2-Dm496_0	Any;Any	[#6:10]-[#6@:11](-[#7:12](-[#1])-[#1])(-[#6:13]=[#8:14])-[#1].[#6:7]-[#6:8](=[#8:9])-[#1:38]>>[#6:7]-[#6:8](-[#7:12](-[#1])-[#1])(-[#1:38])-[#1].[#8:9]=[#6:11](-[#6:10])-[#6:13]=[#8:14]	Any;Any
EVODEX.2-Dm498_0	Any	[#6:3]-[#6:4](-[#6@:5](-[#7:6])(-[#6:7]=[#8:8])-[#1:22])(-[#1:20])-[#1:21]>>[#6:5](-[#7:6])(-[#6:7]=[#8:8])(-[#1:22])-[#1].[#6:3]-[#6:4](-[#6](=[#8])-[#6]=[#8])(-[#1:20])-[#1:21]	Any;Any
EVODEX.2-Dm499_0	Any;Any	[#6:4]-[#6:5](-[#6@:6](-[#7:7])(-[#6:8]=[#8:9])-[#1:25])(-[#1:23])-[#1:24].[#8:11]=[#6:12](-[#6:13]=[#8:14])-[#1]>>[#6:6](-[#7:7])(-[#6:8]=[#8:9])(-[#1:25])-[#1].[#6:4]-[#6:5](-[#6:12](=[#8:11])-[#6:13]=[#8:14])(-[#1:23])-[#1:24]	Any;Any
EVODEX.2-Dm500_0	Any;Any	[#6:4]-[#6:5](-[#6@](-[#7])(-[#6]=[#8])-[#1])(-[#1:23])-[#1:24].[#8:11]=[#6:12](-[#6:13]=[#8:14])-[#1]>>[#6:4]-[#6:5](-[#6:12](=[#8:11])-[#6:13]=[#8:14])(-[#1:23])-[#1:24]	Any
EVODEX.2-Dm501_0	Any;Any	[#6:1]-[#6:2](=[#8:3])-[#6:4]=[#8:5].[#7:7](-[#6:8](-[#6:9])(-[#6:21])-[#1])(-[#1])-[#1]>>[#6:1]-[#6:2](-[#6:4]=[#8:5])(-[#7:7](-[#1])-[#1])-[#1].[#8:3]=[#6:8](-[#6:9])-[#6:21]	Any;Any
EVODEX.2-Dm502_0	Any;Any	[#7:1](-[#6:2](-[#6:3])(-[#1:17])-[#1])(-[#1])-[#1].[#8:9]=[#6:10](-[#6:11])-[#1:26]>>[#6:2](-[#6:3])(=[#8:9])-[#1:17].[#7:1](-[#6:10](-[#6:11])(-[#1:26])-[#1])(-[#1])-[#1]	Any;Any
EVODEX.2-Dm503_0	Any	[#7:1]-[#6@@:2](-[#6:3])(-[#6](=[#8])-[#8])-[#1:20]>>[#7:1]-[#6:2](-[#6:3])(-[#1:20])-[#1]	Any
EVODEX.2-Dm504_0	Any	[#8]=[#6](-[#8])-[#6:11](-[#6:12])(-[#1:28])-[#1:29]>>[#6:11](-[#6:12])(-[#1:28])(-[#1:29])-[#1]	Any
EVODEX.2-Dm505_0	Any;Any	[#6:1]-[#6@:2](-[#7:3](-[#1])-[#1])(-[#6:4]=[#8:5])-[#1].[#6:8]1:[#7:9]:[#6:10]:[#6:11]:[#6:14](-[#6:15](=[#8:16])-[#1:33]):[#6:17]:1>>[#6:1]-[#6:2](-[#6:4]=[#8:5])=[#8:16].[#7:3](-[#6:15](-[#6:14]1:[#6:11]:[#6:10]:[#7:9]:[#6:8]:[#6:17]:1)(-[#1:33])-[#1])(-[#1])-[#1]	Any;Any
EVODEX.2-Dm506_0	Any;Any	[#6:2]-[#6:4](-[#6:5](=[#8:6])-[#6:7]=[#8:8])(-[#1:22])-[#1:23].[#7:10]-[#6:11](-[#6:12]=[#8:13])(-[#1:27])-[#1]>>[#6:2]-[#6:4](-[#6@:11](-[#7:10])(-[#6:12]=[#8:13])-[#1:27])(-[#1:22])-[#1:23].[#6:5](=[#8:6])(-[#6:7]=[#8:8])-[#1]	Any;Any
EVODEX.2-Dm507_0	Any;Any	[#6:11]-[#6@:12](-[#6:13](-[#1:25])(-[#1:26])-[#1:27])(-[#6@:14])-[#1:24].[#6:1]-[#6:2](-[#6@:3])(-[#1:35])-[#1]>>[#6:11]-[#6:12](-[#6@:14])(-[#1:24])-[#1].[#6:1]-[#6:2](-[#6@:3])(-[#6:13](-[#1:25])(-[#1:26])-[#1:27])-[#1:35]	Any;Any
EVODEX.2-Dm508_0	Any;Any	[#6:11](-[#6:12])(-[#1:19])(-[#1:20])-[#1].[#6:1](-[#6:2](-[#6:3])(-[#1:33])-[#1:34])(-[#1:30])(-[#1:31])-[#1:32]>>[#6:1](-[#6:11](-[#6:12])(-[#1:19])-[#1:20])(-[#1:30])(-[#1:31])-[#1:32].[#6:2](-[#6:3])(-[#1:33])(-[#1:34])-[#1]	Any;Any
EVODEX.2-Dm509_0	Any	[#6:1]-[#6@:2](-[#7:3](-[#1])-[#1])(-[#6:4]=[#8:5])-[#1]>>[#6:1]-[#6:2](-[#6:4]=[#8:5])=[#8].[#7:3](-[#6](-[#6]=[#8])(-[#1])-[#1])(-[#1])-[#1]	Any;Any
EVODEX.2-Dm510_0	Any;Any	[#6:4]-[#6@:5](-[#7:6](-[#1])-[#1])(-[#6:7]=[#8:8])-[#1].[#8:10]=[#6:11](-[#6:12]=[#8:13])-[#1:27]>>[#6:4]-[#6:5](-[#6:7]=[#8:8])=[#8:10].[#7:6](-[#6:11](-[#6:12]=[#8:13])(-[#1:27])-[#1])(-[#1])-[#1]	Any;Any
EVODEX.2-Dm511_0	Any;Any	[#7](-[#6@@:2](-[#6:3])(-[#6:7]=[#8:8])-[#1])(-[#1])-[#1].[#8:10]=[#6](-[#6]=[#8])-[#1]>>[#6:2](-[#6:3])(-[#6:7]=[#8:8])=[#8:10]	Any
EVODEX.2-Dm512_0	Any	[#6:3]-[#6:4](-[#6:5](=[#8:6])-[#6:7]=[#8:8])(-[#1:20])-[#1:21]>>[#6:3]-[#6:4](-[#6@](-[#7])(-[#6]=[#8])-[#1])(-[#1:20])-[#1:21].[#6:5](=[#8:6])(-[#6:7]=[#8:8])-[#1]	Any;Any
EVODEX.2-Dm517_0	Any	[#6:31]-[#8:32]-[#15:33](=[#8:34])(-[#8:35])-[#8:36]>>[#6]-[#8]-[#15:33](=[#8:34])(-[#8:35])-[#8:36].[#6:31]-[#8:32]-[#1]	Any;Any
EVODEX.2-Dm519_0	Any;Any	[#6:8]-[#8:9]-[#1].[#15:38](=[#8:39])-[#8:41]-[#15:42](=[#8:43])(-[#8:44])-[#8:45]>>[#6:8]-[#8:9]-[#15:42](=[#8:43])(-[#8:44])-[#8:45].[#15:38](=[#8:39])-[#8:41]-[#1]	Any;Any
EVODEX.2-Dm520_0	Any;Any	[#15:16](=[#8:17])-[#8:18]-[#1].[#8:24]=[#15:25](-[#8:26])(-[#8:27])-[#8:28]-[#6:29]>>[#15:16](=[#8:17])-[#8:18]-[#15:25](=[#8:24])(-[#8:26])-[#8:27].[#8:28](-[#6:29])-[#1]	Any;Any
EVODEX.2-Dm522_0	Any;Any	[#15:20](=[#8:21])-[#8:23]-[#15:24](=[#8:25])(-[#8:26])-[#8:27].[#8:36]-[#6@:37]1(-[#6@:38](-[#8:39]-[#1])(-[#6@:40](-[#8:41])(-[#6@:46](-[#8:47])(-[#6@@:48](-[#8:49])(-[#6@@:54]-1(-[#8:55])-[#1:85])-[#1:82])-[#1:80])-[#1:77])-[#1:75])-[#1:74]>>[#15:20](=[#8:21])-[#8:23]-[#1].[#15:24](=[#8:25])(-[#8:26])(-[#8:27])-[#8:39]-[#6@@:38]1(-[#6@@:37](-[#8:36])(-[#6@:54](-[#8:55])(-[#6@@:48](-[#8:49])(-[#6@:46](-[#8:47])(-[#6@@:40]-1(-[#8:41])-[#1:77])-[#1:80])-[#1:82])-[#1:85])-[#1:74])-[#1:75]	Any;Any
EVODEX.2-Dm524_0	Any	[#6:27]-[#8:28]-[#15](=[#8])(-[#8])-[#8]>>[#6:27]-[#8:28]-[#1]	Any
EVODEX.2-Dm526_0	Any;Any	[#6]=[#6](-[#8]-[#15:4](=[#8:5])(-[#8:6])-[#8:7])-[#6]=[#8].[#15:26](=[#8:27])-[#8:28]-[#1]>>[#15:4](=[#8:5])(-[#8:6])(-[#8:7])-[#8:28]-[#15:26]=[#8:27]	Any
EVODEX.2-Dm527_0	Any	[#15:26](=[#8:27])-[#8:29]-[#15:30](=[#8:31])(-[#8:32])-[#8:33]>>[#6]=[#6](-[#8]-[#15:30](=[#8:31])(-[#8:32])-[#8:33])-[#6]=[#8].[#15:26](=[#8:27])-[#8:29]-[#1]	Any;Any
EVODEX.2-Dm528_0	Any;Any	[#6:1](=[#6:2](-[#8:3]-[#15:4](=[#8:5])(-[#8:6])-[#8:7])-[#6:8]=[#8:9])(-[#1:37])-[#1:38].[#15:32](=[#8:33])-[#8:34]-[#1]>>[#6:1](-[#6:2](=[#8:3])-[#6:8]=[#8:9])(-[#1:37])(-[#1:38])-[#1].[#15:4](=[#8:5])(-[#8:6])(-[#8:7])-[#8:34]-[#15:32]=[#8:33]	Any;Any
EVODEX.2-Dm532_0	Any;Any	[#6:28]-[#8:29]-[#1].[#8]=[#7&+]-[#6]1:[#6]:[#6]:[#6](-[#8]-[#15:9](=[#8:10])(-[#8:11])-[#8:12]):[#6]:[#6]:1>>[#15:9](=[#8:10])(-[#8:11])(-[#8:12])-[#8:29]-[#6:28]	Any
EVODEX.2-Dm533_0	Any;Any	[#6:8]-[#8:9]-[#1].[#8:22]=[#7&+:23]-[#6:25]1:[#6:26]:[#6:27]:[#6:28](-[#8:29]-[#15:30](=[#8:31])(-[#8:32])-[#8:33]):[#6:34]:[#6:35]:1>>[#6:8]-[#8:9]-[#15:30](=[#8:31])(-[#8:32])-[#8:33].[#8:22]=[#7&+:23]-[#6:25]1:[#6:26]:[#6:27]:[#6:28](-[#8:29]-[#1]):[#6:34]:[#6:35]:1	Any;Any
EVODEX.2-Dm534_0	Any;Any	[#6:9]-[#8:10]-[#1].[#8:18]=[#15:19](-[#8:20])(-[#8:21])-[#8:22]-[#6:23]1:[#6:24]:[#6:25]:[#6:26]:[#6:27]:[#6:28]:1>>[#6:9]-[#8:10]-[#15:19](=[#8:18])(-[#8:20])-[#8:21].[#8:22](-[#6:23]1:[#6:24]:[#6:25]:[#6:26]:[#6:27]:[#6:28]:1)-[#1]	Any;Any
EVODEX.2-Dm535_0	Any;Any	[#6:9]-[#8:10]-[#1].[#8:18]=[#15:19](-[#8:20])(-[#8:21])-[#8]-[#6]1:[#6]:[#6]:[#6]:[#6]:[#6]:1>>[#6:9]-[#8:10]-[#15:19](=[#8:18])(-[#8:20])-[#8:21]	Any
EVODEX.2-Dm536_0	Any	[#6:19]1:[#6:20]:[#6:21]:[#6:22](-[#8:23]-[#1]):[#6:24]:[#6:25]:1>>[#6:19]1:[#6:20]:[#6:21]:[#6:22](-[#8:23]-[#15](=[#8])(-[#8])-[#8]):[#6:24]:[#6:25]:1	Any
EVODEX.2-Dm537_0	Any;Any	[#6:11]1:[#6:12]:[#6:13]:[#6:14](-[#8:15]-[#1]):[#6:16]:[#6:17]:1.[#15:81](=[#8:82])-[#8:84]-[#15:85](=[#8:86])(-[#8:87])-[#8:88]>>[#6:11]1:[#6:12]:[#6:13]:[#6:14](-[#8:15]-[#15:85](=[#8:86])(-[#8:87])-[#8:88]):[#6:16]:[#6:17]:1.[#15:81](=[#8:82])-[#8:84]-[#1]	Any;Any
EVODEX.2-Dm538_0	Any;Any	[#6:42]1:[#6:43]:[#6:44]:[#6:45](-[#8:46]-[#1]):[#6:47]:[#6:48]:1.[#15](=[#8])-[#8]-[#15:84](=[#8:85])(-[#8:86])-[#8:87]>>[#6:42]1:[#6:43]:[#6:44]:[#6:45](-[#8:46]-[#15:84](=[#8:85])(-[#8:86])-[#8:87]):[#6:47]:[#6:48]:1	Any
EVODEX.2-Dm539_0	Any;Any	[#6:55](=[#7:56])-[#7:57](-[#1])-[#1].[#15:80](=[#8:81])-[#8:83]-[#15:84](=[#8:85])(-[#8:86])-[#8:87]>>[#6:55](=[#7:56])-[#7:57](-[#15:84](=[#8:85])(-[#8:86])-[#8:87])-[#1].[#15:80](=[#8:81])-[#8:83]-[#1]	Any;Any
EVODEX.2-Dm540_0	Any;Any	[#6:55](=[#7:56])-[#7:57](-[#1])-[#1].[#15](=[#8])-[#8]-[#15:84](=[#8:85])(-[#8:86])-[#8:87]>>[#6:55](=[#7:56])-[#7:57](-[#15:84](=[#8:85])(-[#8:86])-[#8:87])-[#1]	Any
EVODEX.2-Dm541_0	Any	[#6:2](=[#8:3])-[#8:4]-[#15:5](=[#8:6])(-[#8:7])-[#8:8]>>[#6:2](=[#8:3])-[#8:4]-[#1].[#15:5](=[#8:6])(-[#8:7])(-[#8:8])-[#8]-[#15]=[#8]	Any;Any
EVODEX.2-Dm544_0	Any	[#15:16](=[#8:17])-[#8:19]-[#15:20](=[#8:21])(-[#8:22])-[#8:23]>>[#15:16](=[#8:17])-[#8:19]-[#1].[#15:20](=[#8:21])(-[#8:22])(-[#8:23])-[#8]-[#6]=[#8]	Any;Any
EVODEX.2-Dm545_0	Any	[#7:1]=[#6:2]-[#7:8](-[#15](=[#8])(-[#8])-[#8])-[#1]>>[#7:1]=[#6:2]-[#7:8](-[#1])-[#1]	Any
EVODEX.2-Dm546_0	Any	[#7:1]=[#6:2]-[#7:3](-[#1])-[#1]>>[#7:1]=[#6:2]-[#7:3](-[#15](=[#8])(-[#8])-[#8])-[#1]	Any
EVODEX.2-Dm547_0	Any;Any	[#15:28](=[#8:29])-[#8:30]-[#1].[#7:1]=[#6:2]-[#7:4](-[#15:5](=[#8:6])(-[#8:7])-[#8:8])-[#1]>>[#7:1]=[#6:2]-[#7:4](-[#1])-[#1].[#15:5](=[#8:6])(-[#8:7])(-[#8:8])-[#8:30]-[#15:28]=[#8:29]	Any;Any
EVODEX.2-Dm548_0	Any	[#7:1]=[#6:2]-[#7:10](-[#15:11](=[#8:12])(-[#8:13])-[#8:14])-[#1]>>[#7:1]=[#6:2]-[#7:10](-[#1])-[#1].[#15:11](=[#8:12])(-[#8:13])(-[#8:14])-[#8]-[#15]=[#8]	Any;Any
EVODEX.2-Dm549_0	Any;Any	[#6:14](-[#6@:13])(-[#8]-[#15]=[#8])(-[#1:47])-[#1:48].[#8:28]=[#15:29]-[#8:30]-[#1]>>[#6:14](-[#6@:13])(-[#8:30]-[#15:29]=[#8:28])(-[#1:47])-[#1:48]	Any
EVODEX.2-Dm550_0	Any;Any	[#15:11](=[#8:12])-[#8:13]-[#1].[#15:41](=[#8:42])-[#8:44]-[#15:45](=[#8:46])(-[#8:47])-[#8:48]>>[#15:11](=[#8:12])-[#8:13]-[#15:45](=[#8:46])(-[#8:47])-[#8:48].[#15:41](=[#8:42])-[#8:44]-[#1]	Any;Any
EVODEX.2-Dm552_0	Any;Any	[#6:13](-[#6@:12])(-[#8:14]-[#15:15]=[#8:16])(-[#1:93])-[#1:94].[#15:78](=[#8:79])-[#8:80]-[#1]>>[#6:13](-[#6@:12])(-[#8:80]-[#15:78]=[#8:79])(-[#1:93])-[#1:94].[#8:14](-[#15:15]=[#8:16])-[#1]	Any;Any
EVODEX.2-Dm554_0	Any	[#8:6](-[#6@:5])-[#1]>>[#8:6](-[#6@:5])-[#16](=[#8])(=[#8])-[#8]	Any
EVODEX.2-Dm555_0	Any;Any	[#6:9]1:[#6:10]:[#6:11]:[#6:12](-[#8:13]-[#1]):[#6:14]:[#6:15]:1.[#15:31](=[#8:32])-[#8:34]-[#16:35](=[#8:36])(=[#8:37])-[#8:38]>>[#6:9]1:[#6:10]:[#6:11]:[#6:12](-[#8:13]-[#16:35](=[#8:36])(=[#8:37])-[#8:38]):[#6:14]:[#6:15]:1.[#15:31](=[#8:32])-[#8:34]-[#1]	Any;Any
EVODEX.2-Dm556_0	Any;Any	[#6:9]1:[#6:10]:[#6:11]:[#6:12](-[#8:13]-[#1]):[#6:14]:[#6:15]:1.[#15](=[#8])-[#8]-[#16:35](=[#8:36])(=[#8:37])-[#8:38]>>[#6:9]1:[#6:10]:[#6:11]:[#6:12](-[#8:13]-[#16:35](=[#8:36])(=[#8:37])-[#8:38]):[#6:14]:[#6:15]:1	Any
EVODEX.2-Dm557_0	Any	[#6:9]1:[#6:10]:[#6:11]:[#6:12](-[#8:13]-[#1]):[#6:14]:[#6:15]:1>>[#6:9]1:[#6:10]:[#6:11]:[#6:12](-[#8:13]-[#16](=[#8])(=[#8])-[#8]):[#6:14]:[#6:15]:1	Any
EVODEX.2-Dm558_0	Any;Any	[#8:22](-[#6@:21])-[#1].[#15:47](=[#8:48])-[#8:50]-[#16:51](=[#8:52])(=[#8:53])-[#8:54]>>[#8:22](-[#6@:21])-[#16:51](=[#8:52])(=[#8:53])-[#8:54].[#15:47](=[#8:48])-[#8:50]-[#1]	Any;Any
EVODEX.2-Dm559_0	Any;Any	[#8:22](-[#6@:21])-[#1].[#15](=[#8])-[#8]-[#16:51](=[#8:52])(=[#8:53])-[#8:54]>>[#8:22](-[#6@:21])-[#16:51](=[#8:52])(=[#8:53])-[#8:54]	Any
EVODEX.2-Dm560_0	Any	[#8:6](-[#6@:5])-[#16:7](=[#8:8])(=[#8:9])-[#8:10]>>[#8:6](-[#6@:5])-[#1].[#16:7](=[#8:8])(=[#8:9])(-[#8:10])-[#8]-[#15]=[#8]	Any;Any
EVODEX.2-Dm561_0	Any	[#8:24](-[#6@:23])-[#16](=[#8])(=[#8])-[#8]>>[#8:24](-[#6@:23])-[#1]	Any
EVODEX.2-Dm562_0	Any;Any	[#8:25](-[#6@:24])-[#16:26](=[#8:27])(=[#8:28])-[#8:29].[#15:53](=[#8:54])-[#8:55]-[#1]>>[#8:25](-[#6@:24])-[#1].[#16:26](=[#8:27])(=[#8:28])(-[#8:29])-[#8:55]-[#15:53]=[#8:54]	Any;Any
EVODEX.2-Dm563_0	Any;Any	[#6:1]-[#6:2](=[#8:3])-[#16:4]-[#6:5].[#6:53]-[#6:55](=[#8:56])-[#8:57]-[#1]>>[#6:1]-[#6:2](=[#8:3])-[#8:57]-[#1].[#16:4](-[#6:5])-[#6:55](-[#6:53])=[#8:56]	Any;Any
EVODEX.2-Dm566_0	Any;Any	[#6:1]-[#6:2](=[#8:3])-[#8]-[#1].[#6:51]-[#16:52]-[#6](=[#8])-[#6]=[#6]>>[#6:1]-[#6:2](=[#8:3])-[#16:52]-[#6:51]	Any
EVODEX.2-Dm569_0	Any;Any	[#6]-[#6](=[#8])-[#8:7]-[#1].[#6:10]-[#6:11](=[#8:12])-[#16]-[#6]>>[#8:7](-[#6:11](-[#6:10])=[#8:12])-[#1]	Any
EVODEX.2-Dm571_0	Any;Any	[#6:3]-[#6:4](=[#8:5])-[#8:6]-[#6:7]1:[#6:8]:[#6:9]:[#6:10]:[#6:11]:[#6:12]:1.[#8:13](-[#1])-[#1]>>[#6:3]-[#6:4](=[#8:5])-[#8:13]-[#1].[#8:6](-[#6:7]1:[#6:8]:[#6:9]:[#6:10]:[#6:11]:[#6:12]:1)-[#1]	Any;Any
EVODEX.2-Dm572_0	Any	[#6:3]-[#6:4](=[#8:5])-[#8:6]-[#6:7]1:[#6:8]:[#6:9]:[#6:10]:[#6:11]:[#6:12]:1-[#7&+:13]=[#8:14]>>[#6:3]-[#6:4](=[#8:5])-[#8]-[#1].[#8:6](-[#6:7]1:[#6:8]:[#6:9]:[#6:10]:[#6:11]:[#6:12]:1-[#7&+:13]=[#8:14])-[#1]	Any;Any
EVODEX.2-Dm574_0	Any;Any	[#6:1]-[#6:2](=[#8:3])-[#8:4]-[#6:5]1:[#6:6]:[#6:7]:[#6:8]:[#6:9]2:[#6:10]:[#6:11]:[#6:12]:[#6:13]:[#6:14]:1:2.[#8:15](-[#1])-[#1]>>[#6:1]-[#6:2](=[#8:3])-[#8:15]-[#1].[#8:4](-[#6:5]1:[#6:6]:[#6:7]:[#6:8]:[#6:9]2:[#6:10]:[#6:11]:[#6:12]:[#6:13]:[#6:14]:1:2)-[#1]	Any;Any
EVODEX.2-Dm575_0	Any	[#6]-[#6](-[#8:3]-[#6:4]=[#8:5])(-[#1])-[#1]>>[#8:3](-[#6:4]=[#8:5])-[#1]	Any
EVODEX.2-Dm577_0	Any	[#6:2]-[#6:5](=[#8:6])-[#8:7]-[#6:8]1:[#6:9]:[#6:10]:[#6:11]:[#6:12]:[#6:13]:1>>[#6:2]-[#6:5](=[#8:6])-[#8]-[#1].[#8:7](-[#6:8]1:[#6:9]:[#6:10]:[#6:11]:[#6:12]:[#6:13]:1)-[#1]	Any;Any
EVODEX.2-Dm579_0	Any	[#6:11]-[#6:12](=[#8:13])-[#8:14]-[#6:15]1:[#6:16]:[#6:17]:[#6:18]2:[#6:19]:[#6:21]:[#6:22](=[#8:23]):[#8:24]:[#6:25]:2:[#6:26]:1>>[#6:11]-[#6:12](=[#8:13])-[#8]-[#1].[#8:14](-[#6:15]1:[#6:16]:[#6:17]:[#6:18]2:[#6:19]:[#6:21]:[#6:22](=[#8:23]):[#8:24]:[#6:25]:2:[#6:26]:1)-[#1]	Any;Any
EVODEX.2-Dm580_0	Any;Any	[#6:15]-[#6:16](=[#8:17])-[#8]-[#6]1:[#6]:[#6]:[#6]2:[#6]:[#6]:[#6](=[#8]):[#8]:[#6]:2:[#6]:1.[#8:31](-[#1])-[#1]>>[#6:15]-[#6:16](=[#8:17])-[#8:31]-[#1]	Any
EVODEX.2-Dm581_0	Any;Any	[#8:2]=[#6:3](-[#6:4])-[#8:9]-[#6:8].[#8:1](-[#1])-[#1]>>([#8:1](-[#6:3](=[#8:2])-[#6:4])-[#1].[#6:8]-[#8:9]-[#1])	Any
EVODEX.2-Dm582_0	Any	[#6](-[#8:2]-[#6:3]=[#8:4])(-[#1])(-[#1])-[#1]>>[#8:2](-[#6:3]=[#8:4])-[#1]	Any
EVODEX.2-Dm584_0	Any;Any	[#6:1]-[#6:2](=[#8:3])-[#8:4]-[#6:5]1:[#6:6]:[#6:7]:[#6:8]:[#6:9]:[#6:10]:1-[#7&+:11]=[#8:12].[#8:14](-[#1])-[#1]>>[#6:1]-[#6:2](=[#8:3])-[#8:14]-[#1].[#8:4](-[#6:5]1:[#6:6]:[#6:7]:[#6:8]:[#6:9]:[#6:10]:1-[#7&+:11]=[#8:12])-[#1]	Any;Any
EVODEX.2-Dm585_0	Any;Any	[#6:5]-[#6:13](=[#8:14])-[#8:15]-[#6:16]1:[#6:17]:[#6:18]:[#6:19]2:[#6:20]:[#6:21]:[#6:22]:[#6:23]:[#6:24]:2:[#6:25]:1.[#8:26](-[#1])-[#1]>>[#6:5]-[#6:13](=[#8:14])-[#8:26]-[#1].[#8:15](-[#6:16]1:[#6:17]:[#6:18]:[#6:19]2:[#6:20]:[#6:21]:[#6:22]:[#6:23]:[#6:24]:2:[#6:25]:1)-[#1]	Any;Any
EVODEX.2-Dm589_0	Any	[#6:1]-[#6:2](=[#8:3])-[#8:4]-[#6:5]>>[#6:1]-[#6:2](=[#8:3])-[#8]-[#1].[#8:4](-[#6:5])-[#1]	Any;Any
EVODEX.2-Dm590_0	Any;Any	[#6:1]-[#6:2](=[#8:3])-[#8]-[#6]1:[#6]:[#6]:[#6]2:[#6]:[#6]:[#6]:[#6]:[#6]:2:[#6]:1.[#8:15](-[#1])-[#1]>>[#6:1]-[#6:2](=[#8:3])-[#8:15]-[#1]	Any
EVODEX.2-Dm591_0	Any;Any	[#6:11]-[#6:12](=[#8:13])-[#8]-[#6]1:[#6]:[#6]:[#6]:[#6]2:[#6]:[#6]:[#6]:[#6]:[#6]:1:2.[#8:25](-[#1])-[#1]>>[#6:11]-[#6:12](=[#8:13])-[#8:25]-[#1]	Any
EVODEX.2-Dm592_0	Any	[#6:11]-[#6:12](=[#8:13])-[#8:14]-[#6:15]1:[#6:16]:[#6:17]:[#6:18]:[#6:19]2:[#6:20]:[#6:21]:[#6:22]:[#6:23]:[#6:24]:1:2>>[#6:11]-[#6:12](=[#8:13])-[#8]-[#1].[#8:14](-[#6:15]1:[#6:16]:[#6:17]:[#6:18]:[#6:19]2:[#6:20]:[#6:21]:[#6:22]:[#6:23]:[#6:24]:1:2)-[#1]	Any;Any
EVODEX.2-Dm595_0	Any;Any	[#6:1]-[#6:2](=[#8:3])-[#8]-[#6]1:[#6]:[#6]:[#6]:[#6]:[#6]:1.[#8:11](-[#1])-[#1]>>[#6:1]-[#6:2](=[#8:3])-[#8:11]-[#1]	Any
EVODEX.2-Dm596_0	Any	[#6:2]-[#6:3](=[#8:4])-[#8:5]-[#6:6]1:[#6:7]:[#6:8]:[#6:9]2:[#6:10]:[#6:11]:[#6:12]:[#6:13]:[#6:14]:2:[#6:15]:1>>[#6:2]-[#6:3](=[#8:4])-[#8]-[#1].[#8:5](-[#6:6]1:[#6:7]:[#6:8]:[#6:9]2:[#6:10]:[#6:11]:[#6:12]:[#6:13]:[#6:14]:2:[#6:15]:1)-[#1]	Any;Any
EVODEX.2-Dm597_0	Any	[#8:2]=[#6:3](-[#8:4]-[#6:5])-[#6@:10]>>([#8](-[#6:3](=[#8:2])-[#6@@:10])-[#1].[#6:5]-[#8:4]-[#1])	Any
EVODEX.2-Dm599_0	Any;Any	[#6:1](-[#8:2]-[#6:3](=[#8:4])/[#6:5]=[#6:6]/[#6:7]1:[#6:8]:[#6:9]:[#6:10]:[#6:12]:[#6:15]:1)(-[#1:17])(-[#1:18])-[#1:19].[#8:16](-[#1])-[#1]>>[#6:1](-[#8:16]-[#1])(-[#1:17])(-[#1:18])-[#1:19].[#8:2](-[#6:3](=[#8:4])/[#6:5]=[#6:6]/[#6:7]1:[#6:8]:[#6:9]:[#6:10]:[#6:12]:[#6:15]:1)-[#1]	Any;Any
EVODEX.2-Dm600_0	Any	[#6:1](-[#8:2]-[#6:3](=[#8:4])/[#6:5]=[#6:6]/[#6:7]1:[#6:8]:[#6:9]:[#6:10]:[#6:12]:[#6:15]:1)(-[#1:17])(-[#1:18])-[#1:19]>>[#6:1](-[#8]-[#1])(-[#1:17])(-[#1:18])-[#1:19].[#8:2](-[#6:3](=[#8:4])/[#6:5]=[#6:6]/[#6:7]1:[#6:8]:[#6:9]:[#6:10]:[#6:12]:[#6:15]:1)-[#1]	Any;Any
EVODEX.2-Dm601_0	Any;Any	[#6:13]-[#6:14](=[#8:15])-[#8:16]-[#1].[#8:17](-[#6:18])-[#1]>>[#6:13]-[#6:14](=[#8:15])-[#8:17]-[#6:18].[#8:16](-[#1])-[#1]	Any;Any
EVODEX.2-Dm604_0	Any;Any	[#6:15]-[#6:16](-[#8:17]-[#6:18]=[#8:19])(-[#1:42])-[#1:43].[#8:20](-[#1])-[#1]>>([#6:15]-[#6:16](-[#8:20]-[#1])(-[#1:42])-[#1:43].[#6:18](-[#8:17]-[#1])=[#8:19])	Any
EVODEX.2-Dm605_0	Any	[#6:15]-[#6:16](-[#8:17]-[#6:18]=[#8:19])(-[#1:42])-[#1:43]>>([#6:15]-[#6:16](-[#8]-[#1])(-[#1:42])-[#1:43].[#6:18](-[#8:17]-[#1])=[#8:19])	Any
EVODEX.2-Dm608_0	Any	[#6:11]-[#6:12](-[#8:13]-[#6:14])(-[#1:77])-[#1:78]>>[#6:11]-[#6:12](-[#8]-[#1])(-[#1:77])-[#1:78].[#8:13](-[#6:14])-[#1]	Any;Any
EVODEX.2-Dm611_0	Any;Any	[#6:6]-[#6:8](=[#8:9])-[#8:10]-[#6:11]1:[#6:12]:[#6:13]:[#6:14](-[#7&+:15]=[#8:16]):[#6:18]:[#6:19]:1.[#8:20](-[#1])-[#1]>>[#6:6]-[#6:8](=[#8:9])-[#8:20]-[#1].[#8:10](-[#6:11]1:[#6:12]:[#6:13]:[#6:14](-[#7&+:15]=[#8:16]):[#6:18]:[#6:19]:1)-[#1]	Any;Any
EVODEX.2-Dm616_0	Any;Any	[#6:17]-[#8:18]-[#6:19](=[#8:20])-[#6@@:21].[#7:11](-[#6@@:10])(-[#1])-[#1]>>[#6:17]-[#8:18]-[#1].[#7:11](-[#6@@:10])(-[#6:19](=[#8:20])-[#6@@:21])-[#1]	Any;Any
EVODEX.2-Dm617_0	Any;Any	[#6:2]-[#8:4]-[#1].[#7:15](-[#6@@:14])(-[#6:16](=[#8:17])-[#6@:18])-[#1]>>[#6:2]-[#8:4]-[#6:16](=[#8:17])-[#6@:18].[#7:15](-[#6@@:14])(-[#1])-[#1]	Any;Any
EVODEX.2-Dm619_0	Any;Any	[#7:1](-[#6:2]1:[#6:3]:[#6:4]:[#6:5](-[#7&+:6]=[#8:7]):[#6:9](-[#6:10]=[#8:11]):[#6:13]:1)(-[#1])-[#1].[#8:14]=[#6:15](-[#8]-[#1])-[#6:17]>>[#7:1](-[#6:2]1:[#6:3]:[#6:4]:[#6:5](-[#7&+:6]=[#8:7]):[#6:9](-[#6:10]=[#8:11]):[#6:13]:1)(-[#6:15](=[#8:14])-[#6:17])-[#1]	Any
EVODEX.2-Dm620_0	Any	[#8:14]=[#6:15](-[#8:16]-[#1])-[#6:17]>>[#7](-[#6]1:[#6]:[#6]:[#6](-[#7&+]=[#8]):[#6](-[#6]=[#8]):[#6]:1)(-[#6:15](=[#8:14])-[#6:17])-[#1].[#8:16](-[#1])-[#1]	Any;Any
EVODEX.2-Dm623_0	Any	[#6:3](-[#6@@:2])(=[#8:4])-[#8]-[#1]>>[#6:3](-[#6@@:2])(=[#8:4])-[#7](-[#6]1:[#6]:[#6]:[#6](-[#7&+]=[#8]):[#6](-[#6]=[#8]):[#6]:1)-[#1]	Any
EVODEX.2-Dm626_0	Any;Any	[#6:19]-[#6@@:20](-[#6@:5])(-[#8]-[#6]=[#8])-[#1:43].[#8:25](-[#1])-[#1]>>[#6:19]-[#6@@:20](-[#6@:5])(-[#8:25]-[#1])-[#1:43]	Any
EVODEX.2-Dm627_0	Any;Any	[#8:2]=[#7&+:3]-[#6:5]1:[#6:6]:[#6:7]:[#6:8](-[#8:9]-[#6@@:10]):[#6:19]:[#6:20]:1.[#8:1](-[#1])-[#1]>>[#8:1](-[#6:8]1:[#6:7]:[#6:6]:[#6:5](-[#7&+:3]=[#8:2]):[#6:20]:[#6:19]:1)-[#1].[#8:9](-[#6@@:10])-[#1]	Any;Any
EVODEX.2-Dm628_0	Any;Any	[#6:17]-[#6:18](=[#8:19])-[#6:20](-[#8:21])(-[#6:22])-[#1:79].[#8:45](-[#1])-[#1]>>[#6:20](-[#8:21])(-[#6:22])(-[#1:79])-[#1].[#6:17]-[#6:18](=[#8:19])-[#8:45]-[#1]	Any;Any
EVODEX.2-Dm629_0	Any	[#6:17]-[#6:18](=[#8:19])-[#6:20](-[#8:21])(-[#6:22])-[#1:60]>>[#6:20](-[#8:21])(-[#6:22])(-[#1:60])-[#1].[#6:17]-[#6:18](=[#8:19])-[#8]-[#1]	Any;Any
EVODEX.2-Dm630_0	Any;Any	[#6:1]-[#6:2](=[#8:3])-[#7:4](-[#6:5]1:[#6:6]:[#6:7]:[#6:8]:[#6:9]:[#6:10]:1-[#7&+:11]=[#8:12])-[#1].[#8:14](-[#1])-[#1]>>[#6:1]-[#6:2](=[#8:3])-[#8:14]-[#1].[#7:4](-[#6:5]1:[#6:6]:[#6:7]:[#6:8]:[#6:9]:[#6:10]:1-[#7&+:11]=[#8:12])(-[#1])-[#1]	Any;Any
EVODEX.2-Dm631_0	Any;Any	[#8:2]=[#6:3](-[#7](-[#6]1:[#6]:[#6]:[#6]:[#6]:[#6]:1-[#7&+]=[#8])-[#1])-[#6:14].[#8:1](-[#1])-[#1]>>[#8:1](-[#6:3](=[#8:2])-[#6:14])-[#1]	Any
EVODEX.2-Dm632_0	Any	[#8:2]=[#6:3](-[#7:4](-[#6:5]1:[#6:6]:[#6:7]:[#6:8]:[#6:9]:[#6:10]:1-[#7&+:11]=[#8:12])-[#1])-[#6:14]>>[#7:4](-[#6:5]1:[#6:6]:[#6:7]:[#6:8]:[#6:9]:[#6:10]:1-[#7&+:11]=[#8:12])(-[#1])-[#1].[#8](-[#6:3](=[#8:2])-[#6:14])-[#1]	Any;Any
EVODEX.2-Dm634_0	Any	[#6:1]-[#6:2](=[#8:3])-[#16:4]-[#6:5]>>[#6:1]-[#6:2](=[#8:3])-[#8]-[#1].[#16:4](-[#6:5])-[#1]	Any;Any
EVODEX.2-Dm635_0	Any;Any	[#6:8]-[#6:9](=[#8:10])-[#16:11]-[#6:12].[#8:59](-[#1])-[#1]>>[#6:8]-[#6:9](=[#8:10])-[#8:59]-[#1].[#16:11](-[#6:12])-[#1]	Any;Any
EVODEX.2-Dm636_0	Any;Any	[#7:35](-[#6@:34])(-[#6:36](=[#8:37])-[#8:38])-[#1].[#8:1](-[#1])-[#1]>>[#7:35](-[#6@:34])(-[#1])-[#1].[#8:1](-[#6:36](=[#8:37])-[#8:38])-[#1]	Any;Any
EVODEX.2-Dm637_0	Any;Any	[#15:11](=[#8:12])-[#8:14]-[#6@@:15](-[#6@@:16])(-[#6@@:30])-[#1:50].[#8:40](-[#1])-[#1]>>[#8:40](-[#6@@:15](-[#6@@:16])(-[#6@@:30])-[#1:50])-[#1].[#15:11](=[#8:12])-[#8:14]-[#1]	Any;Any
EVODEX.2-Dm638_0	Any;Any	[#6:22](-[#6@:20])(-[#8]-[#15]=[#8])(-[#1:46])-[#1:47].[#8:32](-[#1])-[#1]>>[#6:22](-[#6@:20])(-[#8:32]-[#1])(-[#1:46])-[#1:47]	Any
EVODEX.2-Dm639_0	Any	[#6:1]-[#8:2]-[#15:3](=[#8:4])(-[#8:5])-[#8:6]>>[#6:1]-[#8:2]-[#1].[#15:3](=[#8:4])(-[#8:5])(-[#8:6])-[#8]-[#1]	Any;Any
EVODEX.2-Dm640_0	Any	[#6:12](-[#6@:10])(-[#8:13]-[#15:14]=[#8:15])(-[#1:27])-[#1:28]>>[#8:13](-[#15:14]=[#8:15])-[#1].[#8](-[#6:12](-[#6@:10])(-[#1:27])-[#1:28])-[#1]	Any;Any
EVODEX.2-Dm641_0	Any;Any	[#6:9](-[#6@:8])(-[#8:10]-[#15:11]=[#8:12])(-[#1:29])-[#1:30].[#8:22](-[#1])-[#1]>>[#6:9](-[#6@:8])(-[#8:22]-[#1])(-[#1:29])-[#1:30].[#8:10](-[#15:11]=[#8:12])-[#1]	Any;Any
EVODEX.2-Dm642_0	Any;Any	[#6:11]1:[#6:12]:[#6:13]:[#6:14](-[#8:15]-[#15:16]=[#8:17]):[#6:20]:[#6:21]:1.[#8:98](-[#1])-[#1]>>[#6:11]1:[#6:12]:[#6:13]:[#6:14](-[#8:98]-[#1]):[#6:20]:[#6:21]:1.[#8:15](-[#15:16]=[#8:17])-[#1]	Any;Any
EVODEX.2-Dm644_0	Any;Any	[#8:2]=[#15:3](-[#8:4])(-[#8:5])-[#8:6]-[#6:7].[#8:1](-[#1])-[#1]>>[#8:1](-[#15:3](=[#8:2])(-[#8:4])-[#8:5])-[#1].[#8:6](-[#6:7])-[#1]	Any;Any
EVODEX.2-Dm646_0	Any	[#6:73]1:[#6:74]:[#6:75]:[#6:76](-[#8:77]-[#15:78]=[#8:79]):[#6:82]:[#6:83]:1>>[#6:73]1:[#6:74]:[#6:75]:[#6:76](-[#8]-[#1]):[#6:82]:[#6:83]:1.[#8:77](-[#15:78]=[#8:79])-[#1]	Any;Any
EVODEX.2-Dm647_0	Any;Any	[#6:64]1:[#6:65]:[#6:66]:[#6:67](-[#8]-[#15]=[#8]):[#6:73]:[#6:74]:1.[#8:96](-[#1])-[#1]>>[#6:64]1:[#6:65]:[#6:66]:[#6:67](-[#8:96]-[#1]):[#6:73]:[#6:74]:1	Any
EVODEX.2-Dm648_0	Any	[#6:38]-[#6@:37](-[#6@@:8])(-[#8]-[#15]=[#8])-[#1:94]>>[#6:38]-[#6@@:37](-[#6@@:8])(-[#8]-[#1])-[#1:94]	Any
EVODEX.2-Dm649_0	Any;Any	[#6:1]-[#6:2](-[#6:3])(-[#8]-[#15]=[#8])-[#1:13].[#8:9](-[#1])-[#1]>>[#6:1]-[#6:2](-[#6:3])(-[#8:9]-[#1])-[#1:13]	Any
EVODEX.2-Dm650_0	Any	[#8:2]=[#15:3]-[#8:6]-[#6@@:7](-[#6:8])(-[#6@@:16])-[#1:20]>>[#8:2]=[#15:3]-[#8:6]-[#1].[#8](-[#6@@:7](-[#6:8])(-[#6@@:16])-[#1:20])-[#1]	Any;Any
EVODEX.2-Dm651_0	Any;Any	[#6:8]-[#6:9](-[#6:10])(-[#8]-[#16](=[#8])=[#8])-[#1:44].[#8:26](-[#1])-[#1]>>[#6:8]-[#6:9](-[#6:10])(-[#8:26]-[#1])-[#1:44]	Any
EVODEX.2-Dm652_0	Any	[#6:8]-[#6:9](-[#6:10])(-[#8:21]-[#16:22](=[#8:23])=[#8:24])-[#1:44]>>[#6:8]-[#6:9](-[#6:10])(-[#8]-[#1])-[#1:44].[#8:21](-[#16:22](=[#8:23])=[#8:24])-[#1]	Any;Any
EVODEX.2-Dm653_0	Any	[#8:15]-[#15:16](=[#8:17])(-[#8:18])-[#8:19]-[#15:20]=[#8:21]>>[#8:15]-[#15:16](=[#8:17])(-[#8:18])-[#8]-[#1].[#8:19](-[#15:20]=[#8:21])-[#1]	Any;Any
EVODEX.2-Dm654_0	Any;Any	[#15:18](=[#8:19])-[#8:21]-[#6@@:22](-[#6@@:11])(-[#6@:16])-[#1:35].[#8:23](-[#1])-[#1]>>([#15:18](=[#8:19])-[#8:21]-[#1].[#8:23](-[#6@:22](-[#6@@:11])(-[#6@@:16])-[#1:35])-[#1])	Any
EVODEX.2-Dm655_0	Any	[#15:16](=[#8:17])-[#8:19]-[#6@@:20](-[#6@@:9])(-[#6@:14])-[#1:35]>>([#15:16](=[#8:17])-[#8:19]-[#1].[#8](-[#6@:20](-[#6@@:9])(-[#6@@:14])-[#1:35])-[#1])	Any
EVODEX.2-Dm656_0	Any;Any	[#6:10](-[#6@:9])(-[#8:11]-[#16:12](=[#8:13])=[#8:14])(-[#1:40])-[#1:41].[#8:31](-[#1])-[#1]>>[#6:10](-[#6@:9])(-[#8:31]-[#1])(-[#1:40])-[#1:41].[#8:11](-[#16:12](=[#8:13])=[#8:14])-[#1]	Any;Any
EVODEX.2-Dm657_0	Any;Any	[#6:10](-[#6@:9])(-[#8]-[#16](=[#8])=[#8])(-[#1:40])-[#1:41].[#8:31](-[#1])-[#1]>>[#6:10](-[#6@:9])(-[#8:31]-[#1])(-[#1:40])-[#1:41]	Any
EVODEX.2-Dm658_0	Any;Any	[#8:6](-[#6@:5](-[#6@@:3])(-[#6@@:11])-[#1:23])-[#16:7](=[#8:8])=[#8:9].[#8:17](-[#1])-[#1]>>[#8:17](-[#6@:5](-[#6@@:3])(-[#6@@:11])-[#1:23])-[#1].[#8:6](-[#16:7](=[#8:8])=[#8:9])-[#1]	Any;Any
EVODEX.2-Dm661_0	Any;Any	[#6:4]-[#16:5]-[#6:6](-[#6@:7])(-[#1:35])-[#1:36].[#8:27](-[#1])-[#1]>>[#6:6](-[#6@:7])(-[#8:27]-[#1])(-[#1:35])-[#1:36].[#6:4]-[#16:5]-[#1]	Any;Any
EVODEX.2-Dm662_0	Any	[#8]=[#7&+]-[#6]1:[#6]:[#6]:[#6](-[#8:9]-[#6@:10]):[#6]:[#6]:1>>[#8:9](-[#6@:10])-[#1]	Any
EVODEX.2-Dm663_0	Any	[#8:2]=[#7&+:3]-[#6:5]1:[#6:6]:[#6:7]:[#6:8](-[#8:9]-[#6@:10]):[#6:87]:[#6:88]:1>>[#8](-[#6:8]1:[#6:7]:[#6:6]:[#6:5](-[#7&+:3]=[#8:2]):[#6:88]:[#6:87]:1)-[#1].[#8:9](-[#6@:10])-[#1]	Any;Any
EVODEX.2-Dm664_0	Any;Any	[#8](-[#6@:49](-[#6@@:47])(-[#8:60])-[#1:134])-[#6]1:[#6]:[#6]:[#6](-[#7&+]=[#8]):[#6]:[#6]:1.[#8:90](-[#1])-[#1]>>[#8:90](-[#6@:49](-[#6@@:47])(-[#8:60])-[#1:134])-[#1]	Any
EVODEX.2-Dm666_0	Any;Any;Any	[#8:1](-[#1])-[#1].[#8:2](-[#1])-[#1].([#8:6]-[#6@:7](-[#8:8]-[#6:9])(-[#6@@:42])-[#1:56].[#8:11]-[#6@:12](-[#8:13]-[#6:14])(-[#6@@:36])-[#1:60])>>[#8:13](-[#6:14])-[#1].([#8:1](-[#6:12](-[#8:11])(-[#6@@:36])-[#1:60])-[#1].[#6:9]-[#8:8]-[#1]).[#8:2](-[#6:7](-[#8:6])(-[#6@@:42])-[#1:56])-[#1]	Any;Any;Any
EVODEX.2-Dm669_0	Any	[#8:33](-[#6@@:32](-[#6@:23])(-[#6@:30])-[#1:84])-[#6@:34]>>[#8](-[#6@@:32](-[#6@:23])(-[#6@:30])-[#1:84])-[#1].[#8:33](-[#6@:34])-[#1]	Any;Any
EVODEX.2-Dm671_0	Any	[#6:2]1:[#6:3]:[#6:4](=[#8:5]):[#8:6]:[#6:7]2:[#6:8]:[#6:9](-[#8:10]-[#6@:11]):[#6:26]:[#6:27]:[#6:28]:1:2>>[#6:2]1:[#6:3]:[#6:4](=[#8:5]):[#8:6]:[#6:7]2:[#6:8]:[#6:9](-[#8]-[#1]):[#6:26]:[#6:27]:[#6:28]:1:2.[#8:10](-[#6@:11])-[#1]	Any;Any
EVODEX.2-Dm672_0	Any;Any	[#6:11](-[#6@@:10])(-[#8:12]-[#6@@:13])(-[#1:37])-[#1:38].[#8:26](-[#1])-[#1]>>[#6:11](-[#6@@:10])(-[#8:26]-[#1])(-[#1:37])-[#1:38].[#8:12](-[#6@@:13])-[#1]	Any;Any
EVODEX.2-Dm673_0	Any;Any	[#8:16](-[#6@:15](-[#6@:12])(-[#6@:45])-[#1:72])-[#6@@:17].[#8:58](-[#1])-[#1]>>[#8:58](-[#6@:15](-[#6@:12])(-[#6@:45])-[#1:72])-[#1].[#8:16](-[#6@@:17])-[#1]	Any;Any
EVODEX.2-Dm674_0	Any;Any	[#6:2]1:[#6:3]:[#6:4](=[#8:5]):[#8:6]:[#6:7]2:[#6:8]:[#6:9](-[#8:10]-[#6@@:11]):[#6:33]:[#6:34]:[#6:35]:1:2.[#8:36](-[#1])-[#1]>>[#6:2]1:[#6:3]:[#6:4](=[#8:5]):[#8:6]:[#6:7]2:[#6:8]:[#6:9](-[#8:36]-[#1]):[#6:33]:[#6:34]:[#6:35]:1:2.[#8:10](-[#6@@:11])-[#1]	Any;Any
EVODEX.2-Dm675_0	Any;Any	[#8:16](-[#6@:15])-[#6@:17](-[#6:18]=[#8:19])(-[#6:21])-[#8:36].[#8:69](-[#1])-[#1]>>[#6:18](-[#6@@:17](-[#8:69]-[#1])(-[#6:21])-[#8:36])=[#8:19].[#8:16](-[#6@:15])-[#1]	Any;Any
EVODEX.2-Dm676_0	Any	[#6]1:[#6]:[#6](=[#8]):[#8]:[#6]2:[#6]:[#6](-[#8:10]-[#6@:11]):[#6]:[#6]:[#6]:1:2>>[#8:10](-[#6@:11])-[#1]	Any
EVODEX.2-Dm677_0	Any	[#7:7]=[#6:8]-[#16:19]-[#6@](-[#8])(-[#6@])-[#1]>>[#7:7]=[#6:8]-[#16:19]-[#1]	Any
EVODEX.2-Dm678_0	Any	[#7:7]=[#6:8]-[#16:19]-[#6@:20](-[#8:21])(-[#6@:29])-[#1:40]>>[#7:7]=[#6:8]-[#16:19]-[#1].[#8](-[#6@:20](-[#8:21])(-[#6@:29])-[#1:40])-[#1]	Any;Any
EVODEX.2-Dm679_0	Any;Any	[#6:6](=[#7:7])-[#16:13]-[#6@:14](-[#8:15])(-[#6@:23])-[#1:34].[#8:25](-[#1])-[#1]>>[#6:6](=[#7:7])-[#16:13]-[#1].[#6:14](-[#8:25]-[#1])(-[#8:15])(-[#6@:23])-[#1:34]	Any;Any
EVODEX.2-Dm681_0	Any	[#8:13]-[#6@@:14](-[#8:15]-[#6@:16])(-[#6:38]=[#8:39])-[#6:41]>>[#8:13]-[#6@@:14](-[#6:38]=[#8:39])(-[#8]-[#1])-[#6:41].[#8:15](-[#6@:16])-[#1]	Any;Any
EVODEX.2-Dm682_0	Any;Any	[#7:14]-[#8:15]-[#6@:16](-[#8:17])(-[#6@:25])-[#1:36].[#8:27](-[#1])-[#1]>>[#8:27](-[#6@:16](-[#8:17])(-[#6@:25])-[#1:36])-[#1].[#7:14]-[#8:15]-[#1]	Any;Any
EVODEX.2-Dm683_0	Any	[#7:14]-[#8:15]-[#6@:16](-[#8:17])(-[#6@:25])-[#1:36]>>[#8](-[#6@:16](-[#8:17])(-[#6@:25])-[#1:36])-[#1].[#7:14]-[#8:15]-[#1]	Any;Any
EVODEX.2-Dm684_0	Any;Any	[#6:61](-[#6@:2])(-[#8]-[#6@@])(-[#1:146])-[#1:147].[#8:74](-[#1])-[#1]>>[#6:61](-[#6@:2])(-[#8:74]-[#1])(-[#1:146])-[#1:147]	Any
EVODEX.2-Dm687_0	Any;Any	[#6:8]-[#6:9]1(-[#8:10]-[#6:11]-1)-[#1:40].[#8:24](-[#1])-[#1]>>[#6:8]-[#6:9](-[#6:11]-[#8:10]-[#1])(-[#8:24]-[#1])-[#1:40]	Any
EVODEX.2-Dm689_0	Any	[#6:8]-[#6:9]1(-[#8:10]-[#6:11]-1)-[#1:20]>>[#8](-[#6:9](-[#6:8])(-[#6:11]-[#8:10]-[#1])-[#1:20])-[#1]	Any
EVODEX.2-Dm691_0	Any	[#6:7](-[#6@:5])(=[#8:8])-[#7:9](-[#6:10]1:[#6:11]:[#6:12]:[#6:13]2:[#6:14]:[#6:19]:[#6:20](=[#8:21]):[#8:22]:[#6:23]:2:[#6:24]:1)-[#1]>>[#6:7](-[#6@:5])(=[#8:8])-[#8]-[#1].[#7:9](-[#6:10]1:[#6:11]:[#6:12]:[#6:13]2:[#6:14]:[#6:19]:[#6:20](=[#8:21]):[#8:22]:[#6:23]:2:[#6:24]:1)(-[#1])-[#1]	Any;Any
EVODEX.2-Dm692_0	Any	[#6](=[#6])-[#6]1:[#6]:[#6]:[#6](-[#7](-[#6:10](=[#8:11])-[#6@@:12])-[#1]):[#6]:[#6]:1>>[#6:10](=[#8:11])(-[#6@@:12])-[#8]-[#1]	Any
EVODEX.2-Dm695_0	Any;Any	[#6:12](-[#6@:2])(-[#7](-[#1])-[#1])=[#8:14].[#8:15](-[#1])-[#1]>>[#6:12](-[#6@:2])(=[#8:14])-[#8:15]-[#1]	Any
EVODEX.2-Dm696_0	Any;Any;Any	[#6:7](-[#6@:5])(=[#8:8])-[#7:9](-[#6@@:10]-[#6:16](=[#8:17])-[#7:18](-[#6@@:19])-[#1])-[#1].[#8:94](-[#1])-[#1].[#8:95](-[#1])-[#1]>>[#6:7](-[#6@:5])(=[#8:8])-[#8:94]-[#1].[#7:18](-[#6@@:19])(-[#1])-[#1].[#7:9](-[#6@@:10]-[#6:16](=[#8:17])-[#8:95]-[#1])(-[#1])-[#1]	Any;Any;Any
EVODEX.2-Dm697_0	Any	[#6:7](-[#6@:5])(=[#8:8])-[#7:9](-[#6@@:10]-[#6:16](=[#8:17])-[#7:18](-[#6@@:19])-[#1])-[#1]>>[#6:7](-[#6@:5])(=[#8:8])-[#8]-[#1].[#7:18](-[#6@@:19])(-[#1])-[#1].[#7:9](-[#6@@:10]-[#6:16](=[#8:17])-[#8]-[#1])(-[#1])-[#1]	Any;Any;Any
EVODEX.2-Dm700_0	Any	[#6:2]-[#6:3](=[#8:4])-[#7](-[#6]1:[#6]:[#6]:[#6](-[#7&+]=[#8]):[#6]:[#6]:1)-[#1]>>[#6:2]-[#6:3](=[#8:4])-[#8]-[#1]	Any
EVODEX.2-Dm704_0	Any;Any	[#6:24]-[#7:25](-[#6:26](=[#7:27])-[#7:28])-[#1].[#8:43](-[#1])-[#1]>>[#6:26](=[#7:27])(-[#7:28])-[#8:43]-[#1].[#6:24]-[#7:25](-[#1])-[#1]	Any;Any
EVODEX.2-Dm705_0	Any	[#6:24]-[#7:25](-[#6:26](=[#7:27])-[#7:28])-[#1]>>[#6:26](=[#7:27])(-[#7:28])-[#8]-[#1].[#6:24]-[#7:25](-[#1])-[#1]	Any;Any
EVODEX.2-Dm706_0	Any;Any	[#7:8](-[#6@:6])(-[#6:9](=[#8:10])-[#6:11](-[#7:12])(-[#6:13])-[#1:32])-[#1].[#8:21](-[#1])-[#1]>>[#6:9](=[#8:10])(-[#6@@:11](-[#7:12])(-[#6:13])-[#1:32])-[#8:21]-[#1].[#7:8](-[#6@:6])(-[#1])-[#1]	Any;Any
EVODEX.2-Dm707_0	Any;Any	[#7:13](-[#6:14]1:[#6:15]:[#6:16]:[#6:17](-[#7&+:18]=[#8:19]):[#6:21]:[#6:22]:1)(-[#1])-[#1].[#6:10](-[#6@:8])(=[#8:11])-[#8]-[#1]>>[#6:10](-[#6@:8])(=[#8:11])-[#7:13](-[#6:14]1:[#6:15]:[#6:16]:[#6:17](-[#7&+:18]=[#8:19]):[#6:21]:[#6:22]:1)-[#1]	Any
EVODEX.2-Dm708_0	Any;Any	[#6:7](-[#6@:5])(=[#8:8])-[#8:9]-[#1].[#7:10](-[#6:11]1:[#6:12]:[#6:13]:[#6:14](-[#7&+:15]=[#8:16]):[#6:18]:[#6:19]:1)(-[#1])-[#1]>>[#6:7](-[#6@:5])(=[#8:8])-[#7:10](-[#6:11]1:[#6:12]:[#6:13]:[#6:14](-[#7&+:15]=[#8:16]):[#6:18]:[#6:19]:1)-[#1].[#8:9](-[#1])-[#1]	Any;Any
EVODEX.2-Dm709_0	Any	[#6:10](-[#6@@:2])(=[#8:11])-[#8]-[#1]>>[#6:10](-[#6@@:2])(=[#8:11])-[#7](-[#6]1:[#6]:[#6]:[#6](-[#7&+]=[#8]):[#6]:[#6]:1)-[#1]	Any
EVODEX.2-Dm710_0	Any	[#6:7]-[#6:8](=[#8:9])-[#7:10](-[#6@@:11])-[#1]>>[#6:7]-[#6:8](=[#8:9])-[#8]-[#1].[#7:10](-[#6@@:11])(-[#1])-[#1]	Any;Any
EVODEX.2-Dm711_0	Any;Any	[#6](=[#6])-[#6]1:[#6]:[#6]:[#6](-[#7](-[#6:10](=[#8:11])-[#6@@:12])-[#1]):[#6]:[#6]:1.[#8:26](-[#1])-[#1]>>[#6:10](=[#8:11])(-[#6@@:12])-[#8:26]-[#1]	Any
EVODEX.2-Dm712_0	Any;Any	[#6:10](-[#6@:8])(=[#8:11])-[#7:12](-[#6@@:13])-[#1].[#8:21](-[#1])-[#1]>>[#7:12](-[#6@@:13])(-[#1])-[#1].[#6:10](-[#6@:8])(=[#8:11])-[#8:21]-[#1]	Any;Any
EVODEX.2-Dm713_0	Any	[#6:7](-[#6@:5])(=[#8:8])-[#7:9](-[#6:10])-[#6@:13]>>[#6:7](-[#6@:5])(=[#8:8])-[#8]-[#1].[#7:9](-[#6:10])(-[#6@:13])-[#1]	Any;Any
EVODEX.2-Dm714_0	Any;Any	[#6:4](-[#6@:2])(=[#8:5])-[#7:6](-[#6:7])-[#6@:10].[#8:18](-[#1])-[#1]>>[#6:4](-[#6@:2])(=[#8:5])-[#8:18]-[#1].[#7:6](-[#6:7])(-[#6@:10])-[#1]	Any;Any
EVODEX.2-Dm715_0	Any;Any	[#6:4]-[#6:5](-[#7:6](-[#6:7](=[#8:8])-[#6:9](-[#6:10])(-[#7:13])-[#1:29])-[#1])(-[#6:14]=[#8:16])-[#1:27].[#8:17](-[#1])-[#1]>>[#6:7](=[#8:8])(-[#6@:9](-[#6:10])(-[#7:13])-[#1:29])-[#8:17]-[#1].[#6:4]-[#6@:5](-[#7:6](-[#1])-[#1])(-[#6:14]=[#8:16])-[#1:27]	Any;Any
EVODEX.2-Dm716_0	Any	[#6:13](-[#6@:5])(-[#7:14](-[#1])-[#1])=[#8:15]>>[#6:13](-[#6@:5])(=[#8:15])-[#8]-[#1].[#7:14](-[#1])(-[#1])-[#1]	Any;Any
EVODEX.2-Dm717_0	Any;Any;Any	([#6:9](-[#6@@:7])(=[#8:10])-[#7:11](-[#6@@:12])-[#1].[#6:19](-[#6@@:17])(=[#8:20])-[#7:21](-[#6@@:22])-[#1]).[#8:32](-[#1])-[#1].[#8:33](-[#1])-[#1]>>[#6:9](-[#6@@:7])(=[#8:10])-[#8:32]-[#1].([#7:11](-[#6@@:12])(-[#1])-[#1].[#6:19](-[#6@@:17])(=[#8:20])-[#8:33]-[#1]).[#7:21](-[#6@@:22])(-[#1])-[#1]	Any;Any;Any
EVODEX.2-Dm718_0	Any;Any	[#6:14](-[#6@:2])(=[#8:15])-[#7](-[#6]1:[#6]:[#6]:[#6](-[#7&+]=[#8]):[#6]:[#6]:1)-[#1].[#8:26](-[#1])-[#1]>>[#6:14](-[#6@:2])(=[#8:15])-[#8:26]-[#1]	Any
EVODEX.2-Dm719_0	Any	[#6:9](-[#6@@:7])(=[#8:10])-[#7](-[#6]1:[#6]:[#6]:[#6]:[#6]:[#6]:1-[#7&+]=[#8])-[#1]>>[#6:9](-[#6@@:7])(=[#8:10])-[#8]-[#1]	Any
EVODEX.2-Dm720_0	Any	[#6:14](-[#6@:13])(=[#8:15])-[#7:16](-[#6:17]1:[#6:18]:[#6:19]:[#6:20](:[#6:21]:[#6:22]:1)-[#6:26]=[#6:25])-[#1]>>[#6:14](-[#6@:13])(=[#8:15])-[#8]-[#1].[#7:16](-[#6:17]1:[#6:18]:[#6:19]:[#6:20](:[#6:21]:[#6:22]:1)-[#6:26]=[#6:25])(-[#1])-[#1]	Any;Any
EVODEX.2-Dm721_0	Any	[#6:14](-[#6@:13])(=[#8:15])-[#7:16](-[#6:17]1:[#6:18]:[#6:19]:[#6:20]:[#6:21]:[#6:22]:1)-[#1]>>[#6:14](-[#6@:13])(=[#8:15])-[#8]-[#1].[#7:16](-[#6:17]1:[#6:18]:[#6:19]:[#6:20]:[#6:21]:[#6:22]:1)(-[#1])-[#1]	Any;Any
EVODEX.2-Dm722_0	Any	[#7:5]-[#6:9](-[#6:8])(-[#6:10](=[#8:11])-[#7:12](-[#6:13])-[#1])-[#1:28]>>[#7:12](-[#6:13])(-[#1])-[#1].[#7:5]-[#6@@:9](-[#6:8])(-[#6:10](=[#8:11])-[#8]-[#1])-[#1:28]	Any;Any
EVODEX.2-Dm723_0	Any;Any	[#6:14](-[#6@:13])(=[#8:15])-[#7:16](-[#6:17]1:[#6:18]:[#6:19]:[#6:20](-[#7&+:21]=[#8:22]):[#6:24]:[#6:25]:1)-[#1].[#8:26](-[#1])-[#1]>>[#6:14](-[#6@:13])(=[#8:15])-[#8:26]-[#1].[#7:16](-[#6:17]1:[#6:18]:[#6:19]:[#6:20](-[#7&+:21]=[#8:22]):[#6:24]:[#6:25]:1)(-[#1])-[#1]	Any;Any
EVODEX.2-Dm724_0	Any;Any	[#6:10](-[#6@:9])(=[#8:11])-[#7:12](-[#6:13]1:[#6:14]:[#6:15]:[#6:16]:[#6:17]:[#6:18]:1)-[#1].[#8:41](-[#1])-[#1]>>[#7:12](-[#6:13]1:[#6:14]:[#6:15]:[#6:16]:[#6:17]:[#6:18]:1)(-[#1])-[#1].[#6:10](-[#6@:9])(=[#8:11])-[#8:41]-[#1]	Any;Any
EVODEX.2-Dm725_0	Any;Any	[#6:18](-[#6@:5])(=[#8:19])-[#7:20](-[#6:21]1:[#6:22]:[#6:23]:[#6:24](:[#6:25]:[#6:26]:1)-[#6:30]=[#6:29])-[#1].[#8:32](-[#1])-[#1]>>[#6:18](-[#6@:5])(=[#8:19])-[#8:32]-[#1].[#7:20](-[#6:21]1:[#6:22]:[#6:23]:[#6:24](:[#6:25]:[#6:26]:1)-[#6:30]=[#6:29])(-[#1])-[#1]	Any;Any
EVODEX.2-Dm726_0	Any	([#7:25](-[#6@:20])(-[#6:26](=[#8:27])-[#6:28])-[#1].[#6:42](-[#6@:5])(=[#8:43])-[#7:44](-[#6@@:45])-[#1])>>[#6:26](=[#8:27])(-[#6:28])-[#8]-[#1].([#7:25](-[#6@:20])(-[#1])-[#1].[#6:42](-[#6@:5])(=[#8:43])-[#8]-[#1]).[#7:44](-[#6@@:45])(-[#1])-[#1]	Any;Any;Any
EVODEX.2-Dm727_0	Any;Any	[#6:18](=[#8:19])-[#6@:20](-[#6:21])(-[#7:22](-[#6:23](=[#8:24])-[#6@:25])-[#1])-[#1:63].[#8:40](-[#1])-[#1]>>[#6:23](=[#8:24])(-[#6@:25])-[#8:40]-[#1].[#6:18](=[#8:19])-[#6:20](-[#6:21])(-[#7:22](-[#1])-[#1])-[#1:63]	Any;Any
EVODEX.2-Dm728_0	Any	[#6:21](-[#6@:20])(=[#8:22])-[#7:23](-[#6:24]1:[#6:25]:[#6:26]:[#6:27](-[#7&+:28]=[#8:29]):[#6:31]:[#6:32]:1)-[#1]>>[#6:21](-[#6@:20])(=[#8:22])-[#8]-[#1].[#7:23](-[#6:24]1:[#6:25]:[#6:26]:[#6:27](-[#7&+:28]=[#8:29]):[#6:31]:[#6:32]:1)(-[#1])-[#1]	Any;Any
EVODEX.2-Dm729_0	Any	[#7:9](-[#6@:8])(-[#6:10](=[#8:11])-[#8:12])-[#1]>>[#6:10](=[#8:11])(-[#8:12])-[#8]-[#1].[#7:9](-[#6@:8])(-[#1])-[#1]	Any;Any
EVODEX.2-Dm733_0	Any	[#6:30](-[#6@:4])(=[#8:31])-[#8:32]-[#1]>>[#6:30](-[#6@:4])(=[#8:31])-[#7](-[#6]1:[#6]:[#6]:[#6](-[#7&+]=[#8]):[#6]:[#6]:1)-[#1].[#8:32](-[#1])-[#1]	Any;Any
EVODEX.2-Dm735_0	Any;Any	[#6:38](-[#6@:10])(=[#8:39])-[#8:40]-[#1].[#7:43](-[#6:44]1:[#6:45]:[#6:46]:[#6:47](-[#7&+:48]=[#8:49]):[#6:51](-[#6:52]=[#8:53]):[#6:55]:1)(-[#1])-[#1]>>[#6:38](-[#6@:10])(=[#8:39])-[#7:43](-[#6:44]1:[#6:45]:[#6:46]:[#6:47](-[#7&+:48]=[#8:49]):[#6:51](-[#6:52]=[#8:53]):[#6:55]:1)-[#1].[#8:40](-[#1])-[#1]	Any;Any
EVODEX.2-Dm736_0	Any;Any	[#6:27](-[#6@@:19])(=[#8:28])-[#8:29]-[#1].[#6:31]1:[#6:32]:[#6:33](=[#8:34]):[#8:35]:[#6:36]2:[#6:37]:[#6:38](-[#7:39](-[#1])-[#1]):[#6:40]:[#6:41]:[#6:42]:1:2>>[#6:27](-[#6@@:19])(=[#8:28])-[#7:39](-[#6:38]1:[#6:37]:[#6:36]2:[#8:35]:[#6:33](=[#8:34]):[#6:32]:[#6:31]:[#6:42]:2:[#6:41]:[#6:40]:1)-[#1].[#8:29](-[#1])-[#1]	Any;Any
EVODEX.2-Dm737_0	Any	[#8]=[#6](-[#7:4](-[#6@@:5])-[#1])-[#6]1:[#6]:[#6]:[#6]:[#6]:[#6]:1>>[#7:4](-[#6@@:5])(-[#1])-[#1]	Any
EVODEX.2-Dm738_0	Any;Any	[#6:2]1:[#6:3]:[#6:4](=[#8:5]):[#8:6]:[#6:7]2:[#6:8]:[#6:9](-[#7:10](-[#6:11](=[#8:12])-[#6@:13])-[#1]):[#6:37]:[#6:38]:[#6:39]:1:2.[#8:40](-[#1])-[#1]>>[#6:11](=[#8:12])(-[#6@:13])-[#8:40]-[#1].[#6:2]1:[#6:3]:[#6:4](=[#8:5]):[#8:6]:[#6:7]2:[#6:8]:[#6:9](-[#7:10](-[#1])-[#1]):[#6:37]:[#6:38]:[#6:39]:1:2	Any;Any
EVODEX.2-Dm739_0	Any	[#6:2]1:[#6:3]:[#6:4](=[#8:5]):[#8:6]:[#6:7]2:[#6:8]:[#6:9]:[#6:10](-[#7:11](-[#6:12](=[#8:13])-[#6@:14])-[#1]):[#6:43]:[#6:44]:1:2>>[#6:12](=[#8:13])(-[#6@:14])-[#8]-[#1].[#6:2]1:[#6:3]:[#6:4](=[#8:5]):[#8:6]:[#6:7]2:[#6:8]:[#6:9]:[#6:10](-[#7:11](-[#1])-[#1]):[#6:43]:[#6:44]:1:2	Any;Any
EVODEX.2-Dm740_0	Any;Any	[#6:27](-[#6@:26])(=[#8:28])-[#7:29](-[#6:30]1:[#6:31]:[#6:32]:[#6:33]2:[#8:34]:[#6:35](=[#8:36]):[#6:37]:[#6:38]:[#6:43]:2:[#6:44]:1)-[#1].[#8:45](-[#1])-[#1]>>[#7:29](-[#6:30]1:[#6:31]:[#6:32]:[#6:33]2:[#8:34]:[#6:35](=[#8:36]):[#6:37]:[#6:38]:[#6:43]:2:[#6:44]:1)(-[#1])-[#1].[#6:27](-[#6@:26])(=[#8:28])-[#8:45]-[#1]	Any;Any
EVODEX.2-Dm741_0	Any	[#6:27](-[#6@:26])(=[#8:28])-[#7](-[#6]1:[#6]:[#6]:[#6]2:[#8]:[#6](=[#8]):[#6]:[#6]:[#6]:2:[#6]:1)-[#1]>>[#6:27](-[#6@:26])(=[#8:28])-[#8]-[#1]	Any
EVODEX.2-Dm744_0	Any	[#16:5](=[#8:6])(=[#8:7])-[#6:8]1:[#6:9]:[#6:10]:[#6:11]:[#6:12]2:[#6:13]:[#6:14](-[#7:15](-[#6:16](=[#8:17])-[#6@:18])-[#1]):[#6:42]:[#6:43]:[#6:44]:1:2>>[#6:16](=[#8:17])(-[#6@:18])-[#8]-[#1].[#16:5](=[#8:6])(=[#8:7])-[#6:8]1:[#6:9]:[#6:10]:[#6:11]:[#6:12]2:[#6:13]:[#6:14](-[#7:15](-[#1])-[#1]):[#6:42]:[#6:43]:[#6:44]:1:2	Any;Any
EVODEX.2-Dm745_0	Any	[#6:50](-[#6@:21])(=[#8:51])-[#8]-[#1]>>[#6]1:[#6]:[#6](=[#8]):[#8]:[#6]2:[#6]:[#6](-[#7](-[#6:50](-[#6@:21])=[#8:51])-[#1]):[#6]:[#6]:[#6]:1:2	Any
EVODEX.2-Dm746_0	Any	[#6:33](-[#6@@:27])(=[#8:34])-[#8:35]-[#1]>>[#6:33](-[#6@@:27])(=[#8:34])-[#7](-[#6]1:[#6]:[#6]2:[#8]:[#6](=[#8]):[#6]:[#6]:[#6]:2:[#6]:[#6]:1)-[#1].[#8:35](-[#1])-[#1]	Any;Any
EVODEX.2-Dm747_0	Any;Any	[#6:2]1:[#6:3]:[#6:4](=[#8:5]):[#8:6]:[#6:7]2:[#6:8]:[#6:9](-[#7:10](-[#1])-[#1]):[#6:11]:[#6:12]:[#6:13]:1:2.[#6:49](-[#6@:19])(=[#8:50])-[#8]-[#1]>>[#6:2]1:[#6:3]:[#6:4](=[#8:5]):[#8:6]:[#6:7]2:[#6:8]:[#6:9](-[#7:10](-[#6:49](-[#6@:19])=[#8:50])-[#1]):[#6:11]:[#6:12]:[#6:13]:1:2	Any
EVODEX.2-Dm748_0	Any;Any	[#6:35](-[#6@@:27])(=[#8:36])-[#8]-[#1].[#6:43]-[#7:44](-[#1])-[#1]>>[#6:35](-[#6@@:27])(=[#8:36])-[#7:44](-[#6:43])-[#1]	Any
EVODEX.2-Dm749_0	Any;Any	[#6:45](-[#6@:2])(=[#8:46])-[#8:47]-[#1].[#7:48](-[#6:49])(-[#1])-[#1]>>[#6:45](-[#6@:2])(=[#8:46])-[#7:48](-[#6:49])-[#1].[#8:47](-[#1])-[#1]	Any;Any
EVODEX.2-Dm750_0	Any;Any	[#6:18](-[#6@:2])(-[#7:19](-[#1])-[#1])=[#8:20].[#8:21](-[#1])-[#1]>>[#6:18](-[#6@:2])(=[#8:20])-[#8:21]-[#1].[#7:19](-[#1])(-[#1])-[#1]	Any;Any
EVODEX.2-Dm751_0	Any;Any	[#16:5](=[#8:6])(=[#8:7])-[#6:8]1:[#6:9]:[#6:10]:[#6:11]:[#6:12]2:[#6:13]:[#6:14](-[#7:15](-[#6:16](=[#8:17])-[#6@:18])-[#1]):[#6:48]:[#6:49]:[#6:50]:1:2.[#8:51](-[#1])-[#1]>>[#6:16](=[#8:17])(-[#6@:18])-[#8:51]-[#1].[#16:5](=[#8:6])(=[#8:7])-[#6:8]1:[#6:9]:[#6:10]:[#6:11]:[#6:12]2:[#6:13]:[#6:14](-[#7:15](-[#1])-[#1]):[#6:48]:[#6:49]:[#6:50]:1:2	Any;Any
EVODEX.2-Dm752_0	Any	[#16:5](=[#8:6])(=[#8:7])-[#6:8]1:[#6:9]:[#6:10]:[#6:11]:[#6:12]2:[#6:13]:[#6:14](-[#7:15](-[#6](=[#8])-[#6@])-[#1]):[#6:45]:[#6:46]:[#6:47]:1:2>>[#16:5](=[#8:6])(=[#8:7])-[#6:8]1:[#6:9]:[#6:10]:[#6:11]:[#6:12]2:[#6:13]:[#6:14](-[#7:15](-[#1])-[#1]):[#6:45]:[#6:46]:[#6:47]:1:2	Any
EVODEX.2-Dm753_0	Any	[#6:4](=[#8:5])-[#6:6](-[#6:7])(-[#7:9](-[#6:10](=[#8:11])-[#6@:12])-[#1])-[#1:56]>>[#6:10](=[#8:11])(-[#6@:12])-[#8]-[#1].[#6:4](=[#8:5])-[#6@:6](-[#6:7])(-[#7:9](-[#1])-[#1])-[#1:56]	Any;Any
EVODEX.2-Dm754_0	Any	[#6](-[#6@])(=[#8])-[#7:40](-[#6:41]1:[#6:42]:[#6:43]:[#6:44](-[#7&+:45]=[#8:46]):[#6:48](-[#6:49]=[#8:50]):[#6:60]:1)-[#1]>>[#7:40](-[#6:41]1:[#6:42]:[#6:43]:[#6:44](-[#7&+:45]=[#8:46]):[#6:48](-[#6:49]=[#8:50]):[#6:60]:1)(-[#1])-[#1]	Any
EVODEX.2-Dm755_0	Any;Any;Any	[#7](-[#6@])(-[#6:19](=[#8:20])-[#6@:21]-[#7:26](-[#6:27](=[#8:28])-[#6@@:29])-[#1])-[#1].[#8:57](-[#1])-[#1].[#8:58](-[#1])-[#1]>>[#6:19](=[#8:20])(-[#6@:21]-[#7:26](-[#1])-[#1])-[#8:57]-[#1].[#6:27](=[#8:28])(-[#6@@:29])-[#8:58]-[#1]	Any;Any
EVODEX.2-Dm756_0	Any	[#7:6](-[#6@:5]-[#6:34](=[#8:35])-[#7](-[#6@@])-[#1])(-[#6:7](=[#8:8])-[#6@@:9])-[#1]>>[#6:7](=[#8:8])(-[#6@@:9])-[#8]-[#1].[#7:6](-[#6@:5]-[#6:34](=[#8:35])-[#8]-[#1])(-[#1])-[#1]	Any;Any
EVODEX.2-Dm757_0	Any	[#7:27]-[#6:28](-[#6:29])(-[#6:36](=[#8:37])-[#7:38](-[#6:39](-[#6:40])(-[#6:47]=[#8:48])-[#1:132])-[#1])-[#1:120]>>[#7:27]-[#6@@:28](-[#6:29])(-[#6:36](=[#8:37])-[#8]-[#1])-[#1:120].[#7:38](-[#6@:39](-[#6:40])(-[#6:47]=[#8:48])-[#1:132])(-[#1])-[#1]	Any;Any
EVODEX.2-Dm758_0	Any	[#6:16](-[#6@:5])(=[#8:17])-[#8]-[#1]>>[#6:16](-[#6@:5])(=[#8:17])-[#7](-[#1])-[#1]	Any
EVODEX.2-Dm760_0	Any;Any	[#7:11]-[#6:12](=[#7:13])-[#7](-[#1])-[#1].[#8:23](-[#1])-[#1]>>[#7:11]-[#6:12](=[#7:13])-[#8:23]-[#1]	Any
EVODEX.2-Dm761_0	Any;Any	[#6:2](=[#8:3])-[#6:4](-[#8:5])(-[#1:15])-[#1].[#6:9]-[#6:10](=[#8:11])-[#1:27]>>[#6:2](=[#8:3])-[#6@:4](-[#8:5])(-[#6@:10](-[#6:9])(-[#8:11]-[#1])-[#1:27])-[#1:15]	Any
EVODEX.2-Dm762_0	Any;Any	[#6:7](-[#6@@:2])(=[#8:8])-[#7](-[#8])-[#1].[#8:11](-[#1])-[#1]>>[#6:7](-[#6@@:2])(=[#8:8])-[#8:11]-[#1]	Any
EVODEX.2-Dm763_0	Any;Any	[#6:4]-[#6:5](=[#8:6])-[#7:7](-[#8:8])-[#1].[#8:12](-[#1])-[#1]>>[#6:4]-[#6:5](=[#8:6])-[#8:12]-[#1].[#7:7](-[#8:8])(-[#1])-[#1]	Any;Any
EVODEX.2-Dm764_0	Any	[#6:4]-[#6:5](=[#8:6])-[#7](-[#8])-[#1]>>[#6:4]-[#6:5](=[#8:6])-[#8]-[#1]	Any
EVODEX.2-Dm765_0	Any;Any	[#6:4](-[#6@@:3])(=[#8:5])-[#8]-[#1].[#7:1](-[#1])(-[#1])-[#1]>>[#7:1](-[#6:4](-[#6@:3])=[#8:5])(-[#1])-[#1]	Any
EVODEX.2-Dm766_0	Any	[#6:5]-[#6:6](=[#8:7])-[#8:8]-[#1]>>[#7](-[#6:6](-[#6:5])=[#8:7])(-[#1])-[#1].[#8:8](-[#1])-[#1]	Any;Any
EVODEX.2-Dm767_0	Any	[#6:4]-[#6:5](=[#8:6])-[#7:7](-[#8:8])-[#1]>>[#6:4]-[#6:5](=[#8:6])-[#8]-[#1].[#7:7](-[#8:8])(-[#1])-[#1]	Any;Any
EVODEX.2-Dm768_0	Any;Any	[#7:1](-[#8:2])(-[#1])-[#1].[#6:6]-[#6:7](=[#8:8])-[#8]-[#1]>>[#7:1](-[#8:2])(-[#6:7](-[#6:6])=[#8:8])-[#1]	Any
EVODEX.2-Dm769_0	Any;Any	[#6:3]-[#6:10](=[#8:11])-[#8:12]-[#1].[#7:13](-[#8:14])(-[#1])-[#1]>>[#6:3]-[#6:10](=[#8:11])-[#7:13](-[#8:14])-[#1].[#8:12](-[#1])-[#1]	Any;Any
EVODEX.2-Dm770_0	Any;Any	[#7](-[#6:2](=[#8:3])-[#7:4](-[#6:5])-[#1])(-[#1])-[#1].[#8:13](-[#1])-[#1]>>[#6:2](=[#8:3])=[#8:13].[#7:4](-[#6:5])(-[#1])-[#1]	Any;Any
EVODEX.2-Dm771_0	Any	[#8:3]=[#6:4](-[#8]-[#1])-[#6:6]>>[#7](-[#8])(-[#6:4](=[#8:3])-[#6:6])-[#1]	Any
EVODEX.2-Dm772_0	Any;Any	[#6:5]-[#7:6](-[#6:7](-[#7:8](-[#1])-[#1])=[#8:9])-[#1].[#8:10](-[#1])-[#1]>>[#6:7](=[#8:9])=[#8:10].[#6:5]-[#7:6](-[#1])-[#1].[#7:8](-[#1])(-[#1])-[#1]	Any;Any;Any
EVODEX.2-Dm773_0	Any	[#6:2]-[#7:3](-[#6:4](=[#8:5])-[#1:13])-[#1]>>[#6:2]-[#7:3](-[#1])-[#1].[#6:4](=[#8:5])(-[#8]-[#1])-[#1:13]	Any;Any
EVODEX.2-Dm774_0	Any;Any	[#7:3](-[#6@:2])(-[#6:4](=[#8:5])-[#8:6]-[#6:7](-[#6:8]1:[#6:9]:[#6:10]:[#6:11]:[#6:12]:[#6:13]:1)(-[#1:23])-[#1:24])-[#1].[#8:17](-[#1])-[#1]>>[#6:4](=[#8:5])=[#8:6].[#6:7](-[#6:8]1:[#6:9]:[#6:10]:[#6:11]:[#6:12]:[#6:13]:1)(-[#8:17]-[#1])(-[#1:23])-[#1:24].[#7:3](-[#6@:2])(-[#1])-[#1]	Any;Any;Any
EVODEX.2-Dm775_0	Any	[#7](-[#6:2](=[#8:3])-[#7:4](-[#6:5])-[#1])(-[#1])-[#1]>>[#6:2](=[#8:3])=[#8].[#7:4](-[#6:5])(-[#1])-[#1]	Any;Any
EVODEX.2-Dm776_0	Any	[#7:1](-[#6:2](=[#8:3])-[#7:4](-[#6@@:5])-[#1])(-[#1])-[#1]>>[#6:2](=[#8:3])=[#8].[#7:4](-[#6@@:5])(-[#1])-[#1].[#7:1](-[#1])(-[#1])-[#1]	Any;Any;Any
EVODEX.2-Dm777_0	Any	[#7:1](-[#6](=[#8])-[#7:4](-[#6:5])-[#1])(-[#1])-[#1]>>[#7:4](-[#6:5])(-[#1])-[#1].[#7:1](-[#1])(-[#1])-[#1]	Any;Any
EVODEX.2-Dm778_0	Any;Any	[#7:6](-[#6@:5])(-[#6](=[#8])-[#8]-[#6:10](-[#6:11]1:[#6:12]:[#6:13]:[#6:14]:[#6:15]:[#6:16]:1)(-[#1:32])-[#1:33])-[#1].[#8:20](-[#1])-[#1]>>[#6:10](-[#6:11]1:[#6:12]:[#6:13]:[#6:14]:[#6:15]:[#6:16]:1)(-[#8:20]-[#1])(-[#1:32])-[#1:33].[#7:6](-[#6@:5])(-[#1])-[#1]	Any;Any
EVODEX.2-Dm779_0	Any	[#7:6](-[#6@:5])(-[#6:7](=[#8:8])-[#8:9]-[#6](-[#6]1:[#6]:[#6]:[#6]:[#6]:[#6]:1)(-[#1])-[#1])-[#1]>>[#6:7](=[#8:8])=[#8:9].[#7:6](-[#6@:5])(-[#1])-[#1]	Any;Any
EVODEX.2-Dm780_0	Any	[#7:6](-[#6@:5])(-[#6:7](=[#8:8])-[#8:9]-[#6:10](-[#6:11]1:[#6:12]:[#6:13]:[#6:14]:[#6:15]:[#6:16]:1)(-[#1:30])-[#1:31])-[#1]>>[#6:7](=[#8:8])=[#8:9].[#6:10](-[#6:11]1:[#6:12]:[#6:13]:[#6:14]:[#6:15]:[#6:16]:1)(-[#8]-[#1])(-[#1:30])-[#1:31].[#7:6](-[#6@:5])(-[#1])-[#1]	Any;Any;Any
EVODEX.2-Dm781_0	Any	[#6:3]-[#7:4](-[#6](=[#8])-[#1])-[#1]>>[#6:3]-[#7:4](-[#1])-[#1]	Any
EVODEX.2-Dm782_0	Any;Any	[#7:6](-[#6@:5])(-[#6:7](=[#8:8])-[#1:35])-[#1].[#8:25](-[#1])-[#1]>>[#7:6](-[#6@:5])(-[#1])-[#1].[#6:7](=[#8:8])(-[#8:25]-[#1])-[#1:35]	Any;Any
EVODEX.2-Dm783_0	Any	[#6:4]-[#6:5](-[#7:6](-[#6](=[#8])-[#1])-[#1])(-[#6:9]=[#8:10])-[#1:28]>>[#6:4]-[#6@@:5](-[#7:6](-[#1])-[#1])(-[#6:9]=[#8:10])-[#1:28]	Any
EVODEX.2-Dm784_0	Any;Any	[#6:4]-[#6:5](-[#7:6](-[#6:7](=[#8:8])-[#1:33])-[#1])(-[#6:9]=[#8:10])-[#1:31].[#8:21](-[#1])-[#1]>>[#6:4]-[#6@@:5](-[#7:6](-[#1])-[#1])(-[#6:9]=[#8:10])-[#1:31].[#6:7](=[#8:8])(-[#8:21]-[#1])-[#1:33]	Any;Any
EVODEX.2-Dm785_0	Any	[#6:4]-[#6:5](-[#7:6](-[#6:7](=[#8:8])-[#1:38])-[#1])(-[#6:9]=[#8:10])-[#1:36]>>[#6:4]-[#6@:5](-[#7:6](-[#1])-[#1])(-[#6:9]=[#8:10])-[#1:36].[#6:7](=[#8:8])(-[#8]-[#1])-[#1:38]	Any;Any
EVODEX.2-Dm786_0	Any;Any	[#8:2]=[#6:3](-[#6:4])-[#7:8](-[#6:6]=[#8:7])-[#1].[#8:1](-[#1])-[#1]>>([#8:1](-[#6:3](=[#8:2])-[#6:4])-[#1].[#6:6](=[#8:7])-[#7:8](-[#1])-[#1])	Any
EVODEX.2-Dm787_0	Any	([#6:7](-[#7:8](-[#1])-[#1])=[#8:9].[#6:10](-[#6@:5])(=[#8:11])-[#8:12]-[#1])>>[#6:7](=[#8:9])-[#7:8](-[#6:10](-[#6@@:5])=[#8:11])-[#1].[#8:12](-[#1])-[#1]	Any;Any
EVODEX.2-Dm788_0	Any	([#6:7](-[#7:8](-[#1])-[#1])=[#8:9].[#6:10](-[#6@:5])(=[#8:11])-[#8]-[#1])>>[#6:7](=[#8:9])-[#7:8](-[#6:10](-[#6@@:5])=[#8:11])-[#1]	Any
EVODEX.2-Dm789_0	Any	[#6:7](=[#8:8])-[#7:9](-[#6:10](-[#6@@:5])=[#8:11])-[#1]>>([#6:7](=[#8:8])-[#7:9](-[#1])-[#1].[#6:10](-[#6@:5])(=[#8:11])-[#8]-[#1])	Any
EVODEX.2-Dm794_0	Any;Any	[#7](=[#6:2](-[#7:3])-[#1:15])-[#1].[#8:13](-[#1])-[#1]>>[#6:2](-[#7:3])(=[#8:13])-[#1:15]	Any
EVODEX.2-Dm795_0	Any	[#7:1](=[#6:2](-[#7:3])-[#1:15])-[#1]>>[#6:2](-[#7:3])(=[#8])-[#1:15].[#7:1](-[#1])(-[#1])-[#1]	Any;Any
EVODEX.2-Dm796_0	Any;Any	[#7:4]-[#6:5](=[#7:6]-[#1])-[#1:18].[#8:10](-[#1])-[#1]>>[#7:4]-[#6:5](=[#8:10])-[#1:18].[#7:6](-[#1])(-[#1])-[#1]	Any;Any
EVODEX.2-Dm797_0	Any	[#7](=[#6:2](-[#7:3])-[#1:12])-[#1]>>[#6:2](-[#7:3])(=[#8])-[#1:12]	Any
EVODEX.2-Dm798_0	Any;Any	[#7:1](=[#6:2](-[#7:3](-[#1])-[#1])-[#7:4])-[#1].[#8:21](-[#1])-[#1]>>[#7:1](-[#6:2](-[#7:4])=[#8:21])(-[#1])-[#1].[#7:3](-[#1])(-[#1])-[#1]	Any;Any
EVODEX.2-Dm799_0	Any	[#7:1](=[#6:2](-[#7](-[#1])-[#1])-[#7:4])-[#1]>>[#7:1](-[#6:2](-[#7:4])=[#8])(-[#1])-[#1]	Any
EVODEX.2-Dm800_0	Any	[#7:27]-[#6:28](=[#7:29]-[#1])-[#7:30](-[#1])-[#1]>>[#7:27]-[#6:28](-[#7:29](-[#1])-[#1])=[#8].[#7:30](-[#1])(-[#1])-[#1]	Any;Any
EVODEX.2-Dm801_0	Any;Any;Any	([#7:1]#[#6:2]-[#6:3].[#6:6]-[#6:7]#[#7:8]).[#8:11](-[#1])-[#1].[#8:12](-[#1])-[#1]>>([#6:2](-[#6:3])(-[#8]-[#1])=[#8:12].[#6:6]-[#6:7](=[#8])-[#8:11]-[#1]).[#7:1](-[#1])(-[#1])-[#1].[#7:8](-[#1])(-[#1])-[#1]	Any;Any;Any
EVODEX.2-Dm802_0	Any	([#7:1]#[#6:2]-[#6:3].[#6:6]-[#6:7]#[#7:8])>>([#6:2](-[#6:3])(-[#8]-[#1])=[#8].[#6:6]-[#6:7](=[#8])-[#8]-[#1]).[#7:1](-[#1])(-[#1])-[#1].[#7:8](-[#1])(-[#1])-[#1]	Any;Any;Any
EVODEX.2-Dm803_0	Any;Any;Any	([#7]#[#6:2]-[#6:3].[#6:6]-[#6:7]#[#7]).[#8:10](-[#1])-[#1].[#8:11](-[#1])-[#1]>>([#6:2](-[#6:3])(-[#8]-[#1])=[#8].[#6:6]-[#6:7](=[#8:10])-[#8:11]-[#1])	Any
EVODEX.2-Dm804_0	Any	[#6:4]-[#6:5]#[#7]>>[#6:4]-[#6:5](=[#8])-[#8]-[#1]	Any
EVODEX.2-Dm805_0	Any;Any	[#7:1]#[#6:2]-[#6:3].[#8:10](-[#1])-[#1]>>[#6:2](-[#6:3])(=[#8])-[#8:10]-[#1].[#7:1](-[#1])(-[#1])-[#1]	Any;Any
EVODEX.2-Dm806_0	Any;Any	[#6:2]-[#6:4]#[#7].[#8:12](-[#1])-[#1]>>[#6:2]-[#6:4](=[#8:12])-[#8]-[#1]	Any
EVODEX.2-Dm807_0	Any;Any	[#6:6](-[#6@:5])#[#7:7].[#8:14](-[#1])-[#1]>>[#6:6](-[#6@:5])(-[#7:7](-[#1])-[#1])=[#8:14]	Any
EVODEX.2-Dm808_0	Any	([#6:2]-[#6:3]#[#7].[#6:6]-[#6:7]#[#7])>>([#6:2]-[#6:3](-[#8]-[#1])=[#8].[#6:6]-[#6:7](=[#8])-[#8]-[#1])	Any
EVODEX.2-Dm809_0	Any	[#7:1]#[#6:2]-[#6:3]>>[#6:2](-[#6:3])(=[#8])-[#8]-[#1].[#7:1](-[#1])(-[#1])-[#1]	Any;Any
EVODEX.2-Dm810_0	Any	[#7:1]#[#6:2]-[#6:3]>>[#7:1](-[#6:2](-[#6:3])=[#8])(-[#1])-[#1]	Any
EVODEX.2-Dm811_0	Any;Any	[#15:19](=[#8:20])(-[#8:21]-[#1])-[#8:22]-[#15:23](=[#8:24])(-[#8:25])-[#8:26]-[#15:27]=[#8:28].[#8:55](-[#1])-[#1]>>[#15:19](=[#8:20])(-[#8:21]-[#15:23](=[#8:24])(-[#8:25])-[#8:55]-[#1])-[#8:22]-[#1].[#8:26](-[#15:27]=[#8:28])-[#1]	Any;Any
EVODEX.2-Dm812_0	Any	[#15:10](=[#8:11])(-[#8:12]-[#1])-[#8:13]-[#15:14](=[#8:15])(-[#8:16])-[#8:17]-[#15:18]=[#8:19]>>[#15:10](=[#8:11])(-[#8:12]-[#15:14](=[#8:15])(-[#8:16])-[#8]-[#1])-[#8:13]-[#1].[#8:17](-[#15:18]=[#8:19])-[#1]	Any;Any
EVODEX.2-Dm816_0	Any;Any	[#6:1]-[#6:2](=[#8:3])-[#6](-[#6](=[#8])-[#6]=[#8])(-[#1])-[#1].[#8:10](-[#1])-[#1]>>[#6:1]-[#6:2](=[#8:3])-[#8:10]-[#1]	Any
EVODEX.2-Dm817_0	Any	[#6:3]-[#6:4](=[#8:5])-[#6](-[#6](=[#8])-[#6]=[#8])(-[#1])-[#1]>>[#6:3]-[#6:4](=[#8:5])-[#8]-[#1]	Any
EVODEX.2-Dm818_0	Any	[#6:3]-[#6:4](=[#8:5])-[#6:6](-[#6:7](=[#8:8])-[#6:9]=[#8:10])(-[#1:20])-[#1:21]>>[#6:3]-[#6:4](=[#8:5])-[#8]-[#1].[#6:6](-[#6:7](=[#8:8])-[#6:9]=[#8:10])(-[#1:20])(-[#1:21])-[#1]	Any;Any
EVODEX.2-Dm819_0	Any;Any	[#6:4]-[#6:5](=[#8:6])-[#6:7](-[#6:8](=[#8:9])-[#6:10]=[#8:11])(-[#1:23])-[#1:24].[#8:13](-[#1])-[#1]>>[#6:4]-[#6:5](=[#8:6])-[#8:13]-[#1].[#6:7](-[#6:8](=[#8:9])-[#6:10]=[#8:11])(-[#1:23])(-[#1:24])-[#1]	Any;Any
EVODEX.2-Dm820_0	Any	[#6:1]-[#6:2](=[#8:3])-[#6:4](-[#6:5]=[#8:6])(-[#1:15])-[#1:16]>>[#6:1]-[#6:2](=[#8:3])-[#8]-[#1].[#6:4](-[#6:5]=[#8:6])(-[#1:15])(-[#1:16])-[#1]	Any;Any
EVODEX.2-Dm821_0	Any;Any	[#6:1]-[#6:2](=[#8:3])-[#6:4](-[#6:5]=[#8:7])(-[#1:12])-[#1:13].[#8:8](-[#1])-[#1]>>[#6:1]-[#6:2](=[#8:3])-[#8:8]-[#1].[#6:4](-[#6:5]=[#8:7])(-[#1:12])(-[#1:13])-[#1]	Any;Any
EVODEX.2-Dm822_0	Any;Any	[#6:5]-[#6:6](-[#17])(-[#1:11])-[#1:12].[#8:1](-[#1])-[#1]>>[#8:1](-[#6:6](-[#6:5])(-[#1:11])-[#1:12])-[#1]	Any
EVODEX.2-Dm823_0	Any	[#6:4]-[#6:5](-[#17])(-[#1:17])-[#1:18]>>[#6:4]-[#6:5](-[#8]-[#1])(-[#1:17])-[#1:18]	Any
EVODEX.2-Dm824_0	Any;Any	[#6:2]-[#6:5](-[#17:6])(-[#1:17])-[#1:18].[#8:7](-[#1])-[#1]>>[#6:2]-[#6:5](-[#8:7]-[#1])(-[#1:17])-[#1:18].[#17:6]-[#1]	Any;Any
EVODEX.2-Dm825_0	Any	[#17:1]-[#6:2](-[#6:3])(-[#1:9])-[#1:10]>>[#6:2](-[#6:3])(-[#8]-[#1])(-[#1:9])-[#1:10].[#17:1]-[#1]	Any;Any
EVODEX.2-Dm826_0	Any	[#6:4]-[#6:5](=[#8:6])-[#1]>>[#6:4]-[#6:5](=[#8:6])-[#6](-[#8])=[#8]	Any
EVODEX.2-Dm827_0	Any;Any	[#6:2]-[#6:4](=[#8:5])-[#1].[#8:6]=[#6:7]=[#8:8]>>[#6:2]-[#6:4](=[#8:5])-[#6:7](-[#8:6]-[#1])=[#8:8]	Any
EVODEX.2-Dm828_0	Any	[#6:4]-[#6@@:5](-[#7:6])(-[#6:7](=[#8:8])-[#8:9]-[#1])-[#1:18]>>[#6:7](=[#8:8])=[#8:9].[#6:4]-[#6:5](-[#7:6])(-[#1:18])-[#1]	Any;Any
EVODEX.2-Dm836_0	Any	[#6:2]-[#6:5](-[#8:6]-[#1])(-[#6:7]#[#7:8])-[#1:18]>>[#6:2]-[#6:5](=[#8:6])-[#1:18].[#6:7](#[#7:8])-[#1]	Any;Any
EVODEX.2-Dm837_0	Any	[#6:7]-[#6:8](-[#6:9])=[#8:10]>>[#6](#[#7])-[#6@:8](-[#6:7])(-[#6:9])-[#8:10]-[#1]	Any
EVODEX.2-Dm838_0	Any;Any	[#6:1](#[#7:2])-[#1].[#8:3]=[#6:4](-[#6:5])-[#6:9]>>[#6:1](#[#7:2])-[#6:4](-[#8:3]-[#1])(-[#6:5])-[#6:9]	Any
EVODEX.2-Dm839_0	Any	[#6:11]-[#6:12](=[#8:13])-[#1:33]>>[#6](#[#7])-[#6:12](-[#6:11])(-[#8:13]-[#1])-[#1:33]	Any
EVODEX.2-Dm840_0	Any	[#6:5]-[#6@@:6](-[#8:7]-[#1])(-[#6]#[#7])-[#6:10]>>[#6:5]-[#6:6](=[#8:7])-[#6:10]	Any
EVODEX.2-Dm841_0	Any	[#7:1]#[#6:2]-[#6@@:3](-[#8:4]-[#1])(-[#6:5])-[#6:13]>>[#6:3](=[#8:4])(-[#6:5])-[#6:13].[#7:1]#[#6:2]-[#1]	Any;Any
EVODEX.2-Dm842_0	Any	[#6:7](-[#6@:6])(-[#8:8]-[#1])(-[#6]#[#7])-[#1:21]>>[#6:7](-[#6@:6])(=[#8:8])-[#1:21]	Any
EVODEX.2-Dm843_0	Any;Any	[#6:1](#[#7:2])-[#1].[#8:3]=[#6:4](-[#6:5])-[#1:11]>>[#6:1](#[#7:2])-[#6@:4](-[#8:3]-[#1])(-[#6:5])-[#1:11]	Any
EVODEX.2-Dm845_0	Any;Any	[#6:1](-[#6:2])(-[#1:9])(-[#1:10])-[#1].[#6:6]-[#6:7](=[#8:8])-[#1:20]>>[#6:1](-[#6:2])(-[#6:7](-[#6:6])(-[#8:8]-[#1])-[#1:20])(-[#1:9])-[#1:10]	Any
EVODEX.2-Dm846_0	Any;Any	[#6:1](-[#6:2](=[#8:3])-[#6:4]=[#8:5])(-[#1:13])(-[#1:14])-[#1].[#8:7]=[#6:8](-[#6@:9])-[#1:17]>>[#6:1](-[#6:2](=[#8:3])-[#6:4]=[#8:5])(-[#6@@:8](-[#8:7]-[#1])(-[#6@:9])-[#1:17])(-[#1:13])-[#1:14]	Any
EVODEX.2-Dm848_0	Any	[#6:5]-[#6:17](-[#8:18]-[#1])(-[#6:19](-[#8:20])(-[#6:21]=[#8:22])-[#1:45])-[#1:43]>>[#6:19](-[#8:20])(-[#6:21]=[#8:22])(-[#1:45])-[#1].[#6:5]-[#6:17](=[#8:18])-[#1:43]	Any;Any
EVODEX.2-Dm849_0	Any	[#8:1]=[#6:2]-[#6:4](=[#8:5])-[#6:6](-[#6@@:7](-[#8:8]-[#1])(-[#6:9])-[#1:14])(-[#1:12])-[#1:13]>>[#6:7](=[#8:8])(-[#6:9])-[#1:14].[#8:1]=[#6:2]-[#6:4](=[#8:5])-[#6:6](-[#1:12])(-[#1:13])-[#1]	Any;Any
EVODEX.2-Dm850_0	Any	[#6:1]-[#6@@:2](-[#8:3]-[#1])(-[#6@:4](-[#7:5])(-[#6:6]=[#8:7])-[#1:14])-[#1:12]>>[#6:4](-[#7:5])(-[#6:6]=[#8:7])(-[#1:14])-[#1].[#6:1]-[#6:2](=[#8:3])-[#1:12]	Any;Any
EVODEX.2-Dm851_0	Any;Any	[#6:1]-[#6:2](=[#8:3])-[#1:12].[#7:4]-[#6:5](-[#6:6]=[#8:7])(-[#1:15])-[#1]>>[#6:1]-[#6@@:2](-[#8:3]-[#1])(-[#6@:5](-[#7:4])(-[#6:6]=[#8:7])-[#1:15])-[#1:12]	Any
EVODEX.2-Dm853_0	Any;Any	[#6:1](-[#6:2]=[#8:3])(-[#1:14])(-[#1:15])-[#1].[#8:4]=[#6:5](-[#6@:6])-[#1:18]>>[#6:1](-[#6:2]=[#8:3])(-[#6@:5](-[#8:4]-[#1])(-[#6@:6])-[#1:18])(-[#1:14])-[#1:15]	Any
EVODEX.2-Dm854_0	Any	[#6:2]-[#6@@:3](-[#8:4]-[#1])(-[#6](-[#7])(-[#6]=[#8])-[#1])-[#1:15]>>[#6:2]-[#6:3](=[#8:4])-[#1:15]	Any
EVODEX.2-Dm855_0	Any;Any	[#6:1]=[#6:2]-[#6:3](=[#6:4](-[#1:15])-[#1:16])-[#6:5].[#8:11](-[#1])-[#1]>>[#6:1]=[#6:2]-[#6:3](-[#6:4](-[#1:15])(-[#1:16])-[#1])(-[#6:5])-[#8:11]-[#1]	Any
EVODEX.2-Dm856_0	Any	[#6:1]=[#6:2]-[#6:3](-[#6:4](-[#1:15])(-[#1:16])-[#1])(-[#8:5]-[#1])-[#6:6]>>[#6:1]=[#6:2]-[#6:3](=[#6:4](-[#1:15])-[#1:16])-[#6:6].[#8:5](-[#1])-[#1]	Any;Any
EVODEX.2-Dm857_0	Any	[#6:1]=[#6:2]-[#6:3](-[#6:4](-[#1:20])(-[#1:21])-[#1])(-[#8]-[#1])-[#6:6]>>[#6:1]=[#6:2]-[#6:3](=[#6:4](-[#1:20])-[#1:21])-[#6:6]	Any
EVODEX.2-Dm858_0	Any	[#6:1]=[#6:2]-[#6:3](=[#6:4](-[#1:13])-[#1:14])-[#6:5]>>[#6:1]=[#6:2]-[#6:3](-[#6:4](-[#1:13])(-[#1:14])-[#1])(-[#6:5])-[#8]-[#1]	Any
EVODEX.2-Dm860_0	Any	[#6:5]-[#6:6](-[#7:7](-[#1])-[#1])=[#8:8]>>[#6:5]-[#6:6]#[#7:7].[#8:8](-[#1])-[#1]	Any;Any
EVODEX.2-Dm861_0	Any	[#6:6](-[#6@@:4])(-[#7:7](-[#1])-[#1])=[#8]>>[#6:6](-[#6@@:4])#[#7:7]	Any
EVODEX.2-Dm862_0	Any	[#8:63](-[#6@@:62])-[#6@:64](-[#6@:65])(-[#6@:84](-[#8:83])(-[#6:85]=[#8:86])-[#1])-[#1:142]>>[#6:64](=[#6:84](-[#6:85]=[#8:86])-[#8:83])(-[#6@:65])-[#1:142].[#8:63](-[#6@@:62])-[#1]	Any;Any
EVODEX.2-Dm863_0	Any	([#7:4](-[#6@:3])(-[#6:5](=[#8:6])-[#6@:7])-[#1].[#7:11](-[#6@:10])(-[#1])-[#1])>>[#6:5](=[#8:6])(-[#6@:7])-[#7:11](-[#6@@:10])-[#1].[#7:4](-[#6@:3])(-[#1])-[#1]	Any;Any
EVODEX.2-Dm864_0	Any	[#6:3]-[#16@:4](=[#8:5])-[#6:6](-[#6@:7](-[#7:8])(-[#6:9]=[#8:10])-[#1])(-[#1:17])-[#1:18]>>[#6:3]-[#16:4]-[#8:5]-[#1].[#6:6](=[#6:7](-[#7:8])-[#6:9]=[#8:10])(-[#1:17])-[#1:18]	Any;Any
EVODEX.2-Dm865_0	Any	[#6](-[#6@@])(-[#16:4](=[#8:5])-[#6:6])(-[#1])-[#1]>>[#16:4](-[#8:5]-[#1])-[#6:6]	Any
EVODEX.2-Dm867_0	Any	([#8:1](-[#6:2])-[#1].[#8:8](-[#6@@:5])-[#6@@:9](-[#8:10])(-[#6@:18])-[#1:31])>>([#8:1](-[#6:2])-[#6@@:9](-[#8:10])(-[#6@:18])-[#1:31].[#8:8](-[#6@@:5])-[#1])	Any
EVODEX.2-Dm887_0	Any;Any;Any	[#6:47]-[#16:48]-[#1].[#6:51]1:[#6:52]:[#6:53](/[#6:54]=[#6:55]/[#6:56](=[#8:57])-[#8:58]-[#1]):[#6:59]:[#6:60]:[#6:61]:1.[#8:77]-[#15:78](=[#8:79])(-[#8:80])-[#8:81]-[#15:82]=[#8:83]>>[#6:47]-[#16:48]-[#6:56](/[#6:55]=[#6:54]/[#6:53]1:[#6:52]:[#6:51]:[#6:61]:[#6:60]:[#6:59]:1)=[#8:57].[#8:58](-[#15:78](-[#8:77])(=[#8:79])-[#8:80])-[#1].[#8:81](-[#15:82]=[#8:83])-[#1]	Any;Any;Any
EVODEX.2-Dm888_0	Any;Any	[#6:51]1:[#6:52]:[#6:53](/[#6:54]=[#6:55]/[#6:56](=[#8:57])-[#8:58]-[#1]):[#6:59]:[#6:60]:[#6:61]:1.[#8:75]-[#15:76](=[#8:77])(-[#8:78])-[#8:79]-[#15:80]=[#8:81]>>[#6]-[#16]-[#6:56](/[#6:55]=[#6:54]/[#6:53]1:[#6:52]:[#6:51]:[#6:61]:[#6:60]:[#6:59]:1)=[#8:57].[#8:58](-[#15:76](-[#8:75])(=[#8:77])-[#8:78])-[#1].[#8:79](-[#15:80]=[#8:81])-[#1]	Any;Any;Any
EVODEX.2-Dm891_0	Any	[#8:75]-[#15:76](=[#8:77])(-[#8:78]-[#1])-[#8:79]>>[#6]-[#6](=[#8])-[#8:78]-[#1].[#8]=[#15]-[#8]-[#15:76](-[#8:75])(=[#8:77])-[#8:79]	Any;Any
EVODEX.2-Dm922_0	Any;Any	[#6:29](-[#6@@:23])(=[#8:30])-[#7:31](-[#6@@:32])-[#1].[#8]-[#15](=[#8])(-[#8:64]-[#1])-[#8]>>[#6:29](-[#6@@:23])(=[#8:30])-[#8:64]-[#1].[#7:31](-[#6@@:32])(-[#1])-[#1]	Any;Any
EVODEX.2-Dm924_0	Any;Any	[#8]-[#15](=[#8])(-[#8:65]-[#1])-[#8].[#6:24]-[#6:25](=[#8:26])-[#7](-[#6@@])-[#1]>>[#6:24]-[#6:25](=[#8:26])-[#8:65]-[#1]	Any
EVODEX.2-Dm927_0	Any;Any	[#6:22]-[#6:23](=[#8:24])-[#7](-[#6@@])-[#1].[#8:69]=[#15:70]-[#8:71]-[#1]>>[#8]-[#15](=[#8])(-[#8])-[#8:71]-[#15:70]=[#8:69].[#6:22]-[#6:23](=[#8:24])-[#8]-[#1]	Any;Any
EVODEX.2-Dm930_0	Any;Any	[#6:5](=[#8:6])-[#8:7]-[#1].[#6:16](-[#6@:9])(=[#8:17])-[#8]-[#1]>>[#6:5](=[#8:6])-[#8:7]-[#6:16](-[#6@@:9])=[#8:17]	Any
EVODEX.2-Dm8_0	Any;Any;Any	[#6:4]-[#6:5](=[#8:6])-[#6:7](-[#6:8])=[#8:9].[#6:11](=[#8:12])-[#6:13]1=[#6:14](-[#7:15](-[#6@@:16])-[#6:51](=[#6:52](-[#6:53]-1(-[#1:137])-[#1])-[#1:136])-[#1:135])-[#1:112].[#6:55](=[#8:56])-[#6:57]1=[#6:58](-[#7:59](-[#6@@:60])-[#6:95](=[#6:96](-[#6:97]-1(-[#1:166])-[#1])-[#1:165])-[#1:164])-[#1:141]>>[#6:4]-[#6:5](-[#8:6]-[#1])(-[#6:7](-[#6:8])(-[#8:9]-[#1])-[#1])-[#1].[#6:11](=[#8:12])-[#6:13]1:[#6:14](:[#7&+:15](-[#6@@:16]):[#6:51](:[#6:52](:[#6:53]:1-[#1:137])-[#1:136])-[#1:135])-[#1:112].[#6:55](=[#8:56])-[#6:57]1:[#6:58](:[#7&+:59](-[#6@@:60]):[#6:95](:[#6:96](:[#6:97]:1-[#1:166])-[#1:165])-[#1:164])-[#1:141]	Any;Any;Any
EVODEX.2-Dm74_0	Any;Any	[#8:15]-[#15:16](=[#8:17])(-[#8:18])-[#8:19]-[#6:20]=[#8:21].[#8:41]=[#15:42]-[#8:43]-[#1]>>[#8:15]-[#15:16](=[#8:17])(-[#8:18])-[#8:43]-[#15:42]=[#8:41].[#8:19](-[#6:20]=[#8:21])-[#1]	Any;Any
EVODEX.2-Dm183_0	Any;Any;Any	[#6:15]-[#7&+:16]1:[#6:17](:[#6:18](:[#6:19](-[#6:20]2:[#6:21](:[#6:22](:[#7&+:23](-[#6:24]):[#6:25](:[#6:26]:2-[#1:42])-[#1:41])-[#1:37])-[#1:36]):[#6:27](:[#6:28]:1-[#1:44])-[#1:43])-[#1:35])-[#1:34].[#6:5]-[#6:6](=[#8:7])-[#1].[#6:12]-[#6:13](=[#8:14])-[#1]>>[#6:15]-[#7:16]1-[#6:17](=[#6:18](-[#6:19](-[#6:20]2(-[#6:21](=[#6:22](-[#7:23](-[#6:24])-[#6:25](=[#6:26]-2-[#1:42])-[#1:41])-[#1:37])-[#1:36])-[#1])(-[#6:27](=[#6:28]-1-[#1:44])-[#1:43])-[#1])-[#1:35])-[#1:34].[#6:5]-[#6:6](=[#8:7])-[#8]-[#1].[#6:12]-[#6:13](=[#8:14])-[#8]-[#1]	Any;Any;Any
EVODEX.2-Dm188_0	Any;Any	[#6:6]/[#6:7](=[#6:8](/[#6:9])-[#6:12]=[#8:13])-[#1:71].[#6:15](=[#8:16])-[#6:17]1=[#6:18](-[#7:19](-[#6@@:20])-[#6:55](=[#6:56](-[#6:57]-1(-[#1:105])-[#1])-[#1:104])-[#1:103])-[#1:80]>>[#6:6]-[#6:7](-[#6:8](-[#6:9])(-[#6:12]=[#8:13])-[#1])(-[#1:71])-[#1].[#6:15](=[#8:16])-[#6:17]1:[#6:18](:[#7&+:19](-[#6@@:20]):[#6:55](:[#6:56](:[#6:57]:1-[#1:105])-[#1:104])-[#1:103])-[#1:80]	Any;Any
EVODEX.2-Dm294_0	Any;Any	[#6:1]-[#6:2](-[#6:3])=[#6:4](-[#6:5])-[#1].[#6:32](-[#16&+](-[#6])-[#6])(-[#1:109])(-[#1:110])-[#1]>>[#6:1]-[#6:2](-[#6:3])(-[#6:4](-[#6:5])=[#6:32](-[#1:109])-[#1:110])-[#1]	Any
EVODEX.2-Dm295_0	Any	[#6:2]/[#6:3](-[#6:4])=[#6:5](/[#6:6])-[#1]>>[#6:2]-[#6:3](-[#6:4])(-[#6:5](-[#6:6])=[#6](-[#1])-[#1])-[#1]	Any
EVODEX.2-Dm320_0	Any	[#8:9]=[#6:10](-[#6:11])-[#1:22]>>[#7]-[#6@](-[#6]=[#8])(-[#6@:10](-[#8:9]-[#1])(-[#6:11])-[#1:22])-[#1]	Any
EVODEX.2-Dm414_0	Any;Any	[#15:25](=[#8:26])-[#8:28]-[#6@@:29](-[#8:30])(-[#6@:38])-[#1:55].[#8:1]=[#6:2]-[#8:3]-[#1]>>[#15:25](=[#8:26])-[#8:28]-[#1].[#8:1]=[#6:2]-[#8:3]-[#6@:29](-[#8:30])(-[#6@:38])-[#1:55]	Any;Any
EVODEX.2-Dm420_0	Any;Any	[#8:17]-[#6@:18](-[#8:19]-[#15:20]=[#8:21])(-[#6@:44])-[#1:73].[#8:60](-[#1])-[#1]>>[#8:17]-[#6@@:18](-[#8:60]-[#1])(-[#6@:44])-[#1:73].[#8:19](-[#15:20]=[#8:21])-[#1]	Any;Any
EVODEX.2-Dm478_0	Any;Any	[#6:2]-[#16:4]-[#6:5].[#6:25](-[#6@:24])(-[#8:26]-[#15:27](=[#8:28])(-[#8:29])-[#8:30]-[#15:31]=[#8:32])(-[#1:65])-[#1:66]>>[#6:2]-[#16&+:4](-[#6:5])-[#6:25](-[#6@:24])(-[#1:65])-[#1:66].[#8:26](-[#15:27](=[#8:28])(-[#8:29])-[#8]-[#1])-[#1].[#8:30](-[#15:31]=[#8:32])-[#1]	Any;Any;Any
EVODEX.2-Dm523_0	Any;Any	[#8:4]-[#6:5](-[#8:6]-[#1])(-[#6@:7])-[#1:53].[#15](=[#8])-[#8]-[#15:39](=[#8:40])(-[#8:41])-[#8:42]>>[#8:4]-[#6@:5](-[#8:6]-[#15:39](=[#8:40])(-[#8:41])-[#8:42])(-[#6@:7])-[#1:53]	Any
EVODEX.2-Dm529_0	Any;Any	[#6:24]-[#8:25]-[#1].[#8:28]=[#15:29](-[#8:30])(-[#8:31])-[#8:32]-[#6@@:33](-[#8:34])(-[#6@:42])-[#1:66]>>[#6:24]-[#8:25]-[#15:29](=[#8:28])(-[#8:30])-[#8:31].[#8:32](-[#6:33](-[#8:34])(-[#6@:42])-[#1:66])-[#1]	Any;Any
EVODEX.2-Dm567_0	Any	[#8:57]=[#6:58](-[#8:59]-[#1])-[#6:60]>>[#6](=[#8])(-[#6]=[#6])-[#8:59]-[#1].[#6]-[#16]-[#6:58](=[#8:57])-[#6:60]	Any;Any
EVODEX.2-Dm576_0	Any	[#6:3]-[#6:4](-[#8:5]-[#6:6]=[#8:7])(-[#1:25])-[#1:26]>>[#6:3]-[#6:4](-[#8]-[#1])(-[#1:25])-[#1:26].[#8:5](-[#6:6]=[#8:7])-[#1]	Any;Any
EVODEX.2-Dm578_0	Any;Any	[#6:3]-[#6:4](=[#8:5])-[#8:6]-[#6:7]1:[#6:8]:[#6:9]:[#6:10]2:[#6:11]:[#6:13]:[#6:14](=[#8:15]):[#8:16]:[#6:17]:2:[#6:18]:1.[#8:19](-[#1])-[#1]>>[#6:3]-[#6:4](=[#8:5])-[#8:19]-[#1].[#8:6](-[#6:7]1:[#6:8]:[#6:9]:[#6:10]2:[#6:11]:[#6:13]:[#6:14](=[#8:15]):[#8:16]:[#6:17]:2:[#6:18]:1)-[#1]	Any;Any
EVODEX.2-Dm598_0	Any	[#6:7]-[#6:8](-[#6:9])(-[#8:16]-[#6:17]=[#8:18])-[#1:32]>>[#6:7]-[#6:8](-[#6:9])(-[#8]-[#1])-[#1:32].[#8:16](-[#6:17]=[#8:18])-[#1]	Any;Any
EVODEX.2-Dm609_0	Any;Any	[#6]=[#6]-[#8]-[#6:4](-[#6:5])=[#8:6].[#8:25](-[#6@:24])-[#1]>>[#6:4](-[#6:5])(=[#8:6])-[#8:25]-[#6@:24]	Any
EVODEX.2-Dm667_0	Any;Any	[#8:5](-[#6@:4](-[#6@@:3])(-[#8:17])-[#1:45])-[#6@@:6](-[#8:7])(-[#6@@:15])-[#1:46].[#8:40](-[#1])-[#1]>>[#8:40](-[#6@@:6](-[#8:7])(-[#6@@:15])-[#1:46])-[#1].[#6:4](-[#6@@:3])(-[#8:5]-[#1])(-[#8:17])-[#1:45]	Any;Any
EVODEX.2-Dm742_0	Any;Any	[#6]1:[#6]:[#6](=[#8]):[#8]:[#6]2:[#6]:[#6]:[#6](-[#7](-[#6:15](=[#8:16])-[#6@@:17])-[#1]):[#6]:[#6]:1:2.[#8:42](-[#1])-[#1]>>[#6:15](=[#8:16])(-[#6@@:17])-[#8:42]-[#1]	Any
EVODEX.2-Dm791_0	Any;Any;Any	[#8:19]-[#15:20](=[#8:21])(-[#8:22])-[#8:23]-[#15:24]=[#8:25].[#6:37](-[#6@:36])(=[#8:38])-[#8:39]-[#1].[#8:32](-[#1])-[#1]>>[#8:19]-[#15:20](=[#8:21])(-[#8:22])-[#8:39]-[#1].[#8:23](-[#15:24]=[#8:25])-[#1].[#8:32](-[#6:37](-[#6@:36])=[#8:38])-[#1]	Any;Any;Any
EVODEX.2-Dm813_0	Any;Any	[#8:18]-[#15:19](=[#8:20])(-[#8:21])-[#8:22]-[#15:23]=[#8:24].[#8:55](-[#1])-[#1]>>[#8:18]-[#15:19](=[#8:20])(-[#8:21])-[#8:55]-[#1].[#8:22](-[#15:23]=[#8:24])-[#1]	Any;Any
EVODEX.2-Dm852_0	Any	[#8]=[#6]-[#6](-[#6@:4](-[#8:5]-[#1])(-[#6@:6])-[#1:17])(-[#1])-[#1]>>[#6:4](=[#8:5])(-[#6@:6])-[#1:17]	Any
EVODEX.2-Dm868_0	Any;Any;Any	[#6:7](-[#6@:5])(=[#8:8])-[#8:9]-[#1].[#7:10](-[#8:11])(-[#1])-[#1].[#8:26]-[#15:27](=[#8:28])(-[#8:29])-[#8:30]-[#15:31]=[#8:32]>>[#6:7](-[#6@:5])(=[#8:8])-[#7:10](-[#8:11])-[#1].[#8:30](-[#15:31]=[#8:32])-[#1].[#8:9](-[#15:27](-[#8:26])(=[#8:28])-[#8:29])-[#1]	Any;Any;Any
EVODEX.2-Dm870_0	Any;Any;Any	[#6:4](-[#6@@:2])(=[#8:5])-[#8]-[#1].[#6:10](=[#8:11])-[#8:12]-[#1].[#8]-[#15](=[#8])(-[#8])-[#8:35]-[#15:36]=[#8:37]>>[#6:4](-[#6@@:2])(=[#8:5])-[#8:12]-[#6:10]=[#8:11].[#8:35](-[#15:36]=[#8:37])-[#1]	Any;Any
EVODEX.2-Dm871_0	Any;Any;Any	[#6:1]-[#6:2](=[#8:3])-[#8:4]-[#1].[#6:51]-[#16:52]-[#1].[#8:67]-[#15:68](=[#8:69])(-[#8:70])-[#8:71]-[#15:72]=[#8:73]>>[#6:1]-[#6:2](=[#8:3])-[#16:52]-[#6:51].[#8:4](-[#15:68](-[#8:67])(=[#8:69])-[#8:70])-[#1].[#8:71](-[#15:72]=[#8:73])-[#1]	Any;Any;Any
EVODEX.2-Dm892_0	Any;Any	[#15:68](=[#8:69])-[#8:71]-[#15:72](=[#8:73])(-[#8:74])-[#8:75].[#8:80]=[#6:81](-[#8:82]-[#1])-[#6:83]>>[#6]-[#16]-[#6:81](=[#8:80])-[#6:83].[#15:68](=[#8:69])-[#8:71]-[#1].[#15:72](=[#8:73])(-[#8:74])(-[#8:75])-[#8:82]-[#1]	Any;Any;Any
EVODEX.2-Dm893_0	Any	[#8:80]=[#6:81](-[#8]-[#1])-[#6:83]>>[#6]-[#16]-[#6:81](=[#8:80])-[#6:83]	Any
EVODEX.2-Dm921_0	Any;Any	[#6:29](-[#6@@:23])(=[#8:30])-[#7:31](-[#6@@:32])-[#1].[#8:70]=[#15:71]-[#8:72]-[#1]>>[#6:29](-[#6@@:23])(=[#8:30])-[#8]-[#1].[#7:31](-[#6@@:32])(-[#1])-[#1].[#8]-[#15](=[#8])(-[#8])-[#8:72]-[#15:71]=[#8:70]	Any;Any;Any
EVODEX.2-Dm923_0	Any;Any	[#8:62]-[#15:63](=[#8:64])(-[#8:65]-[#1])-[#8:66].[#6:24]-[#6:25](=[#8:26])-[#7:27](-[#6@@:28])-[#1]>>[#7:27](-[#6@@:28])(-[#1])-[#1].[#8:62]-[#15:63](=[#8:64])(-[#8:66])-[#8]-[#15]=[#8].[#6:24]-[#6:25](=[#8:26])-[#8:65]-[#1]	Any;Any;Any
EVODEX.2-Dm926_0	Any;Any	[#8:78]-[#15:79](=[#8:80])(-[#8:81]-[#1])-[#8:82].[#6:40]-[#6:41](=[#8:42])-[#7](-[#6@@])-[#1]>>[#8:78]-[#15:79](=[#8:80])(-[#8:82])-[#8]-[#15]=[#8].[#6:40]-[#6:41](=[#8:42])-[#8:81]-[#1]	Any;Any
EVODEX.2-Dm929_0	Any;Any;Any	[#6:5](=[#8:6])-[#8:7]-[#1].[#6:16](-[#6@:9])(=[#8:17])-[#8:18]-[#1].[#8:37]-[#15:38](=[#8:39])(-[#8:40])-[#8:41]-[#15:42]=[#8:43]>>[#6:5](=[#8:6])-[#8:7]-[#6:16](-[#6@@:9])=[#8:17].[#8:18](-[#15:38](-[#8:37])(=[#8:39])-[#8:40])-[#1].[#8:41](-[#15:42]=[#8:43])-[#1]	Any;Any;Any
EVODEX.2-Dm941_0	Any;Any;Any	[#6:1]-[#6:2](-[#7:3](-[#1])-[#1])(-[#6:4](-[#7:5](-[#1])-[#1])(-[#6:6])-[#1:54])-[#1:51].[#8:32]-[#15:33](=[#8:34])(-[#8:35])-[#8]-[#15]=[#8].[#8:45]=[#6:46]=[#8:47]>>[#6:1]-[#6@@:2]1(-[#7:3](-[#6:46](=[#8:47])-[#7:5](-[#6@@:4]-1(-[#6:6])-[#1:54])-[#1])-[#1])-[#1:51].[#8:32]-[#15:33](=[#8:34])(-[#8:35])-[#8:45]-[#1]	Any;Any
EVODEX.2-Dm302_0	Any;Any	[#7:1]=[#6:2]1:[#7:3]:[#6:4]:[#6:5](:[#6:6](=[#8:7]):[#7:8]:1)-[#7:9]1-[#6:10](-[#7:11](-[#6:12]2:[#6:13]:[#6:14]:[#6:15](-[#6:16]=[#8:17]):[#6:73]:[#6:74]:2)-[#6:75]-[#6@:76]-1(-[#6:77])-[#1])(-[#1:102])-[#1:103].[#8:79]=[#6:80]1:[#6:81](:[#6:82]:[#7:83]:[#6:96](=[#8:97]):[#7:98]:1)-[#1]>>[#6:10](-[#6:81]1:[#6:80](=[#8:79]):[#7:98]:[#6:96](=[#8:97]):[#7:83]:[#6:82]:1)(-[#1:102])(-[#1:103])-[#1].[#7:1]=[#6:2]1:[#7:3]:[#6:4]:[#6:5](:[#6:6](=[#8:7]):[#7:8]:1)-[#7:9]=[#6:76](-[#6:75]-[#7:11](-[#6:12]1:[#6:13]:[#6:14]:[#6:15](-[#6:16]=[#8:17]):[#6:73]:[#6:74]:1)-[#1])-[#6:77]	Any;Any
EVODEX.2-Dm304_0	Any;Any	[#6:1](-[#6:2]1:[#6:3]:[#7:4]:[#6:17](=[#8:18]):[#7:19]:[#6:20]:1=[#8:21])(-[#1:72])(-[#1:73])-[#1].[#7:22]=[#6:23]1:[#7:24]:[#6:25]:[#6:26](:[#6:27](=[#8:28]):[#7:29]:1)-[#7:30]=[#6:31](-[#6:32]-[#7:33](-[#6:34]1:[#6:35]:[#6:36]:[#6:37](-[#6:38]=[#8:39]):[#6:68]:[#6:69]:1)-[#1])-[#6:70]>>[#6:1]1(-[#7:30](-[#6:26]2:[#6:25]:[#7:24]:[#6:23](=[#7:22]):[#7:29]:[#6:27]:2=[#8:28])-[#6@:31](-[#6:70])(-[#6:32]-[#7:33]-1-[#6:34]1:[#6:35]:[#6:36]:[#6:37](-[#6:38]=[#8:39]):[#6:68]:[#6:69]:1)-[#1])(-[#1:72])-[#1:73].[#6:2]1(:[#6:3]:[#7:4]:[#6:17](=[#8:18]):[#7:19]:[#6:20]:1=[#8:21])-[#1]	Any;Any
EVODEX.2-Dm358_0	Any	[#6:59]-[#8:60]-[#1]>>[#6]=[#6]-[#6](=[#8])-[#8:60]-[#6:59]	Any
EVODEX.2-Dm497_0	Any;Any	[#7:1](-[#6](-[#6])(-[#1])-[#1])(-[#1])-[#1].[#6:15]-[#6:16](=[#8])-[#6:18]=[#8:19]>>[#7:1](-[#6:16](-[#6:15])(-[#6:18]=[#8:19])-[#1])(-[#1])-[#1]	Any
EVODEX.2-Dm525_0	Any;Any	[#6:1](-[#6:2](-[#6:3])(-[#8:4]-[#1])-[#6:5](-[#6:6](=[#8:7])-[#8:8]-[#1])(-[#1:47])-[#1:48])(-[#1:40])(-[#1:41])-[#1].[#8:27]-[#15:28](=[#8:29])(-[#8:30])-[#8:31]-[#15:32]=[#8:33]>>[#6:6](=[#8:7])=[#8:8].[#6:1](=[#6:2](-[#6:3])-[#6:5](-[#1:47])(-[#1:48])-[#1])(-[#1:40])-[#1:41].[#8:31](-[#15:32]=[#8:33])-[#1].[#8:4](-[#15:28](-[#8:27])(=[#8:29])-[#8:30])-[#1]	Any;Any;Any;Any
EVODEX.2-Dm542_0	Any;Any	[#6:2](=[#8:3])-[#8:4]-[#1].[#15:22](=[#8:23])-[#8:25]-[#15:26](=[#8:27])(-[#8:28])-[#8:29]>>[#6:2](=[#8:3])-[#8:4]-[#15:26](=[#8:27])(-[#8:28])-[#8:29].[#15:22](=[#8:23])-[#8:25]-[#1]	Any;Any
EVODEX.2-Dm543_0	Any	[#6:3](=[#8:4])-[#8:5]-[#15](=[#8])(-[#8])-[#8]>>[#6:3](=[#8:4])-[#8:5]-[#1]	Any
EVODEX.2-Dm570_0	Any;Any	[#6:3]-[#6:4](=[#8:5])-[#8]-[#1].[#6:8]-[#8:9]-[#1]>>[#6:3]-[#6:4](=[#8:5])-[#8:9]-[#6:8]	Any
EVODEX.2-Dm583_0	Any;Any	[#6:1]-[#6:2](-[#8:3]-[#6:4]=[#8:5])(-[#1:23])-[#1:24].[#8:19](-[#1])-[#1]>>[#6:1]-[#6:2](-[#8:19]-[#1])(-[#1:23])-[#1:24].[#8:3](-[#6:4]=[#8:5])-[#1]	Any;Any
EVODEX.2-Dm594_0	Any;Any	[#6:10](-[#6@:9])(=[#8:11])-[#8:12]-[#6:13].[#8:27](-[#1])-[#1]>>[#6:10](-[#6@:9])(=[#8:11])-[#8:27]-[#1].[#8:12](-[#6:13])-[#1]	Any;Any
EVODEX.2-Dm612_0	Any;Any	[#6:19]-[#6:20](-[#6:21])(-[#8:33]-[#6:34]=[#8:35])-[#1:83].[#8:51](-[#1])-[#1]>>[#6:19]-[#6:20](-[#6:21])(-[#8:51]-[#1])-[#1:83].[#8:33](-[#6:34]=[#8:35])-[#1]	Any;Any
EVODEX.2-Dm790_0	Any;Any	[#8:19]-[#15:20](=[#8:21])(-[#8:22])-[#8]-[#15]=[#8].[#6:37](-[#6@:36])(=[#8:38])-[#8:39]-[#1]>>[#8:19]-[#15:20](=[#8:21])(-[#8:22])-[#8:39]-[#1].[#8](-[#6:37](-[#6@:36])=[#8:38])-[#1]	Any;Any
EVODEX.2-Dm829_0	Any;Any	[#6]-[#6@@](-[#8:3]-[#1])(-[#6])-[#6].[#8:37]-[#15:38](=[#8:39])(-[#8:40])-[#8]-[#15]=[#8]>>[#8:3](-[#15:38](-[#8:37])(=[#8:39])-[#8:40])-[#1]	Any
EVODEX.2-Dm830_0	Any;Any	[#6:1](-[#6@@:2](-[#8:3]-[#1])(-[#6:4])-[#6:15](-[#6](=[#8])-[#8])(-[#1:61])-[#1:62])(-[#1:50])(-[#1:51])-[#1].[#8:37]-[#15:38](=[#8:39])(-[#8:40])-[#8]-[#15]=[#8]>>[#6:1](=[#6:2](-[#6:4])-[#6:15](-[#1:61])(-[#1:62])-[#1])(-[#1:50])-[#1:51].[#8:3](-[#15:38](-[#8:37])(=[#8:39])-[#8:40])-[#1]	Any;Any
EVODEX.2-Dm834_0	Any;Any	[#6]-[#6@@](-[#8:3]-[#1])(-[#6])-[#6](-[#6:16](=[#8:17])-[#8:18]-[#1])(-[#1])-[#1].[#8:35]-[#15:36](=[#8:37])(-[#8:38])-[#8:39]-[#15:40]=[#8:41]>>[#6:16](=[#8:17])=[#8:18].[#8:39](-[#15:40]=[#8:41])-[#1].[#8:3](-[#15:36](-[#8:35])(=[#8:37])-[#8:38])-[#1]	Any;Any;Any
EVODEX.2-Dm883_0	Any;Any;Any	[#6:1]-[#6:2](=[#8:3])-[#16]-[#6].[#8:66]-[#15:67](=[#8:68])(-[#8:69]-[#1])-[#8:70].[#8:75]=[#15:76]-[#8:77]-[#1]>>[#6:1]-[#6:2](=[#8:3])-[#8:69]-[#1].[#8:66]-[#15:67](=[#8:68])(-[#8:70])-[#8:77]-[#15:76]=[#8:75]	Any;Any
EVODEX.2-Dm884_0	Any;Any	[#8:63]-[#15:64](=[#8:65])(-[#8:66])-[#8:67]-[#15:68]=[#8:69].[#8]=[#6](-[#8:82]-[#1])-[#1]>>[#8:63]-[#15:64](=[#8:65])(-[#8:66])-[#8:82]-[#1].[#8:67](-[#15:68]=[#8:69])-[#1]	Any;Any
EVODEX.2-Dm894_0	Any;Any	[#8:17]-[#15:18](=[#8:19])(-[#8:20])-[#8:21]-[#15:22]=[#8:23].[#8:34]=[#6:35](-[#8:36]-[#1])-[#6:37]>>[#8:17]-[#15:18](=[#8:19])(-[#8:20])-[#8:36]-[#1].[#7](-[#8])(-[#6:35](=[#8:34])-[#6:37])-[#1].[#8:21](-[#15:22]=[#8:23])-[#1]	Any;Any;Any
EVODEX.2-Dm896_0	Any;Any;Any	[#8:29]-[#15:30](=[#8:31])(-[#8:32]-[#1])-[#8:33].[#7](-[#6:2](=[#8:3])-[#6:4])(-[#1])-[#1].[#8:38]=[#15:39]-[#8:40]-[#1]>>[#6:2](=[#8:3])(-[#6:4])-[#8:32]-[#1].[#8:29]-[#15:30](=[#8:31])(-[#8:33])-[#8:40]-[#15:39]=[#8:38]	Any;Any
EVODEX.2-Dm900_0	Any;Any;Any	[#8:28]-[#15:29](=[#8:30])(-[#8:31])-[#8]-[#15]=[#8].[#6:5]-[#6:6](=[#8:7])-[#8:8]-[#1].[#7:1](-[#1])(-[#1])-[#1]>>[#7:1](-[#6:6](-[#6:5])=[#8:7])(-[#1])-[#1].[#8:8](-[#15:29](-[#8:28])(=[#8:30])-[#8:31])-[#1]	Any;Any
EVODEX.2-Dm901_0	Any;Any	[#8:28]-[#15:29](=[#8:30])(-[#8:31])-[#8:32]-[#15:33]=[#8:34].[#6:5]-[#6:6](=[#8:7])-[#8:8]-[#1]>>[#7](-[#6:6](-[#6:5])=[#8:7])(-[#1])-[#1].[#8:32](-[#15:33]=[#8:34])-[#1].[#8:8](-[#15:29](-[#8:28])(=[#8:30])-[#8:31])-[#1]	Any;Any;Any
EVODEX.2-Dm902_0	Any;Any;Any	[#8:27]-[#15:28](=[#8:29])(-[#8:30]-[#1])-[#8:31].[#7:1](-[#6:2](=[#8:3])-[#6:4])(-[#1])-[#1].[#8:39]=[#15:40]-[#8:41]-[#1]>>[#6:2](=[#8:3])(-[#6:4])-[#8:30]-[#1].[#8:27]-[#15:28](=[#8:29])(-[#8:31])-[#8:41]-[#15:40]=[#8:39].[#7:1](-[#1])(-[#1])-[#1]	Any;Any;Any
EVODEX.2-Dm915_0	Any;Any;Any	[#7:24](-[#6@@:25])(-[#1])-[#1].[#8:52]-[#15:53](=[#8:54])(-[#8:55])-[#8:56]-[#15:57]=[#8:58].[#6:13]1:[#6:14]:[#6:15]:[#6:16](-[#6:17](=[#8:18])-[#8:19]-[#1]):[#6:20]:[#6:21]:1>>[#6:13]1:[#6:14]:[#6:15]:[#6:16](-[#6:17](=[#8:18])-[#7:24](-[#6@@:25])-[#1]):[#6:20]:[#6:21]:1.[#8:19](-[#15:53](-[#8:52])(=[#8:54])-[#8:55])-[#1].[#8:56](-[#15:57]=[#8:58])-[#1]	Any;Any;Any
EVODEX.2-Dm916_0	Any;Any	[#8:52]-[#15:53](=[#8:54])(-[#8:55])-[#8]-[#15]=[#8].[#6:13]1:[#6:14]:[#6:15]:[#6:16](-[#6:17](=[#8:18])-[#8:19]-[#1]):[#6:20]:[#6:21]:1>>[#6:13]1:[#6:14]:[#6:15]:[#6:16](-[#6:17](=[#8:18])-[#7](-[#6@@])-[#1]):[#6:20]:[#6:21]:1.[#8:19](-[#15:53](-[#8:52])(=[#8:54])-[#8:55])-[#1]	Any;Any
EVODEX.2-Dm917_0	Any;Any	[#8:52]-[#15:53](=[#8:54])(-[#8:55])-[#8:56]-[#15:57]=[#8:58].[#6]1:[#6]:[#6]:[#6](-[#6](=[#8])-[#8:19]-[#1]):[#6]:[#6]:1>>[#8:19](-[#15:53](-[#8:52])(=[#8:54])-[#8:55])-[#1].[#8:56](-[#15:57]=[#8:58])-[#1]	Any;Any
EVODEX.2-Dm931_0	Any;Any	[#6:16](-[#6@:9])(=[#8:17])-[#8:18]-[#1].[#8:37]-[#15:38](=[#8:39])(-[#8:40])-[#8:41]-[#15:42]=[#8:43]>>[#6](=[#8])-[#8]-[#6:16](-[#6@@:9])=[#8:17].[#8:18](-[#15:38](-[#8:37])(=[#8:39])-[#8:40])-[#1].[#8:41](-[#15:42]=[#8:43])-[#1]	Any;Any;Any
EVODEX.2-Dm935_0	Any;Any;Any	[#7:21](-[#6@@:22](-[#6:23])(-[#6:27]=[#8:28])-[#1:63])(-[#1])-[#1].[#8:48]-[#15:49](=[#8:50])(-[#8:51])-[#8:52]-[#15:53]=[#8:54].[#6:13]-[#6:15](=[#8:16])-[#8:17]-[#1]>>[#6:13]-[#6:15](=[#8:16])-[#7:21](-[#6:22](-[#6:23])(-[#6:27]=[#8:28])-[#1:63])-[#1].[#8:17](-[#15:49](-[#8:48])(=[#8:50])-[#8:51])-[#1].[#8:52](-[#15:53]=[#8:54])-[#1]	Any;Any;Any
EVODEX.2-Dm936_0	Any;Any;Any	[#6:2]-[#6:3](=[#8:4])-[#8:5]-[#1].[#8:24]-[#15:25](=[#8:26])(-[#8:27])-[#8:28]-[#15:29]=[#8:30].[#6:43]-[#7:44](-[#6@@:40])-[#1]>>[#6:2]-[#6:3](=[#8:4])-[#7:44](-[#6@:40])-[#6:43].[#8:28](-[#15:29]=[#8:30])-[#1].[#8:5](-[#15:25](-[#8:24])(=[#8:26])-[#8:27])-[#1]	Any;Any;Any
EVODEX.2-Dm939_0	Any;Any	[#8:30]-[#15:31](=[#8:32])(-[#8:33])-[#8]-[#15]=[#8].[#6:9](-[#6@@:2])(=[#8:10])-[#8:11]-[#1]>>[#6:9](-[#6@@:2])(=[#8:10])-[#7](-[#6@])-[#6].[#8:11](-[#15:31](-[#8:30])(=[#8:32])-[#8:33])-[#1]	Any;Any
EVODEX.2-Dm942_0	Any;Any	[#8:32]-[#15:33](=[#8:34])(-[#8:35])-[#8:36]-[#15:37]=[#8:38].[#8:45]=[#6:46]=[#8:47]>>[#7]1(-[#6@@]-[#6@@]-[#7](-[#6:46]-1=[#8:47])-[#1])-[#1].[#8:32]-[#15:33](=[#8:34])(-[#8:35])-[#8:45]-[#1].[#8:36](-[#15:37]=[#8:38])-[#1]	Any;Any;Any
EVODEX.2-Dm17_0	Any;Any	[#6:22](=[#8:23])-[#6:24](=[#8:25])-[#1:97].[#6:27](=[#8:28])-[#6:29]1=[#6:30](-[#7:31](-[#6@@:32])-[#6:67](=[#6:68](-[#6:69]-1(-[#1:125])-[#1])-[#1:124])-[#1:123])-[#1:100]>>[#6:22](=[#8:23])-[#6:24](-[#8:25]-[#1])(-[#1:97])-[#1].[#6:27](=[#8:28])-[#6:29]1:[#6:30](:[#7&+:31](-[#6@@:32]):[#6:67](:[#6:68](:[#6:69]:1-[#1:125])-[#1:124])-[#1:123])-[#1:100]	Any;Any
EVODEX.2-Dm261_0	Any;Any	[#6:34](=[#8:35])-[#6:36]1=[#6:37](-[#7:38](-[#6@@:39])-[#6:78](=[#6:79](-[#6:80]-1(-[#1:109])-[#1])-[#1:108])-[#1:107])-[#1:83].[#7:1]=[#6:2]1:[#7:3]:[#6:4]:[#6:5](:[#6:6](=[#8:7]):[#7:8]:1)-[#7:9]=[#6:10](-[#6:11])-[#6:31]>>[#6:34](=[#8:35])-[#6:36]1:[#6:37](:[#7&+:38](-[#6@@:39]):[#6:78](:[#6:79](:[#6:80]:1-[#1:109])-[#1:108])-[#1:107])-[#1:83].[#7:1]=[#6:2]1:[#7:3]:[#6:4]:[#6:5](:[#6:6](=[#8:7]):[#7:8]:1)-[#7:9](-[#6@@:10](-[#6:11])(-[#6:31])-[#1])-[#1]	Any;Any
EVODEX.2-Dm263_0	Any;Any	[#6:1]-[#6:2]1:[#6:3](:[#7:4]:[#6:5]2:[#7:6]:[#6:7](=[#7:8]):[#7:9]:[#6:10](=[#8:11]):[#6:12]:2:[#7:13]:1)-[#1:65].[#6:15](=[#8:16])-[#6:17]1=[#6:18](-[#7:19](-[#6@@:20])-[#6:59](=[#6:60](-[#6:61]-1(-[#1:97])-[#1])-[#1:96])-[#1:95])-[#1:71]>>[#6:1]-[#6:2]1=[#7:13]-[#6:12]2:[#6:5](:[#7:6]:[#6:7](=[#7:8]):[#7:9]:[#6:10]:2=[#8:11])-[#7:4](-[#6:3]-1(-[#1:65])-[#1])-[#1].[#6:15](=[#8:16])-[#6:17]1:[#6:18](:[#7&+:19](-[#6@@:20]):[#6:59](:[#6:60](:[#6:61]:1-[#1:97])-[#1:96])-[#1:95])-[#1:71]	Any;Any
EVODEX.2-Dm301_0	Any;Any	[#6:2]1:[#7:3]:[#6:4]:[#6:5](:[#6:6](=[#8:7]):[#7:8]:1)-[#7:9]1-[#6:10](-[#7:11](-[#6:12]2:[#6:13]:[#6:14]:[#6:15](-[#6:16]=[#8:17]):[#6:28]:[#6:29]:2)-[#6:30]-[#6@:31]-1(-[#6:32])-[#1])(-[#1:57])-[#1:58].[#8:34]=[#6:35]1:[#6:36](:[#6:37]:[#7:38]:[#6:51](=[#8:52]):[#7:53]:1)-[#1]>>[#6:10](-[#6:36]1:[#6:35](=[#8:34]):[#7:53]:[#6:51](=[#8:52]):[#7:38]:[#6:37]:1)(-[#1:57])(-[#1:58])-[#1].[#6:2]1:[#7:3]:[#6:4]:[#6:5](:[#6:6](=[#8:7]):[#7:8]:1)-[#7:9]=[#6:31](-[#6:30]-[#7:11](-[#6:12]1:[#6:13]:[#6:14]:[#6:15](-[#6:16]=[#8:17]):[#6:28]:[#6:29]:1)-[#1])-[#6:32]	Any;Any
EVODEX.2-Dm303_0	Any;Any	[#6:1](-[#6:2]1:[#6:3]:[#7:4]:[#6:17](=[#8:18]):[#7:19]:[#6:20]:1=[#8:21])(-[#1:90])(-[#1:91])-[#1].[#6:23]1:[#7:24]:[#6:25]:[#6:26](:[#6:27](=[#8:28]):[#7:29]:1)-[#7:30]=[#6:31](-[#6:32]-[#7:33](-[#6:34]1:[#6:35]:[#6:36]:[#6:37](-[#6:38]=[#8:39]):[#6:86]:[#6:87]:1)-[#1])-[#6:88]>>[#6:1]1(-[#7:30](-[#6:26]2:[#6:25]:[#7:24]:[#6:23]:[#7:29]:[#6:27]:2=[#8:28])-[#6@:31](-[#6:88])(-[#6:32]-[#7:33]-1-[#6:34]1:[#6:35]:[#6:36]:[#6:37](-[#6:38]=[#8:39]):[#6:86]:[#6:87]:1)-[#1])(-[#1:90])-[#1:91].[#6:2]1(:[#6:3]:[#7:4]:[#6:17](=[#8:18]):[#7:19]:[#6:20]:1=[#8:21])-[#1]	Any;Any
EVODEX.2-Dm516_0	Any;Any	[#15:20](=[#8:21])-[#8:23]-[#15:24](=[#8:25])(-[#8:26])-[#8:27].[#8:39]-[#6:40](-[#8:41]-[#1])(-[#6@:42])-[#1:67]>>[#15:20](=[#8:21])-[#8:23]-[#1].[#15:24](=[#8:25])(-[#8:26])(-[#8:27])-[#8:41]-[#6@@:40](-[#8:39])(-[#6@:42])-[#1:67]	Any;Any
EVODEX.2-Dm618_0	Any;Any	[#6:1](-[#8]-[#1])(-[#1:16])(-[#1:17])-[#1:18].[#6:13](=[#8:14])-[#8:15]-[#1]>>[#6:1](-[#8:15]-[#6:13]=[#8:14])(-[#1:16])(-[#1:17])-[#1:18]	Any
EVODEX.2-Dm660_0	Any	[#8:3]-[#15@@:4](=[#8:5])(-[#8:6]-[#6:7]1:[#6:8]:[#6:9]:[#6:10](-[#7&+:11]=[#8:12]):[#6:14]:[#6:15]:1)-[#8:16]>>[#8:3]-[#15:4](=[#8:5])(-[#8:6]-[#1])-[#8:16].[#6:7]1(-[#8]-[#1]):[#6:8]:[#6:9]:[#6:10](-[#7&+:11]=[#8:12]):[#6:14]:[#6:15]:1	Any;Any
EVODEX.2-Dm670_0	Any;Any	[#8:124](-[#6@@:123](-[#6@:114])(-[#6@:121])-[#1:260])-[#6@@:125](-[#8:126])(-[#6@:134])-[#1:261].[#8:148](-[#1])-[#1]>>[#8:148](-[#6@@:123](-[#6@:114])(-[#6@:121])-[#1:260])-[#1].[#8:124](-[#6:125](-[#8:126])(-[#6@:134])-[#1:261])-[#1]	Any;Any
EVODEX.2-Dm686_0	Any;Any	[#6:13](-[#6@:12])(-[#8:14]-[#6@:15](-[#8:16])(-[#6@:24])-[#1:75])(-[#1:73])-[#1:74].[#8:56](-[#1])-[#1]>>[#6:13](-[#6@:12])(-[#8:56]-[#1])(-[#1:73])-[#1:74].[#8:14](-[#6:15](-[#8:16])(-[#6@:24])-[#1:75])-[#1]	Any;Any
EVODEX.2-Dm759_0	Any;Any	[#6:1](-[#8:2]-[#6:3]=[#8:4])(-[#1:23])(-[#1:24])-[#1:25].[#8:22](-[#1])-[#1]>>[#6:1](-[#8:22]-[#1])(-[#1:23])(-[#1:24])-[#1:25].[#8:2](-[#6:3]=[#8:4])-[#1]	Any;Any
EVODEX.2-Dm793_0	Any;Any	[#8:19]-[#15:20](=[#8:21])(-[#8:22])-[#8:23]-[#15:24]=[#8:25].[#8:33]=[#6:34](-[#8:35]-[#1])-[#6:36]>>[#8:19]-[#15:20](=[#8:21])(-[#8:22])-[#8:35]-[#1].[#8:23](-[#15:24]=[#8:25])-[#1].[#8](-[#6:34](=[#8:33])-[#6:36])-[#1]	Any;Any;Any
EVODEX.2-Dm814_0	Any	[#8:11]-[#15:12](=[#8:13])(-[#8:14])-[#8:15]-[#15:16](=[#8:17])(-[#8:18])-[#8:19]-[#15:20]=[#8:21]>>[#8:11]-[#15:12](=[#8:13])(-[#8:14])-[#8]-[#1].[#8:15](-[#15:16](=[#8:17])(-[#8:18])-[#8]-[#1])-[#1].[#8:19](-[#15:20]=[#8:21])-[#1]	Any;Any;Any
EVODEX.2-Dm831_0	Any;Any	[#6]-[#6@@](-[#8:3]-[#1])(-[#6])-[#6].[#8:32]-[#15:33](=[#8:34])(-[#8:35])-[#8:36]-[#15:37]=[#8:38]>>[#8:36](-[#15:37]=[#8:38])-[#1].[#8:3](-[#15:33](-[#8:32])(=[#8:34])-[#8:35])-[#1]	Any;Any
EVODEX.2-Dm832_0	Any;Any	[#6:1](-[#6@@:2](-[#8:3]-[#1])(-[#6:4])-[#6:15](-[#6:16](=[#8:17])-[#8:18]-[#1])(-[#1:59])-[#1:60])(-[#1:48])(-[#1:49])-[#1].[#8:32]-[#15:33](=[#8:34])(-[#8:35])-[#8]-[#15]=[#8]>>[#6:16](=[#8:17])=[#8:18].[#6:1](=[#6:2](-[#6:4])-[#6:15](-[#1:59])(-[#1:60])-[#1])(-[#1:48])-[#1:49].[#8:3](-[#15:33](-[#8:32])(=[#8:34])-[#8:35])-[#1]	Any;Any;Any
EVODEX.2-Dm833_0	Any;Any	[#6:1](-[#6@@:2](-[#8:3]-[#1])(-[#6:4])-[#6:15](-[#6](=[#8])-[#8])(-[#1:62])-[#1:63])(-[#1:51])(-[#1:52])-[#1].[#8:35]-[#15:36](=[#8:37])(-[#8:38])-[#8:39]-[#15:40]=[#8:41]>>[#6:1](=[#6:2](-[#6:4])-[#6:15](-[#1:62])(-[#1:63])-[#1])(-[#1:51])-[#1:52].[#8:39](-[#15:40]=[#8:41])-[#1].[#8:3](-[#15:36](-[#8:35])(=[#8:37])-[#8:38])-[#1]	Any;Any;Any
EVODEX.2-Dm835_0	Any;Any	[#6]-[#6@@](-[#8:3]-[#1])(-[#6])-[#6](-[#6:16](=[#8:17])-[#8:18]-[#1])(-[#1])-[#1].[#8:39]-[#15:40](=[#8:41])(-[#8:42])-[#8]-[#15]=[#8]>>[#6:16](=[#8:17])=[#8:18].[#8:3](-[#15:40](-[#8:39])(=[#8:41])-[#8:42])-[#1]	Any;Any
EVODEX.2-Dm859_0	Any	[#6:5]/[#6:6](=[#6:7](\[#6:8])-[#1:34])-[#1:33]>>[#6:5]-[#6:6](-[#6@@:7](-[#6:8])(-[#8]-[#1])-[#1:34])(-[#1:33])-[#1]	Any
EVODEX.2-Dm869_0	Any;Any;Any	[#8:31]-[#15:32](=[#8:33])(-[#8:34])-[#8:35]-[#15:36]=[#8:37].[#6:14](-[#6@@:3])(=[#8:15])-[#8:16]-[#1].[#7:1](-[#1])(-[#1])-[#1]>>[#7:1](-[#6:14](-[#6@@:3])=[#8:15])(-[#1])-[#1].[#8:16](-[#15:32](-[#8:31])(=[#8:33])-[#8:34])-[#1].[#8:35](-[#15:36]=[#8:37])-[#1]	Any;Any;Any
EVODEX.2-Dm889_0	Any;Any;Any	[#6:3]-[#6:4](=[#8:5])-[#16:6]-[#6:7].[#8:72]-[#15:73](=[#8:74])(-[#8:75]-[#1])-[#8:76].[#8:81]=[#15:82]-[#8:83]-[#1]>>[#6:3]-[#6:4](=[#8:5])-[#8:75]-[#1].[#8:72]-[#15:73](=[#8:74])(-[#8:76])-[#8:83]-[#15:82]=[#8:81].[#16:6](-[#6:7])-[#1]	Any;Any;Any
EVODEX.2-Dm897_0	Any;Any	[#8:29]-[#15:30](=[#8:31])(-[#8:32]-[#1])-[#8:33].[#7:1](-[#6:2](=[#8:3])-[#6:4])(-[#1])-[#1]>>[#6:2](=[#8:3])(-[#6:4])-[#8:32]-[#1].[#8:29]-[#15:30](=[#8:31])(-[#8:33])-[#8]-[#15]=[#8].[#7:1](-[#1])(-[#1])-[#1]	Any;Any;Any
EVODEX.2-Dm898_0	Any;Any	[#8:29]-[#15:30](=[#8:31])(-[#8:32]-[#1])-[#8:33].[#7](-[#6:2](=[#8:3])-[#6:4])(-[#1])-[#1]>>[#6:2](=[#8:3])(-[#6:4])-[#8:32]-[#1].[#8:29]-[#15:30](=[#8:31])(-[#8:33])-[#8]-[#15]=[#8]	Any;Any
EVODEX.2-Dm903_0	Any;Any	[#8:15]-[#15:16](=[#8:17])(-[#8:18])-[#8]-[#15]=[#8].[#6:34]-[#6:35](=[#8:36])-[#8:37]-[#1]>>[#8:15]-[#15:16](=[#8:17])(-[#8:18])-[#8:37]-[#1].[#7](-[#6:35](-[#6:34])=[#8:36])(-[#1])-[#1]	Any;Any
EVODEX.2-Dm904_0	Any;Any	[#8:30]-[#15:31](=[#8:32])(-[#8:33])-[#8]-[#15]=[#8].[#6:5]-[#6:6](=[#8:7])-[#8:8]-[#1]>>[#7](-[#8])(-[#6:6](-[#6:5])=[#8:7])-[#1].[#8:8](-[#15:31](-[#8:30])(=[#8:32])-[#8:33])-[#1]	Any;Any
EVODEX.2-Dm914_0	Any;Any;Any	[#8:31]-[#15:32](=[#8:33])(-[#8:34])-[#8]-[#15]=[#8].[#6:3]-[#6:4](=[#8:5])-[#8:6]-[#1].[#6:11]-[#6@:12](-[#7:13](-[#1])-[#1])(-[#6:14]=[#8:15])-[#1:76]>>[#6:3]-[#6:4](=[#8:5])-[#7:13](-[#6@:12](-[#6:11])(-[#6:14]=[#8:15])-[#1:76])-[#1].[#8:6](-[#15:32](-[#8:31])(=[#8:33])-[#8:34])-[#1]	Any;Any
EVODEX.2-Dm918_0	Any;Any	[#8:52]-[#15:53](=[#8:54])(-[#8:55])-[#8]-[#15]=[#8].[#6]1:[#6]:[#6]:[#6](-[#6](=[#8])-[#8:19]-[#1]):[#6]:[#6]:1>>[#8:19](-[#15:53](-[#8:52])(=[#8:54])-[#8:55])-[#1]	Any
EVODEX.2-Dm919_0	Any;Any;Any	[#7:24](-[#6@@:25])(-[#1])-[#1].[#8:54]-[#15:55](=[#8:56])(-[#8:57])-[#8]-[#15]=[#8].[#6:13]1:[#6:14]:[#6:15]:[#6:16](-[#6:17](=[#8:18])-[#8:19]-[#1]):[#6:20]:[#6:21]:1>>[#6:13]1:[#6:14]:[#6:15]:[#6:16](-[#6:17](=[#8:18])-[#7:24](-[#6@@:25])-[#1]):[#6:20]:[#6:21]:1.[#8:19](-[#15:55](-[#8:54])(=[#8:56])-[#8:57])-[#1]	Any;Any
EVODEX.2-Dm920_0	Any;Any	[#8:54]-[#15:55](=[#8:56])(-[#8:57])-[#8:58]-[#15:59]=[#8:60].[#6:13]1:[#6:14]:[#6:15]:[#6:16](-[#6:17](=[#8:18])-[#8:19]-[#1]):[#6:20]:[#6:21]:1>>[#6:13]1:[#6:14]:[#6:15]:[#6:16](-[#6:17](=[#8:18])-[#7](-[#6@@])-[#1]):[#6:20]:[#6:21]:1.[#8:19](-[#15:55](-[#8:54])(=[#8:56])-[#8:57])-[#1].[#8:58](-[#15:59]=[#8:60])-[#1]	Any;Any;Any
EVODEX.2-Dm925_0	Any;Any;Any	[#8:60]-[#15:61](=[#8:62])(-[#8:63]-[#1])-[#8:64].[#6:19]-[#6:20](=[#8:21])-[#7:22](-[#6@@:23])-[#1].[#8:69]=[#15:70]-[#8:71]-[#1]>>[#7:22](-[#6@@:23])(-[#1])-[#1].[#8:60]-[#15:61](=[#8:62])(-[#8:64])-[#8:71]-[#15:70]=[#8:69].[#6:19]-[#6:20](=[#8:21])-[#8:63]-[#1]	Any;Any;Any
EVODEX.2-Dm932_0	Any;Any;Any	[#6:5](-[#6@:3])(=[#8:6])-[#8:7]-[#1].[#6:16](=[#8:17])-[#8:18]-[#1].[#8:37]-[#15:38](=[#8:39])(-[#8:40])-[#8]-[#15]=[#8]>>[#6:5](-[#6@:3])(=[#8:6])-[#8:18]-[#6:16]=[#8:17].[#8:7](-[#15:38](-[#8:37])(=[#8:39])-[#8:40])-[#1]	Any;Any
EVODEX.2-Dm937_0	Any;Any;Any	[#6:2]-[#6:3](=[#8:4])-[#8:5]-[#1].[#8:24]-[#15:25](=[#8:26])(-[#8:27])-[#8]-[#15]=[#8].[#6:43]-[#7:44](-[#6@@:40])-[#1]>>[#6:2]-[#6:3](=[#8:4])-[#7:44](-[#6@:40])-[#6:43].[#8:5](-[#15:25](-[#8:24])(=[#8:26])-[#8:27])-[#1]	Any;Any
EVODEX.2-Dm938_0	Any;Any	[#6:2]-[#6:3](=[#8:4])-[#8:5]-[#1].[#8:24]-[#15:25](=[#8:26])(-[#8:27])-[#8:28]-[#15:29]=[#8:30]>>[#6:2]-[#6:3](=[#8:4])-[#7](-[#6@])-[#6].[#8:28](-[#15:29]=[#8:30])-[#1].[#8:5](-[#15:25](-[#8:24])(=[#8:26])-[#8:27])-[#1]	Any;Any;Any
EVODEX.2-Dm943_0	Any;Any	[#8:32]-[#15:33](=[#8:34])(-[#8:35])-[#8]-[#15]=[#8].[#8:45]=[#6:46]=[#8:47]>>[#7]1(-[#6@@]-[#6@@]-[#7](-[#6:46]-1=[#8:47])-[#1])-[#1].[#8:32]-[#15:33](=[#8:34])(-[#8:35])-[#8:45]-[#1]	Any;Any
EVODEX.2-Dm944_0	Any;Any	[#8:27]-[#15:28](=[#8:29])(-[#8:30])-[#8]-[#15]=[#8].[#8:43]=[#6]=[#8]>>[#8:27]-[#15:28](=[#8:29])(-[#8:30])-[#8:43]-[#1]	Any
EVODEX.2-Dm1_0	Any	[#6:2](=[#8:3])-[#6:4](=[#8:5])-[#1:53]>>[#6:2](=[#8:3])-[#6:4](-[#8:5]-[#1])(-[#1:53])-[#1]	Any
EVODEX.2-Dm7_0	Any	[#6:4]-[#6:5](=[#8:6])-[#6:7](-[#6:8])=[#8:9]>>[#6:4]-[#6:5](-[#8:6]-[#1])(-[#6:7](-[#6:8])(-[#8:9]-[#1])-[#1])-[#1]	Any
EVODEX.2-Dm32_0	Any	[#6:47]-[#6@@:48](-[#8:49]-[#6@@:50](-[#8:51])(-[#6@:52])-[#1])(-[#6@@:56])-[#1:91]>>([#8](-[#6@:48](-[#6:47])(-[#6@:56])-[#1:91])-[#1].[#6:50](-[#6@:52])(=[#8:49])-[#8:51])	Any
EVODEX.2-Dm33_0	Any;Any	[#8:1]=[#8:2].[#8:6]-[#6:7](-[#8:8])(-[#6@:9](-[#8:10]-[#1])(-[#6@@:11])-[#1])-[#1:19]>>[#8:1](-[#8:2]-[#1])-[#1].[#8:6]-[#6@@:7](-[#8:8])(-[#6:9](=[#8:10])-[#6@@:11])-[#1:19]	Any;Any
EVODEX.2-Dm181_0	Any;Any	[#8:45](-[#1])-[#1].[#6:50]-[#6@:51](-[#8:52]-[#6@:53](-[#6@:47])(-[#8:54])-[#1])(-[#6@:55])-[#1:92]>>([#8:45](-[#6@@:51](-[#6:50])(-[#6@@:55])-[#1:92])-[#1].[#6:53](-[#6@:47])(=[#8:52])-[#8:54])	Any
EVODEX.2-Dm182_0	Any;Any	[#6:1]-[#7&+:2]1:[#6:3](:[#6:4](:[#6:5](-[#6:6]2:[#6:7]:[#6:8]:[#7&+:9]:[#6:11]:[#6:12]:2):[#6:13](:[#6:14]:1-[#1:36])-[#1:35])-[#1:27])-[#1:26].[#8:16]=[#6:17](-[#6:18])-[#1]>>[#6:1]-[#7:2]1-[#6:3](=[#6:4](-[#6:5](-[#6:6]2:[#6:7]:[#6:8]:[#7&+:9]:[#6:11]:[#6:12]:2)(-[#6:13](=[#6:14]-1-[#1:36])-[#1:35])-[#1])-[#1:27])-[#1:26].[#8](-[#6:17](=[#8:16])-[#6:18])-[#1]	Any;Any
EVODEX.2-Dm187_0	Any;Any	[#6:1]-[#6:2](=[#6:3](-[#6:4]=[#8:5])-[#1:64])-[#6:10].[#6:14](=[#8:15])-[#6:16]1=[#6:17](-[#7:18](-[#6@@:19])-[#6:58](=[#6:59](-[#6:60]-1(-[#1:103])-[#1])-[#1:102])-[#1:101])-[#1:77]>>[#6:1]-[#6:2](-[#6:3](-[#6:4]=[#8:5])(-[#1:64])-[#1])(-[#6:10])-[#1].[#6:14](=[#8:15])-[#6:16]1:[#6:17](:[#7&+:18](-[#6@@:19]):[#6:58](:[#6:59](:[#6:60]:1-[#1:103])-[#1:102])-[#1:101])-[#1:77]	Any;Any
EVODEX.2-Dm262_0	Any;Any	[#6:2](=[#8:3])-[#6:4]1=[#6:5](-[#7:6](-[#6@@:7])-[#6:46](=[#6:47](-[#6:48]-1(-[#1:111])-[#1])-[#1:110])-[#1:109])-[#1:85].[#6:50]1:[#7:51]:[#6:52]:[#6:53](:[#6:54](=[#8:55]):[#7:56]:1)-[#7:57]=[#6:58](-[#6:59])-[#6:81]>>[#6:2](=[#8:3])-[#6:4]1:[#6:5](:[#7&+:6](-[#6@@:7]):[#6:46](:[#6:47](:[#6:48]:1-[#1:111])-[#1:110])-[#1:109])-[#1:85].[#6:50]1:[#7:51]:[#6:52]:[#6:53](:[#6:54](=[#8:55]):[#7:56]:1)-[#7:57](-[#6:58](-[#6:59])(-[#6:81])-[#1])-[#1]	Any;Any
EVODEX.2-Dm274_0	Any;Any	[#8:7]-[#6:8](=[#8:9])-[#6:10](=[#8:11])-[#6:12].[#6:16](=[#8:17])-[#6:18]1=[#6:19](-[#7:20](-[#6@@:21])-[#6:60](=[#6:61](-[#6:62]-1(-[#1:109])-[#1])-[#1:108])-[#1:107])-[#1:83]>>[#8:7]-[#6:8](-[#8:9]-[#1])=[#6:10](-[#8:11]-[#1])-[#6:12].[#6:16](=[#8:17])-[#6:18]1:[#6:19](:[#7&+:20](-[#6@@:21]):[#6:60](:[#6:61](:[#6:62]:1-[#1:109])-[#1:108])-[#1:107])-[#1:83]	Any;Any
EVODEX.2-Dm299_0	Any;Any	[#6:2]=[#6:4](-[#6:5])-[#1].[#6:21](-[#16&+](-[#6])-[#6])(-[#1:70])(-[#1:71])-[#1:72]>>[#6:2]=[#6:4](-[#6:5])-[#6:21](-[#1:70])(-[#1:71])-[#1:72]	Any
EVODEX.2-Dm417_0	Any;Any	[#15:15](=[#8:16])-[#8:18]-[#6@@:19](-[#8:20])(-[#6@:28])-[#1:63].[#8:44]-[#6:45](-[#8:46]-[#1])(-[#6@:47])-[#1:83]>>[#8:46](-[#6@@:19](-[#8:20])(-[#6@:28])-[#1:63])-[#6@@:45](-[#8:44])(-[#6@:47])-[#1:83].[#15:15](=[#8:16])-[#8:18]-[#1]	Any;Any
EVODEX.2-Dm418_0	Any	[#8:4]-[#6:5](-[#8:6]-[#1])(-[#6@:7])-[#1:83]>>[#8:4]-[#6@:5](-[#8:6]-[#6@@](-[#8])(-[#6@])-[#1])(-[#6@:7])-[#1:83]	Any
EVODEX.2-Dm479_0	Any;Any	[#6:2]-[#16:4]-[#6:5].[#6:25](-[#6@:24])(-[#8]-[#15](=[#8])(-[#8])-[#8:30]-[#15:31]=[#8:32])(-[#1:65])-[#1:66]>>[#6:2]-[#16&+:4](-[#6:5])-[#6:25](-[#6@:24])(-[#1:65])-[#1:66].[#8:30](-[#15:31]=[#8:32])-[#1]	Any;Any
EVODEX.2-Dm521_0	Any	[#8:31]-[#6@:32](-[#8:33]-[#15](=[#8])(-[#8])-[#8])(-[#6@:38])-[#1:61]>>[#8:31]-[#6:32](-[#8:33]-[#1])(-[#6@:38])-[#1:61]	Any
EVODEX.2-Dm531_0	Any;Any	[#6:2](=[#8:3])-[#8:4]-[#15:5](=[#8:6])(-[#8:7])-[#8:8].[#8:9](-[#6:10])-[#1]>>[#6:2](=[#8:3])-[#8:4]-[#1].[#15:5](=[#8:6])(-[#8:7])(-[#8:8])-[#8:9]-[#6:10]	Any;Any
EVODEX.2-Dm551_0	Any;Any	[#15:14](=[#8:15])-[#8:16]-[#1].[#8:32]-[#6@:33](-[#8:34]-[#15:35](=[#8:36])(-[#8:37])-[#8:38])(-[#6@:43])-[#1:66]>>[#15:14](=[#8:15])-[#8:16]-[#15:35](=[#8:36])(-[#8:37])-[#8:38].[#8:32]-[#6:33](-[#8:34]-[#1])(-[#6@:43])-[#1:66]	Any;Any
EVODEX.2-Dm553_0	Any	[#8:21]-[#15:22](=[#8:23])(-[#8:24])-[#8:25]-[#15:26](=[#8:27])-[#8:29]-[#15](=[#8])(-[#8])-[#8]>>[#8:21]-[#15:22](=[#8:23])(-[#8:24])-[#8]-[#1].[#8:25](-[#15:26](=[#8:27])-[#8:29]-[#1])-[#1]	Any;Any
EVODEX.2-Dm602_0	Any;Any	[#6:1]-[#6:2]1=[#6:3](-[#6:4]-[#6:5](=[#8:6])-[#8:7]-1)-[#1:12].[#8:8](-[#1])-[#1]>>[#6:1]-[#6:2](-[#6:3](-[#6:4]-[#6:5](=[#8:6])-[#8:8]-[#1])(-[#1:12])-[#1])=[#8:7]	Any
EVODEX.2-Dm603_0	Any	[#6:1]-[#6:2]1=[#6:3](-[#6:4]-[#6:5](=[#8:6])-[#8:7]-1)-[#1:12]>>[#6:1]-[#6:2](-[#6:3](-[#6:4]-[#6:5](=[#8:6])-[#8]-[#1])(-[#1:12])-[#1])=[#8:7]	Any
EVODEX.2-Dm613_0	Any;Any	[#6](=[#8])-[#8]-[#6:5](-[#8:6])(-[#6@:18])-[#1:27].[#8:23](-[#1])-[#1]>>[#6:5](-[#8:23]-[#1])(-[#8:6])(-[#6@:18])-[#1:27]	Any
EVODEX.2-Dm633_0	Any;Any	[#8:11]-[#15:12](=[#8:13])(-[#8:14])-[#8:15]-[#6:16]1:[#6:17]:[#6:18]:[#6:19](-[#7&+:20]=[#8:21]):[#6:23]:[#6:24]:1.[#8:35](-[#1])-[#1]>>[#8:11]-[#15:12](=[#8:13])(-[#8:14])-[#8:35]-[#1].[#8:15](-[#6:16]1:[#6:17]:[#6:18]:[#6:19](-[#7&+:20]=[#8:21]):[#6:23]:[#6:24]:1)-[#1]	Any;Any
EVODEX.2-Dm643_0	Any;Any	[#6:9](=[#8:10])-[#8:11]-[#15:12](=[#8:13])(-[#8:14])-[#8:15].[#8:16](-[#1])-[#1]>>[#6:9](=[#8:10])-[#8:11]-[#1].[#15:12](=[#8:13])(-[#8:14])(-[#8:15])-[#8:16]-[#1]	Any;Any
EVODEX.2-Dm645_0	Any	[#8:9]-[#6@@:10](-[#8]-[#15]=[#8])(-[#6@:16])-[#1:27]>>[#8](-[#6:10](-[#8:9])(-[#6@:16])-[#1:27])-[#1]	Any
EVODEX.2-Dm659_0	Any	[#8:3]-[#15@@:4](=[#8:5])(-[#8:6]-[#6]1:[#6]:[#6]:[#6](-[#7&+]=[#8]):[#6]:[#6]:1)-[#8:16]>>[#8:3]-[#15:4](=[#8:5])(-[#8:6]-[#1])-[#8:16]	Any
EVODEX.2-Dm668_0	Any	[#8](-[#6@@:4](-[#6@:3])(-[#8:17])-[#1:47])-[#6@]>>[#8](-[#6@:4](-[#6@:3])(-[#8:17])-[#1:47])-[#1]	Any
EVODEX.2-Dm680_0	Any	[#6:32]-[#6@:31](-[#6@@:9])(-[#8:33]-[#6:34](-[#8:35])(-[#6@:43])-[#1:108])-[#1:104]>>[#6:32]-[#6@:31](-[#6@@:9])(-[#8]-[#1])-[#1:104].[#8:33](-[#6@:34](-[#8:35])(-[#6@:43])-[#1:108])-[#1]	Any;Any
EVODEX.2-Dm685_0	Any	[#6:61](-[#6@:2])(-[#8:62]-[#6@:63](-[#8:64])(-[#6@:72])-[#1:148])(-[#1:146])-[#1:147]>>[#6:61](-[#6@:2])(-[#8]-[#1])(-[#1:146])-[#1:147].[#8:62](-[#6:63](-[#8:64])(-[#6@:72])-[#1:148])-[#1]	Any;Any
EVODEX.2-Dm703_0	Any;Any	[#6:2]1:[#6:3]:[#6:4](=[#8:5]):[#8:6]:[#6:7]2:[#6:8]:[#6:9](-[#8:10]-[#6:11]=[#8:12]):[#6:19]:[#6:20]:[#6:21]:1:2.[#8:22](-[#1])-[#1]>>[#6:2]1:[#6:3]:[#6:4](=[#8:5]):[#8:6]:[#6:7]2:[#6:8]:[#6:9](-[#8:22]-[#1]):[#6:19]:[#6:20]:[#6:21]:1:2.[#8:10](-[#6:11]=[#8:12])-[#1]	Any;Any
EVODEX.2-Dm743_0	Any;Any	[#6:25](-[#6@:24])(=[#8:26])-[#7](-[#6]1:[#6]:[#6]:[#6]:[#6]:[#6]:1)-[#1].[#8:43](-[#1])-[#1]>>[#6:25](-[#6@:24])(=[#8:26])-[#8:43]-[#1]	Any
EVODEX.2-Dm792_0	Any;Any;Any	[#8:19]-[#15:20](=[#8:21])(-[#8:22])-[#8]-[#15]=[#8].[#6:37](-[#6@:36])(=[#8:38])-[#8:39]-[#1].[#8:32](-[#1])-[#1]>>[#8:19]-[#15:20](=[#8:21])(-[#8:22])-[#8:39]-[#1].[#8:32](-[#6:37](-[#6@:36])=[#8:38])-[#1]	Any;Any
EVODEX.2-Dm815_0	Any;Any;Any	[#8:15]-[#15:16](=[#8:17])(-[#8:18])-[#8:19]-[#15:20](=[#8:21])(-[#8:22])-[#8:23]-[#15:24]=[#8:25].[#8:32](-[#1])-[#1].[#8:33](-[#1])-[#1]>>[#8:15]-[#15:16](=[#8:17])(-[#8:18])-[#8:32]-[#1].[#8:19](-[#15:20](=[#8:21])(-[#8:22])-[#8:33]-[#1])-[#1].[#8:23](-[#15:24]=[#8:25])-[#1]	Any;Any;Any
EVODEX.2-Dm899_0	Any;Any;Any	[#8:31]-[#15:32](=[#8:33])(-[#8:34])-[#8]-[#15]=[#8].[#7:1](-[#8:2])(-[#1])-[#1].[#6:6]-[#6:7](=[#8:8])-[#8:9]-[#1]>>[#7:1](-[#8:2])(-[#6:7](-[#6:6])=[#8:8])-[#1].[#8:9](-[#15:32](-[#8:31])(=[#8:33])-[#8:34])-[#1]	Any;Any
EVODEX.2-Dm912_0	Any;Any	[#6:2]-[#6:5](=[#8:6])-[#8]-[#1].[#8]-[#15](=[#8])(-[#8])-[#8:55]-[#15:56](=[#8:57])(-[#8:58])-[#8:59]-[#15:60]=[#8:61]>>[#6:2]-[#6:5](=[#8:6])-[#7](-[#6@@])-[#1].[#8](-[#15:56](-[#8:55]-[#1])(=[#8:57])-[#8:58])-[#1].[#8:59](-[#15:60]=[#8:61])-[#1]	Any;Any;Any
EVODEX.2-Dm928_0	Any;Any;Any	[#6:13]-[#6:14](=[#8:15])-[#7](-[#6@@])-[#1].[#8:61]-[#15:62](=[#8:63])(-[#8:64]-[#1])-[#8:65].[#8:70]=[#15:71]-[#8:72]-[#1]>>[#6:13]-[#6:14](=[#8:15])-[#8:64]-[#1].[#8:61]-[#15:62](=[#8:63])(-[#8:65])-[#8:72]-[#15:71]=[#8:70]	Any;Any
EVODEX.2-Dm933_0	Any;Any	[#6:7]-[#6:9](=[#8:10])-[#8:11]-[#1].[#8:37]-[#15:38](=[#8:39])(-[#8:40])-[#8]-[#15]=[#8]>>[#6:7]-[#6:9](=[#8:10])-[#8]-[#6]=[#8].[#8:11](-[#15:38](-[#8:37])(=[#8:39])-[#8:40])-[#1]	Any;Any
EVODEX.2-Dm934_0	Any;Any	[#8:36]-[#15:37](=[#8:38])(-[#8:39])-[#8:40]-[#15:41]=[#8:42].[#6:12](=[#8:13])-[#8:14]-[#1]>>[#6]-[#6](=[#8])-[#8:14]-[#6:12]=[#8:13].[#8:40](-[#15:41]=[#8:42])-[#1].[#8](-[#15:37](-[#8:36])(=[#8:38])-[#8:39])-[#1]	Any;Any;Any
EVODEX.2-Dm940_0	Any;Any;Any	[#7:11](-[#6@@:12])(-[#1])-[#1].[#6:8](-[#6@:6])(=[#8:9])-[#8:10]-[#1].[#8:40]-[#15:41](=[#8:42])(-[#8:43])-[#8:44]-[#15:45]=[#8:46]>>[#6:8](-[#6@:6])(=[#8:9])-[#7:11](-[#6@@:12])-[#1].[#8:10](-[#15:41](-[#8:40])(=[#8:42])-[#8:43])-[#1].[#8:44](-[#15:45]=[#8:46])-[#1]	Any;Any;Any
EVODEX.2-Dm945_0	Any;Any;Any	[#6:1]-[#6:2](-[#7:3](-[#1])-[#1])(-[#6:4](-[#7:5](-[#1])-[#1])(-[#6:6])-[#1:52])-[#1:49].[#8:14]=[#6:15]=[#8:16].[#8:30]-[#15:31](=[#8:32])(-[#8:33])-[#8:34]-[#15:35]=[#8:36]>>[#6:1]-[#6@@:2]1(-[#7:3](-[#6:15](=[#8:16])-[#7:5](-[#6@@:4]-1(-[#6:6])-[#1:52])-[#1])-[#1])-[#1:49].[#8:14](-[#15:31](-[#8:30])(=[#8:32])-[#8:33])-[#1].[#8:34](-[#15:35]=[#8:36])-[#1]	Any;Any;Any
