Name	Reactants	SMARTS	Products
EVODEX.2-Em9_0	Any	[#6:67]-[#8:50]-[#1]>>[#6:67]-[#8:50]-[#6](=[#8])-[#6]	Any
EVODEX.2-Em124_0	Any	[#6:71]-[#8:70]-[#6](=[#8])-[#6]>>[#6:71]-[#8:70]-[#1]	Any
EVODEX.2-Em250_0	Any;Any	[#6:3]-[#6:1](-[#8]-[#6])(-[#6:4])-[#1:102].[#8]-[#15](=[#8])(-[#8:2]-[#1])-[#8]>>[#6:3]-[#6:1](-[#8:2]-[#1])(-[#6:4])-[#1:102]	Any
EVODEX.2-Em59_0	Any	[#6:12]-[#7:11](-[#6](=[#8])-[#6])-[#1]>>[#7:11](-[#6:12])(-[#1])-[#1]	Any
EVODEX.2-Em108_0	Any	[#6:3]-[#6:1](-[#8:89]-[#1])(-[#6:4])-[#1:150]>>[#6:3]-[#6:1](-[#8]-[#6])(-[#6:4])-[#1:150].[#8]-[#15](=[#8])(-[#8:89]-[#1])-[#8]	Any;Any
EVODEX.2-Em168_0	Any;Any;Any	[#6:51]-[#6:49](=[#8:52])-[#16]-[#6].[#8:70]-[#15:69](=[#8:71])(-[#8:67]-[#1])-[#8:72].[#8:91]=[#15:68](-[#8:50]-[#1])(-[#8:92])-[#8:93]>>[#6:51]-[#6:49](=[#8:52])-[#8:50]-[#1].[#8:70]-[#15:69](=[#8:71])(-[#8:72])-[#8:67]-[#15:68](=[#8:91])(-[#8:92])-[#8:93]	Any;Any
EVODEX.2-Em177_0	Any;Any	[#6:31]-[#6:1](=[#8:32])-[#8:58]-[#1].[#8:60]-[#15:59](=[#8:61])(-[#8:62])-[#8:49]-[#15:50](=[#8:51])(-[#8:52])-[#8:53]>>[#6]-[#16]-[#6:1](=[#8:32])-[#6:31].[#8:51]=[#15:50](-[#8:49]-[#1])(-[#8:52])-[#8:53].[#8:60]-[#15:59](=[#8:61])(-[#8:58]-[#1])-[#8:62]	Any;Any;Any
EVODEX.2-Em37_0	Any	[#7:2](-[#6:11])(-[#1])-[#1].>>[#6]-[#6](=[#8])-[#7:2](-[#6:11])-[#1].	Any
EVODEX.2-Em63_0	Any	[#6:3]-[#6:1](=[#8:4])-[#7](-[#6])-[#1]>>[#6:3]-[#6:1](=[#8:4])-[#8]-[#1]	Any
EVODEX.2-Em77_0	Any	[#6:3]-[#6:1](=[#8:4])-[#8]-[#1]>>[#6]-[#7](-[#6:1](=[#8:4])-[#6:3])-[#1]	Any
EVODEX.2-Em11_0	Any;Any	[#6:3]-[#6:1](=[#8:4])-[#7](-[#6])-[#1].[#8:2](-[#1])-[#1]>>[#6:3]-[#6:1](=[#8:4])-[#8:2]-[#1]	Any
EVODEX.2-Em138_0	Any	[#6:3]-[#6:1](-[#8:92]-[#6:94])(-[#6:4])-[#1:167]>>[#6:3]-[#6:1](-[#8]-[#1])(-[#6:4])-[#1:167].[#6:94]-[#8:92]-[#15](=[#8])(-[#8])-[#8]	Any;Any
EVODEX.2-Em146_0	Any	[#6:3]-[#6:1](=[#8:4])-[#8:12]-[#1]>>[#6:3]-[#6:1](=[#8:4])-[#7](-[#6])-[#1].[#8:12](-[#1])-[#1]	Any;Any
EVODEX.2-Em23_0	Any	[#8:5]-[#15:4](=[#8:6])(-[#8:2]-[#1])-[#8:7]>>[#8:5]-[#15:4](=[#8:6])(-[#8:7])-[#8:2]-[#15](=[#8])(-[#8])-[#8]	Any
EVODEX.2-Em34_0	Any;Any	[#8]=[#15](-[#8])(-[#8])-[#8]-[#6:1](-[#6:3])(-[#1:46])-[#1:47].[#8:12]-[#15:11](=[#8:13])(-[#8:14])-[#8:2]-[#15](=[#8])(-[#8])-[#8]>>[#8:12]-[#15:11](=[#8:13])(-[#8:14])-[#8:2]-[#6:1](-[#6:3])(-[#1:46])-[#1:47]	Any
EVODEX.2-Em78_0	Any;Any	[#6:4]-[#6:1](-[#6:3])(-[#8]-[#1])-[#1:235].[#6:106]-[#8:2]-[#15](=[#8])(-[#8])-[#8]>>[#6:4]-[#6:1](-[#6:3])(-[#8:2]-[#6:106])-[#1:235]	Any
EVODEX.2-Em85_0	Any;Any	[#6]-[#6](-[#7:2](-[#1])-[#1])(-[#6](=[#8])-[#8])-[#1].[#8:5]=[#6:3](-[#8:6])-[#6:1](=[#8])-[#6:4]>>[#7:2](-[#6:1](-[#6:4])(-[#6:3](=[#8:5])-[#8:6])-[#1])(-[#1])-[#1]	Any
EVODEX.2-Em86_0	Any	[#8:5]=[#6:3](-[#8:6])-[#6:1](=[#8:15])-[#6:4]>>[#7](-[#6:1](-[#6:4])(-[#6:3](=[#8:5])-[#8:6])-[#1])(-[#1])-[#1].[#6]-[#6](=[#8:15])-[#6](=[#8])-[#8]	Any;Any
EVODEX.2-Em99_0	Any;Any	[#6:15]-[#7:14](-[#6:1](=[#8:3])-[#6:4])-[#1].[#8:24]-[#15:23](=[#8:25])(-[#8:21]-[#1])-[#8:26]>>[#8:3]=[#6:1](-[#8]-[#1])-[#6:4].[#7:14](-[#6:15])(-[#1])-[#1].[#8:24]-[#15:23](=[#8:25])(-[#8:26])-[#8:21]-[#15](=[#8])(-[#8])-[#8]	Any;Any;Any
EVODEX.2-Em125_0	Any;Any	[#6:51]-[#6:49](=[#8:52])-[#16:1]-[#6:2].[#8:71]-[#15:70](=[#8:72])(-[#8:68]-[#1])-[#8:73]>>[#6:2]-[#16:1]-[#1].[#6:51]-[#6:49](=[#8:52])-[#8]-[#1].[#8:71]-[#15:70](=[#8:72])(-[#8:73])-[#8:68]-[#15](=[#8])(-[#8])-[#8]	Any;Any;Any
EVODEX.2-Em144_0	Any;Any;Any	[#6:3]-[#6:1](=[#8:4])-[#8]-[#1].[#7:2](-[#6:17])(-[#1])-[#1].[#8]-[#15](=[#8])(-[#8])-[#8:23]-[#15:24](=[#8:25])(-[#8:26])-[#8:27]>>[#6:3]-[#6:1](=[#8:4])-[#7:2](-[#6:17])-[#1].[#8:25]=[#15:24](-[#8:23]-[#1])(-[#8:26])-[#8:27]	Any;Any
EVODEX.2-Em179_0	Any	[#6:3]-[#6:1](-[#8:25]-[#15:27](=[#8:28])(-[#8:29])-[#8:30])(-[#1:60])-[#1:61]>>[#6:3]-[#6:1](-[#8]-[#15](=[#8])(-[#8])-[#8])(-[#1:60])-[#1:61].[#8]-[#15](=[#8])(-[#8])-[#8:25]-[#15:27](=[#8:28])(-[#8:29])-[#8:30]	Any;Any
EVODEX.2-Em285_0	Any;Any;Any	[#6:3]-[#16:2]-[#1].[#8:50]=[#6:1](-[#8]-[#1])-[#6:51].[#8]-[#15](=[#8])(-[#8])-[#8:56]-[#15:57](=[#8:58])(-[#8:59])-[#8:60]>>[#6:3]-[#16:2]-[#6:1](=[#8:50])-[#6:51].[#8:58]=[#15:57](-[#8:56]-[#1])(-[#8:59])-[#8:60]	Any;Any
EVODEX.2-Em468_0	Any;Any	[#6:13]-[#6:11](-[#7](-[#1])-[#1])(-[#6:14](=[#8:17])-[#8:18])-[#1].[#6]-[#6](=[#8:12])-[#6](=[#8])-[#8]>>[#6:13]-[#6:11](=[#8:12])-[#6:14](=[#8:17])-[#8:18]	Any
EVODEX.2-Em534_0	Any	[#7:2](-[#6:11](-[#6:13])(-[#6:14](=[#8:16])-[#8:17])-[#1])(-[#1])-[#1]>>[#7:2](-[#6](-[#6])(-[#6](=[#8])-[#8])-[#1])(-[#1])-[#1].[#8:16]=[#6:14](-[#8:17])-[#6:11](=[#8])-[#6:13]	Any;Any
EVODEX.2-Em130_0	Any;Any;Any	[#6:4]-[#6:1](-[#6:3])(-[#8:44]-[#1])-[#1:78].[#6:25]-[#6:24](=[#8:26])-[#8:2]-[#1].[#8:46]-[#15:45](=[#8:47])(-[#8:48])-[#8]-[#15](=[#8])(-[#8])-[#8]>>[#6:4]-[#6:1](-[#6:3])(-[#8:2]-[#6:24](=[#8:26])-[#6:25])-[#1:78].[#8:46]-[#15:45](=[#8:47])(-[#8:44]-[#1])-[#8:48]	Any;Any
EVODEX.2-Em139_0	Any;Any	[#6]-[#16]-[#6:49](=[#8:51])-[#6:52].[#8]=[#15](-[#8:50]-[#1])(-[#8])-[#8]>>[#6:52]-[#6:49](=[#8:51])-[#8:50]-[#1]	Any
EVODEX.2-Em158_0	Any;Any	[#6:3]-[#6:1](=[#8:4])-[#1].[#8:79]=[#15:56](-[#8:2]-[#1])(-[#8:80])-[#8:81]>>[#6:3]-[#6:1](=[#8:4])-[#8:2]-[#1].[#8]-[#15](=[#8])(-[#8])-[#8]-[#15:56](=[#8:79])(-[#8:80])-[#8:81]	Any;Any
EVODEX.2-Em194_0	Any;Any	[#6:3]-[#6:1](-[#8]-[#6])(-[#1:222])-[#1:223].[#8]-[#15](=[#8])(-[#8:2]-[#1])-[#8]>>[#6:3]-[#6:1](-[#8:2]-[#1])(-[#1:222])-[#1:223]	Any
EVODEX.2-Em203_0	Any;Any	[#6:3]-[#16:2]-[#1].[#6]-[#7](-[#6:1](=[#8:50])-[#6:51])-[#1]>>[#6:3]-[#16:2]-[#6:1](=[#8:50])-[#6:51]	Any
EVODEX.2-Em239_0	Any	[#6:2]-[#16:1]-[#6:30](=[#8:32])-[#6:33]>>[#6:2]-[#16:1]-[#1].[#6]-[#7](-[#6:30](=[#8:32])-[#6:33])-[#1]	Any;Any
EVODEX.2-Em259_0	Any;Any	[#6:3]-[#6:1](-[#8]-[#6])(-[#6:4])-[#1:130].[#8:2](-[#1])-[#1]>>[#6:3]-[#6:1](-[#8:2]-[#1])(-[#6:4])-[#1:130]	Any
EVODEX.2-Em277_0	Any;Any	[#6:4]-[#6:1](-[#6:3])(-[#8:24]-[#6:25](=[#8:26])-[#6:27])-[#1:81].[#8:42]-[#15:41](=[#8:43])(-[#8:39]-[#1])-[#8:44]>>[#6:4]-[#6:1](-[#6:3])(-[#8]-[#1])-[#1:81].[#6:27]-[#6:25](=[#8:26])-[#8:24]-[#1].[#8:42]-[#15:41](=[#8:43])(-[#8:44])-[#8:39]-[#15](=[#8])(-[#8])-[#8]	Any;Any;Any
EVODEX.2-Em280_0	Any;Any;Any	[#6:3]-[#6:1](=[#8:4])-[#1].[#7:15]-[#6:14](=[#8:16])-[#6:8]1:[#6:13](:[#6:12](:[#6:11](:[#7&+:10](-[#6:17]):[#6:9]:1-[#1:125])-[#1:101])-[#1:100])-[#1:99].[#8:80]=[#15:57](-[#8:2]-[#1])(-[#8:81])-[#8:82]>>[#6:3]-[#6:1](=[#8:4])-[#8:2]-[#1].[#7:15]-[#6:14](=[#8:16])-[#6:8]1=[#6:9](-[#7:10](-[#6:17])-[#6:11](=[#6:12](-[#6:13]-1(-[#1:99])-[#1])-[#1:100])-[#1:101])-[#1:125].[#8]-[#15](=[#8])(-[#8])-[#8]-[#15:57](=[#8:80])(-[#8:81])-[#8:82]	Any;Any;Any
EVODEX.2-Em286_0	Any	[#8:50]=[#6:1](-[#8:61]-[#1])-[#6:51]>>[#6]-[#16]-[#6:1](=[#8:50])-[#6:51].[#8]-[#15](=[#8])(-[#8:61]-[#1])-[#8]	Any;Any
EVODEX.2-Em331_0	Any;Any;Any	[#6:2]-[#6:1](=[#8:3])-[#8]-[#1].[#7:18]-[#6:17](=[#8:19])-[#6:11]1=[#6:16](-[#7:15](-[#6:20])-[#6:14](=[#6:13](-[#6:12]-1(-[#1:137])-[#1])-[#1:136])-[#1:135])-[#1:111].[#8]-[#15](=[#8])(-[#8])-[#8:59]-[#15:60](=[#8:61])(-[#8:62])-[#8:63]>>[#6:2]-[#6:1](=[#8:3])-[#1].[#7:18]-[#6:17](=[#8:19])-[#6:11]1:[#6:12](:[#6:13](:[#6:14](:[#7&+:15](-[#6:20]):[#6:16]:1-[#1:111])-[#1:135])-[#1:136])-[#1:137].[#8:61]=[#15:60](-[#8:59]-[#1])(-[#8:62])-[#8:63]	Any;Any;Any
EVODEX.2-Em402_0	Any;Any	[#8:24](-[#1])-[#1].[#8:26]-[#15:25](=[#8:27])(-[#8:28])-[#8:1]-[#15:2](=[#8:3])(-[#8:4])-[#8:5]>>[#8:5]-[#15:2](=[#8:3])(-[#8:1]-[#1])-[#8:4].[#8:26]-[#15:25](=[#8:27])(-[#8:24]-[#1])-[#8:28]	Any;Any
EVODEX.2-Em463_0	Any	[#6:3]-[#6:1](-[#8:128]-[#1])(-[#1:176])-[#1:177]>>[#6:3]-[#6:1](-[#8]-[#6])(-[#1:176])-[#1:177].[#8]-[#15](=[#8])(-[#8:128]-[#1])-[#8]	Any;Any
EVODEX.2-Em484_0	Any;Any	[#6:2]-[#6:1](=[#8:3])-[#8:72]-[#1].[#8:74]-[#15:73](=[#8:75])(-[#8:76])-[#8:63]-[#15:64](=[#8:65])(-[#8:66])-[#8:67]>>[#6:2]-[#6:1](=[#8:3])-[#1].[#8:65]=[#15:64](-[#8:63]-[#1])(-[#8:66])-[#8:67].[#8:74]-[#15:73](=[#8:75])(-[#8:72]-[#1])-[#8:76]	Any;Any;Any
EVODEX.2-Em465_0	Any	[#8:37]-[#15:36](=[#8:38])(-[#8:39])-[#8:35]-[#15](=[#8])(-[#8])-[#8]>>[#8:37]-[#15:36](=[#8:38])(-[#8:35]-[#1])-[#8:39]	Any
EVODEX.2-Em10_0	Any	[#6:50]-[#6:1](=[#8:51])-[#6](-[#6](=[#8])-[#16])(-[#1])-[#1]>>[#6:50]-[#6:1](=[#8:51])-[#16]-[#6]	Any
EVODEX.2-Em16_0	Any	[#6:3]-[#6:1](=[#8:4])-[#8:40]-[#1]>>[#6:3]-[#6:1](=[#8:4])-[#8]-[#6].[#8]-[#15](=[#8])(-[#8:40]-[#1])-[#8]	Any;Any
EVODEX.2-Em19_0	Any;Any	[#6:51]-[#6:49](=[#8:52])-[#16:1]-[#6:2].[#8]=[#15](-[#8:50]-[#1])(-[#8])-[#8]>>[#6:2]-[#16:1]-[#1].[#6:51]-[#6:49](=[#8:52])-[#8:50]-[#1]	Any;Any
EVODEX.2-Em25_0	Any;Any	[#6:3]-[#6:1](=[#8:4])-[#8]-[#6].[#8:2](-[#1])-[#1]>>[#6:3]-[#6:1](=[#8:4])-[#8:2]-[#1]	Any
EVODEX.2-Em36_0	Any;Any	[#7:2](-[#6:11])(-[#1])-[#1].[#8:21]-[#15:20](=[#8:22])(-[#8:23])-[#8:14]-[#15:15](=[#8:16])(-[#8:17])-[#8:18]>>[#6]-[#6](=[#8])-[#7:2](-[#6:11])-[#1].[#8:16]=[#15:15](-[#8:14]-[#1])(-[#8:17])-[#8:18].[#8:21]-[#15:20](=[#8:22])(-[#8]-[#1])-[#8:23]	Any;Any;Any
EVODEX.2-Em58_0	Any;Any;Any	[#6:12]-[#7:11](-[#6](=[#8])-[#6])-[#1].[#8:21]-[#15:20](=[#8:22])(-[#8:18]-[#1])-[#8:23].[#8:46]=[#15:19](-[#8]-[#1])(-[#8:47])-[#8:48]>>[#7:11](-[#6:12])(-[#1])-[#1].[#8:21]-[#15:20](=[#8:22])(-[#8:23])-[#8:18]-[#15:19](=[#8:46])(-[#8:47])-[#8:48]	Any;Any
EVODEX.2-Em65_0	Any;Any;Any	[#6:3]-[#6:1](-[#8:41]-[#1])(-[#1:74])-[#1:75].[#8:2](-[#1])-[#1].[#8:43]-[#15:42](=[#8:44])(-[#8:45])-[#8:36]-[#15:37](=[#8:38])(-[#8:39])-[#8:40]>>[#6:3]-[#6:1](-[#8:2]-[#1])(-[#1:74])-[#1:75].[#8:38]=[#15:37](-[#8:36]-[#1])(-[#8:39])-[#8:40].[#8:43]-[#15:42](=[#8:44])(-[#8:41]-[#1])-[#8:45]	Any;Any;Any
EVODEX.2-Em72_0	Any;Any	[#7](-[#6:11](-[#6:13])(-[#1:21])-[#1])(-[#1])-[#1].[#6]-[#6](=[#8:12])-[#6](=[#8])-[#8]>>[#6:13]-[#6:11](=[#8:12])-[#1:21]	Any
EVODEX.2-Em74_0	Any;Any	[#6:54]-[#16:53]-[#1].[#6:101]-[#6:52](=[#8:102])-[#6](-[#6](=[#8])-[#16])(-[#1])-[#1]>>[#6:101]-[#6:52](=[#8:102])-[#16:53]-[#6:54]	Any
EVODEX.2-Em81_0	Any;Any	[#6]-[#16]-[#6:30](=[#8:32])-[#6:33].[#6:46]-[#8:31]-[#1]>>[#6:46]-[#8:31]-[#6:30](=[#8:32])-[#6:33]	Any
EVODEX.2-Em90_0	Any;Any	[#6:3]-[#6:1](=[#8:4])-[#8:8]-[#1].[#8:37]=[#15:10](-[#8:2]-[#1])(-[#8:38])-[#8:39]>>[#6:3]-[#6:1](=[#8:4])-[#8:2]-[#1].[#8:8](-[#1])-[#1].[#8]-[#15](=[#8])(-[#8])-[#8]-[#15:10](=[#8:37])(-[#8:38])-[#8:39]	Any;Any;Any
EVODEX.2-Em91_0	Any;Any;Any	[#6:3]-[#6:1](=[#8:4])-[#8]-[#1].[#8:12]-[#15:11](=[#8:13])(-[#8:9]-[#1])-[#8:14].[#8:37]=[#15:10](-[#8:2]-[#1])(-[#8:38])-[#8:39]>>[#6:3]-[#6:1](=[#8:4])-[#8:2]-[#1].[#8:12]-[#15:11](=[#8:13])(-[#8:14])-[#8:9]-[#15:10](=[#8:37])(-[#8:38])-[#8:39]	Any;Any
EVODEX.2-Em109_0	Any	[#6:51]-[#6:49](=[#8:52])-[#16]-[#6]>>[#6:51]-[#6:49](=[#8:52])-[#6](-[#6](=[#8])-[#16])(-[#1])-[#1]	Any
EVODEX.2-Em145_0	Any;Any	[#6:3]-[#6:1](=[#8:4])-[#8:32]-[#1].[#7:2](-[#6:17])(-[#1])-[#1]>>[#6:3]-[#6:1](=[#8:4])-[#7:2](-[#6:17])-[#1].[#8]-[#15](=[#8])(-[#8:32]-[#1])-[#8]	Any;Any
EVODEX.2-Em155_0	Any	[#8]=[#15](-[#8])(-[#8])-[#8:17]-[#6:18]>>[#8:17](-[#6:18])-[#1]	Any
EVODEX.2-Em164_0	Any;Any	[#6:3]-[#6:1](-[#8]-[#15](=[#8])(-[#8])-[#8])(-[#6:4])-[#1:184].[#8]-[#15](=[#8])(-[#8:2]-[#1])-[#8]>>[#6:3]-[#6:1](-[#8:2]-[#1])(-[#6:4])-[#1:184]	Any
EVODEX.2-Em165_0	Any	([#6:37]-[#6:1](-[#8:63]-[#1])(-[#1:66])-[#1:67].[#6:5]-[#8:4]-[#1])>>([#6:37]-[#6:1](-[#8]-[#1])(-[#1:66])-[#1:67].[#6:5]-[#8:4]-[#6](-[#8])(-[#6])-[#1]).[#8:63](-[#1])-[#1]	Any;Any
EVODEX.2-Em176_0	Any	[#6]-[#16]-[#6:30](=[#8:32])-[#6:33]>>[#6:33]-[#6:30](=[#8:32])-[#8]-[#1]	Any
EVODEX.2-Em182_0	Any	[#6:51]-[#6:49](=[#8:52])-[#16]-[#6]>>[#6]-[#7](-[#6:49](=[#8:52])-[#6:51])-[#1]	Any
EVODEX.2-Em195_0	Any	[#6:3]-[#6:1](-[#8:142]-[#6:144])(-[#1:222])-[#1:223]>>[#6:3]-[#6:1](-[#8]-[#1])(-[#1:222])-[#1:223].[#6:144]-[#8:142]-[#15](=[#8])(-[#8])-[#8]	Any;Any
EVODEX.2-Em214_0	Any;Any	[#6:4]-[#6:1](-[#6:3])(-[#8:46]-[#1])-[#1:92].[#8:75]=[#15:48](-[#8:2]-[#1])(-[#8:76])-[#8:77]>>[#6:4]-[#6:1](-[#6:3])(-[#8:2]-[#1])-[#1:92].[#8:46](-[#1])-[#1].[#8]-[#15](=[#8])(-[#8])-[#8]-[#15:48](=[#8:75])(-[#8:76])-[#8:77]	Any;Any;Any
EVODEX.2-Em215_0	Any;Any	[#8:3]-[#6:1](-[#8]-[#1])(-[#6:4])-[#1:57].[#8]-[#15](=[#8])(-[#8])-[#8:2]-[#15:19](=[#8:20])(-[#8:21])-[#8:22]>>[#8:3]-[#6:1](-[#8:2]-[#15:19](=[#8:20])(-[#8:21])-[#8:22])(-[#6:4])-[#1:57]	Any
EVODEX.2-Em230_0	Any;Any;Any	[#6:3]-[#6:1](=[#8:4])-[#8]-[#1].[#8:2](-[#1])-[#1].[#8]-[#15](=[#8])(-[#8])-[#8:10]-[#15:11](=[#8:12])(-[#8:13])-[#8:14]>>[#6:3]-[#6:1](=[#8:4])-[#8:2]-[#1].[#8:12]=[#15:11](-[#8:10]-[#1])(-[#8:13])-[#8:14]	Any;Any
EVODEX.2-Em232_0	Any	[#6:101]-[#6:50](=[#8:102])-[#16:1]-[#6:2]>>[#6:2]-[#16:1]-[#1].[#6:101]-[#6:50](=[#8:102])-[#6](-[#6](=[#8])-[#16])(-[#1])-[#1]	Any;Any
EVODEX.2-Em236_0	Any;Any	[#6:3]-[#6:1](=[#8:4])-[#7:20](-[#6:21])-[#1].[#8]=[#15](-[#8:2]-[#1])(-[#8])-[#8]>>[#6:3]-[#6:1](=[#8:4])-[#8:2]-[#1].[#7:20](-[#6:21])(-[#1])-[#1]	Any;Any
EVODEX.2-Em241_0	Any;Any	[#6]-[#16]-[#6:30](=[#8:32])-[#6:33].[#6:37]-[#7:31](-[#1])-[#1]>>[#6:33]-[#6:30](=[#8:32])-[#7:31](-[#6:37])-[#1]	Any
EVODEX.2-Em254_0	Any;Any	[#8]=[#15](-[#8])(-[#8])-[#8]-[#6:1](-[#8:3])(-[#6:4])-[#1:57].[#8]-[#15](=[#8])(-[#8:2]-[#1])-[#8]>>[#8:3]-[#6:1](-[#8:2]-[#1])(-[#6:4])-[#1:57]	Any
EVODEX.2-Em257_0	Any;Any	[#6:51]-[#6:49](=[#8:52])-[#16]-[#6].[#0:53]-[#8:50]-[#1]>>[#0:53]-[#8:50]-[#6:49](-[#6:51])=[#8:52]	Any
EVODEX.2-Em273_0	Any;Any	[#6:3]-[#6:1](-[#8]-[#1])(-[#6:4])-[#1:63].[#8]-[#15](=[#8])(-[#8])-[#8:2]-[#15:29](=[#8:30])(-[#8:31])-[#8:32]>>[#6:4]-[#6:1](-[#8:2]-[#15:29](=[#8:30])(-[#8:31])-[#8:32])(-[#6:3])-[#1:63]	Any
EVODEX.2-Em296_0	Any	[#6:3]-[#6:1](-[#8:13]-[#15:15](=[#8:16])(-[#8:17])-[#8:18])(-[#1:47])-[#1:48]>>[#6:3]-[#6:1](-[#8]-[#1])(-[#1:47])-[#1:48].[#8]-[#15](=[#8])(-[#8])-[#8:13]-[#15:15](=[#8:16])(-[#8:17])-[#8:18]	Any;Any
EVODEX.2-Em320_0	Any	[#8:3]=[#6:1](-[#8:39]-[#1])-[#6:4]>>[#8]-[#15](=[#8])(-[#8])-[#8]-[#6:1](=[#8:3])-[#6:4].[#8]=[#15](-[#8:39]-[#1])(-[#8])-[#8]	Any;Any
EVODEX.2-Em353_0	Any;Any	[#6:25]-[#6:24](=[#8:26])-[#8:2]-[#1].[#8:43]-[#15:42](=[#8:44])(-[#8:45])-[#8:32]-[#15:33](=[#8:34])(-[#8:35])-[#8:36]>>[#6]-[#6](-[#6])(-[#8:2]-[#6:24](=[#8:26])-[#6:25])-[#1].[#8:34]=[#15:33](-[#8:32]-[#1])(-[#8:35])-[#8:36].[#8:43]-[#15:42](=[#8:44])(-[#8]-[#1])-[#8:45]	Any;Any;Any
EVODEX.2-Em355_0	Any;Any	[#6]-[#6](-[#7:2](-[#1])-[#1])(-[#6](=[#8])-[#8])-[#1].[#6:3]-[#6:1](=[#8])-[#1:33]>>[#7:2](-[#6:1](-[#6:3])(-[#1:33])-[#1])(-[#1])-[#1]	Any
EVODEX.2-Em356_0	Any	[#6:3]-[#6:1](=[#8:12])-[#1:33]>>[#7](-[#6:1](-[#6:3])(-[#1:33])-[#1])(-[#1])-[#1].[#6]-[#6](=[#8:12])-[#6](=[#8])-[#8]	Any;Any
EVODEX.2-Em359_0	Any	[#6]-[#7](-[#6:1](=[#8:50])-[#6:51])-[#1]>>[#6]-[#16]-[#6:1](=[#8:50])-[#6:51]	Any
EVODEX.2-Em362_0	Any	[#6:31]-[#6:1](=[#8:32])-[#7:44](-[#6:45])-[#1]>>[#6]-[#16]-[#6:1](=[#8:32])-[#6:31].[#7:44](-[#6:45])(-[#1])-[#1]	Any;Any
EVODEX.2-Em371_0	Any;Any;Any	[#6:3]-[#6:1](-[#8]-[#1])(-[#6:4])-[#1:89].[#8:35]-[#15:34](=[#8:36])(-[#8:32]-[#1])-[#8:37].[#8:60]=[#15:33](-[#8:2]-[#1])(-[#8:61])-[#8:62]>>[#6:3]-[#6:1](-[#8:2]-[#1])(-[#6:4])-[#1:89].[#8:35]-[#15:34](=[#8:36])(-[#8:37])-[#8:32]-[#15:33](=[#8:60])(-[#8:61])-[#8:62]	Any;Any
EVODEX.2-Em379_0	Any	[#6:3]-[#6:1](-[#8:21]-[#15:23](=[#8:24])(-[#8:25])-[#8:26])(-[#8:4])-[#1:57]>>[#6:3]-[#6:1](-[#8]-[#1])(-[#8:4])-[#1:57].[#8]-[#15](=[#8])(-[#8])-[#8:21]-[#15:23](=[#8:24])(-[#8:25])-[#8:26]	Any;Any
EVODEX.2-Em396_0	Any;Any;Any	[#6:4]-[#6:1](-[#6:3])(-[#8:28]-[#1])-[#1:65].[#8:2](-[#1])-[#1].[#8:30]-[#15:29](=[#8:31])(-[#8:32])-[#8:23]-[#15:24](=[#8:25])(-[#8:26])-[#8:27]>>[#6:4]-[#6:1](-[#6:3])(-[#8:2]-[#1])-[#1:65].[#8:25]=[#15:24](-[#8:23]-[#1])(-[#8:26])-[#8:27].[#8:30]-[#15:29](=[#8:31])(-[#8:28]-[#1])-[#8:32]	Any;Any;Any
EVODEX.2-Em418_0	Any	[#6:3]-[#16:2]-[#6:52](=[#8:54])-[#6:55]>>[#6]-[#6](=[#8])-[#16:2]-[#6:3].[#8:54]=[#6:52](-[#8]-[#1])-[#6:55]	Any;Any
EVODEX.2-Em430_0	Any;Any	[#6:3]-[#6:1](-[#8]-[#1])(-[#1:82])-[#1:83].[#6:27]-[#8:2]-[#15](=[#8])(-[#8])-[#8]>>[#6:3]-[#6:1](-[#8:2]-[#6:27])(-[#1:82])-[#1:83]	Any
EVODEX.2-Em441_0	Any;Any	[#6:3]-[#16:2]-[#6](-[#6])=[#8].[#8:31]=[#6:1](-[#8]-[#1])-[#6:32]>>[#6:3]-[#16:2]-[#6:1](=[#8:31])-[#6:32]	Any
EVODEX.2-Em443_0	Any;Any	[#6:3]-[#6:1](-[#8]-[#6](=[#8])-[#6])(-[#1:95])-[#1:96].[#8:2](-[#1])-[#1]>>[#6:3]-[#6:1](-[#8:2]-[#1])(-[#1:95])-[#1:96]	Any
EVODEX.2-Em445_0	Any;Any	[#6:3]-[#16:2]-[#1].[#6:50]-[#6:1](=[#8:51])-[#8:58]-[#1]>>[#6:50]-[#6:1](=[#8:51])-[#16:2]-[#6:3].[#8]-[#15](=[#8])(-[#8:58]-[#1])-[#8]	Any;Any
EVODEX.2-Em449_0	Any	[#6:4]-[#6:1](-[#6:3])(-[#8:34]-[#15:36](=[#8:37])(-[#8:38])-[#8:39])-[#1:97]>>[#6:4]-[#6:1](-[#6:3])(-[#8]-[#1])-[#1:97].[#8:39]-[#15:36](=[#8:37])(-[#8:38])-[#8:34]-[#15](=[#8])(-[#8])-[#8]	Any;Any
EVODEX.2-Em455_0	Any;Any	[#8:13](-[#6:1](-[#6:3])(-[#1:46])-[#1:47])-[#1].[#8:42]=[#15:15](-[#8:2]-[#1])(-[#8:43])-[#8:44]>>[#8:2](-[#6:1](-[#6:3])(-[#1:46])-[#1:47])-[#1].[#8:13](-[#1])-[#1].[#8]-[#15](=[#8])(-[#8])-[#8]-[#15:15](=[#8:42])(-[#8:43])-[#8:44]	Any;Any;Any
EVODEX.2-Em456_0	Any;Any	[#8](-[#6:1](-[#6:3])(-[#1:46])-[#1:47])-[#1].[#8:42]=[#15:15](-[#8:2]-[#1])(-[#8:43])-[#8:44]>>[#8:2](-[#6:1](-[#6:3])(-[#1:46])-[#1:47])-[#1].[#8]-[#15](=[#8])(-[#8])-[#8]-[#15:15](=[#8:42])(-[#8:43])-[#8:44]	Any;Any
EVODEX.2-Em457_0	Any	[#6:50]-[#6:1](=[#8:51])-[#8:56]-[#6:57]>>[#6:50]-[#6:1](=[#8:51])-[#16]-[#6].[#6:57]-[#8:56]-[#1]	Any;Any
EVODEX.2-Em475_0	Any	[#6:4]-[#6:1](-[#6:3])(-[#8:77]-[#1])-[#1:115]>>[#6:4]-[#6:1](-[#6:3])(-[#8]-[#15](=[#8])(-[#8])-[#8])-[#1:115].[#8]=[#15](-[#8:77]-[#1])(-[#8])-[#8]	Any;Any
EVODEX.2-Em493_0	Any;Any	[#6:3]-[#6:1](=[#8:4])-[#8]-[#6].[#8]-[#15](=[#8])(-[#8:2]-[#1])-[#8]>>[#6:3]-[#6:1](=[#8:4])-[#8:2]-[#1]	Any
EVODEX.2-Em495_0	Any;Any	[#6:3]-[#6:1](-[#8]-[#1])(-[#1:109])-[#1:110].[#8:46]-[#15:45](=[#8:47])(-[#8:48])-[#8:2]-[#15](=[#8])(-[#8])-[#8]>>[#6:3]-[#6:1](-[#8:2]-[#15:45](=[#8:47])(-[#8:48])-[#8:46])(-[#1:109])-[#1:110]	Any
EVODEX.2-Em507_0	Any;Any;Any	[#6]-[#6](-[#6])(-[#8:24]-[#6:25](=[#8:26])-[#6:27])-[#1].[#8:35]-[#15:34](=[#8:36])(-[#8:32]-[#1])-[#8:37].[#8:56]=[#15:33](-[#8]-[#1])(-[#8:57])-[#8:58]>>[#6:27]-[#6:25](=[#8:26])-[#8:24]-[#1].[#8:35]-[#15:34](=[#8:36])(-[#8:37])-[#8:32]-[#15:33](=[#8:56])(-[#8:57])-[#8:58]	Any;Any
EVODEX.2-Em508_0	Any	[#6]-[#6](-[#6])(-[#8:24]-[#6:25](=[#8:26])-[#6:27])-[#1]>>[#6:27]-[#6:25](=[#8:26])-[#8:24]-[#1]	Any
EVODEX.2-Em525_0	Any	[#6:31]-[#6:1](=[#8:32])-[#8]-[#1]>>[#6]-[#16]-[#6:1](=[#8:32])-[#6:31]	Any
EVODEX.2-Em551_0	Any	[#7:2](-[#6:11](-[#6:13])(-[#1:35])-[#1])(-[#1])-[#1]>>[#7:2](-[#6](-[#6])(-[#6](=[#8])-[#8])-[#1])(-[#1])-[#1].[#6:13]-[#6:11](=[#8])-[#1:35]	Any;Any
EVODEX.2-Em596_0	Any	[#6:31]-[#6:1](=[#8:32])-[#8:41]-[#1]>>[#6]-[#16]-[#6:1](=[#8:32])-[#6:31].[#8:41](-[#1])-[#1]	Any;Any
EVODEX.2-Em142_0	Any	[#6:25]-[#6:24](=[#8:26])-[#8:2]-[#1]>>[#6]-[#6](-[#6])(-[#8:2]-[#6:24](=[#8:26])-[#6:25])-[#1]	Any
EVODEX.2-Em208_0	Any	[#6:8]-[#6:3](=[#8:9])-[#8:2]-[#1]>>[#6:8]-[#6:3](=[#8:9])-[#8]-[#6]-[#6](-[#8:2]-[#1])(-[#6])-[#1]	Any
EVODEX.2-Em1_0	Any	[#6:13]-[#6:1](-[#8:23]-[#1])(-[#6:7]-[#8:4]-[#15:3](=[#8:5])(-[#8:2]-[#1])-[#8:6])-[#1:33]>>[#6:13]-[#6:1]1(-[#8:2]-[#15:3](=[#8:5])(-[#8:6])-[#8:4]-[#6:7]-1)-[#1:33].[#8:23](-[#1])-[#1]	Any;Any
EVODEX.2-Em2_0	Any;Any	[#7:29]-[#6:28](=[#8:30])-[#6:22]1=[#6:27](-[#7:26](-[#6:31])-[#6:25](=[#6:24](-[#6:23]-1(-[#1:98])-[#1])-[#1:97])-[#1:96])-[#1:72].[#6:3]-[#6:1](=[#6:2](-[#6:13](=[#8:17])-[#6:10])-[#1:113])-[#6:4]>>[#6:3]-[#6:1](-[#6:2](-[#6:13](=[#8:17])-[#6:10])(-[#1:113])-[#1])(-[#6:4])-[#1].[#7:29]-[#6:28](=[#8:30])-[#6:22]1:[#6:23](:[#6:24](:[#6:25](:[#7&+:26](-[#6:31]):[#6:27]:1-[#1:72])-[#1:96])-[#1:97])-[#1:98]	Any;Any
EVODEX.2-Em3_0	Any;Any	[#6:47]-[#6:45](-[#7:52](-[#1])-[#1])(-[#6:48])-[#1].[#7:8]-[#6:7](=[#8:9])-[#6:1]1:[#6:6](:[#6:5](:[#6:4](:[#7&+:3](-[#6:10]):[#6:2]:1-[#1:93])-[#1:70])-[#1:69])-[#1:68]>>[#7:8]-[#6:7](=[#8:9])-[#6:1]1=[#6:2](-[#7:3](-[#6:10])-[#6:4](=[#6:5](-[#6:6]-1(-[#1:68])-[#1])-[#1:69])-[#1:70])-[#1:93].[#6:47]-[#6:45](=[#8])-[#6:48].[#7:52](-[#1])(-[#1])-[#1]	Any;Any;Any
EVODEX.2-Em4_0	Any;Any	[#6:47]-[#6:45](-[#7](-[#1])-[#1])(-[#6:48])-[#1].[#7:8]-[#6:7](=[#8:9])-[#6:1]1:[#6:6](:[#6:5](:[#6:4](:[#7&+:3](-[#6:10]):[#6:2]:1-[#1:93])-[#1:70])-[#1:69])-[#1:68]>>[#7:8]-[#6:7](=[#8:9])-[#6:1]1=[#6:2](-[#7:3](-[#6:10])-[#6:4](=[#6:5](-[#6:6]-1(-[#1:68])-[#1])-[#1:69])-[#1:70])-[#1:93].[#6:47]-[#6:45](=[#8])-[#6:48]	Any;Any
EVODEX.2-Em5_0	Any	[#6:47]-[#6:45](-[#7](-[#1])-[#1])(-[#6:48])-[#1]>>[#6:47]-[#6:45](=[#8])-[#6:48]	Any
EVODEX.2-Em6_0	Any;Any	[#6:51]-[#6:49](=[#8:52])-[#16:1]-[#6:2].[#7:67]-[#6:50](-[#6:68])(-[#6](=[#8])-[#8])-[#1:144]>>[#6:2]-[#16:1]-[#1].[#6:51]-[#6:49](=[#8:52])-[#6:50](-[#7:67])(-[#6:68])-[#1:144]	Any;Any
EVODEX.2-Em7_0	Any	[#16:4]-[#6:3](=[#8:5])-[#6:1](-[#6:2](-[#8]-[#1])(-[#6:53])-[#1:104])(-[#1:102])-[#1]>>[#16:4]-[#6:3](=[#8:5])-[#6:1](=[#6:2](-[#6:53])-[#1:104])-[#1:102]	Any
EVODEX.2-Em8_0	Any;Any	[#7:49](-[#6:51])(-[#1])-[#1].[#8:50]=[#8:60]>>[#6:51]-[#7:49](-[#8:50]-[#1])-[#1].[#8:60](-[#1])-[#1]	Any;Any
EVODEX.2-Em12_0	Any;Any	[#6:51]-[#6:49](=[#8:52])-[#16:1]-[#6:2].[#16:80]-[#6:79](=[#8:81])-[#6:50](-[#6](=[#8])-[#8])(-[#1:247])-[#1:248]>>[#6:2]-[#16:1]-[#1].[#6:51]-[#6:49](=[#8:52])-[#6:50](-[#6:79](=[#8:81])-[#16:80])(-[#1:247])-[#1:248]	Any;Any
EVODEX.2-Em13_0	Any;Any	[#6:51]-[#6:49](=[#8:52])-[#16]-[#6].[#16:80]-[#6:79](=[#8:81])-[#6:50](-[#6](=[#8])-[#8])(-[#1:247])-[#1:248]>>[#6:51]-[#6:49](=[#8:52])-[#6:50](-[#6:79](=[#8:81])-[#16:80])(-[#1:247])-[#1:248]	Any
EVODEX.2-Em14_0	Any;Any	[#6:27](-[#16&+](-[#6])-[#6])(-[#1:52])(-[#1:53])-[#1:54].[#6:35]-[#6:32]1:[#6:30](:[#6:29](-[#8:28]-[#1]):[#6:31](-[#8:33]):[#6:34](:[#6:36]:1-[#6:40])-[#1:88])-[#1:83]>>[#6:35]-[#6:32]1:[#6:30](:[#6:29](-[#8:28]-[#6:27](-[#1:52])(-[#1:53])-[#1:54]):[#6:31](-[#8:33]):[#6:34](:[#6:36]:1-[#6:40])-[#1:88])-[#1:83]	Any
EVODEX.2-Em15_0	Any;Any	[#6:3]-[#6:1](=[#8:4])-[#8:14]-[#1].[#8]=[#15](-[#8:2]-[#1])(-[#8])-[#8]>>[#6:3]-[#6:1](=[#8:4])-[#8:2]-[#1].[#8:14](-[#1])-[#1]	Any;Any
EVODEX.2-Em17_0	Any;Any	[#6:3]-[#6:2](=[#6:4](-[#6:5])-[#1:82])-[#6:1](-[#8:77]-[#1])(-[#1:98])-[#1:99].[#8:78](-[#1])-[#1]>>[#6:1](-[#6:2](-[#6:3])=[#6:4](-[#6:5])-[#1:82])(-[#1:98])(-[#1:99])-[#1].[#8:77]=[#8:78]	Any;Any
EVODEX.2-Em18_0	Any;Any	[#8:4](-[#6:5]-[#6:1](-[#8]-[#1])(-[#6:6])-[#1:20])-[#1].[#6:8]-[#6:3](=[#8:9])-[#8:2]-[#1]>>[#6:8]-[#6:3](=[#8:9])-[#8:4]-[#6:5]-[#6:1](-[#8:2]-[#1])(-[#6:6])-[#1:20]	Any
EVODEX.2-Em20_0	Any;Any	[#6:3]-[#6:1](-[#8:41]-[#1])(-[#6:4])-[#1:83].[#8:43]-[#15:42](=[#8:44])(-[#8:45])-[#8:2]-[#16:37](=[#8:38])(=[#8:39])-[#8:40]>>[#6:3]-[#6:1](-[#8:2]-[#16:37](=[#8:38])(=[#8:39])-[#8:40])(-[#6:4])-[#1:83].[#8:43]-[#15:42](=[#8:44])(-[#8:41]-[#1])-[#8:45]	Any;Any
EVODEX.2-Em21_0	Any;Any;Any	[#7:15](-[#6:1](-[#6:3])(-[#6:4](=[#8:6])-[#8:7])-[#1])(-[#1])-[#1].[#8:2](-[#1])-[#1].[#8:16]=[#8:17]>>[#8:6]=[#6:4](-[#8:7])-[#6:1](=[#8:2])-[#6:3].[#7:15](-[#1])(-[#1])-[#1].[#8:16](-[#8:17]-[#1])-[#1]	Any;Any;Any
EVODEX.2-Em22_0	Any	[#6:3]-[#6:1](-[#8:15]-[#15:16](=[#8:17])(-[#8:18])-[#8:19])(-[#1:28])-[#1:29]>>[#6:3]-[#6:1](-[#8]-[#1])(-[#1:28])-[#1:29].[#8:17]=[#15:16](-[#8:15]-[#1])(-[#8:18])-[#8:19]	Any;Any
EVODEX.2-Em24_0	Any	[#8:22]-[#15:21](=[#8:23])(-[#8:24])-[#8:2]-[#15:13](=[#8:14])(-[#8:15])-[#8:16]>>[#6]-[#6](-[#8:2]-[#15:13](=[#8:14])(-[#8:15])-[#8:16])(-[#1])-[#1].[#8:22]-[#15:21](=[#8:23])(-[#8]-[#1])-[#8:24]	Any;Any
EVODEX.2-Em26_0	Any	[#6:24]-[#8:2]-[#6:3](-[#8:14])(-[#6:15])-[#1:293]>>[#6:24]-[#8:2]-[#6](-[#8])(-[#6]-[#6]-[#8]-[#6:3](-[#8:14])(-[#6:15])-[#1:293])-[#1]	Any
EVODEX.2-Em27_0	Any;Any;Any	[#6:3]-[#16:2]-[#1].[#6:50]-[#6:1](=[#8:51])-[#1].[#7:73]-[#6:72](=[#8:74])-[#6:66]1:[#6:71](:[#6:70](:[#6:69](:[#7&+:68](-[#6:75]):[#6:67]:1-[#1:210])-[#1:186])-[#1:185])-[#1:184]>>[#6:50]-[#6:1](=[#8:51])-[#16:2]-[#6:3].[#7:73]-[#6:72](=[#8:74])-[#6:66]1=[#6:67](-[#7:68](-[#6:75])-[#6:69](=[#6:70](-[#6:71]-1(-[#1:184])-[#1])-[#1:185])-[#1:186])-[#1:210]	Any;Any
EVODEX.2-Em28_0	Any;Any;Any	[#6:2]-[#6:1](-[#8:68]-[#1])(-[#1:85])-[#1:86].[#7:31]-[#6:30](=[#8:32])-[#6:24]1:[#6:29](:[#6:28](:[#6:27](:[#7&+:26](-[#6:33]):[#6:25]:1-[#1:132])-[#1:109])-[#1:108])-[#1:107].[#8:69](-[#1])-[#1]>>[#6:2]-[#6:1](-[#1:85])(-[#1:86])-[#1].[#7:31]-[#6:30](=[#8:32])-[#6:24]1=[#6:25](-[#7:26](-[#6:33])-[#6:27](=[#6:28](-[#6:29]-1(-[#1:107])-[#1])-[#1:108])-[#1:109])-[#1:132].[#8:68]=[#8:69]	Any;Any;Any
EVODEX.2-Em29_0	Any;Any	[#6:2]-[#6:1](-[#8:68]-[#1])(-[#1:85])-[#1:86].[#7:31]-[#6:30](=[#8:32])-[#6:24]1:[#6:29](:[#6:28](:[#6:27](:[#7&+:26](-[#6:33]):[#6:25]:1-[#1:132])-[#1:109])-[#1:108])-[#1:107]>>[#6:2]-[#6:1](-[#1:85])(-[#1:86])-[#1].[#7:31]-[#6:30](=[#8:32])-[#6:24]1=[#6:25](-[#7:26](-[#6:33])-[#6:27](=[#6:28](-[#6:29]-1(-[#1:107])-[#1])-[#1:108])-[#1:109])-[#1:132].[#8:68]=[#8]	Any;Any;Any
EVODEX.2-Em30_0	Any;Any	[#6:3]-[#6:1](-[#7:12](-[#1])-[#1])(-[#1:23])-[#1].[#8:2](-[#1])-[#1]>>[#6:3]-[#6:1](=[#8:2])-[#1:23].[#7:12](-[#1])(-[#1])-[#1]	Any;Any
EVODEX.2-Em31_0	Any;Any	[#6:4]-[#16:3]-[#1].[#6:54]-[#6:52](-[#8:53]-[#1])(-[#6:1](-[#6:2](=[#8:51])-[#8]-[#1])(-[#1:108])-[#1:109])-[#6:55](=[#8:57])-[#8:58]>>[#6:1](-[#6:2](=[#8:51])-[#16:3]-[#6:4])(-[#1:108])(-[#1:109])-[#1].[#6:54]-[#6:52](=[#8:53])-[#6:55](=[#8:57])-[#8:58]	Any;Any
EVODEX.2-Em32_0	Any	[#6:54]-[#6:52](-[#8:53]-[#1])(-[#6](-[#6](=[#8])-[#8])(-[#1])-[#1])-[#6:55](=[#8:57])-[#8:58]>>[#6:54]-[#6:52](=[#8:53])-[#6:55](=[#8:57])-[#8:58]	Any
EVODEX.2-Em33_0	Any;Any	[#6:4]-[#16:3]-[#1].[#6:54]-[#6:52](-[#8:53]-[#1])(-[#6:1](-[#6:2](=[#8:51])-[#8:63]-[#1])(-[#1:108])-[#1:109])-[#6:55](=[#8:57])-[#8:58]>>[#6:1](-[#6:2](=[#8:51])-[#16:3]-[#6:4])(-[#1:108])(-[#1:109])-[#1].[#6:54]-[#6:52](=[#8:53])-[#6:55](=[#8:57])-[#8:58].[#8:63](-[#1])-[#1]	Any;Any;Any
EVODEX.2-Em35_0	Any;Any	[#6:27](-[#16&+:1](-[#6:2])-[#6:3])(-[#1:53])(-[#1:54])-[#1:55].[#6:30]-[#6:29](=[#8:31])-[#8:28]-[#1]>>[#6:3]-[#16:1]-[#6:2].[#6:30]-[#6:29](=[#8:31])-[#8:28]-[#6:27](-[#1:53])(-[#1:54])-[#1:55]	Any;Any
EVODEX.2-Em38_0	Any;Any;Any	[#7:18]-[#6:17](=[#8:19])-[#6:11]1=[#6:16](-[#7:15](-[#6:20])-[#6:14](=[#6:13](-[#6:12]-1(-[#1:83])-[#1])-[#1:82])-[#1:81])-[#1:58].[#6:3]-[#6:1](=[#8:55])-[#1:92].[#7:2](-[#1])(-[#1])-[#1]>>[#7:2](-[#6:1](-[#6:3])(-[#1:92])-[#1])(-[#1])-[#1].[#7:18]-[#6:17](=[#8:19])-[#6:11]1:[#6:12](:[#6:13](:[#6:14](:[#7&+:15](-[#6:20]):[#6:16]:1-[#1:58])-[#1:81])-[#1:82])-[#1:83].[#8:55](-[#1])-[#1]	Any;Any;Any
EVODEX.2-Em39_0	Any;Any	[#7:18]-[#6:17](=[#8:19])-[#6:11]1=[#6:16](-[#7:15](-[#6:20])-[#6:14](=[#6:13](-[#6:12]-1(-[#1:83])-[#1])-[#1:82])-[#1:81])-[#1:58].[#6:3]-[#6:1](=[#8:55])-[#1:92]>>[#7](-[#6:1](-[#6:3])(-[#1:92])-[#1])(-[#1])-[#1].[#7:18]-[#6:17](=[#8:19])-[#6:11]1:[#6:12](:[#6:13](:[#6:14](:[#7&+:15](-[#6:20]):[#6:16]:1-[#1:58])-[#1:81])-[#1:82])-[#1:83].[#8:55](-[#1])-[#1]	Any;Any;Any
EVODEX.2-Em40_0	Any;Any	[#7:18]-[#6:17](=[#8:19])-[#6:11]1=[#6:16](-[#7:15](-[#6:20])-[#6:14](=[#6:13](-[#6:12]-1(-[#1:83])-[#1])-[#1:82])-[#1:81])-[#1:58].[#6:3]-[#6:1](=[#8])-[#1:92]>>[#7](-[#6:1](-[#6:3])(-[#1:92])-[#1])(-[#1])-[#1].[#7:18]-[#6:17](=[#8:19])-[#6:11]1:[#6:12](:[#6:13](:[#6:14](:[#7&+:15](-[#6:20]):[#6:16]:1-[#1:58])-[#1:81])-[#1:82])-[#1:83]	Any;Any
EVODEX.2-Em41_0	Any	[#8:3]=[#6:1](-[#6:4])-[#1]>>[#8:3]=[#6:1](-[#8]-[#1])-[#6:4]	Any
EVODEX.2-Em42_0	Any;Any	[#6:20]-[#6:19](=[#6:18](-[#6:1](-[#6:2](=[#6:3](-[#6:6])-[#1:41])-[#1:40])(-[#1:38])-[#1])-[#1:37])-[#1:36].[#8:4]=[#8:5]>>[#6:20]-[#6:19](=[#6:18](-[#6:1](=[#6:2](-[#6:3](-[#6:6])(-[#8:4]-[#8:5]-[#1])-[#1:41])-[#1:40])-[#1:38])-[#1:37])-[#1:36]	Any
EVODEX.2-Em43_0	Any	[#6:20]-[#6:19](=[#6:18](-[#6:1](-[#6:2](=[#6:3](-[#6:6])-[#1:41])-[#1:40])(-[#1:38])-[#1])-[#1:37])-[#1:36]>>[#6:20]-[#6:19](=[#6:18](-[#6:1](=[#6:2](-[#6:3](-[#6:6])(-[#8]-[#8])-[#1:41])-[#1:40])-[#1:38])-[#1:37])-[#1:36]	Any
EVODEX.2-Em44_0	Any;Any;Any	[#6:2]-[#6:1](-[#8:21]-[#1])(-[#6:3])-[#1:29].[#8:14]=[#6:11](-[#8:22]-[#1])-[#6:15].[#8:13]=[#6:12]=[#8:20]>>[#6:2]-[#6:1](-[#6:3])(-[#1:29])-[#1].[#6:15]-[#6:11](=[#8:14])-[#6:12](=[#8:20])-[#8:13]-[#1].[#8:21]=[#8:22]	Any;Any;Any
EVODEX.2-Em45_0	Any;Any	[#6:3]-[#16:2]-[#6:4].[#6:1](-[#8:28]-[#6:29])(-[#1:60])(-[#1:61])-[#1:62]>>[#6:1](-[#16&+:2](-[#6:4])-[#6:3])(-[#1:60])(-[#1:61])-[#1:62].[#8:28](-[#6:29])-[#1]	Any;Any
EVODEX.2-Em46_0	Any	[#6](-[#8:28]-[#6:29])(-[#1])(-[#1])-[#1]>>[#8:28](-[#6:29])-[#1]	Any
EVODEX.2-Em47_0	Any	[#7]-[#6](=[#8])-[#7:5](-[#6:6])-[#1]>>[#7:5](-[#6:6])(-[#1])-[#1]	Any
EVODEX.2-Em48_0	Any;Any	[#7](-[#6:1](=[#8:3])-[#7:5](-[#6:6])-[#1])(-[#1])-[#1].[#8:2](-[#1])-[#1]>>[#8:2]=[#6:1]=[#8:3].[#7:5](-[#6:6])(-[#1])-[#1]	Any;Any
EVODEX.2-Em49_0	Any	[#7](-[#6:1](=[#8:3])-[#7:5](-[#6:6])-[#1])(-[#1])-[#1]>>[#8]=[#6:1]=[#8:3].[#7:5](-[#6:6])(-[#1])-[#1]	Any;Any
EVODEX.2-Em50_0	Any	[#7:4](-[#6](=[#8])-[#7:5](-[#6:6])-[#1])(-[#1])-[#1]>>[#7:4](-[#1])(-[#1])-[#1].[#7:5](-[#6:6])(-[#1])-[#1]	Any;Any
EVODEX.2-Em51_0	Any;Any	[#6:27](-[#16&+](-[#6])-[#6])(-[#1:50])(-[#1:51])-[#1:52].[#6:29]-[#8:28]-[#1]>>[#6:29]-[#8:28]-[#6:27](-[#1:50])(-[#1:51])-[#1:52]	Any
EVODEX.2-Em52_0	Any;Any	[#8:3]-[#6:1](-[#8:2]-[#1])(-[#6:4])-[#1].[#8:35]=[#8:36]>>[#8:2]=[#6:1](-[#8:3])-[#6:4].[#8:35](-[#8:36]-[#1])-[#1]	Any;Any
EVODEX.2-Em53_0	Any	[#6:2]-[#6:1](-[#8]-[#1])(-[#1:63])-[#1:64]>>[#6:1](-[#6:2])(-[#1:63])(-[#1:64])-[#1]	Any
EVODEX.2-Em54_0	Any;Any	[#6:2]-[#6:1](-[#8:54]-[#1])(-[#1:63])-[#1:64].[#8:55](-[#1])-[#1]>>[#6:1](-[#6:2])(-[#1:63])(-[#1:64])-[#1].[#8:54]=[#8:55]	Any;Any
EVODEX.2-Em55_0	Any;Any;Any	[#6:4]-[#6:1](=[#8:5])-[#6:3](-[#6:9])(-[#1:73])-[#1:74].[#7:27]-[#6:26](=[#8:28])-[#6:20]1=[#6:25](-[#7:24](-[#6:29])-[#6:23](=[#6:22](-[#6:21]-1(-[#1:117])-[#1])-[#1:116])-[#1:115])-[#1:91].[#8:68]=[#8:2]>>[#6:4]-[#6:1](=[#8:5])-[#8:2]-[#6:3](-[#6:9])(-[#1:73])-[#1:74].[#7:27]-[#6:26](=[#8:28])-[#6:20]1:[#6:21](:[#6:22](:[#6:23](:[#7&+:24](-[#6:29]):[#6:25]:1-[#1:91])-[#1:115])-[#1:116])-[#1:117].[#8:68](-[#1])-[#1]	Any;Any;Any
EVODEX.2-Em56_0	Any;Any;Any	[#6:4]-[#6:1](=[#8:5])-[#6:3](-[#6:9])(-[#1:73])-[#1:74].[#7:27]-[#6:26](=[#8:28])-[#6:20]1=[#6:25](-[#7:24](-[#6:29])-[#6:23](=[#6:22](-[#6:21]-1(-[#1:117])-[#1])-[#1:116])-[#1:115])-[#1:91].[#8]=[#8:2]>>[#6:4]-[#6:1](=[#8:5])-[#8:2]-[#6:3](-[#6:9])(-[#1:73])-[#1:74].[#7:27]-[#6:26](=[#8:28])-[#6:20]1:[#6:21](:[#6:22](:[#6:23](:[#7&+:24](-[#6:29]):[#6:25]:1-[#1:91])-[#1:115])-[#1:116])-[#1:117]	Any;Any
EVODEX.2-Em57_0	Any;Any	[#6:4]-[#6:1](=[#8:5])-[#6:3](-[#6:9])(-[#1:73])-[#1:74].[#8]=[#8:2]>>[#6:4]-[#6:1](=[#8:5])-[#8:2]-[#6:3](-[#6:9])(-[#1:73])-[#1:74]	Any
EVODEX.2-Em60_0	Any;Any;Any	[#6:3]-[#6:1](=[#8])-[#6:4](=[#8:6])-[#8:7].[#7:2](-[#1])(-[#1])-[#1].[#8:14](-[#8:15]-[#1])-[#1]>>[#6:3]-[#6:1](-[#7:2](-[#1])-[#1])(-[#6:4](=[#8:6])-[#8:7])-[#1].[#8:14]=[#8:15]	Any;Any
EVODEX.2-Em61_0	Any;Any	[#6:3]-[#6:1](=[#8])-[#6:4](=[#8:6])-[#8:7].[#7:2](-[#1])(-[#1])-[#1]>>[#6:3]-[#6:1](-[#7:2](-[#1])-[#1])(-[#6:4](=[#8:6])-[#8:7])-[#1]	Any
EVODEX.2-Em62_0	Any;Any	[#6:3]-[#6:1](-[#8:81]-[#6:82])(-[#6:4])-[#1:116].[#8:2](-[#1])-[#1]>>[#6:3]-[#6:1](-[#8:2]-[#1])(-[#6:4])-[#1:116].[#6:82]-[#8:81]-[#1]	Any;Any
EVODEX.2-Em64_0	Any;Any	[#8:3]-[#6:1](-[#8]-[#1])(-[#6:4])-[#1:39].[#7:30]-[#6:28]1:[#7:29]:[#6:27](:[#7:24]:[#6:22]2:[#7:2](:[#6:23](:[#7:26]:[#6:25]:1:2)-[#1:49])-[#1])-[#1:47]>>[#7:30]-[#6:28]1:[#7:29]:[#6:27](:[#7:24]:[#6:22]2:[#6:25]:1:[#7:26]:[#6:23](:[#7:2]:2-[#6:1](-[#6:4])(-[#8:3])-[#1:39])-[#1:49])-[#1:47]	Any
EVODEX.2-Em66_0	Any;Any	[#6:3]-[#6:1](-[#8:41]-[#1])(-[#1:74])-[#1:75].[#8:43]-[#15:42](=[#8:44])(-[#8:45])-[#8:36]-[#15:37](=[#8:38])(-[#8:39])-[#8:40]>>[#6:3]-[#6:1](-[#8]-[#1])(-[#1:74])-[#1:75].[#8:38]=[#15:37](-[#8:36]-[#1])(-[#8:39])-[#8:40].[#8:43]-[#15:42](=[#8:44])(-[#8:41]-[#1])-[#8:45]	Any;Any;Any
EVODEX.2-Em67_0	Any;Any	[#6:4]-[#6:1](-[#6:3])(-[#8:24]-[#6:25](=[#8:26])-[#6:27])-[#1:74].[#8]=[#15](-[#8:2]-[#1])(-[#8])-[#8]>>[#6:4]-[#6:1](-[#6:3])(-[#8:2]-[#1])-[#1:74].[#8:26]=[#6:25](-[#8:24]-[#1])-[#6:27]	Any;Any
EVODEX.2-Em68_0	Any;Any	[#6:2]-[#6:1](-[#8]-[#1])(-[#6:3])-[#1:52].[#8:26]=[#6:25]=[#8:33]>>[#6:2]-[#6:1](-[#6:3])(-[#1:52])-[#1].[#6]-[#6](=[#8])-[#6:25](=[#8:33])-[#8:26]-[#1]	Any;Any
EVODEX.2-Em69_0	Any	[#6:6]-[#6:5](=[#6:4](-[#6:3](=[#6:2](-[#6:1](-[#6:17])(-[#8]-[#8])-[#1:52])-[#1:51])-[#1:50])-[#1:49])-[#1:48]>>[#6:6]-[#6:5](=[#6:4](-[#6:3](-[#6:2](=[#6:1](-[#6:17])-[#1:52])-[#1:51])(-[#1:50])-[#1])-[#1:49])-[#1:48]	Any
EVODEX.2-Em70_0	Any;Any	[#6:4]-[#6:2]1(-[#6:5]-[#8:9]-[#15:13](=[#8:18])(-[#8:19])-[#8:1]-1)-[#1:31].[#8:3](-[#1])-[#1]>>[#6:4]-[#6:2](-[#6:5]-[#8:9]-[#15:13](=[#8:18])(-[#8:1]-[#1])-[#8:19])(-[#8:3]-[#1])-[#1:31]	Any
EVODEX.2-Em71_0	Any	[#6:5]1-[#8:9]-[#15:11](=[#8:13])(-[#8:14])-[#8:1]-[#6:2]-1(-[#6:4])-[#1:26]>>[#6:5](-[#8:9]-[#15:11](=[#8:13])(-[#8:1]-[#1])-[#8:14])-[#6:2](-[#8]-[#1])(-[#6:4])-[#1:26]	Any
EVODEX.2-Em73_0	Any;Any	[#6:49](-[#6:51](=[#8:52])-[#16:53])(-[#1:123])(-[#1:124])-[#1].[#6:101]-[#6:50](=[#8:102])-[#16:1]-[#6:2]>>[#6:2]-[#16:1]-[#1].[#6:101]-[#6:50](=[#8:102])-[#6:49](-[#6:51](=[#8:52])-[#16:53])(-[#1:123])-[#1:124]	Any;Any
EVODEX.2-Em75_0	Any;Any	[#6:3]-[#6:1](-[#8:37]-[#16:39](=[#8:40])(=[#8:41])-[#8:42])(-[#6:4])-[#1:83].[#8:43]-[#15:38](=[#8:44])(-[#8:2]-[#1])-[#8:45]>>[#6:3]-[#6:1](-[#8:2]-[#1])(-[#6:4])-[#1:83].[#8:43]-[#15:38](=[#8:44])(-[#8:45])-[#8:37]-[#16:39](=[#8:40])(=[#8:41])-[#8:42]	Any;Any
EVODEX.2-Em76_0	Any;Any	[#6:3]-[#6:1](-[#8]-[#16](=[#8])(=[#8])-[#8])(-[#6:4])-[#1:83].[#8]-[#15](=[#8])(-[#8:2]-[#1])-[#8]>>[#6:3]-[#6:1](-[#8:2]-[#1])(-[#6:4])-[#1:83]	Any
EVODEX.2-Em79_0	Any	[#6:24]-[#8:2]-[#6:3](-[#8:14])(-[#6:15])-[#1:183]>>([#6:24]-[#8:2]-[#6](-[#8])(-[#6])-[#1].[#6]-[#8]-[#6:3](-[#8:14])(-[#6:15])-[#1:183])	Any
EVODEX.2-Em80_0	Any	[#6:3]-[#6:1](-[#8:53]-[#1])(-[#1:100])-[#1:101]>>[#6:3]-[#6:1](-[#8]-[#15](=[#8])(-[#8])-[#8])(-[#1:100])-[#1:101].[#8]-[#15](=[#8])(-[#8:53]-[#1])-[#8]	Any;Any
EVODEX.2-Em82_0	Any;Any	[#7:18]-[#6:17](=[#8:19])-[#6:11]1=[#6:16](-[#7:15](-[#6:20])-[#6:14](=[#6:13](-[#6:12]-1(-[#1:87])-[#1])-[#1:86])-[#1:85])-[#1:61].[#8:2]=[#6:1](-[#8:3])-[#6:4]>>[#8:3]-[#6:1](-[#8:2]-[#1])(-[#6:4])-[#1].[#7:18]-[#6:17](=[#8:19])-[#6:11]1:[#6:12](:[#6:13](:[#6:14](:[#7&+:15](-[#6:20]):[#6:16]:1-[#1:61])-[#1:85])-[#1:86])-[#1:87]	Any;Any
EVODEX.2-Em83_0	Any	[#8:2]=[#6:1](-[#8:3])-[#6:4]>>[#8:3]-[#6:1](-[#8:2]-[#1])(-[#6:4])-[#1]	Any
EVODEX.2-Em84_0	Any	[#6:16]-[#6:14](-[#7](-[#1])-[#1])(-[#6:17](=[#8:19])-[#8:20])-[#1]>>[#6:16]-[#6:14](=[#8])-[#6:17](=[#8:19])-[#8:20]	Any
EVODEX.2-Em87_0	Any;Any	[#6:3]-[#6:1](-[#8]-[#1])(-[#1:27])-[#1:28].[#8:9]-[#15:8](=[#8:10])(-[#8:2]-[#1])-[#8:11]>>[#6:3]-[#6:1](-[#8:2]-[#15:8](=[#8:10])(-[#8:11])-[#8:9])(-[#1:27])-[#1:28]	Any
EVODEX.2-Em88_0	Any;Any	[#6:7]-[#7:6](-[#6:1](-[#6:3])(-[#1:41])-[#1])-[#1].[#8:19]=[#8:20]>>[#6:3]-[#6:1](=[#8])-[#1:41].[#6:7]-[#7:6](-[#1])-[#1].[#8:19](-[#8:20]-[#1])-[#1]	Any;Any;Any
EVODEX.2-Em89_0	Any	[#8:49]=[#6:47](-[#8:50])-[#6:45](-[#8:46]-[#1])(-[#6:48])-[#1]>>[#8:49]=[#6:47](-[#8:50])-[#6:45](=[#8:46])-[#6:48]	Any
EVODEX.2-Em92_0	Any;Any	[#6:5]-[#7:1](-[#1])-[#1].[#7:3](-[#1])(-[#1])-[#1]>>[#6:5]-[#7:1](-[#6](-[#7:3](-[#1])-[#1])=[#8])-[#1]	Any
EVODEX.2-Em93_0	Any;Any	[#6:50]-[#6:1](=[#8:51])-[#1].[#7:62]-[#6:61](=[#8:63])-[#6:55]1:[#6:60](:[#6:59](:[#6:58](:[#7&+:57](-[#6:64]):[#6:56]:1-[#1:172])-[#1:149])-[#1:148])-[#1:147]>>[#6:50]-[#6:1](=[#8:51])-[#16]-[#6].[#7:62]-[#6:61](=[#8:63])-[#6:55]1=[#6:56](-[#7:57](-[#6:64])-[#6:58](=[#6:59](-[#6:60]-1(-[#1:147])-[#1])-[#1:148])-[#1:149])-[#1:172]	Any;Any
EVODEX.2-Em94_0	Any	([#6:3]-[#8:2]-[#1].[#6:10]-[#6:1](=[#8:28])-[#8]-[#1])>>[#6:3]-[#8:2]-[#6:1](-[#6:10])=[#8:28]	Any
EVODEX.2-Em95_0	Any;Any	[#6:27](-[#16&+:1](-[#6:2])-[#6:3])(-[#1:53])(-[#1:54])-[#1:55].[#6:29]-[#8:28]-[#1]>>[#6:3]-[#16:1]-[#6:2].[#6:29]-[#8:28]-[#6:27](-[#1:53])(-[#1:54])-[#1:55]	Any;Any
EVODEX.2-Em96_0	Any	[#6:29]-[#8:28]-[#1]>>[#6:29]-[#8:28]-[#6](-[#1])(-[#1])-[#1]	Any
EVODEX.2-Em97_0	Any	[#6](-[#7:55](-[#6](-[#1])(-[#1])-[#1])-[#6:56])(-[#1])(-[#1])-[#1]>>[#7:55](-[#6:56])(-[#1])-[#1]	Any
EVODEX.2-Em98_0	Any	[#6:3]-[#6:1](-[#8:20]-[#1])(-[#1:27])-[#1:28]>>[#6:3]-[#6:1](-[#8]-[#15](=[#8])(-[#8])-[#8])(-[#1:27])-[#1:28].[#8:20](-[#1])-[#1]	Any;Any
EVODEX.2-Em100_0	Any	[#6:3]-[#6:1](-[#8:24]-[#1])(-[#1:60])-[#1:61]>>[#6:3]-[#6:1](-[#8]-[#1])(-[#1:60])-[#1:61].[#8]-[#15](=[#8])(-[#8:24]-[#1])-[#8]	Any;Any
EVODEX.2-Em101_0	Any;Any	[#6:3]-[#6:1](-[#8:24]-[#1])(-[#1:60])-[#1:61].[#8:2](-[#1])-[#1]>>[#6:3]-[#6:1](-[#8:2]-[#1])(-[#1:60])-[#1:61].[#8]-[#15](=[#8])(-[#8:24]-[#1])-[#8]	Any;Any
EVODEX.2-Em102_0	Any;Any	[#6:3]-[#16:2]-[#1].[#6:50]-[#6:1](=[#8:51])-[#6:80](-[#6:83](=[#8:84])-[#16:85])(-[#1:221])-[#1:222]>>[#6:50]-[#6:1](=[#8:51])-[#16:2]-[#6:3].[#16:85]-[#6:83](=[#8:84])-[#6:80](-[#6](=[#8])-[#8])(-[#1:221])-[#1:222]	Any;Any
EVODEX.2-Em103_0	Any;Any	[#6:2]-[#6:1](-[#8]-[#1])(-[#6:3](=[#8:6])-[#16:7])-[#1:89].[#8:63]=[#6:60](-[#8]-[#1])-[#6:64]>>[#6:2]-[#6:1](-[#6:3](=[#8:6])-[#16:7])(-[#1:89])-[#1].[#6:64]-[#6:60](=[#8:63])-[#6](=[#8])-[#8]	Any;Any
EVODEX.2-Em104_0	Any	[#6:4]-[#6:1](-[#6:3])=[#8:2]>>[#6:4]-[#6:1](-[#6:3])(-[#8:2]-[#1])-[#1]	Any
EVODEX.2-Em105_0	Any;Any	[#8:2]=[#6:1](-[#6:3])-[#6:4].[#8:32](-[#8:33]-[#1])-[#1]>>[#6:3]-[#6:1](-[#8:2]-[#1])(-[#6:4])-[#1].[#8:32]=[#8:33]	Any;Any
EVODEX.2-Em106_0	Any;Any	[#8:42]=[#15:41](-[#8:43])(-[#8:44])-[#8:39]-[#6:1](-[#8:3])(-[#6:4])-[#1:50].[#8:14]-[#15:13](=[#8:15])(-[#8:16])-[#8:2]-[#15:40](=[#8:45])(-[#8:46])-[#8:47]>>[#8:14]-[#15:13](=[#8:15])(-[#8:16])-[#8:2]-[#6:1](-[#8:3])(-[#6:4])-[#1:50].[#8:42]=[#15:41](-[#8:43])(-[#8:44])-[#8:39]-[#15:40](=[#8:45])(-[#8:46])-[#8:47]	Any;Any
EVODEX.2-Em107_0	Any	[#6:3](-[#8:2]-[#1])-[#6:1](-[#8]-[#1])(-[#6:12])-[#1:40]>>[#6:3]1-[#8:2]-[#6:1]-1(-[#6:12])-[#1:40]	Any
EVODEX.2-Em110_0	Any;Any	[#6:3]-[#6:1](-[#8]-[#1])(-[#1:33])-[#1:34].[#8:15]=[#16:14](=[#8:16])(-[#8:2]-[#1])-[#8:17]>>[#6:3]-[#6:1](-[#8:2]-[#16:14](=[#8:15])(=[#8:16])-[#8:17])(-[#1:33])-[#1:34]	Any
EVODEX.2-Em111_0	Any;Any;Any	[#6:3]-[#6:1](-[#6:4](=[#8:6])-[#16:7])(-[#1:95])-[#1].[#6]-[#6](=[#8])-[#6:71](=[#8:73])-[#8:72]-[#1].[#8:2]=[#8]>>[#6:3]-[#6:1](-[#8:2]-[#1])(-[#6:4](=[#8:6])-[#16:7])-[#1:95].[#8:72]=[#6:71]=[#8:73]	Any;Any
EVODEX.2-Em112_0	Any;Any	[#6:3]-[#6:1](-[#6:4](=[#8:6])-[#16:7])(-[#1:95])-[#1].[#6:65]-[#6:63](=[#8:66])-[#6](=[#8])-[#8]>>[#6:3]-[#6:1](-[#8]-[#1])(-[#6:4](=[#8:6])-[#16:7])-[#1:95].[#8:66]=[#6:63](-[#8]-[#1])-[#6:65]	Any;Any
EVODEX.2-Em113_0	Any;Any;Any	[#6:3]-[#6:1](=[#8:4])-[#1].[#7:19]-[#6:18](=[#8:20])-[#6:12]1:[#6:17](:[#6:16](:[#6:15](:[#7&+:14](-[#6:21]):[#6:13]:1-[#1:93])-[#1:70])-[#1:69])-[#1:68].[#8:2](-[#1])-[#1]>>[#6:3]-[#6:1](=[#8:4])-[#8:2]-[#1].[#7:19]-[#6:18](=[#8:20])-[#6:12]1=[#6:13](-[#7:14](-[#6:21])-[#6:15](=[#6:16](-[#6:17]-1(-[#1:68])-[#1])-[#1:69])-[#1:70])-[#1:93]	Any;Any
EVODEX.2-Em114_0	Any	[#6:3]-[#6:1](=[#8:4])-[#8:12]-[#1]>>[#6:3]-[#6:1](-[#7](-[#1])-[#1])=[#8:4].[#8:12](-[#1])-[#1]	Any;Any
EVODEX.2-Em115_0	Any	[#6:47]-[#6:45](-[#8:69]-[#1])(-[#1:86])-[#1]>>[#6:47]-[#6:45](=[#8])-[#1:86].[#8:69](-[#1])-[#1]	Any;Any
EVODEX.2-Em116_0	Any;Any	[#6:7]-[#8:5]-[#1].[#8:13]-[#15:6](=[#8:14])(-[#8:15])-[#8:1]-[#6:2]>>[#6:2]-[#8:1]-[#1].[#8:13]-[#15:6](=[#8:14])(-[#8:15])-[#8:5]-[#6:7]	Any;Any
EVODEX.2-Em117_0	Any;Any	[#6:54]-[#6:2](=[#6:1](-[#6:4](=[#8:5])-[#16:6])-[#1:81])-[#1:80].[#8:3](-[#1])-[#1]>>[#6:54]-[#6:2](-[#8:3]-[#1])(-[#6:1](-[#6:4](=[#8:5])-[#16:6])(-[#1:81])-[#1])-[#1:80]	Any
EVODEX.2-Em118_0	Any;Any	[#6:3]-[#16:2]-[#1].[#6:50]-[#6:1](=[#8:51])-[#1]>>[#6:50]-[#6:1](=[#8:51])-[#16:2]-[#6:3]	Any
EVODEX.2-Em119_0	Any;Any;Any	[#8:3]=[#6:1](-[#6:4])-[#8:56]-[#6:2](-[#6:6])(-[#1:63])-[#1:64].[#7:14]-[#6:13](=[#8:15])-[#6:7]1:[#6:12](:[#6:11](:[#6:10](:[#7&+:9](-[#6:16]):[#6:8]:1-[#1:93])-[#1:69])-[#1:68])-[#1:67].[#8:55](-[#1])-[#1]>>[#8:3]=[#6:1](-[#6:4])-[#6:2](-[#6:6])(-[#1:63])-[#1:64].[#7:14]-[#6:13](=[#8:15])-[#6:7]1=[#6:8](-[#7:9](-[#6:16])-[#6:10](=[#6:11](-[#6:12]-1(-[#1:67])-[#1])-[#1:68])-[#1:69])-[#1:93].[#8:55]=[#8:56]	Any;Any;Any
EVODEX.2-Em120_0	Any	[#8:3]=[#6:1](-[#6:4])-[#8]-[#6:2](-[#6:6])(-[#1:63])-[#1:64]>>[#8:3]=[#6:1](-[#6:4])-[#6:2](-[#6:6])(-[#1:63])-[#1:64]	Any
EVODEX.2-Em121_0	Any;Any	[#8:3]=[#6:1](-[#6:4])-[#8:56]-[#6:2](-[#6:6])(-[#1:63])-[#1:64].[#8:55](-[#1])-[#1]>>[#8:3]=[#6:1](-[#6:4])-[#6:2](-[#6:6])(-[#1:63])-[#1:64].[#8:55]=[#8:56]	Any;Any
EVODEX.2-Em122_0	Any	[#8:3]=[#6:1](-[#6:4])-[#8:56]-[#6:2](-[#6:6])(-[#1:63])-[#1:64]>>[#8:3]=[#6:1](-[#6:4])-[#6:2](-[#6:6])(-[#1:63])-[#1:64].[#8]=[#8:56]	Any;Any
EVODEX.2-Em123_0	Any;Any	[#8:3]=[#6:1](-[#6:4])-[#8:56]-[#6:2](-[#6:6])(-[#1:63])-[#1:64].[#7:14]-[#6:13](=[#8:15])-[#6:7]1:[#6:12](:[#6:11](:[#6:10](:[#7&+:9](-[#6:16]):[#6:8]:1-[#1:93])-[#1:69])-[#1:68])-[#1:67]>>[#8:3]=[#6:1](-[#6:4])-[#6:2](-[#6:6])(-[#1:63])-[#1:64].[#7:14]-[#6:13](=[#8:15])-[#6:7]1=[#6:8](-[#7:9](-[#6:16])-[#6:10](=[#6:11](-[#6:12]-1(-[#1:67])-[#1])-[#1:68])-[#1:69])-[#1:93].[#8]=[#8:56]	Any;Any;Any
EVODEX.2-Em126_0	Any	[#6:6]-[#6:5](=[#6:4](-[#6:3](=[#6:2](-[#6:1](-[#6:11])(-[#8:23]-[#8:24]-[#1])-[#1:40])-[#1:39])-[#1:38])-[#1:37])-[#1:36]>>[#6:6]-[#6:5](=[#6:4](-[#6:3](-[#6:2](=[#6:1](-[#6:11])-[#1:40])-[#1:39])(-[#1:38])-[#1])-[#1:37])-[#1:36].[#8:23]=[#8:24]	Any;Any
EVODEX.2-Em127_0	Any;Any	[#6:54]-[#16:53]-[#1].[#6:101]-[#6:52](=[#8:102])-[#6:1](-[#6:2](=[#8:3])-[#16:4])(-[#1:188])-[#1:189]>>[#6:1](-[#6:2](=[#8:3])-[#16:4])(-[#1:188])(-[#1:189])-[#1].[#6:101]-[#6:52](=[#8:102])-[#16:53]-[#6:54]	Any;Any
EVODEX.2-Em128_0	Any	[#8:13]-[#15:12](=[#8:14])(-[#8:15])-[#8:11]-[#15:4](=[#8:9])(-[#8:3]-[#1])-[#8:10]>>[#6](=[#6](-[#8:3]-[#15:4](=[#8:9])(-[#8]-[#1])-[#8:10])-[#6](=[#8])-[#8])(-[#1])-[#1].[#8:13]-[#15:12](=[#8:14])(-[#8:11]-[#1])-[#8:15]	Any;Any
EVODEX.2-Em129_0	Any	[#6:30]-[#6:29](=[#8:31])-[#8:28]-[#6](-[#1])(-[#1])-[#1]>>[#6:30]-[#6:29](=[#8:31])-[#8:28]-[#1]	Any
EVODEX.2-Em131_0	Any;Any	[#6:4]-[#6:1](-[#6:3])(-[#8]-[#1])-[#1:78].[#6:25]-[#6:24](=[#8:26])-[#8:2]-[#1]>>[#6:4]-[#6:1](-[#6:3])(-[#8:2]-[#6:24](=[#8:26])-[#6:25])-[#1:78]	Any
EVODEX.2-Em132_0	Any;Any	[#6:4]-[#6:1](-[#6:3])(-[#8:44]-[#1])-[#1:78].[#6:25]-[#6:24](=[#8:26])-[#8:2]-[#1]>>[#6:4]-[#6:1](-[#6:3])(-[#8:2]-[#6:24](=[#8:26])-[#6:25])-[#1:78].[#8]-[#15](=[#8])(-[#8:44]-[#1])-[#8]	Any;Any
EVODEX.2-Em133_0	Any;Any	[#6:3]-[#6:1](-[#8]-[#6:2](-[#6:7])=[#8:8])(-[#1:68])-[#1:69].[#7:16]-[#6:15](=[#8:17])-[#6:9]1:[#6:14](:[#6:13](:[#6:12](:[#7&+:11](-[#6:18]):[#6:10]:1-[#1:101])-[#1:77])-[#1:76])-[#1:75]>>[#6:3]-[#6:1](-[#6:2](-[#6:7])=[#8:8])(-[#1:68])-[#1:69].[#7:16]-[#6:15](=[#8:17])-[#6:9]1=[#6:10](-[#7:11](-[#6:18])-[#6:12](=[#6:13](-[#6:14]-1(-[#1:75])-[#1])-[#1:76])-[#1:77])-[#1:101]	Any;Any
EVODEX.2-Em134_0	Any;Any	[#6:3]-[#6:1](=[#8:11])-[#6:4](=[#8:6])-[#8:7].[#8:12](-[#8:13]-[#1])-[#1]>>[#6:3]-[#6:1](-[#7](-[#1])-[#1])(-[#6:4](=[#8:6])-[#8:7])-[#1].[#8:11](-[#1])-[#1].[#8:12]=[#8:13]	Any;Any;Any
EVODEX.2-Em135_0	Any;Any	[#6:3]-[#6:1](=[#8:11])-[#6:4](=[#8:6])-[#8:7].[#7:2](-[#1])(-[#1])-[#1]>>[#6:3]-[#6:1](-[#7:2](-[#1])-[#1])(-[#6:4](=[#8:6])-[#8:7])-[#1].[#8:11](-[#1])-[#1]	Any;Any
EVODEX.2-Em136_0	Any;Any	[#0:3]-[#6:1](=[#8:4])-[#8:28]-[#6:29].[#6:5]-[#8:2]-[#1]>>[#6:5]-[#8:2]-[#6:1](-[#0:3])=[#8:4].[#6:29]-[#8:28]-[#1]	Any;Any
EVODEX.2-Em137_0	Any;Any	[#6:3]-[#6:1](-[#8:47]-[#15:48](=[#8:49])(-[#8:50])-[#8:51])(-[#1:121])-[#1:122].[#8:2](-[#1])-[#1]>>[#6:3]-[#6:1](-[#8:2]-[#1])(-[#1:121])-[#1:122].[#8:49]=[#15:48](-[#8:47]-[#1])(-[#8:50])-[#8:51]	Any;Any
EVODEX.2-Em140_0	Any;Any	[#6:51]-[#6:49](-[#8:50]-[#1])(-[#6:52](=[#6:55](-[#6:59])-[#1:84])-[#1:83])-[#1].[#7:8]-[#6:7](=[#8:9])-[#6:1]1:[#6:6](:[#6:5](:[#6:4](:[#7&+:3](-[#6:10]):[#6:2]:1-[#1:117])-[#1:93])-[#1:92])-[#1:91]>>[#7:8]-[#6:7](=[#8:9])-[#6:1]1=[#6:2](-[#7:3](-[#6:10])-[#6:4](=[#6:5](-[#6:6]-1(-[#1:91])-[#1])-[#1:92])-[#1:93])-[#1:117].[#6:51]-[#6:49](=[#8:50])-[#6:52](=[#6:55](-[#6:59])-[#1:84])-[#1:83]	Any;Any
EVODEX.2-Em141_0	Any	[#6:51]-[#6:49](-[#8:50]-[#1])(-[#6:52](=[#6:55](-[#6:59])-[#1:84])-[#1:83])-[#1]>>[#6:51]-[#6:49](=[#8:50])-[#6:52](=[#6:55](-[#6:59])-[#1:84])-[#1:83]	Any
EVODEX.2-Em143_0	Any;Any	[#8:4]=[#6:2](-[#6:5])-[#8:1]-[#6:9].[#8:3](-[#1])-[#1]>>([#8:4]=[#6:2](-[#8:3]-[#1])-[#6:5].[#6:9]-[#8:1]-[#1])	Any
EVODEX.2-Em147_0	Any;Any	([#6:5]-[#8:4]-[#1].[#6:21]-[#6:1](=[#8:22])-[#8:41]-[#1]).[#6:23]-[#6:3](=[#8:24])-[#8:2]-[#1]>>([#6:23]-[#6:3](=[#8:24])-[#8:4]-[#6:5].[#6:21]-[#6:1](=[#8:22])-[#8:2]-[#1]).[#8:41](-[#1])-[#1]	Any;Any
EVODEX.2-Em148_0	Any;Any	[#7](-[#6:49](-[#6:51])(-[#6:52])-[#1])(-[#1])-[#1].[#8:50](-[#1])-[#1]>>[#8:50]=[#6:49](-[#6:51])-[#6:52]	Any
EVODEX.2-Em149_0	Any;Any;Any	[#6:3]-[#16:2]-[#6:4].[#6:30]-[#16:29]-[#6:31].[#6:56]-[#7:55](-[#6:1](-[#1:105])(-[#1:106])-[#1:107])-[#6:28](-[#1:108])(-[#1:109])-[#1:110]>>[#6:1](-[#16&+:2](-[#6:4])-[#6:3])(-[#1:105])(-[#1:106])-[#1:107].[#6:28](-[#16&+:29](-[#6:31])-[#6:30])(-[#1:108])(-[#1:109])-[#1:110].[#6:56]-[#7:55](-[#1])-[#1]	Any;Any;Any
EVODEX.2-Em150_0	Any;Any	[#8]=[#6:1](-[#6:3])-[#1:12].[#7:2](-[#1])(-[#1])-[#1]>>[#7:2](-[#6:1](-[#6:3])(-[#1:12])-[#1])(-[#1])-[#1]	Any
EVODEX.2-Em151_0	Any;Any	[#6:27](-[#16&+:1](-[#6:2])-[#6:3])(-[#1:53])(-[#1:54])-[#1:55].[#8:33]-[#6:31]1:[#6:34](:[#6:35](:[#6:32](:[#6:30](:[#6:29]:1-[#8:28]-[#1])-[#1:80])-[#6:36])-[#6:38])-[#1:79]>>[#6:3]-[#16:1]-[#6:2].[#8:33]-[#6:31]1:[#6:34](:[#6:35](:[#6:32](:[#6:30](:[#6:29]:1-[#8:28]-[#6:27](-[#1:53])(-[#1:54])-[#1:55])-[#1:80])-[#6:36])-[#6:38])-[#1:79]	Any;Any
EVODEX.2-Em152_0	Any	[#8:33]-[#6:31]1:[#6:34](:[#6:35](:[#6:32](:[#6:30](:[#6:29]:1-[#8:28]-[#1])-[#1:80])-[#6:36])-[#6:38])-[#1:79]>>[#8:33]-[#6:31]1:[#6:34](:[#6:35](:[#6:32](:[#6:30](:[#6:29]:1-[#8:28]-[#6](-[#1])(-[#1])-[#1])-[#1:80])-[#6:36])-[#6:38])-[#1:79]	Any
EVODEX.2-Em153_0	Any;Any	[#7:85]-[#6:84](=[#8:86])-[#6:78]1=[#6:83](-[#7:82](-[#6:87])-[#6:81](=[#6:80](-[#6:79]-1(-[#1:154])-[#1])-[#1:153])-[#1:152])-[#1:128].[#6:3]-[#6:1](=[#6:2](-[#6:28](=[#8:29])-[#16:30])-[#1:208])-[#1:207]>>[#6:3]-[#6:1](-[#6:2](-[#6:28](=[#8:29])-[#16:30])(-[#1:208])-[#1])(-[#1:207])-[#1].[#7:85]-[#6:84](=[#8:86])-[#6:78]1:[#6:79](:[#6:80](:[#6:81](:[#7&+:82](-[#6:87]):[#6:83]:1-[#1:128])-[#1:152])-[#1:153])-[#1:154]	Any;Any
EVODEX.2-Em154_0	Any;Any	[#6:5]-[#6:4](-[#6:6])=[#6:3](-[#6:1](-[#8:22]-[#15:24](=[#8:25])(-[#8:26])-[#8:27])(-[#1:82])-[#1:83])-[#1:81].[#8:28]-[#15:23](=[#8:29])(-[#8:2]-[#1])-[#8:30]>>[#6:5]-[#6:4](-[#6:6])=[#6:3](-[#6:1](-[#8:2]-[#1])(-[#1:82])-[#1:83])-[#1:81].[#8:28]-[#15:23](=[#8:29])(-[#8:30])-[#8:22]-[#15:24](=[#8:25])(-[#8:26])-[#8:27]	Any;Any
EVODEX.2-Em156_0	Any	[#8:14]=[#15:2](-[#8:15])(-[#8:16])-[#8:17]-[#6:18]>>[#6]-[#6]1:[#6](:[#7]:[#6](:[#7]:1-[#15:2](=[#8:14])(-[#8:15])-[#8:16])-[#1])-[#1].[#8:17](-[#6:18])-[#1]	Any;Any
EVODEX.2-Em157_0	Any;Any	[#6:3]-[#6:1](=[#8:4])-[#1].[#8]=[#15](-[#8:2]-[#1])(-[#8])-[#8]>>[#6:3]-[#6:1](=[#8:4])-[#8:2]-[#1]	Any
EVODEX.2-Em159_0	Any	[#6:3]-[#6:1](-[#8:22]-[#6:23](-[#6:24])=[#8:25])(-[#6:4])-[#1:31]>>[#6:3]-[#6:1](-[#8]-[#1])(-[#6:4])-[#1:31].[#6:24]-[#6:23](=[#8:25])-[#8:22]-[#1]	Any;Any
EVODEX.2-Em160_0	Any;Any	[#6:3]-[#6:1](-[#6:4](=[#8:6])-[#16:7])(-[#1:77])-[#1].[#8:2]=[#8]>>[#6:3]-[#6:1](-[#8:2]-[#1])(-[#6:4](=[#8:6])-[#16:7])-[#1:77]	Any
EVODEX.2-Em161_0	Any;Any	[#6:3]-[#6:1](-[#6:4](=[#8:6])-[#16:7])(-[#1:77])-[#1].[#8:2]=[#8:58]>>[#6:3]-[#6:1](-[#8:2]-[#1])(-[#6:4](=[#8:6])-[#16:7])-[#1:77].[#8]=[#6](-[#8:58]-[#1])-[#6]	Any;Any
EVODEX.2-Em162_0	Any;Any	[#6:3]-[#6:1](-[#6:4](=[#8:6])-[#16:7])(-[#1:77])-[#1].[#6:59]-[#6:57](=[#8:60])-[#6:65](=[#8:67])-[#8:66]-[#1]>>[#6:3]-[#6:1](-[#8]-[#1])(-[#6:4](=[#8:6])-[#16:7])-[#1:77].[#8:60]=[#6:57](-[#8]-[#1])-[#6:59].[#8:66]=[#6:65]=[#8:67]	Any;Any;Any
EVODEX.2-Em163_0	Any	[#6:29]-[#7:28](-[#1])-[#1]>>[#6](-[#7:28](-[#6:29])-[#1])(-[#1])(-[#1])-[#1]	Any
EVODEX.2-Em166_0	Any	[#8:3]-[#15:2](=[#8:4])(-[#8:5])-[#8:1]-[#15:31](=[#8:58])(-[#8:59])-[#8:60]>>[#8:3]-[#15:2](=[#8:4])(-[#8:1]-[#1])-[#8:5].[#8]-[#15](=[#8])(-[#8])-[#8]-[#15:31](=[#8:58])(-[#8:59])-[#8:60]	Any;Any
EVODEX.2-Em167_0	Any;Any	[#6:49](-[#6:51](=[#8:52])-[#16:53])(-[#1:107])(-[#1:108])-[#1].[#6]-[#16]-[#6:50](=[#8:101])-[#6:102]>>[#16:53]-[#6:51](=[#8:52])-[#6:49](-[#6:50](=[#8:101])-[#6:102])(-[#1:107])-[#1:108]	Any
EVODEX.2-Em169_0	Any;Any;Any	[#6:51]-[#6:49](-[#7](-[#1])-[#1])(-[#1:62])-[#1].[#7:8]-[#6:7](=[#8:9])-[#6:1]1:[#6:6](:[#6:5](:[#6:4](:[#7&+:3](-[#6:10]):[#6:2]:1-[#1:94])-[#1:70])-[#1:69])-[#1:68].[#8:50](-[#1])-[#1]>>[#7:8]-[#6:7](=[#8:9])-[#6:1]1=[#6:2](-[#7:3](-[#6:10])-[#6:4](=[#6:5](-[#6:6]-1(-[#1:68])-[#1])-[#1:69])-[#1:70])-[#1:94].[#6:51]-[#6:49](=[#8:50])-[#1:62]	Any;Any
EVODEX.2-Em170_0	Any;Any	[#6:3]-[#16:1]-[#1].[#6:10]-[#16:2]-[#1]>>[#6:3]-[#16:1]-[#16:2]-[#6:10]	Any
EVODEX.2-Em171_0	Any;Any	[#16:4]-[#6:3](=[#8:5])-[#6:1](=[#6:2](-[#6:53])-[#1:98])-[#1:97].[#8:60](-[#8:61]-[#1])-[#1]>>[#16:4]-[#6:3](=[#8:5])-[#6:1](-[#6:2](-[#6:53])(-[#1:98])-[#1])(-[#1:97])-[#1].[#8:60]=[#8:61]	Any;Any
EVODEX.2-Em172_0	Any;Any;Any	[#6:3]-[#16:1]-[#1].[#6:22]-[#16:2]-[#1].[#6:42]-[#8:41]-[#8:64]-[#1]>>[#6:3]-[#16:1]-[#16:2]-[#6:22].[#6:42]-[#8:41]-[#1].[#8:64](-[#1])-[#1]	Any;Any;Any
EVODEX.2-Em173_0	Any	[#6:42]-[#8:41]-[#8:64]-[#1]>>[#6:42]-[#8:41]-[#1].[#8:64](-[#1])-[#1]	Any;Any
EVODEX.2-Em174_0	Any	[#6:42]-[#8:41]-[#8]-[#1]>>[#6:42]-[#8:41]-[#1]	Any
EVODEX.2-Em175_0	Any	([#6:4]-[#8:2]-[#1].[#6:13]-[#8:1]-[#15:3](=[#8:17])(-[#8:18])-[#8:19])>>([#6:4]-[#8:2]-[#15:3](=[#8:17])(-[#8:18])-[#8:19].[#6:13]-[#8:1]-[#1])	Any
EVODEX.2-Em178_0	Any;Any	[#6:3]-[#6:1](=[#8:4])-[#8]-[#1].[#6:16]-[#8:2]-[#1]>>[#6:3]-[#6:1](=[#8:4])-[#8:2]-[#6:16]	Any
EVODEX.2-Em180_0	Any;Any	[#6:51]-[#16:50]-[#1].[#6:58]-[#6:49](=[#8:59])-[#16:1]-[#6:2]>>[#6:2]-[#16:1]-[#1].[#6:51]-[#16:50]-[#6:49](=[#8:59])-[#6:58]	Any;Any
EVODEX.2-Em181_0	Any;Any	[#6:51]-[#16:50]-[#1].[#6:58]-[#6:49](=[#8:59])-[#16]-[#6]>>[#6:51]-[#16:50]-[#6:49](=[#8:59])-[#6:58]	Any
EVODEX.2-Em183_0	Any;Any;Any	[#7:24]-[#6:23](=[#8:25])-[#6:17]1=[#6:22](-[#7:21](-[#6:26])-[#6:20](=[#6:19](-[#6:18]-1(-[#1:89])-[#1])-[#1:88])-[#1:87])-[#1:64].[#6:3]-[#6:1](=[#8])-[#6:4](=[#8:6])-[#8:7].[#7:2](-[#6:11])(-[#1])-[#1]>>[#6:11]-[#7:2](-[#6:1](-[#6:3])(-[#6:4](=[#8:6])-[#8:7])-[#1])-[#1].[#7:24]-[#6:23](=[#8:25])-[#6:17]1:[#6:18](:[#6:19](:[#6:20](:[#7&+:21](-[#6:26]):[#6:22]:1-[#1:64])-[#1:87])-[#1:88])-[#1:89]	Any;Any
EVODEX.2-Em184_0	Any;Any	[#6:3]-[#6:1](=[#8])-[#6:4](=[#8:6])-[#8:7].[#7:2](-[#6:11])(-[#1])-[#1]>>[#6:11]-[#7:2](-[#6:1](-[#6:3])(-[#6:4](=[#8:6])-[#8:7])-[#1])-[#1]	Any
EVODEX.2-Em185_0	Any;Any	[#6:3]-[#6:1](=[#8:61])-[#6:4](=[#8:6])-[#8:7].[#7:2](-[#6:11])(-[#1])-[#1]>>[#6:11]-[#7:2](-[#6:1](-[#6:3])(-[#6:4](=[#8:6])-[#8:7])-[#1])-[#1].[#8:61](-[#1])-[#1]	Any;Any
EVODEX.2-Em186_0	Any;Any	[#7:21]-[#6:20](=[#8:22])-[#6:14]1=[#6:19](-[#7:18](-[#6:23])-[#6:17](=[#6:16](-[#6:15]-1(-[#1:86])-[#1])-[#1:85])-[#1:84])-[#1:61].[#6:3]-[#6:1](=[#8])-[#6:4](=[#8:6])-[#8:7]>>[#6:3]-[#6:1](-[#7](-[#1])-[#1])(-[#6:4](=[#8:6])-[#8:7])-[#1].[#7:21]-[#6:20](=[#8:22])-[#6:14]1:[#6:15](:[#6:16](:[#6:17](:[#7&+:18](-[#6:23]):[#6:19]:1-[#1:61])-[#1:84])-[#1:85])-[#1:86]	Any;Any
EVODEX.2-Em187_0	Any;Any	[#6:14]-[#6:11](-[#6:13])(-[#7:2](-[#1])-[#1])-[#1].[#6:3]-[#6:1](=[#8:12])-[#6:4](=[#8:6])-[#8:7]>>[#7:2](-[#6:1](-[#6:3])(-[#6:4](=[#8:6])-[#8:7])-[#1])(-[#1])-[#1].[#6:14]-[#6:11](-[#6:13])=[#8:12]	Any;Any
EVODEX.2-Em188_0	Any;Any	[#6:2]-[#16:1]-[#6:30](=[#8:32])-[#6:33].[#8:55]-[#15:54](=[#8:56])(-[#8:31]-[#1])-[#8:57]>>[#6:2]-[#16:1]-[#1].[#6:33]-[#6:30](=[#8:32])-[#8:31]-[#15:54](=[#8:56])(-[#8:57])-[#8:55]	Any;Any
EVODEX.2-Em189_0	Any	[#6]-[#16]-[#6:30](=[#8:32])-[#6:33]>>[#6:33]-[#6:30](=[#8:32])-[#8]-[#15](=[#8])(-[#8])-[#8]	Any
EVODEX.2-Em190_0	Any	[#6:3]-[#6:1](=[#8:4])-[#8]-[#1]>>[#6:3]-[#6:1](-[#7](-[#1])-[#1])=[#8:4]	Any
EVODEX.2-Em191_0	Any;Any;Any	[#6:3]-[#6:1](-[#6:4])(-[#1:142])-[#1].[#7:57]-[#6:56](=[#8:58])-[#6:50]1=[#6:55](-[#7:54](-[#6:59])-[#6:53](=[#6:52](-[#6:51]-1(-[#1:212])-[#1])-[#1:211])-[#1:210])-[#1:186].[#8:2]=[#8:98]>>[#6:3]-[#6:1](-[#8:2]-[#1])(-[#6:4])-[#1:142].[#7:57]-[#6:56](=[#8:58])-[#6:50]1:[#6:51](:[#6:52](:[#6:53](:[#7&+:54](-[#6:59]):[#6:55]:1-[#1:186])-[#1:210])-[#1:211])-[#1:212].[#8:98](-[#1])-[#1]	Any;Any;Any
EVODEX.2-Em192_0	Any;Any;Any	[#6:3]-[#6:1](-[#6:4])(-[#1:142])-[#1].[#7:57]-[#6:56](=[#8:58])-[#6:50]1=[#6:55](-[#7:54](-[#6:59])-[#6:53](=[#6:52](-[#6:51]-1(-[#1:212])-[#1])-[#1:211])-[#1:210])-[#1:186].[#8:2]=[#8]>>[#6:3]-[#6:1](-[#8:2]-[#1])(-[#6:4])-[#1:142].[#7:57]-[#6:56](=[#8:58])-[#6:50]1:[#6:51](:[#6:52](:[#6:53](:[#7&+:54](-[#6:59]):[#6:55]:1-[#1:186])-[#1:210])-[#1:211])-[#1:212]	Any;Any
EVODEX.2-Em193_0	Any;Any	[#6:3]-[#6:1](-[#6:4])(-[#1:142])-[#1].[#7:57]-[#6:56](=[#8:58])-[#6:50]1=[#6:55](-[#7:54](-[#6:59])-[#6:53](=[#6:52](-[#6:51]-1(-[#1:212])-[#1])-[#1:211])-[#1:210])-[#1:186]>>[#6:3]-[#6:1](-[#8]-[#1])(-[#6:4])-[#1:142].[#7:57]-[#6:56](=[#8:58])-[#6:50]1:[#6:51](:[#6:52](:[#6:53](:[#7&+:54](-[#6:59]):[#6:55]:1-[#1:186])-[#1:210])-[#1:211])-[#1:212]	Any;Any
EVODEX.2-Em196_0	Any;Any	[#6:3]-[#6:1](-[#8]-[#15](=[#8])(-[#8])-[#8])(-[#6:4])-[#1:34].[#8:2](-[#1])-[#1]>>[#6:3]-[#6:1](-[#8:2]-[#1])(-[#6:4])-[#1:34]	Any
EVODEX.2-Em197_0	Any	[#16:4]-[#6:3](=[#8:5])-[#6:1](-[#6:2](-[#6:53])(-[#1:105])-[#1])(-[#1:103])-[#1]>>[#16:4]-[#6:3](=[#8:5])-[#6:1](=[#6:2](-[#6:53])-[#1:105])-[#1:103]	Any
EVODEX.2-Em198_0	Any;Any	[#6:51](-[#6:52](=[#8:54])-[#16:1]-[#6:2])(-[#1:62])(-[#1:63])-[#1].[#6:55]-[#6:50](=[#8:49])-[#6:56](=[#8:58])-[#8:59]>>[#6:2]-[#16:1]-[#1].[#8:54]=[#6:52](-[#8]-[#1])-[#6:51](-[#6:50](-[#8:49]-[#1])(-[#6:55])-[#6:56](=[#8:58])-[#8:59])(-[#1:62])-[#1:63]	Any;Any
EVODEX.2-Em199_0	Any;Any;Any	[#6:51](-[#6:52](=[#8:54])-[#16:1]-[#6:2])(-[#1:62])(-[#1:63])-[#1].[#6:55]-[#6:50](=[#8:49])-[#6:56](=[#8:58])-[#8:59].[#8:53](-[#1])-[#1]>>[#6:2]-[#16:1]-[#1].[#8:54]=[#6:52](-[#8:53]-[#1])-[#6:51](-[#6:50](-[#8:49]-[#1])(-[#6:55])-[#6:56](=[#8:58])-[#8:59])(-[#1:62])-[#1:63]	Any;Any
EVODEX.2-Em200_0	Any;Any	[#6:51](-[#6:52](=[#8:54])-[#16]-[#6])(-[#1:62])(-[#1:63])-[#1].[#6:55]-[#6:50](=[#8:49])-[#6:56](=[#8:58])-[#8:59]>>[#8:54]=[#6:52](-[#8]-[#1])-[#6:51](-[#6:50](-[#8:49]-[#1])(-[#6:55])-[#6:56](=[#8:58])-[#8:59])(-[#1:62])-[#1:63]	Any
EVODEX.2-Em201_0	Any	[#6:55]-[#6:50](=[#8:49])-[#6:56](=[#8:58])-[#8:59]>>[#8]=[#6](-[#8])-[#6](-[#6:50](-[#8:49]-[#1])(-[#6:55])-[#6:56](=[#8:58])-[#8:59])(-[#1])-[#1]	Any
EVODEX.2-Em202_0	Any;Any;Any	[#6:51](-[#6:52](=[#8:54])-[#16]-[#6])(-[#1:62])(-[#1:63])-[#1].[#6:55]-[#6:50](=[#8:49])-[#6:56](=[#8:58])-[#8:59].[#8:53](-[#1])-[#1]>>[#8:54]=[#6:52](-[#8:53]-[#1])-[#6:51](-[#6:50](-[#8:49]-[#1])(-[#6:55])-[#6:56](=[#8:58])-[#8:59])(-[#1:62])-[#1:63]	Any
EVODEX.2-Em204_0	Any;Any;Any	[#6:2]-[#6:1](-[#8:80]-[#1])(-[#6:3])-[#1:107].[#7:39]-[#6:38](=[#8:40])-[#6:32]1:[#6:37](:[#6:36](:[#6:35](:[#7&+:34](-[#6:41]):[#6:33]:1-[#1:140])-[#1:116])-[#1:115])-[#1:114].[#8:81](-[#1])-[#1]>>[#6:3]-[#6:1](-[#6:2])(-[#1:107])-[#1].[#7:39]-[#6:38](=[#8:40])-[#6:32]1=[#6:33](-[#7:34](-[#6:41])-[#6:35](=[#6:36](-[#6:37]-1(-[#1:114])-[#1])-[#1:115])-[#1:116])-[#1:140].[#8:80]=[#8:81]	Any;Any;Any
EVODEX.2-Em205_0	Any	[#6:2]-[#6:1](-[#8]-[#1])(-[#6:3])-[#1:107]>>[#6:3]-[#6:1](-[#6:2])(-[#1:107])-[#1]	Any
EVODEX.2-Em206_0	Any;Any	[#6:2]-[#6:1](-[#8:80]-[#1])(-[#6:3])-[#1:107].[#8:81](-[#1])-[#1]>>[#6:3]-[#6:1](-[#6:2])(-[#1:107])-[#1].[#8:80]=[#8:81]	Any;Any
EVODEX.2-Em207_0	Any;Any	[#6:2]-[#6:1](-[#8:80]-[#1])(-[#6:3])-[#1:107].[#7:39]-[#6:38](=[#8:40])-[#6:32]1:[#6:37](:[#6:36](:[#6:35](:[#7&+:34](-[#6:41]):[#6:33]:1-[#1:140])-[#1:116])-[#1:115])-[#1:114]>>[#6:3]-[#6:1](-[#6:2])(-[#1:107])-[#1].[#7:39]-[#6:38](=[#8:40])-[#6:32]1=[#6:33](-[#7:34](-[#6:41])-[#6:35](=[#6:36](-[#6:37]-1(-[#1:114])-[#1])-[#1:115])-[#1:116])-[#1:140].[#8:80]=[#8]	Any;Any;Any
EVODEX.2-Em209_0	Any;Any	[#7:3](=[#6:1](-[#7:4])-[#7](-[#6])-[#1])-[#1].[#7:2](-[#6:5])(-[#1])-[#1]>>[#7:3](=[#6:1](-[#7:4])-[#7:2](-[#6:5])-[#1])-[#1]	Any
EVODEX.2-Em210_0	Any	[#7:2](-[#6:5])(-[#1])-[#1]>>[#7](=[#6](-[#7])-[#7:2](-[#6:5])-[#1])-[#1]	Any
EVODEX.2-Em211_0	Any;Any	[#8:3]=[#6:1](-[#8:51]-[#1])-[#6:4].[#8:30]-[#15:29](=[#8:31])(-[#8:32])-[#8:2]-[#15:52](=[#8:53])(-[#8:54])-[#8:55]>>[#8:30]-[#15:29](=[#8:31])(-[#8:32])-[#8:2]-[#6:1](=[#8:3])-[#6:4].[#8:53]=[#15:52](-[#8:51]-[#1])(-[#8:54])-[#8:55]	Any;Any
EVODEX.2-Em212_0	Any	[#6:29]-[#8:28]-[#6:1](-[#1:139])(-[#1:140])-[#1:141]>>[#6:1](-[#16&+](-[#6])-[#6])(-[#1:139])(-[#1:140])-[#1:141].[#6:29]-[#8:28]-[#1]	Any;Any
EVODEX.2-Em213_0	Any;Any	[#8:72]-[#15:71](=[#8:73])(-[#8:74])-[#8:70]-[#6:1](-[#8:3])(-[#6:4])-[#1:120].[#8:12]-[#15:11](=[#8:13])(-[#8:2]-[#1])-[#8:14]>>[#8:12]-[#15:11](=[#8:13])(-[#8:14])-[#8:2]-[#6:1](-[#8:3])(-[#6:4])-[#1:120].[#8:72]-[#15:71](=[#8:73])(-[#8:70]-[#1])-[#8:74]	Any;Any
EVODEX.2-Em216_0	Any;Any;Any	[#7](-[#6:1](-[#6:3])(-[#6:4](=[#8:6])-[#8:7])-[#1])(-[#1])-[#1].[#8:2](-[#1])-[#1].[#8:13]=[#8:14]>>[#8:6]=[#6:4](-[#8:7])-[#6:1](=[#8:2])-[#6:3].[#8:13](-[#8:14]-[#1])-[#1]	Any;Any
EVODEX.2-Em217_0	Any	[#7:12](-[#6:1](-[#6:3])(-[#6:4](=[#8:6])-[#8:7])-[#1])(-[#1])-[#1]>>[#8:6]=[#6:4](-[#8:7])-[#6:1](=[#8])-[#6:3].[#7:12](-[#1])(-[#1])-[#1]	Any;Any
EVODEX.2-Em218_0	Any;Any	([#6:17]-[#6:1](-[#8:98]-[#15:99](=[#8:100])(-[#8:101])-[#8:102])(-[#6:20](=[#8:21])-[#8:22])-[#8:11].[#6:5]-[#8:4]-[#1]).[#6:42]-[#8:2]-[#6:3](-[#6:23](=[#8:26])-[#8:27])(-[#6:24])-[#8:25]>>([#6:42]-[#8:2]-[#6:1](-[#6:20](=[#8:21])-[#8:22])(-[#6:17])-[#8:11].[#6:5]-[#8:4]-[#6:3](-[#6:23](=[#8:26])-[#8:27])(-[#6:24])-[#8:25]).[#8:102]-[#15:99](=[#8:100])(-[#8:98]-[#1])-[#8:101]	Any;Any
EVODEX.2-Em219_0	Any;Any	[#8:2]=[#6:1](-[#8]-[#1])-[#6:3].[#7:33]-[#6:32](=[#8:34])-[#6:26]1=[#6:31](-[#7:30](-[#6:35])-[#6:29](=[#6:28](-[#6:27]-1(-[#1:140])-[#1])-[#1:139])-[#1:138])-[#1:115]>>[#8:2]=[#6:1](-[#6:3])-[#1].[#7:33]-[#6:32](=[#8:34])-[#6:26]1:[#6:27](:[#6:28](:[#6:29](:[#7&+:30](-[#6:35]):[#6:31]:1-[#1:115])-[#1:138])-[#1:139])-[#1:140]	Any;Any
EVODEX.2-Em220_0	Any	[#8:2]=[#6:1](-[#8]-[#1])-[#6:3]>>[#8:2]=[#6:1](-[#6:3])-[#1]	Any
EVODEX.2-Em221_0	Any	[#6:3]-[#6:1](-[#6](=[#8])-[#8])(-[#7:2](-[#8]-[#1])-[#8:11])-[#1:31]>>[#6:3]-[#6:1](=[#7:2]-[#8:11])-[#1:31]	Any
EVODEX.2-Em222_0	Any	[#6:3]-[#6:1](-[#6:12](=[#8:14])-[#8:13]-[#1])(-[#7:2](-[#8:15]-[#1])-[#8:11])-[#1:31]>>[#6:3]-[#6:1](=[#7:2]-[#8:11])-[#1:31].[#8:13]=[#6:12]=[#8:14].[#8:15](-[#1])-[#1]	Any;Any;Any
EVODEX.2-Em223_0	Any	[#6:3]-[#6:1](-[#6:12](=[#8:14])-[#8:13]-[#1])(-[#7:2](-[#8]-[#1])-[#8:11])-[#1:31]>>[#6:3]-[#6:1](=[#7:2]-[#8:11])-[#1:31].[#8:13]=[#6:12]=[#8:14]	Any;Any
EVODEX.2-Em224_0	Any;Any	[#0:14]-[#8:13]-[#6:1](=[#8:3])-[#6:4].[#8:2](-[#1])-[#1]>>[#6:4]-[#6:1](=[#8:3])-[#8:2]-[#1].[#0:14]-[#8:13]-[#1]	Any;Any
EVODEX.2-Em225_0	Any;Any	[#6:3]-[#6:1](=[#8])-[#1:21].[#8:9](-[#8:10]-[#1])-[#1]>>[#6:3]-[#6:1](-[#7](-[#1])-[#1])(-[#1:21])-[#1].[#8:9]=[#8:10]	Any;Any
EVODEX.2-Em226_0	Any;Any	[#6:3]-[#6:1](-[#8:132]-[#6:134])(-[#6:4])-[#1:221].[#8:154]-[#15:133](=[#8:155])(-[#8:2]-[#1])-[#8:156]>>[#6:3]-[#6:1](-[#8:2]-[#1])(-[#6:4])-[#1:221].[#6:134]-[#8:132]-[#15:133](=[#8:155])(-[#8:156])-[#8:154]	Any;Any
EVODEX.2-Em227_0	Any;Any;Any	[#6:43]-[#16:41]-[#1].[#6:50]-[#16:42]-[#1].[#6:2]-[#16:1]-[#16:21]-[#6:22]>>[#6:2]-[#16:1]-[#1].[#6:22]-[#16:21]-[#1].[#6:43]-[#16:41]-[#16:42]-[#6:50]	Any;Any;Any
EVODEX.2-Em228_0	Any;Any	[#6:3]-[#6:1](=[#8:4])-[#8]-[#1].[#7:2](-[#1])(-[#1])-[#1]>>[#6:3]-[#6:1](-[#7:2](-[#1])-[#1])=[#8:4]	Any
EVODEX.2-Em229_0	Any;Any	([#6:10]-[#6:1](-[#8]-[#1])(-[#6:14])-[#1:57].[#8:6]-[#15:5](=[#8:7])(-[#8:4]-[#1])-[#8:8]).[#6:25]-[#6:3](-[#8:2]-[#1])(-[#6:26])-[#1:71]>>([#6:10]-[#6:1](-[#8:2]-[#1])(-[#6:14])-[#1:57].[#8:6]-[#15:5](=[#8:7])(-[#8:8])-[#8:4]-[#6:3](-[#6:25])(-[#6:26])-[#1:71])	Any
EVODEX.2-Em231_0	Any	[#6:3]-[#6:1](=[#8:4])-[#8:41]-[#6:42]>>[#6:3]-[#6:1](=[#8:4])-[#8]-[#6].[#6:42]-[#8:41]-[#1]	Any;Any
EVODEX.2-Em233_0	Any;Any;Any	[#6:53](-[#16&+](-[#6])-[#6])(-[#1:89])(-[#1:90])-[#1:91].[#6:55](-[#16&+](-[#6])-[#6])(-[#1:112])(-[#1:113])-[#1:114].[#6:56]-[#7:54](-[#1])-[#1]>>[#6:56]-[#7:54](-[#6:53](-[#1:89])(-[#1:90])-[#1:91])-[#6:55](-[#1:112])(-[#1:113])-[#1:114]	Any
EVODEX.2-Em234_0	Any;Any;Any	[#6:3]-[#16:2]-[#1].[#6:50]-[#6:1](=[#8:51])-[#6:64](-[#6:67](=[#8:68])-[#16:69])(-[#1:181])-[#1:182].[#8:66]=[#6:65]=[#8:117]>>[#6:50]-[#6:1](=[#8:51])-[#16:2]-[#6:3].[#16:69]-[#6:67](=[#8:68])-[#6:64](-[#6:65](=[#8:117])-[#8:66]-[#1])(-[#1:181])-[#1:182]	Any;Any
EVODEX.2-Em235_0	Any;Any	[#7:2](-[#6:17](-[#6:19](=[#8:20])-[#8:21])(-[#1:24])-[#1])(-[#1])-[#1].[#6:3]-[#6:1](=[#8:18])-[#6:4](=[#8:6])-[#8:7]>>[#6:3]-[#6:1](-[#7:2](-[#1])-[#1])(-[#6:4](=[#8:6])-[#8:7])-[#1].[#8:18]=[#6:17](-[#6:19](=[#8:20])-[#8:21])-[#1:24]	Any;Any
EVODEX.2-Em237_0	Any;Any	([#6:11]-[#6:1](-[#6:14])(-[#8:67]-[#1])-[#1:75].[#8:6]-[#15:5](=[#8:7])(-[#8:4]-[#1])-[#8:8]).[#6:18]-[#6:3](-[#6:17])(-[#8:2]-[#1])-[#1:98]>>([#6:11]-[#6:1](-[#6:14])(-[#8:2]-[#1])-[#1:75].[#8:6]-[#15:5](=[#8:7])(-[#8:8])-[#8:4]-[#6:3](-[#6:18])(-[#6:17])-[#1:98]).[#8:67](-[#1])-[#1]	Any;Any
EVODEX.2-Em238_0	Any;Any	[#8]-[#15](=[#8])(-[#8])-[#8]-[#6:1](-[#8:11])(-[#6:5]-[#8:4]-[#1])-[#1:68].[#6:24]-[#8:2]-[#6:3](-[#8:14])(-[#6:15])-[#1:95]>>[#6:24]-[#8:2]-[#6:1](-[#8:11])(-[#6:5]-[#8:4]-[#6:3](-[#8:14])(-[#6:15])-[#1:95])-[#1:68]	Any
EVODEX.2-Em240_0	Any	[#8:51]=[#6:2](-[#8:62]-[#1])-[#6:1](-[#6:52](-[#8:53]-[#1])(-[#6:54])-[#6:55](=[#8:57])-[#8:58])(-[#1:100])-[#1:101]>>[#6:1](-[#6:2](=[#8:51])-[#16]-[#6])(-[#1:100])(-[#1:101])-[#1].[#8:57]=[#6:55](-[#8:58])-[#6:52](=[#8:53])-[#6:54].[#8:62](-[#1])-[#1]	Any;Any;Any
EVODEX.2-Em242_0	Any;Any	[#6:4]-[#6:2]1(-[#8:1]-[#6:5]-1)-[#1:41].[#8:3](-[#1])-[#1]>>[#6:4]-[#6:2](-[#8:3]-[#1])(-[#6:5]-[#8:1]-[#1])-[#1:41]	Any
EVODEX.2-Em243_0	Any;Any	[#6]-[#16]-[#6:49](=[#8:51])-[#6:52]1:[#6:53](:[#6:55](:[#6:57](:[#6:56](:[#6:54]:1-[#1:103])-[#1:102])-[#1:101])-[#1:100])-[#1:99].[#6:58]-[#8:50]-[#1]>>[#6:58]-[#8:50]-[#6:49](=[#8:51])-[#6:52]1:[#6:53](:[#6:55](:[#6:57](:[#6:56](:[#6:54]:1-[#1:103])-[#1:102])-[#1:101])-[#1:100])-[#1:99]	Any
EVODEX.2-Em244_0	Any;Any	[#6:3]-[#6:1](=[#8])-[#6:4](=[#8:6])-[#8:7].[#8:11](-[#8:12]-[#1])-[#1]>>[#6:3]-[#6:1](-[#7](-[#1])-[#1])(-[#6:4](=[#8:6])-[#8:7])-[#1].[#8:11]=[#8:12]	Any;Any
EVODEX.2-Em245_0	Any	[#6:1](-[#8:28]-[#6:29](=[#8:30])-[#6:31])(-[#1:60])(-[#1:61])-[#1:62]>>[#6:1](-[#16&+](-[#6])-[#6])(-[#1:60])(-[#1:61])-[#1:62].[#6:31]-[#6:29](=[#8:30])-[#8:28]-[#1]	Any;Any
EVODEX.2-Em246_0	Any	[#16:5]-[#6:4](=[#8:6])-[#6:1](=[#6:2](-[#6:35])-[#1:74])-[#1:73]>>[#16:5]-[#6:4](=[#8:6])-[#6:1](-[#6:2](-[#8]-[#1])(-[#6:35])-[#1:74])(-[#1:73])-[#1]	Any
EVODEX.2-Em247_0	Any;Any	[#6:3]-[#16:2]-[#1].[#8:58]-[#6:56]1:[#6:54](:[#6:53](-[#6:52](=[#6:50](-[#6:1](=[#8:51])-[#8:62]-[#6:63])-[#1:117])-[#1:116]):[#6:55](:[#6:57](:[#6:59]:1-[#8:61])-[#1:128])-[#1:127])-[#1:115]>>[#8:58]-[#6:56]1:[#6:54](:[#6:53](-[#6:52](=[#6:50](-[#6:1](=[#8:51])-[#16:2]-[#6:3])-[#1:117])-[#1:116]):[#6:55](:[#6:57](:[#6:59]:1-[#8:61])-[#1:128])-[#1:127])-[#1:115].[#6:63]-[#8:62]-[#1]	Any;Any
EVODEX.2-Em248_0	Any	[#8:58]-[#6:56]1:[#6:54](:[#6:53](-[#6:52](=[#6:50](-[#6:1](=[#8:51])-[#8:62]-[#6:63])-[#1:117])-[#1:116]):[#6:55](:[#6:57](:[#6:59]:1-[#8:61])-[#1:128])-[#1:127])-[#1:115]>>[#8:58]-[#6:56]1:[#6:54](:[#6:53](-[#6:52](=[#6:50](-[#6:1](=[#8:51])-[#16]-[#6])-[#1:117])-[#1:116]):[#6:55](:[#6:57](:[#6:59]:1-[#8:61])-[#1:128])-[#1:127])-[#1:115].[#6:63]-[#8:62]-[#1]	Any;Any
EVODEX.2-Em249_0	Any;Any	[#6:2]-[#6:1](-[#8]-[#1])(-[#6:3])-[#1:142].[#7:56]-[#6:55](=[#8:57])-[#6:49]1:[#6:54](:[#6:53](:[#6:52](:[#7&+:51](-[#6:58]):[#6:50]:1-[#1:212])-[#1:188])-[#1:187])-[#1:186]>>[#6:2]-[#6:1](-[#6:3])(-[#1:142])-[#1].[#7:56]-[#6:55](=[#8:57])-[#6:49]1=[#6:50](-[#7:51](-[#6:58])-[#6:52](=[#6:53](-[#6:54]-1(-[#1:186])-[#1])-[#1:187])-[#1:188])-[#1:212]	Any;Any
EVODEX.2-Em251_0	Any;Any	([#6:81]-[#6:1](-[#8:127]-[#1])(-[#1:135])-[#1:136].[#6:5]-[#8:4]-[#1]).[#8:117]-[#6:3](-[#8:2]-[#1])(-[#6:118])-[#1:234]>>([#6:81]-[#6:1](-[#8:2]-[#1])(-[#1:135])-[#1:136].[#6:5]-[#8:4]-[#6:3](-[#8:117])(-[#6:118])-[#1:234]).[#8:127](-[#1])-[#1]	Any;Any
EVODEX.2-Em252_0	Any;Any	[#8](-[#6:1](-[#6:3])(-[#1:46])-[#1:47])-[#1].[#8]=[#15](-[#8:2]-[#1])(-[#8])-[#8]>>[#8:2](-[#6:1](-[#6:3])(-[#1:46])-[#1:47])-[#1]	Any
EVODEX.2-Em253_0	Any;Any	[#8:13](-[#6:1](-[#6:3])(-[#1:46])-[#1:47])-[#1].[#8]=[#15](-[#8:2]-[#1])(-[#8])-[#8]>>[#8:2](-[#6:1](-[#6:3])(-[#1:46])-[#1:47])-[#1].[#8:13](-[#1])-[#1]	Any;Any
EVODEX.2-Em255_0	Any;Any	([#6:5]-[#8:4]-[#1].[#6:19]-[#6:1](-[#8:62]-[#1])(-[#6:29])-[#1:104]).[#6:44]-[#6:3](=[#8:45])-[#8:2]-[#1]>>([#6:5]-[#8:4]-[#6:3](=[#8:45])-[#6:44].[#6:19]-[#6:1](-[#6:29])(-[#8:2]-[#1])-[#1:104]).[#8:62](-[#1])-[#1]	Any;Any
EVODEX.2-Em256_0	Any	[#8]=[#6:1](-[#6:3])-[#1:27]>>[#7](-[#6:1](-[#6:3])(-[#1:27])-[#1])(-[#1])-[#1]	Any
EVODEX.2-Em258_0	Any	[#6:3]-[#6:1](-[#8:37]-[#1])(-[#6:4])-[#1:42]>>[#6:3]-[#6:1](-[#6:4])(-[#8]-[#15](=[#8])(-[#8])-[#8])-[#1:42].[#8:37](-[#1])-[#1]	Any;Any
EVODEX.2-Em260_0	Any;Any;Any	[#6:3]-[#6:1](=[#8:14])-[#1:23].[#7:2](-[#6:6])(-[#1])-[#1].[#8:15](-[#8:16]-[#1])-[#1]>>[#6:3]-[#6:1](-[#7:2](-[#6:6])-[#1])(-[#1:23])-[#1].[#8:14](-[#1])-[#1].[#8:15]=[#8:16]	Any;Any;Any
EVODEX.2-Em261_0	Any;Any	[#6:3]-[#6:1](=[#8:14])-[#1:23].[#7:2](-[#6:6])(-[#1])-[#1]>>[#6:3]-[#6:1](-[#7:2](-[#6:6])-[#1])(-[#1:23])-[#1].[#8:14](-[#1])-[#1]	Any;Any
EVODEX.2-Em262_0	Any;Any	[#6:58]-[#6:56](=[#8:59])-[#16]-[#6].[#8]=[#6](-[#8:57]-[#1])-[#6]>>[#6:58]-[#6:56](=[#8:59])-[#8:57]-[#1]	Any
EVODEX.2-Em263_0	Any;Any	[#8:2]=[#6:1](-[#8:58]-[#1])-[#6:3].[#7:17]-[#6:16](=[#8:18])-[#6:10]1=[#6:15](-[#7:14](-[#6:19])-[#6:13](=[#6:12](-[#6:11]-1(-[#1:93])-[#1])-[#1:92])-[#1:91])-[#1:67]>>[#8:2]=[#6:1](-[#6:3])-[#1].[#7:17]-[#6:16](=[#8:18])-[#6:10]1:[#6:11](:[#6:12](:[#6:13](:[#7&+:14](-[#6:19]):[#6:15]:1-[#1:67])-[#1:91])-[#1:92])-[#1:93].[#8:58](-[#1])-[#1]	Any;Any;Any
EVODEX.2-Em264_0	Any;Any;Any	[#6:47]-[#6:45](-[#7](-[#1])-[#1])(-[#6:48](=[#8:51])-[#8:52])-[#1].[#7:8]-[#6:7](=[#8:9])-[#6:1]1:[#6:6](:[#6:5](:[#6:4](:[#7&+:3](-[#6:10]):[#6:2]:1-[#1:95])-[#1:72])-[#1:71])-[#1:70].[#8:46](-[#1])-[#1]>>[#7:8]-[#6:7](=[#8:9])-[#6:1]1=[#6:2](-[#7:3](-[#6:10])-[#6:4](=[#6:5](-[#6:6]-1(-[#1:70])-[#1])-[#1:71])-[#1:72])-[#1:95].[#6:47]-[#6:45](=[#8:46])-[#6:48](=[#8:51])-[#8:52]	Any;Any
EVODEX.2-Em265_0	Any;Any	[#6:47]-[#6:45](-[#7](-[#1])-[#1])(-[#6:48](=[#8:51])-[#8:52])-[#1].[#7:8]-[#6:7](=[#8:9])-[#6:1]1:[#6:6](:[#6:5](:[#6:4](:[#7&+:3](-[#6:10]):[#6:2]:1-[#1:95])-[#1:72])-[#1:71])-[#1:70]>>[#7:8]-[#6:7](=[#8:9])-[#6:1]1=[#6:2](-[#7:3](-[#6:10])-[#6:4](=[#6:5](-[#6:6]-1(-[#1:70])-[#1])-[#1:71])-[#1:72])-[#1:95].[#6:47]-[#6:45](=[#8])-[#6:48](=[#8:51])-[#8:52]	Any;Any
EVODEX.2-Em266_0	Any;Any	[#6:3]-[#6:1](=[#8:4])-[#8:61]-[#6:62].[#6:20]-[#8:2]-[#1]>>[#6:3]-[#6:1](=[#8:4])-[#8:2]-[#6:20].[#6:62]-[#8:61]-[#1]	Any;Any
EVODEX.2-Em267_0	Any;Any	[#6:3]-[#6:1](=[#8:4])-[#8:71]-[#6:72].[#6:21]-[#7:2](-[#1])-[#1]>>[#6:3]-[#6:1](=[#8:4])-[#7:2](-[#6:21])-[#1].[#6:72]-[#8:71]-[#1]	Any;Any
EVODEX.2-Em268_0	Any;Any	[#6:3]-[#6:1](=[#8:4])-[#8:13]-[#1].[#6:12]-[#8:2]-[#1]>>[#6:3]-[#6:1](=[#8:4])-[#8:2]-[#6:12].[#8:13](-[#1])-[#1]	Any;Any
EVODEX.2-Em269_0	Any	([#8:4]=[#6:3](-[#8:2]-[#1])-[#6:5].[#6:9]-[#6:1](-[#8:24]-[#1])(-[#6:22])-[#1:42])>>[#8:4]=[#6:3](-[#8:2]-[#6:1](-[#6:22])(-[#6:9])-[#1:42])-[#6:5].[#8:24](-[#1])-[#1]	Any;Any
EVODEX.2-Em270_0	Any	([#8:4]=[#6:3](-[#8:2]-[#1])-[#6:5].[#6:9]-[#6:1](-[#8]-[#1])(-[#6:22])-[#1:42])>>[#8:4]=[#6:3](-[#8:2]-[#6:1](-[#6:22])(-[#6:9])-[#1:42])-[#6:5]	Any
EVODEX.2-Em271_0	Any;Any;Any	[#6:2]-[#16:1]-[#16:9]-[#6:10].[#6:19]-[#8:17]-[#1].[#8:18](-[#1])-[#1]>>[#6:2]-[#16:1]-[#1].[#6:10]-[#16:9]-[#1].[#6:19]-[#8:17]-[#8:18]-[#1]	Any;Any;Any
EVODEX.2-Em272_0	Any;Any	[#6:2]-[#16:1]-[#16:9]-[#6:10].[#6:19]-[#8:17]-[#1]>>[#6:2]-[#16:1]-[#1].[#6:10]-[#16:9]-[#1].[#6:19]-[#8:17]-[#8]-[#1]	Any;Any;Any
EVODEX.2-Em274_0	Any	[#6:5]-[#6:1](-[#6:3](-[#8:109])(-[#6:2](-[#8:113])(-[#6:4](-[#8:114])(-[#1:190])-[#1:191])-[#1:188])-[#1:184])(-[#8:6])-[#1:183]>>[#6:5]-[#6:1](-[#6:2](-[#8:113])(-[#6:3](-[#6:4](-[#8:114])(-[#1:190])-[#1:191])(-[#8:109])-[#1:184])-[#1:188])(-[#8:6])-[#1:183]	Any
EVODEX.2-Em275_0	Any	[#8:4]=[#6:2](-[#8:1]-[#6:8])-[#6:5]>>([#8:4]=[#6:2](-[#8]-[#1])-[#6:5].[#6:8]-[#8:1]-[#1])	Any
EVODEX.2-Em276_0	Any;Any	[#8:3]-[#6:1](-[#8]-[#1])(-[#6:4])-[#1:56].[#8]-[#15](=[#8])(-[#8])-[#8:2]-[#6:16]>>[#8:3]-[#6:1](-[#8:2]-[#6:16])(-[#6:4])-[#1:56]	Any
EVODEX.2-Em278_0	Any;Any	[#7](-[#6:1](-[#6:3])(-[#1:13])-[#1])(-[#1])-[#1].[#8:2](-[#1])-[#1]>>[#8:2]=[#6:1](-[#6:3])-[#1:13]	Any
EVODEX.2-Em279_0	Any	[#6:3]-[#6:1](-[#6](=[#8])-[#8])(-[#7:2](-[#8:13]-[#1])-[#8:9])-[#1:25]>>[#6:3]-[#6:1](=[#7:2]-[#8:9])-[#1:25].[#8:13](-[#1])-[#1]	Any;Any
EVODEX.2-Em281_0	Any;Any	[#6:3]-[#6:1](=[#8:4])-[#1].[#7:15]-[#6:14](=[#8:16])-[#6:8]1:[#6:13](:[#6:12](:[#6:11](:[#7&+:10](-[#6:17]):[#6:9]:1-[#1:125])-[#1:101])-[#1:100])-[#1:99]>>[#6:3]-[#6:1](=[#8:4])-[#8]-[#1].[#7:15]-[#6:14](=[#8:16])-[#6:8]1=[#6:9](-[#7:10](-[#6:17])-[#6:11](=[#6:12](-[#6:13]-1(-[#1:99])-[#1])-[#1:100])-[#1:101])-[#1:125]	Any;Any
EVODEX.2-Em282_0	Any;Any;Any	[#6:3]-[#6:1](=[#8:4])-[#1].[#7:15]-[#6:14](=[#8:16])-[#6:8]1:[#6:13](:[#6:12](:[#6:11](:[#7&+:10](-[#6:17]):[#6:9]:1-[#1:125])-[#1:101])-[#1:100])-[#1:99].[#8]=[#15](-[#8:2]-[#1])(-[#8])-[#8]>>[#6:3]-[#6:1](=[#8:4])-[#8:2]-[#1].[#7:15]-[#6:14](=[#8:16])-[#6:8]1=[#6:9](-[#7:10](-[#6:17])-[#6:11](=[#6:12](-[#6:13]-1(-[#1:99])-[#1])-[#1:100])-[#1:101])-[#1:125]	Any;Any
EVODEX.2-Em283_0	Any;Any;Any	[#6:3]-[#6:1](=[#8:9])-[#6:4](=[#8:6])-[#8:7].[#7:2](-[#1])(-[#1])-[#1].[#8:10](-[#8:11]-[#1])-[#1]>>[#6:3]-[#6:1](-[#7:2](-[#1])-[#1])(-[#6:4](=[#8:6])-[#8:7])-[#1].[#8:9](-[#1])-[#1].[#8:10]=[#8:11]	Any;Any;Any
EVODEX.2-Em284_0	Any;Any	[#6]-[#6](-[#8:13]-[#15:15](=[#8:16])(-[#8:17])-[#8:18])(-[#1])-[#1].[#8:22]-[#15:14](=[#8:23])(-[#8]-[#1])-[#8:24]>>[#8:18]-[#15:15](=[#8:16])(-[#8:17])-[#8:13]-[#15:14](=[#8:23])(-[#8:24])-[#8:22]	Any
EVODEX.2-Em287_0	Any;Any	[#6:3]-[#16:2]-[#1].[#8:50]=[#6:1](-[#8:55]-[#1])-[#6:51]>>[#6:3]-[#16:2]-[#6:1](=[#8:50])-[#6:51].[#8:55](-[#1])-[#1]	Any;Any
EVODEX.2-Em288_0	Any;Any	[#7](-[#6:49](-[#6:51])(-[#1:62])-[#1])(-[#1])-[#1].[#7:8]-[#6:7](=[#8:9])-[#6:1]1:[#6:6](:[#6:5](:[#6:4](:[#7&+:3](-[#6:10]):[#6:2]:1-[#1:102])-[#1:78])-[#1:77])-[#1:76]>>[#7:8]-[#6:7](=[#8:9])-[#6:1]1=[#6:2](-[#7:3](-[#6:10])-[#6:4](=[#6:5](-[#6:6]-1(-[#1:76])-[#1])-[#1:77])-[#1:78])-[#1:102].[#6:51]-[#6:49](=[#8])-[#1:62]	Any;Any
EVODEX.2-Em289_0	Any;Any;Any	[#6:3]-[#6:1](-[#6:4])(-[#1:93])-[#1].[#6:55]-[#6:53](=[#8:56])-[#6](=[#8])-[#8].[#8:2]=[#8:54]>>[#6:3]-[#6:1](-[#8:2]-[#1])(-[#6:4])-[#1:93].[#8:56]=[#6:53](-[#8:54]-[#1])-[#6:55]	Any;Any
EVODEX.2-Em290_0	Any	[#6:3]-[#6:1](-[#6:4])(-[#1:93])-[#1]>>[#6:3]-[#6:1](-[#8]-[#1])(-[#6:4])-[#1:93]	Any
EVODEX.2-Em291_0	Any;Any	[#6:3]-[#6:1](-[#6:4])(-[#1:93])-[#1].[#6:55]-[#6:53](=[#8:56])-[#6:61](=[#8:63])-[#8:62]-[#1]>>[#6:3]-[#6:1](-[#8]-[#1])(-[#6:4])-[#1:93].[#8:56]=[#6:53](-[#8]-[#1])-[#6:55].[#8:62]=[#6:61]=[#8:63]	Any;Any;Any
EVODEX.2-Em292_0	Any;Any	[#6:3]-[#6:1](-[#6:4])(-[#1:93])-[#1].[#6]-[#6](=[#8])-[#6:61](=[#8:63])-[#8:62]-[#1]>>[#6:3]-[#6:1](-[#8]-[#1])(-[#6:4])-[#1:93].[#8:62]=[#6:61]=[#8:63]	Any;Any
EVODEX.2-Em293_0	Any	[#7:2](-[#6:1](=[#8])-[#6:3])(-[#1])-[#1]>>[#7:2]#[#6:1]-[#6:3]	Any
EVODEX.2-Em294_0	Any;Any	[#6:2]-[#16:1]-[#6:49](=[#8:51])-[#6:52].[#8:50](-[#1])-[#1]>>[#6:2]-[#16:1]-[#1].[#8:51]=[#6:49](-[#8:50]-[#1])-[#6:52]	Any;Any
EVODEX.2-Em295_0	Any;Any	[#6:3]-[#6:1](-[#8:13]-[#15:15](=[#8:16])(-[#8:17])-[#8:18])(-[#1:47])-[#1:48].[#8:19]-[#15:14](=[#8:20])(-[#8:2]-[#1])-[#8:21]>>[#6:3]-[#6:1](-[#8:2]-[#1])(-[#1:47])-[#1:48].[#8:19]-[#15:14](=[#8:20])(-[#8:21])-[#8:13]-[#15:15](=[#8:16])(-[#8:17])-[#8:18]	Any;Any
EVODEX.2-Em297_0	Any;Any	[#8:4](-[#6:5]-[#6:1](-[#8:22]-[#1])(-[#6:6])-[#1:26])-[#1].[#6:8]-[#6:3](=[#8:9])-[#8:2]-[#1]>>[#6:8]-[#6:3](=[#8:9])-[#8:4]-[#6:5]-[#6:1](-[#8:2]-[#1])(-[#6:6])-[#1:26].[#8:22](-[#1])-[#1]	Any;Any
EVODEX.2-Em298_0	Any;Any	[#7:59](-[#6:49](-[#6:51])(-[#6:52](=[#8:54])-[#8:55])-[#1])(-[#1])-[#1].[#8:50](-[#1])-[#1]>>[#6:51]-[#6:49](=[#8:50])-[#6:52](=[#8:54])-[#8:55].[#7:59](-[#1])(-[#1])-[#1]	Any;Any
EVODEX.2-Em299_0	Any;Any	[#7](-[#6:49](-[#6:51])(-[#6:52](=[#8:54])-[#8:55])-[#1])(-[#1])-[#1].[#8:50](-[#1])-[#1]>>[#6:51]-[#6:49](=[#8:50])-[#6:52](=[#8:54])-[#8:55]	Any
EVODEX.2-Em300_0	Any;Any	[#6:5]-[#6:4](-[#6:6])=[#6:3](-[#6:1](-[#8:25]-[#15:27](=[#8:28])(-[#8:29])-[#8:30])(-[#1:73])-[#1:74])-[#1:72].[#8:31]-[#15:26](=[#8:32])(-[#8:33])-[#8:2]-[#15:17](=[#8:18])(-[#8:19])-[#8:20]>>[#6:5]-[#6:4](-[#6:6])=[#6:3](-[#6:1](-[#8:2]-[#15:17](=[#8:18])(-[#8:19])-[#8:20])(-[#1:73])-[#1:74])-[#1:72].[#8:31]-[#15:26](=[#8:32])(-[#8:33])-[#8:25]-[#15:27](=[#8:28])(-[#8:29])-[#8:30]	Any;Any
EVODEX.2-Em301_0	Any;Any	([#6:5]-[#8:4]-[#1].[#6:18]-[#6:1](-[#8]-[#1])(-[#6:34])-[#1:125]).[#6:64]-[#6:3](=[#8:65])-[#8:2]-[#1]>>([#6:34]-[#6:1](-[#8:2]-[#1])(-[#6:18])-[#1:125].[#6:5]-[#8:4]-[#6:3](=[#8:65])-[#6:64])	Any
EVODEX.2-Em302_0	Any	([#6:5]-[#8:4]-[#1].[#6:18]-[#6:1](-[#8:82]-[#1])(-[#6:34])-[#1:125])>>([#6:34]-[#6:1](-[#8]-[#1])(-[#6:18])-[#1:125].[#6:5]-[#8:4]-[#6](=[#8])-[#6]).[#8:82](-[#1])-[#1]	Any;Any
EVODEX.2-Em303_0	Any;Any	[#6:47]-[#6:45](-[#8:46]-[#1])(-[#6:48])-[#1].[#7:8]-[#6:7](=[#8:9])-[#6:1]1:[#6:6](:[#6:5](:[#6:4](:[#7&+:3](-[#6:10]):[#6:2]:1-[#1:130])-[#1:107])-[#1:106])-[#1:105]>>[#7:8]-[#6:7](=[#8:9])-[#6:1]1=[#6:2](-[#7:3](-[#6:10])-[#6:4](=[#6:5](-[#6:6]-1(-[#1:105])-[#1])-[#1:106])-[#1:107])-[#1:130].[#6:47]-[#6:45](=[#8:46])-[#6:48]	Any;Any
EVODEX.2-Em304_0	Any;Any	[#6:3]-[#16:2]-[#1].[#6:31]-[#6:1](=[#8:32])-[#8:41]-[#15:42](=[#8:43])(-[#8:44])-[#8:45]>>[#6:3]-[#16:2]-[#6:1](=[#8:32])-[#6:31].[#8:45]-[#15:42](=[#8:43])(-[#8:41]-[#1])-[#8:44]	Any;Any
EVODEX.2-Em305_0	Any	[#6:31]-[#6:1](=[#8:32])-[#8]-[#15](=[#8])(-[#8])-[#8]>>[#6]-[#16]-[#6:1](=[#8:32])-[#6:31]	Any
EVODEX.2-Em306_0	Any	[#6:31]-[#6:1](=[#8:32])-[#8:41]-[#15:42](=[#8:43])(-[#8:44])-[#8:45]>>[#6]-[#16]-[#6:1](=[#8:32])-[#6:31].[#8:45]-[#15:42](=[#8:43])(-[#8:41]-[#1])-[#8:44]	Any;Any
EVODEX.2-Em307_0	Any;Any	[#6:3]-[#16:2]-[#6:4].[#6:30]-[#6:29](=[#8:31])-[#8:28]-[#6:1](-[#1:96])(-[#1:97])-[#1:98]>>[#6:1](-[#16&+:2](-[#6:4])-[#6:3])(-[#1:96])(-[#1:97])-[#1:98].[#6:30]-[#6:29](=[#8:31])-[#8:28]-[#1]	Any;Any
EVODEX.2-Em308_0	Any;Any	[#6:3]-[#6:1](-[#8:17]-[#16:19](=[#8:20])(=[#8:21])-[#8:22])(-[#1:63])-[#1:64].[#8:23]-[#15:18](=[#8:24])(-[#8:2]-[#1])-[#8:25]>>[#6:3]-[#6:1](-[#8:2]-[#1])(-[#1:63])-[#1:64].[#8:23]-[#15:18](=[#8:24])(-[#8:25])-[#8:17]-[#16:19](=[#8:20])(=[#8:21])-[#8:22]	Any;Any
EVODEX.2-Em309_0	Any;Any	[#6:51]-[#6:49](=[#8:52])-[#16]-[#6].[#16:59]-[#6:58](=[#8:60])-[#6:50](-[#6:89](=[#8:91])-[#8:90]-[#1])(-[#1:165])-[#1:166]>>[#16:59]-[#6:58](=[#8:60])-[#6:50](-[#6:49](=[#8:52])-[#6:51])(-[#1:165])-[#1:166].[#8:90]=[#6:89]=[#8:91]	Any;Any
EVODEX.2-Em310_0	Any;Any	[#6](=[#6](-[#8]-[#15:8](=[#8:9])(-[#8:10])-[#8:11])-[#6](=[#8])-[#8])(-[#1])-[#1].[#8:13]-[#15:12](=[#8:14])(-[#8:7]-[#1])-[#8:15]>>[#8:13]-[#15:12](=[#8:14])(-[#8:15])-[#8:7]-[#15:8](=[#8:9])(-[#8:10])-[#8:11]	Any
EVODEX.2-Em311_0	Any;Any	[#6:51]-[#6:49](=[#8:52])-[#16:1]-[#6:2].[#7:50](-[#6:67])(-[#1])-[#1]>>[#6:2]-[#16:1]-[#1].[#6:51]-[#6:49](=[#8:52])-[#7:50](-[#6:67])-[#1]	Any;Any
EVODEX.2-Em312_0	Any;Any;Any	[#6:47]-[#6:45](-[#7:51](-[#1])-[#1])(-[#6:48])-[#1].[#7:8]-[#6:7](=[#8:9])-[#6:1]1:[#6:6](:[#6:5](:[#6:4](:[#7&+:3](-[#6:10]):[#6:2]:1-[#1:90])-[#1:67])-[#1:66])-[#1:65].[#8:46](-[#1])-[#1]>>[#7:8]-[#6:7](=[#8:9])-[#6:1]1=[#6:2](-[#7:3](-[#6:10])-[#6:4](=[#6:5](-[#6:6]-1(-[#1:65])-[#1])-[#1:66])-[#1:67])-[#1:90].[#6:47]-[#6:45](=[#8:46])-[#6:48].[#7:51](-[#1])(-[#1])-[#1]	Any;Any;Any
EVODEX.2-Em313_0	Any	([#6:2]-[#8:1]-[#15:13](=[#8:54])(-[#8:55])-[#8:19].[#6:14]-[#8:12]-[#1])>>[#6:2]-[#8:1]-[#1].[#6:14]-[#8:12]-[#15:13](=[#8:54])(-[#8:55])-[#8:19]	Any;Any
EVODEX.2-Em314_0	Any;Any	[#8:16]-[#7:4]=[#6:3](-[#6:6])-[#1:19].[#8:1]=[#6:2]=[#8:17]>>[#8:17]=[#6:2](-[#8:1]-[#1])-[#6:3](-[#6:6])(-[#7:4](-[#8]-[#1])-[#8:16])-[#1:19]	Any
EVODEX.2-Em315_0	Any	[#8:16]-[#7:4]=[#6:3](-[#6:6])-[#1:19]>>[#8]=[#6](-[#8])-[#6:3](-[#6:6])(-[#7:4](-[#8]-[#1])-[#8:16])-[#1:19]	Any
EVODEX.2-Em316_0	Any;Any;Any	[#8:16]-[#7:4]=[#6:3](-[#6:6])-[#1:19].[#8:1]=[#6:2]=[#8:17].[#8:5](-[#1])-[#1]>>[#8:17]=[#6:2](-[#8:1]-[#1])-[#6:3](-[#6:6])(-[#7:4](-[#8:5]-[#1])-[#8:16])-[#1:19]	Any
EVODEX.2-Em317_0	Any;Any;Any	[#6:3]-[#16:2]-[#1].[#6:50]-[#6:1](=[#8:51])-[#6:66](-[#7:69])(-[#6:70])-[#1:140].[#8:68]=[#6:67]=[#8:72]>>[#6:50]-[#6:1](=[#8:51])-[#16:2]-[#6:3].[#7:69]-[#6:66](-[#6:70])(-[#6:67](=[#8:72])-[#8:68]-[#1])-[#1:140]	Any;Any
EVODEX.2-Em318_0	Any;Any	[#6:3]-[#16:2]-[#1].[#6:50]-[#6:1](=[#8:51])-[#6:66](-[#7:69])(-[#6:70])-[#1:140]>>[#6:50]-[#6:1](=[#8:51])-[#16:2]-[#6:3].[#7:69]-[#6:66](-[#6:70])(-[#6](=[#8])-[#8])-[#1:140]	Any;Any
EVODEX.2-Em319_0	Any	[#7:10](-[#6:1](=[#8:3])-[#6:4])(-[#1])-[#1]>>[#6:4]-[#6:1](=[#8:3])-[#8]-[#1].[#7:10](-[#1])(-[#1])-[#1]	Any;Any
EVODEX.2-Em321_0	Any	[#6:30]-[#6:29](=[#8:31])-[#8:28]-[#1]>>[#6:30]-[#6:29](=[#8:31])-[#8:28]-[#6](-[#1])(-[#1])-[#1]	Any
EVODEX.2-Em322_0	Any;Any	[#6:4]-[#6:1](-[#6:3])(-[#8:24]-[#6:25](=[#8:26])-[#6:27])-[#1:47].[#8:2](-[#1])-[#1]>>[#6:4]-[#6:1](-[#6:3])(-[#8:2]-[#1])-[#1:47].[#6:27]-[#6:25](=[#8:26])-[#8:24]-[#1]	Any;Any
EVODEX.2-Em323_0	Any;Any	[#6:51]-[#6:49](-[#6:50](-[#6:54](=[#8:55])-[#1:67])(-[#1:65])-[#1])(-[#1:63])-[#1].[#7:8]-[#6:7](=[#8:9])-[#6:1]1:[#6:6](:[#6:5](:[#6:4](:[#7&+:3](-[#6:10]):[#6:2]:1-[#1:96])-[#1:72])-[#1:71])-[#1:70]>>[#7:8]-[#6:7](=[#8:9])-[#6:1]1=[#6:2](-[#7:3](-[#6:10])-[#6:4](=[#6:5](-[#6:6]-1(-[#1:70])-[#1])-[#1:71])-[#1:72])-[#1:96].[#6:51]-[#6:49](=[#6:50](-[#6:54](=[#8:55])-[#1:67])-[#1:65])-[#1:63]	Any;Any
EVODEX.2-Em324_0	Any;Any	[#6:50]-[#7:49](-[#6:1](=[#8:3])-[#6:4])-[#1].[#7:2](-[#6:46])(-[#1])-[#1]>>[#6:4]-[#6:1](=[#8:3])-[#7:2](-[#6:46])-[#1].[#6:50]-[#7:49](-[#1])-[#1]	Any;Any
EVODEX.2-Em325_0	Any	[#6:9]-[#6:7](-[#8:8]-[#1])(-[#6](-[#6](=[#8])-[#6](=[#8])-[#8])(-[#1])-[#1])-[#1:19]>>[#8:8]=[#6:7](-[#6:9])-[#1:19]	Any
EVODEX.2-Em326_0	Any	[#6:9]-[#6:7](-[#8:8]-[#1])(-[#6:1](-[#6:2](=[#8:3])-[#6:4](=[#8:5])-[#8:6])(-[#1:21])-[#1:22])-[#1:19]>>[#6:1](-[#6:2](=[#8:3])-[#6:4](=[#8:5])-[#8:6])(-[#1:21])(-[#1:22])-[#1].[#8:8]=[#6:7](-[#6:9])-[#1:19]	Any;Any
EVODEX.2-Em327_0	Any	[#8:35]-[#15:34](=[#8:36])(-[#8:37])-[#8:2]-[#15:55](=[#8:56])(-[#8:57])-[#8:58]>>[#6]-[#6](-[#6])(-[#8:2]-[#15:34](=[#8:36])(-[#8:37])-[#8:35])-[#1].[#8:56]=[#15:55](-[#8]-[#1])(-[#8:57])-[#8:58]	Any;Any
EVODEX.2-Em328_0	Any;Any	[#8](-[#6:1](-[#6:3])(-[#6:4])-[#1:44])-[#1].[#8]=[#15](-[#8:2]-[#1])(-[#8])-[#8]>>[#8:2](-[#6:1](-[#6:3])(-[#6:4])-[#1:44])-[#1]	Any
EVODEX.2-Em329_0	Any;Any	[#6:27](-[#16&+](-[#6])-[#6])(-[#1:63])(-[#1:64])-[#1:65].[#6:30]-[#6:29](=[#8:31])-[#8:28]-[#1]>>[#6:30]-[#6:29](=[#8:31])-[#8:28]-[#6:27](-[#1:63])(-[#1:64])-[#1:65]	Any
EVODEX.2-Em330_0	Any;Any;Any	[#6:3]-[#16:1]-[#1].[#6:22]-[#16:2]-[#1].[#6:42]-[#8:41]-[#8]-[#1]>>[#6:3]-[#16:1]-[#16:2]-[#6:22].[#6:42]-[#8:41]-[#1]	Any;Any
EVODEX.2-Em332_0	Any	[#6:2]-[#6:1](=[#8:3])-[#8:68]-[#1]>>[#6:2]-[#6:1](=[#8:3])-[#1].[#8]-[#15](=[#8])(-[#8:68]-[#1])-[#8]	Any;Any
EVODEX.2-Em333_0	Any;Any	[#6:2]-[#16:1]-[#6:49](=[#8:51])-[#6:52](=[#6:53](-[#6:54]1:[#6:55](:[#6:57](:[#6:59](-[#8:61]):[#6:58](-[#8:60]):[#6:56]:1-[#1:115])-[#1:112])-[#1:111])-[#1:110])-[#1:109].[#6:62]-[#8:50]-[#1]>>[#6:2]-[#16:1]-[#1].[#6:62]-[#8:50]-[#6:49](=[#8:51])-[#6:52](=[#6:53](-[#6:54]1:[#6:55](:[#6:57](:[#6:59](-[#8:61]):[#6:58](-[#8:60]):[#6:56]:1-[#1:115])-[#1:112])-[#1:111])-[#1:110])-[#1:109]	Any;Any
EVODEX.2-Em334_0	Any	[#6:51]-[#6:49](=[#8:50])-[#16]-[#6]>>[#6:51]-[#6:49](-[#8:50]-[#1])(-[#1])-[#1]	Any
EVODEX.2-Em335_0	Any	[#6:56]-[#7:54](-[#1])-[#1]>>[#6:56]-[#7:54](-[#6](-[#1])(-[#1])-[#1])-[#6](-[#1])(-[#1])-[#1]	Any
EVODEX.2-Em336_0	Any;Any	[#6:47]-[#6:45](-[#7:51](-[#6:52])-[#1])(-[#6:48](=[#8:49])-[#8:50])-[#1].[#8:46](-[#1])-[#1]>>[#6:47]-[#6:45](=[#8:46])-[#6:48](=[#8:49])-[#8:50].[#7:51](-[#6:52])(-[#1])-[#1]	Any;Any
EVODEX.2-Em337_0	Any;Any	[#6]-[#6](-[#7:51](-[#6:52])-[#1])(-[#6](=[#8])-[#8])-[#1].[#7:8]-[#6:7](=[#8:9])-[#6:1]1:[#6:6](:[#6:5](:[#6:4](:[#7&+:3](-[#6:10]):[#6:2]:1-[#1:96])-[#1:73])-[#1:72])-[#1:71]>>[#7:8]-[#6:7](=[#8:9])-[#6:1]1=[#6:2](-[#7:3](-[#6:10])-[#6:4](=[#6:5](-[#6:6]-1(-[#1:71])-[#1])-[#1:72])-[#1:73])-[#1:96].[#7:51](-[#6:52])(-[#1])-[#1]	Any;Any
EVODEX.2-Em338_0	Any	[#6:3]-[#6:1](=[#8:4])-[#8:21]-[#6:22]>>[#6:3]-[#6:1](=[#8:4])-[#8]-[#1].[#6:22]-[#8:21]-[#1]	Any;Any
EVODEX.2-Em339_0	Any	[#6:3]-[#6:1](-[#1:50])(-[#1:51])-[#1]>>[#6:3]-[#6:1](-[#8]-[#1])(-[#1:50])-[#1:51]	Any
EVODEX.2-Em340_0	Any;Any	[#8:15](-[#6:1](-[#6:3])(-[#1:17])-[#1:18])-[#1].[#8:12]=[#15:11](-[#8:2]-[#1])(-[#8:13])-[#8:14]>>[#8:12]=[#15:11](-[#8:13])(-[#8:14])-[#8:2]-[#6:1](-[#6:3])(-[#1:17])-[#1:18].[#8:15](-[#1])-[#1]	Any;Any
EVODEX.2-Em341_0	Any;Any;Any	[#7:16]-[#6:15](=[#8:17])-[#6:9]1=[#6:14](-[#7:13](-[#6:18])-[#6:12](=[#6:11](-[#6:10]-1(-[#1:81])-[#1])-[#1:80])-[#1:79])-[#1:56].[#6:3]-[#6:1](=[#8:53])-[#6:4].[#7:2](-[#1])(-[#1])-[#1]>>[#6:3]-[#6:1](-[#7:2](-[#1])-[#1])(-[#6:4])-[#1].[#7:16]-[#6:15](=[#8:17])-[#6:9]1:[#6:10](:[#6:11](:[#6:12](:[#7&+:13](-[#6:18]):[#6:14]:1-[#1:56])-[#1:79])-[#1:80])-[#1:81].[#8:53](-[#1])-[#1]	Any;Any;Any
EVODEX.2-Em342_0	Any;Any	[#0&1*:51]-[#6:49](=[#8:52])-[#16:1]-[#6:2].[#6:53]-[#8:50]-[#1]>>[#6:2]-[#16:1]-[#1].[#0&1*:51]-[#6:49](=[#8:52])-[#8:50]-[#6:53]	Any;Any
EVODEX.2-Em343_0	Any;Any	[#6:3]-[#6:1](-[#8:23]-[#1])(-[#6:4])-[#1:84].[#8]=[#15](-[#8:2]-[#1])(-[#8])-[#8]>>[#6:3]-[#6:1](-[#8:2]-[#1])(-[#6:4])-[#1:84].[#8:23](-[#1])-[#1]	Any;Any
EVODEX.2-Em344_0	Any;Any	[#6:3]-[#6:1](-[#7](-[#1])-[#1])=[#8:4].[#8:2](-[#1])-[#1]>>[#6:3]-[#6:1](=[#8:4])-[#8:2]-[#1]	Any
EVODEX.2-Em345_0	Any	[#6:13]-[#7:2]=[#6:1](-[#6:3])-[#1:19]>>[#6:13]-[#7:2](-[#6:1](-[#6:3])(-[#1:19])-[#1])-[#1]	Any
EVODEX.2-Em346_0	Any	[#6:3]-[#6:1](=[#8:11])-[#6:4](=[#8:6])-[#8:7]>>[#7](-[#6:1](-[#6:3])(-[#6:4](=[#8:6])-[#8:7])-[#1])(-[#1])-[#1].[#8:11]=[#6](-[#6](=[#8])-[#8])-[#1]	Any;Any
EVODEX.2-Em347_0	Any;Any	[#8]=[#6:2]=[#8:4].[#7:3](-[#6:5])(-[#1])-[#1]>>[#7](-[#6:2](=[#8:4])-[#7:3](-[#6:5])-[#1])(-[#1])-[#1]	Any
EVODEX.2-Em348_0	Any;Any;Any	[#8]=[#6:2]=[#8:4].[#7:1](-[#1])(-[#1])-[#1].[#7:3](-[#6:5])(-[#1])-[#1]>>[#7:1](-[#6:2](=[#8:4])-[#7:3](-[#6:5])-[#1])(-[#1])-[#1]	Any
EVODEX.2-Em349_0	Any	[#6:29]-[#7:28](-[#6](-[#1])(-[#1])-[#1])-[#1]>>[#6:29]-[#7:28](-[#1])-[#1]	Any
EVODEX.2-Em350_0	Any;Any	[#6:3]-[#6:1](-[#8:23]-[#1])(-[#1:53])-[#1:54].[#8:25]-[#15:24](=[#8:26])(-[#8:27])-[#8:2]-[#15:19](=[#8:20])(-[#8:21])-[#8:22]>>[#6:3]-[#6:1](-[#8:2]-[#15:19](=[#8:20])(-[#8:21])-[#8:22])(-[#1:53])-[#1:54].[#8:25]-[#15:24](=[#8:26])(-[#8:23]-[#1])-[#8:27]	Any;Any
EVODEX.2-Em351_0	Any;Any	[#6:3]-[#6:1](-[#8]-[#1])(-[#6:4])-[#1:34].[#8:22]=[#15:21](-[#8:2]-[#1])(-[#8:23])-[#8:24]>>[#6:3]-[#6:1](-[#8:2]-[#15:21](=[#8:22])(-[#8:23])-[#8:24])(-[#6:4])-[#1:34]	Any
EVODEX.2-Em352_0	Any;Any	([#6:5]-[#8:4]-[#1].[#6:21]-[#6:1](=[#8:22])-[#8]-[#1]).[#6:23]-[#6:3](=[#8:24])-[#8:2]-[#1]>>([#6:23]-[#6:3](=[#8:24])-[#8:4]-[#6:5].[#6:21]-[#6:1](=[#8:22])-[#8:2]-[#1])	Any
EVODEX.2-Em354_0	Any;Any	[#8:13]=[#6:2]=[#8:4].[#6:5]-[#7:3](-[#1])-[#1]>>[#7](-[#6:2](=[#8:4])-[#7:3](-[#6:5])-[#1])(-[#1])-[#1].[#8:13](-[#1])-[#1]	Any;Any
EVODEX.2-Em357_0	Any;Any	[#6:3]-[#16:2]-[#1].[#6:50]-[#6:1](=[#8:51])-[#8:68]-[#6:69]>>[#6:50]-[#6:1](=[#8:51])-[#16:2]-[#6:3].[#6:69]-[#8:68]-[#1]	Any;Any
EVODEX.2-Em358_0	Any	[#6:51]-[#6:49](-[#6:50](-[#6:61](=[#8:66])-[#6:58])(-[#1:88])-[#1])(-[#6:52])-[#1]>>[#6:51]-[#6:49](=[#6:50](-[#6:61](=[#8:66])-[#6:58])-[#1:88])-[#6:52]	Any
EVODEX.2-Em360_0	Any;Any	[#6:27](-[#16&+](-[#6])-[#6])(-[#1:43])(-[#1:44])-[#1:45].[#6:29]-[#7:28](-[#1])-[#1]>>[#6:27](-[#7:28](-[#6:29])-[#1])(-[#1:43])(-[#1:44])-[#1:45]	Any
EVODEX.2-Em361_0	Any;Any	[#6:3]-[#6:1](-[#8]-[#1])(-[#6:4])-[#1:89].[#8]-[#15](=[#8])(-[#8])-[#8:2]-[#16:32](=[#8:33])(=[#8:34])-[#8:35]>>[#6:3]-[#6:1](-[#8:2]-[#16:32](=[#8:33])(=[#8:34])-[#8:35])(-[#6:4])-[#1:89]	Any
EVODEX.2-Em363_0	Any;Any	[#7:2](-[#6](-[#6](=[#8])-[#8])(-[#1])-[#1])(-[#1])-[#1].[#6:3]-[#6:1](=[#8])-[#6:4](=[#8:5])-[#8:6]>>[#6:3]-[#6:1](-[#7:2](-[#1])-[#1])(-[#6:4](=[#8:5])-[#8:6])-[#1]	Any
EVODEX.2-Em364_0	Any	[#6:24]-[#8:2]-[#6:3](-[#8:14])(-[#6:15])-[#1:88]>>[#6:24]-[#8:2]-[#6](-[#8])(-[#6]-[#8]-[#6:3](-[#8:14])(-[#6:15])-[#1:88])-[#1]	Any
EVODEX.2-Em365_0	Any	[#6:3]-[#6:1](=[#8:10])-[#6:4](=[#8:6])-[#8:7]>>[#6:3]-[#6:1](-[#7](-[#1])-[#1])(-[#6:4](=[#8:6])-[#8:7])-[#1].[#8:10](-[#1])-[#1]	Any;Any
EVODEX.2-Em366_0	Any;Any;Any	[#7:15]-[#6:14](=[#8:16])-[#6:8]1=[#6:13](-[#7:12](-[#6:17])-[#6:11](=[#6:10](-[#6:9]-1(-[#1:80])-[#1])-[#1:79])-[#1:78])-[#1:55].[#6:3]-[#6:1](=[#8])-[#1:93].[#7:2](-[#1])(-[#1])-[#1]>>[#6:3]-[#6:1](-[#7:2](-[#1])-[#1])(-[#1:93])-[#1].[#7:15]-[#6:14](=[#8:16])-[#6:8]1:[#6:9](:[#6:10](:[#6:11](:[#7&+:12](-[#6:17]):[#6:13]:1-[#1:55])-[#1:78])-[#1:79])-[#1:80]	Any;Any
EVODEX.2-Em367_0	Any	[#6:3]-[#6:1](=[#8:52])-[#1:93]>>[#6:3]-[#6:1](-[#7](-[#1])-[#1])(-[#1:93])-[#1].[#8:52](-[#1])-[#1]	Any;Any
EVODEX.2-Em368_0	Any;Any	[#6:10]-[#6:1](-[#8]-[#1])(-[#6:9]-[#8:6]-[#15:5](=[#8:7])(-[#8:4]-[#1])-[#8:8])-[#1:87].[#6:30]-[#6:3](-[#8:2]-[#1])(-[#1:127])-[#1:128]>>[#6:10]-[#6:1](-[#8:2]-[#1])(-[#6:9]-[#8:6]-[#15:5](=[#8:7])(-[#8:8])-[#8:4]-[#6:3](-[#6:30])(-[#1:127])-[#1:128])-[#1:87]	Any
EVODEX.2-Em369_0	Any	[#6:3]-[#6:1](=[#8:4])-[#8:27]-[#1]>>[#6:3]-[#6:1](=[#8:4])-[#8]-[#1].[#8]-[#15](=[#8])(-[#8:27]-[#1])-[#8]	Any;Any
EVODEX.2-Em370_0	Any;Any	[#6:3]-[#6:1](-[#6:4])(-[#1:53])-[#1].[#8:2]=[#8:49]>>[#6:3]-[#6:1](-[#6:4])(-[#8:2]-[#1])-[#1:53].[#8:49](-[#1])-[#1]	Any;Any
EVODEX.2-Em372_0	Any;Any	[#6:3]-[#6:1](-[#7:9](-[#1])-[#1])(-[#6:4](=[#8:7])-[#8:8])-[#1].[#8:10]=[#8:11]>>[#6:3]-[#6:1](=[#8])-[#6:4](=[#8:7])-[#8:8].[#7:9](-[#1])(-[#1])-[#1].[#8:10](-[#8:11]-[#1])-[#1]	Any;Any;Any
EVODEX.2-Em373_0	Any;Any	[#7:7](=[#6:8](-[#7:10])-[#7:1](-[#6:2])-[#1])-[#1].[#8:9](-[#1])-[#1]>>[#7:1](-[#6:2])(-[#1])-[#1].[#7:7](-[#6:8](-[#7:10])=[#8:9])(-[#1])-[#1]	Any;Any
EVODEX.2-Em374_0	Any;Any	[#6:27](-[#16&+:1](-[#6:2])-[#6:3])(-[#1:34])(-[#1:35])-[#1:36].[#7:28](-[#6:29])(-[#1])-[#1]>>[#6:3]-[#16:1]-[#6:2].[#6:27](-[#7:28](-[#6:29])-[#1])(-[#1:34])(-[#1:35])-[#1:36]	Any;Any
EVODEX.2-Em375_0	Any;Any	[#6:6]-[#6:3](=[#7:4]-[#8:14])-[#1:31].[#8:5](-[#1])-[#1]>>[#6:6]-[#6:3](-[#6](=[#8])-[#8])(-[#7:4](-[#8:5]-[#1])-[#8:14])-[#1:31]	Any
EVODEX.2-Em376_0	Any;Any	[#6:10]-[#6:1](-[#8:31]-[#1])(-[#6:9]-[#8:6]-[#15:5](=[#8:7])(-[#8:4]-[#1])-[#8:8])-[#1:65].[#6:29]-[#6:3](-[#8:2]-[#1])(-[#1:75])-[#1:76]>>[#6:10]-[#6:1](-[#8:2]-[#1])(-[#6:9]-[#8:6]-[#15:5](=[#8:7])(-[#8:8])-[#8:4]-[#6:3](-[#6:29])(-[#1:75])-[#1:76])-[#1:65].[#8:31](-[#1])-[#1]	Any;Any
EVODEX.2-Em377_0	Any	[#6:51]-[#6:49](=[#8:52])-[#16]-[#6]>>[#6]-[#8]-[#6:49](=[#8:52])-[#6:51]	Any
EVODEX.2-Em378_0	Any	[#6:51]-[#6:49](=[#8:52])-[#16:1]-[#6:2]>>[#6:2]-[#16:1]-[#1].[#6]-[#8]-[#6:49](=[#8:52])-[#6:51]	Any;Any
EVODEX.2-Em380_0	Any	[#6:5]-[#7:4](-[#6:1](-[#7:12](-[#1])-[#1])=[#8:3])-[#1]>>[#8]=[#6:1]=[#8:3].[#6:5]-[#7:4](-[#1])-[#1].[#7:12](-[#1])(-[#1])-[#1]	Any;Any;Any
EVODEX.2-Em381_0	Any;Any;Any	[#7:15]-[#6:14](=[#8:16])-[#6:8]1=[#6:13](-[#7:12](-[#6:17])-[#6:11](=[#6:10](-[#6:9]-1(-[#1:80])-[#1])-[#1:79])-[#1:78])-[#1:55].[#8:5]=[#6:3](-[#8:6])-[#6:1](=[#8:52])-[#6:4].[#7:2](-[#1])(-[#1])-[#1]>>[#7:2](-[#6:1](-[#6:4])(-[#6:3](=[#8:5])-[#8:6])-[#1])(-[#1])-[#1].[#7:15]-[#6:14](=[#8:16])-[#6:8]1:[#6:9](:[#6:10](:[#6:11](:[#7&+:12](-[#6:17]):[#6:13]:1-[#1:55])-[#1:78])-[#1:79])-[#1:80].[#8:52](-[#1])-[#1]	Any;Any;Any
EVODEX.2-Em382_0	Any;Any	[#8:38]-[#15:37](=[#8:39])(-[#8:40])-[#8:36]-[#6:1](-[#8:11])(-[#6:7]-[#6:5]-[#8:4]-[#1])-[#1:69].[#6:24]-[#8:2]-[#6:3](-[#8:14])(-[#6:15])-[#1:91]>>[#6:24]-[#8:2]-[#6:1](-[#8:11])(-[#6:7]-[#6:5]-[#8:4]-[#6:3](-[#8:14])(-[#6:15])-[#1:91])-[#1:69].[#8:38]-[#15:37](=[#8:39])(-[#8:36]-[#1])-[#8:40]	Any;Any
EVODEX.2-Em383_0	Any;Any	[#8]-[#15](=[#8])(-[#8])-[#8]-[#6:1](-[#8:11])(-[#6:7]-[#6:5]-[#8:4]-[#1])-[#1:69].[#6:24]-[#8:2]-[#6:3](-[#8:14])(-[#6:15])-[#1:91]>>[#6:24]-[#8:2]-[#6:1](-[#8:11])(-[#6:7]-[#6:5]-[#8:4]-[#6:3](-[#8:14])(-[#6:15])-[#1:91])-[#1:69]	Any
EVODEX.2-Em384_0	Any	[#6:11]-[#6:1](-[#8]-[#1])(-[#6:7]-[#8:4]-[#15:3](=[#8:5])(-[#8:2]-[#1])-[#8:6])-[#1:20]>>[#6:11]-[#6:1]1(-[#8:2]-[#15:3](=[#8:5])(-[#8:6])-[#8:4]-[#6:7]-1)-[#1:20]	Any
EVODEX.2-Em385_0	Any;Any	[#6:2]-[#6:1](-[#8]-[#1])(-[#6:3])-[#1:28].[#8:14]=[#6:11](-[#8]-[#1])-[#6:15]>>[#6:2]-[#6:1](-[#6:3])(-[#1:28])-[#1].[#6:15]-[#6:11](=[#8:14])-[#6](=[#8])-[#8]	Any;Any
EVODEX.2-Em386_0	Any;Any	[#7](-[#6:11](-[#6:13])(-[#6:14])-[#1])(-[#1])-[#1].[#6]-[#6](=[#8:12])-[#6](=[#8])-[#8]>>[#8:12]=[#6:11](-[#6:13])-[#6:14]	Any
EVODEX.2-Em387_0	Any;Any	[#6:3]-[#6:1](-[#8]-[#1])(-[#1:135])-[#1:136].[#8]-[#15](=[#8])(-[#8])-[#8:2]-[#16:82](=[#8:83])(=[#8:84])-[#8:85]>>[#6:3]-[#6:1](-[#8:2]-[#16:82](=[#8:83])(=[#8:84])-[#8:85])(-[#1:135])-[#1:136]	Any
EVODEX.2-Em388_0	Any;Any;Any	[#6:3]-[#6:1](-[#6:4])(-[#1:26])-[#1].[#6:14]-[#6:12](=[#8:15])-[#6:20](=[#8:22])-[#8:21]-[#1].[#8:2]=[#8:13]>>[#6:3]-[#6:1](-[#8:2]-[#1])(-[#6:4])-[#1:26].[#8:15]=[#6:12](-[#8:13]-[#1])-[#6:14].[#8:21]=[#6:20]=[#8:22]	Any;Any;Any
EVODEX.2-Em389_0	Any;Any	[#6:3]-[#6:1](-[#6:4])(-[#1:26])-[#1].[#8:2]=[#8:13]>>[#6:3]-[#6:1](-[#8:2]-[#1])(-[#6:4])-[#1:26].[#8]=[#6](-[#8:13]-[#1])-[#6]	Any;Any
EVODEX.2-Em390_0	Any;Any	[#7:23]-[#6:22](=[#8:24])-[#6:16]1=[#6:21](-[#7:20](-[#6:25])-[#6:19](=[#6:18](-[#6:17]-1(-[#1:93])-[#1])-[#1:92])-[#1:91])-[#1:67].[#6:7]-[#7:2](-[#1])-[#1]>>[#6]-[#6](-[#7:2](-[#6:7])-[#1])(-[#6](=[#8])-[#8])-[#1].[#7:23]-[#6:22](=[#8:24])-[#6:16]1:[#6:17](:[#6:18](:[#6:19](:[#7&+:20](-[#6:25]):[#6:21]:1-[#1:67])-[#1:91])-[#1:92])-[#1:93]	Any;Any
EVODEX.2-Em391_0	Any	[#6:3]-[#6:1](-[#7:8](-[#1])-[#1])(-[#1:21])-[#1]>>[#6:3]-[#6:1](=[#8])-[#1:21].[#7:8](-[#1])(-[#1])-[#1]	Any;Any
EVODEX.2-Em392_0	Any;Any	[#6:3]-[#6:1](-[#7](-[#1])-[#1])(-[#1:21])-[#1].[#8:9]=[#8:10]>>[#6:3]-[#6:1](=[#8])-[#1:21].[#8:9](-[#8:10]-[#1])-[#1]	Any;Any
EVODEX.2-Em393_0	Any	[#0]-[#6](=[#8])-[#8:5]-[#6:6]>>[#6:6]-[#8:5]-[#1]	Any
EVODEX.2-Em394_0	Any	[#6:2]-[#7:1](-[#6:4](=[#7:3]-[#1])-[#7:6])-[#1]>>[#6:2]-[#7:1](-[#1])-[#1].[#7:3](-[#6:4](-[#7:6])=[#8])(-[#1])-[#1]	Any;Any
EVODEX.2-Em395_0	Any;Any	[#6:3]-[#6:1](-[#6:4])(-[#1:53])-[#1].[#6:28]-[#6:26](=[#8:29])-[#6](=[#8])-[#8]>>[#6:3]-[#6:1](-[#8]-[#1])(-[#6:4])-[#1:53].[#8:29]=[#6:26](-[#8]-[#1])-[#6:28]	Any;Any
EVODEX.2-Em397_0	Any;Any	[#6:4]-[#6:1](-[#6:3])(-[#8:28]-[#1])-[#1:65].[#8:30]-[#15:29](=[#8:31])(-[#8:32])-[#8]-[#15](=[#8])(-[#8])-[#8]>>[#6:4]-[#6:1](-[#6:3])(-[#8]-[#1])-[#1:65].[#8:30]-[#15:29](=[#8:31])(-[#8:28]-[#1])-[#8:32]	Any;Any
EVODEX.2-Em398_0	Any	[#6:51]-[#6:49](=[#8:52])-[#16:1]-[#6:2]>>[#6:2]-[#16:1]-[#1].[#6:51]-[#6:49](=[#8:52])-[#8]-[#1]	Any;Any
EVODEX.2-Em399_0	Any;Any	[#7:57](-[#6:45](-[#6:47])(-[#6:48](=[#8:50])-[#8:51])-[#1])(-[#1])-[#1].[#7:8]-[#6:7](=[#8:9])-[#6:1]1:[#6:6](:[#6:5](:[#6:4](:[#7&+:3](-[#6:10]):[#6:2]:1-[#1:96])-[#1:73])-[#1:72])-[#1:71]>>[#7:8]-[#6:7](=[#8:9])-[#6:1]1=[#6:2](-[#7:3](-[#6:10])-[#6:4](=[#6:5](-[#6:6]-1(-[#1:71])-[#1])-[#1:72])-[#1:73])-[#1:96].[#8:50]=[#6:48](-[#8:51])-[#6:45](=[#8])-[#6:47].[#7:57](-[#1])(-[#1])-[#1]	Any;Any;Any
EVODEX.2-Em400_0	Any;Any	[#6:3]-[#16:2]-[#1].[#8:50]=[#6:1](-[#8:57]-[#6:58])-[#6:51]1:[#6:52](:[#6:54](:[#6:56](:[#6:55](:[#6:53]:1-[#1:112])-[#1:111])-[#1:110])-[#1:109])-[#1:108]>>[#6:3]-[#16:2]-[#6:1](=[#8:50])-[#6:51]1:[#6:52](:[#6:54](:[#6:56](:[#6:55](:[#6:53]:1-[#1:112])-[#1:111])-[#1:110])-[#1:109])-[#1:108].[#8:57](-[#6:58])-[#1]	Any;Any
EVODEX.2-Em401_0	Any	[#8]=[#6](-[#8:57]-[#6:58])-[#6]1:[#6](:[#6](:[#6](:[#6](:[#6]:1-[#1])-[#1])-[#1])-[#1])-[#1]>>[#8:57](-[#6:58])-[#1]	Any
EVODEX.2-Em403_0	Any;Any	[#8:3]=[#6:1](-[#8:22]-[#1])-[#6:4].[#8:2](-[#1])-[#1]>>[#8:3]=[#6:1](-[#8:2]-[#1])-[#6:4].[#8]-[#15](=[#8])(-[#8:22]-[#1])-[#8]	Any;Any
EVODEX.2-Em404_0	Any	[#6:101]-[#6:52](=[#8:102])-[#6:1](-[#6:2](=[#8:3])-[#16:4])(-[#1:196])-[#1:197]>>[#6:1](-[#6:2](=[#8:3])-[#16:4])(-[#1:196])(-[#1:197])-[#1].[#6:101]-[#6:52](=[#8:102])-[#16]-[#6]	Any;Any
EVODEX.2-Em405_0	Any;Any	[#7:131]-[#6:130](=[#8:132])-[#6:124]1=[#6:129](-[#7:128](-[#6:133])-[#6:127](=[#6:126](-[#6:125]-1(-[#1:200])-[#1])-[#1:199])-[#1:198])-[#1:174].[#6:51]-[#6:49](=[#8:50])-[#16:1]-[#6:2]>>[#6:2]-[#16:1]-[#1].[#6:51]-[#6:49](-[#8:50]-[#1])(-[#1])-[#1].[#7:131]-[#6:130](=[#8:132])-[#6:124]1:[#6:125](:[#6:126](:[#6:127](:[#7&+:128](-[#6:133]):[#6:129]:1-[#1:174])-[#1:198])-[#1:199])-[#1:200]	Any;Any;Any
EVODEX.2-Em406_0	Any;Any	([#8:46](-[#6:1](-[#6:8])(-[#1:48])-[#1:49])-[#1].[#6:5]-[#8:4]-[#1]).[#6:15]-[#6:3](-[#6:14])(-[#8:2]-[#1])-[#1:89]>>([#8:2](-[#6:1](-[#6:8])(-[#1:48])-[#1:49])-[#1].[#6:5]-[#8:4]-[#6:3](-[#6:15])(-[#6:14])-[#1:89]).[#8:46](-[#1])-[#1]	Any;Any
EVODEX.2-Em407_0	Any	[#0:3]-[#6:1](=[#8:4])-[#8:5]-[#6:6]>>[#0:3]-[#6:1](=[#8:4])-[#8]-[#1].[#6:6]-[#8:5]-[#1]	Any;Any
EVODEX.2-Em408_0	Any;Any	[#6:3]-[#16:2]-[#1].[#6:53]-[#7:52](-[#6:1](-[#6:50])=[#8:51])-[#1]>>[#6:50]-[#6:1](=[#8:51])-[#16:2]-[#6:3].[#6:53]-[#7:52](-[#1])-[#1]	Any;Any
EVODEX.2-Em409_0	Any	[#6:4]-[#6:2]#[#7:1]>>[#6:4]-[#6:2](-[#7:1](-[#1])-[#1])=[#8]	Any
EVODEX.2-Em410_0	Any;Any	[#0:51]-[#6:49](=[#8:52])-[#16]-[#6].[#6:53]-[#8:50]-[#1]>>[#0:51]-[#6:49](=[#8:52])-[#8:50]-[#6:53]	Any
EVODEX.2-Em411_0	Any	[#0:50]-[#6:1](=[#8:51])-[#8:52]-[#6:53]>>[#0:50]-[#6:1](=[#8:51])-[#16]-[#6].[#6:53]-[#8:52]-[#1]	Any;Any
EVODEX.2-Em412_0	Any;Any	[#8:3]-[#6:1](-[#8:13]-[#6:14])(-[#6:4])-[#1:31].[#8:2](-[#1])-[#1]>>[#6:4]-[#6:1](-[#8:2]-[#1])(-[#8:3])-[#1:31].[#6:14]-[#8:13]-[#1]	Any;Any
EVODEX.2-Em413_0	Any	[#6:15]-[#6:3](-[#6:14])(-[#8:2]-[#1])-[#1:209]>>([#6:15]-[#6:3](-[#6:14])(-[#8]-[#6])-[#1:209].[#6]-[#6](-[#8:2]-[#1])(-[#1])-[#1])	Any
EVODEX.2-Em414_0	Any;Any	[#8:3]=[#6:1](-[#8]-[#1])-[#6:4].[#8]=[#15](-[#8:2]-[#1])(-[#8])-[#8]>>[#8:3]=[#6:1](-[#8:2]-[#1])-[#6:4]	Any
EVODEX.2-Em415_0	Any;Any	[#8:31]-[#15:30](=[#8:32])(-[#8:28]-[#1])-[#8:33].[#8]-[#15](=[#8])(-[#8])-[#8]-[#15:29](=[#8:46])(-[#8:47])-[#8:48]>>[#8:31]-[#15:30](=[#8:32])(-[#8:33])-[#8:28]-[#15:29](=[#8:46])(-[#8:47])-[#8:48]	Any
EVODEX.2-Em416_0	Any;Any	[#6:3]-[#6:1](=[#8:4])-[#7:10](-[#6:11])-[#1].[#8:2](-[#1])-[#1]>>[#6:3]-[#6:1](=[#8:4])-[#8:2]-[#1].[#6:11]-[#7:10](-[#1])-[#1]	Any;Any
EVODEX.2-Em417_0	Any;Any	[#6:50]-[#6:49](=[#8:51])-[#16]-[#6].[#7:60]-[#6:59](=[#8:61])-[#6:53]1=[#6:58](-[#7:57](-[#6:62])-[#6:56](=[#6:55](-[#6:54]-1(-[#1:164])-[#1])-[#1:163])-[#1:162])-[#1:139]>>[#6:50]-[#6:49](=[#8:51])-[#1].[#7:60]-[#6:59](=[#8:61])-[#6:53]1:[#6:54](:[#6:55](:[#6:56](:[#7&+:57](-[#6:62]):[#6:58]:1-[#1:139])-[#1:162])-[#1:163])-[#1:164]	Any;Any
EVODEX.2-Em419_0	Any;Any	[#6:3]-[#6:1](-[#8]-[#15](=[#8])(-[#8])-[#8])(-[#1:46])-[#1:47].[#8:2](-[#1])-[#1]>>[#6:3]-[#6:1](-[#8:2]-[#1])(-[#1:46])-[#1:47]	Any
EVODEX.2-Em420_0	Any;Any	([#8:80]-[#15:79](=[#8:81])(-[#8:82])-[#8:78]-[#6:1](-[#8:7])(-[#6:12])-[#1:111].[#6:5]-[#8:4]-[#1]).[#6:24]-[#8:2]-[#6:3](-[#8:14])(-[#6:15])-[#1:141]>>([#6:24]-[#8:2]-[#6:1](-[#8:7])(-[#6:12])-[#1:111].[#6:5]-[#8:4]-[#6:3](-[#8:14])(-[#6:15])-[#1:141]).[#8:80]-[#15:79](=[#8:81])(-[#8:78]-[#1])-[#8:82]	Any;Any
EVODEX.2-Em421_0	Any;Any	[#6:3]-[#16:2]-[#6:56](=[#8:58])-[#6:59].[#8:50]=[#6:1](-[#8:57]-[#1])-[#6:51]>>[#6:3]-[#16:2]-[#6:1](=[#8:50])-[#6:51].[#8:58]=[#6:56](-[#8:57]-[#1])-[#6:59]	Any;Any
EVODEX.2-Em422_0	Any	[#6](-[#7:28](-[#6:29])-[#6:30])(-[#1])(-[#1])-[#1]>>[#6:29]-[#7:28](-[#6:30])-[#1]	Any
EVODEX.2-Em423_0	Any;Any	[#6:3]-[#6:1](=[#8:4])-[#8:26]-[#1].[#8:28]-[#15:27](=[#8:29])(-[#8:30])-[#8]-[#15](=[#8])(-[#8])-[#8]>>[#6:3]-[#6:1](=[#8:4])-[#8]-[#1].[#8:28]-[#15:27](=[#8:29])(-[#8:26]-[#1])-[#8:30]	Any;Any
EVODEX.2-Em424_0	Any	[#7](-[#6:1](-[#6:3])(-[#1:18])-[#1])(-[#1])-[#1]>>[#8]=[#6:1](-[#6:3])-[#1:18]	Any
EVODEX.2-Em425_0	Any;Any	[#7:14]-[#6:13](=[#8:15])-[#6:7]1=[#6:12](-[#7:11](-[#6:16])-[#6:10](=[#6:9](-[#6:8]-1(-[#1:84])-[#1])-[#1:83])-[#1:82])-[#1:58].[#6:3]-[#6:1](=[#8])-[#6:4]>>[#6:3]-[#6:1](-[#7](-[#1])-[#1])(-[#6:4])-[#1].[#7:14]-[#6:13](=[#8:15])-[#6:7]1:[#6:8](:[#6:9](:[#6:10](:[#7&+:11](-[#6:16]):[#6:12]:1-[#1:58])-[#1:82])-[#1:83])-[#1:84]	Any;Any
EVODEX.2-Em426_0	Any;Any;Any	[#6:2]-[#6:1](-[#8:66]-[#1])(-[#6:3](=[#8:5])-[#16:6])-[#1:77].[#8:59]=[#6:56](-[#8:67]-[#1])-[#6:60].[#8:58]=[#6:57]=[#8:65]>>[#6:2]-[#6:1](-[#6:3](=[#8:5])-[#16:6])(-[#1:77])-[#1].[#6:60]-[#6:56](=[#8:59])-[#6:57](=[#8:65])-[#8:58]-[#1].[#8:66]=[#8:67]	Any;Any;Any
EVODEX.2-Em427_0	Any;Any	[#6:2]-[#6:1](-[#8:66]-[#1])(-[#6:3](=[#8:5])-[#16:6])-[#1:77].[#8:58]=[#6:57]=[#8:65]>>[#6:2]-[#6:1](-[#6:3](=[#8:5])-[#16:6])(-[#1:77])-[#1].[#6]-[#6](=[#8])-[#6:57](=[#8:65])-[#8:58]-[#1].[#8:66]=[#8]	Any;Any;Any
EVODEX.2-Em428_0	Any	[#6:2]-[#6:1](-[#8]-[#1])(-[#6:3](=[#8:5])-[#16:6])-[#1:77]>>[#6:2]-[#6:1](-[#6:3](=[#8:5])-[#16:6])(-[#1:77])-[#1]	Any
EVODEX.2-Em429_0	Any;Any	[#6:2]-[#6:1](-[#8]-[#1])(-[#6:3](=[#8:5])-[#16:6])-[#1:77].[#8:58]=[#6:57]=[#8:65]>>[#6:2]-[#6:1](-[#6:3](=[#8:5])-[#16:6])(-[#1:77])-[#1].[#6]-[#6](=[#8])-[#6:57](=[#8:65])-[#8:58]-[#1]	Any;Any
EVODEX.2-Em431_0	Any;Any	[#6:51]-[#6:49](-[#8:50]-[#1])(-[#6:52](=[#8:54])-[#8:55])-[#1].[#7:8]-[#6:7](=[#8:9])-[#6:1]1:[#6:6](:[#6:5](:[#6:4](:[#7&+:3](-[#6:10]):[#6:2]:1-[#1:98])-[#1:74])-[#1:73])-[#1:72]>>[#7:8]-[#6:7](=[#8:9])-[#6:1]1=[#6:2](-[#7:3](-[#6:10])-[#6:4](=[#6:5](-[#6:6]-1(-[#1:72])-[#1])-[#1:73])-[#1:74])-[#1:98].[#6:51]-[#6:49](=[#8:50])-[#6:52](=[#8:54])-[#8:55]	Any;Any
EVODEX.2-Em432_0	Any;Any	[#6:3]-[#6:1](-[#6:4](=[#8:7])-[#16:8])(-[#1:119])-[#1].[#6]-[#6](=[#8])-[#6:79](=[#8:81])-[#8:80]-[#1]>>[#6:3]-[#6:1](-[#8]-[#1])(-[#6:4](=[#8:7])-[#16:8])-[#1:119].[#8:80]=[#6:79]=[#8:81]	Any;Any
EVODEX.2-Em433_0	Any	[#7:2](-[#6:6](-[#6:8])(-[#6:9](=[#8:11])-[#8:12])-[#1])(-[#1])-[#1]>>[#7:2](-[#6](-[#6](=[#8])-[#8])(-[#1])-[#1])(-[#1])-[#1].[#6:8]-[#6:6](=[#8])-[#6:9](=[#8:11])-[#8:12]	Any;Any
EVODEX.2-Em434_0	Any;Any	[#7:16]-[#6:15](=[#8:17])-[#6:9]1=[#6:14](-[#7:13](-[#6:18])-[#6:12](=[#6:11](-[#6:10]-1(-[#1:85])-[#1])-[#1:84])-[#1:83])-[#1:59].[#6:3]-[#6:1](=[#8:2])-[#1:92]>>[#6:3]-[#6:1](-[#8:2]-[#1])(-[#1:92])-[#1].[#7:16]-[#6:15](=[#8:17])-[#6:9]1:[#6:10](:[#6:11](:[#6:12](:[#7&+:13](-[#6:18]):[#6:14]:1-[#1:59])-[#1:83])-[#1:84])-[#1:85]	Any;Any
EVODEX.2-Em435_0	Any;Any	[#0:3]-[#6:1](=[#8:4])-[#8]-[#1].[#6:5]-[#7:2](-[#1])-[#1]>>[#0:3]-[#6:1](=[#8:4])-[#7:2](-[#6:5])-[#1]	Any
EVODEX.2-Em436_0	Any	[#6:5]-[#7:2](-[#1])-[#1]>>[#0]-[#6](=[#8])-[#7:2](-[#6:5])-[#1]	Any
EVODEX.2-Em437_0	Any;Any	[#6:27](-[#16&+](-[#6])-[#6])(-[#1:43])(-[#1:44])-[#1:45].[#6:29]-[#7:28](-[#6:30])-[#1]>>[#6:30]-[#7:28](-[#6:27](-[#1:43])(-[#1:44])-[#1:45])-[#6:29]	Any
EVODEX.2-Em438_0	Any	[#8:50]=[#6:1](-[#8:57]-[#6:58])-[#6:51]1:[#6:52](:[#6:54](:[#6:56](:[#6:55](:[#6:53]:1-[#1:115])-[#1:114])-[#1:113])-[#1:112])-[#1:111]>>[#6]-[#16]-[#6:1](=[#8:50])-[#6:51]1:[#6:52](:[#6:54](:[#6:56](:[#6:55](:[#6:53]:1-[#1:115])-[#1:114])-[#1:113])-[#1:112])-[#1:111].[#8:57](-[#6:58])-[#1]	Any;Any
EVODEX.2-Em439_0	Any;Any	[#7:8](-[#6:1](-[#6:3])(-[#6:4])-[#1])(-[#1])-[#1].[#8:2](-[#1])-[#1]>>[#8:2]=[#6:1](-[#6:3])-[#6:4].[#7:8](-[#1])(-[#1])-[#1]	Any;Any
EVODEX.2-Em440_0	Any;Any	[#6]-[#16]-[#6:30](=[#8:32])-[#6:33].[#8:39]-[#15:38](=[#8:40])(-[#8:31]-[#1])-[#8:41]>>[#6:33]-[#6:30](=[#8:32])-[#8:31]-[#15:38](=[#8:40])(-[#8:41])-[#8:39]	Any
EVODEX.2-Em442_0	Any	[#6:15]-[#8:13]-[#1]>>[#6:15]-[#8:13]-[#15](=[#8])(-[#8])-[#8]	Any
EVODEX.2-Em444_0	Any	[#6:3]-[#6:1](-[#8:43]-[#6:44](=[#8:45])-[#6:46])(-[#1:95])-[#1:96]>>[#6:3]-[#6:1](-[#8]-[#1])(-[#1:95])-[#1:96].[#6:46]-[#6:44](=[#8:45])-[#8:43]-[#1]	Any;Any
EVODEX.2-Em446_0	Any;Any	[#6:13]-[#6:11](-[#7:2](-[#1])-[#1])(-[#1:22])-[#1].[#6:3]-[#6:1](=[#8:12])-[#6:4](=[#8:6])-[#8:7]>>[#7:2](-[#6:1](-[#6:3])(-[#6:4](=[#8:6])-[#8:7])-[#1])(-[#1])-[#1].[#6:13]-[#6:11](=[#8:12])-[#1:22]	Any;Any
EVODEX.2-Em447_0	Any	[#6:13]-[#6:11](-[#7:2](-[#1])-[#1])(-[#6:14])-[#1]>>[#7:2](-[#6](-[#6])(-[#6](=[#8])-[#8])-[#1])(-[#1])-[#1].[#6:13]-[#6:11](=[#8])-[#6:14]	Any;Any
EVODEX.2-Em448_0	Any	[#6:7]-[#7:6](-[#6:1](-[#6:3])(-[#1:25])-[#1])-[#1]>>[#6:3]-[#6:1](=[#8])-[#1:25].[#7:6](-[#6:7])(-[#1])-[#1]	Any;Any
EVODEX.2-Em450_0	Any	[#6:3]-[#6:1](=[#8])-[#6:4]>>[#6:3]-[#6:1](-[#7](-[#1])-[#1])(-[#6:4])-[#1]	Any
EVODEX.2-Em451_0	Any;Any	[#6:3]-[#6:1](=[#8:53])-[#6:4].[#7:2](-[#1])(-[#1])-[#1]>>[#6:3]-[#6:1](-[#7:2](-[#1])-[#1])(-[#6:4])-[#1].[#8:53](-[#1])-[#1]	Any;Any
EVODEX.2-Em452_0	Any	[#6:11]-[#7:10](-[#6:1](=[#8:3])-[#6:4])-[#1]>>[#6:4]-[#6:1](=[#8:3])-[#8]-[#1].[#6:11]-[#7:10](-[#1])-[#1]	Any;Any
EVODEX.2-Em453_0	Any;Any	[#6:9]-[#6:3](-[#6:1](-[#6:4])=[#8:5])(-[#1:76])-[#1:77].[#8:61]=[#8:2]>>[#6:9]-[#6:3](-[#8:2]-[#6:1](-[#6:4])=[#8:5])(-[#1:76])-[#1:77].[#8:61](-[#1])-[#1]	Any;Any
EVODEX.2-Em454_0	Any;Any	[#6:9]-[#6:3](-[#6:1](-[#6:4])=[#8:5])(-[#1:76])-[#1:77].[#7:20]-[#6:19](=[#8:21])-[#6:13]1=[#6:18](-[#7:17](-[#6:22])-[#6:16](=[#6:15](-[#6:14]-1(-[#1:106])-[#1])-[#1:105])-[#1:104])-[#1:80]>>[#6:9]-[#6:3](-[#8]-[#6:1](-[#6:4])=[#8:5])(-[#1:76])-[#1:77].[#7:20]-[#6:19](=[#8:21])-[#6:13]1:[#6:14](:[#6:15](:[#6:16](:[#7&+:17](-[#6:22]):[#6:18]:1-[#1:80])-[#1:104])-[#1:105])-[#1:106]	Any;Any
EVODEX.2-Em458_0	Any;Any	[#7:17]-[#6:16](=[#8:18])-[#6:10]1=[#6:15](-[#7:14](-[#6:19])-[#6:13](=[#6:12](-[#6:11]-1(-[#1:86])-[#1])-[#1:85])-[#1:84])-[#1:60].[#8:5]=[#6:3](-[#8:6])-[#6:1](=[#7:2]-[#6:9])-[#6:4]>>[#8:5]=[#6:3](-[#8:6])-[#6:1](-[#6:4])(-[#7:2](-[#6:9])-[#1])-[#1].[#7:17]-[#6:16](=[#8:18])-[#6:10]1:[#6:11](:[#6:12](:[#6:13](:[#7&+:14](-[#6:19]):[#6:15]:1-[#1:60])-[#1:84])-[#1:85])-[#1:86]	Any;Any
EVODEX.2-Em459_0	Any;Any	[#6:3]-[#6:1](-[#7:15](-[#1])-[#1])=[#8:4].[#8:2](-[#1])-[#1]>>[#6:3]-[#6:1](=[#8:4])-[#8:2]-[#1].[#7:15](-[#1])(-[#1])-[#1]	Any;Any
EVODEX.2-Em460_0	Any	[#6:3]-[#6:1](-[#7](-[#1])-[#1])=[#8:4]>>[#6:3]-[#6:1](=[#8:4])-[#8]-[#1]	Any
EVODEX.2-Em461_0	Any;Any	[#6:2]-[#6:1](-[#8:74]-[#1])(-[#6:3](=[#8:5])-[#16:6])-[#1:101].[#8:67]=[#6:64](-[#8:75]-[#1])-[#6:68]>>[#6:2]-[#6:1](-[#6:3](=[#8:5])-[#16:6])(-[#1:101])-[#1].[#6:68]-[#6:64](=[#8:67])-[#6](=[#8])-[#8].[#8:74]=[#8:75]	Any;Any;Any
EVODEX.2-Em462_0	Any;Any	[#6:3]-[#6:1](-[#6:4])(-[#1:26])-[#1].[#8:2]=[#8]>>[#6:3]-[#6:1](-[#8:2]-[#1])(-[#6:4])-[#1:26]	Any
EVODEX.2-Em464_0	Any;Any	[#6:47]-[#6:45](-[#7:50](-[#1])-[#1])(-[#1:58])-[#1].[#7:8]-[#6:7](=[#8:9])-[#6:1]1:[#6:6](:[#6:5](:[#6:4](:[#7&+:3](-[#6:10]):[#6:2]:1-[#1:89])-[#1:66])-[#1:65])-[#1:64]>>[#7:8]-[#6:7](=[#8:9])-[#6:1]1=[#6:2](-[#7:3](-[#6:10])-[#6:4](=[#6:5](-[#6:6]-1(-[#1:64])-[#1])-[#1:65])-[#1:66])-[#1:89].[#6:47]-[#6:45](=[#8])-[#1:58].[#7:50](-[#1])(-[#1])-[#1]	Any;Any;Any
EVODEX.2-Em466_0	Any;Any	[#6:13]-[#6:11](=[#8])-[#6:14].[#7:12](-[#1])(-[#1])-[#1]>>[#6:13]-[#6:11](-[#7:12](-[#1])-[#1])(-[#6:14])-[#1]	Any
EVODEX.2-Em467_0	Any;Any	[#6:3]-[#6:1](=[#8:4])-[#8:22]-[#15:24](=[#8:25])(-[#8:26])-[#8:27].[#8:28]-[#15:23](=[#8:29])(-[#8:2]-[#1])-[#8:30]>>[#6:3]-[#6:1](=[#8:4])-[#8:2]-[#1].[#8:28]-[#15:23](=[#8:29])(-[#8:30])-[#8:22]-[#15:24](=[#8:25])(-[#8:26])-[#8:27]	Any;Any
EVODEX.2-Em469_0	Any;Any;Any	[#6:3]-[#6:1](=[#8])-[#1:23].[#7:2](-[#1])(-[#1])-[#1].[#8:12](-[#8:13]-[#1])-[#1]>>[#7:2](-[#6:1](-[#6:3])(-[#1:23])-[#1])(-[#1])-[#1].[#8:12]=[#8:13]	Any;Any
EVODEX.2-Em470_0	Any;Any	([#6:17]-[#6:1](-[#8]-[#1])(-[#1:68])-[#1:69].[#6:5]-[#8:4]-[#1]).[#6:48]-[#6:3](-[#8:2]-[#1])(-[#8:49])-[#1:123]>>([#6:17]-[#6:1](-[#8:2]-[#1])(-[#1:68])-[#1:69].[#6:5]-[#8:4]-[#6:3](-[#8:49])(-[#6:48])-[#1:123])	Any
EVODEX.2-Em471_0	Any	[#6:13]-[#6:11](=[#8])-[#1:57]>>[#6:13]-[#6:11](-[#8]-[#1])(-[#1:57])-[#1]	Any
EVODEX.2-Em472_0	Any;Any	[#6:3]-[#6:1](-[#8:20]-[#1])(-[#6:4])-[#1:35].[#8:13]=[#15:12](-[#8:2]-[#1])(-[#8:14])-[#8:15]>>[#6:3]-[#6:1](-[#8:2]-[#15:12](=[#8:13])(-[#8:14])-[#8:15])(-[#6:4])-[#1:35].[#8:20](-[#1])-[#1]	Any;Any
EVODEX.2-Em473_0	Any	[#6:51]-[#6:49](=[#8:50])-[#16:1]-[#6:2]>>[#6:2]-[#16:1]-[#1].[#6:51]-[#6:49](-[#8:50]-[#1])(-[#1])-[#1]	Any;Any
EVODEX.2-Em474_0	Any;Any	[#6:3]-[#6:1](-[#8:27]-[#6:29])(-[#1:82])-[#1:83].[#8:49]-[#15:28](=[#8:50])(-[#8:2]-[#1])-[#8:51]>>[#6:3]-[#6:1](-[#8:2]-[#1])(-[#1:82])-[#1:83].[#6:29]-[#8:27]-[#15:28](=[#8:50])(-[#8:51])-[#8:49]	Any;Any
EVODEX.2-Em476_0	Any	[#6:4]-[#6:1](=[#8:5])-[#6:3](-[#6:6])(-[#1:82])-[#1:83]>>[#6:4]-[#6:1](=[#8:5])-[#8]-[#6:3](-[#6:6])(-[#1:82])-[#1:83]	Any
EVODEX.2-Em477_0	Any;Any	[#6:1](-[#6:2](=[#8:5])-[#6:6](=[#8:7])-[#8:8])(-[#1:39])(-[#1:40])-[#1].[#8:13]-[#15:12](=[#8:14])(-[#8:15])-[#8:11]-[#15:4](=[#8:9])(-[#8:3]-[#1])-[#8:10]>>[#6:1](=[#6:2](-[#8:3]-[#15:4](=[#8:9])(-[#8:5]-[#1])-[#8:10])-[#6:6](=[#8:7])-[#8:8])(-[#1:39])-[#1:40].[#8:13]-[#15:12](=[#8:14])(-[#8:11]-[#1])-[#8:15]	Any;Any
EVODEX.2-Em478_0	Any;Any;Any	[#7:6](-[#6:1](-[#6:3])(-[#1:11])-[#1])(-[#1])-[#1].[#8:2](-[#1])-[#1].[#8:7]=[#8:8]>>[#6:3]-[#6:1](=[#8:2])-[#1:11].[#7:6](-[#1])(-[#1])-[#1].[#8:7](-[#8:8]-[#1])-[#1]	Any;Any;Any
EVODEX.2-Em479_0	Any;Any	[#6:3]-[#6:1](-[#8:35]-[#6:36](=[#8:37])-[#6:38])(-[#1:96])-[#1:97].[#8:2](-[#1])-[#1]>>[#6:3]-[#6:1](-[#8:2]-[#1])(-[#1:96])-[#1:97].[#6:38]-[#6:36](=[#8:37])-[#8:35]-[#1]	Any;Any
EVODEX.2-Em480_0	Any;Any	([#6:23]-[#6:1](-[#8:92]-[#1])(-[#1:99])-[#1:100].[#6:5]-[#8:4]-[#1]).[#6:73]-[#6:3](-[#8:2]-[#1])(-[#6:74](=[#8:77])-[#8:78])-[#8:75]>>([#6:23]-[#6:1](-[#8:2]-[#1])(-[#1:99])-[#1:100].[#6:5]-[#8:4]-[#6:3](-[#6:74](=[#8:77])-[#8:78])(-[#6:73])-[#8:75]).[#8:92](-[#1])-[#1]	Any;Any
EVODEX.2-Em481_0	Any;Any	[#6:51]-[#6:49](=[#8:52])-[#16:1]-[#6:2].[#6:53]-[#8:50]-[#1]>>[#6:2]-[#16:1]-[#1].[#6:53]-[#8:50]-[#6:49](-[#6:51])=[#8:52]	Any;Any
EVODEX.2-Em482_0	Any	[#8:50]=[#6:1](-[#8:58]-[#1])-[#6:51]>>[#6]-[#16]-[#6:1](=[#8:50])-[#6:51].[#8]=[#6](-[#8:58]-[#1])-[#6]	Any;Any
EVODEX.2-Em483_0	Any	[#6:3]-[#6:1](=[#8])-[#6:4](=[#8:6])-[#8:7]>>[#6:3]-[#6:1](-[#7](-[#1])-[#1])(-[#6:4](=[#8:6])-[#8:7])-[#1]	Any
EVODEX.2-Em485_0	Any;Any	[#6:2]-[#6:1](=[#8:3])-[#8:72]-[#1].[#7:22]-[#6:21](=[#8:23])-[#6:15]1=[#6:20](-[#7:19](-[#6:24])-[#6:18](=[#6:17](-[#6:16]-1(-[#1:135])-[#1])-[#1:134])-[#1:133])-[#1:109]>>[#6:2]-[#6:1](=[#8:3])-[#1].[#7:22]-[#6:21](=[#8:23])-[#6:15]1:[#6:16](:[#6:17](:[#6:18](:[#7&+:19](-[#6:24]):[#6:20]:1-[#1:109])-[#1:133])-[#1:134])-[#1:135].[#8]-[#15](=[#8])(-[#8:72]-[#1])-[#8]	Any;Any;Any
EVODEX.2-Em486_0	Any;Any	[#8:59]-[#6:57]1:[#6:55](:[#6:54](-[#6:53](=[#6:51](-[#6:49](=[#8:52])-[#16]-[#6])-[#1:80])-[#1:79]):[#6:56](:[#6:58](:[#6:60]:1-[#8:62])-[#1:117])-[#1:116])-[#1:78].[#6:63]-[#8:50]-[#1]>>[#8:59]-[#6:57]1:[#6:55](:[#6:54](-[#6:53](=[#6:51](-[#6:49](=[#8:52])-[#8:50]-[#6:63])-[#1:80])-[#1:79]):[#6:56](:[#6:58](:[#6:60]:1-[#8:62])-[#1:117])-[#1:116])-[#1:78]	Any
EVODEX.2-Em487_0	Any	[#6:5]-[#8:4]-[#1]>>[#6:5]-[#8:4]-[#6](-[#6](=[#8])-[#8])(-[#6])-[#8]	Any
EVODEX.2-Em488_0	Any	([#6:23]-[#6:1](-[#8:81]-[#1])(-[#1:88])-[#1:89].[#6:5]-[#8:4]-[#1])>>([#6:23]-[#6:1](-[#8]-[#1])(-[#1:88])-[#1:89].[#6:5]-[#8:4]-[#6](-[#6](=[#8])-[#8])(-[#6])-[#8]).[#8:81](-[#1])-[#1]	Any;Any
EVODEX.2-Em489_0	Any;Any	[#8:3]=[#6:1](-[#8]-[#1])-[#6:4].[#7:2](-[#6:11])(-[#1])-[#1]>>[#6:11]-[#7:2](-[#6:1](=[#8:3])-[#6:4])-[#1]	Any
EVODEX.2-Em490_0	Any	[#6:4]-[#6:1](-[#6:3])(-[#8:51]-[#1])-[#1:92]>>[#6:4]-[#6:1](-[#6:3])(-[#8]-[#1])-[#1:92].[#8]-[#15](=[#8])(-[#8:51]-[#1])-[#8]	Any;Any
EVODEX.2-Em491_0	Any;Any	[#6:4]-[#6:1](-[#6:3])(-[#8:51]-[#1])-[#1:92].[#8:2](-[#1])-[#1]>>[#6:4]-[#6:1](-[#6:3])(-[#8:2]-[#1])-[#1:92].[#8]-[#15](=[#8])(-[#8:51]-[#1])-[#8]	Any;Any
EVODEX.2-Em492_0	Any;Any	[#6:4]-[#6:1](-[#6:3])(-[#8:33]-[#15:35](=[#8:36])(-[#8:37])-[#8:38])-[#1:99].[#8:57]=[#15:34](-[#8:2]-[#1])(-[#8:58])-[#8:59]>>[#6:4]-[#6:1](-[#6:3])(-[#8:2]-[#1])-[#1:99].[#8:38]-[#15:35](=[#8:36])(-[#8:37])-[#8:33]-[#15:34](=[#8:57])(-[#8:58])-[#8:59]	Any;Any
EVODEX.2-Em494_0	Any	[#6:3]-[#6:1](=[#8:4])-[#8:29]-[#6:31]>>[#6:3]-[#6:1](=[#8:4])-[#8]-[#1].[#6:31]-[#8:29]-[#15](=[#8])(-[#8])-[#8]	Any;Any
EVODEX.2-Em496_0	Any;Any	[#6:2]-[#16:1]-[#6:49](=[#8:51])-[#6:52]1:[#6:53](:[#6:55](:[#6:57](:[#6:56](:[#6:54]:1-[#1:107])-[#1:106])-[#1:105])-[#1:104])-[#1:103].[#6:58]-[#8:50]-[#1]>>[#6:2]-[#16:1]-[#1].[#6:58]-[#8:50]-[#6:49](=[#8:51])-[#6:52]1:[#6:53](:[#6:55](:[#6:57](:[#6:56](:[#6:54]:1-[#1:107])-[#1:106])-[#1:105])-[#1:104])-[#1:103]	Any;Any
EVODEX.2-Em497_0	Any;Any	[#6:3]-[#6:1](=[#8:4])-[#8:50]-[#1].[#8:52]-[#15:51](=[#8:53])(-[#8:54])-[#8:45]-[#15:46](=[#8:47])(-[#8:48])-[#8:49]>>[#6:3]-[#6:1](=[#8:4])-[#7](-[#6])-[#1].[#8:47]=[#15:46](-[#8:45]-[#1])(-[#8:48])-[#8:49].[#8:52]-[#15:51](=[#8:53])(-[#8:50]-[#1])-[#8:54]	Any;Any;Any
EVODEX.2-Em498_0	Any;Any	[#6:51]-[#6:49](=[#8:52])-[#16:1]-[#6:2].[#7:66]-[#6:50](-[#6:67])(-[#6:72](=[#8:74])-[#8:73]-[#1])-[#1:141]>>[#6:2]-[#16:1]-[#1].[#6:51]-[#6:49](=[#8:52])-[#6:50](-[#7:66])(-[#6:67])-[#1:141].[#8:73]=[#6:72]=[#8:74]	Any;Any;Any
EVODEX.2-Em499_0	Any	[#6:3](-[#8:2]-[#1])-[#6:1](-[#8:12]-[#1])(-[#6:9])-[#1:27]>>[#6:3]1-[#8:2]-[#6:1]-1(-[#6:9])-[#1:27].[#8:12](-[#1])-[#1]	Any;Any
EVODEX.2-Em500_0	Any;Any	[#6:3]-[#16:2]-[#6:4].[#6:1](-[#8:28]-[#6:29]1:[#6:30](:[#6:32](:[#6:35](:[#6:33](:[#6:31]:1-[#8:34])-[#1:73])-[#6:37])-[#6:36])-[#1:72])(-[#1:69])(-[#1:70])-[#1:71]>>[#6:1](-[#16&+:2](-[#6:4])-[#6:3])(-[#1:69])(-[#1:70])-[#1:71].[#6:36]-[#6:32]1:[#6:30](:[#6:29](-[#8:28]-[#1]):[#6:31](-[#8:34]):[#6:33](:[#6:35]:1-[#6:37])-[#1:73])-[#1:72]	Any;Any
EVODEX.2-Em501_0	Any	[#6](-[#8:28]-[#6:29]1:[#6:30](:[#6:32](:[#6:35](:[#6:33](:[#6:31]:1-[#8:34])-[#1:73])-[#6:37])-[#6:36])-[#1:72])(-[#1])(-[#1])-[#1]>>[#6:36]-[#6:32]1:[#6:30](:[#6:29](-[#8:28]-[#1]):[#6:31](-[#8:34]):[#6:33](:[#6:35]:1-[#6:37])-[#1:73])-[#1:72]	Any
EVODEX.2-Em502_0	Any;Any	([#6:50]-[#6:1](-[#8]-[#1])(-[#1:139])-[#1:140].[#6:5]-[#8:4]-[#1]).[#6:113]-[#6:3](-[#8:2]-[#1])(-[#6:114](=[#8:117])-[#8:118])-[#8:115]>>([#6:50]-[#6:1](-[#8:2]-[#1])(-[#1:139])-[#1:140].[#6:5]-[#8:4]-[#6:3](-[#6:114](=[#8:117])-[#8:118])(-[#6:113])-[#8:115])	Any
EVODEX.2-Em503_0	Any;Any;Any	[#6:3]-[#6:1](-[#6:4])(-[#1:28])-[#1].[#6]-[#6](=[#8])-[#6:19](=[#8:21])-[#8:20]-[#1].[#8:2]=[#8]>>[#6:3]-[#6:1](-[#8:2]-[#1])(-[#6:4])-[#1:28].[#8:20]=[#6:19]=[#8:21]	Any;Any
EVODEX.2-Em504_0	Any	[#6:29]-[#7:28](-[#6:1](-[#1:81])(-[#1:82])-[#1:83])-[#6:30]>>[#6:1](-[#16&+](-[#6])-[#6])(-[#1:81])(-[#1:82])-[#1:83].[#6:29]-[#7:28](-[#6:30])-[#1]	Any;Any
EVODEX.2-Em505_0	Any;Any	[#6:5]-[#6:4](-[#6:6])=[#6:3](-[#6:1](-[#8:46]-[#1])(-[#1:136])-[#1:137])-[#1:135].[#8:48]-[#15:47](=[#8:49])(-[#8:50])-[#8:2]-[#15:42](=[#8:43])(-[#8:44])-[#8:45]>>[#6:5]-[#6:4](-[#6:6])=[#6:3](-[#6:1](-[#8:2]-[#15:42](=[#8:43])(-[#8:44])-[#8:45])(-[#1:136])-[#1:137])-[#1:135].[#8:48]-[#15:47](=[#8:49])(-[#8:46]-[#1])-[#8:50]	Any;Any
EVODEX.2-Em506_0	Any;Any	[#8:3]-[#6:1](-[#8:17]-[#6:19])(-[#6:4])-[#1:58].[#8:30]-[#15:18](=[#8:31])(-[#8:2]-[#1])-[#8:32]>>[#8:3]-[#6:1](-[#8:2]-[#1])(-[#6:4])-[#1:58].[#8:30]-[#15:18](=[#8:31])(-[#8:32])-[#8:17]-[#6:19]	Any;Any
EVODEX.2-Em509_0	Any	[#6:1](-[#7:28](-[#6:29])-[#1])(-[#1:58])(-[#1:59])-[#1:60]>>[#6:1](-[#16&+](-[#6])-[#6])(-[#1:58])(-[#1:59])-[#1:60].[#7:28](-[#6:29])(-[#1])-[#1]	Any;Any
EVODEX.2-Em510_0	Any;Any	[#7:4]-[#6:1](-[#6:5])(-[#1:19])-[#1].[#8:3]=[#6:2]=[#8:16]>>[#7:4]-[#6:1](-[#6:5])(-[#6:2](=[#8:16])-[#8:3]-[#1])-[#1:19]	Any
EVODEX.2-Em511_0	Any	([#6:3]-[#8:2]-[#1].[#6:9]-[#6:1](=[#8:11])-[#8:12]-[#1])>>[#6:3]-[#8:2]-[#6:1](=[#8:11])-[#6:9].[#8:12](-[#1])-[#1]	Any;Any
EVODEX.2-Em512_0	Any	[#6:53]-[#8:50]-[#1]>>[#6:53]-[#8:50]-[#6](-[#0])=[#8]	Any
EVODEX.2-Em513_0	Any;Any;Any	[#6:3]-[#6:1](-[#6:4](=[#8:7])-[#16:8])(-[#1:74])-[#1].[#6:58]-[#6:56](=[#8:59])-[#6:64](=[#8:66])-[#8:65]-[#1].[#8:2]=[#8:57]>>[#6:3]-[#6:1](-[#8:2]-[#1])(-[#6:4](=[#8:7])-[#16:8])-[#1:74].[#8:59]=[#6:56](-[#8:57]-[#1])-[#6:58].[#8:65]=[#6:64]=[#8:66]	Any;Any;Any
EVODEX.2-Em514_0	Any	[#6:3]-[#6:1](-[#6:4](=[#8:7])-[#16:8])(-[#1:74])-[#1]>>[#6:3]-[#6:1](-[#8]-[#1])(-[#6:4](=[#8:7])-[#16:8])-[#1:74]	Any
EVODEX.2-Em515_0	Any;Any	[#6:3]-[#16:2]-[#6:4].[#6:1](-[#7:28](-[#6:29])-[#1])(-[#1:59])(-[#1:60])-[#1:61]>>[#6:1](-[#16&+:2](-[#6:4])-[#6:3])(-[#1:59])(-[#1:60])-[#1:61].[#7:28](-[#6:29])(-[#1])-[#1]	Any;Any
EVODEX.2-Em516_0	Any	[#6:53]-[#6:2](-[#8:72]-[#1])(-[#6:1](-[#6:3](=[#8:4])-[#16:5])(-[#1:112])-[#1])-[#1:110]>>[#6:53]-[#6:2](=[#6:1](-[#6:3](=[#8:4])-[#16:5])-[#1:112])-[#1:110].[#8:72](-[#1])-[#1]	Any;Any
EVODEX.2-Em517_0	Any;Any;Any	[#6:51]-[#6:49](-[#7](-[#1])-[#1])(-[#6:52])-[#1].[#7:8]-[#6:7](=[#8:9])-[#6:1]1:[#6:6](:[#6:5](:[#6:4](:[#7&+:3](-[#6:10]):[#6:2]:1-[#1:99])-[#1:75])-[#1:74])-[#1:73].[#8:50](-[#1])-[#1]>>[#7:8]-[#6:7](=[#8:9])-[#6:1]1=[#6:2](-[#7:3](-[#6:10])-[#6:4](=[#6:5](-[#6:6]-1(-[#1:73])-[#1])-[#1:74])-[#1:75])-[#1:99].[#6:51]-[#6:49](=[#8:50])-[#6:52]	Any;Any
EVODEX.2-Em518_0	Any;Any;Any	[#6:2]-[#6:1](-[#8]-[#1])(-[#6:3](=[#8:6])-[#16:7])-[#1:110].[#8:70]=[#6:67](-[#8]-[#1])-[#6:71].[#8:69]=[#6:68]=[#8:76]>>[#6:2]-[#6:1](-[#6:3](=[#8:6])-[#16:7])(-[#1:110])-[#1].[#6:71]-[#6:67](=[#8:70])-[#6:68](=[#8:76])-[#8:69]-[#1]	Any;Any
EVODEX.2-Em519_0	Any	[#6:2]-[#6:1](-[#8:77]-[#1])(-[#6:3](=[#8:6])-[#16:7])-[#1:110]>>[#6:2]-[#6:1](-[#6:3](=[#8:6])-[#16:7])(-[#1:110])-[#1].[#8:77]=[#8]	Any;Any
EVODEX.2-Em520_0	Any	[#8:3]-[#6:1](-[#8:16]-[#15:18](=[#8:19])(-[#8:20])-[#8:21])(-[#6:4])-[#1:52]>>[#8:3]-[#6:1](-[#8]-[#15](=[#8])(-[#8])-[#8])(-[#6:4])-[#1:52].[#8:21]-[#15:18](=[#8:19])(-[#8:20])-[#8:16]-[#15](=[#8])(-[#8])-[#8]	Any;Any
EVODEX.2-Em521_0	Any;Any	([#8](-[#6:1](-[#6:8])(-[#1:44])-[#1:45])-[#1].[#6:5]-[#8:4]-[#1]).[#6:14]-[#6:3](-[#8:2]-[#1])(-[#6:15])-[#1:79]>>([#6:14]-[#6:3](-[#8:4]-[#6:5])(-[#6:15])-[#1:79].[#6:8]-[#6:1](-[#8:2]-[#1])(-[#1:44])-[#1:45])	Any
EVODEX.2-Em522_0	Any	[#6:2]-[#6:1](-[#7:3])(-[#6:7](=[#8:9])-[#8:8]-[#1])-[#1:18]>>[#7:3]-[#6:1](-[#6:2])(-[#1:18])-[#1].[#8:8]=[#6:7]=[#8:9]	Any;Any
EVODEX.2-Em523_0	Any;Any	[#8:3]=[#6:1](-[#6:4])-[#1].[#8:2](-[#1])-[#1]>>[#6:4]-[#6:1](=[#8:3])-[#8:2]-[#1]	Any
EVODEX.2-Em524_0	Any;Any	[#7:1](-[#6:4])(-[#1])-[#1].[#7:3](-[#6:2](-[#7:9])=[#8])(-[#1])-[#1]>>[#7:3](=[#6:2](-[#7:9])-[#7:1](-[#6:4])-[#1])-[#1]	Any
EVODEX.2-Em526_0	Any;Any	[#7:2](-[#6:15](-[#6:17])(-[#6:18](=[#8:20])-[#8:21])-[#1])(-[#1])-[#1].[#8:16]=[#6:1](-[#6:3])-[#6:4]>>[#7:2](-[#6:1](-[#6:3])(-[#6:4])-[#1])(-[#1])-[#1].[#6:17]-[#6:15](=[#8:16])-[#6:18](=[#8:20])-[#8:21]	Any;Any
EVODEX.2-Em527_0	Any;Any	[#7:2](-[#6](-[#6])(-[#6](=[#8])-[#8])-[#1])(-[#1])-[#1].[#8]=[#6:1](-[#6:3])-[#6:4]>>[#7:2](-[#6:1](-[#6:3])(-[#6:4])-[#1])(-[#1])-[#1]	Any
EVODEX.2-Em528_0	Any	[#8:16]=[#6:1](-[#6:3])-[#6:4]>>[#7](-[#6:1](-[#6:3])(-[#6:4])-[#1])(-[#1])-[#1].[#6]-[#6](=[#8:16])-[#6](=[#8])-[#8]	Any;Any
EVODEX.2-Em529_0	Any;Any	[#7:3](=[#6:1](-[#7:4])-[#7:13](-[#6:14])-[#1])-[#1].[#7:2](-[#6:5])(-[#1])-[#1]>>[#7:3](=[#6:1](-[#7:4])-[#7:2](-[#6:5])-[#1])-[#1].[#7:13](-[#6:14])(-[#1])-[#1]	Any;Any
EVODEX.2-Em530_0	Any;Any;Any	[#6:53](-[#16&+:1](-[#6:2])-[#6:3])(-[#1:76])(-[#1:77])-[#1:78].[#6:55](-[#16&+:27](-[#6:28])-[#6:29])(-[#1:99])(-[#1:100])-[#1:101].[#6:56]-[#7:54](-[#1])-[#1]>>[#6:3]-[#16:1]-[#6:2].[#6:29]-[#16:27]-[#6:28].[#6:56]-[#7:54](-[#6:53](-[#1:76])(-[#1:77])-[#1:78])-[#6:55](-[#1:99])(-[#1:100])-[#1:101]	Any;Any;Any
EVODEX.2-Em531_0	Any;Any;Any	[#7:23]-[#6:22](=[#8:24])-[#6:16]1=[#6:21](-[#7:20](-[#6:25])-[#6:19](=[#6:18](-[#6:17]-1(-[#1:88])-[#1])-[#1:87])-[#1:86])-[#1:63].[#8:5]=[#6:3](-[#8:6])-[#6:1](=[#8])-[#6:4].[#7:2](-[#1])(-[#1])-[#1]>>[#7:2](-[#6:1](-[#6:4])(-[#6:3](=[#8:5])-[#8:6])-[#1])(-[#1])-[#1].[#7:23]-[#6:22](=[#8:24])-[#6:16]1:[#6:17](:[#6:18](:[#6:19](:[#7&+:20](-[#6:25]):[#6:21]:1-[#1:63])-[#1:86])-[#1:87])-[#1:88]	Any;Any
EVODEX.2-Em532_0	Any	[#6:3]-[#6:1](-[#8:26]-[#1])(-[#6:4])-[#1:65]>>[#6:3]-[#6:1](-[#8]-[#16](=[#8])(=[#8])-[#8])(-[#6:4])-[#1:65].[#8]-[#15](=[#8])(-[#8:26]-[#1])-[#8]	Any;Any
EVODEX.2-Em533_0	Any;Any;Any	[#7:54](-[#6:45](-[#6:47])(-[#6:48](=[#8:50])-[#8:51])-[#1])(-[#1])-[#1].[#7:8]-[#6:7](=[#8:9])-[#6:1]1:[#6:6](:[#6:5](:[#6:4](:[#7&+:3](-[#6:10]):[#6:2]:1-[#1:89])-[#1:66])-[#1:65])-[#1:64].[#8:46](-[#1])-[#1]>>[#7:8]-[#6:7](=[#8:9])-[#6:1]1=[#6:2](-[#7:3](-[#6:10])-[#6:4](=[#6:5](-[#6:6]-1(-[#1:64])-[#1])-[#1:65])-[#1:66])-[#1:89].[#6:47]-[#6:45](=[#8:46])-[#6:48](=[#8:50])-[#8:51].[#7:54](-[#1])(-[#1])-[#1]	Any;Any;Any
EVODEX.2-Em535_0	Any;Any	[#6:2]-[#6:1](-[#8:80]-[#1])(-[#6:3](=[#8:5])-[#16:6])-[#1:119].[#8]=[#6](-[#8:81]-[#1])-[#6]>>[#6:2]-[#6:1](-[#6:3](=[#8:5])-[#16:6])(-[#1:119])-[#1].[#8:80]=[#8:81]	Any;Any
EVODEX.2-Em536_0	Any;Any;Any	[#6:1](-[#6:3])(-[#1:56])(-[#1:57])-[#1].[#7:14]-[#6:13](=[#8:15])-[#6:7]1=[#6:12](-[#7:11](-[#6:16])-[#6:10](=[#6:9](-[#6:8]-1(-[#1:94])-[#1])-[#1:93])-[#1:92])-[#1:68].[#8:2]=[#8:55]>>[#6:3]-[#6:1](-[#8:2]-[#1])(-[#1:56])-[#1:57].[#7:14]-[#6:13](=[#8:15])-[#6:7]1:[#6:8](:[#6:9](:[#6:10](:[#7&+:11](-[#6:16]):[#6:12]:1-[#1:68])-[#1:92])-[#1:93])-[#1:94].[#8:55](-[#1])-[#1]	Any;Any;Any
EVODEX.2-Em537_0	Any;Any;Any	[#6:1](-[#6:3])(-[#1:56])(-[#1:57])-[#1].[#7:14]-[#6:13](=[#8:15])-[#6:7]1=[#6:12](-[#7:11](-[#6:16])-[#6:10](=[#6:9](-[#6:8]-1(-[#1:94])-[#1])-[#1:93])-[#1:92])-[#1:68].[#8:2]=[#8]>>[#6:3]-[#6:1](-[#8:2]-[#1])(-[#1:56])-[#1:57].[#7:14]-[#6:13](=[#8:15])-[#6:7]1:[#6:8](:[#6:9](:[#6:10](:[#7&+:11](-[#6:16]):[#6:12]:1-[#1:68])-[#1:92])-[#1:93])-[#1:94]	Any;Any
EVODEX.2-Em538_0	Any;Any	[#6:1](-[#6:3])(-[#1:56])(-[#1:57])-[#1].[#8:2]=[#8]>>[#6:3]-[#6:1](-[#8:2]-[#1])(-[#1:56])-[#1:57]	Any
EVODEX.2-Em539_0	Any	[#8:2](-[#6:5]-[#6:6]-[#8:1]-[#6:3](-[#8:4]-[#1])(-[#6:8])-[#1])-[#1]>>[#8:4]=[#6:3](-[#8:2]-[#6:5]-[#6:6]-[#8:1]-[#1])-[#6:8]	Any
EVODEX.2-Em540_0	Any;Any	[#7:17]-[#6:16](=[#8:18])-[#6:10]1=[#6:15](-[#7:14](-[#6:19])-[#6:13](=[#6:12](-[#6:11]-1(-[#1:87])-[#1])-[#1:86])-[#1:85])-[#1:61].[#6:3]-[#6:1](=[#8:58])-[#6:4](=[#8:6])-[#8:7]>>[#7](-[#6:1](-[#6:3])(-[#6:4](=[#8:6])-[#8:7])-[#1])(-[#1])-[#1].[#7:17]-[#6:16](=[#8:18])-[#6:10]1:[#6:11](:[#6:12](:[#6:13](:[#7&+:14](-[#6:19]):[#6:15]:1-[#1:61])-[#1:85])-[#1:86])-[#1:87].[#8:58](-[#1])-[#1]	Any;Any;Any
EVODEX.2-Em541_0	Any;Any	[#6:3]-[#6:1](-[#8:37]-[#1])(-[#6:4])-[#1:71].[#8:39]-[#15:38](=[#8:40])(-[#8:41])-[#8:2]-[#6:26]>>[#6:3]-[#6:1](-[#6:4])(-[#8:2]-[#6:26])-[#1:71].[#8:39]-[#15:38](=[#8:40])(-[#8:37]-[#1])-[#8:41]	Any;Any
EVODEX.2-Em542_0	Any	[#7:2]-[#6:1](-[#6:3])(-[#6](=[#8])-[#8])-[#1:14]>>[#7:2]-[#6:1](-[#6:3])(-[#1:14])-[#1]	Any
EVODEX.2-Em543_0	Any;Any	[#6:3]-[#16:2]-[#1].[#0:50]-[#6:1](=[#8:51])-[#8:52]-[#6:53]>>[#0:50]-[#6:1](=[#8:51])-[#16:2]-[#6:3].[#6:53]-[#8:52]-[#1]	Any;Any
EVODEX.2-Em544_0	Any;Any	[#6:3]-[#6:1](=[#8:4])-[#8]-[#6].[#6:21]-[#8:2]-[#1]>>[#6:3]-[#6:1](=[#8:4])-[#8:2]-[#6:21]	Any
EVODEX.2-Em545_0	Any	[#8:12]=[#6:10](-[#8:11]-[#1])-[#6:1](=[#8:2])-[#6:3]>>[#8:2]=[#6:1](-[#6:3])-[#1].[#8:11]=[#6:10]=[#8:12]	Any;Any
EVODEX.2-Em546_0	Any	[#6:2]-[#16:1]-[#6:30](=[#8:32])-[#6:33]>>[#6:2]-[#16:1]-[#1].[#6:33]-[#6:30](=[#8:32])-[#8]-[#15](=[#8])(-[#8])-[#8]	Any;Any
EVODEX.2-Em547_0	Any	[#6:3]-[#6:1](-[#8:76]-[#1])(-[#6:4])-[#1:118]>>[#6:3]-[#6:1](-[#8]-[#1])(-[#6:4])-[#1:118].[#8:76](-[#1])-[#1]	Any;Any
EVODEX.2-Em548_0	Any;Any	[#6:51]-[#6:49](=[#8:52])-[#16:1]-[#6:2].[#16:66]-[#6:65](=[#8:67])-[#6:50](-[#6:96](=[#8:98])-[#8:97]-[#1])(-[#1:186])-[#1:187]>>[#6:2]-[#16:1]-[#1].[#16:66]-[#6:65](=[#8:67])-[#6:50](-[#6:49](=[#8:52])-[#6:51])(-[#1:186])-[#1:187].[#8:97]=[#6:96]=[#8:98]	Any;Any;Any
EVODEX.2-Em549_0	Any	[#6:4]-[#6:2]1(-[#8:1]-[#6:5]-1)-[#1:38]>>[#6:4]-[#6:2](-[#8]-[#1])(-[#6:5]-[#8:1]-[#1])-[#1:38]	Any
EVODEX.2-Em550_0	Any;Any	[#7:4](-[#6:1](=[#8:3])-[#7:5](-[#6:6])-[#1])(-[#1])-[#1].[#8:2](-[#1])-[#1]>>[#8:2]=[#6:1]=[#8:3].[#7:4](-[#1])(-[#1])-[#1].[#7:5](-[#6:6])(-[#1])-[#1]	Any;Any;Any
EVODEX.2-Em552_0	Any;Any	[#6:2]-[#6:1](-[#8]-[#1])(-[#1:122])-[#1:123].[#7:38]-[#6:37](=[#8:39])-[#6:31]1:[#6:36](:[#6:35](:[#6:34](:[#7&+:33](-[#6:40]):[#6:32]:1-[#1:157])-[#1:133])-[#1:132])-[#1:131]>>[#6:2]-[#6:1](-[#1:122])(-[#1:123])-[#1].[#7:38]-[#6:37](=[#8:39])-[#6:31]1=[#6:32](-[#7:33](-[#6:40])-[#6:34](=[#6:35](-[#6:36]-1(-[#1:131])-[#1])-[#1:132])-[#1:133])-[#1:157]	Any;Any
EVODEX.2-Em553_0	Any	[#8]=[#6](-[#8])-[#6:1](-[#8:2])(-[#6:3])-[#1:39]>>[#8:2]-[#6:1](-[#6:3])(-[#1:39])-[#1]	Any
EVODEX.2-Em554_0	Any;Any	[#6:14]-[#6:12](-[#7:2](-[#1])-[#1])(-[#6:15](=[#8:17])-[#8:18])-[#1].[#6:3]-[#6:1](=[#8:13])-[#6:4](=[#8:6])-[#8:7]>>[#7:2](-[#6:1](-[#6:3])(-[#6:4](=[#8:6])-[#8:7])-[#1])(-[#1])-[#1].[#6:14]-[#6:12](=[#8:13])-[#6:15](=[#8:17])-[#8:18]	Any;Any
EVODEX.2-Em555_0	Any;Any	[#8:14]=[#6:1](-[#6:3])-[#1:17].[#7:2](-[#1])(-[#1])-[#1]>>[#7:2](-[#6:1](-[#6:3])(-[#1:17])-[#1])(-[#1])-[#1].[#8:14](-[#1])-[#1]	Any;Any
EVODEX.2-Em556_0	Any	[#6:47]-[#6:45](-[#7:53](-[#1])-[#1])(-[#6:48])-[#1]>>[#6:47]-[#6:45](=[#8])-[#6:48].[#7:53](-[#1])(-[#1])-[#1]	Any;Any
EVODEX.2-Em557_0	Any	[#6:58]-[#8:50]-[#1]>>[#6:58]-[#8:50]-[#6](=[#8])-[#6]1:[#6](:[#6](:[#6](:[#6](:[#6]:1-[#1])-[#1])-[#1])-[#1])-[#1]	Any
EVODEX.2-Em558_0	Any;Any	[#6]-[#6](-[#6])(-[#8:34]-[#15:36](=[#8:37])(-[#8:38])-[#8:39])-[#1].[#8:55]=[#15:35](-[#8]-[#1])(-[#8:56])-[#8:57]>>[#8:39]-[#15:36](=[#8:37])(-[#8:38])-[#8:34]-[#15:35](=[#8:55])(-[#8:56])-[#8:57]	Any
EVODEX.2-Em559_0	Any	[#7:2](-[#6:5])(-[#1])-[#1]>>[#6:5]-[#7:2](-[#6](-[#7])=[#8])-[#1]	Any
EVODEX.2-Em561_0	Any	[#6:14]-[#6:12](-[#8:21]-[#16:22](=[#8:23])(=[#8:24])-[#8:25])(-[#1:47])-[#1]>>[#6:14]-[#6:12](=[#8])-[#1:47].[#8:23]=[#16:22](=[#8:24])(-[#8:21]-[#1])-[#8:25]	Any;Any
EVODEX.2-Em562_0	Any;Any	[#6:3]-[#6:1](-[#8:69]-[#15:71](=[#8:72])(-[#8:73])-[#8:74])(-[#1:143])-[#1:144].[#8:46]-[#15:45](=[#8:47])(-[#8:48])-[#8:2]-[#15:70](=[#8:75])(-[#8:76])-[#8:77]>>[#6:3]-[#6:1](-[#8:2]-[#15:45](=[#8:47])(-[#8:48])-[#8:46])(-[#1:143])-[#1:144].[#8:72]=[#15:71](-[#8:73])(-[#8:74])-[#8:69]-[#15:70](=[#8:75])(-[#8:76])-[#8:77]	Any;Any
EVODEX.2-Em563_0	Any;Any;Any	[#7](-[#6:1](-[#6:3])(-[#1:17])-[#1])(-[#1])-[#1].[#8:2](-[#1])-[#1].[#8:13]=[#8:14]>>[#8:2]=[#6:1](-[#6:3])-[#1:17].[#8:13](-[#8:14]-[#1])-[#1]	Any;Any
EVODEX.2-Em564_0	Any;Any	[#6:8]-[#6:6](-[#7:2](-[#1])-[#1])(-[#6:9](=[#8:11])-[#8:12])-[#1].[#8:7]=[#6:1](-[#6:3](=[#8:4])-[#8:5])-[#1:28]>>[#7:2](-[#6:1](-[#6:3](=[#8:4])-[#8:5])(-[#1:28])-[#1])(-[#1])-[#1].[#6:8]-[#6:6](=[#8:7])-[#6:9](=[#8:11])-[#8:12]	Any;Any
EVODEX.2-Em565_0	Any;Any	[#6:8]-[#6:6](-[#7](-[#1])-[#1])(-[#6:9](=[#8:11])-[#8:12])-[#1].[#8:7]=[#6](-[#6](=[#8])-[#8])-[#1]>>[#6:8]-[#6:6](=[#8:7])-[#6:9](=[#8:11])-[#8:12]	Any
EVODEX.2-Em566_0	Any;Any	[#6:4]-[#8:2]-[#1].[#6:14]-[#8:1]-[#15:3](=[#8:54])(-[#8:55])-[#8:19]>>([#6:4]-[#8:2]-[#15:3](=[#8:54])(-[#8:55])-[#8:19].[#6:14]-[#8:1]-[#1])	Any
EVODEX.2-Em567_0	Any;Any	[#6:55]-[#6:50](=[#8:49])-[#6:56](=[#8:58])-[#8:59].[#8:53](-[#1])-[#1]>>[#6:55]-[#6:50](-[#8:49]-[#1])(-[#6](-[#6](=[#8])-[#8:53]-[#1])(-[#1])-[#1])-[#6:56](=[#8:58])-[#8:59]	Any
EVODEX.2-Em568_0	Any	[#6:3]-[#6:1](-[#8:30]-[#16:32](=[#8:33])(=[#8:34])-[#8:35])(-[#6:4])-[#1:77]>>[#6:3]-[#6:1](-[#8]-[#1])(-[#6:4])-[#1:77].[#8]-[#15](=[#8])(-[#8])-[#8:30]-[#16:32](=[#8:33])(=[#8:34])-[#8:35]	Any;Any
EVODEX.2-Em569_0	Any	[#6:36]-[#6:34]1:[#6:35](-[#6:37]):[#6:32](:[#6:30](-[#8:33]):[#6:29](-[#8:28]-[#6:1](-[#1:115])(-[#1:116])-[#1:117]):[#6:31]:1-[#1:118])-[#1:113]>>[#6:1](-[#16&+](-[#6])-[#6])(-[#1:115])(-[#1:116])-[#1:117].[#6:36]-[#6:34]1:[#6:35](-[#6:37]):[#6:32](:[#6:30](-[#8:33]):[#6:29](-[#8:28]-[#1]):[#6:31]:1-[#1:118])-[#1:113]	Any;Any
EVODEX.2-Em570_0	Any;Any	[#16:59]-[#6:58](=[#8:60])-[#6:55](-[#6:1](=[#8:50])-[#6:51])(-[#1:151])-[#1:152].[#8:57]=[#6:56]=[#8:89]>>[#6:51]-[#6:1](=[#8:50])-[#16]-[#6].[#16:59]-[#6:58](=[#8:60])-[#6:55](-[#6:56](=[#8:89])-[#8:57]-[#1])(-[#1:151])-[#1:152]	Any;Any
EVODEX.2-Em571_0	Any;Any	([#6:17]-[#6:1](-[#8]-[#15](=[#8])(-[#8])-[#8])(-[#6:20](=[#8:21])-[#8:22])-[#8:11].[#6:5]-[#8:4]-[#1]).[#6:42]-[#8:2]-[#6:3](-[#6:23](=[#8:26])-[#8:27])(-[#6:24])-[#8:25]>>([#6:42]-[#8:2]-[#6:1](-[#6:20](=[#8:21])-[#8:22])(-[#6:17])-[#8:11].[#6:5]-[#8:4]-[#6:3](-[#6:23](=[#8:26])-[#8:27])(-[#6:24])-[#8:25])	Any
EVODEX.2-Em572_0	Any	[#6:42]-[#8:2]-[#6:3](-[#6:23](=[#8:26])-[#8:27])(-[#6:24])-[#8:25]>>([#6:42]-[#8:2]-[#6](-[#6](=[#8])-[#8])(-[#6])-[#8].[#6]-[#8]-[#6:3](-[#6:23](=[#8:26])-[#8:27])(-[#6:24])-[#8:25])	Any
EVODEX.2-Em573_0	Any;Any	([#8]-[#15](=[#8])(-[#8])-[#8]-[#6:1](-[#8:8])(-[#6:11])-[#1:91].[#6:5]-[#8:4]-[#1]).[#6:35]-[#8:2]-[#6:3](-[#8:14])(-[#6:15])-[#1:111]>>([#6:35]-[#8:2]-[#6:1](-[#8:8])(-[#6:11])-[#1:91].[#6:5]-[#8:4]-[#6:3](-[#8:14])(-[#6:15])-[#1:111])	Any
EVODEX.2-Em574_0	Any;Any	[#6:27](-[#16&+:1](-[#6:2])-[#6:3])(-[#1:51])(-[#1:52])-[#1:53].[#6:29]-[#7:28](-[#6:30])-[#1]>>[#6:3]-[#16:1]-[#6:2].[#6:29]-[#7:28](-[#6:27](-[#1:51])(-[#1:52])-[#1:53])-[#6:30]	Any;Any
EVODEX.2-Em575_0	Any;Any;Any	[#6:56]-[#7:55](-[#6:45](-[#6:47])(-[#6:48](=[#8:50])-[#8:51])-[#1])-[#1].[#7:8]-[#6:7](=[#8:9])-[#6:1]1:[#6:6](:[#6:5](:[#6:4](:[#7&+:3](-[#6:10]):[#6:2]:1-[#1:103])-[#1:80])-[#1:79])-[#1:78].[#8:46](-[#1])-[#1]>>[#7:8]-[#6:7](=[#8:9])-[#6:1]1=[#6:2](-[#7:3](-[#6:10])-[#6:4](=[#6:5](-[#6:6]-1(-[#1:78])-[#1])-[#1:79])-[#1:80])-[#1:103].[#6:47]-[#6:45](=[#8:46])-[#6:48](=[#8:50])-[#8:51].[#7:55](-[#6:56])(-[#1])-[#1]	Any;Any;Any
EVODEX.2-Em576_0	Any	[#6:56]-[#7:55](-[#6:45](-[#6:47])(-[#6:48](=[#8:50])-[#8:51])-[#1])-[#1]>>[#6:47]-[#6:45](=[#8])-[#6:48](=[#8:50])-[#8:51].[#7:55](-[#6:56])(-[#1])-[#1]	Any;Any
EVODEX.2-Em577_0	Any;Any	[#6:3]-[#6:1](-[#7:11](-[#6:12])-[#1])(-[#1:32])-[#1].[#8:2](-[#1])-[#1]>>[#6:3]-[#6:1](=[#8:2])-[#1:32].[#7:11](-[#6:12])(-[#1])-[#1]	Any;Any
EVODEX.2-Em578_0	Any;Any	[#6:3]-[#6:1](-[#8:37]-[#15:39](=[#8:40])(-[#8:41])-[#8:42])(-[#6:4])-[#1:77].[#8:47]-[#15:38](=[#8:48])(-[#8:49])-[#8:2]-[#15:33](=[#8:34])(-[#8:35])-[#8:36]>>[#6:3]-[#6:1](-[#8:2]-[#15:33](=[#8:34])(-[#8:35])-[#8:36])(-[#6:4])-[#1:77].[#8:47]-[#15:38](=[#8:48])(-[#8:49])-[#8:37]-[#15:39](=[#8:40])(-[#8:41])-[#8:42]	Any;Any
EVODEX.2-Em579_0	Any;Any	[#8:4]=[#6:1](-[#6:5])-[#1].[#8:3]=[#6:2]=[#8:15]>>[#8:15]=[#6:2](-[#8:3]-[#1])-[#6:1](=[#8:4])-[#6:5]	Any
EVODEX.2-Em580_0	Any;Any	[#6:3]-[#6:1](=[#8:4])-[#8:11]-[#1].[#6:7]-[#7:2](-[#1])-[#1]>>[#6:3]-[#6:1](=[#8:4])-[#7:2](-[#6:7])-[#1].[#8:11](-[#1])-[#1]	Any;Any
EVODEX.2-Em581_0	Any;Any;Any	[#8:10]=[#6:2]=[#8:4].[#7:1](-[#1])(-[#1])-[#1].[#7:3](-[#6:5])(-[#1])-[#1]>>[#7:1](-[#6:2](=[#8:4])-[#7:3](-[#6:5])-[#1])(-[#1])-[#1].[#8:10](-[#1])-[#1]	Any;Any
EVODEX.2-Em582_0	Any;Any	[#6:3]-[#6:1](=[#8:4])-[#8]-[#1].[#8:2](-[#1])-[#1]>>[#6:3]-[#6:1](=[#8:4])-[#8:2]-[#1]	Any
EVODEX.2-Em583_0	Any	[#0&1*:3]-[#6:1](=[#8:4])-[#7:5](-[#6:6])-[#1]>>[#0&1*:3]-[#6:1](=[#8:4])-[#8]-[#1].[#7:5](-[#6:6])(-[#1])-[#1]	Any;Any
EVODEX.2-Em584_0	Any;Any;Any	[#6:3]-[#6:1](-[#7:6](-[#6:7])-[#1])(-[#1:24])-[#1].[#8:2](-[#1])-[#1].[#8:16]=[#8:17]>>[#6:3]-[#6:1](=[#8:2])-[#1:24].[#7:6](-[#6:7])(-[#1])-[#1].[#8:16](-[#8:17]-[#1])-[#1]	Any;Any;Any
EVODEX.2-Em585_0	Any	[#6:3]-[#6:1](-[#8:27]-[#15:28](=[#8:29])(-[#8:30])-[#8:31])(-[#6:4])-[#1:45]>>[#6:4]-[#6:1](-[#8]-[#1])(-[#6:3])-[#1:45].[#8:29]=[#15:28](-[#8:27]-[#1])(-[#8:30])-[#8:31]	Any;Any
EVODEX.2-Em586_0	Any;Any	[#7:15]-[#6:14](=[#8:16])-[#6:8]1=[#6:13](-[#7:12](-[#6:17])-[#6:11](=[#6:10](-[#6:9]-1(-[#1:85])-[#1])-[#1:84])-[#1:83])-[#1:59].[#6:3]-[#6:1](=[#8:56])-[#6:4]>>[#6:3]-[#6:1](-[#7](-[#1])-[#1])(-[#6:4])-[#1].[#7:15]-[#6:14](=[#8:16])-[#6:8]1:[#6:9](:[#6:10](:[#6:11](:[#7&+:12](-[#6:17]):[#6:13]:1-[#1:59])-[#1:83])-[#1:84])-[#1:85].[#8:56](-[#1])-[#1]	Any;Any;Any
EVODEX.2-Em587_0	Any	[#6:3]-[#6:1](=[#8:56])-[#6:4]>>[#6:3]-[#6:1](-[#7](-[#1])-[#1])(-[#6:4])-[#1].[#8:56](-[#1])-[#1]	Any;Any
EVODEX.2-Em588_0	Any;Any	[#8:45]-[#15:44](=[#8:46])(-[#8:47])-[#8:43]-[#6:1](-[#6:3])(-[#6:4])-[#1:63].[#8:2](-[#1])-[#1]>>[#6:3]-[#6:1](-[#8:2]-[#1])(-[#6:4])-[#1:63].[#8:45]-[#15:44](=[#8:46])(-[#8:43]-[#1])-[#8:47]	Any;Any
EVODEX.2-Em589_0	Any;Any	[#6:3]-[#6:1](-[#8]-[#6])(-[#1:37])-[#1:38].[#8:2](-[#1])-[#1]>>[#6:3]-[#6:1](-[#8:2]-[#1])(-[#1:37])-[#1:38]	Any
EVODEX.2-Em590_0	Any	[#7](=[#6](-[#7])-[#7:1](-[#6:2])-[#1])-[#1]>>[#7:1](-[#6:2])(-[#1])-[#1]	Any
EVODEX.2-Em591_0	Any	[#6:2]-[#6:1](-[#8:74]-[#1])(-[#6:3])-[#1:98]>>[#6:2]-[#6:1](-[#6:3])(-[#1:98])-[#1].[#8:74]=[#8]	Any;Any
EVODEX.2-Em592_0	Any	[#6:56]-[#7:55](-[#6](-[#6])(-[#6](=[#8])-[#8])-[#1])-[#1]>>[#6:56]-[#7:55](-[#1])-[#1]	Any
EVODEX.2-Em593_0	Any;Any	[#6:2]-[#6:1](-[#8:22]-[#1])(-[#6:3])-[#1:28].[#8]=[#6](-[#8:23]-[#1])-[#6]>>[#6:2]-[#6:1](-[#6:3])(-[#1:28])-[#1].[#8:22]=[#8:23]	Any;Any
EVODEX.2-Em594_0	Any;Any	[#6:3]-[#6:1](=[#8:4])-[#8:6]-[#1].[#7:2](-[#1])(-[#1])-[#1]>>[#6:3]-[#6:1](-[#7:2](-[#1])-[#1])=[#8:4].[#8:6](-[#1])-[#1]	Any;Any
EVODEX.2-Em595_0	Any;Any	[#8]=[#15](-[#8])(-[#8])-[#8]-[#6:1](-[#8:3])(-[#6:4])-[#1:52].[#8:16]-[#15:15](=[#8:17])(-[#8:18])-[#8:2]-[#15](=[#8])(-[#8])-[#8]>>[#8:16]-[#15:15](=[#8:17])(-[#8:18])-[#8:2]-[#6:1](-[#8:3])(-[#6:4])-[#1:52]	Any
EVODEX.2-Em597_0	Any;Any	[#6:3]-[#6:1](-[#8:28]-[#15:29](=[#8:30])(-[#8:31])-[#8:32])(-[#1:47])-[#1:48].[#8:21]=[#15:20](-[#8:2]-[#1])(-[#8:22])-[#8:23]>>[#6:3]-[#6:1](-[#8:2]-[#15:20](=[#8:21])(-[#8:22])-[#8:23])(-[#1:47])-[#1:48].[#8:30]=[#15:29](-[#8:28]-[#1])(-[#8:31])-[#8:32]	Any;Any
EVODEX.2-Em598_0	Any	[#6:14]-[#7:13](-[#6:1](=[#7:3]-[#1])-[#7:4])-[#1]>>[#7:3](=[#6:1](-[#7:4])-[#7](-[#6])-[#1])-[#1].[#6:14]-[#7:13](-[#1])-[#1]	Any;Any
EVODEX.2-Em599_0	Any;Any	[#6:52]-[#7:51](-[#6:45](-[#6:47])(-[#6:48](=[#8:49])-[#8:50])-[#1])-[#1].[#7:8]-[#6:7](=[#8:9])-[#6:1]1:[#6:6](:[#6:5](:[#6:4](:[#7&+:3](-[#6:10]):[#6:2]:1-[#1:101])-[#1:78])-[#1:77])-[#1:76]>>[#7:8]-[#6:7](=[#8:9])-[#6:1]1=[#6:2](-[#7:3](-[#6:10])-[#6:4](=[#6:5](-[#6:6]-1(-[#1:76])-[#1])-[#1:77])-[#1:78])-[#1:101].[#6:47]-[#6:45](=[#8])-[#6:48](=[#8:49])-[#8:50].[#6:52]-[#7:51](-[#1])-[#1]	Any;Any;Any
EVODEX.2-Em600_0	Any;Any	[#6:3]-[#6:1](=[#8:2])-[#1:71].[#8:43](-[#8:44]-[#1])-[#1]>>[#6:3]-[#6:1](-[#8:2]-[#1])(-[#1:71])-[#1].[#8:43]=[#8:44]	Any;Any
EVODEX.2-Em601_0	Any;Any;Any	[#6:47]-[#6:45](-[#7:51](-[#1])-[#1])(-[#1:61])-[#1].[#7:8]-[#6:7](=[#8:9])-[#6:1]1:[#6:6](:[#6:5](:[#6:4](:[#7&+:3](-[#6:10]):[#6:2]:1-[#1:92])-[#1:69])-[#1:68])-[#1:67].[#8:46](-[#1])-[#1]>>[#7:8]-[#6:7](=[#8:9])-[#6:1]1=[#6:2](-[#7:3](-[#6:10])-[#6:4](=[#6:5](-[#6:6]-1(-[#1:67])-[#1])-[#1:68])-[#1:69])-[#1:92].[#6:47]-[#6:45](=[#8:46])-[#1:61].[#7:51](-[#1])(-[#1])-[#1]	Any;Any;Any
EVODEX.2-Em602_0	Any	[#6]-[#6](-[#6])(-[#8:34]-[#15:36](=[#8:37])(-[#8:38])-[#8:39])-[#1]>>[#8:39]-[#15:36](=[#8:37])(-[#8:38])-[#8:34]-[#15](=[#8])(-[#8])-[#8]	Any
EVODEX.2-Em603_0	Any	[#6:3]-[#6:1](-[#8:29]-[#16:31](=[#8:32])(=[#8:33])-[#8:34])(-[#1:68])-[#1:69]>>[#6:3]-[#6:1](-[#8]-[#1])(-[#1:68])-[#1:69].[#8]-[#15](=[#8])(-[#8])-[#8:29]-[#16:31](=[#8:32])(=[#8:33])-[#8:34]	Any;Any
EVODEX.2-Em604_0	Any;Any	[#6:3]-[#6:1](-[#8:67]-[#6:68])(-[#1:95])-[#1:96].[#8:2](-[#1])-[#1]>>[#6:3]-[#6:1](-[#8:2]-[#1])(-[#1:95])-[#1:96].[#6:68]-[#8:67]-[#1]	Any;Any
EVODEX.2-Em605_0	Any	[#6:29]-[#7:28](-[#6:30])-[#1]>>[#6:29]-[#7:28](-[#6](-[#1])(-[#1])-[#1])-[#6:30]	Any
EVODEX.2-Em606_0	Any;Any;Any	[#6:3]-[#6:1](=[#8:10])-[#1:19].[#7:2](-[#1])(-[#1])-[#1].[#8:11](-[#8:12]-[#1])-[#1]>>[#6:3]-[#6:1](-[#7:2](-[#1])-[#1])(-[#1:19])-[#1].[#8:10](-[#1])-[#1].[#8:11]=[#8:12]	Any;Any;Any
EVODEX.2-Em607_0	Any	[#6:2]-[#8:1]-[#15:127](=[#8:139])(-[#8:140])-[#8:141]>>[#6:2]-[#8:1]-[#1].[#6]-[#8]-[#15:127](=[#8:139])(-[#8:140])-[#8:141]	Any;Any
EVODEX.2-Em608_0	Any;Any	[#6:3]-[#16:2]-[#1].[#6:31]-[#6:1](=[#8:32])-[#8]-[#15](=[#8])(-[#8])-[#8]>>[#6:3]-[#16:2]-[#6:1](=[#8:32])-[#6:31]	Any
EVODEX.2-Em609_0	Any;Any;Any	[#7:27]-[#6:26](=[#8:28])-[#6:20]1=[#6:25](-[#7:24](-[#6:29])-[#6:23](=[#6:22](-[#6:21]-1(-[#1:92])-[#1])-[#1:91])-[#1:90])-[#1:67].[#6:3]-[#6:1](=[#8:64])-[#6:4](=[#8:6])-[#8:7].[#7:2](-[#6:11])(-[#1])-[#1]>>[#6:11]-[#7:2](-[#6:1](-[#6:3])(-[#6:4](=[#8:6])-[#8:7])-[#1])-[#1].[#7:27]-[#6:26](=[#8:28])-[#6:20]1:[#6:21](:[#6:22](:[#6:23](:[#7&+:24](-[#6:29]):[#6:25]:1-[#1:67])-[#1:90])-[#1:91])-[#1:92].[#8:64](-[#1])-[#1]	Any;Any;Any
EVODEX.2-Em610_0	Any;Any	[#8:3]=[#6:1](-[#7:4](-[#6:5])-[#1])-[#1:12].[#8:2](-[#1])-[#1]>>[#8:3]=[#6:1](-[#8:2]-[#1])-[#1:12].[#7:4](-[#6:5])(-[#1])-[#1]	Any;Any
EVODEX.2-Em611_0	Any	[#8]=[#6](-[#7:4](-[#6:5])-[#1])-[#1]>>[#7:4](-[#6:5])(-[#1])-[#1]	Any
EVODEX.2-Em612_0	Any;Any	[#0&1*:3]-[#6:1](=[#8:4])-[#8:13]-[#1].[#7:2](-[#6:5])(-[#1])-[#1]>>[#0&1*:3]-[#6:1](=[#8:4])-[#7:2](-[#6:5])-[#1].[#8:13](-[#1])-[#1]	Any;Any
EVODEX.2-Em613_0	Any;Any	[#6:3]-[#16:2]-[#6:4].[#6:29]-[#7:28](-[#6:1](-[#1:94])(-[#1:95])-[#1:96])-[#6:30]>>[#6:1](-[#16&+:2](-[#6:4])-[#6:3])(-[#1:94])(-[#1:95])-[#1:96].[#6:29]-[#7:28](-[#6:30])-[#1]	Any;Any
EVODEX.2-Em614_0	Any;Any	[#6:3]-[#6:1](=[#8:4])-[#7](-[#6])-[#1].[#8]=[#15](-[#8:2]-[#1])(-[#8])-[#8]>>[#6:3]-[#6:1](=[#8:4])-[#8:2]-[#1]	Any
EVODEX.2-Em615_0	Any;Any;Any	[#6:3]-[#6:1](=[#8:4])-[#7](-[#6])-[#1].[#8:58]-[#15:57](=[#8:59])(-[#8:55]-[#1])-[#8:60].[#8:84]=[#15:56](-[#8:2]-[#1])(-[#8:85])-[#8:86]>>[#6:3]-[#6:1](=[#8:4])-[#8:2]-[#1].[#8:58]-[#15:57](=[#8:59])(-[#8:60])-[#8:55]-[#15:56](=[#8:84])(-[#8:85])-[#8:86]	Any;Any
EVODEX.2-Em616_0	Any;Any	[#6:1](=[#6:2](-[#8:3]-[#15:8](=[#8:9])(-[#8:10])-[#8:11])-[#6:4](=[#8:5])-[#8:6])(-[#1:28])-[#1:29].[#8:13]-[#15:12](=[#8:14])(-[#8:7]-[#1])-[#8:15]>>[#6:1](-[#6:2](=[#8:3])-[#6:4](=[#8:5])-[#8:6])(-[#1:28])(-[#1:29])-[#1].[#8:13]-[#15:12](=[#8:14])(-[#8:15])-[#8:7]-[#15:8](=[#8:9])(-[#8:10])-[#8:11]	Any;Any
EVODEX.2-Em617_0	Any;Any	[#7:1](-[#6:4])(-[#1])-[#1].[#7:3](-[#6:2](-[#7:10])=[#8:11])(-[#1])-[#1]>>[#7:3](=[#6:2](-[#7:10])-[#7:1](-[#6:4])-[#1])-[#1].[#8:11](-[#1])-[#1]	Any;Any
EVODEX.2-Em618_0	Any;Any	[#8:10]=[#6:1](-[#6:3])-[#1:13].[#8:11](-[#8:12]-[#1])-[#1]>>[#7](-[#6:1](-[#6:3])(-[#1:13])-[#1])(-[#1])-[#1].[#8:10](-[#1])-[#1].[#8:11]=[#8:12]	Any;Any;Any
EVODEX.2-Em619_0	Any;Any	[#8:31]-[#15:30](=[#8:32])(-[#8:28]-[#1])-[#8:33].[#8:3]-[#15:2](=[#8:4])(-[#8:5])-[#8:1]-[#15:29](=[#8:56])(-[#8:57])-[#8:58]>>[#8:3]-[#15:2](=[#8:4])(-[#8:1]-[#1])-[#8:5].[#8:31]-[#15:30](=[#8:32])(-[#8:33])-[#8:28]-[#15:29](=[#8:56])(-[#8:57])-[#8:58]	Any;Any
EVODEX.2-Em620_0	Any;Any	[#6:6]-[#6:4]1:[#6:7](:[#7:5]:[#6:3](:[#7:1]:1-[#1])-[#1:34])-[#1:33].[#8:14]=[#15:2](-[#8:15])(-[#8:16])-[#8:17]-[#6:18]>>[#6:6]-[#6:4]1:[#6:7](:[#7:5]:[#6:3](:[#7:1]:1-[#15:2](=[#8:14])(-[#8:15])-[#8:16])-[#1:34])-[#1:33].[#8:17](-[#6:18])-[#1]	Any;Any
EVODEX.2-Em621_0	Any;Any	[#6:33]-[#7:32](-[#6:1](=[#8:3])-[#6:4])-[#1].[#6:10]-[#8:2]-[#1]>>[#6:10]-[#8:2]-[#6:1](=[#8:3])-[#6:4].[#6:33]-[#7:32](-[#1])-[#1]	Any;Any
EVODEX.2-Em622_0	Any;Any;Any	[#6:3]-[#6:1](-[#6:4](=[#8:7])-[#16:8])(-[#1:98])-[#1].[#6:66]-[#6:64](=[#8:67])-[#6](=[#8])-[#8].[#8:2]=[#8:65]>>[#6:3]-[#6:1](-[#8:2]-[#1])(-[#6:4](=[#8:7])-[#16:8])-[#1:98].[#8:67]=[#6:64](-[#8:65]-[#1])-[#6:66]	Any;Any
EVODEX.2-Em623_0	Any;Any	[#6:3]-[#6:1](-[#8]-[#15](=[#8])(-[#8])-[#8])(-[#1:149])-[#1:150].[#8]-[#15](=[#8])(-[#8:2]-[#1])-[#8]>>[#6:3]-[#6:1](-[#8:2]-[#1])(-[#1:149])-[#1:150]	Any
EVODEX.2-Em624_0	Any	[#6:56]-[#7:55](-[#6](-[#1])(-[#1])-[#1])-[#6:28](-[#1:151])(-[#1:152])-[#1:153]>>[#6:28](-[#16&+](-[#6])-[#6])(-[#1:151])(-[#1:152])-[#1:153].[#6:56]-[#7:55](-[#1])-[#1]	Any;Any
EVODEX.2-Em625_0	Any;Any	[#6:3]-[#16:2]-[#1].[#6:50]-[#6:1](=[#8:51])-[#8]-[#1]>>[#6:50]-[#6:1](=[#8:51])-[#16:2]-[#6:3]	Any
EVODEX.2-Em626_0	Any	[#6:3]-[#6:1](-[#8:73]-[#6:74])(-[#6:4])-[#1:117]>>[#6:3]-[#6:1](-[#8]-[#1])(-[#6:4])-[#1:117].[#6:74]-[#8:73]-[#1]	Any;Any
EVODEX.2-Em627_0	Any	[#6:2]-[#16:1]-[#6:23](=[#8:72])-[#6:73]>>[#6:2]-[#16:1]-[#1].[#6]-[#16]-[#6:23](=[#8:72])-[#6:73]	Any;Any
EVODEX.2-Em628_0	Any;Any	[#6:3]-[#6:1](-[#8:95]-[#1])(-[#6:4])-[#1:130].[#8:26]-[#15:25](=[#8:27])(-[#8:28])-[#8:2]-[#15:96](=[#8:97])(-[#8:98])-[#8:99]>>[#8:26]-[#15:25](=[#8:27])(-[#8:28])-[#8:2]-[#6:1](-[#6:3])(-[#6:4])-[#1:130].[#8:99]-[#15:96](=[#8:97])(-[#8:95]-[#1])-[#8:98]	Any;Any
EVODEX.2-Em629_0	Any;Any	[#7:2](-[#6:9](-[#6:11])(-[#6:12](=[#8:14])-[#8:15])-[#1])(-[#1])-[#1].[#6:3]-[#6:1](=[#8:10])-[#1:33]>>[#7:2](-[#6:1](-[#6:3])(-[#1:33])-[#1])(-[#1])-[#1].[#6:11]-[#6:9](=[#8:10])-[#6:12](=[#8:14])-[#8:15]	Any;Any
EVODEX.2-Em630_0	Any;Any;Any	[#6:3]-[#6:1](=[#8])-[#1:38].[#7:2](-[#6:14])(-[#1])-[#1].[#8:19](-[#8:20]-[#1])-[#1]>>[#6:3]-[#6:1](-[#7:2](-[#6:14])-[#1])(-[#1:38])-[#1].[#8:19]=[#8:20]	Any;Any
EVODEX.2-Em631_0	Any;Any	[#6:3]-[#6:1](=[#8])-[#1:38].[#7:2](-[#6:14])(-[#1])-[#1]>>[#6:3]-[#6:1](-[#7:2](-[#6:14])-[#1])(-[#1:38])-[#1]	Any
EVODEX.2-Em632_0	Any	[#6:54]-[#6:52](-[#8:53]-[#1])(-[#6](-[#6](=[#8])-[#8:61]-[#1])(-[#1])-[#1])-[#6:55](=[#8:57])-[#8:58]>>[#6:54]-[#6:52](=[#8:53])-[#6:55](=[#8:57])-[#8:58].[#8:61](-[#1])-[#1]	Any;Any
EVODEX.2-Em633_0	Any	[#6:54]-[#6:52](-[#8:53]-[#1])(-[#6:1](-[#6:2](=[#8:51])-[#8]-[#1])(-[#1:106])-[#1:107])-[#6:55](=[#8:57])-[#8:58]>>[#6:1](-[#6:2](=[#8:51])-[#16]-[#6])(-[#1:106])(-[#1:107])-[#1].[#6:54]-[#6:52](=[#8:53])-[#6:55](=[#8:57])-[#8:58]	Any;Any
EVODEX.2-Em634_0	Any	[#6:3]-[#6:1](-[#8:41]-[#6:42])(-[#1:85])-[#1:86]>>[#6:3]-[#6:1](-[#8]-[#1])(-[#1:85])-[#1:86].[#6:42]-[#8:41]-[#1]	Any;Any
EVODEX.2-Em635_0	Any	[#6:2]-[#6:1](=[#8:3])-[#8:8]-[#1]>>[#6:2]-[#6:1](=[#8:3])-[#1].[#8:8](-[#1])-[#1]	Any;Any
EVODEX.2-Em636_0	Any;Any	[#6:3]-[#6:1](-[#8]-[#16](=[#8])(=[#8])-[#8])(-[#1:104])-[#1:105].[#8]-[#15](=[#8])(-[#8:2]-[#1])-[#8]>>[#6:3]-[#6:1](-[#8:2]-[#1])(-[#1:104])-[#1:105]	Any
EVODEX.2-Em637_0	Any;Any	[#6:3]-[#16:2]-[#1].[#6]-[#8]-[#6:1](=[#8:50])-[#6:51]>>[#6:51]-[#6:1](=[#8:50])-[#16:2]-[#6:3]	Any
EVODEX.2-Em638_0	Any	[#6]-[#8]-[#6:1](=[#8:50])-[#6:51]>>[#6:51]-[#6:1](=[#8:50])-[#16]-[#6]	Any
EVODEX.2-Em639_0	Any	[#6:147]-[#6:98](-[#8:97]-[#1])(-[#1])-[#1]>>[#6:147]-[#6:98](=[#8:97])-[#16]-[#6]	Any
EVODEX.2-Em640_0	Any;Any	[#6:3]-[#6:1](-[#8:39]-[#1])(-[#8:4])-[#1:81].[#6:27]-[#8:2]-[#15:40](=[#8:41])(-[#8:42])-[#8:43]>>[#6:3]-[#6:1](-[#8:2]-[#6:27])(-[#8:4])-[#1:81].[#8:43]-[#15:40](=[#8:41])(-[#8:39]-[#1])-[#8:42]	Any;Any
EVODEX.2-Em641_0	Any;Any	[#6:1](-[#6:4](=[#8:5])-[#6:6](=[#8:7])-[#8:8])(-[#1:13])(-[#1:14])-[#1].[#8:3]=[#6:2](-[#6:9])-[#1:17]>>[#8:7]=[#6:6](-[#8:8])-[#6:4](=[#8:5])-[#6:1](-[#6:2](-[#8:3]-[#1])(-[#6:9])-[#1:17])(-[#1:13])-[#1:14]	Any
EVODEX.2-Em642_0	Any;Any;Any	[#6:3]-[#6:1](-[#6:2])(-[#8]-[#1])-[#1:53].[#8:27]=[#6:24](-[#8]-[#1])-[#6:28].[#8:26]=[#6:25]=[#8:33]>>[#6:3]-[#6:1](-[#6:2])(-[#1:53])-[#1].[#6:28]-[#6:24](=[#8:27])-[#6:25](=[#8:33])-[#8:26]-[#1]	Any;Any
EVODEX.2-Em643_0	Any	[#6:4]-[#6:1](=[#8:5])-[#1]>>[#6:4]-[#6:1](=[#8:5])-[#6](=[#8])-[#8]	Any
EVODEX.2-Em644_0	Any;Any	[#6:2]-[#6:1](-[#8:20]-[#1])(-[#6:3])-[#1:23].[#8:13]=[#6:10](-[#8:21]-[#1])-[#6:14]>>[#6:2]-[#6:1](-[#6:3])(-[#1:23])-[#1].[#6:14]-[#6:10](=[#8:13])-[#6](=[#8])-[#8].[#8:20]=[#8:21]	Any;Any;Any
EVODEX.2-Em645_0	Any;Any;Any	[#7:16]-[#6:15](=[#8:17])-[#6:9]1=[#6:14](-[#7:13](-[#6:18])-[#6:12](=[#6:11](-[#6:10]-1(-[#1:81])-[#1])-[#1:80])-[#1:79])-[#1:56].[#6:3]-[#6:1](-[#6:4])=[#8].[#7:2](-[#1])(-[#1])-[#1]>>[#6:3]-[#6:1](-[#6:4])(-[#7:2](-[#1])-[#1])-[#1].[#7:16]-[#6:15](=[#8:17])-[#6:9]1:[#6:10](:[#6:11](:[#6:12](:[#7&+:13](-[#6:18]):[#6:14]:1-[#1:56])-[#1:79])-[#1:80])-[#1:81]	Any;Any
EVODEX.2-Em646_0	Any;Any	[#6:3]-[#6:1](-[#8]-[#1])(-[#6:4])-[#1:67].[#8:2](-[#1])-[#1]>>[#6:3]-[#6:1](-[#8:2]-[#1])(-[#6:4])-[#1:67]	Any
EVODEX.2-Em647_0	Any	[#6:3]-[#6:1](=[#8:4])-[#8:15]-[#1]>>[#6:3]-[#6:1](=[#8:4])-[#8]-[#1].[#8:15](-[#1])-[#1]	Any;Any
EVODEX.2-Em648_0	Any	[#8:35]-[#15:34](=[#8:36])(-[#8:37])-[#8:2]-[#15](=[#8])(-[#8])-[#8]>>[#6]-[#6](-[#6])(-[#8:2]-[#15:34](=[#8:36])(-[#8:37])-[#8:35])-[#1]	Any
EVODEX.2-Em649_0	Any;Any	[#8:5]=[#15:4](-[#8:2]-[#1])(-[#8:6])-[#8:7].[#8:8]-[#15:3](=[#8:9])(-[#8:1]-[#1])-[#8:10]>>[#8:1](-[#1])-[#1].[#8:8]-[#15:3](=[#8:9])(-[#8:10])-[#8:2]-[#15:4](=[#8:5])(-[#8:6])-[#8:7]	Any;Any
EVODEX.2-Em650_0	Any;Any	[#6:15]-[#8:13]-[#1].[#6]-[#8]-[#15:14](=[#8:39])(-[#8:40])-[#8:41]>>[#6:15]-[#8:13]-[#15:14](=[#8:39])(-[#8:40])-[#8:41]	Any
EVODEX.2-Em651_0	Any	[#7:2](-[#6:7])(-[#1])-[#1]>>[#6]-[#6](-[#7:2](-[#6:7])-[#1])(-[#6](=[#8])-[#8])-[#1]	Any
EVODEX.2-Em652_0	Any	[#6:3]-[#6:1](-[#8:48]-[#1])(-[#1:95])-[#1:96]>>[#6:3]-[#6:1](-[#8]-[#16](=[#8])(=[#8])-[#8])(-[#1:95])-[#1:96].[#8]-[#15](=[#8])(-[#8:48]-[#1])-[#8]	Any;Any
EVODEX.2-Em653_0	Any;Any	[#6:2]-[#6:1](-[#8:19]-[#1])(-[#6:3])-[#1:25].[#8:11]=[#6:10]=[#8:18]>>[#6:2]-[#6:1](-[#6:3])(-[#1:25])-[#1].[#6]-[#6](=[#8])-[#6:10](=[#8:18])-[#8:11]-[#1].[#8:19]=[#8]	Any;Any;Any
EVODEX.2-Em654_0	Any;Any	[#7](-[#6:1](-[#6:3])(-[#6:4](=[#8:6])-[#8:7])-[#1])(-[#1])-[#1].[#8:12]=[#8:13]>>[#6:3]-[#6:1](=[#8])-[#6:4](=[#8:6])-[#8:7].[#8:12](-[#8:13]-[#1])-[#1]	Any;Any
EVODEX.2-Em655_0	Any;Any	[#6:3]-[#6:1](-[#8:104]-[#1])(-[#1:191])-[#1:192].[#8:106]-[#15:105](=[#8:107])(-[#8:108])-[#8:2]-[#16:100](=[#8:101])(=[#8:102])-[#8:103]>>[#6:3]-[#6:1](-[#8:2]-[#16:100](=[#8:101])(=[#8:102])-[#8:103])(-[#1:191])-[#1:192].[#8:106]-[#15:105](=[#8:107])(-[#8:104]-[#1])-[#8:108]	Any;Any
EVODEX.2-Em656_0	Any;Any	[#8:36]-[#15:35](=[#8:37])(-[#8:38])-[#8:34]-[#6:1](-[#8:11])(-[#6:5]-[#8:4]-[#1])-[#1:71].[#6:24]-[#8:2]-[#6:3](-[#8:14])(-[#6:15])-[#1:93]>>[#6:24]-[#8:2]-[#6:1](-[#8:11])(-[#6:5]-[#8:4]-[#6:3](-[#8:14])(-[#6:15])-[#1:93])-[#1:71].[#8:36]-[#15:35](=[#8:37])(-[#8:34]-[#1])-[#8:38]	Any;Any
EVODEX.2-Em657_0	Any	[#6:4]-[#6:1](-[#7:5])(-[#1:10])-[#1]>>[#6:4]-[#6:1](-[#7:5])(-[#6](=[#8])-[#8])-[#1:10]	Any
EVODEX.2-Em658_0	Any	[#6:50]-[#6:1](=[#8:51])-[#6:52](-[#6:55](=[#8:56])-[#16:57])(-[#1:145])-[#1:146]>>[#6:50]-[#6:1](=[#8:51])-[#16]-[#6].[#16:57]-[#6:55](=[#8:56])-[#6:52](-[#6](=[#8])-[#8])(-[#1:145])-[#1:146]	Any;Any
EVODEX.2-Em659_0	Any;Any	[#8:3]-[#6:1](-[#8:29]-[#1])(-[#6:4])-[#1:35].[#7:23]-[#6:21]1:[#7:22]:[#6:20](:[#7:17]:[#6:15]2:[#7:2](:[#6:16](:[#7:19]:[#6:18]:1:2)-[#1:53])-[#1])-[#1:51]>>[#7:23]-[#6:21]1:[#7:22]:[#6:20](:[#7:17]:[#6:15]2:[#6:18]:1:[#7:19]:[#6:16](:[#7:2]:2-[#6:1](-[#8:3])(-[#6:4])-[#1:35])-[#1:53])-[#1:51].[#8:29](-[#1])-[#1]	Any;Any
EVODEX.2-Em660_0	Any;Any	[#0:3]-[#6:1](=[#8:4])-[#8:5]-[#6:6].[#8:2](-[#1])-[#1]>>[#0:3]-[#6:1](=[#8:4])-[#8:2]-[#1].[#6:6]-[#8:5]-[#1]	Any;Any
EVODEX.2-Em661_0	Any	[#6:9]-[#6:2](=[#8:3])-[#1:20]>>[#6:9]-[#6:2](-[#8:3]-[#1])(-[#6](-[#6](=[#8])-[#6](=[#8])-[#8])(-[#1])-[#1])-[#1:20]	Any
EVODEX.2-Em662_0	Any;Any	[#6:1](-[#6:3])(-[#1:66])(-[#1:67])-[#1].[#7:24]-[#6:23](=[#8:25])-[#6:17]1=[#6:22](-[#7:21](-[#6:26])-[#6:20](=[#6:19](-[#6:18]-1(-[#1:118])-[#1])-[#1:117])-[#1:116])-[#1:92]>>[#6:3]-[#6:1](-[#8]-[#1])(-[#1:66])-[#1:67].[#7:24]-[#6:23](=[#8:25])-[#6:17]1:[#6:18](:[#6:19](:[#6:20](:[#7&+:21](-[#6:26]):[#6:22]:1-[#1:92])-[#1:116])-[#1:117])-[#1:118]	Any;Any
EVODEX.2-Em663_0	Any;Any	[#7:5](-[#6:1](-[#6:3])(-[#1:10])-[#1])(-[#1])-[#1].[#8:6]=[#8:7]>>[#8]=[#6:1](-[#6:3])-[#1:10].[#7:5](-[#1])(-[#1])-[#1].[#8:6](-[#8:7]-[#1])-[#1]	Any;Any;Any
EVODEX.2-Em560_0	Any	[#6:3]-[#6:1](=[#8:4])-[#8:17]-[#1]>>[#6:3]-[#6:1](=[#8:4])-[#7](-[#6](=[#6](-[#6]1:[#6](:[#6](:[#6](:[#6](:[#6]:1-[#1])-[#1])-[#1])-[#1])-[#1])-[#1])-[#6](=[#8])-[#8])-[#1].[#8:17](-[#1])-[#1]	Any;Any
