id,smarts,sources,hash
EVODEX.2-Dm46,[#6:16]-[#8:2]-[#1]>>[#6:16]-[#8:2]-[#6](-[#8])(-[#6])-[#1],"EVODEX.2-P1045,EVODEX.2-P105,EVODEX.2-P1076,EVODEX.2-P1077,EVODEX.2-P1123,EVODEX.2-P1124,EVODEX.2-P1127,EVODEX.2-P1149,EVODEX.2-P1167,EVODEX.2-P1489,EVODEX.2-P1492,EVODEX.2-P1493,EVODEX.2-P1494,EVODEX.2-P1495,EVODEX.2-P1567,EVODEX.2-P159,EVODEX.2-P1703,EVODEX.2-P1803,EVODEX.2-P195,EVODEX.2-P1962,EVODEX.2-P199,EVODEX.2-P200,EVODEX.2-P202,EVODEX.2-P2033,EVODEX.2-P2035,EVODEX.2-P2238,EVODEX.2-P2318,EVODEX.2-P2349,EVODEX.2-P2371,EVODEX.2-P2372,EVODEX.2-P2396,EVODEX.2-P2408,EVODEX.2-P2433,EVODEX.2-P2438,EVODEX.2-P2448,EVODEX.2-P2456,EVODEX.2-P2458,EVODEX.2-P2462,EVODEX.2-P2487,EVODEX.2-P2495,EVODEX.2-P2497,EVODEX.2-P2527,EVODEX.2-P2531,EVODEX.2-P2576,EVODEX.2-P2581,EVODEX.2-P2623,EVODEX.2-P2628,EVODEX.2-P2683,EVODEX.2-P2837,EVODEX.2-P288,EVODEX.2-P298,EVODEX.2-P3781,EVODEX.2-P380,EVODEX.2-P3821,EVODEX.2-P3866,EVODEX.2-P3870,EVODEX.2-P3876,EVODEX.2-P401,EVODEX.2-P402,EVODEX.2-P569,EVODEX.2-P68,EVODEX.2-P81,EVODEX.2-P872,EVODEX.2-P89,EVODEX.2-P916",31215936292187085935354989550792638892655628222918569713998180219061139030201
EVODEX.2-Dm56,[#6:40]-[#8:39]-[#6](-[#8])(-[#6])-[#1]>>[#6:40]-[#8:39]-[#1],"EVODEX.2-P1041,EVODEX.2-P1055,EVODEX.2-P1063,EVODEX.2-P1064,EVODEX.2-P1066,EVODEX.2-P1084,EVODEX.2-P1128,EVODEX.2-P1129,EVODEX.2-P1131,EVODEX.2-P1262,EVODEX.2-P1280,EVODEX.2-P1283,EVODEX.2-P1284,EVODEX.2-P1301,EVODEX.2-P1302,EVODEX.2-P1303,EVODEX.2-P1314,EVODEX.2-P1316,EVODEX.2-P1322,EVODEX.2-P1323,EVODEX.2-P1325,EVODEX.2-P1334,EVODEX.2-P1337,EVODEX.2-P1354,EVODEX.2-P1355,EVODEX.2-P1359,EVODEX.2-P1360,EVODEX.2-P1375,EVODEX.2-P1376,EVODEX.2-P1377,EVODEX.2-P1378,EVODEX.2-P1379,EVODEX.2-P1384,EVODEX.2-P1423,EVODEX.2-P1424,EVODEX.2-P1425,EVODEX.2-P1458,EVODEX.2-P1566,EVODEX.2-P1569,EVODEX.2-P166,EVODEX.2-P1707,EVODEX.2-P1778,EVODEX.2-P1789,EVODEX.2-P1804,EVODEX.2-P1818,EVODEX.2-P192,EVODEX.2-P201,EVODEX.2-P2329,EVODEX.2-P2450,EVODEX.2-P2529,EVODEX.2-P2622,EVODEX.2-P2681,EVODEX.2-P270,EVODEX.2-P281,EVODEX.2-P296,EVODEX.2-P3830,EVODEX.2-P3868,EVODEX.2-P408,EVODEX.2-P690,EVODEX.2-P691,EVODEX.2-P803,EVODEX.2-P804,EVODEX.2-P82,EVODEX.2-P83,EVODEX.2-P913",29082743957763582669861678912473128062430887236943654446604957471252252091249
EVODEX.2-Dm7,[#6:53]-[#7:52](-[#6](-[#6])=[#8])-[#1]>>[#6:53]-[#7:52](-[#1])-[#1],"EVODEX.2-P1020,EVODEX.2-P1057,EVODEX.2-P1304,EVODEX.2-P1310,EVODEX.2-P1321,EVODEX.2-P1352,EVODEX.2-P1353,EVODEX.2-P1735,EVODEX.2-P1828,EVODEX.2-P1832,EVODEX.2-P1833,EVODEX.2-P1841,EVODEX.2-P1842,EVODEX.2-P21,EVODEX.2-P213,EVODEX.2-P2146,EVODEX.2-P2148,EVODEX.2-P23,EVODEX.2-P2477,EVODEX.2-P2478,EVODEX.2-P2479,EVODEX.2-P2667,EVODEX.2-P2793,EVODEX.2-P2794,EVODEX.2-P3293,EVODEX.2-P3407,EVODEX.2-P3411,EVODEX.2-P3414,EVODEX.2-P3498,EVODEX.2-P3501,EVODEX.2-P3517,EVODEX.2-P3519,EVODEX.2-P624,EVODEX.2-P7,EVODEX.2-P748",112964657775986726577325843846435053441253355507887323218030258603058816686035
EVODEX.2-Dm8,[#6:53]-[#7:50](-[#1])-[#1]>>[#6:53]-[#7:50](-[#6](-[#6])=[#8])-[#1],"EVODEX.2-P1062,EVODEX.2-P1117,EVODEX.2-P1152,EVODEX.2-P1682,EVODEX.2-P1845,EVODEX.2-P1852,EVODEX.2-P1854,EVODEX.2-P1860,EVODEX.2-P2134,EVODEX.2-P2202,EVODEX.2-P2287,EVODEX.2-P24,EVODEX.2-P2490,EVODEX.2-P2491,EVODEX.2-P2493,EVODEX.2-P2604,EVODEX.2-P2641,EVODEX.2-P2673,EVODEX.2-P2689,EVODEX.2-P2691,EVODEX.2-P3304,EVODEX.2-P3307,EVODEX.2-P3308,EVODEX.2-P3310,EVODEX.2-P337,EVODEX.2-P3452,EVODEX.2-P44,EVODEX.2-P806,EVODEX.2-P807,EVODEX.2-P9",20274906149468687421161210613925219309797621901645010715603491958459940763762
EVODEX.2-Dm57,[#6:40]-[#8:39]-[#6:1](-[#8:3])(-[#6:4])-[#1:154]>>[#8:3]-[#6:1](-[#8]-[#15]=[#8])(-[#6:4])-[#1:154].[#6:40]-[#8:39]-[#1],"EVODEX.2-P1054,EVODEX.2-P1580,EVODEX.2-P1582,EVODEX.2-P178,EVODEX.2-P1802,EVODEX.2-P1805,EVODEX.2-P1978,EVODEX.2-P2163,EVODEX.2-P2164,EVODEX.2-P2179,EVODEX.2-P2682,EVODEX.2-P2802,EVODEX.2-P2842,EVODEX.2-P3596,EVODEX.2-P3643,EVODEX.2-P3673,EVODEX.2-P3676,EVODEX.2-P3678,EVODEX.2-P3848,EVODEX.2-P3853,EVODEX.2-P397,EVODEX.2-P683,EVODEX.2-P802,EVODEX.2-P84,EVODEX.2-P94",43618149716377505709529054464761744925163036383985201810260154488309186961297
EVODEX.2-Dm59,[#8:3]-[#6:1](-[#8]-[#15]=[#8])(-[#6:4])-[#1:145].[#6:12]-[#8:2]-[#1]>>[#6:12]-[#8:2]-[#6:1](-[#8:3])(-[#6:4])-[#1:145],"EVODEX.2-P103,EVODEX.2-P1049,EVODEX.2-P1083,EVODEX.2-P1085,EVODEX.2-P155,EVODEX.2-P1581,EVODEX.2-P1662,EVODEX.2-P1954,EVODEX.2-P2023,EVODEX.2-P2165,EVODEX.2-P2180,EVODEX.2-P2612,EVODEX.2-P2800,EVODEX.2-P2981,EVODEX.2-P3687,EVODEX.2-P3688,EVODEX.2-P3815,EVODEX.2-P382,EVODEX.2-P3855,EVODEX.2-P3856,EVODEX.2-P3869,EVODEX.2-P400,EVODEX.2-P688,EVODEX.2-P870,EVODEX.2-P88",35838028980020458881531839630053734529568511293953646042643407471185049827832
EVODEX.2-Dm102,[#6:3]-[#6:1](=[#8:4])-[#8]-[#1]>>[#6]-[#7](-[#6:1](=[#8:4])-[#6:3])-[#1],"EVODEX.2-P1081,EVODEX.2-P1779,EVODEX.2-P1781,EVODEX.2-P1857,EVODEX.2-P1944,EVODEX.2-P2072,EVODEX.2-P217,EVODEX.2-P2205,EVODEX.2-P2356,EVODEX.2-P2492,EVODEX.2-P2494,EVODEX.2-P2719,EVODEX.2-P2726,EVODEX.2-P276,EVODEX.2-P2909,EVODEX.2-P2911,EVODEX.2-P3333,EVODEX.2-P334,EVODEX.2-P3366,EVODEX.2-P3421",87517083460207283284024329235000052591267119143861413719776771473091666691681
EVODEX.2-Dm108,[#6]-[#7](-[#6:1](=[#8:3])-[#6:4])-[#1]>>[#6:4]-[#6:1](=[#8:3])-[#8]-[#1],"EVODEX.2-P1745,EVODEX.2-P1767,EVODEX.2-P1914,EVODEX.2-P1922,EVODEX.2-P1939,EVODEX.2-P2069,EVODEX.2-P2103,EVODEX.2-P2203,EVODEX.2-P2210,EVODEX.2-P223,EVODEX.2-P2272,EVODEX.2-P2361,EVODEX.2-P2367,EVODEX.2-P2481,EVODEX.2-P2485,EVODEX.2-P2725,EVODEX.2-P277,EVODEX.2-P2907,EVODEX.2-P318,EVODEX.2-P3645",91301474198293215645637563557970085297939764445442263132772878002580938613342
EVODEX.2-Dm116,[#6:3]-[#6:1](-[#8]-[#15]=[#8])(-[#1:51])-[#1:52].[#8]-[#15](=[#8])(-[#8])-[#8:2]-[#15:10]=[#8:11]>>[#6:3]-[#6:1](-[#8:2]-[#15:10]=[#8:11])(-[#1:51])-[#1:52],"EVODEX.2-P1219,EVODEX.2-P2382,EVODEX.2-P2383,EVODEX.2-P2385,EVODEX.2-P2388,EVODEX.2-P242,EVODEX.2-P2971,EVODEX.2-P2973,EVODEX.2-P3557,EVODEX.2-P3562,EVODEX.2-P3569,EVODEX.2-P3570,EVODEX.2-P3571,EVODEX.2-P3574,EVODEX.2-P3580,EVODEX.2-P3594,EVODEX.2-P3603,EVODEX.2-P3618,EVODEX.2-P3684,EVODEX.2-P830",94206998890391874669927260847736892361503415004592489004782866232415480128094
EVODEX.2-Dm305,[#6:3]-[#6:1](-[#8:15]-[#15:17]=[#8:18])(-[#1:49])-[#1:50]>>[#6:3]-[#6:1](-[#8]-[#15]=[#8])(-[#1:49])-[#1:50].[#8]-[#15](=[#8])(-[#8])-[#8:15]-[#15:17]=[#8:18],"EVODEX.2-P1918,EVODEX.2-P1919,EVODEX.2-P1920,EVODEX.2-P2386,EVODEX.2-P2393,EVODEX.2-P2970,EVODEX.2-P2991,EVODEX.2-P3530,EVODEX.2-P3558,EVODEX.2-P3567,EVODEX.2-P3572,EVODEX.2-P3573,EVODEX.2-P3576,EVODEX.2-P3595,EVODEX.2-P3599,EVODEX.2-P3621,EVODEX.2-P3691,EVODEX.2-P3735,EVODEX.2-P831,EVODEX.2-P832",100597217229974578159065543292787092881831026127406895735694660669395620939233
EVODEX.2-Dm338,[#6:9]-[#6:7](-[#7:2](-[#1])-[#1])(-[#6:10]=[#8:13])-[#1]>>[#6]-[#6](-[#7:2](-[#1])-[#1])(-[#6]=[#8])-[#1].[#6:9]-[#6:7](=[#8])-[#6:10]=[#8:13],"EVODEX.2-P1027,EVODEX.2-P1848,EVODEX.2-P1866,EVODEX.2-P1873,EVODEX.2-P2046,EVODEX.2-P2051,EVODEX.2-P2053,EVODEX.2-P2059,EVODEX.2-P2892,EVODEX.2-P3278,EVODEX.2-P3284,EVODEX.2-P3316,EVODEX.2-P3347,EVODEX.2-P3360,EVODEX.2-P3382,EVODEX.2-P922,EVODEX.2-P923,EVODEX.2-P934,EVODEX.2-P954,EVODEX.2-P958",29018984517969511898073780017786422931947044721539952638402136469949545890626
EVODEX.2-Dm345,[#6]-[#6](-[#7:2](-[#1])-[#1])(-[#6]=[#8])-[#1].[#6:3]-[#6:1](=[#8])-[#6:4]=[#8:5]>>[#6:3]-[#6:1](-[#7:2](-[#1])-[#1])(-[#6:4]=[#8:5])-[#1],"EVODEX.2-P1026,EVODEX.2-P1096,EVODEX.2-P1672,EVODEX.2-P1675,EVODEX.2-P1851,EVODEX.2-P1869,EVODEX.2-P1870,EVODEX.2-P1872,EVODEX.2-P2058,EVODEX.2-P2086,EVODEX.2-P2128,EVODEX.2-P2130,EVODEX.2-P2135,EVODEX.2-P2141,EVODEX.2-P2252,EVODEX.2-P3202,EVODEX.2-P3329,EVODEX.2-P3548,EVODEX.2-P3550,EVODEX.2-P931",44317964213351116313636053199126598175059252674889067594377478641555578221164
EVODEX.2-Dm351,[#6:9]-[#6:7](-[#7](-[#1])-[#1])(-[#6:10]=[#8:12])-[#1].[#6]-[#6](=[#8:8])-[#6]=[#8]>>[#6:9]-[#6:7](=[#8:8])-[#6:10]=[#8:12],"EVODEX.2-P1846,EVODEX.2-P1864,EVODEX.2-P1948,EVODEX.2-P2049,EVODEX.2-P2052,EVODEX.2-P2056,EVODEX.2-P2057,EVODEX.2-P2097,EVODEX.2-P2136,EVODEX.2-P3277,EVODEX.2-P3314,EVODEX.2-P3346,EVODEX.2-P3359,EVODEX.2-P3362,EVODEX.2-P3378,EVODEX.2-P953,EVODEX.2-P955,EVODEX.2-P956,EVODEX.2-P960,EVODEX.2-P961",102084075279619340427070392166339826441034690027012892117579293163765569512508
EVODEX.2-Dm352,[#6:3]-[#6:1](=[#8:8])-[#6:4]=[#8:5]>>[#6:3]-[#6:1](-[#7](-[#1])-[#1])(-[#6:4]=[#8:5])-[#1].[#6]-[#6](=[#8:8])-[#6]=[#8],"EVODEX.2-P1847,EVODEX.2-P1849,EVODEX.2-P1850,EVODEX.2-P1865,EVODEX.2-P1871,EVODEX.2-P2129,EVODEX.2-P2131,EVODEX.2-P2137,EVODEX.2-P2139,EVODEX.2-P2140,EVODEX.2-P3203,EVODEX.2-P3315,EVODEX.2-P3330,EVODEX.2-P3334,EVODEX.2-P3549,EVODEX.2-P3551,EVODEX.2-P3552,EVODEX.2-P3553,EVODEX.2-P3554,EVODEX.2-P957",31911730183881457870051470804317873569896826369423518723799022393139234873699
EVODEX.2-Dm254,[#15:4](=[#8:6])-[#8:2]-[#1]>>[#15:4](=[#8:6])-[#8:2]-[#15](=[#8])(-[#8])-[#8],"EVODEX.2-P1220,EVODEX.2-P1592,EVODEX.2-P1810,EVODEX.2-P2243,EVODEX.2-P2269,EVODEX.2-P2323,EVODEX.2-P2902,EVODEX.2-P2969,EVODEX.2-P3406,EVODEX.2-P3583,EVODEX.2-P3587,EVODEX.2-P3619,EVODEX.2-P3647,EVODEX.2-P3653,EVODEX.2-P655,EVODEX.2-P657",50025437054594512027264450572781825993793505979475048475663976203034249485132
EVODEX.2-Dm45,[#6:3]-[#6:1](-[#8:53]-[#1])(-[#6:4])-[#1:71]>>[#6:3]-[#6:1](-[#8]-[#6])(-[#6:4])-[#1:71].[#8:53](-[#1])-[#1],"EVODEX.2-P108,EVODEX.2-P118,EVODEX.2-P1792,EVODEX.2-P2650,EVODEX.2-P279,EVODEX.2-P301,EVODEX.2-P307,EVODEX.2-P67,EVODEX.2-P685,EVODEX.2-P78,EVODEX.2-P85,EVODEX.2-P90,EVODEX.2-P93,EVODEX.2-P95,EVODEX.2-P99",39230841231923637151670398160447680807981713742463674838033003575355578065519
EVODEX.2-Dm51,[#6:3]-[#6:1](-[#6:4])(-[#8]-[#6])-[#1:105].[#8:2](-[#1])-[#1]>>[#6:3]-[#6:1](-[#8:2]-[#1])(-[#6:4])-[#1:105],"EVODEX.2-P100,EVODEX.2-P101,EVODEX.2-P112,EVODEX.2-P120,EVODEX.2-P1787,EVODEX.2-P2651,EVODEX.2-P303,EVODEX.2-P306,EVODEX.2-P308,EVODEX.2-P686,EVODEX.2-P74,EVODEX.2-P77,EVODEX.2-P92,EVODEX.2-P96,EVODEX.2-P97",57645005133008282522413142355225438952596157045056928917896271924777806155125
EVODEX.2-Dm165,[#6:2]-[#16:1]-[#6:30](=[#8:32])-[#6:33]>>[#6:2]-[#16:1]-[#1].[#6]-[#7](-[#6:30](=[#8:32])-[#6:33])-[#1],"EVODEX.2-P2411,EVODEX.2-P2439,EVODEX.2-P2457,EVODEX.2-P2459,EVODEX.2-P2534,EVODEX.2-P2539,EVODEX.2-P2548,EVODEX.2-P2550,EVODEX.2-P2580,EVODEX.2-P2630,EVODEX.2-P341,EVODEX.2-P343,EVODEX.2-P344,EVODEX.2-P345,EVODEX.2-P348",5169654836708686748494403513901515699047596529133706268513333064272036094580
EVODEX.2-Dm171,[#6:3]-[#16:2]-[#1].[#6]-[#7](-[#6:1](=[#8:50])-[#6:51])-[#1]>>[#6:51]-[#6:1](=[#8:50])-[#16:2]-[#6:3],"EVODEX.2-P1247,EVODEX.2-P1248,EVODEX.2-P1311,EVODEX.2-P1315,EVODEX.2-P1327,EVODEX.2-P1329,EVODEX.2-P1343,EVODEX.2-P1346,EVODEX.2-P1356,EVODEX.2-P1365,EVODEX.2-P357,EVODEX.2-P358,EVODEX.2-P359,EVODEX.2-P360,EVODEX.2-P366",47618018375332571745084810220913017964686473211679011211755574117334199740059
EVODEX.2-Dm284,[#6:3]-[#6:1](=[#8:4])-[#7](-[#6])-[#1].[#8:2](-[#1])-[#1]>>[#6:3]-[#6:1](=[#8:4])-[#8:2]-[#1],"EVODEX.2-P1748,EVODEX.2-P1758,EVODEX.2-P1766,EVODEX.2-P2068,EVODEX.2-P2209,EVODEX.2-P2360,EVODEX.2-P2480,EVODEX.2-P2482,EVODEX.2-P2484,EVODEX.2-P2668,EVODEX.2-P2717,EVODEX.2-P2718,EVODEX.2-P2906,EVODEX.2-P2908,EVODEX.2-P796",51403231428235836922268362061359936879888051347579518356356234141627302081145
EVODEX.2-Dm103,[#6:3]-[#6:1](=[#8:4])-[#8:21]-[#1]>>[#6]-[#7](-[#6:1](=[#8:4])-[#6:3])-[#1].[#8:21](-[#1])-[#1],"EVODEX.2-P1120,EVODEX.2-P1780,EVODEX.2-P1782,EVODEX.2-P1923,EVODEX.2-P2073,EVODEX.2-P218,EVODEX.2-P2357,EVODEX.2-P2362,EVODEX.2-P2538,EVODEX.2-P2674,EVODEX.2-P2720,EVODEX.2-P2910,EVODEX.2-P2912,EVODEX.2-P800",31491515950571714231919089658924533255101330876147433214372274694343291577537
EVODEX.2-Dm133,[#8:6](-[#1])-[#1].[#8:8]-[#15:7](=[#8:9])(-[#8:10])-[#8]-[#15]=[#8]>>[#8:8]-[#15:7](=[#8:9])(-[#8:6]-[#1])-[#8:10],"EVODEX.2-P1453,EVODEX.2-P1811,EVODEX.2-P2080,EVODEX.2-P2398,EVODEX.2-P2554,EVODEX.2-P267,EVODEX.2-P2957,EVODEX.2-P3579,EVODEX.2-P3766,EVODEX.2-P3767,EVODEX.2-P3768,EVODEX.2-P671",71243416853847366905926458233139399745264501944168737714528004217866003214927
EVODEX.2-Dm98,[#6:31]-[#6:1](=[#8:32])-[#8:46]-[#1].[#8:48]-[#15:47](=[#8:49])(-[#8:50])-[#8]-[#15]=[#8]>>[#6]-[#16]-[#6:1](=[#8:32])-[#6:31].[#8:48]-[#15:47](=[#8:49])(-[#8:46]-[#1])-[#8:50],"EVODEX.2-P1252,EVODEX.2-P1269,EVODEX.2-P1299,EVODEX.2-P1363,EVODEX.2-P1408,EVODEX.2-P1419,EVODEX.2-P212,EVODEX.2-P420,EVODEX.2-P437,EVODEX.2-P461,EVODEX.2-P472",40346362925832453186193097424267639066383797498546158486095123936660417957034
EVODEX.2-Dm200,[#6]-[#16]-[#6:30](=[#8:32])-[#6:33].[#15:38](=[#8:40])-[#8:36]-[#1]>>[#6:33]-[#6:30](=[#8:32])-[#8]-[#1].[#15:38](=[#8:40])-[#8:36]-[#15](=[#8])(-[#8])-[#8],"EVODEX.2-P1536,EVODEX.2-P1699,EVODEX.2-P1815,EVODEX.2-P2078,EVODEX.2-P2276,EVODEX.2-P2735,EVODEX.2-P477,EVODEX.2-P481,EVODEX.2-P487,EVODEX.2-P578,EVODEX.2-P581",21707528116519578422173874143845794994250368296988933527925664750294336676220
EVODEX.2-Dm29,[#6:3]-[#16:2]-[#6](=[#8])-[#6].[#6:50]-[#6:1](=[#8:51])-[#8]-[#1]>>[#6:50]-[#6:1](=[#8:51])-[#16:2]-[#6:3],"EVODEX.2-P1112,EVODEX.2-P1153,EVODEX.2-P1196,EVODEX.2-P1197,EVODEX.2-P1198,EVODEX.2-P1510,EVODEX.2-P1512,EVODEX.2-P41,EVODEX.2-P593,EVODEX.2-P833",91737651620163994192851125427681965864540894277688885249695774307552463145912
EVODEX.2-Dm49,[#6:43]-[#8:42]-[#6](-[#6]=[#8])(-[#6])-[#8]>>[#6:43]-[#8:42]-[#1],"EVODEX.2-P121,EVODEX.2-P229,EVODEX.2-P231,EVODEX.2-P235,EVODEX.2-P2591,EVODEX.2-P2597,EVODEX.2-P284,EVODEX.2-P286,EVODEX.2-P71,EVODEX.2-P73",52155487624910935334777475453804921772741863456611174317310516407228139544451
EVODEX.2-Dm63,[#6:22]-[#8:2]-[#1]>>[#6:22]-[#8:2]-[#6](-[#6]=[#8])(-[#6])-[#8],"EVODEX.2-P1044,EVODEX.2-P114,EVODEX.2-P227,EVODEX.2-P230,EVODEX.2-P233,EVODEX.2-P234,EVODEX.2-P2593,EVODEX.2-P399,EVODEX.2-P687,EVODEX.2-P689",108691202698318307513926901729757567945881695039164413956726563280145751416976
EVODEX.2-Dm73,[#6:3]-[#6:1](-[#8:118]-[#15:120]=[#8:121])(-[#6:4])-[#1:202]>>[#6:3]-[#6:1](-[#8]-[#1])(-[#6:4])-[#1:202].[#8]-[#15](=[#8])(-[#8])-[#8:118]-[#15:120]=[#8:121],"EVODEX.2-P156,EVODEX.2-P260,EVODEX.2-P2679,EVODEX.2-P2808,EVODEX.2-P289,EVODEX.2-P3606,EVODEX.2-P3637,EVODEX.2-P3669,EVODEX.2-P620,EVODEX.2-P621",81171381848393146557278036749458193745082209899737497353378075463821213539839
EVODEX.2-Dm77,[#6:3]-[#6:1](-[#8:34]-[#1])(-[#1:36])-[#1:37]>>[#6:3]-[#6:1](-[#8]-[#6]=[#8])(-[#1:36])-[#1:37].[#8:34](-[#1])-[#1],"EVODEX.2-P163,EVODEX.2-P2215,EVODEX.2-P2235,EVODEX.2-P2373,EVODEX.2-P2378,EVODEX.2-P2399,EVODEX.2-P2403,EVODEX.2-P2499,EVODEX.2-P2503,EVODEX.2-P2505",18072873802840798580519710826926831610863957368217505084839924844261920222632
EVODEX.2-Dm80,[#6:3]-[#6:1](-[#8]-[#6]=[#8])(-[#1:36])-[#1:37].[#8:2](-[#1])-[#1]>>[#6:3]-[#6:1](-[#8:2]-[#1])(-[#1:36])-[#1:37],"EVODEX.2-P167,EVODEX.2-P2217,EVODEX.2-P2236,EVODEX.2-P2379,EVODEX.2-P2404,EVODEX.2-P2405,EVODEX.2-P2506,EVODEX.2-P2508,EVODEX.2-P2510,EVODEX.2-P2511",91456629083461206972429915378490690425938979751658946714851775964588187887031
EVODEX.2-Dm84,[#6:3]-[#6:1](-[#8]-[#1])(-[#6:4])-[#1:70].[#8]-[#15](=[#8])(-[#8])-[#8:2]-[#15:28]=[#8:29]>>[#6:3]-[#6:1](-[#8:2]-[#15:28]=[#8:29])(-[#6:4])-[#1:70],"EVODEX.2-P1222,EVODEX.2-P175,EVODEX.2-P2407,EVODEX.2-P259,EVODEX.2-P280,EVODEX.2-P3601,EVODEX.2-P3602,EVODEX.2-P3722,EVODEX.2-P3724,EVODEX.2-P619",69941580907551697736315829578650864394128526129087551608661357391896270540045
EVODEX.2-Dm99,[#6:3]-[#16:2]-[#1].[#6:31]-[#6:1](=[#8:32])-[#8]-[#1].[#8]-[#15](=[#8])(-[#8])-[#8:35]-[#15:36]=[#8:37]>>[#6:3]-[#16:2]-[#6:1](=[#8:32])-[#6:31].[#8:37]=[#15:36]-[#8:35]-[#1],"EVODEX.2-P1255,EVODEX.2-P1260,EVODEX.2-P1264,EVODEX.2-P1292,EVODEX.2-P1409,EVODEX.2-P1410,EVODEX.2-P1414,EVODEX.2-P1416,EVODEX.2-P214,EVODEX.2-P459",3406144817763624426220419413108547281520448490685105799676193248828107537880
EVODEX.2-Dm100,[#6:31]-[#6:1](=[#8:32])-[#8]-[#1].[#8]-[#15](=[#8])(-[#8])-[#8:35]-[#15:36]=[#8:37]>>[#6]-[#16]-[#6:1](=[#8:32])-[#6:31].[#8:37]=[#15:36]-[#8:35]-[#1],"EVODEX.2-P1268,EVODEX.2-P1271,EVODEX.2-P1273,EVODEX.2-P1318,EVODEX.2-P1367,EVODEX.2-P215,EVODEX.2-P415,EVODEX.2-P467,EVODEX.2-P474,EVODEX.2-P476",31074996501992604227318348118029543901855841803948975395312032188574964243723
EVODEX.2-Dm101,[#6:31]-[#6:1](=[#8:32])-[#8:44]-[#1]>>[#6]-[#16]-[#6:1](=[#8:32])-[#6:31].[#8]-[#15](=[#8])(-[#8:44]-[#1])-[#8],"EVODEX.2-P1202,EVODEX.2-P1249,EVODEX.2-P1335,EVODEX.2-P1340,EVODEX.2-P1413,EVODEX.2-P216,EVODEX.2-P421,EVODEX.2-P446,EVODEX.2-P451,EVODEX.2-P458",324344662840325545894785544116812438479276255504224115784784987406445391093
EVODEX.2-Dm109,[#6:17]-[#7:16](-[#6:1](=[#8:3])-[#6:4])-[#1].[#8:46]=[#15:23](-[#8:2]-[#1])(-[#8:47])-[#8:48]>>[#6:4]-[#6:1](=[#8:3])-[#8:2]-[#1].[#6:17]-[#7:16](-[#1])-[#1].[#15](=[#8])-[#8]-[#15:23](=[#8:46])(-[#8:47])-[#8:48],"EVODEX.2-P1215,EVODEX.2-P1221,EVODEX.2-P1655,EVODEX.2-P1938,EVODEX.2-P224,EVODEX.2-P3343,EVODEX.2-P3412,EVODEX.2-P3514,EVODEX.2-P361,EVODEX.2-P808",80836814046590529663784262941250345710833381965246230314932035175998616906171
EVODEX.2-Dm110,[#6:50]-[#6:1](=[#8:51])-[#7](-[#6])-[#1]>>[#6:50]-[#6:1](=[#8:51])-[#16]-[#6],"EVODEX.2-P1300,EVODEX.2-P1305,EVODEX.2-P1312,EVODEX.2-P1328,EVODEX.2-P1330,EVODEX.2-P1344,EVODEX.2-P1347,EVODEX.2-P1348,EVODEX.2-P1445,EVODEX.2-P225",99062223394747817070753641889479814345482835209079408914414591924020825209082
EVODEX.2-Dm111,[#6:31]-[#6:1](=[#8:32])-[#7:36](-[#6:37])-[#1]>>[#6]-[#16]-[#6:1](=[#8:32])-[#6:31].[#6:37]-[#7:36](-[#1])-[#1],"EVODEX.2-P1030,EVODEX.2-P1039,EVODEX.2-P1287,EVODEX.2-P1351,EVODEX.2-P226,EVODEX.2-P364,EVODEX.2-P365,EVODEX.2-P463,EVODEX.2-P464,EVODEX.2-P680",28476706374103852497072769712863188768230540164036008591888556021337944484912
EVODEX.2-Dm112,[#6:31]-[#6:1](=[#8:32])-[#8:36]-[#6:37]>>[#6]-[#16]-[#6:1](=[#8:32])-[#6:31].[#6:37]-[#8:36]-[#1],"EVODEX.2-P1060,EVODEX.2-P1282,EVODEX.2-P1298,EVODEX.2-P1313,EVODEX.2-P1388,EVODEX.2-P237,EVODEX.2-P424,EVODEX.2-P425,EVODEX.2-P442,EVODEX.2-P469",15344347473882634885820818379552918147582336569799658485608168020348141682841
EVODEX.2-Dm135,[#6:51]-[#6:49](=[#8:52])-[#16]-[#6].[#6:67]-[#8:50]-[#1]>>[#6:67]-[#8:50]-[#6:49](=[#8:52])-[#6:51],"EVODEX.2-P1168,EVODEX.2-P1739,EVODEX.2-P2532,EVODEX.2-P271,EVODEX.2-P485,EVODEX.2-P568,EVODEX.2-P570,EVODEX.2-P573,EVODEX.2-P574,EVODEX.2-P801",37173966211546702383505553275839489138759105464615292870686731108545411514154
EVODEX.2-Dm142,[#6:3]-[#6:1](-[#8]-[#1])(-[#1:138])-[#1:139].[#8]-[#15](=[#8])(-[#8])-[#8:2]-[#15:66]=[#8:67]>>[#6:3]-[#6:1](-[#8:2]-[#15:66]=[#8:67])(-[#1:138])-[#1:139],"EVODEX.2-P2374,EVODEX.2-P2375,EVODEX.2-P2500,EVODEX.2-P2522,EVODEX.2-P2824,EVODEX.2-P287,EVODEX.2-P2995,EVODEX.2-P3351,EVODEX.2-P3721,EVODEX.2-P3732",33897121951938699533936151378067555121946146145738255789132194405142677392850
EVODEX.2-Dm151,[#6:3]-[#6:1](=[#8:21])-[#1:51]>>[#6:3]-[#6:1](-[#7](-[#1])-[#1])(-[#1:51])-[#1].[#6]-[#6](=[#8:21])-[#6]=[#8],"EVODEX.2-P1856,EVODEX.2-P1859,EVODEX.2-P1861,EVODEX.2-P1863,EVODEX.2-P1879,EVODEX.2-P321,EVODEX.2-P327,EVODEX.2-P3286,EVODEX.2-P3296,EVODEX.2-P3299",9821161635001314925576850017444569520213518953318777130161293136368445854208
EVODEX.2-Dm153,[#6:3]-[#6:1](=[#8:4])-[#8:22]-[#15:24]=[#8:25]>>[#6:3]-[#6:1](=[#8:4])-[#8]-[#1].[#8]-[#15](=[#8])(-[#8])-[#8:22]-[#15:24]=[#8:25],"EVODEX.2-P1067,EVODEX.2-P1069,EVODEX.2-P2268,EVODEX.2-P2455,EVODEX.2-P2626,EVODEX.2-P2704,EVODEX.2-P323,EVODEX.2-P3629,EVODEX.2-P3632,EVODEX.2-P3675",84969122299087055401814033018838387429549324985847660540402250736105713263166
EVODEX.2-Dm155,[#7:2](-[#6](-[#6])(-[#6]=[#8])-[#1])(-[#1])-[#1].[#6:3]-[#6:1](=[#8])-[#1:54]>>[#6:3]-[#6:1](-[#7:2](-[#1])-[#1])(-[#1:54])-[#1],"EVODEX.2-P1855,EVODEX.2-P1858,EVODEX.2-P1874,EVODEX.2-P1876,EVODEX.2-P1878,EVODEX.2-P325,EVODEX.2-P3298,EVODEX.2-P3300,EVODEX.2-P3339,EVODEX.2-P3341",69240747149889522113108968727395285456743823722727483587322989038754403772817
EVODEX.2-Dm157,[#6:13]-[#6:11](-[#7:2](-[#1])-[#1])(-[#1:45])-[#1]>>[#7:2](-[#6](-[#6])(-[#6]=[#8])-[#1])(-[#1])-[#1].[#6:13]-[#6:11](=[#8])-[#1:45],"EVODEX.2-P328,EVODEX.2-P331,EVODEX.2-P3435,EVODEX.2-P3467,EVODEX.2-P3489,EVODEX.2-P924,EVODEX.2-P963,EVODEX.2-P964,EVODEX.2-P971,EVODEX.2-P973",44509881175461529171907054352889429393461708655879848501472141446721253807856
EVODEX.2-Dm159,[#6:13]-[#6:11](-[#7](-[#1])-[#1])(-[#1:42])-[#1].[#6]-[#6](=[#8:12])-[#6]=[#8]>>[#6:13]-[#6:11](=[#8:12])-[#1:42],"EVODEX.2-P1029,EVODEX.2-P330,EVODEX.2-P3433,EVODEX.2-P3434,EVODEX.2-P3451,EVODEX.2-P965,EVODEX.2-P967,EVODEX.2-P968,EVODEX.2-P969,EVODEX.2-P972",75974448133316337955852456179373264088543985348210639517485457802280928892062
EVODEX.2-Dm160,[#6:3]-[#6:1](=[#8:4])-[#8:13]-[#1]>>[#6:3]-[#6:1](=[#8:4])-[#8]-[#6].[#8:13](-[#1])-[#1],"EVODEX.2-P1116,EVODEX.2-P2214,EVODEX.2-P2264,EVODEX.2-P2449,EVODEX.2-P2541,EVODEX.2-P332,EVODEX.2-P3865,EVODEX.2-P557,EVODEX.2-P602,EVODEX.2-P908",19693207120751218526123305552084123469284777729855741845789024613539931589291
EVODEX.2-Dm166,[#6]-[#16]-[#6:30](=[#8:32])-[#6:33].[#6:48]-[#7:31](-[#1])-[#1]>>[#6:48]-[#7:31](-[#6:30](=[#8:32])-[#6:33])-[#1],"EVODEX.2-P1177,EVODEX.2-P1491,EVODEX.2-P2410,EVODEX.2-P2546,EVODEX.2-P2582,EVODEX.2-P342,EVODEX.2-P495,EVODEX.2-P502,EVODEX.2-P553,EVODEX.2-P589",99468790388926551949575538329210161607862721575144642041797744870844663411601
EVODEX.2-Dm169,[#8:3]=[#6:1](-[#8]-[#1])-[#6:4].[#6:13]-[#7:2](-[#1])-[#1].[#8]-[#15](=[#8])(-[#8])-[#8:23]-[#15:24]=[#8:25]>>[#6:13]-[#7:2](-[#6:1](=[#8:3])-[#6:4])-[#1].[#8:25]=[#15:24]-[#8:23]-[#1],"EVODEX.2-P1019,EVODEX.2-P1079,EVODEX.2-P2090,EVODEX.2-P2901,EVODEX.2-P3288,EVODEX.2-P3305,EVODEX.2-P3426,EVODEX.2-P3445,EVODEX.2-P3446,EVODEX.2-P351",44321863744351027501848150596960495803562796992904939058386754893648529432800
EVODEX.2-Dm172,[#6:14]-[#7:13](-[#6:1](=[#8:3])-[#6:4])-[#1].[#8]=[#15](-[#8:2]-[#1])(-[#8])-[#8]>>[#8:3]=[#6:1](-[#8:2]-[#1])-[#6:4].[#6:14]-[#7:13](-[#1])-[#1],"EVODEX.2-P1218,EVODEX.2-P2765,EVODEX.2-P3214,EVODEX.2-P3215,EVODEX.2-P3287,EVODEX.2-P3289,EVODEX.2-P3357,EVODEX.2-P3442,EVODEX.2-P3464,EVODEX.2-P362",24181464319968226811053195442593620481097781425536313323817088609565080817894
EVODEX.2-Dm185,[#6:3]-[#16:2]-[#1].[#6](=[#8])-[#6](-[#6:1](=[#8:31])-[#6:32])(-[#1])-[#1]>>[#6:3]-[#16:2]-[#6:1](=[#8:31])-[#6:32],"EVODEX.2-P1237,EVODEX.2-P1279,EVODEX.2-P1294,EVODEX.2-P1308,EVODEX.2-P1319,EVODEX.2-P409,EVODEX.2-P410,EVODEX.2-P411,EVODEX.2-P511,EVODEX.2-P516",15847937834428523729564701239217112347538692061039212375049052087903323674495
EVODEX.2-Dm187,[#6:3]-[#16:2]-[#1].[#6:31]-[#6:1](=[#8:32])-[#8:42]-[#1]>>[#6:3]-[#16:2]-[#6:1](-[#6:31])=[#8:32].[#8]-[#15](=[#8])(-[#8:42]-[#1])-[#8],"EVODEX.2-P1265,EVODEX.2-P1267,EVODEX.2-P1317,EVODEX.2-P1338,EVODEX.2-P1415,EVODEX.2-P1418,EVODEX.2-P1420,EVODEX.2-P414,EVODEX.2-P456,EVODEX.2-P911",49172599897046378702501644709316315249328017015791489721306673316879440323669
EVODEX.2-Dm191,[#6:31]-[#6:1](=[#8:32])-[#8:51]-[#1]>>[#6]-[#16]-[#6:1](=[#8:32])-[#6:31].[#8:51](-[#1])-[#1],"EVODEX.2-P1232,EVODEX.2-P1258,EVODEX.2-P1288,EVODEX.2-P1368,EVODEX.2-P1403,EVODEX.2-P422,EVODEX.2-P429,EVODEX.2-P432,EVODEX.2-P440,EVODEX.2-P441",104677224684961906787415111784042044100362917690410180721188491708363504405349
EVODEX.2-Dm193,[#6:31]-[#6:1](=[#8:32])-[#8]-[#1]>>[#6]-[#16]-[#6:1](=[#8:32])-[#6:31],"EVODEX.2-P1297,EVODEX.2-P1339,EVODEX.2-P1412,EVODEX.2-P1446,EVODEX.2-P1447,EVODEX.2-P427,EVODEX.2-P428,EVODEX.2-P462,EVODEX.2-P468,EVODEX.2-P475",88407040317961355519310438424110557846774705766801564628548073987055137448200
EVODEX.2-Dm202,[#6:2]-[#16:1]-[#6:30](=[#8:32])-[#6:33].[#8:63]=[#15:40](-[#8:31]-[#1])(-[#8:64])-[#8:65]>>[#6:2]-[#16:1]-[#1].[#6:33]-[#6:30](=[#8:32])-[#8:31]-[#1].[#15](=[#8])-[#8]-[#15:40](=[#8:63])(-[#8:64])-[#8:65],"EVODEX.2-P1498,EVODEX.2-P1508,EVODEX.2-P1523,EVODEX.2-P1538,EVODEX.2-P2076,EVODEX.2-P2471,EVODEX.2-P479,EVODEX.2-P554,EVODEX.2-P577,EVODEX.2-P585",50255843821198127258528017084068514881001582192336594399843874253624859742824
EVODEX.2-Dm204,[#6]-[#16]-[#6:30](=[#8:32])-[#6:33].[#8:62]=[#15:39](-[#8:31]-[#1])(-[#8:63])-[#8:64]>>[#6:33]-[#6:30](=[#8:32])-[#8:31]-[#1].[#15](=[#8])-[#8]-[#15:39](=[#8:62])(-[#8:63])-[#8:64],"EVODEX.2-P1524,EVODEX.2-P1530,EVODEX.2-P1535,EVODEX.2-P1540,EVODEX.2-P2460,EVODEX.2-P482,EVODEX.2-P489,EVODEX.2-P490,EVODEX.2-P565,EVODEX.2-P580",98102178300650286527242399341697442555843460025906507340387475476050542357991
EVODEX.2-Dm205,[#6]-[#16]-[#6:30](=[#8:32])-[#6:33].[#8]=[#15](-[#8:31]-[#1])(-[#8])-[#8]>>[#6:33]-[#6:30](=[#8:32])-[#8:31]-[#1],"EVODEX.2-P1516,EVODEX.2-P1718,EVODEX.2-P1813,EVODEX.2-P1990,EVODEX.2-P2461,EVODEX.2-P483,EVODEX.2-P503,EVODEX.2-P546,EVODEX.2-P559,EVODEX.2-P566",10346158704988081604551407166059870206620584871637620129264949792193404018458
EVODEX.2-Dm206,[#6]-[#16]-[#6:30](=[#8:32])-[#6:33]>>[#6:33]-[#6:30](=[#8:32])-[#8]-[#1],"EVODEX.2-P1525,EVODEX.2-P1532,EVODEX.2-P2339,EVODEX.2-P2857,EVODEX.2-P484,EVODEX.2-P486,EVODEX.2-P492,EVODEX.2-P551,EVODEX.2-P592,EVODEX.2-P838",42685992062099595630360608656639995031465243764495240581244895375248944037681
EVODEX.2-Dm215,[#6](=[#8])-[#6](-[#6:1](=[#8:50])-[#6:51])(-[#1])-[#1]>>[#6:51]-[#6:1](=[#8:50])-[#16]-[#6],"EVODEX.2-P1230,EVODEX.2-P1275,EVODEX.2-P1276,EVODEX.2-P1278,EVODEX.2-P1309,EVODEX.2-P505,EVODEX.2-P506,EVODEX.2-P515,EVODEX.2-P517,EVODEX.2-P520",74999628620168421237786997335621083603103286679642881044315962218930338112907
EVODEX.2-Dm219,[#6:2]-[#16:1]-[#6:30](=[#8:32])-[#6:33]>>[#6:2]-[#16:1]-[#1].[#6](=[#8])-[#6](-[#6:30](=[#8:32])-[#6:33])(-[#1])-[#1],"EVODEX.2-P1141,EVODEX.2-P1142,EVODEX.2-P1163,EVODEX.2-P1166,EVODEX.2-P1483,EVODEX.2-P521,EVODEX.2-P522,EVODEX.2-P532,EVODEX.2-P533,EVODEX.2-P534",35323777802052811661596151593785473732636297781472200832725742759543364921135
EVODEX.2-Dm224,[#6]-[#16]-[#6:49](=[#8:51])-[#6:52]>>[#6](=[#8])-[#6](-[#6:49](=[#8:51])-[#6:52])(-[#1])-[#1],"EVODEX.2-P1139,EVODEX.2-P1144,EVODEX.2-P1150,EVODEX.2-P1478,EVODEX.2-P1482,EVODEX.2-P528,EVODEX.2-P529,EVODEX.2-P531,EVODEX.2-P538,EVODEX.2-P539",44531213189674062954544044838641963554582131888642970104438995216903808398674
EVODEX.2-Dm228,[#6]-[#16]-[#6:30](=[#8:32])-[#6:33].[#8:31](-[#1])-[#1]>>[#6:33]-[#6:30](=[#8:32])-[#8:31]-[#1],"EVODEX.2-P1514,EVODEX.2-P2299,EVODEX.2-P2308,EVODEX.2-P2856,EVODEX.2-P549,EVODEX.2-P563,EVODEX.2-P564,EVODEX.2-P567,EVODEX.2-P572,EVODEX.2-P627",81186985281946547434755297077938249942304269486996867253913445917824481960129
EVODEX.2-Dm234,[#6:2]-[#16:1]-[#6:30](=[#8:32])-[#6:33].[#8]=[#15](-[#8:31]-[#1])(-[#8])-[#8]>>[#6:2]-[#16:1]-[#1].[#6:33]-[#6:30](=[#8:32])-[#8:31]-[#1],"EVODEX.2-P1180,EVODEX.2-P1499,EVODEX.2-P1515,EVODEX.2-P1534,EVODEX.2-P1539,EVODEX.2-P2077,EVODEX.2-P2338,EVODEX.2-P2968,EVODEX.2-P575,EVODEX.2-P910",18025063393876616405646869212651478555040702944092040454720469668091747365766
EVODEX.2-Dm245,[#6:3]-[#6:1](=[#8:4])-[#8:33]-[#1]>>[#6:3]-[#6:1](=[#8:4])-[#8]-[#15]=[#8].[#8]=[#15](-[#8:33]-[#1])(-[#8])-[#8],"EVODEX.2-P1052,EVODEX.2-P2024,EVODEX.2-P2895,EVODEX.2-P3281,EVODEX.2-P3319,EVODEX.2-P3371,EVODEX.2-P3481,EVODEX.2-P3718,EVODEX.2-P3720,EVODEX.2-P625",73678482968460900193810122550945190802350809810794356429453444600093232151587
EVODEX.2-Dm267,[#6:24](=[#8:26])-[#8:2]-[#1]>>[#6]-[#6](-[#6])(-[#8:2]-[#6:24]=[#8:26])-[#1],"EVODEX.2-P704,EVODEX.2-P707,EVODEX.2-P708,EVODEX.2-P710,EVODEX.2-P711,EVODEX.2-P719,EVODEX.2-P723,EVODEX.2-P726,EVODEX.2-P735,EVODEX.2-P742",101171623486338836024500958526471405881761361597930648565622882568540678737723
EVODEX.2-Dm275,[#6]-[#6](-[#6])(-[#8:24]-[#6:25]=[#8:26])-[#1]>>[#6:25](=[#8:26])-[#8:24]-[#1],"EVODEX.2-P751,EVODEX.2-P754,EVODEX.2-P757,EVODEX.2-P766,EVODEX.2-P771,EVODEX.2-P774,EVODEX.2-P777,EVODEX.2-P784,EVODEX.2-P786,EVODEX.2-P791",109656878631061830278598657886796673794586794683906528166761908347095638744097
EVODEX.2-Dm283,[#6:3]-[#6:1](=[#8:4])-[#8]-[#15]=[#8].[#8]-[#15](=[#8])(-[#8:2]-[#1])-[#8]>>[#6:3]-[#6:1](=[#8:4])-[#8:2]-[#1],"EVODEX.2-P1137,EVODEX.2-P1814,EVODEX.2-P2074,EVODEX.2-P2544,EVODEX.2-P3113,EVODEX.2-P3493,EVODEX.2-P3631,EVODEX.2-P3674,EVODEX.2-P3680,EVODEX.2-P767",112510616318518210317864997342937966508221925210563046862965919105083032592584
EVODEX.2-Dm390,[#6:3]-[#6:1](-[#8:102]-[#15:104]=[#8:105])(-[#1:249])-[#1:250]>>[#6:3]-[#6:1](-[#8]-[#1])(-[#1:249])-[#1:250].[#8]-[#15](=[#8])(-[#8])-[#8:102]-[#15:104]=[#8:105],"EVODEX.2-P1086,EVODEX.2-P1087,EVODEX.2-P1819,EVODEX.2-P2513,EVODEX.2-P2517,EVODEX.2-P2736,EVODEX.2-P3565,EVODEX.2-P3639,EVODEX.2-P3644,EVODEX.2-P3686",96369630563869650475083001133222987395886579302254621396740024135281502685800
EVODEX.2-Dm402,[#6:3]-[#16:2]-[#6:52](=[#8:54])-[#6:55]>>[#6]-[#6](=[#8])-[#16:2]-[#6:3].[#6:55]-[#6:52](=[#8:54])-[#8]-[#1],"EVODEX.2-P1110,EVODEX.2-P1111,EVODEX.2-P1113,EVODEX.2-P1114,EVODEX.2-P1115,EVODEX.2-P1460,EVODEX.2-P1461,EVODEX.2-P1501,EVODEX.2-P1519,EVODEX.2-P1917",24577275145164841770226425779966214844794920883894306937069760660929464604777
EVODEX.2-Dm403,[#6:3]-[#6:1](=[#8:4])-[#8]-[#1].[#8]-[#15](=[#8])(-[#8])-[#8:2]-[#15:5]=[#8:6]>>[#6:3]-[#6:1](=[#8:4])-[#8:2]-[#15:5]=[#8:6],"EVODEX.2-P1121,EVODEX.2-P2447,EVODEX.2-P2607,EVODEX.2-P2702,EVODEX.2-P3280,EVODEX.2-P3318,EVODEX.2-P3352,EVODEX.2-P3480,EVODEX.2-P3728,EVODEX.2-P3730",22281874908303895472783202446582733046475275201047938790745681802333440337401
EVODEX.2-Dm451,[#6]-[#16]-[#6:49](=[#8:51])-[#6:52]>>[#6]-[#7](-[#6:49](=[#8:51])-[#6:52])-[#1],"EVODEX.2-P1542,EVODEX.2-P1801,EVODEX.2-P2397,EVODEX.2-P2547,EVODEX.2-P2549,EVODEX.2-P2579,EVODEX.2-P2627,EVODEX.2-P2695,EVODEX.2-P2696,EVODEX.2-P2722",11930006520924745485283019828021789258948264494150042346590261642907474263144
EVODEX.2-Dm576,[#6:3]-[#6:1](=[#8:4])-[#8:28]-[#1].[#6:15]-[#7:2](-[#1])-[#1]>>[#6:15]-[#7:2](-[#6:1](=[#8:4])-[#6:3])-[#1].[#8]-[#15](=[#8])(-[#8:28]-[#1])-[#8],"EVODEX.2-P2091,EVODEX.2-P2144,EVODEX.2-P3118,EVODEX.2-P3302,EVODEX.2-P3312,EVODEX.2-P3405,EVODEX.2-P3427,EVODEX.2-P3448,EVODEX.2-P3449,EVODEX.2-P3524",14900726383679935513563746730634112002338720955801048272655642128870660684974
EVODEX.2-Dm189,[#6:31]-[#6:1](=[#8:32])-[#8:44]-[#1].[#8:46]-[#15:45](=[#8:47])(-[#8:48])-[#8:35]-[#15:36]=[#8:37]>>[#6]-[#16]-[#6:1](=[#8:32])-[#6:31].[#8:37]=[#15:36]-[#8:35]-[#1].[#8:46]-[#15:45](=[#8:47])(-[#8:44]-[#1])-[#8:48],"EVODEX.2-P1272,EVODEX.2-P1289,EVODEX.2-P1417,EVODEX.2-P418,EVODEX.2-P426,EVODEX.2-P444,EVODEX.2-P460,EVODEX.2-P473,EVODEX.2-P909",36761859717400290726636341827839576198713064226862267253404832586926180939724
EVODEX.2-Dm207,[#6]-[#16]-[#6:30](=[#8:32])-[#6:33].[#15:44](=[#8:46])-[#8:42]-[#1].[#8:66]=[#15:43](-[#8:31]-[#1])(-[#8:67])-[#8:68]>>[#6:33]-[#6:30](=[#8:32])-[#8:31]-[#1].[#15:44](=[#8:46])-[#8:42]-[#15:43](=[#8:66])(-[#8:67])-[#8:68],"EVODEX.2-P1203,EVODEX.2-P1528,EVODEX.2-P1635,EVODEX.2-P2440,EVODEX.2-P488,EVODEX.2-P545,EVODEX.2-P558,EVODEX.2-P586,EVODEX.2-P591",44210481775968021385678295313537619203358506907716646964685903413909007009507
EVODEX.2-Dm197,[#6:3]-[#16:2]-[#1].[#6:31]-[#6:1](=[#8:32])-[#8:54]-[#1].[#8:56]-[#15:55](=[#8:57])(-[#8:58])-[#8]-[#15]=[#8]>>[#6:3]-[#16:2]-[#6:1](=[#8:32])-[#6:31].[#8:56]-[#15:55](=[#8:57])(-[#8:54]-[#1])-[#8:58],"EVODEX.2-P1109,EVODEX.2-P1251,EVODEX.2-P1333,EVODEX.2-P1405,EVODEX.2-P1411,EVODEX.2-P439,EVODEX.2-P455,EVODEX.2-P471",18054198374359154937034248808958317549923196937222062568799215661962570624052
EVODEX.2-Dm210,[#6:3](=[#8:5])-[#6:1](=[#6:2](-[#6:34])-[#1:134])-[#1:133]>>[#6:3](=[#8:5])-[#6:1](-[#6:2](-[#6:34])(-[#1:134])-[#1])(-[#1:133])-[#1],"EVODEX.2-P1466,EVODEX.2-P1467,EVODEX.2-P1469,EVODEX.2-P1935,EVODEX.2-P2043,EVODEX.2-P2166,EVODEX.2-P2873,EVODEX.2-P496",3144838209796901056733350305988573389167859640200123239236004832237173607277
EVODEX.2-Dm299,[#6:18](=[#8:20])-[#6:12]1=[#6:17](-[#7:16](-[#6:21])-[#6:15](=[#6:14](-[#6:13]-1(-[#1:83])-[#1])-[#1:82])-[#1:81])-[#1:58].[#6:4]-[#6:1](-[#6:3]=[#6:5])=[#8:2]>>[#6:4]-[#6:1](-[#6:3]=[#6:5])(-[#8:2]-[#1])-[#1].[#6:18](=[#8:20])-[#6:12]1:[#6:13](:[#6:14](:[#6:15](:[#7&+:16](-[#6:21]):[#6:17]:1-[#1:58])-[#1:81])-[#1:82])-[#1:83],"EVODEX.2-P2312,EVODEX.2-P2313,EVODEX.2-P2645,EVODEX.2-P2888,EVODEX.2-P823,EVODEX.2-P873,EVODEX.2-P999",28622032730136067827482794042547621868731301174108642100874367050411999608161
EVODEX.2-Dm550,[#6:3]-[#6:1](=[#8:4])-[#8:68]-[#1].[#7:2](-[#6:54])(-[#1])-[#1].[#8:70]-[#15:69](=[#8:71])(-[#8:72])-[#8]-[#15]=[#8]>>[#6:3]-[#6:1](=[#8:4])-[#7:2](-[#6:54])-[#1].[#8:70]-[#15:69](=[#8:71])(-[#8:68]-[#1])-[#8:72],"EVODEX.2-P1941,EVODEX.2-P3120,EVODEX.2-P3317,EVODEX.2-P3345,EVODEX.2-P3428,EVODEX.2-P3447,EVODEX.2-P3503",38372166272565750027232021496127572485811475669617114030517850779348604915456
EVODEX.2-Dm582,[#6:12]-[#7:11](-[#6:1](=[#8:3])-[#6:4])-[#1].[#15:20](=[#8:22])-[#8:18]-[#1]>>[#6:4]-[#6:1](=[#8:3])-[#8]-[#1].[#6:12]-[#7:11](-[#1])-[#1].[#15:20](=[#8:22])-[#8:18]-[#15](=[#8])(-[#8])-[#8],"EVODEX.2-P2147,EVODEX.2-P2878,EVODEX.2-P3344,EVODEX.2-P3350,EVODEX.2-P3358,EVODEX.2-P3413,EVODEX.2-P3515",51393059743384015734584915149385282456429775079028648229474173666606696822190
EVODEX.2-Dm649,[#6:8]-[#7:7](-[#6](=[#8])-[#6])-[#1].[#15:21](=[#8:23])-[#8:19]-[#1].[#8:47]=[#15:20](-[#8]-[#1])(-[#8:48])-[#8:49]>>[#6:8]-[#7:7](-[#1])-[#1].[#15:21](=[#8:23])-[#8:19]-[#15:20](=[#8:47])(-[#8:48])-[#8:49],"EVODEX.2-P3114,EVODEX.2-P3294,EVODEX.2-P3441,EVODEX.2-P3444,EVODEX.2-P3478,EVODEX.2-P3497,EVODEX.2-P3516",52585674249470962129709275459119142070410132274279823983356164970873840267705
EVODEX.2-Dm70,[#8]-[#15](=[#8])(-[#8])-[#8:33]-[#15:34]=[#8:35]>>[#8:35]=[#15:34]-[#8:33]-[#1],"EVODEX.2-P139,EVODEX.2-P1764,EVODEX.2-P1977,EVODEX.2-P2851,EVODEX.2-P2890,EVODEX.2-P829",98169846725547865462903592715460063827729623115468681149188401956870742371901
EVODEX.2-Dm209,[#6:2]-[#16:1]-[#6:30](=[#8:32])-[#6:33].[#15:47](=[#8:49])-[#8:45]-[#1]>>[#6:2]-[#16:1]-[#1].[#6:33]-[#6:30](=[#8:32])-[#8]-[#1].[#15:47](=[#8:49])-[#8:45]-[#15](=[#8])(-[#8])-[#8],"EVODEX.2-P1204,EVODEX.2-P1500,EVODEX.2-P1698,EVODEX.2-P1717,EVODEX.2-P2659,EVODEX.2-P493",68374086032350114450302418983727339731380112487682347420834876351123938414545
EVODEX.2-Dm213,[#6:51](=[#8:53])-[#6:45]1=[#6:50](-[#7:49](-[#6:54])-[#6:48](=[#6:47](-[#6:46]-1(-[#1:121])-[#1])-[#1:120])-[#1:119])-[#1:95].[#6:3](=[#8:5])-[#6:1](=[#6:2](-[#6:34])-[#1:149])-[#1:148]>>[#6:3](=[#8:5])-[#6:1](-[#6:2](-[#6:34])(-[#1:149])-[#1])(-[#1:148])-[#1].[#6:51](=[#8:53])-[#6:45]1:[#6:46](:[#6:47](:[#6:48](:[#7&+:49](-[#6:54]):[#6:50]:1-[#1:95])-[#1:119])-[#1:120])-[#1:121],"EVODEX.2-P1125,EVODEX.2-P2042,EVODEX.2-P2228,EVODEX.2-P2230,EVODEX.2-P500,EVODEX.2-P501",37308457844595999875978605111544895192692382859406555266433058065744209544075
EVODEX.2-Dm1,[#6:19]-[#8:18]-[#6:1](=[#8:3])-[#6:4].[#6:13]-[#7:2](-[#1])-[#1]>>[#6:13]-[#7:2](-[#6:1](=[#8:3])-[#6:4])-[#1].[#6:19]-[#8:18]-[#1],"EVODEX.2-P1,EVODEX.2-P2526,EVODEX.2-P27,EVODEX.2-P28,EVODEX.2-P794",104235273063276313712535303293561084329413474092974499550920123999674380206599
EVODEX.2-Dm2,[#6:36]-[#7:35](-[#6:1](=[#8:3])-[#6:4])-[#1].[#6:13]-[#8:2]-[#1]>>[#6:13]-[#8:2]-[#6:1](=[#8:3])-[#6:4].[#6:36]-[#7:35](-[#1])-[#1],"EVODEX.2-P11,EVODEX.2-P2,EVODEX.2-P20,EVODEX.2-P702,EVODEX.2-P8",7293243230157874657311096345771729726674218293085838562989366000995261516556
EVODEX.2-Dm3,[#7:2](-[#6:7](-[#6:9])(-[#6:10]=[#8:12])-[#1])(-[#1])-[#1]>>[#0]-[#6](-[#7:2](-[#1])-[#1])(-[#6]=[#8])-[#1].[#6:9]-[#6:7](=[#8])-[#6:10]=[#8:12],"EVODEX.2-P2098,EVODEX.2-P3,EVODEX.2-P3364,EVODEX.2-P3476,EVODEX.2-P3492",14185580851161890881440031432491387508688203242775259882272437285971171432295
EVODEX.2-Dm4,[#6:3]-[#16:2]-[#6:4].[#6:30]-[#16:29]-[#6:31].[#6:56]-[#7:55](-[#6:1](-[#1:105])(-[#1:106])-[#1:107])-[#6:28](-[#1:108])(-[#1:109])-[#1:110]>>[#6:1](-[#16&+:2](-[#6:4])-[#6:3])(-[#1:105])(-[#1:106])-[#1:107].[#6:28](-[#16&+:29](-[#6:31])-[#6:30])(-[#1:108])(-[#1:109])-[#1:110].[#6:56]-[#7:55](-[#1])-[#1],"EVODEX.2-P2642,EVODEX.2-P2771,EVODEX.2-P2982,EVODEX.2-P340,EVODEX.2-P4",33422485639941958406746951572632841130891585797840945588287248388424004870934
EVODEX.2-Dm5,[#6:53](-[#16&+](-[#6])-[#6])(-[#1:61])(-[#1:62])-[#1:63].[#6:55](-[#16&+](-[#6])-[#6])(-[#1:84])(-[#1:85])-[#1:86].[#6:56]-[#7:54](-[#1])-[#1]>>[#6:56]-[#7:54](-[#6:53](-[#1:61])(-[#1:62])-[#1:63])-[#6:55](-[#1:84])(-[#1:85])-[#1:86],"EVODEX.2-P2935,EVODEX.2-P2936,EVODEX.2-P2937,EVODEX.2-P2940,EVODEX.2-P5",65847394380163717887385874839669705669252171240441689255750540024844944331626
EVODEX.2-Dm6,[#6:56]-[#7:54](-[#1])-[#1]>>[#6:56]-[#7:54](-[#6](-[#1])(-[#1])-[#1])-[#6](-[#1])(-[#1])-[#1],"EVODEX.2-P2655,EVODEX.2-P2933,EVODEX.2-P2938,EVODEX.2-P349,EVODEX.2-P6",97971001501230694166727143099857902861299846713057402677796176754153474426870
EVODEX.2-Dm9,[#6:29]-[#7:28](-[#6:1](-[#1:93])(-[#1:94])-[#1:95])-[#6:30]>>[#6:1](-[#16&+](-[#6])-[#6])(-[#1:93])(-[#1:94])-[#1:95].[#6:29]-[#7:28](-[#6:30])-[#1],"EVODEX.2-P10,EVODEX.2-P14,EVODEX.2-P2769,EVODEX.2-P2775,EVODEX.2-P2864",87171260515889448605550775107939918696148090079397171903551669273965513425586
EVODEX.2-Dm10,[#6:3]-[#16:2]-[#6:4].[#6:29]-[#7:28](-[#6:1](-[#1:94])(-[#1:95])-[#1:96])-[#6:30]>>[#6:1](-[#16&+:2](-[#6:4])-[#6:3])(-[#1:94])(-[#1:95])-[#1:96].[#6:29]-[#7:28](-[#6:30])-[#1],"EVODEX.2-P12,EVODEX.2-P2036,EVODEX.2-P2865,EVODEX.2-P2866,EVODEX.2-P2976",106420488382891403082098895669024999986819799260080265450765264638237733045341
EVODEX.2-Dm11,[#6:29]-[#7:28](-[#6](-[#1])(-[#1])-[#1])-[#6:30]>>[#6:29]-[#7:28](-[#6:30])-[#1],"EVODEX.2-P13,EVODEX.2-P2768,EVODEX.2-P2776,EVODEX.2-P2790,EVODEX.2-P2867",42846841232472590095552967014540514517468455184159781376131312671055147983654
EVODEX.2-Dm12,[#6:27](-[#16&+](-[#6])-[#6])(-[#1:50])(-[#1:51])-[#1:52].[#6:29]-[#7:28](-[#1])-[#1]>>[#6:29]-[#7:28](-[#6:27](-[#1:50])(-[#1:51])-[#1:52])-[#1],"EVODEX.2-P15,EVODEX.2-P19,EVODEX.2-P2868,EVODEX.2-P2943,EVODEX.2-P2945",59066008678245277213705007728546303565209055272697155644206231156389343441607
EVODEX.2-Dm13,[#6:27](-[#16&+:1](-[#6:2])-[#6:3])(-[#1:51])(-[#1:52])-[#1:53].[#6:29]-[#7:28](-[#6:30])-[#1]>>[#6:3]-[#16:1]-[#6:2].[#6:29]-[#7:28](-[#6:27](-[#1:51])(-[#1:52])-[#1:53])-[#6:30],"EVODEX.2-P16,EVODEX.2-P2869,EVODEX.2-P2877,EVODEX.2-P2880,EVODEX.2-P2954",23083909457987625475166292175849075712347410069125073021612669562391416455778
EVODEX.2-Dm14,[#6:27](-[#16&+](-[#6])-[#6])(-[#1:51])(-[#1:52])-[#1:53].[#6:29]-[#7:28](-[#6:30])-[#1]>>[#6:29]-[#7:28](-[#6:27](-[#1:51])(-[#1:52])-[#1:53])-[#6:30],"EVODEX.2-P17,EVODEX.2-P2040,EVODEX.2-P2803,EVODEX.2-P2827,EVODEX.2-P2955",83311992360345544536003523031769704074122501207506226944489575664431357512509
EVODEX.2-Dm15,[#6:29]-[#7:28](-[#6](-[#1])(-[#1])-[#1])-[#1]>>[#6:29]-[#7:28](-[#1])-[#1],"EVODEX.2-P18,EVODEX.2-P2241,EVODEX.2-P2817,EVODEX.2-P2829,EVODEX.2-P2833",69098608650157158773719731517364651169142823736018675901417447786624176502539
EVODEX.2-Dm16,[#6:3]-[#16:2]-[#1].[#6:53]-[#7:52](-[#6:1](-[#6:50])=[#8:51])-[#1]>>[#6:50]-[#6:1](=[#8:51])-[#16:2]-[#6:3].[#6:53]-[#7:52](-[#1])-[#1],"EVODEX.2-P1070,EVODEX.2-P1345,EVODEX.2-P1393,EVODEX.2-P22,EVODEX.2-P749",90376205464963450502058250600721640240638183212501025058874926104340421499484
EVODEX.2-Dm17,[#6:3]-[#6:1](-[#7](-[#1])-[#1])=[#8:4]>>[#6:3]-[#6:1](=[#8:4])-[#8]-[#1],"EVODEX.2-P25,EVODEX.2-P2586,EVODEX.2-P3205,EVODEX.2-P3217,EVODEX.2-P3450",17238314664820860473844749027295672293525192106779341422614325960578696026086
EVODEX.2-Dm18,[#6:3]-[#6:1](=[#8:4])-[#8:11]-[#1]>>[#6:3]-[#6:1](-[#7](-[#1])-[#1])=[#8:4].[#8:11](-[#1])-[#1],"EVODEX.2-P26,EVODEX.2-P3064,EVODEX.2-P3068,EVODEX.2-P3070,EVODEX.2-P336",64253977641688564201597214223076950157357143476319587008109479294763770886791
EVODEX.2-Dm19,[#6:2]-[#6:1](-[#8:21]-[#1])(-[#6:3])-[#1:26].[#8:13]=[#6:12]=[#8:20]>>[#6:2]-[#6:1](-[#6:3])(-[#1:26])-[#1].[#6]-[#6](=[#8])-[#6:12](=[#8:20])-[#8:13]-[#1].[#8:21]=[#8],"EVODEX.2-P29,EVODEX.2-P292,EVODEX.2-P3808,EVODEX.2-P3816,EVODEX.2-P3825",3893314781278278082709559939393023345177391653403194220193526443161259589807
EVODEX.2-Dm20,[#6:2]-[#6:1](-[#8:21]-[#1])(-[#6:3])-[#1:26].[#8:14]=[#6:11](-[#8:22]-[#1])-[#6:15]>>[#6:2]-[#6:1](-[#6:3])(-[#1:26])-[#1].[#6:15]-[#6:11](=[#8:14])-[#6](=[#8])-[#8].[#8:21]=[#8:22],"EVODEX.2-P1925,EVODEX.2-P293,EVODEX.2-P30,EVODEX.2-P3097,EVODEX.2-P37",72193392456155914268085471153970495824901973262078388760238007976066174232997
EVODEX.2-Dm21,[#6:2]-[#6:1](-[#8:21]-[#1])(-[#6:3])-[#1:26].[#8]=[#6](-[#8:22]-[#1])-[#6]>>[#6:2]-[#6:1](-[#6:3])(-[#1:26])-[#1].[#8:21]=[#8:22],"EVODEX.2-P31,EVODEX.2-P313,EVODEX.2-P3455,EVODEX.2-P3811,EVODEX.2-P3813",107879843874631618291523483986395603022001624015199853718387159341310733989933
EVODEX.2-Dm22,[#6:3]-[#6:1](-[#6:4])(-[#1:26])-[#1].[#8:2]=[#8]>>[#6:3]-[#6:1](-[#8:2]-[#1])(-[#6:4])-[#1:26],"EVODEX.2-P2095,EVODEX.2-P2672,EVODEX.2-P32,EVODEX.2-P3487,EVODEX.2-P353",2452571173109156312953955674049792093255765239777841579033371594365487498375
EVODEX.2-Dm23,[#6:3]-[#6:1](-[#6:4])(-[#1:26])-[#1].[#8:2]=[#8:13]>>[#6:3]-[#6:1](-[#8:2]-[#1])(-[#6:4])-[#1:26].[#8]=[#6](-[#8:13]-[#1])-[#6],"EVODEX.2-P2124,EVODEX.2-P33,EVODEX.2-P3474,EVODEX.2-P39,EVODEX.2-P650",56573792227570740220344706154388827546320067461348719716233476376492132010951
EVODEX.2-Dm24,[#6:2]-[#6:1](-[#8:20]-[#1])(-[#6:3])-[#1:23].[#8:13]=[#6:10](-[#8:21]-[#1])-[#6:14].[#8:12]=[#6:11]=[#8:19]>>[#6:2]-[#6:1](-[#6:3])(-[#1:23])-[#1].[#6:14]-[#6:10](=[#8:13])-[#6:11](=[#8:19])-[#8:12]-[#1].[#8:20]=[#8:21],"EVODEX.2-P290,EVODEX.2-P34,EVODEX.2-P3456,EVODEX.2-P3827,EVODEX.2-P858",78716282279318328108136726517996143626899350130542879014773443340409631458593
EVODEX.2-Dm25,[#6:2]-[#6:1](-[#8]-[#1])(-[#6:3])-[#1:23]>>[#6:2]-[#6:1](-[#6:3])(-[#1:23])-[#1],"EVODEX.2-P2020,EVODEX.2-P35,EVODEX.2-P3575,EVODEX.2-P3809,EVODEX.2-P3812",82543473839625388216710905407632244959728355845219187796140139514168396071843
EVODEX.2-Dm26,[#6:2]-[#6:1](-[#8:20]-[#1])(-[#6:3])-[#1:23]>>[#6:2]-[#6:1](-[#6:3])(-[#1:23])-[#1].[#8:20]=[#8],"EVODEX.2-P3094,EVODEX.2-P3096,EVODEX.2-P3454,EVODEX.2-P36,EVODEX.2-P850",99726418570646133972676070579605543038795101895780010971705598614777740346714
EVODEX.2-Dm27,[#6:3]-[#6:1](-[#6:4])(-[#1:25])-[#1]>>[#6:3]-[#6:1](-[#8]-[#1])(-[#6:4])-[#1:25],"EVODEX.2-P1964,EVODEX.2-P3138,EVODEX.2-P3332,EVODEX.2-P3472,EVODEX.2-P38",35915619584559722382571061287442282266104322305393568785588199555841439379533
EVODEX.2-Dm28,[#6:3]-[#6:1](-[#6:4])(-[#1:25])-[#1].[#6:13]-[#6:11](=[#8:14])-[#6](=[#8])-[#8]>>[#6:3]-[#6:1](-[#8]-[#1])(-[#6:4])-[#1:25].[#8:14]=[#6:11](-[#8]-[#1])-[#6:13],"EVODEX.2-P3100,EVODEX.2-P3134,EVODEX.2-P354,EVODEX.2-P40,EVODEX.2-P862",66293509021541166237994079158228191449741575368341778378512476422761876460923
EVODEX.2-Dm30,[#6:50]-[#6:1](=[#8:51])-[#8:56]-[#1]>>[#6:50]-[#6:1](=[#8:51])-[#16]-[#6].[#8]=[#6](-[#8:56]-[#1])-[#6],"EVODEX.2-P1505,EVODEX.2-P1509,EVODEX.2-P1511,EVODEX.2-P1513,EVODEX.2-P42",108524850739835049776806546208141417479464941141345322515123282194387579447310
EVODEX.2-Dm31,[#6:3]-[#6:1](=[#8:4])-[#8:11]-[#1].[#6:7]-[#7:2](-[#1])-[#1]>>[#6:3]-[#6:1](=[#8:4])-[#7:2](-[#6:7])-[#1].[#8:11](-[#1])-[#1],"EVODEX.2-P1118,EVODEX.2-P2606,EVODEX.2-P2763,EVODEX.2-P346,EVODEX.2-P43",67750154640340793343731802634223065741681683840325248887327469573683027818216
EVODEX.2-Dm32,[#0]-[#6](=[#8])-[#7:5](-[#6:6])-[#1]>>[#6:6]-[#7:5](-[#1])-[#1],"EVODEX.2-P356,EVODEX.2-P3759,EVODEX.2-P45,EVODEX.2-P49,EVODEX.2-P53",110597953404399775100963639899526605333752182377421977973604168889203764995777
EVODEX.2-Dm33,[#0:3]-[#6:1](=[#8:4])-[#7:5](-[#6:6])-[#1]>>[#0:3]-[#6:1](=[#8:4])-[#8]-[#1].[#6:6]-[#7:5](-[#1])-[#1],"EVODEX.2-P129,EVODEX.2-P3757,EVODEX.2-P3773,EVODEX.2-P46,EVODEX.2-P52",41141187757974935398130001284645325979730398281804411414813470444685594419021
EVODEX.2-Dm34,[#0:3]-[#6:1](=[#8:4])-[#7:5](-[#6:6])-[#1].[#8:2](-[#1])-[#1]>>[#0:3]-[#6:1](=[#8:4])-[#8:2]-[#1].[#6:6]-[#7:5](-[#1])-[#1],"EVODEX.2-P1579,EVODEX.2-P3758,EVODEX.2-P47,EVODEX.2-P48,EVODEX.2-P51",69191766515534514367840669102485353843069199078966934797941162734591173070232
EVODEX.2-Dm35,[#6:3]-[#6:1](-[#8:30]-[#1])(-[#1:59])-[#1:60]>>[#6:3]-[#6:1](-[#8]-[#15]=[#8])(-[#1:59])-[#1:60].[#8]-[#15](=[#8])(-[#8:30]-[#1])-[#8],"EVODEX.2-P1051,EVODEX.2-P2656,EVODEX.2-P3131,EVODEX.2-P3734,EVODEX.2-P50",73573102492492400264371721175013457622025244213787954122735301794665327449037
EVODEX.2-Dm36,[#6:3]-[#6:1](-[#8]-[#1])(-[#1:60])-[#1:61].[#8]=[#15](-[#8:2]-[#1])(-[#8])-[#8]>>[#6:3]-[#6:1](-[#8:2]-[#1])(-[#1:60])-[#1:61],"EVODEX.2-P2987,EVODEX.2-P3640,EVODEX.2-P3651,EVODEX.2-P3654,EVODEX.2-P54",54011598061728018491801748850128274098944201460290163376985456169718978608839
EVODEX.2-Dm37,[#6:3]-[#6:1](-[#8:22]-[#1])(-[#1:60])-[#1:61]>>[#6:3]-[#6:1](-[#8]-[#1])(-[#1:60])-[#1:61].[#8:22](-[#1])-[#1],"EVODEX.2-P1663,EVODEX.2-P251,EVODEX.2-P3641,EVODEX.2-P55,EVODEX.2-P61",76494762739370896665092467715885303508978455520886966990129756122309210711335
EVODEX.2-Dm38,[#6:3]-[#6:1](-[#8]-[#1])(-[#1:60])-[#1:61].[#8:51]=[#15:24](-[#8:2]-[#1])(-[#8:52])-[#8:53]>>[#6:3]-[#6:1](-[#8:2]-[#1])(-[#1:60])-[#1:61].[#15](=[#8])-[#8]-[#15:24](=[#8:51])(-[#8:52])-[#8:53],"EVODEX.2-P3657,EVODEX.2-P3659,EVODEX.2-P3665,EVODEX.2-P56,EVODEX.2-P62",19915879905537442988075609562366119268839227460549808170277243882077518897628
EVODEX.2-Dm40,[#6:3]-[#6:1](-[#8]-[#1])(-[#1:60])-[#1:61].[#8:2](-[#1])-[#1].[#8]-[#15](=[#8])(-[#8])-[#8:22]-[#15:23]=[#8:24]>>[#6:3]-[#6:1](-[#8:2]-[#1])(-[#1:60])-[#1:61].[#8:24]=[#15:23]-[#8:22]-[#1],"EVODEX.2-P1986,EVODEX.2-P3703,EVODEX.2-P3707,EVODEX.2-P3715,EVODEX.2-P58",49936285863958407076316685914344079505568629468902584972606811166376185971623
EVODEX.2-Dm43,[#6:43]-[#8:42]-[#6:1](-[#6:3]=[#8:6])(-[#6:4])-[#8:5].[#15:22](=[#8:24])-[#8:2]-[#1]>>[#6:4]-[#6:1](-[#8:2]-[#15:22]=[#8:24])(-[#6:3]=[#8:6])-[#8:5].[#6:43]-[#8:42]-[#1],"EVODEX.2-P1056,EVODEX.2-P116,EVODEX.2-P119,EVODEX.2-P127,EVODEX.2-P65",47558891933933597433900783207764048270907956517642955445263397594798502225701
EVODEX.2-Dm44,[#6:3]-[#6:1](-[#8:36]-[#16:38](=[#8:39])=[#8:40])(-[#6:4])-[#1:78].[#8:42]-[#15:37](=[#8:43])(-[#8:2]-[#1])-[#8:44]>>[#6:3]-[#6:1](-[#8:2]-[#1])(-[#6:4])-[#1:78].[#8:42]-[#15:37](=[#8:43])(-[#8:44])-[#8:36]-[#16:38](=[#8:39])=[#8:40],"EVODEX.2-P1640,EVODEX.2-P1771,EVODEX.2-P1931,EVODEX.2-P1974,EVODEX.2-P66",40296270392896232441456589196019629677800121374554354827504219044382831140961
EVODEX.2-Dm47,[#6:5](-[#6:4]-[#8:3]-[#1])-[#8:1]-[#6:2](-[#6:88])=[#8:89]>>[#6:5](-[#8:1]-[#1])-[#6:4]-[#8:3]-[#6:2](-[#6:88])=[#8:89],"EVODEX.2-P1042,EVODEX.2-P122,EVODEX.2-P3247,EVODEX.2-P3878,EVODEX.2-P69",37367945255812079496119678455301979545847464621408428312610490071651441683581
EVODEX.2-Dm48,[#6:5]-[#6:1](-[#6:3](-[#8:84])(-[#6:2](-[#6:4](-[#8:89])(-[#1:139])-[#1:140])(-[#8:85])-[#1:138])-[#1:136])(-[#8:6])-[#1:135]>>[#6:5]-[#6:1](-[#6:2](-[#8:85])(-[#6:3](-[#8:84])(-[#6:4](-[#8:89])(-[#1:139])-[#1:140])-[#1:136])-[#1:138])(-[#8:6])-[#1:135],"EVODEX.2-P1043,EVODEX.2-P123,EVODEX.2-P3880,EVODEX.2-P70,EVODEX.2-P918",34422982217081505651421545449803834835563173204180552618011907928747036841
EVODEX.2-Dm50,[#6:3]-[#6:1](-[#8:121]-[#15:122]=[#8:123])(-[#8:4])-[#1:151].[#6:16]-[#8:2]-[#1]>>[#6:16]-[#8:2]-[#6:1](-[#8:4])(-[#6:3])-[#1:151].[#15:122](=[#8:123])-[#8:121]-[#1],"EVODEX.2-P128,EVODEX.2-P2171,EVODEX.2-P3397,EVODEX.2-P684,EVODEX.2-P72",17214633919610763486585808052671759334096579267310111722475444766400340991729
EVODEX.2-Dm52,[#6:51]-[#6:49](=[#8:52])-[#16:1]-[#6:2].[#6:53]-[#8:50]-[#1]>>[#6:2]-[#16:1]-[#1].[#6:53]-[#8:50]-[#6:49](-[#6:51])=[#8:52],"EVODEX.2-P1175,EVODEX.2-P1731,EVODEX.2-P2443,EVODEX.2-P2496,EVODEX.2-P75",7597368785571762351418189385295788562128969554901677492243341965336682233958
EVODEX.2-Dm53,[#6:3]-[#6:1](-[#8]-[#1])(-[#6:4])-[#1:83].[#6:53]-[#8:2]-[#1]>>[#6:3]-[#6:1](-[#8:2]-[#6:53])(-[#6:4])-[#1:83],"EVODEX.2-P104,EVODEX.2-P1047,EVODEX.2-P107,EVODEX.2-P76,EVODEX.2-P98",2046878821791647953152995415660503097375747699077371585639703404580706366551
EVODEX.2-Dm54,[#6:3]-[#6:1](-[#8:47]-[#6:48])(-[#6:4])-[#1:85].[#8:2](-[#1])-[#1]>>[#6:3]-[#6:1](-[#8:2]-[#1])(-[#6:4])-[#1:85].[#6:48]-[#8:47]-[#1],"EVODEX.2-P110,EVODEX.2-P111,EVODEX.2-P115,EVODEX.2-P305,EVODEX.2-P79",51264985423335907428273338086969067426363363795823885824312177572512540079688
EVODEX.2-Dm55,[#6:3]-[#6:1](-[#8:47]-[#6:48])(-[#6:4])-[#1:85]>>[#6:3]-[#6:1](-[#8]-[#1])(-[#6:4])-[#1:85].[#6:48]-[#8:47]-[#1],"EVODEX.2-P102,EVODEX.2-P1568,EVODEX.2-P283,EVODEX.2-P299,EVODEX.2-P80",26856635369927036805419312896680841667237437610551813395482285649028173467446
EVODEX.2-Dm58,[#6:40]-[#8:39]-[#6:1](-[#8:3])(-[#6:4])-[#1:169].[#15:12](=[#8:14])-[#8:2]-[#1]>>[#8:3]-[#6:1](-[#8:2]-[#15:12]=[#8:14])(-[#6:4])-[#1:169].[#6:40]-[#8:39]-[#1],"EVODEX.2-P157,EVODEX.2-P2801,EVODEX.2-P297,EVODEX.2-P86,EVODEX.2-P87",54144311346936632502471348028073689463962743252918161204970120192740434050852
EVODEX.2-Dm60,[#6:3]-[#6:1](-[#8:67]-[#1])(-[#6:4])-[#1:98].[#6:47]-[#8:2]-[#1]>>[#6:3]-[#6:1](-[#8:2]-[#6:47])(-[#6:4])-[#1:98].[#8:67](-[#1])-[#1],"EVODEX.2-P106,EVODEX.2-P300,EVODEX.2-P302,EVODEX.2-P304,EVODEX.2-P91",62865507297896850489298199828592903397273141805380375009280333877642560663369
EVODEX.2-Dm61,[#6:43]-[#8:42]-[#6:1](-[#6:3]=[#8:6])(-[#6:4])-[#8:5]>>[#6:4]-[#6:1](-[#8]-[#15]=[#8])(-[#6:3]=[#8:6])-[#8:5].[#6:43]-[#8:42]-[#1],"EVODEX.2-P109,EVODEX.2-P126,EVODEX.2-P2652,EVODEX.2-P2653,EVODEX.2-P406",7418596289493200138679437579439804831927926723312966823614346790312945158951
EVODEX.2-Dm62,[#6:3]-[#6:1](-[#8:172]-[#15:173]=[#8:174])(-[#6:4]=[#8:7])-[#8:5].[#6:22]-[#8:2]-[#1]>>[#6:22]-[#8:2]-[#6:1](-[#6:4]=[#8:7])(-[#6:3])-[#8:5].[#15:173](=[#8:174])-[#8:172]-[#1],"EVODEX.2-P113,EVODEX.2-P124,EVODEX.2-P125,EVODEX.2-P2589,EVODEX.2-P403",26419822344048946631209985431816137964602003764771986137007327232792162143551
EVODEX.2-Dm64,[#6:3]-[#6:1](-[#8]-[#15]=[#8])(-[#6:4]=[#8:7])-[#8:5].[#6:22]-[#8:2]-[#1]>>[#6:22]-[#8:2]-[#6:1](-[#6:4]=[#8:7])(-[#6:3])-[#8:5],"EVODEX.2-P1046,EVODEX.2-P117,EVODEX.2-P232,EVODEX.2-P2592,EVODEX.2-P398",199628471231817201860907918044207431242662098667232301931027346787016523376
EVODEX.2-Dm65,[#6:3]-[#6:1](-[#8]-[#1])(-[#1:27])-[#1:28].[#15:8](=[#8:10])-[#8:2]-[#1]>>[#6:3]-[#6:1](-[#8:2]-[#15:8]=[#8:10])(-[#1:27])-[#1:28],"EVODEX.2-P130,EVODEX.2-P239,EVODEX.2-P2669,EVODEX.2-P3590,EVODEX.2-P3854",95931034528708315365677804955668494619882107011753257365073352420249856759009
EVODEX.2-Dm66,[#0:3]-[#6:1](=[#8:4])-[#8]-[#1].[#6:5]-[#8:2]-[#1]>>[#0:3]-[#6:1](=[#8:4])-[#8:2]-[#6:5],"EVODEX.2-P131,EVODEX.2-P138,EVODEX.2-P142,EVODEX.2-P146,EVODEX.2-P148",95108925442265367793789232828543219071288271860594740099715135529167854967087
EVODEX.2-Dm67,[#0:3]-[#6:1](=[#8:4])-[#8:23]-[#1].[#6:5]-[#8:2]-[#1]>>[#0:3]-[#6:1](=[#8:4])-[#8:2]-[#6:5].[#8:23](-[#1])-[#1],"EVODEX.2-P132,EVODEX.2-P133,EVODEX.2-P134,EVODEX.2-P137,EVODEX.2-P152",43007088678457190027618300464377422033795039739830594397089428337425675367603
EVODEX.2-Dm68,[#0:3]-[#6:1](=[#8:4])-[#8:44]-[#1].[#6:5]-[#7:2](-[#1])-[#1]>>[#0:3]-[#6:1](=[#8:4])-[#7:2](-[#6:5])-[#1].[#8:44](-[#1])-[#1],"EVODEX.2-P135,EVODEX.2-P144,EVODEX.2-P149,EVODEX.2-P151,EVODEX.2-P3283",44913096234344609008931252485070725388898711128683678271461489885394335776652
EVODEX.2-Dm69,[#6:5]-[#7:2](-[#1])-[#1]>>[#0]-[#6](=[#8])-[#7:2](-[#6:5])-[#1],"EVODEX.2-P136,EVODEX.2-P141,EVODEX.2-P210,EVODEX.2-P2979,EVODEX.2-P3403",90734177525964463974616539959198827979858140209780222422475977779960910770674
EVODEX.2-Dm71,[#0:3]-[#6:1](=[#8:4])-[#8]-[#1].[#6:5]-[#7:2](-[#1])-[#1]>>[#0:3]-[#6:1](=[#8:4])-[#7:2](-[#6:5])-[#1],"EVODEX.2-P140,EVODEX.2-P145,EVODEX.2-P147,EVODEX.2-P150,EVODEX.2-P1577",59612972423080127803277984926001316112728192285136157197611534352124455803522
EVODEX.2-Dm72,[#6:5]-[#8:2]-[#1]>>[#0]-[#6](=[#8])-[#8:2]-[#6:5],"EVODEX.2-P143,EVODEX.2-P153,EVODEX.2-P154,EVODEX.2-P208,EVODEX.2-P272",113193399757934728858199696781908253685692465327604236372788033213885643385133
EVODEX.2-Dm74,[#0:3]-[#6:1](=[#8:4])-[#8:5]-[#6:6].[#8:2](-[#1])-[#1]>>[#0:3]-[#6:1](=[#8:4])-[#8:2]-[#1].[#6:6]-[#8:5]-[#1],"EVODEX.2-P158,EVODEX.2-P172,EVODEX.2-P197,EVODEX.2-P3775,EVODEX.2-P3776",108414748752548732472054436127792823020972271964442003331962992655247140697400
EVODEX.2-Dm75,[#6:3]-[#6:1](-[#8:38]-[#1])(-[#1:40])-[#1:41].[#6:19](=[#8:21])-[#8:2]-[#1]>>[#6:3]-[#6:1](-[#8:2]-[#6:19]=[#8:21])(-[#1:40])-[#1:41].[#8:38](-[#1])-[#1],"EVODEX.2-P160,EVODEX.2-P2376,EVODEX.2-P2501,EVODEX.2-P2502,EVODEX.2-P633",32569672308925212499668524857605805380146812123072401723375610284196037399898
EVODEX.2-Dm76,[#6:3]-[#6:1](-[#8]-[#1])(-[#1:40])-[#1:41].[#6:19](=[#8:21])-[#8:2]-[#1]>>[#6:3]-[#6:1](-[#8:2]-[#6:19]=[#8:21])(-[#1:40])-[#1:41],"EVODEX.2-P161,EVODEX.2-P162,EVODEX.2-P2504,EVODEX.2-P3783,EVODEX.2-P634",109910206379607924545516544206462714619253750161060925018475470625865550761226
EVODEX.2-Dm78,[#0:3]-[#6:1](=[#8:4])-[#8:5]-[#6:6]>>[#0:3]-[#6:1](=[#8:4])-[#8]-[#1].[#6:6]-[#8:5]-[#1],"EVODEX.2-P164,EVODEX.2-P174,EVODEX.2-P177,EVODEX.2-P198,EVODEX.2-P3774",93784889098197446014508591984721925678307628165801917491075744023443330864511
EVODEX.2-Dm79,[#6:3]-[#6:1](-[#8:19]-[#6:20]=[#8:21])(-[#1:40])-[#1:41].[#8:2](-[#1])-[#1]>>[#6:3]-[#6:1](-[#8:2]-[#1])(-[#1:40])-[#1:41].[#6:20](=[#8:21])-[#8:19]-[#1],"EVODEX.2-P165,EVODEX.2-P2366,EVODEX.2-P2507,EVODEX.2-P3739,EVODEX.2-P394",52286471239108070508550278450187098259207439054272459615540683184639629524303
EVODEX.2-Dm81,[#6:3]-[#16:2]-[#1].[#0:50]-[#6:1](=[#8:51])-[#8:52]-[#6:53]>>[#0:50]-[#6:1](=[#8:51])-[#16:2]-[#6:3].[#6:53]-[#8:52]-[#1],"EVODEX.2-P1456,EVODEX.2-P1457,EVODEX.2-P168,EVODEX.2-P203,EVODEX.2-P204",37150482362871802035590708901184613837759914681373541829900687010374147582868
EVODEX.2-Dm82,[#0]-[#6](=[#8])-[#8:52]-[#6:53]>>[#6:53]-[#8:52]-[#1],"EVODEX.2-P1454,EVODEX.2-P169,EVODEX.2-P173,EVODEX.2-P176,EVODEX.2-P193",5901500993672528812453428375403785663982210152605036691271558666952780910857
EVODEX.2-Dm83,[#0:50]-[#6:1](=[#8:51])-[#8:52]-[#6:53]>>[#0:50]-[#6:1](=[#8:51])-[#16]-[#6].[#6:53]-[#8:52]-[#1],"EVODEX.2-P1455,EVODEX.2-P170,EVODEX.2-P171,EVODEX.2-P205,EVODEX.2-P385",5187391191118779825122471626632493573160209400248427687063049655191503799412
EVODEX.2-Dm85,[#6:3]-[#6:1](-[#8:28]-[#15:29]=[#8:30])(-[#6:4])-[#1:46].[#8:2](-[#1])-[#1]>>[#6:4]-[#6:1](-[#8:2]-[#1])(-[#6:3])-[#1:46].[#8:30]=[#15:29]-[#8:28]-[#1],"EVODEX.2-P1205,EVODEX.2-P179,EVODEX.2-P2423,EVODEX.2-P248,EVODEX.2-P663",27640298847164333902089067608175621677853220400546651094330524549316404600800
EVODEX.2-Dm86,[#6:3]-[#6:1](-[#8:28]-[#15:30]=[#8:31])(-[#6:4])-[#1:70].[#8:34]-[#15:29](=[#8:35])(-[#8:2]-[#1])-[#8:36]>>[#6:3]-[#6:1](-[#8:2]-[#1])(-[#6:4])-[#1:70].[#8:34]-[#15:29](=[#8:35])(-[#8:36])-[#8:28]-[#15:30]=[#8:31],"EVODEX.2-P180,EVODEX.2-P183,EVODEX.2-P228,EVODEX.2-P236,EVODEX.2-P2677",280332479521461860877782893368208774113498093401623547824720748008407098214
EVODEX.2-Dm87,[#6:3]-[#6:1](-[#8:40]-[#1])(-[#6:4])-[#1:76].[#8:42]-[#15:41](=[#8:43])(-[#8:44])-[#8:2]-[#15:36]=[#8:37]>>[#6:4]-[#6:1](-[#8:2]-[#15:36]=[#8:37])(-[#6:3])-[#1:76].[#8:42]-[#15:41](=[#8:43])(-[#8:40]-[#1])-[#8:44],"EVODEX.2-P181,EVODEX.2-P1988,EVODEX.2-P2588,EVODEX.2-P2590,EVODEX.2-P3439",53119986140390732472558417345772613086758706218854413029937768413694188956428
EVODEX.2-Dm88,[#6:3]-[#6:1](-[#8:40]-[#1])(-[#6:4])-[#1:76]>>[#6:4]-[#6:1](-[#8]-[#15]=[#8])(-[#6:3])-[#1:76].[#8]-[#15](=[#8])(-[#8:40]-[#1])-[#8],"EVODEX.2-P182,EVODEX.2-P2453,EVODEX.2-P2678,EVODEX.2-P2809,EVODEX.2-P3723",1232700036371304748366328008051121873220368008910762368400899212811402946691
EVODEX.2-Dm89,[#0:3]-[#6:1](=[#8:4])-[#8:28]-[#6:29].[#6:5]-[#8:2]-[#1]>>[#0:3]-[#6:1](=[#8:4])-[#8:2]-[#6:5].[#6:29]-[#8:28]-[#1],"EVODEX.2-P184,EVODEX.2-P185,EVODEX.2-P186,EVODEX.2-P194,EVODEX.2-P196",75378087162070529864943201522422865756124144001791772579752433779926404122201
EVODEX.2-Dm90,[#6:3]-[#6:1](-[#8]-[#1])(-[#6:4])-[#1:62].[#8]=[#15](-[#8:2]-[#1])(-[#8])-[#8]>>[#6:3]-[#6:1](-[#8:2]-[#1])(-[#6:4])-[#1:62],"EVODEX.2-P1759,EVODEX.2-P187,EVODEX.2-P1997,EVODEX.2-P2615,EVODEX.2-P3650",39968338088312659696798563633168081543493858980317414293988115871478643205550
EVODEX.2-Dm91,[#6:3]-[#6:1](-[#8:22]-[#1])(-[#6:4])-[#1:62]>>[#6:3]-[#6:1](-[#8]-[#1])(-[#6:4])-[#1:62].[#8:22](-[#1])-[#1],"EVODEX.2-P1617,EVODEX.2-P188,EVODEX.2-P1998,EVODEX.2-P3607,EVODEX.2-P854",88862704953644522061211414234684075523476243438505303118752768999616554431003
EVODEX.2-Dm92,[#6:3]-[#6:1](-[#8:22]-[#1])(-[#6:4])-[#1:62].[#8]=[#15](-[#8:2]-[#1])(-[#8])-[#8]>>[#6:3]-[#6:1](-[#8:2]-[#1])(-[#6:4])-[#1:62].[#8:22](-[#1])-[#1],"EVODEX.2-P1774,EVODEX.2-P189,EVODEX.2-P1999,EVODEX.2-P2616,EVODEX.2-P2665",59065551203947083319865601002100862504487142682688134505346017130498227060088
EVODEX.2-Dm93,[#6:3]-[#6:1](-[#8]-[#1])(-[#6:4])-[#1:62].[#8:51]=[#15:24](-[#8:2]-[#1])(-[#8:52])-[#8:53]>>[#6:3]-[#6:1](-[#8:2]-[#1])(-[#6:4])-[#1:62].[#15](=[#8])-[#8]-[#15:24](=[#8:51])(-[#8:52])-[#8:53],"EVODEX.2-P1761,EVODEX.2-P1775,EVODEX.2-P190,EVODEX.2-P2617,EVODEX.2-P3608",91634572023544290641891388768346024234919385667712587230258456884011561238165
EVODEX.2-Dm94,[#6:3]-[#6:1](-[#8]-[#1])(-[#6:4])-[#1:62].[#8:2](-[#1])-[#1].[#8]-[#15](=[#8])(-[#8])-[#8:22]-[#15:23]=[#8:24]>>[#6:3]-[#6:1](-[#8:2]-[#1])(-[#6:4])-[#1:62].[#8:24]=[#15:23]-[#8:22]-[#1],"EVODEX.2-P1762,EVODEX.2-P1776,EVODEX.2-P191,EVODEX.2-P2122,EVODEX.2-P3697",18334052788223469214625486844152493508745344005656797555247672086916031169736
EVODEX.2-Dm95,[#0:51]-[#6:49](=[#8:52])-[#16:1]-[#6:2].[#6:53]-[#8:50]-[#1]>>[#6:2]-[#16:1]-[#1].[#0:51]-[#6:49](=[#8:52])-[#8:50]-[#6:53],"EVODEX.2-P1604,EVODEX.2-P1614,EVODEX.2-P206,EVODEX.2-P2785,EVODEX.2-P3528",1812351427039777394239632577361233867621088495868043184235687906288178101669
EVODEX.2-Dm96,[#0:51]-[#6:49](=[#8:52])-[#16]-[#6].[#6:53]-[#8:50]-[#1]>>[#6:53]-[#8:50]-[#6:49](-[#0:51])=[#8:52],"EVODEX.2-P207,EVODEX.2-P209,EVODEX.2-P2786,EVODEX.2-P3529,EVODEX.2-P841",79799327987214453262192412780473991189899359298698408363575674572023799743941
EVODEX.2-Dm97,[#6:3]-[#6:1](=[#8:4])-[#1]>>[#6:3]-[#6:1](=[#8:4])-[#8]-[#1],"EVODEX.2-P1565,EVODEX.2-P211,EVODEX.2-P3242,EVODEX.2-P3243,EVODEX.2-P809",14536949284179725652720954401544448665627205362811343844197368444153637501029
EVODEX.2-Dm104,[#6:3]-[#6:1](=[#8:4])-[#8:7]-[#1].[#8:36]=[#15:9](-[#8:2]-[#1])(-[#8:37])-[#8:38]>>[#6:3]-[#6:1](=[#8:4])-[#8:2]-[#1].[#8:7](-[#1])-[#1].[#15](=[#8])-[#8]-[#15:9](=[#8:36])(-[#8:37])-[#8:38],"EVODEX.2-P219,EVODEX.2-P2211,EVODEX.2-P3211,EVODEX.2-P3279,EVODEX.2-P3546",50627702474248167857622592562286248150819981564737169505960438409332685015386
EVODEX.2-Dm105,[#6:3]-[#6:1](=[#8:4])-[#8]-[#1].[#15:10](=[#8:12])-[#8:8]-[#1].[#8:36]=[#15:9](-[#8:2]-[#1])(-[#8:37])-[#8:38]>>[#6:3]-[#6:1](=[#8:4])-[#8:2]-[#1].[#15:10](=[#8:12])-[#8:8]-[#15:9](=[#8:36])(-[#8:37])-[#8:38],"EVODEX.2-P1783,EVODEX.2-P1837,EVODEX.2-P1843,EVODEX.2-P220,EVODEX.2-P3290",43963290219825368754938082189132548800390547763724960688665769797849157653206
EVODEX.2-Dm106,[#6:3]-[#6:1](=[#8:4])-[#8:7]-[#1].[#8]=[#15](-[#8:2]-[#1])(-[#8])-[#8]>>[#6:3]-[#6:1](=[#8:4])-[#8:2]-[#1].[#8:7](-[#1])-[#1],"EVODEX.2-P1834,EVODEX.2-P221,EVODEX.2-P2913,EVODEX.2-P3408,EVODEX.2-P891",10572330267360255817793916153750114611234952744831639694988286063100655738282
EVODEX.2-Dm113,[#6:29]-[#8:28]-[#6](-[#1])(-[#1])-[#1]>>[#6:29]-[#8:28]-[#1],"EVODEX.2-P238,EVODEX.2-P2844,EVODEX.2-P2847,EVODEX.2-P2853,EVODEX.2-P885",58872748326553121837156019610399182393941563060968897020682651092018709026373
EVODEX.2-Dm114,[#6:3]-[#6:1](-[#8]-[#1])(-[#6:4])-[#1:22].[#8:15]=[#15:14]-[#8:2]-[#1]>>[#6:3]-[#6:1](-[#8:2]-[#15:14]=[#8:15])(-[#6:4])-[#1:22],"EVODEX.2-P240,EVODEX.2-P2427,EVODEX.2-P2451,EVODEX.2-P3089,EVODEX.2-P3589",61069532534067426673479550706229726042018380335750544138397447283502189703137
EVODEX.2-Dm115,[#6:3]-[#6:1](-[#8:18]-[#1])(-[#6:4])-[#1:22]>>[#6:3]-[#6:1](-[#8]-[#15]=[#8])(-[#6:4])-[#1:22].[#8:18](-[#1])-[#1],"EVODEX.2-P1209,EVODEX.2-P241,EVODEX.2-P3846,EVODEX.2-P3847,EVODEX.2-P694",69751501254696060391112627126114079446193481965960921562956068860491530573581
EVODEX.2-Dm117,[#6:1](=[#6:2](-[#8:3]-[#15:8](=[#8:9])(-[#8:10])-[#8:11])-[#6:4]=[#8:5])(-[#1:28])-[#1:29].[#15:12](=[#8:14])-[#8:7]-[#1]>>[#6:1](-[#6:2](=[#8:3])-[#6:4]=[#8:5])(-[#1:28])(-[#1:29])-[#1].[#15:12](=[#8:14])-[#8:7]-[#15:8](=[#8:9])(-[#8:10])-[#8:11],"EVODEX.2-P243,EVODEX.2-P263,EVODEX.2-P842,EVODEX.2-P845,EVODEX.2-P847",92701892045094102627910433574007877279904574045922359125200930258462125731499
EVODEX.2-Dm118,[#6]=[#6](-[#8]-[#15:8](=[#8:9])(-[#8:10])-[#8:11])-[#6]=[#8].[#15:12](=[#8:14])-[#8:7]-[#1]>>[#15:12](=[#8:14])-[#8:7]-[#15:8](=[#8:9])(-[#8:10])-[#8:11],"EVODEX.2-P244,EVODEX.2-P264,EVODEX.2-P843,EVODEX.2-P844,EVODEX.2-P846",87207179113104648984080945085736801150164850757594044331818689633427586208043
EVODEX.2-Dm119,[#6:3]-[#6:1](-[#8:14]-[#15:16]=[#8:17])(-[#1:52])-[#1:53].[#8:24]-[#15:15](=[#8:25])(-[#8:26])-[#8:2]-[#15:10]=[#8:11]>>[#6:3]-[#6:1](-[#8:2]-[#15:10]=[#8:11])(-[#1:52])-[#1:53].[#8:24]-[#15:15](=[#8:25])(-[#8:26])-[#8:14]-[#15:16]=[#8:17],"EVODEX.2-P2381,EVODEX.2-P245,EVODEX.2-P3620,EVODEX.2-P3623,EVODEX.2-P416",104747078038342452190747823497536691331473509660242691672410364710860240220140
EVODEX.2-Dm120,[#15:30](=[#8:32])-[#8:28]-[#1].[#15](=[#8])-[#8]-[#15:29](=[#8:46])(-[#8:47])-[#8:48]>>[#15:30](=[#8:32])-[#8:28]-[#15:29](=[#8:46])(-[#8:47])-[#8:48],"EVODEX.2-P246,EVODEX.2-P2972,EVODEX.2-P2993,EVODEX.2-P3559,EVODEX.2-P3622",75172592108267909205825007379838385632123251698298214468149425137825313958024
EVODEX.2-Dm121,[#15:2](=[#8:4])-[#8:1]-[#15:19](=[#8:46])(-[#8:47])-[#8:48]>>[#15:2](=[#8:4])-[#8:1]-[#1].[#15](=[#8])-[#8]-[#15:19](=[#8:46])(-[#8:47])-[#8:48],"EVODEX.2-P247,EVODEX.2-P2994,EVODEX.2-P3582,EVODEX.2-P3600,EVODEX.2-P3636",82820765546498386759804807046015117777730519447527015757529907884713555976755
EVODEX.2-Dm122,[#6:3]-[#6:1](-[#8:14]-[#15:15]=[#8:16])(-[#6:4])-[#1:41]>>[#6:3]-[#6:1](-[#8]-[#1])(-[#6:4])-[#1:41].[#15:15](=[#8:16])-[#8:14]-[#1],"EVODEX.2-P1065,EVODEX.2-P249,EVODEX.2-P3634,EVODEX.2-P3760,EVODEX.2-P666",70203297999068823652153034437799088454868621633074169950029785681634311494918
EVODEX.2-Dm123,[#6:2]-[#6:1](=[#8:3])-[#8]-[#1].[#6:31](=[#8:33])-[#6:25]1:[#6:30](:[#6:29](:[#6:28](:[#7&+:27](-[#6:34]):[#6:26]:1-[#1:131])-[#1:108])-[#1:107])-[#1:106]>>[#6:2]-[#6:1](=[#8:3])-[#1].[#6:31](=[#8:33])-[#6:25]1=[#6:26](-[#7:27](-[#6:34])-[#6:28](=[#6:29](-[#6:30]-1(-[#1:106])-[#1])-[#1:107])-[#1:108])-[#1:131],"EVODEX.2-P1475,EVODEX.2-P250,EVODEX.2-P3163,EVODEX.2-P3167,EVODEX.2-P3187",82624758716464764542783115304865014649548241135793118943104741861374476258120
EVODEX.2-Dm124,[#6:2]-[#6:1](-[#8:68]-[#1])(-[#1:85])-[#1:86].[#6:30](=[#8:32])-[#6:24]1:[#6:29](:[#6:28](:[#6:27](:[#7&+:26](-[#6:33]):[#6:25]:1-[#1:132])-[#1:109])-[#1:108])-[#1:107].[#8:69](-[#1])-[#1]>>[#6:2]-[#6:1](-[#1:85])(-[#1:86])-[#1].[#6:30](=[#8:32])-[#6:24]1=[#6:25](-[#7:26](-[#6:33])-[#6:27](=[#6:28](-[#6:29]-1(-[#1:107])-[#1])-[#1:108])-[#1:109])-[#1:132].[#8:68]=[#8:69],"EVODEX.2-P1558,EVODEX.2-P1611,EVODEX.2-P1821,EVODEX.2-P2126,EVODEX.2-P252",1793569165674947317791382205597424045225006331925431018320963871657658321261
EVODEX.2-Dm125,[#6:2]-[#6:1](-[#8:68]-[#1])(-[#1:85])-[#1:86].[#6:30](=[#8:32])-[#6:24]1:[#6:29](:[#6:28](:[#6:27](:[#7&+:26](-[#6:33]):[#6:25]:1-[#1:132])-[#1:109])-[#1:108])-[#1:107]>>[#6:2]-[#6:1](-[#1:85])(-[#1:86])-[#1].[#6:30](=[#8:32])-[#6:24]1=[#6:25](-[#7:26](-[#6:33])-[#6:27](=[#6:28](-[#6:29]-1(-[#1:107])-[#1])-[#1:108])-[#1:109])-[#1:132].[#8:68]=[#8],"EVODEX.2-P1612,EVODEX.2-P1826,EVODEX.2-P2125,EVODEX.2-P253,EVODEX.2-P2755",103136970884912308819266295219579729143771948950292022845034837287080752951702
EVODEX.2-Dm126,([#6:11]-[#6:1](-[#8]-[#1])(-[#6:7])-[#1:20].[#15:3](=[#8:5])-[#8:2]-[#1])>>[#6:11]-[#6:1](-[#8:2]-[#15:3]=[#8:5])(-[#6:7])-[#1:20],"EVODEX.2-P254,EVODEX.2-P3591,EVODEX.2-P3625,EVODEX.2-P3861,EVODEX.2-P699",73092572267451579212381880135910836580755296356658306366522139099623891018076
EVODEX.2-Dm127,[#6:4]-[#6:2](-[#6:5])(-[#8:1]-[#15:11]=[#8:13])-[#1:22].[#8:3](-[#1])-[#1]>>([#6:4]-[#6:2](-[#6:5])(-[#8:3]-[#1])-[#1:22].[#15:11](=[#8:13])-[#8:1]-[#1]),"EVODEX.2-P255,EVODEX.2-P262,EVODEX.2-P3626,EVODEX.2-P3764,EVODEX.2-P3770",19275419093147854557811157071208210006550891101615159509299731585863861519670
EVODEX.2-Dm128,[#6:27](-[#16&+](-[#6])-[#6])(-[#1:42])(-[#1:43])-[#1:44].[#6:29]-[#8:28]-[#1]>>[#6:29]-[#8:28]-[#6:27](-[#1:42])(-[#1:43])-[#1:44],"EVODEX.2-P1574,EVODEX.2-P2181,EVODEX.2-P256,EVODEX.2-P646,EVODEX.2-P653",14504510765769325066654184577566599252859276197628775448394087763660051700414
EVODEX.2-Dm129,[#6:29]-[#8:28]-[#6:1](-[#1:70])(-[#1:71])-[#1:72]>>[#6:1](-[#16&+](-[#6])-[#6])(-[#1:70])(-[#1:71])-[#1:72].[#6:29]-[#8:28]-[#1],"EVODEX.2-P2183,EVODEX.2-P257,EVODEX.2-P2848,EVODEX.2-P2854,EVODEX.2-P665",29671425032178545305006307598039254312683395151341018100139982659680805046725
EVODEX.2-Dm130,([#6:11]-[#6:1](-[#8:18]-[#1])(-[#6:7])-[#1:24].[#15:3](=[#8:5])-[#8:2]-[#1])>>[#6:11]-[#6:1](-[#8:2]-[#15:3]=[#8:5])(-[#6:7])-[#1:24].[#8:18](-[#1])-[#1],"EVODEX.2-P258,EVODEX.2-P3584,EVODEX.2-P3624,EVODEX.2-P3867,EVODEX.2-P698",89556846769483641579735093776469196212864035603344255414130833236047941760521
EVODEX.2-Dm131,[#6:4]-[#8:2]-[#1].[#8:27]-[#15:3](=[#8:34])(-[#8:35])-[#8:1]-[#6:21]>>([#6:4]-[#8:2]-[#15:3](=[#8:34])(-[#8:35])-[#8:27].[#6:21]-[#8:1]-[#1]),"EVODEX.2-P261,EVODEX.2-P2625,EVODEX.2-P636,EVODEX.2-P637,EVODEX.2-P701",79731028609845543792647412128578449124306204668283924989055603536374202401660
EVODEX.2-Dm132,[#15:21](=[#8:23])-[#8:19]-[#1].[#15:2](=[#8:4])-[#8:1]-[#15:20](=[#8:47])(-[#8:48])-[#8:49]>>[#15:2](=[#8:4])-[#8:1]-[#1].[#15:21](=[#8:23])-[#8:19]-[#15:20](=[#8:47])(-[#8:48])-[#8:49],"EVODEX.2-P266,EVODEX.2-P3581,EVODEX.2-P3588,EVODEX.2-P3605,EVODEX.2-P3681",100518936532536258298288851237671967163709190227977225317125278760915758836201
EVODEX.2-Dm134,[#6:3]-[#16:2]-[#1].[#6:71]-[#8:70]-[#6:1](=[#8:50])-[#6:51]>>[#6:51]-[#6:1](=[#8:50])-[#16:2]-[#6:3].[#6:71]-[#8:70]-[#1],"EVODEX.2-P1306,EVODEX.2-P1307,EVODEX.2-P1324,EVODEX.2-P1326,EVODEX.2-P269",40240897339127859080234344300017056800457985999958936917722817158671123176001
EVODEX.2-Dm136,[#6:29]-[#7:28](-[#1])-[#1]>>[#6:29]-[#7:28](-[#6](-[#1])(-[#1])-[#1])-[#1],"EVODEX.2-P1625,EVODEX.2-P2219,EVODEX.2-P273,EVODEX.2-P2946,EVODEX.2-P2948",11749754539410886952970647985306150441840744004405444223846398708142507732677
EVODEX.2-Dm137,[#0:3]-[#6:1](-[#6:4])(-[#1:9])-[#1].[#8:2](-[#8]-[#1])-[#1]>>[#0:3]-[#6:1](-[#8:2]-[#1])(-[#6:4])-[#1:9],"EVODEX.2-P1212,EVODEX.2-P1563,EVODEX.2-P1706,EVODEX.2-P274,EVODEX.2-P3705",76838686753564959450174490397304502082942086366334013255731234726181679222694
EVODEX.2-Dm138,[#6:13]-[#7:2]=[#6:1](-[#6:3])-[#1:19]>>[#6:13]-[#7:2](-[#6:1](-[#6:3])(-[#1:19])-[#1])-[#1],"EVODEX.2-P1652,EVODEX.2-P1695,EVODEX.2-P275,EVODEX.2-P355,EVODEX.2-P3831",10106794902766726842312935494366865794402614898009232211519459376843695138833
EVODEX.2-Dm139,[#6:3]-[#6:1](=[#8:4])-[#7:8](-[#6:9])-[#1].[#8:2](-[#1])-[#1]>>[#6:3]-[#6:1](=[#8:4])-[#8:2]-[#1].[#7:8](-[#6:9])(-[#1])-[#1],"EVODEX.2-P1928,EVODEX.2-P2646,EVODEX.2-P2766,EVODEX.2-P278,EVODEX.2-P320",114186845560407998358248103341180002290736573565677413408452852578210847290470
EVODEX.2-Dm140,[#6:3]-[#6:1](-[#8:39]-[#1])(-[#6:4])-[#1:87]>>[#6:3]-[#6:1](-[#8]-[#16](=[#8])=[#8])(-[#6:4])-[#1:87].[#8]-[#15](=[#8])(-[#8:39]-[#1])-[#8],"EVODEX.2-P1744,EVODEX.2-P1784,EVODEX.2-P282,EVODEX.2-P3737,EVODEX.2-P693",22822056283369927572092448613813500591421830322929110114461205133553722399988
EVODEX.2-Dm141,[#6:3]-[#6:1](-[#8]-[#16](=[#8])=[#8])(-[#6:4])-[#1:87].[#8]-[#15](=[#8])(-[#8:2]-[#1])-[#8]>>[#6:3]-[#6:1](-[#8:2]-[#1])(-[#6:4])-[#1:87],"EVODEX.2-P1751,EVODEX.2-P1772,EVODEX.2-P1975,EVODEX.2-P285,EVODEX.2-P405",78127097634814669911030024961511201160534981393734564627445742522002038706395
EVODEX.2-Dm143,[#6:2]-[#6:1](-[#8]-[#1])(-[#6:3])-[#1:28].[#8:17]=[#6:14](-[#8]-[#1])-[#6:18].[#8:16]=[#6:15]=[#8:23]>>[#6:2]-[#6:1](-[#6:3])(-[#1:28])-[#1].[#6:18]-[#6:14](=[#8:17])-[#6:15](=[#8:23])-[#8:16]-[#1],"EVODEX.2-P1924,EVODEX.2-P2428,EVODEX.2-P291,EVODEX.2-P3824,EVODEX.2-P3826",31368363007041969168226603375131048854172550164340515072427635007472948231387
EVODEX.2-Dm144,[#6:3]-[#16:2]-[#6:4].[#6:29](=[#8:31])-[#8:28]-[#6:1](-[#1:62])(-[#1:63])-[#1:64]>>[#6:1](-[#16&+:2](-[#6:4])-[#6:3])(-[#1:62])(-[#1:63])-[#1:64].[#6:29](=[#8:31])-[#8:28]-[#1],"EVODEX.2-P294,EVODEX.2-P312,EVODEX.2-P640,EVODEX.2-P864,EVODEX.2-P900",38925657285568511503314520506910416296786998267891954090906469969876186032002
EVODEX.2-Dm145,[#6:29](=[#8:31])-[#8:28]-[#6:1](-[#1:62])(-[#1:63])-[#1:64]>>[#6:1](-[#16&+](-[#6])-[#6])(-[#1:62])(-[#1:63])-[#1:64].[#6:29](=[#8:31])-[#8:28]-[#1],"EVODEX.2-P2838,EVODEX.2-P2839,EVODEX.2-P295,EVODEX.2-P652,EVODEX.2-P866",8969875054588413659892172437887185017934439847245807660990528929159412709579
EVODEX.2-Dm146,[#6:27](-[#16&+:1](-[#6:2])-[#6:3])(-[#1:38])(-[#1:39])-[#1:40].[#6:29](=[#8:31])-[#8:28]-[#1]>>[#6:3]-[#16:1]-[#6:2].[#6:29](=[#8:31])-[#8:28]-[#6:27](-[#1:38])(-[#1:39])-[#1:40],"EVODEX.2-P1490,EVODEX.2-P309,EVODEX.2-P310,EVODEX.2-P638,EVODEX.2-P857",83701271464108519830357305747340780780256122702049188735752276382087201138010
EVODEX.2-Dm147,[#6:27](-[#16&+](-[#6])-[#6])(-[#1:38])(-[#1:39])-[#1:40].[#6:29](=[#8:31])-[#8:28]-[#1]>>[#6:29](=[#8:31])-[#8:28]-[#6:27](-[#1:38])(-[#1:39])-[#1:40],"EVODEX.2-P2061,EVODEX.2-P311,EVODEX.2-P542,EVODEX.2-P639,EVODEX.2-P641",67170795922799955828138564206079414967454931751634938252882377906752735716478
EVODEX.2-Dm148,[#6:3]-[#6:1](=[#8:4])-[#7](-[#6])-[#1].[#8]=[#15](-[#8:2]-[#1])(-[#8])-[#8]>>[#6:3]-[#6:1](=[#8:4])-[#8:2]-[#1],"EVODEX.2-P1937,EVODEX.2-P1942,EVODEX.2-P1945,EVODEX.2-P314,EVODEX.2-P317",80078328608054491029402937424893383308355916613949016610490336750919606040754
EVODEX.2-Dm152,[#6:3]-[#6:1](=[#8:4])-[#8:22]-[#15:24]=[#8:25].[#8:28]-[#15:23](=[#8:29])(-[#8:2]-[#1])-[#8:30]>>[#6:3]-[#6:1](=[#8:4])-[#8:2]-[#1].[#8:28]-[#15:23](=[#8:29])(-[#8:30])-[#8:22]-[#15:24]=[#8:25],"EVODEX.2-P322,EVODEX.2-P3630,EVODEX.2-P3633,EVODEX.2-P3648,EVODEX.2-P3679",115368848119440218905446861819310943470046925821388433914330691934710227749459
EVODEX.2-Dm154,[#7:2](-[#6:21](-[#6:23])(-[#6:24]=[#8:26])-[#1])(-[#1])-[#1].[#6:3]-[#6:1](=[#8:22])-[#1:54]>>[#6:3]-[#6:1](-[#7:2](-[#1])-[#1])(-[#1:54])-[#1].[#6:23]-[#6:21](=[#8:22])-[#6:24]=[#8:26],"EVODEX.2-P1875,EVODEX.2-P324,EVODEX.2-P3285,EVODEX.2-P3301,EVODEX.2-P3340",63661775120684153118743118908425087750557194981245033907319466115182218244199
EVODEX.2-Dm156,[#6:3]-[#6:1](=[#8])-[#1:54]>>[#6:3]-[#6:1](-[#7](-[#1])-[#1])(-[#1:54])-[#1],"EVODEX.2-P1877,EVODEX.2-P2290,EVODEX.2-P3052,EVODEX.2-P3075,EVODEX.2-P326",87334559267457328885605362491442899834043225443700203641192012271745669360384
EVODEX.2-Dm158,[#6:13]-[#6:11](-[#7:2](-[#1])-[#1])(-[#1:42])-[#1].[#6:3]-[#6:1](=[#8:12])-[#6:4]=[#8:6]>>[#7:2](-[#6:1](-[#6:3])(-[#6:4]=[#8:6])-[#1])(-[#1])-[#1].[#6:13]-[#6:11](=[#8:12])-[#1:42],"EVODEX.2-P1820,EVODEX.2-P329,EVODEX.2-P3466,EVODEX.2-P3494,EVODEX.2-P966",54041030053694514498726056660463399743986117419352617317904587634782769540296
EVODEX.2-Dm162,[#6:3]-[#6:1](=[#8:4])-[#8:47]-[#1].[#6:12]-[#8:2]-[#1]>>[#6:3]-[#6:1](=[#8:4])-[#8:2]-[#6:12].[#8:47](-[#1])-[#1],"EVODEX.2-P2368,EVODEX.2-P2488,EVODEX.2-P2676,EVODEX.2-P335,EVODEX.2-P3877",69967194680871782894536726672088463374823073871658434042622811526279614237162
EVODEX.2-Dm163,[#6:3]-[#6:1](=[#8:12])-[#1:23].[#7:2](-[#1])(-[#1])-[#1].[#8:13](-[#8:14]-[#1])-[#1]>>[#6:3]-[#6:1](-[#7:2](-[#1])-[#1])(-[#1:23])-[#1].[#8:12](-[#1])-[#1].[#8:13]=[#8:14],"EVODEX.2-P1091,EVODEX.2-P2997,EVODEX.2-P3079,EVODEX.2-P3083,EVODEX.2-P338",92467393354240973793323790663379996102688651985435354415529608046220853454988
EVODEX.2-Dm164,[#6:3]-[#6:1](=[#8])-[#1:23].[#7:2](-[#1])(-[#1])-[#1].[#8:13](-[#8:14]-[#1])-[#1]>>[#6:3]-[#6:1](-[#7:2](-[#1])-[#1])(-[#1:23])-[#1].[#8:13]=[#8:14],"EVODEX.2-P1093,EVODEX.2-P2998,EVODEX.2-P3035,EVODEX.2-P3037,EVODEX.2-P339",6783998966992943711074119579613236201025768541765370690227844979140429464616
EVODEX.2-Dm167,[#6:51]-[#6:49](=[#8:52])-[#16:1]-[#6:2].[#6:55]-[#7:50](-[#1])-[#1]>>[#6:2]-[#16:1]-[#1].[#6:55]-[#7:50](-[#6:49](=[#8:52])-[#6:51])-[#1],"EVODEX.2-P1151,EVODEX.2-P2545,EVODEX.2-P2663,EVODEX.2-P2690,EVODEX.2-P347",25439903088884650670672343047798953545063452462813442286757298586723272331813
EVODEX.2-Dm168,[#8:3]-[#6:1](-[#8]-[#1])(-[#6:4])-[#1:61].[#6:37]-[#7:2](-[#1])-[#1]>>[#6:37]-[#7:2](-[#6:1](-[#8:3])(-[#6:4])-[#1:61])-[#1],"EVODEX.2-P1119,EVODEX.2-P1130,EVODEX.2-P3429,EVODEX.2-P350,EVODEX.2-P3523",24781576275500934150830407533750641749638840529813724917087563489005712849188
EVODEX.2-Dm170,[#6:3]-[#6:1](-[#7:12](-[#1])-[#1])(-[#1:23])-[#1].[#8:2](-[#1])-[#1]>>[#6:3]-[#6:1](=[#8:2])-[#1:23].[#7:12](-[#1])(-[#1])-[#1],"EVODEX.2-P2738,EVODEX.2-P2751,EVODEX.2-P352,EVODEX.2-P3538,EVODEX.2-P3542",93610484167804916561165485953074489662593812013156425811690955369950263469875
EVODEX.2-Dm173,[#6:25]-[#16:24]-[#1].[#6:2]-[#16:1]-[#6:23](-[#6:72])=[#8:73]>>[#6:2]-[#16:1]-[#1].[#6:72]-[#6:23](=[#8:73])-[#16:24]-[#6:25],"EVODEX.2-P1138,EVODEX.2-P363,EVODEX.2-P599,EVODEX.2-P600,EVODEX.2-P601",19611295887699835791012557402198313561163125869515581903166471337320872407320
EVODEX.2-Dm174,[#6:3]-[#6:1](-[#6:4])(-[#1:28])-[#1].[#6:17]-[#6:15](=[#8:18])-[#6:23](=[#8:25])-[#8:24]-[#1]>>[#6:3]-[#6:1](-[#8]-[#1])(-[#6:4])-[#1:28].[#8:18]=[#6:15](-[#8]-[#1])-[#6:17].[#8:24]=[#6:23]=[#8:25],"EVODEX.2-P2096,EVODEX.2-P3139,EVODEX.2-P367,EVODEX.2-P3823,EVODEX.2-P859",86892269841677191611937187830624804584325331050714519697683043272848835421483
EVODEX.2-Dm175,[#6:3]-[#6:1](-[#8:23]-[#1])(-[#1:26])-[#1:27].[#6:9]-[#8:2]-[#1]>>[#6:3]-[#6:1](-[#8:2]-[#6:9])(-[#1:26])-[#1:27].[#8:23](-[#1])-[#1],"EVODEX.2-P1571,EVODEX.2-P1806,EVODEX.2-P368,EVODEX.2-P3778,EVODEX.2-P3875",69008186178144530747204662314798340568977999817100425421196162217807261929709
EVODEX.2-Dm176,[#6:3]-[#6:1](-[#8]-[#1])(-[#1:37])-[#1:38].[#6:9]-[#8:2]-[#1]>>[#6:3]-[#6:1](-[#8:2]-[#6:9])(-[#1:37])-[#1:38],"EVODEX.2-P1570,EVODEX.2-P2657,EVODEX.2-P369,EVODEX.2-P383,EVODEX.2-P3874",97070737145775020230114767104349593358667468968794447028401769037409144431425
EVODEX.2-Dm177,[#6:3]-[#6:1](-[#8:30]-[#1])(-[#1:33])-[#1:34].[#15:9](=[#8:11])-[#8:2]-[#1]>>[#6:3]-[#6:1](-[#8:2]-[#15:9]=[#8:11])(-[#1:33])-[#1:34].[#8:30](-[#1])-[#1],"EVODEX.2-P2216,EVODEX.2-P2365,EVODEX.2-P370,EVODEX.2-P3780,EVODEX.2-P3852",103369146825055142840056764509229636763446363958253458793425483602240522225651
EVODEX.2-Dm178,[#6:51]-[#6:49](=[#8:52])-[#16:1]-[#6:2]>>[#6:2]-[#16:1]-[#1].[#6]-[#8]-[#6:49](=[#8:52])-[#6:51],"EVODEX.2-P371,EVODEX.2-P373,EVODEX.2-P375,EVODEX.2-P378,EVODEX.2-P379",20489350250519467047272177632424109652731794528883381723831028348689055856795
EVODEX.2-Dm179,[#6:51]-[#6:49](=[#8:52])-[#16]-[#6]>>[#6]-[#8]-[#6:49](=[#8:52])-[#6:51],"EVODEX.2-P372,EVODEX.2-P374,EVODEX.2-P376,EVODEX.2-P377,EVODEX.2-P381",28588631370616842055624418515240645436759804941415370670584097735415184141031
EVODEX.2-Dm180,[#6:2]-[#8:1]-[#15](=[#8])(-[#8])-[#8]>>[#6:2]-[#8:1]-[#1],"EVODEX.2-P384,EVODEX.2-P606,EVODEX.2-P607,EVODEX.2-P617,EVODEX.2-P990",275013133313941859131992431618503523872844264833446787633218458189266129220
EVODEX.2-Dm181,[#6:3]-[#16:2]-[#1].[#6]-[#8]-[#6:1](=[#8:50])-[#6:51]>>[#6:51]-[#6:1](=[#8:50])-[#16:2]-[#6:3],"EVODEX.2-P386,EVODEX.2-P388,EVODEX.2-P392,EVODEX.2-P395,EVODEX.2-P396",17991831542667830487373207418115639212399516486047170523437109804870137816734
EVODEX.2-Dm182,[#6]-[#8]-[#6:1](=[#8:50])-[#6:51]>>[#6:51]-[#6:1](=[#8:50])-[#16]-[#6],"EVODEX.2-P387,EVODEX.2-P389,EVODEX.2-P390,EVODEX.2-P391,EVODEX.2-P393",38450177240004709304300764211844140914139284152798742681327611927016264997118
EVODEX.2-Dm183,[#6:3]-[#6:1](-[#8]-[#1])(-[#6:4])-[#1:84].[#8]-[#15](=[#8])(-[#8])-[#8:2]-[#16:34](=[#8:35])=[#8:36]>>[#6:3]-[#6:1](-[#8:2]-[#16:34](=[#8:35])=[#8:36])(-[#6:4])-[#1:84],"EVODEX.2-P1747,EVODEX.2-P1750,EVODEX.2-P1757,EVODEX.2-P1972,EVODEX.2-P404",99000588483559552240624719070289105952363449491360713977933669970457817217654
EVODEX.2-Dm184,[#6:4]-[#6:1](-[#6:3])(-[#8]-[#15]=[#8])-[#1:102].[#8]-[#15](=[#8])(-[#8:2]-[#1])-[#8]>>[#6:4]-[#6:1](-[#6:3])(-[#8:2]-[#1])-[#1:102],"EVODEX.2-P2598,EVODEX.2-P2810,EVODEX.2-P3635,EVODEX.2-P3670,EVODEX.2-P407",18497681578050482001249020655181653035450747900573862790767563230123201577323
EVODEX.2-Dm186,[#6:3]-[#16:2]-[#1].[#6:52](=[#8:54])-[#6:49](-[#6:1](=[#8:31])-[#6:32])(-[#1:135])-[#1:136]>>[#6:3]-[#16:2]-[#6:1](=[#8:31])-[#6:32].[#6:52](=[#8:54])-[#6:49](-[#6](=[#8])-[#8])(-[#1:135])-[#1:136],"EVODEX.2-P1003,EVODEX.2-P1277,EVODEX.2-P412,EVODEX.2-P413,EVODEX.2-P514",29764945107096293384720749122873319045684703718800756367549818993765198040969
EVODEX.2-Dm188,[#6:3]-[#16:2]-[#1].[#6:43]-[#6:40](-[#7:44])(-[#6:1](=[#8:31])-[#6:32])-[#1:75].[#8:42]=[#6:41]=[#8:45]>>[#6:3]-[#16:2]-[#6:1](=[#8:31])-[#6:32].[#6:43]-[#6:40](-[#7:44])(-[#6:41](=[#8:45])-[#8:42]-[#1])-[#1:75],"EVODEX.2-P1240,EVODEX.2-P1331,EVODEX.2-P1341,EVODEX.2-P1349,EVODEX.2-P417",114028273352121410701096171665381479809342013775463199979071701425471144744605
EVODEX.2-Dm190,[#6:31]-[#6:1](=[#8:32])-[#8]-[#15]=[#8]>>[#6]-[#16]-[#6:1](=[#8:32])-[#6:31],"EVODEX.2-P419,EVODEX.2-P435,EVODEX.2-P448,EVODEX.2-P453,EVODEX.2-P470",101809682284858901993851695812490297146200307557622118832418283374043342531897
EVODEX.2-Dm192,[#6:3]-[#16:2]-[#1].[#6:31]-[#6:1](=[#8:32])-[#8:52]-[#1]>>[#6:3]-[#16:2]-[#6:1](=[#8:32])-[#6:31].[#8:52](-[#1])-[#1],"EVODEX.2-P1250,EVODEX.2-P1361,EVODEX.2-P1422,EVODEX.2-P1444,EVODEX.2-P423",112462961073426401968355159958878744049354060974198177724708393399814082274461
EVODEX.2-Dm194,[#6:3]-[#16:2]-[#1].[#6:31]-[#6:1](=[#8:32])-[#8]-[#15]=[#8]>>[#6:3]-[#16:2]-[#6:1](=[#8:32])-[#6:31],"EVODEX.2-P1254,EVODEX.2-P430,EVODEX.2-P434,EVODEX.2-P445,EVODEX.2-P466",59323336609898715705629707787431517352936214035317204865047251204079414575767
EVODEX.2-Dm195,[#6:31]-[#6:1](=[#8:32])-[#8:39]-[#15:40]=[#8:41]>>[#6]-[#16]-[#6:1](=[#8:32])-[#6:31].[#15:40](=[#8:41])-[#8:39]-[#1],"EVODEX.2-P431,EVODEX.2-P436,EVODEX.2-P447,EVODEX.2-P449,EVODEX.2-P454",28368679778437191659066704610291206950588367130137194780463524068706315154834
EVODEX.2-Dm196,[#6:3]-[#16:2]-[#1].[#6:31]-[#6:1](=[#8:32])-[#8:41]-[#15:42]=[#8:43]>>[#6:3]-[#16:2]-[#6:1](=[#8:32])-[#6:31].[#15:42](=[#8:43])-[#8:41]-[#1],"EVODEX.2-P433,EVODEX.2-P438,EVODEX.2-P443,EVODEX.2-P452,EVODEX.2-P465",96533751814978840729558520542132272323378975859182466599889447706230614010851
EVODEX.2-Dm198,[#6:100]-[#16:99]-[#1].[#6:128]-[#6:98](-[#8:97]-[#1])(-[#1])-[#1]>>[#6:100]-[#16:99]-[#6:98](=[#8:97])-[#6:128],"EVODEX.2-P1235,EVODEX.2-P1371,EVODEX.2-P1374,EVODEX.2-P1401,EVODEX.2-P450",112527165009483802380498055116191295213400098922571302189137081511342997661727
EVODEX.2-Dm199,[#6:3]-[#16:2]-[#1].[#6:31]-[#6:1](=[#8:32])-[#8]-[#1]>>[#6:3]-[#16:2]-[#6:1](=[#8:32])-[#6:31],"EVODEX.2-P1253,EVODEX.2-P1266,EVODEX.2-P1394,EVODEX.2-P1404,EVODEX.2-P457",75078904576088930265664753000194736038844674861963514887627012415966364547513
EVODEX.2-Dm201,[#6:2]-[#16:1]-[#6:30](=[#8:32])-[#6:33]>>[#6:2]-[#16:1]-[#1].[#6:33]-[#6:30](=[#8:32])-[#8]-[#15]=[#8],"EVODEX.2-P1541,EVODEX.2-P478,EVODEX.2-P548,EVODEX.2-P576,EVODEX.2-P579",8357788316056999568950109165480045738936877431339485347617758678507895401148
EVODEX.2-Dm203,[#6:2]-[#16:1]-[#6:30](=[#8:32])-[#6:33]>>[#6:2]-[#16:1]-[#1].[#6:33]-[#6:30](=[#8:32])-[#8]-[#1],"EVODEX.2-P1533,EVODEX.2-P1716,EVODEX.2-P1816,EVODEX.2-P2195,EVODEX.2-P480",10467502853784613215536441120127732850663960976450886652220500579010561493352
EVODEX.2-Dm208,[#6]-[#16]-[#6:30](=[#8:32])-[#6:33]>>[#15](=[#8])-[#8]-[#6:30](=[#8:32])-[#6:33],"EVODEX.2-P491,EVODEX.2-P494,EVODEX.2-P562,EVODEX.2-P583,EVODEX.2-P587",23087233170428935180772350229552451991965843503990232020213964171455443652931
EVODEX.2-Dm211,[#6:4](=[#8:6])-[#6:1](=[#6:2](-[#6:35])-[#1:62])-[#1:61]>>[#6:4](=[#8:6])-[#6:1](-[#6:2](-[#6:35])(-[#8]-[#1])-[#1:62])(-[#1:61])-[#1],"EVODEX.2-P1722,EVODEX.2-P2237,EVODEX.2-P2567,EVODEX.2-P497,EVODEX.2-P499",4228357083148171590468469078491427050434201706235635467862294967327278589007
EVODEX.2-Dm212,[#6:4](=[#8:6])-[#6:1](=[#6:2](-[#6:35])-[#1:70])-[#1:69].[#8:3](-[#1])-[#1]>>[#6:4](=[#8:6])-[#6:1](-[#6:2](-[#8:3]-[#1])(-[#6:35])-[#1:70])(-[#1:69])-[#1],"EVODEX.2-P1463,EVODEX.2-P1738,EVODEX.2-P2283,EVODEX.2-P2476,EVODEX.2-P498",46382298956493478299161128239801273392533230728840263484932525496734830689922
EVODEX.2-Dm214,[#6]-[#16]-[#6:30](=[#8:32])-[#6:33].[#15:38](=[#8:40])-[#8:31]-[#1]>>[#6:33]-[#6:30](=[#8:32])-[#8:31]-[#15:38]=[#8:40],"EVODEX.2-P504,EVODEX.2-P547,EVODEX.2-P561,EVODEX.2-P571,EVODEX.2-P584",108258838327242597732194337087715980446569781292281298221207682174299864653746
EVODEX.2-Dm216,[#6:58](=[#8:60])-[#6:55](-[#6:1](=[#8:50])-[#6:51])(-[#1:151])-[#1:152].[#8:57]=[#6:56]=[#8:89]>>[#6:51]-[#6:1](=[#8:50])-[#16]-[#6].[#6:58](=[#8:60])-[#6:55](-[#6:56](=[#8:89])-[#8:57]-[#1])(-[#1:151])-[#1:152],"EVODEX.2-P1004,EVODEX.2-P1274,EVODEX.2-P507,EVODEX.2-P508,EVODEX.2-P519",16221231906776974160408561213444164208346136633475757756352682897802216600149
EVODEX.2-Dm217,[#6:3]-[#16:2]-[#1].[#6:57](=[#8:59])-[#6:54](-[#6:1](=[#8:50])-[#6:51])(-[#1:150])-[#1:151].[#8:56]=[#6:55]=[#8:88]>>[#6:51]-[#6:1](=[#8:50])-[#16:2]-[#6:3].[#6:57](=[#8:59])-[#6:54](-[#6:55](=[#8:88])-[#8:56]-[#1])(-[#1:150])-[#1:151],"EVODEX.2-P1281,EVODEX.2-P1293,EVODEX.2-P509,EVODEX.2-P513,EVODEX.2-P518",18831072387853846311721619294290037473713114668362692622838777348193408070442
EVODEX.2-Dm218,[#6:57](=[#8:59])-[#6:54](-[#6:1](=[#8:50])-[#6:51])(-[#1:150])-[#1:151]>>[#6:51]-[#6:1](=[#8:50])-[#16]-[#6].[#6:57](=[#8:59])-[#6:54](-[#6](=[#8])-[#8])(-[#1:150])-[#1:151],"EVODEX.2-P1005,EVODEX.2-P1238,EVODEX.2-P1332,EVODEX.2-P510,EVODEX.2-P512",39835169011004177730697688906337378614034592198077799158983754704533624788201
EVODEX.2-Dm220,[#6:2]-[#16:1]-[#6:30](=[#8:32])-[#6:33].[#6:40](=[#8:42])-[#6:31](-[#6](=[#8])-[#8])(-[#1:139])-[#1:140]>>[#6:2]-[#16:1]-[#1].[#6:40](=[#8:42])-[#6:31](-[#6:30](=[#8:32])-[#6:33])(-[#1:139])-[#1:140],"EVODEX.2-P1480,EVODEX.2-P1488,EVODEX.2-P523,EVODEX.2-P525,EVODEX.2-P541",48248757778942696220331204400261245384726802726629702661323001566525705941933
EVODEX.2-Dm221,[#6:3]-[#16:2]-[#6:33](=[#8:35])-[#6:36].[#6:31]-[#6:1](=[#8:32])-[#8:34]-[#1]>>[#6:3]-[#16:2]-[#6:1](-[#6:31])=[#8:32].[#8:35]=[#6:33](-[#8:34]-[#1])-[#6:36],"EVODEX.2-P1002,EVODEX.2-P1496,EVODEX.2-P1517,EVODEX.2-P1520,EVODEX.2-P524",85890040022433003377356727895140275719673138900212359973025545990035641480040
EVODEX.2-Dm222,[#6:51]-[#6:49](=[#8:52])-[#16]-[#6].[#6:53](=[#8:55])-[#6:50](-[#6:84](=[#8:86])-[#8:85]-[#1])(-[#1:150])-[#1:151]>>[#6:53](=[#8:55])-[#6:50](-[#6:49](-[#6:51])=[#8:52])(-[#1:150])-[#1:151].[#8:85]=[#6:84]=[#8:86],"EVODEX.2-P1476,EVODEX.2-P1486,EVODEX.2-P526,EVODEX.2-P530,EVODEX.2-P536",49907875257448846110743522570018976261529833213601320801786292862685902027511
EVODEX.2-Dm223,[#6:2]-[#16:1]-[#6:49](=[#8:51])-[#6:52].[#6:58](=[#8:60])-[#6:50](-[#6:89](=[#8:91])-[#8:90]-[#1])(-[#1:159])-[#1:160]>>[#6:2]-[#16:1]-[#1].[#6:58](=[#8:60])-[#6:50](-[#6:49](=[#8:51])-[#6:52])(-[#1:159])-[#1:160].[#8:90]=[#6:89]=[#8:91],"EVODEX.2-P1485,EVODEX.2-P1487,EVODEX.2-P527,EVODEX.2-P535,EVODEX.2-P540",94875555962490168794024896793200758337377905720825677022421397035203466051431
EVODEX.2-Dm225,[#6:51]-[#6:49](=[#8:52])-[#16]-[#6].[#6:59](=[#8:61])-[#6:50](-[#6](=[#8])-[#8])(-[#1:168])-[#1:169]>>[#6:59](=[#8:61])-[#6:50](-[#6:49](=[#8:52])-[#6:51])(-[#1:168])-[#1:169],"EVODEX.2-P1477,EVODEX.2-P1479,EVODEX.2-P1481,EVODEX.2-P1484,EVODEX.2-P537",43990315920291160429911871368356080859361427940147544894176186574071124997175
EVODEX.2-Dm226,[#6:29](=[#8:31])-[#8:28]-[#6](-[#1])(-[#1])-[#1]>>[#6:29](=[#8:31])-[#8:28]-[#1],"EVODEX.2-P2063,EVODEX.2-P543,EVODEX.2-P643,EVODEX.2-P868,EVODEX.2-P901",6003797203654373586308935127040035366494025377971627643978226168019973768941
EVODEX.2-Dm229,[#6:2]-[#16:1]-[#6:30](=[#8:32])-[#6:33].[#8:31](-[#1])-[#1]>>[#6:2]-[#16:1]-[#1].[#6:33]-[#6:30](=[#8:32])-[#8:31]-[#1],"EVODEX.2-P1521,EVODEX.2-P1527,EVODEX.2-P1529,EVODEX.2-P1531,EVODEX.2-P550",28624644281985786095895361838369926726637796265718971990296190298245296733079
EVODEX.2-Dm230,[#6:3](=[#8:5])-[#6:1](-[#6:2](-[#8:41]-[#1])(-[#6:34])-[#1:69])(-[#1:67])-[#1]>>[#6:3](=[#8:5])-[#6:1](=[#6:2](-[#6:34])-[#1:69])-[#1:67].[#8:41](-[#1])-[#1],"EVODEX.2-P1207,EVODEX.2-P1502,EVODEX.2-P2234,EVODEX.2-P2566,EVODEX.2-P552",17254951888666778346455782744673570208636149905994006729329237619663837979942
EVODEX.2-Dm231,[#6:2]-[#16:1]-[#6:30](=[#8:31])-[#6:32].[#6:46](=[#8:48])-[#6:40]1=[#6:45](-[#7:44](-[#6:49])-[#6:43](=[#6:42](-[#6:41]-1(-[#1:151])-[#1])-[#1:150])-[#1:149])-[#1:125]>>[#6:2]-[#16:1]-[#1].[#6:32]-[#6:30](=[#8:31])-[#1].[#6:46](=[#8:48])-[#6:40]1:[#6:41](:[#6:42](:[#6:43](:[#7&+:44](-[#6:49]):[#6:45]:1-[#1:125])-[#1:149])-[#1:150])-[#1:151],"EVODEX.2-P1537,EVODEX.2-P1729,EVODEX.2-P2721,EVODEX.2-P2733,EVODEX.2-P555",2981168741084559638094217724926849276152767446938483348962554971845580264832
EVODEX.2-Dm232,[#6:2]-[#16:1]-[#6:30](=[#8:32])-[#6:33].[#6:41]-[#6:31](-[#7:42])(-[#6](=[#8])-[#8])-[#1:85]>>[#6:2]-[#16:1]-[#1].[#6:41]-[#6:31](-[#7:42])(-[#6:30](=[#8:32])-[#6:33])-[#1:85],"EVODEX.2-P1724,EVODEX.2-P2687,EVODEX.2-P2688,EVODEX.2-P2706,EVODEX.2-P556",54125399933936674294543620418910020699422190582866583451753216590584807116751
EVODEX.2-Dm233,[#6:2]-[#16:1]-[#6:30](=[#8:32])-[#6:33].[#15:40](=[#8:42])-[#8:31]-[#1]>>[#6:2]-[#16:1]-[#1].[#6:33]-[#6:30](=[#8:32])-[#8:31]-[#15:40]=[#8:42],"EVODEX.2-P1199,EVODEX.2-P1817,EVODEX.2-P560,EVODEX.2-P582,EVODEX.2-P590",48413580732341484724947298484144289105242521059935228946452835301160213935505
EVODEX.2-Dm235,[#6:4]-[#6:1](-[#7:5])(-[#1:68])-[#1]>>[#6:4]-[#6:1](-[#7:5])(-[#6](=[#8])-[#8])-[#1:68],"EVODEX.2-P2764,EVODEX.2-P3513,EVODEX.2-P3522,EVODEX.2-P3541,EVODEX.2-P588",10832383277337044079678337993245129237261167249332663371714535446181984029188
EVODEX.2-Dm236,[#6:3]-[#16:1]-[#1].[#6:10]-[#16:2]-[#1].[#6:18]-[#8:17]-[#8:22]-[#1]>>[#6:3]-[#16:1]-[#16:2]-[#6:10].[#6:18]-[#8:17]-[#1].[#8:22](-[#1])-[#1],"EVODEX.2-P2184,EVODEX.2-P2187,EVODEX.2-P2341,EVODEX.2-P594,EVODEX.2-P596",97921532204141114292863578187028149084312903798056136696597522437100939394007
EVODEX.2-Dm237,[#6:3]-[#16:1]-[#1].[#6:10]-[#16:2]-[#1].[#6:18]-[#8:17]-[#8]-[#1]>>[#6:3]-[#16:1]-[#16:2]-[#6:10].[#6:18]-[#8:17]-[#1],"EVODEX.2-P2200,EVODEX.2-P2332,EVODEX.2-P2342,EVODEX.2-P595,EVODEX.2-P597",64662120653465874255836820931627675065612216742366244061916621424051968944851
EVODEX.2-Dm238,[#6:18]-[#8:17]-[#8]-[#1]>>[#6:18]-[#8:17]-[#1],"EVODEX.2-P2185,EVODEX.2-P2189,EVODEX.2-P2201,EVODEX.2-P2343,EVODEX.2-P598",67056055264889852059266485707642822356088990650047025194517009619033352839286
EVODEX.2-Dm239,[#6:2]-[#16:1]-[#16:9]-[#6:10].[#6:19]-[#8:17]-[#1].[#8:18](-[#1])-[#1]>>[#6:2]-[#16:1]-[#1].[#6:10]-[#16:9]-[#1].[#6:19]-[#8:17]-[#8:18]-[#1],"EVODEX.2-P2191,EVODEX.2-P2194,EVODEX.2-P2344,EVODEX.2-P2570,EVODEX.2-P603",98658969310329083918233827305877340252532491287509236590296958334271924117342
EVODEX.2-Dm240,[#6:2]-[#16:1]-[#16:9]-[#6:10].[#6:19]-[#8:17]-[#1]>>[#6:2]-[#16:1]-[#1].[#6:10]-[#16:9]-[#1].[#6:19]-[#8:17]-[#8]-[#1],"EVODEX.2-P1561,EVODEX.2-P2192,EVODEX.2-P2571,EVODEX.2-P604,EVODEX.2-P605",46840093100800862358999977346313567024251690959969424995905768354314888042981
EVODEX.2-Dm241,[#6:4]1:[#6:7]:[#7:5]:[#6:3]:[#7:1]:1-[#1].[#6:18]-[#8:17]-[#15:2](=[#8:14])(-[#8:15])-[#8:16]>>[#6:4]1:[#6:7]:[#7:5]:[#6:3]:[#7:1]:1-[#15:2](=[#8:14])(-[#8:15])-[#8:16].[#6:18]-[#8:17]-[#1],"EVODEX.2-P608,EVODEX.2-P610,EVODEX.2-P612,EVODEX.2-P613,EVODEX.2-P615",92968245230067177170192431073477842391524871849890071543026468042171881749721
EVODEX.2-Dm242,[#6:18]-[#8:17]-[#15:2](=[#8:14])(-[#8:15])-[#8:16]>>[#6]1:[#6]:[#7]:[#6]:[#7]:1-[#15:2](=[#8:14])(-[#8:15])-[#8:16].[#6:18]-[#8:17]-[#1],"EVODEX.2-P609,EVODEX.2-P611,EVODEX.2-P614,EVODEX.2-P616,EVODEX.2-P618",108504077523671780748521968799899779859418820980737038304530939295126087107413
EVODEX.2-Dm243,[#6]-[#6](-[#8:13]-[#15:15]=[#8:16])(-[#1])-[#1].[#8:22]-[#15:14](=[#8:23])(-[#8]-[#1])-[#8:24]>>[#8:22]-[#15:14](=[#8:23])(-[#8:24])-[#8:13]-[#15:15]=[#8:16],"EVODEX.2-P2609,EVODEX.2-P2610,EVODEX.2-P3564,EVODEX.2-P3566,EVODEX.2-P622",25118826648212563782489732751753815131874941905291081919798250280901651186547
EVODEX.2-Dm244,[#8:22]-[#15:21](=[#8:23])(-[#8:24])-[#8:2]-[#15:13]=[#8:14]>>[#6]-[#6](-[#8:2]-[#15:13]=[#8:14])(-[#1])-[#1].[#8:22]-[#15:21](=[#8:23])(-[#8]-[#1])-[#8:24],"EVODEX.2-P2620,EVODEX.2-P2621,EVODEX.2-P2825,EVODEX.2-P3577,EVODEX.2-P623",69886881952968637912835919032837203400518348045656878759120125485412864727384
EVODEX.2-Dm246,[#6:3]-[#6:1](=[#8:4])-[#8:17]-[#1].[#0:16]-[#8:2]-[#1]>>[#0:16]-[#8:2]-[#6:1](=[#8:4])-[#6:3].[#8:17](-[#1])-[#1],"EVODEX.2-P626,EVODEX.2-P628,EVODEX.2-P629,EVODEX.2-P630,EVODEX.2-P632",84804987619442550092456740462375062256675769631143915252737916941950950214146
EVODEX.2-Dm247,[#6:3]-[#6:1](=[#8:4])-[#8:16]-[#1]>>[#0]-[#8]-[#6:1](=[#8:4])-[#6:3].[#8:16](-[#1])-[#1],"EVODEX.2-P1838,EVODEX.2-P3109,EVODEX.2-P3375,EVODEX.2-P631,EVODEX.2-P888",53940625042997894171548802666553687215557470997492440300682151577580446253459
EVODEX.2-Dm248,[#6:3]-[#6:1](-[#8:23]-[#6:24]=[#8:26])(-[#1:42])-[#1:43]>>[#6:3]-[#6:1](-[#8]-[#1])(-[#1:42])-[#1:43].[#6:24](=[#8:26])-[#8:23]-[#1],"EVODEX.2-P2380,EVODEX.2-P2483,EVODEX.2-P2509,EVODEX.2-P3740,EVODEX.2-P635",40401085105303213987561998477580775220968206087064071790131166371611700920955
EVODEX.2-Dm249,[#6:29](=[#8:31])-[#8:28]-[#1]>>[#6:29](=[#8:31])-[#8:28]-[#6](-[#1])(-[#1])-[#1],"EVODEX.2-P2062,EVODEX.2-P2836,EVODEX.2-P642,EVODEX.2-P867,EVODEX.2-P899",76258243124153995439667438847727655081631709643666936858947901670276330601138
EVODEX.2-Dm250,[#6:27](-[#16&+:1](-[#6:2])-[#6:3])(-[#1:50])(-[#1:51])-[#1:52].[#6:29]-[#8:28]-[#1]>>[#6:3]-[#16:1]-[#6:2].[#6:29]-[#8:28]-[#6:27](-[#1:50])(-[#1:51])-[#1:52],"EVODEX.2-P2845,EVODEX.2-P644,EVODEX.2-P648,EVODEX.2-P664,EVODEX.2-P676",24563271286313887360187550423730611937223701641265160768093960603662640800794
EVODEX.2-Dm251,[#6:29]-[#8:28]-[#1]>>[#6:29]-[#8:28]-[#6](-[#1])(-[#1])-[#1],"EVODEX.2-P2284,EVODEX.2-P645,EVODEX.2-P649,EVODEX.2-P677,EVODEX.2-P886",7487319707321849381415161596346416305135968914730396545450423338596141580632
EVODEX.2-Dm252,[#6:3]-[#16:2]-[#6:4].[#6:29]-[#8:28]-[#6:1](-[#1:81])(-[#1:82])-[#1:83]>>[#6:1](-[#16&+:2](-[#6:4])-[#6:3])(-[#1:81])(-[#1:82])-[#1:83].[#6:29]-[#8:28]-[#1],"EVODEX.2-P2182,EVODEX.2-P2285,EVODEX.2-P2846,EVODEX.2-P647,EVODEX.2-P675",89027171174318379186433214922290357641105195346015306631066797944181676259781
EVODEX.2-Dm253,[#6:3]-[#6:1](-[#6:4])(-[#1:58])-[#1].[#6]-[#6](=[#8])-[#6:46](=[#8:48])-[#8:47]-[#1]>>[#6:3]-[#6:1](-[#8]-[#1])(-[#6:4])-[#1:58].[#8:47]=[#6:46]=[#8:48],"EVODEX.2-P3140,EVODEX.2-P3486,EVODEX.2-P3488,EVODEX.2-P651,EVODEX.2-P860",78832859206409403556059708821524086670920412717436892050497585482102600829846
EVODEX.2-Dm255,[#15:4](=[#8:6])-[#8:2]-[#1].[#8:28]-[#15:3](=[#8:29])(-[#8:1]-[#1])-[#8:30]>>[#8:1](-[#1])-[#1].[#15:4](=[#8:6])-[#8:2]-[#15:3](=[#8:29])(-[#8:30])-[#8:28],"EVODEX.2-P3628,EVODEX.2-P3850,EVODEX.2-P656,EVODEX.2-P667,EVODEX.2-P679",93352308795782776605557315057288970631762346860775445468438650540442689012588
EVODEX.2-Dm256,([#6:2]-[#8:1]-[#15:13](=[#8:27])(-[#8:28])-[#8:19].[#6:14]-[#8:12]-[#1])>>[#6:2]-[#8:1]-[#1].[#8:19]-[#15:13](=[#8:27])(-[#8:28])-[#8:12]-[#6:14],"EVODEX.2-P2624,EVODEX.2-P658,EVODEX.2-P659,EVODEX.2-P660,EVODEX.2-P700",47498855940177906786828241573920607803224336833055121886739197289952696916971
EVODEX.2-Dm258,[#6:3]-[#6:1](-[#8:53]-[#15:54]=[#8:55])(-[#1:64])-[#1:65].[#15:22](=[#8:24])-[#8:2]-[#1]>>[#6:3]-[#6:1](-[#8:2]-[#15:22]=[#8:24])(-[#1:64])-[#1:65].[#8:55]=[#15:54]-[#8:53]-[#1],"EVODEX.2-P3682,EVODEX.2-P3731,EVODEX.2-P668,EVODEX.2-P670,EVODEX.2-P678",36992240295350670896212419997598389669489147304606616944515000691084333139843
EVODEX.2-Dm260,[#8:12]-[#15:11](=[#8:13])(-[#8:14])-[#8:1]-[#15:2]=[#8:3]>>[#8:3]=[#15:2]-[#8:1]-[#1].[#8:12]-[#15:11](=[#8:13])(-[#8]-[#1])-[#8:14],"EVODEX.2-P1596,EVODEX.2-P1601,EVODEX.2-P3692,EVODEX.2-P673,EVODEX.2-P674",18230120920495420319670288372791779260194877099969022297022114332044153290895
EVODEX.2-Dm261,[#6:2]-[#6:1](-[#7:3])(-[#6:27](=[#8:29])-[#8:28]-[#1])-[#1:39]>>[#6:2]-[#6:1](-[#7:3])(-[#1:39])-[#1].[#8:28]=[#6:27]=[#8:29],"EVODEX.2-P3356,EVODEX.2-P3365,EVODEX.2-P3385,EVODEX.2-P3477,EVODEX.2-P681",36484444861490000735208181034635176518368514385332044489373897918881670299340
EVODEX.2-Dm262,[#6:4]-[#6:1](-[#7:5])(-[#1:39])-[#1].[#8:3]=[#6:2]=[#8:29]>>[#6:4]-[#6:1](-[#7:5])(-[#6:2](=[#8:29])-[#8:3]-[#1])-[#1:39],"EVODEX.2-P3124,EVODEX.2-P3430,EVODEX.2-P3533,EVODEX.2-P3536,EVODEX.2-P682",2823174338572795548098148512948215091970767733865809003909236947432429673999
EVODEX.2-Dm263,[#6:3]-[#6:1](-[#6:4])(-[#8:8]-[#6:9]=[#8:11])-[#1:14].[#8:2](-[#1])-[#1]>>[#6:3]-[#6:1](-[#8:2]-[#1])(-[#6:4])-[#1:14].[#6:9](=[#8:11])-[#8:8]-[#1],"EVODEX.2-P2286,EVODEX.2-P2525,EVODEX.2-P692,EVODEX.2-P776,EVODEX.2-P792",55375590638913419121845175606879115281165790267594434386051434404722646977133
EVODEX.2-Dm264,[#6:3]-[#6:1](-[#8]-[#15]=[#8])(-[#6:4])-[#1:44].[#8:2](-[#1])-[#1]>>[#6:4]-[#6:1](-[#8:2]-[#1])(-[#6:3])-[#1:44],"EVODEX.2-P1206,EVODEX.2-P2452,EVODEX.2-P3560,EVODEX.2-P3592,EVODEX.2-P695",18584412248974835413563202449211351099645649414287319043494903932105937459696
EVODEX.2-Dm265,[#6:3]-[#6:1](-[#8:11]-[#1])(-[#6:4])-[#1:14].[#6:8](=[#8:10])-[#8:2]-[#1]>>[#6:3]-[#6:1](-[#6:4])(-[#8:2]-[#6:8]=[#8:10])-[#1:14].[#8:11](-[#1])-[#1],"EVODEX.2-P2431,EVODEX.2-P696,EVODEX.2-P703,EVODEX.2-P714,EVODEX.2-P740",49704397367696932025697681299823790013313665230197949327199878065846947999769
EVODEX.2-Dm266,[#6:3]-[#6:1](-[#8]-[#1])(-[#6:4])-[#1:14].[#6:8](=[#8:10])-[#8:2]-[#1]>>[#6:3]-[#6:1](-[#6:4])(-[#8:2]-[#6:8]=[#8:10])-[#1:14],"EVODEX.2-P2336,EVODEX.2-P2784,EVODEX.2-P697,EVODEX.2-P713,EVODEX.2-P728",45913822690968382489924588167821225987478656841287168787460416168836312554958
EVODEX.2-Dm268,[#6:4]-[#6:1](-[#6:3])(-[#8]-[#1])-[#1:74].[#6:24](=[#8:26])-[#8:2]-[#1].[#8]-[#15](=[#8])(-[#8])-[#8:31]-[#15:32]=[#8:33]>>[#6:4]-[#6:1](-[#6:3])(-[#8:2]-[#6:24]=[#8:26])-[#1:74].[#8:33]=[#15:32]-[#8:31]-[#1],"EVODEX.2-P705,EVODEX.2-P709,EVODEX.2-P721,EVODEX.2-P733,EVODEX.2-P747",108119104786406056322677692896562097871195589099093381218582942295852647541827
EVODEX.2-Dm269,[#6:24](=[#8:26])-[#8:2]-[#1].[#8:42]-[#15:41](=[#8:43])(-[#8:44])-[#8:31]-[#15:32]=[#8:33]>>[#6]-[#6](-[#6])(-[#8:2]-[#6:24]=[#8:26])-[#1].[#8:33]=[#15:32]-[#8:31]-[#1].[#8:42]-[#15:41](=[#8:43])(-[#8]-[#1])-[#8:44],"EVODEX.2-P706,EVODEX.2-P716,EVODEX.2-P725,EVODEX.2-P729,EVODEX.2-P731",27156814564398139024214472554843899135907772494896923311751620416970044182243
EVODEX.2-Dm270,[#6:4]-[#6:1](-[#6:3])(-[#8:40]-[#1])-[#1:74].[#6:24](=[#8:26])-[#8:2]-[#1].[#8:42]-[#15:41](=[#8:43])(-[#8:44])-[#8:31]-[#15:32]=[#8:33]>>[#6:4]-[#6:1](-[#6:3])(-[#8:2]-[#6:24]=[#8:26])-[#1:74].[#8:33]=[#15:32]-[#8:31]-[#1].[#8:42]-[#15:41](=[#8:43])(-[#8:40]-[#1])-[#8:44],"EVODEX.2-P712,EVODEX.2-P720,EVODEX.2-P734,EVODEX.2-P736,EVODEX.2-P746",1756613585687094027846951373634384505162863096136350620063515994245938216314
EVODEX.2-Dm271,[#6:4]-[#6:1](-[#6:3])(-[#8:50]-[#1])-[#1:84].[#6:24](=[#8:26])-[#8:2]-[#1].[#8:52]-[#15:51](=[#8:53])(-[#8:54])-[#8]-[#15]=[#8]>>[#6:4]-[#6:1](-[#6:3])(-[#8:2]-[#6:24]=[#8:26])-[#1:84].[#8:52]-[#15:51](=[#8:53])(-[#8:50]-[#1])-[#8:54],"EVODEX.2-P715,EVODEX.2-P724,EVODEX.2-P727,EVODEX.2-P738,EVODEX.2-P743",16222388633092102610936508976787111928545255132464179972415121743126760968995
EVODEX.2-Dm272,[#6:4]-[#6:1](-[#6:3])(-[#8:41]-[#1])-[#1:75].[#6:24](=[#8:26])-[#8:2]-[#1]>>[#6:4]-[#6:1](-[#6:3])(-[#8:2]-[#6:24]=[#8:26])-[#1:75].[#8]-[#15](=[#8])(-[#8:41]-[#1])-[#8],"EVODEX.2-P717,EVODEX.2-P722,EVODEX.2-P732,EVODEX.2-P739,EVODEX.2-P744",29693758055304946589972826636500830077687728824271482295982552877140868097933
EVODEX.2-Dm273,[#6:24](=[#8:26])-[#8:2]-[#1].[#8]-[#15](=[#8])(-[#8])-[#8:32]-[#15:33]=[#8:34]>>[#6]-[#6](-[#6])(-[#8:2]-[#6:24]=[#8:26])-[#1].[#8:34]=[#15:33]-[#8:32]-[#1],"EVODEX.2-P718,EVODEX.2-P730,EVODEX.2-P737,EVODEX.2-P741,EVODEX.2-P745",77333064932002706377239526968802574911629511328937288520567551742908774215809
EVODEX.2-Dm274,[#6:4]-[#6:1](-[#6:3])(-[#8:24]-[#6:25]=[#8:26])-[#1:74].[#15:34](=[#8:36])-[#8:32]-[#1].[#8:56]=[#15:33](-[#8:2]-[#1])(-[#8:57])-[#8:58]>>[#6:4]-[#6:1](-[#6:3])(-[#8:2]-[#1])-[#1:74].[#6:25](=[#8:26])-[#8:24]-[#1].[#15:34](=[#8:36])-[#8:32]-[#15:33](=[#8:56])(-[#8:57])-[#8:58],"EVODEX.2-P750,EVODEX.2-P753,EVODEX.2-P761,EVODEX.2-P769,EVODEX.2-P772",16532550964758070089137357123243317440520447911102927484399988013690120008250
EVODEX.2-Dm276,[#6]-[#6](-[#6])(-[#8:24]-[#6:25]=[#8:26])-[#1].[#15:34](=[#8:36])-[#8:32]-[#1]>>[#6:25](=[#8:26])-[#8:24]-[#1].[#15:34](=[#8:36])-[#8:32]-[#15](=[#8])(-[#8])-[#8],"EVODEX.2-P752,EVODEX.2-P755,EVODEX.2-P778,EVODEX.2-P780,EVODEX.2-P790",12128674522171572672237273638659645182837421568358424938784612091765984135431
EVODEX.2-Dm277,[#6]-[#6](-[#6])(-[#8:24]-[#6:25]=[#8:26])-[#1].[#15:34](=[#8:36])-[#8:32]-[#1].[#8:56]=[#15:33](-[#8]-[#1])(-[#8:57])-[#8:58]>>[#6:25](=[#8:26])-[#8:24]-[#1].[#15:34](=[#8:36])-[#8:32]-[#15:33](=[#8:56])(-[#8:57])-[#8:58],"EVODEX.2-P756,EVODEX.2-P762,EVODEX.2-P773,EVODEX.2-P781,EVODEX.2-P785",70166528470348042456094926053753977342600114353336214572381310148237666234171
EVODEX.2-Dm278,[#6:4]-[#6:1](-[#6:3])(-[#8:24]-[#6:25]=[#8:26])-[#1:75].[#8]=[#15](-[#8:2]-[#1])(-[#8])-[#8]>>[#6:4]-[#6:1](-[#6:3])(-[#8:2]-[#1])-[#1:75].[#6:25](=[#8:26])-[#8:24]-[#1],"EVODEX.2-P758,EVODEX.2-P763,EVODEX.2-P775,EVODEX.2-P782,EVODEX.2-P793",21751197065774172441028090087374107829663324862589585538559274862739724361426
EVODEX.2-Dm279,[#6:4]-[#6:1](-[#6:3])(-[#8:24]-[#6:25]=[#8:26])-[#1:75].[#15:35](=[#8:37])-[#8:33]-[#1]>>[#6:4]-[#6:1](-[#6:3])(-[#8]-[#1])-[#1:75].[#6:25](=[#8:26])-[#8:24]-[#1].[#15:35](=[#8:37])-[#8:33]-[#15](=[#8])(-[#8])-[#8],"EVODEX.2-P759,EVODEX.2-P770,EVODEX.2-P783,EVODEX.2-P787,EVODEX.2-P788",19699803075639413060200152020726672353048130233402962761882209639603771502702
EVODEX.2-Dm280,[#6:3]-[#6:1](=[#8:4])-[#8:36]-[#1].[#8:38]-[#15:37](=[#8:39])(-[#8:40])-[#8:2]-[#15:32]=[#8:33]>>[#6:3]-[#6:1](=[#8:4])-[#8:2]-[#15:32]=[#8:33].[#8:38]-[#15:37](=[#8:39])(-[#8:36]-[#1])-[#8:40],"EVODEX.2-P2675,EVODEX.2-P3482,EVODEX.2-P3719,EVODEX.2-P3729,EVODEX.2-P760",578453260159588973805211745616458140432388500722483519146084288907906554039
EVODEX.2-Dm281,[#6:4]-[#6:1](-[#6:3])(-[#8:24]-[#6:25]=[#8:26])-[#1:75]>>[#6:4]-[#6:1](-[#6:3])(-[#8]-[#1])-[#1:75].[#6:25](=[#8:26])-[#8:24]-[#1],"EVODEX.2-P1061,EVODEX.2-P2437,EVODEX.2-P2703,EVODEX.2-P2789,EVODEX.2-P764",20712518350534820918088949891894492018153758216215757662143806817621651225689
EVODEX.2-Dm282,[#6:4]-[#6:1](-[#6:3])(-[#8:24]-[#6:25]=[#8:26])-[#1:76].[#8:58]=[#15:35](-[#8:2]-[#1])(-[#8:59])-[#8:60]>>[#6:4]-[#6:1](-[#6:3])(-[#8:2]-[#1])-[#1:76].[#6:25](=[#8:26])-[#8:24]-[#1].[#15](=[#8])-[#8]-[#15:35](=[#8:58])(-[#8:59])-[#8:60],"EVODEX.2-P765,EVODEX.2-P768,EVODEX.2-P779,EVODEX.2-P789,EVODEX.2-P795",58332242736830916802710168202103253593006853961994035122797763389863463304399
EVODEX.2-Dm287,[#6:3]-[#6:1](=[#8:4])-[#7:18](-[#6:19])-[#1]>>[#6:3]-[#6:1](=[#8:4])-[#8]-[#1].[#7:18](-[#6:19])(-[#1])-[#1],"EVODEX.2-P1040,EVODEX.2-P1926,EVODEX.2-P2204,EVODEX.2-P3443,EVODEX.2-P799",79596132426590414460896235046590803619680393208457234291812208240321733550358
EVODEX.2-Dm288,[#6:11]-[#7:2](-[#1])-[#1].[#8:25]-[#15:24](=[#8:26])(-[#8:27])-[#8:18]-[#15:19]=[#8:20]>>[#6:11]-[#7:2](-[#6](=[#8])-[#6])-[#1].[#8:20]=[#15:19]-[#8:18]-[#1].[#8:25]-[#15:24](=[#8:26])(-[#8]-[#1])-[#8:27],"EVODEX.2-P2762,EVODEX.2-P3306,EVODEX.2-P3309,EVODEX.2-P3311,EVODEX.2-P805",46611131710130365509393081900316003628716271892714314267389045063162102367193
EVODEX.2-Dm289,[#6:3]-[#16:2]-[#6:4].[#6:30](=[#6:29](-[#6:31])-[#6:28](-[#6:1](-[#1:85])(-[#1:86])-[#1:87])(-[#6:32])-[#1:84])(-[#1:79])-[#1:80]>>[#6:1](-[#16&+:2](-[#6:4])-[#6:3])(-[#1:85])(-[#1:86])-[#1:87].[#6:32]-[#6:28](=[#6:29](-[#6:30](-[#1:79])(-[#1:80])-[#1])-[#6:31])-[#1:84],"EVODEX.2-P810,EVODEX.2-P814,EVODEX.2-P874,EVODEX.2-P877,EVODEX.2-P880",65893442917445944746049499469856972366511262124274706175468001345688362062117
EVODEX.2-Dm293,[#6:30](=[#6:29](-[#6:31])-[#6:28](-[#6:1](-[#1:84])(-[#1:85])-[#1:86])(-[#6:32])-[#1:83])(-[#1:78])-[#1:79]>>[#6:1](-[#16&+](-[#6])-[#6])(-[#1:84])(-[#1:85])-[#1:86].[#6:30](-[#6:29](-[#6:31])=[#6:28](-[#6:32])-[#1:83])(-[#1:78])(-[#1:79])-[#1],"EVODEX.2-P816,EVODEX.2-P817,EVODEX.2-P840,EVODEX.2-P876,EVODEX.2-P878",28103479754066968933935234104753642902183657994712696749961310079920047504522
EVODEX.2-Dm294,([#6:3]-[#8:2]-[#1].[#6:9]-[#6:1](=[#8:12])-[#8:13]-[#1])>>[#6:3]-[#8:2]-[#6:1](=[#8:12])-[#6:9].[#8:13](-[#1])-[#1],"EVODEX.2-P1929,EVODEX.2-P1930,EVODEX.2-P1981,EVODEX.2-P3785,EVODEX.2-P818",65699561723779898042764098169085350215787764961214103072494976869137866690831
EVODEX.2-Dm295,([#6:3]-[#8:2]-[#1].[#6:9]-[#6:1](=[#8:12])-[#8]-[#1])>>[#6:3]-[#8:2]-[#6:1](=[#8:12])-[#6:9],"EVODEX.2-P1961,EVODEX.2-P2088,EVODEX.2-P2466,EVODEX.2-P3784,EVODEX.2-P819",57797379268820896182064776372571865746331390453252683007482444045208468323354
EVODEX.2-Dm296,[#6:3]-[#6:1](=[#8:2])-[#6:4]>>[#6:3]-[#6:1](-[#8:2]-[#1])(-[#6:4])-[#1],"EVODEX.2-P1752,EVODEX.2-P1949,EVODEX.2-P2031,EVODEX.2-P820,EVODEX.2-P998",107097420777248083802390982694167156687044516505244249913996903386201589571974
EVODEX.2-Dm297,[#6:3](-[#8:2]-[#1])-[#6:1](-[#8:12]-[#1])(-[#6:9])-[#1:27]>>[#6:3]1-[#8:2]-[#6:1]-1(-[#6:9])-[#1:27].[#8:12](-[#1])-[#1],"EVODEX.2-P2154,EVODEX.2-P2345,EVODEX.2-P2347,EVODEX.2-P3872,EVODEX.2-P821",37966082801644874820123653457906375785982203020944713961704751708801725532235
EVODEX.2-Dm298,[#6:3](-[#8:2]-[#1])-[#6:1](-[#8]-[#1])(-[#6:9])-[#1:27]>>[#6:3]1-[#8:2]-[#6:1]-1(-[#6:9])-[#1:27],"EVODEX.2-P2346,EVODEX.2-P2348,EVODEX.2-P3871,EVODEX.2-P3873,EVODEX.2-P822",96101200969768707389746085893443969115117814555573122610575740328555716404352
EVODEX.2-Dm302,[#6:9]-[#6:3](-[#6:1](-[#6:4])=[#8:5])(-[#1:76])-[#1:77].[#8:61]=[#8:2]>>[#6:9]-[#6:3](-[#8:2]-[#6:1](-[#6:4])=[#8:5])(-[#1:76])-[#1:77].[#8:61](-[#1])-[#1],"EVODEX.2-P2254,EVODEX.2-P2256,EVODEX.2-P2258,EVODEX.2-P3193,EVODEX.2-P826",76941834345305812181899783592195850140237850207865764873467061331824742034258
EVODEX.2-Dm303,[#6:9]-[#6:3](-[#6:1](-[#6:4])=[#8:5])(-[#1:76])-[#1:77].[#6:19](=[#8:21])-[#6:13]1=[#6:18](-[#7:17](-[#6:22])-[#6:16](=[#6:15](-[#6:14]-1(-[#1:106])-[#1])-[#1:105])-[#1:104])-[#1:80]>>[#6:9]-[#6:3](-[#8]-[#6:1](-[#6:4])=[#8:5])(-[#1:76])-[#1:77].[#6:19](=[#8:21])-[#6:13]1:[#6:14](:[#6:15](:[#6:16](:[#7&+:17](-[#6:22]):[#6:18]:1-[#1:80])-[#1:104])-[#1:105])-[#1:106],"EVODEX.2-P1009,EVODEX.2-P1016,EVODEX.2-P2257,EVODEX.2-P2259,EVODEX.2-P827",6501201162263580324898102428979736475075749697299113381347089461686303173872
EVODEX.2-Dm304,[#6:3]-[#6:1](=[#8:4])-[#8]-[#1].[#8:2](-[#1])-[#1].[#8]-[#15](=[#8])(-[#8])-[#8:16]-[#15:17]=[#8:18]>>[#6:3]-[#6:1](=[#8:4])-[#8:2]-[#1].[#8:18]=[#15:17]-[#8:16]-[#1],"EVODEX.2-P1689,EVODEX.2-P1709,EVODEX.2-P3410,EVODEX.2-P828,EVODEX.2-P835",92649555540989855666325519879115661855393676562188954161764590334668126306636
EVODEX.2-Dm307,[#6:3]-[#6:1](=[#8:4])-[#8:15]-[#1]>>[#6:3]-[#6:1](=[#8:4])-[#8]-[#1].[#8]-[#15](=[#8])(-[#8:15]-[#1])-[#8],"EVODEX.2-P1711,EVODEX.2-P2778,EVODEX.2-P2903,EVODEX.2-P3367,EVODEX.2-P837",20104543778909133586715377597744982093338029898618063048350255759944035330097
EVODEX.2-Dm308,[#6:2]-[#6:1](-[#8:74]-[#1])(-[#6:3])-[#1:98].[#6:32](=[#8:34])-[#6:26]1:[#6:31](:[#6:30](:[#6:29](:[#7&+:28](-[#6:35]):[#6:27]:1-[#1:138])-[#1:114])-[#1:113])-[#1:112].[#8:75](-[#1])-[#1]>>[#6:2]-[#6:1](-[#6:3])(-[#1:98])-[#1].[#6:32](=[#8:34])-[#6:26]1=[#6:27](-[#7:28](-[#6:35])-[#6:29](=[#6:30](-[#6:31]-1(-[#1:112])-[#1])-[#1:113])-[#1:114])-[#1:138].[#8:74]=[#8:75],"EVODEX.2-P1736,EVODEX.2-P2019,EVODEX.2-P2027,EVODEX.2-P2723,EVODEX.2-P848",65616466018660460707817040728107724437608689965838775533967615711362681747808
EVODEX.2-Dm309,[#6:2]-[#6:1](-[#8:74]-[#1])(-[#6:3])-[#1:98].[#8:75](-[#1])-[#1]>>[#6:2]-[#6:1](-[#6:3])(-[#1:98])-[#1].[#8:74]=[#8:75],"EVODEX.2-P1936,EVODEX.2-P2021,EVODEX.2-P2564,EVODEX.2-P2599,EVODEX.2-P849",46265218400202860493717125107898995810887394632013473221457749296402482549370
EVODEX.2-Dm310,[#6:2]-[#6:1](-[#8]-[#1])(-[#6:3])-[#1:98].[#6:32](=[#8:34])-[#6:26]1:[#6:31](:[#6:30](:[#6:29](:[#7&+:28](-[#6:35]):[#6:27]:1-[#1:138])-[#1:114])-[#1:113])-[#1:112]>>[#6:2]-[#6:1](-[#6:3])(-[#1:98])-[#1].[#6:32](=[#8:34])-[#6:26]1=[#6:27](-[#7:28](-[#6:35])-[#6:29](=[#6:30](-[#6:31]-1(-[#1:112])-[#1])-[#1:113])-[#1:114])-[#1:138],"EVODEX.2-P1952,EVODEX.2-P2158,EVODEX.2-P2724,EVODEX.2-P2891,EVODEX.2-P851",16202730461570615383932026956752440366921327004426531152615951207959338423686
EVODEX.2-Dm311,[#6:3]-[#6:1](-[#6:4])(-[#1:98])-[#1].[#6:33](=[#8:35])-[#6:27]1=[#6:32](-[#7:31](-[#6:36])-[#6:30](=[#6:29](-[#6:28]-1(-[#1:138])-[#1])-[#1:137])-[#1:136])-[#1:112].[#8:2]=[#8:75]>>[#6:3]-[#6:1](-[#8:2]-[#1])(-[#6:4])-[#1:98].[#6:33](=[#8:35])-[#6:27]1:[#6:28](:[#6:29](:[#6:30](:[#7&+:31](-[#6:36]):[#6:32]:1-[#1:112])-[#1:136])-[#1:137])-[#1:138].[#8:75](-[#1])-[#1],"EVODEX.2-P1963,EVODEX.2-P2015,EVODEX.2-P2159,EVODEX.2-P2727,EVODEX.2-P852",16816273698977404016570901642412947711351432270701324428736533522381704024475
EVODEX.2-Dm312,[#6:3]-[#6:1](-[#6:4])(-[#1:98])-[#1].[#6:33](=[#8:35])-[#6:27]1=[#6:32](-[#7:31](-[#6:36])-[#6:30](=[#6:29](-[#6:28]-1(-[#1:138])-[#1])-[#1:137])-[#1:136])-[#1:112]>>[#6:3]-[#6:1](-[#8]-[#1])(-[#6:4])-[#1:98].[#6:33](=[#8:35])-[#6:27]1:[#6:28](:[#6:29](:[#6:30](:[#7&+:31](-[#6:36]):[#6:32]:1-[#1:112])-[#1:136])-[#1:137])-[#1:138],"EVODEX.2-P2016,EVODEX.2-P2162,EVODEX.2-P2169,EVODEX.2-P2729,EVODEX.2-P853",85980952897032263927325169353728933763538935886112515715373517348489533301507
EVODEX.2-Dm313,[#6:3]-[#6:1](-[#1:50])(-[#1:51])-[#1]>>[#6:3]-[#6:1](-[#8]-[#1])(-[#1:50])-[#1:51],"EVODEX.2-P1564,EVODEX.2-P2106,EVODEX.2-P2110,EVODEX.2-P2197,EVODEX.2-P855",66941863077176758523076993703477283754652075819230444061994202224142115580853
EVODEX.2-Dm314,[#6:13]-[#6:11](=[#8])-[#1:57]>>[#6:13]-[#6:11](-[#8]-[#1])(-[#1:57])-[#1],"EVODEX.2-P2038,EVODEX.2-P2039,EVODEX.2-P3174,EVODEX.2-P3437,EVODEX.2-P856",95006850840548232705553638244190727187356753586600461766847586953704529192991
EVODEX.2-Dm315,[#6:2]-[#6:1](-[#8]-[#1])(-[#6:3])-[#1:53].[#8:28]=[#6:25](-[#8]-[#1])-[#6:29]>>[#6:2]-[#6:1](-[#6:3])(-[#1:53])-[#1].[#6:29]-[#6:25](=[#8:28])-[#6](=[#8])-[#8],"EVODEX.2-P1991,EVODEX.2-P3133,EVODEX.2-P3810,EVODEX.2-P3820,EVODEX.2-P861",34027049768520883355739785965016170273350404297750453624324382884711956194087
EVODEX.2-Dm316,[#6:2]-[#6:1](-[#8]-[#1])(-[#1:49])-[#1:50]>>[#6:2]-[#6:1](-[#1:49])(-[#1:50])-[#1],"EVODEX.2-P1559,EVODEX.2-P1824,EVODEX.2-P1825,EVODEX.2-P3264,EVODEX.2-P863",91535658025142208378320488900364007705844841179481418659861927590799211477967
EVODEX.2-Dm317,[#6:2]-[#6:1](-[#8]-[#1])(-[#6:3])-[#1:52].[#8:26]=[#6:25]=[#8:33]>>[#6:2]-[#6:1](-[#6:3])(-[#1:52])-[#1].[#6]-[#6](=[#8])-[#6:25](=[#8:33])-[#8:26]-[#1],"EVODEX.2-P1017,EVODEX.2-P2429,EVODEX.2-P3453,EVODEX.2-P3817,EVODEX.2-P865",96061058406206263226950405345312408891316970065525758383770502057316356442511
EVODEX.2-Dm318,[#6:38](=[#8:40])-[#8:37]-[#6:1](-[#8:3])(-[#6:4])-[#1:83].[#15:13](=[#8:15])-[#8:2]-[#1]>>[#15:13](=[#8:15])-[#8:2]-[#6:1](-[#8:3])(-[#6:4])-[#1:83].[#6:38](=[#8:40])-[#8:37]-[#1],"EVODEX.2-P1794,EVODEX.2-P1799,EVODEX.2-P3782,EVODEX.2-P869,EVODEX.2-P898",5849931177516037167893519150768034227121666214629740249678593893438589505016
EVODEX.2-Dm319,[#6:38](=[#8:40])-[#8:37]-[#6:1](-[#8:3])(-[#6:4])-[#1:105]>>[#15](=[#8])-[#8]-[#6:1](-[#8:3])(-[#6:4])-[#1:105].[#6:38](=[#8:40])-[#8:37]-[#1],"EVODEX.2-P1796,EVODEX.2-P1798,EVODEX.2-P1958,EVODEX.2-P1959,EVODEX.2-P871",114436714695928767563153080659812905621093959825923547605844516171463027980028
EVODEX.2-Dm320,[#6:30](-[#16&+](-[#6])-[#6])(-[#1:58])(-[#1:59])-[#1:60].[#6:31]-[#6:29](=[#6:28](-[#6:27](-[#1:125])(-[#1:126])-[#1])-[#6:57])-[#1:124]>>[#6:31]-[#6:29](-[#6:30](-[#1:58])(-[#1:59])-[#1:60])(-[#6:28](=[#6:27](-[#1:125])-[#1:126])-[#6:57])-[#1:124],"EVODEX.2-P1593,EVODEX.2-P1603,EVODEX.2-P1606,EVODEX.2-P1613,EVODEX.2-P883",27758365475848669568958405224084348093733585583775368494584707547094511553838
EVODEX.2-Dm321,[#6:2]-[#6:1](=[#8])-[#8:3]>>[#6:2]-[#6:1](-[#8:3])(-[#1])-[#1],"EVODEX.2-P2296,EVODEX.2-P3152,EVODEX.2-P3164,EVODEX.2-P3166,EVODEX.2-P887",37075968782416967291622166932321084040580177301573375718111056722130819701038
EVODEX.2-Dm322,[#6:3]-[#6:1](=[#8:4])-[#8]-[#1].[#8:73]=[#15:46](-[#8:2]-[#1])(-[#8:74])-[#8:75]>>[#6:3]-[#6:1](=[#8:4])-[#8:2]-[#1].[#15](=[#8])-[#8]-[#15:46](=[#8:73])(-[#8:74])-[#8:75],"EVODEX.2-P1835,EVODEX.2-P1840,EVODEX.2-P3291,EVODEX.2-P889,EVODEX.2-P892",107797017756274855563260529989408769302518408745232275327905140423636547983512
EVODEX.2-Dm323,[#8:3]-[#6:1](-[#8:56]-[#15:57]=[#8:58])(-[#6:4])-[#1:83].[#6:14](=[#8:16])-[#8:2]-[#1]>>[#6:14](=[#8:16])-[#8:2]-[#6:1](-[#8:3])(-[#6:4])-[#1:83].[#15:57](=[#8:58])-[#8:56]-[#1],"EVODEX.2-P1777,EVODEX.2-P1956,EVODEX.2-P1957,EVODEX.2-P890,EVODEX.2-P893",82375171019021215243933251143246672735432031151781291445858768027301138754382
EVODEX.2-Dm324,[#8:3]-[#6:1](-[#8]-[#15]=[#8])(-[#6:4])-[#1:95].[#6:14](=[#8:16])-[#8:2]-[#1]>>[#6:14](=[#8:16])-[#8:2]-[#6:1](-[#8:3])(-[#6:4])-[#1:95],"EVODEX.2-P1785,EVODEX.2-P1786,EVODEX.2-P1791,EVODEX.2-P894,EVODEX.2-P896",115497111756407915720024254160163344156056112105941242660147097185863947695335
EVODEX.2-Dm325,[#6:39](=[#8:41])-[#8:38]-[#6](-[#8])(-[#6])-[#1]>>[#6:39](=[#8:41])-[#8:38]-[#1],"EVODEX.2-P1793,EVODEX.2-P1795,EVODEX.2-P1797,EVODEX.2-P2855,EVODEX.2-P895",51831093073347217549871295599852304683303120390613787506913462967450148559894
EVODEX.2-Dm326,[#6:3]-[#6:1](=[#8:4])-[#8:73]-[#1].[#8:2](-[#1])-[#1]>>[#6:3]-[#6:1](=[#8:4])-[#8:2]-[#1].[#8]-[#15](=[#8])(-[#8:73]-[#1])-[#8],"EVODEX.2-P1742,EVODEX.2-P1746,EVODEX.2-P1831,EVODEX.2-P3700,EVODEX.2-P897",55663976614288661754292760560676362932745125693661033263079366571627411225710
EVODEX.2-Dm327,[#6:27](-[#16&+](-[#6])-[#6])(-[#1:65])(-[#1:66])-[#1:67].[#6:32]1:[#6:30]:[#6:29](-[#8:28]-[#1]):[#6:31]:[#6:34]:[#6:36]:1>>[#6:32]1:[#6:30]:[#6:29](-[#8:28]-[#6:27](-[#1:65])(-[#1:66])-[#1:67]):[#6:31]:[#6:34]:[#6:36]:1,"EVODEX.2-P1969,EVODEX.2-P2883,EVODEX.2-P2951,EVODEX.2-P902,EVODEX.2-P904",74044971405483438581182811187336698930926174381410870869347266008720999354774
EVODEX.2-Dm328,[#6:32]1:[#6:30]:[#6:29](-[#8:28]-[#1]):[#6:31]:[#6:34]:[#6:36]:1>>[#6:32]1:[#6:30]:[#6:29](-[#8:28]-[#6](-[#1])(-[#1])-[#1]):[#6:31]:[#6:34]:[#6:36]:1,"EVODEX.2-P1970,EVODEX.2-P1971,EVODEX.2-P2174,EVODEX.2-P2952,EVODEX.2-P903",106525745255237858431745515237148751297721407942352940598324370212209813211500
EVODEX.2-Dm329,[#6:32]1:[#6:30]:[#6:29](-[#8:28]-[#6:1](-[#1:115])(-[#1:116])-[#1:117]):[#6:31]:[#6:34]:[#6:36]:1>>[#6:1](-[#16&+](-[#6])-[#6])(-[#1:115])(-[#1:116])-[#1:117].[#6:32]1:[#6:30]:[#6:29](-[#8:28]-[#1]):[#6:31]:[#6:34]:[#6:36]:1,"EVODEX.2-P2175,EVODEX.2-P2178,EVODEX.2-P2876,EVODEX.2-P2885,EVODEX.2-P905",115251501126234067472616715047629513694405359861517827006517212107566589180358
EVODEX.2-Dm330,[#6:3]-[#16:2]-[#6:4].[#6:32]1:[#6:30]:[#6:29](-[#8:28]-[#6:1](-[#1:116])(-[#1:117])-[#1:118]):[#6:31]:[#6:34]:[#6:36]:1>>[#6:1](-[#16&+:2](-[#6:4])-[#6:3])(-[#1:116])(-[#1:117])-[#1:118].[#6:32]1:[#6:30]:[#6:29](-[#8:28]-[#1]):[#6:31]:[#6:34]:[#6:36]:1,"EVODEX.2-P2176,EVODEX.2-P2870,EVODEX.2-P2874,EVODEX.2-P2882,EVODEX.2-P906",1506604066429321705324942690940406611705126001268151537068013397606708886708
EVODEX.2-Dm331,[#6:32]1:[#6:30]:[#6:29](-[#8:28]-[#6](-[#1])(-[#1])-[#1]):[#6:31]:[#6:34]:[#6:36]:1>>[#6:32]1:[#6:30]:[#6:29](-[#8:28]-[#1]):[#6:31]:[#6:34]:[#6:36]:1,"EVODEX.2-P2177,EVODEX.2-P2871,EVODEX.2-P2875,EVODEX.2-P2884,EVODEX.2-P907",113090808868490873160082147814148656359260065427815489927815550204537801076918
EVODEX.2-Dm332,[#8:3]-[#6:1](-[#8]-[#1])(-[#6:4])-[#1:36].[#6:21]1:[#7:22]:[#6:20]:[#7:17]:[#6:15]2:[#7:2](:[#6:16]:[#7:19]:[#6:18]:1:2)-[#1]>>[#6:21]1:[#7:22]:[#6:20]:[#7:17]:[#6:15]2:[#6:18]:1:[#7:19]:[#6:16]:[#7:2]:2-[#6:1](-[#8:3])(-[#6:4])-[#1:36],"EVODEX.2-P1622,EVODEX.2-P3614,EVODEX.2-P3615,EVODEX.2-P3617,EVODEX.2-P912",5383867112310470575232032647800992671928534638913286828327053730281906443703
EVODEX.2-Dm333,[#6:2](=[#6:4])-[#6:1](-[#8:77]-[#1])(-[#1:98])-[#1:99].[#8:78](-[#1])-[#1]>>[#6:1](-[#6:2]=[#6:4])(-[#1:98])(-[#1:99])-[#1].[#8:77]=[#8:78],"EVODEX.2-P1594,EVODEX.2-P1623,EVODEX.2-P1624,EVODEX.2-P914,EVODEX.2-P915",113907209509790722808236120323889475182645987337133719737425656650426310822009
EVODEX.2-Dm334,[#6:3]-[#6:1](=[#7:7]-[#1])-[#6:4]=[#8:5]>>[#6:3]-[#6:1](=[#8])-[#6:4]=[#8:5].[#7:7](-[#1])(-[#1])-[#1],"EVODEX.2-P3361,EVODEX.2-P3377,EVODEX.2-P3484,EVODEX.2-P917,EVODEX.2-P997",73741118259347952591342479266288299092838503690061966734739008964673665965023
EVODEX.2-Dm335,[#6:51](-[#6:52](=[#8:54])-[#16:1]-[#6:2])(-[#1:59])(-[#1:60])-[#1].[#6:55]-[#6:50](=[#8:49])-[#6:56]=[#8:57].[#8:53](-[#1])-[#1]>>[#6:2]-[#16:1]-[#1].[#6:55]-[#6:50](-[#8:49]-[#1])(-[#6:51](-[#6:52](=[#8:54])-[#8:53]-[#1])(-[#1:59])-[#1:60])-[#6:56]=[#8:57],"EVODEX.2-P1147,EVODEX.2-P1155,EVODEX.2-P1185,EVODEX.2-P1193,EVODEX.2-P919",15740627249637226374588602442033235410021057684799235577951016614012935085035
EVODEX.2-Dm336,[#6:10]-[#6:8](-[#6:11])=[#7]-[#8]>>[#6:10]-[#6:8](-[#6:11])=[#8],"EVODEX.2-P1894,EVODEX.2-P2010,EVODEX.2-P2101,EVODEX.2-P3229,EVODEX.2-P920",16556625160858582069365410582613669194201665241879292840363452504295345110683
EVODEX.2-Dm337,[#6:9]-[#6:7](-[#7](-[#1])-[#1])(-[#6:10]=[#8:13])-[#1]>>[#6:9]-[#6:7](=[#8])-[#6:10]=[#8:13],"EVODEX.2-P2054,EVODEX.2-P3379,EVODEX.2-P921,EVODEX.2-P959,EVODEX.2-P974",42886867498775620614439265537366054649120719247666694277545682561603852236941
EVODEX.2-Dm339,[#6:18](=[#8:20])-[#6:12]1=[#6:17](-[#7:16](-[#6:21])-[#6:15](=[#6:14](-[#6:13]-1(-[#1:84])-[#1])-[#1:83])-[#1:82])-[#1:59].[#6:3]-[#6:1](=[#8:56])-[#6:4]=[#8:5].[#6:7]-[#7:2](-[#1])-[#1]>>[#6:3]-[#6:1](-[#7:2](-[#6:7])-[#1])(-[#6:4]=[#8:5])-[#1].[#6:18](=[#8:20])-[#6:12]1:[#6:13](:[#6:14](:[#6:15](:[#7&+:16](-[#6:21]):[#6:17]:1-[#1:59])-[#1:82])-[#1:83])-[#1:84].[#8:56](-[#1])-[#1],"EVODEX.2-P3146,EVODEX.2-P3153,EVODEX.2-P925,EVODEX.2-P935,EVODEX.2-P942",49660745842642936169425845650020342375048013453567596477670471032078867105532
EVODEX.2-Dm340,[#6:18](=[#8:20])-[#6:12]1=[#6:17](-[#7:16](-[#6:21])-[#6:15](=[#6:14](-[#6:13]-1(-[#1:84])-[#1])-[#1:83])-[#1:82])-[#1:59].[#6:7]-[#7:2](-[#1])-[#1]>>[#6]-[#6](-[#7:2](-[#6:7])-[#1])(-[#6]=[#8])-[#1].[#6:18](=[#8:20])-[#6:12]1:[#6:13](:[#6:14](:[#6:15](:[#7&+:16](-[#6:21]):[#6:17]:1-[#1:59])-[#1:82])-[#1:83])-[#1:84],"EVODEX.2-P926,EVODEX.2-P940,EVODEX.2-P943,EVODEX.2-P946,EVODEX.2-P951",20516159593487718508029211502627235179819198124081597589716677609764806677355
EVODEX.2-Dm341,[#6:3]-[#6:1](=[#8])-[#6:4]=[#8:5].[#6:7]-[#7:2](-[#1])-[#1]>>[#6:3]-[#6:1](-[#7:2](-[#6:7])-[#1])(-[#6:4]=[#8:5])-[#1],"EVODEX.2-P3148,EVODEX.2-P3150,EVODEX.2-P3155,EVODEX.2-P927,EVODEX.2-P952",4577429213220542769396267463616184192747199718834798295686085161084197694447
EVODEX.2-Dm342,[#6:7]-[#7:2](-[#1])-[#1]>>[#6]-[#6](-[#7:2](-[#6:7])-[#1])(-[#6]=[#8])-[#1],"EVODEX.2-P928,EVODEX.2-P936,EVODEX.2-P945,EVODEX.2-P948,EVODEX.2-P950",48754839208248679280166186915244555501907920185884013930679981369829147953020
EVODEX.2-Dm343,[#6:1](-[#6:4](=[#8:5])-[#6:6]=[#8:7])(-[#1:10])(-[#1:11])-[#1].[#6:9]-[#6:2](=[#8:3])-[#1:17]>>[#6:9]-[#6:2](-[#8:3]-[#1])(-[#6:1](-[#6:4](=[#8:5])-[#6:6]=[#8:7])(-[#1:10])-[#1:11])-[#1:17],"EVODEX.2-P929,EVODEX.2-P983,EVODEX.2-P985,EVODEX.2-P986,EVODEX.2-P989",33840508448294132171988405585349547570679034816111246026755565431799665481850
EVODEX.2-Dm344,[#6:9]-[#6:2](=[#8:3])-[#1:17]>>[#6:9]-[#6:2](-[#8:3]-[#1])(-[#6](-[#6](=[#8])-[#6]=[#8])(-[#1])-[#1])-[#1:17],"EVODEX.2-P930,EVODEX.2-P932,EVODEX.2-P984,EVODEX.2-P987,EVODEX.2-P988",22565647342294930050981293499024563685799905899460031614935443876247779338092
EVODEX.2-Dm346,[#6:20](=[#8:22])-[#6:14]1=[#6:19](-[#7:18](-[#6:23])-[#6:17](=[#6:16](-[#6:15]-1(-[#1:86])-[#1])-[#1:85])-[#1:84])-[#1:61].[#6:3]-[#6:1](=[#8])-[#6:4]=[#8:5].[#6:7]-[#7:2](-[#1])-[#1]>>[#6:7]-[#7:2](-[#6:1](-[#6:3])(-[#6:4]=[#8:5])-[#1])-[#1].[#6:20](=[#8:22])-[#6:14]1:[#6:15](:[#6:16](:[#6:17](:[#7&+:18](-[#6:23]):[#6:19]:1-[#1:61])-[#1:84])-[#1:85])-[#1:86],"EVODEX.2-P3147,EVODEX.2-P3149,EVODEX.2-P3154,EVODEX.2-P3180,EVODEX.2-P933",54303401114644163860586628516951381271696699256380559050264960298760989449765
EVODEX.2-Dm347,[#6:3]-[#6:1](=[#8])-[#6:4]=[#8:5].[#7:2](-[#1])(-[#1])-[#1].[#8:8](-[#8:9]-[#1])-[#1]>>[#6:3]-[#6:1](-[#7:2](-[#1])-[#1])(-[#6:4]=[#8:5])-[#1].[#8:8]=[#8:9],"EVODEX.2-P2085,EVODEX.2-P3006,EVODEX.2-P3055,EVODEX.2-P3066,EVODEX.2-P937",11586474432561357916043124660567183677825141108277773381074933374411733069716
EVODEX.2-Dm348,[#6:3]-[#6:1](=[#8])-[#6:4]=[#8:5].[#8:8](-[#8:9]-[#1])-[#1]>>[#6:3]-[#6:1](-[#7](-[#1])-[#1])(-[#6:4]=[#8:5])-[#1].[#8:8]=[#8:9],"EVODEX.2-P2251,EVODEX.2-P2896,EVODEX.2-P3048,EVODEX.2-P3054,EVODEX.2-P938",42160694253742771490013124842431397179203737748574408803950223671881154108798
EVODEX.2-Dm349,[#6:9]-[#6:7](-[#7](-[#1])-[#1])(-[#6:10])-[#1]>>[#6:9]-[#6:7](=[#8])-[#6:10],"EVODEX.2-P1651,EVODEX.2-P1694,EVODEX.2-P3232,EVODEX.2-P3399,EVODEX.2-P939",114211310289156425240574022209876500450463932156630676766992236563040979236570
EVODEX.2-Dm350,[#6:3]-[#6:1](=[#8:62])-[#6:4]=[#8:5].[#6:7]-[#7:2](-[#1])-[#1]>>[#6:3]-[#6:1](-[#7:2](-[#6:7])-[#1])(-[#6:4]=[#8:5])-[#1].[#8:62](-[#1])-[#1],"EVODEX.2-P3151,EVODEX.2-P941,EVODEX.2-P944,EVODEX.2-P947,EVODEX.2-P949",52595247037027268824438628759061769997755869990156662247884092147965817716011
EVODEX.2-Dm353,[#7:2](-[#6](-[#6]=[#8])(-[#1])-[#1])(-[#1])-[#1].[#6:3]-[#6:1](=[#8])-[#6:4]=[#8:5]>>[#6:3]-[#6:1](-[#7:2](-[#1])-[#1])(-[#6:4]=[#8:5])-[#1],"EVODEX.2-P1629,EVODEX.2-P3419,EVODEX.2-P3420,EVODEX.2-P3424,EVODEX.2-P962",79895867843736156031908319435731450785722101590810327682793640335448203035625
EVODEX.2-Dm354,[#7](-[#6:7](-[#6:9])(-[#1:16])-[#1])(-[#1])-[#1]>>[#8]=[#6:7](-[#6:9])-[#1:16],"EVODEX.2-P3239,EVODEX.2-P3431,EVODEX.2-P3505,EVODEX.2-P3537,EVODEX.2-P970",77788936391560326393437055599852171781029407124267411172537730416316591345896
EVODEX.2-Dm356,[#15:12](=[#8:14])-[#8:11]-[#15:4](=[#8:9])(-[#8:3]-[#1])-[#8:10]>>[#6]=[#6](-[#8:3]-[#15:4](=[#8:9])(-[#8]-[#1])-[#8:10])-[#6]=[#8].[#15:12](=[#8:14])-[#8:11]-[#1],"EVODEX.2-P976,EVODEX.2-P977,EVODEX.2-P980,EVODEX.2-P982,EVODEX.2-P991",50523409823398820087636420634021979088278294309584063121892731442954025338946
EVODEX.2-Dm357,[#6:2]-[#6:1](=[#8:3])-[#6](=[#8])-[#8]>>[#6:2]-[#6:1](=[#8:3])-[#1],"EVODEX.2-P1632,EVODEX.2-P1677,EVODEX.2-P2897,EVODEX.2-P3792,EVODEX.2-P992",46617232570627386861289209973965239262620167174808892370802348545335970139613
EVODEX.2-Dm358,[#6:3]-[#6:1](=[#8])-[#6:4].[#7:2](-[#1])(-[#1])-[#1]>>[#6:4]-[#6:1](-[#6:3])(-[#7:2](-[#1])-[#1])-[#1],"EVODEX.2-P1633,EVODEX.2-P1678,EVODEX.2-P2082,EVODEX.2-P3040,EVODEX.2-P993",89353376874450443657431393903932794079900009968895799490020001964258406820392
EVODEX.2-Dm359,[#6:13](=[#8:15])-[#6:7]1=[#6:12](-[#7:11](-[#6:16])-[#6:10](=[#6:9](-[#6:8]-1(-[#1:79])-[#1])-[#1:78])-[#1:77])-[#1:54].[#6:3]-[#6:1](=[#8])-[#6:4]>>[#6:3]-[#6:1](-[#7](-[#1])-[#1])(-[#6:4])-[#1].[#6:13](=[#8:15])-[#6:7]1:[#6:8](:[#6:9](:[#6:10](:[#7&+:11](-[#6:16]):[#6:12]:1-[#1:54])-[#1:77])-[#1:78])-[#1:79],"EVODEX.2-P1886,EVODEX.2-P2003,EVODEX.2-P2065,EVODEX.2-P2067,EVODEX.2-P994",76203906717986837157500207674408943077929822381750302137791082906737110171216
EVODEX.2-Dm360,[#6:20](=[#8:22])-[#6:14]1=[#6:19](-[#7:18](-[#6:23])-[#6:17](=[#6:16](-[#6:15]-1(-[#1:86])-[#1])-[#1:85])-[#1:84])-[#1:61].[#6:3]-[#6:1](=[#8])-[#6:4]=[#8:6]>>[#6:3]-[#6:1](-[#7](-[#1])-[#1])(-[#6:4]=[#8:6])-[#1].[#6:20](=[#8:22])-[#6:14]1:[#6:15](:[#6:16](:[#6:17](:[#7&+:18](-[#6:23]):[#6:19]:1-[#1:61])-[#1:84])-[#1:85])-[#1:86],"EVODEX.2-P2048,EVODEX.2-P3003,EVODEX.2-P3005,EVODEX.2-P3025,EVODEX.2-P995",1598847508615689497919058529272918041899605551708527549115559927378093520501
EVODEX.2-Dm361,[#6:3]-[#6:1](=[#8:58])-[#6:4]=[#8:6].[#7:2](-[#1])(-[#1])-[#1]>>[#6:3]-[#6:1](-[#7:2](-[#1])-[#1])(-[#6:4]=[#8:6])-[#1].[#8:58](-[#1])-[#1],"EVODEX.2-P2084,EVODEX.2-P3034,EVODEX.2-P3039,EVODEX.2-P3057,EVODEX.2-P996",41091081136623220630843168160170913009609232816365828228131584572168973310714
EVODEX.2-Dm362,[#6:3]-[#6:1](-[#8:24]-[#16:26](=[#8:27])=[#8:28])(-[#6:4])-[#1:70]>>[#6:3]-[#6:1](-[#8]-[#1])(-[#6:4])-[#1:70].[#8]-[#15](=[#8])(-[#8])-[#8:24]-[#16:26](=[#8:27])=[#8:28],"EVODEX.2-P1000,EVODEX.2-P1639,EVODEX.2-P1708,EVODEX.2-P1788,EVODEX.2-P1966",64683411197585286677219227871629686866180869176819265219826267436430635965326
EVODEX.2-Dm363,[#6:16](=[#8:18])-[#6:10]1=[#6:15](-[#7:14](-[#6:19])-[#6:13](=[#6:12](-[#6:11]-1(-[#1:87])-[#1])-[#1:86])-[#1:85])-[#1:61].[#6:3]-[#6:1](=[#8:58])-[#6:4].[#7:2](-[#1])(-[#1])-[#1]>>[#6:3]-[#6:1](-[#7:2](-[#1])-[#1])(-[#6:4])-[#1].[#6:16](=[#8:18])-[#6:10]1:[#6:11](:[#6:12](:[#6:13](:[#7&+:14](-[#6:19]):[#6:15]:1-[#1:61])-[#1:85])-[#1:86])-[#1:87].[#8:58](-[#1])-[#1],"EVODEX.2-P1001,EVODEX.2-P2013,EVODEX.2-P2066,EVODEX.2-P2087,EVODEX.2-P2300",95660957086450844111990638882102627096569163416820898517335381290691125797251
EVODEX.2-Dm364,[#7:2](-[#6](-[#6])(-[#6]=[#8])-[#1])(-[#1])-[#1].[#6:3]-[#6:1](=[#8])-[#6:4]>>[#6:3]-[#6:1](-[#7:2](-[#1])-[#1])(-[#6:4])-[#1],"EVODEX.2-P1006,EVODEX.2-P2029,EVODEX.2-P3323,EVODEX.2-P3325,EVODEX.2-P3335",20519149769323157843093755468037894520712828469182718765115624010611201715983
EVODEX.2-Dm365,[#6:4]-[#6:1](=[#8:5])-[#6:3](-[#6:6])(-[#1:82])-[#1:83].[#6:36](=[#8:38])-[#6:30]1=[#6:35](-[#7:34](-[#6:39])-[#6:33](=[#6:32](-[#6:31]-1(-[#1:125])-[#1])-[#1:124])-[#1:123])-[#1:99].[#8]=[#8:2]>>[#6:4]-[#6:1](=[#8:5])-[#8:2]-[#6:3](-[#6:6])(-[#1:82])-[#1:83].[#6:36](=[#8:38])-[#6:30]1:[#6:31](:[#6:32](:[#6:33](:[#7&+:34](-[#6:39]):[#6:35]:1-[#1:99])-[#1:123])-[#1:124])-[#1:125],"EVODEX.2-P1007,EVODEX.2-P1011,EVODEX.2-P1993,EVODEX.2-P2315,EVODEX.2-P3194",37180997217028416609786566759483546955041667543685457123126869672031863469140
EVODEX.2-Dm366,[#6:4]-[#6:1](=[#8:5])-[#6:3](-[#6:6])(-[#1:82])-[#1:83]>>[#6:4]-[#6:1](=[#8:5])-[#8]-[#6:3](-[#6:6])(-[#1:82])-[#1:83],"EVODEX.2-P1008,EVODEX.2-P1013,EVODEX.2-P2328,EVODEX.2-P3192,EVODEX.2-P3195",7577452170077470559795300568630423936833861825705687575409145553395555711489
EVODEX.2-Dm367,[#6:4]-[#6:1](=[#8:5])-[#6:3](-[#6:6])(-[#1:82])-[#1:83].[#6:36](=[#8:38])-[#6:30]1=[#6:35](-[#7:34](-[#6:39])-[#6:33](=[#6:32](-[#6:31]-1(-[#1:123])-[#1])-[#1:122])-[#1:121])-[#1:97].[#8:78]=[#8:2]>>[#6:4]-[#6:1](=[#8:5])-[#8:2]-[#6:3](-[#6:6])(-[#1:82])-[#1:83].[#6:36](=[#8:38])-[#6:30]1:[#6:31](:[#6:32](:[#6:33](:[#7&+:34](-[#6:39]):[#6:35]:1-[#1:97])-[#1:121])-[#1:122])-[#1:123].[#8:78](-[#1])-[#1],"EVODEX.2-P1010,EVODEX.2-P1014,EVODEX.2-P1992,EVODEX.2-P2253,EVODEX.2-P3191",26518670762647400986975598514624967567370085399121258191490134194054911934069
EVODEX.2-Dm368,[#6:4]-[#6:1](=[#8:5])-[#6:3](-[#6:6])(-[#1:82])-[#1:83].[#8]=[#8:2]>>[#6:4]-[#6:1](=[#8:5])-[#8:2]-[#6:3](-[#6:6])(-[#1:82])-[#1:83],"EVODEX.2-P1012,EVODEX.2-P1015,EVODEX.2-P1994,EVODEX.2-P2255,EVODEX.2-P2316",89515741820235831798340281115791332615520691333630533208548604762345256584545
EVODEX.2-Dm371,([#6:3](=[#8:5])-[#8:2]-[#1].[#6:10]-[#6:1](-[#8:30]-[#1])(-[#6:28])-[#1:54])>>[#6:3](=[#8:5])-[#8:2]-[#6:1](-[#6:28])(-[#6:10])-[#1:54].[#8:30](-[#1])-[#1],"EVODEX.2-P1022,EVODEX.2-P1023,EVODEX.2-P3803,EVODEX.2-P3804,EVODEX.2-P3807",85089119448520024639048261024440449610378420402308215167223462678488566190789
EVODEX.2-Dm373,[#6:9]-[#6:7](-[#8:8]-[#1])(-[#6:1](-[#6:2](=[#8:3])-[#6:4]=[#8:5])(-[#1:29])-[#1:30])-[#1:27]>>[#6:1](-[#6:2](=[#8:3])-[#6:4]=[#8:5])(-[#1:29])(-[#1:30])-[#1].[#6:9]-[#6:7](=[#8:8])-[#1:27],"EVODEX.2-P1025,EVODEX.2-P1934,EVODEX.2-P3787,EVODEX.2-P3790,EVODEX.2-P3829",88474880739203034045710329304584914381968745653525159173533652320448232975083
EVODEX.2-Dm374,[#6:3]-[#6:1](=[#8:4])-[#7:14](-[#6:15])-[#1].[#7:2](-[#6:5])(-[#1])-[#1]>>[#6:3]-[#6:1](=[#8:4])-[#7:2](-[#6:5])-[#1].[#6:15]-[#7:14](-[#1])-[#1],"EVODEX.2-P1028,EVODEX.2-P1176,EVODEX.2-P1741,EVODEX.2-P1753,EVODEX.2-P1895",70668532688985838269484337346859048170720283888032776013151276771236625401389
EVODEX.2-Dm375,[#6:3]-[#6:1](=[#8:41])-[#6:4]>>[#6:3]-[#6:1](-[#6:4])(-[#7](-[#1])-[#1])-[#1].[#6]-[#6](=[#8:41])-[#6]=[#8],"EVODEX.2-P1031,EVODEX.2-P1089,EVODEX.2-P2974,EVODEX.2-P3327,EVODEX.2-P3336",106900568709473659540598937877159320476850871117733220631735664772929788565160
EVODEX.2-Dm376,[#6:3]-[#6:1](=[#8:2])-[#8:4].[#8:16](-[#8:17]-[#1])-[#1]>>[#6:3]-[#6:1](-[#8:2]-[#1])(-[#8:4])-[#1].[#8:16]=[#8:17],"EVODEX.2-P1032,EVODEX.2-P1037,EVODEX.2-P3835,EVODEX.2-P3838,EVODEX.2-P3839",69466069102909762415028492956343610916764742885639556916781279251225010577704
EVODEX.2-Dm377,[#6:4]-[#6:2](=[#8:5])-[#8:1]-[#6:13].[#8:3](-[#1])-[#1]>>([#6:4]-[#6:2](=[#8:5])-[#8:3]-[#1].[#6:13]-[#8:1]-[#1]),"EVODEX.2-P1033,EVODEX.2-P1035,EVODEX.2-P3742,EVODEX.2-P3744,EVODEX.2-P3746",93425991122379470517069263362138187058172411373244454714101914253871249593317
EVODEX.2-Dm378,[#6:4]-[#6:2](=[#8:5])-[#8:1]-[#6:13]>>([#6:4]-[#6:2](=[#8:5])-[#8]-[#1].[#6:13]-[#8:1]-[#1]),"EVODEX.2-P1034,EVODEX.2-P1036,EVODEX.2-P3743,EVODEX.2-P3745,EVODEX.2-P3747",84055922733883533902456461715996062075716221907797762580003922965809097230002
EVODEX.2-Dm379,[#6:3]-[#6:1](=[#8:2])-[#8:4]>>[#6:3]-[#6:1](-[#8:2]-[#1])(-[#8:4])-[#1],"EVODEX.2-P1038,EVODEX.2-P3172,EVODEX.2-P3181,EVODEX.2-P3836,EVODEX.2-P3837",30868145203254645516405443994785381955697075598229015491357226390419293850850
EVODEX.2-Dm380,[#6:3]-[#6:1](-[#8:20]-[#1])(-[#1:56])-[#1:57].[#8:22]-[#15:21](=[#8:23])(-[#8:24])-[#8:2]-[#15:16]=[#8:17]>>[#6:3]-[#6:1](-[#8:2]-[#15:16]=[#8:17])(-[#1:56])-[#1:57].[#8:22]-[#15:21](=[#8:23])(-[#8:20]-[#1])-[#8:24],"EVODEX.2-P1048,EVODEX.2-P1050,EVODEX.2-P3348,EVODEX.2-P3733,EVODEX.2-P3736",101580443351527627145430517848999523527338678136466497437214206497616062186343
EVODEX.2-Dm381,[#6:3]-[#6:1](-[#8]-[#1])(-[#1:40])-[#1:41].[#8:28]=[#16:27](=[#8:29])-[#8:2]-[#1]>>[#6:3]-[#6:1](-[#8:2]-[#16:27](=[#8:28])=[#8:29])(-[#1:40])-[#1:41],"EVODEX.2-P1053,EVODEX.2-P2416,EVODEX.2-P2424,EVODEX.2-P2572,EVODEX.2-P2600",18128789444153287391902593399273797682431907326010301322122785074716110924222
EVODEX.2-Dm382,([#6:4]-[#8:2]-[#1].[#6:13]-[#8:1]-[#15:3](=[#8:17])(-[#8:18])-[#8:19])>>([#6:4]-[#8:2]-[#15:3](=[#8:17])(-[#8:18])-[#8:19].[#6:13]-[#8:1]-[#1]),"EVODEX.2-P1058,EVODEX.2-P1068,EVODEX.2-P3401,EVODEX.2-P3857,EVODEX.2-P3860",26005129646826181536837082717215380601063211230600151393082893730161920635484
EVODEX.2-Dm383,[#6:3]-[#6:1](-[#8:27]-[#16:28](=[#8:29])=[#8:30])(-[#1:40])-[#1:41]>>[#6:3]-[#6:1](-[#8]-[#1])(-[#1:40])-[#1:41].[#8:29]=[#16:28](=[#8:30])-[#8:27]-[#1],"EVODEX.2-P1059,EVODEX.2-P2301,EVODEX.2-P2737,EVODEX.2-P2750,EVODEX.2-P2757",98086609346961957904096989030652584769740110095445729076916929411087675029330
EVODEX.2-Dm384,[#7:2](-[#6:39](-[#6:41])(-[#6:42]=[#8:44])-[#1])(-[#1])-[#1].[#6:3]-[#6:1](=[#8:40])-[#6:4]>>[#6:3]-[#6:1](-[#7:2](-[#1])-[#1])(-[#6:4])-[#1].[#6:41]-[#6:39](=[#8:40])-[#6:42]=[#8:44],"EVODEX.2-P1071,EVODEX.2-P1088,EVODEX.2-P3213,EVODEX.2-P3324,EVODEX.2-P3337",20336361141234978025594989955127923327279813716173575784976660820080548738958
EVODEX.2-Dm385,[#6:13]-[#6:11](-[#7](-[#1])-[#1])(-[#6:14])-[#1].[#6]-[#6](=[#8:12])-[#6]=[#8]>>[#6:13]-[#6:11](=[#8:12])-[#6:14],"EVODEX.2-P1072,EVODEX.2-P1074,EVODEX.2-P2977,EVODEX.2-P3353,EVODEX.2-P3404",349113146603032004588538139576605605236961389872049806228108863486102948989
EVODEX.2-Dm386,[#6:14]-[#6:11](-[#6:13])(-[#7:2](-[#1])-[#1])-[#1].[#6:3]-[#6:1](=[#8:12])-[#6:4]=[#8:6]>>[#7:2](-[#6:1](-[#6:3])(-[#6:4]=[#8:6])-[#1])(-[#1])-[#1].[#6:14]-[#6:11](=[#8:12])-[#6:13],"EVODEX.2-P1073,EVODEX.2-P2032,EVODEX.2-P2980,EVODEX.2-P3208,EVODEX.2-P3398",83987918257340603320202933514605402559345297131869535046948897084833478115012
EVODEX.2-Dm387,[#6:14]-[#6:11](-[#6:13])(-[#7:2](-[#1])-[#1])-[#1]>>[#7:2](-[#6](-[#6])(-[#6]=[#8])-[#1])(-[#1])-[#1].[#6:14]-[#6:11](=[#8])-[#6:13],"EVODEX.2-P1075,EVODEX.2-P1090,EVODEX.2-P1888,EVODEX.2-P2030,EVODEX.2-P3355",17662769284655439521572032030842866079422327413897769477517807895375478887994
EVODEX.2-Dm388,[#6:3]-[#6:1](-[#8:20]-[#15:22]=[#8:23])(-[#8:4])-[#1:54].[#8:46]=[#15:21](-[#8:47])(-[#8:48])-[#8:2]-[#15:16]=[#8:17]>>[#6:3]-[#6:1](-[#8:2]-[#15:16]=[#8:17])(-[#8:4])-[#1:54].[#15:22](=[#8:23])-[#8:20]-[#15:21](=[#8:46])(-[#8:47])-[#8:48],"EVODEX.2-P1078,EVODEX.2-P3597,EVODEX.2-P3727,EVODEX.2-P3862,EVODEX.2-P3863",74219569462718285905330380304214344815070299596610794082632677172529652393367
EVODEX.2-Dm389,[#8:4]-[#6:1](-[#6:5])(-[#1:60])-[#1].[#8:3]=[#6:2]=[#8:40]>>[#8:4]-[#6:1](-[#6:2](=[#8:40])-[#8:3]-[#1])(-[#6:5])-[#1:60],"EVODEX.2-P1082,EVODEX.2-P1670,EVODEX.2-P3121,EVODEX.2-P3840,EVODEX.2-P3842",28621435577489346009768906775916287593927011040302212859651117678026862046100
EVODEX.2-Dm391,[#6:3]-[#6:1](=[#8:10])-[#1:23].[#8:11](-[#8:12]-[#1])-[#1]>>[#6:3]-[#6:1](-[#7](-[#1])-[#1])(-[#1:23])-[#1].[#8:10](-[#1])-[#1].[#8:11]=[#8:12],"EVODEX.2-P1092,EVODEX.2-P2886,EVODEX.2-P3043,EVODEX.2-P3074,EVODEX.2-P3084",66277414782645619553541538720110997336873059555485363841765557565822704090664
EVODEX.2-Dm392,[#6:3]-[#6:1](=[#8:14])-[#1:27].[#7:2](-[#6:10])(-[#1])-[#1].[#8:15](-[#8:16]-[#1])-[#1]>>[#6:3]-[#6:1](-[#7:2](-[#6:10])-[#1])(-[#1:27])-[#1].[#8:14](-[#1])-[#1].[#8:15]=[#8:16],"EVODEX.2-P1094,EVODEX.2-P2782,EVODEX.2-P3457,EVODEX.2-P3461,EVODEX.2-P3462",90024426715609406725289184091886217264886131728804271561913559955362631636165
EVODEX.2-Dm393,[#6:3]-[#6:1](=[#8])-[#1:27].[#7:2](-[#6:10])(-[#1])-[#1]>>[#6:3]-[#6:1](-[#7:2](-[#6:10])-[#1])(-[#1:27])-[#1],"EVODEX.2-P1095,EVODEX.2-P1103,EVODEX.2-P2780,EVODEX.2-P3144,EVODEX.2-P3459",39431894537708203378903737349417810988375907272122054833236453643066335810246
EVODEX.2-Dm394,[#6:3]-[#6:1](-[#7:10](-[#1])-[#1])(-[#1:23])-[#1].[#8:2](-[#1])-[#1].[#8:11]=[#8:12]>>[#6:3]-[#6:1](=[#8:2])-[#1:23].[#7:10](-[#1])(-[#1])-[#1].[#8:11](-[#8:12]-[#1])-[#1],"EVODEX.2-P1097,EVODEX.2-P3512,EVODEX.2-P3531,EVODEX.2-P3534,EVODEX.2-P3539",105697902053715144020677968431812093549675673249773253283426162816050925211032
EVODEX.2-Dm395,[#6:3]-[#6:1](-[#7](-[#1])-[#1])(-[#1:23])-[#1].[#8:2](-[#1])-[#1]>>[#6:3]-[#6:1](=[#8:2])-[#1:23],"EVODEX.2-P1098,EVODEX.2-P2754,EVODEX.2-P2823,EVODEX.2-P3465,EVODEX.2-P3508",99218357923659859868403297212550083755371574705645726088489132387211093216510
EVODEX.2-Dm396,[#6:3]-[#6:1](-[#7:10](-[#6:11])-[#1])(-[#1:27])-[#1].[#8:15]=[#8:16]>>[#6:3]-[#6:1](=[#8])-[#1:27].[#7:10](-[#6:11])(-[#1])-[#1].[#8:15](-[#8:16]-[#1])-[#1],"EVODEX.2-P1099,EVODEX.2-P1105,EVODEX.2-P1107,EVODEX.2-P3510,EVODEX.2-P3521",21965342753788436277900806622838003726340166656995256694516869411508589683431
EVODEX.2-Dm397,[#6:3]-[#6:1](-[#7:10](-[#6:11])-[#1])(-[#1:27])-[#1]>>[#6:3]-[#6:1](=[#8])-[#1:27].[#7:10](-[#6:11])(-[#1])-[#1],"EVODEX.2-P1100,EVODEX.2-P2819,EVODEX.2-P3127,EVODEX.2-P3262,EVODEX.2-P3509",2832554779809368186757448919332175690214533991094235242645792954516730738085
EVODEX.2-Dm398,[#6:3]-[#6:1](-[#7:10](-[#6:11])-[#1])(-[#1:27])-[#1].[#8:2](-[#1])-[#1]>>[#6:3]-[#6:1](=[#8:2])-[#1:27].[#7:10](-[#6:11])(-[#1])-[#1],"EVODEX.2-P1101,EVODEX.2-P2813,EVODEX.2-P2815,EVODEX.2-P3223,EVODEX.2-P3263",93053661074214709684281460188106814454906792754639901762596245949908511869411
EVODEX.2-Dm399,[#6:3]-[#6:1](=[#8])-[#1:38].[#7:2](-[#6:14])(-[#1])-[#1].[#8:19](-[#8:20]-[#1])-[#1]>>[#6:3]-[#6:1](-[#7:2](-[#6:14])-[#1])(-[#1:38])-[#1].[#8:19]=[#8:20],"EVODEX.2-P1102,EVODEX.2-P2783,EVODEX.2-P3295,EVODEX.2-P3458,EVODEX.2-P3511",87183154042894132645729406488392176736023358833713927107913163924890572728936
EVODEX.2-Dm400,[#6:3]-[#6:1](-[#7:9](-[#6:10])-[#1])(-[#1:29])-[#1].[#8:2](-[#1])-[#1].[#8:19]=[#8:20]>>[#6:3]-[#6:1](=[#8:2])-[#1:29].[#7:9](-[#6:10])(-[#1])-[#1].[#8:19](-[#8:20]-[#1])-[#1],"EVODEX.2-P1104,EVODEX.2-P1106,EVODEX.2-P2814,EVODEX.2-P3518,EVODEX.2-P3520",93761251401928255132364933484035966303055529695659327363315131641221345787953
EVODEX.2-Dm404,[#6:7]-[#6:2](=[#8:3])-[#6:8]=[#8:10]>>[#8]=[#6]-[#6](-[#6:2](-[#8:3]-[#1])(-[#6:7])-[#6:8]=[#8:10])(-[#1])-[#1],"EVODEX.2-P1122,EVODEX.2-P1148,EVODEX.2-P1157,EVODEX.2-P1169,EVODEX.2-P1190",94675233873517258478276983518272359518726009913507225426580780747728845546105
EVODEX.2-Dm405,[#6:58]-[#8:57]-[#6](=[#8])-[#6]1:[#6]:[#6]:[#6]:[#6]:[#6]:1>>[#6:58]-[#8:57]-[#1],"EVODEX.2-P1126,EVODEX.2-P1291,EVODEX.2-P1382,EVODEX.2-P1449,EVODEX.2-P1452",77922599402026167416960723727066674784915683399676505523348116303699488255669
EVODEX.2-Dm406,[#6:3]-[#6:1](=[#8:4])-[#8:78]-[#6:2](-[#6:5])(-[#1:82])-[#1:83].[#8:77](-[#1])-[#1]>>[#6:3]-[#6:1](=[#8:4])-[#6:2](-[#6:5])(-[#1:82])-[#1:83].[#8:77]=[#8:78],"EVODEX.2-P1132,EVODEX.2-P2319,EVODEX.2-P2747,EVODEX.2-P3265,EVODEX.2-P3271",9180328837010554975212929669602551008320089295259384285040779660301038649322
EVODEX.2-Dm407,[#6:3]-[#6:1](=[#8:4])-[#8:59]-[#6:2](-[#6:5])(-[#1:63])-[#1:64].[#6:16](=[#8:18])-[#6:10]1:[#6:15](:[#6:14](:[#6:13](:[#7&+:12](-[#6:19]):[#6:11]:1-[#1:102])-[#1:78])-[#1:77])-[#1:76].[#8:58](-[#1])-[#1]>>[#6:3]-[#6:1](=[#8:4])-[#6:2](-[#6:5])(-[#1:63])-[#1:64].[#6:16](=[#8:18])-[#6:10]1=[#6:11](-[#7:12](-[#6:19])-[#6:13](=[#6:14](-[#6:15]-1(-[#1:76])-[#1])-[#1:77])-[#1:78])-[#1:102].[#8:58]=[#8:59],"EVODEX.2-P1133,EVODEX.2-P2266,EVODEX.2-P2744,EVODEX.2-P2760,EVODEX.2-P3269",81659231294013269045963196858311688762056242359530475416295974038750349449671
EVODEX.2-Dm408,[#6:3]-[#6:1](=[#8:4])-[#8]-[#6:2](-[#6:5])(-[#1:63])-[#1:64]>>[#6:3]-[#6:1](=[#8:4])-[#6:2](-[#6:5])(-[#1:63])-[#1:64],"EVODEX.2-P1134,EVODEX.2-P1995,EVODEX.2-P2745,EVODEX.2-P2746,EVODEX.2-P3270",113590990421311429651007197480630918535075051082225981040213878133216919410378
EVODEX.2-Dm409,[#6:3]-[#6:1](=[#8:4])-[#8:59]-[#6:2](-[#6:5])(-[#1:63])-[#1:64]>>[#6:3]-[#6:1](=[#8:4])-[#6:2](-[#6:5])(-[#1:63])-[#1:64].[#8]=[#8:59],"EVODEX.2-P1135,EVODEX.2-P2320,EVODEX.2-P2759,EVODEX.2-P3266,EVODEX.2-P3272",57408832217891611527141080842686865481000521420146330014598794064066621391054
EVODEX.2-Dm410,[#6:3]-[#6:1](=[#8:4])-[#8]-[#6:2](-[#6:5])(-[#1:63])-[#1:64].[#6:16](=[#8:18])-[#6:10]1:[#6:15](:[#6:14](:[#6:13](:[#7&+:12](-[#6:19]):[#6:11]:1-[#1:102])-[#1:78])-[#1:77])-[#1:76]>>[#6:3]-[#6:1](=[#8:4])-[#6:2](-[#6:5])(-[#1:63])-[#1:64].[#6:16](=[#8:18])-[#6:10]1=[#6:11](-[#7:12](-[#6:19])-[#6:13](=[#6:14](-[#6:15]-1(-[#1:76])-[#1])-[#1:77])-[#1:78])-[#1:102],"EVODEX.2-P1136,EVODEX.2-P2267,EVODEX.2-P2322,EVODEX.2-P2749,EVODEX.2-P3268",32886544593173860448309598930674238437477873390319730428677739322498699808355
EVODEX.2-Dm411,[#6:49](-[#6:51]=[#8:52])(-[#1:107])(-[#1:108])-[#1].[#6]-[#16]-[#6:50](=[#8:101])-[#6:102]>>[#6:51](=[#8:52])-[#6:49](-[#6:50](=[#8:101])-[#6:102])(-[#1:107])-[#1:108],"EVODEX.2-P1140,EVODEX.2-P1146,EVODEX.2-P1161,EVODEX.2-P1162,EVODEX.2-P1164",26327975934964422165966096487480147391215165415528554609495888596533127751692
EVODEX.2-Dm412,[#6:49](-[#6:51]=[#8:52])(-[#1:113])(-[#1:114])-[#1].[#6:2]-[#16:1]-[#6:50](=[#8:101])-[#6:102]>>[#6:2]-[#16:1]-[#1].[#6:51](=[#8:52])-[#6:49](-[#6:50](=[#8:101])-[#6:102])(-[#1:113])-[#1:114],"EVODEX.2-P1143,EVODEX.2-P1145,EVODEX.2-P1159,EVODEX.2-P1160,EVODEX.2-P1165",82873939750382051112785752344979991428689399383090163793576597631455538372926
EVODEX.2-Dm413,[#6:51](-[#6:52](=[#8:54])-[#16:1]-[#6:2])(-[#1:60])(-[#1:61])-[#1].[#6:55]-[#6:50](=[#8:49])-[#6:56]=[#8:58]>>[#6:2]-[#16:1]-[#1].[#6:55]-[#6:50](-[#8:49]-[#1])(-[#6:51](-[#6:52](=[#8:54])-[#8]-[#1])(-[#1:60])-[#1:61])-[#6:56]=[#8:58],"EVODEX.2-P1154,EVODEX.2-P1178,EVODEX.2-P1181,EVODEX.2-P1187,EVODEX.2-P1189",1242458501111501526861048139194068194239959257815400041802497557671275103015
EVODEX.2-Dm414,[#6:51](-[#6:52](=[#8:54])-[#16]-[#6])(-[#1:60])(-[#1:61])-[#1].[#6:55]-[#6:50](=[#8:49])-[#6:56]=[#8:58]>>[#6:55]-[#6:50](-[#8:49]-[#1])(-[#6:51](-[#6:52](=[#8:54])-[#8]-[#1])(-[#1:60])-[#1:61])-[#6:56]=[#8:58],"EVODEX.2-P1156,EVODEX.2-P1179,EVODEX.2-P1182,EVODEX.2-P1184,EVODEX.2-P1188",71843776499673306405706380174825094571375372469783055778020317621107252613384
EVODEX.2-Dm415,[#6:55]-[#6:50](=[#8:49])-[#6:56]=[#8:58].[#8:53](-[#1])-[#1]>>[#6:55]-[#6:50](-[#8:49]-[#1])(-[#6](-[#6](=[#8])-[#8:53]-[#1])(-[#1])-[#1])-[#6:56]=[#8:58],"EVODEX.2-P1158,EVODEX.2-P1170,EVODEX.2-P1172,EVODEX.2-P1192,EVODEX.2-P1195",57031722830826225013391120667065591778438504135478441188069340729548568022021
EVODEX.2-Dm416,[#6:51](-[#6:52](=[#8:54])-[#16]-[#6])(-[#1:63])(-[#1:64])-[#1].[#6:55]-[#6:50](=[#8:49])-[#6:56]=[#8:58].[#8:53](-[#1])-[#1]>>[#6:55]-[#6:50](-[#8:49]-[#1])(-[#6:51](-[#6:52](=[#8:54])-[#8:53]-[#1])(-[#1:63])-[#1:64])-[#6:56]=[#8:58],"EVODEX.2-P1171,EVODEX.2-P1183,EVODEX.2-P1186,EVODEX.2-P1191,EVODEX.2-P1194",13575931919941736049579275553751571838342421527717043669453625789181330173214
EVODEX.2-Dm417,[#6:50]-[#6:49](=[#8:51])-[#16]-[#6]>>[#6:50]-[#6:49](=[#8:51])-[#1],"EVODEX.2-P1173,EVODEX.2-P1730,EVODEX.2-P1916,EVODEX.2-P2730,EVODEX.2-P2734",77068411779577406983754843853071345257212087124971854871423822457288725570529
EVODEX.2-Dm418,[#6:50]-[#6:49](=[#8:51])-[#16:1]-[#6:2]>>[#6:2]-[#16:1]-[#1].[#6:50]-[#6:49](=[#8:51])-[#1],"EVODEX.2-P1174,EVODEX.2-P1507,EVODEX.2-P1727,EVODEX.2-P2298,EVODEX.2-P2712",7992935377119924900636702267395383725761829318771133173638097268532318341379
EVODEX.2-Dm419,[#6:23](=[#8:25])-[#6:17]1=[#6:22](-[#7:21](-[#6:26])-[#6:20](=[#6:19](-[#6:18]-1(-[#1:88])-[#1])-[#1:87])-[#1:86])-[#1:63].[#6:3]-[#6:1](=[#8:2])-[#6:4]=[#8:7]>>[#6:3]-[#6:1](-[#8:2]-[#1])(-[#6:4]=[#8:7])-[#1].[#6:23](=[#8:25])-[#6:17]1:[#6:18](:[#6:19](:[#6:20](:[#7&+:21](-[#6:26]):[#6:22]:1-[#1:63])-[#1:86])-[#1:87])-[#1:88],"EVODEX.2-P1200,EVODEX.2-P1674,EVODEX.2-P3157,EVODEX.2-P3162,EVODEX.2-P3184",92141577249141066005770656990436838866408669525590067806962271036513112067426
EVODEX.2-Dm420,[#6:3]-[#6:1](=[#8:2])-[#6:4]=[#8:7]>>[#6:3]-[#6:1](-[#8:2]-[#1])(-[#6:4]=[#8:7])-[#1],"EVODEX.2-P1201,EVODEX.2-P1960,EVODEX.2-P2295,EVODEX.2-P3156,EVODEX.2-P3158",112218665344509494202234454742471233305693048998144974378558751592745415985666
EVODEX.2-Dm421,[#6:53]-[#6:2](-[#8]-[#1])(-[#6:1](-[#6:3]=[#8:4])(-[#1:82])-[#1])-[#1:80]>>[#6:53]-[#6:2](=[#6:1](-[#6:3]=[#8:4])-[#1:82])-[#1:80],"EVODEX.2-P1208,EVODEX.2-P1503,EVODEX.2-P2227,EVODEX.2-P2229,EVODEX.2-P2231",109216353907802843720575476998597013969330582537875310561990472264769596627849
EVODEX.2-Dm422,[#6:1](-[#6:3])(-[#1:56])(-[#1:57])-[#1].[#6:13](=[#8:15])-[#6:7]1=[#6:12](-[#7:11](-[#6:16])-[#6:10](=[#6:9](-[#6:8]-1(-[#1:94])-[#1])-[#1:93])-[#1:92])-[#1:68].[#8:2]=[#8:55]>>[#6:3]-[#6:1](-[#8:2]-[#1])(-[#1:56])-[#1:57].[#6:13](=[#8:15])-[#6:7]1:[#6:8](:[#6:9](:[#6:10](:[#7&+:11](-[#6:16]):[#6:12]:1-[#1:68])-[#1:92])-[#1:93])-[#1:94].[#8:55](-[#1])-[#1],"EVODEX.2-P1210,EVODEX.2-P1562,EVODEX.2-P1608,EVODEX.2-P1704,EVODEX.2-P2109",11642327915349286380962073345852296750619203903696482582388410332717977219404
EVODEX.2-Dm423,[#6:1](-[#6:3])(-[#1:56])(-[#1:57])-[#1].[#6:13](=[#8:15])-[#6:7]1=[#6:12](-[#7:11](-[#6:16])-[#6:10](=[#6:9](-[#6:8]-1(-[#1:94])-[#1])-[#1:93])-[#1:92])-[#1:68].[#8:2]=[#8]>>[#6:3]-[#6:1](-[#8:2]-[#1])(-[#1:56])-[#1:57].[#6:13](=[#8:15])-[#6:7]1:[#6:8](:[#6:9](:[#6:10](:[#7&+:11](-[#6:16]):[#6:12]:1-[#1:68])-[#1:92])-[#1:93])-[#1:94],"EVODEX.2-P1211,EVODEX.2-P1609,EVODEX.2-P1705,EVODEX.2-P2105,EVODEX.2-P2196",65210143301431711128620048695094671457910495457380022990183986756359718983477
EVODEX.2-Dm424,[#6:1](-[#6:3])(-[#1:56])(-[#1:57])-[#1].[#8:2]=[#8:55]>>[#6:3]-[#6:1](-[#8:2]-[#1])(-[#1:56])-[#1:57].[#8:55](-[#1])-[#1],"EVODEX.2-P1213,EVODEX.2-P1560,EVODEX.2-P1725,EVODEX.2-P2104,EVODEX.2-P2107",10743769375722014685350535473997719624190360947287952774737916529937850283687
EVODEX.2-Dm425,[#6:3]-[#6:1](=[#8:4])-[#1].[#6:18](=[#8:20])-[#6:12]1:[#6:17](:[#6:16](:[#6:15](:[#7&+:14](-[#6:21]):[#6:13]:1-[#1:93])-[#1:70])-[#1:69])-[#1:68].[#8:2](-[#1])-[#1]>>[#6:3]-[#6:1](=[#8:4])-[#8:2]-[#1].[#6:18](=[#8:20])-[#6:12]1=[#6:13](-[#7:14](-[#6:21])-[#6:15](=[#6:16](-[#6:17]-1(-[#1:68])-[#1])-[#1:69])-[#1:70])-[#1:93],"EVODEX.2-P1214,EVODEX.2-P1661,EVODEX.2-P3244,EVODEX.2-P3251,EVODEX.2-P3275",112444328523587339874605196145242497916922428238842990037068044175262010895400
EVODEX.2-Dm426,[#6:3]-[#6:1](-[#8:20]-[#1])(-[#1:27])-[#1:28]>>[#6:3]-[#6:1](-[#8]-[#15]=[#8])(-[#1:27])-[#1:28].[#8:20](-[#1])-[#1],"EVODEX.2-P1216,EVODEX.2-P1987,EVODEX.2-P2498,EVODEX.2-P2967,EVODEX.2-P3851",64394205613501436016719055536375779919821783552768521680556834481441922194349
EVODEX.2-Dm427,[#6:3]-[#16:1]-[#1].[#6:50]-[#16:2]-[#1]>>[#6:3]-[#16:1]-[#16:2]-[#6:50],"EVODEX.2-P1224,EVODEX.2-P2893,EVODEX.2-P3216,EVODEX.2-P3246,EVODEX.2-P3249",79099124444196504743506484941528044052188329213352134709265034485506017473209
EVODEX.2-Dm428,[#6:54]-[#16:53]-[#1].[#6:2](=[#8:4])-[#6:1](-[#6:52](=[#8:101])-[#6:102])(-[#1:178])-[#1:179]>>[#6:1](-[#6:2]=[#8:4])(-[#1:178])(-[#1:179])-[#1].[#6:54]-[#16:53]-[#6:52](=[#8:101])-[#6:102],"EVODEX.2-P1225,EVODEX.2-P1227,EVODEX.2-P1229,EVODEX.2-P1320,EVODEX.2-P1362",71262229391263163362657284269497824298977325015025657828277939877706002367628
EVODEX.2-Dm429,[#6:2](=[#8:4])-[#6:1](-[#6:52](=[#8:101])-[#6:102])(-[#1:178])-[#1:179]>>[#6:1](-[#6:2]=[#8:4])(-[#1:178])(-[#1:179])-[#1].[#6]-[#16]-[#6:52](=[#8:101])-[#6:102],"EVODEX.2-P1226,EVODEX.2-P1228,EVODEX.2-P1296,EVODEX.2-P1364,EVODEX.2-P1366",36370529790677580899239098025248399441304754978666881665659260348089840480510
EVODEX.2-Dm430,[#6:58]-[#8:57]-[#6:1](=[#8:50])-[#6:51]1:[#6:52]:[#6:54]:[#6:56]:[#6:55]:[#6:53]:1>>[#6]-[#16]-[#6:1](=[#8:50])-[#6:51]1:[#6:52]:[#6:54]:[#6:56]:[#6:55]:[#6:53]:1.[#6:58]-[#8:57]-[#1],"EVODEX.2-P1231,EVODEX.2-P1286,EVODEX.2-P1380,EVODEX.2-P1448,EVODEX.2-P1450",35790275298208278730362516326365876385284448050457620451316465176529671713409
EVODEX.2-Dm431,[#6:54]-[#6:52](-[#8:53]-[#1])(-[#6](-[#6]=[#8])(-[#1])-[#1])-[#6:55]=[#8:58]>>[#6:54]-[#6:52](=[#8:53])-[#6:55]=[#8:58],"EVODEX.2-P1233,EVODEX.2-P1396,EVODEX.2-P1407,EVODEX.2-P1431,EVODEX.2-P1439",54584090157992558491720080366839453102443377019422731022187586281717056141562
EVODEX.2-Dm432,[#6:54]-[#6:52](-[#8:53]-[#1])(-[#6:1](-[#6:2](=[#8:51])-[#8:60]-[#1])(-[#1:105])-[#1:106])-[#6:55]=[#8:58]>>[#6:1](-[#6:2](=[#8:51])-[#16]-[#6])(-[#1:105])(-[#1:106])-[#1].[#6:54]-[#6:52](=[#8:53])-[#6:55]=[#8:58].[#8:60](-[#1])-[#1],"EVODEX.2-P1234,EVODEX.2-P1257,EVODEX.2-P1270,EVODEX.2-P1429,EVODEX.2-P1433",91895050898771875115259828099377584532945460590270564581059993699597624061064
EVODEX.2-Dm433,[#6:3]-[#16:2]-[#1].[#6:50]-[#6:1](=[#8:51])-[#6:65](-[#7:68])(-[#6:69])-[#1:137]>>[#6:50]-[#6:1](=[#8:51])-[#16:2]-[#6:3].[#7:68]-[#6:65](-[#6:69])(-[#6](=[#8])-[#8])-[#1:137],"EVODEX.2-P1239,EVODEX.2-P1241,EVODEX.2-P1336,EVODEX.2-P1342,EVODEX.2-P1350",60398507308506749117291702205328935480375590417387707492839659099926561985899
EVODEX.2-Dm434,[#6:147]-[#6:98](-[#8:97]-[#1])(-[#1])-[#1].[#6:55](=[#8:57])-[#6:49]1:[#6:54](:[#6:53](:[#6:52](:[#7&+:51](-[#6:58]):[#6:50]:1-[#1:290])-[#1:266])-[#1:265])-[#1:264]>>[#6:55](=[#8:57])-[#6:49]1=[#6:50](-[#7:51](-[#6:58])-[#6:52](=[#6:53](-[#6:54]-1(-[#1:264])-[#1])-[#1:265])-[#1:266])-[#1:290].[#6:147]-[#6:98](=[#8:97])-[#16]-[#6],"EVODEX.2-P1242,EVODEX.2-P1245,EVODEX.2-P1259,EVODEX.2-P1295,EVODEX.2-P1373",81766055273572925196747891426320636348316825947763187766288763620885644725022
EVODEX.2-Dm435,[#6:147]-[#6:98](-[#8:97]-[#1])(-[#1])-[#1]>>[#6:147]-[#6:98](=[#8:97])-[#16]-[#6],"EVODEX.2-P1243,EVODEX.2-P1244,EVODEX.2-P1246,EVODEX.2-P1263,EVODEX.2-P1370",59748233551397721080586110457874978899084402641938716766349620223330366139000
EVODEX.2-Dm436,[#6:54]-[#6:52](-[#8:53]-[#1])(-[#6](-[#6](=[#8])-[#8:58]-[#1])(-[#1])-[#1])-[#6:55]=[#8:56]>>[#6:54]-[#6:52](=[#8:53])-[#6:55]=[#8:56].[#8:58](-[#1])-[#1],"EVODEX.2-P1256,EVODEX.2-P1395,EVODEX.2-P1427,EVODEX.2-P1434,EVODEX.2-P1441",112025856363263388118792617786378781554852480467232457986344236375938129289109
EVODEX.2-Dm437,[#6:3]-[#16:2]-[#1].[#6:62]-[#8:61]-[#6:1](=[#8:50])-[#6:51]=[#6:52]-[#6:53]1:[#6:54]:[#6:56]:[#6:58]:[#6:57]:[#6:55]:1>>[#6:3]-[#16:2]-[#6:1](=[#8:50])-[#6:51]=[#6:52]-[#6:53]1:[#6:54]:[#6:56]:[#6:58]:[#6:57]:[#6:55]:1.[#6:62]-[#8:61]-[#1],"EVODEX.2-P1261,EVODEX.2-P1386,EVODEX.2-P1389,EVODEX.2-P1391,EVODEX.2-P1421",83280000173149424092939465363738078027999256036578866148145103858003521344270
EVODEX.2-Dm438,[#6:3]-[#16:2]-[#1].[#6:58]-[#8:57]-[#6:1](=[#8:50])-[#6:51]1:[#6:52]:[#6:54]:[#6:56]:[#6:55]:[#6:53]:1>>[#6:3]-[#16:2]-[#6:1](=[#8:50])-[#6:51]1:[#6:52]:[#6:54]:[#6:56]:[#6:55]:[#6:53]:1.[#6:58]-[#8:57]-[#1],"EVODEX.2-P1285,EVODEX.2-P1290,EVODEX.2-P1381,EVODEX.2-P1383,EVODEX.2-P1451",111065260680510807416700610452705882956509051733963727077988454428941365456822
EVODEX.2-Dm439,[#6:3]-[#16:2]-[#1].[#6:50]-[#6:1](=[#8:51])-[#1].[#6:72](=[#8:74])-[#6:66]1:[#6:71](:[#6:70](:[#6:69](:[#7&+:68](-[#6:75]):[#6:67]:1-[#1:205])-[#1:182])-[#1:181])-[#1:180]>>[#6:50]-[#6:1](=[#8:51])-[#16:2]-[#6:3].[#6:72](=[#8:74])-[#6:66]1=[#6:67](-[#7:68](-[#6:75])-[#6:69](=[#6:70](-[#6:71]-1(-[#1:180])-[#1])-[#1:181])-[#1:182])-[#1:205],"EVODEX.2-P1357,EVODEX.2-P1358,EVODEX.2-P1369,EVODEX.2-P1372,EVODEX.2-P1402",34567051138525331794365690517999169202826568104328516793577385789763163418911
EVODEX.2-Dm440,[#6:56]1:[#6:54]:[#6:53](-[#6:52]=[#6:50]-[#6:1](=[#8:51])-[#8:62]-[#6:63]):[#6:55]:[#6:57]:[#6:59]:1>>[#6:56]1:[#6:54]:[#6:53](-[#6:52]=[#6:50]-[#6:1](=[#8:51])-[#16]-[#6]):[#6:55]:[#6:57]:[#6:59]:1.[#6:63]-[#8:62]-[#1],"EVODEX.2-P1385,EVODEX.2-P1387,EVODEX.2-P1390,EVODEX.2-P1392,EVODEX.2-P1426",76624903914934507640476670061396951711954457675912631150345275901140149259456
EVODEX.2-Dm441,[#6:54]-[#6:52](-[#8:53]-[#1])(-[#6:1](-[#6:2](=[#8:51])-[#8]-[#1])(-[#1:106])-[#1:107])-[#6:55]=[#8:57]>>[#6:1](-[#6:2](=[#8:51])-[#16]-[#6])(-[#1:106])(-[#1:107])-[#1].[#6:54]-[#6:52](=[#8:53])-[#6:55]=[#8:57],"EVODEX.2-P1397,EVODEX.2-P1400,EVODEX.2-P1435,EVODEX.2-P1437,EVODEX.2-P1443",8445635560632935192104039485966488594720112643625906277719900757924436472413
EVODEX.2-Dm442,[#6:4]-[#16:3]-[#1].[#6:54]-[#6:52](-[#8:53]-[#1])(-[#6:1](-[#6:2](=[#8:51])-[#8]-[#1])(-[#1:109])-[#1:110])-[#6:55]=[#8:57]>>[#6:1](-[#6:2](=[#8:51])-[#16:3]-[#6:4])(-[#1:109])(-[#1:110])-[#1].[#6:54]-[#6:52](=[#8:53])-[#6:55]=[#8:57],"EVODEX.2-P1398,EVODEX.2-P1406,EVODEX.2-P1430,EVODEX.2-P1436,EVODEX.2-P1438",27344408095653293045998898553960436520035720060782695957450393721455394591582
EVODEX.2-Dm443,[#6:4]-[#16:3]-[#1].[#6:54]-[#6:52](-[#8:53]-[#1])(-[#6:1](-[#6:2](=[#8:51])-[#8:62]-[#1])(-[#1:109])-[#1:110])-[#6:55]=[#8:57]>>[#6:1](-[#6:2](=[#8:51])-[#16:3]-[#6:4])(-[#1:109])(-[#1:110])-[#1].[#6:54]-[#6:52](=[#8:53])-[#6:55]=[#8:57].[#8:62](-[#1])-[#1],"EVODEX.2-P1399,EVODEX.2-P1428,EVODEX.2-P1432,EVODEX.2-P1440,EVODEX.2-P1442",40748409871427843285017951586449043784148573782299023785710655277650580708689
EVODEX.2-Dm444,[#6]-[#16]-[#6:56](=[#8:58])-[#6:59].[#8]=[#6](-[#8:57]-[#1])-[#6]>>[#6:59]-[#6:56](=[#8:58])-[#8:57]-[#1],"EVODEX.2-P1459,EVODEX.2-P1462,EVODEX.2-P1497,EVODEX.2-P1518,EVODEX.2-P2079",79824090676861598557039104450791330118953267667447651207980083587492291069585
EVODEX.2-Dm445,[#6:3](=[#8:5])-[#6:1](=[#6:2](-[#6:53])-[#1:98])-[#1:97].[#8:60](-[#8:61]-[#1])-[#1]>>[#6:3](=[#8:5])-[#6:1](-[#6:2](-[#6:53])(-[#1:98])-[#1])(-[#1:97])-[#1].[#8:60]=[#8:61],"EVODEX.2-P1464,EVODEX.2-P1465,EVODEX.2-P1468,EVODEX.2-P2568,EVODEX.2-P2731",14267736060117446437987060494427751131443370230776296600011664947911986612537
EVODEX.2-Dm446,[#6]-[#16]-[#6:49](=[#8:51])-[#6:52]=[#6:53]-[#6:54]1:[#6:55]:[#6:57]:[#6:59]:[#6:58]:[#6:56]:1.[#6:62]-[#8:50]-[#1]>>[#6:62]-[#8:50]-[#6:49](=[#8:51])-[#6:52]=[#6:53]-[#6:54]1:[#6:55]:[#6:57]:[#6:59]:[#6:58]:[#6:56]:1,"EVODEX.2-P1470,EVODEX.2-P1472,EVODEX.2-P2861,EVODEX.2-P2862,EVODEX.2-P2863",9011215648172307344496895813015565345290988382768474826941869304087355509136
EVODEX.2-Dm447,[#6:2]-[#16:1]-[#6:49](=[#8:51])-[#6:52]=[#6:53]-[#6:54]1:[#6:55]:[#6:57]:[#6:59]:[#6:58]:[#6:56]:1.[#6:62]-[#8:50]-[#1]>>[#6:2]-[#16:1]-[#1].[#8:51]=[#6:49](-[#6:52]=[#6:53]-[#6:54]1:[#6:55]:[#6:57]:[#6:59]:[#6:58]:[#6:56]:1)-[#8:50]-[#6:62],"EVODEX.2-P1471,EVODEX.2-P1473,EVODEX.2-P1474,EVODEX.2-P2859,EVODEX.2-P2860",19069156182156848449886399250354579991245340009995115248517366506036949487530
EVODEX.2-Dm448,[#6:3]-[#6:1](=[#8:4])-[#1].[#8:2](-[#1])-[#1]>>[#6:3]-[#6:1](=[#8:4])-[#8:2]-[#1],"EVODEX.2-P1504,EVODEX.2-P2037,EVODEX.2-P3218,EVODEX.2-P3241,EVODEX.2-P3245",46365950712874601554465938044106396352830216894420721422485788751160082009907
EVODEX.2-Dm449,[#6]-[#16]-[#6:49](=[#8:50])-[#6:51].[#6:62](=[#8:64])-[#6:56]1=[#6:61](-[#7:60](-[#6:65])-[#6:59](=[#6:58](-[#6:57]-1(-[#1:172])-[#1])-[#1:171])-[#1:170])-[#1:146]>>[#8:50]=[#6:49](-[#6:51])-[#1].[#6:62](=[#8:64])-[#6:56]1:[#6:57](:[#6:58](:[#6:59](:[#7&+:60](-[#6:65]):[#6:61]:1-[#1:146])-[#1:170])-[#1:171])-[#1:172],"EVODEX.2-P1506,EVODEX.2-P1728,EVODEX.2-P2075,EVODEX.2-P2684,EVODEX.2-P2685",45635010019165103486505686428520218993222089541136850534654853784980397582481
EVODEX.2-Dm450,[#6:2]-[#16:1]-[#6:49](=[#8:51])-[#6:52].[#6:60]-[#6:50](-[#7:61])(-[#6:62](=[#8:64])-[#8:63]-[#1])-[#1:114]>>[#6:2]-[#16:1]-[#1].[#6:60]-[#6:50](-[#7:61])(-[#6:49](=[#8:51])-[#6:52])-[#1:114].[#8:63]=[#6:62]=[#8:64],"EVODEX.2-P1526,EVODEX.2-P1723,EVODEX.2-P2629,EVODEX.2-P2686,EVODEX.2-P2705",73300095096869564925242550013773387157543564081522475869910851439968594068219
EVODEX.2-Dm452,[#6:2]-[#16:1]-[#6:49](=[#8:51])-[#6:52]1:[#6:53]:[#6:55]:[#6:57]:[#6:56]:[#6:54]:1.[#6:58]-[#8:50]-[#1]>>[#6:2]-[#16:1]-[#1].[#6:58]-[#8:50]-[#6:49](=[#8:51])-[#6:52]1:[#6:53]:[#6:55]:[#6:57]:[#6:56]:[#6:54]:1,"EVODEX.2-P1543,EVODEX.2-P1547,EVODEX.2-P1551,EVODEX.2-P1553,EVODEX.2-P1555",106231736432694453300752969618783548554485535166802112193548912069382634532714
EVODEX.2-Dm453,[#6]-[#16]-[#6:49](=[#8:51])-[#6:52]1:[#6:53]:[#6:55]:[#6:57]:[#6:56]:[#6:54]:1.[#6:58]-[#8:50]-[#1]>>[#6:58]-[#8:50]-[#6:49](=[#8:51])-[#6:52]1:[#6:53]:[#6:55]:[#6:57]:[#6:56]:[#6:54]:1,"EVODEX.2-P1544,EVODEX.2-P1545,EVODEX.2-P1548,EVODEX.2-P1554,EVODEX.2-P1556",93341931829859206651558860947069701059446585644623444399353690636544372622752
EVODEX.2-Dm454,[#6:58]-[#8:50]-[#1]>>[#6:58]-[#8:50]-[#6](=[#8])-[#6]1:[#6]:[#6]:[#6]:[#6]:[#6]:1,"EVODEX.2-P1546,EVODEX.2-P1549,EVODEX.2-P1550,EVODEX.2-P1552,EVODEX.2-P1557",12036432731073785417095978655840077348757271345380499830813271377415882017216
EVODEX.2-Dm456,[#6:3]-[#6:1](-[#8]-[#15]=[#8])(-[#1:62])-[#1:63].[#8:2](-[#1])-[#1]>>[#6:3]-[#6:1](-[#8:2]-[#1])(-[#1:62])-[#1:63],"EVODEX.2-P1573,EVODEX.2-P2223,EVODEX.2-P2956,EVODEX.2-P2966,EVODEX.2-P3763",34601422884340803897349743309130921841135549061627088834566742417187004286057
EVODEX.2-Dm457,[#15:73](=[#8:75])-[#8:72]-[#6:1](-[#8:3])(-[#6:4])-[#1:109].[#15:13](=[#8:15])-[#8:2]-[#1]>>[#15:13](=[#8:15])-[#8:2]-[#6:1](-[#8:3])(-[#6:4])-[#1:109].[#15:73](=[#8:75])-[#8:72]-[#1],"EVODEX.2-P1575,EVODEX.2-P1576,EVODEX.2-P1578,EVODEX.2-P1583,EVODEX.2-P1584",67874503575442004818529483995053195797602863421889724802930593638091947910262
EVODEX.2-Dm458,[#6:4]=[#6:3]-[#6:1](-[#8:46]-[#1])(-[#1:136])-[#1:137].[#8:48]-[#15:47](=[#8:49])(-[#8:50])-[#8:2]-[#15:42]=[#8:43]>>[#6:4]=[#6:3]-[#6:1](-[#8:2]-[#15:42]=[#8:43])(-[#1:136])-[#1:137].[#8:48]-[#15:47](=[#8:49])(-[#8:46]-[#1])-[#8:50],"EVODEX.2-P1585,EVODEX.2-P1587,EVODEX.2-P1588,EVODEX.2-P1589,EVODEX.2-P1597",115623311969647586348524923991456821952711217677817329288851296928175046772276
EVODEX.2-Dm459,[#6:4]=[#6:3]-[#6:1](-[#8:32]-[#15:34]=[#8:35])(-[#1:110])-[#1:111].[#8:38]-[#15:33](=[#8:39])(-[#8:2]-[#1])-[#8:40]>>[#6:4]=[#6:3]-[#6:1](-[#8:2]-[#1])(-[#1:110])-[#1:111].[#8:38]-[#15:33](=[#8:39])(-[#8:40])-[#8:32]-[#15:34]=[#8:35],"EVODEX.2-P1586,EVODEX.2-P1590,EVODEX.2-P1591,EVODEX.2-P1595,EVODEX.2-P1598",26702964921035248490900256835559503564053535491080970045514766038920547373820
EVODEX.2-Dm462,[#6:35](=[#8:37])-[#6:29]1=[#6:34](-[#7:33](-[#6:38])-[#6:32](=[#6:31](-[#6:30]-1(-[#1:105])-[#1])-[#1:104])-[#1:103])-[#1:79].[#6:3]-[#6:1](=[#8:2])-[#6:4]>>[#6:3]-[#6:1](-[#8:2]-[#1])(-[#6:4])-[#1].[#6:35](=[#8:37])-[#6:29]1:[#6:30](:[#6:31](:[#6:32](:[#7&+:33](-[#6:38]):[#6:34]:1-[#1:79])-[#1:103])-[#1:104])-[#1:105],"EVODEX.2-P1607,EVODEX.2-P2445,EVODEX.2-P2978,EVODEX.2-P3170,EVODEX.2-P3171",33600311537123965375104059020539235757800738949675380245292811068816743088311
EVODEX.2-Dm463,[#6:38](=[#8:40])-[#6:32]1:[#6:37](:[#6:36](:[#6:35](:[#7&+:34](-[#6:41]):[#6:33]:1-[#1:105])-[#1:82])-[#1:81])-[#1:80].[#6:3]-[#6:1](=[#8])-[#1:146]>>[#6:3]-[#6:1](-[#8]-[#1])(-[#1:146])-[#1].[#6:38](=[#8:40])-[#6:32]1=[#6:33](-[#7:34](-[#6:41])-[#6:35](=[#6:36](-[#6:37]-1(-[#1:80])-[#1])-[#1:81])-[#1:82])-[#1:105],"EVODEX.2-P1610,EVODEX.2-P3143,EVODEX.2-P3175,EVODEX.2-P3177,EVODEX.2-P3198",100056721964783563959398024869351272065087555207274203842345554940788825637085
EVODEX.2-Dm465,[#6:3]-[#6:1](-[#8]-[#1])(-[#6:4])-[#1:88].[#15:32](=[#8:34])-[#8:30]-[#1].[#8:58]=[#15:31](-[#8:2]-[#1])(-[#8:59])-[#8:60]>>[#6:3]-[#6:1](-[#8:2]-[#1])(-[#6:4])-[#1:88].[#15:32](=[#8:34])-[#8:30]-[#15:31](=[#8:58])(-[#8:59])-[#8:60],"EVODEX.2-P1616,EVODEX.2-P1754,EVODEX.2-P1773,EVODEX.2-P2121,EVODEX.2-P3638",88565187222422475771869387426641374940232031958429639141580442129043497669552
EVODEX.2-Dm466,[#6:3]-[#6:1](-[#8:34]-[#1])(-[#6:4])-[#1:88]>>[#6:3]-[#6:1](-[#8]-[#1])(-[#6:4])-[#1:88].[#8]-[#15](=[#8])(-[#8:34]-[#1])-[#8],"EVODEX.2-P1618,EVODEX.2-P2595,EVODEX.2-P2614,EVODEX.2-P3609,EVODEX.2-P3611",27366831629805998560994437429136336918633210400249816787014643350046877698552
EVODEX.2-Dm467,[#6:3]-[#6:1](-[#8]-[#1])(-[#6:4])-[#1:88].[#8:2](-[#1])-[#1]>>[#6:3]-[#6:1](-[#8:2]-[#1])(-[#6:4])-[#1:88],"EVODEX.2-P1619,EVODEX.2-P1769,EVODEX.2-P2611,EVODEX.2-P2619,EVODEX.2-P2964",76063986947005960144524810623330789184945776943174154215914014349183069804530
EVODEX.2-Dm468,[#6:3]-[#6:1](-[#8:34]-[#1])(-[#6:4])-[#1:88].[#8:2](-[#1])-[#1]>>[#6:3]-[#6:1](-[#8:2]-[#1])(-[#6:4])-[#1:88].[#8]-[#15](=[#8])(-[#8:34]-[#1])-[#8],"EVODEX.2-P1620,EVODEX.2-P1770,EVODEX.2-P2001,EVODEX.2-P2666,EVODEX.2-P3612",4164254335083474645736204547933392412043896039202048982593312163880131898700
EVODEX.2-Dm469,[#8:3]-[#6:1](-[#8:29]-[#1])(-[#6:4])-[#1:35].[#6:21]1:[#7:22]:[#6:20]:[#7:17]:[#6:15]2:[#7:2](:[#6:16]:[#7:19]:[#6:18]:1:2)-[#1]>>[#6:21]1:[#7:22]:[#6:20]:[#7:17]:[#6:15]2:[#6:18]:1:[#7:19]:[#6:16]:[#7:2]:2-[#6:1](-[#8:3])(-[#6:4])-[#1:35].[#8:29](-[#1])-[#1],"EVODEX.2-P1621,EVODEX.2-P2894,EVODEX.2-P3349,EVODEX.2-P3613,EVODEX.2-P3616",111859909015543072261366439948698793828986494834036187043600792893840098597191
EVODEX.2-Dm470,[#6:15](=[#8:17])-[#6:9]1=[#6:14](-[#7:13](-[#6:18])-[#6:12](=[#6:11](-[#6:10]-1(-[#1:81])-[#1])-[#1:80])-[#1:79])-[#1:56].[#6:3]-[#6:1](=[#8])-[#6:4]=[#8:7].[#7:2](-[#1])(-[#1])-[#1]>>[#6:3]-[#6:1](-[#7:2](-[#1])-[#1])(-[#6:4]=[#8:7])-[#1].[#6:15](=[#8:17])-[#6:9]1:[#6:10](:[#6:11](:[#6:12](:[#7&+:13](-[#6:18]):[#6:14]:1-[#1:56])-[#1:79])-[#1:80])-[#1:81],"EVODEX.2-P1626,EVODEX.2-P2083,EVODEX.2-P3004,EVODEX.2-P3014,EVODEX.2-P3018",21003398828150671228468600052458032720561644375661064373743752786294708328405
EVODEX.2-Dm471,[#6:15](=[#8:17])-[#6:9]1=[#6:14](-[#7:13](-[#6:18])-[#6:12](=[#6:11](-[#6:10]-1(-[#1:81])-[#1])-[#1:80])-[#1:79])-[#1:56].[#6:3]-[#6:1](=[#8:53])-[#6:4]=[#8:7]>>[#6:3]-[#6:1](-[#7](-[#1])-[#1])(-[#6:4]=[#8:7])-[#1].[#6:15](=[#8:17])-[#6:9]1:[#6:10](:[#6:11](:[#6:12](:[#7&+:13](-[#6:18]):[#6:14]:1-[#1:56])-[#1:79])-[#1:80])-[#1:81].[#8:53](-[#1])-[#1],"EVODEX.2-P1627,EVODEX.2-P3015,EVODEX.2-P3017,EVODEX.2-P3019,EVODEX.2-P3024",94480257357849211022858486989111703710475707393831869463402447847878724045638
EVODEX.2-Dm472,[#6:3]-[#6:1](=[#8:9])-[#6:4]=[#8:7].[#8:10](-[#8:11]-[#1])-[#1]>>[#6:3]-[#6:1](-[#7](-[#1])-[#1])(-[#6:4]=[#8:7])-[#1].[#8:9](-[#1])-[#1].[#8:10]=[#8:11],"EVODEX.2-P1628,EVODEX.2-P3031,EVODEX.2-P3032,EVODEX.2-P3046,EVODEX.2-P3059",28367553257935289136358537801099990402077023765220017950423797736892473348199
EVODEX.2-Dm473,[#6:3]-[#6:1](=[#8:10])-[#6:4]=[#8:7]>>[#6:3]-[#6:1](-[#7](-[#1])-[#1])(-[#6:4]=[#8:7])-[#1].[#8:10]=[#6](-[#6]=[#8])-[#1],"EVODEX.2-P1630,EVODEX.2-P2055,EVODEX.2-P3417,EVODEX.2-P3422,EVODEX.2-P3425",94608644271707764621550490132463908115670522436749050746713158229328348716592
EVODEX.2-Dm474,[#6:2]-[#6:1](=[#8:3])-[#6:6](=[#8:8])-[#8:7]-[#1]>>[#6:2]-[#6:1](=[#8:3])-[#1].[#8:7]=[#6:6]=[#8:8],"EVODEX.2-P1631,EVODEX.2-P1676,EVODEX.2-P3791,EVODEX.2-P3793,EVODEX.2-P3794",95305312180509765870931046288729002907539878653721926449013040149728960033326
EVODEX.2-Dm475,[#6:3]-[#6:1](=[#8:52])-[#6:4].[#7:2](-[#1])(-[#1])-[#1]>>[#6:3]-[#6:1](-[#7:2](-[#1])-[#1])(-[#6:4])-[#1].[#8:52](-[#1])-[#1],"EVODEX.2-P1634,EVODEX.2-P1887,EVODEX.2-P2060,EVODEX.2-P2274,EVODEX.2-P2899",79038358818603228994470112897798495158297424225962963040071816905885337621312
EVODEX.2-Dm476,[#6:3]-[#6:1](-[#6:7](=[#8:9])-[#8:8]-[#1])(-[#7:2](-[#8:10]-[#1])-[#8:6])-[#1:18]>>[#6:3]-[#6:1](=[#7:2]-[#8:6])-[#1:18].[#8:8]=[#6:7]=[#8:9].[#8:10](-[#1])-[#1],"EVODEX.2-P1636,EVODEX.2-P2920,EVODEX.2-P2925,EVODEX.2-P3798,EVODEX.2-P3801",112158730556021166273670129987687712087911593578306944305679405852575642632270
EVODEX.2-Dm477,[#6:3]-[#6:1](-[#6:7](=[#8:9])-[#8:8]-[#1])(-[#7:2](-[#8]-[#1])-[#8:6])-[#1:18]>>[#6:3]-[#6:1](=[#7:2]-[#8:6])-[#1:18].[#8:8]=[#6:7]=[#8:9],"EVODEX.2-P1637,EVODEX.2-P2915,EVODEX.2-P2921,EVODEX.2-P2928,EVODEX.2-P3797",64418694984527726781375884305730774959393883973634359442239989092100062960781
EVODEX.2-Dm479,[#7:3]=[#6:1](-[#7:4])-[#7](-[#6])-[#1].[#6:5]-[#7:2](-[#1])-[#1]>>[#6:5]-[#7:2](-[#6:1](=[#7:3])-[#7:4])-[#1],"EVODEX.2-P1641,EVODEX.2-P1683,EVODEX.2-P2900,EVODEX.2-P3104,EVODEX.2-P3106",97978384830502893934423986008238330800195311275257676948836874031089085303887
EVODEX.2-Dm480,[#6:5]-[#7:2](-[#1])-[#1]>>[#6:5]-[#7:2](-[#6](=[#7])-[#7])-[#1],"EVODEX.2-P1642,EVODEX.2-P1684,EVODEX.2-P3107,EVODEX.2-P3393,EVODEX.2-P3394",33019492467120225969246801888175038299408521418833479286666042865075991812204
EVODEX.2-Dm481,[#6:47]-[#6:45](-[#7:53](-[#1])-[#1])(-[#6:48]=[#8:51])-[#1].[#6:7](=[#8:9])-[#6:1]1:[#6:6](:[#6:5](:[#6:4](:[#7&+:3](-[#6:10]):[#6:2]:1-[#1:92])-[#1:69])-[#1:68])-[#1:67].[#8:46](-[#1])-[#1]>>[#6:7](=[#8:9])-[#6:1]1=[#6:2](-[#7:3](-[#6:10])-[#6:4](=[#6:5](-[#6:6]-1(-[#1:67])-[#1])-[#1:68])-[#1:69])-[#1:92].[#6:47]-[#6:45](=[#8:46])-[#6:48]=[#8:51].[#7:53](-[#1])(-[#1])-[#1],"EVODEX.2-P1643,EVODEX.2-P1646,EVODEX.2-P2132,EVODEX.2-P2277,EVODEX.2-P3219",23514339395044739115837704675398619393128912161246314106764844320152465254516
EVODEX.2-Dm482,[#6:47]-[#6:45](-[#7](-[#1])-[#1])(-[#6:48]=[#8:51])-[#1].[#6:7](=[#8:9])-[#6:1]1:[#6:6](:[#6:5](:[#6:4](:[#7&+:3](-[#6:10]):[#6:2]:1-[#1:92])-[#1:69])-[#1:68])-[#1:67].[#8:46](-[#1])-[#1]>>[#6:7](=[#8:9])-[#6:1]1=[#6:2](-[#7:3](-[#6:10])-[#6:4](=[#6:5](-[#6:6]-1(-[#1:67])-[#1])-[#1:68])-[#1:69])-[#1:92].[#6:47]-[#6:45](=[#8:46])-[#6:48]=[#8:51],"EVODEX.2-P1644,EVODEX.2-P1647,EVODEX.2-P1685,EVODEX.2-P1853,EVODEX.2-P2092",9859684403062843307595941742596424047137508083540816367764973336448616968721
EVODEX.2-Dm483,[#6:47]-[#6:45](-[#7](-[#1])-[#1])(-[#6:48]=[#8:51])-[#1].[#6:7](=[#8:9])-[#6:1]1:[#6:6](:[#6:5](:[#6:4](:[#7&+:3](-[#6:10]):[#6:2]:1-[#1:92])-[#1:69])-[#1:68])-[#1:67]>>[#6:7](=[#8:9])-[#6:1]1=[#6:2](-[#7:3](-[#6:10])-[#6:4](=[#6:5](-[#6:6]-1(-[#1:67])-[#1])-[#1:68])-[#1:69])-[#1:92].[#6:47]-[#6:45](=[#8])-[#6:48]=[#8:51],"EVODEX.2-P1645,EVODEX.2-P2093,EVODEX.2-P2278,EVODEX.2-P3103,EVODEX.2-P3252",31322650287936160728964688427199169687389472068828155596472659668875284362163
EVODEX.2-Dm484,[#6:8]-[#6:6](-[#7](-[#1])-[#1])(-[#6:9]=[#8:12])-[#1].[#8:7]=[#6](-[#6]=[#8])-[#1]>>[#6:8]-[#6:6](=[#8:7])-[#6:9]=[#8:12],"EVODEX.2-P1648,EVODEX.2-P1692,EVODEX.2-P3373,EVODEX.2-P3475,EVODEX.2-P3491",22364965387767097490349770769635573318215385205086340629476184493296040684544
EVODEX.2-Dm485,[#6:47]-[#6:45](-[#7:52](-[#1])-[#1])(-[#6:48])-[#1].[#6:7](=[#8:9])-[#6:1]1:[#6:6](:[#6:5](:[#6:4](:[#7&+:3](-[#6:10]):[#6:2]:1-[#1:93])-[#1:70])-[#1:69])-[#1:68]>>[#6:7](=[#8:9])-[#6:1]1=[#6:2](-[#7:3](-[#6:10])-[#6:4](=[#6:5](-[#6:6]-1(-[#1:68])-[#1])-[#1:69])-[#1:70])-[#1:93].[#6:47]-[#6:45](=[#8])-[#6:48].[#7:52](-[#1])(-[#1])-[#1],"EVODEX.2-P1649,EVODEX.2-P1893,EVODEX.2-P2100,EVODEX.2-P2905,EVODEX.2-P3258",100649263737589925800865784673141933069075921304436921858149132463471287618448
EVODEX.2-Dm486,[#6:47]-[#6:45](-[#7](-[#1])-[#1])(-[#6:48])-[#1].[#6:7](=[#8:9])-[#6:1]1:[#6:6](:[#6:5](:[#6:4](:[#7&+:3](-[#6:10]):[#6:2]:1-[#1:93])-[#1:70])-[#1:69])-[#1:68]>>[#6:7](=[#8:9])-[#6:1]1=[#6:2](-[#7:3](-[#6:10])-[#6:4](=[#6:5](-[#6:6]-1(-[#1:68])-[#1])-[#1:69])-[#1:70])-[#1:93].[#6:47]-[#6:45](=[#8])-[#6:48],"EVODEX.2-P1650,EVODEX.2-P2006,EVODEX.2-P3256,EVODEX.2-P3259,EVODEX.2-P3260",100474553059777430695508253462929325031680031287730320329878511814756883580337
EVODEX.2-Dm487,[#6:14]-[#7:13](-[#6](=[#7])-[#7])-[#1]>>[#6:14]-[#7:13](-[#1])-[#1],"EVODEX.2-P1653,EVODEX.2-P1696,EVODEX.2-P3090,EVODEX.2-P3091,EVODEX.2-P3095",82952730738992680130187672692497590162588156675751517342261552497947591610049
EVODEX.2-Dm488,[#6:14]-[#7:13](-[#6:1](=[#7:3])-[#7:4])-[#1]>>[#7:3]=[#6:1](-[#7:4])-[#7](-[#6])-[#1].[#6:14]-[#7:13](-[#1])-[#1],"EVODEX.2-P1654,EVODEX.2-P2102,EVODEX.2-P3088,EVODEX.2-P3093,EVODEX.2-P3098",44833067487855777521725785378167519606277945301144617182082960188304217914243
EVODEX.2-Dm489,[#6:2]-[#6:1](-[#8:65]-[#1])(-[#6:3]=[#8:6])-[#1:74].[#8:58]=[#6:55](-[#8:66]-[#1])-[#6:59].[#8:57]=[#6:56]=[#8:64]>>[#6:2]-[#6:1](-[#6:3]=[#8:6])(-[#1:74])-[#1].[#6:59]-[#6:55](=[#8:58])-[#6:56](=[#8:64])-[#8:57]-[#1].[#8:65]=[#8:66],"EVODEX.2-P1656,EVODEX.2-P2304,EVODEX.2-P2555,EVODEX.2-P2660,EVODEX.2-P2708",108561382018118973900557413929927250415308703357630230780725815323063934234377
EVODEX.2-Dm490,[#6:2]-[#6:1](-[#8]-[#1])(-[#6:3]=[#8:6])-[#1:74].[#8:58]=[#6:55](-[#8]-[#1])-[#6:59].[#8:57]=[#6:56]=[#8:64]>>[#6:2]-[#6:1](-[#6:3]=[#8:6])(-[#1:74])-[#1].[#6:59]-[#6:55](=[#8:58])-[#6:56](=[#8:64])-[#8:57]-[#1],"EVODEX.2-P1657,EVODEX.2-P1712,EVODEX.2-P2149,EVODEX.2-P2573,EVODEX.2-P2635",81306569480071034347256211694464642235037628753945666023823597966857267122434
EVODEX.2-Dm491,[#6:2]-[#6:1](-[#8]-[#1])(-[#6:3]=[#8:6])-[#1:74].[#8:57]=[#6:56]=[#8:64]>>[#6:2]-[#6:1](-[#6:3]=[#8:6])(-[#1:74])-[#1].[#6]-[#6](=[#8])-[#6:56](=[#8:64])-[#8:57]-[#1],"EVODEX.2-P1658,EVODEX.2-P1714,EVODEX.2-P2307,EVODEX.2-P2636,EVODEX.2-P2709",34797855295320293323093625793377659897652745262749380633846562217578071205877
EVODEX.2-Dm492,[#6:2]-[#6:1](-[#8:65]-[#1])(-[#6:3]=[#8:6])-[#1:74]>>[#6:2]-[#6:1](-[#6:3]=[#8:6])(-[#1:74])-[#1].[#8:65]=[#8],"EVODEX.2-P1659,EVODEX.2-P2151,EVODEX.2-P2575,EVODEX.2-P2637,EVODEX.2-P2700",93814717993011432455006600742056845266087919217572698688800517126328520331406
EVODEX.2-Dm493,[#6:2]-[#6:1](-[#8]-[#1])(-[#6:3]=[#8:6])-[#1:74].[#8:58]=[#6:55](-[#8]-[#1])-[#6:59]>>[#6:2]-[#6:1](-[#6:3]=[#8:6])(-[#1:74])-[#1].[#6:59]-[#6:55](=[#8:58])-[#6](=[#8])-[#8],"EVODEX.2-P1660,EVODEX.2-P1715,EVODEX.2-P2153,EVODEX.2-P2419,EVODEX.2-P2693",42908107524057485196278294471447901888461683848613054830804295543568693810932
EVODEX.2-Dm494,[#6:6]-[#6:3](=[#7:4]-[#8:9])-[#1:18]>>[#6:6]-[#6:3](-[#6](=[#8])-[#8])(-[#7:4](-[#8]-[#1])-[#8:9])-[#1:18],"EVODEX.2-P1664,EVODEX.2-P2918,EVODEX.2-P2923,EVODEX.2-P2931,EVODEX.2-P3749",33373086215904002748566920372982455212607484359906980114497628489748856436753
EVODEX.2-Dm495,[#6:12](=[#8:14])-[#6:6]1=[#6:11](-[#7:10](-[#6:15])-[#6:9](=[#6:8](-[#6:7]-1(-[#1:78])-[#1])-[#1:77])-[#1:76])-[#1:53].[#6:3]-[#6:1](=[#8:50])-[#1:87].[#7:2](-[#1])(-[#1])-[#1]>>[#6:3]-[#6:1](-[#7:2](-[#1])-[#1])(-[#1:87])-[#1].[#6:12](=[#8:14])-[#6:6]1:[#6:7](:[#6:8](:[#6:9](:[#7&+:10](-[#6:15]):[#6:11]:1-[#1:53])-[#1:76])-[#1:77])-[#1:78].[#8:50](-[#1])-[#1],"EVODEX.2-P1665,EVODEX.2-P2113,EVODEX.2-P2288,EVODEX.2-P3007,EVODEX.2-P3008",88263411336066989433805890830377533977874061333221458708186712274049197709187
EVODEX.2-Dm496,[#6:12](=[#8:14])-[#6:6]1=[#6:11](-[#7:10](-[#6:15])-[#6:9](=[#6:8](-[#6:7]-1(-[#1:78])-[#1])-[#1:77])-[#1:76])-[#1:53].[#6:3]-[#6:1](=[#8])-[#1:87]>>[#6:3]-[#6:1](-[#7](-[#1])-[#1])(-[#1:87])-[#1].[#6:12](=[#8:14])-[#6:6]1:[#6:7](:[#6:8](:[#6:9](:[#7&+:10](-[#6:15]):[#6:11]:1-[#1:53])-[#1:76])-[#1:77])-[#1:78],"EVODEX.2-P1666,EVODEX.2-P1669,EVODEX.2-P2112,EVODEX.2-P2247,EVODEX.2-P3010",15652823055465004231531591929010825392085031970110861053230750548018745287974
EVODEX.2-Dm497,[#6:12](=[#8:14])-[#6:6]1=[#6:11](-[#7:10](-[#6:15])-[#6:9](=[#6:8](-[#6:7]-1(-[#1:83])-[#1])-[#1:82])-[#1:81])-[#1:57].[#6:3]-[#6:1](=[#8])-[#1:92].[#7:2](-[#1])(-[#1])-[#1]>>[#6:3]-[#6:1](-[#7:2](-[#1])-[#1])(-[#1:92])-[#1].[#6:12](=[#8:14])-[#6:6]1:[#6:7](:[#6:8](:[#6:9](:[#7&+:10](-[#6:15]):[#6:11]:1-[#1:57])-[#1:81])-[#1:82])-[#1:83],"EVODEX.2-P1667,EVODEX.2-P2044,EVODEX.2-P2289,EVODEX.2-P2412,EVODEX.2-P3022",71437422197811647606688243999787198141572447743604977862645318772327500294549
EVODEX.2-Dm498,[#6:12](=[#8:14])-[#6:6]1=[#6:11](-[#7:10](-[#6:15])-[#6:9](=[#6:8](-[#6:7]-1(-[#1:83])-[#1])-[#1:82])-[#1:81])-[#1:57].[#6:3]-[#6:1](=[#8:54])-[#1:92]>>[#6:3]-[#6:1](-[#7](-[#1])-[#1])(-[#1:92])-[#1].[#6:12](=[#8:14])-[#6:6]1:[#6:7](:[#6:8](:[#6:9](:[#7&+:10](-[#6:15]):[#6:11]:1-[#1:57])-[#1:81])-[#1:82])-[#1:83].[#8:54](-[#1])-[#1],"EVODEX.2-P1668,EVODEX.2-P2309,EVODEX.2-P2413,EVODEX.2-P3009,EVODEX.2-P3023",57410205878581498333670757695261842266158859321217443480407173237922911980191
EVODEX.2-Dm499,[#6:4]-[#6:1](=[#8:5])-[#1]>>[#6:4]-[#6:1](=[#8:5])-[#6](=[#8])-[#8],"EVODEX.2-P1671,EVODEX.2-P1697,EVODEX.2-P2114,EVODEX.2-P3841,EVODEX.2-P3843",7924257718045833319330123637670511451422231093722421081971790621188448421786
EVODEX.2-Dm500,[#6:3]-[#6:1](=[#8:10])-[#6:4]=[#8:6].[#7:2](-[#1])(-[#1])-[#1].[#8:11](-[#8:12]-[#1])-[#1]>>[#6:3]-[#6:1](-[#7:2](-[#1])-[#1])(-[#6:4]=[#8:6])-[#1].[#8:10](-[#1])-[#1].[#8:11]=[#8:12],"EVODEX.2-P1673,EVODEX.2-P2250,EVODEX.2-P3038,EVODEX.2-P3056,EVODEX.2-P3065",29327012697952001624299488725959233347940835807052133352445639804042637118427
EVODEX.2-Dm501,[#6:3]-[#6:1](-[#6:4]=[#8:7])(-[#1:74])-[#1].[#6:58]-[#6:56](=[#8:59])-[#6:64](=[#8:66])-[#8:65]-[#1].[#8:2]=[#8:57]>>[#6:3]-[#6:1](-[#8:2]-[#1])(-[#6:4]=[#8:7])-[#1:74].[#8:59]=[#6:56](-[#8:57]-[#1])-[#6:58].[#8:65]=[#6:64]=[#8:66],"EVODEX.2-P1679,EVODEX.2-P2631,EVODEX.2-P2692,EVODEX.2-P2698,EVODEX.2-P2713",53413498897443896738897592233029831877410895232469099299620299037747069474057
EVODEX.2-Dm502,[#6:3]-[#6:1](-[#6:4]=[#8:7])(-[#1:74])-[#1]>>[#6:3]-[#6:1](-[#8]-[#1])(-[#6:4]=[#8:7])-[#1:74],"EVODEX.2-P1680,EVODEX.2-P2421,EVODEX.2-P2552,EVODEX.2-P2560,EVODEX.2-P2715",98905048646972025792692881467811728119084486716967554295025655574383653644542
EVODEX.2-Dm503,[#6:3]-[#6:1](-[#6:4]=[#8:7])(-[#1:74])-[#1].[#6]-[#6](=[#8])-[#6:64](=[#8:66])-[#8:65]-[#1]>>[#6:3]-[#6:1](-[#8]-[#1])(-[#6:4]=[#8:7])-[#1:74].[#8:65]=[#6:64]=[#8:66],"EVODEX.2-P1681,EVODEX.2-P1721,EVODEX.2-P2422,EVODEX.2-P2475,EVODEX.2-P2563",37059133822954503409967877780217034675339858695654471604130719383150297633669
EVODEX.2-Dm504,[#6:47]-[#6:45](-[#7:54](-[#1])-[#1])(-[#6:48]=[#8:50])-[#1].[#6:7](=[#8:9])-[#6:1]1:[#6:6](:[#6:5](:[#6:4](:[#7&+:3](-[#6:10]):[#6:2]:1-[#1:95])-[#1:72])-[#1:71])-[#1:70]>>[#6:7](=[#8:9])-[#6:1]1=[#6:2](-[#7:3](-[#6:10])-[#6:4](=[#6:5](-[#6:6]-1(-[#1:70])-[#1])-[#1:71])-[#1:72])-[#1:95].[#6:47]-[#6:45](=[#8])-[#6:48]=[#8:50].[#7:54](-[#1])(-[#1])-[#1],"EVODEX.2-P1686,EVODEX.2-P3102,EVODEX.2-P3221,EVODEX.2-P3230,EVODEX.2-P3257",79191983603372356554556178369230979373914124238740738083470303491336168328583
EVODEX.2-Dm505,[#6:47]-[#6:45](-[#7](-[#1])-[#1])(-[#6:48]=[#8:50])-[#1].[#8:46](-[#1])-[#1]>>[#6:47]-[#6:45](=[#8:46])-[#6:48]=[#8:50],"EVODEX.2-P1687,EVODEX.2-P2303,EVODEX.2-P3207,EVODEX.2-P3222,EVODEX.2-P3470",71485213571492812337043279469070830350215328377884738584950146426998968132927
EVODEX.2-Dm506,[#6:3]-[#6:1](=[#8])-[#6:4]=[#8:6]>>[#6:3]-[#6:1](-[#7](-[#1])-[#1])(-[#6:4]=[#8:6])-[#1],"EVODEX.2-P1688,EVODEX.2-P1862,EVODEX.2-P3020,EVODEX.2-P3050,EVODEX.2-P3328",9063441996963024233592088054992223878826563145514836221568793808711294026263
EVODEX.2-Dm507,[#6:3]-[#6:1](-[#7](-[#1])-[#1])(-[#6:4]=[#8:6])-[#1].[#8:2](-[#1])-[#1].[#8:11]=[#8:12]>>[#6:3]-[#6:1](=[#8:2])-[#6:4]=[#8:6].[#8:11](-[#8:12]-[#1])-[#1],"EVODEX.2-P1690,EVODEX.2-P2302,EVODEX.2-P3376,EVODEX.2-P3386,EVODEX.2-P3469",39398913084218926435867135231921105411085115135566275179604085625534178369788
EVODEX.2-Dm508,[#6:8]-[#6:6](-[#7:2](-[#1])-[#1])(-[#6:9]=[#8:11])-[#1].[#8:7]=[#6:1](-[#6:3]=[#8:4])-[#1:28]>>[#7:2](-[#6:1](-[#6:3]=[#8:4])(-[#1:28])-[#1])(-[#1])-[#1].[#6:8]-[#6:6](=[#8:7])-[#6:9]=[#8:11],"EVODEX.2-P1691,EVODEX.2-P3282,EVODEX.2-P3363,EVODEX.2-P3387,EVODEX.2-P3490",37740329203510048067576698328014118770793459658974442158109046350409529001308
EVODEX.2-Dm509,[#6:47]-[#6:45](-[#7](-[#1])-[#1])(-[#6:48])-[#1].[#6:7](=[#8:9])-[#6:1]1:[#6:6](:[#6:5](:[#6:4](:[#7&+:3](-[#6:10]):[#6:2]:1-[#1:96])-[#1:73])-[#1:72])-[#1:71].[#8:46](-[#1])-[#1]>>[#6:7](=[#8:9])-[#6:1]1=[#6:2](-[#7:3](-[#6:10])-[#6:4](=[#6:5](-[#6:6]-1(-[#1:71])-[#1])-[#1:72])-[#1:73])-[#1:96].[#6:47]-[#6:45](=[#8:46])-[#6:48],"EVODEX.2-P1693,EVODEX.2-P1881,EVODEX.2-P1885,EVODEX.2-P1889,EVODEX.2-P1890",47079470981313269224607140884896429552721537996469156679485113786641536562323
EVODEX.2-Dm510,[#6:3]-[#6:1](=[#8:2])-[#6:4].[#8:29](-[#8:30]-[#1])-[#1]>>[#6:3]-[#6:1](-[#8:2]-[#1])(-[#6:4])-[#1].[#8:29]=[#8:30],"EVODEX.2-P1702,EVODEX.2-P2958,EVODEX.2-P3832,EVODEX.2-P3833,EVODEX.2-P3834",3215224486414555928388951061524629680939311273728985987979484525284026238226
EVODEX.2-Dm511,[#6:2]-[#6:1](-[#8]-[#1])(-[#6:3]=[#8:6])-[#1:119]>>[#6:2]-[#6:1](-[#6:3]=[#8:6])(-[#1:119])-[#1],"EVODEX.2-P1713,EVODEX.2-P2150,EVODEX.2-P2306,EVODEX.2-P2425,EVODEX.2-P2661",26258812646104312855325437750316992166229709553982045018518960343772709915773
EVODEX.2-Dm512,[#6:3]-[#6:1](-[#6:4]=[#8:7])(-[#1:119])-[#1].[#6]-[#6](=[#8])-[#6:79](=[#8:81])-[#8:80]-[#1].[#8:2]=[#8]>>[#6:3]-[#6:1](-[#8:2]-[#1])(-[#6:4]=[#8:7])-[#1:119].[#8:80]=[#6:79]=[#8:81],"EVODEX.2-P1719,EVODEX.2-P2583,EVODEX.2-P2639,EVODEX.2-P2707,EVODEX.2-P2716",99134630150855993635796671884508145249966354414096215770630692896258521523951
EVODEX.2-Dm513,[#6:3]-[#6:1](-[#6:4]=[#8:7])(-[#1:119])-[#1].[#8:2]=[#8:72]>>[#6:3]-[#6:1](-[#8:2]-[#1])(-[#6:4]=[#8:7])-[#1:119].[#8]=[#6](-[#8:72]-[#1])-[#6],"EVODEX.2-P1720,EVODEX.2-P2325,EVODEX.2-P2463,EVODEX.2-P2633,EVODEX.2-P2640",108784828260768960184071646905406011349308841732741256409565586335616447539259
EVODEX.2-Dm514,[#6:1](-[#6:3])(-[#1:70])(-[#1:71])-[#1].[#6:27](=[#8:29])-[#6:21]1=[#6:26](-[#7:25](-[#6:30])-[#6:24](=[#6:23](-[#6:22]-1(-[#1:132])-[#1])-[#1:131])-[#1:130])-[#1:106]>>[#6:3]-[#6:1](-[#8]-[#1])(-[#1:70])-[#1:71].[#6:27](=[#8:29])-[#6:21]1:[#6:22](:[#6:23](:[#6:24](:[#7&+:25](-[#6:30]):[#6:26]:1-[#1:106])-[#1:130])-[#1:131])-[#1:132],"EVODEX.2-P1726,EVODEX.2-P2108,EVODEX.2-P2355,EVODEX.2-P2565,EVODEX.2-P2959",15825574173192713997737716192251566475752741709851253793222117465637146708765
EVODEX.2-Dm515,[#6:47]-[#6:45](-[#7:50](-[#1])-[#1])(-[#1:58])-[#1].[#6:7](=[#8:9])-[#6:1]1:[#6:6](:[#6:5](:[#6:4](:[#7&+:3](-[#6:10]):[#6:2]:1-[#1:89])-[#1:66])-[#1:65])-[#1:64]>>[#6:7](=[#8:9])-[#6:1]1=[#6:2](-[#7:3](-[#6:10])-[#6:4](=[#6:5](-[#6:6]-1(-[#1:64])-[#1])-[#1:65])-[#1:66])-[#1:89].[#6:47]-[#6:45](=[#8])-[#1:58].[#7:50](-[#1])(-[#1])-[#1],"EVODEX.2-P1732,EVODEX.2-P2117,EVODEX.2-P2739,EVODEX.2-P2742,EVODEX.2-P2752",86769452556444955969368372911004850732494422765961055676769961917335269096412
EVODEX.2-Dm516,[#6:51]-[#6:49](-[#7](-[#1])-[#1])(-[#1:62])-[#1].[#6:7](=[#8:9])-[#6:1]1:[#6:6](:[#6:5](:[#6:4](:[#7&+:3](-[#6:10]):[#6:2]:1-[#1:94])-[#1:70])-[#1:69])-[#1:68].[#8:50](-[#1])-[#1]>>[#6:7](=[#8:9])-[#6:1]1=[#6:2](-[#7:3](-[#6:10])-[#6:4](=[#6:5](-[#6:6]-1(-[#1:68])-[#1])-[#1:69])-[#1:70])-[#1:94].[#6:51]-[#6:49](=[#8:50])-[#1:62],"EVODEX.2-P1733,EVODEX.2-P2116,EVODEX.2-P2741,EVODEX.2-P2761,EVODEX.2-P3237",26878789558756908821217594631351968973670362844304118202155589547801426461787
EVODEX.2-Dm517,[#6:11]-[#7:2](-[#1])-[#1].[#8]-[#15](=[#8])(-[#8])-[#8:14]-[#15:15]=[#8:16]>>[#6:11]-[#7:2](-[#6](=[#8])-[#6])-[#1].[#8:16]=[#15:15]-[#8:14]-[#1],"EVODEX.2-P1734,EVODEX.2-P2133,EVODEX.2-P3297,EVODEX.2-P3303,EVODEX.2-P3313",6800291552210731467424552634520525677688586782287998570217881836941804059191
EVODEX.2-Dm518,[#6:2]-[#6:1](-[#6:3])(-[#8:48]-[#1])-[#1:53].[#6:10](=[#8:12])-[#6:4]1:[#6:9](:[#6:8](:[#6:7](:[#7&+:6](-[#6:13]):[#6:5]:1-[#1:85])-[#1:62])-[#1:61])-[#1:60]>>[#6:2]-[#6:1](-[#6:3])(-[#1:53])-[#1].[#6:10](=[#8:12])-[#6:4]1=[#6:5](-[#7:6](-[#6:13])-[#6:7](=[#6:8](-[#6:9]-1(-[#1:60])-[#1])-[#1:61])-[#1:62])-[#1:85].[#8:48]=[#8],"EVODEX.2-P1737,EVODEX.2-P1951,EVODEX.2-P2014,EVODEX.2-P2022,EVODEX.2-P2157",3606816748490397336999453369172824819831301388771295583993825309979301826375
EVODEX.2-Dm519,[#6:3]-[#6:1](=[#8:4])-[#1].[#6:29](=[#8:31])-[#6:23]1:[#6:28](:[#6:27](:[#6:26](:[#7&+:25](-[#6:32]):[#6:24]:1-[#1:124])-[#1:101])-[#1:100])-[#1:99]>>[#6:3]-[#6:1](=[#8:4])-[#8]-[#1].[#6:29](=[#8:31])-[#6:23]1=[#6:24](-[#7:25](-[#6:32])-[#6:26](=[#6:27](-[#6:28]-1(-[#1:99])-[#1])-[#1:100])-[#1:101])-[#1:124],"EVODEX.2-P1740,EVODEX.2-P2311,EVODEX.2-P3235,EVODEX.2-P3240,EVODEX.2-P3274",91698277521027247199012504124184607606192763187047101653377334070459439034936
EVODEX.2-Dm520,[#6:3]-[#6:1](-[#8:38]-[#1])(-[#6:4])-[#1:84].[#8:40]-[#15:39](=[#8:41])(-[#8:42])-[#8:2]-[#16:34](=[#8:35])=[#8:36]>>[#6:3]-[#6:1](-[#8:2]-[#16:34](=[#8:35])=[#8:36])(-[#6:4])-[#1:84].[#8:40]-[#15:39](=[#8:41])(-[#8:38]-[#1])-[#8:42],"EVODEX.2-P1743,EVODEX.2-P1749,EVODEX.2-P1756,EVODEX.2-P1790,EVODEX.2-P1973",89834854330772921291669341626556506021510877155499921667373052261372592122718
EVODEX.2-Dm522,[#6:3]-[#6:1](-[#8:35]-[#1])(-[#6:4])-[#1:88].[#8:64]=[#15:37](-[#8:2]-[#1])(-[#8:65])-[#8:66]>>[#6:3]-[#6:1](-[#8:2]-[#1])(-[#6:4])-[#1:88].[#8:35](-[#1])-[#1].[#15](=[#8])-[#8]-[#15:37](=[#8:64])(-[#8:65])-[#8:66],"EVODEX.2-P1760,EVODEX.2-P1768,EVODEX.2-P2120,EVODEX.2-P2664,EVODEX.2-P3610",27048543322325932306412608834905218919764243605680994106032659657823893564535
EVODEX.2-Dm524,[#6:3]-[#6:1](-[#8:63]-[#6:64])(-[#1:146])-[#1:147]>>[#6:3]-[#6:1](-[#8]-[#1])(-[#1:146])-[#1:147].[#6:64]-[#8:63]-[#1],"EVODEX.2-P1807,EVODEX.2-P2026,EVODEX.2-P2648,EVODEX.2-P2649,EVODEX.2-P3779",51388630389844006721970280351648972474131881960333633821554895687855222165112
EVODEX.2-Dm525,[#6:4]-[#6:2]1(-[#8:1]-[#6:5]-1)-[#1:42].[#8:3](-[#1])-[#1]>>[#6:4]-[#6:2](-[#8:3]-[#1])(-[#6:5]-[#8:1]-[#1])-[#1:42],"EVODEX.2-P1808,EVODEX.2-P2350,EVODEX.2-P2351,EVODEX.2-P2353,EVODEX.2-P2996",54839056133745167724804485212642929727608185643791559768947363777937894665436
EVODEX.2-Dm526,[#6:4]-[#6:2]1(-[#8:1]-[#6:5]-1)-[#1:42]>>[#6:4]-[#6:2](-[#8]-[#1])(-[#6:5]-[#8:1]-[#1])-[#1:42],"EVODEX.2-P1809,EVODEX.2-P2155,EVODEX.2-P2206,EVODEX.2-P2352,EVODEX.2-P2354",57633970727878610868723611967040457340102806639267407284069717979273902766788
EVODEX.2-Dm527,[#6:2]-[#6:1](-[#8]-[#1])(-[#1:67])-[#1:68].[#6:24](=[#8:26])-[#6:18]1:[#6:23](:[#6:22](:[#6:21](:[#7&+:20](-[#6:27]):[#6:19]:1-[#1:107])-[#1:84])-[#1:83])-[#1:82]>>[#6:1](-[#6:2])(-[#1:67])(-[#1:68])-[#1].[#6:24](=[#8:26])-[#6:18]1=[#6:19](-[#7:20](-[#6:27])-[#6:21](=[#6:22](-[#6:23]-1(-[#1:82])-[#1])-[#1:83])-[#1:84])-[#1:107],"EVODEX.2-P1822,EVODEX.2-P1827,EVODEX.2-P2127,EVODEX.2-P2756,EVODEX.2-P2960",13468131595116647376980297733755020595496960029812284319369756483035461511189
EVODEX.2-Dm528,[#6:3]-[#6:1](-[#8:74]-[#1])(-[#1:79])-[#1:80]>>[#6:3]-[#6:1](-[#8]-[#6])(-[#1:79])-[#1:80].[#8:74](-[#1])-[#1],"EVODEX.2-P1823,EVODEX.2-P2025,EVODEX.2-P2647,EVODEX.2-P2658,EVODEX.2-P3001",55013080860220633868897900815154563643974255594715666674175068975224045847840
EVODEX.2-Dm529,[#6:3]-[#6:1](=[#8:4])-[#8]-[#1].[#8:2](-[#1])-[#1]>>[#6:3]-[#6:1](=[#8:4])-[#8:2]-[#1],"EVODEX.2-P1830,EVODEX.2-P2094,EVODEX.2-P2732,EVODEX.2-P3292,EVODEX.2-P3368",112404613087020851072561714494924271565140050285896912530876312684761131290214
EVODEX.2-Dm530,[#6:3]-[#6:1](=[#8:4])-[#8]-[#1].[#8]=[#15](-[#8:2]-[#1])(-[#8])-[#8]>>[#6:3]-[#6:1](=[#8:4])-[#8:2]-[#1],"EVODEX.2-P1836,EVODEX.2-P2358,EVODEX.2-P3409,EVODEX.2-P3468,EVODEX.2-P3646",15915309718274475254197829422715976633005600156959234714377915785567072283755
EVODEX.2-Dm532,[#6:3]-[#6:1](-[#7:7](-[#1])-[#1])(-[#6:4]=[#8:5])-[#1].[#8:2](-[#1])-[#1].[#8:8]=[#8:9]>>[#6:3]-[#6:1](=[#8:2])-[#6:4]=[#8:5].[#7:7](-[#1])(-[#1])-[#1].[#8:8](-[#8:9]-[#1])-[#1],"EVODEX.2-P1867,EVODEX.2-P3320,EVODEX.2-P3380,EVODEX.2-P3383,EVODEX.2-P3483",105489185545275599195691665739458149744802439972771622917885494350816961761391
EVODEX.2-Dm533,[#6:3]-[#6:1](-[#7](-[#1])-[#1])(-[#6:4]=[#8:5])-[#1].[#8:8]=[#8:9]>>[#6:3]-[#6:1](=[#8])-[#6:4]=[#8:5].[#8:8](-[#8:9]-[#1])-[#1],"EVODEX.2-P1868,EVODEX.2-P2904,EVODEX.2-P3110,EVODEX.2-P3212,EVODEX.2-P3322",34536786430187433302649371583245035969069157703741069317384878747878092323471
EVODEX.2-Dm534,[#6:47]-[#6:45](-[#7:51](-[#1])-[#1])(-[#6:48])-[#1].[#6:7](=[#8:9])-[#6:1]1:[#6:6](:[#6:5](:[#6:4](:[#7&+:3](-[#6:10]):[#6:2]:1-[#1:90])-[#1:67])-[#1:66])-[#1:65].[#8:46](-[#1])-[#1]>>[#6:7](=[#8:9])-[#6:1]1=[#6:2](-[#7:3](-[#6:10])-[#6:4](=[#6:5](-[#6:6]-1(-[#1:65])-[#1])-[#1:66])-[#1:67])-[#1:90].[#6:47]-[#6:45](=[#8:46])-[#6:48].[#7:51](-[#1])(-[#1])-[#1],"EVODEX.2-P1880,EVODEX.2-P1882,EVODEX.2-P2099,EVODEX.2-P2142,EVODEX.2-P2143",75302922929822839810285975602548189193014781970964264095829982566963431951275
EVODEX.2-Dm535,[#6:3]-[#6:1](-[#7:7](-[#1])-[#1])=[#8:4].[#8:2](-[#1])-[#1]>>[#6:3]-[#6:1](=[#8:4])-[#8:2]-[#1].[#7:7](-[#1])(-[#1])-[#1],"EVODEX.2-P1883,EVODEX.2-P2244,EVODEX.2-P2535,EVODEX.2-P2585,EVODEX.2-P3204",8133504885653743724821200234263147304183375882375076370101244733527701075414
EVODEX.2-Dm536,[#6:3]-[#6:1](-[#7](-[#1])-[#1])=[#8:4].[#8:2](-[#1])-[#1]>>[#6:3]-[#6:1](=[#8:4])-[#8:2]-[#1],"EVODEX.2-P1884,EVODEX.2-P2246,EVODEX.2-P3136,EVODEX.2-P3200,EVODEX.2-P3209",19358205965114958064087190545012750011550915399599874681584469719913041371229
EVODEX.2-Dm537,[#6:47]-[#6:45](-[#7:53](-[#1])-[#1])(-[#6:48])-[#1]>>[#6:47]-[#6:45](=[#8])-[#6:48].[#7:53](-[#1])(-[#1])-[#1],"EVODEX.2-P1891,EVODEX.2-P2005,EVODEX.2-P2007,EVODEX.2-P2011,EVODEX.2-P3438",25389971445795353563956493724981235550073451799880001636987185781060751859416
EVODEX.2-Dm538,[#6:47]-[#6:45](-[#7:53](-[#1])-[#1])(-[#6:48])-[#1].[#8:46](-[#1])-[#1]>>[#6:47]-[#6:45](=[#8:46])-[#6:48].[#7:53](-[#1])(-[#1])-[#1],"EVODEX.2-P1892,EVODEX.2-P2008,EVODEX.2-P2280,EVODEX.2-P3231,EVODEX.2-P3233",52056295485783500247500136880363823693229051051650306815608271932000220573630
EVODEX.2-Dm539,[#6:47]-[#6:45](-[#7:51](-[#6:52])-[#1])(-[#6:48]=[#8:49])-[#1].[#6:7](=[#8:9])-[#6:1]1:[#6:6](:[#6:5](:[#6:4](:[#7&+:3](-[#6:10]):[#6:2]:1-[#1:95])-[#1:72])-[#1:71])-[#1:70].[#8:46](-[#1])-[#1]>>[#6:7](=[#8:9])-[#6:1]1=[#6:2](-[#7:3](-[#6:10])-[#6:4](=[#6:5](-[#6:6]-1(-[#1:70])-[#1])-[#1:71])-[#1:72])-[#1:95].[#6:47]-[#6:45](=[#8:46])-[#6:48]=[#8:49].[#6:52]-[#7:51](-[#1])-[#1],"EVODEX.2-P1896,EVODEX.2-P1901,EVODEX.2-P1903,EVODEX.2-P1905,EVODEX.2-P3226",57397966056101811093909600894165698702949615271567811335206735455015658437810
EVODEX.2-Dm540,[#6]-[#6](-[#7:51](-[#6:52])-[#1])(-[#6]=[#8])-[#1]>>[#6:52]-[#7:51](-[#1])-[#1],"EVODEX.2-P1897,EVODEX.2-P1904,EVODEX.2-P1909,EVODEX.2-P1911,EVODEX.2-P2796",57089119029727252985482477767230706543389983809904479780151401688345624124481
EVODEX.2-Dm541,[#6:47]-[#6:45](-[#7:51](-[#6:52])-[#1])(-[#6:48]=[#8:49])-[#1]>>[#6:47]-[#6:45](=[#8])-[#6:48]=[#8:49].[#6:52]-[#7:51](-[#1])-[#1],"EVODEX.2-P1898,EVODEX.2-P2281,EVODEX.2-P2797,EVODEX.2-P3115,EVODEX.2-P3227",20579190271869759909979946871879538684154601762640104295157964382174671445652
EVODEX.2-Dm542,[#6:47]-[#6:45](-[#7:51](-[#6:52])-[#1])(-[#6:48]=[#8:49])-[#1].[#6:7](=[#8:9])-[#6:1]1:[#6:6](:[#6:5](:[#6:4](:[#7&+:3](-[#6:10]):[#6:2]:1-[#1:95])-[#1:72])-[#1:71])-[#1:70]>>[#6:7](=[#8:9])-[#6:1]1=[#6:2](-[#7:3](-[#6:10])-[#6:4](=[#6:5](-[#6:6]-1(-[#1:70])-[#1])-[#1:71])-[#1:72])-[#1:95].[#6:47]-[#6:45](=[#8])-[#6:48]=[#8:49].[#6:52]-[#7:51](-[#1])-[#1],"EVODEX.2-P1899,EVODEX.2-P1908,EVODEX.2-P2282,EVODEX.2-P3117,EVODEX.2-P3224",3469108952489303039545383831032897807624034577109454653247844865363426585115
EVODEX.2-Dm543,[#6]-[#6](-[#7:51](-[#6:52])-[#1])(-[#6]=[#8])-[#1].[#6:7](=[#8:9])-[#6:1]1:[#6:6](:[#6:5](:[#6:4](:[#7&+:3](-[#6:10]):[#6:2]:1-[#1:95])-[#1:72])-[#1:71])-[#1:70]>>[#6:7](=[#8:9])-[#6:1]1=[#6:2](-[#7:3](-[#6:10])-[#6:4](=[#6:5](-[#6:6]-1(-[#1:70])-[#1])-[#1:71])-[#1:72])-[#1:95].[#6:52]-[#7:51](-[#1])-[#1],"EVODEX.2-P1900,EVODEX.2-P1902,EVODEX.2-P1907,EVODEX.2-P1913,EVODEX.2-P2799",28792417409351197464879641194675675419560548291846077032270012395089865196823
EVODEX.2-Dm544,[#6:51]-[#6:49](-[#7:55](-[#6:56])-[#1])(-[#6:52]=[#8:53])-[#1].[#8:50](-[#1])-[#1]>>[#6:51]-[#6:49](=[#8:50])-[#6:52]=[#8:53].[#7:55](-[#6:56])(-[#1])-[#1],"EVODEX.2-P1906,EVODEX.2-P1910,EVODEX.2-P1912,EVODEX.2-P2798,EVODEX.2-P3116",87836826748379734189399774950113835704407932223696140988132315609529171915626
EVODEX.2-Dm546,[#6:3]-[#6:1](=[#8])-[#6:4]=[#8:7].[#7:2](-[#1])(-[#1])-[#1]>>[#6:3]-[#6:1](-[#7:2](-[#1])-[#1])(-[#6:4]=[#8:7])-[#1],"EVODEX.2-P1921,EVODEX.2-P2047,EVODEX.2-P2293,EVODEX.2-P3002,EVODEX.2-P3033",72142973340147261914680715306470636735111309753848123398567898363895751313498
EVODEX.2-Dm547,[#6:3]-[#6:1](-[#7:9](-[#1])-[#1])(-[#6:4]=[#8:7])-[#1].[#8:10]=[#8:11]>>[#6:3]-[#6:1](=[#8])-[#6:4]=[#8:7].[#7:9](-[#1])(-[#1])-[#1].[#8:10](-[#8:11]-[#1])-[#1],"EVODEX.2-P1927,EVODEX.2-P2279,EVODEX.2-P3321,EVODEX.2-P3369,EVODEX.2-P3372",22701134821655222125361174295535389932112696194887110367208048202938242312747
EVODEX.2-Dm548,[#6:18](=[#8:20])-[#6:12]1=[#6:17](-[#7:16](-[#6:21])-[#6:15](=[#6:14](-[#6:13]-1(-[#1:83])-[#1])-[#1:82])-[#1:81])-[#1:58].[#8:3]-[#6:1](=[#8:2])-[#6:4]>>[#8:3]-[#6:1](-[#8:2]-[#1])(-[#6:4])-[#1].[#6:18](=[#8:20])-[#6:12]1:[#6:13](:[#6:14](:[#6:15](:[#7&+:16](-[#6:21]):[#6:17]:1-[#1:58])-[#1:81])-[#1:82])-[#1:83],"EVODEX.2-P1932,EVODEX.2-P3173,EVODEX.2-P3190,EVODEX.2-P3196,EVODEX.2-P3197",109472746702600617131669588280520156514876965107343925593054973578108720082114
EVODEX.2-Dm549,[#6:9]-[#6:7](-[#8:8]-[#1])(-[#6](-[#6](=[#8])-[#6]=[#8])(-[#1])-[#1])-[#1:13]>>[#6:9]-[#6:7](=[#8:8])-[#1:13],"EVODEX.2-P1933,EVODEX.2-P3786,EVODEX.2-P3788,EVODEX.2-P3789,EVODEX.2-P3828",33106706476217109475202745547926799080134031548622041125850915398876346877182
EVODEX.2-Dm551,[#6:3]-[#6:1](=[#8:4])-[#8:13]-[#6:14].[#8:2](-[#1])-[#1]>>[#6:3]-[#6:1](=[#8:4])-[#8:2]-[#1].[#8:13](-[#6:14])-[#1],"EVODEX.2-P1950,EVODEX.2-P2524,EVODEX.2-P3741,EVODEX.2-P3771,EVODEX.2-P3772",31060413215451819376807198352811413157750527303687932885026334331779146602028
EVODEX.2-Dm552,[#6:3]-[#6:1](-[#8:20]-[#1])(-[#6:4])-[#1:35].[#8:13]=[#15:12]-[#8:2]-[#1]>>[#6:3]-[#6:1](-[#8:2]-[#15:12]=[#8:13])(-[#6:4])-[#1:35].[#8:20](-[#1])-[#1],"EVODEX.2-P1953,EVODEX.2-P2265,EVODEX.2-P2807,EVODEX.2-P3845,EVODEX.2-P3859",15158413689142364002101649522593810079715558911696041935357941851248818499438
EVODEX.2-Dm553,[#6:21](=[#8:23])-[#6:15]1=[#6:20](-[#7:19](-[#6:24])-[#6:18](=[#6:17](-[#6:16]-1(-[#1:86])-[#1])-[#1:85])-[#1:84])-[#1:61].[#6:4]-[#6:1](=[#7:2]-[#6:11])-[#6:3]=[#8:5]>>[#6:4]-[#6:1](-[#7:2](-[#6:11])-[#1])(-[#6:3]=[#8:5])-[#1].[#6:21](=[#8:23])-[#6:15]1:[#6:16](:[#6:17](:[#6:18](:[#7&+:19](-[#6:24]):[#6:20]:1-[#1:61])-[#1:84])-[#1:85])-[#1:86],"EVODEX.2-P1955,EVODEX.2-P3159,EVODEX.2-P3160,EVODEX.2-P3185,EVODEX.2-P3186",11216031726885843203424861009548335127999716146591399946103044423888840848263
EVODEX.2-Dm554,[#6:3]-[#6:1](-[#6:4])(-[#1:65])-[#1].[#8:2]=[#8:61]>>[#6:3]-[#6:1](-[#8:2]-[#1])(-[#6:4])-[#1:65].[#8:61](-[#1])-[#1],"EVODEX.2-P1965,EVODEX.2-P2018,EVODEX.2-P2161,EVODEX.2-P2168,EVODEX.2-P2608",104764008011395235734875304860924171259472653911309527299432547032880386039171
EVODEX.2-Dm555,[#6:27](-[#16&+:1](-[#6:2])-[#6:3])(-[#1:49])(-[#1:50])-[#1:51].[#6:35]1:[#6:32]:[#6:30]:[#6:29](-[#8:28]-[#1]):[#6:31]:[#6:34]:1>>[#6:3]-[#16:1]-[#6:2].[#6:27](-[#8:28]-[#6:29]1:[#6:31]:[#6:34]:[#6:35]:[#6:32]:[#6:30]:1)(-[#1:49])(-[#1:50])-[#1:51],"EVODEX.2-P1968,EVODEX.2-P2172,EVODEX.2-P2173,EVODEX.2-P2872,EVODEX.2-P2950",27968639531974669249066373523439143396654795863843714564927891076745356145720
EVODEX.2-Dm558,[#6:3]-[#6:1](-[#8:91]-[#1])(-[#1:154])-[#1:155].[#8:120]=[#15:93](-[#8:2]-[#1])(-[#8:121])-[#8:122]>>[#6:3]-[#6:1](-[#8:2]-[#1])(-[#1:154])-[#1:155].[#8:91](-[#1])-[#1].[#15](=[#8])-[#8]-[#15:93](=[#8:120])(-[#8:121])-[#8:122],"EVODEX.2-P1983,EVODEX.2-P3655,EVODEX.2-P3660,EVODEX.2-P3663,EVODEX.2-P3668",46677814585455806993164346741885483853286400597857902415535220626241806306952
EVODEX.2-Dm559,[#6:3]-[#6:1](-[#8]-[#1])(-[#1:154])-[#1:155].[#15:94](=[#8:96])-[#8:92]-[#1].[#8:120]=[#15:93](-[#8:2]-[#1])(-[#8:121])-[#8:122]>>[#6:3]-[#6:1](-[#8:2]-[#1])(-[#1:154])-[#1:155].[#15:94](=[#8:96])-[#8:92]-[#15:93](=[#8:120])(-[#8:121])-[#8:122],"EVODEX.2-P1984,EVODEX.2-P2850,EVODEX.2-P2988,EVODEX.2-P3658,EVODEX.2-P3661",27912585398102628222768339050622582821970903424629075938136336602904798080721
EVODEX.2-Dm560,[#6:3]-[#6:1](-[#8:91]-[#1])(-[#1:154])-[#1:155].[#8]=[#15](-[#8:2]-[#1])(-[#8])-[#8]>>[#6:3]-[#6:1](-[#8:2]-[#1])(-[#1:154])-[#1:155].[#8:91](-[#1])-[#1],"EVODEX.2-P1985,EVODEX.2-P3652,EVODEX.2-P3656,EVODEX.2-P3662,EVODEX.2-P3664",22703287486313347614436997053172296764233284188838007952766916131635805929428
EVODEX.2-Dm561,[#6:3]-[#6:1](-[#6:4])(-[#8:72]-[#15:74]=[#8:75])-[#1:128].[#8:101]=[#15:73](-[#8:102])(-[#8:103])-[#8:2]-[#15:68]=[#8:69]>>[#6:3]-[#6:1](-[#6:4])(-[#8:2]-[#15:68]=[#8:69])-[#1:128].[#15:74](=[#8:75])-[#8:72]-[#15:73](=[#8:101])(-[#8:102])-[#8:103],"EVODEX.2-P1989,EVODEX.2-P3568,EVODEX.2-P3671,EVODEX.2-P3672,EVODEX.2-P3725",74975683320760493886405577228460378519081588621585290099468866584145652505012
EVODEX.2-Dm562,[#6:3]-[#6:1](=[#8:4])-[#8:68]-[#6:2](-[#6:8])(-[#1:73])-[#1:74].[#6:25](=[#8:27])-[#6:19]1:[#6:24](:[#6:23](:[#6:22](:[#7&+:21](-[#6:28]):[#6:20]:1-[#1:117])-[#1:93])-[#1:92])-[#1:91]>>[#6:3]-[#6:1](=[#8:4])-[#6:2](-[#6:8])(-[#1:73])-[#1:74].[#6:25](=[#8:27])-[#6:19]1=[#6:20](-[#7:21](-[#6:28])-[#6:22](=[#6:23](-[#6:24]-1(-[#1:91])-[#1])-[#1:92])-[#1:93])-[#1:117].[#8]=[#8:68],"EVODEX.2-P1996,EVODEX.2-P2321,EVODEX.2-P2748,EVODEX.2-P3267,EVODEX.2-P3273",40391990438369316045159964080713520631535938178385077610127886359431676735311
EVODEX.2-Dm564,[#6:14](=[#8:16])-[#6:8]1=[#6:13](-[#7:12](-[#6:17])-[#6:11](=[#6:10](-[#6:9]-1(-[#1:85])-[#1])-[#1:84])-[#1:83])-[#1:59].[#6:3]-[#6:1](=[#8:56])-[#6:4]>>[#6:3]-[#6:1](-[#7](-[#1])-[#1])(-[#6:4])-[#1].[#6:14](=[#8:16])-[#6:8]1:[#6:9](:[#6:10](:[#6:11](:[#7&+:12](-[#6:17]):[#6:13]:1-[#1:59])-[#1:83])-[#1:84])-[#1:85].[#8:56](-[#1])-[#1],"EVODEX.2-P2002,EVODEX.2-P2009,EVODEX.2-P2081,EVODEX.2-P3011,EVODEX.2-P3027",75546905773904844912083297859657764134728450790477472832261599477114951145343
EVODEX.2-Dm565,[#6:3]-[#6:1](=[#8:56])-[#6:4]>>[#6:3]-[#6:1](-[#7](-[#1])-[#1])(-[#6:4])-[#1].[#8:56](-[#1])-[#1],"EVODEX.2-P2004,EVODEX.2-P2012,EVODEX.2-P2261,EVODEX.2-P2275,EVODEX.2-P3029",56123410599302102935815105936518158588072493034389501372223755553874647937796
EVODEX.2-Dm566,[#6:3]-[#6:1](-[#6:4])(-[#1:96])-[#1].[#6:39](=[#8:41])-[#6:33]1=[#6:38](-[#7:37](-[#6:42])-[#6:36](=[#6:35](-[#6:34]-1(-[#1:140])-[#1])-[#1:139])-[#1:138])-[#1:114].[#8:2]=[#8]>>[#6:4]-[#6:1](-[#8:2]-[#1])(-[#6:3])-[#1:96].[#6:39](=[#8:41])-[#6:33]1:[#6:34](:[#6:35](:[#6:36](:[#7&+:37](-[#6:42]):[#6:38]:1-[#1:114])-[#1:138])-[#1:139])-[#1:140],"EVODEX.2-P2017,EVODEX.2-P2160,EVODEX.2-P2167,EVODEX.2-P2671,EVODEX.2-P2728",82962005724121521314486937296991104184885537919607503790539354594897953742741
EVODEX.2-Dm567,[#8:3]-[#6:1](-[#8]-[#15]=[#8])(-[#6:4])-[#1:52].[#15:12](=[#8:14])-[#8:2]-[#15](=[#8])(-[#8])-[#8]>>[#8:3]-[#6:1](-[#8:2]-[#15:12]=[#8:14])(-[#6:4])-[#1:52],"EVODEX.2-P2028,EVODEX.2-P2986,EVODEX.2-P3604,EVODEX.2-P3726,EVODEX.2-P3858",62508990399860313519650083691473822686569875146435691021598207152758220822627
EVODEX.2-Dm568,[#8:3]-[#6:1](-[#8:16]-[#15:18]=[#8:19])(-[#6:4])-[#1:52]>>[#8:3]-[#6:1](-[#8]-[#15]=[#8])(-[#6:4])-[#1:52].[#15:18](=[#8:19])-[#8:16]-[#15](=[#8])(-[#8])-[#8],"EVODEX.2-P2034,EVODEX.2-P2985,EVODEX.2-P3598,EVODEX.2-P3689,EVODEX.2-P3864",3433899947350554979999676654060916027087316203000337806083729998323314757464
EVODEX.2-Dm569,[#6:29]-[#7:28](-[#6:30])-[#1]>>[#6:29]-[#7:28](-[#6](-[#1])(-[#1])-[#1])-[#6:30],"EVODEX.2-P2041,EVODEX.2-P2812,EVODEX.2-P2828,EVODEX.2-P2831,EVODEX.2-P2881",6039622031122019727818100527951922280023081385522120666134168921725845592907
EVODEX.2-Dm570,[#6:3]-[#6:1](=[#7:8]-[#1])-[#6:4]=[#8:6].[#8:2](-[#1])-[#1]>>[#6:3]-[#6:1](=[#8:2])-[#6:4]=[#8:6].[#7:8](-[#1])(-[#1])-[#1],"EVODEX.2-P2045,EVODEX.2-P3086,EVODEX.2-P3220,EVODEX.2-P3228,EVODEX.2-P3384",96617564646920675994093832960281676825623192444623409619573782137579959809395
EVODEX.2-Dm571,[#7:2](-[#6:8](-[#6:10])(-[#6:11]=[#8:13])-[#1])(-[#1])-[#1].[#6:3]-[#6:1](=[#8:9])-[#6:4]=[#8:6]>>[#6:3]-[#6:1](-[#7:2](-[#1])-[#1])(-[#6:4]=[#8:6])-[#1].[#8:13]=[#6:11]-[#6:8](=[#8:9])-[#6:10],"EVODEX.2-P2050,EVODEX.2-P2138,EVODEX.2-P2294,EVODEX.2-P3381,EVODEX.2-P3555",19289699970765942619919903533565576078892691398218973096400295831790160521695
EVODEX.2-Dm572,[#6:13](=[#8:15])-[#6:7]1=[#6:12](-[#7:11](-[#6:16])-[#6:10](=[#6:9](-[#6:8]-1(-[#1:79])-[#1])-[#1:78])-[#1:77])-[#1:54].[#6:3]-[#6:1](=[#8])-[#6:4].[#7:2](-[#1])(-[#1])-[#1]>>[#6:3]-[#6:1](-[#7:2](-[#1])-[#1])(-[#6:4])-[#1].[#6:13](=[#8:15])-[#6:7]1:[#6:8](:[#6:9](:[#6:10](:[#7&+:11](-[#6:16]):[#6:12]:1-[#1:54])-[#1:77])-[#1:78])-[#1:79],"EVODEX.2-P2064,EVODEX.2-P2260,EVODEX.2-P2273,EVODEX.2-P2327,EVODEX.2-P3030",17353065819028026531588343501199013514089786955255643965153645087344016117690
EVODEX.2-Dm573,[#6:2]-[#6:1](=[#8:3])-[#8:62]-[#1].[#8:64]-[#15:63](=[#8:65])(-[#8:66])-[#8:53]-[#15:54]=[#8:55]>>[#6:2]-[#6:1](=[#8:3])-[#1].[#8:55]=[#15:54]-[#8:53]-[#1].[#8:64]-[#15:63](=[#8:65])(-[#8:62]-[#1])-[#8:66],"EVODEX.2-P2070,EVODEX.2-P2262,EVODEX.2-P2297,EVODEX.2-P2417,EVODEX.2-P3179",24758645201044416065151801414162058570471587684724923594258958160649160738783
EVODEX.2-Dm574,[#6:2]-[#6:1](=[#8:3])-[#8:62]-[#1].[#6:11](=[#8:13])-[#6:5]1=[#6:10](-[#7:9](-[#6:14])-[#6:8](=[#6:7](-[#6:6]-1(-[#1:119])-[#1])-[#1:118])-[#1:117])-[#1:93].[#8:64]-[#15:63](=[#8:65])(-[#8:66])-[#8:53]-[#15:54]=[#8:55]>>[#6:2]-[#6:1](=[#8:3])-[#1].[#6:11](=[#8:13])-[#6:5]1:[#6:6](:[#6:7](:[#6:8](:[#7&+:9](-[#6:14]):[#6:10]:1-[#1:93])-[#1:117])-[#1:118])-[#1:119].[#8:55]=[#15:54]-[#8:53]-[#1].[#8:64]-[#15:63](=[#8:65])(-[#8:62]-[#1])-[#8:66],"EVODEX.2-P2071,EVODEX.2-P2263,EVODEX.2-P2418,EVODEX.2-P2470,EVODEX.2-P3178",57036440251738702487220282627540832032305178048510425585786260884605459955265
EVODEX.2-Dm575,[#6:3]-[#6:1](-[#6](=[#8])-[#8])(-[#7:2](-[#8:11]-[#1])-[#8:7])-[#1:21]>>[#6:3]-[#6:1](=[#7:2]-[#8:7])-[#1:21].[#8:11](-[#1])-[#1],"EVODEX.2-P2089,EVODEX.2-P2914,EVODEX.2-P2926,EVODEX.2-P3795,EVODEX.2-P3799",4898232316162888575448576310196722209634465403003948077294045174817816572114
EVODEX.2-Dm577,[#6:6]-[#6:3](=[#7:4]-[#8:10])-[#1:21].[#8:5](-[#1])-[#1]>>[#6:6]-[#6:3](-[#6](=[#8])-[#8])(-[#7:4](-[#8:5]-[#1])-[#8:10])-[#1:21],"EVODEX.2-P2111,EVODEX.2-P2922,EVODEX.2-P2930,EVODEX.2-P3752,EVODEX.2-P3755",54664108592269480895064218157169472257101156809603001081311962997351327540855
EVODEX.2-Dm578,[#6:47]-[#6:45](-[#7:51](-[#1])-[#1])(-[#1:61])-[#1].[#6:7](=[#8:9])-[#6:1]1:[#6:6](:[#6:5](:[#6:4](:[#7&+:3](-[#6:10]):[#6:2]:1-[#1:92])-[#1:69])-[#1:68])-[#1:67].[#8:46](-[#1])-[#1]>>[#6:7](=[#8:9])-[#6:1]1=[#6:2](-[#7:3](-[#6:10])-[#6:4](=[#6:5](-[#6:6]-1(-[#1:67])-[#1])-[#1:68])-[#1:69])-[#1:92].[#6:47]-[#6:45](=[#8:46])-[#1:61].[#7:51](-[#1])(-[#1])-[#1],"EVODEX.2-P2115,EVODEX.2-P2740,EVODEX.2-P2758,EVODEX.2-P3234,EVODEX.2-P3236",45057395904729534851163148294281511616351213081001314927375579606996123878084
EVODEX.2-Dm579,[#6:51]-[#6:49](-[#7](-[#1])-[#1])(-[#1:65])-[#1].[#6:7](=[#8:9])-[#6:1]1:[#6:6](:[#6:5](:[#6:4](:[#7&+:3](-[#6:10]):[#6:2]:1-[#1:97])-[#1:73])-[#1:72])-[#1:71]>>[#6:7](=[#8:9])-[#6:1]1=[#6:2](-[#7:3](-[#6:10])-[#6:4](=[#6:5](-[#6:6]-1(-[#1:71])-[#1])-[#1:72])-[#1:73])-[#1:97].[#6:51]-[#6:49](=[#8])-[#1:65],"EVODEX.2-P2118,EVODEX.2-P2743,EVODEX.2-P2753,EVODEX.2-P3238,EVODEX.2-P3261",71788497720027588109148446207675987837794611824290509633554999212655547433188
EVODEX.2-Dm580,[#6:3]-[#6:1](-[#6:4])(-[#1:26])-[#1].[#6:14]-[#6:12](=[#8:15])-[#6:20](=[#8:22])-[#8:21]-[#1].[#8:2]=[#8:13]>>[#6:3]-[#6:1](-[#8:2]-[#1])(-[#6:4])-[#1:26].[#8:15]=[#6:12](-[#8:13]-[#1])-[#6:14].[#8:21]=[#6:20]=[#8:22],"EVODEX.2-P2123,EVODEX.2-P2787,EVODEX.2-P3471,EVODEX.2-P3485,EVODEX.2-P3818",30793836293991433818310833091968031133152311078658648192815852254130898904014
EVODEX.2-Dm583,[#6:2]-[#6:1](-[#8:64]-[#1])(-[#6:3]=[#8:5])-[#1:71].[#8:57]=[#6:54](-[#8:65]-[#1])-[#6:58]>>[#6:2]-[#6:1](-[#6:3]=[#8:5])(-[#1:71])-[#1].[#6:58]-[#6:54](=[#8:57])-[#6](=[#8])-[#8].[#8:64]=[#8:65],"EVODEX.2-P2152,EVODEX.2-P2426,EVODEX.2-P2603,EVODEX.2-P2662,EVODEX.2-P2710",103739379721969343877066441714311978286805325831258446606693363970087735579787
EVODEX.2-Dm584,[#6:5]=[#6:4]-[#6:3](=[#6:2](-[#6:1](-[#6:18])(-[#8:24]-[#8:25]-[#1])-[#1:47])-[#1:46])-[#1:45]>>[#6:5]=[#6:4]-[#6:3](-[#6:2](=[#6:1](-[#6:18])-[#1:47])-[#1:46])(-[#1:45])-[#1].[#8:24]=[#8:25],"EVODEX.2-P2156,EVODEX.2-P2186,EVODEX.2-P2330,EVODEX.2-P2340,EVODEX.2-P2840",43459437976926142347610211734104041477878838807293713291497991578053986504507
EVODEX.2-Dm585,[#6:4]-[#6:1](-[#6:3])(-[#1:69])-[#1].[#6]-[#6](=[#8])-[#6:39](=[#8:41])-[#8:40]-[#1].[#8:2]=[#8]>>[#6:4]-[#6:1](-[#6:3])(-[#8:2]-[#1])-[#1:69].[#8:40]=[#6:39]=[#8:41],"EVODEX.2-P2170,EVODEX.2-P3099,EVODEX.2-P3473,EVODEX.2-P3814,EVODEX.2-P3822",105224340340411629049979563333257581211563639195045393251040346895663972113437
EVODEX.2-Dm586,[#6:42]-[#8:41]-[#8:64]-[#1]>>[#6:42]-[#8:41]-[#1].[#8:64](-[#1])-[#1],"EVODEX.2-P2188,EVODEX.2-P2193,EVODEX.2-P2199,EVODEX.2-P2207,EVODEX.2-P2569",62005785914626728281061843374582555537115222997212285482343902394680824643709
EVODEX.2-Dm587,[#6:16]-[#6:1](-[#6:2](=[#6:3](-[#6:4]=[#6:5])-[#1:34])-[#1:33])(-[#8]-[#8])-[#1:32]>>[#6:16]-[#6:1](=[#6:2](-[#6:3](-[#6:4]=[#6:5])(-[#1:34])-[#1])-[#1:33])-[#1:32],"EVODEX.2-P2190,EVODEX.2-P2198,EVODEX.2-P2208,EVODEX.2-P2331,EVODEX.2-P2337",87949862654747157110460214661683130565649215283309689407759654269147505140008
EVODEX.2-Dm588,[#6:15]=[#6:14]-[#6:1](-[#6:2](=[#6:3](-[#6:6])-[#1:49])-[#1:48])(-[#1:46])-[#1].[#8:4]=[#8:5]>>[#6:15]=[#6:14]-[#6:1](=[#6:2](-[#6:3](-[#6:6])(-[#8:4]-[#8:5]-[#1])-[#1:49])-[#1:48])-[#1:46],"EVODEX.2-P2213,EVODEX.2-P2233,EVODEX.2-P2364,EVODEX.2-P2369,EVODEX.2-P2392",57765647562789485917599788751741557256379766376461163036172653103236499429616
EVODEX.2-Dm589,[#6:3]-[#6:1](-[#8]-[#15]=[#8])(-[#1:149])-[#1:150].[#8]-[#15](=[#8])(-[#8:2]-[#1])-[#8]>>[#6:3]-[#6:1](-[#8:2]-[#1])(-[#1:149])-[#1:150],"EVODEX.2-P2221,EVODEX.2-P2406,EVODEX.2-P2811,EVODEX.2-P3400,EVODEX.2-P3677",21705926685439127997595116119441086186285880880392582695227273112039849900410
EVODEX.2-Dm590,[#6:3]-[#6:1](-[#8:49]-[#15:50]=[#8:51])(-[#1:123])-[#1:124].[#8:2](-[#1])-[#1]>>[#6:3]-[#6:1](-[#8:2]-[#1])(-[#1:123])-[#1:124].[#8:51]=[#15:50]-[#8:49]-[#1],"EVODEX.2-P2222,EVODEX.2-P2387,EVODEX.2-P3563,EVODEX.2-P3738,EVODEX.2-P3777",17313143956975899018672427482321433715573004944481626837817297282260036772038
EVODEX.2-Dm591,[#6:7]-[#8:5]-[#1].[#8:13]-[#15:6](=[#8:14])(-[#8:15])-[#8:1]-[#6:2]>>[#6:2]-[#8:1]-[#1].[#8:13]-[#15:6](=[#8:14])(-[#8:15])-[#8:5]-[#6:7],"EVODEX.2-P2225,EVODEX.2-P2390,EVODEX.2-P2596,EVODEX.2-P2965,EVODEX.2-P3142",104934643399156969260271886022841864876420745687383274084897482880641581210118
EVODEX.2-Dm592,[#6:3]-[#6:1](=[#8:4])-[#8]-[#1].[#7:2](-[#1])(-[#1])-[#1]>>[#6:3]-[#6:1](-[#7:2](-[#1])-[#1])=[#8:4],"EVODEX.2-P2239,EVODEX.2-P2434,EVODEX.2-P3051,EVODEX.2-P3061,EVODEX.2-P3063",93596460602167143618292606624164256556283492068510415801373028309337943617888
EVODEX.2-Dm593,[#6:3]-[#6:1](=[#8:4])-[#8:21]-[#6:22]>>[#6:3]-[#6:1](=[#8:4])-[#8]-[#1].[#6:22]-[#8:21]-[#1],"EVODEX.2-P2240,EVODEX.2-P2334,EVODEX.2-P2384,EVODEX.2-P2394,EVODEX.2-P2530",55224251857828450369294531137808559439373936941969438525796967207132719841924
EVODEX.2-Dm594,[#6:3]-[#6:1](=[#8:4])-[#8]-[#6].[#8:2](-[#1])-[#1]>>[#6:3]-[#6:1](=[#8:4])-[#8:2]-[#1],"EVODEX.2-P2242,EVODEX.2-P2333,EVODEX.2-P2454,EVODEX.2-P2543,EVODEX.2-P2578",63026994961316608053623511839534187753176632491538415196069322436893823086535
EVODEX.2-Dm595,[#6:3]-[#6:1](=[#8:4])-[#8]-[#1]>>[#6:3]-[#6:1](-[#7](-[#1])-[#1])=[#8:4],"EVODEX.2-P2245,EVODEX.2-P2533,EVODEX.2-P2577,EVODEX.2-P3042,EVODEX.2-P3069",99950457550561024493605686205184415361890280483619580379842117337095135180204
EVODEX.2-Dm596,[#6:3]-[#6:1](=[#8:49])-[#1:84].[#7:2](-[#1])(-[#1])-[#1]>>[#6:3]-[#6:1](-[#7:2](-[#1])-[#1])(-[#1:84])-[#1].[#8:49](-[#1])-[#1],"EVODEX.2-P2248,EVODEX.2-P3049,EVODEX.2-P3073,EVODEX.2-P3076,EVODEX.2-P3082",50803954189443923412907225824409214865897100848946492748797588295079234852374
EVODEX.2-Dm597,[#6:15](=[#8:17])-[#6:9]1=[#6:14](-[#7:13](-[#6:18])-[#6:12](=[#6:11](-[#6:10]-1(-[#1:81])-[#1])-[#1:80])-[#1:79])-[#1:56].[#6:3]-[#6:1](=[#8:53])-[#6:4]=[#8:6].[#7:2](-[#1])(-[#1])-[#1]>>[#6:3]-[#6:1](-[#7:2](-[#1])-[#1])(-[#6:4]=[#8:6])-[#1].[#6:15](=[#8:17])-[#6:9]1:[#6:10](:[#6:11](:[#6:12](:[#7&+:13](-[#6:18]):[#6:14]:1-[#1:56])-[#1:79])-[#1:80])-[#1:81].[#8:53](-[#1])-[#1],"EVODEX.2-P2249,EVODEX.2-P3012,EVODEX.2-P3013,EVODEX.2-P3016,EVODEX.2-P3026",64865109247956651120389001888241857571354855079836643410614310322852092357878
EVODEX.2-Dm598,[#6:3]-[#6:1](-[#6:4]=[#8:6])(-[#1:71])-[#1].[#6:57]-[#6:55](=[#8:58])-[#6](=[#8])-[#8].[#8:2]=[#8:56]>>[#6:3]-[#6:1](-[#8:2]-[#1])(-[#6:4]=[#8:6])-[#1:71].[#8:58]=[#6:55](-[#8:56]-[#1])-[#6:57],"EVODEX.2-P2270,EVODEX.2-P2551,EVODEX.2-P2558,EVODEX.2-P2632,EVODEX.2-P2714",49754457667071599089505015299381693783933626482211891812643031742525305193651
EVODEX.2-Dm599,[#6:3]-[#6:1](-[#6:4]=[#8:6])(-[#1:71])-[#1].[#8:2]=[#8]>>[#6:3]-[#6:1](-[#8:2]-[#1])(-[#6:4]=[#8:6])-[#1:71],"EVODEX.2-P2271,EVODEX.2-P2324,EVODEX.2-P2420,EVODEX.2-P2559,EVODEX.2-P2638",44954213276333468645042788627982357865473872102456261719026471691650920949576
EVODEX.2-Dm600,[#6:3]-[#6:1](=[#8:4])-[#1].[#6:13](=[#8:15])-[#6:7]1:[#6:12](:[#6:11](:[#6:10](:[#7&+:9](-[#6:16]):[#6:8]:1-[#1:122])-[#1:98])-[#1:97])-[#1:96].[#15:57](=[#8:59])-[#8:55]-[#1].[#8:79]=[#15:56](-[#8:2]-[#1])(-[#8:80])-[#8:81]>>[#6:3]-[#6:1](=[#8:4])-[#8:2]-[#1].[#6:13](=[#8:15])-[#6:7]1=[#6:8](-[#7:9](-[#6:16])-[#6:10](=[#6:11](-[#6:12]-1(-[#1:96])-[#1])-[#1:97])-[#1:98])-[#1:122].[#15:57](=[#8:59])-[#8:55]-[#15:56](=[#8:79])(-[#8:80])-[#8:81],"EVODEX.2-P2291,EVODEX.2-P2444,EVODEX.2-P2469,EVODEX.2-P3250,EVODEX.2-P3254",101824016330266983580278702229021986001276473879935986647872659398557288127656
EVODEX.2-Dm601,[#6:3]-[#6:1](=[#8:10])-[#6:4]=[#8:6]>>[#6:3]-[#6:1](-[#7](-[#1])-[#1])(-[#6:4]=[#8:6])-[#1].[#8:10](-[#1])-[#1],"EVODEX.2-P2292,EVODEX.2-P3021,EVODEX.2-P3047,EVODEX.2-P3058,EVODEX.2-P3060",38032999921640748504568564539699060430676560386752287626394310908807786238988
EVODEX.2-Dm602,[#6:2]-[#6:1](-[#8:66]-[#1])(-[#6:3]=[#8:5])-[#1:77].[#8:58]=[#6:57]=[#8:65]>>[#6:2]-[#6:1](-[#6:3]=[#8:5])(-[#1:77])-[#1].[#6]-[#6](=[#8])-[#6:57](=[#8:65])-[#8:58]-[#1].[#8:66]=[#8],"EVODEX.2-P2305,EVODEX.2-P2472,EVODEX.2-P2556,EVODEX.2-P2574,EVODEX.2-P2602",81846786250110037311341430825038404831737301319461349082287488864254945783112
EVODEX.2-Dm603,[#6:3]-[#6:1](=[#8:4])-[#1].[#15:58](=[#8:60])-[#8:56]-[#1].[#8:80]=[#15:57](-[#8:2]-[#1])(-[#8:81])-[#8:82]>>[#6:3]-[#6:1](=[#8:4])-[#8:2]-[#1].[#15:58](=[#8:60])-[#8:56]-[#15:57](=[#8:80])(-[#8:81])-[#8:82],"EVODEX.2-P2310,EVODEX.2-P2415,EVODEX.2-P2468,EVODEX.2-P3248,EVODEX.2-P3253",50757152981542935103201683082332252753381225359136557477815377309423811544549
EVODEX.2-Dm604,[#6:2]-[#6:1](=[#8:3])-[#8:52]-[#1]>>[#6:2]-[#6:1](=[#8:3])-[#1].[#8:52](-[#1])-[#1],"EVODEX.2-P2317,EVODEX.2-P2540,EVODEX.2-P3168,EVODEX.2-P3169,EVODEX.2-P3189",99192994637493012286012898003513343824642595403061410485609985758151297525579
EVODEX.2-Dm605,[#6:3]-[#6:1](-[#6:4]=[#8:6])(-[#1:77])-[#1].[#6:59]-[#6:57](=[#8:60])-[#6:65](=[#8:67])-[#8:66]-[#1]>>[#6:3]-[#6:1](-[#8]-[#1])(-[#6:4]=[#8:6])-[#1:77].[#8:60]=[#6:57](-[#8]-[#1])-[#6:59].[#8:66]=[#6:65]=[#8:67],"EVODEX.2-P2326,EVODEX.2-P2464,EVODEX.2-P2553,EVODEX.2-P2561,EVODEX.2-P2699",56481491646687217672826729327789854262818552744481912807122151020011184122695
EVODEX.2-Dm607,[#6:6]-[#6:3](=[#6:2](-[#6:1](-[#6:14]=[#6:15])(-[#1:46])-[#1])-[#1:45])-[#1:44]>>[#6:6]-[#6:3](-[#6:2](=[#6:1](-[#6:14]=[#6:15])-[#1:46])-[#1:45])(-[#8]-[#8])-[#1:44],"EVODEX.2-P2363,EVODEX.2-P2370,EVODEX.2-P2391,EVODEX.2-P2400,EVODEX.2-P2841",58702169199162128408023347686306892898642005773167074954710541469090768114883
EVODEX.2-Dm608,[#6:53]-[#8:52]-[#6:1](=[#8:3])-[#6:4].[#6:19]-[#8:2]-[#1]>>[#6:19]-[#8:2]-[#6:1](=[#8:3])-[#6:4].[#6:53]-[#8:52]-[#1],"EVODEX.2-P2377,EVODEX.2-P2441,EVODEX.2-P2519,EVODEX.2-P2680,EVODEX.2-P3879",13506241152826062860281417544279515341355476392516613389020723309562219528311
EVODEX.2-Dm609,[#6:3]-[#6:1](-[#8:49]-[#15:50]=[#8:51])(-[#1:88])-[#1:89]>>[#6:3]-[#6:1](-[#8]-[#1])(-[#1:88])-[#1:89].[#8:51]=[#15:50]-[#8:49]-[#1],"EVODEX.2-P2395,EVODEX.2-P2528,EVODEX.2-P2992,EVODEX.2-P3761,EVODEX.2-P3762",6185902567972603702162670686303408487791463507423501483139805104582316986381
EVODEX.2-Dm610,[#6:3]-[#6:1](=[#8:4])-[#8]-[#6].[#6:21]-[#8:2]-[#1]>>[#6:3]-[#6:1](=[#8:4])-[#8:2]-[#6:21],"EVODEX.2-P2401,EVODEX.2-P2402,EVODEX.2-P2435,EVODEX.2-P2442,EVODEX.2-P2521",76614027031666915580505966949839017782581366928498118831556055808255161427468
EVODEX.2-Dm611,[#6:3]-[#6:1](=[#8:4])-[#8:41]-[#6:42]>>[#6:3]-[#6:1](=[#8:4])-[#8]-[#6].[#6:42]-[#8:41]-[#1],"EVODEX.2-P2409,EVODEX.2-P2436,EVODEX.2-P2518,EVODEX.2-P2520,EVODEX.2-P2523",2782615227138617658831639882316184578232752788645289858812265351290539996658
EVODEX.2-Dm612,[#6:3]-[#6:1](=[#8:52])-[#1:93]>>[#6:3]-[#6:1](-[#7](-[#1])-[#1])(-[#1:93])-[#1].[#8:52](-[#1])-[#1],"EVODEX.2-P2414,EVODEX.2-P2467,EVODEX.2-P3036,EVODEX.2-P3072,EVODEX.2-P3080",50697020099031581742670030292651972304605707353158691657012803158616213524413
EVODEX.2-Dm613,[#6:3]-[#6:1](-[#6:4])(-[#1:70])-[#1].[#6:30]-[#6:28](=[#8:31])-[#6](=[#8])-[#8].[#8:2]=[#8:29]>>[#6:3]-[#6:1](-[#8:2]-[#1])(-[#6:4])-[#1:70].[#8:31]=[#6:28](-[#8:29]-[#1])-[#6:30],"EVODEX.2-P2430,EVODEX.2-P2788,EVODEX.2-P3137,EVODEX.2-P3331,EVODEX.2-P3819",98050252390671975176379977563090293401592233067996260053982476405449192926368
EVODEX.2-Dm614,[#6:3]-[#6:1](=[#8:4])-[#8]-[#1].[#6:19]-[#8:2]-[#1]>>[#6:3]-[#6:1](=[#8:4])-[#8:2]-[#6:19],"EVODEX.2-P2432,EVODEX.2-P2446,EVODEX.2-P2486,EVODEX.2-P2489,EVODEX.2-P2670",55380256367386756470753900152824259840348341161204412940761270294151896791502
EVODEX.2-Dm615,[#6:3]-[#6:1](-[#6:4]=[#8:6])(-[#1:83])-[#1].[#6:61]-[#6:59](=[#8:62])-[#6](=[#8])-[#8]>>[#6:3]-[#6:1](-[#8]-[#1])(-[#6:4]=[#8:6])-[#1:83].[#8:62]=[#6:59](-[#8]-[#1])-[#6:61],"EVODEX.2-P2465,EVODEX.2-P2474,EVODEX.2-P2562,EVODEX.2-P2584,EVODEX.2-P2634",26619834031782715977674280169873876266399808229876561839571221804262851354585
EVODEX.2-Dm616,[#6:2]-[#6:1](-[#8:72]-[#1])(-[#6:3]=[#8:6])-[#1:95].[#8]=[#6](-[#8:73]-[#1])-[#6]>>[#6:2]-[#6:1](-[#6:3]=[#8:6])(-[#1:95])-[#1].[#8:72]=[#8:73],"EVODEX.2-P2473,EVODEX.2-P2557,EVODEX.2-P2694,EVODEX.2-P2701,EVODEX.2-P2711",62403126861515968396347171733182294059640543047495953322316850626056973031709
EVODEX.2-Dm617,[#6:3]-[#6:1](-[#7:25](-[#1])-[#1])=[#8:4]>>[#6:3]-[#6:1](=[#8:4])-[#8]-[#1].[#7:25](-[#1])(-[#1])-[#1],"EVODEX.2-P2536,EVODEX.2-P2587,EVODEX.2-P3199,EVODEX.2-P3201,EVODEX.2-P3206",73741616157309332244703729876524952980626330899941651084590343371169993702548
EVODEX.2-Dm618,[#6:3]-[#6:1](=[#8:4])-[#8:27]-[#1].[#7:2](-[#1])(-[#1])-[#1]>>[#6:3]-[#6:1](-[#7:2](-[#1])-[#1])=[#8:4].[#8:27](-[#1])-[#1],"EVODEX.2-P2537,EVODEX.2-P3041,EVODEX.2-P3062,EVODEX.2-P3067,EVODEX.2-P3071",28700876840881897847359380287736033919259132002514261978954313741668085800320
EVODEX.2-Dm619,[#6:3]-[#6:1](-[#8:29]-[#15:31]=[#8:32])(-[#1:82])-[#1:83].[#8:35]-[#15:30](=[#8:36])(-[#8:2]-[#1])-[#8:37]>>[#6:3]-[#6:1](-[#8:2]-[#1])(-[#1:82])-[#1:83].[#8:35]-[#15:30](=[#8:36])(-[#8:37])-[#8:29]-[#15:31]=[#8:32],"EVODEX.2-P2542,EVODEX.2-P3132,EVODEX.2-P3627,EVODEX.2-P3683,EVODEX.2-P3685",623838145060350327326680289354855798271050646027402847102070798838924426616
EVODEX.2-Dm620,[#6:3]-[#6:1](=[#8:2])-[#1:39].[#8:14](-[#8:15]-[#1])-[#1]>>[#6:3]-[#6:1](-[#8:2]-[#1])(-[#1:39])-[#1].[#8:14]=[#8:15],"EVODEX.2-P2601,EVODEX.2-P2697,EVODEX.2-P3402,EVODEX.2-P3436,EVODEX.2-P3844",107720401821464764681704991327219787525303126083376264429350203587128671972782
EVODEX.2-Dm621,[#6:2]-[#6:1](=[#8:3])-[#8:60]-[#1].[#6:22](=[#8:24])-[#6:16]1=[#6:21](-[#7:20](-[#6:25])-[#6:19](=[#6:18](-[#6:17]-1(-[#1:116])-[#1])-[#1:115])-[#1:114])-[#1:91]>>[#6:2]-[#6:1](=[#8:3])-[#1].[#6:22](=[#8:24])-[#6:16]1:[#6:17](:[#6:18](:[#6:19](:[#7&+:20](-[#6:25]):[#6:21]:1-[#1:91])-[#1:114])-[#1:115])-[#1:116].[#8:60](-[#1])-[#1],"EVODEX.2-P2605,EVODEX.2-P3141,EVODEX.2-P3161,EVODEX.2-P3165,EVODEX.2-P3188",1067290440954951105500753620824125050563344411777164759536056655998895414300
EVODEX.2-Dm623,[#6:56]-[#7:55](-[#6](-[#1])(-[#1])-[#1])-[#6:28](-[#1:154])(-[#1:155])-[#1:156]>>[#6:28](-[#16&+](-[#6])-[#6])(-[#1:154])(-[#1:155])-[#1:156].[#6:56]-[#7:55](-[#1])-[#1],"EVODEX.2-P2643,EVODEX.2-P2772,EVODEX.2-P2773,EVODEX.2-P2975,EVODEX.2-P2984",48094449850608467259816657164001777901563075688534809087606150348178531958691
EVODEX.2-Dm624,[#6:56]-[#7:55](-[#6](-[#1])(-[#1])-[#1])-[#6](-[#1])(-[#1])-[#1]>>[#6:56]-[#7:55](-[#1])-[#1],"EVODEX.2-P2644,EVODEX.2-P2770,EVODEX.2-P2774,EVODEX.2-P2777,EVODEX.2-P2983",20523926321854744944186296812370974618628661997783331870167405844001577998360
EVODEX.2-Dm625,[#6:53](-[#16&+:1](-[#6:2])-[#6:3])(-[#1:76])(-[#1:77])-[#1:78].[#6:55](-[#16&+:27](-[#6:28])-[#6:29])(-[#1:99])(-[#1:100])-[#1:101].[#6:56]-[#7:54](-[#1])-[#1]>>[#6:3]-[#16:1]-[#6:2].[#6:29]-[#16:27]-[#6:28].[#6:56]-[#7:54](-[#6:53](-[#1:76])(-[#1:77])-[#1:78])-[#6:55](-[#1:99])(-[#1:100])-[#1:101],"EVODEX.2-P2654,EVODEX.2-P2934,EVODEX.2-P2939,EVODEX.2-P2941,EVODEX.2-P2942",86254495865699496345670949667617773528715520064479654449576222940220584570774
EVODEX.2-Dm626,[#7:2](-[#6:15](-[#6:17]=[#8:18])(-[#1:22])-[#1])(-[#1])-[#1].[#6:3]-[#6:1](=[#8:16])-[#6:4]=[#8:6]>>[#6:3]-[#6:1](-[#7:2](-[#1])-[#1])(-[#6:4]=[#8:6])-[#1].[#8:16]=[#6:15](-[#6:17]=[#8:18])-[#1:22],"EVODEX.2-P2767,EVODEX.2-P3415,EVODEX.2-P3416,EVODEX.2-P3418,EVODEX.2-P3423",8077529068084804071700260150809423449958046754574129194736275768148134687686
EVODEX.2-Dm627,[#6:4]-[#7:1](-[#1])-[#1].[#7:3](-[#6:2](-[#7:5])=[#8])(-[#1])-[#1]>>[#6:4]-[#7:1](-[#6:2](=[#7:3]-[#1])-[#7:5])-[#1],"EVODEX.2-P2779,EVODEX.2-P3123,EVODEX.2-P3389,EVODEX.2-P3392,EVODEX.2-P3396",114734043347324572653831707528680557329665410406619633780807934946532057577928
EVODEX.2-Dm628,[#8:14]=[#6:1](-[#6:3])-[#1:17].[#6:13]-[#7:2](-[#1])-[#1]>>[#6:13]-[#7:2](-[#6:1](-[#6:3])(-[#1:17])-[#1])-[#1].[#8:14](-[#1])-[#1],"EVODEX.2-P2781,EVODEX.2-P3145,EVODEX.2-P3176,EVODEX.2-P3460,EVODEX.2-P3463",110104277240426749122050158347714293434463933295677104817577912041417232586772
EVODEX.2-Dm629,[#6:2]-[#7:1](-[#6:4](=[#7:3]-[#1])-[#7:6])-[#1]>>[#6:2]-[#7:1](-[#1])-[#1].[#7:3](-[#6:4](-[#7:6])=[#8])(-[#1])-[#1],"EVODEX.2-P2791,EVODEX.2-P3087,EVODEX.2-P3092,EVODEX.2-P3112,EVODEX.2-P3130",114653311154940899169019828293587259668968153125645460546983447854671285769350
EVODEX.2-Dm630,[#6:2]-[#7:1](-[#6:4](=[#7:3]-[#1])-[#7:6])-[#1].[#8:5](-[#1])-[#1]>>[#6:2]-[#7:1](-[#1])-[#1].[#7:3](-[#6:4](=[#8:5])-[#7:6])(-[#1])-[#1],"EVODEX.2-P2792,EVODEX.2-P3111,EVODEX.2-P3125,EVODEX.2-P3126,EVODEX.2-P3128",52035317548572283247207793937676255640542994369519744828055290180119793784595
EVODEX.2-Dm632,[#6:1](-[#7:28](-[#6:29])-[#1])(-[#1:59])(-[#1:60])-[#1:61]>>[#6:1](-[#16&+](-[#6])-[#6])(-[#1:59])(-[#1:60])-[#1:61].[#7:28](-[#6:29])(-[#1])-[#1],"EVODEX.2-P2804,EVODEX.2-P2806,EVODEX.2-P2818,EVODEX.2-P2830,EVODEX.2-P2835",90082953348361365424715614447550362264785426459581137831188870744003422600386
EVODEX.2-Dm633,[#6:3]-[#16:2]-[#6:4].[#6:1](-[#7:28](-[#6:29])-[#1])(-[#1:77])(-[#1:78])-[#1:79]>>[#6:1](-[#16&+:2](-[#6:4])-[#6:3])(-[#1:77])(-[#1:78])-[#1:79].[#6:29]-[#7:28](-[#1])-[#1],"EVODEX.2-P2805,EVODEX.2-P2816,EVODEX.2-P2826,EVODEX.2-P2832,EVODEX.2-P2834",31823740124442405897501200873730987189898020828964524943005833685122797177825
EVODEX.2-Dm634,[#6:3]-[#6:1](=[#8])-[#1:21].[#8:9](-[#8:10]-[#1])-[#1]>>[#6:3]-[#6:1](-[#7](-[#1])-[#1])(-[#1:21])-[#1].[#8:9]=[#8:10],"EVODEX.2-P2820,EVODEX.2-P2999,EVODEX.2-P3044,EVODEX.2-P3081,EVODEX.2-P3085",61022574841769788920480131630389577029171046024647278404541825910634434695357
EVODEX.2-Dm635,[#6:3]-[#6:1](-[#7:8](-[#1])-[#1])(-[#1:21])-[#1]>>[#6:3]-[#6:1](=[#8])-[#1:21].[#7:8](-[#1])(-[#1])-[#1],"EVODEX.2-P2821,EVODEX.2-P3496,EVODEX.2-P3506,EVODEX.2-P3526,EVODEX.2-P3532",65121692123924789347715761644044025015042544266003048480171627572850665079498
EVODEX.2-Dm636,[#6:3]-[#6:1](-[#7](-[#1])-[#1])(-[#1:21])-[#1].[#8:9]=[#8:10]>>[#6:3]-[#6:1](=[#8])-[#1:21].[#8:9](-[#8:10]-[#1])-[#1],"EVODEX.2-P2822,EVODEX.2-P3432,EVODEX.2-P3500,EVODEX.2-P3507,EVODEX.2-P3527",14982220169204762112426481346750743544740307386713064555682009635666690553715
EVODEX.2-Dm637,[#6:51]-[#7:49](-[#1])-[#1].[#8:50]=[#8:86]>>[#6:51]-[#7:49](-[#8:50]-[#1])-[#1].[#8:86](-[#1])-[#1],"EVODEX.2-P2843,EVODEX.2-P3182,EVODEX.2-P3183,EVODEX.2-P3225,EVODEX.2-P3255",101616155633230063305756181125975480161620285529622398281452214171097404870182
EVODEX.2-Dm638,[#6:3]-[#6:1](-[#8:19]-[#1])(-[#1:51])-[#1:52].[#8:2](-[#1])-[#1]>>[#6:3]-[#6:1](-[#8:2]-[#1])(-[#1:51])-[#1:52].[#8]-[#15](=[#8])(-[#8:19]-[#1])-[#8],"EVODEX.2-P2852,EVODEX.2-P2990,EVODEX.2-P3706,EVODEX.2-P3709,EVODEX.2-P3713",54502625235927893732167132082093227576678236316570183633089542710553592644643
EVODEX.2-Dm639,[#6:27](-[#16&+:1](-[#6:2])-[#6:3])(-[#1:41])(-[#1:42])-[#1:43].[#6:29]-[#7:28](-[#1])-[#1]>>[#6:3]-[#16:1]-[#6:2].[#6:27](-[#7:28](-[#6:29])-[#1])(-[#1:41])(-[#1:42])-[#1:43],"EVODEX.2-P2858,EVODEX.2-P2944,EVODEX.2-P2947,EVODEX.2-P2949,EVODEX.2-P2953",86286716206522349876395649273233179955898718293792366919481381324257680162422
EVODEX.2-Dm640,[#6:3]-[#6:1](=[#8])-[#1:27].[#7:2](-[#1])(-[#1])-[#1]>>[#6:3]-[#6:1](-[#7:2](-[#1])-[#1])(-[#1:27])-[#1],"EVODEX.2-P2887,EVODEX.2-P3045,EVODEX.2-P3053,EVODEX.2-P3077,EVODEX.2-P3078",55565831739231782480463314968879750814290591358259889966293368218047574002543
EVODEX.2-Dm641,[#6:3]-[#6:1](=[#8])-[#6:4]>>[#6:3]-[#6:1](-[#7](-[#1])-[#1])(-[#6:4])-[#1],"EVODEX.2-P2898,EVODEX.2-P3028,EVODEX.2-P3210,EVODEX.2-P3326,EVODEX.2-P3338",80603344065132408421296250900184627709670159574895735068450688166840012700699
EVODEX.2-Dm642,[#6:6]-[#6:3](=[#7:4]-[#8:12])-[#1:25].[#8:1]=[#6:2]=[#8:13].[#8:5](-[#1])-[#1]>>[#6:6]-[#6:3](-[#6:2](=[#8:13])-[#8:1]-[#1])(-[#7:4](-[#8:5]-[#1])-[#8:12])-[#1:25],"EVODEX.2-P2916,EVODEX.2-P2932,EVODEX.2-P3750,EVODEX.2-P3753,EVODEX.2-P3756",69259496775699794889340294094387281234261002961714774735216527102151269755330
EVODEX.2-Dm643,[#6:6]-[#6:3](=[#7:4]-[#8:13])-[#1:28].[#8:1]=[#6:2]=[#8:14]>>[#6:6]-[#6:3](-[#6:2](=[#8:14])-[#8:1]-[#1])(-[#7:4](-[#8]-[#1])-[#8:13])-[#1:28],"EVODEX.2-P2917,EVODEX.2-P2929,EVODEX.2-P3748,EVODEX.2-P3751,EVODEX.2-P3754",6626562358565465543427887604655870328335174420203816447803476637076056848384
EVODEX.2-Dm644,[#6:3]-[#6:1](-[#6](=[#8])-[#8])(-[#7:2](-[#8]-[#1])-[#8:11])-[#1:31]>>[#6:3]-[#6:1](=[#7:2]-[#8:11])-[#1:31],"EVODEX.2-P2919,EVODEX.2-P2924,EVODEX.2-P2927,EVODEX.2-P3796,EVODEX.2-P3800",40019680485370901257034644965142811815242224289321428237405061717537337559525
EVODEX.2-Dm646,[#6:3]-[#6:1](-[#8:24]-[#1])(-[#1:60])-[#1:61]>>[#6:3]-[#6:1](-[#8]-[#1])(-[#1:60])-[#1:61].[#8]-[#15](=[#8])(-[#8:24]-[#1])-[#8],"EVODEX.2-P2989,EVODEX.2-P3699,EVODEX.2-P3708,EVODEX.2-P3712,EVODEX.2-P3714",10033265836829927494639592294537409023592830940907901585212223538623629950084
EVODEX.2-Dm647,[#6:3]-[#6:1](-[#7:10](-[#1])-[#1])(-[#1:19])-[#1].[#8:11]=[#8:12]>>[#6:3]-[#6:1](=[#8])-[#1:19].[#7:10](-[#1])(-[#1])-[#1].[#8:11](-[#8:12]-[#1])-[#1],"EVODEX.2-P3000,EVODEX.2-P3504,EVODEX.2-P3525,EVODEX.2-P3535,EVODEX.2-P3543",10651657403810438141969918795021218069548250704445647448156804238358659132486
EVODEX.2-Dm648,[#7:3]=[#6:1](-[#7:4])-[#7:16](-[#6:17])-[#1].[#6:5]-[#7:2](-[#1])-[#1]>>[#6:5]-[#7:2](-[#6:1](=[#7:3])-[#7:4])-[#1].[#7:16](-[#6:17])(-[#1])-[#1],"EVODEX.2-P3101,EVODEX.2-P3105,EVODEX.2-P3108,EVODEX.2-P3122,EVODEX.2-P3129",30826825438350027371166068901523902586281949433787522583240722103137494887022
EVODEX.2-Dm651,[#7:1](-[#6:4])(-[#1])-[#1].[#7:3](-[#6:2](-[#7:12])=[#8:13])(-[#1])-[#1]>>[#7:3](=[#6:2](-[#7:12])-[#7:1](-[#6:4])-[#1])-[#1].[#8:13](-[#1])-[#1],"EVODEX.2-P3276,EVODEX.2-P3388,EVODEX.2-P3390,EVODEX.2-P3391,EVODEX.2-P3395",49664350265124878546641776598077618590424063406888393072213145559002230633833
EVODEX.2-Dm652,[#7:2]-[#6:1](-[#6:3])(-[#6](=[#8])-[#8])-[#1:16]>>[#7:2]-[#6:1](-[#6:3])(-[#1:16])-[#1],"EVODEX.2-P3342,EVODEX.2-P3354,EVODEX.2-P3370,EVODEX.2-P3374,EVODEX.2-P3547",33943515904897824111552822122504711478921150996853348239484672220901322830269
EVODEX.2-Dm653,[#7](-[#6:1](-[#6:3])(-[#1:13])-[#1])(-[#1])-[#1].[#8:2](-[#1])-[#1].[#8:9]=[#8:10]>>[#6:3]-[#6:1](=[#8:2])-[#1:13].[#8:9](-[#8:10]-[#1])-[#1],"EVODEX.2-P3495,EVODEX.2-P3502,EVODEX.2-P3540,EVODEX.2-P3544,EVODEX.2-P3545",109173534066700858382476404621650757309676416957940704197666721692837876046640
EVODEX.2-Dm654,[#6:4]-[#6:2](-[#8:1]-[#15:11]=[#8:13])(-[#6:5])-[#1:31]>>([#6:4]-[#6:2](-[#8]-[#1])(-[#6:5])-[#1:31].[#15:11](=[#8:13])-[#8:1]-[#1]),"EVODEX.2-P3561,EVODEX.2-P3593,EVODEX.2-P3695,EVODEX.2-P3765,EVODEX.2-P3769",6294796087763350322512414975077518743364468834183123683237238366733900588471
EVODEX.2-Dm41,[#6:3]-[#6:1](-[#8:27]-[#1])(-[#1:60])-[#1:61].[#8:29]-[#15:28](=[#8:30])(-[#8:31])-[#8:22]-[#15:23]=[#8:24]>>[#6:3]-[#6:1](-[#8]-[#1])(-[#1:60])-[#1:61].[#8:24]=[#15:23]-[#8:22]-[#1].[#8:29]-[#15:28](=[#8:30])(-[#8:27]-[#1])-[#8:31],"EVODEX.2-P3701,EVODEX.2-P3710,EVODEX.2-P59,EVODEX.2-P64",104606133746019304734327916546182059122953388265231939990055924891072494669426
EVODEX.2-Dm107,[#6:3]-[#6:1](=[#8:4])-[#8:12]-[#1].[#8:14]-[#15:13](=[#8:15])(-[#8:16])-[#8:7]-[#15:8]=[#8:9]>>[#6:3]-[#6:1](=[#8:4])-[#8]-[#1].[#8:9]=[#15:8]-[#8:7]-[#1].[#8:14]-[#15:13](=[#8:15])(-[#8:12]-[#1])-[#8:16],"EVODEX.2-P1829,EVODEX.2-P222,EVODEX.2-P2232,EVODEX.2-P836",65539931452999957615611580124065406928807500145440621249562217902381016417485
EVODEX.2-Dm149,[#6:3]-[#6:1](=[#8:4])-[#7](-[#6])-[#1].[#15:33](=[#8:35])-[#8:31]-[#1].[#8:59]=[#15:32](-[#8:2]-[#1])(-[#8:60])-[#8:61]>>[#6:3]-[#6:1](=[#8:4])-[#8:2]-[#1].[#15:33](=[#8:35])-[#8:31]-[#15:32](=[#8:59])(-[#8:60])-[#8:61],"EVODEX.2-P1943,EVODEX.2-P1946,EVODEX.2-P315,EVODEX.2-P319",63608401924215299480645412979731668738810124224247909723387404775053603836277
EVODEX.2-Dm161,[#6:3]-[#6:1](=[#8:4])-[#8:26]-[#1].[#8:28]-[#15:27](=[#8:29])(-[#8:30])-[#8:21]-[#15:22]=[#8:23]>>[#6:3]-[#6:1](=[#8:4])-[#7](-[#6])-[#1].[#8:23]=[#15:22]-[#8:21]-[#1].[#8:28]-[#15:27](=[#8:29])(-[#8:26]-[#1])-[#8:30],"EVODEX.2-P1080,EVODEX.2-P1940,EVODEX.2-P1947,EVODEX.2-P333",15338903519696854123965840782247462681857266490325839024971883207110358230962
EVODEX.2-Dm227,[#6:2]-[#16:1]-[#6:30](=[#8:32])-[#6:33].[#15:40](=[#8:42])-[#8:38]-[#1].[#8:62]=[#15:39](-[#8:31]-[#1])(-[#8:63])-[#8:64]>>[#6:2]-[#16:1]-[#1].[#6:33]-[#6:30](=[#8:32])-[#8:31]-[#1].[#15:40](=[#8:42])-[#8:38]-[#15:39](=[#8:62])(-[#8:63])-[#8:64],"EVODEX.2-P1522,EVODEX.2-P1812,EVODEX.2-P2335,EVODEX.2-P544",108724494203561797468608564027943729343765197785467365325566302719429017061477
EVODEX.2-Dm285,[#6:3]-[#6:1](=[#8:4])-[#8:27]-[#1].[#8:2](-[#1])-[#1].[#8:29]-[#15:28](=[#8:30])(-[#8:31])-[#8]-[#15]=[#8]>>[#6:3]-[#6:1](=[#8:4])-[#8:2]-[#1].[#8:29]-[#15:28](=[#8:30])(-[#8:27]-[#1])-[#8:31],"EVODEX.2-P1710,EVODEX.2-P1844,EVODEX.2-P2212,EVODEX.2-P797",92453660196949116858337891654813842732966920474824300107154580900254928454813
EVODEX.2-Dm290,[#6:30](=[#6:29](-[#6:31])-[#6:28](-[#6](-[#1])(-[#1])-[#1])(-[#6:32])-[#1:84])(-[#1:79])-[#1:80]>>[#6:32]-[#6:28](=[#6:29](-[#6:30](-[#1:79])(-[#1:80])-[#1])-[#6:31])-[#1:84],"EVODEX.2-P811,EVODEX.2-P815,EVODEX.2-P839,EVODEX.2-P875",35196770029565805220731040256664135407785337763272596663988627812946969799926
EVODEX.2-Dm291,[#6:30](-[#16&+:1](-[#6:2])-[#6:3])(-[#1:59])(-[#1:60])-[#1:61].[#6:31]-[#6:29](=[#6:28](-[#6:27](-[#1:128])(-[#1:129])-[#1])-[#6:58])-[#1:127]>>[#6:3]-[#16:1]-[#6:2].[#6:27](=[#6:28](-[#6:58])-[#6:29](-[#6:30](-[#1:59])(-[#1:60])-[#1:61])(-[#6:31])-[#1:127])(-[#1:128])-[#1:129],"EVODEX.2-P1602,EVODEX.2-P1605,EVODEX.2-P812,EVODEX.2-P882",73833722941236016025477463217099755223065774282617003745336239567329276214585
EVODEX.2-Dm292,[#6:31]-[#6:29](=[#6:28](-[#6:27](-[#1:128])(-[#1:129])-[#1])-[#6:58])-[#1:127]>>[#6:27](=[#6:28](-[#6:58])-[#6:29](-[#6](-[#1])(-[#1])-[#1])(-[#6:31])-[#1:127])(-[#1:128])-[#1:129],"EVODEX.2-P813,EVODEX.2-P879,EVODEX.2-P881,EVODEX.2-P884",105320275561763685430019571576206186352776024733547849638958086770645365208532
EVODEX.2-Dm300,[#6:4]-[#6:1](-[#6:3]=[#6:5])=[#8:2]>>[#6:4]-[#6:1](-[#6:3]=[#6:5])(-[#8:2]-[#1])-[#1],"EVODEX.2-P1700,EVODEX.2-P2314,EVODEX.2-P2889,EVODEX.2-P824",49513247145409494488433324008229173410805273068828912321773328638904609926756
EVODEX.2-Dm355,[#6:1](-[#6:2](=[#8:5])-[#6:6]=[#8:7])(-[#1:35])(-[#1:36])-[#1].[#15:12](=[#8:14])-[#8:11]-[#15:4](=[#8:9])(-[#8:3]-[#1])-[#8:10]>>[#6:1](=[#6:2](-[#8:3]-[#15:4](=[#8:9])(-[#8:5]-[#1])-[#8:10])-[#6:6]=[#8:7])(-[#1:35])-[#1:36].[#15:12](=[#8:14])-[#8:11]-[#1],"EVODEX.2-P975,EVODEX.2-P978,EVODEX.2-P979,EVODEX.2-P981",27875448789153243275357664244690845028083699656938523738939539962259458790644
EVODEX.2-Dm372,([#6:3](=[#8:5])-[#8:2]-[#1].[#6:10]-[#6:1](-[#8]-[#1])(-[#6:56])-[#1:108])>>[#6:3](=[#8:5])-[#8:2]-[#6:1](-[#6:56])(-[#6:10])-[#1:108],"EVODEX.2-P1024,EVODEX.2-P3802,EVODEX.2-P3805,EVODEX.2-P3806",2592067419465717585822742340514955454671643239570699069710840865471723875278
EVODEX.2-Dm464,[#6:3]-[#6:1](-[#8:29]-[#1])(-[#6:4])-[#1:88].[#15:32](=[#8:34])-[#8:30]-[#1].[#8:58]=[#15:31](-[#8:2]-[#1])(-[#8:59])-[#8:60]>>[#6:3]-[#6:1](-[#8:2]-[#1])(-[#6:4])-[#1:88].[#8:29](-[#1])-[#1].[#15:32](=[#8:34])-[#8:30]-[#15:31](=[#8:58])(-[#8:59])-[#8:60],"EVODEX.2-P1615,EVODEX.2-P2119,EVODEX.2-P2962,EVODEX.2-P3649",83566474299332198004957795424547687925065032328979070543026813476355495420334
EVODEX.2-Dm521,[#6:3]-[#6:1](-[#8:41]-[#1])(-[#6:4])-[#1:89].[#8:43]-[#15:42](=[#8:44])(-[#8:45])-[#8]-[#15]=[#8]>>[#6:3]-[#6:1](-[#8]-[#1])(-[#6:4])-[#1:89].[#8:43]-[#15:42](=[#8:44])(-[#8:41]-[#1])-[#8:45],"EVODEX.2-P1755,EVODEX.2-P1765,EVODEX.2-P2594,EVODEX.2-P3698",36153639975100959416281916495086019319756060003359746393217909428683051495596
EVODEX.2-Dm556,[#15:4](=[#8:6])-[#8:2]-[#1].[#8:23]=[#15:3](-[#8]-[#1])(-[#8:24])-[#8:25]>>[#15:4](=[#8:6])-[#8:2]-[#15:3](=[#8:23])(-[#8:24])-[#8:25],"EVODEX.2-P1979,EVODEX.2-P3556,EVODEX.2-P3578,EVODEX.2-P3849",77217297086365140299205726026877150472426779481897805387522334918195107996476
EVODEX.2-Dm42,[#6:3]-[#6:1](-[#8:27]-[#1])(-[#1:60])-[#1:61].[#8:2](-[#1])-[#1].[#8:29]-[#15:28](=[#8:30])(-[#8:31])-[#8]-[#15]=[#8]>>[#6:3]-[#6:1](-[#8:2]-[#1])(-[#1:60])-[#1:61].[#8:29]-[#15:28](=[#8:30])(-[#8:27]-[#1])-[#8:31],"EVODEX.2-P3704,EVODEX.2-P3716,EVODEX.2-P60",8226991238752541166713080462485473292136733246134732324144089390799439359710
EVODEX.2-Dm257,[#8:10](-[#1])-[#1].[#8:12]-[#15:11](=[#8:13])(-[#8:14])-[#8:1]-[#15:2]=[#8:3]>>[#8:3]=[#15:2]-[#8:1]-[#1].[#8:12]-[#15:11](=[#8:13])(-[#8:10]-[#1])-[#8:14],"EVODEX.2-P1980,EVODEX.2-P3694,EVODEX.2-P662",23227010070684774898269970199861407037774271879995832314079376457377053487037
EVODEX.2-Dm369,[#8:3]=[#6:1](-[#8:36]-[#1])-[#6:4].[#6:14]-[#7:2](-[#1])-[#1].[#8:38]-[#15:37](=[#8:39])(-[#8:40])-[#8:27]-[#15:28]=[#8:29]>>[#6:14]-[#7:2](-[#6:1](=[#8:3])-[#6:4])-[#1].[#8:29]=[#15:28]-[#8:27]-[#1].[#8:38]-[#15:37](=[#8:39])(-[#8:36]-[#1])-[#8:40],"EVODEX.2-P1018,EVODEX.2-P1217,EVODEX.2-P2879",62788819605272111284728472062974168756324350888587755843688628746090698682353
EVODEX.2-Dm478,[#6:3]-[#6:1](=[#6:2](-[#6:13]=[#8:17])-[#1:140])-[#6:4]>>[#6:3]-[#6:1](-[#6:2](-[#6:13]=[#8:17])(-[#1:140])-[#1])(-[#6:4])-[#1],"EVODEX.2-P1638,EVODEX.2-P1800,EVODEX.2-P1967",70097087621133405364426268409846247089800153524561920321177954061042881340040
EVODEX.2-Dm557,[#6:3]-[#6:1](-[#8:91]-[#1])(-[#1:154])-[#1:155].[#15:94](=[#8:96])-[#8:92]-[#1].[#8:120]=[#15:93](-[#8:2]-[#1])(-[#8:121])-[#8:122]>>[#6:3]-[#6:1](-[#8:2]-[#1])(-[#1:154])-[#1:155].[#8:91](-[#1])-[#1].[#15:94](=[#8:96])-[#8:92]-[#15:93](=[#8:120])(-[#8:121])-[#8:122],"EVODEX.2-P1982,EVODEX.2-P2849,EVODEX.2-P3667",11222994272316116322759033280351352288342935039897804412684629059752133014748
EVODEX.2-Dm581,[#6:12]-[#7:11](-[#6:1](=[#8:3])-[#6:4])-[#1].[#15:20](=[#8:22])-[#8:18]-[#1].[#8:46]=[#15:19](-[#8:2]-[#1])(-[#8:47])-[#8:48]>>[#6:4]-[#6:1](=[#8:3])-[#8:2]-[#1].[#6:12]-[#7:11](-[#1])-[#1].[#15:20](=[#8:22])-[#8:18]-[#15:19](=[#8:46])(-[#8:47])-[#8:48],"EVODEX.2-P2145,EVODEX.2-P3119,EVODEX.2-P3440",1273572291148351740388431685041799839650409366615149183600901028357588736294
EVODEX.2-Dm606,[#6:3]-[#6:1](=[#8:4])-[#8:44]-[#1].[#15:47](=[#8:49])-[#8:45]-[#1]>>[#6:3]-[#6:1](=[#8:4])-[#8]-[#1].[#8:44](-[#1])-[#1].[#15:47](=[#8:49])-[#8:45]-[#15](=[#8])(-[#8])-[#8],"EVODEX.2-P2359,EVODEX.2-P2961,EVODEX.2-P3585",49813407057851956981434427035247315905516813443595207932867268570069815403034
EVODEX.2-Dm631,[#6:12]-[#7:11](-[#6](=[#8])-[#6])-[#1].[#15:15](=[#8:17])-[#8:13]-[#1]>>[#6:12]-[#7:11](-[#1])-[#1].[#15:15](=[#8:17])-[#8:13]-[#15](=[#8])(-[#8])-[#8],"EVODEX.2-P2795,EVODEX.2-P3479,EVODEX.2-P3499",87878598974538301336144625975201023388568938651567073520946431677210677516102
EVODEX.2-Dm645,[#6:3]-[#6:1](-[#8:33]-[#1])(-[#6:4])-[#1:67].[#8:2](-[#1])-[#1].[#8:35]-[#15:34](=[#8:36])(-[#8:37])-[#8:28]-[#15:29]=[#8:30]>>[#6:3]-[#6:1](-[#8:2]-[#1])(-[#6:4])-[#1:67].[#8:30]=[#15:29]-[#8:28]-[#1].[#8:35]-[#15:34](=[#8:36])(-[#8:33]-[#1])-[#8:37],"EVODEX.2-P2963,EVODEX.2-P3696,EVODEX.2-P3702",102780630788494799553117937498667253140056071574665459808395767154673250941702
EVODEX.2-Dm39,[#6:3]-[#6:1](-[#8:27]-[#1])(-[#1:60])-[#1:61].[#8:2](-[#1])-[#1].[#8:29]-[#15:28](=[#8:30])(-[#8:31])-[#8:22]-[#15:23]=[#8:24]>>[#6:3]-[#6:1](-[#8:2]-[#1])(-[#1:60])-[#1:61].[#8:24]=[#15:23]-[#8:22]-[#1].[#8:29]-[#15:28](=[#8:30])(-[#8:27]-[#1])-[#8:31],"EVODEX.2-P57,EVODEX.2-P63",50694052172529680905023304497605840928582182129397872761937319012963600390612
EVODEX.2-Dm301,[#6:18](=[#8:20])-[#6:12]1=[#6:17](-[#7:16](-[#6:21])-[#6:15](=[#6:14](-[#6:13]-1(-[#1:88])-[#1])-[#1:87])-[#1:86])-[#1:62].[#6:3]-[#6:1](-[#6:4])=[#6:2](-[#6:8]=[#8:11])-[#1:103]>>[#6:3]-[#6:1](-[#6:4])(-[#6:2](-[#6:8]=[#8:11])(-[#1:103])-[#1])-[#1].[#6:18](=[#8:20])-[#6:12]1:[#6:13](:[#6:14](:[#6:15](:[#7&+:16](-[#6:21]):[#6:17]:1-[#1:62])-[#1:86])-[#1:87])-[#1:88],"EVODEX.2-P1701,EVODEX.2-P825",14448698702685318553864045777908006043288745261301873715190843654390236924215
EVODEX.2-Dm401,[#6:3]-[#16:2]-[#1].[#6:50]-[#6:1](=[#8:51])-[#8:61]-[#1].[#8:63]-[#15:62](=[#8:64])(-[#8:65])-[#8:52]-[#15:53]=[#8:54]>>[#6:50]-[#6:1](=[#8:51])-[#16:2]-[#6:3].[#8:54]=[#15:53]-[#8:52]-[#1].[#8:63]-[#15:62](=[#8:64])(-[#8:61]-[#1])-[#8:65],"EVODEX.2-P1108,EVODEX.2-P1236",82218733141632481022039957257622478634331496032981565253298012924084084702622
EVODEX.2-Dm523,[#6:3]-[#6:1](-[#8:40]-[#1])(-[#6:4])-[#1:88].[#8:2](-[#1])-[#1].[#8:42]-[#15:41](=[#8:43])(-[#8:44])-[#8]-[#15]=[#8]>>[#6:3]-[#6:1](-[#8:2]-[#1])(-[#6:4])-[#1:88].[#8:42]-[#15:41](=[#8:43])(-[#8:40]-[#1])-[#8:44],"EVODEX.2-P1763,EVODEX.2-P2613",13507169628691010640381707999658695434179012495765745431551081124260034274208
EVODEX.2-Dm531,[#6:3]-[#6:1](=[#8:4])-[#8:16]-[#1].[#15:19](=[#8:21])-[#8:17]-[#1].[#8:45]=[#15:18](-[#8:2]-[#1])(-[#8:46])-[#8:47]>>[#6:3]-[#6:1](=[#8:4])-[#8:2]-[#1].[#8:16](-[#1])-[#1].[#15:19](=[#8:21])-[#8:17]-[#15:18](=[#8:45])(-[#8:46])-[#8:47],"EVODEX.2-P1839,EVODEX.2-P1976",7024680143911917452482053196049707838554561301844147866307029359410270223656
EVODEX.2-Dm655,[#6:3]-[#6:1](-[#8:21]-[#1])(-[#1:55])-[#1:56].[#15:24](=[#8:26])-[#8:22]-[#1]>>[#6:3]-[#6:1](-[#8]-[#1])(-[#1:55])-[#1:56].[#8:21](-[#1])-[#1].[#15:24](=[#8:26])-[#8:22]-[#15](=[#8])(-[#8])-[#8],"EVODEX.2-P3642,EVODEX.2-P3666",51088896431928071436906852725028209614747037950657669292729206296334843045808
EVODEX.2-Dm150,[#6:3]-[#6:1](=[#8:4])-[#7](-[#6])-[#1].[#15:33](=[#8:35])-[#8:31]-[#1]>>[#6:3]-[#6:1](=[#8:4])-[#8]-[#1].[#15:33](=[#8:35])-[#8:31]-[#15](=[#8])(-[#8])-[#8],EVODEX.2-P316,27419894772685834676633480263752242268041864744110028955727427169939616044606
EVODEX.2-Dm259,[#8:10](-[#1])-[#1]>>[#8]-[#15](=[#8])(-[#8:10]-[#1])-[#8],EVODEX.2-P672,3408185313409880629000561403046081354051537631276502710784630742832871861689
EVODEX.2-Dm286,[#6:3]-[#6:1](=[#8:4])-[#8:27]-[#1].[#8:29]-[#15:28](=[#8:30])(-[#8:31])-[#8]-[#15]=[#8]>>[#6:3]-[#6:1](=[#8:4])-[#8]-[#1].[#8:29]-[#15:28](=[#8:30])(-[#8:27]-[#1])-[#8:31],EVODEX.2-P798,37543612641579642747221599829393797938559977602572778810253010066863143997728
EVODEX.2-Dm306,[#6:3]-[#6:1](=[#8:4])-[#8:15]-[#1].[#8:2](-[#1])-[#1].[#8:17]-[#15:16](=[#8:18])(-[#8:19])-[#8:10]-[#15:11]=[#8:12]>>[#6:3]-[#6:1](=[#8:4])-[#8:2]-[#1].[#8:12]=[#15:11]-[#8:10]-[#1].[#8:17]-[#15:16](=[#8:18])(-[#8:15]-[#1])-[#8:19],EVODEX.2-P834,53710988310512749685670328115245672061955851079547540760379152519380146530831
EVODEX.2-Dm370,([#6:4]-[#6:1](=[#8:2])-[#8:5].[#6:10]-[#6:3](-[#8]-[#1])(-[#6:14])-[#1:71])>>[#6:4]-[#6:1](-[#8:5])(-[#8:2]-[#6:3](-[#6:14])(-[#6:10])-[#1:71])-[#1],EVODEX.2-P1021,104809884322185003057339237414224409666683804874422591521465599800463718395983
EVODEX.2-Dm455,[#6:2]=[#6:1](-[#6](-[#1])(-[#1])-[#1])-[#6:3]>>[#6:2]=[#6:1](-[#6:3])-[#1],EVODEX.2-P1572,34776112097457469289134543267277819468345797012912253315343135130788332780969
EVODEX.2-Dm460,[#6:29]=[#6:27](-[#6:30])-[#1].[#6:28](-[#16&+:1](-[#6:2])-[#6:3])(-[#1:67])(-[#1:68])-[#1:69]>>[#6:3]-[#16:1]-[#6:2].[#6:29]=[#6:27](-[#6:28](-[#1:67])(-[#1:68])-[#1:69])-[#6:30],EVODEX.2-P1599,90617386870533846265463642003913287676454769485910607563974413989616043476574
EVODEX.2-Dm461,[#6:29]=[#6:27](-[#6:30])-[#1]>>[#6:29]=[#6:27](-[#6](-[#1])(-[#1])-[#1])-[#6:30],EVODEX.2-P1600,52288950140544925532802885423245951570300955447451332811718768978989459334027
EVODEX.2-Dm545,[#6:3]-[#6:1](=[#8:4])-[#8:68]-[#1].[#8:70]-[#15:69](=[#8:71])(-[#8:72])-[#8]-[#15]=[#8]>>[#6:3]-[#6:1](=[#8:4])-[#7](-[#6])-[#1].[#8:70]-[#15:69](=[#8:71])(-[#8:68]-[#1])-[#8:72],EVODEX.2-P1915,4803430380823889532953401054307178018588536887687065755426333843142516184643
EVODEX.2-Dm563,[#6:3]-[#6:1](-[#8:26]-[#1])(-[#6:4])-[#1:64].[#8:28]-[#15:27](=[#8:29])(-[#8:30])-[#8:21]-[#15:22]=[#8:23]>>[#6:3]-[#6:1](-[#8]-[#1])(-[#6:4])-[#1:64].[#8:23]=[#15:22]-[#8:21]-[#1].[#8:28]-[#15:27](=[#8:29])(-[#8:26]-[#1])-[#8:30],EVODEX.2-P2000,20576063803316962221134817348975109415263485699769317327987092761701807281214
EVODEX.2-Dm622,[#6:3]-[#6:1](-[#8:172]-[#1])(-[#6:4])-[#1:321].[#15:175](=[#8:177])-[#8:173]-[#1]>>[#6:3]-[#6:1](-[#8]-[#1])(-[#6:4])-[#1:321].[#8:172](-[#1])-[#1].[#15:175](=[#8:177])-[#8:173]-[#15](=[#8])(-[#8])-[#8],EVODEX.2-P2618,63405790522732068293673065532550884131048302303216520335139538879209324130343
EVODEX.2-Dm650,[#6:3]-[#6:1](=[#8:4])-[#8:17]-[#1]>>[#6:3]-[#6:1](=[#8:4])-[#7](-[#6](=[#6]-[#6]1:[#6]:[#6]:[#6]:[#6]:[#6]:1)-[#6]=[#8])-[#1].[#8:17](-[#1])-[#1],EVODEX.2-P3135,30983127181746607075079406787764210027493711444906107938134208084569088426286
EVODEX.2-Dm656,[#8:29](-[#6:1](-[#6:3])(-[#1:57])-[#1:58])-[#1].[#8:31]-[#15:30](=[#8:32])(-[#8:33])-[#8]-[#15]=[#8]>>[#8](-[#6:1](-[#6:3])(-[#1:57])-[#1:58])-[#1].[#8:31]-[#15:30](=[#8:32])(-[#8:29]-[#1])-[#8:33],EVODEX.2-P3711,13143516383898489594912173610325527793121386693451804845472141626057599143288
EVODEX.2-Dm657,[#8:5]=[#6:3]-[#6:1](-[#8:12]-[#1])(-[#6:4])-[#1:40].[#8:14]-[#15:13](=[#8:15])(-[#8:16])-[#8:2]-[#15:8]=[#8:9]>>[#8:5]=[#6:3]-[#6:1](-[#6:4])(-[#8:2]-[#15:8]=[#8:9])-[#1:40].[#8:14]-[#15:13](=[#8:15])(-[#8:12]-[#1])-[#8:16],EVODEX.2-P3717,79408371065238250627156713111091712456183380631335181227558422310746476798281
