Name	Reactants	SMARTS	Products
EVODEX.2-Em375_0	Any	[#6]-[#6](=[#8])-[#7:5](-[#6@@:6])-[#1]>>[#7:5](-[#6@@:6])(-[#1])-[#1]	Any
EVODEX.2-Em354_0	Any	[#7](-[#6@])(-[#6:65](=[#8:66])-[#6:67])-[#1]>>[#6:65](=[#8:66])(-[#6:67])-[#8]-[#1]	Any
EVODEX.2-Em355_0	Any;Any	[#7](-[#6@])(-[#6:65](=[#8:66])-[#6:67])-[#1].[#8:82](-[#1])-[#1]>>[#6:65](=[#8:66])(-[#6:67])-[#8:82]-[#1]	Any
EVODEX.2-Em873_0	Any;Any	[#6:18]-[#6:19](=[#8:20])-[#8:21]-[#1].[#8:50]-[#15:51](=[#8:52])(-[#8:53])-[#8:54]-[#15:55](=[#8:56])(-[#8:57])-[#8:58]>>[#6:18]-[#6:19](=[#8:20])-[#7](-[#6])-[#1].[#8:21](-[#15:51](-[#8:50])(=[#8:52])-[#8:53])-[#1].[#8:54](-[#15:55](=[#8:56])(-[#8:57])-[#8:58])-[#1]	Any;Any;Any
EVODEX.2-Em321_0	Any	[#7:53](-[#6@@:54])(-[#1])-[#1]>>[#6]-[#6](=[#8])-[#7:53](-[#6@@:54])-[#1]	Any
EVODEX.2-Em876_0	Any;Any	[#8]-[#15](=[#8])(-[#8])-[#8:40]-[#15:41](=[#8:42])(-[#8:43])-[#8:44].[#7:7](-[#6@@:8])(-[#1])-[#1]>>[#6]-[#6](=[#8])-[#7:7](-[#6@@:8])-[#1].[#8:40](-[#15:41](=[#8:42])(-[#8:43])-[#8:44])-[#1]	Any;Any
EVODEX.2-Em617_0	Any	[#6:17](-[#6@@:16])(=[#8:18])-[#8]-[#1]>>[#7](-[#6@])(-[#6:17](-[#6@:16])=[#8:18])-[#1]	Any
EVODEX.2-Em329_0	Any	[#6:87]-[#8:88]-[#1]>>[#6](=[#8])(-[#6])-[#8:88]-[#6:87]	Any
EVODEX.2-Em515_0	Any;Any	[#8]-[#15](=[#8])(-[#8])-[#8]-[#15:26](=[#8:27])(-[#8:28])-[#8:29].[#8:31](-[#6:32])-[#1]>>[#15:26](=[#8:27])(-[#8:28])(-[#8:29])-[#8:31]-[#6:32]	Any
EVODEX.2-Em514_0	Any	[#8:17]-[#15:18](=[#8:19])(-[#8:20])-[#8:21]-[#15:22](=[#8:23])(-[#8:24])-[#8:25]>>[#8:17]-[#15:18](=[#8:19])(-[#8:20])-[#8:21]-[#1].[#15:22](=[#8:23])(-[#8:24])(-[#8:25])-[#8]-[#6]	Any;Any
EVODEX.2-Em344_0	Any	[#6]-[#6](=[#8])-[#8:66]-[#6:67]>>[#8:66](-[#6:67])-[#1]	Any
EVODEX.2-Em874_0	Any	[#6:21]-[#6:22](=[#8:23])-[#8:24]-[#1]>>[#6:21]-[#6:22](=[#8:23])-[#7](-[#6])-[#1].[#8:24](-[#15](-[#8])(=[#8])-[#8])-[#1]	Any;Any
EVODEX.2-Em480_0	Any;Any	[#7](-[#6@@:2](-[#6:3])(-[#6:8](=[#8:9])-[#8:10])-[#1])(-[#1])-[#1].[#6]-[#6](=[#8:16])-[#6](=[#8])-[#8]>>[#6:2](-[#6:3])(-[#6:8](=[#8:9])-[#8:10])=[#8:16]	Any
EVODEX.2-Em483_0	Any	[#7:8](-[#6@@:9](-[#6:10])(-[#6:14](=[#8:15])-[#8:16])-[#1])(-[#1])-[#1]>>[#6]-[#6](-[#6](=[#8])-[#8])(-[#7:8](-[#1])-[#1])-[#1].[#8]=[#6:9](-[#6:10])-[#6:14](=[#8:15])-[#8:16]	Any;Any
EVODEX.2-Em485_0	Any	[#6:7]-[#6:8](=[#8:9])-[#6:10](=[#8:11])-[#8:12]>>[#6:7]-[#6@@:8](-[#6:10](=[#8:11])-[#8:12])(-[#7](-[#1])-[#1])-[#1].[#8:9]=[#6](-[#6])-[#6](=[#8])-[#8]	Any;Any
EVODEX.2-Em481_0	Any;Any	[#7:1](-[#6@@](-[#6])(-[#6](=[#8])-[#8])-[#1])(-[#1])-[#1].[#6:18]-[#6:19](=[#8])-[#6:21](=[#8:22])-[#8:23]>>[#7:1](-[#6@@:19](-[#6:18])(-[#6:21](=[#8:22])-[#8:23])-[#1])(-[#1])-[#1]	Any
EVODEX.2-Em278_0	Any	[#8:11]-[#15:12](=[#8:13])(-[#8:14])-[#8:15]-[#15:16](=[#8:17])(-[#8:18])-[#8:41]>>[#8:11]-[#15:12](=[#8:13])(-[#8:14])-[#8]-[#15](-[#8])(=[#8])-[#8].[#8:15](-[#15:16](=[#8:17])(-[#8:18])-[#8:41])-[#1]	Any;Any
EVODEX.2-Em530_0	Any;Any	[#8]-[#15](=[#8])(-[#8])-[#8]-[#15:19](=[#8:20])(-[#8:21])-[#8:22].[#8:39]-[#15:40](=[#8:41])(-[#8:42]-[#1])-[#8:43]>>[#15:19](=[#8:20])(-[#8:21])(-[#8:22])-[#8:42]-[#15:40](-[#8:39])(=[#8:41])-[#8:43]	Any
EVODEX.2-Em569_0	Any;Any	[#6:17]-[#6:18](=[#8:19])-[#8]-[#6].[#8:26](-[#1])-[#1]>>[#6:17]-[#6:18](=[#8:19])-[#8:26]-[#1]	Any
EVODEX.2-Em405_0	Any;Any	[#8]=[#15](-[#8])(-[#8])-[#8]-[#6@@:6](-[#8:7])(-[#6@:26])-[#1:64].[#8:61](-[#6@@:60])-[#1]>>[#8:61](-[#6@@:6](-[#8:7])(-[#6@:26])-[#1:64])-[#6@@:60]	Any
EVODEX.2-Em78_0	Any;Any;Any	[#6:47]-[#16:48]-[#1].[#6:59]-[#6:60](=[#8:61])-[#8:62]-[#1].[#8:77]-[#15:78](=[#8:79])(-[#8:80])-[#8]-[#15](=[#8])(-[#8])-[#8]>>[#6:47]-[#16:48]-[#6:60](-[#6:59])=[#8:61].[#8:62](-[#15:78](-[#8:77])(=[#8:79])-[#8:80])-[#1]	Any;Any
EVODEX.2-Em436_0	Any	[#8:1]=[#15:2](-[#8:3]-[#1])(-[#8:4])-[#8:5]>>[#8:1]=[#15:2](-[#8:3]-[#15](=[#8])(-[#8])-[#8])(-[#8:4])-[#8:5]	Any
EVODEX.2-Em618_0	Any	[#6:17](-[#6@@:16])(=[#8:18])-[#8:19]-[#1]>>[#7](-[#6@])(-[#6:17](-[#6@:16])=[#8:18])-[#1].[#8:19](-[#1])-[#1]	Any;Any
EVODEX.2-Em682_0	Any;Any	[#6:7](-[#6@:5])(=[#8:8])-[#7](-[#6])-[#6@].[#8:17](-[#1])-[#1]>>[#6:7](-[#6@:5])(=[#8:8])-[#8:17]-[#1]	Any
EVODEX.2-Em683_0	Any	[#6:7](-[#6@:5])(=[#8:8])-[#7](-[#6])-[#6@]>>[#6:7](-[#6@:5])(=[#8:8])-[#8]-[#1]	Any
EVODEX.2-Em860_0	Any;Any	[#6:53]-[#6:54](=[#8:55])-[#8]-[#1].[#8]-[#15](=[#8])(-[#8])-[#8:75]-[#15:76](=[#8:77])(-[#8:78])-[#8:79]>>[#6]-[#16]-[#6:54](-[#6:53])=[#8:55].[#8:75](-[#15:76](=[#8:77])(-[#8:78])-[#8:79])-[#1]	Any;Any
EVODEX.2-Em74_0	Any	[#8]-[#15](=[#8])(-[#8])-[#8:23]-[#15:24](=[#8:25])(-[#8:26])-[#8:27]>>[#8:23](-[#15:24](=[#8:25])(-[#8:26])-[#8:27])-[#1]	Any
EVODEX.2-Em277_0	Any	[#8:81](-[#6@@:80])-[#1]>>[#15](=[#8])(-[#8])(-[#8])-[#8:81]-[#6@@:80]	Any
EVODEX.2-Em855_0	Any;Any	[#6]-[#6](=[#8])-[#8:4]-[#1].[#8:67]-[#15:68](=[#8:69])(-[#8:70])-[#8:71]-[#15:72](=[#8:73])(-[#8:74])-[#8:75]>>[#8:4](-[#15:68](-[#8:67])(=[#8:69])-[#8:70])-[#1].[#8:71](-[#15:72](=[#8:73])(-[#8:74])-[#8:75])-[#1]	Any;Any
EVODEX.2-Em856_0	Any;Any	[#6:1]-[#6:2](=[#8:3])-[#16:4]-[#6:5].[#8:75]=[#15:76](-[#8:77]-[#1])(-[#8:78])-[#8:79]>>[#6:1]-[#6:2](=[#8:3])-[#8]-[#1].[#8]-[#15](=[#8])(-[#8])-[#8:77]-[#15:76](=[#8:75])(-[#8:78])-[#8:79].[#16:4](-[#6:5])-[#1]	Any;Any;Any
EVODEX.2-Em859_0	Any;Any	[#6:2]-[#6:3](=[#8:4])-[#16]-[#6].[#8:76]=[#15:77](-[#8:78]-[#1])(-[#8:79])-[#8:80]>>[#6:2]-[#6:3](=[#8:4])-[#8]-[#1].[#8]-[#15](=[#8])(-[#8])-[#8:78]-[#15:77](=[#8:76])(-[#8:79])-[#8:80]	Any;Any
EVODEX.2-Em869_0	Any;Any;Any	[#8:29]-[#15:30](=[#8:31])(-[#8:32])-[#8]-[#15](=[#8])(-[#8])-[#8].[#7:1](-[#6@@:2])(-[#1])-[#1].[#6:46]-[#6:52](=[#8:53])-[#8:54]-[#1]>>[#8:29]-[#15:30](=[#8:31])(-[#8:32])-[#8:54]-[#1].[#7:1](-[#6@@:2])(-[#6:52](-[#6:46])=[#8:53])-[#1]	Any;Any
EVODEX.2-Em187_0	Any;Any	[#6:17]-[#6:18](=[#8:19])-[#8:20]-[#1].[#8:83]-[#15:84](=[#8:85])(-[#8:86])-[#8:87]-[#15:88](=[#8:89])(-[#8:90])-[#8:91]>>[#6:17]-[#6:18](=[#8:19])-[#1].[#8:20](-[#15:84](-[#8:83])(=[#8:85])-[#8:86])-[#1].[#8:87](-[#15:88](=[#8:89])(-[#8:90])-[#8:91])-[#1]	Any;Any;Any
EVODEX.2-Em189_0	Any;Any;Any	[#6:3]-[#6:4](=[#8:5])-[#8:6]-[#1].[#8:69]-[#15:70](=[#8:71])(-[#8:72])-[#8:73]-[#15:74](=[#8:75])(-[#8:76])-[#8:77].[#7:7]-[#6:8](=[#8:9])-[#6:10]1=[#6:11](-[#7:12](-[#6@@:13])-[#6:52](=[#6:53](-[#6:54]-1(-[#1:138])-[#1])-[#1:137])-[#1:136])-[#1:112]>>[#6:3]-[#6:4](=[#8:5])-[#1].[#7:7]-[#6:8](=[#8:9])-[#6:10]1:[#6:11](:[#7&+:12](-[#6@@:13]):[#6:52](:[#6:53](:[#6:54]:1-[#1:138])-[#1:137])-[#1:136])-[#1:112].[#8:6](-[#15:70](-[#8:69])(=[#8:71])-[#8:72])-[#1].[#8:73](-[#15:74](=[#8:75])(-[#8:76])-[#8:77])-[#1]	Any;Any;Any;Any
EVODEX.2-Em417_0	Any	[#8:1]=[#6:2](-[#8:3]-[#1])-[#6:4]>>[#8:1]=[#6:2](-[#8:3]-[#6@](-[#8])(-[#6@])-[#1])-[#6:4]	Any
EVODEX.2-Em516_0	Any	[#8:39](-[#6@@:36])-[#15:40](=[#8:41])(-[#8:42])-[#8:43]>>[#8]-[#15](=[#8])(-[#8]-[#15:40](=[#8:41])(-[#8:42])-[#8:43])-[#8].[#8:39](-[#6@@:36])-[#1]	Any;Any
EVODEX.2-Em608_0	Any;Any	[#6]-[#8]-[#6:18](=[#8:19])-[#6@:20].[#7:11](-[#6@@:10])(-[#1])-[#1]>>[#7:11](-[#6@@:10])(-[#6:18](=[#8:19])-[#6@:20])-[#1]	Any
EVODEX.2-Em609_0	Any	[#7:11](-[#6@@:10])(-[#6:12](=[#8:13])-[#6@:14])-[#1]>>[#6:12](=[#8:13])(-[#6@:14])-[#8]-[#6].[#7:11](-[#6@@:10])(-[#1])-[#1]	Any;Any
EVODEX.2-Em674_0	Any	[#6:7](-[#6@:5])(=[#8:8])-[#7](-[#6]1:[#6](:[#6](:[#6]2:[#6](-[#6]):[#6](:[#6](=[#8]):[#8]:[#6]:2:[#6]:1-[#1])-[#1])-[#1])-[#1])-[#1]>>[#6:7](-[#6@:5])(=[#8:8])-[#8]-[#1]	Any
EVODEX.2-Em678_0	Any;Any	[#6:7](-[#6@:5])(=[#8:8])-[#7](-[#6]1:[#6](:[#6](:[#6]2:[#6](-[#6]):[#6](:[#6](=[#8]):[#8]:[#6]:2:[#6]:1-[#1])-[#1])-[#1])-[#1])-[#1].[#8:25](-[#1])-[#1]>>[#6:7](-[#6@:5])(=[#8:8])-[#8:25]-[#1]	Any
EVODEX.2-Em854_0	Any;Any;Any	[#6:4](-[#6@@:2])(=[#8:5])-[#8]-[#1].[#6:10](-[#6@@:8])(=[#8:11])-[#8:12]-[#1].[#8]-[#15](=[#8])(-[#8])-[#8:35]-[#15:36](=[#8:37])(-[#8:38])-[#8:39]>>[#6:4](-[#6@@:2])(=[#8:5])-[#8:12]-[#6:10](-[#6@@:8])=[#8:11].[#8:35](-[#15:36](=[#8:37])(-[#8:38])-[#8:39])-[#1]	Any;Any
EVODEX.2-Em858_0	Any;Any	[#8:68]-[#15:69](=[#8:70])(-[#8:71]-[#1])-[#8:72].[#8:74]=[#15:75](-[#8:76]-[#1])(-[#8:77])-[#8:78]>>[#6]-[#6](=[#8])-[#8:71]-[#1].[#8:68]-[#15:69](=[#8:70])(-[#8:72])-[#8:76]-[#15:75](=[#8:74])(-[#8:77])-[#8:78]	Any;Any
EVODEX.2-Em863_0	Any;Any	[#6:47]-[#16:48]-[#1].[#8:80]=[#6:81](-[#8:82]-[#1])-[#6:83]>>[#6:47]-[#16:48]-[#6:81](=[#8:80])-[#6:83].[#8]-[#15](=[#8])(-[#8])-[#8:82]-[#1]	Any;Any
EVODEX.2-Em864_0	Any	[#6:65]-[#6:66](=[#8:67])-[#8:68]-[#1]>>[#6]-[#16]-[#6:66](-[#6:65])=[#8:67].[#8:68](-[#15](-[#8])(=[#8])-[#8])-[#1]	Any;Any
EVODEX.2-Em875_0	Any;Any	[#7:1](-[#6:2])(-[#1])-[#1].[#6:43]-[#6:44](=[#8:45])-[#8:46]-[#1]>>[#7:1](-[#6:2])(-[#6:44](-[#6:43])=[#8:45])-[#1].[#8:46](-[#15](-[#8])(=[#8])-[#8])-[#1]	Any;Any
EVODEX.2-Em475_0	Any;Any	[#8:2]=[#15:3](-[#8:4])(-[#8:5])-[#8]-[#15](=[#8])(-[#8])-[#8].[#8:1](-[#1])-[#1]>>[#8:1](-[#15:3](=[#8:2])(-[#8:4])-[#8:5])-[#1]	Any
EVODEX.2-Em561_0	Any	[#6:59]-[#6:60](=[#8:61])-[#8:62]-[#1]>>[#6](=[#8])(-[#6])-[#8:62]-[#1].[#6]-[#16]-[#6:60](-[#6:59])=[#8:61]	Any;Any
EVODEX.2-Em75_0	Any;Any	[#8:17]-[#15:18](=[#8:19])(-[#8:20])-[#8]-[#15](=[#8])(-[#8])-[#8].[#8:31]=[#6:32](-[#8:33]-[#1])-[#6@:34]>>[#8:17]-[#15:18](=[#8:19])(-[#8:20])-[#8:33]-[#6:32](=[#8:31])-[#6@:34]	Any
EVODEX.2-Em79_0	Any	[#6:18](-[#6@:17])(=[#8:19])-[#8:20]-[#1]>>[#6:18](-[#6@:17])(=[#8:19])-[#8:20]-[#15](-[#8])(=[#8])-[#8]	Any
EVODEX.2-Em282_0	Any;Any	[#6:1](-[#16&+](-[#6])-[#6])(-[#1:35])(-[#1:36])-[#1:37].[#6:30]-[#16:31]-[#1]>>[#6:1](-[#16:31]-[#6:30])(-[#1:35])(-[#1:36])-[#1:37]	Any
EVODEX.2-Em317_0	Any	[#8:8]=[#6:9](-[#6:10])-[#1:21]>>[#6](=[#8])(-[#6])-[#6@@:9](-[#8:8]-[#1])(-[#6:10])-[#1:21]	Any
EVODEX.2-Em323_0	Any	[#6:65]-[#8:66]-[#1]>>[#8]-[#6]1:[#6](:[#6](/[#6](=[#6](/[#6](=[#8])-[#8:66]-[#6:65])-[#1])-[#1]):[#6](:[#6](:[#6]:1-[#8])-[#1])-[#1])-[#1]	Any
EVODEX.2-Em326_0	Any	[#7:62](-[#6:63])(-[#1])-[#1]>>[#8]-[#6]1:[#6](:[#6](/[#6](=[#6](/[#6](=[#8])-[#7:62](-[#6:63])-[#1])-[#1])-[#1]):[#6](:[#6](:[#6]:1-[#8])-[#1])-[#1])-[#1]	Any
EVODEX.2-Em336_0	Any	[#6:17]-[#6:18](=[#8:19])-[#16:20]-[#6:21]>>[#6:17]-[#6:18](=[#8:19])-[#7](-[#6])-[#1].[#16:20](-[#6:21])-[#1]	Any;Any
EVODEX.2-Em346_0	Any	[#6:19]-[#6:20](=[#8:21])-[#16:22]-[#6:23]>>[#6:19]-[#6:20](=[#8:21])-[#8]-[#6].[#16:22](-[#6:23])-[#1]	Any;Any
EVODEX.2-Em359_0	Any;Any	[#6:1]-[#6:2](=[#8:3])-[#16]-[#6].[#8:52](-[#6:53])-[#1]>>[#6:1]-[#6:2](=[#8:3])-[#8:52]-[#6:53]	Any
EVODEX.2-Em410_0	Any;Any	[#8](-[#6@@:6](-[#6@@:5])(-[#8:32])-[#1:71])-[#15](=[#8])(-[#8])-[#8].[#8:65](-[#1])-[#1]>>[#8:65](-[#6@@:6](-[#6@@:5])(-[#8:32])-[#1:71])-[#1]	Any
EVODEX.2-Em415_0	Any;Any	[#8:26]-[#15:27](=[#8:28])(-[#8:29]-[#1])-[#8:30].[#8]-[#15](=[#8])(-[#8])-[#8]-[#6@@:49](-[#8:50])(-[#6@:58])-[#1:120]>>[#8:26]-[#15:27](=[#8:28])(-[#8:29]-[#6@:49](-[#8:50])(-[#6@:58])-[#1:120])-[#8:30]	Any
EVODEX.2-Em461_0	Any	[#6:11]-[#16:12]-[#1]>>[#6](-[#6@])(-[#16:12]-[#6:11])(-[#1])-[#1]	Any
EVODEX.2-Em468_0	Any	[#6:39]-[#16:40]-[#1]>>[#6]/[#6](-[#6])=[#6](/[#6](-[#16:40]-[#6:39])(-[#1])-[#1])-[#1]	Any
EVODEX.2-Em474_0	Any;Any;Any	[#6:1]-[#16:2]-[#6:3].[#6:23](-[#6@:22])(-[#8:24]-[#15:25](=[#8:26])(-[#8:27])-[#8]-[#15](=[#8])(-[#8])-[#8])(-[#1:59])-[#1:60].[#8:41](-[#1])-[#1]>>[#6:1]-[#16&+:2](-[#6:3])-[#6:23](-[#6@:22])(-[#1:59])-[#1:60].[#8:24](-[#15:25](=[#8:26])(-[#8:27])-[#8:41]-[#1])-[#1]	Any;Any
EVODEX.2-Em486_0	Any;Any	[#6:35]-[#6:36](-[#6@:2])=[#8].[#7:38](-[#6@@](-[#6])(-[#6](=[#8])-[#8])-[#1])(-[#1])-[#1]>>[#6:35]-[#6@@:36](-[#6@:2])(-[#7:38](-[#1])-[#1])-[#1]	Any
EVODEX.2-Em487_0	Any	[#7:1](-[#6@@:2](-[#6@:3])(-[#6@@:15])-[#1])(-[#1])-[#1]>>[#6:2](=[#8])(-[#6@:3])-[#6@@:15].[#7:1](-[#6@@](-[#6])(-[#6](=[#8])-[#8])-[#1])(-[#1])-[#1]	Any;Any
EVODEX.2-Em488_0	Any;Any	[#7:1](-[#6@@](-[#6])(-[#6](=[#8])-[#8])-[#1])(-[#1])-[#1].[#8]=[#6:12](-[#6@@:13])-[#1:36]>>[#7:1](-[#6:12](-[#6@@:13])(-[#1:36])-[#1])(-[#1])-[#1]	Any
EVODEX.2-Em489_0	Any	[#8:11]=[#6:12](-[#6@@:13])-[#1:36]>>[#6](-[#6])(-[#6](=[#8])-[#8])=[#8:11].[#7](-[#6:12](-[#6@@:13])(-[#1:36])-[#1])(-[#1])-[#1]	Any;Any
EVODEX.2-Em490_0	Any;Any	[#6:7]-[#6:8](-[#7](-[#1])-[#1])(-[#1:32])-[#1].[#6]-[#6](=[#8:19])-[#6](=[#8])-[#8]>>[#6:7]-[#6:8](=[#8:19])-[#1:32]	Any
EVODEX.2-Em492_0	Any;Any	[#6:22]-[#6@:23](-[#7](-[#1])-[#1])(-[#6@@:25])-[#1].[#6]-[#6](=[#8:40])-[#6](=[#8])-[#8]>>[#6:22]-[#6:23](=[#8:40])-[#6@@:25]	Any
EVODEX.2-Em493_0	Any	[#6:22]-[#6:23](=[#8:24])-[#6@@:25]>>[#6:22]-[#6@:23](-[#7](-[#1])-[#1])(-[#6@@:25])-[#1].[#8:24]=[#6](-[#6])-[#6](=[#8])-[#8]	Any;Any
EVODEX.2-Em495_0	Any	[#7:7](-[#6:8](-[#6:9])(-[#1:22])-[#1])(-[#1])-[#1]>>[#6]-[#6](-[#6](=[#8])-[#8])(-[#7:7](-[#1])-[#1])-[#1].[#8]=[#6:8](-[#6:9])-[#1:22]	Any;Any
EVODEX.2-Em519_0	Any;Any	[#6]-[#8]-[#15:16](=[#8:17])(-[#8:18])-[#8:19].[#6:32]-[#8:33]-[#1]>>[#15:16](=[#8:17])(-[#8:18])(-[#8:19])-[#8:33]-[#6:32]	Any
EVODEX.2-Em560_0	Any	[#6:47]-[#16:48]-[#6:49](=[#8:50])-[#6:51]>>[#6:49](=[#8:50])(-[#6:51])-[#8]-[#1].[#6:47]-[#16:48]-[#6](-[#6])=[#8]	Any;Any
EVODEX.2-Em564_0	Any;Any	[#6:47]-[#16:48]-[#6](=[#8])-[#6].[#8:56]=[#6:57](-[#8]-[#1])-[#6:59]>>[#6:47]-[#16:48]-[#6:57](=[#8:56])-[#6:59]	Any
EVODEX.2-Em589_0	Any;Any	[#6:8]-[#6:9](-[#8]-[#6](-[#6])=[#8])(-[#1:32])-[#1:33].[#8:14](-[#1])-[#1]>>[#6:8]-[#6:9](-[#8:14]-[#1])(-[#1:32])-[#1:33]	Any
EVODEX.2-Em655_0	Any;Any	[#8:1](-[#1])-[#1].[#8](-[#6@:34](-[#6@:31])(-[#6@:47])-[#1:100])-[#6@]>>[#8:1](-[#6@:34](-[#6@@:31])(-[#6@:47])-[#1:100])-[#1]	Any
EVODEX.2-Em686_0	Any	[#6](-[#6@])(=[#8])-[#7:12](-[#6:13])-[#6@:16]>>[#7:12](-[#6:13])(-[#6@:16])-[#1]	Any
EVODEX.2-Em719_0	Any	[#7:8](-[#6@:7])(-[#6](=[#8])-[#8])-[#1]>>[#7:8](-[#6@:7])(-[#1])-[#1]	Any
EVODEX.2-Em828_0	Any	[#6:3](-[#6@:2])(=[#8:4])-[#1:25]>>[#8:4](-[#6@:3](-[#6@:2])(-[#6@@](-[#6](=[#8])-[#6])(-[#8])-[#1])-[#1:25])-[#1]	Any
EVODEX.2-Em831_0	Any	[#8]=[#6](-[#6])-[#6](-[#8])(-[#6:7](-[#8:8]-[#1])(-[#6@:9])-[#1:29])-[#1]>>[#6:7](=[#8:8])(-[#6@:9])-[#1:29]	Any
EVODEX.2-Em857_0	Any;Any	[#6:1]-[#6:2](=[#8:3])-[#16]-[#6].[#8]-[#15](=[#8])(-[#8:69]-[#1])-[#8]>>[#6:1]-[#6:2](=[#8:3])-[#8:69]-[#1]	Any
EVODEX.2-Em861_0	Any;Any	[#6:5]-[#6:6](=[#8:7])-[#16:8]-[#6:9].[#8]-[#15](=[#8])(-[#8:73]-[#1])-[#8]>>[#6:5]-[#6:6](=[#8:7])-[#8:73]-[#1].[#16:8](-[#6:9])-[#1]	Any;Any
EVODEX.2-Em882_0	Any;Any	[#6:29](-[#6@@:23])(=[#8:30])-[#7:31](-[#6@@:32])-[#1].[#8:70]=[#15:71](-[#8:72]-[#1])(-[#8:73])-[#8:74]>>[#6:29](-[#6@@:23])(=[#8:30])-[#8]-[#1].[#7:31](-[#6@@:32])(-[#1])-[#1].[#8]-[#15](=[#8])(-[#8])-[#8:72]-[#15:71](=[#8:70])(-[#8:73])-[#8:74]	Any;Any;Any
EVODEX.2-Em885_0	Any;Any	[#8:78]-[#15:79](=[#8:80])(-[#8:81]-[#1])-[#8:82].[#6:40]-[#6:41](=[#8:42])-[#7](-[#6@@])-[#1]>>[#8:78]-[#15:79](=[#8:80])(-[#8:82])-[#8]-[#15](=[#8])(-[#8])-[#8].[#6:40]-[#6:41](=[#8:42])-[#8:81]-[#1]	Any;Any
EVODEX.2-Em425_0	Any	[#8:9]-[#6@:10](-[#8:11]-[#6@@](-[#8])(-[#6@])-[#1])(-[#6@:23])-[#1:36]>>[#8:9]-[#6:10](-[#8:11]-[#1])(-[#6@:23])-[#1:36]	Any
EVODEX.2-Em427_0	Any;Any	[#8](-[#6@@])-[#6@@:9](-[#8:10])(-[#6@:18])-[#1:87].[#8:79](-[#6@@:78])-[#1]>>[#8:79](-[#6@@:9](-[#8:10])(-[#6@:18])-[#1:87])-[#6@@:78]	Any
EVODEX.2-Em578_0	Any	[#6](-[#8:2]-[#6:3](=[#8:4])-[#6@:5])(-[#1])(-[#1])-[#1]>>[#8:2](-[#6:3](=[#8:4])-[#6@:5])-[#1]	Any
EVODEX.2-Em1_0	Any	[#6:1]-[#6:2](=[#8:3])-[#6:4](=[#8:5])-[#1:53]>>[#6:1]-[#6:2](=[#8:3])-[#6:4](-[#8:5]-[#1])(-[#1:53])-[#1]	Any
EVODEX.2-Em2_0	Any;Any	[#7:1]-[#6:2](=[#8:3])-[#6:4]1:[#6:5](:[#6:6](:[#6:7](:[#7&+:8](-[#6@@:9]):[#6:44]:1-[#1:84])-[#1:61])-[#1:60])-[#1:59].[#6:55](-[#6@:53])(-[#8:56]-[#1])(-[#1:92])-[#1]>>[#7:1]-[#6:2](=[#8:3])-[#6:4]1=[#6:44](-[#7:8](-[#6@@:9])-[#6:7](=[#6:6](-[#6:5]-1(-[#1:59])-[#1])-[#1:60])-[#1:61])-[#1:84].[#6:55](-[#6@:53])(=[#8:56])-[#1:92]	Any;Any
EVODEX.2-Em3_0	Any	[#6:1]-[#6:2](=[#8:3])-[#6:4]1:[#6:5](:[#6:6](:[#6:7](:[#6:8](:[#6:9]:1-[#1:65])-[#1:64])-[#1:63])-[#1:62])-[#1:61]>>[#6:1]-[#6:2](-[#8:3]-[#1])(-[#6:4]1:[#6:5](:[#6:6](:[#6:7](:[#6:8](:[#6:9]:1-[#1:65])-[#1:64])-[#1:63])-[#1:62])-[#1:61])-[#1]	Any
EVODEX.2-Em4_0	Any	[#8:2]-[#6:3]1=[#6:4](-[#8:5])-[#6:7](=[#8:8])-[#6:9](-[#6:10])=[#6:15](-[#6:16])-[#6:17]-1=[#8:18]>>[#8:2]-[#6:3]1:[#6:4](-[#8:5]):[#6:7](-[#8:8]-[#1]):[#6:9](-[#6:10]):[#6:15](-[#6:16]):[#6:17]:1-[#8:18]-[#1]	Any
EVODEX.2-Em5_0	Any	[#6:7]-[#6:8](=[#8:9])-[#8:10]-[#6:11]1:[#6:12](:[#6:13](:[#6:14](-[#7&+:15](=[#8:16])-[#8&-:17]):[#6:18](:[#6:19]:1-[#1:39])-[#1:38])-[#1:37])-[#1:36]>>[#6:7]-[#6:8](=[#8:9])-[#8]-[#1].[#8:10](-[#6:11]1:[#6:12](:[#6:13](:[#6:14](-[#7&+:15](=[#8:16])-[#8&-:17]):[#6:18](:[#6:19]:1-[#1:39])-[#1:38])-[#1:37])-[#1:36])-[#1]	Any;Any
EVODEX.2-Em6_0	Any	[#8:48]-[#6:49](-[#8:50]-[#1])(-[#6@@:51])-[#1]>>[#8:48]-[#6:49](=[#8:50])-[#6@@:51]	Any
EVODEX.2-Em7_0	Any	[#6:4]-[#6:5](=[#8:6])-[#6:7](-[#6:8])=[#8:9]>>[#6:4]-[#6:5](-[#8:6]-[#1])(-[#6:7](-[#6:8])(-[#8:9]-[#1])-[#1])-[#1]	Any
EVODEX.2-Em8_0	Any;Any;Any	[#6:4]-[#6:5](=[#8:6])-[#6:7](-[#6:8])=[#8:9].[#7:10]-[#6:11](=[#8:12])-[#6:13]1=[#6:14](-[#7:15](-[#6@@:16])-[#6:51](=[#6:52](-[#6:53]-1(-[#1:137])-[#1])-[#1:136])-[#1:135])-[#1:112].[#7:54]-[#6:55](=[#8:56])-[#6:57]1=[#6:58](-[#7:59](-[#6@@:60])-[#6:95](=[#6:96](-[#6:97]-1(-[#1:166])-[#1])-[#1:165])-[#1:164])-[#1:141]>>[#6:4]-[#6:5](-[#8:6]-[#1])(-[#6:7](-[#6:8])(-[#8:9]-[#1])-[#1])-[#1].[#7:10]-[#6:11](=[#8:12])-[#6:13]1:[#6:14](:[#7&+:15](-[#6@@:16]):[#6:51](:[#6:52](:[#6:53]:1-[#1:137])-[#1:136])-[#1:135])-[#1:112].[#7:54]-[#6:55](=[#8:56])-[#6:57]1:[#6:58](:[#7&+:59](-[#6@@:60]):[#6:95](:[#6:96](:[#6:97]:1-[#1:166])-[#1:165])-[#1:164])-[#1:141]	Any;Any;Any
EVODEX.2-Em9_0	Any;Any	[#7:1]-[#6:2](=[#8:3])-[#6:4]1:[#6:5](:[#6:6](:[#6:7](:[#7&+:8](-[#6@@:9]):[#6:48]:1-[#1:87])-[#1:63])-[#1:62])-[#1:61].[#8:52]-[#6:53](-[#8:54]-[#1])(-[#6@@:55])-[#1]>>[#7:1]-[#6:2](=[#8:3])-[#6:4]1=[#6:48](-[#7:8](-[#6@@:9])-[#6:7](=[#6:6](-[#6:5]-1(-[#1:61])-[#1])-[#1:62])-[#1:63])-[#1:87].[#8:52]-[#6:53](=[#8:54])-[#6@@:55]	Any;Any
EVODEX.2-Em10_0	Any;Any	[#7:1]-[#6:2](=[#8:3])-[#6:4]1:[#6:5](:[#6:6](:[#6:7](:[#7&+:8](-[#6@@:9]):[#6:48]:1-[#1:89])-[#1:65])-[#1:64])-[#1:63].([#8:49]=[#6:50](-[#6@@:51])-[#1].[#8:58](-[#6@@:57])-[#1])>>[#7:1]-[#6:2](=[#8:3])-[#6:4]1=[#6:48](-[#7:8](-[#6@@:9])-[#6:7](=[#6:6](-[#6:5]-1(-[#1:63])-[#1])-[#1:64])-[#1:65])-[#1:89].[#8:49]=[#6:50](-[#6@@:51])-[#8:58]-[#6@:57]	Any;Any
EVODEX.2-Em11_0	Any	[#7&+:31]1(-[#6@@:30]):[#6:32](:[#6:33](:[#6:34](:[#6:35](-[#6:36](-[#7:37])=[#8:38]):[#6:39]:1-[#1:88])-[#1:85])-[#1:84])-[#1:83]>>[#7:31]1(-[#6@@:30])-[#6:32](=[#6:33](-[#6:34](-[#6:35](-[#6:36](-[#7:37])=[#8:38])=[#6:39]-1-[#1:88])(-[#1:85])-[#1])-[#1:84])-[#1:83]	Any
EVODEX.2-Em12_0	Any;Any	[#7:1]-[#6:2](=[#8:3])-[#6:4]1=[#6:5](-[#7:6](-[#6@@:7])-[#6:42](=[#6:43](-[#6:44]-1(-[#1:82])-[#1])-[#1:81])-[#1:80])-[#1:57].[#6:49]-[#8:50]-[#6:51](=[#8:52])-[#6@:53]>>[#7:1]-[#6:2](=[#8:3])-[#6:4]1:[#6:5](:[#7&+:6](-[#6@@:7]):[#6:42](:[#6:43](:[#6:44]:1-[#1:82])-[#1:81])-[#1:80])-[#1:57].([#6:49]-[#8:50]-[#1].[#6:51](-[#6@@:53])(=[#8:52])-[#1])	Any;Any
EVODEX.2-Em13_0	Any;Any;Any	[#7:40]-[#6:41](=[#8:42])-[#6:43]1=[#6:44](-[#7:45](-[#6@@:46])-[#6:81](=[#6:82](-[#6:83]-1(-[#1:155])-[#1])-[#1:154])-[#1:153])-[#1:130].[#7:84]-[#6:85](=[#8:86])-[#6:87]1=[#6:88](-[#7:89](-[#6@@:90])-[#6:125](=[#6:126](-[#6:127]-1(-[#1:184])-[#1])-[#1:183])-[#1:182])-[#1:159].[#6:28](-[#6@:27])(=[#8])-[#8:30]>>[#7:40]-[#6:41](=[#8:42])-[#6:43]1:[#6:44](:[#7&+:45](-[#6@@:46]):[#6:81](:[#6:82](:[#6:83]:1-[#1:155])-[#1:154])-[#1:153])-[#1:130].[#7:84]-[#6:85](=[#8:86])-[#6:87]1:[#6:88](:[#7&+:89](-[#6@@:90]):[#6:125](:[#6:126](:[#6:127]:1-[#1:184])-[#1:183])-[#1:182])-[#1:159].[#6:28](-[#6@:27])(-[#8:30])(-[#1])-[#1]	Any;Any;Any
EVODEX.2-Em14_0	Any	[#6:6]-[#6@:7](-[#8:8]-[#1])(/[#6:9](=[#6:10](/[#6@:11])-[#1:85])-[#1:84])-[#1]>>[#6:6]-[#6:7](=[#8:8])/[#6:9](=[#6:10](/[#6@:11])-[#1:85])-[#1:84]	Any
EVODEX.2-Em15_0	Any;Any	[#6:13](-[#6@@:12])(=[#8:14])-[#6:15].[#7:27]-[#6:28](=[#8:29])-[#6:30]1=[#6:31](-[#7:32](-[#6@@:33])-[#6:68](=[#6:69](-[#6:70]-1(-[#1:126])-[#1])-[#1:125])-[#1:124])-[#1:101]>>[#8:14](-[#6@:13](-[#6@@:12])(-[#6:15])-[#1])-[#1].[#7:27]-[#6:28](=[#8:29])-[#6:30]1:[#6:31](:[#7&+:32](-[#6@@:33]):[#6:68](:[#6:69](:[#6:70]:1-[#1:126])-[#1:125])-[#1:124])-[#1:101]	Any;Any
EVODEX.2-Em16_0	Any;Any	[#6:22](-[#6@:20])(=[#8:23])-[#6:24](=[#8:25])-[#1:97].[#7:26]-[#6:27](=[#8:28])-[#6:29]1=[#6:30](-[#7:31](-[#6@@:32])-[#6:67](=[#6:68](-[#6:69]-1(-[#1:125])-[#1])-[#1:124])-[#1:123])-[#1:100]>>[#6:22](-[#6@:20])(=[#8:23])-[#6:24](-[#8:25]-[#1])(-[#1:97])-[#1].[#7:26]-[#6:27](=[#8:28])-[#6:29]1:[#6:30](:[#7&+:31](-[#6@@:32]):[#6:67](:[#6:68](:[#6:69]:1-[#1:125])-[#1:124])-[#1:123])-[#1:100]	Any;Any
EVODEX.2-Em17_0	Any	[#8:20](-[#6@@:19](-[#6@@:18])(-[#6:21])-[#1])-[#1]>>[#6:19](-[#6@@:18])(=[#8:20])-[#6:21]	Any
EVODEX.2-Em18_0	Any	[#8:45](-[#6:46](-[#6:47])(-[#1:82])-[#1])-[#1]>>[#8:45]=[#6:46](-[#6:47])-[#1:82]	Any
EVODEX.2-Em19_0	Any	[#6:2]-[#6:8](-[#6:6](-[#8:5])=[#8:7])=[#8:9]>>[#6:2]-[#6@:8](-[#6:6](-[#8:5])=[#8:7])(-[#8:9]-[#1])-[#1]	Any
EVODEX.2-Em20_0	Any;Any	[#8:31](-[#6@@:30](-[#6@:28])(-[#6:32])-[#1])-[#1].[#8:1]=[#6:2]1-[#6:3](=[#6:4](-[#6:5](=[#7:6]-[#6:7]2:[#6:8](:[#6:9](-[#17:10]):[#6:11](-[#8:12]):[#6:13](-[#17:14]):[#6:15]:2-[#1:53])-[#1:51])-[#6:16](=[#6:17]-1-[#1:55])-[#1:54])-[#1:50])-[#1:49]>>[#6:30](-[#6@:28])(=[#8:31])-[#6:32].[#8:1](-[#6:2]1:[#6:3](:[#6:4](:[#6:5](-[#7:6](-[#6:7]2:[#6:8](:[#6:9](-[#17:10]):[#6:11](-[#8:12]):[#6:13](-[#17:14]):[#6:15]:2-[#1:53])-[#1:51])-[#1]):[#6:16](:[#6:17]:1-[#1:55])-[#1:54])-[#1:50])-[#1:49])-[#1]	Any;Any
EVODEX.2-Em21_0	Any;Any	[#7:1]-[#6:2](=[#8:3])-[#6:4]1=[#6:5](-[#7:6](-[#6@@:7])-[#6:42](=[#6:43](-[#6:44]-1(-[#1:83])-[#1])-[#1:82])-[#1:81])-[#1:58].[#6:50]-[#6:51](=[#8:52])-[#6:53](=[#8:54])-[#8:55]>>[#7:1]-[#6:2](=[#8:3])-[#6:4]1:[#6:5](:[#7&+:6](-[#6@@:7]):[#6:42](:[#6:43](:[#6:44]:1-[#1:83])-[#1:82])-[#1:81])-[#1:58].[#6:50]-[#6:51](-[#8:52]-[#1])(-[#6:53](=[#8:54])-[#8:55])-[#1]	Any;Any
EVODEX.2-Em22_0	Any;Any	[#7:1]-[#6:2](=[#8:3])-[#6:4]1=[#6:5](-[#7:6](-[#6@@:7])-[#6:46](=[#6:47](-[#6:48]-1(-[#1:87])-[#1])-[#1:86])-[#1:85])-[#1:61].[#8:49]=[#6:50](-[#6:51])-[#6:53]1:[#6:54](:[#6:55](:[#6:56](:[#6:57](:[#6:58]:1-[#1:95])-[#1:94])-[#1:93])-[#1:92])-[#1:91]>>[#7:1]-[#6:2](=[#8:3])-[#6:4]1:[#6:5](:[#7&+:6](-[#6@@:7]):[#6:46](:[#6:47](:[#6:48]:1-[#1:87])-[#1:86])-[#1:85])-[#1:61].[#8:49](-[#6@:50](-[#6:51])(-[#6:53]1:[#6:54](:[#6:55](:[#6:56](:[#6:57](:[#6:58]:1-[#1:95])-[#1:94])-[#1:93])-[#1:92])-[#1:91])-[#1])-[#1]	Any;Any
EVODEX.2-Em23_0	Any;Any	[#6:1]-[#6:2](=[#8:3])/[#6:4](=[#6:5](/[#6:6])-[#1:65])-[#1:64].[#7:13]-[#6:14](=[#8:15])-[#6:16]1=[#6:17](-[#7:18](-[#6@@:19])-[#6:58](=[#6:59](-[#6:60]-1(-[#1:101])-[#1])-[#1:100])-[#1:99])-[#1:75]>>[#6:1]-[#6:2](-[#8:3]-[#1])(/[#6:4](=[#6:5](/[#6:6])-[#1:65])-[#1:64])-[#1].[#7:13]-[#6:14](=[#8:15])-[#6:16]1:[#6:17](:[#7&+:18](-[#6@@:19]):[#6:58](:[#6:59](:[#6:60]:1-[#1:101])-[#1:100])-[#1:99])-[#1:75]	Any;Any
EVODEX.2-Em24_0	Any	[#6:9]-[#6:10](=[#8:11])-[#8:12]>>[#6:9]-[#6:10](-[#8:12])(-[#1])-[#1].[#8:11](-[#1])-[#1]	Any;Any
EVODEX.2-Em25_0	Any;Any	[#6:27]-[#6:28](-[#8:29])(-[#1])-[#1].[#8:118](-[#1])-[#1]>>[#6:27]-[#6:28](-[#8:29])=[#8:118]	Any
EVODEX.2-Em26_0	Any;Any	[#6:13]-[#6:14](=[#8:15])-[#8:16].[#7:61]-[#6:62](=[#8:63])-[#6:64]1=[#6:65](-[#7:66](-[#6@@:67])-[#6:102](=[#6:103](-[#6:104]-1(-[#1:189])-[#1])-[#1:188])-[#1:187])-[#1:164]>>[#6:13]-[#6:14](-[#8:16])(-[#1])-[#1].[#7:61]-[#6:62](=[#8:63])-[#6:64]1:[#6:65](:[#7&+:66](-[#6@@:67]):[#6:102](:[#6:103](:[#6:104]:1-[#1:189])-[#1:188])-[#1:187])-[#1:164].[#8:15](-[#1])-[#1]	Any;Any;Any
EVODEX.2-Em27_0	Any;Any	[#6:3]-[#6@@:6](-[#8:7]-[#1])(-[#6:8](=[#6:9](-[#6:10])-[#6:11])-[#1:67])-[#1].[#7:12]-[#6:13](=[#8:14])-[#6:15]1:[#6:16](:[#6:17](:[#6:18](:[#7&+:19](-[#6@@:20]):[#6:55]:1-[#1:101])-[#1:78])-[#1:77])-[#1:76]>>[#6:3]-[#6:6](=[#8:7])-[#6:8](=[#6:9](-[#6:10])-[#6:11])-[#1:67].[#7:12]-[#6:13](=[#8:14])-[#6:15]1=[#6:55](-[#7:19](-[#6@@:20])-[#6:18](=[#6:17](-[#6:16]-1(-[#1:76])-[#1])-[#1:77])-[#1:78])-[#1:101]	Any;Any
EVODEX.2-Em28_0	Any	[#6:1]-[#6:2](=[#8:3])-[#16:4]-[#6:5]>>[#6:1]-[#6:2](=[#8:3])-[#1].[#16:4](-[#6:5])-[#1]	Any;Any
EVODEX.2-Em29_0	Any;Any	[#6:5]-[#6:6](=[#6:7](-[#6:8])-[#6@@:9](-[#8:10]-[#1])(-[#6:11])-[#1])-[#1:68].[#7:12]-[#6:13](=[#8:14])-[#6:15]1:[#6:16](:[#6:17](:[#6:18](:[#7&+:19](-[#6@@:20]):[#6:59]:1-[#1:104])-[#1:80])-[#1:79])-[#1:78]>>[#6:5]-[#6:6](=[#6:7](-[#6:8])-[#6:9](=[#8:10])-[#6:11])-[#1:68].[#7:12]-[#6:13](=[#8:14])-[#6:15]1=[#6:59](-[#7:19](-[#6@@:20])-[#6:18](=[#6:17](-[#6:16]-1(-[#1:78])-[#1])-[#1:79])-[#1:80])-[#1:104]	Any;Any
EVODEX.2-Em30_0	Any;Any	[#7:1]-[#6:2](=[#8:3])-[#6:4]1:[#6:5](:[#6:6](:[#6:7](:[#7&+:8](-[#6@@:9]):[#6:44]:1-[#1:85])-[#1:62])-[#1:61])-[#1:60].[#6:48]-[#6:49](-[#6:50](=[#8:51])-[#8:52]-[#1])(-[#6:53](-[#8:54]-[#1])(-[#6:55](=[#8:56])-[#8:57])-[#1])-[#1:89]>>[#6:50](=[#8:51])=[#8:52].[#7:1]-[#6:2](=[#8:3])-[#6:4]1=[#6:44](-[#7:8](-[#6@@:9])-[#6:7](=[#6:6](-[#6:5]-1(-[#1:60])-[#1])-[#1:61])-[#1:62])-[#1:85].[#6:48]-[#6:49](-[#6:53](=[#8:54])-[#6:55](=[#8:56])-[#8:57])(-[#1:89])-[#1]	Any;Any;Any
EVODEX.2-Em31_0	Any;Any	[#7:1]-[#6:2](=[#8:3])-[#6:4]1:[#6:5](:[#6:6](:[#6:7](:[#7&+:8](-[#6@@:9]):[#6:44]:1-[#1:86])-[#1:63])-[#1:62])-[#1:61].[#6:49]-[#6@:50](-[#6](=[#8])-[#8])(-[#6@@:54](-[#8:55]-[#1])(-[#6:56](=[#8:57])-[#8:58])-[#1])-[#1:92]>>[#7:1]-[#6:2](=[#8:3])-[#6:4]1=[#6:44](-[#7:8](-[#6@@:9])-[#6:7](=[#6:6](-[#6:5]-1(-[#1:61])-[#1])-[#1:62])-[#1:63])-[#1:86].[#6:49]-[#6:50](-[#6:54](=[#8:55])-[#6:56](=[#8:57])-[#8:58])(-[#1:92])-[#1]	Any;Any
EVODEX.2-Em32_0	Any	[#6]-[#16]-[#6:49](=[#8:50])-[#6:51]>>[#6:49](-[#8:50]-[#1])(-[#6:51])(-[#1])-[#1]	Any
EVODEX.2-Em33_0	Any;Any;Any	[#6:52]-[#6:53](-[#8:54]-[#1])(-[#1])-[#1].[#7:107]-[#6:108](=[#8:109])-[#6:110]1:[#6:111](:[#6:112](:[#6:113](:[#7&+:114](-[#6@@:115]):[#6:154]:1-[#1:231])-[#1:207])-[#1:206])-[#1:205].[#7:59]-[#6:60](=[#8:61])-[#6:62]1:[#6:63](:[#6:64](:[#6:65](:[#7&+:66](-[#6@@:67]):[#6:106]:1-[#1:260])-[#1:236])-[#1:235])-[#1:234]>>[#6]-[#16]-[#6:53](-[#6:52])=[#8:54].[#7:107]-[#6:108](=[#8:109])-[#6:110]1=[#6:154](-[#7:114](-[#6@@:115])-[#6:113](=[#6:112](-[#6:111]-1(-[#1:205])-[#1])-[#1:206])-[#1:207])-[#1:231].[#7:59]-[#6:60](=[#8:61])-[#6:62]1=[#6:106](-[#7:66](-[#6@@:67])-[#6:65](=[#6:64](-[#6:63]-1(-[#1:234])-[#1])-[#1:235])-[#1:236])-[#1:260]	Any;Any;Any
EVODEX.2-Em34_0	Any	[#6:47]-[#6@@:48](-[#8:49]-[#6@@:50](-[#8:51])(-[#6@:52])-[#1])(-[#6@@:56])-[#1:91]>>([#8](-[#6@:48](-[#6:47])(-[#6@:56])-[#1:91])-[#1].[#6:50](-[#6@:52])(=[#8:49])-[#8:51])	Any
EVODEX.2-Em35_0	Any;Any	[#8:1]=[#8:2].[#8:6]-[#6:7](-[#8:8])(-[#6@:9](-[#8:10]-[#1])(-[#6@@:11])-[#1])-[#1:19]>>[#8:1](-[#8:2]-[#1])-[#1].[#8:6]-[#6@@:7](-[#8:8])(-[#6:9](=[#8:10])-[#6@@:11])-[#1:19]	Any;Any
EVODEX.2-Em36_0	Any;Any	[#8:11]=[#8:12].[#8:1]=[#6:2](-[#6@:3](-[#8:4]-[#1])(-[#6@@:5])-[#1])-[#1:13]>>[#8:1]=[#6:2](-[#6:3](=[#8:4])-[#6@@:5])-[#1:13].[#8:11](-[#8:12]-[#1])-[#1]	Any;Any
EVODEX.2-Em37_0	Any;Any	[#8:1]=[#8:2].[#6:9]-[#6@@:10](-[#8:11]-[#1])(-[#6@@:12])-[#1]>>[#8:1](-[#8:2]-[#1])-[#1].[#6:9]-[#6:10](=[#8:11])-[#6@@:12]	Any;Any
EVODEX.2-Em38_0	Any;Any	[#6:2]-[#6:3](-[#8:4]-[#1])(-[#1:12])-[#1].[#8:5]=[#8:6]>>[#6:2]-[#6:3](=[#8:4])-[#1:12].[#8:5](-[#8:6]-[#1])-[#1]	Any;Any
EVODEX.2-Em39_0	Any	[#6:4]-[#6@:5](-[#8:6])(-[#6](=[#8])-[#8])-[#1]>>[#6:4]-[#6:5](-[#8:6])=[#8]	Any
EVODEX.2-Em40_0	Any;Any	[#6:6]-[#6:7](-[#8:8]-[#1])(-[#6:9](=[#8:10])-[#8:11])-[#1].[#8:12]=[#6:13]1-[#6:14](=[#6:15](-[#6:16](=[#7:17]-[#6:18]2:[#6:19](:[#6:20](-[#17:21]):[#6:22](-[#8:23]):[#6:24](-[#17:25]):[#6:26]:2-[#1:49])-[#1:47])-[#6:27](=[#6:28]-1-[#1:51])-[#1:50])-[#1:46])-[#1:45]>>[#6:6]-[#6:7](=[#8:8])-[#6:9](=[#8:10])-[#8:11].[#8:12](-[#6:13]1:[#6:14](:[#6:15](:[#6:16](-[#7:17](-[#6:18]2:[#6:19](:[#6:20](-[#17:21]):[#6:22](-[#8:23]):[#6:24](-[#17:25]):[#6:26]:2-[#1:49])-[#1:47])-[#1]):[#6:27](:[#6:28]:1-[#1:51])-[#1:50])-[#1:46])-[#1:45])-[#1]	Any;Any
EVODEX.2-Em41_0	Any;Any	[#8:1]=[#8:2].[#6:16](-[#6@:15])(-[#8:17])(-[#1])-[#1]>>[#8:1]=[#6:16](-[#6@:15])-[#8:17].[#8:2](-[#1])-[#1]	Any;Any
EVODEX.2-Em42_0	Any;Any	[#8:1]=[#8].[#6:15](-[#6@:14])(-[#8:16])(-[#1])-[#1]>>[#8:1]=[#6:15](-[#6@:14])-[#8:16]	Any
EVODEX.2-Em43_0	Any	[#6:15](-[#6@@:14])(-[#8:16])(-[#1])-[#1]>>[#6:15](-[#6@@:14])(-[#8:16])=[#8]	Any
EVODEX.2-Em44_0	Any	[#6:1](-[#6:2])(-[#1:12])(-[#1])-[#1]>>[#6:1](-[#6:2])(=[#8])-[#1:12]	Any
EVODEX.2-Em45_0	Any;Any	[#6:19]-[#6@@:20](-[#8:21]-[#1])(-[#6:22](=[#8:23])-[#8:24])-[#1].[#8:2]-[#6:3]1=[#6:4](-[#8:5])-[#6:7](=[#8:8])-[#6:9](-[#6:10])=[#6:15](-[#6:16])-[#6:17]-1=[#8:18]>>[#6:19]-[#6:20](=[#8:21])-[#6:22](=[#8:23])-[#8:24].[#8:2]-[#6:3]1:[#6:4](-[#8:5]):[#6:7](-[#8:8]-[#1]):[#6:9](-[#6:10]):[#6:15](-[#6:16]):[#6:17]:1-[#8:18]-[#1]	Any;Any
EVODEX.2-Em46_0	Any;Any	[#8:2]-[#6:3]1=[#6:4](-[#8:5])-[#6:7](=[#8:8])-[#6:9](-[#6:10])=[#6:60](-[#6:61])-[#6:62]-1=[#8:63].[#8:73](-[#6@@:72](-[#6@:70])(-[#6:74])-[#1])-[#1]>>[#8:2]-[#6:3]1:[#6:4](-[#8:5]):[#6:7](-[#8:8]-[#1]):[#6:9](-[#6:10]):[#6:60](-[#6:61]):[#6:62]:1-[#8:63]-[#1].[#6:72](-[#6@:70])(=[#8:73])-[#6:74]	Any;Any
EVODEX.2-Em47_0	Any;Any	[#8:8](-[#6@@:7](-[#6@@:5])(-[#6@:9])-[#1])-[#1].[#8:13]=[#6:14](-[#8:15])-[#6:16]1:[#6:17](:[#6:18](-[#6:19](=[#8:20])-[#8:21]):[#6:22]2:[#6:23](:[#7:24]:1)-[#6:25](=[#8:26])-[#6:27](=[#8:28])-[#6:29]1:[#6:30](:[#6:31](-[#6:32](=[#8:33])-[#8:34]):[#7:35](:[#6:36]:1-2)-[#1])-[#1:53])-[#1:51]>>[#6:7](-[#6@@:5])(=[#8:8])-[#6@:9].[#8:13]=[#6:14](-[#8:15])-[#6:16]1:[#6:17](:[#6:18](-[#6:19](=[#8:20])-[#8:21]):[#6:22]2:[#6:23](:[#7:24]:1):[#6:25](-[#8:26]-[#1]):[#6:27](-[#8:28]-[#1]):[#6:29]1:[#6:30](:[#6:31](-[#6:32](=[#8:33])-[#8:34]):[#7:35](:[#6:36]:2:1)-[#1])-[#1:53])-[#1:51]	Any;Any
EVODEX.2-Em48_0	Any;Any	[#8:2]-[#6:3]1=[#6:4](-[#8:5])-[#6:7](=[#8:8])-[#6:9](-[#6:10])=[#6:60](-[#6:61])-[#6:62]-1=[#8:63].[#8:72]-[#6:73](-[#8:74]-[#1])(-[#6@@:75])-[#1]>>[#8:2]-[#6:3]1:[#6:4](-[#8:5]):[#6:7](-[#8:8]-[#1]):[#6:9](-[#6:10]):[#6:60](-[#6:61]):[#6:62]:1-[#8:63]-[#1].[#8:72]-[#6:73](=[#8:74])-[#6@@:75]	Any;Any
EVODEX.2-Em49_0	Any;Any	[#8:1]=[#6:2]1-[#6:3](=[#6:4](-[#6:5](=[#7:6]-[#6:7]2:[#6:8](:[#6:9](-[#17:10]):[#6:11](-[#8:12]):[#6:13](-[#17:14]):[#6:15]:2-[#1:32])-[#1:30])-[#6:16](=[#6:17]-1-[#1:34])-[#1:33])-[#1:29])-[#1:28].[#8:18](-[#6:19](-[#8:20])(-[#6@:26])-[#1])-[#1]>>[#8:18]=[#6:19](-[#8:20])-[#6@:26].[#8:1](-[#6:2]1:[#6:3](:[#6:4](:[#6:5](-[#7:6](-[#6:7]2:[#6:8](:[#6:9](-[#17:10]):[#6:11](-[#8:12]):[#6:13](-[#17:14]):[#6:15]:2-[#1:32])-[#1:30])-[#1]):[#6:16](:[#6:17]:1-[#1:34])-[#1:33])-[#1:29])-[#1:28])-[#1]	Any;Any
EVODEX.2-Em50_0	Any;Any	[#6:1]-[#6:2](-[#8:3]-[#1])(-[#1:70])-[#1].[#8:5]-[#6:6]1=[#6:7](-[#8:8])-[#6:10](=[#8:11])-[#6:12](-[#6:13])=[#6:63](-[#6:64])-[#6:65]-1=[#8:66]>>[#6:1]-[#6:2](=[#8:3])-[#1:70].[#8:5]-[#6:6]1:[#6:7](-[#8:8]):[#6:10](-[#8:11]-[#1]):[#6:12](-[#6:13]):[#6:63](-[#6:64]):[#6:65]:1-[#8:66]-[#1]	Any;Any
EVODEX.2-Em51_0	Any	[#8](-[#6@@:25](-[#6@@:6])(-[#6@@:23])-[#1:47])-[#1]>>[#6:25](-[#6@@:6])(-[#6@@:23])(-[#1:47])-[#1]	Any
EVODEX.2-Em52_0	Any;Any	[#8:2]-[#6:3]1:[#6:4](-[#8:5]-[#1]):[#6:6](-[#6:7]):[#6:8](-[#6:9]):[#6:19](-[#8:20]-[#1]):[#6:21]:1-[#8:22].[#7:24]-[#6:25](=[#8:26])-[#6:27]1:[#6:28](:[#6:29](:[#6:30](:[#7&+:31](-[#6@@:32]):[#6:41]:1-[#1:84])-[#1:74])-[#1:73])-[#1:72]>>[#8:2]-[#6:3]1=[#6:21](-[#8:22])-[#6:19](=[#8:20])-[#6:8](-[#6:9])=[#6:6](-[#6:7])-[#6:4]-1=[#8:5].[#7:24]-[#6:25](=[#8:26])-[#6:27]1=[#6:41](-[#7:31](-[#6@@:32])-[#6:30](=[#6:29](-[#6:28]-1(-[#1:72])-[#1])-[#1:73])-[#1:74])-[#1:84]	Any;Any
EVODEX.2-Em53_0	Any;Any	[#6:7]-[#16:8]-[#6:9].[#8](-[#8:15]-[#1])-[#1]>>[#6:7]-[#16@@:8](-[#6:9])=[#8:15]	Any
EVODEX.2-Em54_0	Any	[#6:7]-[#16:8]-[#6:9]>>[#6:7]-[#16@@:8](-[#6:9])=[#8]	Any
EVODEX.2-Em55_0	Any	[#6:15]-[#6:16](-[#6:17])(-[#1:36])-[#1]>>[#6:15]-[#6:16](-[#6:17])(-[#8]-[#1])-[#1:36]	Any
EVODEX.2-Em56_0	Any;Any	[#6:24](-[#6@:22])(-[#6:25])(-[#6:26])-[#1].[#8:30](-[#8:31]-[#1])-[#1]>>[#6:24](-[#6@:22])(-[#6:25])(-[#6:26])-[#8:30]-[#1].[#8:31](-[#1])-[#1]	Any;Any
EVODEX.2-Em57_0	Any;Any	[#6:24](-[#6@:22])(-[#6:25])(-[#6:26])-[#1].[#8:30](-[#8]-[#1])-[#1]>>[#6:24](-[#6@:22])(-[#6:25])(-[#6:26])-[#8:30]-[#1]	Any
EVODEX.2-Em58_0	Any	[#6:1]-[#6:2](-[#6:3])(-[#6:4])-[#1]>>[#6:1]-[#6:2](-[#6:3])(-[#6:4])-[#8]-[#1]	Any
EVODEX.2-Em59_0	Any;Any	[#6:9]-[#6:10](-[#6:11])(-[#1:40])-[#1].[#8:17](-[#8:18]-[#1])-[#1]>>[#6:9]-[#6:10](-[#6:11])(-[#8:17]-[#1])-[#1:40].[#8:18](-[#1])-[#1]	Any;Any
EVODEX.2-Em60_0	Any;Any;Any	[#6:1]-[#6:2]1:[#6:3](:[#6:4](:[#6:5](:[#6:6](:[#6:7]:1-[#1:26])-[#1:25])-[#1:24])-[#1:23])-[#1].[#8:15](-[#8:16]-[#1])-[#1].[#8](-[#8:18]-[#1])-[#1]>>[#6:1]-[#6:2]1:[#6:3](-[#8:15]-[#1]):[#6:4](:[#6:5](:[#6:6](:[#6:7]:1-[#1:26])-[#1:25])-[#1:24])-[#1:23].[#8:16](-[#1])-[#1].[#8:18](-[#1])-[#1]	Any;Any;Any
EVODEX.2-Em61_0	Any;Any	[#6:3]-[#6:4]1:[#6:5](:[#6:6](:[#6:7](-[#8:8]):[#6:9](:[#6:10]:1-[#1:25])-[#1:24])-[#1])-[#1:21].[#8:14](-[#8]-[#1])-[#1]>>[#6:3]-[#6:4]1:[#6:5](:[#6:6](-[#8:14]-[#1]):[#6:7](-[#8:8]):[#6:9](:[#6:10]:1-[#1:25])-[#1:24])-[#1:21]	Any
EVODEX.2-Em62_0	Any	[#6:1]-[#6:2]1:[#6:3](:[#6:4](:[#6:5](-[#8:6]):[#6:7](:[#6:8]:1-[#1:18])-[#1:17])-[#1])-[#1:14]>>[#6:1]-[#6:2]1:[#6:3](:[#6:4](-[#8]-[#1]):[#6:5](-[#8:6]):[#6:7](:[#6:8]:1-[#1:18])-[#1:17])-[#1:14]	Any
EVODEX.2-Em63_0	Any	[#6:25]/[#6:26](=[#6:27](\[#6:28](/[#6:29](=[#6:30](\[#6:31])-[#1:93])-[#1:92])(-[#1:90])-[#1])-[#1:89])-[#1:88]>>[#6:25]-[#6:26](-[#6:27](=[#6:28](/[#6:29](=[#6:30](\[#6:31])-[#1:93])-[#1:92])-[#1:90])-[#1:89])(-[#8]-[#8])-[#1:88]	Any
EVODEX.2-Em64_0	Any;Any	[#6:11]/[#6:12](=[#6:13](\[#6:14](/[#6:15](=[#6:16](\[#6:17])-[#1:76])-[#1:75])(-[#1:73])-[#1])-[#1:72])-[#1:71].[#8:49]=[#8:50]>>[#6:11]/[#6:12](=[#6:13](-[#6:14](=[#6:15](\[#6@:16](-[#6:17])(-[#8:49]-[#8:50]-[#1])-[#1:76])-[#1:75])\[#1:73])/[#1:72])-[#1:71]	Any
EVODEX.2-Em65_0	Any	[#6:25]/[#6:26](=[#6:27](/[#6:28])-[#1:85])-[#1]>>[#6:25]/[#6:26](=[#6:27](/[#6:28])-[#1:85])-[#8]-[#1]	Any
EVODEX.2-Em66_0	Any;Any	[#6:7]-[#6@:8](-[#7:9])(-[#6:10](=[#8:11])-[#8:12]-[#1])-[#1].[#8:13]=[#8]>>[#6:10](=[#8:11])=[#8:12].[#6:7]-[#6:8](-[#7:9])=[#8:13]	Any;Any
EVODEX.2-Em67_0	Any;Any	[#6:7]-[#6@:8](-[#7:9])(-[#6](=[#8])-[#8])-[#1].[#8:13]=[#8:14]>>[#6:7]-[#6:8](-[#7:9])=[#8:13].[#8:14](-[#1])-[#1]	Any;Any
EVODEX.2-Em68_0	Any	[#6:7]-[#6@:8](-[#7:9])(-[#6:10](=[#8:11])-[#8:12]-[#1])-[#1]>>[#6:10](=[#8:11])=[#8:12].[#6:7]-[#6:8](-[#7:9])=[#8]	Any;Any
EVODEX.2-Em69_0	Any	[#6:7]-[#6@:8](-[#7:9])(-[#6](=[#8])-[#8])-[#1]>>[#6:7]-[#6:8](-[#7:9])=[#8]	Any
EVODEX.2-Em70_0	Any;Any	[#6:8]-[#6@:9](-[#7:10])(-[#6:11](=[#8:12])-[#8:13]-[#1])-[#1].[#8:14]=[#8:15]>>[#6:11](=[#8:12])=[#8:13].[#6:8]-[#6:9](-[#7:10])=[#8:14].[#8:15](-[#1])-[#1]	Any;Any;Any
EVODEX.2-Em71_0	Any	[#7](-[#6@@:2](-[#6:3])(-[#6:11](=[#8:12])-[#8:13])-[#1])(-[#1])-[#1]>>[#6:2](-[#6:3])(-[#6:11](=[#8:12])-[#8:13])=[#8]	Any
EVODEX.2-Em72_0	Any;Any	[#6:6]-[#6@:7](-[#7:8])(-[#6](=[#8])-[#8])-[#1].[#8:12]=[#8]>>[#6:6]-[#6:7](-[#7:8])=[#8:12]	Any
EVODEX.2-Em73_0	Any;Any	[#8]=[#6](-[#8])-[#6:4](-[#8:5])(-[#6:6])-[#1].[#8:8]=[#8]>>[#6:4](-[#8:5])(-[#6:6])=[#8:8]	Any
EVODEX.2-Em76_0	Any;Any	[#6:47]-[#16:48]-[#1].[#8:80]=[#6:81](-[#8]-[#1])-[#6@@:83]>>[#6:47]-[#16:48]-[#6:81](=[#8:80])-[#6@@:83]	Any
EVODEX.2-Em77_0	Any;Any	[#8:15]-[#15:16](=[#8:17])(-[#8:18])-[#8:19]-[#6:20](=[#8:21])-[#6@:22].[#8:41]=[#15:42](-[#8:43]-[#1])(-[#8:44])-[#8:45]>>[#8:15]-[#15:16](=[#8:17])(-[#8:18])-[#8:43]-[#15:42](=[#8:41])(-[#8:44])-[#8:45].[#8:19](-[#6:20](=[#8:21])-[#6@:22])-[#1]	Any;Any
EVODEX.2-Em80_0	Any;Any	[#6:5]-[#6:6](-[#6:7])(-[#1:34])-[#1].[#8:21]=[#8:22]>>[#6:5]-[#6@@:6](-[#6:7])(-[#8:21]-[#1])-[#1:34].[#6]-[#6](=[#8])-[#8:22]-[#1]	Any;Any
EVODEX.2-Em81_0	Any;Any	[#6:8](-[#6@:6])(-[#6:9](=[#8:10])-[#8:11])(-[#1:37])-[#1].[#8:22]=[#8:23]>>[#6:8](-[#6@:6])(-[#6:9](=[#8:10])-[#8:11])(-[#8:22]-[#1])-[#1:37].[#6]-[#6](=[#8])-[#8:23]-[#1]	Any;Any
EVODEX.2-Em82_0	Any;Any	[#6:8](-[#6@:6])(-[#6:9](=[#8:10])-[#8:11])(-[#1:37])-[#1].[#6:16]-[#6:17](=[#8:18])-[#6:19](=[#8:20])-[#8:21]-[#1]>>[#6:19](=[#8:20])=[#8:21].[#6:8](-[#6@:6])(-[#6:9](=[#8:10])-[#8:11])(-[#8]-[#1])-[#1:37].[#6:16]-[#6:17](=[#8:18])-[#8]-[#1]	Any;Any;Any
EVODEX.2-Em83_0	Any;Any	[#6:8](-[#6@:6])(-[#6:9](=[#8:10])-[#8:11])(-[#1:37])-[#1].[#6]-[#6](=[#8])-[#6:19](=[#8:20])-[#8:21]-[#1]>>[#6:19](=[#8:20])=[#8:21].[#6:8](-[#6@:6])(-[#6:9](=[#8:10])-[#8:11])(-[#8]-[#1])-[#1:37]	Any;Any
EVODEX.2-Em84_0	Any	[#6:8](-[#6@:6])(-[#6:9](=[#8:10])-[#8:11])(-[#1:37])-[#1]>>[#6:8](-[#6@:6])(-[#6:9](=[#8:10])-[#8:11])(-[#8]-[#1])-[#1:37]	Any
EVODEX.2-Em85_0	Any;Any	[#6:8](-[#6@:6])(-[#6:9](=[#8:10])-[#8:11])(-[#1:37])-[#1].[#6:16]-[#6:17](=[#8:18])-[#6](=[#8])-[#8]>>[#6:8](-[#6@:6])(-[#6:9](=[#8:10])-[#8:11])(-[#8]-[#1])-[#1:37].[#6:16]-[#6:17](=[#8:18])-[#8]-[#1]	Any;Any
EVODEX.2-Em86_0	Any;Any;Any	[#6:8](-[#6@@:6])(-[#6:9](=[#8:10])-[#8:11])(-[#1:37])-[#1].[#6:16]-[#6:17](=[#8:18])-[#6:19](=[#8:20])-[#8:21]-[#1].[#8:22]=[#8:23]>>[#6:19](=[#8:20])=[#8:21].[#6:8](-[#6@@:6])(-[#6:9](=[#8:10])-[#8:11])(-[#8:22]-[#1])-[#1:37].[#6:16]-[#6:17](=[#8:18])-[#8:23]-[#1]	Any;Any;Any
EVODEX.2-Em87_0	Any;Any;Any	[#6:8](-[#6@@:6])(-[#6:9](=[#8:10])-[#8:11])(-[#1:37])-[#1].[#6:16]-[#6:17](=[#8:18])-[#6](=[#8])-[#8].[#8:22]=[#8:23]>>[#6:8](-[#6@@:6])(-[#6:9](=[#8:10])-[#8:11])(-[#8:22]-[#1])-[#1:37].[#6:16]-[#6:17](=[#8:18])-[#8:23]-[#1]	Any;Any
EVODEX.2-Em88_0	Any;Any	[#6:8](-[#6@@:6])(-[#6:9](=[#8:10])-[#8:11])(-[#1:37])-[#1].[#8:22]=[#8]>>[#6:8](-[#6@@:6])(-[#6:9](=[#8:10])-[#8:11])(-[#8:22]-[#1])-[#1:37]	Any
EVODEX.2-Em89_0	Any;Any;Any	[#6:17]-[#6:18](-[#6@@:19])(-[#1:39])-[#1].[#6]-[#6](=[#8])-[#6:8](=[#8:9])-[#8:10]-[#1].[#8:31]=[#8]>>[#6:8](=[#8:9])=[#8:10].[#6:17]-[#6:18](-[#8:31]-[#1])(-[#6@@:19])-[#1:39]	Any;Any
EVODEX.2-Em90_0	Any;Any	[#6:12]-[#6:13](-[#6@:14])(-[#1:52])-[#1].[#6:30]-[#6:31](=[#8:32])-[#6:33](=[#8:34])-[#8:35]-[#1]>>[#6:33](=[#8:34])=[#8:35].[#6:12]-[#6@:13](-[#8]-[#1])(-[#6@:14])-[#1:52].[#6:30]-[#6:31](=[#8:32])-[#8]-[#1]	Any;Any;Any
EVODEX.2-Em91_0	Any;Any	[#6:12]-[#6:13](-[#6@:14])(-[#1:52])-[#1].[#6]-[#6](=[#8])-[#6:33](=[#8:34])-[#8:35]-[#1]>>[#6:33](=[#8:34])=[#8:35].[#6:12]-[#6@:13](-[#8]-[#1])(-[#6@:14])-[#1:52]	Any;Any
EVODEX.2-Em92_0	Any;Any;Any	[#6:5](-[#6@:4])(-[#6@:6])(-[#1:41])-[#1].[#6:29]-[#6:30](=[#8:31])-[#6:32](=[#8:33])-[#8:34]-[#1].[#8:35]=[#8:36]>>[#6:32](=[#8:33])=[#8:34].[#6:5](-[#6@:4])(-[#8:35]-[#1])(-[#6@:6])-[#1:41].[#6:29]-[#6:30](=[#8:31])-[#8:36]-[#1]	Any;Any;Any
EVODEX.2-Em93_0	Any;Any;Any	[#6:13]-[#6:14](-[#6@:15])(-[#1:54])-[#1].[#6:30]-[#6:31](=[#8:32])-[#6](=[#8])-[#8].[#8:36]=[#8:37]>>[#6:13]-[#6@:14](-[#8:36]-[#1])(-[#6@:15])-[#1:54].[#6:30]-[#6:31](=[#8:32])-[#8:37]-[#1]	Any;Any
EVODEX.2-Em94_0	Any;Any;Any	[#6:3]-[#6:4](-[#6:5](=[#8:6])-[#8:7])(-[#1:26])-[#1].[#8:18]=[#8].[#6]-[#6](=[#8])-[#6:15](=[#8:16])-[#8:17]-[#1]>>[#6:15](=[#8:16])=[#8:17].[#6:3]-[#6@:4](-[#6:5](=[#8:6])-[#8:7])(-[#8:18]-[#1])-[#1:26]	Any;Any
EVODEX.2-Em95_0	Any;Any;Any	[#6:19](-[#6@:17])(-[#6:20](=[#8:21])-[#16:22])(-[#1:119])-[#1].[#6]-[#6](=[#8])-[#6:77](=[#8:78])-[#8:79]-[#1].[#8:80]=[#8]>>[#6:77](=[#8:78])=[#8:79].[#6:19](-[#6@:17])(-[#6:20](=[#8:21])-[#16:22])(-[#8:80]-[#1])-[#1:119]	Any;Any
EVODEX.2-Em96_0	Any;Any	[#6:19](-[#6@:17])(-[#6:20](=[#8:21])-[#16:22])(-[#1:119])-[#1].[#8:80]=[#8:81]>>[#6:19](-[#6@:17])(-[#6:20](=[#8:21])-[#16:22])(-[#8:80]-[#1])-[#1:119].[#6]-[#6](=[#8])-[#8:81]-[#1]	Any;Any
EVODEX.2-Em97_0	Any;Any	[#6:19](-[#6@:17])(-[#6:20](=[#8:21])-[#16:22])(-[#1:119])-[#1].[#6]-[#6](=[#8])-[#6:77](=[#8:78])-[#8:79]-[#1]>>[#6:77](=[#8:78])=[#8:79].[#6:19](-[#6@:17])(-[#6:20](=[#8:21])-[#16:22])(-[#8]-[#1])-[#1:119]	Any;Any
EVODEX.2-Em98_0	Any;Any	[#6:7]-[#6:9](-[#6:10](=[#8:11])-[#16:12])(-[#1:87])-[#1].[#8:70]=[#8]>>[#6:7]-[#6:9](-[#6:10](=[#8:11])-[#16:12])(-[#8:70]-[#1])-[#1:87]	Any
EVODEX.2-Em99_0	Any	[#6:7]-[#6:9](-[#6:10](=[#8:11])-[#16:12])(-[#1:87])-[#1]>>[#6:7]-[#6:9](-[#6:10](=[#8:11])-[#16:12])(-[#8]-[#1])-[#1:87]	Any
EVODEX.2-Em100_0	Any;Any	[#6:7]-[#6:9](-[#6:10](=[#8:11])-[#16:12])(-[#1:87])-[#1].[#6:64]-[#6:65](=[#8:66])-[#6](=[#8])-[#8]>>[#6:7]-[#6:9](-[#6:10](=[#8:11])-[#16:12])(-[#8]-[#1])-[#1:87].[#6:64]-[#6:65](=[#8:66])-[#8]-[#1]	Any;Any
EVODEX.2-Em101_0	Any;Any;Any	[#6:7]-[#6:10](-[#6:11](=[#8:12])-[#16:13])(-[#1:91])-[#1].[#6:64]-[#6:65](=[#8:66])-[#6:67](=[#8:68])-[#8:69]-[#1].[#8:70]=[#8:71]>>[#6:67](=[#8:68])=[#8:69].[#6:7]-[#6:10](-[#6:11](=[#8:12])-[#16:13])(-[#8:70]-[#1])-[#1:91].[#6:64]-[#6:65](=[#8:66])-[#8:71]-[#1]	Any;Any;Any
EVODEX.2-Em102_0	Any;Any;Any	[#6:7]-[#6:10](-[#6:11](=[#8:12])-[#16:13])(-[#1:91])-[#1].[#6:64]-[#6:65](=[#8:66])-[#6](=[#8])-[#8].[#8:70]=[#8:71]>>[#6:7]-[#6:10](-[#6:11](=[#8:12])-[#16:13])(-[#8:70]-[#1])-[#1:91].[#6:64]-[#6:65](=[#8:66])-[#8:71]-[#1]	Any;Any
EVODEX.2-Em103_0	Any;Any	[#6:7]-[#6:10](-[#6:11](=[#8:12])-[#16:13])(-[#1:91])-[#1].[#6:64]-[#6:65](=[#8:66])-[#6:67](=[#8:68])-[#8:69]-[#1]>>[#6:67](=[#8:68])=[#8:69].[#6:7]-[#6:10](-[#6:11](=[#8:12])-[#16:13])(-[#8]-[#1])-[#1:91].[#6:64]-[#6:65](=[#8:66])-[#8]-[#1]	Any;Any;Any
EVODEX.2-Em104_0	Any;Any;Any	[#7:113]-[#6:114](-[#6:115])(-[#1:240])-[#1].[#6:138]-[#6:139](=[#8:140])-[#6:141](=[#8:142])-[#8:143]-[#1].[#8:144]=[#8:145]>>[#6:141](=[#8:142])=[#8:143].[#7:113]-[#6:114](-[#8:144]-[#1])(-[#6:115])-[#1:240].[#6:138]-[#6:139](=[#8:140])-[#8:145]-[#1]	Any;Any;Any
EVODEX.2-Em105_0	Any;Any	[#7:113]-[#6:114](-[#6:115])(-[#1:240])-[#1].[#8:144]=[#8:145]>>[#7:113]-[#6:114](-[#8:144]-[#1])(-[#6:115])-[#1:240].[#6]-[#6](=[#8])-[#8:145]-[#1]	Any;Any
EVODEX.2-Em106_0	Any;Any	[#7:113]-[#6:114](-[#6:115])(-[#1:240])-[#1].[#6:138]-[#6:139](=[#8:140])-[#6:141](=[#8:142])-[#8:143]-[#1]>>[#6:141](=[#8:142])=[#8:143].[#7:113]-[#6:114](-[#8]-[#1])(-[#6:115])-[#1:240].[#6:138]-[#6:139](=[#8:140])-[#8]-[#1]	Any;Any;Any
EVODEX.2-Em107_0	Any;Any;Any	[#7:25]-[#6:26](-[#6:27])(-[#1:227])-[#1].[#6]-[#6](=[#8])-[#6:198](=[#8:199])-[#8:200]-[#1].[#8:201]=[#8]>>[#6:198](=[#8:199])=[#8:200].[#7:25]-[#6:26](-[#8:201]-[#1])(-[#6:27])-[#1:227]	Any;Any
EVODEX.2-Em108_0	Any;Any;Any	[#7:25]-[#6:26](-[#6:27])(-[#1:227])-[#1].[#6:195]-[#6:196](=[#8:197])-[#6](=[#8])-[#8].[#8:201]=[#8:202]>>[#7:25]-[#6:26](-[#8:201]-[#1])(-[#6:27])-[#1:227].[#6:195]-[#6:196](=[#8:197])-[#8:202]-[#1]	Any;Any
EVODEX.2-Em109_0	Any;Any	[#6:7]-[#6:8](-[#6:9])(-[#1:43])-[#1].[#6:27]-[#6:28](=[#8:29])-[#6](=[#8])-[#8]>>[#6:7]-[#6:8](-[#8]-[#1])(-[#6:9])-[#1:43].[#6:27]-[#6:28](=[#8:29])-[#8]-[#1]	Any;Any
EVODEX.2-Em110_0	Any;Any	[#7:141]-[#6:142](-[#6:143])(-[#1:350])-[#1].[#8:229]=[#8]>>[#7:141]-[#6:142](-[#8:229]-[#1])(-[#6:143])-[#1:350]	Any
EVODEX.2-Em111_0	Any	[#6:116]-[#6:117](-[#16:118])(-[#1:287])-[#1]>>[#6:116]-[#6:117](-[#16:118])(-[#8]-[#1])-[#1:287]	Any
EVODEX.2-Em112_0	Any;Any	[#6:50]-[#6:51](-[#6:52])(-[#1:184])-[#1].[#8:137]=[#8]>>[#6:50]-[#6:51](-[#8:137]-[#1])(-[#6:52])-[#1:184]	Any
EVODEX.2-Em113_0	Any;Any	[#7:148]-[#6:149](-[#6:150])(-[#1:361])-[#1].[#6]-[#6](=[#8])-[#6:233](=[#8:234])-[#8:235]-[#1]>>[#6:233](=[#8:234])=[#8:235].[#7:148]-[#6:149](-[#8]-[#1])(-[#6:150])-[#1:361]	Any;Any
EVODEX.2-Em114_0	Any;Any	[#7:65]-[#6:66](-[#6:67])(-[#1:213])-[#1].[#6:144]-[#6:145](=[#8:146])-[#6](=[#8])-[#8]>>[#7:65]-[#6:66](-[#8]-[#1])(-[#6:67])-[#1:213].[#6:144]-[#6:145](=[#8:146])-[#8]-[#1]	Any;Any
EVODEX.2-Em115_0	Any	[#7:29](-[#6@@:28](-[#6@:5])(-[#6@@:30])-[#1])(-[#1])-[#1]>>[#6:28](-[#6@:5])(=[#8])-[#6@@:30].[#7:29](-[#1])(-[#1])-[#1]	Any;Any
EVODEX.2-Em116_0	Any;Any	[#6:29](-[#6@:6])(=[#8])-[#6@@:31].[#7:1](-[#1])(-[#1])-[#1]>>[#7:1](-[#6@@:29](-[#6@@:6])(-[#6@@:31])-[#1])(-[#1])-[#1]	Any
EVODEX.2-Em117_0	Any;Any	[#6:6](-[#6@:5])(-[#16:7])(-[#1:30])-[#1].[#8:21]=[#8]>>[#6:6](-[#6@:5])(-[#16:7])(-[#8:21]-[#1])-[#1:30]	Any
EVODEX.2-Em118_0	Any	[#6:8]-[#6:9](-[#8:10]-[#16:11](=[#8:12])(=[#8:13])-[#8:14])(-[#1:44])-[#1]>>[#6:8]-[#6:9](=[#8])-[#1:44].[#8:10](-[#16:11](=[#8:12])(=[#8:13])-[#8:14])-[#1]	Any;Any
EVODEX.2-Em119_0	Any	[#6:48]1(:[#6:49](:[#6:50](:[#6:51](-[#6@:52]):[#6:61](:[#6:62]:1-[#1:105])-[#1:104])-[#1])-[#1:93])-[#1:92]>>[#8](-[#6:50]1:[#6:49](:[#6:48](:[#6:62](:[#6:61](:[#6:51]:1-[#6@:52])-[#1:104])-[#1:105])-[#1:92])-[#1:93])-[#1]	Any
EVODEX.2-Em120_0	Any;Any	[#8:45]=[#8].[#6:48]1(:[#6:49](:[#6:50](:[#6:51](-[#6@:52]):[#6:61](:[#6:62]:1-[#1:105])-[#1:104])-[#1])-[#1:93])-[#1:92]>>[#8:45](-[#6:50]1:[#6:49](:[#6:48](:[#6:62](:[#6:61](:[#6:51]:1-[#6@:52])-[#1:104])-[#1:105])-[#1:92])-[#1:93])-[#1]	Any
EVODEX.2-Em121_0	Any;Any;Any	[#7:1]-[#6:2](=[#8:3])-[#6:4]1=[#6:5](-[#7:6](-[#6@@:7])-[#6:42](=[#6:43](-[#6:44]-1(-[#1:90])-[#1])-[#1:89])-[#1:88])-[#1:65].[#8:45]=[#8:46].[#6:48]1(:[#6:49](:[#6:50](:[#6:51](-[#6@:52]):[#6:61](:[#6:62]:1-[#1:105])-[#1:104])-[#1])-[#1:93])-[#1:92]>>[#7:1]-[#6:2](=[#8:3])-[#6:4]1:[#6:5](:[#7&+:6](-[#6@@:7]):[#6:42](:[#6:43](:[#6:44]:1-[#1:90])-[#1:89])-[#1:88])-[#1:65].[#8:46](-[#1])-[#1].[#8:45](-[#6:50]1:[#6:49](:[#6:48](:[#6:62](:[#6:61](:[#6:51]:1-[#6@:52])-[#1:104])-[#1:105])-[#1:92])-[#1:93])-[#1]	Any;Any;Any
EVODEX.2-Em122_0	Any;Any;Any	[#7:1]-[#6:2](=[#8:3])-[#6:4]1=[#6:5](-[#7:6](-[#6@@:7])-[#6:42](=[#6:43](-[#6:44]-1(-[#1:84])-[#1])-[#1:83])-[#1:82])-[#1:59].[#8:45]=[#8].[#6:48]1(:[#6:49](:[#6:50](:[#6:51](-[#6:52]):[#6:55](:[#6:56]:1-[#1:95])-[#1:94])-[#1])-[#1:87])-[#1:86]>>[#7:1]-[#6:2](=[#8:3])-[#6:4]1:[#6:5](:[#7&+:6](-[#6@@:7]):[#6:42](:[#6:43](:[#6:44]:1-[#1:84])-[#1:83])-[#1:82])-[#1:59].[#8:45](-[#6:50]1:[#6:49](:[#6:48](:[#6:56](:[#6:55](:[#6:51]:1-[#6:52])-[#1:94])-[#1:95])-[#1:86])-[#1:87])-[#1]	Any;Any
EVODEX.2-Em123_0	Any;Any	[#7:1]-[#6:2](=[#8:3])-[#6:4]1=[#6:5](-[#7:6](-[#6@@:7])-[#6:42](=[#6:43](-[#6:44]-1(-[#1:84])-[#1])-[#1:83])-[#1:82])-[#1:59].[#6:48]1(:[#6:49](:[#6:50](:[#6:51](-[#6:52]):[#6:55](:[#6:56]:1-[#1:95])-[#1:94])-[#1])-[#1:87])-[#1:86]>>[#7:1]-[#6:2](=[#8:3])-[#6:4]1:[#6:5](:[#7&+:6](-[#6@@:7]):[#6:42](:[#6:43](:[#6:44]:1-[#1:84])-[#1:83])-[#1:82])-[#1:59].[#8](-[#6:50]1:[#6:49](:[#6:48](:[#6:56](:[#6:55](:[#6:51]:1-[#6:52])-[#1:94])-[#1:95])-[#1:86])-[#1:87])-[#1]	Any;Any
EVODEX.2-Em124_0	Any;Any;Any	[#6:6]-[#6@@:7](-[#6:8])(-[#6:9](=[#8:10])-[#6:11])-[#1:72].[#7:12]-[#6:13](=[#8:14])-[#6:15]1=[#6:16](-[#7:17](-[#6@@:18])-[#6:57](=[#6:58](-[#6:59]-1(-[#1:106])-[#1])-[#1:105])-[#1:104])-[#1:80].[#8:60]=[#8:61]>>[#6:6]-[#6@@:7](-[#6:8])(-[#8:61]-[#6:9](=[#8:10])-[#6:11])-[#1:72].[#7:12]-[#6:13](=[#8:14])-[#6:15]1:[#6:16](:[#7&+:17](-[#6@@:18]):[#6:57](:[#6:58](:[#6:59]:1-[#1:106])-[#1:105])-[#1:104])-[#1:80].[#8:60](-[#1])-[#1]	Any;Any;Any
EVODEX.2-Em125_0	Any	[#6:6]-[#6@@:7](-[#6:8])(-[#6:9](=[#8:10])-[#6:11])-[#1:72]>>[#6:6]-[#6@@:7](-[#6:8])(-[#8]-[#6:9](=[#8:10])-[#6:11])-[#1:72]	Any
EVODEX.2-Em126_0	Any;Any	[#6:2]-[#6@:4](-[#6:5])(-[#6:10](-[#6:9])=[#8:11])-[#1:69].[#8:60]=[#8:61]>>[#6:2]-[#6@:4](-[#6:5])(-[#8:61]-[#6:10](-[#6:9])=[#8:11])-[#1:69].[#8:60](-[#1])-[#1]	Any;Any
EVODEX.2-Em127_0	Any;Any;Any	[#6:9]-[#6:10](-[#6@@:4])(-[#1:71])-[#1].[#7:11]-[#6:12](=[#8:13])-[#6:14]1=[#6:15](-[#7:16](-[#6@@:17])-[#6:52](=[#6:53](-[#6:54]-1(-[#1:100])-[#1])-[#1:99])-[#1:98])-[#1:75].[#8:55]=[#8:56]>>[#6:9]-[#6:10](-[#6@@:4])(-[#8:55]-[#1])-[#1:71].[#7:11]-[#6:12](=[#8:13])-[#6:14]1:[#6:15](:[#7&+:16](-[#6@@:17]):[#6:52](:[#6:53](:[#6:54]:1-[#1:100])-[#1:99])-[#1:98])-[#1:75].[#8:56](-[#1])-[#1]	Any;Any;Any
EVODEX.2-Em128_0	Any;Any	[#6:2]-[#6:7](-[#6:6](-[#6:5])(-[#1:69])-[#1:70])=[#8:8].[#8:57]=[#8:58]>>[#6:2]-[#6:7](-[#8:58]-[#6:6](-[#6:5])(-[#1:69])-[#1:70])=[#8:8].[#8:57](-[#1])-[#1]	Any;Any
EVODEX.2-Em129_0	Any;Any	[#7:1]-[#6:2](=[#8:3])-[#6:4]1=[#6:5](-[#7:6](-[#6@@:7])-[#6:46](=[#6:47](-[#6:48]-1(-[#1:87])-[#1])-[#1:86])-[#1:85])-[#1:61].[#8:49]=[#6:50](-[#6:51](-[#6:52])(-[#1:89])-[#1:90])-[#6:56]>>[#7:1]-[#6:2](=[#8:3])-[#6:4]1:[#6:5](:[#7&+:6](-[#6@@:7]):[#6:46](:[#6:47](:[#6:48]:1-[#1:87])-[#1:86])-[#1:85])-[#1:61].[#8:49]=[#6:50](-[#6:56])-[#8]-[#6:51](-[#6:52])(-[#1:89])-[#1:90]	Any;Any
EVODEX.2-Em130_0	Any;Any	[#8:49]=[#6:50](-[#6:51](-[#6:52])(-[#1:89])-[#1:90])-[#6:56].[#8]=[#8:58]>>[#8:49]=[#6:50](-[#6:56])-[#8:58]-[#6:51](-[#6:52])(-[#1:89])-[#1:90]	Any
EVODEX.2-Em131_0	Any;Any;Any	[#7:1]-[#6:2](=[#8:3])-[#6:4]1=[#6:5](-[#7:6](-[#6@@:7])-[#6:46](=[#6:47](-[#6:48]-1(-[#1:88])-[#1])-[#1:87])-[#1:86])-[#1:62].[#8:49]=[#6:50](-[#6:51](-[#6:52])(-[#1:90])-[#1:91])-[#6:57].[#8]=[#8:59]>>[#7:1]-[#6:2](=[#8:3])-[#6:4]1:[#6:5](:[#7&+:6](-[#6@@:7]):[#6:46](:[#6:47](:[#6:48]:1-[#1:88])-[#1:87])-[#1:86])-[#1:62].[#8:49]=[#6:50](-[#6:57])-[#8:59]-[#6:51](-[#6:52])(-[#1:90])-[#1:91]	Any;Any
EVODEX.2-Em132_0	Any	[#6:5]-[#6:6](=[#8:7])-[#6:8](-[#6:9])(-[#1:68])-[#1:69]>>[#6:5]-[#6:6](=[#8:7])-[#8]-[#6:8](-[#6:9])(-[#1:68])-[#1:69]	Any
EVODEX.2-Em133_0	Any;Any;Any	[#6:4]-[#6:5](=[#8:6])-[#6:7](-[#6:8])(-[#1:67])-[#1:68].[#7:9]-[#6:10](=[#8:11])-[#6:12]1=[#6:13](-[#7:14](-[#6@@:15])-[#6:54](=[#6:55](-[#6:56]-1(-[#1:99])-[#1])-[#1:98])-[#1:97])-[#1:73].[#8:57]=[#8:58]>>[#6:4]-[#6:5](=[#8:6])-[#8:58]-[#6:7](-[#6:8])(-[#1:67])-[#1:68].[#7:9]-[#6:10](=[#8:11])-[#6:12]1:[#6:13](:[#7&+:14](-[#6@@:15]):[#6:54](:[#6:55](:[#6:56]:1-[#1:99])-[#1:98])-[#1:97])-[#1:73].[#8:57](-[#1])-[#1]	Any;Any;Any
EVODEX.2-Em134_0	Any;Any	[#6:2]-[#6:3](-[#6:4])(-[#6:7](-[#6:6])=[#8:8])-[#1:64].[#7:9]-[#6:10](=[#8:11])-[#6:12]1=[#6:13](-[#7:14](-[#6@@:15])-[#6:54](=[#6:55](-[#6:56]-1(-[#1:99])-[#1])-[#1:98])-[#1:97])-[#1:73]>>[#6:2]-[#6:3](-[#6:4])(-[#8]-[#6:7](-[#6:6])=[#8:8])-[#1:64].[#7:9]-[#6:10](=[#8:11])-[#6:12]1:[#6:13](:[#7&+:14](-[#6@@:15]):[#6:54](:[#6:55](:[#6:56]:1-[#1:99])-[#1:98])-[#1:97])-[#1:73]	Any;Any
EVODEX.2-Em135_0	Any;Any	[#6:2]-[#6:3](-[#6:4])(-[#6:7](-[#6:6])=[#8:8])-[#1:64].[#8]=[#8:58]>>[#6:2]-[#6:3](-[#6:4])(-[#8:58]-[#6:7](-[#6:6])=[#8:8])-[#1:64]	Any
EVODEX.2-Em136_0	Any;Any;Any	[#6:1]-[#6:2](-[#6:3])(-[#6:7](-[#6:6])=[#8:8])-[#1:62].[#7:9]-[#6:10](=[#8:11])-[#6:12]1=[#6:13](-[#7:14](-[#6@@:15])-[#6:54](=[#6:55](-[#6:56]-1(-[#1:99])-[#1])-[#1:98])-[#1:97])-[#1:73].[#8]=[#8:58]>>[#6:1]-[#6:2](-[#6:3])(-[#8:58]-[#6:7](-[#6:6])=[#8:8])-[#1:62].[#7:9]-[#6:10](=[#8:11])-[#6:12]1:[#6:13](:[#7&+:14](-[#6@@:15]):[#6:54](:[#6:55](:[#6:56]:1-[#1:99])-[#1:98])-[#1:97])-[#1:73]	Any;Any
EVODEX.2-Em137_0	Any;Any;Any	[#6:1]-[#6:2](-[#6@:3])(-[#1:90])-[#1].[#7:37]-[#6:38](=[#8:39])-[#6:40]1=[#6:41](-[#7:42](-[#6@@:43])-[#6:82](=[#6:83](-[#6:84]-1(-[#1:144])-[#1])-[#1:143])-[#1:142])-[#1:118].[#8:85]=[#8]>>[#6:1]-[#6:2](-[#6@:3])(-[#8:85]-[#1])-[#1:90].[#7:37]-[#6:38](=[#8:39])-[#6:40]1:[#6:41](:[#7&+:42](-[#6@@:43]):[#6:82](:[#6:83](:[#6:84]:1-[#1:144])-[#1:143])-[#1:142])-[#1:118]	Any;Any
EVODEX.2-Em138_0	Any;Any;Any	[#6:1]-[#16:6]-[#6:5].[#7:7]-[#6:8](=[#8:9])-[#6:10]1=[#6:11](-[#7:12](-[#6@@:13])-[#6:52](=[#6:53](-[#6:54]-1(-[#1:93])-[#1])-[#1:92])-[#1:91])-[#1:67].[#8:55]=[#8:56]>>[#6:1]-[#16:6](-[#6:5])=[#8:56].[#7:7]-[#6:8](=[#8:9])-[#6:10]1:[#6:11](:[#7&+:12](-[#6@@:13]):[#6:52](:[#6:53](:[#6:54]:1-[#1:93])-[#1:92])-[#1:91])-[#1:67].[#8:55](-[#1])-[#1]	Any;Any;Any
EVODEX.2-Em139_0	Any;Any	[#6:1]-[#16:6]-[#6:5].[#8:55]=[#8:56]>>[#6:1]-[#16:6](-[#6:5])=[#8:56].[#8:55](-[#1])-[#1]	Any;Any
EVODEX.2-Em140_0	Any;Any	[#6:1]-[#16:2]-[#6:3].[#7:6]-[#6:7](=[#8:8])-[#6:9]1=[#6:10](-[#7:11](-[#6@@:12])-[#6:51](=[#6:52](-[#6:53]-1(-[#1:92])-[#1])-[#1:91])-[#1:90])-[#1:66]>>[#6:1]-[#16:2](-[#6:3])=[#8].[#7:6]-[#6:7](=[#8:8])-[#6:9]1:[#6:10](:[#7&+:11](-[#6@@:12]):[#6:51](:[#6:52](:[#6:53]:1-[#1:92])-[#1:91])-[#1:90])-[#1:66]	Any;Any
EVODEX.2-Em141_0	Any;Any;Any	[#6:1](-[#6:2])(-[#1:56])(-[#1:57])-[#1].[#7:6]-[#6:7](=[#8:8])-[#6:9]1=[#6:10](-[#7:11](-[#6@@:12])-[#6:51](=[#6:52](-[#6:53]-1(-[#1:94])-[#1])-[#1:93])-[#1:92])-[#1:68].[#8:54]=[#8:55]>>[#6:1](-[#6:2])(-[#8:54]-[#1])(-[#1:56])-[#1:57].[#7:6]-[#6:7](=[#8:8])-[#6:9]1:[#6:10](:[#7&+:11](-[#6@@:12]):[#6:51](:[#6:52](:[#6:53]:1-[#1:94])-[#1:93])-[#1:92])-[#1:68].[#8:55](-[#1])-[#1]	Any;Any;Any
EVODEX.2-Em142_0	Any;Any	[#6:1](-[#6:2])(-[#1:56])(-[#1:57])-[#1].[#8:54]=[#8]>>[#6:1](-[#6:2])(-[#8:54]-[#1])(-[#1:56])-[#1:57]	Any
EVODEX.2-Em143_0	Any;Any	[#6:1](-[#6:2])(-[#1:56])(-[#1:57])-[#1].[#8:54]=[#8:55]>>[#6:1](-[#6:2])(-[#8:54]-[#1])(-[#1:56])-[#1:57].[#8:55](-[#1])-[#1]	Any;Any
EVODEX.2-Em144_0	Any;Any;Any	[#6:1](-[#6:2])(-[#1:49])(-[#1:50])-[#1].[#7:3]-[#6:4](=[#8:5])-[#6:6]1=[#6:7](-[#7:8](-[#6@@:9])-[#6:44](=[#6:45](-[#6:46]-1(-[#1:82])-[#1])-[#1:81])-[#1:80])-[#1:57].[#8:47]=[#8]>>[#6:1](-[#6:2])(-[#8:47]-[#1])(-[#1:49])-[#1:50].[#7:3]-[#6:4](=[#8:5])-[#6:6]1:[#6:7](:[#7&+:8](-[#6@@:9]):[#6:44](:[#6:45](:[#6:46]:1-[#1:82])-[#1:81])-[#1:80])-[#1:57]	Any;Any
EVODEX.2-Em145_0	Any;Any	[#6:1](-[#6:2])(-[#1:52])(-[#1:53])-[#1].[#7:6]-[#6:7](=[#8:8])-[#6:9]1=[#6:10](-[#7:11](-[#6@@:12])-[#6:47](=[#6:48](-[#6:49]-1(-[#1:91])-[#1])-[#1:90])-[#1:89])-[#1:66]>>[#6:1](-[#6:2])(-[#8]-[#1])(-[#1:52])-[#1:53].[#7:6]-[#6:7](=[#8:8])-[#6:9]1:[#6:10](:[#7&+:11](-[#6@@:12]):[#6:47](:[#6:48](:[#6:49]:1-[#1:91])-[#1:90])-[#1:89])-[#1:66]	Any;Any
EVODEX.2-Em146_0	Any	[#6:1](-[#7:2](-[#6:3])-[#1])(-[#1:54])(-[#1:55])-[#1]>>[#6:1](=[#8])(-[#1:54])-[#1:55].[#7:2](-[#6:3])(-[#1])-[#1]	Any;Any
EVODEX.2-Em147_0	Any	[#6:3]-[#7:4](-[#6:5](-[#6:6])(-[#1:62])-[#1])-[#1]>>[#6:3]-[#7:4](-[#1])-[#1].[#6:5](-[#6:6])(=[#8])-[#1:62]	Any;Any
EVODEX.2-Em148_0	Any;Any;Any	[#6:2]-[#16:3]-[#6:4].[#7:16]-[#6:17](=[#8:18])-[#6:19]1=[#6:20](-[#7:21](-[#6@@:22])-[#6:61](=[#6:62](-[#6:63]-1(-[#1:109])-[#1])-[#1:108])-[#1:107])-[#1:83].[#8]=[#8:65]>>[#6:2]-[#16:3](-[#6:4])=[#8:65].[#7:16]-[#6:17](=[#8:18])-[#6:19]1:[#6:20](:[#7&+:21](-[#6@@:22]):[#6:61](:[#6:62](:[#6:63]:1-[#1:109])-[#1:108])-[#1:107])-[#1:83]	Any;Any
EVODEX.2-Em149_0	Any;Any	[#6:1]-[#6:2](-[#6:3])(-[#1:81])-[#1].[#7:28]-[#6:29](=[#8:30])-[#6:31]1=[#6:32](-[#7:33](-[#6@@:34])-[#6:73](=[#6:74](-[#6:75]-1(-[#1:126])-[#1])-[#1:125])-[#1:124])-[#1:100]>>[#6:1]-[#6@:2](-[#6:3])(-[#8]-[#1])-[#1:81].[#7:28]-[#6:29](=[#8:30])-[#6:31]1:[#6:32](:[#7&+:33](-[#6@@:34]):[#6:73](:[#6:74](:[#6:75]:1-[#1:126])-[#1:125])-[#1:124])-[#1:100]	Any;Any
EVODEX.2-Em150_0	Any	[#8:1](/[#7:2]=[#6:3](\[#6:4])-[#1])-[#1]>>[#7:2]#[#6:3]-[#6:4].[#8:1](-[#1])-[#1]	Any;Any
EVODEX.2-Em151_0	Any	[#8](/[#7:2]=[#6:3](\[#6:4])-[#1])-[#1]>>[#7:2]#[#6:3]-[#6:4]	Any
EVODEX.2-Em152_0	Any;Any	[#6:1](-[#8:2]-[#6:3])(-[#1:53])(-[#1:54])-[#1].[#7:7]-[#6:8](=[#8:9])-[#6:10]1=[#6:11](-[#7:12](-[#6@@:13])-[#6:48](=[#6:49](-[#6:50]-1(-[#1:92])-[#1])-[#1:91])-[#1:90])-[#1:67]>>[#6:1](=[#8])(-[#1:53])-[#1:54].[#7:7]-[#6:8](=[#8:9])-[#6:10]1:[#6:11](:[#7&+:12](-[#6@@:13]):[#6:48](:[#6:49](:[#6:50]:1-[#1:92])-[#1:91])-[#1:90])-[#1:67].[#8:2](-[#6:3])-[#1]	Any;Any;Any
EVODEX.2-Em153_0	Any;Any;Any	[#6:1](-[#8:2]-[#6:3])(-[#1:53])(-[#1:54])-[#1].[#7:7]-[#6:8](=[#8:9])-[#6:10]1=[#6:11](-[#7:12](-[#6@@:13])-[#6:48](=[#6:49](-[#6:50]-1(-[#1:92])-[#1])-[#1:91])-[#1:90])-[#1:67].[#8:51]=[#8:52]>>[#6:1](=[#8:52])(-[#1:53])-[#1:54].[#7:7]-[#6:8](=[#8:9])-[#6:10]1:[#6:11](:[#7&+:12](-[#6@@:13]):[#6:48](:[#6:49](:[#6:50]:1-[#1:92])-[#1:91])-[#1:90])-[#1:67].[#8:51](-[#1])-[#1].[#8:2](-[#6:3])-[#1]	Any;Any;Any;Any
EVODEX.2-Em154_0	Any	[#6:1](-[#8:2]-[#6:3])(-[#1:53])(-[#1:54])-[#1]>>[#6:1](=[#8])(-[#1:53])-[#1:54].[#8:2](-[#6:3])-[#1]	Any;Any
EVODEX.2-Em155_0	Any;Any;Any	[#7:13]-[#6:14](-[#6:15](=[#8:16])-[#8:17])(-[#1:48])-[#1].[#8:21]=[#6:22]1-[#8:23]-[#6@:24]-[#6:29](-[#8:30]-[#1])=[#6:31]-1-[#8:32]-[#1].[#8:33]=[#8:34]>>[#7:13]-[#6:14](-[#6:15](=[#8:16])-[#8:17])(-[#8:33]-[#1])-[#1:48].[#8:21]=[#6:22]1-[#8:23]-[#6@:24]-[#6:29](=[#8:30])-[#6:31]-1=[#8:32].[#8:34](-[#1])-[#1]	Any;Any;Any
EVODEX.2-Em156_0	Any;Any	[#7:15]-[#6:16](-[#6:17](=[#8:18])-[#8:19])(-[#1:43])-[#1].[#8:32]=[#8]>>[#7:15]-[#6:16](-[#6:17](=[#8:18])-[#8:19])(-[#8:32]-[#1])-[#1:43]	Any
EVODEX.2-Em157_0	Any	[#7:21]-[#6:22](-[#6:23](=[#8:24])-[#8:25])(-[#1:57])-[#1]>>[#7:21]-[#6:22](-[#6:23](=[#8:24])-[#8:25])(-[#8]-[#1])-[#1:57]	Any
EVODEX.2-Em158_0	Any;Any;Any	[#7:4]-[#6:5](-[#6:6](=[#8:7])-[#8:8])(-[#1:27])-[#1].[#8:21]=[#8].[#8:9]=[#6:10]1-[#8:11]-[#6@:12]-[#6:17](-[#8:18]-[#1])=[#6:19]-1-[#8:20]-[#1]>>[#7:4]-[#6:5](-[#6:6](=[#8:7])-[#8:8])(-[#8:21]-[#1])-[#1:27].[#8:9]=[#6:10]1-[#8:11]-[#6@:12]-[#6:17](=[#8:18])-[#6:19]-1=[#8:20]	Any;Any
EVODEX.2-Em159_0	Any;Any	[#7:8]-[#6:9](-[#6:10](=[#8:11])-[#8:12])(-[#1:39])-[#1].[#8:25]=[#8:26]>>[#7:8]-[#6:9](-[#6:10](=[#8:11])-[#8:12])(-[#8:25]-[#1])-[#1:39].[#8:26](-[#1])-[#1]	Any;Any
EVODEX.2-Em160_0	Any;Any	[#7:26]-[#6:27](-[#6:28](=[#8:29])-[#8:30])(-[#1:79])-[#1].[#8:31]=[#6:32]1-[#8:33]-[#6@:34]-[#6:39](-[#8:40]-[#1])=[#6:41]-1-[#8:42]-[#1]>>[#7:26]-[#6:27](-[#6:28](=[#8:29])-[#8:30])(-[#8]-[#1])-[#1:79].[#8:31]=[#6:32]1-[#8:33]-[#6@:34]-[#6:39](=[#8:40])-[#6:41]-1=[#8:42]	Any;Any
EVODEX.2-Em161_0	Any;Any;Any	[#6:1](-[#6:2]1(-[#6:3])-[#16:4]-[#6@@:5]-[#7:20]-[#6@:21]-1(-[#6:22](=[#8:23])-[#8:24])-[#1])(-[#1:37])(-[#1:38])-[#1].[#6:29]-[#6:30](=[#8:31])-[#6](=[#8])-[#8].[#8:35]=[#8]>>[#6:1]1(-[#6:2](-[#6:3])=[#6:21](-[#6:22](=[#8:23])-[#8:24])-[#7:20]-[#6@:5]-[#16:4]-1)(-[#1:37])-[#1:38].[#6:29]-[#6:30](=[#8:31])-[#8:35]-[#1]	Any;Any
EVODEX.2-Em162_0	Any;Any	[#6:1](-[#6:2]1(-[#6:3])-[#16:4]-[#6@@:5]-[#7:20]-[#6@:21]-1(-[#6:22](=[#8:23])-[#8:24])-[#1])(-[#1:37])(-[#1:38])-[#1].[#6:29]-[#6:30](=[#8:31])-[#6:32](=[#8:33])-[#8:34]-[#1]>>[#6:32](=[#8:33])=[#8:34].[#6:1]1(-[#6:2](-[#6:3])=[#6:21](-[#6:22](=[#8:23])-[#8:24])-[#7:20]-[#6@:5]-[#16:4]-1)(-[#1:37])-[#1:38].[#6:29]-[#6:30](=[#8:31])-[#8]-[#1]	Any;Any;Any
EVODEX.2-Em163_0	Any;Any;Any	[#6:1](-[#6:2]1(-[#6:3])-[#16:4]-[#6@@:5]-[#7:20]-[#6@:21]-1(-[#6:22](=[#8:23])-[#8:24])-[#1])(-[#1:37])(-[#1:38])-[#1].[#6:29]-[#6:30](=[#8:31])-[#6](=[#8])-[#8].[#8:35]=[#8:36]>>[#6:1]1(-[#6:2](-[#6:3])=[#6:21](-[#6:22](=[#8:23])-[#8:24])-[#7:20]-[#6@:5]-[#16:4]-1)(-[#1:37])-[#1:38].[#6:29]-[#6:30](=[#8:31])-[#8:35]-[#1].[#8:36](-[#1])-[#1]	Any;Any;Any
EVODEX.2-Em164_0	Any;Any;Any	[#7:16]1-[#6:17]-[#16:18]-[#6:19](-[#6:20](-[#1:60])(-[#1:61])-[#1])(-[#6:21])-[#6:22]-1(-[#6:23](=[#8:24])-[#8:25])-[#1].[#6:30]-[#6:31](=[#8:32])-[#6:33](=[#8:34])-[#8:35]-[#1].[#8:36]=[#8]>>[#6:33](=[#8:34])=[#8:35].[#7:16]1-[#6:17]-[#16:18]-[#6:20](-[#6:19](-[#6:21])=[#6:22]-1-[#6:23](=[#8:24])-[#8:25])(-[#1:60])-[#1:61].[#6:30]-[#6:31](=[#8:32])-[#8:36]-[#1]	Any;Any;Any
EVODEX.2-Em165_0	Any;Any;Any	[#7:16]1-[#6:17]-[#16:18]-[#6:19](-[#6:20](-[#1:60])(-[#1:61])-[#1])(-[#6:21])-[#6:22]-1(-[#6:23](=[#8:24])-[#8:25])-[#1].[#6:30]-[#6:31](=[#8:32])-[#6:33](=[#8:34])-[#8:35]-[#1].[#8:36]=[#8:37]>>[#6:33](=[#8:34])=[#8:35].[#7:16]1-[#6:17]-[#16:18]-[#6:20](-[#6:19](-[#6:21])=[#6:22]-1-[#6:23](=[#8:24])-[#8:25])(-[#1:60])-[#1:61].[#6:30]-[#6:31](=[#8:32])-[#8:36]-[#1].[#8:37](-[#1])-[#1]	Any;Any;Any;Any
EVODEX.2-Em166_0	Any;Any	[#7:11]1-[#6:12]-[#16:13]-[#6:14](-[#6:15](-[#1:45])(-[#1:46])-[#1])(-[#6:16])-[#6:17]-1(-[#6:18](=[#8:19])-[#8:20])-[#1].[#6:25]-[#6:26](=[#8:27])-[#6](=[#8])-[#8]>>[#7:11]1-[#6:12]-[#16:13]-[#6:15](-[#6:14](-[#6:16])=[#6:17]-1-[#6:18](=[#8:19])-[#8:20])(-[#1:45])-[#1:46].[#6:25]-[#6:26](=[#8:27])-[#8]-[#1]	Any;Any
EVODEX.2-Em167_0	Any;Any;Any	[#6:1]-[#6:2](=[#8:3])-[#1].[#8:5]=[#8:6].[#8:4](-[#1])-[#1]>>[#6:1]-[#6:2](=[#8:3])-[#8:4]-[#1].[#8:5](-[#8:6]-[#1])-[#1]	Any;Any
EVODEX.2-Em168_0	Any;Any	[#6:2]-[#6:3](=[#8:4])-[#1].[#8:6]=[#8:7]>>[#6:2]-[#6:3](=[#8:4])-[#8]-[#1].[#8:6](-[#8:7]-[#1])-[#1]	Any;Any
EVODEX.2-Em169_0	Any	[#6:49]-[#6:50](=[#8:51])-[#1]>>[#6]-[#16]-[#6:50](-[#6:49])=[#8:51]	Any
EVODEX.2-Em170_0	Any;Any	[#6:2]-[#6:3](=[#8:4])-[#16]-[#6].[#7:53]-[#6:54](=[#8:55])-[#6:56]1=[#6:57](-[#7:58](-[#6@@:59])-[#6:94](=[#6:95](-[#6:96]-1(-[#1:164])-[#1])-[#1:163])-[#1:162])-[#1:139]>>[#6:2]-[#6:3](=[#8:4])-[#1].[#7:53]-[#6:54](=[#8:55])-[#6:56]1:[#6:57](:[#7&+:58](-[#6@@:59]):[#6:94](:[#6:95](:[#6:96]:1-[#1:164])-[#1:163])-[#1:162])-[#1:139]	Any;Any
EVODEX.2-Em171_0	Any;Any	[#6:47]-[#16:48]-[#1].[#6:55]-[#6:56](=[#8:57])-[#1]>>[#6:47]-[#16:48]-[#6:56](-[#6:55])=[#8:57]	Any
EVODEX.2-Em172_0	Any;Any	[#6:7]-[#6:8](=[#8:9])-[#16:10]-[#6:11].[#7:58]-[#6:59](=[#8:60])-[#6:61]1=[#6:62](-[#7:63](-[#6@@:64])-[#6:99](=[#6:100](-[#6:101]-1(-[#1:179])-[#1])-[#1:178])-[#1:177])-[#1:154]>>[#6:7]-[#6:8](=[#8:9])-[#1].[#7:58]-[#6:59](=[#8:60])-[#6:61]1:[#6:62](:[#7&+:63](-[#6@@:64]):[#6:99](:[#6:100](:[#6:101]:1-[#1:179])-[#1:178])-[#1:177])-[#1:154].[#16:10](-[#6:11])-[#1]	Any;Any;Any
EVODEX.2-Em173_0	Any;Any;Any	[#6:47]-[#16:48]-[#1].[#7:49]-[#6:50](=[#8:51])-[#6:52]1:[#6:53](:[#6:54](:[#6:55](:[#7&+:56](-[#6@@:57]):[#6:92]:1-[#1:163])-[#1:140])-[#1:139])-[#1:138].[#8:93]=[#6:94](-[#6:95])-[#1]>>[#6:47]-[#16:48]-[#6:94](=[#8:93])-[#6:95].[#7:49]-[#6:50](=[#8:51])-[#6:52]1=[#6:92](-[#7:56](-[#6@@:57])-[#6:55](=[#6:54](-[#6:53]-1(-[#1:138])-[#1])-[#1:139])-[#1:140])-[#1:163]	Any;Any
EVODEX.2-Em174_0	Any;Any	[#7:1]-[#6:2](=[#8:3])-[#6:4]1=[#6:5](-[#7:6](-[#6@@:7])-[#6:46](=[#6:47](-[#6:48]-1(-[#1:121])-[#1])-[#1:120])-[#1:119])-[#1:95].[#6:59](-[#6@@:50])(=[#8:60])-[#8:61]-[#1]>>[#7:1]-[#6:2](=[#8:3])-[#6:4]1:[#6:5](:[#7&+:6](-[#6@@:7]):[#6:46](:[#6:47](:[#6:48]:1-[#1:121])-[#1:120])-[#1:119])-[#1:95].[#6:59](-[#6@@:50])(=[#8:60])-[#1].[#8:61](-[#15](-[#8])(=[#8])-[#8])-[#1]	Any;Any;Any
EVODEX.2-Em175_0	Any	[#6:1]-[#6:2](=[#8:3])-[#6:4](=[#8:5])-[#8:6]-[#1]>>[#6:4](=[#8:5])=[#8:6].[#6:1]-[#6:2](=[#8:3])-[#16]-[#6]	Any;Any
EVODEX.2-Em176_0	Any;Any	[#6:1]-[#6:2](=[#8:3])-[#6:4](=[#8:5])-[#8:6]-[#1].[#7:55]-[#6:56](=[#8:57])-[#6:58]1:[#6:59](:[#6:60](:[#6:61](:[#7&+:62](-[#6@@:63]):[#6:98]:1-[#1:166])-[#1:143])-[#1:142])-[#1:141]>>[#6:4](=[#8:5])=[#8:6].[#6:1]-[#6:2](=[#8:3])-[#16]-[#6].[#7:55]-[#6:56](=[#8:57])-[#6:58]1=[#6:98](-[#7:62](-[#6@@:63])-[#6:61](=[#6:60](-[#6:59]-1(-[#1:141])-[#1])-[#1:142])-[#1:143])-[#1:166]	Any;Any;Any
EVODEX.2-Em177_0	Any;Any	[#6:1]-[#6:2](=[#8:3])-[#6:4](=[#8:5])-[#8:6]-[#1].[#6:53]-[#16:54]-[#1]>>[#6:4](=[#8:5])=[#8:6].[#6:1]-[#6:2](=[#8:3])-[#16:54]-[#6:53]	Any;Any
EVODEX.2-Em178_0	Any;Any;Any	[#6:47]-[#16:48]-[#1].[#6:50]-[#6:52](=[#8:53])-[#6:54](=[#8:55])-[#8:56]-[#1].[#7:57]-[#6:58](=[#8:59])-[#6:60]1:[#6:61](:[#6:62](:[#6:63](:[#7&+:64](-[#6@@:65]):[#6:100]:1-[#1:172])-[#1:149])-[#1:148])-[#1:147]>>[#6:54](=[#8:55])=[#8:56].[#6:47]-[#16:48]-[#6:52](-[#6:50])=[#8:53].[#7:57]-[#6:58](=[#8:59])-[#6:60]1=[#6:100](-[#7:64](-[#6@@:65])-[#6:63](=[#6:62](-[#6:61]-1(-[#1:147])-[#1])-[#1:148])-[#1:149])-[#1:172]	Any;Any;Any
EVODEX.2-Em179_0	Any;Any	[#6:50]-[#6:52](=[#8:53])-[#6](=[#8])-[#8].[#7:57]-[#6:58](=[#8:59])-[#6:60]1:[#6:61](:[#6:62](:[#6:63](:[#7&+:64](-[#6@@:65]):[#6:100]:1-[#1:172])-[#1:149])-[#1:148])-[#1:147]>>[#6]-[#16]-[#6:52](-[#6:50])=[#8:53].[#7:57]-[#6:58](=[#8:59])-[#6:60]1=[#6:100](-[#7:64](-[#6@@:65])-[#6:63](=[#6:62](-[#6:61]-1(-[#1:147])-[#1])-[#1:148])-[#1:149])-[#1:172]	Any;Any
EVODEX.2-Em180_0	Any;Any	[#6:47]-[#16:48]-[#1].[#6:50]-[#6:51](=[#8:52])-[#6](=[#8])-[#8]>>[#6:47]-[#16:48]-[#6:51](-[#6:50])=[#8:52]	Any
EVODEX.2-Em181_0	Any;Any;Any	[#6:47]-[#16:48]-[#1].[#7:49]-[#6:50](=[#8:51])-[#6:52]1:[#6:53](:[#6:54](:[#6:55](:[#7&+:56](-[#6@@:57]):[#6:92]:1-[#1:166])-[#1:143])-[#1:142])-[#1:141].[#6:97]-[#6:98](=[#8:99])-[#6](=[#8])-[#8]>>[#6:47]-[#16:48]-[#6:98](-[#6:97])=[#8:99].[#7:49]-[#6:50](=[#8:51])-[#6:52]1=[#6:92](-[#7:56](-[#6@@:57])-[#6:55](=[#6:54](-[#6:53]-1(-[#1:141])-[#1])-[#1:142])-[#1:143])-[#1:166]	Any;Any
EVODEX.2-Em182_0	Any;Any	[#7:1]-[#6:2](=[#8:3])-[#6:4]1:[#6:5](:[#6:6](:[#6:7](:[#7&+:8](-[#6@@:9]):[#6:48]:1-[#1:90])-[#1:66])-[#1:65])-[#1:64].[#6:51]-[#6:52](=[#8:53])-[#1]>>[#7:1]-[#6:2](=[#8:3])-[#6:4]1=[#6:48](-[#7:8](-[#6@@:9])-[#6:7](=[#6:6](-[#6:5]-1(-[#1:64])-[#1])-[#1:65])-[#1:66])-[#1:90].[#6:51]-[#6:52](=[#8:53])-[#8]-[#15](=[#8])(-[#8])-[#8]	Any;Any
EVODEX.2-Em183_0	Any;Any	[#7:1]-[#6:2](=[#8:3])-[#6:4]1=[#6:5](-[#7:6](-[#6@@:7])-[#6:46](=[#6:47](-[#6:48]-1(-[#1:90])-[#1])-[#1:89])-[#1:88])-[#1:64].[#6:51]-[#6:52](=[#8:53])-[#8:54]-[#15:55](=[#8:56])(-[#8:57])-[#8:58]>>[#7:1]-[#6:2](=[#8:3])-[#6:4]1:[#6:5](:[#7&+:6](-[#6@@:7]):[#6:46](:[#6:47](:[#6:48]:1-[#1:90])-[#1:89])-[#1:88])-[#1:64].[#6:51]-[#6:52](=[#8:53])-[#1].[#8:54](-[#15:55](=[#8:56])(-[#8:57])-[#8:58])-[#1]	Any;Any;Any
EVODEX.2-Em184_0	Any;Any	[#7:1]-[#6:2](=[#8:3])-[#6:4]1=[#6:5](-[#7:6](-[#6@@:7])-[#6:46](=[#6:47](-[#6:48]-1(-[#1:90])-[#1])-[#1:89])-[#1:88])-[#1:64].[#6:51]-[#6:52](=[#8:53])-[#8]-[#15](=[#8])(-[#8])-[#8]>>[#7:1]-[#6:2](=[#8:3])-[#6:4]1:[#6:5](:[#7&+:6](-[#6@@:7]):[#6:46](:[#6:47](:[#6:48]:1-[#1:90])-[#1:89])-[#1:88])-[#1:64].[#6:51]-[#6:52](=[#8:53])-[#1]	Any;Any
EVODEX.2-Em185_0	Any;Any;Any	[#6:2]-[#6:3](=[#8:4])-[#1].[#7:10]-[#6:11](=[#8:12])-[#6:13]1:[#6:14](:[#6:15](:[#6:16](:[#7&+:17](-[#6@@:18]):[#6:57]:1-[#1:100])-[#1:76])-[#1:75])-[#1:74].[#8:58]=[#15:59](-[#8:60]-[#1])(-[#8:61])-[#8:62]>>[#6:2]-[#6:3](=[#8:4])-[#8:60]-[#15:59](=[#8:58])(-[#8:61])-[#8:62].[#7:10]-[#6:11](=[#8:12])-[#6:13]1=[#6:57](-[#7:17](-[#6@@:18])-[#6:16](=[#6:15](-[#6:14]-1(-[#1:74])-[#1])-[#1:75])-[#1:76])-[#1:100]	Any;Any
EVODEX.2-Em186_0	Any;Any	[#6:9]-[#6:10](=[#8:11])-[#1].[#7:12]-[#6:13](=[#8:14])-[#6:15]1:[#6:16](:[#6:17](:[#6:18](:[#7&+:19](-[#6@@:20]):[#6:55]:1-[#1:99])-[#1:76])-[#1:75])-[#1:74]>>[#6:9]-[#6:10](=[#8:11])-[#8]-[#1].[#7:12]-[#6:13](=[#8:14])-[#6:15]1=[#6:55](-[#7:19](-[#6@@:20])-[#6:18](=[#6:17](-[#6:16]-1(-[#1:74])-[#1])-[#1:75])-[#1:76])-[#1:99]	Any;Any
EVODEX.2-Em188_0	Any	[#6:17]-[#6:18](=[#8:19])-[#8:20]-[#1]>>[#6:17]-[#6:18](=[#8:19])-[#1].[#8:20](-[#15](-[#8])(=[#8])-[#8])-[#1]	Any;Any
EVODEX.2-Em190_0	Any;Any;Any	[#6:2]-[#6:4](=[#8:5])-[#1].[#7:11]-[#6:12](=[#8:13])-[#6:14]1:[#6:15](:[#6:16](:[#6:17](:[#7&+:18](-[#6@@:19]):[#6:54]:1-[#1:93])-[#1:70])-[#1:69])-[#1:68].[#8:55](-[#1])-[#1]>>[#6:2]-[#6:4](=[#8:5])-[#8:55]-[#1].[#7:11]-[#6:12](=[#8:13])-[#6:14]1=[#6:54](-[#7:18](-[#6@@:19])-[#6:17](=[#6:16](-[#6:15]-1(-[#1:68])-[#1])-[#1:69])-[#1:70])-[#1:93]	Any;Any
EVODEX.2-Em191_0	Any;Any	[#8:45](-[#1])-[#1].[#6:50]-[#6@:51](-[#8:52]-[#6@:53](-[#6@:47])(-[#8:54])-[#1])(-[#6@:55])-[#1:92]>>([#8:45](-[#6@@:51](-[#6:50])(-[#6@@:55])-[#1:92])-[#1].[#6:53](-[#6@:47])(=[#8:52])-[#8:54])	Any
EVODEX.2-Em192_0	Any;Any	[#6:1]-[#7&+:2]1:[#6:3](:[#6:4](:[#6:5](-[#6:6]2:[#6:7](:[#6:8](:[#7&+:9](-[#6:10]):[#6:11](:[#6:12]:2-[#1:34])-[#1:33])-[#1:29])-[#1:28]):[#6:13](:[#6:14]:1-[#1:36])-[#1:35])-[#1:27])-[#1:26].[#8:16]=[#6:17](-[#6:18])-[#1]>>[#6:1]-[#7:2]1-[#6:3](=[#6:4](-[#6:5](-[#6:6]2:[#6:7](:[#6:8](:[#7&+:9](-[#6:10]):[#6:11](:[#6:12]:2-[#1:34])-[#1:33])-[#1:29])-[#1:28])(-[#6:13](=[#6:14]-1-[#1:36])-[#1:35])-[#1])-[#1:27])-[#1:26].[#8](-[#6:17](=[#8:16])-[#6:18])-[#1]	Any;Any
EVODEX.2-Em193_0	Any;Any;Any	[#8:3]=[#6:4](-[#6:5])-[#1].[#8:2](-[#1])-[#1].[#6:31]-[#7&+:32]1:[#6:33](:[#6:34](:[#6:35](-[#6:36]2:[#6:37](:[#6:38](:[#7&+:39](-[#6:40]):[#6:47](:[#6:48]:2-[#1:92])-[#1:91])-[#1:83])-[#1:82]):[#6:49](:[#6:50]:1-[#1:94])-[#1:93])-[#1:81])-[#1:80]>>[#8:2](-[#6:4](=[#8:3])-[#6:5])-[#1].[#6:31]-[#7:32]1-[#6:33](=[#6:34](-[#6:35](-[#6:36]2(-[#6:37](=[#6:38](-[#7:39](-[#6:40])-[#6:47](=[#6:48]-2-[#1:92])-[#1:91])-[#1:83])-[#1:82])-[#1])(-[#6:49](=[#6:50]-1-[#1:94])-[#1:93])-[#1])-[#1:81])-[#1:80]	Any;Any
EVODEX.2-Em194_0	Any;Any	[#6:5]/[#6:6](=[#6:7](/[#6:8](=[#8:9])-[#16:10])-[#1:77])-[#1:76].[#7:17]-[#6:18](=[#8:19])-[#6:20]1=[#6:21](-[#7:22](-[#6@@:23])-[#6:62](=[#6:63](-[#6:64]-1(-[#1:114])-[#1])-[#1:113])-[#1:112])-[#1:88]>>[#6:5]-[#6:6](-[#6:7](-[#6:8](=[#8:9])-[#16:10])(-[#1:77])-[#1])(-[#1:76])-[#1].[#7:17]-[#6:18](=[#8:19])-[#6:20]1:[#6:21](:[#7&+:22](-[#6@@:23]):[#6:62](:[#6:63](:[#6:64]:1-[#1:114])-[#1:113])-[#1:112])-[#1:88]	Any;Any
EVODEX.2-Em195_0	Any	[#6:5]/[#6:6](=[#6:7](/[#6:8](=[#8:9])-[#16:10])-[#1:77])-[#1:76]>>[#6:5]-[#6:6](-[#6:7](-[#6:8](=[#8:9])-[#16:10])(-[#1:77])-[#1])(-[#1:76])-[#1]	Any
EVODEX.2-Em196_0	Any;Any;Any	[#6:1]-[#6@:2](-[#7](-[#1])-[#1])(-[#6:4](=[#8:5])-[#8:6])-[#1].[#7:7]-[#6:8](=[#8:9])-[#6:10]1:[#6:11](:[#6:12](:[#6:13](:[#7&+:14](-[#6@@:15]):[#6:50]:1-[#1:86])-[#1:63])-[#1:62])-[#1:61].[#8:51](-[#1])-[#1]>>[#6:1]-[#6:2](-[#6:4](=[#8:5])-[#8:6])=[#8:51].[#7:7]-[#6:8](=[#8:9])-[#6:10]1=[#6:50](-[#7:14](-[#6@@:15])-[#6:13](=[#6:12](-[#6:11]-1(-[#1:61])-[#1])-[#1:62])-[#1:63])-[#1:86]	Any;Any
EVODEX.2-Em197_0	Any;Any	[#7](-[#6@@:5](-[#6@:3])(-[#6:7](=[#8:8])-[#8:9])-[#1])(-[#1])-[#1].[#7:10]-[#6:11](=[#8:12])-[#6:13]1:[#6:14](:[#6:15](:[#6:16](:[#7&+:17](-[#6@@:18]):[#6:53]:1-[#1:95])-[#1:72])-[#1:71])-[#1:70]>>[#6:5](-[#6@:3])(-[#6:7](=[#8:8])-[#8:9])=[#8].[#7:10]-[#6:11](=[#8:12])-[#6:13]1=[#6:53](-[#7:17](-[#6@@:18])-[#6:16](=[#6:15](-[#6:14]-1(-[#1:70])-[#1])-[#1:71])-[#1:72])-[#1:95]	Any;Any
EVODEX.2-Em198_0	Any;Any	[#6:5](-[#6@:3])(=[#8:6])-[#6:7](=[#8:8])-[#8:9].[#7:10](-[#1])(-[#1])-[#1]>>[#6:7](-[#6@:5](-[#6@:3])(-[#7:10](-[#1])-[#1])-[#1])(=[#8:8])-[#8:9].[#8:6](-[#1])-[#1]	Any;Any
EVODEX.2-Em199_0	Any;Any	[#7:45](-[#6@@:46](-[#6:47])(-[#6:49](=[#8:50])-[#8:51])-[#1])(-[#1])-[#1].[#8:52](-[#1])-[#1]>>[#6:46](-[#6:47])(-[#6:49](=[#8:50])-[#8:51])=[#8:52].[#7:45](-[#1])(-[#1])-[#1]	Any;Any
EVODEX.2-Em200_0	Any;Any;Any	[#6:2]-[#6:4](=[#8])-[#6:6](=[#8:7])-[#8:8].[#7:10]-[#6:11](=[#8:12])-[#6:13]1=[#6:14](-[#7:15](-[#6@@:16])-[#6:51](=[#6:52](-[#6:53]-1(-[#1:89])-[#1])-[#1:88])-[#1:87])-[#1:64].[#7:9](-[#1])(-[#1])-[#1]>>[#6:2]-[#6@@:4](-[#6:6](=[#8:7])-[#8:8])(-[#7:9](-[#1])-[#1])-[#1].[#7:10]-[#6:11](=[#8:12])-[#6:13]1:[#6:14](:[#7&+:15](-[#6@@:16]):[#6:51](:[#6:52](:[#6:53]:1-[#1:89])-[#1:88])-[#1:87])-[#1:64]	Any;Any
EVODEX.2-Em201_0	Any	[#6:4]-[#6:5](=[#8:6])-[#6:7](=[#8:8])-[#8:9]>>[#6:4]-[#6@@:5](-[#6:7](=[#8:8])-[#8:9])(-[#7](-[#1])-[#1])-[#1].[#8:6](-[#1])-[#1]	Any;Any
EVODEX.2-Em202_0	Any;Any	[#6:4]-[#6:5](=[#8])-[#6:7](=[#8:8])-[#8:9].[#7:10](-[#1])(-[#1])-[#1]>>[#6:4]-[#6@@:5](-[#6:7](=[#8:8])-[#8:9])(-[#7:10](-[#1])-[#1])-[#1]	Any
EVODEX.2-Em203_0	Any;Any	[#6:2]-[#6:3](=[#8])-[#6:5](=[#8:6])-[#8:7].[#7:9]-[#6:10](=[#8:11])-[#6:12]1=[#6:13](-[#7:14](-[#6@@:15])-[#6:50](=[#6:51](-[#6:52]-1(-[#1:86])-[#1])-[#1:85])-[#1:84])-[#1:61]>>[#6:2]-[#6@@:3](-[#6:5](=[#8:6])-[#8:7])(-[#7](-[#1])-[#1])-[#1].[#7:9]-[#6:10](=[#8:11])-[#6:12]1:[#6:13](:[#7&+:14](-[#6@@:15]):[#6:50](:[#6:51](:[#6:52]:1-[#1:86])-[#1:85])-[#1:84])-[#1:61]	Any;Any
EVODEX.2-Em204_0	Any;Any;Any	[#6:3]-[#6@:4](-[#7:5](-[#1])-[#1])(-[#6:6](=[#8:7])-[#8:8])-[#1].[#7:9]-[#6:10](=[#8:11])-[#6:12]1:[#6:13](:[#6:14](:[#6:15](:[#7&+:16](-[#6@@:17]):[#6:52]:1-[#1:92])-[#1:69])-[#1:68])-[#1:67].[#8:53](-[#1])-[#1]>>[#6:3]-[#6:4](-[#6:6](=[#8:7])-[#8:8])=[#8:53].[#7:9]-[#6:10](=[#8:11])-[#6:12]1=[#6:52](-[#7:16](-[#6@@:17])-[#6:15](=[#6:14](-[#6:13]-1(-[#1:67])-[#1])-[#1:68])-[#1:69])-[#1:92].[#7:5](-[#1])(-[#1])-[#1]	Any;Any;Any
EVODEX.2-Em205_0	Any;Any	[#6:4]-[#6:5](-[#7:6](-[#1])-[#1])(-[#6:7](=[#8:8])-[#8:9])-[#1].[#7:10]-[#6:11](=[#8:12])-[#6:13]1:[#6:14](:[#6:15](:[#6:16](:[#7&+:17](-[#6@@:18]):[#6:53]:1-[#1:95])-[#1:72])-[#1:71])-[#1:70]>>[#6:4]-[#6:5](-[#6:7](=[#8:8])-[#8:9])=[#8].[#7:10]-[#6:11](=[#8:12])-[#6:13]1=[#6:53](-[#7:17](-[#6@@:18])-[#6:16](=[#6:15](-[#6:14]-1(-[#1:70])-[#1])-[#1:71])-[#1:72])-[#1:95].[#7:6](-[#1])(-[#1])-[#1]	Any;Any;Any
EVODEX.2-Em206_0	Any;Any;Any	[#6:1]-[#6:2](=[#8:3])-[#6:4](=[#8:5])-[#8:6].[#7:8]-[#6:9](=[#8:10])-[#6:11]1=[#6:12](-[#7:13](-[#6@@:14])-[#6:51](=[#6:52](-[#6:53]-1(-[#1:85])-[#1])-[#1:84])-[#1:83])-[#1:60].[#7:7](-[#1])(-[#1])-[#1]>>[#6:1]-[#6@@:2](-[#6:4](=[#8:5])-[#8:6])(-[#7:7](-[#1])-[#1])-[#1].[#7:8]-[#6:9](=[#8:10])-[#6:11]1:[#6:12](:[#7&+:13](-[#6@@:14]):[#6:51](:[#6:52](:[#6:53]:1-[#1:85])-[#1:84])-[#1:83])-[#1:60].[#8:3](-[#1])-[#1]	Any;Any;Any
EVODEX.2-Em207_0	Any;Any	[#7:2]-[#6:3](=[#8:4])-[#6:5]1=[#6:6](-[#7:7](-[#6@@:8])-[#6:43](=[#6:44](-[#6:45]-1(-[#1:82])-[#1])-[#1:81])-[#1:80])-[#1:57].[#6:49]-[#6:50](=[#8:51])-[#6:52](=[#8:53])-[#8:54]>>[#7](-[#6@@:50](-[#6:49])(-[#6:52](=[#8:53])-[#8:54])-[#1])(-[#1])-[#1].[#7:2]-[#6:3](=[#8:4])-[#6:5]1:[#6:6](:[#7&+:7](-[#6@@:8]):[#6:43](:[#6:44](:[#6:45]:1-[#1:82])-[#1:81])-[#1:80])-[#1:57].[#8:51](-[#1])-[#1]	Any;Any;Any
EVODEX.2-Em208_0	Any;Any;Any	[#6:2]-[#6:3](=[#8:4])-[#6:5].[#7:10]-[#6:11](=[#8:12])-[#6:13]1=[#6:14](-[#7:15](-[#6@@:16])-[#6:51](=[#6:52](-[#6:53]-1(-[#1:89])-[#1])-[#1:88])-[#1:87])-[#1:64].[#7:9](-[#1])(-[#1])-[#1]>>[#6:2]-[#6:3](-[#6:5])(-[#7:9](-[#1])-[#1])-[#1].[#7:10]-[#6:11](=[#8:12])-[#6:13]1:[#6:14](:[#7&+:15](-[#6@@:16]):[#6:51](:[#6:52](:[#6:53]:1-[#1:89])-[#1:88])-[#1:87])-[#1:64].[#8:4](-[#1])-[#1]	Any;Any;Any
EVODEX.2-Em209_0	Any;Any	[#6:2]-[#6:3](=[#8])-[#6:5].[#7:10]-[#6:11](=[#8:12])-[#6:13]1=[#6:14](-[#7:15](-[#6@@:16])-[#6:51](=[#6:52](-[#6:53]-1(-[#1:89])-[#1])-[#1:88])-[#1:87])-[#1:64]>>[#6:2]-[#6:3](-[#6:5])(-[#7](-[#1])-[#1])-[#1].[#7:10]-[#6:11](=[#8:12])-[#6:13]1:[#6:14](:[#7&+:15](-[#6@@:16]):[#6:51](:[#6:52](:[#6:53]:1-[#1:89])-[#1:88])-[#1:87])-[#1:64]	Any;Any
EVODEX.2-Em210_0	Any;Any;Any	[#6:2]-[#6:3](=[#8])-[#6:5].[#7:10]-[#6:11](=[#8:12])-[#6:13]1=[#6:14](-[#7:15](-[#6@@:16])-[#6:51](=[#6:52](-[#6:53]-1(-[#1:89])-[#1])-[#1:88])-[#1:87])-[#1:64].[#7:9](-[#1])(-[#1])-[#1]>>[#6:2]-[#6:3](-[#6:5])(-[#7:9](-[#1])-[#1])-[#1].[#7:10]-[#6:11](=[#8:12])-[#6:13]1:[#6:14](:[#7&+:15](-[#6@@:16]):[#6:51](:[#6:52](:[#6:53]:1-[#1:89])-[#1:88])-[#1:87])-[#1:64]	Any;Any
EVODEX.2-Em211_0	Any	[#6:2]-[#6:3](-[#7](-[#1])-[#1])(-[#6:5])-[#1]>>[#6:2]-[#6:3](-[#6:5])=[#8]	Any
EVODEX.2-Em212_0	Any;Any	[#6:2]-[#6:3](-[#7](-[#1])-[#1])(-[#6:5])-[#1].[#7:9]-[#6:10](=[#8:11])-[#6:12]1:[#6:13](:[#6:14](:[#6:15](:[#7&+:16](-[#6@@:17]):[#6:52]:1-[#1:92])-[#1:69])-[#1:68])-[#1:67]>>[#6:2]-[#6:3](-[#6:5])=[#8].[#7:9]-[#6:10](=[#8:11])-[#6:12]1=[#6:52](-[#7:16](-[#6@@:17])-[#6:15](=[#6:14](-[#6:13]-1(-[#1:67])-[#1])-[#1:68])-[#1:69])-[#1:92]	Any;Any
EVODEX.2-Em213_0	Any;Any;Any	[#6:2]-[#6:3](-[#7](-[#1])-[#1])(-[#6:5])-[#1].[#7:9]-[#6:10](=[#8:11])-[#6:12]1:[#6:13](:[#6:14](:[#6:15](:[#7&+:16](-[#6@@:17]):[#6:52]:1-[#1:92])-[#1:69])-[#1:68])-[#1:67].[#8:53](-[#1])-[#1]>>[#6:2]-[#6:3](-[#6:5])=[#8:53].[#7:9]-[#6:10](=[#8:11])-[#6:12]1=[#6:52](-[#7:16](-[#6@@:17])-[#6:15](=[#6:14](-[#6:13]-1(-[#1:67])-[#1])-[#1:68])-[#1:69])-[#1:92]	Any;Any
EVODEX.2-Em214_0	Any;Any	[#6:4]-[#6@:5](-[#7:6](-[#1])-[#1])(-[#6:7])-[#1].[#8:55](-[#1])-[#1]>>[#6:4]-[#6:5](-[#6:7])=[#8:55].[#7:6](-[#1])(-[#1])-[#1]	Any;Any
EVODEX.2-Em215_0	Any;Any	[#6:4]-[#6@:5](-[#7:6](-[#1])-[#1])(-[#6:7])-[#1].[#7:11]-[#6:12](=[#8:13])-[#6:14]1:[#6:15](:[#6:16](:[#6:17](:[#7&+:18](-[#6@@:19]):[#6:54]:1-[#1:97])-[#1:74])-[#1:73])-[#1:72]>>[#6:4]-[#6:5](-[#6:7])=[#8].[#7:11]-[#6:12](=[#8:13])-[#6:14]1=[#6:54](-[#7:18](-[#6@@:19])-[#6:17](=[#6:16](-[#6:15]-1(-[#1:72])-[#1])-[#1:73])-[#1:74])-[#1:97].[#7:6](-[#1])(-[#1])-[#1]	Any;Any;Any
EVODEX.2-Em216_0	Any;Any	[#6:4]-[#6:5](=[#8:6])-[#6:7].[#7:12]-[#6:13](=[#8:14])-[#6:15]1=[#6:16](-[#7:17](-[#6@@:18])-[#6:53](=[#6:54](-[#6:55]-1(-[#1:94])-[#1])-[#1:93])-[#1:92])-[#1:69]>>[#6:4]-[#6@@:5](-[#6:7])(-[#7](-[#1])-[#1])-[#1].[#7:12]-[#6:13](=[#8:14])-[#6:15]1:[#6:16](:[#7&+:17](-[#6@@:18]):[#6:53](:[#6:54](:[#6:55]:1-[#1:94])-[#1:93])-[#1:92])-[#1:69].[#8:6](-[#1])-[#1]	Any;Any;Any
EVODEX.2-Em217_0	Any;Any	[#6:4]-[#6:5](=[#8:6])-[#6:7].[#7:11](-[#1])(-[#1])-[#1]>>[#6:4]-[#6@@:5](-[#6:7])(-[#7:11](-[#1])-[#1])-[#1].[#8:6](-[#1])-[#1]	Any;Any
EVODEX.2-Em218_0	Any;Any;Any	[#6:1]-[#6:2](-[#7:3](-[#1])-[#1])(-[#6:4])-[#1].[#7:10]-[#6:11](=[#8:12])-[#6:13]1:[#6:14](:[#6:15](:[#6:16](:[#7&+:17](-[#6@@:18]):[#6:57]:1-[#1:99])-[#1:75])-[#1:74])-[#1:73].[#8:58](-[#1])-[#1]>>[#6:1]-[#6:2](-[#6:4])=[#8:58].[#7:10]-[#6:11](=[#8:12])-[#6:13]1=[#6:57](-[#7:17](-[#6@@:18])-[#6:16](=[#6:15](-[#6:14]-1(-[#1:73])-[#1])-[#1:74])-[#1:75])-[#1:99].[#7:3](-[#1])(-[#1])-[#1]	Any;Any;Any
EVODEX.2-Em219_0	Any	[#6:1]-[#6:2](=[#8:3])-[#6:4]>>[#6:1]-[#6:2](-[#6:4])(-[#7](-[#1])-[#1])-[#1].[#8:3](-[#1])-[#1]	Any;Any
EVODEX.2-Em220_0	Any	[#6:54]-[#6:55](=[#8])-[#6:57](=[#8:58])-[#8:59]>>[#7](-[#6@:55](-[#6:54])(-[#6:57](=[#8:58])-[#8:59])-[#1])(-[#1])-[#1]	Any
EVODEX.2-Em221_0	Any	[#7](-[#6:50](-[#8:51])(-[#6:52])-[#1])(-[#1])-[#1]>>[#6:50](-[#8:51])(-[#6:52])=[#8]	Any
EVODEX.2-Em222_0	Any;Any;Any	[#6:1]-[#6:2](=[#8:3])-[#6:4](=[#8:5])-[#8:6].[#6:7]-[#7:8](-[#1])-[#1].[#7:9]-[#6:10](=[#8:11])-[#6:12]1=[#6:13](-[#7:14](-[#6@@:15])-[#6:54](=[#6:55](-[#6:56]-1(-[#1:94])-[#1])-[#1:93])-[#1:92])-[#1:68]>>[#6:1]-[#6@@:2](-[#6:4](=[#8:5])-[#8:6])(-[#7:8](-[#6:7])-[#1])-[#1].[#7:9]-[#6:10](=[#8:11])-[#6:12]1:[#6:13](:[#7&+:14](-[#6@@:15]):[#6:54](:[#6:55](:[#6:56]:1-[#1:94])-[#1:93])-[#1:92])-[#1:68].[#8:3](-[#1])-[#1]	Any;Any;Any
EVODEX.2-Em223_0	Any;Any	[#6:1]-[#7:2](-[#6@@:3](-[#6:4])(-[#6:5](=[#8:6])-[#8:7])-[#1])-[#1].[#8:56](-[#1])-[#1]>>[#6:3](-[#6:4])(-[#6:5](=[#8:6])-[#8:7])=[#8:56].[#6:1]-[#7:2](-[#1])-[#1]	Any;Any
EVODEX.2-Em224_0	Any	[#6:1]-[#7:2](-[#6@@:3](-[#6:4])(-[#6:5](=[#8:6])-[#8:7])-[#1])-[#1]>>[#6:3](-[#6:4])(-[#6:5](=[#8:6])-[#8:7])=[#8].[#6:1]-[#7:2](-[#1])-[#1]	Any;Any
EVODEX.2-Em225_0	Any;Any;Any	[#6:1]-[#7:2](-[#6@@:3](-[#6:4])(-[#6:5](=[#8:6])-[#8:7])-[#1])-[#1].[#7:8]-[#6:9](=[#8:10])-[#6:11]1:[#6:12](:[#6:13](:[#6:14](:[#7&+:15](-[#6@@:16]):[#6:55]:1-[#1:94])-[#1:70])-[#1:69])-[#1:68].[#8:56](-[#1])-[#1]>>[#6:3](-[#6:4])(-[#6:5](=[#8:6])-[#8:7])=[#8:56].[#6:1]-[#7:2](-[#1])-[#1].[#7:8]-[#6:9](=[#8:10])-[#6:11]1=[#6:55](-[#7:15](-[#6@@:16])-[#6:14](=[#6:13](-[#6:12]-1(-[#1:68])-[#1])-[#1:69])-[#1:70])-[#1:94]	Any;Any;Any
EVODEX.2-Em226_0	Any	[#6:1]-[#7:2](-[#6@@](-[#6])(-[#6](=[#8])-[#8])-[#1])-[#1]>>[#6:1]-[#7:2](-[#1])-[#1]	Any
EVODEX.2-Em227_0	Any;Any	[#6:1]-[#7:2](-[#6@@](-[#6])(-[#6](=[#8])-[#8])-[#1])-[#1].[#7:8]-[#6:9](=[#8:10])-[#6:11]1:[#6:12](:[#6:13](:[#6:14](:[#7&+:15](-[#6@@:16]):[#6:55]:1-[#1:94])-[#1:70])-[#1:69])-[#1:68]>>[#6:1]-[#7:2](-[#1])-[#1].[#7:8]-[#6:9](=[#8:10])-[#6:11]1=[#6:55](-[#7:15](-[#6@@:16])-[#6:14](=[#6:13](-[#6:12]-1(-[#1:68])-[#1])-[#1:69])-[#1:70])-[#1:94]	Any;Any
EVODEX.2-Em228_0	Any	[#6:1]-[#6:2](=[#8])-[#6:4]>>[#6:1]-[#6@:2](-[#6:4])(-[#7](-[#1])-[#1])-[#1]	Any
EVODEX.2-Em229_0	Any;Any	[#7:1](-[#1])(-[#1])-[#1].[#6:51]-[#6:52](=[#8:53])-[#8:54]>>[#7:1](-[#6:52](-[#6:51])(-[#8:54])-[#1])(-[#1])-[#1].[#8:53](-[#1])-[#1]	Any;Any
EVODEX.2-Em230_0	Any;Any	[#6:4]-[#6@@:5](-[#6:6])(-[#7](-[#1])-[#1])-[#1].[#8:52](-[#1])-[#1]>>[#6:4]-[#6:5](-[#6:6])=[#8:52]	Any
EVODEX.2-Em231_0	Any	[#7:45](-[#6@@:46](-[#6:47])(-[#6:57](=[#8:58])-[#8:59])-[#1])(-[#1])-[#1]>>[#6:46](-[#6:47])(-[#6:57](=[#8:58])-[#8:59])=[#8].[#7:45](-[#1])(-[#1])-[#1]	Any;Any
EVODEX.2-Em232_0	Any;Any	[#6:5]-[#6@:6](-[#7](-[#1])-[#1])(-[#6:8](=[#8:9])-[#8:10])-[#1].[#8:55](-[#1])-[#1]>>[#6:5]-[#6:6](-[#6:8](=[#8:9])-[#8:10])=[#8:55]	Any
EVODEX.2-Em233_0	Any;Any	[#7](-[#6:2](-[#6:3])(-[#6:8](=[#8:9])-[#8:10])-[#1])(-[#1])-[#1].[#8:12]=[#8:13]>>[#6:2](-[#6:3])(-[#6:8](=[#8:9])-[#8:10])=[#8].[#8:12](-[#8:13]-[#1])-[#1]	Any;Any
EVODEX.2-Em234_0	Any;Any;Any	[#7](-[#6@:2](-[#6:3])(-[#6:9](=[#8:10])-[#8:11])-[#1])(-[#1])-[#1].[#8:13]=[#8:14].[#8:12](-[#1])-[#1]>>[#6:2](-[#6:3])(-[#6:9](=[#8:10])-[#8:11])=[#8:12].[#8:13](-[#8:14]-[#1])-[#1]	Any;Any
EVODEX.2-Em235_0	Any;Any	[#7:1](-[#6@:2](-[#6:3])(-[#6:9](=[#8:10])-[#8:11])-[#1])(-[#1])-[#1].[#8:13]=[#8:14]>>[#6:2](-[#6:3])(-[#6:9](=[#8:10])-[#8:11])=[#8].[#7:1](-[#1])(-[#1])-[#1].[#8:13](-[#8:14]-[#1])-[#1]	Any;Any;Any
EVODEX.2-Em236_0	Any;Any;Any	[#6:5]-[#6:6](=[#8:7])-[#6:8](=[#8:9])-[#8:10].[#7:1](-[#1])(-[#1])-[#1].[#8:11](-[#8:12]-[#1])-[#1]>>[#7:1](-[#6@:6](-[#6:5])(-[#6:8](=[#8:9])-[#8:10])-[#1])(-[#1])-[#1].[#8:11]=[#8:12].[#8:7](-[#1])-[#1]	Any;Any;Any
EVODEX.2-Em237_0	Any;Any	[#6:5]-[#6:6](=[#8:7])-[#6:8](=[#8:9])-[#8:10].[#8:11](-[#8:12]-[#1])-[#1]>>[#7](-[#6@:6](-[#6:5])(-[#6:8](=[#8:9])-[#8:10])-[#1])(-[#1])-[#1].[#8:11]=[#8:12].[#8:7](-[#1])-[#1]	Any;Any;Any
EVODEX.2-Em238_0	Any;Any;Any	[#7:1](-[#6:2](-[#6:3])(-[#1:11])-[#1])(-[#1])-[#1].[#8:7]=[#8:8].[#8:6](-[#1])-[#1]>>[#6:2](-[#6:3])(=[#8:6])-[#1:11].[#7:1](-[#1])(-[#1])-[#1].[#8:7](-[#8:8]-[#1])-[#1]	Any;Any;Any
EVODEX.2-Em239_0	Any;Any;Any	[#7](-[#6:2](-[#6:3])(-[#1:14])-[#1])(-[#1])-[#1].[#8:10]=[#8:11].[#8:9](-[#1])-[#1]>>[#6:2](-[#6:3])(=[#8:9])-[#1:14].[#8:10](-[#8:11]-[#1])-[#1]	Any;Any
EVODEX.2-Em240_0	Any	[#7:1](-[#6:2](-[#6:3])(-[#1:14])-[#1])(-[#1])-[#1]>>[#6:2](-[#6:3])(=[#8])-[#1:14].[#7:1](-[#1])(-[#1])-[#1]	Any;Any
EVODEX.2-Em241_0	Any;Any	[#7:1](-[#6:2](-[#6:3])(-[#1:14])-[#1])(-[#1])-[#1].[#8:10]=[#8:11]>>[#6:2](-[#6:3])(=[#8])-[#1:14].[#7:1](-[#1])(-[#1])-[#1].[#8:10](-[#8:11]-[#1])-[#1]	Any;Any;Any
EVODEX.2-Em242_0	Any;Any	[#7](-[#6:2](-[#6:3])(-[#1:12])-[#1])(-[#1])-[#1].[#8:7](-[#1])-[#1]>>[#6:2](-[#6:3])(=[#8:7])-[#1:12]	Any
EVODEX.2-Em243_0	Any	[#7](-[#6:2](-[#6:3])(-[#1:18])-[#1])(-[#1])-[#1]>>[#6:2](-[#6:3])(=[#8])-[#1:18]	Any
EVODEX.2-Em244_0	Any;Any	[#7:1](-[#6:2](-[#6:3])(-[#1:18])-[#1])(-[#1])-[#1].[#8:13](-[#1])-[#1]>>[#6:2](-[#6:3])(=[#8:13])-[#1:18].[#7:1](-[#1])(-[#1])-[#1]	Any;Any
EVODEX.2-Em245_0	Any;Any	[#7:1](-[#6:2](-[#6:3])(-[#6:7])-[#1])(-[#1])-[#1].[#8:9]=[#8:10]>>[#6:2](=[#8])(-[#6:3])-[#6:7].[#7:1](-[#1])(-[#1])-[#1].[#8:9](-[#8:10]-[#1])-[#1]	Any;Any;Any
EVODEX.2-Em246_0	Any;Any;Any	[#7](-[#6:2](-[#6:3])(-[#6:6])-[#1])(-[#1])-[#1].[#8:8]=[#8:9].[#8:7](-[#1])-[#1]>>[#6:2](=[#8:7])(-[#6:3])-[#6:6].[#8:8](-[#8:9]-[#1])-[#1]	Any;Any
EVODEX.2-Em247_0	Any;Any	[#6:2]-[#6:3](-[#6:4])(-[#7](-[#1])-[#1])-[#1].[#8:7]=[#8:8]>>[#6:2]-[#6:3](-[#6:4])=[#8].[#8:7](-[#8:8]-[#1])-[#1]	Any;Any
EVODEX.2-Em248_0	Any;Any;Any	[#7:1](-[#6:2](-[#6:3])(-[#6:8])-[#1])(-[#1])-[#1].[#8:10]=[#8:11].[#8:9](-[#1])-[#1]>>[#6:2](=[#8:9])(-[#6:3])-[#6:8].[#7:1](-[#1])(-[#1])-[#1].[#8:10](-[#8:11]-[#1])-[#1]	Any;Any;Any
EVODEX.2-Em249_0	Any;Any	[#6:5]-[#6:8](-[#7](-[#1])-[#1])(-[#1:28])-[#1].[#8:11]=[#8:12]>>[#6:5]-[#6:8](=[#8])-[#1:28].[#8:11](-[#8:12]-[#1])-[#1]	Any;Any
EVODEX.2-Em250_0	Any;Any;Any	[#6:1]-[#6@@:2](-[#7:3](-[#1])-[#1])(-[#6:4](=[#8:5])-[#8:6])-[#1].[#8:8]=[#8:9].[#8:7](-[#1])-[#1]>>[#6:1]-[#6:2](-[#6:4](=[#8:5])-[#8:6])=[#8:7].[#7:3](-[#1])(-[#1])-[#1].[#8:8](-[#8:9]-[#1])-[#1]	Any;Any;Any
EVODEX.2-Em251_0	Any;Any	[#6:6]-[#6:7](=[#8])-[#6:9](=[#8:10])-[#8:11].[#8:12](-[#8:13]-[#1])-[#1]>>[#7](-[#6@@:7](-[#6:6])(-[#6:9](=[#8:10])-[#8:11])-[#1])(-[#1])-[#1].[#8:12]=[#8:13]	Any;Any
EVODEX.2-Em252_0	Any;Any;Any	[#6:6]-[#6:7](=[#8])-[#6:9](=[#8:10])-[#8:11].[#7:1](-[#1])(-[#1])-[#1].[#8:12](-[#8:13]-[#1])-[#1]>>[#7:1](-[#6@@:7](-[#6:6])(-[#6:9](=[#8:10])-[#8:11])-[#1])(-[#1])-[#1].[#8:12]=[#8:13]	Any;Any
EVODEX.2-Em253_0	Any	[#6:6]-[#6:7](=[#8])-[#1:21]>>[#7](-[#6:7](-[#6:6])(-[#1:21])-[#1])(-[#1])-[#1]	Any
EVODEX.2-Em254_0	Any;Any	[#6:1]-[#7:2](-[#6:3](-[#6:4])(-[#1:21])-[#1])-[#1].[#8:14](-[#1])-[#1]>>[#6:1]-[#7:2](-[#1])-[#1].[#6:3](-[#6:4])(=[#8:14])-[#1:21]	Any;Any
EVODEX.2-Em255_0	Any;Any	[#6:1]-[#7:2](-[#6:3](-[#6:4])(-[#1:21])-[#1])-[#1].[#8:15]=[#8:16]>>[#6:1]-[#7:2](-[#1])-[#1].[#6:3](-[#6:4])(=[#8])-[#1:21].[#8:15](-[#8:16]-[#1])-[#1]	Any;Any;Any
EVODEX.2-Em256_0	Any;Any;Any	[#6:1]-[#6:2]1:[#7:3]:[#6:4](:[#6:5](-[#6:6]):[#6:12](-[#6:13](-[#7:14](-[#6:15])-[#1])(-[#1:32])-[#1]):[#6:19]:1-[#8:20])-[#1:27].[#8:22]=[#8:23].[#8:21](-[#1])-[#1]>>[#6:1]-[#6:2]1:[#7:3]:[#6:4](:[#6:5](-[#6:6]):[#6:12](-[#6:13](=[#8:21])-[#1:32]):[#6:19]:1-[#8:20])-[#1:27].[#7:14](-[#6:15])(-[#1])-[#1].[#8:22](-[#8:23]-[#1])-[#1]	Any;Any;Any
EVODEX.2-Em257_0	Any;Any	[#6:1]-[#6:2]1:[#7:3]:[#6:4](:[#6:5](-[#6:6]):[#6:12](-[#6:13](-[#7:14](-[#6@@:15])-[#1])(-[#1:33])-[#1]):[#6:20]:1-[#8:21])-[#1:28].[#8:23]=[#8:24]>>[#6:1]-[#6:2]1:[#7:3]:[#6:4](:[#6:5](-[#6:6]):[#6:12](-[#6:13](=[#8])-[#1:33]):[#6:20]:1-[#8:21])-[#1:28].[#7:14](-[#6@@:15])(-[#1])-[#1].[#8:23](-[#8:24]-[#1])-[#1]	Any;Any;Any
EVODEX.2-Em258_0	Any	[#6]-[#6]1:[#7]:[#6](:[#6](-[#6]):[#6](-[#6](-[#7:14](-[#6@@:15])-[#1])(-[#1])-[#1]):[#6]:1-[#8])-[#1]>>[#7:14](-[#6@@:15])(-[#1])-[#1]	Any
EVODEX.2-Em259_0	Any;Any	[#6]-[#6]1:[#7]:[#6](:[#6](-[#6]):[#6](-[#6](-[#7:14](-[#6:15])-[#1])(-[#1])-[#1]):[#6]:1-[#8])-[#1].[#8:25]=[#8:26]>>[#7:14](-[#6:15])(-[#1])-[#1].[#8:25](-[#8:26]-[#1])-[#1]	Any;Any
EVODEX.2-Em260_0	Any	[#6:1]-[#6:2]1:[#7:3]:[#6:4](:[#6:5](-[#6:6]):[#6:12](-[#6:13](-[#7:14](-[#6@@:15])-[#1])(-[#1:39])-[#1]):[#6:26]:1-[#8:27])-[#1:34]>>[#6:1]-[#6:2]1:[#7:3]:[#6:4](:[#6:5](-[#6:6]):[#6:12](-[#6:13](=[#8])-[#1:39]):[#6:26]:1-[#8:27])-[#1:34].[#7:14](-[#6@@:15])(-[#1])-[#1]	Any;Any
EVODEX.2-Em261_0	Any;Any	[#6:1]-[#6:2]1:[#7:3]:[#6:4](:[#6:5](-[#6:6]):[#6:12](-[#6:13](-[#7:14](-[#6@@:15])-[#1])(-[#1:39])-[#1]):[#6:26]:1-[#8:27])-[#1:34].[#8:28](-[#1])-[#1]>>[#6:1]-[#6:2]1:[#7:3]:[#6:4](:[#6:5](-[#6:6]):[#6:12](-[#6:13](=[#8:28])-[#1:39]):[#6:26]:1-[#8:27])-[#1:34].[#7:14](-[#6@@:15])(-[#1])-[#1]	Any;Any
EVODEX.2-Em262_0	Any;Any	[#7:19]-[#6:20](=[#8:21])-[#6:22]1=[#6:23](-[#7:24](-[#6@@:25])-[#6:60](=[#6:61](-[#6:62]-1(-[#1:94])-[#1])-[#1:93])-[#1:92])-[#1:69].[#7:15](-[#6@:14])(-[#1])-[#1]>>[#6]-[#6@](-[#6](=[#8])-[#8])(-[#7:15](-[#6@@:14])-[#1])-[#1].[#7:19]-[#6:20](=[#8:21])-[#6:22]1:[#6:23](:[#7&+:24](-[#6@@:25]):[#6:60](:[#6:61](:[#6:62]:1-[#1:94])-[#1:93])-[#1:92])-[#1:69]	Any;Any
EVODEX.2-Em263_0	Any	[#7:56](-[#6@:55])(-[#1])-[#1]>>[#6]-[#6@](-[#6](=[#8])-[#8])(-[#7:56](-[#6@@:55])-[#1])-[#1]	Any
EVODEX.2-Em264_0	Any;Any;Any	[#6:1]-[#6:2](=[#8])-[#6:4](=[#8:5])-[#8:6].[#7:19]-[#6:20](=[#8:21])-[#6:22]1=[#6:23](-[#7:24](-[#6@@:25])-[#6:60](=[#6:61](-[#6:62]-1(-[#1:94])-[#1])-[#1:93])-[#1:92])-[#1:69].[#7:15](-[#6@:14])(-[#1])-[#1]>>[#6:1]-[#6@:2](-[#6:4](=[#8:5])-[#8:6])(-[#7:15](-[#6@@:14])-[#1])-[#1].[#7:19]-[#6:20](=[#8:21])-[#6:22]1:[#6:23](:[#7&+:24](-[#6@@:25]):[#6:60](:[#6:61](:[#6:62]:1-[#1:94])-[#1:93])-[#1:92])-[#1:69]	Any;Any
EVODEX.2-Em265_0	Any;Any	[#6:1]-[#6:2](=[#8])-[#6:4](=[#8:5])-[#8:6].[#7:15](-[#6@:14])(-[#1])-[#1]>>[#6:1]-[#6@:2](-[#6:4](=[#8:5])-[#8:6])(-[#7:15](-[#6@@:14])-[#1])-[#1]	Any
EVODEX.2-Em266_0	Any;Any	[#6:1]-[#6@@:2](-[#7:3](-[#6@@:4])-[#1])(-[#6:13](=[#8:14])-[#8:15])-[#1].[#7:16]-[#6:17](=[#8:18])-[#6:19]1:[#6:20](:[#6:21](:[#6:22](:[#7&+:23](-[#6@@:24]):[#6:63]:1-[#1:111])-[#1:87])-[#1:86])-[#1:85]>>[#6:1]-[#6:2](-[#6:13](=[#8:14])-[#8:15])=[#8].[#7:16]-[#6:17](=[#8:18])-[#6:19]1=[#6:63](-[#7:23](-[#6@@:24])-[#6:22](=[#6:21](-[#6:20]-1(-[#1:85])-[#1])-[#1:86])-[#1:87])-[#1:111].[#7:3](-[#6@@:4])(-[#1])-[#1]	Any;Any;Any
EVODEX.2-Em267_0	Any;Any	[#6:1]-[#6:2](=[#8:3])-[#6:4](=[#8:5])-[#8:6].[#7:51](-[#6:52])(-[#1])-[#1]>>[#6:1]-[#6@:2](-[#6:4](=[#8:5])-[#8:6])(-[#7:51](-[#6:52])-[#1])-[#1].[#8:3](-[#1])-[#1]	Any;Any
EVODEX.2-Em268_0	Any;Any	[#7:33]-[#6:34](=[#8:35])-[#6:36]1=[#6:37](-[#7:38](-[#6@@:39])-[#6:78](=[#6:79](-[#6:80]-1(-[#1:109])-[#1])-[#1:108])-[#1:107])-[#1:83].[#7:1](=[#6:2]1:[#7:3](:[#6:4]2:[#6:5](:[#6:6](=[#8:7]):[#7:8]:1-[#1])-[#7:9]=[#6:10](-[#6:11])-[#6:31]-[#7:32]-2)-[#1])-[#1]>>[#7:33]-[#6:34](=[#8:35])-[#6:36]1:[#6:37](:[#7&+:38](-[#6@@:39]):[#6:78](:[#6:79](:[#6:80]:1-[#1:109])-[#1:108])-[#1:107])-[#1:83].[#7:1](=[#6:2]1:[#7:3](:[#6:4]2:[#6:5](:[#6:6](=[#8:7]):[#7:8]:1-[#1])-[#7:9](-[#6@@:10](-[#6:11])(-[#6:31]-[#7:32]-2)-[#1])-[#1])-[#1])-[#1]	Any;Any
EVODEX.2-Em269_0	Any	[#6:9]-[#7:10](-[#6](=[#8])-[#1])-[#6:13]1:[#6:14](:[#6:15](:[#6:16](-[#6:17](=[#8:18])-[#7:19]):[#6:56](:[#6:57]:1-[#1:178])-[#1:177])-[#1:147])-[#1:146]>>[#6:9]-[#7:10](-[#6:13]1:[#6:14](:[#6:15](:[#6:16](-[#6:17](=[#8:18])-[#7:19]):[#6:56](:[#6:57]:1-[#1:178])-[#1:177])-[#1:147])-[#1:146])-[#1]	Any
EVODEX.2-Em270_0	Any;Any	[#6:1](-[#7:2](-[#6:3])-[#1])(-[#1:10])(-[#1:11])-[#1].[#8:8]=[#8:9]>>[#6:1](=[#8])(-[#1:10])-[#1:11].[#7:2](-[#6:3])(-[#1])-[#1].[#8:8](-[#8:9]-[#1])-[#1]	Any;Any;Any
EVODEX.2-Em271_0	Any	[#6](-[#7:2](-[#6:3])-[#1])(-[#1])(-[#1])-[#1]>>[#7:2](-[#6:3])(-[#1])-[#1]	Any
EVODEX.2-Em272_0	Any;Any	[#6](-[#7:2](-[#6@@:3])-[#1])(-[#1])(-[#1])-[#1].[#8:9]=[#8:10]>>[#7:2](-[#6@@:3])(-[#1])-[#1].[#8:9](-[#8:10]-[#1])-[#1]	Any;Any
EVODEX.2-Em273_0	Any	[#7:5](-[#6@:4])(-[#1])-[#1]>>[#6](-[#7:5](-[#6@@:4])-[#1])(-[#1])(-[#1])-[#1]	Any
EVODEX.2-Em274_0	Any;Any;Any	[#6:1](-[#7:2](-[#6@@:3])-[#1])(-[#1:14])(-[#1:15])-[#1].[#8:12]=[#8:13].[#8:11](-[#1])-[#1]>>[#6:1](=[#8:11])(-[#1:14])-[#1:15].[#7:2](-[#6@@:3])(-[#1])-[#1].[#8:12](-[#8:13]-[#1])-[#1]	Any;Any;Any
EVODEX.2-Em275_0	Any;Any	[#6:1](-[#7:2](-[#6@@:3])-[#1])(-[#1:14])(-[#1:15])-[#1].[#8:11](-[#1])-[#1]>>[#6:1](=[#8:11])(-[#1:14])-[#1:15].[#7:2](-[#6@@:3])(-[#1])-[#1]	Any;Any
EVODEX.2-Em276_0	Any;Any;Any	[#6:12]-[#7:13](-[#6:14](-[#6:15])(-[#1:44])-[#1])-[#1].[#8:22]=[#8:23].[#8:21](-[#1])-[#1]>>[#6:12]-[#7:13](-[#1])-[#1].[#6:14](-[#6:15])(=[#8:21])-[#1:44].[#8:22](-[#8:23]-[#1])-[#1]	Any;Any;Any
EVODEX.2-Em279_0	Any	[#6:47]-[#16:48]-[#16:49]-[#6:50]>>[#6:47]-[#16:48]-[#1].[#16:49](-[#6:50])-[#1]	Any;Any
EVODEX.2-Em280_0	Any;Any	[#6:6]-[#16:7]-[#16:8]-[#6:9].[#7:65]-[#6:66](=[#8:67])-[#6:68]1=[#6:69](-[#7:70](-[#6@@:71])-[#6:110](=[#6:111](-[#6:112]-1(-[#1:199])-[#1])-[#1:198])-[#1:197])-[#1:173]>>[#6:6]-[#16:7]-[#1].[#7:65]-[#6:66](=[#8:67])-[#6:68]1:[#6:69](:[#7&+:70](-[#6@@:71]):[#6:110](:[#6:111](:[#6:112]:1-[#1:199])-[#1:198])-[#1:197])-[#1:173].[#16:8](-[#6:9])-[#1]	Any;Any;Any
EVODEX.2-Em281_0	Any	[#6](-[#16&+:2](-[#6:3])-[#6:10])(-[#1])(-[#1])-[#1]>>[#16:2](-[#6:3])-[#6:10]	Any
EVODEX.2-Em283_0	Any	[#6:30]-[#16:31]-[#1]>>[#6](-[#16:31]-[#6:30])(-[#1])(-[#1])-[#1]	Any
EVODEX.2-Em284_0	Any;Any	[#6:17]-[#6:18](=[#8:19])-[#8:20]-[#1].[#6:21](-[#16&+:22](-[#6:23])-[#6:30])(-[#1:76])(-[#1:77])-[#1:78]>>[#6:17]-[#6:18](=[#8:19])-[#8:20]-[#6:21](-[#1:76])(-[#1:77])-[#1:78].[#16:22](-[#6:23])-[#6:30]	Any;Any
EVODEX.2-Em285_0	Any	[#6:25](-[#6@:18])(=[#8:26])-[#8:27]-[#1]>>[#6:25](-[#6@:18])(=[#8:26])-[#8:27]-[#6](-[#1])(-[#1])-[#1]	Any
EVODEX.2-Em286_0	Any;Any	[#6:60](-[#6@:13])(=[#8:61])-[#8:62]-[#1].[#6:63](-[#16&+](-[#6])-[#6])(-[#1:166])(-[#1:167])-[#1:168]>>[#6:60](-[#6@:13])(=[#8:61])-[#8:62]-[#6:63](-[#1:166])(-[#1:167])-[#1:168]	Any
EVODEX.2-Em287_0	Any;Any	[#6:1](-[#16&+](-[#6])-[#6])(-[#1:68])(-[#1:69])-[#1:70].[#8:67](-[#6@@:66])-[#1]>>[#6:1](-[#8:67]-[#6@@:66])(-[#1:68])(-[#1:69])-[#1:70]	Any
EVODEX.2-Em288_0	Any	[#7:9](-[#6@@:8])(-[#6:10])-[#1]>>[#7:9](-[#6@@:8])(-[#6](-[#1])(-[#1])-[#1])-[#6:10]	Any
EVODEX.2-Em289_0	Any;Any	[#7:19](-[#6@:10])(-[#6:20])-[#1].[#6:22](-[#16&+:23](-[#6:24])-[#6:31])(-[#1:68])(-[#1:69])-[#1:70]>>[#7:19](-[#6@:10])(-[#6:22](-[#1:68])(-[#1:69])-[#1:70])-[#6:20].[#16:23](-[#6:24])-[#6:31]	Any;Any
EVODEX.2-Em290_0	Any;Any	[#7:19](-[#6@:10])(-[#6:20])-[#1].[#6:22](-[#16&+](-[#6])-[#6])(-[#1:68])(-[#1:69])-[#1:70]>>[#7:19](-[#6@:10])(-[#6:22](-[#1:68])(-[#1:69])-[#1:70])-[#6:20]	Any
EVODEX.2-Em291_0	Any	[#6:38]-[#16:39]-[#6:40]>>[#6](-[#16&+:39](-[#6:38])-[#6:40])(-[#1])(-[#1])-[#1]	Any
EVODEX.2-Em292_0	Any;Any	[#8:2]-[#6:3]1:[#6:4](:[#6:5](:[#6:6](:[#6:7](:[#6:8]:1-[#8:9]-[#1])-[#1:57])-[#6@@:10])-[#6:25])-[#1:56].[#6:26](-[#16&+:27](-[#6:28])-[#6:35])(-[#1:76])(-[#1:77])-[#1:78]>>[#8:2]-[#6:3]1:[#6:4](:[#6:5](:[#6:6](:[#6:7](:[#6:8]:1-[#8:9]-[#6:26](-[#1:76])(-[#1:77])-[#1:78])-[#1:57])-[#6@@:10])-[#6:25])-[#1:56].[#16:27](-[#6:28])-[#6:35]	Any;Any
EVODEX.2-Em293_0	Any	[#8:2]-[#6:3]1:[#6:4](:[#6:5](:[#6:6](:[#6:7](:[#6:8]:1-[#8:9]-[#1])-[#1:57])-[#6@@:10])-[#6:25])-[#1:56]>>[#8:2]-[#6:3]1:[#6:4](:[#6:5](:[#6:6](:[#6:7](:[#6:8]:1-[#8:9]-[#6](-[#1])(-[#1])-[#1])-[#1:57])-[#6@@:10])-[#6:25])-[#1:56]	Any
EVODEX.2-Em294_0	Any;Any	[#6:1](-[#16&+](-[#6])-[#6])(-[#1:38])(-[#1:39])-[#1:40].[#7:34](-[#6@:33])(-[#1])-[#1]>>[#6:1](-[#7:34](-[#6@@:33])-[#1])(-[#1:38])(-[#1:39])-[#1:40]	Any
EVODEX.2-Em295_0	Any;Any	[#6:1](-[#16&+](-[#6])-[#6])(-[#1:49])(-[#1:50])-[#1:51].[#6:37]-[#6:38]1:[#6:39](:[#6:40](-[#8:41]-[#1]):[#6:42](-[#8:43]):[#6:44](:[#6:45]:1-[#6@@:34])-[#1:86])-[#1:83]>>[#6:1](-[#8:41]-[#6:40]1:[#6:39](:[#6:38](:[#6:45](:[#6:44](:[#6:42]:1-[#8:43])-[#1:86])-[#6@:34])-[#6:37])-[#1:83])(-[#1:49])(-[#1:50])-[#1:51]	Any
EVODEX.2-Em296_0	Any;Any	[#8:10](-[#6@@:9])-[#1].[#6:35](-[#16&+:36](-[#6:37])-[#6:44])(-[#1:86])(-[#1:87])-[#1:88]>>[#8:10](-[#6@@:9])-[#6:35](-[#1:86])(-[#1:87])-[#1:88].[#16:36](-[#6:37])-[#6:44]	Any;Any
EVODEX.2-Em297_0	Any;Any	[#6:1]-[#6:2](-[#6:3])=[#6:4](-[#6:5])-[#1].[#6:32](-[#16&+:33](-[#6:34])-[#6:41])(-[#1:109])(-[#1:110])-[#1]>>[#6:1]-[#6:2](-[#6:3])(-[#6:4](-[#6:5])=[#6:32](-[#1:109])-[#1:110])-[#1].[#16:33](-[#6:34])-[#6:41]	Any;Any
EVODEX.2-Em298_0	Any;Any	[#6:1]-[#6:2](-[#6:3])=[#6:4](-[#6:5])-[#1].[#6:32](-[#16&+](-[#6])-[#6])(-[#1:109])(-[#1:110])-[#1]>>[#6:1]-[#6:2](-[#6:3])(-[#6:4](-[#6:5])=[#6:32](-[#1:109])-[#1:110])-[#1]	Any
EVODEX.2-Em299_0	Any	[#6:2]/[#6:3](-[#6:4])=[#6:5](/[#6:6])-[#1]>>[#6:2]-[#6:3](-[#6:4])(-[#6:5](-[#6:6])=[#6](-[#1])-[#1])-[#1]	Any
EVODEX.2-Em300_0	Any;Any	[#6:1](-[#16&+:2](-[#6:3])-[#6:10])(-[#1:33])(-[#1:34])-[#1:35].[#7:28](-[#6:29])(-[#1])-[#1]>>[#6:1](-[#7:28](-[#6:29])-[#1])(-[#1:33])(-[#1:34])-[#1:35].[#16:2](-[#6:3])-[#6:10]	Any;Any
EVODEX.2-Em301_0	Any;Any	[#6:2]-[#6:3](-[#7](-[#1])-[#1])(-[#1:20])-[#1:21].[#7:5](-[#6@@:6])(-[#1])-[#1]>>[#6:2]-[#6:3](-[#7:5](-[#6@@:6])-[#1])(-[#1:20])-[#1:21]	Any
EVODEX.2-Em302_0	Any	[#6:38]-[#8:41]-[#1]>>[#6:38]-[#8:41]-[#6](-[#1])(-[#1])-[#1]	Any
EVODEX.2-Em303_0	Any;Any	[#7:1]-[#6:2]1:[#7:3]:[#6:4]2:[#6:5](:[#6:6](=[#8:7]):[#7:8]:1-[#1])-[#7:9]1-[#6:10](-[#7:11](-[#6:12]3:[#6:13](:[#6:14](:[#6:15](-[#6:16](=[#8:17])-[#7:18]):[#6:28](:[#6:29]:3-[#1:70])-[#1:69])-[#1:60])-[#1:59])-[#6:30]-[#6@:31]-1(-[#6:32]-[#7:33]-2)-[#1])(-[#1:57])-[#1:58].[#8:34]=[#6:35]1:[#6:36](:[#6:37](:[#7:38](-[#6@:39]):[#6:51](=[#8:52]):[#7:53]:1-[#1])-[#1:78])-[#1]>>[#6:10](-[#6:36]1:[#6:35](=[#8:34]):[#7:53](:[#6:51](=[#8:52]):[#7:38](-[#6@:39]):[#6:37]:1-[#1:78])-[#1])(-[#1:57])(-[#1:58])-[#1].[#7:1]-[#6:2]1:[#7:3]:[#6:4]2:[#6:5](:[#6:6](=[#8:7]):[#7:8]:1-[#1])-[#7:9]=[#6:31](-[#6:30]-[#7:11](-[#6:12]1:[#6:13](:[#6:14](:[#6:15](-[#6:16](=[#8:17])-[#7:18]):[#6:28](:[#6:29]:1-[#1:70])-[#1:69])-[#1:60])-[#1:59])-[#1])-[#6:32]-[#7:33]-2	Any;Any
EVODEX.2-Em304_0	Any;Any	[#6:1](-[#6:2]1:[#6:3](:[#7:4](-[#6@:5]):[#6:17](=[#8:18]):[#7:19](:[#6:20]:1=[#8:21])-[#1])-[#1:93])(-[#1:90])(-[#1:91])-[#1].[#7:22]-[#6:23]1:[#7:24]:[#6:25]2:[#6:26](:[#6:27](=[#8:28]):[#7:29]:1-[#1])-[#7:30]=[#6:31](-[#6:32]-[#7:33](-[#6:34]1:[#6:35](:[#6:36](:[#6:37](-[#6:38](=[#8:39])-[#7:40]):[#6:86](:[#6:87]:1-[#1:150])-[#1:149])-[#1:112])-[#1:111])-[#1])-[#6:88]-[#7:89]-2>>[#6:1]1(-[#7:30]2-[#6:26]3:[#6:25](:[#7:24]:[#6:23](-[#7:22]):[#7:29](:[#6:27]:3=[#8:28])-[#1])-[#7:89]-[#6:88]-[#6@@:31]-2(-[#6:32]-[#7:33]-1-[#6:34]1:[#6:35](:[#6:36](:[#6:37](-[#6:38](=[#8:39])-[#7:40]):[#6:86](:[#6:87]:1-[#1:150])-[#1:149])-[#1:112])-[#1:111])-[#1])(-[#1:90])-[#1:91].[#6:2]1(:[#6:3](:[#7:4](-[#6@:5]):[#6:17](=[#8:18]):[#7:19](:[#6:20]:1=[#8:21])-[#1])-[#1:93])-[#1]	Any;Any
EVODEX.2-Em305_0	Any	[#7:35](-[#6@:36])(-[#1])-[#1]>>[#6](=[#8])(-[#7:35](-[#6@:36])-[#1])-[#1]	Any
EVODEX.2-Em306_0	Any;Any	[#8:47](-[#6@@:46])-[#1].[#8:78](-[#6@@:77])-[#15:79](=[#8:80])(-[#8:81])-[#8:82]>>[#8:47](-[#6@@:46])-[#15:79](=[#8:80])(-[#8:81])-[#8:82].[#8:78](-[#6@@:77])-[#1]	Any;Any
EVODEX.2-Em307_0	Any;Any	[#6:8]-[#7:9](-[#1])-[#1].[#7:13]-[#6:14](=[#8:15])-[#8:16]-[#15:17](=[#8:18])(-[#8:19])-[#8:20]>>[#6:8]-[#7:9](-[#6:14](-[#7:13])=[#8:15])-[#1].[#8:16](-[#15:17](=[#8:18])(-[#8:19])-[#8:20])-[#1]	Any;Any
EVODEX.2-Em308_0	Any;Any	[#6:8]-[#7:9](-[#1])-[#1].[#7:13]-[#6:14](=[#8:15])-[#8]-[#15](=[#8])(-[#8])-[#8]>>[#6:8]-[#7:9](-[#6:14](-[#7:13])=[#8:15])-[#1]	Any
EVODEX.2-Em309_0	Any	[#7:9](-[#6:10])(-[#1])-[#1]>>[#7]-[#6](=[#8])-[#7:9](-[#6:10])-[#1]	Any
EVODEX.2-Em310_0	Any	[#7]-[#6](=[#8])-[#7:4](-[#6:5])-[#1]>>[#7:4](-[#6:5])(-[#1])-[#1]	Any
EVODEX.2-Em311_0	Any;Any	[#7:13](-[#6:14])(-[#1])-[#1].[#7:1](=[#6:2](-[#7:3])-[#7:4](-[#6:5])-[#1])-[#1]>>[#7:4](-[#6:5])(-[#1])-[#1].[#7:1](=[#6:2](-[#7:3])-[#7:13](-[#6:14])-[#1])-[#1]	Any;Any
EVODEX.2-Em312_0	Any	[#7](=[#6](-[#7])-[#7:4](-[#6:5])-[#1])-[#1]>>[#7:4](-[#6:5])(-[#1])-[#1]	Any
EVODEX.2-Em313_0	Any	[#7:13](-[#6:14])(-[#1])-[#1]>>[#7](=[#6](-[#7])-[#7:13](-[#6:14])-[#1])-[#1]	Any
EVODEX.2-Em314_0	Any;Any	[#8:15]=[#6:16](-[#6@:17])-[#1:29].[#8:1]=[#6:2](-[#6:3])-[#6@@](-[#8])(-[#6@])-[#1]>>[#8:1]=[#6:2](-[#6:3])-[#6@@:16](-[#8:15]-[#1])(-[#6@:17])-[#1:29]	Any
EVODEX.2-Em315_0	Any;Any	[#8:1]=[#6:2](-[#8:3]-[#1])-[#6:4](=[#8:5])-[#6:6].[#8:8]=[#6:9](-[#6:10])-[#1:21]>>[#6:4](=[#8:5])(-[#6:6])-[#6@@:9](-[#8:8]-[#1])(-[#6:10])-[#1:21].[#8:1]=[#6:2]=[#8:3]	Any;Any
EVODEX.2-Em316_0	Any;Any	[#8]=[#6](-[#8])-[#6:4](=[#8:5])-[#6:6].[#8:8]=[#6:9](-[#6:10])-[#1:21]>>[#6:4](=[#8:5])(-[#6:6])-[#6@@:9](-[#8:8]-[#1])(-[#6:10])-[#1:21]	Any
EVODEX.2-Em318_0	Any	[#6:2]-[#6:4](=[#8:5])-[#6](=[#8])-[#8]>>[#6:2]-[#6:4](=[#8:5])-[#1]	Any
EVODEX.2-Em319_0	Any	[#6:2]-[#6:4](=[#8:5])-[#6:6](=[#8:7])-[#8:8]-[#1]>>[#6:6](=[#8:7])=[#8:8].[#6:2]-[#6:4](=[#8:5])-[#1]	Any;Any
EVODEX.2-Em322_0	Any;Any	[#8:2]-[#6:3]1:[#6:4](:[#6:5](/[#6:6](=[#6:7](/[#6:8](=[#8:9])-[#16:10]-[#6:11])-[#1:75])-[#1:74]):[#6:58](:[#6:59](:[#6:60]:1-[#8:61])-[#1:112])-[#1:111])-[#1:73].[#6:65]-[#8:66]-[#1]>>[#8:2]-[#6:3]1:[#6:4](:[#6:5](/[#6:6](=[#6:7](/[#6:8](=[#8:9])-[#8:66]-[#6:65])-[#1:75])-[#1:74]):[#6:58](:[#6:59](:[#6:60]:1-[#8:61])-[#1:112])-[#1:111])-[#1:73].[#16:10](-[#6:11])-[#1]	Any;Any
EVODEX.2-Em324_0	Any;Any	[#6:47]-[#16:48]-[#1].[#8:77](-[#6@@:76])-[#6:78](-[#6:79])=[#8:80]>>[#6:47]-[#16:48]-[#6:78](-[#6:79])=[#8:80].[#8:77](-[#6@@:76])-[#1]	Any;Any
EVODEX.2-Em325_0	Any;Any	[#6:47]-[#16:48]-[#6:49](=[#8:50])-[#6:51].[#7:65](-[#6@:64])(-[#1])-[#1]>>[#6:49](=[#8:50])(-[#6:51])-[#7:65](-[#6@@:64])-[#1].[#6:47]-[#16:48]-[#1]	Any;Any
EVODEX.2-Em327_0	Any;Any	[#6:47]-[#16:48]-[#6:49](=[#8:50])/[#6:51](=[#6:52](/[#6:53]1:[#6:54](:[#6:55](:[#6:56](-[#8:57]):[#6:58](-[#8:59]):[#6:60]:1-[#1:112])-[#1:109])-[#1:108])-[#1:107])-[#1:106].[#7:61](-[#6:62])(-[#1])-[#1]>>[#6:49](=[#8:50])(/[#6:51](=[#6:52](/[#6:53]1:[#6:54](:[#6:55](:[#6:56](-[#8:57]):[#6:58](-[#8:59]):[#6:60]:1-[#1:112])-[#1:109])-[#1:108])-[#1:107])-[#1:106])-[#7:61](-[#6:62])-[#1].[#6:47]-[#16:48]-[#1]	Any;Any
EVODEX.2-Em328_0	Any;Any	[#8:2]-[#6:3]1:[#6:4](:[#6:5](/[#6:6](=[#6:7](/[#6:8](=[#8:9])-[#16]-[#6])-[#1:78])-[#1:77]):[#6:58](:[#6:59](:[#6:60]:1-[#8:61])-[#1:115])-[#1:114])-[#1:76].[#7:62](-[#6:63])(-[#1])-[#1]>>[#8:2]-[#6:3]1:[#6:4](:[#6:5](/[#6:6](=[#6:7](/[#6:8](=[#8:9])-[#7:62](-[#6:63])-[#1])-[#1:78])-[#1:77]):[#6:58](:[#6:59](:[#6:60]:1-[#8:61])-[#1:115])-[#1:114])-[#1:76]	Any
EVODEX.2-Em330_0	Any;Any	[#6]-[#16]-[#6:49](=[#8:50])-[#6:51].[#7:56](-[#6:57])(-[#1])-[#1]>>[#6:49](=[#8:50])(-[#6:51])-[#7:56](-[#6:57])-[#1]	Any
EVODEX.2-Em331_0	Any;Any	[#6:2]-[#6:3](=[#8:4])-[#16]-[#6].[#7:65]-[#8:66]-[#1]>>[#6:2]-[#6:3](=[#8:4])-[#8:66]-[#7:65]	Any
EVODEX.2-Em332_0	Any;Any	[#6:47]-[#16:48]-[#6:49](=[#8:50])-[#6:51].[#7:67]-[#8:68]-[#1]>>[#6:49](=[#8:50])(-[#6:51])-[#8:68]-[#7:67].[#6:47]-[#16:48]-[#1]	Any;Any
EVODEX.2-Em333_0	Any;Any	[#6:62]-[#16:63]-[#1].[#6:1]-[#6:2](=[#8:3])-[#16:4]-[#6:5]>>[#6:1]-[#6:2](=[#8:3])-[#16:63]-[#6:62].[#16:4](-[#6:5])-[#1]	Any;Any
EVODEX.2-Em334_0	Any;Any	[#6:28]-[#6:60](=[#8:61])-[#8:62]-[#6:63].[#6:155]-[#8:156]-[#1]>>[#6:28]-[#6:60](=[#8:61])-[#8:156]-[#6:155].[#8:62](-[#6:63])-[#1]	Any;Any
EVODEX.2-Em335_0	Any;Any	[#8:2]-[#6:3]1:[#6:4](:[#6:5](/[#6:6](=[#6:7](/[#6:8](=[#8:9])-[#16]-[#6])-[#1:80])-[#1:79]):[#6:58](:[#6:59](:[#6:60]:1-[#8:61])-[#1:117])-[#1:116])-[#1:78].[#6:70]-[#8:71]-[#1]>>[#8:2]-[#6:3]1:[#6:4](:[#6:5](/[#6:6](=[#6:7](/[#6:8](=[#8:9])-[#8:71]-[#6:70])-[#1:80])-[#1:79]):[#6:58](:[#6:59](:[#6:60]:1-[#8:61])-[#1:117])-[#1:116])-[#1:78]	Any
EVODEX.2-Em337_0	Any	[#6:61]-[#7:62](-[#1])-[#1]>>[#6](=[#8])(-[#6]1:[#6](:[#6](:[#6](:[#6](:[#6]:1-[#1])-[#1])-[#1])-[#1])-[#1])-[#7:62](-[#6:61])-[#1]	Any
EVODEX.2-Em338_0	Any	[#6:4]-[#6:5](=[#8:6])-[#16]-[#6]>>[#6:4]-[#6:5](=[#8:6])-[#7](-[#6])-[#1]	Any
EVODEX.2-Em339_0	Any	[#8:68](-[#6@@:67])-[#1]>>[#8]-[#6]1:[#6](:[#6](/[#6](=[#6](/[#6](=[#8])-[#8:68]-[#6@:67])-[#1])-[#1]):[#6](:[#6](-[#8]):[#6]:1-[#8])-[#1])-[#1]	Any
EVODEX.2-Em340_0	Any;Any	[#6:47]-[#16:48]-[#6:49](=[#8:50])/[#6:51](=[#6:52](/[#6:53]1:[#6:54](:[#6:55](:[#6:56](-[#8:57]):[#6:58](:[#6:59]:1-[#1:115])-[#1:114])-[#1:112])-[#1:111])-[#1:110])-[#1:109].[#8:64](-[#6@@:63])-[#1]>>[#6:49](=[#8:50])(/[#6:51](=[#6:52](/[#6:53]1:[#6:54](:[#6:55](:[#6:56](-[#8:57]):[#6:58](:[#6:59]:1-[#1:115])-[#1:114])-[#1:112])-[#1:111])-[#1:110])-[#1:109])-[#8:64]-[#6@:63].[#6:47]-[#16:48]-[#1]	Any;Any
EVODEX.2-Em341_0	Any	[#8:70](-[#6@:69])-[#1]>>[#6](=[#8])(/[#6](=[#6](/[#6]1:[#6](:[#6](:[#6](-[#8]):[#6](:[#6]:1-[#1])-[#1])-[#1])-[#1])-[#1])-[#1])-[#8:70]-[#6@:69]	Any
EVODEX.2-Em342_0	Any;Any	[#6]-[#16]-[#6:49](=[#8:50])/[#6:51](=[#6:52](/[#6:53]1:[#6:54](:[#6:55](:[#6:56](-[#8:57]):[#6:58](:[#6:59]:1-[#1:110])-[#1:109])-[#1:107])-[#1:106])-[#1:105])-[#1:104].[#8:65](-[#6@:64])-[#1]>>[#6:49](=[#8:50])(/[#6:51](=[#6:52](/[#6:53]1:[#6:54](:[#6:55](:[#6:56](-[#8:57]):[#6:58](:[#6:59]:1-[#1:110])-[#1:109])-[#1:107])-[#1:106])-[#1:105])-[#1:104])-[#8:65]-[#6@@:64]	Any
EVODEX.2-Em343_0	Any	[#8]-[#6]1:[#6](:[#6](/[#6](=[#6](/[#6](=[#8])-[#8:58]-[#6@@:59])-[#1])-[#1]):[#6](:[#6](:[#6]:1-[#8])-[#1])-[#1])-[#1]>>[#8:58](-[#6@@:59])-[#1]	Any
EVODEX.2-Em345_0	Any	[#6:17]-[#6:18](=[#8:19])-[#16]-[#6]>>[#6:17]-[#6:18](=[#8:19])-[#8]-[#6]	Any
EVODEX.2-Em347_0	Any;Any	[#6:1](-[#6:2](=[#8:3])-[#16:4])(-[#1:115])(-[#1:116])-[#1].[#6:64]-[#6:65](=[#8:66])-[#16:67]-[#6:68]>>[#6:1](-[#6:2](=[#8:3])-[#16:4])(-[#6:65](-[#6:64])=[#8:66])(-[#1:115])-[#1:116].[#16:67](-[#6:68])-[#1]	Any;Any
EVODEX.2-Em348_0	Any	[#6:64]-[#6:65](=[#8:66])-[#16:67]-[#6:68]>>[#6](-[#6](=[#8])-[#16])(-[#6:65](-[#6:64])=[#8:66])(-[#1])-[#1].[#16:67](-[#6:68])-[#1]	Any;Any
EVODEX.2-Em349_0	Any;Any	[#6:47]-[#16:48]-[#1].[#6:61]-[#6:62](=[#8:63])-[#6:64](-[#6:65](=[#8:66])-[#16:67])(-[#1:178])-[#1:179]>>[#6:47]-[#16:48]-[#6:62](-[#6:61])=[#8:63].[#6:64](-[#6:65](=[#8:66])-[#16:67])(-[#1:178])(-[#1:179])-[#1]	Any;Any
EVODEX.2-Em350_0	Any;Any	[#6:1](-[#6:2](=[#8:3])-[#16:4])(-[#1:105])(-[#1:106])-[#1].[#6:54]-[#6:55](=[#8:56])-[#16]-[#6]>>[#6:1](-[#6:2](=[#8:3])-[#16:4])(-[#6:55](-[#6:54])=[#8:56])(-[#1:105])-[#1:106]	Any
EVODEX.2-Em351_0	Any	[#6:53]-[#6:54](=[#8:55])-[#6:56](-[#6:57](=[#8:58])-[#16:59])(-[#1:154])-[#1:155]>>[#6]-[#16]-[#6:54](-[#6:53])=[#8:55].[#6:56](-[#6:57](=[#8:58])-[#16:59])(-[#1:154])(-[#1:155])-[#1]	Any;Any
EVODEX.2-Em352_0	Any;Any	[#6:1]-[#6:2](=[#8:3])-[#16]-[#6].[#8:52](-[#1])-[#1]>>[#6:1]-[#6:2](=[#8:3])-[#8:52]-[#1]	Any
EVODEX.2-Em353_0	Any	[#6:5]-[#6:6](=[#8:7])-[#16]-[#6]>>[#6:5]-[#6:6](=[#8:7])-[#8]-[#1]	Any
EVODEX.2-Em356_0	Any;Any	[#8:26](-[#6@:25])-[#1].[#6:87]-[#16:88]-[#6:89](=[#8:90])-[#6:91]1:[#6:92](:[#6:93](:[#6:94](:[#6:95](:[#6:96]:1-[#1:174])-[#1:173])-[#1:172])-[#1:171])-[#1:170]>>[#8:26](-[#6@:25])-[#6:89](=[#8:90])-[#6:91]1:[#6:92](:[#6:93](:[#6:94](:[#6:95](:[#6:96]:1-[#1:174])-[#1:173])-[#1:172])-[#1:171])-[#1:170].[#6:87]-[#16:88]-[#1]	Any;Any
EVODEX.2-Em357_0	Any;Any	[#6:1](=[#6:2](-[#8:3]-[#6:4](-[#6:5])=[#8:6])-[#1:48])(-[#1:46])-[#1:47].[#8:23](-[#6@:22])-[#1]>>[#6:4](-[#6:5])(=[#8:6])-[#8:23]-[#6@:22].[#6:1](=[#6:2](-[#8:3]-[#1])-[#1:48])(-[#1:46])-[#1:47]	Any;Any
EVODEX.2-Em358_0	Any;Any	[#6:2]-[#6:6](=[#8:7])-[#16:8]-[#6:9].[#8:56](-[#6:57])-[#1]>>[#6:2]-[#6:6](=[#8:7])-[#8:56]-[#6:57].[#16:8](-[#6:9])-[#1]	Any;Any
EVODEX.2-Em360_0	Any;Any	[#6:41]-[#8:42]-[#1].[#6:6]-[#16:7]-[#6:8](=[#8:9])/[#6:10](-[#6:11])=[#6:12](/[#6:13])-[#1:85]>>[#6:8](=[#8:9])(/[#6:10](-[#6:11])=[#6:12](/[#6:13])-[#1:85])-[#8:42]-[#6:41].[#6:6]-[#16:7]-[#1]	Any;Any
EVODEX.2-Em361_0	Any;Any	[#6:1]/[#6:2](=[#6:3](\[#6:4])-[#6:5](=[#8:6])-[#16]-[#6])-[#1:69].[#6:63]-[#8:64]-[#1]>>[#6:1]/[#6:2](=[#6:3](\[#6:4])-[#6:5](=[#8:6])-[#8:64]-[#6:63])-[#1:69]	Any
EVODEX.2-Em363_0	Any;Any	[#6:1]-[#6:2](=[#8:3])-[#16]-[#6].[#8:52](-[#6:53](-[#6:54])(-[#6:59])-[#1:103])-[#1]>>[#6:1]-[#6:2](=[#8:3])-[#8:52]-[#6@@:53](-[#6:54])(-[#6:59])-[#1:103]	Any
EVODEX.2-Em364_0	Any;Any	[#6:3]-[#6:4](=[#8:5])-[#16]-[#6].[#8:54]=[#15:55](-[#8:56]-[#1])(-[#8:57])-[#8:58]>>[#6:3]-[#6:4](=[#8:5])-[#8:56]-[#15:55](=[#8:54])(-[#8:57])-[#8:58]	Any
EVODEX.2-Em365_0	Any	[#6:3]-[#6:4](=[#8:5])-[#16]-[#6]>>[#6:3]-[#6:4](=[#8:5])-[#8]-[#15](=[#8])(-[#8])-[#8]	Any
EVODEX.2-Em366_0	Any	[#6:3]-[#6:4](=[#8:5])-[#16:6]-[#6:7]>>[#6:3]-[#6:4](=[#8:5])-[#8]-[#15](=[#8])(-[#8])-[#8].[#16:6](-[#6:7])-[#1]	Any;Any
EVODEX.2-Em367_0	Any;Any	[#6:1]-[#6:2](=[#8:3])-[#16:4]-[#6:5].[#8:52]=[#15:53](-[#8:54]-[#1])(-[#8:55])-[#8:56]>>[#6:1]-[#6:2](=[#8:3])-[#8:54]-[#15:53](=[#8:52])(-[#8:55])-[#8:56].[#16:4](-[#6:5])-[#1]	Any;Any
EVODEX.2-Em368_0	Any	[#8:57](-[#6:58])-[#1]>>[#6](=[#8])(-[#6]1:[#6](:[#6](:[#6](:[#6](:[#6]:1-[#1])-[#1])-[#1])-[#1])-[#1])-[#8:57]-[#6:58]	Any
EVODEX.2-Em369_0	Any;Any	[#6:45]-[#16:46]-[#1].[#6:64]-[#6:65](=[#8:66])-[#16]-[#6]>>[#6:45]-[#16:46]-[#6:65](-[#6:64])=[#8:66]	Any
EVODEX.2-Em370_0	Any;Any	[#6:19]-[#6@@:20](-[#8:21]-[#1])(-[#6:22])-[#1:131].[#6:47]-[#6:48](=[#8:49])-[#16:50]-[#6:51]>>[#6:19]-[#6:20](-[#8:21]-[#6:48](-[#6:47])=[#8:49])(-[#6:22])-[#1:131].[#16:50](-[#6:51])-[#1]	Any;Any
EVODEX.2-Em371_0	Any;Any	[#6:1]-[#6:2](=[#8:3])-[#16:4]-[#6:5].[#6:57]-[#7:58](-[#6@@:55])-[#1]>>[#6:1]-[#6:2](=[#8:3])-[#7:58](-[#6@:55])-[#6:57].[#16:4](-[#6:5])-[#1]	Any;Any
EVODEX.2-Em372_0	Any	[#6:56]-[#7:57](-[#6:58])-[#1]>>[#6]-[#6](=[#8])-[#7:57](-[#6:56])-[#6:58]	Any
EVODEX.2-Em373_0	Any	[#6:1]-[#6:2](=[#8:3])-[#8:4]-[#6:5]>>[#6:1]-[#6:2](=[#8:3])-[#16]-[#6].[#8:4](-[#6:5])-[#1]	Any;Any
EVODEX.2-Em374_0	Any;Any	[#6:1]-[#6:2](=[#8:3])-[#7:4](-[#6@@:5])-[#1].[#7:13](-[#6@@:14])(-[#1])-[#1]>>[#6:1]-[#6:2](=[#8:3])-[#7:13](-[#6@@:14])-[#1].[#7:4](-[#6@@:5])(-[#1])-[#1]	Any;Any
EVODEX.2-Em376_0	Any;Any	[#6:1]-[#6:2](=[#8:3])-[#16]-[#6].[#6:58]-[#7:59](-[#6@:55])-[#1]>>[#6:1]-[#6:2](=[#8:3])-[#7:59](-[#6@@:55])-[#6:58]	Any
EVODEX.2-Em377_0	Any;Any	[#6]-[#16]-[#6:49](=[#8:50])-[#6:51].[#6:59]-[#6@:60](-[#7:61])(-[#6](=[#8])-[#8])-[#1:114]>>[#6:49](=[#8:50])(-[#6:51])-[#6:60](-[#6:59])(-[#7:61])-[#1:114]	Any
EVODEX.2-Em378_0	Any;Any	[#6]-[#16]-[#6:49](=[#8:50])-[#6:51].[#6:59]-[#6@:60](-[#7:61])(-[#6:62](=[#8:63])-[#8:64]-[#1])-[#1:114]>>[#6:49](=[#8:50])(-[#6:51])-[#6:60](-[#6:59])(-[#7:61])-[#1:114].[#6:62](=[#8:63])=[#8:64]	Any;Any
EVODEX.2-Em379_0	Any;Any	[#6:1]-[#6:2](=[#8:3])-[#16:4]-[#6:5].[#6:58]-[#6@:59](-[#7:60])(-[#6:61](=[#8:62])-[#8:63]-[#1])-[#1:112]>>[#6:61](=[#8:62])=[#8:63].[#6:1]-[#6:2](=[#8:3])-[#6@:59](-[#6:58])(-[#7:60])-[#1:112].[#16:4](-[#6:5])-[#1]	Any;Any;Any
EVODEX.2-Em380_0	Any;Any	[#6:2]-[#6:4](=[#8:5])-[#16:6]-[#6:7].[#6:60]-[#6@:61](-[#7:62])(-[#6](=[#8])-[#8])-[#1:118]>>[#6:2]-[#6:4](=[#8:5])-[#6@:61](-[#6:60])(-[#7:62])-[#1:118].[#16:6](-[#6:7])-[#1]	Any;Any
EVODEX.2-Em381_0	Any;Any	[#7:11](-[#6@:12])(-[#1])-[#1].[#7:1](-[#6:2](=[#8:3])-[#6:4])(-[#1])-[#1]>>[#6:2](=[#8:3])(-[#6:4])-[#7:11](-[#6@:12])-[#1].[#7:1](-[#1])(-[#1])-[#1]	Any;Any
EVODEX.2-Em382_0	Any;Any	[#7:11](-[#6:12])(-[#1])-[#1].[#7](-[#6:2](=[#8:3])-[#6:4])(-[#1])-[#1]>>[#6:2](=[#8:3])(-[#6:4])-[#7:11](-[#6:12])-[#1]	Any
EVODEX.2-Em383_0	Any;Any	[#6:17]-[#6:18](=[#8:19])-[#7:20](-[#6:21]1:[#6:22](:[#6:23](:[#6:24](-[#7&+:25](=[#8:26])-[#8&-:27]):[#6:28](:[#6:29]:1-[#1:44])-[#1:43])-[#1:42])-[#1:41])-[#1].[#7:1](-[#6:2])(-[#1])-[#1]>>[#7:20](-[#6:21]1:[#6:22](:[#6:23](:[#6:24](-[#7&+:25](=[#8:26])-[#8&-:27]):[#6:28](:[#6:29]:1-[#1:44])-[#1:43])-[#1:42])-[#1:41])(-[#1])-[#1].[#7:1](-[#6:2])(-[#6:18](-[#6:17])=[#8:19])-[#1]	Any;Any
EVODEX.2-Em384_0	Any;Any	[#6:17]-[#6:18](=[#8:19])-[#7](-[#6]1:[#6](:[#6](:[#6](-[#7&+](=[#8])-[#8&-]):[#6](:[#6]:1-[#1])-[#1])-[#1])-[#1])-[#1].[#7:1](-[#6:2])(-[#1])-[#1]>>[#7:1](-[#6:2])(-[#6:18](-[#6:17])=[#8:19])-[#1]	Any
EVODEX.2-Em385_0	Any	[#6:4]-[#6:5](=[#8:6])-[#7:7](-[#6:8]1:[#6:9](:[#6:10](:[#6:11](-[#7&+:12](=[#8:13])-[#8&-:14]):[#6:15](-[#6:16](=[#8:17])-[#8:18]):[#6:19]:1-[#1:35])-[#1:33])-[#1:32])-[#1]>>[#6:4]-[#6:5](=[#8:6])-[#8]-[#1].[#7:7](-[#6:8]1:[#6:9](:[#6:10](:[#6:11](-[#7&+:12](=[#8:13])-[#8&-:14]):[#6:15](-[#6:16](=[#8:17])-[#8:18]):[#6:19]:1-[#1:35])-[#1:33])-[#1:32])(-[#1])-[#1]	Any;Any
EVODEX.2-Em386_0	Any	([#7:18](-[#6@@:17])(-[#1])-[#1].[#6:20]-[#6:21](-[#7:22](-[#1])-[#1])=[#8:23])>>[#7:18](-[#6@:17])(-[#6:21](=[#8:23])-[#6:20])-[#1].[#7:22](-[#1])(-[#1])-[#1]	Any;Any
EVODEX.2-Em387_0	Any	[#7:7]-[#6:8](=[#8:9])-[#6@@:10](-[#7](-[#1])-[#1])(-[#6:12]-[#6:13]-[#6:14](-[#7:15](-[#1])-[#1])=[#8:16])-[#1:28]>>[#7:7]-[#6:8](=[#8:9])-[#6@@:10]1(-[#6:12]-[#6:13]-[#6:14](=[#8:16])-[#7:15]-1-[#1])-[#1:28]	Any
EVODEX.2-Em388_0	Any	[#7:1](-[#6:2](=[#8:3])-[#6:4]-[#6:5]-[#6@:6](-[#7:7](-[#1])-[#1])(-[#6:8](=[#8:9])-[#7:10])-[#1:21])(-[#1])-[#1]>>[#7:7](-[#1])(-[#1])-[#1].[#7:1]1(-[#6:2](=[#8:3])-[#6:4]-[#6:5]-[#6@:6]-1(-[#6:8](=[#8:9])-[#7:10])-[#1:21])-[#1]	Any;Any
EVODEX.2-Em389_0	Any	([#7:16](-[#6@@:15])(-[#1])-[#1].[#6:18]-[#6:19](-[#7](-[#1])-[#1])=[#8:21])>>[#7:16](-[#6@:15])(-[#6:19](=[#8:21])-[#6:18])-[#1]	Any
EVODEX.2-Em390_0	Any;Any	[#6:4]-[#6:5](=[#8:6])-[#7:7](-[#7:8])-[#1].[#8:20](-[#1])-[#1]>>[#6:4]-[#6:5](=[#8:6])-[#8:20]-[#1].[#7:7](-[#7:8])(-[#1])-[#1]	Any;Any
EVODEX.2-Em391_0	Any	[#6:4]-[#6:5](=[#8:6])-[#7:7](-[#7:8])-[#1]>>[#6:4]-[#6:5](=[#8:6])-[#8]-[#1].[#7:7](-[#7:8])(-[#1])-[#1]	Any;Any
EVODEX.2-Em392_0	Any;Any	[#6:1](-[#6:2](=[#8:3])-[#16:4]-[#6:5])(-[#1:62])(-[#1:63])-[#1].[#6:56]-[#6:57](=[#8:58])-[#6:59](=[#8:60])-[#8:61]>>[#6:1](-[#6:2](=[#8:3])-[#8]-[#1])(-[#6:57](-[#6:56])(-[#8:58]-[#1])-[#6:59](=[#8:60])-[#8:61])(-[#1:62])-[#1:63].[#16:4](-[#6:5])-[#1]	Any;Any
EVODEX.2-Em393_0	Any;Any	[#6:1](-[#6:2](=[#8:3])-[#16]-[#6])(-[#1:62])(-[#1:63])-[#1].[#6:56]-[#6:57](=[#8:58])-[#6:59](=[#8:60])-[#8:61]>>[#6:1](-[#6:2](=[#8:3])-[#8]-[#1])(-[#6:57](-[#6:56])(-[#8:58]-[#1])-[#6:59](=[#8:60])-[#8:61])(-[#1:62])-[#1:63]	Any
EVODEX.2-Em394_0	Any	[#6:56]-[#6:57](=[#8:58])-[#6:59](=[#8:60])-[#8:61]>>[#6](-[#6](=[#8])-[#8])(-[#6:57](-[#6:56])(-[#8:58]-[#1])-[#6:59](=[#8:60])-[#8:61])(-[#1])-[#1]	Any
EVODEX.2-Em395_0	Any;Any;Any	[#6:1](-[#6:2](=[#8:3])-[#16]-[#6])(-[#1:62])(-[#1:63])-[#1].[#6:56]-[#6:57](=[#8:58])-[#6:59](=[#8:60])-[#8:61].[#8:52](-[#1])-[#1]>>[#6:1](-[#6:2](=[#8:3])-[#8:52]-[#1])(-[#6:57](-[#6:56])(-[#8:58]-[#1])-[#6:59](=[#8:60])-[#8:61])(-[#1:62])-[#1:63]	Any
EVODEX.2-Em396_0	Any;Any;Any	[#6:1](-[#6:2](=[#8:3])-[#16:4]-[#6:5])(-[#1:61])(-[#1:62])-[#1].[#6:53]-[#6:55](=[#8:56])-[#6:57](=[#8:58])-[#8:59].[#8:60](-[#1])-[#1]>>[#6:1](-[#6:2](=[#8:3])-[#8:60]-[#1])(-[#6@@:55](-[#6:53])(-[#8:56]-[#1])-[#6:57](=[#8:58])-[#8:59])(-[#1:61])-[#1:62].[#16:4](-[#6:5])-[#1]	Any;Any
EVODEX.2-Em397_0	Any;Any	[#6:54]-[#6:55](=[#8:56])-[#6:57](=[#8:58])-[#8:59].[#8:60](-[#1])-[#1]>>[#6](-[#6](=[#8])-[#8:60]-[#1])(-[#6:55](-[#6:54])(-[#8:56]-[#1])-[#6:57](=[#8:58])-[#8:59])(-[#1])-[#1]	Any
EVODEX.2-Em398_0	Any;Any;Any	[#6:2]-[#6:4](=[#8:5])-[#6:6](=[#8:7])-[#8:8].[#6:9]-[#6:10](-[#6:11](=[#8:12])-[#16:13]-[#6:14])(-[#1:73])-[#1].[#8:61](-[#1])-[#1]>>[#6:2]-[#6:4](-[#8:5]-[#1])(-[#6:6](=[#8:7])-[#8:8])-[#6:10](-[#6:9])(-[#6:11](=[#8:12])-[#8:61]-[#1])-[#1:73].[#16:13](-[#6:14])-[#1]	Any;Any
EVODEX.2-Em399_0	Any;Any	[#6:2]-[#6:4](=[#8:5])-[#6:6](=[#8:7])-[#8:8].[#6:9]-[#6:10](-[#6:11](=[#8:12])-[#16]-[#6])(-[#1:73])-[#1]>>[#6:2]-[#6:4](-[#8:5]-[#1])(-[#6:6](=[#8:7])-[#8:8])-[#6:10](-[#6:9])(-[#6:11](=[#8:12])-[#8]-[#1])-[#1:73]	Any
EVODEX.2-Em400_0	Any;Any;Any	[#6:2]-[#6:4](=[#8:5])-[#6:6](=[#8:7])-[#8:8].[#6:10]-[#6:11](-[#6:12](=[#8:13])-[#16]-[#6])(-[#1:76])-[#1].[#8:62](-[#1])-[#1]>>[#6:2]-[#6:4](-[#8:5]-[#1])(-[#6:6](=[#8:7])-[#8:8])-[#6:11](-[#6:10])(-[#6:12](=[#8:13])-[#8:62]-[#1])-[#1:76]	Any
EVODEX.2-Em401_0	Any;Any	[#6:8]-[#6:9](-[#6:10](=[#8:11])-[#16:12]-[#6:13])(-[#1:87])-[#1].[#6:64]-[#6:65](=[#8:66])-[#6:67](=[#8:68])-[#8:69]>>[#6:8]-[#6:9](-[#6:10](=[#8:11])-[#8]-[#1])(-[#6:65](-[#6:64])(-[#8:66]-[#1])-[#6:67](=[#8:68])-[#8:69])-[#1:87].[#16:12](-[#6:13])-[#1]	Any;Any
EVODEX.2-Em402_0	Any;Any	[#6:47]-[#16:48]-[#1].[#8:67]-[#15:68](=[#8:69])(-[#8:70])-[#8:71]-[#15:72](=[#8:73])(-[#8:74])-[#8:75]>>[#6:47]-[#16:48]-[#6](-[#6])=[#8].[#8:67]-[#15:68](=[#8:69])(-[#8:70])-[#8]-[#1].[#8:71](-[#15:72](=[#8:73])(-[#8:74])-[#8:75])-[#1]	Any;Any;Any
EVODEX.2-Em403_0	Any;Any;Any	[#6]-[#6](=[#8])-[#16:4]-[#6:5].[#8:68]-[#15:69](=[#8:70])(-[#8]-[#1])-[#8:72].[#8:89]=[#15:90](-[#8:91]-[#1])(-[#8:92])-[#8:93]>>[#8:68]-[#15:69](=[#8:70])(-[#8:72])-[#8:91]-[#15:90](=[#8:89])(-[#8:92])-[#8:93].[#16:4](-[#6:5])-[#1]	Any;Any
EVODEX.2-Em404_0	Any;Any	[#8:1]=[#15:2](-[#8:3]-[#1])(-[#8:4])-[#8:5].[#8:9]-[#6@:10](-[#8:11]-[#6@:12])(-[#6@:78])-[#1:91]>>[#8:1]=[#15:2](-[#8:3]-[#6@@:10](-[#8:9])(-[#6@:78])-[#1:91])(-[#8:4])-[#8:5].[#8:11](-[#6@:12])-[#1]	Any;Any
EVODEX.2-Em406_0	Any	[#8:14]-[#6@:15](-[#8:16]-[#6@:17])(-[#6@:28])-[#1:62]>>[#8]=[#15](-[#8]-[#6@@:15](-[#8:14])(-[#6@:28])-[#1:62])(-[#8])-[#8].[#8:16](-[#6@:17])-[#1]	Any;Any
EVODEX.2-Em407_0	Any;Any	[#8:1](-[#6:2])-[#1].[#8:49]-[#6@@:50](-[#6:51])(-[#8]-[#6@])-[#6@@:65]>>[#8:1](-[#6:2])-[#6@@:50](-[#6:51])(-[#8:49])-[#6@@:65]	Any
EVODEX.2-Em408_0	Any	[#8:1](-[#6:2])-[#1]>>[#8:1](-[#6:2])-[#6@@](-[#6])(-[#8])-[#6@@]	Any
EVODEX.2-Em409_0	Any	[#8:33](-[#6@:32](-[#6@:31])(-[#8:58])-[#1:96])-[#15:34](=[#8:35])(-[#8:36])-[#8:37]>>[#8](-[#6@@:32](-[#6@:31])(-[#8:58])-[#1:96])-[#1].[#8:33](-[#15:34](=[#8:35])(-[#8:36])-[#8:37])-[#1]	Any;Any
EVODEX.2-Em411_0	Any	[#8:101]-[#15:102](=[#8:103])(-[#8:104])-[#8:105]-[#6@](-[#8])(-[#6@@])-[#1]>>[#8:101]-[#15:102](=[#8:103])(-[#8:104])-[#8:105]-[#1]	Any
EVODEX.2-Em412_0	Any;Any	[#6:140]-[#6:141]1:[#6:142](:[#6:143](:[#6:144](-[#8:145]-[#1]):[#6:146](:[#6:147]:1-[#1:208])-[#1:207])-[#1:205])-[#1:204].[#8:101]-[#15:102](=[#8:103])(-[#8:104])-[#8:105]-[#6@:106](-[#8:107])(-[#6@@:115])-[#1:405]>>[#8:101]-[#15:102](=[#8:103])(-[#8:104])-[#8:105]-[#1].[#6:106](-[#8:145]-[#6:144]1:[#6:143](:[#6:142](:[#6:141](-[#6:140]):[#6:147](:[#6:146]:1-[#1:207])-[#1:208])-[#1:204])-[#1:205])(-[#8:107])(-[#6@@:115])-[#1:405]	Any;Any
EVODEX.2-Em413_0	Any	[#8:38]-[#15:39](=[#8:40])(-[#8:41]-[#1])-[#8:42]>>[#8:41](-[#6@@](-[#8])(-[#6@])-[#1])-[#15:39](-[#8:38])(=[#8:40])-[#8:42]	Any
EVODEX.2-Em414_0	Any;Any	[#8:2]-[#6:3]1:[#6:4](:[#6:5](-[#6:6]2:[#8:7]:[#6:8]3:[#6:9](:[#6:10](-[#8:11]):[#6:12](:[#6:13](-[#8:14]):[#6:15]:3:[#6:16](=[#8:17]):[#6:18]:2-[#8:19]-[#1])-[#1:66])-[#1:64]):[#6:20](:[#6:21](:[#6:22]:1-[#8:23])-[#1:70])-[#1:69])-[#1:63].[#8]-[#15](=[#8])(-[#8])-[#8]-[#6@@:42](-[#8:43])(-[#6@:51])-[#1:80]>>[#8:2]-[#6:3]1:[#6:4](:[#6:5](-[#6:6]2:[#8:7]:[#6:8]3:[#6:9](:[#6:10](-[#8:11]):[#6:12](:[#6:13](-[#8:14]):[#6:15]:3:[#6:16](=[#8:17]):[#6:18]:2-[#8:19]-[#6@:42](-[#8:43])(-[#6@:51])-[#1:80])-[#1:66])-[#1:64]):[#6:20](:[#6:21](:[#6:22]:1-[#8:23])-[#1:70])-[#1:69])-[#1:63]	Any
EVODEX.2-Em416_0	Any;Any	[#8:14]-[#15:15](=[#8:16])(-[#8:17])-[#8:18]-[#6@@:19](-[#8:20])(-[#6@:28])-[#1:62].[#7:42]-[#6:43]1:[#7:44]:[#6:45](:[#7:46]:[#6:47]2:[#7:48]:[#6:49](:[#7:50](:[#6:51]:1:2)-[#1])-[#1:85])-[#1:84]>>[#7:50]1(-[#6@@:19](-[#8:20])(-[#6@:28])-[#1:62]):[#6:49](:[#7:48]:[#6:47]2:[#7:46]:[#6:45](:[#7:44]:[#6:43](-[#7:42]):[#6:51]:1:2)-[#1:84])-[#1:85].[#8:14]-[#15:15](=[#8:16])(-[#8:17])-[#8:18]-[#1]	Any;Any
EVODEX.2-Em418_0	Any;Any	[#8:24]-[#15:25](=[#8:26])(-[#8:27])-[#8:28]-[#6@@:29](-[#8:30])(-[#6@:38])-[#1:55].[#8:1]=[#6:2](-[#8:3]-[#1])-[#6:4]>>[#8:24]-[#15:25](=[#8:26])(-[#8:27])-[#8:28]-[#1].[#8:1]=[#6:2](-[#8:3]-[#6@:29](-[#8:30])(-[#6@:38])-[#1:55])-[#6:4]	Any;Any
EVODEX.2-Em419_0	Any;Any	[#6:17](-[#6@@:5])(=[#8:18])-[#8:19]-[#1].[#8](-[#6@:25](-[#6@:24])(-[#8:51])-[#1:77])-[#15](=[#8])(-[#8])-[#8]>>[#6:17](-[#6@@:5])(=[#8:18])-[#8:19]-[#6@@:25](-[#6@:24])(-[#8:51])-[#1:77]	Any
EVODEX.2-Em420_0	Any;Any	[#8:55](-[#6@@:54](-[#6@:52])(-[#6@:56])-[#1:141])-[#1].[#8](-[#6@:65](-[#6@:64])(-[#8:91])-[#1:152])-[#15](=[#8])(-[#8])-[#8]>>[#6:54](-[#6@:52])(-[#8:55]-[#6@:65](-[#6@:64])(-[#8:91])-[#1:152])(-[#6@:56])-[#1:141]	Any
EVODEX.2-Em421_0	Any;Any	[#8:11](-[#6@@:10])-[#1].[#8:27]-[#6@@:28](-[#6:29])(-[#8:31]-[#6@@:32](-[#8:33])(-[#6@:41])-[#1:76])-[#6@@:43]>>[#8:11](-[#6@@:10])-[#6@:28](-[#6:29])(-[#8:27])-[#6@@:43].[#8:31](-[#6:32](-[#8:33])(-[#6@:41])-[#1:76])-[#1]	Any;Any
EVODEX.2-Em422_0	Any;Any	[#8:17]-[#6@:18](-[#8:19]-[#15:20](=[#8:21])(-[#8:22])-[#8:23])(-[#6@:44])-[#1:73].[#8:60](-[#1])-[#1]>>[#8:17]-[#6@@:18](-[#8:60]-[#1])(-[#6@:44])-[#1:73].[#8:19](-[#15:20](=[#8:21])(-[#8:22])-[#8:23])-[#1]	Any;Any
EVODEX.2-Em423_0	Any;Any	[#8:5]-[#6@:6](-[#8:7]-[#15:8](=[#8:9])(-[#8:10])-[#8:11])(-[#6@:32])-[#1:62].[#8:38]=[#6:39]1:[#6:40](-[#8:41]-[#1]):[#6:42](-[#6:43]2:[#6:44](:[#6:45](:[#6:46](-[#8:47]):[#6:48](-[#8:49]):[#6:50]:2-[#1:87])-[#1:84])-[#1:83]):[#8:51]:[#6:52]2:[#6:53](:[#6:54](-[#8:55]):[#6:56](:[#6:57](-[#8:58]):[#6:59]:1:2)-[#1:90])-[#1:88]>>[#8:5]-[#6:6](-[#8:41]-[#6:40]1:[#6:39](=[#8:38]):[#6:59]2:[#6:52](:[#8:51]:[#6:42]:1-[#6:43]1:[#6:44](:[#6:45](:[#6:46](-[#8:47]):[#6:48](-[#8:49]):[#6:50]:1-[#1:87])-[#1:84])-[#1:83]):[#6:53](:[#6:54](-[#8:55]):[#6:56](:[#6:57]:2-[#8:58])-[#1:90])-[#1:88])(-[#6@:32])-[#1:62].[#8:7](-[#15:8](=[#8:9])(-[#8:10])-[#8:11])-[#1]	Any;Any
EVODEX.2-Em424_0	Any;Any	[#8:14]-[#15:15](=[#8:16])(-[#8:17])-[#8:18]-[#6@@:19](-[#8:20])(-[#6@:28])-[#1:63].[#8:37](-[#6:38])-[#1]>>[#8:37](-[#6@:19](-[#8:20])(-[#6@:28])-[#1:63])-[#6:38].[#8:14]-[#15:15](=[#8:16])(-[#8:17])-[#8:18]-[#1]	Any;Any
EVODEX.2-Em426_0	Any;Any	[#8:4]-[#6@@:5](-[#6:6])(-[#8:8]-[#6@@:9](-[#8:10])(-[#6@:18])-[#1:54])-[#6@@:20].[#8:46](-[#6@@:45])-[#1]>>[#8:46](-[#6@:9](-[#8:10])(-[#6@:18])-[#1:54])-[#6@@:45].[#8:4]-[#6:5](-[#6:6])(-[#8:8]-[#1])-[#6@@:20]	Any;Any
EVODEX.2-Em428_0	Any;Any	[#8:7](-[#6@:6](-[#6@:5])(-[#8:32])-[#1:123])-[#15:8](=[#8:9])(-[#8:10])-[#8:11].[#6:116]-[#6@:115](-[#6@:67])(-[#8:117]-[#1])-[#1:214]>>[#8:117](-[#6@:6](-[#6@:5])(-[#8:32])-[#1:123])-[#6:115](-[#6@:67])(-[#6:116])-[#1:214].[#8:7](-[#15:8](=[#8:9])(-[#8:10])-[#8:11])-[#1]	Any;Any
EVODEX.2-Em429_0	Any;Any	[#8:56]-[#15:57](=[#8:58])(-[#8:59]-[#1])-[#8:60].[#8:77]-[#15:78](=[#8:79])(-[#8:80])-[#8:81]-[#6@@:82](-[#8:83])(-[#6@@:91])-[#1:200]>>[#8:56]-[#15:57](=[#8:58])(-[#8:59]-[#6@:82](-[#8:83])(-[#6@@:91])-[#1:200])-[#8:60].[#8:77]-[#15:78](=[#8:79])(-[#8:80])-[#8:81]-[#1]	Any;Any
EVODEX.2-Em430_0	Any;Any	[#8:1]=[#7&+:2](-[#8&-:3])-[#6:4]1:[#6:5](:[#6:6](:[#6:7](-[#8:8]-[#6@@:9](-[#8:10])(-[#6@:18])-[#1:58]):[#6:20](:[#6:21]:1-[#1:70])-[#1:69])-[#1:57])-[#1:56].[#8:22](-[#6:23])-[#1]>>[#8:22](-[#6@@:9](-[#8:10])(-[#6@:18])-[#1:58])-[#6:23].[#8:1]=[#7&+:2](-[#8&-:3])-[#6:4]1:[#6:5](:[#6:6](:[#6:7](-[#8:8]-[#1]):[#6:20](:[#6:21]:1-[#1:70])-[#1:69])-[#1:57])-[#1:56]	Any;Any
EVODEX.2-Em431_0	Any;Any	[#8]=[#7&+](-[#8&-])-[#6]1:[#6](:[#6](:[#6](-[#8]-[#6@@:9](-[#8:10])(-[#6@:18])-[#1:58]):[#6](:[#6]:1-[#1])-[#1])-[#1])-[#1].[#8:22](-[#6:23])-[#1]>>[#8:22](-[#6@@:9](-[#8:10])(-[#6@:18])-[#1:58])-[#6:23]	Any
EVODEX.2-Em432_0	Any;Any	[#8:6]-[#6@:7](-[#6:8](-[#8:9])(-[#1:30])-[#1:31])(-[#6@@:10])-[#1:29].[#8:19]=[#15:20](-[#8:21]-[#1])(-[#8:22])-[#8:23]>>[#8:6]-[#6@:7](-[#8:21]-[#15:20](=[#8:19])(-[#8:22])-[#8:23])(-[#6@@:10])-[#1:29].[#6:8](-[#8:9])(-[#1:30])(-[#1:31])-[#1]	Any;Any
EVODEX.2-Em433_0	Any;Any	[#8:6]-[#6@:7](-[#6](-[#8])(-[#1])-[#1])(-[#6@@:10])-[#1:29].[#8:19]=[#15:20](-[#8:21]-[#1])(-[#8:22])-[#8:23]>>[#8:6]-[#6@:7](-[#8:21]-[#15:20](=[#8:19])(-[#8:22])-[#8:23])(-[#6@@:10])-[#1:29]	Any
EVODEX.2-Em434_0	Any	[#8:6]-[#6@:7](-[#6:8](-[#8:9])(-[#1:30])-[#1:31])(-[#6@@:10])-[#1:29]>>[#8:6]-[#6@:7](-[#8]-[#15](=[#8])(-[#8])-[#8])(-[#6@@:10])-[#1:29].[#6:8](-[#8:9])(-[#1:30])(-[#1:31])-[#1]	Any;Any
EVODEX.2-Em435_0	Any	[#8:13]-[#6@:14](-[#6](-[#8])(-[#1])-[#1])(-[#6@@:17])-[#1:29]>>[#8]=[#15](-[#8]-[#6@@:14](-[#8:13])(-[#6@@:17])-[#1:29])(-[#8])-[#8]	Any
EVODEX.2-Em437_0	Any;Any	[#6:13]-[#8:14]-[#1].[#8:39]-[#6@:40](-[#8]-[#15](=[#8])(-[#8])-[#8])(-[#6:62](=[#8:63])-[#8:64])-[#6:65]>>[#6:13]-[#8:14]-[#6@:40](-[#6:62](=[#8:63])-[#8:64])(-[#8:39])-[#6:65]	Any
EVODEX.2-Em438_0	Any	[#6:47]-[#8:48]-[#1]>>[#8]-[#6@@](-[#6](=[#8])-[#8])(-[#8:48]-[#6:47])-[#6]	Any
EVODEX.2-Em439_0	Any;Any	[#6:38]-[#8:39]-[#1].[#8:77]-[#6@:78](-[#8:79]-[#15:80](=[#8:81])(-[#8:82])-[#8:83])(-[#6:100](=[#8:101])-[#8:102])-[#6:103]>>[#6:38]-[#8:39]-[#6@@:78](-[#6:100](=[#8:101])-[#8:102])(-[#8:77])-[#6:103].[#8:79](-[#15:80](=[#8:81])(-[#8:82])-[#8:83])-[#1]	Any;Any
EVODEX.2-Em440_0	Any;Any	[#6:1](=[#6:2](-[#6:3])-[#6:4](-[#6:5])(-[#1:39])-[#1])(-[#1:34])-[#1:35].[#6:20]/[#6:21](-[#6:22])=[#6:23](/[#6:24](-[#8:25]-[#15:26](=[#8:27])(-[#8:28])-[#8:29])(-[#1:61])-[#1:62])-[#1:60]>>[#6:1](/[#6:2](-[#6:3])=[#6:4](/[#6:5])-[#1:39])(-[#6:24](/[#6:23](=[#6:21](/[#6:20])-[#6:22])-[#1:60])(-[#1:61])-[#1:62])(-[#1:34])-[#1:35].[#8:25](-[#15:26](=[#8:27])(-[#8:28])-[#8:29])-[#1]	Any;Any
EVODEX.2-Em441_0	Any;Any	[#6:1](=[#6:2](-[#6:3])-[#6:4](-[#6:5])(-[#1:39])-[#1])(-[#1:34])-[#1:35].[#6:20]/[#6:21](-[#6:22])=[#6:23](/[#6:24](-[#8]-[#15](=[#8])(-[#8])-[#8])(-[#1:61])-[#1:62])-[#1:60]>>[#6:1](/[#6:2](-[#6:3])=[#6:4](/[#6:5])-[#1:39])(-[#6:24](/[#6:23](=[#6:21](/[#6:20])-[#6:22])-[#1:60])(-[#1:61])-[#1:62])(-[#1:34])-[#1:35]	Any
EVODEX.2-Em442_0	Any;Any	[#6]-[#16&+](-[#6:3](-[#6:4])(-[#1:35])-[#1:36])-[#6].[#7:25](-[#6:26])(-[#1])-[#1]>>[#6:3](-[#6:4])(-[#7:25](-[#6:26])-[#1])(-[#1:35])-[#1:36]	Any
EVODEX.2-Em443_0	Any;Any	[#6:1]-[#16&+:2](-[#6:3](-[#6:4])(-[#1:33])-[#1:34])-[#6:7].[#7:25](-[#6:26])(-[#1])-[#1]>>[#6:3](-[#6:4])(-[#7:25](-[#6:26])-[#1])(-[#1:33])-[#1:34].[#6:1]-[#16:2]-[#6:7]	Any;Any
EVODEX.2-Em444_0	Any	[#7:25](-[#6:26])(-[#1])-[#1]>>[#6](-[#6])(-[#7:25](-[#6:26])-[#1])(-[#1])-[#1]	Any
EVODEX.2-Em445_0	Any;Any	[#6:21]-[#6:22]1:[#6:23](:[#7:24](:[#6:25]2:[#6:26](:[#6:27](:[#6:28](:[#6:29](:[#6:30]:1:2)-[#1:47])-[#1:46])-[#1:45])-[#1:44])-[#1])-[#1].[#6:1]-[#6:2](-[#6:3])=[#6:4](-[#6:5](-[#8:6]-[#15:7](=[#8:8])(-[#8:9])-[#8:10])(-[#1:56])-[#1:57])-[#1:55]>>[#6:1]-[#6:2](-[#6:3])=[#6:4](-[#6:5](-[#6:23]1:[#6:22](-[#6:21]):[#6:30]2:[#6:25](:[#7:24]:1-[#1]):[#6:26](:[#6:27](:[#6:28](:[#6:29]:2-[#1:47])-[#1:46])-[#1:45])-[#1:44])(-[#1:56])-[#1:57])-[#1:55].[#8:6](-[#15:7](=[#8:8])(-[#8:9])-[#8:10])-[#1]	Any;Any
EVODEX.2-Em446_0	Any	[#6:21]-[#6:22]1:[#6:23](:[#7:24](:[#6:25]2:[#6:26](:[#6:27](:[#6:28](:[#6:29](:[#6:30]:1:2)-[#1:47])-[#1:46])-[#1:45])-[#1:44])-[#1])-[#1]>>[#6]-[#6](-[#6])=[#6](-[#6](-[#6:23]1:[#6:22](-[#6:21]):[#6:30]2:[#6:25](:[#7:24]:1-[#1]):[#6:26](:[#6:27](:[#6:28](:[#6:29]:2-[#1:47])-[#1:46])-[#1:45])-[#1:44])(-[#1])-[#1])-[#1]	Any
EVODEX.2-Em447_0	Any;Any	[#6:1]-[#6:2](-[#6:3])=[#6:4](-[#6:5](-[#8]-[#15](=[#8])(-[#8])-[#8])(-[#1:40])-[#1:41])-[#1:39].[#6:22]-[#6:23]1:[#6:24](:[#7:25](:[#6:26]2:[#6:27](:[#6:28](:[#6:29](:[#6:30](:[#6:31]:1:2)-[#1:56])-[#1:55])-[#1:54])-[#1:53])-[#1])-[#1]>>[#6:1]-[#6:2](-[#6:3])=[#6:4](-[#6:5](-[#6:24]1:[#6:23](-[#6:22]):[#6:31]2:[#6:26](:[#7:25]:1-[#1]):[#6:27](:[#6:28](:[#6:29](:[#6:30]:2-[#1:56])-[#1:55])-[#1:54])-[#1:53])(-[#1:40])-[#1:41])-[#1:39]	Any
EVODEX.2-Em448_0	Any	[#6:19]-[#6:20]1:[#6:21](:[#7:22](:[#6:23]2:[#6:24](:[#6:25](:[#6:26](:[#6:27](:[#6:28]:1:2)-[#1:64])-[#1:63])-[#1:62])-[#1])-[#1])-[#1:59]>>[#6]-[#6](-[#6])=[#6](-[#6](-[#6:24]1:[#6:23]2:[#7:22](:[#6:21](:[#6:20](-[#6:19]):[#6:28]:2:[#6:27](:[#6:26](:[#6:25]:1-[#1:62])-[#1:63])-[#1:64])-[#1:59])-[#1])(-[#1])-[#1])-[#1]	Any
EVODEX.2-Em449_0	Any;Any	[#6:1]-[#6:2](-[#6:3])=[#6:4](-[#6:5](-[#8:6]-[#15:7](=[#8:8])(-[#8:9])-[#8:10])(-[#1:47])-[#1:48])-[#1:46].[#6:19]-[#6:20]1:[#6:21](:[#7:22](:[#6:23]2:[#6:24](:[#6:25](:[#6:26](:[#6:27](:[#6:28]:1:2)-[#1:61])-[#1:60])-[#1:59])-[#1])-[#1])-[#1:56]>>[#6:1]-[#6:2](-[#6:3])=[#6:4](-[#6:5](-[#6:24]1:[#6:23]2:[#7:22](:[#6:21](:[#6:20](-[#6:19]):[#6:28]:2:[#6:27](:[#6:26](:[#6:25]:1-[#1:59])-[#1:60])-[#1:61])-[#1:56])-[#1])(-[#1:47])-[#1:48])-[#1:46].[#8:6](-[#15:7](=[#8:8])(-[#8:9])-[#8:10])-[#1]	Any;Any
EVODEX.2-Em450_0	Any;Any	[#6:1]-[#6:2](-[#6:3])=[#6:4](-[#6:5](-[#8]-[#15](=[#8])(-[#8])-[#8])(-[#1:47])-[#1:48])-[#1:46].[#6:19]-[#6:20]1:[#6:21](:[#7:22](:[#6:23]2:[#6:24](:[#6:25](:[#6:26](:[#6:27](:[#6:28]:1:2)-[#1:61])-[#1:60])-[#1:59])-[#1])-[#1])-[#1:56]>>[#6:1]-[#6:2](-[#6:3])=[#6:4](-[#6:5](-[#6:24]1:[#6:23]2:[#7:22](:[#6:21](:[#6:20](-[#6:19]):[#6:28]:2:[#6:27](:[#6:26](:[#6:25]:1-[#1:59])-[#1:60])-[#1:61])-[#1:56])-[#1])(-[#1:47])-[#1:48])-[#1:46]	Any
EVODEX.2-Em451_0	Any;Any	[#6:16]-[#6:18](=[#8:19])-[#6:20]1:[#6:21](-[#8:22]):[#6:23](:[#6:24](-[#8:25]):[#6:26](:[#6:27]:1-[#8:28])-[#1:39])-[#1].[#6:1]-[#6:2](-[#6:3])=[#6:4](-[#6:5](-[#8]-[#15](=[#8])(-[#8])-[#8])(-[#1:48])-[#1:49])-[#1:47]>>[#6:1]-[#6:2](-[#6:3])=[#6:4](-[#6:5](-[#6:23]1:[#6:21](-[#8:22]):[#6:20](-[#6:18](-[#6:16])=[#8:19]):[#6:27](-[#8:28]):[#6:26](:[#6:24]:1-[#8:25])-[#1:39])(-[#1:48])-[#1:49])-[#1:47]	Any
EVODEX.2-Em452_0	Any;Any	[#6:18]-[#6:19](=[#8:20])-[#6:21]1:[#6:22](-[#8:23]):[#6:24](:[#6:25](-[#8:26]):[#6:27](:[#6:28]:1-[#8:29])-[#1:42])-[#1].[#6:1]-[#6:2](-[#6:3])=[#6:4](-[#6:5](-[#8:6]-[#15:7](=[#8:8])(-[#8:9])-[#8:10])(-[#1:51])-[#1:52])-[#1:50]>>[#6:1]-[#6:2](-[#6:3])=[#6:4](-[#6:5](-[#6:24]1:[#6:22](-[#8:23]):[#6:21](-[#6:19](-[#6:18])=[#8:20]):[#6:28](-[#8:29]):[#6:27](:[#6:25]:1-[#8:26])-[#1:42])(-[#1:51])-[#1:52])-[#1:50].[#8:6](-[#15:7](=[#8:8])(-[#8:9])-[#8:10])-[#1]	Any;Any
EVODEX.2-Em453_0	Any	[#6:18]-[#6:19](=[#8:20])-[#6:21]1:[#6:22](-[#8:23]):[#6:24](:[#6:25](-[#8:26]):[#6:27](:[#6:28]:1-[#8:29])-[#1:42])-[#1]>>[#6]-[#6](-[#6])=[#6](-[#6](-[#6:24]1:[#6:22](-[#8:23]):[#6:21](-[#6:19](-[#6:18])=[#8:20]):[#6:28](-[#8:29]):[#6:27](:[#6:25]:1-[#8:26])-[#1:42])(-[#1])-[#1])-[#1]	Any
EVODEX.2-Em454_0	Any;Any	[#6:30]/[#6:31](=[#6:32](\[#6:33])-[#6:34])-[#1:121].[#6:49](-[#6@:48])(-[#8:50]-[#15:51](=[#8:52])(-[#8:53])-[#8:54])(-[#1:141])-[#1]>>[#6:30]-[#6:31]1(-[#6:32](-[#6:33])(-[#6:34])-[#6:49]-1(-[#6@:48])-[#1:141])-[#1:121].[#8:50](-[#15:51](=[#8:52])(-[#8:53])-[#8:54])-[#1]	Any;Any
EVODEX.2-Em455_0	Any;Any	[#6:1]-[#6:2](-[#6:3])=[#6:4](-[#6:5](-[#8:6]-[#15:7](=[#8:8])(-[#8:9])-[#8:10])(-[#1:37])-[#1:38])-[#1:36].[#6:17]-[#6:18]1:[#6:19](:[#7:20](:[#6:21]2:[#6:22](:[#6:23](:[#6:24](:[#6:25](:[#6:26]:1:2)-[#1])-[#1:51])-[#1:50])-[#1:49])-[#1])-[#1:47]>>[#6:1]-[#6:2](-[#6:3])=[#6:4](-[#6:5](-[#6:25]1:[#6:24](:[#6:23](:[#6:22](:[#6:21]2:[#7:20](:[#6:19](:[#6:18](-[#6:17]):[#6:26]:1:2)-[#1:47])-[#1])-[#1:49])-[#1:50])-[#1:51])(-[#1:37])-[#1:38])-[#1:36].[#8:6](-[#15:7](=[#8:8])(-[#8:9])-[#8:10])-[#1]	Any;Any
EVODEX.2-Em456_0	Any;Any	[#6:1]-[#6:2](-[#6:3])=[#6:4](-[#6:5](-[#8]-[#15](=[#8])(-[#8])-[#8])(-[#1:37])-[#1:38])-[#1:36].[#6:17]-[#6:18]1:[#6:19](:[#7:20](:[#6:21]2:[#6:22](:[#6:23](:[#6:24](:[#6:25](:[#6:26]:1:2)-[#1])-[#1:51])-[#1:50])-[#1:49])-[#1])-[#1:47]>>[#6:1]-[#6:2](-[#6:3])=[#6:4](-[#6:5](-[#6:25]1:[#6:24](:[#6:23](:[#6:22](:[#6:21]2:[#7:20](:[#6:19](:[#6:18](-[#6:17]):[#6:26]:1:2)-[#1:47])-[#1])-[#1:49])-[#1:50])-[#1:51])(-[#1:37])-[#1:38])-[#1:36]	Any
EVODEX.2-Em457_0	Any	[#6:19]-[#6:20]1:[#6:21](:[#7:22](:[#6:23]2:[#6:24](:[#6:25](:[#6:26](:[#6:27](:[#6:28]:1:2)-[#1])-[#1:50])-[#1:49])-[#1:48])-[#1])-[#1:46]>>[#6]-[#6](-[#6])=[#6](-[#6](-[#6:27]1:[#6:26](:[#6:25](:[#6:24](:[#6:23]2:[#7:22](:[#6:21](:[#6:20](-[#6:19]):[#6:28]:1:2)-[#1:46])-[#1])-[#1:48])-[#1:49])-[#1:50])(-[#1])-[#1])-[#1]	Any
EVODEX.2-Em458_0	Any;Any	[#6:5]-[#6:6](-[#7:7](-[#6:8])-[#1])(-[#1:20])-[#1:21].[#7:1](-[#1])(-[#1])-[#1]>>[#7:1](-[#6:6](-[#6:5])(-[#1:20])-[#1:21])(-[#1])-[#1].[#7:7](-[#6:8])(-[#1])-[#1]	Any;Any
EVODEX.2-Em459_0	Any;Any	[#6:11]-[#16:12]-[#1].[#6:1]-[#6:2](=[#8:3])-[#8:4]-[#6:5](-[#6@:6])(-[#1:20])-[#1:21]>>[#6:5](-[#6@:6])(-[#16:12]-[#6:11])(-[#1:20])-[#1:21].[#6:1]-[#6:2](=[#8:3])-[#8:4]-[#1]	Any;Any
EVODEX.2-Em460_0	Any;Any	[#6:11]-[#16:12]-[#1].[#6]-[#6](=[#8])-[#8]-[#6:5](-[#6@:6])(-[#1:20])-[#1:21]>>[#6:5](-[#6@:6])(-[#16:12]-[#6:11])(-[#1:20])-[#1:21]	Any
EVODEX.2-Em462_0	Any	[#6:4]-[#16:5]-[#6:6](-[#6@:7])(-[#1:23])-[#1:24]>>[#6:6](-[#6@:7])(-[#8]-[#1])(-[#1:23])-[#1:24].[#6:4]-[#16:5]-[#1]	Any;Any
EVODEX.2-Em463_0	Any	[#6:6]-[#16:7]-[#6:8](-[#6@:9])(-[#1:23])-[#1:24]>>[#6]-[#6](=[#8])-[#8]-[#6:8](-[#6@:9])(-[#1:23])-[#1:24].[#6:6]-[#16:7]-[#1]	Any;Any
EVODEX.2-Em464_0	Any	[#6]-[#6](-[#16:5]-[#6:6])(-[#1])-[#1]>>[#16:5](-[#6:6])-[#1]	Any
EVODEX.2-Em465_0	Any;Any	[#6:1]-[#6:2](=[#8:3])-[#8:4]-[#1].[#6:7]-[#6:8](-[#16:9]-[#6:10])(-[#1:28])-[#1:29]>>[#6:1]-[#6:2](=[#8:3])-[#8:4]-[#6:8](-[#6:7])(-[#1:28])-[#1:29].[#16:9](-[#6:10])-[#1]	Any;Any
EVODEX.2-Em466_0	Any	[#8]=[#6](-[#8])-[#6](=[#8])-[#6](-[#6@@:7](-[#8:8]-[#1])(-[#6@:9])-[#1:30])(-[#1])-[#1]>>[#6:7](=[#8:8])(-[#6@:9])-[#1:30]	Any
EVODEX.2-Em467_0	Any	[#8:12]=[#6:13](-[#6@:14])-[#1:31]>>[#6](-[#6](=[#8])-[#6](=[#8])-[#8])(-[#6@@:13](-[#8:12]-[#1])(-[#6@:14])-[#1:31])(-[#1])-[#1]	Any
EVODEX.2-Em469_0	Any;Any	[#6:11]/[#6:12](-[#6:13])=[#6:14](/[#6:15](-[#8:16]-[#15:17](=[#8:18])(-[#8:19])-[#8:20])(-[#1:78])-[#1:79])-[#1:77].[#6:47]-[#16:48]-[#1]>>[#6:11]/[#6:12](-[#6:13])=[#6:14](/[#6:15](-[#16:48]-[#6:47])(-[#1:78])-[#1:79])-[#1:77].[#8:16](-[#15:17](=[#8:18])(-[#8:19])-[#8:20])-[#1]	Any;Any
EVODEX.2-Em470_0	Any	[#6:16]/[#6:17](-[#6:18])=[#6:19](/[#6:20](-[#8:21]-[#15:22](=[#8:23])(-[#8:24])-[#8:25])(-[#1:109])-[#1:110])-[#1:108]>>[#6:16]/[#6:17](-[#6:18])=[#6:19](/[#6:20](-[#16]-[#6])(-[#1:109])-[#1:110])-[#1:108].[#8:21](-[#15:22](=[#8:23])(-[#8:24])-[#8:25])-[#1]	Any;Any
EVODEX.2-Em471_0	Any	[#6:1]-[#6:2](=[#6:3](-[#6:4](-[#8]-[#15](=[#8])(-[#8])-[#8])(-[#1:80])-[#1:81])-[#1:79])-[#6:14]>>[#6:1]-[#6:2](=[#6:3](-[#6:4](-[#16]-[#6])(-[#1:80])-[#1:81])-[#1:79])-[#6:14]	Any
EVODEX.2-Em472_0	Any;Any	[#6:11]/[#6:12](-[#6:13])=[#6:14](/[#6:15](-[#8]-[#15](=[#8])(-[#8])-[#8])(-[#1:96])-[#1:97])-[#1:95].[#6:42]-[#16:43]-[#1]>>[#6:11]/[#6:12](-[#6:13])=[#6:14](/[#6:15](-[#16:43]-[#6:42])(-[#1:96])-[#1:97])-[#1:95]	Any
EVODEX.2-Em473_0	Any;Any	[#6:1]-[#16:2]-[#6:3].[#6:23](-[#6@:22])(-[#8:24]-[#15:25](=[#8:26])(-[#8:27])-[#8])(-[#1:59])-[#1:60]>>[#6:1]-[#16&+:2](-[#6:3])-[#6:23](-[#6@:22])(-[#1:59])-[#1:60].[#8:24](-[#15:25](=[#8:26])(-[#8:27])-[#8])-[#1]	Any;Any
EVODEX.2-Em476_0	Any;Any	[#6:4]-[#16:5]-[#6:6].[#8:44](-[#1])-[#1]>>[#6:4]-[#16&+:5](-[#6:6])-[#6](-[#6@])(-[#1])-[#1].[#8]-[#15](=[#8])(-[#8])-[#8:44]-[#1]	Any;Any
EVODEX.2-Em477_0	Any	[#6:2]-[#16:3]-[#6:4]>>[#6:2]-[#16&+:3](-[#6:4])-[#6](-[#6@])(-[#1])-[#1]	Any
EVODEX.2-Em478_0	Any;Any	[#6:2]-[#16:3]-[#6:4].[#6:24](-[#6@:23])(-[#8]-[#15](=[#8])(-[#8])-[#8])(-[#1:62])-[#1:63]>>[#6:2]-[#16&+:3](-[#6:4])-[#6:24](-[#6@:23])(-[#1:62])-[#1:63]	Any
EVODEX.2-Em479_0	Any;Any	[#6:2]-[#16:4]-[#6:5].[#6:25](-[#6@:24])(-[#8:26]-[#15:27](=[#8:28])(-[#8:29])-[#8:30]-[#15:31](=[#8:32])(-[#8:33])-[#8:34])(-[#1:65])-[#1:66]>>[#6:2]-[#16&+:4](-[#6:5])-[#6:25](-[#6@:24])(-[#1:65])-[#1:66].[#8:26](-[#15:27](=[#8:28])(-[#8:29])-[#8]-[#1])-[#1].[#8:30](-[#15:31](=[#8:32])(-[#8:33])-[#8:34])-[#1]	Any;Any;Any
EVODEX.2-Em482_0	Any;Any	[#7:1]-[#6:2](-[#6:3](=[#8:4])-[#8:5])(-[#1:18])-[#1].[#6:9]-[#6:10](-[#6](=[#8])-[#6](=[#8])-[#8])(-[#1:24])-[#1:25]>>[#7:1]-[#6@:2](-[#6:3](=[#8:4])-[#8:5])(-[#6:10](-[#6:9])(-[#1:24])-[#1:25])-[#1:18]	Any
EVODEX.2-Em484_0	Any;Any	[#7:1](-[#6@:2](-[#6:3](=[#8:4])-[#8:5])(-[#6@@:6])-[#1])(-[#1])-[#1].[#6:15]-[#6:16](=[#8:17])-[#6:18](=[#8:19])-[#8:20]>>[#6:2](-[#6:3](=[#8:4])-[#8:5])(-[#6@@:6])=[#8:17].[#7:1](-[#6:16](-[#6:15])(-[#6:18](=[#8:19])-[#8:20])-[#1])(-[#1])-[#1]	Any;Any
EVODEX.2-Em491_0	Any;Any	[#6:7]-[#6:8](-[#7:9](-[#1])-[#1])(-[#1:33])-[#1].[#6:18]-[#6:19](=[#8:20])-[#6:21](=[#8:22])-[#8:23]>>[#6:7]-[#6:8](=[#8:20])-[#1:33].[#7:9](-[#6:19](-[#6:18])(-[#6:21](=[#8:22])-[#8:23])-[#1])(-[#1])-[#1]	Any;Any
EVODEX.2-Em494_0	Any;Any	[#6:24](-[#6@@:22])(=[#8:25])-[#6@@:26].[#7:35](-[#6@@:36](-[#6:37])(-[#6:42](=[#8:43])-[#8:44])-[#1])(-[#1])-[#1]>>[#7:35](-[#6@@:24](-[#6@@:22])(-[#6@@:26])-[#1])(-[#1])-[#1].[#8:25]=[#6:36](-[#6:37])-[#6:42](=[#8:43])-[#8:44]	Any;Any
EVODEX.2-Em496_0	Any;Any	[#6:10]-[#6@:11](-[#7:12](-[#1])-[#1])(-[#6:13](=[#8:14])-[#8:15])-[#1].[#6:7]-[#6:8](=[#8:9])-[#1:38]>>[#6:7]-[#6:8](-[#7:12](-[#1])-[#1])(-[#1:38])-[#1].[#8:9]=[#6:11](-[#6:10])-[#6:13](=[#8:14])-[#8:15]	Any;Any
EVODEX.2-Em498_0	Any	[#6:3]-[#6:4](-[#6@:5](-[#7:6])(-[#6:7](=[#8:8])-[#8:9])-[#1:22])(-[#1:20])-[#1:21]>>[#6:5](-[#7:6])(-[#6:7](=[#8:8])-[#8:9])(-[#1:22])-[#1].[#6:3]-[#6:4](-[#6](=[#8])-[#6](=[#8])-[#8])(-[#1:20])-[#1:21]	Any;Any
EVODEX.2-Em499_0	Any;Any	[#6:4]-[#6:5](-[#6@:6](-[#7:7])(-[#6:8](=[#8:9])-[#8:10])-[#1:25])(-[#1:23])-[#1:24].[#8:11]=[#6:12](-[#6:13](=[#8:14])-[#8:15])-[#1]>>[#6:6](-[#7:7])(-[#6:8](=[#8:9])-[#8:10])(-[#1:25])-[#1].[#6:4]-[#6:5](-[#6:12](=[#8:11])-[#6:13](=[#8:14])-[#8:15])(-[#1:23])-[#1:24]	Any;Any
EVODEX.2-Em500_0	Any;Any	[#6:4]-[#6:5](-[#6@](-[#7])(-[#6](=[#8])-[#8])-[#1])(-[#1:23])-[#1:24].[#8:11]=[#6:12](-[#6:13](=[#8:14])-[#8:15])-[#1]>>[#6:4]-[#6:5](-[#6:12](=[#8:11])-[#6:13](=[#8:14])-[#8:15])(-[#1:23])-[#1:24]	Any
EVODEX.2-Em501_0	Any;Any	[#6:1]-[#6:2](=[#8:3])-[#6:4](=[#8:5])-[#8:6].[#7:7](-[#6:8](-[#6:9])(-[#6:21])-[#1])(-[#1])-[#1]>>[#6:1]-[#6:2](-[#6:4](=[#8:5])-[#8:6])(-[#7:7](-[#1])-[#1])-[#1].[#8:3]=[#6:8](-[#6:9])-[#6:21]	Any;Any
EVODEX.2-Em502_0	Any;Any	[#7:1](-[#6:2](-[#6:3])(-[#1:17])-[#1])(-[#1])-[#1].[#8:9]=[#6:10](-[#6:11])-[#1:26]>>[#6:2](-[#6:3])(=[#8:9])-[#1:17].[#7:1](-[#6:10](-[#6:11])(-[#1:26])-[#1])(-[#1])-[#1]	Any;Any
EVODEX.2-Em503_0	Any	[#7:1]-[#6@@:2](-[#6:3])(-[#6](=[#8])-[#8])-[#1:20]>>[#7:1]-[#6:2](-[#6:3])(-[#1:20])-[#1]	Any
EVODEX.2-Em504_0	Any	[#8]=[#6](-[#8])-[#6:11](-[#6:12])(-[#1:28])-[#1:29]>>[#6:11](-[#6:12])(-[#1:28])(-[#1:29])-[#1]	Any
EVODEX.2-Em505_0	Any;Any	[#6:1]-[#6@:2](-[#7:3](-[#1])-[#1])(-[#6:4](=[#8:5])-[#8:6])-[#1].[#6:7]-[#6:8]1:[#7:9]:[#6:10](:[#6:11](-[#6:12]):[#6:14](-[#6:15](=[#8:16])-[#1:33]):[#6:17]:1-[#8:18])-[#1:29]>>[#6:1]-[#6:2](-[#6:4](=[#8:5])-[#8:6])=[#8:16].[#7:3](-[#6:15](-[#6:14]1:[#6:11](-[#6:12]):[#6:10](:[#7:9]:[#6:8](-[#6:7]):[#6:17]:1-[#8:18])-[#1:29])(-[#1:33])-[#1])(-[#1])-[#1]	Any;Any
EVODEX.2-Em506_0	Any;Any	[#6:2]-[#6:4](-[#6:5](=[#8:6])-[#6:7](=[#8:8])-[#8:9])(-[#1:22])-[#1:23].[#7:10]-[#6:11](-[#6:12](=[#8:13])-[#8:14])(-[#1:27])-[#1]>>[#6:2]-[#6:4](-[#6@:11](-[#7:10])(-[#6:12](=[#8:13])-[#8:14])-[#1:27])(-[#1:22])-[#1:23].[#6:5](=[#8:6])(-[#6:7](=[#8:8])-[#8:9])-[#1]	Any;Any
EVODEX.2-Em507_0	Any	[#6:1]-[#6:2](-[#6:3])(-[#1:19])-[#1]>>[#6:1]-[#6:2](-[#6:3])(-[#6](-[#1])(-[#1])-[#1])-[#1:19]	Any
EVODEX.2-Em508_0	Any;Any	[#6:11]-[#6@:12](-[#6:13](-[#1:25])(-[#1:26])-[#1:27])(-[#6@:14])-[#1:24].[#6:1]-[#6:2](-[#6@:3])(-[#1:35])-[#1]>>[#6:11]-[#6:12](-[#6@:14])(-[#1:24])-[#1].[#6:1]-[#6:2](-[#6@:3])(-[#6:13](-[#1:25])(-[#1:26])-[#1:27])-[#1:35]	Any;Any
EVODEX.2-Em509_0	Any;Any	[#6:11](-[#6:12])(-[#1:19])(-[#1:20])-[#1].[#6:1](-[#6:2](-[#6:3])(-[#1:33])-[#1:34])(-[#1:30])(-[#1:31])-[#1:32]>>[#6:1](-[#6:11](-[#6:12])(-[#1:19])-[#1:20])(-[#1:30])(-[#1:31])-[#1:32].[#6:2](-[#6:3])(-[#1:33])(-[#1:34])-[#1]	Any;Any
EVODEX.2-Em510_0	Any	[#6:1]-[#6@:2](-[#7:3](-[#1])-[#1])(-[#6:4](=[#8:5])-[#8:6])-[#1]>>[#6:1]-[#6:2](-[#6:4](=[#8:5])-[#8:6])=[#8].[#7:3](-[#6](-[#6](=[#8])-[#6])(-[#1])-[#1])(-[#1])-[#1]	Any;Any
EVODEX.2-Em511_0	Any;Any	[#6:4]-[#6@:5](-[#7:6](-[#1])-[#1])(-[#6:7](=[#8:8])-[#8:9])-[#1].[#8:10]=[#6:11](-[#6:12](=[#8:13])-[#6:14])-[#1:27]>>[#6:4]-[#6:5](-[#6:7](=[#8:8])-[#8:9])=[#8:10].[#7:6](-[#6:11](-[#6:12](=[#8:13])-[#6:14])(-[#1:27])-[#1])(-[#1])-[#1]	Any;Any
EVODEX.2-Em512_0	Any;Any	[#7](-[#6@@:2](-[#6:3])(-[#6:7](=[#8:8])-[#8:9])-[#1])(-[#1])-[#1].[#8:10]=[#6](-[#6](=[#8])-[#6])-[#1]>>[#6:2](-[#6:3])(-[#6:7](=[#8:8])-[#8:9])=[#8:10]	Any
EVODEX.2-Em513_0	Any	[#6:3]-[#6:4](-[#6:5](=[#8:6])-[#6:7](=[#8:8])-[#8:9])(-[#1:20])-[#1:21]>>[#6:3]-[#6:4](-[#6@](-[#7])(-[#6](=[#8])-[#8])-[#1])(-[#1:20])-[#1:21].[#6:5](=[#8:6])(-[#6:7](=[#8:8])-[#8:9])-[#1]	Any;Any
EVODEX.2-Em517_0	Any;Any	[#8:19]-[#15:20](=[#8:21])(-[#8:22])-[#8:23]-[#15:24](=[#8:25])(-[#8:26])-[#8:27].[#8:39]-[#6:40](-[#8:41]-[#1])(-[#6@:42])-[#1:67]>>[#8:19]-[#15:20](=[#8:21])(-[#8:22])-[#8:23]-[#1].[#15:24](=[#8:25])(-[#8:26])(-[#8:27])-[#8:41]-[#6@@:40](-[#8:39])(-[#6@:42])-[#1:67]	Any;Any
EVODEX.2-Em518_0	Any	[#6:31]-[#8:32]-[#15:33](=[#8:34])(-[#8:35])-[#8:36]>>[#6]-[#8]-[#15:33](=[#8:34])(-[#8:35])-[#8:36].[#6:31]-[#8:32]-[#1]	Any;Any
EVODEX.2-Em520_0	Any;Any	[#6:8]-[#8:9]-[#1].[#8:37]-[#15:38](=[#8:39])(-[#8:40])-[#8:41]-[#15:42](=[#8:43])(-[#8:44])-[#8:45]>>[#6:8]-[#8:9]-[#15:42](=[#8:43])(-[#8:44])-[#8:45].[#8:37]-[#15:38](=[#8:39])(-[#8:40])-[#8:41]-[#1]	Any;Any
EVODEX.2-Em521_0	Any;Any	[#8:15]-[#15:16](=[#8:17])(-[#8:18]-[#1])-[#8:19].[#8:24]=[#15:25](-[#8:26])(-[#8:27])-[#8:28]-[#6:29]>>[#8:15]-[#15:16](=[#8:17])(-[#8:18]-[#15:25](=[#8:24])(-[#8:26])-[#8:27])-[#8:19].[#8:28](-[#6:29])-[#1]	Any;Any
EVODEX.2-Em522_0	Any	[#8:31]-[#6@:32](-[#8:33]-[#15](=[#8])(-[#8])-[#8])(-[#6@:38])-[#1:61]>>[#8:31]-[#6:32](-[#8:33]-[#1])(-[#6@:38])-[#1:61]	Any
EVODEX.2-Em523_0	Any;Any	[#8:19]-[#15:20](=[#8:21])(-[#8:22])-[#8:23]-[#15:24](=[#8:25])(-[#8:26])-[#8:27].[#8:36]-[#6@:37]1(-[#6@:38](-[#8:39]-[#1])(-[#6@:40](-[#8:41])(-[#6@:46](-[#8:47])(-[#6@@:48](-[#8:49])(-[#6@@:54]-1(-[#8:55])-[#1:85])-[#1:82])-[#1:80])-[#1:77])-[#1:75])-[#1:74]>>[#8:19]-[#15:20](=[#8:21])(-[#8:22])-[#8:23]-[#1].[#15:24](=[#8:25])(-[#8:26])(-[#8:27])-[#8:39]-[#6@@:38]1(-[#6@@:37](-[#8:36])(-[#6@:54](-[#8:55])(-[#6@@:48](-[#8:49])(-[#6@:46](-[#8:47])(-[#6@@:40]-1(-[#8:41])-[#1:77])-[#1:80])-[#1:82])-[#1:85])-[#1:74])-[#1:75]	Any;Any
EVODEX.2-Em524_0	Any	[#6:27]-[#8:28]-[#15](=[#8])(-[#8])-[#8]>>[#6:27]-[#8:28]-[#1]	Any
EVODEX.2-Em525_0	Any;Any	[#6:1](-[#6:2](-[#6:3])(-[#8:4]-[#1])-[#6:5](-[#6:6](=[#8:7])-[#8:8]-[#1])(-[#1:47])-[#1:48])(-[#1:40])(-[#1:41])-[#1].[#8:27]-[#15:28](=[#8:29])(-[#8:30])-[#8:31]-[#15:32](=[#8:33])(-[#8:34])-[#8:35]>>[#6:6](=[#8:7])=[#8:8].[#6:1](=[#6:2](-[#6:3])-[#6:5](-[#1:47])(-[#1:48])-[#1])(-[#1:40])-[#1:41].[#8:31](-[#15:32](=[#8:33])(-[#8:34])-[#8:35])-[#1].[#8:4](-[#15:28](-[#8:27])(=[#8:29])-[#8:30])-[#1]	Any;Any;Any;Any
EVODEX.2-Em526_0	Any;Any	[#6](=[#6](-[#8]-[#15:4](=[#8:5])(-[#8:6])-[#8:7])-[#6](=[#8])-[#8])(-[#1])-[#1].[#8:25]-[#15:26](=[#8:27])(-[#8:28]-[#1])-[#8:29]>>[#15:4](=[#8:5])(-[#8:6])(-[#8:7])-[#8:28]-[#15:26](-[#8:25])(=[#8:27])-[#8:29]	Any
EVODEX.2-Em527_0	Any	[#8:25]-[#15:26](=[#8:27])(-[#8:28])-[#8:29]-[#15:30](=[#8:31])(-[#8:32])-[#8:33]>>[#6](=[#6](-[#8]-[#15:30](=[#8:31])(-[#8:32])-[#8:33])-[#6](=[#8])-[#8])(-[#1])-[#1].[#8:25]-[#15:26](=[#8:27])(-[#8:28])-[#8:29]-[#1]	Any;Any
EVODEX.2-Em528_0	Any;Any	[#6:1](=[#6:2](-[#8:3]-[#15:4](=[#8:5])(-[#8:6])-[#8:7])-[#6:8](=[#8:9])-[#8:10])(-[#1:37])-[#1:38].[#8:31]-[#15:32](=[#8:33])(-[#8:34]-[#1])-[#8:35]>>[#6:1](-[#6:2](=[#8:3])-[#6:8](=[#8:9])-[#8:10])(-[#1:37])(-[#1:38])-[#1].[#15:4](=[#8:5])(-[#8:6])(-[#8:7])-[#8:34]-[#15:32](-[#8:31])(=[#8:33])-[#8:35]	Any;Any
EVODEX.2-Em529_0	Any;Any	[#6:24]-[#8:25]-[#1].[#8:28]=[#15:29](-[#8:30])(-[#8:31])-[#8:32]-[#6@@:33](-[#8:34])(-[#6@:42])-[#1:66]>>[#6:24]-[#8:25]-[#15:29](=[#8:28])(-[#8:30])-[#8:31].[#8:32](-[#6:33](-[#8:34])(-[#6@:42])-[#1:66])-[#1]	Any;Any
EVODEX.2-Em531_0	Any;Any	[#6:28]-[#8:29]-[#1].[#8]=[#7&+](-[#8&-])-[#6]1:[#6](:[#6](:[#6](-[#8]-[#15:9](=[#8:10])(-[#8:11])-[#8:12]):[#6](:[#6]:1-[#1])-[#1])-[#1])-[#1]>>[#15:9](=[#8:10])(-[#8:11])(-[#8:12])-[#8:29]-[#6:28]	Any
EVODEX.2-Em532_0	Any;Any	[#6:8]-[#8:9]-[#1].[#8:22]=[#7&+:23](-[#8&-:24])-[#6:25]1:[#6:26](:[#6:27](:[#6:28](-[#8:29]-[#15:30](=[#8:31])(-[#8:32])-[#8:33]):[#6:34](:[#6:35]:1-[#1:57])-[#1:56])-[#1:53])-[#1:52]>>[#6:8]-[#8:9]-[#15:30](=[#8:31])(-[#8:32])-[#8:33].[#8:22]=[#7&+:23](-[#8&-:24])-[#6:25]1:[#6:26](:[#6:27](:[#6:28](-[#8:29]-[#1]):[#6:34](:[#6:35]:1-[#1:57])-[#1:56])-[#1:53])-[#1:52]	Any;Any
EVODEX.2-Em533_0	Any;Any	[#6:9]-[#8:10]-[#1].[#8:18]=[#15:19](-[#8:20])(-[#8:21])-[#8:22]-[#6:23]1:[#6:24](:[#6:25](:[#6:26](:[#6:27](:[#6:28]:1-[#1:48])-[#1:47])-[#1:46])-[#1:45])-[#1:44]>>[#6:9]-[#8:10]-[#15:19](=[#8:18])(-[#8:20])-[#8:21].[#8:22](-[#6:23]1:[#6:24](:[#6:25](:[#6:26](:[#6:27](:[#6:28]:1-[#1:48])-[#1:47])-[#1:46])-[#1:45])-[#1:44])-[#1]	Any;Any
EVODEX.2-Em534_0	Any;Any	[#6:9]-[#8:10]-[#1].[#8:18]=[#15:19](-[#8:20])(-[#8:21])-[#8]-[#6]1:[#6](:[#6](:[#6](:[#6](:[#6]:1-[#1])-[#1])-[#1])-[#1])-[#1]>>[#6:9]-[#8:10]-[#15:19](=[#8:18])(-[#8:20])-[#8:21]	Any
EVODEX.2-Em535_0	Any	[#6:18]-[#6:19]1:[#6:20](:[#6:21](:[#6:22](-[#8:23]-[#1]):[#6:24](:[#6:25]:1-[#1:107])-[#1:106])-[#1:104])-[#1:103]>>[#6:18]-[#6:19]1:[#6:20](:[#6:21](:[#6:22](-[#8:23]-[#15](=[#8])(-[#8])-[#8]):[#6:24](:[#6:25]:1-[#1:107])-[#1:106])-[#1:104])-[#1:103]	Any
EVODEX.2-Em536_0	Any;Any	[#6:10]-[#6:11]1:[#6:12](:[#6:13](:[#6:14](-[#8:15]-[#1]):[#6:16](:[#6:17]:1-[#1:111])-[#1:110])-[#1:108])-[#1:107].[#8:80]-[#15:81](=[#8:82])(-[#8:83])-[#8:84]-[#15:85](=[#8:86])(-[#8:87])-[#8:88]>>[#6:10]-[#6:11]1:[#6:12](:[#6:13](:[#6:14](-[#8:15]-[#15:85](=[#8:86])(-[#8:87])-[#8:88]):[#6:16](:[#6:17]:1-[#1:111])-[#1:110])-[#1:108])-[#1:107].[#8:80]-[#15:81](=[#8:82])(-[#8:83])-[#8:84]-[#1]	Any;Any
EVODEX.2-Em537_0	Any;Any	[#6:41]-[#6:42]1:[#6:43](:[#6:44](:[#6:45](-[#8:46]-[#1]):[#6:47](:[#6:48]:1-[#1:128])-[#1:127])-[#1:125])-[#1:124].[#8]-[#15](=[#8])(-[#8])-[#8]-[#15:84](=[#8:85])(-[#8:86])-[#8:87]>>[#6:41]-[#6:42]1:[#6:43](:[#6:44](:[#6:45](-[#8:46]-[#15:84](=[#8:85])(-[#8:86])-[#8:87]):[#6:47](:[#6:48]:1-[#1:128])-[#1:127])-[#1:125])-[#1:124]	Any
EVODEX.2-Em538_0	Any;Any	[#7:54]-[#6:55](=[#7:56]-[#1])-[#7:57](-[#1])-[#1].[#8:79]-[#15:80](=[#8:81])(-[#8:82])-[#8:83]-[#15:84](=[#8:85])(-[#8:86])-[#8:87]>>[#7:54]-[#6:55](=[#7:56]-[#1])-[#7:57](-[#15:84](=[#8:85])(-[#8:86])-[#8:87])-[#1].[#8:79]-[#15:80](=[#8:81])(-[#8:82])-[#8:83]-[#1]	Any;Any
EVODEX.2-Em539_0	Any;Any	[#7:54]-[#6:55](=[#7:56]-[#1])-[#7:57](-[#1])-[#1].[#8]-[#15](=[#8])(-[#8])-[#8]-[#15:84](=[#8:85])(-[#8:86])-[#8:87]>>[#7:54]-[#6:55](=[#7:56]-[#1])-[#7:57](-[#15:84](=[#8:85])(-[#8:86])-[#8:87])-[#1]	Any
EVODEX.2-Em540_0	Any	[#6:1]-[#6:2](=[#8:3])-[#8:4]-[#15:5](=[#8:6])(-[#8:7])-[#8:8]>>[#6:1]-[#6:2](=[#8:3])-[#8:4]-[#1].[#15:5](=[#8:6])(-[#8:7])(-[#8:8])-[#8]-[#15](-[#8])(=[#8])-[#8]	Any;Any
EVODEX.2-Em541_0	Any	[#8:15]-[#15:16](=[#8:17])(-[#8:18])-[#8:19]-[#15:20](=[#8:21])(-[#8:22])-[#8:23]>>[#8:15]-[#15:16](=[#8:17])(-[#8:18])-[#8:19]-[#1].[#15:20](=[#8:21])(-[#8:22])(-[#8:23])-[#8]-[#6](=[#8])-[#6@]	Any;Any
EVODEX.2-Em542_0	Any	[#7:1](=[#6:2](-[#7:3])-[#7:8](-[#15](=[#8])(-[#8])-[#8])-[#1])-[#1]>>[#7:1](=[#6:2](-[#7:3])-[#7:8](-[#1])-[#1])-[#1]	Any
EVODEX.2-Em543_0	Any	[#7:1](=[#6:2](-[#7:3](-[#1])-[#1])-[#7:4])-[#1]>>[#7:1](=[#6:2](-[#7:3](-[#15](=[#8])(-[#8])-[#8])-[#1])-[#7:4])-[#1]	Any
EVODEX.2-Em544_0	Any;Any	[#8:27]-[#15:28](=[#8:29])(-[#8:30]-[#1])-[#8:31].[#7:1](=[#6:2](-[#7:3])-[#7:4](-[#15:5](=[#8:6])(-[#8:7])-[#8:8])-[#1])-[#1]>>[#7:1](=[#6:2](-[#7:3])-[#7:4](-[#1])-[#1])-[#1].[#15:5](=[#8:6])(-[#8:7])(-[#8:8])-[#8:30]-[#15:28](-[#8:27])(=[#8:29])-[#8:31]	Any;Any
EVODEX.2-Em545_0	Any	[#7:1](=[#6:2](-[#7:3])-[#7:10](-[#15:11](=[#8:12])(-[#8:13])-[#8:14])-[#1])-[#1]>>[#7:1](=[#6:2](-[#7:3])-[#7:10](-[#1])-[#1])-[#1].[#15:11](=[#8:12])(-[#8:13])(-[#8:14])-[#8]-[#15](-[#8])(=[#8])-[#8]	Any;Any
EVODEX.2-Em546_0	Any;Any	[#6:14](-[#6@:13])(-[#8]-[#15](=[#8])(-[#8])-[#8])(-[#1:47])-[#1:48].[#8:28]=[#15:29](-[#8:30]-[#1])(-[#8:31])-[#8:32]>>[#6:14](-[#6@:13])(-[#8:30]-[#15:29](=[#8:28])(-[#8:31])-[#8:32])(-[#1:47])-[#1:48]	Any
EVODEX.2-Em547_0	Any;Any	[#8:10]-[#15:11](=[#8:12])(-[#8:13]-[#1])-[#8:14].[#8:40]-[#15:41](=[#8:42])(-[#8:43])-[#8:44]-[#15:45](=[#8:46])(-[#8:47])-[#8:48]>>[#8:10]-[#15:11](=[#8:12])(-[#8:13]-[#15:45](=[#8:46])(-[#8:47])-[#8:48])-[#8:14].[#8:40]-[#15:41](=[#8:42])(-[#8:43])-[#8:44]-[#1]	Any;Any
EVODEX.2-Em548_0	Any;Any	[#6:13](-[#6@:12])(-[#8:14]-[#15:15](=[#8:16])(-[#8:17])-[#8:18])(-[#1:93])-[#1:94].[#8:77]-[#15:78](=[#8:79])(-[#8:80]-[#1])-[#8:81]>>[#6:13](-[#6@:12])(-[#8:80]-[#15:78](-[#8:77])(=[#8:79])-[#8:81])(-[#1:93])-[#1:94].[#8:14](-[#15:15](=[#8:16])(-[#8:17])-[#8:18])-[#1]	Any;Any
EVODEX.2-Em550_0	Any	[#8:6](-[#6@:5])-[#1]>>[#8:6](-[#6@:5])-[#16](=[#8])(=[#8])-[#8]	Any
EVODEX.2-Em551_0	Any;Any	[#6:8]-[#6:9]1:[#6:10](:[#6:11](:[#6:12](-[#8:13]-[#1]):[#6:14](:[#6:15]:1-[#1:68])-[#1:67])-[#1:65])-[#1:64].[#8:30]-[#15:31](=[#8:32])(-[#8:33])-[#8:34]-[#16:35](=[#8:36])(=[#8:37])-[#8:38]>>[#6:8]-[#6:9]1:[#6:10](:[#6:11](:[#6:12](-[#8:13]-[#16:35](=[#8:36])(=[#8:37])-[#8:38]):[#6:14](:[#6:15]:1-[#1:68])-[#1:67])-[#1:65])-[#1:64].[#8:30]-[#15:31](=[#8:32])(-[#8:33])-[#8:34]-[#1]	Any;Any
EVODEX.2-Em552_0	Any;Any	[#6:8]-[#6:9]1:[#6:10](:[#6:11](:[#6:12](-[#8:13]-[#1]):[#6:14](:[#6:15]:1-[#1:68])-[#1:67])-[#1:65])-[#1:64].[#8]-[#15](=[#8])(-[#8])-[#8]-[#16:35](=[#8:36])(=[#8:37])-[#8:38]>>[#6:8]-[#6:9]1:[#6:10](:[#6:11](:[#6:12](-[#8:13]-[#16:35](=[#8:36])(=[#8:37])-[#8:38]):[#6:14](:[#6:15]:1-[#1:68])-[#1:67])-[#1:65])-[#1:64]	Any
EVODEX.2-Em553_0	Any	[#6:8]-[#6:9]1:[#6:10](:[#6:11](:[#6:12](-[#8:13]-[#1]):[#6:14](:[#6:15]:1-[#1:68])-[#1:67])-[#1:65])-[#1:64]>>[#6:8]-[#6:9]1:[#6:10](:[#6:11](:[#6:12](-[#8:13]-[#16](=[#8])(=[#8])-[#8]):[#6:14](:[#6:15]:1-[#1:68])-[#1:67])-[#1:65])-[#1:64]	Any
EVODEX.2-Em554_0	Any;Any	[#8:22](-[#6@:21])-[#1].[#8:46]-[#15:47](=[#8:48])(-[#8:49])-[#8:50]-[#16:51](=[#8:52])(=[#8:53])-[#8:54]>>[#8:22](-[#6@:21])-[#16:51](=[#8:52])(=[#8:53])-[#8:54].[#8:46]-[#15:47](=[#8:48])(-[#8:49])-[#8:50]-[#1]	Any;Any
EVODEX.2-Em555_0	Any;Any	[#8:22](-[#6@:21])-[#1].[#8]-[#15](=[#8])(-[#8])-[#8]-[#16:51](=[#8:52])(=[#8:53])-[#8:54]>>[#8:22](-[#6@:21])-[#16:51](=[#8:52])(=[#8:53])-[#8:54]	Any
EVODEX.2-Em556_0	Any	[#8:6](-[#6@:5])-[#16:7](=[#8:8])(=[#8:9])-[#8:10]>>[#8:6](-[#6@:5])-[#1].[#16:7](=[#8:8])(=[#8:9])(-[#8:10])-[#8]-[#15](-[#8])(=[#8])-[#8]	Any;Any
EVODEX.2-Em557_0	Any	[#8:24](-[#6@:23])-[#16](=[#8])(=[#8])-[#8]>>[#8:24](-[#6@:23])-[#1]	Any
EVODEX.2-Em558_0	Any;Any	[#8:25](-[#6@:24])-[#16:26](=[#8:27])(=[#8:28])-[#8:29].[#8:52]-[#15:53](=[#8:54])(-[#8:55]-[#1])-[#8:56]>>[#8:25](-[#6@:24])-[#1].[#16:26](=[#8:27])(=[#8:28])(-[#8:29])-[#8:55]-[#15:53](-[#8:52])(=[#8:54])-[#8:56]	Any;Any
EVODEX.2-Em559_0	Any;Any	[#6:1]-[#6:2](=[#8:3])-[#16:4]-[#6:5].[#6:53]-[#6:55](=[#8:56])-[#8:57]-[#1]>>[#6:1]-[#6:2](=[#8:3])-[#8:57]-[#1].[#16:4](-[#6:5])-[#6:55](-[#6:53])=[#8:56]	Any;Any
EVODEX.2-Em562_0	Any;Any	[#6:1]-[#6:2](=[#8:3])-[#8]-[#1].[#6:51]-[#16:52]-[#6](=[#8])/[#6](=[#6](/[#6])-[#1])-[#1]>>[#6:1]-[#6:2](=[#8:3])-[#16:52]-[#6:51]	Any
EVODEX.2-Em565_0	Any;Any	[#6]-[#6](=[#8])-[#8:7]-[#1].[#6:10]-[#6:11](=[#8:12])-[#16]-[#6]>>[#8:7](-[#6:11](-[#6:10])=[#8:12])-[#1]	Any
EVODEX.2-Em566_0	Any;Any	[#6:3]-[#6:4](=[#8:5])-[#8]-[#1].[#6:8]-[#8:9]-[#1]>>[#6:3]-[#6:4](=[#8:5])-[#8:9]-[#6:8]	Any
EVODEX.2-Em567_0	Any;Any	[#6:3]-[#6:4](=[#8:5])-[#8:6]-[#6:7]1:[#6:8](:[#6:9](:[#6:10](:[#6:11](:[#6:12]:1-[#1:25])-[#1:24])-[#1:23])-[#1:22])-[#1:21].[#8:13](-[#1])-[#1]>>[#6:3]-[#6:4](=[#8:5])-[#8:13]-[#1].[#8:6](-[#6:7]1:[#6:8](:[#6:9](:[#6:10](:[#6:11](:[#6:12]:1-[#1:25])-[#1:24])-[#1:23])-[#1:22])-[#1:21])-[#1]	Any;Any
EVODEX.2-Em568_0	Any	[#6:3]-[#6:4](=[#8:5])-[#8:6]-[#6:7]1:[#6:8](:[#6:9](:[#6:10](:[#6:11](:[#6:12]:1-[#7&+:13](=[#8:14])-[#8&-:15])-[#1:27])-[#1:26])-[#1:25])-[#1:24]>>[#6:3]-[#6:4](=[#8:5])-[#8]-[#1].[#8:6](-[#6:7]1:[#6:8](:[#6:9](:[#6:10](:[#6:11](:[#6:12]:1-[#7&+:13](=[#8:14])-[#8&-:15])-[#1:27])-[#1:26])-[#1:25])-[#1:24])-[#1]	Any;Any
EVODEX.2-Em570_0	Any;Any	[#6:1]-[#6:2](=[#8:3])-[#8:4]-[#6:5]1:[#6:6](:[#6:7](:[#6:8](:[#6:9]2:[#6:10](:[#6:11](:[#6:12](:[#6:13](:[#6:14]:1:2)-[#1:25])-[#1:24])-[#1:23])-[#1:22])-[#1:21])-[#1:20])-[#1:19].[#8:15](-[#1])-[#1]>>[#6:1]-[#6:2](=[#8:3])-[#8:15]-[#1].[#8:4](-[#6:5]1:[#6:6](:[#6:7](:[#6:8](:[#6:9]2:[#6:10](:[#6:11](:[#6:12](:[#6:13](:[#6:14]:1:2)-[#1:25])-[#1:24])-[#1:23])-[#1:22])-[#1:21])-[#1:20])-[#1:19])-[#1]	Any;Any
EVODEX.2-Em571_0	Any	[#6]-[#6](-[#8:3]-[#6:4](=[#8:5])-[#6:6])(-[#1])-[#1]>>[#8:3](-[#6:4](=[#8:5])-[#6:6])-[#1]	Any
EVODEX.2-Em572_0	Any	[#6:3]-[#6:4](-[#8:5]-[#6:6](=[#8:7])-[#6@@:8])(-[#1:25])-[#1:26]>>[#6:3]-[#6:4](-[#8]-[#1])(-[#1:25])-[#1:26].[#8:5](-[#6:6](=[#8:7])-[#6@@:8])-[#1]	Any;Any
EVODEX.2-Em573_0	Any	[#6:2]-[#6:5](=[#8:6])-[#8:7]-[#6:8]1:[#6:9](:[#6:10](:[#6:11](:[#6:12](:[#6:13]:1-[#1:28])-[#1:27])-[#1:26])-[#1:25])-[#1:24]>>[#6:2]-[#6:5](=[#8:6])-[#8]-[#1].[#8:7](-[#6:8]1:[#6:9](:[#6:10](:[#6:11](:[#6:12](:[#6:13]:1-[#1:28])-[#1:27])-[#1:26])-[#1:25])-[#1:24])-[#1]	Any;Any
EVODEX.2-Em574_0	Any;Any	[#6:3]-[#6:4](=[#8:5])-[#8:6]-[#6:7]1:[#6:8](:[#6:9](:[#6:10]2:[#6:11](-[#6:12]):[#6:13](:[#6:14](=[#8:15]):[#8:16]:[#6:17]:2:[#6:18]:1-[#1:33])-[#1:32])-[#1:28])-[#1:27].[#8:19](-[#1])-[#1]>>[#6:3]-[#6:4](=[#8:5])-[#8:19]-[#1].[#8:6](-[#6:7]1:[#6:8](:[#6:9](:[#6:10]2:[#6:11](-[#6:12]):[#6:13](:[#6:14](=[#8:15]):[#8:16]:[#6:17]:2:[#6:18]:1-[#1:33])-[#1:32])-[#1:28])-[#1:27])-[#1]	Any;Any
EVODEX.2-Em575_0	Any	[#6:11]-[#6:12](=[#8:13])-[#8:14]-[#6:15]1:[#6:16](:[#6:17](:[#6:18]2:[#6:19](-[#6:20]):[#6:21](:[#6:22](=[#8:23]):[#8:24]:[#6:25]:2:[#6:26]:1-[#1:57])-[#1:56])-[#1:52])-[#1:51]>>[#6:11]-[#6:12](=[#8:13])-[#8]-[#1].[#8:14](-[#6:15]1:[#6:16](:[#6:17](:[#6:18]2:[#6:19](-[#6:20]):[#6:21](:[#6:22](=[#8:23]):[#8:24]:[#6:25]:2:[#6:26]:1-[#1:57])-[#1:56])-[#1:52])-[#1:51])-[#1]	Any;Any
EVODEX.2-Em576_0	Any;Any	[#6:15]-[#6:16](=[#8:17])-[#8]-[#6]1:[#6](:[#6](:[#6]2:[#6](-[#6]):[#6](:[#6](=[#8]):[#8]:[#6]:2:[#6]:1-[#1])-[#1])-[#1])-[#1].[#8:31](-[#1])-[#1]>>[#6:15]-[#6:16](=[#8:17])-[#8:31]-[#1]	Any
EVODEX.2-Em577_0	Any;Any	[#8:2]=[#6:3](-[#6:4])-[#8:9]-[#6:8].[#8:1](-[#1])-[#1]>>([#8:1](-[#6:3](=[#8:2])-[#6:4])-[#1].[#6:8]-[#8:9]-[#1])	Any
EVODEX.2-Em579_0	Any;Any	[#6:1]-[#6:2](-[#8:3]-[#6:4](=[#8:5])-[#6:6])(-[#1:23])-[#1:24].[#8:19](-[#1])-[#1]>>[#6:1]-[#6:2](-[#8:19]-[#1])(-[#1:23])-[#1:24].[#8:3](-[#6:4](=[#8:5])-[#6:6])-[#1]	Any;Any
EVODEX.2-Em580_0	Any;Any	[#6:1]-[#6:2](=[#8:3])-[#8:4]-[#6:5]1:[#6:6](:[#6:7](:[#6:8](:[#6:9](:[#6:10]:1-[#7&+:11](=[#8:12])-[#8&-:13])-[#1:21])-[#1:20])-[#1:19])-[#1:18].[#8:14](-[#1])-[#1]>>[#6:1]-[#6:2](=[#8:3])-[#8:14]-[#1].[#8:4](-[#6:5]1:[#6:6](:[#6:7](:[#6:8](:[#6:9](:[#6:10]:1-[#7&+:11](=[#8:12])-[#8&-:13])-[#1:21])-[#1:20])-[#1:19])-[#1:18])-[#1]	Any;Any
EVODEX.2-Em581_0	Any;Any	[#6:5]-[#6:13](=[#8:14])-[#8:15]-[#6:16]1:[#6:17](:[#6:18](:[#6:19]2:[#6:20](:[#6:21](:[#6:22](:[#6:23](:[#6:24]:2:[#6:25]:1-[#1:45])-[#1:44])-[#1:43])-[#1:42])-[#1:41])-[#1:40])-[#1:39].[#8:26](-[#1])-[#1]>>[#6:5]-[#6:13](=[#8:14])-[#8:26]-[#1].[#8:15](-[#6:16]1:[#6:17](:[#6:18](:[#6:19]2:[#6:20](:[#6:21](:[#6:22](:[#6:23](:[#6:24]:2:[#6:25]:1-[#1:45])-[#1:44])-[#1:43])-[#1:42])-[#1:41])-[#1:40])-[#1:39])-[#1]	Any;Any
EVODEX.2-Em582_0	Any;Any	[#6:1]-[#15:2](=[#8:3])(-[#8:4])-[#8:5]-[#6:6]1:[#6:7](:[#6:8](:[#6:9](-[#7&+:10](=[#8:11])-[#8&-:12]):[#6:13](:[#6:14]:1-[#1:23])-[#1:22])-[#1:21])-[#1:20].[#8:15](-[#1])-[#1]>>[#6:1]-[#15:2](=[#8:3])(-[#8:4])-[#8:5]-[#1].[#6:6]1(-[#8:15]-[#1]):[#6:7](:[#6:8](:[#6:9](-[#7&+:10](=[#8:11])-[#8&-:12]):[#6:13](:[#6:14]:1-[#1:23])-[#1:22])-[#1:21])-[#1:20]	Any;Any
EVODEX.2-Em583_0	Any	[#6:1]-[#15:2](=[#8:3])(-[#8:4])-[#8:5]-[#6]1:[#6](:[#6](:[#6](-[#7&+](=[#8])-[#8&-]):[#6](:[#6]:1-[#1])-[#1])-[#1])-[#1]>>[#6:1]-[#15:2](=[#8:3])(-[#8:4])-[#8:5]-[#1]	Any
EVODEX.2-Em584_0	Any	[#6:1]-[#15:2](=[#8:3])(-[#8:4])-[#8:5]-[#6:6]1:[#6:7](:[#6:8](:[#6:9](-[#7&+:10](=[#8:11])-[#8&-:12]):[#6:13](:[#6:14]:1-[#1:23])-[#1:22])-[#1:21])-[#1:20]>>[#6:1]-[#15:2](=[#8:3])(-[#8:4])-[#8:5]-[#1].[#6:6]1(-[#8]-[#1]):[#6:7](:[#6:8](:[#6:9](-[#7&+:10](=[#8:11])-[#8&-:12]):[#6:13](:[#6:14]:1-[#1:23])-[#1:22])-[#1:21])-[#1:20]	Any;Any
EVODEX.2-Em585_0	Any	[#6:1]-[#6:2](=[#8:3])-[#8:4]-[#6:5]>>[#6:1]-[#6:2](=[#8:3])-[#8]-[#1].[#8:4](-[#6:5])-[#1]	Any;Any
EVODEX.2-Em586_0	Any;Any	[#6:1]-[#6:2](=[#8:3])-[#8]-[#6]1:[#6](:[#6](:[#6]2:[#6](:[#6](:[#6](:[#6](:[#6]:2:[#6]:1-[#1])-[#1])-[#1])-[#1])-[#1])-[#1])-[#1].[#8:15](-[#1])-[#1]>>[#6:1]-[#6:2](=[#8:3])-[#8:15]-[#1]	Any
EVODEX.2-Em587_0	Any;Any	[#6:11]-[#6:12](=[#8:13])-[#8]-[#6]1:[#6](:[#6](:[#6](:[#6]2:[#6](:[#6](:[#6](:[#6](:[#6]:1:2)-[#1])-[#1])-[#1])-[#1])-[#1])-[#1])-[#1].[#8:25](-[#1])-[#1]>>[#6:11]-[#6:12](=[#8:13])-[#8:25]-[#1]	Any
EVODEX.2-Em588_0	Any	[#6:11]-[#6:12](=[#8:13])-[#8:14]-[#6:15]1:[#6:16](:[#6:17](:[#6:18](:[#6:19]2:[#6:20](:[#6:21](:[#6:22](:[#6:23](:[#6:24]:1:2)-[#1:55])-[#1:54])-[#1:53])-[#1:52])-[#1:51])-[#1:50])-[#1:49]>>[#6:11]-[#6:12](=[#8:13])-[#8]-[#1].[#8:14](-[#6:15]1:[#6:16](:[#6:17](:[#6:18](:[#6:19]2:[#6:20](:[#6:21](:[#6:22](:[#6:23](:[#6:24]:1:2)-[#1:55])-[#1:54])-[#1:53])-[#1:52])-[#1:51])-[#1:50])-[#1:49])-[#1]	Any;Any
EVODEX.2-Em590_0	Any;Any	[#6:10](-[#6@:9])(=[#8:11])-[#8:12]-[#6:13].[#8:27](-[#1])-[#1]>>[#6:10](-[#6@:9])(=[#8:11])-[#8:27]-[#1].[#8:12](-[#6:13])-[#1]	Any;Any
EVODEX.2-Em591_0	Any;Any	[#6:1]-[#6:2](=[#8:3])-[#8]-[#6]1:[#6](:[#6](:[#6](:[#6](:[#6]:1-[#1])-[#1])-[#1])-[#1])-[#1].[#8:11](-[#1])-[#1]>>[#6:1]-[#6:2](=[#8:3])-[#8:11]-[#1]	Any
EVODEX.2-Em592_0	Any	[#6:2]-[#6:3](=[#8:4])-[#8:5]-[#6:6]1:[#6:7](:[#6:8](:[#6:9]2:[#6:10](:[#6:11](:[#6:12](:[#6:13](:[#6:14]:2:[#6:15]:1-[#1:28])-[#1:27])-[#1:26])-[#1:25])-[#1:24])-[#1:23])-[#1:22]>>[#6:2]-[#6:3](=[#8:4])-[#8]-[#1].[#8:5](-[#6:6]1:[#6:7](:[#6:8](:[#6:9]2:[#6:10](:[#6:11](:[#6:12](:[#6:13](:[#6:14]:2:[#6:15]:1-[#1:28])-[#1:27])-[#1:26])-[#1:25])-[#1:24])-[#1:23])-[#1:22])-[#1]	Any;Any
EVODEX.2-Em593_0	Any	[#8:2]=[#6:3](-[#8:4]-[#6:5])-[#6@:10]>>([#8](-[#6:3](=[#8:2])-[#6@@:10])-[#1].[#6:5]-[#8:4]-[#1])	Any
EVODEX.2-Em594_0	Any	[#6:7]-[#6:8](-[#6:9])(-[#8:16]-[#6:17](=[#8:18])-[#6:19])-[#1:32]>>[#6:7]-[#6:8](-[#6:9])(-[#8]-[#1])-[#1:32].[#8:16](-[#6:17](=[#8:18])-[#6:19])-[#1]	Any;Any
EVODEX.2-Em595_0	Any;Any	[#6:1](-[#8:2]-[#6:3](=[#8:4])/[#6:5](=[#6:6](/[#6:7]1:[#6:8](:[#6:9](:[#6:10](-[#8:11]):[#6:12](-[#8:13]):[#6:15]:1-[#1:28])-[#1:23])-[#1:22])-[#1:21])-[#1:20])(-[#1:17])(-[#1:18])-[#1:19].[#8:16](-[#1])-[#1]>>[#6:1](-[#8:16]-[#1])(-[#1:17])(-[#1:18])-[#1:19].[#8:2](-[#6:3](=[#8:4])/[#6:5](=[#6:6](/[#6:7]1:[#6:8](:[#6:9](:[#6:10](-[#8:11]):[#6:12](-[#8:13]):[#6:15]:1-[#1:28])-[#1:23])-[#1:22])-[#1:21])-[#1:20])-[#1]	Any;Any
EVODEX.2-Em596_0	Any	[#6:1](-[#8:2]-[#6:3](=[#8:4])/[#6:5](=[#6:6](/[#6:7]1:[#6:8](:[#6:9](:[#6:10](-[#8:11]):[#6:12](-[#8:13]):[#6:15]:1-[#1:28])-[#1:23])-[#1:22])-[#1:21])-[#1:20])(-[#1:17])(-[#1:18])-[#1:19]>>[#6:1](-[#8]-[#1])(-[#1:17])(-[#1:18])-[#1:19].[#8:2](-[#6:3](=[#8:4])/[#6:5](=[#6:6](/[#6:7]1:[#6:8](:[#6:9](:[#6:10](-[#8:11]):[#6:12](-[#8:13]):[#6:15]:1-[#1:28])-[#1:23])-[#1:22])-[#1:21])-[#1:20])-[#1]	Any;Any
EVODEX.2-Em597_0	Any;Any	[#6:13]-[#6:14](=[#8:15])-[#8:16]-[#1].[#8:17](-[#6:18])-[#1]>>[#6:13]-[#6:14](=[#8:15])-[#8:17]-[#6:18].[#8:16](-[#1])-[#1]	Any;Any
EVODEX.2-Em598_0	Any;Any	[#6:1]-[#6:2]1=[#6:3](-[#6:4]-[#6:5](=[#8:6])-[#8:7]-1)-[#1:12].[#8:8](-[#1])-[#1]>>[#6:1]-[#6:2](-[#6:3](-[#6:4]-[#6:5](=[#8:6])-[#8:8]-[#1])(-[#1:12])-[#1])=[#8:7]	Any
EVODEX.2-Em599_0	Any	[#6:1]-[#6:2]1=[#6:3](-[#6:4]-[#6:5](=[#8:6])-[#8:7]-1)-[#1:12]>>[#6:1]-[#6:2](-[#6:3](-[#6:4]-[#6:5](=[#8:6])-[#8]-[#1])(-[#1:12])-[#1])=[#8:7]	Any
EVODEX.2-Em600_0	Any;Any	[#6:15]1-[#6@:14]-[#6:18](-[#8:17]-[#6:16]-1(-[#1:42])-[#1:43])=[#8:19].[#8:20](-[#1])-[#1]>>[#6:15](-[#6@@:14]-[#6:18](-[#8:17]-[#1])=[#8:19])-[#6:16](-[#8:20]-[#1])(-[#1:42])-[#1:43]	Any
EVODEX.2-Em601_0	Any	[#6:15]1-[#6@:14]-[#6:18](-[#8:17]-[#6:16]-1(-[#1:42])-[#1:43])=[#8:19]>>[#6:15](-[#6@@:14]-[#6:18](-[#8:17]-[#1])=[#8:19])-[#6:16](-[#8]-[#1])(-[#1:42])-[#1:43]	Any
EVODEX.2-Em602_0	Any	[#6:11]-[#6:12](-[#8:13]-[#6:14])(-[#1:77])-[#1:78]>>[#6:11]-[#6:12](-[#8]-[#1])(-[#1:77])-[#1:78].[#8:13](-[#6:14])-[#1]	Any;Any
EVODEX.2-Em604_0	Any	[#6:17]-[#6:18](=[#8:19])-[#7](-[#6]1:[#6](:[#6](:[#6]2:[#6](:[#6](:[#6](:[#6](:[#6]:2:[#6]:1-[#1])-[#1])-[#1])-[#1])-[#1])-[#1])-[#1])-[#1]>>[#6:17]-[#6:18](=[#8:19])-[#8]-[#1]	Any
EVODEX.2-Em605_0	Any;Any	[#6:6]-[#6:8](=[#8:9])-[#8:10]-[#6:11]1:[#6:12](:[#6:13](:[#6:14](-[#7&+:15](=[#8:16])-[#8&-:17]):[#6:18](:[#6:19]:1-[#1:39])-[#1:38])-[#1:37])-[#1:36].[#8:20](-[#1])-[#1]>>[#6:6]-[#6:8](=[#8:9])-[#8:20]-[#1].[#8:10](-[#6:11]1:[#6:12](:[#6:13](:[#6:14](-[#7&+:15](=[#8:16])-[#8&-:17]):[#6:18](:[#6:19]:1-[#1:39])-[#1:38])-[#1:37])-[#1:36])-[#1]	Any;Any
EVODEX.2-Em606_0	Any;Any	[#6:19]-[#6:20](-[#6:21])(-[#8:33]-[#6:34](=[#8:35])-[#6:36])-[#1:83].[#8:51](-[#1])-[#1]>>[#6:19]-[#6:20](-[#6:21])(-[#8:51]-[#1])-[#1:83].[#8:33](-[#6:34](=[#8:35])-[#6:36])-[#1]	Any;Any
EVODEX.2-Em607_0	Any;Any	[#6]-[#6](=[#8])-[#8]-[#6:5](-[#8:6])(-[#6@:18])-[#1:27].[#8:23](-[#1])-[#1]>>[#6:5](-[#8:23]-[#1])(-[#8:6])(-[#6@:18])-[#1:27]	Any
EVODEX.2-Em610_0	Any;Any	[#6:17]-[#8:18]-[#6:19](=[#8:20])-[#6@@:21].[#7:11](-[#6@@:10])(-[#1])-[#1]>>[#6:17]-[#8:18]-[#1].[#7:11](-[#6@@:10])(-[#6:19](=[#8:20])-[#6@@:21])-[#1]	Any;Any
EVODEX.2-Em611_0	Any;Any	[#6:2]-[#8:4]-[#1].[#7:15](-[#6@@:14])(-[#6:16](=[#8:17])-[#6@:18])-[#1]>>[#6:2]-[#8:4]-[#6:16](=[#8:17])-[#6@:18].[#7:15](-[#6@@:14])(-[#1])-[#1]	Any;Any
EVODEX.2-Em612_0	Any;Any	[#7:1](-[#6:2]1:[#6:3](:[#6:4](:[#6:5](-[#7&+:6](=[#8:7])-[#8&-:8]):[#6:9](-[#6:10](=[#8:11])-[#8:12]):[#6:13]:1-[#1:29])-[#1:27])-[#1:26])(-[#1])-[#1].[#8:14]=[#6:15](-[#8]-[#1])-[#6:17]>>[#7:1](-[#6:2]1:[#6:3](:[#6:4](:[#6:5](-[#7&+:6](=[#8:7])-[#8&-:8]):[#6:9](-[#6:10](=[#8:11])-[#8:12]):[#6:13]:1-[#1:29])-[#1:27])-[#1:26])(-[#6:15](=[#8:14])-[#6:17])-[#1]	Any
EVODEX.2-Em613_0	Any	[#8:14]=[#6:15](-[#8:16]-[#1])-[#6:17]>>[#7](-[#6]1:[#6](:[#6](:[#6](-[#7&+](=[#8])-[#8&-]):[#6](-[#6](=[#8])-[#8]):[#6]:1-[#1])-[#1])-[#1])(-[#6:15](=[#8:14])-[#6:17])-[#1].[#8:16](-[#1])-[#1]	Any;Any
EVODEX.2-Em614_0	Any;Any	[#6:3](-[#6@@:2])(=[#8:4])-[#7:5](-[#6:6]1:[#6:7](:[#6:8](:[#6:9](-[#7&+:10](=[#8:11])-[#8&-:12]):[#6:13](-[#6:14](=[#8:15])-[#8:16]):[#6:17]:1-[#1:32])-[#1:30])-[#1:29])-[#1].[#8:24](-[#1])-[#1]>>[#6:3](-[#6@@:2])(=[#8:4])-[#8:24]-[#1].[#7:5](-[#6:6]1:[#6:7](:[#6:8](:[#6:9](-[#7&+:10](=[#8:11])-[#8&-:12]):[#6:13](-[#6:14](=[#8:15])-[#8:16]):[#6:17]:1-[#1:32])-[#1:30])-[#1:29])(-[#1])-[#1]	Any;Any
EVODEX.2-Em615_0	Any;Any	[#6:3](-[#6@@:2])(=[#8:4])-[#7](-[#6]1:[#6](:[#6](:[#6](-[#7&+](=[#8])-[#8&-]):[#6](-[#6](=[#8])-[#8]):[#6]:1-[#1])-[#1])-[#1])-[#1].[#8:24](-[#1])-[#1]>>[#6:3](-[#6@@:2])(=[#8:4])-[#8:24]-[#1]	Any
EVODEX.2-Em616_0	Any	[#6:3](-[#6@@:2])(=[#8:4])-[#8]-[#1]>>[#6:3](-[#6@@:2])(=[#8:4])-[#7](-[#6]1:[#6](:[#6](:[#6](-[#7&+](=[#8])-[#8&-]):[#6](-[#6](=[#8])-[#8]):[#6]:1-[#1])-[#1])-[#1])-[#1]	Any
EVODEX.2-Em619_0	Any;Any	[#6:19]-[#6@@:20](-[#6@:5])(-[#8]-[#6](-[#6])=[#8])-[#1:43].[#8:25](-[#1])-[#1]>>[#6:19]-[#6@@:20](-[#6@:5])(-[#8:25]-[#1])-[#1:43]	Any
EVODEX.2-Em620_0	Any;Any	[#8:2]=[#7&+:3](-[#8&-:4])-[#6:5]1:[#6:6](:[#6:7](:[#6:8](-[#8:9]-[#6@@:10]):[#6:19](:[#6:20]:1-[#1:33])-[#1:32])-[#1:22])-[#1:21].[#8:1](-[#1])-[#1]>>[#8:1](-[#6:8]1:[#6:7](:[#6:6](:[#6:5](-[#7&+:3](=[#8:2])-[#8&-:4]):[#6:20](:[#6:19]:1-[#1:32])-[#1:33])-[#1:21])-[#1:22])-[#1].[#8:9](-[#6@@:10])-[#1]	Any;Any
EVODEX.2-Em621_0	Any;Any	[#6:17]-[#6:18](=[#8:19])-[#6:20](-[#8:21])(-[#6:22])-[#1:79].[#8:45](-[#1])-[#1]>>[#6:20](-[#8:21])(-[#6:22])(-[#1:79])-[#1].[#6:17]-[#6:18](=[#8:19])-[#8:45]-[#1]	Any;Any
EVODEX.2-Em622_0	Any	[#6:17]-[#6:18](=[#8:19])-[#6:20](-[#8:21])(-[#6:22])-[#1:60]>>[#6:20](-[#8:21])(-[#6:22])(-[#1:60])-[#1].[#6:17]-[#6:18](=[#8:19])-[#8]-[#1]	Any;Any
EVODEX.2-Em623_0	Any;Any	[#6:1]-[#6:2](=[#8:3])-[#7:4](-[#6:5]1:[#6:6](:[#6:7](:[#6:8](:[#6:9](:[#6:10]:1-[#7&+:11](=[#8:12])-[#8&-:13])-[#1:22])-[#1:21])-[#1:20])-[#1:19])-[#1].[#8:14](-[#1])-[#1]>>[#6:1]-[#6:2](=[#8:3])-[#8:14]-[#1].[#7:4](-[#6:5]1:[#6:6](:[#6:7](:[#6:8](:[#6:9](:[#6:10]:1-[#7&+:11](=[#8:12])-[#8&-:13])-[#1:22])-[#1:21])-[#1:20])-[#1:19])(-[#1])-[#1]	Any;Any
EVODEX.2-Em624_0	Any;Any	[#8:2]=[#6:3](-[#7](-[#6]1:[#6](:[#6](:[#6](:[#6](:[#6]:1-[#7&+](=[#8])-[#8&-])-[#1])-[#1])-[#1])-[#1])-[#1])-[#6:14].[#8:1](-[#1])-[#1]>>[#8:1](-[#6:3](=[#8:2])-[#6:14])-[#1]	Any
EVODEX.2-Em625_0	Any	[#8:2]=[#6:3](-[#7:4](-[#6:5]1:[#6:6](:[#6:7](:[#6:8](:[#6:9](:[#6:10]:1-[#7&+:11](=[#8:12])-[#8&-:13])-[#1:22])-[#1:21])-[#1:20])-[#1:19])-[#1])-[#6:14]>>[#7:4](-[#6:5]1:[#6:6](:[#6:7](:[#6:8](:[#6:9](:[#6:10]:1-[#7&+:11](=[#8:12])-[#8&-:13])-[#1:22])-[#1:21])-[#1:20])-[#1:19])(-[#1])-[#1].[#8](-[#6:3](=[#8:2])-[#6:14])-[#1]	Any;Any
EVODEX.2-Em626_0	Any	[#8:11]-[#15:12](=[#8:13])(-[#8:14])-[#8:15]-[#6]1:[#6](:[#6](:[#6](-[#7&+](=[#8])-[#8&-]):[#6](:[#6]:1-[#1])-[#1])-[#1])-[#1]>>[#8:11]-[#15:12](=[#8:13])(-[#8:14])-[#8:15]-[#1]	Any
EVODEX.2-Em627_0	Any;Any	[#8:11]-[#15:12](=[#8:13])(-[#8:14])-[#8:15]-[#6:16]1:[#6:17](:[#6:18](:[#6:19](-[#7&+:20](=[#8:21])-[#8&-:22]):[#6:23](:[#6:24]:1-[#1:42])-[#1:41])-[#1:40])-[#1:39].[#8:1](-[#1])-[#1]>>[#8:11]-[#15:12](=[#8:13])(-[#8:14])-[#8:15]-[#1].[#8:1](-[#6:16]1:[#6:17](:[#6:18](:[#6:19](-[#7&+:20](=[#8:21])-[#8&-:22]):[#6:23](:[#6:24]:1-[#1:42])-[#1:41])-[#1:40])-[#1:39])-[#1]	Any;Any
EVODEX.2-Em628_0	Any	[#8:9]-[#15:10](=[#8:11])(-[#8:12])-[#8:13]-[#6:14]1:[#6:15](:[#6:16](:[#6:17](-[#7&+:18](=[#8:19])-[#8&-:20]):[#6:21](:[#6:22]:1-[#1:31])-[#1:30])-[#1:29])-[#1:28]>>[#8:9]-[#15:10](=[#8:11])(-[#8:12])-[#8:13]-[#1].[#8](-[#6:14]1:[#6:15](:[#6:16](:[#6:17](-[#7&+:18](=[#8:19])-[#8&-:20]):[#6:21](:[#6:22]:1-[#1:31])-[#1:30])-[#1:29])-[#1:28])-[#1]	Any;Any
EVODEX.2-Em629_0	Any	[#6:1]-[#6:2](=[#8:3])-[#16:4]-[#6:5]>>[#6:1]-[#6:2](=[#8:3])-[#8]-[#1].[#16:4](-[#6:5])-[#1]	Any;Any
EVODEX.2-Em630_0	Any;Any	[#6:8]-[#6:9](=[#8:10])-[#16:11]-[#6:12].[#8:59](-[#1])-[#1]>>[#6:8]-[#6:9](=[#8:10])-[#8:59]-[#1].[#16:11](-[#6:12])-[#1]	Any;Any
EVODEX.2-Em631_0	Any;Any	[#7:35](-[#6@:34])(-[#6:36](=[#8:37])-[#8:38])-[#1].[#8:1](-[#1])-[#1]>>[#7:35](-[#6@:34])(-[#1])-[#1].[#8:1](-[#6:36](=[#8:37])-[#8:38])-[#1]	Any;Any
EVODEX.2-Em632_0	Any;Any	[#8:10]-[#15:11](=[#8:12])(-[#8:13])-[#8:14]-[#6@@:15](-[#6@@:16])(-[#6@@:30])-[#1:50].[#8:40](-[#1])-[#1]>>[#8:40](-[#6@@:15](-[#6@@:16])(-[#6@@:30])-[#1:50])-[#1].[#8:10]-[#15:11](=[#8:12])(-[#8:13])-[#8:14]-[#1]	Any;Any
EVODEX.2-Em633_0	Any;Any	[#6:22](-[#6@:20])(-[#8]-[#15](=[#8])(-[#8])-[#8])(-[#1:46])-[#1:47].[#8:32](-[#1])-[#1]>>[#6:22](-[#6@:20])(-[#8:32]-[#1])(-[#1:46])-[#1:47]	Any
EVODEX.2-Em634_0	Any	[#6:1]-[#8:2]-[#15:3](=[#8:4])(-[#8:5])-[#8:6]>>[#6:1]-[#8:2]-[#1].[#15:3](=[#8:4])(-[#8:5])(-[#8:6])-[#8]-[#1]	Any;Any
EVODEX.2-Em635_0	Any	[#6:12](-[#6@:10])(-[#8:13]-[#15:14](=[#8:15])(-[#8:16])-[#8:17])(-[#1:27])-[#1:28]>>[#8:13](-[#15:14](=[#8:15])(-[#8:16])-[#8:17])-[#1].[#8](-[#6:12](-[#6@:10])(-[#1:27])-[#1:28])-[#1]	Any;Any
EVODEX.2-Em636_0	Any;Any	[#6:9](-[#6@:8])(-[#8:10]-[#15:11](=[#8:12])(-[#8:13])-[#8:14])(-[#1:29])-[#1:30].[#8:22](-[#1])-[#1]>>[#6:9](-[#6@:8])(-[#8:22]-[#1])(-[#1:29])-[#1:30].[#8:10](-[#15:11](=[#8:12])(-[#8:13])-[#8:14])-[#1]	Any;Any
EVODEX.2-Em637_0	Any;Any	[#6:10]-[#6:11]1:[#6:12](:[#6:13](:[#6:14](-[#8:15]-[#15:16](=[#8:17])(-[#8:18])-[#8:19]):[#6:20](:[#6:21]:1-[#1:118])-[#1:117])-[#1:114])-[#1:113].[#8:98](-[#1])-[#1]>>[#6:10]-[#6:11]1:[#6:12](:[#6:13](:[#6:14](-[#8:98]-[#1]):[#6:20](:[#6:21]:1-[#1:118])-[#1:117])-[#1:114])-[#1:113].[#8:15](-[#15:16](=[#8:17])(-[#8:18])-[#8:19])-[#1]	Any;Any
EVODEX.2-Em638_0	Any;Any	[#8:2]=[#15:3](-[#8:4])(-[#8:5])-[#8:6]-[#6:7].[#8:1](-[#1])-[#1]>>[#8:1](-[#15:3](=[#8:2])(-[#8:4])-[#8:5])-[#1].[#8:6](-[#6:7])-[#1]	Any;Any
EVODEX.2-Em639_0	Any	[#6:72]-[#6:73]1:[#6:74](:[#6:75](:[#6:76](-[#8:77]-[#15:78](=[#8:79])(-[#8:80])-[#8:81]):[#6:82](:[#6:83]:1-[#1:193])-[#1:192])-[#1:189])-[#1:188]>>[#6:72]-[#6:73]1:[#6:74](:[#6:75](:[#6:76](-[#8]-[#1]):[#6:82](:[#6:83]:1-[#1:193])-[#1:192])-[#1:189])-[#1:188].[#8:77](-[#15:78](=[#8:79])(-[#8:80])-[#8:81])-[#1]	Any;Any
EVODEX.2-Em640_0	Any;Any	[#6:63]-[#6:64]1:[#6:65](:[#6:66](:[#6:67](-[#8]-[#15](=[#8])(-[#8])-[#8]):[#6:73](:[#6:74]:1-[#1:164])-[#1:163])-[#1:160])-[#1:159].[#8:96](-[#1])-[#1]>>[#6:63]-[#6:64]1:[#6:65](:[#6:66](:[#6:67](-[#8:96]-[#1]):[#6:73](:[#6:74]:1-[#1:164])-[#1:163])-[#1:160])-[#1:159]	Any
EVODEX.2-Em641_0	Any	[#6:38]-[#6@:37](-[#6@@:8])(-[#8]-[#15](=[#8])(-[#8])-[#8])-[#1:94]>>[#6:38]-[#6@@:37](-[#6@@:8])(-[#8]-[#1])-[#1:94]	Any
EVODEX.2-Em642_0	Any;Any	[#6:1]-[#6:2](-[#6:3])(-[#8]-[#15](=[#8])(-[#8])-[#8])-[#1:13].[#8:9](-[#1])-[#1]>>[#6:1]-[#6:2](-[#6:3])(-[#8:9]-[#1])-[#1:13]	Any
EVODEX.2-Em643_0	Any	[#8:2]=[#15:3](-[#8:4])(-[#8:5])-[#8:6]-[#6@@:7](-[#6:8])(-[#6@@:16])-[#1:20]>>[#8:2]=[#15:3](-[#8:4])(-[#8:5])-[#8:6]-[#1].[#8](-[#6@@:7](-[#6:8])(-[#6@@:16])-[#1:20])-[#1]	Any;Any
EVODEX.2-Em644_0	Any;Any	[#6:8]-[#6:9](-[#6:10])(-[#8]-[#16](=[#8])(=[#8])-[#8])-[#1:44].[#8:26](-[#1])-[#1]>>[#6:8]-[#6:9](-[#6:10])(-[#8:26]-[#1])-[#1:44]	Any
EVODEX.2-Em645_0	Any	[#6:8]-[#6:9](-[#6:10])(-[#8:21]-[#16:22](=[#8:23])(=[#8:24])-[#8:25])-[#1:44]>>[#6:8]-[#6:9](-[#6:10])(-[#8]-[#1])-[#1:44].[#8:21](-[#16:22](=[#8:23])(=[#8:24])-[#8:25])-[#1]	Any;Any
EVODEX.2-Em646_0	Any;Any	[#8:17]1-[#6@:16]-[#6@:22](-[#6@@:11])(-[#8:21]-[#15:18]-1(=[#8:19])-[#8:20])-[#1:35].[#8:23](-[#1])-[#1]>>[#8:17](-[#6@@:16]-[#6@@:22](-[#6@@:11])(-[#8:23]-[#1])-[#1:35])-[#15:18](=[#8:19])(-[#8:20])-[#8:21]-[#1]	Any
EVODEX.2-Em647_0	Any	[#8:15]1-[#6@:14]-[#6@:20](-[#6@@:9])(-[#8:19]-[#15:16]-1(=[#8:17])-[#8:18])-[#1:35]>>[#8:15](-[#6@@:14]-[#6@@:20](-[#6@@:9])(-[#8]-[#1])-[#1:35])-[#15:16](=[#8:17])(-[#8:18])-[#8:19]-[#1]	Any
EVODEX.2-Em648_0	Any;Any	[#6:10](-[#6@:9])(-[#8:11]-[#16:12](=[#8:13])(=[#8:14])-[#8:15])(-[#1:40])-[#1:41].[#8:31](-[#1])-[#1]>>[#6:10](-[#6@:9])(-[#8:31]-[#1])(-[#1:40])-[#1:41].[#8:11](-[#16:12](=[#8:13])(=[#8:14])-[#8:15])-[#1]	Any;Any
EVODEX.2-Em649_0	Any;Any	[#6:10](-[#6@:9])(-[#8]-[#16](=[#8])(=[#8])-[#8])(-[#1:40])-[#1:41].[#8:31](-[#1])-[#1]>>[#6:10](-[#6@:9])(-[#8:31]-[#1])(-[#1:40])-[#1:41]	Any
EVODEX.2-Em650_0	Any;Any	[#8:6](-[#6@:5](-[#6@@:3])(-[#6@@:11])-[#1:23])-[#16:7](=[#8:8])(=[#8:9])-[#8:10].[#8:17](-[#1])-[#1]>>[#8:17](-[#6@:5](-[#6@@:3])(-[#6@@:11])-[#1:23])-[#1].[#8:6](-[#16:7](=[#8:8])(=[#8:9])-[#8:10])-[#1]	Any;Any
EVODEX.2-Em651_0	Any;Any	[#6:4]-[#16:5]-[#6:6](-[#6@:7])(-[#1:35])-[#1:36].[#8:27](-[#1])-[#1]>>[#6:6](-[#6@:7])(-[#8:27]-[#1])(-[#1:35])-[#1:36].[#6:4]-[#16:5]-[#1]	Any;Any
EVODEX.2-Em652_0	Any	[#8]=[#7&+](-[#8&-])-[#6]1:[#6](:[#6](:[#6](-[#8:9]-[#6@:10]):[#6](:[#6]:1-[#1])-[#1])-[#1])-[#1]>>[#8:9](-[#6@:10])-[#1]	Any
EVODEX.2-Em653_0	Any	[#8:2]=[#7&+:3](-[#8&-:4])-[#6:5]1:[#6:6](:[#6:7](:[#6:8](-[#8:9]-[#6@:10]):[#6:87](:[#6:88]:1-[#1:163])-[#1:162])-[#1:90])-[#1:89]>>[#8](-[#6:8]1:[#6:7](:[#6:6](:[#6:5](-[#7&+:3](=[#8:2])-[#8&-:4]):[#6:88](:[#6:87]:1-[#1:162])-[#1:163])-[#1:89])-[#1:90])-[#1].[#8:9](-[#6@:10])-[#1]	Any;Any
EVODEX.2-Em654_0	Any;Any	[#8](-[#6@:49](-[#6@@:47])(-[#8:60])-[#1:134])-[#6]1:[#6](:[#6](:[#6](-[#7&+](=[#8])-[#8&-]):[#6](:[#6]:1-[#1])-[#1])-[#1])-[#1].[#8:90](-[#1])-[#1]>>[#8:90](-[#6@:49](-[#6@@:47])(-[#8:60])-[#1:134])-[#1]	Any
EVODEX.2-Em656_0	Any;Any;Any	[#8:1](-[#1])-[#1].[#8:2](-[#1])-[#1].([#8:6]-[#6@:7](-[#8:8]-[#6:9])(-[#6@@:42])-[#1:56].[#8:11]-[#6@:12](-[#8:13]-[#6:14])(-[#6@@:36])-[#1:60])>>[#8:13](-[#6:14])-[#1].([#8:1](-[#6:12](-[#8:11])(-[#6@@:36])-[#1:60])-[#1].[#6:9]-[#8:8]-[#1]).[#8:2](-[#6:7](-[#8:6])(-[#6@@:42])-[#1:56])-[#1]	Any;Any;Any
EVODEX.2-Em657_0	Any	[#8:33](-[#6@@:32](-[#6@:23])(-[#6@:30])-[#1:84])-[#6@:34]>>[#8](-[#6@@:32](-[#6@:23])(-[#6@:30])-[#1:84])-[#1].[#8:33](-[#6@:34])-[#1]	Any;Any
EVODEX.2-Em658_0	Any	[#6:1]-[#6:2]1:[#6:3](:[#6:4](=[#8:5]):[#8:6]:[#6:7]2:[#6:8](:[#6:9](-[#8:10]-[#6@:11]):[#6:26](:[#6:27](:[#6:28]:1:2)-[#1:48])-[#1:47])-[#1:34])-[#1:33]>>[#6:1]-[#6:2]1:[#6:3](:[#6:4](=[#8:5]):[#8:6]:[#6:7]2:[#6:8](:[#6:9](-[#8]-[#1]):[#6:26](:[#6:27](:[#6:28]:1:2)-[#1:48])-[#1:47])-[#1:34])-[#1:33].[#8:10](-[#6@:11])-[#1]	Any;Any
EVODEX.2-Em659_0	Any;Any	[#6:11](-[#6@@:10])(-[#8:12]-[#6@@:13])(-[#1:37])-[#1:38].[#8:26](-[#1])-[#1]>>[#6:11](-[#6@@:10])(-[#8:26]-[#1])(-[#1:37])-[#1:38].[#8:12](-[#6@@:13])-[#1]	Any;Any
EVODEX.2-Em660_0	Any;Any	[#8:16](-[#6@:15](-[#6@:12])(-[#6@:45])-[#1:72])-[#6@@:17].[#8:58](-[#1])-[#1]>>[#8:58](-[#6@:15](-[#6@:12])(-[#6@:45])-[#1:72])-[#1].[#8:16](-[#6@@:17])-[#1]	Any;Any
EVODEX.2-Em661_0	Any;Any	[#6:1]-[#6:2]1:[#6:3](:[#6:4](=[#8:5]):[#8:6]:[#6:7]2:[#6:8](:[#6:9](-[#8:10]-[#6@@:11]):[#6:33](:[#6:34](:[#6:35]:1:2)-[#1:66])-[#1:65])-[#1:41])-[#1:40].[#8:36](-[#1])-[#1]>>[#6:1]-[#6:2]1:[#6:3](:[#6:4](=[#8:5]):[#8:6]:[#6:7]2:[#6:8](:[#6:9](-[#8:36]-[#1]):[#6:33](:[#6:34](:[#6:35]:1:2)-[#1:66])-[#1:65])-[#1:41])-[#1:40].[#8:10](-[#6@@:11])-[#1]	Any;Any
EVODEX.2-Em662_0	Any;Any	[#8:16](-[#6@:15])-[#6@:17](-[#6:18](=[#8:19])-[#8:20])(-[#6:21])-[#8:36].[#8:69](-[#1])-[#1]>>[#6:18](-[#6@@:17](-[#8:69]-[#1])(-[#6:21])-[#8:36])(=[#8:19])-[#8:20].[#8:16](-[#6@:15])-[#1]	Any;Any
EVODEX.2-Em663_0	Any	[#6]-[#6]1:[#6](:[#6](=[#8]):[#8]:[#6]2:[#6](:[#6](-[#8:10]-[#6@:11]):[#6](:[#6](:[#6]:1:2)-[#1])-[#1])-[#1])-[#1]>>[#8:10](-[#6@:11])-[#1]	Any
EVODEX.2-Em664_0	Any	[#8:6]/[#7:7]=[#6:8](/[#6:9])-[#16:19]-[#6@](-[#8])(-[#6@])-[#1]>>[#8:6]/[#7:7]=[#6:8](/[#6:9])-[#16:19]-[#1]	Any
EVODEX.2-Em665_0	Any	[#8:6]/[#7:7]=[#6:8](/[#6:9])-[#16:19]-[#6@:20](-[#8:21])(-[#6@:29])-[#1:40]>>[#8:6]/[#7:7]=[#6:8](/[#6:9])-[#16:19]-[#1].[#8](-[#6@:20](-[#8:21])(-[#6@:29])-[#1:40])-[#1]	Any;Any
EVODEX.2-Em666_0	Any;Any	[#6:5]/[#6:6](=[#7:7]/[#8:8])-[#16:13]-[#6@:14](-[#8:15])(-[#6@:23])-[#1:34].[#8:25](-[#1])-[#1]>>[#6:5]/[#6:6](=[#7:7]/[#8:8])-[#16:13]-[#1].[#6:14](-[#8:25]-[#1])(-[#8:15])(-[#6@:23])-[#1:34]	Any;Any
EVODEX.2-Em667_0	Any	[#8:13]-[#6@@:14](-[#8:15]-[#6@:16])(-[#6:38](=[#8:39])-[#8:40])-[#6:41]>>[#8:13]-[#6@@:14](-[#6:38](=[#8:39])-[#8:40])(-[#8]-[#1])-[#6:41].[#8:15](-[#6@:16])-[#1]	Any;Any
EVODEX.2-Em668_0	Any;Any	[#7:14]-[#8:15]-[#6@:16](-[#8:17])(-[#6@:25])-[#1:36].[#8:27](-[#1])-[#1]>>[#8:27](-[#6@:16](-[#8:17])(-[#6@:25])-[#1:36])-[#1].[#7:14]-[#8:15]-[#1]	Any;Any
EVODEX.2-Em669_0	Any	[#7:14]-[#8:15]-[#6@:16](-[#8:17])(-[#6@:25])-[#1:36]>>[#8](-[#6@:16](-[#8:17])(-[#6@:25])-[#1:36])-[#1].[#7:14]-[#8:15]-[#1]	Any;Any
EVODEX.2-Em670_0	Any;Any	[#6:61](-[#6@:2])(-[#8]-[#6@@])(-[#1:146])-[#1:147].[#8:74](-[#1])-[#1]>>[#6:61](-[#6@:2])(-[#8:74]-[#1])(-[#1:146])-[#1:147]	Any
EVODEX.2-Em671_0	Any;Any	[#6:8]-[#6:9]1(-[#8:10]-[#6:11]-1)-[#1:40].[#8:24](-[#1])-[#1]>>[#6:8]-[#6:9](-[#6:11]-[#8:10]-[#1])(-[#8:24]-[#1])-[#1:40]	Any
EVODEX.2-Em672_0	Any;Any	[#6:6](-[#6@:4])(=[#8:7])-[#7:8](-[#6:9]1:[#6:10](:[#6:11](:[#6:12]2:[#6:13](:[#6:14](:[#6:15](:[#6:16](:[#6:17]:2:[#6:18]:1-[#1:37])-[#1:36])-[#1:35])-[#1:34])-[#1:33])-[#1:32])-[#1:31])-[#1].[#8:19](-[#1])-[#1]>>[#6:6](-[#6@:4])(=[#8:7])-[#8:19]-[#1].[#7:8](-[#6:9]1:[#6:10](:[#6:11](:[#6:12]2:[#6:13](:[#6:14](:[#6:15](:[#6:16](:[#6:17]:2:[#6:18]:1-[#1:37])-[#1:36])-[#1:35])-[#1:34])-[#1:33])-[#1:32])-[#1:31])(-[#1])-[#1]	Any;Any
EVODEX.2-Em673_0	Any	[#6:8]-[#6:9]1(-[#8:10]-[#6:11]-1)-[#1:20]>>[#8](-[#6:9](-[#6:8])(-[#6:11]-[#8:10]-[#1])-[#1:20])-[#1]	Any
EVODEX.2-Em675_0	Any	[#6:7](-[#6@:5])(=[#8:8])-[#7:9](-[#6:10]1:[#6:11](:[#6:12](:[#6:13]2:[#6:14](-[#6:15]):[#6:19](:[#6:20](=[#8:21]):[#8:22]:[#6:23]:2:[#6:24]:1-[#1:42])-[#1:41])-[#1:40])-[#1:39])-[#1]>>[#6:7](-[#6@:5])(=[#8:8])-[#8]-[#1].[#7:9](-[#6:10]1:[#6:11](:[#6:12](:[#6:13]2:[#6:14](-[#6:15]):[#6:19](:[#6:20](=[#8:21]):[#8:22]:[#6:23]:2:[#6:24]:1-[#1:42])-[#1:41])-[#1:40])-[#1:39])(-[#1])-[#1]	Any;Any
EVODEX.2-Em676_0	Any	[#6]-[#6]1=[#6](-[#6]-[#8]-[#6]2:[#6](:[#6](-[#7](-[#6:10](=[#8:11])-[#6@@:12])-[#1]):[#6](:[#6](:[#6]:2-1)-[#1])-[#1])-[#1])-[#1]>>[#6:10](=[#8:11])(-[#6@@:12])-[#8]-[#1]	Any
EVODEX.2-Em677_0	Any	[#6:10](-[#6@@:2])(=[#8:11])-[#7:12](-[#6:13]1:[#6:14](:[#6:15](:[#6:16]2:[#6:17](:[#6:18](:[#6:19](:[#6:20](:[#6:21]:2:[#6:22]:1-[#1:41])-[#1:40])-[#1:39])-[#1:38])-[#1:37])-[#1:36])-[#1:35])-[#1]>>[#7:12](-[#6:13]1:[#6:14](:[#6:15](:[#6:16]2:[#6:17](:[#6:18](:[#6:19](:[#6:20](:[#6:21]:2:[#6:22]:1-[#1:41])-[#1:40])-[#1:39])-[#1:38])-[#1:37])-[#1:36])-[#1:35])(-[#1])-[#1].[#6:10](-[#6@@:2])(=[#8:11])-[#8]-[#1]	Any;Any
EVODEX.2-Em679_0	Any;Any	[#6:12](-[#6@:2])(-[#7](-[#1])-[#1])=[#8:14].[#8:15](-[#1])-[#1]>>[#6:12](-[#6@:2])(=[#8:14])-[#8:15]-[#1]	Any
EVODEX.2-Em680_0	Any;Any;Any	[#6:7](-[#6@:5])(=[#8:8])-[#7:9](-[#6@@:10]-[#6:16](=[#8:17])-[#7:18](-[#6@@:19])-[#1])-[#1].[#8:94](-[#1])-[#1].[#8:95](-[#1])-[#1]>>[#6:7](-[#6@:5])(=[#8:8])-[#8:94]-[#1].[#7:18](-[#6@@:19])(-[#1])-[#1].[#7:9](-[#6@@:10]-[#6:16](=[#8:17])-[#8:95]-[#1])(-[#1])-[#1]	Any;Any;Any
EVODEX.2-Em681_0	Any	[#6:7](-[#6@:5])(=[#8:8])-[#7:9](-[#6@@:10]-[#6:16](=[#8:17])-[#7:18](-[#6@@:19])-[#1])-[#1]>>[#6:7](-[#6@:5])(=[#8:8])-[#8]-[#1].[#7:18](-[#6@@:19])(-[#1])-[#1].[#7:9](-[#6@@:10]-[#6:16](=[#8:17])-[#8]-[#1])(-[#1])-[#1]	Any;Any;Any
EVODEX.2-Em684_0	Any	[#6:2]-[#6:3](=[#8:4])-[#7](-[#6]1:[#6](:[#6](:[#6](-[#7&+](=[#8])-[#8&-]):[#6](:[#6]:1-[#1])-[#1])-[#1])-[#1])-[#1]>>[#6:2]-[#6:3](=[#8:4])-[#8]-[#1]	Any
EVODEX.2-Em685_0	Any;Any	[#6:8](-[#6@@:2])(=[#8:9])-[#7](-[#6]1:[#6](:[#6](:[#6]2:[#6](:[#6](:[#6](:[#6](:[#6]:2:[#6]:1-[#1])-[#1])-[#1])-[#1])-[#1])-[#1])-[#1])-[#1].[#8:21](-[#1])-[#1]>>[#6:8](-[#6@@:2])(=[#8:9])-[#8:21]-[#1]	Any
EVODEX.2-Em687_0	Any;Any	[#6:24]-[#7:25](-[#6:26](=[#7:27]-[#1])-[#7:28])-[#1].[#8:43](-[#1])-[#1]>>[#6:26](=[#7:27]-[#1])(-[#7:28])-[#8:43]-[#1].[#6:24]-[#7:25](-[#1])-[#1]	Any;Any
EVODEX.2-Em688_0	Any	[#6:24]-[#7:25](-[#6:26](=[#7:27]-[#1])-[#7:28])-[#1]>>[#6:26](=[#7:27]-[#1])(-[#7:28])-[#8]-[#1].[#6:24]-[#7:25](-[#1])-[#1]	Any;Any
EVODEX.2-Em689_0	Any;Any	[#7:8](-[#6@:6])(-[#6:9](=[#8:10])-[#6:11](-[#7:12])(-[#6:13])-[#1:32])-[#1].[#8:21](-[#1])-[#1]>>[#6:9](=[#8:10])(-[#6@@:11](-[#7:12])(-[#6:13])-[#1:32])-[#8:21]-[#1].[#7:8](-[#6@:6])(-[#1])-[#1]	Any;Any
EVODEX.2-Em690_0	Any;Any	[#7:13](-[#6:14]1:[#6:15](:[#6:16](:[#6:17](-[#7&+:18](=[#8:19])-[#8&-:20]):[#6:21](:[#6:22]:1-[#1:28])-[#1:27])-[#1:26])-[#1:25])(-[#1])-[#1].[#6:10](-[#6@:8])(=[#8:11])-[#8]-[#1]>>[#6:10](-[#6@:8])(=[#8:11])-[#7:13](-[#6:14]1:[#6:15](:[#6:16](:[#6:17](-[#7&+:18](=[#8:19])-[#8&-:20]):[#6:21](:[#6:22]:1-[#1:28])-[#1:27])-[#1:26])-[#1:25])-[#1]	Any
EVODEX.2-Em691_0	Any;Any	[#6:7](-[#6@:5])(=[#8:8])-[#8:9]-[#1].[#7:10](-[#6:11]1:[#6:12](:[#6:13](:[#6:14](-[#7&+:15](=[#8:16])-[#8&-:17]):[#6:18](:[#6:19]:1-[#1:38])-[#1:37])-[#1:36])-[#1:35])(-[#1])-[#1]>>[#6:7](-[#6@:5])(=[#8:8])-[#7:10](-[#6:11]1:[#6:12](:[#6:13](:[#6:14](-[#7&+:15](=[#8:16])-[#8&-:17]):[#6:18](:[#6:19]:1-[#1:38])-[#1:37])-[#1:36])-[#1:35])-[#1].[#8:9](-[#1])-[#1]	Any;Any
EVODEX.2-Em692_0	Any	[#6:10](-[#6@@:2])(=[#8:11])-[#8]-[#1]>>[#6:10](-[#6@@:2])(=[#8:11])-[#7](-[#6]1:[#6](:[#6](:[#6](-[#7&+](=[#8])-[#8&-]):[#6](:[#6]:1-[#1])-[#1])-[#1])-[#1])-[#1]	Any
EVODEX.2-Em693_0	Any	[#6:7]-[#6:8](=[#8:9])-[#7:10](-[#6@@:11])-[#1]>>[#6:7]-[#6:8](=[#8:9])-[#8]-[#1].[#7:10](-[#6@@:11])(-[#1])-[#1]	Any;Any
EVODEX.2-Em694_0	Any;Any	[#6]-[#6]1=[#6](-[#6]-[#8]-[#6]2:[#6](:[#6](-[#7](-[#6:10](=[#8:11])-[#6@@:12])-[#1]):[#6](:[#6](:[#6]:2-1)-[#1])-[#1])-[#1])-[#1].[#8:26](-[#1])-[#1]>>[#6:10](=[#8:11])(-[#6@@:12])-[#8:26]-[#1]	Any
EVODEX.2-Em695_0	Any;Any	[#6:10](-[#6@:8])(=[#8:11])-[#7:12](-[#6@@:13])-[#1].[#8:21](-[#1])-[#1]>>[#7:12](-[#6@@:13])(-[#1])-[#1].[#6:10](-[#6@:8])(=[#8:11])-[#8:21]-[#1]	Any;Any
EVODEX.2-Em696_0	Any	[#6:7](-[#6@:5])(=[#8:8])-[#7:9](-[#6:10])-[#6@:13]>>[#6:7](-[#6@:5])(=[#8:8])-[#8]-[#1].[#7:9](-[#6:10])(-[#6@:13])-[#1]	Any;Any
EVODEX.2-Em697_0	Any;Any	[#6:4](-[#6@:2])(=[#8:5])-[#7:6](-[#6:7])-[#6@:10].[#8:18](-[#1])-[#1]>>[#6:4](-[#6@:2])(=[#8:5])-[#8:18]-[#1].[#7:6](-[#6:7])(-[#6@:10])-[#1]	Any;Any
EVODEX.2-Em698_0	Any;Any	[#6:4]-[#6:5](-[#7:6](-[#6:7](=[#8:8])-[#6:9](-[#6:10])(-[#7:13])-[#1:29])-[#1])(-[#6:14](-[#7:15])=[#8:16])-[#1:27].[#8:17](-[#1])-[#1]>>[#6:7](=[#8:8])(-[#6@:9](-[#6:10])(-[#7:13])-[#1:29])-[#8:17]-[#1].[#6:4]-[#6@:5](-[#7:6](-[#1])-[#1])(-[#6:14](-[#7:15])=[#8:16])-[#1:27]	Any;Any
EVODEX.2-Em699_0	Any;Any	[#8:2]-[#6:3]1:[#6:4](:[#6:5](-[#7:6](-[#6:7](=[#8:8])-[#6@:9])-[#1]):[#6:22](:[#6:23]2:[#6:24](:[#6:25](:[#6:26](:[#6:27](:[#6:28]:1:2)-[#1:55])-[#1:54])-[#1:53])-[#1:52])-[#1:51])-[#1:33].[#8:29](-[#1])-[#1]>>[#6:7](=[#8:8])(-[#6@:9])-[#8:29]-[#1].[#8:2]-[#6:3]1:[#6:4](:[#6:5](-[#7:6](-[#1])-[#1]):[#6:22](:[#6:23]2:[#6:24](:[#6:25](:[#6:26](:[#6:27](:[#6:28]:1:2)-[#1:55])-[#1:54])-[#1:53])-[#1:52])-[#1:51])-[#1:33]	Any;Any
EVODEX.2-Em700_0	Any;Any	[#8]-[#6]1:[#6](:[#6](-[#7](-[#6:7](=[#8:8])-[#6@:9])-[#1]):[#6](:[#6]2:[#6](:[#6](:[#6](:[#6](:[#6]:1:2)-[#1])-[#1])-[#1])-[#1])-[#1])-[#1].[#8:29](-[#1])-[#1]>>[#6:7](=[#8:8])(-[#6@:9])-[#8:29]-[#1]	Any
EVODEX.2-Em701_0	Any	[#6:13](-[#6@:5])(-[#7:14](-[#1])-[#1])=[#8:15]>>[#6:13](-[#6@:5])(=[#8:15])-[#8]-[#1].[#7:14](-[#1])(-[#1])-[#1]	Any;Any
EVODEX.2-Em702_0	Any;Any;Any	([#6:9](-[#6@@:7])(=[#8:10])-[#7:11](-[#6@@:12])-[#1].[#6:19](-[#6@@:17])(=[#8:20])-[#7:21](-[#6@@:22])-[#1]).[#8:32](-[#1])-[#1].[#8:33](-[#1])-[#1]>>[#6:9](-[#6@@:7])(=[#8:10])-[#8:32]-[#1].([#7:11](-[#6@@:12])(-[#1])-[#1].[#6:19](-[#6@@:17])(=[#8:20])-[#8:33]-[#1]).[#7:21](-[#6@@:22])(-[#1])-[#1]	Any;Any;Any
EVODEX.2-Em703_0	Any	[#8:2]-[#6:3]1:[#6:4](:[#6:5](-[#7:6](-[#6:7](=[#8:8])-[#6@:9])-[#1]):[#6:16](:[#6:17]2:[#6:18](:[#6:19](:[#6:20](:[#6:21](:[#6:22]:1:2)-[#1:42])-[#1:41])-[#1:40])-[#1:39])-[#1:38])-[#1:27]>>[#6:7](=[#8:8])(-[#6@:9])-[#8]-[#1].[#8:2]-[#6:3]1:[#6:4](:[#6:5](-[#7:6](-[#1])-[#1]):[#6:16](:[#6:17]2:[#6:18](:[#6:19](:[#6:20](:[#6:21](:[#6:22]:1:2)-[#1:42])-[#1:41])-[#1:40])-[#1:39])-[#1:38])-[#1:27]	Any;Any
EVODEX.2-Em704_0	Any;Any	[#6:14](-[#6@:2])(=[#8:15])-[#7](-[#6]1:[#6](:[#6](:[#6](-[#7&+](=[#8])-[#8&-]):[#6](:[#6]:1-[#1])-[#1])-[#1])-[#1])-[#1].[#8:26](-[#1])-[#1]>>[#6:14](-[#6@:2])(=[#8:15])-[#8:26]-[#1]	Any
EVODEX.2-Em705_0	Any	[#6:9](-[#6@@:7])(=[#8:10])-[#7](-[#6]1:[#6](:[#6](:[#6](:[#6](:[#6]:1-[#7&+](=[#8])-[#8&-])-[#1])-[#1])-[#1])-[#1])-[#1]>>[#6:9](-[#6@@:7])(=[#8:10])-[#8]-[#1]	Any
EVODEX.2-Em706_0	Any	[#6:14](-[#6@:13])(=[#8:15])-[#7:16](-[#6:17]1:[#6:18](:[#6:19](:[#6:20]2:[#6:21](:[#6:22]:1-[#1:51])-[#8:23]-[#6:24]-[#6:25](=[#6:26]-2-[#6:27])-[#1:54])-[#1:50])-[#1:49])-[#1]>>[#6:14](-[#6@:13])(=[#8:15])-[#8]-[#1].[#7:16](-[#6:17]1:[#6:18](:[#6:19](:[#6:20]2:[#6:21](:[#6:22]:1-[#1:51])-[#8:23]-[#6:24]-[#6:25](=[#6:26]-2-[#6:27])-[#1:54])-[#1:50])-[#1:49])(-[#1])-[#1]	Any;Any
EVODEX.2-Em707_0	Any	[#6:14](-[#6@:13])(=[#8:15])-[#7:16](-[#6:17]1:[#6:18](:[#6:19](:[#6:20](:[#6:21](:[#6:22]:1-[#1:64])-[#8:23])-[#6:31])-[#1:63])-[#1:62])-[#1]>>[#6:14](-[#6@:13])(=[#8:15])-[#8]-[#1].[#7:16](-[#6:17]1:[#6:18](:[#6:19](:[#6:20](:[#6:21](:[#6:22]:1-[#1:64])-[#8:23])-[#6:31])-[#1:63])-[#1:62])(-[#1])-[#1]	Any;Any
EVODEX.2-Em708_0	Any	[#7:5]-[#6:9](-[#6:8])(-[#6:10](=[#8:11])-[#7:12](-[#6:13])-[#1])-[#1:28]>>[#7:12](-[#6:13])(-[#1])-[#1].[#7:5]-[#6@@:9](-[#6:8])(-[#6:10](=[#8:11])-[#8]-[#1])-[#1:28]	Any;Any
EVODEX.2-Em709_0	Any;Any	[#6:14](-[#6@:13])(=[#8:15])-[#7:16](-[#6:17]1:[#6:18](:[#6:19](:[#6:20](-[#7&+:21](=[#8:22])-[#8&-:23]):[#6:24](:[#6:25]:1-[#1:50])-[#1:49])-[#1:48])-[#1:47])-[#1].[#8:26](-[#1])-[#1]>>[#6:14](-[#6@:13])(=[#8:15])-[#8:26]-[#1].[#7:16](-[#6:17]1:[#6:18](:[#6:19](:[#6:20](-[#7&+:21](=[#8:22])-[#8&-:23]):[#6:24](:[#6:25]:1-[#1:50])-[#1:49])-[#1:48])-[#1:47])(-[#1])-[#1]	Any;Any
EVODEX.2-Em710_0	Any	[#8]-[#6]1:[#6](:[#6](-[#7](-[#6:7](=[#8:8])-[#6@@:9])-[#1]):[#6](:[#6]2:[#6](:[#6](:[#6](:[#6](:[#6]:1:2)-[#1])-[#1])-[#1])-[#1])-[#1])-[#1]>>[#6:7](=[#8:8])(-[#6@@:9])-[#8]-[#1]	Any
EVODEX.2-Em711_0	Any;Any	[#6:10](-[#6@:9])(=[#8:11])-[#7:12](-[#6:13]1:[#6:14](:[#6:15](:[#6:16](:[#6:17](:[#6:18]:1-[#1:56])-[#8:19])-[#6:31])-[#1:55])-[#1:54])-[#1].[#8:41](-[#1])-[#1]>>[#7:12](-[#6:13]1:[#6:14](:[#6:15](:[#6:16](:[#6:17](:[#6:18]:1-[#1:56])-[#8:19])-[#6:31])-[#1:55])-[#1:54])(-[#1])-[#1].[#6:10](-[#6@:9])(=[#8:11])-[#8:41]-[#1]	Any;Any
EVODEX.2-Em712_0	Any;Any	[#6:18](-[#6@:5])(=[#8:19])-[#7:20](-[#6:21]1:[#6:22](:[#6:23](:[#6:24]2:[#6:25](:[#6:26]:1-[#1:56])-[#8:27]-[#6:28]-[#6:29](=[#6:30]-2-[#6:31])-[#1:59])-[#1:55])-[#1:54])-[#1].[#8:32](-[#1])-[#1]>>[#6:18](-[#6@:5])(=[#8:19])-[#8:32]-[#1].[#7:20](-[#6:21]1:[#6:22](:[#6:23](:[#6:24]2:[#6:25](:[#6:26]:1-[#1:56])-[#8:27]-[#6:28]-[#6:29](=[#6:30]-2-[#6:31])-[#1:59])-[#1:55])-[#1:54])(-[#1])-[#1]	Any;Any
EVODEX.2-Em713_0	Any	([#7:25](-[#6@:20])(-[#6:26](=[#8:27])-[#6:28])-[#1].[#6:42](-[#6@:5])(=[#8:43])-[#7:44](-[#6@@:45])-[#1])>>[#6:26](=[#8:27])(-[#6:28])-[#8]-[#1].([#7:25](-[#6@:20])(-[#1])-[#1].[#6:42](-[#6@:5])(=[#8:43])-[#8]-[#1]).[#7:44](-[#6@@:45])(-[#1])-[#1]	Any;Any;Any
EVODEX.2-Em714_0	Any;Any	[#7:17]-[#6:18](=[#8:19])-[#6@:20](-[#6:21])(-[#7:22](-[#6:23](=[#8:24])-[#6@:25])-[#1])-[#1:63].[#8:40](-[#1])-[#1]>>[#6:23](=[#8:24])(-[#6@:25])-[#8:40]-[#1].[#7:17]-[#6:18](=[#8:19])-[#6:20](-[#6:21])(-[#7:22](-[#1])-[#1])-[#1:63]	Any;Any
EVODEX.2-Em715_0	Any	[#6:21](-[#6@:20])(=[#8:22])-[#7:23](-[#6:24]1:[#6:25](:[#6:26](:[#6:27](-[#7&+:28](=[#8:29])-[#8&-:30]):[#6:31](:[#6:32]:1-[#1:57])-[#1:56])-[#1:55])-[#1:54])-[#1]>>[#6:21](-[#6@:20])(=[#8:22])-[#8]-[#1].[#7:23](-[#6:24]1:[#6:25](:[#6:26](:[#6:27](-[#7&+:28](=[#8:29])-[#8&-:30]):[#6:31](:[#6:32]:1-[#1:57])-[#1:56])-[#1:55])-[#1:54])(-[#1])-[#1]	Any;Any
EVODEX.2-Em716_0	Any	[#7:9](-[#6@:8])(-[#6:10](=[#8:11])-[#8:12])-[#1]>>[#6:10](=[#8:11])(-[#8:12])-[#8]-[#1].[#7:9](-[#6@:8])(-[#1])-[#1]	Any;Any
EVODEX.2-Em717_0	Any;Any	[#7:2]-[#6:16]1:[#6:17](:[#6:18](:[#6:19](-[#6:20](=[#8:21])-[#7:22](-[#6@@:23])-[#1]):[#6:32](:[#6:33]:1-[#1:56])-[#1:55])-[#1:46])-[#1:45].[#8:34](-[#1])-[#1]>>[#7:2]-[#6:16]1:[#6:17](:[#6:18](:[#6:19](-[#6:20](=[#8:21])-[#8:34]-[#1]):[#6:32](:[#6:33]:1-[#1:56])-[#1:55])-[#1:46])-[#1:45].[#7:22](-[#6@@:23])(-[#1])-[#1]	Any;Any
EVODEX.2-Em718_0	Any	[#7:2]-[#6:17]1:[#6:18](:[#6:19](:[#6:20](-[#6:21](=[#8:22])-[#7:23](-[#6@@:24])-[#1]):[#6:33](:[#6:34]:1-[#1:57])-[#1:56])-[#1:47])-[#1:46]>>[#7:2]-[#6:17]1:[#6:18](:[#6:19](:[#6:20](-[#6:21](=[#8:22])-[#8]-[#1]):[#6:33](:[#6:34]:1-[#1:57])-[#1:56])-[#1:47])-[#1:46].[#7:23](-[#6@@:24])(-[#1])-[#1]	Any;Any
EVODEX.2-Em720_0	Any	[#6:30](-[#6@:4])(=[#8:31])-[#8:32]-[#1]>>[#6:30](-[#6@:4])(=[#8:31])-[#7](-[#6]1:[#6](:[#6](:[#6](-[#7&+](=[#8])-[#8&-]):[#6](:[#6]:1-[#1])-[#1])-[#1])-[#1])-[#1].[#8:32](-[#1])-[#1]	Any;Any
EVODEX.2-Em721_0	Any	[#6:33](-[#6@@:25])(=[#8:34])-[#7](-[#6]1:[#6](:[#6](:[#6](-[#7&+](=[#8])-[#8&-]):[#6](-[#6](=[#8])-[#8]):[#6]:1-[#1])-[#1])-[#1])-[#1]>>[#6:33](-[#6@@:25])(=[#8:34])-[#8]-[#1]	Any
EVODEX.2-Em722_0	Any;Any	[#6:38](-[#6@:10])(=[#8:39])-[#8:40]-[#1].[#7:43](-[#6:44]1:[#6:45](:[#6:46](:[#6:47](-[#7&+:48](=[#8:49])-[#8&-:50]):[#6:51](-[#6:52](=[#8:53])-[#8:54]):[#6:55]:1-[#1:97])-[#1:95])-[#1:94])(-[#1])-[#1]>>[#6:38](-[#6@:10])(=[#8:39])-[#7:43](-[#6:44]1:[#6:45](:[#6:46](:[#6:47](-[#7&+:48](=[#8:49])-[#8&-:50]):[#6:51](-[#6:52](=[#8:53])-[#8:54]):[#6:55]:1-[#1:97])-[#1:95])-[#1:94])-[#1].[#8:40](-[#1])-[#1]	Any;Any
EVODEX.2-Em723_0	Any;Any	[#6:50](-[#6@@:41])(=[#8:51])-[#7](-[#6]1:[#6](:[#6](:[#6](-[#7&+](=[#8])-[#8&-]):[#6](-[#6](-[#7])=[#8]):[#6]:1-[#1])-[#1])-[#1])-[#1].[#8:65](-[#1])-[#1]>>[#6:50](-[#6@@:41])(=[#8:51])-[#8:65]-[#1]	Any
EVODEX.2-Em724_0	Any	[#6:50](-[#6@@:41])(=[#8:51])-[#7](-[#6]1:[#6](:[#6](:[#6](-[#7&+](=[#8])-[#8&-]):[#6](-[#6](-[#7])=[#8]):[#6]:1-[#1])-[#1])-[#1])-[#1]>>[#6:50](-[#6@@:41])(=[#8:51])-[#8]-[#1]	Any
EVODEX.2-Em725_0	Any;Any	[#6:27](-[#6@@:19])(=[#8:28])-[#8:29]-[#1].[#6:30]-[#6:31]1:[#6:32](:[#6:33](=[#8:34]):[#8:35]:[#6:36]2:[#6:37](:[#6:38](-[#7:39](-[#1])-[#1]):[#6:40](:[#6:41](:[#6:42]:1:2)-[#1:76])-[#1:75])-[#1:72])-[#1:71]>>[#6:27](-[#6@@:19])(=[#8:28])-[#7:39](-[#6:38]1:[#6:37](:[#6:36]2:[#8:35]:[#6:33](=[#8:34]):[#6:32](:[#6:31](-[#6:30]):[#6:42]:2:[#6:41](:[#6:40]:1-[#1:75])-[#1:76])-[#1:71])-[#1:72])-[#1].[#8:29](-[#1])-[#1]	Any;Any
EVODEX.2-Em726_0	Any;Any	[#8:2]=[#6:3](-[#7:4](-[#6@@:5])-[#1])-[#6:26]1:[#6:27](:[#6:28](:[#6:29](:[#6:30](:[#6:31]:1-[#1:49])-[#1:48])-[#1:47])-[#1:46])-[#1:45].[#8:1](-[#1])-[#1]>>[#7:4](-[#6@@:5])(-[#1])-[#1].[#8:1](-[#6:3](=[#8:2])-[#6:26]1:[#6:27](:[#6:28](:[#6:29](:[#6:30](:[#6:31]:1-[#1:49])-[#1:48])-[#1:47])-[#1:46])-[#1:45])-[#1]	Any;Any
EVODEX.2-Em727_0	Any	[#8]=[#6](-[#7:4](-[#6@@:5])-[#1])-[#6]1:[#6](:[#6](:[#6](:[#6](:[#6]:1-[#1])-[#1])-[#1])-[#1])-[#1]>>[#7:4](-[#6@@:5])(-[#1])-[#1]	Any
EVODEX.2-Em728_0	Any	[#8:2]=[#6:3](-[#7:4](-[#6@@:5])-[#1])-[#6:26]1:[#6:27](:[#6:28](:[#6:29](:[#6:30](:[#6:31]:1-[#1:49])-[#1:48])-[#1:47])-[#1:46])-[#1:45]>>[#7:4](-[#6@@:5])(-[#1])-[#1].[#8](-[#6:3](=[#8:2])-[#6:26]1:[#6:27](:[#6:28](:[#6:29](:[#6:30](:[#6:31]:1-[#1:49])-[#1:48])-[#1:47])-[#1:46])-[#1:45])-[#1]	Any;Any
EVODEX.2-Em729_0	Any;Any	[#6:1]-[#6:2]1:[#6:3](:[#6:4](=[#8:5]):[#8:6]:[#6:7]2:[#6:8](:[#6:9](-[#7:10](-[#6:11](=[#8:12])-[#6@:13])-[#1]):[#6:37](:[#6:38](:[#6:39]:1:2)-[#1:73])-[#1:72])-[#1:45])-[#1:44].[#8:40](-[#1])-[#1]>>[#6:11](=[#8:12])(-[#6@:13])-[#8:40]-[#1].[#6:1]-[#6:2]1:[#6:3](:[#6:4](=[#8:5]):[#8:6]:[#6:7]2:[#6:8](:[#6:9](-[#7:10](-[#1])-[#1]):[#6:37](:[#6:38](:[#6:39]:1:2)-[#1:73])-[#1:72])-[#1:45])-[#1:44]	Any;Any
EVODEX.2-Em730_0	Any	[#6:1]-[#6:2]1:[#6:3](:[#6:4](=[#8:5]):[#8:6]:[#6:7]2:[#6:8](:[#6:9](:[#6:10](-[#7:11](-[#6:12](=[#8:13])-[#6@:14])-[#1]):[#6:43](:[#6:44]:1:2)-[#1:89])-[#1:51])-[#1:50])-[#1:49]>>[#6:12](=[#8:13])(-[#6@:14])-[#8]-[#1].[#6:1]-[#6:2]1:[#6:3](:[#6:4](=[#8:5]):[#8:6]:[#6:7]2:[#6:8](:[#6:9](:[#6:10](-[#7:11](-[#1])-[#1]):[#6:43](:[#6:44]:1:2)-[#1:89])-[#1:51])-[#1:50])-[#1:49]	Any;Any
EVODEX.2-Em731_0	Any;Any	[#6:33](-[#6@@:24])(=[#8:34])-[#7:35](-[#6:36]1:[#6:37](:[#6:38](:[#6:39](-[#7&+:40](=[#8:41])-[#8&-:42]):[#6:43](-[#6:44](-[#7:45])=[#8:46]):[#6:47]:1-[#1:85])-[#1:82])-[#1:81])-[#1].[#8:54](-[#1])-[#1]>>[#6:33](-[#6@@:24])(=[#8:34])-[#8:54]-[#1].[#7:35](-[#6:36]1:[#6:37](:[#6:38](:[#6:39](-[#7&+:40](=[#8:41])-[#8&-:42]):[#6:43](-[#6:44](-[#7:45])=[#8:46]):[#6:47]:1-[#1:85])-[#1:82])-[#1:81])(-[#1])-[#1]	Any;Any
EVODEX.2-Em732_0	Any	[#6:33](-[#6@@:24])(=[#8:34])-[#7:35](-[#6:36]1:[#6:37](:[#6:38](:[#6:39](-[#7&+:40](=[#8:41])-[#8&-:42]):[#6:43](-[#6:44](-[#7:45])=[#8:46]):[#6:47]:1-[#1:85])-[#1:82])-[#1:81])-[#1]>>[#6:33](-[#6@@:24])(=[#8:34])-[#8]-[#1].[#7:35](-[#6:36]1:[#6:37](:[#6:38](:[#6:39](-[#7&+:40](=[#8:41])-[#8&-:42]):[#6:43](-[#6:44](-[#7:45])=[#8:46]):[#6:47]:1-[#1:85])-[#1:82])-[#1:81])(-[#1])-[#1]	Any;Any
EVODEX.2-Em733_0	Any;Any	[#6:27](-[#6@:26])(=[#8:28])-[#7:29](-[#6:30]1:[#6:31](:[#6:32](:[#6:33]2:[#8:34]:[#6:35](=[#8:36]):[#6:37](:[#6:38](-[#6:39]):[#6:43]:2:[#6:44]:1-[#1:80])-[#1:75])-[#1:74])-[#1:73])-[#1].[#8:45](-[#1])-[#1]>>[#7:29](-[#6:30]1:[#6:31](:[#6:32](:[#6:33]2:[#8:34]:[#6:35](=[#8:36]):[#6:37](:[#6:38](-[#6:39]):[#6:43]:2:[#6:44]:1-[#1:80])-[#1:75])-[#1:74])-[#1:73])(-[#1])-[#1].[#6:27](-[#6@:26])(=[#8:28])-[#8:45]-[#1]	Any;Any
EVODEX.2-Em734_0	Any	[#6:27](-[#6@:26])(=[#8:28])-[#7](-[#6]1:[#6](:[#6](:[#6]2:[#8]:[#6](=[#8]):[#6](:[#6](-[#6]):[#6]:2:[#6]:1-[#1])-[#1])-[#1])-[#1])-[#1]>>[#6:27](-[#6@:26])(=[#8:28])-[#8]-[#1]	Any
EVODEX.2-Em737_0	Any	[#7:4]-[#16:5](=[#8:6])(=[#8:7])-[#6:8]1:[#6:9](:[#6:10](:[#6:11](:[#6:12]2:[#6:13](:[#6:14](-[#7:15](-[#6:16](=[#8:17])-[#6@:18])-[#1]):[#6:42](:[#6:43](:[#6:44]:1:2)-[#1:91])-[#1:90])-[#1:57])-[#1:56])-[#1:55])-[#1:54]>>[#6:16](=[#8:17])(-[#6@:18])-[#8]-[#1].[#7:4]-[#16:5](=[#8:6])(=[#8:7])-[#6:8]1:[#6:9](:[#6:10](:[#6:11](:[#6:12]2:[#6:13](:[#6:14](-[#7:15](-[#1])-[#1]):[#6:42](:[#6:43](:[#6:44]:1:2)-[#1:91])-[#1:90])-[#1:57])-[#1:56])-[#1:55])-[#1:54]	Any;Any
EVODEX.2-Em738_0	Any	[#6:50](-[#6@:21])(=[#8:51])-[#8]-[#1]>>[#6]-[#6]1:[#6](:[#6](=[#8]):[#8]:[#6]2:[#6](:[#6](-[#7](-[#6:50](-[#6@:21])=[#8:51])-[#1]):[#6](:[#6](:[#6]:1:2)-[#1])-[#1])-[#1])-[#1]	Any
EVODEX.2-Em739_0	Any	[#6:33](-[#6@@:27])(=[#8:34])-[#8:35]-[#1]>>[#6:33](-[#6@@:27])(=[#8:34])-[#7](-[#6]1:[#6](:[#6]2:[#8]:[#6](=[#8]):[#6](:[#6](-[#6]):[#6]:2:[#6](:[#6]:1-[#1])-[#1])-[#1])-[#1])-[#1].[#8:35](-[#1])-[#1]	Any;Any
EVODEX.2-Em740_0	Any;Any	[#6:1]-[#6:2]1:[#6:3](:[#6:4](=[#8:5]):[#8:6]:[#6:7]2:[#6:8](:[#6:9](-[#7:10](-[#1])-[#1]):[#6:11](:[#6:12](:[#6:13]:1:2)-[#1:60])-[#1:59])-[#1:56])-[#1:55].[#6:49](-[#6@:19])(=[#8:50])-[#8]-[#1]>>[#6:1]-[#6:2]1:[#6:3](:[#6:4](=[#8:5]):[#8:6]:[#6:7]2:[#6:8](:[#6:9](-[#7:10](-[#6:49](-[#6@:19])=[#8:50])-[#1]):[#6:11](:[#6:12](:[#6:13]:1:2)-[#1:60])-[#1:59])-[#1:56])-[#1:55]	Any
EVODEX.2-Em741_0	Any;Any	[#6:35](-[#6@@:27])(=[#8:36])-[#8]-[#1].[#6:43]-[#7:44](-[#1])-[#1]>>[#6:35](-[#6@@:27])(=[#8:36])-[#7:44](-[#6:43])-[#1]	Any
EVODEX.2-Em742_0	Any;Any	[#6:45](-[#6@:2])(=[#8:46])-[#8:47]-[#1].[#7:48](-[#6:49])(-[#1])-[#1]>>[#6:45](-[#6@:2])(=[#8:46])-[#7:48](-[#6:49])-[#1].[#8:47](-[#1])-[#1]	Any;Any
EVODEX.2-Em743_0	Any;Any	[#6:18](-[#6@:2])(-[#7:19](-[#1])-[#1])=[#8:20].[#8:21](-[#1])-[#1]>>[#6:18](-[#6@:2])(=[#8:20])-[#8:21]-[#1].[#7:19](-[#1])(-[#1])-[#1]	Any;Any
EVODEX.2-Em744_0	Any;Any	[#7:4]-[#16:5](=[#8:6])(=[#8:7])-[#6:8]1:[#6:9](:[#6:10](:[#6:11](:[#6:12]2:[#6:13](:[#6:14](-[#7:15](-[#6:16](=[#8:17])-[#6@:18])-[#1]):[#6:48](:[#6:49](:[#6:50]:1:2)-[#1:103])-[#1:102])-[#1:63])-[#1:62])-[#1:61])-[#1:60].[#8:51](-[#1])-[#1]>>[#6:16](=[#8:17])(-[#6@:18])-[#8:51]-[#1].[#7:4]-[#16:5](=[#8:6])(=[#8:7])-[#6:8]1:[#6:9](:[#6:10](:[#6:11](:[#6:12]2:[#6:13](:[#6:14](-[#7:15](-[#1])-[#1]):[#6:48](:[#6:49](:[#6:50]:1:2)-[#1:103])-[#1:102])-[#1:63])-[#1:62])-[#1:61])-[#1:60]	Any;Any
EVODEX.2-Em745_0	Any	[#7:4]-[#16:5](=[#8:6])(=[#8:7])-[#6:8]1:[#6:9](:[#6:10](:[#6:11](:[#6:12]2:[#6:13](:[#6:14](-[#7:15](-[#6](=[#8])-[#6@])-[#1]):[#6:45](:[#6:46](:[#6:47]:1:2)-[#1:92])-[#1:91])-[#1:60])-[#1:59])-[#1:58])-[#1:57]>>[#7:4]-[#16:5](=[#8:6])(=[#8:7])-[#6:8]1:[#6:9](:[#6:10](:[#6:11](:[#6:12]2:[#6:13](:[#6:14](-[#7:15](-[#1])-[#1]):[#6:45](:[#6:46](:[#6:47]:1:2)-[#1:92])-[#1:91])-[#1:60])-[#1:59])-[#1:58])-[#1:57]	Any
EVODEX.2-Em746_0	Any	[#7:3]-[#6:4](=[#8:5])-[#6:6](-[#6:7])(-[#7:9](-[#6:10](=[#8:11])-[#6@:12])-[#1])-[#1:56]>>[#6:10](=[#8:11])(-[#6@:12])-[#8]-[#1].[#7:3]-[#6:4](=[#8:5])-[#6@:6](-[#6:7])(-[#7:9](-[#1])-[#1])-[#1:56]	Any;Any
EVODEX.2-Em747_0	Any	[#6](-[#6@])(=[#8])-[#7:40](-[#6:41]1:[#6:42](:[#6:43](:[#6:44](-[#7&+:45](=[#8:46])-[#8&-:47]):[#6:48](-[#6:49](=[#8:50])-[#7:51]):[#6:60]:1-[#1:103])-[#1:95])-[#1:94])-[#1]>>[#7:40](-[#6:41]1:[#6:42](:[#6:43](:[#6:44](-[#7&+:45](=[#8:46])-[#8&-:47]):[#6:48](-[#6:49](=[#8:50])-[#7:51]):[#6:60]:1-[#1:103])-[#1:95])-[#1:94])(-[#1])-[#1]	Any
EVODEX.2-Em748_0	Any;Any;Any	[#7](-[#6@])(-[#6:19](=[#8:20])-[#6@:21]-[#7:26](-[#6:27](=[#8:28])-[#6@@:29])-[#1])-[#1].[#8:57](-[#1])-[#1].[#8:58](-[#1])-[#1]>>[#6:19](=[#8:20])(-[#6@:21]-[#7:26](-[#1])-[#1])-[#8:57]-[#1].[#6:27](=[#8:28])(-[#6@@:29])-[#8:58]-[#1]	Any;Any
EVODEX.2-Em749_0	Any	[#7:6](-[#6@:5]-[#6:34](=[#8:35])-[#7](-[#6@@])-[#1])(-[#6:7](=[#8:8])-[#6@@:9])-[#1]>>[#6:7](=[#8:8])(-[#6@@:9])-[#8]-[#1].[#7:6](-[#6@:5]-[#6:34](=[#8:35])-[#8]-[#1])(-[#1])-[#1]	Any;Any
EVODEX.2-Em750_0	Any	[#7:27]-[#6:28](-[#6:29])(-[#6:36](=[#8:37])-[#7:38](-[#6:39](-[#6:40])(-[#6:47](=[#8:48])-[#7:49])-[#1:132])-[#1])-[#1:120]>>[#7:27]-[#6@@:28](-[#6:29])(-[#6:36](=[#8:37])-[#8]-[#1])-[#1:120].[#7:38](-[#6@:39](-[#6:40])(-[#6:47](=[#8:48])-[#7:49])-[#1:132])(-[#1])-[#1]	Any;Any
EVODEX.2-Em751_0	Any	[#6:16](-[#6@:5])(=[#8:17])-[#8]-[#1]>>[#6:16](-[#6@:5])(=[#8:17])-[#7](-[#1])-[#1]	Any
EVODEX.2-Em752_0	Any;Any	[#7:11]-[#6:12](=[#7:13]-[#1])-[#7](-[#1])-[#1].[#8:23](-[#1])-[#1]>>[#7:11]-[#6:12](=[#7:13]-[#1])-[#8:23]-[#1]	Any
EVODEX.2-Em753_0	Any;Any	[#6:1]-[#6:2](=[#8:3])-[#6:4](-[#8:5])(-[#1:15])-[#1].[#6:9]-[#6:10](=[#8:11])-[#1:27]>>[#6:1]-[#6:2](=[#8:3])-[#6@:4](-[#8:5])(-[#6@:10](-[#6:9])(-[#8:11]-[#1])-[#1:27])-[#1:15]	Any
EVODEX.2-Em754_0	Any;Any	[#6:7](-[#6@@:2])(=[#8:8])-[#7](-[#8])-[#1].[#8:11](-[#1])-[#1]>>[#6:7](-[#6@@:2])(=[#8:8])-[#8:11]-[#1]	Any
EVODEX.2-Em755_0	Any;Any	[#6:4]-[#6:5](=[#8:6])-[#7:7](-[#8:8])-[#1].[#8:12](-[#1])-[#1]>>[#6:4]-[#6:5](=[#8:6])-[#8:12]-[#1].[#7:7](-[#8:8])(-[#1])-[#1]	Any;Any
EVODEX.2-Em756_0	Any	[#6:4]-[#6:5](=[#8:6])-[#7](-[#8])-[#1]>>[#6:4]-[#6:5](=[#8:6])-[#8]-[#1]	Any
EVODEX.2-Em757_0	Any;Any	[#6:4](-[#6@@:3])(=[#8:5])-[#8]-[#1].[#7:1](-[#1])(-[#1])-[#1]>>[#7:1](-[#6:4](-[#6@:3])=[#8:5])(-[#1])-[#1]	Any
EVODEX.2-Em758_0	Any	[#6:5]-[#6:6](=[#8:7])-[#8:8]-[#1]>>[#7](-[#6:6](-[#6:5])=[#8:7])(-[#1])-[#1].[#8:8](-[#1])-[#1]	Any;Any
EVODEX.2-Em759_0	Any	[#6:4]-[#6:5](=[#8:6])-[#7:7](-[#8:8])-[#1]>>[#6:4]-[#6:5](=[#8:6])-[#8]-[#1].[#7:7](-[#8:8])(-[#1])-[#1]	Any;Any
EVODEX.2-Em760_0	Any;Any	[#7:1](-[#8:2])(-[#1])-[#1].[#6:6]-[#6:7](=[#8:8])-[#8]-[#1]>>[#7:1](-[#8:2])(-[#6:7](-[#6:6])=[#8:8])-[#1]	Any
EVODEX.2-Em761_0	Any;Any	[#6:3]-[#6:10](=[#8:11])-[#8:12]-[#1].[#7:13](-[#8:14])(-[#1])-[#1]>>[#6:3]-[#6:10](=[#8:11])-[#7:13](-[#8:14])-[#1].[#8:12](-[#1])-[#1]	Any;Any
EVODEX.2-Em762_0	Any;Any	[#7](-[#6:2](=[#8:3])-[#7:4](-[#6:5])-[#1])(-[#1])-[#1].[#8:13](-[#1])-[#1]>>[#6:2](=[#8:3])=[#8:13].[#7:4](-[#6:5])(-[#1])-[#1]	Any;Any
EVODEX.2-Em763_0	Any	[#8:3]=[#6:4](-[#8]-[#1])-[#6:6]>>[#7](-[#8])(-[#6:4](=[#8:3])-[#6:6])-[#1]	Any
EVODEX.2-Em764_0	Any;Any	[#6:5]-[#7:6](-[#6:7](-[#7:8](-[#1])-[#1])=[#8:9])-[#1].[#8:10](-[#1])-[#1]>>[#6:7](=[#8:9])=[#8:10].[#6:5]-[#7:6](-[#1])-[#1].[#7:8](-[#1])(-[#1])-[#1]	Any;Any;Any
EVODEX.2-Em765_0	Any	[#6:2]-[#7:3](-[#6:4](=[#8:5])-[#1:13])-[#1]>>[#6:2]-[#7:3](-[#1])-[#1].[#6:4](=[#8:5])(-[#8]-[#1])-[#1:13]	Any;Any
EVODEX.2-Em766_0	Any;Any	[#7:3](-[#6@:2])(-[#6:4](=[#8:5])-[#8:6]-[#6:7](-[#6:8]1:[#6:9](:[#6:10](:[#6:11](:[#6:12](:[#6:13]:1-[#1:29])-[#1:28])-[#1:27])-[#1:26])-[#1:25])(-[#1:23])-[#1:24])-[#1].[#8:17](-[#1])-[#1]>>[#6:4](=[#8:5])=[#8:6].[#6:7](-[#6:8]1:[#6:9](:[#6:10](:[#6:11](:[#6:12](:[#6:13]:1-[#1:29])-[#1:28])-[#1:27])-[#1:26])-[#1:25])(-[#8:17]-[#1])(-[#1:23])-[#1:24].[#7:3](-[#6@:2])(-[#1])-[#1]	Any;Any;Any
EVODEX.2-Em767_0	Any	[#7](-[#6:2](=[#8:3])-[#7:4](-[#6:5])-[#1])(-[#1])-[#1]>>[#6:2](=[#8:3])=[#8].[#7:4](-[#6:5])(-[#1])-[#1]	Any;Any
EVODEX.2-Em768_0	Any	[#7:1](-[#6:2](=[#8:3])-[#7:4](-[#6@@:5])-[#1])(-[#1])-[#1]>>[#6:2](=[#8:3])=[#8].[#7:4](-[#6@@:5])(-[#1])-[#1].[#7:1](-[#1])(-[#1])-[#1]	Any;Any;Any
EVODEX.2-Em769_0	Any	[#7:1](-[#6](=[#8])-[#7:4](-[#6:5])-[#1])(-[#1])-[#1]>>[#7:4](-[#6:5])(-[#1])-[#1].[#7:1](-[#1])(-[#1])-[#1]	Any;Any
EVODEX.2-Em770_0	Any;Any	[#7:6](-[#6@:5])(-[#6](=[#8])-[#8]-[#6:10](-[#6:11]1:[#6:12](:[#6:13](:[#6:14](:[#6:15](:[#6:16]:1-[#1:38])-[#1:37])-[#1:36])-[#1:35])-[#1:34])(-[#1:32])-[#1:33])-[#1].[#8:20](-[#1])-[#1]>>[#6:10](-[#6:11]1:[#6:12](:[#6:13](:[#6:14](:[#6:15](:[#6:16]:1-[#1:38])-[#1:37])-[#1:36])-[#1:35])-[#1:34])(-[#8:20]-[#1])(-[#1:32])-[#1:33].[#7:6](-[#6@:5])(-[#1])-[#1]	Any;Any
EVODEX.2-Em771_0	Any	[#7:6](-[#6@:5])(-[#6:7](=[#8:8])-[#8:9]-[#6](-[#6]1:[#6](:[#6](:[#6](:[#6](:[#6]:1-[#1])-[#1])-[#1])-[#1])-[#1])(-[#1])-[#1])-[#1]>>[#6:7](=[#8:8])=[#8:9].[#7:6](-[#6@:5])(-[#1])-[#1]	Any;Any
EVODEX.2-Em772_0	Any	[#7:6](-[#6@:5])(-[#6:7](=[#8:8])-[#8:9]-[#6:10](-[#6:11]1:[#6:12](:[#6:13](:[#6:14](:[#6:15](:[#6:16]:1-[#1:36])-[#1:35])-[#1:34])-[#1:33])-[#1:32])(-[#1:30])-[#1:31])-[#1]>>[#6:7](=[#8:8])=[#8:9].[#6:10](-[#6:11]1:[#6:12](:[#6:13](:[#6:14](:[#6:15](:[#6:16]:1-[#1:36])-[#1:35])-[#1:34])-[#1:33])-[#1:32])(-[#8]-[#1])(-[#1:30])-[#1:31].[#7:6](-[#6@:5])(-[#1])-[#1]	Any;Any;Any
EVODEX.2-Em773_0	Any	[#6:3]-[#7:4](-[#6](=[#8])-[#1])-[#1]>>[#6:3]-[#7:4](-[#1])-[#1]	Any
EVODEX.2-Em774_0	Any;Any	[#7:6](-[#6@:5])(-[#6:7](=[#8:8])-[#1:35])-[#1].[#8:25](-[#1])-[#1]>>[#7:6](-[#6@:5])(-[#1])-[#1].[#6:7](=[#8:8])(-[#8:25]-[#1])-[#1:35]	Any;Any
EVODEX.2-Em775_0	Any	[#6:4]-[#6:5](-[#7:6](-[#6](=[#8])-[#1])-[#1])(-[#6:9](=[#8:10])-[#7:11])-[#1:28]>>[#6:4]-[#6@@:5](-[#7:6](-[#1])-[#1])(-[#6:9](=[#8:10])-[#7:11])-[#1:28]	Any
EVODEX.2-Em776_0	Any;Any	[#6:4]-[#6:5](-[#7:6](-[#6:7](=[#8:8])-[#1:33])-[#1])(-[#6:9](=[#8:10])-[#7:11])-[#1:31].[#8:21](-[#1])-[#1]>>[#6:4]-[#6@@:5](-[#7:6](-[#1])-[#1])(-[#6:9](=[#8:10])-[#7:11])-[#1:31].[#6:7](=[#8:8])(-[#8:21]-[#1])-[#1:33]	Any;Any
EVODEX.2-Em777_0	Any	[#6:4]-[#6:5](-[#7:6](-[#6:7](=[#8:8])-[#1:38])-[#1])(-[#6:9](=[#8:10])-[#7:11])-[#1:36]>>[#6:4]-[#6@:5](-[#7:6](-[#1])-[#1])(-[#6:9](=[#8:10])-[#7:11])-[#1:36].[#6:7](=[#8:8])(-[#8]-[#1])-[#1:38]	Any;Any
EVODEX.2-Em778_0	Any;Any	[#8:2]=[#6:3]1-[#6:4]-[#7:5]-[#6:6](=[#8:7])-[#7:8]-1-[#1].[#8:1](-[#1])-[#1]>>[#8:1](-[#6:3](=[#8:2])-[#6:4]-[#7:5]-[#6:6](=[#8:7])-[#7:8](-[#1])-[#1])-[#1]	Any
EVODEX.2-Em779_0	Any	[#7:6](-[#6@:5]-[#6:10](=[#8:11])-[#8:12]-[#1])-[#6:7](-[#7:8](-[#1])-[#1])=[#8:9]>>[#7:6]1-[#6@@:5]-[#6:10](-[#7:8](-[#6:7]-1=[#8:9])-[#1])=[#8:11].[#8:12](-[#1])-[#1]	Any;Any
EVODEX.2-Em780_0	Any	[#7:6](-[#6@:5]-[#6:10](=[#8:11])-[#8]-[#1])-[#6:7](-[#7:8](-[#1])-[#1])=[#8:9]>>[#7:6]1-[#6@@:5]-[#6:10](-[#7:8](-[#6:7]-1=[#8:9])-[#1])=[#8:11]	Any
EVODEX.2-Em781_0	Any	[#7:6]1-[#6@@:5]-[#6:10](-[#7:9](-[#6:7]-1=[#8:8])-[#1])=[#8:11]>>[#7:6](-[#6@:5]-[#6:10](=[#8:11])-[#8]-[#1])-[#6:7](=[#8:8])-[#7:9](-[#1])-[#1]	Any
EVODEX.2-Em782_0	Any;Any	[#8:19]-[#15:20](=[#8:21])(-[#8:22])-[#8]-[#15](=[#8])(-[#8])-[#8].[#6:37](-[#6@:36])(=[#8:38])-[#8:39]-[#1]>>[#8:19]-[#15:20](=[#8:21])(-[#8:22])-[#8:39]-[#1].[#8](-[#6:37](-[#6@:36])=[#8:38])-[#1]	Any;Any
EVODEX.2-Em783_0	Any;Any;Any	[#8:19]-[#15:20](=[#8:21])(-[#8:22])-[#8:23]-[#15:24](=[#8:25])(-[#8:26])-[#8:27].[#6:37](-[#6@:36])(=[#8:38])-[#8:39]-[#1].[#8:32](-[#1])-[#1]>>[#8:19]-[#15:20](=[#8:21])(-[#8:22])-[#8:39]-[#1].[#8:23](-[#15:24](=[#8:25])(-[#8:26])-[#8:27])-[#1].[#8:32](-[#6:37](-[#6@:36])=[#8:38])-[#1]	Any;Any;Any
EVODEX.2-Em784_0	Any;Any	[#7](=[#6:2](-[#7:3])-[#1:15])-[#1].[#8:13](-[#1])-[#1]>>[#6:2](-[#7:3])(=[#8:13])-[#1:15]	Any
EVODEX.2-Em785_0	Any	[#7:1](=[#6:2](-[#7:3])-[#1:15])-[#1]>>[#6:2](-[#7:3])(=[#8])-[#1:15].[#7:1](-[#1])(-[#1])-[#1]	Any;Any
EVODEX.2-Em786_0	Any;Any	[#7:4]-[#6:5](=[#7:6]-[#1])-[#1:18].[#8:10](-[#1])-[#1]>>[#7:4]-[#6:5](=[#8:10])-[#1:18].[#7:6](-[#1])(-[#1])-[#1]	Any;Any
EVODEX.2-Em787_0	Any	[#7](=[#6:2](-[#7:3])-[#1:12])-[#1]>>[#6:2](-[#7:3])(=[#8])-[#1:12]	Any
EVODEX.2-Em788_0	Any;Any	[#7:1](=[#6:2](-[#7:3](-[#1])-[#1])-[#7:4])-[#1].[#8:21](-[#1])-[#1]>>[#7:1](-[#6:2](-[#7:4])=[#8:21])(-[#1])-[#1].[#7:3](-[#1])(-[#1])-[#1]	Any;Any
EVODEX.2-Em789_0	Any	[#7:1](=[#6:2](-[#7](-[#1])-[#1])-[#7:4])-[#1]>>[#7:1](-[#6:2](-[#7:4])=[#8])(-[#1])-[#1]	Any
EVODEX.2-Em790_0	Any	[#7:27]-[#6:28](=[#7:29]-[#1])-[#7:30](-[#1])-[#1]>>[#7:27]-[#6:28](-[#7:29](-[#1])-[#1])=[#8].[#7:30](-[#1])(-[#1])-[#1]	Any;Any
EVODEX.2-Em791_0	Any;Any;Any	([#7:1]#[#6:2]-[#6:3].[#6:6]-[#6:7]#[#7:8]).[#8:11](-[#1])-[#1].[#8:12](-[#1])-[#1]>>([#6:2](-[#6:3])(-[#8]-[#1])=[#8:12].[#6:6]-[#6:7](=[#8])-[#8:11]-[#1]).[#7:1](-[#1])(-[#1])-[#1].[#7:8](-[#1])(-[#1])-[#1]	Any;Any;Any
EVODEX.2-Em792_0	Any	([#7:1]#[#6:2]-[#6:3].[#6:6]-[#6:7]#[#7:8])>>([#6:2](-[#6:3])(-[#8]-[#1])=[#8].[#6:6]-[#6:7](=[#8])-[#8]-[#1]).[#7:1](-[#1])(-[#1])-[#1].[#7:8](-[#1])(-[#1])-[#1]	Any;Any;Any
EVODEX.2-Em793_0	Any;Any;Any	([#7]#[#6:2]-[#6:3].[#6:6]-[#6:7]#[#7]).[#8:10](-[#1])-[#1].[#8:11](-[#1])-[#1]>>([#6:2](-[#6:3])(-[#8]-[#1])=[#8].[#6:6]-[#6:7](=[#8:10])-[#8:11]-[#1])	Any
EVODEX.2-Em794_0	Any	[#6:4]-[#6:5]#[#7]>>[#6:4]-[#6:5](=[#8])-[#8]-[#1]	Any
EVODEX.2-Em795_0	Any;Any	[#7:1]#[#6:2]-[#6:3].[#8:10](-[#1])-[#1]>>[#6:2](-[#6:3])(=[#8])-[#8:10]-[#1].[#7:1](-[#1])(-[#1])-[#1]	Any;Any
EVODEX.2-Em796_0	Any;Any	[#6:2]-[#6:4]#[#7].[#8:12](-[#1])-[#1]>>[#6:2]-[#6:4](=[#8:12])-[#8]-[#1]	Any
EVODEX.2-Em797_0	Any;Any	[#6:6](-[#6@:5])#[#7:7].[#8:14](-[#1])-[#1]>>[#6:6](-[#6@:5])(-[#7:7](-[#1])-[#1])=[#8:14]	Any
EVODEX.2-Em798_0	Any	([#6:2]-[#6:3]#[#7].[#6:6]-[#6:7]#[#7])>>([#6:2]-[#6:3](-[#8]-[#1])=[#8].[#6:6]-[#6:7](=[#8])-[#8]-[#1])	Any
EVODEX.2-Em799_0	Any	[#7:1]#[#6:2]-[#6:3]>>[#6:2](-[#6:3])(=[#8])-[#8]-[#1].[#7:1](-[#1])(-[#1])-[#1]	Any;Any
EVODEX.2-Em800_0	Any	[#7:1]#[#6:2]-[#6:3]>>[#7:1](-[#6:2](-[#6:3])=[#8])(-[#1])-[#1]	Any
EVODEX.2-Em801_0	Any;Any	[#8:18]-[#15:19](=[#8:20])(-[#8:21]-[#1])-[#8:22]-[#15:23](=[#8:24])(-[#8:25])-[#8:26]-[#15:27](=[#8:28])(-[#8:29])-[#8:30].[#8:55](-[#1])-[#1]>>[#8:18]-[#15:19](=[#8:20])(-[#8:21]-[#15:23](=[#8:24])(-[#8:25])-[#8:55]-[#1])-[#8:22]-[#1].[#8:26](-[#15:27](=[#8:28])(-[#8:29])-[#8:30])-[#1]	Any;Any
EVODEX.2-Em802_0	Any	[#8:9]-[#15:10](=[#8:11])(-[#8:12]-[#1])-[#8:13]-[#15:14](=[#8:15])(-[#8:16])-[#8:17]-[#15:18](=[#8:19])(-[#8:20])-[#8:21]>>[#8:9]-[#15:10](=[#8:11])(-[#8:12]-[#15:14](=[#8:15])(-[#8:16])-[#8]-[#1])-[#8:13]-[#1].[#8:17](-[#15:18](=[#8:19])(-[#8:20])-[#8:21])-[#1]	Any;Any
EVODEX.2-Em804_0	Any;Any	[#6:1]-[#6:2](=[#8:3])-[#6](-[#6](=[#8])-[#6](=[#8])-[#8])(-[#1])-[#1].[#8:10](-[#1])-[#1]>>[#6:1]-[#6:2](=[#8:3])-[#8:10]-[#1]	Any
EVODEX.2-Em805_0	Any	[#6:3]-[#6:4](=[#8:5])-[#6](-[#6](=[#8])-[#6](=[#8])-[#8])(-[#1])-[#1]>>[#6:3]-[#6:4](=[#8:5])-[#8]-[#1]	Any
EVODEX.2-Em806_0	Any	[#6:3]-[#6:4](=[#8:5])-[#6:6](-[#6:7](=[#8:8])-[#6:9](=[#8:10])-[#8:11])(-[#1:20])-[#1:21]>>[#6:3]-[#6:4](=[#8:5])-[#8]-[#1].[#6:6](-[#6:7](=[#8:8])-[#6:9](=[#8:10])-[#8:11])(-[#1:20])(-[#1:21])-[#1]	Any;Any
EVODEX.2-Em807_0	Any;Any	[#6:4]-[#6:5](=[#8:6])-[#6:7](-[#6:8](=[#8:9])-[#6:10](=[#8:11])-[#8:12])(-[#1:23])-[#1:24].[#8:13](-[#1])-[#1]>>[#6:4]-[#6:5](=[#8:6])-[#8:13]-[#1].[#6:7](-[#6:8](=[#8:9])-[#6:10](=[#8:11])-[#8:12])(-[#1:23])(-[#1:24])-[#1]	Any;Any
EVODEX.2-Em808_0	Any	[#6:1]-[#6:2](=[#8:3])-[#6:4](-[#6:5](=[#8:6])-[#6:7])(-[#1:15])-[#1:16]>>[#6:1]-[#6:2](=[#8:3])-[#8]-[#1].[#6:4](-[#6:5](=[#8:6])-[#6:7])(-[#1:15])(-[#1:16])-[#1]	Any;Any
EVODEX.2-Em809_0	Any;Any	[#6:1]-[#6:2](=[#8:3])-[#6:4](-[#6:5](-[#6:6])=[#8:7])(-[#1:12])-[#1:13].[#8:8](-[#1])-[#1]>>[#6:1]-[#6:2](=[#8:3])-[#8:8]-[#1].[#6:4](-[#6:5](-[#6:6])=[#8:7])(-[#1:12])(-[#1:13])-[#1]	Any;Any
EVODEX.2-Em810_0	Any;Any	[#6:5]-[#6:6](-[#17])(-[#1:11])-[#1:12].[#8:1](-[#1])-[#1]>>[#8:1](-[#6:6](-[#6:5])(-[#1:11])-[#1:12])-[#1]	Any
EVODEX.2-Em811_0	Any	[#6:4]-[#6:5](-[#17])(-[#1:17])-[#1:18]>>[#6:4]-[#6:5](-[#8]-[#1])(-[#1:17])-[#1:18]	Any
EVODEX.2-Em812_0	Any;Any	[#6:2]-[#6:5](-[#17:6])(-[#1:17])-[#1:18].[#8:7](-[#1])-[#1]>>[#6:2]-[#6:5](-[#8:7]-[#1])(-[#1:17])-[#1:18].[#17:6]-[#1]	Any;Any
EVODEX.2-Em813_0	Any	[#17:1]-[#6:2](-[#6:3])(-[#1:9])-[#1:10]>>[#6:2](-[#6:3])(-[#8]-[#1])(-[#1:9])-[#1:10].[#17:1]-[#1]	Any;Any
EVODEX.2-Em814_0	Any	[#6:4]-[#6:5](=[#8:6])-[#1]>>[#6:4]-[#6:5](=[#8:6])-[#6](-[#8])=[#8]	Any
EVODEX.2-Em815_0	Any;Any	[#6:2]-[#6:4](=[#8:5])-[#1].[#8:6]=[#6:7]=[#8:8]>>[#6:2]-[#6:4](=[#8:5])-[#6:7](-[#8:6]-[#1])=[#8:8]	Any
EVODEX.2-Em816_0	Any	[#6:4]-[#6@@:5](-[#7:6])(-[#6:7](=[#8:8])-[#8:9]-[#1])-[#1:18]>>[#6:7](=[#8:8])=[#8:9].[#6:4]-[#6:5](-[#7:6])(-[#1:18])-[#1]	Any;Any
EVODEX.2-Em817_0	Any;Any	[#6]-[#6@@](-[#8:3]-[#1])(-[#6])-[#6].[#8:37]-[#15:38](=[#8:39])(-[#8:40])-[#8]-[#15](=[#8])(-[#8])-[#8]>>[#8:3](-[#15:38](-[#8:37])(=[#8:39])-[#8:40])-[#1]	Any
EVODEX.2-Em818_0	Any;Any	[#6:1](-[#6@@:2](-[#8:3]-[#1])(-[#6:4])-[#6:15](-[#6](=[#8])-[#8])(-[#1:61])-[#1:62])(-[#1:50])(-[#1:51])-[#1].[#8:37]-[#15:38](=[#8:39])(-[#8:40])-[#8]-[#15](=[#8])(-[#8])-[#8]>>[#6:1](=[#6:2](-[#6:4])-[#6:15](-[#1:61])(-[#1:62])-[#1])(-[#1:50])-[#1:51].[#8:3](-[#15:38](-[#8:37])(=[#8:39])-[#8:40])-[#1]	Any;Any
EVODEX.2-Em819_0	Any;Any	[#6]-[#6@@](-[#8:3]-[#1])(-[#6])-[#6](-[#6:16](=[#8:17])-[#8:18]-[#1])(-[#1])-[#1].[#8:35]-[#15:36](=[#8:37])(-[#8:38])-[#8:39]-[#15:40](=[#8:41])(-[#8:42])-[#8:43]>>[#6:16](=[#8:17])=[#8:18].[#8:39](-[#15:40](=[#8:41])(-[#8:42])-[#8:43])-[#1].[#8:3](-[#15:36](-[#8:35])(=[#8:37])-[#8:38])-[#1]	Any;Any;Any
EVODEX.2-Em820_0	Any	[#6:2]-[#6:5](-[#8:6]-[#1])(-[#6:7]#[#7:8])-[#1:18]>>[#6:2]-[#6:5](=[#8:6])-[#1:18].[#6:7](#[#7:8])-[#1]	Any;Any
EVODEX.2-Em821_0	Any	[#6:7]-[#6:8](-[#6:9])=[#8:10]>>[#6](#[#7])-[#6@:8](-[#6:7])(-[#6:9])-[#8:10]-[#1]	Any
EVODEX.2-Em822_0	Any;Any	[#6:1](#[#7:2])-[#1].[#8:3]=[#6:4](-[#6:5])-[#6:9]>>[#6:1](#[#7:2])-[#6:4](-[#8:3]-[#1])(-[#6:5])-[#6:9]	Any
EVODEX.2-Em823_0	Any	[#6:11]-[#6:12](=[#8:13])-[#1:33]>>[#6](#[#7])-[#6:12](-[#6:11])(-[#8:13]-[#1])-[#1:33]	Any
EVODEX.2-Em824_0	Any	[#6:5]-[#6@@:6](-[#8:7]-[#1])(-[#6]#[#7])-[#6:10]>>[#6:5]-[#6:6](=[#8:7])-[#6:10]	Any
EVODEX.2-Em825_0	Any	[#7:1]#[#6:2]-[#6@@:3](-[#8:4]-[#1])(-[#6:5])-[#6:13]>>[#6:3](=[#8:4])(-[#6:5])-[#6:13].[#7:1]#[#6:2]-[#1]	Any;Any
EVODEX.2-Em826_0	Any	[#6:7](-[#6@:6])(-[#8:8]-[#1])(-[#6]#[#7])-[#1:21]>>[#6:7](-[#6@:6])(=[#8:8])-[#1:21]	Any
EVODEX.2-Em827_0	Any;Any	[#6:1](#[#7:2])-[#1].[#8:3]=[#6:4](-[#6:5])-[#1:11]>>[#6:1](#[#7:2])-[#6@:4](-[#8:3]-[#1])(-[#6:5])-[#1:11]	Any
EVODEX.2-Em829_0	Any;Any	[#6:1](-[#6:2])(-[#1:9])(-[#1:10])-[#1].[#6:6]-[#6:7](=[#8:8])-[#1:20]>>[#6:1](-[#6:2])(-[#6:7](-[#6:6])(-[#8:8]-[#1])-[#1:20])(-[#1:9])-[#1:10]	Any
EVODEX.2-Em830_0	Any;Any	[#6:1](-[#6:2](=[#8:3])-[#6:4](=[#8:5])-[#8:6])(-[#1:13])(-[#1:14])-[#1].[#8:7]=[#6:8](-[#6@:9])-[#1:17]>>[#6:1](-[#6:2](=[#8:3])-[#6:4](=[#8:5])-[#8:6])(-[#6@@:8](-[#8:7]-[#1])(-[#6@:9])-[#1:17])(-[#1:13])-[#1:14]	Any
EVODEX.2-Em832_0	Any	[#6:5]-[#6:17](-[#8:18]-[#1])(-[#6:19](-[#8:20])(-[#6:21](=[#8:22])-[#6:23])-[#1:45])-[#1:43]>>[#6:19](-[#8:20])(-[#6:21](=[#8:22])-[#6:23])(-[#1:45])-[#1].[#6:5]-[#6:17](=[#8:18])-[#1:43]	Any;Any
EVODEX.2-Em833_0	Any	[#8:1]=[#6:2](-[#8:3])-[#6:4](=[#8:5])-[#6:6](-[#6@@:7](-[#8:8]-[#1])(-[#6:9])-[#1:14])(-[#1:12])-[#1:13]>>[#6:7](=[#8:8])(-[#6:9])-[#1:14].[#8:1]=[#6:2](-[#8:3])-[#6:4](=[#8:5])-[#6:6](-[#1:12])(-[#1:13])-[#1]	Any;Any
EVODEX.2-Em834_0	Any	[#6:1]-[#6@@:2](-[#8:3]-[#1])(-[#6@:4](-[#7:5])(-[#6:6](=[#8:7])-[#8:8])-[#1:14])-[#1:12]>>[#6:4](-[#7:5])(-[#6:6](=[#8:7])-[#8:8])(-[#1:14])-[#1].[#6:1]-[#6:2](=[#8:3])-[#1:12]	Any;Any
EVODEX.2-Em835_0	Any;Any	[#6:1]-[#6:2](=[#8:3])-[#1:12].[#7:4]-[#6:5](-[#6:6](=[#8:7])-[#8:8])(-[#1:15])-[#1]>>[#6:1]-[#6@@:2](-[#8:3]-[#1])(-[#6@:5](-[#7:4])(-[#6:6](=[#8:7])-[#8:8])-[#1:15])-[#1:12]	Any
EVODEX.2-Em837_0	Any;Any	[#6:1](-[#6:2](=[#8:3])-[#1:17])(-[#1:14])(-[#1:15])-[#1].[#8:4]=[#6:5](-[#6@:6])-[#1:18]>>[#6:1](-[#6:2](=[#8:3])-[#1:17])(-[#6@:5](-[#8:4]-[#1])(-[#6@:6])-[#1:18])(-[#1:14])-[#1:15]	Any
EVODEX.2-Em838_0	Any	[#6:2]-[#6@@:3](-[#8:4]-[#1])(-[#6](-[#7])(-[#6](=[#8])-[#8])-[#1])-[#1:15]>>[#6:2]-[#6:3](=[#8:4])-[#1:15]	Any
EVODEX.2-Em839_0	Any;Any	[#6:1](=[#6:2](-[#6:3](=[#6:4](-[#1:15])-[#1:16])-[#6:5])-[#1:14])(-[#1:12])-[#1:13].[#8:11](-[#1])-[#1]>>[#6:1](=[#6:2](-[#6:3](-[#6:4](-[#1:15])(-[#1:16])-[#1])(-[#6:5])-[#8:11]-[#1])-[#1:14])(-[#1:12])-[#1:13]	Any
EVODEX.2-Em840_0	Any	[#6:1](=[#6:2](-[#6:3](-[#6:4](-[#1:15])(-[#1:16])-[#1])(-[#8:5]-[#1])-[#6:6])-[#1:14])(-[#1:12])-[#1:13]>>[#6:1](=[#6:2](-[#6:3](=[#6:4](-[#1:15])-[#1:16])-[#6:6])-[#1:14])(-[#1:12])-[#1:13].[#8:5](-[#1])-[#1]	Any;Any
EVODEX.2-Em841_0	Any	[#6:1](=[#6:2](-[#6:3](-[#6:4](-[#1:20])(-[#1:21])-[#1])(-[#8]-[#1])-[#6:6])-[#1:19])(-[#1:17])-[#1:18]>>[#6:1](=[#6:2](-[#6:3](=[#6:4](-[#1:20])-[#1:21])-[#6:6])-[#1:19])(-[#1:17])-[#1:18]	Any
EVODEX.2-Em842_0	Any	[#6:1](=[#6:2](-[#6:3](=[#6:4](-[#1:13])-[#1:14])-[#6:5])-[#1:12])(-[#1:10])-[#1:11]>>[#6:1](=[#6:2](-[#6:3](-[#6:4](-[#1:13])(-[#1:14])-[#1])(-[#6:5])-[#8]-[#1])-[#1:12])(-[#1:10])-[#1:11]	Any
EVODEX.2-Em843_0	Any	[#6:5]-[#6:6](-[#7:7](-[#1])-[#1])=[#8:8]>>[#6:5]-[#6:6]#[#7:7].[#8:8](-[#1])-[#1]	Any;Any
EVODEX.2-Em844_0	Any	[#6:6](-[#6@@:4])(-[#7:7](-[#1])-[#1])=[#8]>>[#6:6](-[#6@@:4])#[#7:7]	Any
EVODEX.2-Em845_0	Any	[#8:63](-[#6@@:62])-[#6@:64](-[#6@:65])(-[#6@:84](-[#8:83])(-[#6:85](=[#8:86])-[#8:87])-[#1])-[#1:142]>>[#6:64](=[#6:84](-[#6:85](=[#8:86])-[#8:87])-[#8:83])(-[#6@:65])-[#1:142].[#8:63](-[#6@@:62])-[#1]	Any;Any
EVODEX.2-Em846_0	Any	([#7:4](-[#6@:3])(-[#6:5](=[#8:6])-[#6@:7])-[#1].[#7:11](-[#6@:10])(-[#1])-[#1])>>[#6:5](=[#8:6])(-[#6@:7])-[#7:11](-[#6@@:10])-[#1].[#7:4](-[#6@:3])(-[#1])-[#1]	Any;Any
EVODEX.2-Em847_0	Any	[#6:3]-[#16@:4](=[#8:5])-[#6:6](-[#6@:7](-[#7:8])(-[#6:9](=[#8:10])-[#8:11])-[#1])(-[#1:17])-[#1:18]>>[#6:3]-[#16:4]-[#8:5]-[#1].[#6:6](=[#6:7](-[#7:8])-[#6:9](=[#8:10])-[#8:11])(-[#1:17])-[#1:18]	Any;Any
EVODEX.2-Em848_0	Any	[#6](-[#6@@])(-[#16:4](=[#8:5])-[#6:6])(-[#1])-[#1]>>[#16:4](-[#8:5]-[#1])-[#6:6]	Any
EVODEX.2-Em849_0	Any	[#6:5]-[#6@@:6](-[#7:7])(-[#6:8](=[#8:9])-[#8:10])-[#1:21]>>[#6:5]-[#6@:6](-[#7:7])(-[#6:8](=[#8:9])-[#8:10])-[#1:21]	Any
EVODEX.2-Em850_0	Any	[#6:1]-[#6@:2](-[#7:3])(-[#6:4](-[#7:5])=[#8:6])-[#1:10]>>[#6:1]-[#6@@:2](-[#7:3])(-[#6:4](-[#7:5])=[#8:6])-[#1:10]	Any
EVODEX.2-Em851_0	Any	([#8:1](-[#6:2])-[#1].[#8:8](-[#6@@:5])-[#6@@:9](-[#8:10])(-[#6@:18])-[#1:31])>>([#8:1](-[#6:2])-[#6@@:9](-[#8:10])(-[#6@:18])-[#1:31].[#8:8](-[#6@@:5])-[#1])	Any
EVODEX.2-Em852_0	Any;Any;Any	[#6:7](-[#6@:5])(=[#8:8])-[#8:9]-[#1].[#7:10](-[#8:11])(-[#1])-[#1].[#8:26]-[#15:27](=[#8:28])(-[#8:29])-[#8:30]-[#15:31](=[#8:32])(-[#8:33])-[#8:34]>>[#6:7](-[#6@:5])(=[#8:8])-[#7:10](-[#8:11])-[#1].[#8:30](-[#15:31](=[#8:32])(-[#8:33])-[#8:34])-[#1].[#8:9](-[#15:27](-[#8:26])(=[#8:28])-[#8:29])-[#1]	Any;Any;Any
EVODEX.2-Em853_0	Any;Any;Any	[#8:31]-[#15:32](=[#8:33])(-[#8:34])-[#8:35]-[#15:36](=[#8:37])(-[#8:38])-[#8:39].[#6:14](-[#6@@:3])(=[#8:15])-[#8:16]-[#1].[#7:1](-[#1])(-[#1])-[#1]>>[#7:1](-[#6:14](-[#6@@:3])=[#8:15])(-[#1])-[#1].[#8:16](-[#15:32](-[#8:31])(=[#8:33])-[#8:34])-[#1].[#8:35](-[#15:36](=[#8:37])(-[#8:38])-[#8:39])-[#1]	Any;Any;Any
EVODEX.2-Em862_0	Any;Any	[#8:63]-[#15:64](=[#8:65])(-[#8:66])-[#8:67]-[#15:68](=[#8:69])(-[#8:70])-[#8:71].[#8]=[#6](-[#8:82]-[#1])-[#1]>>[#8:63]-[#15:64](=[#8:65])(-[#8:66])-[#8:82]-[#1].[#8:67](-[#15:68](=[#8:69])(-[#8:70])-[#8:71])-[#1]	Any;Any
EVODEX.2-Em865_0	Any;Any;Any	[#6:47]-[#16:48]-[#1].[#8:50]-[#6:51]1:[#6:52](:[#6:53](/[#6:54](=[#6:55](/[#6:56](=[#8:57])-[#8:58]-[#1])-[#1:135])-[#1:134]):[#6:59](:[#6:60](:[#6:61]:1-[#8:62])-[#1:138])-[#1:137])-[#1:133].[#8:77]-[#15:78](=[#8:79])(-[#8:80])-[#8:81]-[#15:82](=[#8:83])(-[#8:84])-[#8:85]>>[#6:47]-[#16:48]-[#6:56](/[#6:55](=[#6:54](/[#6:53]1:[#6:52](:[#6:51](-[#8:50]):[#6:61](-[#8:62]):[#6:60](:[#6:59]:1-[#1:137])-[#1:138])-[#1:133])-[#1:134])-[#1:135])=[#8:57].[#8:58](-[#15:78](-[#8:77])(=[#8:79])-[#8:80])-[#1].[#8:81](-[#15:82](=[#8:83])(-[#8:84])-[#8:85])-[#1]	Any;Any;Any
EVODEX.2-Em866_0	Any;Any	[#8:50]-[#6:51]1:[#6:52](:[#6:53](/[#6:54](=[#6:55](/[#6:56](=[#8:57])-[#8:58]-[#1])-[#1:136])-[#1:135]):[#6:59](:[#6:60](:[#6:61]:1-[#8:62])-[#1:139])-[#1:138])-[#1:134].[#8:75]-[#15:76](=[#8:77])(-[#8:78])-[#8:79]-[#15:80](=[#8:81])(-[#8:82])-[#8:83]>>[#6]-[#16]-[#6:56](/[#6:55](=[#6:54](/[#6:53]1:[#6:52](:[#6:51](-[#8:50]):[#6:61](-[#8:62]):[#6:60](:[#6:59]:1-[#1:138])-[#1:139])-[#1:134])-[#1:135])-[#1:136])=[#8:57].[#8:58](-[#15:76](-[#8:75])(=[#8:77])-[#8:78])-[#1].[#8:79](-[#15:80](=[#8:81])(-[#8:82])-[#8:83])-[#1]	Any;Any;Any
EVODEX.2-Em868_0	Any;Any	[#8:17]-[#15:18](=[#8:19])(-[#8:20])-[#8:21]-[#15:22](=[#8:23])(-[#8:24])-[#8:25].[#8:34]=[#6:35](-[#8:36]-[#1])-[#6:37]>>[#8:17]-[#15:18](=[#8:19])(-[#8:20])-[#8:36]-[#1].[#7](-[#8])(-[#6:35](=[#8:34])-[#6:37])-[#1].[#8:21](-[#15:22](=[#8:23])(-[#8:24])-[#8:25])-[#1]	Any;Any;Any
EVODEX.2-Em870_0	Any;Any;Any	[#8:29]-[#15:30](=[#8:31])(-[#8:32]-[#1])-[#8:33].[#7](-[#6:2](=[#8:3])-[#6:4])(-[#1])-[#1].[#8:38]=[#15:39](-[#8:40]-[#1])(-[#8:41])-[#8:42]>>[#6:2](=[#8:3])(-[#6:4])-[#8:32]-[#1].[#8:29]-[#15:30](=[#8:31])(-[#8:33])-[#8:40]-[#15:39](=[#8:38])(-[#8:41])-[#8:42]	Any;Any
EVODEX.2-Em871_0	Any;Any	[#8:29]-[#15:30](=[#8:31])(-[#8:32]-[#1])-[#8:33].[#7:1](-[#6:2](=[#8:3])-[#6:4])(-[#1])-[#1]>>[#6:2](=[#8:3])(-[#6:4])-[#8:32]-[#1].[#8:29]-[#15:30](=[#8:31])(-[#8:33])-[#8]-[#15](=[#8])(-[#8])-[#8].[#7:1](-[#1])(-[#1])-[#1]	Any;Any;Any
EVODEX.2-Em872_0	Any;Any	[#8:28]-[#15:29](=[#8:30])(-[#8:31])-[#8:32]-[#15:33](=[#8:34])(-[#8:35])-[#8:36].[#6:5]-[#6:6](=[#8:7])-[#8:8]-[#1]>>[#7](-[#6:6](-[#6:5])=[#8:7])(-[#1])-[#1].[#8:32](-[#15:33](=[#8:34])(-[#8:35])-[#8:36])-[#1].[#8:8](-[#15:29](-[#8:28])(=[#8:30])-[#8:31])-[#1]	Any;Any;Any
EVODEX.2-Em878_0	Any;Any;Any	[#8:31]-[#15:32](=[#8:33])(-[#8:34])-[#8]-[#15](=[#8])(-[#8])-[#8].[#6:3]-[#6:4](=[#8:5])-[#8:6]-[#1].[#6:11]-[#6@:12](-[#7:13](-[#1])-[#1])(-[#6:14](=[#8:15])-[#8:16])-[#1:76]>>[#6:3]-[#6:4](=[#8:5])-[#7:13](-[#6@:12](-[#6:11])(-[#6:14](=[#8:15])-[#8:16])-[#1:76])-[#1].[#8:6](-[#15:32](-[#8:31])(=[#8:33])-[#8:34])-[#1]	Any;Any
EVODEX.2-Em879_0	Any;Any;Any	[#7:24](-[#6@@:25])(-[#1])-[#1].[#8:52]-[#15:53](=[#8:54])(-[#8:55])-[#8:56]-[#15:57](=[#8:58])(-[#8:59])-[#8:60].[#7:12]-[#6:13]1:[#6:14](:[#6:15](:[#6:16](-[#6:17](=[#8:18])-[#8:19]-[#1]):[#6:20](:[#6:21]:1-[#1:100])-[#1:99])-[#1:97])-[#1:96]>>[#7:12]-[#6:13]1:[#6:14](:[#6:15](:[#6:16](-[#6:17](=[#8:18])-[#7:24](-[#6@@:25])-[#1]):[#6:20](:[#6:21]:1-[#1:100])-[#1:99])-[#1:97])-[#1:96].[#8:19](-[#15:53](-[#8:52])(=[#8:54])-[#8:55])-[#1].[#8:56](-[#15:57](=[#8:58])(-[#8:59])-[#8:60])-[#1]	Any;Any;Any
EVODEX.2-Em880_0	Any;Any	[#8:52]-[#15:53](=[#8:54])(-[#8:55])-[#8]-[#15](=[#8])(-[#8])-[#8].[#7:12]-[#6:13]1:[#6:14](:[#6:15](:[#6:16](-[#6:17](=[#8:18])-[#8:19]-[#1]):[#6:20](:[#6:21]:1-[#1:100])-[#1:99])-[#1:97])-[#1:96]>>[#7:12]-[#6:13]1:[#6:14](:[#6:15](:[#6:16](-[#6:17](=[#8:18])-[#7](-[#6@@])-[#1]):[#6:20](:[#6:21]:1-[#1:100])-[#1:99])-[#1:97])-[#1:96].[#8:19](-[#15:53](-[#8:52])(=[#8:54])-[#8:55])-[#1]	Any;Any
EVODEX.2-Em881_0	Any;Any	[#8:52]-[#15:53](=[#8:54])(-[#8:55])-[#8:56]-[#15:57](=[#8:58])(-[#8:59])-[#8:60].[#7]-[#6]1:[#6](:[#6](:[#6](-[#6](=[#8])-[#8:19]-[#1]):[#6](:[#6]:1-[#1])-[#1])-[#1])-[#1]>>[#8:19](-[#15:53](-[#8:52])(=[#8:54])-[#8:55])-[#1].[#8:56](-[#15:57](=[#8:58])(-[#8:59])-[#8:60])-[#1]	Any;Any
EVODEX.2-Em883_0	Any;Any	[#6:29](-[#6@@:23])(=[#8:30])-[#7:31](-[#6@@:32])-[#1].[#8]-[#15](=[#8])(-[#8:64]-[#1])-[#8]>>[#6:29](-[#6@@:23])(=[#8:30])-[#8:64]-[#1].[#7:31](-[#6@@:32])(-[#1])-[#1]	Any;Any
EVODEX.2-Em884_0	Any;Any	[#8]-[#15](=[#8])(-[#8:65]-[#1])-[#8].[#6:24]-[#6:25](=[#8:26])-[#7](-[#6@@])-[#1]>>[#6:24]-[#6:25](=[#8:26])-[#8:65]-[#1]	Any
EVODEX.2-Em886_0	Any;Any;Any	[#6:2]-[#6:3](=[#8:4])-[#8:5]-[#1].[#8:24]-[#15:25](=[#8:26])(-[#8:27])-[#8:28]-[#15:29](=[#8:30])(-[#8:31])-[#8:32].[#6:43]-[#7:44](-[#6@@:40])-[#1]>>[#6:2]-[#6:3](=[#8:4])-[#7:44](-[#6@:40])-[#6:43].[#8:28](-[#15:29](=[#8:30])(-[#8:31])-[#8:32])-[#1].[#8:5](-[#15:25](-[#8:24])(=[#8:26])-[#8:27])-[#1]	Any;Any;Any
EVODEX.2-Em887_0	Any;Any	[#6:2]-[#6:3](=[#8:4])-[#8:5]-[#1].[#8:24]-[#15:25](=[#8:26])(-[#8:27])-[#8:28]-[#15:29](=[#8:30])(-[#8:31])-[#8:32]>>[#6:2]-[#6:3](=[#8:4])-[#7](-[#6@])-[#6].[#8:28](-[#15:29](=[#8:30])(-[#8:31])-[#8:32])-[#1].[#8:5](-[#15:25](-[#8:24])(=[#8:26])-[#8:27])-[#1]	Any;Any;Any
EVODEX.2-Em888_0	Any;Any;Any	[#6:1]-[#6:2](-[#7:3](-[#1])-[#1])(-[#6:4](-[#7:5](-[#1])-[#1])(-[#6:6])-[#1:54])-[#1:51].[#8:32]-[#15:33](=[#8:34])(-[#8:35])-[#8]-[#15](=[#8])(-[#8])-[#8].[#8:45]=[#6:46]=[#8:47]>>[#6:1]-[#6@@:2]1(-[#7:3](-[#6:46](=[#8:47])-[#7:5](-[#6@@:4]-1(-[#6:6])-[#1:54])-[#1])-[#1])-[#1:51].[#8:32]-[#15:33](=[#8:34])(-[#8:35])-[#8:45]-[#1]	Any;Any
EVODEX.2-Em889_0	Any;Any	[#8:32]-[#15:33](=[#8:34])(-[#8:35])-[#8:36]-[#15:37](=[#8:38])(-[#8:39])-[#8:40].[#8:45]=[#6:46]=[#8:47]>>[#7]1(-[#6@@]-[#6@@]-[#7](-[#6:46]-1=[#8:47])-[#1])-[#1].[#8:32]-[#15:33](=[#8:34])(-[#8:35])-[#8:45]-[#1].[#8:36](-[#15:37](=[#8:38])(-[#8:39])-[#8:40])-[#1]	Any;Any;Any
EVODEX.2-Em320_0	Any	[#8:9]=[#6:10](-[#6:11])-[#1:22]>>[#7]-[#6@](-[#6](=[#8])-[#8])(-[#6@:10](-[#8:9]-[#1])(-[#6:11])-[#1:22])-[#1]	Any
EVODEX.2-Em563_0	Any	[#8:57]=[#6:58](-[#8:59]-[#1])-[#6:60]>>[#6](=[#8])(/[#6](=[#6](/[#6])-[#1])-[#1])-[#8:59]-[#1].[#6]-[#16]-[#6:58](=[#8:57])-[#6:60]	Any;Any
EVODEX.2-Em603_0	Any;Any	[#6](=[#6](-[#8]-[#6:4](-[#6:5])=[#8:6])-[#1])(-[#1])-[#1].[#8:25](-[#6@:24])-[#1]>>[#6:4](-[#6:5])(=[#8:6])-[#8:25]-[#6@:24]	Any
EVODEX.2-Em735_0	Any;Any	[#6]-[#6]1:[#6](:[#6](=[#8]):[#8]:[#6]2:[#6](:[#6](:[#6](-[#7](-[#6:15](=[#8:16])-[#6@@:17])-[#1]):[#6](:[#6]:1:2)-[#1])-[#1])-[#1])-[#1].[#8:42](-[#1])-[#1]>>[#6:15](=[#8:16])(-[#6@@:17])-[#8:42]-[#1]	Any
EVODEX.2-Em836_0	Any	[#8]=[#6](-[#6](-[#6@:4](-[#8:5]-[#1])(-[#6@:6])-[#1:17])(-[#1])-[#1])-[#1]>>[#6:4](=[#8:5])(-[#6@:6])-[#1:17]	Any
EVODEX.2-Em867_0	Any	[#8:80]=[#6:81](-[#8]-[#1])-[#6:83]>>[#6]-[#16]-[#6:81](=[#8:80])-[#6:83]	Any
EVODEX.2-Em362_0	Any	[#6:59]-[#8:60]-[#1]>>[#6]/[#6](=[#6](\[#6])-[#6](=[#8])-[#8:60]-[#6:59])-[#1]	Any
EVODEX.2-Em497_0	Any;Any	[#7:1](-[#6](-[#6])(-[#1])-[#1])(-[#1])-[#1].[#6:15]-[#6:16](=[#8])-[#6:18](=[#8:19])-[#8:20]>>[#7:1](-[#6:16](-[#6:15])(-[#6:18](=[#8:19])-[#8:20])-[#1])(-[#1])-[#1]	Any
EVODEX.2-Em549_0	Any	[#8:21]-[#15:22](=[#8:23])(-[#8:24])-[#8:25]-[#15:26](=[#8:27])(-[#8:28])-[#8:29]-[#15](=[#8])(-[#8])-[#8]>>[#8:21]-[#15:22](=[#8:23])(-[#8:24])-[#8]-[#1].[#8:25](-[#15:26](=[#8:27])(-[#8:28])-[#8:29]-[#1])-[#1]	Any;Any
EVODEX.2-Em736_0	Any;Any	[#6:25](-[#6@:24])(=[#8:26])-[#7](-[#6]1:[#6](:[#6](:[#6](:[#6](:[#6]:1-[#1])-[#6])-[#8])-[#1])-[#1])-[#1].[#8:43](-[#1])-[#1]>>[#6:25](-[#6@:24])(=[#8:26])-[#8:43]-[#1]	Any
EVODEX.2-Em803_0	Any;Any;Any	[#8:15]-[#15:16](=[#8:17])(-[#8:18])-[#8:19]-[#15:20](=[#8:21])(-[#8:22])-[#8:23]-[#15:24](=[#8:25])(-[#8:26])-[#8:27].[#8:32](-[#1])-[#1].[#8:33](-[#1])-[#1]>>[#8:15]-[#15:16](=[#8:17])(-[#8:18])-[#8:32]-[#1].[#8:19](-[#15:20](=[#8:21])(-[#8:22])-[#8:33]-[#1])-[#1].[#8:23](-[#15:24](=[#8:25])(-[#8:26])-[#8:27])-[#1]	Any;Any;Any
EVODEX.2-Em877_0	Any;Any	[#6:2]-[#6:5](=[#8:6])-[#8]-[#1].[#8]-[#15](=[#8])(-[#8])-[#8:55]-[#15:56](=[#8:57])(-[#8:58])-[#8:59]-[#15:60](=[#8:61])(-[#8:62])-[#8:63]>>[#6:2]-[#6:5](=[#8:6])-[#7](-[#6@@])-[#1].[#8](-[#15:56](-[#8:55]-[#1])(=[#8:57])-[#8:58])-[#1].[#8:59](-[#15:60](=[#8:61])(-[#8:62])-[#8:63])-[#1]	Any;Any;Any
