Name	Reactants	SMARTS	Products
EVODEX.2-Cm9_0	Any	[#6:67]-[#8:50]-[#1]>>[#6:67]-[#8:50]-[#6](=[#8])-[#6]	Any
EVODEX.2-Cm120_0	Any	[#6:71]-[#8:70]-[#6](=[#8])-[#6]>>[#6:71]-[#8:70]-[#1]	Any
EVODEX.2-Cm244_0	Any;Any	[#6:3]-[#6:1](-[#8]-[#6])(-[#6:4])-[#1:102].[#8]-[#15](=[#8])(-[#8:2]-[#1])-[#8]>>[#6:3]-[#6:1](-[#8:2]-[#1])(-[#6:4])-[#1:102]	Any
EVODEX.2-Cm57_0	Any	[#6:12]-[#7:11](-[#6](=[#8])-[#6])-[#1]>>[#7:11](-[#6:12])(-[#1])-[#1]	Any
EVODEX.2-Cm104_0	Any	[#6:3]-[#6:1](-[#8:89]-[#1])(-[#6:4])-[#1:150]>>[#6:3]-[#6:1](-[#8]-[#6])(-[#6:4])-[#1:150].[#8]-[#15](=[#8])(-[#8:89]-[#1])-[#8]	Any;Any
EVODEX.2-Cm37_0	Any	[#7:2](-[#6:11])(-[#1])-[#1].>>[#6]-[#6](=[#8])-[#7:2](-[#6:11])-[#1].	Any
EVODEX.2-Cm62_0	Any	[#6:3]-[#6:1](=[#8:4])-[#7](-[#6])-[#1]>>[#6:3]-[#6:1](=[#8:4])-[#8]-[#1]	Any
EVODEX.2-Cm76_0	Any	[#6:3]-[#6:1](=[#8:4])-[#8]-[#1]>>[#6]-[#7](-[#6:1](=[#8:4])-[#6:3])-[#1]	Any
EVODEX.2-Cm11_0	Any;Any	[#6:3]-[#6:1](=[#8:4])-[#7](-[#6])-[#1].[#8:2](-[#1])-[#1]>>[#6:3]-[#6:1](=[#8:4])-[#8:2]-[#1]	Any
EVODEX.2-Cm83_0	Any;Any	[#6]-[#6](-[#7:2](-[#1])-[#1])(-[#6])-[#1].[#6:3]-[#6:1](=[#8])-[#6:4]>>[#7:2](-[#6:1](-[#6:4])(-[#6:3])-[#1])(-[#1])-[#1]	Any
EVODEX.2-Cm84_0	Any	[#6:3]-[#6:1](=[#8:15])-[#6:4]>>[#7](-[#6:1](-[#6:4])(-[#6:3])-[#1])(-[#1])-[#1].[#6]-[#6](=[#8:15])-[#6]	Any;Any
EVODEX.2-Cm133_0	Any	[#6:3]-[#6:1](-[#8:92]-[#6:94])(-[#6:4])-[#1:167]>>[#6:3]-[#6:1](-[#8]-[#1])(-[#6:4])-[#1:167].[#6:94]-[#8:92]-[#15](=[#8])(-[#8])-[#8]	Any;Any
EVODEX.2-Cm141_0	Any	[#6:3]-[#6:1](=[#8:4])-[#8:12]-[#1]>>[#6:3]-[#6:1](=[#8:4])-[#7](-[#6])-[#1].[#8:12](-[#1])-[#1]	Any;Any
EVODEX.2-Cm377_0	Any;Any	[#7](-[#6:11](-[#6:13])(-[#6:14])-[#1])(-[#1])-[#1].[#6]-[#6](=[#8:12])-[#6]>>[#8:12]=[#6:11](-[#6:13])-[#6:14]	Any
EVODEX.2-Cm431_0	Any	[#6:13]-[#6:11](-[#7:2](-[#1])-[#1])(-[#6:14])-[#1]>>[#7:2](-[#6](-[#6])(-[#6])-[#1])(-[#1])-[#1].[#6:13]-[#6:11](=[#8])-[#6:14]	Any;Any
EVODEX.2-Cm34_0	Any;Any	[#15]-[#8]-[#6:1](-[#6:3])(-[#1:46])-[#1:47].[#15:11]-[#8:2]-[#15](=[#8])(-[#8])-[#8]>>[#15:11]-[#8:2]-[#6:1](-[#6:3])(-[#1:46])-[#1:47]	Any
EVODEX.2-Cm77_0	Any;Any	[#6:4]-[#6:1](-[#6:3])(-[#8]-[#1])-[#1:235].[#6:106]-[#8:2]-[#15](=[#8])(-[#8])-[#8]>>[#6:4]-[#6:1](-[#6:3])(-[#8:2]-[#6:106])-[#1:235]	Any
EVODEX.2-Cm80_0	Any;Any	[#6]-[#16]-[#6:30](=[#8:32])-[#6:33].[#6:46]-[#8:31]-[#1]>>[#6:46]-[#8:31]-[#6:30](=[#8:32])-[#6:33]	Any
EVODEX.2-Cm174_0	Any	[#6:3]-[#6:1](-[#8:25]-[#15:27])(-[#1:60])-[#1:61]>>[#6:3]-[#6:1](-[#8]-[#15])(-[#1:60])-[#1:61].[#8]-[#15](=[#8])(-[#8])-[#8:25]-[#15:27]	Any;Any
EVODEX.2-Cm242_0	Any	[#6:50]-[#6:1](=[#8:51])-[#8:62]-[#6:63]>>[#6:50]-[#6:1](=[#8:51])-[#16]-[#6].[#6:63]-[#8:62]-[#1]	Any;Any
EVODEX.2-Cm23_0	Any	[#15:4]-[#8:2]-[#1]>>[#15:4]-[#8:2]-[#15](=[#8])(-[#8])-[#8]	Any
EVODEX.2-Cm135_0	Any;Any	[#6:51]-[#6:49](-[#8:50]-[#1])(-[#6:52])-[#1].[#6:7]-[#6:1]1:[#6:6](:[#6:5](:[#6:4](:[#7&+:3](-[#6:10]):[#6:2]:1-[#1:117])-[#1:93])-[#1:92])-[#1:91]>>[#6:7]-[#6:1]1=[#6:2](-[#7:3](-[#6:10])-[#6:4](=[#6:5](-[#6:6]-1(-[#1:91])-[#1])-[#1:92])-[#1:93])-[#1:117].[#6:51]-[#6:49](=[#8:50])-[#6:52]	Any;Any
EVODEX.2-Cm14_0	Any;Any	[#6:27](-[#16&+](-[#6])-[#6])(-[#1:52])(-[#1:53])-[#1:54].[#6:29]-[#8:28]-[#1]>>[#6:29]-[#8:28]-[#6:27](-[#1:52])(-[#1:53])-[#1:54]	Any
EVODEX.2-Cm35_0	Any;Any	[#6:27](-[#16&+:1](-[#6:2])-[#6:3])(-[#1:53])(-[#1:54])-[#1:55].[#6:29]-[#8:28]-[#1]>>[#6:3]-[#16:1]-[#6:2].[#6:29]-[#8:28]-[#6:27](-[#1:53])(-[#1:54])-[#1:55]	Any;Any
EVODEX.2-Cm45_0	Any;Any	[#6:3]-[#16:2]-[#6:4].[#6:1](-[#8:28]-[#6:29])(-[#1:60])(-[#1:61])-[#1:62]>>[#6:1](-[#16&+:2](-[#6:4])-[#6:3])(-[#1:60])(-[#1:61])-[#1:62].[#8:28](-[#6:29])-[#1]	Any;Any
EVODEX.2-Cm46_0	Any	[#6](-[#8:28]-[#6:29])(-[#1])(-[#1])-[#1]>>[#8:28](-[#6:29])-[#1]	Any
EVODEX.2-Cm93_0	Any	[#6:29]-[#8:28]-[#1]>>[#6:29]-[#8:28]-[#6](-[#1])(-[#1])-[#1]	Any
EVODEX.2-Cm134_0	Any;Any	[#6]-[#16]-[#6:49](=[#8:51])-[#6:52].[#8]=[#15](-[#8:50]-[#1])(-[#8])-[#8]>>[#6:52]-[#6:49](=[#8:51])-[#8:50]-[#1]	Any
EVODEX.2-Cm182_0	Any;Any	[#6:14]-[#6:11](-[#6:13])(-[#7:2](-[#1])-[#1])-[#1].[#6:3]-[#6:1](=[#8:12])-[#6:4]>>[#7:2](-[#6:1](-[#6:3])(-[#6:4])-[#1])(-[#1])-[#1].[#6:14]-[#6:11](-[#6:13])=[#8:12]	Any;Any
EVODEX.2-Cm186_0	Any;Any	[#6]-[#16]-[#6:30](=[#8:32])-[#6:33].[#8:62]=[#15:39](-[#8:31]-[#1])(-[#8:63])-[#8:64]>>[#6:33]-[#6:30](=[#8:32])-[#8:31]-[#1].[#15]-[#8]-[#15:39](=[#8:62])(-[#8:63])-[#8:64]	Any;Any
EVODEX.2-Cm190_0	Any;Any	[#6:3]-[#6:1](-[#8]-[#6])(-[#1:222])-[#1:223].[#8]-[#15](=[#8])(-[#8:2]-[#1])-[#8]>>[#6:3]-[#6:1](-[#8:2]-[#1])(-[#1:222])-[#1:223]	Any
EVODEX.2-Cm198_0	Any;Any	[#6:3]-[#16:2]-[#1].[#6]-[#7](-[#6:1](=[#8:50])-[#6:51])-[#1]>>[#6:3]-[#16:2]-[#6:1](=[#8:50])-[#6:51]	Any
EVODEX.2-Cm207_0	Any	[#6:29]-[#8:28]-[#6:1](-[#1:139])(-[#1:140])-[#1:141]>>[#6:1](-[#16&+](-[#6])-[#6])(-[#1:139])(-[#1:140])-[#1:141].[#6:29]-[#8:28]-[#1]	Any;Any
EVODEX.2-Cm235_0	Any	[#6:2]-[#16:1]-[#6:30](=[#8:32])-[#6:33]>>[#6:2]-[#16:1]-[#1].[#6]-[#7](-[#6:30](=[#8:32])-[#6:33])-[#1]	Any;Any
EVODEX.2-Cm241_0	Any;Any	[#6:3]-[#16:2]-[#1].[#6:50]-[#6:1](=[#8:51])-[#8:62]-[#6:63]>>[#6:50]-[#6:1](=[#8:51])-[#16:2]-[#6:3].[#6:63]-[#8:62]-[#1]	Any;Any
EVODEX.2-Cm253_0	Any;Any	[#6:3]-[#6:1](-[#8]-[#6])(-[#6:4])-[#1:130].[#8:2](-[#1])-[#1]>>[#6:3]-[#6:1](-[#8:2]-[#1])(-[#6:4])-[#1:130]	Any
EVODEX.2-Cm283_0	Any	[#8:50]=[#6:1](-[#8:61]-[#1])-[#6:51]>>[#6]-[#16]-[#6:1](=[#8:50])-[#6:51].[#8]-[#15](=[#8])(-[#8:61]-[#1])-[#8]	Any;Any
EVODEX.2-Cm324_0	Any;Any	[#6:2]-[#16:1]-[#6:49](=[#8:51])-[#6:52].[#6:62]-[#8:50]-[#1]>>[#6:2]-[#16:1]-[#1].[#6:62]-[#8:50]-[#6:49](=[#8:51])-[#6:52]	Any;Any
EVODEX.2-Cm330_0	Any;Any	[#6:31]-[#6:1](=[#8:32])-[#8]-[#1].[#8]-[#15](=[#8])(-[#8])-[#8:34]-[#15:35]>>[#6]-[#16]-[#6:1](=[#8:32])-[#6:31].[#15:35]-[#8:34]-[#1]	Any;Any
EVODEX.2-Cm428_0	Any;Any	[#6:3]-[#6:1](-[#8]-[#6])(-[#1:95])-[#1:96].[#8:2](-[#1])-[#1]>>[#6:3]-[#6:1](-[#8:2]-[#1])(-[#1:95])-[#1:96]	Any
EVODEX.2-Cm444_0	Any	[#6:3]-[#6:1](-[#8:128]-[#1])(-[#1:176])-[#1:177]>>[#6:3]-[#6:1](-[#8]-[#6])(-[#1:176])-[#1:177].[#8]-[#15](=[#8])(-[#8:128]-[#1])-[#8]	Any;Any
EVODEX.2-Cm272_0	Any;Any	[#6]-[#16]-[#6:30](=[#8:32])-[#6:33].[#15:42]-[#8:40]-[#1]>>[#6:33]-[#6:30](=[#8:32])-[#8]-[#1].[#15:42]-[#8:40]-[#15](=[#8])(-[#8])-[#8]	Any;Any
EVODEX.2-Cm396_0	Any;Any	[#8:28](-[#1])-[#1].[#8:30]-[#15:29](=[#8:31])(-[#8:32])-[#8]-[#15]>>[#8:30]-[#15:29](=[#8:31])(-[#8:28]-[#1])-[#8:32]	Any
EVODEX.2-Cm87_0	Any	[#6:47]-[#6:45](-[#8:46]-[#1])(-[#6:48])-[#1]>>[#6:47]-[#6:45](=[#8:46])-[#6:48]	Any
EVODEX.2-Cm311_0	Any;Any	[#6:31]-[#6:1](=[#8:32])-[#8:45]-[#1].[#8:47]-[#15:46](=[#8:48])(-[#8:49])-[#8]-[#15]>>[#6]-[#16]-[#6:1](=[#8:32])-[#6:31].[#8:47]-[#15:46](=[#8:48])(-[#8:45]-[#1])-[#8:49]	Any;Any
EVODEX.2-Cm3_0	Any;Any	[#6:47]-[#6:45](-[#7:52](-[#1])-[#1])(-[#6:48])-[#1].[#6:7]-[#6:1]1:[#6:6](:[#6:5](:[#6:4](:[#7&+:3](-[#6:10]):[#6:2]:1-[#1:93])-[#1:70])-[#1:69])-[#1:68]>>[#6:7]-[#6:1]1=[#6:2](-[#7:3](-[#6:10])-[#6:4](=[#6:5](-[#6:6]-1(-[#1:68])-[#1])-[#1:69])-[#1:70])-[#1:93].[#6:47]-[#6:45](=[#8])-[#6:48].[#7:52](-[#1])(-[#1])-[#1]	Any;Any;Any
EVODEX.2-Cm4_0	Any;Any	[#6:47]-[#6:45](-[#7](-[#1])-[#1])(-[#6:48])-[#1].[#6:7]-[#6:1]1:[#6:6](:[#6:5](:[#6:4](:[#7&+:3](-[#6:10]):[#6:2]:1-[#1:93])-[#1:70])-[#1:69])-[#1:68]>>[#6:7]-[#6:1]1=[#6:2](-[#7:3](-[#6:10])-[#6:4](=[#6:5](-[#6:6]-1(-[#1:68])-[#1])-[#1:69])-[#1:70])-[#1:93].[#6:47]-[#6:45](=[#8])-[#6:48]	Any;Any
EVODEX.2-Cm5_0	Any	[#6:47]-[#6:45](-[#7](-[#1])-[#1])(-[#6:48])-[#1]>>[#6:47]-[#6:45](=[#8])-[#6:48]	Any
EVODEX.2-Cm10_0	Any	[#6:50]-[#6:1](=[#8:51])-[#6](-[#6])(-[#1])-[#1]>>[#6:50]-[#6:1](=[#8:51])-[#16]-[#6]	Any
EVODEX.2-Cm16_0	Any	[#6:3]-[#6:1](=[#8:4])-[#8:40]-[#1]>>[#6:3]-[#6:1](=[#8:4])-[#8]-[#6].[#8]-[#15](=[#8])(-[#8:40]-[#1])-[#8]	Any;Any
EVODEX.2-Cm17_0	Any;Any	[#6:2]-[#6:1](-[#8:77]-[#1])(-[#1:98])-[#1:99].[#8:78](-[#1])-[#1]>>[#6:1](-[#6:2])(-[#1:98])(-[#1:99])-[#1].[#8:77]=[#8:78]	Any;Any
EVODEX.2-Cm19_0	Any;Any	[#6:51]-[#6:49](=[#8:52])-[#16:1]-[#6:2].[#8]=[#15](-[#8:50]-[#1])(-[#8])-[#8]>>[#6:2]-[#16:1]-[#1].[#6:51]-[#6:49](=[#8:52])-[#8:50]-[#1]	Any;Any
EVODEX.2-Cm25_0	Any;Any	[#6:3]-[#6:1](=[#8:4])-[#8]-[#6].[#8:2](-[#1])-[#1]>>[#6:3]-[#6:1](=[#8:4])-[#8:2]-[#1]	Any
EVODEX.2-Cm44_0	Any;Any;Any	[#6:2]-[#6:1](-[#8:21]-[#1])(-[#6:3])-[#1:29].[#8:14]=[#6:11](-[#8:22]-[#1])-[#6:15].[#8:13]=[#6:12]=[#8:20]>>[#6:2]-[#6:1](-[#6:3])(-[#1:29])-[#1].[#6:15]-[#6:11](=[#8:14])-[#6:12](=[#8:20])-[#8:13]-[#1].[#8:21]=[#8:22]	Any;Any;Any
EVODEX.2-Cm60_0	Any;Any	[#6:3]-[#6:1](=[#8])-[#6:4].[#7:2](-[#1])(-[#1])-[#1]>>[#6:3]-[#6:1](-[#7:2](-[#1])-[#1])(-[#6:4])-[#1]	Any
EVODEX.2-Cm61_0	Any;Any	[#6:3]-[#6:1](-[#8:81]-[#6:82])(-[#6:4])-[#1:116].[#8:2](-[#1])-[#1]>>[#6:3]-[#6:1](-[#8:2]-[#1])(-[#6:4])-[#1:116].[#6:82]-[#8:81]-[#1]	Any;Any
EVODEX.2-Cm67_0	Any;Any	[#6:2]-[#6:1](-[#8]-[#1])(-[#6:3])-[#1:52].[#8:26]=[#6:25]=[#8:33]>>[#6:2]-[#6:1](-[#6:3])(-[#1:52])-[#1].[#6]-[#6](=[#8])-[#6:25](=[#8:33])-[#8:26]-[#1]	Any;Any
EVODEX.2-Cm71_0	Any;Any	[#7](-[#6:11](-[#6:13])(-[#1:21])-[#1])(-[#1])-[#1].[#6]-[#6](=[#8:12])-[#6]>>[#6:13]-[#6:11](=[#8:12])-[#1:21]	Any
EVODEX.2-Cm73_0	Any;Any	[#6:54]-[#16:53]-[#1].[#6:101]-[#6:52](=[#8:102])-[#6](-[#6])(-[#1])-[#1]>>[#6:101]-[#6:52](=[#8:102])-[#16:53]-[#6:54]	Any
EVODEX.2-Cm100_0	Any;Any	[#6:2]-[#6:1](-[#8]-[#1])(-[#6:3])-[#1:89].[#8:63]=[#6:60](-[#8]-[#1])-[#6:64]>>[#6:2]-[#6:1](-[#6:3])(-[#1:89])-[#1].[#6:64]-[#6:60](=[#8:63])-[#6](=[#8])-[#8]	Any;Any
EVODEX.2-Cm105_0	Any	[#6:51]-[#6:49](=[#8:52])-[#16]-[#6]>>[#6:51]-[#6:49](=[#8:52])-[#6](-[#6])(-[#1])-[#1]	Any
EVODEX.2-Cm107_0	Any;Any;Any	[#6:3]-[#6:1](-[#6:4])(-[#1:95])-[#1].[#6]-[#6](=[#8])-[#6:71](=[#8:73])-[#8:72]-[#1].[#8:2]=[#8]>>[#6:3]-[#6:1](-[#8:2]-[#1])(-[#6:4])-[#1:95].[#8:72]=[#6:71]=[#8:73]	Any;Any
EVODEX.2-Cm108_0	Any;Any	[#6:3]-[#6:1](-[#6:4])(-[#1:95])-[#1].[#6:65]-[#6:63](=[#8:66])-[#6](=[#8])-[#8]>>[#6:3]-[#6:1](-[#8]-[#1])(-[#6:4])-[#1:95].[#8:66]=[#6:63](-[#8]-[#1])-[#6:65]	Any;Any
EVODEX.2-Cm113_0	Any;Any	[#6:54]-[#6:2](=[#6:1](-[#6:4])-[#1:81])-[#1:80].[#8:3](-[#1])-[#1]>>[#6:54]-[#6:2](-[#8:3]-[#1])(-[#6:1](-[#6:4])(-[#1:81])-[#1])-[#1:80]	Any
EVODEX.2-Cm130_0	Any;Any	[#6:3]-[#6:1](=[#8:11])-[#6:4].[#7:2](-[#1])(-[#1])-[#1]>>[#6:3]-[#6:1](-[#7:2](-[#1])-[#1])(-[#6:4])-[#1].[#8:11](-[#1])-[#1]	Any;Any
EVODEX.2-Cm139_0	Any;Any;Any	[#6:3]-[#6:1](=[#8:4])-[#8]-[#1].[#7:2](-[#6:17])(-[#1])-[#1].[#8]-[#15](=[#8])(-[#8])-[#8:23]-[#15:24]>>[#6:3]-[#6:1](=[#8:4])-[#7:2](-[#6:17])-[#1].[#15:24]-[#8:23]-[#1]	Any;Any
EVODEX.2-Cm140_0	Any;Any	[#6:3]-[#6:1](=[#8:4])-[#8:32]-[#1].[#7:2](-[#6:17])(-[#1])-[#1]>>[#6:3]-[#6:1](=[#8:4])-[#7:2](-[#6:17])-[#1].[#8]-[#15](=[#8])(-[#8:32]-[#1])-[#8]	Any;Any
EVODEX.2-Cm143_0	Any;Any	[#7](-[#6:49](-[#6:51])(-[#6:52])-[#1])(-[#1])-[#1].[#8:50](-[#1])-[#1]>>[#8:50]=[#6:49](-[#6:51])-[#6:52]	Any
EVODEX.2-Cm147_0	Any;Any	[#6:3]-[#6:1](-[#8:22]-[#15:24])(-[#1:82])-[#1:83].[#8:28]-[#15:23](=[#8:29])(-[#8:2]-[#1])-[#8:30]>>[#6:3]-[#6:1](-[#8:2]-[#1])(-[#1:82])-[#1:83].[#8:28]-[#15:23](=[#8:29])(-[#8:30])-[#8:22]-[#15:24]	Any;Any
EVODEX.2-Cm148_0	Any	[#8]=[#15](-[#8])(-[#8])-[#8:17]-[#6:18]>>[#8:17](-[#6:18])-[#1]	Any
EVODEX.2-Cm152_0	Any	[#6:3]-[#6:1](-[#8:22]-[#6:23])(-[#6:4])-[#1:31]>>[#6:3]-[#6:1](-[#8]-[#1])(-[#6:4])-[#1:31].[#6:23]-[#8:22]-[#1]	Any;Any
EVODEX.2-Cm153_0	Any;Any	[#6:3]-[#6:1](-[#6:4])(-[#1:77])-[#1].[#8:2]=[#8]>>[#6:3]-[#6:1](-[#8:2]-[#1])(-[#6:4])-[#1:77]	Any
EVODEX.2-Cm154_0	Any;Any	[#6:3]-[#6:1](-[#6:4])(-[#1:77])-[#1].[#8:2]=[#8:58]>>[#6:3]-[#6:1](-[#8:2]-[#1])(-[#6:4])-[#1:77].[#8]=[#6](-[#8:58]-[#1])-[#6]	Any;Any
EVODEX.2-Cm155_0	Any;Any	[#6:3]-[#6:1](-[#6:4])(-[#1:77])-[#1].[#6:59]-[#6:57](=[#8:60])-[#6:65](=[#8:67])-[#8:66]-[#1]>>[#6:3]-[#6:1](-[#8]-[#1])(-[#6:4])-[#1:77].[#8:60]=[#6:57](-[#8]-[#1])-[#6:59].[#8:66]=[#6:65]=[#8:67]	Any;Any;Any
EVODEX.2-Cm157_0	Any;Any	[#6:3]-[#6:1](-[#8]-[#15])(-[#6:4])-[#1:184].[#8]-[#15](=[#8])(-[#8:2]-[#1])-[#8]>>[#6:3]-[#6:1](-[#8:2]-[#1])(-[#6:4])-[#1:184]	Any
EVODEX.2-Cm158_0	Any	([#6:37]-[#6:1](-[#8:63]-[#1])(-[#1:66])-[#1:67].[#6:5]-[#8:4]-[#1])>>([#6:37]-[#6:1](-[#8]-[#1])(-[#1:66])-[#1:67].[#6:5]-[#8:4]-[#6](-[#8])(-[#6])-[#1]).[#8:63](-[#1])-[#1]	Any;Any
EVODEX.2-Cm171_0	Any	[#6]-[#16]-[#6:30](=[#8:32])-[#6:33]>>[#6:33]-[#6:30](=[#8:32])-[#8]-[#1]	Any
EVODEX.2-Cm177_0	Any	[#6:51]-[#6:49](=[#8:52])-[#16]-[#6]>>[#6]-[#7](-[#6:49](=[#8:52])-[#6:51])-[#1]	Any
EVODEX.2-Cm181_0	Any;Any	[#6:20]-[#6:14]1=[#6:19](-[#7:18](-[#6:23])-[#6:17](=[#6:16](-[#6:15]-1(-[#1:86])-[#1])-[#1:85])-[#1:84])-[#1:61].[#6:3]-[#6:1](=[#8])-[#6:4]>>[#6:3]-[#6:1](-[#7](-[#1])-[#1])(-[#6:4])-[#1].[#6:20]-[#6:14]1:[#6:15](:[#6:16](:[#6:17](:[#7&+:18](-[#6:23]):[#6:19]:1-[#1:61])-[#1:84])-[#1:85])-[#1:86]	Any;Any
EVODEX.2-Cm191_0	Any	[#6:3]-[#6:1](-[#8:142]-[#6:144])(-[#1:222])-[#1:223]>>[#6:3]-[#6:1](-[#8]-[#1])(-[#1:222])-[#1:223].[#6:144]-[#8:142]-[#15](=[#8])(-[#8])-[#8]	Any;Any
EVODEX.2-Cm200_0	Any	[#6:2]-[#6:1](-[#8]-[#1])(-[#6:3])-[#1:107]>>[#6:3]-[#6:1](-[#6:2])(-[#1:107])-[#1]	Any
EVODEX.2-Cm210_0	Any;Any	[#8:3]-[#6:1](-[#8]-[#1])(-[#6:4])-[#1:57].[#8]-[#15](=[#8])(-[#8])-[#8:2]-[#15:19]>>[#8:3]-[#6:1](-[#8:2]-[#15:19])(-[#6:4])-[#1:57]	Any
EVODEX.2-Cm212_0	Any	[#7:12](-[#6:1](-[#6:3])(-[#6:4])-[#1])(-[#1])-[#1]>>[#6:4]-[#6:1](=[#8])-[#6:3].[#7:12](-[#1])(-[#1])-[#1]	Any;Any
EVODEX.2-Cm227_0	Any	[#6:101]-[#6:50](=[#8:102])-[#16:1]-[#6:2]>>[#6:2]-[#16:1]-[#1].[#6:101]-[#6:50](=[#8:102])-[#6](-[#6])(-[#1])-[#1]	Any;Any
EVODEX.2-Cm230_0	Any;Any	[#6:12]-[#7:11](-[#6:1](=[#8:3])-[#6:4])-[#1].[#8:46]=[#15:23](-[#8:2]-[#1])(-[#8:47])-[#8:48]>>[#6:4]-[#6:1](=[#8:3])-[#8:2]-[#1].[#6:12]-[#7:11](-[#1])-[#1].[#15]-[#8]-[#15:23](=[#8:46])(-[#8:47])-[#8:48]	Any;Any;Any
EVODEX.2-Cm231_0	Any;Any	[#7:2](-[#6:17](-[#6:19])(-[#1:24])-[#1])(-[#1])-[#1].[#6:3]-[#6:1](=[#8:18])-[#6:4]>>[#6:3]-[#6:1](-[#7:2](-[#1])-[#1])(-[#6:4])-[#1].[#8:18]=[#6:17](-[#6:19])-[#1:24]	Any;Any
EVODEX.2-Cm232_0	Any;Any	[#6:3]-[#6:1](=[#8:4])-[#7:20](-[#6:21])-[#1].[#8]=[#15](-[#8:2]-[#1])(-[#8])-[#8]>>[#6:3]-[#6:1](=[#8:4])-[#8:2]-[#1].[#7:20](-[#6:21])(-[#1])-[#1]	Any;Any
EVODEX.2-Cm237_0	Any;Any	[#6]-[#16]-[#6:30](=[#8:32])-[#6:33].[#6:37]-[#7:31](-[#1])-[#1]>>[#6:33]-[#6:30](=[#8:32])-[#7:31](-[#6:37])-[#1]	Any
EVODEX.2-Cm248_0	Any;Any	[#15]-[#8]-[#6:1](-[#8:3])(-[#6:4])-[#1:57].[#8]-[#15](=[#8])(-[#8:2]-[#1])-[#8]>>[#8:3]-[#6:1](-[#8:2]-[#1])(-[#6:4])-[#1:57]	Any
EVODEX.2-Cm251_0	Any;Any	[#6:51]-[#6:49](=[#8:52])-[#16]-[#6].[#0:53]-[#8:50]-[#1]>>[#0:53]-[#8:50]-[#6:49](-[#6:51])=[#8:52]	Any
EVODEX.2-Cm258_0	Any;Any;Any	[#6:47]-[#6:45](-[#7](-[#1])-[#1])(-[#6:48])-[#1].[#6:7]-[#6:1]1:[#6:6](:[#6:5](:[#6:4](:[#7&+:3](-[#6:10]):[#6:2]:1-[#1:95])-[#1:72])-[#1:71])-[#1:70].[#8:46](-[#1])-[#1]>>[#6:7]-[#6:1]1=[#6:2](-[#7:3](-[#6:10])-[#6:4](=[#6:5](-[#6:6]-1(-[#1:70])-[#1])-[#1:71])-[#1:72])-[#1:95].[#6:47]-[#6:45](=[#8:46])-[#6:48]	Any;Any
EVODEX.2-Cm266_0	Any;Any	[#6:3]-[#6:1](-[#8]-[#1])(-[#6:4])-[#1:63].[#8]-[#15](=[#8])(-[#8])-[#8:2]-[#15:29]>>[#6:4]-[#6:1](-[#8:2]-[#15:29])(-[#6:3])-[#1:63]	Any
EVODEX.2-Cm282_0	Any;Any;Any	[#6:3]-[#16:2]-[#1].[#8:50]=[#6:1](-[#8]-[#1])-[#6:51].[#8]-[#15](=[#8])(-[#8])-[#8:56]-[#15:57]>>[#6:3]-[#16:2]-[#6:1](=[#8:50])-[#6:51].[#15:57]-[#8:56]-[#1]	Any;Any
EVODEX.2-Cm286_0	Any;Any;Any	[#6:3]-[#6:1](-[#6:4])(-[#1:93])-[#1].[#6:55]-[#6:53](=[#8:56])-[#6](=[#8])-[#8].[#8:2]=[#8:54]>>[#6:3]-[#6:1](-[#8:2]-[#1])(-[#6:4])-[#1:93].[#8:56]=[#6:53](-[#8:54]-[#1])-[#6:55]	Any;Any
EVODEX.2-Cm287_0	Any	[#6:3]-[#6:1](-[#6:4])(-[#1:93])-[#1]>>[#6:3]-[#6:1](-[#8]-[#1])(-[#6:4])-[#1:93]	Any
EVODEX.2-Cm288_0	Any;Any	[#6:3]-[#6:1](-[#6:4])(-[#1:93])-[#1].[#6]-[#6](=[#8])-[#6:61](=[#8:63])-[#8:62]-[#1]>>[#6:3]-[#6:1](-[#8]-[#1])(-[#6:4])-[#1:93].[#8:62]=[#6:61]=[#8:63]	Any;Any
EVODEX.2-Cm291_0	Any	[#6:3]-[#6:1](-[#8:13]-[#15:15])(-[#1:47])-[#1:48]>>[#6:3]-[#6:1](-[#8]-[#1])(-[#1:47])-[#1:48].[#8]-[#15](=[#8])(-[#8])-[#8:13]-[#15:15]	Any;Any
EVODEX.2-Cm293_0	Any;Any	[#7:59](-[#6:49](-[#6:51])(-[#6:52])-[#1])(-[#1])-[#1].[#8:50](-[#1])-[#1]>>[#6:51]-[#6:49](=[#8:50])-[#6:52].[#7:59](-[#1])(-[#1])-[#1]	Any;Any
EVODEX.2-Cm294_0	Any;Any	[#6:3]-[#6:1](-[#8:25]-[#15:27])(-[#1:73])-[#1:74].[#8:31]-[#15:26](=[#8:32])(-[#8:33])-[#8:2]-[#15:17]>>[#6:3]-[#6:1](-[#8:2]-[#15:17])(-[#1:73])-[#1:74].[#8:31]-[#15:26](=[#8:32])(-[#8:33])-[#8:25]-[#15:27]	Any;Any
EVODEX.2-Cm304_0	Any;Any;Any	[#6:47]-[#6:45](-[#7:51](-[#1])-[#1])(-[#6:48])-[#1].[#6:7]-[#6:1]1:[#6:6](:[#6:5](:[#6:4](:[#7&+:3](-[#6:10]):[#6:2]:1-[#1:90])-[#1:67])-[#1:66])-[#1:65].[#8:46](-[#1])-[#1]>>[#6:7]-[#6:1]1=[#6:2](-[#7:3](-[#6:10])-[#6:4](=[#6:5](-[#6:6]-1(-[#1:65])-[#1])-[#1:66])-[#1:67])-[#1:90].[#6:47]-[#6:45](=[#8:46])-[#6:48].[#7:51](-[#1])(-[#1])-[#1]	Any;Any;Any
EVODEX.2-Cm313_0	Any	[#8:3]=[#6:1](-[#8:39]-[#1])-[#6:4]>>[#15]-[#8]-[#6:1](=[#8:3])-[#6:4].[#8]=[#15](-[#8:39]-[#1])(-[#8])-[#8]	Any;Any
EVODEX.2-Cm316_0	Any	[#6:9]-[#6:7](-[#8:8]-[#1])(-[#6:1](-[#6:2])(-[#1:21])-[#1:22])-[#1:19]>>[#6:1](-[#6:2])(-[#1:21])(-[#1:22])-[#1].[#8:8]=[#6:7](-[#6:9])-[#1:19]	Any;Any
EVODEX.2-Cm333_0	Any;Any;Any	[#6:15]-[#6:9]1=[#6:14](-[#7:13](-[#6:18])-[#6:12](=[#6:11](-[#6:10]-1(-[#1:81])-[#1])-[#1:80])-[#1:79])-[#1:56].[#6:3]-[#6:1](=[#8:53])-[#6:4].[#7:2](-[#1])(-[#1])-[#1]>>[#6:3]-[#6:1](-[#7:2](-[#1])-[#1])(-[#6:4])-[#1].[#6:15]-[#6:9]1:[#6:10](:[#6:11](:[#6:12](:[#7&+:13](-[#6:18]):[#6:14]:1-[#1:56])-[#1:79])-[#1:80])-[#1:81].[#8:53](-[#1])-[#1]	Any;Any;Any
EVODEX.2-Cm342_0	Any;Any	[#6:3]-[#6:1](-[#8:23]-[#1])(-[#1:53])-[#1:54].[#8:25]-[#15:24](=[#8:26])(-[#8:27])-[#8:2]-[#15:19]>>[#6:3]-[#6:1](-[#8:2]-[#15:19])(-[#1:53])-[#1:54].[#8:25]-[#15:24](=[#8:26])(-[#8:23]-[#1])-[#8:27]	Any;Any
EVODEX.2-Cm348_0	Any;Any	[#6]-[#6](-[#7:2](-[#1])-[#1])(-[#6])-[#1].[#6:3]-[#6:1](=[#8])-[#1:33]>>[#7:2](-[#6:1](-[#6:3])(-[#1:33])-[#1])(-[#1])-[#1]	Any
EVODEX.2-Cm349_0	Any	[#6:3]-[#6:1](=[#8:12])-[#1:33]>>[#7](-[#6:1](-[#6:3])(-[#1:33])-[#1])(-[#1])-[#1].[#6]-[#6](=[#8:12])-[#6]	Any;Any
EVODEX.2-Cm351_0	Any	[#6]-[#7](-[#6:1](=[#8:50])-[#6:51])-[#1]>>[#6]-[#16]-[#6:1](=[#8:50])-[#6:51]	Any
EVODEX.2-Cm354_0	Any	[#6:31]-[#6:1](=[#8:32])-[#7:44](-[#6:45])-[#1]>>[#6]-[#16]-[#6:1](=[#8:32])-[#6:31].[#7:44](-[#6:45])(-[#1])-[#1]	Any;Any
EVODEX.2-Cm357_0	Any	[#6:3]-[#6:1](=[#8:10])-[#6:4]>>[#6:3]-[#6:1](-[#7](-[#1])-[#1])(-[#6:4])-[#1].[#8:10](-[#1])-[#1]	Any;Any
EVODEX.2-Cm372_0	Any	[#6:3]-[#6:1](-[#8:21]-[#15:23])(-[#8:4])-[#1:57]>>[#6:3]-[#6:1](-[#8]-[#1])(-[#8:4])-[#1:57].[#8]-[#15](=[#8])(-[#8])-[#8:21]-[#15:23]	Any;Any
EVODEX.2-Cm379_0	Any;Any	[#6:2]-[#16:1]-[#6:49](=[#8:51])-[#6:52].[#8:89]=[#15:66](-[#8:50]-[#1])(-[#8:90])-[#8:91]>>[#6:2]-[#16:1]-[#1].[#8:51]=[#6:49](-[#8:50]-[#1])-[#6:52].[#15]-[#8]-[#15:66](=[#8:89])(-[#8:90])-[#8:91]	Any;Any;Any
EVODEX.2-Cm381_0	Any;Any;Any	[#6:3]-[#6:1](-[#6:4])(-[#1:26])-[#1].[#6:14]-[#6:12](=[#8:15])-[#6:20](=[#8:22])-[#8:21]-[#1].[#8:2]=[#8:13]>>[#6:3]-[#6:1](-[#8:2]-[#1])(-[#6:4])-[#1:26].[#8:15]=[#6:12](-[#8:13]-[#1])-[#6:14].[#8:21]=[#6:20]=[#8:22]	Any;Any;Any
EVODEX.2-Cm410_0	Any	[#6:3]-[#16:2]-[#6:52](=[#8:54])-[#6:55]>>[#6]-[#6](=[#8])-[#16:2]-[#6:3].[#8:54]=[#6:52](-[#8]-[#1])-[#6:55]	Any;Any
EVODEX.2-Cm418_0	Any;Any	[#6:2]-[#6:1](-[#8:66]-[#1])(-[#6:3])-[#1:77].[#8:58]=[#6:57]=[#8:65]>>[#6:2]-[#6:1](-[#6:3])(-[#1:77])-[#1].[#6]-[#6](=[#8])-[#6:57](=[#8:65])-[#8:58]-[#1].[#8:66]=[#8]	Any;Any;Any
EVODEX.2-Cm419_0	Any;Any	[#6:3]-[#6:1](-[#8]-[#1])(-[#1:82])-[#1:83].[#6:27]-[#8:2]-[#15](=[#8])(-[#8])-[#8]>>[#6:3]-[#6:1](-[#8:2]-[#6:27])(-[#1:82])-[#1:83]	Any
EVODEX.2-Cm426_0	Any;Any	[#6:3]-[#16:2]-[#6](-[#6])=[#8].[#8:31]=[#6:1](-[#8]-[#1])-[#6:32]>>[#6:3]-[#16:2]-[#6:1](=[#8:31])-[#6:32]	Any
EVODEX.2-Cm429_0	Any	[#6:3]-[#6:1](-[#8:43]-[#6:44])(-[#1:95])-[#1:96]>>[#6:3]-[#6:1](-[#8]-[#1])(-[#1:95])-[#1:96].[#6:44]-[#8:43]-[#1]	Any;Any
EVODEX.2-Cm430_0	Any;Any	[#6:3]-[#16:2]-[#1].[#6:50]-[#6:1](=[#8:51])-[#8:58]-[#1]>>[#6:50]-[#6:1](=[#8:51])-[#16:2]-[#6:3].[#8]-[#15](=[#8])(-[#8:58]-[#1])-[#8]	Any;Any
EVODEX.2-Cm433_0	Any	[#6:4]-[#6:1](-[#6:3])(-[#8:34]-[#15:36])-[#1:97]>>[#6:4]-[#6:1](-[#6:3])(-[#8]-[#1])-[#1:97].[#15:36]-[#8:34]-[#15](=[#8])(-[#8])-[#8]	Any;Any
EVODEX.2-Cm434_0	Any	[#6:3]-[#6:1](=[#8])-[#6:4]>>[#6:3]-[#6:1](-[#7](-[#1])-[#1])(-[#6:4])-[#1]	Any
EVODEX.2-Cm443_0	Any;Any	[#6:2]-[#6:1](-[#8:74]-[#1])(-[#6:3])-[#1:101].[#8:67]=[#6:64](-[#8:75]-[#1])-[#6:68]>>[#6:2]-[#6:1](-[#6:3])(-[#1:101])-[#1].[#6:68]-[#6:64](=[#8:67])-[#6](=[#8])-[#8].[#8:74]=[#8:75]	Any;Any;Any
EVODEX.2-Cm455_0	Any	[#6:4]-[#6:1](-[#6:3])(-[#8:77]-[#1])-[#1:115]>>[#6:4]-[#6:1](-[#6:3])(-[#8]-[#15])-[#1:115].[#8]=[#15](-[#8:77]-[#1])(-[#8])-[#8]	Any;Any
EVODEX.2-Cm459_0	Any;Any	[#6:3]-[#6:1](-[#8:35]-[#6:36])(-[#1:96])-[#1:97].[#8:2](-[#1])-[#1]>>[#6:3]-[#6:1](-[#8:2]-[#1])(-[#1:96])-[#1:97].[#6:36]-[#8:35]-[#1]	Any;Any
EVODEX.2-Cm472_0	Any;Any	[#6:3]-[#6:1](=[#8:4])-[#8]-[#6].[#8]-[#15](=[#8])(-[#8:2]-[#1])-[#8]>>[#6:3]-[#6:1](=[#8:4])-[#8:2]-[#1]	Any
EVODEX.2-Cm475_0	Any;Any	[#6:3]-[#6:1](-[#8]-[#1])(-[#1:109])-[#1:110].[#15:45]-[#8:2]-[#15](=[#8])(-[#8])-[#8]>>[#6:3]-[#6:1](-[#8:2]-[#15:45])(-[#1:109])-[#1:110]	Any
EVODEX.2-Cm483_0	Any	[#6]-[#6](-[#6])(-[#8:24]-[#6:25])-[#1]>>[#6:25]-[#8:24]-[#1]	Any
EVODEX.2-Cm489_0	Any;Any;Any	[#6:2]-[#6:1](-[#8]-[#1])(-[#6:3])-[#1:110].[#8:70]=[#6:67](-[#8]-[#1])-[#6:71].[#8:69]=[#6:68]=[#8:76]>>[#6:2]-[#6:1](-[#6:3])(-[#1:110])-[#1].[#6:71]-[#6:67](=[#8:70])-[#6:68](=[#8:76])-[#8:69]-[#1]	Any;Any
EVODEX.2-Cm490_0	Any	[#6:2]-[#6:1](-[#8:77]-[#1])(-[#6:3])-[#1:110]>>[#6:2]-[#6:1](-[#6:3])(-[#1:110])-[#1].[#8:77]=[#8]	Any;Any
EVODEX.2-Cm498_0	Any	[#6:31]-[#6:1](=[#8:32])-[#8]-[#1]>>[#6]-[#16]-[#6:1](=[#8:32])-[#6:31]	Any
EVODEX.2-Cm501_0	Any;Any;Any	[#6:22]-[#6:16]1=[#6:21](-[#7:20](-[#6:25])-[#6:19](=[#6:18](-[#6:17]-1(-[#1:88])-[#1])-[#1:87])-[#1:86])-[#1:63].[#6:3]-[#6:1](=[#8])-[#6:4].[#7:2](-[#1])(-[#1])-[#1]>>[#7:2](-[#6:1](-[#6:4])(-[#6:3])-[#1])(-[#1])-[#1].[#6:22]-[#6:16]1:[#6:17](:[#6:18](:[#6:19](:[#7&+:20](-[#6:25]):[#6:21]:1-[#1:63])-[#1:86])-[#1:87])-[#1:88]	Any;Any
EVODEX.2-Cm503_0	Any;Any	[#6:2]-[#6:1](-[#8:80]-[#1])(-[#6:3])-[#1:119].[#8]=[#6](-[#8:81]-[#1])-[#6]>>[#6:2]-[#6:1](-[#6:3])(-[#1:119])-[#1].[#8:80]=[#8:81]	Any;Any
EVODEX.2-Cm508_0	Any;Any	[#6:16]-[#6:10]1=[#6:15](-[#7:14](-[#6:19])-[#6:13](=[#6:12](-[#6:11]-1(-[#1:87])-[#1])-[#1:86])-[#1:85])-[#1:61].[#6:3]-[#6:1](=[#8:58])-[#6:4]>>[#7](-[#6:1](-[#6:3])(-[#6:4])-[#1])(-[#1])-[#1].[#6:16]-[#6:10]1:[#6:11](:[#6:12](:[#6:13](:[#7&+:14](-[#6:19]):[#6:15]:1-[#1:61])-[#1:85])-[#1:86])-[#1:87].[#8:58](-[#1])-[#1]	Any;Any;Any
EVODEX.2-Cm519_0	Any	[#7:2](-[#6:11](-[#6:13])(-[#1:35])-[#1])(-[#1])-[#1]>>[#7:2](-[#6](-[#6])(-[#6])-[#1])(-[#1])-[#1].[#6:13]-[#6:11](=[#8])-[#1:35]	Any;Any
EVODEX.2-Cm528_0	Any;Any	[#6:8]-[#6:6](-[#7:2](-[#1])-[#1])(-[#6:9])-[#1].[#8:7]=[#6:1](-[#6:3])-[#1:28]>>[#7:2](-[#6:1](-[#6:3])(-[#1:28])-[#1])(-[#1])-[#1].[#6:8]-[#6:6](=[#8:7])-[#6:9]	Any;Any
EVODEX.2-Cm560_0	Any	[#6:31]-[#6:1](=[#8:32])-[#8:41]-[#1]>>[#6]-[#16]-[#6:1](=[#8:32])-[#6:31].[#8:41](-[#1])-[#1]	Any;Any
EVODEX.2-Cm137_0	Any	[#6:24]-[#8:2]-[#1]>>[#6]-[#6](-[#6])(-[#8:2]-[#6:24])-[#1]	Any
EVODEX.2-Cm146_0	Any;Any	[#6:84]-[#6:78]1=[#6:83](-[#7:82](-[#6:87])-[#6:81](=[#6:80](-[#6:79]-1(-[#1:154])-[#1])-[#1:153])-[#1:152])-[#1:128].[#6:3]-[#6:1](=[#6:2](-[#6:28])-[#1:208])-[#1:207]>>[#6:3]-[#6:1](-[#6:2](-[#6:28])(-[#1:208])-[#1])(-[#1:207])-[#1].[#6:84]-[#6:78]1:[#6:79](:[#6:80](:[#6:81](:[#7&+:82](-[#6:87]):[#6:83]:1-[#1:128])-[#1:152])-[#1:153])-[#1:154]	Any;Any
EVODEX.2-Cm160_0	Any	[#6:47]-[#6:45](-[#6:46](-[#6:53])(-[#1:81])-[#1])(-[#1:79])-[#1]>>[#6:47]-[#6:45](=[#6:46](-[#6:53])-[#1:81])-[#1:79]	Any
EVODEX.2-Cm172_0	Any;Any	[#6:31]-[#6:1](=[#8:32])-[#8:58]-[#1].[#8:60]-[#15:59](=[#8:61])(-[#8:62])-[#8:49]-[#15:50]>>[#6]-[#16]-[#6:1](=[#8:32])-[#6:31].[#15:50]-[#8:49]-[#1].[#8:60]-[#15:59](=[#8:61])(-[#8:58]-[#1])-[#8:62]	Any;Any;Any
EVODEX.2-Cm96_0	Any;Any	[#6:15]-[#7:14](-[#6:1](=[#8:3])-[#6:4])-[#1].[#15:23]-[#8:21]-[#1]>>[#8:3]=[#6:1](-[#8]-[#1])-[#6:4].[#7:14](-[#6:15])(-[#1])-[#1].[#15:23]-[#8:21]-[#15](=[#8])(-[#8])-[#8]	Any;Any;Any
EVODEX.2-Cm163_0	Any;Any;Any	[#6:51]-[#6:49](=[#8:52])-[#16]-[#6].[#15:69]-[#8:67]-[#1].[#8:91]=[#15:68](-[#8:50]-[#1])(-[#8:92])-[#8:93]>>[#6:51]-[#6:49](=[#8:52])-[#8:50]-[#1].[#15:69]-[#8:67]-[#15:68](=[#8:91])(-[#8:92])-[#8:93]	Any;Any
EVODEX.2-Cm398_0	Any;Any;Any	[#6:3]-[#16:2]-[#1].[#6:50]-[#6:1](=[#8:51])-[#8:57]-[#1].[#8:59]-[#15:58](=[#8:60])(-[#8:61])-[#8]-[#15]>>[#6:50]-[#6:1](=[#8:51])-[#16:2]-[#6:3].[#8:59]-[#15:58](=[#8:60])(-[#8:57]-[#1])-[#8:61]	Any;Any
EVODEX.2-Cm421_0	Any;Any	[#6:15]-[#6:9]1=[#6:14](-[#7:13](-[#6:18])-[#6:12](=[#6:11](-[#6:10]-1(-[#1:85])-[#1])-[#1:84])-[#1:83])-[#1:59].[#6:3]-[#6:1](=[#8:2])-[#1:92]>>[#6:3]-[#6:1](-[#8:2]-[#1])(-[#1:92])-[#1].[#6:15]-[#6:9]1:[#6:10](:[#6:11](:[#6:12](:[#7&+:13](-[#6:18]):[#6:14]:1-[#1:59])-[#1:83])-[#1:84])-[#1:85]	Any;Any
EVODEX.2-Cm56_0	Any;Any;Any	[#6:12]-[#7:11](-[#6](=[#8])-[#6])-[#1].[#15:20]-[#8:18]-[#1].[#8:46]=[#15:19](-[#8]-[#1])(-[#8:47])-[#8:48]>>[#7:11](-[#6:12])(-[#1])-[#1].[#15:20]-[#8:18]-[#15:19](=[#8:46])(-[#8:47])-[#8:48]	Any;Any
EVODEX.2-Cm121_0	Any;Any	[#6:51]-[#6:49](=[#8:52])-[#16:1]-[#6:2].[#15:70]-[#8:68]-[#1]>>[#6:2]-[#16:1]-[#1].[#6:51]-[#6:49](=[#8:52])-[#8]-[#1].[#15:70]-[#8:68]-[#15](=[#8])(-[#8])-[#8]	Any;Any;Any
EVODEX.2-Cm378_0	Any;Any;Any	[#6:3]-[#6:1](=[#8:4])-[#8:28]-[#1].[#7:2](-[#6:14])(-[#1])-[#1].[#8:30]-[#15:29](=[#8:31])(-[#8:32])-[#8]-[#15]>>[#6:14]-[#7:2](-[#6:1](=[#8:4])-[#6:3])-[#1].[#8:30]-[#15:29](=[#8:31])(-[#8:28]-[#1])-[#8:32]	Any;Any
EVODEX.2-Cm203_0	Any	[#6:8]-[#6:3](=[#8:9])-[#8:2]-[#1]>>[#6:8]-[#6:3](=[#8:9])-[#8]-[#6]-[#6](-[#8:2]-[#1])(-[#6])-[#1]	Any
EVODEX.2-Cm446_0	Any	[#15:36]-[#8:35]-[#15](=[#8])(-[#8])-[#8]>>[#15:36]-[#8:35]-[#1]	Any
EVODEX.2-Cm593_0	Any;Any	[#6:3]-[#6:1](-[#8:95]-[#1])(-[#6:4])-[#1:130].[#15:25]-[#8:2]-[#15:96](=[#8:97])(-[#8:98])-[#8:99]>>[#15:25]-[#8:2]-[#6:1](-[#6:3])(-[#6:4])-[#1:130].[#8:99]-[#15:96](=[#8:97])(-[#8:95]-[#1])-[#8:98]	Any;Any
EVODEX.2-Cm1_0	Any	([#6:13]-[#6:1](-[#8:23]-[#1])(-[#6:7])-[#1:33].[#15:3]-[#8:2]-[#1])>>[#6:13]-[#6:1](-[#8:2]-[#15:3])(-[#6:7])-[#1:33].[#8:23](-[#1])-[#1]	Any;Any
EVODEX.2-Cm6_0	Any;Any	[#6:51]-[#6:49](=[#8:52])-[#16:1]-[#6:2].[#7:67]-[#6:50](-[#6:68])(-[#6](=[#8])-[#8])-[#1:144]>>[#6:2]-[#16:1]-[#1].[#6:51]-[#6:49](=[#8:52])-[#6:50](-[#7:67])(-[#6:68])-[#1:144]	Any;Any
EVODEX.2-Cm7_0	Any	[#6:3]-[#6:1](-[#6:2](-[#8]-[#1])(-[#6:53])-[#1:104])(-[#1:102])-[#1]>>[#6:3]-[#6:1](=[#6:2](-[#6:53])-[#1:104])-[#1:102]	Any
EVODEX.2-Cm8_0	Any;Any	[#7:49](-[#6:51])(-[#1])-[#1].[#8:50]=[#8:60]>>[#6:51]-[#7:49](-[#8:50]-[#1])-[#1].[#8:60](-[#1])-[#1]	Any;Any
EVODEX.2-Cm12_0	Any;Any	[#6:51]-[#6:49](=[#8:52])-[#16:1]-[#6:2].[#6:79]-[#6:50](-[#6](=[#8])-[#8])(-[#1:247])-[#1:248]>>[#6:2]-[#16:1]-[#1].[#6:51]-[#6:49](=[#8:52])-[#6:50](-[#6:79])(-[#1:247])-[#1:248]	Any;Any
EVODEX.2-Cm13_0	Any;Any	[#6:51]-[#6:49](=[#8:52])-[#16]-[#6].[#6:79]-[#6:50](-[#6](=[#8])-[#8])(-[#1:247])-[#1:248]>>[#6:51]-[#6:49](=[#8:52])-[#6:50](-[#6:79])(-[#1:247])-[#1:248]	Any
EVODEX.2-Cm15_0	Any;Any	[#6:3]-[#6:1](=[#8:4])-[#8:14]-[#1].[#8]=[#15](-[#8:2]-[#1])(-[#8])-[#8]>>[#6:3]-[#6:1](=[#8:4])-[#8:2]-[#1].[#8:14](-[#1])-[#1]	Any;Any
EVODEX.2-Cm18_0	Any;Any	[#8:4](-[#6:5]-[#6:1](-[#8]-[#1])(-[#6:6])-[#1:20])-[#1].[#6:8]-[#6:3](=[#8:9])-[#8:2]-[#1]>>[#6:8]-[#6:3](=[#8:9])-[#8:4]-[#6:5]-[#6:1](-[#8:2]-[#1])(-[#6:6])-[#1:20]	Any
EVODEX.2-Cm20_0	Any;Any	[#6:3]-[#6:1](-[#8:41]-[#1])(-[#6:4])-[#1:83].[#8:43]-[#15:42](=[#8:44])(-[#8:45])-[#8:2]-[#16:37]>>[#6:3]-[#6:1](-[#8:2]-[#16:37])(-[#6:4])-[#1:83].[#8:43]-[#15:42](=[#8:44])(-[#8:41]-[#1])-[#8:45]	Any;Any
EVODEX.2-Cm21_0	Any;Any;Any	[#7:15](-[#6:1](-[#6:3])(-[#6:4])-[#1])(-[#1])-[#1].[#8:2](-[#1])-[#1].[#8:16]=[#8:17]>>[#6:4]-[#6:1](=[#8:2])-[#6:3].[#7:15](-[#1])(-[#1])-[#1].[#8:16](-[#8:17]-[#1])-[#1]	Any;Any;Any
EVODEX.2-Cm22_0	Any	[#6:3]-[#6:1](-[#8:15]-[#15:16])(-[#1:28])-[#1:29]>>[#6:3]-[#6:1](-[#8]-[#1])(-[#1:28])-[#1:29].[#15:16]-[#8:15]-[#1]	Any;Any
EVODEX.2-Cm24_0	Any	[#8:22]-[#15:21](=[#8:23])(-[#8:24])-[#8:2]-[#15:13]>>[#6]-[#6](-[#8:2]-[#15:13])(-[#1])-[#1].[#8:22]-[#15:21](=[#8:23])(-[#8]-[#1])-[#8:24]	Any;Any
EVODEX.2-Cm26_0	Any	[#6:24]-[#8:2]-[#6:3](-[#8:14])(-[#6:15])-[#1:293]>>[#6:24]-[#8:2]-[#6](-[#8])(-[#6]-[#6]-[#8]-[#6:3](-[#8:14])(-[#6:15])-[#1:293])-[#1]	Any
EVODEX.2-Cm27_0	Any;Any;Any	[#6:3]-[#16:2]-[#1].[#6:50]-[#6:1](=[#8:51])-[#1].[#6:72]-[#6:66]1:[#6:71](:[#6:70](:[#6:69](:[#7&+:68](-[#6:75]):[#6:67]:1-[#1:210])-[#1:186])-[#1:185])-[#1:184]>>[#6:50]-[#6:1](=[#8:51])-[#16:2]-[#6:3].[#6:72]-[#6:66]1=[#6:67](-[#7:68](-[#6:75])-[#6:69](=[#6:70](-[#6:71]-1(-[#1:184])-[#1])-[#1:185])-[#1:186])-[#1:210]	Any;Any
EVODEX.2-Cm28_0	Any;Any;Any	[#6:2]-[#6:1](-[#8:68]-[#1])(-[#1:85])-[#1:86].[#6:30]-[#6:24]1:[#6:29](:[#6:28](:[#6:27](:[#7&+:26](-[#6:33]):[#6:25]:1-[#1:132])-[#1:109])-[#1:108])-[#1:107].[#8:69](-[#1])-[#1]>>[#6:2]-[#6:1](-[#1:85])(-[#1:86])-[#1].[#6:30]-[#6:24]1=[#6:25](-[#7:26](-[#6:33])-[#6:27](=[#6:28](-[#6:29]-1(-[#1:107])-[#1])-[#1:108])-[#1:109])-[#1:132].[#8:68]=[#8:69]	Any;Any;Any
EVODEX.2-Cm29_0	Any;Any	[#6:2]-[#6:1](-[#8:68]-[#1])(-[#1:85])-[#1:86].[#6:30]-[#6:24]1:[#6:29](:[#6:28](:[#6:27](:[#7&+:26](-[#6:33]):[#6:25]:1-[#1:132])-[#1:109])-[#1:108])-[#1:107]>>[#6:2]-[#6:1](-[#1:85])(-[#1:86])-[#1].[#6:30]-[#6:24]1=[#6:25](-[#7:26](-[#6:33])-[#6:27](=[#6:28](-[#6:29]-1(-[#1:107])-[#1])-[#1:108])-[#1:109])-[#1:132].[#8:68]=[#8]	Any;Any;Any
EVODEX.2-Cm30_0	Any;Any	[#6:3]-[#6:1](-[#7:12](-[#1])-[#1])(-[#1:23])-[#1].[#8:2](-[#1])-[#1]>>[#6:3]-[#6:1](=[#8:2])-[#1:23].[#7:12](-[#1])(-[#1])-[#1]	Any;Any
EVODEX.2-Cm31_0	Any;Any	[#6:4]-[#16:3]-[#1].[#6:54]-[#6:52](-[#8:53]-[#1])(-[#6:1](-[#6:2](=[#8:51])-[#8]-[#1])(-[#1:108])-[#1:109])-[#6:55]>>[#6:1](-[#6:2](=[#8:51])-[#16:3]-[#6:4])(-[#1:108])(-[#1:109])-[#1].[#6:54]-[#6:52](=[#8:53])-[#6:55]	Any;Any
EVODEX.2-Cm32_0	Any	[#6:54]-[#6:52](-[#8:53]-[#1])(-[#6](-[#6])(-[#1])-[#1])-[#6:55]>>[#6:54]-[#6:52](=[#8:53])-[#6:55]	Any
EVODEX.2-Cm33_0	Any;Any	[#6:4]-[#16:3]-[#1].[#6:54]-[#6:52](-[#8:53]-[#1])(-[#6:1](-[#6:2](=[#8:51])-[#8:63]-[#1])(-[#1:108])-[#1:109])-[#6:55]>>[#6:1](-[#6:2](=[#8:51])-[#16:3]-[#6:4])(-[#1:108])(-[#1:109])-[#1].[#6:54]-[#6:52](=[#8:53])-[#6:55].[#8:63](-[#1])-[#1]	Any;Any;Any
EVODEX.2-Cm36_0	Any;Any	[#7:2](-[#6:11])(-[#1])-[#1].[#8:21]-[#15:20](=[#8:22])(-[#8:23])-[#8:14]-[#15:15]>>[#6]-[#6](=[#8])-[#7:2](-[#6:11])-[#1].[#15:15]-[#8:14]-[#1].[#8:21]-[#15:20](=[#8:22])(-[#8]-[#1])-[#8:23]	Any;Any;Any
EVODEX.2-Cm38_0	Any;Any;Any	[#6:17]-[#6:11]1=[#6:16](-[#7:15](-[#6:20])-[#6:14](=[#6:13](-[#6:12]-1(-[#1:83])-[#1])-[#1:82])-[#1:81])-[#1:58].[#6:3]-[#6:1](=[#8:55])-[#1:92].[#7:2](-[#1])(-[#1])-[#1]>>[#7:2](-[#6:1](-[#6:3])(-[#1:92])-[#1])(-[#1])-[#1].[#6:17]-[#6:11]1:[#6:12](:[#6:13](:[#6:14](:[#7&+:15](-[#6:20]):[#6:16]:1-[#1:58])-[#1:81])-[#1:82])-[#1:83].[#8:55](-[#1])-[#1]	Any;Any;Any
EVODEX.2-Cm39_0	Any;Any	[#6:17]-[#6:11]1=[#6:16](-[#7:15](-[#6:20])-[#6:14](=[#6:13](-[#6:12]-1(-[#1:83])-[#1])-[#1:82])-[#1:81])-[#1:58].[#6:3]-[#6:1](=[#8:55])-[#1:92]>>[#7](-[#6:1](-[#6:3])(-[#1:92])-[#1])(-[#1])-[#1].[#6:17]-[#6:11]1:[#6:12](:[#6:13](:[#6:14](:[#7&+:15](-[#6:20]):[#6:16]:1-[#1:58])-[#1:81])-[#1:82])-[#1:83].[#8:55](-[#1])-[#1]	Any;Any;Any
EVODEX.2-Cm40_0	Any;Any	[#6:17]-[#6:11]1=[#6:16](-[#7:15](-[#6:20])-[#6:14](=[#6:13](-[#6:12]-1(-[#1:83])-[#1])-[#1:82])-[#1:81])-[#1:58].[#6:3]-[#6:1](=[#8])-[#1:92]>>[#7](-[#6:1](-[#6:3])(-[#1:92])-[#1])(-[#1])-[#1].[#6:17]-[#6:11]1:[#6:12](:[#6:13](:[#6:14](:[#7&+:15](-[#6:20]):[#6:16]:1-[#1:58])-[#1:81])-[#1:82])-[#1:83]	Any;Any
EVODEX.2-Cm41_0	Any	[#8:3]=[#6:1](-[#6:4])-[#1]>>[#8:3]=[#6:1](-[#8]-[#1])-[#6:4]	Any
EVODEX.2-Cm42_0	Any;Any	[#6:18]-[#6:1](-[#6:2](=[#6:3](-[#6:6])-[#1:41])-[#1:40])(-[#1:38])-[#1].[#8:4]=[#8:5]>>[#6:18]-[#6:1](=[#6:2](-[#6:3](-[#6:6])(-[#8:4]-[#8:5]-[#1])-[#1:41])-[#1:40])-[#1:38]	Any
EVODEX.2-Cm43_0	Any	[#6:18]-[#6:1](-[#6:2](=[#6:3](-[#6:6])-[#1:41])-[#1:40])(-[#1:38])-[#1]>>[#6:18]-[#6:1](=[#6:2](-[#6:3](-[#6:6])(-[#8]-[#8])-[#1:41])-[#1:40])-[#1:38]	Any
EVODEX.2-Cm47_0	Any	[#7]-[#6](=[#8])-[#7:5](-[#6:6])-[#1]>>[#7:5](-[#6:6])(-[#1])-[#1]	Any
EVODEX.2-Cm48_0	Any;Any	[#7](-[#6:1](=[#8:3])-[#7:5](-[#6:6])-[#1])(-[#1])-[#1].[#8:2](-[#1])-[#1]>>[#8:2]=[#6:1]=[#8:3].[#7:5](-[#6:6])(-[#1])-[#1]	Any;Any
EVODEX.2-Cm49_0	Any	[#7](-[#6:1](=[#8:3])-[#7:5](-[#6:6])-[#1])(-[#1])-[#1]>>[#8]=[#6:1]=[#8:3].[#7:5](-[#6:6])(-[#1])-[#1]	Any;Any
EVODEX.2-Cm50_0	Any	[#7:4](-[#6](=[#8])-[#7:5](-[#6:6])-[#1])(-[#1])-[#1]>>[#7:4](-[#1])(-[#1])-[#1].[#7:5](-[#6:6])(-[#1])-[#1]	Any;Any
EVODEX.2-Cm51_0	Any;Any	[#8:3]-[#6:1](-[#8:2]-[#1])(-[#6:4])-[#1].[#8:35]=[#8:36]>>[#8:2]=[#6:1](-[#8:3])-[#6:4].[#8:35](-[#8:36]-[#1])-[#1]	Any;Any
EVODEX.2-Cm52_0	Any	[#6:2]-[#6:1](-[#8]-[#1])(-[#1:63])-[#1:64]>>[#6:1](-[#6:2])(-[#1:63])(-[#1:64])-[#1]	Any
EVODEX.2-Cm53_0	Any;Any;Any	[#6:4]-[#6:1](=[#8:5])-[#6:3](-[#6:9])(-[#1:73])-[#1:74].[#6:26]-[#6:20]1=[#6:25](-[#7:24](-[#6:29])-[#6:23](=[#6:22](-[#6:21]-1(-[#1:117])-[#1])-[#1:116])-[#1:115])-[#1:91].[#8:68]=[#8:2]>>[#6:4]-[#6:1](=[#8:5])-[#8:2]-[#6:3](-[#6:9])(-[#1:73])-[#1:74].[#6:26]-[#6:20]1:[#6:21](:[#6:22](:[#6:23](:[#7&+:24](-[#6:29]):[#6:25]:1-[#1:91])-[#1:115])-[#1:116])-[#1:117].[#8:68](-[#1])-[#1]	Any;Any;Any
EVODEX.2-Cm54_0	Any;Any;Any	[#6:4]-[#6:1](=[#8:5])-[#6:3](-[#6:9])(-[#1:73])-[#1:74].[#6:26]-[#6:20]1=[#6:25](-[#7:24](-[#6:29])-[#6:23](=[#6:22](-[#6:21]-1(-[#1:117])-[#1])-[#1:116])-[#1:115])-[#1:91].[#8]=[#8:2]>>[#6:4]-[#6:1](=[#8:5])-[#8:2]-[#6:3](-[#6:9])(-[#1:73])-[#1:74].[#6:26]-[#6:20]1:[#6:21](:[#6:22](:[#6:23](:[#7&+:24](-[#6:29]):[#6:25]:1-[#1:91])-[#1:115])-[#1:116])-[#1:117]	Any;Any
EVODEX.2-Cm55_0	Any;Any	[#6:4]-[#6:1](=[#8:5])-[#6:3](-[#6:9])(-[#1:73])-[#1:74].[#8]=[#8:2]>>[#6:4]-[#6:1](=[#8:5])-[#8:2]-[#6:3](-[#6:9])(-[#1:73])-[#1:74]	Any
EVODEX.2-Cm59_0	Any;Any;Any	[#6:3]-[#6:1](=[#8])-[#6:4].[#7:2](-[#1])(-[#1])-[#1].[#8:14](-[#8:15]-[#1])-[#1]>>[#6:3]-[#6:1](-[#7:2](-[#1])-[#1])(-[#6:4])-[#1].[#8:14]=[#8:15]	Any;Any
EVODEX.2-Cm63_0	Any;Any	[#8:3]-[#6:1](-[#8]-[#1])(-[#6:4])-[#1:39].[#6:22]:[#7:2](:[#6:23])-[#1]>>[#6:22]:[#7:2](:[#6:23])-[#6:1](-[#6:4])(-[#8:3])-[#1:39]	Any
EVODEX.2-Cm66_0	Any;Any	[#6:4]-[#6:1](-[#6:3])(-[#8:24]-[#6:25])-[#1:74].[#8]=[#15](-[#8:2]-[#1])(-[#8])-[#8]>>[#6:4]-[#6:1](-[#6:3])(-[#8:2]-[#1])-[#1:74].[#6:25]-[#8:24]-[#1]	Any;Any
EVODEX.2-Cm68_0	Any	[#6:4]-[#6:3](=[#6:2](-[#6:1](-[#6:17])(-[#8]-[#8])-[#1:52])-[#1:51])-[#1:50]>>[#6:4]-[#6:3](-[#6:2](=[#6:1](-[#6:17])-[#1:52])-[#1:51])(-[#1:50])-[#1]	Any
EVODEX.2-Cm69_0	Any;Any	[#6:4]-[#6:2](-[#6:5])(-[#8:1]-[#15:13])-[#1:31].[#8:3](-[#1])-[#1]>>([#6:4]-[#6:2](-[#6:5])(-[#8:3]-[#1])-[#1:31].[#15:13]-[#8:1]-[#1])	Any
EVODEX.2-Cm70_0	Any	[#6:5]-[#6:2](-[#8:1]-[#15:11])(-[#6:4])-[#1:26]>>([#6:5]-[#6:2](-[#8]-[#1])(-[#6:4])-[#1:26].[#15:11]-[#8:1]-[#1])	Any
EVODEX.2-Cm72_0	Any;Any	[#6:49](-[#6:51])(-[#1:123])(-[#1:124])-[#1].[#6:101]-[#6:50](=[#8:102])-[#16:1]-[#6:2]>>[#6:2]-[#16:1]-[#1].[#6:101]-[#6:50](=[#8:102])-[#6:49](-[#6:51])(-[#1:123])-[#1:124]	Any;Any
EVODEX.2-Cm74_0	Any;Any	[#6:3]-[#6:1](-[#8:37]-[#16:39])(-[#6:4])-[#1:83].[#8:43]-[#15:38](=[#8:44])(-[#8:2]-[#1])-[#8:45]>>[#6:3]-[#6:1](-[#8:2]-[#1])(-[#6:4])-[#1:83].[#8:43]-[#15:38](=[#8:44])(-[#8:45])-[#8:37]-[#16:39]	Any;Any
EVODEX.2-Cm75_0	Any;Any	[#6:3]-[#6:1](-[#8]-[#16])(-[#6:4])-[#1:83].[#8]-[#15](=[#8])(-[#8:2]-[#1])-[#8]>>[#6:3]-[#6:1](-[#8:2]-[#1])(-[#6:4])-[#1:83]	Any
EVODEX.2-Cm78_0	Any	[#6:24]-[#8:2]-[#6:3](-[#8:14])(-[#6:15])-[#1:183]>>([#6:24]-[#8:2]-[#6](-[#8])(-[#6])-[#1].[#6]-[#8]-[#6:3](-[#8:14])(-[#6:15])-[#1:183])	Any
EVODEX.2-Cm79_0	Any	[#6:3]-[#6:1](-[#8:53]-[#1])(-[#1:100])-[#1:101]>>[#6:3]-[#6:1](-[#8]-[#15])(-[#1:100])-[#1:101].[#8]-[#15](=[#8])(-[#8:53]-[#1])-[#8]	Any;Any
EVODEX.2-Cm81_0	Any;Any	[#6:17]-[#6:11]1=[#6:16](-[#7:15](-[#6:20])-[#6:14](=[#6:13](-[#6:12]-1(-[#1:87])-[#1])-[#1:86])-[#1:85])-[#1:61].[#8:2]=[#6:1](-[#8:3])-[#6:4]>>[#8:3]-[#6:1](-[#8:2]-[#1])(-[#6:4])-[#1].[#6:17]-[#6:11]1:[#6:12](:[#6:13](:[#6:14](:[#7&+:15](-[#6:20]):[#6:16]:1-[#1:61])-[#1:85])-[#1:86])-[#1:87]	Any;Any
EVODEX.2-Cm82_0	Any	[#8:2]=[#6:1](-[#8:3])-[#6:4]>>[#8:3]-[#6:1](-[#8:2]-[#1])(-[#6:4])-[#1]	Any
EVODEX.2-Cm85_0	Any;Any	[#6:3]-[#6:1](-[#8]-[#1])(-[#1:27])-[#1:28].[#15:8]-[#8:2]-[#1]>>[#6:3]-[#6:1](-[#8:2]-[#15:8])(-[#1:27])-[#1:28]	Any
EVODEX.2-Cm86_0	Any;Any	[#6:7]-[#7:6](-[#6:1](-[#6:3])(-[#1:41])-[#1])-[#1].[#8:19]=[#8:20]>>[#6:3]-[#6:1](=[#8])-[#1:41].[#6:7]-[#7:6](-[#1])-[#1].[#8:19](-[#8:20]-[#1])-[#1]	Any;Any;Any
EVODEX.2-Cm88_0	Any;Any	[#6:3]-[#6:1](=[#8:4])-[#8:8]-[#1].[#8:37]=[#15:10](-[#8:2]-[#1])(-[#8:38])-[#8:39]>>[#6:3]-[#6:1](=[#8:4])-[#8:2]-[#1].[#8:8](-[#1])-[#1].[#15]-[#8]-[#15:10](=[#8:37])(-[#8:38])-[#8:39]	Any;Any;Any
EVODEX.2-Cm89_0	Any;Any;Any	[#6:3]-[#6:1](=[#8:4])-[#8]-[#1].[#15:11]-[#8:9]-[#1].[#8:37]=[#15:10](-[#8:2]-[#1])(-[#8:38])-[#8:39]>>[#6:3]-[#6:1](=[#8:4])-[#8:2]-[#1].[#15:11]-[#8:9]-[#15:10](=[#8:37])(-[#8:38])-[#8:39]	Any;Any
EVODEX.2-Cm90_0	Any;Any	[#6:5]-[#7:1](-[#1])-[#1].[#7:3](-[#1])(-[#1])-[#1]>>[#6:5]-[#7:1](-[#6](-[#7:3](-[#1])-[#1])=[#8])-[#1]	Any
EVODEX.2-Cm91_0	Any;Any	[#6:50]-[#6:1](=[#8:51])-[#1].[#6:61]-[#6:55]1:[#6:60](:[#6:59](:[#6:58](:[#7&+:57](-[#6:64]):[#6:56]:1-[#1:172])-[#1:149])-[#1:148])-[#1:147]>>[#6:50]-[#6:1](=[#8:51])-[#16]-[#6].[#6:61]-[#6:55]1=[#6:56](-[#7:57](-[#6:64])-[#6:58](=[#6:59](-[#6:60]-1(-[#1:147])-[#1])-[#1:148])-[#1:149])-[#1:172]	Any;Any
EVODEX.2-Cm92_0	Any	([#6:3]-[#8:2]-[#1].[#6:10]-[#6:1](=[#8:28])-[#8]-[#1])>>[#6:3]-[#8:2]-[#6:1](-[#6:10])=[#8:28]	Any
EVODEX.2-Cm94_0	Any	[#6](-[#7:55](-[#6](-[#1])(-[#1])-[#1])-[#6:56])(-[#1])(-[#1])-[#1]>>[#7:55](-[#6:56])(-[#1])-[#1]	Any
EVODEX.2-Cm95_0	Any	[#6:3]-[#6:1](-[#8:20]-[#1])(-[#1:27])-[#1:28]>>[#6:3]-[#6:1](-[#8]-[#15])(-[#1:27])-[#1:28].[#8:20](-[#1])-[#1]	Any;Any
EVODEX.2-Cm97_0	Any	[#6:3]-[#6:1](-[#8:24]-[#1])(-[#1:60])-[#1:61]>>[#6:3]-[#6:1](-[#8]-[#1])(-[#1:60])-[#1:61].[#8]-[#15](=[#8])(-[#8:24]-[#1])-[#8]	Any;Any
EVODEX.2-Cm98_0	Any;Any	[#6:3]-[#6:1](-[#8:24]-[#1])(-[#1:60])-[#1:61].[#8:2](-[#1])-[#1]>>[#6:3]-[#6:1](-[#8:2]-[#1])(-[#1:60])-[#1:61].[#8]-[#15](=[#8])(-[#8:24]-[#1])-[#8]	Any;Any
EVODEX.2-Cm99_0	Any;Any	[#6:3]-[#16:2]-[#1].[#6:50]-[#6:1](=[#8:51])-[#6:80](-[#6:83])(-[#1:221])-[#1:222]>>[#6:50]-[#6:1](=[#8:51])-[#16:2]-[#6:3].[#6:83]-[#6:80](-[#6](=[#8])-[#8])(-[#1:221])-[#1:222]	Any;Any
EVODEX.2-Cm101_0	Any;Any	[#8:2]=[#6:1](-[#6:3])-[#6:4].[#8:32](-[#8:33]-[#1])-[#1]>>[#6:3]-[#6:1](-[#8:2]-[#1])(-[#6:4])-[#1].[#8:32]=[#8:33]	Any;Any
EVODEX.2-Cm102_0	Any;Any	[#15:41]-[#8:39]-[#6:1](-[#8:3])(-[#6:4])-[#1:50].[#15:13]-[#8:2]-[#15:40](=[#8:45])(-[#8:46])-[#8:47]>>[#15:13]-[#8:2]-[#6:1](-[#8:3])(-[#6:4])-[#1:50].[#15:41]-[#8:39]-[#15:40](=[#8:45])(-[#8:46])-[#8:47]	Any;Any
EVODEX.2-Cm103_0	Any	[#6:3](-[#8:2]-[#1])-[#6:1](-[#8]-[#1])(-[#6:12])-[#1:40]>>[#6:3]1-[#8:2]-[#6:1]-1(-[#6:12])-[#1:40]	Any
EVODEX.2-Cm106_0	Any;Any	[#6:3]-[#6:1](-[#8]-[#1])(-[#1:33])-[#1:34].[#16:14]-[#8:2]-[#1]>>[#6:3]-[#6:1](-[#8:2]-[#16:14])(-[#1:33])-[#1:34]	Any
EVODEX.2-Cm109_0	Any;Any;Any	[#6:3]-[#6:1](=[#8:4])-[#1].[#6:18]-[#6:12]1:[#6:17](:[#6:16](:[#6:15](:[#7&+:14](-[#6:21]):[#6:13]:1-[#1:93])-[#1:70])-[#1:69])-[#1:68].[#8:2](-[#1])-[#1]>>[#6:3]-[#6:1](=[#8:4])-[#8:2]-[#1].[#6:18]-[#6:12]1=[#6:13](-[#7:14](-[#6:21])-[#6:15](=[#6:16](-[#6:17]-1(-[#1:68])-[#1])-[#1:69])-[#1:70])-[#1:93]	Any;Any
EVODEX.2-Cm110_0	Any	[#6:3]-[#6:1](=[#8:4])-[#8:12]-[#1]>>[#6:3]-[#6:1](-[#7](-[#1])-[#1])=[#8:4].[#8:12](-[#1])-[#1]	Any;Any
EVODEX.2-Cm111_0	Any	[#6:47]-[#6:45](-[#8:69]-[#1])(-[#1:86])-[#1]>>[#6:47]-[#6:45](=[#8])-[#1:86].[#8:69](-[#1])-[#1]	Any;Any
EVODEX.2-Cm112_0	Any;Any	[#6:7]-[#8:5]-[#1].[#8:13]-[#15:6](=[#8:14])(-[#8:15])-[#8:1]-[#6:2]>>[#6:2]-[#8:1]-[#1].[#8:13]-[#15:6](=[#8:14])(-[#8:15])-[#8:5]-[#6:7]	Any;Any
EVODEX.2-Cm114_0	Any;Any	[#6:3]-[#16:2]-[#1].[#6:50]-[#6:1](=[#8:51])-[#1]>>[#6:50]-[#6:1](=[#8:51])-[#16:2]-[#6:3]	Any
EVODEX.2-Cm115_0	Any;Any;Any	[#8:3]=[#6:1](-[#6:4])-[#8:56]-[#6:2](-[#6:6])(-[#1:63])-[#1:64].[#6:13]-[#6:7]1:[#6:12](:[#6:11](:[#6:10](:[#7&+:9](-[#6:16]):[#6:8]:1-[#1:93])-[#1:69])-[#1:68])-[#1:67].[#8:55](-[#1])-[#1]>>[#8:3]=[#6:1](-[#6:4])-[#6:2](-[#6:6])(-[#1:63])-[#1:64].[#6:13]-[#6:7]1=[#6:8](-[#7:9](-[#6:16])-[#6:10](=[#6:11](-[#6:12]-1(-[#1:67])-[#1])-[#1:68])-[#1:69])-[#1:93].[#8:55]=[#8:56]	Any;Any;Any
EVODEX.2-Cm116_0	Any	[#8:3]=[#6:1](-[#6:4])-[#8]-[#6:2](-[#6:6])(-[#1:63])-[#1:64]>>[#8:3]=[#6:1](-[#6:4])-[#6:2](-[#6:6])(-[#1:63])-[#1:64]	Any
EVODEX.2-Cm117_0	Any;Any	[#8:3]=[#6:1](-[#6:4])-[#8:56]-[#6:2](-[#6:6])(-[#1:63])-[#1:64].[#8:55](-[#1])-[#1]>>[#8:3]=[#6:1](-[#6:4])-[#6:2](-[#6:6])(-[#1:63])-[#1:64].[#8:55]=[#8:56]	Any;Any
EVODEX.2-Cm118_0	Any	[#8:3]=[#6:1](-[#6:4])-[#8:56]-[#6:2](-[#6:6])(-[#1:63])-[#1:64]>>[#8:3]=[#6:1](-[#6:4])-[#6:2](-[#6:6])(-[#1:63])-[#1:64].[#8]=[#8:56]	Any;Any
EVODEX.2-Cm119_0	Any;Any	[#8:3]=[#6:1](-[#6:4])-[#8:56]-[#6:2](-[#6:6])(-[#1:63])-[#1:64].[#6:13]-[#6:7]1:[#6:12](:[#6:11](:[#6:10](:[#7&+:9](-[#6:16]):[#6:8]:1-[#1:93])-[#1:69])-[#1:68])-[#1:67]>>[#8:3]=[#6:1](-[#6:4])-[#6:2](-[#6:6])(-[#1:63])-[#1:64].[#6:13]-[#6:7]1=[#6:8](-[#7:9](-[#6:16])-[#6:10](=[#6:11](-[#6:12]-1(-[#1:67])-[#1])-[#1:68])-[#1:69])-[#1:93].[#8]=[#8:56]	Any;Any;Any
EVODEX.2-Cm122_0	Any	[#6:4]-[#6:3](=[#6:2](-[#6:1](-[#6:11])(-[#8:23]-[#8:24]-[#1])-[#1:40])-[#1:39])-[#1:38]>>[#6:4]-[#6:3](-[#6:2](=[#6:1](-[#6:11])-[#1:40])-[#1:39])(-[#1:38])-[#1].[#8:23]=[#8:24]	Any;Any
EVODEX.2-Cm123_0	Any;Any	[#6:54]-[#16:53]-[#1].[#6:101]-[#6:52](=[#8:102])-[#6:1](-[#6:2])(-[#1:188])-[#1:189]>>[#6:1](-[#6:2])(-[#1:188])(-[#1:189])-[#1].[#6:101]-[#6:52](=[#8:102])-[#16:53]-[#6:54]	Any;Any
EVODEX.2-Cm125_0	Any;Any;Any	[#6:4]-[#6:1](-[#6:3])(-[#8:44]-[#1])-[#1:78].[#6:24]-[#8:2]-[#1].[#8:46]-[#15:45](=[#8:47])(-[#8:48])-[#8]-[#15]>>[#6:4]-[#6:1](-[#6:3])(-[#8:2]-[#6:24])-[#1:78].[#8:46]-[#15:45](=[#8:47])(-[#8:44]-[#1])-[#8:48]	Any;Any
EVODEX.2-Cm126_0	Any;Any	[#6:4]-[#6:1](-[#6:3])(-[#8]-[#1])-[#1:78].[#6:24]-[#8:2]-[#1]>>[#6:4]-[#6:1](-[#6:3])(-[#8:2]-[#6:24])-[#1:78]	Any
EVODEX.2-Cm127_0	Any;Any	[#6:4]-[#6:1](-[#6:3])(-[#8:44]-[#1])-[#1:78].[#6:24]-[#8:2]-[#1]>>[#6:4]-[#6:1](-[#6:3])(-[#8:2]-[#6:24])-[#1:78].[#8]-[#15](=[#8])(-[#8:44]-[#1])-[#8]	Any;Any
EVODEX.2-Cm128_0	Any;Any	[#6:3]-[#6:1](-[#8]-[#6:2](-[#6:7])=[#8:8])(-[#1:68])-[#1:69].[#6:15]-[#6:9]1:[#6:14](:[#6:13](:[#6:12](:[#7&+:11](-[#6:18]):[#6:10]:1-[#1:101])-[#1:77])-[#1:76])-[#1:75]>>[#6:3]-[#6:1](-[#6:2](-[#6:7])=[#8:8])(-[#1:68])-[#1:69].[#6:15]-[#6:9]1=[#6:10](-[#7:11](-[#6:18])-[#6:12](=[#6:13](-[#6:14]-1(-[#1:75])-[#1])-[#1:76])-[#1:77])-[#1:101]	Any;Any
EVODEX.2-Cm129_0	Any;Any	[#6:3]-[#6:1](=[#8:11])-[#6:4].[#8:12](-[#8:13]-[#1])-[#1]>>[#6:3]-[#6:1](-[#7](-[#1])-[#1])(-[#6:4])-[#1].[#8:11](-[#1])-[#1].[#8:12]=[#8:13]	Any;Any;Any
EVODEX.2-Cm131_0	Any;Any	[#0:3]-[#6:1](=[#8:4])-[#8:28]-[#6:29].[#6:5]-[#8:2]-[#1]>>[#6:5]-[#8:2]-[#6:1](-[#0:3])=[#8:4].[#6:29]-[#8:28]-[#1]	Any;Any
EVODEX.2-Cm132_0	Any;Any	[#6:3]-[#6:1](-[#8:47]-[#15:48])(-[#1:121])-[#1:122].[#8:2](-[#1])-[#1]>>[#6:3]-[#6:1](-[#8:2]-[#1])(-[#1:121])-[#1:122].[#15:48]-[#8:47]-[#1]	Any;Any
EVODEX.2-Cm136_0	Any;Any;Any	[#6:4]-[#6:1](-[#6:3])(-[#8]-[#1])-[#1:75].[#6:24]-[#8:2]-[#1].[#8]-[#15](=[#8])(-[#8])-[#8:32]-[#15:33]>>[#6:4]-[#6:1](-[#6:3])(-[#8:2]-[#6:24])-[#1:75].[#15:33]-[#8:32]-[#1]	Any;Any
EVODEX.2-Cm138_0	Any;Any	[#8:4]=[#6:2](-[#6:5])-[#8:1]-[#6:9].[#8:3](-[#1])-[#1]>>([#8:4]=[#6:2](-[#8:3]-[#1])-[#6:5].[#6:9]-[#8:1]-[#1])	Any
EVODEX.2-Cm142_0	Any;Any	([#6:5]-[#8:4]-[#1].[#6:21]-[#6:1](=[#8:22])-[#8:41]-[#1]).[#6:23]-[#6:3](=[#8:24])-[#8:2]-[#1]>>([#6:23]-[#6:3](=[#8:24])-[#8:4]-[#6:5].[#6:21]-[#6:1](=[#8:22])-[#8:2]-[#1]).[#8:41](-[#1])-[#1]	Any;Any
EVODEX.2-Cm144_0	Any;Any;Any	[#6:3]-[#16:2]-[#6:4].[#6:30]-[#16:29]-[#6:31].[#6:56]-[#7:55](-[#6:1](-[#1:105])(-[#1:106])-[#1:107])-[#6:28](-[#1:108])(-[#1:109])-[#1:110]>>[#6:1](-[#16&+:2](-[#6:4])-[#6:3])(-[#1:105])(-[#1:106])-[#1:107].[#6:28](-[#16&+:29](-[#6:31])-[#6:30])(-[#1:108])(-[#1:109])-[#1:110].[#6:56]-[#7:55](-[#1])-[#1]	Any;Any;Any
EVODEX.2-Cm145_0	Any;Any	[#8]=[#6:1](-[#6:3])-[#1:12].[#7:2](-[#1])(-[#1])-[#1]>>[#7:2](-[#6:1](-[#6:3])(-[#1:12])-[#1])(-[#1])-[#1]	Any
EVODEX.2-Cm149_0	Any	[#8:14]=[#15:2](-[#8:15])(-[#8:16])-[#8:17]-[#6:18]>>[#6]:[#7](:[#6])-[#15:2](=[#8:14])(-[#8:15])-[#8:16].[#8:17](-[#6:18])-[#1]	Any;Any
EVODEX.2-Cm150_0	Any;Any	[#6:3]-[#6:1](=[#8:4])-[#1].[#8]=[#15](-[#8:2]-[#1])(-[#8])-[#8]>>[#6:3]-[#6:1](=[#8:4])-[#8:2]-[#1]	Any
EVODEX.2-Cm151_0	Any;Any	[#6:3]-[#6:1](=[#8:4])-[#1].[#8:79]=[#15:56](-[#8:2]-[#1])(-[#8:80])-[#8:81]>>[#6:3]-[#6:1](=[#8:4])-[#8:2]-[#1].[#15]-[#8]-[#15:56](=[#8:79])(-[#8:80])-[#8:81]	Any;Any
EVODEX.2-Cm156_0	Any	[#6:29]-[#7:28](-[#1])-[#1]>>[#6](-[#7:28](-[#6:29])-[#1])(-[#1])(-[#1])-[#1]	Any
EVODEX.2-Cm159_0	Any	[#15:2]-[#8:1]-[#15:31](=[#8:58])(-[#8:59])-[#8:60]>>[#15:2]-[#8:1]-[#1].[#15]-[#8]-[#15:31](=[#8:58])(-[#8:59])-[#8:60]	Any;Any
EVODEX.2-Cm161_0	Any;Any;Any	[#6:4]-[#6:1](-[#6:3])(-[#8:41]-[#1])-[#1:75].[#6:24]-[#8:2]-[#1].[#8:43]-[#15:42](=[#8:44])(-[#8:45])-[#8:32]-[#15:33]>>[#6:4]-[#6:1](-[#6:3])(-[#8:2]-[#6:24])-[#1:75].[#15:33]-[#8:32]-[#1].[#8:43]-[#15:42](=[#8:44])(-[#8:41]-[#1])-[#8:45]	Any;Any;Any
EVODEX.2-Cm162_0	Any;Any	[#6:49](-[#6:51])(-[#1:107])(-[#1:108])-[#1].[#6]-[#16]-[#6:50](=[#8:101])-[#6:102]>>[#6:51]-[#6:49](-[#6:50](=[#8:101])-[#6:102])(-[#1:107])-[#1:108]	Any
EVODEX.2-Cm164_0	Any;Any;Any	[#6:51]-[#6:49](-[#7](-[#1])-[#1])(-[#1:62])-[#1].[#6:7]-[#6:1]1:[#6:6](:[#6:5](:[#6:4](:[#7&+:3](-[#6:10]):[#6:2]:1-[#1:94])-[#1:70])-[#1:69])-[#1:68].[#8:50](-[#1])-[#1]>>[#6:7]-[#6:1]1=[#6:2](-[#7:3](-[#6:10])-[#6:4](=[#6:5](-[#6:6]-1(-[#1:68])-[#1])-[#1:69])-[#1:70])-[#1:94].[#6:51]-[#6:49](=[#8:50])-[#1:62]	Any;Any
EVODEX.2-Cm165_0	Any;Any	[#6:3]-[#16:1]-[#1].[#6:10]-[#16:2]-[#1]>>[#6:3]-[#16:1]-[#16:2]-[#6:10]	Any
EVODEX.2-Cm166_0	Any;Any	[#6:3]-[#6:1](=[#6:2](-[#6:53])-[#1:98])-[#1:97].[#8:60](-[#8:61]-[#1])-[#1]>>[#6:3]-[#6:1](-[#6:2](-[#6:53])(-[#1:98])-[#1])(-[#1:97])-[#1].[#8:60]=[#8:61]	Any;Any
EVODEX.2-Cm167_0	Any;Any;Any	[#6:3]-[#16:1]-[#1].[#6:22]-[#16:2]-[#1].[#6:42]-[#8:41]-[#8:64]-[#1]>>[#6:3]-[#16:1]-[#16:2]-[#6:22].[#6:42]-[#8:41]-[#1].[#8:64](-[#1])-[#1]	Any;Any;Any
EVODEX.2-Cm168_0	Any	[#6:42]-[#8:41]-[#8:64]-[#1]>>[#6:42]-[#8:41]-[#1].[#8:64](-[#1])-[#1]	Any;Any
EVODEX.2-Cm169_0	Any	[#6:42]-[#8:41]-[#8]-[#1]>>[#6:42]-[#8:41]-[#1]	Any
EVODEX.2-Cm170_0	Any	([#6:4]-[#8:2]-[#1].[#6:13]-[#8:1]-[#15:3](=[#8:17])(-[#8:18])-[#8:19])>>([#6:4]-[#8:2]-[#15:3](=[#8:17])(-[#8:18])-[#8:19].[#6:13]-[#8:1]-[#1])	Any
EVODEX.2-Cm173_0	Any;Any	[#6:3]-[#6:1](=[#8:4])-[#8]-[#1].[#6:16]-[#8:2]-[#1]>>[#6:3]-[#6:1](=[#8:4])-[#8:2]-[#6:16]	Any
EVODEX.2-Cm175_0	Any;Any	[#6:51]-[#16:50]-[#1].[#6:58]-[#6:49](=[#8:59])-[#16:1]-[#6:2]>>[#6:2]-[#16:1]-[#1].[#6:51]-[#16:50]-[#6:49](=[#8:59])-[#6:58]	Any;Any
EVODEX.2-Cm176_0	Any;Any	[#6:51]-[#16:50]-[#1].[#6:58]-[#6:49](=[#8:59])-[#16]-[#6]>>[#6:51]-[#16:50]-[#6:49](=[#8:59])-[#6:58]	Any
EVODEX.2-Cm178_0	Any;Any;Any	[#6:23]-[#6:17]1=[#6:22](-[#7:21](-[#6:26])-[#6:20](=[#6:19](-[#6:18]-1(-[#1:89])-[#1])-[#1:88])-[#1:87])-[#1:64].[#6:3]-[#6:1](=[#8])-[#6:4].[#7:2](-[#6:11])(-[#1])-[#1]>>[#6:11]-[#7:2](-[#6:1](-[#6:3])(-[#6:4])-[#1])-[#1].[#6:23]-[#6:17]1:[#6:18](:[#6:19](:[#6:20](:[#7&+:21](-[#6:26]):[#6:22]:1-[#1:64])-[#1:87])-[#1:88])-[#1:89]	Any;Any
EVODEX.2-Cm179_0	Any;Any	[#6:3]-[#6:1](=[#8])-[#6:4].[#7:2](-[#6:11])(-[#1])-[#1]>>[#6:11]-[#7:2](-[#6:1](-[#6:3])(-[#6:4])-[#1])-[#1]	Any
EVODEX.2-Cm180_0	Any;Any	[#6:3]-[#6:1](=[#8:61])-[#6:4].[#7:2](-[#6:11])(-[#1])-[#1]>>[#6:11]-[#7:2](-[#6:1](-[#6:3])(-[#6:4])-[#1])-[#1].[#8:61](-[#1])-[#1]	Any;Any
EVODEX.2-Cm183_0	Any;Any	[#6:2]-[#16:1]-[#6:30](=[#8:32])-[#6:33].[#15:54]-[#8:31]-[#1]>>[#6:2]-[#16:1]-[#1].[#6:33]-[#6:30](=[#8:32])-[#8:31]-[#15:54]	Any;Any
EVODEX.2-Cm184_0	Any	[#6]-[#16]-[#6:30](=[#8:32])-[#6:33]>>[#6:33]-[#6:30](=[#8:32])-[#8]-[#15]	Any
EVODEX.2-Cm185_0	Any	[#6:3]-[#6:1](=[#8:4])-[#8]-[#1]>>[#6:3]-[#6:1](-[#7](-[#1])-[#1])=[#8:4]	Any
EVODEX.2-Cm187_0	Any;Any;Any	[#6:3]-[#6:1](-[#6:4])(-[#1:142])-[#1].[#6:56]-[#6:50]1=[#6:55](-[#7:54](-[#6:59])-[#6:53](=[#6:52](-[#6:51]-1(-[#1:212])-[#1])-[#1:211])-[#1:210])-[#1:186].[#8:2]=[#8:98]>>[#6:3]-[#6:1](-[#8:2]-[#1])(-[#6:4])-[#1:142].[#6:56]-[#6:50]1:[#6:51](:[#6:52](:[#6:53](:[#7&+:54](-[#6:59]):[#6:55]:1-[#1:186])-[#1:210])-[#1:211])-[#1:212].[#8:98](-[#1])-[#1]	Any;Any;Any
EVODEX.2-Cm188_0	Any;Any;Any	[#6:3]-[#6:1](-[#6:4])(-[#1:142])-[#1].[#6:56]-[#6:50]1=[#6:55](-[#7:54](-[#6:59])-[#6:53](=[#6:52](-[#6:51]-1(-[#1:212])-[#1])-[#1:211])-[#1:210])-[#1:186].[#8:2]=[#8]>>[#6:3]-[#6:1](-[#8:2]-[#1])(-[#6:4])-[#1:142].[#6:56]-[#6:50]1:[#6:51](:[#6:52](:[#6:53](:[#7&+:54](-[#6:59]):[#6:55]:1-[#1:186])-[#1:210])-[#1:211])-[#1:212]	Any;Any
EVODEX.2-Cm189_0	Any;Any	[#6:3]-[#6:1](-[#6:4])(-[#1:142])-[#1].[#6:56]-[#6:50]1=[#6:55](-[#7:54](-[#6:59])-[#6:53](=[#6:52](-[#6:51]-1(-[#1:212])-[#1])-[#1:211])-[#1:210])-[#1:186]>>[#6:3]-[#6:1](-[#8]-[#1])(-[#6:4])-[#1:142].[#6:56]-[#6:50]1:[#6:51](:[#6:52](:[#6:53](:[#7&+:54](-[#6:59]):[#6:55]:1-[#1:186])-[#1:210])-[#1:211])-[#1:212]	Any;Any
EVODEX.2-Cm192_0	Any;Any	[#6:3]-[#6:1](-[#8]-[#15])(-[#6:4])-[#1:34].[#8:2](-[#1])-[#1]>>[#6:3]-[#6:1](-[#8:2]-[#1])(-[#6:4])-[#1:34]	Any
EVODEX.2-Cm193_0	Any;Any	[#6:51](-[#6:52](=[#8:54])-[#16:1]-[#6:2])(-[#1:62])(-[#1:63])-[#1].[#6:55]-[#6:50](=[#8:49])-[#6:56]>>[#6:2]-[#16:1]-[#1].[#8:54]=[#6:52](-[#8]-[#1])-[#6:51](-[#6:50](-[#8:49]-[#1])(-[#6:55])-[#6:56])(-[#1:62])-[#1:63]	Any;Any
EVODEX.2-Cm194_0	Any;Any;Any	[#6:51](-[#6:52](=[#8:54])-[#16:1]-[#6:2])(-[#1:62])(-[#1:63])-[#1].[#6:55]-[#6:50](=[#8:49])-[#6:56].[#8:53](-[#1])-[#1]>>[#6:2]-[#16:1]-[#1].[#8:54]=[#6:52](-[#8:53]-[#1])-[#6:51](-[#6:50](-[#8:49]-[#1])(-[#6:55])-[#6:56])(-[#1:62])-[#1:63]	Any;Any
EVODEX.2-Cm195_0	Any;Any	[#6:51](-[#6:52](=[#8:54])-[#16]-[#6])(-[#1:62])(-[#1:63])-[#1].[#6:55]-[#6:50](=[#8:49])-[#6:56]>>[#8:54]=[#6:52](-[#8]-[#1])-[#6:51](-[#6:50](-[#8:49]-[#1])(-[#6:55])-[#6:56])(-[#1:62])-[#1:63]	Any
EVODEX.2-Cm196_0	Any	[#6:55]-[#6:50](=[#8:49])-[#6:56]>>[#6]-[#6](-[#6:50](-[#8:49]-[#1])(-[#6:55])-[#6:56])(-[#1])-[#1]	Any
EVODEX.2-Cm197_0	Any;Any;Any	[#6:51](-[#6:52](=[#8:54])-[#16]-[#6])(-[#1:62])(-[#1:63])-[#1].[#6:55]-[#6:50](=[#8:49])-[#6:56].[#8:53](-[#1])-[#1]>>[#8:54]=[#6:52](-[#8:53]-[#1])-[#6:51](-[#6:50](-[#8:49]-[#1])(-[#6:55])-[#6:56])(-[#1:62])-[#1:63]	Any
EVODEX.2-Cm199_0	Any;Any;Any	[#6:2]-[#6:1](-[#8:80]-[#1])(-[#6:3])-[#1:107].[#6:38]-[#6:32]1:[#6:37](:[#6:36](:[#6:35](:[#7&+:34](-[#6:41]):[#6:33]:1-[#1:140])-[#1:116])-[#1:115])-[#1:114].[#8:81](-[#1])-[#1]>>[#6:3]-[#6:1](-[#6:2])(-[#1:107])-[#1].[#6:38]-[#6:32]1=[#6:33](-[#7:34](-[#6:41])-[#6:35](=[#6:36](-[#6:37]-1(-[#1:114])-[#1])-[#1:115])-[#1:116])-[#1:140].[#8:80]=[#8:81]	Any;Any;Any
EVODEX.2-Cm201_0	Any;Any	[#6:2]-[#6:1](-[#8:80]-[#1])(-[#6:3])-[#1:107].[#8:81](-[#1])-[#1]>>[#6:3]-[#6:1](-[#6:2])(-[#1:107])-[#1].[#8:80]=[#8:81]	Any;Any
EVODEX.2-Cm202_0	Any;Any	[#6:2]-[#6:1](-[#8:80]-[#1])(-[#6:3])-[#1:107].[#6:38]-[#6:32]1:[#6:37](:[#6:36](:[#6:35](:[#7&+:34](-[#6:41]):[#6:33]:1-[#1:140])-[#1:116])-[#1:115])-[#1:114]>>[#6:3]-[#6:1](-[#6:2])(-[#1:107])-[#1].[#6:38]-[#6:32]1=[#6:33](-[#7:34](-[#6:41])-[#6:35](=[#6:36](-[#6:37]-1(-[#1:114])-[#1])-[#1:115])-[#1:116])-[#1:140].[#8:80]=[#8]	Any;Any;Any
EVODEX.2-Cm204_0	Any;Any	[#7:3]=[#6:1](-[#7:4])-[#7](-[#6])-[#1].[#7:2](-[#6:5])(-[#1])-[#1]>>[#7:3]=[#6:1](-[#7:4])-[#7:2](-[#6:5])-[#1]	Any
EVODEX.2-Cm205_0	Any	[#7:2](-[#6:5])(-[#1])-[#1]>>[#7]=[#6](-[#7])-[#7:2](-[#6:5])-[#1]	Any
EVODEX.2-Cm206_0	Any;Any	[#8:3]=[#6:1](-[#8:51]-[#1])-[#6:4].[#15:29]-[#8:2]-[#15:52](=[#8:53])(-[#8:54])-[#8:55]>>[#15:29]-[#8:2]-[#6:1](=[#8:3])-[#6:4].[#8:53]=[#15:52](-[#8:51]-[#1])(-[#8:54])-[#8:55]	Any;Any
EVODEX.2-Cm208_0	Any;Any	[#15:71]-[#8:70]-[#6:1](-[#8:3])(-[#6:4])-[#1:120].[#15:11]-[#8:2]-[#1]>>[#15:11]-[#8:2]-[#6:1](-[#8:3])(-[#6:4])-[#1:120].[#15:71]-[#8:70]-[#1]	Any;Any
EVODEX.2-Cm209_0	Any;Any	[#6:4]-[#6:1](-[#6:3])(-[#8:46]-[#1])-[#1:92].[#8:75]=[#15:48](-[#8:2]-[#1])(-[#8:76])-[#8:77]>>[#6:4]-[#6:1](-[#6:3])(-[#8:2]-[#1])-[#1:92].[#8:46](-[#1])-[#1].[#15]-[#8]-[#15:48](=[#8:75])(-[#8:76])-[#8:77]	Any;Any;Any
EVODEX.2-Cm211_0	Any;Any;Any	[#7](-[#6:1](-[#6:3])(-[#6:4])-[#1])(-[#1])-[#1].[#8:2](-[#1])-[#1].[#8:13]=[#8:14]>>[#6:4]-[#6:1](=[#8:2])-[#6:3].[#8:13](-[#8:14]-[#1])-[#1]	Any;Any
EVODEX.2-Cm213_0	Any;Any	([#6:17]-[#6:1](-[#8:98]-[#15:99])(-[#6:20])-[#8:11].[#6:5]-[#8:4]-[#1]).[#6:42]-[#8:2]-[#6:3](-[#6:23])(-[#6:24])-[#8:25]>>([#6:42]-[#8:2]-[#6:1](-[#6:20])(-[#6:17])-[#8:11].[#6:5]-[#8:4]-[#6:3](-[#6:23])(-[#6:24])-[#8:25]).[#15:99]-[#8:98]-[#1]	Any;Any
EVODEX.2-Cm214_0	Any;Any	[#8:2]=[#6:1](-[#8]-[#1])-[#6:3].[#6:32]-[#6:26]1=[#6:31](-[#7:30](-[#6:35])-[#6:29](=[#6:28](-[#6:27]-1(-[#1:140])-[#1])-[#1:139])-[#1:138])-[#1:115]>>[#8:2]=[#6:1](-[#6:3])-[#1].[#6:32]-[#6:26]1:[#6:27](:[#6:28](:[#6:29](:[#7&+:30](-[#6:35]):[#6:31]:1-[#1:115])-[#1:138])-[#1:139])-[#1:140]	Any;Any
EVODEX.2-Cm215_0	Any	[#8:2]=[#6:1](-[#8]-[#1])-[#6:3]>>[#8:2]=[#6:1](-[#6:3])-[#1]	Any
EVODEX.2-Cm216_0	Any	[#6:3]-[#6:1](-[#6](=[#8])-[#8])(-[#7:2](-[#8]-[#1])-[#8:11])-[#1:31]>>[#6:3]-[#6:1](=[#7:2]-[#8:11])-[#1:31]	Any
EVODEX.2-Cm217_0	Any	[#6:3]-[#6:1](-[#6:12](=[#8:14])-[#8:13]-[#1])(-[#7:2](-[#8:15]-[#1])-[#8:11])-[#1:31]>>[#6:3]-[#6:1](=[#7:2]-[#8:11])-[#1:31].[#8:13]=[#6:12]=[#8:14].[#8:15](-[#1])-[#1]	Any;Any;Any
EVODEX.2-Cm218_0	Any	[#6:3]-[#6:1](-[#6:12](=[#8:14])-[#8:13]-[#1])(-[#7:2](-[#8]-[#1])-[#8:11])-[#1:31]>>[#6:3]-[#6:1](=[#7:2]-[#8:11])-[#1:31].[#8:13]=[#6:12]=[#8:14]	Any;Any
EVODEX.2-Cm219_0	Any;Any	[#0:14]-[#8:13]-[#6:1](=[#8:3])-[#6:4].[#8:2](-[#1])-[#1]>>[#6:4]-[#6:1](=[#8:3])-[#8:2]-[#1].[#0:14]-[#8:13]-[#1]	Any;Any
EVODEX.2-Cm220_0	Any;Any	[#6:3]-[#6:1](=[#8])-[#1:21].[#8:9](-[#8:10]-[#1])-[#1]>>[#6:3]-[#6:1](-[#7](-[#1])-[#1])(-[#1:21])-[#1].[#8:9]=[#8:10]	Any;Any
EVODEX.2-Cm221_0	Any;Any	[#6:3]-[#6:1](-[#8:132]-[#6:134])(-[#6:4])-[#1:221].[#8:154]-[#15:133](=[#8:155])(-[#8:2]-[#1])-[#8:156]>>[#6:3]-[#6:1](-[#8:2]-[#1])(-[#6:4])-[#1:221].[#6:134]-[#8:132]-[#15:133](=[#8:155])(-[#8:156])-[#8:154]	Any;Any
EVODEX.2-Cm222_0	Any;Any;Any	[#6:43]-[#16:41]-[#1].[#6:50]-[#16:42]-[#1].[#6:2]-[#16:1]-[#16:21]-[#6:22]>>[#6:2]-[#16:1]-[#1].[#6:22]-[#16:21]-[#1].[#6:43]-[#16:41]-[#16:42]-[#6:50]	Any;Any;Any
EVODEX.2-Cm223_0	Any;Any	[#6:3]-[#6:1](=[#8:4])-[#8]-[#1].[#7:2](-[#1])(-[#1])-[#1]>>[#6:3]-[#6:1](-[#7:2](-[#1])-[#1])=[#8:4]	Any
EVODEX.2-Cm224_0	Any;Any	([#6:10]-[#6:1](-[#8]-[#1])(-[#6:14])-[#1:57].[#15:5]-[#8:4]-[#1]).[#6:25]-[#6:3](-[#8:2]-[#1])(-[#6:26])-[#1:71]>>([#6:10]-[#6:1](-[#8:2]-[#1])(-[#6:14])-[#1:57].[#15:5]-[#8:4]-[#6:3](-[#6:25])(-[#6:26])-[#1:71])	Any
EVODEX.2-Cm225_0	Any;Any;Any	[#6:3]-[#6:1](=[#8:4])-[#8]-[#1].[#8:2](-[#1])-[#1].[#8]-[#15](=[#8])(-[#8])-[#8:10]-[#15:11]>>[#6:3]-[#6:1](=[#8:4])-[#8:2]-[#1].[#15:11]-[#8:10]-[#1]	Any;Any
EVODEX.2-Cm226_0	Any	[#6:3]-[#6:1](=[#8:4])-[#8:41]-[#6:42]>>[#6:3]-[#6:1](=[#8:4])-[#8]-[#6].[#6:42]-[#8:41]-[#1]	Any;Any
EVODEX.2-Cm228_0	Any;Any;Any	[#6:53](-[#16&+](-[#6])-[#6])(-[#1:89])(-[#1:90])-[#1:91].[#6:55](-[#16&+](-[#6])-[#6])(-[#1:112])(-[#1:113])-[#1:114].[#6:56]-[#7:54](-[#1])-[#1]>>[#6:56]-[#7:54](-[#6:53](-[#1:89])(-[#1:90])-[#1:91])-[#6:55](-[#1:112])(-[#1:113])-[#1:114]	Any
EVODEX.2-Cm229_0	Any;Any;Any	[#6:3]-[#16:2]-[#1].[#6:50]-[#6:1](=[#8:51])-[#6:64](-[#6:67])(-[#1:181])-[#1:182].[#8:66]=[#6:65]=[#8:117]>>[#6:50]-[#6:1](=[#8:51])-[#16:2]-[#6:3].[#6:67]-[#6:64](-[#6:65](=[#8:117])-[#8:66]-[#1])(-[#1:181])-[#1:182]	Any;Any
EVODEX.2-Cm233_0	Any;Any	([#6:11]-[#6:1](-[#6:14])(-[#8:67]-[#1])-[#1:75].[#15:5]-[#8:4]-[#1]).[#6:18]-[#6:3](-[#6:17])(-[#8:2]-[#1])-[#1:98]>>([#6:11]-[#6:1](-[#6:14])(-[#8:2]-[#1])-[#1:75].[#15:5]-[#8:4]-[#6:3](-[#6:18])(-[#6:17])-[#1:98]).[#8:67](-[#1])-[#1]	Any;Any
EVODEX.2-Cm234_0	Any;Any	[#15]-[#8]-[#6:1](-[#8:11])(-[#6:5]-[#8:4]-[#1])-[#1:68].[#6:24]-[#8:2]-[#6:3](-[#8:14])(-[#6:15])-[#1:95]>>[#6:24]-[#8:2]-[#6:1](-[#8:11])(-[#6:5]-[#8:4]-[#6:3](-[#8:14])(-[#6:15])-[#1:95])-[#1:68]	Any
EVODEX.2-Cm236_0	Any	[#8:51]=[#6:2](-[#8:62]-[#1])-[#6:1](-[#6:52](-[#8:53]-[#1])(-[#6:54])-[#6:55])(-[#1:100])-[#1:101]>>[#6:1](-[#6:2](=[#8:51])-[#16]-[#6])(-[#1:100])(-[#1:101])-[#1].[#6:55]-[#6:52](=[#8:53])-[#6:54].[#8:62](-[#1])-[#1]	Any;Any;Any
EVODEX.2-Cm238_0	Any;Any	[#6:4]-[#6:2]1(-[#8:1]-[#6:5]-1)-[#1:41].[#8:3](-[#1])-[#1]>>[#6:4]-[#6:2](-[#8:3]-[#1])(-[#6:5]-[#8:1]-[#1])-[#1:41]	Any
EVODEX.2-Cm239_0	Any;Any	[#6:3]-[#6:1](=[#8])-[#6:4].[#8:11](-[#8:12]-[#1])-[#1]>>[#6:3]-[#6:1](-[#7](-[#1])-[#1])(-[#6:4])-[#1].[#8:11]=[#8:12]	Any;Any
EVODEX.2-Cm240_0	Any	[#6:4]-[#6:1](=[#6:2](-[#6:35])-[#1:74])-[#1:73]>>[#6:4]-[#6:1](-[#6:2](-[#8]-[#1])(-[#6:35])-[#1:74])(-[#1:73])-[#1]	Any
EVODEX.2-Cm243_0	Any;Any	[#6:2]-[#6:1](-[#8]-[#1])(-[#6:3])-[#1:142].[#6:55]-[#6:49]1:[#6:54](:[#6:53](:[#6:52](:[#7&+:51](-[#6:58]):[#6:50]:1-[#1:212])-[#1:188])-[#1:187])-[#1:186]>>[#6:2]-[#6:1](-[#6:3])(-[#1:142])-[#1].[#6:55]-[#6:49]1=[#6:50](-[#7:51](-[#6:58])-[#6:52](=[#6:53](-[#6:54]-1(-[#1:186])-[#1])-[#1:187])-[#1:188])-[#1:212]	Any;Any
EVODEX.2-Cm245_0	Any;Any	([#6:81]-[#6:1](-[#8:127]-[#1])(-[#1:135])-[#1:136].[#6:5]-[#8:4]-[#1]).[#8:117]-[#6:3](-[#8:2]-[#1])(-[#6:118])-[#1:234]>>([#6:81]-[#6:1](-[#8:2]-[#1])(-[#1:135])-[#1:136].[#6:5]-[#8:4]-[#6:3](-[#8:117])(-[#6:118])-[#1:234]).[#8:127](-[#1])-[#1]	Any;Any
EVODEX.2-Cm246_0	Any;Any	[#8](-[#6:1](-[#6:3])(-[#1:46])-[#1:47])-[#1].[#8]=[#15](-[#8:2]-[#1])(-[#8])-[#8]>>[#8:2](-[#6:1](-[#6:3])(-[#1:46])-[#1:47])-[#1]	Any
EVODEX.2-Cm247_0	Any;Any	[#8:13](-[#6:1](-[#6:3])(-[#1:46])-[#1:47])-[#1].[#8]=[#15](-[#8:2]-[#1])(-[#8])-[#8]>>[#8:2](-[#6:1](-[#6:3])(-[#1:46])-[#1:47])-[#1].[#8:13](-[#1])-[#1]	Any;Any
EVODEX.2-Cm249_0	Any;Any	([#6:5]-[#8:4]-[#1].[#6:19]-[#6:1](-[#8:62]-[#1])(-[#6:29])-[#1:104]).[#6:44]-[#6:3](=[#8:45])-[#8:2]-[#1]>>([#6:5]-[#8:4]-[#6:3](=[#8:45])-[#6:44].[#6:19]-[#6:1](-[#6:29])(-[#8:2]-[#1])-[#1:104]).[#8:62](-[#1])-[#1]	Any;Any
EVODEX.2-Cm250_0	Any	[#8]=[#6:1](-[#6:3])-[#1:27]>>[#7](-[#6:1](-[#6:3])(-[#1:27])-[#1])(-[#1])-[#1]	Any
EVODEX.2-Cm252_0	Any	[#6:3]-[#6:1](-[#8:37]-[#1])(-[#6:4])-[#1:42]>>[#6:3]-[#6:1](-[#6:4])(-[#8]-[#15])-[#1:42].[#8:37](-[#1])-[#1]	Any;Any
EVODEX.2-Cm254_0	Any;Any;Any	[#6:3]-[#6:1](=[#8:14])-[#1:23].[#7:2](-[#6:6])(-[#1])-[#1].[#8:15](-[#8:16]-[#1])-[#1]>>[#6:3]-[#6:1](-[#7:2](-[#6:6])-[#1])(-[#1:23])-[#1].[#8:14](-[#1])-[#1].[#8:15]=[#8:16]	Any;Any;Any
EVODEX.2-Cm255_0	Any;Any	[#6:3]-[#6:1](=[#8:14])-[#1:23].[#7:2](-[#6:6])(-[#1])-[#1]>>[#6:3]-[#6:1](-[#7:2](-[#6:6])-[#1])(-[#1:23])-[#1].[#8:14](-[#1])-[#1]	Any;Any
EVODEX.2-Cm256_0	Any;Any	[#6:58]-[#6:56](=[#8:59])-[#16]-[#6].[#8]=[#6](-[#8:57]-[#1])-[#6]>>[#6:58]-[#6:56](=[#8:59])-[#8:57]-[#1]	Any
EVODEX.2-Cm257_0	Any;Any	[#8:2]=[#6:1](-[#8:58]-[#1])-[#6:3].[#6:16]-[#6:10]1=[#6:15](-[#7:14](-[#6:19])-[#6:13](=[#6:12](-[#6:11]-1(-[#1:93])-[#1])-[#1:92])-[#1:91])-[#1:67]>>[#8:2]=[#6:1](-[#6:3])-[#1].[#6:16]-[#6:10]1:[#6:11](:[#6:12](:[#6:13](:[#7&+:14](-[#6:19]):[#6:15]:1-[#1:67])-[#1:91])-[#1:92])-[#1:93].[#8:58](-[#1])-[#1]	Any;Any;Any
EVODEX.2-Cm259_0	Any;Any	[#6:3]-[#6:1](=[#8:4])-[#8:61]-[#6:62].[#6:20]-[#8:2]-[#1]>>[#6:3]-[#6:1](=[#8:4])-[#8:2]-[#6:20].[#6:62]-[#8:61]-[#1]	Any;Any
EVODEX.2-Cm260_0	Any;Any	[#6:3]-[#6:1](=[#8:4])-[#8:71]-[#6:72].[#6:21]-[#7:2](-[#1])-[#1]>>[#6:3]-[#6:1](=[#8:4])-[#7:2](-[#6:21])-[#1].[#6:72]-[#8:71]-[#1]	Any;Any
EVODEX.2-Cm261_0	Any;Any	[#6:3]-[#6:1](=[#8:4])-[#8:13]-[#1].[#6:12]-[#8:2]-[#1]>>[#6:3]-[#6:1](=[#8:4])-[#8:2]-[#6:12].[#8:13](-[#1])-[#1]	Any;Any
EVODEX.2-Cm262_0	Any	([#6:3]-[#8:2]-[#1].[#6:9]-[#6:1](-[#8:24]-[#1])(-[#6:22])-[#1:42])>>[#6:3]-[#8:2]-[#6:1](-[#6:22])(-[#6:9])-[#1:42].[#8:24](-[#1])-[#1]	Any;Any
EVODEX.2-Cm263_0	Any	([#6:3]-[#8:2]-[#1].[#6:9]-[#6:1](-[#8]-[#1])(-[#6:22])-[#1:42])>>[#6:3]-[#8:2]-[#6:1](-[#6:22])(-[#6:9])-[#1:42]	Any
EVODEX.2-Cm264_0	Any;Any;Any	[#6:2]-[#16:1]-[#16:9]-[#6:10].[#6:19]-[#8:17]-[#1].[#8:18](-[#1])-[#1]>>[#6:2]-[#16:1]-[#1].[#6:10]-[#16:9]-[#1].[#6:19]-[#8:17]-[#8:18]-[#1]	Any;Any;Any
EVODEX.2-Cm265_0	Any;Any	[#6:2]-[#16:1]-[#16:9]-[#6:10].[#6:19]-[#8:17]-[#1]>>[#6:2]-[#16:1]-[#1].[#6:10]-[#16:9]-[#1].[#6:19]-[#8:17]-[#8]-[#1]	Any;Any;Any
EVODEX.2-Cm267_0	Any	[#6:5]-[#6:1](-[#6:3](-[#8:109])(-[#6:2](-[#8:113])(-[#6:4](-[#8:114])(-[#1:190])-[#1:191])-[#1:188])-[#1:184])(-[#8:6])-[#1:183]>>[#6:5]-[#6:1](-[#6:2](-[#8:113])(-[#6:3](-[#6:4](-[#8:114])(-[#1:190])-[#1:191])(-[#8:109])-[#1:184])-[#1:188])(-[#8:6])-[#1:183]	Any
EVODEX.2-Cm268_0	Any;Any	[#6:3]-[#6:1](=[#8:4])-[#8]-[#1].[#8:62]=[#15:35](-[#8:2]-[#1])(-[#8:63])-[#8:64]>>[#6:3]-[#6:1](=[#8:4])-[#8:2]-[#1].[#15]-[#8]-[#15:35](=[#8:62])(-[#8:63])-[#8:64]	Any;Any
EVODEX.2-Cm269_0	Any	[#8:4]=[#6:2](-[#8:1]-[#6:8])-[#6:5]>>([#8:4]=[#6:2](-[#8]-[#1])-[#6:5].[#6:8]-[#8:1]-[#1])	Any
EVODEX.2-Cm270_0	Any;Any	[#8:3]-[#6:1](-[#8]-[#1])(-[#6:4])-[#1:56].[#8]-[#15](=[#8])(-[#8])-[#8:2]-[#6:16]>>[#8:3]-[#6:1](-[#8:2]-[#6:16])(-[#6:4])-[#1:56]	Any
EVODEX.2-Cm271_0	Any;Any	[#6:4]-[#6:1](-[#6:3])(-[#8:24]-[#6:25])-[#1:81].[#15:41]-[#8:39]-[#1]>>[#6:4]-[#6:1](-[#6:3])(-[#8]-[#1])-[#1:81].[#6:25]-[#8:24]-[#1].[#15:41]-[#8:39]-[#15](=[#8])(-[#8])-[#8]	Any;Any;Any
EVODEX.2-Cm273_0	Any;Any	[#7](-[#6:1](-[#6:3])(-[#1:13])-[#1])(-[#1])-[#1].[#8:2](-[#1])-[#1]>>[#8:2]=[#6:1](-[#6:3])-[#1:13]	Any
EVODEX.2-Cm274_0	Any	[#6:3]-[#6:1](-[#6](=[#8])-[#8])(-[#7:2](-[#8:13]-[#1])-[#8:9])-[#1:25]>>[#6:3]-[#6:1](=[#7:2]-[#8:9])-[#1:25].[#8:13](-[#1])-[#1]	Any;Any
EVODEX.2-Cm275_0	Any;Any;Any	[#6:3]-[#6:1](=[#8:4])-[#1].[#15:58]-[#8:56]-[#1].[#8:80]=[#15:57](-[#8:2]-[#1])(-[#8:81])-[#8:82]>>[#6:3]-[#6:1](=[#8:4])-[#8:2]-[#1].[#15:58]-[#8:56]-[#15:57](=[#8:80])(-[#8:81])-[#8:82]	Any;Any
EVODEX.2-Cm276_0	Any;Any;Any	[#6:3]-[#6:1](=[#8:4])-[#1].[#6:14]-[#6:8]1:[#6:13](:[#6:12](:[#6:11](:[#7&+:10](-[#6:17]):[#6:9]:1-[#1:125])-[#1:101])-[#1:100])-[#1:99].[#8:80]=[#15:57](-[#8:2]-[#1])(-[#8:81])-[#8:82]>>[#6:3]-[#6:1](=[#8:4])-[#8:2]-[#1].[#6:14]-[#6:8]1=[#6:9](-[#7:10](-[#6:17])-[#6:11](=[#6:12](-[#6:13]-1(-[#1:99])-[#1])-[#1:100])-[#1:101])-[#1:125].[#15]-[#8]-[#15:57](=[#8:80])(-[#8:81])-[#8:82]	Any;Any;Any
EVODEX.2-Cm277_0	Any;Any	[#6:3]-[#6:1](=[#8:4])-[#1].[#15:58]-[#8:56]-[#1]>>[#6:3]-[#6:1](=[#8:4])-[#8]-[#1].[#15:58]-[#8:56]-[#15](=[#8])(-[#8])-[#8]	Any;Any
EVODEX.2-Cm278_0	Any;Any	[#6:3]-[#6:1](=[#8:4])-[#1].[#6:14]-[#6:8]1:[#6:13](:[#6:12](:[#6:11](:[#7&+:10](-[#6:17]):[#6:9]:1-[#1:125])-[#1:101])-[#1:100])-[#1:99]>>[#6:3]-[#6:1](=[#8:4])-[#8]-[#1].[#6:14]-[#6:8]1=[#6:9](-[#7:10](-[#6:17])-[#6:11](=[#6:12](-[#6:13]-1(-[#1:99])-[#1])-[#1:100])-[#1:101])-[#1:125]	Any;Any
EVODEX.2-Cm279_0	Any;Any;Any	[#6:3]-[#6:1](=[#8:4])-[#1].[#6:14]-[#6:8]1:[#6:13](:[#6:12](:[#6:11](:[#7&+:10](-[#6:17]):[#6:9]:1-[#1:125])-[#1:101])-[#1:100])-[#1:99].[#8]=[#15](-[#8:2]-[#1])(-[#8])-[#8]>>[#6:3]-[#6:1](=[#8:4])-[#8:2]-[#1].[#6:14]-[#6:8]1=[#6:9](-[#7:10](-[#6:17])-[#6:11](=[#6:12](-[#6:13]-1(-[#1:99])-[#1])-[#1:100])-[#1:101])-[#1:125]	Any;Any
EVODEX.2-Cm280_0	Any;Any;Any	[#6:3]-[#6:1](=[#8:9])-[#6:4].[#7:2](-[#1])(-[#1])-[#1].[#8:10](-[#8:11]-[#1])-[#1]>>[#6:3]-[#6:1](-[#7:2](-[#1])-[#1])(-[#6:4])-[#1].[#8:9](-[#1])-[#1].[#8:10]=[#8:11]	Any;Any;Any
EVODEX.2-Cm281_0	Any;Any	[#6]-[#6](-[#8:13]-[#15:15])(-[#1])-[#1].[#8:22]-[#15:14](=[#8:23])(-[#8]-[#1])-[#8:24]>>[#15:15]-[#8:13]-[#15:14](=[#8:23])(-[#8:24])-[#8:22]	Any
EVODEX.2-Cm284_0	Any;Any	[#6:3]-[#16:2]-[#1].[#8:50]=[#6:1](-[#8:55]-[#1])-[#6:51]>>[#6:3]-[#16:2]-[#6:1](=[#8:50])-[#6:51].[#8:55](-[#1])-[#1]	Any;Any
EVODEX.2-Cm285_0	Any;Any	[#7](-[#6:49](-[#6:51])(-[#1:62])-[#1])(-[#1])-[#1].[#6:7]-[#6:1]1:[#6:6](:[#6:5](:[#6:4](:[#7&+:3](-[#6:10]):[#6:2]:1-[#1:102])-[#1:78])-[#1:77])-[#1:76]>>[#6:7]-[#6:1]1=[#6:2](-[#7:3](-[#6:10])-[#6:4](=[#6:5](-[#6:6]-1(-[#1:76])-[#1])-[#1:77])-[#1:78])-[#1:102].[#6:51]-[#6:49](=[#8])-[#1:62]	Any;Any
EVODEX.2-Cm289_0	Any	[#7:2](-[#6:1](=[#8])-[#6:3])(-[#1])-[#1]>>[#7:2]#[#6:1]-[#6:3]	Any
EVODEX.2-Cm290_0	Any;Any	[#6:2]-[#16:1]-[#6:49](=[#8:51])-[#6:52].[#8:50](-[#1])-[#1]>>[#6:2]-[#16:1]-[#1].[#8:51]=[#6:49](-[#8:50]-[#1])-[#6:52]	Any;Any
EVODEX.2-Cm292_0	Any;Any	[#8:4](-[#6:5]-[#6:1](-[#8:22]-[#1])(-[#6:6])-[#1:26])-[#1].[#6:8]-[#6:3](=[#8:9])-[#8:2]-[#1]>>[#6:8]-[#6:3](=[#8:9])-[#8:4]-[#6:5]-[#6:1](-[#8:2]-[#1])(-[#6:6])-[#1:26].[#8:22](-[#1])-[#1]	Any;Any
EVODEX.2-Cm295_0	Any;Any	([#6:5]-[#8:4]-[#1].[#6:18]-[#6:1](-[#8]-[#1])(-[#6:34])-[#1:125]).[#6:64]-[#6:3](=[#8:65])-[#8:2]-[#1]>>([#6:34]-[#6:1](-[#8:2]-[#1])(-[#6:18])-[#1:125].[#6:5]-[#8:4]-[#6:3](=[#8:65])-[#6:64])	Any
EVODEX.2-Cm296_0	Any	([#6:5]-[#8:4]-[#1].[#6:18]-[#6:1](-[#8:82]-[#1])(-[#6:34])-[#1:125])>>([#6:34]-[#6:1](-[#8]-[#1])(-[#6:18])-[#1:125].[#6:5]-[#8:4]-[#6](=[#8])-[#6]).[#8:82](-[#1])-[#1]	Any;Any
EVODEX.2-Cm297_0	Any;Any	[#6:3]-[#16:2]-[#1].[#6:31]-[#6:1](=[#8:32])-[#8:41]-[#15:42]>>[#6:3]-[#16:2]-[#6:1](=[#8:32])-[#6:31].[#15:42]-[#8:41]-[#1]	Any;Any
EVODEX.2-Cm298_0	Any	[#6:31]-[#6:1](=[#8:32])-[#8]-[#15]>>[#6]-[#16]-[#6:1](=[#8:32])-[#6:31]	Any
EVODEX.2-Cm299_0	Any	[#6:31]-[#6:1](=[#8:32])-[#8:41]-[#15:42]>>[#6]-[#16]-[#6:1](=[#8:32])-[#6:31].[#15:42]-[#8:41]-[#1]	Any;Any
EVODEX.2-Cm300_0	Any;Any	[#6:3]-[#6:1](-[#8:17]-[#16:19])(-[#1:63])-[#1:64].[#8:23]-[#15:18](=[#8:24])(-[#8:2]-[#1])-[#8:25]>>[#6:3]-[#6:1](-[#8:2]-[#1])(-[#1:63])-[#1:64].[#8:23]-[#15:18](=[#8:24])(-[#8:25])-[#8:17]-[#16:19]	Any;Any
EVODEX.2-Cm301_0	Any;Any	[#6:51]-[#6:49](=[#8:52])-[#16]-[#6].[#6:58]-[#6:50](-[#6:89](=[#8:91])-[#8:90]-[#1])(-[#1:165])-[#1:166]>>[#6:58]-[#6:50](-[#6:49](=[#8:52])-[#6:51])(-[#1:165])-[#1:166].[#8:90]=[#6:89]=[#8:91]	Any;Any
EVODEX.2-Cm302_0	Any;Any	[#6]-[#8]-[#15:8](=[#8:9])(-[#8:10])-[#8:11].[#15:12]-[#8:7]-[#1]>>[#15:12]-[#8:7]-[#15:8](=[#8:9])(-[#8:10])-[#8:11]	Any
EVODEX.2-Cm303_0	Any;Any	[#6:51]-[#6:49](=[#8:52])-[#16:1]-[#6:2].[#7:50](-[#6:67])(-[#1])-[#1]>>[#6:2]-[#16:1]-[#1].[#6:51]-[#6:49](=[#8:52])-[#7:50](-[#6:67])-[#1]	Any;Any
EVODEX.2-Cm305_0	Any	([#6:2]-[#8:1]-[#15:13](=[#8:54])(-[#8:55])-[#8:19].[#6:14]-[#8:12]-[#1])>>[#6:2]-[#8:1]-[#1].[#6:14]-[#8:12]-[#15:13](=[#8:54])(-[#8:55])-[#8:19]	Any;Any
EVODEX.2-Cm306_0	Any;Any	[#8:16]-[#7:4]=[#6:3](-[#6:6])-[#1:19].[#8:1]=[#6:2]=[#8:17]>>[#8:17]=[#6:2](-[#8:1]-[#1])-[#6:3](-[#6:6])(-[#7:4](-[#8]-[#1])-[#8:16])-[#1:19]	Any
EVODEX.2-Cm307_0	Any	[#8:16]-[#7:4]=[#6:3](-[#6:6])-[#1:19]>>[#8]=[#6](-[#8])-[#6:3](-[#6:6])(-[#7:4](-[#8]-[#1])-[#8:16])-[#1:19]	Any
EVODEX.2-Cm308_0	Any;Any;Any	[#8:16]-[#7:4]=[#6:3](-[#6:6])-[#1:19].[#8:1]=[#6:2]=[#8:17].[#8:5](-[#1])-[#1]>>[#8:17]=[#6:2](-[#8:1]-[#1])-[#6:3](-[#6:6])(-[#7:4](-[#8:5]-[#1])-[#8:16])-[#1:19]	Any
EVODEX.2-Cm309_0	Any;Any;Any	[#6:3]-[#16:2]-[#1].[#6:50]-[#6:1](=[#8:51])-[#6:66](-[#7:69])(-[#6:70])-[#1:140].[#8:68]=[#6:67]=[#8:72]>>[#6:50]-[#6:1](=[#8:51])-[#16:2]-[#6:3].[#7:69]-[#6:66](-[#6:70])(-[#6:67](=[#8:72])-[#8:68]-[#1])-[#1:140]	Any;Any
EVODEX.2-Cm310_0	Any;Any	[#6:3]-[#16:2]-[#1].[#6:50]-[#6:1](=[#8:51])-[#6:66](-[#7:69])(-[#6:70])-[#1:140]>>[#6:50]-[#6:1](=[#8:51])-[#16:2]-[#6:3].[#7:69]-[#6:66](-[#6:70])(-[#6](=[#8])-[#8])-[#1:140]	Any;Any
EVODEX.2-Cm312_0	Any	[#7:10](-[#6:1](=[#8:3])-[#6:4])(-[#1])-[#1]>>[#6:4]-[#6:1](=[#8:3])-[#8]-[#1].[#7:10](-[#1])(-[#1])-[#1]	Any;Any
EVODEX.2-Cm314_0	Any;Any	[#6:50]-[#7:49](-[#6:1](=[#8:3])-[#6:4])-[#1].[#7:2](-[#6:46])(-[#1])-[#1]>>[#6:4]-[#6:1](=[#8:3])-[#7:2](-[#6:46])-[#1].[#6:50]-[#7:49](-[#1])-[#1]	Any;Any
EVODEX.2-Cm315_0	Any	[#6:9]-[#6:7](-[#8:8]-[#1])(-[#6](-[#6])(-[#1])-[#1])-[#1:19]>>[#8:8]=[#6:7](-[#6:9])-[#1:19]	Any
EVODEX.2-Cm317_0	Any	[#15:34]-[#8:2]-[#15:55](=[#8:56])(-[#8:57])-[#8:58]>>[#6]-[#6](-[#6])(-[#8:2]-[#15:34])-[#1].[#8:56]=[#15:55](-[#8]-[#1])(-[#8:57])-[#8:58]	Any;Any
EVODEX.2-Cm319_0	Any;Any	[#8](-[#6:1](-[#6:3])(-[#6:4])-[#1:44])-[#1].[#8]=[#15](-[#8:2]-[#1])(-[#8])-[#8]>>[#8:2](-[#6:1](-[#6:3])(-[#6:4])-[#1:44])-[#1]	Any
EVODEX.2-Cm320_0	Any;Any;Any	[#6:3]-[#16:1]-[#1].[#6:22]-[#16:2]-[#1].[#6:42]-[#8:41]-[#8]-[#1]>>[#6:3]-[#16:1]-[#16:2]-[#6:22].[#6:42]-[#8:41]-[#1]	Any;Any
EVODEX.2-Cm321_0	Any;Any;Any	[#6:2]-[#6:1](=[#8:3])-[#8]-[#1].[#6:17]-[#6:11]1=[#6:16](-[#7:15](-[#6:20])-[#6:14](=[#6:13](-[#6:12]-1(-[#1:137])-[#1])-[#1:136])-[#1:135])-[#1:111].[#8]-[#15](=[#8])(-[#8])-[#8:59]-[#15:60]>>[#6:2]-[#6:1](=[#8:3])-[#1].[#6:17]-[#6:11]1:[#6:12](:[#6:13](:[#6:14](:[#7&+:15](-[#6:20]):[#6:16]:1-[#1:111])-[#1:135])-[#1:136])-[#1:137].[#15:60]-[#8:59]-[#1]	Any;Any;Any
EVODEX.2-Cm322_0	Any	[#6:2]-[#6:1](=[#8:3])-[#8:68]-[#1]>>[#6:2]-[#6:1](=[#8:3])-[#1].[#8]-[#15](=[#8])(-[#8:68]-[#1])-[#8]	Any;Any
EVODEX.2-Cm323_0	Any;Any;Any	[#6:2]-[#6:1](=[#8:3])-[#8:68]-[#1].[#6:17]-[#6:11]1=[#6:16](-[#7:15](-[#6:20])-[#6:14](=[#6:13](-[#6:12]-1(-[#1:137])-[#1])-[#1:136])-[#1:135])-[#1:111].[#8:70]-[#15:69](=[#8:71])(-[#8:72])-[#8:59]-[#15:60]>>[#6:2]-[#6:1](=[#8:3])-[#1].[#6:17]-[#6:11]1:[#6:12](:[#6:13](:[#6:14](:[#7&+:15](-[#6:20]):[#6:16]:1-[#1:111])-[#1:135])-[#1:136])-[#1:137].[#15:60]-[#8:59]-[#1].[#8:70]-[#15:69](=[#8:71])(-[#8:68]-[#1])-[#8:72]	Any;Any;Any;Any
EVODEX.2-Cm325_0	Any	[#6:51]-[#6:49](=[#8:50])-[#16]-[#6]>>[#6:51]-[#6:49](-[#8:50]-[#1])(-[#1])-[#1]	Any
EVODEX.2-Cm326_0	Any	[#6:56]-[#7:54](-[#1])-[#1]>>[#6:56]-[#7:54](-[#6](-[#1])(-[#1])-[#1])-[#6](-[#1])(-[#1])-[#1]	Any
EVODEX.2-Cm327_0	Any;Any	[#6:47]-[#6:45](-[#7:51](-[#6:52])-[#1])(-[#6:48])-[#1].[#8:46](-[#1])-[#1]>>[#6:47]-[#6:45](=[#8:46])-[#6:48].[#7:51](-[#6:52])(-[#1])-[#1]	Any;Any
EVODEX.2-Cm328_0	Any;Any	[#6]-[#6](-[#7:51](-[#6:52])-[#1])(-[#6])-[#1].[#6:7]-[#6:1]1:[#6:6](:[#6:5](:[#6:4](:[#7&+:3](-[#6:10]):[#6:2]:1-[#1:96])-[#1:73])-[#1:72])-[#1:71]>>[#6:7]-[#6:1]1=[#6:2](-[#7:3](-[#6:10])-[#6:4](=[#6:5](-[#6:6]-1(-[#1:71])-[#1])-[#1:72])-[#1:73])-[#1:96].[#7:51](-[#6:52])(-[#1])-[#1]	Any;Any
EVODEX.2-Cm329_0	Any	[#6:3]-[#6:1](=[#8:4])-[#8:21]-[#6:22]>>[#6:3]-[#6:1](=[#8:4])-[#8]-[#1].[#6:22]-[#8:21]-[#1]	Any;Any
EVODEX.2-Cm331_0	Any	[#6:3]-[#6:1](-[#1:50])(-[#1:51])-[#1]>>[#6:3]-[#6:1](-[#8]-[#1])(-[#1:50])-[#1:51]	Any
EVODEX.2-Cm332_0	Any;Any	[#8:15](-[#6:1](-[#6:3])(-[#1:17])-[#1:18])-[#1].[#15:11]-[#8:2]-[#1]>>[#15:11]-[#8:2]-[#6:1](-[#6:3])(-[#1:17])-[#1:18].[#8:15](-[#1])-[#1]	Any;Any
EVODEX.2-Cm334_0	Any;Any	[#0&1*:51]-[#6:49](=[#8:52])-[#16:1]-[#6:2].[#6:53]-[#8:50]-[#1]>>[#6:2]-[#16:1]-[#1].[#0&1*:51]-[#6:49](=[#8:52])-[#8:50]-[#6:53]	Any;Any
EVODEX.2-Cm335_0	Any;Any	[#6:3]-[#6:1](-[#8:23]-[#1])(-[#6:4])-[#1:84].[#8]=[#15](-[#8:2]-[#1])(-[#8])-[#8]>>[#6:3]-[#6:1](-[#8:2]-[#1])(-[#6:4])-[#1:84].[#8:23](-[#1])-[#1]	Any;Any
EVODEX.2-Cm336_0	Any;Any	[#6:3]-[#6:1](-[#7](-[#1])-[#1])=[#8:4].[#8:2](-[#1])-[#1]>>[#6:3]-[#6:1](=[#8:4])-[#8:2]-[#1]	Any
EVODEX.2-Cm337_0	Any	[#6:13]-[#7:2]=[#6:1](-[#6:3])-[#1:19]>>[#6:13]-[#7:2](-[#6:1](-[#6:3])(-[#1:19])-[#1])-[#1]	Any
EVODEX.2-Cm338_0	Any	[#6:3]-[#6:1](=[#8:11])-[#6:4]>>[#7](-[#6:1](-[#6:3])(-[#6:4])-[#1])(-[#1])-[#1].[#8:11]=[#6](-[#6])-[#1]	Any;Any
EVODEX.2-Cm339_0	Any;Any	[#8]=[#6:2]=[#8:4].[#7:3](-[#6:5])(-[#1])-[#1]>>[#7](-[#6:2](=[#8:4])-[#7:3](-[#6:5])-[#1])(-[#1])-[#1]	Any
EVODEX.2-Cm340_0	Any;Any;Any	[#8]=[#6:2]=[#8:4].[#7:1](-[#1])(-[#1])-[#1].[#7:3](-[#6:5])(-[#1])-[#1]>>[#7:1](-[#6:2](=[#8:4])-[#7:3](-[#6:5])-[#1])(-[#1])-[#1]	Any
EVODEX.2-Cm341_0	Any	[#6:29]-[#7:28](-[#6](-[#1])(-[#1])-[#1])-[#1]>>[#6:29]-[#7:28](-[#1])-[#1]	Any
EVODEX.2-Cm343_0	Any;Any	[#6:3]-[#6:1](-[#8]-[#1])(-[#6:4])-[#1:34].[#15:21]-[#8:2]-[#1]>>[#6:3]-[#6:1](-[#8:2]-[#15:21])(-[#6:4])-[#1:34]	Any
EVODEX.2-Cm344_0	Any;Any	([#6:5]-[#8:4]-[#1].[#6:21]-[#6:1](=[#8:22])-[#8]-[#1]).[#6:23]-[#6:3](=[#8:24])-[#8:2]-[#1]>>([#6:23]-[#6:3](=[#8:24])-[#8:4]-[#6:5].[#6:21]-[#6:1](=[#8:22])-[#8:2]-[#1])	Any
EVODEX.2-Cm345_0	Any;Any	[#6:24]-[#8:2]-[#1].[#8:43]-[#15:42](=[#8:44])(-[#8:45])-[#8:32]-[#15:33]>>[#6]-[#6](-[#6])(-[#8:2]-[#6:24])-[#1].[#15:33]-[#8:32]-[#1].[#8:43]-[#15:42](=[#8:44])(-[#8]-[#1])-[#8:45]	Any;Any;Any
EVODEX.2-Cm346_0	Any;Any	[#6:24]-[#8:2]-[#1].[#8]-[#15](=[#8])(-[#8])-[#8:32]-[#15:33]>>[#6]-[#6](-[#6])(-[#8:2]-[#6:24])-[#1].[#15:33]-[#8:32]-[#1]	Any;Any
EVODEX.2-Cm347_0	Any;Any	[#8:13]=[#6:2]=[#8:4].[#6:5]-[#7:3](-[#1])-[#1]>>[#7](-[#6:2](=[#8:4])-[#7:3](-[#6:5])-[#1])(-[#1])-[#1].[#8:13](-[#1])-[#1]	Any;Any
EVODEX.2-Cm350_0	Any	[#6:51]-[#6:49](-[#6:50](-[#6:61])(-[#1:88])-[#1])(-[#6:52])-[#1]>>[#6:51]-[#6:49](=[#6:50](-[#6:61])-[#1:88])-[#6:52]	Any
EVODEX.2-Cm352_0	Any;Any	[#6:27](-[#16&+](-[#6])-[#6])(-[#1:43])(-[#1:44])-[#1:45].[#6:29]-[#7:28](-[#1])-[#1]>>[#6:27](-[#7:28](-[#6:29])-[#1])(-[#1:43])(-[#1:44])-[#1:45]	Any
EVODEX.2-Cm353_0	Any;Any	[#6:3]-[#6:1](-[#8]-[#1])(-[#6:4])-[#1:89].[#8]-[#15](=[#8])(-[#8])-[#8:2]-[#16:32]>>[#6:3]-[#6:1](-[#8:2]-[#16:32])(-[#6:4])-[#1:89]	Any
EVODEX.2-Cm355_0	Any;Any	[#7:2](-[#6](-[#6])(-[#1])-[#1])(-[#1])-[#1].[#6:3]-[#6:1](=[#8])-[#6:4]>>[#6:3]-[#6:1](-[#7:2](-[#1])-[#1])(-[#6:4])-[#1]	Any
EVODEX.2-Cm356_0	Any	[#6:24]-[#8:2]-[#6:3](-[#8:14])(-[#6:15])-[#1:88]>>[#6:24]-[#8:2]-[#6](-[#8])(-[#6]-[#8]-[#6:3](-[#8:14])(-[#6:15])-[#1:88])-[#1]	Any
EVODEX.2-Cm358_0	Any;Any;Any	[#6:14]-[#6:8]1=[#6:13](-[#7:12](-[#6:17])-[#6:11](=[#6:10](-[#6:9]-1(-[#1:80])-[#1])-[#1:79])-[#1:78])-[#1:55].[#6:3]-[#6:1](=[#8])-[#1:93].[#7:2](-[#1])(-[#1])-[#1]>>[#6:3]-[#6:1](-[#7:2](-[#1])-[#1])(-[#1:93])-[#1].[#6:14]-[#6:8]1:[#6:9](:[#6:10](:[#6:11](:[#7&+:12](-[#6:17]):[#6:13]:1-[#1:55])-[#1:78])-[#1:79])-[#1:80]	Any;Any
EVODEX.2-Cm359_0	Any	[#6:3]-[#6:1](=[#8:52])-[#1:93]>>[#6:3]-[#6:1](-[#7](-[#1])-[#1])(-[#1:93])-[#1].[#8:52](-[#1])-[#1]	Any;Any
EVODEX.2-Cm360_0	Any;Any	([#6:10]-[#6:1](-[#8]-[#1])(-[#6:9])-[#1:87].[#15:5]-[#8:4]-[#1]).[#6:30]-[#6:3](-[#8:2]-[#1])(-[#1:127])-[#1:128]>>([#6:10]-[#6:1](-[#8:2]-[#1])(-[#6:9])-[#1:87].[#15:5]-[#8:4]-[#6:3](-[#6:30])(-[#1:127])-[#1:128])	Any
EVODEX.2-Cm362_0	Any	[#6:3]-[#6:1](=[#8:4])-[#8:27]-[#1]>>[#6:3]-[#6:1](=[#8:4])-[#8]-[#1].[#8]-[#15](=[#8])(-[#8:27]-[#1])-[#8]	Any;Any
EVODEX.2-Cm363_0	Any;Any	[#6:3]-[#6:1](-[#6:4])(-[#1:53])-[#1].[#8:2]=[#8:49]>>[#6:3]-[#6:1](-[#6:4])(-[#8:2]-[#1])-[#1:53].[#8:49](-[#1])-[#1]	Any;Any
EVODEX.2-Cm364_0	Any;Any;Any	[#6:3]-[#6:1](-[#8]-[#1])(-[#6:4])-[#1:89].[#15:34]-[#8:32]-[#1].[#8:60]=[#15:33](-[#8:2]-[#1])(-[#8:61])-[#8:62]>>[#6:3]-[#6:1](-[#8:2]-[#1])(-[#6:4])-[#1:89].[#15:34]-[#8:32]-[#15:33](=[#8:60])(-[#8:61])-[#8:62]	Any;Any
EVODEX.2-Cm365_0	Any;Any	[#6:3]-[#6:1](-[#7:9](-[#1])-[#1])(-[#6:4])-[#1].[#8:10]=[#8:11]>>[#6:3]-[#6:1](=[#8])-[#6:4].[#7:9](-[#1])(-[#1])-[#1].[#8:10](-[#8:11]-[#1])-[#1]	Any;Any;Any
EVODEX.2-Cm366_0	Any;Any	[#7:7](=[#6:8](-[#7:10])-[#7:1](-[#6:2])-[#1])-[#1].[#8:9](-[#1])-[#1]>>[#7:1](-[#6:2])(-[#1])-[#1].[#7:7](-[#6:8](-[#7:10])=[#8:9])(-[#1])-[#1]	Any;Any
EVODEX.2-Cm367_0	Any;Any	[#6:27](-[#16&+:1](-[#6:2])-[#6:3])(-[#1:34])(-[#1:35])-[#1:36].[#7:28](-[#6:29])(-[#1])-[#1]>>[#6:3]-[#16:1]-[#6:2].[#6:27](-[#7:28](-[#6:29])-[#1])(-[#1:34])(-[#1:35])-[#1:36]	Any;Any
EVODEX.2-Cm368_0	Any;Any	[#6:6]-[#6:3](=[#7:4]-[#8:14])-[#1:31].[#8:5](-[#1])-[#1]>>[#6:6]-[#6:3](-[#6](=[#8])-[#8])(-[#7:4](-[#8:5]-[#1])-[#8:14])-[#1:31]	Any
EVODEX.2-Cm369_0	Any;Any	([#6:10]-[#6:1](-[#8:31]-[#1])(-[#6:9])-[#1:65].[#15:5]-[#8:4]-[#1]).[#6:29]-[#6:3](-[#8:2]-[#1])(-[#1:75])-[#1:76]>>([#6:10]-[#6:1](-[#8:2]-[#1])(-[#6:9])-[#1:65].[#15:5]-[#8:4]-[#6:3](-[#6:29])(-[#1:75])-[#1:76]).[#8:31](-[#1])-[#1]	Any;Any
EVODEX.2-Cm370_0	Any	[#6:51]-[#6:49](=[#8:52])-[#16]-[#6]>>[#6]-[#8]-[#6:49](=[#8:52])-[#6:51]	Any
EVODEX.2-Cm371_0	Any	[#6:51]-[#6:49](=[#8:52])-[#16:1]-[#6:2]>>[#6:2]-[#16:1]-[#1].[#6]-[#8]-[#6:49](=[#8:52])-[#6:51]	Any;Any
EVODEX.2-Cm373_0	Any	[#6:5]-[#7:4](-[#6:1](-[#7:12](-[#1])-[#1])=[#8:3])-[#1]>>[#8]=[#6:1]=[#8:3].[#6:5]-[#7:4](-[#1])-[#1].[#7:12](-[#1])(-[#1])-[#1]	Any;Any;Any
EVODEX.2-Cm374_0	Any;Any	[#15:37]-[#8:36]-[#6:1](-[#8:11])(-[#6:7]-[#6:5]-[#8:4]-[#1])-[#1:69].[#6:24]-[#8:2]-[#6:3](-[#8:14])(-[#6:15])-[#1:91]>>[#6:24]-[#8:2]-[#6:1](-[#8:11])(-[#6:7]-[#6:5]-[#8:4]-[#6:3](-[#8:14])(-[#6:15])-[#1:91])-[#1:69].[#15:37]-[#8:36]-[#1]	Any;Any
EVODEX.2-Cm375_0	Any;Any	[#15]-[#8]-[#6:1](-[#8:11])(-[#6:7]-[#6:5]-[#8:4]-[#1])-[#1:69].[#6:24]-[#8:2]-[#6:3](-[#8:14])(-[#6:15])-[#1:91]>>[#6:24]-[#8:2]-[#6:1](-[#8:11])(-[#6:7]-[#6:5]-[#8:4]-[#6:3](-[#8:14])(-[#6:15])-[#1:91])-[#1:69]	Any
EVODEX.2-Cm376_0	Any	([#6:11]-[#6:1](-[#8]-[#1])(-[#6:7])-[#1:20].[#15:3]-[#8:2]-[#1])>>[#6:11]-[#6:1](-[#8:2]-[#15:3])(-[#6:7])-[#1:20]	Any
EVODEX.2-Cm380_0	Any;Any	[#6:3]-[#6:1](-[#8]-[#1])(-[#1:135])-[#1:136].[#8]-[#15](=[#8])(-[#8])-[#8:2]-[#16:82]>>[#6:3]-[#6:1](-[#8:2]-[#16:82])(-[#1:135])-[#1:136]	Any
EVODEX.2-Cm383_0	Any;Any	[#6:22]-[#6:16]1=[#6:21](-[#7:20](-[#6:25])-[#6:19](=[#6:18](-[#6:17]-1(-[#1:93])-[#1])-[#1:92])-[#1:91])-[#1:67].[#6:7]-[#7:2](-[#1])-[#1]>>[#6]-[#6](-[#7:2](-[#6:7])-[#1])(-[#6])-[#1].[#6:22]-[#6:16]1:[#6:17](:[#6:18](:[#6:19](:[#7&+:20](-[#6:25]):[#6:21]:1-[#1:67])-[#1:91])-[#1:92])-[#1:93]	Any;Any
EVODEX.2-Cm384_0	Any	[#6:3]-[#6:1](-[#7:8](-[#1])-[#1])(-[#1:21])-[#1]>>[#6:3]-[#6:1](=[#8])-[#1:21].[#7:8](-[#1])(-[#1])-[#1]	Any;Any
EVODEX.2-Cm385_0	Any;Any	[#6:3]-[#6:1](-[#7](-[#1])-[#1])(-[#1:21])-[#1].[#8:9]=[#8:10]>>[#6:3]-[#6:1](=[#8])-[#1:21].[#8:9](-[#8:10]-[#1])-[#1]	Any;Any
EVODEX.2-Cm386_0	Any	[#0]-[#6](=[#8])-[#8:5]-[#6:6]>>[#6:6]-[#8:5]-[#1]	Any
EVODEX.2-Cm387_0	Any	[#6:2]-[#7:1](-[#6:4](=[#7:3]-[#1])-[#7:6])-[#1]>>[#6:2]-[#7:1](-[#1])-[#1].[#7:3](-[#6:4](-[#7:6])=[#8])(-[#1])-[#1]	Any;Any
EVODEX.2-Cm390_0	Any	[#6:51]-[#6:49](=[#8:52])-[#16:1]-[#6:2]>>[#6:2]-[#16:1]-[#1].[#6:51]-[#6:49](=[#8:52])-[#8]-[#1]	Any;Any
EVODEX.2-Cm392_0	Any;Any	[#8:3]=[#6:1](-[#8:22]-[#1])-[#6:4].[#8:2](-[#1])-[#1]>>[#8:3]=[#6:1](-[#8:2]-[#1])-[#6:4].[#8]-[#15](=[#8])(-[#8:22]-[#1])-[#8]	Any;Any
EVODEX.2-Cm393_0	Any	[#6:101]-[#6:52](=[#8:102])-[#6:1](-[#6:2])(-[#1:196])-[#1:197]>>[#6:1](-[#6:2])(-[#1:196])(-[#1:197])-[#1].[#6:101]-[#6:52](=[#8:102])-[#16]-[#6]	Any;Any
EVODEX.2-Cm394_0	Any;Any	[#6:130]-[#6:124]1=[#6:129](-[#7:128](-[#6:133])-[#6:127](=[#6:126](-[#6:125]-1(-[#1:200])-[#1])-[#1:199])-[#1:198])-[#1:174].[#6:51]-[#6:49](=[#8:50])-[#16:1]-[#6:2]>>[#6:2]-[#16:1]-[#1].[#6:51]-[#6:49](-[#8:50]-[#1])(-[#1])-[#1].[#6:130]-[#6:124]1:[#6:125](:[#6:126](:[#6:127](:[#7&+:128](-[#6:133]):[#6:129]:1-[#1:174])-[#1:198])-[#1:199])-[#1:200]	Any;Any;Any
EVODEX.2-Cm395_0	Any;Any	([#8:46](-[#6:1](-[#6:8])(-[#1:48])-[#1:49])-[#1].[#6:5]-[#8:4]-[#1]).[#6:15]-[#6:3](-[#6:14])(-[#8:2]-[#1])-[#1:89]>>([#8:2](-[#6:1](-[#6:8])(-[#1:48])-[#1:49])-[#1].[#6:5]-[#8:4]-[#6:3](-[#6:15])(-[#6:14])-[#1:89]).[#8:46](-[#1])-[#1]	Any;Any
EVODEX.2-Cm397_0	Any	[#0:3]-[#6:1](=[#8:4])-[#8:5]-[#6:6]>>[#0:3]-[#6:1](=[#8:4])-[#8]-[#1].[#6:6]-[#8:5]-[#1]	Any;Any
EVODEX.2-Cm399_0	Any;Any	[#6:3]-[#16:2]-[#1].[#6:53]-[#7:52](-[#6:1](-[#6:50])=[#8:51])-[#1]>>[#6:50]-[#6:1](=[#8:51])-[#16:2]-[#6:3].[#6:53]-[#7:52](-[#1])-[#1]	Any;Any
EVODEX.2-Cm400_0	Any	[#6:4]-[#6:2]#[#7:1]>>[#6:4]-[#6:2](-[#7:1](-[#1])-[#1])=[#8]	Any
EVODEX.2-Cm401_0	Any;Any	[#0:51]-[#6:49](=[#8:52])-[#16]-[#6].[#6:53]-[#8:50]-[#1]>>[#0:51]-[#6:49](=[#8:52])-[#8:50]-[#6:53]	Any
EVODEX.2-Cm402_0	Any	[#0:50]-[#6:1](=[#8:51])-[#8:52]-[#6:53]>>[#0:50]-[#6:1](=[#8:51])-[#16]-[#6].[#6:53]-[#8:52]-[#1]	Any;Any
EVODEX.2-Cm403_0	Any;Any	[#8:3]-[#6:1](-[#8:13]-[#6:14])(-[#6:4])-[#1:31].[#8:2](-[#1])-[#1]>>[#6:4]-[#6:1](-[#8:2]-[#1])(-[#8:3])-[#1:31].[#6:14]-[#8:13]-[#1]	Any;Any
EVODEX.2-Cm404_0	Any	[#6:15]-[#6:3](-[#6:14])(-[#8:2]-[#1])-[#1:209]>>([#6:15]-[#6:3](-[#6:14])(-[#8]-[#6])-[#1:209].[#6]-[#6](-[#8:2]-[#1])(-[#1])-[#1])	Any
EVODEX.2-Cm405_0	Any;Any;Any;Any	[#6:3]-[#6:1](=[#8:4])-[#1].[#6:17]-[#6:11]1:[#6:16](:[#6:15](:[#6:14](:[#7&+:13](-[#6:20]):[#6:12]:1-[#1:127])-[#1:103])-[#1:102])-[#1:101].[#15:61]-[#8:59]-[#1].[#8:87]=[#15:60](-[#8:2]-[#1])(-[#8:88])-[#8:89]>>[#6:3]-[#6:1](=[#8:4])-[#8:2]-[#1].[#6:17]-[#6:11]1=[#6:12](-[#7:13](-[#6:20])-[#6:14](=[#6:15](-[#6:16]-1(-[#1:101])-[#1])-[#1:102])-[#1:103])-[#1:127].[#15:61]-[#8:59]-[#15:60](=[#8:87])(-[#8:88])-[#8:89]	Any;Any;Any
EVODEX.2-Cm406_0	Any;Any	[#8:3]=[#6:1](-[#8]-[#1])-[#6:4].[#8]=[#15](-[#8:2]-[#1])(-[#8])-[#8]>>[#8:3]=[#6:1](-[#8:2]-[#1])-[#6:4]	Any
EVODEX.2-Cm407_0	Any;Any	[#15:30]-[#8:28]-[#1].[#15]-[#8]-[#15:29](=[#8:46])(-[#8:47])-[#8:48]>>[#15:30]-[#8:28]-[#15:29](=[#8:46])(-[#8:47])-[#8:48]	Any
EVODEX.2-Cm408_0	Any;Any	[#6:3]-[#6:1](=[#8:4])-[#7:10](-[#6:11])-[#1].[#8:2](-[#1])-[#1]>>[#6:3]-[#6:1](=[#8:4])-[#8:2]-[#1].[#6:11]-[#7:10](-[#1])-[#1]	Any;Any
EVODEX.2-Cm409_0	Any;Any	[#6:50]-[#6:49](=[#8:51])-[#16]-[#6].[#6:59]-[#6:53]1=[#6:58](-[#7:57](-[#6:62])-[#6:56](=[#6:55](-[#6:54]-1(-[#1:164])-[#1])-[#1:163])-[#1:162])-[#1:139]>>[#6:50]-[#6:49](=[#8:51])-[#1].[#6:59]-[#6:53]1:[#6:54](:[#6:55](:[#6:56](:[#7&+:57](-[#6:62]):[#6:58]:1-[#1:139])-[#1:162])-[#1:163])-[#1:164]	Any;Any
EVODEX.2-Cm411_0	Any;Any	[#6:3]-[#6:1](-[#8]-[#15])(-[#1:46])-[#1:47].[#8:2](-[#1])-[#1]>>[#6:3]-[#6:1](-[#8:2]-[#1])(-[#1:46])-[#1:47]	Any
EVODEX.2-Cm412_0	Any;Any	([#15:79]-[#8:78]-[#6:1](-[#8:7])(-[#6:12])-[#1:111].[#6:5]-[#8:4]-[#1]).[#6:24]-[#8:2]-[#6:3](-[#8:14])(-[#6:15])-[#1:141]>>([#6:24]-[#8:2]-[#6:1](-[#8:7])(-[#6:12])-[#1:111].[#6:5]-[#8:4]-[#6:3](-[#8:14])(-[#6:15])-[#1:141]).[#15:79]-[#8:78]-[#1]	Any;Any
EVODEX.2-Cm413_0	Any;Any	[#6:3]-[#16:2]-[#6:56](=[#8:58])-[#6:59].[#8:50]=[#6:1](-[#8:57]-[#1])-[#6:51]>>[#6:3]-[#16:2]-[#6:1](=[#8:50])-[#6:51].[#8:58]=[#6:56](-[#8:57]-[#1])-[#6:59]	Any;Any
EVODEX.2-Cm414_0	Any	[#6](-[#7:28](-[#6:29])-[#6:30])(-[#1])(-[#1])-[#1]>>[#6:29]-[#7:28](-[#6:30])-[#1]	Any
EVODEX.2-Cm416_0	Any;Any	[#7:2](-[#6:11])(-[#1])-[#1].[#8]-[#15](=[#8])(-[#8])-[#8:20]-[#15:21]>>[#6]-[#6](=[#8])-[#7:2](-[#6:11])-[#1].[#15:21]-[#8:20]-[#1]	Any;Any
EVODEX.2-Cm417_0	Any	[#7](-[#6:1](-[#6:3])(-[#1:18])-[#1])(-[#1])-[#1]>>[#8]=[#6:1](-[#6:3])-[#1:18]	Any
EVODEX.2-Cm420_0	Any	[#7:2](-[#6:6](-[#6:8])(-[#6:9])-[#1])(-[#1])-[#1]>>[#7:2](-[#6](-[#6])(-[#1])-[#1])(-[#1])-[#1].[#6:8]-[#6:6](=[#8])-[#6:9]	Any;Any
EVODEX.2-Cm422_0	Any;Any	[#0:3]-[#6:1](=[#8:4])-[#8]-[#1].[#6:5]-[#7:2](-[#1])-[#1]>>[#0:3]-[#6:1](=[#8:4])-[#7:2](-[#6:5])-[#1]	Any
EVODEX.2-Cm423_0	Any	[#6:5]-[#7:2](-[#1])-[#1]>>[#0]-[#6](=[#8])-[#7:2](-[#6:5])-[#1]	Any
EVODEX.2-Cm424_0	Any;Any	[#6:27](-[#16&+](-[#6])-[#6])(-[#1:43])(-[#1:44])-[#1:45].[#6:29]-[#7:28](-[#6:30])-[#1]>>[#6:30]-[#7:28](-[#6:27](-[#1:43])(-[#1:44])-[#1:45])-[#6:29]	Any
EVODEX.2-Cm425_0	Any;Any	[#6]-[#16]-[#6:30](=[#8:32])-[#6:33].[#15:38]-[#8:31]-[#1]>>[#6:33]-[#6:30](=[#8:32])-[#8:31]-[#15:38]	Any
EVODEX.2-Cm427_0	Any	[#6:15]-[#8:13]-[#1]>>[#6:15]-[#8:13]-[#15](=[#8])(-[#8])-[#8]	Any
EVODEX.2-Cm432_0	Any	[#6:7]-[#7:6](-[#6:1](-[#6:3])(-[#1:25])-[#1])-[#1]>>[#6:3]-[#6:1](=[#8])-[#1:25].[#7:6](-[#6:7])(-[#1])-[#1]	Any;Any
EVODEX.2-Cm435_0	Any	[#6:11]-[#7:10](-[#6:1](=[#8:3])-[#6:4])-[#1]>>[#6:4]-[#6:1](=[#8:3])-[#8]-[#1].[#6:11]-[#7:10](-[#1])-[#1]	Any;Any
EVODEX.2-Cm436_0	Any;Any	[#6:9]-[#6:3](-[#6:1](-[#6:4])=[#8:5])(-[#1:76])-[#1:77].[#8:61]=[#8:2]>>[#6:9]-[#6:3](-[#8:2]-[#6:1](-[#6:4])=[#8:5])(-[#1:76])-[#1:77].[#8:61](-[#1])-[#1]	Any;Any
EVODEX.2-Cm437_0	Any;Any	[#6:9]-[#6:3](-[#6:1](-[#6:4])=[#8:5])(-[#1:76])-[#1:77].[#6:19]-[#6:13]1=[#6:18](-[#7:17](-[#6:22])-[#6:16](=[#6:15](-[#6:14]-1(-[#1:106])-[#1])-[#1:105])-[#1:104])-[#1:80]>>[#6:9]-[#6:3](-[#8]-[#6:1](-[#6:4])=[#8:5])(-[#1:76])-[#1:77].[#6:19]-[#6:13]1:[#6:14](:[#6:15](:[#6:16](:[#7&+:17](-[#6:22]):[#6:18]:1-[#1:80])-[#1:104])-[#1:105])-[#1:106]	Any;Any
EVODEX.2-Cm438_0	Any;Any	[#8:13](-[#6:1](-[#6:3])(-[#1:46])-[#1:47])-[#1].[#8:42]=[#15:15](-[#8:2]-[#1])(-[#8:43])-[#8:44]>>[#8:2](-[#6:1](-[#6:3])(-[#1:46])-[#1:47])-[#1].[#8:13](-[#1])-[#1].[#15]-[#8]-[#15:15](=[#8:42])(-[#8:43])-[#8:44]	Any;Any;Any
EVODEX.2-Cm439_0	Any;Any	[#8](-[#6:1](-[#6:3])(-[#1:46])-[#1:47])-[#1].[#8:42]=[#15:15](-[#8:2]-[#1])(-[#8:43])-[#8:44]>>[#8:2](-[#6:1](-[#6:3])(-[#1:46])-[#1:47])-[#1].[#15]-[#8]-[#15:15](=[#8:42])(-[#8:43])-[#8:44]	Any;Any
EVODEX.2-Cm440_0	Any;Any	[#6:16]-[#6:10]1=[#6:15](-[#7:14](-[#6:19])-[#6:13](=[#6:12](-[#6:11]-1(-[#1:86])-[#1])-[#1:85])-[#1:84])-[#1:60].[#6:3]-[#6:1](=[#7:2]-[#6:9])-[#6:4]>>[#6:3]-[#6:1](-[#6:4])(-[#7:2](-[#6:9])-[#1])-[#1].[#6:16]-[#6:10]1:[#6:11](:[#6:12](:[#6:13](:[#7&+:14](-[#6:19]):[#6:15]:1-[#1:60])-[#1:84])-[#1:85])-[#1:86]	Any;Any
EVODEX.2-Cm441_0	Any;Any	[#6:3]-[#6:1](-[#7:15](-[#1])-[#1])=[#8:4].[#8:2](-[#1])-[#1]>>[#6:3]-[#6:1](=[#8:4])-[#8:2]-[#1].[#7:15](-[#1])(-[#1])-[#1]	Any;Any
EVODEX.2-Cm442_0	Any	[#6:3]-[#6:1](-[#7](-[#1])-[#1])=[#8:4]>>[#6:3]-[#6:1](=[#8:4])-[#8]-[#1]	Any
EVODEX.2-Cm445_0	Any;Any	[#6:47]-[#6:45](-[#7:50](-[#1])-[#1])(-[#1:58])-[#1].[#6:7]-[#6:1]1:[#6:6](:[#6:5](:[#6:4](:[#7&+:3](-[#6:10]):[#6:2]:1-[#1:89])-[#1:66])-[#1:65])-[#1:64]>>[#6:7]-[#6:1]1=[#6:2](-[#7:3](-[#6:10])-[#6:4](=[#6:5](-[#6:6]-1(-[#1:64])-[#1])-[#1:65])-[#1:66])-[#1:89].[#6:47]-[#6:45](=[#8])-[#1:58].[#7:50](-[#1])(-[#1])-[#1]	Any;Any;Any
EVODEX.2-Cm447_0	Any;Any	[#6:3]-[#6:1](=[#8:4])-[#8:22]-[#15:24].[#8:28]-[#15:23](=[#8:29])(-[#8:2]-[#1])-[#8:30]>>[#6:3]-[#6:1](=[#8:4])-[#8:2]-[#1].[#8:28]-[#15:23](=[#8:29])(-[#8:30])-[#8:22]-[#15:24]	Any;Any
EVODEX.2-Cm448_0	Any;Any;Any	[#6:3]-[#6:1](=[#8])-[#1:23].[#7:2](-[#1])(-[#1])-[#1].[#8:12](-[#8:13]-[#1])-[#1]>>[#7:2](-[#6:1](-[#6:3])(-[#1:23])-[#1])(-[#1])-[#1].[#8:12]=[#8:13]	Any;Any
EVODEX.2-Cm450_0	Any;Any	([#6:17]-[#6:1](-[#8]-[#1])(-[#1:68])-[#1:69].[#6:5]-[#8:4]-[#1]).[#6:48]-[#6:3](-[#8:2]-[#1])(-[#8:49])-[#1:123]>>([#6:17]-[#6:1](-[#8:2]-[#1])(-[#1:68])-[#1:69].[#6:5]-[#8:4]-[#6:3](-[#8:49])(-[#6:48])-[#1:123])	Any
EVODEX.2-Cm451_0	Any	[#6:13]-[#6:11](=[#8])-[#1:57]>>[#6:13]-[#6:11](-[#8]-[#1])(-[#1:57])-[#1]	Any
EVODEX.2-Cm452_0	Any;Any	[#6:3]-[#6:1](-[#8:20]-[#1])(-[#6:4])-[#1:35].[#15:12]-[#8:2]-[#1]>>[#6:3]-[#6:1](-[#8:2]-[#15:12])(-[#6:4])-[#1:35].[#8:20](-[#1])-[#1]	Any;Any
EVODEX.2-Cm453_0	Any	[#6:51]-[#6:49](=[#8:50])-[#16:1]-[#6:2]>>[#6:2]-[#16:1]-[#1].[#6:51]-[#6:49](-[#8:50]-[#1])(-[#1])-[#1]	Any;Any
EVODEX.2-Cm454_0	Any;Any	[#6:3]-[#6:1](-[#8:27]-[#6:29])(-[#1:82])-[#1:83].[#8:49]-[#15:28](=[#8:50])(-[#8:2]-[#1])-[#8:51]>>[#6:3]-[#6:1](-[#8:2]-[#1])(-[#1:82])-[#1:83].[#6:29]-[#8:27]-[#15:28](=[#8:50])(-[#8:51])-[#8:49]	Any;Any
EVODEX.2-Cm456_0	Any	[#6:4]-[#6:1](=[#8:5])-[#6:3](-[#6:6])(-[#1:82])-[#1:83]>>[#6:4]-[#6:1](=[#8:5])-[#8]-[#6:3](-[#6:6])(-[#1:82])-[#1:83]	Any
EVODEX.2-Cm458_0	Any;Any;Any	[#7:6](-[#6:1](-[#6:3])(-[#1:11])-[#1])(-[#1])-[#1].[#8:2](-[#1])-[#1].[#8:7]=[#8:8]>>[#6:3]-[#6:1](=[#8:2])-[#1:11].[#7:6](-[#1])(-[#1])-[#1].[#8:7](-[#8:8]-[#1])-[#1]	Any;Any;Any
EVODEX.2-Cm460_0	Any;Any	([#6:23]-[#6:1](-[#8:92]-[#1])(-[#1:99])-[#1:100].[#6:5]-[#8:4]-[#1]).[#6:73]-[#6:3](-[#8:2]-[#1])(-[#6:74])-[#8:75]>>([#6:23]-[#6:1](-[#8:2]-[#1])(-[#1:99])-[#1:100].[#6:5]-[#8:4]-[#6:3](-[#6:74])(-[#6:73])-[#8:75]).[#8:92](-[#1])-[#1]	Any;Any
EVODEX.2-Cm461_0	Any	[#8:50]=[#6:1](-[#8:58]-[#1])-[#6:51]>>[#6]-[#16]-[#6:1](=[#8:50])-[#6:51].[#8]=[#6](-[#8:58]-[#1])-[#6]	Any;Any
EVODEX.2-Cm462_0	Any;Any	[#6:2]-[#6:1](=[#8:3])-[#8:72]-[#1].[#8:74]-[#15:73](=[#8:75])(-[#8:76])-[#8:63]-[#15:64]>>[#6:2]-[#6:1](=[#8:3])-[#1].[#15:64]-[#8:63]-[#1].[#8:74]-[#15:73](=[#8:75])(-[#8:72]-[#1])-[#8:76]	Any;Any;Any
EVODEX.2-Cm463_0	Any;Any	[#6:2]-[#6:1](=[#8:3])-[#8:72]-[#1].[#6:21]-[#6:15]1=[#6:20](-[#7:19](-[#6:24])-[#6:18](=[#6:17](-[#6:16]-1(-[#1:135])-[#1])-[#1:134])-[#1:133])-[#1:109]>>[#6:2]-[#6:1](=[#8:3])-[#1].[#6:21]-[#6:15]1:[#6:16](:[#6:17](:[#6:18](:[#7&+:19](-[#6:24]):[#6:20]:1-[#1:109])-[#1:133])-[#1:134])-[#1:135].[#8]-[#15](=[#8])(-[#8:72]-[#1])-[#8]	Any;Any;Any
EVODEX.2-Cm464_0	Any;Any	[#6:2]-[#6:1](=[#8:3])-[#8:72]-[#1].[#8:74]-[#15:73](=[#8:75])(-[#8:76])-[#8]-[#15]>>[#6:2]-[#6:1](=[#8:3])-[#1].[#8:74]-[#15:73](=[#8:75])(-[#8:72]-[#1])-[#8:76]	Any;Any
EVODEX.2-Cm465_0	Any	[#6:5]-[#8:4]-[#1]>>[#6:5]-[#8:4]-[#6](-[#6])(-[#6])-[#8]	Any
EVODEX.2-Cm466_0	Any	([#6:23]-[#6:1](-[#8:81]-[#1])(-[#1:88])-[#1:89].[#6:5]-[#8:4]-[#1])>>([#6:23]-[#6:1](-[#8]-[#1])(-[#1:88])-[#1:89].[#6:5]-[#8:4]-[#6](-[#6])(-[#6])-[#8]).[#8:81](-[#1])-[#1]	Any;Any
EVODEX.2-Cm467_0	Any;Any	[#8:3]=[#6:1](-[#8]-[#1])-[#6:4].[#7:2](-[#6:11])(-[#1])-[#1]>>[#6:11]-[#7:2](-[#6:1](=[#8:3])-[#6:4])-[#1]	Any
EVODEX.2-Cm469_0	Any	[#6:4]-[#6:1](-[#6:3])(-[#8:51]-[#1])-[#1:92]>>[#6:4]-[#6:1](-[#6:3])(-[#8]-[#1])-[#1:92].[#8]-[#15](=[#8])(-[#8:51]-[#1])-[#8]	Any;Any
EVODEX.2-Cm470_0	Any;Any	[#6:4]-[#6:1](-[#6:3])(-[#8:51]-[#1])-[#1:92].[#8:2](-[#1])-[#1]>>[#6:4]-[#6:1](-[#6:3])(-[#8:2]-[#1])-[#1:92].[#8]-[#15](=[#8])(-[#8:51]-[#1])-[#8]	Any;Any
EVODEX.2-Cm471_0	Any;Any	[#6:4]-[#6:1](-[#6:3])(-[#8:33]-[#15:35])-[#1:99].[#8:57]=[#15:34](-[#8:2]-[#1])(-[#8:58])-[#8:59]>>[#6:4]-[#6:1](-[#6:3])(-[#8:2]-[#1])-[#1:99].[#15:35]-[#8:33]-[#15:34](=[#8:57])(-[#8:58])-[#8:59]	Any;Any
EVODEX.2-Cm473_0	Any	[#6:3]-[#6:1](=[#8:4])-[#8:29]-[#6:31]>>[#6:3]-[#6:1](=[#8:4])-[#8]-[#1].[#6:31]-[#8:29]-[#15](=[#8])(-[#8])-[#8]	Any;Any
EVODEX.2-Cm477_0	Any;Any	[#6:51]-[#6:49](=[#8:52])-[#16:1]-[#6:2].[#7:66]-[#6:50](-[#6:67])(-[#6:72](=[#8:74])-[#8:73]-[#1])-[#1:141]>>[#6:2]-[#16:1]-[#1].[#6:51]-[#6:49](=[#8:52])-[#6:50](-[#7:66])(-[#6:67])-[#1:141].[#8:73]=[#6:72]=[#8:74]	Any;Any;Any
EVODEX.2-Cm478_0	Any	[#6:3](-[#8:2]-[#1])-[#6:1](-[#8:12]-[#1])(-[#6:9])-[#1:27]>>[#6:3]1-[#8:2]-[#6:1]-1(-[#6:9])-[#1:27].[#8:12](-[#1])-[#1]	Any;Any
EVODEX.2-Cm479_0	Any;Any	([#6:50]-[#6:1](-[#8]-[#1])(-[#1:139])-[#1:140].[#6:5]-[#8:4]-[#1]).[#6:113]-[#6:3](-[#8:2]-[#1])(-[#6:114])-[#8:115]>>([#6:50]-[#6:1](-[#8:2]-[#1])(-[#1:139])-[#1:140].[#6:5]-[#8:4]-[#6:3](-[#6:114])(-[#6:113])-[#8:115])	Any
EVODEX.2-Cm480_0	Any	[#6:29]-[#7:28](-[#6:1](-[#1:81])(-[#1:82])-[#1:83])-[#6:30]>>[#6:1](-[#16&+](-[#6])-[#6])(-[#1:81])(-[#1:82])-[#1:83].[#6:29]-[#7:28](-[#6:30])-[#1]	Any;Any
EVODEX.2-Cm481_0	Any;Any	[#8:3]-[#6:1](-[#8:17]-[#6:19])(-[#6:4])-[#1:58].[#8:30]-[#15:18](=[#8:31])(-[#8:2]-[#1])-[#8:32]>>[#8:3]-[#6:1](-[#8:2]-[#1])(-[#6:4])-[#1:58].[#8:30]-[#15:18](=[#8:31])(-[#8:32])-[#8:17]-[#6:19]	Any;Any
EVODEX.2-Cm482_0	Any;Any;Any	[#6]-[#6](-[#6])(-[#8:24]-[#6:25])-[#1].[#15:34]-[#8:32]-[#1].[#8:56]=[#15:33](-[#8]-[#1])(-[#8:57])-[#8:58]>>[#6:25]-[#8:24]-[#1].[#15:34]-[#8:32]-[#15:33](=[#8:56])(-[#8:57])-[#8:58]	Any;Any
EVODEX.2-Cm484_0	Any	[#6:1](-[#7:28](-[#6:29])-[#1])(-[#1:58])(-[#1:59])-[#1:60]>>[#6:1](-[#16&+](-[#6])-[#6])(-[#1:58])(-[#1:59])-[#1:60].[#7:28](-[#6:29])(-[#1])-[#1]	Any;Any
EVODEX.2-Cm485_0	Any;Any	[#7:4]-[#6:1](-[#6:5])(-[#1:19])-[#1].[#8:3]=[#6:2]=[#8:16]>>[#7:4]-[#6:1](-[#6:5])(-[#6:2](=[#8:16])-[#8:3]-[#1])-[#1:19]	Any
EVODEX.2-Cm486_0	Any	([#6:3]-[#8:2]-[#1].[#6:9]-[#6:1](=[#8:11])-[#8:12]-[#1])>>[#6:3]-[#8:2]-[#6:1](=[#8:11])-[#6:9].[#8:12](-[#1])-[#1]	Any;Any
EVODEX.2-Cm487_0	Any	[#6:53]-[#8:50]-[#1]>>[#6:53]-[#8:50]-[#6](-[#0])=[#8]	Any
EVODEX.2-Cm488_0	Any;Any	[#6:3]-[#16:2]-[#6:4].[#6:1](-[#7:28](-[#6:29])-[#1])(-[#1:59])(-[#1:60])-[#1:61]>>[#6:1](-[#16&+:2](-[#6:4])-[#6:3])(-[#1:59])(-[#1:60])-[#1:61].[#7:28](-[#6:29])(-[#1])-[#1]	Any;Any
EVODEX.2-Cm491_0	Any;Any;Any	[#6:3]-[#6:1](-[#0&2*:4])(-[#8]-[#1])-[#1:47].[#8:2](-[#1])-[#1].[#8]-[#15](=[#8])(-[#8])-[#8:11]-[#15:12]>>[#6:3]-[#6:1](-[#0&2*:4])(-[#8:2]-[#1])-[#1:47].[#15:12]-[#8:11]-[#1]	Any;Any
EVODEX.2-Cm493_0	Any	[#8:3]-[#6:1](-[#8:16]-[#15:18])(-[#6:4])-[#1:52]>>[#8:3]-[#6:1](-[#8]-[#15])(-[#6:4])-[#1:52].[#15:18]-[#8:16]-[#15](=[#8])(-[#8])-[#8]	Any;Any
EVODEX.2-Cm494_0	Any;Any	([#8](-[#6:1](-[#6:8])(-[#1:44])-[#1:45])-[#1].[#6:5]-[#8:4]-[#1]).[#6:14]-[#6:3](-[#8:2]-[#1])(-[#6:15])-[#1:79]>>([#6:14]-[#6:3](-[#8:4]-[#6:5])(-[#6:15])-[#1:79].[#6:8]-[#6:1](-[#8:2]-[#1])(-[#1:44])-[#1:45])	Any
EVODEX.2-Cm495_0	Any	[#6:2]-[#6:1](-[#7:3])(-[#6:7](=[#8:9])-[#8:8]-[#1])-[#1:18]>>[#7:3]-[#6:1](-[#6:2])(-[#1:18])-[#1].[#8:8]=[#6:7]=[#8:9]	Any;Any
EVODEX.2-Cm496_0	Any;Any	[#8:3]=[#6:1](-[#6:4])-[#1].[#8:2](-[#1])-[#1]>>[#6:4]-[#6:1](=[#8:3])-[#8:2]-[#1]	Any
EVODEX.2-Cm497_0	Any;Any	[#7:1](-[#6:4])(-[#1])-[#1].[#7:3](-[#6:2](-[#7:9])=[#8])(-[#1])-[#1]>>[#7:3](=[#6:2](-[#7:9])-[#7:1](-[#6:4])-[#1])-[#1]	Any
EVODEX.2-Cm499_0	Any;Any	[#7:3]=[#6:1](-[#7:4])-[#7:13](-[#6:14])-[#1].[#7:2](-[#6:5])(-[#1])-[#1]>>[#7:3]=[#6:1](-[#7:4])-[#7:2](-[#6:5])-[#1].[#7:13](-[#6:14])(-[#1])-[#1]	Any;Any
EVODEX.2-Cm500_0	Any;Any;Any	[#6:53](-[#16&+:1](-[#6:2])-[#6:3])(-[#1:76])(-[#1:77])-[#1:78].[#6:55](-[#16&+:27](-[#6:28])-[#6:29])(-[#1:99])(-[#1:100])-[#1:101].[#6:56]-[#7:54](-[#1])-[#1]>>[#6:3]-[#16:1]-[#6:2].[#6:29]-[#16:27]-[#6:28].[#6:56]-[#7:54](-[#6:53](-[#1:76])(-[#1:77])-[#1:78])-[#6:55](-[#1:99])(-[#1:100])-[#1:101]	Any;Any;Any
EVODEX.2-Cm502_0	Any	[#6:3]-[#6:1](-[#8:26]-[#1])(-[#6:4])-[#1:65]>>[#6:3]-[#6:1](-[#8]-[#16])(-[#6:4])-[#1:65].[#8]-[#15](=[#8])(-[#8:26]-[#1])-[#8]	Any;Any
EVODEX.2-Cm504_0	Any;Any;Any	[#6:1](-[#6:3])(-[#1:56])(-[#1:57])-[#1].[#6:13]-[#6:7]1=[#6:12](-[#7:11](-[#6:16])-[#6:10](=[#6:9](-[#6:8]-1(-[#1:94])-[#1])-[#1:93])-[#1:92])-[#1:68].[#8:2]=[#8:55]>>[#6:3]-[#6:1](-[#8:2]-[#1])(-[#1:56])-[#1:57].[#6:13]-[#6:7]1:[#6:8](:[#6:9](:[#6:10](:[#7&+:11](-[#6:16]):[#6:12]:1-[#1:68])-[#1:92])-[#1:93])-[#1:94].[#8:55](-[#1])-[#1]	Any;Any;Any
EVODEX.2-Cm505_0	Any;Any;Any	[#6:1](-[#6:3])(-[#1:56])(-[#1:57])-[#1].[#6:13]-[#6:7]1=[#6:12](-[#7:11](-[#6:16])-[#6:10](=[#6:9](-[#6:8]-1(-[#1:94])-[#1])-[#1:93])-[#1:92])-[#1:68].[#8:2]=[#8]>>[#6:3]-[#6:1](-[#8:2]-[#1])(-[#1:56])-[#1:57].[#6:13]-[#6:7]1:[#6:8](:[#6:9](:[#6:10](:[#7&+:11](-[#6:16]):[#6:12]:1-[#1:68])-[#1:92])-[#1:93])-[#1:94]	Any;Any
EVODEX.2-Cm506_0	Any;Any	[#6:1](-[#6:3])(-[#1:56])(-[#1:57])-[#1].[#8:2]=[#8]>>[#6:3]-[#6:1](-[#8:2]-[#1])(-[#1:56])-[#1:57]	Any
EVODEX.2-Cm507_0	Any	[#8:2](-[#6:5]-[#6:6]-[#8:1]-[#6:3](-[#8:4]-[#1])(-[#6:8])-[#1])-[#1]>>[#8:4]=[#6:3](-[#8:2]-[#6:5]-[#6:6]-[#8:1]-[#1])-[#6:8]	Any
EVODEX.2-Cm509_0	Any;Any	[#6:3]-[#6:1](-[#8:37]-[#1])(-[#6:4])-[#1:71].[#8:39]-[#15:38](=[#8:40])(-[#8:41])-[#8:2]-[#6:26]>>[#6:3]-[#6:1](-[#6:4])(-[#8:2]-[#6:26])-[#1:71].[#8:39]-[#15:38](=[#8:40])(-[#8:37]-[#1])-[#8:41]	Any;Any
EVODEX.2-Cm510_0	Any	[#7:2]-[#6:1](-[#6:3])(-[#6](=[#8])-[#8])-[#1:14]>>[#7:2]-[#6:1](-[#6:3])(-[#1:14])-[#1]	Any
EVODEX.2-Cm511_0	Any;Any	[#6:3]-[#16:2]-[#1].[#0:50]-[#6:1](=[#8:51])-[#8:52]-[#6:53]>>[#0:50]-[#6:1](=[#8:51])-[#16:2]-[#6:3].[#6:53]-[#8:52]-[#1]	Any;Any
EVODEX.2-Cm512_0	Any;Any	[#6:3]-[#6:1](=[#8:4])-[#8]-[#6].[#6:21]-[#8:2]-[#1]>>[#6:3]-[#6:1](=[#8:4])-[#8:2]-[#6:21]	Any
EVODEX.2-Cm513_0	Any	[#8:12]=[#6:10](-[#8:11]-[#1])-[#6:1](=[#8:2])-[#6:3]>>[#8:2]=[#6:1](-[#6:3])-[#1].[#8:11]=[#6:10]=[#8:12]	Any;Any
EVODEX.2-Cm514_0	Any	[#6:2]-[#16:1]-[#6:30](=[#8:32])-[#6:33]>>[#6:2]-[#16:1]-[#1].[#6:33]-[#6:30](=[#8:32])-[#8]-[#15]	Any;Any
EVODEX.2-Cm515_0	Any	[#6:3]-[#6:1](-[#8:76]-[#1])(-[#6:4])-[#1:118]>>[#6:3]-[#6:1](-[#8]-[#1])(-[#6:4])-[#1:118].[#8:76](-[#1])-[#1]	Any;Any
EVODEX.2-Cm516_0	Any;Any	[#6:51]-[#6:49](=[#8:52])-[#16:1]-[#6:2].[#6:65]-[#6:50](-[#6:96](=[#8:98])-[#8:97]-[#1])(-[#1:186])-[#1:187]>>[#6:2]-[#16:1]-[#1].[#6:65]-[#6:50](-[#6:49](=[#8:52])-[#6:51])(-[#1:186])-[#1:187].[#8:97]=[#6:96]=[#8:98]	Any;Any;Any
EVODEX.2-Cm517_0	Any	[#6:4]-[#6:2]1(-[#8:1]-[#6:5]-1)-[#1:38]>>[#6:4]-[#6:2](-[#8]-[#1])(-[#6:5]-[#8:1]-[#1])-[#1:38]	Any
EVODEX.2-Cm518_0	Any;Any	[#7:4](-[#6:1](=[#8:3])-[#7:5](-[#6:6])-[#1])(-[#1])-[#1].[#8:2](-[#1])-[#1]>>[#8:2]=[#6:1]=[#8:3].[#7:4](-[#1])(-[#1])-[#1].[#7:5](-[#6:6])(-[#1])-[#1]	Any;Any;Any
EVODEX.2-Cm520_0	Any;Any	[#6:2]-[#6:1](-[#8]-[#1])(-[#1:122])-[#1:123].[#6:37]-[#6:31]1:[#6:36](:[#6:35](:[#6:34](:[#7&+:33](-[#6:40]):[#6:32]:1-[#1:157])-[#1:133])-[#1:132])-[#1:131]>>[#6:2]-[#6:1](-[#1:122])(-[#1:123])-[#1].[#6:37]-[#6:31]1=[#6:32](-[#7:33](-[#6:40])-[#6:34](=[#6:35](-[#6:36]-1(-[#1:131])-[#1])-[#1:132])-[#1:133])-[#1:157]	Any;Any
EVODEX.2-Cm521_0	Any	[#8]=[#6](-[#8])-[#6:1](-[#8:2])(-[#6:3])-[#1:39]>>[#8:2]-[#6:1](-[#6:3])(-[#1:39])-[#1]	Any
EVODEX.2-Cm522_0	Any;Any	[#8:14]=[#6:1](-[#6:3])-[#1:17].[#7:2](-[#1])(-[#1])-[#1]>>[#7:2](-[#6:1](-[#6:3])(-[#1:17])-[#1])(-[#1])-[#1].[#8:14](-[#1])-[#1]	Any;Any
EVODEX.2-Cm523_0	Any;Any	[#6]-[#6](-[#6])(-[#8:34]-[#15:36])-[#1].[#8:55]=[#15:35](-[#8]-[#1])(-[#8:56])-[#8:57]>>[#15:36]-[#8:34]-[#15:35](=[#8:55])(-[#8:56])-[#8:57]	Any
EVODEX.2-Cm524_0	Any	[#7:2](-[#6:5])(-[#1])-[#1]>>[#6:5]-[#7:2](-[#6](-[#7])=[#8])-[#1]	Any
EVODEX.2-Cm525_0	Any	[#6:14]-[#6:12](-[#8:21]-[#16:22])(-[#1:47])-[#1]>>[#6:14]-[#6:12](=[#8])-[#1:47].[#16:22]-[#8:21]-[#1]	Any;Any
EVODEX.2-Cm526_0	Any;Any	[#6]-[#6](-[#6])(-[#8:24]-[#6:25])-[#1].[#15:33]-[#8:31]-[#1]>>[#6:25]-[#8:24]-[#1].[#15:33]-[#8:31]-[#15](=[#8])(-[#8])-[#8]	Any;Any
EVODEX.2-Cm527_0	Any;Any;Any	[#7](-[#6:1](-[#6:3])(-[#1:17])-[#1])(-[#1])-[#1].[#8:2](-[#1])-[#1].[#8:13]=[#8:14]>>[#8:2]=[#6:1](-[#6:3])-[#1:17].[#8:13](-[#8:14]-[#1])-[#1]	Any;Any
EVODEX.2-Cm529_0	Any;Any	[#6:8]-[#6:6](-[#7](-[#1])-[#1])(-[#6:9])-[#1].[#8:7]=[#6](-[#6])-[#1]>>[#6:8]-[#6:6](=[#8:7])-[#6:9]	Any
EVODEX.2-Cm530_0	Any;Any	[#6:4]-[#8:2]-[#1].[#6:14]-[#8:1]-[#15:3](=[#8:54])(-[#8:55])-[#8:19]>>([#6:4]-[#8:2]-[#15:3](=[#8:54])(-[#8:55])-[#8:19].[#6:14]-[#8:1]-[#1])	Any
EVODEX.2-Cm531_0	Any;Any	[#6:55]-[#6:50](=[#8:49])-[#6:56].[#8:53](-[#1])-[#1]>>[#6:55]-[#6:50](-[#8:49]-[#1])(-[#6](-[#6](=[#8])-[#8:53]-[#1])(-[#1])-[#1])-[#6:56]	Any
EVODEX.2-Cm532_0	Any	[#6:3]-[#6:1](-[#8:30]-[#16:32])(-[#6:4])-[#1:77]>>[#6:3]-[#6:1](-[#8]-[#1])(-[#6:4])-[#1:77].[#8]-[#15](=[#8])(-[#8])-[#8:30]-[#16:32]	Any;Any
EVODEX.2-Cm533_0	Any;Any	[#6:58]-[#6:55](-[#6:1](=[#8:50])-[#6:51])(-[#1:151])-[#1:152].[#8:57]=[#6:56]=[#8:89]>>[#6:51]-[#6:1](=[#8:50])-[#16]-[#6].[#6:58]-[#6:55](-[#6:56](=[#8:89])-[#8:57]-[#1])(-[#1:151])-[#1:152]	Any;Any
EVODEX.2-Cm534_0	Any;Any	([#6:17]-[#6:1](-[#8]-[#15])(-[#6:20])-[#8:11].[#6:5]-[#8:4]-[#1]).[#6:42]-[#8:2]-[#6:3](-[#6:23])(-[#6:24])-[#8:25]>>([#6:42]-[#8:2]-[#6:1](-[#6:20])(-[#6:17])-[#8:11].[#6:5]-[#8:4]-[#6:3](-[#6:23])(-[#6:24])-[#8:25])	Any
EVODEX.2-Cm535_0	Any	[#6:42]-[#8:2]-[#6:3](-[#6:23])(-[#6:24])-[#8:25]>>([#6:42]-[#8:2]-[#6](-[#6])(-[#6])-[#8].[#6]-[#8]-[#6:3](-[#6:23])(-[#6:24])-[#8:25])	Any
EVODEX.2-Cm536_0	Any;Any	([#15]-[#8]-[#6:1](-[#8:8])(-[#6:11])-[#1:91].[#6:5]-[#8:4]-[#1]).[#6:35]-[#8:2]-[#6:3](-[#8:14])(-[#6:15])-[#1:111]>>([#6:35]-[#8:2]-[#6:1](-[#8:8])(-[#6:11])-[#1:91].[#6:5]-[#8:4]-[#6:3](-[#8:14])(-[#6:15])-[#1:111])	Any
EVODEX.2-Cm537_0	Any;Any	[#6:27](-[#16&+:1](-[#6:2])-[#6:3])(-[#1:51])(-[#1:52])-[#1:53].[#6:29]-[#7:28](-[#6:30])-[#1]>>[#6:3]-[#16:1]-[#6:2].[#6:29]-[#7:28](-[#6:27](-[#1:51])(-[#1:52])-[#1:53])-[#6:30]	Any;Any
EVODEX.2-Cm538_0	Any;Any;Any	[#6:56]-[#7:55](-[#6:45](-[#6:47])(-[#6:48])-[#1])-[#1].[#6:7]-[#6:1]1:[#6:6](:[#6:5](:[#6:4](:[#7&+:3](-[#6:10]):[#6:2]:1-[#1:103])-[#1:80])-[#1:79])-[#1:78].[#8:46](-[#1])-[#1]>>[#6:7]-[#6:1]1=[#6:2](-[#7:3](-[#6:10])-[#6:4](=[#6:5](-[#6:6]-1(-[#1:78])-[#1])-[#1:79])-[#1:80])-[#1:103].[#6:47]-[#6:45](=[#8:46])-[#6:48].[#7:55](-[#6:56])(-[#1])-[#1]	Any;Any;Any
EVODEX.2-Cm539_0	Any	[#6:56]-[#7:55](-[#6:45](-[#6:47])(-[#6:48])-[#1])-[#1]>>[#6:47]-[#6:45](=[#8])-[#6:48].[#7:55](-[#6:56])(-[#1])-[#1]	Any;Any
EVODEX.2-Cm540_0	Any;Any;Any	[#6:4]-[#6:1](-[#6:3])(-[#8:24]-[#6:25])-[#1:76].[#15:36]-[#8:34]-[#1].[#8:58]=[#15:35](-[#8:2]-[#1])(-[#8:59])-[#8:60]>>[#6:4]-[#6:1](-[#6:3])(-[#8:2]-[#1])-[#1:76].[#6:25]-[#8:24]-[#1].[#15:36]-[#8:34]-[#15:35](=[#8:58])(-[#8:59])-[#8:60]	Any;Any;Any
EVODEX.2-Cm541_0	Any;Any	[#6:3]-[#6:1](-[#7:11](-[#6:12])-[#1])(-[#1:32])-[#1].[#8:2](-[#1])-[#1]>>[#6:3]-[#6:1](=[#8:2])-[#1:32].[#7:11](-[#6:12])(-[#1])-[#1]	Any;Any
EVODEX.2-Cm542_0	Any;Any	[#6:3]-[#6:1](-[#8:37]-[#15:39])(-[#6:4])-[#1:77].[#8:47]-[#15:38](=[#8:48])(-[#8:49])-[#8:2]-[#15:33]>>[#6:3]-[#6:1](-[#8:2]-[#15:33])(-[#6:4])-[#1:77].[#8:47]-[#15:38](=[#8:48])(-[#8:49])-[#8:37]-[#15:39]	Any;Any
EVODEX.2-Cm543_0	Any;Any	[#8:4]=[#6:1](-[#6:5])-[#1].[#8:3]=[#6:2]=[#8:15]>>[#8:15]=[#6:2](-[#8:3]-[#1])-[#6:1](=[#8:4])-[#6:5]	Any
EVODEX.2-Cm544_0	Any;Any	[#6:3]-[#6:1](=[#8:4])-[#8:11]-[#1].[#6:7]-[#7:2](-[#1])-[#1]>>[#6:3]-[#6:1](=[#8:4])-[#7:2](-[#6:7])-[#1].[#8:11](-[#1])-[#1]	Any;Any
EVODEX.2-Cm545_0	Any;Any;Any	[#8:10]=[#6:2]=[#8:4].[#7:1](-[#1])(-[#1])-[#1].[#7:3](-[#6:5])(-[#1])-[#1]>>[#7:1](-[#6:2](=[#8:4])-[#7:3](-[#6:5])-[#1])(-[#1])-[#1].[#8:10](-[#1])-[#1]	Any;Any
EVODEX.2-Cm546_0	Any;Any	[#6:3]-[#6:1](=[#8:4])-[#8]-[#1].[#8:2](-[#1])-[#1]>>[#6:3]-[#6:1](=[#8:4])-[#8:2]-[#1]	Any
EVODEX.2-Cm548_0	Any	[#0&1*:3]-[#6:1](=[#8:4])-[#7:5](-[#6:6])-[#1]>>[#0&1*:3]-[#6:1](=[#8:4])-[#8]-[#1].[#7:5](-[#6:6])(-[#1])-[#1]	Any;Any
EVODEX.2-Cm549_0	Any;Any;Any	[#6:3]-[#6:1](-[#7:6](-[#6:7])-[#1])(-[#1:24])-[#1].[#8:2](-[#1])-[#1].[#8:16]=[#8:17]>>[#6:3]-[#6:1](=[#8:2])-[#1:24].[#7:6](-[#6:7])(-[#1])-[#1].[#8:16](-[#8:17]-[#1])-[#1]	Any;Any;Any
EVODEX.2-Cm550_0	Any	[#6:3]-[#6:1](-[#8:27]-[#15:28])(-[#6:4])-[#1:45]>>[#6:4]-[#6:1](-[#8]-[#1])(-[#6:3])-[#1:45].[#15:28]-[#8:27]-[#1]	Any;Any
EVODEX.2-Cm552_0	Any;Any	[#15:44]-[#8:43]-[#6:1](-[#6:3])(-[#6:4])-[#1:63].[#8:2](-[#1])-[#1]>>[#6:3]-[#6:1](-[#8:2]-[#1])(-[#6:4])-[#1:63].[#15:44]-[#8:43]-[#1]	Any;Any
EVODEX.2-Cm553_0	Any	[#7]=[#6](-[#7])-[#7:1](-[#6:2])-[#1]>>[#7:1](-[#6:2])(-[#1])-[#1]	Any
EVODEX.2-Cm554_0	Any;Any;Any	[#8](-[#6:1](-[#6:3])(-[#1:57])-[#1:58])-[#1].[#15:27]-[#8:25]-[#1].[#8:53]=[#15:26](-[#8:2]-[#1])(-[#8:54])-[#8:55]>>[#8:2](-[#6:1](-[#6:3])(-[#1:57])-[#1:58])-[#1].[#15:27]-[#8:25]-[#15:26](=[#8:53])(-[#8:54])-[#8:55]	Any;Any
EVODEX.2-Cm555_0	Any	[#6:56]-[#7:55](-[#6](-[#6])(-[#6])-[#1])-[#1]>>[#6:56]-[#7:55](-[#1])-[#1]	Any
EVODEX.2-Cm557_0	Any;Any	[#6:3]-[#6:1](=[#8:4])-[#8:6]-[#1].[#7:2](-[#1])(-[#1])-[#1]>>[#6:3]-[#6:1](-[#7:2](-[#1])-[#1])=[#8:4].[#8:6](-[#1])-[#1]	Any;Any
EVODEX.2-Cm558_0	Any;Any	[#15]-[#8]-[#6:1](-[#8:3])(-[#6:4])-[#1:52].[#15:15]-[#8:2]-[#15](=[#8])(-[#8])-[#8]>>[#15:15]-[#8:2]-[#6:1](-[#8:3])(-[#6:4])-[#1:52]	Any
EVODEX.2-Cm559_0	Any;Any	[#6:3]-[#6:1](-[#8]-[#1])(-[#6:4])-[#1:95].[#8:64]=[#15:37](-[#8:2]-[#1])(-[#8:65])-[#8:66]>>[#6:3]-[#6:1](-[#8:2]-[#1])(-[#6:4])-[#1:95].[#15]-[#8]-[#15:37](=[#8:64])(-[#8:65])-[#8:66]	Any;Any
EVODEX.2-Cm561_0	Any;Any	[#6:3]-[#6:1](-[#8:28]-[#15:29])(-[#1:47])-[#1:48].[#15:20]-[#8:2]-[#1]>>[#6:3]-[#6:1](-[#8:2]-[#15:20])(-[#1:47])-[#1:48].[#15:29]-[#8:28]-[#1]	Any;Any
EVODEX.2-Cm562_0	Any	[#6:14]-[#7:13](-[#6:1](=[#7:3])-[#7:4])-[#1]>>[#7:3]=[#6:1](-[#7:4])-[#7](-[#6])-[#1].[#6:14]-[#7:13](-[#1])-[#1]	Any;Any
EVODEX.2-Cm563_0	Any;Any	[#6:52]-[#7:51](-[#6:45](-[#6:47])(-[#6:48])-[#1])-[#1].[#6:7]-[#6:1]1:[#6:6](:[#6:5](:[#6:4](:[#7&+:3](-[#6:10]):[#6:2]:1-[#1:101])-[#1:78])-[#1:77])-[#1:76]>>[#6:7]-[#6:1]1=[#6:2](-[#7:3](-[#6:10])-[#6:4](=[#6:5](-[#6:6]-1(-[#1:76])-[#1])-[#1:77])-[#1:78])-[#1:101].[#6:47]-[#6:45](=[#8])-[#6:48].[#6:52]-[#7:51](-[#1])-[#1]	Any;Any;Any
EVODEX.2-Cm564_0	Any;Any	[#6:3]-[#6:1](=[#8:2])-[#1:71].[#8:43](-[#8:44]-[#1])-[#1]>>[#6:3]-[#6:1](-[#8:2]-[#1])(-[#1:71])-[#1].[#8:43]=[#8:44]	Any;Any
EVODEX.2-Cm565_0	Any;Any;Any	[#6:47]-[#6:45](-[#7:51](-[#1])-[#1])(-[#1:61])-[#1].[#6:7]-[#6:1]1:[#6:6](:[#6:5](:[#6:4](:[#7&+:3](-[#6:10]):[#6:2]:1-[#1:92])-[#1:69])-[#1:68])-[#1:67].[#8:46](-[#1])-[#1]>>[#6:7]-[#6:1]1=[#6:2](-[#7:3](-[#6:10])-[#6:4](=[#6:5](-[#6:6]-1(-[#1:67])-[#1])-[#1:68])-[#1:69])-[#1:92].[#6:47]-[#6:45](=[#8:46])-[#1:61].[#7:51](-[#1])(-[#1])-[#1]	Any;Any;Any
EVODEX.2-Cm566_0	Any	[#6]-[#6](-[#6])(-[#8:34]-[#15:36])-[#1]>>[#15:36]-[#8:34]-[#15](=[#8])(-[#8])-[#8]	Any
EVODEX.2-Cm567_0	Any;Any	[#6:4]-[#6:1](-[#6:3])(-[#8:24]-[#6:25])-[#1:73].[#8:55]=[#15:32](-[#8:2]-[#1])(-[#8:56])-[#8:57]>>[#6:4]-[#6:1](-[#6:3])(-[#8:2]-[#1])-[#1:73].[#6:25]-[#8:24]-[#1].[#15]-[#8]-[#15:32](=[#8:55])(-[#8:56])-[#8:57]	Any;Any;Any
EVODEX.2-Cm568_0	Any	[#6:3]-[#6:1](-[#8:29]-[#16:31])(-[#1:68])-[#1:69]>>[#6:3]-[#6:1](-[#8]-[#1])(-[#1:68])-[#1:69].[#8]-[#15](=[#8])(-[#8])-[#8:29]-[#16:31]	Any;Any
EVODEX.2-Cm569_0	Any	[#6:29]-[#7:28](-[#6:30])-[#1]>>[#6:29]-[#7:28](-[#6](-[#1])(-[#1])-[#1])-[#6:30]	Any
EVODEX.2-Cm570_0	Any;Any;Any	[#6:3]-[#6:1](=[#8:4])-[#1].[#6:12]-[#6:6]1:[#6:11](:[#6:10](:[#6:9](:[#7&+:8](-[#6:15]):[#6:7]:1-[#1:119])-[#1:95])-[#1:94])-[#1:93].[#15:56]-[#8:54]-[#1]>>[#6:3]-[#6:1](=[#8:4])-[#8]-[#1].[#6:12]-[#6:6]1=[#6:7](-[#7:8](-[#6:15])-[#6:9](=[#6:10](-[#6:11]-1(-[#1:93])-[#1])-[#1:94])-[#1:95])-[#1:119].[#15:56]-[#8:54]-[#15](=[#8])(-[#8])-[#8]	Any;Any;Any
EVODEX.2-Cm571_0	Any;Any;Any	[#6:3]-[#6:1](=[#8:10])-[#1:19].[#7:2](-[#1])(-[#1])-[#1].[#8:11](-[#8:12]-[#1])-[#1]>>[#6:3]-[#6:1](-[#7:2](-[#1])-[#1])(-[#1:19])-[#1].[#8:10](-[#1])-[#1].[#8:11]=[#8:12]	Any;Any;Any
EVODEX.2-Cm572_0	Any	[#6:2]-[#8:1]-[#15:127](=[#8:139])(-[#8:140])-[#8:141]>>[#6:2]-[#8:1]-[#1].[#6]-[#8]-[#15:127](=[#8:139])(-[#8:140])-[#8:141]	Any;Any
EVODEX.2-Cm573_0	Any;Any	[#6:3]-[#16:2]-[#1].[#6:31]-[#6:1](=[#8:32])-[#8]-[#15]>>[#6:3]-[#16:2]-[#6:1](=[#8:32])-[#6:31]	Any
EVODEX.2-Cm574_0	Any;Any;Any	[#6:26]-[#6:20]1=[#6:25](-[#7:24](-[#6:29])-[#6:23](=[#6:22](-[#6:21]-1(-[#1:92])-[#1])-[#1:91])-[#1:90])-[#1:67].[#6:3]-[#6:1](=[#8:64])-[#6:4].[#7:2](-[#6:11])(-[#1])-[#1]>>[#6:11]-[#7:2](-[#6:1](-[#6:3])(-[#6:4])-[#1])-[#1].[#6:26]-[#6:20]1:[#6:21](:[#6:22](:[#6:23](:[#7&+:24](-[#6:29]):[#6:25]:1-[#1:67])-[#1:90])-[#1:91])-[#1:92].[#8:64](-[#1])-[#1]	Any;Any;Any
EVODEX.2-Cm575_0	Any;Any	[#8:3]=[#6:1](-[#7:4](-[#6:5])-[#1])-[#1:12].[#8:2](-[#1])-[#1]>>[#8:3]=[#6:1](-[#8:2]-[#1])-[#1:12].[#7:4](-[#6:5])(-[#1])-[#1]	Any;Any
EVODEX.2-Cm576_0	Any	[#8]=[#6](-[#7:4](-[#6:5])-[#1])-[#1]>>[#7:4](-[#6:5])(-[#1])-[#1]	Any
EVODEX.2-Cm577_0	Any;Any	[#0&1*:3]-[#6:1](=[#8:4])-[#8:13]-[#1].[#7:2](-[#6:5])(-[#1])-[#1]>>[#0&1*:3]-[#6:1](=[#8:4])-[#7:2](-[#6:5])-[#1].[#8:13](-[#1])-[#1]	Any;Any
EVODEX.2-Cm578_0	Any;Any	[#6:3]-[#16:2]-[#6:4].[#6:29]-[#7:28](-[#6:1](-[#1:94])(-[#1:95])-[#1:96])-[#6:30]>>[#6:1](-[#16&+:2](-[#6:4])-[#6:3])(-[#1:94])(-[#1:95])-[#1:96].[#6:29]-[#7:28](-[#6:30])-[#1]	Any;Any
EVODEX.2-Cm579_0	Any;Any	[#6:3]-[#6:1](=[#8:4])-[#7](-[#6])-[#1].[#8]=[#15](-[#8:2]-[#1])(-[#8])-[#8]>>[#6:3]-[#6:1](=[#8:4])-[#8:2]-[#1]	Any
EVODEX.2-Cm582_0	Any;Any	[#6:1](=[#6:2](-[#8:3]-[#15:8](=[#8:9])(-[#8:10])-[#8:11])-[#6:4])(-[#1:28])-[#1:29].[#15:12]-[#8:7]-[#1]>>[#6:1](-[#6:2](=[#8:3])-[#6:4])(-[#1:28])(-[#1:29])-[#1].[#15:12]-[#8:7]-[#15:8](=[#8:9])(-[#8:10])-[#8:11]	Any;Any
EVODEX.2-Cm583_0	Any;Any	[#7:1](-[#6:4])(-[#1])-[#1].[#7:3](-[#6:2](-[#7:10])=[#8:11])(-[#1])-[#1]>>[#7:3](=[#6:2](-[#7:10])-[#7:1](-[#6:4])-[#1])-[#1].[#8:11](-[#1])-[#1]	Any;Any
EVODEX.2-Cm584_0	Any;Any	[#8:10]=[#6:1](-[#6:3])-[#1:13].[#8:11](-[#8:12]-[#1])-[#1]>>[#7](-[#6:1](-[#6:3])(-[#1:13])-[#1])(-[#1])-[#1].[#8:10](-[#1])-[#1].[#8:11]=[#8:12]	Any;Any;Any
EVODEX.2-Cm585_0	Any;Any	[#15:30]-[#8:28]-[#1].[#15:2]-[#8:1]-[#15:29](=[#8:56])(-[#8:57])-[#8:58]>>[#15:2]-[#8:1]-[#1].[#15:30]-[#8:28]-[#15:29](=[#8:56])(-[#8:57])-[#8:58]	Any;Any
EVODEX.2-Cm586_0	Any;Any	[#6:4]:[#7:1](:[#6:3])-[#1].[#8:14]=[#15:2](-[#8:15])(-[#8:16])-[#8:17]-[#6:18]>>[#6:4]:[#7:1](:[#6:3])-[#15:2](=[#8:14])(-[#8:15])-[#8:16].[#8:17](-[#6:18])-[#1]	Any;Any
EVODEX.2-Cm587_0	Any;Any	[#6:33]-[#7:32](-[#6:1](=[#8:3])-[#6:4])-[#1].[#6:10]-[#8:2]-[#1]>>[#6:10]-[#8:2]-[#6:1](=[#8:3])-[#6:4].[#6:33]-[#7:32](-[#1])-[#1]	Any;Any
EVODEX.2-Cm588_0	Any;Any	[#6:3]-[#6:1](-[#8]-[#15])(-[#1:149])-[#1:150].[#8]-[#15](=[#8])(-[#8:2]-[#1])-[#8]>>[#6:3]-[#6:1](-[#8:2]-[#1])(-[#1:149])-[#1:150]	Any
EVODEX.2-Cm589_0	Any	[#6:56]-[#7:55](-[#6](-[#1])(-[#1])-[#1])-[#6:28](-[#1:151])(-[#1:152])-[#1:153]>>[#6:28](-[#16&+](-[#6])-[#6])(-[#1:151])(-[#1:152])-[#1:153].[#6:56]-[#7:55](-[#1])-[#1]	Any;Any
EVODEX.2-Cm590_0	Any;Any	[#6:3]-[#16:2]-[#1].[#6:50]-[#6:1](=[#8:51])-[#8]-[#1]>>[#6:50]-[#6:1](=[#8:51])-[#16:2]-[#6:3]	Any
EVODEX.2-Cm591_0	Any	[#6:2]-[#16:1]-[#6:23](=[#8:72])-[#6:73]>>[#6:2]-[#16:1]-[#1].[#6]-[#16]-[#6:23](=[#8:72])-[#6:73]	Any;Any
EVODEX.2-Cm592_0	Any	[#8:34]-[#15:33](=[#8:35])(-[#8:36])-[#8:1]-[#15:2]>>[#15:2]-[#8:1]-[#1].[#8:34]-[#15:33](=[#8:35])(-[#8]-[#1])-[#8:36]	Any;Any
EVODEX.2-Cm594_0	Any;Any;Any	[#6:3]-[#6:1](=[#8])-[#1:38].[#7:2](-[#6:14])(-[#1])-[#1].[#8:19](-[#8:20]-[#1])-[#1]>>[#6:3]-[#6:1](-[#7:2](-[#6:14])-[#1])(-[#1:38])-[#1].[#8:19]=[#8:20]	Any;Any
EVODEX.2-Cm595_0	Any;Any	[#6:3]-[#6:1](=[#8])-[#1:38].[#7:2](-[#6:14])(-[#1])-[#1]>>[#6:3]-[#6:1](-[#7:2](-[#6:14])-[#1])(-[#1:38])-[#1]	Any
EVODEX.2-Cm596_0	Any	[#6:54]-[#6:52](-[#8:53]-[#1])(-[#6](-[#6](=[#8])-[#8:61]-[#1])(-[#1])-[#1])-[#6:55]>>[#6:54]-[#6:52](=[#8:53])-[#6:55].[#8:61](-[#1])-[#1]	Any;Any
EVODEX.2-Cm597_0	Any	[#6:54]-[#6:52](-[#8:53]-[#1])(-[#6:1](-[#6:2](=[#8:51])-[#8]-[#1])(-[#1:106])-[#1:107])-[#6:55]>>[#6:1](-[#6:2](=[#8:51])-[#16]-[#6])(-[#1:106])(-[#1:107])-[#1].[#6:54]-[#6:52](=[#8:53])-[#6:55]	Any;Any
EVODEX.2-Cm598_0	Any	[#6:2]-[#6:1](=[#8:3])-[#8:8]-[#1]>>[#6:2]-[#6:1](=[#8:3])-[#1].[#8:8](-[#1])-[#1]	Any;Any
EVODEX.2-Cm599_0	Any;Any	[#6:3]-[#6:1](-[#8]-[#16])(-[#1:104])-[#1:105].[#8]-[#15](=[#8])(-[#8:2]-[#1])-[#8]>>[#6:3]-[#6:1](-[#8:2]-[#1])(-[#1:104])-[#1:105]	Any
EVODEX.2-Cm600_0	Any;Any	[#6:3]-[#16:2]-[#1].[#6]-[#8]-[#6:1](=[#8:50])-[#6:51]>>[#6:51]-[#6:1](=[#8:50])-[#16:2]-[#6:3]	Any
EVODEX.2-Cm601_0	Any	[#6]-[#8]-[#6:1](=[#8:50])-[#6:51]>>[#6:51]-[#6:1](=[#8:50])-[#16]-[#6]	Any
EVODEX.2-Cm603_0	Any	[#6:147]-[#6:98](-[#8:97]-[#1])(-[#1])-[#1]>>[#6:147]-[#6:98](=[#8:97])-[#16]-[#6]	Any
EVODEX.2-Cm604_0	Any;Any	[#6:3]-[#6:1](-[#8:39]-[#1])(-[#8:4])-[#1:81].[#6:27]-[#8:2]-[#15:40](=[#8:41])(-[#8:42])-[#8:43]>>[#6:3]-[#6:1](-[#8:2]-[#6:27])(-[#8:4])-[#1:81].[#8:43]-[#15:40](=[#8:41])(-[#8:39]-[#1])-[#8:42]	Any;Any
EVODEX.2-Cm605_0	Any	[#6:4]-[#6:1](=[#8:5])-[#1]>>[#6:4]-[#6:1](=[#8:5])-[#6](=[#8])-[#8]	Any
EVODEX.2-Cm606_0	Any;Any	[#6:3]-[#6:1](-[#8]-[#1])(-[#6:4])-[#1:67].[#8:2](-[#1])-[#1]>>[#6:3]-[#6:1](-[#8:2]-[#1])(-[#6:4])-[#1:67]	Any
EVODEX.2-Cm607_0	Any	[#6:3]-[#6:1](=[#8:4])-[#8:15]-[#1]>>[#6:3]-[#6:1](=[#8:4])-[#8]-[#1].[#8:15](-[#1])-[#1]	Any;Any
EVODEX.2-Cm608_0	Any	[#15:34]-[#8:2]-[#15](=[#8])(-[#8])-[#8]>>[#6]-[#6](-[#6])(-[#8:2]-[#15:34])-[#1]	Any
EVODEX.2-Cm610_0	Any;Any	[#15:4]-[#8:2]-[#1].[#8:8]-[#15:3](=[#8:9])(-[#8:1]-[#1])-[#8:10]>>[#8:1](-[#1])-[#1].[#8:8]-[#15:3](=[#8:9])(-[#8:10])-[#8:2]-[#15:4]	Any;Any
EVODEX.2-Cm611_0	Any;Any	[#6:15]-[#8:13]-[#1].[#6]-[#8]-[#15:14](=[#8:39])(-[#8:40])-[#8:41]>>[#6:15]-[#8:13]-[#15:14](=[#8:39])(-[#8:40])-[#8:41]	Any
EVODEX.2-Cm612_0	Any	[#7:2](-[#6:7])(-[#1])-[#1]>>[#6]-[#6](-[#7:2](-[#6:7])-[#1])(-[#6])-[#1]	Any
EVODEX.2-Cm613_0	Any	[#6:3]-[#6:1](-[#8:48]-[#1])(-[#1:95])-[#1:96]>>[#6:3]-[#6:1](-[#8]-[#16])(-[#1:95])-[#1:96].[#8]-[#15](=[#8])(-[#8:48]-[#1])-[#8]	Any;Any
EVODEX.2-Cm616_0	Any;Any	[#7](-[#6:1](-[#6:3])(-[#6:4])-[#1])(-[#1])-[#1].[#8:12]=[#8:13]>>[#6:3]-[#6:1](=[#8])-[#6:4].[#8:12](-[#8:13]-[#1])-[#1]	Any;Any
EVODEX.2-Cm617_0	Any;Any	[#6:3]-[#6:1](-[#8:104]-[#1])(-[#1:191])-[#1:192].[#8:106]-[#15:105](=[#8:107])(-[#8:108])-[#8:2]-[#16:100]>>[#6:3]-[#6:1](-[#8:2]-[#16:100])(-[#1:191])-[#1:192].[#8:106]-[#15:105](=[#8:107])(-[#8:104]-[#1])-[#8:108]	Any;Any
EVODEX.2-Cm618_0	Any;Any	[#15:35]-[#8:34]-[#6:1](-[#8:11])(-[#6:5]-[#8:4]-[#1])-[#1:71].[#6:24]-[#8:2]-[#6:3](-[#8:14])(-[#6:15])-[#1:93]>>[#6:24]-[#8:2]-[#6:1](-[#8:11])(-[#6:5]-[#8:4]-[#6:3](-[#8:14])(-[#6:15])-[#1:93])-[#1:71].[#15:35]-[#8:34]-[#1]	Any;Any
EVODEX.2-Cm619_0	Any;Any;Any	[#6:2]-[#6:1](=[#8:3])-[#8:62]-[#1].[#6:11]-[#6:5]1=[#6:10](-[#7:9](-[#6:14])-[#6:8](=[#6:7](-[#6:6]-1(-[#1:119])-[#1])-[#1:118])-[#1:117])-[#1:93].[#8:64]-[#15:63](=[#8:65])(-[#8:66])-[#8]-[#15]>>[#6:2]-[#6:1](=[#8:3])-[#1].[#6:11]-[#6:5]1:[#6:6](:[#6:7](:[#6:8](:[#7&+:9](-[#6:14]):[#6:10]:1-[#1:93])-[#1:117])-[#1:118])-[#1:119].[#8:64]-[#15:63](=[#8:65])(-[#8:62]-[#1])-[#8:66]	Any;Any;Any
EVODEX.2-Cm620_0	Any;Any	[#6:2]-[#6:1](=[#8:3])-[#8]-[#1].[#8]-[#15](=[#8])(-[#8])-[#8:53]-[#15:54]>>[#6:2]-[#6:1](=[#8:3])-[#1].[#15:54]-[#8:53]-[#1]	Any;Any
EVODEX.2-Cm621_0	Any	[#6:4]-[#6:1](-[#7:5])(-[#1:10])-[#1]>>[#6:4]-[#6:1](-[#7:5])(-[#6](=[#8])-[#8])-[#1:10]	Any
EVODEX.2-Cm622_0	Any	[#6:50]-[#6:1](=[#8:51])-[#6:52](-[#6:55])(-[#1:145])-[#1:146]>>[#6:50]-[#6:1](=[#8:51])-[#16]-[#6].[#6:55]-[#6:52](-[#6](=[#8])-[#8])(-[#1:145])-[#1:146]	Any;Any
EVODEX.2-Cm623_0	Any;Any	[#8:3]-[#6:1](-[#8:29]-[#1])(-[#6:4])-[#1:35].[#6:15]:[#7:2](:[#6:16])-[#1]>>[#6:15]:[#7:2](:[#6:16])-[#6:1](-[#8:3])(-[#6:4])-[#1:35].[#8:29](-[#1])-[#1]	Any;Any
EVODEX.2-Cm624_0	Any;Any	[#0:3]-[#6:1](=[#8:4])-[#8:5]-[#6:6].[#8:2](-[#1])-[#1]>>[#0:3]-[#6:1](=[#8:4])-[#8:2]-[#1].[#6:6]-[#8:5]-[#1]	Any;Any
EVODEX.2-Cm625_0	Any;Any;Any	[#6:3]-[#6:1](-[#8]-[#1])(-[#6:4])-[#1:89].[#8:2](-[#1])-[#1].[#8]-[#15](=[#8])(-[#8])-[#8:31]-[#15:32]>>[#6:3]-[#6:1](-[#8:2]-[#1])(-[#6:4])-[#1:89].[#15:32]-[#8:31]-[#1]	Any;Any
EVODEX.2-Cm626_0	Any	[#6:9]-[#6:2](=[#8:3])-[#1:20]>>[#6:9]-[#6:2](-[#8:3]-[#1])(-[#6](-[#6])(-[#1])-[#1])-[#1:20]	Any
EVODEX.2-Cm629_0	Any;Any	[#6:1](-[#6:3])(-[#1:66])(-[#1:67])-[#1].[#6:23]-[#6:17]1=[#6:22](-[#7:21](-[#6:26])-[#6:20](=[#6:19](-[#6:18]-1(-[#1:118])-[#1])-[#1:117])-[#1:116])-[#1:92]>>[#6:3]-[#6:1](-[#8]-[#1])(-[#1:66])-[#1:67].[#6:23]-[#6:17]1:[#6:18](:[#6:19](:[#6:20](:[#7&+:21](-[#6:26]):[#6:22]:1-[#1:92])-[#1:116])-[#1:117])-[#1:118]	Any;Any
EVODEX.2-Cm631_0	Any;Any	[#7:5](-[#6:1](-[#6:3])(-[#1:10])-[#1])(-[#1])-[#1].[#8:6]=[#8:7]>>[#8]=[#6:1](-[#6:3])-[#1:10].[#7:5](-[#1])(-[#1])-[#1].[#8:6](-[#8:7]-[#1])-[#1]	Any;Any;Any
EVODEX.2-Cm65_0	Any;Any	[#6:3]-[#6:1](-[#8:41]-[#1])(-[#1:74])-[#1:75].[#8:43]-[#15:42](=[#8:44])(-[#8:45])-[#8:36]-[#15:37]>>[#6:3]-[#6:1](-[#8]-[#1])(-[#1:74])-[#1:75].[#15:37]-[#8:36]-[#1].[#8:43]-[#15:42](=[#8:44])(-[#8:41]-[#1])-[#8:45]	Any;Any;Any
EVODEX.2-Cm124_0	Any	[#15:12]-[#8:11]-[#15:4](=[#8:9])(-[#8:3]-[#1])-[#8:10]>>[#6]=[#6](-[#8:3]-[#15:4](=[#8:9])(-[#8]-[#1])-[#8:10])-[#6].[#15:12]-[#8:11]-[#1]	Any;Any
EVODEX.2-Cm318_0	Any;Any;Any	[#8:11](-[#6:1](-[#6:3])(-[#6:4])-[#1:44])-[#1].[#15:14]-[#8:12]-[#1].[#8:40]=[#15:13](-[#8:2]-[#1])(-[#8:41])-[#8:42]>>[#8:2](-[#6:1](-[#6:3])(-[#6:4])-[#1:44])-[#1].[#8:11](-[#1])-[#1].[#15:14]-[#8:12]-[#15:13](=[#8:40])(-[#8:41])-[#8:42]	Any;Any;Any
EVODEX.2-Cm361_0	Any;Any;Any	[#6:3]-[#6:1](=[#8:4])-[#8:27]-[#1].[#8:2](-[#1])-[#1].[#8:29]-[#15:28](=[#8:30])(-[#8:31])-[#8]-[#15]>>[#6:3]-[#6:1](=[#8:4])-[#8:2]-[#1].[#8:29]-[#15:28](=[#8:30])(-[#8:27]-[#1])-[#8:31]	Any;Any
EVODEX.2-Cm449_0	Any;Any	[#15:4]-[#8:2]-[#1].[#8:23]=[#15:3](-[#8]-[#1])(-[#8:24])-[#8:25]>>[#15:4]-[#8:2]-[#15:3](=[#8:23])(-[#8:24])-[#8:25]	Any
EVODEX.2-Cm457_0	Any;Any	[#6:1](-[#6:2](=[#8:5])-[#6:6])(-[#1:39])(-[#1:40])-[#1].[#15:12]-[#8:11]-[#15:4](=[#8:9])(-[#8:3]-[#1])-[#8:10]>>[#6:1](=[#6:2](-[#8:3]-[#15:4](=[#8:9])(-[#8:5]-[#1])-[#8:10])-[#6:6])(-[#1:39])-[#1:40].[#15:12]-[#8:11]-[#1]	Any;Any
EVODEX.2-Cm474_0	Any;Any	[#6:3]-[#6:1](=[#8:4])-[#8:13]-[#1].[#8:15]-[#15:14](=[#8:16])(-[#8:17])-[#8:8]-[#15:9]>>[#6:3]-[#6:1](=[#8:4])-[#8]-[#1].[#15:9]-[#8:8]-[#1].[#8:15]-[#15:14](=[#8:16])(-[#8:13]-[#1])-[#8:17]	Any;Any;Any
EVODEX.2-Cm476_0	Any;Any	[#6:3]-[#6:1](=[#8:4])-[#8:50]-[#1].[#8:52]-[#15:51](=[#8:53])(-[#8:54])-[#8:45]-[#15:46]>>[#6:3]-[#6:1](=[#8:4])-[#7](-[#6])-[#1].[#15:46]-[#8:45]-[#1].[#8:52]-[#15:51](=[#8:53])(-[#8:50]-[#1])-[#8:54]	Any;Any;Any
EVODEX.2-Cm580_0	Any;Any;Any	[#6:3]-[#6:1](=[#8:4])-[#7](-[#6])-[#1].[#15:57]-[#8:55]-[#1].[#8:84]=[#15:56](-[#8:2]-[#1])(-[#8:85])-[#8:86]>>[#6:3]-[#6:1](=[#8:4])-[#8:2]-[#1].[#15:57]-[#8:55]-[#15:56](=[#8:84])(-[#8:85])-[#8:86]	Any;Any
EVODEX.2-Cm602_0	Any;Any	[#6:3]-[#6:1](=[#8:4])-[#8:33]-[#1].[#15:36]-[#8:34]-[#1]>>[#6:3]-[#6:1](=[#8:4])-[#8]-[#1].[#8:33](-[#1])-[#1].[#15:36]-[#8:34]-[#15](=[#8])(-[#8])-[#8]	Any;Any;Any
EVODEX.2-Cm58_0	Any;Any	[#6:12]-[#7:11](-[#6](=[#8])-[#6])-[#1].[#15:20]-[#8:18]-[#1]>>[#7:11](-[#6:12])(-[#1])-[#1].[#15:20]-[#8:18]-[#15](=[#8])(-[#8])-[#8]	Any;Any
EVODEX.2-Cm382_0	Any;Any;Any	[#6:51]-[#6:49](=[#8:52])-[#16:1]-[#6:2].[#15:82]-[#8:80]-[#1].[#8:104]=[#15:81](-[#8:50]-[#1])(-[#8:105])-[#8:106]>>[#6:2]-[#16:1]-[#1].[#6:51]-[#6:49](=[#8:52])-[#8:50]-[#1].[#15:82]-[#8:80]-[#15:81](=[#8:104])(-[#8:105])-[#8:106]	Any;Any;Any
EVODEX.2-Cm389_0	Any;Any	[#6:4]-[#6:1](-[#6:3])(-[#8:28]-[#1])-[#1:65].[#8:30]-[#15:29](=[#8:31])(-[#8:32])-[#8]-[#15]>>[#6:4]-[#6:1](-[#6:3])(-[#8]-[#1])-[#1:65].[#8:30]-[#15:29](=[#8:31])(-[#8:28]-[#1])-[#8:32]	Any;Any
EVODEX.2-Cm391_0	Any;Any	[#8:24](-[#1])-[#1].[#8:26]-[#15:25](=[#8:27])(-[#8:28])-[#8:1]-[#15:2]>>[#15:2]-[#8:1]-[#1].[#8:26]-[#15:25](=[#8:27])(-[#8:24]-[#1])-[#8:28]	Any;Any
EVODEX.2-Cm468_0	Any;Any;Any	[#6:3]-[#6:1](=[#8:4])-[#8:53]-[#1].[#7:2](-[#6:29])(-[#1])-[#1].[#8:55]-[#15:54](=[#8:56])(-[#8:57])-[#8:44]-[#15:45]>>[#6:3]-[#6:1](=[#8:4])-[#7:2](-[#6:29])-[#1].[#15:45]-[#8:44]-[#1].[#8:55]-[#15:54](=[#8:56])(-[#8:53]-[#1])-[#8:57]	Any;Any;Any
EVODEX.2-Cm492_0	Any;Any;Any	[#6:3]-[#6:1](-[#0&2*:4])(-[#8:16]-[#1])-[#1:47].[#8:2](-[#1])-[#1].[#8:18]-[#15:17](=[#8:19])(-[#8:20])-[#8]-[#15]>>[#6:3]-[#6:1](-[#0&2*:4])(-[#8:2]-[#1])-[#1:47].[#8:18]-[#15:17](=[#8:19])(-[#8:16]-[#1])-[#8:20]	Any;Any
EVODEX.2-Cm551_0	Any;Any;Any	[#6:3]-[#6:1](-[#0&2*:4])(-[#8:11]-[#1])-[#1:47].[#15:14]-[#8:12]-[#1].[#8:40]=[#15:13](-[#8:2]-[#1])(-[#8:41])-[#8:42]>>[#6:3]-[#6:1](-[#0&2*:4])(-[#8:2]-[#1])-[#1:47].[#8:11](-[#1])-[#1].[#15:14]-[#8:12]-[#15:13](=[#8:40])(-[#8:41])-[#8:42]	Any;Any;Any
EVODEX.2-Cm628_0	Any;Any;Any	[#6:3]-[#6:1](-[#8:81]-[#1])(-[#6:4])-[#1:118].[#8:2](-[#1])-[#1].[#8:83]-[#15:82](=[#8:84])(-[#8:85])-[#8]-[#15]>>[#6:3]-[#6:1](-[#8:2]-[#1])(-[#6:4])-[#1:118].[#8:83]-[#15:82](=[#8:84])(-[#8:81]-[#1])-[#8:85]	Any;Any
EVODEX.2-Cm2_0	Any;Any	[#6:28]-[#6:22]1=[#6:27](-[#7:26](-[#6:31])-[#6:25](=[#6:24](-[#6:23]-1(-[#1:98])-[#1])-[#1:97])-[#1:96])-[#1:72].[#6:3]-[#6:1](=[#6:2](-[#6:13])-[#1:113])-[#6:4]>>[#6:3]-[#6:1](-[#6:2](-[#6:13])(-[#1:113])-[#1])(-[#6:4])-[#1].[#6:28]-[#6:22]1:[#6:23](:[#6:24](:[#6:25](:[#7&+:26](-[#6:31]):[#6:27]:1-[#1:72])-[#1:96])-[#1:97])-[#1:98]	Any;Any
EVODEX.2-Cm64_0	Any;Any;Any	[#6:3]-[#6:1](-[#8:41]-[#1])(-[#1:74])-[#1:75].[#8:2](-[#1])-[#1].[#8:43]-[#15:42](=[#8:44])(-[#8:45])-[#8:36]-[#15:37]>>[#6:3]-[#6:1](-[#8:2]-[#1])(-[#1:74])-[#1:75].[#15:37]-[#8:36]-[#1].[#8:43]-[#15:42](=[#8:44])(-[#8:41]-[#1])-[#8:45]	Any;Any;Any
EVODEX.2-Cm388_0	Any;Any;Any	[#6:4]-[#6:1](-[#6:3])(-[#8:28]-[#1])-[#1:65].[#8:2](-[#1])-[#1].[#8:30]-[#15:29](=[#8:31])(-[#8:32])-[#8:23]-[#15:24]>>[#6:4]-[#6:1](-[#6:3])(-[#8:2]-[#1])-[#1:65].[#15:24]-[#8:23]-[#1].[#8:30]-[#15:29](=[#8:31])(-[#8:28]-[#1])-[#8:32]	Any;Any;Any
EVODEX.2-Cm581_0	Any;Any;Any	[#6:3]-[#16:2]-[#1].[#6:50]-[#6:1](=[#8:51])-[#8:79]-[#1].[#8:81]-[#15:80](=[#8:82])(-[#8:83])-[#8:70]-[#15:71]>>[#6:50]-[#6:1](=[#8:51])-[#16:2]-[#6:3].[#15:71]-[#8:70]-[#1].[#8:81]-[#15:80](=[#8:82])(-[#8:79]-[#1])-[#8:83]	Any;Any;Any
EVODEX.2-Cm609_0	Any;Any;Any	[#6:12]-[#7:11](-[#6:1](=[#8:3])-[#6:4])-[#1].[#15:20]-[#8:18]-[#1].[#8:46]=[#15:19](-[#8:2]-[#1])(-[#8:47])-[#8:48]>>[#6:4]-[#6:1](=[#8:3])-[#8:2]-[#1].[#6:12]-[#7:11](-[#1])-[#1].[#15:20]-[#8:18]-[#15:19](=[#8:46])(-[#8:47])-[#8:48]	Any;Any;Any
EVODEX.2-Cm614_0	Any;Any	[#6:3]-[#6:1](-[#8:25]-[#1])(-[#1:59])-[#1:60].[#15:28]-[#8:26]-[#1]>>[#6:3]-[#6:1](-[#8]-[#1])(-[#1:59])-[#1:60].[#8:25](-[#1])-[#1].[#15:28]-[#8:26]-[#15](=[#8])(-[#8])-[#8]	Any;Any;Any
EVODEX.2-Cm627_0	Any;Any	[#6:3]-[#6:1](-[#8:81]-[#1])(-[#6:4])-[#1:118].[#8:83]-[#15:82](=[#8:84])(-[#8:85])-[#8:76]-[#15:77]>>[#6:3]-[#6:1](-[#8]-[#1])(-[#6:4])-[#1:118].[#15:77]-[#8:76]-[#1].[#8:83]-[#15:82](=[#8:84])(-[#8:81]-[#1])-[#8:85]	Any;Any;Any
EVODEX.2-Cm415_0	Any;Any	[#6:3]-[#6:1](=[#8:4])-[#8:26]-[#1].[#8:28]-[#15:27](=[#8:29])(-[#8:30])-[#8]-[#15]>>[#6:3]-[#6:1](=[#8:4])-[#8]-[#1].[#8:28]-[#15:27](=[#8:29])(-[#8:26]-[#1])-[#8:30]	Any;Any
EVODEX.2-Cm547_0	Any;Any;Any	[#6:3]-[#6:1](=[#8:4])-[#8:16]-[#1].[#15:19]-[#8:17]-[#1].[#8:45]=[#15:18](-[#8:2]-[#1])(-[#8:46])-[#8:47]>>[#6:3]-[#6:1](=[#8:4])-[#8:2]-[#1].[#8:16](-[#1])-[#1].[#15:19]-[#8:17]-[#15:18](=[#8:45])(-[#8:46])-[#8:47]	Any;Any;Any
EVODEX.2-Cm556_0	Any	[#15:15]-[#8:14]-[#15:4](=[#8:5])(-[#8:6])-[#8:7]>>[#6]-[#8]-[#15:4](=[#8:5])(-[#8:6])-[#8:7].[#15:15]-[#8:14]-[#1]	Any;Any
EVODEX.2-Cm615_0	Any;Any;Any	[#6:3]-[#6:1](=[#8:4])-[#8:15]-[#1].[#8:2](-[#1])-[#1].[#8:17]-[#15:16](=[#8:18])(-[#8:19])-[#8:10]-[#15:11]>>[#6:3]-[#6:1](=[#8:4])-[#8:2]-[#1].[#15:11]-[#8:10]-[#1].[#8:17]-[#15:16](=[#8:18])(-[#8:15]-[#1])-[#8:19]	Any;Any;Any
EVODEX.2-Cm630_0	Any;Any	[#8:29](-[#6:1](-[#6:3])(-[#1:57])-[#1:58])-[#1].[#8:31]-[#15:30](=[#8:32])(-[#8:33])-[#8]-[#15]>>[#8](-[#6:1](-[#6:3])(-[#1:57])-[#1:58])-[#1].[#8:31]-[#15:30](=[#8:32])(-[#8:29]-[#1])-[#8:33]	Any;Any
EVODEX.2-Cm632_0	Any;Any	[#6:3]-[#6:1](=[#8:4])-[#8:68]-[#1].[#8:70]-[#15:69](=[#8:71])(-[#8:72])-[#8]-[#15]>>[#6:3]-[#6:1](=[#8:4])-[#7](-[#6])-[#1].[#8:70]-[#15:69](=[#8:71])(-[#8:68]-[#1])-[#8:72]	Any;Any
EVODEX.2-Cm633_0	Any;Any	[#6:3]-[#6:1](=[#8:4])-[#7](-[#6])-[#1].[#15:33]-[#8:31]-[#1]>>[#6:3]-[#6:1](=[#8:4])-[#8]-[#1].[#15:33]-[#8:31]-[#15](=[#8])(-[#8])-[#8]	Any;Any
EVODEX.2-Cm634_0	Any;Any	[#6:3]-[#6:1](-[#8:172]-[#1])(-[#6:4])-[#1:321].[#15:175]-[#8:173]-[#1]>>[#6:3]-[#6:1](-[#8]-[#1])(-[#6:4])-[#1:321].[#8:172](-[#1])-[#1].[#15:175]-[#8:173]-[#15](=[#8])(-[#8])-[#8]	Any;Any;Any
