id,smarts,entry_id,mechanism_id
0,[N&D1&v3&H2&+0&!R:1]-[C@@&D3&v4&H1&+0&!R&z1:2](-[C&D2&v4&H2&+0&!R&z0:3])-[C&D3&v4&H0&+0&!R&z2:4](=[O&D1&v2&H0&+0&!R:5])-[O&D1&v2&H1&+0&!R:6]>>[N&D1&v3&H2&+0&!R:1]-[C&D3&v4&H1&+0&!R&z1:2](-[C&D2&v4&H2&+0&!R&z0:3])-[C&D3&v4&H0&+0&!R&z2:4](=[O&D1&v2&H0&+0&!R:6])-[O&D1&v2&H1&+0&!R:5],[1],[1]
1,[N&D1&v3&H2&+0&!R:1]-[C&D3&v4&H1&+0&!R&z1:2](-[C&D2&v4&H2&+0&!R&z0:3])-[C&D3&v4&H0&+0&!R&z2:4](=[O&D1&v2&H0&+0&!R:5])-[O&D1&v2&H1&+0&!R:6]>>[N&D1&v3&H2&+0&!R:1]-[C@@&D3&v4&H1&+0&!R&z1:2](-[C&D2&v4&H2&+0&!R&z0:3])-[C&D3&v4&H0&+0&!R&z2:4](=[O&D1&v2&H0&+0&!R:6])-[O&D1&v2&H1&+0&!R:5],[1],[1]
2,[C&D3&v4&H0&+0&R&z2:1](=[O&D1&v2&H0&+0&!R:2])-[N&D3&v3&H0&+0&R:3].[O&D0&v2&H2&+0&!R:4]>>([C&D3&v4&H0&+0&!R&z2:1](=[O&D1&v2&H0&+0&!R:2])-[O&D1&v2&H1&+0&!R:4].[N&D2&v3&H1&+0&R:3]),"[2, 2, 210, 257]","[2, 1, 1, 1]"
3,([C&D3&v4&H0&+0&!R&z2:1](=[O&D1&v2&H0&+0&!R:2])-[O&D1&v2&H1&+0&!R:3].[N&D2&v3&H1&+0&R:4])>>[C&D3&v4&H0&+0&R&z2:1](=[O&D1&v2&H0&+0&!R:2])-[N&D3&v3&H0&+0&R:4].[O&D0&v2&H2&+0&!R:3],"[2, 2, 210, 257]","[2, 1, 1, 1]"
4,[N&D3&v3&H0&+0&R:1]1-[C&D2&v4&H1&+0&R&z1:2]=[C&D2&v4&H1&+0&R&z0:3]-[C&D2&v4&H2&+0&R&z0:4]-[C&D3&v4&H0&+0&R&z0:5]=[C&D2&v4&H1&+0&R&z1:6]-1.[O&D1&v2&H0&+0&!R:7]=[C&D3&v4&H0&+0&R&z1:8]1-[C&D2&v4&H1&+0&R&z0:9]=[C&D2&v4&H1&+0&R&z0:10]-[C&D3&v4&H0&+0&R&z1:11](=[O&D1&v2&H0&+0&!R:12])-[C&D2&v4&H1&+0&R&z0:13]=[C&D2&v4&H1&+0&R&z0:14]-1>>[O&D1&v2&H1&+0&!R:7]-[c&D3&v4&H0&+0&R&z1:8]1:[c&D2&v4&H1&+0&R&z0:9]:[c&D2&v4&H1&+0&R&z0:10]:[c&D3&v4&H0&+0&R&z1:11](-[O&D1&v2&H1&+0&!R:12]):[c&D2&v4&H1&+0&R&z0:13]:[c&D2&v4&H1&+0&R&z0:14]:1.[n&D3&v4&H0&+&R:1]1:[c&D2&v4&H1&+0&R&z1:2]:[c&D2&v4&H1&+0&R&z0:3]:[c&D2&v4&H1&+0&R&z0:4]:[c&D3&v4&H0&+0&R&z0:5]:[c&D2&v4&H1&+0&R&z1:6]:1,[3],[1]
5,[O&D1&v2&H1&+0&!R:1]-[c&D3&v4&H0&+0&R&z1:2]1:[c&D2&v4&H1&+0&R&z0:3]:[c&D2&v4&H1&+0&R&z0:4]:[c&D3&v4&H0&+0&R&z1:5](-[O&D1&v2&H1&+0&!R:6]):[c&D2&v4&H1&+0&R&z0:7]:[c&D2&v4&H1&+0&R&z0:8]:1.[n&D3&v4&H0&+&R:9]1:[c&D2&v4&H1&+0&R&z1:10]:[c&D2&v4&H1&+0&R&z0:11]:[c&D2&v4&H1&+0&R&z0:12]:[c&D3&v4&H0&+0&R&z0:13]:[c&D2&v4&H1&+0&R&z1:14]:1>>[N&D3&v3&H0&+0&R:9]1-[C&D2&v4&H1&+0&R&z1:10]=[C&D2&v4&H1&+0&R&z0:11]-[C&D2&v4&H2&+0&R&z0:12]-[C&D3&v4&H0&+0&R&z0:13]=[C&D2&v4&H1&+0&R&z1:14]-1.[O&D1&v2&H0&+0&!R:1]=[C&D3&v4&H0&+0&R&z1:2]1-[C&D2&v4&H1&+0&R&z0:3]=[C&D2&v4&H1&+0&R&z0:4]-[C&D3&v4&H0&+0&R&z1:5](=[O&D1&v2&H0&+0&!R:6])-[C&D2&v4&H1&+0&R&z0:7]=[C&D2&v4&H1&+0&R&z0:8]-1,[3],[1]
6,[O&D1&v2&H0&+0&!R:1]=[N&D2&v3&H0&+0&!R:2]-[O&D1&v2&H1&+0&!R:3]>>[N&D1&v3&H1&+0&!R:2]=[O&D1&v2&H0&+0&!R:1].[O&D0&v2&H2&+0&!R:3],"[4, 4]","[2, 1]"
7,[N&D1&v3&H1&+0&!R:1]=[O&D1&v2&H0&+0&!R:2].[O&D0&v2&H2&+0&!R:3]>>[O&D1&v2&H0&+0&!R:2]=[N&D2&v3&H0&+0&!R:1]-[O&D1&v2&H1&+0&!R:3],"[4, 4]","[2, 1]"
8,[C&D3&v4&H0&+0&R&z0:1]1=[C&D2&v4&H1&+0&R&z1:2]-[N&D3&v3&H0&+0&R:3]-[C&D2&v4&H1&+0&R&z1:4]=[C&D2&v4&H1&+0&R&z0:5]-[C&D2&v4&H2&+0&R&z0:6]-1.[S&D2&v2&H0&+0&!R:7]-[S&D2&v2&H0&+0&!R:8]>>[S&D1&v2&H1&+0&!R:7].[S&D1&v2&H1&+0&!R:8].[c&D3&v4&H0&+0&R&z0:1]1:[c&D2&v4&H1&+0&R&z0:6]:[c&D2&v4&H1&+0&R&z0:5]:[c&D2&v4&H1&+0&R&z1:4]:[n&D3&v4&H0&+&R:3]:[c&D2&v4&H1&+0&R&z1:2]:1,"[6, 627]","[1, 1]"
9,[S&D1&v2&H1&+0&!R:1].[S&D1&v2&H1&+0&!R:2].[c&D3&v4&H0&+0&R&z0:3]1:[c&D2&v4&H1&+0&R&z0:4]:[c&D2&v4&H1&+0&R&z0:5]:[c&D2&v4&H1&+0&R&z1:6]:[n&D3&v4&H0&+&R:7]:[c&D2&v4&H1&+0&R&z1:8]:1>>[C&D3&v4&H0&+0&R&z0:3]1=[C&D2&v4&H1&+0&R&z1:8]-[N&D3&v3&H0&+0&R:7]-[C&D2&v4&H1&+0&R&z1:6]=[C&D2&v4&H1&+0&R&z0:5]-[C&D2&v4&H2&+0&R&z0:4]-1.[S&D2&v2&H0&+0&!R:1]-[S&D2&v2&H0&+0&!R:2],"[6, 627]","[1, 1]"
10,[C&D2&v4&H2&+0&!R&z0:1]-[C@&D3&v4&H1&+0&!R&z0:2](-[C&D3&v4&H0&+0&!R&z2:3]-[O&D1&v2&H1&+0&!R:4])-[C@&D3&v4&H1&+0&!R&z1:5](-[O&D1&v2&H1&+0&!R:6])~[*:7]~[O&D1&v2&H1&+0&!R:8].[c&D3&v4&H0&+0&R&z0:9]1:[c&D2&v4&H1&+0&R&z0:10]:[c&D2&v4&H1&+0&R&z0:11]:[c&D2&v4&H1&+0&R&z1:12]:[n&D3&v4&H0&+&R:13]:[c&D2&v4&H1&+0&R&z1:14]:1>>[C&D2&v4&H2&+0&!R&z0:1]-[C&D2&v4&H2&+0&!R&z0:2]-[C&D3&v4&H0&+0&!R&z1:5](=[O&D1&v2&H0&+0&!R:6])~[*:7]~[O&D1&v2&H1&+0&!R:8].[C&D3&v4&H0&+0&R&z0:9]1=[C&D2&v4&H1&+0&R&z1:14]-[N&D3&v3&H0&+0&R:13]-[C&D2&v4&H1&+0&R&z1:12]=[C&D2&v4&H1&+0&R&z0:11]-[C&D2&v4&H2&+0&R&z0:10]-1.[O&D1&v2&H0&+0&!R:4]=[C&D2&v4&H0&+0&!R&z2:3],"[7, 7, 7]","[2, 1, 3]"
11,[C&D2&v4&H2&+0&!R&z0:1]-[C&D2&v4&H2&+0&!R&z0:2]-[C&D3&v4&H0&+0&!R&z1:3](=[O&D1&v2&H0&+0&!R:4])~[*:5]~[O&D1&v2&H1&+0&!R:6].[C&D3&v4&H0&+0&R&z0:7]1=[C&D2&v4&H1&+0&R&z1:8]-[N&D3&v3&H0&+0&R:9]-[C&D2&v4&H1&+0&R&z1:10]=[C&D2&v4&H1&+0&R&z0:11]-[C&D2&v4&H2&+0&R&z0:12]-1.[O&D1&v2&H0&+0&!R:13]=[C&D2&v4&H0&+0&!R&z2:14]>>[C&D2&v4&H2&+0&!R&z0:1]-[C@&D3&v4&H1&+0&!R&z0:2](-[C&D3&v4&H0&+0&!R&z2:14]-[O&D1&v2&H1&+0&!R:13])-[C@&D3&v4&H1&+0&!R&z1:3](-[O&D1&v2&H1&+0&!R:4])~[*:5]~[O&D1&v2&H1&+0&!R:6].[c&D3&v4&H0&+0&R&z0:7]1:[c&D2&v4&H1&+0&R&z0:12]:[c&D2&v4&H1&+0&R&z0:11]:[c&D2&v4&H1&+0&R&z1:10]:[n&D3&v4&H0&+&R:9]:[c&D2&v4&H1&+0&R&z1:8]:1,"[7, 7, 7]","[2, 1, 3]"
12,[C&D2&v4&H2&+0&!R&z1:1]-[C@@&D3&v4&H1&+0&R&z1:2]1-[O&D2&v2&H0&+0&R:3]-[C@&D3&v4&H1&+0&R&z2:4](-[O&D2&v2&H0&+0&!R:5]~[*:6](~[O&D1&v2&H0&+0&!R:7])(~[O&D1&v2&H1&+0&!R:8])~[*:9]~[*:10](~[O&D1&v2&H0&+0&!R:11])~[O&D1&v2&H1&+0&!R:12])~[H1@:13](~[O&D1&v2&H1&+0&!R:14])~[C@&D3&v4&H1&+0&R&z1:15]-1-[O&D1&v2&H1&+0&!R:16].[n&D2&v3&H0&+0&R:17]:[c&D3&v4&H0&+0&R&z1:18]-[C&D3&v4&H0&+0&!R&z2:19]-[O&D1&v2&H1&+0&!R:20]>>[O&D1&v2&H0&+0&!R:20]=[C&D2&v4&H0&+0&!R&z2:19].[O&D1&v2&H0&+0&!R:11]~[*:10](~[O&D1&v2&H1&+0&!R:12])~[*:9]~[*:6](~[O&D1&v2&H0&+0&!R:7])(~[O&D1&v2&H1&+0&!R:8])~[O&D1&v2&H1&+0&!R:5].[n&D3&v4&H0&+&R:17](-[C&D3&v4&H1&+0&R&z2:4]1-[O&D2&v2&H0&+0&R:3]-[C@@&D3&v4&H1&+0&R&z1:2](-[C&D2&v4&H2&+0&!R&z1:1])-[C@&D3&v4&H1&+0&R&z1:15](-[O&D1&v2&H1&+0&!R:16])~[H1@@:13]~1~[O&D1&v2&H1&+0&!R:14]):[c&D2&v4&H1&+0&R&z1:18],[8],[2]
13,[O&D1&v2&H0&+0&!R:1]=[C&D2&v4&H0&+0&!R&z2:2].[O&D1&v2&H0&+0&!R:3]~[*:4](~[O&D1&v2&H1&+0&!R:5])~[*:6]~[*:7](~[O&D1&v2&H0&+0&!R:8])(~[O&D1&v2&H1&+0&!R:9])~[O&D1&v2&H1&+0&!R:10].[n&D3&v4&H0&+&R:11](-[C&D3&v4&H1&+0&R&z2:12]1-[O&D2&v2&H0&+0&R:13]-[C@@&D3&v4&H1&+0&R&z1:14](-[C&D2&v4&H2&+0&!R&z1:15])-[C@&D3&v4&H1&+0&R&z1:16](-[O&D1&v2&H1&+0&!R:17])~[H1@@:18]~1~[O&D1&v2&H1&+0&!R:19]):[c&D2&v4&H1&+0&R&z1:20]>>[C&D2&v4&H2&+0&!R&z1:15]-[C@@&D3&v4&H1&+0&R&z1:14]1-[O&D2&v2&H0&+0&R:13]-[C@&D3&v4&H1&+0&R&z2:12](-[O&D2&v2&H0&+0&!R:10]~[*:7](~[O&D1&v2&H0&+0&!R:8])(~[O&D1&v2&H1&+0&!R:9])~[*:6]~[*:4](~[O&D1&v2&H0&+0&!R:3])~[O&D1&v2&H1&+0&!R:5])~[H1@:18](~[O&D1&v2&H1&+0&!R:19])~[C@&D3&v4&H1&+0&R&z1:16]-1-[O&D1&v2&H1&+0&!R:17].[n&D2&v3&H0&+0&R:11]:[c&D3&v4&H0&+0&R&z1:20]-[C&D3&v4&H0&+0&!R&z2:2]-[O&D1&v2&H1&+0&!R:1],[8],[2]
14,([C&D2&v4&H2&+0&!R&z1:1]-[O&D2&v2&H0&+0&!R:2].[O&D2&v2&H0&+0&!R:3]-[P&D4&v5&H0&+0&!R:4]).[O&D0&v2&H2&+0&!R:5].[S&D2&v2&H0&+0&!R:6]>>([O&D1&v2&H1&+0&!R:3].[O&D1&v2&H1&+0&!R:2]).[P&D4&v5&H0&+0&!R:4]-[O&D1&v2&H1&+0&!R:5].[S&D3&v3&H0&+&!R:6]-[C&D2&v4&H2&+0&!R&z1:1],[9],[1]
15,([O&D1&v2&H1&+0&!R:1].[O&D1&v2&H1&+0&!R:2]).[P&D4&v5&H0&+0&!R:3]-[O&D1&v2&H1&+0&!R:4].[S&D3&v3&H0&+&!R:5]-[C&D2&v4&H2&+0&!R&z1:6]>>([C&D2&v4&H2&+0&!R&z1:6]-[O&D2&v2&H0&+0&!R:2].[O&D2&v2&H0&+0&!R:1]-[P&D4&v5&H0&+0&!R:3]).[O&D0&v2&H2&+0&!R:4].[S&D2&v2&H0&+0&!R:5],[9],[1]
16,[C&D3&v4&H0&+0&!R&z2:1](=[O&D1&v2&H0&+0&!R:2])-[C&D2&v4&H2&+0&!R&z0:3]-[C@&D3&v4&H1&+0&!R&z1:4](-[O&D1&v2&H1&+0&!R:5])-[C&D2&v4&H2&+0&!R&z0:6]-[C&D2&v4&H2&+0&!R&z0:7]>>[C&D3&v4&H0&+0&!R&z2:1](=[O&D1&v2&H0&+0&!R:2])-[C&D2&v4&H2&+0&!R&z0:3]/[C&D2&v4&H1&+0&!R&z0:4]=[C&D2&v4&H1&+0&!R&z0:6]/[C&D2&v4&H2&+0&!R&z0:7].[O&D0&v2&H2&+0&!R:5],[10],[1]
17,[C&D3&v4&H0&+0&!R&z2:1](=[O&D1&v2&H0&+0&!R:2])-[C&D2&v4&H2&+0&!R&z0:3]/[C&D2&v4&H1&+0&!R&z0:4]=[C&D2&v4&H1&+0&!R&z0:5]/[C&D2&v4&H2&+0&!R&z0:6].[O&D0&v2&H2&+0&!R:7]>>[C&D3&v4&H0&+0&!R&z2:1](=[O&D1&v2&H0&+0&!R:2])-[C&D2&v4&H2&+0&!R&z0:3]-[C@&D3&v4&H1&+0&!R&z1:4](-[O&D1&v2&H1&+0&!R:7])-[C&D2&v4&H2&+0&!R&z0:5]-[C&D2&v4&H2&+0&!R&z0:6],[10],[1]
18,[C&D3&v4&H0&+0&!R&z3:1](=[O&D1&v2&H0&+0&!R:2])-[O&D2&v2&H0&+0&!R:3].[N&D1&v3&H2&+0&!R:4]>>[C&D3&v4&H0&+0&!R&z3:1](=[O&D1&v2&H0&+0&!R:2])-[N&D2&v3&H1&+0&!R:4].[O&D1&v2&H1&+0&!R:3],"[12, 12]","[2, 1]"
19,[C&D3&v4&H0&+0&!R&z3:1](=[O&D1&v2&H0&+0&!R:2])-[N&D2&v3&H1&+0&!R:3].[O&D1&v2&H1&+0&!R:4]>>[C&D3&v4&H0&+0&!R&z3:1](=[O&D1&v2&H0&+0&!R:2])-[O&D2&v2&H0&+0&!R:4].[N&D1&v3&H2&+0&!R:3],"[12, 12]","[2, 1]"
20,[C&D3&v4&H0&+0&R&z2:1](=[O&D1&v2&H0&+0&!R:2])-[N&D3&v3&H0&+0&R:3].[O&D0&v2&H2&+0&!R:4]>>([C&D3&v4&H0&+0&!R&z2:1](=[O&D1&v2&H0&+0&!R:4])-[O&D1&v2&H1&+0&!R:2].[N&D2&v3&H1&+0&R:3]),[16],[1]
21,([C&D3&v4&H0&+0&!R&z2:1](=[O&D1&v2&H0&+0&!R:2])-[O&D1&v2&H1&+0&!R:3].[N&D2&v3&H1&+0&R:4])>>[C&D3&v4&H0&+0&R&z2:1](=[O&D1&v2&H0&+0&!R:3])-[N&D3&v3&H0&+0&R:4].[O&D0&v2&H2&+0&!R:2],[16],[1]
22,[*:1](~[O&D1&v2&H1&+0&!R:2])~[O&D1&v2&H1&+0&!R:3].[C&D2&v4&H2&+0&!R&z1:4]-[C@@&D3&v4&H1&+0&R&z1:5]1-[O&D2&v2&H0&+0&R:6]-[C@@&D3&v4&H1&+0&R&z2:7](-[n&D3&v3&H0&+0&R:8])~[H1@:9](~[O&D1&v2&H1&+0&!R:10])~[H1@@:11]~1~[O&D1&v2&H1&+0&!R:12]>>[*:1](~[O&D1&v2&H1&+0&!R:3])~[O&D2&v2&H0&+0&!R:2]-[C&D3&v4&H1&+0&R&z2:7]1-[O&D2&v2&H0&+0&R:6]-[C@&D3&v4&H1&+0&R&z1:5](-[C&D2&v4&H2&+0&!R&z1:4])~[H1@@:11](~[O&D1&v2&H1&+0&!R:12])~[H1@:9]~1~[O&D1&v2&H1&+0&!R:10].[n&D2&v3&H1&+0&R:8],[17],[3]
23,[*:1](~[O&D1&v2&H1&+0&!R:2])~[O&D2&v2&H0&+0&!R:3]-[C&D3&v4&H1&+0&R&z2:4]1-[O&D2&v2&H0&+0&R:5]-[C@&D3&v4&H1&+0&R&z1:6](-[C&D2&v4&H2&+0&!R&z1:7])~[H1@@:8](~[O&D1&v2&H1&+0&!R:9])~[H1@:10]~1~[O&D1&v2&H1&+0&!R:11].[n&D2&v3&H1&+0&R:12]>>[*:1](~[O&D1&v2&H1&+0&!R:3])~[O&D1&v2&H1&+0&!R:2].[C&D2&v4&H2&+0&!R&z1:7]-[C@@&D3&v4&H1&+0&R&z1:6]1-[O&D2&v2&H0&+0&R:5]-[C@@&D3&v4&H1&+0&R&z2:4](-[n&D3&v3&H0&+0&R:12])~[H1@:10](~[O&D1&v2&H1&+0&!R:11])~[H1@@:8]~1~[O&D1&v2&H1&+0&!R:9],[17],[3]
24,[C&D3&v4&H1&+0&R&z2:1]-[O&D2&v2&H0&+0&!R:2].[O&D0&v2&H2&+0&!R:3]>>[C&D3&v4&H1&+0&R&z2:1]-[O&D1&v2&H1&+0&!R:3].[O&D1&v2&H1&+0&!R:2],[19],[2]
25,[C&D3&v4&H1&+0&R&z2:1]-[O&D1&v2&H1&+0&!R:2].[O&D1&v2&H1&+0&!R:3]>>[C&D3&v4&H1&+0&R&z2:1]-[O&D2&v2&H0&+0&!R:3].[O&D0&v2&H2&+0&!R:2],[19],[2]
26,[O&D0&v2&H2&+0&!R:1].[O&D2&v2&H0&+0&!R:2]-[C@@&D3&v4&H1&+0&R&z2:3]1-[O&D2&v2&H0&+0&R:4]-[C@&D3&v4&H1&+0&R&z1:5](-[C&D2&v4&H2&+0&!R&z1:6])-[C@@&D3&v4&H1&+0&R&z1:7](-[O&D1&v2&H1&+0&!R:8])-[C@&D3&v4&H1&+0&R&z1:9](-[O&D1&v2&H1&+0&!R:10])-[C@&D3&v4&H1&+0&R&z1:11]-1-[O&D1&v2&H1&+0&!R:12]>>[C&D2&v4&H2&+0&!R&z1:6]-[C@@&D3&v4&H1&+0&R&z1:5]1-[O&D2&v2&H0&+0&R:4]-[C&D3&v4&H1&+0&R&z2:3](-[O&D1&v2&H1&+0&!R:1])-[C@@&D3&v4&H1&+0&R&z1:11](-[O&D1&v2&H1&+0&!R:12])-[C@@&D3&v4&H1&+0&R&z1:9](-[O&D1&v2&H1&+0&!R:10])-[C@&D3&v4&H1&+0&R&z1:7]-1-[O&D1&v2&H1&+0&!R:8].[O&D1&v2&H1&+0&!R:2],[19],[1]
27,[C&D2&v4&H2&+0&!R&z1:1]-[C@@&D3&v4&H1&+0&R&z1:2]1-[O&D2&v2&H0&+0&R:3]-[C&D3&v4&H1&+0&R&z2:4](-[O&D1&v2&H1&+0&!R:5])-[C@@&D3&v4&H1&+0&R&z1:6](-[O&D1&v2&H1&+0&!R:7])-[C@@&D3&v4&H1&+0&R&z1:8](-[O&D1&v2&H1&+0&!R:9])-[C@&D3&v4&H1&+0&R&z1:10]-1-[O&D1&v2&H1&+0&!R:11].[O&D1&v2&H1&+0&!R:12]>>[O&D0&v2&H2&+0&!R:5].[O&D2&v2&H0&+0&!R:12]-[C@@&D3&v4&H1&+0&R&z2:4]1-[O&D2&v2&H0&+0&R:3]-[C@&D3&v4&H1&+0&R&z1:2](-[C&D2&v4&H2&+0&!R&z1:1])-[C@@&D3&v4&H1&+0&R&z1:10](-[O&D1&v2&H1&+0&!R:11])-[C@&D3&v4&H1&+0&R&z1:8](-[O&D1&v2&H1&+0&!R:9])-[C@&D3&v4&H1&+0&R&z1:6]-1-[O&D1&v2&H1&+0&!R:7],[19],[1]
28,[C&D3&v4&H0&+0&!R&z2:1](-[O&D1&v2&H1&+0&!R:2])-[C&D2&v4&H2&+0&!R&z0:3]-[C@@&D3&v4&H1&+0&!R&z1:4](-[O&D1&v2&H1&+0&!R:5])~[*:6](~[O&D1&v2&H0&+0&!R:7])~[O&D1&v2&H1&+0&!R:8].[c&D3&v4&H0&+0&R&z0:9]1:[c&D2&v4&H1&+0&R&z0:10]:[c&D2&v4&H1&+0&R&z0:11]:[c&D2&v4&H1&+0&R&z1:12]:[n&D3&v4&H0&+&R:13]:[c&D2&v4&H1&+0&R&z1:14]:1>>[C&D1&v4&H3&+0&!R&z0:3]-[C&D3&v4&H0&+0&!R&z1:4](=[O&D1&v2&H0&+0&!R:5])~[*:6](~[O&D1&v2&H0&+0&!R:7])~[O&D1&v2&H1&+0&!R:8].[C&D3&v4&H0&+0&R&z0:9]1=[C&D2&v4&H1&+0&R&z1:14]-[N&D3&v3&H0&+0&R:13]-[C&D2&v4&H1&+0&R&z1:12]=[C&D2&v4&H1&+0&R&z0:11]-[C&D2&v4&H2&+0&R&z0:10]-1.[O&D1&v2&H0&+0&!R:2]=[C&D2&v4&H0&+0&!R&z2:1],[21],[1]
29,[C&D1&v4&H3&+0&!R&z0:1]-[C&D3&v4&H0&+0&!R&z1:2](=[O&D1&v2&H0&+0&!R:3])~[*:4](~[O&D1&v2&H0&+0&!R:5])~[O&D1&v2&H1&+0&!R:6].[C&D3&v4&H0&+0&R&z0:7]1=[C&D2&v4&H1&+0&R&z1:8]-[N&D3&v3&H0&+0&R:9]-[C&D2&v4&H1&+0&R&z1:10]=[C&D2&v4&H1&+0&R&z0:11]-[C&D2&v4&H2&+0&R&z0:12]-1.[O&D1&v2&H0&+0&!R:13]=[C&D2&v4&H0&+0&!R&z2:14]>>[C&D3&v4&H0&+0&!R&z2:14](-[O&D1&v2&H1&+0&!R:13])-[C&D2&v4&H2&+0&!R&z0:1]-[C@@&D3&v4&H1&+0&!R&z1:2](-[O&D1&v2&H1&+0&!R:3])~[*:4](~[O&D1&v2&H0&+0&!R:5])~[O&D1&v2&H1&+0&!R:6].[c&D3&v4&H0&+0&R&z0:7]1:[c&D2&v4&H1&+0&R&z0:12]:[c&D2&v4&H1&+0&R&z0:11]:[c&D2&v4&H1&+0&R&z1:10]:[n&D3&v4&H0&+&R:9]:[c&D2&v4&H1&+0&R&z1:8]:1,[21],[1]
30,[C&D3&v4&H0&+0&!R&z2:1](=[O&D1&v2&H0&+0&!R:2])-[S&D2&v2&H0&+0&!R:3].[N&D1&v3&H2&+0&!R:4]>>[C&D3&v4&H0&+0&!R&z2:1](=[O&D1&v2&H0&+0&!R:2])-[N&D2&v3&H1&+0&!R:4].[S&D1&v2&H1&+0&!R:3],[22],[1]
31,[C&D3&v4&H0&+0&!R&z2:1](=[O&D1&v2&H0&+0&!R:2])-[N&D2&v3&H1&+0&!R:3].[S&D1&v2&H1&+0&!R:4]>>[C&D3&v4&H0&+0&!R&z2:1](=[O&D1&v2&H0&+0&!R:2])-[S&D2&v2&H0&+0&!R:4].[N&D1&v3&H2&+0&!R:3],[22],[1]
32,[C&D1&v4&H3&+0&!R&z1:1]-[S&D3&v3&H0&+&!R:2].[N&D1&v3&H2&+0&!R:3]>>[C&D1&v4&H3&+0&!R&z1:1]-[N&D2&v3&H1&+0&!R:3].[S&D2&v2&H0&+0&!R:2],"[23, 1005]","[1, 1]"
33,[C&D1&v4&H3&+0&!R&z1:1]-[N&D2&v3&H1&+0&!R:2].[S&D2&v2&H0&+0&!R:3]>>[C&D1&v4&H3&+0&!R&z1:1]-[S&D3&v3&H0&+&!R:3].[N&D1&v3&H2&+0&!R:2],"[23, 1005]","[1, 1]"
34,[N&D3&v3&H0&+0&!R:1]-[C&D3&v4&H0&+0&!R&z3:2](-[N&D1&v3&H2&+0&!R:3])=[O&D1&v2&H0&+0&!R:4].[O&D0&v2&H2&+0&!R:5]>>[N&D0&v3&H3&+0&!R:3].[N&D2&v3&H1&+0&!R:1].[O&D1&v2&H0&+0&!R:4]=[C&D2&v4&H0&+0&!R&z2:2]=[O&D1&v2&H0&+0&!R:5],[25],[1]
35,[N&D0&v3&H3&+0&!R:1].[N&D2&v3&H1&+0&!R:2].[O&D1&v2&H0&+0&!R:3]=[C&D2&v4&H0&+0&!R&z2:4]=[O&D1&v2&H0&+0&!R:5]>>[N&D3&v3&H0&+0&!R:2]-[C&D3&v4&H0&+0&!R&z3:4](-[N&D1&v3&H2&+0&!R:1])=[O&D1&v2&H0&+0&!R:3].[O&D0&v2&H2&+0&!R:5],[25],[1]
36,[O&D0&v2&H2&+0&!R:1].[O&D2&v2&H0&+0&!R:2]-[P&D4&v5&H0&+0&!R:3]>>[O&D1&v2&H1&+0&!R:2].[P&D4&v5&H0&+0&!R:3]-[O&D1&v2&H1&+0&!R:1],"[27, 27, 47, 160, 472]","[1, 2, 1, 1, 2]"
37,[O&D1&v2&H1&+0&!R:1].[P&D4&v5&H0&+0&!R:2]-[O&D1&v2&H1&+0&!R:3]>>[O&D0&v2&H2&+0&!R:3].[O&D2&v2&H0&+0&!R:1]-[P&D4&v5&H0&+0&!R:2],"[27, 27, 47, 160, 472]","[1, 2, 1, 1, 2]"
38,[O&D0&v2&H2&+0&!R:1].[O&D2&v2&H0&+0&!R:2]-[P&D4&v5&H0&+0&!R:3]~[*:4]~[H1@:5]~[H1@:6]~[O&D1&v2&H1&+0&!R:7]>>[O&D1&v2&H1&+0&!R:2].[P&D4&v5&H0&+0&!R:3](-[O&D1&v2&H1&+0&!R:1])~[*:4]~[H1@:5]~[H1@:6]~[O&D1&v2&H1&+0&!R:7],[28],[1]
39,[O&D1&v2&H1&+0&!R:1].[P&D4&v5&H0&+0&!R:2](-[O&D1&v2&H1&+0&!R:3])~[*:4]~[H1@:5]~[H1@:6]~[O&D1&v2&H1&+0&!R:7]>>[O&D0&v2&H2&+0&!R:3].[O&D2&v2&H0&+0&!R:1]-[P&D4&v5&H0&+0&!R:2]~[*:4]~[H1@:5]~[H1@:6]~[O&D1&v2&H1&+0&!R:7],[28],[1]
40,[N&D1&v3&H2&+0&!R:1]-[C&D3&v4&H0&+0&!R&z2:2]=[O&D1&v2&H0&+0&!R:3].[O&D0&v2&H2&+0&!R:4]>>[C&D3&v4&H0&+0&!R&z2:2](=[O&D1&v2&H0&+0&!R:3])-[O&D1&v2&H1&+0&!R:4].[N&D0&v3&H3&+0&!R:1],"[29, 301, 455, 455, 726]","[1, 1, 3, 2, 2]"
41,[C&D3&v4&H0&+0&!R&z2:1](=[O&D1&v2&H0&+0&!R:2])-[O&D1&v2&H1&+0&!R:3].[N&D0&v3&H3&+0&!R:4]>>[N&D1&v3&H2&+0&!R:4]-[C&D3&v4&H0&+0&!R&z2:1]=[O&D1&v2&H0&+0&!R:2].[O&D0&v2&H2&+0&!R:3],"[29, 301, 455, 455, 726]","[1, 1, 3, 2, 2]"
42,[N&D3&v3&H0&+0&R:1]1-[C&D2&v4&H2&+0&R&z2:2]-[N&D3&v3&H0&+0&R:3]-[C&D2&v4&H2&+0&R&z1:4]-[C@@&D3&v4&H1&+0&R&z1:5]-1-[C&D2&v4&H2&+0&R&z1:6].[c&D2&v4&H1&+0&R&z0:7]:[c&D2&v4&H1&+0&R&z1:8]>>[C&D1&v4&H3&+0&!R&z0:2]-[c&D3&v4&H0&+0&R&z0:7]:[c&D2&v4&H1&+0&R&z1:8].[N&D2&v3&H0&+0&R:1]=[C&D3&v4&H0&+0&R&z1:5](-[C&D2&v4&H2&+0&!R&z1:4]-[N&D2&v3&H1&+0&!R:3])-[C&D2&v4&H2&+0&R&z1:6],[31],[2]
43,[C&D1&v4&H3&+0&!R&z0:1]-[c&D3&v4&H0&+0&R&z0:2]:[c&D2&v4&H1&+0&R&z1:3].[N&D2&v3&H0&+0&R:4]=[C&D3&v4&H0&+0&R&z1:5](-[C&D2&v4&H2&+0&!R&z1:6]-[N&D2&v3&H1&+0&!R:7])-[C&D2&v4&H2&+0&R&z1:8]>>[N&D3&v3&H0&+0&R:4]1-[C&D2&v4&H2&+0&R&z2:1]-[N&D3&v3&H0&+0&R:7]-[C&D2&v4&H2&+0&R&z1:6]-[C@@&D3&v4&H1&+0&R&z1:5]-1-[C&D2&v4&H2&+0&R&z1:8].[c&D2&v4&H1&+0&R&z0:2]:[c&D2&v4&H1&+0&R&z1:3],[31],[2]
44,[O&D1&v2&H1&+0&!R:1].[O&D2&v2&H0&+0&!R:2]-[P&D4&v5&H0&+0&!R:3]-[O&D1&v2&H1&+0&!R:4]>>[O&D1&v2&H1&+0&!R:2].[O&D2&v2&H0&+0&!R:1]-[P&D4&v5&H0&+0&!R:3]-[O&D1&v2&H1&+0&!R:4],"[35, 35]","[1, 1]"
45,[C&D1&v4&H3&+0&!R&z0:1]-[C@&D3&v4&H1&+0&!R&z1:2](-[Cl&D1&v1&H0&+0&!R:3])-[C&D3&v4&H0&+0&!R&z2:4].[O&D0&v2&H2&+0&!R:5]>>[C&D1&v4&H3&+0&!R&z0:1]-[C&D3&v4&H1&+0&!R&z1:2](-[O&D1&v2&H1&+0&!R:5])-[C&D3&v4&H0&+0&!R&z2:4].[Cl&D0&v1&H1&+0&!R:3],[36],[1]
46,[C&D1&v4&H3&+0&!R&z0:1]-[C&D3&v4&H1&+0&!R&z1:2](-[O&D1&v2&H1&+0&!R:3])-[C&D3&v4&H0&+0&!R&z2:4].[Cl&D0&v1&H1&+0&!R:5]>>[C&D1&v4&H3&+0&!R&z0:1]-[C@&D3&v4&H1&+0&!R&z1:2](-[Cl&D1&v1&H0&+0&!R:5])-[C&D3&v4&H0&+0&!R&z2:4].[O&D0&v2&H2&+0&!R:3],[36],[1]
47,[O&D0&v2&H2&+0&!R:1].[O&D0&v2&H2&+0&!R:2].[c&D3&v4&H0&+0&R&z2:3]1:[c&D3&v4&H0&+0&R&z1:4]:[n&D2&v3&H0&+0&R:5]:[c&D2&v4&H1&+0&R&z2:6]:[n&D3&v3&H0&+0&R:7]:1-[C@@&D3&v4&H1&+0&R&z2:8]1-[O&D2&v2&H0&+0&R:9]-[C@@&D3&v4&H1&+0&R&z1:10](-[C&D2&v4&H2&+0&!R&z1:11])-[C@&D3&v4&H1&+0&R&z1:12](-[O&D1&v2&H1&+0&!R:13])-[C@&D3&v4&H1&+0&R&z1:14]-1-[O&D1&v2&H1&+0&!R:15]>>[O&D0&v2&H2&+0&!R:15].[O&D1&v2&H0&+0&!R:1]=[C&D2&v4&H1&+0&!R&z2:6]-[O&D1&v2&H1&+0&!R:2].[c&D3&v4&H0&+0&R&z2:3]1:[c&D3&v4&H0&+0&R&z1:4]-[N&D2&v3&H0&+0&R:5]=[C&D3&v4&H0&+0&R&z1:14](-[C@@&D3&v4&H1&+0&!R&z1:12](-[O&D1&v2&H1&+0&!R:13])-[C@@&D3&v4&H1&+0&!R&z1:10](-[O&D1&v2&H1&+0&!R:9])-[C&D2&v4&H2&+0&!R&z1:11])-[C&D2&v4&H2&+0&R&z1:8]-[N&D2&v3&H1&+0&R:7]-1,[38],[1]
48,[O&D0&v2&H2&+0&!R:1].[O&D1&v2&H0&+0&!R:2]=[C&D2&v4&H1&+0&!R&z2:3]-[O&D1&v2&H1&+0&!R:4].[c&D3&v4&H0&+0&R&z2:5]1:[c&D3&v4&H0&+0&R&z1:6]-[N&D2&v3&H0&+0&R:7]=[C&D3&v4&H0&+0&R&z1:8](-[C@@&D3&v4&H1&+0&!R&z1:9](-[O&D1&v2&H1&+0&!R:10])-[C@@&D3&v4&H1&+0&!R&z1:11](-[O&D1&v2&H1&+0&!R:12])-[C&D2&v4&H2&+0&!R&z1:13])-[C&D2&v4&H2&+0&R&z1:14]-[N&D2&v3&H1&+0&R:15]-1>>[O&D0&v2&H2&+0&!R:2].[O&D0&v2&H2&+0&!R:4].[c&D3&v4&H0&+0&R&z2:5]1:[c&D3&v4&H0&+0&R&z1:6]:[n&D2&v3&H0&+0&R:7]:[c&D2&v4&H1&+0&R&z2:3]:[n&D3&v3&H0&+0&R:15]:1-[C@@&D3&v4&H1&+0&R&z2:14]1-[O&D2&v2&H0&+0&R:12]-[C@@&D3&v4&H1&+0&R&z1:11](-[C&D2&v4&H2&+0&!R&z1:13])-[C@&D3&v4&H1&+0&R&z1:9](-[O&D1&v2&H1&+0&!R:10])-[C@&D3&v4&H1&+0&R&z1:8]-1-[O&D1&v2&H1&+0&!R:1],[38],[1]
49,[O&D1&v2&H1&+0&!R:1].[O&D2&v2&H0&+0&!R:2]-[P&D4&v5&H0&+0&!R:3]>>[O&D1&v2&H1&+0&!R:2].[O&D2&v2&H0&+0&!R:1]-[P&D4&v5&H0&+0&!R:3],"[40, 40, 653, 653]","[1, 1, 1, 1]"
50,[O&D0&v2&H2&+0&!R:1].[O&D2&v2&H0&+0&!R:2]-[P&D4&v5&H0&+0&!R:3]=[O&D1&v2&H0&+0&!R:4]>>[O&D1&v2&H1&+0&!R:2].[P&D4&v5&H0&+0&!R:3](=[O&D1&v2&H0&+0&!R:4])-[O&D1&v2&H1&+0&!R:1],"[42, 242]","[1, 1]"
51,[O&D1&v2&H1&+0&!R:1].[P&D4&v5&H0&+0&!R:2](=[O&D1&v2&H0&+0&!R:3])-[O&D1&v2&H1&+0&!R:4]>>[O&D0&v2&H2&+0&!R:4].[O&D2&v2&H0&+0&!R:1]-[P&D4&v5&H0&+0&!R:2]=[O&D1&v2&H0&+0&!R:3],"[42, 242]","[1, 1]"
52,[O&D0&v2&H2&+0&!R:1].[O&D2&v2&H0&+0&!R:2]-[P&D4&v5&H0&+0&!R:3](=[O&D1&v2&H0&+0&!R:4])-[O&D1&v2&H1&+0&!R:5]>>[O&D1&v2&H0&+0&!R:4]=[P&D4&v5&H0&+0&!R:3](-[O&D1&v2&H1&+0&!R:5])-[O&D1&v2&H1&+0&!R:1].[O&D1&v2&H1&+0&!R:2],"[44, 546, 546]","[1, 1, 2]"
53,[O&D1&v2&H0&+0&!R:1]=[P&D4&v5&H0&+0&!R:2](-[O&D1&v2&H1&+0&!R:3])-[O&D1&v2&H1&+0&!R:4].[O&D1&v2&H1&+0&!R:5]>>[O&D0&v2&H2&+0&!R:4].[O&D2&v2&H0&+0&!R:5]-[P&D4&v5&H0&+0&!R:2](=[O&D1&v2&H0&+0&!R:1])-[O&D1&v2&H1&+0&!R:3],"[44, 546, 546]","[1, 1, 2]"
54,([O&D1&v2&H1&+0&!R:1].[O&D2&v2&H0&+0&!R:2]-[C@@&D3&v4&H1&+0&R&z1:3]1-[C@&D3&v4&H1&+0&R&z1:4](-[O&D1&v2&H1&+0&!R:5])-[C@@&D3&v4&H1&+0&R&z1:6](-[O&D1&v2&H1&+0&!R:7])-[C@&D3&v4&H1&+0&R&z2:8](-[O&D2&v2&H0&+0&!R:9])-[O&D2&v2&H0&+0&R:10]-[C@&D3&v4&H1&+0&R&z1:11]-1-[C&D2&v4&H2&+0&!R&z1:12])>>[C&D2&v4&H2&+0&!R&z1:12]-[C@@&D3&v4&H1&+0&R&z1:11]1-[O&D2&v2&H0&+0&R:10]-[C@@&D3&v4&H1&+0&R&z2:8](-[O&D2&v2&H0&+0&R:9])-[C@@&D3&v4&H1&+0&R&z1:6](-[C@&D3&v4&H1&+0&R&z1:4](-[C&D3&v4&H1&+0&R&z1:3]-1-[O&D2&v2&H0&+0&R:1])-[O&D1&v2&H1&+0&!R:5])-[O&D1&v2&H1&+0&!R:7].[O&D1&v2&H1&+0&!R:2],[45],[1]
55,[C&D2&v4&H2&+0&!R&z1:1]-[C@@&D3&v4&H1&+0&R&z1:2]1-[O&D2&v2&H0&+0&R:3]-[C@@&D3&v4&H1&+0&R&z2:4](-[O&D2&v2&H0&+0&R:5])-[C@@&D3&v4&H1&+0&R&z1:6](-[C@&D3&v4&H1&+0&R&z1:7](-[C&D3&v4&H1&+0&R&z1:8]-1-[O&D2&v2&H0&+0&R:9])-[O&D1&v2&H1&+0&!R:10])-[O&D1&v2&H1&+0&!R:11].[O&D1&v2&H1&+0&!R:12]>>([O&D1&v2&H1&+0&!R:9].[O&D2&v2&H0&+0&!R:12]-[C@@&D3&v4&H1&+0&R&z1:8]1-[C@&D3&v4&H1&+0&R&z1:7](-[O&D1&v2&H1&+0&!R:10])-[C@@&D3&v4&H1&+0&R&z1:6](-[O&D1&v2&H1&+0&!R:11])-[C@&D3&v4&H1&+0&R&z2:4](-[O&D2&v2&H0&+0&!R:5])-[O&D2&v2&H0&+0&R:3]-[C@&D3&v4&H1&+0&R&z1:2]-1-[C&D2&v4&H2&+0&!R&z1:1]),[45],[1]
56,[C&D1&v4&H3&+0&!R&z1:1]-[S&D3&v3&H0&+&!R:2].[N&D1&v3&H2&+0&!R:3]>>[N&D2&v3&H1&+0&!R:3]-[C&D1&v4&H3&+0&!R&z1:1].[S&D2&v2&H0&+0&!R:2],"[46, 350, 691, 703]","[1, 1, 1, 1]"
57,[N&D2&v3&H1&+0&!R:1]-[C&D1&v4&H3&+0&!R&z1:2].[S&D2&v2&H0&+0&!R:3]>>[C&D1&v4&H3&+0&!R&z1:2]-[S&D3&v3&H0&+&!R:3].[N&D1&v3&H2&+0&!R:1],"[46, 350, 691, 703]","[1, 1, 1, 1]"
58,[C&D2&v4&H2&+0&!R&z1:1]-[C@@&D3&v4&H1&+0&R&z1:2]1-[O&D2&v2&H0&+0&R:3]-[C@&D3&v4&H1&+0&R&z2:4](-[O&D2&v2&H0&+0&!R:5]~[*:6]~[*:7]~[*:8]~[O&D1&v2&H1&+0&!R:9])-[C@&D3&v4&H1&+0&R&z1:10](-[O&D1&v2&H1&+0&!R:11])-[C@&D3&v4&H1&+0&R&z1:12]-1-[O&D1&v2&H1&+0&!R:13].[n&D2&v3&H1&+0&R:14]>>[*:6](~[O&D1&v2&H1&+0&!R:5])~[*:7]~[*:8]~[O&D1&v2&H1&+0&!R:9].[n&D3&v3&H0&+0&R:14]-[C&D3&v4&H1&+0&R&z2:4]1-[O&D2&v2&H0&+0&R:3]-[C@&D3&v4&H1&+0&R&z1:2](-[C&D2&v4&H2&+0&!R&z1:1])-[C@@&D3&v4&H1&+0&R&z1:12](-[O&D1&v2&H1&+0&!R:13])-[C@@&D3&v4&H1&+0&R&z1:10]-1-[O&D1&v2&H1&+0&!R:11],[48],[1]
59,[*:1](~[O&D1&v2&H1&+0&!R:2])~[*:3]~[*:4]~[O&D1&v2&H1&+0&!R:5].[n&D3&v3&H0&+0&R:6]-[C&D3&v4&H1&+0&R&z2:7]1-[O&D2&v2&H0&+0&R:8]-[C@&D3&v4&H1&+0&R&z1:9](-[C&D2&v4&H2&+0&!R&z1:10])-[C@@&D3&v4&H1&+0&R&z1:11](-[O&D1&v2&H1&+0&!R:12])-[C@@&D3&v4&H1&+0&R&z1:13]-1-[O&D1&v2&H1&+0&!R:14]>>[C&D2&v4&H2&+0&!R&z1:10]-[C@@&D3&v4&H1&+0&R&z1:9]1-[O&D2&v2&H0&+0&R:8]-[C@&D3&v4&H1&+0&R&z2:7](-[O&D2&v2&H0&+0&!R:2]~[*:1]~[*:3]~[*:4]~[O&D1&v2&H1&+0&!R:5])-[C@&D3&v4&H1&+0&R&z1:13](-[O&D1&v2&H1&+0&!R:14])-[C@&D3&v4&H1&+0&R&z1:11]-1-[O&D1&v2&H1&+0&!R:12].[n&D2&v3&H1&+0&R:6],[48],[1]
60,[N&D1&v3&H2&+0&!R:1]-[C@&D3&v4&H1&+0&!R&z1:2](-[C&D2&v4&H2&+0&!R&z0:3])-[C&D3&v4&H0&+0&!R&z2:4]-[O&D1&v2&H1&+0&!R:5]>>[C&D2&v4&H0&+0&!R&z2:4]=[O&D1&v2&H0&+0&!R:5].[N&D1&v3&H2&+0&!R:1]-[C&D2&v4&H2&+0&!R&z1:2]-[C&D2&v4&H2&+0&!R&z0:3],[49],[1]
61,[C&D2&v4&H0&+0&!R&z2:1]=[O&D1&v2&H0&+0&!R:2].[N&D1&v3&H2&+0&!R:3]-[C&D2&v4&H2&+0&!R&z1:4]-[C&D2&v4&H2&+0&!R&z0:5]>>[N&D1&v3&H2&+0&!R:3]-[C@&D3&v4&H1&+0&!R&z1:4](-[C&D2&v4&H2&+0&!R&z0:5])-[C&D3&v4&H0&+0&!R&z2:1]-[O&D1&v2&H1&+0&!R:2],[49],[1]
62,[C&D3&v4&H0&+0&!R&z2:1](-[O&D1&v2&H1&+0&!R:2])-[c&D3&v4&H0&+0&R&z1:3]>>[O&D1&v2&H0&+0&!R:2]=[C&D2&v4&H0&+0&!R&z2:1].[c&D2&v4&H1&+0&R&z1:3],[50],[1]
63,[O&D1&v2&H0&+0&!R:1]=[C&D2&v4&H0&+0&!R&z2:2].[c&D2&v4&H1&+0&R&z1:3]>>[C&D3&v4&H0&+0&!R&z2:2](-[O&D1&v2&H1&+0&!R:1])-[c&D3&v4&H0&+0&R&z1:3],[50],[1]
64,[C&D3&v4&H0&+0&!R&z2:1](-[O&D1&v2&H1&+0&!R:2])-[c&D3&v4&H0&+0&R&z1:3]:[c&D2&v4&H1&+0&R&z0:4]>>[O&D1&v2&H0&+0&!R:2]=[C&D2&v4&H0&+0&!R&z2:1].[c&D2&v4&H1&+0&R&z0:4]:[c&D2&v4&H1&+0&R&z1:3],[50],[3]
65,[O&D1&v2&H0&+0&!R:1]=[C&D2&v4&H0&+0&!R&z2:2].[c&D2&v4&H1&+0&R&z0:3]:[c&D2&v4&H1&+0&R&z1:4]>>[C&D3&v4&H0&+0&!R&z2:2](-[O&D1&v2&H1&+0&!R:1])-[c&D3&v4&H0&+0&R&z1:4]:[c&D2&v4&H1&+0&R&z0:3],[50],[3]
66,[C&D3&v4&H0&+0&!R&z2:1](-[O&D1&v2&H1&+0&!R:2])-[c&D3&v4&H0&+0&R&z1:3]:[c&D2&v4&H1&+0&R&z0:4]:[c&D3&v4&H0&+0&R&z2:5]=[O&D1&v2&H0&+0&!R:6]>>[O&D1&v2&H0&+0&!R:2]=[C&D2&v4&H0&+0&!R&z2:1].[O&D1&v2&H0&+0&!R:6]=[c&D3&v4&H0&+0&R&z2:5]:[c&D2&v4&H1&+0&R&z0:4]:[c&D2&v4&H1&+0&R&z1:3],[50],[2]
67,[O&D1&v2&H0&+0&!R:1]=[C&D2&v4&H0&+0&!R&z2:2].[O&D1&v2&H0&+0&!R:3]=[c&D3&v4&H0&+0&R&z2:4]:[c&D2&v4&H1&+0&R&z0:5]:[c&D2&v4&H1&+0&R&z1:6]>>[C&D3&v4&H0&+0&!R&z2:2](-[O&D1&v2&H1&+0&!R:1])-[c&D3&v4&H0&+0&R&z1:6]:[c&D2&v4&H1&+0&R&z0:5]:[c&D3&v4&H0&+0&R&z2:4]=[O&D1&v2&H0&+0&!R:3],[50],[2]
68,[*:1](~[O&D1&v2&H1&+0&!R:2])~[O&D2&v2&H0&+0&!R:3]-[P&D4&v5&H0&+0&!R:4](-[O&D1&v2&H1&+0&!R:5])-[O&D1&v2&H1&+0&!R:6].[C&D3&v4&H0&+0&!R&z2:7](-[O&D1&v2&H1&+0&!R:8])-[C&D2&v4&H2&+0&!R&z0:9]-[C&D3&v4&H0&+0&!R&z1:10](=[O&D1&v2&H0&+0&!R:11])~[*:12]~[O&D1&v2&H0&+0&!R:13]>>[*:1](~[O&D1&v2&H1&+0&!R:2])~[O&D1&v2&H1&+0&!R:3].[C&D1&v4&H2&+0&!R&z0:9]=[C&D3&v4&H0&+0&!R&z1:10](-[O&D2&v2&H0&+0&!R:11]-[P&D4&v5&H0&+0&!R:4](-[O&D1&v2&H1&+0&!R:5])-[O&D1&v2&H1&+0&!R:6])~[*:12]~[O&D1&v2&H0&+0&!R:13].[O&D1&v2&H0&+0&!R:8]=[C&D2&v4&H0&+0&!R&z2:7],[51],[1]
69,[*:1](~[O&D1&v2&H1&+0&!R:2])~[O&D1&v2&H1&+0&!R:3].[C&D1&v4&H2&+0&!R&z0:4]=[C&D3&v4&H0&+0&!R&z1:5](-[O&D2&v2&H0&+0&!R:6]-[P&D4&v5&H0&+0&!R:7](-[O&D1&v2&H1&+0&!R:8])-[O&D1&v2&H1&+0&!R:9])~[*:10]~[O&D1&v2&H0&+0&!R:11].[O&D1&v2&H0&+0&!R:12]=[C&D2&v4&H0&+0&!R&z2:13]>>[*:1](~[O&D1&v2&H1&+0&!R:2])~[O&D2&v2&H0&+0&!R:3]-[P&D4&v5&H0&+0&!R:7](-[O&D1&v2&H1&+0&!R:8])-[O&D1&v2&H1&+0&!R:9].[C&D3&v4&H0&+0&!R&z2:13](-[O&D1&v2&H1&+0&!R:12])-[C&D2&v4&H2&+0&!R&z0:4]-[C&D3&v4&H0&+0&!R&z1:5](=[O&D1&v2&H0&+0&!R:6])~[*:10]~[O&D1&v2&H0&+0&!R:11],[51],[1]
70,[O&D1&v2&H0&+0&!R:1]=[C&D2&v4&H1&+0&!R&z1:2].[O&D1&v2&H0&+0&!R:3]=[C&D3&v4&H0&+0&!R&z1:4](-[C&D2&v4&H2&+0&!R&z1:5])~[*:6]~[*:7]~[*:8]~[O&D1&v2&H1&+0&!R:9].([O&D1&v2&H0&+0&!R:10]=[C&D3&v4&H0&+0&!R&z1:11].[O&D1&v2&H1&+0&!R:12])>>[O&D1&v2&H0&+0&!R:3]=[C&D3&v4&H0&+0&!R&z1:4](~[*:6]~[*:7]~[*:8]~[O&D1&v2&H1&+0&!R:9])-[C&D3&v4&H1&+0&!R&z1:5]-[C&D3&v4&H1&+0&!R&z1:2]-[O&D1&v2&H1&+0&!R:1].[O&D2&v2&H0&+0&R:12]-[C&D4&v4&H0&+0&R&z2:11]-[O&D1&v2&H1&+0&!R:10],[52],[1]
71,[O&D1&v2&H0&+0&!R:1]=[C&D3&v4&H0&+0&!R&z1:2](~[*:3]~[*:4]~[*:5]~[O&D1&v2&H1&+0&!R:6])-[C&D3&v4&H1&+0&!R&z1:7]-[C&D3&v4&H1&+0&!R&z1:8]-[O&D1&v2&H1&+0&!R:9].[O&D2&v2&H0&+0&R:10]-[C&D4&v4&H0&+0&R&z2:11]-[O&D1&v2&H1&+0&!R:12]>>[O&D1&v2&H0&+0&!R:9]=[C&D2&v4&H1&+0&!R&z1:8].[O&D1&v2&H0&+0&!R:1]=[C&D3&v4&H0&+0&!R&z1:2](-[C&D2&v4&H2&+0&!R&z1:7])~[*:3]~[*:4]~[*:5]~[O&D1&v2&H1&+0&!R:6].([O&D1&v2&H0&+0&!R:12]=[C&D3&v4&H0&+0&!R&z1:11].[O&D1&v2&H1&+0&!R:10]),[52],[1]
72,[O&D0&v2&H2&+0&!R:1].[O&D1&v2&H0&+0&!R:2]=[C&D2&v4&H1&+0&!R&z1:3].[S&D2&v2&H0&+0&!R:4]-[C&D3&v4&H0&+0&!R&z2:5](-[C&D1&v4&H3&+0&!R&z0:6])=[O&D1&v2&H0&+0&!R:7]>>[O&D1&v2&H0&+0&!R:7]=[C&D3&v4&H0&+0&!R&z2:5](-[O&D1&v2&H1&+0&!R:1])-[C&D2&v4&H2&+0&!R&z0:6]-[C&D3&v4&H1&+0&!R&z1:3]-[O&D1&v2&H1&+0&!R:2].[S&D1&v2&H1&+0&!R:4],[53],[1]
73,[O&D1&v2&H0&+0&!R:1]=[C&D3&v4&H0&+0&!R&z2:2](-[O&D1&v2&H1&+0&!R:3])-[C&D2&v4&H2&+0&!R&z0:4]-[C&D3&v4&H1&+0&!R&z1:5]-[O&D1&v2&H1&+0&!R:6].[S&D1&v2&H1&+0&!R:7]>>[O&D0&v2&H2&+0&!R:3].[O&D1&v2&H0&+0&!R:6]=[C&D2&v4&H1&+0&!R&z1:5].[S&D2&v2&H0&+0&!R:7]-[C&D3&v4&H0&+0&!R&z2:2](-[C&D1&v4&H3&+0&!R&z0:4])=[O&D1&v2&H0&+0&!R:1],[53],[1]
74,[O&D1&v2&H0&+0&!R:1]=[C&D3&v4&H0&+0&R&z1:2]-[C&D2&v4&H2&+0&R&z0:3]-[C@&D4&v4&H0&+0&R&z1:4](-[O&D1&v2&H1&+0&!R:5])(-[C&D3&v4&H0&+0&!R&z2:6])-[C&D2&v4&H2&+0&R&z0:7]>>[C&D3&v4&H0&+0&!R&z2:6]-[C&D3&v4&H0&+0&R&z0:4](=[C&D2&v4&H1&+0&R&z0:3]-[C&D3&v4&H0&+0&R&z1:2]=[O&D1&v2&H0&+0&!R:5])-[C&D2&v4&H2&+0&R&z0:7].[O&D0&v2&H2&+0&!R:1],[54],[1]
75,[C&D3&v4&H0&+0&!R&z2:1]-[C&D3&v4&H0&+0&R&z0:2](=[C&D2&v4&H1&+0&R&z0:3]-[C&D3&v4&H0&+0&R&z1:4]=[O&D1&v2&H0&+0&!R:5])-[C&D2&v4&H2&+0&R&z0:6].[O&D0&v2&H2&+0&!R:7]>>[O&D1&v2&H0&+0&!R:7]=[C&D3&v4&H0&+0&R&z1:4]-[C&D2&v4&H2&+0&R&z0:3]-[C@&D4&v4&H0&+0&R&z1:2](-[O&D1&v2&H1&+0&!R:5])(-[C&D3&v4&H0&+0&!R&z2:1])-[C&D2&v4&H2&+0&R&z0:6],[54],[1]
76,[O&D1&v2&H0&+0&!R:1]=[C&D3&v4&H0&+0&R&z1:2]-[C&D2&v4&H2&+0&R&z0:3]-[C&D4&v4&H0&+0&R&z1:4]-[O&D1&v2&H1&+0&!R:5]>>[C&D3&v4&H0&+0&R&z0:4]=[C&D2&v4&H1&+0&R&z0:3]-[C&D3&v4&H0&+0&R&z1:2]=[O&D1&v2&H0&+0&!R:1].[O&D0&v2&H2&+0&!R:5],[55],[1]
77,[C&D3&v4&H0&+0&R&z0:1]=[C&D2&v4&H1&+0&R&z0:2]-[C&D3&v4&H0&+0&R&z1:3]=[O&D1&v2&H0&+0&!R:4].[O&D0&v2&H2&+0&!R:5]>>[O&D1&v2&H0&+0&!R:4]=[C&D3&v4&H0&+0&R&z1:3]-[C&D2&v4&H2&+0&R&z0:2]-[C&D4&v4&H0&+0&R&z1:1]-[O&D1&v2&H1&+0&!R:5],[55],[1]
78,[O&D2&v2&H0&+0&!R:1]-[C@&D3&v4&H1&+0&R&z1:2]1-[C@&D3&v4&H1&+0&R&z1:3](-[O&D1&v2&H1&+0&!R:4])-[C@@&D3&v4&H1&+0&R&z2:5](-[n&D3&v3&H0&+0&R:6]:[c&D2&v4&H1&+0&R&z1:7]:[c&D2&v4&H1&+0&R&z0:8])-[O&D2&v2&H0&+0&R:9]-[C@@&D3&v4&H1&+0&R&z1:10]-1-[C&D2&v4&H2&+0&!R&z1:11]>>[O&D2&v2&H0&+0&!R:1]-[C@@&D3&v4&H1&+0&R&z1:2]1-[C@&D3&v4&H1&+0&R&z1:10](-[C&D2&v4&H2&+0&!R&z1:11])-[O&D2&v2&H0&+0&R:9]-[C&D3&v4&H1&+0&R&z1:5](-[c&D3&v4&H0&+0&R&z0:8]:[c&D2&v4&H1&+0&R&z1:7]:[n&D2&v3&H1&+0&R:6])-[C@@&D3&v4&H1&+0&R&z1:3]-1-[O&D1&v2&H1&+0&!R:4],"[56, 493]","[3, 3]"
79,[O&D2&v2&H0&+0&!R:1]-[C@@&D3&v4&H1&+0&R&z1:2]1-[C@&D3&v4&H1&+0&R&z1:3](-[C&D2&v4&H2&+0&!R&z1:4])-[O&D2&v2&H0&+0&R:5]-[C&D3&v4&H1&+0&R&z1:6](-[c&D3&v4&H0&+0&R&z0:7]:[c&D2&v4&H1&+0&R&z1:8]:[n&D2&v3&H1&+0&R:9])-[C@@&D3&v4&H1&+0&R&z1:10]-1-[O&D1&v2&H1&+0&!R:11]>>[O&D2&v2&H0&+0&!R:1]-[C@&D3&v4&H1&+0&R&z1:2]1-[C@&D3&v4&H1&+0&R&z1:10](-[O&D1&v2&H1&+0&!R:11])-[C@@&D3&v4&H1&+0&R&z2:6](-[n&D3&v3&H0&+0&R:9]:[c&D2&v4&H1&+0&R&z1:8]:[c&D2&v4&H1&+0&R&z0:7])-[O&D2&v2&H0&+0&R:5]-[C@@&D3&v4&H1&+0&R&z1:3]-1-[C&D2&v4&H2&+0&!R&z1:4],"[56, 493]","[3, 3]"
80,[O&D2&v2&H0&+0&!R:1]-[C@@&D3&v4&H1&+0&R&z1:2]1-[C@@&D3&v4&H1&+0&R&z1:3](-[O&D1&v2&H1&+0&!R:4])-[C@&D3&v4&H1&+0&R&z2:5](-[n&D3&v3&H0&+0&R:6]:[c&D2&v4&H1&+0&R&z1:7]:[c&D2&v4&H1&+0&R&z0:8]:[c&D3&v4&H0&+0&R&z2:9]=[O&D1&v2&H0&+0&!R:10])-[O&D2&v2&H0&+0&R:11]-[C@&D3&v4&H1&+0&R&z1:12]-1-[C&D2&v4&H2&+0&!R&z1:13]>>[O&D2&v2&H0&+0&!R:1]-[C@&D3&v4&H1&+0&R&z1:2]1-[C@@&D3&v4&H1&+0&R&z1:12](-[C&D2&v4&H2&+0&!R&z1:13])-[O&D2&v2&H0&+0&R:11]-[C&D3&v4&H1&+0&R&z1:5](-[c&D3&v4&H0&+0&R&z0:8](:[c&D2&v4&H1&+0&R&z1:7]:[n&D2&v3&H1&+0&R:6]):[c&D3&v4&H0&+0&R&z2:9]=[O&D1&v2&H0&+0&!R:10])-[C@&D3&v4&H1&+0&R&z1:3]-1-[O&D1&v2&H1&+0&!R:4],"[56, 493]","[2, 1]"
81,[O&D2&v2&H0&+0&!R:1]-[C@&D3&v4&H1&+0&R&z1:2]1-[C@@&D3&v4&H1&+0&R&z1:3](-[C&D2&v4&H2&+0&!R&z1:4])-[O&D2&v2&H0&+0&R:5]-[C&D3&v4&H1&+0&R&z1:6](-[c&D3&v4&H0&+0&R&z0:7](:[c&D2&v4&H1&+0&R&z1:8]:[n&D2&v3&H1&+0&R:9]):[c&D3&v4&H0&+0&R&z2:10]=[O&D1&v2&H0&+0&!R:11])-[C@&D3&v4&H1&+0&R&z1:12]-1-[O&D1&v2&H1&+0&!R:13]>>[O&D2&v2&H0&+0&!R:1]-[C@@&D3&v4&H1&+0&R&z1:2]1-[C@@&D3&v4&H1&+0&R&z1:12](-[O&D1&v2&H1&+0&!R:13])-[C@&D3&v4&H1&+0&R&z2:6](-[n&D3&v3&H0&+0&R:9]:[c&D2&v4&H1&+0&R&z1:8]:[c&D2&v4&H1&+0&R&z0:7]:[c&D3&v4&H0&+0&R&z2:10]=[O&D1&v2&H0&+0&!R:11])-[O&D2&v2&H0&+0&R:5]-[C@&D3&v4&H1&+0&R&z1:3]-1-[C&D2&v4&H2&+0&!R&z1:4],"[56, 493]","[2, 1]"
82,[O&D2&v2&H0&+0&!R:1]-[C@@&D3&v4&H1&+0&R&z1:2]1-[C@@&D3&v4&H1&+0&R&z1:3](-[O&D1&v2&H1&+0&!R:4])-[C@&D3&v4&H1&+0&R&z2:5](-[n&D3&v3&H0&+0&R:6]:[c&D2&v4&H1&+0&R&z1:7]:[c&D2&v4&H1&+0&R&z0:8])-[O&D2&v2&H0&+0&R:9]-[C@&D3&v4&H1&+0&R&z1:10]-1-[C&D2&v4&H2&+0&!R&z1:11]>>[O&D2&v2&H0&+0&!R:1]-[C@&D3&v4&H1&+0&R&z1:2]1-[C@@&D3&v4&H1&+0&R&z1:10](-[C&D2&v4&H2&+0&!R&z1:11])-[O&D2&v2&H0&+0&R:9]-[C&D3&v4&H1&+0&R&z1:5](-[c&D3&v4&H0&+0&R&z0:8]:[c&D2&v4&H1&+0&R&z1:7]:[n&D2&v3&H1&+0&R:6])-[C@&D3&v4&H1&+0&R&z1:3]-1-[O&D1&v2&H1&+0&!R:4],"[56, 493]","[1, 2]"
83,[O&D2&v2&H0&+0&!R:1]-[C@&D3&v4&H1&+0&R&z1:2]1-[C@@&D3&v4&H1&+0&R&z1:3](-[C&D2&v4&H2&+0&!R&z1:4])-[O&D2&v2&H0&+0&R:5]-[C&D3&v4&H1&+0&R&z1:6](-[c&D3&v4&H0&+0&R&z0:7]:[c&D2&v4&H1&+0&R&z1:8]:[n&D2&v3&H1&+0&R:9])-[C@&D3&v4&H1&+0&R&z1:10]-1-[O&D1&v2&H1&+0&!R:11]>>[O&D2&v2&H0&+0&!R:1]-[C@@&D3&v4&H1&+0&R&z1:2]1-[C@@&D3&v4&H1&+0&R&z1:10](-[O&D1&v2&H1&+0&!R:11])-[C@&D3&v4&H1&+0&R&z2:6](-[n&D3&v3&H0&+0&R:9]:[c&D2&v4&H1&+0&R&z1:8]:[c&D2&v4&H1&+0&R&z0:7])-[O&D2&v2&H0&+0&R:5]-[C@&D3&v4&H1&+0&R&z1:3]-1-[C&D2&v4&H2&+0&!R&z1:4],"[56, 493]","[1, 2]"
84,[C&D2&v4&H0&+0&!R&z2:1]#[N&D1&v3&H0&+0&!R:2].[O&D0&v2&H2&+0&!R:3]>>[C&D3&v4&H0&+0&!R&z3:1](-[N&D1&v3&H2&+0&!R:2])=[O&D1&v2&H0&+0&!R:3],[57],[2]
85,[C&D3&v4&H0&+0&!R&z3:1](-[N&D1&v3&H2&+0&!R:2])=[O&D1&v2&H0&+0&!R:3]>>[C&D2&v4&H0&+0&!R&z2:1]#[N&D1&v3&H0&+0&!R:2].[O&D0&v2&H2&+0&!R:3],[57],[2]
86,([O&D1&v2&H1&+0&!R:1].[P&D4&v5&H0&+0&!R:2]-[O&D2&v2&H0&+0&!R:3]~[*:4](~[O&D1&v2&H0&+0&!R:5])~[*:6]~[*:7]~[O&D1&v2&H1&+0&!R:8])>>[*:7](~[O&D1&v2&H1&+0&!R:8])~[*:6]~[*:4](~[O&D1&v2&H0&+0&!R:5])~[O&D1&v2&H1&+0&!R:3].[P&D4&v5&H0&+0&R:2]-[O&D2&v2&H0&+0&R:1],[58],[1]
87,[*:1](~[O&D1&v2&H1&+0&!R:2])~[*:3]~[*:4](~[O&D1&v2&H0&+0&!R:5])~[O&D1&v2&H1&+0&!R:6].[P&D4&v5&H0&+0&R:7]-[O&D2&v2&H0&+0&R:8]>>([O&D1&v2&H1&+0&!R:8].[P&D4&v5&H0&+0&!R:7]-[O&D2&v2&H0&+0&!R:6]~[*:4](~[O&D1&v2&H0&+0&!R:5])~[*:3]~[*:1]~[O&D1&v2&H1&+0&!R:2]),[58],[1]
88,[C&D4&v4&H0&+0&R&z2:1]1(-[O&D1&v2&H1&+0&!R:2])~[*:3]~[*:4](~[O&D1&v2&H1&+0&!R:5])~[C&D3&v4&H1&+0&R&z1:6](-[O&D1&v2&H1&+0&!R:7])-[C&D3&v4&H1&+0&R&z1:8](-[C&D2&v4&H2&+0&!R&z1:9]-[O&D2&v2&H0&+0&!R:10]~[*:11]~[O&D1&v2&H1&+0&!R:12])-[O&D2&v2&H0&+0&R:13]-1>>[*:11](~[O&D1&v2&H1&+0&!R:10])~[O&D1&v2&H1&+0&!R:12].[O&D1&v2&H0&+0&!R:13]=[C&D3&v4&H0&+0&R&z1:8]1-[C&D2&v4&H2&+0&R&z0:9]-[C&D4&v4&H0&+0&R&z1:1](-[O&D1&v2&H1&+0&!R:2])~[*:3]~[*:4](~[O&D1&v2&H1&+0&!R:5])~[C&D3&v4&H1&+0&R&z1:6]-1-[O&D1&v2&H1&+0&!R:7],[59],[1]
89,[*:1](~[O&D1&v2&H1&+0&!R:2])~[O&D1&v2&H1&+0&!R:3].[O&D1&v2&H0&+0&!R:4]=[C&D3&v4&H0&+0&R&z1:5](-[C&D2&v4&H2&+0&R&z0:6]-[C&D4&v4&H0&+0&R&z1:7]-[O&D1&v2&H1&+0&!R:8])-[C&D3&v4&H1&+0&R&z1:9](~[*:10]~[O&D1&v2&H1&+0&!R:11])-[O&D1&v2&H1&+0&!R:12]>>[C&D4&v4&H0&+0&R&z2:7](-[O&D1&v2&H1&+0&!R:8])-[O&D2&v2&H0&+0&R:4]-[C&D3&v4&H1&+0&R&z1:5](-[C&D3&v4&H1&+0&R&z1:9](~[*:10]~[O&D1&v2&H1&+0&!R:11])-[O&D1&v2&H1&+0&!R:12])-[C&D2&v4&H2&+0&!R&z1:6]-[O&D2&v2&H0&+0&!R:2]~[*:1]~[O&D1&v2&H1&+0&!R:3],[59],[1]
90,[N&D1&v3&H2&+0&!R:1]-[C@@&D3&v4&H1&+0&R&z1:2]1-[C@&D3&v4&H1&+0&R&z1:3](-[O&D1&v2&H1&+0&!R:4])-[C@&D3&v4&H1&+0&R&z1:5](-[O&D1&v2&H1&+0&!R:6])-[C@&D3&v4&H1&+0&R&z1:7](-[C&D2&v4&H2&+0&!R&z1:8])-[O&D2&v2&H0&+0&R:9]-[C@&D3&v4&H1&+0&R&z2:10]-1-[O&D1&v2&H1&+0&!R:11].[O&D0&v2&H2&+0&!R:12]>>[C&D2&v4&H2&+0&!R&z1:8]-[C@&D3&v4&H1&+0&R&z1:7]1-[O&D2&v2&H0&+0&R:9]-[C&D4&v4&H0&+0&R&z2:2](-[O&D1&v2&H1&+0&!R:12])(-[C&D2&v4&H2&+0&!R&z1:10]-[O&D1&v2&H1&+0&!R:11])-[C@&D3&v4&H1&+0&R&z1:3](-[O&D1&v2&H1&+0&!R:4])-[C@@&D3&v4&H1&+0&R&z1:5]-1-[O&D1&v2&H1&+0&!R:6].[N&D0&v3&H3&+0&!R:1],"[60, 60]","[1, 2]"
91,[C&D2&v4&H2&+0&!R&z1:1]-[C@&D3&v4&H1&+0&R&z1:2]1-[O&D2&v2&H0&+0&R:3]-[C&D4&v4&H0&+0&R&z2:4](-[O&D1&v2&H1&+0&!R:5])(-[C&D2&v4&H2&+0&!R&z1:6]-[O&D1&v2&H1&+0&!R:7])-[C@&D3&v4&H1&+0&R&z1:8](-[O&D1&v2&H1&+0&!R:9])-[C@@&D3&v4&H1&+0&R&z1:10]-1-[O&D1&v2&H1&+0&!R:11].[N&D0&v3&H3&+0&!R:12]>>[N&D1&v3&H2&+0&!R:12]-[C@@&D3&v4&H1&+0&R&z1:4]1-[C@&D3&v4&H1&+0&R&z1:8](-[O&D1&v2&H1&+0&!R:9])-[C@&D3&v4&H1&+0&R&z1:10](-[O&D1&v2&H1&+0&!R:11])-[C@&D3&v4&H1&+0&R&z1:2](-[C&D2&v4&H2&+0&!R&z1:1])-[O&D2&v2&H0&+0&R:3]-[C@&D3&v4&H1&+0&R&z2:6]-1-[O&D1&v2&H1&+0&!R:7].[O&D0&v2&H2&+0&!R:5],"[60, 60]","[1, 2]"
92,[O&D1&v2&H0&+0&!R:1]=[C&D3&v4&H0&+0&!R&z2:2]/[C&D2&v4&H1&+0&!R&z0:3]=[C&D2&v4&H1&+0&!R&z0:4]/[C&D2&v4&H1&+0&!R&z0:5]=[C&D3&v4&H0&+0&!R&z1:6]\[O&D1&v2&H1&+0&!R:7]>>[O&D1&v2&H0&+0&!R:1]=[C&D3&v4&H0&+0&!R&z2:2]-[C&D2&v4&H2&+0&!R&z0:3]/[C&D2&v4&H1&+0&!R&z0:4]=[C&D2&v4&H1&+0&!R&z0:5]/[C&D3&v4&H0&+0&!R&z1:6]=[O&D1&v2&H0&+0&!R:7],[61],[1]
93,[O&D1&v2&H0&+0&!R:1]=[C&D3&v4&H0&+0&!R&z2:2]-[C&D2&v4&H2&+0&!R&z0:3]/[C&D2&v4&H1&+0&!R&z0:4]=[C&D2&v4&H1&+0&!R&z0:5]/[C&D3&v4&H0&+0&!R&z1:6]=[O&D1&v2&H0&+0&!R:7]>>[O&D1&v2&H0&+0&!R:1]=[C&D3&v4&H0&+0&!R&z2:2]/[C&D2&v4&H1&+0&!R&z0:3]=[C&D2&v4&H1&+0&!R&z0:4]/[C&D2&v4&H1&+0&!R&z0:5]=[C&D3&v4&H0&+0&!R&z1:6]\[O&D1&v2&H1&+0&!R:7],[61],[1]
94,[N&D1&v3&H2&+0&!R:1]~[H1@@:2]~[*:3]~[O&D1&v2&H1&+0&!R:4].[O&D1&v2&H0&+0&!R:5]=[c&D3&v4&H0&+0&R&z2:6]:[n&D2&v3&H1&+0&R:7].[O&D2&v2&H0&+0&!R:8]-[P&D4&v5&H0&+0&!R:9]-[O&D1&v2&H1&+0&!R:10]>>[N&D2&v3&H1&+0&!R:1](~[H1@:2]~[*:3]~[O&D1&v2&H1&+0&!R:4])-[c&D3&v4&H0&+0&R&z2:6]:[n&D2&v3&H0&+0&R:7].[O&D1&v2&H1&+0&!R:8].[P&D4&v5&H0&+0&!R:9](-[O&D1&v2&H1&+0&!R:10])-[O&D1&v2&H1&+0&!R:5],[65],[1]
95,[N&D2&v3&H1&+0&!R:1](~[H1@:2]~[*:3]~[O&D1&v2&H1&+0&!R:4])-[c&D3&v4&H0&+0&R&z2:5]:[n&D2&v3&H0&+0&R:6].[O&D1&v2&H1&+0&!R:7].[P&D4&v5&H0&+0&!R:8](-[O&D1&v2&H1&+0&!R:9])-[O&D1&v2&H1&+0&!R:10]>>[N&D1&v3&H2&+0&!R:1]~[H1@@:2]~[*:3]~[O&D1&v2&H1&+0&!R:4].[O&D1&v2&H0&+0&!R:10]=[c&D3&v4&H0&+0&R&z2:5]:[n&D2&v3&H1&+0&R:6].[O&D2&v2&H0&+0&!R:7]-[P&D4&v5&H0&+0&!R:8]-[O&D1&v2&H1&+0&!R:9],[65],[1]
96,[C&D1&v4&H3&+0&!R&z0:1]-[C@&D3&v4&H1&+0&!R&z1:2](-[N&D1&v3&H2&+0&!R:3])-[C&D3&v4&H0&+0&!R&z2:4].[O&D0&v2&H2&+0&!R:5].[c&D3&v4&H0&+0&R&z0:6]1:[c&D2&v4&H1&+0&R&z0:7]:[c&D2&v4&H1&+0&R&z0:8]:[c&D2&v4&H1&+0&R&z1:9]:[n&D3&v4&H0&+&R:10]:[c&D2&v4&H1&+0&R&z1:11]:1>>[C&D1&v4&H3&+0&!R&z0:1]-[C&D3&v4&H0&+0&!R&z1:2](=[O&D1&v2&H0&+0&!R:5])-[C&D3&v4&H0&+0&!R&z2:4].[C&D3&v4&H0&+0&R&z0:6]1=[C&D2&v4&H1&+0&R&z1:11]-[N&D3&v3&H0&+0&R:10]-[C&D2&v4&H1&+0&R&z1:9]=[C&D2&v4&H1&+0&R&z0:8]-[C&D2&v4&H2&+0&R&z0:7]-1.[N&D0&v3&H3&+0&!R:3],[67],[1]
97,[C&D1&v4&H3&+0&!R&z0:1]-[C&D3&v4&H0&+0&!R&z1:2](=[O&D1&v2&H0&+0&!R:3])-[C&D3&v4&H0&+0&!R&z2:4].[C&D3&v4&H0&+0&R&z0:5]1=[C&D2&v4&H1&+0&R&z1:6]-[N&D3&v3&H0&+0&R:7]-[C&D2&v4&H1&+0&R&z1:8]=[C&D2&v4&H1&+0&R&z0:9]-[C&D2&v4&H2&+0&R&z0:10]-1.[N&D0&v3&H3&+0&!R:11]>>[C&D1&v4&H3&+0&!R&z0:1]-[C@&D3&v4&H1&+0&!R&z1:2](-[N&D1&v3&H2&+0&!R:11])-[C&D3&v4&H0&+0&!R&z2:4].[O&D0&v2&H2&+0&!R:3].[c&D3&v4&H0&+0&R&z0:5]1:[c&D2&v4&H1&+0&R&z0:10]:[c&D2&v4&H1&+0&R&z0:9]:[c&D2&v4&H1&+0&R&z1:8]:[n&D3&v4&H0&+&R:7]:[c&D2&v4&H1&+0&R&z1:6]:1,[67],[1]
98,[O&D1&v2&H1&+0&!R:1].[S&D2&v2&H0&+0&!R:2]-[C&D3&v4&H0&+0&!R&z2:3]=[O&D1&v2&H0&+0&!R:4]>>[C&D3&v4&H0&+0&!R&z2:3](=[O&D1&v2&H0&+0&!R:4])-[O&D2&v2&H0&+0&!R:1].[S&D1&v2&H1&+0&!R:2],[69],[1]
99,[C&D3&v4&H0&+0&!R&z2:1](=[O&D1&v2&H0&+0&!R:2])-[O&D2&v2&H0&+0&!R:3].[S&D1&v2&H1&+0&!R:4]>>[O&D1&v2&H1&+0&!R:3].[S&D2&v2&H0&+0&!R:4]-[C&D3&v4&H0&+0&!R&z2:1]=[O&D1&v2&H0&+0&!R:2],[69],[1]
100,[C&D1&v4&H3&+0&!R&z0:1]-[C@@&D3&v4&H1&+0&!R&z0:2](-[C&D3&v4&H0&+0&!R&z2:3]-[O&D1&v2&H1&+0&!R:4])-[C&D3&v4&H0&+0&!R&z2:5]=[O&D1&v2&H0&+0&!R:6]>>[C&D1&v4&H3&+0&!R&z0:1]-[C&D2&v4&H2&+0&!R&z0:2]-[C&D3&v4&H0&+0&!R&z2:5]=[O&D1&v2&H0&+0&!R:6].[O&D1&v2&H0&+0&!R:4]=[C&D2&v4&H0&+0&!R&z2:3],[70],[1]
101,[C&D1&v4&H3&+0&!R&z0:1]-[C&D2&v4&H2&+0&!R&z0:2]-[C&D3&v4&H0&+0&!R&z2:3]=[O&D1&v2&H0&+0&!R:4].[O&D1&v2&H0&+0&!R:5]=[C&D2&v4&H0&+0&!R&z2:6]>>[C&D1&v4&H3&+0&!R&z0:1]-[C@@&D3&v4&H1&+0&!R&z0:2](-[C&D3&v4&H0&+0&!R&z2:6]-[O&D1&v2&H1&+0&!R:5])-[C&D3&v4&H0&+0&!R&z2:3]=[O&D1&v2&H0&+0&!R:4],[70],[1]
102,[O&D0&v2&H2&+0&!R:1].[n&D3&v3&H0&+0&R:2](-[C@@&D3&v4&H1&+0&R&z2:3](-[C&D2&v4&H2&+0&R&z0:4])-[O&D2&v2&H0&+0&R:5]):[c&D3&v4&H0&+0&R&z3:6]=[O&D1&v2&H0&+0&!R:7]>>[O&D2&v2&H0&+0&R:5]-[C&D3&v4&H1&+0&R&z2:3](-[O&D1&v2&H1&+0&!R:1])-[C&D2&v4&H2&+0&R&z0:4].[n&D2&v3&H0&+0&R:2]:[c&D3&v4&H0&+0&R&z3:6]-[O&D1&v2&H1&+0&!R:7],[71],[1]
103,[O&D2&v2&H0&+0&R:1]-[C&D3&v4&H1&+0&R&z2:2](-[O&D1&v2&H1&+0&!R:3])-[C&D2&v4&H2&+0&R&z0:4].[n&D2&v3&H0&+0&R:5]:[c&D3&v4&H0&+0&R&z3:6]-[O&D1&v2&H1&+0&!R:7]>>[O&D0&v2&H2&+0&!R:3].[n&D3&v3&H0&+0&R:5](-[C@@&D3&v4&H1&+0&R&z2:2](-[C&D2&v4&H2&+0&R&z0:4])-[O&D2&v2&H0&+0&R:1]):[c&D3&v4&H0&+0&R&z3:6]=[O&D1&v2&H0&+0&!R:7],[71],[1]
104,[O&D0&v2&H2&+0&!R:1].[n&D3&v3&H0&+0&R:2](-[C@@&D3&v4&H1&+0&R&z2:3](-[C&D2&v4&H2&+0&R&z0:4])-[O&D2&v2&H0&+0&R:5]):[c&D3&v4&H0&+0&R&z3:6]=[O&D1&v2&H0&+0&!R:7]>>[O&D2&v2&H0&+0&R:5]-[C&D3&v4&H1&+0&R&z2:3](-[O&D1&v2&H1&+0&!R:1])-[C&D2&v4&H2&+0&R&z0:4].[n&D2&v3&H1&+0&R:2]:[c&D3&v4&H0&+0&R&z3:6]=[O&D1&v2&H0&+0&!R:7],"[71, 71, 71]","[2, 3, 4]"
105,[O&D2&v2&H0&+0&R:1]-[C&D3&v4&H1&+0&R&z2:2](-[O&D1&v2&H1&+0&!R:3])-[C&D2&v4&H2&+0&R&z0:4].[n&D2&v3&H1&+0&R:5]:[c&D3&v4&H0&+0&R&z3:6]=[O&D1&v2&H0&+0&!R:7]>>[O&D0&v2&H2&+0&!R:3].[n&D3&v3&H0&+0&R:5](-[C@@&D3&v4&H1&+0&R&z2:2](-[C&D2&v4&H2&+0&R&z0:4])-[O&D2&v2&H0&+0&R:1]):[c&D3&v4&H0&+0&R&z3:6]=[O&D1&v2&H0&+0&!R:7],"[71, 71, 71]","[2, 3, 4]"
106,[C&D1&v4&H3&+0&!R&z0:1]-[C@&D3&v4&H1&+0&!R&z1:2](-[O&D1&v2&H1&+0&!R:3])-[C@@&D3&v4&H1&+0&!R&z1:4](-[O&D1&v2&H1&+0&!R:5])-[C@@&D3&v4&H1&+0&!R&z1:6](-[O&D1&v2&H1&+0&!R:7])~[*:8]~[O&D1&v2&H0&+0&!R:9]>>[C&D1&v4&H3&+0&!R&z0:1]-[C@&D3&v4&H1&+0&!R&z1:2](-[O&D1&v2&H1&+0&!R:3])-[C&D2&v4&H1&+0&!R&z1:4]=[O&D1&v2&H0&+0&!R:5].[O&D1&v2&H0&+0&!R:9]~[*:8]~[C&D2&v4&H2&+0&!R&z1:6]-[O&D1&v2&H1&+0&!R:7],[72],[1]
107,[C&D1&v4&H3&+0&!R&z0:1]-[C@&D3&v4&H1&+0&!R&z1:2](-[O&D1&v2&H1&+0&!R:3])-[C&D2&v4&H1&+0&!R&z1:4]=[O&D1&v2&H0&+0&!R:5].[O&D1&v2&H0&+0&!R:6]~[*:7]~[C&D2&v4&H2&+0&!R&z1:8]-[O&D1&v2&H1&+0&!R:9]>>[C&D1&v4&H3&+0&!R&z0:1]-[C@&D3&v4&H1&+0&!R&z1:2](-[O&D1&v2&H1&+0&!R:3])-[C@@&D3&v4&H1&+0&!R&z1:4](-[O&D1&v2&H1&+0&!R:5])-[C@@&D3&v4&H1&+0&!R&z1:8](-[O&D1&v2&H1&+0&!R:9])~[*:7]~[O&D1&v2&H0&+0&!R:6],[72],[1]
108,[N&D2&v3&H1&+0&R:1]-[C&D3&v4&H0&+0&R&z2:2]1=[N&D2&v3&H0&+0&R:3]-[C&D3&v4&H0&+0&R&z3:4]=[N&D2&v3&H0&+0&R:5]-[C&D3&v4&H0&+0&R&z2:6](=[O&D1&v2&H0&+0&!R:7])-[C&D4&v4&H0&+0&R&z2:8]-1(-[O&D1&v2&H1&+0&!R:9])-[N&D2&v3&H1&+0&R:10]>>[N&D2&v3&H1&+0&R:1]-[C&D3&v4&H0&+0&R&z2:2]1=[N&D2&v3&H0&+0&R:3]-[C&D3&v4&H0&+0&R&z3:4]=[N&D2&v3&H0&+0&R:5]-[C&D3&v4&H0&+0&R&z2:6](=[O&D1&v2&H0&+0&!R:7])-[C&D3&v4&H0&+0&R&z1:8]-1=[N&D2&v3&H0&+0&R:10].[O&D0&v2&H2&+0&!R:9],[73],[1]
109,[N&D2&v3&H1&+0&R:1]-[C&D3&v4&H0&+0&R&z2:2]1=[N&D2&v3&H0&+0&R:3]-[C&D3&v4&H0&+0&R&z3:4]=[N&D2&v3&H0&+0&R:5]-[C&D3&v4&H0&+0&R&z2:6](=[O&D1&v2&H0&+0&!R:7])-[C&D3&v4&H0&+0&R&z1:8]-1=[N&D2&v3&H0&+0&R:9].[O&D0&v2&H2&+0&!R:10]>>[N&D2&v3&H1&+0&R:1]-[C&D3&v4&H0&+0&R&z2:2]1=[N&D2&v3&H0&+0&R:3]-[C&D3&v4&H0&+0&R&z3:4]=[N&D2&v3&H0&+0&R:5]-[C&D3&v4&H0&+0&R&z2:6](=[O&D1&v2&H0&+0&!R:7])-[C&D4&v4&H0&+0&R&z2:8]-1(-[O&D1&v2&H1&+0&!R:10])-[N&D2&v3&H1&+0&R:9],[73],[1]
110,[C&D3&v4&H0&+0&!R&z2:1](=[O&D1&v2&H0&+0&!R:2])-[O&D1&v2&H1&+0&!R:3].[N&D0&v3&H3&+0&!R:4].[P&D4&v5&H0&+0&!R:5](-[O&D1&v2&H1&+0&!R:6])-[O&D2&v2&H0&+0&!R:7]~[*:8]~[O&D1&v2&H1&+0&!R:9]>>[*:8](~[O&D1&v2&H1&+0&!R:7])~[O&D1&v2&H1&+0&!R:9].[N&D1&v3&H2&+0&!R:4]-[C&D3&v4&H0&+0&!R&z2:1]=[O&D1&v2&H0&+0&!R:2].[P&D4&v5&H0&+0&!R:5](-[O&D1&v2&H1&+0&!R:6])-[O&D1&v2&H1&+0&!R:3],[75],[1]
111,[*:1](~[O&D1&v2&H1&+0&!R:2])~[O&D1&v2&H1&+0&!R:3].[N&D1&v3&H2&+0&!R:4]-[C&D3&v4&H0&+0&!R&z2:5]=[O&D1&v2&H0&+0&!R:6].[P&D4&v5&H0&+0&!R:7](-[O&D1&v2&H1&+0&!R:8])-[O&D1&v2&H1&+0&!R:9]>>[C&D3&v4&H0&+0&!R&z2:5](=[O&D1&v2&H0&+0&!R:6])-[O&D1&v2&H1&+0&!R:9].[N&D0&v3&H3&+0&!R:4].[P&D4&v5&H0&+0&!R:7](-[O&D1&v2&H1&+0&!R:8])-[O&D2&v2&H0&+0&!R:2]~[*:1]~[O&D1&v2&H1&+0&!R:3],[75],[1]
112,[O&D1&v2&H1&+0&!R:1].[n&D3&v4&H0&+&R:2]-[C@&D3&v4&H1&+0&R&z2:3]1-[O&D2&v2&H0&+0&R:4]-[C@&D3&v4&H1&+0&R&z1:5](-[C&D2&v4&H2&+0&!R&z1:6])-[C@@&D3&v4&H1&+0&R&z1:7](-[O&D1&v2&H1&+0&!R:8])-[C@@&D3&v4&H1&+0&R&z1:9]-1-[O&D1&v2&H1&+0&!R:10]>>[O&D2&v2&H0&+0&!R:1]-[C&D3&v4&H1&+0&R&z2:3]1-[O&D2&v2&H0&+0&R:4]-[C@&D3&v4&H1&+0&R&z1:5](-[C&D2&v4&H2&+0&!R&z1:6])-[C@@&D3&v4&H1&+0&R&z1:7](-[O&D1&v2&H1&+0&!R:8])-[C@@&D3&v4&H1&+0&R&z1:9]-1-[O&D1&v2&H1&+0&!R:10].[n&D2&v3&H0&+0&R:2],[76],[1]
113,[O&D2&v2&H0&+0&!R:1]-[C&D3&v4&H1&+0&R&z2:2]1-[O&D2&v2&H0&+0&R:3]-[C@&D3&v4&H1&+0&R&z1:4](-[C&D2&v4&H2&+0&!R&z1:5])-[C@@&D3&v4&H1&+0&R&z1:6](-[O&D1&v2&H1&+0&!R:7])-[C@@&D3&v4&H1&+0&R&z1:8]-1-[O&D1&v2&H1&+0&!R:9].[n&D2&v3&H0&+0&R:10]>>[O&D1&v2&H1&+0&!R:1].[n&D3&v4&H0&+&R:10]-[C@&D3&v4&H1&+0&R&z2:2]1-[O&D2&v2&H0&+0&R:3]-[C@&D3&v4&H1&+0&R&z1:4](-[C&D2&v4&H2&+0&!R&z1:5])-[C@@&D3&v4&H1&+0&R&z1:6](-[O&D1&v2&H1&+0&!R:7])-[C@@&D3&v4&H1&+0&R&z1:8]-1-[O&D1&v2&H1&+0&!R:9],[76],[1]
114,[C&D1&v4&H3&+0&!R&z0:1]-[C&D3&v4&H0&+0&!R&z2:2]=[O&D1&v2&H0&+0&!R:3].[C&D3&v4&H0&+0&!R&z3:4](=[O&D1&v2&H0&+0&!R:5])-[S&D2&v2&H0&+0&!R:6]>>[C&D3&v4&H0&+0&!R&z2:4](=[O&D1&v2&H0&+0&!R:5])-[C&D2&v4&H2&+0&!R&z0:1]-[C&D3&v4&H0&+0&!R&z2:2]=[O&D1&v2&H0&+0&!R:3].[S&D1&v2&H1&+0&!R:6],[77],[1]
115,[C&D3&v4&H0&+0&!R&z2:1](=[O&D1&v2&H0&+0&!R:2])-[C&D2&v4&H2&+0&!R&z0:3]-[C&D3&v4&H0&+0&!R&z2:4]=[O&D1&v2&H0&+0&!R:5].[S&D1&v2&H1&+0&!R:6]>>[C&D1&v4&H3&+0&!R&z0:3]-[C&D3&v4&H0&+0&!R&z2:4]=[O&D1&v2&H0&+0&!R:5].[C&D3&v4&H0&+0&!R&z3:1](=[O&D1&v2&H0&+0&!R:2])-[S&D2&v2&H0&+0&!R:6],[77],[1]
116,[C&D1&v4&H3&+0&!R&z0:1]-[C&D3&v4&H0&+0&!R&z2:2](=[O&D1&v2&H0&+0&!R:3])-[S&D2&v2&H0&+0&!R:4].[C&D3&v4&H0&+0&!R&z1:5]=[O&D1&v2&H0&+0&!R:6].[O&D0&v2&H2&+0&!R:7]>>[C&D4&v4&H0&+0&!R&z1:5](-[O&D1&v2&H1&+0&!R:6])-[C&D2&v4&H2&+0&!R&z0:1]-[C&D3&v4&H0&+0&!R&z2:2](=[O&D1&v2&H0&+0&!R:3])-[O&D1&v2&H1&+0&!R:7].[S&D1&v2&H1&+0&!R:4],[78],[1]
117,[C&D4&v4&H0&+0&!R&z1:1](-[O&D1&v2&H1&+0&!R:2])-[C&D2&v4&H2&+0&!R&z0:3]-[C&D3&v4&H0&+0&!R&z2:4](=[O&D1&v2&H0&+0&!R:5])-[O&D1&v2&H1&+0&!R:6].[S&D1&v2&H1&+0&!R:7]>>[C&D1&v4&H3&+0&!R&z0:3]-[C&D3&v4&H0&+0&!R&z2:4](=[O&D1&v2&H0&+0&!R:5])-[S&D2&v2&H0&+0&!R:7].[C&D3&v4&H0&+0&!R&z1:1]=[O&D1&v2&H0&+0&!R:2].[O&D0&v2&H2&+0&!R:6],[78],[1]
118,[n&D2&v3&H0&+0&R:1]:[c&D2&v4&H1&+0&R&z2:2]:[n&D2&v3&H1&+0&R:3].[n&D3&v4&H0&+&R:4]-[C@&D3&v4&H1&+0&R&z2:5]1-[O&D2&v2&H0&+0&R:6]-[C@&D3&v4&H1&+0&R&z1:7](-[C&D2&v4&H2&+0&!R&z1:8])-[C@@&D3&v4&H1&+0&R&z1:9](-[O&D1&v2&H1&+0&!R:10])-[C@@&D3&v4&H1&+0&R&z1:11]-1-[O&D1&v2&H1&+0&!R:12]>>[n&D2&v3&H0&+0&R:4].[n&D2&v3&H0&+0&R:3]:[c&D2&v4&H1&+0&R&z2:2]:[n&D3&v3&H0&+0&R:1]-[C&D3&v4&H1&+0&R&z2:5]1-[O&D2&v2&H0&+0&R:6]-[C@&D3&v4&H1&+0&R&z1:7](-[C&D2&v4&H2&+0&!R&z1:8])-[C@@&D3&v4&H1&+0&R&z1:9](-[O&D1&v2&H1&+0&!R:10])-[C@@&D3&v4&H1&+0&R&z1:11]-1-[O&D1&v2&H1&+0&!R:12],"[79, 79]","[1, 2]"
119,[n&D2&v3&H0&+0&R:1].[n&D2&v3&H0&+0&R:2]:[c&D2&v4&H1&+0&R&z2:3]:[n&D3&v3&H0&+0&R:4]-[C&D3&v4&H1&+0&R&z2:5]1-[O&D2&v2&H0&+0&R:6]-[C@&D3&v4&H1&+0&R&z1:7](-[C&D2&v4&H2&+0&!R&z1:8])-[C@@&D3&v4&H1&+0&R&z1:9](-[O&D1&v2&H1&+0&!R:10])-[C@@&D3&v4&H1&+0&R&z1:11]-1-[O&D1&v2&H1&+0&!R:12]>>[n&D2&v3&H0&+0&R:4]:[c&D2&v4&H1&+0&R&z2:3]:[n&D2&v3&H1&+0&R:2].[n&D3&v4&H0&+&R:1]-[C@&D3&v4&H1&+0&R&z2:5]1-[O&D2&v2&H0&+0&R:6]-[C@&D3&v4&H1&+0&R&z1:7](-[C&D2&v4&H2&+0&!R&z1:8])-[C@@&D3&v4&H1&+0&R&z1:9](-[O&D1&v2&H1&+0&!R:10])-[C@@&D3&v4&H1&+0&R&z1:11]-1-[O&D1&v2&H1&+0&!R:12],"[79, 79]","[1, 2]"
120,[*:1](~[O&D1&v2&H1&+0&!R:2])~[C&D2&v4&H2&+0&!R&z0:3]-[C&D3&v4&H1&+0&!R&z1:4](-[N&D2&v3&H1&+0&!R:5])-[C&D3&v4&H0&+0&!R&z2:6]>>[C&D3&v4&H0&+0&!R&z2:6]-[C&D2&v4&H1&+0&!R&z0:4]=[C&D2&v4&H1&+0&!R&z0:3]~[*:1]~[O&D1&v2&H1&+0&!R:2].[N&D1&v3&H2&+0&!R:5],[80],[1]
121,[C&D3&v4&H0&+0&!R&z2:1]-[C&D2&v4&H1&+0&!R&z0:2]=[C&D2&v4&H1&+0&!R&z0:3]~[*:4]~[O&D1&v2&H1&+0&!R:5].[N&D1&v3&H2&+0&!R:6]>>[*:4](~[O&D1&v2&H1&+0&!R:5])~[C&D2&v4&H2&+0&!R&z0:3]-[C&D3&v4&H1&+0&!R&z1:2](-[N&D2&v3&H1&+0&!R:6])-[C&D3&v4&H0&+0&!R&z2:1],[80],[1]
122,[C&D1&v4&H2&+0&!R&z0:1]=[C&D3&v4&H0&+0&!R&z1:2]-[O&D2&v2&H0&+0&!R:3]-[C@@&D3&v4&H1&+0&R&z1:4](-[C&D2&v4&H1&+0&R&z0:5]=[C&D3&v4&H0&+0&R&z0:6])-[C@@&D3&v4&H1&+0&R&z1:7](-[C&D2&v4&H1&+0&R&z0:8])-[O&D1&v2&H1&+0&!R:9]>>[C&D3&v4&H0&+0&!R&z1:2](=[O&D1&v2&H0&+0&!R:3])-[C&D2&v4&H2&+0&!R&z0:1]-[C&D4&v4&H0&+0&R&z0:6]-[C&D2&v4&H1&+0&R&z0:5]=[C&D2&v4&H1&+0&R&z0:4]-[C@@&D3&v4&H1&+0&R&z1:7](-[C&D2&v4&H1&+0&R&z0:8])-[O&D1&v2&H1&+0&!R:9],"[81, 474]","[1, 1]"
123,[C&D3&v4&H0&+0&!R&z1:1](=[O&D1&v2&H0&+0&!R:2])-[C&D2&v4&H2&+0&!R&z0:3]-[C&D4&v4&H0&+0&R&z0:4]-[C&D2&v4&H1&+0&R&z0:5]=[C&D2&v4&H1&+0&R&z0:6]-[C@@&D3&v4&H1&+0&R&z1:7](-[C&D2&v4&H1&+0&R&z0:8])-[O&D1&v2&H1&+0&!R:9]>>[C&D1&v4&H2&+0&!R&z0:3]=[C&D3&v4&H0&+0&!R&z1:1]-[O&D2&v2&H0&+0&!R:2]-[C@@&D3&v4&H1&+0&R&z1:6](-[C&D2&v4&H1&+0&R&z0:5]=[C&D3&v4&H0&+0&R&z0:4])-[C@@&D3&v4&H1&+0&R&z1:7](-[C&D2&v4&H1&+0&R&z0:8])-[O&D1&v2&H1&+0&!R:9],"[81, 474]","[1, 1]"
124,[*:1](~[H1@:2]~[O&D2&v2&H0&+0&!R:3]-[C&D3&v4&H0&+0&!R&z3:4]=[O&D1&v2&H0&+0&!R:5])~[*:6]~[*:7]~[O&D1&v2&H0&+0&!R:8].[O&D0&v2&H2&+0&!R:9]>>[C&D3&v4&H0&+0&!R&z3:4](=[O&D1&v2&H0&+0&!R:5])-[O&D1&v2&H1&+0&!R:9].[O&D1&v2&H1&+0&!R:3]~[H1@@:2]~[*:1]~[*:6]~[*:7]~[O&D1&v2&H0&+0&!R:8],[83],[1]
125,[C&D3&v4&H0&+0&!R&z3:1](=[O&D1&v2&H0&+0&!R:2])-[O&D1&v2&H1&+0&!R:3].[O&D1&v2&H1&+0&!R:4]~[H1@@:5]~[*:6]~[*:7]~[*:8]~[O&D1&v2&H0&+0&!R:9]>>[*:6](~[H1@:5]~[O&D2&v2&H0&+0&!R:4]-[C&D3&v4&H0&+0&!R&z3:1]=[O&D1&v2&H0&+0&!R:2])~[*:7]~[*:8]~[O&D1&v2&H0&+0&!R:9].[O&D0&v2&H2&+0&!R:3],[83],[1]
126,[N&D2&v3&H0&+0&R:1]=[C&D3&v4&H0&+0&R&z1:2]-[C@@&D3&v4&H1&+0&!R&z1:3](-[O&D1&v2&H1&+0&!R:4])-[C@&D3&v4&H1&+0&!R&z1:5](-[O&D1&v2&H1&+0&!R:6])-[C&D2&v4&H2&+0&!R&z1:7]-[O&D2&v2&H0&+0&!R:8]~[*:9]~[O&D1&v2&H1&+0&!R:10]>>[*:9](~[O&D1&v2&H1&+0&!R:8])~[O&D1&v2&H1&+0&!R:10].[C&D1&v4&H3&+0&!R&z0:7]-[C&D3&v4&H0&+0&!R&z1:5](=[O&D1&v2&H0&+0&!R:6])-[C&D3&v4&H0&+0&!R&z1:3](=[O&D1&v2&H0&+0&!R:4])-[C&D3&v4&H1&+0&R&z1:2]-[N&D2&v3&H1&+0&R:1],[84],[1]
127,[*:1](~[O&D1&v2&H1&+0&!R:2])~[O&D1&v2&H1&+0&!R:3].[C&D1&v4&H3&+0&!R&z0:4]-[C&D3&v4&H0&+0&!R&z1:5](=[O&D1&v2&H0&+0&!R:6])-[C&D3&v4&H0&+0&!R&z1:7](=[O&D1&v2&H0&+0&!R:8])-[C&D3&v4&H1&+0&R&z1:9]-[N&D2&v3&H1&+0&R:10]>>[N&D2&v3&H0&+0&R:10]=[C&D3&v4&H0&+0&R&z1:9]-[C@@&D3&v4&H1&+0&!R&z1:7](-[O&D1&v2&H1&+0&!R:8])-[C@&D3&v4&H1&+0&!R&z1:5](-[O&D1&v2&H1&+0&!R:6])-[C&D2&v4&H2&+0&!R&z1:4]-[O&D2&v2&H0&+0&!R:2]~[*:1]~[O&D1&v2&H1&+0&!R:3],[84],[1]
128,[*:1](~[O&D1&v2&H0&+0&!R:2])~[*:3]~[*:4](~[O&D1&v2&H0&+0&!R:5])~[O&D2&v2&H0&+0&!R:6]-[P&D4&v5&H0&+0&!R:7].[N&D1&v3&H2&+0&!R:8]>>[*:1](~[O&D1&v2&H0&+0&!R:2])~[*:3]~[*:4](~[O&D1&v2&H0&+0&!R:5])~[O&D1&v2&H1&+0&!R:6].[N&D2&v3&H1&+0&!R:8]-[P&D4&v5&H0&+0&!R:7],[86],[1]
129,[*:1](~[O&D1&v2&H0&+0&!R:2])~[*:3]~[*:4](~[O&D1&v2&H0&+0&!R:5])~[O&D1&v2&H1&+0&!R:6].[N&D2&v3&H1&+0&!R:7]-[P&D4&v5&H0&+0&!R:8]>>[*:1](~[O&D1&v2&H0&+0&!R:2])~[*:3]~[*:4](~[O&D1&v2&H0&+0&!R:5])~[O&D2&v2&H0&+0&!R:6]-[P&D4&v5&H0&+0&!R:8].[N&D1&v3&H2&+0&!R:7],[86],[1]
130,[N&D1&v3&H2&+0&!R:1]-[C&D3&v4&H0&+0&!R&z3:2](-[N&D1&v3&H2&+0&!R:3])=[O&D1&v2&H0&+0&!R:4].[O&D0&v2&H2&+0&!R:5]>>[N&D0&v3&H3&+0&!R:1].[N&D0&v3&H3&+0&!R:3].[O&D1&v2&H0&+0&!R:4]=[C&D2&v4&H0&+0&!R&z2:2]=[O&D1&v2&H0&+0&!R:5],[87],[2]
131,[N&D0&v3&H3&+0&!R:1].[N&D0&v3&H3&+0&!R:2].[O&D1&v2&H0&+0&!R:3]=[C&D2&v4&H0&+0&!R&z2:4]=[O&D1&v2&H0&+0&!R:5]>>[N&D1&v3&H2&+0&!R:1]-[C&D3&v4&H0&+0&!R&z3:4](-[N&D1&v3&H2&+0&!R:2])=[O&D1&v2&H0&+0&!R:3].[O&D0&v2&H2&+0&!R:5],[87],[2]
132,[N&D1&v3&H2&+0&!R:1]-[C&D3&v4&H0&+0&!R&z3:2](-[N&D1&v3&H2&+0&!R:3])=[O&D1&v2&H0&+0&!R:4].[O&D0&v2&H2&+0&!R:5]>>[N&D0&v3&H3&+0&!R:1].[N&D0&v3&H3&+0&!R:3].[O&D1&v2&H0&+0&!R:5]=[C&D2&v4&H0&+0&!R&z2:2]=[O&D1&v2&H0&+0&!R:4],[87],[4]
133,[N&D0&v3&H3&+0&!R:1].[N&D0&v3&H3&+0&!R:2].[O&D1&v2&H0&+0&!R:3]=[C&D2&v4&H0&+0&!R&z2:4]=[O&D1&v2&H0&+0&!R:5]>>[N&D1&v3&H2&+0&!R:1]-[C&D3&v4&H0&+0&!R&z3:4](-[N&D1&v3&H2&+0&!R:2])=[O&D1&v2&H0&+0&!R:5].[O&D0&v2&H2&+0&!R:3],[87],[4]
134,[O&D1&v2&H1&+0&!R:1].[P&D4&v5&H0&+0&!R:2]-[O&D2&v2&H0&+0&!R:3]>>[O&D1&v2&H1&+0&!R:3].[P&D4&v5&H0&+0&!R:2]-[O&D2&v2&H0&+0&!R:1],"[88, 88]","[1, 1]"
135,([C&D1&v4&H3&+0&!R&z0:1]/[C&D3&v4&H0&+0&!R&z0:2](=[C&D2&v4&H1&+0&!R&z0:3]\[C&D2&v4&H2&+0&!R&z1:4]-[O&D2&v2&H0&+0&!R:5]~[*:6](~[O&D1&v2&H1&+0&!R:7])~[*:8]~[*:9](~[O&D1&v2&H0&+0&!R:10])(~[O&D1&v2&H1&+0&!R:11])~[O&D1&v2&H1&+0&!R:12])-[C&D2&v4&H2&+0&!R&z0:13].[C&D2&v4&H1&+0&!R&z0:14]=[C&D3&v4&H0&+0&!R&z0:15].[C&D2&v4&H2&+0&!R&z0:16][C&D2&v4&H1&+0&!R&z0:17]=[C&D3&v4&H0&+0&!R&z0:18])>>[C&D3&v4&H0&+0&R&z0:15]=[C&D3&v4&H0&+0&R&z0:14]-[C&D4&v4&H0&+0&R&z0:3]1(-[C&D3&v4&H1&+0&R&z0:2](-[C&D2&v4&H2&+0&R&z0:13])-[C&D1&v4&H3&+0&!R&z0:1])-[C&D2&v4&H2&+0&R&z0:4]-[C&D4&v4&H0&+0&R&z0:18]-[C&D2&v4&H2&+0&R&z0:17]-[C&D3&v4&H1&+0&R&z0:16]-1.[O&D1&v2&H0&+0&!R:10]~[*:9](~[O&D1&v2&H1&+0&!R:11])(~[O&D1&v2&H1&+0&!R:12])~[*:8]~[*:6](~[O&D1&v2&H1&+0&!R:7])~[O&D1&v2&H1&+0&!R:5],[89],[2]
136,[C&D3&v4&H0&+0&R&z0:1]=[C&D3&v4&H0&+0&R&z0:2]-[C&D4&v4&H0&+0&R&z0:3]1(-[C&D3&v4&H1&+0&R&z0:4](-[C&D2&v4&H2&+0&R&z0:5])-[C&D1&v4&H3&+0&!R&z0:6])-[C&D2&v4&H2&+0&R&z0:7]-[C&D4&v4&H0&+0&R&z0:8]-[C&D2&v4&H2&+0&R&z0:9]-[C&D3&v4&H1&+0&R&z0:10]-1.[O&D1&v2&H0&+0&!R:11]~[*:12](~[O&D1&v2&H1&+0&!R:13])(~[O&D1&v2&H1&+0&!R:14])~[*:15]~[*:16](~[O&D1&v2&H1&+0&!R:17])~[O&D1&v2&H1&+0&!R:18]>>([C&D1&v4&H3&+0&!R&z0:6]/[C&D3&v4&H0&+0&!R&z0:4](=[C&D2&v4&H1&+0&!R&z0:3]\[C&D2&v4&H2&+0&!R&z1:7]-[O&D2&v2&H0&+0&!R:18]~[*:16](~[O&D1&v2&H1&+0&!R:17])~[*:15]~[*:12](~[O&D1&v2&H0&+0&!R:11])(~[O&D1&v2&H1&+0&!R:13])~[O&D1&v2&H1&+0&!R:14])-[C&D2&v4&H2&+0&!R&z0:5].[C&D2&v4&H1&+0&!R&z0:2]=[C&D3&v4&H0&+0&!R&z0:1].[C&D2&v4&H2&+0&!R&z0:10][C&D2&v4&H1&+0&!R&z0:9]=[C&D3&v4&H0&+0&!R&z0:8]),[89],[2]
137,[C&D1&v4&H3&+0&!R&z0:1]/[C&D3&v4&H0&+0&!R&z0:2](=[C&D2&v4&H1&+0&!R&z0:3]\[C&D2&v4&H2&+0&!R&z1:4]-[O&D2&v2&H0&+0&!R:5]~[*:6](~[O&D1&v2&H1&+0&!R:7])~[*:8]~[*:9](~[O&D1&v2&H0&+0&!R:10])(~[O&D1&v2&H1&+0&!R:11])~[O&D1&v2&H1&+0&!R:12])-[C&D2&v4&H2&+0&!R&z0:13]-[C&D2&v4&H2&+0&!R&z0:14]/[C&D2&v4&H1&+0&!R&z0:15]=[C&D3&v4&H0&+0&!R&z0:16]/[C&D2&v4&H2&+0&!R&z0:17]-[C&D2&v4&H2&+0&!R&z0:18][C&D2&v4&H1&+0&!R&z0:19]=[C&D3&v4&H0&+0&!R&z0:20]>>[C&D3&v4&H0&+0&R&z0:16]1=[C&D2&v4&H1&+0&R&z0:17]-[C&D3&v4&H1&+0&R&z0:18]2-[C&D2&v4&H2&+0&R&z0:19]-[C&D4&v4&H0&+0&R&z0:20]-[C&D2&v4&H2&+0&R&z0:4]-[C@&D4&v4&H0&+0&R&z0:3]-23-[C&D3&v4&H1&+0&R&z0:2](-[C&D1&v4&H3&+0&!R&z0:1])-[C&D2&v4&H2&+0&R&z0:13]-[C&D2&v4&H2&+0&R&z0:14]-[C@&D3&v4&H1&+0&R&z0:15]-1-3.[O&D1&v2&H0&+0&!R:10]~[*:9](~[O&D1&v2&H1&+0&!R:11])(~[O&D1&v2&H1&+0&!R:12])~[*:8]~[*:6](~[O&D1&v2&H1&+0&!R:7])~[O&D1&v2&H1&+0&!R:5],[89],[1]
138,[C&D3&v4&H0&+0&R&z0:1]1=[C&D2&v4&H1&+0&R&z0:2]-[C&D3&v4&H1&+0&R&z0:3]2-[C&D2&v4&H2&+0&R&z0:4]-[C&D4&v4&H0&+0&R&z0:5]-[C&D2&v4&H2&+0&R&z0:6]-[C@&D4&v4&H0&+0&R&z0:7]-23-[C&D3&v4&H1&+0&R&z0:8](-[C&D1&v4&H3&+0&!R&z0:9])-[C&D2&v4&H2&+0&R&z0:10]-[C&D2&v4&H2&+0&R&z0:11]-[C@&D3&v4&H1&+0&R&z0:12]-1-3.[O&D1&v2&H0&+0&!R:13]~[*:14](~[O&D1&v2&H1&+0&!R:15])(~[O&D1&v2&H1&+0&!R:16])~[*:17]~[*:18](~[O&D1&v2&H1&+0&!R:19])~[O&D1&v2&H1&+0&!R:20]>>[C&D1&v4&H3&+0&!R&z0:9]/[C&D3&v4&H0&+0&!R&z0:8](=[C&D2&v4&H1&+0&!R&z0:7]\[C&D2&v4&H2&+0&!R&z1:6]-[O&D2&v2&H0&+0&!R:20]~[*:18](~[O&D1&v2&H1&+0&!R:19])~[*:17]~[*:14](~[O&D1&v2&H0&+0&!R:13])(~[O&D1&v2&H1&+0&!R:15])~[O&D1&v2&H1&+0&!R:16])-[C&D2&v4&H2&+0&!R&z0:10]-[C&D2&v4&H2&+0&!R&z0:11]/[C&D2&v4&H1&+0&!R&z0:12]=[C&D3&v4&H0&+0&!R&z0:1]/[C&D2&v4&H2&+0&!R&z0:2]-[C&D2&v4&H2&+0&!R&z0:3][C&D2&v4&H1&+0&!R&z0:4]=[C&D3&v4&H0&+0&!R&z0:5],[89],[1]
139,[C&D3&v4&H0&+0&R&z1:1]=[O&D1&v2&H0&+0&!R:2].[O&D0&v2&H2&+0&!R:3].[n&D3&v3&H0&+0&R:4]-[C@@&D3&v4&H1&+0&R&z2:5]1-[O&D2&v2&H0&+0&R:6]-[C@@&D3&v4&H1&+0&R&z1:7](-[C&D2&v4&H2&+0&!R&z1:8]-[S&D2&v2&H0&+0&!R:9])-[C@&D3&v4&H1&+0&R&z1:10](-[O&D1&v2&H1&+0&!R:11])-[C@&D3&v4&H1&+0&R&z1:12]-1-[O&D1&v2&H1&+0&!R:13]>>[C&D3&v4&H1&+0&R&z1:1]-[O&D1&v2&H1&+0&!R:2].[S&D1&v2&H1&+0&!R:9].[n&D3&v3&H0&+0&R:4]-[C@@&D3&v4&H1&+0&R&z2:5]1-[O&D2&v2&H0&+0&R:6]-[C&D3&v4&H1&+0&R&z1:7](-[C&D2&v4&H2&+0&!R&z1:8]-[O&D1&v2&H1&+0&!R:3])-[C&D3&v4&H0&+0&R&z1:10](=[O&D1&v2&H0&+0&!R:11])-[C@&D3&v4&H1&+0&R&z1:12]-1-[O&D1&v2&H1&+0&!R:13],[90],[1]
140,[C&D3&v4&H1&+0&R&z1:1]-[O&D1&v2&H1&+0&!R:2].[S&D1&v2&H1&+0&!R:3].[n&D3&v3&H0&+0&R:4]-[C@@&D3&v4&H1&+0&R&z2:5]1-[O&D2&v2&H0&+0&R:6]-[C&D3&v4&H1&+0&R&z1:7](-[C&D2&v4&H2&+0&!R&z1:8]-[O&D1&v2&H1&+0&!R:9])-[C&D3&v4&H0&+0&R&z1:10](=[O&D1&v2&H0&+0&!R:11])-[C@&D3&v4&H1&+0&R&z1:12]-1-[O&D1&v2&H1&+0&!R:13]>>[C&D3&v4&H0&+0&R&z1:1]=[O&D1&v2&H0&+0&!R:2].[O&D0&v2&H2&+0&!R:9].[n&D3&v3&H0&+0&R:4]-[C@@&D3&v4&H1&+0&R&z2:5]1-[O&D2&v2&H0&+0&R:6]-[C@@&D3&v4&H1&+0&R&z1:7](-[C&D2&v4&H2&+0&!R&z1:8]-[S&D2&v2&H0&+0&!R:3])-[C@&D3&v4&H1&+0&R&z1:10](-[O&D1&v2&H1&+0&!R:11])-[C@&D3&v4&H1&+0&R&z1:12]-1-[O&D1&v2&H1&+0&!R:13],[90],[1]
141,[C&D2&v4&H2&+0&!R&z1:1]-[O&D1&v2&H1&+0&!R:2].[O&D0&v2&H2&+0&!R:3].[c&D3&v4&H0&+0&R&z0:4]1:[c&D2&v4&H1&+0&R&z0:5]:[c&D2&v4&H1&+0&R&z0:6]:[c&D2&v4&H1&+0&R&z1:7]:[n&D3&v4&H0&+&R:8]:[c&D2&v4&H1&+0&R&z1:9]:1.[c&D3&v4&H0&+0&R&z0:10]1:[c&D2&v4&H1&+0&R&z0:11]:[c&D2&v4&H1&+0&R&z0:12]:[c&D2&v4&H1&+0&R&z1:13]:[n&D3&v4&H0&+&R:14]:[c&D2&v4&H1&+0&R&z1:15]:1>>[C&D3&v4&H0&+0&R&z0:4]1=[C&D2&v4&H1&+0&R&z1:9]-[N&D3&v3&H0&+0&R:8]-[C&D2&v4&H1&+0&R&z1:7]=[C&D2&v4&H1&+0&R&z0:6]-[C&D2&v4&H2&+0&R&z0:5]-1.[C&D3&v4&H0&+0&R&z0:10]1=[C&D2&v4&H1&+0&R&z1:15]-[N&D3&v3&H0&+0&R:14]-[C&D2&v4&H1&+0&R&z1:13]=[C&D2&v4&H1&+0&R&z0:12]-[C&D2&v4&H2&+0&R&z0:11]-1.[O&D1&v2&H0&+0&!R:2]=[C&D3&v4&H0&+0&!R&z2:1]-[O&D1&v2&H1&+0&!R:3],"[92, 92]","[2, 1]"
142,[C&D3&v4&H0&+0&R&z0:1]1=[C&D2&v4&H1&+0&R&z1:2]-[N&D3&v3&H0&+0&R:3]-[C&D2&v4&H1&+0&R&z1:4]=[C&D2&v4&H1&+0&R&z0:5]-[C&D2&v4&H2&+0&R&z0:6]-1.[C&D3&v4&H0&+0&R&z0:7]1=[C&D2&v4&H1&+0&R&z1:8]-[N&D3&v3&H0&+0&R:9]-[C&D2&v4&H1&+0&R&z1:10]=[C&D2&v4&H1&+0&R&z0:11]-[C&D2&v4&H2&+0&R&z0:12]-1.[O&D1&v2&H0&+0&!R:13]=[C&D3&v4&H0&+0&!R&z2:14]-[O&D1&v2&H1&+0&!R:15]>>[C&D2&v4&H2&+0&!R&z1:14]-[O&D1&v2&H1&+0&!R:13].[O&D0&v2&H2&+0&!R:15].[c&D3&v4&H0&+0&R&z0:1]1:[c&D2&v4&H1&+0&R&z0:6]:[c&D2&v4&H1&+0&R&z0:5]:[c&D2&v4&H1&+0&R&z1:4]:[n&D3&v4&H0&+&R:3]:[c&D2&v4&H1&+0&R&z1:2]:1.[c&D3&v4&H0&+0&R&z0:7]1:[c&D2&v4&H1&+0&R&z0:12]:[c&D2&v4&H1&+0&R&z0:11]:[c&D2&v4&H1&+0&R&z1:10]:[n&D3&v4&H0&+&R:9]:[c&D2&v4&H1&+0&R&z1:8]:1,"[92, 92]","[2, 1]"
143,[C&D3&v4&H0&+0&R&z0:1]1=[C&D2&v4&H1&+0&R&z1:2]-[N&D3&v3&H0&+0&R:3]-[C&D2&v4&H1&+0&R&z1:4]=[C&D2&v4&H1&+0&R&z0:5]-[C&D2&v4&H2&+0&R&z0:6]-1.[C&D3&v4&H0&+0&R&z0:7]1=[C&D2&v4&H1&+0&R&z1:8]-[N&D3&v3&H0&+0&R:9]-[C&D2&v4&H1&+0&R&z1:10]=[C&D2&v4&H1&+0&R&z0:11]-[C&D2&v4&H2&+0&R&z0:12]-1.[S&D2&v2&H0&+0&!R:13]-[C&D3&v4&H0&+0&!R&z2:14]=[O&D1&v2&H0&+0&!R:15]>>[C&D2&v4&H2&+0&!R&z1:14]-[O&D1&v2&H1&+0&!R:15].[S&D1&v2&H1&+0&!R:13].[c&D3&v4&H0&+0&R&z0:1]1:[c&D2&v4&H1&+0&R&z0:6]:[c&D2&v4&H1&+0&R&z0:5]:[c&D2&v4&H1&+0&R&z1:4]:[n&D3&v4&H0&+&R:3]:[c&D2&v4&H1&+0&R&z1:2]:1.[c&D3&v4&H0&+0&R&z0:7]1:[c&D2&v4&H1&+0&R&z0:12]:[c&D2&v4&H1&+0&R&z0:11]:[c&D2&v4&H1&+0&R&z1:10]:[n&D3&v4&H0&+&R:9]:[c&D2&v4&H1&+0&R&z1:8]:1,"[93, 93, 93]","[3, 2, 1]"
144,[C&D2&v4&H2&+0&!R&z1:1]-[O&D1&v2&H1&+0&!R:2].[S&D1&v2&H1&+0&!R:3].[c&D3&v4&H0&+0&R&z0:4]1:[c&D2&v4&H1&+0&R&z0:5]:[c&D2&v4&H1&+0&R&z0:6]:[c&D2&v4&H1&+0&R&z1:7]:[n&D3&v4&H0&+&R:8]:[c&D2&v4&H1&+0&R&z1:9]:1.[c&D3&v4&H0&+0&R&z0:10]1:[c&D2&v4&H1&+0&R&z0:11]:[c&D2&v4&H1&+0&R&z0:12]:[c&D2&v4&H1&+0&R&z1:13]:[n&D3&v4&H0&+&R:14]:[c&D2&v4&H1&+0&R&z1:15]:1>>[C&D3&v4&H0&+0&R&z0:4]1=[C&D2&v4&H1&+0&R&z1:9]-[N&D3&v3&H0&+0&R:8]-[C&D2&v4&H1&+0&R&z1:7]=[C&D2&v4&H1&+0&R&z0:6]-[C&D2&v4&H2&+0&R&z0:5]-1.[C&D3&v4&H0&+0&R&z0:10]1=[C&D2&v4&H1&+0&R&z1:15]-[N&D3&v3&H0&+0&R:14]-[C&D2&v4&H1&+0&R&z1:13]=[C&D2&v4&H1&+0&R&z0:12]-[C&D2&v4&H2&+0&R&z0:11]-1.[S&D2&v2&H0&+0&!R:3]-[C&D3&v4&H0&+0&!R&z2:1]=[O&D1&v2&H0&+0&!R:2],"[93, 93, 93]","[3, 2, 1]"
145,[O&D0&v2&H2&+0&!R:1].[O&D2&v2&H0&+0&!R:2]-[C&D3&v4&H0&+0&!R&z2:3]=[O&D1&v2&H0&+0&!R:4]>>[C&D3&v4&H0&+0&!R&z2:3](=[O&D1&v2&H0&+0&!R:4])-[O&D1&v2&H1&+0&!R:1].[O&D1&v2&H1&+0&!R:2],"[94, 666, 705, 733]","[1, 1, 1, 1]"
146,[C&D3&v4&H0&+0&!R&z2:1](=[O&D1&v2&H0&+0&!R:2])-[O&D1&v2&H1&+0&!R:3].[O&D1&v2&H1&+0&!R:4]>>[O&D0&v2&H2&+0&!R:3].[O&D2&v2&H0&+0&!R:4]-[C&D3&v4&H0&+0&!R&z2:1]=[O&D1&v2&H0&+0&!R:2],"[94, 666, 705, 733]","[1, 1, 1, 1]"
147,[C&D1&v4&H3&+0&!R&z0:1]-[C@@&D3&v4&H1&+0&R&z1:2]1-[O&D2&v2&H0&+0&R:3]-[C&D3&v4&H1&+0&R&z2:4](-[O&D1&v2&H1&+0&!R:5])-[C@&D3&v4&H1&+0&R&z1:6](-[O&D1&v2&H1&+0&!R:7])-[C@@&D3&v4&H1&+0&R&z1:8](-[O&D1&v2&H1&+0&!R:9])-[C@@&D3&v4&H1&+0&R&z1:10]-1-[O&D1&v2&H1&+0&!R:11]>>[C&D1&v4&H3&+0&!R&z0:1]-[C@@&D3&v4&H1&+0&!R&z1:2](-[O&D1&v2&H1&+0&!R:3])-[C@&D3&v4&H1&+0&!R&z1:10](-[O&D1&v2&H1&+0&!R:11])-[C@&D3&v4&H1&+0&!R&z1:8](-[O&D1&v2&H1&+0&!R:9])-[C&D3&v4&H0&+0&!R&z1:6](=[O&D1&v2&H0&+0&!R:7])-[C&D2&v4&H2&+0&!R&z1:4]-[O&D1&v2&H1&+0&!R:5],[95],[1]
148,[C&D1&v4&H3&+0&!R&z0:1]-[C@@&D3&v4&H1&+0&!R&z1:2](-[O&D1&v2&H1&+0&!R:3])-[C@&D3&v4&H1&+0&!R&z1:4](-[O&D1&v2&H1&+0&!R:5])-[C@&D3&v4&H1&+0&!R&z1:6](-[O&D1&v2&H1&+0&!R:7])-[C&D3&v4&H0&+0&!R&z1:8](=[O&D1&v2&H0&+0&!R:9])-[C&D2&v4&H2&+0&!R&z1:10]-[O&D1&v2&H1&+0&!R:11]>>[C&D1&v4&H3&+0&!R&z0:1]-[C@@&D3&v4&H1&+0&R&z1:2]1-[O&D2&v2&H0&+0&R:3]-[C&D3&v4&H1&+0&R&z2:10](-[O&D1&v2&H1&+0&!R:11])-[C@&D3&v4&H1&+0&R&z1:8](-[O&D1&v2&H1&+0&!R:9])-[C@@&D3&v4&H1&+0&R&z1:6](-[O&D1&v2&H1&+0&!R:7])-[C@@&D3&v4&H1&+0&R&z1:4]-1-[O&D1&v2&H1&+0&!R:5],[95],[1]
149,[N&D3&v3&H0&+0&!R:1]-[C&D3&v4&H0&+0&!R&z3:2]=[N&D1&v3&H1&+0&!R:3].[O&D0&v2&H2&+0&!R:4]>>[C&D3&v4&H0&+0&!R&z3:2](-[N&D1&v3&H2&+0&!R:3])=[O&D1&v2&H0&+0&!R:4].[N&D2&v3&H1&+0&!R:1],[96],[1]
150,[C&D3&v4&H0&+0&!R&z3:1](-[N&D1&v3&H2&+0&!R:2])=[O&D1&v2&H0&+0&!R:3].[N&D2&v3&H1&+0&!R:4]>>[N&D3&v3&H0&+0&!R:4]-[C&D3&v4&H0&+0&!R&z3:1]=[N&D1&v3&H1&+0&!R:2].[O&D0&v2&H2&+0&!R:3],[96],[1]
151,[N&D1&v3&H2&+0&!R:1]-[c&D3&v4&H0&+0&R&z2:2]:[n&D2&v3&H0&+0&R:3].[O&D0&v2&H2&+0&!R:4]>>[N&D0&v3&H3&+0&!R:1].[O&D1&v2&H0&+0&!R:4]=[c&D3&v4&H0&+0&R&z2:2]:[n&D2&v3&H1&+0&R:3],"[97, 636, 710, 732]","[1, 1, 1, 2]"
152,[N&D0&v3&H3&+0&!R:1].[O&D1&v2&H0&+0&!R:2]=[c&D3&v4&H0&+0&R&z2:3]:[n&D2&v3&H1&+0&R:4]>>[N&D1&v3&H2&+0&!R:1]-[c&D3&v4&H0&+0&R&z2:3]:[n&D2&v3&H0&+0&R:4].[O&D0&v2&H2&+0&!R:2],"[97, 636, 710, 732]","[1, 1, 1, 2]"
153,[N&D2&v3&H1&+0&!R:1]-[C&D2&v4&H1&+0&!R&z2:2]=[O&D1&v2&H0&+0&!R:3].[O&D0&v2&H2&+0&!R:4]>>[N&D1&v3&H2&+0&!R:1].[O&D1&v2&H0&+0&!R:3]=[C&D2&v4&H1&+0&!R&z2:2]-[O&D1&v2&H1&+0&!R:4],[98],[1]
154,[N&D1&v3&H2&+0&!R:1].[O&D1&v2&H0&+0&!R:2]=[C&D2&v4&H1&+0&!R&z2:3]-[O&D1&v2&H1&+0&!R:4]>>[N&D2&v3&H1&+0&!R:1]-[C&D2&v4&H1&+0&!R&z2:3]=[O&D1&v2&H0&+0&!R:2].[O&D0&v2&H2&+0&!R:4],[98],[1]
155,[C&D2&v4&H1&+0&!R&z1:1]=[O&D1&v2&H0&+0&!R:2].[O&D0&v2&H2&+0&!R:3].[c&D3&v4&H0&+0&R&z0:4]1:[c&D2&v4&H1&+0&R&z0:5]:[c&D2&v4&H1&+0&R&z0:6]:[c&D2&v4&H1&+0&R&z1:7]:[n&D3&v4&H0&+&R:8]:[c&D2&v4&H1&+0&R&z1:9]:1>>[C&D3&v4&H0&+0&!R&z2:1](=[O&D1&v2&H0&+0&!R:2])-[O&D1&v2&H1&+0&!R:3].[C&D3&v4&H0&+0&R&z0:4]1=[C&D2&v4&H1&+0&R&z1:9]-[N&D3&v3&H0&+0&R:8]-[C&D2&v4&H1&+0&R&z1:7]=[C&D2&v4&H1&+0&R&z0:6]-[C&D2&v4&H2&+0&R&z0:5]-1,[100],[1]
156,[C&D3&v4&H0&+0&!R&z2:1](=[O&D1&v2&H0&+0&!R:2])-[O&D1&v2&H1&+0&!R:3].[C&D3&v4&H0&+0&R&z0:4]1=[C&D2&v4&H1&+0&R&z1:5]-[N&D3&v3&H0&+0&R:6]-[C&D2&v4&H1&+0&R&z1:7]=[C&D2&v4&H1&+0&R&z0:8]-[C&D2&v4&H2&+0&R&z0:9]-1>>[C&D2&v4&H1&+0&!R&z1:1]=[O&D1&v2&H0&+0&!R:2].[O&D0&v2&H2&+0&!R:3].[c&D3&v4&H0&+0&R&z0:4]1:[c&D2&v4&H1&+0&R&z0:9]:[c&D2&v4&H1&+0&R&z0:8]:[c&D2&v4&H1&+0&R&z1:7]:[n&D3&v4&H0&+&R:6]:[c&D2&v4&H1&+0&R&z1:5]:1,[100],[1]
157,[C&D3&v4&H0&+0&R&z1:1]1=[C&D3&v4&H0&+0&R&z1:2]-[C&D3&v4&H0&+0&R&z1:3](=[O&D1&v2&H0&+0&!R:4])-[C&D3&v4&H0&+0&R&z0:5]=[C&D3&v4&H0&+0&R&z0:6]-[C&D3&v4&H0&+0&R&z1:7]-1=[O&D1&v2&H0&+0&!R:8].[C&D3&v4&H1&+0&R&z2:9](-[O&D1&v2&H1&+0&!R:10])~[H1@:11]~[O&D1&v2&H1&+0&!R:12]>>[O&D1&v2&H0&+0&!R:10]=[C&D3&v4&H0&+0&R&z2:9]~[H1@@:11]~[O&D1&v2&H1&+0&!R:12].[c&D3&v4&H0&+0&R&z1:1]1:[c&D3&v4&H0&+0&R&z1:7](-[O&D1&v2&H1&+0&!R:8]):[c&D3&v4&H0&+0&R&z0:6]:[c&D3&v4&H0&+0&R&z0:5]:[c&D3&v4&H0&+0&R&z1:3](-[O&D1&v2&H1&+0&!R:4]):[c&D3&v4&H0&+0&R&z1:2]:1,"[104, 104, 104]","[1, 3, 2]"
158,[O&D1&v2&H0&+0&!R:1]=[C&D3&v4&H0&+0&R&z2:2]~[H1@@:3]~[O&D1&v2&H1&+0&!R:4].[c&D3&v4&H0&+0&R&z1:5]1:[c&D3&v4&H0&+0&R&z1:6](-[O&D1&v2&H1&+0&!R:7]):[c&D3&v4&H0&+0&R&z0:8]:[c&D3&v4&H0&+0&R&z0:9]:[c&D3&v4&H0&+0&R&z1:10](-[O&D1&v2&H1&+0&!R:11]):[c&D3&v4&H0&+0&R&z1:12]:1>>[C&D3&v4&H0&+0&R&z1:5]1=[C&D3&v4&H0&+0&R&z1:12]-[C&D3&v4&H0&+0&R&z1:10](=[O&D1&v2&H0&+0&!R:11])-[C&D3&v4&H0&+0&R&z0:9]=[C&D3&v4&H0&+0&R&z0:8]-[C&D3&v4&H0&+0&R&z1:6]-1=[O&D1&v2&H0&+0&!R:7].[C&D3&v4&H1&+0&R&z2:2](-[O&D1&v2&H1&+0&!R:1])~[H1@:3]~[O&D1&v2&H1&+0&!R:4],"[104, 104, 104]","[1, 3, 2]"
159,[C&D3&v4&H0&+0&R&z1:1]1=[C&D3&v4&H0&+0&R&z1:2]-[C&D3&v4&H0&+0&R&z1:3](=[O&D1&v2&H0&+0&!R:4])-[C&D3&v4&H0&+0&R&z0:5]=[C&D3&v4&H0&+0&R&z0:6]-[C&D3&v4&H0&+0&R&z1:7]-1=[O&D1&v2&H0&+0&!R:8].[C&D3&v4&H0&+0&R&z2:9]1-[C&D2&v4&H2&+0&R&z0:10]-[C@@&D3&v4&H1&+0&R&z1:11](-[C&D3&v4&H0&+0&!R&z2:12])-[N&D2&v3&H1&+0&R:13]-[C&D3&v4&H0&+0&R&z3:14]-[N&D2&v3&H1&+0&R:15]-1>>[C&D3&v4&H0&+0&!R&z2:12]-[c&D3&v4&H0&+0&R&z1:11]1:[c&D2&v4&H1&+0&R&z0:10]:[c&D3&v4&H0&+0&R&z2:9]:[n&D2&v3&H1&+0&R:15]:[c&D3&v4&H0&+0&R&z3:14]:[n&D2&v3&H1&+0&R:13]:1.[c&D3&v4&H0&+0&R&z1:1]1:[c&D3&v4&H0&+0&R&z1:7](-[O&D1&v2&H1&+0&!R:8]):[c&D3&v4&H0&+0&R&z0:6]:[c&D3&v4&H0&+0&R&z0:5]:[c&D3&v4&H0&+0&R&z1:3](-[O&D1&v2&H1&+0&!R:4]):[c&D3&v4&H0&+0&R&z1:2]:1,[109],[3]
160,[C&D3&v4&H0&+0&!R&z2:1]-[c&D3&v4&H0&+0&R&z1:2]1:[c&D2&v4&H1&+0&R&z0:3]:[c&D3&v4&H0&+0&R&z2:4]:[n&D2&v3&H1&+0&R:5]:[c&D3&v4&H0&+0&R&z3:6]:[n&D2&v3&H1&+0&R:7]:1.[c&D3&v4&H0&+0&R&z1:8]1:[c&D3&v4&H0&+0&R&z1:9](-[O&D1&v2&H1&+0&!R:10]):[c&D3&v4&H0&+0&R&z0:11]:[c&D3&v4&H0&+0&R&z0:12]:[c&D3&v4&H0&+0&R&z1:13](-[O&D1&v2&H1&+0&!R:14]):[c&D3&v4&H0&+0&R&z1:15]:1>>[C&D3&v4&H0&+0&R&z1:8]1=[C&D3&v4&H0&+0&R&z1:15]-[C&D3&v4&H0&+0&R&z1:13](=[O&D1&v2&H0&+0&!R:14])-[C&D3&v4&H0&+0&R&z0:12]=[C&D3&v4&H0&+0&R&z0:11]-[C&D3&v4&H0&+0&R&z1:9]-1=[O&D1&v2&H0&+0&!R:10].[C&D3&v4&H0&+0&R&z2:4]1-[C&D2&v4&H2&+0&R&z0:3]-[C@@&D3&v4&H1&+0&R&z1:2](-[C&D3&v4&H0&+0&!R&z2:1])-[N&D2&v3&H1&+0&R:7]-[C&D3&v4&H0&+0&R&z3:6]-[N&D2&v3&H1&+0&R:5]-1,[109],[3]
161,[C&D3&v4&H0&+0&R&z0:1]1=[C&D2&v4&H1&+0&R&z1:2]-[N&D3&v3&H0&+0&R:3]-[C&D2&v4&H1&+0&R&z1:4]=[C&D2&v4&H1&+0&R&z0:5]-[C&D2&v4&H2&+0&R&z0:6]-1.[N&D2&v3&H0&+0&R:7]=[C&D3&v4&H0&+0&R&z1:8]>>[N&D2&v3&H1&+0&R:7]-[C&D3&v4&H1&+0&R&z1:8].[c&D3&v4&H0&+0&R&z0:1]1:[c&D2&v4&H1&+0&R&z0:6]:[c&D2&v4&H1&+0&R&z0:5]:[c&D2&v4&H1&+0&R&z1:4]:[n&D3&v4&H0&+&R:3]:[c&D2&v4&H1&+0&R&z1:2]:1,"[112, 752]","[1, 1]"
162,[N&D2&v3&H1&+0&R:1]-[C&D3&v4&H1&+0&R&z1:2].[c&D3&v4&H0&+0&R&z0:3]1:[c&D2&v4&H1&+0&R&z0:4]:[c&D2&v4&H1&+0&R&z0:5]:[c&D2&v4&H1&+0&R&z1:6]:[n&D3&v4&H0&+&R:7]:[c&D2&v4&H1&+0&R&z1:8]:1>>[C&D3&v4&H0&+0&R&z0:3]1=[C&D2&v4&H1&+0&R&z1:8]-[N&D3&v3&H0&+0&R:7]-[C&D2&v4&H1&+0&R&z1:6]=[C&D2&v4&H1&+0&R&z0:5]-[C&D2&v4&H2&+0&R&z0:4]-1.[N&D2&v3&H0&+0&R:1]=[C&D3&v4&H0&+0&R&z1:2],"[112, 752]","[1, 1]"
163,[C&D3&v4&H0&+0&R&z0:1]1=[C&D2&v4&H1&+0&R&z1:2]-[N&D3&v3&H0&+0&R:3]-[C&D2&v4&H1&+0&R&z1:4]=[C&D2&v4&H1&+0&R&z0:5]-[C&D2&v4&H2&+0&R&z0:6]-1.[c&D3&v4&H0&+0&R&z0:7]1:[c&D2&v4&H1&+0&R&z0:8]:[c&D2&v4&H1&+0&R&z0:9]:[c&D2&v4&H1&+0&R&z1:10]:[n&D3&v4&H0&+&R:11]:[c&D2&v4&H1&+0&R&z1:12]:1>>[C&D3&v4&H0&+0&R&z0:7]1=[C&D2&v4&H1&+0&R&z1:12]-[N&D3&v3&H0&+0&R:11]-[C&D2&v4&H1&+0&R&z1:10]=[C&D2&v4&H1&+0&R&z0:9]-[C&D2&v4&H2&+0&R&z0:8]-1.[c&D3&v4&H0&+0&R&z0:1]1:[c&D2&v4&H1&+0&R&z0:6]:[c&D2&v4&H1&+0&R&z0:5]:[c&D2&v4&H1&+0&R&z1:4]:[n&D3&v4&H0&+&R:3]:[c&D2&v4&H1&+0&R&z1:2]:1,"[116, 116]","[1, 1]"
164,[C&D2&v4&H2&+0&!R&z1:1]-[S@&D3&v3&H0&+&!R:2](-[C&D1&v4&H3&+0&!R&z1:3])-[#8&-:4].[S&D1&v2&H1&+0&!R:5].[S&D1&v2&H1&+0&!R:6]>>[C&D2&v4&H2&+0&!R&z1:1]-[S&D2&v2&H0&+0&!R:2]-[C&D1&v4&H3&+0&!R&z1:3].[O&D0&v2&H2&+0&!R:4].[S&D2&v2&H0&+0&!R:5]-[S&D2&v2&H0&+0&!R:6],"[122, 122, 715]","[2, 1, 1]"
165,[C&D2&v4&H2&+0&!R&z1:1]-[S&D2&v2&H0&+0&!R:2]-[C&D1&v4&H3&+0&!R&z1:3].[O&D0&v2&H2&+0&!R:4].[S&D2&v2&H0&+0&!R:5]-[S&D2&v2&H0&+0&!R:6]>>[C&D2&v4&H2&+0&!R&z1:1]-[S@&D3&v3&H0&+&!R:2](-[C&D1&v4&H3&+0&!R&z1:3])-[#8&-:4].[S&D1&v2&H1&+0&!R:5].[S&D1&v2&H1&+0&!R:6],"[122, 122, 715]","[2, 1, 1]"
166,[C&D2&v4&H2&+0&!R&z1:1].[C&D3&v4&H0&+0&!R&z1:2](=[O&D1&v2&H0&+0&!R:3])-[C&D3&v4&H0&+0&!R&z2:4]-[O&D1&v2&H1&+0&!R:5].[C&D3&v4&H1&+0&!R&z2:6](-[O&D1&v2&H1&+0&!R:7])-[S&D4&v6&H0&+0&!R:8]-[O&D1&v2&H1&+0&!R:9].[O&D1&v2&H0&+0&!R:10]=[O&D1&v2&H0&+0&!R:11].[O&D1&v2&H1&+0&!R:12]-[O&D1&v2&H1&+0&!R:13]>>[#6&-:1]-[O&D1&v3&H2&+&!R:13].[#8&-:11]-[O&D1&v3&H2&+&!R:10].[C&D2&v4&H1&+0&!R&z1:6]=[O&D1&v2&H0&+0&!R:7].[O&D1&v2&H0&+0&!R:5]=[C&D2&v4&H0&+0&!R&z2:4].[O&D1&v2&H0&+0&!R:12]=[C&D3&v4&H0&+0&!R&z2:2]-[O&D1&v2&H1&+0&!R:3].[S&D3&v6&H1&+0&!R:8]-[O&D1&v2&H1&+0&!R:9],[129],[1]
167,[#6&-:1]-[O&D1&v3&H2&+&!R:2].[#8&-:3]-[O&D1&v3&H2&+&!R:4].[C&D2&v4&H1&+0&!R&z1:5]=[O&D1&v2&H0&+0&!R:6].[O&D1&v2&H0&+0&!R:7]=[C&D2&v4&H0&+0&!R&z2:8].[O&D1&v2&H0&+0&!R:9]=[C&D3&v4&H0&+0&!R&z2:10]-[O&D1&v2&H1&+0&!R:11].[S&D3&v6&H1&+0&!R:12]-[O&D1&v2&H1&+0&!R:13]>>[C&D2&v4&H2&+0&!R&z1:1].[C&D3&v4&H0&+0&!R&z1:10](=[O&D1&v2&H0&+0&!R:11])-[C&D3&v4&H0&+0&!R&z2:8]-[O&D1&v2&H1&+0&!R:7].[C&D3&v4&H1&+0&!R&z2:5](-[O&D1&v2&H1&+0&!R:6])-[S&D4&v6&H0&+0&!R:12]-[O&D1&v2&H1&+0&!R:13].[O&D1&v2&H0&+0&!R:4]=[O&D1&v2&H0&+0&!R:3].[O&D1&v2&H1&+0&!R:9]-[O&D1&v2&H1&+0&!R:2],[129],[1]
168,[O&D1&v2&H0&+0&!R:1]=[#33:2]-[O&D1&v2&H1&+0&!R:3].[S&D1&v2&H1&+0&!R:4].[S&D1&v2&H1&+0&!R:5].([S&D1&v2&H1&+0&!R:6].[S&D2&v2&H0&+0&!R:7]-[S&D2&v2&H0&+0&!R:8])>>[O&D0&v2&H2&+0&!R:3].[O&D1&v2&H1&+0&!R:1]-[#33:2].[S&D1&v2&H1&+0&!R:8].[S&D2&v2&H0&+0&!R:4]-[S&D2&v2&H0&+0&!R:5].[S&D2&v2&H0&+0&R:6]-[S&D2&v2&H0&+0&R:7],[143],[1]
169,[O&D0&v2&H2&+0&!R:1].[O&D1&v2&H1&+0&!R:2]-[#33:3].[S&D1&v2&H1&+0&!R:4].[S&D2&v2&H0&+0&!R:5]-[S&D2&v2&H0&+0&!R:6].[S&D2&v2&H0&+0&R:7]-[S&D2&v2&H0&+0&R:8]>>[O&D1&v2&H0&+0&!R:2]=[#33:3]-[O&D1&v2&H1&+0&!R:1].[S&D1&v2&H1&+0&!R:5].[S&D1&v2&H1&+0&!R:6].([S&D1&v2&H1&+0&!R:7].[S&D2&v2&H0&+0&!R:8]-[S&D2&v2&H0&+0&!R:4]),[143],[1]
170,[N&D1&v3&H2&+0&!R:1]-[C&D3&v4&H1&+0&!R&z1:2]-[C&D2&v4&H2&+0&!R&z1:3]-[O&D1&v2&H1&+0&!R:4].([N&D2&v3&H1&+0&!R:5].[N&D2&v3&H1&+0&R:6])>>[N&D1&v3&H2&+0&!R:1]-[C&D2&v4&H2&+0&!R&z1:2].[N&D3&v3&H0&+0&R:5]-[C&D2&v4&H2&+0&R&z2:3]-[N&D3&v3&H0&+0&R:6].[O&D0&v2&H2&+0&!R:4],[147],[1]
171,[N&D1&v3&H2&+0&!R:1]-[C&D2&v4&H2&+0&!R&z1:2].[N&D3&v3&H0&+0&R:3]-[C&D2&v4&H2&+0&R&z2:4]-[N&D3&v3&H0&+0&R:5].[O&D0&v2&H2&+0&!R:6]>>[N&D1&v3&H2&+0&!R:1]-[C&D3&v4&H1&+0&!R&z1:2]-[C&D2&v4&H2&+0&!R&z1:4]-[O&D1&v2&H1&+0&!R:6].([N&D2&v3&H1&+0&!R:3].[N&D2&v3&H1&+0&R:5]),[147],[1]
172,[O&D1&v2&H0&+0&!R:1]=[C&D2&v4&H1&+0&!R&z1:2].[O&D1&v2&H0&+0&!R:3]=[C&D3&v4&H0&+0&!R&z1:4]-[C@&D3&v4&H1&+0&!R&z1:5](-[O&D1&v2&H1&+0&!R:6])-[C@@&D3&v4&H1&+0&!R&z1:7](-[O&D1&v2&H1&+0&!R:8])-[C@@&D3&v4&H1&+0&!R&z1:9](-[O&D1&v2&H1&+0&!R:10])-[C&D2&v4&H2&+0&!R&z1:11]>>[O&D1&v2&H0&+0&!R:8]=[C&D2&v4&H1&+0&!R&z1:7]-[C@@&D3&v4&H1&+0&!R&z1:9](-[O&D1&v2&H1&+0&!R:10])-[C&D2&v4&H2&+0&!R&z1:11].[O&D1&v2&H0&+0&!R:3]=[C&D3&v4&H0&+0&!R&z1:4]-[C@&D3&v4&H1&+0&!R&z1:5](-[O&D1&v2&H1&+0&!R:6])-[C&D3&v4&H1&+0&!R&z1:2]-[O&D1&v2&H1&+0&!R:1],[148],[1]
173,[O&D1&v2&H0&+0&!R:1]=[C&D2&v4&H1&+0&!R&z1:2]-[C@@&D3&v4&H1&+0&!R&z1:3](-[O&D1&v2&H1&+0&!R:4])-[C&D2&v4&H2&+0&!R&z1:5].[O&D1&v2&H0&+0&!R:6]=[C&D3&v4&H0&+0&!R&z1:7]-[C@&D3&v4&H1&+0&!R&z1:8](-[O&D1&v2&H1&+0&!R:9])-[C&D3&v4&H1&+0&!R&z1:10]-[O&D1&v2&H1&+0&!R:11]>>[O&D1&v2&H0&+0&!R:11]=[C&D2&v4&H1&+0&!R&z1:10].[O&D1&v2&H0&+0&!R:6]=[C&D3&v4&H0&+0&!R&z1:7]-[C@&D3&v4&H1&+0&!R&z1:8](-[O&D1&v2&H1&+0&!R:9])-[C@@&D3&v4&H1&+0&!R&z1:2](-[O&D1&v2&H1&+0&!R:1])-[C@@&D3&v4&H1&+0&!R&z1:3](-[O&D1&v2&H1&+0&!R:4])-[C&D2&v4&H2&+0&!R&z1:5],[148],[1]
174,[C&D3&v4&H0&+0&!R&z2:1](-[N&D1&v3&H2&+0&!R:2])=[O&D1&v2&H0&+0&!R:3].[N&D1&v3&H2&+0&!R:4]>>[N&D0&v3&H3&+0&!R:2].[N&D2&v3&H1&+0&!R:4]-[C&D3&v4&H0&+0&!R&z2:1]=[O&D1&v2&H0&+0&!R:3],"[149, 761]","[1, 1]"
175,[N&D0&v3&H3&+0&!R:1].[N&D2&v3&H1&+0&!R:2]-[C&D3&v4&H0&+0&!R&z2:3]=[O&D1&v2&H0&+0&!R:4]>>[C&D3&v4&H0&+0&!R&z2:3](-[N&D1&v3&H2&+0&!R:1])=[O&D1&v2&H0&+0&!R:4].[N&D1&v3&H2&+0&!R:2],"[149, 761]","[1, 1]"
176,[*:1](~[O&D1&v2&H1&+0&!R:2])~[*:3]~[*:4](~[O&D1&v2&H1&+0&!R:5])~[O&D2&v2&H0&+0&!R:6]-[P&D4&v5&H0&+0&!R:7]-[O&D1&v2&H1&+0&!R:8].[O&D1&v2&H1&+0&!R:9]>>[*:1](~[O&D1&v2&H1&+0&!R:2])~[*:3]~[*:4](~[O&D1&v2&H1&+0&!R:5])~[O&D1&v2&H1&+0&!R:6].[O&D2&v2&H0&+0&!R:9]-[P&D4&v5&H0&+0&!R:7]-[O&D1&v2&H1&+0&!R:8],"[150, 760]","[1, 1]"
177,[*:1](~[O&D1&v2&H1&+0&!R:2])~[*:3]~[*:4](~[O&D1&v2&H1&+0&!R:5])~[O&D1&v2&H1&+0&!R:6].[O&D2&v2&H0&+0&!R:7]-[P&D4&v5&H0&+0&!R:8]-[O&D1&v2&H1&+0&!R:9]>>[*:1](~[O&D1&v2&H1&+0&!R:2])~[*:3]~[*:4](~[O&D1&v2&H1&+0&!R:5])~[O&D2&v2&H0&+0&!R:6]-[P&D4&v5&H0&+0&!R:8]-[O&D1&v2&H1&+0&!R:9].[O&D1&v2&H1&+0&!R:7],"[150, 760]","[1, 1]"
178,[*:1](~[O&D1&v2&H1&+0&!R:2])~[O&D2&v2&H0&+0&!R:3]-[P&D4&v5&H0&+0&!R:4](=[O&D1&v2&H0&+0&!R:5])(-[O&D1&v2&H1&+0&!R:6])~[*:7]~[*:8]~[O&D1&v2&H1&+0&!R:9].[O&D1&v2&H1&+0&!R:10]>>[*:1](~[O&D1&v2&H1&+0&!R:2])~[O&D1&v2&H1&+0&!R:3].[O&D2&v2&H0&+0&!R:10]-[P&D4&v5&H0&+0&!R:4](=[O&D1&v2&H0&+0&!R:5])(-[O&D1&v2&H1&+0&!R:6])~[*:7]~[*:8]~[O&D1&v2&H1&+0&!R:9],[151],[1]
179,[*:1](~[O&D1&v2&H1&+0&!R:2])~[O&D1&v2&H1&+0&!R:3].[O&D2&v2&H0&+0&!R:4]-[P&D4&v5&H0&+0&!R:5](=[O&D1&v2&H0&+0&!R:6])(-[O&D1&v2&H1&+0&!R:7])~[*:8]~[*:9]~[O&D1&v2&H1&+0&!R:10]>>[*:1](~[O&D1&v2&H1&+0&!R:2])~[O&D2&v2&H0&+0&!R:3]-[P&D4&v5&H0&+0&!R:5](=[O&D1&v2&H0&+0&!R:6])(-[O&D1&v2&H1&+0&!R:7])~[*:8]~[*:9]~[O&D1&v2&H1&+0&!R:10].[O&D1&v2&H1&+0&!R:4],[151],[1]
180,[O&D1&v2&H1&+0&!R:1].[P&D4&v5&H0&+0&!R:2](=[O&D1&v2&H0&+0&!R:3])-[O&D2&v2&H0&+0&!R:4]-[P&D4&v5&H0&+0&!R:5]=[O&D1&v2&H0&+0&!R:6]>>[O&D2&v2&H0&+0&!R:1]-[P&D4&v5&H0&+0&!R:2]=[O&D1&v2&H0&+0&!R:3].[P&D4&v5&H0&+0&!R:5](=[O&D1&v2&H0&+0&!R:4])-[O&D1&v2&H1&+0&!R:6],[152],[3]
181,[O&D2&v2&H0&+0&!R:1]-[P&D4&v5&H0&+0&!R:2]=[O&D1&v2&H0&+0&!R:3].[P&D4&v5&H0&+0&!R:4](=[O&D1&v2&H0&+0&!R:5])-[O&D1&v2&H1&+0&!R:6]>>[O&D1&v2&H1&+0&!R:1].[P&D4&v5&H0&+0&!R:2](=[O&D1&v2&H0&+0&!R:3])-[O&D2&v2&H0&+0&!R:5]-[P&D4&v5&H0&+0&!R:4]=[O&D1&v2&H0&+0&!R:6],[152],[3]
182,[C&D1&v4&H1&+0&!R&z1:1].[O&D1&v2&H0&+0&!R:2]=[S&D4&v6&H0&+0&!R:3]-[S&D1&v2&H1&+0&!R:4]>>[C&D2&v4&H0&+0&!R&z2:1]-[S&D1&v2&H1&+0&!R:4].[S&D3&v4&H0&+0&!R:3]-[O&D1&v2&H1&+0&!R:2],[153],[1]
183,[C&D2&v4&H0&+0&!R&z2:1]-[S&D1&v2&H1&+0&!R:2].[S&D3&v4&H0&+0&!R:3]-[O&D1&v2&H1&+0&!R:4]>>[C&D1&v4&H1&+0&!R&z1:1].[O&D1&v2&H0&+0&!R:4]=[S&D4&v6&H0&+0&!R:3]-[S&D1&v2&H1&+0&!R:2],[153],[1]
184,[O&D1&v2&H1&+0&!R:1].[O&D2&v2&H0&+0&!R:2]-[S&D4&v6&H0&+0&!R:3]-[O&D1&v2&H1&+0&!R:4]>>[O&D1&v2&H1&+0&!R:2].[O&D2&v2&H0&+0&!R:1]-[S&D4&v6&H0&+0&!R:3]-[O&D1&v2&H1&+0&!R:4],"[154, 154]","[1, 1]"
185,[C&D3&v4&H0&+0&!R&z2:1](=[O&D1&v2&H0&+0&!R:2])-[S&D2&v2&H0&+0&!R:3].[O&D0&v2&H2&+0&!R:4]>>[C&D3&v4&H0&+0&!R&z2:1](=[O&D1&v2&H0&+0&!R:2])-[O&D1&v2&H1&+0&!R:4].[S&D1&v2&H1&+0&!R:3],[157],[1]
186,[C&D3&v4&H0&+0&!R&z2:1](=[O&D1&v2&H0&+0&!R:2])-[O&D1&v2&H1&+0&!R:3].[S&D1&v2&H1&+0&!R:4]>>[C&D3&v4&H0&+0&!R&z2:1](=[O&D1&v2&H0&+0&!R:2])-[S&D2&v2&H0&+0&!R:4].[O&D0&v2&H2&+0&!R:3],[157],[1]
187,[O&D0&v2&H2&+0&!R:1].[P&D4&v5&H0&+0&!R:2](=[O&D1&v2&H0&+0&!R:3])-[O&D2&v2&H0&+0&!R:4]>>[O&D1&v2&H1&+0&!R:4].[P&D4&v5&H0&+0&!R:2](=[O&D1&v2&H0&+0&!R:3])-[O&D1&v2&H1&+0&!R:1],"[161, 634]","[1, 1]"
188,[O&D1&v2&H1&+0&!R:1].[P&D4&v5&H0&+0&!R:2](=[O&D1&v2&H0&+0&!R:3])-[O&D1&v2&H1&+0&!R:4]>>[O&D0&v2&H2&+0&!R:4].[P&D4&v5&H0&+0&!R:2](=[O&D1&v2&H0&+0&!R:3])-[O&D2&v2&H0&+0&!R:1],"[161, 634]","[1, 1]"
189,[O&D0&v2&H2&+0&!R:1].[O&D2&v2&H0&+0&R:2]-[C@@&D3&v4&H1&+0&R&z1:3]1-[C&D2&v4&H2&+0&R&z0:4]-[C@@&D3&v4&H1&+0&R&z2:5](-[O&D2&v2&H0&+0&R:6]-[C@&D3&v4&H1&+0&R&z1:7]-1-[C&D2&v4&H2&+0&!R&z1:8])-[N&D3&v3&H0&+0&R:9]-[C&D3&v4&H0&+0&R&z3:10]=[O&D1&v2&H0&+0&!R:11]>>[C&D2&v4&H2&+0&!R&z1:8]-[C@@&D3&v4&H1&+0&!R&z1:7](-[O&D1&v2&H1&+0&!R:6])/[C&D2&v4&H1&+0&!R&z0:3]=[C&D2&v4&H1&+0&!R&z0:4]\[C&D2&v4&H1&+0&!R&z1:5]=[O&D1&v2&H0&+0&!R:1].([N&D2&v3&H1&+0&R:9]-[C&D3&v4&H0&+0&R&z3:10]=[O&D1&v2&H0&+0&!R:11].[O&D1&v2&H1&+0&!R:2]),[162],[1]
190,[C&D2&v4&H2&+0&!R&z1:1]-[C@@&D3&v4&H1&+0&!R&z1:2](-[O&D1&v2&H1&+0&!R:3])/[C&D2&v4&H1&+0&!R&z0:4]=[C&D2&v4&H1&+0&!R&z0:5]\[C&D2&v4&H1&+0&!R&z1:6]=[O&D1&v2&H0&+0&!R:7].([N&D2&v3&H1&+0&R:8]-[C&D3&v4&H0&+0&R&z3:9]=[O&D1&v2&H0&+0&!R:10].[O&D1&v2&H1&+0&!R:11])>>[O&D0&v2&H2&+0&!R:7].[O&D2&v2&H0&+0&R:11]-[C@@&D3&v4&H1&+0&R&z1:4]1-[C&D2&v4&H2&+0&R&z0:5]-[C@@&D3&v4&H1&+0&R&z2:6](-[O&D2&v2&H0&+0&R:3]-[C@&D3&v4&H1&+0&R&z1:2]-1-[C&D2&v4&H2&+0&!R&z1:1])-[N&D3&v3&H0&+0&R:8]-[C&D3&v4&H0&+0&R&z3:9]=[O&D1&v2&H0&+0&!R:10],[162],[1]
191,[O&D0&v2&H2&+0&!R:1].[P&D4&v5&H0&+0&!R:2]-[O&D2&v2&H0&+0&!R:3]>>[O&D1&v2&H1&+0&!R:3].[P&D4&v5&H0&+0&!R:2]-[O&D1&v2&H1&+0&!R:1],"[163, 163]","[2, 1]"
192,[O&D1&v2&H1&+0&!R:1].[P&D4&v5&H0&+0&!R:2]-[O&D1&v2&H1&+0&!R:3]>>[O&D0&v2&H2&+0&!R:3].[P&D4&v5&H0&+0&!R:2]-[O&D2&v2&H0&+0&!R:1],"[163, 163]","[2, 1]"
193,[O&D0&v2&H2&+0&!R:1].[O&D2&v2&H0&+0&!R:2]-[P&D4&v5&H0&+0&!R:3]~[*:4]~[*:5]~[*:6]~[O&D1&v2&H1&+0&!R:7]>>[*:5](~[*:4]~[P&D4&v5&H0&+0&!R:3]-[O&D1&v2&H1&+0&!R:1])~[*:6]~[O&D1&v2&H1&+0&!R:7].[O&D1&v2&H1&+0&!R:2],[164],[1]
194,[*:1](~[*:2]~[P&D4&v5&H0&+0&!R:3]-[O&D1&v2&H1&+0&!R:4])~[*:5]~[O&D1&v2&H1&+0&!R:6].[O&D1&v2&H1&+0&!R:7]>>[O&D0&v2&H2&+0&!R:4].[O&D2&v2&H0&+0&!R:7]-[P&D4&v5&H0&+0&!R:3]~[*:2]~[*:1]~[*:5]~[O&D1&v2&H1&+0&!R:6],[164],[1]
195,[O&D0&v2&H2&+0&!R:1].[O&D2&v2&H0&+0&!R:2]-[P&D4&v5&H0&+0&!R:3]-[O&D1&v2&H1&+0&!R:4]>>[O&D1&v2&H1&+0&!R:2].[P&D4&v5&H0&+0&!R:3](-[O&D1&v2&H1&+0&!R:1])-[O&D1&v2&H1&+0&!R:4],[165],[1]
196,[O&D1&v2&H1&+0&!R:1].[P&D4&v5&H0&+0&!R:2](-[O&D1&v2&H1&+0&!R:3])-[O&D1&v2&H1&+0&!R:4]>>[O&D0&v2&H2&+0&!R:3].[O&D2&v2&H0&+0&!R:1]-[P&D4&v5&H0&+0&!R:2]-[O&D1&v2&H1&+0&!R:4],[165],[1]
197,[C&D2&v4&H2&+0&!R&z0:1]/[C&D2&v4&H1&+0&!R&z0:2]=[C&D2&v4&H1&+0&!R&z0:3]\[C&D2&v4&H1&+0&!R&z0:4]=[C&D2&v4&H1&+0&!R&z0:5]\[C&D2&v4&H1&+0&!R&z0:6]=[C&D2&v4&H1&+0&!R&z0:7]\[C@&D3&v4&H1&+0&R&z1:8]1-[O&D2&v2&H0&+0&R:9]-[C@@&D3&v4&H1&+0&R&z1:10]-1-[C&D2&v4&H2&+0&!R&z0:11].[O&D0&v2&H2&+0&!R:12]>>[C&D2&v4&H2&+0&!R&z0:1]-[C&D3&v4&H1&+0&!R&z1:2](-[O&D1&v2&H1&+0&!R:12])/[C&D2&v4&H1&+0&!R&z0:3]=[C&D2&v4&H1&+0&!R&z0:4]/[C&D2&v4&H1&+0&!R&z0:5]=[C&D2&v4&H1&+0&!R&z0:6]/[C&D2&v4&H1&+0&!R&z0:7]=[C&D2&v4&H1&+0&!R&z0:8]/[C@@&D3&v4&H1&+0&!R&z1:10](-[O&D1&v2&H1&+0&!R:9])-[C&D2&v4&H2&+0&!R&z0:11],"[166, 166]","[1, 2]"
198,[C&D2&v4&H2&+0&!R&z0:1]-[C&D3&v4&H1&+0&!R&z1:2](-[O&D1&v2&H1&+0&!R:3])/[C&D2&v4&H1&+0&!R&z0:4]=[C&D2&v4&H1&+0&!R&z0:5]/[C&D2&v4&H1&+0&!R&z0:6]=[C&D2&v4&H1&+0&!R&z0:7]/[C&D2&v4&H1&+0&!R&z0:8]=[C&D2&v4&H1&+0&!R&z0:9]/[C@@&D3&v4&H1&+0&!R&z1:10](-[O&D1&v2&H1&+0&!R:11])-[C&D2&v4&H2&+0&!R&z0:12]>>[C&D2&v4&H2&+0&!R&z0:1]/[C&D2&v4&H1&+0&!R&z0:2]=[C&D2&v4&H1&+0&!R&z0:4]\[C&D2&v4&H1&+0&!R&z0:5]=[C&D2&v4&H1&+0&!R&z0:6]\[C&D2&v4&H1&+0&!R&z0:7]=[C&D2&v4&H1&+0&!R&z0:8]\[C@&D3&v4&H1&+0&R&z1:9]1-[O&D2&v2&H0&+0&R:11]-[C@@&D3&v4&H1&+0&R&z1:10]-1-[C&D2&v4&H2&+0&!R&z0:12].[O&D0&v2&H2&+0&!R:3],"[166, 166]","[1, 2]"
199,[N&D2&v3&H1&+0&!R:1]-[C&D3&v4&H0&+0&!R&z2:2]=[O&D1&v2&H0&+0&!R:3].[O&D0&v2&H2&+0&!R:4]>>[C&D3&v4&H0&+0&!R&z2:2](=[O&D1&v2&H0&+0&!R:3])-[O&D1&v2&H1&+0&!R:4].[N&D1&v3&H2&+0&!R:1],"[167, 169, 172, 266, 288, 633, 798, 996]","[1, 1, 1, 1, 1, 1, 1, 1]"
200,[C&D3&v4&H0&+0&!R&z2:1](=[O&D1&v2&H0&+0&!R:2])-[O&D1&v2&H1&+0&!R:3].[N&D1&v3&H2&+0&!R:4]>>[N&D2&v3&H1&+0&!R:4]-[C&D3&v4&H0&+0&!R&z2:1]=[O&D1&v2&H0&+0&!R:2].[O&D0&v2&H2&+0&!R:3],"[167, 169, 172, 266, 288, 633, 798, 996]","[1, 1, 1, 1, 1, 1, 1, 1]"
201,[C&D3&v4&H0&+0&!R&z2:1](=[O&D1&v2&H0&+0&!R:2])-[N&D2&v3&H1&+0&!R:3].[O&D0&v2&H2&+0&!R:4]>>[C&D3&v4&H0&+0&!R&z2:1](=[O&D1&v2&H0&+0&!R:2])-[O&D1&v2&H1&+0&!R:4].[N&D1&v3&H2&+0&!R:3],"[168, 171, 173, 174, 176, 177, 238, 396, 591, 595, 608, 609, 624, 626, 635, 641, 676, 678, 679, 688, 706, 718, 723, 724, 731, 746, 747, 789, 805, 806, 814, 815, 816, 818, 820, 821, 821, 821, 830, 900, 964]","[1, 1, 1, 1, 1, 1, 1, 2, 1, 1, 1, 1, 1, 1, 1, 1, 1, 1, 1, 2, 1, 1, 1, 1, 1, 1, 1, 1, 2, 1, 1, 1, 1, 1, 1, 2, 3, 1, 1, 1, 1]"
202,[C&D3&v4&H0&+0&!R&z2:1](=[O&D1&v2&H0&+0&!R:2])-[O&D1&v2&H1&+0&!R:3].[N&D1&v3&H2&+0&!R:4]>>[C&D3&v4&H0&+0&!R&z2:1](=[O&D1&v2&H0&+0&!R:2])-[N&D2&v3&H1&+0&!R:4].[O&D0&v2&H2&+0&!R:3],"[168, 171, 173, 174, 176, 177, 238, 396, 591, 595, 608, 609, 624, 626, 635, 641, 676, 678, 679, 688, 706, 718, 723, 724, 731, 746, 747, 789, 805, 806, 814, 815, 816, 818, 820, 821, 821, 821, 830, 900, 964]","[1, 1, 1, 1, 1, 1, 1, 2, 1, 1, 1, 1, 1, 1, 1, 1, 1, 1, 1, 2, 1, 1, 1, 1, 1, 1, 1, 1, 2, 1, 1, 1, 1, 1, 1, 2, 3, 1, 1, 1, 1]"
203,[C&D3&v4&H0&+0&!R&z3:1](=[O&D1&v2&H0&+0&!R:2])-[N&D2&v3&H1&+0&!R:3].[O&D0&v2&H2&+0&!R:4]>>[C&D3&v4&H0&+0&!R&z3:1](=[O&D1&v2&H0&+0&!R:2])-[O&D1&v2&H1&+0&!R:4].[N&D1&v3&H2&+0&!R:3],"[170, 841]","[1, 1]"
204,[C&D3&v4&H0&+0&!R&z3:1](=[O&D1&v2&H0&+0&!R:2])-[O&D1&v2&H1&+0&!R:3].[N&D1&v3&H2&+0&!R:4]>>[C&D3&v4&H0&+0&!R&z3:1](=[O&D1&v2&H0&+0&!R:2])-[N&D2&v3&H1&+0&!R:4].[O&D0&v2&H2&+0&!R:3],"[170, 841]","[1, 1]"
205,[C&D3&v4&H0&+0&!R&z2:1](=[O&D1&v2&H0&+0&!R:2])-[N&D2&v3&H1&+0&!R:3].[O&D0&v2&H2&+0&!R:4]>>[C&D3&v4&H0&+0&!R&z2:1](=[O&D1&v2&H0&+0&!R:4])-[O&D1&v2&H1&+0&!R:2].[N&D1&v3&H2&+0&!R:3],[175],[1]
206,[C&D3&v4&H0&+0&!R&z2:1](=[O&D1&v2&H0&+0&!R:2])-[O&D1&v2&H1&+0&!R:3].[N&D1&v3&H2&+0&!R:4]>>[C&D3&v4&H0&+0&!R&z2:1](=[O&D1&v2&H0&+0&!R:3])-[N&D2&v3&H1&+0&!R:4].[O&D0&v2&H2&+0&!R:2],[175],[1]
207,[*:1](~[O&D1&v2&H0&+0&!R:2])~[*:3]~[*:4]~[O&D2&v2&H0&+0&!R:5]-[P&D4&v5&H0&+0&!R:6](=[O&D1&v2&H0&+0&!R:7])(-[O&D1&v2&H1&+0&!R:8])-[O&D1&v2&H1&+0&!R:9].[O&D0&v2&H2&+0&!R:10]>>[*:1](~[O&D1&v2&H0&+0&!R:2])~[*:3]~[*:4]~[O&D1&v2&H1&+0&!R:5].[O&D1&v2&H0&+0&!R:9]=[P&D4&v5&H0&+0&!R:6](-[O&D1&v2&H1&+0&!R:7])(-[O&D1&v2&H1&+0&!R:8])-[O&D1&v2&H1&+0&!R:10],[178],[2]
208,[*:1](~[O&D1&v2&H0&+0&!R:2])~[*:3]~[*:4]~[O&D1&v2&H1&+0&!R:5].[O&D1&v2&H0&+0&!R:6]=[P&D4&v5&H0&+0&!R:7](-[O&D1&v2&H1&+0&!R:8])(-[O&D1&v2&H1&+0&!R:9])-[O&D1&v2&H1&+0&!R:10]>>[*:1](~[O&D1&v2&H0&+0&!R:2])~[*:3]~[*:4]~[O&D2&v2&H0&+0&!R:5]-[P&D4&v5&H0&+0&!R:7](=[O&D1&v2&H0&+0&!R:8])(-[O&D1&v2&H1&+0&!R:9])-[O&D1&v2&H1&+0&!R:6].[O&D0&v2&H2&+0&!R:10],[178],[2]
209,[*:1](~[O&D1&v2&H0&+0&!R:2])~[*:3]~[*:4]~[O&D2&v2&H0&+0&!R:5]-[P&D4&v5&H0&+0&!R:6](=[O&D1&v2&H0&+0&!R:7])-[O&D1&v2&H1&+0&!R:8].[O&D0&v2&H2&+0&!R:9]>>[*:1](~[O&D1&v2&H0&+0&!R:2])~[*:3]~[*:4]~[O&D1&v2&H1&+0&!R:5].[O&D1&v2&H0&+0&!R:7]=[P&D4&v5&H0&+0&!R:6](-[O&D1&v2&H1&+0&!R:8])-[O&D1&v2&H1&+0&!R:9],[179],[1]
210,[*:1](~[O&D1&v2&H0&+0&!R:2])~[*:3]~[*:4]~[O&D1&v2&H1&+0&!R:5].[O&D1&v2&H0&+0&!R:6]=[P&D4&v5&H0&+0&!R:7](-[O&D1&v2&H1&+0&!R:8])-[O&D1&v2&H1&+0&!R:9]>>[*:1](~[O&D1&v2&H0&+0&!R:2])~[*:3]~[*:4]~[O&D2&v2&H0&+0&!R:5]-[P&D4&v5&H0&+0&!R:7](=[O&D1&v2&H0&+0&!R:6])-[O&D1&v2&H1&+0&!R:8].[O&D0&v2&H2&+0&!R:9],[179],[1]
211,[C&D3&v4&H0&+0&!R&z1:1](=[O&D1&v2&H0&+0&!R:2])-[C&D2&v4&H2&+0&!R&z0:3].[O&D0&v2&H2&+0&!R:4]>>[C&D1&v4&H3&+0&!R&z0:3].[C&D3&v4&H0&+0&!R&z2:1](=[O&D1&v2&H0&+0&!R:2])-[O&D1&v2&H1&+0&!R:4],[180],[1]
212,[C&D1&v4&H3&+0&!R&z0:1].[C&D3&v4&H0&+0&!R&z2:2](=[O&D1&v2&H0&+0&!R:3])-[O&D1&v2&H1&+0&!R:4]>>[C&D3&v4&H0&+0&!R&z1:2](=[O&D1&v2&H0&+0&!R:3])-[C&D2&v4&H2&+0&!R&z0:1].[O&D0&v2&H2&+0&!R:4],[180],[1]
213,[O&D0&v2&H2&+0&!R:1].[O&D0&v2&H2&+0&!R:2].[O&D1&v2&H0&+0&!R:3]=[C&D2&v4&H1&+0&!R&z1:4]-[C&D2&v4&H2&+0&!R&z1:5]-[P&D4&v5&H0&+0&!R:6]=[O&D1&v2&H0&+0&!R:7]>>[C&D1&v4&H3&+0&!R&z0:5]-[C&D2&v4&H1&+0&!R&z1:4]=[O&D1&v2&H0&+0&!R:1].[O&D0&v2&H2&+0&!R:3].[O&D1&v2&H0&+0&!R:7]=[P&D4&v5&H0&+0&!R:6]-[O&D1&v2&H1&+0&!R:2],[181],[1]
214,[C&D1&v4&H3&+0&!R&z0:1]-[C&D2&v4&H1&+0&!R&z1:2]=[O&D1&v2&H0&+0&!R:3].[O&D0&v2&H2&+0&!R:4].[O&D1&v2&H0&+0&!R:5]=[P&D4&v5&H0&+0&!R:6]-[O&D1&v2&H1&+0&!R:7]>>[O&D0&v2&H2&+0&!R:3].[O&D0&v2&H2&+0&!R:7].[O&D1&v2&H0&+0&!R:4]=[C&D2&v4&H1&+0&!R&z1:2]-[C&D2&v4&H2&+0&!R&z1:1]-[P&D4&v5&H0&+0&!R:6]=[O&D1&v2&H0&+0&!R:5],[181],[1]
215,[C&D4&v4&H0&+0&!R&z1:1](-[O&D1&v2&H1&+0&!R:2])-[C@&D3&v4&H1&+0&!R&z0:3](-[C&D2&v4&H2&+0&!R&z0:4])-[C&D3&v4&H0&+0&!R&z2:5]=[O&D1&v2&H0&+0&!R:6]>>[C&D3&v4&H0&+0&!R&z1:1]=[O&D1&v2&H0&+0&!R:2].[O&D1&v2&H0&+0&!R:6]=[C&D3&v4&H0&+0&!R&z2:5]-[C&D2&v4&H2&+0&!R&z0:3]-[C&D2&v4&H2&+0&!R&z0:4],"[182, 182, 182, 182]","[1, 2, 3, 4]"
216,[C&D3&v4&H0&+0&!R&z1:1]=[O&D1&v2&H0&+0&!R:2].[O&D1&v2&H0&+0&!R:3]=[C&D3&v4&H0&+0&!R&z2:4]-[C&D2&v4&H2&+0&!R&z0:5]-[C&D2&v4&H2&+0&!R&z0:6]>>[C&D4&v4&H0&+0&!R&z1:1](-[O&D1&v2&H1&+0&!R:2])-[C@&D3&v4&H1&+0&!R&z0:5](-[C&D2&v4&H2&+0&!R&z0:6])-[C&D3&v4&H0&+0&!R&z2:4]=[O&D1&v2&H0&+0&!R:3],"[182, 182, 182, 182]","[1, 2, 3, 4]"
217,[O&D2&v2&H0&+0&!R:1]-[C@&D3&v4&H1&+0&R&z1:2]1-[C@&D3&v4&H1&+0&R&z1:3](-[O&D1&v2&H1&+0&!R:4])-[C@&D3&v4&H1&+0&R&z1:5](-[O&D1&v2&H1&+0&!R:6])-[C@@&D3&v4&H1&+0&R&z2:7](-[O&D1&v2&H1&+0&!R:8])-[O&D2&v2&H0&+0&R:9]-[C@@&D3&v4&H1&+0&R&z1:10]-1~[*:11]~[O&D1&v2&H1&+0&!R:12]>>[*:11](~[O&D1&v2&H1&+0&!R:12])~[C&D3&v4&H0&+0&R&z1:10]1=[C&D2&v4&H1&+0&R&z0:2]-[C@&D3&v4&H1&+0&R&z1:3](-[O&D1&v2&H1&+0&!R:4])-[C@&D3&v4&H1&+0&R&z1:5](-[O&D1&v2&H1&+0&!R:6])-[C@@&D3&v4&H1&+0&R&z2:7](-[O&D1&v2&H1&+0&!R:8])-[O&D2&v2&H0&+0&R:9]-1.[O&D1&v2&H1&+0&!R:1],"[184, 184]","[3, 2]"
218,[*:1](~[O&D1&v2&H1&+0&!R:2])~[C&D3&v4&H0&+0&R&z1:3]1=[C&D2&v4&H1&+0&R&z0:4]-[C@&D3&v4&H1&+0&R&z1:5](-[O&D1&v2&H1&+0&!R:6])-[C@&D3&v4&H1&+0&R&z1:7](-[O&D1&v2&H1&+0&!R:8])-[C@@&D3&v4&H1&+0&R&z2:9](-[O&D1&v2&H1&+0&!R:10])-[O&D2&v2&H0&+0&R:11]-1.[O&D1&v2&H1&+0&!R:12]>>[O&D2&v2&H0&+0&!R:12]-[C@&D3&v4&H1&+0&R&z1:4]1-[C@&D3&v4&H1&+0&R&z1:5](-[O&D1&v2&H1&+0&!R:6])-[C@&D3&v4&H1&+0&R&z1:7](-[O&D1&v2&H1&+0&!R:8])-[C@@&D3&v4&H1&+0&R&z2:9](-[O&D1&v2&H1&+0&!R:10])-[O&D2&v2&H0&+0&R:11]-[C@@&D3&v4&H1&+0&R&z1:3]-1~[*:1]~[O&D1&v2&H1&+0&!R:2],"[184, 184]","[3, 2]"
219,[O&D0&v2&H2&+0&!R:1].[O&D2&v2&H0&+0&!R:2]-[C&D3&v4&H1&+0&R&z1:3]-[C&D2&v4&H2&+0&R&z0:4]-[C&D3&v4&H1&+0&R&z2:5](-[n&D3&v3&H0&+0&R:6])-[O&D2&v2&H0&+0&R:7]>>[C&D2&v4&H1&+0&R&z0:3]=[C&D2&v4&H1&+0&R&z0:4]-[C&D3&v4&H1&+0&R&z2:5](-[O&D1&v2&H1&+0&!R:1])-[O&D2&v2&H0&+0&R:7].[O&D1&v2&H1&+0&!R:2].[n&D2&v3&H1&+0&R:6],[185],[1]
220,[C&D2&v4&H1&+0&R&z0:1]=[C&D2&v4&H1&+0&R&z0:2]-[C&D3&v4&H1&+0&R&z2:3](-[O&D1&v2&H1&+0&!R:4])-[O&D2&v2&H0&+0&R:5].[O&D1&v2&H1&+0&!R:6].[n&D2&v3&H1&+0&R:7]>>[O&D0&v2&H2&+0&!R:4].[O&D2&v2&H0&+0&!R:6]-[C&D3&v4&H1&+0&R&z1:1]-[C&D2&v4&H2&+0&R&z0:2]-[C&D3&v4&H1&+0&R&z2:3](-[n&D3&v3&H0&+0&R:7])-[O&D2&v2&H0&+0&R:5],[185],[1]
221,[N&D1&v3&H2&+0&!R:1]-[C@&D3&v4&H1&+0&!R&z1:2](-[C&D2&v4&H2&+0&!R&z1:3]-[O&D1&v2&H1&+0&!R:4])-[C&D3&v4&H0&+0&!R&z2:5]>>[C&D1&v4&H3&+0&!R&z0:3]-[C&D3&v4&H0&+0&!R&z1:2](=[O&D1&v2&H0&+0&!R:4])-[C&D3&v4&H0&+0&!R&z2:5].[N&D0&v3&H3&+0&!R:1],[186],[1]
222,[C&D1&v4&H3&+0&!R&z0:1]-[C&D3&v4&H0&+0&!R&z1:2](=[O&D1&v2&H0&+0&!R:3])-[C&D3&v4&H0&+0&!R&z2:4].[N&D0&v3&H3&+0&!R:5]>>[N&D1&v3&H2&+0&!R:5]-[C@&D3&v4&H1&+0&!R&z1:2](-[C&D2&v4&H2&+0&!R&z1:1]-[O&D1&v2&H1&+0&!R:3])-[C&D3&v4&H0&+0&!R&z2:4],[186],[1]
223,[C&D1&v4&H2&+0&!R&z0:1]=[C&D3&v4&H0&+0&!R&z0:2](-[C&D1&v4&H3&+0&!R&z0:3])-[C&D2&v4&H2&+0&!R&z0:4]~[*:5]~[*:6]~[*:7](~[O&D1&v2&H1&+0&!R:8])~[*:9]~[*:10]~[O&D1&v2&H1&+0&!R:11]>>[C&D1&v4&H3&+0&!R&z0:3]-[C&D3&v4&H0&+0&!R&z0:2](-[C&D1&v4&H3&+0&!R&z0:1])=[C&D2&v4&H1&+0&!R&z0:4]~[*:5]~[*:6]~[*:7](~[O&D1&v2&H1&+0&!R:8])~[*:9]~[*:10]~[O&D1&v2&H1&+0&!R:11],[190],[1]
224,[C&D1&v4&H3&+0&!R&z0:1]-[C&D3&v4&H0&+0&!R&z0:2](-[C&D1&v4&H3&+0&!R&z0:3])=[C&D2&v4&H1&+0&!R&z0:4]~[*:5]~[*:6]~[*:7](~[O&D1&v2&H1&+0&!R:8])~[*:9]~[*:10]~[O&D1&v2&H1&+0&!R:11]>>[C&D1&v4&H2&+0&!R&z0:3]=[C&D3&v4&H0&+0&!R&z0:2](-[C&D1&v4&H3&+0&!R&z0:1])-[C&D2&v4&H2&+0&!R&z0:4]~[*:5]~[*:6]~[*:7](~[O&D1&v2&H1&+0&!R:8])~[*:9]~[*:10]~[O&D1&v2&H1&+0&!R:11],[190],[1]
225,([S&D2&v2&H0&+0&R:1]-[S&D2&v2&H0&+0&R:2].[S&D2&v2&H0&+0&R:3]-[S&D2&v2&H0&+0&R:4])>>([S&D2&v2&H0&+0&R:1]-[S&D2&v2&H0&+0&R:4].[S&D2&v2&H0&+0&R:3]-[S&D2&v2&H0&+0&R:2]),"[191, 191, 512, 512]","[1, 1, 1, 1]"
226,[C&D2&v4&H1&+0&!R&z0:1]-[C@&D3&v4&H1&+0&R&z0:2]1-[C@@&D3&v4&H1&+0&R&z0:3](-[C&D2&v4&H2&+0&!R&z0:4])-[C@@&D3&v4&H1&+0&R&z1:5]2-[C&D2&v4&H2&+0&R&z0:6]-[C@@&D3&v4&H1&+0&R&z1:7]-1-[O&D2&v2&H0&+0&R:8]-[O&D2&v2&H0&+0&R:9]-2>>[C&D2&v4&H1&+0&!R&z0:1]-[C@@&D3&v4&H1&+0&R&z0:2]1-[C&D3&v4&H0&+0&R&z1:7](=[O&D1&v2&H0&+0&!R:8])-[C&D2&v4&H2&+0&R&z0:6]-[C@@&D3&v4&H1&+0&R&z1:5](-[O&D1&v2&H1&+0&!R:9])-[C@&D3&v4&H1&+0&R&z0:3]-1-[C&D2&v4&H2&+0&!R&z0:4],"[192, 192]","[2, 1]"
227,[C&D2&v4&H1&+0&!R&z0:1]-[C@@&D3&v4&H1&+0&R&z0:2]1-[C&D3&v4&H0&+0&R&z1:3](=[O&D1&v2&H0&+0&!R:4])-[C&D2&v4&H2&+0&R&z0:5]-[C@@&D3&v4&H1&+0&R&z1:6](-[O&D1&v2&H1&+0&!R:7])-[C@&D3&v4&H1&+0&R&z0:8]-1-[C&D2&v4&H2&+0&!R&z0:9]>>[C&D2&v4&H1&+0&!R&z0:1]-[C@&D3&v4&H1&+0&R&z0:2]1-[C@@&D3&v4&H1&+0&R&z0:8](-[C&D2&v4&H2&+0&!R&z0:9])-[C@@&D3&v4&H1&+0&R&z1:6]2-[C&D2&v4&H2&+0&R&z0:5]-[C@@&D3&v4&H1&+0&R&z1:3]-1-[O&D2&v2&H0&+0&R:4]-[O&D2&v2&H0&+0&R:7]-2,"[192, 192]","[2, 1]"
228,[C&D3&v4&H0&+0&R&z0:1]1=[C&D3&v4&H0&+0&R&z0:2]-[C&D3&v4&H0&+0&R&z1:3]=[N&D2&v3&H0&+0&R:4]-[C@@&D4&v4&H0&+0&R&z1:5]-1(-[C&D1&v4&H3&+0&!R&z0:6])-[C&D2&v4&H2&+0&R&z0:7]>>[C&D2&v4&H2&+0&R&z0:7]-[C&D3&v4&H0&+0&R&z1:5]1=[N&D2&v3&H0&+0&R:4]-[C&D3&v4&H0&+0&R&z1:3]=[C&D3&v4&H0&+0&R&z0:2]-[C&D4&v4&H0&+0&R&z0:1]-1-[C&D1&v4&H3&+0&!R&z0:6],[193],[1]
229,[C&D2&v4&H2&+0&R&z0:1]-[C&D3&v4&H0&+0&R&z1:2]1=[N&D2&v3&H0&+0&R:3]-[C&D3&v4&H0&+0&R&z1:4]=[C&D3&v4&H0&+0&R&z0:5]-[C&D4&v4&H0&+0&R&z0:6]-1-[C&D1&v4&H3&+0&!R&z0:7]>>[C&D3&v4&H0&+0&R&z0:6]1=[C&D3&v4&H0&+0&R&z0:5]-[C&D3&v4&H0&+0&R&z1:4]=[N&D2&v3&H0&+0&R:3]-[C@@&D4&v4&H0&+0&R&z1:2]-1(-[C&D1&v4&H3&+0&!R&z0:7])-[C&D2&v4&H2&+0&R&z0:1],[193],[1]
230,([C&D3&v4&H0&+0&!R&z1:1]/[C&D2&v4&H1&+0&!R&z0:2]=[C&D2&v4&H1&+0&!R&z0:3]/[c&D3&v4&H0&+0&R&z0:4].[O&D1&v2&H1&+0&!R:5])>>[C&D3&v4&H0&+0&R&z1:1]-[C&D2&v4&H2&+0&R&z0:2]-[C&D3&v4&H1&+0&R&z1:3](-[c&D3&v4&H0&+0&R&z0:4])-[O&D2&v2&H0&+0&R:5],[196],[1]
231,[C&D3&v4&H0&+0&R&z1:1]-[C&D2&v4&H2&+0&R&z0:2]-[C&D3&v4&H1&+0&R&z1:3](-[c&D3&v4&H0&+0&R&z0:4])-[O&D2&v2&H0&+0&R:5]>>([C&D3&v4&H0&+0&!R&z1:1]/[C&D2&v4&H1&+0&!R&z0:2]=[C&D2&v4&H1&+0&!R&z0:3]/[c&D3&v4&H0&+0&R&z0:4].[O&D1&v2&H1&+0&!R:5]),[196],[1]
232,[C&D3&v4&H0&+0&!R&z2:1]-[O&D1&v2&H1&+0&!R:2].[O&D1&v2&H1&+0&!R:3].[P&D4&v5&H0&+0&!R:4](-[O&D1&v2&H1&+0&!R:5])-[O&D2&v2&H0&+0&!R:6]~[*:7]~[*:8]~[*:9]~[O&D1&v2&H1&+0&!R:10]>>[*:7](~[O&D1&v2&H1&+0&!R:6])~[*:8]~[*:9]~[O&D1&v2&H1&+0&!R:10].[O&D2&v2&H0&+0&!R:3]-[C&D3&v4&H0&+0&!R&z2:1].[P&D4&v5&H0&+0&!R:4](-[O&D1&v2&H1&+0&!R:2])-[O&D1&v2&H1&+0&!R:5],[197],[1]
233,[*:1](~[O&D1&v2&H1&+0&!R:2])~[*:3]~[*:4]~[O&D1&v2&H1&+0&!R:5].[O&D2&v2&H0&+0&!R:6]-[C&D3&v4&H0&+0&!R&z2:7].[P&D4&v5&H0&+0&!R:8](-[O&D1&v2&H1&+0&!R:9])-[O&D1&v2&H1&+0&!R:10]>>[C&D3&v4&H0&+0&!R&z2:7]-[O&D1&v2&H1&+0&!R:9].[O&D1&v2&H1&+0&!R:6].[P&D4&v5&H0&+0&!R:8](-[O&D1&v2&H1&+0&!R:10])-[O&D2&v2&H0&+0&!R:2]~[*:1]~[*:3]~[*:4]~[O&D1&v2&H1&+0&!R:5],[197],[1]
234,[C&D3&v4&H0&+0&!R&z3:1]-[O&D1&v2&H1&+0&!R:2].[P&D4&v5&H0&+0&!R:3](=[O&D1&v2&H0&+0&!R:4])(-[O&D1&v2&H1&+0&!R:5])-[O&D2&v2&H0&+0&!R:6].[S&D1&v2&H1&+0&!R:7]>>[C&D3&v4&H0&+0&!R&z3:1]-[S&D2&v2&H0&+0&!R:7].[O&D1&v2&H1&+0&!R:6].[P&D4&v5&H0&+0&!R:3](=[O&D1&v2&H0&+0&!R:4])(-[O&D1&v2&H1&+0&!R:2])-[O&D1&v2&H1&+0&!R:5],[198],[1]
235,[C&D3&v4&H0&+0&!R&z3:1]-[S&D2&v2&H0&+0&!R:2].[O&D1&v2&H1&+0&!R:3].[P&D4&v5&H0&+0&!R:4](=[O&D1&v2&H0&+0&!R:5])(-[O&D1&v2&H1&+0&!R:6])-[O&D1&v2&H1&+0&!R:7]>>[C&D3&v4&H0&+0&!R&z3:1]-[O&D1&v2&H1&+0&!R:6].[P&D4&v5&H0&+0&!R:4](=[O&D1&v2&H0&+0&!R:5])(-[O&D1&v2&H1&+0&!R:7])-[O&D2&v2&H0&+0&!R:3].[S&D1&v2&H1&+0&!R:2],[198],[1]
236,[*:1](~[O&D1&v2&H0&+0&!R:2])~[*:3]~[*:4](~[O&D1&v2&H0&+0&!R:5])~[O&D2&v2&H0&+0&!R:6]-[P&D4&v5&H0&+0&!R:7]-[O&D1&v2&H1&+0&!R:8].[C&D3&v4&H0&+0&!R&z2:9](=[O&D1&v2&H0&+0&!R:10])-[O&D1&v2&H1&+0&!R:11].[N&D1&v3&H2&+0&!R:12]>>[*:1](~[O&D1&v2&H0&+0&!R:2])~[*:3]~[*:4](~[O&D1&v2&H0&+0&!R:5])~[O&D1&v2&H1&+0&!R:6].[C&D3&v4&H0&+0&!R&z2:9](=[O&D1&v2&H0&+0&!R:10])-[N&D2&v3&H1&+0&!R:12].[P&D4&v5&H0&+0&!R:7](-[O&D1&v2&H1&+0&!R:8])-[O&D1&v2&H1&+0&!R:11],[199],[1]
237,[*:1](~[O&D1&v2&H0&+0&!R:2])~[*:3]~[*:4](~[O&D1&v2&H0&+0&!R:5])~[O&D1&v2&H1&+0&!R:6].[C&D3&v4&H0&+0&!R&z2:7](=[O&D1&v2&H0&+0&!R:8])-[N&D2&v3&H1&+0&!R:9].[P&D4&v5&H0&+0&!R:10](-[O&D1&v2&H1&+0&!R:11])-[O&D1&v2&H1&+0&!R:12]>>[*:1](~[O&D1&v2&H0&+0&!R:2])~[*:3]~[*:4](~[O&D1&v2&H0&+0&!R:5])~[O&D2&v2&H0&+0&!R:6]-[P&D4&v5&H0&+0&!R:10]-[O&D1&v2&H1&+0&!R:11].[C&D3&v4&H0&+0&!R&z2:7](=[O&D1&v2&H0&+0&!R:8])-[O&D1&v2&H1&+0&!R:12].[N&D1&v3&H2&+0&!R:9],[199],[1]
238,[C&D3&v4&H0&+0&!R&z2:1](=[O&D1&v2&H0&+0&!R:2])-[O&D1&v2&H1&+0&!R:3].[N&D0&v3&H3&+0&!R:4].[P&D4&v5&H0&+0&!R:5](=[O&D1&v2&H0&+0&!R:6])-[O&D2&v2&H0&+0&!R:7]~[*:8](~[O&D1&v2&H1&+0&!R:9])~[*:10]~[*:11](~[O&D1&v2&H1&+0&!R:12])~[O&D1&v2&H1&+0&!R:13]>>[*:8](~[O&D1&v2&H1&+0&!R:7])(~[O&D1&v2&H1&+0&!R:9])~[*:10]~[*:11](~[O&D1&v2&H1&+0&!R:12])~[O&D1&v2&H1&+0&!R:13].[N&D1&v3&H2&+0&!R:4]-[C&D3&v4&H0&+0&!R&z2:1]=[O&D1&v2&H0&+0&!R:2].[P&D4&v5&H0&+0&!R:5](=[O&D1&v2&H0&+0&!R:6])-[O&D1&v2&H1&+0&!R:3],[200],[1]
239,[*:1](~[O&D1&v2&H1&+0&!R:2])(~[O&D1&v2&H1&+0&!R:3])~[*:4]~[*:5](~[O&D1&v2&H1&+0&!R:6])~[O&D1&v2&H1&+0&!R:7].[N&D1&v3&H2&+0&!R:8]-[C&D3&v4&H0&+0&!R&z2:9]=[O&D1&v2&H0&+0&!R:10].[P&D4&v5&H0&+0&!R:11](=[O&D1&v2&H0&+0&!R:12])-[O&D1&v2&H1&+0&!R:13]>>[C&D3&v4&H0&+0&!R&z2:9](=[O&D1&v2&H0&+0&!R:10])-[O&D1&v2&H1&+0&!R:13].[N&D0&v3&H3&+0&!R:8].[P&D4&v5&H0&+0&!R:11](=[O&D1&v2&H0&+0&!R:12])-[O&D2&v2&H0&+0&!R:2]~[*:1](~[O&D1&v2&H1&+0&!R:3])~[*:4]~[*:5](~[O&D1&v2&H1&+0&!R:6])~[O&D1&v2&H1&+0&!R:7],[200],[1]
240,[*:1](~[O&D1&v2&H1&+0&!R:2])~[*:3]~[*:4](~[O&D1&v2&H1&+0&!R:5])~[O&D2&v2&H0&+0&!R:6]-[P&D4&v5&H0&+0&!R:7]-[O&D1&v2&H1&+0&!R:8].[C&D2&v4&H2&+0&!R&z0:9]-[C&D3&v4&H0&+0&!R&z2:10]=[O&D1&v2&H0&+0&!R:11].[O&D1&v2&H0&+0&!R:12]=[C&D3&v4&H0&+0&!R&z3:13](-[O&D1&v2&H1&+0&!R:14])-[O&D1&v2&H1&+0&!R:15]>>[*:1](~[O&D1&v2&H1&+0&!R:2])~[*:3]~[*:4](~[O&D1&v2&H1&+0&!R:5])~[O&D1&v2&H1&+0&!R:6].[C&D3&v4&H1&+0&!R&z0:9](-[C&D3&v4&H0&+0&!R&z2:13](=[O&D1&v2&H0&+0&!R:14])-[O&D1&v2&H1&+0&!R:15])-[C&D3&v4&H0&+0&!R&z2:10]=[O&D1&v2&H0&+0&!R:11].[P&D4&v5&H0&+0&!R:7](-[O&D1&v2&H1&+0&!R:8])-[O&D1&v2&H1&+0&!R:12],[201],[1]
241,[*:1](~[O&D1&v2&H1&+0&!R:2])~[*:3]~[*:4](~[O&D1&v2&H1&+0&!R:5])~[O&D1&v2&H1&+0&!R:6].[C&D3&v4&H1&+0&!R&z0:7](-[C&D3&v4&H0&+0&!R&z2:8](=[O&D1&v2&H0&+0&!R:9])-[O&D1&v2&H1&+0&!R:10])-[C&D3&v4&H0&+0&!R&z2:11]=[O&D1&v2&H0&+0&!R:12].[P&D4&v5&H0&+0&!R:13](-[O&D1&v2&H1&+0&!R:14])-[O&D1&v2&H1&+0&!R:15]>>[*:1](~[O&D1&v2&H1&+0&!R:2])~[*:3]~[*:4](~[O&D1&v2&H1&+0&!R:5])~[O&D2&v2&H0&+0&!R:6]-[P&D4&v5&H0&+0&!R:13]-[O&D1&v2&H1&+0&!R:14].[C&D2&v4&H2&+0&!R&z0:7]-[C&D3&v4&H0&+0&!R&z2:11]=[O&D1&v2&H0&+0&!R:12].[O&D1&v2&H0&+0&!R:15]=[C&D3&v4&H0&+0&!R&z3:8](-[O&D1&v2&H1&+0&!R:9])-[O&D1&v2&H1&+0&!R:10],[201],[1]
242,[O&D1&v2&H1&+0&!R:1].[P&D4&v5&H0&+0&!R:2](=[O&D1&v2&H0&+0&!R:3])(-[O&D1&v2&H1&+0&!R:4])-[O&D2&v2&H0&+0&!R:5]~[*:6](~[O&D1&v2&H0&+0&!R:7])~[*:8]~[*:9]~[O&D1&v2&H1&+0&!R:10].[P&D4&v5&H0&+0&!R:11]-[O&D1&v2&H1&+0&!R:12]>>[O&D1&v2&H0&+0&!R:7]~[*:6](~[O&D1&v2&H1&+0&!R:5])~[*:8]~[*:9]~[O&D1&v2&H1&+0&!R:10].[P&D4&v5&H0&+0&!R:2](=[O&D1&v2&H0&+0&!R:3])(-[O&D1&v2&H1&+0&!R:12])-[O&D1&v2&H1&+0&!R:4].[P&D4&v5&H0&+0&!R:11]-[O&D2&v2&H0&+0&!R:1],[202],[1]
243,[O&D1&v2&H0&+0&!R:1]~[*:2](~[O&D1&v2&H1&+0&!R:3])~[*:4]~[*:5]~[O&D1&v2&H1&+0&!R:6].[P&D4&v5&H0&+0&!R:7](=[O&D1&v2&H0&+0&!R:8])(-[O&D1&v2&H1&+0&!R:9])-[O&D1&v2&H1&+0&!R:10].[P&D4&v5&H0&+0&!R:11]-[O&D2&v2&H0&+0&!R:12]>>[O&D1&v2&H1&+0&!R:12].[P&D4&v5&H0&+0&!R:7](=[O&D1&v2&H0&+0&!R:8])(-[O&D1&v2&H1&+0&!R:10])-[O&D2&v2&H0&+0&!R:3]~[*:2](~[O&D1&v2&H0&+0&!R:1])~[*:4]~[*:5]~[O&D1&v2&H1&+0&!R:6].[P&D4&v5&H0&+0&!R:11]-[O&D1&v2&H1&+0&!R:9],[202],[1]
244,([C&D2&v4&H2&+0&!R&z1:1]-[O&D1&v2&H1&+0&!R:2].[c&D3&v4&H0&+0&R&z0:3]1:[c&D2&v4&H1&+0&R&z1:4]:[n&D2&v3&H1&+0&R:5]:[c&D3&v4&H0&+0&R&z1:6](-[C&D2&v4&H2&+0&!R&z0:7]-[c&D3&v4&H0&+0&R&z1:8]2:[n&D2&v3&H1&+0&R:9]:[c&D3&v4&H0&+0&R&z1:10]:[c&D3&v4&H0&+0&R&z0:11]:[c&D3&v4&H0&+0&R&z0:12]:2):[c&D3&v4&H0&+0&R&z0:13]:1)>>[O&D0&v2&H2&+0&!R:2].[c&D3&v4&H0&+0&R&z0:12]1:[c&D3&v4&H0&+0&R&z1:8](:[n&D2&v3&H1&+0&R:9]:[c&D3&v4&H0&+0&R&z1:10]:[c&D3&v4&H0&+0&R&z0:11]:1)-[C&D2&v4&H2&+0&R&z0:7]-[c&D3&v4&H0&+0&R&z1:4]1:[n&D2&v3&H1&+0&R:5]:[c&D3&v4&H0&+0&R&z1:6](-[C&D2&v4&H2&+0&R&z0:1]):[c&D3&v4&H0&+0&R&z0:13]:[c&D3&v4&H0&+0&R&z0:3]:1,[204],[1]
245,[O&D0&v2&H2&+0&!R:1].[c&D3&v4&H0&+0&R&z0:2]1:[c&D3&v4&H0&+0&R&z1:3](:[n&D2&v3&H1&+0&R:4]:[c&D3&v4&H0&+0&R&z1:5]:[c&D3&v4&H0&+0&R&z0:6]:1)-[C&D2&v4&H2&+0&R&z0:7]-[c&D3&v4&H0&+0&R&z1:8]1:[n&D2&v3&H1&+0&R:9]:[c&D3&v4&H0&+0&R&z1:10](-[C&D2&v4&H2&+0&R&z0:11]):[c&D3&v4&H0&+0&R&z0:12]:[c&D3&v4&H0&+0&R&z0:13]:1>>([C&D2&v4&H2&+0&!R&z1:11]-[O&D1&v2&H1&+0&!R:1].[c&D3&v4&H0&+0&R&z0:13]1:[c&D2&v4&H1&+0&R&z1:8]:[n&D2&v3&H1&+0&R:9]:[c&D3&v4&H0&+0&R&z1:10](-[C&D2&v4&H2&+0&!R&z0:7]-[c&D3&v4&H0&+0&R&z1:3]2:[n&D2&v3&H1&+0&R:4]:[c&D3&v4&H0&+0&R&z1:5]:[c&D3&v4&H0&+0&R&z0:6]:[c&D3&v4&H0&+0&R&z0:2]:2):[c&D3&v4&H0&+0&R&z0:12]:1),[204],[1]
246,[O&D1&v2&H0&+0&!R:1]=[P&D4&v5&H0&+0&!R:2]-[O&D1&v2&H1&+0&!R:3].[O&D2&v2&H0&+0&!R:4]-[C@&D3&v4&H1&+0&R&z2:5]1-[O&D2&v2&H0&+0&R:6]-[C@@&D3&v4&H1&+0&R&z1:7](-[C&D2&v4&H2&+0&!R&z1:8])-[C@&D3&v4&H1&+0&R&z1:9](-[O&D1&v2&H1&+0&!R:10])-[C@@&D3&v4&H1&+0&R&z1:11](-[O&D1&v2&H1&+0&!R:12])-[C@&D3&v4&H1&+0&R&z1:13]-1-[O&D1&v2&H1&+0&!R:14]>>[O&D1&v2&H0&+0&!R:1]=[P&D4&v5&H0&+0&!R:2]-[O&D2&v2&H0&+0&!R:3]-[C&D3&v4&H1&+0&R&z2:5]1-[O&D2&v2&H0&+0&R:6]-[C@@&D3&v4&H1&+0&R&z1:7](-[C&D2&v4&H2&+0&!R&z1:8])-[C@&D3&v4&H1&+0&R&z1:9](-[O&D1&v2&H1&+0&!R:10])-[C@@&D3&v4&H1&+0&R&z1:11](-[O&D1&v2&H1&+0&!R:12])-[C@&D3&v4&H1&+0&R&z1:13]-1-[O&D1&v2&H1&+0&!R:14].[O&D1&v2&H1&+0&!R:4],[205],[1]
247,[O&D1&v2&H0&+0&!R:1]=[P&D4&v5&H0&+0&!R:2]-[O&D2&v2&H0&+0&!R:3]-[C&D3&v4&H1&+0&R&z2:4]1-[O&D2&v2&H0&+0&R:5]-[C@@&D3&v4&H1&+0&R&z1:6](-[C&D2&v4&H2&+0&!R&z1:7])-[C@&D3&v4&H1&+0&R&z1:8](-[O&D1&v2&H1&+0&!R:9])-[C@@&D3&v4&H1&+0&R&z1:10](-[O&D1&v2&H1&+0&!R:11])-[C@&D3&v4&H1&+0&R&z1:12]-1-[O&D1&v2&H1&+0&!R:13].[O&D1&v2&H1&+0&!R:14]>>[O&D1&v2&H0&+0&!R:1]=[P&D4&v5&H0&+0&!R:2]-[O&D1&v2&H1&+0&!R:3].[O&D2&v2&H0&+0&!R:14]-[C@&D3&v4&H1&+0&R&z2:4]1-[O&D2&v2&H0&+0&R:5]-[C@@&D3&v4&H1&+0&R&z1:6](-[C&D2&v4&H2&+0&!R&z1:7])-[C@&D3&v4&H1&+0&R&z1:8](-[O&D1&v2&H1&+0&!R:9])-[C@@&D3&v4&H1&+0&R&z1:10](-[O&D1&v2&H1&+0&!R:11])-[C@&D3&v4&H1&+0&R&z1:12]-1-[O&D1&v2&H1&+0&!R:13],[205],[1]
248,[*:1](~[O&D1&v2&H1&+0&!R:2])~[O&D1&v2&H1&+0&!R:3].[*:4](~[O&D1&v2&H1&+0&!R:5])~[O&D2&v2&H0&+0&!R:6]-[P&D4&v5&H0&+0&!R:7](-[O&D1&v2&H1&+0&!R:8])-[O&D2&v2&H0&+0&!R:9]-[P&D4&v5&H0&+0&!R:10]-[O&D1&v2&H1&+0&!R:11].[C&D1&v4&H3&+0&!R&z0:12]-[C&D3&v4&H0&+0&!R&z1:13](=[O&D1&v2&H0&+0&!R:14])~[*:15]~[O&D1&v2&H1&+0&!R:16]>>[*:4](~[O&D1&v2&H1&+0&!R:5])~[O&D1&v2&H1&+0&!R:6].[C&D1&v4&H2&+0&!R&z0:12]=[C&D3&v4&H0&+0&!R&z1:13](-[O&D2&v2&H0&+0&!R:14]-[P&D4&v5&H0&+0&!R:7](-[O&D1&v2&H1&+0&!R:8])-[O&D1&v2&H1&+0&!R:9])~[*:15]~[O&D1&v2&H1&+0&!R:16].[P&D4&v5&H0&+0&!R:10](-[O&D1&v2&H1&+0&!R:11])-[O&D2&v2&H0&+0&!R:3]~[*:1]~[O&D1&v2&H1&+0&!R:2],[207],[1]
249,[*:1](~[O&D1&v2&H1&+0&!R:2])~[O&D1&v2&H1&+0&!R:3].[C&D1&v4&H2&+0&!R&z0:4]=[C&D3&v4&H0&+0&!R&z1:5](-[O&D2&v2&H0&+0&!R:6]-[P&D4&v5&H0&+0&!R:7](-[O&D1&v2&H1&+0&!R:8])-[O&D1&v2&H1&+0&!R:9])~[*:10]~[O&D1&v2&H1&+0&!R:11].[P&D4&v5&H0&+0&!R:12](-[O&D1&v2&H1&+0&!R:13])-[O&D2&v2&H0&+0&!R:14]~[*:15]~[O&D1&v2&H1&+0&!R:16]>>[*:15](~[O&D1&v2&H1&+0&!R:16])~[O&D1&v2&H1&+0&!R:14].[*:1](~[O&D1&v2&H1&+0&!R:2])~[O&D2&v2&H0&+0&!R:3]-[P&D4&v5&H0&+0&!R:7](-[O&D1&v2&H1&+0&!R:8])-[O&D2&v2&H0&+0&!R:9]-[P&D4&v5&H0&+0&!R:12]-[O&D1&v2&H1&+0&!R:13].[C&D1&v4&H3&+0&!R&z0:4]-[C&D3&v4&H0&+0&!R&z1:5](=[O&D1&v2&H0&+0&!R:6])~[*:10]~[O&D1&v2&H1&+0&!R:11],[207],[1]
250,[C&D3&v4&H0&+0&!R&z1:1](=[O&D1&v2&H0&+0&!R:2])-[C&D3&v4&H0&+0&!R&z2:3]-[O&D1&v2&H1&+0&!R:4]>>[C&D2&v4&H1&+0&!R&z1:1]=[O&D1&v2&H0&+0&!R:2].[O&D1&v2&H0&+0&!R:4]=[C&D2&v4&H0&+0&!R&z2:3],[215],[1]
251,[C&D2&v4&H1&+0&!R&z1:1]=[O&D1&v2&H0&+0&!R:2].[O&D1&v2&H0&+0&!R:3]=[C&D2&v4&H0&+0&!R&z2:4]>>[C&D3&v4&H0&+0&!R&z1:1](=[O&D1&v2&H0&+0&!R:2])-[C&D3&v4&H0&+0&!R&z2:4]-[O&D1&v2&H1&+0&!R:3],[215],[1]
252,[C&D4&v4&H0&+0&!R&z1:1](-[O&D1&v2&H1&+0&!R:2])-[C&D2&v4&H0&+0&!R&z1:3]>>[C&D1&v4&H1&+0&!R&z1:3].[C&D3&v4&H0&+0&!R&z1:1]=[O&D1&v2&H0&+0&!R:2],[217],[1]
253,[C&D1&v4&H1&+0&!R&z1:1].[C&D3&v4&H0&+0&!R&z1:2]=[O&D1&v2&H0&+0&!R:3]>>[C&D4&v4&H0&+0&!R&z1:2](-[O&D1&v2&H1&+0&!R:3])-[C&D2&v4&H0&+0&!R&z1:1],[217],[1]
254,[O&D0&v2&H2&+0&!R:1].[O&D2&v2&H0&+0&!R:2]-[C&D3&v4&H0&+0&!R&z3:3]=[O&D1&v2&H0&+0&!R:4]>>[C&D3&v4&H0&+0&!R&z3:3](=[O&D1&v2&H0&+0&!R:4])-[O&D1&v2&H1&+0&!R:1].[O&D1&v2&H1&+0&!R:2],"[218, 407, 518, 520, 528, 529, 556, 631]","[1, 1, 1, 1, 1, 1, 1, 1]"
255,[C&D3&v4&H0&+0&!R&z3:1](=[O&D1&v2&H0&+0&!R:2])-[O&D1&v2&H1&+0&!R:3].[O&D1&v2&H1&+0&!R:4]>>[O&D0&v2&H2&+0&!R:3].[O&D2&v2&H0&+0&!R:4]-[C&D3&v4&H0&+0&!R&z3:1]=[O&D1&v2&H0&+0&!R:2],"[218, 407, 518, 520, 528, 529, 556, 631]","[1, 1, 1, 1, 1, 1, 1, 1]"
256,[C&D3&v4&H0&+0&!R&z2:1](-[O&D1&v2&H1&+0&!R:2])-[C&D3&v4&H0&+0&!R&z1:3]=[O&D1&v2&H0&+0&!R:4]>>[O&D1&v2&H0&+0&!R:2]=[C&D2&v4&H0&+0&!R&z2:1].[O&D1&v2&H0&+0&!R:4]=[C&D2&v4&H1&+0&!R&z1:3],"[220, 220, 220]","[2, 3, 1]"
257,[O&D1&v2&H0&+0&!R:1]=[C&D2&v4&H0&+0&!R&z2:2].[O&D1&v2&H0&+0&!R:3]=[C&D2&v4&H1&+0&!R&z1:4]>>[C&D3&v4&H0&+0&!R&z2:2](-[O&D1&v2&H1&+0&!R:1])-[C&D3&v4&H0&+0&!R&z1:4]=[O&D1&v2&H0&+0&!R:3],"[220, 220, 220]","[2, 3, 1]"
258,[O&D1&v2&H0&+0&!R:1]=[C&D3&v4&H0&+0&!R&z1:2]-[C&D3&v4&H1&+0&!R&z1:3]-[O&D1&v2&H1&+0&!R:4]>>[O&D1&v2&H0&+0&!R:1]=[C&D2&v4&H1&+0&!R&z1:2].[O&D1&v2&H0&+0&!R:4]=[C&D2&v4&H1&+0&!R&z1:3],[221],[1]
259,[O&D1&v2&H0&+0&!R:1]=[C&D2&v4&H1&+0&!R&z1:2].[O&D1&v2&H0&+0&!R:3]=[C&D2&v4&H1&+0&!R&z1:4]>>[O&D1&v2&H0&+0&!R:1]=[C&D3&v4&H0&+0&!R&z1:2]-[C&D3&v4&H1&+0&!R&z1:4]-[O&D1&v2&H1&+0&!R:3],[221],[1]
260,([O&D1&v2&H0&+0&!R:1]=[C&D2&v4&H1&+0&!R&z1:2].[O&D1&v2&H1&+0&!R:3]).[O&D1&v2&H0&+0&!R:4]=[C&D3&v4&H0&+0&!R&z1:5](-[C&D2&v4&H2&+0&!R&z1:6])~[*:7]~[*:8]~[*:9]~[O&D1&v2&H1&+0&!R:10]>>[O&D2&v2&H0&+0&R:3]-[C&D4&v4&H0&+0&R&z2:5](-[O&D1&v2&H1&+0&!R:4])(~[*:7]~[*:8]~[*:9]~[O&D1&v2&H1&+0&!R:10])-[C&D3&v4&H1&+0&R&z1:6]-[C&D3&v4&H1&+0&R&z1:2]-[O&D1&v2&H1&+0&!R:1],[222],[1]
261,[O&D2&v2&H0&+0&R:1]-[C&D4&v4&H0&+0&R&z2:2](-[O&D1&v2&H1&+0&!R:3])(~[*:4]~[*:5]~[*:6]~[O&D1&v2&H1&+0&!R:7])-[C&D3&v4&H1&+0&R&z1:8]-[C&D3&v4&H1&+0&R&z1:9]-[O&D1&v2&H1&+0&!R:10]>>([O&D1&v2&H0&+0&!R:10]=[C&D2&v4&H1&+0&!R&z1:9].[O&D1&v2&H1&+0&!R:1]).[O&D1&v2&H0&+0&!R:3]=[C&D3&v4&H0&+0&!R&z1:2](-[C&D2&v4&H2&+0&!R&z1:8])~[*:4]~[*:5]~[*:6]~[O&D1&v2&H1&+0&!R:7],[222],[1]
262,[*:1](~[O&D1&v2&H1&+0&!R:2])~[*:3]~[*:4](~[O&D1&v2&H1&+0&!R:5])~[O&D2&v2&H0&+0&!R:6]-[P&D4&v5&H0&+0&!R:7](-[O&D1&v2&H1&+0&!R:8])-[O&D1&v2&H1&+0&!R:9].[C&D1&v4&H3&+0&!R&z0:10]-[C&D3&v4&H0&+0&!R&z1:11]=[O&D1&v2&H0&+0&!R:12].[O&D1&v2&H0&+0&!R:13]=[C&D3&v4&H0&+0&!R&z3:14](-[O&D1&v2&H1&+0&!R:15])-[O&D1&v2&H1&+0&!R:16]>>[*:1](~[O&D1&v2&H1&+0&!R:2])~[*:3]~[*:4](~[O&D1&v2&H1&+0&!R:5])~[O&D1&v2&H1&+0&!R:6].[O&D1&v2&H0&+0&!R:15]=[C&D3&v4&H0&+0&!R&z2:14](-[O&D1&v2&H1&+0&!R:16])-[C&D2&v4&H2&+0&!R&z0:10]-[C&D3&v4&H0&+0&!R&z1:11]=[O&D1&v2&H0&+0&!R:12].[P&D4&v5&H0&+0&!R:7](-[O&D1&v2&H1&+0&!R:9])(-[O&D1&v2&H1&+0&!R:13])-[O&D1&v2&H1&+0&!R:8],[223],[2]
263,[*:1](~[O&D1&v2&H1&+0&!R:2])~[*:3]~[*:4](~[O&D1&v2&H1&+0&!R:5])~[O&D1&v2&H1&+0&!R:6].[O&D1&v2&H0&+0&!R:7]=[C&D3&v4&H0&+0&!R&z2:8](-[O&D1&v2&H1&+0&!R:9])-[C&D2&v4&H2&+0&!R&z0:10]-[C&D3&v4&H0&+0&!R&z1:11]=[O&D1&v2&H0&+0&!R:12].[P&D4&v5&H0&+0&!R:13](-[O&D1&v2&H1&+0&!R:14])(-[O&D1&v2&H1&+0&!R:15])-[O&D1&v2&H1&+0&!R:16]>>[*:1](~[O&D1&v2&H1&+0&!R:2])~[*:3]~[*:4](~[O&D1&v2&H1&+0&!R:5])~[O&D2&v2&H0&+0&!R:6]-[P&D4&v5&H0&+0&!R:13](-[O&D1&v2&H1&+0&!R:16])-[O&D1&v2&H1&+0&!R:14].[C&D1&v4&H3&+0&!R&z0:10]-[C&D3&v4&H0&+0&!R&z1:11]=[O&D1&v2&H0&+0&!R:12].[O&D1&v2&H0&+0&!R:15]=[C&D3&v4&H0&+0&!R&z3:8](-[O&D1&v2&H1&+0&!R:7])-[O&D1&v2&H1&+0&!R:9],[223],[2]
264,[*:1](~[O&D1&v2&H1&+0&!R:2])~[*:3]~[*:4](~[O&D1&v2&H1&+0&!R:5])~[O&D2&v2&H0&+0&!R:6]-[P&D4&v5&H0&+0&!R:7](-[O&D1&v2&H1&+0&!R:8])-[O&D1&v2&H1&+0&!R:9].[C&D1&v4&H3&+0&!R&z0:10]-[C&D3&v4&H0&+0&!R&z1:11]=[O&D1&v2&H0&+0&!R:12].[O&D1&v2&H0&+0&!R:13]=[C&D3&v4&H0&+0&!R&z3:14](-[O&D1&v2&H1&+0&!R:15])-[O&D1&v2&H1&+0&!R:16]>>[*:1](~[O&D1&v2&H1&+0&!R:2])~[*:3]~[*:4](~[O&D1&v2&H1&+0&!R:5])~[O&D1&v2&H1&+0&!R:6].[O&D1&v2&H0&+0&!R:16]=[C&D3&v4&H0&+0&!R&z2:14](-[O&D1&v2&H1&+0&!R:15])-[C&D2&v4&H2&+0&!R&z0:10]-[C&D3&v4&H0&+0&!R&z1:11]=[O&D1&v2&H0&+0&!R:12].[P&D4&v5&H0&+0&!R:7](-[O&D1&v2&H1&+0&!R:9])(-[O&D1&v2&H1&+0&!R:13])-[O&D1&v2&H1&+0&!R:8],[223],[1]
265,[*:1](~[O&D1&v2&H1&+0&!R:2])~[*:3]~[*:4](~[O&D1&v2&H1&+0&!R:5])~[O&D1&v2&H1&+0&!R:6].[O&D1&v2&H0&+0&!R:7]=[C&D3&v4&H0&+0&!R&z2:8](-[O&D1&v2&H1&+0&!R:9])-[C&D2&v4&H2&+0&!R&z0:10]-[C&D3&v4&H0&+0&!R&z1:11]=[O&D1&v2&H0&+0&!R:12].[P&D4&v5&H0&+0&!R:13](-[O&D1&v2&H1&+0&!R:14])(-[O&D1&v2&H1&+0&!R:15])-[O&D1&v2&H1&+0&!R:16]>>[*:1](~[O&D1&v2&H1&+0&!R:2])~[*:3]~[*:4](~[O&D1&v2&H1&+0&!R:5])~[O&D2&v2&H0&+0&!R:6]-[P&D4&v5&H0&+0&!R:13](-[O&D1&v2&H1&+0&!R:16])-[O&D1&v2&H1&+0&!R:14].[C&D1&v4&H3&+0&!R&z0:10]-[C&D3&v4&H0&+0&!R&z1:11]=[O&D1&v2&H0&+0&!R:12].[O&D1&v2&H0&+0&!R:15]=[C&D3&v4&H0&+0&!R&z3:8](-[O&D1&v2&H1&+0&!R:9])-[O&D1&v2&H1&+0&!R:7],[223],[1]
266,[C&D3&v4&H0&+0&!R&z2:1](=[O&D1&v2&H0&+0&!R:2])-[S&D2&v2&H0&+0&!R:3].[N&D1&v3&H2&+0&!R:4]>>[N&D2&v3&H1&+0&!R:4]-[C&D3&v4&H0&+0&!R&z2:1]=[O&D1&v2&H0&+0&!R:2].[S&D1&v2&H1&+0&!R:3],"[224, 344, 524, 525]","[1, 1, 1, 2]"
267,[N&D2&v3&H1&+0&!R:1]-[C&D3&v4&H0&+0&!R&z2:2]=[O&D1&v2&H0&+0&!R:3].[S&D1&v2&H1&+0&!R:4]>>[C&D3&v4&H0&+0&!R&z2:2](=[O&D1&v2&H0&+0&!R:3])-[S&D2&v2&H0&+0&!R:4].[N&D1&v3&H2&+0&!R:1],"[224, 344, 524, 525]","[1, 1, 1, 2]"
268,[C&D2&v4&H2&+0&!R&z0:1]-[C@&D3&v4&H1&+0&!R&z1:2](-[N&D1&v3&H2&+0&!R:3])-[C&D3&v4&H0&+0&!R&z2:4]-[O&D1&v2&H1&+0&!R:5]>>[C&D2&v4&H2&+0&!R&z0:1]-[C&D2&v4&H2&+0&!R&z1:2]-[N&D1&v3&H2&+0&!R:3].[O&D1&v2&H0&+0&!R:5]=[C&D2&v4&H0&+0&!R&z2:4],[225],[1]
269,[C&D2&v4&H2&+0&!R&z0:1]-[C&D2&v4&H2&+0&!R&z1:2]-[N&D1&v3&H2&+0&!R:3].[O&D1&v2&H0&+0&!R:4]=[C&D2&v4&H0&+0&!R&z2:5]>>[C&D2&v4&H2&+0&!R&z0:1]-[C@&D3&v4&H1&+0&!R&z1:2](-[N&D1&v3&H2&+0&!R:3])-[C&D3&v4&H0&+0&!R&z2:5]-[O&D1&v2&H1&+0&!R:4],[225],[1]
270,[C&D1&v4&H3&+0&!R&z0:1]-[C@@&D3&v4&H1&+0&R&z1:2]1-[O&D2&v2&H0&+0&R:3]-[C@&D3&v4&H1&+0&R&z2:4](-[O&D2&v2&H0&+0&!R:5])-[C@@&D3&v4&H1&+0&R&z1:6](-[O&D1&v2&H1&+0&!R:7])-[C@@&D3&v4&H1&+0&R&z1:8](-[O&D1&v2&H1&+0&!R:9])-[C&D3&v4&H0&+0&R&z1:10]-1=[O&D1&v2&H0&+0&!R:11].[C&D3&v4&H0&+0&R&z0:12]1=[C&D2&v4&H1&+0&R&z1:13]-[N&D3&v3&H0&+0&R:14]-[C&D2&v4&H1&+0&R&z1:15]=[C&D2&v4&H1&+0&R&z0:16]-[C&D2&v4&H2&+0&R&z0:17]-1>>[C&D1&v4&H3&+0&!R&z0:1]-[C@&D3&v4&H1&+0&R&z1:2]1-[O&D2&v2&H0&+0&R:3]-[C@&D3&v4&H1&+0&R&z2:4](-[O&D2&v2&H0&+0&!R:5])-[C@@&D3&v4&H1&+0&R&z1:6](-[O&D1&v2&H1&+0&!R:7])-[C@&D3&v4&H1&+0&R&z1:8](-[O&D1&v2&H1&+0&!R:9])-[C&D3&v4&H1&+0&R&z1:10]-1-[O&D1&v2&H1&+0&!R:11].[c&D3&v4&H0&+0&R&z0:12]1:[c&D2&v4&H1&+0&R&z0:17]:[c&D2&v4&H1&+0&R&z0:16]:[c&D2&v4&H1&+0&R&z1:15]:[n&D3&v4&H0&+&R:14]:[c&D2&v4&H1&+0&R&z1:13]:1,[227],[1]
271,[C&D1&v4&H3&+0&!R&z0:1]-[C@&D3&v4&H1&+0&R&z1:2]1-[O&D2&v2&H0&+0&R:3]-[C@&D3&v4&H1&+0&R&z2:4](-[O&D2&v2&H0&+0&!R:5])-[C@@&D3&v4&H1&+0&R&z1:6](-[O&D1&v2&H1&+0&!R:7])-[C@&D3&v4&H1&+0&R&z1:8](-[O&D1&v2&H1&+0&!R:9])-[C&D3&v4&H1&+0&R&z1:10]-1-[O&D1&v2&H1&+0&!R:11].[c&D3&v4&H0&+0&R&z0:12]1:[c&D2&v4&H1&+0&R&z0:13]:[c&D2&v4&H1&+0&R&z0:14]:[c&D2&v4&H1&+0&R&z1:15]:[n&D3&v4&H0&+&R:16]:[c&D2&v4&H1&+0&R&z1:17]:1>>[C&D1&v4&H3&+0&!R&z0:1]-[C@@&D3&v4&H1&+0&R&z1:2]1-[O&D2&v2&H0&+0&R:3]-[C@&D3&v4&H1&+0&R&z2:4](-[O&D2&v2&H0&+0&!R:5])-[C@@&D3&v4&H1&+0&R&z1:6](-[O&D1&v2&H1&+0&!R:7])-[C@@&D3&v4&H1&+0&R&z1:8](-[O&D1&v2&H1&+0&!R:9])-[C&D3&v4&H0&+0&R&z1:10]-1=[O&D1&v2&H0&+0&!R:11].[C&D3&v4&H0&+0&R&z0:12]1=[C&D2&v4&H1&+0&R&z1:17]-[N&D3&v3&H0&+0&R:16]-[C&D2&v4&H1&+0&R&z1:15]=[C&D2&v4&H1&+0&R&z0:14]-[C&D2&v4&H2&+0&R&z0:13]-1,[227],[1]
272,[O&D2&v2&H0&+0&!R:1]-[C@@&D3&v4&H1&+0&R&z2:2]1-[O&D2&v2&H0&+0&R:3]-[C@&D3&v4&H1&+0&R&z1:4](-[C&D2&v4&H2&+0&!R&z1:5]-[O&D1&v2&H1&+0&!R:6])-[C@@&D3&v4&H1&+0&R&z1:7](-[O&D1&v2&H1&+0&!R:8])-[C@&D3&v4&H1&+0&R&z1:9](-[O&D1&v2&H1&+0&!R:10])-[C@@&D3&v4&H1&+0&R&z1:11]-1-[O&D1&v2&H1&+0&!R:12]>>[O&D0&v2&H2&+0&!R:6].[O&D2&v2&H0&+0&!R:1]-[C@@&D3&v4&H1&+0&R&z2:2]1-[O&D2&v2&H0&+0&R:3]-[C&D3&v4&H1&+0&R&z1:4](-[C&D1&v4&H3&+0&!R&z0:5])-[C&D3&v4&H0&+0&R&z1:7](=[O&D1&v2&H0&+0&!R:8])-[C@&D3&v4&H1&+0&R&z1:9](-[O&D1&v2&H1&+0&!R:10])-[C@@&D3&v4&H1&+0&R&z1:11]-1-[O&D1&v2&H1&+0&!R:12],"[228, 228]","[2, 1]"
273,[O&D0&v2&H2&+0&!R:1].[O&D2&v2&H0&+0&!R:2]-[C@@&D3&v4&H1&+0&R&z2:3]1-[O&D2&v2&H0&+0&R:4]-[C&D3&v4&H1&+0&R&z1:5](-[C&D1&v4&H3&+0&!R&z0:6])-[C&D3&v4&H0&+0&R&z1:7](=[O&D1&v2&H0&+0&!R:8])-[C@&D3&v4&H1&+0&R&z1:9](-[O&D1&v2&H1&+0&!R:10])-[C@@&D3&v4&H1&+0&R&z1:11]-1-[O&D1&v2&H1&+0&!R:12]>>[O&D2&v2&H0&+0&!R:2]-[C@@&D3&v4&H1&+0&R&z2:3]1-[O&D2&v2&H0&+0&R:4]-[C@&D3&v4&H1&+0&R&z1:5](-[C&D2&v4&H2&+0&!R&z1:6]-[O&D1&v2&H1&+0&!R:1])-[C@@&D3&v4&H1&+0&R&z1:7](-[O&D1&v2&H1&+0&!R:8])-[C@&D3&v4&H1&+0&R&z1:9](-[O&D1&v2&H1&+0&!R:10])-[C@@&D3&v4&H1&+0&R&z1:11]-1-[O&D1&v2&H1&+0&!R:12],"[228, 228]","[2, 1]"
274,[C&D3&v4&H0&+0&!R&z2:1](=[O&D1&v2&H0&+0&!R:2])-[O&D1&v2&H1&+0&!R:3].[N&D1&v3&H2&+0&!R:4].[P&D4&v5&H0&+0&!R:5](-[O&D1&v2&H1&+0&!R:6])-[O&D2&v2&H0&+0&!R:7]~[*:8]~[*:9]~[*:10]~[O&D1&v2&H1&+0&!R:11]>>[*:10](~[O&D1&v2&H1&+0&!R:11])~[*:9]~[*:8]~[O&D1&v2&H1&+0&!R:7].[C&D3&v4&H0&+0&!R&z2:1](=[O&D1&v2&H0&+0&!R:2])-[N&D2&v3&H1&+0&!R:4].[P&D4&v5&H0&+0&!R:5](-[O&D1&v2&H1&+0&!R:3])-[O&D1&v2&H1&+0&!R:6],[229],[1]
275,[*:1](~[O&D1&v2&H1&+0&!R:2])~[*:3]~[*:4]~[O&D1&v2&H1&+0&!R:5].[C&D3&v4&H0&+0&!R&z2:6](=[O&D1&v2&H0&+0&!R:7])-[N&D2&v3&H1&+0&!R:8].[P&D4&v5&H0&+0&!R:9](-[O&D1&v2&H1&+0&!R:10])-[O&D1&v2&H1&+0&!R:11]>>[C&D3&v4&H0&+0&!R&z2:6](=[O&D1&v2&H0&+0&!R:7])-[O&D1&v2&H1&+0&!R:10].[N&D1&v3&H2&+0&!R:8].[P&D4&v5&H0&+0&!R:9](-[O&D1&v2&H1&+0&!R:11])-[O&D2&v2&H0&+0&!R:5]~[*:4]~[*:3]~[*:1]~[O&D1&v2&H1&+0&!R:2],[229],[1]
276,[C&D3&v4&H0&+0&!R&z1:1](=[O&D1&v2&H0&+0&!R:2])-[C&D2&v4&H2&+0&!R&z0:3].[N&D1&v3&H2&+0&!R:4]-[C&D2&v4&H2&+0&!R&z1:5]-[C&D3&v4&H0&+0&!R&z1:6]=[O&D1&v2&H0&+0&!R:7]>>[O&D0&v2&H2&+0&!R:7].[O&D0&v2&H2&+0&!R:2].[c&D3&v4&H0&+0&R&z1:1]1:[n&D2&v3&H1&+0&R:4]:[c&D2&v4&H1&+0&R&z1:5]:[c&D3&v4&H0&+0&R&z0:6]:[c&D3&v4&H0&+0&R&z0:3]:1,[230],[1]
277,[O&D0&v2&H2&+0&!R:1].[O&D0&v2&H2&+0&!R:2].[c&D3&v4&H0&+0&R&z1:3]1:[n&D2&v3&H1&+0&R:4]:[c&D2&v4&H1&+0&R&z1:5]:[c&D3&v4&H0&+0&R&z0:6]:[c&D3&v4&H0&+0&R&z0:7]:1>>[C&D3&v4&H0&+0&!R&z1:3](=[O&D1&v2&H0&+0&!R:2])-[C&D2&v4&H2&+0&!R&z0:7].[N&D1&v3&H2&+0&!R:4]-[C&D2&v4&H2&+0&!R&z1:5]-[C&D3&v4&H0&+0&!R&z1:6]=[O&D1&v2&H0&+0&!R:1],[230],[1]
278,[O&D0&v2&H2&+0&!R:1].[O&D0&v2&H2&+0&!R:2].[O&D2&v2&H0&+0&!R:3]-[P&D4&v5&H0&+0&!R:4](=[O&D1&v2&H0&+0&!R:5])-[O&D1&v2&H1&+0&!R:6].[O&D2&v2&H0&+0&!R:7]-[P&D4&v5&H0&+0&!R:8](=[O&D1&v2&H0&+0&!R:9])-[O&D1&v2&H1&+0&!R:10]>>[O&D1&v2&H1&+0&!R:3].[O&D1&v2&H1&+0&!R:7].[P&D4&v5&H0&+0&!R:4](=[O&D1&v2&H0&+0&!R:5])(-[O&D1&v2&H1&+0&!R:6])-[O&D1&v2&H1&+0&!R:2].[P&D4&v5&H0&+0&!R:8](=[O&D1&v2&H0&+0&!R:9])(-[O&D1&v2&H1&+0&!R:10])-[O&D1&v2&H1&+0&!R:1],[233],[1]
279,[O&D1&v2&H1&+0&!R:1].[O&D1&v2&H1&+0&!R:2].[P&D4&v5&H0&+0&!R:3](=[O&D1&v2&H0&+0&!R:4])(-[O&D1&v2&H1&+0&!R:5])-[O&D1&v2&H1&+0&!R:6].[P&D4&v5&H0&+0&!R:7](=[O&D1&v2&H0&+0&!R:8])(-[O&D1&v2&H1&+0&!R:9])-[O&D1&v2&H1&+0&!R:10]>>[O&D0&v2&H2&+0&!R:10].[O&D0&v2&H2&+0&!R:6].[O&D2&v2&H0&+0&!R:1]-[P&D4&v5&H0&+0&!R:3](=[O&D1&v2&H0&+0&!R:4])-[O&D1&v2&H1&+0&!R:5].[O&D2&v2&H0&+0&!R:2]-[P&D4&v5&H0&+0&!R:7](=[O&D1&v2&H0&+0&!R:8])-[O&D1&v2&H1&+0&!R:9],[233],[1]
280,[C&D3&v4&H0&+0&!R&z2:1](=[O&D1&v2&H0&+0&!R:2])-[O&D1&v2&H1&+0&!R:3].[O&D1&v2&H1&+0&!R:4].[P&D4&v5&H0&+0&!R:5](=[O&D1&v2&H0&+0&!R:6])(-[O&D1&v2&H1&+0&!R:7])-[O&D2&v2&H0&+0&!R:8]~[*:9](~[O&D1&v2&H0&+0&!R:10])~[*:11]~[*:12]~[O&D1&v2&H1&+0&!R:13]>>[O&D1&v2&H0&+0&!R:10]~[*:9](~[O&D1&v2&H1&+0&!R:8])~[*:11]~[*:12]~[O&D1&v2&H1&+0&!R:13].[O&D2&v2&H0&+0&!R:4]-[C&D3&v4&H0&+0&!R&z2:1]=[O&D1&v2&H0&+0&!R:2].[P&D4&v5&H0&+0&!R:5](=[O&D1&v2&H0&+0&!R:6])(-[O&D1&v2&H1&+0&!R:3])-[O&D1&v2&H1&+0&!R:7],[235],[1]
281,[O&D1&v2&H0&+0&!R:1]~[*:2](~[O&D1&v2&H1&+0&!R:3])~[*:4]~[*:5]~[O&D1&v2&H1&+0&!R:6].[O&D2&v2&H0&+0&!R:7]-[C&D3&v4&H0&+0&!R&z2:8]=[O&D1&v2&H0&+0&!R:9].[P&D4&v5&H0&+0&!R:10](=[O&D1&v2&H0&+0&!R:11])(-[O&D1&v2&H1&+0&!R:12])-[O&D1&v2&H1&+0&!R:13]>>[C&D3&v4&H0&+0&!R&z2:8](=[O&D1&v2&H0&+0&!R:9])-[O&D1&v2&H1&+0&!R:12].[O&D1&v2&H1&+0&!R:7].[P&D4&v5&H0&+0&!R:10](=[O&D1&v2&H0&+0&!R:11])(-[O&D1&v2&H1&+0&!R:13])-[O&D2&v2&H0&+0&!R:3]~[*:2](~[O&D1&v2&H0&+0&!R:1])~[*:4]~[*:5]~[O&D1&v2&H1&+0&!R:6],[235],[1]
282,[C&D3&v4&H0&+0&!R&z2:1](-[O&D1&v2&H1&+0&!R:2])-[C@@&D3&v4&H1&+0&!R&z1:3](-[O&D1&v2&H1&+0&!R:4])-[C&D3&v4&H0&+0&!R&z1:5](=[O&D1&v2&H0&+0&!R:6])~[H1@:7]~[O&D1&v2&H1&+0&!R:8]>>[O&D1&v2&H0&+0&!R:2]=[C&D2&v4&H0&+0&!R&z2:1].[O&D1&v2&H0&+0&!R:6]=[C&D3&v4&H0&+0&!R&z1:5](-[C&D2&v4&H2&+0&!R&z1:3]-[O&D1&v2&H1&+0&!R:4])~[H1@:7]~[O&D1&v2&H1&+0&!R:8],"[236, 236]","[1, 2]"
283,[O&D1&v2&H0&+0&!R:1]=[C&D2&v4&H0&+0&!R&z2:2].[O&D1&v2&H0&+0&!R:3]=[C&D3&v4&H0&+0&!R&z1:4](-[C&D2&v4&H2&+0&!R&z1:5]-[O&D1&v2&H1&+0&!R:6])~[H1@:7]~[O&D1&v2&H1&+0&!R:8]>>[C&D3&v4&H0&+0&!R&z2:2](-[O&D1&v2&H1&+0&!R:1])-[C@@&D3&v4&H1&+0&!R&z1:5](-[O&D1&v2&H1&+0&!R:6])-[C&D3&v4&H0&+0&!R&z1:4](=[O&D1&v2&H0&+0&!R:3])~[H1@:7]~[O&D1&v2&H1&+0&!R:8],"[236, 236]","[1, 2]"
284,[N&D2&v3&H1&+0&!R:1]-[C&D3&v4&H0&+0&!R&z2:2]=[O&D1&v2&H0&+0&!R:3].[O&D0&v2&H2&+0&!R:4].[n&D3&v4&H0&+&R:5]-[C@@&D3&v4&H1&+0&R&z2:6]1-[O&D2&v2&H0&+0&R:7]-[C@@&D3&v4&H1&+0&R&z1:8](-[C&D2&v4&H2&+0&!R&z1:9])~[H1@:10](~[O&D1&v2&H1&+0&!R:11])~[H1@@:12]~1~[O&D1&v2&H1&+0&!R:13]>>[C&D3&v4&H0&+0&!R&z2:2](=[O&D1&v2&H0&+0&!R:4])-[O&D2&v2&H0&+0&!R:13]~[H1@@:12]1~[C&D3&v4&H1&+0&R&z2:6](-[O&D1&v2&H1&+0&!R:3])-[O&D2&v2&H0&+0&R:7]-[C@@&D3&v4&H1&+0&R&z1:8](-[C&D2&v4&H2&+0&!R&z1:9])~[H1@@:10]~1~[O&D1&v2&H1&+0&!R:11].[N&D1&v3&H2&+0&!R:1].[n&D2&v3&H0&+0&R:5],[240],[1]
285,[C&D3&v4&H0&+0&!R&z2:1](=[O&D1&v2&H0&+0&!R:2])-[O&D2&v2&H0&+0&!R:3]~[H1@@:4]1~[C&D3&v4&H1&+0&R&z2:5](-[O&D1&v2&H1&+0&!R:6])-[O&D2&v2&H0&+0&R:7]-[C@@&D3&v4&H1&+0&R&z1:8](-[C&D2&v4&H2&+0&!R&z1:9])~[H1@@:10]~1~[O&D1&v2&H1&+0&!R:11].[N&D1&v3&H2&+0&!R:12].[n&D2&v3&H0&+0&R:13]>>[N&D2&v3&H1&+0&!R:12]-[C&D3&v4&H0&+0&!R&z2:1]=[O&D1&v2&H0&+0&!R:6].[O&D0&v2&H2&+0&!R:2].[n&D3&v4&H0&+&R:13]-[C@@&D3&v4&H1&+0&R&z2:5]1-[O&D2&v2&H0&+0&R:7]-[C@@&D3&v4&H1&+0&R&z1:8](-[C&D2&v4&H2&+0&!R&z1:9])~[H1@:10](~[O&D1&v2&H1&+0&!R:11])~[H1@@:4]~1~[O&D1&v2&H1&+0&!R:3],[240],[1]
286,[N&D2&v3&H1&+0&!R:1]-[C&D3&v4&H0&+0&!R&z2:2]=[O&D1&v2&H0&+0&!R:3].[O&D0&v2&H2&+0&!R:4]>>[N&D1&v3&H2&+0&!R:1].[O&D1&v2&H0&+0&!R:3]=[C&D3&v4&H0&+0&!R&z2:2]-[O&D1&v2&H1&+0&!R:4],[241],[1]
287,[N&D1&v3&H2&+0&!R:1].[O&D1&v2&H0&+0&!R:2]=[C&D3&v4&H0&+0&!R&z2:3]-[O&D1&v2&H1&+0&!R:4]>>[N&D2&v3&H1&+0&!R:1]-[C&D3&v4&H0&+0&!R&z2:3]=[O&D1&v2&H0&+0&!R:2].[O&D0&v2&H2&+0&!R:4],[241],[1]
288,[C&D3&v4&H0&+0&!R&z1:1](=[O&D1&v2&H0&+0&!R:2])-[C@@&D3&v4&H1&+0&!R&z1:3](-[O&D1&v2&H1&+0&!R:4])-[C@&D3&v4&H1&+0&!R&z1:5](-[O&D1&v2&H1&+0&!R:6])-[C&D2&v4&H2&+0&!R&z1:7]-[O&D2&v2&H0&+0&!R:8].[N&D1&v3&H2&+0&!R:9]-[C&D2&v4&H2&+0&!R&z1:10]-[C&D3&v4&H0&+0&!R&z1:11]=[O&D1&v2&H0&+0&!R:12].[O&D0&v2&H2&+0&!R:13]>>[O&D0&v2&H2&+0&!R:12].[O&D0&v2&H2&+0&!R:6].[O&D0&v2&H2&+0&!R:2].[O&D1&v2&H1&+0&!R:8].[c&D3&v4&H0&+0&R&z1:1]1:[n&D2&v3&H0&+0&R:9]:[c&D2&v4&H1&+0&R&z1:10]:[c&D3&v4&H0&+0&R&z0:11]:[c&D3&v4&H0&+0&R&z0:5](-[C&D2&v4&H2&+0&!R&z1:7]-[O&D1&v2&H1&+0&!R:13]):[c&D3&v4&H0&+0&R&z1:3]:1-[O&D1&v2&H1&+0&!R:4],[243],[1]
289,[O&D0&v2&H2&+0&!R:1].[O&D0&v2&H2&+0&!R:2].[O&D0&v2&H2&+0&!R:3].[O&D1&v2&H1&+0&!R:4].[c&D3&v4&H0&+0&R&z1:5]1:[n&D2&v3&H0&+0&R:6]:[c&D2&v4&H1&+0&R&z1:7]:[c&D3&v4&H0&+0&R&z0:8]:[c&D3&v4&H0&+0&R&z0:9](-[C&D2&v4&H2&+0&!R&z1:10]-[O&D1&v2&H1&+0&!R:11]):[c&D3&v4&H0&+0&R&z1:12]:1-[O&D1&v2&H1&+0&!R:13]>>[C&D3&v4&H0&+0&!R&z1:5](=[O&D1&v2&H0&+0&!R:3])-[C@@&D3&v4&H1&+0&!R&z1:12](-[O&D1&v2&H1&+0&!R:13])-[C@&D3&v4&H1&+0&!R&z1:9](-[O&D1&v2&H1&+0&!R:2])-[C&D2&v4&H2&+0&!R&z1:10]-[O&D2&v2&H0&+0&!R:4].[N&D1&v3&H2&+0&!R:6]-[C&D2&v4&H2&+0&!R&z1:7]-[C&D3&v4&H0&+0&!R&z1:8]=[O&D1&v2&H0&+0&!R:1].[O&D0&v2&H2&+0&!R:11],[243],[1]
290,[C&D2&v4&H2&+0&!R&z1:1]-[C@&D3&v4&H1&+0&R&z1:2]1-[O&D2&v2&H0&+0&R:3]-[C@&D3&v4&H1&+0&R&z2:4](-[n&D3&v3&H0&+0&R:5]:[c&D2&v4&H1&+0&R&z2:6]:[n&D2&v3&H0&+0&R:7])-[C@@&D3&v4&H1&+0&R&z1:8](-[O&D1&v2&H1&+0&!R:9])-[C@@&D3&v4&H1&+0&R&z1:10]-1-[O&D1&v2&H1&+0&!R:11].[O&D1&v2&H1&+0&!R:12]>>[C&D2&v4&H2&+0&!R&z1:1]-[C@&D3&v4&H1&+0&R&z1:2]1-[O&D2&v2&H0&+0&R:3]-[C&D3&v4&H1&+0&R&z2:4](-[O&D2&v2&H0&+0&!R:12])-[C@@&D3&v4&H1&+0&R&z1:8](-[O&D1&v2&H1&+0&!R:9])-[C@@&D3&v4&H1&+0&R&z1:10]-1-[O&D1&v2&H1&+0&!R:11].[n&D2&v3&H0&+0&R:5]:[c&D2&v4&H1&+0&R&z2:6]:[n&D2&v3&H1&+0&R:7],[244],[1]
291,[C&D2&v4&H2&+0&!R&z1:1]-[C@&D3&v4&H1&+0&R&z1:2]1-[O&D2&v2&H0&+0&R:3]-[C&D3&v4&H1&+0&R&z2:4](-[O&D2&v2&H0&+0&!R:5])-[C@@&D3&v4&H1&+0&R&z1:6](-[O&D1&v2&H1&+0&!R:7])-[C@@&D3&v4&H1&+0&R&z1:8]-1-[O&D1&v2&H1&+0&!R:9].[n&D2&v3&H0&+0&R:10]:[c&D2&v4&H1&+0&R&z2:11]:[n&D2&v3&H1&+0&R:12]>>[C&D2&v4&H2&+0&!R&z1:1]-[C@&D3&v4&H1&+0&R&z1:2]1-[O&D2&v2&H0&+0&R:3]-[C@&D3&v4&H1&+0&R&z2:4](-[n&D3&v3&H0&+0&R:10]:[c&D2&v4&H1&+0&R&z2:11]:[n&D2&v3&H0&+0&R:12])-[C@@&D3&v4&H1&+0&R&z1:6](-[O&D1&v2&H1&+0&!R:7])-[C@@&D3&v4&H1&+0&R&z1:8]-1-[O&D1&v2&H1&+0&!R:9].[O&D1&v2&H1&+0&!R:5],[244],[1]
292,[N&D1&v3&H2&+0&!R:1]-[C@@&D3&v4&H1&+0&!R&z1:2](-[C&D2&v4&H2&+0&!R&z0:3])-[C&D3&v4&H0&+0&!R&z2:4]>>[N&D1&v3&H2&+0&!R:1]-[C&D3&v4&H1&+0&!R&z1:3]-[C&D2&v4&H2&+0&!R&z0:2]-[C&D3&v4&H0&+0&!R&z2:4],[245],[1]
293,[N&D1&v3&H2&+0&!R:1]-[C&D3&v4&H1&+0&!R&z1:2]-[C&D2&v4&H2&+0&!R&z0:3]-[C&D3&v4&H0&+0&!R&z2:4]>>[N&D1&v3&H2&+0&!R:1]-[C@@&D3&v4&H1&+0&!R&z1:3](-[C&D2&v4&H2&+0&!R&z0:2])-[C&D3&v4&H0&+0&!R&z2:4],[245],[1]
294,[N&D1&v3&H2&+0&!R:1]-[C@@&D3&v4&H1&+0&!R&z1:2](-[C&D2&v4&H2&+0&!R&z0:3]-[c&D3&v4&H0&+0&R&z0:4]1:[c&D2&v4&H1&+0&R&z0:5]:[c&D2&v4&H1&+0&R&z0:6]:[c&D3&v4&H0&+0&R&z1:7]:[c&D2&v4&H1&+0&R&z0:8]:[c&D2&v4&H1&+0&R&z0:9]:1)-[C&D3&v4&H0&+0&!R&z2:10]>>[N&D1&v3&H2&+0&!R:1]-[C&D3&v4&H1&+0&!R&z1:3](-[C&D2&v4&H2&+0&!R&z0:2]-[C&D3&v4&H0&+0&!R&z2:10])-[c&D3&v4&H0&+0&R&z0:4]1:[c&D2&v4&H1&+0&R&z0:5]:[c&D2&v4&H1&+0&R&z0:6]:[c&D3&v4&H0&+0&R&z1:7]:[c&D2&v4&H1&+0&R&z0:8]:[c&D2&v4&H1&+0&R&z0:9]:1,[245],[2]
295,[N&D1&v3&H2&+0&!R:1]-[C&D3&v4&H1&+0&!R&z1:2](-[C&D2&v4&H2&+0&!R&z0:3]-[C&D3&v4&H0&+0&!R&z2:4])-[c&D3&v4&H0&+0&R&z0:5]1:[c&D2&v4&H1&+0&R&z0:6]:[c&D2&v4&H1&+0&R&z0:7]:[c&D3&v4&H0&+0&R&z1:8]:[c&D2&v4&H1&+0&R&z0:9]:[c&D2&v4&H1&+0&R&z0:10]:1>>[N&D1&v3&H2&+0&!R:1]-[C@@&D3&v4&H1&+0&!R&z1:3](-[C&D2&v4&H2&+0&!R&z0:2]-[c&D3&v4&H0&+0&R&z0:5]1:[c&D2&v4&H1&+0&R&z0:6]:[c&D2&v4&H1&+0&R&z0:7]:[c&D3&v4&H0&+0&R&z1:8]:[c&D2&v4&H1&+0&R&z0:9]:[c&D2&v4&H1&+0&R&z0:10]:1)-[C&D3&v4&H0&+0&!R&z2:4],[245],[2]
296,[*:1](~[O&D1&v2&H1&+0&!R:2])~[O&D2&v2&H0&+0&!R:3]-[P&D4&v5&H0&+0&!R:4](=[O&D1&v2&H0&+0&!R:5])(-[O&D1&v2&H1&+0&!R:6])-[O&D1&v2&H1&+0&!R:7].[O&D1&v2&H1&+0&!R:8]>>[*:1](~[O&D1&v2&H1&+0&!R:2])~[O&D1&v2&H1&+0&!R:3].[O&D2&v2&H0&+0&!R:8]-[P&D4&v5&H0&+0&!R:4](=[O&D1&v2&H0&+0&!R:6])(-[O&D1&v2&H1&+0&!R:7])-[O&D1&v2&H1&+0&!R:5],[246],[1]
297,[*:1](~[O&D1&v2&H1&+0&!R:2])~[O&D1&v2&H1&+0&!R:3].[O&D2&v2&H0&+0&!R:4]-[P&D4&v5&H0&+0&!R:5](=[O&D1&v2&H0&+0&!R:6])(-[O&D1&v2&H1&+0&!R:7])-[O&D1&v2&H1&+0&!R:8]>>[*:1](~[O&D1&v2&H1&+0&!R:2])~[O&D2&v2&H0&+0&!R:3]-[P&D4&v5&H0&+0&!R:5](=[O&D1&v2&H0&+0&!R:8])(-[O&D1&v2&H1&+0&!R:6])-[O&D1&v2&H1&+0&!R:7].[O&D1&v2&H1&+0&!R:4],[246],[1]
298,[*:1](~[O&D1&v2&H1&+0&!R:2])~[O&D2&v2&H0&+0&!R:3]-[P&D4&v5&H0&+0&!R:4](=[O&D1&v2&H0&+0&!R:5])-[O&D1&v2&H1&+0&!R:6].[O&D1&v2&H1&+0&!R:7]>>[*:1](~[O&D1&v2&H1&+0&!R:2])~[O&D1&v2&H1&+0&!R:3].[O&D2&v2&H0&+0&!R:7]-[P&D4&v5&H0&+0&!R:4](=[O&D1&v2&H0&+0&!R:5])-[O&D1&v2&H1&+0&!R:6],[246],[2]
299,[*:1](~[O&D1&v2&H1&+0&!R:2])~[O&D1&v2&H1&+0&!R:3].[O&D2&v2&H0&+0&!R:4]-[P&D4&v5&H0&+0&!R:5](=[O&D1&v2&H0&+0&!R:6])-[O&D1&v2&H1&+0&!R:7]>>[*:1](~[O&D1&v2&H1&+0&!R:2])~[O&D2&v2&H0&+0&!R:3]-[P&D4&v5&H0&+0&!R:5](=[O&D1&v2&H0&+0&!R:6])-[O&D1&v2&H1&+0&!R:7].[O&D1&v2&H1&+0&!R:4],[246],[2]
300,[S&D1&v2&H1&+0&!R:1].[c&D3&v4&H0&+0&R&z2:2](-[O&D2&v2&H0&+0&!R:3]-[C&D1&v4&H3&+0&!R&z1:4]):[n&D2&v3&H0&+0&R:5]:[c&D3&v4&H0&+0&R&z3:6]:[n&D2&v3&H0&+0&R:7]>>[S&D2&v2&H0&+0&!R:1]-[C&D1&v4&H3&+0&!R&z1:4].[c&D3&v4&H0&+0&R&z2:2](=[O&D1&v2&H0&+0&!R:3]):[n&D2&v3&H0&+0&R:5]:[c&D3&v4&H0&+0&R&z3:6]:[n&D2&v3&H1&+0&R:7],[251],[1]
301,[S&D2&v2&H0&+0&!R:1]-[C&D1&v4&H3&+0&!R&z1:2].[c&D3&v4&H0&+0&R&z2:3](=[O&D1&v2&H0&+0&!R:4]):[n&D2&v3&H0&+0&R:5]:[c&D3&v4&H0&+0&R&z3:6]:[n&D2&v3&H1&+0&R:7]>>[S&D1&v2&H1&+0&!R:1].[c&D3&v4&H0&+0&R&z2:3](-[O&D2&v2&H0&+0&!R:4]-[C&D1&v4&H3&+0&!R&z1:2]):[n&D2&v3&H0&+0&R:5]:[c&D3&v4&H0&+0&R&z3:6]:[n&D2&v3&H0&+0&R:7],[251],[1]
302,[C&D3&v4&H0&+0&!R&z2:1](-[O&D1&v2&H1&+0&!R:2])-[c&D3&v4&H0&+0&R&z0:3]:[c&D3&v4&H0&+0&R&z1:4]-[N&D2&v3&H1&+0&!R:5]-[C&D2&v4&H2&+0&!R&z1:6]-[C&D3&v4&H0&+0&!R&z1:7]=[O&D1&v2&H0&+0&!R:8]>>[O&D0&v2&H2&+0&!R:8].[O&D1&v2&H0&+0&!R:2]=[C&D2&v4&H0&+0&!R&z2:1].[c&D3&v4&H0&+0&R&z0:7]1:[c&D2&v4&H1&+0&R&z1:6]:[n&D2&v3&H1&+0&R:5]:[c&D3&v4&H0&+0&R&z1:4]:[c&D3&v4&H0&+0&R&z0:3]:1,[252],[1]
303,[O&D0&v2&H2&+0&!R:1].[O&D1&v2&H0&+0&!R:2]=[C&D2&v4&H0&+0&!R&z2:3].[c&D3&v4&H0&+0&R&z0:4]1:[c&D2&v4&H1&+0&R&z1:5]:[n&D2&v3&H1&+0&R:6]:[c&D3&v4&H0&+0&R&z1:7]:[c&D3&v4&H0&+0&R&z0:8]:1>>[C&D3&v4&H0&+0&!R&z2:3](-[O&D1&v2&H1&+0&!R:2])-[c&D3&v4&H0&+0&R&z0:8]:[c&D3&v4&H0&+0&R&z1:7]-[N&D2&v3&H1&+0&!R:6]-[C&D2&v4&H2&+0&!R&z1:5]-[C&D3&v4&H0&+0&!R&z1:4]=[O&D1&v2&H0&+0&!R:1],[252],[1]
304,[C&D1&v4&H2&+0&!R&z0:1]=[C&D3&v4&H0&+0&!R&z0:2](-[C&D1&v4&H3&+0&!R&z0:3])-[C&D2&v4&H2&+0&!R&z0:4]~[*:5]~[*:6]~[*:7](~[O&D1&v2&H1&+0&!R:8])~[O&D2&v2&H0&+0&!R:9].[C&D2&v4&H2&+0&!R&z1:10]-[O&D2&v2&H0&+0&!R:11]~[*:12](~[O&D1&v2&H1&+0&!R:13])~[*:14]~[*:15]~[O&D1&v2&H1&+0&!R:16]>>[*:15](~[O&D1&v2&H1&+0&!R:16])~[*:14]~[*:12](~[O&D1&v2&H1&+0&!R:13])~[O&D1&v2&H1&+0&!R:11].[C&D2&v4&H2&+0&!R&z0:10]-[C&D2&v4&H2&+0&!R&z0:1]-[C&D3&v4&H0&+0&!R&z0:2](-[C&D1&v4&H3&+0&!R&z0:3])=[C&D2&v4&H1&+0&!R&z0:4]~[*:5]~[*:6]~[*:7](~[O&D1&v2&H1&+0&!R:8])~[O&D2&v2&H0&+0&!R:9],[253],[1]
305,[*:1](~[O&D1&v2&H1&+0&!R:2])~[*:3]~[*:4](~[O&D1&v2&H1&+0&!R:5])~[O&D1&v2&H1&+0&!R:6].[C&D2&v4&H2&+0&!R&z0:7]-[C&D2&v4&H2&+0&!R&z0:8]-[C&D3&v4&H0&+0&!R&z0:9](-[C&D1&v4&H3&+0&!R&z0:10])=[C&D2&v4&H1&+0&!R&z0:11]~[*:12]~[*:13]~[*:14](~[O&D1&v2&H1&+0&!R:15])~[O&D2&v2&H0&+0&!R:16]>>[C&D1&v4&H2&+0&!R&z0:8]=[C&D3&v4&H0&+0&!R&z0:9](-[C&D1&v4&H3&+0&!R&z0:10])-[C&D2&v4&H2&+0&!R&z0:11]~[*:12]~[*:13]~[*:14](~[O&D1&v2&H1&+0&!R:15])~[O&D2&v2&H0&+0&!R:16].[C&D2&v4&H2&+0&!R&z1:7]-[O&D2&v2&H0&+0&!R:6]~[*:4](~[O&D1&v2&H1&+0&!R:5])~[*:3]~[*:1]~[O&D1&v2&H1&+0&!R:2],[253],[1]
306,([C&D1&v4&H3&+0&!R&z0:1]/[C&D3&v4&H0&+0&!R&z0:2](-[C&D1&v4&H3&+0&!R&z0:3])=[C&D2&v4&H1&+0&!R&z0:4]/[C&D2&v4&H2&+0&!R&z0:5]-[C&D2&v4&H2&+0&!R&z0:6][C&D3&v4&H0&+0&!R&z0:7](-[C&D1&v4&H3&+0&!R&z0:8])=[C&D2&v4&H1&+0&!R&z0:9].[C&D2&v4&H1&+0&!R&z0:10]=[C&D3&v4&H0&+0&!R&z0:11].[C&D2&v4&H1&+0&!R&z0:12]=[C&D3&v4&H0&+0&!R&z0:13].[C&D2&v4&H1&+0&!R&z0:14]=[C&D3&v4&H0&+0&!R&z0:15]([C&D1&v4&H3&+0&!R&z0:16])-[C&D2&v4&H2&+0&!R&z0:17].[C&D2&v4&H2&+0&!R&z0:18][C&D3&v4&H0&+0&!R&z0:19](-[C&D1&v4&H3&+0&!R&z0:20])=[C&D2&v4&H1&+0&!R&z0:21]).[C&D2&v2&H0&+0&!R&z0:22].[O&D0&v2&H2&+0&!R:23]>>[C&D3&v3&H0&+&!R&z0:13]-[C&D3&v4&H1&+0&R&z0:12]-[C&D3&v4&H1&+0&R&z0:10]-[C&D4&v4&H0&+0&R&z0:11]-[C&D3&v4&H1&+0&R&z0:14]-[C@@&D4&v4&H0&+0&R&z0:15](-[C&D2&v4&H2&+0&R&z0:17])(-[C&D1&v4&H3&+0&!R&z0:16])-[C@@&D4&v4&H0&+0&R&z0:19](-[C&D3&v4&H1&+0&R&z0:21]-[C@@&D4&v4&H0&+0&R&z0:7]1(-[C&D1&v4&H3&+0&!R&z0:8])-[C&D2&v4&H2&+0&R&z0:6]-[C&D2&v4&H2&+0&R&z0:5]-[C&D2&v4&H2&+0&R&z0:4]-[C&D4&v4&H0&+0&R&z0:2](-[C&D1&v4&H3&+0&!R&z0:1])(-[C&D1&v4&H3&+0&!R&z0:3])-[C&D3&v4&H1&+0&R&z0:9]-1)(-[C&D2&v4&H2&+0&R&z0:18])-[C&D1&v4&H3&+0&!R&z0:20].[C&D3&v4&H1&+0&!R&z1:22]-[O&D1&v2&H1&+0&!R:23],[254],[2]
307,[C&D3&v3&H0&+&!R&z0:1]-[C&D3&v4&H1&+0&R&z0:2]-[C&D3&v4&H1&+0&R&z0:3]-[C&D4&v4&H0&+0&R&z0:4]-[C&D3&v4&H1&+0&R&z0:5]-[C@@&D4&v4&H0&+0&R&z0:6](-[C&D2&v4&H2&+0&R&z0:7])(-[C&D1&v4&H3&+0&!R&z0:8])-[C@@&D4&v4&H0&+0&R&z0:9](-[C&D3&v4&H1&+0&R&z0:10]-[C@@&D4&v4&H0&+0&R&z0:11]1(-[C&D1&v4&H3&+0&!R&z0:12])-[C&D2&v4&H2&+0&R&z0:13]-[C&D2&v4&H2&+0&R&z0:14]-[C&D2&v4&H2&+0&R&z0:15]-[C&D4&v4&H0&+0&R&z0:16](-[C&D1&v4&H3&+0&!R&z0:17])(-[C&D1&v4&H3&+0&!R&z0:18])-[C&D3&v4&H1&+0&R&z0:19]-1)(-[C&D2&v4&H2&+0&R&z0:20])-[C&D1&v4&H3&+0&!R&z0:21].[C&D3&v4&H1&+0&!R&z1:22]-[O&D1&v2&H1&+0&!R:23]>>([C&D1&v4&H3&+0&!R&z0:17]/[C&D3&v4&H0&+0&!R&z0:16](-[C&D1&v4&H3&+0&!R&z0:18])=[C&D2&v4&H1&+0&!R&z0:15]/[C&D2&v4&H2&+0&!R&z0:14]-[C&D2&v4&H2&+0&!R&z0:13][C&D3&v4&H0&+0&!R&z0:11](-[C&D1&v4&H3&+0&!R&z0:12])=[C&D2&v4&H1&+0&!R&z0:19].[C&D2&v4&H1&+0&!R&z0:3]=[C&D3&v4&H0&+0&!R&z0:4].[C&D2&v4&H1&+0&!R&z0:2]=[C&D3&v4&H0&+0&!R&z0:1].[C&D2&v4&H1&+0&!R&z0:5]=[C&D3&v4&H0&+0&!R&z0:6]([C&D1&v4&H3&+0&!R&z0:8])-[C&D2&v4&H2&+0&!R&z0:7].[C&D2&v4&H2&+0&!R&z0:20][C&D3&v4&H0&+0&!R&z0:9](-[C&D1&v4&H3&+0&!R&z0:21])=[C&D2&v4&H1&+0&!R&z0:10]).[C&D2&v2&H0&+0&!R&z0:22].[O&D0&v2&H2&+0&!R:23],[254],[2]
308,([C&D1&v4&H3&+0&!R&z0:1]/[C&D3&v4&H0&+0&!R&z0:2](-[C&D1&v4&H3&+0&!R&z0:3])=[C&D2&v4&H1&+0&!R&z0:4]/[C&D2&v4&H2&+0&!R&z0:5]-[C&D2&v4&H2&+0&!R&z0:6][C&D3&v4&H0&+0&!R&z0:7](-[C&D1&v4&H3&+0&!R&z0:8])=[C&D2&v4&H1&+0&!R&z0:9].[C&D2&v4&H1&+0&!R&z0:10]=[C&D3&v4&H0&+0&!R&z0:11]([C&D1&v4&H3&+0&!R&z0:12])-[C&D2&v4&H2&+0&!R&z0:13].[C&D2&v4&H1&+0&!R&z0:14]=[C&D3&v4&H0&+0&!R&z0:15]([C&D1&v4&H3&+0&!R&z0:16])-[C&D2&v4&H2&+0&!R&z0:17].[C&D2&v4&H1&+0&!R&z0:18]=[C&D3&v4&H0&+0&!R&z0:19][C&D1&v4&H3&+0&!R&z0:20].[C&D2&v4&H2&+0&!R&z0:21][C&D3&v4&H0&+0&!R&z0:22](-[C&D1&v4&H3&+0&!R&z0:23])=[C&D2&v4&H1&+0&!R&z0:24])>>[C&D1&v4&H2&+0&!R&z0:20]=[C&D3&v4&H0&+0&!R&z0:19]-[C&D3&v4&H1&+0&R&z0:18]-[C&D3&v4&H1&+0&R&z0:14]-[C@&D4&v4&H0&+0&R&z0:15](-[C&D2&v4&H2&+0&R&z0:17])(-[C&D1&v4&H3&+0&!R&z0:16])-[C&D3&v4&H1&+0&R&z0:10]-[C@@&D4&v4&H0&+0&R&z0:11](-[C&D2&v4&H2&+0&R&z0:13])(-[C&D1&v4&H3&+0&!R&z0:12])-[C@@&D4&v4&H0&+0&R&z0:22](-[C&D3&v4&H1&+0&R&z0:24]-[C@@&D4&v4&H0&+0&R&z0:7]1(-[C&D1&v4&H3&+0&!R&z0:8])-[C&D2&v4&H2&+0&R&z0:6]-[C&D2&v4&H2&+0&R&z0:5]-[C&D2&v4&H2&+0&R&z0:4]-[C&D4&v4&H0&+0&R&z0:2](-[C&D1&v4&H3&+0&!R&z0:1])(-[C&D1&v4&H3&+0&!R&z0:3])-[C&D3&v4&H1&+0&R&z0:9]-1)(-[C&D2&v4&H2&+0&R&z0:21])-[C&D1&v4&H3&+0&!R&z0:23],[254],[1]
309,[C&D1&v4&H2&+0&!R&z0:1]=[C&D3&v4&H0&+0&!R&z0:2]-[C&D3&v4&H1&+0&R&z0:3]-[C&D3&v4&H1&+0&R&z0:4]-[C@&D4&v4&H0&+0&R&z0:5](-[C&D2&v4&H2&+0&R&z0:6])(-[C&D1&v4&H3&+0&!R&z0:7])-[C&D3&v4&H1&+0&R&z0:8]-[C@@&D4&v4&H0&+0&R&z0:9](-[C&D2&v4&H2&+0&R&z0:10])(-[C&D1&v4&H3&+0&!R&z0:11])-[C@@&D4&v4&H0&+0&R&z0:12](-[C&D3&v4&H1&+0&R&z0:13]-[C@@&D4&v4&H0&+0&R&z0:14]1(-[C&D1&v4&H3&+0&!R&z0:15])-[C&D2&v4&H2&+0&R&z0:16]-[C&D2&v4&H2&+0&R&z0:17]-[C&D2&v4&H2&+0&R&z0:18]-[C&D4&v4&H0&+0&R&z0:19](-[C&D1&v4&H3&+0&!R&z0:20])(-[C&D1&v4&H3&+0&!R&z0:21])-[C&D3&v4&H1&+0&R&z0:22]-1)(-[C&D2&v4&H2&+0&R&z0:23])-[C&D1&v4&H3&+0&!R&z0:24]>>([C&D1&v4&H3&+0&!R&z0:20]/[C&D3&v4&H0&+0&!R&z0:19](-[C&D1&v4&H3&+0&!R&z0:21])=[C&D2&v4&H1&+0&!R&z0:18]/[C&D2&v4&H2&+0&!R&z0:17]-[C&D2&v4&H2&+0&!R&z0:16][C&D3&v4&H0&+0&!R&z0:14](-[C&D1&v4&H3&+0&!R&z0:15])=[C&D2&v4&H1&+0&!R&z0:22].[C&D2&v4&H1&+0&!R&z0:8]=[C&D3&v4&H0&+0&!R&z0:9]([C&D1&v4&H3&+0&!R&z0:11])-[C&D2&v4&H2&+0&!R&z0:10].[C&D2&v4&H1&+0&!R&z0:4]=[C&D3&v4&H0&+0&!R&z0:5]([C&D1&v4&H3&+0&!R&z0:7])-[C&D2&v4&H2&+0&!R&z0:6].[C&D2&v4&H1&+0&!R&z0:3]=[C&D3&v4&H0&+0&!R&z0:2][C&D1&v4&H3&+0&!R&z0:1].[C&D2&v4&H2&+0&!R&z0:23][C&D3&v4&H0&+0&!R&z0:12](-[C&D1&v4&H3&+0&!R&z0:24])=[C&D2&v4&H1&+0&!R&z0:13]),[254],[1]
310,[C&D2&v4&H2&+0&!R&z1:1]-[O&D1&v2&H1&+0&!R:2].[c&D3&v4&H0&+0&R&z0:3]1:[c&D2&v4&H1&+0&R&z0:4]:[c&D2&v4&H1&+0&R&z0:5]:[c&D2&v4&H1&+0&R&z1:6]:[n&D3&v4&H0&+&R:7](~[H1@:8]~[H1@@:9]~[O&D1&v2&H1&+0&!R:10]):[c&D2&v4&H1&+0&R&z1:11]:1>>[C&D2&v4&H1&+0&!R&z1:1]=[O&D1&v2&H0&+0&!R:2].[C&D3&v4&H0&+0&R&z0:3]1=[C&D2&v4&H1&+0&R&z1:11]-[N&D3&v3&H0&+0&R:7](~[H1@:8]~[H1@@:9]~[O&D1&v2&H1&+0&!R:10])-[C&D2&v4&H1&+0&R&z1:6]=[C&D2&v4&H1&+0&R&z0:5]-[C&D2&v4&H2&+0&R&z0:4]-1,[256],[1]
311,[C&D2&v4&H1&+0&!R&z1:1]=[O&D1&v2&H0&+0&!R:2].[C&D3&v4&H0&+0&R&z0:3]1=[C&D2&v4&H1&+0&R&z1:4]-[N&D3&v3&H0&+0&R:5](~[H1@:6]~[H1@@:7]~[O&D1&v2&H1&+0&!R:8])-[C&D2&v4&H1&+0&R&z1:9]=[C&D2&v4&H1&+0&R&z0:10]-[C&D2&v4&H2&+0&R&z0:11]-1>>[C&D2&v4&H2&+0&!R&z1:1]-[O&D1&v2&H1&+0&!R:2].[c&D3&v4&H0&+0&R&z0:3]1:[c&D2&v4&H1&+0&R&z0:11]:[c&D2&v4&H1&+0&R&z0:10]:[c&D2&v4&H1&+0&R&z1:9]:[n&D3&v4&H0&+&R:5](~[H1@:6]~[H1@@:7]~[O&D1&v2&H1&+0&!R:8]):[c&D2&v4&H1&+0&R&z1:4]:1,[256],[1]
312,([C&D1&v4&H3&+0&!R&z0:1]/[C&D3&v4&H0&+0&!R&z0:2](=[C&D2&v4&H1&+0&!R&z0:3]\[C&D2&v4&H2&+0&!R&z1:4]-[O&D2&v2&H0&+0&!R:5]~[*:6](~[O&D1&v2&H0&+0&!R:7])(~[O&D1&v2&H1&+0&!R:8])~[*:9]~[*:10](~[O&D1&v2&H0&+0&!R:11])~[O&D1&v2&H1&+0&!R:12])-[C&D2&v4&H2&+0&!R&z0:13].[C&D2&v4&H1&+0&!R&z0:14]=[C&D3&v4&H0&+0&!R&z0:15])>>[C&D4&v4&H0&+0&R&z0:15]1-[C&D3&v4&H1&+0&R&z0:14]-[C&D2&v4&H2&+0&R&z0:4]-[C&D3&v4&H1&+0&R&z1:3](-[C&D4&v4&H0&+0&R&z0:2]-1(-[C&D2&v4&H2&+0&R&z0:13])-[C&D1&v4&H3&+0&!R&z0:1])-[O&D2&v2&H0&+0&!R:5]~[*:6](~[O&D1&v2&H0&+0&!R:7])(~[O&D1&v2&H1&+0&!R:8])~[*:9]~[*:10](~[O&D1&v2&H0&+0&!R:11])~[O&D1&v2&H1&+0&!R:12],[259],[1]
313,[C&D4&v4&H0&+0&R&z0:1]1-[C&D3&v4&H1&+0&R&z0:2]-[C&D2&v4&H2&+0&R&z0:3]-[C&D3&v4&H1&+0&R&z1:4](-[C&D4&v4&H0&+0&R&z0:5]-1(-[C&D2&v4&H2&+0&R&z0:6])-[C&D1&v4&H3&+0&!R&z0:7])-[O&D2&v2&H0&+0&!R:8]~[*:9](~[O&D1&v2&H0&+0&!R:10])(~[O&D1&v2&H1&+0&!R:11])~[*:12]~[*:13](~[O&D1&v2&H0&+0&!R:14])~[O&D1&v2&H1&+0&!R:15]>>([C&D1&v4&H3&+0&!R&z0:7]/[C&D3&v4&H0&+0&!R&z0:5](=[C&D2&v4&H1&+0&!R&z0:4]\[C&D2&v4&H2&+0&!R&z1:3]-[O&D2&v2&H0&+0&!R:8]~[*:9](~[O&D1&v2&H0&+0&!R:10])(~[O&D1&v2&H1&+0&!R:11])~[*:12]~[*:13](~[O&D1&v2&H0&+0&!R:14])~[O&D1&v2&H1&+0&!R:15])-[C&D2&v4&H2&+0&!R&z0:6].[C&D2&v4&H1&+0&!R&z0:2]=[C&D3&v4&H0&+0&!R&z0:1]),[259],[1]
314,[N&D1&v3&H2&+0&!R:1]-[C&D2&v4&H2&+0&!R&z1:2]-[c&D3&v4&H0&+0&R&z1:3]1:[n&D2&v3&H1&+0&R:4]:[c&D2&v4&H1&+0&R&z1:5]:[c&D3&v4&H0&+0&R&z0:6]:[c&D3&v4&H0&+0&R&z0:7]:1.[N&D1&v3&H2&+0&!R:8]-[C&D2&v4&H2&+0&!R&z1:9]-[c&D3&v4&H0&+0&R&z1:10]1:[n&D2&v3&H1&+0&R:11]:[c&D2&v4&H1&+0&R&z1:12]:[c&D3&v4&H0&+0&R&z0:13]:[c&D3&v4&H0&+0&R&z0:14]:1.[N&D1&v3&H2&+0&!R:15]-[C&D2&v4&H2&+0&!R&z1:16]-[c&D3&v4&H0&+0&R&z1:17]1:[n&D2&v3&H1&+0&R:18]:[c&D2&v4&H1&+0&R&z1:19]:[c&D3&v4&H0&+0&R&z0:20]:[c&D3&v4&H0&+0&R&z0:21]:1.[N&D1&v3&H2&+0&!R:22]-[C&D2&v4&H2&+0&!R&z1:23]-[c&D3&v4&H0&+0&R&z1:24]1:[n&D2&v3&H1&+0&R:25]:[c&D2&v4&H1&+0&R&z1:26]:[c&D3&v4&H0&+0&R&z0:27]:[c&D3&v4&H0&+0&R&z0:28]:1.[O&D0&v2&H2&+0&!R:29]>>[N&D0&v3&H3&+0&!R:1].[N&D0&v3&H3&+0&!R:8].[N&D0&v3&H3&+0&!R:15].[N&D0&v3&H3&+0&!R:22].[c&D3&v4&H0&+0&R&z0:20]1:[c&D2&v4&H1&+0&R&z1:19]:[n&D2&v3&H1&+0&R:18]:[c&D3&v4&H0&+0&R&z1:17](-[C&D2&v4&H2&+0&!R&z0:16]-[c&D3&v4&H0&+0&R&z1:12]2:[n&D2&v3&H1&+0&R:11]:[c&D3&v4&H0&+0&R&z1:10](-[C&D2&v4&H2&+0&!R&z0:9]-[c&D3&v4&H0&+0&R&z1:5]3:[n&D2&v3&H1&+0&R:4]:[c&D3&v4&H0&+0&R&z1:3](-[C&D2&v4&H2&+0&!R&z0:2]-[c&D3&v4&H0&+0&R&z1:26]4:[n&D2&v3&H1&+0&R:25]:[c&D3&v4&H0&+0&R&z1:24](-[C&D2&v4&H2&+0&!R&z1:23]-[O&D1&v2&H1&+0&!R:29]):[c&D3&v4&H0&+0&R&z0:28]:[c&D3&v4&H0&+0&R&z0:27]:4):[c&D3&v4&H0&+0&R&z0:7]:[c&D3&v4&H0&+0&R&z0:6]:3):[c&D3&v4&H0&+0&R&z0:14]:[c&D3&v4&H0&+0&R&z0:13]:2):[c&D3&v4&H0&+0&R&z0:21]:1,[260],[1]
315,[N&D0&v3&H3&+0&!R:1].[N&D0&v3&H3&+0&!R:2].[N&D0&v3&H3&+0&!R:3].[N&D0&v3&H3&+0&!R:4].[c&D3&v4&H0&+0&R&z0:5]1:[c&D2&v4&H1&+0&R&z1:6]:[n&D2&v3&H1&+0&R:7]:[c&D3&v4&H0&+0&R&z1:8](-[C&D2&v4&H2&+0&!R&z0:9]-[c&D3&v4&H0&+0&R&z1:10]2:[n&D2&v3&H1&+0&R:11]:[c&D3&v4&H0&+0&R&z1:12](-[C&D2&v4&H2&+0&!R&z0:13]-[c&D3&v4&H0&+0&R&z1:14]3:[n&D2&v3&H1&+0&R:15]:[c&D3&v4&H0&+0&R&z1:16](-[C&D2&v4&H2&+0&!R&z0:17]-[c&D3&v4&H0&+0&R&z1:18]4:[n&D2&v3&H1&+0&R:19]:[c&D3&v4&H0&+0&R&z1:20](-[C&D2&v4&H2&+0&!R&z1:21]-[O&D1&v2&H1&+0&!R:22]):[c&D3&v4&H0&+0&R&z0:23]:[c&D3&v4&H0&+0&R&z0:24]:4):[c&D3&v4&H0&+0&R&z0:25]:[c&D3&v4&H0&+0&R&z0:26]:3):[c&D3&v4&H0&+0&R&z0:27]:[c&D3&v4&H0&+0&R&z0:28]:2):[c&D3&v4&H0&+0&R&z0:29]:1>>[N&D1&v3&H2&+0&!R:1]-[C&D2&v4&H2&+0&!R&z1:17]-[c&D3&v4&H0&+0&R&z1:16]1:[n&D2&v3&H1&+0&R:15]:[c&D2&v4&H1&+0&R&z1:14]:[c&D3&v4&H0&+0&R&z0:26]:[c&D3&v4&H0&+0&R&z0:25]:1.[N&D1&v3&H2&+0&!R:2]-[C&D2&v4&H2&+0&!R&z1:13]-[c&D3&v4&H0&+0&R&z1:12]1:[n&D2&v3&H1&+0&R:11]:[c&D2&v4&H1&+0&R&z1:10]:[c&D3&v4&H0&+0&R&z0:28]:[c&D3&v4&H0&+0&R&z0:27]:1.[N&D1&v3&H2&+0&!R:3]-[C&D2&v4&H2&+0&!R&z1:9]-[c&D3&v4&H0&+0&R&z1:8]1:[n&D2&v3&H1&+0&R:7]:[c&D2&v4&H1&+0&R&z1:6]:[c&D3&v4&H0&+0&R&z0:5]:[c&D3&v4&H0&+0&R&z0:29]:1.[N&D1&v3&H2&+0&!R:4]-[C&D2&v4&H2&+0&!R&z1:21]-[c&D3&v4&H0&+0&R&z1:20]1:[n&D2&v3&H1&+0&R:19]:[c&D2&v4&H1&+0&R&z1:18]:[c&D3&v4&H0&+0&R&z0:24]:[c&D3&v4&H0&+0&R&z0:23]:1.[O&D0&v2&H2&+0&!R:22],[260],[1]
316,([C&D1&v4&H3&+0&!R&z0:1]/[C&D3&v4&H0&+0&!R&z0:2](-[C&D1&v4&H3&+0&!R&z0:3])=[C&D2&v4&H1&+0&!R&z0:4]/[C&D2&v4&H2&+0&!R&z0:5]-[C&D2&v4&H2&+0&!R&z0:6][C&D3&v4&H0&+0&!R&z0:7](-[C&D1&v4&H3&+0&!R&z0:8])=[C&D2&v4&H1&+0&!R&z0:9].[C&D3&v4&H0&+0&!R&z0:10]=[C&D2&v4&H1&+0&!R&z0:11][C&D2&v4&H2&+0&!R&z1:12]-[O&D2&v2&H0&+0&!R:13]~[*:14](~[O&D1&v2&H0&+0&!R:15])(~[O&D1&v2&H1&+0&!R:16])~[*:17]~[*:18](~[O&D1&v2&H0&+0&!R:19])~[O&D1&v2&H1&+0&!R:20])>>[C&D1&v4&H2&+0&!R&z0:1]=[C&D3&v4&H0&+0&!R&z0:2](-[C&D1&v4&H3&+0&!R&z0:3])-[C&D3&v4&H1&+0&R&z0:4]1-[C&D2&v4&H2&+0&R&z0:5]-[C&D2&v4&H1&+0&R&z0:6]=[C&D3&v4&H0&+0&R&z0:7](-[C&D2&v4&H2&+0&R&z0:9])-[C&D4&v4&H0&+0&R&z0:11](-[C&D3&v4&H1&+0&R&z0:10])(-[C&D1&v4&H3&+0&!R&z0:8])-[C&D2&v4&H2&+0&R&z0:12]-1.[O&D1&v2&H0&+0&!R:19]~[*:18](~[O&D1&v2&H1&+0&!R:20])~[*:17]~[*:14](~[O&D1&v2&H0&+0&!R:15])(~[O&D1&v2&H1&+0&!R:16])~[O&D1&v2&H1&+0&!R:13],"[261, 261]","[1, 2]"
317,[C&D1&v4&H2&+0&!R&z0:1]=[C&D3&v4&H0&+0&!R&z0:2](-[C&D1&v4&H3&+0&!R&z0:3])-[C&D3&v4&H1&+0&R&z0:4]1-[C&D2&v4&H2&+0&R&z0:5]-[C&D2&v4&H1&+0&R&z0:6]=[C&D3&v4&H0&+0&R&z0:7](-[C&D2&v4&H2&+0&R&z0:8])-[C&D4&v4&H0&+0&R&z0:9](-[C&D3&v4&H1&+0&R&z0:10])(-[C&D1&v4&H3&+0&!R&z0:11])-[C&D2&v4&H2&+0&R&z0:12]-1.[O&D1&v2&H0&+0&!R:13]~[*:14](~[O&D1&v2&H1&+0&!R:15])~[*:16]~[*:17](~[O&D1&v2&H0&+0&!R:18])(~[O&D1&v2&H1&+0&!R:19])~[O&D1&v2&H1&+0&!R:20]>>([C&D1&v4&H3&+0&!R&z0:1]/[C&D3&v4&H0&+0&!R&z0:2](-[C&D1&v4&H3&+0&!R&z0:3])=[C&D2&v4&H1&+0&!R&z0:4]/[C&D2&v4&H2&+0&!R&z0:5]-[C&D2&v4&H2&+0&!R&z0:6][C&D3&v4&H0&+0&!R&z0:7](-[C&D1&v4&H3&+0&!R&z0:11])=[C&D2&v4&H1&+0&!R&z0:8].[C&D3&v4&H0&+0&!R&z0:10]=[C&D2&v4&H1&+0&!R&z0:9][C&D2&v4&H2&+0&!R&z1:12]-[O&D2&v2&H0&+0&!R:20]~[*:17](~[O&D1&v2&H0&+0&!R:18])(~[O&D1&v2&H1&+0&!R:19])~[*:16]~[*:14](~[O&D1&v2&H0&+0&!R:13])~[O&D1&v2&H1&+0&!R:15]),"[261, 261]","[1, 2]"
318,([C&D1&v4&H3&+0&!R&z0:1]/[C&D3&v4&H0&+0&!R&z0:2](=[C&D2&v4&H1&+0&!R&z0:3]\[C&D2&v4&H2&+0&!R&z0:4])-[C&D2&v4&H2&+0&!R&z0:5].[C&D2&v4&H1&+0&!R&z0:6]=[C&D3&v4&H0&+0&!R&z0:7]([C&D1&v4&H3&+0&!R&z0:8])-[C&D1&v4&H3&+0&!R&z0:9].[C&D3&v4&H0&+0&!R&z0:10]=[C&D2&v4&H1&+0&!R&z0:11][C&D2&v4&H2&+0&!R&z1:12]-[O&D2&v2&H0&+0&!R:13]~[*:14](~[O&D1&v2&H0&+0&!R:15])~[*:16]~[*:17](~[O&D1&v2&H1&+0&!R:18])~[O&D1&v2&H1&+0&!R:19])>>[*:17](~[O&D1&v2&H1&+0&!R:18])(~[O&D1&v2&H1&+0&!R:19])~[*:16]~[*:14](~[O&D1&v2&H0&+0&!R:15])~[O&D1&v2&H1&+0&!R:13].[C&D1&v4&H2&+0&!R&z0:9]=[C&D3&v4&H0&+0&R&z0:7](-[C&D2&v4&H2&+0&R&z0:6])-[C&D4&v4&H0&+0&R&z0:2](-[C&D2&v4&H2&+0&R&z0:5])(-[C&D1&v4&H3&+0&!R&z0:8])-[C&D4&v4&H0&+0&R&z0:3](-[C&D1&v4&H3&+0&!R&z0:1])(-[C&D2&v4&H2&+0&R&z0:12]-[C&D2&v4&H1&+0&R&z0:11]=[C&D3&v4&H0&+0&R&z0:10])-[C&D2&v4&H2&+0&R&z0:4],[262],[1]
319,[*:1](~[O&D1&v2&H1&+0&!R:2])(~[O&D1&v2&H1&+0&!R:3])~[*:4]~[*:5](~[O&D1&v2&H0&+0&!R:6])~[O&D1&v2&H1&+0&!R:7].[C&D1&v4&H2&+0&!R&z0:8]=[C&D3&v4&H0&+0&R&z0:9](-[C&D2&v4&H2&+0&R&z0:10])-[C&D4&v4&H0&+0&R&z0:11](-[C&D2&v4&H2&+0&R&z0:12])(-[C&D1&v4&H3&+0&!R&z0:13])-[C&D4&v4&H0&+0&R&z0:14](-[C&D1&v4&H3&+0&!R&z0:15])(-[C&D2&v4&H2&+0&R&z0:16]-[C&D2&v4&H1&+0&R&z0:17]=[C&D3&v4&H0&+0&R&z0:18])-[C&D2&v4&H2&+0&R&z0:19]>>([C&D1&v4&H3&+0&!R&z0:15]/[C&D3&v4&H0&+0&!R&z0:11](=[C&D2&v4&H1&+0&!R&z0:14]\[C&D2&v4&H2&+0&!R&z0:19])-[C&D2&v4&H2&+0&!R&z0:12].[C&D2&v4&H1&+0&!R&z0:10]=[C&D3&v4&H0&+0&!R&z0:9]([C&D1&v4&H3&+0&!R&z0:13])-[C&D1&v4&H3&+0&!R&z0:8].[C&D3&v4&H0&+0&!R&z0:18]=[C&D2&v4&H1&+0&!R&z0:17][C&D2&v4&H2&+0&!R&z1:16]-[O&D2&v2&H0&+0&!R:7]~[*:5](~[O&D1&v2&H0&+0&!R:6])~[*:4]~[*:1](~[O&D1&v2&H1&+0&!R:2])~[O&D1&v2&H1&+0&!R:3]),[262],[1]
320,([C&D1&v4&H3&+0&!R&z0:1]/[C&D3&v4&H0&+0&!R&z0:2](=[C&D2&v4&H1&+0&!R&z0:3]\[C&D2&v4&H2&+0&!R&z1:4]-[O&D2&v2&H0&+0&!R:5]~[*:6](~[O&D1&v2&H0&+0&!R:7])(~[O&D1&v2&H1&+0&!R:8])~[*:9]~[*:10](~[O&D1&v2&H0&+0&!R:11])~[O&D1&v2&H1&+0&!R:12])-[C&D2&v4&H2&+0&!R&z0:13].[C&D2&v4&H1&+0&!R&z0:14]=[C&D3&v4&H0&+0&!R&z0:15]([C&D1&v4&H3&+0&!R&z0:16])-[C&D2&v4&H2&+0&!R&z0:17].[C&D2&v4&H1&+0&!R&z0:18]=[C&D3&v4&H0&+0&!R&z0:19][C&D1&v4&H3&+0&!R&z0:20])>>[C&D3&v4&H0&+0&R&z0:19]1=[C&D3&v4&H0&+0&R&z0:18]-[C&D4&v4&H0&+0&R&z0:14](-[C@&D3&v4&H1&+0&R&z0:15](-[C&D2&v4&H2&+0&R&z0:17])-[C&D1&v4&H3&+0&!R&z0:16])-[C&D2&v4&H2&+0&R&z0:4]-[C&D3&v4&H1&+0&R&z0:3](-[C&D2&v4&H2&+0&R&z0:13])-[C&D4&v4&H0&+0&R&z0:2]-1(-[C&D1&v4&H3&+0&!R&z0:1])-[C&D1&v4&H3&+0&!R&z0:20].[O&D1&v2&H0&+0&!R:11]~[*:10](~[O&D1&v2&H1&+0&!R:12])~[*:9]~[*:6](~[O&D1&v2&H0&+0&!R:7])(~[O&D1&v2&H1&+0&!R:8])~[O&D1&v2&H1&+0&!R:5],[263],[1]
321,[C&D3&v4&H0&+0&R&z0:1]1=[C&D3&v4&H0&+0&R&z0:2]-[C&D4&v4&H0&+0&R&z0:3](-[C@&D3&v4&H1&+0&R&z0:4](-[C&D2&v4&H2&+0&R&z0:5])-[C&D1&v4&H3&+0&!R&z0:6])-[C&D2&v4&H2&+0&R&z0:7]-[C&D3&v4&H1&+0&R&z0:8](-[C&D2&v4&H2&+0&R&z0:9])-[C&D4&v4&H0&+0&R&z0:10]-1(-[C&D1&v4&H3&+0&!R&z0:11])-[C&D1&v4&H3&+0&!R&z0:12].[O&D1&v2&H0&+0&!R:13]~[*:14](~[O&D1&v2&H1&+0&!R:15])~[*:16]~[*:17](~[O&D1&v2&H0&+0&!R:18])(~[O&D1&v2&H1&+0&!R:19])~[O&D1&v2&H1&+0&!R:20]>>([C&D1&v4&H3&+0&!R&z0:11]/[C&D3&v4&H0&+0&!R&z0:10](=[C&D2&v4&H1&+0&!R&z0:8]\[C&D2&v4&H2&+0&!R&z1:7]-[O&D2&v2&H0&+0&!R:20]~[*:17](~[O&D1&v2&H0&+0&!R:18])(~[O&D1&v2&H1&+0&!R:19])~[*:16]~[*:14](~[O&D1&v2&H0&+0&!R:13])~[O&D1&v2&H1&+0&!R:15])-[C&D2&v4&H2&+0&!R&z0:9].[C&D2&v4&H1&+0&!R&z0:3]=[C&D3&v4&H0&+0&!R&z0:4]([C&D1&v4&H3&+0&!R&z0:6])-[C&D2&v4&H2&+0&!R&z0:5].[C&D2&v4&H1&+0&!R&z0:2]=[C&D3&v4&H0&+0&!R&z0:1][C&D1&v4&H3&+0&!R&z0:12]),[263],[1]
322,[C&D1&v4&H3&+0&!R&z0:1]/[C&D3&v4&H0&+0&!R&z0:2](=[C&D2&v4&H1&+0&!R&z0:3]\[C&D2&v4&H2&+0&!R&z1:4]-[O&D2&v2&H0&+0&!R:5]~[*:6](~[O&D1&v2&H0&+0&!R:7])(~[O&D1&v2&H1&+0&!R:8])~[*:9]~[*:10](~[O&D1&v2&H1&+0&!R:11])~[O&D1&v2&H1&+0&!R:12])-[C&D2&v4&H2&+0&!R&z0:13].[C&D1&v4&H3&+0&!R&z0:14]/[C&D3&v4&H0&+0&!R&z0:15](=[C&D2&v4&H1&+0&!R&z0:16]\[C&D2&v4&H2&+0&!R&z1:17]-[O&D2&v2&H0&+0&!R:18]~[*:19](~[O&D1&v2&H0&+0&!R:20])(~[O&D1&v2&H1&+0&!R:21])~[*:22]~[*:23](~[O&D1&v2&H1&+0&!R:24])~[O&D1&v2&H1&+0&!R:25])-[C&D2&v4&H2&+0&!R&z0:26].[C&D2&v4&H1&+0&!R&z0:27]-[C@@&D3&v4&H1&+0&R&z0:28]1-[C&D2&v2&H0&+0&R&z0:29]-[C&D2&v4&H2&+0&R&z0:30]-[C@@&D3&v4&H1&+0&R&z0:31]-1-[C&D2&v4&H2&+0&!R&z0:32].[C&D3&v4&H0&+0&R&z0:33]1=[C&D2&v4&H1&+0&R&z1:34]-[N&D3&v3&H0&+0&R:35]-[C&D2&v4&H1&+0&R&z1:36]=[C&D2&v4&H1&+0&R&z0:37]-[C&D2&v4&H2&+0&R&z0:38]-1>>[C&D1&v4&H3&+0&!R&z0:1]-[C&D3&v4&H0&+0&!R&z0:2](=[C&D2&v4&H1&+0&!R&z0:3]-[C@@&D3&v4&H1&+0&R&z0:4]1-[C&D2&v2&H0&+0&R&z0:16]-[C&D2&v4&H2&+0&R&z0:17]-[C@@&D4&v4&H0&+0&R&z0:15]-1(-[C&D1&v4&H3&+0&!R&z0:14])-[C&D2&v4&H2&+0&!R&z0:26])-[C&D2&v4&H2&+0&!R&z0:13].[C&D2&v4&H1&+0&!R&z0:27]/[C&D2&v4&H1&+0&!R&z0:28]=[C&D2&v4&H1&+0&!R&z0:29]\[C&D2&v4&H2&+0&!R&z0:30]-[C&D2&v4&H2&+0&!R&z0:31]-[C&D2&v4&H2&+0&!R&z0:32].[O&D1&v2&H0&+0&!R:7]~[*:6](~[O&D1&v2&H1&+0&!R:5])(~[O&D1&v2&H1&+0&!R:8])~[*:9]~[*:10](~[O&D1&v2&H1&+0&!R:11])~[O&D1&v2&H1&+0&!R:12].[O&D1&v2&H0&+0&!R:20]~[*:19](~[O&D1&v2&H1&+0&!R:18])(~[O&D1&v2&H1&+0&!R:21])~[*:22]~[*:23](~[O&D1&v2&H1&+0&!R:25])~[O&D1&v2&H1&+0&!R:24].[c&D3&v4&H0&+0&R&z0:33]1:[c&D2&v4&H1&+0&R&z0:38]:[c&D2&v4&H1&+0&R&z0:37]:[c&D2&v4&H1&+0&R&z1:36]:[n&D3&v4&H0&+&R:35]:[c&D2&v4&H1&+0&R&z1:34]:1,[264],[1]
323,[C&D1&v4&H3&+0&!R&z0:1]-[C&D3&v4&H0&+0&!R&z0:2](=[C&D2&v4&H1&+0&!R&z0:3]-[C@@&D3&v4&H1&+0&R&z0:4]1-[C&D2&v2&H0&+0&R&z0:5]-[C&D2&v4&H2&+0&R&z0:6]-[C@@&D4&v4&H0&+0&R&z0:7]-1(-[C&D1&v4&H3&+0&!R&z0:8])-[C&D2&v4&H2&+0&!R&z0:9])-[C&D2&v4&H2&+0&!R&z0:10].[C&D2&v4&H1&+0&!R&z0:11]/[C&D2&v4&H1&+0&!R&z0:12]=[C&D2&v4&H1&+0&!R&z0:13]\[C&D2&v4&H2&+0&!R&z0:14]-[C&D2&v4&H2&+0&!R&z0:15]-[C&D2&v4&H2&+0&!R&z0:16].[O&D1&v2&H0&+0&!R:17]~[*:18](~[O&D1&v2&H1&+0&!R:19])(~[O&D1&v2&H1&+0&!R:20])~[*:21]~[*:22](~[O&D1&v2&H1&+0&!R:23])~[O&D1&v2&H1&+0&!R:24].[O&D1&v2&H0&+0&!R:25]~[*:26](~[O&D1&v2&H1&+0&!R:27])(~[O&D1&v2&H1&+0&!R:28])~[*:29]~[*:30](~[O&D1&v2&H1&+0&!R:31])~[O&D1&v2&H1&+0&!R:32].[c&D3&v4&H0&+0&R&z0:33]1:[c&D2&v4&H1&+0&R&z0:34]:[c&D2&v4&H1&+0&R&z0:35]:[c&D2&v4&H1&+0&R&z1:36]:[n&D3&v4&H0&+&R:37]:[c&D2&v4&H1&+0&R&z1:38]:1>>[C&D1&v4&H3&+0&!R&z0:1]/[C&D3&v4&H0&+0&!R&z0:2](=[C&D2&v4&H1&+0&!R&z0:3]\[C&D2&v4&H2&+0&!R&z1:4]-[O&D2&v2&H0&+0&!R:19]~[*:18](~[O&D1&v2&H0&+0&!R:17])(~[O&D1&v2&H1&+0&!R:20])~[*:21]~[*:22](~[O&D1&v2&H1&+0&!R:23])~[O&D1&v2&H1&+0&!R:24])-[C&D2&v4&H2&+0&!R&z0:10].[C&D1&v4&H3&+0&!R&z0:8]/[C&D3&v4&H0&+0&!R&z0:7](=[C&D2&v4&H1&+0&!R&z0:5]\[C&D2&v4&H2&+0&!R&z1:6]-[O&D2&v2&H0&+0&!R:27]~[*:26](~[O&D1&v2&H0&+0&!R:25])(~[O&D1&v2&H1&+0&!R:28])~[*:29]~[*:30](~[O&D1&v2&H1&+0&!R:32])~[O&D1&v2&H1&+0&!R:31])-[C&D2&v4&H2&+0&!R&z0:9].[C&D2&v4&H1&+0&!R&z0:11]-[C@@&D3&v4&H1&+0&R&z0:12]1-[C&D2&v2&H0&+0&R&z0:13]-[C&D2&v4&H2&+0&R&z0:14]-[C@@&D3&v4&H1&+0&R&z0:15]-1-[C&D2&v4&H2&+0&!R&z0:16].[C&D3&v4&H0&+0&R&z0:33]1=[C&D2&v4&H1&+0&R&z1:38]-[N&D3&v3&H0&+0&R:37]-[C&D2&v4&H1&+0&R&z1:36]=[C&D2&v4&H1&+0&R&z0:35]-[C&D2&v4&H2&+0&R&z0:34]-1,[264],[1]
324,([C&D1&v4&H3&+0&!R&z0:1]/[C&D3&v4&H0&+0&!R&z0:2](=[C&D2&v4&H1&+0&!R&z0:3]\[C&D2&v4&H2&+0&!R&z1:4]-[O&D2&v2&H0&+0&!R:5])-[C&D2&v4&H2&+0&!R&z0:6].[C&D2&v4&H1&+0&!R&z0:7]=[C&D3&v4&H0&+0&!R&z0:8]([C&D1&v4&H3&+0&!R&z0:9])-[C&D2&v4&H2&+0&!R&z0:10].[C&D2&v4&H1&+0&!R&z0:11]=[C&D3&v4&H0&+0&!R&z0:12][C&D1&v4&H3&+0&!R&z0:13])>>[C&D1&v4&H2&+0&!R&z0:13]=[C&D3&v4&H0&+0&!R&z0:12]-[C&D3&v4&H1&+0&R&z0:11]-[C&D2&v4&H2&+0&R&z0:4]-[C&D4&v4&H0&+0&R&z0:3](-[C&D3&v4&H0&+0&R&z0:8](=[C&D2&v4&H1&+0&R&z0:10])-[C&D2&v4&H2&+0&R&z0:7])(-[C&D3&v4&H1&+0&R&z0:2](-[C&D2&v4&H2&+0&R&z0:6])-[C&D1&v4&H3&+0&!R&z0:1])-[C&D1&v4&H3&+0&!R&z0:9].[O&D1&v2&H1&+0&!R:5],[265],[1]
325,[C&D1&v4&H2&+0&!R&z0:1]=[C&D3&v4&H0&+0&!R&z0:2]-[C&D3&v4&H1&+0&R&z0:3]-[C&D2&v4&H2&+0&R&z0:4]-[C&D4&v4&H0&+0&R&z0:5](-[C&D3&v4&H0&+0&R&z0:6](=[C&D2&v4&H1&+0&R&z0:7])-[C&D2&v4&H2&+0&R&z0:8])(-[C&D3&v4&H1&+0&R&z0:9](-[C&D2&v4&H2&+0&R&z0:10])-[C&D1&v4&H3&+0&!R&z0:11])-[C&D1&v4&H3&+0&!R&z0:12].[O&D1&v2&H1&+0&!R:13]>>([C&D1&v4&H3&+0&!R&z0:11]/[C&D3&v4&H0&+0&!R&z0:9](=[C&D2&v4&H1&+0&!R&z0:5]\[C&D2&v4&H2&+0&!R&z1:4]-[O&D2&v2&H0&+0&!R:13])-[C&D2&v4&H2&+0&!R&z0:10].[C&D2&v4&H1&+0&!R&z0:8]=[C&D3&v4&H0&+0&!R&z0:6]([C&D1&v4&H3&+0&!R&z0:12])-[C&D2&v4&H2&+0&!R&z0:7].[C&D2&v4&H1&+0&!R&z0:3]=[C&D3&v4&H0&+0&!R&z0:2][C&D1&v4&H3&+0&!R&z0:1]),[265],[1]
326,[C&D1&v4&H3&+0&!R&z0:1]-[C&D3&v4&H0&+0&!R&z1:2]=[O&D1&v2&H0&+0&!R:3].([C&D2&v4&H2&+0&!R&z0:4]-[C&D3&v4&H1&+0&!R&z2:5](-[O&D1&v2&H1&+0&!R:6])-[O&D1&v2&H1&+0&!R:7].[N&D1&v3&H2&+0&!R:8])>>[C&D3&v4&H0&+0&R&z1:2](=[N&D2&v3&H0&+0&R:8])-[C&D2&v4&H2&+0&R&z0:1]-[C@@&D3&v4&H1&+0&R&z1:5](-[C&D2&v4&H2&+0&R&z0:4])-[O&D1&v2&H1&+0&!R:7].[O&D0&v2&H2&+0&!R:3].[O&D0&v2&H2&+0&!R:6],[267],[1]
327,[C&D3&v4&H0&+0&R&z1:1](=[N&D2&v3&H0&+0&R:2])-[C&D2&v4&H2&+0&R&z0:3]-[C@@&D3&v4&H1&+0&R&z1:4](-[C&D2&v4&H2&+0&R&z0:5])-[O&D1&v2&H1&+0&!R:6].[O&D0&v2&H2&+0&!R:7].[O&D0&v2&H2&+0&!R:8]>>[C&D1&v4&H3&+0&!R&z0:3]-[C&D3&v4&H0&+0&!R&z1:1]=[O&D1&v2&H0&+0&!R:7].([C&D2&v4&H2&+0&!R&z0:5]-[C&D3&v4&H1&+0&!R&z2:4](-[O&D1&v2&H1&+0&!R:8])-[O&D1&v2&H1&+0&!R:6].[N&D1&v3&H2&+0&!R:2]),[267],[1]
328,([O&D1&v2&H0&+0&!R:1]=[C&D3&v4&H0&+0&!R&z2:2](-[O&D1&v2&H1&+0&!R:3])/[C&D2&v4&H1&+0&!R&z0:4]=[C&D2&v4&H1&+0&!R&z0:5]\[C&D2&v4&H1&+0&!R&z0:6].[O&D1&v2&H1&+0&!R:7])>>[O&D1&v2&H0&+0&!R:1]=[C&D3&v4&H0&+0&!R&z2:2](-[O&D1&v2&H1&+0&!R:3])-[C&D2&v4&H2&+0&!R&z0:4]-[C&D3&v4&H1&+0&R&z1:5](-[C&D2&v4&H1&+0&R&z0:6])-[O&D2&v2&H0&+0&R:7],[269],[2]
329,[O&D1&v2&H0&+0&!R:1]=[C&D3&v4&H0&+0&!R&z2:2](-[O&D1&v2&H1&+0&!R:3])-[C&D2&v4&H2&+0&!R&z0:4]-[C&D3&v4&H1&+0&R&z1:5](-[C&D2&v4&H1&+0&R&z0:6])-[O&D2&v2&H0&+0&R:7]>>([O&D1&v2&H0&+0&!R:1]=[C&D3&v4&H0&+0&!R&z2:2](-[O&D1&v2&H1&+0&!R:3])/[C&D2&v4&H1&+0&!R&z0:4]=[C&D2&v4&H1&+0&!R&z0:5]\[C&D2&v4&H1&+0&!R&z0:6].[O&D1&v2&H1&+0&!R:7]),[269],[2]
330,[C&D1&v4&H2&+0&!R&z0:1]=[C&D3&v4&H0&+0&!R&z1:2](-[O&D2&v2&H0&+0&!R:3]-[P&D4&v5&H0&+0&!R:4])~[*:5]~[O&D1&v2&H1&+0&!R:6]>>[*:5](~[O&D1&v2&H1&+0&!R:6])~[C&D3&v4&H0&+0&!R&z1:2](=[O&D1&v2&H0&+0&!R:3])-[C&D2&v4&H2&+0&!R&z1:1]-[P&D4&v5&H0&+0&!R:4],"[271, 271]","[1, 2]"
331,[*:1](~[O&D1&v2&H1&+0&!R:2])~[C&D3&v4&H0&+0&!R&z1:3](=[O&D1&v2&H0&+0&!R:4])-[C&D2&v4&H2&+0&!R&z1:5]-[P&D4&v5&H0&+0&!R:6]>>[C&D1&v4&H2&+0&!R&z0:5]=[C&D3&v4&H0&+0&!R&z1:3](-[O&D2&v2&H0&+0&!R:4]-[P&D4&v5&H0&+0&!R:6])~[*:1]~[O&D1&v2&H1&+0&!R:2],"[271, 271]","[1, 2]"
332,[C&D2&v4&H2&+0&!R&z0:1]-[C&D3&v4&H0&+0&!R&z2:2]=[O&D1&v2&H0&+0&!R:3].[O&D1&v2&H0&+0&!R:4]=[C&D2&v4&H1&+0&!R&z1:5]~[*:6]~[O&D1&v2&H1&+0&!R:7]>>[C&D3&v4&H1&+0&!R&z0:1](-[C&D3&v4&H0&+0&!R&z2:2]=[O&D1&v2&H0&+0&!R:3])-[C&D3&v4&H1&+0&!R&z1:5](-[O&D1&v2&H1&+0&!R:4])~[*:6]~[O&D1&v2&H1&+0&!R:7],[272],[1]
333,[C&D3&v4&H1&+0&!R&z0:1](-[C&D3&v4&H0&+0&!R&z2:2]=[O&D1&v2&H0&+0&!R:3])-[C&D3&v4&H1&+0&!R&z1:4](-[O&D1&v2&H1&+0&!R:5])~[*:6]~[O&D1&v2&H1&+0&!R:7]>>[C&D2&v4&H2&+0&!R&z0:1]-[C&D3&v4&H0&+0&!R&z2:2]=[O&D1&v2&H0&+0&!R:3].[O&D1&v2&H0&+0&!R:5]=[C&D2&v4&H1&+0&!R&z1:4]~[*:6]~[O&D1&v2&H1&+0&!R:7],[272],[1]
334,[O&D2&v2&H0&+0&!R:1]-[S&D4&v6&H0&+0&!R:2]=[O&D1&v2&H0&+0&!R:3].[S&D1&v2&H1&+0&!R:4].[S&D1&v2&H1&+0&!R:5]>>[O&D1&v2&H1&+0&!R:1].[S&D2&v2&H0&+0&!R:4]-[S&D2&v2&H0&+0&!R:5].[S&D3&v4&H0&+0&!R:2]-[O&D1&v2&H1&+0&!R:3],[279],[1]
335,[O&D1&v2&H1&+0&!R:1].[S&D2&v2&H0&+0&!R:2]-[S&D2&v2&H0&+0&!R:3].[S&D3&v4&H0&+0&!R:4]-[O&D1&v2&H1&+0&!R:5]>>[O&D2&v2&H0&+0&!R:1]-[S&D4&v6&H0&+0&!R:4]=[O&D1&v2&H0&+0&!R:5].[S&D1&v2&H1&+0&!R:2].[S&D1&v2&H1&+0&!R:3],[279],[1]
336,[C&D3&v4&H0&+0&!R&z1:1](=[O&D1&v2&H0&+0&!R:2])-[C&D3&v4&H0&+0&!R&z2:3]-[O&D1&v2&H1&+0&!R:4].[S&D2&v2&H0&+0&R:5]-[S&D2&v2&H0&+0&R:6]>>[O&D1&v2&H0&+0&!R:4]=[C&D2&v4&H0&+0&!R&z2:3].([S&D1&v2&H1&+0&!R:6].[S&D2&v2&H0&+0&!R:5]-[C&D3&v4&H0&+0&!R&z2:1]=[O&D1&v2&H0&+0&!R:2]),[280],[1]
337,[O&D1&v2&H0&+0&!R:1]=[C&D2&v4&H0&+0&!R&z2:2].([S&D1&v2&H1&+0&!R:3].[S&D2&v2&H0&+0&!R:4]-[C&D3&v4&H0&+0&!R&z2:5]=[O&D1&v2&H0&+0&!R:6])>>[C&D3&v4&H0&+0&!R&z1:5](=[O&D1&v2&H0&+0&!R:6])-[C&D3&v4&H0&+0&!R&z2:2]-[O&D1&v2&H1&+0&!R:1].[S&D2&v2&H0&+0&R:4]-[S&D2&v2&H0&+0&R:3],[280],[1]
338,[O&D1&v2&H1&+0&!R:1].[O&D2&v2&H0&+0&!R:2]-[P&D4&v5&H0&+0&!R:3]=[O&D1&v2&H0&+0&!R:4]>>[O&D1&v2&H1&+0&!R:2].[O&D2&v2&H0&+0&!R:1]-[P&D4&v5&H0&+0&!R:3]=[O&D1&v2&H0&+0&!R:4],"[282, 282]","[1, 1]"
339,[N&D1&v3&H1&+0&!R:1]=[C&D2&v4&H0&+0&!R&z2:2]=[S&D1&v2&H0&+0&!R:3].[O&D0&v2&H2&+0&!R:4]>>[N&D0&v3&H3&+0&!R:1].[O&D1&v2&H0&+0&!R:4]=[C&D2&v4&H0&+0&!R&z2:2]=[S&D1&v2&H0&+0&!R:3],[284],[1]
340,[N&D0&v3&H3&+0&!R:1].[O&D1&v2&H0&+0&!R:2]=[C&D2&v4&H0&+0&!R&z2:3]=[S&D1&v2&H0&+0&!R:4]>>[N&D1&v3&H1&+0&!R:1]=[C&D2&v4&H0&+0&!R&z2:3]=[S&D1&v2&H0&+0&!R:4].[O&D0&v2&H2&+0&!R:2],[284],[1]
341,[C&D2&v4&H2&+0&!R&z1:1]-[C@&D3&v4&H1&+0&R&z1:2]1-[O&D2&v2&H0&+0&R:3]-[C@@&D3&v4&H1&+0&R&z2:4](-[O&D2&v2&H0&+0&!R:5])-[C@@&D3&v4&H1&+0&R&z1:6](-[O&D1&v2&H1&+0&!R:7])-[C@&D3&v4&H1&+0&R&z1:8](-[O&D1&v2&H1&+0&!R:9])-[C@@&D3&v4&H1&+0&R&z1:10]-1-[O&D1&v2&H1&+0&!R:11].[O&D0&v2&H2&+0&!R:12]>>[C&D2&v4&H2&+0&!R&z1:1]-[C@&D3&v4&H1&+0&R&z1:2]1-[O&D2&v2&H0&+0&R:3]-[C&D3&v4&H1&+0&R&z2:4](-[O&D1&v2&H1&+0&!R:12])-[C@@&D3&v4&H1&+0&R&z1:6](-[O&D1&v2&H1&+0&!R:7])-[C@&D3&v4&H1&+0&R&z1:8](-[O&D1&v2&H1&+0&!R:9])-[C@@&D3&v4&H1&+0&R&z1:10]-1-[O&D1&v2&H1&+0&!R:11].[O&D1&v2&H1&+0&!R:5],[285],[1]
342,[C&D2&v4&H2&+0&!R&z1:1]-[C@&D3&v4&H1&+0&R&z1:2]1-[O&D2&v2&H0&+0&R:3]-[C&D3&v4&H1&+0&R&z2:4](-[O&D1&v2&H1&+0&!R:5])-[C@@&D3&v4&H1&+0&R&z1:6](-[O&D1&v2&H1&+0&!R:7])-[C@&D3&v4&H1&+0&R&z1:8](-[O&D1&v2&H1&+0&!R:9])-[C@@&D3&v4&H1&+0&R&z1:10]-1-[O&D1&v2&H1&+0&!R:11].[O&D1&v2&H1&+0&!R:12]>>[C&D2&v4&H2&+0&!R&z1:1]-[C@&D3&v4&H1&+0&R&z1:2]1-[O&D2&v2&H0&+0&R:3]-[C@@&D3&v4&H1&+0&R&z2:4](-[O&D2&v2&H0&+0&!R:12])-[C@@&D3&v4&H1&+0&R&z1:6](-[O&D1&v2&H1&+0&!R:7])-[C@&D3&v4&H1&+0&R&z1:8](-[O&D1&v2&H1&+0&!R:9])-[C@@&D3&v4&H1&+0&R&z1:10]-1-[O&D1&v2&H1&+0&!R:11].[O&D0&v2&H2&+0&!R:5],[285],[1]
343,[C&D3&v4&H0&+0&!R&z2:1]-[C@&D3&v4&H1&+0&!R&z1:2](-[N&D1&v3&H2&+0&!R:3])-[C&D2&v4&H2&+0&!R&z1:4]-[O&D2&v2&H0&+0&!R:5].[O&D0&v2&H2&+0&!R:6].[P&D4&v5&H0&+0&!R:7]-[#34&H1:8]>>[C&D3&v4&H0&+0&!R&z2:1]-[C&D3&v4&H1&+0&!R&z1:2](-[N&D1&v3&H2&+0&!R:3])-[C&D2&v4&H2&+0&!R&z1:4]-[#34&H1:8].[O&D1&v2&H1&+0&!R:5].[P&D4&v5&H0&+0&!R:7]-[O&D1&v2&H1&+0&!R:6],[286],[1]
344,[C&D3&v4&H0&+0&!R&z2:1]-[C&D3&v4&H1&+0&!R&z1:2](-[N&D1&v3&H2&+0&!R:3])-[C&D2&v4&H2&+0&!R&z1:4]-[#34&H1:5].[O&D1&v2&H1&+0&!R:6].[P&D4&v5&H0&+0&!R:7]-[O&D1&v2&H1&+0&!R:8]>>[C&D3&v4&H0&+0&!R&z2:1]-[C@&D3&v4&H1&+0&!R&z1:2](-[N&D1&v3&H2&+0&!R:3])-[C&D2&v4&H2&+0&!R&z1:4]-[O&D2&v2&H0&+0&!R:6].[O&D0&v2&H2&+0&!R:8].[P&D4&v5&H0&+0&!R:7]-[#34&H1:5],[286],[1]
345,[O&D1&v2&H1&+0&!R:1].[P&D4&v5&H0&+0&!R:2](=[O&D1&v2&H0&+0&!R:3])(-[O&D1&v2&H1&+0&!R:4])-[O&D2&v2&H0&+0&!R:5]~[*:6]~[*:7]~[*:8]~[O&D1&v2&H1&+0&!R:9]>>[*:6](~[O&D1&v2&H1&+0&!R:5])~[*:7]~[*:8]~[O&D1&v2&H1&+0&!R:9].[P&D4&v5&H0&+0&!R:2](=[O&D1&v2&H0&+0&!R:4])(-[O&D1&v2&H1&+0&!R:3])-[O&D2&v2&H0&+0&!R:1],[287],[1]
346,[*:1](~[O&D1&v2&H1&+0&!R:2])~[*:3]~[*:4]~[O&D1&v2&H1&+0&!R:5].[P&D4&v5&H0&+0&!R:6](=[O&D1&v2&H0&+0&!R:7])(-[O&D1&v2&H1&+0&!R:8])-[O&D2&v2&H0&+0&!R:9]>>[O&D1&v2&H1&+0&!R:9].[P&D4&v5&H0&+0&!R:6](=[O&D1&v2&H0&+0&!R:8])(-[O&D1&v2&H1&+0&!R:7])-[O&D2&v2&H0&+0&!R:2]~[*:1]~[*:3]~[*:4]~[O&D1&v2&H1&+0&!R:5],[287],[1]
347,[*:1](~[O&D1&v2&H1&+0&!R:2])~[O&D1&v2&H1&+0&!R:3].[O&D2&v2&H0&+0&!R:4]-[P&D4&v5&H0&+0&!R:5]=[O&D1&v2&H0&+0&!R:6]>>[*:1](~[O&D1&v2&H1&+0&!R:3])~[O&D2&v2&H0&+0&!R:2]-[P&D4&v5&H0&+0&!R:5]=[O&D1&v2&H0&+0&!R:6].[O&D1&v2&H1&+0&!R:4],[290],[1]
348,[*:1](~[O&D1&v2&H1&+0&!R:2])~[O&D2&v2&H0&+0&!R:3]-[P&D4&v5&H0&+0&!R:4]=[O&D1&v2&H0&+0&!R:5].[O&D1&v2&H1&+0&!R:6]>>[*:1](~[O&D1&v2&H1&+0&!R:3])~[O&D1&v2&H1&+0&!R:2].[O&D2&v2&H0&+0&!R:6]-[P&D4&v5&H0&+0&!R:4]=[O&D1&v2&H0&+0&!R:5],[290],[1]
349,[S&D1&v2&H1&+0&!R:1].[S&D2&v2&H0&+0&!R:2]-[C&D3&v4&H0&+0&!R&z2:3]=[O&D1&v2&H0&+0&!R:4]>>[S&D1&v2&H1&+0&!R:2].[S&D2&v2&H0&+0&!R:1]-[C&D3&v4&H0&+0&!R&z2:3]=[O&D1&v2&H0&+0&!R:4],"[291, 291, 704, 704]","[1, 1, 1, 1]"
350,[C&D2&v4&H2&+0&!R&z0:1]-[C&D3&v4&H0&+0&!R&z2:2]-[O&D1&v2&H1&+0&!R:3].[S&D2&v2&H0&+0&!R:4]-[C&D3&v4&H0&+0&!R&z3:5]=[O&D1&v2&H0&+0&!R:6]>>[C&D2&v4&H2&+0&!R&z0:1]-[C&D3&v4&H0&+0&!R&z2:5]=[O&D1&v2&H0&+0&!R:6].[O&D1&v2&H0&+0&!R:3]=[C&D2&v4&H0&+0&!R&z2:2].[S&D1&v2&H1&+0&!R:4],[292],[1]
351,[C&D2&v4&H2&+0&!R&z0:1]-[C&D3&v4&H0&+0&!R&z2:2]=[O&D1&v2&H0&+0&!R:3].[O&D1&v2&H0&+0&!R:4]=[C&D2&v4&H0&+0&!R&z2:5].[S&D1&v2&H1&+0&!R:6]>>[C&D2&v4&H2&+0&!R&z0:1]-[C&D3&v4&H0&+0&!R&z2:5]-[O&D1&v2&H1&+0&!R:4].[S&D2&v2&H0&+0&!R:6]-[C&D3&v4&H0&+0&!R&z3:2]=[O&D1&v2&H0&+0&!R:3],[292],[1]
352,[*:1](~[H1@:2]~[*:3]~[H1@:4]~[*:5]~[*:6]~[*:7]~[O&D1&v2&H1&+0&!R:8]):[c&D2&v4&H1&+0&R&z1:9]:[c&D2&v4&H1&+0&R&z0:10].[C&D1&v4&H3&+0&!R&z1:11]-[S&D3&v3&H0&+&!R:12]>>[*:1](~[H1@:2]~[*:3]~[H1@:4]~[*:5]~[*:6]~[*:7]~[O&D1&v2&H1&+0&!R:8]):[c&D2&v4&H1&+0&R&z1:9]:[c&D3&v4&H0&+0&R&z0:10]-[C&D1&v4&H3&+0&!R&z0:11].[S&D2&v2&H0&+0&!R:12],[293],[1]
353,[*:1](~[H1@:2]~[*:3]~[H1@:4]~[*:5]~[*:6]~[*:7]~[O&D1&v2&H1&+0&!R:8]):[c&D2&v4&H1&+0&R&z1:9]:[c&D3&v4&H0&+0&R&z0:10]-[C&D1&v4&H3&+0&!R&z0:11].[S&D2&v2&H0&+0&!R:12]>>[*:1](~[H1@:2]~[*:3]~[H1@:4]~[*:5]~[*:6]~[*:7]~[O&D1&v2&H1&+0&!R:8]):[c&D2&v4&H1&+0&R&z1:9]:[c&D2&v4&H1&+0&R&z0:10].[C&D1&v4&H3&+0&!R&z1:11]-[S&D3&v3&H0&+&!R:12],[293],[1]
354,[O&D2&v2&H0&+0&!R:1]-[C&D1&v4&H3&+0&!R&z1:2].[S&D1&v2&H1&+0&!R:3]>>[O&D1&v2&H1&+0&!R:1].[S&D2&v2&H0&+0&!R:3]-[C&D1&v4&H3&+0&!R&z1:2],[295],[1]
355,[O&D1&v2&H1&+0&!R:1].[S&D2&v2&H0&+0&!R:2]-[C&D1&v4&H3&+0&!R&z1:3]>>[O&D2&v2&H0&+0&!R:1]-[C&D1&v4&H3&+0&!R&z1:3].[S&D1&v2&H1&+0&!R:2],[295],[1]
356,[O&D1&v2&H1&+0&!R:1].[P&D4&v5&H0&+0&!R:2](-[O&D1&v2&H1&+0&!R:3])-[O&D2&v2&H0&+0&!R:4]~[*:5]~[O&D1&v2&H1&+0&!R:6]>>[*:5](~[O&D1&v2&H1&+0&!R:4])~[O&D1&v2&H1&+0&!R:6].[P&D4&v5&H0&+0&!R:2](-[O&D1&v2&H1&+0&!R:3])-[O&D2&v2&H0&+0&!R:1],[296],[1]
357,[*:1](~[O&D1&v2&H1&+0&!R:2])~[O&D1&v2&H1&+0&!R:3].[P&D4&v5&H0&+0&!R:4](-[O&D1&v2&H1&+0&!R:5])-[O&D2&v2&H0&+0&!R:6]>>[O&D1&v2&H1&+0&!R:6].[P&D4&v5&H0&+0&!R:4](-[O&D1&v2&H1&+0&!R:5])-[O&D2&v2&H0&+0&!R:2]~[*:1]~[O&D1&v2&H1&+0&!R:3],[296],[1]
358,[C&D2&v4&H2&+0&!R&z2:1]-[#80:2].[S&D1&v2&H1&+0&!R:3].[S&D1&v2&H1&+0&!R:4]>>[C&D1&v4&H3&+0&!R&z1:1].[S&D2&v2&H0&+0&!R:3]-[#80&H1:2]-[S&D2&v2&H0&+0&!R:4],"[297, 297]","[1, 2]"
359,[C&D1&v4&H3&+0&!R&z1:1].[S&D2&v2&H0&+0&!R:2]-[#80&H1:3]-[S&D2&v2&H0&+0&!R:4]>>[C&D2&v4&H2&+0&!R&z2:1]-[#80:3].[S&D1&v2&H1&+0&!R:2].[S&D1&v2&H1&+0&!R:4],"[297, 297]","[1, 2]"
360,[O&D1&v2&H0&+0&!R:1]=[C&D2&v4&H1&+0&!R&z1:2].[O&D1&v2&H0&+0&!R:3]=[C&D2&v4&H1&+0&!R&z1:4]-[C&D3&v4&H0&+0&!R&z2:5]-[O&D1&v2&H1&+0&!R:6]>>[C&D2&v4&H0&+0&!R&z2:5]=[O&D1&v2&H0&+0&!R:6].[O&D1&v2&H0&+0&!R:3]=[C&D2&v4&H1&+0&!R&z1:4]-[C&D3&v4&H1&+0&!R&z1:2]-[O&D1&v2&H1&+0&!R:1],[298],[1]
361,[C&D2&v4&H0&+0&!R&z2:1]=[O&D1&v2&H0&+0&!R:2].[O&D1&v2&H0&+0&!R:3]=[C&D2&v4&H1&+0&!R&z1:4]-[C&D3&v4&H1&+0&!R&z1:5]-[O&D1&v2&H1&+0&!R:6]>>[O&D1&v2&H0&+0&!R:6]=[C&D2&v4&H1&+0&!R&z1:5].[O&D1&v2&H0&+0&!R:3]=[C&D2&v4&H1&+0&!R&z1:4]-[C&D3&v4&H0&+0&!R&z2:1]-[O&D1&v2&H1&+0&!R:2],[298],[1]
362,[O&D1&v2&H1&+0&!R:1].[P&D4&v5&H0&+0&!R:2](-[O&D1&v2&H1&+0&!R:3])-[O&D2&v2&H0&+0&!R:4]~[*:5]~[*:6]~[*:7]~[O&D1&v2&H1&+0&!R:8]>>[*:5](~[O&D1&v2&H1&+0&!R:4])~[*:6]~[*:7]~[O&D1&v2&H1&+0&!R:8].[O&D2&v2&H0&+0&!R:1]-[P&D4&v5&H0&+0&!R:2]-[O&D1&v2&H1&+0&!R:3],[299],[1]
363,[*:1](~[O&D1&v2&H1&+0&!R:2])~[*:3]~[*:4]~[O&D1&v2&H1&+0&!R:5].[O&D2&v2&H0&+0&!R:6]-[P&D4&v5&H0&+0&!R:7]-[O&D1&v2&H1&+0&!R:8]>>[O&D1&v2&H1&+0&!R:6].[P&D4&v5&H0&+0&!R:7](-[O&D1&v2&H1&+0&!R:8])-[O&D2&v2&H0&+0&!R:2]~[*:1]~[*:3]~[*:4]~[O&D1&v2&H1&+0&!R:5],[299],[1]
364,([C&D3&v4&H0&+0&!R&z2:1]-[O&D1&v2&H1&+0&!R:2].[N&D2&v3&H1&+0&!R:3]).[P&D4&v5&H0&+0&!R:4](=[O&D1&v2&H0&+0&!R:5])-[O&D2&v2&H0&+0&!R:6]~[*:7](~[O&D1&v2&H1&+0&!R:8])~[*:9]~[*:10]~[O&D1&v2&H1&+0&!R:11]>>[*:7](~[O&D1&v2&H1&+0&!R:6])(~[O&D1&v2&H1&+0&!R:8])~[*:9]~[*:10]~[O&D1&v2&H1&+0&!R:11].[N&D3&v3&H0&+0&R:3]-[C&D3&v4&H0&+0&R&z2:1].[P&D4&v5&H0&+0&!R:4](=[O&D1&v2&H0&+0&!R:5])-[O&D1&v2&H1&+0&!R:2],[303],[1]
365,[*:1](~[O&D1&v2&H1&+0&!R:2])(~[O&D1&v2&H1&+0&!R:3])~[*:4]~[*:5]~[O&D1&v2&H1&+0&!R:6].[N&D3&v3&H0&+0&R:7]-[C&D3&v4&H0&+0&R&z2:8].[P&D4&v5&H0&+0&!R:9](=[O&D1&v2&H0&+0&!R:10])-[O&D1&v2&H1&+0&!R:11]>>([C&D3&v4&H0&+0&!R&z2:8]-[O&D1&v2&H1&+0&!R:11].[N&D2&v3&H1&+0&!R:7]).[P&D4&v5&H0&+0&!R:9](=[O&D1&v2&H0&+0&!R:10])-[O&D2&v2&H0&+0&!R:2]~[*:1](~[O&D1&v2&H1&+0&!R:3])~[*:4]~[*:5]~[O&D1&v2&H1&+0&!R:6],[303],[1]
366,[C&D1&v4&H2&+0&!R&z0:1]=[C&D3&v4&H0&+0&!R&z1:2]-[O&D2&v2&H0&+0&!R:3]-[C@&D3&v4&H1&+0&R&z1:4]1-[C&D2&v4&H1&+0&R&z0:5]=[C&D3&v4&H0&+0&R&z0:6]-[C&D2&v4&H1&+0&R&z0:7]=[C&D2&v4&H1&+0&R&z0:8]-[C@@&D3&v4&H1&+0&R&z1:9]-1-[N&D1&v3&H2&+0&!R:10]>>[C&D1&v4&H3&+0&!R&z0:1]-[C&D3&v4&H0&+0&!R&z1:2]=[O&D1&v2&H0&+0&!R:3].[N&D1&v3&H2&+0&!R:10]-[c&D3&v4&H0&+0&R&z1:9]1:[c&D2&v4&H1&+0&R&z0:4]:[c&D2&v4&H1&+0&R&z0:5]:[c&D3&v4&H0&+0&R&z0:6]:[c&D2&v4&H1&+0&R&z0:7]:[c&D2&v4&H1&+0&R&z0:8]:1,"[305, 305]","[1, 2]"
367,[C&D1&v4&H3&+0&!R&z0:1]-[C&D3&v4&H0&+0&!R&z1:2]=[O&D1&v2&H0&+0&!R:3].[N&D1&v3&H2&+0&!R:4]-[c&D3&v4&H0&+0&R&z1:5]1:[c&D2&v4&H1&+0&R&z0:6]:[c&D2&v4&H1&+0&R&z0:7]:[c&D3&v4&H0&+0&R&z0:8]:[c&D2&v4&H1&+0&R&z0:9]:[c&D2&v4&H1&+0&R&z0:10]:1>>[C&D1&v4&H2&+0&!R&z0:1]=[C&D3&v4&H0&+0&!R&z1:2]-[O&D2&v2&H0&+0&!R:3]-[C@&D3&v4&H1&+0&R&z1:6]1-[C&D2&v4&H1&+0&R&z0:7]=[C&D3&v4&H0&+0&R&z0:8]-[C&D2&v4&H1&+0&R&z0:9]=[C&D2&v4&H1&+0&R&z0:10]-[C@@&D3&v4&H1&+0&R&z1:5]-1-[N&D1&v3&H2&+0&!R:4],"[305, 305]","[1, 2]"
368,[C&D3&v4&H0&+0&!R&z3:1](=[O&D1&v2&H0&+0&!R:2])-[O&D1&v2&H1&+0&!R:3].[O&D1&v2&H1&+0&!R:4].[P&D4&v5&H0&+0&!R:5](-[O&D1&v2&H1&+0&!R:6])-[O&D2&v2&H0&+0&!R:7]~[*:8](~[O&D1&v2&H1&+0&!R:9])~[*:10]~[*:11]~[O&D1&v2&H1&+0&!R:12].[P&D4&v5&H0&+0&!R:13](=[O&D1&v2&H0&+0&!R:14])-[O&D2&v2&H0&+0&!R:15]~[*:16](~[O&D1&v2&H0&+0&!R:17])~[*:18]~[*:19]~[O&D1&v2&H1&+0&!R:20].[S&D1&v2&H1&+0&!R:21]>>[*:8](~[O&D1&v2&H1&+0&!R:7])(~[O&D1&v2&H1&+0&!R:9])~[*:10]~[*:11]~[O&D1&v2&H1&+0&!R:12].[C&D3&v4&H0&+0&!R&z3:1](=[O&D1&v2&H0&+0&!R:2])-[S&D2&v2&H0&+0&!R:21].[O&D1&v2&H0&+0&!R:17]~[*:16](~[O&D1&v2&H1&+0&!R:15])~[*:18]~[*:19]~[O&D1&v2&H1&+0&!R:20].[O&D2&v2&H0&+0&!R:4]-[P&D4&v5&H0&+0&!R:5]-[O&D1&v2&H1&+0&!R:6].[P&D4&v5&H0&+0&!R:13](=[O&D1&v2&H0&+0&!R:14])-[O&D1&v2&H1&+0&!R:3],[307],[1]
369,[*:1](~[O&D1&v2&H1&+0&!R:2])(~[O&D1&v2&H1&+0&!R:3])~[*:4]~[*:5]~[O&D1&v2&H1&+0&!R:6].[C&D3&v4&H0&+0&!R&z3:7](=[O&D1&v2&H0&+0&!R:8])-[S&D2&v2&H0&+0&!R:9].[O&D1&v2&H0&+0&!R:10]~[*:11](~[O&D1&v2&H1&+0&!R:12])~[*:13]~[*:14]~[O&D1&v2&H1&+0&!R:15].[O&D2&v2&H0&+0&!R:16]-[P&D4&v5&H0&+0&!R:17]-[O&D1&v2&H1&+0&!R:18].[P&D4&v5&H0&+0&!R:19](=[O&D1&v2&H0&+0&!R:20])-[O&D1&v2&H1&+0&!R:21]>>[C&D3&v4&H0&+0&!R&z3:7](=[O&D1&v2&H0&+0&!R:8])-[O&D1&v2&H1&+0&!R:21].[O&D1&v2&H1&+0&!R:16].[P&D4&v5&H0&+0&!R:17](-[O&D1&v2&H1&+0&!R:18])-[O&D2&v2&H0&+0&!R:2]~[*:1](~[O&D1&v2&H1&+0&!R:3])~[*:4]~[*:5]~[O&D1&v2&H1&+0&!R:6].[P&D4&v5&H0&+0&!R:19](=[O&D1&v2&H0&+0&!R:20])-[O&D2&v2&H0&+0&!R:12]~[*:11](~[O&D1&v2&H0&+0&!R:10])~[*:13]~[*:14]~[O&D1&v2&H1&+0&!R:15].[S&D1&v2&H1&+0&!R:9],[307],[1]
370,[O&D1&v2&H1&+0&!R:1]-[C&D3&v4&H1&+0&R&z2:2]1-[O&D2&v2&H0&+0&R:3]-[C&D2&v4&H2&+0&R&z1:4]~[H1@:5](~[O&D1&v2&H1&+0&!R:6])~[H1@@:7](~[O&D1&v2&H1&+0&!R:8])~[C@&D3&v4&H1&+0&R&z1:9]-1-[O&D1&v2&H1&+0&!R:10]>>[O&D1&v2&H1&+0&!R:1]-[C&D2&v4&H2&+0&!R&z1:2]-[C&D4&v4&H0&+0&R&z2:9]1(-[O&D1&v2&H1&+0&!R:10])-[O&D2&v2&H0&+0&R:3]-[C&D2&v4&H2&+0&R&z1:4]~[H1@:5](~[O&D1&v2&H1&+0&!R:6])~[H1@@:7]~1~[O&D1&v2&H1&+0&!R:8],"[308, 308]","[1, 2]"
371,[O&D1&v2&H1&+0&!R:1]-[C&D2&v4&H2&+0&!R&z1:2]-[C&D4&v4&H0&+0&R&z2:3]1(-[O&D1&v2&H1&+0&!R:4])-[O&D2&v2&H0&+0&R:5]-[C&D2&v4&H2&+0&R&z1:6]~[H1@:7](~[O&D1&v2&H1&+0&!R:8])~[H1@@:9]~1~[O&D1&v2&H1&+0&!R:10]>>[O&D1&v2&H1&+0&!R:1]-[C&D3&v4&H1&+0&R&z2:2]1-[O&D2&v2&H0&+0&R:5]-[C&D2&v4&H2&+0&R&z1:6]~[H1@:7](~[O&D1&v2&H1&+0&!R:8])~[H1@@:9](~[O&D1&v2&H1&+0&!R:10])~[C@&D3&v4&H1&+0&R&z1:3]-1-[O&D1&v2&H1&+0&!R:4],"[308, 308]","[1, 2]"
372,[C&D3&v4&H0&+0&!R&z2:1](=[O&D1&v2&H0&+0&!R:2])-[O&D1&v2&H1&+0&!R:3].[O&D1&v2&H1&+0&!R:4].[P&D4&v5&H0&+0&!R:5](-[O&D1&v2&H1&+0&!R:6])-[O&D2&v2&H0&+0&!R:7]~[*:8](~[O&D1&v2&H1&+0&!R:9])~[*:10]~[*:11]~[O&D1&v2&H1&+0&!R:12]>>[*:8](~[O&D1&v2&H1&+0&!R:7])(~[O&D1&v2&H1&+0&!R:9])~[*:10]~[*:11]~[O&D1&v2&H1&+0&!R:12].[O&D2&v2&H0&+0&!R:4]-[C&D3&v4&H0&+0&!R&z2:1]=[O&D1&v2&H0&+0&!R:2].[P&D4&v5&H0&+0&!R:5](-[O&D1&v2&H1&+0&!R:3])-[O&D1&v2&H1&+0&!R:6],[309],[1]
373,[*:1](~[O&D1&v2&H1&+0&!R:2])(~[O&D1&v2&H1&+0&!R:3])~[*:4]~[*:5]~[O&D1&v2&H1&+0&!R:6].[O&D2&v2&H0&+0&!R:7]-[C&D3&v4&H0&+0&!R&z2:8]=[O&D1&v2&H0&+0&!R:9].[P&D4&v5&H0&+0&!R:10](-[O&D1&v2&H1&+0&!R:11])-[O&D1&v2&H1&+0&!R:12]>>[C&D3&v4&H0&+0&!R&z2:8](=[O&D1&v2&H0&+0&!R:9])-[O&D1&v2&H1&+0&!R:11].[O&D1&v2&H1&+0&!R:7].[P&D4&v5&H0&+0&!R:10](-[O&D1&v2&H1&+0&!R:12])-[O&D2&v2&H0&+0&!R:2]~[*:1](~[O&D1&v2&H1&+0&!R:3])~[*:4]~[*:5]~[O&D1&v2&H1&+0&!R:6],[309],[1]
374,[*:1](~[O&D1&v2&H1&+0&!R:2])~[*:3]~[*:4](~[O&D1&v2&H0&+0&!R:5])(~[O&D1&v2&H1&+0&!R:6])~[O&D2&v2&H0&+0&!R:7]-[P&D4&v5&H0&+0&!R:8](-[O&D1&v2&H1&+0&!R:9])-[O&D1&v2&H1&+0&!R:10].[C&D3&v4&H0&+0&!R&z2:11](=[O&D1&v2&H0&+0&!R:12])-[O&D1&v2&H1&+0&!R:13].[O&D1&v2&H1&+0&!R:14]>>[*:1](~[O&D1&v2&H1&+0&!R:2])~[*:3]~[*:4](~[O&D1&v2&H0&+0&!R:5])(~[O&D1&v2&H1&+0&!R:6])~[O&D1&v2&H1&+0&!R:7].[O&D2&v2&H0&+0&!R:14]-[C&D3&v4&H0&+0&!R&z2:11]=[O&D1&v2&H0&+0&!R:12].[P&D4&v5&H0&+0&!R:8](-[O&D1&v2&H1&+0&!R:9])(-[O&D1&v2&H1&+0&!R:13])-[O&D1&v2&H1&+0&!R:10],[310],[1]
375,[*:1](~[O&D1&v2&H1&+0&!R:2])~[*:3]~[*:4](~[O&D1&v2&H0&+0&!R:5])(~[O&D1&v2&H1&+0&!R:6])~[O&D1&v2&H1&+0&!R:7].[O&D2&v2&H0&+0&!R:8]-[C&D3&v4&H0&+0&!R&z2:9]=[O&D1&v2&H0&+0&!R:10].[P&D4&v5&H0&+0&!R:11](-[O&D1&v2&H1&+0&!R:12])(-[O&D1&v2&H1&+0&!R:13])-[O&D1&v2&H1&+0&!R:14]>>[*:1](~[O&D1&v2&H1&+0&!R:2])~[*:3]~[*:4](~[O&D1&v2&H0&+0&!R:5])(~[O&D1&v2&H1&+0&!R:6])~[O&D2&v2&H0&+0&!R:7]-[P&D4&v5&H0&+0&!R:11](-[O&D1&v2&H1&+0&!R:12])-[O&D1&v2&H1&+0&!R:14].[C&D3&v4&H0&+0&!R&z2:9](=[O&D1&v2&H0&+0&!R:10])-[O&D1&v2&H1&+0&!R:13].[O&D1&v2&H1&+0&!R:8],[310],[1]
376,[O&D1&v2&H0&+0&!R:1]=[C&D3&v4&H0&+0&!R&z2:2](-[O&D1&v2&H1&+0&!R:3])-[C&D3&v4&H1&+0&!R&z1:4](-[C&D2&v4&H2&+0&!R&z1:5]-[O&D1&v2&H1&+0&!R:6])~[*:7]~[*:8]~[O&D1&v2&H1&+0&!R:9]>>[C&D1&v4&H2&+0&!R&z0:5]=[C&D3&v4&H0&+0&!R&z1:4](~[*:7]~[*:8]~[O&D1&v2&H1&+0&!R:9])-[C&D3&v4&H0&+0&!R&z2:2](=[O&D1&v2&H0&+0&!R:1])-[O&D1&v2&H1&+0&!R:3].[O&D0&v2&H2&+0&!R:6],[311],[1]
377,[C&D1&v4&H2&+0&!R&z0:1]=[C&D3&v4&H0&+0&!R&z1:2](~[*:3]~[*:4]~[O&D1&v2&H1&+0&!R:5])-[C&D3&v4&H0&+0&!R&z2:6](=[O&D1&v2&H0&+0&!R:7])-[O&D1&v2&H1&+0&!R:8].[O&D0&v2&H2&+0&!R:9]>>[O&D1&v2&H0&+0&!R:7]=[C&D3&v4&H0&+0&!R&z2:6](-[O&D1&v2&H1&+0&!R:8])-[C&D3&v4&H1&+0&!R&z1:2](-[C&D2&v4&H2&+0&!R&z1:1]-[O&D1&v2&H1&+0&!R:9])~[*:3]~[*:4]~[O&D1&v2&H1&+0&!R:5],[311],[1]
378,[C&D3&v4&H1&+0&!R&z1:1]-[O&D1&v2&H1&+0&!R:2].[c&D3&v4&H0&+0&R&z0:3]1:[c&D2&v4&H1&+0&R&z0:4]:[c&D2&v4&H1&+0&R&z0:5]:[c&D2&v4&H1&+0&R&z1:6]:[n&D3&v4&H0&+&R:7]:[c&D2&v4&H1&+0&R&z1:8]:1>>[C&D3&v4&H0&+0&R&z0:3]1=[C&D2&v4&H1&+0&R&z1:8]-[N&D3&v3&H0&+0&R:7]-[C&D2&v4&H1&+0&R&z1:6]=[C&D2&v4&H1&+0&R&z0:5]-[C&D2&v4&H2&+0&R&z0:4]-1.[O&D1&v2&H0&+0&!R:2]=[C&D3&v4&H0&+0&!R&z1:1],[312],[1]
379,[C&D3&v4&H0&+0&R&z0:1]1=[C&D2&v4&H1&+0&R&z1:2]-[N&D3&v3&H0&+0&R:3]-[C&D2&v4&H1&+0&R&z1:4]=[C&D2&v4&H1&+0&R&z0:5]-[C&D2&v4&H2&+0&R&z0:6]-1.[O&D1&v2&H0&+0&!R:7]=[C&D3&v4&H0&+0&!R&z1:8]>>[C&D3&v4&H1&+0&!R&z1:8]-[O&D1&v2&H1&+0&!R:7].[c&D3&v4&H0&+0&R&z0:1]1:[c&D2&v4&H1&+0&R&z0:6]:[c&D2&v4&H1&+0&R&z0:5]:[c&D2&v4&H1&+0&R&z1:4]:[n&D3&v4&H0&+&R:3]:[c&D2&v4&H1&+0&R&z1:2]:1,[312],[1]
380,[O&D0&v2&H2&+0&!R:1].[O&D2&v2&H0&+0&R:2]-[C@@&D3&v4&H1&+0&R&z2:3](-[n&D3&v3&H0&+0&R:4])-[C&D2&v4&H2&+0&R&z0:5]>>[O&D2&v2&H0&+0&R:2]-[C&D3&v4&H1&+0&R&z2:3](-[O&D1&v2&H1&+0&!R:1])-[C&D2&v4&H2&+0&R&z0:5].[n&D2&v3&H1&+0&R:4],[313],[1]
381,[O&D2&v2&H0&+0&R:1]-[C&D3&v4&H1&+0&R&z2:2](-[O&D1&v2&H1&+0&!R:3])-[C&D2&v4&H2&+0&R&z0:4].[n&D2&v3&H1&+0&R:5]>>[O&D0&v2&H2&+0&!R:3].[O&D2&v2&H0&+0&R:1]-[C@@&D3&v4&H1&+0&R&z2:2](-[n&D3&v3&H0&+0&R:5])-[C&D2&v4&H2&+0&R&z0:4],[313],[1]
382,[*:1]/[C&D2&v4&H1&+0&!R&z1:2]=[C&D2&v4&H1&+0&!R&z0:3]/[C&D3&v4&H0&+0&!R&z2:4]=[O&D1&v2&H0&+0&!R:5].[O&D0&v2&H2&+0&!R:6]>>[*:1]-[C&D3&v4&H1&+0&!R&z2:2](-[O&D1&v2&H1&+0&!R:6])-[C&D2&v4&H2&+0&!R&z0:3]-[C&D3&v4&H0&+0&!R&z2:4]=[O&D1&v2&H0&+0&!R:5],[315],[1]
383,[*:1]-[C&D3&v4&H1&+0&!R&z2:2](-[O&D1&v2&H1&+0&!R:3])-[C&D2&v4&H2&+0&!R&z0:4]-[C&D3&v4&H0&+0&!R&z2:5]=[O&D1&v2&H0&+0&!R:6]>>[*:1]/[C&D2&v4&H1&+0&!R&z1:2]=[C&D2&v4&H1&+0&!R&z0:4]/[C&D3&v4&H0&+0&!R&z2:5]=[O&D1&v2&H0&+0&!R:6].[O&D0&v2&H2&+0&!R:3],[315],[1]
384,[N&D1&v3&H2&+0&!R:1].[N&D1&v3&H2&+0&!R:2]-[C&D3&v4&H0&+0&!R&z3:3](=[O&D1&v2&H0&+0&!R:4])-[N&D2&v3&H1&+0&!R:5]-[C&D2&v4&H2&+0&!R&z1:6].[P&D4&v5&H0&+0&!R:7](=[O&D1&v2&H0&+0&!R:8])-[O&D2&v2&H0&+0&!R:9]~[*:10](~[O&D1&v2&H0&+0&!R:11])~[*:12]~[*:13]~[O&D1&v2&H1&+0&!R:14]>>[N&D1&v3&H2&+0&!R:2]/[C&D3&v4&H0&+0&!R&z3:3](=[N&D2&v3&H0&+0&!R:5]\[C&D2&v4&H2&+0&!R&z1:6])-[N&D2&v3&H1&+0&!R:1].[O&D1&v2&H0&+0&!R:11]~[*:10](~[O&D1&v2&H1&+0&!R:9])~[*:12]~[*:13]~[O&D1&v2&H1&+0&!R:14].[P&D4&v5&H0&+0&!R:7](=[O&D1&v2&H0&+0&!R:8])-[O&D1&v2&H1&+0&!R:4],[316],[1]
385,[N&D1&v3&H2&+0&!R:1]/[C&D3&v4&H0&+0&!R&z3:2](=[N&D2&v3&H0&+0&!R:3]\[C&D2&v4&H2&+0&!R&z1:4])-[N&D2&v3&H1&+0&!R:5].[O&D1&v2&H0&+0&!R:6]~[*:7](~[O&D1&v2&H1&+0&!R:8])~[*:9]~[*:10]~[O&D1&v2&H1&+0&!R:11].[P&D4&v5&H0&+0&!R:12](=[O&D1&v2&H0&+0&!R:13])-[O&D1&v2&H1&+0&!R:14]>>[N&D1&v3&H2&+0&!R:5].[N&D1&v3&H2&+0&!R:1]-[C&D3&v4&H0&+0&!R&z3:2](=[O&D1&v2&H0&+0&!R:14])-[N&D2&v3&H1&+0&!R:3]-[C&D2&v4&H2&+0&!R&z1:4].[P&D4&v5&H0&+0&!R:12](=[O&D1&v2&H0&+0&!R:13])-[O&D2&v2&H0&+0&!R:8]~[*:7](~[O&D1&v2&H0&+0&!R:6])~[*:9]~[*:10]~[O&D1&v2&H1&+0&!R:11],[316],[1]
386,[C&D3&v4&H0&+0&!R&z2:1](=[O&D1&v2&H0&+0&!R:2])-[O&D1&v2&H1&+0&!R:3].[N&D1&v3&H2&+0&!R:4].[O&D2&v2&H0&+0&!R:5]-[P&D4&v5&H0&+0&!R:6]-[O&D1&v2&H1&+0&!R:7]>>[C&D3&v4&H0&+0&!R&z2:1](=[O&D1&v2&H0&+0&!R:2])-[N&D2&v3&H1&+0&!R:4].[O&D1&v2&H1&+0&!R:5].[P&D4&v5&H0&+0&!R:6](-[O&D1&v2&H1&+0&!R:3])-[O&D1&v2&H1&+0&!R:7],[317],[1]
387,[C&D3&v4&H0&+0&!R&z2:1](=[O&D1&v2&H0&+0&!R:2])-[N&D2&v3&H1&+0&!R:3].[O&D1&v2&H1&+0&!R:4].[P&D4&v5&H0&+0&!R:5](-[O&D1&v2&H1&+0&!R:6])-[O&D1&v2&H1&+0&!R:7]>>[C&D3&v4&H0&+0&!R&z2:1](=[O&D1&v2&H0&+0&!R:2])-[O&D1&v2&H1&+0&!R:6].[N&D1&v3&H2&+0&!R:3].[O&D2&v2&H0&+0&!R:4]-[P&D4&v5&H0&+0&!R:5]-[O&D1&v2&H1&+0&!R:7],[317],[1]
388,[C&D3&v4&H0&+0&!R&z2:1](=[O&D1&v2&H0&+0&!R:2])-[O&D1&v2&H1&+0&!R:3].[O&D1&v2&H1&+0&!R:4].[P&D4&v5&H0&+0&!R:5](-[O&D1&v2&H1&+0&!R:6])-[O&D2&v2&H0&+0&!R:7]~[*:8]~[O&D1&v2&H1&+0&!R:9]>>[*:8](~[O&D1&v2&H1&+0&!R:7])~[O&D1&v2&H1&+0&!R:9].[O&D2&v2&H0&+0&!R:4]-[C&D3&v4&H0&+0&!R&z2:1]=[O&D1&v2&H0&+0&!R:2].[P&D4&v5&H0&+0&!R:5](-[O&D1&v2&H1&+0&!R:3])-[O&D1&v2&H1&+0&!R:6],[318],[1]
389,[*:1](~[O&D1&v2&H1&+0&!R:2])~[O&D1&v2&H1&+0&!R:3].[O&D2&v2&H0&+0&!R:4]-[C&D3&v4&H0&+0&!R&z2:5]=[O&D1&v2&H0&+0&!R:6].[P&D4&v5&H0&+0&!R:7](-[O&D1&v2&H1&+0&!R:8])-[O&D1&v2&H1&+0&!R:9]>>[C&D3&v4&H0&+0&!R&z2:5](=[O&D1&v2&H0&+0&!R:6])-[O&D1&v2&H1&+0&!R:8].[O&D1&v2&H1&+0&!R:4].[P&D4&v5&H0&+0&!R:7](-[O&D1&v2&H1&+0&!R:9])-[O&D2&v2&H0&+0&!R:2]~[*:1]~[O&D1&v2&H1&+0&!R:3],[318],[1]
390,[C&D2&v4&H1&+0&R&z0:1]=[C&D2&v4&H1&+0&R&z0:2].[C&D3&v4&H0&+0&R&z0:3]1=[C&D2&v4&H1&+0&R&z1:4]-[N&D3&v3&H0&+0&R:5]-[C&D2&v4&H1&+0&R&z1:6]=[C&D2&v4&H1&+0&R&z0:7]-[C&D2&v4&H2&+0&R&z0:8]-1>>[C&D2&v4&H2&+0&R&z0:2]-[C&D2&v4&H2&+0&R&z0:1].[c&D3&v4&H0&+0&R&z0:3]1:[c&D2&v4&H1&+0&R&z0:8]:[c&D2&v4&H1&+0&R&z0:7]:[c&D2&v4&H1&+0&R&z1:6]:[n&D3&v4&H0&+&R:5]:[c&D2&v4&H1&+0&R&z1:4]:1,[319],[1]
391,[C&D2&v4&H2&+0&R&z0:1]-[C&D2&v4&H2&+0&R&z0:2].[c&D3&v4&H0&+0&R&z0:3]1:[c&D2&v4&H1&+0&R&z0:4]:[c&D2&v4&H1&+0&R&z0:5]:[c&D2&v4&H1&+0&R&z1:6]:[n&D3&v4&H0&+&R:7]:[c&D2&v4&H1&+0&R&z1:8]:1>>[C&D2&v4&H1&+0&R&z0:2]=[C&D2&v4&H1&+0&R&z0:1].[C&D3&v4&H0&+0&R&z0:3]1=[C&D2&v4&H1&+0&R&z1:8]-[N&D3&v3&H0&+0&R:7]-[C&D2&v4&H1&+0&R&z1:6]=[C&D2&v4&H1&+0&R&z0:5]-[C&D2&v4&H2&+0&R&z0:4]-1,[319],[1]
392,[C&D3&v4&H0&+0&R&z1:1]1=[C&D3&v4&H0&+0&R&z1:2]-[C&D3&v4&H0&+0&R&z1:3](=[O&D1&v2&H0&+0&!R:4])-[C&D3&v4&H0&+0&R&z1:5]=[C&D3&v4&H0&+0&R&z1:6]-[C&D3&v4&H0&+0&R&z1:7]-1=[O&D1&v2&H0&+0&!R:8].[S&D0&v2&H2&+0&!R:9].[S&D2&v2&H0&+0&!R:10]-[S&D2&v2&H0&+0&!R:11]>>[S&D2&v2&H0&+0&!R:10]-[S&D2&v2&H0&+0&!R:9]-[S&D2&v2&H0&+0&!R:11].[c&D3&v4&H0&+0&R&z1:1]1:[c&D3&v4&H0&+0&R&z1:2]:[c&D3&v4&H0&+0&R&z1:3](-[O&D1&v2&H1&+0&!R:4]):[c&D3&v4&H0&+0&R&z1:5]:[c&D3&v4&H0&+0&R&z1:6]:[c&D3&v4&H0&+0&R&z1:7]:1-[O&D1&v2&H1&+0&!R:8],[320],[1]
393,[S&D2&v2&H0&+0&!R:1]-[S&D2&v2&H0&+0&!R:2]-[S&D2&v2&H0&+0&!R:3].[c&D3&v4&H0&+0&R&z1:4]1:[c&D3&v4&H0&+0&R&z1:5]:[c&D3&v4&H0&+0&R&z1:6](-[O&D1&v2&H1&+0&!R:7]):[c&D3&v4&H0&+0&R&z1:8]:[c&D3&v4&H0&+0&R&z1:9]:[c&D3&v4&H0&+0&R&z1:10]:1-[O&D1&v2&H1&+0&!R:11]>>[C&D3&v4&H0&+0&R&z1:4]1=[C&D3&v4&H0&+0&R&z1:5]-[C&D3&v4&H0&+0&R&z1:6](=[O&D1&v2&H0&+0&!R:7])-[C&D3&v4&H0&+0&R&z1:8]=[C&D3&v4&H0&+0&R&z1:9]-[C&D3&v4&H0&+0&R&z1:10]-1=[O&D1&v2&H0&+0&!R:11].[S&D0&v2&H2&+0&!R:2].[S&D2&v2&H0&+0&!R:1]-[S&D2&v2&H0&+0&!R:3],[320],[1]
394,[O&D1&v2&H0&+0&!R:1]=[C&D3&v4&H0&+0&!R&z1:2]-[C&D2&v4&H2&+0&!R&z1:3]-[O&D1&v2&H1&+0&!R:4]>>[O&D1&v2&H0&+0&!R:4]=[C&D2&v4&H1&+0&!R&z1:3]-[C&D3&v4&H1&+0&!R&z1:2]-[O&D1&v2&H1&+0&!R:1],"[324, 324]","[1, 2]"
395,[O&D1&v2&H0&+0&!R:1]=[C&D2&v4&H1&+0&!R&z1:2]-[C&D3&v4&H1&+0&!R&z1:3]-[O&D1&v2&H1&+0&!R:4]>>[O&D1&v2&H0&+0&!R:4]=[C&D3&v4&H0&+0&!R&z1:3]-[C&D2&v4&H2&+0&!R&z1:2]-[O&D1&v2&H1&+0&!R:1],"[324, 324]","[1, 2]"
396,[C&D1&v4&H2&+0&!R&z0:1]=[C&D3&v4&H0&+0&!R&z1:2]-[O&D2&v2&H0&+0&!R:3]-[P&D4&v5&H0&+0&!R:4].[O&D1&v2&H1&+0&!R:5]>>[C&D1&v4&H3&+0&!R&z0:1]-[C&D3&v4&H0&+0&!R&z1:2]=[O&D1&v2&H0&+0&!R:3].[O&D2&v2&H0&+0&!R:5]-[P&D4&v5&H0&+0&!R:4],[326],[1]
397,[C&D1&v4&H3&+0&!R&z0:1]-[C&D3&v4&H0&+0&!R&z1:2]=[O&D1&v2&H0&+0&!R:3].[O&D2&v2&H0&+0&!R:4]-[P&D4&v5&H0&+0&!R:5]>>[C&D1&v4&H2&+0&!R&z0:1]=[C&D3&v4&H0&+0&!R&z1:2]-[O&D2&v2&H0&+0&!R:3]-[P&D4&v5&H0&+0&!R:5].[O&D1&v2&H1&+0&!R:4],[326],[1]
398,[*:1](~[O&D1&v2&H1&+0&!R:2])~[O&D2&v2&H0&+0&!R:3]-[P&D4&v5&H0&+0&!R:4]-[O&D1&v2&H1&+0&!R:5].[O&D1&v2&H1&+0&!R:6]>>[*:1](~[O&D1&v2&H1&+0&!R:2])~[O&D1&v2&H1&+0&!R:3].[O&D2&v2&H0&+0&!R:6]-[P&D4&v5&H0&+0&!R:4]-[O&D1&v2&H1&+0&!R:5],[327],[1]
399,[*:1](~[O&D1&v2&H1&+0&!R:2])~[O&D1&v2&H1&+0&!R:3].[O&D2&v2&H0&+0&!R:4]-[P&D4&v5&H0&+0&!R:5]-[O&D1&v2&H1&+0&!R:6]>>[*:1](~[O&D1&v2&H1&+0&!R:2])~[O&D2&v2&H0&+0&!R:3]-[P&D4&v5&H0&+0&!R:5]-[O&D1&v2&H1&+0&!R:6].[O&D1&v2&H1&+0&!R:4],[327],[1]
400,[N&D2&v3&H1&+0&!R:1]-[C@&D3&v4&H1&+0&R&z2:2]1-[O&D2&v2&H0&+0&R:3]-[C@&D3&v4&H1&+0&R&z1:4](-[C&D2&v4&H2&+0&!R&z1:5])-[C@@&D3&v4&H1&+0&R&z1:6](-[O&D1&v2&H1&+0&!R:7])-[C@@&D3&v4&H1&+0&R&z1:8]-1-[O&D1&v2&H1&+0&!R:9]>>[N&D2&v3&H1&+0&!R:1]-[C&D2&v4&H2&+0&!R&z1:2]-[C&D3&v4&H0&+0&!R&z1:8](=[O&D1&v2&H0&+0&!R:9])-[C@&D3&v4&H1&+0&!R&z1:6](-[O&D1&v2&H1&+0&!R:7])-[C@&D3&v4&H1&+0&!R&z1:4](-[O&D1&v2&H1&+0&!R:3])-[C&D2&v4&H2&+0&!R&z1:5],[328],[1]
401,[N&D2&v3&H1&+0&!R:1]-[C&D2&v4&H2&+0&!R&z1:2]-[C&D3&v4&H0&+0&!R&z1:3](=[O&D1&v2&H0&+0&!R:4])-[C@&D3&v4&H1&+0&!R&z1:5](-[O&D1&v2&H1&+0&!R:6])-[C@&D3&v4&H1&+0&!R&z1:7](-[O&D1&v2&H1&+0&!R:8])-[C&D2&v4&H2&+0&!R&z1:9]>>[N&D2&v3&H1&+0&!R:1]-[C@&D3&v4&H1&+0&R&z2:2]1-[O&D2&v2&H0&+0&R:8]-[C@&D3&v4&H1&+0&R&z1:7](-[C&D2&v4&H2&+0&!R&z1:9])-[C@@&D3&v4&H1&+0&R&z1:5](-[O&D1&v2&H1&+0&!R:6])-[C@@&D3&v4&H1&+0&R&z1:3]-1-[O&D1&v2&H1&+0&!R:4],[328],[1]
402,[O&D1&v2&H0&+0&!R:1]=[C&D2&v4&H1&+0&!R&z1:2]-[C&D3&v4&H1&+0&!R&z1:3]-[C@@&D3&v4&H1&+0&!R&z1:4](-[O&D1&v2&H1&+0&!R:5])-[C@@&D3&v4&H1&+0&!R&z1:6](-[O&D1&v2&H1&+0&!R:7])-[C@&D3&v4&H1&+0&!R&z1:8](-[O&D1&v2&H1&+0&!R:9])-[C&D2&v4&H2&+0&!R&z1:10]~[*:11]~[*:12]~[O&D1&v2&H1&+0&!R:13]>>[*:12](~[O&D1&v2&H1&+0&!R:13])~[*:11]~[C&D3&v4&H1&+0&R&z1:10]1-[C&D3&v4&H1&+0&R&z1:2](-[O&D1&v2&H1&+0&!R:1])-[C&D3&v4&H1&+0&R&z1:3]-[C@@&D3&v4&H1&+0&R&z1:4](-[O&D1&v2&H1&+0&!R:5])-[C@@&D3&v4&H1&+0&R&z1:6](-[O&D1&v2&H1&+0&!R:7])-[C&D3&v4&H1&+0&R&z1:8]-1-[O&D1&v2&H1&+0&!R:9],[331],[1]
403,[*:1](~[O&D1&v2&H1&+0&!R:2])~[*:3]~[C&D3&v4&H1&+0&R&z1:4]1-[C&D3&v4&H1&+0&R&z1:5](-[O&D1&v2&H1&+0&!R:6])-[C&D3&v4&H1&+0&R&z1:7]-[C@@&D3&v4&H1&+0&R&z1:8](-[O&D1&v2&H1&+0&!R:9])-[C@@&D3&v4&H1&+0&R&z1:10](-[O&D1&v2&H1&+0&!R:11])-[C&D3&v4&H1&+0&R&z1:12]-1-[O&D1&v2&H1&+0&!R:13]>>[O&D1&v2&H0&+0&!R:6]=[C&D2&v4&H1&+0&!R&z1:5]-[C&D3&v4&H1&+0&!R&z1:7]-[C@@&D3&v4&H1&+0&!R&z1:8](-[O&D1&v2&H1&+0&!R:9])-[C@@&D3&v4&H1&+0&!R&z1:10](-[O&D1&v2&H1&+0&!R:11])-[C@&D3&v4&H1&+0&!R&z1:12](-[O&D1&v2&H1&+0&!R:13])-[C&D2&v4&H2&+0&!R&z1:4]~[*:3]~[*:1]~[O&D1&v2&H1&+0&!R:2],[331],[1]
404,[*:1]-[C@&D3&v4&H1&+0&!R&z2:2](-[O&D1&v2&H1&+0&!R:3])-[C&D2&v4&H2&+0&!R&z0:4].[c&D3&v4&H0&+0&R&z0:5]1:[c&D2&v4&H1&+0&R&z0:6]:[c&D2&v4&H1&+0&R&z0:7]:[c&D2&v4&H1&+0&R&z1:8]:[n&D3&v4&H0&+&R:9]:[c&D2&v4&H1&+0&R&z1:10]:1>>[*:1]-[C&D3&v4&H0&+0&!R&z2:2](=[O&D1&v2&H0&+0&!R:3])-[C&D2&v4&H2&+0&!R&z0:4].[C&D3&v4&H0&+0&R&z0:5]1=[C&D2&v4&H1&+0&R&z1:10]-[N&D3&v3&H0&+0&R:9]-[C&D2&v4&H1&+0&R&z1:8]=[C&D2&v4&H1&+0&R&z0:7]-[C&D2&v4&H2&+0&R&z0:6]-1,[336],[1]
405,[*:1]-[C&D3&v4&H0&+0&!R&z2:2](=[O&D1&v2&H0&+0&!R:3])-[C&D2&v4&H2&+0&!R&z0:4].[C&D3&v4&H0&+0&R&z0:5]1=[C&D2&v4&H1&+0&R&z1:6]-[N&D3&v3&H0&+0&R:7]-[C&D2&v4&H1&+0&R&z1:8]=[C&D2&v4&H1&+0&R&z0:9]-[C&D2&v4&H2&+0&R&z0:10]-1>>[*:1]-[C@&D3&v4&H1&+0&!R&z2:2](-[O&D1&v2&H1&+0&!R:3])-[C&D2&v4&H2&+0&!R&z0:4].[c&D3&v4&H0&+0&R&z0:5]1:[c&D2&v4&H1&+0&R&z0:10]:[c&D2&v4&H1&+0&R&z0:9]:[c&D2&v4&H1&+0&R&z1:8]:[n&D3&v4&H0&+&R:7]:[c&D2&v4&H1&+0&R&z1:6]:1,[336],[1]
406,[C&D3&v4&H0&+0&!R&z2:1](=[O&D1&v2&H0&+0&!R:2])-[O&D2&v2&H0&+0&!R:3].[O&D0&v2&H2&+0&!R:4]>>[C&D3&v4&H0&+0&!R&z2:1](=[O&D1&v2&H0&+0&!R:2])-[O&D1&v2&H1&+0&!R:4].[O&D1&v2&H1&+0&!R:3],"[337, 740, 866, 922]","[1, 1, 1, 1]"
407,[C&D3&v4&H0&+0&!R&z2:1](=[O&D1&v2&H0&+0&!R:2])-[O&D1&v2&H1&+0&!R:3].[O&D1&v2&H1&+0&!R:4]>>[C&D3&v4&H0&+0&!R&z2:1](=[O&D1&v2&H0&+0&!R:2])-[O&D2&v2&H0&+0&!R:4].[O&D0&v2&H2&+0&!R:3],"[337, 740, 866, 922]","[1, 1, 1, 1]"
408,[O&D0&v2&H2&+0&!R:1].[P&D4&v5&H0&+0&!R:2](-[O&D1&v2&H1&+0&!R:3])-[O&D2&v2&H0&+0&!R:4]>>[O&D1&v2&H1&+0&!R:4].[P&D4&v5&H0&+0&!R:2](-[O&D1&v2&H1&+0&!R:3])-[O&D1&v2&H1&+0&!R:1],[338],[1]
409,[O&D1&v2&H1&+0&!R:1].[P&D4&v5&H0&+0&!R:2](-[O&D1&v2&H1&+0&!R:3])-[O&D1&v2&H1&+0&!R:4]>>[O&D0&v2&H2&+0&!R:4].[P&D4&v5&H0&+0&!R:2](-[O&D1&v2&H1&+0&!R:3])-[O&D2&v2&H0&+0&!R:1],[338],[1]
410,[O&D1&v2&H1&+0&!R:1].[O&D2&v2&H0&+0&R:2]-[C@&D4&v4&H0&+0&R&z2:3](-[O&D2&v2&H0&+0&!R:4])(-[C&D3&v4&H0&+0&!R&z2:5])-[C&D2&v4&H2&+0&R&z0:6]>>[O&D1&v2&H1&+0&!R:4].[O&D2&v2&H0&+0&!R:1]-[C@@&D4&v4&H0&+0&R&z2:3](-[C&D3&v4&H0&+0&!R&z2:5])(-[C&D2&v4&H2&+0&R&z0:6])-[O&D2&v2&H0&+0&R:2],"[340, 840]","[1, 1]"
411,[O&D1&v2&H1&+0&!R:1].[O&D2&v2&H0&+0&!R:2]-[C@@&D4&v4&H0&+0&R&z2:3](-[C&D3&v4&H0&+0&!R&z2:4])(-[C&D2&v4&H2&+0&R&z0:5])-[O&D2&v2&H0&+0&R:6]>>[O&D1&v2&H1&+0&!R:2].[O&D2&v2&H0&+0&R:6]-[C@&D4&v4&H0&+0&R&z2:3](-[O&D2&v2&H0&+0&!R:1])(-[C&D3&v4&H0&+0&!R&z2:4])-[C&D2&v4&H2&+0&R&z0:5],"[340, 840]","[1, 1]"
412,[C&D2&v4&H2&+0&!R&z0:1]/[C&D2&v4&H1&+0&!R&z0:2]=[C&D2&v4&H1&+0&!R&z0:3]\[C&D2&v4&H2&+0&!R&z0:4]-[C&D3&v4&H0&+0&!R&z2:5]=[O&D1&v2&H0&+0&!R:6]>>[C&D2&v4&H2&+0&!R&z0:1]-[C&D2&v4&H2&+0&!R&z0:2]/[C&D2&v4&H1&+0&!R&z0:3]=[C&D2&v4&H1&+0&!R&z0:4]/[C&D3&v4&H0&+0&!R&z2:5]=[O&D1&v2&H0&+0&!R:6],"[341, 499]","[1, 1]"
413,[C&D2&v4&H2&+0&!R&z0:1]-[C&D2&v4&H2&+0&!R&z0:2]/[C&D2&v4&H1&+0&!R&z0:3]=[C&D2&v4&H1&+0&!R&z0:4]/[C&D3&v4&H0&+0&!R&z2:5]=[O&D1&v2&H0&+0&!R:6]>>[C&D2&v4&H2&+0&!R&z0:1]/[C&D2&v4&H1&+0&!R&z0:2]=[C&D2&v4&H1&+0&!R&z0:3]\[C&D2&v4&H2&+0&!R&z0:4]-[C&D3&v4&H0&+0&!R&z2:5]=[O&D1&v2&H0&+0&!R:6],"[341, 499]","[1, 1]"
414,[C&D2&v4&H2&+0&!R&z0:1]/[C&D2&v4&H1&+0&!R&z0:2]=[C&D2&v4&H1&+0&!R&z0:3]\[C&D2&v4&H1&+0&!R&z0:4]=[C&D2&v4&H1&+0&!R&z0:5]\[C&D2&v4&H2&+0&!R&z0:6]>>[C&D2&v4&H2&+0&!R&z0:1]-[C&D2&v4&H2&+0&!R&z0:2]/[C&D2&v4&H1&+0&!R&z0:3]=[C&D2&v4&H1&+0&!R&z0:4]/[C&D2&v4&H1&+0&!R&z0:5]=[C&D2&v4&H1&+0&!R&z0:6],[342],[1]
415,[C&D2&v4&H2&+0&!R&z0:1]-[C&D2&v4&H2&+0&!R&z0:2]/[C&D2&v4&H1&+0&!R&z0:3]=[C&D2&v4&H1&+0&!R&z0:4]/[C&D2&v4&H1&+0&!R&z0:5]=[C&D2&v4&H1&+0&!R&z0:6]>>[C&D2&v4&H2&+0&!R&z0:1]/[C&D2&v4&H1&+0&!R&z0:2]=[C&D2&v4&H1&+0&!R&z0:3]\[C&D2&v4&H1&+0&!R&z0:4]=[C&D2&v4&H1&+0&!R&z0:5]\[C&D2&v4&H2&+0&!R&z0:6],[342],[1]
416,[C&D1&v4&H3&+0&!R&z0:1]/[C&D3&v4&H0&+0&!R&z0:2](=[C&D2&v4&H1&+0&!R&z0:3]\[C&D3&v4&H0&+0&!R&z2:4]=[O&D1&v2&H0&+0&!R:5])-[C&D2&v4&H2&+0&!R&z0:6].[O&D0&v2&H2&+0&!R:7]>>[C&D3&v4&H0&+0&!R&z2:4](=[O&D1&v2&H0&+0&!R:5])-[C&D2&v4&H2&+0&!R&z0:3]-[C@&D4&v4&H0&+0&!R&z1:2](-[C&D1&v4&H3&+0&!R&z0:1])(-[O&D1&v2&H1&+0&!R:7])-[C&D2&v4&H2&+0&!R&z0:6],[343],[1]
417,[C&D3&v4&H0&+0&!R&z2:1](=[O&D1&v2&H0&+0&!R:2])-[C&D2&v4&H2&+0&!R&z0:3]-[C@&D4&v4&H0&+0&!R&z1:4](-[C&D1&v4&H3&+0&!R&z0:5])(-[O&D1&v2&H1&+0&!R:6])-[C&D2&v4&H2&+0&!R&z0:7]>>[C&D1&v4&H3&+0&!R&z0:5]/[C&D3&v4&H0&+0&!R&z0:4](=[C&D2&v4&H1&+0&!R&z0:3]\[C&D3&v4&H0&+0&!R&z2:1]=[O&D1&v2&H0&+0&!R:2])-[C&D2&v4&H2&+0&!R&z0:7].[O&D0&v2&H2&+0&!R:6],[343],[1]
418,[C&D3&v4&H0&+0&!R&z2:1](=[O&D1&v2&H0&+0&!R:2])-[C&D2&v4&H2&+0&!R&z0:3]-[C&D2&v4&H2&+0&!R&z0:4]-[C&D3&v4&H0&+0&!R&z1:5](=[O&D1&v2&H0&+0&!R:6])-[c&D3&v4&H0&+0&R&z0:7]:[c&D3&v4&H0&+0&R&z0:8]-[C&D3&v4&H0&+0&!R&z2:9](=[O&D1&v2&H0&+0&!R:10])-[O&D1&v2&H1&+0&!R:11]>>[C&D3&v4&H0&+0&!R&z2:1](=[O&D1&v2&H0&+0&!R:2])-[c&D3&v4&H0&+0&R&z0:3]1:[c&D2&v4&H1&+0&R&z0:4]:[c&D3&v4&H0&+0&R&z1:5](-[O&D1&v2&H1&+0&!R:6]):[c&D3&v4&H0&+0&R&z0:7]:[c&D3&v4&H0&+0&R&z0:8]:[c&D3&v4&H0&+0&R&z1:9]:1-[O&D1&v2&H1&+0&!R:10].[O&D0&v2&H2&+0&!R:11],[346],[1]
419,[C&D3&v4&H0&+0&!R&z2:1](=[O&D1&v2&H0&+0&!R:2])-[c&D3&v4&H0&+0&R&z0:3]1:[c&D2&v4&H1&+0&R&z0:4]:[c&D3&v4&H0&+0&R&z1:5](-[O&D1&v2&H1&+0&!R:6]):[c&D3&v4&H0&+0&R&z0:7]:[c&D3&v4&H0&+0&R&z0:8]:[c&D3&v4&H0&+0&R&z1:9]:1-[O&D1&v2&H1&+0&!R:10].[O&D0&v2&H2&+0&!R:11]>>[C&D3&v4&H0&+0&!R&z2:1](=[O&D1&v2&H0&+0&!R:2])-[C&D2&v4&H2&+0&!R&z0:3]-[C&D2&v4&H2&+0&!R&z0:4]-[C&D3&v4&H0&+0&!R&z1:5](=[O&D1&v2&H0&+0&!R:6])-[c&D3&v4&H0&+0&R&z0:7]:[c&D3&v4&H0&+0&R&z0:8]-[C&D3&v4&H0&+0&!R&z2:9](=[O&D1&v2&H0&+0&!R:10])-[O&D1&v2&H1&+0&!R:11],[346],[1]
420,[O&D0&v2&H2&+0&!R:1].[c&D3&v4&H0&+0&R&z0:2](/[C&D2&v4&H1&+0&!R&z0:3]=[C&D2&v4&H1&+0&!R&z0:4]/[C&D3&v4&H0&+0&!R&z2:5]=[O&D1&v2&H0&+0&!R:6]):[c&D2&v4&H1&+0&R&z0:7]:[c&D2&v4&H1&+0&R&z0:8]:[c&D3&v4&H0&+0&R&z1:9]-[O&D1&v2&H1&+0&!R:10]>>[C&D1&v4&H3&+0&!R&z0:4]-[C&D3&v4&H0&+0&!R&z2:5]=[O&D1&v2&H0&+0&!R:6].[c&D3&v4&H0&+0&R&z0:2](-[C&D2&v4&H1&+0&!R&z1:3]=[O&D1&v2&H0&+0&!R:1]):[c&D2&v4&H1&+0&R&z0:7]:[c&D2&v4&H1&+0&R&z0:8]:[c&D3&v4&H0&+0&R&z1:9]-[O&D1&v2&H1&+0&!R:10],[347],[1]
421,[C&D1&v4&H3&+0&!R&z0:1]-[C&D3&v4&H0&+0&!R&z2:2]=[O&D1&v2&H0&+0&!R:3].[c&D3&v4&H0&+0&R&z0:4](-[C&D2&v4&H1&+0&!R&z1:5]=[O&D1&v2&H0&+0&!R:6]):[c&D2&v4&H1&+0&R&z0:7]:[c&D2&v4&H1&+0&R&z0:8]:[c&D3&v4&H0&+0&R&z1:9]-[O&D1&v2&H1&+0&!R:10]>>[O&D0&v2&H2&+0&!R:6].[c&D3&v4&H0&+0&R&z0:4](/[C&D2&v4&H1&+0&!R&z0:5]=[C&D2&v4&H1&+0&!R&z0:1]/[C&D3&v4&H0&+0&!R&z2:2]=[O&D1&v2&H0&+0&!R:3]):[c&D2&v4&H1&+0&R&z0:7]:[c&D2&v4&H1&+0&R&z0:8]:[c&D3&v4&H0&+0&R&z1:9]-[O&D1&v2&H1&+0&!R:10],[347],[1]
422,([C&D2&v4&H1&+0&!R&z0:1]/[C&D3&v4&H0&+0&!R&z1:2](-[Cl&D1&v1&H0&+0&!R:3])=[C&D2&v4&H1&+0&!R&z0:4]\[C&D3&v4&H0&+0&!R&z2:5](=[O&D1&v2&H0&+0&!R:6])-[O&D1&v2&H1&+0&!R:7].[O&D1&v2&H1&+0&!R:8])>>[Cl&D0&v1&H1&+0&!R:3].[O&D1&v2&H0&+0&!R:6]=[C&D3&v4&H0&+0&!R&z2:5](-[O&D1&v2&H1&+0&!R:7])/[C&D2&v4&H1&+0&!R&z0:4]=[C&D3&v4&H0&+0&R&z1:2](\[C&D2&v4&H1&+0&R&z0:1])-[O&D2&v2&H0&+0&R:8],[348],[1]
423,[Cl&D0&v1&H1&+0&!R:1].[O&D1&v2&H0&+0&!R:2]=[C&D3&v4&H0&+0&!R&z2:3](-[O&D1&v2&H1&+0&!R:4])/[C&D2&v4&H1&+0&!R&z0:5]=[C&D3&v4&H0&+0&R&z1:6](\[C&D2&v4&H1&+0&R&z0:7])-[O&D2&v2&H0&+0&R:8]>>([C&D2&v4&H1&+0&!R&z0:7]/[C&D3&v4&H0&+0&!R&z1:6](-[Cl&D1&v1&H0&+0&!R:1])=[C&D2&v4&H1&+0&!R&z0:5]\[C&D3&v4&H0&+0&!R&z2:3](=[O&D1&v2&H0&+0&!R:2])-[O&D1&v2&H1&+0&!R:4].[O&D1&v2&H1&+0&!R:8]),[348],[1]
424,[C&D2&v4&H1&+0&R&z0:1]=[C&D3&v4&H0&+0&R&z0:2]-[C&D2&v4&H2&+0&R&z0:3]-[C&D3&v4&H0&+0&R&z1:4]=[O&D1&v2&H0&+0&!R:5]>>[C&D2&v4&H2&+0&R&z0:1]-[C&D3&v4&H0&+0&R&z0:2]=[C&D2&v4&H1&+0&R&z0:3]-[C&D3&v4&H0&+0&R&z1:4]=[O&D1&v2&H0&+0&!R:5],[349],[2]
425,[C&D2&v4&H2&+0&R&z0:1]-[C&D3&v4&H0&+0&R&z0:2]=[C&D2&v4&H1&+0&R&z0:3]-[C&D3&v4&H0&+0&R&z1:4]=[O&D1&v2&H0&+0&!R:5]>>[C&D2&v4&H1&+0&R&z0:1]=[C&D3&v4&H0&+0&R&z0:2]-[C&D2&v4&H2&+0&R&z0:3]-[C&D3&v4&H0&+0&R&z1:4]=[O&D1&v2&H0&+0&!R:5],[349],[2]
426,[C&D2&v4&H2&+0&!R&z1:1]-[O&D1&v2&H1&+0&!R:2].[O&D2&v2&H0&+0&!R:3]-[P&D4&v5&H0&+0&!R:4](=[O&D1&v2&H0&+0&!R:5])-[O&D1&v2&H1&+0&!R:6]>>[O&D0&v2&H2&+0&!R:2].[O&D2&v2&H0&+0&!R:3]-[P&D4&v5&H0&+0&!R:4](=[O&D1&v2&H0&+0&!R:5])-[O&D2&v2&H0&+0&!R:6]-[C&D2&v4&H2&+0&!R&z1:1],[352],[1]
427,[O&D0&v2&H2&+0&!R:1].[O&D2&v2&H0&+0&!R:2]-[P&D4&v5&H0&+0&!R:3](=[O&D1&v2&H0&+0&!R:4])-[O&D2&v2&H0&+0&!R:5]-[C&D2&v4&H2&+0&!R&z1:6]>>[C&D2&v4&H2&+0&!R&z1:6]-[O&D1&v2&H1&+0&!R:1].[O&D2&v2&H0&+0&!R:2]-[P&D4&v5&H0&+0&!R:3](=[O&D1&v2&H0&+0&!R:4])-[O&D1&v2&H1&+0&!R:5],[352],[1]
428,[C&D1&v4&H2&+0&!R&z0:1]=[C&D3&v4&H0&+0&!R&z1:2]-[C&D3&v4&H0&+0&!R&z2:3]=[O&D1&v2&H0&+0&!R:4].[C&D3&v4&H0&+0&R&z0:5]1=[C&D2&v4&H1&+0&R&z1:6]-[N&D3&v3&H0&+0&R:7]-[C&D2&v4&H1&+0&R&z1:8]=[C&D2&v4&H1&+0&R&z0:9]-[C&D2&v4&H2&+0&R&z0:10]-1>>[C&D3&v4&H1&+0&!R&z1:2](-[C&D1&v4&H3&+0&!R&z0:1])-[C&D3&v4&H0&+0&!R&z2:3]=[O&D1&v2&H0&+0&!R:4].[c&D3&v4&H0&+0&R&z0:5]1:[c&D2&v4&H1&+0&R&z0:10]:[c&D2&v4&H1&+0&R&z0:9]:[c&D2&v4&H1&+0&R&z1:8]:[n&D3&v4&H0&+&R:7]:[c&D2&v4&H1&+0&R&z1:6]:1,[353],[1]
429,[C&D3&v4&H1&+0&!R&z1:1](-[C&D1&v4&H3&+0&!R&z0:2])-[C&D3&v4&H0&+0&!R&z2:3]=[O&D1&v2&H0&+0&!R:4].[c&D3&v4&H0&+0&R&z0:5]1:[c&D2&v4&H1&+0&R&z0:6]:[c&D2&v4&H1&+0&R&z0:7]:[c&D2&v4&H1&+0&R&z1:8]:[n&D3&v4&H0&+&R:9]:[c&D2&v4&H1&+0&R&z1:10]:1>>[C&D1&v4&H2&+0&!R&z0:2]=[C&D3&v4&H0&+0&!R&z1:1]-[C&D3&v4&H0&+0&!R&z2:3]=[O&D1&v2&H0&+0&!R:4].[C&D3&v4&H0&+0&R&z0:5]1=[C&D2&v4&H1&+0&R&z1:10]-[N&D3&v3&H0&+0&R:9]-[C&D2&v4&H1&+0&R&z1:8]=[C&D2&v4&H1&+0&R&z0:7]-[C&D2&v4&H2&+0&R&z0:6]-1,[353],[1]
430,[C&D2&v4&H1&+0&R&z0:1]=[C&D3&v4&H0&+0&R&z0:2]-[C&D2&v4&H2&+0&R&z0:3]-[C@@&D3&v4&H1&+0&R&z1:4](-[O&D1&v2&H1&+0&!R:5])-[C&D2&v4&H2&+0&R&z0:6].[O&D1&v2&H0&+0&!R:7]=[O&D1&v2&H0&+0&!R:8]>>[C&D2&v4&H2&+0&R&z0:1]-[C&D3&v4&H0&+0&R&z0:2]=[C&D2&v4&H1&+0&R&z0:3]-[C&D3&v4&H0&+0&R&z1:4](=[O&D1&v2&H0&+0&!R:5])-[C&D2&v4&H2&+0&R&z0:6].[O&D1&v2&H1&+0&!R:7]-[O&D1&v2&H1&+0&!R:8],[354],[1]
431,[C&D2&v4&H2&+0&R&z0:1]-[C&D3&v4&H0&+0&R&z0:2]=[C&D2&v4&H1&+0&R&z0:3]-[C&D3&v4&H0&+0&R&z1:4](=[O&D1&v2&H0&+0&!R:5])-[C&D2&v4&H2&+0&R&z0:6].[O&D1&v2&H1&+0&!R:7]-[O&D1&v2&H1&+0&!R:8]>>[C&D2&v4&H1&+0&R&z0:1]=[C&D3&v4&H0&+0&R&z0:2]-[C&D2&v4&H2&+0&R&z0:3]-[C@@&D3&v4&H1&+0&R&z1:4](-[O&D1&v2&H1&+0&!R:5])-[C&D2&v4&H2&+0&R&z0:6].[O&D1&v2&H0&+0&!R:7]=[O&D1&v2&H0&+0&!R:8],[354],[1]
432,[O&D1&v2&H1&+0&!R:1].[O&D2&v2&H0&+0&!R:2]-[C@@&D3&v4&H1&+0&R&z2:3]1-[O&D2&v2&H0&+0&R:4]-[C@&D3&v4&H1&+0&R&z1:5](-[C&D2&v4&H2&+0&!R&z1:6])-[C@&D3&v4&H1&+0&R&z1:7](-[O&D1&v2&H1&+0&!R:8])-[C@&D3&v4&H1&+0&R&z1:9](-[O&D1&v2&H1&+0&!R:10])-[C@@&D3&v4&H1&+0&R&z1:11]-1-[O&D1&v2&H1&+0&!R:12]>>[O&D1&v2&H1&+0&!R:2].[O&D2&v2&H0&+0&!R:1]-[C&D3&v4&H1&+0&R&z2:3]1-[O&D2&v2&H0&+0&R:4]-[C@&D3&v4&H1&+0&R&z1:5](-[C&D2&v4&H2&+0&!R&z1:6])-[C@&D3&v4&H1&+0&R&z1:7](-[O&D1&v2&H1&+0&!R:8])-[C@&D3&v4&H1&+0&R&z1:9](-[O&D1&v2&H1&+0&!R:10])-[C@@&D3&v4&H1&+0&R&z1:11]-1-[O&D1&v2&H1&+0&!R:12],"[356, 356]","[1, 2]"
433,[O&D1&v2&H1&+0&!R:1].[O&D2&v2&H0&+0&!R:2]-[C&D3&v4&H1&+0&R&z2:3]1-[O&D2&v2&H0&+0&R:4]-[C@&D3&v4&H1&+0&R&z1:5](-[C&D2&v4&H2&+0&!R&z1:6])-[C@&D3&v4&H1&+0&R&z1:7](-[O&D1&v2&H1&+0&!R:8])-[C@&D3&v4&H1&+0&R&z1:9](-[O&D1&v2&H1&+0&!R:10])-[C@@&D3&v4&H1&+0&R&z1:11]-1-[O&D1&v2&H1&+0&!R:12]>>[O&D1&v2&H1&+0&!R:2].[O&D2&v2&H0&+0&!R:1]-[C@@&D3&v4&H1&+0&R&z2:3]1-[O&D2&v2&H0&+0&R:4]-[C@&D3&v4&H1&+0&R&z1:5](-[C&D2&v4&H2&+0&!R&z1:6])-[C@&D3&v4&H1&+0&R&z1:7](-[O&D1&v2&H1&+0&!R:8])-[C@&D3&v4&H1&+0&R&z1:9](-[O&D1&v2&H1&+0&!R:10])-[C@@&D3&v4&H1&+0&R&z1:11]-1-[O&D1&v2&H1&+0&!R:12],"[356, 356]","[1, 2]"
434,[c&D2&v4&H1&+0&R&z1:1]:[c&D3&v4&H0&+0&R&z0:2]-[C&D2&v4&H2&+0&!R&z1:3]-[n&D3&v4&H0&+&R:4].[n&D2&v3&H0&+0&R:5]>>[c&D2&v4&H1&+0&R&z1:1]:[c&D3&v4&H0&+0&R&z0:2]-[C&D2&v4&H2&+0&!R&z1:3]-[n&D3&v4&H0&+&R:5].[n&D2&v3&H0&+0&R:4],"[357, 357]","[2, 2]"
435,[C&D2&v4&H1&+0&!R&z1:1]=[O&D1&v2&H0&+0&!R:2].([N&D1&v3&H2&+0&!R:3].[c&D3&v4&H0&+0&R&z0:4]:[c&D2&v4&H1&+0&R&z1:5])>>[C&D3&v4&H1&+0&R&z1:1](-[N&D2&v3&H1&+0&R:3])-[c&D3&v4&H0&+0&R&z1:5]:[c&D3&v4&H0&+0&R&z0:4].[O&D0&v2&H2&+0&!R:2],[360],[2]
436,[C&D3&v4&H1&+0&R&z1:1](-[N&D2&v3&H1&+0&R:2])-[c&D3&v4&H0&+0&R&z1:3]:[c&D3&v4&H0&+0&R&z0:4].[O&D0&v2&H2&+0&!R:5]>>[C&D2&v4&H1&+0&!R&z1:1]=[O&D1&v2&H0&+0&!R:5].([N&D1&v3&H2&+0&!R:2].[c&D3&v4&H0&+0&R&z0:4]:[c&D2&v4&H1&+0&R&z1:3]),[360],[2]
437,[N&D1&v3&H2&+0&!R:1].[N&D3&v3&H0&+0&!R:2]-[C&D2&v4&H1&+0&!R&z2:3]=[O&D1&v2&H0&+0&!R:4]>>[N&D2&v3&H1&+0&!R:2].[O&D1&v2&H0&+0&!R:4]=[C&D2&v4&H1&+0&!R&z2:3]-[N&D2&v3&H1&+0&!R:1],[363],[2]
438,[N&D2&v3&H1&+0&!R:1].[O&D1&v2&H0&+0&!R:2]=[C&D2&v4&H1&+0&!R&z2:3]-[N&D2&v3&H1&+0&!R:4]>>[N&D1&v3&H2&+0&!R:4].[N&D3&v3&H0&+0&!R:1]-[C&D2&v4&H1&+0&!R&z2:3]=[O&D1&v2&H0&+0&!R:2],[363],[2]
439,[C&D2&v4&H2&+0&!R&z1:1]-[O&D2&v2&H0&+0&!R:2]~[*:3](~[O&D1&v2&H0&+0&!R:4])~[*:5]~[*:6]~[O&D1&v2&H0&+0&!R:7].[n&D2&v3&H0&+0&R:8]>>[C&D2&v4&H2&+0&!R&z1:1]-[n&D3&v4&H0&+&R:8].[O&D1&v2&H0&+0&!R:7]~[*:6]~[*:5]~[*:3](~[O&D1&v2&H0&+0&!R:4])~[O&D1&v2&H1&+0&!R:2],[364],[3]
440,[C&D2&v4&H2&+0&!R&z1:1]-[n&D3&v4&H0&+&R:2].[O&D1&v2&H0&+0&!R:3]~[*:4]~[*:5]~[*:6](~[O&D1&v2&H0&+0&!R:7])~[O&D1&v2&H1&+0&!R:8]>>[C&D2&v4&H2&+0&!R&z1:1]-[O&D2&v2&H0&+0&!R:8]~[*:6](~[O&D1&v2&H0&+0&!R:7])~[*:5]~[*:4]~[O&D1&v2&H0&+0&!R:3].[n&D2&v3&H0&+0&R:2],[364],[3]
441,([O&D1&v2&H1&+0&!R:1].[O&D2&v2&H0&+0&!R:2]-[C&D3&v4&H1&+0&R&z2:3]-[O&D2&v2&H0&+0&R:4])>>([O&D1&v2&H1&+0&!R:4].[O&D2&v2&H0&+0&!R:2]-[C&D3&v4&H1&+0&R&z2:3]-[O&D2&v2&H0&+0&R:1]),"[368, 368]","[4, 4]"
442,[O&D2&v2&H0&+0&!R:1]-[C@&D3&v4&H1&+0&R&z2:2]1-[O&D2&v2&H0&+0&R:3]-[C@@&D3&v4&H1&+0&R&z1:4](-[C&D2&v4&H2&+0&!R&z1:5])-[C@@&D3&v4&H1&+0&R&z1:6](-[O&D1&v2&H1&+0&!R:7])-[C@@&D3&v4&H1&+0&R&z1:8](-[O&D1&v2&H1&+0&!R:9])-[C@&D3&v4&H1&+0&R&z1:10]-1-[O&D1&v2&H1&+0&!R:11]>>[O&D2&v2&H0&+0&!R:1]-[C&D3&v4&H1&+0&R&z2:2]1-[O&D2&v2&H0&+0&R:7]-[C@@&D3&v4&H1&+0&R&z1:6](-[C@&D3&v4&H1&+0&!R&z1:4](-[O&D1&v2&H1&+0&!R:3])-[C&D2&v4&H2&+0&!R&z1:5])-[C@@&D3&v4&H1&+0&R&z1:8](-[O&D1&v2&H1&+0&!R:9])-[C@&D3&v4&H1&+0&R&z1:10]-1-[O&D1&v2&H1&+0&!R:11],[368],[2]
443,[O&D2&v2&H0&+0&!R:1]-[C&D3&v4&H1&+0&R&z2:2]1-[O&D2&v2&H0&+0&R:3]-[C@@&D3&v4&H1&+0&R&z1:4](-[C@&D3&v4&H1&+0&!R&z1:5](-[O&D1&v2&H1&+0&!R:6])-[C&D2&v4&H2&+0&!R&z1:7])-[C@@&D3&v4&H1&+0&R&z1:8](-[O&D1&v2&H1&+0&!R:9])-[C@&D3&v4&H1&+0&R&z1:10]-1-[O&D1&v2&H1&+0&!R:11]>>[O&D2&v2&H0&+0&!R:1]-[C@&D3&v4&H1&+0&R&z2:2]1-[O&D2&v2&H0&+0&R:6]-[C@@&D3&v4&H1&+0&R&z1:5](-[C&D2&v4&H2&+0&!R&z1:7])-[C@@&D3&v4&H1&+0&R&z1:4](-[O&D1&v2&H1&+0&!R:3])-[C@@&D3&v4&H1&+0&R&z1:8](-[O&D1&v2&H1&+0&!R:9])-[C@&D3&v4&H1&+0&R&z1:10]-1-[O&D1&v2&H1&+0&!R:11],[368],[2]
444,[C&D1&v4&H2&+0&!R&z0:1]=[C&D3&v4&H0&+0&!R&z1:2]-[O&D2&v2&H0&+0&!R:3].[O&D1&v2&H1&+0&!R:4]>>[C&D1&v4&H2&+0&!R&z0:1]=[C&D3&v4&H0&+0&!R&z1:2]-[O&D2&v2&H0&+0&!R:4].[O&D1&v2&H1&+0&!R:3],"[369, 369]","[2, 2]"
445,[C&D1&v4&H2&+0&!R&z0:1]=[C&D3&v4&H0&+0&!R&z1:2].[O&D1&v2&H1&+0&!R:3]>>[O&D2&v2&H0&+0&!R:3]-[C&D4&v4&H0&+0&!R&z2:2]-[C&D1&v4&H3&+0&!R&z0:1],[369],[3]
446,[O&D2&v2&H0&+0&!R:1]-[C&D4&v4&H0&+0&!R&z2:2]-[C&D1&v4&H3&+0&!R&z0:3]>>[C&D1&v4&H2&+0&!R&z0:3]=[C&D3&v4&H0&+0&!R&z1:2].[O&D1&v2&H1&+0&!R:1],[369],[3]
447,[N&D1&v3&H2&+0&!R:1]-[C@@&D3&v4&H1&+0&!R&z1:2](-[C&D2&v4&H2&+0&!R&z0:3])-[C&D3&v4&H0&+0&!R&z2:4]-[O&D1&v2&H1&+0&!R:5]>>[C&D2&v4&H0&+0&!R&z2:4]=[O&D1&v2&H0&+0&!R:5].[N&D1&v3&H2&+0&!R:1]-[C&D2&v4&H2&+0&!R&z1:2]-[C&D2&v4&H2&+0&!R&z0:3],[409],[2]
448,[C&D2&v4&H0&+0&!R&z2:1]=[O&D1&v2&H0&+0&!R:2].[N&D1&v3&H2&+0&!R:3]-[C&D2&v4&H2&+0&!R&z1:4]-[C&D2&v4&H2&+0&!R&z0:5]>>[N&D1&v3&H2&+0&!R:3]-[C@@&D3&v4&H1&+0&!R&z1:4](-[C&D2&v4&H2&+0&!R&z0:5])-[C&D3&v4&H0&+0&!R&z2:1]-[O&D1&v2&H1&+0&!R:2],[409],[2]
449,[C&D3&v4&H0&+0&!R&z2:1]-[C@@&D3&v4&H1&+0&!R&z1:2](-[O&D1&v2&H1&+0&!R:3])-[C@@&D3&v4&H1&+0&!R&z1:4](-[O&D1&v2&H1&+0&!R:5])-[C@&D3&v4&H1&+0&!R&z1:6](-[O&D1&v2&H1&+0&!R:7])-[C@@&D3&v4&H1&+0&!R&z1:8](-[O&D1&v2&H1&+0&!R:9])-[C&D3&v4&H0&+0&!R&z2:10](=[O&D1&v2&H0&+0&!R:11])-[O&D1&v2&H1&+0&!R:12]>>[O&D0&v2&H2&+0&!R:7].[O&D1&v2&H0&+0&!R:11]=[C&D3&v4&H0&+0&!R&z2:10](-[O&D1&v2&H1&+0&!R:12])/[C&D3&v4&H0&+0&!R&z1:8](-[O&D1&v2&H1&+0&!R:9])=[C&D2&v4&H1&+0&!R&z0:6]/[C@&D3&v4&H1&+0&!R&z1:4](-[O&D1&v2&H1&+0&!R:5])-[C@&D3&v4&H1&+0&!R&z1:2](-[O&D1&v2&H1&+0&!R:3])-[C&D3&v4&H0&+0&!R&z2:1],[451],[2]
450,[O&D0&v2&H2&+0&!R:1].[O&D1&v2&H0&+0&!R:2]=[C&D3&v4&H0&+0&!R&z2:3](-[O&D1&v2&H1&+0&!R:4])/[C&D3&v4&H0&+0&!R&z1:5](-[O&D1&v2&H1&+0&!R:6])=[C&D2&v4&H1&+0&!R&z0:7]/[C@&D3&v4&H1&+0&!R&z1:8](-[O&D1&v2&H1&+0&!R:9])-[C@&D3&v4&H1&+0&!R&z1:10](-[O&D1&v2&H1&+0&!R:11])-[C&D3&v4&H0&+0&!R&z2:12]>>[C&D3&v4&H0&+0&!R&z2:12]-[C@@&D3&v4&H1&+0&!R&z1:10](-[O&D1&v2&H1&+0&!R:11])-[C@@&D3&v4&H1&+0&!R&z1:8](-[O&D1&v2&H1&+0&!R:9])-[C@&D3&v4&H1&+0&!R&z1:7](-[O&D1&v2&H1&+0&!R:1])-[C@@&D3&v4&H1&+0&!R&z1:5](-[O&D1&v2&H1&+0&!R:6])-[C&D3&v4&H0&+0&!R&z2:3](=[O&D1&v2&H0&+0&!R:2])-[O&D1&v2&H1&+0&!R:4],[451],[2]
451,[C&D1&v4&H3&+0&!R&z0:1]-[C@@&D3&v4&H1&+0&!R&z0:2](-[C&D3&v4&H0&+0&!R&z2:3](=[O&D1&v2&H0&+0&!R:4])-[O&D1&v2&H1&+0&!R:5])-[C@@&D3&v4&H1&+0&!R&z1:6](-[N&D1&v3&H2&+0&!R:7])-[C&D3&v4&H0&+0&!R&z2:8]>>[C&D1&v4&H3&+0&!R&z0:1]/[C&D3&v4&H0&+0&!R&z0:2](=[C&D2&v4&H1&+0&!R&z0:6]\[C&D3&v4&H0&+0&!R&z2:8])-[C&D3&v4&H0&+0&!R&z2:3](=[O&D1&v2&H0&+0&!R:4])-[O&D1&v2&H1&+0&!R:5].[N&D0&v3&H3&+0&!R:7],[468],[2]
452,[C&D1&v4&H3&+0&!R&z0:1]/[C&D3&v4&H0&+0&!R&z0:2](=[C&D2&v4&H1&+0&!R&z0:3]\[C&D3&v4&H0&+0&!R&z2:4])-[C&D3&v4&H0&+0&!R&z2:5](=[O&D1&v2&H0&+0&!R:6])-[O&D1&v2&H1&+0&!R:7].[N&D0&v3&H3&+0&!R:8]>>[C&D1&v4&H3&+0&!R&z0:1]-[C@@&D3&v4&H1&+0&!R&z0:2](-[C&D3&v4&H0&+0&!R&z2:5](=[O&D1&v2&H0&+0&!R:6])-[O&D1&v2&H1&+0&!R:7])-[C@@&D3&v4&H1&+0&!R&z1:3](-[N&D1&v3&H2&+0&!R:8])-[C&D3&v4&H0&+0&!R&z2:4],[468],[2]
453,[C&D2&v4&H2&+0&!R&z0:1]-[C@@&D4&v4&H0&+0&R&z0:2]1(-[C&D3&v4&H0&+0&!R&z2:3]-[O&D1&v2&H1&+0&!R:4])-[C&D2&v4&H1&+0&R&z0:5]=[C&D2&v4&H1&+0&R&z0:6]-[C@&D3&v4&H1&+0&R&z1:7](-[O&D1&v2&H1&+0&!R:8])-[C&D2&v4&H1&+0&R&z0:9]=[C&D2&v4&H1&+0&R&z0:10]-1>>[C&D2&v4&H0&+0&!R&z2:3]=[O&D1&v2&H0&+0&!R:4].[C&D2&v4&H2&+0&!R&z0:1]-[c&D3&v4&H0&+0&R&z0:2]1:[c&D2&v4&H1&+0&R&z0:5]:[c&D2&v4&H1&+0&R&z0:6]:[c&D2&v4&H1&+0&R&z0:7]:[c&D2&v4&H1&+0&R&z0:9]:[c&D2&v4&H1&+0&R&z0:10]:1.[O&D0&v2&H2&+0&!R:8],[485],[2]
454,[C&D2&v4&H0&+0&!R&z2:1]=[O&D1&v2&H0&+0&!R:2].[C&D2&v4&H2&+0&!R&z0:3]-[c&D3&v4&H0&+0&R&z0:4]1:[c&D2&v4&H1&+0&R&z0:5]:[c&D2&v4&H1&+0&R&z0:6]:[c&D2&v4&H1&+0&R&z0:7]:[c&D2&v4&H1&+0&R&z0:8]:[c&D2&v4&H1&+0&R&z0:9]:1.[O&D0&v2&H2&+0&!R:10]>>[C&D2&v4&H2&+0&!R&z0:3]-[C@@&D4&v4&H0&+0&R&z0:4]1(-[C&D3&v4&H0&+0&!R&z2:1]-[O&D1&v2&H1&+0&!R:2])-[C&D2&v4&H1&+0&R&z0:5]=[C&D2&v4&H1&+0&R&z0:6]-[C@&D3&v4&H1&+0&R&z1:7](-[O&D1&v2&H1&+0&!R:10])-[C&D2&v4&H1&+0&R&z0:8]=[C&D2&v4&H1&+0&R&z0:9]-1,[485],[2]
455,[C&D1&v4&H3&+0&!R&z0:1]-[C@&D3&v4&H1&+0&R&z1:2]1-[O&D2&v2&H0&+0&R:3]-[C&D3&v4&H1&+0&R&z2:4](-[O&D1&v2&H1&+0&!R:5])-[C@&D3&v4&H1&+0&R&z1:6](-[O&D1&v2&H1&+0&!R:7])~[H1@:8](~[O&D1&v2&H1&+0&!R:9])~[C@@&D3&v4&H1&+0&R&z1:10]-1-[O&D1&v2&H1&+0&!R:11]>>[C&D1&v4&H3&+0&!R&z0:1]-[C@&D3&v4&H1&+0&!R&z1:2](-[O&D1&v2&H1&+0&!R:3])-[C@&D3&v4&H1&+0&!R&z1:10](-[O&D1&v2&H1&+0&!R:11])~[H1@@:8](~[O&D1&v2&H1&+0&!R:9])~[C&D3&v4&H0&+0&!R&z1:6](=[O&D1&v2&H0&+0&!R:7])-[C&D2&v4&H2&+0&!R&z1:4]-[O&D1&v2&H1&+0&!R:5],"[488, 488]","[1, 2]"
456,[C&D1&v4&H3&+0&!R&z0:1]-[C@&D3&v4&H1&+0&!R&z1:2](-[O&D1&v2&H1&+0&!R:3])-[C@&D3&v4&H1&+0&!R&z1:4](-[O&D1&v2&H1&+0&!R:5])~[H1@@:6](~[O&D1&v2&H1&+0&!R:7])~[C&D3&v4&H0&+0&!R&z1:8](=[O&D1&v2&H0&+0&!R:9])-[C&D2&v4&H2&+0&!R&z1:10]-[O&D1&v2&H1&+0&!R:11]>>[C&D1&v4&H3&+0&!R&z0:1]-[C@&D3&v4&H1&+0&R&z1:2]1-[O&D2&v2&H0&+0&R:3]-[C&D3&v4&H1&+0&R&z2:10](-[O&D1&v2&H1&+0&!R:11])-[C@&D3&v4&H1&+0&R&z1:8](-[O&D1&v2&H1&+0&!R:9])~[H1@:6](~[O&D1&v2&H1&+0&!R:7])~[C@@&D3&v4&H1&+0&R&z1:4]-1-[O&D1&v2&H1&+0&!R:5],"[488, 488]","[1, 2]"
457,[O&D1&v2&H0&+0&!R:1]~[*:2](~[O&D1&v2&H1&+0&!R:3])~[H1@@:4](~[O&D1&v2&H1&+0&!R:5])~[H1@:6](~[O&D1&v2&H1&+0&!R:7])~[C@&D3&v4&H1&+0&!R&z1:8](-[O&D1&v2&H1&+0&!R:9])-[C@@&D3&v4&H1&+0&!R&z1:10](-[O&D1&v2&H1&+0&!R:11])-[C&D3&v4&H0&+0&!R&z2:12](=[O&D1&v2&H0&+0&!R:13])-[O&D1&v2&H1&+0&!R:14]>>[O&D0&v2&H2&+0&!R:9].[O&D1&v2&H0&+0&!R:13]=[C&D3&v4&H0&+0&!R&z2:12](-[O&D1&v2&H1&+0&!R:14])-[C&D3&v4&H0&+0&!R&z1:10](=[O&D1&v2&H0&+0&!R:11])-[C&D2&v4&H2&+0&!R&z0:8]~[H1@@:6](~[O&D1&v2&H1&+0&!R:7])~[H1@:4](~[O&D1&v2&H1&+0&!R:5])~[*:2](~[O&D1&v2&H0&+0&!R:1])~[O&D1&v2&H1&+0&!R:3],[502],[1]
458,[O&D0&v2&H2&+0&!R:1].[O&D1&v2&H0&+0&!R:2]=[C&D3&v4&H0&+0&!R&z2:3](-[O&D1&v2&H1&+0&!R:4])-[C&D3&v4&H0&+0&!R&z1:5](=[O&D1&v2&H0&+0&!R:6])-[C&D2&v4&H2&+0&!R&z0:7]~[H1@@:8](~[O&D1&v2&H1&+0&!R:9])~[H1@:10](~[O&D1&v2&H1&+0&!R:11])~[*:12](~[O&D1&v2&H0&+0&!R:13])~[O&D1&v2&H1&+0&!R:14]>>[O&D1&v2&H0&+0&!R:13]~[*:12](~[O&D1&v2&H1&+0&!R:14])~[H1@@:10](~[O&D1&v2&H1&+0&!R:11])~[H1@:8](~[O&D1&v2&H1&+0&!R:9])~[C@&D3&v4&H1&+0&!R&z1:7](-[O&D1&v2&H1&+0&!R:1])-[C@@&D3&v4&H1&+0&!R&z1:5](-[O&D1&v2&H1&+0&!R:6])-[C&D3&v4&H0&+0&!R&z2:3](=[O&D1&v2&H0&+0&!R:2])-[O&D1&v2&H1&+0&!R:4],[502],[1]
459,[O&D0&v2&H2&+0&!R:1].[P&D4&v5&H0&+0&!R:2](=[O&D1&v2&H0&+0&!R:3])(-[O&D1&v2&H1&+0&!R:4])-[O&D2&v2&H0&+0&!R:5]>>[O&D1&v2&H1&+0&!R:5].[P&D4&v5&H0&+0&!R:2](=[O&D1&v2&H0&+0&!R:3])(-[O&D1&v2&H1&+0&!R:4])-[O&D1&v2&H1&+0&!R:1],"[510, 836, 836]","[1, 1, 3]"
460,[O&D1&v2&H1&+0&!R:1].[P&D4&v5&H0&+0&!R:2](=[O&D1&v2&H0&+0&!R:3])(-[O&D1&v2&H1&+0&!R:4])-[O&D1&v2&H1&+0&!R:5]>>[O&D0&v2&H2&+0&!R:5].[P&D4&v5&H0&+0&!R:2](=[O&D1&v2&H0&+0&!R:3])(-[O&D1&v2&H1&+0&!R:4])-[O&D2&v2&H0&+0&!R:1],"[510, 836, 836]","[1, 1, 3]"
461,[S&D1&v2&H1&+0&!R:1].[S&D1&v2&H1&+0&!R:2].[S&D2&v2&H0&+0&R:3]-[S&D2&v2&H0&+0&R:4]>>([S&D1&v2&H1&+0&!R:3].[S&D1&v2&H1&+0&!R:4]).[S&D2&v2&H0&+0&!R:1]-[S&D2&v2&H0&+0&!R:2],[512],[2]
462,([S&D1&v2&H1&+0&!R:1].[S&D1&v2&H1&+0&!R:2]).[S&D2&v2&H0&+0&!R:3]-[S&D2&v2&H0&+0&!R:4]>>[S&D1&v2&H1&+0&!R:3].[S&D1&v2&H1&+0&!R:4].[S&D2&v2&H0&+0&R:1]-[S&D2&v2&H0&+0&R:2],[512],[2]
463,[O&D0&v2&H2&+0&!R:1].[O&D1&v2&H0&+0&!R:2]=[C&D2&v4&H0&+0&!R&z2:3]=[O&D1&v2&H0&+0&!R:4]>>[O&D1&v2&H0&+0&!R:2]=[C&D3&v4&H0&+0&!R&z3:3](-[O&D1&v2&H1&+0&!R:4])-[O&D1&v2&H1&+0&!R:1],[516],[1]
464,[O&D1&v2&H0&+0&!R:1]=[C&D3&v4&H0&+0&!R&z3:2](-[O&D1&v2&H1&+0&!R:3])-[O&D1&v2&H1&+0&!R:4]>>[O&D0&v2&H2&+0&!R:4].[O&D1&v2&H0&+0&!R:1]=[C&D2&v4&H0&+0&!R&z2:2]=[O&D1&v2&H0&+0&!R:3],[516],[1]
465,[C&D2&v4&H0&+0&!R&z2:1]=[O&D1&v2&H0&+0&!R:2].[O&D0&v2&H2&+0&!R:3]>>[C&D3&v4&H0&+0&!R&z3:1](-[O&D1&v2&H1&+0&!R:3])-[O&D1&v2&H1&+0&!R:2],[517],[1]
466,[C&D3&v4&H0&+0&!R&z3:1](-[O&D1&v2&H1&+0&!R:2])-[O&D1&v2&H1&+0&!R:3]>>[C&D2&v4&H0&+0&!R&z2:1]=[O&D1&v2&H0&+0&!R:3].[O&D0&v2&H2&+0&!R:2],[517],[1]
467,[C&D3&v4&H0&+0&!R&z3:1](=[O&D1&v2&H0&+0&!R:2])-[O&D2&v2&H0&+0&!R:3].[O&D0&v2&H2&+0&!R:4]>>[C&D3&v4&H0&+0&!R&z3:1](=[O&D1&v2&H0&+0&!R:2])-[O&D1&v2&H1&+0&!R:4].[O&D1&v2&H1&+0&!R:3],"[519, 650, 755]","[1, 1, 1]"
468,[C&D3&v4&H0&+0&!R&z3:1](=[O&D1&v2&H0&+0&!R:2])-[O&D1&v2&H1&+0&!R:3].[O&D1&v2&H1&+0&!R:4]>>[C&D3&v4&H0&+0&!R&z3:1](=[O&D1&v2&H0&+0&!R:2])-[O&D2&v2&H0&+0&!R:4].[O&D0&v2&H2&+0&!R:3],"[519, 650, 755]","[1, 1, 1]"
469,[O&D0&v2&H2&+0&!R:1].[S&D2&v2&H0&+0&!R:2]-[C&D3&v4&H0&+0&!R&z2:3]=[O&D1&v2&H0&+0&!R:4]>>[C&D3&v4&H0&+0&!R&z2:3](=[O&D1&v2&H0&+0&!R:4])-[O&D1&v2&H1&+0&!R:1].[S&D1&v2&H1&+0&!R:2],[523],[1]
470,[C&D3&v4&H0&+0&!R&z2:1](=[O&D1&v2&H0&+0&!R:2])-[O&D1&v2&H1&+0&!R:3].[S&D1&v2&H1&+0&!R:4]>>[O&D0&v2&H2&+0&!R:3].[S&D2&v2&H0&+0&!R:4]-[C&D3&v4&H0&+0&!R&z2:1]=[O&D1&v2&H0&+0&!R:2],[523],[1]
471,[C&D3&v4&H0&+0&!R&z2:1]-[S&D2&v2&H0&+0&!R:2].[N&D1&v3&H2&+0&!R:3]>>[N&D2&v3&H1&+0&!R:3]-[C&D3&v4&H0&+0&!R&z2:1].[S&D1&v2&H1&+0&!R:2],[525],[1]
472,[N&D2&v3&H1&+0&!R:1]-[C&D3&v4&H0&+0&!R&z2:2].[S&D1&v2&H1&+0&!R:3]>>[C&D3&v4&H0&+0&!R&z2:2]-[S&D2&v2&H0&+0&!R:3].[N&D1&v3&H2&+0&!R:1],[525],[1]
473,[O&D0&v2&H2&+0&!R:1].[O&D2&v2&H0&+0&!R:2]-[P&D4&v5&H0&+0&!R:3](=[O&D1&v2&H0&+0&!R:4])~[*:5]~[H1@:6]~[H1@:7]~[O&D1&v2&H1&+0&!R:8]>>[*:5](~[H1@:6]~[H1@:7]~[O&D1&v2&H1&+0&!R:8])~[P&D4&v5&H0&+0&!R:3](=[O&D1&v2&H0&+0&!R:4])-[O&D1&v2&H1&+0&!R:1].[O&D1&v2&H1&+0&!R:2],"[530, 693]","[1, 1]"
474,[*:1](~[H1@:2]~[H1@:3]~[O&D1&v2&H1&+0&!R:4])~[P&D4&v5&H0&+0&!R:5](=[O&D1&v2&H0&+0&!R:6])-[O&D1&v2&H1&+0&!R:7].[O&D1&v2&H1&+0&!R:8]>>[O&D0&v2&H2&+0&!R:7].[O&D2&v2&H0&+0&!R:8]-[P&D4&v5&H0&+0&!R:5](=[O&D1&v2&H0&+0&!R:6])~[*:1]~[H1@:2]~[H1@:3]~[O&D1&v2&H1&+0&!R:4],"[530, 693]","[1, 1]"
475,[C&D3&v4&H1&+0&!R&z3:1]-[O&D1&v2&H1&+0&!R:2].[n&D3&v3&H0&+0&R:3]1:[c&D3&v4&H0&+0&R&z2:4](:[n&D2&v3&H0&+0&R:5])-[c&D3&v4&H0&+0&R&z0:6]:[c&D2&v4&H1&+0&R&z0:7]:[c&D3&v4&H0&+0&R&z0:8]:[c&D3&v4&H0&+0&R&z1:9]:1>>[C&D3&v4&H0&+0&!R&z3:1]=[O&D1&v2&H0&+0&!R:2].[N&D3&v3&H0&+0&R:3]1-[c&D3&v4&H0&+0&R&z1:9]:[c&D3&v4&H0&+0&R&z0:8]-[C&D2&v4&H2&+0&R&z0:7]-[c&D3&v4&H0&+0&R&z0:6]:[c&D3&v4&H0&+0&R&z2:4]-1:[n&D2&v3&H1&+0&R:5],[532],[1]
476,[C&D3&v4&H0&+0&!R&z3:1]=[O&D1&v2&H0&+0&!R:2].[N&D3&v3&H0&+0&R:3]1-[c&D3&v4&H0&+0&R&z1:4]:[c&D3&v4&H0&+0&R&z0:5]-[C&D2&v4&H2&+0&R&z0:6]-[c&D3&v4&H0&+0&R&z0:7]:[c&D3&v4&H0&+0&R&z2:8]-1:[n&D2&v3&H1&+0&R:9]>>[C&D3&v4&H1&+0&!R&z3:1]-[O&D1&v2&H1&+0&!R:2].[n&D3&v3&H0&+0&R:3]1:[c&D3&v4&H0&+0&R&z2:8](:[n&D2&v3&H0&+0&R:9])-[c&D3&v4&H0&+0&R&z0:7]:[c&D2&v4&H1&+0&R&z0:6]:[c&D3&v4&H0&+0&R&z0:5]:[c&D3&v4&H0&+0&R&z1:4]:1,[532],[1]
477,[*:1](~[O&D1&v2&H1&+0&!R:2])~[O&D2&v2&H0&+0&!R:3]-[P&D4&v5&H0&+0&!R:4](-[O&D1&v2&H1&+0&!R:5])-[O&D1&v2&H1&+0&!R:6].[O&D0&v2&H2&+0&!R:7]>>[*:1](~[O&D1&v2&H1&+0&!R:2])~[O&D1&v2&H1&+0&!R:3].[P&D4&v5&H0&+0&!R:4](-[O&D1&v2&H1&+0&!R:5])(-[O&D1&v2&H1&+0&!R:6])-[O&D1&v2&H1&+0&!R:7],[533],[1]
478,[*:1](~[O&D1&v2&H1&+0&!R:2])~[O&D1&v2&H1&+0&!R:3].[P&D4&v5&H0&+0&!R:4](-[O&D1&v2&H1&+0&!R:5])(-[O&D1&v2&H1&+0&!R:6])-[O&D1&v2&H1&+0&!R:7]>>[*:1](~[O&D1&v2&H1&+0&!R:2])~[O&D2&v2&H0&+0&!R:3]-[P&D4&v5&H0&+0&!R:4](-[O&D1&v2&H1&+0&!R:5])-[O&D1&v2&H1&+0&!R:6].[O&D0&v2&H2&+0&!R:7],[533],[1]
479,[*:1](~[O&D1&v2&H0&+0&!R:2])~[O&D2&v2&H0&+0&!R:3]-[P&D4&v5&H0&+0&!R:4](=[O&D1&v2&H0&+0&!R:5])-[O&D1&v2&H1&+0&!R:6].[O&D0&v2&H2&+0&!R:7]>>[*:1](~[O&D1&v2&H0&+0&!R:2])~[O&D1&v2&H1&+0&!R:3].[O&D1&v2&H0&+0&!R:5]=[P&D4&v5&H0&+0&!R:4](-[O&D1&v2&H1&+0&!R:6])-[O&D1&v2&H1&+0&!R:7],"[534, 534]","[5, 4]"
480,[*:1](~[O&D1&v2&H0&+0&!R:2])~[O&D1&v2&H1&+0&!R:3].[O&D1&v2&H0&+0&!R:4]=[P&D4&v5&H0&+0&!R:5](-[O&D1&v2&H1&+0&!R:6])-[O&D1&v2&H1&+0&!R:7]>>[*:1](~[O&D1&v2&H0&+0&!R:2])~[O&D2&v2&H0&+0&!R:3]-[P&D4&v5&H0&+0&!R:5](=[O&D1&v2&H0&+0&!R:4])-[O&D1&v2&H1&+0&!R:6].[O&D0&v2&H2&+0&!R:7],"[534, 534]","[5, 4]"
481,[*:1](~[O&D1&v2&H0&+0&!R:2])~[O&D2&v2&H0&+0&!R:3]-[P&D4&v5&H0&+0&!R:4](=[O&D1&v2&H0&+0&!R:5])-[O&D1&v2&H1&+0&!R:6].[O&D0&v2&H2&+0&!R:7]>>[*:1](~[O&D1&v2&H0&+0&!R:2])~[O&D1&v2&H1&+0&!R:3].[O&D1&v2&H0&+0&!R:5]=[P&D4&v5&H0&+0&!R:4](-[O&D1&v2&H1&+0&!R:7])-[O&D1&v2&H1&+0&!R:6],"[534, 534, 534]","[3, 2, 6]"
482,[*:1](~[O&D1&v2&H0&+0&!R:2])~[O&D1&v2&H1&+0&!R:3].[O&D1&v2&H0&+0&!R:4]=[P&D4&v5&H0&+0&!R:5](-[O&D1&v2&H1&+0&!R:6])-[O&D1&v2&H1&+0&!R:7]>>[*:1](~[O&D1&v2&H0&+0&!R:2])~[O&D2&v2&H0&+0&!R:3]-[P&D4&v5&H0&+0&!R:5](=[O&D1&v2&H0&+0&!R:4])-[O&D1&v2&H1&+0&!R:7].[O&D0&v2&H2&+0&!R:6],"[534, 534, 534]","[3, 2, 6]"
483,[*:1](~[O&D1&v2&H1&+0&!R:2])~[O&D2&v2&H0&+0&!R:3]-[P&D4&v5&H0&+0&!R:4](=[O&D1&v2&H0&+0&!R:5])(-[O&D1&v2&H1&+0&!R:6])-[O&D1&v2&H1&+0&!R:7].[C&D3&v4&H0&+0&!R&z2:8]-[O&D1&v2&H1&+0&!R:9].[N&D0&v3&H3&+0&!R:10]>>[*:1](~[O&D1&v2&H1&+0&!R:2])~[O&D1&v2&H1&+0&!R:3].[N&D1&v3&H2&+0&!R:10]-[C&D3&v4&H0&+0&!R&z2:8].[O&D1&v2&H0&+0&!R:5]=[P&D4&v5&H0&+0&!R:4](-[O&D1&v2&H1&+0&!R:9])(-[O&D1&v2&H1&+0&!R:6])-[O&D1&v2&H1&+0&!R:7],[537],[1]
484,[*:1](~[O&D1&v2&H1&+0&!R:2])~[O&D1&v2&H1&+0&!R:3].[N&D1&v3&H2&+0&!R:4]-[C&D3&v4&H0&+0&!R&z2:5].[O&D1&v2&H0&+0&!R:6]=[P&D4&v5&H0&+0&!R:7](-[O&D1&v2&H1&+0&!R:8])(-[O&D1&v2&H1&+0&!R:9])-[O&D1&v2&H1&+0&!R:10]>>[*:1](~[O&D1&v2&H1&+0&!R:2])~[O&D2&v2&H0&+0&!R:3]-[P&D4&v5&H0&+0&!R:7](=[O&D1&v2&H0&+0&!R:6])(-[O&D1&v2&H1&+0&!R:9])-[O&D1&v2&H1&+0&!R:10].[C&D3&v4&H0&+0&!R&z2:5]-[O&D1&v2&H1&+0&!R:8].[N&D0&v3&H3&+0&!R:4],[537],[1]
485,[O&D1&v2&H1&+0&!R:1].[O&D1&v2&H1&+0&!R:2]~[H1@@:3]~[H1@:4](~[N&D1&v3&H2&+0&!R:5])~[C&D3&v4&H0&+0&!R&z2:6]-[O&D1&v2&H1&+0&!R:7].[P&D4&v5&H0&+0&!R:8]-[O&D2&v2&H0&+0&!R:9]>>[O&D1&v2&H1&+0&!R:9].[O&D2&v2&H0&+0&!R:1]-[C&D3&v4&H0&+0&!R&z2:6]~[H1@@:4](~[N&D1&v3&H2&+0&!R:5])~[H1@@:3]~[O&D1&v2&H1&+0&!R:2].[P&D4&v5&H0&+0&!R:8]-[O&D1&v2&H1&+0&!R:7],[540],[1]
486,[O&D1&v2&H1&+0&!R:1].[O&D2&v2&H0&+0&!R:2]-[C&D3&v4&H0&+0&!R&z2:3]~[H1@@:4](~[N&D1&v3&H2&+0&!R:5])~[H1@@:6]~[O&D1&v2&H1&+0&!R:7].[P&D4&v5&H0&+0&!R:8]-[O&D1&v2&H1&+0&!R:9]>>[O&D1&v2&H1&+0&!R:2].[O&D1&v2&H1&+0&!R:7]~[H1@@:6]~[H1@:4](~[N&D1&v3&H2&+0&!R:5])~[C&D3&v4&H0&+0&!R&z2:3]-[O&D1&v2&H1&+0&!R:9].[P&D4&v5&H0&+0&!R:8]-[O&D2&v2&H0&+0&!R:1],[540],[1]
487,([N&D2&v3&H1&+0&!R:1].[N&D3&v3&H0&+0&R:2]-[C&D2&v4&H1&+0&!R&z2:3]=[O&D1&v2&H0&+0&!R:4]).[P&D4&v5&H0&+0&!R:5](=[O&D1&v2&H0&+0&!R:6])(-[O&D1&v2&H1&+0&!R:7])-[O&D2&v2&H0&+0&!R:8]-[P&D4&v5&H0&+0&!R:9]-[O&D1&v2&H1&+0&!R:10]>>[N&D3&v4&H0&+&R:2]=[C&D2&v4&H1&+0&R&z2:3]-[N&D3&v3&H0&+0&R:1].[P&D4&v5&H0&+0&!R:9](-[O&D1&v2&H1&+0&!R:4])-[O&D1&v2&H1&+0&!R:10].[P&D4&v5&H0&+0&!R:5](=[O&D1&v2&H0&+0&!R:8])(-[O&D1&v2&H1&+0&!R:6])-[O&D1&v2&H1&+0&!R:7],[541],[1]
488,[N&D3&v4&H0&+&R:1]=[C&D2&v4&H1&+0&R&z2:2]-[N&D3&v3&H0&+0&R:3].[P&D4&v5&H0&+0&!R:4](-[O&D1&v2&H1&+0&!R:5])-[O&D1&v2&H1&+0&!R:6].[P&D4&v5&H0&+0&!R:7](=[O&D1&v2&H0&+0&!R:8])(-[O&D1&v2&H1&+0&!R:9])-[O&D1&v2&H1&+0&!R:10]>>([N&D2&v3&H1&+0&!R:3].[N&D3&v3&H0&+0&R:1]-[C&D2&v4&H1&+0&!R&z2:2]=[O&D1&v2&H0&+0&!R:5]).[P&D4&v5&H0&+0&!R:7](=[O&D1&v2&H0&+0&!R:9])(-[O&D1&v2&H1&+0&!R:10])-[O&D2&v2&H0&+0&!R:8]-[P&D4&v5&H0&+0&!R:4]-[O&D1&v2&H1&+0&!R:6],[541],[1]
489,[O&D1&v2&H0&+0&!R:1]=[C&D3&v4&H0&+0&!R&z2:2](-[O&D1&v2&H1&+0&!R:3])-[C&D2&v4&H2&+0&!R&z0:4]-[C&D3&v4&H1&+0&R&z1:5](-[O&D2&v2&H0&+0&R:6])-[C&D3&v4&H0&+0&R&z0:7]>>([O&D1&v2&H0&+0&!R:1]=[C&D3&v4&H0&+0&!R&z2:2](-[O&D1&v2&H1&+0&!R:3])/[C&D2&v4&H1&+0&!R&z0:4]=[C&D2&v4&H1&+0&!R&z0:5]/[C&D3&v4&H0&+0&!R&z0:7].[O&D1&v2&H1&+0&!R:6]),[542],[1]
490,([O&D1&v2&H0&+0&!R:1]=[C&D3&v4&H0&+0&!R&z2:2](-[O&D1&v2&H1&+0&!R:3])/[C&D2&v4&H1&+0&!R&z0:4]=[C&D2&v4&H1&+0&!R&z0:5]/[C&D3&v4&H0&+0&!R&z0:6].[O&D1&v2&H1&+0&!R:7])>>[O&D1&v2&H0&+0&!R:1]=[C&D3&v4&H0&+0&!R&z2:2](-[O&D1&v2&H1&+0&!R:3])-[C&D2&v4&H2&+0&!R&z0:4]-[C&D3&v4&H1&+0&R&z1:5](-[O&D2&v2&H0&+0&R:7])-[C&D3&v4&H0&+0&R&z0:6],[542],[1]
491,[N&D1&v3&H2&+0&!R:1]-[C&D4&v4&H0&+0&R&z1:2]1-[C&D2&v4&H2&+0&R&z0:3]-[C&D2&v4&H2&+0&R&z0:4]-1.[O&D0&v2&H2&+0&!R:5]>>[C&D1&v4&H3&+0&!R&z0:4]-[C&D2&v4&H2&+0&!R&z0:3]-[C&D3&v4&H0&+0&!R&z1:2]=[O&D1&v2&H0&+0&!R:5].[N&D0&v3&H3&+0&!R:1],"[545, 545]","[1, 2]"
492,[C&D1&v4&H3&+0&!R&z0:1]-[C&D2&v4&H2&+0&!R&z0:2]-[C&D3&v4&H0&+0&!R&z1:3]=[O&D1&v2&H0&+0&!R:4].[N&D0&v3&H3&+0&!R:5]>>[N&D1&v3&H2&+0&!R:5]-[C&D4&v4&H0&+0&R&z1:3]1-[C&D2&v4&H2&+0&R&z0:2]-[C&D2&v4&H2&+0&R&z0:1]-1.[O&D0&v2&H2&+0&!R:4],"[545, 545]","[1, 2]"
493,[C&D3&v4&H1&+0&R&z2:1]-[C@@&D3&v4&H1&+0&R&z1:2](-[C@&D3&v4&H1&+0&R&z1:3](-[C@@&D3&v4&H1&+0&R&z1:4](-[C&D2&v4&H2&+0&R&z1:5])-[O&D2&v2&H0&+0&!R:6])-[O&D1&v2&H1&+0&!R:7])-[O&D1&v2&H1&+0&!R:8].[O&D0&v2&H2&+0&!R:9]>>[O&D1&v2&H1&+0&!R:6].[O&D1&v2&H1&+0&!R:9]-[C&D3&v4&H1&+0&R&z1:4](-[C&D2&v4&H2&+0&R&z1:5])-[C@@&D3&v4&H1&+0&R&z1:3](-[C@&D3&v4&H1&+0&R&z1:2](-[C&D3&v4&H1&+0&R&z2:1])-[O&D1&v2&H1&+0&!R:8])-[O&D1&v2&H1&+0&!R:7],[548],[1]
494,[O&D1&v2&H1&+0&!R:1].[O&D1&v2&H1&+0&!R:2]-[C&D3&v4&H1&+0&R&z1:3](-[C&D2&v4&H2&+0&R&z1:4])-[C@@&D3&v4&H1&+0&R&z1:5](-[C@&D3&v4&H1&+0&R&z1:6](-[C&D3&v4&H1&+0&R&z2:7])-[O&D1&v2&H1&+0&!R:8])-[O&D1&v2&H1&+0&!R:9]>>[C&D3&v4&H1&+0&R&z2:7]-[C@@&D3&v4&H1&+0&R&z1:6](-[C@&D3&v4&H1&+0&R&z1:5](-[C@@&D3&v4&H1&+0&R&z1:3](-[C&D2&v4&H2&+0&R&z1:4])-[O&D2&v2&H0&+0&!R:1])-[O&D1&v2&H1&+0&!R:9])-[O&D1&v2&H1&+0&!R:8].[O&D0&v2&H2&+0&!R:2],[548],[1]
495,[C&D1&v4&H3&+0&!R&z0:1]-[C&D3&v4&H0&+0&!R&z1:2]=[O&D1&v2&H0&+0&!R:3].[O&D1&v2&H0&+0&!R:4]=[C&D2&v4&H1&+0&!R&z1:5]>>[C&D3&v4&H0&+0&!R&z1:2](=[O&D1&v2&H0&+0&!R:3])-[C&D2&v4&H2&+0&!R&z0:1]-[C&D3&v4&H1&+0&!R&z1:5]-[O&D1&v2&H1&+0&!R:4],[550],[1]
496,[C&D3&v4&H0&+0&!R&z1:1](=[O&D1&v2&H0&+0&!R:2])-[C&D2&v4&H2&+0&!R&z0:3]-[C&D3&v4&H1&+0&!R&z1:4]-[O&D1&v2&H1&+0&!R:5]>>[C&D1&v4&H3&+0&!R&z0:3]-[C&D3&v4&H0&+0&!R&z1:1]=[O&D1&v2&H0&+0&!R:2].[O&D1&v2&H0&+0&!R:5]=[C&D2&v4&H1&+0&!R&z1:4],[550],[1]
497,[C&D2&v4&H2&+0&!R&z1:1]-[C@@&D3&v4&H1&+0&R&z1:2]1-[O&D2&v2&H0&+0&R:3]-[C@@&D3&v4&H1&+0&R&z2:4](-[O&D1&v2&H1&+0&!R:5])-[C@&D3&v4&H1&+0&R&z1:6](-[O&D1&v2&H1&+0&!R:7])-[C@@&D3&v4&H1&+0&R&z1:8](-[O&D1&v2&H1&+0&!R:9])-[C@&D3&v4&H1&+0&R&z1:10]-1-[O&D1&v2&H1&+0&!R:11].[c&D3&v4&H0&+0&R&z1:12]1:[n&D2&v3&H0&+0&R:13]:[c&D3&v4&H0&+0&R&z1:14]-[c&D3&v4&H0&+0&R&z2:15](:[n&D2&v3&H0&+0&R:16]):[n&D3&v3&H0&+0&R:17]:[c&D3&v4&H0&+0&R&z1:18]:1>>[O&D1&v2&H0&+0&!R:5]=[C&D3&v4&H0&+0&R&z2:4]1-[O&D2&v2&H0&+0&R:3]-[C@&D3&v4&H1&+0&R&z1:2](-[C&D2&v4&H2&+0&!R&z1:1])-[C@@&D3&v4&H1&+0&R&z1:10](-[O&D1&v2&H1&+0&!R:11])-[C@&D3&v4&H1&+0&R&z1:8](-[O&D1&v2&H1&+0&!R:9])-[C@@&D3&v4&H1&+0&R&z1:6]-1-[O&D1&v2&H1&+0&!R:7].[c&D3&v4&H0&+0&R&z1:12]1:[c&D3&v4&H0&+0&R&z1:18]-[N&D3&v3&H0&+0&R:17]-[c&D3&v4&H0&+0&R&z2:15](:[n&D2&v3&H1&+0&R:16]):[c&D3&v4&H0&+0&R&z1:14]-[N&D2&v3&H1&+0&R:13]-1,[567],[1]
498,[O&D1&v2&H0&+0&!R:1]=[C&D3&v4&H0&+0&R&z2:2]1-[O&D2&v2&H0&+0&R:3]-[C@&D3&v4&H1&+0&R&z1:4](-[C&D2&v4&H2&+0&!R&z1:5])-[C@@&D3&v4&H1&+0&R&z1:6](-[O&D1&v2&H1&+0&!R:7])-[C@&D3&v4&H1&+0&R&z1:8](-[O&D1&v2&H1&+0&!R:9])-[C@@&D3&v4&H1&+0&R&z1:10]-1-[O&D1&v2&H1&+0&!R:11].[c&D3&v4&H0&+0&R&z1:12]1:[c&D3&v4&H0&+0&R&z1:13]-[N&D3&v3&H0&+0&R:14]-[c&D3&v4&H0&+0&R&z2:15](:[n&D2&v3&H1&+0&R:16]):[c&D3&v4&H0&+0&R&z1:17]-[N&D2&v3&H1&+0&R:18]-1>>[C&D2&v4&H2&+0&!R&z1:5]-[C@@&D3&v4&H1&+0&R&z1:4]1-[O&D2&v2&H0&+0&R:3]-[C@@&D3&v4&H1&+0&R&z2:2](-[O&D1&v2&H1&+0&!R:1])-[C@&D3&v4&H1&+0&R&z1:10](-[O&D1&v2&H1&+0&!R:11])-[C@@&D3&v4&H1&+0&R&z1:8](-[O&D1&v2&H1&+0&!R:9])-[C@&D3&v4&H1&+0&R&z1:6]-1-[O&D1&v2&H1&+0&!R:7].[c&D3&v4&H0&+0&R&z1:12]1:[n&D2&v3&H0&+0&R:18]:[c&D3&v4&H0&+0&R&z1:17]-[c&D3&v4&H0&+0&R&z2:15](:[n&D2&v3&H0&+0&R:16]):[n&D3&v3&H0&+0&R:14]:[c&D3&v4&H0&+0&R&z1:13]:1,[567],[1]
499,[*:1](~[O&D1&v2&H1&+0&!R:2])~[*:3]~[*:4](~[O&D1&v2&H1&+0&!R:5])~[O&D2&v2&H0&+0&!R:6]-[C@@&D3&v4&H1&+0&R&z2:7]1-[O&D2&v2&H0&+0&R:8]-[C@&D3&v4&H1&+0&R&z1:9](-[C&D2&v4&H2&+0&!R&z1:10])-[C@&D3&v4&H1&+0&R&z1:11](-[O&D1&v2&H1&+0&!R:12])-[C@&D3&v4&H1&+0&R&z1:13](-[O&D1&v2&H1&+0&!R:14])-[C@@&D3&v4&H1&+0&R&z1:15]-1-[O&D1&v2&H1&+0&!R:16].[O&D1&v2&H1&+0&!R:17]>>[*:1](~[O&D1&v2&H1&+0&!R:2])~[*:3]~[*:4](~[O&D1&v2&H1&+0&!R:5])~[O&D1&v2&H1&+0&!R:6].[O&D2&v2&H0&+0&!R:17]-[C@@&D3&v4&H1&+0&R&z2:7]1-[O&D2&v2&H0&+0&R:8]-[C@&D3&v4&H1&+0&R&z1:9](-[C&D2&v4&H2&+0&!R&z1:10])-[C@&D3&v4&H1&+0&R&z1:11](-[O&D1&v2&H1&+0&!R:12])-[C@&D3&v4&H1&+0&R&z1:13](-[O&D1&v2&H1&+0&!R:14])-[C@@&D3&v4&H1&+0&R&z1:15]-1-[O&D1&v2&H1&+0&!R:16],[568],[2]
500,[*:1](~[O&D1&v2&H1&+0&!R:2])~[*:3]~[*:4](~[O&D1&v2&H1&+0&!R:5])~[O&D1&v2&H1&+0&!R:6].[O&D2&v2&H0&+0&!R:7]-[C@@&D3&v4&H1&+0&R&z2:8]1-[O&D2&v2&H0&+0&R:9]-[C@&D3&v4&H1&+0&R&z1:10](-[C&D2&v4&H2&+0&!R&z1:11])-[C@&D3&v4&H1&+0&R&z1:12](-[O&D1&v2&H1&+0&!R:13])-[C@&D3&v4&H1&+0&R&z1:14](-[O&D1&v2&H1&+0&!R:15])-[C@@&D3&v4&H1&+0&R&z1:16]-1-[O&D1&v2&H1&+0&!R:17]>>[*:1](~[O&D1&v2&H1&+0&!R:2])~[*:3]~[*:4](~[O&D1&v2&H1&+0&!R:5])~[O&D2&v2&H0&+0&!R:6]-[C@@&D3&v4&H1&+0&R&z2:8]1-[O&D2&v2&H0&+0&R:9]-[C@&D3&v4&H1&+0&R&z1:10](-[C&D2&v4&H2&+0&!R&z1:11])-[C@&D3&v4&H1&+0&R&z1:12](-[O&D1&v2&H1&+0&!R:13])-[C@&D3&v4&H1&+0&R&z1:14](-[O&D1&v2&H1&+0&!R:15])-[C@@&D3&v4&H1&+0&R&z1:16]-1-[O&D1&v2&H1&+0&!R:17].[O&D1&v2&H1&+0&!R:7],[568],[2]
501,[*:1](~[O&D1&v2&H1&+0&!R:2])~[*:3]~[*:4](~[O&D1&v2&H1&+0&!R:5])~[O&D2&v2&H0&+0&!R:6]-[C@@&D3&v4&H1&+0&R&z2:7]1-[O&D2&v2&H0&+0&R:8]-[C@&D3&v4&H1&+0&R&z1:9](-[C&D2&v4&H2&+0&!R&z1:10])-[C@&D3&v4&H1&+0&R&z1:11](-[O&D1&v2&H1&+0&!R:12])-[C@&D3&v4&H1&+0&R&z1:13](-[O&D1&v2&H1&+0&!R:14])-[C@@&D3&v4&H1&+0&R&z1:15]-1-[O&D1&v2&H1&+0&!R:16].[O&D1&v2&H1&+0&!R:17]>>[*:1](~[O&D1&v2&H1&+0&!R:2])~[*:3]~[*:4](~[O&D1&v2&H1&+0&!R:5])~[O&D1&v2&H1&+0&!R:6].[O&D2&v2&H0&+0&!R:17]-[C&D3&v4&H1&+0&R&z2:7]1-[O&D2&v2&H0&+0&R:8]-[C@&D3&v4&H1&+0&R&z1:9](-[C&D2&v4&H2&+0&!R&z1:10])-[C@&D3&v4&H1&+0&R&z1:11](-[O&D1&v2&H1&+0&!R:12])-[C@&D3&v4&H1&+0&R&z1:13](-[O&D1&v2&H1&+0&!R:14])-[C@@&D3&v4&H1&+0&R&z1:15]-1-[O&D1&v2&H1&+0&!R:16],[568],[1]
502,[*:1](~[O&D1&v2&H1&+0&!R:2])~[*:3]~[*:4](~[O&D1&v2&H1&+0&!R:5])~[O&D1&v2&H1&+0&!R:6].[O&D2&v2&H0&+0&!R:7]-[C&D3&v4&H1&+0&R&z2:8]1-[O&D2&v2&H0&+0&R:9]-[C@&D3&v4&H1&+0&R&z1:10](-[C&D2&v4&H2&+0&!R&z1:11])-[C@&D3&v4&H1&+0&R&z1:12](-[O&D1&v2&H1&+0&!R:13])-[C@&D3&v4&H1&+0&R&z1:14](-[O&D1&v2&H1&+0&!R:15])-[C@@&D3&v4&H1&+0&R&z1:16]-1-[O&D1&v2&H1&+0&!R:17]>>[*:1](~[O&D1&v2&H1&+0&!R:2])~[*:3]~[*:4](~[O&D1&v2&H1&+0&!R:5])~[O&D2&v2&H0&+0&!R:6]-[C@@&D3&v4&H1&+0&R&z2:8]1-[O&D2&v2&H0&+0&R:9]-[C@&D3&v4&H1&+0&R&z1:10](-[C&D2&v4&H2&+0&!R&z1:11])-[C@&D3&v4&H1&+0&R&z1:12](-[O&D1&v2&H1&+0&!R:13])-[C@&D3&v4&H1&+0&R&z1:14](-[O&D1&v2&H1&+0&!R:15])-[C@@&D3&v4&H1&+0&R&z1:16]-1-[O&D1&v2&H1&+0&!R:17].[O&D1&v2&H1&+0&!R:7],[568],[1]
503,[O&D1&v2&H0&+0&!R:1]=[C&D3&v4&H0&+0&!R&z2:2]-[C&D2&v4&H2&+0&!R&z0:3]-[C@&D3&v4&H1&+0&!R&z1:4](-[O&D1&v2&H1&+0&!R:5])-[C&D3&v4&H0&+0&!R&z2:6]>>[C&D3&v4&H0&+0&!R&z2:6]/[C&D2&v4&H1&+0&!R&z0:4]=[C&D2&v4&H1&+0&!R&z0:3]/[C&D3&v4&H0&+0&!R&z2:2]=[O&D1&v2&H0&+0&!R:1].[O&D0&v2&H2&+0&!R:5],[569],[1]
504,[C&D3&v4&H0&+0&!R&z2:1]/[C&D2&v4&H1&+0&!R&z0:2]=[C&D2&v4&H1&+0&!R&z0:3]/[C&D3&v4&H0&+0&!R&z2:4]=[O&D1&v2&H0&+0&!R:5].[O&D0&v2&H2&+0&!R:6]>>[O&D1&v2&H0&+0&!R:5]=[C&D3&v4&H0&+0&!R&z2:4]-[C&D2&v4&H2&+0&!R&z0:3]-[C@&D3&v4&H1&+0&!R&z1:2](-[O&D1&v2&H1&+0&!R:6])-[C&D3&v4&H0&+0&!R&z2:1],[569],[1]
505,[C&D3&v4&H0&+0&!R&z1:1]=[O&D1&v2&H0&+0&!R:2].[C&D3&v4&H0&+0&R&z0:3]1=[C&D2&v4&H1&+0&R&z1:4]-[N&D3&v3&H0&+0&R:5]-[C&D2&v4&H1&+0&R&z1:6]=[C&D2&v4&H1&+0&R&z0:7]-[C&D2&v4&H2&+0&R&z0:8]-1>>[C&D3&v4&H1&+0&!R&z1:1]-[O&D1&v2&H1&+0&!R:2].[c&D3&v4&H0&+0&R&z0:3]1:[c&D2&v4&H1&+0&R&z0:8]:[c&D2&v4&H1&+0&R&z0:7]:[c&D2&v4&H1&+0&R&z1:6]:[n&D3&v4&H0&+&R:5]:[c&D2&v4&H1&+0&R&z1:4]:1,[571],[1]
506,[C&D3&v4&H1&+0&!R&z1:1]-[O&D1&v2&H1&+0&!R:2].[c&D3&v4&H0&+0&R&z0:3]1:[c&D2&v4&H1&+0&R&z0:4]:[c&D2&v4&H1&+0&R&z0:5]:[c&D2&v4&H1&+0&R&z1:6]:[n&D3&v4&H0&+&R:7]:[c&D2&v4&H1&+0&R&z1:8]:1>>[C&D3&v4&H0&+0&!R&z1:1]=[O&D1&v2&H0&+0&!R:2].[C&D3&v4&H0&+0&R&z0:3]1=[C&D2&v4&H1&+0&R&z1:8]-[N&D3&v3&H0&+0&R:7]-[C&D2&v4&H1&+0&R&z1:6]=[C&D2&v4&H1&+0&R&z0:5]-[C&D2&v4&H2&+0&R&z0:4]-1,[571],[1]
507,[C&D3&v4&H0&+0&!R&z2:1](=[O&D1&v2&H0&+0&!R:2])-[C&D2&v4&H2&+0&!R&z0:3]-[C&D3&v4&H0&+0&!R&z2:4].[O&D0&v2&H2&+0&!R:5].[S&D2&v2&H0&+0&!R:6]-[C&D3&v4&H0&+0&!R&z2:7]>>[C&D3&v4&H0&+0&!R&z2:1](=[O&D1&v2&H0&+0&!R:2])-[C&D2&v4&H2&+0&!R&z0:3]-[C&D3&v4&H0&+0&!R&z1:7].[C&D3&v4&H0&+0&!R&z3:4]-[O&D1&v2&H1&+0&!R:5].[S&D1&v2&H1&+0&!R:6],[574],[1]
508,[C&D3&v4&H0&+0&!R&z2:1](=[O&D1&v2&H0&+0&!R:2])-[C&D2&v4&H2&+0&!R&z0:3]-[C&D3&v4&H0&+0&!R&z1:4].[C&D3&v4&H0&+0&!R&z3:5]-[O&D1&v2&H1&+0&!R:6].[S&D1&v2&H1&+0&!R:7]>>[C&D3&v4&H0&+0&!R&z2:1](=[O&D1&v2&H0&+0&!R:2])-[C&D2&v4&H2&+0&!R&z0:3]-[C&D3&v4&H0&+0&!R&z2:5].[O&D0&v2&H2&+0&!R:6].[S&D2&v2&H0&+0&!R:7]-[C&D3&v4&H0&+0&!R&z2:4],[574],[1]
509,[O&D0&v2&H2&+0&!R:1].[P&D4&v5&H0&+0&!R:2](-[O&D1&v2&H1&+0&!R:3])(-[O&D1&v2&H1&+0&!R:4])-[O&D2&v2&H0&+0&!R:5]>>[O&D1&v2&H1&+0&!R:5].[P&D4&v5&H0&+0&!R:2](-[O&D1&v2&H1&+0&!R:3])(-[O&D1&v2&H1&+0&!R:4])-[O&D1&v2&H1&+0&!R:1],[577],[1]
510,[O&D1&v2&H1&+0&!R:1].[P&D4&v5&H0&+0&!R:2](-[O&D1&v2&H1&+0&!R:3])(-[O&D1&v2&H1&+0&!R:4])-[O&D1&v2&H1&+0&!R:5]>>[O&D0&v2&H2&+0&!R:5].[P&D4&v5&H0&+0&!R:2](-[O&D1&v2&H1&+0&!R:3])(-[O&D1&v2&H1&+0&!R:4])-[O&D2&v2&H0&+0&!R:1],[577],[1]
511,[O&D0&v2&H2&+0&!R:1].[O&D2&v2&H0&+0&R:2]-[C&D3&v4&H1&+0&R&z2:3]-[O&D2&v2&H0&+0&!R:4]>>[O&D1&v2&H1&+0&!R:4].[O&D2&v2&H0&+0&R:2]-[C&D3&v4&H1&+0&R&z2:3]-[O&D1&v2&H1&+0&!R:1],[580],[1]
512,[O&D1&v2&H1&+0&!R:1].[O&D2&v2&H0&+0&R:2]-[C&D3&v4&H1&+0&R&z2:3]-[O&D1&v2&H1&+0&!R:4]>>[O&D0&v2&H2&+0&!R:4].[O&D2&v2&H0&+0&R:2]-[C&D3&v4&H1&+0&R&z2:3]-[O&D2&v2&H0&+0&!R:1],[580],[1]
513,([C&D2&v4&H2&+0&!R&z1:1]-[C@&D3&v4&H1&+0&R&z1:2]1-[O&D2&v2&H0&+0&R:3]-[C@@&D3&v4&H1&+0&R&z2:4](-[O&D2&v2&H0&+0&!R:5])-[C@@&D3&v4&H1&+0&R&z1:6](-[O&D1&v2&H1&+0&!R:7])-[C@&D3&v4&H1&+0&R&z1:8](-[O&D1&v2&H1&+0&!R:9])-[C@@&D3&v4&H1&+0&R&z1:10]-1-[O&D1&v2&H1&+0&!R:11].[O&D1&v2&H1&+0&!R:12])>>([C&D2&v4&H2&+0&!R&z1:1]-[C@&D3&v4&H1&+0&R&z1:2]1-[O&D2&v2&H0&+0&R:3]-[C&D3&v4&H1&+0&R&z2:4](-[O&D2&v2&H0&+0&!R:12])-[C@@&D3&v4&H1&+0&R&z1:6](-[O&D1&v2&H1&+0&!R:7])-[C@&D3&v4&H1&+0&R&z1:8](-[O&D1&v2&H1&+0&!R:9])-[C@@&D3&v4&H1&+0&R&z1:10]-1-[O&D1&v2&H1&+0&!R:11].[O&D1&v2&H1&+0&!R:5]),[582],[1]
514,([C&D2&v4&H2&+0&!R&z1:1]-[C@&D3&v4&H1&+0&R&z1:2]1-[O&D2&v2&H0&+0&R:3]-[C&D3&v4&H1&+0&R&z2:4](-[O&D2&v2&H0&+0&!R:5])-[C@@&D3&v4&H1&+0&R&z1:6](-[O&D1&v2&H1&+0&!R:7])-[C@&D3&v4&H1&+0&R&z1:8](-[O&D1&v2&H1&+0&!R:9])-[C@@&D3&v4&H1&+0&R&z1:10]-1-[O&D1&v2&H1&+0&!R:11].[O&D1&v2&H1&+0&!R:12])>>([C&D2&v4&H2&+0&!R&z1:1]-[C@&D3&v4&H1&+0&R&z1:2]1-[O&D2&v2&H0&+0&R:3]-[C@@&D3&v4&H1&+0&R&z2:4](-[O&D2&v2&H0&+0&!R:12])-[C@@&D3&v4&H1&+0&R&z1:6](-[O&D1&v2&H1&+0&!R:7])-[C@&D3&v4&H1&+0&R&z1:8](-[O&D1&v2&H1&+0&!R:9])-[C@@&D3&v4&H1&+0&R&z1:10]-1-[O&D1&v2&H1&+0&!R:11].[O&D1&v2&H1&+0&!R:5]),[582],[1]
515,[C&D1&v4&H3&+0&!R&z0:1]-[C@&D3&v4&H1&+0&!R&z1:2](-[O&D1&v2&H1&+0&!R:3])-[C&D3&v4&H0&+0&!R&z2:4].[c&D3&v4&H0&+0&R&z0:5]1:[c&D2&v4&H1&+0&R&z0:6]:[c&D2&v4&H1&+0&R&z0:7]:[c&D2&v4&H1&+0&R&z1:8]:[n&D3&v4&H0&+&R:9]:[c&D2&v4&H1&+0&R&z1:10]:1>>[C&D1&v4&H3&+0&!R&z0:1]-[C&D3&v4&H0&+0&!R&z1:2](=[O&D1&v2&H0&+0&!R:3])-[C&D3&v4&H0&+0&!R&z2:4].[C&D3&v4&H0&+0&R&z0:5]1=[C&D2&v4&H1&+0&R&z1:10]-[N&D3&v3&H0&+0&R:9]-[C&D2&v4&H1&+0&R&z1:8]=[C&D2&v4&H1&+0&R&z0:7]-[C&D2&v4&H2&+0&R&z0:6]-1,[584],[1]
516,[C&D1&v4&H3&+0&!R&z0:1]-[C&D3&v4&H0&+0&!R&z1:2](=[O&D1&v2&H0&+0&!R:3])-[C&D3&v4&H0&+0&!R&z2:4].[C&D3&v4&H0&+0&R&z0:5]1=[C&D2&v4&H1&+0&R&z1:6]-[N&D3&v3&H0&+0&R:7]-[C&D2&v4&H1&+0&R&z1:8]=[C&D2&v4&H1&+0&R&z0:9]-[C&D2&v4&H2&+0&R&z0:10]-1>>[C&D1&v4&H3&+0&!R&z0:1]-[C@&D3&v4&H1&+0&!R&z1:2](-[O&D1&v2&H1&+0&!R:3])-[C&D3&v4&H0&+0&!R&z2:4].[c&D3&v4&H0&+0&R&z0:5]1:[c&D2&v4&H1&+0&R&z0:10]:[c&D2&v4&H1&+0&R&z0:9]:[c&D2&v4&H1&+0&R&z1:8]:[n&D3&v4&H0&+&R:7]:[c&D2&v4&H1&+0&R&z1:6]:1,[584],[1]
517,[*:1](~[O&D1&v2&H1&+0&!R:2])~[O&D2&v2&H0&+0&!R:3]-[P&D4&v5&H0&+0&!R:4](-[O&D1&v2&H1&+0&!R:5])-[O&D1&v2&H1&+0&!R:6].[O&D1&v2&H1&+0&!R:7]>>[*:1](~[O&D1&v2&H1&+0&!R:2])~[O&D1&v2&H1&+0&!R:3].[P&D4&v5&H0&+0&!R:4](-[O&D1&v2&H1&+0&!R:6])(-[O&D1&v2&H1&+0&!R:5])-[O&D2&v2&H0&+0&!R:7],[592],[1]
518,[*:1](~[O&D1&v2&H1&+0&!R:2])~[O&D1&v2&H1&+0&!R:3].[P&D4&v5&H0&+0&!R:4](-[O&D1&v2&H1&+0&!R:5])(-[O&D1&v2&H1&+0&!R:6])-[O&D2&v2&H0&+0&!R:7]>>[*:1](~[O&D1&v2&H1&+0&!R:2])~[O&D2&v2&H0&+0&!R:3]-[P&D4&v5&H0&+0&!R:4](-[O&D1&v2&H1&+0&!R:6])-[O&D1&v2&H1&+0&!R:5].[O&D1&v2&H1&+0&!R:7],[592],[1]
519,[C&D2&v4&H2&+0&!R&z1:1]-[C@&D3&v4&H1&+0&!R&z1:2](-[O&D1&v2&H1&+0&!R:3])-[C&D2&v4&H2&+0&!R&z1:4].[c&D3&v4&H0&+0&R&z0:5]1:[c&D2&v4&H1&+0&R&z0:6]:[c&D2&v4&H1&+0&R&z0:7]:[c&D2&v4&H1&+0&R&z1:8]:[n&D3&v4&H0&+&R:9]:[c&D2&v4&H1&+0&R&z1:10]:1>>[C&D3&v4&H0&+0&R&z0:5]1=[C&D2&v4&H1&+0&R&z1:10]-[N&D3&v3&H0&+0&R:9]-[C&D2&v4&H1&+0&R&z1:8]=[C&D2&v4&H1&+0&R&z0:7]-[C&D2&v4&H2&+0&R&z0:6]-1.[O&D1&v2&H0&+0&!R:3]=[C&D3&v4&H0&+0&!R&z1:2](-[C&D2&v4&H2&+0&!R&z1:4])-[C&D2&v4&H2&+0&!R&z1:1],[593],[1]
520,[C&D3&v4&H0&+0&R&z0:1]1=[C&D2&v4&H1&+0&R&z1:2]-[N&D3&v3&H0&+0&R:3]-[C&D2&v4&H1&+0&R&z1:4]=[C&D2&v4&H1&+0&R&z0:5]-[C&D2&v4&H2&+0&R&z0:6]-1.[O&D1&v2&H0&+0&!R:7]=[C&D3&v4&H0&+0&!R&z1:8](-[C&D2&v4&H2&+0&!R&z1:9])-[C&D2&v4&H2&+0&!R&z1:10]>>[C&D2&v4&H2&+0&!R&z1:10]-[C@&D3&v4&H1&+0&!R&z1:8](-[O&D1&v2&H1&+0&!R:7])-[C&D2&v4&H2&+0&!R&z1:9].[c&D3&v4&H0&+0&R&z0:1]1:[c&D2&v4&H1&+0&R&z0:6]:[c&D2&v4&H1&+0&R&z0:5]:[c&D2&v4&H1&+0&R&z1:4]:[n&D3&v4&H0&+&R:3]:[c&D2&v4&H1&+0&R&z1:2]:1,[593],[1]
521,[C&D3&v4&H0&+0&!R&z3:1](=[N&D1&v3&H1&+0&!R:2])-[N&D1&v3&H2&+0&!R:3].[O&D0&v2&H2&+0&!R:4]>>[C&D3&v4&H0&+0&!R&z3:1](-[N&D1&v3&H2&+0&!R:3])=[O&D1&v2&H0&+0&!R:4].[N&D0&v3&H3&+0&!R:2],[594],[1]
522,[C&D3&v4&H0&+0&!R&z3:1](-[N&D1&v3&H2&+0&!R:2])=[O&D1&v2&H0&+0&!R:3].[N&D0&v3&H3&+0&!R:4]>>[C&D3&v4&H0&+0&!R&z3:1](=[N&D1&v3&H1&+0&!R:4])-[N&D1&v3&H2&+0&!R:2].[O&D0&v2&H2&+0&!R:3],[594],[1]
523,([C&D3&v4&H0&+0&!R&z2:1](=[O&D1&v2&H0&+0&!R:2])-[S&D2&v2&H0&+0&!R:3].[O&D1&v2&H1&+0&!R:4])>>[O&D2&v2&H0&+0&R:4]-[C&D3&v4&H0&+0&R&z2:1]=[O&D1&v2&H0&+0&!R:2].[S&D1&v2&H1&+0&!R:3],[602],[1]
524,[O&D2&v2&H0&+0&R:1]-[C&D3&v4&H0&+0&R&z2:2]=[O&D1&v2&H0&+0&!R:3].[S&D1&v2&H1&+0&!R:4]>>([C&D3&v4&H0&+0&!R&z2:2](=[O&D1&v2&H0&+0&!R:3])-[S&D2&v2&H0&+0&!R:4].[O&D1&v2&H1&+0&!R:1]),[602],[1]
525,[C&D1&v4&H3&+0&!R&z1:1]-[S&D3&v3&H0&+&!R:2].[C&D1&v4&H3&+0&!R&z1:3]-[S&D3&v3&H0&+&!R:4].[C&D1&v4&H3&+0&!R&z1:5]-[S&D3&v3&H0&+&!R:6].[N&D1&v3&H2&+0&!R:7]>>[N&D4&v4&H0&+&!R:7](-[C&D1&v4&H3&+0&!R&z1:3])(-[C&D1&v4&H3&+0&!R&z1:1])-[C&D1&v4&H3&+0&!R&z1:5].[S&D2&v2&H0&+0&!R:2].[S&D2&v2&H0&+0&!R:4].[S&D2&v2&H0&+0&!R:6],[604],[1]
526,[N&D4&v4&H0&+&!R:1](-[C&D1&v4&H3&+0&!R&z1:2])(-[C&D1&v4&H3&+0&!R&z1:3])-[C&D1&v4&H3&+0&!R&z1:4].[S&D2&v2&H0&+0&!R:5].[S&D2&v2&H0&+0&!R:6].[S&D2&v2&H0&+0&!R:7]>>[C&D1&v4&H3&+0&!R&z1:3]-[S&D3&v3&H0&+&!R:5].[C&D1&v4&H3&+0&!R&z1:2]-[S&D3&v3&H0&+&!R:6].[C&D1&v4&H3&+0&!R&z1:4]-[S&D3&v3&H0&+&!R:7].[N&D1&v3&H2&+0&!R:1],[604],[1]
527,([O&D1&v2&H1&+0&!R:1].[O&D2&v2&H0&+0&R:2]-[C@@&D4&v4&H0&+0&R&z2:3](-[O&D2&v2&H0&+0&!R:4])(-[C&D3&v4&H0&+0&!R&z2:5])-[C&D2&v4&H2&+0&R&z0:6])>>[O&D1&v2&H1&+0&!R:4].[O&D2&v2&H0&+0&R:2]-[C@@&D4&v4&H0&+0&R&z2:3](-[C&D3&v4&H0&+0&!R&z2:5])(-[C&D2&v4&H2&+0&R&z0:6])-[O&D2&v2&H0&+0&R:1],[612],[1]
528,[O&D1&v2&H1&+0&!R:1].[O&D2&v2&H0&+0&R:2]-[C@@&D4&v4&H0&+0&R&z2:3](-[C&D3&v4&H0&+0&!R&z2:4])(-[C&D2&v4&H2&+0&R&z0:5])-[O&D2&v2&H0&+0&R:6]>>([O&D1&v2&H1&+0&!R:6].[O&D2&v2&H0&+0&R:2]-[C@@&D4&v4&H0&+0&R&z2:3](-[O&D2&v2&H0&+0&!R:1])(-[C&D3&v4&H0&+0&!R&z2:4])-[C&D2&v4&H2&+0&R&z0:5]),[612],[1]
529,[C&D1&v4&H3&+0&!R&z0:1]-[C&D2&v4&H1&+0&!R&z1:2]=[O&D1&v2&H0&+0&!R:3].[O&D1&v2&H0&+0&!R:4]=[C&D2&v4&H1&+0&!R&z1:5]>>[O&D1&v2&H0&+0&!R:3]=[C&D2&v4&H1&+0&!R&z1:2]-[C&D2&v4&H2&+0&!R&z0:1]-[C&D3&v4&H1&+0&!R&z1:5]-[O&D1&v2&H1&+0&!R:4],[613],[1]
530,[O&D1&v2&H0&+0&!R:1]=[C&D2&v4&H1&+0&!R&z1:2]-[C&D2&v4&H2&+0&!R&z0:3]-[C&D3&v4&H1&+0&!R&z1:4]-[O&D1&v2&H1&+0&!R:5]>>[C&D1&v4&H3&+0&!R&z0:3]-[C&D2&v4&H1&+0&!R&z1:2]=[O&D1&v2&H0&+0&!R:1].[O&D1&v2&H0&+0&!R:5]=[C&D2&v4&H1&+0&!R&z1:4],[613],[1]
531,[C&D1&v4&H2&+0&!R&z0:1]=[C&D3&v4&H0&+0&!R&z1:2]-[O&D2&v2&H0&+0&!R:3].[O&D0&v2&H2&+0&!R:4].([O&D1&v2&H0&+0&!R:5]=[C&D2&v4&H1&+0&!R&z1:6].[O&D1&v2&H1&+0&!R:7])>>[C&D4&v4&H0&+0&R&z2:2](-[O&D1&v2&H1&+0&!R:4])(-[C&D2&v4&H2&+0&R&z0:1]-[C&D3&v4&H1&+0&R&z1:6]-[O&D1&v2&H1&+0&!R:5])-[O&D2&v2&H0&+0&R:7].[O&D1&v2&H1&+0&!R:3],[614],[1]
532,[C&D4&v4&H0&+0&R&z2:1](-[O&D1&v2&H1&+0&!R:2])(-[C&D2&v4&H2&+0&R&z0:3]-[C&D3&v4&H1&+0&R&z1:4]-[O&D1&v2&H1&+0&!R:5])-[O&D2&v2&H0&+0&R:6].[O&D1&v2&H1&+0&!R:7]>>[C&D1&v4&H2&+0&!R&z0:3]=[C&D3&v4&H0&+0&!R&z1:1]-[O&D2&v2&H0&+0&!R:7].[O&D0&v2&H2&+0&!R:2].([O&D1&v2&H0&+0&!R:5]=[C&D2&v4&H1&+0&!R&z1:4].[O&D1&v2&H1&+0&!R:6]),[614],[1]
533,[C&D2&v4&H1&+0&!R&z1:1]=[O&D1&v2&H0&+0&!R:2].[C&D3&v4&H0&+0&R&z0:3]1=[C&D2&v4&H1&+0&R&z1:4]-[N&D3&v3&H0&+0&R:5]-[C&D2&v4&H1&+0&R&z1:6]=[C&D2&v4&H1&+0&R&z0:7]-[C&D2&v4&H2&+0&R&z0:8]-1.[N&D1&v3&H2&+0&!R:9]>>[C&D2&v4&H2&+0&!R&z1:1]-[N&D2&v3&H1&+0&!R:9].[O&D0&v2&H2&+0&!R:2].[c&D3&v4&H0&+0&R&z0:3]1:[c&D2&v4&H1&+0&R&z0:8]:[c&D2&v4&H1&+0&R&z0:7]:[c&D2&v4&H1&+0&R&z1:6]:[n&D3&v4&H0&+&R:5]:[c&D2&v4&H1&+0&R&z1:4]:1,[618],[1]
534,[C&D2&v4&H2&+0&!R&z1:1]-[N&D2&v3&H1&+0&!R:2].[O&D0&v2&H2&+0&!R:3].[c&D3&v4&H0&+0&R&z0:4]1:[c&D2&v4&H1&+0&R&z0:5]:[c&D2&v4&H1&+0&R&z0:6]:[c&D2&v4&H1&+0&R&z1:7]:[n&D3&v4&H0&+&R:8]:[c&D2&v4&H1&+0&R&z1:9]:1>>[C&D2&v4&H1&+0&!R&z1:1]=[O&D1&v2&H0&+0&!R:3].[C&D3&v4&H0&+0&R&z0:4]1=[C&D2&v4&H1&+0&R&z1:9]-[N&D3&v3&H0&+0&R:8]-[C&D2&v4&H1&+0&R&z1:7]=[C&D2&v4&H1&+0&R&z0:6]-[C&D2&v4&H2&+0&R&z0:5]-1.[N&D1&v3&H2&+0&!R:2],[618],[1]
535,[O&D1&v2&H0&+0&!R:1]=[C&D2&v4&H1&+0&!R&z1:2].[O&D1&v2&H1&+0&!R:3].[c&D3&v4&H0&+0&R&z0:4]1:[c&D2&v4&H1&+0&R&z0:5]:[c&D2&v4&H1&+0&R&z0:6]:[c&D2&v4&H1&+0&R&z1:7]:[n&D3&v4&H0&+&R:8]:[c&D2&v4&H1&+0&R&z1:9]:1>>[C&D3&v4&H0&+0&R&z0:4]1=[C&D2&v4&H1&+0&R&z1:9]-[N&D3&v3&H0&+0&R:8]-[C&D2&v4&H1&+0&R&z1:7]=[C&D2&v4&H1&+0&R&z0:6]-[C&D2&v4&H2&+0&R&z0:5]-1.[O&D1&v2&H0&+0&!R:1]=[C&D3&v4&H0&+0&!R&z2:2]-[O&D2&v2&H0&+0&!R:3],[619],[1]
536,[C&D3&v4&H0&+0&R&z0:1]1=[C&D2&v4&H1&+0&R&z1:2]-[N&D3&v3&H0&+0&R:3]-[C&D2&v4&H1&+0&R&z1:4]=[C&D2&v4&H1&+0&R&z0:5]-[C&D2&v4&H2&+0&R&z0:6]-1.[O&D1&v2&H0&+0&!R:7]=[C&D3&v4&H0&+0&!R&z2:8]-[O&D2&v2&H0&+0&!R:9]>>[O&D1&v2&H0&+0&!R:7]=[C&D2&v4&H1&+0&!R&z1:8].[O&D1&v2&H1&+0&!R:9].[c&D3&v4&H0&+0&R&z0:1]1:[c&D2&v4&H1&+0&R&z0:6]:[c&D2&v4&H1&+0&R&z0:5]:[c&D2&v4&H1&+0&R&z1:4]:[n&D3&v4&H0&+&R:3]:[c&D2&v4&H1&+0&R&z1:2]:1,[619],[1]
537,[*:1]/[C&D2&v4&H1&+0&!R&z1:2]=[C&D2&v4&H1&+0&!R&z0:3]/[C&D3&v4&H0&+0&!R&z2:4]=[O&D1&v2&H0&+0&!R:5].[C&D3&v4&H0&+0&R&z0:6]1=[C&D2&v4&H1&+0&R&z1:7]-[N&D3&v3&H0&+0&R:8]-[C&D2&v4&H1&+0&R&z1:9]=[C&D2&v4&H1&+0&R&z0:10]-[C&D2&v4&H2&+0&R&z0:11]-1>>[*:1]-[C&D2&v4&H2&+0&!R&z1:2]-[C&D2&v4&H2&+0&!R&z0:3]-[C&D3&v4&H0&+0&!R&z2:4]=[O&D1&v2&H0&+0&!R:5].[c&D3&v4&H0&+0&R&z0:6]1:[c&D2&v4&H1&+0&R&z0:11]:[c&D2&v4&H1&+0&R&z0:10]:[c&D2&v4&H1&+0&R&z1:9]:[n&D3&v4&H0&+&R:8]:[c&D2&v4&H1&+0&R&z1:7]:1,[620],[1]
538,[*:1]-[C&D2&v4&H2&+0&!R&z1:2]-[C&D2&v4&H2&+0&!R&z0:3]-[C&D3&v4&H0&+0&!R&z2:4]=[O&D1&v2&H0&+0&!R:5].[c&D3&v4&H0&+0&R&z0:6]1:[c&D2&v4&H1&+0&R&z0:7]:[c&D2&v4&H1&+0&R&z0:8]:[c&D2&v4&H1&+0&R&z1:9]:[n&D3&v4&H0&+&R:10]:[c&D2&v4&H1&+0&R&z1:11]:1>>[*:1]/[C&D2&v4&H1&+0&!R&z1:2]=[C&D2&v4&H1&+0&!R&z0:3]/[C&D3&v4&H0&+0&!R&z2:4]=[O&D1&v2&H0&+0&!R:5].[C&D3&v4&H0&+0&R&z0:6]1=[C&D2&v4&H1&+0&R&z1:11]-[N&D3&v3&H0&+0&R:10]-[C&D2&v4&H1&+0&R&z1:9]=[C&D2&v4&H1&+0&R&z0:8]-[C&D2&v4&H2&+0&R&z0:7]-1,[620],[1]
539,[C&D1&v4&H3&+0&!R&z1:1]-[S&D3&v3&H0&+&!R:2].[O&D1&v2&H1&+0&!R:3]>>[C&D1&v4&H3&+0&!R&z1:1]-[O&D2&v2&H0&+0&!R:3].[S&D2&v2&H0&+0&!R:2],[621],[1]
540,[C&D1&v4&H3&+0&!R&z1:1]-[O&D2&v2&H0&+0&!R:2].[S&D2&v2&H0&+0&!R:3]>>[C&D1&v4&H3&+0&!R&z1:1]-[S&D3&v3&H0&+&!R:3].[O&D1&v2&H1&+0&!R:2],[621],[1]
541,[O&D1&v2&H1&+0&!R:1].[O&D2&v2&H0&+0&!R:2]-[C@&D3&v4&H1&+0&R&z2:3]1-[O&D2&v2&H0&+0&R:4]-[C@@&D3&v4&H1&+0&R&z1:5](-[C&D2&v4&H2&+0&!R&z1:6])-[C@&D3&v4&H1&+0&R&z1:7](-[O&D1&v2&H1&+0&!R:8])-[C@@&D3&v4&H1&+0&R&z1:9](-[O&D1&v2&H1&+0&!R:10])-[C@&D3&v4&H1&+0&R&z1:11]-1-[O&D1&v2&H1&+0&!R:12]>>[O&D1&v2&H1&+0&!R:2].[O&D2&v2&H0&+0&!R:1]-[C&D3&v4&H1&+0&R&z2:3]1-[O&D2&v2&H0&+0&R:4]-[C@@&D3&v4&H1&+0&R&z1:5](-[C&D2&v4&H2&+0&!R&z1:6])-[C@&D3&v4&H1&+0&R&z1:7](-[O&D1&v2&H1&+0&!R:8])-[C@@&D3&v4&H1&+0&R&z1:9](-[O&D1&v2&H1&+0&!R:10])-[C@&D3&v4&H1&+0&R&z1:11]-1-[O&D1&v2&H1&+0&!R:12],[622],[1]
542,[O&D1&v2&H1&+0&!R:1].[O&D2&v2&H0&+0&!R:2]-[C&D3&v4&H1&+0&R&z2:3]1-[O&D2&v2&H0&+0&R:4]-[C@@&D3&v4&H1&+0&R&z1:5](-[C&D2&v4&H2&+0&!R&z1:6])-[C@&D3&v4&H1&+0&R&z1:7](-[O&D1&v2&H1&+0&!R:8])-[C@@&D3&v4&H1&+0&R&z1:9](-[O&D1&v2&H1&+0&!R:10])-[C@&D3&v4&H1&+0&R&z1:11]-1-[O&D1&v2&H1&+0&!R:12]>>[O&D1&v2&H1&+0&!R:2].[O&D2&v2&H0&+0&!R:1]-[C@&D3&v4&H1&+0&R&z2:3]1-[O&D2&v2&H0&+0&R:4]-[C@@&D3&v4&H1&+0&R&z1:5](-[C&D2&v4&H2&+0&!R&z1:6])-[C@&D3&v4&H1&+0&R&z1:7](-[O&D1&v2&H1&+0&!R:8])-[C@@&D3&v4&H1&+0&R&z1:9](-[O&D1&v2&H1&+0&!R:10])-[C@&D3&v4&H1&+0&R&z1:11]-1-[O&D1&v2&H1&+0&!R:12],[622],[1]
543,[C&D3&v4&H0&+0&!R&z2:1](=[O&D1&v2&H0&+0&!R:2])-[S&D2&v2&H0&+0&!R:3].[O&D1&v2&H1&+0&!R:4]>>[C&D3&v4&H0&+0&!R&z2:1](=[O&D1&v2&H0&+0&!R:2])-[O&D2&v2&H0&+0&!R:4].[S&D1&v2&H1&+0&!R:3],[629],[1]
544,[C&D3&v4&H0&+0&!R&z2:1](=[O&D1&v2&H0&+0&!R:2])-[O&D2&v2&H0&+0&!R:3].[S&D1&v2&H1&+0&!R:4]>>[C&D3&v4&H0&+0&!R&z2:1](=[O&D1&v2&H0&+0&!R:2])-[S&D2&v2&H0&+0&!R:4].[O&D1&v2&H1&+0&!R:3],[629],[1]
545,[O&D0&v2&H2&+0&!R:1].[O&D1&v2&H0&+0&!R:2]=[C&D3&v4&H0&+0&R&z2:3]-[N&D2&v3&H1&+0&R:4]>>([C&D3&v4&H0&+0&!R&z2:3](=[O&D1&v2&H0&+0&!R:2])-[O&D1&v2&H1&+0&!R:1].[N&D1&v3&H2&+0&!R:4]),[630],[1]
546,([C&D3&v4&H0&+0&!R&z2:1](=[O&D1&v2&H0&+0&!R:2])-[O&D1&v2&H1&+0&!R:3].[N&D1&v3&H2&+0&!R:4])>>[O&D0&v2&H2&+0&!R:3].[O&D1&v2&H0&+0&!R:2]=[C&D3&v4&H0&+0&R&z2:1]-[N&D2&v3&H1&+0&R:4],[630],[1]
547,[N&D2&v3&H1&+0&!R:1]-[C@@&D3&v4&H1&+0&!R&z1:2](-[C&D2&v4&H2&+0&!R&z1:3]-[S&D1&v2&H1&+0&!R:4])-[C&D3&v4&H0&+0&!R&z2:5]-[O&D1&v2&H1&+0&!R:6]>>[C&D2&v4&H0&+0&!R&z2:5]=[O&D1&v2&H0&+0&!R:6].[N&D2&v3&H1&+0&!R:1]-[C&D2&v4&H2&+0&!R&z1:2]-[C&D2&v4&H2&+0&!R&z1:3]-[S&D1&v2&H1&+0&!R:4],[639],[1]
548,[C&D2&v4&H0&+0&!R&z2:1]=[O&D1&v2&H0&+0&!R:2].[N&D2&v3&H1&+0&!R:3]-[C&D2&v4&H2&+0&!R&z1:4]-[C&D2&v4&H2&+0&!R&z1:5]-[S&D1&v2&H1&+0&!R:6]>>[N&D2&v3&H1&+0&!R:3]-[C@@&D3&v4&H1&+0&!R&z1:4](-[C&D2&v4&H2&+0&!R&z1:5]-[S&D1&v2&H1&+0&!R:6])-[C&D3&v4&H0&+0&!R&z2:1]-[O&D1&v2&H1&+0&!R:2],[639],[1]
549,[O&D0&v2&H2&+0&!R:1].[P&D4&v5&H0&+0&!R:2](=[O&D1&v2&H0&+0&!R:3])-[O&D2&v2&H0&+0&!R:4]-[P&D4&v5&H0&+0&!R:5]=[O&D1&v2&H0&+0&!R:6]>>[O&D1&v2&H0&+0&!R:6]=[P&D4&v5&H0&+0&!R:5]-[O&D1&v2&H1&+0&!R:1].[P&D4&v5&H0&+0&!R:2](=[O&D1&v2&H0&+0&!R:4])-[O&D1&v2&H1&+0&!R:3],"[642, 833]","[1, 1]"
550,[O&D1&v2&H0&+0&!R:1]=[P&D4&v5&H0&+0&!R:2]-[O&D1&v2&H1&+0&!R:3].[P&D4&v5&H0&+0&!R:4](=[O&D1&v2&H0&+0&!R:5])-[O&D1&v2&H1&+0&!R:6]>>[O&D0&v2&H2&+0&!R:3].[P&D4&v5&H0&+0&!R:4](=[O&D1&v2&H0&+0&!R:6])-[O&D2&v2&H0&+0&!R:5]-[P&D4&v5&H0&+0&!R:2]=[O&D1&v2&H0&+0&!R:1],"[642, 833]","[1, 1]"
551,[*:1](~[O&D1&v2&H1&+0&!R:2])~[*:3]~[*:4](~[O&D1&v2&H1&+0&!R:5])~[O&D2&v2&H0&+0&!R:6]-[P&D4&v5&H0&+0&!R:7].[O&D1&v2&H1&+0&!R:8]>>[*:1](~[O&D1&v2&H1&+0&!R:2])~[*:3]~[*:4](~[O&D1&v2&H1&+0&!R:5])~[O&D1&v2&H1&+0&!R:6].[O&D2&v2&H0&+0&!R:8]-[P&D4&v5&H0&+0&!R:7],"[643, 669]","[1, 1]"
552,[*:1](~[O&D1&v2&H1&+0&!R:2])~[*:3]~[*:4](~[O&D1&v2&H1&+0&!R:5])~[O&D1&v2&H1&+0&!R:6].[O&D2&v2&H0&+0&!R:7]-[P&D4&v5&H0&+0&!R:8]>>[*:1](~[O&D1&v2&H1&+0&!R:2])~[*:3]~[*:4](~[O&D1&v2&H1&+0&!R:5])~[O&D2&v2&H0&+0&!R:6]-[P&D4&v5&H0&+0&!R:8].[O&D1&v2&H1&+0&!R:7],"[643, 669]","[1, 1]"
553,[O&D0&v2&H2&+0&!R:1].[O&D2&v2&H0&+0&R:2]-[C&D3&v4&H1&+0&R&z1:3]>>([C&D3&v4&H1&+0&R&z1:3]-[O&D1&v2&H1&+0&!R:1].[O&D1&v2&H1&+0&!R:2]),[644],[1]
554,([C&D3&v4&H1&+0&R&z1:1]-[O&D1&v2&H1&+0&!R:2].[O&D1&v2&H1&+0&!R:3])>>[O&D0&v2&H2&+0&!R:2].[O&D2&v2&H0&+0&R:3]-[C&D3&v4&H1&+0&R&z1:1],[644],[1]
555,[C&D1&v4&H3&+0&!R&z0:1]-[C@&D3&v4&H1&+0&R&z1:2]1-[O&D2&v2&H0&+0&R:3]-[C@@&D4&v4&H0&+0&R&z2:4](-[O&D1&v2&H1&+0&!R:5])(~[*:6]~[O&D2&v2&H0&+0&!R:7]~[*:8]~[O&D1&v2&H1&+0&!R:9])-[C@&D3&v4&H1&+0&R&z1:10](-[O&D1&v2&H1&+0&!R:11])-[C@@&D3&v4&H1&+0&R&z1:12]-1-[O&D1&v2&H1&+0&!R:13]>>[C&D1&v4&H3&+0&!R&z0:1]-[C@@&D3&v4&H1&+0&!R&z1:2](-[O&D1&v2&H1&+0&!R:3])-[C&D2&v4&H1&+0&!R&z1:12]=[O&D1&v2&H0&+0&!R:13].[O&D1&v2&H0&+0&!R:5]=[C&D3&v4&H0&+0&!R&z1:4](-[C&D2&v4&H2&+0&!R&z1:10]-[O&D1&v2&H1&+0&!R:11])~[*:6]~[O&D2&v2&H0&+0&!R:7]~[*:8]~[O&D1&v2&H1&+0&!R:9],[645],[1]
556,[C&D1&v4&H3&+0&!R&z0:1]-[C@@&D3&v4&H1&+0&!R&z1:2](-[O&D1&v2&H1&+0&!R:3])-[C&D2&v4&H1&+0&!R&z1:4]=[O&D1&v2&H0&+0&!R:5].[O&D1&v2&H0&+0&!R:6]=[C&D3&v4&H0&+0&!R&z1:7](-[C&D2&v4&H2&+0&!R&z1:8]-[O&D1&v2&H1&+0&!R:9])~[*:10]~[O&D2&v2&H0&+0&!R:11]~[*:12]~[O&D1&v2&H1&+0&!R:13]>>[C&D1&v4&H3&+0&!R&z0:1]-[C@&D3&v4&H1&+0&R&z1:2]1-[O&D2&v2&H0&+0&R:3]-[C@@&D4&v4&H0&+0&R&z2:7](-[O&D1&v2&H1&+0&!R:6])(~[*:10]~[O&D2&v2&H0&+0&!R:11]~[*:12]~[O&D1&v2&H1&+0&!R:13])-[C@&D3&v4&H1&+0&R&z1:8](-[O&D1&v2&H1&+0&!R:9])-[C@@&D3&v4&H1&+0&R&z1:4]-1-[O&D1&v2&H1&+0&!R:5],[645],[1]
557,[N&D1&v3&H2&+0&!R:1].[N&D3&v3&H0&+0&!R:2]-[C&D2&v4&H1&+0&!R&z2:3]=[O&D1&v2&H0&+0&!R:4]>>[N&D2&v3&H1&+0&!R:2].[N&D2&v3&H1&+0&!R:1]-[C&D2&v4&H1&+0&!R&z2:3]=[O&D1&v2&H0&+0&!R:4],[646],[1]
558,[N&D2&v3&H1&+0&!R:1].[N&D2&v3&H1&+0&!R:2]-[C&D2&v4&H1&+0&!R&z2:3]=[O&D1&v2&H0&+0&!R:4]>>[N&D1&v3&H2&+0&!R:2].[N&D3&v3&H0&+0&!R:1]-[C&D2&v4&H1&+0&!R&z2:3]=[O&D1&v2&H0&+0&!R:4],[646],[1]
559,[C&D2&v4&H2&+0&!R&z1:1]-[C@@&D3&v4&H1&+0&R&z1:2]1-[O&D2&v2&H0&+0&R:3]-[C@&D3&v4&H1&+0&R&z2:4](-[O&D2&v2&H0&+0&!R:5])-[C@&D3&v4&H1&+0&R&z1:6](-[O&D1&v2&H1&+0&!R:7])-[C@@&D3&v4&H1&+0&R&z1:8](-[O&D1&v2&H1&+0&!R:9])-[C@&D3&v4&H1&+0&R&z1:10]-1-[O&D1&v2&H1&+0&!R:11].[O&D1&v2&H1&+0&!R:12]>>[O&D1&v2&H1&+0&!R:5].[O&D2&v2&H0&+0&!R:12]-[C&D3&v4&H1&+0&R&z2:4]1-[O&D2&v2&H0&+0&R:3]-[C@&D3&v4&H1&+0&R&z1:2](-[C&D2&v4&H2&+0&!R&z1:1])-[C@@&D3&v4&H1&+0&R&z1:10](-[O&D1&v2&H1&+0&!R:11])-[C@&D3&v4&H1&+0&R&z1:8](-[O&D1&v2&H1&+0&!R:9])-[C@@&D3&v4&H1&+0&R&z1:6]-1-[O&D1&v2&H1&+0&!R:7],[649],[1]
560,[O&D1&v2&H1&+0&!R:1].[O&D2&v2&H0&+0&!R:2]-[C&D3&v4&H1&+0&R&z2:3]1-[O&D2&v2&H0&+0&R:4]-[C@&D3&v4&H1&+0&R&z1:5](-[C&D2&v4&H2&+0&!R&z1:6])-[C@@&D3&v4&H1&+0&R&z1:7](-[O&D1&v2&H1&+0&!R:8])-[C@&D3&v4&H1&+0&R&z1:9](-[O&D1&v2&H1&+0&!R:10])-[C@@&D3&v4&H1&+0&R&z1:11]-1-[O&D1&v2&H1&+0&!R:12]>>[C&D2&v4&H2&+0&!R&z1:6]-[C@@&D3&v4&H1&+0&R&z1:5]1-[O&D2&v2&H0&+0&R:4]-[C@&D3&v4&H1&+0&R&z2:3](-[O&D2&v2&H0&+0&!R:1])-[C@&D3&v4&H1&+0&R&z1:11](-[O&D1&v2&H1&+0&!R:12])-[C@@&D3&v4&H1&+0&R&z1:9](-[O&D1&v2&H1&+0&!R:10])-[C@&D3&v4&H1&+0&R&z1:7]-1-[O&D1&v2&H1&+0&!R:8].[O&D1&v2&H1&+0&!R:2],[649],[1]
561,[C&D1&v4&H3&+0&!R&z0:1]-[C@&D3&v4&H1&+0&!R&z1:2](-[O&D1&v2&H1&+0&!R:3])-[C&D2&v4&H2&+0&!R&z0:4]-[C&D3&v4&H0&+0&!R&z1:5](=[O&D1&v2&H0&+0&!R:6])~[*:7]~[O&D1&v2&H1&+0&!R:8]>>[C&D1&v4&H3&+0&!R&z0:1]-[C&D2&v4&H1&+0&!R&z1:2]=[O&D1&v2&H0&+0&!R:3].[C&D1&v4&H3&+0&!R&z0:4]-[C&D3&v4&H0&+0&!R&z1:5](=[O&D1&v2&H0&+0&!R:6])~[*:7]~[O&D1&v2&H1&+0&!R:8],[652],[1]
562,[C&D1&v4&H3&+0&!R&z0:1]-[C&D2&v4&H1&+0&!R&z1:2]=[O&D1&v2&H0&+0&!R:3].[C&D1&v4&H3&+0&!R&z0:4]-[C&D3&v4&H0&+0&!R&z1:5](=[O&D1&v2&H0&+0&!R:6])~[*:7]~[O&D1&v2&H1&+0&!R:8]>>[C&D1&v4&H3&+0&!R&z0:1]-[C@&D3&v4&H1&+0&!R&z1:2](-[O&D1&v2&H1&+0&!R:3])-[C&D2&v4&H2&+0&!R&z0:4]-[C&D3&v4&H0&+0&!R&z1:5](=[O&D1&v2&H0&+0&!R:6])~[*:7]~[O&D1&v2&H1&+0&!R:8],[652],[1]
563,[C&D3&v4&H0&+0&!R&z2:1]-[C@@&D3&v4&H1&+0&R&z1:2](-[C&D2&v4&H2&+0&R&z0:3])-[N&D2&v3&H1&+0&R:4]-[C&D2&v4&H2&+0&R&z1:5].[O&D2&v2&H0&+0&R:6]-[C@@&D3&v4&H1&+0&R&z2:7](-[N&D2&v3&H1&+0&!R:8])-[C&D2&v4&H2&+0&R&z0:9]>>[N&D1&v3&H2&+0&!R:8].([C&D2&v4&H2&+0&!R&z0:9]/[C&D2&v4&H1&+0&!R&z1:7]=[N&D3&v4&H0&+&R:4](/[C&D2&v4&H2&+0&R&z1:5])-[C@&D3&v4&H1&+0&R&z1:2](-[C&D2&v4&H2&+0&R&z0:3])-[C&D3&v4&H0&+0&!R&z2:1].[O&D1&v2&H1&+0&!R:6]),[659],[2]
564,[N&D1&v3&H2&+0&!R:1].([C&D2&v4&H2&+0&!R&z0:2]/[C&D2&v4&H1&+0&!R&z1:3]=[N&D3&v4&H0&+&R:4](/[C&D2&v4&H2&+0&R&z1:5])-[C@&D3&v4&H1&+0&R&z1:6](-[C&D2&v4&H2&+0&R&z0:7])-[C&D3&v4&H0&+0&!R&z2:8].[O&D1&v2&H1&+0&!R:9])>>[C&D3&v4&H0&+0&!R&z2:8]-[C@@&D3&v4&H1&+0&R&z1:6](-[C&D2&v4&H2&+0&R&z0:7])-[N&D2&v3&H1&+0&R:4]-[C&D2&v4&H2&+0&R&z1:5].[O&D2&v2&H0&+0&R:9]-[C@@&D3&v4&H1&+0&R&z2:3](-[N&D2&v3&H1&+0&!R:1])-[C&D2&v4&H2&+0&R&z0:2],[659],[2]
565,[C&D3&v4&H1&+0&!R&z2:1](-[O&D1&v2&H1&+0&!R:2])-[O&D1&v2&H1&+0&!R:3].[S&D4&v6&H0&+0&!R:4](-[O&D1&v2&H1&+0&!R:5])-[O&D2&v2&H0&+0&!R:6]>>[C&D2&v4&H1&+0&!R&z1:1]=[O&D1&v2&H0&+0&!R:3].[O&D1&v2&H1&+0&!R:6].[S&D4&v6&H0&+0&!R:4](-[O&D1&v2&H1&+0&!R:5])-[O&D1&v2&H1&+0&!R:2],[661],[1]
566,[C&D2&v4&H1&+0&!R&z1:1]=[O&D1&v2&H0&+0&!R:2].[O&D1&v2&H1&+0&!R:3].[S&D4&v6&H0&+0&!R:4](-[O&D1&v2&H1&+0&!R:5])-[O&D1&v2&H1&+0&!R:6]>>[C&D3&v4&H1&+0&!R&z2:1](-[O&D1&v2&H1&+0&!R:6])-[O&D1&v2&H1&+0&!R:2].[S&D4&v6&H0&+0&!R:4](-[O&D1&v2&H1&+0&!R:5])-[O&D2&v2&H0&+0&!R:3],[661],[1]
567,[*:1](~[O&D1&v2&H1&+0&!R:2])~[*:3]~[*:4](~[O&D1&v2&H0&+0&!R:5])(~[O&D1&v2&H1&+0&!R:6])~[O&D2&v2&H0&+0&!R:7]-[P&D4&v5&H0&+0&!R:8]-[O&D1&v2&H1&+0&!R:9].[O&D1&v2&H1&+0&!R:10]>>[*:1](~[O&D1&v2&H1&+0&!R:2])~[*:3]~[*:4](~[O&D1&v2&H0&+0&!R:5])(~[O&D1&v2&H1&+0&!R:6])~[O&D1&v2&H1&+0&!R:7].[P&D4&v5&H0&+0&!R:8](-[O&D1&v2&H1&+0&!R:9])-[O&D2&v2&H0&+0&!R:10],[663],[1]
568,[*:1](~[O&D1&v2&H1&+0&!R:2])~[*:3]~[*:4](~[O&D1&v2&H0&+0&!R:5])(~[O&D1&v2&H1&+0&!R:6])~[O&D1&v2&H1&+0&!R:7].[P&D4&v5&H0&+0&!R:8](-[O&D1&v2&H1&+0&!R:9])-[O&D2&v2&H0&+0&!R:10]>>[*:1](~[O&D1&v2&H1&+0&!R:2])~[*:3]~[*:4](~[O&D1&v2&H0&+0&!R:5])(~[O&D1&v2&H1&+0&!R:6])~[O&D2&v2&H0&+0&!R:7]-[P&D4&v5&H0&+0&!R:8]-[O&D1&v2&H1&+0&!R:9].[O&D1&v2&H1&+0&!R:10],[663],[1]
569,[N&D2&v3&H0&+0&R:1]=[C&D3&v4&H0&+0&R&z1:2]-[C@@&D3&v4&H1&+0&!R&z1:3](-[O&D1&v2&H1&+0&!R:4])-[C@@&D3&v4&H1&+0&!R&z1:5](-[O&D1&v2&H1&+0&!R:6])-[C&D2&v4&H2&+0&!R&z1:7]>>[N&D2&v3&H0&+0&R:1]=[C&D3&v4&H0&+0&R&z1:2]-[C&D2&v4&H2&+0&!R&z1:3]-[O&D1&v2&H1&+0&!R:4].[O&D1&v2&H0&+0&!R:6]=[C&D2&v4&H1&+0&!R&z1:5]-[C&D2&v4&H2&+0&!R&z1:7],[664],[1]
570,[N&D2&v3&H0&+0&R:1]=[C&D3&v4&H0&+0&R&z1:2]-[C&D2&v4&H2&+0&!R&z1:3]-[O&D1&v2&H1&+0&!R:4].[O&D1&v2&H0&+0&!R:5]=[C&D2&v4&H1&+0&!R&z1:6]-[C&D2&v4&H2&+0&!R&z1:7]>>[N&D2&v3&H0&+0&R:1]=[C&D3&v4&H0&+0&R&z1:2]-[C@@&D3&v4&H1&+0&!R&z1:3](-[O&D1&v2&H1&+0&!R:4])-[C@@&D3&v4&H1&+0&!R&z1:6](-[O&D1&v2&H1&+0&!R:5])-[C&D2&v4&H2&+0&!R&z1:7],[664],[1]
571,[N&D2&v3&H1&+0&!R:1]-[C&D3&v4&H0&+0&!R&z3:2](-[N&D1&v3&H2&+0&!R:3])=[O&D1&v2&H0&+0&!R:4].[O&D0&v2&H2&+0&!R:5]>>[N&D0&v3&H3&+0&!R:3].[N&D1&v3&H2&+0&!R:1].[O&D1&v2&H0&+0&!R:4]=[C&D2&v4&H0&+0&!R&z2:2]=[O&D1&v2&H0&+0&!R:5],[671],[1]
572,[N&D0&v3&H3&+0&!R:1].[N&D1&v3&H2&+0&!R:2].[O&D1&v2&H0&+0&!R:3]=[C&D2&v4&H0&+0&!R&z2:4]=[O&D1&v2&H0&+0&!R:5]>>[N&D2&v3&H1&+0&!R:2]-[C&D3&v4&H0&+0&!R&z3:4](-[N&D1&v3&H2&+0&!R:1])=[O&D1&v2&H0&+0&!R:3].[O&D0&v2&H2&+0&!R:5],[671],[1]
573,[C&D3&v4&H0&+0&!R&z2:1](=[O&D1&v2&H0&+0&!R:2])/[C&D2&v4&H1&+0&!R&z0:3]=[C&D2&v4&H1&+0&!R&z0:4]/[C&D2&v4&H2&+0&!R&z0:5]-[C&D3&v4&H0&+0&!R&z2:6]-[O&D1&v2&H1&+0&!R:7].[N&D2&v3&H1&+0&R:8]-[C&D3&v4&H0&+0&R&z3:9]=[O&D1&v2&H0&+0&!R:10]>>[C&D1&v4&H3&+0&!R&z0:5]/[C&D2&v4&H1&+0&!R&z0:4]=[C&D2&v4&H1&+0&!R&z0:3]/[C&D3&v4&H0&+0&!R&z2:1]=[O&D1&v2&H0&+0&!R:2].[C&D3&v4&H0&+0&R&z3:9](=[O&D1&v2&H0&+0&!R:10])-[N&D3&v3&H0&+0&R:8]-[C&D3&v4&H0&+0&!R&z3:6]-[O&D1&v2&H1&+0&!R:7],[675],[1]
574,[C&D1&v4&H3&+0&!R&z0:1]/[C&D2&v4&H1&+0&!R&z0:2]=[C&D2&v4&H1&+0&!R&z0:3]/[C&D3&v4&H0&+0&!R&z2:4]=[O&D1&v2&H0&+0&!R:5].[C&D3&v4&H0&+0&R&z3:6](=[O&D1&v2&H0&+0&!R:7])-[N&D3&v3&H0&+0&R:8]-[C&D3&v4&H0&+0&!R&z3:9]-[O&D1&v2&H1&+0&!R:10]>>[C&D3&v4&H0&+0&!R&z2:4](=[O&D1&v2&H0&+0&!R:5])/[C&D2&v4&H1&+0&!R&z0:3]=[C&D2&v4&H1&+0&!R&z0:2]/[C&D2&v4&H2&+0&!R&z0:1]-[C&D3&v4&H0&+0&!R&z2:9]-[O&D1&v2&H1&+0&!R:10].[N&D2&v3&H1&+0&R:8]-[C&D3&v4&H0&+0&R&z3:6]=[O&D1&v2&H0&+0&!R:7],[675],[1]
575,[O&D2&v2&H0&+0&R:1]-[C&D3&v4&H1&+0&R&z2:2](-[O&D1&v2&H1&+0&!R:3])-[C&D3&v4&H1&+0&R&z1:4]-[O&D1&v2&H1&+0&!R:5]>>([O&D1&v2&H0&+0&!R:5]=[C&D3&v4&H0&+0&!R&z1:4]-[C&D2&v4&H2&+0&!R&z1:2]-[O&D1&v2&H1&+0&!R:3].[O&D1&v2&H1&+0&!R:1]),[680],[1]
576,([O&D1&v2&H0&+0&!R:1]=[C&D3&v4&H0&+0&!R&z1:2]-[C&D2&v4&H2&+0&!R&z1:3]-[O&D1&v2&H1&+0&!R:4].[O&D1&v2&H1&+0&!R:5])>>[O&D2&v2&H0&+0&R:5]-[C&D3&v4&H1&+0&R&z2:3](-[O&D1&v2&H1&+0&!R:4])-[C&D3&v4&H1&+0&R&z1:2]-[O&D1&v2&H1&+0&!R:1],[680],[1]
577,[O&D0&v2&H2&+0&!R:1].[O&D2&v2&H0&+0&!R:2]-[C&D3&v4&H0&+0&!R&z2:3]=[O&D1&v2&H0&+0&!R:4]>>[O&D1&v2&H0&+0&!R:4]=[C&D3&v4&H0&+0&!R&z2:3]-[O&D1&v2&H1&+0&!R:1].[O&D1&v2&H1&+0&!R:2],[681],[1]
578,[O&D1&v2&H0&+0&!R:1]=[C&D3&v4&H0&+0&!R&z2:2]-[O&D1&v2&H1&+0&!R:3].[O&D1&v2&H1&+0&!R:4]>>[O&D0&v2&H2&+0&!R:3].[O&D2&v2&H0&+0&!R:4]-[C&D3&v4&H0&+0&!R&z2:2]=[O&D1&v2&H0&+0&!R:1],[681],[1]
579,[O&D2&v2&H0&+0&!R:1]-[C@&D3&v4&H1&+0&R&z1:2]1-[C@&D3&v4&H1&+0&R&z1:3](-[O&D1&v2&H1&+0&!R:4])-[C@@&D3&v4&H1&+0&R&z1:5](-[O&D1&v2&H1&+0&!R:6])-[C@@&D3&v4&H1&+0&R&z2:7](-[O&D1&v2&H1&+0&!R:8])-[O&D2&v2&H0&+0&R:9]-[C@&D3&v4&H1&+0&R&z1:10]-1-[C&D3&v4&H0&+0&!R&z2:11]>>[C&D3&v4&H0&+0&!R&z2:11]-[C&D3&v4&H0&+0&R&z1:10]1=[C&D2&v4&H1&+0&R&z0:2]-[C@&D3&v4&H1&+0&R&z1:3](-[O&D1&v2&H1&+0&!R:4])-[C@@&D3&v4&H1&+0&R&z1:5](-[O&D1&v2&H1&+0&!R:6])-[C@@&D3&v4&H1&+0&R&z2:7](-[O&D1&v2&H1&+0&!R:8])-[O&D2&v2&H0&+0&R:9]-1.[O&D1&v2&H1&+0&!R:1],[684],[1]
580,[C&D3&v4&H0&+0&!R&z2:1]-[C&D3&v4&H0&+0&R&z1:2]1=[C&D2&v4&H1&+0&R&z0:3]-[C@&D3&v4&H1&+0&R&z1:4](-[O&D1&v2&H1&+0&!R:5])-[C@@&D3&v4&H1&+0&R&z1:6](-[O&D1&v2&H1&+0&!R:7])-[C@@&D3&v4&H1&+0&R&z2:8](-[O&D1&v2&H1&+0&!R:9])-[O&D2&v2&H0&+0&R:10]-1.[O&D1&v2&H1&+0&!R:11]>>[O&D2&v2&H0&+0&!R:11]-[C@&D3&v4&H1&+0&R&z1:3]1-[C@&D3&v4&H1&+0&R&z1:4](-[O&D1&v2&H1&+0&!R:5])-[C@@&D3&v4&H1&+0&R&z1:6](-[O&D1&v2&H1&+0&!R:7])-[C@@&D3&v4&H1&+0&R&z2:8](-[O&D1&v2&H1&+0&!R:9])-[O&D2&v2&H0&+0&R:10]-[C@&D3&v4&H1&+0&R&z1:2]-1-[C&D3&v4&H0&+0&!R&z2:1],[684],[1]
581,[O&D0&v2&H2&+0&!R:1].[P&D4&v5&H0&+0&!R:2](=[O&D1&v2&H0&+0&!R:3])-[F&D1&v1&H0&+0&!R:4]>>[F&D0&v1&H1&+0&!R:4].[P&D4&v5&H0&+0&!R:2](=[O&D1&v2&H0&+0&!R:3])-[O&D1&v2&H1&+0&!R:1],"[686, 686]","[3, 1]"
582,[F&D0&v1&H1&+0&!R:1].[P&D4&v5&H0&+0&!R:2](=[O&D1&v2&H0&+0&!R:3])-[O&D1&v2&H1&+0&!R:4]>>[O&D0&v2&H2&+0&!R:4].[P&D4&v5&H0&+0&!R:2](=[O&D1&v2&H0&+0&!R:3])-[F&D1&v1&H0&+0&!R:1],"[686, 686]","[3, 1]"
583,[C&D3&v4&H0&+0&R&z0:1]1=[C&D2&v4&H1&+0&R&z0:2]-[C&D2&v4&H1&+0&R&z0:3]=[C&D2&v4&H1&+0&R&z0:4]-[C@&D3&v4&H1&+0&R&z1:5](-[O&D1&v2&H1&+0&!R:6])-[C@@&D3&v4&H1&+0&R&z0:7]-1-[C&D3&v4&H0&+0&!R&z2:8](=[O&D1&v2&H0&+0&!R:9])-[O&D1&v2&H1&+0&!R:10]>>[O&D0&v2&H2&+0&!R:6].[c&D3&v4&H0&+0&R&z0:1]1:[c&D2&v4&H1&+0&R&z0:2]:[c&D2&v4&H1&+0&R&z0:3]:[c&D2&v4&H1&+0&R&z0:4]:[c&D2&v4&H1&+0&R&z0:5]:[c&D3&v4&H0&+0&R&z0:7]:1-[C&D3&v4&H0&+0&!R&z2:8](=[O&D1&v2&H0&+0&!R:9])-[O&D1&v2&H1&+0&!R:10],[689],[1]
584,[O&D0&v2&H2&+0&!R:1].[c&D3&v4&H0&+0&R&z0:2]1:[c&D2&v4&H1&+0&R&z0:3]:[c&D2&v4&H1&+0&R&z0:4]:[c&D2&v4&H1&+0&R&z0:5]:[c&D2&v4&H1&+0&R&z0:6]:[c&D3&v4&H0&+0&R&z0:7]:1-[C&D3&v4&H0&+0&!R&z2:8](=[O&D1&v2&H0&+0&!R:9])-[O&D1&v2&H1&+0&!R:10]>>[C&D3&v4&H0&+0&R&z0:2]1=[C&D2&v4&H1&+0&R&z0:3]-[C&D2&v4&H1&+0&R&z0:4]=[C&D2&v4&H1&+0&R&z0:5]-[C@&D3&v4&H1&+0&R&z1:6](-[O&D1&v2&H1&+0&!R:1])-[C@@&D3&v4&H1&+0&R&z0:7]-1-[C&D3&v4&H0&+0&!R&z2:8](=[O&D1&v2&H0&+0&!R:9])-[O&D1&v2&H1&+0&!R:10],[689],[1]
585,[C&D2&v4&H2&+0&!R&z1:1]-[C@@&D3&v4&H1&+0&R&z1:2]1-[O&D2&v2&H0&+0&R:3]-[C@&D3&v4&H1&+0&R&z2:4](-[O&D2&v2&H0&+0&!R:5])-[C@&D3&v4&H1&+0&R&z1:6](-[O&D1&v2&H1&+0&!R:7])-[C@@&D3&v4&H1&+0&R&z1:8](-[O&D1&v2&H1&+0&!R:9])-[C@&D3&v4&H1&+0&R&z1:10]-1-[O&D1&v2&H1&+0&!R:11].[O&D0&v2&H2&+0&!R:12]>>[C&D2&v4&H2&+0&!R&z1:1]-[C@@&D3&v4&H1&+0&R&z1:2]1-[O&D2&v2&H0&+0&R:3]-[C&D3&v4&H1&+0&R&z2:4](-[O&D1&v2&H1&+0&!R:12])-[C@&D3&v4&H1&+0&R&z1:6](-[O&D1&v2&H1&+0&!R:7])-[C@@&D3&v4&H1&+0&R&z1:8](-[O&D1&v2&H1&+0&!R:9])-[C@&D3&v4&H1&+0&R&z1:10]-1-[O&D1&v2&H1&+0&!R:11].[O&D1&v2&H1&+0&!R:5],"[690, 976]","[1, 1]"
586,[C&D2&v4&H2&+0&!R&z1:1]-[C@@&D3&v4&H1&+0&R&z1:2]1-[O&D2&v2&H0&+0&R:3]-[C&D3&v4&H1&+0&R&z2:4](-[O&D1&v2&H1&+0&!R:5])-[C@&D3&v4&H1&+0&R&z1:6](-[O&D1&v2&H1&+0&!R:7])-[C@@&D3&v4&H1&+0&R&z1:8](-[O&D1&v2&H1&+0&!R:9])-[C@&D3&v4&H1&+0&R&z1:10]-1-[O&D1&v2&H1&+0&!R:11].[O&D1&v2&H1&+0&!R:12]>>[C&D2&v4&H2&+0&!R&z1:1]-[C@@&D3&v4&H1&+0&R&z1:2]1-[O&D2&v2&H0&+0&R:3]-[C@&D3&v4&H1&+0&R&z2:4](-[O&D2&v2&H0&+0&!R:12])-[C@&D3&v4&H1&+0&R&z1:6](-[O&D1&v2&H1&+0&!R:7])-[C@@&D3&v4&H1&+0&R&z1:8](-[O&D1&v2&H1&+0&!R:9])-[C@&D3&v4&H1&+0&R&z1:10]-1-[O&D1&v2&H1&+0&!R:11].[O&D0&v2&H2&+0&!R:5],"[690, 976]","[1, 1]"
587,[C&D1&v4&H3&+0&!R&z1:1]-[S&D3&v3&H0&+&!R:2].[O&D1&v2&H1&+0&!R:3]>>[O&D2&v2&H0&+0&!R:3]-[C&D1&v4&H3&+0&!R&z1:1].[S&D2&v2&H0&+0&!R:2],[692],[1]
588,[O&D2&v2&H0&+0&!R:1]-[C&D1&v4&H3&+0&!R&z1:2].[S&D2&v2&H0&+0&!R:3]>>[C&D1&v4&H3&+0&!R&z1:2]-[S&D3&v3&H0&+&!R:3].[O&D1&v2&H1&+0&!R:1],[692],[1]
589,[*:1](~[O&D1&v2&H1&+0&!R:2])~[O&D1&v2&H1&+0&!R:3].[N&D2&v3&H0&+0&R:4]=[C&D2&v4&H1&+0&R&z2:5]-[N&D3&v3&H0&+0&R:6]-[C@&D3&v4&H1&+0&R&z2:7]1-[O&D2&v2&H0&+0&R:8]-[C@&D3&v4&H1&+0&R&z1:9](-[C&D2&v4&H2&+0&!R&z1:10])-[C@@&D3&v4&H1&+0&R&z1:11](-[O&D1&v2&H1&+0&!R:12])-[C@@&D3&v4&H1&+0&R&z1:13]-1-[O&D1&v2&H1&+0&!R:14]>>[*:1](~[O&D1&v2&H1&+0&!R:3])~[O&D2&v2&H0&+0&!R:2]-[C&D3&v4&H1&+0&R&z2:7]1-[O&D2&v2&H0&+0&R:8]-[C@&D3&v4&H1&+0&R&z1:9](-[C&D2&v4&H2&+0&!R&z1:10])-[C@@&D3&v4&H1&+0&R&z1:11](-[O&D1&v2&H1&+0&!R:12])-[C@@&D3&v4&H1&+0&R&z1:13]-1-[O&D1&v2&H1&+0&!R:14].[N&D2&v3&H0&+0&R:6]=[C&D2&v4&H1&+0&R&z2:5]-[N&D2&v3&H1&+0&R:4],[695],[1]
590,[*:1](~[O&D1&v2&H1&+0&!R:2])~[O&D2&v2&H0&+0&!R:3]-[C&D3&v4&H1&+0&R&z2:4]1-[O&D2&v2&H0&+0&R:5]-[C@&D3&v4&H1&+0&R&z1:6](-[C&D2&v4&H2&+0&!R&z1:7])-[C@@&D3&v4&H1&+0&R&z1:8](-[O&D1&v2&H1&+0&!R:9])-[C@@&D3&v4&H1&+0&R&z1:10]-1-[O&D1&v2&H1&+0&!R:11].[N&D2&v3&H0&+0&R:12]=[C&D2&v4&H1&+0&R&z2:13]-[N&D2&v3&H1&+0&R:14]>>[*:1](~[O&D1&v2&H1&+0&!R:3])~[O&D1&v2&H1&+0&!R:2].[N&D2&v3&H0&+0&R:14]=[C&D2&v4&H1&+0&R&z2:13]-[N&D3&v3&H0&+0&R:12]-[C@&D3&v4&H1&+0&R&z2:4]1-[O&D2&v2&H0&+0&R:5]-[C@&D3&v4&H1&+0&R&z1:6](-[C&D2&v4&H2&+0&!R&z1:7])-[C@@&D3&v4&H1&+0&R&z1:8](-[O&D1&v2&H1&+0&!R:9])-[C@@&D3&v4&H1&+0&R&z1:10]-1-[O&D1&v2&H1&+0&!R:11],[695],[1]
591,[C&D1&v4&H3&+0&!R&z1:1]-[S&D3&v3&H0&+&!R:2].[C&D1&v4&H3&+0&!R&z1:3]-[S&D3&v3&H0&+&!R:4].[c&D3&v4&H0&+0&R&z1:5]1:[n&D2&v3&H1&+0&R:6]:[c&D3&v4&H0&+0&R&z1:7](:[c&D3&v4&H0&+0&R&z0:8]:[c&D3&v4&H0&+0&R&z0:9]:1)-[C&D2&v4&H2&+0&R&z0:10]-[c&D3&v4&H0&+0&R&z1:11]1:[n&D2&v3&H1&+0&R:12]:[c&D3&v4&H0&+0&R&z1:13](:[c&D3&v4&H0&+0&R&z0:14]:[c&D3&v4&H0&+0&R&z0:15]:1)-[C&D2&v4&H2&+0&R&z0:16]-[c&D3&v4&H0&+0&R&z1:17]>>[C&D1&v4&H3&+0&!R&z0:3]-[C&D4&v4&H0&+0&R&z0:8]1-[C&D3&v4&H0&+0&R&z0:9]=[C&D3&v4&H0&+0&R&z1:5]-[N&D2&v3&H1&+0&R:6]/[C&D3&v4&H0&+0&R&z1:7]-1=[C&D2&v4&H1&+0&R&z0:10]\[C&D3&v4&H0&+0&R&z1:11]1=[N&D2&v3&H0&+0&R:12]/[C&D3&v4&H0&+0&R&z1:13](=[C&D2&v4&H1&+0&R&z0:16]\[c&D3&v4&H0&+0&R&z1:17])-[C&D4&v4&H0&+0&R&z0:14](-[C&D3&v4&H1&+0&R&z0:15]-1)-[C&D1&v4&H3&+0&!R&z0:1].[S&D2&v2&H0&+0&!R:2].[S&D2&v2&H0&+0&!R:4],[702],[1]
592,[C&D1&v4&H3&+0&!R&z0:1]-[C&D4&v4&H0&+0&R&z0:2]1-[C&D3&v4&H0&+0&R&z0:3]=[C&D3&v4&H0&+0&R&z1:4]-[N&D2&v3&H1&+0&R:5]/[C&D3&v4&H0&+0&R&z1:6]-1=[C&D2&v4&H1&+0&R&z0:7]\[C&D3&v4&H0&+0&R&z1:8]1=[N&D2&v3&H0&+0&R:9]/[C&D3&v4&H0&+0&R&z1:10](=[C&D2&v4&H1&+0&R&z0:11]\[c&D3&v4&H0&+0&R&z1:12])-[C&D4&v4&H0&+0&R&z0:13](-[C&D3&v4&H1&+0&R&z0:14]-1)-[C&D1&v4&H3&+0&!R&z0:15].[S&D2&v2&H0&+0&!R:16].[S&D2&v2&H0&+0&!R:17]>>[C&D1&v4&H3&+0&!R&z1:15]-[S&D3&v3&H0&+&!R:16].[C&D1&v4&H3&+0&!R&z1:1]-[S&D3&v3&H0&+&!R:17].[c&D3&v4&H0&+0&R&z1:4]1:[n&D2&v3&H1&+0&R:5]:[c&D3&v4&H0&+0&R&z1:6](:[c&D3&v4&H0&+0&R&z0:2]:[c&D3&v4&H0&+0&R&z0:3]:1)-[C&D2&v4&H2&+0&R&z0:7]-[c&D3&v4&H0&+0&R&z1:8]1:[n&D2&v3&H1&+0&R:9]:[c&D3&v4&H0&+0&R&z1:10](:[c&D3&v4&H0&+0&R&z0:13]:[c&D3&v4&H0&+0&R&z0:14]:1)-[C&D2&v4&H2&+0&R&z0:11]-[c&D3&v4&H0&+0&R&z1:12],[702],[1]
593,[N&D1&v3&H2&+0&!R:1]-[C@@&D3&v4&H1&+0&!R&z1:2](-[C&D2&v4&H2&+0&!R&z0:3]-[c&D3&v4&H0&+0&R&z0:4])-[C&D3&v4&H0&+0&!R&z2:5]>>[C&D3&v4&H0&+0&!R&z2:5]/[C&D2&v4&H1&+0&!R&z0:2]=[C&D2&v4&H1&+0&!R&z0:3]/[c&D3&v4&H0&+0&R&z0:4].[N&D0&v3&H3&+0&!R:1],[708],[2]
594,[C&D3&v4&H0&+0&!R&z2:1]/[C&D2&v4&H1&+0&!R&z0:2]=[C&D2&v4&H1&+0&!R&z0:3]/[c&D3&v4&H0&+0&R&z0:4].[N&D0&v3&H3&+0&!R:5]>>[N&D1&v3&H2&+0&!R:5]-[C@@&D3&v4&H1&+0&!R&z1:2](-[C&D2&v4&H2&+0&!R&z0:3]-[c&D3&v4&H0&+0&R&z0:4])-[C&D3&v4&H0&+0&!R&z2:1],[708],[2]
595,[N&D1&v3&H2&+0&!R:1]-[C@&D3&v4&H1&+0&!R&z1:2](-[C&D2&v4&H2&+0&!R&z0:3]-[c&D3&v4&H0&+0&R&z0:4])-[C&D3&v4&H0&+0&!R&z2:5]>>[C&D3&v4&H0&+0&!R&z2:5]/[C&D2&v4&H1&+0&!R&z0:2]=[C&D2&v4&H1&+0&!R&z0:3]/[c&D3&v4&H0&+0&R&z0:4].[N&D0&v3&H3&+0&!R:1],[708],[3]
596,[C&D3&v4&H0&+0&!R&z2:1]/[C&D2&v4&H1&+0&!R&z0:2]=[C&D2&v4&H1&+0&!R&z0:3]/[c&D3&v4&H0&+0&R&z0:4].[N&D0&v3&H3&+0&!R:5]>>[N&D1&v3&H2&+0&!R:5]-[C@&D3&v4&H1&+0&!R&z1:2](-[C&D2&v4&H2&+0&!R&z0:3]-[c&D3&v4&H0&+0&R&z0:4])-[C&D3&v4&H0&+0&!R&z2:1],[708],[3]
597,[N&D1&v3&H2&+0&!R:1]-[C@@&D3&v4&H1&+0&!R&z1:2](-[C&D2&v4&H2&+0&!R&z0:3]-[c&D3&v4&H0&+0&R&z0:4]:[c&D2&v4&H1&+0&R&z0:5])-[C&D3&v4&H0&+0&!R&z2:6]>>[C&D3&v4&H0&+0&!R&z2:6]/[C&D2&v4&H1&+0&!R&z0:2]=[C&D2&v4&H1&+0&!R&z0:3]/[c&D3&v4&H0&+0&R&z0:4]:[c&D2&v4&H1&+0&R&z0:5].[N&D0&v3&H3&+0&!R:1],[708],[1]
598,[C&D3&v4&H0&+0&!R&z2:1]/[C&D2&v4&H1&+0&!R&z0:2]=[C&D2&v4&H1&+0&!R&z0:3]/[c&D3&v4&H0&+0&R&z0:4]:[c&D2&v4&H1&+0&R&z0:5].[N&D0&v3&H3&+0&!R:6]>>[N&D1&v3&H2&+0&!R:6]-[C@@&D3&v4&H1&+0&!R&z1:2](-[C&D2&v4&H2&+0&!R&z0:3]-[c&D3&v4&H0&+0&R&z0:4]:[c&D2&v4&H1&+0&R&z0:5])-[C&D3&v4&H0&+0&!R&z2:1],[708],[1]
599,[C&D3&v4&H0&+0&R&z0:1]-[c&D3&v4&H0&+0&R&z1:2](:[c&D2&v4&H1&+0&R&z0:3]:[c&D3&v4&H0&+0&R&z1:4]):[n&D2&v3&H0&+0&R:5]:[c&D3&v4&H0&+0&R&z1:6]:[c&D2&v4&H1&+0&R&z0:7]:[c&D3&v4&H0&+0&R&z1:8]1:[n&D2&v3&H1&+0&R:9]:[c&D3&v4&H0&+0&R&z1:10](:[c&D2&v4&H1&+0&R&z0:11]:[c&D3&v4&H0&+0&R&z1:12]:[n&D2&v3&H0&+0&R:13]:[c&D3&v4&H0&+0&R&z1:14]:[c&D2&v4&H1&+0&R&z0:15]:[c&D3&v4&H0&+0&R&z1:16]):[c&D3&v4&H0&+0&R&z0:17]:[c&D3&v4&H0&+0&R&z0:18]:1.[O&D1&v2&H1&+0&!R:19]-[O&D1&v2&H1&+0&!R:20].[c&D3&v4&H0&+0&R&z1:21]1:[c&D2&v4&H1&+0&R&z0:22]:[c&D2&v4&H1&+0&R&z0:23]:[c&D2&v4&H1&+0&R&z0:24]:[c&D2&v4&H1&+0&R&z0:25]:[c&D3&v4&H0&+0&R&z0:26]:1.[c&D3&v4&H0&+0&R&z1:27]1:[c&D2&v4&H1&+0&R&z0:28]:[c&D2&v4&H1&+0&R&z0:29]:[c&D2&v4&H1&+0&R&z0:30]:[c&D2&v4&H1&+0&R&z0:31]:[c&D3&v4&H0&+0&R&z0:32]:1>>[#6&H1&+2:23]/[C&D2&v4&H1&+0&!R&z0:24]=[C&D2&v4&H1&+0&!R&z0:25]\[c&D3&v4&H0&+0&R&z0:26]:[c&D3&v4&H0&+0&R&z1:21]-[C&D1&v4&H3&+0&!R&z0:22].[#8&-2:20].[C&D3&v4&H0&+0&R&z0:1]/[C&D3&v4&H0&+0&R&z1:2](=[C&D2&v4&H1&+0&R&z0:3]/[c&D3&v4&H0&+0&R&z1:4])-[N&D2&v3&H0&+0&R:5]=[C&D3&v4&H0&+0&R&z1:6]/[C&D2&v4&H1&+0&R&z0:7]=[C&D3&v4&H0&+0&R&z1:8]1\[#7&-:9]-[C&D3&v3&H0&+&R&z1:10](-[C&D2&v2&H0&+0&R&z0:11]-[C&D3&v4&H0&+0&R&z1:12]=[N&D2&v3&H0&+0&R:13]/[C&D3&v4&H0&+0&R&z1:14]=[C&D2&v4&H1&+0&R&z0:15]\[c&D3&v4&H0&+0&R&z1:16])-[C&D3&v4&H0&+0&R&z0:17]=[C&D3&v4&H0&+0&R&z0:18]-1.[O&D0&v2&H2&+0&!R:19].[c&D3&v4&H0&+0&R&z1:27]1:[c&D3&v4&H0&+0&R&z0:32]-[C&D2&v4&H1&+0&R&z0:31]=[C&D2&v4&H1&+0&R&z0:30]-[C&D2&v4&H2&+0&R&z0:29]-[C&D2&v2&H0&+0&R&z0:28]-1,[709],[1]
600,[#6&H1&+2:1]/[C&D2&v4&H1&+0&!R&z0:2]=[C&D2&v4&H1&+0&!R&z0:3]\[c&D3&v4&H0&+0&R&z0:4]:[c&D3&v4&H0&+0&R&z1:5]-[C&D1&v4&H3&+0&!R&z0:6].[#8&-2:7].[C&D3&v4&H0&+0&R&z0:8]/[C&D3&v4&H0&+0&R&z1:9](=[C&D2&v4&H1&+0&R&z0:10]/[c&D3&v4&H0&+0&R&z1:11])-[N&D2&v3&H0&+0&R:12]=[C&D3&v4&H0&+0&R&z1:13]/[C&D2&v4&H1&+0&R&z0:14]=[C&D3&v4&H0&+0&R&z1:15]1\[#7&-:16]-[C&D3&v3&H0&+&R&z1:17](-[C&D2&v2&H0&+0&R&z0:18]-[C&D3&v4&H0&+0&R&z1:19]=[N&D2&v3&H0&+0&R:20]/[C&D3&v4&H0&+0&R&z1:21]=[C&D2&v4&H1&+0&R&z0:22]\[c&D3&v4&H0&+0&R&z1:23])-[C&D3&v4&H0&+0&R&z0:24]=[C&D3&v4&H0&+0&R&z0:25]-1.[O&D0&v2&H2&+0&!R:26].[c&D3&v4&H0&+0&R&z1:27]1:[c&D3&v4&H0&+0&R&z0:28]-[C&D2&v4&H1&+0&R&z0:29]=[C&D2&v4&H1&+0&R&z0:30]-[C&D2&v4&H2&+0&R&z0:31]-[C&D2&v2&H0&+0&R&z0:32]-1>>[C&D3&v4&H0&+0&R&z0:8]-[c&D3&v4&H0&+0&R&z1:9](:[c&D2&v4&H1&+0&R&z0:10]:[c&D3&v4&H0&+0&R&z1:11]):[n&D2&v3&H0&+0&R:12]:[c&D3&v4&H0&+0&R&z1:13]:[c&D2&v4&H1&+0&R&z0:14]:[c&D3&v4&H0&+0&R&z1:15]1:[n&D2&v3&H1&+0&R:16]:[c&D3&v4&H0&+0&R&z1:17](:[c&D2&v4&H1&+0&R&z0:18]:[c&D3&v4&H0&+0&R&z1:19]:[n&D2&v3&H0&+0&R:20]:[c&D3&v4&H0&+0&R&z1:21]:[c&D2&v4&H1&+0&R&z0:22]:[c&D3&v4&H0&+0&R&z1:23]):[c&D3&v4&H0&+0&R&z0:24]:[c&D3&v4&H0&+0&R&z0:25]:1.[O&D1&v2&H1&+0&!R:26]-[O&D1&v2&H1&+0&!R:7].[c&D3&v4&H0&+0&R&z1:5]1:[c&D2&v4&H1&+0&R&z0:6]:[c&D2&v4&H1&+0&R&z0:1]:[c&D2&v4&H1&+0&R&z0:2]:[c&D2&v4&H1&+0&R&z0:3]:[c&D3&v4&H0&+0&R&z0:4]:1.[c&D3&v4&H0&+0&R&z1:27]1:[c&D2&v4&H1&+0&R&z0:32]:[c&D2&v4&H1&+0&R&z0:31]:[c&D2&v4&H1&+0&R&z0:30]:[c&D2&v4&H1&+0&R&z0:29]:[c&D3&v4&H0&+0&R&z0:28]:1,[709],[1]
601,[O&D0&v2&H2&+0&!R:1].[O&D1&v2&H0&+0&!R:2]=[C&D2&v4&H1&+0&!R&z1:3].[c&D3&v4&H0&+0&R&z0:4]1:[c&D2&v4&H1&+0&R&z0:5]:[c&D2&v4&H1&+0&R&z0:6]:[c&D2&v4&H1&+0&R&z1:7]:[n&D3&v4&H0&+&R:8]:[c&D2&v4&H1&+0&R&z1:9]:1>>[C&D3&v4&H0&+0&R&z0:4]1=[C&D2&v4&H1&+0&R&z1:9]-[N&D3&v3&H0&+0&R:8]-[C&D2&v4&H1&+0&R&z1:7]=[C&D2&v4&H1&+0&R&z0:6]-[C&D2&v4&H2&+0&R&z0:5]-1.[O&D1&v2&H0&+0&!R:2]=[C&D3&v4&H0&+0&!R&z2:3]-[O&D1&v2&H1&+0&!R:1],[711],[1]
602,[C&D3&v4&H0&+0&R&z0:1]1=[C&D2&v4&H1&+0&R&z1:2]-[N&D3&v3&H0&+0&R:3]-[C&D2&v4&H1&+0&R&z1:4]=[C&D2&v4&H1&+0&R&z0:5]-[C&D2&v4&H2&+0&R&z0:6]-1.[O&D1&v2&H0&+0&!R:7]=[C&D3&v4&H0&+0&!R&z2:8]-[O&D1&v2&H1&+0&!R:9]>>[O&D0&v2&H2&+0&!R:9].[O&D1&v2&H0&+0&!R:7]=[C&D2&v4&H1&+0&!R&z1:8].[c&D3&v4&H0&+0&R&z0:1]1:[c&D2&v4&H1&+0&R&z0:6]:[c&D2&v4&H1&+0&R&z0:5]:[c&D2&v4&H1&+0&R&z1:4]:[n&D3&v4&H0&+&R:3]:[c&D2&v4&H1&+0&R&z1:2]:1,[711],[1]
603,[N&D1&v3&H2&+0&!R:1]-[C@@&D3&v4&H1&+0&!R&z1:2](-[C&D2&v4&H2&+0&!R&z1:3]-[O&D1&v2&H1&+0&!R:4])-[C&D3&v4&H0&+0&!R&z2:5].[S&D1&v2&H1&+0&!R:6]>>[N&D1&v3&H2&+0&!R:1]-[C@&D3&v4&H1&+0&!R&z1:2](-[C&D2&v4&H2&+0&!R&z1:3]-[S&D2&v2&H0&+0&!R:6])-[C&D3&v4&H0&+0&!R&z2:5].[O&D0&v2&H2&+0&!R:4],[713],[1]
604,[N&D1&v3&H2&+0&!R:1]-[C@&D3&v4&H1&+0&!R&z1:2](-[C&D2&v4&H2&+0&!R&z1:3]-[S&D2&v2&H0&+0&!R:4])-[C&D3&v4&H0&+0&!R&z2:5].[O&D0&v2&H2&+0&!R:6]>>[N&D1&v3&H2&+0&!R:1]-[C@@&D3&v4&H1&+0&!R&z1:2](-[C&D2&v4&H2&+0&!R&z1:3]-[O&D1&v2&H1&+0&!R:6])-[C&D3&v4&H0&+0&!R&z2:5].[S&D1&v2&H1&+0&!R:4],[713],[1]
605,[C&D2&v4&H2&+0&!R&z1:1]-[S@&D3&v3&H0&+&!R:2](-[C&D1&v4&H3&+0&!R&z1:3])-[#8&-:4].[S&D1&v2&H1&+0&!R:5].[S&D1&v2&H1&+0&!R:6]>>[C&D2&v4&H2&+0&!R&z1:1]-[S&D2&v2&H0&+0&!R:2]-[C&D1&v4&H3&+0&!R&z1:3].[O&D0&v2&H2&+0&!R:4].[S&D2&v2&H0&+0&!R:6]-[S&D2&v2&H0&+0&!R:5],[715],[2]
606,[C&D2&v4&H2&+0&!R&z1:1]-[S&D2&v2&H0&+0&!R:2]-[C&D1&v4&H3&+0&!R&z1:3].[O&D0&v2&H2&+0&!R:4].[S&D2&v2&H0&+0&!R:5]-[S&D2&v2&H0&+0&!R:6]>>[C&D2&v4&H2&+0&!R&z1:1]-[S@&D3&v3&H0&+&!R:2](-[C&D1&v4&H3&+0&!R&z1:3])-[#8&-:4].[S&D1&v2&H1&+0&!R:6].[S&D1&v2&H1&+0&!R:5],[715],[2]
607,[N&D1&v3&H2&+0&!R:1]-[C&D3&v4&H0&+0&!R&z2:2](=[O&D1&v2&H0&+0&!R:3])~[*:4]:[*:5]:[n&D2&v3&H0&+0&R:6].[O&D0&v2&H2&+0&!R:7]>>[N&D0&v3&H3&+0&!R:1].[O&D1&v2&H0&+0&!R:3]=[C&D3&v4&H0&+0&!R&z2:2](-[O&D1&v2&H1&+0&!R:7])~[*:4]:[*:5]:[n&D2&v3&H0&+0&R:6],[716],[1]
608,[N&D0&v3&H3&+0&!R:1].[O&D1&v2&H0&+0&!R:2]=[C&D3&v4&H0&+0&!R&z2:3](-[O&D1&v2&H1&+0&!R:4])~[*:5]:[*:6]:[n&D2&v3&H0&+0&R:7]>>[N&D1&v3&H2&+0&!R:1]-[C&D3&v4&H0&+0&!R&z2:3](=[O&D1&v2&H0&+0&!R:2])~[*:5]:[*:6]:[n&D2&v3&H0&+0&R:7].[O&D0&v2&H2&+0&!R:4],[716],[1]
609,([C&D2&v4&H2&+0&!R&z0:1]-[C@@&D3&v4&H1&+0&!R&z1:2](-[N&D1&v3&H2&+0&!R:3])-[C&D3&v4&H0&+0&!R&z2:4].[N&D1&v3&H2&+0&!R:5])>>[C&D3&v4&H0&+0&!R&z2:4]-[C&D3&v4&H1&+0&R&z1:2](-[C&D2&v4&H2&+0&R&z0:1])-[N&D2&v3&H1&+0&R:5].[N&D0&v3&H3&+0&!R:3],[717],[1]
610,[C&D3&v4&H0&+0&!R&z2:1]-[C&D3&v4&H1&+0&R&z1:2](-[C&D2&v4&H2&+0&R&z0:3])-[N&D2&v3&H1&+0&R:4].[N&D0&v3&H3&+0&!R:5]>>([C&D2&v4&H2&+0&!R&z0:3]-[C@@&D3&v4&H1&+0&!R&z1:2](-[N&D1&v3&H2&+0&!R:5])-[C&D3&v4&H0&+0&!R&z2:1].[N&D1&v3&H2&+0&!R:4]),[717],[1]
611,[C&D3&v4&H0&+0&!R&z1:1](=[O&D1&v2&H0&+0&!R:2])-[C&D3&v4&H0&+0&!R&z2:3]-[O&D1&v2&H1&+0&!R:4].[C&D3&v4&H0&+0&!R&z1:5]=[O&D1&v2&H0&+0&!R:6]>>[C&D3&v4&H0&+0&!R&z1:1](=[O&D1&v2&H0&+0&!R:2])-[C&D4&v4&H0&+0&!R&z1:5]-[O&D1&v2&H1&+0&!R:6].[O&D1&v2&H0&+0&!R:4]=[C&D2&v4&H0&+0&!R&z2:3],[722],[1]
612,[C&D3&v4&H0&+0&!R&z1:1](=[O&D1&v2&H0&+0&!R:2])-[C&D4&v4&H0&+0&!R&z1:3]-[O&D1&v2&H1&+0&!R:4].[O&D1&v2&H0&+0&!R:5]=[C&D2&v4&H0&+0&!R&z2:6]>>[C&D3&v4&H0&+0&!R&z1:1](=[O&D1&v2&H0&+0&!R:2])-[C&D3&v4&H0&+0&!R&z2:6]-[O&D1&v2&H1&+0&!R:5].[C&D3&v4&H0&+0&!R&z1:3]=[O&D1&v2&H0&+0&!R:4],[722],[1]
613,[C&D2&v4&H1&+0&!R&z2:1]=[O&D1&v2&H0&+0&!R:2].[C&D3&v4&H0&+0&R&z0:3]1=[C&D2&v4&H1&+0&R&z1:4]-[N&D3&v3&H0&+0&R:5]-[C&D2&v4&H1&+0&R&z1:6]=[C&D2&v4&H1&+0&R&z0:7]-[C&D2&v4&H2&+0&R&z0:8]-1>>[C&D2&v4&H2&+0&!R&z2:1]-[O&D1&v2&H1&+0&!R:2].[c&D3&v4&H0&+0&R&z0:3]1:[c&D2&v4&H1&+0&R&z0:8]:[c&D2&v4&H1&+0&R&z0:7]:[c&D2&v4&H1&+0&R&z1:6]:[n&D3&v4&H0&+&R:5]:[c&D2&v4&H1&+0&R&z1:4]:1,[725],[1]
614,[C&D2&v4&H2&+0&!R&z2:1]-[O&D1&v2&H1&+0&!R:2].[c&D3&v4&H0&+0&R&z0:3]1:[c&D2&v4&H1&+0&R&z0:4]:[c&D2&v4&H1&+0&R&z0:5]:[c&D2&v4&H1&+0&R&z1:6]:[n&D3&v4&H0&+&R:7]:[c&D2&v4&H1&+0&R&z1:8]:1>>[C&D2&v4&H1&+0&!R&z2:1]=[O&D1&v2&H0&+0&!R:2].[C&D3&v4&H0&+0&R&z0:3]1=[C&D2&v4&H1&+0&R&z1:8]-[N&D3&v3&H0&+0&R:7]-[C&D2&v4&H1&+0&R&z1:6]=[C&D2&v4&H1&+0&R&z0:5]-[C&D2&v4&H2&+0&R&z0:4]-1,[725],[1]
615,[C&D3&v4&H0&+0&!R&z3:1](-[N&D1&v3&H2&+0&!R:2])=[O&D1&v2&H0&+0&!R:3].[O&D0&v2&H2&+0&!R:4]>>[C&D3&v4&H0&+0&!R&z3:1](=[O&D1&v2&H0&+0&!R:3])-[O&D1&v2&H1&+0&!R:4].[N&D0&v3&H3&+0&!R:2],[726],[1]
616,[C&D3&v4&H0&+0&!R&z3:1](=[O&D1&v2&H0&+0&!R:2])-[O&D1&v2&H1&+0&!R:3].[N&D0&v3&H3&+0&!R:4]>>[C&D3&v4&H0&+0&!R&z3:1](-[N&D1&v3&H2&+0&!R:4])=[O&D1&v2&H0&+0&!R:2].[O&D0&v2&H2&+0&!R:3],[726],[1]
617,[O&D0&v2&H2&+0&!R:1].[O&D2&v2&H0&+0&!R:2]-[P&D4&v5&H0&+0&!R:3]-[O&D1&v2&H1&+0&!R:4]>>[O&D1&v2&H1&+0&!R:2].[P&D4&v5&H0&+0&!R:3](-[O&D1&v2&H1&+0&!R:4])-[O&D1&v2&H1&+0&!R:1],"[727, 754, 839]","[1, 1, 1]"
618,[O&D1&v2&H1&+0&!R:1].[P&D4&v5&H0&+0&!R:2](-[O&D1&v2&H1&+0&!R:3])-[O&D1&v2&H1&+0&!R:4]>>[O&D0&v2&H2&+0&!R:4].[O&D2&v2&H0&+0&!R:1]-[P&D4&v5&H0&+0&!R:2]-[O&D1&v2&H1&+0&!R:3],"[727, 754, 839]","[1, 1, 1]"
619,[C&D3&v4&H0&+0&!R&z2:1](=[O&D1&v2&H0&+0&!R:2])-[S&D2&v2&H0&+0&!R:3].[S&D1&v2&H1&+0&!R:4]>>[C&D3&v4&H0&+0&!R&z2:1](=[O&D1&v2&H0&+0&!R:2])-[S&D2&v2&H0&+0&!R:4].[S&D1&v2&H1&+0&!R:3],"[728, 728]","[1, 1]"
620,[N&D1&v3&H2&+0&!R:1]-[C@@&D3&v4&H1&+0&!R&z1:2](-[C&D2&v4&H2&+0&!R&z0:3]-[C&D2&v4&H2&+0&!R&z1:4]-[O&D2&v2&H0&+0&!R:5]~[*:6]~[O&D1&v2&H1&+0&!R:7])-[C&D3&v4&H0&+0&!R&z2:8].[O&D0&v2&H2&+0&!R:9]>>[*:6](~[O&D1&v2&H1&+0&!R:5])~[O&D1&v2&H1&+0&!R:7].[C&D1&v4&H3&+0&!R&z0:4]-[C&D3&v4&H1&+0&!R&z1:3](-[O&D1&v2&H1&+0&!R:9])-[C&D3&v4&H1&+0&!R&z1:2](-[N&D1&v3&H2&+0&!R:1])-[C&D3&v4&H0&+0&!R&z2:8],[730],[1]
621,[*:1](~[O&D1&v2&H1&+0&!R:2])~[O&D1&v2&H1&+0&!R:3].[C&D1&v4&H3&+0&!R&z0:4]-[C&D3&v4&H1&+0&!R&z1:5](-[O&D1&v2&H1&+0&!R:6])-[C&D3&v4&H1&+0&!R&z1:7](-[N&D1&v3&H2&+0&!R:8])-[C&D3&v4&H0&+0&!R&z2:9]>>[N&D1&v3&H2&+0&!R:8]-[C@@&D3&v4&H1&+0&!R&z1:7](-[C&D2&v4&H2&+0&!R&z0:5]-[C&D2&v4&H2&+0&!R&z1:4]-[O&D2&v2&H0&+0&!R:2]~[*:1]~[O&D1&v2&H1&+0&!R:3])-[C&D3&v4&H0&+0&!R&z2:9].[O&D0&v2&H2&+0&!R:6],[730],[1]
622,[N&D1&v3&H2&+0&!R:1]-[c&D3&v4&H0&+0&R&z2:2]:[n&D2&v3&H0&+0&R:3]:[c&D3&v4&H0&+0&R&z3:4]=[O&D1&v2&H0&+0&!R:5].[O&D0&v2&H2&+0&!R:6]>>[N&D0&v3&H3&+0&!R:1].[O&D1&v2&H0&+0&!R:6]=[c&D3&v4&H0&+0&R&z2:2]:[n&D2&v3&H1&+0&R:3]:[c&D3&v4&H0&+0&R&z3:4]=[O&D1&v2&H0&+0&!R:5],[732],[1]
623,[N&D0&v3&H3&+0&!R:1].[O&D1&v2&H0&+0&!R:2]=[c&D3&v4&H0&+0&R&z2:3]:[n&D2&v3&H1&+0&R:4]:[c&D3&v4&H0&+0&R&z3:5]=[O&D1&v2&H0&+0&!R:6]>>[N&D1&v3&H2&+0&!R:1]-[c&D3&v4&H0&+0&R&z2:3]:[n&D2&v3&H0&+0&R:4]:[c&D3&v4&H0&+0&R&z3:5]=[O&D1&v2&H0&+0&!R:6].[O&D0&v2&H2&+0&!R:2],[732],[1]
624,[C&D3&v4&H0&+0&R&z1:1]1=[C&D3&v4&H0&+0&R&z1:2]-[C&D3&v4&H0&+0&R&z1:3](=[O&D1&v2&H0&+0&!R:4])-[C&D3&v4&H0&+0&R&z0:5]=[C&D3&v4&H0&+0&R&z0:6]-[C&D3&v4&H0&+0&R&z1:7]-1=[O&D1&v2&H0&+0&!R:8].[S&D1&v2&H1&+0&!R:9].[S&D1&v2&H1&+0&!R:10].[S&D2&v2&H0&+0&!R:11]-[S&D2&v2&H0&+0&!R:12]>>[S&D2&v2&H0&+0&!R:9]-[S&D2&v2&H0&+0&!R:11].[S&D2&v2&H0&+0&!R:10]-[S&D2&v2&H0&+0&!R:12].[c&D3&v4&H0&+0&R&z1:1]1:[c&D3&v4&H0&+0&R&z1:7](-[O&D1&v2&H1&+0&!R:8]):[c&D3&v4&H0&+0&R&z0:6]:[c&D3&v4&H0&+0&R&z0:5]:[c&D3&v4&H0&+0&R&z1:3](-[O&D1&v2&H1&+0&!R:4]):[c&D3&v4&H0&+0&R&z1:2]:1,[734],[1]
625,[S&D2&v2&H0&+0&!R:1]-[S&D2&v2&H0&+0&!R:2].[S&D2&v2&H0&+0&!R:3]-[S&D2&v2&H0&+0&!R:4].[c&D3&v4&H0&+0&R&z1:5]1:[c&D3&v4&H0&+0&R&z1:6](-[O&D1&v2&H1&+0&!R:7]):[c&D3&v4&H0&+0&R&z0:8]:[c&D3&v4&H0&+0&R&z0:9]:[c&D3&v4&H0&+0&R&z1:10](-[O&D1&v2&H1&+0&!R:11]):[c&D3&v4&H0&+0&R&z1:12]:1>>[C&D3&v4&H0&+0&R&z1:5]1=[C&D3&v4&H0&+0&R&z1:12]-[C&D3&v4&H0&+0&R&z1:10](=[O&D1&v2&H0&+0&!R:11])-[C&D3&v4&H0&+0&R&z0:9]=[C&D3&v4&H0&+0&R&z0:8]-[C&D3&v4&H0&+0&R&z1:6]-1=[O&D1&v2&H0&+0&!R:7].[S&D1&v2&H1&+0&!R:1].[S&D1&v2&H1&+0&!R:3].[S&D2&v2&H0&+0&!R:2]-[S&D2&v2&H0&+0&!R:4],[734],[1]
626,[C&D2&v4&H2&+0&!R&z1:1]-[C@@&D3&v4&H1&+0&R&z1:2]1-[O&D2&v2&H0&+0&R:3]-[C&D3&v4&H1&+0&R&z2:4](-[O&D1&v2&H1&+0&!R:5])-[C@@&D3&v4&H1&+0&R&z1:6](-[O&D1&v2&H1&+0&!R:7])-[C@@&D3&v4&H1&+0&R&z1:8](-[O&D1&v2&H1&+0&!R:9])-[C@&D3&v4&H1&+0&R&z1:10]-1-[O&D1&v2&H1&+0&!R:11]>>[C&D2&v4&H2&+0&!R&z1:1]-[C@@&D3&v4&H1&+0&R&z1:2]1-[O&D2&v2&H0&+0&R:3]-[C&D4&v4&H0&+0&R&z2:6](-[O&D1&v2&H1&+0&!R:7])(-[C&D2&v4&H2&+0&!R&z1:4]-[O&D1&v2&H1&+0&!R:5])-[C@@&D3&v4&H1&+0&R&z1:8](-[O&D1&v2&H1&+0&!R:9])-[C@&D3&v4&H1&+0&R&z1:10]-1-[O&D1&v2&H1&+0&!R:11],"[736, 880]","[1, 1]"
627,[C&D2&v4&H2&+0&!R&z1:1]-[C@@&D3&v4&H1&+0&R&z1:2]1-[O&D2&v2&H0&+0&R:3]-[C&D4&v4&H0&+0&R&z2:4](-[O&D1&v2&H1&+0&!R:5])(-[C&D2&v4&H2&+0&!R&z1:6]-[O&D1&v2&H1&+0&!R:7])-[C@@&D3&v4&H1&+0&R&z1:8](-[O&D1&v2&H1&+0&!R:9])-[C@&D3&v4&H1&+0&R&z1:10]-1-[O&D1&v2&H1&+0&!R:11]>>[C&D2&v4&H2&+0&!R&z1:1]-[C@@&D3&v4&H1&+0&R&z1:2]1-[O&D2&v2&H0&+0&R:3]-[C&D3&v4&H1&+0&R&z2:6](-[O&D1&v2&H1&+0&!R:7])-[C@@&D3&v4&H1&+0&R&z1:4](-[O&D1&v2&H1&+0&!R:5])-[C@@&D3&v4&H1&+0&R&z1:8](-[O&D1&v2&H1&+0&!R:9])-[C@&D3&v4&H1&+0&R&z1:10]-1-[O&D1&v2&H1&+0&!R:11],"[736, 880]","[1, 1]"
628,[C&D3&v4&H0&+0&!R&z1:1](=[O&D1&v2&H0&+0&!R:2])-[C&D2&v4&H2&+0&!R&z0:3]-[C@&D3&v4&H1&+0&!R&z1:4](-[N&D1&v3&H2&+0&!R:5])-[C&D3&v4&H0&+0&!R&z2:6].[N&D2&v3&H0&+0&!R:7]=[C&D2&v4&H1&+0&!R&z1:8]-[c&D3&v4&H0&+0&R&z0:9]:[c&D3&v4&H0&+0&R&z0:10](~[*:11]~[*:12]~[*:13]~[O&D1&v2&H1&+0&!R:14]):[c&D2&v4&H1&+0&R&z1:15]:[n&D2&v3&H0&+0&R:16].[O&D0&v2&H2&+0&!R:17]>>[C&D3&v4&H0&+0&!R&z2:1](=[O&D1&v2&H0&+0&!R:2])-[O&D1&v2&H1&+0&!R:17].[N&D2&v3&H1&+0&!R:7]-[C&D3&v4&H1&+0&!R&z2:8](-[N&D2&v3&H1&+0&!R:5]-[C@@&D3&v4&H1&+0&!R&z1:4](-[C&D1&v4&H3&+0&!R&z0:3])-[C&D3&v4&H0&+0&!R&z2:6])-[c&D3&v4&H0&+0&R&z0:9]:[c&D3&v4&H0&+0&R&z0:10](~[*:11]~[*:12]~[*:13]~[O&D1&v2&H1&+0&!R:14]):[c&D2&v4&H1&+0&R&z1:15]:[n&D2&v3&H0&+0&R:16],[742],[1]
629,[C&D3&v4&H0&+0&!R&z2:1](=[O&D1&v2&H0&+0&!R:2])-[O&D1&v2&H1&+0&!R:3].([N&D2&v3&H1&+0&!R:4]-[C&D3&v4&H1&+0&!R&z2:5](-[N&D2&v3&H1&+0&!R:6]-[C@@&D3&v4&H1&+0&!R&z1:7](-[C&D1&v4&H3&+0&!R&z0:8])-[C&D3&v4&H0&+0&!R&z2:9])-[c&D3&v4&H0&+0&R&z0:10]:[c&D3&v4&H0&+0&R&z0:11]:[c&D2&v4&H1&+0&R&z1:12]:[n&D2&v3&H0&+0&R:13].[O&D1&v2&H1&+0&!R:14])>>[C&D3&v4&H0&+0&!R&z1:1](=[O&D1&v2&H0&+0&!R:2])-[C&D2&v4&H2&+0&!R&z0:8]-[C@&D3&v4&H1&+0&!R&z1:7](-[N&D1&v3&H2&+0&!R:6])-[C&D3&v4&H0&+0&!R&z2:9].([N&D2&v3&H0&+0&!R:4]=[C&D2&v4&H1&+0&!R&z1:5]-[c&D3&v4&H0&+0&R&z0:10]:[c&D3&v4&H0&+0&R&z0:11]:[c&D2&v4&H1&+0&R&z1:12]:[n&D2&v3&H0&+0&R:13].[O&D1&v2&H1&+0&!R:14]).[O&D0&v2&H2&+0&!R:3],[742],[1]
630,[N&D1&v3&H2&+0&!R:1]~[H1@@:2]~[C&D3&v4&H0&+0&!R&z2:3](=[O&D1&v2&H0&+0&!R:4])-[O&D2&v2&H0&+0&!R:5].[O&D0&v2&H2&+0&!R:6]>>[N&D1&v3&H2&+0&!R:1]~[H1@@:2]~[C&D3&v4&H0&+0&!R&z2:3](=[O&D1&v2&H0&+0&!R:4])-[O&D1&v2&H1&+0&!R:6].[O&D1&v2&H1&+0&!R:5],[748],[1]
631,[N&D1&v3&H2&+0&!R:1]~[H1@@:2]~[C&D3&v4&H0&+0&!R&z2:3](=[O&D1&v2&H0&+0&!R:4])-[O&D1&v2&H1&+0&!R:5].[O&D1&v2&H1&+0&!R:6]>>[N&D1&v3&H2&+0&!R:1]~[H1@@:2]~[C&D3&v4&H0&+0&!R&z2:3](=[O&D1&v2&H0&+0&!R:4])-[O&D2&v2&H0&+0&!R:6].[O&D0&v2&H2&+0&!R:5],[748],[1]
632,[C&D3&v4&H0&+0&!R&z2:1](=[O&D1&v2&H0&+0&!R:2])-[O&D2&v2&H0&+0&!R:3]~[H1@:4]~[H1@:5]~[O&D1&v2&H1&+0&!R:6].[O&D0&v2&H2&+0&!R:7]>>[C&D3&v4&H0&+0&!R&z2:1](=[O&D1&v2&H0&+0&!R:2])-[O&D1&v2&H1&+0&!R:7].[O&D1&v2&H1&+0&!R:6]~[H1@@:5]~[H1@@:4]~[O&D1&v2&H1&+0&!R:3],[748],[2]
633,[C&D3&v4&H0&+0&!R&z2:1](=[O&D1&v2&H0&+0&!R:2])-[O&D1&v2&H1&+0&!R:3].[O&D1&v2&H1&+0&!R:4]~[H1@@:5]~[H1@@:6]~[O&D1&v2&H1&+0&!R:7]>>[C&D3&v4&H0&+0&!R&z2:1](=[O&D1&v2&H0&+0&!R:2])-[O&D2&v2&H0&+0&!R:7]~[H1@:6]~[H1@:5]~[O&D1&v2&H1&+0&!R:4].[O&D0&v2&H2&+0&!R:3],[748],[2]
634,[N&D0&v3&H3&+0&!R:1].[c&D3&v4&H0&+0&R&z2:2]/[N&D2&v3&H0&+0&!R:3]=[C&D2&v4&H1&+0&!R&z2:4]/[N&D2&v3&H1&+0&!R:5]-[C&D2&v4&H2&+0&!R&z1:6]-[C&D3&v4&H0&+0&!R&z1:7]=[O&D1&v2&H0&+0&!R:8]>>[O&D0&v2&H2&+0&!R:8].[c&D3&v4&H0&+0&R&z1:7]1:[c&D2&v4&H1&+0&R&z1:6]:[n&D2&v3&H1&+0&R:5]:[c&D2&v4&H1&+0&R&z2:4]:[n&D2&v3&H0&+0&R:1]:1.[c&D3&v4&H0&+0&R&z2:2]-[N&D1&v3&H2&+0&!R:3],[753],[1]
635,[O&D0&v2&H2&+0&!R:1].[c&D3&v4&H0&+0&R&z1:2]1:[c&D2&v4&H1&+0&R&z1:3]:[n&D2&v3&H1&+0&R:4]:[c&D2&v4&H1&+0&R&z2:5]:[n&D2&v3&H0&+0&R:6]:1.[c&D3&v4&H0&+0&R&z2:7]-[N&D1&v3&H2&+0&!R:8]>>[N&D0&v3&H3&+0&!R:6].[c&D3&v4&H0&+0&R&z2:7]/[N&D2&v3&H0&+0&!R:8]=[C&D2&v4&H1&+0&!R&z2:5]/[N&D2&v3&H1&+0&!R:4]-[C&D2&v4&H2&+0&!R&z1:3]-[C&D3&v4&H0&+0&!R&z1:2]=[O&D1&v2&H0&+0&!R:1],[753],[1]
636,[*:1](~[O&D1&v2&H0&+0&!R:2])(~[O&D1&v2&H1&+0&!R:3])~[*:4]~[*:5](~[O&D1&v2&H1&+0&!R:6])~[O&D2&v2&H0&+0&!R:7]-[P&D4&v5&H0&+0&!R:8]-[O&D1&v2&H1&+0&!R:9].[O&D1&v2&H1&+0&!R:10]>>[*:1](~[O&D1&v2&H0&+0&!R:2])(~[O&D1&v2&H1&+0&!R:3])~[*:4]~[*:5](~[O&D1&v2&H1&+0&!R:6])~[O&D1&v2&H1&+0&!R:7].[O&D2&v2&H0&+0&!R:10]-[P&D4&v5&H0&+0&!R:8]-[O&D1&v2&H1&+0&!R:9],[757],[1]
637,[*:1](~[O&D1&v2&H0&+0&!R:2])(~[O&D1&v2&H1&+0&!R:3])~[*:4]~[*:5](~[O&D1&v2&H1&+0&!R:6])~[O&D1&v2&H1&+0&!R:7].[O&D2&v2&H0&+0&!R:8]-[P&D4&v5&H0&+0&!R:9]-[O&D1&v2&H1&+0&!R:10]>>[*:1](~[O&D1&v2&H0&+0&!R:2])(~[O&D1&v2&H1&+0&!R:3])~[*:4]~[*:5](~[O&D1&v2&H1&+0&!R:6])~[O&D2&v2&H0&+0&!R:7]-[P&D4&v5&H0&+0&!R:9]-[O&D1&v2&H1&+0&!R:10].[O&D1&v2&H1&+0&!R:8],[757],[1]
638,[N&D1&v3&H2&+0&!R:1]-[C@&D3&v4&H1&+0&!R&z1:2](-[C&D2&v4&H2&+0&!R&z0:3]-[C&D2&v4&H2&+0&!R&z1:4]-[O&D2&v2&H0&+0&!R:5])-[C&D3&v4&H0&+0&!R&z2:6].[S&D1&v2&H1&+0&!R:7]>>[N&D1&v3&H2&+0&!R:1]-[C&D3&v4&H1&+0&!R&z1:2](-[C&D2&v4&H2&+0&!R&z0:3]-[C&D2&v4&H2&+0&!R&z1:4]-[S&D2&v2&H0&+0&!R:7])-[C&D3&v4&H0&+0&!R&z2:6].[O&D1&v2&H1&+0&!R:5],[759],[1]
639,[N&D1&v3&H2&+0&!R:1]-[C&D3&v4&H1&+0&!R&z1:2](-[C&D2&v4&H2&+0&!R&z0:3]-[C&D2&v4&H2&+0&!R&z1:4]-[S&D2&v2&H0&+0&!R:5])-[C&D3&v4&H0&+0&!R&z2:6].[O&D1&v2&H1&+0&!R:7]>>[N&D1&v3&H2&+0&!R:1]-[C@&D3&v4&H1&+0&!R&z1:2](-[C&D2&v4&H2&+0&!R&z0:3]-[C&D2&v4&H2&+0&!R&z1:4]-[O&D2&v2&H0&+0&!R:7])-[C&D3&v4&H0&+0&!R&z2:6].[S&D1&v2&H1&+0&!R:5],[759],[1]
640,[C&D3&v4&H0&+0&!R&z1:1](=[O&D1&v2&H0&+0&!R:2])-[C@&D3&v4&H1&+0&!R&z1:3](-[N&D1&v3&H2&+0&!R:4])-[C&D3&v4&H0&+0&!R&z2:5].[S&D1&v2&H1&+0&!R:6]>>[C&D3&v4&H0&+0&!R&z2:1](=[O&D1&v2&H0&+0&!R:2])-[S&D2&v2&H0&+0&!R:6].[N&D1&v3&H2&+0&!R:4]-[C&D2&v4&H2&+0&!R&z1:3]-[C&D3&v4&H0&+0&!R&z2:5],[762],[1]
641,[C&D3&v4&H0&+0&!R&z2:1](=[O&D1&v2&H0&+0&!R:2])-[S&D2&v2&H0&+0&!R:3].[N&D1&v3&H2&+0&!R:4]-[C&D2&v4&H2&+0&!R&z1:5]-[C&D3&v4&H0&+0&!R&z2:6]>>[C&D3&v4&H0&+0&!R&z1:1](=[O&D1&v2&H0&+0&!R:2])-[C@&D3&v4&H1&+0&!R&z1:5](-[N&D1&v3&H2&+0&!R:4])-[C&D3&v4&H0&+0&!R&z2:6].[S&D1&v2&H1&+0&!R:3],[762],[1]
642,[O&D0&v2&H2&+0&!R:1].[O&D2&v2&H0&+0&!R:2]-[C@&D3&v4&H1&+0&R&z2:3]1-[O&D2&v2&H0&+0&R:4]-[C@&D3&v4&H1&+0&R&z1:5](-[C&D2&v4&H2&+0&!R&z1:6])-[C@@&D3&v4&H1&+0&R&z1:7](-[O&D1&v2&H1&+0&!R:8])-[C@&D3&v4&H1&+0&R&z1:9](-[O&D1&v2&H1&+0&!R:10])-[C@@&D3&v4&H1&+0&R&z1:11]-1-[O&D1&v2&H1&+0&!R:12]>>[C&D2&v4&H2&+0&!R&z1:6]-[C@@&D3&v4&H1&+0&R&z1:5]1-[O&D2&v2&H0&+0&R:4]-[C&D3&v4&H1&+0&R&z2:3](-[O&D1&v2&H1&+0&!R:1])-[C@&D3&v4&H1&+0&R&z1:11](-[O&D1&v2&H1&+0&!R:12])-[C@@&D3&v4&H1&+0&R&z1:9](-[O&D1&v2&H1&+0&!R:10])-[C@&D3&v4&H1&+0&R&z1:7]-1-[O&D1&v2&H1&+0&!R:8].[O&D1&v2&H1&+0&!R:2],[764],[1]
643,[C&D2&v4&H2&+0&!R&z1:1]-[C@@&D3&v4&H1&+0&R&z1:2]1-[O&D2&v2&H0&+0&R:3]-[C&D3&v4&H1&+0&R&z2:4](-[O&D1&v2&H1&+0&!R:5])-[C@&D3&v4&H1&+0&R&z1:6](-[O&D1&v2&H1&+0&!R:7])-[C@@&D3&v4&H1&+0&R&z1:8](-[O&D1&v2&H1&+0&!R:9])-[C@&D3&v4&H1&+0&R&z1:10]-1-[O&D1&v2&H1&+0&!R:11].[O&D1&v2&H1&+0&!R:12]>>[O&D0&v2&H2&+0&!R:5].[O&D2&v2&H0&+0&!R:12]-[C@&D3&v4&H1&+0&R&z2:4]1-[O&D2&v2&H0&+0&R:3]-[C@&D3&v4&H1&+0&R&z1:2](-[C&D2&v4&H2&+0&!R&z1:1])-[C@@&D3&v4&H1&+0&R&z1:10](-[O&D1&v2&H1&+0&!R:11])-[C@&D3&v4&H1&+0&R&z1:8](-[O&D1&v2&H1&+0&!R:9])-[C@@&D3&v4&H1&+0&R&z1:6]-1-[O&D1&v2&H1&+0&!R:7],[764],[1]
644,[N&D2&v3&H1&+0&!R:1]-[C@&D3&v4&H1&+0&R&z1:2]1-[C@&D3&v4&H1&+0&R&z2:3](-[O&D2&v2&H0&+0&!R:4]~[*:5](~[O&D1&v2&H1&+0&!R:6])~[*:7]~[*:8]~[O&D1&v2&H1&+0&!R:9])-[O&D2&v2&H0&+0&R:10]-[C@@&D3&v4&H1&+0&R&z1:11](-[C&D2&v4&H2&+0&!R&z1:12])-[C@&D3&v4&H1&+0&R&z1:13](-[O&D1&v2&H1&+0&!R:14])-[C@@&D3&v4&H1&+0&R&z1:15]-1-[O&D1&v2&H1&+0&!R:16].[O&D1&v2&H1&+0&!R:17]>>[*:8](~[O&D1&v2&H1&+0&!R:9])~[*:7]~[*:5](~[O&D1&v2&H1&+0&!R:6])~[O&D1&v2&H1&+0&!R:4].[O&D2&v2&H0&+0&!R:17]-[C&D3&v4&H1&+0&R&z2:3]1-[O&D2&v2&H0&+0&R:10]-[C@@&D3&v4&H1&+0&R&z1:11](-[C&D2&v4&H2&+0&!R&z1:12])-[C@&D3&v4&H1&+0&R&z1:13](-[O&D1&v2&H1&+0&!R:14])-[C@@&D3&v4&H1&+0&R&z1:15](-[O&D1&v2&H1&+0&!R:16])-[C@&D3&v4&H1&+0&R&z1:2]-1-[N&D2&v3&H1&+0&!R:1],[770],[1]
645,[*:1](~[O&D1&v2&H1&+0&!R:2])~[*:3]~[*:4](~[O&D1&v2&H1&+0&!R:5])~[O&D1&v2&H1&+0&!R:6].[O&D2&v2&H0&+0&!R:7]-[C&D3&v4&H1&+0&R&z2:8]1-[O&D2&v2&H0&+0&R:9]-[C@@&D3&v4&H1&+0&R&z1:10](-[C&D2&v4&H2&+0&!R&z1:11])-[C@&D3&v4&H1&+0&R&z1:12](-[O&D1&v2&H1&+0&!R:13])-[C@@&D3&v4&H1&+0&R&z1:14](-[O&D1&v2&H1&+0&!R:15])-[C@&D3&v4&H1&+0&R&z1:16]-1-[N&D2&v3&H1&+0&!R:17]>>[N&D2&v3&H1&+0&!R:17]-[C@&D3&v4&H1&+0&R&z1:16]1-[C@&D3&v4&H1&+0&R&z2:8](-[O&D2&v2&H0&+0&!R:6]~[*:4](~[O&D1&v2&H1&+0&!R:5])~[*:3]~[*:1]~[O&D1&v2&H1&+0&!R:2])-[O&D2&v2&H0&+0&R:9]-[C@@&D3&v4&H1&+0&R&z1:10](-[C&D2&v4&H2&+0&!R&z1:11])-[C@&D3&v4&H1&+0&R&z1:12](-[O&D1&v2&H1&+0&!R:13])-[C@@&D3&v4&H1&+0&R&z1:14]-1-[O&D1&v2&H1&+0&!R:15].[O&D1&v2&H1&+0&!R:7],[770],[1]
646,[*:1](~[O&D1&v2&H1&+0&!R:2])~[O&D2&v2&H0&+0&!R:3]-[P&D4&v5&H0&+0&!R:4](-[O&D1&v2&H1&+0&!R:5])-[O&D1&v2&H1&+0&!R:6].[O&D1&v2&H1&+0&!R:7]>>[*:1](~[O&D1&v2&H1&+0&!R:2])~[O&D1&v2&H1&+0&!R:3].[O&D2&v2&H0&+0&!R:7]-[P&D4&v5&H0&+0&!R:4](-[O&D1&v2&H1&+0&!R:6])-[O&D1&v2&H1&+0&!R:5],[778],[1]
647,[*:1](~[O&D1&v2&H1&+0&!R:2])~[O&D1&v2&H1&+0&!R:3].[O&D2&v2&H0&+0&!R:4]-[P&D4&v5&H0&+0&!R:5](-[O&D1&v2&H1&+0&!R:6])-[O&D1&v2&H1&+0&!R:7]>>[*:1](~[O&D1&v2&H1&+0&!R:2])~[O&D2&v2&H0&+0&!R:3]-[P&D4&v5&H0&+0&!R:5](-[O&D1&v2&H1&+0&!R:7])-[O&D1&v2&H1&+0&!R:6].[O&D1&v2&H1&+0&!R:4],[778],[1]
648,[N&D1&v3&H2&+0&!R:1].[O&D1&v2&H1&+0&!R:2]~[H1@:3]~[H1@:4]~[O&D2&v2&H0&+0&!R:5]-[C&D3&v4&H0&+0&!R&z2:6]=[O&D1&v2&H0&+0&!R:7]>>[N&D2&v3&H1&+0&!R:1]-[C&D3&v4&H0&+0&!R&z2:6]=[O&D1&v2&H0&+0&!R:7].[O&D1&v2&H1&+0&!R:2]~[H1@:3]~[H1@:4]~[O&D1&v2&H1&+0&!R:5],[781],[2]
649,[N&D2&v3&H1&+0&!R:1]-[C&D3&v4&H0&+0&!R&z2:2]=[O&D1&v2&H0&+0&!R:3].[O&D1&v2&H1&+0&!R:4]~[H1@:5]~[H1@:6]~[O&D1&v2&H1&+0&!R:7]>>[N&D1&v3&H2&+0&!R:1].[O&D1&v2&H1&+0&!R:4]~[H1@:5]~[H1@:6]~[O&D2&v2&H0&+0&!R:7]-[C&D3&v4&H0&+0&!R&z2:2]=[O&D1&v2&H0&+0&!R:3],[781],[2]
650,[N&D1&v3&H2&+0&!R:1].[O&D2&v2&H0&+0&!R:2]-[C&D3&v4&H0&+0&!R&z2:3]=[O&D1&v2&H0&+0&!R:4]>>[N&D2&v3&H1&+0&!R:1]-[C&D3&v4&H0&+0&!R&z2:3]=[O&D1&v2&H0&+0&!R:4].[O&D1&v2&H1&+0&!R:2],[781],[1]
651,[N&D2&v3&H1&+0&!R:1]-[C&D3&v4&H0&+0&!R&z2:2]=[O&D1&v2&H0&+0&!R:3].[O&D1&v2&H1&+0&!R:4]>>[N&D1&v3&H2&+0&!R:1].[O&D2&v2&H0&+0&!R:4]-[C&D3&v4&H0&+0&!R&z2:2]=[O&D1&v2&H0&+0&!R:3],[781],[1]
652,[C&D3&v4&H0&+0&!R&z3:1]-[S&D2&v2&H0&+0&!R:2].[O&D1&v2&H1&+0&!R:3]>>[C&D3&v4&H0&+0&!R&z3:1]-[O&D2&v2&H0&+0&!R:3].[S&D1&v2&H1&+0&!R:2],[783],[1]
653,[C&D3&v4&H0&+0&!R&z3:1]-[O&D2&v2&H0&+0&!R:2].[S&D1&v2&H1&+0&!R:3]>>[C&D3&v4&H0&+0&!R&z3:1]-[S&D2&v2&H0&+0&!R:3].[O&D1&v2&H1&+0&!R:2],[783],[1]
654,[O&D0&v2&H2&+0&!R:1].[O&D2&v2&H0&+0&!R:2]-[P&D4&v5&H0&+0&!R:3]=[O&D1&v2&H0&+0&!R:4]>>[O&D1&v2&H1&+0&!R:2].[P&D4&v5&H0&+0&!R:3](=[O&D1&v2&H0&+0&!R:1])-[O&D1&v2&H1&+0&!R:4],[784],[1]
655,[O&D1&v2&H1&+0&!R:1].[P&D4&v5&H0&+0&!R:2](=[O&D1&v2&H0&+0&!R:3])-[O&D1&v2&H1&+0&!R:4]>>[O&D0&v2&H2&+0&!R:3].[O&D2&v2&H0&+0&!R:1]-[P&D4&v5&H0&+0&!R:2]=[O&D1&v2&H0&+0&!R:4],[784],[1]
656,[O&D1&v2&H1&+0&!R:1].[n&D3&v3&H0&+0&R:2]-[C@&D3&v4&H1&+0&R&z2:3]1-[O&D2&v2&H0&+0&R:4]-[C@&D3&v4&H1&+0&R&z1:5](-[C&D2&v4&H2&+0&!R&z1:6])-[C@@&D3&v4&H1&+0&R&z1:7](-[O&D1&v2&H1&+0&!R:8])-[C@@&D3&v4&H1&+0&R&z1:9]-1-[O&D1&v2&H1&+0&!R:10]>>[O&D2&v2&H0&+0&!R:1]-[C&D3&v4&H1&+0&R&z2:3]1-[O&D2&v2&H0&+0&R:4]-[C@&D3&v4&H1&+0&R&z1:5](-[C&D2&v4&H2&+0&!R&z1:6])-[C@@&D3&v4&H1&+0&R&z1:7](-[O&D1&v2&H1&+0&!R:8])-[C@@&D3&v4&H1&+0&R&z1:9]-1-[O&D1&v2&H1&+0&!R:10].[n&D2&v3&H1&+0&R:2],[787],[1]
657,[O&D2&v2&H0&+0&!R:1]-[C&D3&v4&H1&+0&R&z2:2]1-[O&D2&v2&H0&+0&R:3]-[C@&D3&v4&H1&+0&R&z1:4](-[C&D2&v4&H2&+0&!R&z1:5])-[C@@&D3&v4&H1&+0&R&z1:6](-[O&D1&v2&H1&+0&!R:7])-[C@@&D3&v4&H1&+0&R&z1:8]-1-[O&D1&v2&H1&+0&!R:9].[n&D2&v3&H1&+0&R:10]>>[O&D1&v2&H1&+0&!R:1].[n&D3&v3&H0&+0&R:10]-[C@&D3&v4&H1&+0&R&z2:2]1-[O&D2&v2&H0&+0&R:3]-[C@&D3&v4&H1&+0&R&z1:4](-[C&D2&v4&H2&+0&!R&z1:5])-[C@@&D3&v4&H1&+0&R&z1:6](-[O&D1&v2&H1&+0&!R:7])-[C@@&D3&v4&H1&+0&R&z1:8]-1-[O&D1&v2&H1&+0&!R:9],[787],[1]
658,[*:1](~[O&D1&v2&H1&+0&!R:2])~[O&D1&v2&H1&+0&!R:3].[n&D3&v3&H0&+0&R:4]-[C@&D3&v4&H1&+0&R&z2:5]1-[O&D2&v2&H0&+0&R:6]-[C@&D3&v4&H1&+0&R&z1:7](-[C&D2&v4&H2&+0&!R&z1:8])-[C@@&D3&v4&H1&+0&R&z1:9](-[O&D1&v2&H1&+0&!R:10])-[C@@&D3&v4&H1&+0&R&z1:11]-1-[O&D1&v2&H1&+0&!R:12]>>[*:1](~[O&D1&v2&H1&+0&!R:3])~[O&D2&v2&H0&+0&!R:2]-[C&D3&v4&H1&+0&R&z2:5]1-[O&D2&v2&H0&+0&R:6]-[C@&D3&v4&H1&+0&R&z1:7](-[C&D2&v4&H2&+0&!R&z1:8])-[C@@&D3&v4&H1&+0&R&z1:9](-[O&D1&v2&H1&+0&!R:10])-[C@@&D3&v4&H1&+0&R&z1:11]-1-[O&D1&v2&H1&+0&!R:12].[n&D2&v3&H1&+0&R:4],"[787, 787]","[2, 3]"
659,[*:1](~[O&D1&v2&H1&+0&!R:2])~[O&D2&v2&H0&+0&!R:3]-[C&D3&v4&H1&+0&R&z2:4]1-[O&D2&v2&H0&+0&R:5]-[C@&D3&v4&H1&+0&R&z1:6](-[C&D2&v4&H2&+0&!R&z1:7])-[C@@&D3&v4&H1&+0&R&z1:8](-[O&D1&v2&H1&+0&!R:9])-[C@@&D3&v4&H1&+0&R&z1:10]-1-[O&D1&v2&H1&+0&!R:11].[n&D2&v3&H1&+0&R:12]>>[*:1](~[O&D1&v2&H1&+0&!R:3])~[O&D1&v2&H1&+0&!R:2].[n&D3&v3&H0&+0&R:12]-[C@&D3&v4&H1&+0&R&z2:4]1-[O&D2&v2&H0&+0&R:5]-[C@&D3&v4&H1&+0&R&z1:6](-[C&D2&v4&H2&+0&!R&z1:7])-[C@@&D3&v4&H1&+0&R&z1:8](-[O&D1&v2&H1&+0&!R:9])-[C@@&D3&v4&H1&+0&R&z1:10]-1-[O&D1&v2&H1&+0&!R:11],"[787, 787]","[2, 3]"
660,[S&D1&v2&H1&+0&!R:1].[S&D1&v2&H1&+0&!R:2].[S&D2&v2&H0&+0&!R:3]-[S&D2&v2&H0&+0&!R:4]>>[S&D1&v2&H1&+0&!R:3].[S&D1&v2&H1&+0&!R:4].[S&D2&v2&H0&+0&!R:1]-[S&D2&v2&H0&+0&!R:2],"[792, 792]","[2, 2]"
661,[O&D0&v2&H2&+0&!R:1].[P&D4&v5&H0&+0&R:2](=[O&D1&v2&H0&+0&!R:3])(-[O&D1&v2&H1&+0&!R:4])-[O&D2&v2&H0&+0&R:5]>>([O&D1&v2&H1&+0&!R:5].[P&D4&v5&H0&+0&!R:2](=[O&D1&v2&H0&+0&!R:4])(-[O&D1&v2&H1&+0&!R:3])-[O&D1&v2&H1&+0&!R:1]),[794],[1]
662,([O&D1&v2&H1&+0&!R:1].[P&D4&v5&H0&+0&!R:2](=[O&D1&v2&H0&+0&!R:3])(-[O&D1&v2&H1&+0&!R:4])-[O&D1&v2&H1&+0&!R:5])>>[O&D0&v2&H2&+0&!R:5].[P&D4&v5&H0&+0&R:2](=[O&D1&v2&H0&+0&!R:4])(-[O&D1&v2&H1&+0&!R:3])-[O&D2&v2&H0&+0&R:1],[794],[1]
663,[O&D1&v2&H1&+0&!R:1].[P&D4&v5&H0&+0&!R:2](-[O&D1&v2&H1&+0&!R:3])-[O&D2&v2&H0&+0&!R:4]~[*:5](~[O&D1&v2&H1&+0&!R:6])~[*:7]~[*:8]~[O&D1&v2&H1&+0&!R:9]>>[*:5](~[O&D1&v2&H1&+0&!R:4])(~[O&D1&v2&H1&+0&!R:6])~[*:7]~[*:8]~[O&D1&v2&H1&+0&!R:9].[P&D4&v5&H0&+0&!R:2](-[O&D1&v2&H1&+0&!R:3])-[O&D2&v2&H0&+0&!R:1],[796],[1]
664,[*:1](~[O&D1&v2&H1&+0&!R:2])(~[O&D1&v2&H1&+0&!R:3])~[*:4]~[*:5]~[O&D1&v2&H1&+0&!R:6].[P&D4&v5&H0&+0&!R:7](-[O&D1&v2&H1&+0&!R:8])-[O&D2&v2&H0&+0&!R:9]>>[O&D1&v2&H1&+0&!R:9].[P&D4&v5&H0&+0&!R:7](-[O&D1&v2&H1&+0&!R:8])-[O&D2&v2&H0&+0&!R:2]~[*:1](~[O&D1&v2&H1&+0&!R:3])~[*:4]~[*:5]~[O&D1&v2&H1&+0&!R:6],[796],[1]
665,[N&D1&v3&H2&+0&!R:1].[O&D0&v2&H2&+0&!R:2].[O&D1&v2&H0&+0&!R:3]=[C&D2&v4&H0&+0&!R&z2:4]=[O&D1&v2&H0&+0&!R:5].[O&D1&v2&H0&+0&!R:6]=[C&D2&v4&H0&+0&!R&z2:7]=[O&D1&v2&H0&+0&!R:8].[O&D1&v2&H0&+0&!R:9]=[C&D3&v4&H0&+0&!R&z1:10]-[C@@&D3&v4&H1&+0&!R&z1:11](-[O&D1&v2&H1&+0&!R:12])-[C@@&D3&v4&H1&+0&!R&z1:13](-[O&D1&v2&H1&+0&!R:14])-[C&D2&v4&H2&+0&!R&z1:15]>>[N&D2&v3&H1&+0&!R:1]-[C&D3&v4&H0&+0&!R&z3:4](=[O&D1&v2&H0&+0&!R:3])-[O&D1&v2&H1&+0&!R:5].[O&D1&v2&H0&+0&!R:6]=[C&D3&v4&H0&+0&!R&z2:7](-[O&D1&v2&H1&+0&!R:8])-[C&D3&v4&H1&+0&!R&z1:10]-[O&D1&v2&H1&+0&!R:9].[O&D1&v2&H0&+0&!R:12]=[C&D3&v4&H0&+0&!R&z2:11](-[O&D1&v2&H1&+0&!R:2])-[C@@&D3&v4&H1&+0&!R&z1:13](-[O&D1&v2&H1&+0&!R:14])-[C&D2&v4&H2&+0&!R&z1:15],[797],[1]
666,[N&D2&v3&H1&+0&!R:1]-[C&D3&v4&H0&+0&!R&z3:2](=[O&D1&v2&H0&+0&!R:3])-[O&D1&v2&H1&+0&!R:4].[O&D1&v2&H0&+0&!R:5]=[C&D3&v4&H0&+0&!R&z2:6](-[O&D1&v2&H1&+0&!R:7])-[C&D3&v4&H1&+0&!R&z1:8]-[O&D1&v2&H1&+0&!R:9].[O&D1&v2&H0&+0&!R:10]=[C&D3&v4&H0&+0&!R&z2:11](-[O&D1&v2&H1&+0&!R:12])-[C@@&D3&v4&H1&+0&!R&z1:13](-[O&D1&v2&H1&+0&!R:14])-[C&D2&v4&H2&+0&!R&z1:15]>>[N&D1&v3&H2&+0&!R:1].[O&D0&v2&H2&+0&!R:12].[O&D1&v2&H0&+0&!R:3]=[C&D2&v4&H0&+0&!R&z2:2]=[O&D1&v2&H0&+0&!R:4].[O&D1&v2&H0&+0&!R:5]=[C&D2&v4&H0&+0&!R&z2:6]=[O&D1&v2&H0&+0&!R:7].[O&D1&v2&H0&+0&!R:9]=[C&D3&v4&H0&+0&!R&z1:8]-[C@@&D3&v4&H1&+0&!R&z1:11](-[O&D1&v2&H1&+0&!R:10])-[C@@&D3&v4&H1&+0&!R&z1:13](-[O&D1&v2&H1&+0&!R:14])-[C&D2&v4&H2&+0&!R&z1:15],[797],[1]
667,[C&D2&v4&H2&+0&!R&z1:1]-[C@&D3&v4&H1&+0&R&z1:2]1-[O&D2&v2&H0&+0&R:3]-[C@@&D3&v4&H1&+0&R&z2:4](-[O&D2&v2&H0&+0&!R:5]~[*:6](~[O&D1&v2&H1&+0&!R:7])~[*:8]~[*:9](~[O&D1&v2&H1&+0&!R:10])~[O&D1&v2&H1&+0&!R:11])~[H1@@:12](~[O&D1&v2&H1&+0&!R:13])~[H1@:14]~1~[O&D1&v2&H1&+0&!R:15].[n&D2&v3&H1&+0&R:16]>>[*:6](~[O&D1&v2&H1&+0&!R:5])(~[O&D1&v2&H1&+0&!R:7])~[*:8]~[*:9](~[O&D1&v2&H1&+0&!R:11])~[O&D1&v2&H1&+0&!R:10].[n&D3&v3&H0&+0&R:16]-[C&D3&v4&H1&+0&R&z2:4]1-[O&D2&v2&H0&+0&R:3]-[C@@&D3&v4&H1&+0&R&z1:2](-[C&D2&v4&H2&+0&!R&z1:1])~[H1@:14](~[O&D1&v2&H1&+0&!R:15])~[H1@@:12]~1~[O&D1&v2&H1&+0&!R:13],"[802, 802]","[1, 2]"
668,[*:1](~[O&D1&v2&H1&+0&!R:2])(~[O&D1&v2&H1&+0&!R:3])~[*:4]~[*:5](~[O&D1&v2&H1&+0&!R:6])~[O&D1&v2&H1&+0&!R:7].[n&D3&v3&H0&+0&R:8]-[C&D3&v4&H1&+0&R&z2:9]1-[O&D2&v2&H0&+0&R:10]-[C@@&D3&v4&H1&+0&R&z1:11](-[C&D2&v4&H2&+0&!R&z1:12])~[H1@:13](~[O&D1&v2&H1&+0&!R:14])~[H1@@:15]~1~[O&D1&v2&H1&+0&!R:16]>>[C&D2&v4&H2&+0&!R&z1:12]-[C@&D3&v4&H1&+0&R&z1:11]1-[O&D2&v2&H0&+0&R:10]-[C@@&D3&v4&H1&+0&R&z2:9](-[O&D2&v2&H0&+0&!R:2]~[*:1](~[O&D1&v2&H1&+0&!R:3])~[*:4]~[*:5](~[O&D1&v2&H1&+0&!R:7])~[O&D1&v2&H1&+0&!R:6])~[H1@@:15](~[O&D1&v2&H1&+0&!R:16])~[H1@:13]~1~[O&D1&v2&H1&+0&!R:14].[n&D2&v3&H1&+0&R:8],"[802, 802]","[1, 2]"
669,[C&D2&v4&H1&+0&!R&z2:1]=[O&D1&v2&H0&+0&!R:2].[O&D0&v2&H2&+0&!R:3].[c&D3&v4&H0&+0&R&z0:4]1:[c&D2&v4&H1&+0&R&z0:5]:[c&D2&v4&H1&+0&R&z0:6]:[c&D2&v4&H1&+0&R&z1:7]:[n&D3&v4&H0&+&R:8]:[c&D2&v4&H1&+0&R&z1:9]:1>>[C&D3&v4&H0&+0&!R&z3:1](=[O&D1&v2&H0&+0&!R:2])-[O&D1&v2&H1&+0&!R:3].[C&D3&v4&H0&+0&R&z0:4]1=[C&D2&v4&H1&+0&R&z1:9]-[N&D3&v3&H0&+0&R:8]-[C&D2&v4&H1&+0&R&z1:7]=[C&D2&v4&H1&+0&R&z0:6]-[C&D2&v4&H2&+0&R&z0:5]-1,[803],[1]
670,[C&D3&v4&H0&+0&!R&z3:1](=[O&D1&v2&H0&+0&!R:2])-[O&D1&v2&H1&+0&!R:3].[C&D3&v4&H0&+0&R&z0:4]1=[C&D2&v4&H1&+0&R&z1:5]-[N&D3&v3&H0&+0&R:6]-[C&D2&v4&H1&+0&R&z1:7]=[C&D2&v4&H1&+0&R&z0:8]-[C&D2&v4&H2&+0&R&z0:9]-1>>[C&D2&v4&H1&+0&!R&z2:1]=[O&D1&v2&H0&+0&!R:2].[O&D0&v2&H2&+0&!R:3].[c&D3&v4&H0&+0&R&z0:4]1:[c&D2&v4&H1&+0&R&z0:9]:[c&D2&v4&H1&+0&R&z0:8]:[c&D2&v4&H1&+0&R&z1:7]:[n&D3&v4&H0&+&R:6]:[c&D2&v4&H1&+0&R&z1:5]:1,[803],[1]
671,[C&D3&v4&H0&+0&R&z0:1]1=[C&D2&v4&H1&+0&R&z1:2]-[N&D3&v3&H0&+0&R:3]-[C&D2&v4&H1&+0&R&z1:4]=[C&D2&v4&H1&+0&R&z0:5]-[C&D2&v4&H2&+0&R&z0:6]-1.[O&D2&v2&H0&+0&!R:7]-[C&D3&v4&H0&+0&!R&z2:8]=[O&D1&v2&H0&+0&!R:9]>>[C&D2&v4&H1&+0&!R&z1:8]=[O&D1&v2&H0&+0&!R:9].[O&D1&v2&H1&+0&!R:7].[c&D3&v4&H0&+0&R&z0:1]1:[c&D2&v4&H1&+0&R&z0:6]:[c&D2&v4&H1&+0&R&z0:5]:[c&D2&v4&H1&+0&R&z1:4]:[n&D3&v4&H0&+&R:3]:[c&D2&v4&H1&+0&R&z1:2]:1,[804],[1]
672,[C&D2&v4&H1&+0&!R&z1:1]=[O&D1&v2&H0&+0&!R:2].[O&D1&v2&H1&+0&!R:3].[c&D3&v4&H0&+0&R&z0:4]1:[c&D2&v4&H1&+0&R&z0:5]:[c&D2&v4&H1&+0&R&z0:6]:[c&D2&v4&H1&+0&R&z1:7]:[n&D3&v4&H0&+&R:8]:[c&D2&v4&H1&+0&R&z1:9]:1>>[C&D3&v4&H0&+0&R&z0:4]1=[C&D2&v4&H1&+0&R&z1:9]-[N&D3&v3&H0&+0&R:8]-[C&D2&v4&H1&+0&R&z1:7]=[C&D2&v4&H1&+0&R&z0:6]-[C&D2&v4&H2&+0&R&z0:5]-1.[O&D2&v2&H0&+0&!R:3]-[C&D3&v4&H0&+0&!R&z2:1]=[O&D1&v2&H0&+0&!R:2],[804],[1]
673,[O&D0&v2&H2&+0&!R:1].[n&D2&v3&H0&+0&R:2]:[c&D2&v4&H1&+0&R&z2:3]:[n&D3&v3&H0&+0&R:4]-[C@@&D3&v4&H1&+0&R&z2:5](-[C&D2&v4&H2&+0&R&z0:6])-[O&D2&v2&H0&+0&R:7]>>[O&D2&v2&H0&+0&R:7]-[C&D3&v4&H1&+0&R&z2:5](-[O&D1&v2&H1&+0&!R:1])-[C&D2&v4&H2&+0&R&z0:6].[n&D2&v3&H0&+0&R:4]:[c&D2&v4&H1&+0&R&z2:3]:[n&D2&v3&H1&+0&R:2],[807],[1]
674,[O&D2&v2&H0&+0&R:1]-[C&D3&v4&H1&+0&R&z2:2](-[O&D1&v2&H1&+0&!R:3])-[C&D2&v4&H2&+0&R&z0:4].[n&D2&v3&H0&+0&R:5]:[c&D2&v4&H1&+0&R&z2:6]:[n&D2&v3&H1&+0&R:7]>>[O&D0&v2&H2&+0&!R:3].[n&D2&v3&H0&+0&R:7]:[c&D2&v4&H1&+0&R&z2:6]:[n&D3&v3&H0&+0&R:5]-[C@@&D3&v4&H1&+0&R&z2:2](-[C&D2&v4&H2&+0&R&z0:4])-[O&D2&v2&H0&+0&R:1],[807],[1]
675,[N&D2&v3&H1&+0&!R:1]-[C&D2&v4&H2&+0&!R&z1:2].[O&D0&v2&H2&+0&!R:3].[c&D3&v4&H0&+0&R&z1:4]1:[n&D2&v3&H0&+0&R:5]:[c&D3&v4&H0&+0&R&z1:6]-[c&D3&v4&H0&+0&R&z2:7](:[n&D2&v3&H0&+0&R:8]):[n&D3&v3&H0&+0&R:9]:[c&D3&v4&H0&+0&R&z1:10]:1>>[C&D2&v4&H1&+0&!R&z1:2]=[O&D1&v2&H0&+0&!R:3].[N&D1&v3&H2&+0&!R:1].[c&D3&v4&H0&+0&R&z1:4]1:[c&D3&v4&H0&+0&R&z1:10]-[N&D3&v3&H0&+0&R:9]-[c&D3&v4&H0&+0&R&z2:7](:[n&D2&v3&H1&+0&R:8]):[c&D3&v4&H0&+0&R&z1:6]-[N&D2&v3&H1&+0&R:5]-1,[809],[1]
676,[C&D2&v4&H1&+0&!R&z1:1]=[O&D1&v2&H0&+0&!R:2].[N&D1&v3&H2&+0&!R:3].[c&D3&v4&H0&+0&R&z1:4]1:[c&D3&v4&H0&+0&R&z1:5]-[N&D3&v3&H0&+0&R:6]-[c&D3&v4&H0&+0&R&z2:7](:[n&D2&v3&H1&+0&R:8]):[c&D3&v4&H0&+0&R&z1:9]-[N&D2&v3&H1&+0&R:10]-1>>[N&D2&v3&H1&+0&!R:3]-[C&D2&v4&H2&+0&!R&z1:1].[O&D0&v2&H2&+0&!R:2].[c&D3&v4&H0&+0&R&z1:4]1:[n&D2&v3&H0&+0&R:10]:[c&D3&v4&H0&+0&R&z1:9]-[c&D3&v4&H0&+0&R&z2:7](:[n&D2&v3&H0&+0&R:8]):[n&D3&v3&H0&+0&R:6]:[c&D3&v4&H0&+0&R&z1:5]:1,[809],[1]
677,[O&D0&v2&H2&+0&!R:1].[O&D2&v2&H0&+0&!R:2]-[P&D4&v5&H0&+0&!R:3]=[O&D1&v2&H0&+0&!R:4]>>[O&D1&v2&H0&+0&!R:4]=[P&D4&v5&H0&+0&!R:3]-[O&D1&v2&H1&+0&!R:1].[O&D1&v2&H1&+0&!R:2],[810],[1]
678,[O&D1&v2&H0&+0&!R:1]=[P&D4&v5&H0&+0&!R:2]-[O&D1&v2&H1&+0&!R:3].[O&D1&v2&H1&+0&!R:4]>>[O&D0&v2&H2&+0&!R:3].[O&D2&v2&H0&+0&!R:4]-[P&D4&v5&H0&+0&!R:2]=[O&D1&v2&H0&+0&!R:1],[810],[1]
679,[O&D1&v2&H1&+0&!R:1].[P&D4&v5&H0&+0&!R:2]-[O&D2&v2&H0&+0&!R:3]~[*:4]~[*:5]~[*:6]~[O&D1&v2&H1&+0&!R:7]>>[*:4](~[O&D1&v2&H1&+0&!R:3])~[*:5]~[*:6]~[O&D1&v2&H1&+0&!R:7].[O&D2&v2&H0&+0&!R:1]-[P&D4&v5&H0&+0&!R:2],[811],[1]
680,[*:1](~[O&D1&v2&H1&+0&!R:2])~[*:3]~[*:4]~[O&D1&v2&H1&+0&!R:5].[O&D2&v2&H0&+0&!R:6]-[P&D4&v5&H0&+0&!R:7]>>[O&D1&v2&H1&+0&!R:6].[P&D4&v5&H0&+0&!R:7]-[O&D2&v2&H0&+0&!R:2]~[*:1]~[*:3]~[*:4]~[O&D1&v2&H1&+0&!R:5],[811],[1]
681,[C&D2&v4&H1&+0&R&z0:1]=[C&D3&v4&H0&+0&R&z0:2]-[C&D2&v4&H2&+0&R&z0:3]-[C&D3&v4&H1&+0&R&z1:4]-[O&D1&v2&H1&+0&!R:5].[O&D1&v2&H0&+0&!R:6]=[O&D1&v2&H0&+0&!R:7]>>[C&D2&v4&H2&+0&R&z0:1]-[C&D3&v4&H0&+0&R&z0:2]=[C&D2&v4&H1&+0&R&z0:3]-[C&D3&v4&H0&+0&R&z1:4]=[O&D1&v2&H0&+0&!R:5].[O&D1&v2&H1&+0&!R:6]-[O&D1&v2&H1&+0&!R:7],[822],[1]
682,[C&D2&v4&H2&+0&R&z0:1]-[C&D3&v4&H0&+0&R&z0:2]=[C&D2&v4&H1&+0&R&z0:3]-[C&D3&v4&H0&+0&R&z1:4]=[O&D1&v2&H0&+0&!R:5].[O&D1&v2&H1&+0&!R:6]-[O&D1&v2&H1&+0&!R:7]>>[C&D2&v4&H1&+0&R&z0:1]=[C&D3&v4&H0&+0&R&z0:2]-[C&D2&v4&H2&+0&R&z0:3]-[C&D3&v4&H1&+0&R&z1:4]-[O&D1&v2&H1&+0&!R:5].[O&D1&v2&H0&+0&!R:6]=[O&D1&v2&H0&+0&!R:7],[822],[1]
683,[O&D0&v2&H2&+0&!R:1].[P&D4&v5&H0&+0&!R:2](=[O&D1&v2&H0&+0&!R:3])(-[O&D1&v2&H1&+0&!R:4])-[O&D2&v2&H0&+0&!R:5]-[P&D4&v5&H0&+0&!R:6]=[O&D1&v2&H0&+0&!R:7]>>[O&D1&v2&H0&+0&!R:5]=[P&D4&v5&H0&+0&!R:6]-[O&D1&v2&H1&+0&!R:7].[P&D4&v5&H0&+0&!R:2](=[O&D1&v2&H0&+0&!R:3])(-[O&D1&v2&H1&+0&!R:4])-[O&D1&v2&H1&+0&!R:1],[823],[1]
684,[O&D1&v2&H0&+0&!R:1]=[P&D4&v5&H0&+0&!R:2]-[O&D1&v2&H1&+0&!R:3].[P&D4&v5&H0&+0&!R:4](=[O&D1&v2&H0&+0&!R:5])(-[O&D1&v2&H1&+0&!R:6])-[O&D1&v2&H1&+0&!R:7]>>[O&D0&v2&H2&+0&!R:7].[P&D4&v5&H0&+0&!R:4](=[O&D1&v2&H0&+0&!R:5])(-[O&D1&v2&H1&+0&!R:6])-[O&D2&v2&H0&+0&!R:1]-[P&D4&v5&H0&+0&!R:2]=[O&D1&v2&H0&+0&!R:3],[823],[1]
685,[N&D1&v3&H2&+0&!R:1].[n&D3&v4&H0&+&R:2]-[C@&D3&v4&H1&+0&R&z2:3]1-[O&D2&v2&H0&+0&R:4]-[C@&D3&v4&H1&+0&R&z1:5](-[C&D2&v4&H2&+0&!R&z1:6])-[C@@&D3&v4&H1&+0&R&z1:7](-[O&D1&v2&H1&+0&!R:8])-[C@@&D3&v4&H1&+0&R&z1:9]-1-[O&D1&v2&H1&+0&!R:10]>>[N&D2&v3&H1&+0&!R:1]-[C&D3&v4&H1&+0&R&z2:3]1-[O&D2&v2&H0&+0&R:4]-[C@&D3&v4&H1&+0&R&z1:5](-[C&D2&v4&H2&+0&!R&z1:6])-[C@@&D3&v4&H1&+0&R&z1:7](-[O&D1&v2&H1&+0&!R:8])-[C@@&D3&v4&H1&+0&R&z1:9]-1-[O&D1&v2&H1&+0&!R:10].[n&D2&v3&H0&+0&R:2],[824],[1]
686,[N&D2&v3&H1&+0&!R:1]-[C&D3&v4&H1&+0&R&z2:2]1-[O&D2&v2&H0&+0&R:3]-[C@&D3&v4&H1&+0&R&z1:4](-[C&D2&v4&H2&+0&!R&z1:5])-[C@@&D3&v4&H1&+0&R&z1:6](-[O&D1&v2&H1&+0&!R:7])-[C@@&D3&v4&H1&+0&R&z1:8]-1-[O&D1&v2&H1&+0&!R:9].[n&D2&v3&H0&+0&R:10]>>[N&D1&v3&H2&+0&!R:1].[n&D3&v4&H0&+&R:10]-[C@&D3&v4&H1&+0&R&z2:2]1-[O&D2&v2&H0&+0&R:3]-[C@&D3&v4&H1&+0&R&z1:4](-[C&D2&v4&H2&+0&!R&z1:5])-[C@@&D3&v4&H1&+0&R&z1:6](-[O&D1&v2&H1&+0&!R:7])-[C@@&D3&v4&H1&+0&R&z1:8]-1-[O&D1&v2&H1&+0&!R:9],[824],[1]
687,[O&D0&v2&H2&+0&!R:1].[n&D3&v3&H0&+0&R:2]-[C@&D3&v4&H1&+0&R&z2:3]1-[O&D2&v2&H0&+0&R:4]-[C@&D3&v4&H1&+0&R&z1:5](-[C&D2&v4&H2&+0&!R&z1:6])-[C@@&D3&v4&H1&+0&R&z1:7](-[O&D1&v2&H1&+0&!R:8])-[C@@&D3&v4&H1&+0&R&z1:9]-1-[O&D1&v2&H1&+0&!R:10]>>[C&D2&v4&H2&+0&!R&z1:6]-[C@@&D3&v4&H1&+0&R&z1:5]1-[O&D2&v2&H0&+0&R:4]-[C&D3&v4&H1&+0&R&z2:3](-[O&D1&v2&H1&+0&!R:1])-[C@&D3&v4&H1&+0&R&z1:9](-[O&D1&v2&H1&+0&!R:10])-[C@&D3&v4&H1&+0&R&z1:7]-1-[O&D1&v2&H1&+0&!R:8].[n&D2&v3&H1&+0&R:2],[825],[1]
688,[C&D2&v4&H2&+0&!R&z1:1]-[C@@&D3&v4&H1&+0&R&z1:2]1-[O&D2&v2&H0&+0&R:3]-[C&D3&v4&H1&+0&R&z2:4](-[O&D1&v2&H1&+0&!R:5])-[C@&D3&v4&H1&+0&R&z1:6](-[O&D1&v2&H1&+0&!R:7])-[C@&D3&v4&H1&+0&R&z1:8]-1-[O&D1&v2&H1&+0&!R:9].[n&D2&v3&H1&+0&R:10]>>[O&D0&v2&H2&+0&!R:5].[n&D3&v3&H0&+0&R:10]-[C@&D3&v4&H1&+0&R&z2:4]1-[O&D2&v2&H0&+0&R:3]-[C@&D3&v4&H1&+0&R&z1:2](-[C&D2&v4&H2&+0&!R&z1:1])-[C@@&D3&v4&H1&+0&R&z1:8](-[O&D1&v2&H1&+0&!R:9])-[C@@&D3&v4&H1&+0&R&z1:6]-1-[O&D1&v2&H1&+0&!R:7],[825],[1]
689,[O&D0&v2&H2&+0&!R:1].[c&D3&v4&H0&+0&R&z2:2]1:[n&D2&v3&H0&+0&R:3]:[c&D2&v4&H1&+0&R&z2:4]:[n&D2&v3&H0&+0&R:5]:[c&D3&v4&H0&+0&R&z2:6](:[c&D3&v4&H0&+0&R&z1:7]:1):[n&D3&v3&H0&+0&R:8]-[C@&D3&v4&H1&+0&R&z2:9]1-[O&D2&v2&H0&+0&R:10]-[C@&D3&v4&H1&+0&R&z1:11](-[C&D2&v4&H2&+0&!R&z1:12])-[C@@&D3&v4&H1&+0&R&z1:13](-[O&D1&v2&H1&+0&!R:14])-[C@@&D3&v4&H1&+0&R&z1:15]-1-[O&D1&v2&H1&+0&!R:16]>>[C&D2&v4&H2&+0&!R&z1:12]-[C@@&D3&v4&H1&+0&R&z1:11]1-[O&D2&v2&H0&+0&R:10]-[C&D3&v4&H1&+0&R&z2:9](-[O&D1&v2&H1&+0&!R:1])-[C@&D3&v4&H1&+0&R&z1:15](-[O&D1&v2&H1&+0&!R:16])-[C@&D3&v4&H1&+0&R&z1:13]-1-[O&D1&v2&H1&+0&!R:14].[c&D3&v4&H0&+0&R&z2:2]1:[n&D2&v3&H0&+0&R:3]:[c&D2&v4&H1&+0&R&z2:4]:[n&D2&v3&H1&+0&R:5]:[c&D3&v4&H0&+0&R&z2:6](:[n&D2&v3&H0&+0&R:8])-[c&D3&v4&H0&+0&R&z1:7]:1,[825],[2]
690,[C&D2&v4&H2&+0&!R&z1:1]-[C@@&D3&v4&H1&+0&R&z1:2]1-[O&D2&v2&H0&+0&R:3]-[C&D3&v4&H1&+0&R&z2:4](-[O&D1&v2&H1&+0&!R:5])-[C@&D3&v4&H1&+0&R&z1:6](-[O&D1&v2&H1&+0&!R:7])-[C@&D3&v4&H1&+0&R&z1:8]-1-[O&D1&v2&H1&+0&!R:9].[c&D3&v4&H0&+0&R&z2:10]1:[n&D2&v3&H0&+0&R:11]:[c&D2&v4&H1&+0&R&z2:12]:[n&D2&v3&H1&+0&R:13]:[c&D3&v4&H0&+0&R&z2:14](:[n&D2&v3&H0&+0&R:15])-[c&D3&v4&H0&+0&R&z1:16]:1>>[O&D0&v2&H2&+0&!R:5].[c&D3&v4&H0&+0&R&z2:10]1:[n&D2&v3&H0&+0&R:11]:[c&D2&v4&H1&+0&R&z2:12]:[n&D2&v3&H0&+0&R:13]:[c&D3&v4&H0&+0&R&z2:14](:[c&D3&v4&H0&+0&R&z1:16]:1):[n&D3&v3&H0&+0&R:15]-[C@&D3&v4&H1&+0&R&z2:4]1-[O&D2&v2&H0&+0&R:3]-[C@&D3&v4&H1&+0&R&z1:2](-[C&D2&v4&H2&+0&!R&z1:1])-[C@@&D3&v4&H1&+0&R&z1:8](-[O&D1&v2&H1&+0&!R:9])-[C@@&D3&v4&H1&+0&R&z1:6]-1-[O&D1&v2&H1&+0&!R:7],[825],[2]
691,[O&D1&v2&H1&+0&!R:1].[O&D1&v2&H1&+0&!R:2]-[C@&D3&v4&H1&+0&R&z1:3]1-[C@@&D3&v4&H1&+0&R&z1:4](-[O&D1&v2&H1&+0&!R:5])-[C@&D3&v4&H1&+0&R&z2:6](-[O&D2&v2&H0&+0&!R:7])-[O&D2&v2&H0&+0&R:8]-[C@&D3&v4&H1&+0&R&z1:9](-[C&D2&v4&H2&+0&!R&z1:10])-[C@@&D3&v4&H1&+0&R&z1:11]-1-[O&D1&v2&H1&+0&!R:12]>>[O&D1&v2&H1&+0&!R:7].[O&D1&v2&H1&+0&!R:2]-[C@&D3&v4&H1&+0&R&z1:3]1-[C@@&D3&v4&H1&+0&R&z1:4](-[O&D1&v2&H1&+0&!R:5])-[C@@&D3&v4&H1&+0&R&z2:6](-[O&D2&v2&H0&+0&!R:1])-[O&D2&v2&H0&+0&R:8]-[C@&D3&v4&H1&+0&R&z1:9](-[C&D2&v4&H2&+0&!R&z1:10])-[C@@&D3&v4&H1&+0&R&z1:11]-1-[O&D1&v2&H1&+0&!R:12],[826],[1]
692,[O&D1&v2&H1&+0&!R:1].[O&D1&v2&H1&+0&!R:2]-[C@&D3&v4&H1&+0&R&z1:3]1-[C@@&D3&v4&H1&+0&R&z1:4](-[O&D1&v2&H1&+0&!R:5])-[C@@&D3&v4&H1&+0&R&z2:6](-[O&D2&v2&H0&+0&!R:7])-[O&D2&v2&H0&+0&R:8]-[C@&D3&v4&H1&+0&R&z1:9](-[C&D2&v4&H2&+0&!R&z1:10])-[C@@&D3&v4&H1&+0&R&z1:11]-1-[O&D1&v2&H1&+0&!R:12]>>[O&D1&v2&H1&+0&!R:7].[O&D1&v2&H1&+0&!R:2]-[C@&D3&v4&H1&+0&R&z1:3]1-[C@@&D3&v4&H1&+0&R&z1:4](-[O&D1&v2&H1&+0&!R:5])-[C@&D3&v4&H1&+0&R&z2:6](-[O&D2&v2&H0&+0&!R:1])-[O&D2&v2&H0&+0&R:8]-[C@&D3&v4&H1&+0&R&z1:9](-[C&D2&v4&H2&+0&!R&z1:10])-[C@@&D3&v4&H1&+0&R&z1:11]-1-[O&D1&v2&H1&+0&!R:12],[826],[1]
693,[O&D0&v2&H2&+0&!R:1].[O&D2&v2&H0&+0&!R:2]-[C@&D4&v4&H0&+0&R&z2:3](-[C&D3&v4&H0&+0&!R&z2:4])(-[C&D2&v4&H2&+0&R&z0:5])-[O&D2&v2&H0&+0&R:6]>>[O&D1&v2&H1&+0&!R:2].[O&D2&v2&H0&+0&R:6]-[C@@&D4&v4&H0&+0&R&z2:3](-[O&D1&v2&H1&+0&!R:1])(-[C&D3&v4&H0&+0&!R&z2:4])-[C&D2&v4&H2&+0&R&z0:5],[828],[1]
694,[O&D1&v2&H1&+0&!R:1].[O&D2&v2&H0&+0&R:2]-[C@@&D4&v4&H0&+0&R&z2:3](-[O&D1&v2&H1&+0&!R:4])(-[C&D3&v4&H0&+0&!R&z2:5])-[C&D2&v4&H2&+0&R&z0:6]>>[O&D0&v2&H2&+0&!R:4].[O&D2&v2&H0&+0&!R:1]-[C@&D4&v4&H0&+0&R&z2:3](-[C&D3&v4&H0&+0&!R&z2:5])(-[C&D2&v4&H2&+0&R&z0:6])-[O&D2&v2&H0&+0&R:2],[828],[1]
695,[O&D0&v2&H2&+0&!R:1].[O&D2&v2&H0&+0&!R:2]-[C@@&D4&v4&H0&+0&R&z2:3](~[*:4]~[O&D1&v2&H1&+0&!R:5])(-[C&D2&v4&H2&+0&R&z0:6])-[O&D2&v2&H0&+0&R:7]>>[O&D1&v2&H1&+0&!R:2].[O&D2&v2&H0&+0&R:7]-[C@&D4&v4&H0&+0&R&z2:3](-[O&D1&v2&H1&+0&!R:1])(~[*:4]~[O&D1&v2&H1&+0&!R:5])-[C&D2&v4&H2&+0&R&z0:6],"[829, 829]","[1, 3]"
696,[O&D1&v2&H1&+0&!R:1].[O&D2&v2&H0&+0&R:2]-[C@&D4&v4&H0&+0&R&z2:3](-[O&D1&v2&H1&+0&!R:4])(~[*:5]~[O&D1&v2&H1&+0&!R:6])-[C&D2&v4&H2&+0&R&z0:7]>>[O&D0&v2&H2&+0&!R:4].[O&D2&v2&H0&+0&!R:1]-[C@@&D4&v4&H0&+0&R&z2:3](~[*:5]~[O&D1&v2&H1&+0&!R:6])(-[C&D2&v4&H2&+0&R&z0:7])-[O&D2&v2&H0&+0&R:2],"[829, 829]","[1, 3]"
697,[O&D0&v2&H2&+0&!R:1].[O&D1&v2&H0&+0&!R:2]=[c&D3&v4&H0&+0&R&z2:3](:[c&D2&v4&H1&+0&R&z0:4]:[c&D2&v4&H1&+0&R&z1:5]:[n&D3&v3&H0&+0&R:6]-[C@@&D3&v4&H1&+0&R&z2:7](-[C&D2&v4&H2&+0&R&z0:8])-[O&D2&v2&H0&+0&R:9]):[n&D2&v3&H1&+0&R:10]>>[O&D1&v2&H0&+0&!R:2]=[c&D3&v4&H0&+0&R&z2:3](:[c&D2&v4&H1&+0&R&z0:4]:[c&D2&v4&H1&+0&R&z1:5]:[n&D2&v3&H1&+0&R:6]):[n&D2&v3&H1&+0&R:10].[O&D2&v2&H0&+0&R:9]-[C&D3&v4&H1&+0&R&z2:7](-[O&D1&v2&H1&+0&!R:1])-[C&D2&v4&H2&+0&R&z0:8],[834],[2]
698,[O&D1&v2&H0&+0&!R:1]=[c&D3&v4&H0&+0&R&z2:2](:[c&D2&v4&H1&+0&R&z0:3]:[c&D2&v4&H1&+0&R&z1:4]:[n&D2&v3&H1&+0&R:5]):[n&D2&v3&H1&+0&R:6].[O&D2&v2&H0&+0&R:7]-[C&D3&v4&H1&+0&R&z2:8](-[O&D1&v2&H1&+0&!R:9])-[C&D2&v4&H2&+0&R&z0:10]>>[O&D0&v2&H2&+0&!R:9].[O&D1&v2&H0&+0&!R:1]=[c&D3&v4&H0&+0&R&z2:2](:[c&D2&v4&H1&+0&R&z0:3]:[c&D2&v4&H1&+0&R&z1:4]:[n&D3&v3&H0&+0&R:5]-[C@@&D3&v4&H1&+0&R&z2:8](-[C&D2&v4&H2&+0&R&z0:10])-[O&D2&v2&H0&+0&R:7]):[n&D2&v3&H1&+0&R:6],[834],[2]
699,[O&D0&v2&H2&+0&!R:1].[n&D3&v3&H0&+0&R:2]-[C@@&D3&v4&H1&+0&R&z2:3](-[C&D2&v4&H2&+0&R&z0:4])-[O&D2&v2&H0&+0&R:5]>>[O&D2&v2&H0&+0&R:5]-[C&D3&v4&H1&+0&R&z2:3](-[O&D1&v2&H1&+0&!R:1])-[C&D2&v4&H2&+0&R&z0:4].[n&D2&v3&H1&+0&R:2],[834],[4]
700,[O&D2&v2&H0&+0&R:1]-[C&D3&v4&H1&+0&R&z2:2](-[O&D1&v2&H1&+0&!R:3])-[C&D2&v4&H2&+0&R&z0:4].[n&D2&v3&H1&+0&R:5]>>[O&D0&v2&H2&+0&!R:3].[n&D3&v3&H0&+0&R:5]-[C@@&D3&v4&H1&+0&R&z2:2](-[C&D2&v4&H2&+0&R&z0:4])-[O&D2&v2&H0&+0&R:1],[834],[4]
701,[O&D0&v2&H2&+0&!R:1].[P&D4&v5&H0&+0&!R:2](=[O&D1&v2&H0&+0&!R:3])(-[O&D1&v2&H1&+0&!R:4])-[O&D2&v2&H0&+0&!R:5]>>[O&D1&v2&H1&+0&!R:5].[P&D4&v5&H0&+0&!R:2](=[O&D1&v2&H0&+0&!R:4])(-[O&D1&v2&H1&+0&!R:3])-[O&D1&v2&H1&+0&!R:1],[836],[2]
702,[O&D1&v2&H1&+0&!R:1].[P&D4&v5&H0&+0&!R:2](=[O&D1&v2&H0&+0&!R:3])(-[O&D1&v2&H1&+0&!R:4])-[O&D1&v2&H1&+0&!R:5]>>[O&D0&v2&H2&+0&!R:5].[P&D4&v5&H0&+0&!R:2](=[O&D1&v2&H0&+0&!R:4])(-[O&D1&v2&H1&+0&!R:3])-[O&D2&v2&H0&+0&!R:1],[836],[2]
703,[O&D0&v2&H2&+0&!R:1].[O&D2&v2&H0&+0&!R:2]-[P&D4&v5&H0&+0&!R:3](=[O&D1&v2&H0&+0&!R:4])-[O&D1&v2&H1&+0&!R:5]>>[O&D1&v2&H1&+0&!R:2].[P&D4&v5&H0&+0&!R:3](=[O&D1&v2&H0&+0&!R:4])(-[O&D1&v2&H1&+0&!R:5])-[O&D1&v2&H1&+0&!R:1],"[837, 838]","[1, 1]"
704,[O&D1&v2&H1&+0&!R:1].[P&D4&v5&H0&+0&!R:2](=[O&D1&v2&H0&+0&!R:3])(-[O&D1&v2&H1&+0&!R:4])-[O&D1&v2&H1&+0&!R:5]>>[O&D0&v2&H2&+0&!R:5].[O&D2&v2&H0&+0&!R:1]-[P&D4&v5&H0&+0&!R:2](=[O&D1&v2&H0&+0&!R:3])-[O&D1&v2&H1&+0&!R:4],"[837, 838]","[1, 1]"
705,[C&D2&v4&H2&+0&!R&z1:1]-[C@@&D3&v4&H1&+0&R&z1:2]1-[O&D2&v2&H0&+0&R:3]-[C@&D3&v4&H1&+0&R&z2:4](-[O&D1&v2&H1&+0&!R:5])-[C@&D3&v4&H1&+0&R&z1:6](-[O&D1&v2&H1&+0&!R:7])-[C@@&D3&v4&H1&+0&R&z1:8](-[O&D1&v2&H1&+0&!R:9])-[C@&D3&v4&H1&+0&R&z1:10]-1-[O&D1&v2&H1&+0&!R:11]>>[C&D2&v4&H2&+0&!R&z1:1]-[C@@&D3&v4&H1&+0&R&z1:2]1-[O&D2&v2&H0&+0&R:3]-[C&D4&v4&H0&+0&R&z2:6](-[O&D1&v2&H1&+0&!R:7])(-[C&D2&v4&H2&+0&!R&z1:4]-[O&D1&v2&H1&+0&!R:5])-[C@@&D3&v4&H1&+0&R&z1:8](-[O&D1&v2&H1&+0&!R:9])-[C@&D3&v4&H1&+0&R&z1:10]-1-[O&D1&v2&H1&+0&!R:11],[842],[1]
706,[C&D2&v4&H2&+0&!R&z1:1]-[C@@&D3&v4&H1&+0&R&z1:2]1-[O&D2&v2&H0&+0&R:3]-[C&D4&v4&H0&+0&R&z2:4](-[O&D1&v2&H1&+0&!R:5])(-[C&D2&v4&H2&+0&!R&z1:6]-[O&D1&v2&H1&+0&!R:7])-[C@@&D3&v4&H1&+0&R&z1:8](-[O&D1&v2&H1&+0&!R:9])-[C@&D3&v4&H1&+0&R&z1:10]-1-[O&D1&v2&H1&+0&!R:11]>>[C&D2&v4&H2&+0&!R&z1:1]-[C@@&D3&v4&H1&+0&R&z1:2]1-[O&D2&v2&H0&+0&R:3]-[C@&D3&v4&H1&+0&R&z2:6](-[O&D1&v2&H1&+0&!R:7])-[C@&D3&v4&H1&+0&R&z1:4](-[O&D1&v2&H1&+0&!R:5])-[C@@&D3&v4&H1&+0&R&z1:8](-[O&D1&v2&H1&+0&!R:9])-[C@&D3&v4&H1&+0&R&z1:10]-1-[O&D1&v2&H1&+0&!R:11],[842],[1]
707,[C&D3&v4&H1&+0&R&z2:1]-[O&D1&v2&H1&+0&!R:2].[c&D3&v4&H0&+0&R&z0:3]1:[c&D2&v4&H1&+0&R&z0:4]:[c&D2&v4&H1&+0&R&z0:5]:[c&D2&v4&H1&+0&R&z1:6]:[n&D3&v4&H0&+&R:7]:[c&D2&v4&H1&+0&R&z1:8]:1>>[C&D3&v4&H0&+0&R&z0:3]1=[C&D2&v4&H1&+0&R&z1:8]-[N&D3&v3&H0&+0&R:7]-[C&D2&v4&H1&+0&R&z1:6]=[C&D2&v4&H1&+0&R&z0:5]-[C&D2&v4&H2&+0&R&z0:4]-1.[O&D1&v2&H0&+0&!R:2]=[C&D3&v4&H0&+0&R&z2:1],[843],[1]
708,[C&D3&v4&H0&+0&R&z0:1]1=[C&D2&v4&H1&+0&R&z1:2]-[N&D3&v3&H0&+0&R:3]-[C&D2&v4&H1&+0&R&z1:4]=[C&D2&v4&H1&+0&R&z0:5]-[C&D2&v4&H2&+0&R&z0:6]-1.[O&D1&v2&H0&+0&!R:7]=[C&D3&v4&H0&+0&R&z2:8]>>[C&D3&v4&H1&+0&R&z2:8]-[O&D1&v2&H1&+0&!R:7].[c&D3&v4&H0&+0&R&z0:1]1:[c&D2&v4&H1&+0&R&z0:6]:[c&D2&v4&H1&+0&R&z0:5]:[c&D2&v4&H1&+0&R&z1:4]:[n&D3&v4&H0&+&R:3]:[c&D2&v4&H1&+0&R&z1:2]:1,[843],[1]
709,[*:1](~[O&D1&v2&H1&+0&!R:2])~[C&D3&v4&H0&+0&!R&z1:3](=[O&D1&v2&H0&+0&!R:4])-[C&D2&v4&H2&+0&!R&z0:5]-[C@@&D3&v4&H1&+0&!R&z1:6](-[O&D1&v2&H1&+0&!R:7])-[C@@&D3&v4&H1&+0&!R&z1:8](-[O&D1&v2&H1&+0&!R:9])-[C&D3&v4&H0&+0&!R&z2:10]>>[C&D1&v4&H3&+0&!R&z0:5]-[C&D3&v4&H0&+0&!R&z1:3](=[O&D1&v2&H0&+0&!R:4])~[*:1]~[O&D1&v2&H1&+0&!R:2].[O&D1&v2&H0&+0&!R:7]=[C&D2&v4&H1&+0&!R&z1:6]-[C@@&D3&v4&H1&+0&!R&z1:8](-[O&D1&v2&H1&+0&!R:9])-[C&D3&v4&H0&+0&!R&z2:10],[846],[1]
710,[C&D1&v4&H3&+0&!R&z0:1]-[C&D3&v4&H0&+0&!R&z1:2](=[O&D1&v2&H0&+0&!R:3])~[*:4]~[O&D1&v2&H1&+0&!R:5].[O&D1&v2&H0&+0&!R:6]=[C&D2&v4&H1&+0&!R&z1:7]-[C@@&D3&v4&H1&+0&!R&z1:8](-[O&D1&v2&H1&+0&!R:9])-[C&D3&v4&H0&+0&!R&z2:10]>>[*:4](~[O&D1&v2&H1&+0&!R:5])~[C&D3&v4&H0&+0&!R&z1:2](=[O&D1&v2&H0&+0&!R:3])-[C&D2&v4&H2&+0&!R&z0:1]-[C@@&D3&v4&H1&+0&!R&z1:7](-[O&D1&v2&H1&+0&!R:6])-[C@@&D3&v4&H1&+0&!R&z1:8](-[O&D1&v2&H1&+0&!R:9])-[C&D3&v4&H0&+0&!R&z2:10],[846],[1]
711,[N&D1&v3&H2&+0&!R:1]-[C@@&D3&v4&H1&+0&!R&z1:2](-[C&D2&v4&H2&+0&!R&z1:3]-[S&D1&v2&H1&+0&!R:4])-[C&D3&v4&H0&+0&!R&z2:5].[S&D1&v2&H1&+0&!R:6]>>[C&D1&v4&H3&+0&!R&z0:3]-[C&D3&v4&H1&+0&!R&z1:2](-[N&D1&v3&H2&+0&!R:1])-[C&D3&v4&H0&+0&!R&z2:5].[S&D2&v2&H0&+0&!R:6]-[S&D1&v2&H1&+0&!R:4],"[855, 855]","[2, 1]"
712,[C&D1&v4&H3&+0&!R&z0:1]-[C&D3&v4&H1&+0&!R&z1:2](-[N&D1&v3&H2&+0&!R:3])-[C&D3&v4&H0&+0&!R&z2:4].[S&D2&v2&H0&+0&!R:5]-[S&D1&v2&H1&+0&!R:6]>>[N&D1&v3&H2&+0&!R:3]-[C@@&D3&v4&H1&+0&!R&z1:2](-[C&D2&v4&H2&+0&!R&z1:1]-[S&D1&v2&H1&+0&!R:6])-[C&D3&v4&H0&+0&!R&z2:4].[S&D1&v2&H1&+0&!R:5],"[855, 855]","[2, 1]"
713,[O&D0&v2&H2&+0&!R:1].[O&D1&v2&H0&+0&!R:2]=[P&D4&v5&H0&+0&!R:3]-[O&D2&v2&H0&+0&!R:4]>>[O&D1&v2&H0&+0&!R:2]=[P&D4&v5&H0&+0&!R:3]-[O&D1&v2&H1&+0&!R:1].[O&D1&v2&H1&+0&!R:4],[856],[1]
714,[O&D1&v2&H0&+0&!R:1]=[P&D4&v5&H0&+0&!R:2]-[O&D1&v2&H1&+0&!R:3].[O&D1&v2&H1&+0&!R:4]>>[O&D0&v2&H2&+0&!R:3].[O&D1&v2&H0&+0&!R:1]=[P&D4&v5&H0&+0&!R:2]-[O&D2&v2&H0&+0&!R:4],[856],[1]
715,[C&D1&v4&H2&+0&!R&z0:1]=[C&D3&v4&H0&+0&!R&z1:2](-[O&D2&v2&H0&+0&!R:3]-[P&D4&v5&H0&+0&!R:4]-[O&D1&v2&H1&+0&!R:5])~[*:6]~[O&D1&v2&H1&+0&!R:7].[C&D2&v4&H0&+0&!R&z2:8]=[O&D1&v2&H0&+0&!R:9].[O&D0&v2&H2&+0&!R:10]>>[C&D3&v4&H0&+0&!R&z2:8](-[O&D1&v2&H1&+0&!R:10])-[C&D2&v4&H2&+0&!R&z0:1]-[C&D3&v4&H0&+0&!R&z1:2](=[O&D1&v2&H0&+0&!R:3])~[*:6]~[O&D1&v2&H1&+0&!R:7].[P&D4&v5&H0&+0&!R:4](-[O&D1&v2&H1&+0&!R:5])-[O&D1&v2&H1&+0&!R:9],[857],[1]
716,[C&D3&v4&H0&+0&!R&z2:1](-[O&D1&v2&H1&+0&!R:2])-[C&D2&v4&H2&+0&!R&z0:3]-[C&D3&v4&H0&+0&!R&z1:4](=[O&D1&v2&H0&+0&!R:5])~[*:6]~[O&D1&v2&H1&+0&!R:7].[P&D4&v5&H0&+0&!R:8](-[O&D1&v2&H1&+0&!R:9])-[O&D1&v2&H1&+0&!R:10]>>[C&D1&v4&H2&+0&!R&z0:3]=[C&D3&v4&H0&+0&!R&z1:4](-[O&D2&v2&H0&+0&!R:5]-[P&D4&v5&H0&+0&!R:8]-[O&D1&v2&H1&+0&!R:9])~[*:6]~[O&D1&v2&H1&+0&!R:7].[C&D2&v4&H0&+0&!R&z2:1]=[O&D1&v2&H0&+0&!R:10].[O&D0&v2&H2&+0&!R:2],[857],[1]
717,([O&D1&v2&H1&+0&!R:1].[O&D2&v2&H0&+0&R:2]-[C&D3&v4&H0&+0&R&z2:3]=[O&D1&v2&H0&+0&!R:4])>>([O&D1&v2&H1&+0&!R:2].[O&D2&v2&H0&+0&R:1]-[C&D3&v4&H0&+0&R&z2:3]=[O&D1&v2&H0&+0&!R:4]),"[861, 861]","[1, 1]"
718,[*:1](~[O&D1&v2&H1&+0&!R:2])~[*:3]~[*:4](~[O&D1&v2&H1&+0&!R:5])~[O&D2&v2&H0&+0&!R:6]-[P&D4&v5&H0&+0&!R:7]-[O&D1&v2&H1&+0&!R:8].[C&D3&v4&H0&+0&!R&z2:9](-[O&D1&v2&H1&+0&!R:10])-[C&D2&v4&H2&+0&!R&z0:11]-[C&D3&v4&H0&+0&!R&z1:12](=[O&D1&v2&H0&+0&!R:13])~[*:14]~[O&D1&v2&H1&+0&!R:15]>>[*:1](~[O&D1&v2&H1&+0&!R:2])~[*:3]~[*:4](~[O&D1&v2&H1&+0&!R:5])~[O&D1&v2&H1&+0&!R:6].[C&D1&v4&H2&+0&!R&z0:11]=[C&D3&v4&H0&+0&!R&z1:12](-[O&D2&v2&H0&+0&!R:13]-[P&D4&v5&H0&+0&!R:7]-[O&D1&v2&H1&+0&!R:8])~[*:14]~[O&D1&v2&H1&+0&!R:15].[O&D1&v2&H0&+0&!R:10]=[C&D2&v4&H0&+0&!R&z2:9],[863],[1]
719,[*:1](~[O&D1&v2&H1&+0&!R:2])~[*:3]~[*:4](~[O&D1&v2&H1&+0&!R:5])~[O&D1&v2&H1&+0&!R:6].[C&D1&v4&H2&+0&!R&z0:7]=[C&D3&v4&H0&+0&!R&z1:8](-[O&D2&v2&H0&+0&!R:9]-[P&D4&v5&H0&+0&!R:10]-[O&D1&v2&H1&+0&!R:11])~[*:12]~[O&D1&v2&H1&+0&!R:13].[O&D1&v2&H0&+0&!R:14]=[C&D2&v4&H0&+0&!R&z2:15]>>[*:1](~[O&D1&v2&H1&+0&!R:2])~[*:3]~[*:4](~[O&D1&v2&H1&+0&!R:5])~[O&D2&v2&H0&+0&!R:6]-[P&D4&v5&H0&+0&!R:10]-[O&D1&v2&H1&+0&!R:11].[C&D3&v4&H0&+0&!R&z2:15](-[O&D1&v2&H1&+0&!R:14])-[C&D2&v4&H2&+0&!R&z0:7]-[C&D3&v4&H0&+0&!R&z1:8](=[O&D1&v2&H0&+0&!R:9])~[*:12]~[O&D1&v2&H1&+0&!R:13],[863],[1]
720,[C&D1&v4&H3&+0&!R&z0:1]-[C&D1&v4&H3&+0&!R&z0:2].[S&D1&v2&H1&+0&!R:3]>>[C&D0&v4&H4&+0&!R&z0:2].[C&D1&v4&H3&+0&!R&z1:1]-[S&D2&v2&H0&+0&!R:3],"[867, 867]","[2, 3]"
721,[C&D0&v4&H4&+0&!R&z0:1].[C&D1&v4&H3&+0&!R&z1:2]-[S&D2&v2&H0&+0&!R:3]>>[C&D1&v4&H3&+0&!R&z0:2]-[C&D1&v4&H3&+0&!R&z0:1].[S&D1&v2&H1&+0&!R:3],"[867, 867]","[2, 3]"
722,[C&D2&v4&H2&+0&!R&z1:1]-[C@@&D3&v4&H1&+0&R&z1:2]1-[O&D2&v2&H0&+0&R:3]-[C@&D3&v4&H1&+0&R&z2:4](-[O&D2&v2&H0&+0&!R:5]~[*:6](~[O&D1&v2&H1&+0&!R:7])~[*:8]~[*:9](~[O&D1&v2&H0&+0&!R:10])~[O&D1&v2&H1&+0&!R:11])-[C@&D3&v4&H1&+0&R&z1:12](-[O&D1&v2&H1&+0&!R:13])-[C@&D3&v4&H1&+0&R&z1:14]-1-[O&D1&v2&H1&+0&!R:15].[c&D3&v4&H0&+0&R&z3:16](-[O&D1&v2&H1&+0&!R:17]):[n&D2&v3&H0&+0&R:18]>>[*:6](~[O&D1&v2&H1&+0&!R:5])(~[O&D1&v2&H1&+0&!R:7])~[*:8]~[*:9](~[O&D1&v2&H0&+0&!R:10])~[O&D1&v2&H1&+0&!R:11].[c&D3&v4&H0&+0&R&z3:16](=[O&D1&v2&H0&+0&!R:17]):[n&D3&v3&H0&+0&R:18]-[C&D3&v4&H1&+0&R&z2:4]1-[O&D2&v2&H0&+0&R:3]-[C@&D3&v4&H1&+0&R&z1:2](-[C&D2&v4&H2&+0&!R&z1:1])-[C@@&D3&v4&H1&+0&R&z1:14](-[O&D1&v2&H1&+0&!R:15])-[C@@&D3&v4&H1&+0&R&z1:12]-1-[O&D1&v2&H1&+0&!R:13],[873],[1]
723,[*:1](~[O&D1&v2&H1&+0&!R:2])(~[O&D1&v2&H1&+0&!R:3])~[*:4]~[*:5](~[O&D1&v2&H0&+0&!R:6])~[O&D1&v2&H1&+0&!R:7].[c&D3&v4&H0&+0&R&z3:8](=[O&D1&v2&H0&+0&!R:9]):[n&D3&v3&H0&+0&R:10]-[C&D3&v4&H1&+0&R&z2:11]1-[O&D2&v2&H0&+0&R:12]-[C@&D3&v4&H1&+0&R&z1:13](-[C&D2&v4&H2&+0&!R&z1:14])-[C@@&D3&v4&H1&+0&R&z1:15](-[O&D1&v2&H1&+0&!R:16])-[C@@&D3&v4&H1&+0&R&z1:17]-1-[O&D1&v2&H1&+0&!R:18]>>[C&D2&v4&H2&+0&!R&z1:14]-[C@@&D3&v4&H1&+0&R&z1:13]1-[O&D2&v2&H0&+0&R:12]-[C@&D3&v4&H1&+0&R&z2:11](-[O&D2&v2&H0&+0&!R:2]~[*:1](~[O&D1&v2&H1&+0&!R:3])~[*:4]~[*:5](~[O&D1&v2&H0&+0&!R:6])~[O&D1&v2&H1&+0&!R:7])-[C@&D3&v4&H1&+0&R&z1:17](-[O&D1&v2&H1&+0&!R:18])-[C@&D3&v4&H1&+0&R&z1:15]-1-[O&D1&v2&H1&+0&!R:16].[c&D3&v4&H0&+0&R&z3:8](-[O&D1&v2&H1&+0&!R:9]):[n&D2&v3&H0&+0&R:10],[873],[1]
724,[C&D2&v4&H2&+0&!R&z0:1]-[C@&D3&v4&H1&+0&!R&z0:2](/[C&D2&v4&H1&+0&!R&z0:3]=[C&D2&v4&H1&+0&!R&z0:4]/[C&D3&v4&H0&+0&!R&z1:5]=[O&D1&v2&H0&+0&!R:6])-[C&D3&v4&H0&+0&!R&z2:7]=[O&D1&v2&H0&+0&!R:8]>>[C&D2&v4&H2&+0&!R&z0:1]/[C&D3&v4&H0&+0&!R&z0:2](=[C&D2&v4&H1&+0&!R&z0:3]/[C&D2&v4&H1&+0&!R&z0:4]=[C&D3&v4&H0&+0&!R&z1:5]\[O&D1&v2&H1&+0&!R:6])-[C&D3&v4&H0&+0&!R&z2:7]=[O&D1&v2&H0&+0&!R:8],[874],[1]
725,[C&D2&v4&H2&+0&!R&z0:1]/[C&D3&v4&H0&+0&!R&z0:2](=[C&D2&v4&H1&+0&!R&z0:3]/[C&D2&v4&H1&+0&!R&z0:4]=[C&D3&v4&H0&+0&!R&z1:5]\[O&D1&v2&H1&+0&!R:6])-[C&D3&v4&H0&+0&!R&z2:7]=[O&D1&v2&H0&+0&!R:8]>>[C&D2&v4&H2&+0&!R&z0:1]-[C@&D3&v4&H1&+0&!R&z0:2](/[C&D2&v4&H1&+0&!R&z0:3]=[C&D2&v4&H1&+0&!R&z0:4]/[C&D3&v4&H0&+0&!R&z1:5]=[O&D1&v2&H0&+0&!R:6])-[C&D3&v4&H0&+0&!R&z2:7]=[O&D1&v2&H0&+0&!R:8],[874],[1]
726,[C&D3&v4&H0&+0&!R&z2:1](-[O&D1&v2&H1&+0&!R:2])-[C@@&D3&v4&H1&+0&!R&z1:3](-[O&D1&v2&H1&+0&!R:4])-[C@@&D3&v4&H1&+0&!R&z1:5](-[O&D1&v2&H1&+0&!R:6])-[C@@&D3&v4&H1&+0&!R&z1:7](-[O&D1&v2&H1&+0&!R:8])-[C@@&D3&v4&H1&+0&!R&z1:9](-[O&D1&v2&H1&+0&!R:10])-[C&D2&v4&H2&+0&!R&z1:11].[c&D3&v4&H0&+0&R&z0:12]1:[c&D2&v4&H1&+0&R&z0:13]:[c&D2&v4&H1&+0&R&z0:14]:[c&D2&v4&H1&+0&R&z1:15]:[n&D3&v4&H0&+&R:16]:[c&D2&v4&H1&+0&R&z1:17]:1>>[C&D2&v4&H0&+0&!R&z2:1]=[O&D1&v2&H0&+0&!R:2].[C&D3&v4&H0&+0&R&z0:12]1=[C&D2&v4&H1&+0&R&z1:17]-[N&D3&v3&H0&+0&R:16]-[C&D2&v4&H1&+0&R&z1:15]=[C&D2&v4&H1&+0&R&z0:14]-[C&D2&v4&H2&+0&R&z0:13]-1.[O&D1&v2&H0&+0&!R:6]=[C&D3&v4&H0&+0&!R&z1:5](-[C&D2&v4&H2&+0&!R&z1:3]-[O&D1&v2&H1&+0&!R:4])-[C@@&D3&v4&H1&+0&!R&z1:7](-[O&D1&v2&H1&+0&!R:8])-[C@@&D3&v4&H1&+0&!R&z1:9](-[O&D1&v2&H1&+0&!R:10])-[C&D2&v4&H2&+0&!R&z1:11],[889],[1]
727,[C&D2&v4&H0&+0&!R&z2:1]=[O&D1&v2&H0&+0&!R:2].[C&D3&v4&H0&+0&R&z0:3]1=[C&D2&v4&H1&+0&R&z1:4]-[N&D3&v3&H0&+0&R:5]-[C&D2&v4&H1&+0&R&z1:6]=[C&D2&v4&H1&+0&R&z0:7]-[C&D2&v4&H2&+0&R&z0:8]-1.[O&D1&v2&H0&+0&!R:9]=[C&D3&v4&H0&+0&!R&z1:10](-[C&D2&v4&H2&+0&!R&z1:11]-[O&D1&v2&H1&+0&!R:12])-[C@@&D3&v4&H1&+0&!R&z1:13](-[O&D1&v2&H1&+0&!R:14])-[C@@&D3&v4&H1&+0&!R&z1:15](-[O&D1&v2&H1&+0&!R:16])-[C&D2&v4&H2&+0&!R&z1:17]>>[C&D3&v4&H0&+0&!R&z2:1](-[O&D1&v2&H1&+0&!R:2])-[C@@&D3&v4&H1&+0&!R&z1:11](-[O&D1&v2&H1&+0&!R:12])-[C@@&D3&v4&H1&+0&!R&z1:10](-[O&D1&v2&H1&+0&!R:9])-[C@@&D3&v4&H1&+0&!R&z1:13](-[O&D1&v2&H1&+0&!R:14])-[C@@&D3&v4&H1&+0&!R&z1:15](-[O&D1&v2&H1&+0&!R:16])-[C&D2&v4&H2&+0&!R&z1:17].[c&D3&v4&H0&+0&R&z0:3]1:[c&D2&v4&H1&+0&R&z0:8]:[c&D2&v4&H1&+0&R&z0:7]:[c&D2&v4&H1&+0&R&z1:6]:[n&D3&v4&H0&+&R:5]:[c&D2&v4&H1&+0&R&z1:4]:1,[889],[1]
728,[C&D3&v4&H0&+0&!R&z1:1](=[O&D1&v2&H0&+0&!R:2])-[C@@&D4&v4&H0&+0&!R&z1:3](-[C&D1&v4&H3&+0&!R&z0:4])(-[O&D1&v2&H1&+0&!R:5])~[*:6]~[O&D1&v2&H1&+0&!R:7].[C&D3&v4&H0&+0&R&z0:8]1=[C&D2&v4&H1&+0&R&z1:9]-[N&D3&v3&H0&+0&R:10]-[C&D2&v4&H1&+0&R&z1:11]=[C&D2&v4&H1&+0&R&z0:12]-[C&D2&v4&H2&+0&R&z0:13]-1>>[C&D4&v4&H0&+0&!R&z1:1](-[C&D1&v4&H3&+0&!R&z0:4])(-[O&D1&v2&H1&+0&!R:2])-[C&D3&v4&H1&+0&!R&z1:3](-[O&D1&v2&H1&+0&!R:5])~[*:6]~[O&D1&v2&H1&+0&!R:7].[c&D3&v4&H0&+0&R&z0:8]1:[c&D2&v4&H1&+0&R&z0:13]:[c&D2&v4&H1&+0&R&z0:12]:[c&D2&v4&H1&+0&R&z1:11]:[n&D3&v4&H0&+&R:10]:[c&D2&v4&H1&+0&R&z1:9]:1,[890],[1]
729,[C&D4&v4&H0&+0&!R&z1:1](-[C&D1&v4&H3&+0&!R&z0:2])(-[O&D1&v2&H1&+0&!R:3])-[C&D3&v4&H1&+0&!R&z1:4](-[O&D1&v2&H1&+0&!R:5])~[*:6]~[O&D1&v2&H1&+0&!R:7].[c&D3&v4&H0&+0&R&z0:8]1:[c&D2&v4&H1&+0&R&z0:9]:[c&D2&v4&H1&+0&R&z0:10]:[c&D2&v4&H1&+0&R&z1:11]:[n&D3&v4&H0&+&R:12]:[c&D2&v4&H1&+0&R&z1:13]:1>>[C&D3&v4&H0&+0&!R&z1:1](=[O&D1&v2&H0&+0&!R:3])-[C@@&D4&v4&H0&+0&!R&z1:4](-[C&D1&v4&H3&+0&!R&z0:2])(-[O&D1&v2&H1&+0&!R:5])~[*:6]~[O&D1&v2&H1&+0&!R:7].[C&D3&v4&H0&+0&R&z0:8]1=[C&D2&v4&H1&+0&R&z1:13]-[N&D3&v3&H0&+0&R:12]-[C&D2&v4&H1&+0&R&z1:11]=[C&D2&v4&H1&+0&R&z0:10]-[C&D2&v4&H2&+0&R&z0:9]-1,[890],[1]
730,[C&D3&v4&H0&+0&R&z0:1]1=[C&D2&v4&H1&+0&R&z1:2]-[N&D3&v3&H0&+0&R:3](~[H1@@:4]~[H1@:5]~[O&D1&v2&H1&+0&!R:6])-[C&D2&v4&H1&+0&R&z1:7]=[C&D2&v4&H1&+0&R&z0:8]-[C&D2&v4&H2&+0&R&z0:9]-1.[O&D1&v2&H0&+0&!R:10]=[C&D3&v4&H0&+0&R&z1:11]>>[C&D3&v4&H1&+0&R&z1:11]-[O&D1&v2&H1&+0&!R:10].[c&D3&v4&H0&+0&R&z0:1]1:[c&D2&v4&H1&+0&R&z0:9]:[c&D2&v4&H1&+0&R&z0:8]:[c&D2&v4&H1&+0&R&z1:7]:[n&D3&v4&H0&+&R:3](~[H1@@:4]~[H1@:5]~[O&D1&v2&H1&+0&!R:6]):[c&D2&v4&H1&+0&R&z1:2]:1,[891],[1]
731,[C&D3&v4&H1&+0&R&z1:1]-[O&D1&v2&H1&+0&!R:2].[c&D3&v4&H0&+0&R&z0:3]1:[c&D2&v4&H1&+0&R&z0:4]:[c&D2&v4&H1&+0&R&z0:5]:[c&D2&v4&H1&+0&R&z1:6]:[n&D3&v4&H0&+&R:7](~[H1@@:8]~[H1@:9]~[O&D1&v2&H1&+0&!R:10]):[c&D2&v4&H1&+0&R&z1:11]:1>>[C&D3&v4&H0&+0&R&z0:3]1=[C&D2&v4&H1&+0&R&z1:11]-[N&D3&v3&H0&+0&R:7](~[H1@@:8]~[H1@:9]~[O&D1&v2&H1&+0&!R:10])-[C&D2&v4&H1&+0&R&z1:6]=[C&D2&v4&H1&+0&R&z0:5]-[C&D2&v4&H2&+0&R&z0:4]-1.[O&D1&v2&H0&+0&!R:2]=[C&D3&v4&H0&+0&R&z1:1],[891],[1]
732,[C&D3&v4&H0&+0&!R&z2:1](=[O&D1&v2&H0&+0&!R:2])-[N&D2&v3&H1&+0&!R:3]~[H1@:4]1~[C@&D3&v4&H1&+0&R&z2:5](-[O&D2&v2&H0&+0&!R:6])-[O&D2&v2&H0&+0&R:7]-[C@&D3&v4&H1&+0&R&z1:8](-[C&D2&v4&H2&+0&!R&z1:9])-[C@@&D3&v4&H1&+0&R&z1:10](-[O&D1&v2&H1&+0&!R:11])-[C@&D3&v4&H1&+0&R&z1:12]~1-[O&D1&v2&H1&+0&!R:13].[O&D0&v2&H2&+0&!R:14]>>[C&D3&v4&H0&+0&!R&z2:1](=[O&D1&v2&H0&+0&!R:2])-[N&D2&v3&H1&+0&!R:3]~[H1@:4]1~[C&D3&v4&H1&+0&R&z2:5](-[O&D1&v2&H1&+0&!R:14])-[O&D2&v2&H0&+0&R:7]-[C@&D3&v4&H1&+0&R&z1:8](-[C&D2&v4&H2&+0&!R&z1:9])-[C@@&D3&v4&H1&+0&R&z1:10](-[O&D1&v2&H1&+0&!R:11])-[C@&D3&v4&H1&+0&R&z1:12]~1-[O&D1&v2&H1&+0&!R:13].[O&D1&v2&H1&+0&!R:6],[899],[2]
733,[C&D3&v4&H0&+0&!R&z2:1](=[O&D1&v2&H0&+0&!R:2])-[N&D2&v3&H1&+0&!R:3]~[H1@:4]1~[C&D3&v4&H1&+0&R&z2:5](-[O&D1&v2&H1&+0&!R:6])-[O&D2&v2&H0&+0&R:7]-[C@&D3&v4&H1&+0&R&z1:8](-[C&D2&v4&H2&+0&!R&z1:9])-[C@@&D3&v4&H1&+0&R&z1:10](-[O&D1&v2&H1&+0&!R:11])-[C@&D3&v4&H1&+0&R&z1:12]~1-[O&D1&v2&H1&+0&!R:13].[O&D1&v2&H1&+0&!R:14]>>[C&D3&v4&H0&+0&!R&z2:1](=[O&D1&v2&H0&+0&!R:2])-[N&D2&v3&H1&+0&!R:3]~[H1@:4]1~[C@&D3&v4&H1&+0&R&z2:5](-[O&D2&v2&H0&+0&!R:14])-[O&D2&v2&H0&+0&R:7]-[C@&D3&v4&H1&+0&R&z1:8](-[C&D2&v4&H2&+0&!R&z1:9])-[C@@&D3&v4&H1&+0&R&z1:10](-[O&D1&v2&H1&+0&!R:11])-[C@&D3&v4&H1&+0&R&z1:12]~1-[O&D1&v2&H1&+0&!R:13].[O&D0&v2&H2&+0&!R:6],[899],[2]
734,[N&D1&v3&H2&+0&!R:1].[O&D0&v2&H2&+0&!R:2].[O&D1&v2&H0&+0&!R:3]=[C&D2&v4&H0&+0&!R&z2:4]=[O&D1&v2&H0&+0&!R:5].[O&D1&v2&H0&+0&!R:6]=[C&D2&v4&H0&+0&!R&z2:7]=[O&D1&v2&H0&+0&!R:8].[O&D1&v2&H0&+0&!R:9]=[C&D3&v4&H0&+0&!R&z1:10]-[C@&D3&v4&H1&+0&!R&z1:11](-[O&D1&v2&H1&+0&!R:12])~[H1@:13](~[O&D1&v2&H1&+0&!R:14])~[C&D2&v4&H2&+0&!R&z1:15]>>[N&D2&v3&H1&+0&!R:1]-[C&D3&v4&H0&+0&!R&z3:4](=[O&D1&v2&H0&+0&!R:3])-[O&D1&v2&H1&+0&!R:5].[O&D1&v2&H0&+0&!R:8]=[C&D3&v4&H0&+0&!R&z2:7](-[O&D1&v2&H1&+0&!R:6])-[C&D3&v4&H1&+0&!R&z1:10]-[O&D1&v2&H1&+0&!R:9].[O&D1&v2&H0&+0&!R:12]=[C&D3&v4&H0&+0&!R&z2:11](-[O&D1&v2&H1&+0&!R:2])~[H1@:13](~[O&D1&v2&H1&+0&!R:14])~[C&D2&v4&H2&+0&!R&z1:15],[907],[1]
735,[N&D2&v3&H1&+0&!R:1]-[C&D3&v4&H0&+0&!R&z3:2](=[O&D1&v2&H0&+0&!R:3])-[O&D1&v2&H1&+0&!R:4].[O&D1&v2&H0&+0&!R:5]=[C&D3&v4&H0&+0&!R&z2:6](-[O&D1&v2&H1&+0&!R:7])-[C&D3&v4&H1&+0&!R&z1:8]-[O&D1&v2&H1&+0&!R:9].[O&D1&v2&H0&+0&!R:10]=[C&D3&v4&H0&+0&!R&z2:11](-[O&D1&v2&H1&+0&!R:12])~[H1@:13](~[O&D1&v2&H1&+0&!R:14])~[C&D2&v4&H2&+0&!R&z1:15]>>[N&D1&v3&H2&+0&!R:1].[O&D0&v2&H2&+0&!R:12].[O&D1&v2&H0&+0&!R:3]=[C&D2&v4&H0&+0&!R&z2:2]=[O&D1&v2&H0&+0&!R:4].[O&D1&v2&H0&+0&!R:7]=[C&D2&v4&H0&+0&!R&z2:6]=[O&D1&v2&H0&+0&!R:5].[O&D1&v2&H0&+0&!R:9]=[C&D3&v4&H0&+0&!R&z1:8]-[C@&D3&v4&H1&+0&!R&z1:11](-[O&D1&v2&H1&+0&!R:10])~[H1@:13](~[O&D1&v2&H1&+0&!R:14])~[C&D2&v4&H2&+0&!R&z1:15],[907],[1]
736,[O&D1&v2&H0&+0&!R:1]=[C&D3&v4&H0&+0&R&z1:2]-[C&D2&v4&H2&+0&R&z0:3]-[C&D3&v4&H1&+0&R&z1:4]-[O&D1&v2&H1&+0&!R:5]>>[O&D0&v2&H2&+0&!R:5].[O&D1&v2&H0&+0&!R:1]=[C&D3&v4&H0&+0&R&z1:2]-[C&D2&v4&H1&+0&R&z0:3]=[C&D2&v4&H1&+0&R&z0:4],[910],[1]
737,[O&D0&v2&H2&+0&!R:1].[O&D1&v2&H0&+0&!R:2]=[C&D3&v4&H0&+0&R&z1:3]-[C&D2&v4&H1&+0&R&z0:4]=[C&D2&v4&H1&+0&R&z0:5]>>[O&D1&v2&H0&+0&!R:2]=[C&D3&v4&H0&+0&R&z1:3]-[C&D2&v4&H2&+0&R&z0:4]-[C&D3&v4&H1&+0&R&z1:5]-[O&D1&v2&H1&+0&!R:1],[910],[1]
738,[*:1](~[O&D1&v2&H1&+0&!R:2])(~[O&D1&v2&H1&+0&!R:3])~[O&D2&v2&H0&+0&!R:4]-[P&D4&v5&H0&+0&!R:5](=[O&D1&v2&H0&+0&!R:6])-[O&D1&v2&H1&+0&!R:7].[O&D0&v2&H2&+0&!R:8]>>[*:1](~[O&D1&v2&H1&+0&!R:2])(~[O&D1&v2&H1&+0&!R:3])~[O&D1&v2&H1&+0&!R:4].[O&D1&v2&H0&+0&!R:6]=[P&D4&v5&H0&+0&!R:5](-[O&D1&v2&H1&+0&!R:7])-[O&D1&v2&H1&+0&!R:8],[916],[1]
739,[*:1](~[O&D1&v2&H1&+0&!R:2])(~[O&D1&v2&H1&+0&!R:3])~[O&D1&v2&H1&+0&!R:4].[O&D1&v2&H0&+0&!R:5]=[P&D4&v5&H0&+0&!R:6](-[O&D1&v2&H1&+0&!R:7])-[O&D1&v2&H1&+0&!R:8]>>[*:1](~[O&D1&v2&H1&+0&!R:2])(~[O&D1&v2&H1&+0&!R:3])~[O&D2&v2&H0&+0&!R:4]-[P&D4&v5&H0&+0&!R:6](=[O&D1&v2&H0&+0&!R:5])-[O&D1&v2&H1&+0&!R:7].[O&D0&v2&H2&+0&!R:8],[916],[1]
740,[N&D1&v3&H2&+0&!R:1]~[H1@@:2]~[C&D3&v4&H0&+0&!R&z2:3](=[O&D1&v2&H0&+0&!R:4])-[N&D2&v3&H1&+0&!R:5].[O&D0&v2&H2&+0&!R:6]>>[N&D1&v3&H2&+0&!R:5].[N&D1&v3&H2&+0&!R:1]~[H1@@:2]~[C&D3&v4&H0&+0&!R&z2:3](=[O&D1&v2&H0&+0&!R:4])-[O&D1&v2&H1&+0&!R:6],[917],[1]
741,[N&D1&v3&H2&+0&!R:1].[N&D1&v3&H2&+0&!R:2]~[H1@@:3]~[C&D3&v4&H0&+0&!R&z2:4](=[O&D1&v2&H0&+0&!R:5])-[O&D1&v2&H1&+0&!R:6]>>[N&D1&v3&H2&+0&!R:2]~[H1@@:3]~[C&D3&v4&H0&+0&!R&z2:4](=[O&D1&v2&H0&+0&!R:5])-[N&D2&v3&H1&+0&!R:1].[O&D0&v2&H2&+0&!R:6],[917],[1]
742,[N&D1&v3&H2&+0&!R:1]-[C@&D3&v4&H1&+0&!R&z1:2](-[C&D2&v4&H2&+0&!R&z0:3]-[c&D3&v4&H0&+0&R&z0:4]:[c&D2&v4&H1&+0&R&z0:5]:[c&D2&v4&H1&+0&R&z0:6]:[c&D3&v4&H0&+0&R&z1:7]-[O&D1&v2&H1&+0&!R:8])-[C&D3&v4&H0&+0&!R&z2:9].[O&D0&v2&H2&+0&!R:10]>>[C&D1&v4&H3&+0&!R&z0:3]-[C&D3&v4&H0&+0&!R&z1:2](=[O&D1&v2&H0&+0&!R:10])-[C&D3&v4&H0&+0&!R&z2:9].[N&D0&v3&H3&+0&!R:1].[O&D1&v2&H1&+0&!R:8]-[c&D3&v4&H0&+0&R&z1:7]:[c&D2&v4&H1&+0&R&z0:6]:[c&D2&v4&H1&+0&R&z0:5]:[c&D2&v4&H1&+0&R&z0:4],[933],[1]
743,[C&D1&v4&H3&+0&!R&z0:1]-[C&D3&v4&H0&+0&!R&z1:2](=[O&D1&v2&H0&+0&!R:3])-[C&D3&v4&H0&+0&!R&z2:4].[N&D0&v3&H3&+0&!R:5].[O&D1&v2&H1&+0&!R:6]-[c&D3&v4&H0&+0&R&z1:7]:[c&D2&v4&H1&+0&R&z0:8]:[c&D2&v4&H1&+0&R&z0:9]:[c&D2&v4&H1&+0&R&z0:10]>>[N&D1&v3&H2&+0&!R:5]-[C@&D3&v4&H1&+0&!R&z1:2](-[C&D2&v4&H2&+0&!R&z0:1]-[c&D3&v4&H0&+0&R&z0:10]:[c&D2&v4&H1&+0&R&z0:9]:[c&D2&v4&H1&+0&R&z0:8]:[c&D3&v4&H0&+0&R&z1:7]-[O&D1&v2&H1&+0&!R:6])-[C&D3&v4&H0&+0&!R&z2:4].[O&D0&v2&H2&+0&!R:3],[933],[1]
744,[C&D2&v4&H0&+0&!R&z1:1]-[C@@&D3&v4&H1&+0&!R&z1:2](-[O&D1&v2&H1&+0&!R:3])-[c&D3&v4&H0&+0&R&z0:4]>>[C&D1&v4&H1&+0&!R&z1:1].[O&D1&v2&H0&+0&!R:3]=[C&D2&v4&H1&+0&!R&z1:2]-[c&D3&v4&H0&+0&R&z0:4],[941],[1]
745,[C&D1&v4&H1&+0&!R&z1:1].[O&D1&v2&H0&+0&!R:2]=[C&D2&v4&H1&+0&!R&z1:3]-[c&D3&v4&H0&+0&R&z0:4]>>[C&D2&v4&H0&+0&!R&z1:1]-[C@@&D3&v4&H1&+0&!R&z1:3](-[O&D1&v2&H1&+0&!R:2])-[c&D3&v4&H0&+0&R&z0:4],[941],[1]
746,[C&D3&v4&H0&+0&R&z1:1]1=[C&D2&v4&H1&+0&R&z0:2]-[C&D2&v4&H2&+0&R&z0:3]-[C&D2&v4&H2&+0&R&z0:4]-[C&D2&v4&H2&+0&R&z1:5]-[N&D2&v3&H1&+0&R:6]-1.[O&D1&v2&H0&+0&!R:7]=[O&D1&v2&H0&+0&!R:8].[O&D1&v2&H0&+0&!R:9]=[O&D1&v2&H0&+0&!R:10]>>[O&D1&v2&H1&+0&!R:7]-[O&D1&v2&H1&+0&!R:8].[O&D1&v2&H1&+0&!R:9]-[O&D1&v2&H1&+0&!R:10].[c&D3&v4&H0&+0&R&z1:1]1:[c&D2&v4&H1&+0&R&z0:2]:[c&D2&v4&H1&+0&R&z0:3]:[c&D2&v4&H1&+0&R&z0:4]:[c&D2&v4&H1&+0&R&z1:5]:[n&D2&v3&H0&+0&R:6]:1,[942],[1]
747,[O&D1&v2&H1&+0&!R:1]-[O&D1&v2&H1&+0&!R:2].[O&D1&v2&H1&+0&!R:3]-[O&D1&v2&H1&+0&!R:4].[c&D3&v4&H0&+0&R&z1:5]1:[c&D2&v4&H1&+0&R&z0:6]:[c&D2&v4&H1&+0&R&z0:7]:[c&D2&v4&H1&+0&R&z0:8]:[c&D2&v4&H1&+0&R&z1:9]:[n&D2&v3&H0&+0&R:10]:1>>[C&D3&v4&H0&+0&R&z1:5]1=[C&D2&v4&H1&+0&R&z0:6]-[C&D2&v4&H2&+0&R&z0:7]-[C&D2&v4&H2&+0&R&z0:8]-[C&D2&v4&H2&+0&R&z1:9]-[N&D2&v3&H1&+0&R:10]-1.[O&D1&v2&H0&+0&!R:1]=[O&D1&v2&H0&+0&!R:2].[O&D1&v2&H0&+0&!R:3]=[O&D1&v2&H0&+0&!R:4],[942],[1]
748,[C&D3&v4&H0&+0&!R&z2:1](=[O&D1&v2&H0&+0&!R:2])-[C&D2&v4&H2&+0&!R&z0:3]-[C@&D3&v4&H1&+0&!R&z1:4](-[O&D1&v2&H1&+0&!R:5])-[C&D2&v4&H2&+0&!R&z0:6]>>[C&D3&v4&H0&+0&!R&z2:1](=[O&D1&v2&H0&+0&!R:2])/[C&D2&v4&H1&+0&!R&z0:3]=[C&D2&v4&H1&+0&!R&z0:4]/[C&D2&v4&H2&+0&!R&z0:6].[O&D0&v2&H2&+0&!R:5],[947],[1]
749,[C&D3&v4&H0&+0&!R&z2:1](=[O&D1&v2&H0&+0&!R:2])/[C&D2&v4&H1&+0&!R&z0:3]=[C&D2&v4&H1&+0&!R&z0:4]/[C&D2&v4&H2&+0&!R&z0:5].[O&D0&v2&H2&+0&!R:6]>>[C&D3&v4&H0&+0&!R&z2:1](=[O&D1&v2&H0&+0&!R:2])-[C&D2&v4&H2&+0&!R&z0:3]-[C@&D3&v4&H1&+0&!R&z1:4](-[O&D1&v2&H1&+0&!R:6])-[C&D2&v4&H2&+0&!R&z0:5],[947],[1]
750,[c&D3&v4&H0&+0&R&z0:1]-[C&D3&v4&H1&+0&!R&z0:2](-[c&D3&v4&H0&+0&R&z0:3])-[C&D4&v4&H0&+0&!R&z3:4](-[Cl&D1&v1&H0&+0&!R:5])(-[Cl&D1&v1&H0&+0&!R:6])-[Cl&D1&v1&H0&+0&!R:7]>>[Cl&D0&v1&H1&+0&!R:5].[Cl&D1&v1&H0&+0&!R:6]/[C&D3&v4&H0&+0&!R&z2:4](-[Cl&D1&v1&H0&+0&!R:7])=[C&D3&v4&H0&+0&!R&z0:2](/[c&D3&v4&H0&+0&R&z0:1])-[c&D3&v4&H0&+0&R&z0:3],[950],[1]
751,[Cl&D0&v1&H1&+0&!R:1].[Cl&D1&v1&H0&+0&!R:2]/[C&D3&v4&H0&+0&!R&z2:3](-[Cl&D1&v1&H0&+0&!R:4])=[C&D3&v4&H0&+0&!R&z0:5](/[c&D3&v4&H0&+0&R&z0:6])-[c&D3&v4&H0&+0&R&z0:7]>>[c&D3&v4&H0&+0&R&z0:6]-[C&D3&v4&H1&+0&!R&z0:5](-[c&D3&v4&H0&+0&R&z0:7])-[C&D4&v4&H0&+0&!R&z3:3](-[Cl&D1&v1&H0&+0&!R:1])(-[Cl&D1&v1&H0&+0&!R:2])-[Cl&D1&v1&H0&+0&!R:4],[950],[1]
752,[O&D0&v2&H2&+0&!R:1].[n&D3&v3&H0&+0&R:2]-[P&D4&v5&H0&+0&!R:3]>>[P&D4&v5&H0&+0&!R:3]-[O&D1&v2&H1&+0&!R:1].[n&D2&v3&H1&+0&R:2],[952],[1]
753,[P&D4&v5&H0&+0&!R:1]-[O&D1&v2&H1&+0&!R:2].[n&D2&v3&H1&+0&R:3]>>[O&D0&v2&H2&+0&!R:2].[n&D3&v3&H0&+0&R:3]-[P&D4&v5&H0&+0&!R:1],[952],[1]
754,[C&D1&v4&H3&+0&!R&z0:1]/[C&D3&v4&H0&+0&!R&z0:2](=[C&D2&v4&H1&+0&!R&z0:3]\[C&D2&v4&H2&+0&!R&z1:4]-[O&D2&v2&H0&+0&!R:5]~[*:6](~[O&D1&v2&H1&+0&!R:7])~[*:8]~[*:9]~[O&D1&v2&H1&+0&!R:10])-[C&D2&v4&H2&+0&!R&z0:11].[O&D0&v2&H2&+0&!R:12]>>[*:9](~[O&D1&v2&H1&+0&!R:10])~[*:8]~[*:6](~[O&D1&v2&H1&+0&!R:7])~[O&D1&v2&H1&+0&!R:5].[C&D1&v4&H2&+0&!R&z0:4]=[C&D2&v4&H1&+0&!R&z0:3]-[C&D4&v4&H0&+0&!R&z1:2](-[C&D1&v4&H3&+0&!R&z0:1])(-[O&D1&v2&H1&+0&!R:12])-[C&D2&v4&H2&+0&!R&z0:11],"[954, 954]","[1, 2]"
755,[*:1](~[O&D1&v2&H1&+0&!R:2])~[*:3]~[*:4](~[O&D1&v2&H1&+0&!R:5])~[O&D1&v2&H1&+0&!R:6].[C&D1&v4&H2&+0&!R&z0:7]=[C&D2&v4&H1&+0&!R&z0:8]-[C&D4&v4&H0&+0&!R&z1:9](-[C&D1&v4&H3&+0&!R&z0:10])(-[O&D1&v2&H1&+0&!R:11])-[C&D2&v4&H2&+0&!R&z0:12]>>[C&D1&v4&H3&+0&!R&z0:10]/[C&D3&v4&H0&+0&!R&z0:9](=[C&D2&v4&H1&+0&!R&z0:8]\[C&D2&v4&H2&+0&!R&z1:7]-[O&D2&v2&H0&+0&!R:6]~[*:4](~[O&D1&v2&H1&+0&!R:5])~[*:3]~[*:1]~[O&D1&v2&H1&+0&!R:2])-[C&D2&v4&H2&+0&!R&z0:12].[O&D0&v2&H2&+0&!R:11],"[954, 954]","[1, 2]"
756,[C&D2&v4&H2&+0&!R&z1:1]-[O&D2&v2&H0&+0&!R:2]~[*:3](~[O&D1&v2&H1&+0&!R:4])~[*:5]~[*:6](~[O&D1&v2&H1&+0&!R:7])~[O&D1&v2&H1&+0&!R:8].[O&D0&v2&H2&+0&!R:9]>>[*:3](~[O&D1&v2&H1&+0&!R:2])(~[O&D1&v2&H1&+0&!R:4])~[*:5]~[*:6](~[O&D1&v2&H1&+0&!R:8])~[O&D1&v2&H1&+0&!R:7].[C&D2&v4&H2&+0&!R&z1:1]-[O&D1&v2&H1&+0&!R:9],[955],[1]
757,[*:1](~[O&D1&v2&H1&+0&!R:2])(~[O&D1&v2&H1&+0&!R:3])~[*:4]~[*:5](~[O&D1&v2&H1&+0&!R:6])~[O&D1&v2&H1&+0&!R:7].[C&D2&v4&H2&+0&!R&z1:8]-[O&D1&v2&H1&+0&!R:9]>>[C&D2&v4&H2&+0&!R&z1:8]-[O&D2&v2&H0&+0&!R:2]~[*:1](~[O&D1&v2&H1&+0&!R:3])~[*:4]~[*:5](~[O&D1&v2&H1&+0&!R:7])~[O&D1&v2&H1&+0&!R:6].[O&D0&v2&H2&+0&!R:9],[955],[1]
758,[O&D1&v2&H0&+0&!R:1]=[C&D3&v4&H0&+0&!R&z2:2](-[O&D1&v2&H1&+0&!R:3])-[C@&D3&v4&H1&+0&!R&z1:4](-[O&D1&v2&H1&+0&!R:5])-[C@@&D3&v4&H1&+0&!R&z1:6](-[O&D1&v2&H1&+0&!R:7])-[C@&D3&v4&H1&+0&!R&z1:8](-[O&D1&v2&H1&+0&!R:9])-[C@&D3&v4&H1&+0&!R&z1:10](-[O&D1&v2&H1&+0&!R:11])-[C&D2&v4&H2&+0&!R&z1:12]>>[O&D0&v2&H2&+0&!R:7].[O&D1&v2&H0&+0&!R:3]=[C&D3&v4&H0&+0&!R&z2:2](-[O&D1&v2&H1&+0&!R:1])-[C&D3&v4&H0&+0&!R&z1:4](=[O&D1&v2&H0&+0&!R:5])-[C&D2&v4&H2&+0&!R&z0:6]-[C@&D3&v4&H1&+0&!R&z1:8](-[O&D1&v2&H1&+0&!R:9])-[C@&D3&v4&H1&+0&!R&z1:10](-[O&D1&v2&H1&+0&!R:11])-[C&D2&v4&H2&+0&!R&z1:12],[960],[1]
759,[O&D0&v2&H2&+0&!R:1].[O&D1&v2&H0&+0&!R:2]=[C&D3&v4&H0&+0&!R&z2:3](-[O&D1&v2&H1&+0&!R:4])-[C&D3&v4&H0&+0&!R&z1:5](=[O&D1&v2&H0&+0&!R:6])-[C&D2&v4&H2&+0&!R&z0:7]-[C@&D3&v4&H1&+0&!R&z1:8](-[O&D1&v2&H1&+0&!R:9])-[C@&D3&v4&H1&+0&!R&z1:10](-[O&D1&v2&H1&+0&!R:11])-[C&D2&v4&H2&+0&!R&z1:12]>>[O&D1&v2&H0&+0&!R:4]=[C&D3&v4&H0&+0&!R&z2:3](-[O&D1&v2&H1&+0&!R:2])-[C@&D3&v4&H1&+0&!R&z1:5](-[O&D1&v2&H1&+0&!R:6])-[C@@&D3&v4&H1&+0&!R&z1:7](-[O&D1&v2&H1&+0&!R:1])-[C@&D3&v4&H1&+0&!R&z1:8](-[O&D1&v2&H1&+0&!R:9])-[C@&D3&v4&H1&+0&!R&z1:10](-[O&D1&v2&H1&+0&!R:11])-[C&D2&v4&H2&+0&!R&z1:12],[960],[1]
760,[C&D1&v4&H3&+0&!R&z0:1]-[C@&D3&v4&H1&+0&!R&z1:2](-[O&D1&v2&H1&+0&!R:3])-[C@@&D3&v4&H1&+0&!R&z1:4](-[O&D1&v2&H1&+0&!R:5])-[C@@&D3&v4&H1&+0&!R&z1:6](-[O&D1&v2&H1&+0&!R:7])-[C@&D3&v4&H1&+0&!R&z1:8](-[O&D1&v2&H1&+0&!R:9])-[C&D3&v4&H0&+0&!R&z2:10](=[O&D1&v2&H0&+0&!R:11])-[O&D1&v2&H1&+0&!R:12]>>[C&D1&v4&H3&+0&!R&z0:1]-[C@&D3&v4&H1&+0&!R&z1:2](-[O&D1&v2&H1&+0&!R:3])-[C@@&D3&v4&H1&+0&!R&z1:4](-[O&D1&v2&H1&+0&!R:5])-[C&D2&v4&H2&+0&!R&z0:6]-[C&D3&v4&H0&+0&!R&z1:8](=[O&D1&v2&H0&+0&!R:9])-[C&D3&v4&H0&+0&!R&z2:10](=[O&D1&v2&H0&+0&!R:12])-[O&D1&v2&H1&+0&!R:11].[O&D0&v2&H2&+0&!R:7],[961],[1]
761,[C&D1&v4&H3&+0&!R&z0:1]-[C@&D3&v4&H1&+0&!R&z1:2](-[O&D1&v2&H1&+0&!R:3])-[C@@&D3&v4&H1&+0&!R&z1:4](-[O&D1&v2&H1&+0&!R:5])-[C&D2&v4&H2&+0&!R&z0:6]-[C&D3&v4&H0&+0&!R&z1:7](=[O&D1&v2&H0&+0&!R:8])-[C&D3&v4&H0&+0&!R&z2:9](=[O&D1&v2&H0&+0&!R:10])-[O&D1&v2&H1&+0&!R:11].[O&D0&v2&H2&+0&!R:12]>>[C&D1&v4&H3&+0&!R&z0:1]-[C@&D3&v4&H1&+0&!R&z1:2](-[O&D1&v2&H1&+0&!R:3])-[C@@&D3&v4&H1&+0&!R&z1:4](-[O&D1&v2&H1&+0&!R:5])-[C@@&D3&v4&H1&+0&!R&z1:6](-[O&D1&v2&H1&+0&!R:12])-[C@&D3&v4&H1&+0&!R&z1:7](-[O&D1&v2&H1&+0&!R:8])-[C&D3&v4&H0&+0&!R&z2:9](=[O&D1&v2&H0&+0&!R:11])-[O&D1&v2&H1&+0&!R:10],[961],[1]
762,[O&D1&v2&H0&+0&!R:1]=[C&D3&v4&H0&+0&!R&z2:2](-[O&D1&v2&H1&+0&!R:3])-[C@&D3&v4&H1&+0&!R&z1:4](-[O&D1&v2&H1&+0&!R:5])-[C@@&D3&v4&H1&+0&!R&z1:6](-[O&D1&v2&H1&+0&!R:7])-[C@&D3&v4&H1&+0&!R&z1:8](-[O&D1&v2&H1&+0&!R:9])-[C@&D3&v4&H1&+0&!R&z1:10](-[O&D1&v2&H1&+0&!R:11])-[C&D2&v4&H2&+0&!R&z1:12]>>[O&D0&v2&H2&+0&!R:7].[O&D1&v2&H0&+0&!R:1]=[C&D3&v4&H0&+0&!R&z2:2](-[O&D1&v2&H1&+0&!R:3])-[C&D3&v4&H0&+0&!R&z1:4](=[O&D1&v2&H0&+0&!R:5])-[C&D2&v4&H2&+0&!R&z0:6]-[C@&D3&v4&H1&+0&!R&z1:8](-[O&D1&v2&H1&+0&!R:9])-[C@&D3&v4&H1&+0&!R&z1:10](-[O&D1&v2&H1&+0&!R:11])-[C&D2&v4&H2&+0&!R&z1:12],[963],[1]
763,[O&D0&v2&H2&+0&!R:1].[O&D1&v2&H0&+0&!R:2]=[C&D3&v4&H0&+0&!R&z2:3](-[O&D1&v2&H1&+0&!R:4])-[C&D3&v4&H0&+0&!R&z1:5](=[O&D1&v2&H0&+0&!R:6])-[C&D2&v4&H2&+0&!R&z0:7]-[C@&D3&v4&H1&+0&!R&z1:8](-[O&D1&v2&H1&+0&!R:9])-[C@&D3&v4&H1&+0&!R&z1:10](-[O&D1&v2&H1&+0&!R:11])-[C&D2&v4&H2&+0&!R&z1:12]>>[O&D1&v2&H0&+0&!R:2]=[C&D3&v4&H0&+0&!R&z2:3](-[O&D1&v2&H1&+0&!R:4])-[C@&D3&v4&H1&+0&!R&z1:5](-[O&D1&v2&H1&+0&!R:6])-[C@@&D3&v4&H1&+0&!R&z1:7](-[O&D1&v2&H1&+0&!R:1])-[C@&D3&v4&H1&+0&!R&z1:8](-[O&D1&v2&H1&+0&!R:9])-[C@&D3&v4&H1&+0&!R&z1:10](-[O&D1&v2&H1&+0&!R:11])-[C&D2&v4&H2&+0&!R&z1:12],[963],[1]
764,[N&D1&v3&H0&+0&!R:1]#[C&D2&v4&H0&+0&!R&z1:2].[N&D3&v3&H0&+0&R:3]1-[C&D2&v4&H1&+0&R&z1:4]=[C&D2&v4&H1&+0&R&z0:5]-[C&D2&v4&H2&+0&R&z0:6]-[C&D3&v4&H0&+0&R&z0:7]=[C&D2&v4&H1&+0&R&z1:8]-1.[N&D3&v3&H0&+0&R:9]1-[C&D2&v4&H1&+0&R&z1:10]=[C&D2&v4&H1&+0&R&z0:11]-[C&D2&v4&H2&+0&R&z0:12]-[C&D3&v4&H0&+0&R&z0:13]=[C&D2&v4&H1&+0&R&z1:14]-1>>[N&D1&v3&H2&+0&!R:1]-[C&D2&v4&H2&+0&!R&z1:2].[n&D3&v4&H0&+&R:3]1:[c&D2&v4&H1&+0&R&z1:4]:[c&D2&v4&H1&+0&R&z0:5]:[c&D2&v4&H1&+0&R&z0:6]:[c&D3&v4&H0&+0&R&z0:7]:[c&D2&v4&H1&+0&R&z1:8]:1.[n&D3&v4&H0&+&R:9]1:[c&D2&v4&H1&+0&R&z1:10]:[c&D2&v4&H1&+0&R&z0:11]:[c&D2&v4&H1&+0&R&z0:12]:[c&D3&v4&H0&+0&R&z0:13]:[c&D2&v4&H1&+0&R&z1:14]:1,[967],[1]
765,[N&D1&v3&H2&+0&!R:1]-[C&D2&v4&H2&+0&!R&z1:2].[n&D3&v4&H0&+&R:3]1:[c&D2&v4&H1&+0&R&z1:4]:[c&D2&v4&H1&+0&R&z0:5]:[c&D2&v4&H1&+0&R&z0:6]:[c&D3&v4&H0&+0&R&z0:7]:[c&D2&v4&H1&+0&R&z1:8]:1.[n&D3&v4&H0&+&R:9]1:[c&D2&v4&H1&+0&R&z1:10]:[c&D2&v4&H1&+0&R&z0:11]:[c&D2&v4&H1&+0&R&z0:12]:[c&D3&v4&H0&+0&R&z0:13]:[c&D2&v4&H1&+0&R&z1:14]:1>>[N&D1&v3&H0&+0&!R:1]#[C&D2&v4&H0&+0&!R&z1:2].[N&D3&v3&H0&+0&R:3]1-[C&D2&v4&H1&+0&R&z1:4]=[C&D2&v4&H1&+0&R&z0:5]-[C&D2&v4&H2&+0&R&z0:6]-[C&D3&v4&H0&+0&R&z0:7]=[C&D2&v4&H1&+0&R&z1:8]-1.[N&D3&v3&H0&+0&R:9]1-[C&D2&v4&H1&+0&R&z1:10]=[C&D2&v4&H1&+0&R&z0:11]-[C&D2&v4&H2&+0&R&z0:12]-[C&D3&v4&H0&+0&R&z0:13]=[C&D2&v4&H1&+0&R&z1:14]-1,[967],[1]
766,([C&D2&v4&H2&+0&!R&z0:1]-[C&D2&v4&H2&+0&!R&z0:2].[C&D2&v4&H2&+0&!R&z0:3]-[C&D2&v4&H2&+0&!R&z0:4].[C&D2&v4&H2&+0&!R&z0:5]-[C&D2&v4&H2&+0&!R&z0:6].[C&D3&v4&H0&+0&!R&z0:7]-[C&D2&v4&H2&+0&!R&z0:8]-[C&D2&v4&H2&+0&!R&z0:9]-[C&D2&v4&H1&+0&!R&z0:10]).[n&D3&v3&H0&+0&R:11]1:[c&D3&v4&H0&+0&R&z2:12](:[n&D2&v3&H0&+0&R:13])-[c&D3&v4&H0&+0&R&z1:14]:[n&D2&v3&H0&+0&R:15]:[c&D3&v4&H0&+0&R&z1:16]:[c&D3&v4&H0&+0&R&z1:17]:1.[n&D3&v3&H0&+0&R:18]1:[c&D3&v4&H0&+0&R&z2:19](:[n&D2&v3&H0&+0&R:20])-[c&D3&v4&H0&+0&R&z1:21]:[n&D2&v3&H0&+0&R:22]:[c&D3&v4&H0&+0&R&z1:23]:[c&D3&v4&H0&+0&R&z1:24]:1.[n&D3&v3&H0&+0&R:25]1:[c&D3&v4&H0&+0&R&z2:26](:[n&D2&v3&H0&+0&R:27])-[c&D3&v4&H0&+0&R&z1:28]:[n&D2&v3&H0&+0&R:29]:[c&D3&v4&H0&+0&R&z1:30]:[c&D3&v4&H0&+0&R&z1:31]:1.[n&D3&v3&H0&+0&R:32]1:[c&D3&v4&H0&+0&R&z2:33](:[n&D2&v3&H0&+0&R:34])-[c&D3&v4&H0&+0&R&z1:35]:[n&D2&v3&H0&+0&R:36]:[c&D3&v4&H0&+0&R&z1:37]:[c&D3&v4&H0&+0&R&z1:38]:1>>([C&D2&v4&H1&+0&!R&z0:1]=[C&D2&v4&H1&+0&!R&z0:2].[C&D2&v4&H1&+0&!R&z0:3]=[C&D2&v4&H1&+0&!R&z0:4].[C&D2&v4&H1&+0&!R&z0:5]=[C&D2&v4&H1&+0&!R&z0:6].[C&D3&v4&H0&+0&!R&z0:7]/[C&D2&v4&H1&+0&!R&z0:8]=[C&D2&v4&H1&+0&!R&z0:9]/[C&D2&v4&H1&+0&!R&z0:10]).[N&D3&v3&H0&+0&R:11]1-[c&D3&v4&H0&+0&R&z1:17]:[c&D3&v4&H0&+0&R&z1:16]-[N&D2&v3&H1&+0&R:15]-[c&D3&v4&H0&+0&R&z1:14]:[c&D3&v4&H0&+0&R&z2:12]-1:[n&D2&v3&H1&+0&R:13].[N&D3&v3&H0&+0&R:18]1-[c&D3&v4&H0&+0&R&z1:24]:[c&D3&v4&H0&+0&R&z1:23]-[N&D2&v3&H1&+0&R:22]-[c&D3&v4&H0&+0&R&z1:21]:[c&D3&v4&H0&+0&R&z2:19]-1:[n&D2&v3&H1&+0&R:20].[N&D3&v3&H0&+0&R:25]1-[c&D3&v4&H0&+0&R&z1:31]:[c&D3&v4&H0&+0&R&z1:30]-[N&D2&v3&H1&+0&R:29]-[c&D3&v4&H0&+0&R&z1:28]:[c&D3&v4&H0&+0&R&z2:26]-1:[n&D2&v3&H1&+0&R:27].[N&D3&v3&H0&+0&R:32]1-[c&D3&v4&H0&+0&R&z1:38]:[c&D3&v4&H0&+0&R&z1:37]-[N&D2&v3&H1&+0&R:36]-[c&D3&v4&H0&+0&R&z1:35]:[c&D3&v4&H0&+0&R&z2:33]-1:[n&D2&v3&H1&+0&R:34],[969],[2]
767,([C&D2&v4&H1&+0&!R&z0:1]=[C&D2&v4&H1&+0&!R&z0:2].[C&D2&v4&H1&+0&!R&z0:3]=[C&D2&v4&H1&+0&!R&z0:4].[C&D2&v4&H1&+0&!R&z0:5]=[C&D2&v4&H1&+0&!R&z0:6].[C&D3&v4&H0&+0&!R&z0:7]/[C&D2&v4&H1&+0&!R&z0:8]=[C&D2&v4&H1&+0&!R&z0:9]/[C&D2&v4&H1&+0&!R&z0:10]).[N&D3&v3&H0&+0&R:11]1-[c&D3&v4&H0&+0&R&z1:12]:[c&D3&v4&H0&+0&R&z1:13]-[N&D2&v3&H1&+0&R:14]-[c&D3&v4&H0&+0&R&z1:15]:[c&D3&v4&H0&+0&R&z2:16]-1:[n&D2&v3&H1&+0&R:17].[N&D3&v3&H0&+0&R:18]1-[c&D3&v4&H0&+0&R&z1:19]:[c&D3&v4&H0&+0&R&z1:20]-[N&D2&v3&H1&+0&R:21]-[c&D3&v4&H0&+0&R&z1:22]:[c&D3&v4&H0&+0&R&z2:23]-1:[n&D2&v3&H1&+0&R:24].[N&D3&v3&H0&+0&R:25]1-[c&D3&v4&H0&+0&R&z1:26]:[c&D3&v4&H0&+0&R&z1:27]-[N&D2&v3&H1&+0&R:28]-[c&D3&v4&H0&+0&R&z1:29]:[c&D3&v4&H0&+0&R&z2:30]-1:[n&D2&v3&H1&+0&R:31].[N&D3&v3&H0&+0&R:32]1-[c&D3&v4&H0&+0&R&z1:33]:[c&D3&v4&H0&+0&R&z1:34]-[N&D2&v3&H1&+0&R:35]-[c&D3&v4&H0&+0&R&z1:36]:[c&D3&v4&H0&+0&R&z2:37]-1:[n&D2&v3&H1&+0&R:38]>>([C&D2&v4&H2&+0&!R&z0:1]-[C&D2&v4&H2&+0&!R&z0:2].[C&D2&v4&H2&+0&!R&z0:3]-[C&D2&v4&H2&+0&!R&z0:4].[C&D2&v4&H2&+0&!R&z0:5]-[C&D2&v4&H2&+0&!R&z0:6].[C&D3&v4&H0&+0&!R&z0:7]-[C&D2&v4&H2&+0&!R&z0:8]-[C&D2&v4&H2&+0&!R&z0:9]-[C&D2&v4&H1&+0&!R&z0:10]).[n&D3&v3&H0&+0&R:11]1:[c&D3&v4&H0&+0&R&z2:16](:[n&D2&v3&H0&+0&R:17])-[c&D3&v4&H0&+0&R&z1:15]:[n&D2&v3&H0&+0&R:14]:[c&D3&v4&H0&+0&R&z1:13]:[c&D3&v4&H0&+0&R&z1:12]:1.[n&D3&v3&H0&+0&R:18]1:[c&D3&v4&H0&+0&R&z2:23](:[n&D2&v3&H0&+0&R:24])-[c&D3&v4&H0&+0&R&z1:22]:[n&D2&v3&H0&+0&R:21]:[c&D3&v4&H0&+0&R&z1:20]:[c&D3&v4&H0&+0&R&z1:19]:1.[n&D3&v3&H0&+0&R:25]1:[c&D3&v4&H0&+0&R&z2:30](:[n&D2&v3&H0&+0&R:31])-[c&D3&v4&H0&+0&R&z1:29]:[n&D2&v3&H0&+0&R:28]:[c&D3&v4&H0&+0&R&z1:27]:[c&D3&v4&H0&+0&R&z1:26]:1.[n&D3&v3&H0&+0&R:32]1:[c&D3&v4&H0&+0&R&z2:37](:[n&D2&v3&H0&+0&R:38])-[c&D3&v4&H0&+0&R&z1:36]:[n&D2&v3&H0&+0&R:35]:[c&D3&v4&H0&+0&R&z1:34]:[c&D3&v4&H0&+0&R&z1:33]:1,[969],[2]
768,[*:1](~[H1@:2]~[H1@@:3]~[H1@:4]~[H1@@:5]~[O&D1&v2&H1&+0&!R:6])~[H1@@:7]~[H1@:8]~[H1@@:9]~[H1@@:10]~[*:11]~[*:12](~[O&D1&v2&H1&+0&!R:13])~[*:14]~[*:15]~[O&D1&v2&H1&+0&!R:16].[O&D2&v2&H0&+0&!R:17]-[C@@&D3&v4&H1&+0&R&z1:18]1-[C@&D3&v4&H1&+0&R&z1:19](-[O&D2&v2&H0&+0&!R:20])-[C@@&D3&v4&H1&+0&R&z1:21](-[N&D2&v3&H1&+0&!R:22])-[C@@&D3&v4&H1&+0&R&z2:23](-[O&D2&v2&H0&+0&!R:24]~[*:25](~[O&D1&v2&H1&+0&!R:26])~[*:27]~[*:28]~[O&D1&v2&H1&+0&!R:29])-[O&D2&v2&H0&+0&R:30]-[C@&D3&v4&H1&+0&R&z1:31]-1-[C&D2&v4&H2&+0&!R&z1:32]>>[*:1](~[H1@:2]~[H1@@:3]~[H1@:4]~[H1@@:5]~[O&D2&v2&H0&+0&!R:6]-[C&D3&v4&H1&+0&R&z2:23]1-[O&D2&v2&H0&+0&R:30]-[C@&D3&v4&H1&+0&R&z1:31](-[C&D2&v4&H2&+0&!R&z1:32])-[C@@&D3&v4&H1&+0&R&z1:18](-[O&D2&v2&H0&+0&!R:17])-[C@&D3&v4&H1&+0&R&z1:19](-[O&D2&v2&H0&+0&!R:20])-[C@@&D3&v4&H1&+0&R&z1:21]-1-[N&D2&v3&H1&+0&!R:22])~[H1@@:7]~[H1@:8]~[H1@@:9]~[H1@@:10]~[*:11]~[*:12](~[O&D1&v2&H1&+0&!R:13])~[*:14]~[*:15]~[O&D1&v2&H1&+0&!R:16].[*:28](~[O&D1&v2&H1&+0&!R:29])~[*:27]~[*:25](~[O&D1&v2&H1&+0&!R:24])~[O&D1&v2&H1&+0&!R:26],[970],[1]
769,[*:1](~[H1@:2]~[H1@@:3]~[H1@:4]~[H1@@:5]~[O&D2&v2&H0&+0&!R:6]-[C&D3&v4&H1&+0&R&z2:7]1-[O&D2&v2&H0&+0&R:8]-[C@&D3&v4&H1&+0&R&z1:9](-[C&D2&v4&H2&+0&!R&z1:10])-[C@@&D3&v4&H1&+0&R&z1:11](-[O&D2&v2&H0&+0&!R:12])-[C@&D3&v4&H1&+0&R&z1:13](-[O&D2&v2&H0&+0&!R:14])-[C@@&D3&v4&H1&+0&R&z1:15]-1-[N&D2&v3&H1&+0&!R:16])~[H1@@:17]~[H1@:18]~[H1@@:19]~[H1@@:20]~[*:21]~[*:22](~[O&D1&v2&H1&+0&!R:23])~[*:24]~[*:25]~[O&D1&v2&H1&+0&!R:26].[*:27](~[O&D1&v2&H1&+0&!R:28])~[*:29]~[*:30](~[O&D1&v2&H1&+0&!R:31])~[O&D1&v2&H1&+0&!R:32]>>[*:1](~[H1@:2]~[H1@@:3]~[H1@:4]~[H1@@:5]~[O&D1&v2&H1&+0&!R:6])~[H1@@:17]~[H1@:18]~[H1@@:19]~[H1@@:20]~[*:21]~[*:22](~[O&D1&v2&H1&+0&!R:23])~[*:24]~[*:25]~[O&D1&v2&H1&+0&!R:26].[O&D2&v2&H0&+0&!R:12]-[C@@&D3&v4&H1&+0&R&z1:11]1-[C@&D3&v4&H1&+0&R&z1:13](-[O&D2&v2&H0&+0&!R:14])-[C@@&D3&v4&H1&+0&R&z1:15](-[N&D2&v3&H1&+0&!R:16])-[C@@&D3&v4&H1&+0&R&z2:7](-[O&D2&v2&H0&+0&!R:31]~[*:30](~[O&D1&v2&H1&+0&!R:32])~[*:29]~[*:27]~[O&D1&v2&H1&+0&!R:28])-[O&D2&v2&H0&+0&R:8]-[C@&D3&v4&H1&+0&R&z1:9]-1-[C&D2&v4&H2&+0&!R&z1:10],[970],[1]
770,[O&D1&v2&H1&+0&!R:1].[O&D2&v2&H0&+0&!R:2]-[C@@&D3&v4&H1&+0&R&z1:3]1-[C@&D3&v4&H1&+0&R&z1:4](-[O&D2&v2&H0&+0&!R:5])-[C@@&D3&v4&H1&+0&R&z1:6](-[N&D2&v3&H1&+0&!R:7])-[C@@&D3&v4&H1&+0&R&z2:8](-[O&D2&v2&H0&+0&!R:9]~[*:10](~[O&D1&v2&H1&+0&!R:11])~[*:12]~[*:13]~[O&D1&v2&H1&+0&!R:14])-[O&D2&v2&H0&+0&R:15]-[C@&D3&v4&H1&+0&R&z1:16]-1-[C&D2&v4&H2&+0&!R&z1:17]>>[*:13](~[O&D1&v2&H1&+0&!R:14])~[*:12]~[*:10](~[O&D1&v2&H1&+0&!R:11])~[O&D1&v2&H1&+0&!R:9].[O&D2&v2&H0&+0&!R:1]-[C&D3&v4&H1&+0&R&z2:8]1-[O&D2&v2&H0&+0&R:15]-[C@&D3&v4&H1&+0&R&z1:16](-[C&D2&v4&H2&+0&!R&z1:17])-[C@@&D3&v4&H1&+0&R&z1:3](-[O&D2&v2&H0&+0&!R:2])-[C@&D3&v4&H1&+0&R&z1:4](-[O&D2&v2&H0&+0&!R:5])-[C@@&D3&v4&H1&+0&R&z1:6]-1-[N&D2&v3&H1&+0&!R:7],[970],[2]
771,[*:1](~[O&D1&v2&H1&+0&!R:2])~[*:3]~[*:4](~[O&D1&v2&H1&+0&!R:5])~[O&D1&v2&H1&+0&!R:6].[O&D2&v2&H0&+0&!R:7]-[C&D3&v4&H1&+0&R&z2:8]1-[O&D2&v2&H0&+0&R:9]-[C@&D3&v4&H1&+0&R&z1:10](-[C&D2&v4&H2&+0&!R&z1:11])-[C@@&D3&v4&H1&+0&R&z1:12](-[O&D2&v2&H0&+0&!R:13])-[C@&D3&v4&H1&+0&R&z1:14](-[O&D2&v2&H0&+0&!R:15])-[C@@&D3&v4&H1&+0&R&z1:16]-1-[N&D2&v3&H1&+0&!R:17]>>[O&D1&v2&H1&+0&!R:7].[O&D2&v2&H0&+0&!R:13]-[C@@&D3&v4&H1&+0&R&z1:12]1-[C@&D3&v4&H1&+0&R&z1:14](-[O&D2&v2&H0&+0&!R:15])-[C@@&D3&v4&H1&+0&R&z1:16](-[N&D2&v3&H1&+0&!R:17])-[C@@&D3&v4&H1&+0&R&z2:8](-[O&D2&v2&H0&+0&!R:6]~[*:4](~[O&D1&v2&H1&+0&!R:5])~[*:3]~[*:1]~[O&D1&v2&H1&+0&!R:2])-[O&D2&v2&H0&+0&R:9]-[C@&D3&v4&H1&+0&R&z1:10]-1-[C&D2&v4&H2&+0&!R&z1:11],[970],[2]
772,[C&D3&v4&H0&+0&!R&z2:1](=[O&D1&v2&H0&+0&!R:2])-[C&D2&v4&H2&+0&!R&z0:3]-[C@@&D3&v4&H1&+0&!R&z2:4](-[*:5])-[O&D1&v2&H1&+0&!R:6]>>[*:5]/[C&D2&v4&H1&+0&!R&z1:4]=[C&D2&v4&H1&+0&!R&z0:3]/[C&D3&v4&H0&+0&!R&z2:1]=[O&D1&v2&H0&+0&!R:2].[O&D0&v2&H2&+0&!R:6],[972],[1]
773,[*:1]/[C&D2&v4&H1&+0&!R&z1:2]=[C&D2&v4&H1&+0&!R&z0:3]/[C&D3&v4&H0&+0&!R&z2:4]=[O&D1&v2&H0&+0&!R:5].[O&D0&v2&H2&+0&!R:6]>>[C&D3&v4&H0&+0&!R&z2:4](=[O&D1&v2&H0&+0&!R:5])-[C&D2&v4&H2&+0&!R&z0:3]-[C@@&D3&v4&H1&+0&!R&z2:2](-[*:1])-[O&D1&v2&H1&+0&!R:6],[972],[1]
774,[C&D3&v4&H0&+0&!R&z1:1]=[O&D1&v2&H0&+0&!R:2].[N&D3&v3&H0&+0&R:3]1(~[H1@@:4]~[H1@:5]~[O&D1&v2&H1&+0&!R:6])-[C&D2&v4&H1&+0&R&z1:7]=[C&D2&v4&H1&+0&R&z0:8]-[C&D2&v4&H2&+0&R&z0:9]-[C&D3&v4&H0&+0&R&z0:10]=[C&D2&v4&H1&+0&R&z1:11]-1>>[C&D3&v4&H1&+0&!R&z1:1]-[O&D1&v2&H1&+0&!R:2].[n&D3&v4&H0&+&R:3]1(~[H1@@:4]~[H1@:5]~[O&D1&v2&H1&+0&!R:6]):[c&D2&v4&H1&+0&R&z1:7]:[c&D2&v4&H1&+0&R&z0:8]:[c&D2&v4&H1&+0&R&z0:9]:[c&D3&v4&H0&+0&R&z0:10]:[c&D2&v4&H1&+0&R&z1:11]:1,[974],[1]
775,[C&D3&v4&H1&+0&!R&z1:1]-[O&D1&v2&H1&+0&!R:2].[n&D3&v4&H0&+&R:3]1(~[H1@@:4]~[H1@:5]~[O&D1&v2&H1&+0&!R:6]):[c&D2&v4&H1&+0&R&z1:7]:[c&D2&v4&H1&+0&R&z0:8]:[c&D2&v4&H1&+0&R&z0:9]:[c&D3&v4&H0&+0&R&z0:10]:[c&D2&v4&H1&+0&R&z1:11]:1>>[C&D3&v4&H0&+0&!R&z1:1]=[O&D1&v2&H0&+0&!R:2].[N&D3&v3&H0&+0&R:3]1(~[H1@@:4]~[H1@:5]~[O&D1&v2&H1&+0&!R:6])-[C&D2&v4&H1&+0&R&z1:7]=[C&D2&v4&H1&+0&R&z0:8]-[C&D2&v4&H2&+0&R&z0:9]-[C&D3&v4&H0&+0&R&z0:10]=[C&D2&v4&H1&+0&R&z1:11]-1,[974],[1]
776,[*:1](~[H1@:2]~[H1@@:3]~[*:4]~[O&D1&v2&H1&+0&!R:5])~[*:6]~[O&D1&v2&H1&+0&!R:7].[P&D4&v5&H0&+0&!R:8](=[O&D1&v2&H0&+0&!R:9])-[O&D2&v2&H0&+0&!R:10]~[*:11](~[O&D1&v2&H0&+0&!R:12])~[*:13]~[*:14]~[O&D1&v2&H1&+0&!R:15]>>[*:1](~[H1@:2]~[H1@@:3]~[*:4]~[O&D2&v2&H0&+0&!R:5]-[P&D4&v5&H0&+0&!R:8]=[O&D1&v2&H0&+0&!R:9])~[*:6]~[O&D1&v2&H1&+0&!R:7].[*:14](~[O&D1&v2&H1&+0&!R:15])~[*:13]~[*:11](~[O&D1&v2&H0&+0&!R:12])~[O&D1&v2&H1&+0&!R:10],"[975, 975]","[6, 5]"
777,[*:1](~[H1@:2]~[H1@@:3]~[*:4]~[O&D2&v2&H0&+0&!R:5]-[P&D4&v5&H0&+0&!R:6]=[O&D1&v2&H0&+0&!R:7])~[*:8]~[O&D1&v2&H1&+0&!R:9].[*:10](~[O&D1&v2&H1&+0&!R:11])~[*:12]~[*:13](~[O&D1&v2&H0&+0&!R:14])~[O&D1&v2&H1&+0&!R:15]>>[*:1](~[H1@:2]~[H1@@:3]~[*:4]~[O&D1&v2&H1&+0&!R:5])~[*:8]~[O&D1&v2&H1&+0&!R:9].[P&D4&v5&H0&+0&!R:6](=[O&D1&v2&H0&+0&!R:7])-[O&D2&v2&H0&+0&!R:15]~[*:13](~[O&D1&v2&H0&+0&!R:14])~[*:12]~[*:10]~[O&D1&v2&H1&+0&!R:11],"[975, 975]","[6, 5]"
778,[*:1](~[H1@:2]~[H1@@:3]~[*:4]~[O&D1&v2&H1&+0&!R:5])~[*:6]~[O&D1&v2&H1&+0&!R:7].[P&D4&v5&H0&+0&!R:8](=[O&D1&v2&H0&+0&!R:9])-[O&D2&v2&H0&+0&!R:10]~[*:11](~[O&D1&v2&H0&+0&!R:12])~[*:13]~[*:14](~[O&D1&v2&H1&+0&!R:15])~[O&D1&v2&H1&+0&!R:16]>>[*:1](~[H1@:2]~[H1@@:3]~[*:4]~[O&D2&v2&H0&+0&!R:5]-[P&D4&v5&H0&+0&!R:8]=[O&D1&v2&H0&+0&!R:9])~[*:6]~[O&D1&v2&H1&+0&!R:7].[*:14](~[O&D1&v2&H1&+0&!R:15])(~[O&D1&v2&H1&+0&!R:16])~[*:13]~[*:11](~[O&D1&v2&H0&+0&!R:12])~[O&D1&v2&H1&+0&!R:10],[975],[4]
779,[*:1](~[H1@:2]~[H1@@:3]~[*:4]~[O&D2&v2&H0&+0&!R:5]-[P&D4&v5&H0&+0&!R:6]=[O&D1&v2&H0&+0&!R:7])~[*:8]~[O&D1&v2&H1&+0&!R:9].[*:10](~[O&D1&v2&H1&+0&!R:11])(~[O&D1&v2&H1&+0&!R:12])~[*:13]~[*:14](~[O&D1&v2&H0&+0&!R:15])~[O&D1&v2&H1&+0&!R:16]>>[*:1](~[H1@:2]~[H1@@:3]~[*:4]~[O&D1&v2&H1&+0&!R:5])~[*:8]~[O&D1&v2&H1&+0&!R:9].[P&D4&v5&H0&+0&!R:6](=[O&D1&v2&H0&+0&!R:7])-[O&D2&v2&H0&+0&!R:16]~[*:14](~[O&D1&v2&H0&+0&!R:15])~[*:13]~[*:10](~[O&D1&v2&H1&+0&!R:11])~[O&D1&v2&H1&+0&!R:12],[975],[4]
780,[C&D2&v4&H2&+0&!R&z0:1]-[C@@&D3&v4&H1&+0&!R&z1:2](-[N&D1&v3&H2&+0&!R:3])-[C&D3&v4&H0&+0&!R&z2:4].[O&D0&v2&H2&+0&!R:5].[n&D3&v3&H0&+0&R:6]1:[c&D3&v4&H0&+0&R&z2:7](:[n&D2&v3&H0&+0&R:8])-[c&D3&v4&H0&+0&R&z1:9]:[n&D2&v3&H0&+0&R:10]:[c&D3&v4&H0&+0&R&z1:11]:[c&D3&v4&H0&+0&R&z1:12]:1>>[C&D2&v4&H2&+0&!R&z0:1]-[C&D3&v4&H0&+0&!R&z1:2](=[O&D1&v2&H0&+0&!R:5])-[C&D3&v4&H0&+0&!R&z2:4].[N&D0&v3&H3&+0&!R:3].[N&D3&v3&H0&+0&R:6]1-[c&D3&v4&H0&+0&R&z1:12]:[c&D3&v4&H0&+0&R&z1:11]-[N&D2&v3&H1&+0&R:10]-[c&D3&v4&H0&+0&R&z1:9]:[c&D3&v4&H0&+0&R&z2:7]-1:[n&D2&v3&H1&+0&R:8],[978],[1]
781,[C&D2&v4&H2&+0&!R&z0:1]-[C&D3&v4&H0&+0&!R&z1:2](=[O&D1&v2&H0&+0&!R:3])-[C&D3&v4&H0&+0&!R&z2:4].[N&D0&v3&H3&+0&!R:5].[N&D3&v3&H0&+0&R:6]1-[c&D3&v4&H0&+0&R&z1:7]:[c&D3&v4&H0&+0&R&z1:8]-[N&D2&v3&H1&+0&R:9]-[c&D3&v4&H0&+0&R&z1:10]:[c&D3&v4&H0&+0&R&z2:11]-1:[n&D2&v3&H1&+0&R:12]>>[C&D2&v4&H2&+0&!R&z0:1]-[C@@&D3&v4&H1&+0&!R&z1:2](-[N&D1&v3&H2&+0&!R:5])-[C&D3&v4&H0&+0&!R&z2:4].[O&D0&v2&H2&+0&!R:3].[n&D3&v3&H0&+0&R:6]1:[c&D3&v4&H0&+0&R&z2:11](:[n&D2&v3&H0&+0&R:12])-[c&D3&v4&H0&+0&R&z1:10]:[n&D2&v3&H0&+0&R:9]:[c&D3&v4&H0&+0&R&z1:8]:[c&D3&v4&H0&+0&R&z1:7]:1,[978],[1]
782,[N&D1&v3&H2&+0&!R:1]-[c&D3&v4&H0&+0&R&z3:2].[N&D3&v3&H0&+0&R:3]1-[C&D2&v4&H1&+0&R&z1:4]=[C&D2&v4&H1&+0&R&z0:5]-[C&D2&v4&H2&+0&R&z0:6]-[C&D3&v4&H0&+0&R&z0:7]=[C&D2&v4&H1&+0&R&z1:8]-1>>[N&D0&v3&H3&+0&!R:1].[c&D2&v4&H1&+0&R&z2:2].[n&D3&v4&H0&+&R:3]1:[c&D2&v4&H1&+0&R&z1:4]:[c&D2&v4&H1&+0&R&z0:5]:[c&D2&v4&H1&+0&R&z0:6]:[c&D3&v4&H0&+0&R&z0:7]:[c&D2&v4&H1&+0&R&z1:8]:1,[982],[1]
783,[N&D0&v3&H3&+0&!R:1].[c&D2&v4&H1&+0&R&z2:2].[n&D3&v4&H0&+&R:3]1:[c&D2&v4&H1&+0&R&z1:4]:[c&D2&v4&H1&+0&R&z0:5]:[c&D2&v4&H1&+0&R&z0:6]:[c&D3&v4&H0&+0&R&z0:7]:[c&D2&v4&H1&+0&R&z1:8]:1>>[N&D1&v3&H2&+0&!R:1]-[c&D3&v4&H0&+0&R&z3:2].[N&D3&v3&H0&+0&R:3]1-[C&D2&v4&H1&+0&R&z1:4]=[C&D2&v4&H1&+0&R&z0:5]-[C&D2&v4&H2&+0&R&z0:6]-[C&D3&v4&H0&+0&R&z0:7]=[C&D2&v4&H1&+0&R&z1:8]-1,[982],[1]
784,[C&D4&v4&H0&+0&R&z2:1](-[O&D1&v2&H1&+0&!R:2])(-[C&D2&v4&H1&+0&R&z0:3]=[C&D2&v4&H1&+0&R&z0:4]-[c&D3&v4&H0&+0&R&z0:5])-[O&D2&v2&H0&+0&R:6]>>([C&D3&v4&H0&+0&!R&z1:1](=[O&D1&v2&H0&+0&!R:2])/[C&D2&v4&H1&+0&!R&z0:3]=[C&D2&v4&H1&+0&!R&z0:4]/[c&D3&v4&H0&+0&R&z0:5].[O&D1&v2&H1&+0&!R:6]),[983],[1]
785,([C&D3&v4&H0&+0&!R&z1:1](=[O&D1&v2&H0&+0&!R:2])/[C&D2&v4&H1&+0&!R&z0:3]=[C&D2&v4&H1&+0&!R&z0:4]/[c&D3&v4&H0&+0&R&z0:5].[O&D1&v2&H1&+0&!R:6])>>[C&D4&v4&H0&+0&R&z2:1](-[O&D1&v2&H1&+0&!R:2])(-[C&D2&v4&H1&+0&R&z0:3]=[C&D2&v4&H1&+0&R&z0:4]-[c&D3&v4&H0&+0&R&z0:5])-[O&D2&v2&H0&+0&R:6],[983],[1]
786,[O&D0&v2&H2&+0&!R:1].[O&D1&v2&H0&+0&!R:2]=[P&D3&v5&H1&+0&!R:3].[c&D3&v4&H0&+0&R&z0:4]1:[c&D2&v4&H1&+0&R&z0:5]:[c&D2&v4&H1&+0&R&z0:6]:[c&D2&v4&H1&+0&R&z1:7]:[n&D3&v4&H0&+&R:8]:[c&D2&v4&H1&+0&R&z1:9]:1>>[C&D3&v4&H0&+0&R&z0:4]1=[C&D2&v4&H1&+0&R&z1:9]-[N&D3&v3&H0&+0&R:8]-[C&D2&v4&H1&+0&R&z1:7]=[C&D2&v4&H1&+0&R&z0:6]-[C&D2&v4&H2&+0&R&z0:5]-1.[O&D1&v2&H0&+0&!R:2]=[P&D4&v5&H0&+0&!R:3]-[O&D1&v2&H1&+0&!R:1],[984],[1]
787,[C&D3&v4&H0&+0&R&z0:1]1=[C&D2&v4&H1&+0&R&z1:2]-[N&D3&v3&H0&+0&R:3]-[C&D2&v4&H1&+0&R&z1:4]=[C&D2&v4&H1&+0&R&z0:5]-[C&D2&v4&H2&+0&R&z0:6]-1.[O&D1&v2&H0&+0&!R:7]=[P&D4&v5&H0&+0&!R:8]-[O&D1&v2&H1&+0&!R:9]>>[O&D0&v2&H2&+0&!R:9].[O&D1&v2&H0&+0&!R:7]=[P&D3&v5&H1&+0&!R:8].[c&D3&v4&H0&+0&R&z0:1]1:[c&D2&v4&H1&+0&R&z0:6]:[c&D2&v4&H1&+0&R&z0:5]:[c&D2&v4&H1&+0&R&z1:4]:[n&D3&v4&H0&+&R:3]:[c&D2&v4&H1&+0&R&z1:2]:1,[984],[1]
788,[C&D3&v4&H0&+0&!R&z2:1](-[O&D1&v2&H1&+0&!R:2])-[c&D3&v4&H0&+0&R&z0:3]:[c&D3&v4&H0&+0&R&z1:4]-[O&D1&v2&H1&+0&!R:5]>>[C&D2&v4&H0&+0&!R&z2:1]=[O&D1&v2&H0&+0&!R:2].[O&D1&v2&H1&+0&!R:5]-[c&D3&v4&H0&+0&R&z1:4]:[c&D2&v4&H1&+0&R&z0:3],[992],[1]
789,[C&D2&v4&H0&+0&!R&z2:1]=[O&D1&v2&H0&+0&!R:2].[O&D1&v2&H1&+0&!R:3]-[c&D3&v4&H0&+0&R&z1:4]:[c&D2&v4&H1&+0&R&z0:5]>>[C&D3&v4&H0&+0&!R&z2:1](-[O&D1&v2&H1&+0&!R:2])-[c&D3&v4&H0&+0&R&z0:5]:[c&D3&v4&H0&+0&R&z1:4]-[O&D1&v2&H1&+0&!R:3],[992],[1]
790,[*:1](~[H1@@:2]~[*:3]~[O&D1&v2&H1&+0&!R:4])~[*:5]~[*:6]~[*:7]~[H1@@:8]~[*:9]~[*:10]~[C&D2&v4&H2&+0&!R&z1:11]-[C&D2&v4&H2&+0&!R&z1:12]-[O&D2&v2&H0&+0&!R:13]>>[C&D1&v4&H2&+0&!R&z0:12]=[C&D2&v4&H1&+0&!R&z1:11]~[*:10]~[*:9]~[H1@:8]~[*:7]~[*:6]~[*:5]~[*:1]~[H1@:2]~[*:3]~[O&D1&v2&H1&+0&!R:4].[O&D1&v2&H1&+0&!R:13],[993],[2]
791,[C&D1&v4&H2&+0&!R&z0:1]=[C&D2&v4&H1&+0&!R&z1:2]~[*:3]~[*:4]~[H1@:5]~[*:6]~[*:7]~[*:8]~[*:9]~[H1@:10]~[*:11]~[O&D1&v2&H1&+0&!R:12].[O&D1&v2&H1&+0&!R:13]>>[*:9](~[H1@@:10]~[*:11]~[O&D1&v2&H1&+0&!R:12])~[*:8]~[*:7]~[*:6]~[H1@@:5]~[*:4]~[*:3]~[C&D2&v4&H2&+0&!R&z1:2]-[C&D2&v4&H2&+0&!R&z1:1]-[O&D2&v2&H0&+0&!R:13],[993],[2]
792,[*:1](~[H1@@:2]~[*:3]~[O&D1&v2&H1&+0&!R:4])~[*:5]~[*:6]~[*:7]~[H1@@:8]~[*:9]~[S&D1&v2&H1&+0&!R:10].[C&D1&v4&H3&+0&!R&z0:11]-[C&D1&v4&H3&+0&!R&z0:12]>>[C&D0&v4&H4&+0&!R&z0:11].[C&D1&v4&H3&+0&!R&z1:12]-[S&D2&v2&H0&+0&!R:10]~[*:9]~[H1@:8]~[*:7]~[*:6]~[*:5]~[*:1]~[H1@:2]~[*:3]~[O&D1&v2&H1&+0&!R:4],[993],[1]
793,[C&D0&v4&H4&+0&!R&z0:1].[C&D1&v4&H3&+0&!R&z1:2]-[S&D2&v2&H0&+0&!R:3]~[*:4]~[H1@:5]~[*:6]~[*:7]~[*:8]~[*:9]~[H1@:10]~[*:11]~[O&D1&v2&H1&+0&!R:12]>>[*:9](~[H1@@:10]~[*:11]~[O&D1&v2&H1&+0&!R:12])~[*:8]~[*:7]~[*:6]~[H1@@:5]~[*:4]~[S&D1&v2&H1&+0&!R:3].[C&D1&v4&H3&+0&!R&z0:1]-[C&D1&v4&H3&+0&!R&z0:2],[993],[1]
794,[O&D0&v2&H2&+0&!R:1].[O&D2&v2&H0&+0&!R:2]-[P&D4&v5&H0&+0&!R:3](=[O&D1&v2&H0&+0&!R:4])(-[O&D1&v2&H1&+0&!R:5])~[*:6]~[*:7](~[O&D1&v2&H1&+0&!R:8])~[*:9]~[*:10]~[O&D1&v2&H1&+0&!R:11]>>[*:10](~[O&D1&v2&H1&+0&!R:11])~[*:9]~[*:7](~[O&D1&v2&H1&+0&!R:8])~[*:6]~[P&D4&v5&H0&+0&!R:3](=[O&D1&v2&H0&+0&!R:4])(-[O&D1&v2&H1&+0&!R:5])-[O&D1&v2&H1&+0&!R:1].[O&D1&v2&H1&+0&!R:2],[994],[1]
795,[*:1](~[O&D1&v2&H1&+0&!R:2])~[*:3]~[*:4](~[O&D1&v2&H1&+0&!R:5])~[*:6]~[P&D4&v5&H0&+0&!R:7](=[O&D1&v2&H0&+0&!R:8])(-[O&D1&v2&H1&+0&!R:9])-[O&D1&v2&H1&+0&!R:10].[O&D1&v2&H1&+0&!R:11]>>[O&D0&v2&H2&+0&!R:10].[O&D2&v2&H0&+0&!R:11]-[P&D4&v5&H0&+0&!R:7](=[O&D1&v2&H0&+0&!R:8])(-[O&D1&v2&H1&+0&!R:9])~[*:6]~[*:4](~[O&D1&v2&H1&+0&!R:5])~[*:3]~[*:1]~[O&D1&v2&H1&+0&!R:2],[994],[1]
796,[C&D1&v4&H3&+0&!R&z1:1]-[O&D1&v2&H1&+0&!R:2].[O&D1&v2&H0&+0&!R:3]~[*:4]~[*:5]:[n&D2&v3&H0&+0&R:6]:[c&D3&v4&H0&+0&R&z1:7]1:[c&D3&v4&H0&+0&R&z0:8]-[c&D3&v4&H0&+0&R&z1:9]:[c&D3&v4&H0&+0&R&z0:10]-[C&D3&v4&H0&+0&R&z1:11](-[C&D3&v4&H0&+0&R&z1:12]-1=[O&D1&v2&H0&+0&!R:13])=[O&D1&v2&H0&+0&!R:14]>>[C&D1&v4&H2&+0&!R&z1:1]=[O&D1&v2&H0&+0&!R:2].[O&D1&v2&H0&+0&!R:3]~[*:4]~[*:5]:[n&D2&v3&H0&+0&R:6]:[c&D3&v4&H0&+0&R&z1:7]1:[c&D3&v4&H0&+0&R&z0:8]:[c&D3&v4&H0&+0&R&z1:9]:[c&D3&v4&H0&+0&R&z0:10]:[c&D3&v4&H0&+0&R&z1:11](:[c&D3&v4&H0&+0&R&z1:12]:1-[O&D1&v2&H1&+0&!R:13])-[O&D1&v2&H1&+0&!R:14],"[997, 997, 997]","[1, 2, 3]"
797,[C&D1&v4&H2&+0&!R&z1:1]=[O&D1&v2&H0&+0&!R:2].[O&D1&v2&H0&+0&!R:3]~[*:4]~[*:5]:[n&D2&v3&H0&+0&R:6]:[c&D3&v4&H0&+0&R&z1:7]1:[c&D3&v4&H0&+0&R&z0:8]:[c&D3&v4&H0&+0&R&z1:9]:[c&D3&v4&H0&+0&R&z0:10]:[c&D3&v4&H0&+0&R&z1:11](:[c&D3&v4&H0&+0&R&z1:12]:1-[O&D1&v2&H1&+0&!R:13])-[O&D1&v2&H1&+0&!R:14]>>[C&D1&v4&H3&+0&!R&z1:1]-[O&D1&v2&H1&+0&!R:2].[O&D1&v2&H0&+0&!R:3]~[*:4]~[*:5]:[n&D2&v3&H0&+0&R:6]:[c&D3&v4&H0&+0&R&z1:7]1:[c&D3&v4&H0&+0&R&z0:8]-[c&D3&v4&H0&+0&R&z1:9]:[c&D3&v4&H0&+0&R&z0:10]-[C&D3&v4&H0&+0&R&z1:11](-[C&D3&v4&H0&+0&R&z1:12]-1=[O&D1&v2&H0&+0&!R:13])=[O&D1&v2&H0&+0&!R:14],"[997, 997, 997]","[1, 2, 3]"
798,[O&D1&v2&H1&+0&!R:1].[P&D4&v5&H0&+0&!R:2](=[O&D1&v2&H0&+0&!R:3])-[O&D2&v2&H0&+0&!R:4]-[S&D4&v6&H0&+0&!R:5]>>[O&D2&v2&H0&+0&!R:1]-[S&D4&v6&H0&+0&!R:5].[P&D4&v5&H0&+0&!R:2](=[O&D1&v2&H0&+0&!R:4])-[O&D1&v2&H1&+0&!R:3],[999],[1]
799,[O&D2&v2&H0&+0&!R:1]-[S&D4&v6&H0&+0&!R:2].[P&D4&v5&H0&+0&!R:3](=[O&D1&v2&H0&+0&!R:4])-[O&D1&v2&H1&+0&!R:5]>>[O&D1&v2&H1&+0&!R:1].[P&D4&v5&H0&+0&!R:3](=[O&D1&v2&H0&+0&!R:5])-[O&D2&v2&H0&+0&!R:4]-[S&D4&v6&H0&+0&!R:2],[999],[1]
800,[O&D1&v2&H1&+0&!R:1].[P&D4&v5&H0&+0&!R:2](-[O&D1&v2&H1&+0&!R:3])-[O&D2&v2&H0&+0&!R:4]~[*:5](~[O&D1&v2&H1&+0&!R:6])~[*:7]~[*:8]~[O&D1&v2&H1&+0&!R:9]>>[*:8](~[O&D1&v2&H1&+0&!R:9])~[*:7]~[*:5](~[O&D1&v2&H1&+0&!R:4])~[O&D1&v2&H1&+0&!R:6].[O&D2&v2&H0&+0&!R:1]-[P&D4&v5&H0&+0&!R:2]-[O&D1&v2&H1&+0&!R:3],[1000],[1]
801,[*:1](~[O&D1&v2&H1&+0&!R:2])~[*:3]~[*:4](~[O&D1&v2&H1&+0&!R:5])~[O&D1&v2&H1&+0&!R:6].[O&D2&v2&H0&+0&!R:7]-[P&D4&v5&H0&+0&!R:8]-[O&D1&v2&H1&+0&!R:9]>>[O&D1&v2&H1&+0&!R:7].[P&D4&v5&H0&+0&!R:8](-[O&D1&v2&H1&+0&!R:9])-[O&D2&v2&H0&+0&!R:5]~[*:4](~[O&D1&v2&H1&+0&!R:6])~[*:3]~[*:1]~[O&D1&v2&H1&+0&!R:2],[1000],[1]
802,[N&D1&v3&H2&+0&!R:1]~[*:2]~[C&D3&v4&H0&+0&!R&z2:3](=[O&D1&v2&H0&+0&!R:4])-[N&D3&v3&H0&+0&R:5].[O&D0&v2&H2&+0&!R:6]>>[N&D1&v3&H2&+0&!R:1]~[*:2]~[C&D3&v4&H0&+0&!R&z2:3](=[O&D1&v2&H0&+0&!R:4])-[O&D1&v2&H1&+0&!R:6].[N&D2&v3&H1&+0&R:5],[1001],[1]
803,[N&D1&v3&H2&+0&!R:1]~[*:2]~[C&D3&v4&H0&+0&!R&z2:3](=[O&D1&v2&H0&+0&!R:4])-[O&D1&v2&H1&+0&!R:5].[N&D2&v3&H1&+0&R:6]>>[N&D1&v3&H2&+0&!R:1]~[*:2]~[C&D3&v4&H0&+0&!R&z2:3](=[O&D1&v2&H0&+0&!R:4])-[N&D3&v3&H0&+0&R:6].[O&D0&v2&H2&+0&!R:5],[1001],[1]
804,[N&D1&v3&H2&+0&!R:1]-[C@@&D3&v4&H1&+0&!R&z1:2](-[C&D2&v4&H2&+0&!R&z0:3]-[C&D3&v4&H0&+0&!R&z2:4]=[O&D1&v2&H0&+0&!R:5])-[C&D3&v4&H0&+0&!R&z2:6]>>[C&D3&v4&H0&+0&!R&z2:6]/[C&D2&v4&H1&+0&!R&z0:2]=[C&D2&v4&H1&+0&!R&z0:3]/[C&D3&v4&H0&+0&!R&z2:4]=[O&D1&v2&H0&+0&!R:5].[N&D0&v3&H3&+0&!R:1],[1003],[1]
805,[C&D3&v4&H0&+0&!R&z2:1]/[C&D2&v4&H1&+0&!R&z0:2]=[C&D2&v4&H1&+0&!R&z0:3]/[C&D3&v4&H0&+0&!R&z2:4]=[O&D1&v2&H0&+0&!R:5].[N&D0&v3&H3&+0&!R:6]>>[N&D1&v3&H2&+0&!R:6]-[C@@&D3&v4&H1&+0&!R&z1:2](-[C&D2&v4&H2&+0&!R&z0:3]-[C&D3&v4&H0&+0&!R&z2:4]=[O&D1&v2&H0&+0&!R:5])-[C&D3&v4&H0&+0&!R&z2:1],[1003],[1]
806,[*:1](~[O&D1&v2&H1&+0&!R:2])~[*:3]~[*:4](~[O&D1&v2&H1&+0&!R:5])~[O&D2&v2&H0&+0&!R:6]-[P&D4&v5&H0&+0&!R:7](-[O&D1&v2&H1&+0&!R:8])-[O&D1&v2&H1&+0&!R:9].[*:10](~[O&D1&v2&H1&+0&!R:11])~[O&D1&v2&H1&+0&!R:12]>>[*:1](~[O&D1&v2&H1&+0&!R:2])~[*:3]~[*:4](~[O&D1&v2&H1&+0&!R:5])~[O&D1&v2&H1&+0&!R:6].[*:10](~[O&D1&v2&H1&+0&!R:12])~[O&D2&v2&H0&+0&!R:11]-[P&D4&v5&H0&+0&!R:7](-[O&D1&v2&H1&+0&!R:9])-[O&D1&v2&H1&+0&!R:8],[1004],[1]
807,[*:1](~[O&D1&v2&H1&+0&!R:2])~[*:3]~[*:4](~[O&D1&v2&H1&+0&!R:5])~[O&D1&v2&H1&+0&!R:6].[*:7](~[O&D1&v2&H1&+0&!R:8])~[O&D2&v2&H0&+0&!R:9]-[P&D4&v5&H0&+0&!R:10](-[O&D1&v2&H1&+0&!R:11])-[O&D1&v2&H1&+0&!R:12]>>[*:1](~[O&D1&v2&H1&+0&!R:2])~[*:3]~[*:4](~[O&D1&v2&H1&+0&!R:5])~[O&D2&v2&H0&+0&!R:6]-[P&D4&v5&H0&+0&!R:10](-[O&D1&v2&H1&+0&!R:12])-[O&D1&v2&H1&+0&!R:11].[*:7](~[O&D1&v2&H1&+0&!R:9])~[O&D1&v2&H1&+0&!R:8],[1004],[1]
