id,smarts,confidence
0,[C&D2&v4&H0&+0&!R&z2:1]#[N&D1&v3&H0&+0&!R:2].[O&D0&v2&H2&+0&!R:3]>>[C&D3&v4&H0&+0&!R&z3:1](-[N&D1&v3&H2&+0&!R:2])=[O&D1&v2&H0&+0&!R:3],549
1,[C&D2&v4&H0&+0&!R&z2:1]#[N&D1&v3&H0&+0&!R:2].[O&D0&v2&H2&+0&!R:3]>>[C&D2&v4&H1&+0&!R&z2:1]=[N&D2&v3&H0&+0&!R:2]-[O&D1&v2&H1&+0&!R:3],785
2,[O&D1&v2&H0&+0&!R:1]=[O&D1&v2&H0&+0&!R:2].[S&D1&v2&H1&+0&!R:3].[S&D1&v2&H1&+0&!R:4]>>[O&D1&v2&H1&+0&!R:1]-[O&D1&v2&H1&+0&!R:2].[S&D2&v2&H0&+0&!R:3]-[S&D2&v2&H0&+0&!R:4],747
3,[O&D1&v2&H1&+0&!R:1]-[O&D1&v2&H1&+0&!R:2].[S&D2&v2&H0&+0&!R:3]-[S&D2&v2&H0&+0&!R:4]>>[O&D1&v2&H0&+0&!R:1]=[O&D1&v2&H0&+0&!R:2].[S&D1&v2&H1&+0&!R:3].[S&D1&v2&H1&+0&!R:4],225
4,([C&D3&v4&H0&+0&!R&z1:1]=[C&D2&v4&H1&+0&!R&z0:2].[O&D1&v2&H1&+0&!R:3])>>[C&D3&v4&H1&+0&R&z1:2](-[O&D2&v2&H0&+0&R:3])-[C&D3&v4&H1&+0&R&z1:1],412
5,[C&D3&v4&H0&+0&!R&z2:1]=[N&D1&v3&H1&+0&!R:2].[O&D1&v2&H1&+0&!R:3]-[O&D1&v2&H1&+0&!R:4]>>[C&D3&v4&H1&+0&!R&z2:1]-[N&D1&v3&H2&+0&!R:2].[O&D1&v2&H0&+0&!R:3]=[O&D1&v2&H0&+0&!R:4],680
6,[O&D0&v2&H2&+0&!R:1].[S&D2&v2&H0&+0&!R:2]-[C&D3&v4&H1&+0&R&z2:3]>>[C&D3&v4&H1&+0&R&z2:3]-[O&D1&v2&H1&+0&!R:1].[S&D1&v2&H1&+0&!R:2],139
7,[C&D3&v4&H0&+0&!R&z2:1]=[O&D1&v2&H0&+0&!R:2].[C&D3&v4&H0&+0&R&z0:3]1=[C&D2&v4&H1&+0&R&z1:4]-[N&D3&v3&H0&+0&R:5]-[C&D2&v4&H1&+0&R&z1:6]=[C&D2&v4&H1&+0&R&z0:7]-[C&D2&v4&H2&+0&R&z0:8]-1>>[C&D3&v4&H1&+0&!R&z2:1]-[O&D1&v2&H1&+0&!R:2].[c&D3&v4&H0&+0&R&z0:3]1:[c&D2&v4&H1&+0&R&z0:8]:[c&D2&v4&H1&+0&R&z0:7]:[c&D2&v4&H1&+0&R&z1:6]:[n&D3&v4&H0&+&R:5]:[c&D2&v4&H1&+0&R&z1:4]:1,559
8,[N&D1&v3&H2&+0&!R:1].[N&D2&v3&H1&+0&!R:2]-[C&D3&v4&H0&+0&!R&z2:3]=[O&D1&v2&H0&+0&!R:4]>>[N&D1&v3&H2&+0&!R:2].[N&D2&v3&H1&+0&!R:1]-[C&D3&v4&H0&+0&!R&z2:3]=[O&D1&v2&H0&+0&!R:4],316
9,[N&D1&v3&H2&+0&!R:1].[O&D2&v2&H0&+0&!R:2]-[C&D3&v4&H0&+0&!R&z2:3]=[O&D1&v2&H0&+0&!R:4]>>[N&D2&v3&H1&+0&!R:1]-[C&D3&v4&H0&+0&!R&z2:3]=[O&D1&v2&H0&+0&!R:4].[O&D1&v2&H1&+0&!R:2],175
10,[C&D3&v4&H0&+0&!R&z2:1](=[O&D1&v2&H0&+0&!R:2])-[S&D2&v2&H0&+0&!R:3].[N&D1&v3&H2&+0&!R:4]>>[N&D2&v3&H1&+0&!R:4]-[C&D3&v4&H0&+0&!R&z2:1]=[O&D1&v2&H0&+0&!R:2].[S&D1&v2&H1&+0&!R:3],347
11,[C&D3&v4&H0&+0&!R&z2:1](=[O&D1&v2&H0&+0&!R:2])-[O&D1&v2&H1&+0&!R:3].[N&D1&v3&H2&+0&!R:4]>>[N&D2&v3&H1&+0&!R:4]-[C&D3&v4&H0&+0&!R&z2:1]=[O&D1&v2&H0&+0&!R:2].[O&D0&v2&H2&+0&!R:3],175
12,[N&D2&v3&H1&+0&!R:1]-[C&D3&v4&H0&+0&!R&z2:2]=[O&D1&v2&H0&+0&!R:3].[S&D1&v2&H1&+0&!R:4]>>[C&D3&v4&H0&+0&!R&z2:2](=[O&D1&v2&H0&+0&!R:3])-[S&D2&v2&H0&+0&!R:4].[N&D1&v3&H2&+0&!R:1],124
13,[N&D2&v3&H1&+0&!R:1]-[C&D3&v4&H0&+0&!R&z2:2]=[O&D1&v2&H0&+0&!R:3].[O&D1&v2&H1&+0&!R:4]>>[N&D1&v3&H2&+0&!R:1].[O&D2&v2&H0&+0&!R:4]-[C&D3&v4&H0&+0&!R&z2:2]=[O&D1&v2&H0&+0&!R:3],587
14,[N&D2&v3&H1&+0&!R:1]-[C&D3&v4&H0&+0&!R&z2:2]=[O&D1&v2&H0&+0&!R:3].[O&D0&v2&H2&+0&!R:4]>>[C&D3&v4&H0&+0&!R&z2:2](=[O&D1&v2&H0&+0&!R:3])-[O&D1&v2&H1&+0&!R:4].[N&D1&v3&H2&+0&!R:1],587
15,[C&D3&v4&H0&+0&!R&z2:1]=[O&D1&v2&H0&+0&!R:2].[C&D3&v4&H1&+0&!R&z1:3]-[N&D1&v3&H2&+0&!R:4]>>[C&D3&v4&H0&+0&!R&z1:3]=[O&D1&v2&H0&+0&!R:2].[C&D3&v4&H1&+0&!R&z2:1]-[N&D1&v3&H2&+0&!R:4],103
16,[C&D3&v4&H0&+0&!R&z2:1]=[O&D1&v2&H0&+0&!R:2].[N&D1&v3&H2&+0&!R:3]-[C&D3&v4&H1&+0&!R&z1:4]>>[C&D3&v4&H0&+0&!R&z1:4]=[O&D1&v2&H0&+0&!R:2].[C&D3&v4&H1&+0&!R&z2:1]-[N&D1&v3&H2&+0&!R:3],103
17,[C&D3&v4&H0&+0&!R&z2:1]=[O&D1&v2&H0&+0&!R:2].[N&D1&v3&H2&+0&!R:3]-[C&D2&v4&H2&+0&!R&z1:4]>>[C&D3&v4&H1&+0&!R&z2:1]-[N&D1&v3&H2&+0&!R:3].[O&D1&v2&H0&+0&!R:2]=[C&D2&v4&H1&+0&!R&z1:4],103
18,[N&D3&v3&H0&+0&!R:1](-[C&D1&v4&H3&+0&!R&z1:2])-[C&D1&v4&H3&+0&!R&z1:3].[S&D2&v2&H0&+0&!R:4].[S&D2&v2&H0&+0&!R:5]>>[C&D1&v4&H3&+0&!R&z1:2]-[S&D3&v3&H0&+&!R:4].[C&D1&v4&H3&+0&!R&z1:3]-[S&D3&v3&H0&+&!R:5].[N&D1&v3&H2&+0&!R:1],826
19,[C&D1&v4&H3&+0&!R&z1:1]-[S&D3&v3&H0&+&!R:2].[C&D1&v4&H3&+0&!R&z1:3]-[S&D3&v3&H0&+&!R:4].[N&D1&v3&H2&+0&!R:5]>>[N&D3&v3&H0&+0&!R:5](-[C&D1&v4&H3&+0&!R&z1:1])-[C&D1&v4&H3&+0&!R&z1:3].[S&D2&v2&H0&+0&!R:2].[S&D2&v2&H0&+0&!R:4],594
20,[C&D1&v4&H3&+0&!R&z1:1]-[S&D3&v3&H0&+&!R:2].[N&D3&v3&H0&+0&!R:3]>>[N&D4&v4&H0&+&!R:3]-[C&D1&v4&H3&+0&!R&z1:1].[S&D2&v2&H0&+0&!R:2],798
21,[N&D3&v3&H0&+0&!R:1]-[C&D1&v4&H3&+0&!R&z1:2].[S&D2&v2&H0&+0&!R:3]>>[C&D1&v4&H3&+0&!R&z1:2]-[S&D3&v3&H0&+&!R:3].[N&D2&v3&H1&+0&!R:1],573
22,[C&D1&v4&H3&+0&!R&z1:1]-[S&D3&v3&H0&+&!R:2].[N&D1&v3&H2&+0&!R:3]>>[N&D2&v3&H1&+0&!R:3]-[C&D1&v4&H3&+0&!R&z1:1].[S&D2&v2&H0&+0&!R:2],208
23,[C&D1&v4&H3&+0&!R&z1:1]-[S&D3&v3&H0&+&!R:2].[N&D2&v3&H1&+0&!R:3]>>[N&D3&v3&H0&+0&!R:3]-[C&D1&v4&H3&+0&!R&z1:1].[S&D2&v2&H0&+0&!R:2],208
24,[N&D2&v3&H1&+0&!R:1]-[C&D1&v4&H3&+0&!R&z1:2].[S&D2&v2&H0&+0&!R:3]>>[C&D1&v4&H3&+0&!R&z1:2]-[S&D3&v3&H0&+&!R:3].[N&D1&v3&H2&+0&!R:1],573
25,[N&D4&v4&H0&+&!R:1]-[C&D1&v4&H3&+0&!R&z1:2].[S&D2&v2&H0&+0&!R:3]>>[C&D1&v4&H3&+0&!R&z1:2]-[S&D3&v3&H0&+&!R:3].[N&D3&v3&H0&+0&!R:1],469
26,[C&D1&v4&H3&+0&!R&z1:1]-[S&D3&v3&H0&+&!R:2].[N&D2&v3&H1&+0&R:3]>>[N&D3&v3&H0&+0&R:3]-[C&D1&v4&H3&+0&!R&z1:1].[S&D2&v2&H0&+0&!R:2],208
27,[C&D1&v4&H3&+0&!R&z1:1]-[S&D3&v3&H0&+&!R:2].[N&D3&v3&H0&+0&R:3]>>[N&D4&v4&H0&+&R:3]-[C&D1&v4&H3&+0&!R&z1:1].[S&D2&v2&H0&+0&!R:2],798
28,[N&D3&v3&H0&+0&R:1]-[C&D1&v4&H3&+0&!R&z1:2].[S&D2&v2&H0&+0&!R:3]>>[C&D1&v4&H3&+0&!R&z1:2]-[S&D3&v3&H0&+&!R:3].[N&D2&v3&H1&+0&R:1],573
29,[N&D4&v4&H0&+&R:1]-[C&D1&v4&H3&+0&!R&z1:2].[S&D2&v2&H0&+0&!R:3]>>[C&D1&v4&H3&+0&!R&z1:2]-[S&D3&v3&H0&+&!R:3].[N&D3&v3&H0&+0&R:1],469
30,[N&D2&v3&H1&+0&!R:1]-[C&D2&v4&H1&+0&!R&z2:2]=[O&D1&v2&H0&+0&!R:3].[O&D0&v2&H2&+0&!R:4]>>[N&D1&v3&H2&+0&!R:1].[O&D1&v2&H0&+0&!R:3]=[C&D2&v4&H1&+0&!R&z2:2]-[O&D1&v2&H1&+0&!R:4],587
31,[C&D3&v4&H0&+0&!R&z2:1](=[O&D1&v2&H0&+0&!R:2])-[O&D1&v2&H1&+0&!R:3].[N&D0&v3&H3&+0&!R:4]>>[C&D3&v4&H0&+0&!R&z2:1](-[N&D1&v3&H2&+0&!R:4])=[O&D1&v2&H0&+0&!R:2].[O&D0&v2&H2&+0&!R:3],175
32,[C&D3&v4&H0&+0&!R&z2:1](-[N&D1&v3&H2&+0&!R:2])=[O&D1&v2&H0&+0&!R:3].[O&D0&v2&H2&+0&!R:4]>>[C&D3&v4&H0&+0&!R&z2:1](=[O&D1&v2&H0&+0&!R:3])-[O&D1&v2&H1&+0&!R:4].[N&D0&v3&H3&+0&!R:2],587
33,([C&D3&v4&H0&+0&!R&z2:1](-[N&D1&v3&H2&+0&!R:2])=[O&D1&v2&H0&+0&!R:3].[N&D1&v3&H2&+0&!R:4])>>[C&D3&v4&H0&+0&R&z2:1](=[O&D1&v2&H0&+0&!R:3])-[N&D2&v3&H1&+0&R:4].[N&D0&v3&H3&+0&!R:2],639
34,[N&D1&v3&H2&+0&!R:1].[O&D1&v2&H0&+0&!R:2]=[C&D2&v4&H1&+0&!R&z2:3]-[O&D1&v2&H1&+0&!R:4]>>[N&D2&v3&H1&+0&!R:1]-[C&D2&v4&H1&+0&!R&z2:3]=[O&D1&v2&H0&+0&!R:2].[O&D0&v2&H2&+0&!R:4],175
35,[S&D3&v4&H0&+0&!R:1](=[O&D1&v2&H0&+0&!R:2])-[O&D1&v2&H1&+0&!R:3]>>[O&D1&v2&H0&+0&!R:2]=[O&D1&v2&H0&+0&!R:3].[S&D1&v2&H1&+0&!R:1],611
36,[C&D3&v4&H0&+0&!R&z2:1](=[O&D1&v2&H0&+0&!R:2])-[O&D2&v2&H0&+0&!R:3].[N&D1&v3&H2&+0&!R:4]>>[C&D3&v4&H0&+0&!R&z2:1](=[O&D1&v2&H0&+0&!R:2])-[N&D2&v3&H1&+0&!R:4].[O&D1&v2&H1&+0&!R:3],175
37,[O&D1&v2&H0&+0&!R:1]=[O&D1&v2&H0&+0&!R:2].[S&D1&v2&H1&+0&!R:3]>>[S&D3&v4&H0&+0&!R:3](=[O&D1&v2&H0&+0&!R:1])-[O&D1&v2&H1&+0&!R:2],852
38,[C&D3&v4&H0&+0&!R&z2:1]-[O&D1&v2&H1&+0&!R:2].[C&D3&v4&H1&+0&R&z1:3]-[O&D1&v2&H1&+0&!R:4].[O&D1&v2&H0&+0&!R:5]=[C&D2&v4&H0&+0&!R&z2:6]>>[C&D2&v4&H2&+0&R&z0:3].[C&D3&v4&H0&+0&!R&z1:1]-[C&D3&v4&H0&+0&!R&z2:6]-[O&D1&v2&H1&+0&!R:5].[O&D1&v2&H0&+0&!R:4]=[O&D1&v2&H0&+0&!R:2],261
39,[C&D2&v4&H2&+0&R&z0:1].[C&D3&v4&H0&+0&!R&z1:2]-[C&D3&v4&H0&+0&!R&z2:3]-[O&D1&v2&H1&+0&!R:4].[O&D1&v2&H0&+0&!R:5]=[O&D1&v2&H0&+0&!R:6]>>[C&D3&v4&H0&+0&!R&z2:2]-[O&D1&v2&H1&+0&!R:6].[C&D3&v4&H1&+0&R&z1:1]-[O&D1&v2&H1&+0&!R:5].[O&D1&v2&H0&+0&!R:4]=[C&D2&v4&H0&+0&!R&z2:3],298
40,[C&D3&v4&H1&+0&R&z2:1]-[O&D2&v2&H0&+0&!R:2].[O&D1&v2&H1&+0&!R:3]>>[O&D1&v2&H1&+0&!R:2].[O&D2&v2&H0&+0&!R:3]-[C&D3&v4&H1&+0&R&z2:1],517
41,[O&D1&v2&H1&+0&!R:1].[O&D2&v2&H0&+0&!R:2]-[C&D3&v4&H1&+0&R&z2:3]>>[O&D1&v2&H1&+0&!R:2].[O&D2&v2&H0&+0&!R:1]-[C&D3&v4&H1&+0&R&z2:3],517
42,[O&D1&v2&H1&+0&!R:1].[O&D2&v2&H0&+0&!R:2]-[C&D3&v4&H1&+0&R&z2:3]>>[C&D3&v4&H1&+0&R&z2:3]-[O&D2&v2&H0&+0&!R:1].[O&D1&v2&H1&+0&!R:2],517
43,[C&D3&v4&H1&+0&R&z1:1]-[N&D2&v3&H1&+0&R:2].[N&D0&v3&H3&+0&!R:3]>>([C&D3&v4&H1&+0&!R&z1:1]-[N&D1&v3&H2&+0&!R:3].[N&D1&v3&H2&+0&!R:2]),20
44,[C&D3&v4&H0&+0&!R&z2:1](=[O&D1&v2&H0&+0&!R:2])-[S&D2&v2&H0&+0&!R:3].[N&D2&v3&H1&+0&R:4]>>[N&D3&v3&H0&+0&R:4]-[C&D3&v4&H0&+0&!R&z2:1]=[O&D1&v2&H0&+0&!R:2].[S&D1&v2&H1&+0&!R:3],347
45,[N&D3&v3&H0&+0&R:1]-[C&D3&v4&H0&+0&!R&z2:2].[S&D1&v2&H1&+0&!R:3]>>[C&D3&v4&H0&+0&!R&z2:2]-[S&D2&v2&H0&+0&!R:3].[N&D2&v3&H1&+0&R:1],124
46,[C&D3&v4&H0&+0&!R&z2:1]-[O&D1&v2&H1&+0&!R:2].[S&D2&v2&H0&+0&!R:3]-[C&D3&v4&H0&+0&!R&z2:4]>>[C&D3&v4&H0&+0&!R&z2:4]-[O&D1&v2&H1&+0&!R:2].[C&D3&v4&H0&+0&!R&z2:1]-[S&D2&v2&H0&+0&!R:3],145
47,[C&D3&v4&H0&+0&!R&z2:1](=[O&D1&v2&H0&+0&!R:2])-[O&D2&v2&H0&+0&!R:3].[S&D1&v2&H1&+0&!R:4]>>[O&D1&v2&H1&+0&!R:3].[S&D2&v2&H0&+0&!R:4]-[C&D3&v4&H0&+0&!R&z2:1]=[O&D1&v2&H0&+0&!R:2],849
48,[C&D3&v4&H0&+0&!R&z2:1]-[C&D2&v4&H2&+0&!R&z0:2].[O&D1&v2&H0&+0&!R:3]=[C&D2&v4&H0&+0&!R&z2:4].[S&D1&v2&H1&+0&!R:5]>>[C&D2&v4&H2&+0&!R&z0:2]-[C&D3&v4&H0&+0&!R&z2:4]-[O&D1&v2&H1&+0&!R:3].[C&D3&v4&H0&+0&!R&z3:1]-[S&D2&v2&H0&+0&!R:5],567
49,[C&D3&v4&H0&+0&!R&z2:1]-[C&D2&v4&H2&+0&!R&z0:2].[S&D1&v2&H1&+0&!R:3]>>[C&D1&v4&H3&+0&!R&z0:2].[C&D3&v4&H0&+0&!R&z3:1]-[S&D2&v2&H0&+0&!R:3],787
50,[C&D3&v4&H0&+0&!R&z2:1]-[O&D1&v2&H1&+0&!R:2].[C&D3&v4&H0&+0&!R&z2:3]-[S&D2&v2&H0&+0&!R:4]>>[C&D3&v4&H0&+0&!R&z2:3]-[O&D1&v2&H1&+0&!R:2].[S&D2&v2&H0&+0&!R:4]-[C&D3&v4&H0&+0&!R&z2:1],145
51,[C&D3&v4&H0&+0&!R&z2:1](=[O&D1&v2&H0&+0&!R:2])-[O&D1&v2&H1&+0&!R:3].[N&D1&v3&H2&+0&!R:4]>>[C&D3&v4&H0&+0&!R&z2:1](=[O&D1&v2&H0&+0&!R:2])-[N&D2&v3&H1&+0&!R:4].[O&D0&v2&H2&+0&!R:3],175
52,[C&D3&v4&H0&+0&!R&z3:1]-[N&D2&v3&H1&+0&!R:2].[O&D0&v2&H2&+0&!R:3]>>[C&D3&v4&H0&+0&!R&z3:1]-[O&D1&v2&H1&+0&!R:3].[N&D1&v3&H2&+0&!R:2],587
53,[C&D3&v4&H0&+0&!R&z3:1]-[N&D2&v3&H1&+0&!R:2].[S&D1&v2&H1&+0&!R:3]>>[C&D3&v4&H0&+0&!R&z3:1]-[S&D2&v2&H0&+0&!R:3].[N&D1&v3&H2&+0&!R:2],124
54,[C&D2&v4&H2&+0&!R&z1:1]-[O&D1&v2&H1&+0&!R:2].[P&D4&v5&H0&+0&!R:3]-[O&D2&v2&H0&+0&!R:4]>>[C&D2&v4&H2&+0&!R&z1:1]-[O&D2&v2&H0&+0&!R:4].[P&D4&v5&H0&+0&!R:3]-[O&D1&v2&H1&+0&!R:2],994
55,[C&D2&v4&H2&+0&!R&z1:1]-[O&D2&v2&H0&+0&!R:2].[P&D4&v5&H0&+0&!R:3]-[O&D1&v2&H1&+0&!R:4]>>[C&D2&v4&H2&+0&!R&z1:1]-[O&D1&v2&H1&+0&!R:4].[P&D4&v5&H0&+0&!R:3]-[O&D2&v2&H0&+0&!R:2],994
56,([C&D2&v4&H1&+0&!R&z1:1]=[O&D1&v2&H0&+0&!R:2].[C&D3&v4&H1&+0&!R&z1:3]-[O&D1&v2&H1&+0&!R:4])>>[C&D3&v4&H1&+0&R&z2:1](-[O&D1&v2&H1&+0&!R:4])-[O&D2&v2&H0&+0&R:2]-[C&D3&v4&H1&+0&R&z1:3],173
57,[O&D1&v2&H1&+0&!R:1].[O&D2&v2&H0&+0&!R:2]-[P&D4&v5&H0&+0&!R:3]>>[O&D1&v2&H1&+0&!R:2].[O&D2&v2&H0&+0&!R:1]-[P&D4&v5&H0&+0&!R:3],637
58,[C&D2&v4&H2&+0&!R&z1:1]-[O&D1&v2&H1&+0&!R:2].[O&D1&v2&H1&+0&!R:3]>>[C&D2&v4&H2&+0&!R&z1:1]-[O&D2&v2&H0&+0&!R:3].[O&D0&v2&H2&+0&!R:2],517
59,[C&D3&v4&H0&+0&!R&z0:1]-[C&D1&v4&H3&+0&!R&z0:2].[S&D2&v2&H0&+0&!R:3]>>[C&D1&v4&H3&+0&!R&z1:2]-[S&D3&v3&H0&+&!R:3].[C&D2&v4&H1&+0&!R&z0:1],371
60,[C&D1&v4&H3&+0&!R&z1:1]-[S&D3&v3&H0&+&!R:2].[C&D2&v4&H1&+0&!R&z0:3]>>[C&D3&v4&H0&+0&!R&z0:3]-[C&D1&v4&H3&+0&!R&z0:1].[S&D2&v2&H0&+0&!R:2],588
61,[C&D2&v4&H2&+0&!R&z1:1]-[O&D1&v2&H1&+0&!R:2].[P&D4&v5&H0&+0&!R:3]-[O&D1&v2&H1&+0&!R:4].[P&D4&v5&H0&+0&!R:5]-[O&D1&v2&H1&+0&!R:6]>>[C&D2&v4&H2&+0&!R&z1:1]-[O&D1&v2&H1&+0&!R:6].[O&D0&v2&H2&+0&!R:2].[P&D4&v5&H0&+0&!R:3]-[O&D2&v2&H0&+0&!R:4]-[P&D4&v5&H0&+0&!R:5],607
62,[C&D2&v4&H2&+0&!R&z1:1]-[O&D1&v2&H1&+0&!R:2].[O&D0&v2&H2&+0&!R:3].[P&D4&v5&H0&+0&!R:4]-[O&D2&v2&H0&+0&!R:5]>>[C&D2&v4&H2&+0&!R&z1:1]-[O&D1&v2&H1&+0&!R:3].[O&D1&v2&H1&+0&!R:5].[P&D4&v5&H0&+0&!R:4]-[O&D1&v2&H1&+0&!R:2],228
63,[C&D3&v4&H1&+0&R&z1:1]-[O&D1&v2&H1&+0&!R:2].[O&D1&v2&H1&+0&!R:3]>>[C&D3&v4&H1&+0&R&z1:1]-[O&D2&v2&H0&+0&!R:3].[O&D0&v2&H2&+0&!R:2],517
64,[C&D2&v4&H2&+0&!R&z1:1]-[O&D2&v2&H0&+0&!R:2].[O&D0&v2&H2&+0&!R:3]>>[C&D2&v4&H2&+0&!R&z1:1]-[O&D1&v2&H1&+0&!R:3].[O&D1&v2&H1&+0&!R:2],517
65,[C&D4&v4&H0&+0&R&z2:1]-[O&D2&v2&H0&+0&!R:2].[O&D1&v2&H1&+0&!R:3]>>[O&D1&v2&H1&+0&!R:2].[O&D2&v2&H0&+0&!R:3]-[C&D4&v4&H0&+0&R&z2:1],517
66,[C&D3&v4&H1&+0&R&z1:1]-[O&D1&v2&H1&+0&!R:2].[P&D4&v5&H0&+0&!R:3]-[O&D2&v2&H0&+0&!R:4]>>[C&D3&v4&H1&+0&R&z1:1]-[O&D2&v2&H0&+0&!R:4].[P&D4&v5&H0&+0&!R:3]-[O&D1&v2&H1&+0&!R:2],994
67,[O&D1&v2&H1&+0&!R:1].[O&D2&v2&H0&+0&!R:2]-[C&D4&v4&H0&+0&R&z2:3]>>[C&D4&v4&H0&+0&R&z2:3]-[O&D2&v2&H0&+0&!R:1].[O&D1&v2&H1&+0&!R:2],517
68,[C&D3&v4&H1&+0&R&z1:1]-[O&D2&v2&H0&+0&!R:2].[P&D4&v5&H0&+0&!R:3]-[O&D1&v2&H1&+0&!R:4]>>[C&D3&v4&H1&+0&R&z1:1]-[O&D1&v2&H1&+0&!R:4].[P&D4&v5&H0&+0&!R:3]-[O&D2&v2&H0&+0&!R:2],994
69,[C&D3&v4&H1&+0&R&z1:1]-[O&D2&v2&H0&+0&!R:2].[O&D0&v2&H2&+0&!R:3]>>[C&D3&v4&H1&+0&R&z1:1]-[O&D1&v2&H1&+0&!R:3].[O&D1&v2&H1&+0&!R:2],517
70,([O&D1&v2&H1&+0&!R:1].[O&D2&v2&H0&+0&!R:2]-[C&D3&v4&H0&+0&!R&z2:3])>>([O&D1&v2&H1&+0&!R:2].[O&D2&v2&H0&+0&!R:1]-[C&D3&v4&H0&+0&!R&z2:3]),201
71,[C&D3&v4&H1&+0&R&z1:1]-[C&D3&v4&H1&+0&!R&z1:2]-[C&D3&v4&H1&+0&!R&z1:3]-[C&D2&v4&H2&+0&!R&z1:4]>>[C&D3&v4&H1&+0&R&z1:1]-[C&D3&v4&H1&+0&!R&z1:3]-[C&D3&v4&H1&+0&!R&z1:2]-[C&D2&v4&H2&+0&!R&z1:4],948
72,[C&D3&v4&H0&+0&!R&z2:1](=[O&D1&v2&H0&+0&!R:2])-[S&D2&v2&H0&+0&!R:3].[O&D1&v2&H1&+0&!R:4]>>[O&D2&v2&H0&+0&!R:4]-[C&D3&v4&H0&+0&!R&z2:1]=[O&D1&v2&H0&+0&!R:2].[S&D1&v2&H1&+0&!R:3],139
73,[O&D2&v2&H0&+0&!R:1]-[C&D3&v4&H0&+0&!R&z2:2].[S&D1&v2&H1&+0&!R:3]>>[C&D3&v4&H0&+0&!R&z2:2]-[S&D2&v2&H0&+0&!R:3].[O&D1&v2&H1&+0&!R:1],849
74,[C&D3&v4&H1&+0&!R&z1:1]-[O&D2&v2&H0&+0&!R:2].[O&D0&v2&H2&+0&!R:3]>>[C&D3&v4&H1&+0&!R&z1:1]-[O&D1&v2&H1&+0&!R:3].[O&D1&v2&H1&+0&!R:2],517
75,[C&D3&v4&H1&+0&!R&z1:1]-[O&D1&v2&H1&+0&!R:2].[O&D1&v2&H1&+0&!R:3]>>[C&D3&v4&H1&+0&!R&z1:1]-[O&D2&v2&H0&+0&!R:3].[O&D0&v2&H2&+0&!R:2],517
76,[C&D2&v4&H2&+0&!R&z1:1]-[O&D1&v2&H1&+0&!R:2].[O&D1&v2&H1&+0&!R:3]>>[O&D0&v2&H2&+0&!R:2].[O&D2&v2&H0&+0&!R:3]-[C&D2&v4&H2&+0&!R&z1:1],517
77,[C&D3&v4&H1&+0&!R&z1:1]-[O&D1&v2&H1&+0&!R:2].[P&D4&v5&H0&+0&!R:3]-[O&D1&v2&H1&+0&!R:4].[P&D4&v5&H0&+0&!R:5]-[O&D1&v2&H1&+0&!R:6]>>[C&D3&v4&H1&+0&!R&z1:1]-[O&D1&v2&H1&+0&!R:6].[O&D0&v2&H2&+0&!R:2].[P&D4&v5&H0&+0&!R:3]-[O&D2&v2&H0&+0&!R:4]-[P&D4&v5&H0&+0&!R:5],607
78,[C&D3&v4&H1&+0&!R&z1:1]-[O&D1&v2&H1&+0&!R:2].[O&D0&v2&H2&+0&!R:3].[P&D4&v5&H0&+0&!R:4]-[O&D2&v2&H0&+0&!R:5]>>[C&D3&v4&H1&+0&!R&z1:1]-[O&D1&v2&H1&+0&!R:3].[O&D1&v2&H1&+0&!R:5].[P&D4&v5&H0&+0&!R:4]-[O&D1&v2&H1&+0&!R:2],228
79,[O&D0&v2&H2&+0&!R:1].[O&D2&v2&H0&+0&!R:2]-[C&D2&v4&H2&+0&!R&z1:3]>>[C&D2&v4&H2&+0&!R&z1:3]-[O&D1&v2&H1&+0&!R:1].[O&D1&v2&H1&+0&!R:2],517
80,[C&D4&v4&H0&+0&R&z2:1]-[O&D1&v2&H1&+0&!R:2].[O&D1&v2&H1&+0&!R:3]>>[C&D4&v4&H0&+0&R&z2:1]-[O&D2&v2&H0&+0&!R:3].[O&D0&v2&H2&+0&!R:2],517
81,[C&D4&v4&H0&+0&R&z2:1]-[O&D1&v2&H1&+0&!R:2].[O&D2&v2&H0&+0&!R:3]-[P&D4&v5&H0&+0&!R:4]>>[C&D4&v4&H0&+0&R&z2:1]-[O&D2&v2&H0&+0&!R:3].[P&D4&v5&H0&+0&!R:4]-[O&D1&v2&H1&+0&!R:2],994
82,[C&D4&v4&H0&+0&R&z2:1]-[O&D2&v2&H0&+0&!R:2].[P&D4&v5&H0&+0&!R:3]-[O&D1&v2&H1&+0&!R:4]>>[C&D4&v4&H0&+0&R&z2:1]-[O&D1&v2&H1&+0&!R:4].[O&D2&v2&H0&+0&!R:2]-[P&D4&v5&H0&+0&!R:3],994
83,[C&D4&v4&H0&+0&R&z2:1]-[O&D2&v2&H0&+0&!R:2].[O&D0&v2&H2&+0&!R:3]>>[C&D4&v4&H0&+0&R&z2:1]-[O&D1&v2&H1&+0&!R:3].[O&D1&v2&H1&+0&!R:2],517
84,[C&D3&v4&H1&+0&R&z2:1](-[O&D1&v2&H1&+0&!R:2])-[O&D2&v2&H0&+0&R:3]-[C&D3&v4&H1&+0&R&z1:4]>>([C&D2&v4&H1&+0&!R&z1:1]=[O&D1&v2&H0&+0&!R:3].[C&D3&v4&H1&+0&!R&z1:4]-[O&D1&v2&H1&+0&!R:2]),35
85,[O&D1&v2&H1&+0&!R:1].[P&D4&v5&H0&+0&!R:2]-[O&D1&v2&H1&+0&!R:3]>>[O&D0&v2&H2&+0&!R:3].[O&D2&v2&H0&+0&!R:1]-[P&D4&v5&H0&+0&!R:2],637
86,[O&D0&v2&H2&+0&!R:1].[P&D4&v5&H0&+0&!R:2]-[O&D2&v2&H0&+0&!R:3]>>[O&D1&v2&H1&+0&!R:3].[P&D4&v5&H0&+0&!R:2]-[O&D1&v2&H1&+0&!R:1],637
87,[C&D3&v4&H0&+0&!R&z3:1]-[O&D1&v2&H1&+0&!R:2].[O&D1&v2&H1&+0&!R:3]>>[C&D3&v4&H0&+0&!R&z3:1]-[O&D2&v2&H0&+0&!R:3].[O&D0&v2&H2&+0&!R:2],517
88,[C&D3&v4&H0&+0&!R&z3:1]-[O&D1&v2&H1&+0&!R:2].[O&D1&v2&H1&+0&!R:3]>>[O&D0&v2&H2&+0&!R:2].[O&D2&v2&H0&+0&!R:3]-[C&D3&v4&H0&+0&!R&z3:1],517
89,[C&D3&v4&H0&+0&!R&z3:1]-[O&D1&v2&H1&+0&!R:2].[N&D1&v3&H2&+0&!R:3]>>[C&D3&v4&H0&+0&!R&z3:1]-[N&D2&v3&H1&+0&!R:3].[O&D0&v2&H2&+0&!R:2],175
90,[C&D3&v4&H0&+0&!R&z3:1]-[O&D1&v2&H1&+0&!R:2].[P&D4&v5&H0&+0&!R:3]-[O&D2&v2&H0&+0&!R:4]-[P&D4&v5&H0&+0&!R:5].[S&D1&v2&H1&+0&!R:6]>>[P&D4&v5&H0&+0&!R:5]-[O&D1&v2&H1&+0&!R:4].[P&D4&v5&H0&+0&!R:3]-[O&D1&v2&H1&+0&!R:2].[S&D2&v2&H0&+0&!R:6]-[C&D3&v4&H0&+0&!R&z3:1],1023
91,[C&D3&v4&H0&+0&!R&z3:1]-[O&D1&v2&H1&+0&!R:2].[S&D1&v2&H1&+0&!R:3]>>[O&D0&v2&H2&+0&!R:2].[S&D2&v2&H0&+0&!R:3]-[C&D3&v4&H0&+0&!R&z3:1],849
92,[O&D1&v2&H1&+0&!R:1].[O&D2&v2&H0&+0&!R:2]-[C&D2&v4&H2&+0&!R&z1:3]>>[O&D1&v2&H1&+0&!R:2].[O&D2&v2&H0&+0&!R:1]-[C&D2&v4&H2&+0&!R&z1:3],517
93,[C&D3&v4&H0&+0&!R&z3:1]-[O&D1&v2&H1&+0&!R:2].[P&D4&v5&H0&+0&!R:3]-[O&D2&v2&H0&+0&!R:4]-[P&D4&v5&H0&+0&!R:5].[S&D1&v2&H1&+0&!R:6]>>[C&D3&v4&H0&+0&!R&z3:1]-[S&D2&v2&H0&+0&!R:6].[P&D4&v5&H0&+0&!R:5]-[O&D1&v2&H1&+0&!R:4].[P&D4&v5&H0&+0&!R:3]-[O&D1&v2&H1&+0&!R:2],1023
94,[C&D3&v4&H0&+0&!R&z3:1]-[O&D1&v2&H1&+0&!R:2].[S&D1&v2&H1&+0&!R:3]>>[C&D3&v4&H0&+0&!R&z3:1]-[S&D2&v2&H0&+0&!R:3].[O&D0&v2&H2&+0&!R:2],849
95,[C&D1&v4&H3&+0&!R&z1:1]-[S&D3&v3&H0&+&!R:2].[O&D1&v2&H1&+0&!R:3]>>[O&D2&v2&H0&+0&!R:3]-[C&D1&v4&H3&+0&!R&z1:1].[S&D2&v2&H0&+0&!R:2],563
96,[C&D3&v4&H0&+0&!R&z3:1]-[O&D1&v2&H1&+0&!R:2].[N&D0&v3&H3&+0&!R:3]>>[C&D3&v4&H0&+0&!R&z3:1]-[N&D1&v3&H2&+0&!R:3].[O&D0&v2&H2&+0&!R:2],175
97,[C&D3&v4&H0&+0&!R&z3:1]=[O&D1&v2&H0&+0&!R:2].[C&D3&v4&H0&+0&R&z0:3]1=[C&D2&v4&H1&+0&R&z1:4]-[N&D3&v3&H0&+0&R:5]-[C&D2&v4&H1&+0&R&z1:6]=[C&D2&v4&H1&+0&R&z0:7]-[C&D2&v4&H2&+0&R&z0:8]-1.[C&D3&v4&H0&+0&R&z0:9]1=[C&D2&v4&H1&+0&R&z1:10]-[N&D3&v3&H0&+0&R:11]-[C&D2&v4&H1&+0&R&z1:12]=[C&D2&v4&H1&+0&R&z0:13]-[C&D2&v4&H2&+0&R&z0:14]-1>>[C&D2&v4&H2&+0&!R&z2:1].[O&D0&v2&H2&+0&!R:2].[c&D3&v4&H0&+0&R&z0:9]1:[c&D2&v4&H1&+0&R&z0:14]:[c&D2&v4&H1&+0&R&z0:13]:[c&D2&v4&H1&+0&R&z1:12]:[n&D3&v4&H0&+&R:11]:[c&D2&v4&H1&+0&R&z1:10]:1.[c&D3&v4&H0&+0&R&z0:3]1:[c&D2&v4&H1&+0&R&z0:8]:[c&D2&v4&H1&+0&R&z0:7]:[c&D2&v4&H1&+0&R&z1:6]:[n&D3&v4&H0&+&R:5]:[c&D2&v4&H1&+0&R&z1:4]:1,321
98,[C&D3&v4&H0&+0&!R&z3:1]-[O&D1&v2&H1&+0&!R:2].[C&D3&v4&H0&+0&R&z0:3]1=[C&D2&v4&H1&+0&R&z1:4]-[N&D3&v3&H0&+0&R:5]-[C&D2&v4&H1&+0&R&z1:6]=[C&D2&v4&H1&+0&R&z0:7]-[C&D2&v4&H2&+0&R&z0:8]-1>>[C&D2&v4&H1&+0&!R&z2:1].[O&D0&v2&H2&+0&!R:2].[c&D3&v4&H0&+0&R&z0:3]1:[c&D2&v4&H1&+0&R&z0:8]:[c&D2&v4&H1&+0&R&z0:7]:[c&D2&v4&H1&+0&R&z1:6]:[n&D3&v4&H0&+&R:5]:[c&D2&v4&H1&+0&R&z1:4]:1,232
99,[C&D3&v4&H0&+0&!R&z3:1]-[O&D1&v2&H1&+0&!R:2].[C&D3&v4&H0&+0&R&z0:3]1=[C&D2&v4&H1&+0&R&z1:4]-[N&D3&v3&H0&+0&R:5]-[C&D2&v4&H1&+0&R&z1:6]=[C&D2&v4&H1&+0&R&z0:7]-[C&D2&v4&H2&+0&R&z0:8]-1.[P&D4&v5&H0&+0&!R:9]-[O&D2&v2&H0&+0&!R:10]-[P&D4&v5&H0&+0&!R:11]>>[C&D2&v4&H1&+0&!R&z2:1].[P&D4&v5&H0&+0&!R:11]-[O&D1&v2&H1&+0&!R:10].[P&D4&v5&H0&+0&!R:9]-[O&D1&v2&H1&+0&!R:2].[c&D3&v4&H0&+0&R&z0:3]1:[c&D2&v4&H1&+0&R&z0:8]:[c&D2&v4&H1&+0&R&z0:7]:[c&D2&v4&H1&+0&R&z1:6]:[n&D3&v4&H0&+&R:5]:[c&D2&v4&H1&+0&R&z1:4]:1,441
100,[C&D3&v4&H0&+0&!R&z3:1]-[O&D1&v2&H1&+0&!R:2].[P&D4&v5&H0&+0&!R:3]-[O&D1&v2&H1&+0&!R:4].[P&D4&v5&H0&+0&!R:5]-[O&D1&v2&H1&+0&!R:6]>>[C&D3&v4&H0&+0&!R&z3:1]-[O&D1&v2&H1&+0&!R:6].[O&D0&v2&H2&+0&!R:2].[P&D4&v5&H0&+0&!R:3]-[O&D2&v2&H0&+0&!R:4]-[P&D4&v5&H0&+0&!R:5],607
101,[C&D3&v4&H0&+0&!R&z3:1]-[O&D1&v2&H1&+0&!R:2].[O&D0&v2&H2&+0&!R:3].[P&D4&v5&H0&+0&!R:4]-[O&D2&v2&H0&+0&!R:5]>>[C&D3&v4&H0&+0&!R&z3:1]-[O&D1&v2&H1&+0&!R:3].[O&D1&v2&H1&+0&!R:5].[P&D4&v5&H0&+0&!R:4]-[O&D1&v2&H1&+0&!R:2],228
102,[C&D3&v4&H0&+0&!R&z3:1]-[O&D1&v2&H1&+0&!R:2].[P&D4&v5&H0&+0&!R:3]-[O&D2&v2&H0&+0&!R:4]>>[C&D3&v4&H0&+0&!R&z3:1]-[O&D2&v2&H0&+0&!R:4].[P&D4&v5&H0&+0&!R:3]-[O&D1&v2&H1&+0&!R:2],994
103,[C&D3&v4&H0&+0&!R&z3:1]-[O&D1&v2&H1&+0&!R:2].[O&D2&v2&H0&+0&!R:3]-[P&D4&v5&H0&+0&!R:4]>>[C&D3&v4&H0&+0&!R&z3:1]-[O&D2&v2&H0&+0&!R:3].[P&D4&v5&H0&+0&!R:4]-[O&D1&v2&H1&+0&!R:2],994
104,[C&D3&v4&H0&+0&!R&z3:1](=[O&D1&v2&H0&+0&!R:2])-[O&D1&v2&H1&+0&!R:3].[O&D0&v2&H2&+0&!R:4].[O&D1&v2&H0&+0&!R:5]=[C&D2&v4&H0&+0&!R&z2:6]>>[C&D3&v4&H1&+0&!R&z2:1](-[O&D1&v2&H1&+0&!R:3])-[C&D3&v4&H0&+0&!R&z2:6]-[O&D1&v2&H1&+0&!R:5].[O&D1&v2&H0&+0&!R:2]=[O&D1&v2&H0&+0&!R:4],815
105,[C&D3&v4&H0&+0&!R&z3:1]-[O&D1&v2&H1&+0&!R:2].[O&D1&v2&H1&+0&!R:3]-[O&D1&v2&H1&+0&!R:4]>>[C&D2&v4&H1&+0&!R&z2:1].[O&D0&v2&H2&+0&!R:2].[O&D1&v2&H0&+0&!R:3]=[O&D1&v2&H0&+0&!R:4],169
106,[C&D3&v4&H0&+0&!R&z3:1]-[O&D2&v2&H0&+0&!R:2].[S&D1&v2&H1&+0&!R:3]>>[O&D1&v2&H1&+0&!R:2].[S&D2&v2&H0&+0&!R:3]-[C&D3&v4&H0&+0&!R&z3:1],849
107,[O&D1&v2&H1&+0&!R:1].[S&D2&v2&H0&+0&!R:2]-[C&D3&v4&H0&+0&!R&z3:3]>>[O&D2&v2&H0&+0&!R:1]-[C&D3&v4&H0&+0&!R&z3:3].[S&D1&v2&H1&+0&!R:2],139
108,[O&D2&v2&H0&+0&!R:1]-[C&D3&v4&H0&+0&!R&z3:2].[S&D1&v2&H1&+0&!R:3]>>[O&D1&v2&H1&+0&!R:1].[S&D2&v2&H0&+0&!R:3]-[C&D3&v4&H0&+0&!R&z3:2],849
109,[C&D3&v4&H0&+0&!R&z3:1]-[O&D2&v2&H0&+0&!R:2].[S&D1&v2&H1&+0&!R:3]>>[C&D3&v4&H0&+0&!R&z3:1]-[S&D2&v2&H0&+0&!R:3].[O&D1&v2&H1&+0&!R:2],849
110,[C&D3&v4&H0&+0&!R&z3:1]-[O&D2&v2&H0&+0&!R:2].[O&D0&v2&H2&+0&!R:3]>>[C&D3&v4&H0&+0&!R&z3:1]-[O&D1&v2&H1&+0&!R:3].[O&D1&v2&H1&+0&!R:2],517
111,[C&D3&v4&H0&+0&!R&z3:1]-[O&D2&v2&H0&+0&!R:2].[O&D1&v2&H1&+0&!R:3]>>[C&D3&v4&H0&+0&!R&z3:1]-[O&D2&v2&H0&+0&!R:3].[O&D1&v2&H1&+0&!R:2],517
112,[C&D2&v4&H2&+0&!R&z1:1]-[O&D1&v2&H1&+0&!R:2].[O&D2&v2&H0&+0&!R:3]-[P&D4&v5&H0&+0&!R:4]>>[C&D2&v4&H2&+0&!R&z1:1]-[O&D2&v2&H0&+0&!R:3].[P&D4&v5&H0&+0&!R:4]-[O&D1&v2&H1&+0&!R:2],994
113,[O&D2&v2&H0&+0&!R:1]-[C&D3&v4&H0&+0&!R&z2:2]=[O&D1&v2&H0&+0&!R:3].[S&D1&v2&H1&+0&!R:4]>>[C&D3&v4&H0&+0&!R&z2:2](=[O&D1&v2&H0&+0&!R:3])-[S&D2&v2&H0&+0&!R:4].[O&D1&v2&H1&+0&!R:1],849
114,[C&D2&v4&H2&+0&!R&z1:1]-[O&D2&v2&H0&+0&!R:2].[P&D4&v5&H0&+0&!R:3]-[O&D1&v2&H1&+0&!R:4]>>[C&D2&v4&H2&+0&!R&z1:1]-[O&D1&v2&H1&+0&!R:4].[O&D2&v2&H0&+0&!R:2]-[P&D4&v5&H0&+0&!R:3],994
115,[O&D2&v2&H0&+0&!R:1]-[C&D1&v4&H3&+0&!R&z1:2].[S&D2&v2&H0&+0&!R:3]>>[C&D1&v4&H3&+0&!R&z1:2]-[S&D3&v3&H0&+&!R:3].[O&D1&v2&H1&+0&!R:1],796
116,[C&D3&v4&H0&+0&!R&z2:1]-[S&D2&v2&H0&+0&!R:2].[O&D1&v2&H1&+0&!R:3]>>[C&D3&v4&H0&+0&!R&z2:1]-[O&D2&v2&H0&+0&!R:3].[S&D1&v2&H1&+0&!R:2],139
117,[C&D3&v4&H0&+0&!R&z1:1]=[O&D1&v2&H0&+0&!R:2].[C&D3&v4&H0&+0&R&z0:3]1=[C&D2&v4&H1&+0&R&z1:4]-[N&D3&v3&H0&+0&R:5]-[C&D2&v4&H1&+0&R&z1:6]=[C&D2&v4&H1&+0&R&z0:7]-[C&D2&v4&H2&+0&R&z0:8]-1>>[C&D3&v4&H1&+0&!R&z1:1]-[O&D1&v2&H1&+0&!R:2].[c&D3&v4&H0&+0&R&z0:3]1:[c&D2&v4&H1&+0&R&z0:8]:[c&D2&v4&H1&+0&R&z0:7]:[c&D2&v4&H1&+0&R&z1:6]:[n&D3&v4&H0&+&R:5]:[c&D2&v4&H1&+0&R&z1:4]:1,559
118,[O&D1&v2&H1&+0&!R:1].[O&D2&v2&H0&+0&!R:2]-[C&D3&v4&H0&+0&!R&z3:3]>>[C&D3&v4&H0&+0&!R&z3:3]-[O&D2&v2&H0&+0&!R:1].[O&D1&v2&H1&+0&!R:2],517
119,[O&D1&v2&H1&+0&!R:1].[O&D2&v2&H0&+0&!R:2]-[C&D3&v4&H0&+0&!R&z2:3]=[O&D1&v2&H0&+0&!R:4]>>[C&D3&v4&H0&+0&!R&z2:3](=[O&D1&v2&H0&+0&!R:4])-[O&D2&v2&H0&+0&!R:1].[O&D1&v2&H1&+0&!R:2],517
120,[C&D3&v4&H0&+0&!R&z2:1]-[O&D1&v2&H1&+0&!R:2].[P&D4&v5&H0&+0&!R:3]-[O&D1&v2&H1&+0&!R:4].[P&D4&v5&H0&+0&!R:5]-[O&D1&v2&H1&+0&!R:6]>>[C&D3&v4&H0&+0&!R&z2:1]-[O&D1&v2&H1&+0&!R:6].[O&D0&v2&H2&+0&!R:2].[P&D4&v5&H0&+0&!R:3]-[O&D2&v2&H0&+0&!R:4]-[P&D4&v5&H0&+0&!R:5],607
121,[C&D3&v4&H0&+0&!R&z2:1](=[O&D1&v2&H0&+0&!R:2])-[O&D1&v2&H1&+0&!R:3].[O&D0&v2&H2&+0&!R:4].[P&D4&v5&H0&+0&!R:5]-[O&D2&v2&H0&+0&!R:6]>>[C&D3&v4&H0&+0&!R&z2:1](=[O&D1&v2&H0&+0&!R:2])-[O&D1&v2&H1&+0&!R:4].[O&D1&v2&H1&+0&!R:6].[P&D4&v5&H0&+0&!R:5]-[O&D1&v2&H1&+0&!R:3],228
122,[C&D2&v4&H2&+0&!R&z1:1]-[O&D2&v2&H0&+0&!R:2].[S&D1&v2&H1&+0&!R:3]>>[O&D1&v2&H1&+0&!R:2].[S&D2&v2&H0&+0&!R:3]-[C&D2&v4&H2&+0&!R&z1:1],849
123,[O&D1&v2&H1&+0&!R:1].[O&D2&v2&H0&+0&!R:2]-[C&D3&v4&H0&+0&!R&z2:3]>>[O&D1&v2&H1&+0&!R:2].[O&D2&v2&H0&+0&!R:1]-[C&D3&v4&H0&+0&!R&z2:3],517
124,[O&D1&v2&H1&+0&!R:1].[O&D2&v2&H0&+0&!R:2]-[C&D3&v4&H0&+0&!R&z2:3]=[O&D1&v2&H0&+0&!R:4]>>[O&D1&v2&H1&+0&!R:2].[O&D2&v2&H0&+0&!R:1]-[C&D3&v4&H0&+0&!R&z2:3]=[O&D1&v2&H0&+0&!R:4],517
125,[C&D3&v4&H1&+0&!R&z1:1]-[O&D1&v2&H1&+0&!R:2].[c&D3&v4&H0&+0&R&z0:3]1:[c&D2&v4&H1&+0&R&z0:4]:[c&D2&v4&H1&+0&R&z0:5]:[c&D2&v4&H1&+0&R&z1:6]:[n&D3&v4&H0&+&R:7]:[c&D2&v4&H1&+0&R&z1:8]:1>>[C&D3&v4&H0&+0&!R&z1:1]=[O&D1&v2&H0&+0&!R:2].[C&D3&v4&H0&+0&R&z0:3]1=[C&D2&v4&H1&+0&R&z1:8]-[N&D3&v3&H0&+0&R:7]-[C&D2&v4&H1&+0&R&z1:6]=[C&D2&v4&H1&+0&R&z0:5]-[C&D2&v4&H2&+0&R&z0:4]-1,435
126,[C&D3&v4&H0&+0&!R&z3:1]-[O&D2&v2&H0&+0&!R:2].[O&D1&v2&H1&+0&!R:3]>>[O&D1&v2&H1&+0&!R:2].[O&D2&v2&H0&+0&!R:3]-[C&D3&v4&H0&+0&!R&z3:1],517
127,[C&D3&v4&H0&+0&!R&z2:1](=[O&D1&v2&H0&+0&!R:2])-[O&D2&v2&H0&+0&!R:3].[O&D1&v2&H1&+0&!R:4]>>[O&D1&v2&H1&+0&!R:3].[O&D2&v2&H0&+0&!R:4]-[C&D3&v4&H0&+0&!R&z2:1]=[O&D1&v2&H0&+0&!R:2],517
128,[C&D3&v4&H0&+0&!R&z3:1]-[O&D2&v2&H0&+0&!R:2].[P&D4&v5&H0&+0&!R:3]-[O&D1&v2&H1&+0&!R:4]>>[C&D3&v4&H0&+0&!R&z3:1]-[O&D1&v2&H1&+0&!R:4].[P&D4&v5&H0&+0&!R:3]-[O&D2&v2&H0&+0&!R:2],994
129,[C&D3&v4&H0&+0&!R&z3:1]-[O&D2&v2&H0&+0&!R:2].[P&D4&v5&H0&+0&!R:3]-[O&D1&v2&H1&+0&!R:4]>>[C&D3&v4&H0&+0&!R&z3:1]-[O&D1&v2&H1&+0&!R:4].[O&D2&v2&H0&+0&!R:2]-[P&D4&v5&H0&+0&!R:3],994
130,[C&D3&v4&H0&+0&!R&z3:1]-[S&D2&v2&H0&+0&!R:2].[O&D1&v2&H1&+0&!R:3]>>[C&D3&v4&H0&+0&!R&z3:1]-[O&D2&v2&H0&+0&!R:3].[S&D1&v2&H1&+0&!R:2],139
131,[C&D3&v4&H0&+0&!R&z3:1]-[S&D2&v2&H0&+0&!R:2].[O&D1&v2&H1&+0&!R:3]>>[O&D2&v2&H0&+0&!R:3]-[C&D3&v4&H0&+0&!R&z3:1].[S&D1&v2&H1&+0&!R:2],139
132,[C&D1&v4&H3&+0&!R&z0:1].[C&D3&v4&H0&+0&!R&z3:2]-[S&D2&v2&H0&+0&!R:3]>>[C&D3&v4&H0&+0&!R&z2:2]-[C&D2&v4&H2&+0&!R&z0:1].[S&D1&v2&H1&+0&!R:3],42
133,[C&D2&v4&H2&+0&!R&z0:1]-[C&D3&v4&H0&+0&!R&z2:2]-[O&D1&v2&H1&+0&!R:3].[C&D3&v4&H0&+0&!R&z3:4]-[S&D2&v2&H0&+0&!R:5]>>[C&D3&v4&H0&+0&!R&z2:4]-[C&D2&v4&H2&+0&!R&z0:1].[O&D1&v2&H0&+0&!R:3]=[C&D2&v4&H0&+0&!R&z2:2].[S&D1&v2&H1&+0&!R:5],655
134,[C&D3&v4&H0&+0&!R&z3:1]-[S&D2&v2&H0&+0&!R:2].[N&D1&v3&H2&+0&!R:3]>>[C&D3&v4&H0&+0&!R&z3:1]-[N&D2&v3&H1&+0&!R:3].[S&D1&v2&H1&+0&!R:2],347
135,[C&D3&v4&H0&+0&!R&z3:1](=[O&D1&v2&H0&+0&!R:2])-[S&D2&v2&H0&+0&!R:3].[C&D3&v4&H0&+0&R&z0:4]1=[C&D2&v4&H1&+0&R&z1:5]-[N&D3&v3&H0&+0&R:6]-[C&D2&v4&H1&+0&R&z1:7]=[C&D2&v4&H1&+0&R&z0:8]-[C&D2&v4&H2&+0&R&z0:9]-1.[C&D3&v4&H0&+0&R&z0:10]1=[C&D2&v4&H1&+0&R&z1:11]-[N&D3&v3&H0&+0&R:12]-[C&D2&v4&H1&+0&R&z1:13]=[C&D2&v4&H1&+0&R&z0:14]-[C&D2&v4&H2&+0&R&z0:15]-1>>[C&D2&v4&H2&+0&!R&z2:1]-[O&D1&v2&H1&+0&!R:2].[S&D1&v2&H1&+0&!R:3].[c&D3&v4&H0&+0&R&z0:10]1:[c&D2&v4&H1&+0&R&z0:15]:[c&D2&v4&H1&+0&R&z0:14]:[c&D2&v4&H1&+0&R&z1:13]:[n&D3&v4&H0&+&R:12]:[c&D2&v4&H1&+0&R&z1:11]:1.[c&D3&v4&H0&+0&R&z0:4]1:[c&D2&v4&H1&+0&R&z0:9]:[c&D2&v4&H1&+0&R&z0:8]:[c&D2&v4&H1&+0&R&z1:7]:[n&D3&v4&H0&+&R:6]:[c&D2&v4&H1&+0&R&z1:5]:1,569
136,[C&D3&v4&H0&+0&!R&z3:1]-[S&D2&v2&H0&+0&!R:2].[C&D3&v4&H0&+0&R&z0:3]1=[C&D2&v4&H1&+0&R&z1:4]-[N&D3&v3&H0&+0&R:5]-[C&D2&v4&H1&+0&R&z1:6]=[C&D2&v4&H1&+0&R&z0:7]-[C&D2&v4&H2&+0&R&z0:8]-1>>[C&D2&v4&H1&+0&!R&z2:1].[S&D1&v2&H1&+0&!R:2].[c&D3&v4&H0&+0&R&z0:3]1:[c&D2&v4&H1&+0&R&z0:8]:[c&D2&v4&H1&+0&R&z0:7]:[c&D2&v4&H1&+0&R&z1:6]:[n&D3&v4&H0&+&R:5]:[c&D2&v4&H1&+0&R&z1:4]:1,706
137,[C&D3&v4&H0&+0&!R&z3:1]-[S&D2&v2&H0&+0&!R:2].[O&D1&v2&H1&+0&!R:3].[P&D4&v5&H0&+0&!R:4]-[O&D1&v2&H1&+0&!R:5]>>[C&D3&v4&H0&+0&!R&z3:1]-[O&D1&v2&H1&+0&!R:5].[O&D2&v2&H0&+0&!R:3]-[P&D4&v5&H0&+0&!R:4].[S&D1&v2&H1&+0&!R:2],242
138,[C&D3&v4&H0&+0&!R&z3:1]-[S&D2&v2&H0&+0&!R:2].[O&D0&v2&H2&+0&!R:3]>>[C&D3&v4&H0&+0&!R&z3:1]-[O&D1&v2&H1&+0&!R:3].[S&D1&v2&H1&+0&!R:2],139
139,[O&D1&v2&H1&+0&!R:1].[c&D3&v4&H0&+0&R&z0:2]-[C&D2&v4&H2&+0&!R&z0:3]>>[C&D2&v4&H2&+0&!R&z1:3]-[O&D2&v2&H0&+0&!R:1].[c&D2&v4&H1&+0&R&z0:2],668
140,[C&D2&v4&H2&+0&!R&z1:1]-[O&D2&v2&H0&+0&!R:2].[c&D2&v4&H1&+0&R&z0:3]>>[O&D1&v2&H1&+0&!R:2].[c&D3&v4&H0&+0&R&z0:3]-[C&D2&v4&H2&+0&!R&z0:1],355
141,[C&D3&v4&H0&+0&!R&z2:1](=[O&D1&v2&H0&+0&!R:2])-[O&D1&v2&H1&+0&!R:3].[C&D3&v4&H0&+0&R&z0:4]1=[C&D2&v4&H1&+0&R&z1:5]-[N&D3&v3&H0&+0&R:6]-[C&D2&v4&H1&+0&R&z1:7]=[C&D2&v4&H1&+0&R&z0:8]-[C&D2&v4&H2&+0&R&z0:9]-1>>[C&D2&v4&H1&+0&!R&z1:1]=[O&D1&v2&H0&+0&!R:2].[O&D0&v2&H2&+0&!R:3].[c&D3&v4&H0&+0&R&z0:4]1:[c&D2&v4&H1&+0&R&z0:9]:[c&D2&v4&H1&+0&R&z0:8]:[c&D2&v4&H1&+0&R&z1:7]:[n&D3&v4&H0&+&R:6]:[c&D2&v4&H1&+0&R&z1:5]:1,232
142,[C&D2&v4&H1&+0&!R&z1:1]=[O&D1&v2&H0&+0&!R:2].[O&D0&v2&H2&+0&!R:3].[c&D3&v4&H0&+0&R&z0:4]1:[c&D2&v4&H1&+0&R&z0:5]:[c&D2&v4&H1&+0&R&z0:6]:[c&D2&v4&H1&+0&R&z1:7]:[n&D3&v4&H0&+&R:8]:[c&D2&v4&H1&+0&R&z1:9]:1>>[C&D3&v4&H0&+0&!R&z2:1](=[O&D1&v2&H0&+0&!R:2])-[O&D1&v2&H1&+0&!R:3].[C&D3&v4&H0&+0&R&z0:4]1=[C&D2&v4&H1&+0&R&z1:9]-[N&D3&v3&H0&+0&R:8]-[C&D2&v4&H1&+0&R&z1:7]=[C&D2&v4&H1&+0&R&z0:6]-[C&D2&v4&H2&+0&R&z0:5]-1,819
143,[C&D3&v4&H0&+0&!R&z2:1](=[O&D1&v2&H0&+0&!R:2])-[O&D1&v2&H1&+0&!R:3].[P&D4&v5&H0&+0&!R:4]-[O&D2&v2&H0&+0&!R:5]-[P&D4&v5&H0&+0&!R:6].[S&D1&v2&H1&+0&!R:7]>>[C&D3&v4&H0&+0&!R&z2:1](=[O&D1&v2&H0&+0&!R:2])-[S&D2&v2&H0&+0&!R:7].[P&D4&v5&H0&+0&!R:6]-[O&D1&v2&H1&+0&!R:5].[P&D4&v5&H0&+0&!R:4]-[O&D1&v2&H1&+0&!R:3],1023
144,[C&D3&v4&H0&+0&!R&z2:1](=[O&D1&v2&H0&+0&!R:2])-[S&D2&v2&H0&+0&!R:3].[O&D1&v2&H1&+0&!R:4].[P&D4&v5&H0&+0&!R:5]-[O&D1&v2&H1&+0&!R:6]>>[C&D3&v4&H0&+0&!R&z2:1](=[O&D1&v2&H0&+0&!R:2])-[O&D1&v2&H1&+0&!R:6].[O&D2&v2&H0&+0&!R:4]-[P&D4&v5&H0&+0&!R:5].[S&D1&v2&H1&+0&!R:3],242
145,[C&D3&v4&H0&+0&!R&z2:1]-[O&D1&v2&H1&+0&!R:2].[C&D3&v4&H1&+0&!R&z2:3]-[O&D1&v2&H1&+0&!R:4].[O&D1&v2&H0&+0&!R:5]=[C&D2&v4&H0&+0&!R&z2:6]>>[C&D2&v4&H2&+0&!R&z1:3].[C&D3&v4&H0&+0&!R&z1:1]-[C&D3&v4&H0&+0&!R&z2:6]-[O&D1&v2&H1&+0&!R:5].[O&D1&v2&H0&+0&!R:4]=[O&D1&v2&H0&+0&!R:2],261
146,[C&D2&v4&H2&+0&!R&z1:1].[C&D3&v4&H0&+0&!R&z1:2]-[C&D3&v4&H0&+0&!R&z2:3]-[O&D1&v2&H1&+0&!R:4].[O&D1&v2&H0&+0&!R:5]=[O&D1&v2&H0&+0&!R:6]>>[C&D3&v4&H0&+0&!R&z2:2]-[O&D1&v2&H1&+0&!R:6].[C&D3&v4&H1&+0&!R&z2:1]-[O&D1&v2&H1&+0&!R:5].[O&D1&v2&H0&+0&!R:4]=[C&D2&v4&H0&+0&!R&z2:3],298
147,[C&D3&v4&H0&+0&!R&z2:1](=[O&D1&v2&H0&+0&!R:2])-[O&D1&v2&H1&+0&!R:3].[P&D4&v5&H0&+0&!R:4]-[O&D2&v2&H0&+0&!R:5]-[P&D4&v5&H0&+0&!R:6].[S&D1&v2&H1&+0&!R:7]>>[P&D4&v5&H0&+0&!R:6]-[O&D1&v2&H1&+0&!R:5].[P&D4&v5&H0&+0&!R:4]-[O&D1&v2&H1&+0&!R:3].[S&D2&v2&H0&+0&!R:7]-[C&D3&v4&H0&+0&!R&z2:1]=[O&D1&v2&H0&+0&!R:2],1023
148,[C&D3&v4&H0&+0&!R&z2:1]-[O&D1&v2&H1&+0&!R:2].[O&D2&v2&H0&+0&!R:3]-[P&D4&v5&H0&+0&!R:4]>>[C&D3&v4&H0&+0&!R&z2:1]-[O&D2&v2&H0&+0&!R:3].[P&D4&v5&H0&+0&!R:4]-[O&D1&v2&H1&+0&!R:2],994
149,[C&D3&v4&H0&+0&!R&z2:1]-[O&D2&v2&H0&+0&!R:2].[P&D4&v5&H0&+0&!R:3]-[O&D1&v2&H1&+0&!R:4]>>[C&D3&v4&H0&+0&!R&z2:1]-[O&D1&v2&H1&+0&!R:4].[O&D2&v2&H0&+0&!R:2]-[P&D4&v5&H0&+0&!R:3],994
150,[C&D3&v4&H0&+0&!R&z3:1]-[N&D1&v3&H2&+0&!R:2].[O&D0&v2&H2&+0&!R:3]>>[C&D3&v4&H0&+0&!R&z3:1]-[O&D1&v2&H1&+0&!R:3].[N&D0&v3&H3&+0&!R:2],587
151,[C&D3&v4&H0&+0&!R&z3:1](-[N&D1&v3&H2&+0&!R:2])=[O&D1&v2&H0&+0&!R:3]>>[C&D2&v4&H0&+0&!R&z2:1]#[N&D1&v3&H0&+0&!R:2].[O&D0&v2&H2&+0&!R:3],246
152,[C&D3&v4&H0&+0&!R&z2:1](=[O&D1&v2&H0&+0&!R:2])-[N&D3&v3&H0&+0&R:3].[O&D0&v2&H2&+0&!R:4]>>[C&D3&v4&H0&+0&!R&z2:1](=[O&D1&v2&H0&+0&!R:2])-[O&D1&v2&H1&+0&!R:4].[N&D2&v3&H1&+0&R:3],587
153,[C&D3&v4&H0&+0&!R&z2:1](=[O&D1&v2&H0&+0&!R:2])-[O&D1&v2&H1&+0&!R:3].[P&D4&v5&H0&+0&!R:4]-[O&D1&v2&H1&+0&!R:5].[P&D4&v5&H0&+0&!R:6]-[O&D1&v2&H1&+0&!R:7]>>[C&D3&v4&H0&+0&!R&z2:1](=[O&D1&v2&H0&+0&!R:2])-[O&D1&v2&H1&+0&!R:7].[O&D0&v2&H2&+0&!R:3].[P&D4&v5&H0&+0&!R:4]-[O&D2&v2&H0&+0&!R:5]-[P&D4&v5&H0&+0&!R:6],607
154,[C&D3&v4&H0&+0&!R&z2:1](=[O&D1&v2&H0&+0&!R:2])-[N&D2&v3&H1&+0&!R:3].[O&D0&v2&H2&+0&!R:4]>>[C&D3&v4&H0&+0&!R&z2:1](=[O&D1&v2&H0&+0&!R:2])-[O&D1&v2&H1&+0&!R:4].[N&D1&v3&H2&+0&!R:3],587
155,[C&D3&v4&H0&+0&!R&z2:1](=[O&D1&v2&H0&+0&!R:2])-[O&D1&v2&H1&+0&!R:3].[O&D1&v2&H1&+0&!R:4]>>[O&D0&v2&H2&+0&!R:3].[O&D2&v2&H0&+0&!R:4]-[C&D3&v4&H0&+0&!R&z2:1]=[O&D1&v2&H0&+0&!R:2],517
156,[C&D3&v4&H0&+0&!R&z2:1](=[O&D1&v2&H0&+0&!R:2])-[O&D1&v2&H1&+0&!R:3].[O&D1&v2&H1&+0&!R:4]>>[C&D3&v4&H0&+0&!R&z2:1](=[O&D1&v2&H0&+0&!R:2])-[O&D2&v2&H0&+0&!R:4].[O&D0&v2&H2&+0&!R:3],517
157,[C&D1&v4&H2&+0&!R&z1:1]=[O&D1&v2&H0&+0&!R:2].[N&D1&v3&H2&+0&!R:3].[O&D1&v2&H1&+0&!R:4]-[O&D1&v2&H1&+0&!R:5]>>[N&D2&v3&H1&+0&!R:3]-[C&D1&v4&H3&+0&!R&z1:1].[O&D0&v2&H2&+0&!R:2].[O&D1&v2&H0&+0&!R:4]=[O&D1&v2&H0&+0&!R:5],294
158,[C&D3&v4&H0&+0&!R&z2:1](=[O&D1&v2&H0&+0&!R:2])-[O&D1&v2&H1&+0&!R:3].[N&D1&v3&H2&+0&!R:4].[P&D4&v5&H0&+0&!R:5]-[O&D2&v2&H0&+0&!R:6]-[P&D4&v5&H0&+0&!R:7]>>[N&D2&v3&H1&+0&!R:4]-[C&D3&v4&H0&+0&!R&z2:1]=[O&D1&v2&H0&+0&!R:2].[P&D4&v5&H0&+0&!R:7]-[O&D1&v2&H1&+0&!R:6].[P&D4&v5&H0&+0&!R:5]-[O&D1&v2&H1&+0&!R:3],471
159,[C&D3&v4&H0&+0&!R&z1:1]=[O&D1&v2&H0&+0&!R:2].[C&D3&v4&H1&+0&!R&z2:3]-[N&D1&v3&H2&+0&!R:4]>>[C&D3&v4&H0&+0&!R&z2:3]=[O&D1&v2&H0&+0&!R:2].[C&D3&v4&H1&+0&!R&z1:1]-[N&D1&v3&H2&+0&!R:4],103
160,[N&D0&v3&H3&+0&!R:1].[N&D1&v3&H2&+0&!R:2].[O&D1&v2&H0&+0&!R:3]=[C&D2&v4&H0&+0&!R&z2:4]=[O&D1&v2&H0&+0&!R:5]>>[N&D2&v3&H1&+0&!R:2]-[C&D3&v4&H0&+0&!R&z3:4](-[N&D1&v3&H2&+0&!R:1])=[O&D1&v2&H0&+0&!R:5].[O&D0&v2&H2&+0&!R:3],812
161,[C&D3&v4&H0&+0&!R&z2:1](=[O&D1&v2&H0&+0&!R:2])-[O&D1&v2&H1&+0&!R:3].[N&D1&v3&H2&+0&!R:4].[P&D4&v5&H0&+0&!R:5]-[O&D2&v2&H0&+0&!R:6]>>[N&D2&v3&H1&+0&!R:4]-[C&D3&v4&H0&+0&!R&z2:1]=[O&D1&v2&H0&+0&!R:2].[O&D1&v2&H1&+0&!R:6].[P&D4&v5&H0&+0&!R:5]-[O&D1&v2&H1&+0&!R:3],471
162,[C&D3&v4&H0&+0&!R&z2:1](=[O&D1&v2&H0&+0&!R:2])-[O&D1&v2&H1&+0&!R:3].[N&D2&v3&H1&+0&R:4]>>[C&D3&v4&H0&+0&!R&z2:1](=[O&D1&v2&H0&+0&!R:2])-[N&D3&v3&H0&+0&R:4].[O&D0&v2&H2&+0&!R:3],175
163,[C&D3&v4&H0&+0&!R&z1:1]=[O&D1&v2&H0&+0&!R:2].[C&D3&v4&H1&+0&!R&z2:3]-[N&D1&v3&H2&+0&!R:4]>>[C&D3&v4&H0&+0&!R&z2:3]=[O&D1&v2&H0&+0&!R:2].[N&D1&v3&H2&+0&!R:4]-[C&D3&v4&H1&+0&!R&z1:1],103
164,[N&D1&v3&H2&+0&!R:1].[O&D1&v2&H0&+0&!R:2]=[C&D3&v4&H0&+0&R&z2:3]-[N&D2&v3&H1&+0&R:4]>>([N&D1&v3&H2&+0&!R:4].[N&D2&v3&H1&+0&!R:1]-[C&D3&v4&H0&+0&!R&z2:3]=[O&D1&v2&H0&+0&!R:2]),20
165,[C&D3&v4&H1&+0&!R&z2:1]-[N&D1&v3&H2&+0&!R:2].[O&D1&v2&H0&+0&!R:3]=[C&D2&v4&H1&+0&!R&z1:4]>>[C&D3&v4&H0&+0&!R&z2:1]=[O&D1&v2&H0&+0&!R:3].[N&D1&v3&H2&+0&!R:2]-[C&D2&v4&H2&+0&!R&z1:4],103
166,[C&D3&v4&H1&+0&!R&z2:1]-[N&D1&v3&H2&+0&!R:2].[O&D1&v2&H0&+0&!R:3]=[O&D1&v2&H0&+0&!R:4]>>[C&D3&v4&H0&+0&!R&z2:1]=[N&D1&v3&H1&+0&!R:2].[O&D1&v2&H1&+0&!R:3]-[O&D1&v2&H1&+0&!R:4],670
167,[C&D3&v4&H0&+0&!R&z2:1](=[O&D1&v2&H0&+0&!R:2])-[O&D2&v2&H0&+0&!R:3].[O&D0&v2&H2&+0&!R:4]>>[C&D3&v4&H0&+0&!R&z2:1](=[O&D1&v2&H0&+0&!R:2])-[O&D1&v2&H1&+0&!R:4].[O&D1&v2&H1&+0&!R:3],517
168,[N&D2&v3&H1&+0&!R:1]-[C&D3&v4&H0&+0&!R&z2:2]=[O&D1&v2&H0&+0&!R:3].[P&D4&v5&H0&+0&!R:4]-[O&D1&v2&H1&+0&!R:5].[P&D4&v5&H0&+0&!R:6]-[O&D1&v2&H1&+0&!R:7]>>[C&D3&v4&H0&+0&!R&z2:2](=[O&D1&v2&H0&+0&!R:3])-[O&D1&v2&H1&+0&!R:7].[N&D1&v3&H2&+0&!R:1].[P&D4&v5&H0&+0&!R:4]-[O&D2&v2&H0&+0&!R:5]-[P&D4&v5&H0&+0&!R:6],427
169,[N&D2&v3&H1&+0&!R:1]-[C&D3&v4&H0&+0&!R&z2:2]=[O&D1&v2&H0&+0&!R:3].[O&D1&v2&H1&+0&!R:4].[P&D4&v5&H0&+0&!R:5]-[O&D1&v2&H1&+0&!R:6]>>[C&D3&v4&H0&+0&!R&z2:2](=[O&D1&v2&H0&+0&!R:3])-[O&D1&v2&H1&+0&!R:6].[N&D1&v3&H2&+0&!R:1].[O&D2&v2&H0&+0&!R:4]-[P&D4&v5&H0&+0&!R:5],427
170,([N&D1&v3&H2&+0&!R:1].[N&D2&v3&H1&+0&!R:2]-[C&D3&v4&H0&+0&!R&z2:3]=[O&D1&v2&H0&+0&!R:4])>>[N&D1&v3&H2&+0&!R:2].[O&D1&v2&H0&+0&!R:4]=[C&D3&v4&H0&+0&R&z2:3]-[N&D2&v3&H1&+0&R:1],639
171,[N&D2&v3&H1&+0&!R:1]-[C&D3&v4&H0&+0&!R&z3:2]-[N&D1&v3&H2&+0&!R:3].[O&D0&v2&H2&+0&!R:4]>>[N&D0&v3&H3&+0&!R:3].[N&D1&v3&H2&+0&!R:1].[O&D1&v2&H0&+0&!R:4]=[C&D2&v4&H0&+0&!R&z2:2],366
172,[N&D2&v3&H1&+0&!R:1]-[C&D1&v4&H3&+0&!R&z1:2].[O&D0&v2&H2&+0&!R:3].[O&D1&v2&H0&+0&!R:4]=[O&D1&v2&H0&+0&!R:5]>>[C&D1&v4&H2&+0&!R&z1:2]=[O&D1&v2&H0&+0&!R:3].[N&D1&v3&H2&+0&!R:1].[O&D1&v2&H1&+0&!R:4]-[O&D1&v2&H1&+0&!R:5],792
173,[C&D3&v4&H1&+0&!R&z2:1](-[O&D1&v2&H1&+0&!R:2])-[C&D2&v4&H0&+0&!R&z1:3]>>[C&D1&v4&H1&+0&!R&z1:3].[C&D2&v4&H1&+0&!R&z2:1]=[O&D1&v2&H0&+0&!R:2],1009
174,([C&D3&v4&H0&+0&!R&z2:1](=[O&D1&v2&H0&+0&!R:2])-[O&D1&v2&H1&+0&!R:3].[O&D1&v2&H1&+0&!R:4])>>[O&D0&v2&H2&+0&!R:3].[O&D2&v2&H0&+0&R:4]-[C&D3&v4&H0&+0&R&z2:1]=[O&D1&v2&H0&+0&!R:2],493
175,[C&D3&v4&H1&+0&!R&z2:1]-[O&D1&v2&H1&+0&!R:2].[c&D3&v4&H0&+0&R&z0:3]1:[c&D2&v4&H1&+0&R&z0:4]:[c&D2&v4&H1&+0&R&z0:5]:[c&D2&v4&H1&+0&R&z1:6]:[n&D3&v4&H0&+&R:7]:[c&D2&v4&H1&+0&R&z1:8]:1>>[C&D3&v4&H0&+0&!R&z2:1]=[O&D1&v2&H0&+0&!R:2].[C&D3&v4&H0&+0&R&z0:3]1=[C&D2&v4&H1&+0&R&z1:8]-[N&D3&v3&H0&+0&R:7]-[C&D2&v4&H1&+0&R&z1:6]=[C&D2&v4&H1&+0&R&z0:5]-[C&D2&v4&H2&+0&R&z0:4]-1,435
176,[C&D3&v4&H0&+0&!R&z2:1](=[O&D1&v2&H0&+0&!R:2])-[N&D2&v3&H1&+0&!R:3].[S&D1&v2&H1&+0&!R:4]>>[C&D3&v4&H0&+0&!R&z2:1](=[O&D1&v2&H0&+0&!R:2])-[S&D2&v2&H0&+0&!R:4].[N&D1&v3&H2&+0&!R:3],124
177,[C&D3&v4&H1&+0&!R&z2:1]-[O&D1&v2&H1&+0&!R:2].[O&D0&v2&H2&+0&!R:3].[c&D3&v4&H0&+0&R&z0:4]1:[c&D2&v4&H1&+0&R&z0:5]:[c&D2&v4&H1&+0&R&z0:6]:[c&D2&v4&H1&+0&R&z1:7]:[n&D3&v4&H0&+&R:8]:[c&D2&v4&H1&+0&R&z1:9]:1>>[C&D2&v4&H2&+0&!R&z1:1].[C&D3&v4&H0&+0&R&z0:4]1=[C&D2&v4&H1&+0&R&z1:9]-[N&D3&v3&H0&+0&R:8]-[C&D2&v4&H1&+0&R&z1:7]=[C&D2&v4&H1&+0&R&z0:6]-[C&D2&v4&H2&+0&R&z0:5]-1.[O&D1&v2&H0&+0&!R:2]=[O&D1&v2&H0&+0&!R:3],9
178,[C&D3&v4&H1&+0&!R&z2:1]-[C&D3&v4&H0&+0&!R&z2:2]-[O&D1&v2&H1&+0&!R:3].[O&D1&v2&H0&+0&!R:4]=[O&D1&v2&H0&+0&!R:5]>>[C&D3&v4&H0&+0&!R&z3:1]=[O&D1&v2&H0&+0&!R:4].[O&D0&v2&H2&+0&!R:5].[O&D1&v2&H0&+0&!R:3]=[C&D2&v4&H0&+0&!R&z2:2],973
179,[C&D3&v4&H1&+0&!R&z2:1]-[O&D1&v2&H1&+0&!R:2].[O&D0&v2&H2&+0&!R:3]>>[C&D2&v4&H2&+0&!R&z1:1].[O&D1&v2&H1&+0&!R:2]-[O&D1&v2&H1&+0&!R:3],15
180,[C&D3&v4&H0&+0&!R&z2:1](=[O&D1&v2&H0&+0&!R:2])-[S&D2&v2&H0&+0&!R:3].[N&D1&v3&H2&+0&!R:4]>>[C&D3&v4&H0&+0&!R&z2:1](=[O&D1&v2&H0&+0&!R:2])-[N&D2&v3&H1&+0&!R:4].[S&D1&v2&H1&+0&!R:3],347
181,[C&D3&v4&H1&+0&!R&z2:1](-[O&D1&v2&H1&+0&!R:2])-[C&D3&v4&H0&+0&!R&z2:3]>>[C&D2&v4&H1&+0&!R&z2:3].[C&D2&v4&H1&+0&!R&z2:1]=[O&D1&v2&H0&+0&!R:2],1009
182,[C&D3&v4&H1&+0&!R&z2:1](-[O&D1&v2&H1&+0&!R:2])-[C&D3&v4&H1&+0&!R&z1:3]>>[C&D2&v4&H1&+0&!R&z2:1]=[O&D1&v2&H0&+0&!R:2].[C&D2&v4&H2&+0&!R&z1:3],1009
183,[C&D3&v4&H0&+0&!R&z2:1](=[O&D1&v2&H0&+0&!R:2])-[N&D2&v3&H1&+0&!R:3].[S&D1&v2&H1&+0&!R:4]>>[N&D1&v3&H2&+0&!R:3].[S&D2&v2&H0&+0&!R:4]-[C&D3&v4&H0&+0&!R&z2:1]=[O&D1&v2&H0&+0&!R:2],124
184,[C&D3&v4&H1&+0&R&z2:1]-[O&D2&v2&H0&+0&!R:2].[O&D1&v2&H1&+0&!R:3]>>[C&D3&v4&H1&+0&R&z2:1]-[O&D2&v2&H0&+0&!R:3].[O&D1&v2&H1&+0&!R:2],517
185,[O&D1&v2&H1&+0&!R:1].[O&D2&v2&H0&+0&!R:2]-[C&D4&v4&H0&+0&R&z2:3]>>[O&D1&v2&H1&+0&!R:2].[O&D2&v2&H0&+0&!R:1]-[C&D4&v4&H0&+0&R&z2:3],517
186,[O&D1&v2&H1&+0&!R:1].[S&D2&v2&H0&+0&!R:2]-[C&D3&v4&H0&+0&!R&z3:3]>>[C&D3&v4&H0&+0&!R&z3:3]-[O&D2&v2&H0&+0&!R:1].[S&D1&v2&H1&+0&!R:2],139
187,[N&D1&v3&H2&+0&!R:1].[S&D2&v2&H0&+0&!R:2]-[C&D3&v4&H0&+0&!R&z2:3]=[O&D1&v2&H0&+0&!R:4]>>[C&D3&v4&H0&+0&!R&z2:3](=[O&D1&v2&H0&+0&!R:4])-[N&D2&v3&H1&+0&!R:1].[S&D1&v2&H1&+0&!R:2],347
188,[C&D3&v4&H1&+0&!R&z2:1](-[O&D1&v2&H1&+0&!R:2])-[C&D2&v4&H2&+0&!R&z0:3]-[C&D3&v4&H0&+0&!R&z2:4]=[O&D1&v2&H0&+0&!R:5]>>[C&D2&v4&H1&+0&!R&z1:1]=[C&D2&v4&H1&+0&!R&z0:3]-[C&D3&v4&H0&+0&!R&z2:4]=[O&D1&v2&H0&+0&!R:5].[O&D0&v2&H2&+0&!R:2],451
189,[C&D3&v4&H1&+0&!R&z3:1](-[O&D1&v2&H1&+0&!R:2])-[O&D2&v2&H0&+0&!R:3]>>[C&D2&v4&H1&+0&!R&z2:1]=[O&D1&v2&H0&+0&!R:2].[O&D1&v2&H1&+0&!R:3],821
190,[C&D3&v4&H1&+0&!R&z2:1]-[O&D2&v2&H0&+0&!R:2]-[O&D1&v2&H1&+0&!R:3]>>[C&D2&v4&H2&+0&!R&z1:1].[O&D1&v2&H0&+0&!R:2]=[O&D1&v2&H0&+0&!R:3],1025
191,[C&D3&v4&H1&+0&R&z2:1]-[O&D1&v2&H1&+0&!R:2].[S&D1&v2&H1&+0&!R:3]>>[O&D0&v2&H2&+0&!R:2].[S&D2&v2&H0&+0&!R:3]-[C&D3&v4&H1&+0&R&z2:1],849
192,[C&D3&v4&H1&+0&R&z1:1]-[O&D1&v2&H1&+0&!R:2].[c&D3&v4&H0&+0&R&z0:3]1:[c&D2&v4&H1&+0&R&z0:4]:[c&D2&v4&H1&+0&R&z0:5]:[c&D2&v4&H1&+0&R&z1:6]:[n&D3&v4&H0&+&R:7]:[c&D2&v4&H1&+0&R&z1:8]:1>>[C&D3&v4&H0&+0&R&z0:3]1=[C&D2&v4&H1&+0&R&z1:8]-[N&D3&v3&H0&+0&R:7]-[C&D2&v4&H1&+0&R&z1:6]=[C&D2&v4&H1&+0&R&z0:5]-[C&D2&v4&H2&+0&R&z0:4]-1.[C&D3&v4&H0&+0&R&z1:1]=[O&D1&v2&H0&+0&!R:2],435
193,[C&D3&v4&H0&+0&R&z0:1]1=[C&D2&v4&H1&+0&R&z1:2]-[N&D3&v3&H0&+0&R:3]-[C&D2&v4&H1&+0&R&z1:4]=[C&D2&v4&H1&+0&R&z0:5]-[C&D2&v4&H2&+0&R&z0:6]-1.[C&D3&v4&H0&+0&R&z1:7]=[O&D1&v2&H0&+0&!R:8]>>[C&D3&v4&H1&+0&R&z1:7]-[O&D1&v2&H1&+0&!R:8].[c&D3&v4&H0&+0&R&z0:1]1:[c&D2&v4&H1&+0&R&z0:6]:[c&D2&v4&H1&+0&R&z0:5]:[c&D2&v4&H1&+0&R&z1:4]:[n&D3&v4&H0&+&R:3]:[c&D2&v4&H1&+0&R&z1:2]:1,559
194,[N&D3&v3&H0&+0&R:1]-[C&D3&v4&H1&+0&R&z2:2].[O&D0&v2&H2&+0&!R:3]>>[C&D3&v4&H1&+0&R&z2:2]-[O&D1&v2&H1&+0&!R:3].[N&D2&v3&H1&+0&R:1],587
195,[C&D3&v4&H1&+0&R&z2:1]-[O&D1&v2&H1&+0&!R:2].[N&D2&v3&H1&+0&R:3]>>[N&D3&v3&H0&+0&R:3]-[C&D3&v4&H1&+0&R&z2:1].[O&D0&v2&H2&+0&!R:2],175
196,[O&D2&v2&H0&+0&!R:1]-[C&D3&v4&H1&+0&R&z2:2].[n&D2&v3&H1&+0&R:3]>>[O&D1&v2&H1&+0&!R:1].[n&D3&v3&H0&+0&R:3]-[C&D3&v4&H1&+0&R&z2:2],175
197,[C&D3&v4&H1&+0&R&z2:1]-[O&D1&v2&H1&+0&!R:2].[n&D2&v3&H1&+0&R:3]>>[O&D0&v2&H2&+0&!R:2].[n&D3&v3&H0&+0&R:3]-[C&D3&v4&H1&+0&R&z2:1],175
198,[C&D3&v4&H0&+0&R&z2:1](=[O&D1&v2&H0&+0&!R:2])-[N&D3&v3&H0&+0&R:3].[O&D0&v2&H2&+0&!R:4]>>([C&D3&v4&H0&+0&!R&z2:1](=[O&D1&v2&H0&+0&!R:2])-[O&D1&v2&H1&+0&!R:4].[N&D2&v3&H1&+0&!R:3]),496
199,[C&D2&v4&H2&+0&!R&z1:1]-[O&D2&v2&H0&+0&!R:2]~[*:3]~[O&D2&v2&H0&+0&!R:4].[P&D4&v5&H0&+0&!R:5]~[*:6]~[*:7]~[O&D1&v2&H1&+0&!R:8]>>[*:3](~[O&D1&v2&H1&+0&!R:2])~[O&D2&v2&H0&+0&!R:4].[P&D4&v5&H0&+0&!R:5]~[*:6]~[*:7]~[O&D2&v2&H0&+0&!R:8]-[C&D2&v4&H2&+0&!R&z1:1],517
200,[S&D2&v2&H0&+0&!R:1].[n&D3&v4&H0&+&R:2]-[C&D1&v4&H3&+0&!R&z1:3]>>[C&D1&v4&H3&+0&!R&z1:3]-[S&D3&v3&H0&+&!R:1].[n&D2&v3&H0&+0&R:2],469
201,[O&D1&v2&H1&+0&!R:1].[P&D4&v5&H0&+0&!R:2]~[*:3]~[*:4]~[O&D2&v2&H0&+0&!R:5]-[C&D2&v4&H2&+0&!R&z1:6]>>[C&D2&v4&H2&+0&!R&z1:6]-[O&D2&v2&H0&+0&!R:1].[P&D4&v5&H0&+0&!R:2]~[*:3]~[*:4]~[O&D1&v2&H1&+0&!R:5],517
202,[C&D1&v4&H3&+0&!R&z1:1]-[S&D3&v3&H0&+&!R:2].[n&D2&v3&H0&+0&R:3]>>[S&D2&v2&H0&+0&!R:2].[n&D3&v4&H0&+&R:3]-[C&D1&v4&H3&+0&!R&z1:1],798
203,[*:1](~[O&D1&v2&H1&+0&!R:2])~[*:3]~[P&D4&v5&H0&+0&!R:4].[C&D2&v4&H2&+0&!R&z1:5]-[O&D1&v2&H1&+0&!R:6]>>[C&D2&v4&H2&+0&!R&z1:5]-[O&D2&v2&H0&+0&!R:2]~[*:1]~[*:3]~[P&D4&v5&H0&+0&!R:4].[O&D0&v2&H2&+0&!R:6],517
204,[C&D3&v4&H1&+0&R&z1:1]-[O&D1&v2&H1&+0&!R:2].[O&D1&v2&H1&+0&!R:3]>>[O&D0&v2&H2&+0&!R:2].[O&D2&v2&H0&+0&!R:3]-[C&D3&v4&H1&+0&R&z1:1],517
205,[C&D2&v4&H2&+0&!R&z1:1]-[O&D2&v2&H0&+0&!R:2].[P&D4&v5&H0&+0&!R:3]-[O&D2&v2&H0&+0&!R:4]>>[C&D2&v4&H2&+0&!R&z1:1]-[O&D2&v2&H0&+0&!R:4].[P&D4&v5&H0&+0&!R:3]-[O&D2&v2&H0&+0&!R:2],994
206,[P&D4&v5&H0&+0&!R:1]-[O&D1&v2&H1&+0&!R:2].[P&D4&v5&H0&+0&!R:3]-[O&D1&v2&H1&+0&!R:4]>>[O&D0&v2&H2&+0&!R:4].[P&D4&v5&H0&+0&!R:1]-[O&D2&v2&H0&+0&!R:2]-[P&D4&v5&H0&+0&!R:3],637
207,[O&D0&v2&H2&+0&!R:1].[O&D2&v2&H0&+0&!R:2]-[C&D3&v4&H1&+0&R&z1:3]>>[C&D3&v4&H1&+0&R&z1:3]-[O&D1&v2&H1&+0&!R:1].[O&D1&v2&H1&+0&!R:2],517
208,[C&D1&v4&H2&+0&!R&z0:1]=[C&D3&v4&H0&+0&!R&z1:2]-[O&D2&v2&H0&+0&!R:3]-[P&D4&v5&H0&+0&!R:4].[O&D1&v2&H1&+0&!R:5]>>[C&D1&v4&H3&+0&!R&z0:1]-[C&D3&v4&H0&+0&!R&z1:2]=[O&D1&v2&H0&+0&!R:3].[O&D2&v2&H0&+0&!R:5]-[P&D4&v5&H0&+0&!R:4],383
209,[O&D1&v2&H1&+0&!R:1].[P&D4&v5&H0&+0&!R:2]-[O&D2&v2&H0&+0&!R:3]-[P&D4&v5&H0&+0&!R:4]>>[O&D2&v2&H0&+0&!R:1]-[P&D4&v5&H0&+0&!R:4].[P&D4&v5&H0&+0&!R:2]-[O&D1&v2&H1&+0&!R:3],637
210,[C&D1&v4&H3&+0&!R&z0:1]-[C&D3&v4&H0&+0&!R&z1:2]=[O&D1&v2&H0&+0&!R:3].[P&D4&v5&H0&+0&!R:4]-[O&D2&v2&H0&+0&!R:5]-[P&D4&v5&H0&+0&!R:6]-[O&D1&v2&H1&+0&!R:7]>>[C&D1&v4&H2&+0&!R&z0:1]=[C&D3&v4&H0&+0&!R&z1:2]-[O&D2&v2&H0&+0&!R:7]-[P&D4&v5&H0&+0&!R:6]-[O&D1&v2&H1&+0&!R:3].[P&D4&v5&H0&+0&!R:4]-[O&D1&v2&H1&+0&!R:5],248
211,[C&D2&v4&H2&+0&R&z0:1].[O&D0&v2&H2&+0&!R:2].[O&D1&v2&H0&+0&!R:3]=[C&D2&v4&H0&+0&!R&z2:4]>>[C&D2&v4&H1&+0&!R&z2:4]-[O&D1&v2&H1&+0&!R:3].[C&D3&v4&H1&+0&R&z1:1]-[O&D1&v2&H1&+0&!R:2],283
212,[C&D2&v4&H2&+0&!R&z1:1]-[O&D2&v2&H0&+0&!R:2]~[*:3]~[O&D2&v2&H0&+0&!R:4]-[P&D4&v5&H0&+0&!R:5].[O&D0&v2&H2&+0&!R:6]>>[*:3](~[O&D1&v2&H1&+0&!R:2])~[O&D2&v2&H0&+0&!R:4]-[P&D4&v5&H0&+0&!R:5].[C&D2&v4&H2&+0&!R&z1:1]-[O&D1&v2&H1&+0&!R:6],517
213,[O&D0&v2&H2&+0&!R:1].[P&D4&v5&H0&+0&!R:2]-[O&D2&v2&H0&+0&!R:3]-[P&D4&v5&H0&+0&!R:4]>>[P&D4&v5&H0&+0&!R:4]-[O&D1&v2&H1&+0&!R:3].[P&D4&v5&H0&+0&!R:2]-[O&D1&v2&H1&+0&!R:1],637
214,[O&D1&v2&H1&+0&!R:1].[c&D3&v4&H0&+0&R&z1:2]-[O&D1&v2&H1&+0&!R:3]>>[O&D0&v2&H2&+0&!R:3].[O&D2&v2&H0&+0&!R:1]-[c&D3&v4&H0&+0&R&z1:2],517
215,[O&D0&v2&H2&+0&!R:1].[O&D2&v2&H0&+0&!R:2]-[c&D3&v4&H0&+0&R&z1:3]>>[O&D1&v2&H1&+0&!R:2].[c&D3&v4&H0&+0&R&z1:3]-[O&D1&v2&H1&+0&!R:1],517
216,[C&D2&v4&H1&+0&R&z0:1]=[C&D3&v4&H0&+0&R&z0:2]-[C&D2&v4&H2&+0&R&z0:3]>>[C&D2&v4&H2&+0&R&z0:1]-[C&D3&v4&H0&+0&R&z0:2]=[C&D2&v4&H1&+0&R&z0:3],367
217,[C&D3&v4&H0&+0&R&z0:1]1=[C&D2&v4&H1&+0&R&z1:2]-[N&D3&v3&H0&+0&R:3]-[C&D2&v4&H1&+0&R&z1:4]=[C&D2&v4&H1&+0&R&z0:5]-[C&D2&v4&H2&+0&R&z0:6]-1.[C&D3&v4&H0&+0&R&z0:7]=[C&D2&v4&H1&+0&R&z0:8]>>[C&D3&v4&H1&+0&R&z0:7]-[C&D2&v4&H2&+0&R&z0:8].[c&D3&v4&H0&+0&R&z0:1]1:[c&D2&v4&H1&+0&R&z0:6]:[c&D2&v4&H1&+0&R&z0:5]:[c&D2&v4&H1&+0&R&z1:4]:[n&D3&v4&H0&+&R:3]:[c&D2&v4&H1&+0&R&z1:2]:1,515
218,[C&D2&v4&H2&+0&R&z0:1]-[C&D3&v4&H0&+0&R&z0:2]=[C&D2&v4&H1&+0&R&z0:3]>>[C&D2&v4&H1&+0&R&z0:1]=[C&D3&v4&H0&+0&R&z0:2]-[C&D2&v4&H2&+0&R&z0:3],367
219,[C&D3&v4&H1&+0&R&z0:1](-[C&D3&v4&H0&+0&!R&z2:2]-[O&D1&v2&H1&+0&!R:3])-[C&D3&v4&H1&+0&R&z1:4]-[O&D1&v2&H1&+0&!R:5].[c&D3&v4&H0&+0&R&z0:6]1:[c&D2&v4&H1&+0&R&z0:7]:[c&D2&v4&H1&+0&R&z0:8]:[c&D2&v4&H1&+0&R&z1:9]:[n&D3&v4&H0&+&R:10]:[c&D2&v4&H1&+0&R&z1:11]:1>>[C&D2&v4&H2&+0&R&z0:1]-[C&D3&v4&H0&+0&R&z1:4]=[O&D1&v2&H0&+0&!R:5].[C&D3&v4&H0&+0&R&z0:6]1=[C&D2&v4&H1&+0&R&z1:11]-[N&D3&v3&H0&+0&R:10]-[C&D2&v4&H1&+0&R&z1:9]=[C&D2&v4&H1&+0&R&z0:8]-[C&D2&v4&H2&+0&R&z0:7]-1.[O&D1&v2&H0&+0&!R:3]=[C&D2&v4&H0&+0&!R&z2:2],544
220,[C&D1&v4&H3&+0&!R&z0:1].[C&D3&v4&H0&+0&R&z0:2]1=[C&D2&v4&H1&+0&R&z1:3]-[N&D3&v3&H0&+0&R:4]-[C&D2&v4&H1&+0&R&z1:5]=[C&D2&v4&H1&+0&R&z0:6]-[C&D2&v4&H2&+0&R&z0:7]-1.[O&D1&v2&H0&+0&!R:8]=[O&D1&v2&H0&+0&!R:9]>>[C&D2&v4&H2&+0&!R&z1:1]-[O&D1&v2&H1&+0&!R:8].[O&D0&v2&H2&+0&!R:9].[c&D3&v4&H0&+0&R&z0:2]1:[c&D2&v4&H1&+0&R&z0:7]:[c&D2&v4&H1&+0&R&z0:6]:[c&D2&v4&H1&+0&R&z1:5]:[n&D3&v4&H0&+&R:4]:[c&D2&v4&H1&+0&R&z1:3]:1,710
221,[C&D2&v4&H1&+0&!R&z1:1].[C&D3&v4&H0&+0&R&z0:2]1=[C&D2&v4&H1&+0&R&z1:3]-[N&D3&v3&H0&+0&R:4]-[C&D2&v4&H1&+0&R&z1:5]=[C&D2&v4&H1&+0&R&z0:6]-[C&D2&v4&H2&+0&R&z0:7]-1.[O&D1&v2&H0&+0&!R:8]=[O&D1&v2&H0&+0&!R:9]>>[C&D3&v4&H0&+0&!R&z2:1]-[O&D1&v2&H1&+0&!R:8].[O&D0&v2&H2&+0&!R:9].[c&D3&v4&H0&+0&R&z0:2]1:[c&D2&v4&H1&+0&R&z0:7]:[c&D2&v4&H1&+0&R&z0:6]:[c&D2&v4&H1&+0&R&z1:5]:[n&D3&v4&H0&+&R:4]:[c&D2&v4&H1&+0&R&z1:3]:1,710
222,[C&D2&v4&H1&+0&!R&z1:1]=[O&D1&v2&H0&+0&!R:2].[O&D0&v2&H2&+0&!R:3].[O&D0&v2&H2&+0&!R:4].[c&D3&v4&H0&+0&R&z0:5]1:[c&D2&v4&H1&+0&R&z0:6]:[c&D2&v4&H1&+0&R&z0:7]:[c&D2&v4&H1&+0&R&z1:8]:[n&D3&v4&H0&+&R:9]:[c&D2&v4&H1&+0&R&z1:10]:1>>[C&D2&v4&H2&+0&!R&z1:1]-[O&D1&v2&H1&+0&!R:4].[C&D3&v4&H0&+0&R&z0:5]1=[C&D2&v4&H1&+0&R&z1:10]-[N&D3&v3&H0&+0&R:9]-[C&D2&v4&H1&+0&R&z1:8]=[C&D2&v4&H1&+0&R&z0:7]-[C&D2&v4&H2&+0&R&z0:6]-1.[O&D1&v2&H0&+0&!R:2]=[O&D1&v2&H0&+0&!R:3],216
223,[C&D3&v4&H0&+0&!R&z2:1]-[O&D1&v2&H1&+0&!R:2].[O&D0&v2&H2&+0&!R:3].[c&D3&v4&H0&+0&R&z0:4]1:[c&D2&v4&H1&+0&R&z0:5]:[c&D2&v4&H1&+0&R&z0:6]:[c&D2&v4&H1&+0&R&z1:7]:[n&D3&v4&H0&+&R:8]:[c&D2&v4&H1&+0&R&z1:9]:1>>[C&D2&v4&H1&+0&!R&z1:1].[C&D3&v4&H0&+0&R&z0:4]1=[C&D2&v4&H1&+0&R&z1:9]-[N&D3&v3&H0&+0&R:8]-[C&D2&v4&H1&+0&R&z1:7]=[C&D2&v4&H1&+0&R&z0:6]-[C&D2&v4&H2&+0&R&z0:5]-1.[O&D1&v2&H0&+0&!R:2]=[O&D1&v2&H0&+0&!R:3],9
224,[C&D3&v4&H1&+0&R&z1:1](-[O&D1&v2&H1&+0&!R:2])-[C&D4&v4&H0&+0&R&z0:3]-[C&D3&v4&H0&+0&!R&z2:4]-[O&D1&v2&H1&+0&!R:5].[c&D3&v4&H0&+0&R&z0:6]1:[c&D2&v4&H1&+0&R&z0:7]:[c&D2&v4&H1&+0&R&z0:8]:[c&D2&v4&H1&+0&R&z1:9]:[n&D3&v4&H0&+&R:10]:[c&D2&v4&H1&+0&R&z1:11]:1>>[C&D3&v4&H0&+0&R&z0:6]1=[C&D2&v4&H1&+0&R&z1:11]-[N&D3&v3&H0&+0&R:10]-[C&D2&v4&H1&+0&R&z1:9]=[C&D2&v4&H1&+0&R&z0:8]-[C&D2&v4&H2&+0&R&z0:7]-1.[C&D3&v4&H1&+0&R&z0:3]-[C&D3&v4&H0&+0&R&z1:1]=[O&D1&v2&H0&+0&!R:2].[O&D1&v2&H0&+0&!R:5]=[C&D2&v4&H0&+0&!R&z2:4],544
225,[C&D2&v4&H2&+0&!R&z1:1]-[O&D1&v2&H1&+0&!R:2].[C&D3&v4&H0&+0&R&z0:3]1=[C&D2&v4&H1&+0&R&z1:4]-[N&D3&v3&H0&+0&R:5]-[C&D2&v4&H1&+0&R&z1:6]=[C&D2&v4&H1&+0&R&z0:7]-[C&D2&v4&H2&+0&R&z0:8]-1.[O&D1&v2&H0&+0&!R:9]=[O&D1&v2&H0&+0&!R:10]>>[C&D2&v4&H1&+0&!R&z1:1]=[O&D1&v2&H0&+0&!R:10].[O&D0&v2&H2&+0&!R:2].[O&D0&v2&H2&+0&!R:9].[c&D3&v4&H0&+0&R&z0:3]1:[c&D2&v4&H1&+0&R&z0:8]:[c&D2&v4&H1&+0&R&z0:7]:[c&D2&v4&H1&+0&R&z1:6]:[n&D3&v4&H0&+&R:5]:[c&D2&v4&H1&+0&R&z1:4]:1,558
226,[C&D2&v4&H2&+0&!R&z1:1]-[O&D1&v2&H1&+0&!R:2].[O&D0&v2&H2&+0&!R:3].[c&D3&v4&H0&+0&R&z0:4]1:[c&D2&v4&H1&+0&R&z0:5]:[c&D2&v4&H1&+0&R&z0:6]:[c&D2&v4&H1&+0&R&z1:7]:[n&D3&v4&H0&+&R:8]:[c&D2&v4&H1&+0&R&z1:9]:1>>[C&D1&v4&H3&+0&!R&z0:1].[C&D3&v4&H0&+0&R&z0:4]1=[C&D2&v4&H1&+0&R&z1:9]-[N&D3&v3&H0&+0&R:8]-[C&D2&v4&H1&+0&R&z1:7]=[C&D2&v4&H1&+0&R&z0:6]-[C&D2&v4&H2&+0&R&z0:5]-1.[O&D1&v2&H0&+0&!R:2]=[O&D1&v2&H0&+0&!R:3],9
227,[C&D3&v4&H0&+0&R&z0:1]1=[C&D2&v4&H1&+0&R&z1:2]-[N&D3&v3&H0&+0&R:3]-[C&D2&v4&H1&+0&R&z1:4]=[C&D2&v4&H1&+0&R&z0:5]-[C&D2&v4&H2&+0&R&z0:6]-1.[C&D3&v4&H1&+0&R&z0:7]-[C&D3&v4&H0&+0&R&z1:8]=[O&D1&v2&H0&+0&!R:9].[O&D1&v2&H0&+0&!R:10]=[C&D2&v4&H0&+0&!R&z2:11]>>[C&D3&v4&H1&+0&R&z1:8](-[O&D1&v2&H1&+0&!R:9])-[C&D4&v4&H0&+0&R&z0:7]-[C&D3&v4&H0&+0&!R&z2:11]-[O&D1&v2&H1&+0&!R:10].[c&D3&v4&H0&+0&R&z0:1]1:[c&D2&v4&H1&+0&R&z0:6]:[c&D2&v4&H1&+0&R&z0:5]:[c&D2&v4&H1&+0&R&z1:4]:[n&D3&v4&H0&+&R:3]:[c&D2&v4&H1&+0&R&z1:2]:1,942
228,[C&D2&v4&H1&+0&R&z0:1]=[C&D2&v4&H1&+0&R&z0:2].[O&D0&v2&H2&+0&!R:3]>>[C&D2&v4&H2&+0&R&z0:1]-[C&D3&v4&H1&+0&R&z1:2]-[O&D1&v2&H1&+0&!R:3],703
229,[C&D2&v4&H2&+0&R&z0:1]-[C&D3&v4&H1&+0&R&z1:2]-[O&D1&v2&H1&+0&!R:3]>>[C&D2&v4&H1&+0&R&z0:1]=[C&D2&v4&H1&+0&R&z0:2].[O&D0&v2&H2&+0&!R:3],451
230,[C&D2&v4&H2&+0&R&z0:1]-[C&D3&v4&H0&+0&R&z1:2]=[O&D1&v2&H0&+0&!R:3].[C&D3&v4&H0&+0&R&z0:4]1=[C&D2&v4&H1&+0&R&z1:5]-[N&D3&v3&H0&+0&R:6]-[C&D2&v4&H1&+0&R&z1:7]=[C&D2&v4&H1&+0&R&z0:8]-[C&D2&v4&H2&+0&R&z0:9]-1.[O&D1&v2&H0&+0&!R:10]=[C&D2&v4&H0&+0&!R&z2:11]>>[C&D3&v4&H1&+0&R&z0:1](-[C&D3&v4&H0&+0&!R&z2:11]-[O&D1&v2&H1&+0&!R:10])-[C&D3&v4&H1&+0&R&z1:2]-[O&D1&v2&H1&+0&!R:3].[c&D3&v4&H0&+0&R&z0:4]1:[c&D2&v4&H1&+0&R&z0:9]:[c&D2&v4&H1&+0&R&z0:8]:[c&D2&v4&H1&+0&R&z1:7]:[n&D3&v4&H0&+&R:6]:[c&D2&v4&H1&+0&R&z1:5]:1,942
231,[C&D3&v4&H1&+0&R&z0:1]-[C&D2&v4&H2&+0&R&z0:2].[c&D3&v4&H0&+0&R&z0:3]1:[c&D2&v4&H1&+0&R&z0:4]:[c&D2&v4&H1&+0&R&z0:5]:[c&D2&v4&H1&+0&R&z1:6]:[n&D3&v4&H0&+&R:7]:[c&D2&v4&H1&+0&R&z1:8]:1>>[C&D3&v4&H0&+0&R&z0:3]1=[C&D2&v4&H1&+0&R&z1:8]-[N&D3&v3&H0&+0&R:7]-[C&D2&v4&H1&+0&R&z1:6]=[C&D2&v4&H1&+0&R&z0:5]-[C&D2&v4&H2&+0&R&z0:4]-1.[C&D3&v4&H0&+0&R&z0:1]=[C&D2&v4&H1&+0&R&z0:2],663
232,[P&D4&v5&H0&+0&!R:1]-[O&D2&v2&H0&+0&!R:2].[c&D3&v4&H0&+0&R&z1:3]-[O&D1&v2&H1&+0&!R:4]>>[P&D4&v5&H0&+0&!R:1]-[O&D1&v2&H1&+0&!R:4].[c&D3&v4&H0&+0&R&z1:3]-[O&D2&v2&H0&+0&!R:2],994
233,[P&D4&v5&H0&+0&!R:1]-[O&D1&v2&H1&+0&!R:2].[c&D3&v4&H0&+0&R&z1:3]-[O&D2&v2&H0&+0&!R:4]>>[P&D4&v5&H0&+0&!R:1]-[O&D2&v2&H0&+0&!R:4].[c&D3&v4&H0&+0&R&z1:3]-[O&D1&v2&H1&+0&!R:2],994
234,[C&D3&v4&H1&+0&R&z2:1]-[O&D2&v2&H0&+0&R:2].[O&D0&v2&H2&+0&!R:3]>>([C&D3&v4&H1&+0&!R&z2:1]-[O&D1&v2&H1&+0&!R:3].[O&D1&v2&H1&+0&!R:2]),238
235,[C&D3&v4&H0&+0&R&z0:1]1=[C&D2&v4&H1&+0&R&z1:2]-[N&D3&v3&H0&+0&R:3]-[C&D2&v4&H1&+0&R&z1:4]=[C&D2&v4&H1&+0&R&z0:5]-[C&D2&v4&H2&+0&R&z0:6]-1.[C&D3&v4&H0&+0&R&z2:7]=[O&D1&v2&H0&+0&!R:8]>>[C&D3&v4&H1&+0&R&z2:7]-[O&D1&v2&H1&+0&!R:8].[c&D3&v4&H0&+0&R&z0:1]1:[c&D2&v4&H1&+0&R&z0:6]:[c&D2&v4&H1&+0&R&z0:5]:[c&D2&v4&H1&+0&R&z1:4]:[n&D3&v4&H0&+&R:3]:[c&D2&v4&H1&+0&R&z1:2]:1,559
236,([C&D3&v4&H1&+0&R&z1:1]-[O&D1&v2&H1&+0&!R:2].[O&D1&v2&H1&+0&!R:3])>>[C&D3&v4&H1&+0&R&z1:1]-[O&D2&v2&H0&+0&R:3].[O&D0&v2&H2&+0&!R:2],493
237,([C&D3&v4&H1&+0&R&z1:1]-[O&D1&v2&H1&+0&!R:2].[O&D1&v2&H1&+0&!R:3])>>[O&D0&v2&H2&+0&!R:2].[O&D2&v2&H0&+0&R:3]-[C&D3&v4&H1&+0&R&z1:1],493
238,[C&D3&v4&H1&+0&R&z1:1]-[O&D2&v2&H0&+0&R:2].[O&D0&v2&H2&+0&!R:3]>>([C&D3&v4&H1&+0&R&z1:1]-[O&D1&v2&H1&+0&!R:3].[O&D1&v2&H1&+0&!R:2]),238
239,[O&D0&v2&H2&+0&!R:1].[O&D2&v2&H0&+0&R:2]-[C&D3&v4&H1&+0&R&z1:3]>>([C&D3&v4&H1&+0&R&z1:3]-[O&D1&v2&H1&+0&!R:1].[O&D1&v2&H1&+0&!R:2]),238
240,[C&D2&v4&H2&+0&!R&z1:1]-[O&D1&v2&H1&+0&!R:2].[O&D1&v2&H1&+0&!R:3].[P&D4&v5&H0&+0&!R:4]-[O&D2&v2&H0&+0&!R:5]-[P&D4&v5&H0&+0&!R:6]>>[C&D2&v4&H2&+0&!R&z1:1]-[O&D2&v2&H0&+0&!R:3].[P&D4&v5&H0&+0&!R:6]-[O&D1&v2&H1&+0&!R:5].[P&D4&v5&H0&+0&!R:4]-[O&D1&v2&H1&+0&!R:2],228
241,[C&D3&v4&H1&+0&R&z1:1]-[O&D1&v2&H1&+0&!R:2].[O&D2&v2&H0&+0&!R:3]-[P&D4&v5&H0&+0&!R:4]>>[C&D3&v4&H1&+0&R&z1:1]-[O&D2&v2&H0&+0&!R:3].[P&D4&v5&H0&+0&!R:4]-[O&D1&v2&H1&+0&!R:2],994
242,[C&D3&v4&H1&+0&R&z1:1]-[O&D2&v2&H0&+0&!R:2].[P&D4&v5&H0&+0&!R:3]-[O&D1&v2&H1&+0&!R:4]>>[C&D3&v4&H1&+0&R&z1:1]-[O&D1&v2&H1&+0&!R:4].[O&D2&v2&H0&+0&!R:2]-[P&D4&v5&H0&+0&!R:3],994
243,[O&D2&v2&H0&+0&!R:1]-[P&D4&v5&H0&+0&!R:2].[n&D2&v3&H1&+0&R:3]>>[O&D1&v2&H1&+0&!R:1].[n&D3&v3&H0&+0&R:3]-[P&D4&v5&H0&+0&!R:2],993
244,[O&D1&v2&H1&+0&!R:1].[P&D4&v5&H0&+0&R:2]-[O&D2&v2&H0&+0&R:3]>>([O&D1&v2&H1&+0&!R:3].[O&D2&v2&H0&+0&!R:1]-[P&D4&v5&H0&+0&!R:2]),873
245,[C&D3&v4&H1&+0&R&z1:1]-[O&D1&v2&H1&+0&!R:2].[O&D2&v2&H0&+0&!R:3]-[P&D4&v5&H0&+0&!R:4]>>[O&D2&v2&H0&+0&!R:3]-[C&D3&v4&H1&+0&R&z1:1].[P&D4&v5&H0&+0&!R:4]-[O&D1&v2&H1&+0&!R:2],994
246,[C&D2&v4&H1&+0&!R&z2:1]-[O&D1&v2&H1&+0&!R:2].[C&D3&v4&H1&+0&R&z1:3]-[O&D1&v2&H1&+0&!R:4]>>[C&D2&v4&H2&+0&R&z0:3].[O&D0&v2&H2&+0&!R:4].[O&D1&v2&H0&+0&!R:2]=[C&D2&v4&H0&+0&!R&z2:1],834
247,[C&D3&v4&H1&+0&R&z2:1]-[O&D1&v2&H1&+0&!R:2].[c&D3&v4&H0&+0&R&z0:3]1:[c&D2&v4&H1&+0&R&z0:4]:[c&D2&v4&H1&+0&R&z0:5]:[c&D2&v4&H1&+0&R&z1:6]:[n&D3&v4&H0&+&R:7]:[c&D2&v4&H1&+0&R&z1:8]:1>>[C&D3&v4&H0&+0&R&z0:3]1=[C&D2&v4&H1&+0&R&z1:8]-[N&D3&v3&H0&+0&R:7]-[C&D2&v4&H1&+0&R&z1:6]=[C&D2&v4&H1&+0&R&z0:5]-[C&D2&v4&H2&+0&R&z0:4]-1.[C&D3&v4&H0&+0&R&z2:1]=[O&D1&v2&H0&+0&!R:2],435
248,[C&D3&v4&H0&+0&R&z0:1]-[C&D4&v4&H0&+0&R&z0:2]-[C&D2&v4&H2&+0&R&z0:3]>>([C&D2&v4&H1&+0&!R&z0:1].[C&D2&v4&H1&+0&!R&z0:3]=[C&D3&v4&H0&+0&!R&z0:2]),658
249,[C&D3&v4&H1&+0&R&z0:1](-[C&D3&v4&H0&+0&R&z0:2]=[C&D2&v4&H1&+0&R&z0:3])-[C&D4&v4&H0&+0&R&z0:4]-[C&D2&v4&H2&+0&R&z0:5]>>([C&D2&v4&H1&+0&!R&z0:5]=[C&D3&v4&H0&+0&!R&z0:4].[C&D2&v4&H1&+0&!R&z0:1]=[C&D3&v4&H0&+0&!R&z0:2]-[C&D2&v4&H2&+0&!R&z0:3]),489
250,([C&D2&v4&H1&+0&!R&z0:1].[C&D2&v4&H1&+0&!R&z0:2]=[C&D3&v4&H0&+0&!R&z0:3])>>[C&D3&v4&H0&+0&R&z0:1]-[C&D4&v4&H0&+0&R&z0:3]-[C&D2&v4&H2&+0&R&z0:2],667
251,([C&D2&v4&H1&+0&!R&z0:1]=[C&D3&v4&H0&+0&!R&z0:2].[C&D2&v4&H1&+0&!R&z0:3]=[C&D3&v4&H0&+0&!R&z0:4]-[C&D2&v4&H2&+0&!R&z0:5])>>[C&D3&v4&H1&+0&R&z0:3](-[C&D3&v4&H0&+0&R&z0:4]=[C&D2&v4&H1&+0&R&z0:5])-[C&D4&v4&H0&+0&R&z0:2]-[C&D2&v4&H2&+0&R&z0:1],1004
252,[C&D3&v4&H0&+0&!R&z2:1]-[O&D1&v2&H1&+0&!R:2].[P&D4&v5&H0&+0&!R:3]-[O&D2&v2&H0&+0&!R:4]-[P&D4&v5&H0&+0&!R:5].[S&D1&v2&H1&+0&!R:6]>>[C&D3&v4&H0&+0&!R&z2:1]-[S&D2&v2&H0&+0&!R:6].[P&D4&v5&H0&+0&!R:5]-[O&D1&v2&H1&+0&!R:4].[P&D4&v5&H0&+0&!R:3]-[O&D1&v2&H1&+0&!R:2],1023
253,[C&D3&v4&H0&+0&!R&z2:1](=[O&D1&v2&H0&+0&!R:2])-[O&D2&v2&H0&+0&!R:3].[S&D1&v2&H1&+0&!R:4]>>[C&D3&v4&H0&+0&!R&z2:1](=[O&D1&v2&H0&+0&!R:2])-[S&D2&v2&H0&+0&!R:4].[O&D1&v2&H1&+0&!R:3],849
254,[C&D2&v4&H1&+0&!R&z1:1]=[C&D2&v4&H1&+0&!R&z0:2].[C&D3&v4&H0&+0&R&z0:3]1=[C&D2&v4&H1&+0&R&z1:4]-[N&D3&v3&H0&+0&R:5]-[C&D2&v4&H1&+0&R&z1:6]=[C&D2&v4&H1&+0&R&z0:7]-[C&D2&v4&H2&+0&R&z0:8]-1>>[C&D2&v4&H2&+0&!R&z1:1]-[C&D2&v4&H2&+0&!R&z0:2].[c&D3&v4&H0&+0&R&z0:3]1:[c&D2&v4&H1&+0&R&z0:8]:[c&D2&v4&H1&+0&R&z0:7]:[c&D2&v4&H1&+0&R&z1:6]:[n&D3&v4&H0&+&R:5]:[c&D2&v4&H1&+0&R&z1:4]:1,515
255,[C&D3&v4&H0&+0&!R&z2:1]-[S&D2&v2&H0&+0&!R:2].[O&D1&v2&H1&+0&!R:3].[P&D4&v5&H0&+0&!R:4]-[O&D1&v2&H1&+0&!R:5]>>[C&D3&v4&H0&+0&!R&z2:1]-[O&D1&v2&H1&+0&!R:5].[O&D2&v2&H0&+0&!R:3]-[P&D4&v5&H0&+0&!R:4].[S&D1&v2&H1&+0&!R:2],242
256,[C&D2&v4&H1&+0&!R&z1:1]=[C&D2&v4&H1&+0&!R&z0:2]-[C&D3&v4&H0&+0&!R&z2:3].[O&D0&v2&H2&+0&!R:4]>>[C&D3&v4&H0&+0&!R&z2:3]-[C&D2&v4&H2&+0&!R&z0:2]-[C&D3&v4&H1&+0&!R&z2:1]-[O&D1&v2&H1&+0&!R:4],703
257,[C&D2&v4&H1&+0&!R&z1:1]=[C&D2&v4&H1&+0&!R&z0:2]-[C&D3&v4&H0&+0&!R&z2:3].[O&D0&v2&H2&+0&!R:4]>>[C&D3&v4&H1&+0&!R&z2:1](-[O&D1&v2&H1&+0&!R:4])-[C&D2&v4&H2&+0&!R&z0:2]-[C&D3&v4&H0&+0&!R&z2:3],703
258,[C&D2&v4&H1&+0&!R&z1:1]=[C&D2&v4&H1&+0&!R&z0:2].[O&D1&v2&H1&+0&!R:3]-[O&D1&v2&H1&+0&!R:4]>>[C&D2&v4&H2&+0&!R&z1:1]-[C&D2&v4&H2&+0&!R&z0:2].[O&D1&v2&H0&+0&!R:3]=[O&D1&v2&H0&+0&!R:4],976
259,[C&D2&v4&H1&+0&!R&z1:1]=[C&D2&v4&H1&+0&!R&z0:2]-[C&D2&v4&H1&+0&!R&z0:3]=[C&D2&v4&H1&+0&!R&z0:4].[C&D3&v4&H0&+0&R&z0:5]1=[C&D2&v4&H1&+0&R&z1:6]-[N&D3&v3&H0&+0&R:7]-[C&D2&v4&H1&+0&R&z1:8]=[C&D2&v4&H1&+0&R&z0:9]-[C&D2&v4&H2&+0&R&z0:10]-1>>[C&D2&v4&H2&+0&!R&z1:1]-[C&D2&v4&H1&+0&!R&z0:2]=[C&D2&v4&H1&+0&!R&z0:3]-[C&D2&v4&H2&+0&!R&z0:4].[c&D3&v4&H0&+0&R&z0:5]1:[c&D2&v4&H1&+0&R&z0:10]:[c&D2&v4&H1&+0&R&z0:9]:[c&D2&v4&H1&+0&R&z1:8]:[n&D3&v4&H0&+&R:7]:[c&D2&v4&H1&+0&R&z1:6]:1,0
260,[C&D2&v4&H1&+0&!R&z1:1]=[C&D2&v4&H1&+0&!R&z0:2]-[C&D2&v4&H1&+0&!R&z0:3]=[C&D2&v4&H1&+0&!R&z0:4]-[C&D2&v4&H2&+0&!R&z0:5]>>[C&D2&v4&H2&+0&!R&z1:1]-[C&D2&v4&H1&+0&!R&z0:2]=[C&D2&v4&H1&+0&!R&z0:3]-[C&D2&v4&H1&+0&!R&z0:4]=[C&D2&v4&H1&+0&!R&z0:5],507
261,[C&D1&v4&H3&+0&!R&z1:1]-[S&D3&v3&H0&+&!R:2].[C&D2&v4&H1&+0&!R&z1:3]=[C&D2&v4&H1&+0&!R&z0:4]-[C&D2&v4&H2&+0&!R&z0:5]-[C&D2&v4&H2&+0&!R&z0:6]-[C&D2&v4&H2&+0&!R&z0:7]>>[C&D2&v4&H2&+0&!R&z0:7]-[C&D2&v4&H2&+0&!R&z0:1]-[C&D2&v4&H2&+0&!R&z0:6]-[C&D3&v4&H1&+0&R&z0:5]1-[C&D2&v4&H2&+0&R&z0:4]-[C&D3&v4&H1&+0&R&z1:3]-1.[S&D2&v2&H0&+0&!R:2],806
262,[C&D1&v4&H3&+0&!R&z1:1]-[S&D3&v3&H0&+&!R:2].[C&D2&v4&H1&+0&!R&z1:3]=[C&D2&v4&H1&+0&!R&z0:4]>>[C&D2&v4&H2&+0&!R&z0:4]-[C&D3&v4&H0&+0&!R&z1:3]=[C&D1&v4&H2&+0&!R&z0:1].[S&D2&v2&H0&+0&!R:2],223
263,[O&D1&v2&H1&+0&!R:1].[P&D4&v5&H0&+0&!R:2]-[O&D2&v2&H0&+0&!R:3]>>[O&D1&v2&H1&+0&!R:3].[P&D4&v5&H0&+0&!R:2]-[O&D2&v2&H0&+0&!R:1],637
264,[C&D2&v4&H1&+0&!R&z1:1]=[C&D2&v4&H1&+0&!R&z1:2]-[O&D2&v2&H0&+0&!R:3].[O&D0&v2&H2&+0&!R:4]>>[C&D2&v4&H2&+0&!R&z1:1]-[C&D2&v4&H1&+0&!R&z1:2]=[O&D1&v2&H0&+0&!R:4].[O&D1&v2&H1&+0&!R:3],769
265,[C&D2&v4&H1&+0&!R&z1:1]=[C&D2&v4&H1&+0&!R&z1:2]-[S&D2&v2&H0&+0&!R:3]>>[C&D2&v4&H2&+0&!R&z1:1]-[C&D2&v4&H1&+0&!R&z1:2]=[S&D2&v3&H0&+&!R:3],21
266,[C&D2&v4&H1&+0&!R&z2:1]=[N&D2&v3&H0&+0&!R:2]-[O&D1&v2&H1&+0&!R:3]>>[C&D2&v4&H0&+0&!R&z2:1]#[N&D1&v3&H0&+0&!R:2].[O&D0&v2&H2&+0&!R:3],320
267,[C&D2&v4&H1&+0&!R&z2:1]=[O&D1&v2&H0&+0&!R:2].[N&D1&v3&H2&+0&!R:3].[O&D1&v2&H1&+0&!R:4]-[O&D1&v2&H1&+0&!R:5]>>[C&D2&v4&H2&+0&!R&z2:1]-[N&D2&v3&H1&+0&!R:3].[O&D0&v2&H2&+0&!R:2].[O&D1&v2&H0&+0&!R:4]=[O&D1&v2&H0&+0&!R:5],294
268,[C&D2&v4&H1&+0&!R&z2:1].[S&D1&v2&H1&+0&!R:2].[c&D3&v4&H0&+0&R&z0:3]1:[c&D2&v4&H1&+0&R&z0:4]:[c&D2&v4&H1&+0&R&z0:5]:[c&D2&v4&H1&+0&R&z1:6]:[n&D3&v4&H0&+&R:7]:[c&D2&v4&H1&+0&R&z1:8]:1>>[C&D3&v4&H0&+0&R&z0:3]1=[C&D2&v4&H1&+0&R&z1:8]-[N&D3&v3&H0&+0&R:7]-[C&D2&v4&H1&+0&R&z1:6]=[C&D2&v4&H1&+0&R&z0:5]-[C&D2&v4&H2&+0&R&z0:4]-1.[S&D2&v2&H0&+0&!R:2]-[C&D3&v4&H0&+0&!R&z3:1],46
269,[C&D1&v4&H1&+0&!R&z1:1].[C&D2&v4&H1&+0&!R&z2:2]=[O&D1&v2&H0&+0&!R:3]>>[C&D3&v4&H1&+0&!R&z2:2](-[O&D1&v2&H1&+0&!R:3])-[C&D2&v4&H0&+0&!R&z1:1],439
270,[C&D2&v4&H1&+0&!R&z2:1].[S&D1&v2&H1&+0&!R:2].[c&D3&v4&H0&+0&R&z0:3]1:[c&D2&v4&H1&+0&R&z0:4]:[c&D2&v4&H1&+0&R&z0:5]:[c&D2&v4&H1&+0&R&z1:6]:[n&D3&v4&H0&+&R:7]:[c&D2&v4&H1&+0&R&z1:8]:1>>[C&D3&v4&H0&+0&!R&z3:1]-[S&D2&v2&H0&+0&!R:2].[C&D3&v4&H0&+0&R&z0:3]1=[C&D2&v4&H1&+0&R&z1:8]-[N&D3&v3&H0&+0&R:7]-[C&D2&v4&H1&+0&R&z1:6]=[C&D2&v4&H1&+0&R&z0:5]-[C&D2&v4&H2&+0&R&z0:4]-1,46
271,[C&D2&v4&H1&+0&!R&z2:1].[C&D2&v4&H1&+0&!R&z2:2]=[O&D1&v2&H0&+0&!R:3]>>[C&D3&v4&H1&+0&!R&z2:2](-[O&D1&v2&H1&+0&!R:3])-[C&D3&v4&H0&+0&!R&z2:1],439
272,[C&D2&v4&H1&+0&!R&z2:1]=[O&D1&v2&H0&+0&!R:2].[N&D0&v3&H3&+0&!R:3].[O&D1&v2&H1&+0&!R:4]-[O&D1&v2&H1&+0&!R:5]>>[C&D2&v4&H2&+0&!R&z2:1]-[N&D1&v3&H2&+0&!R:3].[O&D0&v2&H2&+0&!R:2].[O&D1&v2&H0&+0&!R:4]=[O&D1&v2&H0&+0&!R:5],294
273,[C&D2&v4&H1&+0&!R&z2:1]=[O&D1&v2&H0&+0&!R:2].[C&D3&v4&H0&+0&R&z0:3]1=[C&D2&v4&H1&+0&R&z1:4]-[N&D3&v3&H0&+0&R:5]-[C&D2&v4&H1&+0&R&z1:6]=[C&D2&v4&H1&+0&R&z0:7]-[C&D2&v4&H2&+0&R&z0:8]-1>>[C&D2&v4&H2&+0&!R&z2:1]-[O&D1&v2&H1&+0&!R:2].[c&D3&v4&H0&+0&R&z0:3]1:[c&D2&v4&H1&+0&R&z0:8]:[c&D2&v4&H1&+0&R&z0:7]:[c&D2&v4&H1&+0&R&z1:6]:[n&D3&v4&H0&+&R:5]:[c&D2&v4&H1&+0&R&z1:4]:1,559
274,[C&D2&v4&H1&+0&!R&z2:1].[O&D0&v2&H2&+0&!R:2].[c&D3&v4&H0&+0&R&z0:3]1:[c&D2&v4&H1&+0&R&z0:4]:[c&D2&v4&H1&+0&R&z0:5]:[c&D2&v4&H1&+0&R&z1:6]:[n&D3&v4&H0&+&R:7]:[c&D2&v4&H1&+0&R&z1:8]:1>>[C&D3&v4&H0&+0&!R&z3:1]-[O&D1&v2&H1&+0&!R:2].[C&D3&v4&H0&+0&R&z0:3]1=[C&D2&v4&H1&+0&R&z1:8]-[N&D3&v3&H0&+0&R:7]-[C&D2&v4&H1&+0&R&z1:6]=[C&D2&v4&H1&+0&R&z0:5]-[C&D2&v4&H2&+0&R&z0:4]-1,819
275,[C&D2&v4&H1&+0&!R&z2:1].[O&D1&v2&H1&+0&!R:2].[P&D4&v5&H0&+0&!R:3]-[O&D1&v2&H1&+0&!R:4].[c&D3&v4&H0&+0&R&z0:5]1:[c&D2&v4&H1&+0&R&z0:6]:[c&D2&v4&H1&+0&R&z0:7]:[c&D2&v4&H1&+0&R&z1:8]:[n&D3&v4&H0&+&R:9]:[c&D2&v4&H1&+0&R&z1:10]:1>>[C&D3&v4&H0&+0&!R&z3:1]-[O&D1&v2&H1&+0&!R:4].[C&D3&v4&H0&+0&R&z0:5]1=[C&D2&v4&H1&+0&R&z1:10]-[N&D3&v3&H0&+0&R:9]-[C&D2&v4&H1&+0&R&z1:8]=[C&D2&v4&H1&+0&R&z0:7]-[C&D2&v4&H2&+0&R&z0:6]-1.[O&D2&v2&H0&+0&!R:2]-[P&D4&v5&H0&+0&!R:3],247
276,[C&D2&v4&H1&+0&!R&z2:1]=[O&D1&v2&H0&+0&!R:2].[C&D2&v4&H2&+0&!R&z1:3]>>[C&D3&v4&H1&+0&!R&z2:1](-[O&D1&v2&H1&+0&!R:2])-[C&D3&v4&H1&+0&!R&z1:3],439
277,[C&D2&v4&H1&+0&!R&z2:1].[O&D0&v2&H2&+0&!R:2].[O&D1&v2&H0&+0&!R:3]=[O&D1&v2&H0&+0&!R:4]>>[C&D3&v4&H0&+0&!R&z3:1]-[O&D1&v2&H1&+0&!R:2].[O&D1&v2&H1&+0&!R:3]-[O&D1&v2&H1&+0&!R:4],121
278,[C&D2&v4&H1&+0&!R&z2:1]=[O&D1&v2&H0&+0&!R:2].[C&D3&v4&H0&+0&!R&z2:3]-[O&D1&v2&H1&+0&!R:4].[O&D1&v2&H0&+0&!R:5]=[C&D2&v4&H0&+0&!R&z2:6].[O&D1&v2&H1&+0&!R:7]>>[C&D2&v4&H2&+0&!R&z2:1]-[O&D2&v2&H0&+0&!R:7].[C&D3&v4&H0&+0&!R&z1:3]-[C&D3&v4&H0&+0&!R&z2:6]-[O&D1&v2&H1&+0&!R:5].[O&D1&v2&H0&+0&!R:4]=[O&D1&v2&H0&+0&!R:2],513
279,[C&D2&v4&H1&+0&!R&z2:1]=[O&D1&v2&H0&+0&!R:2].[N&D2&v3&H0&+0&!R:3].[O&D1&v2&H1&+0&!R:4]-[O&D1&v2&H1&+0&!R:5]>>[C&D2&v4&H2&+0&!R&z2:1]-[N&D3&v4&H0&+&!R:3].[O&D0&v2&H2&+0&!R:2].[O&D1&v2&H0&+0&!R:4]=[O&D1&v2&H0&+0&!R:5],851
280,[C&D2&v4&H1&+0&!R&z2:1]=[O&D1&v2&H0&+0&!R:2].[O&D1&v2&H1&+0&!R:3]>>[C&D3&v4&H1&+0&!R&z3:1](-[O&D1&v2&H1&+0&!R:2])-[O&D2&v2&H0&+0&!R:3],250
281,[C&D2&v4&H1&+0&!R&z2:1]=[O&D1&v2&H0&+0&!R:2].[O&D1&v2&H1&+0&!R:3]-[O&D1&v2&H1&+0&!R:4]>>[C&D2&v4&H2&+0&!R&z2:1]-[O&D1&v2&H1&+0&!R:2].[O&D1&v2&H0&+0&!R:3]=[O&D1&v2&H0&+0&!R:4],824
282,[C&D3&v4&H0&+0&!R&z0:1]=[C&D2&v4&H1&+0&!R&z0:2].[O&D0&v2&H2&+0&!R:3]>>[C&D4&v4&H0&+0&!R&z1:1](-[O&D1&v2&H1&+0&!R:3])-[C&D2&v4&H2&+0&!R&z0:2],703
283,[C&D2&v4&H2&+0&!R&z0:1]-[C&D3&v4&H0&+0&!R&z2:2]-[O&D1&v2&H1&+0&!R:3]>>[C&D1&v4&H3&+0&!R&z0:1].[O&D1&v2&H0&+0&!R:3]=[C&D2&v4&H0&+0&!R&z2:2],1009
284,[C&D3&v4&H0&+0&R&z0:1]1=[C&D2&v4&H1&+0&R&z1:2]-[N&D3&v3&H0&+0&R:3]-[C&D2&v4&H1&+0&R&z1:4]=[C&D2&v4&H1&+0&R&z0:5]-[C&D2&v4&H2&+0&R&z0:6]-1.[C&D3&v4&H0&+0&R&z0:7]=[C&D3&v4&H0&+0&R&z0:8]>>[C&D3&v4&H1&+0&R&z0:7]-[C&D3&v4&H1&+0&R&z0:8].[c&D3&v4&H0&+0&R&z0:1]1:[c&D2&v4&H1&+0&R&z0:6]:[c&D2&v4&H1&+0&R&z0:5]:[c&D2&v4&H1&+0&R&z1:4]:[n&D3&v4&H0&+&R:3]:[c&D2&v4&H1&+0&R&z1:2]:1,515
285,[C&D3&v4&H1&+0&R&z0:1]-[C&D3&v4&H1&+0&R&z0:2].[c&D3&v4&H0&+0&R&z0:3]1:[c&D2&v4&H1&+0&R&z0:4]:[c&D2&v4&H1&+0&R&z0:5]:[c&D2&v4&H1&+0&R&z1:6]:[n&D3&v4&H0&+&R:7]:[c&D2&v4&H1&+0&R&z1:8]:1>>[C&D3&v4&H0&+0&R&z0:3]1=[C&D2&v4&H1&+0&R&z1:8]-[N&D3&v3&H0&+0&R:7]-[C&D2&v4&H1&+0&R&z1:6]=[C&D2&v4&H1&+0&R&z0:5]-[C&D2&v4&H2&+0&R&z0:4]-1.[C&D3&v4&H0&+0&R&z0:1]=[C&D3&v4&H0&+0&R&z0:2],663
286,[C&D2&v4&H2&+0&!R&z1:1].[C&D3&v4&H0&+0&R&z0:2]1=[C&D2&v4&H1&+0&R&z1:3]-[N&D3&v3&H0&+0&R:4]-[C&D2&v4&H1&+0&R&z1:5]=[C&D2&v4&H1&+0&R&z0:6]-[C&D2&v4&H2&+0&R&z0:7]-1.[O&D1&v2&H0&+0&!R:8]=[O&D1&v2&H0&+0&!R:9]>>[C&D3&v4&H1&+0&!R&z2:1]-[O&D1&v2&H1&+0&!R:8].[O&D0&v2&H2&+0&!R:9].[c&D3&v4&H0&+0&R&z0:2]1:[c&D2&v4&H1&+0&R&z0:7]:[c&D2&v4&H1&+0&R&z0:6]:[c&D2&v4&H1&+0&R&z1:5]:[n&D3&v4&H0&+&R:4]:[c&D2&v4&H1&+0&R&z1:3]:1,710
287,[C&D2&v4&H2&+0&!R&z1:1].[O&D1&v2&H0&+0&!R:2]=[O&D1&v2&H0&+0&!R:3]>>[C&D3&v4&H1&+0&!R&z2:1]-[O&D2&v2&H0&+0&!R:2]-[O&D1&v2&H1&+0&!R:3],612
288,[C&D2&v4&H2&+0&!R&z1:1].[O&D1&v2&H1&+0&!R:2]-[O&D1&v2&H1&+0&!R:3]>>[C&D3&v4&H1&+0&!R&z2:1]-[O&D1&v2&H1&+0&!R:2].[O&D0&v2&H2&+0&!R:3],131
289,[C&D1&v4&H3&+0&!R&z0:1].[O&D1&v2&H0&+0&!R:2]=[C&D2&v4&H0&+0&!R&z2:3]>>[C&D2&v4&H2&+0&!R&z0:1]-[C&D3&v4&H0&+0&!R&z2:3]-[O&D1&v2&H1&+0&!R:2],439
290,[C&D3&v4&H0&+0&!R&z2:1]-[O&D2&v2&H0&+0&!R:2].[S&D1&v2&H1&+0&!R:3]>>[C&D3&v4&H0&+0&!R&z2:1]-[S&D2&v2&H0&+0&!R:3].[O&D1&v2&H1&+0&!R:2],849
291,[C&D4&v4&H0&+0&!R&z1:1](-[O&D1&v2&H1&+0&!R:2])-[C&D2&v4&H2&+0&!R&z0:3]~[*:4]~[O&D1&v2&H0&+0&!R:5]>>[C&D3&v4&H0&+0&!R&z0:1]=[C&D2&v4&H1&+0&!R&z0:3]~[*:4]~[O&D1&v2&H0&+0&!R:5].[O&D0&v2&H2&+0&!R:2],451
292,[C&D1&v4&H3&+0&!R&z0:1].[C&D3&v4&H1&+0&!R&z2:2]-[O&D1&v2&H1&+0&!R:3].[S&D2&v2&H0&+0&!R:4]>>[C&D2&v4&H2&+0&!R&z1:2].[O&D0&v2&H2&+0&!R:3].[S&D3&v3&H0&+&!R:4]-[C&D2&v4&H2&+0&!R&z1:1],85
293,[C&D3&v4&H1&+0&!R&z2:1](-[O&D1&v2&H1&+0&!R:2])-[O&D1&v2&H1&+0&!R:3]>>[C&D2&v4&H1&+0&!R&z1:1]=[O&D1&v2&H0&+0&!R:2].[O&D0&v2&H2&+0&!R:3],821
294,[C&D1&v4&H3&+0&!R&z0:1].[O&D0&v2&H2&+0&!R:2].[S&D3&v3&H0&+&!R:3]-[C&D2&v4&H2&+0&!R&z1:4]>>[C&D1&v4&H3&+0&!R&z0:4].[C&D2&v4&H2&+0&!R&z1:1]-[O&D1&v2&H1&+0&!R:2].[S&D2&v2&H0&+0&!R:3],735
295,[S&D2&v2&H0&+0&!R:1].[c&D3&v4&H0&+0&R&z0:2]-[C&D1&v4&H3&+0&!R&z0:3]>>[C&D1&v4&H3&+0&!R&z1:3]-[S&D3&v3&H0&+&!R:1].[c&D2&v4&H1&+0&R&z0:2],371
296,[C&D1&v4&H3&+0&!R&z1:1]-[S&D3&v3&H0&+&!R:2].[c&D2&v4&H1&+0&R&z0:3]>>[S&D2&v2&H0&+0&!R:2].[c&D3&v4&H0&+0&R&z0:3]-[C&D1&v4&H3&+0&!R&z0:1],588
297,[C&D3&v4&H1&+0&!R&z1:1](-[C&D1&v4&H3&+0&!R&z0:2])-[O&D1&v2&H1&+0&!R:3]>>[C&D2&v4&H1&+0&!R&z0:1]=[C&D1&v4&H2&+0&!R&z0:2].[O&D0&v2&H2&+0&!R:3],451
298,[C&D2&v4&H1&+0&!R&z0:1]=[C&D1&v4&H2&+0&!R&z0:2].[O&D0&v2&H2&+0&!R:3]>>[C&D3&v4&H1&+0&!R&z1:1](-[C&D1&v4&H3&+0&!R&z0:2])-[O&D1&v2&H1&+0&!R:3],703
299,[C&D2&v4&H1&+0&!R&z1:1]=[O&D1&v2&H0&+0&!R:2].[O&D0&v2&H2&+0&!R:3]>>[C&D3&v4&H1&+0&!R&z2:1](-[O&D1&v2&H1&+0&!R:2])-[O&D1&v2&H1&+0&!R:3],250
300,[C&D1&v4&H3&+0&!R&z0:1].[C&D2&v4&H2&+0&!R&z1:2]-[O&D1&v2&H1&+0&!R:3].[S&D2&v2&H0&+0&!R:4]>>[C&D1&v4&H3&+0&!R&z0:2].[O&D0&v2&H2&+0&!R:3].[S&D3&v3&H0&+&!R:4]-[C&D2&v4&H2&+0&!R&z1:1],85
301,[C&D2&v4&H2&+0&!R&z1:1].[O&D0&v2&H2&+0&!R:2].[S&D3&v3&H0&+&!R:3]-[C&D2&v4&H2&+0&!R&z1:4]>>[C&D1&v4&H3&+0&!R&z0:4].[C&D3&v4&H1&+0&!R&z2:1]-[O&D1&v2&H1&+0&!R:2].[S&D2&v2&H0&+0&!R:3],735
302,[C&D2&v4&H2&+0&!R&z1:1]-[C&D2&v4&H1&+0&!R&z0:2]=[C&D2&v4&H1&+0&!R&z0:3]-[C&D2&v4&H1&+0&!R&z0:4]=[C&D2&v4&H1&+0&!R&z0:5]>>[C&D2&v4&H1&+0&!R&z1:1]=[C&D2&v4&H1&+0&!R&z0:2]-[C&D2&v4&H1&+0&!R&z0:3]=[C&D2&v4&H1&+0&!R&z0:4]-[C&D2&v4&H2&+0&!R&z0:5],507
303,[C&D2&v4&H2&+0&!R&z1:1]-[C&D2&v4&H1&+0&!R&z0:2]=[C&D2&v4&H1&+0&!R&z0:3]-[C&D2&v4&H2&+0&!R&z0:4].[c&D3&v4&H0&+0&R&z0:5]1:[c&D2&v4&H1&+0&R&z0:6]:[c&D2&v4&H1&+0&R&z0:7]:[c&D2&v4&H1&+0&R&z1:8]:[n&D3&v4&H0&+&R:9]:[c&D2&v4&H1&+0&R&z1:10]:1>>[C&D2&v4&H1&+0&!R&z1:1]=[C&D2&v4&H1&+0&!R&z0:2]-[C&D2&v4&H1&+0&!R&z0:3]=[C&D2&v4&H1&+0&!R&z0:4].[C&D3&v4&H0&+0&R&z0:5]1=[C&D2&v4&H1&+0&R&z1:10]-[N&D3&v3&H0&+0&R:9]-[C&D2&v4&H1&+0&R&z1:8]=[C&D2&v4&H1&+0&R&z0:7]-[C&D2&v4&H2&+0&R&z0:6]-1,695
304,[C&D2&v4&H2&+0&!R&z1:1]-[C&D2&v4&H1&+0&!R&z1:2]=[O&D1&v2&H0&+0&!R:3].[O&D1&v2&H1&+0&!R:4]>>[C&D2&v4&H1&+0&!R&z1:1]=[C&D2&v4&H1&+0&!R&z1:2]-[O&D2&v2&H0&+0&!R:4].[O&D0&v2&H2&+0&!R:3],405
305,[C&D2&v4&H2&+0&!R&z1:1]-[C&D2&v4&H1&+0&!R&z1:2]=[S&D2&v3&H0&+&!R:3]>>[C&D2&v4&H1&+0&!R&z1:1]=[C&D2&v4&H1&+0&!R&z1:2]-[S&D2&v2&H0&+0&!R:3],911
306,[C&D2&v4&H2&+0&!R&z1:1]-[C&D2&v4&H2&+0&!R&z0:2].[c&D3&v4&H0&+0&R&z0:3]1:[c&D2&v4&H1&+0&R&z0:4]:[c&D2&v4&H1&+0&R&z0:5]:[c&D2&v4&H1&+0&R&z1:6]:[n&D3&v4&H0&+&R:7]:[c&D2&v4&H1&+0&R&z1:8]:1>>[C&D2&v4&H1&+0&!R&z1:1]=[C&D2&v4&H1&+0&!R&z0:2].[C&D3&v4&H0&+0&R&z0:3]1=[C&D2&v4&H1&+0&R&z1:8]-[N&D3&v3&H0&+0&R:7]-[C&D2&v4&H1&+0&R&z1:6]=[C&D2&v4&H1&+0&R&z0:5]-[C&D2&v4&H2&+0&R&z0:4]-1,663
307,[C&D2&v4&H2&+0&!R&z1:1]-[C&D2&v4&H2&+0&!R&z0:2].[O&D1&v2&H0&+0&!R:3]=[O&D1&v2&H0&+0&!R:4]>>[C&D2&v4&H1&+0&!R&z1:1]=[C&D2&v4&H1&+0&!R&z0:2].[O&D1&v2&H1&+0&!R:3]-[O&D1&v2&H1&+0&!R:4],734
308,[C&D2&v4&H2&+0&!R&z2:1]-[N&D2&v3&H1&+0&!R:2].[O&D0&v2&H2&+0&!R:3].[O&D1&v2&H0&+0&!R:4]=[O&D1&v2&H0&+0&!R:5]>>[C&D2&v4&H1&+0&!R&z2:1]=[O&D1&v2&H0&+0&!R:3].[N&D1&v3&H2&+0&!R:2].[O&D1&v2&H1&+0&!R:4]-[O&D1&v2&H1&+0&!R:5],792
309,[C&D2&v4&H2&+0&!R&z2:1]-[N&D1&v3&H2&+0&!R:2].[O&D0&v2&H2&+0&!R:3].[O&D1&v2&H0&+0&!R:4]=[O&D1&v2&H0&+0&!R:5]>>[C&D2&v4&H1&+0&!R&z2:1]=[O&D1&v2&H0&+0&!R:3].[N&D0&v3&H3&+0&!R:2].[O&D1&v2&H1&+0&!R:4]-[O&D1&v2&H1&+0&!R:5],792
310,[N&D2&v3&H0&+0&!R:1]=[C&D2&v4&H1&+0&!R&z1:2].[O&D1&v2&H1&+0&!R:3]-[O&D1&v2&H1&+0&!R:4]>>[N&D2&v3&H1&+0&!R:1]-[C&D2&v4&H2&+0&!R&z1:2].[O&D1&v2&H0&+0&!R:3]=[O&D1&v2&H0&+0&!R:4],680
311,[N&D2&v3&H1&+0&!R:1]-[C&D2&v4&H2&+0&!R&z1:2].[O&D1&v2&H0&+0&!R:3]=[O&D1&v2&H0&+0&!R:4]>>[N&D2&v3&H0&+0&!R:1]=[C&D2&v4&H1&+0&!R&z1:2].[O&D1&v2&H1&+0&!R:3]-[O&D1&v2&H1&+0&!R:4],670
312,[C&D2&v4&H2&+0&!R&z2:1]-[O&D1&v2&H1&+0&!R:2].[S&D1&v2&H1&+0&!R:3].[c&D3&v4&H0&+0&R&z0:4]1:[c&D2&v4&H1&+0&R&z0:5]:[c&D2&v4&H1&+0&R&z0:6]:[c&D2&v4&H1&+0&R&z1:7]:[n&D3&v4&H0&+&R:8]:[c&D2&v4&H1&+0&R&z1:9]:1.[c&D3&v4&H0&+0&R&z0:10]1:[c&D2&v4&H1&+0&R&z0:11]:[c&D2&v4&H1&+0&R&z0:12]:[c&D2&v4&H1&+0&R&z1:13]:[n&D3&v4&H0&+&R:14]:[c&D2&v4&H1&+0&R&z1:15]:1>>[C&D3&v4&H0&+0&!R&z3:1](=[O&D1&v2&H0&+0&!R:2])-[S&D2&v2&H0&+0&!R:3].[C&D3&v4&H0&+0&R&z0:10]1=[C&D2&v4&H1&+0&R&z1:15]-[N&D3&v3&H0&+0&R:14]-[C&D2&v4&H1&+0&R&z1:13]=[C&D2&v4&H1&+0&R&z0:12]-[C&D2&v4&H2&+0&R&z0:11]-1.[C&D3&v4&H0&+0&R&z0:4]1=[C&D2&v4&H1&+0&R&z1:9]-[N&D3&v3&H0&+0&R:8]-[C&D2&v4&H1&+0&R&z1:7]=[C&D2&v4&H1&+0&R&z0:6]-[C&D2&v4&H2&+0&R&z0:5]-1,424
313,[C&D2&v4&H2&+0&!R&z2:1].[O&D0&v2&H2&+0&!R:2].[c&D3&v4&H0&+0&R&z0:3]1:[c&D2&v4&H1&+0&R&z0:4]:[c&D2&v4&H1&+0&R&z0:5]:[c&D2&v4&H1&+0&R&z1:6]:[n&D3&v4&H0&+&R:7]:[c&D2&v4&H1&+0&R&z1:8]:1.[c&D3&v4&H0&+0&R&z0:9]1:[c&D2&v4&H1&+0&R&z0:10]:[c&D2&v4&H1&+0&R&z0:11]:[c&D2&v4&H1&+0&R&z1:12]:[n&D3&v4&H0&+&R:13]:[c&D2&v4&H1&+0&R&z1:14]:1>>[C&D3&v4&H0&+0&!R&z3:1]=[O&D1&v2&H0&+0&!R:2].[C&D3&v4&H0&+0&R&z0:9]1=[C&D2&v4&H1&+0&R&z1:14]-[N&D3&v3&H0&+0&R:13]-[C&D2&v4&H1&+0&R&z1:12]=[C&D2&v4&H1&+0&R&z0:11]-[C&D2&v4&H2&+0&R&z0:10]-1.[C&D3&v4&H0&+0&R&z0:3]1=[C&D2&v4&H1&+0&R&z1:8]-[N&D3&v3&H0&+0&R:7]-[C&D2&v4&H1&+0&R&z1:6]=[C&D2&v4&H1&+0&R&z0:5]-[C&D2&v4&H2&+0&R&z0:4]-1,839
314,[C&D2&v4&H2&+0&!R&z2:1]-[O&D1&v2&H1&+0&!R:2].[c&D3&v4&H0&+0&R&z0:3]1:[c&D2&v4&H1&+0&R&z0:4]:[c&D2&v4&H1&+0&R&z0:5]:[c&D2&v4&H1&+0&R&z1:6]:[n&D3&v4&H0&+&R:7]:[c&D2&v4&H1&+0&R&z1:8]:1>>[C&D2&v4&H1&+0&!R&z2:1]=[O&D1&v2&H0&+0&!R:2].[C&D3&v4&H0&+0&R&z0:3]1=[C&D2&v4&H1&+0&R&z1:8]-[N&D3&v3&H0&+0&R:7]-[C&D2&v4&H1&+0&R&z1:6]=[C&D2&v4&H1&+0&R&z0:5]-[C&D2&v4&H2&+0&R&z0:4]-1,435
315,[C&D2&v4&H2&+0&!R&z2:1]-[O&D1&v2&H1&+0&!R:2].[O&D1&v2&H0&+0&!R:3]=[O&D1&v2&H0&+0&!R:4]>>[C&D2&v4&H1&+0&!R&z2:1]=[O&D1&v2&H0&+0&!R:2].[O&D1&v2&H1&+0&!R:3]-[O&D1&v2&H1&+0&!R:4],197
316,[C&D2&v4&H2&+0&!R&z2:1]-[O&D1&v2&H1&+0&!R:2].[O&D1&v2&H1&+0&!R:3]>>[C&D2&v4&H2&+0&!R&z2:1]-[O&D2&v2&H0&+0&!R:3].[O&D0&v2&H2&+0&!R:2],517
317,[C&D2&v4&H2&+0&!R&z2:1]-[O&D2&v2&H0&+0&!R:2].[C&D3&v4&H0&+0&!R&z1:3]-[C&D3&v4&H0&+0&!R&z2:4]-[O&D1&v2&H1&+0&!R:5].[O&D1&v2&H0&+0&!R:6]=[O&D1&v2&H0&+0&!R:7]>>[C&D2&v4&H1&+0&!R&z2:1]=[O&D1&v2&H0&+0&!R:7].[C&D3&v4&H0&+0&!R&z2:3]-[O&D1&v2&H1&+0&!R:6].[O&D1&v2&H0&+0&!R:5]=[C&D2&v4&H0&+0&!R&z2:4].[O&D1&v2&H1&+0&!R:2],165
318,[C&D2&v4&H2&+0&!R&z2:1]-[O&D2&v2&H0&+0&!R:2].[O&D0&v2&H2&+0&!R:3]>>[C&D2&v4&H2&+0&!R&z2:1]-[O&D1&v2&H1&+0&!R:3].[O&D1&v2&H1&+0&!R:2],517
319,[C&D2&v4&H2&+0&!R&z2:1]-[N&D3&v4&H0&+&!R:2].[O&D0&v2&H2&+0&!R:3].[O&D1&v2&H0&+0&!R:4]=[O&D1&v2&H0&+0&!R:5]>>[C&D2&v4&H1&+0&!R&z2:1]=[O&D1&v2&H0&+0&!R:3].[N&D2&v3&H0&+0&!R:2].[O&D1&v2&H1&+0&!R:4]-[O&D1&v2&H1&+0&!R:5],95
320,[C&D3&v4&H0&+0&!R&z2:1](-[N&D1&v3&H2&+0&!R:2])=[O&D1&v2&H0&+0&!R:3].[N&D1&v3&H2&+0&!R:4]>>[N&D0&v3&H3&+0&!R:2].[N&D2&v3&H1&+0&!R:4]-[C&D3&v4&H0&+0&!R&z2:1]=[O&D1&v2&H0&+0&!R:3],316
321,[N&D1&v3&H2&+0&!R:1].[O&D2&v2&H0&+0&!R:2]-[S&D4&v6&H0&+0&!R:3]>>[N&D2&v3&H1&+0&!R:1]-[S&D4&v6&H0&+0&!R:3].[O&D1&v2&H1&+0&!R:2],239
322,[N&D1&v3&H2&+0&!R:1].[O&D1&v2&H0&+0&!R:2]=[C&D3&v4&H0&+0&!R&z2:3]-[O&D1&v2&H1&+0&!R:4]>>[N&D2&v3&H1&+0&!R:1]-[C&D3&v4&H0&+0&!R&z2:3]=[O&D1&v2&H0&+0&!R:2].[O&D0&v2&H2&+0&!R:4],175
323,[N&D1&v3&H2&+0&!R:1].[O&D1&v2&H0&+0&!R:2]=[C&D2&v4&H1&+0&!R&z1:3].[O&D1&v2&H1&+0&!R:4]-[O&D1&v2&H1&+0&!R:5]>>[N&D2&v3&H1&+0&!R:1]-[C&D2&v4&H2&+0&!R&z1:3].[O&D0&v2&H2&+0&!R:2].[O&D1&v2&H0&+0&!R:4]=[O&D1&v2&H0&+0&!R:5],294
324,([C&D3&v4&H0&+0&!R&z2:1](=[O&D1&v2&H0&+0&!R:2])-[O&D1&v2&H1&+0&!R:3].[N&D2&v3&H1&+0&!R:4])>>[C&D3&v4&H0&+0&R&z2:1](=[O&D1&v2&H0&+0&!R:2])-[N&D3&v3&H0&+0&R:4].[O&D0&v2&H2&+0&!R:3],464
325,[C&D3&v4&H0&+0&!R&z2:1](=[O&D1&v2&H0&+0&!R:2])-[N&D2&v3&H1&+0&!R:3].[P&D4&v5&H0&+0&!R:4]-[O&D1&v2&H1&+0&!R:5].[P&D4&v5&H0&+0&!R:6]-[O&D1&v2&H1&+0&!R:7]>>[C&D3&v4&H0&+0&!R&z2:1](=[O&D1&v2&H0&+0&!R:2])-[O&D1&v2&H1&+0&!R:7].[N&D1&v3&H2&+0&!R:3].[P&D4&v5&H0&+0&!R:4]-[O&D2&v2&H0&+0&!R:5]-[P&D4&v5&H0&+0&!R:6],427
326,[C&D3&v4&H0&+0&!R&z2:1](=[O&D1&v2&H0&+0&!R:2])-[O&D1&v2&H1&+0&!R:3].[N&D1&v3&H2&+0&!R:4].[P&D4&v5&H0&+0&!R:5]-[O&D2&v2&H0&+0&!R:6]>>[C&D3&v4&H0&+0&!R&z2:1](=[O&D1&v2&H0&+0&!R:2])-[N&D2&v3&H1&+0&!R:4].[O&D1&v2&H1&+0&!R:6].[P&D4&v5&H0&+0&!R:5]-[O&D1&v2&H1&+0&!R:3],471
327,[N&D2&v3&H1&+0&!R:1]-[C&D3&v4&H1&+0&!R&z2:2]-[O&D1&v2&H1&+0&!R:3]>>[N&D1&v3&H2&+0&!R:1].[O&D1&v2&H0&+0&!R:3]=[C&D2&v4&H1&+0&!R&z1:2],818
328,[N&D1&v3&H2&+0&!R:1].[O&D1&v2&H0&+0&!R:2]=[C&D2&v4&H1&+0&!R&z1:3]>>[N&D2&v3&H1&+0&!R:1]-[C&D3&v4&H1&+0&!R&z2:3]-[O&D1&v2&H1&+0&!R:2],835
329,[C&D3&v4&H0&+0&!R&z1:1]=[C&D1&v4&H2&+0&!R&z0:2].[S&D1&v2&H1&+0&!R:3]>>[C&D3&v4&H1&+0&!R&z1:1]-[C&D2&v4&H2&+0&!R&z1:2]-[S&D2&v2&H0&+0&!R:3],548
330,[N&D0&v3&H3&+0&!R:1].[N&D2&v3&H1&+0&!R:2]-[C&D3&v4&H0&+0&!R&z2:3]=[O&D1&v2&H0&+0&!R:4]>>[C&D3&v4&H0&+0&!R&z2:3](-[N&D1&v3&H2&+0&!R:1])=[O&D1&v2&H0&+0&!R:4].[N&D1&v3&H2&+0&!R:2],316
331,[N&D2&v3&H1&+0&!R:1]-[C&D3&v4&H0&+0&!R&z2:2]=[O&D1&v2&H0&+0&!R:3].[O&D0&v2&H2&+0&!R:4]>>[N&D1&v3&H2&+0&!R:1].[O&D1&v2&H0&+0&!R:3]=[C&D3&v4&H0&+0&!R&z2:2]-[O&D1&v2&H1&+0&!R:4],587
332,[C&D3&v4&H1&+0&!R&z1:1]-[O&D1&v2&H1&+0&!R:2].[O&D2&v2&H0&+0&!R:3]-[P&D4&v5&H0&+0&!R:4]>>[C&D3&v4&H1&+0&!R&z1:1]-[O&D2&v2&H0&+0&!R:3].[P&D4&v5&H0&+0&!R:4]-[O&D1&v2&H1&+0&!R:2],994
333,[O&D1&v2&H1&+0&!R:1].[n&D3&v4&H0&+&R:2]-[C&D3&v4&H1&+0&R&z2:3]>>[O&D2&v2&H0&+0&!R:1]-[C&D3&v4&H1&+0&R&z2:3].[n&D2&v3&H0&+0&R:2],222
334,[C&D3&v4&H1&+0&!R&z1:1]-[O&D1&v2&H1&+0&!R:2].[P&D4&v5&H0&+0&!R:3]-[O&D2&v2&H0&+0&!R:4]>>[C&D3&v4&H1&+0&!R&z1:1]-[O&D2&v2&H0&+0&!R:4].[P&D4&v5&H0&+0&!R:3]-[O&D1&v2&H1&+0&!R:2],994
335,[O&D2&v2&H0&+0&!R:1]-[C&D3&v4&H1&+0&R&z2:2].[n&D2&v3&H0&+0&R:3]>>[O&D1&v2&H1&+0&!R:1].[n&D3&v4&H0&+&R:3]-[C&D3&v4&H1&+0&R&z2:2],285
336,[C&D3&v4&H1&+0&!R&z1:1]-[O&D2&v2&H0&+0&!R:2].[P&D4&v5&H0&+0&!R:3]-[O&D1&v2&H1&+0&!R:4]>>[C&D3&v4&H1&+0&!R&z1:1]-[O&D1&v2&H1&+0&!R:4].[P&D4&v5&H0&+0&!R:3]-[O&D2&v2&H0&+0&!R:2],994
337,[C&D3&v4&H1&+0&!R&z1:1]-[O&D2&v2&H0&+0&!R:2].[P&D4&v5&H0&+0&!R:3]-[O&D1&v2&H1&+0&!R:4]>>[C&D3&v4&H1&+0&!R&z1:1]-[O&D1&v2&H1&+0&!R:4].[O&D2&v2&H0&+0&!R:2]-[P&D4&v5&H0&+0&!R:3],994
338,[C&D3&v4&H0&+0&!R&z2:1]-[O&D1&v2&H1&+0&!R:2].[C&D3&v4&H1&+0&!R&z1:3]-[O&D1&v2&H1&+0&!R:4].[O&D1&v2&H0&+0&!R:5]=[C&D2&v4&H0&+0&!R&z2:6]>>[C&D2&v4&H2&+0&!R&z0:3].[C&D3&v4&H0&+0&!R&z1:1]-[C&D3&v4&H0&+0&!R&z2:6]-[O&D1&v2&H1&+0&!R:5].[O&D1&v2&H0&+0&!R:4]=[O&D1&v2&H0&+0&!R:2],261
339,[C&D1&v4&H3&+0&!R&z0:1].[C&D2&v4&H1&+0&!R&z1:2]=[O&D1&v2&H0&+0&!R:3].[S&D2&v2&H0&+0&!R:4]>>[C&D2&v4&H2&+0&!R&z1:2]-[O&D1&v2&H1&+0&!R:3].[S&D3&v3&H0&+&!R:4]-[C&D2&v4&H2&+0&!R&z1:1],739
340,[C&D3&v4&H1&+0&R&z2:1]-[O&D1&v2&H1&+0&!R:2].[O&D1&v2&H1&+0&!R:3]>>[O&D0&v2&H2&+0&!R:2].[O&D2&v2&H0&+0&!R:3]-[C&D3&v4&H1&+0&R&z2:1],517
341,[O&D0&v2&H2&+0&!R:1].[O&D2&v2&H0&+0&!R:2]-[C&D3&v4&H1&+0&R&z2:3]>>[C&D3&v4&H1&+0&R&z2:3]-[O&D1&v2&H1&+0&!R:1].[O&D1&v2&H1&+0&!R:2],517
342,[N&D2&v3&H1&+0&!R:1]-[C&D3&v4&H1&+0&R&z2:2].[O&D1&v2&H1&+0&!R:3]>>[C&D3&v4&H1&+0&R&z2:2]-[O&D2&v2&H0&+0&!R:3].[N&D1&v3&H2&+0&!R:1],587
343,[N&D2&v3&H1&+0&!R:1]-[C&D3&v4&H1&+0&R&z2:2].[O&D1&v2&H1&+0&!R:3]>>[N&D1&v3&H2&+0&!R:1].[O&D2&v2&H0&+0&!R:3]-[C&D3&v4&H1&+0&R&z2:2],587
344,[N&D2&v3&H1&+0&!R:1]-[C&D3&v4&H1&+0&R&z2:2].[n&D2&v3&H0&+0&R:3]>>[N&D1&v3&H2&+0&!R:1].[n&D3&v4&H0&+&R:3]-[C&D3&v4&H1&+0&R&z2:2],943
345,[N&D2&v3&H1&+0&!R:1]-[C&D3&v4&H1&+0&R&z2:2].[O&D0&v2&H2&+0&!R:3]>>[C&D3&v4&H1&+0&R&z2:2]-[O&D1&v2&H1&+0&!R:3].[N&D1&v3&H2&+0&!R:1],587
346,[C&D2&v4&H1&+0&!R&z0:1]=[C&D3&v4&H0&+0&R&z1:2]1-[O&D2&v2&H0&+0&R:3]-[C&D3&v4&H1&+0&R&z1:4]-1.[O&D1&v2&H1&+0&!R:5]>>[O&D2&v2&H0&+0&!R:5]-[C&D3&v4&H1&+0&!R&z1:4]-[C&D3&v4&H0&+0&!R&z1:2](=[O&D1&v2&H0&+0&!R:3])-[C&D2&v4&H2&+0&!R&z0:1],420
347,[C&D2&v4&H2&+0&!R&z0:1].[C&D3&v4&H0&+0&!R&z1:2]-[C&D3&v4&H0&+0&!R&z2:3]-[O&D1&v2&H1&+0&!R:4].[O&D1&v2&H0&+0&!R:5]=[O&D1&v2&H0&+0&!R:6]>>[C&D3&v4&H0&+0&!R&z2:2]-[O&D1&v2&H1&+0&!R:6].[C&D3&v4&H1&+0&!R&z1:1]-[O&D1&v2&H1&+0&!R:5].[O&D1&v2&H0&+0&!R:4]=[C&D2&v4&H0&+0&!R&z2:3],298
348,[O&D2&v2&H0&+0&!R:1]-[C&D3&v4&H1&+0&!R&z1:2]-[C&D3&v4&H0&+0&!R&z1:3](=[O&D1&v2&H0&+0&!R:4])-[C&D2&v4&H2&+0&!R&z0:5]>>[C&D2&v4&H1&+0&!R&z0:5]=[C&D3&v4&H0&+0&R&z1:3]1-[O&D2&v2&H0&+0&R:4]-[C&D3&v4&H1&+0&R&z1:2]-1.[O&D1&v2&H1&+0&!R:1],44
349,[C&D3&v4&H1&+0&!R&z0:1]-[C&D3&v4&H0&+0&!R&z2:2]-[O&D1&v2&H1&+0&!R:3].[C&D4&v4&H0&+0&R&z1:4]12-[O&D2&v2&H0&+0&R:5]-[C&D4&v4&H0&+0&R&z1:6]-1-[C&D3&v4&H0&+0&R&z1:7](=[O&D1&v2&H0&+0&!R:8])-[c&D3&v4&H0&+0&R&z0:9]:[c&D3&v4&H0&+0&R&z0:10]-[C&D3&v4&H0&+0&R&z1:11]-2=[O&D1&v2&H0&+0&!R:12].[O&D0&v2&H2&+0&!R:13]>>[C&D2&v4&H2&+0&!R&z0:1].[O&D1&v2&H0&+0&!R:3]=[C&D2&v4&H0&+0&!R&z2:2].[O&D1&v2&H0&+0&!R:5]=[O&D1&v2&H0&+0&!R:13].[c&D3&v4&H0&+0&R&z0:4]1:[c&D3&v4&H0&+0&R&z0:6]:[c&D3&v4&H0&+0&R&z1:7](-[O&D1&v2&H1&+0&!R:8]):[c&D3&v4&H0&+0&R&z0:9]:[c&D3&v4&H0&+0&R&z0:10]:[c&D3&v4&H0&+0&R&z1:11]:1-[O&D1&v2&H1&+0&!R:12],218
350,[C&D3&v4&H1&+0&R&z2:1]-[O&D2&v2&H0&+0&!R:2].[N&D1&v3&H2&+0&!R:3]>>[N&D2&v3&H1&+0&!R:3]-[C&D3&v4&H1&+0&R&z2:1].[O&D1&v2&H1&+0&!R:2],175
351,[N&D1&v3&H2&+0&!R:1].[n&D3&v4&H0&+&R:2]-[C&D3&v4&H1&+0&R&z2:3]>>[N&D2&v3&H1&+0&!R:1]-[C&D3&v4&H1&+0&R&z2:3].[n&D2&v3&H0&+0&R:2],279
352,[C&D3&v4&H1&+0&R&z2:1]-[O&D1&v2&H1&+0&!R:2].[N&D1&v3&H2&+0&!R:3]>>[N&D2&v3&H1&+0&!R:3]-[C&D3&v4&H1&+0&R&z2:1].[O&D0&v2&H2&+0&!R:2],175
353,[N&D1&v3&H2&+0&!R:1].[O&D2&v2&H0&+0&!R:2]-[C&D3&v4&H1&+0&R&z2:3]>>[N&D2&v3&H1&+0&!R:1]-[C&D3&v4&H1&+0&R&z2:3].[O&D1&v2&H1&+0&!R:2],175
354,[C&D3&v4&H0&+0&!R&z2:1]-[O&D1&v2&H1&+0&!R:2].[P&D4&v5&H0&+0&!R:3]-[O&D2&v2&H0&+0&!R:4]>>[C&D3&v4&H0&+0&!R&z2:1]-[O&D2&v2&H0&+0&!R:4].[P&D4&v5&H0&+0&!R:3]-[O&D1&v2&H1&+0&!R:2],994
355,[C&D3&v4&H0&+0&!R&z2:1](=[O&D1&v2&H0&+0&!R:2])-[O&D2&v2&H0&+0&!R:3].[C&D3&v4&H0&+0&R&z0:4]1=[C&D2&v4&H1&+0&R&z1:5]-[N&D3&v3&H0&+0&R:6]-[C&D2&v4&H1&+0&R&z1:7]=[C&D2&v4&H1&+0&R&z0:8]-[C&D2&v4&H2&+0&R&z0:9]-1>>[C&D2&v4&H1&+0&!R&z1:1]=[O&D1&v2&H0&+0&!R:2].[O&D1&v2&H1&+0&!R:3].[c&D3&v4&H0&+0&R&z0:4]1:[c&D2&v4&H1&+0&R&z0:9]:[c&D2&v4&H1&+0&R&z0:8]:[c&D2&v4&H1&+0&R&z1:7]:[n&D3&v4&H0&+&R:6]:[c&D2&v4&H1&+0&R&z1:5]:1,232
356,[C&D3&v4&H0&+0&!R&z2:1]-[O&D2&v2&H0&+0&!R:2].[P&D4&v5&H0&+0&!R:3]-[O&D1&v2&H1&+0&!R:4]>>[C&D3&v4&H0&+0&!R&z2:1]-[O&D1&v2&H1&+0&!R:4].[P&D4&v5&H0&+0&!R:3]-[O&D2&v2&H0&+0&!R:2],994
357,[C&D2&v4&H1&+0&!R&z1:1].[O&D1&v2&H1&+0&!R:2].[c&D3&v4&H0&+0&R&z0:3]1:[c&D2&v4&H1&+0&R&z0:4]:[c&D2&v4&H1&+0&R&z0:5]:[c&D2&v4&H1&+0&R&z1:6]:[n&D3&v4&H0&+&R:7]:[c&D2&v4&H1&+0&R&z1:8]:1>>[C&D3&v4&H0&+0&!R&z2:1]-[O&D2&v2&H0&+0&!R:2].[C&D3&v4&H0&+0&R&z0:3]1=[C&D2&v4&H1&+0&R&z1:8]-[N&D3&v3&H0&+0&R:7]-[C&D2&v4&H1&+0&R&z1:6]=[C&D2&v4&H1&+0&R&z0:5]-[C&D2&v4&H2&+0&R&z0:4]-1,819
358,[C&D2&v4&H1&+0&!R&z1:1]=[O&D1&v2&H0&+0&!R:2].[N&D1&v3&H2&+0&!R:3]-[C&D3&v4&H1&+0&!R&z1:4]>>[C&D2&v4&H2&+0&!R&z1:1]-[N&D1&v3&H2&+0&!R:3].[C&D3&v4&H0&+0&!R&z1:4]=[O&D1&v2&H0&+0&!R:2],103
359,[C&D2&v4&H2&+0&!R&z1:1]-[N&D1&v3&H2&+0&!R:2].[C&D3&v4&H0&+0&!R&z1:3]=[O&D1&v2&H0&+0&!R:4]>>[C&D2&v4&H1&+0&!R&z1:1]=[O&D1&v2&H0&+0&!R:4].[N&D1&v3&H2&+0&!R:2]-[C&D3&v4&H1&+0&!R&z1:3],103
360,[C&D3&v4&H0&+0&!R&z2:1](=[O&D1&v2&H0&+0&!R:2])-[N&D2&v3&H1&+0&!R:3].[N&D0&v3&H3&+0&!R:4]>>[C&D3&v4&H0&+0&!R&z2:1](-[N&D1&v3&H2&+0&!R:4])=[O&D1&v2&H0&+0&!R:2].[N&D1&v3&H2&+0&!R:3],316
361,[C&D2&v4&H2&+0&!R&z0:1].[O&D1&v2&H0&+0&!R:2]=[C&D2&v4&H0&+0&!R&z2:3].[O&D1&v2&H0&+0&!R:4]=[O&D1&v2&H0&+0&!R:5].[c&D3&v4&H0&+0&R&z0:6]1:[c&D3&v4&H0&+0&R&z0:7]:[c&D3&v4&H0&+0&R&z1:8](-[O&D1&v2&H1&+0&!R:9]):[c&D3&v4&H0&+0&R&z0:10]:[c&D3&v4&H0&+0&R&z0:11]:[c&D3&v4&H0&+0&R&z1:12]:1-[O&D1&v2&H1&+0&!R:13]>>[C&D3&v4&H1&+0&!R&z0:1]-[C&D3&v4&H0&+0&!R&z2:3]-[O&D1&v2&H1&+0&!R:2].[C&D4&v4&H0&+0&R&z1:6]12-[O&D2&v2&H0&+0&R:5]-[C&D4&v4&H0&+0&R&z1:7]-1-[C&D3&v4&H0&+0&R&z1:8](=[O&D1&v2&H0&+0&!R:9])-[c&D3&v4&H0&+0&R&z0:10]:[c&D3&v4&H0&+0&R&z0:11]-[C&D3&v4&H0&+0&R&z1:12]-2=[O&D1&v2&H0&+0&!R:13].[O&D0&v2&H2&+0&!R:4],863
362,([C&D2&v4&H2&+0&!R&z0:1].[c&D2&v4&H1&+0&R&z0:2]).[S&D3&v3&H0&+&!R:3]-[C&D2&v4&H2&+0&!R&z1:4]>>[C&D1&v4&H3&+0&!R&z0:4].[C&D3&v4&H1&+0&R&z0:1]-[c&D3&v4&H0&+0&R&z0:2].[S&D2&v2&H0&+0&!R:3],352
363,[C&D3&v4&H0&+0&!R&z2:1](-[N&D1&v3&H2&+0&!R:2])=[O&D1&v2&H0&+0&!R:3].[N&D1&v3&H2&+0&!R:4]>>[C&D3&v4&H0&+0&!R&z2:1](=[O&D1&v2&H0&+0&!R:3])-[N&D2&v3&H1&+0&!R:4].[N&D0&v3&H3&+0&!R:2],316
364,[C&D2&v4&H1&+0&!R&z1:1]=[O&D1&v2&H0&+0&!R:2].[N&D1&v3&H2&+0&!R:3].[O&D1&v2&H1&+0&!R:4]-[O&D1&v2&H1&+0&!R:5]>>[C&D2&v4&H2&+0&!R&z1:1]-[N&D2&v3&H1&+0&!R:3].[O&D0&v2&H2&+0&!R:2].[O&D1&v2&H0&+0&!R:4]=[O&D1&v2&H0&+0&!R:5],294
365,[C&D2&v4&H1&+0&!R&z1:1]=[O&D1&v2&H0&+0&!R:2].[N&D0&v3&H3&+0&!R:3].[O&D1&v2&H1&+0&!R:4]-[O&D1&v2&H1&+0&!R:5]>>[C&D2&v4&H2&+0&!R&z1:1]-[N&D1&v3&H2&+0&!R:3].[O&D0&v2&H2&+0&!R:2].[O&D1&v2&H0&+0&!R:4]=[O&D1&v2&H0&+0&!R:5],294
366,[N&D3&v3&H0&+0&!R:1]-[C&D3&v4&H0&+0&!R&z2:2].[S&D1&v2&H1&+0&!R:3]>>[C&D3&v4&H0&+0&!R&z2:2]-[S&D2&v2&H0&+0&!R:3].[N&D2&v3&H1&+0&!R:1],124
367,[C&D3&v4&H0&+0&!R&z1:1]-[C&D3&v4&H0&+0&!R&z2:2]-[O&D1&v2&H1&+0&!R:3].[N&D3&v3&H0&+0&!R:4]-[C&D1&v4&H3&+0&!R&z1:5].[O&D1&v2&H0&+0&!R:6]=[O&D1&v2&H0&+0&!R:7]>>[C&D1&v4&H2&+0&!R&z1:5]=[O&D1&v2&H0&+0&!R:7].[C&D3&v4&H0&+0&!R&z2:1]-[O&D1&v2&H1&+0&!R:6].[N&D2&v3&H1&+0&!R:4].[O&D1&v2&H0&+0&!R:3]=[C&D2&v4&H0&+0&!R&z2:2],651
368,[N&D1&v3&H2&+0&!R:1].[S&D2&v2&H0&+0&!R:2]-[C&D3&v4&H0&+0&!R&z3:3]>>[N&D2&v3&H1&+0&!R:1]-[C&D3&v4&H0&+0&!R&z3:3].[S&D1&v2&H1&+0&!R:2],347
369,[N&D1&v3&H2&+0&!R:1].[S&D2&v2&H0&+0&!R:2]-[C&D3&v4&H0&+0&!R&z2:3]=[O&D1&v2&H0&+0&!R:4]>>[N&D2&v3&H1&+0&!R:1]-[C&D3&v4&H0&+0&!R&z2:3]=[O&D1&v2&H0&+0&!R:4].[S&D1&v2&H1&+0&!R:2],347
370,[N&D1&v3&H2&+0&!R:1].[O&D2&v2&H0&+0&!R:2]-[P&D4&v5&H0&+0&!R:3]>>[N&D2&v3&H1&+0&!R:1]-[P&D4&v5&H0&+0&!R:3].[O&D1&v2&H1&+0&!R:2],993
371,[C&D1&v4&H2&+0&!R&z1:1]=[O&D1&v2&H0&+0&!R:2].[C&D3&v4&H0&+0&!R&z2:3]-[O&D1&v2&H1&+0&!R:4].[N&D1&v3&H2&+0&!R:5].[O&D1&v2&H0&+0&!R:6]=[C&D2&v4&H0&+0&!R&z2:7]>>[C&D3&v4&H0&+0&!R&z1:3]-[C&D3&v4&H0&+0&!R&z2:7]-[O&D1&v2&H1&+0&!R:6].[N&D2&v3&H1&+0&!R:5]-[C&D1&v4&H3&+0&!R&z1:1].[O&D1&v2&H0&+0&!R:4]=[O&D1&v2&H0&+0&!R:2],880
372,[C&D2&v4&H1&+0&!R&z1:1]=[O&D1&v2&H0&+0&!R:2].[N&D1&v3&H2&+0&!R:3]>>[N&D2&v3&H1&+0&!R:3]-[C&D3&v4&H1&+0&!R&z2:1]-[O&D1&v2&H1&+0&!R:2],835
373,[C&D3&v4&H0&+0&!R&z2:1](=[O&D1&v2&H0&+0&!R:2])-[O&D2&v2&H0&+0&!R:3].[N&D1&v3&H2&+0&!R:4]>>[N&D2&v3&H1&+0&!R:4]-[C&D3&v4&H0&+0&!R&z2:1]=[O&D1&v2&H0&+0&!R:2].[O&D1&v2&H1&+0&!R:3],175
374,[C&D3&v4&H0&+0&!R&z1:1]=[O&D1&v2&H0&+0&!R:2].[C&D3&v4&H0&+0&R&z0:3]1=[C&D2&v4&H1&+0&R&z1:4]-[N&D3&v3&H0&+0&R:5]-[C&D2&v4&H1&+0&R&z1:6]=[C&D2&v4&H1&+0&R&z0:7]-[C&D2&v4&H2&+0&R&z0:8]-1.[N&D1&v3&H2&+0&!R:9]>>[N&D2&v3&H1&+0&!R:9]-[C&D3&v4&H1&+0&!R&z1:1].[O&D0&v2&H2&+0&!R:2].[c&D3&v4&H0&+0&R&z0:3]1:[c&D2&v4&H1&+0&R&z0:8]:[c&D2&v4&H1&+0&R&z0:7]:[c&D2&v4&H1&+0&R&z1:6]:[n&D3&v4&H0&+&R:5]:[c&D2&v4&H1&+0&R&z1:4]:1,520
375,[C&D3&v4&H1&+0&!R&z1:1](-[O&D1&v2&H1&+0&!R:2])-[C&D3&v4&H0&+0&!R&z2:3]=[O&D1&v2&H0&+0&!R:4].[N&D1&v3&H2&+0&!R:5]>>[N&D2&v3&H1&+0&!R:5]-[C&D3&v4&H1&+0&!R&z2:3]-[C&D3&v4&H0&+0&!R&z1:1]=[O&D1&v2&H0&+0&!R:2].[O&D0&v2&H2&+0&!R:4],381
376,[C&D2&v4&H2&+0&!R&z1:1]-[N&D2&v3&H1&+0&!R:2].[N&D1&v3&H2&+0&!R:3]>>[N&D1&v3&H2&+0&!R:2].[N&D2&v3&H1&+0&!R:3]-[C&D2&v4&H2&+0&!R&z1:1],316
377,[N&D1&v3&H2&+0&!R:1].[P&D4&v5&H0&+0&!R:2]-[O&D2&v2&H0&+0&!R:3]>>[N&D2&v3&H1&+0&!R:1]-[P&D4&v5&H0&+0&!R:2].[O&D1&v2&H1&+0&!R:3],993
378,[N&D1&v3&H2&+0&!R:1].[O&D1&v2&H0&+0&!R:2]=[C&D3&v4&H0&+0&!R&z2:3]-[O&D1&v2&H1&+0&!R:4].[P&D4&v5&H0&+0&!R:5]-[O&D2&v2&H0&+0&!R:6]-[P&D4&v5&H0&+0&!R:7]>>[N&D2&v3&H1&+0&!R:1]-[C&D3&v4&H0&+0&!R&z2:3]=[O&D1&v2&H0&+0&!R:2].[P&D4&v5&H0&+0&!R:7]-[O&D1&v2&H1&+0&!R:6].[P&D4&v5&H0&+0&!R:5]-[O&D1&v2&H1&+0&!R:4],471
379,[C&D2&v4&H2&+0&!R&z1:1]-[N&D1&v3&H2&+0&!R:2].[O&D0&v2&H2&+0&!R:3].[O&D1&v2&H0&+0&!R:4]=[O&D1&v2&H0&+0&!R:5]>>[C&D2&v4&H1&+0&!R&z1:1]=[O&D1&v2&H0&+0&!R:3].[N&D0&v3&H3&+0&!R:2].[O&D1&v2&H1&+0&!R:4]-[O&D1&v2&H1&+0&!R:5],792
380,[N&D1&v3&H2&+0&!R:1].[O&D1&v2&H0&+0&!R:2]=[C&D3&v4&H0&+0&!R&z2:3](-[O&D1&v2&H1&+0&!R:4])-[C&D2&v4&H2&+0&!R&z1:5]-[O&D1&v2&H1&+0&!R:6]>>[N&D2&v3&H1&+0&!R:1]-[C&D3&v4&H1&+0&!R&z2:3](-[O&D1&v2&H1&+0&!R:4])-[C&D2&v4&H1&+0&!R&z1:5]=[O&D1&v2&H0&+0&!R:6].[O&D0&v2&H2&+0&!R:2],381
381,[N&D1&v3&H2&+0&!R:1].[O&D1&v2&H0&+0&!R:2]=[C&D2&v4&H1&+0&!R&z1:3]-[C&D3&v4&H1&+0&!R&z1:4]-[O&D1&v2&H1&+0&!R:5]>>[N&D2&v3&H1&+0&!R:1]-[C&D2&v4&H2&+0&!R&z1:3]-[C&D3&v4&H0&+0&!R&z1:4]=[O&D1&v2&H0&+0&!R:5].[O&D0&v2&H2&+0&!R:2],381
382,[C&D3&v4&H0&+0&R&z0:1]1=[C&D2&v4&H1&+0&R&z1:2]-[N&D3&v3&H0&+0&R:3]-[C&D2&v4&H1&+0&R&z1:4]=[C&D2&v4&H1&+0&R&z0:5]-[C&D2&v4&H2&+0&R&z0:6]-1.[N&D2&v3&H0&+0&!R:7]=[C&D2&v4&H1&+0&!R&z1:8]>>[N&D2&v3&H1&+0&!R:7]-[C&D2&v4&H2&+0&!R&z1:8].[c&D3&v4&H0&+0&R&z0:1]1:[c&D2&v4&H1&+0&R&z0:6]:[c&D2&v4&H1&+0&R&z0:5]:[c&D2&v4&H1&+0&R&z1:4]:[n&D3&v4&H0&+&R:3]:[c&D2&v4&H1&+0&R&z1:2]:1,688
383,[N&D2&v3&H1&+0&!R:1]-[C&D3&v4&H0&+0&!R&z3:2].[S&D1&v2&H1&+0&!R:3]>>[N&D1&v3&H2&+0&!R:1].[S&D2&v2&H0&+0&!R:3]-[C&D3&v4&H0&+0&!R&z3:2],124
384,[N&D2&v3&H1&+0&!R:1]-[C&D3&v4&H0&+0&!R&z2:2]=[O&D1&v2&H0&+0&!R:3].[O&D1&v2&H1&+0&!R:4]>>[C&D3&v4&H0&+0&!R&z2:2](=[O&D1&v2&H0&+0&!R:3])-[O&D2&v2&H0&+0&!R:4].[N&D1&v3&H2&+0&!R:1],587
385,[N&D2&v3&H1&+0&!R:1]-[C&D3&v4&H0&+0&!R&z2:2]=[O&D1&v2&H0&+0&!R:3].[S&D1&v2&H1&+0&!R:4]>>[N&D1&v3&H2&+0&!R:1].[S&D2&v2&H0&+0&!R:4]-[C&D3&v4&H0&+0&!R&z2:2]=[O&D1&v2&H0&+0&!R:3],124
386,[C&D2&v4&H2&+0&!R&z1:1]-[N&D2&v3&H1&+0&!R:2].[N&D0&v3&H3&+0&!R:3]>>[C&D2&v4&H2&+0&!R&z1:1]-[N&D1&v3&H2&+0&!R:3].[N&D1&v3&H2&+0&!R:2],316
387,[C&D3&v4&H0&+0&!R&z2:1](=[O&D1&v2&H0&+0&!R:2])-[S&D2&v2&H0&+0&!R:3].[S&D1&v2&H1&+0&!R:4]>>[S&D1&v2&H1&+0&!R:3].[S&D2&v2&H0&+0&!R:4]-[C&D3&v4&H0&+0&!R&z2:1]=[O&D1&v2&H0&+0&!R:2],777
388,[S&D1&v2&H1&+0&!R:1].[S&D2&v2&H0&+0&!R:2]-[C&D3&v4&H0&+0&!R&z2:3]=[O&D1&v2&H0&+0&!R:4]>>[S&D1&v2&H1&+0&!R:2].[S&D2&v2&H0&+0&!R:1]-[C&D3&v4&H0&+0&!R&z2:3]=[O&D1&v2&H0&+0&!R:4],777
389,[C&D3&v4&H0&+0&!R&z2:1]-[S&D2&v2&H0&+0&!R:2].[S&D1&v2&H1&+0&!R:3]>>[S&D1&v2&H1&+0&!R:2].[S&D2&v2&H0&+0&!R:3]-[C&D3&v4&H0&+0&!R&z2:1],777
390,([S&D1&v2&H1&+0&!R:1].[S&D1&v2&H1&+0&!R:2]).[c&D3&v4&H0&+0&R&z0:3]1:[c&D2&v4&H1&+0&R&z0:4]:[c&D2&v4&H1&+0&R&z0:5]:[c&D2&v4&H1&+0&R&z1:6]:[n&D3&v4&H0&+&R:7]:[c&D2&v4&H1&+0&R&z1:8]:1>>[C&D3&v4&H0&+0&R&z0:3]1=[C&D2&v4&H1&+0&R&z1:8]-[N&D3&v3&H0&+0&R:7]-[C&D2&v4&H1&+0&R&z1:6]=[C&D2&v4&H1&+0&R&z0:5]-[C&D2&v4&H2&+0&R&z0:4]-1.[S&D2&v2&H0&+0&R:2]-[S&D2&v2&H0&+0&R:1],104
391,[N&D2&v3&H1&+0&!R:1]-[C&D3&v4&H0&+0&!R&z2:2]=[O&D1&v2&H0&+0&!R:3].[O&D1&v2&H1&+0&!R:4].[P&D4&v5&H0&+0&!R:5]-[O&D1&v2&H1&+0&!R:6]>>[N&D1&v3&H2&+0&!R:1].[O&D1&v2&H0&+0&!R:3]=[C&D3&v4&H0&+0&!R&z2:2]-[O&D1&v2&H1&+0&!R:6].[O&D2&v2&H0&+0&!R:4]-[P&D4&v5&H0&+0&!R:5],427
392,[S&D1&v2&H1&+0&!R:1].[S&D2&v2&H0&+0&!R:2]-[C&D3&v4&H0&+0&!R&z2:3]>>[C&D3&v4&H0&+0&!R&z2:3]-[S&D2&v2&H0&+0&!R:1].[S&D1&v2&H1&+0&!R:2],777
393,[O&D1&v2&H0&+0&!R:1]=[C&D2&v4&H0&+0&!R&z2:2].([S&D1&v2&H1&+0&!R:3].[S&D2&v2&H0&+0&!R:4]-[C&D3&v4&H0&+0&!R&z2:5])>>[C&D3&v4&H0&+0&!R&z1:5]-[C&D3&v4&H0&+0&!R&z2:2]-[O&D1&v2&H1&+0&!R:1].[S&D2&v2&H0&+0&R:4]-[S&D2&v2&H0&+0&R:3],310
394,[O&D1&v2&H0&+0&!R:1]=[C&D2&v4&H0&+0&!R&z2:2].([S&D1&v2&H1&+0&!R:3].[S&D2&v2&H0&+0&!R:4]-[C&D3&v4&H0&+0&!R&z2:5]=[O&D1&v2&H0&+0&!R:6])>>[C&D3&v4&H0&+0&!R&z1:5](=[O&D1&v2&H0&+0&!R:6])-[C&D3&v4&H0&+0&!R&z2:2]-[O&D1&v2&H1&+0&!R:1].[S&D2&v2&H0&+0&R:4]-[S&D2&v2&H0&+0&R:3],310
395,[S&D1&v2&H1&+0&!R:1].[S&D2&v2&H0&+0&!R:2]-[C&D3&v4&H0&+0&!R&z2:3]=[O&D1&v2&H0&+0&!R:4]>>[C&D3&v4&H0&+0&!R&z2:3](=[O&D1&v2&H0&+0&!R:4])-[S&D2&v2&H0&+0&!R:1].[S&D1&v2&H1&+0&!R:2],777
396,[O&D1&v2&H0&+0&!R:1]=[C&D2&v4&H0&+0&!R&z2:2].([S&D1&v2&H1&+0&!R:3].[S&D2&v2&H0&+0&!R:4]-[C&D2&v4&H2&+0&!R&z2:5])>>[C&D2&v4&H2&+0&!R&z1:5]-[C&D3&v4&H0&+0&!R&z2:2]-[O&D1&v2&H1&+0&!R:1].[S&D2&v2&H0&+0&R:4]-[S&D2&v2&H0&+0&R:3],310
397,[C&D3&v4&H0&+0&!R&z1:1]-[C&D3&v4&H0&+0&!R&z2:2]-[O&D1&v2&H1&+0&!R:3].[S&D2&v2&H0&+0&R:4]-[S&D2&v2&H0&+0&R:5]>>[O&D1&v2&H0&+0&!R:3]=[C&D2&v4&H0&+0&!R&z2:2].([S&D1&v2&H1&+0&!R:5].[S&D2&v2&H0&+0&!R:4]-[C&D3&v4&H0&+0&!R&z2:1]),475
398,[C&D3&v4&H0&+0&R&z0:1]1=[C&D2&v4&H1&+0&R&z1:2]-[N&D3&v3&H0&+0&R:3]-[C&D2&v4&H1&+0&R&z1:4]=[C&D2&v4&H1&+0&R&z0:5]-[C&D2&v4&H2&+0&R&z0:6]-1.[S&D2&v2&H0&+0&R:7]-[S&D2&v2&H0&+0&R:8]>>([S&D1&v2&H1&+0&!R:8].[S&D1&v2&H1&+0&!R:7]).[c&D3&v4&H0&+0&R&z0:1]1:[c&D2&v4&H1&+0&R&z0:6]:[c&D2&v4&H1&+0&R&z0:5]:[c&D2&v4&H1&+0&R&z1:4]:[n&D3&v4&H0&+&R:3]:[c&D2&v4&H1&+0&R&z1:2]:1,514
399,[C&D2&v4&H2&+0&!R&z1:1]-[C&D3&v4&H0&+0&!R&z2:2]-[O&D1&v2&H1&+0&!R:3].[S&D2&v2&H0&+0&R:4]-[S&D2&v2&H0&+0&R:5]>>[O&D1&v2&H0&+0&!R:3]=[C&D2&v4&H0&+0&!R&z2:2].([S&D1&v2&H1&+0&!R:5].[S&D2&v2&H0&+0&!R:4]-[C&D2&v4&H2&+0&!R&z2:1]),475
400,[N&D3&v3&H0&+0&R:1]-[C&D3&v4&H0&+0&!R&z3:2].[P&D4&v5&H0&+0&!R:3]-[O&D1&v2&H1&+0&!R:4].[P&D4&v5&H0&+0&!R:5]-[O&D1&v2&H1&+0&!R:6]>>[C&D3&v4&H0&+0&!R&z3:2]-[O&D1&v2&H1&+0&!R:6].[N&D2&v3&H1&+0&R:1].[P&D4&v5&H0&+0&!R:3]-[O&D2&v2&H0&+0&!R:4]-[P&D4&v5&H0&+0&!R:5],427
401,[C&D3&v4&H0&+0&!R&z3:1]-[O&D1&v2&H1&+0&!R:2].[N&D2&v3&H1&+0&R:3].[P&D4&v5&H0&+0&!R:4]-[O&D2&v2&H0&+0&!R:5]>>[N&D3&v3&H0&+0&R:3]-[C&D3&v4&H0&+0&!R&z3:1].[O&D1&v2&H1&+0&!R:5].[P&D4&v5&H0&+0&!R:4]-[O&D1&v2&H1&+0&!R:2],471
402,[C&D2&v4&H2&+0&!R&z1:1]-[N&D2&v3&H1&+0&!R:2].[O&D0&v2&H2&+0&!R:3].[O&D1&v2&H0&+0&!R:4]=[O&D1&v2&H0&+0&!R:5]>>[C&D2&v4&H1&+0&!R&z1:1]=[O&D1&v2&H0&+0&!R:3].[N&D1&v3&H2&+0&!R:2].[O&D1&v2&H1&+0&!R:4]-[O&D1&v2&H1&+0&!R:5],792
403,[N&D2&v3&H1&+0&!R:1]-[C&D3&v4&H1&+0&!R&z1:2].[O&D0&v2&H2&+0&!R:3].[c&D3&v4&H0&+0&R&z0:4]1:[c&D2&v4&H1&+0&R&z0:5]:[c&D2&v4&H1&+0&R&z0:6]:[c&D2&v4&H1&+0&R&z1:7]:[n&D3&v4&H0&+&R:8]:[c&D2&v4&H1&+0&R&z1:9]:1>>[C&D3&v4&H0&+0&!R&z1:2]=[O&D1&v2&H0&+0&!R:3].[C&D3&v4&H0&+0&R&z0:4]1=[C&D2&v4&H1&+0&R&z1:9]-[N&D3&v3&H0&+0&R:8]-[C&D2&v4&H1&+0&R&z1:7]=[C&D2&v4&H1&+0&R&z0:6]-[C&D2&v4&H2&+0&R&z0:5]-1.[N&D1&v3&H2&+0&!R:1],555
404,[N&D2&v3&H1&+0&!R:1]-[C&D3&v4&H1&+0&!R&z2:2]-[C&D3&v4&H0&+0&!R&z1:3]=[O&D1&v2&H0&+0&!R:4].[O&D0&v2&H2&+0&!R:5]>>[C&D3&v4&H1&+0&!R&z1:3](-[O&D1&v2&H1&+0&!R:4])-[C&D3&v4&H0&+0&!R&z2:2]=[O&D1&v2&H0&+0&!R:5].[N&D1&v3&H2&+0&!R:1],267
405,[N&D2&v3&H1&+0&!R:1]-[C&D3&v4&H1&+0&!R&z2:2]-[O&D1&v2&H1&+0&!R:3]>>[C&D2&v4&H1&+0&!R&z1:2]=[O&D1&v2&H0&+0&!R:3].[N&D1&v3&H2&+0&!R:1],818
406,[N&D2&v3&H1&+0&!R:1]-[C&D3&v4&H1&+0&!R&z2:2]-[C&D2&v4&H1&+0&!R&z1:3]=[O&D1&v2&H0&+0&!R:4].[O&D0&v2&H2&+0&!R:5]>>[N&D1&v3&H2&+0&!R:1].[O&D1&v2&H0&+0&!R:5]=[C&D3&v4&H0&+0&!R&z2:2]-[C&D2&v4&H2&+0&!R&z1:3]-[O&D1&v2&H1&+0&!R:4],267
407,[C&D1&v4&H2&+0&!R&z1:1]=[O&D1&v2&H0&+0&!R:2].[C&D3&v4&H0&+0&!R&z2:3]-[O&D1&v2&H1&+0&!R:4].[N&D2&v3&H1&+0&!R:5].[O&D1&v2&H0&+0&!R:6]=[C&D2&v4&H0&+0&!R&z2:7]>>[C&D3&v4&H0&+0&!R&z1:3]-[C&D3&v4&H0&+0&!R&z2:7]-[O&D1&v2&H1&+0&!R:6].[N&D3&v3&H0&+0&!R:5]-[C&D1&v4&H3&+0&!R&z1:1].[O&D1&v2&H0&+0&!R:4]=[O&D1&v2&H0&+0&!R:2],880
408,[C&D3&v4&H0&+0&!R&z2:1]-[S&D2&v2&H0&+0&!R:2].[N&D2&v3&H1&+0&!R:3]>>[N&D3&v3&H0&+0&!R:3]-[C&D3&v4&H0&+0&!R&z2:1].[S&D1&v2&H1&+0&!R:2],347
409,[C&D3&v4&H0&+0&!R&z1:1]-[C&D3&v4&H0&+0&!R&z2:2]-[O&D1&v2&H1&+0&!R:3].[N&D2&v3&H1&+0&!R:4]-[C&D1&v4&H3&+0&!R&z1:5].[O&D1&v2&H0&+0&!R:6]=[O&D1&v2&H0&+0&!R:7]>>[C&D1&v4&H2&+0&!R&z1:5]=[O&D1&v2&H0&+0&!R:7].[C&D3&v4&H0&+0&!R&z2:1]-[O&D1&v2&H1&+0&!R:6].[N&D1&v3&H2&+0&!R:4].[O&D1&v2&H0&+0&!R:3]=[C&D2&v4&H0&+0&!R&z2:2],651
410,[N&D2&v3&H1&+0&!R:1]-[C&D2&v4&H2&+0&!R&z1:2]-[C&D3&v4&H0&+0&!R&z1:3]=[O&D1&v2&H0&+0&!R:4].[O&D0&v2&H2&+0&!R:5]>>[N&D1&v3&H2&+0&!R:1].[O&D1&v2&H0&+0&!R:5]=[C&D2&v4&H1&+0&!R&z1:2]-[C&D3&v4&H1&+0&!R&z1:3]-[O&D1&v2&H1&+0&!R:4],267
411,[N&D2&v3&H1&+0&!R:1]-[C&D2&v4&H2&+0&!R&z1:2].[c&D3&v4&H0&+0&R&z0:3]1:[c&D2&v4&H1&+0&R&z0:4]:[c&D2&v4&H1&+0&R&z0:5]:[c&D2&v4&H1&+0&R&z1:6]:[n&D3&v4&H0&+&R:7]:[c&D2&v4&H1&+0&R&z1:8]:1>>[C&D3&v4&H0&+0&R&z0:3]1=[C&D2&v4&H1&+0&R&z1:8]-[N&D3&v3&H0&+0&R:7]-[C&D2&v4&H1&+0&R&z1:6]=[C&D2&v4&H1&+0&R&z0:5]-[C&D2&v4&H2&+0&R&z0:4]-1.[N&D2&v3&H0&+0&!R:1]=[C&D2&v4&H1&+0&!R&z1:2],904
412,[N&D1&v3&H2&+0&!R:1].[N&D2&v3&H1&+0&!R:2]-[C&D2&v4&H2&+0&!R&z1:3]>>[C&D2&v4&H2&+0&!R&z1:3]-[N&D2&v3&H1&+0&!R:1].[N&D1&v3&H2&+0&!R:2],316
413,[N&D2&v3&H1&+0&!R:1]-[P&D4&v5&H0&+0&!R:2].[O&D1&v2&H1&+0&!R:3]>>[N&D1&v3&H2&+0&!R:1].[O&D2&v2&H0&+0&!R:3]-[P&D4&v5&H0&+0&!R:2],543
414,[N&D2&v3&H1&+0&!R:1]-[P&D4&v5&H0&+0&!R:2].[O&D1&v2&H1&+0&!R:3]>>[N&D1&v3&H2&+0&!R:1].[P&D4&v5&H0&+0&!R:2]-[O&D2&v2&H0&+0&!R:3],543
415,[N&D1&v3&H2&+0&!R:1].[P&D4&v5&H0&+0&!R:2]-[O&D2&v2&H0&+0&!R:3]-[P&D4&v5&H0&+0&!R:4]>>[N&D2&v3&H1&+0&!R:1]-[P&D4&v5&H0&+0&!R:4].[P&D4&v5&H0&+0&!R:2]-[O&D1&v2&H1&+0&!R:3],993
416,[N&D1&v3&H2&+0&!R:1].[P&D4&v5&H0&+0&!R:2]-[O&D1&v2&H1&+0&!R:3]>>[N&D2&v3&H1&+0&!R:1]-[P&D4&v5&H0&+0&!R:2].[O&D0&v2&H2&+0&!R:3],993
417,[C&D3&v4&H0&+0&!R&z3:1](=[N&D1&v3&H1&+0&!R:2])-[N&D1&v3&H2&+0&!R:3].[O&D0&v2&H2&+0&!R:4]>>[C&D3&v4&H0&+0&!R&z3:1](-[N&D1&v3&H2&+0&!R:2])=[O&D1&v2&H0&+0&!R:4].[N&D0&v3&H3&+0&!R:3],462
418,[C&D1&v4&H2&+0&!R&z1:1]=[O&D1&v2&H0&+0&!R:2].[C&D3&v4&H0&+0&!R&z2:3]-[O&D1&v2&H1&+0&!R:4].[N&D1&v3&H1&+0&!R:5].[O&D1&v2&H0&+0&!R:6]=[C&D2&v4&H0&+0&!R&z2:7]>>[C&D3&v4&H0&+0&!R&z1:3]-[C&D3&v4&H0&+0&!R&z2:7]-[O&D1&v2&H1&+0&!R:6].[N&D2&v3&H0&+0&!R:5]-[C&D1&v4&H3&+0&!R&z1:1].[O&D1&v2&H0&+0&!R:4]=[O&D1&v2&H0&+0&!R:2],880
419,[C&D1&v4&H3&+0&!R&z1:1]-[S&D3&v3&H0&+&!R:2].[N&D1&v3&H1&+0&!R:3]>>[N&D2&v3&H0&+0&!R:3]-[C&D1&v4&H3&+0&!R&z1:1].[S&D2&v2&H0&+0&!R:2],208
420,[N&D2&v3&H1&+0&!R:1]-[P&D4&v5&H0&+0&!R:2].[O&D0&v2&H2&+0&!R:3]>>[N&D1&v3&H2&+0&!R:1].[P&D4&v5&H0&+0&!R:2]-[O&D1&v2&H1&+0&!R:3],543
421,[N&D2&v3&H0&+0&!R:1]-[C&D1&v4&H3&+0&!R&z1:2].[S&D2&v2&H0&+0&!R:3]>>[C&D1&v4&H3&+0&!R&z1:2]-[S&D3&v3&H0&+&!R:3].[N&D1&v3&H1&+0&!R:1],573
422,[C&D3&v4&H0&+0&!R&z1:1]-[C&D3&v4&H0&+0&!R&z2:2]-[O&D1&v2&H1&+0&!R:3].[N&D2&v3&H0&+0&!R:4]-[C&D1&v4&H3&+0&!R&z1:5].[O&D1&v2&H0&+0&!R:6]=[O&D1&v2&H0&+0&!R:7]>>[C&D1&v4&H2&+0&!R&z1:5]=[O&D1&v2&H0&+0&!R:7].[C&D3&v4&H0&+0&!R&z2:1]-[O&D1&v2&H1&+0&!R:6].[N&D1&v3&H1&+0&!R:4].[O&D1&v2&H0&+0&!R:3]=[C&D2&v4&H0&+0&!R&z2:2],651
423,[C&D3&v4&H0&+0&!R&z3:1](-[N&D1&v3&H2&+0&!R:2])=[O&D1&v2&H0&+0&!R:3].[N&D0&v3&H3&+0&!R:4]>>[C&D3&v4&H0&+0&!R&z3:1](=[N&D1&v3&H1&+0&!R:2])-[N&D1&v3&H2&+0&!R:4].[O&D0&v2&H2&+0&!R:3],937
424,[C&D1&v4&H3&+0&!R&z1:1]-[S&D3&v3&H0&+&!R:2].[S&D2&v2&H0&+0&!R:3]>>[S&D2&v2&H0&+0&!R:2].[S&D3&v3&H0&+&!R:3]-[C&D1&v4&H3&+0&!R&z1:1],323
425,[S&D2&v2&H0&+0&!R:1].[S&D3&v3&H0&+&!R:2]-[C&D1&v4&H3&+0&!R&z1:3]>>[C&D1&v4&H3&+0&!R&z1:3]-[S&D3&v3&H0&+&!R:1].[S&D2&v2&H0&+0&!R:2],323
426,[C&D3&v4&H0&+0&!R&z2:1]-[O&D2&v2&H0&+0&!R:2].[O&D1&v2&H1&+0&!R:3]>>[O&D1&v2&H1&+0&!R:2].[O&D2&v2&H0&+0&!R:3]-[C&D3&v4&H0&+0&!R&z2:1],517
427,[C&D2&v4&H2&+0&!R&z1:1]-[O&D1&v2&H1&+0&!R:2].[S&D3&v3&H0&+&!R:3]-[C&D2&v4&H2&+0&!R&z1:4]>>[C&D1&v4&H3&+0&!R&z0:4].[C&D2&v4&H1&+0&!R&z1:1]=[O&D1&v2&H0&+0&!R:2].[S&D2&v2&H0&+0&!R:3],73
428,[O&D1&v2&H1&+0&!R:1].[P&D4&v5&H0&+0&!R:2]-[O&D2&v2&H0&+0&!R:3]>>[O&D1&v2&H1&+0&!R:3].[O&D2&v2&H0&+0&!R:1]-[P&D4&v5&H0&+0&!R:2],637
429,[O&D2&v2&H0&+0&!R:1]-[C&D3&v4&H0&+0&!R&z3:2].[S&D1&v2&H1&+0&!R:3]>>[C&D3&v4&H0&+0&!R&z3:2]-[S&D2&v2&H0&+0&!R:3].[O&D1&v2&H1&+0&!R:1],849
430,[O&D1&v2&H1&+0&!R:1].[O&D2&v2&H0&+0&!R:2]-[C&D3&v4&H0&+0&!R&z2:3]>>[C&D3&v4&H0&+0&!R&z2:3]-[O&D2&v2&H0&+0&!R:1].[O&D1&v2&H1&+0&!R:2],517
431,[O&D1&v2&H1&+0&!R:1].[O&D2&v2&H0&+0&!R:2]-[P&D4&v5&H0&+0&!R:3]>>[O&D1&v2&H1&+0&!R:2].[P&D4&v5&H0&+0&!R:3]-[O&D2&v2&H0&+0&!R:1],637
432,[C&D4&v4&H0&+0&!R&z2:1](-[O&D1&v2&H1&+0&!R:2])-[C&D2&v4&H2&+0&!R&z0:3]-[C&D3&v4&H0&+0&!R&z2:4](=[O&D1&v2&H0&+0&!R:5])-[O&D1&v2&H1&+0&!R:6].[S&D1&v2&H1&+0&!R:7]>>[C&D3&v4&H0&+0&!R&z2:1]=[O&D1&v2&H0&+0&!R:2].[O&D0&v2&H2&+0&!R:6].[S&D2&v2&H0&+0&!R:7]-[C&D3&v4&H0&+0&!R&z2:4](-[C&D1&v4&H3&+0&!R&z0:3])=[O&D1&v2&H0&+0&!R:5],970
433,[C&D2&v4&H2&+0&!R&z0:1]-[C&D3&v4&H0&+0&!R&z2:2].[O&D1&v2&H0&+0&!R:3]=[C&D2&v4&H0&+0&!R&z2:4].[S&D1&v2&H1&+0&!R:5]>>[C&D2&v4&H2&+0&!R&z0:1]-[C&D3&v4&H0&+0&!R&z2:4]-[O&D1&v2&H1&+0&!R:3].[S&D2&v2&H0&+0&!R:5]-[C&D3&v4&H0&+0&!R&z3:2],567
434,[C&D2&v4&H2&+0&!R&z0:1]-[C&D3&v4&H0&+0&!R&z1:2]=[O&D1&v2&H0&+0&!R:3].[O&D1&v2&H0&+0&!R:4]=[C&D2&v4&H0&+0&!R&z2:5].[S&D1&v2&H1&+0&!R:6]>>[C&D2&v4&H2&+0&!R&z0:1]-[C&D3&v4&H0&+0&!R&z2:5]-[O&D1&v2&H1&+0&!R:4].[S&D2&v2&H0&+0&!R:6]-[C&D3&v4&H0&+0&!R&z2:2]=[O&D1&v2&H0&+0&!R:3],567
435,[C&D4&v4&H0&+0&!R&z1:1](-[O&D1&v2&H1&+0&!R:2])-[C&D2&v4&H2&+0&!R&z0:3]-[C&D3&v4&H0&+0&!R&z2:4](=[O&D1&v2&H0&+0&!R:5])-[O&D1&v2&H1&+0&!R:6].[S&D1&v2&H1&+0&!R:7]>>[C&D3&v4&H0&+0&!R&z1:1]=[O&D1&v2&H0&+0&!R:2].[O&D0&v2&H2&+0&!R:6].[S&D2&v2&H0&+0&!R:7]-[C&D3&v4&H0&+0&!R&z2:4](-[C&D1&v4&H3&+0&!R&z0:3])=[O&D1&v2&H0&+0&!R:5],970
436,[C&D3&v4&H0&+0&!R&z2:1](=[O&D1&v2&H0&+0&!R:2])-[O&D1&v2&H1&+0&!R:3].[S&D1&v2&H1&+0&!R:4]>>[O&D0&v2&H2&+0&!R:3].[S&D2&v2&H0&+0&!R:4]-[C&D3&v4&H0&+0&!R&z2:1]=[O&D1&v2&H0&+0&!R:2],849
437,[C&D3&v4&H0&+0&!R&z2:1]-[O&D1&v2&H1&+0&!R:2].[P&D4&v5&H0&+0&!R:3]-[O&D2&v2&H0&+0&!R:4]-[P&D4&v5&H0&+0&!R:5].[S&D1&v2&H1&+0&!R:6]>>[P&D4&v5&H0&+0&!R:5]-[O&D1&v2&H1&+0&!R:4].[P&D4&v5&H0&+0&!R:3]-[O&D1&v2&H1&+0&!R:2].[S&D2&v2&H0&+0&!R:6]-[C&D3&v4&H0&+0&!R&z2:1],1023
438,[C&D2&v4&H2&+0&!R&z1:1]-[O&D2&v2&H0&+0&!R:2].[O&D2&v2&H0&+0&!R:3]-[P&D4&v5&H0&+0&!R:4]>>[C&D2&v4&H2&+0&!R&z1:1]-[O&D2&v2&H0&+0&!R:3].[O&D2&v2&H0&+0&!R:2]-[P&D4&v5&H0&+0&!R:4],994
439,[C&D3&v4&H1&+0&!R&z1:1]-[C&D3&v4&H0&+0&!R&z1:2]=[O&D1&v2&H0&+0&!R:3].[O&D1&v2&H0&+0&!R:4]=[C&D2&v4&H0&+0&!R&z2:5].[S&D1&v2&H1&+0&!R:6]>>[C&D3&v4&H1&+0&!R&z1:1]-[C&D3&v4&H0&+0&!R&z2:5]-[O&D1&v2&H1&+0&!R:4].[S&D2&v2&H0&+0&!R:6]-[C&D3&v4&H0&+0&!R&z2:2]=[O&D1&v2&H0&+0&!R:3],567
440,[C&D3&v4&H0&+0&!R&z2:1]-[N&D3&v3&H0&+0&!R:2].[S&D1&v2&H1&+0&!R:3]>>[N&D2&v3&H1&+0&!R:2].[S&D2&v2&H0&+0&!R:3]-[C&D3&v4&H0&+0&!R&z2:1],124
441,[C&D3&v4&H0&+0&!R&z2:1]-[O&D2&v2&H0&+0&!R:2].[S&D1&v2&H1&+0&!R:3]>>[O&D1&v2&H1&+0&!R:2].[S&D2&v2&H0&+0&!R:3]-[C&D3&v4&H0&+0&!R&z2:1],849
442,[O&D2&v2&H0&+0&!R:1]-[C&D3&v4&H0&+0&!R&z2:2]=[O&D1&v2&H0&+0&!R:3].[S&D1&v2&H1&+0&!R:4]>>[O&D1&v2&H1&+0&!R:1].[S&D2&v2&H0&+0&!R:4]-[C&D3&v4&H0&+0&!R&z2:2]=[O&D1&v2&H0&+0&!R:3],849
443,[C&D3&v4&H0&+0&!R&z1:1](=[O&D1&v2&H0&+0&!R:2])-[C&D3&v4&H1&+0&!R&z1:3].[O&D1&v2&H0&+0&!R:4]=[C&D2&v4&H0&+0&!R&z2:5].[S&D1&v2&H1&+0&!R:6]>>[C&D3&v4&H1&+0&!R&z1:3]-[C&D3&v4&H0&+0&!R&z2:5]-[O&D1&v2&H1&+0&!R:4].[S&D2&v2&H0&+0&!R:6]-[C&D3&v4&H0&+0&!R&z2:1]=[O&D1&v2&H0&+0&!R:2],567
444,[C&D2&v4&H2&+0&!R&z1:1]-[O&D1&v2&H1&+0&!R:2].[S&D1&v2&H1&+0&!R:3].[c&D3&v4&H0&+0&R&z0:4]1:[c&D2&v4&H1&+0&R&z0:5]:[c&D2&v4&H1&+0&R&z0:6]:[c&D2&v4&H1&+0&R&z1:7]:[n&D3&v4&H0&+&R:8]:[c&D2&v4&H1&+0&R&z1:9]:1.[c&D3&v4&H0&+0&R&z0:10]1:[c&D2&v4&H1&+0&R&z0:11]:[c&D2&v4&H1&+0&R&z0:12]:[c&D2&v4&H1&+0&R&z1:13]:[n&D3&v4&H0&+&R:14]:[c&D2&v4&H1&+0&R&z1:15]:1>>[C&D3&v4&H0&+0&R&z0:10]1=[C&D2&v4&H1&+0&R&z1:15]-[N&D3&v3&H0&+0&R:14]-[C&D2&v4&H1&+0&R&z1:13]=[C&D2&v4&H1&+0&R&z0:12]-[C&D2&v4&H2&+0&R&z0:11]-1.[C&D3&v4&H0&+0&R&z0:4]1=[C&D2&v4&H1&+0&R&z1:9]-[N&D3&v3&H0&+0&R:8]-[C&D2&v4&H1&+0&R&z1:7]=[C&D2&v4&H1&+0&R&z0:6]-[C&D2&v4&H2&+0&R&z0:5]-1.[S&D2&v2&H0&+0&!R:3]-[C&D3&v4&H0&+0&!R&z2:1]=[O&D1&v2&H0&+0&!R:2],424
445,[C&D2&v4&H1&+0&!R&z1:1].[S&D1&v2&H1&+0&!R:2].[c&D3&v4&H0&+0&R&z0:3]1:[c&D2&v4&H1&+0&R&z0:4]:[c&D2&v4&H1&+0&R&z0:5]:[c&D2&v4&H1&+0&R&z1:6]:[n&D3&v4&H0&+&R:7]:[c&D2&v4&H1&+0&R&z1:8]:1>>[C&D3&v4&H0&+0&R&z0:3]1=[C&D2&v4&H1&+0&R&z1:8]-[N&D3&v3&H0&+0&R:7]-[C&D2&v4&H1&+0&R&z1:6]=[C&D2&v4&H1&+0&R&z0:5]-[C&D2&v4&H2&+0&R&z0:4]-1.[S&D2&v2&H0&+0&!R:2]-[C&D3&v4&H0&+0&!R&z2:1],46
446,[C&D3&v4&H0&+0&!R&z2:1](=[O&D1&v2&H0&+0&!R:2])-[O&D1&v2&H1&+0&!R:3].[P&D4&v5&H0&+0&!R:4]-[O&D2&v2&H0&+0&!R:5].[S&D1&v2&H1&+0&!R:6]>>[O&D1&v2&H1&+0&!R:5].[P&D4&v5&H0&+0&!R:4]-[O&D1&v2&H1&+0&!R:3].[S&D2&v2&H0&+0&!R:6]-[C&D3&v4&H0&+0&!R&z2:1]=[O&D1&v2&H0&+0&!R:2],1023
447,[O&D1&v2&H0&+0&!R:1]=[C&D3&v4&H0&+0&!R&z2:2]-[O&D1&v2&H1&+0&!R:3].[P&D4&v5&H0&+0&!R:4]-[O&D2&v2&H0&+0&!R:5]-[P&D4&v5&H0&+0&!R:6].[S&D1&v2&H1&+0&!R:7]>>[P&D4&v5&H0&+0&!R:6]-[O&D1&v2&H1&+0&!R:5].[P&D4&v5&H0&+0&!R:4]-[O&D1&v2&H1&+0&!R:3].[S&D2&v2&H0&+0&!R:7]-[C&D3&v4&H0&+0&!R&z2:2]=[O&D1&v2&H0&+0&!R:1],1023
448,[C&D2&v4&H2&+0&!R&z0:1]-[C&D3&v4&H0&+0&!R&z2:2]-[O&D1&v2&H1&+0&!R:3].[S&D2&v2&H0&+0&!R:4]-[C&D3&v4&H0&+0&!R&z3:5]>>[C&D2&v4&H2&+0&!R&z0:1]-[C&D3&v4&H0&+0&!R&z2:5].[O&D1&v2&H0&+0&!R:3]=[C&D2&v4&H0&+0&!R&z2:2].[S&D1&v2&H1&+0&!R:4],655
449,[C&D3&v4&H0&+0&R&z0:1]1=[C&D2&v4&H1&+0&R&z1:2]-[N&D3&v3&H0&+0&R:3]-[C&D2&v4&H1&+0&R&z1:4]=[C&D2&v4&H1&+0&R&z0:5]-[C&D2&v4&H2&+0&R&z0:6]-1.[S&D2&v2&H0&+0&!R:7]-[C&D3&v4&H0&+0&!R&z3:8]>>[C&D2&v4&H1&+0&!R&z2:8].[S&D1&v2&H1&+0&!R:7].[c&D3&v4&H0&+0&R&z0:1]1:[c&D2&v4&H1&+0&R&z0:6]:[c&D2&v4&H1&+0&R&z0:5]:[c&D2&v4&H1&+0&R&z1:4]:[n&D3&v4&H0&+&R:3]:[c&D2&v4&H1&+0&R&z1:2]:1,706
450,[O&D1&v2&H1&+0&!R:1].[P&D4&v5&H0&+0&!R:2]-[O&D1&v2&H1&+0&!R:3].[S&D2&v2&H0&+0&!R:4]-[C&D3&v4&H0&+0&!R&z3:5]>>[C&D3&v4&H0&+0&!R&z3:5]-[O&D1&v2&H1&+0&!R:3].[O&D2&v2&H0&+0&!R:1]-[P&D4&v5&H0&+0&!R:2].[S&D1&v2&H1&+0&!R:4],242
451,[O&D0&v2&H2&+0&!R:1].[S&D2&v2&H0&+0&!R:2]-[C&D3&v4&H0&+0&!R&z3:3]>>[C&D3&v4&H0&+0&!R&z3:3]-[O&D1&v2&H1&+0&!R:1].[S&D1&v2&H1&+0&!R:2],139
452,[O&D1&v2&H1&+0&!R:1].[P&D4&v5&H0&+0&!R:2]-[O&D1&v2&H1&+0&!R:3].[S&D2&v2&H0&+0&!R:4]-[C&D3&v4&H0&+0&!R&z2:5]=[O&D1&v2&H0&+0&!R:6]>>[C&D3&v4&H0&+0&!R&z2:5](=[O&D1&v2&H0&+0&!R:6])-[O&D1&v2&H1&+0&!R:3].[O&D2&v2&H0&+0&!R:1]-[P&D4&v5&H0&+0&!R:2].[S&D1&v2&H1&+0&!R:4],242
453,[O&D1&v2&H1&+0&!R:1].[S&D2&v2&H0&+0&!R:2]-[C&D3&v4&H0&+0&!R&z2:3]=[O&D1&v2&H0&+0&!R:4]>>[C&D3&v4&H0&+0&!R&z2:3](=[O&D1&v2&H0&+0&!R:4])-[O&D2&v2&H0&+0&!R:1].[S&D1&v2&H1&+0&!R:2],139
454,[O&D1&v2&H1&+0&!R:1].[S&D2&v2&H0&+0&!R:2]-[C&D3&v4&H0&+0&!R&z2:3]=[O&D1&v2&H0&+0&!R:4]>>[O&D2&v2&H0&+0&!R:1]-[C&D3&v4&H0&+0&!R&z2:3]=[O&D1&v2&H0&+0&!R:4].[S&D1&v2&H1&+0&!R:2],139
455,[C&D4&v4&H0&+0&R&z1:1]-[O&D1&v2&H1&+0&!R:2].[O&D0&v2&H2&+0&!R:3].[c&D3&v4&H0&+0&R&z0:4]1:[c&D2&v4&H1&+0&R&z0:5]:[c&D2&v4&H1&+0&R&z0:6]:[c&D2&v4&H1&+0&R&z1:7]:[n&D3&v4&H0&+&R:8]:[c&D2&v4&H1&+0&R&z1:9]:1>>[C&D3&v4&H0&+0&R&z0:4]1=[C&D2&v4&H1&+0&R&z1:9]-[N&D3&v3&H0&+0&R:8]-[C&D2&v4&H1&+0&R&z1:7]=[C&D2&v4&H1&+0&R&z0:6]-[C&D2&v4&H2&+0&R&z0:5]-1.[C&D3&v4&H1&+0&R&z0:1].[O&D1&v2&H0&+0&!R:2]=[O&D1&v2&H0&+0&!R:3],9
456,[O&D0&v2&H2&+0&!R:1].[S&D2&v2&H0&+0&!R:2]-[C&D3&v4&H0&+0&!R&z2:3]=[O&D1&v2&H0&+0&!R:4]>>[C&D3&v4&H0&+0&!R&z2:3](=[O&D1&v2&H0&+0&!R:4])-[O&D1&v2&H1&+0&!R:1].[S&D1&v2&H1&+0&!R:2],139
457,[C&D3&v4&H0&+0&R&z0:1]1=[C&D2&v4&H1&+0&R&z1:2]-[N&D3&v3&H0&+0&R:3]-[C&D2&v4&H1&+0&R&z1:4]=[C&D2&v4&H1&+0&R&z0:5]-[C&D2&v4&H2&+0&R&z0:6]-1.[C&D3&v4&H1&+0&R&z0:7].[O&D1&v2&H0&+0&!R:8]=[O&D1&v2&H0&+0&!R:9]>>[C&D4&v4&H0&+0&R&z1:7]-[O&D1&v2&H1&+0&!R:8].[O&D0&v2&H2&+0&!R:9].[c&D3&v4&H0&+0&R&z0:1]1:[c&D2&v4&H1&+0&R&z0:6]:[c&D2&v4&H1&+0&R&z0:5]:[c&D2&v4&H1&+0&R&z1:4]:[n&D3&v4&H0&+&R:3]:[c&D2&v4&H1&+0&R&z1:2]:1,710
458,[O&D1&v2&H1&+0&!R:1].[P&D4&v5&H0&+0&!R:2]-[O&D1&v2&H1&+0&!R:3].[S&D2&v2&H0&+0&!R:4]-[C&D3&v4&H0&+0&!R&z2:5]=[O&D1&v2&H0&+0&!R:6]>>[O&D1&v2&H0&+0&!R:6]=[C&D3&v4&H0&+0&!R&z2:5]-[O&D1&v2&H1&+0&!R:3].[O&D2&v2&H0&+0&!R:1]-[P&D4&v5&H0&+0&!R:2].[S&D1&v2&H1&+0&!R:4],242
459,[N&D2&v3&H1&+0&!R:1].[S&D2&v2&H0&+0&!R:2]-[C&D3&v4&H0&+0&!R&z2:3]=[O&D1&v2&H0&+0&!R:4]>>[C&D3&v4&H0&+0&!R&z2:3](=[O&D1&v2&H0&+0&!R:4])-[N&D3&v3&H0&+0&!R:1].[S&D1&v2&H1&+0&!R:2],347
460,[C&D2&v4&H1&+0&!R&z0:1]=[C&D3&v4&H0&+0&!R&z0:2].[O&D0&v2&H2&+0&!R:3]>>[C&D2&v4&H2&+0&!R&z0:1]-[C&D4&v4&H0&+0&!R&z1:2]-[O&D1&v2&H1&+0&!R:3],703
461,[C&D2&v4&H1&+0&!R&z0:1]=[C&D2&v4&H1&+0&!R&z0:2].[C&D3&v4&H0&+0&R&z0:3]1=[C&D2&v4&H1&+0&R&z1:4]-[N&D3&v3&H0&+0&R:5]-[C&D2&v4&H1&+0&R&z1:6]=[C&D2&v4&H1&+0&R&z0:7]-[C&D2&v4&H2&+0&R&z0:8]-1>>[C&D2&v4&H2&+0&!R&z0:1]-[C&D2&v4&H2&+0&!R&z0:2].[c&D3&v4&H0&+0&R&z0:3]1:[c&D2&v4&H1&+0&R&z0:8]:[c&D2&v4&H1&+0&R&z0:7]:[c&D2&v4&H1&+0&R&z1:6]:[n&D3&v4&H0&+&R:5]:[c&D2&v4&H1&+0&R&z1:4]:1,515
462,[O&D1&v2&H1&+0&!R:1].[P&D4&v5&H0&+0&!R:2]-[O&D1&v2&H1&+0&!R:3].[S&D2&v2&H0&+0&!R:4]-[C&D3&v4&H0&+0&!R&z2:5]>>[C&D3&v4&H0&+0&!R&z2:5]-[O&D1&v2&H1&+0&!R:3].[O&D2&v2&H0&+0&!R:1]-[P&D4&v5&H0&+0&!R:2].[S&D1&v2&H1&+0&!R:4],242
463,[O&D1&v2&H1&+0&!R:1].[S&D2&v2&H0&+0&!R:2]-[C&D3&v4&H0&+0&!R&z2:3]>>[C&D3&v4&H0&+0&!R&z2:3]-[O&D2&v2&H0&+0&!R:1].[S&D1&v2&H1&+0&!R:2],139
464,[C&D2&v4&H1&+0&!R&z0:1]=[C&D2&v4&H1&+0&!R&z0:2].[O&D0&v2&H2&+0&!R:3]>>[C&D2&v4&H2&+0&!R&z0:1]-[C&D3&v4&H1&+0&!R&z1:2]-[O&D1&v2&H1&+0&!R:3],703
465,[C&D3&v4&H0&+0&!R&z2:1]-[C&D2&v4&H1&+0&!R&z0:2]=[C&D2&v4&H1&+0&!R&z0:3].[O&D0&v2&H2&+0&!R:4]>>[C&D3&v4&H0&+0&!R&z2:1]-[C&D2&v4&H2&+0&!R&z0:2]-[C&D3&v4&H1&+0&!R&z1:3]-[O&D1&v2&H1&+0&!R:4],703
466,[C&D2&v4&H1&+0&!R&z0:1]=[C&D2&v4&H1&+0&!R&z0:2]-[C&D2&v4&H2&+0&!R&z0:3]>>[C&D2&v4&H2&+0&!R&z0:1]-[C&D2&v4&H1&+0&!R&z0:2]=[C&D2&v4&H1&+0&!R&z0:3],367
467,[C&D3&v4&H0&+0&!R&z2:1]=[O&D1&v2&H0&+0&!R:2].[O&D0&v2&H2&+0&!R:3].[S&D2&v2&H0&+0&!R:4]-[C&D3&v4&H0&+0&!R&z2:5](-[C&D1&v4&H3&+0&!R&z0:6])=[O&D1&v2&H0&+0&!R:7]>>[C&D4&v4&H0&+0&!R&z2:1](-[O&D1&v2&H1&+0&!R:2])-[C&D2&v4&H2&+0&!R&z0:6]-[C&D3&v4&H0&+0&!R&z2:5](=[O&D1&v2&H0&+0&!R:7])-[O&D1&v2&H1&+0&!R:3].[S&D1&v2&H1&+0&!R:4],1014
468,[C&D3&v4&H0&+0&!R&z2:1](=[O&D1&v2&H0&+0&!R:2])-[C&D2&v4&H2&+0&!R&z0:3]-[C&D3&v4&H1&+0&!R&z2:4]-[O&D1&v2&H1&+0&!R:5]>>[C&D2&v4&H1&+0&!R&z1:4]=[C&D2&v4&H1&+0&!R&z0:3]-[C&D3&v4&H0&+0&!R&z2:1]=[O&D1&v2&H0&+0&!R:2].[O&D0&v2&H2&+0&!R:5],451
469,[C&D2&v4&H2&+0&!R&z0:1]-[C&D3&v4&H0&+0&!R&z1:2]=[O&D1&v2&H0&+0&!R:3].[O&D1&v2&H0&+0&!R:4]=[C&D2&v4&H0&+0&!R&z2:5].[S&D1&v2&H1&+0&!R:6]>>[C&D2&v4&H2&+0&!R&z0:1]-[C&D3&v4&H0&+0&!R&z2:5]-[O&D1&v2&H1&+0&!R:4].[C&D3&v4&H0&+0&!R&z2:2](=[O&D1&v2&H0&+0&!R:3])-[S&D2&v2&H0&+0&!R:6],567
470,[C&D2&v4&H2&+0&!R&z0:1]-[C&D3&v4&H0&+0&!R&z2:2]-[O&D1&v2&H1&+0&!R:3].[S&D2&v2&H0&+0&!R:4]-[C&D3&v4&H0&+0&!R&z2:5]=[O&D1&v2&H0&+0&!R:6]>>[C&D2&v4&H2&+0&!R&z0:1]-[C&D3&v4&H0&+0&!R&z1:5]=[O&D1&v2&H0&+0&!R:6].[O&D1&v2&H0&+0&!R:3]=[C&D2&v4&H0&+0&!R&z2:2].[S&D1&v2&H1&+0&!R:4],655
471,[C&D3&v4&H0&+0&!R&z2:1]-[O&D1&v2&H1&+0&!R:2].[S&D2&v2&H0&+0&!R:3]-[C&D3&v4&H0&+0&!R&z2:4]>>[C&D3&v4&H0&+0&!R&z2:4]-[O&D1&v2&H1&+0&!R:2].[S&D2&v2&H0&+0&!R:3]-[C&D3&v4&H0&+0&!R&z2:1],145
472,[C&D2&v4&H2&+0&!R&z0:1]-[C&D3&v4&H0&+0&!R&z2:2]-[O&D1&v2&H1&+0&!R:3].[C&D3&v4&H0&+0&!R&z2:4](=[O&D1&v2&H0&+0&!R:5])-[S&D2&v2&H0&+0&!R:6]>>[C&D2&v4&H2&+0&!R&z0:1]-[C&D3&v4&H0&+0&!R&z1:4]=[O&D1&v2&H0&+0&!R:5].[O&D1&v2&H0&+0&!R:3]=[C&D2&v4&H0&+0&!R&z2:2].[S&D1&v2&H1&+0&!R:6],655
473,[C&D2&v4&H2&+0&!R&z0:1]-[C&D4&v4&H0&+0&!R&z1:2]-[O&D1&v2&H1&+0&!R:3]>>[C&D2&v4&H1&+0&!R&z0:1]=[C&D3&v4&H0&+0&!R&z0:2].[O&D0&v2&H2&+0&!R:3],451
474,[C&D3&v4&H0&+0&!R&z1:1]=[O&D1&v2&H0&+0&!R:2].[O&D0&v2&H2&+0&!R:3].[S&D2&v2&H0&+0&!R:4]-[C&D3&v4&H0&+0&!R&z2:5](-[C&D1&v4&H3&+0&!R&z0:6])=[O&D1&v2&H0&+0&!R:7]>>[C&D4&v4&H0&+0&!R&z1:1](-[O&D1&v2&H1&+0&!R:2])-[C&D2&v4&H2&+0&!R&z0:6]-[C&D3&v4&H0&+0&!R&z2:5](=[O&D1&v2&H0&+0&!R:7])-[O&D1&v2&H1&+0&!R:3].[S&D1&v2&H1&+0&!R:4],1014
475,[C&D3&v4&H0&+0&!R&z2:1](=[O&D1&v2&H0&+0&!R:2])-[C&D2&v4&H2&+0&!R&z0:3]-[C&D3&v4&H1&+0&!R&z1:4]-[O&D1&v2&H1&+0&!R:5]>>[C&D3&v4&H0&+0&!R&z2:1](=[O&D1&v2&H0&+0&!R:2])-[C&D2&v4&H1&+0&!R&z0:3]=[C&D2&v4&H1&+0&!R&z0:4].[O&D0&v2&H2&+0&!R:5],451
476,[C&D3&v4&H1&+0&!R&z1:1]-[C&D3&v4&H0&+0&!R&z2:2]-[O&D1&v2&H1&+0&!R:3].[S&D2&v2&H0&+0&!R:4]-[C&D3&v4&H0&+0&!R&z2:5]=[O&D1&v2&H0&+0&!R:6]>>[C&D3&v4&H0&+0&!R&z1:5](=[O&D1&v2&H0&+0&!R:6])-[C&D3&v4&H1&+0&!R&z1:1].[O&D1&v2&H0&+0&!R:3]=[C&D2&v4&H0&+0&!R&z2:2].[S&D1&v2&H1&+0&!R:4],655
477,[C&D2&v4&H2&+0&!R&z0:1]-[C&D2&v4&H1&+0&!R&z0:2]=[C&D2&v4&H1&+0&!R&z0:3]>>[C&D2&v4&H1&+0&!R&z0:1]=[C&D2&v4&H1&+0&!R&z0:2]-[C&D2&v4&H2&+0&!R&z0:3],367
478,[P&D4&v5&H0&+0&!R:1]-[O&D1&v2&H1&+0&!R:2].[P&D4&v5&H0&+0&!R:3]-[O&D1&v2&H1&+0&!R:4].[S&D2&v2&H0&+0&!R:5]-[C&D3&v4&H0&+0&!R&z2:6]=[O&D1&v2&H0&+0&!R:7]>>[C&D3&v4&H0&+0&!R&z2:6](=[O&D1&v2&H0&+0&!R:7])-[O&D1&v2&H1&+0&!R:4].[P&D4&v5&H0&+0&!R:1]-[O&D2&v2&H0&+0&!R:2]-[P&D4&v5&H0&+0&!R:3].[S&D1&v2&H1&+0&!R:5],242
479,[C&D3&v4&H1&+0&!R&z1:1]-[C&D3&v4&H0&+0&!R&z2:2]-[O&D1&v2&H1&+0&!R:3]>>[C&D2&v4&H2&+0&!R&z1:1].[O&D1&v2&H0&+0&!R:3]=[C&D2&v4&H0&+0&!R&z2:2],1009
480,[C&D2&v4&H2&+0&!R&z0:1]-[C&D2&v4&H2&+0&!R&z0:2].[c&D3&v4&H0&+0&R&z0:3]1:[c&D2&v4&H1&+0&R&z0:4]:[c&D2&v4&H1&+0&R&z0:5]:[c&D2&v4&H1&+0&R&z1:6]:[n&D3&v4&H0&+&R:7]:[c&D2&v4&H1&+0&R&z1:8]:1>>[C&D2&v4&H1&+0&!R&z0:1]=[C&D2&v4&H1&+0&!R&z0:2].[C&D3&v4&H0&+0&R&z0:3]1=[C&D2&v4&H1&+0&R&z1:8]-[N&D3&v3&H0&+0&R:7]-[C&D2&v4&H1&+0&R&z1:6]=[C&D2&v4&H1&+0&R&z0:5]-[C&D2&v4&H2&+0&R&z0:4]-1,663
481,[C&D3&v4&H0&+0&R&z0:1]1=[C&D2&v4&H1&+0&R&z1:2]-[N&D3&v3&H0&+0&R:3]-[C&D2&v4&H1&+0&R&z1:4]=[C&D2&v4&H1&+0&R&z0:5]-[C&D2&v4&H2&+0&R&z0:6]-1.[S&D2&v2&H0&+0&!R:7]-[C&D3&v4&H0&+0&!R&z2:8]>>[C&D2&v4&H1&+0&!R&z1:8].[S&D1&v2&H1&+0&!R:7].[c&D3&v4&H0&+0&R&z0:1]1:[c&D2&v4&H1&+0&R&z0:6]:[c&D2&v4&H1&+0&R&z0:5]:[c&D2&v4&H1&+0&R&z1:4]:[n&D3&v4&H0&+&R:3]:[c&D2&v4&H1&+0&R&z1:2]:1,706
482,[C&D3&v4&H1&+0&!R&z1:1]-[C&D3&v4&H0&+0&!R&z2:2]-[O&D1&v2&H1&+0&!R:3].[S&D2&v2&H0&+0&!R:4]-[C&D3&v4&H0&+0&!R&z2:5]=[O&D1&v2&H0&+0&!R:6]>>[C&D3&v4&H1&+0&!R&z1:1]-[C&D3&v4&H0&+0&!R&z1:5]=[O&D1&v2&H0&+0&!R:6].[O&D1&v2&H0&+0&!R:3]=[C&D2&v4&H0&+0&!R&z2:2].[S&D1&v2&H1&+0&!R:4],655
483,[C&D3&v4&H0&+0&R&z0:1]1=[C&D2&v4&H1&+0&R&z1:2]-[N&D3&v3&H0&+0&R:3]-[C&D2&v4&H1&+0&R&z1:4]=[C&D2&v4&H1&+0&R&z0:5]-[C&D2&v4&H2&+0&R&z0:6]-1.[C&D3&v4&H0&+0&R&z0:7]1=[C&D2&v4&H1&+0&R&z1:8]-[N&D3&v3&H0&+0&R:9]-[C&D2&v4&H1&+0&R&z1:10]=[C&D2&v4&H1&+0&R&z0:11]-[C&D2&v4&H2&+0&R&z0:12]-1.[S&D2&v2&H0&+0&!R:13]-[C&D3&v4&H0&+0&!R&z2:14]=[O&D1&v2&H0&+0&!R:15]>>[C&D2&v4&H2&+0&!R&z1:14]-[O&D1&v2&H1&+0&!R:15].[S&D1&v2&H1&+0&!R:13].[c&D3&v4&H0&+0&R&z0:7]1:[c&D2&v4&H1&+0&R&z0:12]:[c&D2&v4&H1&+0&R&z0:11]:[c&D2&v4&H1&+0&R&z1:10]:[n&D3&v4&H0&+&R:9]:[c&D2&v4&H1&+0&R&z1:8]:1.[c&D3&v4&H0&+0&R&z0:1]1:[c&D2&v4&H1&+0&R&z0:6]:[c&D2&v4&H1&+0&R&z0:5]:[c&D2&v4&H1&+0&R&z1:4]:[n&D3&v4&H0&+&R:3]:[c&D2&v4&H1&+0&R&z1:2]:1,569
484,[C&D2&v4&H2&+0&!R&z1:1].[O&D1&v2&H0&+0&!R:2]=[C&D2&v4&H0&+0&!R&z2:3]>>[C&D3&v4&H1&+0&!R&z1:1]-[C&D3&v4&H0&+0&!R&z2:3]-[O&D1&v2&H1&+0&!R:2],439
485,[O&D0&v2&H2&+0&!R:1].[c&D3&v4&H0&+0&R&z0:2]1:[c&D2&v4&H1&+0&R&z0:3]:[c&D2&v4&H1&+0&R&z0:4]:[c&D2&v4&H1&+0&R&z1:5]:[n&D3&v4&H0&+&R:6]:[c&D2&v4&H1&+0&R&z1:7]:1.[c&D3&v4&H0&+0&R&z1:8]-[O&D1&v2&H1&+0&!R:9]>>[C&D3&v4&H0&+0&R&z0:2]1=[C&D2&v4&H1&+0&R&z1:7]-[N&D3&v3&H0&+0&R:6]-[C&D2&v4&H1&+0&R&z1:5]=[C&D2&v4&H1&+0&R&z0:4]-[C&D2&v4&H2&+0&R&z0:3]-1.[O&D1&v2&H0&+0&!R:9]=[O&D1&v2&H0&+0&!R:1].[c&D2&v4&H1&+0&R&z0:8],9
486,[C&D3&v4&H0&+0&R&z0:1]1=[C&D2&v4&H1&+0&R&z1:2]-[N&D3&v3&H0&+0&R:3]-[C&D2&v4&H1&+0&R&z1:4]=[C&D2&v4&H1&+0&R&z0:5]-[C&D2&v4&H2&+0&R&z0:6]-1.[O&D1&v2&H0&+0&!R:7]=[O&D1&v2&H0&+0&!R:8].[c&D2&v4&H1&+0&R&z0:9]>>[O&D0&v2&H2&+0&!R:8].[c&D3&v4&H0&+0&R&z0:1]1:[c&D2&v4&H1&+0&R&z0:6]:[c&D2&v4&H1&+0&R&z0:5]:[c&D2&v4&H1&+0&R&z1:4]:[n&D3&v4&H0&+&R:3]:[c&D2&v4&H1&+0&R&z1:2]:1.[c&D3&v4&H0&+0&R&z1:9]-[O&D1&v2&H1&+0&!R:7],710
487,[O&D1&v2&H1&+0&!R:1].[S&D2&v2&H0&+0&!R:2]-[C&D3&v4&H0&+0&!R&z2:3]>>[O&D2&v2&H0&+0&!R:1]-[C&D3&v4&H0&+0&!R&z2:3].[S&D1&v2&H1&+0&!R:2],139
488,[S&D1&v2&H1&+0&!R:1].[S&D1&v2&H1&+0&!R:2].[S&D2&v2&H0&+0&!R:3]-[S&D1&v2&H1&+0&!R:4]>>[S&D0&v2&H2&+0&!R:4].[S&D1&v2&H1&+0&!R:3].[S&D2&v2&H0&+0&!R:1]-[S&D2&v2&H0&+0&!R:2],105
489,[O&D2&v2&H0&+0&!R:1]-[O&D1&v2&H1&+0&!R:2].[S&D1&v2&H1&+0&!R:3].[S&D1&v2&H1&+0&!R:4]>>[O&D0&v2&H2&+0&!R:2].[O&D1&v2&H1&+0&!R:1].[S&D2&v2&H0&+0&!R:3]-[S&D2&v2&H0&+0&!R:4],265
490,[S&D1&v2&H1&+0&!R:1].[S&D1&v2&H1&+0&!R:2].[c&D3&v4&H0&+0&R&z0:3]1:[c&D2&v4&H1&+0&R&z0:4]:[c&D2&v4&H1&+0&R&z0:5]:[c&D2&v4&H1&+0&R&z1:6]:[n&D3&v4&H0&+&R:7]:[c&D2&v4&H1&+0&R&z1:8]:1>>[C&D3&v4&H0&+0&R&z0:3]1=[C&D2&v4&H1&+0&R&z1:8]-[N&D3&v3&H0&+0&R:7]-[C&D2&v4&H1&+0&R&z1:6]=[C&D2&v4&H1&+0&R&z0:5]-[C&D2&v4&H2&+0&R&z0:4]-1.[S&D2&v2&H0&+0&!R:1]-[S&D2&v2&H0&+0&!R:2],690
491,[S&D1&v2&H1&+0&!R:1].[S&D1&v2&H1&+0&!R:2].[S&D2&v2&H0&+0&!R:3]-[S&D2&v2&H0&+0&!R:4]>>[S&D1&v2&H1&+0&!R:3].[S&D1&v2&H1&+0&!R:4].[S&D2&v2&H0&+0&!R:1]-[S&D2&v2&H0&+0&!R:2],105
492,[O&D1&v2&H1&+0&!R:1]-[O&D1&v2&H1&+0&!R:2].[S&D1&v2&H1&+0&!R:3].[S&D1&v2&H1&+0&!R:4]>>[O&D0&v2&H2&+0&!R:1].[O&D0&v2&H2&+0&!R:2].[S&D2&v2&H0&+0&!R:3]-[S&D2&v2&H0&+0&!R:4],265
493,[C&D2&v4&H2&+0&!R&z1:1]-[S&D1&v2&H1&+0&!R:2].[S&D1&v2&H1&+0&!R:3]>>[S&D0&v2&H2&+0&!R:2].[S&D2&v2&H0&+0&!R:3]-[C&D2&v4&H2&+0&!R&z1:1],777
494,[S&D0&v2&H2&+0&!R:1].[S&D1&v2&H1&+0&!R:2].[S&D2&v2&H0&+0&!R:3]-[S&D2&v2&H0&+0&!R:4]>>[S&D1&v2&H1&+0&!R:3].[S&D1&v2&H1&+0&!R:4].[S&D2&v2&H0&+0&!R:2]-[S&D1&v2&H1&+0&!R:1],105
495,[O&D2&v2&H0&+0&!R:1]-[C&D1&v4&H3&+0&!R&z1:2].[S&D1&v2&H1&+0&!R:3]>>[O&D1&v2&H1&+0&!R:1].[S&D2&v2&H0&+0&!R:3]-[C&D1&v4&H3&+0&!R&z1:2],849
496,[O&D2&v2&H0&+0&!R:1]-[O&D1&v2&H1&+0&!R:2].[S&D1&v2&H1&+0&!R:3]>>[O&D1&v2&H1&+0&!R:1].[S&D2&v2&H0&+0&!R:3]-[O&D1&v2&H1&+0&!R:2],621
497,[C&D1&v4&H2&+0&!R&z0:1]=[C&D3&v4&H0&+0&!R&z0:2].[S&D1&v2&H1&+0&!R:3]>>[S&D2&v2&H0&+0&!R:3]-[C&D2&v4&H2&+0&!R&z1:1]-[C&D3&v4&H1&+0&!R&z0:2],548
498,[C&D3&v4&H0&+0&R&z0:1]=[C&D2&v4&H1&+0&!R&z0:2].[S&D1&v2&H1&+0&!R:3]>>[S&D2&v2&H0&+0&!R:3]-[C&D3&v4&H1&+0&!R&z1:2]-[C&D3&v4&H1&+0&R&z0:1],548
499,[C&D2&v4&H1&+0&!R&z1:1]=[O&D1&v2&H0&+0&!R:2].[S&D1&v2&H1&+0&!R:3]>>[S&D2&v2&H0&+0&!R:3]-[C&D3&v4&H1&+0&!R&z2:1]-[O&D1&v2&H1&+0&!R:2],570
500,[S&D1&v2&H1&+0&!R:1].[S&D2&v2&H0&+0&!R:2]-[C&D3&v4&H0&+0&!R&z2:3]>>[S&D1&v2&H1&+0&!R:2].[S&D2&v2&H0&+0&!R:1]-[C&D3&v4&H0&+0&!R&z2:3],777
501,[S&D1&v2&H1&+0&!R:1].[S&D2&v2&H0&+0&!R:2]-[N&D2&v3&H0&+0&!R:3]>>[S&D1&v2&H1&+0&!R:2].[S&D2&v2&H0&+0&!R:1]-[N&D2&v3&H0&+0&!R:3],893
502,[C&D2&v4&H1&+0&!R&z0:1]=[C&D3&v4&H0&+0&R&z0:2].[S&D1&v2&H1&+0&!R:3]>>[S&D2&v2&H0&+0&!R:3]-[C&D3&v4&H1&+0&!R&z1:1]-[C&D3&v4&H1&+0&R&z0:2],548
503,[C&D3&v4&H0&+0&!R&z1:1](=[O&D1&v2&H0&+0&!R:2])-[C&D2&v4&H2&+0&!R&z0:3].[O&D1&v2&H0&+0&!R:4]=[C&D2&v4&H0&+0&!R&z2:5].[S&D1&v2&H1&+0&!R:6]>>[C&D2&v4&H2&+0&!R&z0:3]-[C&D3&v4&H0&+0&!R&z2:5]-[O&D1&v2&H1&+0&!R:4].[S&D2&v2&H0&+0&!R:6]-[C&D3&v4&H0&+0&!R&z2:1]=[O&D1&v2&H0&+0&!R:2],567
504,[C&D1&v4&H3&+0&!R&z1:1]-[S&D3&v3&H0&+&!R:2].[S&D1&v2&H1&+0&!R:3]>>[S&D2&v2&H0&+0&!R:2].[S&D2&v2&H0&+0&!R:3]-[C&D1&v4&H3&+0&!R&z1:1],184
505,[S&D1&v2&H1&+0&!R:1].[n&D3&v4&H0&+&R:2]-[C&D3&v4&H1&+0&R&z2:3]>>[S&D2&v2&H0&+0&!R:1]-[C&D3&v4&H1&+0&R&z2:3].[n&D2&v3&H0&+0&R:2],1019
506,[C&D2&v4&H2&+0&!R&z1:1]-[S&D1&v2&H1&+0&!R:2].[S&D1&v2&H1&+0&!R:3]>>[C&D1&v4&H3&+0&!R&z0:1].[S&D2&v2&H0&+0&!R:3]-[S&D1&v2&H1&+0&!R:2],699
507,[S&D1&v2&H1&+0&!R:1].[c&D3&v4&H0&+0&R&z3:2]-[N&D3&v4&H0&+&!R:3]>>[N&D2&v3&H0&+0&!R:3].[S&D2&v2&H0&+0&!R:1]-[c&D3&v4&H0&+0&R&z3:2],1019
508,[O&D2&v2&H0&+0&!R:1]-[C&D3&v4&H0&+0&!R&z2:2].[S&D1&v2&H1&+0&!R:3]>>[O&D1&v2&H1&+0&!R:1].[S&D2&v2&H0&+0&!R:3]-[C&D3&v4&H0&+0&!R&z2:2],849
509,[C&D2&v4&H1&+0&!R&z0:1]=[C&D2&v4&H1&+0&!R&z0:2].[S&D1&v2&H1&+0&!R:3]>>[S&D2&v2&H0&+0&!R:3]-[C&D3&v4&H1&+0&!R&z1:2]-[C&D2&v4&H2&+0&!R&z0:1],548
510,[O&D1&v2&H0&+0&!R:1]=[C&D2&v4&H1&+0&!R&z1:2].[S&D1&v2&H1&+0&!R:3]>>[S&D2&v2&H0&+0&!R:3]-[C&D3&v4&H1&+0&!R&z2:2]-[O&D1&v2&H1&+0&!R:1],570
511,[C&D2&v4&H2&+0&!R&z0:1]-[C&D3&v4&H0&+0&!R&z2:2]-[O&D1&v2&H1&+0&!R:3].[S&D2&v2&H0&+0&!R:4]-[C&D3&v4&H0&+0&!R&z2:5]=[O&D1&v2&H0&+0&!R:6]>>[C&D3&v4&H0&+0&!R&z1:5](=[O&D1&v2&H0&+0&!R:6])-[C&D2&v4&H2&+0&!R&z0:1].[O&D1&v2&H0&+0&!R:3]=[C&D2&v4&H0&+0&!R&z2:2].[S&D1&v2&H1&+0&!R:4],655
512,[C&D3&v4&H1&+0&!R&z1:1]-[C&D2&v4&H2&+0&!R&z1:2]-[S&D2&v2&H0&+0&!R:3]>>[C&D3&v4&H0&+0&!R&z1:1]=[C&D1&v4&H2&+0&!R&z0:2].[S&D1&v2&H1&+0&!R:3],923
513,[S&D2&v2&H0&+0&!R:1]-[C&D3&v4&H1&+0&!R&z1:2]-[C&D3&v4&H1&+0&R&z0:3]>>[C&D2&v4&H1&+0&!R&z0:2]=[C&D3&v4&H0&+0&R&z0:3].[S&D1&v2&H1&+0&!R:1],923
514,[S&D2&v2&H0&+0&!R:1]-[C&D3&v4&H1&+0&!R&z1:2]-[C&D3&v4&H1&+0&R&z0:3]>>[C&D3&v4&H0&+0&R&z0:3]=[C&D2&v4&H1&+0&!R&z0:2].[S&D1&v2&H1&+0&!R:1],923
515,[S&D2&v2&H0&+0&!R:1]-[C&D3&v4&H1&+0&!R&z1:2]-[C&D2&v4&H2&+0&!R&z0:3]>>[C&D2&v4&H1&+0&!R&z0:3]=[C&D2&v4&H1&+0&!R&z0:2].[S&D1&v2&H1&+0&!R:1],923
516,[S&D2&v2&H0&+0&!R:1]-[C&D3&v4&H1&+0&!R&z2:2]-[O&D1&v2&H1&+0&!R:3]>>[C&D2&v4&H1&+0&!R&z1:2]=[O&D1&v2&H0&+0&!R:3].[S&D1&v2&H1&+0&!R:1],829
517,[S&D2&v2&H0&+0&!R:1]-[C&D3&v4&H1&+0&!R&z2:2]-[O&D1&v2&H1&+0&!R:3]>>[O&D1&v2&H0&+0&!R:3]=[C&D2&v4&H1&+0&!R&z1:2].[S&D1&v2&H1&+0&!R:1],829
518,[O&D1&v2&H1&+0&!R:1].[S&D2&v2&H0&+0&!R:2]-[C&D1&v4&H3&+0&!R&z1:3]>>[O&D2&v2&H0&+0&!R:1]-[C&D1&v4&H3&+0&!R&z1:3].[S&D1&v2&H1&+0&!R:2],139
519,[S&D2&v2&H0&+0&!R:1].[S&D2&v2&H0&+0&!R:2]-[C&D1&v4&H3&+0&!R&z1:3]>>[C&D1&v4&H3&+0&!R&z1:3]-[S&D3&v3&H0&+&!R:1].[S&D1&v2&H1&+0&!R:2],539
520,[S&D2&v2&H0&+0&!R:1]-[C&D3&v4&H1&+0&R&z2:2].[n&D2&v3&H0&+0&R:3]>>[S&D1&v2&H1&+0&!R:1].[n&D3&v4&H0&+&R:3]-[C&D3&v4&H1&+0&R&z2:2],935
521,[S&D2&v2&H0&+0&!R:1]-[C&D2&v4&H2&+0&!R&z1:2]-[C&D3&v4&H1&+0&!R&z0:3]>>[C&D1&v4&H2&+0&!R&z0:2]=[C&D3&v4&H0&+0&!R&z0:3].[S&D1&v2&H1&+0&!R:1],923
522,[O&D1&v2&H1&+0&!R:1].[S&D2&v2&H0&+0&!R:2]-[C&D2&v4&H2&+0&!R&z1:3]>>[C&D2&v4&H2&+0&!R&z1:3]-[O&D2&v2&H0&+0&!R:1].[S&D1&v2&H1&+0&!R:2],139
523,[O&D1&v2&H1&+0&!R:1].[S&D2&v2&H0&+0&!R:2]-[O&D1&v2&H1&+0&!R:3]>>[O&D2&v2&H0&+0&!R:1]-[O&D1&v2&H1&+0&!R:3].[S&D1&v2&H1&+0&!R:2],143
524,[C&D1&v4&H3&+0&!R&z0:1].[S&D2&v2&H0&+0&!R:2]-[S&D1&v2&H1&+0&!R:3]>>[C&D2&v4&H2&+0&!R&z1:1]-[S&D1&v2&H1&+0&!R:3].[S&D1&v2&H1&+0&!R:2],16
525,[S&D1&v2&H1&+0&!R:1].[S&D4&v6&H0&+0&!R:2]-[O&D1&v2&H1&+0&!R:3]>>[O&D0&v2&H2&+0&!R:3].[S&D2&v2&H0&+0&!R:1]-[S&D4&v6&H0&+0&!R:2],270
526,[O&D0&v2&H2&+0&!R:1].[O&D1&v2&H1&+0&!R:2].[S&D2&v2&H0&+0&!R:3]-[S&D2&v2&H0&+0&!R:4]>>[O&D2&v2&H0&+0&!R:2]-[O&D1&v2&H1&+0&!R:1].[S&D1&v2&H1&+0&!R:3].[S&D1&v2&H1&+0&!R:4],114
527,[C&D3&v4&H0&+0&R&z0:1]1=[C&D2&v4&H1&+0&R&z1:2]-[N&D3&v3&H0&+0&R:3]-[C&D2&v4&H1&+0&R&z1:4]=[C&D2&v4&H1&+0&R&z0:5]-[C&D2&v4&H2&+0&R&z0:6]-1.[S&D2&v2&H0&+0&!R:7]-[S&D2&v2&H0&+0&!R:8]>>[S&D1&v2&H1&+0&!R:7].[S&D1&v2&H1&+0&!R:8].[c&D3&v4&H0&+0&R&z0:1]1:[c&D2&v4&H1&+0&R&z0:6]:[c&D2&v4&H1&+0&R&z0:5]:[c&D2&v4&H1&+0&R&z1:4]:[n&D3&v4&H0&+&R:3]:[c&D2&v4&H1&+0&R&z1:2]:1,146
528,[O&D0&v2&H2&+0&!R:1].[O&D0&v2&H2&+0&!R:2].[S&D2&v2&H0&+0&!R:3]-[S&D2&v2&H0&+0&!R:4]>>[O&D1&v2&H1&+0&!R:1]-[O&D1&v2&H1&+0&!R:2].[S&D1&v2&H1&+0&!R:3].[S&D1&v2&H1&+0&!R:4],114
529,[C&D2&v4&H2&+0&!R&z1:1]-[S&D2&v2&H0&+0&!R:2].[S&D0&v2&H2&+0&!R:3]>>[C&D2&v4&H2&+0&!R&z1:1]-[S&D1&v2&H1&+0&!R:3].[S&D1&v2&H1&+0&!R:2],777
530,[O&D0&v2&H2&+0&!R:1].[S&D2&v2&H0&+0&!R:2]-[S&D4&v6&H0&+0&!R:3]>>[S&D1&v2&H1&+0&!R:2].[S&D4&v6&H0&+0&!R:3]-[O&D1&v2&H1&+0&!R:1],956
531,[N&D2&v3&H0&+0&!R:1].[S&D2&v2&H0&+0&!R:2]-[c&D3&v4&H0&+0&R&z3:3]>>[S&D1&v2&H1&+0&!R:2].[c&D3&v4&H0&+0&R&z3:3]-[N&D3&v4&H0&+&!R:1],935
532,[C&D3&v4&H0&+0&!R&z2:1](=[O&D1&v2&H0&+0&!R:2])-[O&D1&v2&H1&+0&!R:3].[N&D0&v3&H3&+0&!R:4].[P&D4&v5&H0&+0&!R:5]-[O&D2&v2&H0&+0&!R:6]-[P&D4&v5&H0&+0&!R:7]>>[C&D3&v4&H0&+0&!R&z2:1](-[N&D1&v3&H2&+0&!R:4])=[O&D1&v2&H0&+0&!R:2].[P&D4&v5&H0&+0&!R:7]-[O&D1&v2&H1&+0&!R:6].[P&D4&v5&H0&+0&!R:5]-[O&D1&v2&H1&+0&!R:3],471
533,[n&D2&v3&H1&+0&R:1].[n&D3&v4&H0&+&R:2]-[C&D3&v4&H1&+0&R&z2:3]>>[n&D2&v3&H0&+0&R:2].[n&D3&v3&H0&+0&R:1]-[C&D3&v4&H1&+0&R&z2:3],279
534,[C&D3&v4&H0&+0&!R&z2:1](-[N&D1&v3&H2&+0&!R:2])=[O&D1&v2&H0&+0&!R:3].[O&D1&v2&H1&+0&!R:4].[P&D4&v5&H0&+0&!R:5]-[O&D1&v2&H1&+0&!R:6]>>[C&D3&v4&H0&+0&!R&z2:1](=[O&D1&v2&H0&+0&!R:3])-[O&D1&v2&H1&+0&!R:6].[N&D0&v3&H3&+0&!R:2].[O&D2&v2&H0&+0&!R:4]-[P&D4&v5&H0&+0&!R:5],427
535,[C&D1&v4&H2&+0&!R&z0:1]=[C&D3&v4&H0&+0&!R&z1:2]-[O&D2&v2&H0&+0&!R:3]-[P&D4&v5&H0&+0&!R:4]-[O&D1&v2&H1&+0&!R:5].[n&D2&v3&H1&+0&R:6]>>[C&D1&v4&H3&+0&!R&z0:1]-[C&D3&v4&H0&+0&!R&z1:2]=[O&D1&v2&H0&+0&!R:5].[n&D3&v3&H0&+0&R:6]-[P&D4&v5&H0&+0&!R:4]-[O&D1&v2&H1&+0&!R:3],886
536,[C&D1&v4&H3&+0&!R&z1:1]-[S&D3&v3&H0&+&!R:2].[n&D2&v3&H1&+0&R:3]>>[S&D2&v2&H0&+0&!R:2].[n&D3&v3&H0&+0&R:3]-[C&D1&v4&H3&+0&!R&z1:1],208
537,[S&D3&v3&H0&+&!R:1]-[C&D2&v4&H2&+0&!R&z1:2].[c&D2&v4&H1&+0&R&z2:3]>>[S&D2&v2&H0&+0&!R:1].[c&D3&v4&H0&+0&R&z2:3]-[C&D2&v4&H2&+0&!R&z0:2],588
538,[P&D4&v5&H0&+0&!R:1]-[O&D2&v2&H0&+0&!R:2].[n&D2&v3&H1&+0&R:3]>>[O&D1&v2&H1&+0&!R:2].[n&D3&v3&H0&+0&R:3]-[P&D4&v5&H0&+0&!R:1],993
539,[P&D4&v5&H0&+0&!R:1]-[O&D2&v2&H0&+0&!R:2]-[P&D4&v5&H0&+0&!R:3].[n&D2&v3&H1&+0&R:4]>>[P&D4&v5&H0&+0&!R:1]-[O&D1&v2&H1&+0&!R:2].[n&D3&v3&H0&+0&R:4]-[P&D4&v5&H0&+0&!R:3],993
540,[P&D4&v5&H0&+0&!R:1]-[O&D1&v2&H1&+0&!R:2].[n&D2&v3&H1&+0&R:3]>>[O&D0&v2&H2&+0&!R:2].[n&D3&v3&H0&+0&R:3]-[P&D4&v5&H0&+0&!R:1],993
541,[O&D2&v2&H0&+0&!R:1]-[P&D4&v5&H0&+0&!R:2].[c&D3&v4&H0&+0&R&z1:3]-[O&D1&v2&H1&+0&!R:4]>>[P&D4&v5&H0&+0&!R:2]-[O&D1&v2&H1&+0&!R:4].[c&D3&v4&H0&+0&R&z1:3]-[O&D2&v2&H0&+0&!R:1],994
542,[O&D1&v2&H1&+0&!R:1].[c&D3&v4&H0&+0&R&z1:2]-[O&D1&v2&H1&+0&!R:3]>>[O&D0&v2&H2&+0&!R:3].[c&D3&v4&H0&+0&R&z1:2]-[O&D2&v2&H0&+0&!R:1],517
543,[O&D0&v2&H2&+0&!R:1].[c&D3&v4&H0&+0&R&z1:2]-[O&D2&v2&H0&+0&!R:3]>>[O&D1&v2&H1&+0&!R:3].[c&D3&v4&H0&+0&R&z1:2]-[O&D1&v2&H1&+0&!R:1],517
544,[P&D4&v5&H0&+0&!R:1]-[O&D1&v2&H1&+0&!R:2].[c&D3&v4&H0&+0&R&z1:3]-[O&D2&v2&H0&+0&!R:4]>>[O&D2&v2&H0&+0&!R:4]-[P&D4&v5&H0&+0&!R:1].[c&D3&v4&H0&+0&R&z1:3]-[O&D1&v2&H1&+0&!R:2],994
545,[S&D2&v2&H0&+0&!R:1].[c&D3&v4&H0&+0&R&z2:2]-[C&D2&v4&H2&+0&!R&z0:3]>>[S&D3&v3&H0&+&!R:1]-[C&D2&v4&H2&+0&!R&z1:3].[c&D2&v4&H1&+0&R&z2:2],371
546,[C&D1&v4&H3&+0&!R&z0:1].[C&D3&v4&H1&+0&R&z0:2]-[c&D3&v4&H0&+0&R&z0:3].[S&D2&v2&H0&+0&!R:4]>>([C&D2&v4&H2&+0&!R&z0:2].[c&D2&v4&H1&+0&R&z0:3]).[S&D3&v3&H0&+&!R:4]-[C&D2&v4&H2&+0&!R&z1:1],783
547,[C&D3&v4&H0&+0&!R&z2:1](=[O&D1&v2&H0&+0&!R:2])-[N&D2&v3&H1&+0&!R:3].[O&D1&v2&H1&+0&!R:4]>>[C&D3&v4&H0&+0&!R&z2:1](=[O&D1&v2&H0&+0&!R:2])-[O&D2&v2&H0&+0&!R:4].[N&D1&v3&H2&+0&!R:3],587
548,[C&D3&v4&H0&+0&!R&z2:1](=[O&D1&v2&H0&+0&!R:2])-[O&D1&v2&H1&+0&!R:3].[S&D1&v2&H1&+0&!R:4]>>[C&D3&v4&H0&+0&!R&z2:1](=[O&D1&v2&H0&+0&!R:2])-[S&D2&v2&H0&+0&!R:4].[O&D0&v2&H2&+0&!R:3],849
549,[C&D3&v4&H0&+0&!R&z2:1](=[O&D1&v2&H0&+0&!R:2])-[S&D2&v2&H0&+0&!R:3].[O&D0&v2&H2&+0&!R:4]>>[C&D3&v4&H0&+0&!R&z2:1](=[O&D1&v2&H0&+0&!R:2])-[O&D1&v2&H1&+0&!R:4].[S&D1&v2&H1&+0&!R:3],139
550,[N&D2&v3&H1&+0&!R:1]-[C&D2&v4&H2&+0&!R&z1:2].[O&D0&v2&H2&+0&!R:3].[O&D1&v2&H0&+0&!R:4]=[O&D1&v2&H0&+0&!R:5]>>[N&D1&v3&H2&+0&!R:1].[O&D1&v2&H0&+0&!R:3]=[C&D2&v4&H1&+0&!R&z1:2].[O&D1&v2&H1&+0&!R:4]-[O&D1&v2&H1&+0&!R:5],792
551,[N&D2&v3&H1&+0&!R:1]-[S&D4&v6&H0&+0&!R:2].[O&D1&v2&H1&+0&!R:3]>>[N&D1&v3&H2&+0&!R:1].[O&D2&v2&H0&+0&!R:3]-[S&D4&v6&H0&+0&!R:2],860
552,[O&D0&v2&H2&+0&!R:1].[O&D1&v2&H1&+0&!R:2].[c&D3&v4&H0&+0&R&z0:3]1:[c&D2&v4&H1&+0&R&z0:4]:[c&D2&v4&H1&+0&R&z0:5]:[c&D2&v4&H1&+0&R&z1:6]:[n&D3&v4&H0&+&R:7]:[c&D2&v4&H1&+0&R&z1:8]:1>>[C&D3&v4&H0&+0&R&z0:3]1=[C&D2&v4&H1&+0&R&z1:8]-[N&D3&v3&H0&+0&R:7]-[C&D2&v4&H1&+0&R&z1:6]=[C&D2&v4&H1&+0&R&z0:5]-[C&D2&v4&H2&+0&R&z0:4]-1.[O&D2&v2&H0&+0&!R:2]-[O&D1&v2&H1&+0&!R:1],750
553,[O&D1&v2&H1&+0&!R:1].[O&D2&v2&H0&+0&!R:2]-[S&D4&v6&H0&+0&!R:3]>>[O&D1&v2&H1&+0&!R:2].[O&D2&v2&H0&+0&!R:1]-[S&D4&v6&H0&+0&!R:3],623
554,[O&D0&v2&H2&+0&!R:1].[O&D2&v2&H0&+0&!R:2]-[C&D3&v4&H0&+0&!R&z3:3]>>[C&D3&v4&H0&+0&!R&z3:3]-[O&D1&v2&H1&+0&!R:1].[O&D1&v2&H1&+0&!R:2],517
555,[O&D0&v2&H2&+0&!R:1].[O&D2&v2&H0&+0&!R:2]-[C&D3&v4&H0&+0&!R&z2:3]=[O&D1&v2&H0&+0&!R:4]>>[C&D3&v4&H0&+0&!R&z2:3](=[O&D1&v2&H0&+0&!R:4])-[O&D1&v2&H1&+0&!R:1].[O&D1&v2&H1&+0&!R:2],517
556,[O&D1&v2&H1&+0&!R:1].[O&D2&v2&H0&+0&R:2]-[P&D4&v5&H0&+0&R:3]>>([O&D1&v2&H1&+0&!R:2].[O&D2&v2&H0&+0&!R:1]-[P&D4&v5&H0&+0&!R:3]),873
557,([C&D3&v4&H1&+0&R&z1:1]-[c&D3&v4&H0&+0&R&z0:2].[n&D2&v3&H1&+0&R:3])>>([C&D3&v4&H1&+0&R&z2:1]-[n&D3&v3&H0&+0&R:3].[c&D2&v4&H1&+0&R&z0:2]),537
558,[S&D3&v3&H0&+&!R:1]-[C&D2&v4&H2&+0&!R&z1:2].[n&D2&v3&H1&+0&R:3]>>[S&D2&v2&H0&+0&!R:1].[n&D3&v3&H0&+0&R:3]-[C&D2&v4&H2&+0&!R&z1:2],208
559,[C&D1&v4&H3&+0&!R&z0:1].[C&D3&v4&H0&+0&!R&z1:2]-[C&D3&v4&H0&+0&!R&z2:3]-[O&D1&v2&H1&+0&!R:4].[O&D1&v2&H0&+0&!R:5]=[O&D1&v2&H0&+0&!R:6]>>[C&D2&v4&H2&+0&!R&z1:1]-[O&D1&v2&H1&+0&!R:5].[C&D3&v4&H0&+0&!R&z2:2]-[O&D1&v2&H1&+0&!R:6].[O&D1&v2&H0&+0&!R:4]=[C&D2&v4&H0&+0&!R&z2:3],298
560,[C&D2&v4&H2&+0&!R&z1:1]-[O&D1&v2&H1&+0&!R:2].[C&D3&v4&H0&+0&!R&z2:3]-[O&D1&v2&H1&+0&!R:4].[O&D1&v2&H0&+0&!R:5]=[C&D2&v4&H0&+0&!R&z2:6]>>[C&D1&v4&H3&+0&!R&z0:1].[C&D3&v4&H0&+0&!R&z1:3]-[C&D3&v4&H0&+0&!R&z2:6]-[O&D1&v2&H1&+0&!R:5].[O&D1&v2&H0&+0&!R:2]=[O&D1&v2&H0&+0&!R:4],261
561,[O&D1&v2&H1&+0&!R:1].[S&D3&v3&H0&+&!R:2]-[C&D2&v4&H2&+0&!R&z1:3]>>[O&D2&v2&H0&+0&!R:1]-[C&D2&v4&H2&+0&!R&z1:3].[S&D2&v2&H0&+0&!R:2],563
562,[O&D2&v2&H0&+0&!R:1]-[C&D2&v4&H2&+0&!R&z1:2].[S&D2&v2&H0&+0&!R:3]>>[O&D1&v2&H1&+0&!R:1].[S&D3&v3&H0&+&!R:3]-[C&D2&v4&H2&+0&!R&z1:2],796
563,[S&D2&v2&H0&+0&!R:1].[c&D3&v4&H0&+0&R&z2:2](=[N&D1&v3&H1&+0&!R:3]):[n&D3&v3&H0&+0&R:4]-[C&D1&v4&H3&+0&!R&z1:5]>>[C&D1&v4&H3&+0&!R&z1:5]-[S&D3&v3&H0&+&!R:1].[c&D3&v4&H0&+0&R&z2:2](-[N&D1&v3&H2&+0&!R:3]):[n&D2&v3&H0&+0&R:4],132
564,[C&D3&v4&H0&+0&!R&z1:1]-[C&D3&v4&H0&+0&!R&z2:2]-[O&D1&v2&H1&+0&!R:3].[O&D1&v2&H0&+0&!R:4]=[O&D1&v2&H0&+0&!R:5].[c&D3&v4&H0&+0&R&z2:6](=[N&D1&v3&H1&+0&!R:7]):[n&D3&v3&H0&+0&R:8]-[C&D1&v4&H3&+0&!R&z1:9]>>[C&D1&v4&H2&+0&!R&z1:9]=[O&D1&v2&H0&+0&!R:5].[C&D3&v4&H0&+0&!R&z2:1]-[O&D1&v2&H1&+0&!R:4].[O&D1&v2&H0&+0&!R:3]=[C&D2&v4&H0&+0&!R&z2:2].[c&D3&v4&H0&+0&R&z2:6](-[N&D1&v3&H2&+0&!R:7]):[n&D2&v3&H0&+0&R:8],292
565,[C&D3&v4&H0&+0&R&z0:1]1=[C&D2&v4&H1&+0&R&z1:2]-[N&D3&v3&H0&+0&R:3]-[C&D2&v4&H1&+0&R&z1:4]=[C&D2&v4&H1&+0&R&z0:5]-[C&D2&v4&H2&+0&R&z0:6]-1.[n&D3&v3&H0&+0&R:7]1:[c&D2&v4&H1&+0&R&z1:8]:[c&D2&v4&H1&+0&R&z0:9]:[c&D3&v4&H0&+0&R&z2:10]:[n&D2&v3&H1&+0&R:11]:[c&D3&v4&H0&+0&R&z3:12]:1>>[N&D3&v3&H0&+0&R:7]1-[C&D2&v4&H2&+0&R&z1:8]-[C&D2&v4&H2&+0&R&z0:9]-[C&D3&v4&H0&+0&R&z2:10]-[N&D2&v3&H1&+0&R:11]-[C&D3&v4&H0&+0&R&z3:12]-1.[c&D3&v4&H0&+0&R&z0:1]1:[c&D2&v4&H1&+0&R&z0:6]:[c&D2&v4&H1&+0&R&z0:5]:[c&D2&v4&H1&+0&R&z1:4]:[n&D3&v4&H0&+&R:3]:[c&D2&v4&H1&+0&R&z1:2]:1,882
566,[C&D1&v4&H2&+0&!R&z1:1]=[O&D1&v2&H0&+0&!R:2].[C&D3&v4&H0&+0&!R&z2:3]-[O&D1&v2&H1&+0&!R:4].[O&D1&v2&H0&+0&!R:5]=[C&D2&v4&H0&+0&!R&z2:6].[c&D3&v4&H0&+0&R&z2:7](-[N&D1&v3&H2&+0&!R:8]):[n&D2&v3&H0&+0&R:9]>>[C&D3&v4&H0&+0&!R&z1:3]-[C&D3&v4&H0&+0&!R&z2:6]-[O&D1&v2&H1&+0&!R:5].[O&D1&v2&H0&+0&!R:4]=[O&D1&v2&H0&+0&!R:2].[c&D3&v4&H0&+0&R&z2:7](=[N&D1&v3&H1&+0&!R:8]):[n&D3&v3&H0&+0&R:9]-[C&D1&v4&H3&+0&!R&z1:1],140
567,[C&D3&v4&H0&+0&!R&z2:1]-[O&D1&v2&H1&+0&!R:2].[N&D1&v3&H2&+0&!R:3].[P&D4&v5&H0&+0&!R:4]-[O&D2&v2&H0&+0&!R:5]-[P&D4&v5&H0&+0&!R:6]>>[N&D2&v3&H1&+0&!R:3]-[C&D3&v4&H0&+0&!R&z2:1].[P&D4&v5&H0&+0&!R:6]-[O&D1&v2&H1&+0&!R:5].[P&D4&v5&H0&+0&!R:4]-[O&D1&v2&H1&+0&!R:2],471
568,[C&D1&v4&H3&+0&!R&z1:1]-[S&D3&v3&H0&+&!R:2].[c&D3&v4&H0&+0&R&z2:3](-[N&D1&v3&H2&+0&!R:4]):[n&D2&v3&H0&+0&R:5]>>[S&D2&v2&H0&+0&!R:2].[c&D3&v4&H0&+0&R&z2:3](=[N&D1&v3&H1&+0&!R:4]):[n&D3&v3&H0&+0&R:5]-[C&D1&v4&H3&+0&!R&z1:1],2
569,[N&D2&v3&H1&+0&!R:1]-[C&D3&v4&H0&+0&!R&z2:2].[O&D1&v2&H1&+0&!R:3].[P&D4&v5&H0&+0&!R:4]-[O&D1&v2&H1&+0&!R:5]>>[C&D3&v4&H0&+0&!R&z2:2]-[O&D1&v2&H1&+0&!R:5].[N&D1&v3&H2&+0&!R:1].[O&D2&v2&H0&+0&!R:3]-[P&D4&v5&H0&+0&!R:4],427
570,[S&D2&v2&H0&+0&!R:1].[c&D3&v4&H0&+0&R&z1:2]-[C&D1&v4&H3&+0&!R&z0:3]>>[C&D1&v4&H3&+0&!R&z1:3]-[S&D3&v3&H0&+&!R:1].[c&D2&v4&H1&+0&R&z1:2],371
571,[S&D2&v2&H0&+0&!R:1].[c&D3&v4&H0&+0&R&z1:2]-[C&D2&v4&H2&+0&!R&z0:3]>>[S&D3&v3&H0&+&!R:1]-[C&D2&v4&H2&+0&!R&z1:3].[c&D2&v4&H1&+0&R&z1:2],371
572,[C&D1&v4&H3&+0&!R&z1:1]-[S&D3&v3&H0&+&!R:2].[N&D1&v3&H2&+0&!R:3].[O&D1&v2&H0&+0&!R:4]=[C&D2&v4&H0&+0&!R&z2:5]>>[N&D2&v3&H1&+0&!R:3]-[C&D3&v4&H0&+0&!R&z3:5]-[O&D2&v2&H0&+0&!R:4]-[C&D1&v4&H3&+0&!R&z1:1].[S&D2&v2&H0&+0&!R:2],630
573,[N&D2&v3&H1&+0&!R:1]-[C&D3&v4&H0&+0&!R&z3:2]-[O&D2&v2&H0&+0&!R:3]-[C&D1&v4&H3&+0&!R&z1:4].[S&D2&v2&H0&+0&!R:5]>>[C&D1&v4&H3&+0&!R&z1:4]-[S&D3&v3&H0&+&!R:5].[N&D1&v3&H2&+0&!R:1].[O&D1&v2&H0&+0&!R:3]=[C&D2&v4&H0&+0&!R&z2:2],551
574,[C&D1&v4&H3&+0&!R&z1:1]-[S&D3&v3&H0&+&!R:2].[c&D2&v4&H1&+0&R&z1:3]>>[S&D2&v2&H0&+0&!R:2].[c&D3&v4&H0&+0&R&z1:3]-[C&D1&v4&H3&+0&!R&z0:1],588
575,[S&D3&v3&H0&+&!R:1]-[C&D2&v4&H2&+0&!R&z1:2].[c&D2&v4&H1&+0&R&z1:3]>>[S&D2&v2&H0&+0&!R:1].[c&D3&v4&H0&+0&R&z1:3]-[C&D2&v4&H2&+0&!R&z0:2],588
576,[C&D2&v4&H2&+0&!R&z1:1]-[O&D2&v2&H0&+0&!R:2].[N&D1&v3&H2&+0&!R:3]>>[N&D2&v3&H1&+0&!R:3]-[C&D2&v4&H2&+0&!R&z1:1].[O&D1&v2&H1&+0&!R:2],175
577,[C&D3&v4&H0&+0&!R&z3:1]-[O&D2&v2&H0&+0&!R:2].[N&D1&v3&H2&+0&!R:3]>>[N&D2&v3&H1&+0&!R:3]-[C&D3&v4&H0&+0&!R&z3:1].[O&D1&v2&H1&+0&!R:2],175
578,[N&D2&v3&H1&+0&!R:1]-[C&D3&v4&H0&+0&!R&z3:2].[O&D1&v2&H1&+0&!R:3]>>[C&D3&v4&H0&+0&!R&z3:2]-[O&D2&v2&H0&+0&!R:3].[N&D1&v3&H2&+0&!R:1],587
579,[N&D2&v3&H1&+0&!R:1]-[C&D2&v4&H2&+0&!R&z1:2].[O&D1&v2&H1&+0&!R:3]>>[C&D2&v4&H2&+0&!R&z1:2]-[O&D2&v2&H0&+0&!R:3].[N&D1&v3&H2&+0&!R:1],587
580,[C&D2&v4&H2&+0&!R&z1:1]-[O&D2&v2&H0&+0&!R:2].[O&D1&v2&H1&+0&!R:3].[P&D4&v5&H0&+0&!R:4]-[O&D1&v2&H1&+0&!R:5]>>[C&D2&v4&H2&+0&!R&z1:1]-[O&D1&v2&H1&+0&!R:5].[O&D1&v2&H1&+0&!R:2].[O&D2&v2&H0&+0&!R:3]-[P&D4&v5&H0&+0&!R:4],607
581,([O&D1&v2&H1&+0&!R:1].[O&D2&v2&H0&+0&!R:2]-[P&D4&v5&H0&+0&!R:3])>>[O&D1&v2&H1&+0&!R:2].[P&D4&v5&H0&+0&R:3]-[O&D2&v2&H0&+0&R:1],603
582,([O&D1&v2&H1&+0&!R:1].[O&D2&v2&H0&+0&!R:2]-[P&D4&v5&H0&+0&!R:3])>>[O&D1&v2&H1&+0&!R:2].[O&D2&v2&H0&+0&R:1]-[P&D4&v5&H0&+0&R:3],603
583,[O&D2&v2&H0&+0&!R:1]-[C&D3&v4&H1&+0&R&z1:2].[P&D4&v5&H0&+0&!R:3]-[O&D1&v2&H1&+0&!R:4]>>[C&D3&v4&H1&+0&R&z1:2]-[O&D1&v2&H1&+0&!R:4].[O&D2&v2&H0&+0&!R:1]-[P&D4&v5&H0&+0&!R:3],994
584,[C&D1&v4&H2&+0&!R&z1:1]=[O&D1&v2&H0&+0&!R:2].[C&D3&v4&H0&+0&!R&z2:3]-[O&D1&v2&H1&+0&!R:4].[O&D1&v2&H0&+0&!R:5]=[C&D2&v4&H0&+0&!R&z2:6].[O&D1&v2&H1&+0&!R:7]>>[C&D3&v4&H0&+0&!R&z1:3]-[C&D3&v4&H0&+0&!R&z2:6]-[O&D1&v2&H1&+0&!R:5].[O&D1&v2&H0&+0&!R:4]=[O&D1&v2&H0&+0&!R:2].[O&D2&v2&H0&+0&!R:7]-[C&D1&v4&H3&+0&!R&z1:1],513
585,[C&D3&v4&H0&+0&!R&z1:1]-[C&D3&v4&H0&+0&!R&z2:2]-[O&D1&v2&H1&+0&!R:3].[O&D1&v2&H0&+0&!R:4]=[O&D1&v2&H0&+0&!R:5].[O&D2&v2&H0&+0&!R:6]-[C&D1&v4&H3&+0&!R&z1:7]>>[C&D1&v4&H2&+0&!R&z1:7]=[O&D1&v2&H0&+0&!R:5].[C&D3&v4&H0&+0&!R&z2:1]-[O&D1&v2&H1&+0&!R:4].[O&D1&v2&H0&+0&!R:3]=[C&D2&v4&H0&+0&!R&z2:2].[O&D1&v2&H1&+0&!R:6],165
586,[C&D2&v4&H2&+0&!R&z1:1]-[O&D2&v2&H0&+0&!R:2]~[*:3]~[O&D2&v2&H0&+0&!R:4].[P&D4&v5&H0&+0&!R:5]~[*:6]~[*:7]~[O&D1&v2&H1&+0&!R:8]>>[*:3](~[O&D1&v2&H1&+0&!R:2])~[O&D2&v2&H0&+0&!R:4].[C&D2&v4&H2&+0&!R&z1:1]-[O&D2&v2&H0&+0&!R:8]~[*:7]~[*:6]~[P&D4&v5&H0&+0&!R:5],517
587,[C&D2&v4&H2&+0&!R&z1:1]-[O&D2&v2&H0&+0&!R:2].[P&D4&v5&H0&+0&!R:3]-[O&D2&v2&H0&+0&!R:4]>>[C&D2&v4&H2&+0&!R&z1:1]-[O&D2&v2&H0&+0&!R:4].[O&D2&v2&H0&+0&!R:2]-[P&D4&v5&H0&+0&!R:3],994
588,[C&D2&v4&H2&+0&!R&z1:1]-[O&D2&v2&H0&+0&!R:2]~[*:3]~[*:4]~[P&D4&v5&H0&+0&!R:5].[O&D1&v2&H1&+0&!R:6]>>[C&D2&v4&H2&+0&!R&z1:1]-[O&D2&v2&H0&+0&!R:6].[P&D4&v5&H0&+0&!R:5]~[*:4]~[*:3]~[O&D1&v2&H1&+0&!R:2],517
589,[C&D3&v4&H1&+0&R&z2:1]-[O&D1&v2&H1&+0&!R:2].[n&D2&v3&H1&+0&R:3]>>[C&D3&v4&H1&+0&R&z2:1]-[n&D3&v3&H0&+0&R:3].[O&D0&v2&H2&+0&!R:2],175
590,[C&D3&v4&H0&+0&!R&z2:1]-[O&D1&v2&H1&+0&!R:2].[C&D3&v4&H0&+0&!R&z2:3]-[O&D1&v2&H1&+0&!R:4].[O&D1&v2&H0&+0&!R:5]=[C&D2&v4&H0&+0&!R&z2:6]>>[C&D2&v4&H1&+0&!R&z1:1].[C&D3&v4&H0&+0&!R&z1:3]-[C&D3&v4&H0&+0&!R&z2:6]-[O&D1&v2&H1&+0&!R:5].[O&D1&v2&H0&+0&!R:2]=[O&D1&v2&H0&+0&!R:4],261
591,[C&D2&v4&H1&+0&!R&z1:1]=[O&D1&v2&H0&+0&!R:2].[C&D3&v4&H0&+0&!R&z2:3]-[O&D1&v2&H1&+0&!R:4].[O&D0&v2&H2&+0&!R:5].[O&D1&v2&H0&+0&!R:6]=[C&D2&v4&H0&+0&!R&z2:7]>>[C&D2&v4&H2&+0&!R&z1:1]-[O&D1&v2&H1&+0&!R:5].[C&D3&v4&H0&+0&!R&z1:3]-[C&D3&v4&H0&+0&!R&z2:7]-[O&D1&v2&H1&+0&!R:6].[O&D1&v2&H0&+0&!R:4]=[O&D1&v2&H0&+0&!R:2],513
592,[C&D2&v4&H1&+0&!R&z1:1].[C&D3&v4&H0&+0&!R&z1:2]-[C&D3&v4&H0&+0&!R&z2:3]-[O&D1&v2&H1&+0&!R:4].[O&D1&v2&H0&+0&!R:5]=[O&D1&v2&H0&+0&!R:6]>>[C&D3&v4&H0&+0&!R&z2:1]-[O&D1&v2&H1&+0&!R:5].[C&D3&v4&H0&+0&!R&z2:2]-[O&D1&v2&H1&+0&!R:6].[O&D1&v2&H0&+0&!R:4]=[C&D2&v4&H0&+0&!R&z2:3],298
593,[C&D2&v4&H2&+0&!R&z1:1]-[N&D2&v3&H1&+0&!R:2].[O&D1&v2&H1&+0&!R:3]>>[C&D2&v4&H2&+0&!R&z1:1]-[O&D2&v2&H0&+0&!R:3].[N&D1&v3&H2&+0&!R:2],587
594,[C&D2&v4&H2&+0&!R&z1:1]-[O&D1&v2&H1&+0&!R:2].[C&D3&v4&H0&+0&!R&z1:3]-[C&D3&v4&H0&+0&!R&z2:4]-[O&D1&v2&H1&+0&!R:5].[O&D1&v2&H0&+0&!R:6]=[O&D1&v2&H0&+0&!R:7]>>[C&D2&v4&H1&+0&!R&z1:1]=[O&D1&v2&H0&+0&!R:7].[C&D3&v4&H0&+0&!R&z2:3]-[O&D1&v2&H1&+0&!R:6].[O&D0&v2&H2&+0&!R:2].[O&D1&v2&H0&+0&!R:5]=[C&D2&v4&H0&+0&!R&z2:4],165
595,[C&D2&v4&H2&+0&!R&z1:1]-[O&D2&v2&H0&+0&!R:2].[O&D1&v2&H1&+0&!R:3]>>[C&D2&v4&H2&+0&!R&z1:1]-[O&D2&v2&H0&+0&!R:3].[O&D1&v2&H1&+0&!R:2],517
596,[C&D2&v4&H2&+0&!R&z1:1]-[O&D2&v2&H0&+0&!R:2].[N&D1&v3&H2&+0&!R:3]>>[C&D2&v4&H2&+0&!R&z1:1]-[N&D2&v3&H1&+0&!R:3].[O&D1&v2&H1&+0&!R:2],175
597,[C&D3&v4&H0&+0&R&z0:1]1=[C&D2&v4&H1&+0&R&z1:2]-[N&D3&v3&H0&+0&R:3]-[C&D2&v4&H1&+0&R&z1:4]=[C&D2&v4&H1&+0&R&z0:5]-[C&D2&v4&H2&+0&R&z0:6]-1.[O&D2&v2&H0&+0&!R:7]-[O&D1&v2&H1&+0&!R:8]>>[O&D0&v2&H2&+0&!R:8].[O&D1&v2&H1&+0&!R:7].[c&D3&v4&H0&+0&R&z0:1]1:[c&D2&v4&H1&+0&R&z0:6]:[c&D2&v4&H1&+0&R&z0:5]:[c&D2&v4&H1&+0&R&z1:4]:[n&D3&v4&H0&+&R:3]:[c&D2&v4&H1&+0&R&z1:2]:1,650
598,[O&D2&v2&H0&+0&!R:1]-[P&D4&v5&H0&+0&!R:2].[P&D4&v5&H0&+0&!R:3]-[O&D1&v2&H1&+0&!R:4]>>[O&D1&v2&H1&+0&!R:1].[P&D4&v5&H0&+0&!R:3]-[O&D2&v2&H0&+0&!R:4]-[P&D4&v5&H0&+0&!R:2],637
599,[O&D0&v2&H2&+0&!R:1].[O&D2&v2&H0&+0&!R:2]-[P&D4&v5&H0&+0&!R:3]>>[O&D1&v2&H1&+0&!R:2].[P&D4&v5&H0&+0&!R:3]-[O&D1&v2&H1&+0&!R:1],637
600,([C&D3&v4&H0&+0&!R&z2:1]-[C&D2&v4&H2&+0&!R&z0:2]-[C&D2&v4&H2&+0&!R&z0:3].[C&D3&v4&H1&+0&R&z0:4]1-[C&D2&v4&H2&+0&R&z0:5]-[C&D3&v4&H1&+0&R&z1:6]-1).[S&D2&v2&H0&+0&!R:7]>>[C&D1&v4&H3&+0&!R&z1:2]-[S&D3&v3&H0&+&!R:7].([C&D2&v4&H1&+0&!R&z1:6]=[C&D2&v4&H1&+0&!R&z0:5]-[C&D2&v4&H2&+0&!R&z0:4].[C&D2&v4&H2&+0&!R&z0:3]-[C&D3&v4&H0&+0&!R&z2:1]),780
601,[C&D2&v4&H2&+0&!R&z0:1]-[C&D3&v4&H0&+0&!R&z1:2]=[C&D1&v4&H2&+0&!R&z0:3].[S&D2&v2&H0&+0&!R:4]>>[C&D1&v4&H3&+0&!R&z1:3]-[S&D3&v3&H0&+&!R:4].[C&D2&v4&H1&+0&!R&z1:2]=[C&D2&v4&H1&+0&!R&z0:1],838
602,([O&D1&v2&H1&+0&!R:1].[P&D4&v5&H0&+0&!R:2]-[O&D2&v2&H0&+0&!R:3])>>[O&D1&v2&H1&+0&!R:3].[O&D2&v2&H0&+0&R:1]-[P&D4&v5&H0&+0&R:2],603
603,[O&D1&v2&H1&+0&!R:1].[O&D2&v2&H0&+0&R:2]-[P&D4&v5&H0&+0&R:3]>>([O&D1&v2&H1&+0&!R:2].[P&D4&v5&H0&+0&!R:3]-[O&D2&v2&H0&+0&!R:1]),873
604,[C&D3&v4&H1&+0&R&z1:1]-[O&D1&v2&H1&+0&!R:2].[O&D1&v2&H1&+0&!R:3].[P&D4&v5&H0&+0&!R:4]-[O&D2&v2&H0&+0&!R:5]-[P&D4&v5&H0&+0&!R:6]>>[C&D3&v4&H1&+0&R&z1:1]-[O&D2&v2&H0&+0&!R:3].[P&D4&v5&H0&+0&!R:6]-[O&D1&v2&H1&+0&!R:5].[P&D4&v5&H0&+0&!R:4]-[O&D1&v2&H1&+0&!R:2],228
605,[C&D3&v4&H0&+0&!R&z2:1](=[O&D1&v2&H0&+0&!R:2])-[N&D2&v3&H1&+0&!R:3].[O&D1&v2&H1&+0&!R:4]>>[N&D1&v3&H2&+0&!R:3].[O&D2&v2&H0&+0&!R:4]-[C&D3&v4&H0&+0&!R&z2:1]=[O&D1&v2&H0&+0&!R:2],587
606,[C&D2&v4&H1&+0&!R&z1:1].[O&D1&v2&H1&+0&!R:2].[c&D3&v4&H0&+0&R&z0:3]1:[c&D2&v4&H1&+0&R&z0:4]:[c&D2&v4&H1&+0&R&z0:5]:[c&D2&v4&H1&+0&R&z1:6]:[n&D3&v4&H0&+&R:7]:[c&D2&v4&H1&+0&R&z1:8]:1>>[C&D3&v4&H0&+0&R&z0:3]1=[C&D2&v4&H1&+0&R&z1:8]-[N&D3&v3&H0&+0&R:7]-[C&D2&v4&H1&+0&R&z1:6]=[C&D2&v4&H1&+0&R&z0:5]-[C&D2&v4&H2&+0&R&z0:4]-1.[O&D2&v2&H0&+0&!R:2]-[C&D3&v4&H0&+0&!R&z2:1],819
607,[C&D3&v4&H1&+0&R&z1:1]-[O&D2&v2&H0&+0&!R:2].[O&D1&v2&H1&+0&!R:3].[P&D4&v5&H0&+0&!R:4]-[O&D1&v2&H1&+0&!R:5]>>[C&D3&v4&H1&+0&R&z1:1]-[O&D1&v2&H1&+0&!R:5].[O&D1&v2&H1&+0&!R:2].[O&D2&v2&H0&+0&!R:3]-[P&D4&v5&H0&+0&!R:4],607
608,[N&D2&v3&H1&+0&!R:1].[N&D2&v3&H1&+0&!R:2]-[C&D2&v4&H1&+0&!R&z2:3]=[O&D1&v2&H0&+0&!R:4]>>[N&D1&v3&H2&+0&!R:2].[N&D3&v3&H0&+0&!R:1]-[C&D2&v4&H1&+0&!R&z2:3]=[O&D1&v2&H0&+0&!R:4],316
609,[N&D1&v3&H2&+0&!R:1].[O&D2&v2&H0&+0&!R:2]-[C&D3&v4&H0&+0&!R&z2:3]=[O&D1&v2&H0&+0&!R:4]>>[C&D3&v4&H0&+0&!R&z2:3](=[O&D1&v2&H0&+0&!R:4])-[N&D2&v3&H1&+0&!R:1].[O&D1&v2&H1&+0&!R:2],175
610,[C&D3&v4&H0&+0&!R&z2:1](=[O&D1&v2&H0&+0&!R:2])-[O&D2&v2&H0&+0&!R:3].[N&D0&v3&H3&+0&!R:4]>>[C&D3&v4&H0&+0&!R&z2:1](-[N&D1&v3&H2&+0&!R:4])=[O&D1&v2&H0&+0&!R:2].[O&D1&v2&H1&+0&!R:3],175
611,[C&D3&v4&H0&+0&!R&z2:1](-[N&D1&v3&H2&+0&!R:2])=[O&D1&v2&H0&+0&!R:3].[O&D1&v2&H1&+0&!R:4]>>[C&D3&v4&H0&+0&!R&z2:1](=[O&D1&v2&H0&+0&!R:3])-[O&D2&v2&H0&+0&!R:4].[N&D0&v3&H3&+0&!R:2],587
612,[C&D3&v4&H0&+0&R&z0:1]1=[C&D2&v4&H1&+0&R&z1:2]-[N&D3&v3&H0&+0&R:3]-[C&D2&v4&H1&+0&R&z1:4]=[C&D2&v4&H1&+0&R&z0:5]-[C&D2&v4&H2&+0&R&z0:6]-1.[O&D2&v2&H0&+0&!R:7]-[C&D3&v4&H0&+0&!R&z2:8]>>[C&D2&v4&H1&+0&!R&z1:8].[O&D1&v2&H1&+0&!R:7].[c&D3&v4&H0&+0&R&z0:1]1:[c&D2&v4&H1&+0&R&z0:6]:[c&D2&v4&H1&+0&R&z0:5]:[c&D2&v4&H1&+0&R&z1:4]:[n&D3&v4&H0&+&R:3]:[c&D2&v4&H1&+0&R&z1:2]:1,232
613,[N&D1&v3&H2&+0&!R:1].[N&D3&v3&H0&+0&!R:2]-[C&D2&v4&H1&+0&!R&z2:3]=[O&D1&v2&H0&+0&!R:4]>>[N&D2&v3&H1&+0&!R:2].[N&D2&v3&H1&+0&!R:1]-[C&D2&v4&H1&+0&!R&z2:3]=[O&D1&v2&H0&+0&!R:4],316
614,[C&D2&v4&H2&+0&!R&z1:1]-[O&D2&v2&H0&+0&!R:2].[S&D0&v2&H2&+0&!R:3]>>[C&D2&v4&H2&+0&!R&z1:1]-[S&D1&v2&H1&+0&!R:3].[O&D1&v2&H1&+0&!R:2],849
615,[C&D2&v4&H2&+0&!R&z1:1]-[S&D1&v2&H1&+0&!R:2].[O&D1&v2&H1&+0&!R:3]>>[C&D2&v4&H2&+0&!R&z1:1]-[O&D2&v2&H0&+0&!R:3].[S&D0&v2&H2&+0&!R:2],139
616,[C&D1&v4&H2&+0&!R&z0:1]=[C&D3&v4&H0&+0&!R&z1:2].[S&D1&v2&H1&+0&!R:3]>>[S&D2&v2&H0&+0&!R:3]-[C&D2&v4&H2&+0&!R&z1:1]-[C&D3&v4&H1&+0&!R&z1:2],548
617,[S&D2&v2&H0&+0&!R:1]-[C&D2&v4&H2&+0&!R&z1:2]-[C&D3&v4&H1&+0&!R&z1:3]>>[C&D1&v4&H2&+0&!R&z0:2]=[C&D3&v4&H0&+0&!R&z1:3].[S&D1&v2&H1&+0&!R:1],923
618,[O&D0&v2&H2&+0&!R:1].[c&D3&v4&H0&+0&R&z1:2]1:[o&D2&v3&H0&+&R:3]:[c&D3&v4&H0&+0&R&z1:4]:[c&D3&v4&H0&+0&R&z0:5]:[c&D2&v4&H1&+0&R&z0:6]:[c&D3&v4&H0&+0&R&z1:7]:1>>[C&D3&v4&H0&+0&R&z1:2]1=[C&D3&v4&H0&+0&R&z1:7]-[C&D3&v4&H1&+0&R&z1:6](-[O&D1&v2&H1&+0&!R:1])-[c&D3&v4&H0&+0&R&z0:5]:[c&D3&v4&H0&+0&R&z1:4]-[O&D2&v2&H0&+0&R:3]-1,914
619,[C&D3&v4&H0&+0&!R&z2:1]-[O&D1&v2&H1&+0&!R:2].[O&D0&v2&H2&+0&!R:3].[O&D1&v2&H0&+0&!R:4]=[C&D2&v4&H0&+0&!R&z2:5].[c&D3&v4&H0&+0&R&z1:6]1:[o&D2&v2&H0&+0&R:7]:[c&D3&v4&H0&+0&R&z1:8]:[c&D3&v4&H0&+0&R&z0:9]:[c&D3&v4&H0&+0&R&z1:10]:[c&D3&v4&H0&+0&R&z1:11]:1>>[C&D3&v4&H0&+0&!R&z1:1]-[C&D3&v4&H0&+0&!R&z2:5]-[O&D1&v2&H1&+0&!R:4].[C&D3&v4&H1&+0&R&z1:6]1-[O&D2&v2&H0&+0&R:7]-[c&D3&v4&H0&+0&R&z1:8]:[c&D3&v4&H0&+0&R&z0:9]-[C&D3&v4&H0&+0&R&z1:10]-[C&D3&v4&H1&+0&R&z1:11]-1.[O&D1&v2&H0&+0&!R:3]=[O&D1&v2&H0&+0&!R:2],782
620,[C&D3&v4&H0&+0&!R&z2:1]-[O&D1&v2&H1&+0&!R:2].[O&D0&v2&H2&+0&!R:3].[O&D1&v2&H0&+0&!R:4]=[C&D2&v4&H0&+0&!R&z2:5].[c&D3&v4&H0&+0&R&z1:6]1:[o&D2&v2&H0&+0&R:7]:[c&D3&v4&H0&+0&R&z1:8]:[c&D3&v4&H0&+0&R&z0:9]:[c&D3&v4&H0&+0&R&z1:10]:[c&D3&v4&H0&+0&R&z1:11]:1-[O&D1&v2&H1&+0&!R:12]>>[C&D3&v4&H0&+0&!R&z1:1]-[C&D3&v4&H0&+0&!R&z2:5]-[O&D1&v2&H1&+0&!R:4].[C&D3&v4&H1&+0&R&z1:6]1-[O&D2&v2&H0&+0&R:7]-[c&D3&v4&H0&+0&R&z1:8]:[c&D3&v4&H0&+0&R&z0:9]-[C&D3&v4&H0&+0&R&z1:10]-[C&D3&v4&H1&+0&R&z1:11]-1-[O&D1&v2&H1&+0&!R:12].[O&D1&v2&H0&+0&!R:3]=[O&D1&v2&H0&+0&!R:2],782
621,[O&D1&v2&H1&+0&!R:1].[c&D3&v4&H0&+0&R&z0:2]-[C&D3&v4&H1&+0&R&z1:3]>>[O&D2&v2&H0&+0&!R:1]-[C&D3&v4&H1&+0&R&z2:3].[c&D2&v4&H1&+0&R&z0:2],668
622,[C&D3&v4&H0&+0&!R&z2:1]-[O&D1&v2&H1&+0&!R:2].[C&D3&v4&H0&+0&R&z1:3]=[C&D3&v4&H0&+0&R&z1:4].[O&D0&v2&H2&+0&!R:5].[O&D1&v2&H0&+0&!R:6]=[C&D2&v4&H0&+0&!R&z2:7]>>[C&D3&v4&H0&+0&!R&z1:1]-[C&D3&v4&H0&+0&!R&z2:7]-[O&D1&v2&H1&+0&!R:6].[C&D3&v4&H1&+0&R&z1:3]-[C&D3&v4&H1&+0&R&z1:4].[O&D1&v2&H0&+0&!R:2]=[O&D1&v2&H0&+0&!R:5],305
623,[C&D3&v4&H0&+0&R&z1:1]1=[C&D3&v4&H0&+0&R&z1:2]-[C&D3&v4&H1&+0&R&z1:3](-[O&D1&v2&H1&+0&!R:4])-[c&D3&v4&H0&+0&R&z0:5]:[c&D3&v4&H0&+0&R&z1:6]-[O&D2&v2&H0&+0&R:7]-1>>[O&D0&v2&H2&+0&!R:4].[c&D3&v4&H0&+0&R&z1:1]1:[o&D2&v3&H0&+&R:7]:[c&D3&v4&H0&+0&R&z1:6]:[c&D3&v4&H0&+0&R&z0:5]:[c&D2&v4&H1&+0&R&z0:3]:[c&D3&v4&H0&+0&R&z1:2]:1,120
624,[C&D3&v4&H1&+0&R&z1:1](-[O&D2&v2&H0&+0&R:2])-[C&D3&v4&H1&+0&R&z1:3]>>([C&D3&v4&H0&+0&!R&z1:3]=[C&D2&v4&H1&+0&!R&z0:1].[O&D1&v2&H1&+0&!R:2]),1005
625,[C&D3&v4&H0&+0&!R&z1:1](=[O&D1&v2&H0&+0&!R:2])-[C&D3&v4&H0&+0&!R&z2:3]-[O&D1&v2&H1&+0&!R:4].[C&D3&v4&H1&+0&R&z1:5]-[C&D3&v4&H1&+0&R&z1:6].[O&D1&v2&H0&+0&!R:7]=[O&D1&v2&H0&+0&!R:8]>>[C&D3&v4&H0&+0&R&z1:5]=[C&D3&v4&H0&+0&R&z1:6].[O&D0&v2&H2&+0&!R:8].[O&D1&v2&H0&+0&!R:4]=[C&D2&v4&H0&+0&!R&z2:3].[O&D1&v2&H0&+0&!R:2]=[C&D3&v4&H0&+0&!R&z2:1]-[O&D1&v2&H1&+0&!R:7],301
626,[C&D4&v4&H0&+0&R&z1:1](-[O&D1&v2&H1&+0&!R:2])-[C&D3&v4&H0&+0&R&z1:3]=[O&D1&v2&H0&+0&!R:4].[O&D0&v2&H2&+0&!R:5].[c&D3&v4&H0&+0&R&z0:6]1:[c&D2&v4&H1&+0&R&z0:7]:[c&D2&v4&H1&+0&R&z0:8]:[c&D2&v4&H1&+0&R&z1:9]:[n&D3&v4&H0&+&R:10]:[c&D2&v4&H1&+0&R&z1:11]:1>>[C&D3&v4&H0&+0&R&z0:6]1=[C&D2&v4&H1&+0&R&z1:11]-[N&D3&v3&H0&+0&R:10]-[C&D2&v4&H1&+0&R&z1:9]=[C&D2&v4&H1&+0&R&z0:8]-[C&D2&v4&H2&+0&R&z0:7]-1.[C&D3&v4&H0&+0&R&z0:1]=[C&D3&v4&H0&+0&R&z1:3]-[O&D1&v2&H1&+0&!R:4].[O&D1&v2&H0&+0&!R:2]=[O&D1&v2&H0&+0&!R:5],288
627,[C&D3&v4&H0&+0&R&z0:1]1=[C&D2&v4&H1&+0&R&z1:2]-[N&D3&v3&H0&+0&R:3]-[C&D2&v4&H1&+0&R&z1:4]=[C&D2&v4&H1&+0&R&z0:5]-[C&D2&v4&H2&+0&R&z0:6]-1.[C&D3&v4&H0&+0&R&z0:7]=[C&D3&v4&H0&+0&R&z1:8]-[O&D1&v2&H1&+0&!R:9].[O&D1&v2&H0&+0&!R:10]=[O&D1&v2&H0&+0&!R:11]>>[C&D4&v4&H0&+0&R&z1:7](-[O&D1&v2&H1&+0&!R:11])-[C&D3&v4&H0&+0&R&z1:8]=[O&D1&v2&H0&+0&!R:9].[O&D0&v2&H2&+0&!R:10].[c&D3&v4&H0&+0&R&z0:1]1:[c&D2&v4&H1&+0&R&z0:6]:[c&D2&v4&H1&+0&R&z0:5]:[c&D2&v4&H1&+0&R&z1:4]:[n&D3&v4&H0&+&R:3]:[c&D2&v4&H1&+0&R&z1:2]:1,755
628,[O&D2&v2&H0&+0&!R:1]-[C&D3&v4&H1&+0&R&z2:2].[c&D2&v4&H1&+0&R&z0:3]>>[O&D1&v2&H1&+0&!R:1].[c&D3&v4&H0&+0&R&z0:3]-[C&D3&v4&H1&+0&R&z1:2],355
629,[O&D0&v2&H2&+0&!R:1].[c&D3&v4&H0&+0&R&z3:2]-[N&D1&v3&H2&+0&!R:3]>>[N&D0&v3&H3&+0&!R:3].[c&D3&v4&H0&+0&R&z3:2]-[O&D1&v2&H1&+0&!R:1],587
630,[N&D0&v3&H3&+0&!R:1].[c&D3&v4&H0&+0&R&z3:2]-[O&D1&v2&H1&+0&!R:3]>>[O&D0&v2&H2&+0&!R:3].[c&D3&v4&H0&+0&R&z3:2]-[N&D1&v3&H2&+0&!R:1],175
631,[C&D1&v4&H1&+0&!R&z0:1]#[C&D1&v4&H1&+0&!R&z0:2].[O&D0&v2&H2&+0&!R:3]>>[C&D1&v4&H3&+0&!R&z0:1]-[C&D2&v4&H1&+0&!R&z1:2]=[O&D1&v2&H0&+0&!R:3],553
632,[C&D3&v4&H0&+0&!R&z2:1]-[O&D1&v2&H1&+0&!R:2].[C&D3&v4&H0&+0&R&z0:3]1=[C&D2&v4&H1&+0&R&z1:4]-[N&D3&v3&H0&+0&R:5]-[C&D2&v4&H1&+0&R&z1:6]=[C&D2&v4&H1&+0&R&z0:7]-[C&D2&v4&H2&+0&R&z0:8]-1>>[C&D2&v4&H1&+0&!R&z1:1].[O&D0&v2&H2&+0&!R:2].[c&D3&v4&H0&+0&R&z0:3]1:[c&D2&v4&H1&+0&R&z0:8]:[c&D2&v4&H1&+0&R&z0:7]:[c&D2&v4&H1&+0&R&z1:6]:[n&D3&v4&H0&+&R:5]:[c&D2&v4&H1&+0&R&z1:4]:1,232
633,[C&D1&v4&H1&+0&!R&z0:1]#[C&D2&v4&H0&+0&!R&z0:2].[O&D0&v2&H2&+0&!R:3]>>[O&D1&v2&H0&+0&!R:3]=[C&D2&v4&H1&+0&!R&z1:1]-[C&D2&v4&H2&+0&!R&z0:2],553
634,[C&D2&v4&H1&+0&!R&z1:1].[O&D0&v2&H2&+0&!R:2].[c&D3&v4&H0&+0&R&z0:3]1:[c&D2&v4&H1&+0&R&z0:4]:[c&D2&v4&H1&+0&R&z0:5]:[c&D2&v4&H1&+0&R&z1:6]:[n&D3&v4&H0&+&R:7]:[c&D2&v4&H1&+0&R&z1:8]:1>>[C&D3&v4&H0&+0&!R&z2:1]-[O&D1&v2&H1&+0&!R:2].[C&D3&v4&H0&+0&R&z0:3]1=[C&D2&v4&H1&+0&R&z1:8]-[N&D3&v3&H0&+0&R:7]-[C&D2&v4&H1&+0&R&z1:6]=[C&D2&v4&H1&+0&R&z0:5]-[C&D2&v4&H2&+0&R&z0:4]-1,819
635,[C&D2&v4&H1&+0&!R&z1:1]=[O&D1&v2&H0&+0&!R:2].[c&D3&v4&H0&+0&R&z0:3]1:[c&D3&v4&H0&+0&R&z1:4]:[c&D3&v4&H0&+0&R&z1:5](-[O&D1&v2&H1&+0&!R:6]):[c&D3&v4&H0&+0&R&z1:7](-[O&D1&v2&H1&+0&!R:8]):[c&D3&v4&H0&+0&R&z0:9]:[c&D3&v4&H0&+0&R&z1:10]:1>>[C&D2&v4&H2&+0&!R&z1:1]-[O&D1&v2&H1&+0&!R:2].[c&D3&v4&H0&+0&R&z0:3]1:[c&D3&v4&H0&+0&R&z1:4]-[C&D3&v4&H0&+0&R&z1:5](=[O&D1&v2&H0&+0&!R:6])-[C&D3&v4&H0&+0&R&z1:7](=[O&D1&v2&H0&+0&!R:8])-[c&D3&v4&H0&+0&R&z0:9]:[c&D3&v4&H0&+0&R&z1:10]-1,410
636,[C&D2&v4&H2&+0&!R&z1:1]-[O&D1&v2&H1&+0&!R:2].[c&D3&v4&H0&+0&R&z0:3]1:[c&D3&v4&H0&+0&R&z1:4]-[C&D3&v4&H0&+0&R&z1:5](=[O&D1&v2&H0&+0&!R:6])-[C&D3&v4&H0&+0&R&z1:7](=[O&D1&v2&H0&+0&!R:8])-[c&D3&v4&H0&+0&R&z0:9]:[c&D3&v4&H0&+0&R&z1:10]-1>>[C&D2&v4&H1&+0&!R&z1:1]=[O&D1&v2&H0&+0&!R:2].[c&D3&v4&H0&+0&R&z0:3]1:[c&D3&v4&H0&+0&R&z1:4]:[c&D3&v4&H0&+0&R&z1:5](-[O&D1&v2&H1&+0&!R:6]):[c&D3&v4&H0&+0&R&z1:7](-[O&D1&v2&H1&+0&!R:8]):[c&D3&v4&H0&+0&R&z0:9]:[c&D3&v4&H0&+0&R&z1:10]:1,312
637,[C&D1&v4&H1&+0&!R&z1:1].[C&D2&v4&H1&+0&!R&z1:2]=[O&D1&v2&H0&+0&!R:3]>>[C&D3&v4&H1&+0&!R&z1:2](-[O&D1&v2&H1&+0&!R:3])-[C&D2&v4&H0&+0&!R&z1:1],439
638,[C&D1&v4&H1&+0&!R&z1:1].[C&D3&v4&H0&+0&!R&z1:2]=[O&D1&v2&H0&+0&!R:3]>>[C&D4&v4&H0&+0&!R&z1:2](-[O&D1&v2&H1&+0&!R:3])-[C&D2&v4&H0&+0&!R&z1:1],439
639,[C&D1&v4&H1&+0&!R&z1:1].[C&D2&v4&H2&+0&!R&z1:2]-[S&D1&v2&H1&+0&!R:3]>>[C&D2&v4&H0&+0&!R&z1:1]-[C&D2&v4&H2&+0&!R&z0:2].[S&D0&v2&H2&+0&!R:3],42
640,[C&D1&v4&H1&+0&!R&z1:1].[O&D1&v2&H0&+0&!R:2]=[C&D2&v4&H1&+0&!R&z1:3]>>[C&D2&v4&H0&+0&!R&z1:1]-[C&D3&v4&H1&+0&!R&z1:3]-[O&D1&v2&H1&+0&!R:2],439
641,[C&D1&v4&H1&+0&!R&z1:1]#[N&D1&v3&H0&+0&!R:2].[O&D0&v2&H2&+0&!R:3]>>[N&D1&v3&H2&+0&!R:2]-[C&D2&v4&H1&+0&!R&z2:1]=[O&D1&v2&H0&+0&!R:3],549
642,[C&D1&v4&H1&+0&!R&z1:1].[C&D3&v4&H0&+0&!R&z3:2]=[O&D1&v2&H0&+0&!R:3]>>[C&D4&v4&H0&+0&!R&z3:2](-[O&D1&v2&H1&+0&!R:3])-[C&D2&v4&H0&+0&!R&z1:1],439
643,[C&D0&v4&H4&+0&!R&z0:1].[S&D2&v2&H0&+0&!R:2]-[S&D2&v2&H0&+0&!R:3]>>[C&D1&v4&H3&+0&!R&z1:1]-[S&D2&v2&H0&+0&!R:3].[S&D1&v2&H1&+0&!R:2],16
644,[C&D0&v4&H4&+0&!R&z0:1].[C&D3&v4&H0&+0&R&z0:2]1=[C&D2&v4&H1&+0&R&z1:3]-[N&D3&v3&H0&+0&R:4]-[C&D2&v4&H1&+0&R&z1:5]=[C&D2&v4&H1&+0&R&z0:6]-[C&D2&v4&H2&+0&R&z0:7]-1.[O&D1&v2&H0&+0&!R:8]=[O&D1&v2&H0&+0&!R:9]>>[C&D1&v4&H3&+0&!R&z1:1]-[O&D1&v2&H1&+0&!R:8].[O&D0&v2&H2&+0&!R:9].[c&D3&v4&H0&+0&R&z0:2]1:[c&D2&v4&H1&+0&R&z0:7]:[c&D2&v4&H1&+0&R&z0:6]:[c&D2&v4&H1&+0&R&z1:5]:[n&D3&v4&H0&+&R:4]:[c&D2&v4&H1&+0&R&z1:3]:1,710
645,[C&D3&v4&H1&+0&R&z1:1]-[O&D2&v2&H0&+0&R:2].[O&D0&v2&H2&+0&!R:3]>>([O&D1&v2&H1&+0&!R:2].[O&D1&v2&H1&+0&!R:3]-[C&D3&v4&H1&+0&R&z1:1]),238
646,[C&D2&v4&H1&+0&R&z1:1]=[N&D2&v3&H0&+0&R:2].[O&D0&v2&H2&+0&!R:3]>>([C&D2&v4&H1&+0&!R&z1:1]=[O&D1&v2&H0&+0&!R:3].[N&D1&v3&H2&+0&!R:2]),499
647,[N&D2&v3&H1&+0&R:1].[S&D2&v2&H0&+0&!R:2]-[C&D3&v4&H0&+0&!R&z2:3]>>[C&D3&v4&H0&+0&!R&z2:3]-[N&D3&v3&H0&+0&R:1].[S&D1&v2&H1&+0&!R:2],347
648,[C&D3&v4&H0&+0&!R&z0:1]-[C&D3&v4&H1&+0&!R&z0:2]-[C&D1&v4&H3&+0&!R&z0:3]>>[C&D3&v4&H0&+0&!R&z0:1]-[C&D2&v4&H2&+0&!R&z0:3]-[C&D2&v4&H2&+0&!R&z0:2],181
649,[C&D1&v4&H2&+0&!R&z0:1]=[C&D3&v4&H0&+0&!R&z0:2]-[C&D3&v4&H1&+0&!R&z0:3]>>[C&D1&v4&H3&+0&!R&z0:1]-[C&D3&v4&H0&+0&!R&z0:2]=[C&D3&v4&H0&+0&!R&z0:3],367
650,([C&D1&v4&H2&+0&!R&z0:1]=[C&D3&v4&H0&+0&!R&z0:2].[C&D2&v4&H1&+0&R&z0:3]=[C&D2&v4&H1&+0&R&z0:4]).[O&D1&v2&H1&+0&!R:5]>>[C&D4&v4&H0&+0&R&z0:2](-[C&D2&v4&H2&+0&!R&z1:1]-[O&D2&v2&H0&+0&!R:5])-[C&D3&v4&H1&+0&R&z0:3]-[C&D2&v4&H2&+0&R&z0:4],487
651,([C&D1&v4&H2&+0&!R&z0:1]=[C&D3&v4&H0&+0&!R&z0:2].[C&D2&v4&H1&+0&R&z1:3]=[C&D3&v4&H0&+0&R&z0:4]-[C&D2&v4&H1&+0&R&z0:5]=[C&D2&v4&H1&+0&R&z0:6])>>[C&D3&v4&H0&+0&R&z0:4]1=[C&D2&v4&H1&+0&R&z0:5]-[C&D3&v4&H1&+0&R&z0:6]-[C&D2&v4&H2&+0&R&z0:1]-[C&D4&v4&H0&+0&R&z0:2]-[C&D3&v4&H1&+0&R&z1:3]-1,758
652,([C&D3&v4&H0&+0&!R&z2:1]-[O&D2&v2&H0&+0&!R:2].[O&D1&v2&H1&+0&!R:3])>>[C&D3&v4&H0&+0&R&z2:1]-[O&D2&v2&H0&+0&R:3].[O&D1&v2&H1&+0&!R:2],493
653,[C&D1&v4&H2&+0&!R&z0:1]=[C&D3&v4&H0&+0&!R&z0:2].[O&D0&v2&H2&+0&!R:3]>>[C&D3&v4&H1&+0&!R&z0:2]-[C&D2&v4&H2&+0&!R&z1:1]-[O&D1&v2&H1&+0&!R:3],703
654,[C&D1&v4&H2&+0&!R&z0:1]=[C&D3&v4&H0&+0&!R&z0:2]-[C&D3&v4&H1&+0&!R&z0:3]-[C&D1&v4&H3&+0&!R&z0:4].[S&D2&v2&H0&+0&!R:5]>>[C&D1&v4&H3&+0&!R&z1:4]-[S&D3&v3&H0&+&!R:5].[C&D2&v4&H1&+0&!R&z0:3]=[C&D3&v4&H0&+0&!R&z0:2]-[C&D1&v4&H3&+0&!R&z0:1],772
655,[C&D1&v4&H3&+0&!R&z1:1]-[S&D3&v3&H0&+&!R:2].[C&D2&v4&H1&+0&!R&z0:3]=[C&D3&v4&H0&+0&!R&z0:4]-[C&D1&v4&H3&+0&!R&z0:5]>>[C&D1&v4&H2&+0&!R&z0:5]=[C&D3&v4&H0&+0&!R&z0:4]-[C&D3&v4&H1&+0&!R&z0:3]-[C&D1&v4&H3&+0&!R&z0:1].[S&D2&v2&H0&+0&!R:2],78
656,[C&D1&v4&H2&+0&!R&z0:1]=[C&D3&v4&H0&+0&!R&z0:2]-[C&D3&v4&H1&+0&!R&z0:3]-[C&D1&v4&H3&+0&!R&z0:4].[S&D2&v2&H0&+0&!R:5]>>[C&D1&v4&H3&+0&!R&z0:1]-[C&D3&v4&H0&+0&!R&z0:2]=[C&D2&v4&H1&+0&!R&z0:3].[C&D1&v4&H3&+0&!R&z1:4]-[S&D3&v3&H0&+&!R:5],772
657,[C&D1&v4&H2&+0&!R&z0:1]=[C&D3&v4&H0&+0&!R&z0:2]-[C&D3&v4&H1&+0&!R&z0:3]-[C&D2&v4&H2&+0&!R&z0:4].[O&D1&v2&H1&+0&!R:5]>>[C&D1&v4&H3&+0&!R&z0:1]-[C&D3&v4&H0&+0&!R&z0:2]=[C&D2&v4&H1&+0&!R&z0:3].[C&D2&v4&H2&+0&!R&z1:4]-[O&D2&v2&H0&+0&!R:5],855
658,([C&D3&v4&H0&+0&!R&z1:1]=[O&D1&v2&H0&+0&!R:2].[C&D3&v4&H0&+0&!R&z2:3]-[O&D1&v2&H1&+0&!R:4])>>[C&D4&v4&H0&+0&R&z2:1](-[O&D1&v2&H1&+0&!R:4])-[O&D2&v2&H0&+0&R:2]-[C&D3&v4&H0&+0&R&z2:3],173
659,[C&D2&v4&H1&+0&R&z0:1]=[C&D3&v4&H0&+0&R&z0:2].[C&D3&v4&H0&+0&R&z0:3]1=[C&D2&v4&H1&+0&R&z1:4]-[N&D3&v3&H0&+0&R:5]-[C&D2&v4&H1&+0&R&z1:6]=[C&D2&v4&H1&+0&R&z0:7]-[C&D2&v4&H2&+0&R&z0:8]-1.[O&D1&v2&H0&+0&!R:9]=[O&D1&v2&H0&+0&!R:10]>>[C&D4&v4&H0&+0&R&z1:2]1-[O&D2&v2&H0&+0&R:10]-[C&D3&v4&H1&+0&R&z1:1]-1.[O&D0&v2&H2&+0&!R:9].[c&D3&v4&H0&+0&R&z0:3]1:[c&D2&v4&H1&+0&R&z0:8]:[c&D2&v4&H1&+0&R&z0:7]:[c&D2&v4&H1&+0&R&z1:6]:[n&D3&v4&H0&+&R:5]:[c&D2&v4&H1&+0&R&z1:4]:1,697
660,[C&D1&v4&H2&+0&!R&z0:1]=[C&D3&v4&H0&+0&!R&z0:2]-[C&D3&v4&H1&+0&R&z0:3]-[C&D2&v4&H2&+0&R&z0:4].[O&D1&v2&H1&+0&!R:5]>>([C&D1&v4&H3&+0&!R&z0:1]-[C&D3&v4&H0&+0&!R&z0:2]=[C&D2&v4&H1&+0&!R&z0:3].[C&D2&v4&H2&+0&!R&z1:4]-[O&D2&v2&H0&+0&!R:5]),874
661,[C&D2&v4&H1&+0&!R&z1:1]=[O&D1&v2&H0&+0&!R:2].[C&D3&v4&H0&+0&R&z0:3]1=[C&D2&v4&H1&+0&R&z1:4]-[N&D3&v3&H0&+0&R:5]-[C&D2&v4&H1&+0&R&z1:6]=[C&D2&v4&H1&+0&R&z0:7]-[C&D2&v4&H2&+0&R&z0:8]-1>>[C&D2&v4&H2&+0&!R&z1:1]-[O&D1&v2&H1&+0&!R:2].[c&D3&v4&H0&+0&R&z0:3]1:[c&D2&v4&H1&+0&R&z0:8]:[c&D2&v4&H1&+0&R&z0:7]:[c&D2&v4&H1&+0&R&z1:6]:[n&D3&v4&H0&+&R:5]:[c&D2&v4&H1&+0&R&z1:4]:1,559
662,[C&D2&v4&H2&+0&!R&z1:1]-[O&D1&v2&H1&+0&!R:2].[c&D3&v4&H0&+0&R&z0:3]1:[c&D2&v4&H1&+0&R&z0:4]:[c&D2&v4&H1&+0&R&z0:5]:[c&D2&v4&H1&+0&R&z1:6]:[n&D3&v4&H0&+&R:7]:[c&D2&v4&H1&+0&R&z1:8]:1>>[C&D2&v4&H1&+0&!R&z1:1]=[O&D1&v2&H0&+0&!R:2].[C&D3&v4&H0&+0&R&z0:3]1=[C&D2&v4&H1&+0&R&z1:8]-[N&D3&v3&H0&+0&R:7]-[C&D2&v4&H1&+0&R&z1:6]=[C&D2&v4&H1&+0&R&z0:5]-[C&D2&v4&H2&+0&R&z0:4]-1,435
663,([C&D1&v4&H2&+0&!R&z0:1]=[C&D3&v4&H0&+0&!R&z0:2]-[C&D3&v4&H1&+0&R&z0:3]-[C&D2&v4&H2&+0&R&z0:4].[C&D3&v4&H0&+0&R&z0:5]-[C&D4&v4&H0&+0&R&z0:6](-[C&D3&v4&H1&+0&R&z0:7]-[C&D2&v4&H2&+0&R&z0:8])-[C&D1&v4&H3&+0&!R&z0:9]).[O&D1&v2&H1&+0&!R:10]>>([C&D1&v4&H3&+0&!R&z0:1]-[C&D3&v4&H0&+0&!R&z0:2]=[C&D2&v4&H1&+0&!R&z0:3].[C&D2&v4&H2&+0&!R&z0:6]-[C&D3&v4&H0&+0&!R&z0:7]=[C&D2&v4&H1&+0&!R&z0:8].[C&D2&v4&H2&+0&!R&z1:4]-[O&D2&v2&H0&+0&!R:10].[C&D3&v4&H0&+0&!R&z0:5]-[C&D1&v4&H3&+0&!R&z0:9]),1015
664,[C&D3&v4&H0&+0&R&z0:1]1=[C&D2&v4&H1&+0&R&z1:2]-[N&D3&v3&H0&+0&R:3]-[C&D2&v4&H1&+0&R&z1:4]=[C&D2&v4&H1&+0&R&z0:5]-[C&D2&v4&H2&+0&R&z0:6]-1.[C&D4&v4&H0&+0&R&z1:7]-[C&D3&v4&H0&+0&R&z1:8].[O&D1&v2&H0&+0&!R:9]=[O&D1&v2&H0&+0&!R:10]>>[C&D4&v4&H0&+0&R&z2:7]-[O&D2&v2&H0&+0&R:10]-[C&D3&v4&H0&+0&R&z2:8].[O&D0&v2&H2&+0&!R:9].[c&D3&v4&H0&+0&R&z0:1]1:[c&D2&v4&H1&+0&R&z0:6]:[c&D2&v4&H1&+0&R&z0:5]:[c&D2&v4&H1&+0&R&z1:4]:[n&D3&v4&H0&+&R:3]:[c&D2&v4&H1&+0&R&z1:2]:1,604
665,[C&D4&v4&H0&+0&R&z2:1]-[O&D2&v2&H0&+0&R:2]-[C&D3&v4&H0&+0&R&z2:3].[O&D0&v2&H2&+0&!R:4].[c&D3&v4&H0&+0&R&z0:5]1:[c&D2&v4&H1&+0&R&z0:6]:[c&D2&v4&H1&+0&R&z0:7]:[c&D2&v4&H1&+0&R&z1:8]:[n&D3&v4&H0&+&R:9]:[c&D2&v4&H1&+0&R&z1:10]:1>>[C&D3&v4&H0&+0&R&z0:5]1=[C&D2&v4&H1&+0&R&z1:10]-[N&D3&v3&H0&+0&R:9]-[C&D2&v4&H1&+0&R&z1:8]=[C&D2&v4&H1&+0&R&z0:7]-[C&D2&v4&H2&+0&R&z0:6]-1.[C&D4&v4&H0&+0&R&z1:1]-[C&D3&v4&H0&+0&R&z1:3].[O&D1&v2&H0&+0&!R:4]=[O&D1&v2&H0&+0&!R:2],550
666,[C&D4&v4&H0&+0&R&z2:1](-[O&D1&v2&H1&+0&!R:2])-[O&D2&v2&H0&+0&R:3]-[C&D3&v4&H0&+0&R&z2:4]>>([C&D3&v4&H0&+0&!R&z1:1]=[O&D1&v2&H0&+0&!R:3].[C&D3&v4&H0&+0&!R&z2:4]-[O&D1&v2&H1&+0&!R:2]),35
667,[C&D1&v4&H2&+0&!R&z0:1]=[C&D3&v4&H0&+0&!R&z0:2]-[C&D3&v4&H1&+0&R&z0:3]>>[C&D3&v4&H0&+0&R&z0:3]=[C&D3&v4&H0&+0&!R&z0:2]-[C&D1&v4&H3&+0&!R&z0:1],367
668,[C&D1&v4&H2&+0&!R&z0:1]=[C&D3&v4&H0&+0&!R&z0:2]-[C&D3&v4&H1&+0&R&z0:3]-[C&D3&v4&H1&+0&R&z0:4].[O&D1&v2&H1&+0&!R:5]-[O&D1&v2&H1&+0&!R:6]>>([C&D2&v4&H1&+0&!R&z0:3]=[C&D3&v4&H0&+0&!R&z0:2]-[C&D1&v4&H3&+0&!R&z0:1].[C&D2&v4&H2&+0&!R&z0:4]).[O&D1&v2&H0&+0&!R:5]=[O&D1&v2&H0&+0&!R:6],512
669,[C&D3&v4&H0&+0&R&z0:1]1=[C&D2&v4&H1&+0&R&z1:2]-[N&D3&v3&H0&+0&R:3]-[C&D2&v4&H1&+0&R&z1:4]=[C&D2&v4&H1&+0&R&z0:5]-[C&D2&v4&H2&+0&R&z0:6]-1.[C&D3&v4&H0&+0&R&z1:7]-[C&D2&v4&H2&+0&R&z0:8].[O&D1&v2&H0&+0&!R:9]=[O&D1&v2&H0&+0&!R:10]>>[C&D3&v4&H0&+0&R&z2:7]-[O&D2&v2&H0&+0&R:10]-[C&D2&v4&H2&+0&R&z1:8].[O&D0&v2&H2&+0&!R:9].[c&D3&v4&H0&+0&R&z0:1]1:[c&D2&v4&H1&+0&R&z0:6]:[c&D2&v4&H1&+0&R&z0:5]:[c&D2&v4&H1&+0&R&z1:4]:[n&D3&v4&H0&+&R:3]:[c&D2&v4&H1&+0&R&z1:2]:1,604
670,[C&D3&v4&H0&+0&R&z0:1]1=[C&D2&v4&H1&+0&R&z1:2]-[N&D3&v3&H0&+0&R:3]-[C&D2&v4&H1&+0&R&z1:4]=[C&D2&v4&H1&+0&R&z0:5]-[C&D2&v4&H2&+0&R&z0:6]-1.[C&D3&v4&H1&+0&R&z0:7]-[C&D3&v4&H0&+0&R&z1:8].[O&D1&v2&H0&+0&!R:9]=[O&D1&v2&H0&+0&!R:10]>>[C&D3&v4&H1&+0&R&z1:7]-[O&D2&v2&H0&+0&R:10]-[C&D3&v4&H0&+0&R&z2:8].[O&D0&v2&H2&+0&!R:9].[c&D3&v4&H0&+0&R&z0:1]1:[c&D2&v4&H1&+0&R&z0:6]:[c&D2&v4&H1&+0&R&z0:5]:[c&D2&v4&H1&+0&R&z1:4]:[n&D3&v4&H0&+&R:3]:[c&D2&v4&H1&+0&R&z1:2]:1,604
671,[C&D3&v4&H0&+0&R&z2:1]-[O&D2&v2&H0&+0&R:2]-[C&D2&v4&H2&+0&R&z1:3].[O&D0&v2&H2&+0&!R:4].[c&D3&v4&H0&+0&R&z0:5]1:[c&D2&v4&H1&+0&R&z0:6]:[c&D2&v4&H1&+0&R&z0:7]:[c&D2&v4&H1&+0&R&z1:8]:[n&D3&v4&H0&+&R:9]:[c&D2&v4&H1&+0&R&z1:10]:1>>[C&D3&v4&H0&+0&R&z0:5]1=[C&D2&v4&H1&+0&R&z1:10]-[N&D3&v3&H0&+0&R:9]-[C&D2&v4&H1&+0&R&z1:8]=[C&D2&v4&H1&+0&R&z0:7]-[C&D2&v4&H2&+0&R&z0:6]-1.[C&D3&v4&H0&+0&R&z1:1]-[C&D2&v4&H2&+0&R&z0:3].[O&D1&v2&H0&+0&!R:4]=[O&D1&v2&H0&+0&!R:2],550
672,[C&D1&v4&H2&+0&!R&z0:1]=[C&D3&v4&H0&+0&!R&z0:2]-[C&D3&v4&H1&+0&R&z0:3]-[C&D3&v4&H1&+0&R&z0:4]-[C&D3&v4&H1&+0&R&z0:5]-[C&D3&v4&H1&+0&R&z0:6].[O&D1&v2&H1&+0&!R:7]>>([C&D1&v4&H3&+0&!R&z0:1]-[C&D3&v4&H0&+0&!R&z0:2]=[C&D2&v4&H1&+0&!R&z0:3].[C&D2&v4&H2&+0&!R&z1:4]-[O&D2&v2&H0&+0&!R:7].[C&D3&v4&H0&+0&!R&z0:6]=[C&D2&v4&H1&+0&!R&z0:5]),1003
673,[C&D3&v4&H1&+0&R&z1:1]-[O&D2&v2&H0&+0&R:2]-[C&D3&v4&H0&+0&R&z2:3].[O&D0&v2&H2&+0&!R:4].[c&D3&v4&H0&+0&R&z0:5]1:[c&D2&v4&H1&+0&R&z0:6]:[c&D2&v4&H1&+0&R&z0:7]:[c&D2&v4&H1&+0&R&z1:8]:[n&D3&v4&H0&+&R:9]:[c&D2&v4&H1&+0&R&z1:10]:1>>[C&D3&v4&H0&+0&R&z0:5]1=[C&D2&v4&H1&+0&R&z1:10]-[N&D3&v3&H0&+0&R:9]-[C&D2&v4&H1&+0&R&z1:8]=[C&D2&v4&H1&+0&R&z0:7]-[C&D2&v4&H2&+0&R&z0:6]-1.[C&D3&v4&H1&+0&R&z0:1]-[C&D3&v4&H0&+0&R&z1:3].[O&D1&v2&H0&+0&!R:4]=[O&D1&v2&H0&+0&!R:2],550
674,[C&D3&v4&H1&+0&R&z1:1]-[O&D2&v2&H0&+0&R:2].[O&D0&v2&H2&+0&!R:3]>>([C&D3&v4&H1&+0&!R&z1:1]-[O&D1&v2&H1&+0&!R:3].[O&D1&v2&H1&+0&!R:2]),238
675,[C&D1&v4&H2&+0&!R&z0:1]=[C&D3&v4&H0&+0&!R&z0:2]-[C&D3&v4&H1&+0&R&z0:3]-[C&D3&v4&H1&+0&R&z0:4]-[C&D4&v4&H0&+0&R&z0:5]-[C&D3&v4&H1&+0&R&z0:6]-[C&D4&v4&H0&+0&R&z0:7]-[C&D4&v4&H0&+0&R&z0:8]-[C&D3&v4&H1&+0&R&z0:9]-[C&D4&v4&H0&+0&R&z0:10]-[C&D3&v4&H1&+0&R&z0:11]-[C&D4&v4&H0&+0&R&z0:12]-[C&D2&v4&H2&+0&R&z0:13]>>([C&D2&v4&H1&+0&!R&z0:6]=[C&D3&v4&H0&+0&!R&z0:7].[C&D2&v4&H1&+0&!R&z0:4]=[C&D3&v4&H0&+0&!R&z0:5].[C&D2&v4&H1&+0&!R&z0:3]=[C&D3&v4&H0&+0&!R&z0:2]-[C&D1&v4&H3&+0&!R&z0:1].[C&D3&v4&H0&+0&!R&z0:12]=[C&D2&v4&H1&+0&!R&z0:13].[C&D3&v4&H0&+0&!R&z0:10]=[C&D2&v4&H1&+0&!R&z0:11].[C&D3&v4&H0&+0&!R&z0:8]=[C&D2&v4&H1&+0&!R&z0:9]),984
676,([C&D1&v4&H2&+0&!R&z0:1]=[C&D3&v4&H0&+0&!R&z0:2]-[C&D3&v4&H1&+0&R&z0:3]-[C&D3&v4&H1&+0&R&z0:4](-[C&D4&v4&H0&+0&R&z0:5]-[C&D2&v4&H2&+0&R&z0:6])-[C&D3&v4&H1&+0&R&z0:7]-[C&D4&v4&H0&+0&R&z0:8]-[C&D4&v4&H0&+0&R&z0:9]-[C&D3&v4&H1&+0&R&z0:10]-[C&D4&v4&H0&+0&R&z0:11]-[C&D3&v4&H1&+0&R&z0:12]-[C&D4&v4&H0&+0&R&z0:13].[O&D1&v2&H1&+0&!R:14])>>([C&D1&v4&H3&+0&!R&z0:1]-[C&D3&v4&H0&+0&!R&z0:2]=[C&D2&v4&H1&+0&!R&z0:3].[C&D2&v4&H1&+0&!R&z0:10]=[C&D3&v4&H0&+0&!R&z0:9].[C&D2&v4&H1&+0&!R&z0:12]=[C&D3&v4&H0&+0&!R&z0:11].[C&D3&v4&H0&+0&!R&z0:8]=[C&D2&v4&H1&+0&!R&z0:7].[C&D3&v4&H0&+0&!R&z0:5]=[C&D2&v4&H1&+0&!R&z0:4]-[C&D2&v4&H2&+0&!R&z0:6].[O&D2&v2&H0&+0&R:14]-[C&D4&v4&H0&+0&R&z1:13]),995
677,[C&D1&v4&H2&+0&!R&z0:1]=[C&D3&v4&H0&+0&!R&z0:2]-[C&D3&v4&H1&+0&R&z0:3]-[C&D2&v4&H2&+0&R&z0:4]-[C&D2&v4&H2&+0&R&z0:5]-[C&D4&v4&H0&+0&R&z0:6]-[C&D3&v4&H1&+0&R&z0:7].[O&D1&v2&H1&+0&!R:8]>>([C&D1&v4&H3&+0&!R&z0:1]-[C&D3&v4&H0&+0&!R&z0:2]=[C&D2&v4&H1&+0&!R&z0:3].[C&D2&v4&H2&+0&!R&z0:7].[C&D3&v4&H0&+0&!R&z0:6]=[C&D2&v4&H1&+0&!R&z0:5]-[C&D2&v4&H2&+0&!R&z1:4]-[O&D2&v2&H0&+0&!R:8]),622
678,[C&D4&v4&H0&+0&R&z1:1]1-[O&D2&v2&H0&+0&R:2]-[C&D3&v4&H1&+0&R&z1:3]-1.[O&D0&v2&H2&+0&!R:4].[c&D3&v4&H0&+0&R&z0:5]1:[c&D2&v4&H1&+0&R&z0:6]:[c&D2&v4&H1&+0&R&z0:7]:[c&D2&v4&H1&+0&R&z1:8]:[n&D3&v4&H0&+&R:9]:[c&D2&v4&H1&+0&R&z1:10]:1>>[C&D2&v4&H1&+0&R&z0:3]=[C&D3&v4&H0&+0&R&z0:1].[C&D3&v4&H0&+0&R&z0:5]1=[C&D2&v4&H1&+0&R&z1:10]-[N&D3&v3&H0&+0&R:9]-[C&D2&v4&H1&+0&R&z1:8]=[C&D2&v4&H1&+0&R&z0:7]-[C&D2&v4&H2&+0&R&z0:6]-1.[O&D1&v2&H0&+0&!R:4]=[O&D1&v2&H0&+0&!R:2],459
679,[C&D4&v4&H0&+0&R&z1:1]-[O&D2&v2&H0&+0&R:2].[O&D0&v2&H2&+0&!R:3]>>([C&D4&v4&H0&+0&R&z1:1]-[O&D1&v2&H1&+0&!R:3].[O&D1&v2&H1&+0&!R:2]),238
680,[C&D1&v4&H2&+0&!R&z0:1]=[C&D3&v4&H0&+0&!R&z0:2]-[C&D1&v4&H3&+0&!R&z0:3].[O&D1&v2&H0&+0&!R:4]=[C&D2&v4&H0&+0&!R&z2:5].[P&D4&v5&H0&+0&!R:6]-[O&D1&v2&H1&+0&!R:7].[P&D4&v5&H0&+0&!R:8]-[O&D1&v2&H1&+0&!R:9]>>[C&D1&v4&H3&+0&!R&z0:1]-[C&D4&v4&H0&+0&!R&z1:2](-[O&D1&v2&H1&+0&!R:9])-[C&D2&v4&H2&+0&!R&z0:3]-[C&D3&v4&H0&+0&!R&z2:5]-[O&D1&v2&H1&+0&!R:4].[P&D4&v5&H0&+0&!R:6]-[O&D2&v2&H0&+0&!R:7]-[P&D4&v5&H0&+0&!R:8],190
681,[C&D1&v4&H2&+0&!R&z0:1].[O&D1&v2&H0&+0&!R:2]=[C&D2&v4&H0&+0&!R&z2:3]>>[C&D2&v4&H1&+0&!R&z0:1]-[C&D3&v4&H0&+0&!R&z2:3]-[O&D1&v2&H1&+0&!R:2],439
682,[C&D1&v4&H2&+0&!R&z0:1]=[C&D3&v4&H0&+0&!R&z0:2]-[C&D2&v4&H2&+0&!R&z0:3].[C&D1&v4&H2&+0&!R&z0:4]=[C&D3&v4&H0&+0&!R&z0:5]-[C&D2&v4&H2&+0&!R&z0:6]-[C&D2&v4&H2&+0&!R&z1:7]-[O&D2&v2&H0&+0&!R:8].[C&D2&v4&H2&+0&!R&z1:9]-[O&D2&v2&H0&+0&!R:10]>>[C&D2&v4&H2&+0&!R&z0:9]-[C&D2&v4&H2&+0&!R&z0:4]-[C&D3&v4&H0&+0&!R&z0:5]=[C&D2&v4&H1&+0&!R&z0:6]-[C&D2&v4&H2&+0&!R&z0:7]-[C&D2&v4&H2&+0&!R&z0:1]-[C&D3&v4&H0&+0&!R&z0:2]=[C&D2&v4&H1&+0&!R&z0:3].[O&D1&v2&H1&+0&!R:8].[O&D1&v2&H1&+0&!R:10],84
683,[C&D1&v4&H2&+0&!R&z0:1]=[C&D3&v4&H0&+0&!R&z0:2]-[C&D2&v4&H2&+0&!R&z0:3].[C&D2&v4&H2&+0&!R&z1:4]-[O&D2&v2&H0&+0&!R:5]>>[C&D2&v4&H2&+0&!R&z0:4]-[C&D2&v4&H2&+0&!R&z0:1]-[C&D3&v4&H0&+0&!R&z0:2]=[C&D2&v4&H1&+0&!R&z0:3].[O&D1&v2&H1&+0&!R:5],575
684,[C&D1&v4&H2&+0&!R&z0:1]=[C&D3&v4&H0&+0&!R&z0:2]-[C&D2&v4&H2&+0&!R&z0:3]>>[C&D1&v4&H3&+0&!R&z0:1]-[C&D3&v4&H0&+0&!R&z0:2]=[C&D2&v4&H1&+0&!R&z0:3],367
685,[C&D1&v4&H2&+0&!R&z0:1]=[C&D3&v4&H0&+0&!R&z0:2].[C&D3&v4&H0&+0&R&z0:3]1=[C&D2&v4&H1&+0&R&z1:4]-[N&D3&v3&H0&+0&R:5]-[C&D2&v4&H1&+0&R&z1:6]=[C&D2&v4&H1&+0&R&z0:7]-[C&D2&v4&H2&+0&R&z0:8]-1>>[C&D3&v4&H1&+0&!R&z0:2]-[C&D1&v4&H3&+0&!R&z0:1].[c&D3&v4&H0&+0&R&z0:3]1:[c&D2&v4&H1&+0&R&z0:8]:[c&D2&v4&H1&+0&R&z0:7]:[c&D2&v4&H1&+0&R&z1:6]:[n&D3&v4&H0&+&R:5]:[c&D2&v4&H1&+0&R&z1:4]:1,515
686,[C&D2&v4&H1&+0&!R&z0:1]=[C&D2&v4&H1&+0&!R&z0:2].[O&D0&v2&H2&+0&!R:3].[O&D0&v2&H2&+0&!R:4].[c&D3&v4&H0&+0&R&z0:5]1:[c&D2&v4&H1&+0&R&z0:6]:[c&D2&v4&H1&+0&R&z0:7]:[c&D2&v4&H1&+0&R&z1:8]:[n&D3&v4&H0&+&R:9]:[c&D2&v4&H1&+0&R&z1:10]:1>>[C&D2&v4&H2&+0&!R&z0:1]-[C&D2&v4&H2&+0&!R&z0:2].[C&D3&v4&H0&+0&R&z0:5]1=[C&D2&v4&H1&+0&R&z1:10]-[N&D3&v3&H0&+0&R:9]-[C&D2&v4&H1&+0&R&z1:8]=[C&D2&v4&H1&+0&R&z0:7]-[C&D2&v4&H2&+0&R&z0:6]-1.[O&D1&v2&H0&+0&!R:4]=[O&D1&v2&H0&+0&!R:3],707
687,[C&D1&v4&H2&+0&!R&z0:1].[O&D1&v2&H0&+0&!R:2]=[C&D2&v4&H0&+0&!R&z2:3]>>[C&D3&v4&H0&+0&!R&z2:3](-[O&D1&v2&H1&+0&!R:2])-[C&D2&v4&H1&+0&!R&z0:1],439
688,[C&D1&v4&H2&+0&!R&z0:1]=[C&D3&v4&H0&+0&!R&z0:2].[O&D0&v2&H2&+0&!R:3]>>[C&D1&v4&H3&+0&!R&z0:1]-[C&D4&v4&H0&+0&!R&z1:2]-[O&D1&v2&H1&+0&!R:3],703
689,[C&D3&v4&H0&+0&!R&z2:1]-[O&D1&v2&H1&+0&!R:2].[N&D0&v3&H3&+0&!R:3].[P&D4&v5&H0&+0&!R:4]-[O&D2&v2&H0&+0&!R:5]-[P&D4&v5&H0&+0&!R:6]>>[C&D3&v4&H0&+0&!R&z2:1]-[N&D1&v3&H2&+0&!R:3].[P&D4&v5&H0&+0&!R:6]-[O&D1&v2&H1&+0&!R:5].[P&D4&v5&H0&+0&!R:4]-[O&D1&v2&H1&+0&!R:2],471
690,[C&D3&v4&H0&+0&!R&z2:1]-[N&D1&v3&H2&+0&!R:2].[O&D1&v2&H1&+0&!R:3].[P&D4&v5&H0&+0&!R:4]-[O&D1&v2&H1&+0&!R:5]>>[C&D3&v4&H0&+0&!R&z2:1]-[O&D1&v2&H1&+0&!R:5].[N&D0&v3&H3&+0&!R:2].[O&D2&v2&H0&+0&!R:3]-[P&D4&v5&H0&+0&!R:4],427
691,[C&D3&v4&H0&+0&!R&z0:1]-[C&D2&v4&H2&+0&!R&z0:2]-[C&D2&v4&H2&+0&!R&z0:3]>>[C&D3&v4&H0&+0&!R&z0:1]-[C&D3&v4&H1&+0&!R&z0:3]-[C&D1&v4&H3&+0&!R&z0:2],181
692,[C&D1&v4&H2&+0&!R&z0:1].[C&D1&v4&H3&+0&!R&z1:2]-[S&D3&v3&H0&+&!R:3]>>[C&D1&v4&H3&+0&!R&z0:2]-[C&D2&v4&H1&+0&!R&z0:1].[S&D2&v2&H0&+0&!R:3],588
693,[C&D1&v4&H2&+0&!R&z0:1]=[C&D3&v4&H0&+0&!R&z0:2]-[C&D3&v4&H1&+0&!R&z0:3].[S&D2&v2&H0&+0&!R:4]>>[C&D1&v4&H3&+0&!R&z1:1]-[S&D3&v3&H0&+&!R:4].[C&D3&v4&H0&+0&!R&z0:3]=[C&D2&v4&H1&+0&!R&z0:2],838
694,([C&D1&v4&H3&+0&!R&z0:1].[C&D3&v4&H0&+0&R&z0:2]=[C&D3&v4&H0&+0&R&z0:3])>>[C&D3&v4&H1&+0&R&z0:2]-[C&D4&v4&H0&+0&R&z0:3]-[C&D2&v4&H2&+0&R&z0:1],667
695,[C&D4&v4&H0&+0&R&z0:1](-[C&D3&v4&H0&+0&!R&z2:2]-[O&D1&v2&H1&+0&!R:3])-[C&D3&v4&H1&+0&R&z1:4]-[O&D1&v2&H1&+0&!R:5].[c&D3&v4&H0&+0&R&z0:6]1:[c&D2&v4&H1&+0&R&z0:7]:[c&D2&v4&H1&+0&R&z0:8]:[c&D2&v4&H1&+0&R&z1:9]:[n&D3&v4&H0&+&R:10]:[c&D2&v4&H1&+0&R&z1:11]:1>>[C&D3&v4&H0&+0&R&z0:6]1=[C&D2&v4&H1&+0&R&z1:11]-[N&D3&v3&H0&+0&R:10]-[C&D2&v4&H1&+0&R&z1:9]=[C&D2&v4&H1&+0&R&z0:8]-[C&D2&v4&H2&+0&R&z0:7]-1.[C&D3&v4&H1&+0&R&z0:1]-[C&D3&v4&H0&+0&R&z1:4]=[O&D1&v2&H0&+0&!R:5].[O&D1&v2&H0&+0&!R:3]=[C&D2&v4&H0&+0&!R&z2:2],544
696,[C&D3&v4&H0&+0&R&z0:1]1=[C&D2&v4&H1&+0&R&z1:2]-[N&D3&v3&H0&+0&R:3]-[C&D2&v4&H1&+0&R&z1:4]=[C&D2&v4&H1&+0&R&z0:5]-[C&D2&v4&H2&+0&R&z0:6]-1.[C&D3&v4&H1&+0&R&z0:7]-[C&D3&v4&H0&+0&R&z1:8]=[O&D1&v2&H0&+0&!R:9].[O&D1&v2&H0&+0&!R:10]=[C&D2&v4&H0&+0&!R&z2:11]>>[C&D4&v4&H0&+0&R&z0:7](-[C&D3&v4&H0&+0&!R&z2:11]-[O&D1&v2&H1&+0&!R:10])-[C&D3&v4&H1&+0&R&z1:8]-[O&D1&v2&H1&+0&!R:9].[c&D3&v4&H0&+0&R&z0:1]1:[c&D2&v4&H1&+0&R&z0:6]:[c&D2&v4&H1&+0&R&z0:5]:[c&D2&v4&H1&+0&R&z1:4]:[n&D3&v4&H0&+&R:3]:[c&D2&v4&H1&+0&R&z1:2]:1,942
697,[C&D3&v4&H1&+0&R&z0:1]-[C&D4&v4&H0&+0&R&z0:2]-[C&D2&v4&H2&+0&R&z0:3]>>([C&D1&v4&H3&+0&!R&z0:3].[C&D3&v4&H0&+0&R&z0:1]=[C&D3&v4&H0&+0&R&z0:2]),658
698,[C&D3&v4&H0&+0&R&z0:1](=[C&D3&v4&H0&+0&R&z0:2])-[C&D2&v4&H2&+0&R&z0:3]>>[C&D3&v4&H0&+0&R&z0:1](=[C&D2&v4&H1&+0&R&z0:3])-[C&D3&v4&H1&+0&R&z0:2],367
699,[C&D2&v4&H2&+0&!R&z0:1]-[C&D2&v4&H2&+0&!R&z0:2].[C&D3&v4&H0&+0&R&z0:3]1=[C&D2&v4&H1&+0&R&z1:4]-[N&D3&v3&H0&+0&R:5]-[C&D2&v4&H1&+0&R&z1:6]=[C&D2&v4&H1&+0&R&z0:7]-[C&D2&v4&H2&+0&R&z0:8]-1.[O&D1&v2&H0&+0&!R:9]=[O&D1&v2&H0&+0&!R:10]>>[C&D2&v4&H1&+0&!R&z0:1]=[C&D2&v4&H1&+0&!R&z0:2].[O&D0&v2&H2&+0&!R:10].[O&D0&v2&H2&+0&!R:9].[c&D3&v4&H0&+0&R&z0:3]1:[c&D2&v4&H1&+0&R&z0:8]:[c&D2&v4&H1&+0&R&z0:7]:[c&D2&v4&H1&+0&R&z1:6]:[n&D3&v4&H0&+&R:5]:[c&D2&v4&H1&+0&R&z1:4]:1,897
700,[C&D2&v4&H1&+0&R&z0:1]=[C&D3&v4&H0&+0&R&z0:2].[O&D0&v2&H2&+0&!R:3].[O&D0&v2&H2&+0&!R:4].[c&D3&v4&H0&+0&R&z0:5]1:[c&D2&v4&H1&+0&R&z0:6]:[c&D2&v4&H1&+0&R&z0:7]:[c&D2&v4&H1&+0&R&z1:8]:[n&D3&v4&H0&+&R:9]:[c&D2&v4&H1&+0&R&z1:10]:1>>[C&D2&v4&H2&+0&R&z0:1]-[C&D3&v4&H1&+0&R&z0:2].[C&D3&v4&H0&+0&R&z0:5]1=[C&D2&v4&H1&+0&R&z1:10]-[N&D3&v3&H0&+0&R:9]-[C&D2&v4&H1&+0&R&z1:8]=[C&D2&v4&H1&+0&R&z0:7]-[C&D2&v4&H2&+0&R&z0:6]-1.[O&D1&v2&H0&+0&!R:4]=[O&D1&v2&H0&+0&!R:3],707
701,[C&D1&v4&H2&+0&!R&z0:1]=[C&D3&v4&H0&+0&!R&z0:2].[O&D0&v2&H2&+0&!R:3].[O&D0&v2&H2&+0&!R:4].[c&D3&v4&H0&+0&R&z0:5]1:[c&D2&v4&H1&+0&R&z0:6]:[c&D2&v4&H1&+0&R&z0:7]:[c&D2&v4&H1&+0&R&z1:8]:[n&D3&v4&H0&+&R:9]:[c&D2&v4&H1&+0&R&z1:10]:1>>[C&D3&v4&H0&+0&R&z0:5]1=[C&D2&v4&H1&+0&R&z1:10]-[N&D3&v3&H0&+0&R:9]-[C&D2&v4&H1&+0&R&z1:8]=[C&D2&v4&H1&+0&R&z0:7]-[C&D2&v4&H2&+0&R&z0:6]-1.[C&D3&v4&H1&+0&!R&z0:2]-[C&D1&v4&H3&+0&!R&z0:1].[O&D1&v2&H0&+0&!R:4]=[O&D1&v2&H0&+0&!R:3],707
702,[C&D2&v4&H2&+0&R&z0:1]-[C&D3&v4&H1&+0&R&z0:2].[C&D3&v4&H0&+0&R&z0:3]1=[C&D2&v4&H1&+0&R&z1:4]-[N&D3&v3&H0&+0&R:5]-[C&D2&v4&H1&+0&R&z1:6]=[C&D2&v4&H1&+0&R&z0:7]-[C&D2&v4&H2&+0&R&z0:8]-1.[O&D1&v2&H0&+0&!R:9]=[O&D1&v2&H0&+0&!R:10]>>[C&D2&v4&H1&+0&R&z0:1]=[C&D3&v4&H0&+0&R&z0:2].[O&D0&v2&H2&+0&!R:10].[O&D0&v2&H2&+0&!R:9].[c&D3&v4&H0&+0&R&z0:3]1:[c&D2&v4&H1&+0&R&z0:8]:[c&D2&v4&H1&+0&R&z0:7]:[c&D2&v4&H1&+0&R&z1:6]:[n&D3&v4&H0&+&R:5]:[c&D2&v4&H1&+0&R&z1:4]:1,897
703,[C&D3&v4&H0&+0&R&z0:1](=[C&D2&v4&H1&+0&R&z0:2])-[C&D3&v4&H1&+0&R&z0:3]>>[C&D3&v4&H0&+0&R&z0:1](=[C&D3&v4&H0&+0&R&z0:3])-[C&D2&v4&H2&+0&R&z0:2],367
704,[C&D1&v4&H2&+0&!R&z0:1]=[C&D3&v4&H0&+0&!R&z0:2]-[C&D3&v4&H1&+0&R&z0:3]-[C&D2&v4&H2&+0&R&z0:4].[O&D1&v2&H1&+0&!R:5]>>([C&D2&v4&H2&+0&!R&z1:4]-[O&D2&v2&H0&+0&!R:5].[C&D3&v4&H0&+0&!R&z0:2](-[C&D1&v4&H3&+0&!R&z0:1])=[C&D2&v4&H1&+0&!R&z0:3]),874
705,([C&D1&v4&H2&+0&!R&z0:1]=[C&D3&v4&H0&+0&!R&z0:2]-[C&D2&v4&H2&+0&!R&z0:3].[C&D2&v4&H1&+0&!R&z0:4]=[C&D3&v4&H0&+0&!R&z0:5])>>[C&D3&v4&H0&+0&R&z0:2](=[C&D2&v4&H1&+0&R&z0:3])-[C&D2&v4&H2&+0&R&z0:1]-[C&D4&v4&H0&+0&R&z0:5]-[C&D2&v4&H2&+0&R&z0:4],1004
706,[C&D1&v4&H2&+0&!R&z0:1]=[C&D3&v4&H0&+0&!R&z0:2]-[C&D3&v4&H1&+0&R&z0:3]-[C&D3&v4&H1&+0&R&z0:4]-[C&D4&v4&H0&+0&R&z0:5]-[C&D4&v4&H0&+0&R&z0:6]-[C&D3&v4&H1&+0&R&z0:7]-[C&D4&v4&H0&+0&R&z0:8]-[C&D3&v4&H1&+0&R&z0:9]-[C&D4&v4&H0&+0&R&z0:10]-[C&D2&v4&H2&+0&R&z0:11]>>([C&D2&v4&H1&+0&!R&z0:4]=[C&D3&v4&H0&+0&!R&z0:5].[C&D2&v4&H1&+0&!R&z0:3]=[C&D3&v4&H0&+0&!R&z0:2]-[C&D1&v4&H3&+0&!R&z0:1].[C&D3&v4&H0&+0&!R&z0:10]=[C&D2&v4&H1&+0&!R&z0:11].[C&D3&v4&H0&+0&!R&z0:8]=[C&D2&v4&H1&+0&!R&z0:9].[C&D3&v4&H0&+0&!R&z0:6]=[C&D2&v4&H1&+0&!R&z0:7]),479
707,([C&D3&v4&H0&+0&!R&z2:1]-[O&D2&v2&H0&+0&!R:2].[O&D1&v2&H1&+0&!R:3])>>[O&D1&v2&H1&+0&!R:2].[O&D2&v2&H0&+0&R:3]-[C&D3&v4&H0&+0&R&z2:1],493
708,[C&D1&v4&H2&+0&!R&z0:1]=[C&D3&v4&H0&+0&!R&z1:2].[C&D3&v4&H0&+0&R&z0:3]1=[C&D2&v4&H1&+0&R&z1:4]-[N&D3&v3&H0&+0&R:5]-[C&D2&v4&H1&+0&R&z1:6]=[C&D2&v4&H1&+0&R&z0:7]-[C&D2&v4&H2&+0&R&z0:8]-1>>[C&D1&v4&H3&+0&!R&z0:1]-[C&D3&v4&H1&+0&!R&z1:2].[c&D3&v4&H0&+0&R&z0:3]1:[c&D2&v4&H1&+0&R&z0:8]:[c&D2&v4&H1&+0&R&z0:7]:[c&D2&v4&H1&+0&R&z1:6]:[n&D3&v4&H0&+&R:5]:[c&D2&v4&H1&+0&R&z1:4]:1,515
709,[C&D1&v4&H2&+0&!R&z0:1]=[C&D3&v4&H0&+0&!R&z1:2].[S&D3&v4&H0&+0&!R:3]-[O&D1&v2&H1&+0&!R:4]>>[C&D3&v4&H1&+0&!R&z1:2]-[C&D2&v4&H2&+0&!R&z1:1]-[S&D4&v6&H0&+0&!R:3]=[O&D1&v2&H0&+0&!R:4],952
710,[C&D1&v4&H2&+0&!R&z0:1]=[C&D3&v4&H0&+0&!R&z1:2].[n&D2&v3&H1&+0&R:3]>>[C&D3&v4&H1&+0&!R&z1:2]-[C&D2&v4&H2&+0&!R&z1:1]-[n&D3&v3&H0&+0&R:3],875
711,[C&D1&v4&H2&+0&!R&z0:1]=[C&D3&v4&H0&+0&!R&z1:2]-[N&D1&v3&H2&+0&!R:3].[O&D0&v2&H2&+0&!R:4]>>[N&D1&v3&H2&+0&!R:3]-[C&D3&v4&H1&+0&!R&z1:2]-[C&D2&v4&H2&+0&!R&z1:1]-[O&D1&v2&H1&+0&!R:4],703
712,[C&D1&v4&H2&+0&!R&z0:1]=[C&D3&v4&H0&+0&!R&z1:2].[c&D2&v4&H1&+0&R&z0:3]>>[C&D3&v4&H1&+0&!R&z1:2]-[C&D2&v4&H2&+0&!R&z0:1]-[c&D3&v4&H0&+0&R&z0:3],1006
713,[C&D1&v4&H2&+0&!R&z0:1]=[C&D3&v4&H0&+0&!R&z1:2].[S&D0&v2&H2&+0&!R:3]>>[C&D3&v4&H1&+0&!R&z1:2]-[C&D2&v4&H2&+0&!R&z1:1]-[S&D1&v2&H1&+0&!R:3],548
714,[C&D1&v4&H2&+0&!R&z0:1]=[C&D3&v4&H0&+0&!R&z1:2].[S&D1&v2&H1&+0&!R:3]>>[C&D3&v4&H1&+0&!R&z1:2]-[C&D2&v4&H2&+0&!R&z1:1]-[S&D2&v2&H0&+0&!R:3],548
715,[C&D1&v4&H2&+0&!R&z0:1]=[C&D3&v4&H0&+0&!R&z1:2]-[N&D1&v3&H2&+0&!R:3]>>[C&D1&v4&H3&+0&!R&z0:1]-[C&D3&v4&H0&+0&!R&z1:2]=[N&D1&v3&H1&+0&!R:3],749
716,[C&D1&v4&H2&+0&!R&z0:1]=[C&D3&v4&H0&+0&!R&z1:2].[C&D3&v4&H0&+0&R&z0:3]1=[C&D2&v4&H1&+0&R&z1:4]-[N&D3&v3&H0&+0&R:5]-[C&D2&v4&H1&+0&R&z1:6]=[C&D2&v4&H1&+0&R&z0:7]-[C&D2&v4&H2&+0&R&z0:8]-1>>[C&D3&v4&H1&+0&!R&z1:2]-[C&D1&v4&H3&+0&!R&z0:1].[c&D3&v4&H0&+0&R&z0:3]1:[c&D2&v4&H1&+0&R&z0:8]:[c&D2&v4&H1&+0&R&z0:7]:[c&D2&v4&H1&+0&R&z1:6]:[n&D3&v4&H0&+&R:5]:[c&D2&v4&H1&+0&R&z1:4]:1,515
717,[C&D3&v4&H0&+0&!R&z1:1]-[O&D2&v2&H0&+0&!R:2].[O&D1&v2&H1&+0&!R:3]>>[C&D3&v4&H0&+0&!R&z1:1]-[O&D2&v2&H0&+0&!R:3].[O&D1&v2&H1&+0&!R:2],517
718,[C&D3&v4&H0&+0&!R&z2:1]-[O&D1&v2&H1&+0&!R:2].[C&D3&v4&H1&+0&R&z1:3]-[N&D1&v3&H2&+0&!R:4]>>[C&D3&v4&H1&+0&R&z1:3]-[O&D1&v2&H1&+0&!R:2].[N&D1&v3&H2&+0&!R:4]-[C&D3&v4&H0&+0&!R&z2:1],48
719,[C&D3&v4&H1&+0&R&z1:1]-[N&D1&v3&H2&+0&!R:2].[O&D0&v2&H2&+0&!R:3]>>[C&D3&v4&H1&+0&R&z1:1]-[O&D1&v2&H1&+0&!R:3].[N&D0&v3&H3&+0&!R:2],587
720,([C&D2&v4&H1&+0&R&z0:1].[C&D3&v4&H0&+0&R&z0:2]-[C&D3&v4&H0&+0&!R&z2:3])>>([C&D2&v4&H1&+0&R&z0:2].[C&D3&v4&H0&+0&R&z0:1]-[C&D3&v4&H0&+0&!R&z2:3]),181
721,[C&D3&v4&H1&+0&R&z1:1]-[O&D1&v2&H1&+0&!R:2].[N&D0&v3&H3&+0&!R:3]>>[C&D3&v4&H1&+0&R&z1:1]-[N&D1&v3&H2&+0&!R:3].[O&D0&v2&H2&+0&!R:2],175
722,[C&D3&v4&H1&+0&R&z1:1]-[O&D1&v2&H1&+0&!R:2].[N&D1&v3&H2&+0&!R:3]-[C&D3&v4&H0&+0&!R&z2:4]>>[C&D3&v4&H0&+0&!R&z2:4]-[O&D1&v2&H1&+0&!R:2].[C&D3&v4&H1&+0&R&z1:1]-[N&D1&v3&H2&+0&!R:3],48
723,[C&D2&v4&H1&+0&R&z0:1]=[C&D3&v4&H0&+0&R&z0:2]-[C&D2&v4&H1&+0&R&z0:3]=[C&D2&v4&H1&+0&R&z0:4].[O&D1&v2&H1&+0&!R:5]>>[C&D2&v4&H2&+0&R&z0:1]-[C&D3&v4&H0&+0&R&z0:2]=[C&D2&v4&H1&+0&R&z0:3]-[C&D3&v4&H1&+0&R&z1:4]-[O&D2&v2&H0&+0&!R:5],959
724,[C&D1&v4&H2&+0&!R&z0:1]=[C&D3&v4&H0&+0&!R&z1:2]-[O&D2&v2&H0&+0&!R:3].[O&D0&v2&H2&+0&!R:4]>>[C&D1&v4&H3&+0&!R&z0:1]-[C&D3&v4&H0&+0&!R&z1:2]=[O&D1&v2&H0&+0&!R:4].[O&D1&v2&H1&+0&!R:3],769
725,[C&D3&v4&H1&+0&R&z0:1](-[C&D3&v4&H0&+0&!R&z1:2]=[O&D1&v2&H0&+0&!R:3])-[C&D3&v4&H1&+0&R&z0:4].[O&D1&v2&H0&+0&!R:5]=[C&D2&v4&H0&+0&!R&z2:6]>>[C&D2&v4&H1&+0&R&z0:1]=[C&D3&v4&H0&+0&R&z0:4].[C&D3&v4&H0&+0&!R&z1:2](=[O&D1&v2&H0&+0&!R:3])-[C&D3&v4&H0&+0&!R&z2:6]-[O&D1&v2&H1&+0&!R:5],1020
726,[C&D3&v4&H0&+0&!R&z2:1](=[O&D1&v2&H0&+0&!R:2])-[N&D2&v3&H1&+0&!R:3].[O&D1&v2&H1&+0&!R:4].[P&D4&v5&H0&+0&!R:5]-[O&D1&v2&H1&+0&!R:6]>>[C&D3&v4&H0&+0&!R&z2:1](=[O&D1&v2&H0&+0&!R:2])-[O&D1&v2&H1&+0&!R:6].[N&D1&v3&H2&+0&!R:3].[O&D2&v2&H0&+0&!R:4]-[P&D4&v5&H0&+0&!R:5],427
727,[C&D3&v4&H0&+0&!R&z2:1](=[O&D1&v2&H0&+0&!R:2])-[O&D1&v2&H1&+0&!R:3].[N&D1&v3&H2&+0&!R:4].[P&D4&v5&H0&+0&!R:5]-[O&D2&v2&H0&+0&!R:6]-[P&D4&v5&H0&+0&!R:7]>>[C&D3&v4&H0&+0&!R&z2:1](=[O&D1&v2&H0&+0&!R:2])-[N&D2&v3&H1&+0&!R:4].[P&D4&v5&H0&+0&!R:7]-[O&D1&v2&H1&+0&!R:6].[P&D4&v5&H0&+0&!R:5]-[O&D1&v2&H1&+0&!R:3],471
728,[C&D2&v4&H1&+0&R&z0:1]=[C&D3&v4&H0&+0&R&z0:2].[C&D3&v4&H0&+0&!R&z1:3](=[O&D1&v2&H0&+0&!R:4])-[C&D3&v4&H0&+0&!R&z2:5]-[O&D1&v2&H1&+0&!R:6]>>[C&D3&v4&H1&+0&R&z0:1](-[C&D3&v4&H0&+0&!R&z1:3]=[O&D1&v2&H0&+0&!R:4])-[C&D3&v4&H1&+0&R&z0:2].[O&D1&v2&H0&+0&!R:6]=[C&D2&v4&H0&+0&!R&z2:5],334
729,[C&D2&v4&H2&+0&R&z0:1]-[C&D3&v4&H0&+0&R&z0:2]=[C&D2&v4&H1&+0&R&z0:3]-[C&D3&v4&H1&+0&R&z1:4]-[O&D2&v2&H0&+0&!R:5]>>[C&D2&v4&H1&+0&R&z0:1]=[C&D3&v4&H0&+0&R&z0:2]-[C&D2&v4&H1&+0&R&z0:3]=[C&D2&v4&H1&+0&R&z0:4].[O&D1&v2&H1&+0&!R:5],884
730,[C&D1&v4&H2&+0&!R&z0:1]=[C&D3&v4&H0&+0&!R&z1:2]-[O&D2&v2&H0&+0&!R:3].[O&D0&v2&H2&+0&!R:4].([O&D1&v2&H1&+0&!R:5].[O&D2&v2&H0&+0&R:6]-[C&D3&v4&H1&+0&R&z2:7])>>[O&D1&v2&H1&+0&!R:3].([O&D1&v2&H1&+0&!R:6].[O&D2&v2&H0&+0&R:5]-[C&D4&v4&H0&+0&R&z2:2](-[O&D1&v2&H1&+0&!R:4])-[C&D2&v4&H2&+0&R&z0:1]-[C&D3&v4&H1&+0&R&z1:7]),7
731,[C&D1&v4&H2&+0&!R&z0:1]=[C&D3&v4&H0&+0&!R&z1:2]-[O&D2&v2&H0&+0&!R:3].([C&D3&v4&H1&+0&R&z2:4]-[O&D2&v2&H0&+0&R:5].[O&D1&v2&H1&+0&!R:6]).[O&D0&v2&H2&+0&!R:7]>>([C&D3&v4&H1&+0&R&z1:4]-[C&D2&v4&H2&+0&R&z0:1]-[C&D4&v4&H0&+0&R&z2:2](-[O&D1&v2&H1&+0&!R:7])-[O&D2&v2&H0&+0&R:6].[O&D1&v2&H1&+0&!R:5]).[O&D1&v2&H1&+0&!R:3],7
732,[C&D1&v4&H2&+0&!R&z0:1]=[C&D3&v4&H0&+0&!R&z1:2]-[O&D2&v2&H0&+0&!R:3].([O&D1&v2&H1&+0&!R:4].[O&D1&v2&H1&+0&!R:5])>>[O&D1&v2&H1&+0&!R:3].[O&D2&v2&H0&+0&R:4]-[C&D4&v4&H0&+0&R&z2:2](-[C&D1&v4&H3&+0&!R&z0:1])-[O&D2&v2&H0&+0&R:5],398
733,[C&D1&v4&H2&+0&!R&z0:1]=[C&D3&v4&H0&+0&!R&z1:2]-[O&D2&v2&H0&+0&!R:3]-[P&D4&v5&H0&+0&!R:4].[O&D1&v2&H0&+0&!R:5]=[C&D2&v4&H0&+0&!R&z2:6].[O&D1&v2&H1&+0&!R:7]>>[C&D3&v4&H0&+0&!R&z2:6](-[O&D1&v2&H1&+0&!R:5])-[C&D2&v4&H2&+0&!R&z0:1]-[C&D3&v4&H0&+0&!R&z1:2]=[O&D1&v2&H0&+0&!R:3].[O&D2&v2&H0&+0&!R:7]-[P&D4&v5&H0&+0&!R:4],809
734,[C&D3&v4&H0&+0&!R&z1:1]-[O&D2&v2&H0&+0&!R:2].[O&D2&v2&H0&+0&!R:3]-[P&D4&v5&H0&+0&!R:4]>>[C&D3&v4&H0&+0&!R&z1:1]-[O&D2&v2&H0&+0&!R:3].[O&D2&v2&H0&+0&!R:2]-[P&D4&v5&H0&+0&!R:4],994
735,[C&D1&v4&H2&+0&!R&z0:1]=[C&D3&v4&H0&+0&!R&z1:2]-[O&D2&v2&H0&+0&!R:3]-[P&D4&v5&H0&+0&!R:4].[P&D4&v5&H0&+0&!R:5](-[O&D1&v2&H1&+0&!R:6])-[O&D1&v2&H1&+0&!R:7].[P&D4&v5&H0&+0&!R:8]-[O&D1&v2&H1&+0&!R:9]>>[C&D1&v4&H3&+0&!R&z0:1]-[C&D3&v4&H0&+0&!R&z1:2]=[O&D1&v2&H0&+0&!R:3].[O&D0&v2&H2&+0&!R:9].[P&D4&v5&H0&+0&!R:8]-[O&D2&v2&H0&+0&!R:7]-[P&D4&v5&H0&+0&!R:5]-[O&D2&v2&H0&+0&!R:6]-[P&D4&v5&H0&+0&!R:4],740
736,[C&D1&v4&H2&+0&!R&z0:1]=[C&D3&v4&H0&+0&!R&z1:2]-[O&D2&v2&H0&+0&!R:3]-[P&D4&v5&H0&+0&!R:4].[O&D0&v2&H2&+0&!R:5].[O&D1&v2&H0&+0&!R:6]=[C&D2&v4&H1&+0&!R&z1:7]>>[C&D3&v4&H0&+0&!R&z1:2](=[O&D1&v2&H0&+0&!R:3])-[C&D2&v4&H2&+0&!R&z0:1]-[C&D3&v4&H1&+0&!R&z1:7]-[O&D1&v2&H1&+0&!R:6].[P&D4&v5&H0&+0&!R:4]-[O&D1&v2&H1&+0&!R:5],809
737,[C&D1&v4&H2&+0&!R&z0:1]=[C&D3&v4&H0&+0&!R&z1:2]-[O&D2&v2&H0&+0&!R:3]-[P&D4&v5&H0&+0&!R:4].[O&D1&v2&H0&+0&!R:5]=[C&D2&v4&H0&+0&!R&z2:6].[O&D1&v2&H1&+0&!R:7]>>[C&D3&v4&H0&+0&!R&z2:6](-[O&D1&v2&H1&+0&!R:5])-[C&D2&v4&H2&+0&!R&z0:1]-[C&D3&v4&H0&+0&!R&z1:2]=[O&D1&v2&H0&+0&!R:3].[P&D4&v5&H0&+0&!R:4]-[O&D2&v2&H0&+0&!R:7],809
738,[C&D1&v4&H2&+0&!R&z0:1]=[C&D3&v4&H0&+0&!R&z1:2]-[O&D2&v2&H0&+0&!R:3]-[P&D4&v5&H0&+0&!R:4].[O&D0&v2&H2&+0&!R:5]>>[C&D1&v4&H3&+0&!R&z0:1]-[C&D3&v4&H0&+0&!R&z1:2]=[O&D1&v2&H0&+0&!R:3].[P&D4&v5&H0&+0&!R:4]-[O&D1&v2&H1&+0&!R:5],383
739,[C&D1&v4&H2&+0&!R&z0:1]=[C&D3&v4&H0&+0&!R&z1:2]-[O&D2&v2&H0&+0&!R:3].[O&D0&v2&H2&+0&!R:4]>>[C&D3&v4&H1&+0&!R&z1:2](-[C&D2&v4&H2&+0&!R&z1:1]-[O&D1&v2&H1&+0&!R:4])-[O&D2&v2&H0&+0&!R:3],703
740,[C&D1&v4&H2&+0&!R&z0:1]=[C&D3&v4&H0&+0&!R&z1:2]-[O&D2&v2&H0&+0&!R:3]-[P&D4&v5&H0&+0&!R:4].[O&D1&v2&H1&+0&!R:5]>>[C&D1&v4&H3&+0&!R&z0:1]-[C&D3&v4&H0&+0&!R&z1:2]=[O&D1&v2&H0&+0&!R:3].[P&D4&v5&H0&+0&!R:4]-[O&D2&v2&H0&+0&!R:5],383
741,[C&D1&v4&H2&+0&!R&z0:1]=[C&D3&v4&H0&+0&!R&z1:2]-[O&D2&v2&H0&+0&!R:3]-[P&D4&v5&H0&+0&!R:4]-[O&D1&v2&H1&+0&!R:5]>>[C&D3&v4&H0&+0&!R&z1:2](=[O&D1&v2&H0&+0&!R:5])-[C&D2&v4&H2&+0&!R&z1:1]-[P&D4&v5&H0&+0&!R:4]-[O&D1&v2&H1&+0&!R:3],581
742,[O&D2&v2&H0&+0&!R:1]-[C&D2&v4&H2&+0&!R&z1:2].[P&D4&v5&H0&+0&!R:3]-[O&D1&v2&H1&+0&!R:4]>>[C&D2&v4&H2&+0&!R&z1:2]-[O&D1&v2&H1&+0&!R:4].[O&D2&v2&H0&+0&!R:1]-[P&D4&v5&H0&+0&!R:3],994
743,[C&D3&v4&H0&+0&!R&z1:1]-[O&D2&v2&H0&+0&!R:2].[P&D4&v5&H0&+0&!R:3]-[O&D2&v2&H0&+0&!R:4]>>[C&D3&v4&H0&+0&!R&z1:1]-[O&D2&v2&H0&+0&!R:4].[O&D2&v2&H0&+0&!R:2]-[P&D4&v5&H0&+0&!R:3],994
744,[C&D2&v4&H2&+0&!R&z1:1]-[O&D1&v2&H1&+0&!R:2].[O&D2&v2&H0&+0&!R:3]-[P&D4&v5&H0&+0&!R:4]>>[O&D2&v2&H0&+0&!R:3]-[C&D2&v4&H2&+0&!R&z1:1].[P&D4&v5&H0&+0&!R:4]-[O&D1&v2&H1&+0&!R:2],994
745,[O&D0&v2&H2&+0&!R:1].[c&D3&v4&H0&+0&R&z1:2]1:[c&D2&v4&H1&+0&R&z0:3]:[c&D2&v4&H1&+0&R&z0:4]:[c&D2&v4&H1&+0&R&z0:5]:[c&D3&v4&H0&+0&R&z0:6]:[c&D2&v4&H1&+0&R&z0:7]:1>>[C&D3&v4&H1&+0&R&z1:2]1-[C&D2&v4&H1&+0&R&z0:7]=[C&D3&v4&H0&+0&R&z0:6]-[C&D2&v4&H1&+0&R&z0:5]=[C&D2&v4&H1&+0&R&z0:4]-[C&D3&v4&H1&+0&R&z1:3]-1-[O&D1&v2&H1&+0&!R:1],155
746,([C&D1&v4&H2&+0&!R&z0:1]=[C&D2&v4&H1&+0&!R&z1:2].[C&D3&v4&H0&+0&!R&z3:3](-[S&D1&v2&H1&+0&!R:4])=[N&D2&v3&H0&+0&!R:5]-[O&D2&v2&H0&+0&!R:6])>>([C&D3&v4&H1&+0&R&z2:2]1-[C&D2&v4&H2&+0&R&z1:1]-[S&D2&v2&H0&+0&R:4]-1.[N&D1&v3&H0&+0&!R:5]#[C&D2&v4&H0&+0&!R&z2:3]).[O&D1&v2&H1&+0&!R:6],596
747,[O&D1&v2&H0&+0&!R:1]=[C&D2&v4&H1&+0&!R&z1:2].[O&D1&v2&H1&+0&!R:3]>>[O&D2&v2&H0&+0&!R:3]-[C&D3&v4&H1&+0&!R&z2:2]-[O&D1&v2&H1&+0&!R:1],250
748,[O&D2&v2&H0&+0&!R:1]-[C&D3&v4&H1&+0&!R&z2:2]-[O&D1&v2&H1&+0&!R:3]>>[O&D1&v2&H0&+0&!R:3]=[C&D2&v4&H1&+0&!R&z1:2].[O&D1&v2&H1&+0&!R:1],821
749,[C&D1&v4&H2&+0&!R&z0:1]=[C&D3&v4&H0&+0&R&z0:2].[C&D3&v4&H0&+0&R&z0:3]1=[C&D2&v4&H1&+0&R&z1:4]-[N&D3&v3&H0&+0&R:5]-[C&D2&v4&H1&+0&R&z1:6]=[C&D2&v4&H1&+0&R&z0:7]-[C&D2&v4&H2&+0&R&z0:8]-1>>[C&D1&v4&H3&+0&!R&z0:1]-[C&D3&v4&H1&+0&R&z0:2].[c&D3&v4&H0&+0&R&z0:3]1:[c&D2&v4&H1&+0&R&z0:8]:[c&D2&v4&H1&+0&R&z0:7]:[c&D2&v4&H1&+0&R&z1:6]:[n&D3&v4&H0&+&R:5]:[c&D2&v4&H1&+0&R&z1:4]:1,515
750,[C&D3&v4&H0&+0&R&z2:1](=[O&D1&v2&H0&+0&!R:2])-[O&D2&v2&H0&+0&R:3].[O&D0&v2&H2&+0&!R:4]>>([C&D3&v4&H0&+0&!R&z2:1](=[O&D1&v2&H0&+0&!R:2])-[O&D1&v2&H1&+0&!R:4].[O&D1&v2&H1&+0&!R:3]),238
751,[C&D3&v4&H0&+0&R&z2:1]-[O&D2&v2&H0&+0&R:2].[O&D1&v2&H1&+0&!R:3]>>([C&D3&v4&H0&+0&!R&z2:1]-[O&D2&v2&H0&+0&!R:3].[O&D1&v2&H1&+0&!R:2]),238
752,[C&D1&v4&H2&+0&!R&z0:1]=[C&D3&v4&H0&+0&R&z0:2].[C&D3&v4&H0&+0&!R&z2:3]-[O&D1&v2&H1&+0&!R:4].[O&D0&v2&H2&+0&!R:5].[O&D1&v2&H0&+0&!R:6]=[C&D2&v4&H0&+0&!R&z2:7]>>[C&D1&v4&H3&+0&!R&z0:1]-[C&D3&v4&H1&+0&R&z0:2].[C&D3&v4&H0&+0&!R&z1:3]-[C&D3&v4&H0&+0&!R&z2:7]-[O&D1&v2&H1&+0&!R:6].[O&D1&v2&H0&+0&!R:4]=[O&D1&v2&H0&+0&!R:5],305
753,[C&D1&v4&H2&+0&!R&z0:1]=[C&D3&v4&H0&+0&R&z0:2].[C&D3&v4&H0&+0&!R&z1:3]-[C&D3&v4&H0&+0&!R&z2:4]-[O&D1&v2&H1&+0&!R:5].[O&D1&v2&H0&+0&!R:6]=[O&D1&v2&H0&+0&!R:7]>>[C&D3&v4&H0&+0&!R&z2:3]-[O&D1&v2&H1&+0&!R:6].[C&D4&v4&H0&+0&R&z1:2]1-[C&D2&v4&H2&+0&R&z1:1]-[O&D2&v2&H0&+0&R:7]-1.[O&D1&v2&H0&+0&!R:5]=[C&D2&v4&H0&+0&!R&z2:4],928
754,[C&D3&v4&H1&+0&R&z1:1]-[O&D1&v2&H1&+0&!R:2].[O&D0&v2&H2&+0&!R:3].[c&D3&v4&H0&+0&R&z0:4]1:[c&D2&v4&H1&+0&R&z0:5]:[c&D2&v4&H1&+0&R&z0:6]:[c&D2&v4&H1&+0&R&z1:7]:[n&D3&v4&H0&+&R:8]:[c&D2&v4&H1&+0&R&z1:9]:1>>[C&D2&v4&H2&+0&R&z0:1].[C&D3&v4&H0&+0&R&z0:4]1=[C&D2&v4&H1&+0&R&z1:9]-[N&D3&v3&H0&+0&R:8]-[C&D2&v4&H1&+0&R&z1:7]=[C&D2&v4&H1&+0&R&z0:6]-[C&D2&v4&H2&+0&R&z0:5]-1.[O&D1&v2&H0&+0&!R:2]=[O&D1&v2&H0&+0&!R:3],9
755,[C&D2&v4&H2&+0&R&z0:1].[C&D3&v4&H0&+0&R&z0:2]1=[C&D2&v4&H1&+0&R&z1:3]-[N&D3&v3&H0&+0&R:4]-[C&D2&v4&H1&+0&R&z1:5]=[C&D2&v4&H1&+0&R&z0:6]-[C&D2&v4&H2&+0&R&z0:7]-1.[O&D1&v2&H0&+0&!R:8]=[O&D1&v2&H0&+0&!R:9]>>[C&D3&v4&H1&+0&R&z1:1]-[O&D1&v2&H1&+0&!R:8].[O&D0&v2&H2&+0&!R:9].[c&D3&v4&H0&+0&R&z0:2]1:[c&D2&v4&H1&+0&R&z0:7]:[c&D2&v4&H1&+0&R&z0:6]:[c&D2&v4&H1&+0&R&z1:5]:[n&D3&v4&H0&+&R:4]:[c&D2&v4&H1&+0&R&z1:3]:1,710
756,[C&D2&v4&H1&+0&R&z0:1]=[C&D2&v4&H1&+0&R&z0:2].[C&D3&v4&H0&+0&!R&z2:3]-[O&D1&v2&H1&+0&!R:4].[O&D0&v2&H2&+0&!R:5].[O&D1&v2&H0&+0&!R:6]=[C&D2&v4&H0&+0&!R&z2:7]>>[C&D2&v4&H2&+0&R&z0:1]-[C&D2&v4&H2&+0&R&z0:2].[C&D3&v4&H0&+0&!R&z1:3]-[C&D3&v4&H0&+0&!R&z2:7]-[O&D1&v2&H1&+0&!R:6].[O&D1&v2&H0&+0&!R:4]=[O&D1&v2&H0&+0&!R:5],305
757,[C&D3&v4&H0&+0&!R&z2:1]-[O&D1&v2&H1&+0&!R:2].[C&D3&v4&H0&+0&R&z1:3]=[O&D1&v2&H0&+0&!R:4].[O&D0&v2&H2&+0&!R:5].[O&D1&v2&H0&+0&!R:6]=[C&D2&v4&H0&+0&!R&z2:7]>>[C&D3&v4&H0&+0&!R&z1:1]-[C&D3&v4&H0&+0&!R&z2:7]-[O&D1&v2&H1&+0&!R:6].[C&D3&v4&H1&+0&R&z1:3]-[O&D1&v2&H1&+0&!R:5].[O&D1&v2&H0&+0&!R:2]=[O&D1&v2&H0&+0&!R:4],513
758,[C&D3&v4&H0&+0&!R&z2:1]-[O&D1&v2&H1&+0&!R:2].[C&D3&v4&H0&+0&R&z0:3]=[C&D2&v4&H1&+0&R&z0:4].[O&D0&v2&H2&+0&!R:5].[O&D1&v2&H0&+0&!R:6]=[C&D2&v4&H0&+0&!R&z2:7]>>[C&D3&v4&H0&+0&!R&z1:1]-[C&D3&v4&H0&+0&!R&z2:7]-[O&D1&v2&H1&+0&!R:6].[C&D3&v4&H1&+0&R&z0:3]-[C&D2&v4&H2&+0&R&z0:4].[O&D1&v2&H0&+0&!R:2]=[O&D1&v2&H0&+0&!R:5],305
759,[C&D2&v4&H2&+0&R&z0:1]-[C&D2&v4&H2&+0&R&z0:2].[C&D3&v4&H0&+0&!R&z1:3](=[O&D1&v2&H0&+0&!R:4])-[C&D3&v4&H0&+0&!R&z2:5]-[O&D1&v2&H1&+0&!R:6].[O&D1&v2&H0&+0&!R:7]=[O&D1&v2&H0&+0&!R:8]>>[C&D2&v4&H1&+0&R&z0:1]=[C&D2&v4&H1&+0&R&z0:2].[O&D0&v2&H2&+0&!R:8].[O&D1&v2&H0&+0&!R:6]=[C&D2&v4&H0&+0&!R&z2:5].[O&D1&v2&H0&+0&!R:4]=[C&D3&v4&H0&+0&!R&z2:3]-[O&D1&v2&H1&+0&!R:7],301
760,[C&D3&v4&H0&+0&!R&z1:1](=[O&D1&v2&H0&+0&!R:2])-[C&D3&v4&H0&+0&!R&z2:3]-[O&D1&v2&H1&+0&!R:4].[C&D3&v4&H1&+0&R&z0:5]-[C&D2&v4&H2&+0&R&z0:6].[O&D1&v2&H0&+0&!R:7]=[O&D1&v2&H0&+0&!R:8]>>[C&D3&v4&H0&+0&R&z0:5]=[C&D2&v4&H1&+0&R&z0:6].[O&D0&v2&H2&+0&!R:8].[O&D1&v2&H0&+0&!R:4]=[C&D2&v4&H0&+0&!R&z2:3].[O&D1&v2&H0&+0&!R:2]=[C&D3&v4&H0&+0&!R&z2:1]-[O&D1&v2&H1&+0&!R:7],301
761,[C&D3&v4&H0&+0&!R&z1:1]-[C&D3&v4&H0&+0&!R&z2:2]-[O&D1&v2&H1&+0&!R:3].[C&D3&v4&H1&+0&R&z1:4]-[O&D1&v2&H1&+0&!R:5].[O&D1&v2&H0&+0&!R:6]=[O&D1&v2&H0&+0&!R:7]>>[C&D3&v4&H0&+0&!R&z2:1]-[O&D1&v2&H1&+0&!R:6].[C&D3&v4&H0&+0&R&z1:4]=[O&D1&v2&H0&+0&!R:7].[O&D0&v2&H2&+0&!R:5].[O&D1&v2&H0&+0&!R:3]=[C&D2&v4&H0&+0&!R&z2:2],165
762,[C&D1&v4&H2&+0&!R&z0:1]=[C&D3&v4&H0&+0&R&z0:2]1-[C&D3&v4&H1&+0&R&z0:3]-[C&D2&v4&H2&+0&R&z0:4]-[C&D2&v4&H2&+0&R&z0:5]-[C&D3&v4&H1&+0&R&z0:6]-[C&D4&v4&H0&+0&R&z0:7]-1.[O&D1&v2&H1&+0&!R:8]>>([C&D3&v4&H0&+0&!R&z0:6](-[C&D1&v4&H3&+0&!R&z0:1])=[C&D2&v4&H1&+0&!R&z0:5]-[C&D2&v4&H2&+0&!R&z1:4]-[O&D2&v2&H0&+0&!R:8].[C&D3&v4&H0&+0&!R&z0:7]=[C&D2&v4&H1&+0&!R&z0:2]-[C&D2&v4&H2&+0&!R&z0:3]),149
763,[C&D1&v4&H2&+0&!R&z0:1]=[C&D3&v4&H0&+0&R&z0:2]-[C&D2&v4&H1&+0&R&z0:3]=[C&D3&v4&H0&+0&R&z0:4](-[C&D3&v4&H1&+0&R&z0:5]-[C&D3&v4&H1&+0&!R&z0:6])-[C&D3&v4&H1&+0&R&z0:7]-[C&D3&v4&H1&+0&R&z0:8].[O&D1&v2&H1&+0&!R:9]>>([C&D3&v4&H0&+0&!R&z0:2](-[C&D1&v4&H3&+0&!R&z0:1])=[C&D2&v4&H1&+0&!R&z0:3]-[C&D2&v4&H2&+0&!R&z1:4]-[O&D2&v2&H0&+0&!R:9].[C&D3&v4&H0&+0&!R&z0:6]=[C&D2&v4&H1&+0&!R&z0:5].[C&D3&v4&H0&+0&!R&z0:8]=[C&D2&v4&H1&+0&!R&z0:7]),672
764,[C&D1&v4&H2&+0&!R&z0:1]=[C&D3&v4&H0&+0&R&z0:2]-[C&D2&v4&H1&+0&R&z0:3]=[C&D3&v4&H0&+0&R&z0:4](-[C&D3&v4&H1&+0&R&z0:5]-[C&D3&v4&H1&+0&R&z0:6])-[C&D3&v4&H1&+0&R&z0:7]-[C&D3&v4&H1&+0&!R&z0:8].[O&D1&v2&H1&+0&!R:9]>>([C&D3&v4&H0&+0&!R&z0:2](-[C&D1&v4&H3&+0&!R&z0:1])=[C&D2&v4&H1&+0&!R&z0:3]-[C&D2&v4&H2&+0&!R&z1:4]-[O&D2&v2&H0&+0&!R:9].[C&D3&v4&H0&+0&!R&z0:8]=[C&D2&v4&H1&+0&!R&z0:7].[C&D3&v4&H0&+0&!R&z0:6]=[C&D2&v4&H1&+0&!R&z0:5]),672
765,[C&D1&v4&H2&+0&!R&z0:1]=[C&D3&v4&H0&+0&R&z0:2]-[C&D2&v4&H1&+0&R&z0:3]=[C&D3&v4&H0&+0&R&z0:4](-[C&D3&v4&H1&+0&R&z0:5]-[C&D3&v4&H1&+0&R&z0:6])-[C&D4&v4&H0&+0&R&z0:7]-[C&D2&v4&H2&+0&R&z0:8].[O&D1&v2&H1&+0&!R:9]>>([C&D3&v4&H0&+0&!R&z0:2](-[C&D1&v4&H3&+0&!R&z0:1])=[C&D2&v4&H1&+0&!R&z0:3]-[C&D2&v4&H2&+0&!R&z1:4]-[O&D2&v2&H0&+0&!R:9].[C&D3&v4&H0&+0&!R&z0:7]=[C&D2&v4&H1&+0&!R&z0:8].[C&D3&v4&H0&+0&!R&z0:6]=[C&D2&v4&H1&+0&!R&z0:5]),672
766,[C&D1&v4&H2&+0&!R&z0:1]=[C&D3&v4&H0&+0&R&z0:2]-[C&D2&v4&H1&+0&R&z0:3]=[C&D2&v4&H1&+0&R&z0:4]-[C&D3&v4&H1&+0&R&z0:5]-[C&D3&v4&H1&+0&!R&z0:6].[O&D1&v2&H1&+0&!R:7]>>([C&D3&v4&H0&+0&!R&z0:2](-[C&D1&v4&H3&+0&!R&z0:1])=[C&D2&v4&H1&+0&!R&z0:3]-[C&D2&v4&H2&+0&!R&z1:4]-[O&D2&v2&H0&+0&!R:7].[C&D3&v4&H0&+0&!R&z0:6]=[C&D2&v4&H1&+0&!R&z0:5]),470
767,[C&D1&v4&H2&+0&!R&z0:1]=[C&D3&v4&H0&+0&R&z0:2]-[C&D2&v4&H1&+0&R&z0:3]=[C&D2&v4&H1&+0&R&z0:4]-[C&D4&v4&H0&+0&R&z0:5]-[C&D2&v4&H2&+0&R&z0:6].[O&D1&v2&H1&+0&!R:7]>>([C&D3&v4&H0&+0&!R&z0:2](-[C&D1&v4&H3&+0&!R&z0:1])=[C&D2&v4&H1&+0&!R&z0:3]-[C&D2&v4&H2&+0&!R&z1:4]-[O&D2&v2&H0&+0&!R:7].[C&D3&v4&H0&+0&!R&z0:5]=[C&D2&v4&H1&+0&!R&z0:6]),470
768,[C&D1&v4&H2&+0&!R&z0:1]=[C&D3&v4&H0&+0&R&z0:2]-[C&D3&v4&H1&+0&R&z0:3]-[C&D3&v4&H1&+0&R&z0:4]-[C&D3&v4&H1&+0&R&z0:5]-[C&D3&v4&H1&+0&!R&z0:6].[O&D1&v2&H1&+0&!R:7]>>([C&D2&v4&H2&+0&!R&z1:4]-[O&D2&v2&H0&+0&!R:7].[C&D3&v4&H0&+0&!R&z0:2](-[C&D1&v4&H3&+0&!R&z0:1])=[C&D2&v4&H1&+0&!R&z0:3].[C&D3&v4&H0&+0&!R&z0:6]=[C&D2&v4&H1&+0&!R&z0:5]),1003
769,([C&D1&v4&H2&+0&!R&z0:1]=[C&D3&v4&H0&+0&R&z0:2].[C&D2&v4&H2&+0&R&z0:3])>>[C&D4&v4&H0&+0&R&z0:2](-[C&D1&v4&H3&+0&!R&z0:1])-[C&D3&v4&H1&+0&R&z0:3],667
770,[C&D1&v4&H2&+0&!R&z0:1]=[C&D3&v4&H0&+0&R&z0:2]-[C&D3&v4&H0&+0&R&z0:3]=[C&D2&v4&H1&+0&!R&z0:4]-[C&D2&v4&H1&+0&!R&z0:5]=[C&D3&v4&H0&+0&R&z0:6]-[C&D2&v4&H2&+0&R&z0:7]>>[C&D1&v4&H3&+0&!R&z0:1]-[C&D3&v4&H0&+0&R&z0:2]=[C&D3&v4&H0&+0&R&z0:3]-[C&D2&v4&H1&+0&!R&z0:4]=[C&D2&v4&H1&+0&!R&z0:5]-[C&D3&v4&H0&+0&R&z0:6]=[C&D2&v4&H1&+0&R&z0:7],49
771,[C&D1&v4&H2&+0&!R&z0:1]=[C&D3&v4&H0&+0&R&z0:2]-[C&D3&v4&H1&+0&R&z0:3]1-[C&D4&v4&H0&+0&R&z0:4](-[C&D3&v4&H1&+0&!R&z0:5])-[C&D2&v4&H2&+0&R&z0:6]-1.[O&D1&v2&H1&+0&!R:7]>>([C&D3&v4&H0&+0&!R&z0:2](-[C&D1&v4&H3&+0&!R&z0:1])=[C&D2&v4&H1&+0&!R&z0:3]-[C&D2&v4&H2&+0&!R&z1:6]-[O&D2&v2&H0&+0&!R:7].[C&D3&v4&H0&+0&!R&z0:5]=[C&D2&v4&H1&+0&!R&z0:4]),602
772,[C&D1&v4&H2&+0&!R&z0:1]=[C&D3&v4&H0&+0&R&z0:2]1-[C&D2&v4&H2&+0&R&z0:3]-[C&D2&v4&H2&+0&R&z0:4]-[C&D4&v4&H0&+0&R&z0:5]2(-[C&D3&v4&H1&+0&R&z0:6])-[C&D3&v4&H1&+0&R&z0:7](-[C&D3&v4&H1&+0&R&z0:8]-[C&D3&v4&H1&+0&!R&z0:9])-[C&D3&v4&H1&+0&R&z0:10]-1-2.[O&D1&v2&H1&+0&!R:11]>>([C&D3&v4&H0&+0&!R&z0:9]=[C&D2&v4&H1&+0&!R&z0:8].[C&D3&v4&H0&+0&!R&z0:6]=[C&D2&v4&H1&+0&!R&z0:5]-[C&D2&v4&H2&+0&!R&z0:10]-[C&D2&v4&H2&+0&!R&z0:7]-[C&D3&v4&H0&+0&!R&z0:2](-[C&D1&v4&H3&+0&!R&z0:1])=[C&D2&v4&H1&+0&!R&z0:3]-[C&D2&v4&H2&+0&!R&z1:4]-[O&D2&v2&H0&+0&!R:11]),319
773,[C&D1&v4&H2&+0&!R&z0:1]=[C&D3&v4&H0&+0&R&z0:2]-[C&D3&v4&H1&+0&R&z0:3]1-[C&D2&v4&H2&+0&R&z0:4]-[C&D4&v4&H0&+0&R&z0:5]-[C&D3&v4&H1&+0&R&z0:6]-[C&D2&v4&H2&+0&R&z0:7]-1.[O&D1&v2&H1&+0&!R:8]>>([C&D1&v4&H2&+0&!R&z0:7]=[C&D3&v4&H0&+0&R&z0:6]-[C&D3&v4&H1&+0&R&z0:5].[C&D3&v4&H0&+0&!R&z0:2](-[C&D1&v4&H3&+0&!R&z0:1])=[C&D2&v4&H1&+0&!R&z0:3]-[C&D2&v4&H2&+0&!R&z1:4]-[O&D2&v2&H0&+0&!R:8]),633
774,[C&D3&v4&H0&+0&!R&z0:1]=[C&D2&v4&H1&+0&!R&z0:2]-[C&D2&v4&H2&+0&!R&z1:3]-[O&D2&v2&H0&+0&!R:4].[O&D0&v2&H2&+0&!R:5]>>[C&D1&v4&H2&+0&!R&z0:3]=[C&D2&v4&H1&+0&!R&z0:2]-[C&D4&v4&H0&+0&!R&z1:1]-[O&D1&v2&H1&+0&!R:5].[O&D1&v2&H1&+0&!R:4],763
775,([C&D1&v4&H2&+0&!R&z0:1]=[C&D3&v4&H0&+0&R&z0:2].[C&D3&v4&H0&+0&!R&z0:3](-[C&D1&v4&H3&+0&!R&z0:4])=[C&D2&v4&H1&+0&!R&z0:5]-[C&D2&v4&H2&+0&!R&z1:6]-[O&D2&v2&H0&+0&!R:7]).[O&D0&v2&H2&+0&!R:8]>>[C&D4&v4&H0&+0&R&z0:2]1-[C&D2&v4&H2&+0&R&z0:4]-[C&D3&v4&H1&+0&R&z0:3]-[C&D4&v4&H0&+0&R&z1:5](-[C&D1&v4&H3&+0&!R&z0:6])(-[O&D1&v2&H1&+0&!R:8])-[C&D2&v4&H2&+0&R&z0:1]-1.[O&D1&v2&H1&+0&!R:7],236
776,([C&D1&v4&H2&+0&!R&z0:1]=[C&D3&v4&H0&+0&R&z0:2].[C&D3&v4&H0&+0&!R&z0:3](-[C&D1&v4&H3&+0&!R&z0:4])=[C&D2&v4&H1&+0&!R&z0:5]-[C&D2&v4&H2&+0&!R&z1:6]-[O&D2&v2&H0&+0&!R:7])>>[C&D1&v4&H2&+0&!R&z0:6]=[C&D3&v4&H0&+0&R&z0:5]1-[C&D2&v4&H2&+0&R&z0:1]-[C&D4&v4&H0&+0&R&z0:2]-[C&D2&v4&H2&+0&R&z0:4]-[C&D3&v4&H1&+0&R&z0:3]-1.[O&D1&v2&H1&+0&!R:7],286
777,[C&D2&v4&H2&+0&!R&z0:1]-[C&D3&v4&H0&+0&!R&z0:2]=[C&D2&v4&H1&+0&!R&z0:3]-[C&D2&v4&H2&+0&!R&z1:4]-[O&D2&v2&H0&+0&!R:5]>>[C&D1&v4&H2&+0&!R&z0:4]=[C&D2&v4&H1&+0&!R&z0:3]-[C&D3&v4&H0&+0&!R&z0:2]=[C&D2&v4&H1&+0&!R&z0:1].[O&D1&v2&H1&+0&!R:5],884
778,([C&D1&v4&H2&+0&!R&z0:1].[C&D3&v4&H0&+0&!R&z0:2]=[C&D2&v4&H1&+0&!R&z0:3]-[C&D2&v4&H2&+0&!R&z1:4]-[O&D2&v2&H0&+0&!R:5])>>[C&D1&v4&H2&+0&!R&z0:4]=[C&D2&v4&H1&+0&!R&z0:3]-[C&D4&v4&H0&+0&R&z0:2]-[C&D2&v4&H1&+0&R&z0:1].[O&D1&v2&H1&+0&!R:5],485
779,([C&D1&v4&H2&+0&!R&z0:1]=[C&D3&v4&H0&+0&R&z0:2]-[C&D3&v4&H1&+0&R&z0:3]-[C&D2&v4&H2&+0&!R&z0:4].[C&D3&v4&H0&+0&!R&z0:5]=[C&D2&v4&H1&+0&!R&z0:6]-[C&D2&v4&H2&+0&!R&z1:7]-[O&D2&v2&H0&+0&!R:8])>>[C&D1&v4&H2&+0&!R&z0:7]=[C&D2&v4&H1&+0&!R&z0:6]-[C&D4&v4&H0&+0&R&z0:5]-[C&D2&v4&H2&+0&R&z0:1]-[C&D3&v4&H1&+0&R&z0:2]-[C&D3&v4&H0&+0&R&z0:3]=[C&D2&v4&H1&+0&R&z0:4].[O&D1&v2&H1&+0&!R:8],449
780,([C&D1&v4&H2&+0&!R&z0:1]=[C&D3&v4&H0&+0&R&z0:2]-[C&D2&v4&H2&+0&R&z0:3].[C&D3&v4&H0&+0&!R&z0:4]=[C&D2&v4&H1&+0&!R&z0:5]-[C&D2&v4&H2&+0&!R&z1:6]-[O&D2&v2&H0&+0&!R:7])>>[C&D1&v4&H2&+0&!R&z0:6]=[C&D2&v4&H1&+0&!R&z0:5]-[C&D4&v4&H0&+0&R&z0:4]-[C&D2&v4&H2&+0&R&z0:1]-[C&D3&v4&H0&+0&R&z0:2]=[C&D2&v4&H1&+0&R&z0:3].[O&D1&v2&H1&+0&!R:7],578
781,[C&D1&v4&H2&+0&!R&z0:1]=[C&D3&v4&H0&+0&R&z0:2]-[C&D3&v4&H1&+0&R&z0:3]-[C&D4&v4&H0&+0&R&z0:4]-[C&D3&v4&H1&+0&R&z0:5]-[C&D4&v4&H0&+0&R&z0:6]-[C&D2&v4&H2&+0&R&z0:7]>>([C&D3&v4&H0&+0&!R&z0:2](-[C&D1&v4&H3&+0&!R&z0:1])=[C&D2&v4&H1&+0&!R&z0:3].[C&D3&v4&H0&+0&!R&z0:6]=[C&D2&v4&H1&+0&!R&z0:7].[C&D3&v4&H0&+0&!R&z0:4]=[C&D2&v4&H1&+0&!R&z0:5]),516
782,([C&D1&v4&H2&+0&!R&z0:1]=[C&D3&v4&H0&+0&R&z0:2]-[C&D2&v4&H2&+0&R&z0:3].[C&D3&v4&H0&+0&!R&z0:4](-[C&D1&v4&H3&+0&!R&z0:5])=[C&D2&v4&H1&+0&!R&z0:6]-[C&D2&v4&H2&+0&!R&z1:7]-[O&D2&v2&H0&+0&!R:8])>>[C&D1&v4&H3&+0&!R&z0:5]-[C&D3&v4&H1&+0&!R&z0:6](-[C&D1&v4&H3&+0&!R&z0:7])-[C&D3&v4&H0&+0&R&z0:4]=[C&D2&v4&H1&+0&R&z0:1]-[C&D3&v4&H0&+0&R&z0:2]=[C&D2&v4&H1&+0&R&z0:3].[O&D1&v2&H1&+0&!R:8],456
783,([C&D1&v4&H2&+0&!R&z0:1]=[C&D3&v4&H0&+0&R&z0:2].[C&D2&v4&H2&+0&!R&z0:3]-[C&D3&v4&H0&+0&!R&z0:4]=[C&D2&v4&H1&+0&!R&z0:5]-[C&D2&v4&H2&+0&!R&z1:6]-[O&D2&v2&H0&+0&!R:7])>>[C&D4&v4&H0&+0&R&z0:2]1-[C&D2&v4&H2&+0&R&z0:6]-[C&D3&v4&H1&+0&R&z0:5]2-[C&D3&v4&H1&+0&R&z0:3]-[C&D4&v4&H0&+0&R&z0:4]-2-[C&D2&v4&H2&+0&R&z0:1]-1.[O&D1&v2&H1&+0&!R:7],344
784,[C&D1&v4&H2&+0&!R&z0:1]=[C&D3&v4&H0&+0&R&z0:2]-[C&D3&v4&H1&+0&R&z0:3]-[C&D4&v4&H0&+0&R&z0:4]-[C&D3&v4&H1&+0&R&z0:5]-[C&D4&v4&H0&+0&R&z0:6]-[C&D3&v4&H1&+0&R&z0:7]-[C&D4&v4&H0&+0&R&z0:8]-[C&D3&v4&H1&+0&R&z0:9]-[C&D4&v4&H0&+0&R&z0:10]-[C&D2&v4&H2&+0&R&z0:11]>>([C&D3&v4&H0&+0&!R&z0:2](-[C&D1&v4&H3&+0&!R&z0:1])=[C&D2&v4&H1&+0&!R&z0:3].[C&D3&v4&H0&+0&!R&z0:10]=[C&D2&v4&H1&+0&!R&z0:11].[C&D3&v4&H0&+0&!R&z0:8]=[C&D2&v4&H1&+0&!R&z0:9].[C&D3&v4&H0&+0&!R&z0:6]=[C&D2&v4&H1&+0&!R&z0:7].[C&D3&v4&H0&+0&!R&z0:4]=[C&D2&v4&H1&+0&!R&z0:5]),479
785,[C&D1&v4&H2&+0&!R&z0:1]=[C&D3&v4&H0&+0&R&z0:2]1-[C&D2&v4&H2&+0&R&z0:3]-[C&D2&v4&H2&+0&R&z0:4]-[C&D3&v4&H1&+0&R&z0:5]2-[C&D3&v4&H1&+0&R&z0:6](-[C&D3&v4&H1&+0&R&z0:7]-[C&D3&v4&H1&+0&!R&z0:8])-[C&D3&v4&H1&+0&R&z0:9]-1-[C&D4&v4&H0&+0&R&z0:10]-2.[O&D1&v2&H1&+0&!R:11]>>([C&D3&v4&H0&+0&!R&z0:8]=[C&D2&v4&H1&+0&!R&z0:7].[C&D3&v4&H0&+0&!R&z0:10]=[C&D2&v4&H1&+0&!R&z0:9]-[C&D2&v4&H2&+0&!R&z0:6]-[C&D2&v4&H2&+0&!R&z0:5]-[C&D3&v4&H0&+0&!R&z0:2](-[C&D1&v4&H3&+0&!R&z0:1])=[C&D2&v4&H1&+0&!R&z0:3]-[C&D2&v4&H2&+0&!R&z1:4]-[O&D2&v2&H0&+0&!R:11]),925
786,[C&D1&v4&H2&+0&!R&z0:1]=[C&D3&v4&H0&+0&R&z0:2]-[C&D3&v4&H1&+0&R&z0:3]1-[C&D2&v4&H2&+0&R&z0:4]-[C&D3&v4&H1&+0&R&z0:5]-[C&D4&v4&H0&+0&R&z0:6]-1.[O&D1&v2&H1&+0&!R:7]>>([C&D3&v4&H0&+0&!R&z0:2](-[C&D1&v4&H3&+0&!R&z0:1])=[C&D2&v4&H1&+0&!R&z0:3]-[C&D2&v4&H2&+0&!R&z1:4]-[O&D2&v2&H0&+0&!R:7].[C&D3&v4&H0&+0&!R&z0:6]=[C&D2&v4&H1&+0&!R&z0:5]),624
787,[C&D1&v4&H2&+0&!R&z0:1]=[C&D3&v4&H0&+0&R&z0:2]-[C&D3&v4&H1&+0&R&z0:3]1-[C&D3&v4&H1&+0&R&z0:4]-[C&D4&v4&H0&+0&R&z0:5]-[C&D2&v4&H2&+0&R&z0:6]-1.[O&D1&v2&H1&+0&!R:7]>>([C&D3&v4&H0&+0&!R&z0:2](-[C&D1&v4&H3&+0&!R&z0:1])=[C&D2&v4&H1&+0&!R&z0:3]-[C&D2&v4&H2&+0&!R&z1:6]-[O&D2&v2&H0&+0&!R:7].[C&D3&v4&H0&+0&!R&z0:5]=[C&D2&v4&H1&+0&!R&z0:4]),624
788,([C&D1&v4&H2&+0&!R&z0:1]=[C&D3&v4&H0&+0&R&z0:2].[C&D2&v4&H1&+0&R&z0:3]=[C&D3&v4&H0&+0&R&z0:4]).[O&D0&v2&H2&+0&!R:5]>>[C&D4&v4&H0&+0&R&z0:4](-[C&D2&v4&H2&+0&R&z0:3])-[C&D2&v4&H2&+0&R&z0:1]-[C&D4&v4&H0&+0&R&z1:2]-[O&D1&v2&H1&+0&!R:5],487
789,[C&D1&v4&H2&+0&!R&z0:1]=[C&D3&v4&H0&+0&R&z0:2]-[C&D3&v4&H1&+0&R&z0:3]-[C&D3&v4&H1&+0&R&z0:4]-[C&D4&v4&H0&+0&R&z0:5]-[C&D2&v4&H2&+0&R&z0:6].[O&D1&v2&H1&+0&!R:7]>>([C&D2&v4&H2&+0&!R&z1:4]-[O&D2&v2&H0&+0&!R:7].[C&D3&v4&H0&+0&!R&z0:2](-[C&D1&v4&H3&+0&!R&z0:1])=[C&D2&v4&H1&+0&!R&z0:3].[C&D3&v4&H0&+0&!R&z0:5]=[C&D2&v4&H1&+0&!R&z0:6]),1003
790,[C&D1&v4&H2&+0&!R&z0:1]=[C&D3&v4&H0&+0&R&z0:2]-[C&D3&v4&H1&+0&R&z0:3](-[C&D4&v4&H0&+0&R&z0:4]-[C&D2&v4&H2&+0&R&z0:5])-[C&D2&v4&H2&+0&R&z0:6]-[C&D3&v4&H0&+0&R&z0:7].[O&D1&v2&H1&+0&!R:8]>>([C&D2&v4&H1&+0&!R&z0:7].[C&D3&v4&H0&+0&!R&z0:2](-[C&D1&v4&H3&+0&!R&z0:1])=[C&D2&v4&H1&+0&!R&z0:3]-[C&D2&v4&H2&+0&!R&z1:6]-[O&D2&v2&H0&+0&!R:8].[C&D3&v4&H0&+0&!R&z0:4]=[C&D2&v4&H1&+0&!R&z0:5]),633
791,[O&D1&v2&H1&+0&!R:1].[O&D2&v2&H0&+0&R:2]-[C&D3&v4&H0&+0&R&z2:3]>>([C&D3&v4&H0&+0&!R&z2:3]-[O&D2&v2&H0&+0&!R:1].[O&D1&v2&H1&+0&!R:2]),238
792,([C&D2&v4&H1&+0&!R&z0:1]=[C&D2&v4&H1&+0&!R&z0:2]-[C&D2&v4&H1&+0&!R&z0:3]=[C&D2&v4&H1&+0&!R&z0:4].[C&D3&v4&H0&+0&!R&z0:5]=[C&D2&v4&H1&+0&!R&z0:6])>>[C&D4&v4&H0&+0&R&z0:5]1-[C&D3&v4&H1&+0&R&z0:4]-[C&D2&v4&H1&+0&R&z0:3]=[C&D2&v4&H1&+0&R&z0:2]-[C&D3&v4&H1&+0&R&z0:1]-[C&D3&v4&H1&+0&R&z0:6]-1,758
793,[C&D4&v4&H0&+0&R&z0:1]1-[C&D3&v4&H1&+0&R&z0:2]-[C&D2&v4&H1&+0&R&z0:3]=[C&D2&v4&H1&+0&R&z0:4]-[C&D3&v4&H1&+0&R&z0:5]-[C&D3&v4&H1&+0&R&z0:6]-1>>([C&D2&v4&H1&+0&!R&z0:5]=[C&D2&v4&H1&+0&!R&z0:4]-[C&D2&v4&H1&+0&!R&z0:3]=[C&D2&v4&H1&+0&!R&z0:2].[C&D3&v4&H0&+0&!R&z0:1]=[C&D2&v4&H1&+0&!R&z0:6]),687
794,([C&D1&v4&H2&+0&!R&z0:1]=[C&D3&v4&H0&+0&R&z1:2].[C&D3&v4&H0&+0&!R&z0:3]=[C&D2&v4&H1&+0&!R&z0:4]-[C&D3&v4&H0&+0&!R&z0:5]=[C&D2&v4&H1&+0&!R&z0:6])>>[C&D4&v4&H0&+0&R&z0:3]1-[C&D2&v4&H1&+0&R&z0:4]=[C&D3&v4&H0&+0&R&z0:5]-[C&D3&v4&H1&+0&R&z0:6]-[C&D2&v4&H2&+0&R&z0:1]-[C&D4&v4&H0&+0&R&z1:2]-1,758
795,([C&D1&v4&H2&+0&!R&z0:1]=[C&D3&v4&H0&+0&R&z1:2].[C&D2&v4&H1&+0&!R&z0:3]=[C&D2&v4&H1&+0&!R&z0:4]-[C&D2&v4&H1&+0&!R&z0:5]=[C&D2&v4&H1&+0&!R&z0:6])>>[C&D3&v4&H1&+0&R&z0:6]1-[C&D2&v4&H1&+0&R&z0:5]=[C&D2&v4&H1&+0&R&z0:4]-[C&D3&v4&H1&+0&R&z0:3]-[C&D4&v4&H0&+0&R&z1:2]-[C&D2&v4&H2&+0&R&z0:1]-1,758
796,([C&D1&v4&H2&+0&!R&z0:1]=[C&D3&v4&H0&+0&R&z1:2].[C&D2&v4&H1&+0&!R&z0:3]=[C&D2&v4&H1&+0&!R&z0:4]-[C&D2&v4&H1&+0&!R&z0:5]=[C&D2&v4&H1&+0&!R&z0:6])>>[C&D4&v4&H0&+0&R&z1:2]1-[C&D2&v4&H2&+0&R&z0:1]-[C&D3&v4&H1&+0&R&z0:6]-[C&D2&v4&H1&+0&R&z0:5]=[C&D2&v4&H1&+0&R&z0:4]-[C&D3&v4&H1&+0&R&z0:3]-1,758
797,[C&D1&v4&H2&+0&!R&z0:1]=[C&D3&v4&H0&+0&R&z1:2].[C&D3&v4&H0&+0&R&z0:3]1=[C&D2&v4&H1&+0&R&z1:4]-[N&D3&v3&H0&+0&R:5]-[C&D2&v4&H1&+0&R&z1:6]=[C&D2&v4&H1&+0&R&z0:7]-[C&D2&v4&H2&+0&R&z0:8]-1>>[C&D3&v4&H1&+0&R&z1:2]-[C&D1&v4&H3&+0&!R&z0:1].[c&D3&v4&H0&+0&R&z0:3]1:[c&D2&v4&H1&+0&R&z0:8]:[c&D2&v4&H1&+0&R&z0:7]:[c&D2&v4&H1&+0&R&z1:6]:[n&D3&v4&H0&+&R:5]:[c&D2&v4&H1&+0&R&z1:4]:1,515
798,[C&D1&v4&H2&+0&!R&z0:1]=[C&D2&v4&H1&+0&!R&z0:2]-[C&D3&v4&H0&+0&!R&z0:3]=[C&D1&v4&H2&+0&!R&z0:4].[O&D1&v2&H1&+0&!R:5]>>[C&D1&v4&H3&+0&!R&z0:4]-[C&D3&v4&H0&+0&!R&z0:3]=[C&D2&v4&H1&+0&!R&z0:2]-[C&D2&v4&H2&+0&!R&z1:1]-[O&D2&v2&H0&+0&!R:5],959
799,[C&D1&v4&H2&+0&!R&z0:1]=[C&D2&v4&H1&+0&!R&z0:2]-[C&D3&v4&H0&+0&!R&z0:3]=[C&D1&v4&H2&+0&!R&z0:4].[O&D1&v2&H1&+0&!R:5]>>[C&D3&v4&H0&+0&!R&z0:3](-[C&D1&v4&H3&+0&!R&z0:4])=[C&D2&v4&H1&+0&!R&z0:2]-[C&D2&v4&H2&+0&!R&z1:1]-[O&D2&v2&H0&+0&!R:5],959
800,[C&D3&v4&H0&+0&!R&z0:1]=[C&D1&v4&H2&+0&!R&z0:2].[O&D0&v2&H2&+0&!R:3]>>[C&D4&v4&H0&+0&!R&z1:1](-[C&D1&v4&H3&+0&!R&z0:2])-[O&D1&v2&H1&+0&!R:3],703
801,[C&D1&v4&H2&+0&!R&z0:1]=[C&D2&v4&H1&+0&!R&z0:2].[C&D3&v4&H0&+0&R&z0:3]1=[C&D2&v4&H1&+0&R&z1:4]-[N&D3&v3&H0&+0&R:5]-[C&D2&v4&H1&+0&R&z1:6]=[C&D2&v4&H1&+0&R&z0:7]-[C&D2&v4&H2&+0&R&z0:8]-1>>[C&D1&v4&H3&+0&!R&z0:1]-[C&D2&v4&H2&+0&!R&z0:2].[c&D3&v4&H0&+0&R&z0:3]1:[c&D2&v4&H1&+0&R&z0:8]:[c&D2&v4&H1&+0&R&z0:7]:[c&D2&v4&H1&+0&R&z1:6]:[n&D3&v4&H0&+&R:5]:[c&D2&v4&H1&+0&R&z1:4]:1,515
802,[C&D3&v4&H0&+0&!R&z2:1]-[O&D1&v2&H1&+0&!R:2].[O&D1&v2&H1&+0&!R:3]-[O&D1&v2&H1&+0&!R:4]>>[C&D2&v4&H1&+0&!R&z1:1].[O&D0&v2&H2&+0&!R:2].[O&D1&v2&H0&+0&!R:3]=[O&D1&v2&H0&+0&!R:4],169
803,[C&D1&v4&H2&+0&!R&z0:1]=[C&D2&v4&H1&+0&!R&z0:2].[N&D0&v3&H3&+0&!R:3]>>[C&D2&v4&H2&+0&!R&z0:2]-[C&D2&v4&H2&+0&!R&z1:1]-[N&D1&v3&H2&+0&!R:3],875
804,[C&D1&v4&H2&+0&!R&z0:1]=[C&D2&v4&H1&+0&!R&z0:2]-[C&D3&v4&H0&+0&!R&z2:3].[C&D3&v4&H0&+0&R&z0:4]1=[C&D2&v4&H1&+0&R&z1:5]-[N&D3&v3&H0&+0&R:6]-[C&D2&v4&H1&+0&R&z1:7]=[C&D2&v4&H1&+0&R&z0:8]-[C&D2&v4&H2&+0&R&z0:9]-1.[O&D1&v2&H0&+0&!R:10]=[C&D2&v4&H0&+0&!R&z2:11]>>[C&D1&v4&H3&+0&!R&z0:1]-[C&D3&v4&H1&+0&!R&z0:2](-[C&D3&v4&H0&+0&!R&z2:11]-[O&D1&v2&H1&+0&!R:10])-[C&D3&v4&H0&+0&!R&z2:3].[c&D3&v4&H0&+0&R&z0:4]1:[c&D2&v4&H1&+0&R&z0:9]:[c&D2&v4&H1&+0&R&z0:8]:[c&D2&v4&H1&+0&R&z1:7]:[n&D3&v4&H0&+&R:6]:[c&D2&v4&H1&+0&R&z1:5]:1,494
805,[C&D1&v4&H2&+0&!R&z0:1]=[C&D2&v4&H1&+0&!R&z0:2].[O&D0&v2&H2&+0&!R:3]>>[C&D2&v4&H2&+0&!R&z0:2]-[C&D2&v4&H2&+0&!R&z1:1]-[O&D1&v2&H1&+0&!R:3],703
806,[C&D1&v4&H2&+0&!R&z0:1]=[C&D2&v4&H1&+0&!R&z0:2]-[C&D3&v4&H0&+0&!R&z2:3].[O&D0&v2&H2&+0&!R:4]>>[C&D1&v4&H3&+0&!R&z0:1]-[C&D3&v4&H1&+0&!R&z1:2](-[O&D1&v2&H1&+0&!R:4])-[C&D3&v4&H0&+0&!R&z2:3],703
807,[C&D3&v4&H0&+0&!R&z2:1]-[S&D2&v2&H0&+0&!R:2].[N&D2&v3&H1&+0&R:3]>>[N&D3&v3&H0&+0&R:3]-[C&D3&v4&H0&+0&!R&z2:1].[S&D1&v2&H1&+0&!R:2],347
808,[C&D1&v4&H2&+0&!R&z0:1]=[C&D2&v4&H1&+0&!R&z0:2].[O&D0&v2&H2&+0&!R:3].[O&D0&v2&H2&+0&!R:4].[c&D3&v4&H0&+0&R&z0:5]1:[c&D2&v4&H1&+0&R&z0:6]:[c&D2&v4&H1&+0&R&z0:7]:[c&D2&v4&H1&+0&R&z1:8]:[n&D3&v4&H0&+&R:9]:[c&D2&v4&H1&+0&R&z1:10]:1>>[C&D1&v4&H3&+0&!R&z0:1]-[C&D2&v4&H2&+0&!R&z0:2].[C&D3&v4&H0&+0&R&z0:5]1=[C&D2&v4&H1&+0&R&z1:10]-[N&D3&v3&H0&+0&R:9]-[C&D2&v4&H1&+0&R&z1:8]=[C&D2&v4&H1&+0&R&z0:7]-[C&D2&v4&H2&+0&R&z0:6]-1.[O&D1&v2&H0&+0&!R:4]=[O&D1&v2&H0&+0&!R:3],707
809,[C&D3&v4&H0&+0&R&z0:1]1=[C&D2&v4&H1&+0&R&z1:2]-[N&D3&v3&H0&+0&R:3]-[C&D2&v4&H1&+0&R&z1:4]=[C&D2&v4&H1&+0&R&z0:5]-[C&D2&v4&H2&+0&R&z0:6]-1.[O&D1&v2&H0&+0&!R:7]=[O&D1&v2&H0&+0&!R:8].([N&D2&v3&H1&+0&R:9].[c&D3&v4&H0&+0&R&z1:10]1:[n&D2&v3&H1&+0&R:11]:[c&D3&v4&H0&+0&R&z1:12]:[c&D3&v4&H0&+0&R&z0:13]:[c&D3&v4&H0&+0&R&z0:14]:1)>>[C&D4&v4&H0&+0&R&z2:10]1(-[N&D2&v3&H1&+0&R:11]-[c&D3&v4&H0&+0&R&z1:12]:[c&D3&v4&H0&+0&R&z0:13]-[C&D4&v4&H0&+0&R&z1:14]-1-[O&D1&v2&H1&+0&!R:7])-[N&D3&v3&H0&+0&R:9].[O&D0&v2&H2&+0&!R:8].[c&D3&v4&H0&+0&R&z0:1]1:[c&D2&v4&H1&+0&R&z0:6]:[c&D2&v4&H1&+0&R&z0:5]:[c&D2&v4&H1&+0&R&z1:4]:[n&D3&v4&H0&+&R:3]:[c&D2&v4&H1&+0&R&z1:2]:1,684
810,[C&D1&v4&H2&+0&!R&z0:1]=[C&D2&v4&H1&+0&!R&z0:2]-[C&D4&v4&H0&+0&!R&z0:3]-[c&D3&v4&H0&+0&R&z1:4].[O&D1&v2&H1&+0&!R:5]>>[C&D3&v4&H0&+0&!R&z0:3]=[C&D2&v4&H1&+0&!R&z0:2]-[C&D2&v4&H2&+0&!R&z1:1]-[O&D2&v2&H0&+0&!R:5].[c&D2&v4&H1&+0&R&z1:4],45
811,[C&D1&v4&H2&+0&!R&z0:1]=[C&D2&v4&H1&+0&!R&z0:2]-[C&D4&v4&H0&+0&!R&z0:3]-[c&D3&v4&H0&+0&R&z0:4].[O&D1&v2&H1&+0&!R:5]>>[C&D3&v4&H0&+0&!R&z0:3]=[C&D2&v4&H1&+0&!R&z0:2]-[C&D2&v4&H2&+0&!R&z1:1]-[O&D2&v2&H0&+0&!R:5].[c&D2&v4&H1&+0&R&z0:4],45
812,([C&D1&v4&H2&+0&!R&z0:1]=[C&D2&v4&H1&+0&!R&z0:2].[O&D1&v2&H1&+0&!R:3])>>[O&D2&v2&H0&+0&R:3]-[C&D3&v4&H1&+0&R&z1:2]-[C&D1&v4&H3&+0&!R&z0:1],412
813,[C&D3&v4&H1&+0&!R&z0:1](-[C&D1&v4&H3&+0&!R&z0:2])-[C&D3&v4&H0&+0&!R&z0:3]=[C&D1&v4&H2&+0&!R&z0:4].[S&D2&v2&H0&+0&!R:5]>>[C&D1&v4&H3&+0&!R&z1:2]-[S&D3&v3&H0&+&!R:5].[C&D2&v4&H1&+0&!R&z0:1]=[C&D3&v4&H0&+0&!R&z0:3]-[C&D1&v4&H3&+0&!R&z0:4],772
814,[C&D1&v4&H3&+0&!R&z1:1]-[S&D3&v3&H0&+&!R:2].[C&D2&v4&H1&+0&!R&z0:3]=[C&D3&v4&H0&+0&!R&z0:4]-[C&D1&v4&H3&+0&!R&z0:5]>>[C&D3&v4&H1&+0&!R&z0:3](-[C&D1&v4&H3&+0&!R&z0:1])-[C&D3&v4&H0&+0&!R&z0:4]=[C&D1&v4&H2&+0&!R&z0:5].[S&D2&v2&H0&+0&!R:2],78
815,[C&D1&v4&H2&+0&!R&z0:1]=[C&D2&v4&H1&+0&!R&z0:2]-[C&D4&v4&H0&+0&!R&z0:3]-[C&D3&v4&H0&+0&R&z0:4].[O&D1&v2&H1&+0&!R:5]>>[C&D2&v4&H1&+0&R&z0:4].[C&D3&v4&H0&+0&!R&z0:3]=[C&D2&v4&H1&+0&!R&z0:2]-[C&D2&v4&H2&+0&!R&z1:1]-[O&D2&v2&H0&+0&!R:5],45
816,[C&D2&v4&H2&+0&!R&z1:1].[O&D0&v2&H2&+0&!R:2].[c&D3&v4&H0&+0&R&z0:3]1:[c&D2&v4&H1&+0&R&z0:4]:[c&D2&v4&H1&+0&R&z0:5]:[c&D2&v4&H1&+0&R&z1:6]:[n&D3&v4&H0&+&R:7]:[c&D2&v4&H1&+0&R&z1:8]:1.[c&D3&v4&H0&+0&R&z0:9]1:[c&D2&v4&H1&+0&R&z0:10]:[c&D2&v4&H1&+0&R&z0:11]:[c&D2&v4&H1&+0&R&z1:12]:[n&D3&v4&H0&+&R:13]:[c&D2&v4&H1&+0&R&z1:14]:1>>[C&D3&v4&H0&+0&!R&z2:1]=[O&D1&v2&H0&+0&!R:2].[C&D3&v4&H0&+0&R&z0:9]1=[C&D2&v4&H1&+0&R&z1:14]-[N&D3&v3&H0&+0&R:13]-[C&D2&v4&H1&+0&R&z1:12]=[C&D2&v4&H1&+0&R&z0:11]-[C&D2&v4&H2&+0&R&z0:10]-1.[C&D3&v4&H0&+0&R&z0:3]1=[C&D2&v4&H1&+0&R&z1:8]-[N&D3&v3&H0&+0&R:7]-[C&D2&v4&H1&+0&R&z1:6]=[C&D2&v4&H1&+0&R&z0:5]-[C&D2&v4&H2&+0&R&z0:4]-1,839
817,([C&D4&v4&H0&+0&!R&z1:1]-[S&D2&v2&H0&+0&!R:2].[O&D1&v2&H1&+0&!R:3])>>[C&D4&v4&H0&+0&R&z1:1]-[O&D2&v2&H0&+0&R:3].[S&D1&v2&H1&+0&!R:2],867
818,[C&D1&v4&H2&+0&!R&z0:1]=[C&D2&v4&H1&+0&!R&z0:2]-[C&D4&v4&H0&+0&!R&z1:3]-[O&D1&v2&H1&+0&!R:4].[O&D1&v2&H1&+0&!R:5]>>[C&D3&v4&H0&+0&!R&z0:3]=[C&D2&v4&H1&+0&!R&z0:2]-[C&D2&v4&H2&+0&!R&z1:1]-[O&D2&v2&H0&+0&!R:5].[O&D0&v2&H2&+0&!R:4],763
819,[C&D4&v4&H0&+0&!R&z1:1](-[C&D1&v4&H3&+0&!R&z0:2])-[O&D1&v2&H1&+0&!R:3]>>[C&D3&v4&H0&+0&!R&z0:1]=[C&D1&v4&H2&+0&!R&z0:2].[O&D0&v2&H2&+0&!R:3],451
820,[C&D1&v4&H2&+0&!R&z0:1]=[C&D2&v4&H1&+0&!R&z0:2]-[C&D4&v4&H0&+0&!R&z1:3]-[O&D1&v2&H1&+0&!R:4]>>[C&D3&v4&H0&+0&!R&z0:3]=[C&D2&v4&H1&+0&!R&z0:2]-[C&D2&v4&H2&+0&!R&z1:1]-[O&D1&v2&H1&+0&!R:4],1030
821,[C&D3&v4&H0&+0&!R&z2:1]=[O&D1&v2&H0&+0&!R:2].[C&D3&v4&H0&+0&R&z0:3]1=[C&D2&v4&H1&+0&R&z1:4]-[N&D3&v3&H0&+0&R:5]-[C&D2&v4&H1&+0&R&z1:6]=[C&D2&v4&H1&+0&R&z0:7]-[C&D2&v4&H2&+0&R&z0:8]-1.[C&D3&v4&H0&+0&R&z0:9]1=[C&D2&v4&H1&+0&R&z1:10]-[N&D3&v3&H0&+0&R:11]-[C&D2&v4&H1&+0&R&z1:12]=[C&D2&v4&H1&+0&R&z0:13]-[C&D2&v4&H2&+0&R&z0:14]-1>>[C&D2&v4&H2&+0&!R&z1:1].[O&D0&v2&H2&+0&!R:2].[c&D3&v4&H0&+0&R&z0:9]1:[c&D2&v4&H1&+0&R&z0:14]:[c&D2&v4&H1&+0&R&z0:13]:[c&D2&v4&H1&+0&R&z1:12]:[n&D3&v4&H0&+&R:11]:[c&D2&v4&H1&+0&R&z1:10]:1.[c&D3&v4&H0&+0&R&z0:3]1:[c&D2&v4&H1&+0&R&z0:8]:[c&D2&v4&H1&+0&R&z0:7]:[c&D2&v4&H1&+0&R&z1:6]:[n&D3&v4&H0&+&R:5]:[c&D2&v4&H1&+0&R&z1:4]:1,321
822,[C&D1&v4&H2&+0&!R&z0:1]=[C&D2&v4&H1&+0&!R&z0:2]-[C&D3&v4&H0&+0&!R&z0:3]=[C&D2&v4&H1&+0&!R&z0:4].[O&D1&v2&H1&+0&!R:5]>>[C&D2&v4&H2&+0&!R&z0:4]-[C&D3&v4&H0&+0&!R&z0:3]=[C&D2&v4&H1&+0&!R&z0:2]-[C&D2&v4&H2&+0&!R&z1:1]-[O&D2&v2&H0&+0&!R:5],959
823,[C&D1&v4&H2&+0&!R&z0:1]=[C&D2&v4&H1&+0&!R&z0:2]-[C&D3&v4&H0&+0&!R&z0:3]=[C&D2&v4&H1&+0&!R&z0:4].[O&D1&v2&H1&+0&!R:5]>>[C&D3&v4&H0&+0&!R&z0:3](=[C&D2&v4&H1&+0&!R&z0:2]-[C&D2&v4&H2&+0&!R&z1:1]-[O&D2&v2&H0&+0&!R:5])-[C&D2&v4&H2&+0&!R&z0:4],959
824,[C&D3&v4&H1&+0&!R&z1:1](-[O&D1&v2&H1&+0&!R:2])-[C&D2&v4&H0&+0&!R&z1:3]>>[C&D1&v4&H1&+0&!R&z1:3].[C&D2&v4&H1&+0&!R&z1:1]=[O&D1&v2&H0&+0&!R:2],1009
825,([C&D1&v4&H2&+0&!R&z0:1]=[C&D2&v4&H1&+0&!R&z0:2].[C&D3&v4&H0&+0&!R&z2:3](-[S&D1&v2&H1&+0&!R:4])=[N&D2&v3&H0&+0&!R:5]-[O&D2&v2&H0&+0&!R:6])>>([C&D3&v4&H1&+0&R&z1:2]1-[C&D2&v4&H2&+0&R&z1:1]-[S&D2&v2&H0&+0&R:4]-1.[N&D1&v3&H0&+0&!R:5]#[C&D2&v4&H0&+0&!R&z1:3]).[O&D1&v2&H1&+0&!R:6],596
826,[C&D1&v4&H2&+0&!R&z0:1]=[C&D2&v4&H1&+0&!R&z0:2].[C&D3&v4&H0&+0&R&z0:3]1=[C&D2&v4&H1&+0&R&z1:4]-[N&D3&v3&H0&+0&R:5]-[C&D2&v4&H1&+0&R&z1:6]=[C&D2&v4&H1&+0&R&z0:7]-[C&D2&v4&H2&+0&R&z0:8]-1.[O&D1&v2&H0&+0&!R:9]=[O&D1&v2&H0&+0&!R:10]>>[C&D3&v4&H1&+0&R&z1:2]1-[C&D2&v4&H2&+0&R&z1:1]-[O&D2&v2&H0&+0&R:10]-1.[O&D0&v2&H2&+0&!R:9].[c&D3&v4&H0&+0&R&z0:3]1:[c&D2&v4&H1&+0&R&z0:8]:[c&D2&v4&H1&+0&R&z0:7]:[c&D2&v4&H1&+0&R&z1:6]:[n&D3&v4&H0&+&R:5]:[c&D2&v4&H1&+0&R&z1:4]:1,697
827,[C&D1&v4&H2&+0&!R&z0:1]=[C&D2&v4&H1&+0&!R&z0:2]-[C&D4&v4&H0&+0&R&z0:3]-[C&D2&v4&H1&+0&R&z0:4].[O&D1&v2&H1&+0&!R:5]>>([C&D1&v4&H2&+0&!R&z0:4].[C&D3&v4&H0&+0&!R&z0:3]=[C&D2&v4&H1&+0&!R&z0:2]-[C&D2&v4&H2&+0&!R&z1:1]-[O&D2&v2&H0&+0&!R:5]),135
828,[C&D1&v4&H2&+0&!R&z0:1]=[C&D2&v4&H1&+0&!R&z0:2]-[C&D4&v4&H0&+0&R&z0:3]-[C&D2&v4&H2&+0&R&z0:4]-[C&D3&v4&H1&+0&R&z0:5]-[C&D3&v4&H0&+0&R&z0:6]=[C&D2&v4&H1&+0&R&z0:7].[O&D1&v2&H1&+0&!R:8]>>([C&D1&v4&H2&+0&!R&z0:4]=[C&D3&v4&H0&+0&R&z0:5]-[C&D3&v4&H1&+0&R&z0:6]-[C&D2&v4&H2&+0&!R&z0:7].[C&D3&v4&H0&+0&!R&z0:3]=[C&D2&v4&H1&+0&!R&z0:2]-[C&D2&v4&H2&+0&!R&z1:1]-[O&D2&v2&H0&+0&!R:8]),18
829,[C&D1&v4&H2&+0&!R&z0:1]=[C&D2&v4&H1&+0&!R&z0:2]-[C&D4&v4&H0&+0&R&z1:3]-[O&D2&v2&H0&+0&R:4].[O&D1&v2&H1&+0&!R:5]>>([C&D3&v4&H0&+0&!R&z0:3]=[C&D2&v4&H1&+0&!R&z0:2]-[C&D2&v4&H2&+0&!R&z1:1]-[O&D2&v2&H0&+0&!R:5].[O&D1&v2&H1&+0&!R:4]),266
830,[C&D1&v4&H2&+0&!R&z0:1]=[C&D2&v4&H1&+0&!R&z0:2]-[C&D4&v4&H0&+0&R&z0:3]-[C&D2&v4&H2&+0&R&z0:4]-[C&D3&v4&H0&+0&R&z0:5]=[C&D2&v4&H1&+0&R&z0:6].[O&D1&v2&H1&+0&!R:7]>>([C&D1&v4&H2&+0&!R&z0:4]=[C&D3&v4&H0&+0&R&z0:5]-[C&D2&v4&H2&+0&R&z0:6].[C&D3&v4&H0&+0&!R&z0:3]=[C&D2&v4&H1&+0&!R&z0:2]-[C&D2&v4&H2&+0&!R&z1:1]-[O&D2&v2&H0&+0&!R:7]),418
831,[C&D4&v4&H0&+0&R&z1:1]-[O&D2&v2&H0&+0&R:2].[S&D1&v2&H1&+0&!R:3]>>([C&D4&v4&H0&+0&!R&z1:1]-[S&D2&v2&H0&+0&!R:3].[O&D1&v2&H1&+0&!R:2]),764
832,[C&D3&v4&H0&+0&!R&z2:1]-[O&D1&v2&H1&+0&!R:2].[O&D0&v2&H2&+0&!R:3].[P&D4&v5&H0&+0&!R:4]-[O&D2&v2&H0&+0&!R:5]>>[C&D3&v4&H0&+0&!R&z2:1]-[O&D1&v2&H1&+0&!R:3].[O&D1&v2&H1&+0&!R:5].[P&D4&v5&H0&+0&!R:4]-[O&D1&v2&H1&+0&!R:2],228
833,[C&D3&v4&H0&+0&R&z1:1]=[O&D1&v2&H0&+0&!R:2].[O&D0&v2&H2&+0&!R:3]>>[C&D2&v4&H2&+0&R&z0:1].[O&D1&v2&H0&+0&!R:2]=[O&D1&v2&H0&+0&!R:3],547
834,[C&D2&v4&H2&+0&R&z0:1].[O&D1&v2&H0&+0&!R:2]=[O&D1&v2&H0&+0&!R:3]>>[C&D3&v4&H0&+0&R&z1:1]=[O&D1&v2&H0&+0&!R:2].[O&D0&v2&H2&+0&!R:3],825
835,[C&D1&v4&H3&+0&!R&z0:1].[S&D2&v2&H0&+0&!R:2].[c&D3&v4&H0&+0&R&z0:3]-[C&D3&v4&H1&+0&R&z0:4]>>[S&D3&v3&H0&+&!R:2]-[C&D2&v4&H2&+0&!R&z1:1].([C&D2&v4&H2&+0&!R&z0:4].[c&D2&v4&H1&+0&R&z0:3]),783
836,[C&D1&v4&H2&+0&!R&z0:1]=[C&D2&v4&H1&+0&!R&z0:2].[C&D3&v4&H0&+0&R&z0:3]1=[C&D2&v4&H1&+0&R&z1:4]-[N&D3&v3&H0&+0&R:5]-[C&D2&v4&H1&+0&R&z1:6]=[C&D2&v4&H1&+0&R&z0:7]-[C&D2&v4&H2&+0&R&z0:8]-1>>[C&D2&v4&H2&+0&!R&z0:2]-[C&D1&v4&H3&+0&!R&z0:1].[c&D3&v4&H0&+0&R&z0:3]1:[c&D2&v4&H1&+0&R&z0:8]:[c&D2&v4&H1&+0&R&z0:7]:[c&D2&v4&H1&+0&R&z1:6]:[n&D3&v4&H0&+&R:5]:[c&D2&v4&H1&+0&R&z1:4]:1,515
837,[O&D0&v2&H2&+0&!R:1].[O&D0&v2&H2&+0&!R:2].[c&D3&v4&H0&+0&R&z0:3]-[C&D3&v4&H1&+0&R&z0:4].[c&D3&v4&H0&+0&R&z0:5]1:[c&D2&v4&H1&+0&R&z0:6]:[c&D2&v4&H1&+0&R&z0:7]:[c&D2&v4&H1&+0&R&z1:8]:[n&D3&v4&H0&+&R:9]:[c&D2&v4&H1&+0&R&z1:10]:1>>[C&D3&v4&H0&+0&R&z0:5]1=[C&D2&v4&H1&+0&R&z1:10]-[N&D3&v3&H0&+0&R:9]-[C&D2&v4&H1&+0&R&z1:8]=[C&D2&v4&H1&+0&R&z0:7]-[C&D2&v4&H2&+0&R&z0:6]-1.[O&D1&v2&H0&+0&!R:2]=[O&D1&v2&H0&+0&!R:1].([C&D2&v4&H2&+0&!R&z0:4].[c&D2&v4&H1&+0&R&z0:3]),586
838,[C&D1&v4&H3&+0&!R&z0:1].[C&D3&v4&H0&+0&!R&z1:2]=[O&D1&v2&H0&+0&!R:3].[S&D2&v2&H0&+0&!R:4]>>[C&D3&v4&H1&+0&!R&z1:2]-[O&D1&v2&H1&+0&!R:3].[S&D3&v3&H0&+&!R:4]-[C&D2&v4&H2&+0&!R&z1:1],739
839,[S&D3&v3&H0&+&!R:1]-[C&D2&v4&H2&+0&!R&z1:2].([C&D2&v4&H2&+0&!R&z0:3].[c&D2&v4&H1&+0&R&z0:4])>>[C&D1&v4&H3&+0&!R&z0:2].[S&D2&v2&H0&+0&!R:1].[c&D3&v4&H0&+0&R&z0:4]-[C&D3&v4&H1&+0&R&z0:3],352
840,[C&D3&v4&H0&+0&!R&z1:1]=[O&D1&v2&H0&+0&!R:2].[O&D0&v2&H2&+0&!R:3].[O&D0&v2&H2&+0&!R:4].[c&D3&v4&H0&+0&R&z0:5]1:[c&D2&v4&H1&+0&R&z0:6]:[c&D2&v4&H1&+0&R&z0:7]:[c&D2&v4&H1&+0&R&z1:8]:[n&D3&v4&H0&+&R:9]:[c&D2&v4&H1&+0&R&z1:10]:1>>[C&D3&v4&H0&+0&R&z0:5]1=[C&D2&v4&H1&+0&R&z1:10]-[N&D3&v3&H0&+0&R:9]-[C&D2&v4&H1&+0&R&z1:8]=[C&D2&v4&H1&+0&R&z0:7]-[C&D2&v4&H2&+0&R&z0:6]-1.[C&D3&v4&H1&+0&!R&z1:1]-[O&D1&v2&H1&+0&!R:4].[O&D1&v2&H0&+0&!R:2]=[O&D1&v2&H0&+0&!R:3],216
841,[C&D1&v4&H3&+0&!R&z0:1].[C&D3&v4&H1&+0&!R&z1:2]-[O&D1&v2&H1&+0&!R:3].[S&D2&v2&H0&+0&!R:4]>>[C&D2&v4&H2&+0&!R&z0:2].[O&D0&v2&H2&+0&!R:3].[S&D3&v3&H0&+&!R:4]-[C&D2&v4&H2&+0&!R&z1:1],85
842,[C&D3&v4&H1&+0&!R&z1:1]-[O&D1&v2&H1&+0&!R:2].[S&D3&v3&H0&+&!R:3]-[C&D2&v4&H2&+0&!R&z1:4]>>[C&D1&v4&H3&+0&!R&z0:4].[C&D3&v4&H0&+0&!R&z1:1]=[O&D1&v2&H0&+0&!R:2].[S&D2&v2&H0&+0&!R:3],73
843,[C&D3&v4&H0&+0&R&z0:1]1=[C&D2&v4&H1&+0&R&z1:2]-[N&D3&v3&H0&+0&R:3]-[C&D2&v4&H1&+0&R&z1:4]=[C&D2&v4&H1&+0&R&z0:5]-[C&D2&v4&H2&+0&R&z0:6]-1.[C&D3&v4&H1&+0&!R&z1:7]-[O&D1&v2&H1&+0&!R:8].[O&D1&v2&H0&+0&!R:9]=[O&D1&v2&H0&+0&!R:10]>>[C&D3&v4&H0&+0&!R&z1:7]=[O&D1&v2&H0&+0&!R:10].[O&D0&v2&H2&+0&!R:8].[O&D0&v2&H2&+0&!R:9].[c&D3&v4&H0&+0&R&z0:1]1:[c&D2&v4&H1&+0&R&z0:6]:[c&D2&v4&H1&+0&R&z0:5]:[c&D2&v4&H1&+0&R&z1:4]:[n&D3&v4&H0&+&R:3]:[c&D2&v4&H1&+0&R&z1:2]:1,558
844,[C&D3&v4&H1&+0&!R&z1:1]-[O&D1&v2&H1&+0&!R:2].[O&D0&v2&H2&+0&!R:3].[c&D3&v4&H0&+0&R&z0:4]1:[c&D2&v4&H1&+0&R&z0:5]:[c&D2&v4&H1&+0&R&z0:6]:[c&D2&v4&H1&+0&R&z1:7]:[n&D3&v4&H0&+&R:8]:[c&D2&v4&H1&+0&R&z1:9]:1>>[C&D2&v4&H2&+0&!R&z0:1].[C&D3&v4&H0&+0&R&z0:4]1=[C&D2&v4&H1&+0&R&z1:9]-[N&D3&v3&H0&+0&R:8]-[C&D2&v4&H1&+0&R&z1:7]=[C&D2&v4&H1&+0&R&z0:6]-[C&D2&v4&H2&+0&R&z0:5]-1.[O&D1&v2&H0&+0&!R:2]=[O&D1&v2&H0&+0&!R:3],9
845,[C&D2&v4&H2&+0&!R&z0:1].[O&D0&v2&H2&+0&!R:2].[S&D3&v3&H0&+&!R:3]-[C&D2&v4&H2&+0&!R&z1:4]>>[C&D1&v4&H3&+0&!R&z0:4].[C&D3&v4&H1&+0&!R&z1:1]-[O&D1&v2&H1&+0&!R:2].[S&D2&v2&H0&+0&!R:3],735
846,[C&D2&v4&H2&+0&!R&z0:1].[C&D3&v4&H0&+0&R&z0:2]1=[C&D2&v4&H1&+0&R&z1:3]-[N&D3&v3&H0&+0&R:4]-[C&D2&v4&H1&+0&R&z1:5]=[C&D2&v4&H1&+0&R&z0:6]-[C&D2&v4&H2&+0&R&z0:7]-1.[O&D1&v2&H0&+0&!R:8]=[O&D1&v2&H0&+0&!R:9]>>[C&D3&v4&H1&+0&!R&z1:1]-[O&D1&v2&H1&+0&!R:8].[O&D0&v2&H2&+0&!R:9].[c&D3&v4&H0&+0&R&z0:2]1:[c&D2&v4&H1&+0&R&z0:7]:[c&D2&v4&H1&+0&R&z0:6]:[c&D2&v4&H1&+0&R&z1:5]:[n&D3&v4&H0&+&R:4]:[c&D2&v4&H1&+0&R&z1:3]:1,710
847,[C&D3&v4&H1&+0&R&z2:1]-[O&D1&v2&H1&+0&!R:2].[O&D1&v2&H1&+0&!R:3]>>[C&D3&v4&H1&+0&R&z2:1]-[O&D2&v2&H0&+0&!R:3].[O&D0&v2&H2&+0&!R:2],517
848,[C&D3&v4&H1&+0&R&z2:1]-[O&D2&v2&H0&+0&!R:2].[O&D0&v2&H2&+0&!R:3]>>[C&D3&v4&H1&+0&R&z2:1]-[O&D1&v2&H1&+0&!R:3].[O&D1&v2&H1&+0&!R:2],517
849,[C&D3&v4&H1&+0&R&z1:1](-[N&D2&v3&H1&+0&R:2])-[c&D3&v4&H0&+0&R&z1:3].[O&D0&v2&H2&+0&!R:4]>>[C&D2&v4&H1&+0&!R&z1:1]=[O&D1&v2&H0&+0&!R:4].([N&D1&v3&H2&+0&!R:2].[c&D2&v4&H1&+0&R&z1:3]),853
850,[C&D3&v4&H1&+0&R&z1:1](-[N&D2&v3&H1&+0&R:2])-[c&D3&v4&H0&+0&R&z0:3].[O&D0&v2&H2&+0&!R:4]>>[C&D2&v4&H1&+0&!R&z1:1]=[O&D1&v2&H0&+0&!R:4].([N&D1&v3&H2&+0&!R:2].[c&D2&v4&H1&+0&R&z0:3]),853
851,[C&D2&v4&H1&+0&!R&z1:1]=[O&D1&v2&H0&+0&!R:2].([N&D1&v3&H2&+0&!R:3].[c&D2&v4&H1&+0&R&z1:4])>>[C&D3&v4&H1&+0&R&z1:1](-[N&D2&v3&H1&+0&R:3])-[c&D3&v4&H0&+0&R&z1:4].[O&D0&v2&H2&+0&!R:2],497
852,[C&D2&v4&H1&+0&!R&z1:1]=[O&D1&v2&H0&+0&!R:2].([N&D1&v3&H2&+0&!R:3].[c&D2&v4&H1&+0&R&z0:4])>>[C&D3&v4&H1&+0&R&z1:1](-[N&D2&v3&H1&+0&R:3])-[c&D3&v4&H0&+0&R&z0:4].[O&D0&v2&H2&+0&!R:2],497
853,[C&D1&v4&H2&+0&!R&z0:1].[C&D3&v4&H0&+0&!R&z2:2](=[O&D1&v2&H0&+0&!R:3])-[O&D1&v2&H1&+0&!R:4]>>[C&D3&v4&H0&+0&!R&z1:2](=[O&D1&v2&H0&+0&!R:3])-[C&D2&v4&H1&+0&!R&z0:1].[O&D0&v2&H2&+0&!R:4],355
854,[C&D1&v4&H2&+0&!R&z0:1].[O&D1&v2&H0&+0&!R:2]=[C&D3&v4&H0&+0&!R&z2:3]-[O&D1&v2&H1&+0&!R:4]>>[C&D3&v4&H0&+0&!R&z1:3](=[O&D1&v2&H0&+0&!R:2])-[C&D2&v4&H1&+0&!R&z0:1].[O&D0&v2&H2&+0&!R:4],355
855,[C&D1&v4&H2&+0&!R&z0:1]=[C&D2&v4&H1&+0&!R&z0:2]-[C&D2&v4&H1&+0&!R&z0:3]=[C&D3&v4&H0&+0&!R&z1:4]-[O&D1&v2&H1&+0&!R:5].[O&D0&v2&H2&+0&!R:6]>>[C&D1&v4&H3&+0&!R&z0:1]-[C&D3&v4&H1&+0&!R&z1:2](-[O&D1&v2&H1&+0&!R:6])-[C&D2&v4&H2&+0&!R&z0:3]-[C&D3&v4&H0&+0&!R&z1:4]=[O&D1&v2&H0&+0&!R:5],644
856,[C&D2&v4&H1&+0&!R&z0:1]=[C&D3&v4&H0&+0&!R&z1:2]-[O&D1&v2&H1&+0&!R:3]>>[C&D2&v4&H2&+0&!R&z0:1]-[C&D3&v4&H0&+0&!R&z1:2]=[O&D1&v2&H0&+0&!R:3],996
857,[C&D1&v4&H2&+0&!R&z0:1]=[C&D2&v4&H1&+0&!R&z0:2].[N&D1&v3&H2&+0&!R:3]>>[N&D2&v3&H1&+0&!R:3]-[C&D2&v4&H2&+0&!R&z1:1]-[C&D2&v4&H2&+0&!R&z0:2],875
858,[C&D1&v4&H2&+0&!R&z0:1]=[C&D2&v4&H1&+0&!R&z0:2].[N&D1&v3&H2&+0&!R:3]>>[C&D2&v4&H2&+0&!R&z0:2]-[C&D2&v4&H2&+0&!R&z1:1]-[N&D2&v3&H1&+0&!R:3],875
859,[C&D2&v4&H1&+0&!R&z1:1].[O&D0&v2&H2&+0&!R:2].[O&D1&v2&H0&+0&!R:3]=[O&D1&v2&H0&+0&!R:4]>>[C&D3&v4&H0&+0&!R&z2:1]-[O&D1&v2&H1&+0&!R:2].[O&D1&v2&H1&+0&!R:3]-[O&D1&v2&H1&+0&!R:4],121
860,[C&D1&v4&H2&+0&!R&z0:1]=[C&D2&v4&H1&+0&!R&z0:2]-[C&D2&v4&H2&+0&!R&z0:3].[C&D3&v4&H0&+0&!R&z2:4]-[O&D1&v2&H1&+0&!R:5]>>[C&D2&v4&H1&+0&!R&z0:3]=[C&D2&v4&H1&+0&!R&z0:2]-[C&D2&v4&H2&+0&!R&z0:1]-[C&D3&v4&H0&+0&!R&z1:4].[O&D0&v2&H2&+0&!R:5],575
861,[C&D1&v4&H2&+0&!R&z0:1]=[C&D2&v4&H1&+0&!R&z0:2]-[C&D2&v4&H2&+0&!R&z0:3].[O&D1&v2&H0&+0&!R:4]=[C&D2&v4&H0&+0&!R&z2:5]>>[C&D3&v4&H0&+0&!R&z2:5](-[O&D1&v2&H1&+0&!R:4])-[C&D2&v4&H2&+0&!R&z0:1]-[C&D2&v4&H1&+0&!R&z0:2]=[C&D2&v4&H1&+0&!R&z0:3],385
862,[C&D2&v4&H2&+0&!R&z0:1]-[C&D3&v4&H0&+0&!R&z1:2]=[O&D1&v2&H0&+0&!R:3]>>[C&D2&v4&H1&+0&!R&z0:1]=[C&D3&v4&H0&+0&!R&z1:2]-[O&D1&v2&H1&+0&!R:3],167
863,[C&D1&v4&H2&+0&!R&z0:1]=[C&D2&v4&H1&+0&!R&z0:2]-[C&D2&v4&H2&+0&!R&z0:3]>>[C&D1&v4&H3&+0&!R&z0:1]-[C&D2&v4&H1&+0&!R&z0:2]=[C&D2&v4&H1&+0&!R&z0:3],367
864,[C&D2&v4&H2&+0&!R&z0:1]-[C&D3&v4&H0&+0&!R&z2:2](-[S&D1&v2&H1&+0&!R:3])=[N&D2&v3&H0&+0&!R:4]-[O&D2&v2&H0&+0&!R:5]>>[C&D2&v4&H2&+0&!R&z1:1]-[N&D2&v3&H0&+0&!R:4]=[C&D2&v4&H0&+0&!R&z2:2]=[S&D1&v2&H0&+0&!R:3].[O&D1&v2&H1&+0&!R:5],719
865,([C&D2&v4&H2&+0&!R&z1:1]-[O&D1&v2&H1&+0&!R:2].[O&D1&v2&H1&+0&!R:3])>>[C&D2&v4&H2&+0&R&z1:1]-[O&D2&v2&H0&+0&R:3].[O&D0&v2&H2&+0&!R:2],493
866,[C&D2&v4&H2&+0&!R&z1:1]-[N&D2&v3&H0&+0&!R:2]=[C&D2&v4&H0&+0&!R&z2:3]=[S&D1&v2&H0&+0&!R:4].[O&D1&v2&H1&+0&!R:5]>>[C&D2&v4&H2&+0&!R&z0:1]-[C&D3&v4&H0&+0&!R&z2:3](-[S&D1&v2&H1&+0&!R:4])=[N&D2&v3&H0&+0&!R:2]-[O&D2&v2&H0&+0&!R:5],585
867,[C&D1&v4&H2&+0&!R&z0:1]=[C&D2&v4&H1&+0&!R&z0:2]-[C&D2&v4&H2&+0&!R&z0:3].[O&D1&v2&H1&+0&!R:4].[c&D3&v4&H0&+0&R&z0:5]1:[c&D2&v4&H1&+0&R&z0:6]:[c&D2&v4&H1&+0&R&z0:7]:[c&D2&v4&H1&+0&R&z1:8]:[n&D3&v4&H0&+&R:9]:[c&D2&v4&H1&+0&R&z1:10]:1>>[C&D2&v4&H1&+0&!R&z0:3]=[C&D2&v4&H1&+0&!R&z0:2]-[C&D2&v4&H2&+0&!R&z1:1]-[O&D2&v2&H0&+0&!R:4].[C&D3&v4&H0&+0&R&z0:5]1=[C&D2&v4&H1&+0&R&z1:10]-[N&D3&v3&H0&+0&R:9]-[C&D2&v4&H1&+0&R&z1:8]=[C&D2&v4&H1&+0&R&z0:7]-[C&D2&v4&H2&+0&R&z0:6]-1,636
868,[C&D3&v4&H1&+0&!R&z0:1]-[C&D1&v4&H3&+0&!R&z0:2].[S&D2&v2&H0&+0&!R:3]>>[C&D1&v4&H3&+0&!R&z1:2]-[S&D3&v3&H0&+&!R:3].[C&D2&v4&H2&+0&!R&z0:1],371
869,[C&D2&v4&H2&+0&R&z0:1].[O&D1&v2&H0&+0&!R:2]=[C&D2&v4&H0&+0&!R&z2:3]=[O&D1&v2&H0&+0&!R:4].[O&D1&v2&H1&+0&!R:5]>>[C&D3&v4&H1&+0&R&z0:1]-[C&D3&v4&H0&+0&!R&z2:3](=[O&D1&v2&H0&+0&!R:4])-[O&D2&v2&H0&+0&!R:5].[O&D0&v2&H2&+0&!R:2],306
870,[C&D1&v4&H3&+0&!R&z0:1].[C&D1&v4&H3&+0&!R&z1:2]-[S&D3&v3&H0&+&!R:3]>>[C&D2&v4&H2&+0&!R&z0:1]-[C&D1&v4&H3&+0&!R&z0:2].[S&D2&v2&H0&+0&!R:3],588
871,[C&D2&v4&H2&+0&R&z0:1].[O&D1&v2&H0&+0&!R:2]=[C&D2&v4&H0&+0&!R&z2:3]>>[C&D3&v4&H1&+0&R&z0:1]-[C&D3&v4&H0&+0&!R&z2:3]-[O&D1&v2&H1&+0&!R:2],439
872,[C&D3&v4&H1&+0&R&z0:1]-[C&D3&v4&H0&+0&!R&z2:2]-[O&D1&v2&H1&+0&!R:3]>>[C&D2&v4&H2&+0&R&z0:1].[O&D1&v2&H0&+0&!R:3]=[C&D2&v4&H0&+0&!R&z2:2],1009
873,[C&D2&v4&H2&+0&!R&z0:1]-[C&D1&v4&H3&+0&!R&z0:2].[c&D3&v4&H0&+0&R&z0:3]1:[c&D2&v4&H1&+0&R&z0:4]:[c&D2&v4&H1&+0&R&z0:5]:[c&D2&v4&H1&+0&R&z1:6]:[n&D3&v4&H0&+&R:7]:[c&D2&v4&H1&+0&R&z1:8]:1>>[C&D1&v4&H2&+0&!R&z0:2]=[C&D2&v4&H1&+0&!R&z0:1].[C&D3&v4&H0&+0&R&z0:3]1=[C&D2&v4&H1&+0&R&z1:8]-[N&D3&v3&H0&+0&R:7]-[C&D2&v4&H1&+0&R&z1:6]=[C&D2&v4&H1&+0&R&z0:5]-[C&D2&v4&H2&+0&R&z0:4]-1,663
874,[C&D3&v4&H1&+0&R&z0:1]-[C&D3&v4&H0&+0&!R&z2:2]-[O&D2&v2&H0&+0&!R:3].[O&D0&v2&H2&+0&!R:4]>>[C&D2&v4&H2&+0&R&z0:1].[O&D1&v2&H0&+0&!R:4]=[C&D2&v4&H0&+0&!R&z2:2].[O&D1&v2&H1&+0&!R:3],746
875,[C&D1&v4&H2&+0&!R&z0:1]=[C&D2&v4&H1&+0&!R&z0:2].[O&D0&v2&H2&+0&!R:3]>>[C&D3&v4&H1&+0&!R&z1:2](-[C&D1&v4&H3&+0&!R&z0:1])-[O&D1&v2&H1&+0&!R:3],703
876,[C&D2&v4&H2&+0&!R&z0:1]-[C&D1&v4&H3&+0&!R&z0:2].[S&D2&v2&H0&+0&!R:3]>>[C&D1&v4&H3&+0&!R&z0:1].[C&D1&v4&H3&+0&!R&z1:2]-[S&D3&v3&H0&+&!R:3],371
877,[C&D1&v4&H3&+0&!R&z1:1]-[S&D3&v3&H0&+&!R:2].[C&D2&v4&H2&+0&!R&z0:3]>>[C&D3&v4&H1&+0&!R&z0:3]-[C&D1&v4&H3&+0&!R&z0:1].[S&D2&v2&H0&+0&!R:2],588
878,[C&D1&v4&H2&+0&!R&z0:1]=[C&D2&v4&H1&+0&!R&z0:2].[O&D1&v2&H0&+0&!R:3]=[O&D1&v2&H0&+0&!R:4]>>[C&D1&v4&H2&+0&!R&z1:1]=[O&D1&v2&H0&+0&!R:3].[C&D2&v4&H1&+0&!R&z1:2]=[O&D1&v2&H0&+0&!R:4],213
879,[C&D1&v4&H2&+0&!R&z0:1]=[C&D2&v4&H1&+0&!R&z0:2].[O&D1&v2&H0&+0&!R:3]=[O&D1&v2&H0&+0&!R:4]>>[C&D1&v4&H2&+0&!R&z1:1]=[O&D1&v2&H0&+0&!R:3].[O&D1&v2&H0&+0&!R:4]=[C&D2&v4&H1&+0&!R&z1:2],213
880,[C&D1&v4&H2&+0&!R&z1:1].[C&D1&v4&H2&+0&!R&z1:2]=[O&D1&v2&H0&+0&!R:3].[O&D0&v2&H2&+0&!R:4]>>[C&D1&v4&H3&+0&!R&z1:2]-[O&D1&v2&H1&+0&!R:3].[C&D2&v4&H1&+0&!R&z2:1]-[O&D1&v2&H1&+0&!R:4],283
881,[C&D1&v4&H2&+0&!R&z1:1]=[O&D1&v2&H0&+0&!R:2].[S&D1&v2&H1&+0&!R:3]>>[S&D2&v2&H0&+0&!R:3]-[C&D2&v4&H2&+0&!R&z2:1]-[O&D1&v2&H1&+0&!R:2],570
882,[C&D1&v4&H2&+0&!R&z1:1]=[O&D1&v2&H0&+0&!R:2].[C&D3&v4&H1&+0&!R&z0:3]>>[C&D4&v4&H0&+0&!R&z0:3]-[C&D2&v4&H2&+0&!R&z1:1]-[O&D1&v2&H1&+0&!R:2],439
883,[C&D1&v4&H2&+0&!R&z1:1]=[O&D1&v2&H0&+0&!R:2].[C&D3&v4&H1&+0&!R&z1:3]>>[C&D4&v4&H0&+0&!R&z1:3]-[C&D2&v4&H2&+0&!R&z1:1]-[O&D1&v2&H1&+0&!R:2],439
884,[C&D1&v4&H2&+0&!R&z1:1]=[O&D1&v2&H0&+0&!R:2].([N&D2&v3&H1&+0&!R:3].[N&D2&v3&H1&+0&R:4])>>[N&D3&v3&H0&+0&R:4]-[C&D2&v4&H2&+0&R&z2:1]-[N&D3&v3&H0&+0&R:3].[O&D0&v2&H2&+0&!R:2],807
885,[C&D1&v4&H2&+0&!R&z1:1]=[O&D1&v2&H0&+0&!R:2].[N&D3&v3&H0&+0&!R:3].[O&D0&v2&H2&+0&!R:4].[c&D3&v4&H0&+0&R&z0:5]1:[c&D2&v4&H1&+0&R&z0:6]:[c&D2&v4&H1&+0&R&z0:7]:[c&D2&v4&H1&+0&R&z1:8]:[n&D3&v4&H0&+&R:9]:[c&D2&v4&H1&+0&R&z1:10]:1>>[C&D1&v4&H3&+0&!R&z1:1]-[N&D4&v4&H0&+&!R:3].[C&D3&v4&H0&+0&R&z0:5]1=[C&D2&v4&H1&+0&R&z1:10]-[N&D3&v3&H0&+0&R:9]-[C&D2&v4&H1&+0&R&z1:8]=[C&D2&v4&H1&+0&R&z0:7]-[C&D2&v4&H2&+0&R&z0:6]-1.[O&D1&v2&H0&+0&!R:4]=[O&D1&v2&H0&+0&!R:2],17
886,[C&D1&v4&H2&+0&!R&z1:1]=[O&D1&v2&H0&+0&!R:2].[N&D1&v3&H2&+0&!R:3].[O&D0&v2&H2&+0&!R:4].[c&D3&v4&H0&+0&R&z0:5]1:[c&D2&v4&H1&+0&R&z0:6]:[c&D2&v4&H1&+0&R&z0:7]:[c&D2&v4&H1&+0&R&z1:8]:[n&D3&v4&H0&+&R:9]:[c&D2&v4&H1&+0&R&z1:10]:1>>[C&D1&v4&H3&+0&!R&z1:1]-[N&D2&v3&H1&+0&!R:3].[C&D3&v4&H0&+0&R&z0:5]1=[C&D2&v4&H1&+0&R&z1:10]-[N&D3&v3&H0&+0&R:9]-[C&D2&v4&H1&+0&R&z1:8]=[C&D2&v4&H1&+0&R&z0:7]-[C&D2&v4&H2&+0&R&z0:6]-1.[O&D1&v2&H0&+0&!R:4]=[O&D1&v2&H0&+0&!R:2],638
887,[C&D1&v4&H2&+0&!R&z1:1]=[O&D1&v2&H0&+0&!R:2].[C&D3&v4&H0&+0&!R&z2:3]-[O&D1&v2&H1&+0&!R:4].[O&D1&v2&H0&+0&!R:5]=[C&D2&v4&H0&+0&!R&z2:6].[O&D1&v2&H1&+0&!R:7]>>[C&D1&v4&H3&+0&!R&z1:1]-[O&D2&v2&H0&+0&!R:7].[C&D3&v4&H0&+0&!R&z1:3]-[C&D3&v4&H0&+0&!R&z2:6]-[O&D1&v2&H1&+0&!R:5].[O&D1&v2&H0&+0&!R:4]=[O&D1&v2&H0&+0&!R:2],513
888,[C&D1&v4&H2&+0&!R&z1:1]=[O&D1&v2&H0&+0&!R:2].[N&D3&v3&H0&+0&R:3].[O&D0&v2&H2&+0&!R:4].[c&D3&v4&H0&+0&R&z0:5]1:[c&D2&v4&H1&+0&R&z0:6]:[c&D2&v4&H1&+0&R&z0:7]:[c&D2&v4&H1&+0&R&z1:8]:[n&D3&v4&H0&+&R:9]:[c&D2&v4&H1&+0&R&z1:10]:1>>[C&D1&v4&H3&+0&!R&z1:1]-[N&D4&v4&H0&+&R:3].[C&D3&v4&H0&+0&R&z0:5]1=[C&D2&v4&H1&+0&R&z1:10]-[N&D3&v3&H0&+0&R:9]-[C&D2&v4&H1&+0&R&z1:8]=[C&D2&v4&H1&+0&R&z0:7]-[C&D2&v4&H2&+0&R&z0:6]-1.[O&D1&v2&H0&+0&!R:4]=[O&D1&v2&H0&+0&!R:2],17
889,[C&D1&v4&H2&+0&!R&z1:1]=[O&D1&v2&H0&+0&!R:2].[N&D2&v3&H1&+0&!R:3].[O&D1&v2&H1&+0&!R:4]-[O&D1&v2&H1&+0&!R:5]>>[C&D1&v4&H3&+0&!R&z1:1]-[N&D3&v3&H0&+0&!R:3].[O&D0&v2&H2&+0&!R:2].[O&D1&v2&H0&+0&!R:4]=[O&D1&v2&H0&+0&!R:5],294
890,[C&D1&v4&H2&+0&!R&z1:1]=[O&D1&v2&H0&+0&!R:2].[O&D0&v2&H2&+0&!R:3].[O&D1&v2&H1&+0&!R:4].[c&D3&v4&H0&+0&R&z0:5]1:[c&D2&v4&H1&+0&R&z0:6]:[c&D2&v4&H1&+0&R&z0:7]:[c&D2&v4&H1&+0&R&z1:8]:[n&D3&v4&H0&+&R:9]:[c&D2&v4&H1&+0&R&z1:10]:1>>[C&D1&v4&H3&+0&!R&z1:1]-[O&D2&v2&H0&+0&!R:4].[C&D3&v4&H0&+0&R&z0:5]1=[C&D2&v4&H1&+0&R&z1:10]-[N&D3&v3&H0&+0&R:9]-[C&D2&v4&H1&+0&R&z1:8]=[C&D2&v4&H1&+0&R&z0:7]-[C&D2&v4&H2&+0&R&z0:6]-1.[O&D1&v2&H0&+0&!R:2]=[O&D1&v2&H0&+0&!R:3],216
891,[C&D1&v4&H2&+0&!R&z1:1]=[O&D1&v2&H0&+0&!R:2].[C&D2&v4&H1&+0&!R&z1:3]=[O&D1&v2&H0&+0&!R:4]>>[C&D1&v4&H2&+0&!R&z0:1]=[C&D2&v4&H1&+0&!R&z0:3].[O&D1&v2&H0&+0&!R:2]=[O&D1&v2&H0&+0&!R:4],31
892,[C&D1&v4&H2&+0&!R&z1:1]=[O&D1&v2&H0&+0&!R:2].[O&D0&v2&H2&+0&!R:3].[S&D1&v2&H1&+0&!R:4].[c&D3&v4&H0&+0&R&z0:5]1:[c&D2&v4&H1&+0&R&z0:6]:[c&D2&v4&H1&+0&R&z0:7]:[c&D2&v4&H1&+0&R&z1:8]:[n&D3&v4&H0&+&R:9]:[c&D2&v4&H1&+0&R&z1:10]:1>>[C&D1&v4&H3&+0&!R&z1:1]-[S&D2&v2&H0&+0&!R:4].[C&D3&v4&H0&+0&R&z0:5]1=[C&D2&v4&H1&+0&R&z1:10]-[N&D3&v3&H0&+0&R:9]-[C&D2&v4&H1&+0&R&z1:8]=[C&D2&v4&H1&+0&R&z0:7]-[C&D2&v4&H2&+0&R&z0:6]-1.[O&D1&v2&H0&+0&!R:3]=[O&D1&v2&H0&+0&!R:2],509
893,[C&D1&v4&H2&+0&!R&z1:1]=[O&D1&v2&H0&+0&!R:2].[O&D0&v2&H2&+0&!R:3].[c&D3&v4&H0&+0&R&z0:4]1:[c&D2&v4&H1&+0&R&z0:5]:[c&D2&v4&H1&+0&R&z0:6]:[c&D2&v4&H1&+0&R&z1:7]:[n&D3&v4&H0&+&R:8]:[c&D2&v4&H1&+0&R&z1:9]:1.[n&D2&v3&H1&+0&R:10]>>[C&D1&v4&H3&+0&!R&z1:1]-[n&D3&v3&H0&+0&R:10].[C&D3&v4&H0&+0&R&z0:4]1=[C&D2&v4&H1&+0&R&z1:9]-[N&D3&v3&H0&+0&R:8]-[C&D2&v4&H1&+0&R&z1:7]=[C&D2&v4&H1&+0&R&z0:6]-[C&D2&v4&H2&+0&R&z0:5]-1.[O&D1&v2&H0&+0&!R:3]=[O&D1&v2&H0&+0&!R:2],638
894,[C&D1&v4&H2&+0&!R&z1:1]=[O&D1&v2&H0&+0&!R:2].[O&D0&v2&H2&+0&!R:3].[c&D3&v4&H0&+0&R&z0:4]1:[c&D2&v4&H1&+0&R&z0:5]:[c&D2&v4&H1&+0&R&z0:6]:[c&D2&v4&H1&+0&R&z1:7]:[n&D3&v4&H0&+&R:8]:[c&D2&v4&H1&+0&R&z1:9]:1.[n&D2&v3&H1&+0&R:10]>>[C&D3&v4&H0&+0&R&z0:4]1=[C&D2&v4&H1&+0&R&z1:9]-[N&D3&v3&H0&+0&R:8]-[C&D2&v4&H1&+0&R&z1:7]=[C&D2&v4&H1&+0&R&z0:6]-[C&D2&v4&H2&+0&R&z0:5]-1.[O&D1&v2&H0&+0&!R:3]=[O&D1&v2&H0&+0&!R:2].[n&D3&v3&H0&+0&R:10]-[C&D1&v4&H3&+0&!R&z1:1],638
895,[C&D1&v4&H2&+0&!R&z1:1]=[O&D1&v2&H0&+0&!R:2].[C&D3&v4&H0&+0&R&z0:3]1=[C&D2&v4&H1&+0&R&z1:4]-[N&D3&v3&H0&+0&R:5]-[C&D2&v4&H1&+0&R&z1:6]=[C&D2&v4&H1&+0&R&z0:7]-[C&D2&v4&H2&+0&R&z0:8]-1.[N&D0&v3&H3&+0&!R:9]>>[C&D1&v4&H3&+0&!R&z1:1]-[N&D1&v3&H2&+0&!R:9].[O&D0&v2&H2&+0&!R:2].[c&D3&v4&H0&+0&R&z0:3]1:[c&D2&v4&H1&+0&R&z0:8]:[c&D2&v4&H1&+0&R&z0:7]:[c&D2&v4&H1&+0&R&z1:6]:[n&D3&v4&H0&+&R:5]:[c&D2&v4&H1&+0&R&z1:4]:1,520
896,[C&D1&v4&H2&+0&!R&z1:1]=[O&D1&v2&H0&+0&!R:2].[N&D0&v3&H3&+0&!R:3].[O&D1&v2&H1&+0&!R:4]-[O&D1&v2&H1&+0&!R:5]>>[C&D1&v4&H3&+0&!R&z1:1]-[N&D1&v3&H2&+0&!R:3].[O&D0&v2&H2&+0&!R:2].[O&D1&v2&H0&+0&!R:4]=[O&D1&v2&H0&+0&!R:5],294
897,[C&D1&v4&H2&+0&!R&z1:1]=[O&D1&v2&H0&+0&!R:2].[C&D3&v4&H0&+0&R&z0:3]1=[C&D2&v4&H1&+0&R&z1:4]-[N&D3&v3&H0&+0&R:5]-[C&D2&v4&H1&+0&R&z1:6]=[C&D2&v4&H1&+0&R&z0:7]-[C&D2&v4&H2&+0&R&z0:8]-1>>[C&D1&v4&H3&+0&!R&z1:1]-[O&D1&v2&H1&+0&!R:2].[c&D3&v4&H0&+0&R&z0:3]1:[c&D2&v4&H1&+0&R&z0:8]:[c&D2&v4&H1&+0&R&z0:7]:[c&D2&v4&H1&+0&R&z1:6]:[n&D3&v4&H0&+&R:5]:[c&D2&v4&H1&+0&R&z1:4]:1,559
898,[C&D1&v4&H2&+0&!R&z1:1]=[O&D1&v2&H0&+0&!R:2].[O&D0&v2&H2&+0&!R:3].[S&D3&v4&H0&+0&!R:4]-[O&D1&v2&H1&+0&!R:5].[c&D3&v4&H0&+0&R&z0:6]1:[c&D2&v4&H1&+0&R&z0:7]:[c&D2&v4&H1&+0&R&z0:8]:[c&D2&v4&H1&+0&R&z1:9]:[n&D3&v4&H0&+&R:10]:[c&D2&v4&H1&+0&R&z1:11]:1>>[C&D1&v4&H3&+0&!R&z1:1]-[S&D4&v6&H0&+0&!R:4]=[O&D1&v2&H0&+0&!R:5].[C&D3&v4&H0&+0&R&z0:6]1=[C&D2&v4&H1&+0&R&z1:11]-[N&D3&v3&H0&+0&R:10]-[C&D2&v4&H1&+0&R&z1:9]=[C&D2&v4&H1&+0&R&z0:8]-[C&D2&v4&H2&+0&R&z0:7]-1.[O&D1&v2&H0&+0&!R:2]=[O&D1&v2&H0&+0&!R:3],522
899,[C&D1&v4&H2&+0&!R&z1:1].[O&D0&v2&H2&+0&!R:2].[c&D3&v4&H0&+0&R&z0:3]1:[c&D2&v4&H1&+0&R&z0:4]:[c&D2&v4&H1&+0&R&z0:5]:[c&D2&v4&H1&+0&R&z1:6]:[n&D3&v4&H0&+&R:7]:[c&D2&v4&H1&+0&R&z1:8]:1>>[C&D2&v4&H1&+0&!R&z2:1]-[O&D1&v2&H1&+0&!R:2].[C&D3&v4&H0&+0&R&z0:3]1=[C&D2&v4&H1&+0&R&z1:8]-[N&D3&v3&H0&+0&R:7]-[C&D2&v4&H1&+0&R&z1:6]=[C&D2&v4&H1&+0&R&z0:5]-[C&D2&v4&H2&+0&R&z0:4]-1,819
900,[C&D1&v4&H2&+0&!R&z1:1]=[O&D1&v2&H0&+0&!R:2].[N&D1&v3&H2&+0&!R:3].[O&D1&v2&H1&+0&!R:4]-[O&D1&v2&H1&+0&!R:5]>>[C&D1&v4&H3&+0&!R&z1:1]-[N&D2&v3&H1&+0&!R:3].[O&D0&v2&H2&+0&!R:2].[O&D1&v2&H0&+0&!R:4]=[O&D1&v2&H0&+0&!R:5],294
901,[C&D1&v4&H2&+0&!R&z1:1]=[O&D1&v2&H0&+0&!R:2].([N&D1&v3&H2&+0&!R:3].[c&D2&v4&H1&+0&R&z0:4])>>[O&D0&v2&H2&+0&!R:2].[c&D3&v4&H0&+0&R&z0:4]-[C&D2&v4&H2&+0&R&z1:1]-[N&D2&v3&H1&+0&R:3],497
902,[C&D1&v4&H2&+0&!R&z1:1]=[O&D1&v2&H0&+0&!R:2].[O&D0&v2&H2&+0&!R:3].[O&D0&v2&H2&+0&!R:4]>>[C&D1&v4&H3&+0&!R&z1:1]-[O&D1&v2&H1&+0&!R:2].[O&D1&v2&H1&+0&!R:3]-[O&D1&v2&H1&+0&!R:4],890
903,[C&D1&v4&H2&+0&!R&z1:1]=[O&D1&v2&H0&+0&!R:2].[C&D2&v4&H2&+0&!R&z1:3]>>[C&D3&v4&H1&+0&!R&z1:3]-[C&D2&v4&H2&+0&!R&z1:1]-[O&D1&v2&H1&+0&!R:2],439
904,[C&D1&v4&H2&+0&!R&z1:1].[C&D3&v4&H1&+0&!R&z1:2]-[C&D3&v4&H1&+0&!R&z1:3]>>[C&D2&v4&H1&+0&!R&z1:1]-[C&D3&v4&H1&+0&!R&z1:3].[C&D2&v4&H2&+0&!R&z1:2],686
905,[C&D1&v4&H2&+0&!R&z1:1]=[O&D1&v2&H0&+0&!R:2].[O&D1&v2&H0&+0&!R:3]=[C&D2&v4&H1&+0&!R&z1:4]>>[C&D1&v4&H2&+0&!R&z0:1]=[C&D2&v4&H1&+0&!R&z0:4].[O&D1&v2&H0&+0&!R:2]=[O&D1&v2&H0&+0&!R:3],31
906,[C&D1&v4&H2&+0&!R&z1:1]=[O&D1&v2&H0&+0&!R:2].[O&D1&v2&H1&+0&!R:3]-[O&D1&v2&H1&+0&!R:4].[S&D0&v2&H2&+0&!R:5]>>[C&D1&v4&H3&+0&!R&z1:1]-[S&D1&v2&H1&+0&!R:5].[O&D0&v2&H2&+0&!R:2].[O&D1&v2&H0&+0&!R:3]=[O&D1&v2&H0&+0&!R:4],318
907,[C&D3&v4&H0&+0&!R&z0:1]=[C&D2&v4&H1&+0&!R&z0:2].[N&D0&v3&H3&+0&!R:3]>>[C&D3&v4&H1&+0&!R&z0:1]-[C&D3&v4&H1&+0&!R&z1:2]-[N&D1&v3&H2&+0&!R:3],875
908,[C&D3&v4&H0&+0&!R&z0:1]=[C&D2&v4&H1&+0&!R&z0:2].[O&D0&v2&H2&+0&!R:3]>>[C&D3&v4&H1&+0&!R&z0:1]-[C&D3&v4&H1&+0&!R&z1:2]-[O&D1&v2&H1&+0&!R:3],703
909,([C&D3&v4&H0&+0&!R&z2:1]-[O&D1&v2&H1&+0&!R:2].[C&D3&v4&H0&+0&!R&z2:3]-[S&D2&v2&H0&+0&!R:4])>>([C&D3&v4&H0&+0&!R&z2:3]-[O&D1&v2&H1&+0&!R:2].[C&D3&v4&H0&+0&!R&z2:1]-[S&D2&v2&H0&+0&!R:4]),53
910,[C&D1&v4&H3&+0&!R&z1:1]-[S&D3&v3&H0&+&!R:2].[O&D1&v2&H1&+0&!R:3]>>[C&D1&v4&H3&+0&!R&z1:1]-[O&D2&v2&H0&+0&!R:3].[S&D2&v2&H0&+0&!R:2],563
911,[C&D2&v4&H1&+0&!R&z0:1]-[C&D3&v4&H0&+0&!R&z2:2]-[O&D1&v2&H1&+0&!R:3]>>[C&D1&v4&H2&+0&!R&z0:1].[O&D1&v2&H0&+0&!R:3]=[C&D2&v4&H0&+0&!R&z2:2],1009
912,[C&D2&v4&H2&+0&!R&z0:1]-[C&D3&v4&H0&+0&!R&z2:2].[P&D4&v5&H0&+0&!R:3]-[O&D1&v2&H1&+0&!R:4].[P&D4&v5&H0&+0&!R:5]-[O&D1&v2&H1&+0&!R:6]>>[C&D1&v4&H3&+0&!R&z0:1].[C&D3&v4&H0&+0&!R&z3:2]-[O&D1&v2&H1&+0&!R:6].[P&D4&v5&H0&+0&!R:3]-[O&D2&v2&H0&+0&!R:4]-[P&D4&v5&H0&+0&!R:5],299
913,[C&D3&v4&H0&+0&!R&z0:1]-[C&D3&v4&H0&+0&!R&z1:2]=[O&D1&v2&H0&+0&!R:3].[O&D0&v2&H2&+0&!R:4]>>[C&D2&v4&H1&+0&!R&z0:1].[C&D3&v4&H0&+0&!R&z2:2](=[O&D1&v2&H0&+0&!R:3])-[O&D1&v2&H1&+0&!R:4],668
914,[C&D3&v4&H0&+0&!R&z0:1](=[C&D2&v4&H1&+0&!R&z0:2]-[C&D2&v4&H1&+0&!R&z0:3]=[C&D3&v4&H0&+0&!R&z1:4]-[C&D3&v4&H0&+0&!R&z2:5]=[O&D1&v2&H0&+0&!R:6])-[C&D3&v4&H0&+0&!R&z1:7]=[O&D1&v2&H0&+0&!R:8]>>[O&D1&v2&H0&+0&!R:6]=[O&D1&v2&H0&+0&!R:8].[c&D3&v4&H0&+0&R&z0:1]1:[c&D2&v4&H1&+0&R&z0:2]:[c&D2&v4&H1&+0&R&z0:3]:[c&D3&v4&H0&+0&R&z1:4]:[c&D3&v4&H0&+0&R&z1:5]:[c&D3&v4&H0&+0&R&z0:7]:1,582
915,[C&D3&v4&H0&+0&!R&z2:1]-[O&D1&v2&H1&+0&!R:2].[C&D3&v4&H1&+0&R&z1:3]1-[O&D2&v2&H0&+0&R:4]-[C&D4&v4&H0&+0&R&z1:5]-1.[O&D1&v2&H0&+0&!R:6]=[C&D2&v4&H0&+0&!R&z2:7]>>[C&D3&v4&H0&+0&!R&z0:5]=[C&D2&v4&H1&+0&!R&z0:3].[C&D3&v4&H0&+0&!R&z1:1]-[C&D3&v4&H0&+0&!R&z2:7]-[O&D1&v2&H1&+0&!R:6].[O&D1&v2&H0&+0&!R:2]=[O&D1&v2&H0&+0&!R:4],203
916,([C&D3&v4&H1&+0&R&z0:1].[O&D1&v2&H1&+0&!R:2]).[S&D2&v2&H0&+0&R:3]-[S&D2&v2&H0&+0&R:4]>>[O&D2&v2&H0&+0&R:2]-[C&D4&v4&H0&+0&R&z1:1].([S&D1&v2&H1&+0&!R:3].[S&D1&v2&H1&+0&!R:4]),353
917,[O&D2&v2&H0&+0&R:1]-[C&D4&v4&H0&+0&R&z1:2].([S&D1&v2&H1&+0&!R:3].[S&D1&v2&H1&+0&!R:4])>>([C&D3&v4&H1&+0&R&z0:2].[O&D1&v2&H1&+0&!R:1]).[S&D2&v2&H0&+0&R:3]-[S&D2&v2&H0&+0&R:4],991
918,[C&D3&v4&H0&+0&R&z0:1]1=[C&D2&v4&H1&+0&R&z1:2]-[N&D3&v3&H0&+0&R:3]-[C&D2&v4&H1&+0&R&z1:4]=[C&D2&v4&H1&+0&R&z0:5]-[C&D2&v4&H2&+0&R&z0:6]-1.[C&D3&v4&H0&+0&R&z0:7]1=[C&D3&v4&H0&+0&R&z0:8]-[C&D3&v4&H0&+0&R&z1:9](=[O&D1&v2&H0&+0&!R:10])-[c&D3&v4&H0&+0&R&z0:11]:[c&D3&v4&H0&+0&R&z0:12]-[C&D3&v4&H0&+0&R&z1:13]-1=[O&D1&v2&H0&+0&!R:14]>>[c&D3&v4&H0&+0&R&z0:1]1:[c&D2&v4&H1&+0&R&z0:6]:[c&D2&v4&H1&+0&R&z0:5]:[c&D2&v4&H1&+0&R&z1:4]:[n&D3&v4&H0&+&R:3]:[c&D2&v4&H1&+0&R&z1:2]:1.[c&D3&v4&H0&+0&R&z0:7]1:[c&D3&v4&H0&+0&R&z0:8]:[c&D3&v4&H0&+0&R&z1:9](-[O&D1&v2&H1&+0&!R:10]):[c&D3&v4&H0&+0&R&z0:11]:[c&D3&v4&H0&+0&R&z0:12]:[c&D3&v4&H0&+0&R&z1:13]:1-[O&D1&v2&H1&+0&!R:14],728
919,[C&D3&v4&H0&+0&R&z0:1]1=[C&D2&v4&H1&+0&R&z0:2]-[C&D3&v4&H0&+0&R&z1:3](=[O&D1&v2&H0&+0&!R:4])-[c&D3&v4&H0&+0&R&z0:5]:[c&D3&v4&H0&+0&R&z0:6]-[C&D3&v4&H0&+0&R&z1:7]-1=[O&D1&v2&H0&+0&!R:8].[C&D3&v4&H0&+0&R&z0:9]1=[C&D2&v4&H1&+0&R&z1:10]-[N&D3&v3&H0&+0&R:11]-[C&D2&v4&H1&+0&R&z1:12]=[C&D2&v4&H1&+0&R&z0:13]-[C&D2&v4&H2&+0&R&z0:14]-1>>[c&D3&v4&H0&+0&R&z0:9]1:[c&D2&v4&H1&+0&R&z0:14]:[c&D2&v4&H1&+0&R&z0:13]:[c&D2&v4&H1&+0&R&z1:12]:[n&D3&v4&H0&+&R:11]:[c&D2&v4&H1&+0&R&z1:10]:1.[c&D3&v4&H0&+0&R&z0:1]1:[c&D2&v4&H1&+0&R&z0:2]:[c&D3&v4&H0&+0&R&z1:3](-[O&D1&v2&H1&+0&!R:4]):[c&D3&v4&H0&+0&R&z0:5]:[c&D3&v4&H0&+0&R&z0:6]:[c&D3&v4&H0&+0&R&z1:7]:1-[O&D1&v2&H1&+0&!R:8],728
920,[C&D2&v4&H2&+0&!R&z0:1]-[C&D3&v4&H0&+0&R&z0:2].[O&D1&v2&H0&+0&!R:3]=[C&D2&v4&H0&+0&!R&z2:4].[O&D1&v2&H1&+0&!R:5]>>[C&D2&v4&H2&+0&!R&z1:1]-[O&D2&v2&H0&+0&!R:5].[C&D3&v4&H0&+0&!R&z2:4](-[O&D1&v2&H1&+0&!R:3])-[C&D3&v4&H0&+0&R&z0:2],701
921,[C&D3&v4&H0&+0&!R&z0:1]=[C&D2&v4&H1&+0&!R&z0:2].[O&D0&v2&H2&+0&!R:3]>>[C&D3&v4&H1&+0&!R&z1:2](-[O&D1&v2&H1&+0&!R:3])-[C&D3&v4&H1&+0&!R&z0:1],703
922,[C&D3&v4&H0&+0&!R&z0:1]=[C&D2&v4&H1&+0&!R&z0:2].[O&D1&v2&H1&+0&!R:3]-[O&D1&v2&H1&+0&!R:4]>>[C&D3&v4&H1&+0&!R&z0:1]-[C&D2&v4&H2&+0&!R&z0:2].[O&D1&v2&H0&+0&!R:3]=[O&D1&v2&H0&+0&!R:4],976
923,[C&D3&v4&H0&+0&!R&z0:1]=[C&D2&v4&H1&+0&!R&z0:2].[O&D1&v2&H1&+0&!R:3]-[O&D1&v2&H1&+0&!R:4]>>[C&D2&v4&H2&+0&!R&z0:2]-[C&D3&v4&H1&+0&!R&z0:1].[O&D1&v2&H0&+0&!R:3]=[O&D1&v2&H0&+0&!R:4],976
924,[O&D2&v2&H0&+0&!R:1]-[C&D2&v4&H2&+0&!R&z1:2].[n&D2&v3&H1&+0&R:3]>>[O&D1&v2&H1&+0&!R:1].[n&D3&v3&H0&+0&R:3]-[C&D2&v4&H2&+0&!R&z1:2],175
925,[C&D3&v4&H0&+0&!R&z0:1]=[C&D2&v4&H1&+0&!R&z0:2].[C&D3&v4&H0&+0&R&z0:3]1=[C&D2&v4&H1&+0&R&z1:4]-[N&D3&v3&H0&+0&R:5]-[C&D2&v4&H1&+0&R&z1:6]=[C&D2&v4&H1&+0&R&z0:7]-[C&D2&v4&H2&+0&R&z0:8]-1>>[C&D3&v4&H1&+0&!R&z0:1]-[C&D2&v4&H2&+0&!R&z0:2].[c&D3&v4&H0&+0&R&z0:3]1:[c&D2&v4&H1&+0&R&z0:8]:[c&D2&v4&H1&+0&R&z0:7]:[c&D2&v4&H1&+0&R&z1:6]:[n&D3&v4&H0&+&R:5]:[c&D2&v4&H1&+0&R&z1:4]:1,515
926,([C&D3&v4&H1&+0&R&z0:1](-[C&D3&v4&H0&+0&R&z0:2]=[C&D2&v4&H1&+0&R&z0:3])-[C&D4&v4&H0&+0&R&z0:4]-[C&D3&v4&H1&+0&R&z0:5]-[C&D4&v4&H0&+0&R&z0:6]-[C&D2&v4&H2&+0&R&z0:7].[O&D1&v2&H1&+0&!R:8]).[P&D4&v5&H0&+0&!R:9]-[O&D1&v2&H1&+0&!R:10]>>([C&D2&v4&H2&+0&!R&z0:3]-[C&D3&v4&H0&+0&!R&z0:2]=[C&D2&v4&H1&+0&!R&z0:1].[C&D3&v4&H0&+0&!R&z0:6]=[C&D2&v4&H1&+0&!R&z0:7].[C&D3&v4&H0&+0&!R&z0:4]=[C&D2&v4&H1&+0&!R&z0:5].[O&D2&v2&H0&+0&!R:8]-[P&D4&v5&H0&+0&!R:9]).[O&D0&v2&H2&+0&!R:10],715
927,[C&D3&v4&H1&+0&R&z0:1](-[C&D4&v4&H0&+0&R&z0:2]-[C&D2&v4&H2&+0&R&z0:3])-[C&D4&v4&H0&+0&R&z1:4]-[O&D1&v2&H1&+0&!R:5]>>([C&D3&v4&H0&+0&!R&z0:2]=[C&D2&v4&H1&+0&!R&z0:3].[C&D3&v4&H0&+0&!R&z0:4]=[C&D2&v4&H1&+0&!R&z0:1]).[O&D0&v2&H2&+0&!R:5],774
928,[C&D3&v4&H0&+0&!R&z2:1](=[O&D1&v2&H0&+0&!R:2])-[S&D2&v2&H0&+0&!R:3].[O&D1&v2&H1&+0&!R:4]>>[C&D3&v4&H0&+0&!R&z2:1](=[O&D1&v2&H0&+0&!R:2])-[O&D2&v2&H0&+0&!R:4].[S&D1&v2&H1&+0&!R:3],139
929,[C&D2&v4&H2&+0&!R&z1:1]-[O&D2&v2&H0&+0&!R:2].[n&D2&v3&H0&+0&R:3]>>[C&D2&v4&H2&+0&!R&z1:1]-[n&D3&v4&H0&+&R:3].[O&D1&v2&H1&+0&!R:2],285
930,[C&D1&v4&H3&+0&!R&z0:1]-[C&D3&v4&H0&+0&!R&z0:2]=[C&D2&v4&H1&+0&!R&z0:3]-[C&D2&v4&H2&+0&!R&z1:4]-[O&D2&v2&H0&+0&!R:5]>>[C&D1&v4&H2&+0&!R&z0:4]=[C&D2&v4&H1&+0&!R&z0:3]-[C&D3&v4&H0&+0&!R&z0:2]=[C&D1&v4&H2&+0&!R&z0:1].[O&D1&v2&H1&+0&!R:5],884
931,([C&D3&v4&H0&+0&!R&z0:1]=[C&D2&v4&H1&+0&!R&z0:2]-[C&D2&v4&H2&+0&!R&z1:3]-[O&D2&v2&H0&+0&!R:4].[O&D1&v2&H1&+0&!R:5])>>[C&D1&v4&H2&+0&!R&z0:3]=[C&D2&v4&H1&+0&!R&z0:2]-[C&D4&v4&H0&+0&R&z1:1]-[O&D2&v2&H0&+0&R:5].[O&D1&v2&H1&+0&!R:4],113
932,[C&D3&v4&H0&+0&!R&z0:1](=[C&D2&v4&H1&+0&!R&z0:2]-[C&D2&v4&H2&+0&!R&z1:3]-[O&D2&v2&H0&+0&!R:4])-[C&D2&v4&H2&+0&!R&z0:5]>>[C&D1&v4&H2&+0&!R&z0:3]=[C&D2&v4&H1&+0&!R&z0:2]-[C&D3&v4&H0&+0&!R&z0:1]=[C&D2&v4&H1&+0&!R&z0:5].[O&D1&v2&H1&+0&!R:4],884
933,[C&D3&v4&H1&+0&R&z0:1](-[C&D4&v4&H0&+0&R&z1:2]-[O&D1&v2&H1&+0&!R:3])-[C&D4&v4&H0&+0&R&z0:4]-[C&D3&v4&H1&+0&R&z0:5]-[C&D4&v4&H0&+0&R&z0:6]-[C&D2&v4&H2&+0&R&z0:7]>>([C&D3&v4&H0&+0&!R&z0:6]=[C&D2&v4&H1&+0&!R&z0:7].[C&D3&v4&H0&+0&!R&z0:4]=[C&D2&v4&H1&+0&!R&z0:5].[C&D3&v4&H0&+0&!R&z0:2]=[C&D2&v4&H1&+0&!R&z0:1]).[O&D0&v2&H2&+0&!R:3],580
934,[C&D3&v4&H1&+0&R&z0:1](-[C&D3&v4&H0&+0&R&z0:2]=[C&D2&v4&H1&+0&R&z0:3])-[C&D4&v4&H0&+0&R&z0:4]-[C&D3&v4&H1&+0&R&z0:5]-[C&D4&v4&H0&+0&R&z0:6]-[C&D2&v4&H2&+0&R&z0:7]>>([C&D2&v4&H2&+0&!R&z0:3]-[C&D3&v4&H0&+0&!R&z0:2]=[C&D2&v4&H1&+0&!R&z0:1].[C&D3&v4&H0&+0&!R&z0:6]=[C&D2&v4&H1&+0&!R&z0:7].[C&D3&v4&H0&+0&!R&z0:4]=[C&D2&v4&H1&+0&!R&z0:5]),516
935,[C&D2&v4&H2&+0&!R&z1:1]-[O&D2&v2&H0&+0&!R:2].[C&D3&v4&H0&+0&!R&z2:3](-[O&D1&v2&H1&+0&!R:4])-[C&D3&v4&H0&+0&R&z0:5]>>[C&D2&v4&H2&+0&!R&z0:1]-[C&D3&v4&H0&+0&R&z0:5].[O&D1&v2&H0&+0&!R:4]=[C&D2&v4&H0&+0&!R&z2:3].[O&D1&v2&H1&+0&!R:2],399
936,[C&D2&v4&H2&+0&!R&z1:1]-[n&D3&v4&H0&+&R:2].[O&D1&v2&H1&+0&!R:3]>>[C&D2&v4&H2&+0&!R&z1:1]-[O&D2&v2&H0&+0&!R:3].[n&D2&v3&H0&+0&R:2],222
937,[c&D3&v4&H0&+0&R&z0:1]1:[c&D2&v4&H1&+0&R&z0:2]:[c&D2&v4&H1&+0&R&z0:3]:[c&D2&v4&H1&+0&R&z1:4]:[n&D3&v4&H0&+&R:5]:[c&D2&v4&H1&+0&R&z1:6]:1.[c&D3&v4&H0&+0&R&z0:7]1:[c&D3&v4&H0&+0&R&z0:8]:[c&D3&v4&H0&+0&R&z1:9](-[O&D1&v2&H1&+0&!R:10]):[c&D3&v4&H0&+0&R&z0:11]:[c&D3&v4&H0&+0&R&z0:12]:[c&D3&v4&H0&+0&R&z1:13]:1-[O&D1&v2&H1&+0&!R:14]>>[C&D3&v4&H0&+0&R&z0:1]1=[C&D2&v4&H1&+0&R&z1:6]-[N&D3&v3&H0&+0&R:5]-[C&D2&v4&H1&+0&R&z1:4]=[C&D2&v4&H1&+0&R&z0:3]-[C&D2&v4&H2&+0&R&z0:2]-1.[C&D3&v4&H0&+0&R&z0:7]1=[C&D3&v4&H0&+0&R&z0:8]-[C&D3&v4&H0&+0&R&z1:9](=[O&D1&v2&H0&+0&!R:10])-[c&D3&v4&H0&+0&R&z0:11]:[c&D3&v4&H0&+0&R&z0:12]-[C&D3&v4&H0&+0&R&z1:13]-1=[O&D1&v2&H0&+0&!R:14],953
938,([O&D1&v2&H1&+0&!R:1].[O&D2&v2&H0&+0&R:2]-[C&D4&v4&H0&+0&R&z1:3])>>([C&D4&v4&H0&+0&R&z1:3]-[O&D2&v2&H0&+0&R:1].[O&D1&v2&H1&+0&!R:2]),201
939,([C&D4&v4&H0&+0&R&z1:1]-[O&D2&v2&H0&+0&R:2].[O&D1&v2&H1&+0&!R:3])>>([O&D1&v2&H1&+0&!R:2].[O&D2&v2&H0&+0&R:3]-[C&D4&v4&H0&+0&R&z1:1]),201
940,[C&D3&v4&H1&+0&R&z1:1]1-[O&D2&v2&H0&+0&R:2]-[C&D4&v4&H0&+0&R&z1:3]-1.[O&D0&v2&H2&+0&!R:4].[c&D3&v4&H0&+0&R&z0:5]1:[c&D2&v4&H1&+0&R&z0:6]:[c&D2&v4&H1&+0&R&z0:7]:[c&D2&v4&H1&+0&R&z1:8]:[n&D3&v4&H0&+&R:9]:[c&D2&v4&H1&+0&R&z1:10]:1>>[C&D3&v4&H0&+0&!R&z0:3]=[C&D2&v4&H1&+0&!R&z0:1].[C&D3&v4&H0&+0&R&z0:5]1=[C&D2&v4&H1&+0&R&z1:10]-[N&D3&v3&H0&+0&R:9]-[C&D2&v4&H1&+0&R&z1:8]=[C&D2&v4&H1&+0&R&z0:7]-[C&D2&v4&H2&+0&R&z0:6]-1.[O&D1&v2&H0&+0&!R:4]=[O&D1&v2&H0&+0&!R:2],459
941,([C&D3&v4&H0&+0&!R&z0:1]=[C&D2&v4&H1&+0&!R&z0:2].[O&D1&v2&H1&+0&!R:3])>>[O&D2&v2&H0&+0&R:3]-[C&D4&v4&H0&+0&R&z1:1]-[C&D2&v4&H2&+0&R&z0:2],412
942,[c&D3&v4&H0&+0&R&z0:1]1:[c&D2&v4&H1&+0&R&z0:2]:[c&D2&v4&H1&+0&R&z0:3]:[c&D2&v4&H1&+0&R&z1:4]:[n&D3&v4&H0&+&R:5]:[c&D2&v4&H1&+0&R&z1:6]:1.[c&D3&v4&H0&+0&R&z0:7]1:[c&D2&v4&H1&+0&R&z0:8]:[c&D3&v4&H0&+0&R&z1:9](-[O&D1&v2&H1&+0&!R:10]):[c&D3&v4&H0&+0&R&z0:11]:[c&D3&v4&H0&+0&R&z0:12]:[c&D3&v4&H0&+0&R&z1:13]:1-[O&D1&v2&H1&+0&!R:14]>>[C&D3&v4&H0&+0&R&z0:7]1=[C&D2&v4&H1&+0&R&z0:8]-[C&D3&v4&H0&+0&R&z1:9](=[O&D1&v2&H0&+0&!R:10])-[c&D3&v4&H0&+0&R&z0:11]:[c&D3&v4&H0&+0&R&z0:12]-[C&D3&v4&H0&+0&R&z1:13]-1=[O&D1&v2&H0&+0&!R:14].[C&D3&v4&H0&+0&R&z0:1]1=[C&D2&v4&H1&+0&R&z1:6]-[N&D3&v3&H0&+0&R:5]-[C&D2&v4&H1&+0&R&z1:4]=[C&D2&v4&H1&+0&R&z0:3]-[C&D2&v4&H2&+0&R&z0:2]-1,953
943,[N&D0&v3&H3&+0&!R:1].[N&D1&v3&H2&+0&!R:2].[O&D1&v2&H0&+0&!R:3]=[C&D2&v4&H0&+0&!R&z2:4]>>[N&D2&v3&H1&+0&!R:2]-[C&D3&v4&H0&+0&!R&z3:4]-[N&D1&v3&H2&+0&!R:1].[O&D0&v2&H2&+0&!R:3],812
944,[C&D3&v4&H0&+0&!R&z3:1]-[O&D1&v2&H1&+0&!R:2].[N&D1&v3&H2&+0&!R:3]>>[N&D2&v3&H1&+0&!R:3]-[C&D3&v4&H0&+0&!R&z3:1].[O&D0&v2&H2&+0&!R:2],175
945,[N&D2&v3&H1&+0&!R:1]-[C&D3&v4&H0&+0&!R&z3:2].[O&D0&v2&H2&+0&!R:3]>>[C&D3&v4&H0&+0&!R&z3:2]-[O&D1&v2&H1&+0&!R:3].[N&D1&v3&H2&+0&!R:1],587
946,[C&D3&v4&H0&+0&!R&z1:1]=[N&D1&v3&H1&+0&!R:2].[O&D0&v2&H2&+0&!R:3]>>[C&D3&v4&H0&+0&!R&z1:1]=[O&D1&v2&H0&+0&!R:3].[N&D0&v3&H3&+0&!R:2],195
947,[C&D1&v4&H3&+0&!R&z0:1]-[C&D3&v4&H0&+0&!R&z1:2]=[N&D1&v3&H1&+0&!R:3]>>[C&D1&v4&H2&+0&!R&z0:1]=[C&D3&v4&H0&+0&!R&z1:2]-[N&D1&v3&H2&+0&!R:3],376
948,[C&D3&v4&H0&+0&!R&z1:1]=[N&D2&v3&H0&+0&!R:2].[C&D3&v4&H0&+0&!R&z1:3]=[O&D1&v2&H0&+0&!R:4]>>[C&D3&v4&H0&+0&!R&z1:3]=[N&D2&v3&H0&+0&!R:2].[C&D3&v4&H0&+0&!R&z1:1]=[O&D1&v2&H0&+0&!R:4],790
949,([C&D1&v4&H3&+0&!R&z0:1]-[C&D3&v4&H0&+0&!R&z1:2](=[O&D1&v2&H0&+0&!R:3])-[C&D3&v4&H0&+0&!R&z1:4]=[O&D1&v2&H0&+0&!R:5].[C&D2&v4&H2&+0&!R&z1:6]).[S&D1&v2&H1&+0&!R:7]>>[S&D2&v2&H0&+0&!R:7]-[C&D2&v4&H2&+0&!R&z1:1]-[C&D3&v4&H1&+0&R&z1:2](-[O&D2&v2&H0&+0&R:3]-[C&D3&v4&H1&+0&R&z2:6])-[C&D3&v4&H1&+0&R&z1:4]-[O&D1&v2&H1&+0&!R:5],605
950,([C&D2&v4&H2&+0&!R&z1:1]-[O&D1&v2&H1&+0&!R:2].[C&D3&v4&H0&+0&!R&z1:3]=[O&D1&v2&H0&+0&!R:4])>>[C&D4&v4&H0&+0&R&z2:3](-[O&D1&v2&H1&+0&!R:2])-[O&D2&v2&H0&+0&R:4]-[C&D2&v4&H2&+0&R&z1:1],173
951,[C&D3&v4&H0&+0&!R&z1:1]-[C&D3&v4&H0&+0&!R&z1:2]-[C&D3&v4&H1&+0&!R&z1:3]-[C&D2&v4&H2&+0&!R&z1:4]>>[C&D3&v4&H0&+0&!R&z1:1]-[C&D3&v4&H1&+0&!R&z1:3]-[C&D3&v4&H0&+0&!R&z1:2]-[C&D2&v4&H2&+0&!R&z1:4],948
952,[C&D1&v4&H3&+0&!R&z0:1]-[C&D3&v4&H0&+0&!R&z1:2]=[O&D1&v2&H0&+0&!R:3].[c&D3&v4&H0&+0&R&z0:4]1:[c&D2&v4&H1&+0&R&z0:5]:[c&D2&v4&H1&+0&R&z0:6]:[c&D2&v4&H1&+0&R&z0:7]:[c&D2&v4&H1&+0&R&z0:8]:[c&D3&v4&H0&+0&R&z1:9]:1>>[C&D1&v4&H2&+0&!R&z0:1]=[C&D3&v4&H0&+0&!R&z1:2]-[O&D2&v2&H0&+0&!R:3]-[C&D3&v4&H1&+0&R&z1:8]1-[C&D2&v4&H1&+0&R&z0:7]=[C&D2&v4&H1&+0&R&z0:6]-[C&D2&v4&H1&+0&R&z0:5]=[C&D3&v4&H0&+0&R&z0:4]-[C&D3&v4&H1&+0&R&z1:9]-1,253
953,[C&D3&v4&H0&+0&!R&z1:1]-[C&D3&v4&H0&+0&!R&z2:2]-[O&D1&v2&H1&+0&!R:3].[C&D3&v4&H0&+0&!R&z1:4]=[O&D1&v2&H0&+0&!R:5]>>[C&D3&v4&H0&+0&!R&z1:1]-[C&D4&v4&H0&+0&!R&z1:4]-[O&D1&v2&H1&+0&!R:5].[O&D1&v2&H0&+0&!R:3]=[C&D2&v4&H0&+0&!R&z2:2],837
954,[C&D1&v4&H3&+0&!R&z0:1].[C&D3&v4&H0&+0&!R&z1:2]=[O&D1&v2&H0&+0&!R:3]>>[C&D4&v4&H0&+0&!R&z1:2](-[O&D1&v2&H1&+0&!R:3])-[C&D2&v4&H2&+0&!R&z0:1],439
955,[C&D1&v4&H3&+0&!R&z0:1].[C&D2&v4&H1&+0&!R&z1:2]=[O&D1&v2&H0&+0&!R:3]>>[C&D3&v4&H1&+0&!R&z1:2](-[O&D1&v2&H1&+0&!R:3])-[C&D2&v4&H2&+0&!R&z0:1],439
956,[C&D1&v4&H3&+0&!R&z0:1].[C&D3&v4&H0&+0&!R&z2:2](=[O&D1&v2&H0&+0&!R:3])-[O&D1&v2&H1&+0&!R:4]>>[C&D3&v4&H0&+0&!R&z1:2](=[O&D1&v2&H0&+0&!R:3])-[C&D2&v4&H2&+0&!R&z0:1].[O&D0&v2&H2&+0&!R:4],355
957,[C&D1&v4&H3&+0&!R&z0:1]-[C&D3&v4&H0&+0&!R&z2:2](=[O&D1&v2&H0&+0&!R:3])-[S&D2&v2&H0&+0&!R:4].[C&D3&v4&H0&+0&!R&z1:5]=[O&D1&v2&H0&+0&!R:6].[O&D0&v2&H2&+0&!R:7]>>[C&D4&v4&H0&+0&!R&z1:5](-[O&D1&v2&H1&+0&!R:6])-[C&D2&v4&H2&+0&!R&z0:1]-[C&D3&v4&H0&+0&!R&z2:2](=[O&D1&v2&H0&+0&!R:3])-[O&D1&v2&H1&+0&!R:7].[S&D1&v2&H1&+0&!R:4],1014
958,[C&D1&v4&H3&+0&!R&z0:1].[C&D3&v4&H1&+0&!R&z0:2]-[C&D3&v4&H0&+0&!R&z2:3]>>[C&D2&v4&H2&+0&!R&z0:2].[C&D3&v4&H0&+0&!R&z2:3]-[C&D2&v4&H2&+0&!R&z0:1],686
959,[C&D3&v4&H0&+0&!R&z1:1](=[O&D1&v2&H0&+0&!R:2])-[C&D3&v4&H0&+0&!R&z2:3]-[O&D1&v2&H1&+0&!R:4].[S&D1&v2&H1&+0&!R:5].[c&D3&v4&H0&+0&R&z0:6]1:[c&D2&v4&H1&+0&R&z0:7]:[c&D2&v4&H1&+0&R&z0:8]:[c&D2&v4&H1&+0&R&z1:9]:[n&D3&v4&H0&+&R:10]:[c&D2&v4&H1&+0&R&z1:11]:1>>[C&D3&v4&H0&+0&!R&z2:1](=[O&D1&v2&H0&+0&!R:2])-[S&D2&v2&H0&+0&!R:5].[C&D3&v4&H0&+0&R&z0:6]1=[C&D2&v4&H1&+0&R&z1:11]-[N&D3&v3&H0&+0&R:10]-[C&D2&v4&H1&+0&R&z1:9]=[C&D2&v4&H1&+0&R&z0:8]-[C&D2&v4&H2&+0&R&z0:7]-1.[O&D1&v2&H0&+0&!R:4]=[C&D2&v4&H0&+0&!R&z2:3],906
960,[C&D3&v4&H0&+0&!R&z1:1]-[C&D3&v4&H0&+0&!R&z2:2].[S&D1&v2&H1&+0&!R:3]>>[C&D2&v4&H1&+0&!R&z2:2].[C&D3&v4&H0&+0&!R&z2:1]-[S&D2&v2&H0&+0&!R:3],787
961,[C&D3&v4&H0&+0&!R&z1:1]=[O&D1&v2&H0&+0&!R:2].[C&D3&v4&H1&+0&!R&z1:3]-[N&D1&v3&H2&+0&!R:4]>>[C&D3&v4&H0&+0&!R&z1:3]=[O&D1&v2&H0&+0&!R:2].[C&D3&v4&H1&+0&!R&z1:1]-[N&D1&v3&H2&+0&!R:4],103
962,[C&D2&v4&H2&+0&!R&z1:1]-[N&D1&v3&H2&+0&!R:2].[C&D3&v4&H0&+0&!R&z1:3]=[O&D1&v2&H0&+0&!R:4]>>[C&D2&v4&H1&+0&!R&z1:1]=[O&D1&v2&H0&+0&!R:4].[C&D3&v4&H1&+0&!R&z1:3]-[N&D1&v3&H2&+0&!R:2],103
963,[C&D3&v4&H0&+0&!R&z1:1]=[O&D1&v2&H0&+0&!R:2].[C&D3&v4&H0&+0&R&z0:3]1=[C&D2&v4&H1&+0&R&z1:4]-[N&D3&v3&H0&+0&R:5]-[C&D2&v4&H1&+0&R&z1:6]=[C&D2&v4&H1&+0&R&z0:7]-[C&D2&v4&H2&+0&R&z0:8]-1.[N&D1&v3&H2&+0&!R:9]>>[C&D3&v4&H1&+0&!R&z1:1]-[N&D2&v3&H1&+0&!R:9].[O&D0&v2&H2&+0&!R:2].[c&D3&v4&H0&+0&R&z0:3]1:[c&D2&v4&H1&+0&R&z0:8]:[c&D2&v4&H1&+0&R&z0:7]:[c&D2&v4&H1&+0&R&z1:6]:[n&D3&v4&H0&+&R:5]:[c&D2&v4&H1&+0&R&z1:4]:1,520
964,[C&D2&v4&H1&+0&!R&z1:1]=[O&D1&v2&H0&+0&!R:2].[C&D3&v4&H0&+0&!R&z1:3]-[C&D3&v4&H0&+0&!R&z2:4]-[O&D1&v2&H1&+0&!R:5]>>[C&D3&v4&H0&+0&!R&z1:3]-[C&D3&v4&H1&+0&!R&z1:1]-[O&D1&v2&H1&+0&!R:2].[O&D1&v2&H0&+0&!R:5]=[C&D2&v4&H0&+0&!R&z2:4],837
965,[C&D3&v4&H0&+0&!R&z1:1]-[C&D3&v4&H0&+0&!R&z2:2]-[O&D1&v2&H1&+0&!R:3].[C&D3&v4&H0&+0&!R&z1:4]=[O&D1&v2&H0&+0&!R:5]>>[C&D4&v4&H0&+0&!R&z1:4](-[O&D1&v2&H1&+0&!R:5])-[C&D3&v4&H0&+0&!R&z1:1].[O&D1&v2&H0&+0&!R:3]=[C&D2&v4&H0&+0&!R&z2:2],837
966,[C&D2&v4&H2&+0&!R&z0:1].[C&D3&v4&H0&+0&!R&z1:2]=[O&D1&v2&H0&+0&!R:3]>>[C&D3&v4&H1&+0&!R&z0:1]-[C&D4&v4&H0&+0&!R&z1:2]-[O&D1&v2&H1&+0&!R:3],439
967,[C&D2&v4&H1&+0&!R&z0:1]=[C&D2&v4&H1&+0&!R&z0:2].[C&D3&v4&H0&+0&!R&z1:3]-[C&D3&v4&H0&+0&!R&z2:4]-[O&D1&v2&H1&+0&!R:5]>>[C&D3&v4&H1&+0&!R&z0:1](-[C&D2&v4&H2&+0&!R&z0:2])-[C&D3&v4&H0&+0&!R&z1:3].[O&D1&v2&H0&+0&!R:5]=[C&D2&v4&H0&+0&!R&z2:4],334
968,[C&D3&v4&H0&+0&!R&z1:1]=[O&D1&v2&H0&+0&!R:2].[C&D3&v4&H0&+0&!R&z2:3]-[O&D1&v2&H1&+0&!R:4].[O&D1&v2&H0&+0&!R:5]=[C&D2&v4&H0&+0&!R&z2:6].[O&D1&v2&H1&+0&!R:7]>>[C&D3&v4&H0&+0&!R&z1:3]-[C&D3&v4&H0&+0&!R&z2:6]-[O&D1&v2&H1&+0&!R:5].[O&D1&v2&H0&+0&!R:4]=[O&D1&v2&H0&+0&!R:2].[O&D2&v2&H0&+0&!R:7]-[C&D3&v4&H1&+0&!R&z1:1],513
969,[C&D3&v4&H0&+0&!R&z1:1]=[O&D1&v2&H0&+0&!R:2].[c&D3&v4&H0&+0&R&z2:3]-[C&D3&v4&H1&+0&!R&z1:4]-[O&D1&v2&H1&+0&!R:5]>>[C&D3&v4&H0&+0&!R&z1:4](=[O&D1&v2&H0&+0&!R:5])-[C&D4&v4&H0&+0&!R&z1:1]-[O&D1&v2&H1&+0&!R:2].[c&D2&v4&H1&+0&R&z2:3],950
970,[C&D1&v4&H3&+0&!R&z0:1]-[C&D3&v4&H0&+0&!R&z1:2]=[O&D1&v2&H0&+0&!R:3].[N&D0&v3&H3&+0&!R:4].[N&D0&v3&H3&+0&!R:5]>>[N&D1&v3&H2&+0&!R:4]-[C&D2&v4&H2&+0&!R&z1:1]-[C&D3&v4&H1&+0&!R&z1:2]-[N&D1&v3&H2&+0&!R:5].[O&D0&v2&H2&+0&!R:3],900
971,[C&D3&v4&H0&+0&!R&z1:1]=[O&D1&v2&H0&+0&!R:2].[C&D3&v4&H0&+0&R&z0:3]1=[C&D2&v4&H1&+0&R&z1:4]-[N&D3&v3&H0&+0&R:5]-[C&D2&v4&H1&+0&R&z1:6]=[C&D2&v4&H1&+0&R&z0:7]-[C&D2&v4&H2&+0&R&z0:8]-1.[N&D0&v3&H3&+0&!R:9]>>[C&D3&v4&H1&+0&!R&z1:1]-[N&D1&v3&H2&+0&!R:9].[O&D0&v2&H2&+0&!R:2].[c&D3&v4&H0&+0&R&z0:3]1:[c&D2&v4&H1&+0&R&z0:8]:[c&D2&v4&H1&+0&R&z0:7]:[c&D2&v4&H1&+0&R&z1:6]:[n&D3&v4&H0&+&R:5]:[c&D2&v4&H1&+0&R&z1:4]:1,520
972,[C&D1&v4&H3&+0&!R&z0:1]-[C&D3&v4&H0&+0&!R&z1:2]=[O&D1&v2&H0&+0&!R:3].[N&D0&v3&H3&+0&!R:4].[O&D1&v2&H1&+0&!R:5]>>[N&D1&v3&H2&+0&!R:4]-[C&D3&v4&H1&+0&!R&z1:2]-[C&D2&v4&H2&+0&!R&z1:1]-[O&D2&v2&H0&+0&!R:5].[O&D0&v2&H2&+0&!R:3],779
973,[C&D1&v4&H3&+0&!R&z0:1]-[C&D3&v4&H0&+0&!R&z1:2]=[O&D1&v2&H0&+0&!R:3].[N&D0&v3&H3&+0&!R:4].[S&D3&v4&H0&+0&!R:5]-[O&D1&v2&H1&+0&!R:6]>>[N&D1&v3&H2&+0&!R:4]-[C&D3&v4&H1&+0&!R&z1:2]-[C&D2&v4&H2&+0&!R&z1:1]-[S&D4&v6&H0&+0&!R:5]=[O&D1&v2&H0&+0&!R:6].[O&D0&v2&H2&+0&!R:3],589
974,[C&D1&v4&H3&+0&!R&z0:1]-[C&D3&v4&H0&+0&!R&z1:2]=[O&D1&v2&H0&+0&!R:3].[N&D0&v3&H3&+0&!R:4].[n&D2&v3&H1&+0&R:5]>>[N&D1&v3&H2&+0&!R:4]-[C&D3&v4&H1&+0&!R&z1:2]-[C&D2&v4&H2&+0&!R&z1:1]-[n&D3&v3&H0&+0&R:5].[O&D0&v2&H2&+0&!R:3],900
975,[C&D3&v4&H0&+0&!R&z1:1]=[O&D1&v2&H0&+0&!R:2].[N&D0&v3&H3&+0&!R:3].[O&D1&v2&H1&+0&!R:4]-[O&D1&v2&H1&+0&!R:5]>>[C&D3&v4&H1&+0&!R&z1:1]-[N&D1&v3&H2&+0&!R:3].[O&D0&v2&H2&+0&!R:2].[O&D1&v2&H0&+0&!R:4]=[O&D1&v2&H0&+0&!R:5],294
976,[C&D3&v4&H0&+0&!R&z1:1]=[O&D1&v2&H0&+0&!R:2].[C&D3&v4&H1&+0&R&z1:3]-[N&D1&v3&H2&+0&!R:4]>>[C&D3&v4&H0&+0&R&z1:3]=[O&D1&v2&H0&+0&!R:2].[C&D3&v4&H1&+0&!R&z1:1]-[N&D1&v3&H2&+0&!R:4],103
977,[C&D3&v4&H0&+0&!R&z1:1]=[O&D1&v2&H0&+0&!R:2].[N&D0&v3&H3&+0&!R:3]>>[C&D3&v4&H0&+0&!R&z1:1]=[N&D1&v3&H1&+0&!R:3].[O&D0&v2&H2&+0&!R:2],293
978,[C&D1&v4&H3&+0&!R&z0:1]-[C&D3&v4&H0&+0&!R&z1:2]=[O&D1&v2&H0&+0&!R:3].[N&D0&v3&H3&+0&!R:4]>>[N&D1&v3&H2&+0&!R:4]-[C&D3&v4&H1&+0&!R&z1:2]-[C&D2&v4&H2&+0&!R&z1:1]-[O&D1&v2&H1&+0&!R:3],331
979,[C&D1&v4&H3&+0&!R&z0:1]-[C&D3&v4&H0&+0&!R&z1:2]=[O&D1&v2&H0&+0&!R:3].[C&D3&v4&H0&+0&R&z0:4]1=[C&D2&v4&H1&+0&R&z1:5]-[N&D3&v3&H0&+0&R:6]-[C&D2&v4&H1&+0&R&z1:7]=[C&D2&v4&H1&+0&R&z0:8]-[C&D2&v4&H2&+0&R&z0:9]-1.[O&D1&v2&H0&+0&!R:10]=[C&D2&v4&H0&+0&!R&z2:11]>>[C&D3&v4&H0&+0&!R&z2:11](-[O&D1&v2&H1&+0&!R:10])-[C&D2&v4&H2&+0&!R&z0:1]-[C&D3&v4&H1&+0&!R&z1:2]-[O&D1&v2&H1&+0&!R:3].[c&D3&v4&H0&+0&R&z0:4]1:[c&D2&v4&H1&+0&R&z0:9]:[c&D2&v4&H1&+0&R&z0:8]:[c&D2&v4&H1&+0&R&z1:7]:[n&D3&v4&H0&+&R:6]:[c&D2&v4&H1&+0&R&z1:5]:1,942
980,[C&D3&v4&H0&+0&!R&z1:1]=[O&D1&v2&H0&+0&!R:2].[N&D1&v3&H2&+0&!R:3]-[C&D3&v4&H1&+0&!R&z1:4]>>[C&D3&v4&H0&+0&!R&z1:4]=[O&D1&v2&H0&+0&!R:2].[C&D3&v4&H1&+0&!R&z1:1]-[N&D1&v3&H2&+0&!R:3],103
981,[C&D1&v4&H3&+0&!R&z0:1]-[C&D3&v4&H0&+0&!R&z1:2]=[O&D1&v2&H0&+0&!R:3].[O&D1&v2&H1&+0&!R:4]>>[C&D1&v4&H2&+0&!R&z0:1]=[C&D3&v4&H0&+0&!R&z1:2]-[O&D2&v2&H0&+0&!R:4].[O&D0&v2&H2&+0&!R:3],405
982,[C&D3&v4&H0&+0&!R&z1:1]=[O&D1&v2&H0&+0&!R:2].[N&D1&v3&H2&+0&!R:3]-[C&D2&v4&H2&+0&!R&z1:4]>>[C&D3&v4&H1&+0&!R&z1:1]-[N&D1&v3&H2&+0&!R:3].[O&D1&v2&H0&+0&!R:2]=[C&D2&v4&H1&+0&!R&z1:4],103
983,[C&D3&v4&H0&+0&!R&z1:1]=[O&D1&v2&H0&+0&!R:2].[N&D1&v3&H2&+0&!R:3]-[C&D2&v4&H2&+0&!R&z1:4]>>[C&D2&v4&H1&+0&!R&z1:4]=[O&D1&v2&H0&+0&!R:2].[C&D3&v4&H1&+0&!R&z1:1]-[N&D1&v3&H2&+0&!R:3],103
984,[C&D3&v4&H0&+0&!R&z1:1]=[O&D1&v2&H0&+0&!R:2].([N&D1&v3&H2&+0&!R:3].[c&D2&v4&H1&+0&R&z0:4])>>[C&D4&v4&H0&+0&R&z1:1](-[N&D2&v3&H1&+0&R:3])-[c&D3&v4&H0&+0&R&z0:4].[O&D0&v2&H2&+0&!R:2],497
985,[C&D1&v4&H3&+0&!R&z0:1]-[C&D3&v4&H0&+0&!R&z1:2]=[O&D1&v2&H0&+0&!R:3].[c&D3&v4&H0&+0&R&z1:4]1:[c&D2&v4&H1&+0&R&z0:5]:[c&D2&v4&H1&+0&R&z0:6]:[c&D3&v4&H0&+0&R&z0:7]:[c&D2&v4&H1&+0&R&z0:8]:[c&D2&v4&H1&+0&R&z0:9]:1>>[C&D1&v4&H2&+0&!R&z0:1]=[C&D3&v4&H0&+0&!R&z1:2]-[O&D2&v2&H0&+0&!R:3]-[C&D3&v4&H1&+0&R&z1:5]1-[C&D2&v4&H1&+0&R&z0:6]=[C&D3&v4&H0&+0&R&z0:7]-[C&D2&v4&H1&+0&R&z0:8]=[C&D2&v4&H1&+0&R&z0:9]-[C&D3&v4&H1&+0&R&z1:4]-1,253
986,[C&D1&v4&H3&+0&!R&z0:1]-[C&D3&v4&H0&+0&!R&z1:2]=[O&D1&v2&H0&+0&!R:3].[c&D3&v4&H0&+0&R&z1:4]1:[c&D2&v4&H1&+0&R&z0:5]:[c&D2&v4&H1&+0&R&z0:6]:[c&D2&v4&H1&+0&R&z0:7]:[c&D2&v4&H1&+0&R&z0:8]:[c&D3&v4&H0&+0&R&z0:9]:1>>[C&D1&v4&H2&+0&!R&z0:1]=[C&D3&v4&H0&+0&!R&z1:2]-[O&D2&v2&H0&+0&!R:3]-[C&D3&v4&H1&+0&R&z1:5]1-[C&D2&v4&H1&+0&R&z0:6]=[C&D2&v4&H1&+0&R&z0:7]-[C&D2&v4&H1&+0&R&z0:8]=[C&D3&v4&H0&+0&R&z0:9]-[C&D3&v4&H1&+0&R&z1:4]-1,253
987,[C&D1&v4&H3&+0&!R&z0:1].[C&D3&v4&H0&+0&!R&z3:2]-[O&D1&v2&H1&+0&!R:3].[P&D4&v5&H0&+0&!R:4]-[O&D2&v2&H0&+0&!R:5]>>[C&D3&v4&H0&+0&!R&z2:2]-[C&D2&v4&H2&+0&!R&z0:1].[O&D1&v2&H1&+0&!R:5].[P&D4&v5&H0&+0&!R:4]-[O&D1&v2&H1&+0&!R:3],126
988,[C&D1&v4&H3&+0&!R&z0:1]-[C&D3&v4&H0&+0&!R&z1:2]=[O&D1&v2&H0&+0&!R:3].[O&D0&v2&H2&+0&!R:4].[P&D4&v5&H0&+0&!R:5]-[O&D2&v2&H0&+0&!R:6]-[P&D4&v5&H0&+0&!R:7]-[O&D2&v2&H0&+0&!R:8]-[P&D4&v5&H0&+0&!R:9]>>[C&D1&v4&H2&+0&!R&z0:1]=[C&D3&v4&H0&+0&!R&z1:2]-[O&D2&v2&H0&+0&!R:3]-[P&D4&v5&H0&+0&!R:9].[P&D4&v5&H0&+0&!R:7](-[O&D1&v2&H1&+0&!R:8])-[O&D1&v2&H1&+0&!R:6].[P&D4&v5&H0&+0&!R:5]-[O&D1&v2&H1&+0&!R:4],823
989,[C&D1&v4&H3&+0&!R&z0:1]-[C&D3&v4&H0&+0&!R&z1:2]=[O&D1&v2&H0&+0&!R:3].[O&D2&v2&H0&+0&!R:4]-[P&D4&v5&H0&+0&!R:5]-[O&D1&v2&H1&+0&!R:6]>>[C&D1&v4&H2&+0&!R&z0:1]=[C&D3&v4&H0&+0&!R&z1:2]-[O&D2&v2&H0&+0&!R:6]-[P&D4&v5&H0&+0&!R:5]-[O&D1&v2&H1&+0&!R:3].[O&D1&v2&H1&+0&!R:4],248
990,[C&D1&v4&H3&+0&!R&z0:1].[O&D1&v2&H0&+0&!R:2]=[C&D3&v4&H0&+0&!R&z2:3]-[O&D1&v2&H1&+0&!R:4]>>[C&D3&v4&H0&+0&!R&z1:3](=[O&D1&v2&H0&+0&!R:2])-[C&D2&v4&H2&+0&!R&z0:1].[O&D0&v2&H2&+0&!R:4],355
991,[C&D3&v4&H0&+0&!R&z1:1]=[O&D1&v2&H0&+0&!R:2].[C&D3&v4&H1&+0&!R&z1:3]-[O&D1&v2&H1&+0&!R:4]>>[C&D3&v4&H0&+0&!R&z1:3]=[O&D1&v2&H0&+0&!R:4].[C&D3&v4&H1&+0&!R&z1:1]-[O&D1&v2&H1&+0&!R:2],986
992,[C&D3&v4&H0&+0&!R&z1:1]=[O&D1&v2&H0&+0&!R:2].[C&D3&v4&H0&+0&!R&z2:3]-[O&D1&v2&H1&+0&!R:4].[O&D1&v2&H0&+0&!R:5]=[C&D2&v4&H0&+0&!R&z2:6].[O&D1&v2&H1&+0&!R:7]>>[C&D3&v4&H0&+0&!R&z1:3]-[C&D3&v4&H0&+0&!R&z2:6]-[O&D1&v2&H1&+0&!R:5].[C&D3&v4&H1&+0&!R&z1:1]-[O&D2&v2&H0&+0&!R:7].[O&D1&v2&H0&+0&!R:4]=[O&D1&v2&H0&+0&!R:2],513
993,[C&D2&v4&H2&+0&!R&z0:1].[C&D3&v4&H0&+0&!R&z1:2]=[O&D1&v2&H0&+0&!R:3]>>[C&D4&v4&H0&+0&!R&z1:2](-[O&D1&v2&H1&+0&!R:3])-[C&D3&v4&H1&+0&!R&z0:1],439
994,[C&D1&v4&H3&+0&!R&z0:1]-[C&D3&v4&H0&+0&!R&z1:2]=[O&D1&v2&H0&+0&!R:3].[c&D3&v4&H0&+0&R&z0:4]1:[c&D2&v4&H1&+0&R&z0:5]:[c&D2&v4&H1&+0&R&z0:6]:[c&D3&v4&H0&+0&R&z1:7]:[c&D2&v4&H1&+0&R&z0:8]:[c&D2&v4&H1&+0&R&z0:9]:1>>[C&D1&v4&H2&+0&!R&z0:1]=[C&D3&v4&H0&+0&!R&z1:2]-[O&D2&v2&H0&+0&!R:3]-[C&D3&v4&H1&+0&R&z1:6]1-[C&D2&v4&H1&+0&R&z0:5]=[C&D3&v4&H0&+0&R&z0:4]-[C&D2&v4&H1&+0&R&z0:9]=[C&D2&v4&H1&+0&R&z0:8]-[C&D3&v4&H1&+0&R&z1:7]-1,253
995,[C&D1&v4&H3&+0&!R&z0:1].[O&D1&v2&H0&+0&!R:2]=[C&D2&v4&H0&+0&!R&z2:3]>>[C&D3&v4&H0&+0&!R&z2:3](-[O&D1&v2&H1&+0&!R:2])-[C&D2&v4&H2&+0&!R&z0:1],439
996,[C&D1&v4&H3&+0&!R&z0:1].[O&D1&v2&H0&+0&!R:2]=[C&D2&v4&H1&+0&!R&z1:3]>>[C&D2&v4&H2&+0&!R&z0:1]-[C&D3&v4&H1&+0&!R&z1:3]-[O&D1&v2&H1&+0&!R:2],439
997,[C&D3&v4&H0&+0&!R&z1:1]-[C&D3&v4&H0&+0&!R&z2:2]-[O&D1&v2&H1&+0&!R:3].[O&D1&v2&H0&+0&!R:4]=[C&D2&v4&H1&+0&!R&z1:5]>>[C&D3&v4&H0&+0&!R&z1:1]-[C&D3&v4&H1&+0&!R&z1:5]-[O&D1&v2&H1&+0&!R:4].[O&D1&v2&H0&+0&!R:3]=[C&D2&v4&H0&+0&!R&z2:2],837
998,[C&D1&v4&H3&+0&!R&z0:1].[O&D1&v2&H0&+0&!R:2]=[C&D2&v4&H1&+0&!R&z1:3]>>[C&D3&v4&H1&+0&!R&z1:3](-[O&D1&v2&H1&+0&!R:2])-[C&D2&v4&H2&+0&!R&z0:1],439
999,[C&D1&v4&H3&+0&!R&z0:1].[O&D1&v2&H0&+0&!R:2]=[C&D2&v4&H1&+0&!R&z1:3]>>[C&D2&v4&H1&+0&!R&z0:1]=[C&D2&v4&H1&+0&!R&z0:3].[O&D0&v2&H2&+0&!R:2],273
1000,[C&D1&v4&H3&+0&!R&z0:1]-[C&D3&v4&H0&+0&!R&z1:2]=[O&D1&v2&H0&+0&!R:3].[P&D4&v5&H0&+0&!R:4](-[O&D1&v2&H1&+0&!R:5])-[O&D1&v2&H1&+0&!R:6]>>[C&D1&v4&H2&+0&!R&z0:1]=[C&D3&v4&H0&+0&!R&z1:2]-[O&D2&v2&H0&+0&!R:5]-[P&D4&v5&H0&+0&!R:4]-[O&D1&v2&H1&+0&!R:3].[O&D0&v2&H2&+0&!R:6],248
1001,[C&D1&v4&H3&+0&!R&z0:1].[P&D4&v5&H0&+0&!R:2]-[O&D1&v2&H1&+0&!R:3]>>[C&D2&v4&H2&+0&!R&z1:1]-[P&D4&v5&H0&+0&!R:2].[O&D0&v2&H2&+0&!R:3],209
1002,[C&D1&v4&H3&+0&!R&z0:1]-[C&D3&v4&H0&+0&!R&z1:2]=[O&D1&v2&H0&+0&!R:3].[P&D4&v5&H0&+0&!R:4](-[O&D1&v2&H1&+0&!R:5])-[O&D2&v2&H0&+0&!R:6]>>[C&D1&v4&H2&+0&!R&z0:1]=[C&D3&v4&H0&+0&!R&z1:2]-[O&D2&v2&H0&+0&!R:5]-[P&D4&v5&H0&+0&!R:4]-[O&D1&v2&H1&+0&!R:3].[O&D1&v2&H1&+0&!R:6],248
1003,[C&D1&v4&H3&+0&!R&z0:1].[S&D3&v4&H0&+0&!R:2]-[O&D1&v2&H1&+0&!R:3]>>[C&D2&v4&H2&+0&!R&z1:1]-[S&D3&v4&H0&+0&!R:2].[O&D0&v2&H2&+0&!R:3],1022
1004,[C&D1&v4&H3&+0&!R&z0:1]-[C&D3&v4&H0&+0&!R&z1:2]=[O&D1&v2&H0&+0&!R:3].[S&D3&v4&H0&+0&!R:4]-[O&D1&v2&H1&+0&!R:5]>>[C&D3&v4&H1&+0&!R&z1:2](-[O&D1&v2&H1&+0&!R:3])-[C&D2&v4&H2&+0&!R&z1:1]-[S&D4&v6&H0&+0&!R:4]=[O&D1&v2&H0&+0&!R:5],59
1005,[C&D1&v4&H3&+0&!R&z0:1]-[C&D3&v4&H0&+0&!R&z1:2]=[O&D1&v2&H0&+0&!R:3].([O&D1&v2&H1&+0&!R:4].[O&D2&v2&H0&+0&R:5]-[C&D3&v4&H1&+0&R&z2:6])>>([C&D4&v4&H0&+0&R&z2:2](-[O&D1&v2&H1&+0&!R:3])(-[C&D2&v4&H2&+0&R&z0:1]-[C&D3&v4&H1&+0&R&z1:6])-[O&D2&v2&H0&+0&R:4].[O&D1&v2&H1&+0&!R:5]),99
1006,[C&D3&v4&H0&+0&!R&z1:1]=[O&D1&v2&H0&+0&!R:2].[O&D1&v2&H1&+0&!R:3]-[O&D1&v2&H1&+0&!R:4]>>[C&D3&v4&H1&+0&!R&z1:1]-[O&D1&v2&H1&+0&!R:2].[O&D1&v2&H0&+0&!R:3]=[O&D1&v2&H0&+0&!R:4],824
1007,[C&D1&v4&H3&+0&!R&z0:1].[C&D3&v4&H0&+0&!R&z3:2]-[O&D1&v2&H1&+0&!R:3]>>[C&D3&v4&H0&+0&!R&z2:2]-[C&D2&v4&H2&+0&!R&z0:1].[O&D0&v2&H2&+0&!R:3],355
1008,[C&D3&v4&H0&+0&!R&z1:1]-[C&D3&v4&H0&+0&!R&z2:2]-[O&D1&v2&H1&+0&!R:3]>>[C&D2&v4&H1&+0&!R&z1:1].[O&D1&v2&H0&+0&!R:3]=[C&D2&v4&H0&+0&!R&z2:2],1009
1009,[C&D3&v4&H0&+0&!R&z1:1](=[O&D1&v2&H0&+0&!R:2])-[C&D4&v4&H0&+0&!R&z1:3]-[O&D1&v2&H1&+0&!R:4].[c&D2&v4&H1&+0&R&z2:5]>>[C&D3&v4&H0&+0&!R&z1:3]=[O&D1&v2&H0&+0&!R:4].[c&D3&v4&H0&+0&R&z2:5]-[C&D3&v4&H1&+0&!R&z1:1]-[O&D1&v2&H1&+0&!R:2],282
1010,[C&D3&v4&H0&+0&!R&z1:1](=[O&D1&v2&H0&+0&!R:2])-[C&D4&v4&H0&+0&!R&z1:3]-[C&D1&v4&H3&+0&!R&z0:4].[C&D3&v4&H0&+0&R&z0:5]1=[C&D2&v4&H1&+0&R&z1:6]-[N&D3&v3&H0&+0&R:7]-[C&D2&v4&H1&+0&R&z1:8]=[C&D2&v4&H1&+0&R&z0:9]-[C&D2&v4&H2&+0&R&z0:10]-1>>[C&D1&v4&H3&+0&!R&z0:4]-[C&D4&v4&H0&+0&!R&z1:1](-[O&D1&v2&H1&+0&!R:2])-[C&D3&v4&H1&+0&!R&z1:3].[c&D3&v4&H0&+0&R&z0:5]1:[c&D2&v4&H1&+0&R&z0:10]:[c&D2&v4&H1&+0&R&z0:9]:[c&D2&v4&H1&+0&R&z1:8]:[n&D3&v4&H0&+&R:7]:[c&D2&v4&H1&+0&R&z1:6]:1,108
1011,[C&D3&v4&H0&+0&!R&z1:1](=[O&D1&v2&H0&+0&!R:2])-[C&D4&v4&H0&+0&!R&z1:3]-[O&D1&v2&H1&+0&!R:4].[O&D1&v2&H0&+0&!R:5]=[C&D2&v4&H0&+0&!R&z2:6]>>[C&D3&v4&H0&+0&!R&z1:1](=[O&D1&v2&H0&+0&!R:2])-[C&D3&v4&H0&+0&!R&z2:6]-[O&D1&v2&H1&+0&!R:5].[C&D3&v4&H0&+0&!R&z1:3]=[O&D1&v2&H0&+0&!R:4],837
1012,[C&D4&v4&H0&+0&!R&z1:1]-[C&D3&v4&H0&+0&!R&z2:2]-[O&D1&v2&H1&+0&!R:3]>>[C&D3&v4&H1&+0&!R&z1:1].[O&D1&v2&H0&+0&!R:3]=[C&D2&v4&H0&+0&!R&z2:2],1009
1013,[C&D1&v4&H3&+0&!R&z0:1]-[C&D3&v4&H0&+0&!R&z1:2]-[C&D4&v4&H0&+0&!R&z1:3]-[C&D3&v4&H0&+0&!R&z2:4]>>[C&D1&v4&H3&+0&!R&z0:1]-[C&D4&v4&H0&+0&!R&z1:3]-[C&D3&v4&H0&+0&!R&z1:2]-[C&D3&v4&H0&+0&!R&z2:4],948
1014,[C&D3&v4&H0&+0&!R&z1:1]-[C&D3&v4&H1&+0&!R&z0:2].[S&D1&v2&H1&+0&!R:3]>>[C&D2&v4&H2&+0&!R&z0:2].[C&D3&v4&H0&+0&!R&z2:1]-[S&D2&v2&H0&+0&!R:3],787
1015,[C&D3&v4&H0&+0&!R&z1:1]-[C&D3&v4&H1&+0&!R&z1:2]-[O&D1&v2&H1&+0&!R:3].[S&D1&v2&H1&+0&!R:4].[c&D3&v4&H0&+0&R&z0:5]1:[c&D2&v4&H1&+0&R&z0:6]:[c&D2&v4&H1&+0&R&z0:7]:[c&D2&v4&H1&+0&R&z1:8]:[n&D3&v4&H0&+&R:9]:[c&D2&v4&H1&+0&R&z1:10]:1>>[C&D2&v4&H1&+0&!R&z1:2]=[O&D1&v2&H0&+0&!R:3].[C&D3&v4&H0&+0&!R&z2:1]-[S&D2&v2&H0&+0&!R:4].[C&D3&v4&H0&+0&R&z0:5]1=[C&D2&v4&H1&+0&R&z1:10]-[N&D3&v3&H0&+0&R:9]-[C&D2&v4&H1&+0&R&z1:8]=[C&D2&v4&H1&+0&R&z0:7]-[C&D2&v4&H2&+0&R&z0:6]-1,906
1016,[C&D3&v4&H0&+0&!R&z1:1]-[C&D3&v4&H1&+0&!R&z1:2]-[O&D1&v2&H1&+0&!R:3].[O&D1&v2&H0&+0&!R:4]=[C&D2&v4&H0&+0&!R&z2:5]>>[C&D2&v4&H1&+0&!R&z1:2]=[O&D1&v2&H0&+0&!R:3].[C&D3&v4&H0&+0&!R&z1:1]-[C&D3&v4&H0&+0&!R&z2:5]-[O&D1&v2&H1&+0&!R:4],837
1017,[C&D3&v4&H1&+0&!R&z1:1].[O&D1&v2&H0&+0&!R:2]=[C&D2&v4&H0&+0&!R&z2:3]>>[C&D4&v4&H0&+0&!R&z1:1]-[C&D3&v4&H0&+0&!R&z2:3]-[O&D1&v2&H1&+0&!R:2],439
1018,[C&D3&v4&H0&+0&!R&z1:1]-[C&D3&v4&H1&+0&!R&z1:2]-[O&D1&v2&H1&+0&!R:3].[O&D1&v2&H0&+0&!R:4]=[C&D2&v4&H1&+0&!R&z1:5]>>[C&D2&v4&H1&+0&!R&z1:2]=[O&D1&v2&H0&+0&!R:3].[C&D3&v4&H0&+0&!R&z1:1]-[C&D3&v4&H1&+0&!R&z1:5]-[O&D1&v2&H1&+0&!R:4],837
1019,[C&D3&v4&H0&+0&!R&z1:1]-[C&D3&v4&H1&+0&!R&z1:2]-[O&D1&v2&H1&+0&!R:3]>>[C&D2&v4&H1&+0&!R&z1:1].[C&D2&v4&H1&+0&!R&z1:2]=[O&D1&v2&H0&+0&!R:3],1009
1020,[C&D3&v4&H0&+0&!R&z1:1](=[O&D1&v2&H0&+0&!R:2])-[C&D3&v4&H1&+0&!R&z1:3].[S&D1&v2&H1&+0&!R:4]>>[C&D2&v4&H2&+0&!R&z1:3].[C&D3&v4&H0&+0&!R&z2:1](=[O&D1&v2&H0&+0&!R:2])-[S&D2&v2&H0&+0&!R:4],787
1021,[C&D3&v4&H0&+0&!R&z1:1]-[C&D3&v4&H1&+0&!R&z1:2]-[C&D3&v4&H0&+0&!R&z1:3]-[C&D2&v4&H2&+0&!R&z1:4]>>[C&D3&v4&H0&+0&!R&z1:1]-[C&D3&v4&H0&+0&!R&z1:3]-[C&D3&v4&H1&+0&!R&z1:2]-[C&D2&v4&H2&+0&!R&z1:4],948
1022,[C&D2&v4&H1&+0&!R&z1:1]=[O&D1&v2&H0&+0&!R:2].[C&D3&v4&H1&+0&!R&z1:3]-[C&D3&v4&H1&+0&!R&z1:4]-[O&D1&v2&H1&+0&!R:5]>>[C&D3&v4&H1&+0&!R&z1:3]-[C&D3&v4&H1&+0&!R&z1:1]-[O&D1&v2&H1&+0&!R:2].[O&D1&v2&H0&+0&!R:5]=[C&D2&v4&H1&+0&!R&z1:4],837
1023,[C&D3&v4&H1&+0&!R&z1:1](-[O&D1&v2&H1&+0&!R:2])-[C&D3&v4&H1&+0&!R&z1:3]-[C&D3&v4&H0&+0&!R&z1:4]=[O&D1&v2&H0&+0&!R:5].([O&D1&v2&H0&+0&!R:6]=[C&D2&v4&H1&+0&!R&z1:7].[O&D1&v2&H1&+0&!R:8])>>[C&D2&v4&H1&+0&!R&z1:1]=[O&D1&v2&H0&+0&!R:2].[C&D4&v4&H0&+0&R&z2:4](-[O&D1&v2&H1&+0&!R:5])(-[O&D2&v2&H0&+0&R:8])-[C&D3&v4&H1&+0&R&z1:3]-[C&D3&v4&H1&+0&R&z1:7]-[O&D1&v2&H1&+0&!R:6],625
1024,[C&D3&v4&H1&+0&!R&z1:1](-[O&D1&v2&H1&+0&!R:2])-[C&D3&v4&H1&+0&!R&z1:3]-[C&D3&v4&H0&+0&!R&z1:4]=[O&D1&v2&H0&+0&!R:5].([O&D1&v2&H0&+0&!R:6]=[C&D2&v4&H1&+0&!R&z1:7].[O&D1&v2&H1&+0&!R:8])>>[C&D2&v4&H1&+0&!R&z1:1]=[O&D1&v2&H0&+0&!R:2].[O&D2&v2&H0&+0&R:8]-[C&D4&v4&H0&+0&R&z2:4](-[O&D1&v2&H1&+0&!R:5])-[C&D3&v4&H1&+0&R&z1:3]-[C&D3&v4&H1&+0&R&z1:7]-[O&D1&v2&H1&+0&!R:6],625
1025,[C&D2&v4&H1&+0&!R&z1:1]=[O&D1&v2&H0&+0&!R:2].[C&D3&v4&H0&+0&!R&z1:3]-[C&D3&v4&H1&+0&!R&z1:4]-[O&D1&v2&H1&+0&!R:5]>>[C&D3&v4&H0&+0&!R&z1:3]-[C&D3&v4&H1&+0&!R&z1:1]-[O&D1&v2&H1&+0&!R:2].[O&D1&v2&H0&+0&!R:5]=[C&D2&v4&H1&+0&!R&z1:4],837
1026,([C&D1&v4&H3&+0&!R&z0:1].[C&D3&v4&H0&+0&!R&z1:2]=[O&D1&v2&H0&+0&!R:3])>>[C&D2&v4&H2&+0&R&z0:1]-[C&D4&v4&H0&+0&R&z1:2]-[O&D1&v2&H1&+0&!R:3],271
1027,[C&D3&v4&H1&+0&!R&z1:1]-[N&D1&v3&H2&+0&!R:2].[O&D0&v2&H2&+0&!R:3].[c&D3&v4&H0&+0&R&z0:4]1:[c&D2&v4&H1&+0&R&z0:5]:[c&D2&v4&H1&+0&R&z0:6]:[c&D2&v4&H1&+0&R&z1:7]:[n&D3&v4&H0&+&R:8]:[c&D2&v4&H1&+0&R&z1:9]:1>>[C&D3&v4&H0&+0&!R&z1:1]=[O&D1&v2&H0&+0&!R:3].[C&D3&v4&H0&+0&R&z0:4]1=[C&D2&v4&H1&+0&R&z1:9]-[N&D3&v3&H0&+0&R:8]-[C&D2&v4&H1&+0&R&z1:7]=[C&D2&v4&H1&+0&R&z0:6]-[C&D2&v4&H2&+0&R&z0:5]-1.[N&D0&v3&H3&+0&!R:2],555
1028,[C&D3&v4&H1&+0&!R&z1:1]-[C&D3&v4&H1&+0&!R&z1:2]-[O&D1&v2&H1&+0&!R:3].[O&D1&v2&H0&+0&!R:4]=[C&D2&v4&H1&+0&!R&z1:5]>>[C&D2&v4&H1&+0&!R&z1:2]=[O&D1&v2&H0&+0&!R:3].[C&D3&v4&H1&+0&!R&z1:1]-[C&D3&v4&H1&+0&!R&z1:5]-[O&D1&v2&H1&+0&!R:4],837
1029,[C&D1&v4&H3&+0&!R&z0:1].[S&D2&v2&H0&+0&!R:2]-[S&D2&v2&H0&+0&!R:3]>>[S&D1&v2&H1&+0&!R:3].[S&D2&v2&H0&+0&!R:2]-[C&D2&v4&H2&+0&!R&z1:1],16
1030,[C&D3&v4&H0&+0&!R&z1:1](=[O&D1&v2&H0&+0&!R:2])-[C&D3&v4&H1&+0&!R&z1:3]-[C&D3&v4&H1&+0&!R&z1:4].[C&D3&v4&H0&+0&R&z0:5]1=[C&D2&v4&H1&+0&R&z1:6]-[N&D3&v3&H0&+0&R:7]-[C&D2&v4&H1&+0&R&z1:8]=[C&D2&v4&H1&+0&R&z0:9]-[C&D2&v4&H2&+0&R&z0:10]-1>>[C&D4&v4&H0&+0&!R&z1:1](-[O&D1&v2&H1&+0&!R:2])(-[C&D2&v4&H2&+0&!R&z1:3])-[C&D3&v4&H1&+0&!R&z1:4].[c&D3&v4&H0&+0&R&z0:5]1:[c&D2&v4&H1&+0&R&z0:10]:[c&D2&v4&H1&+0&R&z0:9]:[c&D2&v4&H1&+0&R&z1:8]:[n&D3&v4&H0&+&R:7]:[c&D2&v4&H1&+0&R&z1:6]:1,108
1031,[C&D3&v4&H0&+0&!R&z1:1]-[C&D3&v4&H1&+0&!R&z1:2]-[O&D1&v2&H1&+0&!R:3].[O&D1&v2&H0&+0&!R:4]=[C&D2&v4&H0&+0&!R&z2:5]>>[C&D3&v4&H0&+0&!R&z1:1]-[C&D3&v4&H0&+0&!R&z2:5]-[O&D1&v2&H1&+0&!R:4].[O&D1&v2&H0&+0&!R:3]=[C&D2&v4&H1&+0&!R&z1:2],837
1032,[C&D3&v4&H0&+0&!R&z1:1](=[O&D1&v2&H0&+0&!R:2])-[C&D3&v4&H1&+0&!R&z2:3]-[N&D2&v3&H1&+0&!R:4].[O&D0&v2&H2&+0&!R:5]>>[C&D3&v4&H1&+0&!R&z1:1](-[O&D1&v2&H1&+0&!R:2])-[C&D3&v4&H0&+0&!R&z2:3]=[O&D1&v2&H0&+0&!R:5].[N&D1&v3&H2&+0&!R:4],267
1033,[C&D3&v4&H1&+0&!R&z2:1](-[O&D1&v2&H1&+0&!R:2])-[N&D2&v3&H1&+0&!R:3]>>[C&D2&v4&H1&+0&!R&z1:1]=[O&D1&v2&H0&+0&!R:2].[N&D1&v3&H2&+0&!R:3],818
1034,[C&D3&v4&H0&+0&!R&z1:1]-[C&D4&v4&H0&+0&R&z1:2]-[O&D1&v2&H1&+0&!R:3].[C&D3&v4&H0&+0&R&z0:4]1=[C&D2&v4&H1&+0&R&z1:5]-[N&D3&v3&H0&+0&R:6]-[C&D2&v4&H1&+0&R&z1:7]=[C&D2&v4&H1&+0&R&z0:8]-[C&D2&v4&H2&+0&R&z0:9]-1.[O&D1&v2&H0&+0&!R:10]=[O&D1&v2&H0&+0&!R:11]>>[C&D3&v4&H0&+0&!R&z2:1]-[O&D1&v2&H1&+0&!R:10].[C&D3&v4&H0&+0&R&z1:2]=[O&D1&v2&H0&+0&!R:3].[O&D0&v2&H2&+0&!R:11].[c&D3&v4&H0&+0&R&z0:4]1:[c&D2&v4&H1&+0&R&z0:9]:[c&D2&v4&H1&+0&R&z0:8]:[c&D2&v4&H1&+0&R&z1:7]:[n&D3&v4&H0&+&R:6]:[c&D2&v4&H1&+0&R&z1:5]:1,794
1035,[C&D3&v4&H0&+0&R&z0:1]1=[C&D2&v4&H1&+0&R&z1:2]-[N&D3&v3&H0&+0&R:3]-[C&D2&v4&H1&+0&R&z1:4]=[C&D2&v4&H1&+0&R&z0:5]-[C&D2&v4&H2&+0&R&z0:6]-1.[C&D3&v4&H0&+0&R&z1:7]-[O&D2&v2&H0&+0&R:8]>>([C&D2&v4&H1&+0&R&z0:7].[O&D1&v2&H1&+0&!R:8]).[c&D3&v4&H0&+0&R&z0:1]1:[c&D2&v4&H1&+0&R&z0:6]:[c&D2&v4&H1&+0&R&z0:5]:[c&D2&v4&H1&+0&R&z1:4]:[n&D3&v4&H0&+&R:3]:[c&D2&v4&H1&+0&R&z1:2]:1,530
1036,([C&D2&v4&H1&+0&R&z0:1].[O&D1&v2&H1&+0&!R:2]).[c&D3&v4&H0&+0&R&z0:3]1:[c&D2&v4&H1&+0&R&z0:4]:[c&D2&v4&H1&+0&R&z0:5]:[c&D2&v4&H1&+0&R&z1:6]:[n&D3&v4&H0&+&R:7]:[c&D2&v4&H1&+0&R&z1:8]:1>>[C&D3&v4&H0&+0&R&z0:3]1=[C&D2&v4&H1&+0&R&z1:8]-[N&D3&v3&H0&+0&R:7]-[C&D2&v4&H1&+0&R&z1:6]=[C&D2&v4&H1&+0&R&z0:5]-[C&D2&v4&H2&+0&R&z0:4]-1.[C&D3&v4&H0&+0&R&z1:1]-[O&D2&v2&H0&+0&R:2],12
1037,[C&D3&v4&H0&+0&R&z0:1]=[C&D2&v4&H1&+0&R&z0:2].[O&D0&v2&H2&+0&!R:3]>>[C&D3&v4&H1&+0&R&z0:1]-[C&D3&v4&H1&+0&R&z1:2]-[O&D1&v2&H1&+0&!R:3],703
1038,[C&D3&v4&H1&+0&R&z0:1]-[C&D3&v4&H1&+0&R&z1:2]-[O&D1&v2&H1&+0&!R:3]>>[C&D3&v4&H0&+0&R&z0:1]=[C&D2&v4&H1&+0&R&z0:2].[O&D0&v2&H2&+0&!R:3],451
1039,[C&D3&v4&H0&+0&!R&z1:1]-[C&D3&v4&H1&+0&R&z0:2].[C&D3&v4&H0&+0&R&z0:3]1=[C&D2&v4&H1&+0&R&z1:4]-[N&D3&v3&H0&+0&R:5]-[C&D2&v4&H1&+0&R&z1:6]=[C&D2&v4&H1&+0&R&z0:7]-[C&D2&v4&H2&+0&R&z0:8]-1.[O&D1&v2&H0&+0&!R:9]=[O&D1&v2&H0&+0&!R:10]>>[C&D3&v4&H0&+0&!R&z2:1]-[O&D2&v2&H0&+0&!R:10]-[C&D3&v4&H1&+0&R&z1:2].[O&D0&v2&H2&+0&!R:9].[c&D3&v4&H0&+0&R&z0:3]1:[c&D2&v4&H1&+0&R&z0:8]:[c&D2&v4&H1&+0&R&z0:7]:[c&D2&v4&H1&+0&R&z1:6]:[n&D3&v4&H0&+&R:5]:[c&D2&v4&H1&+0&R&z1:4]:1,604
1040,([C&D2&v4&H1&+0&!R&z1:1]=[O&D1&v2&H0&+0&!R:2].[C&D2&v4&H1&+0&!R&z1:3]=[O&D1&v2&H0&+0&!R:4]).[C&D3&v4&H0&+0&!R&z1:5]=[O&D1&v2&H0&+0&!R:6].[C&D3&v4&H0&+0&!R&z1:7]=[O&D1&v2&H0&+0&!R:8]>>([C&D2&v4&H1&+0&!R&z0:1]=[C&D3&v4&H0&+0&!R&z0:5].[C&D2&v4&H1&+0&!R&z0:3]=[C&D3&v4&H0&+0&!R&z0:7]).[O&D1&v2&H0&+0&!R:2]=[O&D1&v2&H0&+0&!R:4].[O&D1&v2&H0&+0&!R:6]=[O&D1&v2&H0&+0&!R:8],442
1041,[C&D2&v4&H1&+0&!R&z1:1]=[O&D1&v2&H0&+0&!R:2].[C&D3&v4&H0&+0&!R&z1:3]=[O&D1&v2&H0&+0&!R:4]>>[C&D2&v4&H1&+0&!R&z0:1]=[C&D3&v4&H0&+0&!R&z0:3].[O&D1&v2&H0&+0&!R:4]=[O&D1&v2&H0&+0&!R:2],31
1042,[C&D2&v4&H1&+0&!R&z1:1]=[O&D1&v2&H0&+0&!R:2].[C&D3&v4&H0&+0&!R&z1:3]=[O&D1&v2&H0&+0&!R:4]>>[C&D3&v4&H0&+0&!R&z0:3]=[C&D2&v4&H1&+0&!R&z0:1].[O&D1&v2&H0&+0&!R:4]=[O&D1&v2&H0&+0&!R:2],31
1043,[C&D3&v4&H0&+0&!R&z1:1](=[O&D1&v2&H0&+0&!R:2])-[C&D2&v4&H1&+0&!R&z0:3].[O&D0&v2&H2&+0&!R:4]>>[C&D1&v4&H2&+0&!R&z0:3].[C&D3&v4&H0&+0&!R&z2:1](=[O&D1&v2&H0&+0&!R:2])-[O&D1&v2&H1&+0&!R:4],668
1044,[C&D3&v4&H0&+0&!R&z1:1](=[O&D1&v2&H0&+0&!R:2])-[C&D2&v4&H1&+0&!R&z0:3]=[C&D2&v4&H1&+0&!R&z0:4]-[C&D2&v4&H1&+0&!R&z0:5]=[C&D3&v4&H0&+0&!R&z1:6]-[C&D3&v4&H0&+0&!R&z2:7]=[O&D1&v2&H0&+0&!R:8]>>[O&D1&v2&H0&+0&!R:2]=[O&D1&v2&H0&+0&!R:8].[c&D3&v4&H0&+0&R&z0:1]1:[c&D2&v4&H1&+0&R&z0:3]:[c&D2&v4&H1&+0&R&z0:4]:[c&D2&v4&H1&+0&R&z0:5]:[c&D3&v4&H0&+0&R&z1:6]:[c&D3&v4&H0&+0&R&z1:7]:1,582
1045,[C&D2&v4&H1&+0&!R&z1:1]=[N&D2&v3&H0&+0&!R:2].[O&D0&v2&H2&+0&!R:3]>>[C&D2&v4&H1&+0&!R&z1:1]=[O&D1&v2&H0&+0&!R:3].[N&D1&v3&H2&+0&!R:2],195
1046,[C&D2&v4&H1&+0&!R&z1:1]=[O&D1&v2&H0&+0&!R:2].[C&D2&v4&H2&+0&!R&z0:3]-[C&D3&v4&H0&+0&!R&z2:4]-[O&D1&v2&H1&+0&!R:5]>>[C&D2&v4&H2&+0&!R&z0:3]-[C&D3&v4&H1&+0&!R&z1:1]-[O&D1&v2&H1&+0&!R:2].[O&D1&v2&H0&+0&!R:5]=[C&D2&v4&H0&+0&!R&z2:4],837
1047,[C&D2&v4&H1&+0&!R&z1:1]=[O&D1&v2&H0&+0&!R:2].[C&D3&v4&H0&+0&!R&z2:3]-[O&D1&v2&H1&+0&!R:4]>>[C&D3&v4&H0&+0&!R&z1:3]-[C&D2&v4&H2&+0&!R&z0:1].[O&D1&v2&H0&+0&!R:4]=[O&D1&v2&H0&+0&!R:2],5
1048,[C&D3&v4&H0&+0&!R&z1:1](=[O&D1&v2&H0&+0&!R:2])-[C&D2&v4&H1&+0&!R&z1:3].[S&D1&v2&H1&+0&!R:4]>>[C&D3&v4&H1&+0&!R&z1:1](-[O&D1&v2&H1&+0&!R:2])-[C&D3&v4&H0&+0&!R&z2:3]-[S&D2&v2&H0&+0&!R:4],229
1049,[C&D2&v4&H1&+0&!R&z1:1]=[O&D1&v2&H0&+0&!R:2].[N&D1&v3&H2&+0&!R:3]>>[C&D2&v4&H1&+0&!R&z1:1]=[N&D2&v3&H0&+0&!R:3].[O&D0&v2&H2&+0&!R:2],293
1050,[C&D2&v4&H1&+0&!R&z1:1]=[O&D1&v2&H0&+0&!R:2].[N&D1&v3&H2&+0&!R:3]>>[C&D3&v4&H1&+0&!R&z2:1](-[O&D1&v2&H1&+0&!R:2])-[N&D2&v3&H1&+0&!R:3],835
1051,([C&D1&v4&H3&+0&!R&z0:1].[C&D2&v4&H1&+0&!R&z1:2]=[O&D1&v2&H0&+0&!R:3]).[O&D1&v2&H1&+0&!R:4]>>([C&D2&v4&H2&+0&!R&z1:2]-[O&D1&v2&H1&+0&!R:3].[C&D2&v4&H2&+0&!R&z1:1]-[O&D2&v2&H0&+0&!R:4]),342
1052,[C&D2&v4&H1&+0&!R&z1:1]=[O&D1&v2&H0&+0&!R:2].[C&D4&v4&H0&+0&R&z2:3](-[O&D1&v2&H1&+0&!R:4])(-[O&D2&v2&H0&+0&R:5])-[C&D3&v4&H1&+0&R&z1:6]-[C&D3&v4&H1&+0&R&z1:7]-[O&D1&v2&H1&+0&!R:8]>>[C&D3&v4&H1&+0&!R&z1:1](-[O&D1&v2&H1&+0&!R:2])-[C&D3&v4&H1&+0&!R&z1:6]-[C&D3&v4&H0&+0&!R&z1:3]=[O&D1&v2&H0&+0&!R:4].([O&D1&v2&H0&+0&!R:8]=[C&D2&v4&H1&+0&!R&z1:7].[O&D1&v2&H1&+0&!R:5]),702
1053,[C&D2&v4&H1&+0&!R&z1:1]=[O&D1&v2&H0&+0&!R:2].[O&D2&v2&H0&+0&R:3]-[C&D4&v4&H0&+0&R&z2:4](-[O&D1&v2&H1&+0&!R:5])-[C&D3&v4&H1&+0&R&z1:6]-[C&D3&v4&H1&+0&R&z1:7]-[O&D1&v2&H1&+0&!R:8]>>[C&D3&v4&H1&+0&!R&z1:1](-[O&D1&v2&H1&+0&!R:2])-[C&D3&v4&H1&+0&!R&z1:6]-[C&D3&v4&H0&+0&!R&z1:4]=[O&D1&v2&H0&+0&!R:5].([O&D1&v2&H0&+0&!R:8]=[C&D2&v4&H1&+0&!R&z1:7].[O&D1&v2&H1&+0&!R:3]),702
1054,[C&D3&v4&H0&+0&!R&z1:1](=[O&D1&v2&H0&+0&!R:2])-[C&D2&v4&H1&+0&!R&z1:3].[O&D0&v2&H2&+0&!R:4]>>[C&D3&v4&H1&+0&!R&z1:1](-[O&D1&v2&H1&+0&!R:2])-[C&D3&v4&H0&+0&!R&z2:3]-[O&D1&v2&H1&+0&!R:4],342
1055,[C&D3&v4&H0&+0&!R&z1:1](=[O&D1&v2&H0&+0&!R:2])-[C&D2&v4&H2&+0&!R&z0:3].[O&D0&v2&H2&+0&!R:4]>>[C&D1&v4&H3&+0&!R&z0:3].[C&D3&v4&H0&+0&!R&z2:1](=[O&D1&v2&H0&+0&!R:2])-[O&D1&v2&H1&+0&!R:4],668
1056,[C&D1&v4&H3&+0&!R&z0:1].[C&D3&v4&H0&+0&!R&z1:2]-[C&D2&v4&H2&+0&!R&z0:3]>>[C&D1&v4&H3&+0&!R&z0:3].[C&D3&v4&H0&+0&!R&z1:2]-[C&D2&v4&H2&+0&!R&z0:1],686
1057,[C&D3&v4&H0&+0&!R&z2:1]-[O&D1&v2&H1&+0&!R:2].[C&D3&v4&H0&+0&!R&z2:3]-[S&D2&v2&H0&+0&!R:4]>>[C&D3&v4&H0&+0&!R&z2:3]-[O&D1&v2&H1&+0&!R:2].[C&D3&v4&H0&+0&!R&z2:1]-[S&D2&v2&H0&+0&!R:4],145
1058,[C&D1&v4&H3&+0&!R&z0:1].[C&D2&v4&H2&+0&!R&z0:2]-[C&D2&v4&H2&+0&!R&z0:3]>>[C&D1&v4&H3&+0&!R&z0:2].[C&D2&v4&H2&+0&!R&z0:3]-[C&D2&v4&H2&+0&!R&z0:1],686
1059,[C&D1&v4&H3&+0&!R&z0:1].[C&D3&v4&H1&+0&!R&z1:2]-[C&D2&v4&H2&+0&!R&z0:3]>>[C&D1&v4&H3&+0&!R&z0:3].[C&D3&v4&H1&+0&!R&z1:2]-[C&D2&v4&H2&+0&!R&z0:1],686
1060,[C&D2&v4&H2&+0&!R&z0:1]-[C&D3&v4&H0&+0&!R&z2:2]-[O&D1&v2&H1&+0&!R:3].[S&D1&v2&H1&+0&!R:4].[c&D3&v4&H0&+0&R&z0:5]1:[c&D2&v4&H1&+0&R&z0:6]:[c&D2&v4&H1&+0&R&z0:7]:[c&D2&v4&H1&+0&R&z1:8]:[n&D3&v4&H0&+&R:9]:[c&D2&v4&H1&+0&R&z1:10]:1>>[C&D2&v4&H2&+0&!R&z1:1]-[S&D2&v2&H0&+0&!R:4].[C&D3&v4&H0&+0&R&z0:5]1=[C&D2&v4&H1&+0&R&z1:10]-[N&D3&v3&H0&+0&R:9]-[C&D2&v4&H1&+0&R&z1:8]=[C&D2&v4&H1&+0&R&z0:7]-[C&D2&v4&H2&+0&R&z0:6]-1.[O&D1&v2&H0&+0&!R:3]=[C&D2&v4&H0&+0&!R&z2:2],906
1061,[C&D3&v4&H0&+0&!R&z1:1](=[O&D1&v2&H0&+0&!R:2])-[C&D2&v4&H2&+0&!R&z0:3].[O&D1&v2&H0&+0&!R:4]=[C&D2&v4&H0&+0&!R&z2:5].[S&D1&v2&H1&+0&!R:6]>>[C&D2&v4&H2&+0&!R&z0:3]-[C&D3&v4&H0&+0&!R&z2:5]-[O&D1&v2&H1&+0&!R:4].[C&D3&v4&H0&+0&!R&z2:1](=[O&D1&v2&H0&+0&!R:2])-[S&D2&v2&H0&+0&!R:6],567
1062,[C&D3&v4&H0&+0&!R&z1:1]-[C&D2&v4&H2&+0&!R&z0:2].[S&D1&v2&H1&+0&!R:3]>>[C&D1&v4&H3&+0&!R&z0:2].[C&D3&v4&H0&+0&!R&z2:1]-[S&D2&v2&H0&+0&!R:3],787
1063,[C&D3&v4&H0&+0&!R&z1:1]-[C&D2&v4&H2&+0&!R&z0:2].[O&D1&v2&H0&+0&!R:3]=[O&D1&v2&H0&+0&!R:4]>>[C&D2&v4&H1&+0&!R&z1:2]=[O&D1&v2&H0&+0&!R:4].[C&D3&v4&H0&+0&!R&z2:1]-[O&D1&v2&H1&+0&!R:3],711
1064,[C&D2&v4&H2&+0&!R&z0:1]-[C&D3&v4&H1&+0&!R&z1:2]-[O&D1&v2&H1&+0&!R:3].[O&D1&v2&H0&+0&!R:4]=[C&D2&v4&H0&+0&!R&z2:5]>>[C&D2&v4&H1&+0&!R&z1:2]=[O&D1&v2&H0&+0&!R:3].[C&D2&v4&H2&+0&!R&z0:1]-[C&D3&v4&H0&+0&!R&z2:5]-[O&D1&v2&H1&+0&!R:4],837
1065,[C&D2&v4&H2&+0&!R&z0:1]-[C&D3&v4&H1&+0&!R&z1:2]-[O&D1&v2&H1&+0&!R:3]>>[C&D1&v4&H3&+0&!R&z0:1].[O&D1&v2&H0&+0&!R:3]=[C&D2&v4&H1&+0&!R&z1:2],1009
1066,([C&D1&v4&H3&+0&!R&z0:1].[C&D3&v4&H0&+0&!R&z2:2](=[O&D1&v2&H0&+0&!R:3])-[O&D1&v2&H1&+0&!R:4])>>[C&D2&v4&H1&+0&R&z0:1]=[C&D3&v4&H0&+0&R&z1:2]-[O&D1&v2&H1&+0&!R:4].[O&D0&v2&H2&+0&!R:3],34
1067,[C&D4&v4&H0&+0&R&z1:1]-[C&D3&v4&H0&+0&!R&z2:2]-[O&D1&v2&H1&+0&!R:3]>>[C&D3&v4&H1&+0&R&z1:1].[O&D1&v2&H0&+0&!R:3]=[C&D2&v4&H0&+0&!R&z2:2],1009
1068,[C&D3&v4&H1&+0&R&z1:1].[O&D1&v2&H0&+0&!R:2]=[C&D2&v4&H0&+0&!R&z2:3]>>[C&D4&v4&H0&+0&R&z1:1]-[C&D3&v4&H0&+0&!R&z2:3]-[O&D1&v2&H1&+0&!R:2],439
1069,[C&D3&v4&H0&+0&!R&z1:1]-[C&D2&v4&H2&+0&!R&z0:2].[C&D3&v4&H0&+0&R&z0:3]1=[C&D2&v4&H1&+0&R&z1:4]-[N&D3&v3&H0&+0&R:5]-[C&D2&v4&H1&+0&R&z1:6]=[C&D2&v4&H1&+0&R&z0:7]-[C&D2&v4&H2&+0&R&z0:8]-1.[O&D1&v2&H0&+0&!R:9]=[O&D1&v2&H0&+0&!R:10]>>[C&D3&v4&H0&+0&!R&z2:1]-[O&D2&v2&H0&+0&!R:10]-[C&D2&v4&H2&+0&!R&z1:2].[O&D0&v2&H2&+0&!R:9].[c&D3&v4&H0&+0&R&z0:3]1:[c&D2&v4&H1&+0&R&z0:8]:[c&D2&v4&H1&+0&R&z0:7]:[c&D2&v4&H1&+0&R&z1:6]:[n&D3&v4&H0&+&R:5]:[c&D2&v4&H1&+0&R&z1:4]:1,604
1070,([C&D2&v4&H2&+0&!R&z1:1].[O&D1&v2&H1&+0&!R:2]).[c&D3&v4&H0&+0&R&z0:3]1:[c&D2&v4&H1&+0&R&z0:4]:[c&D2&v4&H1&+0&R&z0:5]:[c&D2&v4&H1&+0&R&z1:6]:[n&D3&v4&H0&+&R:7]:[c&D2&v4&H1&+0&R&z1:8]:1>>[C&D3&v4&H0&+0&R&z0:3]1=[C&D2&v4&H1&+0&R&z1:8]-[N&D3&v3&H0&+0&R:7]-[C&D2&v4&H1&+0&R&z1:6]=[C&D2&v4&H1&+0&R&z0:5]-[C&D2&v4&H2&+0&R&z0:4]-1.[O&D2&v2&H0&+0&R:2]-[C&D3&v4&H1&+0&R&z2:1],12
1071,[C&D3&v4&H0&+0&R&z0:1]1=[C&D2&v4&H1&+0&R&z1:2]-[N&D3&v3&H0&+0&R:3]-[C&D2&v4&H1&+0&R&z1:4]=[C&D2&v4&H1&+0&R&z0:5]-[C&D2&v4&H2&+0&R&z0:6]-1.[O&D2&v2&H0&+0&R:7]-[C&D3&v4&H1&+0&R&z2:8]>>([C&D2&v4&H2&+0&!R&z1:8].[O&D1&v2&H1&+0&!R:7]).[c&D3&v4&H0&+0&R&z0:1]1:[c&D2&v4&H1&+0&R&z0:6]:[c&D2&v4&H1&+0&R&z0:5]:[c&D2&v4&H1&+0&R&z1:4]:[n&D3&v4&H0&+&R:3]:[c&D2&v4&H1&+0&R&z1:2]:1,530
1072,([C&D1&v4&H3&+0&!R&z0:1].[C&D3&v4&H0&+0&!R&z2:2](=[O&D1&v2&H0&+0&!R:3])-[O&D1&v2&H1&+0&!R:4])>>[C&D3&v4&H0&+0&R&z1:2](=[O&D1&v2&H0&+0&!R:3])-[C&D2&v4&H2&+0&R&z0:1].[O&D0&v2&H2&+0&!R:4],503
1073,[C&D3&v4&H0&+0&!R&z1:1](=[O&D1&v2&H0&+0&!R:2])-[C&D2&v4&H2&+0&!R&z1:3].[C&D3&v4&H0&+0&R&z0:4]1=[C&D2&v4&H1&+0&R&z1:5]-[N&D3&v3&H0&+0&R:6]-[C&D2&v4&H1&+0&R&z1:7]=[C&D2&v4&H1&+0&R&z0:8]-[C&D2&v4&H2&+0&R&z0:9]-1.[O&D1&v2&H0&+0&!R:10]=[C&D2&v4&H0&+0&!R&z2:11]>>[C&D3&v4&H1&+0&!R&z1:1](-[O&D1&v2&H1&+0&!R:2])-[C&D3&v4&H1&+0&!R&z1:3]-[C&D3&v4&H0&+0&!R&z2:11]-[O&D1&v2&H1&+0&!R:10].[c&D3&v4&H0&+0&R&z0:4]1:[c&D2&v4&H1&+0&R&z0:9]:[c&D2&v4&H1&+0&R&z0:8]:[c&D2&v4&H1&+0&R&z1:7]:[n&D3&v4&H0&+&R:6]:[c&D2&v4&H1&+0&R&z1:5]:1,942
1074,[C&D1&v4&H3&+0&!R&z0:1]-[C&D3&v4&H0&+0&!R&z1:2]=[O&D1&v2&H0&+0&!R:3].[S&D3&v4&H0&+0&!R:4]-[O&D1&v2&H1&+0&!R:5]>>[O&D1&v2&H0&+0&!R:5]=[S&D4&v6&H0&+0&!R:4]-[C&D2&v4&H2&+0&!R&z1:1]-[C&D3&v4&H1&+0&!R&z1:2]-[O&D1&v2&H1&+0&!R:3],59
1075,[C&D2&v4&H2&+0&!R&z1:1]-[S&D2&v2&H0&+0&!R:2].[C&D3&v4&H0&+0&R&z0:3]1=[C&D2&v4&H1&+0&R&z1:4]-[N&D3&v3&H0&+0&R:5]-[C&D2&v4&H1&+0&R&z1:6]=[C&D2&v4&H1&+0&R&z0:7]-[C&D2&v4&H2&+0&R&z0:8]-1.[O&D1&v2&H0&+0&!R:9]=[C&D2&v4&H0&+0&!R&z2:10]>>[C&D2&v4&H2&+0&!R&z0:1]-[C&D3&v4&H0&+0&!R&z2:10]-[O&D1&v2&H1&+0&!R:9].[S&D1&v2&H1&+0&!R:2].[c&D3&v4&H0&+0&R&z0:3]1:[c&D2&v4&H1&+0&R&z0:8]:[c&D2&v4&H1&+0&R&z0:7]:[c&D2&v4&H1&+0&R&z1:6]:[n&D3&v4&H0&+&R:5]:[c&D2&v4&H1&+0&R&z1:4]:1,781
1076,[C&D3&v4&H0&+0&!R&z2:1](=[O&D1&v2&H0&+0&!R:2])-[N&D3&v3&H0&+0&!R:3].[S&D1&v2&H1&+0&!R:4]>>[C&D3&v4&H0&+0&!R&z2:1](=[O&D1&v2&H0&+0&!R:2])-[S&D2&v2&H0&+0&!R:4].[N&D2&v3&H1&+0&!R:3],124
1077,[C&D3&v4&H0&+0&R&z0:1]1=[C&D2&v4&H1&+0&R&z1:2]-[N&D3&v3&H0&+0&R:3]-[C&D2&v4&H1&+0&R&z1:4]=[C&D2&v4&H1&+0&R&z0:5]-[C&D2&v4&H2&+0&R&z0:6]-1.[N&D3&v3&H0&+0&!R:7]-[O&D1&v2&H1&+0&!R:8]>>[N&D2&v3&H1&+0&!R:7].[O&D0&v2&H2&+0&!R:8].[c&D3&v4&H0&+0&R&z0:1]1:[c&D2&v4&H1&+0&R&z0:6]:[c&D2&v4&H1&+0&R&z0:5]:[c&D2&v4&H1&+0&R&z1:4]:[n&D3&v4&H0&+&R:3]:[c&D2&v4&H1&+0&R&z1:2]:1,234
1078,[C&D3&v4&H0&+0&!R&z2:1]-[N&D3&v3&H0&+0&R:2].[S&D1&v2&H1&+0&!R:3]>>[C&D3&v4&H0&+0&!R&z2:1]-[S&D2&v2&H0&+0&!R:3].[N&D2&v3&H1&+0&R:2],124
1079,([C&D3&v4&H0&+0&!R&z2:1]=[O&D1&v2&H0&+0&!R:2].[C&D3&v4&H1&+0&!R&z1:3]-[O&D1&v2&H1&+0&!R:4]).[C&D3&v4&H0&+0&R&z0:5]1=[C&D2&v4&H1&+0&R&z1:6]-[N&D3&v3&H0&+0&R:7]-[C&D2&v4&H1&+0&R&z1:8]=[C&D2&v4&H1&+0&R&z0:9]-[C&D2&v4&H2&+0&R&z0:10]-1>>[C&D3&v4&H1&+0&R&z2:1]-[O&D2&v2&H0&+0&R:2]-[C&D3&v4&H1&+0&R&z1:3].[O&D0&v2&H2&+0&!R:4].[c&D3&v4&H0&+0&R&z0:5]1:[c&D2&v4&H1&+0&R&z0:10]:[c&D2&v4&H1&+0&R&z0:9]:[c&D2&v4&H1&+0&R&z1:8]:[n&D3&v4&H0&+&R:7]:[c&D2&v4&H1&+0&R&z1:6]:1,767
1080,([C&D3&v4&H0&+0&!R&z2:1]=[O&D1&v2&H0&+0&!R:2].[O&D1&v2&H1&+0&!R:3]).[O&D1&v2&H1&+0&!R:4]-[O&D1&v2&H1&+0&!R:5]>>[C&D3&v4&H1&+0&R&z2:1]-[O&D2&v2&H0&+0&R:3].[O&D0&v2&H2&+0&!R:2].[O&D1&v2&H0&+0&!R:4]=[O&D1&v2&H0&+0&!R:5],674
1081,([C&D3&v4&H1&+0&!R&z1:1]-[O&D1&v2&H1&+0&!R:2].[O&D1&v2&H1&+0&!R:3])>>[O&D0&v2&H2&+0&!R:2].[O&D2&v2&H0&+0&R:3]-[C&D3&v4&H1&+0&R&z1:1],493
1082,[O&D1&v2&H1&+0&!R:1].([O&D1&v2&H1&+0&!R:2].[O&D2&v2&H0&+0&R:3]-[C&D4&v4&H0&+0&R&z2:4](-[O&D1&v2&H1&+0&!R:5])-[C&D2&v4&H2&+0&R&z0:6]-[C&D3&v4&H1&+0&R&z1:7])>>[C&D1&v4&H2&+0&!R&z0:6]=[C&D3&v4&H0&+0&!R&z1:4]-[O&D2&v2&H0&+0&!R:1].[O&D0&v2&H2&+0&!R:5].([O&D1&v2&H1&+0&!R:3].[O&D2&v2&H0&+0&R:2]-[C&D3&v4&H1&+0&R&z2:7]),866
1083,[C&D3&v4&H1&+0&!R&z1:1](-[O&D1&v2&H1&+0&!R:2])-[C&D2&v4&H2&+0&!R&z0:3]>>[C&D1&v4&H3&+0&!R&z0:3].[C&D2&v4&H1&+0&!R&z1:1]=[O&D1&v2&H0&+0&!R:2],1009
1084,([C&D3&v4&H0&+0&!R&z1:1]=[O&D1&v2&H0&+0&!R:2].[C&D3&v4&H1&+0&!R&z1:3]-[O&D1&v2&H1&+0&!R:4])>>[C&D4&v4&H0&+0&R&z2:1](-[O&D1&v2&H1&+0&!R:4])-[O&D2&v2&H0&+0&R:2]-[C&D3&v4&H1&+0&R&z1:3],173
1085,([C&D2&v4&H1&+0&!R&z1:1]=[O&D1&v2&H0&+0&!R:2].[O&D1&v2&H1&+0&!R:3]).[P&D4&v5&H0&+0&!R:4]-[O&D1&v2&H1&+0&!R:5]>>[C&D3&v4&H1&+0&R&z2:1](-[O&D2&v2&H0&+0&!R:2]-[P&D4&v5&H0&+0&!R:4])-[O&D2&v2&H0&+0&R:3].[O&D0&v2&H2&+0&!R:5],661
1086,[C&D3&v4&H0&+0&!R&z2:1](=[O&D1&v2&H0&+0&!R:2])-[N&D2&v3&H1&+0&!R:3].[N&D1&v3&H2&+0&!R:4]>>[C&D3&v4&H0&+0&!R&z2:1](=[O&D1&v2&H0&+0&!R:2])-[N&D2&v3&H1&+0&!R:4].[N&D1&v3&H2&+0&!R:3],316
1087,[C&D3&v4&H0&+0&!R&z1:1]=[O&D1&v2&H0&+0&!R:2].[C&D3&v4&H1&+0&!R&z1:3]-[N&D1&v3&H2&+0&!R:4]>>[C&D3&v4&H0&+0&!R&z1:3]=[O&D1&v2&H0&+0&!R:2].[N&D1&v3&H2&+0&!R:4]-[C&D3&v4&H1&+0&!R&z1:1],103
1088,[C&D3&v4&H0&+0&!R&z3:1](=[O&D1&v2&H0&+0&!R:2])-[O&D2&v2&H0&+0&!R:3].[N&D1&v3&H2&+0&!R:4]>>[N&D2&v3&H1&+0&!R:4]-[C&D3&v4&H0&+0&!R&z3:1]=[O&D1&v2&H0&+0&!R:2].[O&D1&v2&H1&+0&!R:3],175
1089,[C&D3&v4&H0&+0&!R&z1:1]=[O&D1&v2&H0&+0&!R:2].[O&D0&v2&H2&+0&!R:3].[S&D1&v2&H1&+0&!R:4].[c&D3&v4&H0&+0&R&z0:5]1:[c&D2&v4&H1&+0&R&z0:6]:[c&D2&v4&H1&+0&R&z0:7]:[c&D2&v4&H1&+0&R&z1:8]:[n&D3&v4&H0&+&R:9]:[c&D2&v4&H1&+0&R&z1:10]:1>>[C&D3&v4&H0&+0&R&z0:5]1=[C&D2&v4&H1&+0&R&z1:10]-[N&D3&v3&H0&+0&R:9]-[C&D2&v4&H1&+0&R&z1:8]=[C&D2&v4&H1&+0&R&z0:7]-[C&D2&v4&H2&+0&R&z0:6]-1.[O&D1&v2&H0&+0&!R:3]=[O&D1&v2&H0&+0&!R:2].[S&D2&v2&H0&+0&!R:4]-[C&D3&v4&H1&+0&!R&z1:1],509
1090,[C&D3&v4&H0&+0&R&z0:1]1=[C&D2&v4&H1&+0&R&z1:2]-[N&D3&v3&H0&+0&R:3]-[C&D2&v4&H1&+0&R&z1:4]=[C&D2&v4&H1&+0&R&z0:5]-[C&D2&v4&H2&+0&R&z0:6]-1.[O&D1&v2&H0&+0&!R:7]=[O&D1&v2&H0&+0&!R:8].[S&D2&v2&H0&+0&!R:9]-[C&D3&v4&H1&+0&!R&z1:10]>>[C&D3&v4&H0&+0&!R&z1:10]=[O&D1&v2&H0&+0&!R:8].[O&D0&v2&H2&+0&!R:7].[S&D1&v2&H1&+0&!R:9].[c&D3&v4&H0&+0&R&z0:1]1:[c&D2&v4&H1&+0&R&z0:6]:[c&D2&v4&H1&+0&R&z0:5]:[c&D2&v4&H1&+0&R&z1:4]:[n&D3&v4&H0&+&R:3]:[c&D2&v4&H1&+0&R&z1:2]:1,628
1091,[S&D2&v2&H0&+0&!R:1]-[C&D2&v4&H2&+0&!R&z2:2]-[O&D1&v2&H1&+0&!R:3]>>[C&D1&v4&H2&+0&!R&z1:2]=[O&D1&v2&H0&+0&!R:3].[S&D1&v2&H1&+0&!R:1],829
1092,[C&D3&v4&H0&+0&R&z1:1]=[O&D1&v2&H0&+0&!R:2].[N&D1&v3&H2&+0&!R:3]-[C&D3&v4&H1&+0&!R&z1:4]>>[C&D3&v4&H0&+0&!R&z1:4]=[O&D1&v2&H0&+0&!R:2].[C&D3&v4&H1&+0&R&z1:1]-[N&D1&v3&H2&+0&!R:3],103
1093,[C&D3&v4&H0&+0&R&z2:1]=[O&D1&v2&H0&+0&!R:2].[O&D1&v2&H1&+0&!R:3]-[O&D1&v2&H1&+0&!R:4]>>[C&D3&v4&H1&+0&R&z2:1]-[O&D1&v2&H1&+0&!R:2].[O&D1&v2&H0&+0&!R:3]=[O&D1&v2&H0&+0&!R:4],824
1094,[C&D3&v4&H1&+0&R&z2:1]-[N&D2&v3&H1&+0&!R:2].[O&D0&v2&H2&+0&!R:3]>>[C&D3&v4&H1&+0&R&z2:1]-[O&D1&v2&H1&+0&!R:3].[N&D1&v3&H2&+0&!R:2],587
1095,[C&D2&v4&H1&+0&R&z0:1]=[C&D3&v4&H0&+0&R&z1:2]-[O&D2&v2&H0&+0&R:3].[O&D0&v2&H2&+0&!R:4]>>[C&D2&v4&H2&+0&R&z0:1]-[C&D4&v4&H0&+0&R&z2:2](-[O&D1&v2&H1&+0&!R:4])-[O&D2&v2&H0&+0&R:3],703
1096,[C&D4&v4&H0&+0&R&z2:1]-[O&D1&v2&H1&+0&!R:2].[O&D1&v2&H1&+0&!R:3]>>[O&D0&v2&H2&+0&!R:2].[O&D2&v2&H0&+0&!R:3]-[C&D4&v4&H0&+0&R&z2:1],517
1097,([C&D3&v4&H1&+0&R&z1:1]-[C&D2&v4&H2&+0&R&z0:2]-[C&D4&v4&H0&+0&R&z2:3](-[O&D1&v2&H1&+0&!R:4])-[O&D2&v2&H0&+0&R:5].[O&D1&v2&H1&+0&!R:6]).[O&D1&v2&H1&+0&!R:7]>>[C&D1&v4&H2&+0&!R&z0:2]=[C&D3&v4&H0&+0&!R&z1:3]-[O&D2&v2&H0&+0&!R:7].([C&D3&v4&H1&+0&R&z2:1]-[O&D2&v2&H0&+0&R:6].[O&D1&v2&H1&+0&!R:5]).[O&D0&v2&H2&+0&!R:4],866
1098,[C&D4&v4&H0&+0&R&z2:1](-[O&D1&v2&H1&+0&!R:2])-[O&D2&v2&H0&+0&R:3]-[C&D3&v4&H1&+0&R&z1:4]>>([C&D3&v4&H0&+0&!R&z1:1]=[O&D1&v2&H0&+0&!R:3].[C&D3&v4&H1&+0&!R&z1:4]-[O&D1&v2&H1&+0&!R:2]),35
1099,[C&D2&v4&H2&+0&R&z0:1]-[C&D4&v4&H0&+0&R&z2:2]-[O&D1&v2&H1&+0&!R:3]>>[C&D2&v4&H1&+0&R&z0:1]=[C&D3&v4&H0&+0&R&z1:2].[O&D0&v2&H2&+0&!R:3],451
1100,[C&D4&v4&H0&+0&R&z2:1]-[O&D2&v2&H0&+0&!R:2].[O&D1&v2&H1&+0&!R:3]>>[C&D4&v4&H0&+0&R&z2:1]-[O&D2&v2&H0&+0&!R:3].[O&D1&v2&H1&+0&!R:2],517
1101,[C&D4&v4&H0&+0&R&z2:1]-[O&D2&v2&H0&+0&R:2].[O&D0&v2&H2&+0&!R:3]>>([C&D4&v4&H0&+0&R&z2:1]-[O&D1&v2&H1&+0&!R:3].[O&D1&v2&H1&+0&!R:2]),238
1102,[C&D3&v4&H1&+0&R&z2:1]-[O&D1&v2&H1&+0&!R:2].[N&D1&v3&H2&+0&!R:3]>>[C&D3&v4&H1&+0&R&z2:1]-[N&D2&v3&H1&+0&!R:3].[O&D0&v2&H2&+0&!R:2],175
1103,[C&D3&v4&H1&+0&R&z2:1]-[O&D2&v2&H0&+0&R:2]-[C&D3&v4&H1&+0&R&z1:3].[O&D0&v2&H2&+0&!R:4].[c&D3&v4&H0&+0&R&z0:5]1:[c&D2&v4&H1&+0&R&z0:6]:[c&D2&v4&H1&+0&R&z0:7]:[c&D2&v4&H1&+0&R&z1:8]:[n&D3&v4&H0&+&R:9]:[c&D2&v4&H1&+0&R&z1:10]:1>>([C&D3&v4&H0&+0&!R&z2:1]=[O&D1&v2&H0&+0&!R:2].[C&D3&v4&H1&+0&!R&z1:3]-[O&D1&v2&H1&+0&!R:4]).[C&D3&v4&H0&+0&R&z0:5]1=[C&D2&v4&H1&+0&R&z1:10]-[N&D3&v3&H0&+0&R:9]-[C&D2&v4&H1&+0&R&z1:8]=[C&D2&v4&H1&+0&R&z0:7]-[C&D2&v4&H2&+0&R&z0:6]-1,557
1104,[C&D3&v4&H1&+0&R&z2:1]-[O&D1&v2&H1&+0&!R:2].[P&D4&v5&H0&+0&!R:3]-[O&D2&v2&H0&+0&!R:4]>>[C&D3&v4&H1&+0&R&z2:1]-[O&D2&v2&H0&+0&!R:4].[P&D4&v5&H0&+0&!R:3]-[O&D1&v2&H1&+0&!R:2],994
1105,[C&D3&v4&H1&+0&R&z2:1]-[O&D2&v2&H0&+0&R:2].[O&D0&v2&H2&+0&!R:3].[O&D1&v2&H0&+0&!R:4]=[O&D1&v2&H0&+0&!R:5]>>([C&D3&v4&H0&+0&!R&z2:1]=[O&D1&v2&H0&+0&!R:3].[O&D1&v2&H1&+0&!R:2]).[O&D1&v2&H1&+0&!R:4]-[O&D1&v2&H1&+0&!R:5],643
1106,([C&D2&v4&H2&+0&!R&z0:1]-[C&D3&v4&H0&+0&!R&z1:2]=[O&D1&v2&H0&+0&!R:3].[O&D1&v2&H0&+0&!R:4]=[C&D2&v4&H1&+0&!R&z1:5]).[O&D1&v2&H1&+0&!R:6]>>[O&D0&v2&H2&+0&!R:3].[O&D2&v2&H0&+0&!R:6]-[C&D3&v4&H1&+0&R&z2:5]-[O&D2&v2&H0&+0&R:4]-[C&D3&v4&H0&+0&R&z1:2]=[C&D2&v4&H1&+0&R&z0:1],533
1107,[C&D3&v4&H1&+0&R&z2:1]-[O&D1&v2&H1&+0&!R:2].[O&D1&v2&H0&+0&!R:3]=[O&D1&v2&H0&+0&!R:4]>>[C&D3&v4&H0&+0&R&z2:1]=[O&D1&v2&H0&+0&!R:2].[O&D1&v2&H1&+0&!R:3]-[O&D1&v2&H1&+0&!R:4],197
1108,[O&D0&v2&H2&+0&!R:1].[O&D2&v2&H0&+0&!R:2]-[C&D3&v4&H1&+0&R&z2:3]-[O&D2&v2&H0&+0&R:4]-[C&D3&v4&H0&+0&R&z1:5]=[C&D2&v4&H1&+0&R&z0:6]>>([C&D2&v4&H2&+0&!R&z0:6]-[C&D3&v4&H0&+0&!R&z1:5]=[O&D1&v2&H0&+0&!R:1].[O&D1&v2&H0&+0&!R:4]=[C&D2&v4&H1&+0&!R&z1:3]).[O&D1&v2&H1&+0&!R:2],888
1109,([O&D1&v2&H1&+0&!R:1].[O&D2&v2&H0&+0&!R:2]-[P&D4&v5&H0&+0&!R:3])>>([O&D1&v2&H1&+0&!R:2].[O&D2&v2&H0&+0&!R:1]-[P&D4&v5&H0&+0&!R:3]),47
1110,([C&D3&v4&H1&+0&R&z2:1]-[O&D1&v2&H1&+0&!R:2].[O&D2&v2&H0&+0&!R:3]-[P&D4&v5&H0&+0&!R:4]).[O&D1&v2&H1&+0&!R:5]>>[C&D3&v4&H1&+0&R&z2:1]-[O&D2&v2&H0&+0&R:3].[O&D0&v2&H2&+0&!R:2].[O&D2&v2&H0&+0&!R:5]-[P&D4&v5&H0&+0&!R:4],358
1111,[C&D3&v4&H1&+0&R&z2:1]-[O&D2&v2&H0&+0&!R:2].[P&D4&v5&H0&+0&!R:3]-[O&D1&v2&H1&+0&!R:4]>>[C&D3&v4&H1&+0&R&z2:1]-[O&D1&v2&H1&+0&!R:4].[P&D4&v5&H0&+0&!R:3]-[O&D2&v2&H0&+0&!R:2],994
1112,[C&D3&v4&H1&+0&R&z2:1]-[O&D2&v2&H0&+0&!R:2].[O&D2&v2&H0&+0&!R:3]-[P&D4&v5&H0&+0&!R:4]>>[C&D3&v4&H1&+0&R&z2:1]-[O&D2&v2&H0&+0&!R:3].[O&D2&v2&H0&+0&!R:2]-[P&D4&v5&H0&+0&!R:4],994
1113,[C&D3&v4&H0&+0&!R&z1:1]=[O&D1&v2&H0&+0&!R:2].[C&D3&v4&H1&+0&R&z1:3]-[N&D1&v3&H2&+0&!R:4]>>[C&D3&v4&H0&+0&R&z1:3]=[O&D1&v2&H0&+0&!R:2].[N&D1&v3&H2&+0&!R:4]-[C&D3&v4&H1&+0&!R&z1:1],103
1114,[C&D3&v4&H1&+0&R&z1:1]-[C&D3&v4&H0&+0&!R&z2:2]-[O&D1&v2&H1&+0&!R:3]>>[C&D2&v4&H2&+0&R&z1:1].[O&D1&v2&H0&+0&!R:3]=[C&D2&v4&H0&+0&!R&z2:2],1009
1115,([C&D1&v4&H3&+0&!R&z0:1].[C&D3&v4&H0&+0&R&z1:2]=[O&D1&v2&H0&+0&!R:3]).[O&D0&v2&H2&+0&!R:4]>>([C&D2&v4&H2&+0&!R&z1:1]-[O&D1&v2&H1&+0&!R:4].[C&D3&v4&H1&+0&R&z1:2]-[O&D1&v2&H1&+0&!R:3]),342
1116,[N&D1&v3&H2&+0&!R:1].[O&D1&v2&H0&+0&!R:2]=[C&D3&v4&H0&+0&!R&z2:3]-[O&D1&v2&H1&+0&!R:4].[P&D4&v5&H0&+0&!R:5]-[O&D2&v2&H0&+0&!R:6]>>[N&D2&v3&H1&+0&!R:1]-[C&D3&v4&H0&+0&!R&z2:3]=[O&D1&v2&H0&+0&!R:2].[O&D1&v2&H1&+0&!R:6].[P&D4&v5&H0&+0&!R:5]-[O&D1&v2&H1&+0&!R:4],471
1117,[N&D2&v3&H1&+0&!R:1]-[C&D3&v4&H0&+0&!R&z2:2]=[O&D1&v2&H0&+0&!R:3].[P&D4&v5&H0&+0&!R:4]-[O&D1&v2&H1&+0&!R:5].[P&D4&v5&H0&+0&!R:6]-[O&D1&v2&H1&+0&!R:7]>>[N&D1&v3&H2&+0&!R:1].[O&D1&v2&H0&+0&!R:3]=[C&D3&v4&H0&+0&!R&z2:2]-[O&D1&v2&H1&+0&!R:7].[P&D4&v5&H0&+0&!R:4]-[O&D2&v2&H0&+0&!R:5]-[P&D4&v5&H0&+0&!R:6],427
1118,[C&D3&v4&H1&+0&R&z2:1]-[O&D2&v2&H0&+0&!R:2].[P&D4&v5&H0&+0&!R:3]-[O&D2&v2&H0&+0&!R:4]>>[C&D3&v4&H1&+0&R&z2:1]-[O&D2&v2&H0&+0&!R:4].[O&D2&v2&H0&+0&!R:2]-[P&D4&v5&H0&+0&!R:3],994
1119,[C&D3&v4&H1&+0&R&z2:1](-[O&D2&v2&H0&+0&!R:2]-[P&D4&v5&H0&+0&!R:3])-[O&D2&v2&H0&+0&R:4].[O&D0&v2&H2&+0&!R:5]>>([C&D2&v4&H1&+0&!R&z1:1]=[O&D1&v2&H0&+0&!R:2].[O&D1&v2&H1&+0&!R:4]).[P&D4&v5&H0&+0&!R:3]-[O&D1&v2&H1&+0&!R:5],968
1120,([C&D2&v4&H2&+0&!R&z1:1]-[O&D1&v2&H1&+0&!R:2].[C&D3&v4&H1&+0&R&z1:3]-[O&D1&v2&H1&+0&!R:4])>>([C&D1&v4&H3&+0&!R&z0:1].[C&D3&v4&H0&+0&R&z1:3]=[O&D1&v2&H0&+0&!R:4]).[O&D0&v2&H2&+0&!R:2],402
1121,[C&D3&v4&H1&+0&R&z1:1]-[O&D1&v2&H1&+0&!R:2].[O&D1&v2&H1&+0&!R:3].[P&D4&v5&H0&+0&!R:4]-[O&D1&v2&H1&+0&!R:5]>>[C&D3&v4&H1&+0&R&z1:1]-[O&D1&v2&H1&+0&!R:5].[O&D0&v2&H2&+0&!R:2].[O&D2&v2&H0&+0&!R:3]-[P&D4&v5&H0&+0&!R:4],607
1122,[C&D3&v4&H1&+0&R&z1:1]-[O&D1&v2&H1&+0&!R:2].[O&D0&v2&H2&+0&!R:3].[P&D4&v5&H0&+0&!R:4]-[O&D2&v2&H0&+0&!R:5]-[P&D4&v5&H0&+0&!R:6]>>[C&D3&v4&H1&+0&R&z1:1]-[O&D1&v2&H1&+0&!R:3].[P&D4&v5&H0&+0&!R:6]-[O&D1&v2&H1&+0&!R:5].[P&D4&v5&H0&+0&!R:4]-[O&D1&v2&H1&+0&!R:2],228
1123,[C&D3&v4&H1&+0&!R&z1:1]-[C&D1&v4&H3&+0&!R&z0:2].[c&D3&v4&H0&+0&R&z0:3]1:[c&D2&v4&H1&+0&R&z0:4]:[c&D2&v4&H1&+0&R&z0:5]:[c&D2&v4&H1&+0&R&z1:6]:[n&D3&v4&H0&+&R:7]:[c&D2&v4&H1&+0&R&z1:8]:1>>[C&D1&v4&H2&+0&!R&z0:2]=[C&D3&v4&H0&+0&!R&z1:1].[C&D3&v4&H0&+0&R&z0:3]1=[C&D2&v4&H1&+0&R&z1:8]-[N&D3&v3&H0&+0&R:7]-[C&D2&v4&H1&+0&R&z1:6]=[C&D2&v4&H1&+0&R&z0:5]-[C&D2&v4&H2&+0&R&z0:4]-1,663
1124,[C&D2&v4&H2&+0&R&z1:1].[O&D1&v2&H0&+0&!R:2]=[C&D2&v4&H0&+0&!R&z2:3]>>[C&D3&v4&H1&+0&R&z1:1]-[C&D3&v4&H0&+0&!R&z2:3]-[O&D1&v2&H1&+0&!R:2],439
1125,[C&D3&v4&H1&+0&R&z2:1]-[O&D2&v2&H0&+0&R:2].[O&D0&v2&H2&+0&!R:3].[O&D2&v2&H0&+0&!R:4]-[P&D4&v5&H0&+0&!R:5]>>([C&D3&v4&H1&+0&R&z2:1]-[O&D1&v2&H1&+0&!R:3].[O&D2&v2&H0&+0&!R:2]-[P&D4&v5&H0&+0&!R:5]).[O&D1&v2&H1&+0&!R:4],436
1126,[C&D3&v4&H0&+0&!R&z2:1](=[O&D1&v2&H0&+0&!R:2])-[N&D2&v3&H1&+0&!R:3]-[C&D2&v4&H1&+0&!R&z1:4]=[C&D3&v4&H0&+0&!R&z0:5]-[C&D3&v4&H1&+0&!R&z0:6]-[C&D3&v4&H0&+0&!R&z2:7]=[O&D1&v2&H0&+0&!R:8].[c&D3&v4&H0&+0&R&z0:9]1:[c&D2&v4&H1&+0&R&z0:10]:[c&D2&v4&H1&+0&R&z0:11]:[c&D2&v4&H1&+0&R&z1:12]:[n&D3&v4&H0&+&R:13]:[c&D2&v4&H1&+0&R&z1:14]:1>>[C&D3&v4&H0&+0&R&z0:9]1=[C&D2&v4&H1&+0&R&z1:14]-[N&D3&v3&H0&+0&R:13]-[C&D2&v4&H1&+0&R&z1:12]=[C&D2&v4&H1&+0&R&z0:11]-[C&D2&v4&H2&+0&R&z0:10]-1.[O&D1&v2&H0&+0&!R:8]=[O&D1&v2&H0&+0&!R:2].[c&D3&v4&H0&+0&R&z1:1]1:[n&D2&v3&H0&+0&R:3]:[c&D2&v4&H1&+0&R&z1:4]:[c&D3&v4&H0&+0&R&z0:5]:[c&D3&v4&H0&+0&R&z0:6]:[c&D3&v4&H0&+0&R&z1:7]:1,11
1127,[C&D3&v4&H0&+0&!R&z2:1](=[O&D1&v2&H0&+0&!R:2])-[N&D2&v3&H1&+0&!R:3]-[C&D2&v4&H1&+0&!R&z1:4]=[C&D3&v4&H0&+0&!R&z0:5]-[C&D3&v4&H0&+0&!R&z2:6]-[O&D1&v2&H1&+0&!R:7].[O&D0&v2&H2&+0&!R:8].[O&D0&v2&H2&+0&!R:9]>>[C&D3&v4&H0&+0&!R&z2:1](=[O&D1&v2&H0&+0&!R:2])-[O&D1&v2&H1&+0&!R:9].[N&D0&v3&H3&+0&!R:3].[O&D1&v2&H0&+0&!R:7]=[C&D2&v4&H0&+0&!R&z2:6].[O&D1&v2&H0&+0&!R:8]=[C&D2&v4&H1&+0&!R&z1:4]-[C&D2&v4&H2&+0&!R&z0:5],975
1128,[C&D3&v4&H0&+0&!R&z2:1](=[O&D1&v2&H0&+0&!R:2])-[N&D2&v3&H1&+0&!R:3]-[C&D2&v4&H1&+0&!R&z1:4]=[C&D3&v4&H0&+0&!R&z0:5]-[C&D2&v4&H2&+0&!R&z0:6]-[C&D3&v4&H0&+0&!R&z2:7]=[O&D1&v2&H0&+0&!R:8].[c&D3&v4&H0&+0&R&z0:9]1:[c&D2&v4&H1&+0&R&z0:10]:[c&D2&v4&H1&+0&R&z0:11]:[c&D2&v4&H1&+0&R&z1:12]:[n&D3&v4&H0&+&R:13]:[c&D2&v4&H1&+0&R&z1:14]:1>>[C&D3&v4&H0&+0&R&z0:9]1=[C&D2&v4&H1&+0&R&z1:14]-[N&D3&v3&H0&+0&R:13]-[C&D2&v4&H1&+0&R&z1:12]=[C&D2&v4&H1&+0&R&z0:11]-[C&D2&v4&H2&+0&R&z0:10]-1.[O&D1&v2&H0&+0&!R:8]=[O&D1&v2&H0&+0&!R:2].[c&D3&v4&H0&+0&R&z1:1]1:[n&D2&v3&H0&+0&R:3]:[c&D2&v4&H1&+0&R&z1:4]:[c&D3&v4&H0&+0&R&z0:5]:[c&D2&v4&H1&+0&R&z0:6]:[c&D3&v4&H0&+0&R&z1:7]:1,11
1129,([C&D3&v4&H0&+0&!R&z2:1]=[O&D1&v2&H0&+0&!R:2].[N&D1&v3&H2&+0&!R:3])>>[C&D3&v4&H0&+0&R&z2:1]=[N&D2&v3&H0&+0&R:3].[O&D0&v2&H2&+0&!R:2],392
1130,[C&D2&v4&H1&+0&!R&z1:1]=[O&D1&v2&H0&+0&!R:2].[N&D1&v3&H2&+0&!R:3].[O&D1&v2&H1&+0&!R:4]-[O&D1&v2&H1&+0&!R:5]>>[N&D2&v3&H1&+0&!R:3]-[C&D2&v4&H2&+0&!R&z1:1].[O&D0&v2&H2&+0&!R:2].[O&D1&v2&H0&+0&!R:4]=[O&D1&v2&H0&+0&!R:5],294
1131,[N&D2&v3&H1&+0&!R:1]-[C&D2&v4&H2&+0&!R&z1:2].[O&D0&v2&H2&+0&!R:3].[O&D1&v2&H0&+0&!R:4]=[O&D1&v2&H0&+0&!R:5]>>[C&D2&v4&H1&+0&!R&z1:2]=[O&D1&v2&H0&+0&!R:3].[N&D1&v3&H2&+0&!R:1].[O&D1&v2&H1&+0&!R:4]-[O&D1&v2&H1&+0&!R:5],792
1132,[N&D2&v3&H1&+0&!R:1].[O&D0&v2&H2&+0&!R:2].[c&D3&v4&H0&+0&R&z0:3]1:[c&D2&v4&H1&+0&R&z0:4]:[c&D2&v4&H1&+0&R&z0:5]:[c&D2&v4&H1&+0&R&z1:6]:[n&D3&v4&H0&+&R:7]:[c&D2&v4&H1&+0&R&z1:8]:1>>[C&D3&v4&H0&+0&R&z0:3]1=[C&D2&v4&H1&+0&R&z1:8]-[N&D3&v3&H0&+0&R:7]-[C&D2&v4&H1&+0&R&z1:6]=[C&D2&v4&H1&+0&R&z0:5]-[C&D2&v4&H2&+0&R&z0:4]-1.[N&D3&v3&H0&+0&!R:1]-[O&D1&v2&H1&+0&!R:2],814
1133,[C&D3&v4&H0&+0&!R&z2:1](=[O&D1&v2&H0&+0&!R:2])-[O&D1&v2&H1&+0&!R:3].[c&D2&v4&H1&+0&R&z0:4]>>[O&D0&v2&H2&+0&!R:3].[c&D3&v4&H0&+0&R&z0:4]-[C&D3&v4&H0&+0&!R&z1:1]=[O&D1&v2&H0&+0&!R:2],355
1134,[C&D4&v4&H0&+0&!R&z0:1]-[C&D2&v4&H2&+0&!R&z0:2].[O&D1&v2&H1&+0&!R:3]>>[C&D3&v4&H1&+0&!R&z0:1].[O&D2&v2&H0&+0&!R:3]-[C&D2&v4&H2&+0&!R&z1:2],668
1135,[C&D3&v4&H0&+0&!R&z2:1]-[O&D1&v2&H1&+0&!R:2].[P&D4&v5&H0&+0&!R:3]-[O&D2&v2&H0&+0&!R:4].[S&D1&v2&H1&+0&!R:5]>>[C&D3&v4&H0&+0&!R&z2:1]-[S&D2&v2&H0&+0&!R:5].[O&D1&v2&H1&+0&!R:4].[P&D4&v5&H0&+0&!R:3]-[O&D1&v2&H1&+0&!R:2],1023
1136,[C&D3&v4&H0&+0&!R&z2:1]-[O&D1&v2&H1&+0&!R:2].[S&D2&v2&H0&+0&!R:3]-[C&D3&v4&H0&+0&!R&z2:4]=[O&D1&v2&H0&+0&!R:5]>>[C&D3&v4&H0&+0&!R&z2:1]-[S&D2&v2&H0&+0&!R:3].[O&D1&v2&H0&+0&!R:5]=[C&D3&v4&H0&+0&!R&z2:4]-[O&D1&v2&H1&+0&!R:2],145
1137,[C&D3&v4&H0&+0&!R&z2:1]-[O&D1&v2&H1&+0&!R:2].[C&D3&v4&H0&+0&R&z1:3]=[O&D1&v2&H0&+0&!R:4].[O&D0&v2&H2&+0&!R:5].[c&D3&v4&H0&+0&R&z0:6]1:[c&D2&v4&H1&+0&R&z0:7]:[c&D2&v4&H1&+0&R&z0:8]:[c&D2&v4&H1&+0&R&z1:9]:[n&D3&v4&H0&+&R:10]:[c&D2&v4&H1&+0&R&z1:11]:1>>[C&D3&v4&H0&+0&!R&z1:1]-[C&D4&v4&H0&+0&R&z1:3]-[O&D1&v2&H1&+0&!R:4].[C&D3&v4&H0&+0&R&z0:6]1=[C&D2&v4&H1&+0&R&z1:11]-[N&D3&v3&H0&+0&R:10]-[C&D2&v4&H1&+0&R&z1:9]=[C&D2&v4&H1&+0&R&z0:8]-[C&D2&v4&H2&+0&R&z0:7]-1.[O&D1&v2&H0&+0&!R:5]=[O&D1&v2&H0&+0&!R:2],905
1138,[C&D1&v4&H3&+0&!R&z0:1].[O&D1&v2&H1&+0&!R:2].[c&D3&v4&H0&+0&R&z0:3]1:[c&D2&v4&H1&+0&R&z0:4]:[c&D2&v4&H1&+0&R&z0:5]:[c&D2&v4&H1&+0&R&z1:6]:[n&D3&v4&H0&+&R:7]:[c&D2&v4&H1&+0&R&z1:8]:1>>[C&D2&v4&H2&+0&!R&z1:1]-[O&D2&v2&H0&+0&!R:2].[C&D3&v4&H0&+0&R&z0:3]1=[C&D2&v4&H1&+0&R&z1:8]-[N&D3&v3&H0&+0&R:7]-[C&D2&v4&H1&+0&R&z1:6]=[C&D2&v4&H1&+0&R&z0:5]-[C&D2&v4&H2&+0&R&z0:4]-1,819
1139,[C&D1&v4&H3&+0&!R&z0:1].[O&D1&v2&H1&+0&!R:2].[c&D3&v4&H0&+0&R&z0:3]1:[c&D2&v4&H1&+0&R&z0:4]:[c&D2&v4&H1&+0&R&z0:5]:[c&D2&v4&H1&+0&R&z1:6]:[n&D3&v4&H0&+&R:7]:[c&D2&v4&H1&+0&R&z1:8]:1>>[C&D3&v4&H0&+0&R&z0:3]1=[C&D2&v4&H1&+0&R&z1:8]-[N&D3&v3&H0&+0&R:7]-[C&D2&v4&H1&+0&R&z1:6]=[C&D2&v4&H1&+0&R&z0:5]-[C&D2&v4&H2&+0&R&z0:4]-1.[O&D2&v2&H0&+0&!R:2]-[C&D2&v4&H2&+0&!R&z1:1],819
1140,[C&D3&v4&H0&+0&R&z1:1](=[C&D2&v4&H1&+0&R&z0:2])-[C&D3&v4&H1&+0&R&z1:3]-[O&D2&v2&H0&+0&R:4].[O&D1&v2&H1&+0&!R:5]>>([C&D3&v4&H0&+0&R&z1:1](=[C&D2&v4&H1&+0&R&z0:3])-[C&D3&v4&H1&+0&R&z1:2]-[O&D2&v2&H0&+0&!R:5].[O&D1&v2&H1&+0&!R:4]),266
1141,[C&D1&v4&H3&+0&!R&z0:1].[C&D2&v4&H1&+0&!R&z1:2]=[O&D1&v2&H0&+0&!R:3]>>[C&D2&v4&H1&+0&!R&z0:2]=[C&D2&v4&H1&+0&!R&z0:1].[O&D0&v2&H2&+0&!R:3],273
1142,[O&D1&v2&H1&+0&!R:1].[S&D2&v2&H0&+0&!R:2]-[C&D2&v4&H2&+0&!R&z1:3]>>[O&D2&v2&H0&+0&!R:1]-[C&D2&v4&H2&+0&!R&z1:3].[S&D1&v2&H1&+0&!R:2],139
1143,[C&D3&v4&H0&+0&!R&z2:1](=[O&D1&v2&H0&+0&!R:2])-[O&D1&v2&H1&+0&!R:3].[N&D0&v3&H3&+0&!R:4].[O&D1&v2&H0&+0&!R:5]=[C&D2&v4&H0&+0&!R&z2:6].[O&D1&v2&H0&+0&!R:7]=[C&D2&v4&H1&+0&!R&z1:8]-[C&D2&v4&H2&+0&!R&z0:9]>>[C&D3&v4&H0&+0&!R&z2:1](=[O&D1&v2&H0&+0&!R:2])-[N&D2&v3&H1&+0&!R:4]-[C&D2&v4&H1&+0&!R&z1:8]=[C&D3&v4&H0&+0&!R&z0:9]-[C&D3&v4&H0&+0&!R&z2:6]-[O&D1&v2&H1&+0&!R:5].[O&D0&v2&H2&+0&!R:7].[O&D0&v2&H2&+0&!R:3],438
1144,[C&D2&v4&H2&+0&!R&z1:1]-[S&D1&v2&H1&+0&!R:2].[O&D1&v2&H1&+0&!R:3]>>[O&D2&v2&H0&+0&!R:3]-[C&D2&v4&H2&+0&!R&z1:1].[S&D0&v2&H2&+0&!R:2],139
1145,[C&D2&v4&H2&+0&!R&z1:1]-[S&D2&v2&H0&+0&!R:2].[O&D1&v2&H1&+0&!R:3]>>[O&D2&v2&H0&+0&!R:3]-[C&D2&v4&H2&+0&!R&z1:1].[S&D1&v2&H1&+0&!R:2],139
1146,[C&D2&v4&H2&+0&!R&z1:1]-[n&D3&v4&H0&+&R:2].[O&D1&v2&H1&+0&!R:3]>>[O&D2&v2&H0&+0&!R:3]-[C&D2&v4&H2&+0&!R&z1:1].[n&D2&v3&H0&+0&R:2],222
1147,[C&D2&v4&H2&+0&!R&z0:1]-[c&D3&v4&H0&+0&R&z0:2].[O&D1&v2&H1&+0&!R:3]>>[O&D2&v2&H0&+0&!R:3]-[C&D2&v4&H2&+0&!R&z1:1].[c&D2&v4&H1&+0&R&z0:2],668
1148,[C&D3&v4&H0&+0&!R&z2:1](=[O&D1&v2&H0&+0&!R:2])-[O&D1&v2&H1&+0&!R:3].[O&D0&v2&H2&+0&!R:4].[O&D1&v2&H0&+0&!R:5]=[C&D2&v4&H0&+0&!R&z2:6]>>[C&D3&v4&H1&+0&!R&z1:1](-[O&D1&v2&H1&+0&!R:3])-[C&D3&v4&H0&+0&!R&z2:6]-[O&D1&v2&H1&+0&!R:5].[O&D1&v2&H0&+0&!R:2]=[O&D1&v2&H0&+0&!R:4],815
1149,[C&D1&v4&H3&+0&!R&z0:1].[O&D1&v2&H0&+0&!R:2]=[C&D3&v4&H0&+0&!R&z2:3]-[O&D1&v2&H1&+0&!R:4]>>[C&D2&v4&H2&+0&!R&z0:1]-[C&D3&v4&H0&+0&!R&z1:3]=[O&D1&v2&H0&+0&!R:2].[O&D0&v2&H2&+0&!R:4],355
1150,[C&D1&v4&H3&+0&!R&z0:1].[C&D3&v4&H0&+0&!R&z1:2]=[O&D1&v2&H0&+0&!R:3]>>[C&D2&v4&H2&+0&!R&z0:1]-[C&D4&v4&H0&+0&!R&z1:2]-[O&D1&v2&H1&+0&!R:3],439
1151,[C&D3&v4&H0&+0&!R&z2:1]-[O&D1&v2&H1&+0&!R:2].[C&D3&v4&H0&+0&!R&z3:3]-[S&D2&v2&H0&+0&!R:4]>>[C&D3&v4&H0&+0&!R&z2:1]-[S&D2&v2&H0&+0&!R:4].[C&D3&v4&H0&+0&!R&z3:3]-[O&D1&v2&H1&+0&!R:2],145
1152,[C&D3&v4&H0&+0&!R&z0:1]=[C&D2&v4&H1&+0&!R&z0:2]-[C&D2&v4&H2&+0&!R&z1:3]-[O&D2&v2&H0&+0&!R:4].[c&D2&v4&H1&+0&R&z1:5]>>[C&D1&v4&H2&+0&!R&z0:3]=[C&D2&v4&H1&+0&!R&z0:2]-[C&D4&v4&H0&+0&!R&z0:1]-[c&D3&v4&H0&+0&R&z1:5].[O&D1&v2&H1&+0&!R:4],365
1153,[C&D3&v4&H0&+0&!R&z2:1]-[O&D2&v2&H0&+0&!R:2]-[C&D3&v4&H1&+0&R&z1:3].[O&D0&v2&H2&+0&!R:4].[c&D3&v4&H0&+0&R&z0:5]1:[c&D2&v4&H1&+0&R&z0:6]:[c&D2&v4&H1&+0&R&z0:7]:[c&D2&v4&H1&+0&R&z1:8]:[n&D3&v4&H0&+&R:9]:[c&D2&v4&H1&+0&R&z1:10]:1>>[C&D3&v4&H0&+0&!R&z1:1]-[C&D3&v4&H1&+0&R&z0:3].[C&D3&v4&H0&+0&R&z0:5]1=[C&D2&v4&H1&+0&R&z1:10]-[N&D3&v3&H0&+0&R:9]-[C&D2&v4&H1&+0&R&z1:8]=[C&D2&v4&H1&+0&R&z0:7]-[C&D2&v4&H2&+0&R&z0:6]-1.[O&D1&v2&H0&+0&!R:4]=[O&D1&v2&H0&+0&!R:2],550
1154,[O&D2&v2&H0&+0&!R:1]-[C&D2&v4&H2&+0&!R&z1:2].[S&D1&v2&H1&+0&!R:3]>>[O&D1&v2&H1&+0&!R:1].[S&D2&v2&H0&+0&!R:3]-[C&D2&v4&H2&+0&!R&z1:2],849
1155,[O&D2&v2&H0&+0&!R:1]-[C&D2&v4&H2&+0&!R&z1:2].[S&D1&v2&H1&+0&!R:3]>>[C&D2&v4&H2&+0&!R&z1:2]-[S&D2&v2&H0&+0&!R:3].[O&D1&v2&H1&+0&!R:1],849
1156,[O&D2&v2&H0&+0&!R:1]-[C&D2&v4&H2&+0&!R&z1:2].[n&D2&v3&H1&+0&R:3]>>[C&D2&v4&H2&+0&!R&z1:2]-[n&D3&v3&H0&+0&R:3].[O&D1&v2&H1&+0&!R:1],175
1157,[O&D2&v2&H0&+0&!R:1]-[C&D2&v4&H2&+0&!R&z1:2].[c&D2&v4&H1&+0&R&z0:3]>>[C&D2&v4&H2&+0&!R&z0:2]-[c&D3&v4&H0&+0&R&z0:3].[O&D1&v2&H1&+0&!R:1],355
1158,[O&D2&v2&H0&+0&!R:1]-[C&D2&v4&H2&+0&!R&z1:2].[n&D2&v3&H0&+0&R:3]>>[C&D2&v4&H2&+0&!R&z1:2]-[n&D3&v4&H0&+&R:3].[O&D1&v2&H1&+0&!R:1],285
1159,[O&D2&v2&H0&+0&!R:1]-[C&D2&v4&H2&+0&!R&z1:2].[S&D0&v2&H2&+0&!R:3]>>[C&D2&v4&H2&+0&!R&z1:2]-[S&D1&v2&H1&+0&!R:3].[O&D1&v2&H1&+0&!R:1],849
1160,[C&D3&v4&H0&+0&R&z0:1]1=[C&D2&v4&H1&+0&R&z1:2]-[N&D3&v3&H0&+0&R:3]-[C&D2&v4&H1&+0&R&z1:4]=[C&D2&v4&H1&+0&R&z0:5]-[C&D2&v4&H2&+0&R&z0:6]-1.[O&D2&v2&H0&+0&!R:7]-[C&D2&v4&H2&+0&!R&z1:8]>>[C&D1&v4&H3&+0&!R&z0:8].[O&D1&v2&H1&+0&!R:7].[c&D3&v4&H0&+0&R&z0:1]1:[c&D2&v4&H1&+0&R&z0:6]:[c&D2&v4&H1&+0&R&z0:5]:[c&D2&v4&H1&+0&R&z1:4]:[n&D3&v4&H0&+&R:3]:[c&D2&v4&H1&+0&R&z1:2]:1,232
1161,[C&D3&v4&H0&+0&!R&z2:1]-[O&D2&v2&H0&+0&!R:2]-[C&D2&v4&H2&+0&!R&z1:3].[O&D0&v2&H2&+0&!R:4].[c&D3&v4&H0&+0&R&z0:5]1:[c&D2&v4&H1&+0&R&z0:6]:[c&D2&v4&H1&+0&R&z0:7]:[c&D2&v4&H1&+0&R&z1:8]:[n&D3&v4&H0&+&R:9]:[c&D2&v4&H1&+0&R&z1:10]:1>>[C&D3&v4&H0&+0&!R&z1:1]-[C&D2&v4&H2&+0&!R&z0:3].[C&D3&v4&H0&+0&R&z0:5]1=[C&D2&v4&H1&+0&R&z1:10]-[N&D3&v3&H0&+0&R:9]-[C&D2&v4&H1&+0&R&z1:8]=[C&D2&v4&H1&+0&R&z0:7]-[C&D2&v4&H2&+0&R&z0:6]-1.[O&D1&v2&H0&+0&!R:4]=[O&D1&v2&H0&+0&!R:2],550
1162,[C&D3&v4&H1&+0&!R&z0:1].[O&D2&v2&H0&+0&!R:2]-[C&D2&v4&H2&+0&!R&z1:3]>>[C&D4&v4&H0&+0&!R&z0:1]-[C&D2&v4&H2&+0&!R&z0:3].[O&D1&v2&H1&+0&!R:2],355
1163,[C&D1&v4&H3&+0&!R&z0:1]-[C&D3&v4&H0&+0&!R&z2:2]-[O&D2&v2&H0&+0&!R:3].[O&D0&v2&H2&+0&!R:4].[O&D1&v2&H0&+0&!R:5]=[C&D2&v4&H1&+0&!R&z1:6]>>[C&D3&v4&H0&+0&!R&z1:2](-[C&D2&v4&H2&+0&!R&z1:1]-[O&D1&v2&H1&+0&!R:4])-[C&D3&v4&H1&+0&!R&z1:6]-[O&D1&v2&H1&+0&!R:5].[O&D1&v2&H1&+0&!R:3],799
1164,[C&D3&v4&H0&+0&!R&z2:1]-[O&D2&v2&H0&+0&!R:2]-[c&D3&v4&H0&+0&R&z1:3].[O&D0&v2&H2&+0&!R:4].[c&D3&v4&H0&+0&R&z0:5]1:[c&D2&v4&H1&+0&R&z0:6]:[c&D2&v4&H1&+0&R&z0:7]:[c&D2&v4&H1&+0&R&z1:8]:[n&D3&v4&H0&+&R:9]:[c&D2&v4&H1&+0&R&z1:10]:1>>[C&D3&v4&H0&+0&!R&z1:1]-[c&D3&v4&H0&+0&R&z0:3].[C&D3&v4&H0&+0&R&z0:5]1=[C&D2&v4&H1&+0&R&z1:10]-[N&D3&v3&H0&+0&R:9]-[C&D2&v4&H1&+0&R&z1:8]=[C&D2&v4&H1&+0&R&z0:7]-[C&D2&v4&H2&+0&R&z0:6]-1.[O&D1&v2&H0&+0&!R:4]=[O&D1&v2&H0&+0&!R:2],550
1165,[C&D3&v4&H0&+0&!R&z2:1](=[O&D1&v2&H0&+0&!R:2])-[S&D2&v2&H0&+0&!R:3].[S&D1&v2&H1&+0&!R:4]>>[C&D3&v4&H0&+0&!R&z2:1](=[O&D1&v2&H0&+0&!R:2])-[S&D2&v2&H0&+0&!R:4].[S&D1&v2&H1&+0&!R:3],777
1166,[C&D3&v4&H0&+0&!R&z2:1](=[O&D1&v2&H0&+0&!R:2])-[N&D2&v3&H1&+0&!R:3].[N&D1&v3&H2&+0&!R:4]>>[N&D1&v3&H2&+0&!R:3].[N&D2&v3&H1&+0&!R:4]-[C&D3&v4&H0&+0&!R&z2:1]=[O&D1&v2&H0&+0&!R:2],316
1167,[C&D1&v4&H3&+0&!R&z0:1].[C&D3&v4&H0&+0&!R&z2:2]-[S&D2&v2&H0&+0&!R:3]>>[C&D3&v4&H0&+0&!R&z1:2]-[C&D2&v4&H2&+0&!R&z0:1].[S&D1&v2&H1&+0&!R:3],42
1168,[C&D2&v4&H2&+0&!R&z0:1]-[C&D3&v4&H0&+0&!R&z2:2]-[O&D1&v2&H1&+0&!R:3].[C&D3&v4&H0&+0&!R&z2:4](=[O&D1&v2&H0&+0&!R:5])-[S&D2&v2&H0&+0&!R:6]>>[C&D3&v4&H0&+0&!R&z1:4](=[O&D1&v2&H0&+0&!R:5])-[C&D2&v4&H2&+0&!R&z0:1].[O&D1&v2&H0&+0&!R:3]=[C&D2&v4&H0&+0&!R&z2:2].[S&D1&v2&H1&+0&!R:6],655
1169,[C&D1&v4&H3&+0&!R&z0:1].[S&D2&v2&H0&+0&!R:2]-[C&D3&v4&H0&+0&!R&z2:3]>>[C&D2&v4&H2&+0&!R&z0:1]-[C&D3&v4&H0&+0&!R&z1:3].[S&D1&v2&H1&+0&!R:2],42
1170,[C&D2&v4&H1&+0&!R&z1:1]=[O&D1&v2&H0&+0&!R:2].[C&D3&v4&H0&+0&!R&z2:3]-[S&D2&v2&H0&+0&!R:4].[C&D3&v4&H0&+0&R&z0:5]1=[C&D2&v4&H1&+0&R&z1:6]-[N&D3&v3&H0&+0&R:7]-[C&D2&v4&H1&+0&R&z1:8]=[C&D2&v4&H1&+0&R&z0:9]-[C&D2&v4&H2&+0&R&z0:10]-1>>[C&D3&v4&H0&+0&!R&z1:3]-[C&D3&v4&H1&+0&!R&z1:1]-[O&D1&v2&H1&+0&!R:2].[S&D1&v2&H1&+0&!R:4].[c&D3&v4&H0&+0&R&z0:5]1:[c&D2&v4&H1&+0&R&z0:10]:[c&D2&v4&H1&+0&R&z0:9]:[c&D2&v4&H1&+0&R&z1:8]:[n&D3&v4&H0&+&R:7]:[c&D2&v4&H1&+0&R&z1:6]:1,781
1171,[C&D2&v4&H2&+0&!R&z0:1].[C&D3&v4&H0&+0&!R&z2:2]-[S&D2&v2&H0&+0&!R:3]>>[C&D3&v4&H0&+0&!R&z1:2]-[C&D3&v4&H1&+0&!R&z0:1].[S&D1&v2&H1&+0&!R:3],42
1172,[C&D1&v4&H3&+0&!R&z0:1]-[C&D3&v4&H0&+0&!R&z2:2]-[S&D2&v2&H0&+0&!R:3].[C&D3&v4&H0&+0&!R&z3:4]-[O&D1&v2&H1&+0&!R:5].[C&D3&v4&H0&+0&R&z0:6]1=[C&D2&v4&H1&+0&R&z1:7]-[N&D3&v3&H0&+0&R:8]-[C&D2&v4&H1&+0&R&z1:9]=[C&D2&v4&H1&+0&R&z0:10]-[C&D2&v4&H2&+0&R&z0:11]-1>>[C&D2&v4&H1&+0&!R&z1:2]-[C&D2&v4&H2&+0&!R&z0:1]-[C&D3&v4&H0&+0&!R&z2:4].[O&D0&v2&H2&+0&!R:5].[S&D1&v2&H1&+0&!R:3].[c&D3&v4&H0&+0&R&z0:6]1:[c&D2&v4&H1&+0&R&z0:11]:[c&D2&v4&H1&+0&R&z0:10]:[c&D2&v4&H1&+0&R&z1:9]:[n&D3&v4&H0&+&R:8]:[c&D2&v4&H1&+0&R&z1:7]:1,574
1173,[C&D3&v4&H0&+0&!R&z2:1](=[O&D1&v2&H0&+0&!R:2])-[S&D2&v2&H0&+0&!R:3].[C&D3&v4&H0&+0&R&z0:4]1=[C&D2&v4&H1&+0&R&z1:5]-[N&D3&v3&H0&+0&R:6]-[C&D2&v4&H1&+0&R&z1:7]=[C&D2&v4&H1&+0&R&z0:8]-[C&D2&v4&H2&+0&R&z0:9]-1.[O&D1&v2&H0&+0&!R:10]=[C&D2&v4&H0&+0&!R&z2:11]>>[C&D3&v4&H0&+0&!R&z1:1](=[O&D1&v2&H0&+0&!R:2])-[C&D3&v4&H0&+0&!R&z2:11]-[O&D1&v2&H1&+0&!R:10].[S&D1&v2&H1&+0&!R:3].[c&D3&v4&H0&+0&R&z0:4]1:[c&D2&v4&H1&+0&R&z0:9]:[c&D2&v4&H1&+0&R&z0:8]:[c&D2&v4&H1&+0&R&z1:7]:[n&D3&v4&H0&+&R:6]:[c&D2&v4&H1&+0&R&z1:5]:1,781
1174,[C&D3&v4&H0&+0&!R&z2:1]-[S&D2&v2&H0&+0&!R:2].[C&D3&v4&H0&+0&R&z0:3]1=[C&D2&v4&H1&+0&R&z1:4]-[N&D3&v3&H0&+0&R:5]-[C&D2&v4&H1&+0&R&z1:6]=[C&D2&v4&H1&+0&R&z0:7]-[C&D2&v4&H2&+0&R&z0:8]-1>>[C&D2&v4&H1&+0&!R&z1:1].[S&D1&v2&H1&+0&!R:2].[c&D3&v4&H0&+0&R&z0:3]1:[c&D2&v4&H1&+0&R&z0:8]:[c&D2&v4&H1&+0&R&z0:7]:[c&D2&v4&H1&+0&R&z1:6]:[n&D3&v4&H0&+&R:5]:[c&D2&v4&H1&+0&R&z1:4]:1,706
1175,[C&D3&v4&H0&+0&!R&z2:1](=[O&D1&v2&H0&+0&!R:2])-[S&D2&v2&H0&+0&!R:3].[N&D2&v3&H1&+0&!R:4]>>[C&D3&v4&H0&+0&!R&z2:1](=[O&D1&v2&H0&+0&!R:2])-[N&D3&v3&H0&+0&!R:4].[S&D1&v2&H1&+0&!R:3],347
1176,[C&D2&v4&H2&+0&!R&z1:1].[C&D3&v4&H0&+0&!R&z2:2](=[O&D1&v2&H0&+0&!R:3])-[S&D2&v2&H0&+0&!R:4]>>[C&D3&v4&H0&+0&!R&z1:2](=[O&D1&v2&H0&+0&!R:3])-[C&D3&v4&H1&+0&!R&z1:1].[S&D1&v2&H1&+0&!R:4],42
1177,[N&D1&v3&H2&+0&!R:1].[N&D2&v3&H1&+0&!R:2]-[C&D3&v4&H0&+0&!R&z2:3]=[O&D1&v2&H0&+0&!R:4]>>[C&D3&v4&H0&+0&!R&z2:3](=[O&D1&v2&H0&+0&!R:4])-[N&D2&v3&H1&+0&!R:1].[N&D1&v3&H2&+0&!R:2],316
1178,[C&D1&v4&H3&+0&!R&z0:1]-[C&D3&v4&H0&+0&!R&z2:2](=[O&D1&v2&H0&+0&!R:3])-[S&D2&v2&H0&+0&!R:4].[C&D3&v4&H0&+0&!R&z1:5]=[O&D1&v2&H0&+0&!R:6].[P&D4&v5&H0&+0&!R:7]-[O&D1&v2&H1&+0&!R:8].[P&D4&v5&H0&+0&!R:9]-[O&D1&v2&H1&+0&!R:10]>>[O&D1&v2&H0&+0&!R:3]=[C&D3&v4&H0&+0&!R&z2:2](-[O&D1&v2&H1&+0&!R:10])-[C&D2&v4&H2&+0&!R&z0:1]-[C&D4&v4&H0&+0&!R&z1:5]-[O&D1&v2&H1&+0&!R:6].[P&D4&v5&H0&+0&!R:7]-[O&D2&v2&H0&+0&!R:8]-[P&D4&v5&H0&+0&!R:9].[S&D1&v2&H1&+0&!R:4],92
1179,[C&D3&v4&H0&+0&!R&z2:1](=[O&D1&v2&H0&+0&!R:2])-[S&D2&v2&H0&+0&!R:3].[P&D4&v5&H0&+0&!R:4]-[O&D1&v2&H1&+0&!R:5].[P&D4&v5&H0&+0&!R:6]-[O&D1&v2&H1&+0&!R:7]>>[C&D3&v4&H0&+0&!R&z2:1](=[O&D1&v2&H0&+0&!R:2])-[O&D1&v2&H1&+0&!R:7].[P&D4&v5&H0&+0&!R:4]-[O&D2&v2&H0&+0&!R:5]-[P&D4&v5&H0&+0&!R:6].[S&D1&v2&H1&+0&!R:3],242
1180,[C&D1&v4&H3&+0&!R&z0:1].[C&D3&v4&H0&+0&!R&z3:2]-[O&D1&v2&H1&+0&!R:3].[P&D4&v5&H0&+0&!R:4]-[O&D2&v2&H0&+0&!R:5]>>[C&D2&v4&H2&+0&!R&z0:1]-[C&D3&v4&H0&+0&!R&z2:2].[O&D1&v2&H1&+0&!R:5].[P&D4&v5&H0&+0&!R:4]-[O&D1&v2&H1&+0&!R:3],126
1181,[C&D1&v4&H3&+0&!R&z0:1]-[C&D3&v4&H0&+0&!R&z2:2](=[O&D1&v2&H0&+0&!R:3])-[S&D2&v2&H0&+0&!R:4].[C&D3&v4&H0&+0&!R&z1:5]=[O&D1&v2&H0&+0&!R:6].[O&D0&v2&H2&+0&!R:7]>>[O&D1&v2&H0&+0&!R:3]=[C&D3&v4&H0&+0&!R&z2:2](-[O&D1&v2&H1&+0&!R:7])-[C&D2&v4&H2&+0&!R&z0:1]-[C&D4&v4&H0&+0&!R&z1:5]-[O&D1&v2&H1&+0&!R:6].[S&D1&v2&H1&+0&!R:4],1014
1182,[C&D1&v4&H3&+0&!R&z0:1]-[C&D3&v4&H0&+0&!R&z2:2](=[O&D1&v2&H0&+0&!R:3])-[S&D2&v2&H0&+0&!R:4].[O&D0&v2&H2&+0&!R:5].[O&D1&v2&H0&+0&!R:6]=[C&D2&v4&H1&+0&!R&z1:7]>>[O&D1&v2&H0&+0&!R:3]=[C&D3&v4&H0&+0&!R&z2:2](-[O&D1&v2&H1&+0&!R:5])-[C&D2&v4&H2&+0&!R&z0:1]-[C&D3&v4&H1&+0&!R&z1:7]-[O&D1&v2&H1&+0&!R:6].[S&D1&v2&H1&+0&!R:4],1014
1183,[C&D3&v4&H0&+0&!R&z2:1](=[O&D1&v2&H0&+0&!R:2])-[S&D2&v2&H0&+0&!R:3].[N&D2&v3&H1&+0&R:4]>>[C&D3&v4&H0&+0&!R&z2:1](=[O&D1&v2&H0&+0&!R:2])-[N&D3&v3&H0&+0&R:4].[S&D1&v2&H1&+0&!R:3],347
1184,[C&D1&v4&H3&+0&!R&z0:1].[C&D2&v4&H2&+0&!R&z0:2]-[C&D2&v4&H2&+0&!R&z0:3]>>[C&D1&v4&H3&+0&!R&z0:3].[C&D2&v4&H2&+0&!R&z0:1]-[C&D2&v4&H2&+0&!R&z0:2],686
1185,[C&D1&v4&H3&+0&!R&z0:1].[O&D1&v2&H0&+0&!R:2]=[C&D3&v4&H0&+0&R&z1:3]>>[C&D2&v4&H2&+0&!R&z0:1]-[C&D4&v4&H0&+0&R&z1:3]-[O&D1&v2&H1&+0&!R:2],439
1186,[C&D2&v4&H1&+0&!R&z2:1].[C&D3&v4&H0&+0&!R&z2:2](=[O&D1&v2&H0&+0&!R:3])-[S&D2&v2&H0&+0&!R:4]>>[C&D3&v4&H0&+0&!R&z1:2](=[O&D1&v2&H0&+0&!R:3])-[C&D3&v4&H0&+0&!R&z2:1].[S&D1&v2&H1&+0&!R:4],42
1187,[C&D3&v4&H0&+0&!R&z2:1]-[S&D2&v2&H0&+0&!R:2].[N&D2&v3&H1&+0&R:3]>>[C&D3&v4&H0&+0&!R&z2:1]-[N&D3&v3&H0&+0&R:3].[S&D1&v2&H1&+0&!R:2],347
1188,[C&D3&v4&H0&+0&!R&z2:1](=[O&D1&v2&H0&+0&!R:2])-[S&D2&v2&H0&+0&!R:3].[S&D0&v2&H2&+0&!R:4]>>[C&D3&v4&H0&+0&!R&z2:1](=[O&D1&v2&H0&+0&!R:2])-[S&D1&v2&H1&+0&!R:4].[S&D1&v2&H1&+0&!R:3],777
1189,[C&D3&v4&H0&+0&!R&z2:1]-[S&D2&v2&H0&+0&!R:2].[C&D3&v4&H0&+0&!R&z3:3]-[O&D1&v2&H1&+0&!R:4]>>[C&D3&v4&H0&+0&!R&z2:1]-[O&D1&v2&H1&+0&!R:4].[C&D3&v4&H0&+0&!R&z3:3]-[S&D2&v2&H0&+0&!R:2],145
1190,[C&D3&v4&H0&+0&!R&z2:1]-[S&D2&v2&H0&+0&!R:2].[n&D2&v3&H1&+0&R:3]>>[C&D3&v4&H0&+0&!R&z2:1]-[n&D3&v3&H0&+0&R:3].[S&D1&v2&H1&+0&!R:2],347
1191,[C&D3&v4&H0&+0&!R&z1:1](=[O&D1&v2&H0&+0&!R:2])-[c&D3&v4&H0&+0&R&z0:3].[O&D0&v2&H2&+0&!R:4]>>[C&D3&v4&H0&+0&!R&z2:1](=[O&D1&v2&H0&+0&!R:2])-[O&D1&v2&H1&+0&!R:4].[c&D2&v4&H1&+0&R&z0:3],668
1192,[C&D3&v4&H0&+0&!R&z1:1]-[c&D3&v4&H0&+0&R&z0:2].[c&D2&v4&H1&+0&R&z0:3]>>[C&D3&v4&H0&+0&!R&z1:1]-[c&D3&v4&H0&+0&R&z0:3].[c&D2&v4&H1&+0&R&z0:2],686
1193,[C&D3&v4&H0&+0&!R&z1:1]-[c&D3&v4&H0&+0&R&z0:2].[c&D2&v4&H1&+0&R&z0:3]>>[c&D2&v4&H1&+0&R&z0:2].[c&D3&v4&H0&+0&R&z0:3]-[C&D3&v4&H0&+0&!R&z1:1],686
1194,[C&D3&v4&H0&+0&!R&z1:1]-[c&D3&v4&H0&+0&R&z0:2].[C&D3&v4&H0&+0&R&z0:3]1=[C&D2&v4&H1&+0&R&z1:4]-[N&D3&v3&H0&+0&R:5]-[C&D2&v4&H1&+0&R&z1:6]=[C&D2&v4&H1&+0&R&z0:7]-[C&D2&v4&H2&+0&R&z0:8]-1.[O&D1&v2&H0&+0&!R:9]=[O&D1&v2&H0&+0&!R:10]>>[C&D3&v4&H0&+0&!R&z2:1]-[O&D2&v2&H0&+0&!R:10]-[c&D3&v4&H0&+0&R&z1:2].[O&D0&v2&H2&+0&!R:9].[c&D3&v4&H0&+0&R&z0:3]1:[c&D2&v4&H1&+0&R&z0:8]:[c&D2&v4&H1&+0&R&z0:7]:[c&D2&v4&H1&+0&R&z1:6]:[n&D3&v4&H0&+&R:5]:[c&D2&v4&H1&+0&R&z1:4]:1,604
1195,[C&D1&v4&H3&+0&!R&z0:1]-[C&D3&v4&H1&+0&!R&z0:2].[S&D2&v2&H0&+0&!R:3]>>[C&D1&v4&H3&+0&!R&z1:1]-[S&D3&v3&H0&+&!R:3].[C&D2&v4&H2&+0&!R&z0:2],371
1196,[C&D3&v4&H1&+0&!R&z0:1]-[C&D3&v4&H0&+0&!R&z1:2].[S&D1&v2&H1&+0&!R:3]>>[C&D2&v4&H2&+0&!R&z0:1].[C&D3&v4&H0&+0&!R&z2:2]-[S&D2&v2&H0&+0&!R:3],787
1197,[C&D3&v4&H0&+0&!R&z0:1]=[C&D3&v4&H0&+0&!R&z0:2].[O&D0&v2&H2&+0&!R:3]>>[C&D3&v4&H1&+0&!R&z0:1]-[C&D4&v4&H0&+0&!R&z1:2]-[O&D1&v2&H1&+0&!R:3],703
1198,[C&D1&v4&H3&+0&!R&z0:1]-[C&D3&v4&H0&+0&!R&z0:2]=[C&D3&v4&H0&+0&!R&z0:3]>>[C&D1&v4&H2&+0&!R&z0:1]=[C&D3&v4&H0&+0&!R&z0:2]-[C&D3&v4&H1&+0&!R&z0:3],367
1199,[C&D3&v4&H0&+0&!R&z0:1]=[C&D3&v4&H0&+0&!R&z0:2].[O&D0&v2&H2&+0&!R:3]>>[C&D4&v4&H0&+0&!R&z1:1](-[O&D1&v2&H1&+0&!R:3])-[C&D3&v4&H1&+0&!R&z0:2],703
1200,[C&D3&v4&H1&+0&!R&z0:1]-[C&D3&v4&H0&+0&!R&z2:2]-[O&D1&v2&H1&+0&!R:3]>>[C&D2&v4&H2&+0&!R&z0:1].[O&D1&v2&H0&+0&!R:3]=[C&D2&v4&H0&+0&!R&z2:2],1009
1201,[C&D1&v4&H3&+0&!R&z0:1]-[C&D3&v4&H1&+0&!R&z0:2](-[C&D3&v4&H0&+0&!R&z2:3]-[O&D1&v2&H1&+0&!R:4])-[C&D3&v4&H0&+0&!R&z2:5]=[O&D1&v2&H0&+0&!R:6].[c&D3&v4&H0&+0&R&z0:7]1:[c&D2&v4&H1&+0&R&z0:8]:[c&D2&v4&H1&+0&R&z0:9]:[c&D2&v4&H1&+0&R&z1:10]:[n&D3&v4&H0&+&R:11]:[c&D2&v4&H1&+0&R&z1:12]:1>>[C&D1&v4&H2&+0&!R&z0:1]=[C&D2&v4&H1&+0&!R&z0:2]-[C&D3&v4&H0&+0&!R&z2:5]=[O&D1&v2&H0&+0&!R:6].[C&D3&v4&H0&+0&R&z0:7]1=[C&D2&v4&H1&+0&R&z1:12]-[N&D3&v3&H0&+0&R:11]-[C&D2&v4&H1&+0&R&z1:10]=[C&D2&v4&H1&+0&R&z0:9]-[C&D2&v4&H2&+0&R&z0:8]-1.[O&D1&v2&H0&+0&!R:4]=[C&D2&v4&H0&+0&!R&z2:3],373
1202,[C&D3&v4&H1&+0&!R&z0:1]-[C&D3&v4&H0&+0&!R&z2:2].[P&D4&v5&H0&+0&!R:3]-[O&D1&v2&H1&+0&!R:4].[P&D4&v5&H0&+0&!R:5]-[O&D1&v2&H1&+0&!R:6]>>[C&D2&v4&H2&+0&!R&z0:1].[C&D3&v4&H0&+0&!R&z3:2]-[O&D1&v2&H1&+0&!R:6].[P&D4&v5&H0&+0&!R:3]-[O&D2&v2&H0&+0&!R:4]-[P&D4&v5&H0&+0&!R:5],299
1203,[C&D1&v4&H3&+0&!R&z0:1]-[C&D3&v4&H1&+0&!R&z0:2]-[C&D3&v4&H0&+0&!R&z2:3]>>[C&D2&v4&H2&+0&!R&z0:2]-[C&D2&v4&H2&+0&!R&z0:1]-[C&D3&v4&H0&+0&!R&z2:3],181
1204,[C&D3&v4&H1&+0&!R&z0:1]-[C&D4&v4&H0&+0&!R&z1:2]-[O&D1&v2&H1&+0&!R:3]>>[C&D2&v4&H2&+0&!R&z0:1].[C&D3&v4&H0&+0&!R&z1:2]=[O&D1&v2&H0&+0&!R:3],1009
1205,[C&D3&v4&H1&+0&!R&z0:1]-[C&D4&v4&H0&+0&!R&z1:2]-[O&D1&v2&H1&+0&!R:3]>>[C&D3&v4&H0&+0&!R&z0:1]=[C&D3&v4&H0&+0&!R&z0:2].[O&D0&v2&H2&+0&!R:3],451
1206,[C&D3&v4&H1&+0&!R&z0:1]-[C&D3&v4&H1&+0&!R&z1:2]-[N&D1&v3&H2&+0&!R:3]>>[C&D3&v4&H0&+0&!R&z0:1]=[C&D2&v4&H1&+0&!R&z0:2].[N&D0&v3&H3&+0&!R:3],65
1207,[C&D3&v4&H1&+0&!R&z0:1](-[C&D3&v4&H0&+0&!R&z2:2](=[O&D1&v2&H0&+0&!R:3])-[O&D1&v2&H1&+0&!R:4])-[C&D4&v4&H0&+0&!R&z1:5]-[O&D1&v2&H1&+0&!R:6].[S&D1&v2&H1&+0&!R:7]>>[C&D2&v4&H2&+0&!R&z0:1]-[C&D3&v4&H0&+0&!R&z2:2](=[O&D1&v2&H0&+0&!R:3])-[S&D2&v2&H0&+0&!R:7].[C&D3&v4&H0&+0&!R&z1:5]=[O&D1&v2&H0&+0&!R:6].[O&D0&v2&H2&+0&!R:4],970
1208,[C&D3&v4&H1&+0&!R&z0:1](-[C&D3&v4&H0&+0&!R&z2:2](=[O&D1&v2&H0&+0&!R:3])-[O&D1&v2&H1&+0&!R:4])-[C&D3&v4&H1&+0&!R&z1:5]-[O&D1&v2&H1&+0&!R:6].[S&D1&v2&H1&+0&!R:7]>>[C&D2&v4&H2&+0&!R&z0:1]-[C&D3&v4&H0&+0&!R&z2:2](=[O&D1&v2&H0&+0&!R:3])-[S&D2&v2&H0&+0&!R:7].[O&D0&v2&H2&+0&!R:4].[O&D1&v2&H0&+0&!R:6]=[C&D2&v4&H1&+0&!R&z1:5],970
1209,[C&D3&v4&H1&+0&!R&z0:1](-[C&D3&v4&H0&+0&!R&z2:2]-[O&D1&v2&H1&+0&!R:3])-[C&D3&v4&H1&+0&!R&z1:4]-[O&D1&v2&H1&+0&!R:5].[c&D3&v4&H0&+0&R&z0:6]1:[c&D2&v4&H1&+0&R&z0:7]:[c&D2&v4&H1&+0&R&z0:8]:[c&D2&v4&H1&+0&R&z1:9]:[n&D3&v4&H0&+&R:10]:[c&D2&v4&H1&+0&R&z1:11]:1>>[C&D2&v4&H2&+0&!R&z0:1]-[C&D3&v4&H0&+0&!R&z1:4]=[O&D1&v2&H0&+0&!R:5].[C&D3&v4&H0&+0&R&z0:6]1=[C&D2&v4&H1&+0&R&z1:11]-[N&D3&v3&H0&+0&R:10]-[C&D2&v4&H1&+0&R&z1:9]=[C&D2&v4&H1&+0&R&z0:8]-[C&D2&v4&H2&+0&R&z0:7]-1.[O&D1&v2&H0&+0&!R:3]=[C&D2&v4&H0&+0&!R&z2:2],544
1210,[C&D3&v4&H1&+0&!R&z0:1]-[C&D3&v4&H1&+0&!R&z1:2]-[O&D1&v2&H1&+0&!R:3]>>[C&D3&v4&H0&+0&!R&z0:1]=[C&D2&v4&H1&+0&!R&z0:2].[O&D0&v2&H2&+0&!R:3],451
1211,[C&D3&v4&H0&+0&!R&z0:1]=[C&D3&v4&H0&+0&R&z0:2].[O&D0&v2&H2&+0&!R:3]>>[C&D3&v4&H1&+0&!R&z0:1]-[C&D4&v4&H0&+0&R&z1:2]-[O&D1&v2&H1&+0&!R:3],703
1212,[C&D3&v4&H1&+0&!R&z0:1]-[C&D3&v4&H1&+0&!R&z1:2]-[O&D1&v2&H1&+0&!R:3]>>[C&D2&v4&H2&+0&!R&z0:1].[O&D1&v2&H0&+0&!R:3]=[C&D2&v4&H1&+0&!R&z1:2],1009
1213,[C&D3&v4&H1&+0&!R&z0:1]-[C&D4&v4&H0&+0&R&z1:2]-[O&D1&v2&H1&+0&!R:3]>>[C&D3&v4&H0&+0&!R&z0:1]=[C&D3&v4&H0&+0&R&z0:2].[O&D0&v2&H2&+0&!R:3],451
1214,[C&D3&v4&H1&+0&!R&z0:1]-[C&D4&v4&H0&+0&R&z1:2]-[O&D1&v2&H1&+0&!R:3]>>[C&D2&v4&H2&+0&!R&z0:1].[C&D3&v4&H0&+0&R&z1:2]=[O&D1&v2&H0&+0&!R:3],1009
1215,[C&D2&v4&H1&+0&R&z0:1]=[C&D2&v4&H1&+0&R&z0:2].[C&D3&v4&H0&+0&R&z0:3]1=[C&D2&v4&H1&+0&R&z1:4]-[N&D3&v3&H0&+0&R:5]-[C&D2&v4&H1&+0&R&z1:6]=[C&D2&v4&H1&+0&R&z0:7]-[C&D2&v4&H2&+0&R&z0:8]-1>>[C&D2&v4&H2&+0&R&z0:1]-[C&D2&v4&H2&+0&R&z0:2].[c&D3&v4&H0&+0&R&z0:3]1:[c&D2&v4&H1&+0&R&z0:8]:[c&D2&v4&H1&+0&R&z0:7]:[c&D2&v4&H1&+0&R&z1:6]:[n&D3&v4&H0&+&R:5]:[c&D2&v4&H1&+0&R&z1:4]:1,515
1216,[C&D2&v4&H2&+0&R&z0:1]-[C&D2&v4&H2&+0&R&z0:2].[c&D3&v4&H0&+0&R&z0:3]1:[c&D2&v4&H1&+0&R&z0:4]:[c&D2&v4&H1&+0&R&z0:5]:[c&D2&v4&H1&+0&R&z1:6]:[n&D3&v4&H0&+&R:7]:[c&D2&v4&H1&+0&R&z1:8]:1>>[C&D2&v4&H1&+0&R&z0:1]=[C&D2&v4&H1&+0&R&z0:2].[C&D3&v4&H0&+0&R&z0:3]1=[C&D2&v4&H1&+0&R&z1:8]-[N&D3&v3&H0&+0&R:7]-[C&D2&v4&H1&+0&R&z1:6]=[C&D2&v4&H1&+0&R&z0:5]-[C&D2&v4&H2&+0&R&z0:4]-1,663
1217,[C&D3&v4&H1&+0&!R&z1:1](-[O&D1&v2&H1&+0&!R:2])-[C&D2&v4&H2&+0&!R&z0:3]-[C&D3&v4&H0&+0&!R&z2:4]=[O&D1&v2&H0&+0&!R:5]>>[C&D2&v4&H1&+0&!R&z0:1]=[C&D2&v4&H1&+0&!R&z0:3]-[C&D3&v4&H0&+0&!R&z2:4]=[O&D1&v2&H0&+0&!R:5].[O&D0&v2&H2&+0&!R:2],451
1218,[C&D3&v4&H0&+0&R&z1:1]=[O&D1&v2&H0&+0&!R:2].[O&D1&v2&H1&+0&!R:3]-[O&D1&v2&H1&+0&!R:4]>>[C&D3&v4&H1&+0&R&z1:1]-[O&D1&v2&H1&+0&!R:2].[O&D1&v2&H0&+0&!R:3]=[O&D1&v2&H0&+0&!R:4],824
1219,[C&D3&v4&H1&+0&R&z1:1]-[O&D1&v2&H1&+0&!R:2].[O&D1&v2&H0&+0&!R:3]=[O&D1&v2&H0&+0&!R:4]>>[C&D3&v4&H0&+0&R&z1:1]=[O&D1&v2&H0&+0&!R:2].[O&D1&v2&H1&+0&!R:3]-[O&D1&v2&H1&+0&!R:4],197
1220,[C&D4&v4&H0&+0&!R&z0:1](-[C&D3&v4&H0&+0&!R&z2:2]-[O&D1&v2&H1&+0&!R:3])-[C&D3&v4&H1&+0&!R&z1:4]-[O&D1&v2&H1&+0&!R:5].[c&D3&v4&H0&+0&R&z0:6]1:[c&D2&v4&H1&+0&R&z0:7]:[c&D2&v4&H1&+0&R&z0:8]:[c&D2&v4&H1&+0&R&z1:9]:[n&D3&v4&H0&+&R:10]:[c&D2&v4&H1&+0&R&z1:11]:1>>[C&D3&v4&H0&+0&R&z0:6]1=[C&D2&v4&H1&+0&R&z1:11]-[N&D3&v3&H0&+0&R:10]-[C&D2&v4&H1&+0&R&z1:9]=[C&D2&v4&H1&+0&R&z0:8]-[C&D2&v4&H2&+0&R&z0:7]-1.[C&D3&v4&H1&+0&!R&z0:1]-[C&D3&v4&H0&+0&!R&z1:4]=[O&D1&v2&H0&+0&!R:5].[O&D1&v2&H0&+0&!R:3]=[C&D2&v4&H0&+0&!R&z2:2],544
1221,[C&D1&v4&H3&+0&!R&z0:1]-[C&D4&v4&H0&+0&!R&z0:2]-[C&D3&v4&H0&+0&!R&z2:3]>>[C&D3&v4&H1&+0&!R&z0:2]-[C&D2&v4&H2&+0&!R&z0:1]-[C&D3&v4&H0&+0&!R&z2:3],181
1222,[C&D4&v4&H0&+0&!R&z1:1](-[O&D1&v2&H1&+0&!R:2])-[C&D2&v4&H0&+0&!R&z1:3]>>[C&D1&v4&H1&+0&!R&z1:3].[C&D3&v4&H0&+0&!R&z1:1]=[O&D1&v2&H0&+0&!R:2],1009
1223,([C&D3&v4&H0&+0&!R&z1:1]=[O&D1&v2&H0&+0&!R:2].[N&D1&v3&H2&+0&!R:3])>>[N&D2&v3&H0&+0&R:3]=[C&D3&v4&H0&+0&R&z1:1].[O&D0&v2&H2&+0&!R:2],392
1224,[C&D4&v4&H0&+0&!R&z0:1]-[C&D2&v4&H2&+0&!R&z1:2]-[O&D1&v2&H1&+0&!R:3].([N&D2&v3&H1&+0&!R:4].[N&D2&v3&H1&+0&R:5])>>[C&D3&v4&H1&+0&!R&z0:1].[N&D3&v3&H0&+0&R:5]-[C&D2&v4&H2&+0&R&z2:2]-[N&D3&v3&H0&+0&R:4].[O&D0&v2&H2&+0&!R:3],954
1225,[C&D4&v4&H0&+0&!R&z0:1]-[C&D2&v4&H2&+0&!R&z1:2]-[O&D1&v2&H1&+0&!R:3]>>[C&D1&v4&H2&+0&!R&z1:2]=[O&D1&v2&H0&+0&!R:3].[C&D3&v4&H1&+0&!R&z0:1],1009
1226,[C&D3&v4&H1&+0&!R&z0:1]-[C&D3&v4&H0&+0&!R&z1:2].[S&D1&v2&H1&+0&!R:3]>>[C&D2&v4&H2&+0&!R&z0:1].[S&D2&v2&H0&+0&!R:3]-[C&D3&v4&H0&+0&!R&z2:2],787
1227,[C&D2&v4&H2&+0&!R&z0:1]-[C&D3&v4&H0&+0&!R&z1:2].[S&D1&v2&H1&+0&!R:3]>>[C&D1&v4&H3&+0&!R&z0:1].[S&D2&v2&H0&+0&!R:3]-[C&D3&v4&H0&+0&!R&z2:2],787
1228,[C&D4&v4&H0&+0&!R&z1:1](-[O&D1&v2&H1&+0&!R:2])-[C&D2&v4&H2&+0&!R&z0:3]-[C&D3&v4&H0&+0&!R&z2:4](=[O&D1&v2&H0&+0&!R:5])-[O&D1&v2&H1&+0&!R:6].[S&D1&v2&H1&+0&!R:7]>>[C&D1&v4&H3&+0&!R&z0:3]-[C&D3&v4&H0&+0&!R&z2:4](=[O&D1&v2&H0&+0&!R:5])-[S&D2&v2&H0&+0&!R:7].[C&D3&v4&H0&+0&!R&z1:1]=[O&D1&v2&H0&+0&!R:2].[O&D0&v2&H2&+0&!R:6],970
1229,[C&D2&v4&H1&+0&!R&z1:1].[S&D1&v2&H1&+0&!R:2].[c&D3&v4&H0&+0&R&z0:3]1:[c&D2&v4&H1&+0&R&z0:4]:[c&D2&v4&H1&+0&R&z0:5]:[c&D2&v4&H1&+0&R&z1:6]:[n&D3&v4&H0&+&R:7]:[c&D2&v4&H1&+0&R&z1:8]:1>>[C&D3&v4&H0&+0&!R&z2:1]-[S&D2&v2&H0&+0&!R:2].[C&D3&v4&H0&+0&R&z0:3]1=[C&D2&v4&H1&+0&R&z1:8]-[N&D3&v3&H0&+0&R:7]-[C&D2&v4&H1&+0&R&z1:6]=[C&D2&v4&H1&+0&R&z0:5]-[C&D2&v4&H2&+0&R&z0:4]-1,46
1230,[C&D3&v4&H0&+0&!R&z1:1](=[O&D1&v2&H0&+0&!R:2])-[C&D3&v4&H1&+0&!R&z1:3].[O&D1&v2&H0&+0&!R:4]=[C&D2&v4&H0&+0&!R&z2:5].[S&D1&v2&H1&+0&!R:6]>>[C&D3&v4&H0&+0&!R&z2:1](=[O&D1&v2&H0&+0&!R:2])-[S&D2&v2&H0&+0&!R:6].[C&D3&v4&H1&+0&!R&z1:3]-[C&D3&v4&H0&+0&!R&z2:5]-[O&D1&v2&H1&+0&!R:4],567
1231,[C&D2&v4&H2&+0&!R&z1:1]-[O&D1&v2&H1&+0&!R:2].[S&D1&v2&H1&+0&!R:3].[c&D3&v4&H0&+0&R&z0:4]1:[c&D2&v4&H1&+0&R&z0:5]:[c&D2&v4&H1&+0&R&z0:6]:[c&D2&v4&H1&+0&R&z1:7]:[n&D3&v4&H0&+&R:8]:[c&D2&v4&H1&+0&R&z1:9]:1.[c&D3&v4&H0&+0&R&z0:10]1:[c&D2&v4&H1&+0&R&z0:11]:[c&D2&v4&H1&+0&R&z0:12]:[c&D2&v4&H1&+0&R&z1:13]:[n&D3&v4&H0&+&R:14]:[c&D2&v4&H1&+0&R&z1:15]:1>>[C&D3&v4&H0&+0&!R&z2:1](=[O&D1&v2&H0&+0&!R:2])-[S&D2&v2&H0&+0&!R:3].[C&D3&v4&H0&+0&R&z0:10]1=[C&D2&v4&H1&+0&R&z1:15]-[N&D3&v3&H0&+0&R:14]-[C&D2&v4&H1&+0&R&z1:13]=[C&D2&v4&H1&+0&R&z0:12]-[C&D2&v4&H2&+0&R&z0:11]-1.[C&D3&v4&H0&+0&R&z0:4]1=[C&D2&v4&H1&+0&R&z1:9]-[N&D3&v3&H0&+0&R:8]-[C&D2&v4&H1&+0&R&z1:7]=[C&D2&v4&H1&+0&R&z0:6]-[C&D2&v4&H2&+0&R&z0:5]-1,424
1232,[C&D3&v4&H1&+0&!R&z0:1](-[C&D2&v4&H1&+0&!R&z1:2])-[C&D3&v4&H0&+0&!R&z2:3].[O&D0&v2&H2&+0&!R:4].[S&D1&v2&H1&+0&!R:5].[c&D3&v4&H0&+0&R&z0:6]1:[c&D2&v4&H1&+0&R&z0:7]:[c&D2&v4&H1&+0&R&z0:8]:[c&D2&v4&H1&+0&R&z1:9]:[n&D3&v4&H0&+&R:10]:[c&D2&v4&H1&+0&R&z1:11]:1>>[C&D2&v4&H2&+0&!R&z0:1]-[C&D3&v4&H0&+0&!R&z2:2]-[S&D2&v2&H0&+0&!R:5].[C&D3&v4&H0&+0&!R&z3:3]-[O&D1&v2&H1&+0&!R:4].[C&D3&v4&H0&+0&R&z0:6]1=[C&D2&v4&H1&+0&R&z1:11]-[N&D3&v3&H0&+0&R:10]-[C&D2&v4&H1&+0&R&z1:9]=[C&D2&v4&H1&+0&R&z0:8]-[C&D2&v4&H2&+0&R&z0:7]-1,488
1233,[C&D3&v4&H0&+0&!R&z2:1]-[O&D1&v2&H1&+0&!R:2].[N&D2&v3&H1&+0&!R:3]-[C&D3&v4&H0&+0&!R&z2:4]=[O&D1&v2&H0&+0&!R:5].[S&D1&v2&H1&+0&!R:6]>>[N&D2&v3&H1&+0&!R:3]-[C&D3&v4&H0&+0&!R&z2:1].[O&D0&v2&H2&+0&!R:2].[S&D2&v2&H0&+0&!R:6]-[C&D3&v4&H0&+0&!R&z2:4]=[O&D1&v2&H0&+0&!R:5],178
1234,[C&D3&v4&H0&+0&!R&z2:1](=[O&D1&v2&H0&+0&!R:2])-[O&D1&v2&H1&+0&!R:3].[P&D4&v5&H0&+0&!R:4]-[O&D2&v2&H0&+0&!R:5].[S&D1&v2&H1&+0&!R:6]>>[C&D3&v4&H0&+0&!R&z2:1](=[O&D1&v2&H0&+0&!R:2])-[S&D2&v2&H0&+0&!R:6].[O&D1&v2&H1&+0&!R:5].[P&D4&v5&H0&+0&!R:4]-[O&D1&v2&H1&+0&!R:3],1023
1235,[C&D3&v4&H0&+0&!R&z1:1](=[O&D1&v2&H0&+0&!R:2])-[C&D2&v4&H2&+0&!R&z1:3].[O&D1&v2&H0&+0&!R:4]=[C&D2&v4&H0&+0&!R&z2:5].[S&D1&v2&H1&+0&!R:6]>>[C&D2&v4&H2&+0&!R&z1:3]-[C&D3&v4&H0&+0&!R&z2:5]-[O&D1&v2&H1&+0&!R:4].[C&D3&v4&H0&+0&!R&z2:1](=[O&D1&v2&H0&+0&!R:2])-[S&D2&v2&H0&+0&!R:6],567
1236,[S&D1&v2&H1&+0&!R:1].[c&D3&v4&H0&+0&R&z0:2]1:[c&D2&v4&H1&+0&R&z0:3]:[c&D2&v4&H1&+0&R&z0:4]:[c&D3&v4&H0&+0&R&z2:5](=[O&D1&v2&H0&+0&!R:6]):[o&D2&v2&H0&+0&R:7]:[c&D3&v4&H0&+0&R&z1:8]:1>>[c&D3&v4&H0&+0&R&z0:2](-[C&D2&v4&H1&+0&!R&z0:3]=[C&D2&v4&H1&+0&!R&z0:4]-[C&D3&v4&H0&+0&!R&z2:5](=[O&D1&v2&H0&+0&!R:6])-[S&D2&v2&H0&+0&!R:1]):[c&D3&v4&H0&+0&R&z1:8]-[O&D1&v2&H1&+0&!R:7],568
1237,[C&D2&v4&H1&+0&!R&z1:1]-[C&D2&v4&H2&+0&!R&z0:2]-[C&D3&v4&H0&+0&!R&z2:3].[O&D0&v2&H2&+0&!R:4].[S&D1&v2&H1&+0&!R:5].[c&D3&v4&H0&+0&R&z0:6]1:[c&D2&v4&H1&+0&R&z0:7]:[c&D2&v4&H1&+0&R&z0:8]:[c&D2&v4&H1&+0&R&z1:9]:[n&D3&v4&H0&+&R:10]:[c&D2&v4&H1&+0&R&z1:11]:1>>[C&D1&v4&H3&+0&!R&z0:2]-[C&D3&v4&H0&+0&!R&z2:1]-[S&D2&v2&H0&+0&!R:5].[C&D3&v4&H0&+0&!R&z3:3]-[O&D1&v2&H1&+0&!R:4].[C&D3&v4&H0&+0&R&z0:6]1=[C&D2&v4&H1&+0&R&z1:11]-[N&D3&v3&H0&+0&R:10]-[C&D2&v4&H1&+0&R&z1:9]=[C&D2&v4&H1&+0&R&z0:8]-[C&D2&v4&H2&+0&R&z0:7]-1,488
1238,[C&D3&v4&H0&+0&!R&z2:1](-[O&D1&v2&H1&+0&!R:2])-[C&D3&v4&H0&+0&!R&z1:3]=[O&D1&v2&H0&+0&!R:4].[S&D1&v2&H1&+0&!R:5].[c&D3&v4&H0&+0&R&z0:6]1:[c&D2&v4&H1&+0&R&z0:7]:[c&D2&v4&H1&+0&R&z0:8]:[c&D2&v4&H1&+0&R&z1:9]:[n&D3&v4&H0&+&R:10]:[c&D2&v4&H1&+0&R&z1:11]:1>>[C&D3&v4&H0&+0&R&z0:6]1=[C&D2&v4&H1&+0&R&z1:11]-[N&D3&v3&H0&+0&R:10]-[C&D2&v4&H1&+0&R&z1:9]=[C&D2&v4&H1&+0&R&z0:8]-[C&D2&v4&H2&+0&R&z0:7]-1.[O&D1&v2&H0&+0&!R:2]=[C&D2&v4&H0&+0&!R&z2:1].[S&D2&v2&H0&+0&!R:5]-[C&D3&v4&H0&+0&!R&z2:3]=[O&D1&v2&H0&+0&!R:4],906
1239,[C&D3&v4&H0&+0&!R&z1:1](=[O&D1&v2&H0&+0&!R:2])-[C&D3&v4&H0&+0&!R&z2:3]-[O&D1&v2&H1&+0&!R:4].[S&D1&v2&H1&+0&!R:5].[c&D3&v4&H0&+0&R&z0:6]1:[c&D2&v4&H1&+0&R&z0:7]:[c&D2&v4&H1&+0&R&z0:8]:[c&D2&v4&H1&+0&R&z1:9]:[n&D3&v4&H0&+&R:10]:[c&D2&v4&H1&+0&R&z1:11]:1>>[C&D3&v4&H0&+0&R&z0:6]1=[C&D2&v4&H1&+0&R&z1:11]-[N&D3&v3&H0&+0&R:10]-[C&D2&v4&H1&+0&R&z1:9]=[C&D2&v4&H1&+0&R&z0:8]-[C&D2&v4&H2&+0&R&z0:7]-1.[O&D1&v2&H0&+0&!R:4]=[C&D2&v4&H0&+0&!R&z2:3].[S&D2&v2&H0&+0&!R:5]-[C&D3&v4&H0&+0&!R&z2:1]=[O&D1&v2&H0&+0&!R:2],906
1240,[S&D1&v2&H1&+0&!R:1].[S&D2&v2&H0&+0&!R:2]-[S&D2&v2&H0&+0&!R:3]>>[S&D1&v2&H1&+0&!R:2].[S&D2&v2&H0&+0&!R:1]-[S&D2&v2&H0&+0&!R:3],382
1241,[C&D2&v4&H2&+0&!R&z1:1]-[C&D3&v4&H0&+0&!R&z1:2]=[O&D1&v2&H0&+0&!R:3].[O&D1&v2&H0&+0&!R:4]=[C&D2&v4&H0&+0&!R&z2:5].[S&D1&v2&H1&+0&!R:6]>>[C&D2&v4&H2&+0&!R&z1:1]-[C&D3&v4&H0&+0&!R&z2:5]-[O&D1&v2&H1&+0&!R:4].[S&D2&v2&H0&+0&!R:6]-[C&D3&v4&H0&+0&!R&z2:2]=[O&D1&v2&H0&+0&!R:3],567
1242,[O&D1&v2&H0&+0&!R:1]=[C&D3&v4&H0&+0&!R&z2:2]-[O&D1&v2&H1&+0&!R:3].[P&D4&v5&H0&+0&!R:4]-[O&D2&v2&H0&+0&!R:5].[S&D1&v2&H1&+0&!R:6]>>[O&D1&v2&H1&+0&!R:5].[P&D4&v5&H0&+0&!R:4]-[O&D1&v2&H1&+0&!R:3].[S&D2&v2&H0&+0&!R:6]-[C&D3&v4&H0&+0&!R&z2:2]=[O&D1&v2&H0&+0&!R:1],1023
1243,[C&D3&v4&H0&+0&!R&z3:1]-[O&D1&v2&H1&+0&!R:2].[P&D4&v5&H0&+0&!R:3]-[O&D2&v2&H0&+0&!R:4].[S&D1&v2&H1&+0&!R:5]>>[C&D3&v4&H0&+0&!R&z3:1]-[S&D2&v2&H0&+0&!R:5].[O&D1&v2&H1&+0&!R:4].[P&D4&v5&H0&+0&!R:3]-[O&D1&v2&H1&+0&!R:2],1023
1244,[O&D1&v2&H0&+0&!R:1]=[C&D3&v4&H0&+0&!R&z2:2](-[O&D1&v2&H1&+0&!R:3])-[C&D2&v4&H2&+0&!R&z0:4]-[C&D4&v4&H0&+0&!R&z1:5]-[O&D1&v2&H1&+0&!R:6].[P&D4&v5&H0&+0&!R:7]-[O&D2&v2&H0&+0&!R:8].[S&D1&v2&H1&+0&!R:9]>>[C&D1&v4&H3&+0&!R&z0:4]-[C&D3&v4&H0&+0&!R&z2:2](=[O&D1&v2&H0&+0&!R:1])-[S&D2&v2&H0&+0&!R:9].[C&D3&v4&H0&+0&!R&z1:5]=[O&D1&v2&H0&+0&!R:6].[O&D1&v2&H1&+0&!R:8].[P&D4&v5&H0&+0&!R:7]-[O&D1&v2&H1&+0&!R:3],423
1245,[C&D3&v4&H0&+0&!R&z2:1]-[O&D1&v2&H1&+0&!R:2].[P&D4&v5&H0&+0&!R:3]-[O&D2&v2&H0&+0&!R:4].[S&D1&v2&H1&+0&!R:5]>>[O&D1&v2&H1&+0&!R:4].[P&D4&v5&H0&+0&!R:3]-[O&D1&v2&H1&+0&!R:2].[S&D2&v2&H0&+0&!R:5]-[C&D3&v4&H0&+0&!R&z2:1],1023
1246,[C&D3&v4&H0&+0&!R&z2:1]-[N&D3&v3&H0&+0&R:2].[S&D1&v2&H1&+0&!R:3]>>[N&D2&v3&H1&+0&R:2].[S&D2&v2&H0&+0&!R:3]-[C&D3&v4&H0&+0&!R&z2:1],124
1247,[C&D3&v4&H0&+0&!R&z2:1]-[N&D2&v3&H1&+0&!R:2].[S&D1&v2&H1&+0&!R:3]>>[N&D1&v3&H2&+0&!R:2].[S&D2&v2&H0&+0&!R:3]-[C&D3&v4&H0&+0&!R&z2:1],124
1248,[O&D1&v2&H0&+0&!R:1]=[C&D3&v4&H0&+0&!R&z3:2]-[O&D1&v2&H1&+0&!R:3].[S&D1&v2&H1&+0&!R:4]>>[O&D0&v2&H2&+0&!R:3].[S&D2&v2&H0&+0&!R:4]-[C&D3&v4&H0&+0&!R&z3:2]=[O&D1&v2&H0&+0&!R:1],849
1249,[O&D1&v2&H0&+0&!R:1]=[C&D3&v4&H0&+0&!R&z2:2]-[O&D1&v2&H1&+0&!R:3].[S&D1&v2&H1&+0&!R:4]>>[O&D0&v2&H2&+0&!R:3].[S&D2&v2&H0&+0&!R:4]-[C&D3&v4&H0&+0&!R&z2:2]=[O&D1&v2&H0&+0&!R:1],849
1250,[O&D1&v2&H0&+0&!R:1]=[C&D3&v4&H0&+0&!R&z2:2](-[O&D1&v2&H1&+0&!R:3])-[C&D2&v4&H2&+0&!R&z0:4]-[C&D4&v4&H0&+0&!R&z1:5]-[O&D1&v2&H1&+0&!R:6].[S&D1&v2&H1&+0&!R:7]>>[C&D1&v4&H3&+0&!R&z0:4]-[C&D3&v4&H0&+0&!R&z2:2](=[O&D1&v2&H0&+0&!R:1])-[S&D2&v2&H0&+0&!R:7].[C&D3&v4&H0&+0&!R&z1:5]=[O&D1&v2&H0&+0&!R:6].[O&D0&v2&H2&+0&!R:3],970
1251,[O&D1&v2&H0&+0&!R:1]=[C&D3&v4&H0&+0&!R&z2:2](-[O&D1&v2&H1&+0&!R:3])-[C&D2&v4&H2&+0&!R&z0:4]-[C&D3&v4&H1&+0&!R&z1:5]-[O&D1&v2&H1&+0&!R:6].[S&D1&v2&H1&+0&!R:7]>>[C&D1&v4&H3&+0&!R&z0:4]-[C&D3&v4&H0&+0&!R&z2:2](=[O&D1&v2&H0&+0&!R:1])-[S&D2&v2&H0&+0&!R:7].[O&D0&v2&H2&+0&!R:3].[O&D1&v2&H0&+0&!R:6]=[C&D2&v4&H1&+0&!R&z1:5],970
1252,[O&D1&v2&H0&+0&!R:1]=[C&D2&v4&H1&+0&!R&z2:2]-[O&D1&v2&H1&+0&!R:3].[S&D1&v2&H1&+0&!R:4]>>[O&D0&v2&H2&+0&!R:3].[S&D2&v2&H0&+0&!R:4]-[C&D2&v4&H1&+0&!R&z2:2]=[O&D1&v2&H0&+0&!R:1],849
1253,[O&D1&v2&H0&+0&!R:1]=[c&D3&v4&H0&+0&R&z2:2]1:[c&D2&v4&H1&+0&R&z0:3]:[c&D2&v4&H1&+0&R&z0:4]:[c&D3&v4&H0&+0&R&z0:5]:[c&D3&v4&H0&+0&R&z1:6]:[o&D2&v2&H0&+0&R:7]:1.[S&D1&v2&H1&+0&!R:8]>>[S&D2&v2&H0&+0&!R:8]-[C&D3&v4&H0&+0&!R&z2:2](=[O&D1&v2&H0&+0&!R:1])-[C&D2&v4&H1&+0&!R&z0:3]=[C&D2&v4&H1&+0&!R&z0:4]-[c&D3&v4&H0&+0&R&z0:5]:[c&D3&v4&H0&+0&R&z1:6]-[O&D1&v2&H1&+0&!R:7],568
1254,[O&D0&v2&H2&+0&!R:1].[S&D2&v2&H0&+0&!R:2]-[C&D3&v4&H0&+0&!R&z3:3]=[O&D1&v2&H0&+0&!R:4]>>[O&D1&v2&H0&+0&!R:4]=[C&D3&v4&H0&+0&!R&z3:3]-[O&D1&v2&H1&+0&!R:1].[S&D1&v2&H1&+0&!R:2],139
1255,[C&D2&v4&H1&+0&!R&z2:1]-[O&D1&v2&H1&+0&!R:2].[S&D2&v2&H0&+0&!R:3]-[C&D3&v4&H0&+0&!R&z2:4]>>[C&D3&v4&H0&+0&!R&z2:4]-[O&D1&v2&H1&+0&!R:2].[S&D2&v2&H0&+0&!R:3]-[C&D2&v4&H1&+0&!R&z2:1],145
1256,[C&D3&v4&H0&+0&!R&z2:1](=[O&D1&v2&H0&+0&!R:2])-[C&D3&v4&H0&+0&!R&z2:3]-[O&D1&v2&H1&+0&!R:4]>>[C&D2&v4&H1&+0&!R&z2:1]=[O&D1&v2&H0&+0&!R:2].[O&D1&v2&H0&+0&!R:4]=[C&D2&v4&H0&+0&!R&z2:3],1009
1257,[O&D0&v2&H2&+0&!R:1].[S&D2&v2&H0&+0&!R:2]-[C&D3&v4&H0&+0&!R&z2:3]=[O&D1&v2&H0&+0&!R:4]>>[O&D1&v2&H0&+0&!R:4]=[C&D3&v4&H0&+0&!R&z2:3]-[O&D1&v2&H1&+0&!R:1].[S&D1&v2&H1&+0&!R:2],139
1258,[C&D3&v4&H0&+0&!R&z2:1]-[O&D1&v2&H1&+0&!R:2].[S&D2&v2&H0&+0&!R:3]-[C&D3&v4&H0&+0&!R&z2:4]=[O&D1&v2&H0&+0&!R:5]>>[C&D3&v4&H0&+0&!R&z2:4](=[O&D1&v2&H0&+0&!R:5])-[O&D1&v2&H1&+0&!R:2].[S&D2&v2&H0&+0&!R:3]-[C&D3&v4&H0&+0&!R&z2:1],145
1259,[C&D3&v4&H1&+0&!R&z1:1](-[O&D1&v2&H1&+0&!R:2])-[C&D2&v4&H2&+0&!R&z0:3]>>[C&D2&v4&H1&+0&!R&z0:1]=[C&D2&v4&H1&+0&!R&z0:3].[O&D0&v2&H2&+0&!R:2],451
1260,[C&D3&v4&H1&+0&R&z0:1]-[C&D3&v4&H0&+0&R&z1:2]=[O&D1&v2&H0&+0&!R:3].[O&D0&v2&H2&+0&!R:4]>>([C&D2&v4&H2&+0&!R&z0:1].[C&D3&v4&H0&+0&!R&z2:2](=[O&D1&v2&H0&+0&!R:3])-[O&D1&v2&H1&+0&!R:4]),649
1261,[C&D2&v4&H1&+0&!R&z0:1]=[C&D2&v4&H1&+0&!R&z0:2].[O&D0&v2&H2&+0&!R:3]>>[C&D3&v4&H1&+0&!R&z1:1](-[O&D1&v2&H1&+0&!R:3])-[C&D2&v4&H2&+0&!R&z0:2],703
1262,[C&D2&v4&H1&+0&!R&z0:1]=[C&D2&v4&H1&+0&!R&z0:2].[O&D1&v2&H1&+0&!R:3]-[O&D1&v2&H1&+0&!R:4]>>[C&D2&v4&H2&+0&!R&z0:1]-[C&D2&v4&H2&+0&!R&z0:2].[O&D1&v2&H0&+0&!R:3]=[O&D1&v2&H0&+0&!R:4],976
1263,[N&D1&v3&H2&+0&!R:1].[S&D2&v2&H0&+0&!R:2]-[C&D3&v4&H0&+0&!R&z2:3]>>[C&D3&v4&H0&+0&!R&z2:3]-[N&D2&v3&H1&+0&!R:1].[S&D1&v2&H1&+0&!R:2],347
1264,[C&D2&v4&H1&+0&!R&z0:1]=[C&D2&v4&H1&+0&!R&z0:2].[O&D0&v2&H2&+0&!R:3]>>[C&D1&v4&H3&+0&!R&z0:1].[O&D1&v2&H0&+0&!R:3]=[C&D2&v4&H1&+0&!R&z1:2],647
1265,[C&D3&v4&H0&+0&!R&z1:1]-[C&D3&v4&H0&+0&!R&z2:2]-[O&D1&v2&H1&+0&!R:3].[O&D1&v2&H0&+0&!R:4]=[O&D1&v2&H0&+0&!R:5].[c&D2&v4&H1&+0&R&z0:6]>>[C&D3&v4&H0&+0&!R&z2:1]-[O&D1&v2&H1&+0&!R:5].[O&D1&v2&H0&+0&!R:3]=[C&D2&v4&H0&+0&!R&z2:2].[c&D3&v4&H0&+0&R&z1:6]-[O&D1&v2&H1&+0&!R:4],298
1266,[C&D3&v4&H0&+0&!R&z2:1]-[O&D1&v2&H1&+0&!R:2].[O&D1&v2&H0&+0&!R:3]=[C&D2&v4&H0&+0&!R&z2:4].[c&D3&v4&H0&+0&R&z1:5]-[O&D1&v2&H1&+0&!R:6]>>[C&D3&v4&H0&+0&!R&z1:1]-[C&D3&v4&H0&+0&!R&z2:4]-[O&D1&v2&H1&+0&!R:3].[O&D1&v2&H0&+0&!R:6]=[O&D1&v2&H0&+0&!R:2].[c&D2&v4&H1&+0&R&z0:5],261
1267,[S&D2&v2&H0&+0&!R:1]-[C&D3&v4&H0&+0&!R&z2:2]-[C&D2&v4&H1&+0&!R&z0:3]=[C&D2&v4&H1&+0&!R&z0:4]-[c&D3&v4&H0&+0&R&z0:5]:[c&D3&v4&H0&+0&R&z1:6]-[O&D1&v2&H1&+0&!R:7]>>[S&D1&v2&H1&+0&!R:1].[c&D3&v4&H0&+0&R&z2:2]1:[c&D2&v4&H1&+0&R&z0:3]:[c&D2&v4&H1&+0&R&z0:4]:[c&D3&v4&H0&+0&R&z0:5]:[c&D3&v4&H0&+0&R&z1:6]:[o&D2&v2&H0&+0&R:7]:1,351
1268,([C&D2&v4&H2&+0&!R&z0:1]-[C&D2&v4&H1&+0&!R&z1:2]=[O&D1&v2&H0&+0&!R:3].[C&D2&v4&H2&+0&!R&z0:4]-[C&D3&v4&H0&+0&!R&z1:5]=[O&D1&v2&H0&+0&!R:6])>>[C&D2&v4&H1&+0&!R&z0:4]=[C&D3&v4&H0&+0&R&z1:5]-[O&D2&v2&H0&+0&R:6]-[C&D2&v4&H1&+0&R&z1:2]=[C&D2&v4&H1&+0&R&z0:1].[O&D0&v2&H2&+0&!R:3],360
1269,[P&D4&v5&H0&+0&!R:1]-[O&D1&v2&H1&+0&!R:2].[P&D4&v5&H0&+0&!R:3]-[O&D1&v2&H1&+0&!R:4].[S&D2&v2&H0&+0&!R:5]-[C&D3&v4&H0&+0&!R&z2:6]=[O&D1&v2&H0&+0&!R:7]>>[O&D1&v2&H0&+0&!R:7]=[C&D3&v4&H0&+0&!R&z2:6]-[O&D1&v2&H1&+0&!R:4].[P&D4&v5&H0&+0&!R:1]-[O&D2&v2&H0&+0&!R:2]-[P&D4&v5&H0&+0&!R:3].[S&D1&v2&H1&+0&!R:5],242
1270,[C&D2&v4&H2&+0&!R&z0:1]-[C&D4&v4&H0&+0&!R&z1:2]-[O&D1&v2&H1&+0&!R:3]>>[C&D1&v4&H3&+0&!R&z0:1].[C&D3&v4&H0&+0&!R&z1:2]=[O&D1&v2&H0&+0&!R:3],1009
1271,([C&D2&v4&H2&+0&!R&z0:1].[C&D3&v4&H0&+0&!R&z2:2](=[O&D1&v2&H0&+0&!R:3])-[O&D1&v2&H1&+0&!R:4])>>[C&D3&v4&H1&+0&R&z0:1]-[C&D3&v4&H0&+0&R&z1:2]=[O&D1&v2&H0&+0&!R:3].[O&D0&v2&H2&+0&!R:4],503
1272,[C&D2&v4&H2&+0&!R&z0:1]-[C&D4&v4&H0&+0&R&z1:2]-[O&D1&v2&H1&+0&!R:3]>>[C&D1&v4&H3&+0&!R&z0:1].[O&D1&v2&H0&+0&!R:3]=[C&D3&v4&H0&+0&R&z1:2],1009
1273,[C&D2&v4&H2&+0&!R&z0:1].[S&D2&v2&H0&+0&!R:2]-[C&D3&v4&H0&+0&!R&z2:3]>>[C&D3&v4&H1&+0&!R&z0:1]-[C&D3&v4&H0&+0&!R&z1:3].[S&D1&v2&H1&+0&!R:2],42
1274,[C&D3&v4&H0&+0&R&z0:1]1=[C&D2&v4&H1&+0&R&z1:2]-[N&D3&v3&H0&+0&R:3]-[C&D2&v4&H1&+0&R&z1:4]=[C&D2&v4&H1&+0&R&z0:5]-[C&D2&v4&H2&+0&R&z0:6]-1.[O&D1&v2&H0&+0&!R:7]=[C&D2&v4&H0&+0&!R&z2:8].[S&D2&v2&H0&+0&!R:9]-[C&D3&v4&H0&+0&!R&z2:10]=[O&D1&v2&H0&+0&!R:11]>>[C&D3&v4&H0&+0&!R&z1:10](=[O&D1&v2&H0&+0&!R:11])-[C&D3&v4&H0&+0&!R&z2:8]-[O&D1&v2&H1&+0&!R:7].[S&D1&v2&H1&+0&!R:9].[c&D3&v4&H0&+0&R&z0:1]1:[c&D2&v4&H1&+0&R&z0:6]:[c&D2&v4&H1&+0&R&z0:5]:[c&D2&v4&H1&+0&R&z1:4]:[n&D3&v4&H0&+&R:3]:[c&D2&v4&H1&+0&R&z1:2]:1,781
1275,[C&D2&v4&H2&+0&!R&z1:1]-[C&D3&v4&H0&+0&!R&z2:2]-[O&D1&v2&H1&+0&!R:3].[S&D2&v2&H0&+0&!R:4]-[C&D3&v4&H0&+0&!R&z2:5]=[O&D1&v2&H0&+0&!R:6]>>[C&D2&v4&H2&+0&!R&z1:1]-[C&D3&v4&H0&+0&!R&z1:5]=[O&D1&v2&H0&+0&!R:6].[O&D1&v2&H0&+0&!R:3]=[C&D2&v4&H0&+0&!R&z2:2].[S&D1&v2&H1&+0&!R:4],655
1276,[C&D3&v4&H0&+0&!R&z2:1](=[O&D1&v2&H0&+0&!R:2])-[C&D2&v4&H2&+0&!R&z0:3]-[C&D2&v4&H2&+0&!R&z0:4]>>[C&D1&v4&H3&+0&!R&z0:3]-[C&D3&v4&H1&+0&!R&z0:4]-[C&D3&v4&H0&+0&!R&z2:1]=[O&D1&v2&H0&+0&!R:2],181
1277,[C&D2&v4&H2&+0&!R&z0:1]-[C&D2&v4&H2&+0&!R&z0:2].[O&D1&v2&H0&+0&!R:3]=[O&D1&v2&H0&+0&!R:4]>>[C&D2&v4&H1&+0&!R&z0:1]=[C&D2&v4&H1&+0&!R&z0:2].[O&D1&v2&H1&+0&!R:3]-[O&D1&v2&H1&+0&!R:4],734
1278,[C&D2&v4&H2&+0&!R&z0:1]-[C&D2&v4&H2&+0&!R&z0:2]-[C&D2&v4&H2&+0&!R&z1:3]-[O&D1&v2&H1&+0&!R:4]>>[C&D1&v4&H3&+0&!R&z0:3]-[C&D2&v4&H1&+0&!R&z0:2]=[C&D2&v4&H1&+0&!R&z0:1].[O&D0&v2&H2&+0&!R:4],384
1279,[C&D2&v4&H2&+0&!R&z0:1]-[C&D2&v4&H2&+0&!R&z1:2]-[N&D1&v3&H2&+0&!R:3]>>[C&D1&v4&H2&+0&!R&z0:2]=[C&D2&v4&H1&+0&!R&z0:1].[N&D0&v3&H3&+0&!R:3],65
1280,[C&D3&v4&H0&+0&!R&z2:1](=[O&D1&v2&H0&+0&!R:2])-[C&D2&v4&H2&+0&!R&z0:3]-[C&D2&v4&H2&+0&!R&z1:4]-[O&D1&v2&H1&+0&!R:5]>>[C&D1&v4&H2&+0&!R&z0:4]=[C&D2&v4&H1&+0&!R&z0:3]-[C&D3&v4&H0&+0&!R&z2:1]=[O&D1&v2&H0&+0&!R:2].[O&D0&v2&H2&+0&!R:5],451
1281,[C&D2&v4&H2&+0&!R&z1:1]-[S&D3&v4&H0&+0&!R:2].[O&D0&v2&H2&+0&!R:3]>>[C&D1&v4&H3&+0&!R&z0:1].[S&D3&v4&H0&+0&!R:2]-[O&D1&v2&H1&+0&!R:3],330
1282,[N&D2&v3&H1&+0&!R:1]-[C&D3&v4&H0&+0&!R&z2:2]=[O&D1&v2&H0&+0&!R:3].[O&D0&v2&H2&+0&!R:4].[S&D2&v2&H0&+0&!R:5]-[C&D3&v4&H0&+0&!R&z2:6]=[O&D1&v2&H0&+0&!R:7]>>[C&D3&v4&H0&+0&!R&z2:2](=[O&D1&v2&H0&+0&!R:3])-[O&D1&v2&H1&+0&!R:4].[N&D2&v3&H1&+0&!R:1]-[C&D3&v4&H0&+0&!R&z2:6]=[O&D1&v2&H0&+0&!R:7].[S&D1&v2&H1&+0&!R:5],689
1283,[C&D3&v4&H0&+0&R&z0:1]1=[C&D2&v4&H1&+0&R&z1:2]-[N&D3&v3&H0&+0&R:3]-[C&D2&v4&H1&+0&R&z1:4]=[C&D2&v4&H1&+0&R&z0:5]-[C&D2&v4&H2&+0&R&z0:6]-1.[O&D1&v2&H0&+0&!R:7]=[O&D1&v2&H0&+0&!R:8].[c&D3&v4&H0&+0&R&z0:9]1:[c&D2&v4&H1&+0&R&z0:10]:[c&D2&v4&H1&+0&R&z0:11]:[c&D2&v4&H1&+0&R&z0:12]:[c&D2&v4&H1&+0&R&z0:13]:[c&D2&v4&H1&+0&R&z0:14]:1>>[C&D4&v4&H0&+0&R&z1:9]12-[C&D2&v4&H1&+0&R&z0:10]=[C&D2&v4&H1&+0&R&z0:11]-[C&D2&v4&H1&+0&R&z0:12]=[C&D2&v4&H1&+0&R&z0:13]-[C&D3&v4&H1&+0&R&z1:14]-1-[O&D2&v2&H0&+0&R:7]-2.[O&D0&v2&H2&+0&!R:8].[c&D3&v4&H0&+0&R&z0:1]1:[c&D2&v4&H1&+0&R&z0:6]:[c&D2&v4&H1&+0&R&z0:5]:[c&D2&v4&H1&+0&R&z1:4]:[n&D3&v4&H0&+&R:3]:[c&D2&v4&H1&+0&R&z1:2]:1,955
1284,[c&D3&v4&H0&+0&R&z0:1]-[C&D3&v4&H0&+0&!R&z2:2]-[O&D1&v2&H1&+0&!R:3]>>[O&D1&v2&H0&+0&!R:3]=[C&D2&v4&H0&+0&!R&z2:2].[c&D2&v4&H1&+0&R&z0:1],1009
1285,[C&D3&v4&H0&+0&R&z0:1]1=[C&D2&v4&H1&+0&R&z1:2]-[N&D3&v3&H0&+0&R:3]-[C&D2&v4&H1&+0&R&z1:4]=[C&D2&v4&H1&+0&R&z0:5]-[C&D2&v4&H2&+0&R&z0:6]-1.[O&D1&v2&H0&+0&!R:7]=[C&D2&v4&H0&+0&!R&z2:8].[S&D2&v2&H0&+0&!R:9]-[C&D3&v4&H0&+0&!R&z2:10]=[O&D1&v2&H0&+0&!R:11]>>[C&D3&v4&H0&+0&!R&z2:8](-[O&D1&v2&H1&+0&!R:7])-[C&D3&v4&H0&+0&!R&z1:10]=[O&D1&v2&H0&+0&!R:11].[S&D1&v2&H1&+0&!R:9].[c&D3&v4&H0&+0&R&z0:1]1:[c&D2&v4&H1&+0&R&z0:6]:[c&D2&v4&H1&+0&R&z0:5]:[c&D2&v4&H1&+0&R&z1:4]:[n&D3&v4&H0&+&R:3]:[c&D2&v4&H1&+0&R&z1:2]:1,781
1286,[C&D3&v4&H0&+0&R&z0:1]1=[C&D2&v4&H1&+0&R&z1:2]-[N&D3&v3&H0&+0&R:3]-[C&D2&v4&H1&+0&R&z1:4]=[C&D2&v4&H1&+0&R&z0:5]-[C&D2&v4&H2&+0&R&z0:6]-1.[O&D1&v2&H0&+0&!R:7]=[O&D1&v2&H0&+0&!R:8].[c&D3&v4&H0&+0&R&z0:9]1:[c&D2&v4&H1&+0&R&z0:10]:[c&D2&v4&H1&+0&R&z0:11]:[c&D2&v4&H1&+0&R&z0:12]:[c&D2&v4&H1&+0&R&z0:13]:[c&D2&v4&H1&+0&R&z0:14]:1>>[C&D3&v4&H0&+0&R&z0:9]1=[C&D2&v4&H1&+0&R&z0:10]-[C&D2&v4&H1&+0&R&z0:11]=[C&D2&v4&H1&+0&R&z0:12]-[C&D3&v4&H1&+0&R&z1:13]2-[O&D2&v2&H0&+0&R:7]-[C&D3&v4&H1&+0&R&z1:14]-1-2.[O&D0&v2&H2&+0&!R:8].[c&D3&v4&H0&+0&R&z0:1]1:[c&D2&v4&H1&+0&R&z0:6]:[c&D2&v4&H1&+0&R&z0:5]:[c&D2&v4&H1&+0&R&z1:4]:[n&D3&v4&H0&+&R:3]:[c&D2&v4&H1&+0&R&z1:2]:1,955
1287,[O&D1&v2&H0&+0&!R:1]=[C&D2&v4&H0&+0&!R&z2:2].[c&D2&v4&H1&+0&R&z0:3]>>[c&D3&v4&H0&+0&R&z0:3]-[C&D3&v4&H0&+0&!R&z2:2]-[O&D1&v2&H1&+0&!R:1],439
1288,[C&D2&v4&H1&+0&!R&z2:1].[C&D3&v4&H0&+0&!R&z1:2]=[O&D1&v2&H0&+0&!R:3]>>[C&D4&v4&H0&+0&!R&z1:2](-[O&D1&v2&H1&+0&!R:3])-[C&D3&v4&H0&+0&!R&z2:1],439
1289,[C&D2&v4&H1&+0&!R&z1:1]=[O&D1&v2&H0&+0&!R:2].[C&D2&v4&H1&+0&!R&z2:3]>>[C&D3&v4&H1&+0&!R&z1:1](-[O&D1&v2&H1&+0&!R:2])-[C&D3&v4&H0&+0&!R&z2:3],439
1290,[C&D3&v4&H0&+0&!R&z2:1]-[O&D1&v2&H1&+0&!R:2].[S&D2&v2&H0&+0&!R:3]-[C&D2&v4&H1&+0&!R&z2:4]>>[C&D2&v4&H1&+0&!R&z2:4]-[O&D1&v2&H1&+0&!R:2].[S&D2&v2&H0&+0&!R:3]-[C&D3&v4&H0&+0&!R&z2:1],145
1291,[C&D2&v4&H1&+0&!R&z2:1]=[O&D1&v2&H0&+0&!R:2].[O&D1&v2&H0&+0&!R:3]=[C&D2&v4&H0&+0&!R&z2:4]>>[C&D3&v4&H0&+0&!R&z2:1](=[O&D1&v2&H0&+0&!R:2])-[C&D3&v4&H0&+0&!R&z2:4]-[O&D1&v2&H1&+0&!R:3],439
1292,[O&D0&v2&H2&+0&!R:1].[S&D2&v2&H0&+0&!R:2]-[C&D2&v4&H1&+0&!R&z2:3]=[O&D1&v2&H0&+0&!R:4]>>[O&D1&v2&H0&+0&!R:4]=[C&D2&v4&H1&+0&!R&z2:3]-[O&D1&v2&H1&+0&!R:1].[S&D1&v2&H1&+0&!R:2],139
1293,[C&D1&v4&H3&+0&!R&z0:1]-[C&D4&v4&H0&+0&!R&z1:2]-[C&D3&v4&H0&+0&!R&z1:3]-[C&D3&v4&H0&+0&!R&z2:4]>>[C&D1&v4&H3&+0&!R&z0:1]-[C&D3&v4&H0&+0&!R&z1:3]-[C&D4&v4&H0&+0&!R&z1:2]-[C&D3&v4&H0&+0&!R&z2:4],948
1294,[C&D4&v4&H0&+0&!R&z1:1](-[O&D1&v2&H1&+0&!R:2])-[C&D3&v4&H0&+0&!R&z2:3]>>[C&D2&v4&H1&+0&!R&z2:3].[C&D3&v4&H0&+0&!R&z1:1]=[O&D1&v2&H0&+0&!R:2],1009
1295,[C&D1&v4&H3&+0&!R&z0:1]-[C&D4&v4&H0&+0&!R&z1:2]-[C&D3&v4&H0&+0&!R&z2:3]=[O&D1&v2&H0&+0&!R:4]>>[C&D3&v4&H1&+0&!R&z1:2]-[C&D2&v4&H2&+0&!R&z0:1]-[C&D3&v4&H0&+0&!R&z2:3]=[O&D1&v2&H0&+0&!R:4],181
1296,[C&D1&v4&H3&+0&!R&z0:1]-[C&D4&v4&H0&+0&!R&z1:2](-[O&D1&v2&H1&+0&!R:3])-[C&D3&v4&H1&+0&!R&z1:4].[c&D3&v4&H0&+0&R&z0:5]1:[c&D2&v4&H1&+0&R&z0:6]:[c&D2&v4&H1&+0&R&z0:7]:[c&D2&v4&H1&+0&R&z1:8]:[n&D3&v4&H0&+&R:9]:[c&D2&v4&H1&+0&R&z1:10]:1>>[C&D3&v4&H0&+0&!R&z1:2](=[O&D1&v2&H0&+0&!R:3])-[C&D4&v4&H0&+0&!R&z1:4]-[C&D1&v4&H3&+0&!R&z0:1].[C&D3&v4&H0&+0&R&z0:5]1=[C&D2&v4&H1&+0&R&z1:10]-[N&D3&v3&H0&+0&R:9]-[C&D2&v4&H1&+0&R&z1:8]=[C&D2&v4&H1&+0&R&z0:7]-[C&D2&v4&H2&+0&R&z0:6]-1,990
1297,[C&D4&v4&H0&+0&!R&z1:1](-[O&D1&v2&H1&+0&!R:2])-[C&D3&v4&H1&+0&!R&z1:3]-[O&D1&v2&H1&+0&!R:4]>>[C&D3&v4&H1&+0&!R&z0:1]-[C&D3&v4&H0&+0&!R&z1:3]=[O&D1&v2&H0&+0&!R:4].[O&D0&v2&H2&+0&!R:2],402
1298,[C&D4&v4&H0&+0&!R&z1:1](-[O&D1&v2&H1&+0&!R:2])-[C&D3&v4&H1&+0&R&z0:3]-[C&D3&v4&H1&+0&R&z0:4]-[C&D4&v4&H0&+0&R&z0:5]-[C&D3&v4&H1&+0&R&z0:6]-[C&D4&v4&H0&+0&R&z0:7]-[C&D4&v4&H0&+0&R&z0:8]-[C&D3&v4&H1&+0&R&z0:9]-[C&D4&v4&H0&+0&R&z0:10]-[C&D3&v4&H1&+0&R&z0:11]-[C&D4&v4&H0&+0&R&z0:12]-[C&D2&v4&H2&+0&R&z0:13]>>([C&D2&v4&H1&+0&!R&z0:6]=[C&D3&v4&H0&+0&!R&z0:7].[C&D2&v4&H1&+0&!R&z0:4]=[C&D3&v4&H0&+0&!R&z0:5].[C&D2&v4&H1&+0&!R&z0:3]=[C&D3&v4&H0&+0&!R&z0:1].[C&D3&v4&H0&+0&!R&z0:12]=[C&D2&v4&H1&+0&!R&z0:13].[C&D3&v4&H0&+0&!R&z0:10]=[C&D2&v4&H1&+0&!R&z0:11].[C&D3&v4&H0&+0&!R&z0:8]=[C&D2&v4&H1&+0&!R&z0:9]).[O&D0&v2&H2&+0&!R:2],118
1299,[C&D4&v4&H0&+0&!R&z1:1](-[O&D1&v2&H1&+0&!R:2])-[C&D2&v4&H2&+0&!R&z0:3]>>[C&D3&v4&H0&+0&!R&z0:1]=[C&D2&v4&H1&+0&!R&z0:3].[O&D0&v2&H2&+0&!R:2],451
1300,[C&D3&v4&H0&+0&!R&z0:1]=[C&D3&v4&H0&+0&R&z0:2].[C&D3&v4&H0&+0&R&z0:3]1=[C&D2&v4&H1&+0&R&z1:4]-[N&D3&v3&H0&+0&R:5]-[C&D2&v4&H1&+0&R&z1:6]=[C&D2&v4&H1&+0&R&z0:7]-[C&D2&v4&H2&+0&R&z0:8]-1>>[C&D3&v4&H1&+0&R&z0:2]-[C&D3&v4&H1&+0&!R&z0:1].[c&D3&v4&H0&+0&R&z0:3]1:[c&D2&v4&H1&+0&R&z0:8]:[c&D2&v4&H1&+0&R&z0:7]:[c&D2&v4&H1&+0&R&z1:6]:[n&D3&v4&H0&+&R:5]:[c&D2&v4&H1&+0&R&z1:4]:1,515
1301,[C&D3&v4&H1&+0&R&z0:1]1-[C&D3&v4&H1&+0&R&z0:2]-[C&D4&v4&H0&+0&R&z0:3]-1.[O&D1&v2&H1&+0&!R:4]>>[C&D2&v4&H2&+0&!R&z1:1]-[O&D2&v2&H0&+0&!R:4].[C&D3&v4&H0&+0&!R&z0:3]=[C&D2&v4&H1&+0&!R&z0:2],924
1302,[C&D3&v4&H1&+0&R&z1:1]-[N&D3&v3&H0&+0&R:2].[O&D0&v2&H2&+0&!R:3].[O&D0&v2&H2&+0&!R:4].[c&D3&v4&H0&+0&R&z0:5]1:[c&D2&v4&H1&+0&R&z0:6]:[c&D2&v4&H1&+0&R&z0:7]:[c&D2&v4&H1&+0&R&z1:8]:[n&D3&v4&H0&+&R:9]:[c&D2&v4&H1&+0&R&z1:10]:1>>([C&D2&v4&H2&+0&!R&z0:1].[N&D2&v3&H1&+0&R:2]).[C&D3&v4&H0&+0&R&z0:5]1=[C&D2&v4&H1&+0&R&z1:10]-[N&D3&v3&H0&+0&R:9]-[C&D2&v4&H1&+0&R&z1:8]=[C&D2&v4&H1&+0&R&z0:7]-[C&D2&v4&H2&+0&R&z0:6]-1.[O&D1&v2&H0&+0&!R:4]=[O&D1&v2&H0&+0&!R:3],378
1303,[C&D2&v4&H1&+0&!R&z0:1]=[C&D2&v4&H1&+0&!R&z0:2].[O&D1&v2&H0&+0&!R:3]=[O&D1&v2&H0&+0&!R:4]>>[C&D2&v4&H1&+0&!R&z1:1]=[O&D1&v2&H0&+0&!R:3].[C&D2&v4&H1&+0&!R&z1:2]=[O&D1&v2&H0&+0&!R:4],213
1304,[C&D2&v4&H1&+0&!R&z1:1]=[O&D1&v2&H0&+0&!R:2].[C&D2&v4&H1&+0&!R&z1:3]=[O&D1&v2&H0&+0&!R:4]>>[C&D2&v4&H1&+0&!R&z0:1]=[C&D2&v4&H1&+0&!R&z0:3].[O&D1&v2&H0&+0&!R:2]=[O&D1&v2&H0&+0&!R:4],31
1305,[C&D3&v4&H0&+0&!R&z0:1]=[C&D2&v4&H1&+0&!R&z0:2].[O&D0&v2&H2&+0&!R:3]>>[C&D2&v4&H2&+0&!R&z0:2]-[C&D4&v4&H0&+0&!R&z1:1]-[O&D1&v2&H1&+0&!R:3],703
1306,[C&D2&v4&H1&+0&!R&z0:1]=[C&D3&v4&H0&+0&!R&z0:2]-[C&D3&v4&H1&+0&R&z0:3]-[C&D2&v4&H2&+0&R&z0:4].[O&D1&v2&H1&+0&!R:5]>>([C&D2&v4&H2&+0&!R&z0:1]-[C&D3&v4&H0&+0&!R&z0:2]=[C&D2&v4&H1&+0&!R&z0:3].[C&D2&v4&H2&+0&!R&z1:4]-[O&D2&v2&H0&+0&!R:5]),874
1307,[C&D4&v4&H0&+0&!R&z1:1](-[O&D1&v2&H1&+0&!R:2])-[C&D3&v4&H1&+0&R&z0:3]-[C&D2&v4&H2&+0&R&z0:4].[O&D1&v2&H1&+0&!R:5]>>([C&D2&v4&H2&+0&!R&z1:4]-[O&D2&v2&H0&+0&!R:5].[C&D3&v4&H0&+0&!R&z0:1]=[C&D2&v4&H1&+0&!R&z0:3]).[O&D0&v2&H2&+0&!R:2],454
1308,[C&D4&v4&H0&+0&!R&z1:1]-[O&D1&v2&H1&+0&!R:2].[O&D1&v2&H1&+0&!R:3]>>[C&D4&v4&H0&+0&!R&z1:1]-[O&D2&v2&H0&+0&!R:3].[O&D0&v2&H2&+0&!R:2],517
1309,[C&D4&v4&H0&+0&!R&z1:1]-[O&D2&v2&H0&+0&!R:2].[O&D0&v2&H2&+0&!R:3]>>[C&D4&v4&H0&+0&!R&z1:1]-[O&D1&v2&H1&+0&!R:3].[O&D1&v2&H1&+0&!R:2],517
1310,[C&D3&v4&H0&+0&R&z0:1]-[C&D2&v4&H2&+0&R&z0:2].[O&D1&v2&H1&+0&!R:3]>>([C&D2&v4&H1&+0&!R&z0:1].[C&D2&v4&H2&+0&!R&z1:2]-[O&D2&v2&H0&+0&!R:3]),649
1311,([C&D2&v4&H1&+0&!R&z0:1].[C&D3&v4&H0&+0&!R&z0:2]=[C&D2&v4&H1&+0&!R&z0:3])>>[C&D3&v4&H0&+0&R&z0:1]-[C&D4&v4&H0&+0&R&z0:2]-[C&D2&v4&H2&+0&R&z0:3],667
1312,([C&D2&v4&H2&+0&!R&z0:1]-[C&D3&v4&H0&+0&!R&z0:2]=[C&D2&v4&H1&+0&!R&z0:3].[C&D3&v4&H0&+0&!R&z0:4]=[C&D2&v4&H1&+0&!R&z0:5])>>[C&D3&v4&H1&+0&R&z0:3](-[C&D3&v4&H0&+0&R&z0:2]=[C&D2&v4&H1&+0&R&z0:1])-[C&D4&v4&H0&+0&R&z0:4]-[C&D2&v4&H2&+0&R&z0:5],1004
1313,[C&D3&v4&H0&+0&!R&z0:1]=[C&D2&v4&H1&+0&!R&z0:2].[O&D1&v2&H0&+0&!R:3]=[O&D1&v2&H0&+0&!R:4]>>[C&D2&v4&H1&+0&!R&z1:2]=[O&D1&v2&H0&+0&!R:4].[C&D3&v4&H0&+0&!R&z1:1]=[O&D1&v2&H0&+0&!R:3],213
1314,[C&D2&v4&H1&+0&!R&z0:1]=[C&D2&v4&H1&+0&!R&z0:2].[c&D3&v4&H0&+0&R&z1:3]1:[c&D3&v4&H0&+0&R&z1:4]:[c&D3&v4&H0&+0&R&z1:5](-[O&D1&v2&H1&+0&!R:6]):[c&D3&v4&H0&+0&R&z1:7]:[c&D3&v4&H0&+0&R&z1:8]:[c&D3&v4&H0&+0&R&z1:9]:1-[O&D1&v2&H1&+0&!R:10]>>[C&D2&v4&H2&+0&!R&z0:2]-[C&D2&v4&H2&+0&!R&z0:1].[C&D3&v4&H0&+0&R&z1:3]1=[C&D3&v4&H0&+0&R&z1:4]-[C&D3&v4&H0&+0&R&z1:5](=[O&D1&v2&H0&+0&!R:6])-[C&D3&v4&H0&+0&R&z1:7]=[C&D3&v4&H0&+0&R&z1:8]-[C&D3&v4&H0&+0&R&z1:9]-1=[O&D1&v2&H0&+0&!R:10],743
1315,[C&D2&v4&H2&+0&!R&z0:1]-[C&D2&v4&H2&+0&!R&z0:2].[C&D3&v4&H0&+0&R&z1:3]1=[C&D3&v4&H0&+0&R&z1:4]-[C&D3&v4&H0&+0&R&z1:5](=[O&D1&v2&H0&+0&!R:6])-[C&D3&v4&H0&+0&R&z1:7]=[C&D3&v4&H0&+0&R&z1:8]-[C&D3&v4&H0&+0&R&z1:9]-1=[O&D1&v2&H0&+0&!R:10]>>[C&D2&v4&H1&+0&!R&z0:1]=[C&D2&v4&H1&+0&!R&z0:2].[c&D3&v4&H0&+0&R&z1:3]1:[c&D3&v4&H0&+0&R&z1:4]:[c&D3&v4&H0&+0&R&z1:5](-[O&D1&v2&H1&+0&!R:6]):[c&D3&v4&H0&+0&R&z1:7]:[c&D3&v4&H0&+0&R&z1:8]:[c&D3&v4&H0&+0&R&z1:9]:1-[O&D1&v2&H1&+0&!R:10],259
1316,[C&D2&v4&H1&+0&!R&z0:1]=[C&D2&v4&H1&+0&!R&z0:2].[c&D3&v4&H0&+0&R&z1:3]1:[c&D3&v4&H0&+0&R&z1:4]:[c&D3&v4&H0&+0&R&z1:5](-[O&D1&v2&H1&+0&!R:6]):[c&D3&v4&H0&+0&R&z1:7]:[c&D3&v4&H0&+0&R&z1:8]:[c&D3&v4&H0&+0&R&z1:9]:1-[O&D1&v2&H1&+0&!R:10]>>[C&D2&v4&H2&+0&!R&z0:1]-[C&D2&v4&H2&+0&!R&z0:2].[C&D3&v4&H0&+0&R&z1:3]1=[C&D3&v4&H0&+0&R&z1:4]-[C&D3&v4&H0&+0&R&z1:5](=[O&D1&v2&H0&+0&!R:6])-[C&D3&v4&H0&+0&R&z1:7]=[C&D3&v4&H0&+0&R&z1:8]-[C&D3&v4&H0&+0&R&z1:9]-1=[O&D1&v2&H0&+0&!R:10],743
1317,[C&D2&v4&H1&+0&!R&z0:1]-[C&D2&v4&H1&+0&!R&z1:2].[C&D3&v4&H0&+0&R&z0:3]1=[C&D2&v4&H1&+0&R&z1:4]-[N&D3&v3&H0&+0&R:5]-[C&D2&v4&H1&+0&R&z1:6]=[C&D2&v4&H1&+0&R&z0:7]-[C&D2&v4&H2&+0&R&z0:8]-1.[O&D1&v2&H0&+0&!R:9]=[O&D1&v2&H0&+0&!R:10]>>[C&D2&v4&H1&+0&!R&z1:1]-[O&D2&v2&H0&+0&!R:10]-[C&D2&v4&H1&+0&!R&z2:2].[O&D0&v2&H2&+0&!R:9].[c&D3&v4&H0&+0&R&z0:3]1:[c&D2&v4&H1&+0&R&z0:8]:[c&D2&v4&H1&+0&R&z0:7]:[c&D2&v4&H1&+0&R&z1:6]:[n&D3&v4&H0&+&R:5]:[c&D2&v4&H1&+0&R&z1:4]:1,604
1318,[C&D2&v4&H1&+0&!R&z0:1]-[C&D3&v4&H1&+0&R&z0:2]1-[C&D3&v4&H1&+0&R&z0:3](-[C&D2&v4&H2&+0&!R&z1:4]-[O&D2&v2&H0&+0&!R:5])-[C&D4&v4&H0&+0&R&z0:6]-1>>[C&D2&v4&H1&+0&!R&z0:1]-[C&D2&v4&H1&+0&!R&z0:4]=[C&D2&v4&H1&+0&!R&z0:3]-[C&D2&v4&H1&+0&!R&z0:2]=[C&D3&v4&H0&+0&!R&z0:6].[O&D1&v2&H1&+0&!R:5],478
1319,[C&D3&v4&H0&+0&R&z0:1]-[C&D4&v4&H0&+0&R&z0:2]-[C&D2&v4&H2&+0&R&z0:3]>>([C&D2&v4&H1&+0&!R&z0:1].[C&D3&v4&H0&+0&!R&z0:2]=[C&D2&v4&H1&+0&!R&z0:3]),658
1320,[C&D2&v4&H2&+0&!R&z0:1]-[C&D4&v4&H0&+0&!R&z1:2]-[O&D1&v2&H1&+0&!R:3]>>[C&D3&v4&H0&+0&!R&z0:2]=[C&D2&v4&H1&+0&!R&z0:1].[O&D0&v2&H2&+0&!R:3],451
1321,[C&D2&v4&H1&+0&!R&z0:1]=[C&D2&v4&H1&+0&!R&z0:2].[c&D3&v4&H0&+0&R&z0:3]1:[c&D2&v4&H1&+0&R&z0:4]:[c&D3&v4&H0&+0&R&z1:5](-[O&D1&v2&H1&+0&!R:6]):[c&D3&v4&H0&+0&R&z0:7]:[c&D3&v4&H0&+0&R&z0:8]:[c&D3&v4&H0&+0&R&z1:9]:1-[O&D1&v2&H1&+0&!R:10]>>[C&D2&v4&H2&+0&!R&z0:2]-[C&D2&v4&H2&+0&!R&z0:1].[C&D3&v4&H0&+0&R&z0:3]1=[C&D2&v4&H1&+0&R&z0:4]-[C&D3&v4&H0&+0&R&z1:5](=[O&D1&v2&H0&+0&!R:6])-[C&D3&v4&H0&+0&R&z0:7]=[C&D3&v4&H0&+0&R&z0:8]-[C&D3&v4&H0&+0&R&z1:9]-1=[O&D1&v2&H0&+0&!R:10],743
1322,[C&D2&v4&H2&+0&!R&z0:1]-[C&D2&v4&H2&+0&!R&z0:2].[C&D3&v4&H0&+0&R&z0:3]1=[C&D2&v4&H1&+0&R&z0:4]-[C&D3&v4&H0&+0&R&z1:5](=[O&D1&v2&H0&+0&!R:6])-[C&D3&v4&H0&+0&R&z0:7]=[C&D3&v4&H0&+0&R&z0:8]-[C&D3&v4&H0&+0&R&z1:9]-1=[O&D1&v2&H0&+0&!R:10]>>[C&D2&v4&H1&+0&!R&z0:1]=[C&D2&v4&H1&+0&!R&z0:2].[c&D3&v4&H0&+0&R&z0:3]1:[c&D2&v4&H1&+0&R&z0:4]:[c&D3&v4&H0&+0&R&z1:5](-[O&D1&v2&H1&+0&!R:6]):[c&D3&v4&H0&+0&R&z0:7]:[c&D3&v4&H0&+0&R&z0:8]:[c&D3&v4&H0&+0&R&z1:9]:1-[O&D1&v2&H1&+0&!R:10],259
1323,[C&D2&v4&H1&+0&!R&z0:1]=[C&D2&v4&H1&+0&!R&z0:2].[c&D3&v4&H0&+0&R&z0:3]1:[c&D2&v4&H1&+0&R&z0:4]:[c&D3&v4&H0&+0&R&z1:5](-[O&D1&v2&H1&+0&!R:6]):[c&D3&v4&H0&+0&R&z0:7]:[c&D3&v4&H0&+0&R&z0:8]:[c&D3&v4&H0&+0&R&z1:9]:1-[O&D1&v2&H1&+0&!R:10]>>[C&D2&v4&H2&+0&!R&z0:1]-[C&D2&v4&H2&+0&!R&z0:2].[C&D3&v4&H0&+0&R&z0:3]1=[C&D2&v4&H1&+0&R&z0:4]-[C&D3&v4&H0&+0&R&z1:5](=[O&D1&v2&H0&+0&!R:6])-[C&D3&v4&H0&+0&R&z0:7]=[C&D3&v4&H0&+0&R&z0:8]-[C&D3&v4&H0&+0&R&z1:9]-1=[O&D1&v2&H0&+0&!R:10],743
1324,[C&D3&v4&H0&+0&!R&z0:1]=[C&D2&v4&H1&+0&!R&z0:2]-[C&D2&v4&H1&+0&!R&z0:3]=[C&D2&v4&H1&+0&!R&z0:4]-[C&D2&v4&H1&+0&!R&z0:5].[O&D1&v2&H1&+0&!R:6]>>[C&D2&v4&H1&+0&!R&z0:5]-[C&D3&v4&H1&+0&R&z0:2]1-[C&D3&v4&H1&+0&R&z0:3](-[C&D2&v4&H2&+0&!R&z1:4]-[O&D2&v2&H0&+0&!R:6])-[C&D4&v4&H0&+0&R&z0:1]-1,679
1325,[C&D2&v4&H1&+0&!R&z1:1]=[O&D1&v2&H0&+0&!R:2].[O&D1&v2&H1&+0&!R:3]-[O&D1&v2&H1&+0&!R:4].[S&D1&v2&H1&+0&!R:5]>>[C&D2&v4&H2&+0&!R&z1:1]-[S&D2&v2&H0&+0&!R:5].[O&D0&v2&H2&+0&!R:2].[O&D1&v2&H0&+0&!R:3]=[O&D1&v2&H0&+0&!R:4],318
1326,[C&D3&v4&H0&+0&!R&z0:1]=[C&D2&v4&H1&+0&!R&z0:2].[C&D3&v4&H0&+0&!R&z1:3]-[C&D3&v4&H0&+0&!R&z2:4]-[O&D1&v2&H1&+0&!R:5].[O&D1&v2&H0&+0&!R:6]=[O&D1&v2&H0&+0&!R:7]>>[C&D3&v4&H0&+0&!R&z2:3]-[O&D1&v2&H1&+0&!R:6].[C&D3&v4&H1&+0&R&z1:2]1-[O&D2&v2&H0&+0&R:7]-[C&D4&v4&H0&+0&R&z1:1]-1.[O&D1&v2&H0&+0&!R:5]=[C&D2&v4&H0&+0&!R&z2:4],928
1327,[C&D4&v4&H0&+0&R&z1:1](-[C&D3&v4&H0&+0&R&z1:2]-[C&D3&v4&H0&+0&R&z1:3])-[c&D3&v4&H0&+0&R&z0:4]>>[C&D4&v4&H0&+0&R&z1:1](-[C&D3&v4&H0&+0&R&z1:2]-[c&D3&v4&H0&+0&R&z0:4])-[C&D3&v4&H0&+0&R&z1:3],948
1328,[C&D4&v4&H0&+0&R&z1:1](-[C&D3&v4&H0&+0&R&z1:2]-[c&D3&v4&H0&+0&R&z0:3])-[C&D3&v4&H0&+0&R&z1:4]>>[C&D4&v4&H0&+0&R&z1:1](-[C&D3&v4&H0&+0&R&z1:2]-[C&D3&v4&H0&+0&R&z1:4])-[c&D3&v4&H0&+0&R&z0:3],948
1329,[C&D2&v4&H2&+0&!R&z1:1]-[O&D2&v2&H0&+0&!R:2].[C&D3&v4&H0&+0&!R&z2:3](-[O&D1&v2&H1&+0&!R:4])-[c&D3&v4&H0&+0&R&z0:5]>>[C&D2&v4&H2&+0&!R&z0:1]-[c&D3&v4&H0&+0&R&z0:5].[O&D1&v2&H0&+0&!R:4]=[C&D2&v4&H0&+0&!R&z2:3].[O&D1&v2&H1&+0&!R:2],399
1330,[C&D2&v4&H2&+0&!R&z0:1]-[c&D3&v4&H0&+0&R&z0:2].[O&D1&v2&H0&+0&!R:3]=[C&D2&v4&H0&+0&!R&z2:4].[O&D1&v2&H1&+0&!R:5]>>[C&D2&v4&H2&+0&!R&z1:1]-[O&D2&v2&H0&+0&!R:5].[C&D3&v4&H0&+0&!R&z2:4](-[O&D1&v2&H1&+0&!R:3])-[c&D3&v4&H0&+0&R&z0:2],701
1331,[O&D1&v2&H1&+0&!R:1].[O&D2&v2&H0&+0&R:2]-[C&D4&v4&H0&+0&R&z2:3](-[C&D1&v4&H3&+0&!R&z0:4])-[O&D2&v2&H0&+0&R:5]>>[C&D1&v4&H2&+0&!R&z0:4]=[C&D3&v4&H0&+0&!R&z1:3]-[O&D2&v2&H0&+0&!R:1].([O&D1&v2&H1&+0&!R:2].[O&D1&v2&H1&+0&!R:5]),696
1332,[C&D2&v4&H2&+0&!R&z1:1]-[O&D2&v2&H0&+0&!R:2].[c&D2&v4&H1&+0&R&z0:3]>>[C&D2&v4&H2&+0&!R&z0:1]-[c&D3&v4&H0&+0&R&z0:3].[O&D1&v2&H1&+0&!R:2],355
1333,[C&D2&v4&H2&+0&!R&z0:1]-[c&D3&v4&H0&+0&R&z0:2].[O&D1&v2&H1&+0&!R:3]>>[C&D2&v4&H2&+0&!R&z1:1]-[O&D2&v2&H0&+0&!R:3].[c&D2&v4&H1&+0&R&z0:2],668
1334,[O&D1&v2&H0&+0&!R:1]=[C&D3&v4&H0&+0&!R&z1:2].[c&D3&v4&H0&+0&R&z0:3]1:[c&D3&v4&H0&+0&R&z0:4]:[c&D3&v4&H0&+0&R&z1:5](-[O&D1&v2&H1&+0&!R:6]):[c&D3&v4&H0&+0&R&z0:7]:[c&D3&v4&H0&+0&R&z0:8]:[c&D3&v4&H0&+0&R&z1:9]:1-[O&D1&v2&H1&+0&!R:10]>>[C&D3&v4&H0&+0&R&z0:3]1=[C&D3&v4&H0&+0&R&z0:4]-[C&D3&v4&H0&+0&R&z1:5](=[O&D1&v2&H0&+0&!R:6])-[c&D3&v4&H0&+0&R&z0:7]:[c&D3&v4&H0&+0&R&z0:8]-[C&D3&v4&H0&+0&R&z1:9]-1=[O&D1&v2&H0&+0&!R:10].[C&D3&v4&H1&+0&!R&z1:2]-[O&D1&v2&H1&+0&!R:1],614
1335,[C&D2&v4&H1&+0&!R&z0:1]=[C&D2&v4&H1&+0&!R&z0:2].[c&D3&v4&H0&+0&R&z0:3]1:[c&D3&v4&H0&+0&R&z0:4]:[c&D3&v4&H0&+0&R&z1:5](-[O&D1&v2&H1&+0&!R:6]):[c&D3&v4&H0&+0&R&z0:7]:[c&D3&v4&H0&+0&R&z0:8]:[c&D3&v4&H0&+0&R&z1:9]:1-[O&D1&v2&H1&+0&!R:10]>>[C&D2&v4&H2&+0&!R&z0:1]-[C&D2&v4&H2&+0&!R&z0:2].[C&D3&v4&H0&+0&R&z0:3]1=[C&D3&v4&H0&+0&R&z0:4]-[C&D3&v4&H0&+0&R&z1:5](=[O&D1&v2&H0&+0&!R:6])-[c&D3&v4&H0&+0&R&z0:7]:[c&D3&v4&H0&+0&R&z0:8]-[C&D3&v4&H0&+0&R&z1:9]-1=[O&D1&v2&H0&+0&!R:10],125
1336,[C&D3&v4&H0&+0&!R&z1:1]=[O&D1&v2&H0&+0&!R:2].[c&D3&v4&H0&+0&R&z0:3]1:[c&D3&v4&H0&+0&R&z0:4]:[c&D3&v4&H0&+0&R&z1:5](-[O&D1&v2&H1&+0&!R:6]):[c&D3&v4&H0&+0&R&z0:7]:[c&D3&v4&H0&+0&R&z0:8]:[c&D3&v4&H0&+0&R&z1:9]:1-[O&D1&v2&H1&+0&!R:10]>>[C&D3&v4&H0&+0&R&z0:3]1=[C&D3&v4&H0&+0&R&z0:4]-[C&D3&v4&H0&+0&R&z1:5](=[O&D1&v2&H0&+0&!R:6])-[c&D3&v4&H0&+0&R&z0:7]:[c&D3&v4&H0&+0&R&z0:8]-[C&D3&v4&H0&+0&R&z1:9]-1=[O&D1&v2&H0&+0&!R:10].[C&D3&v4&H1&+0&!R&z1:1]-[O&D1&v2&H1&+0&!R:2],614
1337,[c&D3&v4&H0&+0&R&z0:1]1:[c&D3&v4&H0&+0&R&z0:2]:[c&D3&v4&H0&+0&R&z1:3](-[O&D1&v2&H1&+0&!R:4]):[c&D3&v4&H0&+0&R&z0:5]:[c&D3&v4&H0&+0&R&z0:6]:[c&D3&v4&H0&+0&R&z1:7]:1-[O&D1&v2&H1&+0&!R:8].[c&D3&v4&H0&+0&R&z1:9]1:[c&D2&v4&H1&+0&R&z0:10]:[c&D3&v4&H0&+0&R&z2:11]:[n&D2&v3&H1&+0&R:12]:[c&D3&v4&H0&+0&R&z3:13]:[n&D2&v3&H1&+0&R:14]:1>>[C&D3&v4&H0&+0&R&z0:1]1=[C&D3&v4&H0&+0&R&z0:2]-[C&D3&v4&H0&+0&R&z1:3](=[O&D1&v2&H0&+0&!R:4])-[c&D3&v4&H0&+0&R&z0:5]:[c&D3&v4&H0&+0&R&z0:6]-[C&D3&v4&H0&+0&R&z1:7]-1=[O&D1&v2&H0&+0&!R:8].[C&D3&v4&H0&+0&R&z2:11]1-[C&D2&v4&H2&+0&R&z0:10]-[C&D3&v4&H1&+0&R&z1:9]-[N&D2&v3&H1&+0&R:14]-[C&D3&v4&H0&+0&R&z3:13]-[N&D2&v3&H1&+0&R:12]-1,718
1338,[O&D1&v2&H0&+0&!R:1]=[C&D2&v4&H0&+0&!R&z2:2].[c&D3&v4&H0&+0&R&z0:3]1:[c&D3&v4&H0&+0&R&z0:4]:[c&D3&v4&H0&+0&R&z1:5](-[O&D1&v2&H1&+0&!R:6]):[c&D3&v4&H0&+0&R&z0:7]:[c&D3&v4&H0&+0&R&z0:8]:[c&D3&v4&H0&+0&R&z1:9]:1-[O&D1&v2&H1&+0&!R:10]>>[C&D2&v4&H1&+0&!R&z2:2]-[O&D1&v2&H1&+0&!R:1].[C&D3&v4&H0&+0&R&z0:3]1=[C&D3&v4&H0&+0&R&z0:4]-[C&D3&v4&H0&+0&R&z1:5](=[O&D1&v2&H0&+0&!R:6])-[c&D3&v4&H0&+0&R&z0:7]:[c&D3&v4&H0&+0&R&z0:8]-[C&D3&v4&H0&+0&R&z1:9]-1=[O&D1&v2&H0&+0&!R:10],614
1339,[C&D2&v4&H2&+0&!R&z1:1]-[O&D2&v2&H0&+0&!R:2]~[*:3]~[O&D2&v2&H0&+0&!R:4].[O&D1&v2&H1&+0&!R:5]>>[*:3](~[O&D1&v2&H1&+0&!R:2])~[O&D2&v2&H0&+0&!R:4].[C&D2&v4&H2&+0&!R&z1:1]-[O&D2&v2&H0&+0&!R:5],517
1340,[C&D3&v4&H0&+0&!R&z0:1](-[C&D1&v4&H3&+0&!R&z0:2])=[C&D2&v4&H1&+0&!R&z0:3]-[C&D2&v4&H2&+0&!R&z1:4]-[O&D2&v2&H0&+0&!R:5]>>[C&D1&v4&H2&+0&!R&z0:4]=[C&D2&v4&H1&+0&!R&z0:3]-[C&D3&v4&H0&+0&!R&z0:1]=[C&D1&v4&H2&+0&!R&z0:2].[O&D1&v2&H1&+0&!R:5],884
1341,([C&D2&v4&H2&+0&!R&z1:1]-[O&D2&v2&H0&+0&!R:2].[C&D3&v4&H0&+0&!R&z0:3]=[C&D2&v4&H1&+0&!R&z0:4]-[C&D2&v4&H2&+0&!R&z0:5])>>[C&D3&v4&H1&+0&!R&z0:3]-[C&D3&v4&H0&+0&R&z0:4](=[C&D2&v4&H1&+0&R&z0:5])-[C&D2&v4&H2&+0&R&z0:1].[O&D1&v2&H1&+0&!R:2],1029
1342,[C&D1&v4&H3&+0&!R&z0:1]-[C&D3&v4&H0&+0&!R&z0:2]=[C&D2&v4&H1&+0&!R&z0:3]-[C&D2&v4&H2&+0&!R&z0:4]-[C&D2&v4&H2&+0&!R&z0:5]-[C&D3&v4&H0&+0&!R&z0:6]=[C&D2&v4&H1&+0&!R&z0:7]-[C&D2&v4&H2&+0&!R&z0:8]-[C&D2&v4&H2&+0&!R&z0:9].[O&D1&v2&H1&+0&!R:10].[O&D1&v2&H1&+0&!R:11]>>[C&D1&v4&H2&+0&!R&z0:5]=[C&D3&v4&H0&+0&!R&z0:6]-[C&D2&v4&H2&+0&!R&z0:7]-[C&D2&v4&H2&+0&!R&z1:8]-[O&D2&v2&H0&+0&!R:10].[C&D1&v4&H2&+0&!R&z0:1]=[C&D3&v4&H0&+0&!R&z0:2]-[C&D2&v4&H2&+0&!R&z0:3]-[C&D2&v4&H2&+0&!R&z1:4]-[O&D2&v2&H0&+0&!R:11].[C&D1&v4&H3&+0&!R&z0:9],440
1343,([C&D2&v4&H2&+0&!R&z1:1]-[O&D2&v2&H0&+0&!R:2].[C&D3&v4&H0&+0&!R&z0:3]=[C&D2&v4&H1&+0&!R&z0:4]).[O&D0&v2&H2&+0&!R:5]>>[C&D4&v4&H0&+0&!R&z1:3](-[O&D1&v2&H1&+0&!R:5])-[C&D3&v4&H1&+0&R&z0:4]-[C&D2&v4&H2&+0&R&z0:1].[O&D1&v2&H1&+0&!R:2],804
1344,([C&D2&v4&H2&+0&!R&z1:1]-[O&D2&v2&H0&+0&!R:2].[C&D3&v4&H0&+0&!R&z0:3]=[C&D2&v4&H1&+0&!R&z0:4])>>[C&D3&v4&H1&+0&R&z0:1]1-[C&D3&v4&H1&+0&R&z0:4]-[C&D4&v4&H0&+0&R&z0:3]-1.[O&D1&v2&H1&+0&!R:2],63
1345,[C&D3&v4&H1&+0&!R&z0:1]-[C&D3&v4&H0&+0&R&z0:2](=[C&D2&v4&H1&+0&R&z0:3])-[C&D2&v4&H2&+0&R&z0:4].[O&D1&v2&H1&+0&!R:5]>>([C&D2&v4&H2&+0&!R&z1:4]-[O&D2&v2&H0&+0&!R:5].[C&D3&v4&H0&+0&!R&z0:1]=[C&D2&v4&H1&+0&!R&z0:2]-[C&D2&v4&H2&+0&!R&z0:3]),325
1346,([C&D3&v4&H0&+0&!R&z0:1]=[C&D2&v4&H1&+0&!R&z0:2].[C&D3&v4&H0&+0&!R&z0:3]=[C&D2&v4&H1&+0&!R&z0:4].[C&D3&v4&H0&+0&!R&z0:5]=[C&D2&v4&H1&+0&!R&z0:6].[C&D3&v4&H0&+0&!R&z0:7]=[C&D2&v4&H1&+0&!R&z0:8].[C&D3&v4&H0&+0&!R&z0:9]=[C&D2&v4&H1&+0&!R&z0:10]).[O&D0&v2&H2&+0&!R:11]>>[C&D3&v4&H1&+0&R&z0:10](-[C&D4&v4&H0&+0&R&z1:5]-[O&D1&v2&H1&+0&!R:11])-[C&D4&v4&H0&+0&R&z0:9]-[C&D3&v4&H1&+0&R&z0:4]-[C&D4&v4&H0&+0&R&z0:3]-[C&D3&v4&H1&+0&R&z0:8]-[C&D4&v4&H0&+0&R&z0:7]-[C&D3&v4&H1&+0&R&z0:2]-[C&D4&v4&H0&+0&R&z0:1]-[C&D2&v4&H2&+0&R&z0:6],448
1347,([C&D3&v4&H0&+0&!R&z0:1]=[C&D2&v4&H1&+0&!R&z0:2].[C&D3&v4&H0&+0&!R&z0:3]=[C&D2&v4&H1&+0&!R&z0:4]).[O&D0&v2&H2&+0&!R:5]>>[C&D3&v4&H1&+0&R&z0:4](-[C&D4&v4&H0&+0&R&z0:1]-[C&D2&v4&H2&+0&R&z0:2])-[C&D4&v4&H0&+0&R&z1:3]-[O&D1&v2&H1&+0&!R:5],487
1348,([C&D3&v4&H0&+0&!R&z0:1]=[C&D2&v4&H1&+0&!R&z0:2].[C&D3&v4&H0&+0&!R&z0:3]=[C&D2&v4&H1&+0&!R&z0:4].[C&D3&v4&H0&+0&!R&z0:5]=[C&D2&v4&H1&+0&!R&z0:6].[C&D3&v4&H0&+0&!R&z0:7]=[C&D2&v4&H1&+0&!R&z0:8].[C&D3&v4&H0&+0&!R&z0:9]=[C&D2&v4&H1&+0&!R&z0:10]).[O&D0&v2&H2&+0&!R:11]>>[C&D4&v4&H0&+0&R&z0:1](-[C&D2&v4&H2&+0&R&z0:6])-[C&D3&v4&H1&+0&R&z0:2]-[C&D4&v4&H0&+0&R&z0:7]-[C&D3&v4&H1&+0&R&z0:8]-[C&D4&v4&H0&+0&R&z0:3]-[C&D3&v4&H1&+0&R&z0:4]-[C&D4&v4&H0&+0&R&z0:9]-[C&D3&v4&H1&+0&R&z0:10]-[C&D4&v4&H0&+0&R&z1:5]-[O&D1&v2&H1&+0&!R:11],448
1349,[O&D1&v2&H1&+0&!R:1].[O&D2&v2&H0&+0&!R:2]-[C&D2&v4&H2&+0&!R&z1:3]>>[C&D2&v4&H2&+0&!R&z1:3]-[O&D2&v2&H0&+0&!R:1].[O&D1&v2&H1&+0&!R:2],517
1350,[C&D2&v4&H2&+0&!R&z1:1]-[O&D2&v2&H0&+0&!R:2]~[*:3]~[O&D2&v2&H0&+0&!R:4].[O&D1&v2&H1&+0&!R:5]>>[*:3](~[O&D1&v2&H1&+0&!R:2])~[O&D2&v2&H0&+0&!R:4].[O&D2&v2&H0&+0&!R:5]-[C&D2&v4&H2&+0&!R&z1:1],517
1351,[C&D2&v4&H2&+0&!R&z0:1]-[C&D2&v4&H2&+0&!R&z0:2]-[C&D3&v4&H0&+0&!R&z0:3]=[C&D2&v4&H1&+0&!R&z0:4].[O&D1&v2&H1&+0&!R:5]>>[C&D1&v4&H2&+0&!R&z0:2]=[C&D3&v4&H0&+0&!R&z0:3]-[C&D2&v4&H2&+0&!R&z0:4].[C&D2&v4&H2&+0&!R&z1:1]-[O&D2&v2&H0&+0&!R:5],855
1352,([C&D2&v4&H2&+0&!R&z1:1]-[O&D2&v2&H0&+0&!R:2].[C&D3&v4&H0&+0&!R&z0:3](-[C&D1&v4&H3&+0&!R&z0:4])=[C&D2&v4&H1&+0&!R&z0:5])>>[C&D1&v4&H2&+0&!R&z0:4]=[C&D3&v4&H0&+0&!R&z0:3]-[C&D3&v4&H1&+0&R&z0:5]-[C&D2&v4&H2&+0&R&z0:1].[O&D1&v2&H1&+0&!R:2],813
1353,([C&D2&v4&H2&+0&!R&z0:1]-[C&D3&v4&H0&+0&!R&z0:2]=[C&D2&v4&H1&+0&!R&z0:3].[C&D2&v4&H2&+0&!R&z1:4]-[O&D2&v2&H0&+0&!R:5])>>[C&D2&v4&H1&+0&!R&z0:1]=[C&D3&v4&H0&+0&!R&z0:2]-[C&D3&v4&H1&+0&R&z0:3]-[C&D2&v4&H2&+0&R&z0:4].[O&D1&v2&H1&+0&!R:5],813
1354,([C&D2&v4&H2&+0&!R&z0:1]-[C&D3&v4&H0&+0&!R&z0:2]=[C&D2&v4&H1&+0&!R&z0:3]-[C&D2&v4&H2&+0&!R&z1:4]-[O&D2&v2&H0&+0&!R:5].[C&D3&v4&H0&+0&!R&z0:6]=[C&D2&v4&H1&+0&!R&z0:7])>>[C&D4&v4&H0&+0&R&z0:6]1-[C&D3&v4&H1&+0&R&z0:7]-[C&D2&v4&H2&+0&R&z0:4]-[C&D3&v4&H1&+0&R&z0:3]-1-[C&D3&v4&H0&+0&R&z0:2]=[C&D2&v4&H1&+0&R&z0:1].[O&D1&v2&H1&+0&!R:5],336
1355,[S&D2&v2&H0&+0&!R:1]-[S&D2&v2&H0&+0&!R:2].[c&D3&v4&H0&+0&R&z1:3]1:[c&D3&v4&H0&+0&R&z1:4]-[N&D2&v3&H1&+0&R:5]-[c&D3&v4&H0&+0&R&z1:6]:[c&D3&v4&H0&+0&R&z1:7]-[N&D2&v3&H1&+0&R:8]-1>>[S&D1&v2&H1&+0&!R:1].[S&D1&v2&H1&+0&!R:2].[c&D3&v4&H0&+0&R&z1:3]1:[n&D2&v3&H0&+0&R:8]:[c&D3&v4&H0&+0&R&z1:7]:[c&D3&v4&H0&+0&R&z1:6]:[n&D2&v3&H0&+0&R:5]:[c&D3&v4&H0&+0&R&z1:4]:1,122
1356,[S&D1&v2&H1&+0&!R:1].[S&D1&v2&H1&+0&!R:2].[c&D3&v4&H0&+0&R&z1:3]1:[n&D2&v3&H0&+0&R:4]:[c&D3&v4&H0&+0&R&z1:5]:[c&D3&v4&H0&+0&R&z1:6]:[n&D2&v3&H0&+0&R:7]:[c&D3&v4&H0&+0&R&z1:8]:1>>[S&D2&v2&H0&+0&!R:1]-[S&D2&v2&H0&+0&!R:2].[c&D3&v4&H0&+0&R&z1:3]1:[c&D3&v4&H0&+0&R&z1:8]-[N&D2&v3&H1&+0&R:7]-[c&D3&v4&H0&+0&R&z1:6]:[c&D3&v4&H0&+0&R&z1:5]-[N&D2&v3&H1&+0&R:4]-1,722
1357,[C&D2&v4&H2&+0&!R&z1:1]-[O&D2&v2&H0&+0&!R:2].[C&D3&v4&H0&+0&!R&z0:3]=[C&D2&v4&H1&+0&!R&z0:4]>>[C&D3&v4&H1&+0&R&z0:1]1-[C&D3&v4&H1&+0&R&z0:4]-[C&D4&v4&H0&+0&R&z0:3]-1.[O&D1&v2&H1&+0&!R:2],416
1358,([C&D2&v4&H2&+0&!R&z0:1]-[C&D3&v4&H0&+0&!R&z0:2]=[C&D2&v4&H1&+0&!R&z0:3].[C&D3&v4&H0&+0&!R&z0:4]=[C&D2&v4&H1&+0&!R&z0:5].[C&D3&v4&H0&+0&!R&z0:6]=[C&D2&v4&H1&+0&!R&z0:7].[O&D2&v2&H0&+0&!R:8]-[P&D4&v5&H0&+0&!R:9]).[O&D0&v2&H2&+0&!R:10]>>([C&D3&v4&H1&+0&R&z0:3](-[C&D3&v4&H0&+0&R&z0:2]=[C&D2&v4&H1&+0&R&z0:1])-[C&D4&v4&H0&+0&R&z0:6]-[C&D3&v4&H1&+0&R&z0:7]-[C&D4&v4&H0&+0&R&z0:4]-[C&D2&v4&H2&+0&R&z0:5].[O&D1&v2&H1&+0&!R:8]).[P&D4&v5&H0&+0&!R:9]-[O&D1&v2&H1&+0&!R:10],450
1359,([C&D3&v4&H0&+0&!R&z0:1]=[C&D2&v4&H1&+0&!R&z0:2].[C&D3&v4&H0&+0&!R&z0:3]=[C&D2&v4&H1&+0&!R&z0:4].[C&D3&v4&H0&+0&!R&z0:5]=[C&D2&v4&H1&+0&!R&z0:6]).[O&D0&v2&H2&+0&!R:7]>>[C&D3&v4&H1&+0&R&z0:6](-[C&D4&v4&H0&+0&R&z1:5]-[O&D1&v2&H1&+0&!R:7])-[C&D4&v4&H0&+0&R&z0:3]-[C&D3&v4&H1&+0&R&z0:4]-[C&D4&v4&H0&+0&R&z0:1]-[C&D2&v4&H2&+0&R&z0:2],220
1360,([C&D2&v4&H2&+0&!R&z1:1]-[O&D2&v2&H0&+0&!R:2].[C&D3&v4&H0&+0&!R&z0:3]=[C&D2&v4&H1&+0&!R&z0:4]).[O&D0&v2&H2&+0&!R:5]>>[C&D2&v4&H2&+0&R&z0:1]-[C&D3&v4&H1&+0&R&z0:4]-[C&D4&v4&H0&+0&!R&z1:3]-[O&D1&v2&H1&+0&!R:5].[O&D1&v2&H1&+0&!R:2],804
1361,([C&D2&v4&H2&+0&!R&z1:1]-[O&D2&v2&H0&+0&!R:2].[C&D3&v4&H0&+0&!R&z0:3]=[C&D2&v4&H1&+0&!R&z0:4]).[O&D0&v2&H2&+0&!R:5]>>[C&D2&v4&H2&+0&R&z0:1]-[C&D4&v4&H0&+0&R&z0:3]-[C&D3&v4&H1&+0&R&z1:4]-[O&D1&v2&H1&+0&!R:5].[O&D1&v2&H1&+0&!R:2],804
1362,([C&D1&v4&H3&+0&!R&z0:1]-[C&D3&v4&H0&+0&!R&z0:2]=[C&D2&v4&H1&+0&!R&z0:3].[C&D2&v4&H2&+0&!R&z1:4]-[O&D2&v2&H0&+0&!R:5])>>[C&D1&v4&H2&+0&!R&z0:1]=[C&D3&v4&H0&+0&!R&z0:2]-[C&D3&v4&H1&+0&R&z0:3]-[C&D2&v4&H2&+0&R&z0:4].[O&D1&v2&H1&+0&!R:5],813
1363,([C&D3&v4&H0&+0&!R&z0:1](-[C&D1&v4&H3&+0&!R&z0:2])=[C&D2&v4&H1&+0&!R&z0:3]-[C&D2&v4&H2&+0&!R&z1:4]-[O&D2&v2&H0&+0&!R:5].[C&D3&v4&H0&+0&!R&z0:6]=[C&D2&v4&H1&+0&!R&z0:7].[C&D3&v4&H0&+0&!R&z0:8]=[C&D2&v4&H1&+0&!R&z0:9])>>[C&D1&v4&H2&+0&!R&z0:2]=[C&D3&v4&H0&+0&R&z0:1]-[C&D2&v4&H1&+0&R&z0:3]=[C&D3&v4&H0&+0&R&z0:4](-[C&D3&v4&H1&+0&R&z0:9]-[C&D3&v4&H1&+0&R&z0:8])-[C&D3&v4&H1&+0&R&z0:7]-[C&D3&v4&H1&+0&!R&z0:6].[O&D1&v2&H1&+0&!R:5],776
1364,([C&D3&v4&H0&+0&!R&z0:1](-[C&D1&v4&H3&+0&!R&z0:2])=[C&D2&v4&H1&+0&!R&z0:3].[C&D3&v4&H0&+0&!R&z0:4]=[C&D2&v4&H1&+0&!R&z0:5].[C&D3&v4&H0&+0&!R&z0:6]=[C&D2&v4&H1&+0&!R&z0:7])>>[C&D1&v4&H2&+0&!R&z0:2]=[C&D3&v4&H0&+0&R&z0:1]-[C&D3&v4&H1&+0&R&z0:3]-[C&D4&v4&H0&+0&R&z0:6]-[C&D3&v4&H1&+0&R&z0:7]-[C&D4&v4&H0&+0&R&z0:4]-[C&D2&v4&H2&+0&R&z0:5],601
1365,([C&D2&v4&H2&+0&!R&z0:1]-[C&D3&v4&H0&+0&!R&z0:2]=[C&D2&v4&H1&+0&!R&z0:3].[C&D3&v4&H0&+0&!R&z0:4]=[C&D2&v4&H1&+0&!R&z0:5].[C&D3&v4&H0&+0&!R&z0:6]=[C&D2&v4&H1&+0&!R&z0:7])>>[C&D3&v4&H1&+0&R&z0:3](-[C&D3&v4&H0&+0&R&z0:2]=[C&D2&v4&H1&+0&R&z0:1])-[C&D4&v4&H0&+0&R&z0:6]-[C&D3&v4&H1&+0&R&z0:7]-[C&D4&v4&H0&+0&R&z0:4]-[C&D2&v4&H2&+0&R&z0:5],601
1366,([C&D2&v4&H2&+0&!R&z1:1]-[O&D2&v2&H0&+0&!R:2].[C&D3&v4&H0&+0&!R&z0:3]=[C&D2&v4&H1&+0&!R&z0:4])>>[C&D2&v4&H1&+0&R&z0:1]=[C&D3&v4&H0&+0&R&z0:4]-[C&D3&v4&H1&+0&!R&z0:3].[O&D1&v2&H1&+0&!R:2],328
1367,([C&D2&v4&H1&+0&!R&z0:1].[C&D2&v4&H2&+0&!R&z1:2]-[O&D2&v2&H0&+0&!R:3].[C&D3&v4&H0&+0&!R&z0:4]=[C&D2&v4&H1&+0&!R&z0:5])>>[C&D2&v4&H2&+0&R&z0:2]-[C&D4&v4&H0&+0&R&z0:4]-[C&D3&v4&H1&+0&R&z0:5]-[C&D3&v4&H0&+0&R&z0:1].[O&D1&v2&H1&+0&!R:3],252
1368,([C&D2&v4&H1&+0&!R&z0:1].[C&D2&v4&H2&+0&!R&z1:2]-[O&D2&v2&H0&+0&!R:3])>>[C&D2&v4&H2&+0&R&z0:2]-[C&D3&v4&H0&+0&R&z0:1].[O&D1&v2&H1&+0&!R:3],503
1369,([C&D2&v4&H1&+0&!R&z0:1].[C&D2&v4&H2&+0&!R&z0:2]-[C&D3&v4&H0&+0&!R&z0:3]=[C&D2&v4&H1&+0&!R&z0:4]-[C&D2&v4&H2&+0&!R&z1:5]-[O&D2&v2&H0&+0&!R:6].[C&D3&v4&H0&+0&!R&z0:7]=[C&D2&v4&H1&+0&!R&z0:8].[C&D3&v4&H0&+0&!R&z0:9]=[C&D2&v4&H1&+0&!R&z0:10])>>[C&D3&v4&H0&+0&R&z0:3](=[C&D2&v4&H1&+0&R&z0:2])-[C&D3&v4&H1&+0&R&z0:4](-[C&D4&v4&H0&+0&R&z0:9]-[C&D2&v4&H2&+0&R&z0:10])-[C&D2&v4&H2&+0&R&z0:5]-[C&D3&v4&H1&+0&R&z0:8]-[C&D4&v4&H0&+0&R&z0:7]-[C&D3&v4&H0&+0&R&z0:1].[O&D1&v2&H1&+0&!R:6],896
1370,[C&D2&v4&H2&+0&!R&z1:1]-[S&D2&v2&H0&+0&!R:2].[O&D0&v2&H2&+0&!R:3].[O&D1&v2&H0&+0&!R:4]=[O&D1&v2&H0&+0&!R:5]>>[C&D2&v4&H1&+0&!R&z1:1]=[O&D1&v2&H0&+0&!R:3].[O&D1&v2&H1&+0&!R:4]-[O&D1&v2&H1&+0&!R:5].[S&D1&v2&H1&+0&!R:2],505
1371,([C&D3&v4&H0&+0&!R&z0:1]=[C&D2&v4&H1&+0&!R&z0:2].[O&D1&v2&H1&+0&!R:3])>>[C&D4&v4&H0&+0&R&z1:1](-[C&D2&v4&H2&+0&R&z0:2])-[O&D2&v2&H0&+0&R:3],412
1372,[C&D4&v4&H0&+0&R&z0:1]1-[C&D3&v4&H1&+0&R&z0:2]-[C&D2&v4&H2&+0&R&z0:3]-[C&D3&v4&H1&+0&R&z0:4]-1-[C&D3&v4&H0&+0&R&z0:5]=[C&D2&v4&H1&+0&R&z0:6].[O&D1&v2&H1&+0&!R:7]>>([C&D2&v4&H2&+0&!R&z0:6]-[C&D3&v4&H0&+0&!R&z0:5]=[C&D2&v4&H1&+0&!R&z0:4]-[C&D2&v4&H2&+0&!R&z1:3]-[O&D2&v2&H0&+0&!R:7].[C&D3&v4&H0&+0&!R&z0:1]=[C&D2&v4&H1&+0&!R&z0:2]),624
1373,[C&D4&v4&H0&+0&R&z1:1](-[C&D2&v4&H2&+0&R&z0:2])-[O&D2&v2&H0&+0&R:3]>>([C&D3&v4&H0&+0&!R&z0:1]=[C&D2&v4&H1&+0&!R&z0:2].[O&D1&v2&H1&+0&!R:3]),1005
1374,[C&D1&v4&H3&+0&!R&z0:1]-[C&D3&v4&H0&+0&!R&z0:2]=[C&D2&v4&H1&+0&!R&z0:3].[C&D1&v4&H3&+0&!R&z1:4]-[S&D3&v3&H0&+&!R:5]>>[C&D1&v4&H2&+0&!R&z0:1]=[C&D3&v4&H0&+0&!R&z0:2]-[C&D3&v4&H1&+0&!R&z0:3]-[C&D1&v4&H3&+0&!R&z0:4].[S&D2&v2&H0&+0&!R:5],78
1375,([C&D2&v4&H2&+0&!R&z1:1]-[O&D2&v2&H0&+0&!R:2].[C&D3&v4&H0&+0&!R&z0:3]=[C&D2&v4&H1&+0&!R&z0:4].[C&D3&v4&H0&+0&!R&z0:5]=[C&D2&v4&H1&+0&!R&z0:6]).[O&D0&v2&H2&+0&!R:7]>>[C&D3&v4&H1&+0&R&z0:1](-[C&D3&v4&H1&+0&R&z0:4]-[C&D3&v4&H1&+0&!R&z0:3])-[C&D4&v4&H0&+0&R&z1:6](-[C&D3&v4&H1&+0&R&z0:5])-[O&D1&v2&H1&+0&!R:7].[O&D1&v2&H1&+0&!R:2],862
1376,([C&D2&v4&H2&+0&!R&z0:1]-[C&D3&v4&H0&+0&!R&z0:2]=[C&D2&v4&H1&+0&!R&z0:3].[C&D3&v4&H0&+0&!R&z0:4]=[C&D2&v4&H1&+0&!R&z0:5].[C&D3&v4&H0&+0&!R&z0:6]=[C&D2&v4&H1&+0&!R&z0:7].[O&D2&v2&H0&+0&!R:8]-[P&D4&v5&H0&+0&!R:9]).[O&D0&v2&H2&+0&!R:10]>>([C&D3&v4&H0&+0&R&z0:2](=[C&D2&v4&H1&+0&R&z0:1])-[C&D3&v4&H1&+0&R&z0:3]-[C&D4&v4&H0&+0&R&z0:6]-[C&D3&v4&H1&+0&R&z0:7]-[C&D4&v4&H0&+0&R&z0:4]-[C&D2&v4&H2&+0&R&z0:5].[O&D1&v2&H1&+0&!R:8]).[P&D4&v5&H0&+0&!R:9]-[O&D1&v2&H1&+0&!R:10],450
1377,([C&D3&v4&H0&+0&!R&z0:1]=[C&D2&v4&H1&+0&!R&z0:2].[C&D3&v4&H0&+0&!R&z0:3]=[C&D2&v4&H1&+0&!R&z0:4]-[C&D2&v4&H2&+0&!R&z1:5]-[O&D2&v2&H0&+0&!R:6]).[O&D0&v2&H2&+0&!R:7]>>[C&D3&v4&H1&+0&R&z0:3]-[C&D2&v4&H1&+0&R&z0:4]=[C&D2&v4&H1&+0&R&z0:5]-[C&D3&v4&H1&+0&R&z0:2]-[C&D4&v4&H0&+0&!R&z1:1]-[O&D1&v2&H1&+0&!R:7].[O&D1&v2&H1&+0&!R:6],477
1378,([C&D1&v4&H3&+0&!R&z0:1]-[C&D3&v4&H0&+0&!R&z0:2]=[C&D2&v4&H1&+0&!R&z0:3].[C&D2&v4&H2&+0&!R&z0:4]-[C&D3&v4&H0&+0&!R&z0:5]=[C&D2&v4&H1&+0&!R&z0:6].[C&D2&v4&H2&+0&!R&z1:7]-[O&D2&v2&H0&+0&!R:8].[C&D3&v4&H0&+0&!R&z0:9]-[C&D1&v4&H3&+0&!R&z0:10])>>([C&D1&v4&H2&+0&!R&z0:1]=[C&D3&v4&H0&+0&!R&z0:2]-[C&D3&v4&H1&+0&R&z0:3]-[C&D2&v4&H2&+0&R&z0:7].[C&D3&v4&H0&+0&R&z0:9]-[C&D4&v4&H0&+0&R&z0:4](-[C&D3&v4&H1&+0&R&z0:5]-[C&D2&v4&H2&+0&R&z0:6])-[C&D1&v4&H3&+0&!R&z0:10]).[O&D1&v2&H1&+0&!R:8],269
1379,([C&D1&v4&H3&+0&!R&z0:1]-[C&D3&v4&H0&+0&!R&z0:2]=[C&D2&v4&H1&+0&!R&z0:3].[C&D2&v4&H2&+0&!R&z1:4]-[O&D2&v2&H0&+0&!R:5].[C&D3&v4&H0&+0&!R&z0:6]=[C&D2&v4&H1&+0&!R&z0:7])>>[C&D1&v4&H2&+0&!R&z0:1]=[C&D3&v4&H0&+0&!R&z0:2]-[C&D3&v4&H1&+0&R&z0:3]-[C&D3&v4&H1&+0&R&z0:4]-[C&D3&v4&H1&+0&R&z0:7]-[C&D3&v4&H1&+0&R&z0:6].[O&D1&v2&H1&+0&!R:5],877
1380,([C&D1&v4&H3&+0&!R&z0:1]-[C&D3&v4&H0&+0&!R&z0:2]=[C&D2&v4&H1&+0&!R&z0:3].[C&D2&v4&H2&+0&!R&z0:4].[C&D3&v4&H0&+0&!R&z0:5]=[C&D2&v4&H1&+0&!R&z0:6]-[C&D2&v4&H2&+0&!R&z1:7]-[O&D2&v2&H0&+0&!R:8])>>[C&D1&v4&H2&+0&!R&z0:1]=[C&D3&v4&H0&+0&!R&z0:2]-[C&D3&v4&H1&+0&R&z0:3]-[C&D2&v4&H2&+0&R&z0:7]-[C&D2&v4&H2&+0&R&z0:6]-[C&D4&v4&H0&+0&R&z0:5]-[C&D3&v4&H1&+0&R&z0:4].[O&D1&v2&H1&+0&!R:8],26
1381,([C&D3&v4&H0&+0&!R&z0:1](-[C&D1&v4&H3&+0&!R&z0:2])=[C&D2&v4&H1&+0&!R&z0:3]-[C&D2&v4&H2&+0&!R&z1:4]-[O&D2&v2&H0&+0&!R:5].[C&D3&v4&H0&+0&!R&z0:6]=[C&D2&v4&H1&+0&!R&z0:7])>>[C&D1&v4&H2&+0&!R&z0:4]=[C&D3&v4&H0&+0&R&z0:3]1-[C&D3&v4&H1&+0&R&z0:1]-[C&D2&v4&H2&+0&R&z0:2]-[C&D3&v4&H1&+0&R&z0:7]-[C&D4&v4&H0&+0&R&z0:6]-1.[O&D1&v2&H1&+0&!R:5],286
1382,([C&D3&v4&H0&+0&!R&z0:1](-[C&D1&v4&H3&+0&!R&z0:2])=[C&D2&v4&H1&+0&!R&z0:3]-[C&D2&v4&H2&+0&!R&z1:4]-[O&D2&v2&H0&+0&!R:5].[C&D3&v4&H0&+0&!R&z0:6]=[C&D2&v4&H1&+0&!R&z0:7].[C&D3&v4&H0&+0&!R&z0:8]=[C&D2&v4&H1&+0&!R&z0:9]-[C&D2&v4&H2&+0&!R&z0:10])>>[C&D1&v4&H2&+0&!R&z0:2]=[C&D3&v4&H0&+0&R&z0:9]1-[C&D3&v4&H1&+0&R&z0:10]-[C&D3&v4&H1&+0&R&z0:4](-[C&D3&v4&H1&+0&R&z0:3](-[C&D2&v4&H2&+0&R&z0:1])-[C&D4&v4&H0&+0&R&z0:8]-1)-[C&D3&v4&H1&+0&R&z0:7]-[C&D3&v4&H1&+0&!R&z0:6].[O&D1&v2&H1&+0&!R:5],978
1383,([C&D3&v4&H0&+0&!R&z0:1](-[C&D1&v4&H3&+0&!R&z0:2])=[C&D2&v4&H1&+0&!R&z0:3]-[C&D2&v4&H2&+0&!R&z1:4]-[O&D2&v2&H0&+0&!R:5].[C&D3&v4&H0&+0&!R&z0:6]=[C&D2&v4&H1&+0&!R&z0:7].[C&D3&v4&H0&+0&!R&z0:8]=[C&D2&v4&H1&+0&!R&z0:9]-[C&D2&v4&H2&+0&!R&z0:10])>>[C&D1&v4&H2&+0&!R&z0:2]=[C&D3&v4&H0&+0&R&z0:9]1-[C&D3&v4&H1&+0&R&z0:10]-[C&D3&v4&H1&+0&R&z0:4](-[C&D3&v4&H1&+0&R&z0:3](-[C&D2&v4&H2&+0&R&z0:1])-[C&D4&v4&H0&+0&R&z0:8]-1)-[C&D4&v4&H0&+0&R&z0:6]-[C&D2&v4&H2&+0&R&z0:7].[O&D1&v2&H1&+0&!R:5],978
1384,([C&D3&v4&H0&+0&!R&z0:1](-[C&D1&v4&H3&+0&!R&z0:2])=[C&D2&v4&H1&+0&!R&z0:3]-[C&D2&v4&H2&+0&!R&z1:4]-[O&D2&v2&H0&+0&!R:5].[C&D3&v4&H0&+0&!R&z0:6]=[C&D2&v4&H1&+0&!R&z0:7].[C&D3&v4&H0&+0&!R&z0:8]=[C&D2&v4&H1&+0&!R&z0:9])>>[C&D1&v4&H2&+0&!R&z0:2]=[C&D3&v4&H0&+0&R&z0:1]-[C&D2&v4&H1&+0&R&z0:3]=[C&D3&v4&H0&+0&R&z0:4](-[C&D3&v4&H1&+0&R&z0:7]-[C&D3&v4&H1&+0&!R&z0:6])-[C&D3&v4&H1&+0&R&z0:9]-[C&D3&v4&H1&+0&R&z0:8].[O&D1&v2&H1&+0&!R:5],776
1385,([C&D3&v4&H0&+0&!R&z0:1](-[C&D1&v4&H3&+0&!R&z0:2])=[C&D2&v4&H1&+0&!R&z0:3]-[C&D2&v4&H2&+0&!R&z1:4]-[O&D2&v2&H0&+0&!R:5].[C&D3&v4&H0&+0&!R&z0:6]=[C&D2&v4&H1&+0&!R&z0:7].[C&D3&v4&H0&+0&!R&z0:8]=[C&D2&v4&H1&+0&!R&z0:9])>>[C&D1&v4&H2&+0&!R&z0:2]=[C&D3&v4&H0&+0&R&z0:1]-[C&D2&v4&H1&+0&R&z0:3]=[C&D3&v4&H0&+0&R&z0:4](-[C&D3&v4&H1&+0&R&z0:9]-[C&D3&v4&H1&+0&R&z0:8])-[C&D4&v4&H0&+0&R&z0:6]-[C&D2&v4&H2&+0&R&z0:7].[O&D1&v2&H1&+0&!R:5],776
1386,([C&D3&v4&H0&+0&!R&z0:1](-[C&D1&v4&H3&+0&!R&z0:2])=[C&D2&v4&H1&+0&!R&z0:3]-[C&D2&v4&H2&+0&!R&z1:4]-[O&D2&v2&H0&+0&!R:5].[C&D3&v4&H0&+0&!R&z0:6]=[C&D2&v4&H1&+0&!R&z0:7])>>[C&D1&v4&H2&+0&!R&z0:2]=[C&D3&v4&H0&+0&R&z0:1]-[C&D2&v4&H1&+0&R&z0:3]=[C&D2&v4&H1&+0&R&z0:4]-[C&D3&v4&H1&+0&R&z0:7]-[C&D3&v4&H1&+0&!R&z0:6].[O&D1&v2&H1&+0&!R:5],525
1387,([C&D3&v4&H0&+0&!R&z0:1](-[C&D1&v4&H3&+0&!R&z0:2])=[C&D2&v4&H1&+0&!R&z0:3]-[C&D2&v4&H2&+0&!R&z1:4]-[O&D2&v2&H0&+0&!R:5].[C&D3&v4&H0&+0&!R&z0:6]=[C&D2&v4&H1&+0&!R&z0:7])>>[C&D1&v4&H2&+0&!R&z0:2]=[C&D3&v4&H0&+0&R&z0:1]-[C&D2&v4&H1&+0&R&z0:3]=[C&D2&v4&H1&+0&R&z0:4]-[C&D4&v4&H0&+0&R&z0:6]-[C&D2&v4&H2&+0&R&z0:7].[O&D1&v2&H1&+0&!R:5],525
1388,([C&D2&v4&H2&+0&!R&z1:1]-[O&D2&v2&H0&+0&!R:2].[C&D3&v4&H0&+0&!R&z0:3](-[C&D1&v4&H3&+0&!R&z0:4])=[C&D2&v4&H1&+0&!R&z0:5].[C&D3&v4&H0&+0&!R&z0:6]=[C&D2&v4&H1&+0&!R&z0:7])>>[C&D1&v4&H2&+0&!R&z0:4]=[C&D3&v4&H0&+0&R&z0:3]-[C&D3&v4&H1&+0&R&z0:5]-[C&D3&v4&H1&+0&R&z0:1]-[C&D3&v4&H1&+0&R&z0:7]-[C&D3&v4&H1&+0&!R&z0:6].[O&D1&v2&H1&+0&!R:2],877
1389,([C&D3&v4&H0&+0&!R&z0:1](-[C&D1&v4&H3&+0&!R&z0:2])=[C&D2&v4&H1&+0&!R&z0:3]-[C&D2&v4&H2&+0&!R&z1:4]-[O&D2&v2&H0&+0&!R:5].[C&D3&v4&H0&+0&!R&z0:6]=[C&D2&v4&H1&+0&!R&z0:7])>>[C&D1&v4&H2&+0&!R&z0:2]=[C&D3&v4&H0&+0&R&z0:1]-[C&D3&v4&H1&+0&R&z0:3]1-[C&D4&v4&H0&+0&R&z0:7](-[C&D3&v4&H1&+0&!R&z0:6])-[C&D2&v4&H2&+0&R&z0:4]-1.[O&D1&v2&H1&+0&!R:5],836
1390,([C&D3&v4&H0&+0&!R&z0:1]=[C&D2&v4&H1&+0&!R&z0:2].[C&D3&v4&H0&+0&!R&z0:3]=[C&D2&v4&H1&+0&!R&z0:4]-[C&D2&v4&H2&+0&!R&z0:5]-[C&D2&v4&H2&+0&!R&z0:6]-[C&D3&v4&H0&+0&!R&z0:7](-[C&D1&v4&H3&+0&!R&z0:8])=[C&D2&v4&H1&+0&!R&z0:9]-[C&D2&v4&H2&+0&!R&z1:10]-[O&D2&v2&H0&+0&!R:11]~[*:12]~[O&D2&v2&H0&+0&!R:13])>>[*:12](~[O&D1&v2&H1&+0&!R:11])~[O&D2&v2&H0&+0&!R:13].[C&D1&v4&H2&+0&!R&z0:8]=[C&D3&v4&H0&+0&R&z0:7]1-[C&D2&v4&H2&+0&R&z0:9]-[C&D2&v4&H2&+0&R&z0:10]-[C&D4&v4&H0&+0&R&z0:4]2(-[C&D3&v4&H1&+0&R&z0:3])-[C&D3&v4&H1&+0&R&z0:6](-[C&D3&v4&H1&+0&R&z0:2]-[C&D3&v4&H1&+0&!R&z0:1])-[C&D3&v4&H1&+0&R&z0:5]-1-2,168
1391,([C&D3&v4&H0&+0&!R&z0:1]=[C&D2&v4&H1&+0&!R&z0:2].[C&D3&v4&H0&+0&!R&z0:3]=[C&D2&v4&H1&+0&!R&z0:4]-[C&D2&v4&H2&+0&!R&z0:5]-[C&D2&v4&H2&+0&!R&z0:6]-[C&D3&v4&H0&+0&!R&z0:7](-[C&D1&v4&H3&+0&!R&z0:8])=[C&D2&v4&H1&+0&!R&z0:9]-[C&D2&v4&H2&+0&!R&z1:10]-[O&D2&v2&H0&+0&!R:11])>>[C&D1&v4&H2&+0&!R&z0:8]=[C&D3&v4&H0&+0&R&z0:7]1-[C&D2&v4&H2&+0&R&z0:9]-[C&D2&v4&H2&+0&R&z0:10]-[C&D3&v4&H1&+0&R&z0:6]2-[C&D3&v4&H1&+0&R&z0:5](-[C&D3&v4&H1&+0&R&z0:2]-[C&D3&v4&H1&+0&!R&z0:1])-[C&D3&v4&H1&+0&R&z0:4]-1-[C&D4&v4&H0&+0&R&z0:3]-2.[O&D1&v2&H1&+0&!R:11],726
1392,([C&D3&v4&H0&+0&!R&z0:1](-[C&D1&v4&H3&+0&!R&z0:2])=[C&D2&v4&H1&+0&!R&z0:3]-[C&D2&v4&H2&+0&!R&z1:4]-[O&D2&v2&H0&+0&!R:5].[C&D3&v4&H0&+0&!R&z0:6]=[C&D2&v4&H1&+0&!R&z0:7])>>[C&D1&v4&H2&+0&!R&z0:2]=[C&D3&v4&H0&+0&R&z0:1]-[C&D3&v4&H1&+0&R&z0:3]1-[C&D2&v4&H2&+0&R&z0:4]-[C&D3&v4&H1&+0&R&z0:7]-[C&D4&v4&H0&+0&R&z0:6]-1.[O&D1&v2&H1&+0&!R:5],336
1393,([C&D3&v4&H0&+0&!R&z0:1](-[C&D1&v4&H3&+0&!R&z0:2])=[C&D2&v4&H1&+0&!R&z0:3]-[C&D2&v4&H2&+0&!R&z1:4]-[O&D2&v2&H0&+0&!R:5].[C&D3&v4&H0&+0&!R&z0:6]=[C&D2&v4&H1&+0&!R&z0:7])>>[C&D1&v4&H2&+0&!R&z0:2]=[C&D3&v4&H0&+0&R&z0:1]-[C&D3&v4&H1&+0&R&z0:3]1-[C&D3&v4&H1&+0&R&z0:7]-[C&D4&v4&H0&+0&R&z0:6]-[C&D2&v4&H2&+0&R&z0:4]-1.[O&D1&v2&H1&+0&!R:5],336
1394,([C&D2&v4&H2&+0&!R&z1:1]-[O&D2&v2&H0&+0&!R:2].[C&D3&v4&H0&+0&!R&z0:3](-[C&D1&v4&H3&+0&!R&z0:4])=[C&D2&v4&H1&+0&!R&z0:5].[C&D3&v4&H0&+0&!R&z0:6]=[C&D2&v4&H1&+0&!R&z0:7])>>[C&D1&v4&H2&+0&!R&z0:4]=[C&D3&v4&H0&+0&R&z0:3]-[C&D3&v4&H1&+0&R&z0:5]-[C&D3&v4&H1&+0&R&z0:1]-[C&D4&v4&H0&+0&R&z0:6]-[C&D2&v4&H2&+0&R&z0:7].[O&D1&v2&H1&+0&!R:2],877
1395,([C&D2&v4&H1&+0&!R&z0:1].[C&D2&v4&H2&+0&!R&z1:2]-[O&D2&v2&H0&+0&!R:3])>>[C&D3&v4&H0&+0&R&z0:1]-[C&D2&v4&H2&+0&R&z0:2].[O&D1&v2&H1&+0&!R:3],503
1396,([C&D2&v4&H2&+0&!R&z0:1]-[C&D3&v4&H0&+0&!R&z0:2]=[C&D2&v4&H1&+0&!R&z0:3]-[C&D2&v4&H2&+0&!R&z1:4]-[O&D2&v2&H0&+0&!R:5].[C&D3&v4&H0&+0&!R&z0:6]=[C&D2&v4&H1&+0&!R&z0:7])>>[C&D3&v4&H1&+0&!R&z0:6]-[C&D4&v4&H0&+0&R&z0:7]1-[C&D3&v4&H1&+0&R&z0:3](-[C&D3&v4&H0&+0&R&z0:2]=[C&D2&v4&H1&+0&R&z0:1])-[C&D2&v4&H2&+0&R&z0:4]-1.[O&D1&v2&H1&+0&!R:5],836
1397,([C&D2&v4&H2&+0&!R&z1:1]-[O&D2&v2&H0&+0&!R:2].[C&D3&v4&H0&+0&!R&z0:3]=[C&D2&v4&H1&+0&!R&z0:4])>>[C&D3&v4&H1&+0&!R&z0:3]-[C&D3&v4&H0&+0&R&z0:4]=[C&D2&v4&H1&+0&R&z0:1].[O&D1&v2&H1&+0&!R:2],328
1398,([C&D2&v4&H2&+0&!R&z0:1]-[C&D3&v4&H0&+0&!R&z0:2]=[C&D2&v4&H1&+0&!R&z0:3]-[C&D2&v4&H2&+0&!R&z1:4]-[O&D2&v2&H0&+0&!R:5].[C&D3&v4&H0&+0&!R&z0:6]=[C&D2&v4&H1&+0&!R&z0:7])>>[C&D3&v4&H1&+0&!R&z0:6]-[C&D3&v4&H1&+0&R&z0:7]-[C&D2&v4&H1&+0&R&z0:4]=[C&D2&v4&H1&+0&R&z0:3]-[C&D3&v4&H0&+0&R&z0:2]=[C&D2&v4&H1&+0&R&z0:1].[O&D1&v2&H1&+0&!R:5],525
1399,([C&D2&v4&H2&+0&!R&z0:1]-[C&D3&v4&H0&+0&!R&z0:2]=[C&D2&v4&H1&+0&!R&z0:3]-[C&D2&v4&H2&+0&!R&z1:4]-[O&D2&v2&H0&+0&!R:5].[C&D3&v4&H0&+0&!R&z0:6]=[C&D2&v4&H1&+0&!R&z0:7])>>[C&D4&v4&H0&+0&R&z0:6]1-[C&D3&v4&H1&+0&R&z0:7]-[C&D2&v4&H2&+0&R&z0:4]-[C&D3&v4&H1&+0&R&z0:3]2-[C&D3&v4&H1&+0&R&z0:1]-[C&D4&v4&H0&+0&R&z0:2]-1-2.[O&D1&v2&H1&+0&!R:5],344
1400,([C&D2&v4&H1&+0&!R&z0:1]-[C&D2&v4&H2&+0&!R&z0:2]-[C&D2&v4&H2&+0&!R&z0:3]-[C&D3&v4&H0&+0&!R&z0:4]=[C&D2&v4&H1&+0&!R&z0:5]-[C&D2&v4&H2&+0&!R&z1:6]-[O&D2&v2&H0&+0&!R:7].[C&D3&v4&H0&+0&!R&z0:8]=[C&D2&v4&H1&+0&!R&z0:9])>>[C&D3&v4&H0&+0&R&z0:4]1=[C&D2&v4&H1&+0&R&z0:3]-[C&D3&v4&H1&+0&R&z0:2](-[C&D3&v4&H0&+0&R&z0:1]-[C&D2&v4&H2&+0&R&z0:6]-[C&D2&v4&H2&+0&R&z0:5]-1)-[C&D3&v4&H1&+0&R&z0:9]-[C&D3&v4&H1&+0&!R&z0:8].[O&D1&v2&H1&+0&!R:7],396
1401,([C&D2&v4&H1&+0&!R&z0:1]-[C&D2&v4&H2&+0&!R&z0:2]-[C&D2&v4&H2&+0&!R&z0:3]-[C&D3&v4&H0&+0&!R&z0:4]=[C&D2&v4&H1&+0&!R&z0:5]-[C&D2&v4&H2&+0&!R&z1:6]-[O&D2&v2&H0&+0&!R:7].[C&D3&v4&H0&+0&!R&z0:8]=[C&D2&v4&H1&+0&!R&z0:9])>>[C&D3&v4&H0&+0&R&z0:4]1=[C&D2&v4&H1&+0&R&z0:3]-[C&D3&v4&H1&+0&R&z0:2](-[C&D3&v4&H0&+0&R&z0:1]-[C&D2&v4&H2&+0&R&z0:6]-[C&D2&v4&H2&+0&R&z0:5]-1)-[C&D4&v4&H0&+0&R&z0:8]-[C&D2&v4&H2&+0&R&z0:9].[O&D1&v2&H1&+0&!R:7],396
1402,([C&D2&v4&H2&+0&!R&z0:1]-[C&D3&v4&H0&+0&!R&z0:2]=[C&D2&v4&H1&+0&!R&z0:3].[C&D2&v4&H2&+0&!R&z1:4]-[O&D2&v2&H0&+0&!R:5].[C&D3&v4&H0&+0&!R&z0:6]=[C&D2&v4&H1&+0&!R&z0:7])>>[C&D3&v4&H1&+0&R&z0:4](-[C&D3&v4&H1&+0&R&z0:3]-[C&D3&v4&H0&+0&R&z0:2]=[C&D2&v4&H1&+0&R&z0:1])-[C&D3&v4&H1&+0&R&z0:7]-[C&D3&v4&H1&+0&!R&z0:6].[O&D1&v2&H1&+0&!R:5],877
1403,([C&D2&v4&H2&+0&!R&z0:1]-[C&D3&v4&H0&+0&!R&z0:2]=[C&D2&v4&H1&+0&!R&z0:3].[C&D2&v4&H2&+0&!R&z1:4]-[O&D2&v2&H0&+0&!R:5].[C&D3&v4&H0&+0&!R&z0:6]=[C&D2&v4&H1&+0&!R&z0:7])>>[C&D3&v4&H1&+0&R&z0:4](-[C&D3&v4&H1&+0&R&z0:3]-[C&D3&v4&H0&+0&R&z0:2]=[C&D2&v4&H1&+0&R&z0:1])-[C&D4&v4&H0&+0&R&z0:6]-[C&D2&v4&H2&+0&R&z0:7].[O&D1&v2&H1&+0&!R:5],877
1404,([C&D2&v4&H2&+0&!R&z0:1]-[C&D3&v4&H0&+0&!R&z0:2]=[C&D2&v4&H1&+0&!R&z0:3]-[C&D2&v4&H2&+0&!R&z1:4]-[O&D2&v2&H0&+0&!R:5].[C&D3&v4&H0&+0&!R&z0:6]=[C&D2&v4&H1&+0&!R&z0:7].[C&D3&v4&H0&+0&!R&z0:8]=[C&D2&v4&H1&+0&!R&z0:9])>>[C&D3&v4&H0&+0&R&z0:2](=[C&D2&v4&H1&+0&R&z0:1])-[C&D2&v4&H1&+0&R&z0:3]=[C&D3&v4&H0&+0&R&z0:4](-[C&D3&v4&H1&+0&R&z0:9]-[C&D3&v4&H1&+0&R&z0:8])-[C&D3&v4&H1&+0&R&z0:7]-[C&D3&v4&H1&+0&!R&z0:6].[O&D1&v2&H1&+0&!R:5],776
1405,([C&D2&v4&H2&+0&!R&z0:1]-[C&D3&v4&H0&+0&!R&z0:2]=[C&D2&v4&H1&+0&!R&z0:3]-[C&D2&v4&H2&+0&!R&z1:4]-[O&D2&v2&H0&+0&!R:5].[C&D3&v4&H0&+0&!R&z0:6]=[C&D2&v4&H1&+0&!R&z0:7].[C&D3&v4&H0&+0&!R&z0:8]=[C&D2&v4&H1&+0&!R&z0:9])>>[C&D3&v4&H0&+0&R&z0:2](=[C&D2&v4&H1&+0&R&z0:1])-[C&D2&v4&H1&+0&R&z0:3]=[C&D3&v4&H0&+0&R&z0:4](-[C&D3&v4&H1&+0&R&z0:9]-[C&D3&v4&H1&+0&R&z0:8])-[C&D4&v4&H0&+0&R&z0:6]-[C&D2&v4&H2&+0&R&z0:7].[O&D1&v2&H1&+0&!R:5],776
1406,([C&D2&v4&H2&+0&!R&z0:1]-[C&D3&v4&H0&+0&!R&z0:2]=[C&D2&v4&H1&+0&!R&z0:3].[C&D3&v4&H0&+0&!R&z0:4]=[C&D2&v4&H1&+0&!R&z0:5].[C&D3&v4&H0&+0&!R&z0:6]=[C&D2&v4&H1&+0&!R&z0:7])>>[C&D3&v4&H0&+0&R&z0:2](=[C&D2&v4&H1&+0&R&z0:1])-[C&D3&v4&H1&+0&R&z0:3]-[C&D4&v4&H0&+0&R&z0:6]-[C&D3&v4&H1&+0&R&z0:7]-[C&D4&v4&H0&+0&R&z0:4]-[C&D2&v4&H2&+0&R&z0:5],601
1407,([C&D1&v4&H3&+0&!R&z0:1]-[C&D3&v4&H0&+0&!R&z0:2].[C&D2&v4&H2&+0&!R&z0:3]-[C&D3&v4&H0&+0&!R&z0:4](-[C&D1&v4&H3&+0&!R&z0:5])=[C&D2&v4&H1&+0&!R&z0:6].[C&D2&v4&H2&+0&!R&z0:7]-[C&D3&v4&H0&+0&!R&z0:8]=[C&D2&v4&H1&+0&!R&z0:9]-[C&D2&v4&H2&+0&!R&z1:10]-[O&D2&v2&H0&+0&!R:11])>>[C&D3&v4&H0&+0&R&z0:8](=[C&D2&v4&H1&+0&R&z0:7])-[C&D2&v4&H2&+0&R&z0:9]-[C&D3&v4&H1&+0&R&z0:4](-[C&D3&v4&H1&+0&R&z0:6]-[C&D3&v4&H0&+0&R&z0:2])-[C&D3&v4&H1&+0&R&z0:3]-[C&D3&v4&H1&+0&!R&z0:10](-[C&D1&v4&H3&+0&!R&z0:1])-[C&D1&v4&H3&+0&!R&z0:5].[O&D1&v2&H1&+0&!R:11],127
1408,([C&D2&v4&H2&+0&!R&z1:1]-[O&D2&v2&H0&+0&!R:2].[C&D3&v4&H0&+0&!R&z0:3]=[C&D2&v4&H1&+0&!R&z0:4].[C&D3&v4&H0&+0&!R&z0:5]=[C&D2&v4&H1&+0&!R&z0:6]-[C&D2&v4&H2&+0&!R&z0:7]-[C&D2&v4&H2&+0&!R&z0:8]-[C&D3&v4&H0&+0&!R&z0:9])>>[C&D3&v4&H0&+0&R&z0:9]-[C&D3&v4&H1&+0&R&z0:6]1-[C&D3&v4&H1&+0&R&z0:7](-[C&D3&v4&H1&+0&R&z0:8](-[C&D2&v4&H2&+0&R&z0:1])-[C&D4&v4&H0&+0&R&z0:5]-1)-[C&D3&v4&H1&+0&R&z0:4]-[C&D3&v4&H1&+0&!R&z0:3].[O&D1&v2&H1&+0&!R:2],206
1409,([C&D2&v4&H2&+0&!R&z1:1]-[O&D2&v2&H0&+0&!R:2].[C&D3&v4&H0&+0&!R&z0:3]=[C&D2&v4&H1&+0&!R&z0:4].[C&D3&v4&H0&+0&!R&z0:5]=[C&D2&v4&H1&+0&!R&z0:6]-[C&D2&v4&H2&+0&!R&z0:7]-[C&D2&v4&H2&+0&!R&z0:8]-[C&D3&v4&H0&+0&!R&z0:9])>>[C&D3&v4&H0&+0&R&z0:9]-[C&D3&v4&H1&+0&R&z0:6]1-[C&D3&v4&H1&+0&R&z0:7](-[C&D3&v4&H1&+0&R&z0:8](-[C&D2&v4&H2&+0&R&z0:1])-[C&D4&v4&H0&+0&R&z0:5]-1)-[C&D4&v4&H0&+0&R&z0:3]-[C&D2&v4&H2&+0&R&z0:4].[O&D1&v2&H1&+0&!R:2],206
1410,([C&D2&v4&H2&+0&!R&z1:1]-[O&D2&v2&H0&+0&!R:2].[C&D3&v4&H0&+0&!R&z0:3]=[C&D2&v4&H1&+0&!R&z0:4]-[C&D2&v4&H2&+0&!R&z0:5])>>[C&D2&v4&H2&+0&R&z0:1]-[C&D4&v4&H0&+0&R&z0:3]-[C&D2&v4&H1&+0&R&z0:4]=[C&D2&v4&H1&+0&R&z0:5].[O&D1&v2&H1&+0&!R:2],813
1411,[C&D3&v4&H0&+0&!R&z0:1]=[C&D2&v4&H1&+0&!R&z0:2].[C&D3&v4&H0&+0&R&z0:3]1=[C&D2&v4&H1&+0&R&z1:4]-[N&D3&v3&H0&+0&R:5]-[C&D2&v4&H1&+0&R&z1:6]=[C&D2&v4&H1&+0&R&z0:7]-[C&D2&v4&H2&+0&R&z0:8]-1.[O&D1&v2&H0&+0&!R:9]=[O&D1&v2&H0&+0&!R:10]>>[C&D3&v4&H1&+0&R&z1:2]1-[O&D2&v2&H0&+0&R:10]-[C&D4&v4&H0&+0&R&z1:1]-1.[O&D0&v2&H2&+0&!R:9].[c&D3&v4&H0&+0&R&z0:3]1:[c&D2&v4&H1&+0&R&z0:8]:[c&D2&v4&H1&+0&R&z0:7]:[c&D2&v4&H1&+0&R&z1:6]:[n&D3&v4&H0&+&R:5]:[c&D2&v4&H1&+0&R&z1:4]:1,697
1412,([C&D3&v4&H1&+0&!R&z0:1]-[C&D4&v4&H0&+0&R&z0:2](-[C&D1&v4&H3&+0&!R&z0:3])-[C&D3&v4&H0&+0&R&z0:4]=[C&D3&v4&H0&+0&R&z0:5]-[C&D4&v4&H0&+0&R&z0:6]-[C&D3&v4&H1&+0&R&z0:7]-[C&D4&v4&H0&+0&R&z0:8].[O&D1&v2&H1&+0&!R:9])>>([C&D2&v4&H1&+0&!R&z0:7]=[C&D3&v4&H0&+0&!R&z0:6].[C&D2&v4&H1&+0&!R&z0:5]=[C&D3&v4&H0&+0&!R&z0:4]-[C&D1&v4&H3&+0&!R&z0:3].[C&D3&v4&H0&+0&!R&z0:1]=[C&D2&v4&H1&+0&!R&z0:2].[O&D2&v2&H0&+0&R:9]-[C&D4&v4&H0&+0&R&z1:8]),341
1413,[C&D3&v4&H0&+0&!R&z0:1]=[C&D2&v4&H1&+0&!R&z0:2]-[C&D2&v4&H2&+0&!R&z1:3]-[O&D1&v2&H1&+0&!R:4]>>[C&D1&v4&H2&+0&!R&z0:3]=[C&D2&v4&H1&+0&!R&z0:2]-[C&D4&v4&H0&+0&!R&z1:1]-[O&D1&v2&H1&+0&!R:4],1030
1414,[C&D3&v4&H0&+0&!R&z0:1]=[C&D2&v4&H1&+0&!R&z0:2]-[C&D2&v4&H2&+0&!R&z1:3]-[O&D2&v2&H0&+0&!R:4].[c&D2&v4&H1&+0&R&z0:5]>>[C&D1&v4&H2&+0&!R&z0:3]=[C&D2&v4&H1&+0&!R&z0:2]-[C&D4&v4&H0&+0&!R&z0:1]-[c&D3&v4&H0&+0&R&z0:5].[O&D1&v2&H1&+0&!R:4],365
1415,[C&D2&v4&H1&+0&R&z0:1].[C&D3&v4&H0&+0&!R&z0:2]=[C&D2&v4&H1&+0&!R&z0:3]-[C&D2&v4&H2&+0&!R&z1:4]-[O&D2&v2&H0&+0&!R:5]>>[C&D1&v4&H2&+0&!R&z0:4]=[C&D2&v4&H1&+0&!R&z0:3]-[C&D4&v4&H0&+0&!R&z0:2]-[C&D3&v4&H0&+0&R&z0:1].[O&D1&v2&H1&+0&!R:5],365
1416,([C&D3&v4&H0&+0&!R&z0:1]=[C&D2&v4&H1&+0&!R&z0:2].[C&D3&v4&H0&+0&!R&z0:3]=[C&D2&v4&H1&+0&!R&z0:4]-[C&D2&v4&H2&+0&!R&z1:5]-[O&D2&v2&H0&+0&!R:6]).[O&D0&v2&H2&+0&!R:7]>>[C&D4&v4&H0&+0&R&z1:3]1-[C&D2&v4&H2&+0&R&z0:4]-[C&D2&v4&H2&+0&R&z0:5]-[C&D3&v4&H1&+0&R&z0:2]-[C&D4&v4&H0&+0&R&z1:1]-[O&D2&v2&H0&+0&R:7]-1.[O&D1&v2&H1&+0&!R:6],24
1417,([C&D3&v4&H0&+0&!R&z0:1]=[C&D2&v4&H1&+0&!R&z0:2].[C&D3&v4&H0&+0&!R&z0:3]=[C&D2&v4&H1&+0&!R&z0:4]-[C&D2&v4&H2&+0&!R&z1:5]-[O&D2&v2&H0&+0&!R:6].[O&D1&v2&H1&+0&!R:7])>>([C&D4&v4&H0&+0&R&z0:1]1-[C&D3&v4&H1&+0&R&z0:2]-[C&D2&v4&H2&+0&R&z0:5]-[C&D3&v4&H1&+0&R&z1:4](-[C&D4&v4&H0&+0&R&z0:3]-1)-[O&D2&v2&H0&+0&!R:7].[O&D1&v2&H1&+0&!R:6]),162
1418,([C&D2&v4&H2&+0&!R&z1:1]-[O&D2&v2&H0&+0&!R:2].[C&D3&v4&H0&+0&!R&z0:3]=[C&D2&v4&H1&+0&!R&z0:4]-[C&D2&v4&H2&+0&!R&z0:5])>>[C&D2&v4&H2&+0&R&z0:1]-[C&D3&v4&H0&+0&R&z0:4](-[C&D3&v4&H1&+0&!R&z0:3])=[C&D2&v4&H1&+0&R&z0:5].[O&D1&v2&H1&+0&!R:2],1029
1419,([C&D2&v4&H2&+0&!R&z0:1]-[C&D3&v4&H0&+0&!R&z0:2]=[C&D2&v4&H1&+0&!R&z0:3]-[C&D2&v4&H2&+0&!R&z1:4]-[O&D2&v2&H0&+0&!R:5].[C&D3&v4&H0&+0&!R&z0:6]=[C&D2&v4&H1&+0&!R&z0:7])>>[C&D3&v4&H0&+0&R&z0:2](=[C&D2&v4&H1&+0&R&z0:1])-[C&D3&v4&H1&+0&R&z0:3]1-[C&D4&v4&H0&+0&R&z0:7](-[C&D3&v4&H1&+0&!R&z0:6])-[C&D2&v4&H2&+0&R&z0:4]-1.[O&D1&v2&H1&+0&!R:5],836
1420,([C&D2&v4&H2&+0&!R&z1:1]-[O&D2&v2&H0&+0&!R:2].[C&D3&v4&H0&+0&!R&z0:3]=[C&D2&v4&H1&+0&!R&z0:4]-[C&D2&v4&H2&+0&!R&z0:5])>>[C&D2&v4&H2&+0&R&z0:1]-[C&D3&v4&H1&+0&R&z0:4]1-[C&D3&v4&H1&+0&R&z0:5]-[C&D4&v4&H0&+0&R&z0:3]-1.[O&D1&v2&H1&+0&!R:2],252
1421,([C&D2&v4&H2&+0&!R&z0:1]-[C&D3&v4&H0&+0&!R&z0:2]=[C&D2&v4&H1&+0&!R&z0:3]-[C&D2&v4&H2&+0&!R&z1:4]-[O&D2&v2&H0&+0&!R:5].[C&D3&v4&H0&+0&!R&z0:6]=[C&D2&v4&H1&+0&!R&z0:7])>>[C&D3&v4&H0&+0&R&z0:2](=[C&D2&v4&H1&+0&R&z0:1])-[C&D3&v4&H1&+0&R&z0:3]1-[C&D2&v4&H2&+0&R&z0:4]-[C&D3&v4&H1&+0&R&z0:7]-[C&D4&v4&H0&+0&R&z0:6]-1.[O&D1&v2&H1&+0&!R:5],336
1422,[C&D2&v4&H1&+0&!R&z1:1]-[O&D2&v2&H0&+0&!R:2]-[C&D2&v4&H1&+0&!R&z2:3].[O&D0&v2&H2&+0&!R:4].[c&D3&v4&H0&+0&R&z0:5]1:[c&D2&v4&H1&+0&R&z0:6]:[c&D2&v4&H1&+0&R&z0:7]:[c&D2&v4&H1&+0&R&z1:8]:[n&D3&v4&H0&+&R:9]:[c&D2&v4&H1&+0&R&z1:10]:1>>[C&D2&v4&H1&+0&!R&z0:1]-[C&D2&v4&H1&+0&!R&z1:3].[C&D3&v4&H0&+0&R&z0:5]1=[C&D2&v4&H1&+0&R&z1:10]-[N&D3&v3&H0&+0&R:9]-[C&D2&v4&H1&+0&R&z1:8]=[C&D2&v4&H1&+0&R&z0:7]-[C&D2&v4&H2&+0&R&z0:6]-1.[O&D1&v2&H0&+0&!R:4]=[O&D1&v2&H0&+0&!R:2],550
1423,[C&D3&v4&H1&+0&!R&z0:1]-[C&D4&v4&H0&+0&R&z0:2]1-[C&D3&v4&H1&+0&R&z0:3](-[C&D3&v4&H0&+0&R&z0:4]=[C&D2&v4&H1&+0&R&z0:5])-[C&D2&v4&H2&+0&R&z0:6]-1.[O&D1&v2&H1&+0&!R:7]>>([C&D2&v4&H2&+0&!R&z0:5]-[C&D3&v4&H0&+0&!R&z0:4]=[C&D2&v4&H1&+0&!R&z0:3]-[C&D2&v4&H2&+0&!R&z1:6]-[O&D2&v2&H0&+0&!R:7].[C&D3&v4&H0&+0&!R&z0:1]=[C&D2&v4&H1&+0&!R&z0:2]),602
1424,[C&D3&v4&H1&+0&!R&z0:1]-[C&D3&v4&H0&+0&R&z0:2]=[C&D2&v4&H1&+0&R&z0:3].[O&D1&v2&H1&+0&!R:4]>>([C&D2&v4&H2&+0&!R&z1:3]-[O&D2&v2&H0&+0&!R:4].[C&D3&v4&H0&+0&!R&z0:1]=[C&D2&v4&H1&+0&!R&z0:2]),177
1425,[C&D3&v4&H1&+0&!R&z0:1]-[C&D3&v4&H1&+0&R&z0:2]-[C&D2&v4&H1&+0&R&z0:3]=[C&D2&v4&H1&+0&R&z0:4]-[C&D3&v4&H0&+0&R&z0:5]=[C&D2&v4&H1&+0&R&z0:6].[O&D1&v2&H1&+0&!R:7]>>([C&D2&v4&H2&+0&!R&z0:6]-[C&D3&v4&H0&+0&!R&z0:5]=[C&D2&v4&H1&+0&!R&z0:4]-[C&D2&v4&H2&+0&!R&z1:3]-[O&D2&v2&H0&+0&!R:7].[C&D3&v4&H0&+0&!R&z0:1]=[C&D2&v4&H1&+0&!R&z0:2]),470
1426,[C&D2&v4&H1&+0&R&z0:1]=[C&D3&v4&H0&+0&R&z0:2].[C&D3&v4&H0&+0&R&z0:3]1=[C&D2&v4&H1&+0&R&z1:4]-[N&D3&v3&H0&+0&R:5]-[C&D2&v4&H1&+0&R&z1:6]=[C&D2&v4&H1&+0&R&z0:7]-[C&D2&v4&H2&+0&R&z0:8]-1>>[C&D2&v4&H2&+0&R&z0:1]-[C&D3&v4&H1&+0&R&z0:2].[c&D3&v4&H0&+0&R&z0:3]1:[c&D2&v4&H1&+0&R&z0:8]:[c&D2&v4&H1&+0&R&z0:7]:[c&D2&v4&H1&+0&R&z1:6]:[n&D3&v4&H0&+&R:5]:[c&D2&v4&H1&+0&R&z1:4]:1,515
1427,[C&D1&v4&H3&+0&!R&z1:1]-[S&D3&v3&H0&+&!R:2].[C&D3&v4&H0&+0&!R&z0:3]=[C&D2&v4&H1&+0&!R&z0:4]>>[C&D1&v4&H2&+0&!R&z0:1]=[C&D3&v4&H0&+0&!R&z0:4]-[C&D3&v4&H1&+0&!R&z0:3].[S&D2&v2&H0&+0&!R:2],223
1428,[C&D3&v4&H1&+0&!R&z0:1]-[C&D3&v4&H1&+0&R&z0:2]-[C&D4&v4&H0&+0&R&z0:3](-[C&D4&v4&H0&+0&R&z0:4]-[C&D3&v4&H0&+0&R&z0:5]=[C&D3&v4&H0&+0&R&z0:6]-[C&D4&v4&H0&+0&R&z0:7](-[C&D2&v4&H2&+0&R&z0:8])-[C&D3&v4&H1&+0&R&z0:9]-[C&D4&v4&H0&+0&R&z0:10](-[C&D3&v4&H1&+0&R&z1:11]-[O&D1&v2&H1&+0&!R:12])-[C&D1&v4&H3&+0&!R&z0:13])-[C&D2&v4&H2&+0&R&z0:14]>>([C&D2&v4&H1&+0&!R&z0:9]=[C&D3&v4&H0&+0&!R&z0:10]-[C&D2&v4&H2&+0&!R&z0:11].[C&D2&v4&H1&+0&!R&z0:8]=[C&D3&v4&H0&+0&!R&z0:7]-[C&D2&v4&H2&+0&!R&z0:6].[C&D3&v4&H0&+0&!R&z0:1]=[C&D2&v4&H1&+0&!R&z0:2].[C&D3&v4&H0&+0&!R&z0:4]=[C&D2&v4&H1&+0&!R&z0:5].[C&D3&v4&H1&+0&R&z1:14]1-[O&D2&v2&H0&+0&R:12]-[C&D4&v4&H0&+0&R&z1:3]-1-[C&D1&v4&H3&+0&!R&z0:13]),998
1429,[C&D3&v4&H0&+0&R&z0:1]1=[C&D2&v4&H1&+0&R&z1:2]-[N&D3&v3&H0&+0&R:3]-[C&D2&v4&H1&+0&R&z1:4]=[C&D2&v4&H1&+0&R&z0:5]-[C&D2&v4&H2&+0&R&z0:6]-1.[C&D3&v4&H0&+0&R&z1:7](=[O&D1&v2&H0&+0&!R:8])-[C&D3&v4&H1&+0&R&z0:9].[O&D1&v2&H0&+0&!R:10]=[C&D2&v4&H0&+0&!R&z2:11]>>[C&D3&v4&H1&+0&R&z1:7](-[O&D1&v2&H1&+0&!R:8])-[C&D4&v4&H0&+0&R&z0:9]-[C&D3&v4&H0&+0&!R&z2:11]-[O&D1&v2&H1&+0&!R:10].[c&D3&v4&H0&+0&R&z0:1]1:[c&D2&v4&H1&+0&R&z0:6]:[c&D2&v4&H1&+0&R&z0:5]:[c&D2&v4&H1&+0&R&z1:4]:[n&D3&v4&H0&+&R:3]:[c&D2&v4&H1&+0&R&z1:2]:1,942
1430,[C&D3&v4&H0&+0&R&z0:1]1=[C&D2&v4&H1&+0&R&z1:2]-[N&D3&v3&H0&+0&R:3]-[C&D2&v4&H1&+0&R&z1:4]=[C&D2&v4&H1&+0&R&z0:5]-[C&D2&v4&H2&+0&R&z0:6]-1.[C&D3&v4&H0&+0&R&z1:7](=[O&D1&v2&H0&+0&!R:8])-[C&D2&v4&H2&+0&R&z0:9].[O&D1&v2&H0&+0&!R:10]=[C&D2&v4&H0&+0&!R&z2:11]>>[C&D3&v4&H1&+0&R&z1:7](-[O&D1&v2&H1&+0&!R:8])-[C&D3&v4&H1&+0&R&z0:9]-[C&D3&v4&H0&+0&!R&z2:11]-[O&D1&v2&H1&+0&!R:10].[c&D3&v4&H0&+0&R&z0:1]1:[c&D2&v4&H1&+0&R&z0:6]:[c&D2&v4&H1&+0&R&z0:5]:[c&D2&v4&H1&+0&R&z1:4]:[n&D3&v4&H0&+&R:3]:[c&D2&v4&H1&+0&R&z1:2]:1,942
1431,[C&D3&v4&H1&+0&R&z1:1](-[O&D1&v2&H1&+0&!R:2])-[C&D3&v4&H1&+0&R&z0:3]-[C&D3&v4&H0&+0&!R&z2:4]-[O&D1&v2&H1&+0&!R:5].[c&D3&v4&H0&+0&R&z0:6]1:[c&D2&v4&H1&+0&R&z0:7]:[c&D2&v4&H1&+0&R&z0:8]:[c&D2&v4&H1&+0&R&z1:9]:[n&D3&v4&H0&+&R:10]:[c&D2&v4&H1&+0&R&z1:11]:1>>[C&D3&v4&H0&+0&R&z0:6]1=[C&D2&v4&H1&+0&R&z1:11]-[N&D3&v3&H0&+0&R:10]-[C&D2&v4&H1&+0&R&z1:9]=[C&D2&v4&H1&+0&R&z0:8]-[C&D2&v4&H2&+0&R&z0:7]-1.[C&D3&v4&H0&+0&R&z1:1](=[O&D1&v2&H0&+0&!R:2])-[C&D2&v4&H2&+0&R&z0:3].[O&D1&v2&H0&+0&!R:5]=[C&D2&v4&H0&+0&!R&z2:4],544
1432,[C&D3&v4&H1&+0&R&z1:1](-[O&D1&v2&H1&+0&!R:2])-[C&D4&v4&H0&+0&R&z0:3]-[C&D3&v4&H0&+0&!R&z2:4]-[O&D1&v2&H1&+0&!R:5].[c&D3&v4&H0&+0&R&z0:6]1:[c&D2&v4&H1&+0&R&z0:7]:[c&D2&v4&H1&+0&R&z0:8]:[c&D2&v4&H1&+0&R&z1:9]:[n&D3&v4&H0&+&R:10]:[c&D2&v4&H1&+0&R&z1:11]:1>>[C&D3&v4&H0&+0&R&z0:6]1=[C&D2&v4&H1&+0&R&z1:11]-[N&D3&v3&H0&+0&R:10]-[C&D2&v4&H1&+0&R&z1:9]=[C&D2&v4&H1&+0&R&z0:8]-[C&D2&v4&H2&+0&R&z0:7]-1.[C&D3&v4&H0&+0&R&z1:1](=[O&D1&v2&H0&+0&!R:2])-[C&D3&v4&H1&+0&R&z0:3].[O&D1&v2&H0&+0&!R:5]=[C&D2&v4&H0&+0&!R&z2:4],544
1433,[C&D2&v4&H2&+0&R&z0:1]-[C&D3&v4&H1&+0&R&z0:2].[c&D3&v4&H0&+0&R&z0:3]1:[c&D2&v4&H1&+0&R&z0:4]:[c&D2&v4&H1&+0&R&z0:5]:[c&D2&v4&H1&+0&R&z1:6]:[n&D3&v4&H0&+&R:7]:[c&D2&v4&H1&+0&R&z1:8]:1>>[C&D2&v4&H1&+0&R&z0:1]=[C&D3&v4&H0&+0&R&z0:2].[C&D3&v4&H0&+0&R&z0:3]1=[C&D2&v4&H1&+0&R&z1:8]-[N&D3&v3&H0&+0&R:7]-[C&D2&v4&H1&+0&R&z1:6]=[C&D2&v4&H1&+0&R&z0:5]-[C&D2&v4&H2&+0&R&z0:4]-1,663
1434,[C&D3&v4&H1&+0&R&z1:1]-[O&D1&v2&H1&+0&!R:2].[P&D4&v5&H0&+0&!R:3]-[O&D1&v2&H1&+0&!R:4].[P&D4&v5&H0&+0&!R:5]-[O&D1&v2&H1&+0&!R:6]>>[C&D3&v4&H1&+0&R&z1:1]-[O&D1&v2&H1&+0&!R:6].[O&D0&v2&H2&+0&!R:2].[P&D4&v5&H0&+0&!R:3]-[O&D2&v2&H0&+0&!R:4]-[P&D4&v5&H0&+0&!R:5],607
1435,[C&D3&v4&H1&+0&R&z1:1]-[O&D1&v2&H1&+0&!R:2].[O&D0&v2&H2&+0&!R:3].[P&D4&v5&H0&+0&!R:4]-[O&D2&v2&H0&+0&!R:5]>>[C&D3&v4&H1&+0&R&z1:1]-[O&D1&v2&H1&+0&!R:3].[O&D1&v2&H1&+0&!R:5].[P&D4&v5&H0&+0&!R:4]-[O&D1&v2&H1&+0&!R:2],228
1436,[C&D4&v4&H0&+0&!R&z1:1](-[O&D1&v2&H1&+0&!R:2])-[C&D2&v4&H2&+0&!R&z0:3]>>[C&D1&v4&H3&+0&!R&z0:3].[C&D3&v4&H0&+0&!R&z1:1]=[O&D1&v2&H0&+0&!R:2],1009
1437,[C&D4&v4&H0&+0&R&z0:1]1-[C&D3&v4&H1&+0&R&z0:2]-[C&D2&v4&H2&+0&R&z0:3]-[C&D3&v4&H1&+0&R&z0:4]2-[C&D3&v4&H1&+0&R&z0:5]-[C&D4&v4&H0&+0&R&z0:6]-1-2.[O&D1&v2&H1&+0&!R:7]>>([C&D2&v4&H2&+0&!R&z0:5]-[C&D3&v4&H0&+0&!R&z0:6]=[C&D2&v4&H1&+0&!R&z0:4]-[C&D2&v4&H2&+0&!R&z1:3]-[O&D2&v2&H0&+0&!R:7].[C&D3&v4&H0&+0&!R&z0:1]=[C&D2&v4&H1&+0&!R&z0:2]),1010
1438,[C&D1&v4&H3&+0&!R&z0:1]-[C&D3&v4&H0&+0&!R&z0:2]=[C&D2&v4&H1&+0&!R&z0:3].[C&D2&v4&H2&+0&!R&z1:4]-[O&D2&v2&H0&+0&!R:5]>>[C&D1&v4&H2&+0&!R&z0:1]=[C&D3&v4&H0&+0&!R&z0:2]-[C&D3&v4&H1&+0&!R&z0:3]-[C&D2&v4&H2&+0&!R&z0:4].[O&D1&v2&H1&+0&!R:5],575
1439,[C&D2&v4&H2&+0&!R&z1:1]-[O&D2&v2&H0&+0&!R:2].[n&D2&v3&H1&+0&R:3]>>[O&D1&v2&H1&+0&!R:2].[n&D3&v3&H0&+0&R:3]-[C&D2&v4&H2&+0&!R&z1:1],175
1440,[C&D2&v4&H2&+0&!R&z1:1]-[O&D2&v2&H0&+0&!R:2].[c&D2&v4&H1&+0&R&z1:3]>>[C&D2&v4&H2&+0&!R&z0:1]-[c&D3&v4&H0&+0&R&z1:3].[O&D1&v2&H1&+0&!R:2],355
1441,[C&D3&v4&H0&+0&!R&z0:1]=[C&D2&v4&H1&+0&!R&z0:2]-[C&D2&v4&H2&+0&!R&z1:3]-[O&D2&v2&H0&+0&!R:4].([N&D2&v3&H1&+0&R:5].[c&D3&v4&H0&+0&R&z0:6]1:[c&D2&v4&H1&+0&R&z1:7]:[n&D2&v3&H1&+0&R:8]:[c&D3&v4&H0&+0&R&z1:9]:[c&D3&v4&H0&+0&R&z0:10]:1)>>[C&D1&v4&H2&+0&!R&z0:3]=[C&D2&v4&H1&+0&!R&z0:2]-[C&D4&v4&H0&+0&!R&z0:1]-[C&D4&v4&H0&+0&R&z0:6]1-[C&D3&v4&H1&+0&R&z2:7](-[N&D3&v3&H0&+0&R:5])-[N&D2&v3&H1&+0&R:8]-[c&D3&v4&H0&+0&R&z1:9]:[c&D3&v4&H0&+0&R&z0:10]-1.[O&D1&v2&H1&+0&!R:4],913
1442,[C&D3&v4&H0&+0&!R&z0:1]=[C&D2&v4&H1&+0&!R&z0:2]-[C&D2&v4&H2&+0&!R&z1:3]-[O&D2&v2&H0&+0&!R:4].[c&D2&v4&H1&+0&R&z1:5]>>[O&D1&v2&H1&+0&!R:4].[c&D3&v4&H0&+0&R&z1:5]-[C&D4&v4&H0&+0&!R&z0:1]-[C&D2&v4&H1&+0&!R&z0:2]=[C&D1&v4&H2&+0&!R&z0:3],365
1443,[C&D1&v4&H3&+0&!R&z0:1]-[C&D3&v4&H0&+0&!R&z0:2]=[C&D2&v4&H1&+0&!R&z0:3]>>[C&D1&v4&H2&+0&!R&z0:1]=[C&D3&v4&H0&+0&!R&z0:2]-[C&D2&v4&H2&+0&!R&z0:3],367
1444,([C&D2&v4&H2&+0&!R&z0:1].[N&D2&v3&H1&+0&R:2]).[C&D3&v4&H0&+0&R&z0:3]1=[C&D2&v4&H1&+0&R&z1:4]-[N&D3&v3&H0&+0&R:5]-[C&D2&v4&H1&+0&R&z1:6]=[C&D2&v4&H1&+0&R&z0:7]-[C&D2&v4&H2&+0&R&z0:8]-1.[O&D1&v2&H0&+0&!R:9]=[O&D1&v2&H0&+0&!R:10]>>[C&D3&v4&H1&+0&R&z1:1]-[N&D3&v3&H0&+0&R:2].[O&D0&v2&H2&+0&!R:10].[O&D0&v2&H2&+0&!R:9].[c&D3&v4&H0&+0&R&z0:3]1:[c&D2&v4&H1&+0&R&z0:8]:[c&D2&v4&H1&+0&R&z0:7]:[c&D2&v4&H1&+0&R&z1:6]:[n&D3&v4&H0&+&R:5]:[c&D2&v4&H1&+0&R&z1:4]:1,388
1445,[C&D2&v4&H2&+0&!R&z0:1]-[c&D3&v4&H0&+0&R&z1:2].[O&D1&v2&H1&+0&!R:3]>>[C&D2&v4&H2&+0&!R&z1:1]-[O&D2&v2&H0&+0&!R:3].[c&D2&v4&H1&+0&R&z1:2],668
1446,[C&D3&v4&H0&+0&!R&z2:1]-[N&D2&v3&H1&+0&!R:2].[O&D1&v2&H1&+0&!R:3].[P&D4&v5&H0&+0&!R:4]-[O&D1&v2&H1&+0&!R:5]>>[C&D3&v4&H0&+0&!R&z2:1]-[O&D1&v2&H1&+0&!R:5].[N&D1&v3&H2&+0&!R:2].[O&D2&v2&H0&+0&!R:3]-[P&D4&v5&H0&+0&!R:4],427
1447,[C&D3&v4&H0&+0&!R&z2:1]-[O&D1&v2&H1&+0&!R:2].[N&D1&v3&H2&+0&!R:3].[P&D4&v5&H0&+0&!R:4]-[O&D2&v2&H0&+0&!R:5]-[P&D4&v5&H0&+0&!R:6]>>[C&D3&v4&H0&+0&!R&z2:1]-[N&D2&v3&H1&+0&!R:3].[P&D4&v5&H0&+0&!R:6]-[O&D1&v2&H1&+0&!R:5].[P&D4&v5&H0&+0&!R:4]-[O&D1&v2&H1&+0&!R:2],471
1448,[C&D3&v4&H1&+0&!R&z1:1](-[O&D1&v2&H1&+0&!R:2])-[C&D3&v4&H0&+0&!R&z2:3]-[O&D1&v2&H1&+0&!R:4].[O&D1&v2&H0&+0&!R:5]=[C&D2&v4&H0&+0&!R&z2:6]>>[C&D2&v4&H2&+0&!R&z0:1]-[C&D3&v4&H0&+0&!R&z1:3]-[C&D3&v4&H0&+0&!R&z2:6]-[O&D1&v2&H1&+0&!R:5].[O&D1&v2&H0&+0&!R:2]=[O&D1&v2&H0&+0&!R:4],856
1449,[C&D3&v4&H1&+0&!R&z1:1](-[O&D1&v2&H1&+0&!R:2])-[C&D3&v4&H0&+0&!R&z2:3]-[O&D1&v2&H1&+0&!R:4].[O&D1&v2&H0&+0&!R:5]=[O&D1&v2&H0&+0&!R:6]>>[C&D3&v4&H0&+0&!R&z2:1](=[O&D1&v2&H0&+0&!R:5])-[O&D1&v2&H1&+0&!R:2].[O&D0&v2&H2&+0&!R:6].[O&D1&v2&H0&+0&!R:4]=[C&D2&v4&H0&+0&!R&z2:3],973
1450,[C&D2&v4&H2&+0&!R&z0:1]-[C&D3&v4&H0&+0&!R&z1:2]-[C&D3&v4&H0&+0&!R&z2:3]-[O&D1&v2&H1&+0&!R:4].[O&D1&v2&H0&+0&!R:5]=[O&D1&v2&H0&+0&!R:6]>>[C&D3&v4&H1&+0&!R&z1:1](-[O&D1&v2&H1&+0&!R:5])-[C&D3&v4&H0&+0&!R&z2:2]-[O&D1&v2&H1&+0&!R:6].[O&D1&v2&H0&+0&!R:4]=[C&D2&v4&H0&+0&!R&z2:3],255
1451,[C&D1&v4&H3&+0&!R&z1:1]-[S&D3&v3&H0&+&!R:2].[N&D1&v3&H2&+0&!R:3]>>[C&D1&v4&H3&+0&!R&z1:1]-[N&D2&v3&H1&+0&!R:3].[S&D2&v2&H0&+0&!R:2],208
1452,[C&D1&v4&H3&+0&!R&z0:1]-[C&D3&v4&H0&+0&!R&z1:2].[C&D3&v4&H0&+0&R&z0:3]1=[C&D2&v4&H1&+0&R&z1:4]-[N&D3&v3&H0&+0&R:5]-[C&D2&v4&H1&+0&R&z1:6]=[C&D2&v4&H1&+0&R&z0:7]-[C&D2&v4&H2&+0&R&z0:8]-1.[O&D1&v2&H0&+0&!R:9]=[O&D1&v2&H0&+0&!R:10]>>[C&D1&v4&H3&+0&!R&z1:1]-[O&D2&v2&H0&+0&!R:10]-[C&D3&v4&H0&+0&!R&z2:2].[O&D0&v2&H2&+0&!R:9].[c&D3&v4&H0&+0&R&z0:3]1:[c&D2&v4&H1&+0&R&z0:8]:[c&D2&v4&H1&+0&R&z0:7]:[c&D2&v4&H1&+0&R&z1:6]:[n&D3&v4&H0&+&R:5]:[c&D2&v4&H1&+0&R&z1:4]:1,604
1453,[C&D2&v4&H0&+0&!R&z1:1]#[N&D1&v3&H0&+0&!R:2].[O&D0&v2&H2&+0&!R:3]>>[C&D2&v4&H1&+0&!R&z1:1]=[N&D2&v3&H0&+0&!R:2]-[O&D1&v2&H1&+0&!R:3],785
1454,[C&D3&v4&H0&+0&R&z0:1]1=[C&D2&v4&H1&+0&R&z1:2]-[N&D3&v3&H0&+0&R:3]-[C&D2&v4&H1&+0&R&z1:4]=[C&D2&v4&H1&+0&R&z0:5]-[C&D2&v4&H2&+0&R&z0:6]-1.[C&D3&v4&H1&+0&!R&z0:7]-[C&D3&v4&H0&+0&!R&z1:8]=[O&D1&v2&H0&+0&!R:9].[O&D1&v2&H0&+0&!R:10]=[C&D2&v4&H0&+0&!R&z2:11]>>[C&D4&v4&H0&+0&!R&z0:7](-[C&D3&v4&H0&+0&!R&z2:11]-[O&D1&v2&H1&+0&!R:10])-[C&D3&v4&H1&+0&!R&z1:8]-[O&D1&v2&H1&+0&!R:9].[c&D3&v4&H0&+0&R&z0:1]1:[c&D2&v4&H1&+0&R&z0:6]:[c&D2&v4&H1&+0&R&z0:5]:[c&D2&v4&H1&+0&R&z1:4]:[n&D3&v4&H0&+&R:3]:[c&D2&v4&H1&+0&R&z1:2]:1,942
1455,[C&D3&v4&H1&+0&!R&z0:1].[N&D3&v3&H0&+0&R:2]-[C&D2&v4&H2&+0&R&z2:3]-[N&D3&v3&H0&+0&R:4].[O&D0&v2&H2&+0&!R:5]>>[C&D4&v4&H0&+0&!R&z0:1]-[C&D2&v4&H2&+0&!R&z1:3]-[O&D1&v2&H1&+0&!R:5].([N&D2&v3&H1&+0&!R:4].[N&D2&v3&H1&+0&R:2]),820
1456,[C&D3&v4&H1&+0&!R&z0:1]-[C&D3&v4&H0&+0&!R&z1:2]=[O&D1&v2&H0&+0&!R:3].[O&D0&v2&H2&+0&!R:4]>>[C&D4&v4&H0&+0&!R&z1:1](-[O&D1&v2&H1&+0&!R:4])-[C&D3&v4&H1&+0&!R&z1:2]-[O&D1&v2&H1&+0&!R:3],342
1457,[C&D3&v4&H0&+0&!R&z0:1]-[C&D3&v4&H0&+0&!R&z2:2]-[O&D1&v2&H1&+0&!R:3]>>[C&D2&v4&H1&+0&!R&z0:1].[O&D1&v2&H0&+0&!R:3]=[C&D2&v4&H0&+0&!R&z2:2],1009
1458,[C&D3&v4&H0&+0&!R&z1:1](=[O&D1&v2&H0&+0&!R:2])-[C&D2&v4&H1&+0&!R&z0:3]=[C&D2&v4&H1&+0&!R&z0:4]-[C&D3&v4&H0&+0&!R&z0:5]=[C&D3&v4&H0&+0&!R&z1:6]-[C&D3&v4&H0&+0&!R&z2:7]=[O&D1&v2&H0&+0&!R:8]>>[O&D1&v2&H0&+0&!R:2]=[O&D1&v2&H0&+0&!R:8].[c&D3&v4&H0&+0&R&z0:1]1:[c&D2&v4&H1&+0&R&z0:3]:[c&D2&v4&H1&+0&R&z0:4]:[c&D3&v4&H0&+0&R&z0:5]:[c&D3&v4&H0&+0&R&z1:6]:[c&D3&v4&H0&+0&R&z1:7]:1,582
1459,[C&D2&v4&H1&+0&!R&z0:1].[O&D1&v2&H0&+0&!R:2]=[C&D2&v4&H0&+0&!R&z2:3]>>[C&D3&v4&H0&+0&!R&z0:1]-[C&D3&v4&H0&+0&!R&z2:3]-[O&D1&v2&H1&+0&!R:2],439
1460,[C&D1&v4&H3&+0&!R&z0:1]-[C&D3&v4&H1&+0&!R&z0:2]-[C&D1&v4&H3&+0&!R&z0:3]>>[C&D1&v4&H3&+0&!R&z0:3]-[C&D2&v4&H2&+0&!R&z0:1]-[C&D2&v4&H2&+0&!R&z0:2],181
1461,[C&D3&v4&H1&+0&!R&z0:1]-[C&D3&v4&H1&+0&!R&z0:2]-[C&D3&v4&H1&+0&!R&z1:3]>>[C&D3&v4&H1&+0&!R&z0:1]-[C&D4&v4&H0&+0&!R&z1:3]-[C&D2&v4&H2&+0&!R&z0:2],181
1462,[C&D3&v4&H1&+0&!R&z1:1](-[C&D3&v4&H0&+0&!R&z2:2]-[O&D1&v2&H1&+0&!R:3])-[N&D3&v3&H0&+0&!R:4]-[O&D1&v2&H1&+0&!R:5]>>[C&D2&v4&H1&+0&!R&z1:1]=[N&D2&v3&H0&+0&!R:4].[O&D0&v2&H2&+0&!R:5].[O&D1&v2&H0&+0&!R:3]=[C&D2&v4&H0&+0&!R&z2:2],414
1463,[C&D3&v4&H1&+0&!R&z0:1]-[C&D1&v4&H3&+0&!R&z0:2].[c&D3&v4&H0&+0&R&z0:3]1:[c&D2&v4&H1&+0&R&z0:4]:[c&D2&v4&H1&+0&R&z0:5]:[c&D2&v4&H1&+0&R&z1:6]:[n&D3&v4&H0&+&R:7]:[c&D2&v4&H1&+0&R&z1:8]:1>>[C&D1&v4&H2&+0&!R&z0:2]=[C&D3&v4&H0&+0&!R&z0:1].[C&D3&v4&H0&+0&R&z0:3]1=[C&D2&v4&H1&+0&R&z1:8]-[N&D3&v3&H0&+0&R:7]-[C&D2&v4&H1&+0&R&z1:6]=[C&D2&v4&H1&+0&R&z0:5]-[C&D2&v4&H2&+0&R&z0:4]-1,663
1464,[C&D2&v4&H1&+0&R&z0:1]=[C&D3&v4&H0&+0&R&z0:2].[O&D0&v2&H2&+0&!R:3]>>[C&D2&v4&H2&+0&R&z0:1]-[C&D4&v4&H0&+0&R&z1:2]-[O&D1&v2&H1&+0&!R:3],703
1465,[C&D4&v4&H0&+0&R&z0:1](-[C&D1&v4&H3&+0&!R&z0:2])-[C&D3&v4&H1&+0&R&z0:3]>>([C&D1&v4&H2&+0&!R&z0:2]=[C&D3&v4&H0&+0&R&z0:1].[C&D2&v4&H2&+0&R&z0:3]),658
1466,[C&D2&v4&H2&+0&R&z0:1]-[C&D4&v4&H0&+0&R&z1:2]-[O&D1&v2&H1&+0&!R:3]>>[C&D2&v4&H1&+0&R&z0:1]=[C&D3&v4&H0&+0&R&z0:2].[O&D0&v2&H2&+0&!R:3],451
1467,[C&D3&v4&H0&+0&R&z0:1]1=[C&D2&v4&H1&+0&R&z1:2]-[N&D3&v3&H0&+0&R:3]-[C&D2&v4&H1&+0&R&z1:4]=[C&D2&v4&H1&+0&R&z0:5]-[C&D2&v4&H2&+0&R&z0:6]-1.[C&D3&v4&H1&+0&!R&z0:7]-[C&D1&v4&H3&+0&!R&z0:8].[O&D1&v2&H0&+0&!R:9]=[O&D1&v2&H0&+0&!R:10]>>[C&D1&v4&H2&+0&!R&z0:8]=[C&D3&v4&H0&+0&!R&z0:7].[O&D0&v2&H2&+0&!R:10].[O&D0&v2&H2&+0&!R:9].[c&D3&v4&H0&+0&R&z0:1]1:[c&D2&v4&H1&+0&R&z0:6]:[c&D2&v4&H1&+0&R&z0:5]:[c&D2&v4&H1&+0&R&z1:4]:[n&D3&v4&H0&+&R:3]:[c&D2&v4&H1&+0&R&z1:2]:1,897
1468,[N&D1&v3&H1&+0&!R:1]=[C&D3&v4&H0&+0&!R&z3:2]-[N&D2&v3&H1&+0&!R:3].[N&D1&v3&H2&+0&!R:4]>>[N&D1&v3&H2&+0&!R:3].[N&D2&v3&H1&+0&!R:4]-[C&D3&v4&H0&+0&!R&z3:2]=[N&D1&v3&H1&+0&!R:1],316
1469,[C&D3&v4&H1&+0&!R&z1:1]-[N&D1&v3&H2&+0&!R:2].[O&D0&v2&H2&+0&!R:3].[O&D1&v2&H0&+0&!R:4]=[O&D1&v2&H0&+0&!R:5]>>[C&D3&v4&H0&+0&!R&z1:1]=[O&D1&v2&H0&+0&!R:3].[N&D0&v3&H3&+0&!R:2].[O&D1&v2&H1&+0&!R:4]-[O&D1&v2&H1&+0&!R:5],792
1470,[C&D3&v4&H1&+0&!R&z1:1]-[N&D1&v3&H2&+0&!R:2].[O&D1&v2&H0&+0&!R:3]=[C&D2&v4&H1&+0&!R&z1:4]>>[C&D3&v4&H0&+0&!R&z1:1]=[O&D1&v2&H0&+0&!R:3].[N&D1&v3&H2&+0&!R:2]-[C&D2&v4&H2&+0&!R&z1:4],103
1471,[C&D3&v4&H1&+0&!R&z1:1](-[N&D1&v3&H2&+0&!R:2])-[C&D2&v4&H2&+0&!R&z0:3]>>[C&D2&v4&H2&+0&!R&z0:1]-[C&D3&v4&H1&+0&!R&z1:3]-[N&D1&v3&H2&+0&!R:2],556
1472,[N&D1&v3&H2&+0&!R:1].[N&D2&v3&H1&+0&!R:2]-[C&D3&v4&H0&+0&!R&z3:3]=[N&D1&v3&H1&+0&!R:4]>>[N&D1&v3&H1&+0&!R:4]=[C&D3&v4&H0&+0&!R&z3:3]-[N&D2&v3&H1&+0&!R:1].[N&D1&v3&H2&+0&!R:2],316
1473,[C&D3&v4&H1&+0&!R&z0:1]-[C&D4&v4&H0&+0&!R&z1:2]-[C&D2&v4&H2&+0&!R&z0:3]>>[C&D3&v4&H1&+0&!R&z0:1]-[C&D3&v4&H1&+0&!R&z0:3]-[C&D3&v4&H1&+0&!R&z1:2],181
1474,[C&D2&v4&H1&+0&R&z0:1]=[C&D3&v4&H0&+0&R&z0:2]-[C&D2&v4&H2&+0&R&z0:3]-[C&D3&v4&H1&+0&R&z1:4]-[O&D1&v2&H1&+0&!R:5].[c&D3&v4&H0&+0&R&z0:6]1:[c&D2&v4&H1&+0&R&z0:7]:[c&D2&v4&H1&+0&R&z0:8]:[c&D2&v4&H1&+0&R&z1:9]:[n&D3&v4&H0&+&R:10]:[c&D2&v4&H1&+0&R&z1:11]:1>>[C&D2&v4&H2&+0&R&z0:1]-[C&D3&v4&H0&+0&R&z0:2]=[C&D2&v4&H1&+0&R&z0:3]-[C&D3&v4&H0&+0&R&z1:4]=[O&D1&v2&H0&+0&!R:5].[C&D3&v4&H0&+0&R&z0:6]1=[C&D2&v4&H1&+0&R&z1:11]-[N&D3&v3&H0&+0&R:10]-[C&D2&v4&H1&+0&R&z1:9]=[C&D2&v4&H1&+0&R&z0:8]-[C&D2&v4&H2&+0&R&z0:7]-1,389
1475,[C&D2&v4&H2&+0&R&z0:1]-[C&D3&v4&H0&+0&R&z0:2]=[C&D2&v4&H1&+0&R&z0:3]-[C&D3&v4&H0&+0&R&z1:4]=[O&D1&v2&H0&+0&!R:5].[C&D3&v4&H0&+0&R&z0:6]1=[C&D2&v4&H1&+0&R&z1:7]-[N&D3&v3&H0&+0&R:8]-[C&D2&v4&H1&+0&R&z1:9]=[C&D2&v4&H1&+0&R&z0:10]-[C&D2&v4&H2&+0&R&z0:11]-1>>[C&D2&v4&H1&+0&R&z0:1]=[C&D3&v4&H0&+0&R&z0:2]-[C&D2&v4&H2&+0&R&z0:3]-[C&D3&v4&H1&+0&R&z1:4]-[O&D1&v2&H1&+0&!R:5].[c&D3&v4&H0&+0&R&z0:6]1:[c&D2&v4&H1&+0&R&z0:11]:[c&D2&v4&H1&+0&R&z0:10]:[c&D2&v4&H1&+0&R&z1:9]:[n&D3&v4&H0&+&R:8]:[c&D2&v4&H1&+0&R&z1:7]:1,75
1476,[C&D3&v4&H0&+0&!R&z2:1](=[O&D1&v2&H0&+0&!R:2])-[O&D2&v2&H0&+0&!R:3].[O&D1&v2&H1&+0&!R:4]>>[C&D3&v4&H0&+0&!R&z2:1](=[O&D1&v2&H0&+0&!R:2])-[O&D2&v2&H0&+0&!R:4].[O&D1&v2&H1&+0&!R:3],517
1477,[C&D1&v4&H3&+0&!R&z0:1]-[C&D3&v4&H1&+0&!R&z0:2](-[C&D1&v4&H3&+0&!R&z0:3])-[C&D3&v4&H0&+0&R&z0:4]=[C&D2&v4&H1&+0&R&z0:5]-[C&D3&v4&H0&+0&R&z0:6]=[C&D2&v4&H1&+0&R&z0:7].[O&D1&v2&H1&+0&!R:8]>>([C&D1&v4&H2&+0&!R&z0:5]=[C&D3&v4&H0&+0&R&z0:6]-[C&D2&v4&H2&+0&R&z0:7].[C&D3&v4&H0&+0&!R&z0:4](-[C&D1&v4&H3&+0&!R&z0:1])=[C&D2&v4&H1&+0&!R&z0:2]-[C&D2&v4&H2&+0&!R&z1:3]-[O&D2&v2&H0&+0&!R:8]),962
1478,[C&D3&v4&H0&+0&R&z0:1]1=[C&D2&v4&H1&+0&R&z0:2]-[C&D2&v4&H1&+0&R&z0:3]=[C&D3&v4&H0&+0&R&z0:4]-[C&D3&v4&H1&+0&R&z1:5](-[O&D1&v2&H1&+0&!R:6])-[C&D3&v4&H1&+0&R&z1:7]-1-[O&D1&v2&H1&+0&!R:8].[c&D3&v4&H0&+0&R&z0:9]1:[c&D2&v4&H1&+0&R&z0:10]:[c&D2&v4&H1&+0&R&z0:11]:[c&D2&v4&H1&+0&R&z1:12]:[n&D3&v4&H0&+&R:13]:[c&D2&v4&H1&+0&R&z1:14]:1>>[C&D3&v4&H0&+0&R&z0:9]1=[C&D2&v4&H1&+0&R&z1:14]-[N&D3&v3&H0&+0&R:13]-[C&D2&v4&H1&+0&R&z1:12]=[C&D2&v4&H1&+0&R&z0:11]-[C&D2&v4&H2&+0&R&z0:10]-1.[O&D1&v2&H0&+0&!R:8]=[O&D1&v2&H0&+0&!R:6].[c&D3&v4&H0&+0&R&z0:1]1:[c&D2&v4&H1&+0&R&z0:2]:[c&D2&v4&H1&+0&R&z0:3]:[c&D3&v4&H0&+0&R&z0:4]:[c&D2&v4&H1&+0&R&z0:5]:[c&D2&v4&H1&+0&R&z0:7]:1,584
1479,[C&D2&v4&H1&+0&!R&z1:1]=[N&D2&v3&H0&+0&!R:2].[O&D0&v2&H2&+0&!R:3].[O&D1&v2&H0&+0&!R:4]=[C&D2&v4&H0&+0&!R&z2:5]>>[C&D3&v4&H1&+0&!R&z1:1](-[C&D3&v4&H0&+0&!R&z2:5]-[O&D1&v2&H1&+0&!R:4])-[N&D3&v3&H0&+0&!R:2]-[O&D1&v2&H1&+0&!R:3],317
1480,[C&D2&v4&H1&+0&!R&z1:1]=[N&D2&v3&H0&+0&!R:2]-[O&D1&v2&H1&+0&!R:3]>>[C&D2&v4&H0&+0&!R&z1:1]#[N&D1&v3&H0&+0&!R:2].[O&D0&v2&H2&+0&!R:3],320
1481,[C&D2&v4&H1&+0&!R&z1:1]=[O&D1&v2&H0&+0&!R:2].[C&D3&v4&H0&+0&R&z0:3]1=[C&D2&v4&H1&+0&R&z1:4]-[N&D3&v3&H0&+0&R:5]-[C&D2&v4&H1&+0&R&z1:6]=[C&D2&v4&H1&+0&R&z0:7]-[C&D2&v4&H2&+0&R&z0:8]-1.[N&D1&v3&H2&+0&!R:9]>>[N&D2&v3&H1&+0&!R:9]-[C&D2&v4&H2&+0&!R&z1:1].[O&D0&v2&H2&+0&!R:2].[c&D3&v4&H0&+0&R&z0:3]1:[c&D2&v4&H1&+0&R&z0:8]:[c&D2&v4&H1&+0&R&z0:7]:[c&D2&v4&H1&+0&R&z1:6]:[n&D3&v4&H0&+&R:5]:[c&D2&v4&H1&+0&R&z1:4]:1,520
1482,[C&D2&v4&H1&+0&!R&z1:1]=[O&D1&v2&H0&+0&!R:2].[C&D3&v4&H0&+0&R&z0:3]1=[C&D2&v4&H1&+0&R&z1:4]-[N&D3&v3&H0&+0&R:5]-[C&D2&v4&H1&+0&R&z1:6]=[C&D2&v4&H1&+0&R&z0:7]-[C&D2&v4&H2&+0&R&z0:8]-1.[N&D0&v3&H3&+0&!R:9]>>[C&D2&v4&H2&+0&!R&z1:1]-[N&D1&v3&H2&+0&!R:9].[O&D0&v2&H2&+0&!R:2].[c&D3&v4&H0&+0&R&z0:3]1:[c&D2&v4&H1&+0&R&z0:8]:[c&D2&v4&H1&+0&R&z0:7]:[c&D2&v4&H1&+0&R&z1:6]:[n&D3&v4&H0&+&R:5]:[c&D2&v4&H1&+0&R&z1:4]:1,520
1483,[C&D2&v4&H1&+0&!R&z1:1].[O&D1&v2&H0&+0&!R:2]=[C&D2&v4&H0&+0&!R&z2:3]>>[C&D3&v4&H0&+0&!R&z1:1]-[C&D3&v4&H0&+0&!R&z2:3]-[O&D1&v2&H1&+0&!R:2],439
1484,[C&D2&v4&H2&+0&!R&z0:1]-[C&D3&v4&H0&+0&!R&z1:2]=[O&D1&v2&H0&+0&!R:3].[C&D3&v4&H0&+0&R&z0:4]1=[C&D2&v4&H1&+0&R&z1:5]-[N&D3&v3&H0&+0&R:6]-[C&D2&v4&H1&+0&R&z1:7]=[C&D2&v4&H1&+0&R&z0:8]-[C&D2&v4&H2&+0&R&z0:9]-1.[O&D1&v2&H0&+0&!R:10]=[C&D2&v4&H0&+0&!R&z2:11]>>[C&D3&v4&H1&+0&!R&z0:1](-[C&D3&v4&H0&+0&!R&z2:11]-[O&D1&v2&H1&+0&!R:10])-[C&D3&v4&H1&+0&!R&z1:2]-[O&D1&v2&H1&+0&!R:3].[c&D3&v4&H0&+0&R&z0:4]1:[c&D2&v4&H1&+0&R&z0:9]:[c&D2&v4&H1&+0&R&z0:8]:[c&D2&v4&H1&+0&R&z1:7]:[n&D3&v4&H0&+&R:6]:[c&D2&v4&H1&+0&R&z1:5]:1,942
1485,[C&D2&v4&H2&+0&!R&z0:1].[O&D1&v2&H0&+0&!R:2]=[C&D2&v4&H0&+0&!R&z2:3]>>[C&D3&v4&H1&+0&!R&z0:1]-[C&D3&v4&H0&+0&!R&z2:3]-[O&D1&v2&H1&+0&!R:2],439
1486,[C&D3&v4&H0&+0&!R&z1:1](=[O&D1&v2&H0&+0&!R:2])-[C&D3&v4&H0&+0&!R&z2:3]-[O&D1&v2&H1&+0&!R:4]>>[C&D2&v4&H1&+0&!R&z1:1]=[O&D1&v2&H0&+0&!R:2].[O&D1&v2&H0&+0&!R:4]=[C&D2&v4&H0&+0&!R&z2:3],1009
1487,[C&D3&v4&H1&+0&!R&z0:1]-[C&D2&v4&H2&+0&!R&z0:2]-[C&D3&v4&H0&+0&!R&z2:3]=[O&D1&v2&H0&+0&!R:4]>>[C&D1&v4&H3&+0&!R&z0:2]-[C&D4&v4&H0&+0&!R&z0:1]-[C&D3&v4&H0&+0&!R&z2:3]=[O&D1&v2&H0&+0&!R:4],181
1488,[N&D1&v3&H2&+0&!R:1].[O&D1&v2&H0&+0&!R:2]=[C&D2&v4&H0&+0&!R&z2:3].[O&D1&v2&H1&+0&!R:4]-[C&D2&v4&H2&+0&!R&z1:5]>>[N&D2&v3&H1&+0&!R:1]-[C&D3&v4&H0&+0&!R&z3:3]-[O&D2&v2&H0&+0&!R:2]-[C&D2&v4&H2&+0&!R&z1:5].[O&D0&v2&H2&+0&!R:4],1026
1489,[C&D2&v4&H2&+0&!R&z0:1]-[C&D3&v4&H1&+0&!R&z1:2]-[N&D1&v3&H2&+0&!R:3]>>[C&D3&v4&H1&+0&!R&z1:1](-[N&D1&v3&H2&+0&!R:3])-[C&D2&v4&H2&+0&!R&z0:2],556
1490,[N&D2&v3&H1&+0&!R:1]-[C&D3&v4&H0&+0&!R&z3:2]-[O&D2&v2&H0&+0&!R:3]-[C&D2&v4&H2&+0&!R&z1:4].[O&D0&v2&H2&+0&!R:5]>>[N&D1&v3&H2&+0&!R:1].[O&D1&v2&H0&+0&!R:3]=[C&D2&v4&H0&+0&!R&z2:2].[O&D1&v2&H1&+0&!R:5]-[C&D2&v4&H2&+0&!R&z1:4],8
1491,[C&D3&v4&H1&+0&!R&z1:1]-[O&D1&v2&H1&+0&!R:2].[O&D1&v2&H0&+0&!R:3]=[O&D1&v2&H0&+0&!R:4]>>[C&D3&v4&H0&+0&!R&z1:1]=[O&D1&v2&H0&+0&!R:2].[O&D1&v2&H1&+0&!R:3]-[O&D1&v2&H1&+0&!R:4],197
1492,[C&D2&v4&H2&+0&!R&z0:1]-[C&D3&v4&H1&+0&!R&z1:2]-[O&D1&v2&H1&+0&!R:3]>>[C&D2&v4&H1&+0&!R&z0:1]=[C&D2&v4&H1&+0&!R&z0:2].[O&D0&v2&H2&+0&!R:3],451
1493,[C&D3&v4&H0&+0&R&z1:1]=[C&D2&v4&H1&+0&!R&z0:2].[O&D1&v2&H1&+0&!R:3]-[O&D1&v2&H1&+0&!R:4]>>[C&D3&v4&H1&+0&R&z1:1]-[C&D2&v4&H2&+0&!R&z0:2].[O&D1&v2&H0&+0&!R:3]=[O&D1&v2&H0&+0&!R:4],976
1494,[C&D3&v4&H1&+0&R&z1:1]-[C&D2&v4&H2&+0&!R&z0:2].[O&D1&v2&H0&+0&!R:3]=[O&D1&v2&H0&+0&!R:4]>>[C&D3&v4&H0&+0&R&z1:1]=[C&D2&v4&H1&+0&!R&z0:2].[O&D1&v2&H1&+0&!R:3]-[O&D1&v2&H1&+0&!R:4],734
1495,[C&D2&v4&H1&+0&!R&z1:1]=[O&D1&v2&H0&+0&!R:2].[O&D1&v2&H0&+0&!R:3]=[C&D2&v4&H0&+0&!R&z2:4]>>[C&D3&v4&H0&+0&!R&z1:1](=[O&D1&v2&H0&+0&!R:2])-[C&D3&v4&H0&+0&!R&z2:4]-[O&D1&v2&H1&+0&!R:3],439
1496,[C&D3&v4&H1&+0&!R&z0:1]-[C&D2&v4&H2&+0&!R&z0:2].[c&D3&v4&H0&+0&R&z0:3]1:[c&D2&v4&H1&+0&R&z0:4]:[c&D2&v4&H1&+0&R&z0:5]:[c&D2&v4&H1&+0&R&z1:6]:[n&D3&v4&H0&+&R:7]:[c&D2&v4&H1&+0&R&z1:8]:1>>[C&D3&v4&H0&+0&!R&z0:1]=[C&D2&v4&H1&+0&!R&z0:2].[C&D3&v4&H0&+0&R&z0:3]1=[C&D2&v4&H1&+0&R&z1:8]-[N&D3&v3&H0&+0&R:7]-[C&D2&v4&H1&+0&R&z1:6]=[C&D2&v4&H1&+0&R&z0:5]-[C&D2&v4&H2&+0&R&z0:4]-1,663
1497,[C&D3&v4&H0&+0&R&z0:1]=[C&D2&v4&H1&+0&R&z0:2].[O&D0&v2&H2&+0&!R:3].[O&D0&v2&H2&+0&!R:4].[c&D3&v4&H0&+0&R&z0:5]1:[c&D2&v4&H1&+0&R&z0:6]:[c&D2&v4&H1&+0&R&z0:7]:[c&D2&v4&H1&+0&R&z1:8]:[n&D3&v4&H0&+&R:9]:[c&D2&v4&H1&+0&R&z1:10]:1>>[C&D3&v4&H0&+0&R&z0:5]1=[C&D2&v4&H1&+0&R&z1:10]-[N&D3&v3&H0&+0&R:9]-[C&D2&v4&H1&+0&R&z1:8]=[C&D2&v4&H1&+0&R&z0:7]-[C&D2&v4&H2&+0&R&z0:6]-1.[C&D3&v4&H1&+0&R&z0:1]-[C&D2&v4&H2&+0&R&z0:2].[O&D1&v2&H0&+0&!R:4]=[O&D1&v2&H0&+0&!R:3],707
1498,[C&D3&v4&H1&+0&R&z0:1]-[C&D1&v4&H3&+0&!R&z0:2].[S&D2&v2&H0&+0&!R:3]>>[C&D1&v4&H3&+0&!R&z1:2]-[S&D3&v3&H0&+&!R:3].[C&D2&v4&H2&+0&R&z0:1],371
1499,[C&D1&v4&H3&+0&!R&z1:1]-[S&D3&v3&H0&+&!R:2].[C&D2&v4&H2&+0&R&z0:3]>>[C&D3&v4&H1&+0&R&z0:3]-[C&D1&v4&H3&+0&!R&z0:1].[S&D2&v2&H0&+0&!R:2],588
1500,([C&D4&v4&H0&+0&R&z1:1]-[O&D1&v2&H1&+0&!R:2].[O&D1&v2&H1&+0&!R:3])>>[O&D0&v2&H2&+0&!R:2].[O&D2&v2&H0&+0&R:3]-[C&D4&v4&H0&+0&R&z1:1],493
1501,[C&D3&v4&H0&+0&R&z0:1]1=[C&D2&v4&H1&+0&R&z1:2]-[N&D3&v3&H0&+0&R:3]-[C&D2&v4&H1&+0&R&z1:4]=[C&D2&v4&H1&+0&R&z0:5]-[C&D2&v4&H2&+0&R&z0:6]-1.[C&D3&v4&H1&+0&R&z0:7]-[C&D2&v4&H2&+0&R&z0:8].[O&D1&v2&H0&+0&!R:9]=[O&D1&v2&H0&+0&!R:10]>>[C&D3&v4&H0&+0&R&z0:7]=[C&D2&v4&H1&+0&R&z0:8].[O&D0&v2&H2&+0&!R:10].[O&D0&v2&H2&+0&!R:9].[c&D3&v4&H0&+0&R&z0:1]1:[c&D2&v4&H1&+0&R&z0:6]:[c&D2&v4&H1&+0&R&z0:5]:[c&D2&v4&H1&+0&R&z1:4]:[n&D3&v4&H0&+&R:3]:[c&D2&v4&H1&+0&R&z1:2]:1,897
1502,[C&D3&v4&H0&+0&R&z0:1]1=[C&D2&v4&H1&+0&R&z1:2]-[N&D3&v3&H0&+0&R:3]-[C&D2&v4&H1&+0&R&z1:4]=[C&D2&v4&H1&+0&R&z0:5]-[C&D2&v4&H2&+0&R&z0:6]-1.[C&D3&v4&H1&+0&!R&z0:7].[O&D1&v2&H0&+0&!R:8]=[O&D1&v2&H0&+0&!R:9]>>[C&D4&v4&H0&+0&!R&z1:7]-[O&D1&v2&H1&+0&!R:8].[O&D0&v2&H2&+0&!R:9].[c&D3&v4&H0&+0&R&z0:1]1:[c&D2&v4&H1&+0&R&z0:6]:[c&D2&v4&H1&+0&R&z0:5]:[c&D2&v4&H1&+0&R&z1:4]:[n&D3&v4&H0&+&R:3]:[c&D2&v4&H1&+0&R&z1:2]:1,710
1503,[C&D2&v4&H2&+0&!R&z0:1]-[C&D3&v4&H1&+0&!R&z0:2].[O&D1&v2&H0&+0&!R:3]=[O&D1&v2&H0&+0&!R:4]>>[C&D3&v4&H0&+0&!R&z0:2]=[C&D2&v4&H1&+0&!R&z0:1].[O&D1&v2&H1&+0&!R:3]-[O&D1&v2&H1&+0&!R:4],734
1504,[C&D3&v4&H1&+0&!R&z1:1](-[O&D1&v2&H1&+0&!R:2])-[C&D3&v4&H0&+0&!R&z2:3]>>[C&D2&v4&H1&+0&!R&z1:1]=[O&D1&v2&H0&+0&!R:2].[C&D2&v4&H1&+0&!R&z2:3],1009
1505,[C&D3&v4&H1&+0&!R&z1:1](-[O&D1&v2&H1&+0&!R:2])-[C&D3&v4&H1&+0&!R&z1:3]>>[C&D2&v4&H1&+0&!R&z1:1]=[O&D1&v2&H0&+0&!R:2].[C&D2&v4&H2&+0&!R&z1:3],1009
1506,[C&D2&v4&H1&+0&!R&z1:1]=[O&D1&v2&H0&+0&!R:2].[C&D2&v4&H2&+0&!R&z1:3]>>[C&D3&v4&H1&+0&!R&z1:1](-[O&D1&v2&H1&+0&!R:2])-[C&D3&v4&H1&+0&!R&z1:3],439
1507,[C&D3&v4&H0&+0&!R&z2:1](=[O&D1&v2&H0&+0&!R:2])-[S&D2&v2&H0&+0&!R:3].[C&D3&v4&H1&+0&!R&z1:4]-[C&D3&v4&H0&+0&!R&z2:5]-[O&D1&v2&H1&+0&!R:6]>>[C&D3&v4&H0&+0&!R&z1:1](=[O&D1&v2&H0&+0&!R:2])-[C&D3&v4&H1&+0&!R&z1:4].[O&D1&v2&H0&+0&!R:6]=[C&D2&v4&H0&+0&!R&z2:5].[S&D1&v2&H1&+0&!R:3],655
1508,[C&D3&v4&H0&+0&!R&z2:1](=[O&D1&v2&H0&+0&!R:2])-[S&D2&v2&H0&+0&!R:3].[C&D3&v4&H0&+0&R&z0:4]1=[C&D2&v4&H1&+0&R&z1:5]-[N&D3&v3&H0&+0&R:6]-[C&D2&v4&H1&+0&R&z1:7]=[C&D2&v4&H1&+0&R&z0:8]-[C&D2&v4&H2&+0&R&z0:9]-1.[C&D3&v4&H0&+0&R&z0:10]1=[C&D2&v4&H1&+0&R&z1:11]-[N&D3&v3&H0&+0&R:12]-[C&D2&v4&H1&+0&R&z1:13]=[C&D2&v4&H1&+0&R&z0:14]-[C&D2&v4&H2&+0&R&z0:15]-1>>[C&D2&v4&H2&+0&!R&z1:1]-[O&D1&v2&H1&+0&!R:2].[S&D1&v2&H1&+0&!R:3].[c&D3&v4&H0&+0&R&z0:10]1:[c&D2&v4&H1&+0&R&z0:15]:[c&D2&v4&H1&+0&R&z0:14]:[c&D2&v4&H1&+0&R&z1:13]:[n&D3&v4&H0&+&R:12]:[c&D2&v4&H1&+0&R&z1:11]:1.[c&D3&v4&H0&+0&R&z0:4]1:[c&D2&v4&H1&+0&R&z0:9]:[c&D2&v4&H1&+0&R&z0:8]:[c&D2&v4&H1&+0&R&z1:7]:[n&D3&v4&H0&+&R:6]:[c&D2&v4&H1&+0&R&z1:5]:1,569
1509,[C&D2&v4&H2&+0&!R&z1:1]-[N&D1&v3&H2&+0&!R:2].[O&D0&v2&H2&+0&!R:3].[c&D3&v4&H0&+0&R&z0:4]1:[c&D2&v4&H1&+0&R&z0:5]:[c&D2&v4&H1&+0&R&z0:6]:[c&D2&v4&H1&+0&R&z1:7]:[n&D3&v4&H0&+&R:8]:[c&D2&v4&H1&+0&R&z1:9]:1>>[C&D2&v4&H1&+0&!R&z1:1]=[O&D1&v2&H0&+0&!R:3].[C&D3&v4&H0&+0&R&z0:4]1=[C&D2&v4&H1&+0&R&z1:9]-[N&D3&v3&H0&+0&R:8]-[C&D2&v4&H1&+0&R&z1:7]=[C&D2&v4&H1&+0&R&z0:6]-[C&D2&v4&H2&+0&R&z0:5]-1.[N&D0&v3&H3&+0&!R:2],555
1510,[N&D1&v3&H2&+0&!R:1].[O&D1&v2&H1&+0&!R:2]-[c&D3&v4&H0&+0&R&z3:3](:[n&D2&v3&H0&+0&R:4]):[n&D2&v3&H0&+0&R:5]>>[N&D2&v3&H1&+0&!R:1]-[c&D3&v4&H0&+0&R&z3:3](:[n&D2&v3&H0&+0&R:4]):[n&D2&v3&H0&+0&R:5].[O&D0&v2&H2&+0&!R:2],175
1511,[N&D1&v3&H2&+0&!R:1].[c&D3&v4&H0&+0&R&z3:2]-[O&D1&v2&H1&+0&!R:3]>>[N&D2&v3&H1&+0&!R:1]-[c&D3&v4&H0&+0&R&z3:2].[O&D0&v2&H2&+0&!R:3],175
1512,[N&D2&v3&H1&+0&!R:1]-[c&D3&v4&H0&+0&R&z3:2](:[n&D2&v3&H0&+0&R:3]):[n&D2&v3&H0&+0&R:4].[O&D0&v2&H2&+0&!R:5]>>[N&D1&v3&H2&+0&!R:1].[O&D1&v2&H1&+0&!R:5]-[c&D3&v4&H0&+0&R&z3:2](:[n&D2&v3&H0&+0&R:3]):[n&D2&v3&H0&+0&R:4],587
1513,[O&D1&v2&H0&+0&!R:1]=[O&D1&v2&H0&+0&!R:2].[c&D3&v4&H0&+0&R&z0:3]1:[c&D2&v4&H1&+0&R&z0:4]:[c&D2&v4&H1&+0&R&z0:5]:[c&D3&v4&H0&+0&R&z0:6]:[c&D3&v4&H0&+0&R&z1:7]:[c&D3&v4&H0&+0&R&z1:8]:1>>[C&D3&v4&H0&+0&!R&z1:3](=[O&D1&v2&H0&+0&!R:1])-[C&D2&v4&H1&+0&!R&z0:4]=[C&D2&v4&H1&+0&!R&z0:5]-[C&D3&v4&H0&+0&!R&z0:6]=[C&D3&v4&H0&+0&!R&z1:7]-[C&D3&v4&H0&+0&!R&z2:8]=[O&D1&v2&H0&+0&!R:2],348
1514,([C&D2&v4&H0&+0&!R&z0:1]=[C&D3&v4&H0&+0&R&z0:2].[O&D1&v2&H1&+0&!R:3])>>[C&D2&v4&H1&+0&!R&z0:1]-[C&D4&v4&H0&+0&R&z1:2]-[O&D2&v2&H0&+0&R:3],412
1515,[C&D4&v4&H0&+0&R&z1:1]-[O&D1&v2&H1&+0&!R:2].[P&D4&v5&H0&+0&!R:3]-[O&D1&v2&H1&+0&!R:4].[P&D4&v5&H0&+0&!R:5]-[O&D1&v2&H1&+0&!R:6]>>[C&D4&v4&H0&+0&R&z1:1]-[O&D1&v2&H1&+0&!R:6].[O&D0&v2&H2&+0&!R:2].[P&D4&v5&H0&+0&!R:3]-[O&D2&v2&H0&+0&!R:4]-[P&D4&v5&H0&+0&!R:5],607
1516,[C&D4&v4&H0&+0&R&z1:1]-[O&D1&v2&H1&+0&!R:2].[O&D0&v2&H2&+0&!R:3].[P&D4&v5&H0&+0&!R:4]-[O&D2&v2&H0&+0&!R:5]>>[C&D4&v4&H0&+0&R&z1:1]-[O&D1&v2&H1&+0&!R:3].[O&D1&v2&H1&+0&!R:5].[P&D4&v5&H0&+0&!R:4]-[O&D1&v2&H1&+0&!R:2],228
1517,[C&D2&v4&H1&+0&!R&z1:1]=[O&D1&v2&H0&+0&!R:2].[C&D2&v4&H1&+0&!R&z1:3]=[O&D1&v2&H0&+0&!R:4]>>[C&D2&v4&H1&+0&!R&z0:3]=[C&D2&v4&H1&+0&!R&z0:1].[O&D1&v2&H0&+0&!R:2]=[O&D1&v2&H0&+0&!R:4],31
1518,[C&D3&v4&H0&+0&R&z1:1](-[O&D1&v2&H1&+0&!R:2])=[C&D3&v4&H0&+0&R&z1:3]-[O&D1&v2&H1&+0&!R:4].[C&D4&v4&H0&+0&R&z1:5]1-[O&D2&v2&H0&+0&R:6]-[C&D4&v4&H0&+0&R&z1:7]-1>>[C&D3&v4&H0&+0&R&z0:5]=[C&D3&v4&H0&+0&R&z0:7].[C&D3&v4&H0&+0&R&z1:1](=[O&D1&v2&H0&+0&!R:2])-[C&D3&v4&H0&+0&R&z1:3]=[O&D1&v2&H0&+0&!R:4].[O&D0&v2&H2&+0&!R:6],41
1519,[C&D2&v4&H1&+0&!R&z0:1]-[C&D4&v4&H0&+0&R&z1:2]-[O&D2&v2&H0&+0&R:3]>>([C&D2&v4&H0&+0&!R&z0:1]=[C&D3&v4&H0&+0&R&z0:2].[O&D1&v2&H1&+0&!R:3]),1005
1520,[C&D3&v4&H0&+0&R&z1:1]=[O&D1&v2&H0&+0&!R:2].[O&D0&v2&H2&+0&!R:3]>>[C&D4&v4&H0&+0&R&z2:1](-[O&D1&v2&H1&+0&!R:2])-[O&D1&v2&H1&+0&!R:3],250
1521,[C&D4&v4&H0&+0&R&z2:1](-[O&D1&v2&H1&+0&!R:2])-[O&D1&v2&H1&+0&!R:3]>>[C&D3&v4&H0&+0&R&z1:1]=[O&D1&v2&H0&+0&!R:2].[O&D0&v2&H2&+0&!R:3],821
1522,[C&D3&v4&H0&+0&R&z0:1]=[C&D3&v4&H0&+0&R&z0:2].[C&D3&v4&H0&+0&R&z1:3](=[O&D1&v2&H0&+0&!R:4])-[C&D3&v4&H0&+0&R&z1:5]=[O&D1&v2&H0&+0&!R:6].[O&D0&v2&H2&+0&!R:7]>>[C&D3&v4&H0&+0&R&z1:3](-[O&D1&v2&H1&+0&!R:4])=[C&D3&v4&H0&+0&R&z1:5]-[O&D1&v2&H1&+0&!R:6].[C&D4&v4&H0&+0&R&z1:1]1-[O&D2&v2&H0&+0&R:7]-[C&D4&v4&H0&+0&R&z1:2]-1,597
1523,([C&D2&v4&H1&+0&!R&z0:1]=[C&D3&v4&H0&+0&!R&z0:2].[C&D2&v4&H1&+0&!R&z0:3]=[C&D3&v4&H0&+0&!R&z0:4]).[O&D1&v2&H0&+0&!R:5]=[O&D1&v2&H0&+0&!R:6].[O&D1&v2&H0&+0&!R:7]=[O&D1&v2&H0&+0&!R:8]>>([C&D2&v4&H1&+0&!R&z1:1]=[O&D1&v2&H0&+0&!R:5].[C&D2&v4&H1&+0&!R&z1:3]=[O&D1&v2&H0&+0&!R:6]).[C&D3&v4&H0&+0&!R&z1:2]=[O&D1&v2&H0&+0&!R:7].[C&D3&v4&H0&+0&!R&z1:4]=[O&D1&v2&H0&+0&!R:8],343
1524,([C&D2&v4&H1&+0&!R&z0:1]=[C&D2&v4&H1&+0&!R&z0:2].[C&D2&v4&H1&+0&!R&z0:3]=[C&D2&v4&H1&+0&!R&z0:4]).[O&D1&v2&H0&+0&!R:5]=[O&D1&v2&H0&+0&!R:6].[O&D1&v2&H0&+0&!R:7]=[O&D1&v2&H0&+0&!R:8]>>[C&D2&v4&H1&+0&!R&z1:2]=[O&D1&v2&H0&+0&!R:7].[C&D2&v4&H1&+0&!R&z1:4]=[O&D1&v2&H0&+0&!R:8].([C&D2&v4&H1&+0&!R&z1:1]=[O&D1&v2&H0&+0&!R:5].[C&D2&v4&H1&+0&!R&z1:3]=[O&D1&v2&H0&+0&!R:6]),343
1525,[C&D2&v4&H1&+0&!R&z0:1]=[C&D3&v4&H0&+0&!R&z0:2].[O&D1&v2&H0&+0&!R:3]=[O&D1&v2&H0&+0&!R:4]>>[C&D2&v4&H1&+0&!R&z1:1]=[O&D1&v2&H0&+0&!R:3].[C&D3&v4&H0&+0&!R&z1:2]=[O&D1&v2&H0&+0&!R:4],213
1526,[C&D3&v4&H0&+0&R&z0:1]=[C&D3&v4&H0&+0&R&z0:2]-[C&D2&v4&H2&+0&R&z0:3]>>[C&D3&v4&H1&+0&R&z0:1]-[C&D3&v4&H0&+0&R&z0:2]=[C&D2&v4&H1&+0&R&z0:3],367
1527,[C&D3&v4&H1&+0&R&z0:1]-[C&D3&v4&H0&+0&R&z0:2]=[C&D2&v4&H1&+0&R&z0:3]>>[C&D3&v4&H0&+0&R&z0:1]=[C&D3&v4&H0&+0&R&z0:2]-[C&D2&v4&H2&+0&R&z0:3],367
1528,[C&D3&v4&H1&+0&R&z0:1](-[C&D3&v4&H0&+0&R&z0:2]=[C&D2&v4&H1&+0&R&z0:3])-[C&D4&v4&H0&+0&R&z0:4]-[C&D2&v4&H2&+0&R&z0:5]>>([C&D2&v4&H2&+0&!R&z0:3]-[C&D3&v4&H0&+0&!R&z0:2]=[C&D2&v4&H1&+0&!R&z0:1].[C&D3&v4&H0&+0&!R&z0:4]=[C&D2&v4&H1&+0&!R&z0:5]),489
1529,[C&D2&v4&H1&+0&!R&z1:1]=[O&D1&v2&H0&+0&!R:2].[C&D2&v4&H1&+0&!R&z1:3]=[O&D1&v2&H0&+0&!R:4].([C&D2&v4&H1&+0&!R&z1:5]=[O&D1&v2&H0&+0&!R:6].[C&D2&v4&H1&+0&!R&z1:7]=[O&D1&v2&H0&+0&!R:8])>>([C&D2&v4&H1&+0&!R&z0:5]=[C&D2&v4&H1&+0&!R&z0:1].[C&D2&v4&H1&+0&!R&z0:7]=[C&D2&v4&H1&+0&!R&z0:3]).[O&D1&v2&H0&+0&!R:6]=[O&D1&v2&H0&+0&!R:8].[O&D1&v2&H0&+0&!R:2]=[O&D1&v2&H0&+0&!R:4],442
1530,[C&D3&v4&H0&+0&!R&z0:1]=[C&D2&v4&H1&+0&!R&z0:2]-[C&D2&v4&H1&+0&!R&z1:3]=[O&D1&v2&H0&+0&!R:4].[C&D3&v4&H0&+0&R&z0:5]1=[C&D2&v4&H1&+0&R&z1:6]-[N&D3&v3&H0&+0&R:7]-[C&D2&v4&H1&+0&R&z1:8]=[C&D2&v4&H1&+0&R&z0:9]-[C&D2&v4&H2&+0&R&z0:10]-1>>[C&D3&v4&H1&+0&!R&z0:1]-[C&D2&v4&H1&+0&!R&z0:2]=[C&D2&v4&H1&+0&!R&z1:3]-[O&D1&v2&H1&+0&!R:4].[c&D3&v4&H0&+0&R&z0:5]1:[c&D2&v4&H1&+0&R&z0:10]:[c&D2&v4&H1&+0&R&z0:9]:[c&D2&v4&H1&+0&R&z1:8]:[n&D3&v4&H0&+&R:7]:[c&D2&v4&H1&+0&R&z1:6]:1,431
1531,[C&D3&v4&H1&+0&!R&z0:1]-[C&D2&v4&H1&+0&!R&z0:2]=[C&D2&v4&H1&+0&!R&z1:3]-[O&D1&v2&H1&+0&!R:4].[c&D3&v4&H0&+0&R&z0:5]1:[c&D2&v4&H1&+0&R&z0:6]:[c&D2&v4&H1&+0&R&z0:7]:[c&D2&v4&H1&+0&R&z1:8]:[n&D3&v4&H0&+&R:9]:[c&D2&v4&H1&+0&R&z1:10]:1>>[C&D3&v4&H0&+0&!R&z0:1]=[C&D2&v4&H1&+0&!R&z0:2]-[C&D2&v4&H1&+0&!R&z1:3]=[O&D1&v2&H0&+0&!R:4].[C&D3&v4&H0&+0&R&z0:5]1=[C&D2&v4&H1&+0&R&z1:10]-[N&D3&v3&H0&+0&R:9]-[C&D2&v4&H1&+0&R&z1:8]=[C&D2&v4&H1&+0&R&z0:7]-[C&D2&v4&H2&+0&R&z0:6]-1,379
1532,[C&D2&v4&H1&+0&!R&z1:1]=[O&D1&v2&H0&+0&!R:2].[C&D3&v4&H1&+0&!R&z1:3]-[N&D1&v3&H2&+0&!R:4]>>[C&D2&v4&H2&+0&!R&z1:1]-[N&D1&v3&H2&+0&!R:4].[C&D3&v4&H0&+0&!R&z1:3]=[O&D1&v2&H0&+0&!R:2],103
1533,[C&D1&v4&H3&+0&!R&z0:1]-[C&D3&v4&H1&+0&!R&z0:2]-[C&D2&v4&H2&+0&!R&z0:3]-[C&D3&v4&H0&+0&!R&z2:4]>>[C&D1&v4&H3&+0&!R&z0:1]-[C&D2&v4&H2&+0&!R&z0:3]-[C&D3&v4&H1&+0&!R&z0:2]-[C&D3&v4&H0&+0&!R&z2:4],948
1534,([C&D2&v4&H2&+0&!R&z0:1].[C&D3&v4&H0&+0&!R&z1:2]=[O&D1&v2&H0&+0&!R:3])>>[C&D3&v4&H0&+0&R&z0:1]=[C&D3&v4&H0&+0&R&z0:2].[O&D0&v2&H2&+0&!R:3],34
1535,[C&D3&v4&H1&+0&R&z1:1](-[O&D1&v2&H1&+0&!R:2])-[C&D2&v4&H2&+0&R&z0:3]>>[C&D2&v4&H1&+0&R&z0:1]=[C&D2&v4&H1&+0&R&z0:3].[O&D0&v2&H2&+0&!R:2],451
1536,[C&D2&v4&H1&+0&R&z0:1]=[C&D2&v4&H1&+0&R&z0:2].[O&D0&v2&H2&+0&!R:3]>>[C&D3&v4&H1&+0&R&z1:1](-[O&D1&v2&H1&+0&!R:3])-[C&D2&v4&H2&+0&R&z0:2],703
1537,[C&D2&v4&H2&+0&!R&z0:1].[C&D3&v4&H0&+0&!R&z2:2]-[S&D2&v2&H0&+0&!R:3]>>[C&D3&v4&H1&+0&!R&z0:1]-[C&D3&v4&H0&+0&!R&z1:2].[S&D1&v2&H1&+0&!R:3],42
1538,([C&D4&v4&H0&+0&!R&z1:1]-[O&D1&v2&H1&+0&!R:2].[O&D1&v2&H1&+0&!R:3])>>[O&D0&v2&H2&+0&!R:2].[O&D2&v2&H0&+0&R:3]-[C&D4&v4&H0&+0&R&z1:1],493
1539,[C&D3&v4&H1&+0&!R&z1:1](-[O&D1&v2&H1&+0&!R:2])-[C&D3&v4&H1&+0&!R&z0:3]>>[C&D3&v4&H0&+0&!R&z0:3]=[C&D2&v4&H1&+0&!R&z0:1].[O&D0&v2&H2&+0&!R:2],451
1540,[C&D4&v4&H0&+0&!R&z1:1]-[O&D1&v2&H1&+0&!R:2].[O&D0&v2&H2&+0&!R:3].[c&D3&v4&H0&+0&R&z0:4]1:[c&D2&v4&H1&+0&R&z0:5]:[c&D2&v4&H1&+0&R&z0:6]:[c&D2&v4&H1&+0&R&z1:7]:[n&D3&v4&H0&+&R:8]:[c&D2&v4&H1&+0&R&z1:9]:1>>[C&D3&v4&H0&+0&R&z0:4]1=[C&D2&v4&H1&+0&R&z1:9]-[N&D3&v3&H0&+0&R:8]-[C&D2&v4&H1&+0&R&z1:7]=[C&D2&v4&H1&+0&R&z0:6]-[C&D2&v4&H2&+0&R&z0:5]-1.[C&D3&v4&H1&+0&!R&z0:1].[O&D1&v2&H0&+0&!R:2]=[O&D1&v2&H0&+0&!R:3],9
1541,[C&D3&v4&H1&+0&!R&z0:1]-[C&D2&v4&H2&+0&!R&z0:2].[O&D1&v2&H0&+0&!R:3]=[O&D1&v2&H0&+0&!R:4]>>[C&D3&v4&H0&+0&!R&z0:1]=[C&D2&v4&H1&+0&!R&z0:2].[O&D1&v2&H1&+0&!R:3]-[O&D1&v2&H1&+0&!R:4],734
1542,[C&D1&v4&H3&+0&!R&z0:1]-[C&D3&v4&H1&+0&!R&z0:2]-[C&D2&v4&H2&+0&!R&z0:3]>>[C&D2&v4&H2&+0&!R&z0:3]-[C&D2&v4&H2&+0&!R&z0:1]-[C&D2&v4&H2&+0&!R&z0:2],181
1543,[C&D4&v4&H0&+0&!R&z1:1]-[O&D2&v2&H0&+0&!R:2].[P&D4&v5&H0&+0&!R:3]-[O&D1&v2&H1&+0&!R:4]>>[C&D4&v4&H0&+0&!R&z1:1]-[O&D1&v2&H1&+0&!R:4].[P&D4&v5&H0&+0&!R:3]-[O&D2&v2&H0&+0&!R:2],994
1544,([C&D3&v4&H0&+0&!R&z2:1]-[O&D1&v2&H1&+0&!R:2].[N&D1&v3&H2&+0&!R:3])>>[N&D2&v3&H1&+0&R:3]-[C&D3&v4&H0&+0&R&z2:1].[O&D0&v2&H2&+0&!R:2],464
1545,[C&D3&v4&H1&+0&!R&z0:1]-[C&D2&v4&H2&+0&!R&z1:2]-[O&D1&v2&H1&+0&!R:3]>>[C&D1&v4&H2&+0&!R&z0:2]=[C&D3&v4&H0&+0&!R&z0:1].[O&D0&v2&H2&+0&!R:3],451
1546,[C&D1&v4&H3&+0&!R&z0:1]-[C&D3&v4&H1&+0&!R&z1:2].[c&D3&v4&H0&+0&R&z0:3]1:[c&D2&v4&H1&+0&R&z0:4]:[c&D2&v4&H1&+0&R&z0:5]:[c&D2&v4&H1&+0&R&z1:6]:[n&D3&v4&H0&+&R:7]:[c&D2&v4&H1&+0&R&z1:8]:1>>[C&D1&v4&H2&+0&!R&z0:1]=[C&D3&v4&H0&+0&!R&z1:2].[C&D3&v4&H0&+0&R&z0:3]1=[C&D2&v4&H1&+0&R&z1:8]-[N&D3&v3&H0&+0&R:7]-[C&D2&v4&H1&+0&R&z1:6]=[C&D2&v4&H1&+0&R&z0:5]-[C&D2&v4&H2&+0&R&z0:4]-1,663
1547,[C&D4&v4&H0&+0&!R&z1:1]-[C&D2&v4&H2&+0&!R&z1:2]-[O&D1&v2&H1&+0&!R:3].([N&D2&v3&H1&+0&!R:4].[N&D2&v3&H1&+0&R:5])>>[C&D3&v4&H1&+0&!R&z1:1].[N&D3&v3&H0&+0&R:5]-[C&D2&v4&H2&+0&R&z2:2]-[N&D3&v3&H0&+0&R:4].[O&D0&v2&H2&+0&!R:3],954
1548,[C&D4&v4&H0&+0&!R&z1:1]-[C&D2&v4&H2&+0&!R&z1:2]-[O&D1&v2&H1&+0&!R:3]>>[C&D1&v4&H2&+0&!R&z1:2]=[O&D1&v2&H0&+0&!R:3].[C&D3&v4&H1&+0&!R&z1:1],1009
1549,[C&D3&v4&H0&+0&!R&z2:1]-[O&D1&v2&H1&+0&!R:2].[O&D1&v2&H1&+0&!R:3].[P&D4&v5&H0&+0&!R:4]-[O&D2&v2&H0&+0&!R:5]>>[C&D3&v4&H0&+0&!R&z2:1]-[O&D2&v2&H0&+0&!R:3].[O&D1&v2&H1&+0&!R:5].[P&D4&v5&H0&+0&!R:4]-[O&D1&v2&H1&+0&!R:2],228
1550,[C&D3&v4&H0&+0&R&z1:1]=[O&D1&v2&H0&+0&!R:2].[C&D3&v4&H1&+0&!R&z1:3]-[N&D1&v3&H2&+0&!R:4]>>[C&D3&v4&H0&+0&!R&z1:3]=[O&D1&v2&H0&+0&!R:2].[C&D3&v4&H1&+0&R&z1:1]-[N&D1&v3&H2&+0&!R:4],103
1551,[C&D3&v4&H1&+0&!R&z1:1]-[N&D1&v3&H2&+0&!R:2].[N&D1&v3&H2&+0&!R:3]>>[C&D3&v4&H1&+0&!R&z1:1]-[N&D2&v3&H1&+0&!R:3].[N&D0&v3&H3&+0&!R:2],316
1552,[C&D2&v4&H1&+0&!R&z1:1]=[O&D1&v2&H0&+0&!R:2].[C&D3&v4&H1&+0&!R&z1:3]-[N&D1&v3&H2&+0&!R:4]>>[C&D3&v4&H0&+0&!R&z1:3]=[O&D1&v2&H0&+0&!R:2].[N&D1&v3&H2&+0&!R:4]-[C&D2&v4&H2&+0&!R&z1:1],103
1553,[C&D1&v4&H3&+0&!R&z0:1].[S&D2&v2&H0&+0&!R:2]-[S&D2&v2&H0&+0&!R:3]>>[C&D2&v4&H2&+0&!R&z1:1]-[S&D2&v2&H0&+0&!R:3].[S&D1&v2&H1&+0&!R:2],16
1554,[C&D3&v4&H1&+0&!R&z1:1].[N&D3&v3&H0&+0&R:2]-[C&D2&v4&H2&+0&R&z2:3]-[N&D3&v3&H0&+0&R:4].[O&D0&v2&H2&+0&!R:5]>>[C&D4&v4&H0&+0&!R&z1:1]-[C&D2&v4&H2&+0&!R&z1:3]-[O&D1&v2&H1&+0&!R:5].([N&D2&v3&H1&+0&!R:4].[N&D2&v3&H1&+0&R:2]),820
1555,[C&D3&v4&H0&+0&!R&z2:1]-[O&D2&v2&H0&+0&!R:2].[P&D4&v5&H0&+0&!R:3]-[O&D1&v2&H1&+0&!R:4].[P&D4&v5&H0&+0&!R:5]-[O&D1&v2&H1&+0&!R:6]>>[C&D3&v4&H0&+0&!R&z2:1]-[O&D1&v2&H1&+0&!R:6].[O&D1&v2&H1&+0&!R:2].[P&D4&v5&H0&+0&!R:3]-[O&D2&v2&H0&+0&!R:4]-[P&D4&v5&H0&+0&!R:5],607
1556,([C&D3&v4&H0&+0&!R&z3:1]-[O&D1&v2&H1&+0&!R:2].[N&D1&v3&H2&+0&!R:3]).[P&D4&v5&H0&+0&!R:4]-[O&D2&v2&H0&+0&!R:5]>>[N&D2&v3&H1&+0&R:3]-[C&D3&v4&H0&+0&R&z3:1].[O&D1&v2&H1&+0&!R:5].[P&D4&v5&H0&+0&!R:4]-[O&D1&v2&H1&+0&!R:2],10
1557,[N&D2&v3&H1&+0&!R:1]-[C&D3&v4&H0&+0&!R&z3:2]-[O&D1&v2&H1&+0&!R:3]>>[N&D1&v3&H2&+0&!R:1].[O&D1&v2&H0&+0&!R:3]=[C&D2&v4&H0&+0&!R&z2:2],818
1558,[C&D2&v4&H1&+0&!R&z0:1]=[C&D2&v4&H1&+0&!R&z0:2].[N&D1&v3&H2&+0&!R:3]>>[N&D2&v3&H1&+0&!R:3]-[C&D3&v4&H1&+0&!R&z1:2]-[C&D2&v4&H2&+0&!R&z0:1],875
1559,([N&D1&v3&H2&+0&!R:1].[N&D1&v3&H2&+0&!R:2]).[O&D1&v2&H0&+0&!R:3]=[C&D2&v4&H0&+0&!R&z2:4]=[O&D1&v2&H0&+0&!R:5].[P&D4&v5&H0&+0&!R:6]-[O&D2&v2&H0&+0&!R:7]>>[N&D2&v3&H1&+0&R:1]-[C&D3&v4&H0&+0&R&z3:4](=[O&D1&v2&H0&+0&!R:5])-[N&D2&v3&H1&+0&R:2].[O&D1&v2&H1&+0&!R:7].[P&D4&v5&H0&+0&!R:6]-[O&D1&v2&H1&+0&!R:3],377
1560,[N&D1&v3&H2&+0&!R:1].[O&D1&v2&H0&+0&!R:2]=[C&D2&v4&H0&+0&!R&z2:3]>>[N&D2&v3&H1&+0&!R:1]-[C&D3&v4&H0&+0&!R&z3:3]-[O&D1&v2&H1&+0&!R:2],835
1561,[C&D3&v4&H1&+0&!R&z1:1](-[N&D1&v3&H2&+0&!R:2])-[C&D2&v4&H2&+0&!R&z0:3]>>[C&D2&v4&H1&+0&!R&z0:1]=[C&D2&v4&H1&+0&!R&z0:3].[N&D0&v3&H3&+0&!R:2],65
1562,[C&D1&v4&H3&+0&!R&z0:1]-[C&D3&v4&H1&+0&!R&z1:2]-[N&D1&v3&H2&+0&!R:3]>>[N&D1&v3&H2&+0&!R:3]-[C&D2&v4&H2&+0&!R&z1:1]-[C&D2&v4&H2&+0&!R&z0:2],556
1563,[C&D3&v4&H1&+0&!R&z1:1]-[N&D2&v3&H1&+0&!R:2].[N&D0&v3&H3&+0&!R:3]>>[C&D3&v4&H1&+0&!R&z1:1]-[N&D1&v3&H2&+0&!R:3].[N&D1&v3&H2&+0&!R:2],316
1564,[C&D3&v4&H1&+0&!R&z1:1]-[N&D2&v3&H1&+0&!R:2].[O&D0&v2&H2&+0&!R:3].[c&D3&v4&H0&+0&R&z0:4]1:[c&D2&v4&H1&+0&R&z0:5]:[c&D2&v4&H1&+0&R&z0:6]:[c&D2&v4&H1&+0&R&z1:7]:[n&D3&v4&H0&+&R:8]:[c&D2&v4&H1&+0&R&z1:9]:1>>[C&D3&v4&H0&+0&!R&z1:1]=[O&D1&v2&H0&+0&!R:3].[C&D3&v4&H0&+0&R&z0:4]1=[C&D2&v4&H1&+0&R&z1:9]-[N&D3&v3&H0&+0&R:8]-[C&D2&v4&H1&+0&R&z1:7]=[C&D2&v4&H1&+0&R&z0:6]-[C&D2&v4&H2&+0&R&z0:5]-1.[N&D1&v3&H2&+0&!R:2],555
1565,[C&D3&v4&H1&+0&!R&z1:1]-[N&D2&v3&H1&+0&!R:2].[O&D1&v2&H1&+0&!R:3]>>[C&D3&v4&H1&+0&!R&z1:1]-[O&D2&v2&H0&+0&!R:3].[N&D1&v3&H2&+0&!R:2],587
1566,[N&D2&v3&H1&+0&!R:1]-[C&D3&v4&H1&+0&!R&z1:2]-[C&D2&v4&H2&+0&!R&z0:3]>>[C&D2&v4&H1&+0&!R&z0:3]=[C&D2&v4&H1&+0&!R&z0:2].[N&D1&v3&H2&+0&!R:1],65
1567,[C&D3&v4&H0&+0&R&z0:1]1=[C&D2&v4&H1&+0&R&z1:2]-[N&D3&v3&H0&+0&R:3]-[C&D2&v4&H1&+0&R&z1:4]=[C&D2&v4&H1&+0&R&z0:5]-[C&D2&v4&H2&+0&R&z0:6]-1.[C&D3&v4&H0&+0&R&z1:7]=[N&D2&v3&H0&+0&R:8]>>[C&D3&v4&H1&+0&R&z1:7]-[N&D2&v3&H1&+0&R:8].[c&D3&v4&H0&+0&R&z0:1]1:[c&D2&v4&H1&+0&R&z0:6]:[c&D2&v4&H1&+0&R&z0:5]:[c&D2&v4&H1&+0&R&z1:4]:[n&D3&v4&H0&+&R:3]:[c&D2&v4&H1&+0&R&z1:2]:1,688
1568,[N&D1&v3&H2&+0&!R:1].[N&D3&v3&H0&+0&R:2]-[C&D2&v4&H1&+0&!R&z2:3]>>[C&D2&v4&H1&+0&!R&z2:3]-[N&D2&v3&H1&+0&!R:1].[N&D2&v3&H1&+0&R:2],316
1569,([N&D2&v3&H1&+0&!R:1].[N&D3&v3&H0&+0&R:2]-[C&D2&v4&H1&+0&!R&z2:3]=[O&D1&v2&H0&+0&!R:4])>>[N&D3&v4&H0&+&R:2]=[C&D2&v4&H1&+0&R&z2:3]-[N&D3&v3&H0&+0&R:1].[O&D0&v2&H2&+0&!R:4],409
1570,[C&D3&v4&H1&+0&R&z1:1]-[N&D2&v3&H1&+0&R:2].[c&D3&v4&H0&+0&R&z0:3]1:[c&D2&v4&H1&+0&R&z0:4]:[c&D2&v4&H1&+0&R&z0:5]:[c&D2&v4&H1&+0&R&z1:6]:[n&D3&v4&H0&+&R:7]:[c&D2&v4&H1&+0&R&z1:8]:1>>[C&D3&v4&H0&+0&R&z0:3]1=[C&D2&v4&H1&+0&R&z1:8]-[N&D3&v3&H0&+0&R:7]-[C&D2&v4&H1&+0&R&z1:6]=[C&D2&v4&H1&+0&R&z0:5]-[C&D2&v4&H2&+0&R&z0:4]-1.[C&D3&v4&H0&+0&R&z1:1]=[N&D2&v3&H0&+0&R:2],904
1571,[C&D3&v4&H1&+0&!R&z1:1]-[C&D2&v4&H2&+0&!R&z1:2]-[O&D1&v2&H1&+0&!R:3].([N&D2&v3&H1&+0&!R:4].[N&D2&v3&H1&+0&R:5])>>[C&D2&v4&H2&+0&!R&z1:1].[N&D3&v3&H0&+0&R:5]-[C&D2&v4&H2&+0&R&z2:2]-[N&D3&v3&H0&+0&R:4].[O&D0&v2&H2&+0&!R:3],954
1572,[C&D2&v4&H1&+0&!R&z2:1]-[N&D2&v3&H1&+0&!R:2].[N&D2&v3&H1&+0&R:3]>>[N&D1&v3&H2&+0&!R:2].[N&D3&v3&H0&+0&R:3]-[C&D2&v4&H1&+0&!R&z2:1],316
1573,[C&D4&v4&H0&+0&!R&z1:1](-[O&D1&v2&H1&+0&!R:2])-[C&D3&v4&H1&+0&!R&z0:3]>>[C&D2&v4&H2&+0&!R&z0:3].[C&D3&v4&H0&+0&!R&z1:1]=[O&D1&v2&H0&+0&!R:2],1009
1574,[C&D4&v4&H0&+0&!R&z1:1](-[O&D1&v2&H1&+0&!R:2])-[C&D3&v4&H1&+0&!R&z0:3]>>[C&D3&v4&H0&+0&!R&z0:1]=[C&D3&v4&H0&+0&!R&z0:3].[O&D0&v2&H2&+0&!R:2],451
1575,[C&D1&v4&H3&+0&!R&z0:1]-[C&D4&v4&H0&+0&!R&z1:2]-[O&D1&v2&H1&+0&!R:3]>>[C&D1&v4&H2&+0&!R&z0:1]=[C&D3&v4&H0&+0&!R&z0:2].[O&D0&v2&H2&+0&!R:3],451
1576,[C&D4&v4&H0&+0&!R&z1:1]-[O&D1&v2&H1&+0&!R:2].[P&D4&v5&H0&+0&!R:3]-[O&D2&v2&H0&+0&!R:4]>>[C&D4&v4&H0&+0&!R&z1:1]-[O&D2&v2&H0&+0&!R:4].[P&D4&v5&H0&+0&!R:3]-[O&D1&v2&H1&+0&!R:2],994
1577,[C&D1&v4&H3&+0&!R&z0:1]-[C&D4&v4&H0&+0&!R&z1:2](-[O&D1&v2&H1&+0&!R:3])-[C&D2&v4&H2&+0&!R&z0:4]-[C&D3&v4&H0&+0&!R&z2:5]-[O&D1&v2&H1&+0&!R:6].[P&D4&v5&H0&+0&!R:7]-[O&D2&v2&H0&+0&!R:8]>>[C&D1&v4&H2&+0&!R&z0:1]=[C&D3&v4&H0&+0&!R&z0:2]-[C&D1&v4&H3&+0&!R&z0:4].[O&D1&v2&H0&+0&!R:6]=[C&D2&v4&H0&+0&!R&z2:5].[O&D1&v2&H1&+0&!R:8].[P&D4&v5&H0&+0&!R:7]-[O&D1&v2&H1&+0&!R:3],276
1578,[C&D4&v4&H0&+0&!R&z1:1](-[O&D1&v2&H1&+0&!R:2])(-[C&D2&v4&H2&+0&!R&z1:3])-[C&D3&v4&H1&+0&!R&z1:4].[c&D3&v4&H0&+0&R&z0:5]1:[c&D2&v4&H1&+0&R&z0:6]:[c&D2&v4&H1&+0&R&z0:7]:[c&D2&v4&H1&+0&R&z1:8]:[n&D3&v4&H0&+&R:9]:[c&D2&v4&H1&+0&R&z1:10]:1>>[C&D3&v4&H0&+0&!R&z1:1](=[O&D1&v2&H0&+0&!R:2])-[C&D3&v4&H1&+0&!R&z1:3]-[C&D3&v4&H1&+0&!R&z1:4].[C&D3&v4&H0&+0&R&z0:5]1=[C&D2&v4&H1&+0&R&z1:10]-[N&D3&v3&H0&+0&R:9]-[C&D2&v4&H1&+0&R&z1:8]=[C&D2&v4&H1&+0&R&z0:7]-[C&D2&v4&H2&+0&R&z0:6]-1,990
1579,([O&D1&v2&H1&+0&!R:1].[P&D4&v5&H0&+0&!R:2]-[O&D2&v2&H0&+0&!R:3])>>[O&D1&v2&H1&+0&!R:3].[P&D4&v5&H0&+0&R:2]-[O&D2&v2&H0&+0&R:1],603
1580,[O&D1&v2&H1&+0&!R:1].[P&D4&v5&H0&+0&R:2]-[O&D2&v2&H0&+0&R:3]>>([O&D1&v2&H1&+0&!R:3].[P&D4&v5&H0&+0&!R:2]-[O&D2&v2&H0&+0&!R:1]),873
1581,[C&D3&v4&H0&+0&R&z1:1]1=[C&D3&v4&H0&+0&R&z1:2]-[C&D3&v4&H0&+0&R&z1:3](=[O&D1&v2&H0&+0&!R:4])-[C&D3&v4&H0&+0&R&z0:5]=[C&D3&v4&H0&+0&R&z0:6]-[C&D3&v4&H0&+0&R&z1:7]-1=[O&D1&v2&H0&+0&!R:8].[C&D3&v4&H1&+0&!R&z1:9]-[O&D1&v2&H1&+0&!R:10]>>[C&D3&v4&H0&+0&!R&z1:9]=[O&D1&v2&H0&+0&!R:10].[c&D3&v4&H0&+0&R&z1:1]1:[c&D3&v4&H0&+0&R&z1:7](-[O&D1&v2&H1&+0&!R:8]):[c&D3&v4&H0&+0&R&z0:6]:[c&D3&v4&H0&+0&R&z0:5]:[c&D3&v4&H0&+0&R&z1:3](-[O&D1&v2&H1&+0&!R:4]):[c&D3&v4&H0&+0&R&z1:2]:1,112
1582,[C&D3&v4&H1&+0&!R&z1:1](-[O&D1&v2&H1&+0&!R:2])-[C&D3&v4&H0&+0&!R&z2:3]=[O&D1&v2&H0&+0&!R:4].[N&D1&v3&H2&+0&!R:5]>>[C&D3&v4&H0&+0&!R&z1:1](=[O&D1&v2&H0&+0&!R:2])-[C&D3&v4&H1&+0&!R&z2:3]-[N&D2&v3&H1&+0&!R:5].[O&D0&v2&H2&+0&!R:4],381
1583,[C&D3&v4&H0&+0&R&z1:1]1=[C&D3&v4&H0&+0&R&z1:2]-[C&D3&v4&H0&+0&R&z1:3](=[O&D1&v2&H0&+0&!R:4])-[C&D3&v4&H0&+0&R&z1:5]=[C&D3&v4&H0&+0&R&z1:6]-[C&D3&v4&H0&+0&R&z1:7]-1=[O&D1&v2&H0&+0&!R:8].[C&D3&v4&H1&+0&!R&z1:9]-[O&D1&v2&H1&+0&!R:10]>>[C&D3&v4&H0&+0&!R&z1:9]=[O&D1&v2&H0&+0&!R:10].[c&D3&v4&H0&+0&R&z1:1]1:[c&D3&v4&H0&+0&R&z1:2]:[c&D3&v4&H0&+0&R&z1:3](-[O&D1&v2&H1&+0&!R:4]):[c&D3&v4&H0&+0&R&z1:5]:[c&D3&v4&H0&+0&R&z1:6]:[c&D3&v4&H0&+0&R&z1:7]:1-[O&D1&v2&H1&+0&!R:8],112
1584,[C&D3&v4&H1&+0&!R&z1:1](-[O&D1&v2&H1&+0&!R:2])-[C&D3&v4&H0&+0&!R&z2:3]-[O&D1&v2&H1&+0&!R:4]>>[C&D3&v4&H0&+0&!R&z1:1](=[O&D1&v2&H0&+0&!R:2])-[C&D2&v4&H1&+0&!R&z1:3].[O&D0&v2&H2&+0&!R:4],402
1585,[C&D3&v4&H1&+0&!R&z1:1](-[O&D1&v2&H1&+0&!R:2])-[C&D3&v4&H0&+0&!R&z2:3]-[S&D2&v2&H0&+0&!R:4]>>[C&D3&v4&H0&+0&!R&z1:1](=[O&D1&v2&H0&+0&!R:2])-[C&D2&v4&H1&+0&!R&z1:3].[S&D1&v2&H1&+0&!R:4],300
1586,[C&D1&v4&H3&+0&!R&z0:1]-[C&D3&v4&H1&+0&!R&z1:2]-[O&D1&v2&H1&+0&!R:3]>>[C&D1&v4&H2&+0&!R&z0:1]=[C&D2&v4&H1&+0&!R&z0:2].[O&D0&v2&H2&+0&!R:3],451
1587,[C&D3&v4&H1&+0&!R&z1:1](-[O&D1&v2&H1&+0&!R:2])-[C&D3&v4&H1&+0&!R&z0:3]>>[C&D2&v4&H1&+0&!R&z0:1]=[C&D3&v4&H0&+0&!R&z0:3].[O&D0&v2&H2&+0&!R:2],451
1588,[C&D3&v4&H1&+0&!R&z1:1](-[O&D1&v2&H1&+0&!R:2])-[C&D3&v4&H1&+0&!R&z1:3]-[C&D3&v4&H0&+0&!R&z2:4]-[O&D1&v2&H1&+0&!R:5].[c&D3&v4&H0&+0&R&z0:6]1:[c&D2&v4&H1&+0&R&z0:7]:[c&D2&v4&H1&+0&R&z0:8]:[c&D2&v4&H1&+0&R&z1:9]:[n&D3&v4&H0&+&R:10]:[c&D2&v4&H1&+0&R&z1:11]:1>>[C&D3&v4&H0&+0&!R&z1:1](=[O&D1&v2&H0&+0&!R:2])-[C&D2&v4&H2&+0&!R&z1:3].[C&D3&v4&H0&+0&R&z0:6]1=[C&D2&v4&H1&+0&R&z1:11]-[N&D3&v3&H0&+0&R:10]-[C&D2&v4&H1&+0&R&z1:9]=[C&D2&v4&H1&+0&R&z0:8]-[C&D2&v4&H2&+0&R&z0:7]-1.[O&D1&v2&H0&+0&!R:5]=[C&D2&v4&H0&+0&!R&z2:4],544
1589,[C&D3&v4&H1&+0&!R&z1:1](-[O&D1&v2&H1&+0&!R:2])-[C&D3&v4&H1&+0&!R&z1:3].[O&D1&v2&H0&+0&!R:4]=[C&D2&v4&H1&+0&!R&z1:5]>>[C&D2&v4&H1&+0&!R&z1:1]=[O&D1&v2&H0&+0&!R:2].[C&D3&v4&H1&+0&!R&z1:3]-[C&D3&v4&H1&+0&!R&z1:5]-[O&D1&v2&H1&+0&!R:4],837
1590,[C&D3&v4&H1&+0&!R&z1:1](-[O&D1&v2&H1&+0&!R:2])-[C&D3&v4&H1&+0&!R&z1:3]>>[C&D2&v4&H1&+0&!R&z0:1]=[C&D3&v4&H0&+0&!R&z1:3].[O&D0&v2&H2&+0&!R:2],451
1591,[C&D3&v4&H1&+0&!R&z1:1](-[O&D1&v2&H1&+0&!R:2])-[C&D3&v4&H1&+0&!R&z1:3]-[N&D1&v3&H2&+0&!R:4]>>[C&D2&v4&H2&+0&!R&z0:1]-[C&D3&v4&H0&+0&!R&z1:3]=[O&D1&v2&H0&+0&!R:2].[N&D0&v3&H3&+0&!R:4],421
1592,[C&D3&v4&H1&+0&R&z2:1]-[O&D2&v2&H0&+0&!R:2].[S&D1&v2&H1&+0&!R:3]>>[C&D3&v4&H1&+0&R&z2:1]-[S&D2&v2&H0&+0&!R:3].[O&D1&v2&H1&+0&!R:2],849
1593,[C&D3&v4&H1&+0&R&z2:1]-[S&D2&v2&H0&+0&!R:2].[O&D1&v2&H1&+0&!R:3]>>[C&D3&v4&H1&+0&R&z2:1]-[O&D2&v2&H0&+0&!R:3].[S&D1&v2&H1&+0&!R:2],139
1594,([C&D3&v4&H0&+0&!R&z1:1](=[O&D1&v2&H0&+0&!R:2])-[C&D2&v4&H2&+0&!R&z1:3].[O&D1&v2&H1&+0&!R:4])>>[O&D2&v2&H0&+0&R:4]-[C&D3&v4&H1&+0&R&z2:3]-[C&D3&v4&H1&+0&R&z1:1]-[O&D1&v2&H1&+0&!R:2],380
1595,[C&D3&v4&H1&+0&!R&z1:1](-[O&D1&v2&H1&+0&!R:2])-[C&D3&v4&H1&+0&!R&z1:3]-[O&D1&v2&H1&+0&!R:4]>>[C&D2&v4&H2&+0&!R&z0:1]-[C&D3&v4&H0&+0&!R&z1:3]=[O&D1&v2&H0&+0&!R:4].[O&D0&v2&H2&+0&!R:2],402
1596,([C&D3&v4&H0&+0&!R&z2:1]-[O&D1&v2&H1&+0&!R:2].[O&D1&v2&H1&+0&!R:3])>>[O&D0&v2&H2&+0&!R:2].[O&D2&v2&H0&+0&R:3]-[C&D3&v4&H0&+0&R&z2:1],493
1597,[C&D2&v4&H2&+0&!R&z0:1]-[C&D3&v4&H0&+0&!R&z1:2]=[O&D1&v2&H0&+0&!R:3].[O&D0&v2&H2&+0&!R:4]>>[C&D3&v4&H1&+0&!R&z1:1](-[O&D1&v2&H1&+0&!R:4])-[C&D3&v4&H1&+0&!R&z1:2]-[O&D1&v2&H1&+0&!R:3],342
1598,[C&D1&v4&H3&+0&!R&z0:1]-[C&D3&v4&H1&+0&!R&z1:2]-[C&D3&v4&H1&+0&R&z1:3]-[C&D3&v4&H1&+0&R&z1:4]>>[C&D1&v4&H3&+0&!R&z0:1]-[C&D3&v4&H1&+0&R&z1:3]-[C&D3&v4&H1&+0&R&z1:2]-[C&D3&v4&H1&+0&R&z1:4],948
1599,[C&D1&v4&H3&+0&!R&z0:1]-[C&D3&v4&H1&+0&!R&z1:2](-[O&D1&v2&H1&+0&!R:3])-[C&D2&v4&H2&+0&!R&z0:4]-[C&D3&v4&H0&+0&!R&z1:5]=[O&D1&v2&H0&+0&!R:6]>>[C&D1&v4&H2&+0&!R&z0:1]=[C&D2&v4&H1&+0&!R&z0:2]-[C&D2&v4&H1&+0&!R&z0:4]=[C&D3&v4&H0&+0&!R&z1:5]-[O&D1&v2&H1&+0&!R:6].[O&D0&v2&H2&+0&!R:3],840
1600,[C&D3&v4&H1&+0&!R&z1:1]-[O&D1&v2&H1&+0&!R:2].[O&D1&v2&H1&+0&!R:3]>>[O&D0&v2&H2&+0&!R:2].[O&D2&v2&H0&+0&!R:3]-[C&D3&v4&H1&+0&!R&z1:1],517
1601,[C&D3&v4&H1&+0&!R&z1:1]-[C&D2&v4&H2&+0&!R&z0:2]-[C&D3&v4&H0&+0&!R&z2:3]=[O&D1&v2&H0&+0&!R:4]>>[C&D1&v4&H3&+0&!R&z0:2]-[C&D4&v4&H0&+0&!R&z1:1]-[C&D3&v4&H0&+0&!R&z2:3]=[O&D1&v2&H0&+0&!R:4],181
1602,([C&D3&v4&H0&+0&!R&z2:1](=[O&D1&v2&H0&+0&!R:2])-[O&D1&v2&H1&+0&!R:3].[O&D1&v2&H1&+0&!R:4])>>[C&D3&v4&H0&+0&R&z2:1](=[O&D1&v2&H0&+0&!R:2])-[O&D2&v2&H0&+0&R:4].[O&D0&v2&H2&+0&!R:3],493
1603,[C&D3&v4&H1&+0&!R&z1:1](-[O&D1&v2&H1&+0&!R:2])-[C&D2&v4&H2&+0&!R&z1:3]-[O&D1&v2&H1&+0&!R:4]>>[C&D2&v4&H2&+0&!R&z0:1]-[C&D2&v4&H1&+0&!R&z1:3]=[O&D1&v2&H0&+0&!R:4].[O&D0&v2&H2&+0&!R:2],402
1604,([C&D2&v4&H2&+0&!R&z1:1]-[S&D2&v2&H0&+0&!R:2].[O&D1&v2&H1&+0&!R:3])>>[C&D2&v4&H2&+0&R&z1:1]-[O&D2&v2&H0&+0&R:3].[S&D1&v2&H1&+0&!R:2],867
1605,[C&D3&v4&H1&+0&!R&z1:1]-[O&D2&v2&H0&+0&!R:2].[O&D2&v2&H0&+0&!R:3]-[P&D4&v5&H0&+0&!R:4]>>[C&D3&v4&H1&+0&!R&z1:1]-[O&D2&v2&H0&+0&!R:3].[O&D2&v2&H0&+0&!R:2]-[P&D4&v5&H0&+0&!R:4],994
1606,[C&D3&v4&H1&+0&!R&z1:1]-[O&D2&v2&H0&+0&!R:2].[N&D1&v3&H2&+0&!R:3]>>[C&D3&v4&H1&+0&!R&z1:1]-[N&D2&v3&H1&+0&!R:3].[O&D1&v2&H1&+0&!R:2],175
1607,[C&D1&v4&H3&+0&!R&z1:1]-[S&D2&v2&H0&+0&!R:2].[S&D1&v2&H1&+0&!R:3]>>[C&D0&v4&H4&+0&!R&z0:1].[S&D2&v2&H0&+0&!R:3]-[S&D2&v2&H0&+0&!R:2],699
1608,[C&D3&v4&H1&+0&!R&z1:1]-[O&D2&v2&H0&+0&!R:2].[P&D4&v5&H0&+0&!R:3]-[O&D2&v2&H0&+0&!R:4]>>[C&D3&v4&H1&+0&!R&z1:1]-[O&D2&v2&H0&+0&!R:4].[O&D2&v2&H0&+0&!R:2]-[P&D4&v5&H0&+0&!R:3],994
1609,[C&D3&v4&H0&+0&!R&z1:1]-[C&D3&v4&H0&+0&!R&z2:2]-[O&D1&v2&H1&+0&!R:3].[C&D3&v4&H1&+0&!R&z1:4]-[O&D2&v2&H0&+0&!R:5].[O&D1&v2&H0&+0&!R:6]=[O&D1&v2&H0&+0&!R:7]>>[C&D3&v4&H0&+0&!R&z1:4]=[O&D1&v2&H0&+0&!R:7].[C&D3&v4&H0&+0&!R&z2:1]-[O&D1&v2&H1&+0&!R:6].[O&D1&v2&H0&+0&!R:3]=[C&D2&v4&H0&+0&!R&z2:2].[O&D1&v2&H1&+0&!R:5],165
1610,[C&D4&v4&H0&+0&!R&z1:1]-[O&D1&v2&H1&+0&!R:2].[P&D4&v5&H0&+0&!R:3]-[O&D1&v2&H1&+0&!R:4].[P&D4&v5&H0&+0&!R:5]-[O&D1&v2&H1&+0&!R:6]>>[C&D4&v4&H0&+0&!R&z1:1]-[O&D1&v2&H1&+0&!R:6].[O&D0&v2&H2&+0&!R:2].[P&D4&v5&H0&+0&!R:3]-[O&D2&v2&H0&+0&!R:4]-[P&D4&v5&H0&+0&!R:5],607
1611,[C&D4&v4&H0&+0&!R&z1:1]-[O&D1&v2&H1&+0&!R:2].[O&D0&v2&H2&+0&!R:3].[P&D4&v5&H0&+0&!R:4]-[O&D2&v2&H0&+0&!R:5]>>[C&D4&v4&H0&+0&!R&z1:1]-[O&D1&v2&H1&+0&!R:3].[O&D1&v2&H1&+0&!R:5].[P&D4&v5&H0&+0&!R:4]-[O&D1&v2&H1&+0&!R:2],228
1612,[C&D4&v4&H0&+0&R&z1:1](-[N&D2&v3&H1&+0&R:2])-[c&D3&v4&H0&+0&R&z0:3].[O&D0&v2&H2&+0&!R:4]>>[C&D3&v4&H0&+0&!R&z1:1]=[O&D1&v2&H0&+0&!R:4].([N&D1&v3&H2&+0&!R:2].[c&D2&v4&H1&+0&R&z0:3]),853
1613,[C&D3&v4&H0&+0&R&z1:1]=[N&D1&v3&H1&+0&!R:2].[O&D0&v2&H2&+0&!R:3]>>[C&D3&v4&H0&+0&R&z1:1]=[O&D1&v2&H0&+0&!R:3].[N&D0&v3&H3&+0&!R:2],195
1614,[C&D3&v4&H0&+0&R&z1:1]=[N&D1&v3&H1&+0&!R:2].[O&D1&v2&H1&+0&!R:3]-[O&D1&v2&H1&+0&!R:4]>>[C&D3&v4&H1&+0&R&z1:1]-[N&D1&v3&H2&+0&!R:2].[O&D1&v2&H0&+0&!R:3]=[O&D1&v2&H0&+0&!R:4],680
1615,[C&D3&v4&H0&+0&R&z1:1]=[O&D1&v2&H0&+0&!R:2].[N&D0&v3&H3&+0&!R:3].[O&D1&v2&H1&+0&!R:4]-[O&D1&v2&H1&+0&!R:5]>>[C&D3&v4&H1&+0&R&z1:1]-[N&D1&v3&H2&+0&!R:3].[O&D0&v2&H2&+0&!R:2].[O&D1&v2&H0&+0&!R:4]=[O&D1&v2&H0&+0&!R:5],294
1616,[C&D3&v4&H0&+0&R&z1:1]=[O&D1&v2&H0&+0&!R:2].[N&D0&v3&H3&+0&!R:3]>>[C&D3&v4&H0&+0&R&z1:1]=[N&D1&v3&H1&+0&!R:3].[O&D0&v2&H2&+0&!R:2],293
1617,[C&D3&v4&H1&+0&R&z1:1]-[N&D1&v3&H2&+0&!R:2].[O&D0&v2&H2&+0&!R:3].[O&D1&v2&H0&+0&!R:4]=[O&D1&v2&H0&+0&!R:5]>>[C&D3&v4&H0&+0&R&z1:1]=[O&D1&v2&H0&+0&!R:3].[N&D0&v3&H3&+0&!R:2].[O&D1&v2&H1&+0&!R:4]-[O&D1&v2&H1&+0&!R:5],792
1618,[C&D3&v4&H1&+0&R&z1:1]-[N&D1&v3&H2&+0&!R:2].[O&D1&v2&H0&+0&!R:3]=[O&D1&v2&H0&+0&!R:4]>>[C&D3&v4&H0&+0&R&z1:1]=[N&D1&v3&H1&+0&!R:2].[O&D1&v2&H1&+0&!R:3]-[O&D1&v2&H1&+0&!R:4],670
1619,[C&D3&v4&H1&+0&R&z1:1]1-[O&D2&v2&H0&+0&R:2]-[C&D4&v4&H0&+0&R&z1:3]-1.[O&D0&v2&H2&+0&!R:4].[c&D3&v4&H0&+0&R&z0:5]1:[c&D2&v4&H1&+0&R&z0:6]:[c&D2&v4&H1&+0&R&z0:7]:[c&D2&v4&H1&+0&R&z1:8]:[n&D3&v4&H0&+&R:9]:[c&D2&v4&H1&+0&R&z1:10]:1>>[C&D3&v4&H0&+0&R&z0:5]1=[C&D2&v4&H1&+0&R&z1:10]-[N&D3&v3&H0&+0&R:9]-[C&D2&v4&H1&+0&R&z1:8]=[C&D2&v4&H1&+0&R&z0:7]-[C&D2&v4&H2&+0&R&z0:6]-1.[C&D3&v4&H0&+0&R&z0:3]=[C&D2&v4&H1&+0&R&z0:1].[O&D1&v2&H0&+0&!R:4]=[O&D1&v2&H0&+0&!R:2],459
1620,[C&D4&v4&H0&+0&R&z0:1]1-[C&D3&v4&H1&+0&R&z0:2]-[C&D2&v4&H2&+0&R&z0:3]-[C&D3&v4&H1&+0&R&z1:4](-[C&D4&v4&H0&+0&R&z0:5]-1)-[O&D2&v2&H0&+0&!R:6]-[P&D4&v5&H0&+0&!R:7]-[O&D1&v2&H1&+0&!R:8]>>([C&D3&v4&H0&+0&!R&z0:1]=[C&D2&v4&H1&+0&!R&z0:2].[C&D3&v4&H0&+0&!R&z0:5]=[C&D2&v4&H1&+0&!R&z0:4]-[C&D2&v4&H2&+0&!R&z1:3]-[O&D2&v2&H0&+0&!R:8]-[P&D4&v5&H0&+0&!R:7]-[O&D1&v2&H1&+0&!R:6]),546
1621,[C&D3&v4&H0&+0&R&z0:1]1=[C&D2&v4&H1&+0&R&z1:2]-[N&D3&v3&H0&+0&R:3]-[C&D2&v4&H1&+0&R&z1:4]=[C&D2&v4&H1&+0&R&z0:5]-[C&D2&v4&H2&+0&R&z0:6]-1.[C&D3&v4&H0&+0&R&z1:7]-[C&D3&v4&H1&+0&R&z1:8].[O&D1&v2&H0&+0&!R:9]=[O&D1&v2&H0&+0&!R:10]>>[C&D3&v4&H0&+0&R&z2:7]-[O&D2&v2&H0&+0&R:10]-[C&D3&v4&H1&+0&R&z2:8].[O&D0&v2&H2&+0&!R:9].[c&D3&v4&H0&+0&R&z0:1]1:[c&D2&v4&H1&+0&R&z0:6]:[c&D2&v4&H1&+0&R&z0:5]:[c&D2&v4&H1&+0&R&z1:4]:[n&D3&v4&H0&+&R:3]:[c&D2&v4&H1&+0&R&z1:2]:1,604
1622,[C&D3&v4&H0&+0&R&z2:1]-[O&D2&v2&H0&+0&R:2]-[C&D3&v4&H1&+0&R&z2:3].[O&D0&v2&H2&+0&!R:4].[c&D3&v4&H0&+0&R&z0:5]1:[c&D2&v4&H1&+0&R&z0:6]:[c&D2&v4&H1&+0&R&z0:7]:[c&D2&v4&H1&+0&R&z1:8]:[n&D3&v4&H0&+&R:9]:[c&D2&v4&H1&+0&R&z1:10]:1>>[C&D3&v4&H0&+0&R&z0:5]1=[C&D2&v4&H1&+0&R&z1:10]-[N&D3&v3&H0&+0&R:9]-[C&D2&v4&H1&+0&R&z1:8]=[C&D2&v4&H1&+0&R&z0:7]-[C&D2&v4&H2&+0&R&z0:6]-1.[C&D3&v4&H0&+0&R&z1:1]-[C&D3&v4&H1&+0&R&z1:3].[O&D1&v2&H0&+0&!R:4]=[O&D1&v2&H0&+0&!R:2],550
1623,[C&D3&v4&H0&+0&!R&z2:1]-[O&D1&v2&H1&+0&!R:2].[C&D4&v4&H0&+0&R&z1:3]1-[C&D2&v4&H2&+0&R&z1:4]-[O&D2&v2&H0&+0&R:5]-1.[O&D1&v2&H0&+0&!R:6]=[C&D2&v4&H0&+0&!R&z2:7]>>[C&D1&v4&H2&+0&!R&z0:4]=[C&D3&v4&H0&+0&R&z0:3].[C&D3&v4&H0&+0&!R&z1:1]-[C&D3&v4&H0&+0&!R&z2:7]-[O&D1&v2&H1&+0&!R:6].[O&D1&v2&H0&+0&!R:2]=[O&D1&v2&H0&+0&!R:5],203
1624,[C&D3&v4&H0&+0&R&z0:1]1=[C&D2&v4&H1&+0&R&z1:2]-[N&D3&v3&H0&+0&R:3]-[C&D2&v4&H1&+0&R&z1:4]=[C&D2&v4&H1&+0&R&z0:5]-[C&D2&v4&H2&+0&R&z0:6]-1.[N&D2&v3&H0&+0&R:7]=[C&D3&v4&H0&+0&R&z1:8]>>[N&D2&v3&H1&+0&R:7]-[C&D3&v4&H1&+0&R&z1:8].[c&D3&v4&H0&+0&R&z0:1]1:[c&D2&v4&H1&+0&R&z0:6]:[c&D2&v4&H1&+0&R&z0:5]:[c&D2&v4&H1&+0&R&z1:4]:[n&D3&v4&H0&+&R:3]:[c&D2&v4&H1&+0&R&z1:2]:1,688
1625,[N&D2&v3&H0&+0&R:1]=[C&D3&v4&H0&+0&R&z1:2].[O&D0&v2&H2&+0&!R:3]>>([C&D3&v4&H0&+0&!R&z1:2]=[O&D1&v2&H0&+0&!R:3].[N&D1&v3&H2&+0&!R:1]),499
1626,[C&D3&v4&H0&+0&!R&z2:1]-[O&D1&v2&H1&+0&!R:2].[O&D1&v2&H1&+0&!R:3].[P&D4&v5&H0&+0&!R:4]-[O&D2&v2&H0&+0&!R:5]-[P&D4&v5&H0&+0&!R:6]>>[O&D2&v2&H0&+0&!R:3]-[C&D3&v4&H0&+0&!R&z2:1].[P&D4&v5&H0&+0&!R:6]-[O&D1&v2&H1&+0&!R:5].[P&D4&v5&H0&+0&!R:4]-[O&D1&v2&H1&+0&!R:2],228
1627,[N&D2&v3&H1&+0&R:1]-[C&D3&v4&H1&+0&R&z1:2].[c&D3&v4&H0&+0&R&z0:3]1:[c&D2&v4&H1&+0&R&z0:4]:[c&D2&v4&H1&+0&R&z0:5]:[c&D2&v4&H1&+0&R&z1:6]:[n&D3&v4&H0&+&R:7]:[c&D2&v4&H1&+0&R&z1:8]:1>>[C&D3&v4&H0&+0&R&z0:3]1=[C&D2&v4&H1&+0&R&z1:8]-[N&D3&v3&H0&+0&R:7]-[C&D2&v4&H1&+0&R&z1:6]=[C&D2&v4&H1&+0&R&z0:5]-[C&D2&v4&H2&+0&R&z0:4]-1.[N&D2&v3&H0&+0&R:1]=[C&D3&v4&H0&+0&R&z1:2],904
1628,[C&D4&v4&H0&+0&R&z0:1](-[C&D2&v4&H2&+0&R&z0:2])-[C&D3&v4&H1&+0&R&z0:3]-[C&D4&v4&H0&+0&R&z0:4]-[C&D3&v4&H1&+0&R&z0:5]-[C&D4&v4&H0&+0&R&z0:6]-[C&D3&v4&H1&+0&R&z0:7]-[C&D4&v4&H0&+0&R&z0:8]-[C&D3&v4&H1&+0&R&z0:9]-[C&D4&v4&H0&+0&R&z1:10]-[O&D1&v2&H1&+0&!R:11]>>([C&D3&v4&H0&+0&!R&z0:1]=[C&D2&v4&H1&+0&!R&z0:3].[C&D3&v4&H0&+0&!R&z0:6]=[C&D2&v4&H1&+0&!R&z0:7].[C&D3&v4&H0&+0&!R&z0:10]=[C&D2&v4&H1&+0&!R&z0:2].[C&D3&v4&H0&+0&!R&z0:4]=[C&D2&v4&H1&+0&!R&z0:5].[C&D3&v4&H0&+0&!R&z0:8]=[C&D2&v4&H1&+0&!R&z0:9]).[O&D0&v2&H2&+0&!R:11],189
1629,[C&D4&v4&H0&+0&R&z0:1](-[C&D2&v4&H2&+0&R&z0:2])-[C&D3&v4&H1&+0&R&z0:3]-[C&D4&v4&H0&+0&R&z0:4]-[C&D3&v4&H1&+0&R&z0:5]-[C&D4&v4&H0&+0&R&z0:6]-[C&D4&v4&H0&+0&R&z0:7]-[C&D3&v4&H1&+0&R&z0:8]-[C&D4&v4&H0&+0&R&z0:9]-[C&D3&v4&H1&+0&R&z0:10]-[C&D4&v4&H0&+0&R&z0:11]-[C&D3&v4&H1&+0&R&z1:12]-[O&D1&v2&H1&+0&!R:13]>>([C&D2&v4&H1&+0&!R&z0:8]=[C&D3&v4&H0&+0&!R&z0:7].[C&D2&v4&H1&+0&!R&z0:10]=[C&D3&v4&H0&+0&!R&z0:9].[C&D2&v4&H1&+0&!R&z0:12]=[C&D3&v4&H0&+0&!R&z0:11].[C&D3&v4&H0&+0&!R&z0:1]=[C&D2&v4&H1&+0&!R&z0:2].[C&D3&v4&H0&+0&!R&z0:4]=[C&D2&v4&H1&+0&!R&z0:3].[C&D3&v4&H0&+0&!R&z0:6]=[C&D2&v4&H1&+0&!R&z0:5]).[O&D0&v2&H2&+0&!R:13],118
1630,[C&D4&v4&H0&+0&R&z0:1]1-[C&D2&v4&H2&+0&R&z0:2]-[C&D3&v4&H1&+0&R&z0:3]-[C&D4&v4&H0&+0&R&z1:4](-[C&D1&v4&H3&+0&!R&z0:5])(-[O&D1&v2&H1&+0&!R:6])-[C&D2&v4&H2&+0&R&z0:7]-1.[O&D1&v2&H1&+0&!R:8]>>([C&D1&v4&H2&+0&!R&z0:7]=[C&D3&v4&H0&+0&R&z0:1].[C&D3&v4&H0&+0&!R&z0:3](-[C&D1&v4&H3&+0&!R&z0:2])=[C&D2&v4&H1&+0&!R&z0:4]-[C&D2&v4&H2&+0&!R&z1:5]-[O&D2&v2&H0&+0&!R:8]).[O&D0&v2&H2&+0&!R:6],38
1631,[C&D4&v4&H0&+0&R&z0:1]1-[C&D2&v4&H2&+0&R&z0:2]-[C&D3&v4&H1&+0&R&z0:3]2-[C&D3&v4&H1&+0&R&z0:4]-[C&D4&v4&H0&+0&R&z0:5]-2-[C&D2&v4&H2&+0&R&z0:6]-1.[O&D1&v2&H1&+0&!R:7]>>([C&D1&v4&H2&+0&!R&z0:6]=[C&D3&v4&H0&+0&R&z0:1].[C&D2&v4&H2&+0&!R&z0:4]-[C&D3&v4&H0&+0&!R&z0:5]=[C&D2&v4&H1&+0&!R&z0:3]-[C&D2&v4&H2&+0&!R&z1:2]-[O&D2&v2&H0&+0&!R:7]),1010
1632,[C&D2&v4&H1&+0&!R&z1:1]-[O&D1&v2&H1&+0&!R:2].[O&D1&v2&H1&+0&!R:3]>>[O&D0&v2&H2&+0&!R:2].[O&D2&v2&H0&+0&!R:3]-[C&D2&v4&H1&+0&!R&z1:1],517
1633,[N&D1&v3&H2&+0&!R:1].[O&D1&v2&H0&+0&!R:2]=[C&D2&v4&H0&+0&!R&z2:3].[c&D3&v4&H0&+0&R&z1:4]-[O&D1&v2&H1&+0&!R:5]>>[N&D2&v3&H1&+0&!R:1]-[C&D3&v4&H0&+0&!R&z3:3]-[O&D2&v2&H0&+0&!R:2]-[c&D3&v4&H0&+0&R&z1:4].[O&D0&v2&H2&+0&!R:5],1026
1634,[C&D1&v4&H3&+0&!R&z0:1]-[C&D4&v4&H0&+0&R&z1:2](-[S&D2&v2&H0&+0&R:3])-[C&D3&v4&H1&+0&R&z1:4].[C&D3&v4&H0&+0&!R&z1:5](=[O&D1&v2&H0&+0&!R:6])-[C&D3&v4&H0&+0&!R&z2:7]-[O&D1&v2&H1&+0&!R:8].[O&D1&v2&H0&+0&!R:9]=[O&D1&v2&H0&+0&!R:10]>>[C&D3&v4&H0&+0&R&z0:2](=[C&D3&v4&H0&+0&R&z1:4])-[C&D2&v4&H2&+0&R&z1:1]-[S&D2&v2&H0&+0&R:3].[O&D0&v2&H2&+0&!R:10].[O&D1&v2&H0&+0&!R:8]=[C&D2&v4&H0&+0&!R&z2:7].[O&D1&v2&H0&+0&!R:6]=[C&D3&v4&H0&+0&!R&z2:5]-[O&D1&v2&H1&+0&!R:9],957
1635,[C&D1&v4&H3&+0&!R&z1:1]-[S&D3&v3&H0&+&!R:2].[C&D2&v4&H1&+0&R&z0:3]>>[C&D1&v4&H3&+0&!R&z0:1]-[C&D3&v4&H0&+0&R&z0:3].[S&D2&v2&H0&+0&!R:2],588
1636,[C&D4&v4&H0&+0&R&z1:1](-[O&D1&v2&H1&+0&!R:2])-[C&D4&v4&H0&+0&R&z2:3]-[O&D2&v2&H0&+0&R:4].[O&D0&v2&H2&+0&!R:5].[c&D3&v4&H0&+0&R&z0:6]1:[c&D2&v4&H1&+0&R&z0:7]:[c&D2&v4&H1&+0&R&z0:8]:[c&D2&v4&H1&+0&R&z1:9]:[n&D3&v4&H0&+&R:10]:[c&D2&v4&H1&+0&R&z1:11]:1>>[C&D3&v4&H0&+0&R&z0:6]1=[C&D2&v4&H1&+0&R&z1:11]-[N&D3&v3&H0&+0&R:10]-[C&D2&v4&H1&+0&R&z1:9]=[C&D2&v4&H1&+0&R&z0:8]-[C&D2&v4&H2&+0&R&z0:7]-1.([C&D3&v4&H0&+0&R&z0:1]=[C&D3&v4&H0&+0&R&z1:3].[O&D1&v2&H1&+0&!R:4]).[O&D1&v2&H0&+0&!R:5]=[O&D1&v2&H0&+0&!R:2],927
1637,[C&D1&v4&H3&+0&!R&z0:1]-[C&D4&v4&H0&+0&R&z1:2]-[C&D2&v4&H1&+0&R&z0:3]>>[C&D1&v4&H3&+0&!R&z0:1]-[C&D3&v4&H0&+0&R&z0:3]-[C&D3&v4&H1&+0&R&z1:2],181
1638,[C&D4&v4&H0&+0&R&z2:1](-[O&D1&v2&H1&+0&!R:2])-[O&D2&v2&H0&+0&R:3]-[C&D2&v4&H2&+0&R&z1:4]>>([C&D2&v4&H2&+0&!R&z1:4]-[O&D1&v2&H1&+0&!R:2].[C&D3&v4&H0&+0&!R&z1:1]=[O&D1&v2&H0&+0&!R:3]),35
1639,[C&D2&v4&H1&+0&R&z0:1]=[C&D2&v4&H1&+0&R&z0:2].[O&D0&v2&H2&+0&!R:3]>>[C&D2&v4&H2&+0&R&z0:2]-[C&D3&v4&H1&+0&R&z1:1]-[O&D1&v2&H1&+0&!R:3],703
1640,[C&D4&v4&H0&+0&R&z1:1](-[C&D2&v4&H2&+0&R&z0:2])-[O&D2&v2&H0&+0&R:3]>>([C&D3&v4&H0&+0&R&z0:1]=[C&D2&v4&H1&+0&R&z0:2].[O&D1&v2&H1&+0&!R:3]),1005
1641,[C&D3&v4&H1&+0&R&z0:1]-[C&D2&v4&H2&+0&R&z0:2].[c&D3&v4&H0&+0&R&z0:3]1:[c&D2&v4&H1&+0&R&z0:4]:[c&D2&v4&H1&+0&R&z0:5]:[c&D2&v4&H1&+0&R&z1:6]:[n&D3&v4&H0&+&R:7]:[c&D2&v4&H1&+0&R&z1:8]:1>>[C&D2&v4&H1&+0&R&z0:2]=[C&D3&v4&H0&+0&R&z0:1].[C&D3&v4&H0&+0&R&z0:3]1=[C&D2&v4&H1&+0&R&z1:8]-[N&D3&v3&H0&+0&R:7]-[C&D2&v4&H1&+0&R&z1:6]=[C&D2&v4&H1&+0&R&z0:5]-[C&D2&v4&H2&+0&R&z0:4]-1,663
1642,[C&D3&v4&H0&+0&R&z0:1]1=[C&D2&v4&H1&+0&R&z1:2]-[N&D3&v3&H0&+0&R:3]-[C&D2&v4&H1&+0&R&z1:4]=[C&D2&v4&H1&+0&R&z0:5]-[C&D2&v4&H2&+0&R&z0:6]-1.[C&D3&v4&H0&+0&R&z1:7]=[C&D3&v4&H0&+0&R&z0:8]>>[C&D3&v4&H1&+0&R&z1:7]-[C&D3&v4&H1&+0&R&z0:8].[c&D3&v4&H0&+0&R&z0:1]1:[c&D2&v4&H1&+0&R&z0:6]:[c&D2&v4&H1&+0&R&z0:5]:[c&D2&v4&H1&+0&R&z1:4]:[n&D3&v4&H0&+&R:3]:[c&D2&v4&H1&+0&R&z1:2]:1,515
1643,[C&D3&v4&H1&+0&R&z1:1]-[C&D3&v4&H1&+0&R&z0:2].[c&D3&v4&H0&+0&R&z0:3]1:[c&D2&v4&H1&+0&R&z0:4]:[c&D2&v4&H1&+0&R&z0:5]:[c&D2&v4&H1&+0&R&z1:6]:[n&D3&v4&H0&+&R:7]:[c&D2&v4&H1&+0&R&z1:8]:1>>[C&D3&v4&H0&+0&R&z0:3]1=[C&D2&v4&H1&+0&R&z1:8]-[N&D3&v3&H0&+0&R:7]-[C&D2&v4&H1&+0&R&z1:6]=[C&D2&v4&H1&+0&R&z0:5]-[C&D2&v4&H2&+0&R&z0:4]-1.[C&D3&v4&H0&+0&R&z1:1]=[C&D3&v4&H0&+0&R&z0:2],663
1644,[C&D4&v4&H0&+0&R&z0:1]-[C&D3&v4&H0&+0&R&z1:2]=[O&D1&v2&H0&+0&!R:3].[O&D0&v2&H2&+0&!R:4]>>([C&D3&v4&H0&+0&!R&z2:2](=[O&D1&v2&H0&+0&!R:3])-[O&D1&v2&H1&+0&!R:4].[C&D3&v4&H1&+0&R&z0:1]),649
1645,[C&D2&v4&H1&+0&!R&z0:1].[C&D3&v4&H0&+0&!R&z2:2](=[O&D1&v2&H0&+0&!R:3])-[O&D1&v2&H1&+0&!R:4]>>[C&D3&v4&H0&+0&!R&z0:1]-[C&D3&v4&H0&+0&!R&z1:2]=[O&D1&v2&H0&+0&!R:3].[O&D0&v2&H2&+0&!R:4],355
1646,[C&D2&v4&H1&+0&R&z0:1]=[C&D3&v4&H0&+0&R&z0:2].[C&D3&v4&H0&+0&R&z0:3]1=[C&D2&v4&H1&+0&R&z1:4]-[N&D3&v3&H0&+0&R:5]-[C&D2&v4&H1&+0&R&z1:6]=[C&D2&v4&H1&+0&R&z0:7]-[C&D2&v4&H2&+0&R&z0:8]-1>>[C&D3&v4&H1&+0&R&z0:2]-[C&D2&v4&H2&+0&R&z0:1].[c&D3&v4&H0&+0&R&z0:3]1:[c&D2&v4&H1&+0&R&z0:8]:[c&D2&v4&H1&+0&R&z0:7]:[c&D2&v4&H1&+0&R&z1:6]:[n&D3&v4&H0&+&R:5]:[c&D2&v4&H1&+0&R&z1:4]:1,515
1647,([C&D2&v4&H1&+0&!R&z1:1]=[O&D1&v2&H0&+0&!R:2].[C&D3&v4&H1&+0&R&z1:3]-[O&D1&v2&H1&+0&!R:4])>>[C&D3&v4&H1&+0&R&z1:3]-[O&D2&v2&H0&+0&R:2]-[C&D3&v4&H1&+0&R&z2:1]-[O&D1&v2&H1&+0&!R:4],173
1648,[C&D3&v4&H1&+0&R&z1:1]-[O&D2&v2&H0&+0&R:2]-[C&D3&v4&H1&+0&R&z2:3]-[O&D1&v2&H1&+0&!R:4]>>([C&D2&v4&H1&+0&!R&z1:3]=[O&D1&v2&H0&+0&!R:2].[C&D3&v4&H1&+0&R&z1:1]-[O&D1&v2&H1&+0&!R:4]),35
1649,[C&D3&v4&H0&+0&!R&z1:1](=[O&D1&v2&H0&+0&!R:2])-[C&D2&v4&H2&+0&!R&z1:3]-[O&D1&v2&H1&+0&!R:4]>>[C&D3&v4&H1&+0&!R&z1:1](-[O&D1&v2&H1&+0&!R:2])-[C&D2&v4&H1&+0&!R&z1:3]=[O&D1&v2&H0&+0&!R:4],693
1650,[C&D3&v4&H1&+0&!R&z1:1](-[O&D1&v2&H1&+0&!R:2])-[C&D2&v4&H1&+0&!R&z1:3]=[O&D1&v2&H0&+0&!R:4]>>[C&D3&v4&H0&+0&!R&z1:1](=[O&D1&v2&H0&+0&!R:2])-[C&D2&v4&H2&+0&!R&z1:3]-[O&D1&v2&H1&+0&!R:4],693
1651,[C&D4&v4&H0&+0&R&z1:1]1-[C&D2&v4&H2&+0&R&z0:2]-[C&D2&v4&H2&+0&R&z0:3]-[C&D3&v4&H1&+0&R&z0:4]-[C&D4&v4&H0&+0&R&z1:5]-[O&D2&v2&H0&+0&R:6]-1.[O&D1&v2&H1&+0&!R:7]>>([C&D3&v4&H0&+0&!R&z0:5]=[C&D2&v4&H1&+0&!R&z0:4].[C&D3&v4&H0&+0&!R&z0:1]=[C&D2&v4&H1&+0&!R&z0:2]-[C&D2&v4&H2&+0&!R&z1:3]-[O&D2&v2&H0&+0&!R:7]).[O&D0&v2&H2&+0&!R:6],618
1652,[C&D3&v4&H0&+0&R&z0:1](=[C&D2&v4&H1&+0&!R&z0:2]-[C&D2&v4&H1&+0&!R&z0:3]=[C&D3&v4&H0&+0&!R&z1:4]-[C&D3&v4&H0&+0&!R&z2:5]=[O&D1&v2&H0&+0&!R:6])-[C&D3&v4&H0&+0&R&z1:7]=[O&D1&v2&H0&+0&!R:8]>>[O&D1&v2&H0&+0&!R:6]=[O&D1&v2&H0&+0&!R:8].[c&D3&v4&H0&+0&R&z0:1]1:[c&D2&v4&H1&+0&R&z0:2]:[c&D2&v4&H1&+0&R&z0:3]:[c&D3&v4&H0&+0&R&z1:4]:[c&D3&v4&H0&+0&R&z1:5]:[c&D3&v4&H0&+0&R&z0:7]:1,582
1653,[C&D4&v4&H0&+0&R&z1:1]-[O&D2&v2&H0&+0&R:2]-[C&D3&v4&H0&+0&R&z2:3].[O&D0&v2&H2&+0&!R:4].[c&D3&v4&H0&+0&R&z0:5]1:[c&D2&v4&H1&+0&R&z0:6]:[c&D2&v4&H1&+0&R&z0:7]:[c&D2&v4&H1&+0&R&z1:8]:[n&D3&v4&H0&+&R:9]:[c&D2&v4&H1&+0&R&z1:10]:1>>[C&D3&v4&H0&+0&R&z0:5]1=[C&D2&v4&H1&+0&R&z1:10]-[N&D3&v3&H0&+0&R:9]-[C&D2&v4&H1&+0&R&z1:8]=[C&D2&v4&H1&+0&R&z0:7]-[C&D2&v4&H2&+0&R&z0:6]-1.[C&D4&v4&H0&+0&R&z0:1]-[C&D3&v4&H0&+0&R&z1:3].[O&D1&v2&H0&+0&!R:4]=[O&D1&v2&H0&+0&!R:2],550
1654,[C&D2&v4&H2&+0&!R&z0:1].[C&D3&v4&H0&+0&R&z1:2]=[O&D1&v2&H0&+0&!R:3]>>[C&D3&v4&H1&+0&!R&z0:1]-[C&D4&v4&H0&+0&R&z1:2]-[O&D1&v2&H1&+0&!R:3],439
1655,[C&D3&v4&H0&+0&R&z0:1]1=[C&D2&v4&H1&+0&R&z1:2]-[N&D3&v3&H0&+0&R:3]-[C&D2&v4&H1&+0&R&z1:4]=[C&D2&v4&H1&+0&R&z0:5]-[C&D2&v4&H2&+0&R&z0:6]-1.[C&D4&v4&H0&+0&R&z0:7]-[C&D3&v4&H0&+0&R&z1:8].[O&D1&v2&H0&+0&!R:9]=[O&D1&v2&H0&+0&!R:10]>>[C&D4&v4&H0&+0&R&z1:7]-[O&D2&v2&H0&+0&R:10]-[C&D3&v4&H0&+0&R&z2:8].[O&D0&v2&H2&+0&!R:9].[c&D3&v4&H0&+0&R&z0:1]1:[c&D2&v4&H1&+0&R&z0:6]:[c&D2&v4&H1&+0&R&z0:5]:[c&D2&v4&H1&+0&R&z1:4]:[n&D3&v4&H0&+&R:3]:[c&D2&v4&H1&+0&R&z1:2]:1,604
1656,[C&D2&v4&H2&+0&R&z0:1]-[C&D3&v4&H1&+0&R&z1:2]-[O&D1&v2&H1&+0&!R:3]>>[C&D2&v4&H1&+0&R&z0:2]=[C&D2&v4&H1&+0&R&z0:1].[O&D0&v2&H2&+0&!R:3],451
1657,[O&D1&v2&H0&+0&!R:1]=[O&D1&v2&H0&+0&!R:2].[c&D3&v4&H0&+0&R&z0:3]1:[c&D2&v4&H1&+0&R&z0:4]:[c&D2&v4&H1&+0&R&z0:5]:[c&D3&v4&H0&+0&R&z1:6]:[c&D3&v4&H0&+0&R&z1:7]:[c&D3&v4&H0&+0&R&z0:8]:1>>[C&D3&v4&H0&+0&R&z0:3](=[C&D2&v4&H1&+0&!R&z0:4]-[C&D2&v4&H1&+0&!R&z0:5]=[C&D3&v4&H0&+0&!R&z1:6]-[C&D3&v4&H0&+0&!R&z2:7]=[O&D1&v2&H0&+0&!R:1])-[C&D3&v4&H0&+0&R&z1:8]=[O&D1&v2&H0&+0&!R:2],348
1658,[P&D4&v5&H0&+0&!R:1]-[O&D1&v2&H1&+0&!R:2].[P&D4&v5&H0&+0&!R:3]-[O&D1&v2&H1&+0&!R:4].[c&D3&v4&H0&+0&R&z1:5]-[O&D1&v2&H1&+0&!R:6]>>[O&D0&v2&H2&+0&!R:6].[P&D4&v5&H0&+0&!R:1]-[O&D2&v2&H0&+0&!R:2]-[P&D4&v5&H0&+0&!R:3].[c&D3&v4&H0&+0&R&z1:5]-[O&D1&v2&H1&+0&!R:4],607
1659,[O&D0&v2&H2&+0&!R:1].[P&D4&v5&H0&+0&!R:2]-[O&D2&v2&H0&+0&!R:3].[c&D3&v4&H0&+0&R&z1:4]-[O&D1&v2&H1&+0&!R:5]>>[O&D1&v2&H1&+0&!R:3].[P&D4&v5&H0&+0&!R:2]-[O&D1&v2&H1&+0&!R:5].[c&D3&v4&H0&+0&R&z1:4]-[O&D1&v2&H1&+0&!R:1],228
1660,[C&D4&v4&H0&+0&R&z0:1](-[C&D2&v4&H2&+0&R&z0:2])-[C&D2&v4&H2&+0&R&z0:3]-[C&D4&v4&H0&+0&R&z1:4]-[O&D1&v2&H1&+0&!R:5]>>([C&D1&v4&H2&+0&!R&z0:3]=[C&D3&v4&H0&+0&R&z0:4].[C&D2&v4&H1&+0&R&z0:2]=[C&D3&v4&H0&+0&R&z0:1]).[O&D0&v2&H2&+0&!R:5],774
1661,[C&D3&v4&H0&+0&!R&z2:1]-[O&D1&v2&H1&+0&!R:2].[C&D3&v4&H0&+0&R&z0:3](=[C&D3&v4&H0&+0&R&z1:4])-[C&D2&v4&H2&+0&R&z1:5]-[S&D2&v2&H0&+0&R:6].[O&D0&v2&H2&+0&!R:7].[O&D1&v2&H0&+0&!R:8]=[C&D2&v4&H0&+0&!R&z2:9]>>[C&D1&v4&H3&+0&!R&z0:5]-[C&D4&v4&H0&+0&R&z1:3](-[S&D2&v2&H0&+0&R:6])-[C&D3&v4&H1&+0&R&z1:4].[C&D3&v4&H0&+0&!R&z1:1]-[C&D3&v4&H0&+0&!R&z2:9]-[O&D1&v2&H1&+0&!R:8].[O&D1&v2&H0&+0&!R:2]=[O&D1&v2&H0&+0&!R:7],235
1662,[C&D1&v4&H3&+0&!R&z0:1]-[C&D3&v4&H0&+0&R&z0:2]=[C&D3&v4&H0&+0&R&z0:3]-[C&D2&v4&H1&+0&!R&z0:4]=[C&D2&v4&H1&+0&!R&z0:5]-[C&D3&v4&H0&+0&R&z0:6]=[C&D2&v4&H1&+0&R&z0:7]>>[C&D1&v4&H2&+0&!R&z0:1]=[C&D3&v4&H0&+0&R&z0:2]-[C&D3&v4&H0&+0&R&z0:3]=[C&D2&v4&H1&+0&!R&z0:4]-[C&D2&v4&H1&+0&!R&z0:5]=[C&D3&v4&H0&+0&R&z0:6]-[C&D2&v4&H2&+0&R&z0:7],49
1663,[C&D3&v4&H1&+0&R&z1:1]-[C&D1&v4&H3&+0&!R&z0:2].[c&D3&v4&H0&+0&R&z0:3]1:[c&D2&v4&H1&+0&R&z0:4]:[c&D2&v4&H1&+0&R&z0:5]:[c&D2&v4&H1&+0&R&z1:6]:[n&D3&v4&H0&+&R:7]:[c&D2&v4&H1&+0&R&z1:8]:1>>[C&D1&v4&H2&+0&!R&z0:2]=[C&D3&v4&H0&+0&R&z1:1].[C&D3&v4&H0&+0&R&z0:3]1=[C&D2&v4&H1&+0&R&z1:8]-[N&D3&v3&H0&+0&R:7]-[C&D2&v4&H1&+0&R&z1:6]=[C&D2&v4&H1&+0&R&z0:5]-[C&D2&v4&H2&+0&R&z0:4]-1,663
1664,[C&D3&v4&H0&+0&R&z0:1](-[C&D2&v4&H1&+0&R&z0:2]=[C&D3&v4&H0&+0&R&z0:3]-[C&D3&v4&H1&+0&!R&z0:4])-[C&D3&v4&H1&+0&R&z0:5]-[C&D3&v4&H1&+0&R&z0:6].[O&D1&v2&H1&+0&!R:7]>>([C&D2&v4&H1&+0&!R&z0:1]-[C&D2&v4&H2&+0&!R&z1:2]-[O&D2&v2&H0&+0&!R:7].[C&D3&v4&H0&+0&!R&z0:4]=[C&D2&v4&H1&+0&!R&z0:3].[C&D3&v4&H0&+0&!R&z0:6]=[C&D2&v4&H1&+0&!R&z0:5]),907
1665,[C&D3&v4&H0&+0&R&z0:1](-[C&D2&v4&H1&+0&R&z0:2]=[C&D3&v4&H0&+0&R&z0:3]-[C&D3&v4&H1&+0&!R&z0:4])-[C&D4&v4&H0&+0&R&z0:5]-[C&D2&v4&H2&+0&R&z0:6].[O&D1&v2&H1&+0&!R:7]>>([C&D2&v4&H1&+0&!R&z0:1]-[C&D2&v4&H2&+0&!R&z1:2]-[O&D2&v2&H0&+0&!R:7].[C&D3&v4&H0&+0&!R&z0:4]=[C&D2&v4&H1&+0&!R&z0:3].[C&D3&v4&H0&+0&!R&z0:5]=[C&D2&v4&H1&+0&!R&z0:6]),907
1666,[C&D2&v4&H2&+0&R&z1:1]-[O&D2&v2&H0&+0&R:2].[O&D0&v2&H2&+0&!R:3]>>([C&D2&v4&H2&+0&!R&z1:1]-[O&D1&v2&H1&+0&!R:3].[O&D1&v2&H1&+0&!R:2]),238
1667,[C&D1&v4&H3&+0&!R&z0:1]-[C&D3&v4&H0&+0&R&z0:2].[S&D2&v2&H0&+0&!R:3]>>[C&D1&v4&H3&+0&!R&z1:1]-[S&D3&v3&H0&+&!R:3].[C&D2&v4&H1&+0&R&z0:2],371
1668,[C&D3&v4&H0&+0&R&z0:1]1=[C&D2&v4&H1&+0&R&z1:2]-[N&D3&v3&H0&+0&R:3]-[C&D2&v4&H1&+0&R&z1:4]=[C&D2&v4&H1&+0&R&z0:5]-[C&D2&v4&H2&+0&R&z0:6]-1.([C&D3&v4&H0&+0&R&z0:7]=[C&D3&v4&H0&+0&R&z1:8].[O&D1&v2&H1&+0&!R:9]).[O&D1&v2&H0&+0&!R:10]=[O&D1&v2&H0&+0&!R:11]>>[C&D4&v4&H0&+0&R&z1:7](-[O&D1&v2&H1&+0&!R:11])-[C&D4&v4&H0&+0&R&z2:8]-[O&D2&v2&H0&+0&R:9].[O&D0&v2&H2&+0&!R:10].[c&D3&v4&H0&+0&R&z0:1]1:[c&D2&v4&H1&+0&R&z0:6]:[c&D2&v4&H1&+0&R&z0:5]:[c&D2&v4&H1&+0&R&z1:4]:[n&D3&v4&H0&+&R:3]:[c&D2&v4&H1&+0&R&z1:2]:1,610
1669,[C&D3&v4&H0&+0&R&z0:1]=[C&D3&v4&H0&+0&!R&z0:2]-[C&D1&v4&H3&+0&!R&z0:3]>>[C&D1&v4&H2&+0&!R&z0:3]=[C&D3&v4&H0&+0&!R&z0:2]-[C&D3&v4&H1&+0&R&z0:1],367
1670,([C&D3&v4&H0&+0&R&z0:1]=[C&D2&v4&H1&+0&R&z0:2].[O&D1&v2&H1&+0&!R:3])>>[C&D4&v4&H0&+0&R&z1:1](-[C&D2&v4&H2&+0&R&z0:2])-[O&D2&v2&H0&+0&R:3],412
1671,[C&D3&v4&H0&+0&R&z0:1]1=[C&D2&v4&H1&+0&R&z1:2]-[N&D3&v3&H0&+0&R:3]-[C&D2&v4&H1&+0&R&z1:4]=[C&D2&v4&H1&+0&R&z0:5]-[C&D2&v4&H2&+0&R&z0:6]-1.[C&D3&v4&H0&+0&R&z1:7]-[C&D3&v4&H1&+0&R&z0:8].[O&D1&v2&H0&+0&!R:9]=[O&D1&v2&H0&+0&!R:10]>>[C&D3&v4&H0&+0&R&z2:7]-[O&D2&v2&H0&+0&R:10]-[C&D3&v4&H1&+0&R&z1:8].[O&D0&v2&H2&+0&!R:9].[c&D3&v4&H0&+0&R&z0:1]1:[c&D2&v4&H1&+0&R&z0:6]:[c&D2&v4&H1&+0&R&z0:5]:[c&D2&v4&H1&+0&R&z1:4]:[n&D3&v4&H0&+&R:3]:[c&D2&v4&H1&+0&R&z1:2]:1,604
1672,[C&D3&v4&H0&+0&R&z2:1]-[O&D2&v2&H0&+0&R:2]-[C&D3&v4&H1&+0&R&z1:3].[O&D0&v2&H2&+0&!R:4].[c&D3&v4&H0&+0&R&z0:5]1:[c&D2&v4&H1&+0&R&z0:6]:[c&D2&v4&H1&+0&R&z0:7]:[c&D2&v4&H1&+0&R&z1:8]:[n&D3&v4&H0&+&R:9]:[c&D2&v4&H1&+0&R&z1:10]:1>>[C&D3&v4&H0&+0&R&z0:5]1=[C&D2&v4&H1&+0&R&z1:10]-[N&D3&v3&H0&+0&R:9]-[C&D2&v4&H1&+0&R&z1:8]=[C&D2&v4&H1&+0&R&z0:7]-[C&D2&v4&H2&+0&R&z0:6]-1.[C&D3&v4&H0&+0&R&z1:1]-[C&D3&v4&H1&+0&R&z0:3].[O&D1&v2&H0&+0&!R:4]=[O&D1&v2&H0&+0&!R:2],550
1673,[C&D1&v4&H3&+0&!R&z0:1]-[C&D3&v4&H0&+0&R&z0:2]-[C&D3&v4&H1&+0&R&z1:3]>>[C&D1&v4&H3&+0&!R&z0:1]-[C&D4&v4&H0&+0&R&z1:3]-[C&D2&v4&H1&+0&R&z0:2],181
1674,[C&D2&v4&H2&+0&!R&z2:1]-[O&D1&v2&H1&+0&!R:2].[C&D3&v4&H0&+0&!R&z2:3]-[O&D1&v2&H1&+0&!R:4].[O&D1&v2&H0&+0&!R:5]=[C&D2&v4&H0&+0&!R&z2:6]>>[C&D1&v4&H3&+0&!R&z1:1].[C&D3&v4&H0&+0&!R&z1:3]-[C&D3&v4&H0&+0&!R&z2:6]-[O&D1&v2&H1&+0&!R:5].[O&D1&v2&H0&+0&!R:2]=[O&D1&v2&H0&+0&!R:4],261
1675,[C&D3&v4&H0&+0&R&z0:1]1=[C&D2&v4&H1&+0&R&z0:2]-[C&D3&v4&H1&+0&R&z0:3](-[C&D3&v4&H0&+0&R&z0:4]-[C&D2&v4&H2&+0&R&z0:5]-[C&D2&v4&H2&+0&R&z0:6]-1)-[C&D3&v4&H1&+0&R&z0:7]-[C&D3&v4&H1&+0&!R&z0:8].[O&D1&v2&H1&+0&!R:9]>>([C&D2&v4&H1&+0&!R&z0:4]-[C&D2&v4&H2&+0&!R&z0:3]-[C&D2&v4&H2&+0&!R&z0:2]-[C&D3&v4&H0&+0&!R&z0:1]=[C&D2&v4&H1&+0&!R&z0:6]-[C&D2&v4&H2&+0&!R&z1:5]-[O&D2&v2&H0&+0&!R:9].[C&D3&v4&H0&+0&!R&z0:8]=[C&D2&v4&H1&+0&!R&z0:7]),61
1676,[C&D3&v4&H0&+0&R&z0:1]1=[C&D2&v4&H1&+0&R&z0:2]-[C&D3&v4&H1&+0&R&z0:3](-[C&D3&v4&H0&+0&R&z0:4]-[C&D2&v4&H2&+0&R&z0:5]-[C&D2&v4&H2&+0&R&z0:6]-1)-[C&D4&v4&H0&+0&R&z0:7]-[C&D2&v4&H2&+0&R&z0:8].[O&D1&v2&H1&+0&!R:9]>>([C&D2&v4&H1&+0&!R&z0:4]-[C&D2&v4&H2&+0&!R&z0:3]-[C&D2&v4&H2&+0&!R&z0:2]-[C&D3&v4&H0&+0&!R&z0:1]=[C&D2&v4&H1&+0&!R&z0:6]-[C&D2&v4&H2&+0&!R&z1:5]-[O&D2&v2&H0&+0&!R:9].[C&D3&v4&H0&+0&!R&z0:7]=[C&D2&v4&H1&+0&!R&z0:8]),61
1677,[C&D3&v4&H1&+0&R&z0:1](-[C&D3&v4&H1&+0&R&z0:2]-[C&D3&v4&H1&+0&!R&z0:3])-[C&D4&v4&H0&+0&R&z1:4](-[C&D3&v4&H1&+0&R&z0:5])-[O&D1&v2&H1&+0&!R:6].[O&D1&v2&H1&+0&!R:7]>>([C&D2&v4&H2&+0&!R&z1:1]-[O&D2&v2&H0&+0&!R:7].[C&D3&v4&H0&+0&!R&z0:3]=[C&D2&v4&H1&+0&!R&z0:2].[C&D3&v4&H0&+0&!R&z0:5]=[C&D2&v4&H1&+0&!R&z0:4]).[O&D0&v2&H2&+0&!R:6],519
1678,[C&D3&v4&H1&+0&R&z0:1](-[C&D3&v4&H1&+0&R&z0:2]-[C&D3&v4&H0&+0&R&z0:3]=[C&D2&v4&H1&+0&R&z0:4])-[C&D3&v4&H1&+0&R&z0:5]-[C&D3&v4&H1&+0&!R&z0:6].[O&D1&v2&H1&+0&!R:7]>>([C&D2&v4&H2&+0&!R&z0:4]-[C&D3&v4&H0&+0&!R&z0:3]=[C&D2&v4&H1&+0&!R&z0:2].[C&D2&v4&H2&+0&!R&z1:1]-[O&D2&v2&H0&+0&!R:7].[C&D3&v4&H0&+0&!R&z0:6]=[C&D2&v4&H1&+0&!R&z0:5]),1003
1679,[C&D3&v4&H1&+0&R&z0:1](-[C&D3&v4&H1&+0&R&z0:2]-[C&D3&v4&H0&+0&R&z0:3]=[C&D2&v4&H1&+0&R&z0:4])-[C&D4&v4&H0&+0&R&z0:5]-[C&D2&v4&H2&+0&R&z0:6].[O&D1&v2&H1&+0&!R:7]>>([C&D2&v4&H2&+0&!R&z0:4]-[C&D3&v4&H0&+0&!R&z0:3]=[C&D2&v4&H1&+0&!R&z0:2].[C&D2&v4&H2&+0&!R&z1:1]-[O&D2&v2&H0&+0&!R:7].[C&D3&v4&H0&+0&!R&z0:5]=[C&D2&v4&H1&+0&!R&z0:6]),1003
1680,[C&D3&v4&H1&+0&R&z0:1]1-[C&D3&v4&H1&+0&R&z0:2]-[C&D4&v4&H0&+0&R&z0:3]-1.[O&D1&v2&H1&+0&!R:4]>>([C&D2&v4&H2&+0&!R&z1:1]-[O&D2&v2&H0&+0&!R:4].[C&D3&v4&H0&+0&!R&z0:3]=[C&D2&v4&H1&+0&!R&z0:2]),362
1681,[N&D3&v3&H0&+0&R:1]-[C&D2&v4&H2&+0&R&z1:2].[c&D3&v4&H0&+0&R&z0:3]1:[c&D2&v4&H1&+0&R&z0:4]:[c&D2&v4&H1&+0&R&z0:5]:[c&D2&v4&H1&+0&R&z1:6]:[n&D3&v4&H0&+&R:7]:[c&D2&v4&H1&+0&R&z1:8]:1>>[C&D3&v4&H0&+0&R&z0:3]1=[C&D2&v4&H1&+0&R&z1:8]-[N&D3&v3&H0&+0&R:7]-[C&D2&v4&H1&+0&R&z1:6]=[C&D2&v4&H1&+0&R&z0:5]-[C&D2&v4&H2&+0&R&z0:4]-1.[N&D3&v4&H0&+&R:1]=[C&D2&v4&H1&+0&R&z1:2],801
1682,[C&D3&v4&H0&+0&R&z0:1]1=[C&D2&v4&H1&+0&R&z1:2]-[N&D3&v3&H0&+0&R:3]-[C&D2&v4&H1&+0&R&z1:4]=[C&D2&v4&H1&+0&R&z0:5]-[C&D2&v4&H2&+0&R&z0:6]-1.[N&D3&v4&H0&+&R:7]=[C&D2&v4&H1&+0&R&z1:8]>>[N&D3&v3&H0&+0&R:7]-[C&D2&v4&H2&+0&R&z1:8].[c&D3&v4&H0&+0&R&z0:1]1:[c&D2&v4&H1&+0&R&z0:6]:[c&D2&v4&H1&+0&R&z0:5]:[c&D2&v4&H1&+0&R&z1:4]:[n&D3&v4&H0&+&R:3]:[c&D2&v4&H1&+0&R&z1:2]:1,91
1683,[C&D2&v4&H1&+0&R&z0:1]=[C&D3&v4&H0&+0&R&z0:2]-[C&D3&v4&H1&+0&!R&z0:3].[O&D1&v2&H1&+0&!R:4]>>([C&D2&v4&H2&+0&!R&z1:1]-[O&D2&v2&H0&+0&!R:4].[C&D3&v4&H0&+0&!R&z0:3]=[C&D2&v4&H1&+0&!R&z0:2]),177
1684,[C&D3&v4&H0&+0&R&z0:1]1=[C&D2&v4&H1&+0&R&z0:2]-[C&D2&v4&H1&+0&R&z0:3]=[C&D2&v4&H1&+0&R&z0:4]-[C&D3&v4&H1&+0&R&z1:5](-[O&D1&v2&H1&+0&!R:6])-[C&D3&v4&H1&+0&R&z1:7]-1-[O&D1&v2&H1&+0&!R:8].[c&D3&v4&H0&+0&R&z0:9]1:[c&D2&v4&H1&+0&R&z0:10]:[c&D2&v4&H1&+0&R&z0:11]:[c&D2&v4&H1&+0&R&z1:12]:[n&D3&v4&H0&+&R:13]:[c&D2&v4&H1&+0&R&z1:14]:1>>[C&D3&v4&H0&+0&R&z0:9]1=[C&D2&v4&H1&+0&R&z1:14]-[N&D3&v3&H0&+0&R:13]-[C&D2&v4&H1&+0&R&z1:12]=[C&D2&v4&H1&+0&R&z0:11]-[C&D2&v4&H2&+0&R&z0:10]-1.[O&D1&v2&H0&+0&!R:8]=[O&D1&v2&H0&+0&!R:6].[c&D3&v4&H0&+0&R&z0:1]1:[c&D2&v4&H1&+0&R&z0:2]:[c&D2&v4&H1&+0&R&z0:3]:[c&D2&v4&H1&+0&R&z0:4]:[c&D2&v4&H1&+0&R&z0:5]:[c&D2&v4&H1&+0&R&z0:7]:1,584
1685,[C&D2&v4&H2&+0&R&z0:1]-[C&D3&v4&H0&+0&R&z0:2].[O&D1&v2&H1&+0&!R:3]>>([C&D2&v4&H1&+0&!R&z0:2].[C&D2&v4&H2&+0&!R&z1:1]-[O&D2&v2&H0&+0&!R:3]),649
1686,[C&D2&v4&H2&+0&R&z0:1]-[C&D3&v4&H1&+0&R&z0:2]-[C&D4&v4&H0&+0&!R&z1:3]-[O&D1&v2&H1&+0&!R:4].[O&D1&v2&H1&+0&!R:5]>>([C&D2&v4&H2&+0&!R&z1:1]-[O&D2&v2&H0&+0&!R:5].[C&D3&v4&H0&+0&!R&z0:3]=[C&D2&v4&H1&+0&!R&z0:2]).[O&D0&v2&H2&+0&!R:4],454
1687,[C&D2&v4&H2&+0&R&z0:1]-[C&D3&v4&H0&+0&R&z0:2](-[C&D3&v4&H1&+0&!R&z0:3])=[C&D2&v4&H1&+0&R&z0:4].[O&D1&v2&H1&+0&!R:5]>>([C&D2&v4&H2&+0&!R&z1:1]-[O&D2&v2&H0&+0&!R:5].[C&D3&v4&H0&+0&!R&z0:3]=[C&D2&v4&H1&+0&!R&z0:2]-[C&D2&v4&H2&+0&!R&z0:4]),325
1688,[C&D3&v4&H1&+0&R&z0:1](-[C&D4&v4&H0&+0&R&z1:2]-[O&D1&v2&H1&+0&!R:3])-[C&D4&v4&H0&+0&R&z0:4]-[C&D3&v4&H1&+0&R&z0:5]-[C&D4&v4&H0&+0&R&z0:6]-[C&D3&v4&H1&+0&R&z0:7]-[C&D4&v4&H0&+0&R&z0:8]-[C&D3&v4&H1&+0&R&z0:9]-[C&D4&v4&H0&+0&R&z0:10]-[C&D2&v4&H2&+0&R&z0:11]>>([C&D3&v4&H0&+0&!R&z0:10]=[C&D2&v4&H1&+0&!R&z0:9].[C&D3&v4&H0&+0&!R&z0:6]=[C&D2&v4&H1&+0&!R&z0:5].[C&D3&v4&H0&+0&!R&z0:2]=[C&D2&v4&H1&+0&!R&z0:11].[C&D3&v4&H0&+0&!R&z0:8]=[C&D2&v4&H1&+0&!R&z0:7].[C&D3&v4&H0&+0&!R&z0:4]=[C&D2&v4&H1&+0&!R&z0:1]).[O&D0&v2&H2&+0&!R:3],189
1689,[C&D3&v4&H0&+0&R&z0:1](=[C&D2&v4&H1&+0&R&z0:2])-[C&D2&v4&H2&+0&R&z0:3]-[C&D4&v4&H0&+0&R&z0:4]-[C&D2&v4&H2&+0&R&z0:5]>>([C&D1&v4&H2&+0&!R&z0:3]=[C&D3&v4&H0&+0&!R&z0:1]-[C&D2&v4&H2&+0&!R&z0:2].[C&D2&v4&H1&+0&!R&z0:5]=[C&D3&v4&H0&+0&!R&z0:4]),489
1690,[C&D3&v4&H0&+0&R&z0:1](=[C&D2&v4&H1&+0&R&z0:2])-[C&D3&v4&H1&+0&R&z0:3]1-[C&D4&v4&H0&+0&R&z0:4](-[C&D3&v4&H1&+0&!R&z0:5])-[C&D2&v4&H2&+0&R&z0:6]-1.[O&D1&v2&H1&+0&!R:7]>>([C&D2&v4&H2&+0&!R&z0:2]-[C&D3&v4&H0&+0&!R&z0:1]=[C&D2&v4&H1&+0&!R&z0:3]-[C&D2&v4&H2&+0&!R&z1:6]-[O&D2&v2&H0&+0&!R:7].[C&D3&v4&H0&+0&!R&z0:5]=[C&D2&v4&H1&+0&!R&z0:4]),602
1691,[C&D2&v4&H2&+0&R&z0:1]-[C&D4&v4&H0&+0&R&z0:2]-[C&D3&v4&H1&+0&R&z0:3]-[C&D3&v4&H0&+0&R&z0:4].[O&D1&v2&H1&+0&!R:5]>>([C&D2&v4&H1&+0&!R&z0:4].[C&D2&v4&H2&+0&!R&z1:1]-[O&D2&v2&H0&+0&!R:5].[C&D3&v4&H0&+0&!R&z0:2]=[C&D2&v4&H1&+0&!R&z0:3]),868
1692,[C&D3&v4&H0&+0&R&z0:1](=[C&D2&v4&H1&+0&R&z0:2])-[C&D2&v4&H1&+0&R&z0:3]=[C&D3&v4&H0&+0&R&z0:4](-[C&D3&v4&H1&+0&R&z0:5]-[C&D3&v4&H1&+0&R&z0:6])-[C&D3&v4&H1&+0&R&z0:7]-[C&D3&v4&H1&+0&!R&z0:8].[O&D1&v2&H1&+0&!R:9]>>([C&D2&v4&H2&+0&!R&z0:2]-[C&D3&v4&H0&+0&!R&z0:1]=[C&D2&v4&H1&+0&!R&z0:3]-[C&D2&v4&H2&+0&!R&z1:4]-[O&D2&v2&H0&+0&!R:9].[C&D3&v4&H0&+0&!R&z0:8]=[C&D2&v4&H1&+0&!R&z0:7].[C&D3&v4&H0&+0&!R&z0:6]=[C&D2&v4&H1&+0&!R&z0:5]),672
1693,[C&D3&v4&H0&+0&R&z0:1](=[C&D2&v4&H1&+0&R&z0:2])-[C&D2&v4&H1&+0&R&z0:3]=[C&D3&v4&H0&+0&R&z0:4](-[C&D3&v4&H1&+0&R&z0:5]-[C&D3&v4&H1&+0&R&z0:6])-[C&D4&v4&H0&+0&R&z0:7]-[C&D2&v4&H2&+0&R&z0:8].[O&D1&v2&H1&+0&!R:9]>>([C&D2&v4&H2&+0&!R&z0:2]-[C&D3&v4&H0&+0&!R&z0:1]=[C&D2&v4&H1&+0&!R&z0:3]-[C&D2&v4&H2&+0&!R&z1:4]-[O&D2&v2&H0&+0&!R:9].[C&D3&v4&H0&+0&!R&z0:7]=[C&D2&v4&H1&+0&!R&z0:8].[C&D3&v4&H0&+0&!R&z0:6]=[C&D2&v4&H1&+0&!R&z0:5]),672
1694,([C&D3&v4&H0&+0&R&z0:1](=[C&D2&v4&H1&+0&R&z0:2])-[C&D3&v4&H1&+0&R&z0:3]-[C&D4&v4&H0&+0&R&z0:4]-[C&D3&v4&H1&+0&R&z0:5]-[C&D4&v4&H0&+0&R&z0:6]-[C&D2&v4&H2&+0&R&z0:7].[O&D1&v2&H1&+0&!R:8]).[P&D4&v5&H0&+0&!R:9]-[O&D1&v2&H1&+0&!R:10]>>([C&D2&v4&H2&+0&!R&z0:2]-[C&D3&v4&H0&+0&!R&z0:1]=[C&D2&v4&H1&+0&!R&z0:3].[C&D3&v4&H0&+0&!R&z0:6]=[C&D2&v4&H1&+0&!R&z0:7].[C&D3&v4&H0&+0&!R&z0:4]=[C&D2&v4&H1&+0&!R&z0:5].[O&D2&v2&H0&+0&!R:8]-[P&D4&v5&H0&+0&!R:9]).[O&D0&v2&H2&+0&!R:10],715
1695,[C&D3&v4&H0&+0&R&z0:1](=[C&D2&v4&H1&+0&R&z0:2])-[C&D3&v4&H1&+0&R&z0:3]-[C&D4&v4&H0&+0&R&z0:4]-[C&D3&v4&H1&+0&R&z0:5]-[C&D4&v4&H0&+0&R&z0:6]-[C&D2&v4&H2&+0&R&z0:7]>>([C&D2&v4&H2&+0&!R&z0:2]-[C&D3&v4&H0&+0&!R&z0:1]=[C&D2&v4&H1&+0&!R&z0:3].[C&D3&v4&H0&+0&!R&z0:6]=[C&D2&v4&H1&+0&!R&z0:7].[C&D3&v4&H0&+0&!R&z0:4]=[C&D2&v4&H1&+0&!R&z0:5]),516
1696,[C&D3&v4&H0&+0&R&z0:1](=[C&D2&v4&H1&+0&R&z0:2])-[C&D2&v4&H2&+0&R&z0:3]-[C&D3&v4&H1&+0&R&z0:4](-[C&D3&v4&H1&+0&R&z0:5]-[C&D3&v4&H0&+0&R&z0:6])-[C&D3&v4&H1&+0&R&z0:7]-[C&D3&v4&H1&+0&!R&z0:8](-[C&D1&v4&H3&+0&!R&z0:9])-[C&D1&v4&H3&+0&!R&z0:10].[O&D1&v2&H1&+0&!R:11]>>([C&D1&v4&H3&+0&!R&z0:9]-[C&D3&v4&H0&+0&!R&z0:6].[C&D2&v4&H2&+0&!R&z0:7]-[C&D3&v4&H0&+0&!R&z0:4](-[C&D1&v4&H3&+0&!R&z0:10])=[C&D2&v4&H1&+0&!R&z0:5].[C&D2&v4&H2&+0&!R&z0:2]-[C&D3&v4&H0&+0&!R&z0:1]=[C&D2&v4&H1&+0&!R&z0:3]-[C&D2&v4&H2&+0&!R&z1:8]-[O&D2&v2&H0&+0&!R:11]),335
1697,[C&D2&v4&H2&+0&R&z0:1]-[C&D3&v4&H1&+0&R&z0:2]1-[C&D3&v4&H1&+0&R&z0:3]-[C&D4&v4&H0&+0&R&z0:4]-1.[O&D1&v2&H1&+0&!R:5]>>([C&D2&v4&H2&+0&!R&z1:1]-[O&D2&v2&H0&+0&!R:5].[C&D3&v4&H0&+0&!R&z0:4]=[C&D2&v4&H1&+0&!R&z0:2]-[C&D2&v4&H2&+0&!R&z0:3]),868
1698,[C&D3&v4&H0&+0&R&z0:1]-[C&D3&v4&H1&+0&R&z0:2]1-[C&D3&v4&H1&+0&R&z0:3](-[C&D3&v4&H1&+0&R&z0:4](-[C&D2&v4&H2&+0&R&z0:5])-[C&D4&v4&H0&+0&R&z0:6]-1)-[C&D3&v4&H1&+0&R&z0:7]-[C&D3&v4&H1&+0&!R&z0:8].[O&D1&v2&H1&+0&!R:9]>>([C&D2&v4&H2&+0&!R&z1:5]-[O&D2&v2&H0&+0&!R:9].[C&D3&v4&H0&+0&!R&z0:8]=[C&D2&v4&H1&+0&!R&z0:7].[C&D3&v4&H0&+0&!R&z0:6]=[C&D2&v4&H1&+0&!R&z0:2]-[C&D2&v4&H2&+0&!R&z0:3]-[C&D2&v4&H2&+0&!R&z0:4]-[C&D3&v4&H0&+0&!R&z0:1]),645
1699,[C&D3&v4&H0&+0&R&z0:1]-[C&D3&v4&H1&+0&R&z0:2]1-[C&D3&v4&H1&+0&R&z0:3](-[C&D3&v4&H1&+0&R&z0:4](-[C&D2&v4&H2&+0&R&z0:5])-[C&D4&v4&H0&+0&R&z0:6]-1)-[C&D4&v4&H0&+0&R&z0:7]-[C&D2&v4&H2&+0&R&z0:8].[O&D1&v2&H1&+0&!R:9]>>([C&D2&v4&H2&+0&!R&z1:5]-[O&D2&v2&H0&+0&!R:9].[C&D3&v4&H0&+0&!R&z0:7]=[C&D2&v4&H1&+0&!R&z0:8].[C&D3&v4&H0&+0&!R&z0:6]=[C&D2&v4&H1&+0&!R&z0:2]-[C&D2&v4&H2&+0&!R&z0:3]-[C&D2&v4&H2&+0&!R&z0:4]-[C&D3&v4&H0&+0&!R&z0:1]),645
1700,[C&D3&v4&H0&+0&R&z0:1]1=[C&D2&v4&H1&+0&R&z1:2]-[N&D3&v3&H0&+0&R:3]-[C&D2&v4&H1&+0&R&z1:4]=[C&D2&v4&H1&+0&R&z0:5]-[C&D2&v4&H2&+0&R&z0:6]-1.[C&D3&v4&H0&+0&R&z0:7]=[C&D2&v4&H1&+0&R&z0:8].[O&D1&v2&H0&+0&!R:9]=[O&D1&v2&H0&+0&!R:10]>>[C&D3&v4&H1&+0&R&z1:8]1-[O&D2&v2&H0&+0&R:10]-[C&D4&v4&H0&+0&R&z1:7]-1.[O&D0&v2&H2&+0&!R:9].[c&D3&v4&H0&+0&R&z0:1]1:[c&D2&v4&H1&+0&R&z0:6]:[c&D2&v4&H1&+0&R&z0:5]:[c&D2&v4&H1&+0&R&z1:4]:[n&D3&v4&H0&+&R:3]:[c&D2&v4&H1&+0&R&z1:2]:1,697
1701,[C&D3&v4&H0&+0&R&z0:1](=[C&D2&v4&H1&+0&R&z0:2])-[C&D3&v4&H1&+0&R&z0:3]1-[C&D2&v4&H2&+0&R&z0:4]-[C&D3&v4&H1&+0&R&z0:5]-[C&D4&v4&H0&+0&R&z0:6]-1.[O&D1&v2&H1&+0&!R:7]>>([C&D2&v4&H2&+0&!R&z0:2]-[C&D3&v4&H0&+0&!R&z0:1]=[C&D2&v4&H1&+0&!R&z0:3]-[C&D2&v4&H2&+0&!R&z1:4]-[O&D2&v2&H0&+0&!R:7].[C&D3&v4&H0&+0&!R&z0:6]=[C&D2&v4&H1&+0&!R&z0:5]),624
1702,[C&D2&v4&H2&+0&R&z0:1]-[C&D4&v4&H0&+0&R&z0:2]-[C&D3&v4&H1&+0&R&z1:3]-[O&D1&v2&H1&+0&!R:4].[O&D1&v2&H1&+0&!R:5]>>([C&D2&v4&H2&+0&!R&z1:1]-[O&D2&v2&H0&+0&!R:5].[C&D3&v4&H0&+0&!R&z0:2]=[C&D2&v4&H1&+0&!R&z0:3]).[O&D0&v2&H2&+0&!R:4],454
1703,[C&D2&v4&H2&+0&R&z0:1]-[C&D4&v4&H0&+0&R&z0:2]-[C&D2&v4&H1&+0&R&z0:3]=[C&D2&v4&H1&+0&R&z0:4].[O&D1&v2&H1&+0&!R:5]>>([C&D2&v4&H2&+0&!R&z1:1]-[O&D2&v2&H0&+0&!R:5].[C&D3&v4&H0&+0&!R&z0:2]=[C&D2&v4&H1&+0&!R&z0:3]-[C&D2&v4&H2&+0&!R&z0:4]),874
1704,[C&D3&v4&H1&+0&R&z0:1]-[C&D2&v4&H1&+0&R&z0:2]=[C&D2&v4&H1&+0&R&z0:3]-[C&D3&v4&H1&+0&R&z0:4]-[C&D4&v4&H0&+0&!R&z1:5]-[O&D1&v2&H1&+0&!R:6].[O&D1&v2&H1&+0&!R:7]>>([C&D3&v4&H0&+0&!R&z0:5]=[C&D2&v4&H1&+0&!R&z0:4].[C&D3&v4&H0&+0&!R&z0:1]=[C&D2&v4&H1&+0&!R&z0:2]-[C&D2&v4&H2&+0&!R&z1:3]-[O&D2&v2&H0&+0&!R:7]).[O&D0&v2&H2&+0&!R:6],992
1705,[C&D3&v4&H0&+0&R&z0:1](=[C&D2&v4&H1&+0&R&z0:2])-[C&D3&v4&H1&+0&R&z0:3](-[C&D4&v4&H0&+0&R&z0:4]-[C&D2&v4&H2&+0&R&z0:5])-[C&D2&v4&H2&+0&R&z0:6]-[C&D3&v4&H1&+0&R&z0:7]-[C&D4&v4&H0&+0&R&z0:8]-[C&D3&v4&H0&+0&R&z0:9].[O&D1&v2&H1&+0&!R:10]>>([C&D2&v4&H1&+0&!R&z0:9].[C&D2&v4&H2&+0&!R&z0:2]-[C&D3&v4&H0&+0&!R&z0:1]=[C&D2&v4&H1&+0&!R&z0:3]-[C&D2&v4&H2&+0&!R&z1:6]-[O&D2&v2&H0&+0&!R:10].[C&D3&v4&H0&+0&!R&z0:8]=[C&D2&v4&H1&+0&!R&z0:7].[C&D3&v4&H0&+0&!R&z0:4]=[C&D2&v4&H1&+0&!R&z0:5]),314
1706,[C&D3&v4&H0&+0&R&z2:1]=[N&D2&v3&H0&+0&R:2].[O&D0&v2&H2&+0&!R:3]>>([C&D3&v4&H0&+0&!R&z2:1]=[O&D1&v2&H0&+0&!R:3].[N&D1&v3&H2&+0&!R:2]),499
1707,[C&D1&v4&H3&+0&!R&z0:1]-[C&D3&v4&H1&+0&R&z0:2].[c&D3&v4&H0&+0&R&z0:3]1:[c&D2&v4&H1&+0&R&z0:4]:[c&D2&v4&H1&+0&R&z0:5]:[c&D2&v4&H1&+0&R&z1:6]:[n&D3&v4&H0&+&R:7]:[c&D2&v4&H1&+0&R&z1:8]:1>>[C&D1&v4&H2&+0&!R&z0:1]=[C&D3&v4&H0&+0&R&z0:2].[C&D3&v4&H0&+0&R&z0:3]1=[C&D2&v4&H1&+0&R&z1:8]-[N&D3&v3&H0&+0&R:7]-[C&D2&v4&H1&+0&R&z1:6]=[C&D2&v4&H1&+0&R&z0:5]-[C&D2&v4&H2&+0&R&z0:4]-1,663
1708,[C&D1&v4&H3&+0&!R&z0:1]-[C&D3&v4&H1&+0&R&z0:2].[C&D3&v4&H0&+0&!R&z1:3](=[O&D1&v2&H0&+0&!R:4])-[C&D3&v4&H0&+0&!R&z2:5]-[O&D1&v2&H1&+0&!R:6].[O&D1&v2&H0&+0&!R:7]=[O&D1&v2&H0&+0&!R:8]>>[C&D1&v4&H2&+0&!R&z0:1]=[C&D3&v4&H0&+0&R&z0:2].[O&D0&v2&H2&+0&!R:8].[O&D1&v2&H0&+0&!R:6]=[C&D2&v4&H0&+0&!R&z2:5].[O&D1&v2&H0&+0&!R:4]=[C&D3&v4&H0&+0&!R&z2:3]-[O&D1&v2&H1&+0&!R:7],301
1709,[C&D3&v4&H1&+0&R&z1:1](-[O&D1&v2&H1&+0&!R:2])-[C&D2&v4&H1&+0&R&z0:3]=[C&D3&v4&H0&+0&R&z0:4]-[C&D2&v4&H2&+0&R&z0:5]>>[C&D2&v4&H1&+0&R&z0:1]=[C&D2&v4&H1&+0&R&z0:3]-[C&D3&v4&H0&+0&R&z0:4]=[C&D2&v4&H1&+0&R&z0:5].[O&D0&v2&H2&+0&!R:2],884
1710,[C&D2&v4&H1&+0&R&z0:1]=[C&D3&v4&H0&+0&R&z0:2]-[C&D2&v4&H1&+0&R&z0:3]=[C&D2&v4&H1&+0&R&z0:4].[O&D0&v2&H2&+0&!R:5]>>[C&D3&v4&H0&+0&R&z0:2](=[C&D2&v4&H1&+0&R&z0:3]-[C&D3&v4&H1&+0&R&z1:4]-[O&D1&v2&H1&+0&!R:5])-[C&D2&v4&H2&+0&R&z0:1],959
1711,[C&D2&v4&H1&+0&R&z0:1]=[C&D2&v4&H1&+0&R&z0:2]-[C&D3&v4&H0&+0&R&z0:3]=[C&D2&v4&H1&+0&R&z0:4].[O&D0&v2&H2&+0&!R:5]>>[C&D3&v4&H1&+0&R&z1:1](-[O&D1&v2&H1&+0&!R:5])-[C&D2&v4&H1&+0&R&z0:2]=[C&D3&v4&H0&+0&R&z0:3]-[C&D2&v4&H2&+0&R&z0:4],959
1712,[C&D3&v4&H1&+0&R&z0:1]1-[C&D2&v4&H1&+0&R&z0:2]=[C&D2&v4&H1&+0&R&z0:3]-[C&D3&v4&H1&+0&R&z0:4]-[C&D4&v4&H0&+0&R&z1:5]-[C&D2&v4&H2&+0&R&z0:6]-1>>([C&D1&v4&H2&+0&!R&z0:6]=[C&D3&v4&H0&+0&R&z1:5].[C&D2&v4&H1&+0&!R&z0:4]=[C&D2&v4&H1&+0&!R&z0:3]-[C&D2&v4&H1&+0&!R&z0:2]=[C&D2&v4&H1&+0&!R&z0:1]),687
1713,[C&D2&v4&H1&+0&R&z1:1]=[N&D3&v4&H0&+&R:2].[C&D3&v4&H0&+0&R&z0:3]1=[C&D2&v4&H1&+0&R&z1:4]-[N&D3&v3&H0&+0&R:5]-[C&D2&v4&H1&+0&R&z1:6]=[C&D2&v4&H1&+0&R&z0:7]-[C&D2&v4&H2&+0&R&z0:8]-1>>[N&D3&v3&H0&+0&R:2]-[C&D2&v4&H2&+0&R&z1:1].[c&D3&v4&H0&+0&R&z0:3]1:[c&D2&v4&H1&+0&R&z0:8]:[c&D2&v4&H1&+0&R&z0:7]:[c&D2&v4&H1&+0&R&z1:6]:[n&D3&v4&H0&+&R:5]:[c&D2&v4&H1&+0&R&z1:4]:1,91
1714,[C&D2&v4&H1&+0&R&z1:1]=[N&D3&v4&H0&+&R:2].[O&D0&v2&H2&+0&!R:3]>>([C&D2&v4&H1&+0&!R&z1:1]=[O&D1&v2&H0&+0&!R:3].[N&D2&v3&H1&+0&!R:2]),446
1715,[C&D3&v4&H0&+0&R&z0:1]1=[C&D2&v4&H1&+0&R&z1:2]-[N&D3&v3&H0&+0&R:3]-[C&D2&v4&H1&+0&R&z1:4]=[C&D2&v4&H1&+0&R&z0:5]-[C&D2&v4&H2&+0&R&z0:6]-1.[C&D3&v4&H0&+0&R&z1:7]=[O&D1&v2&H0&+0&!R:8].[N&D0&v3&H3&+0&!R:9]>>[C&D3&v4&H1&+0&R&z1:7]-[N&D1&v3&H2&+0&!R:9].[O&D0&v2&H2&+0&!R:8].[c&D3&v4&H0&+0&R&z0:1]1:[c&D2&v4&H1&+0&R&z0:6]:[c&D2&v4&H1&+0&R&z0:5]:[c&D2&v4&H1&+0&R&z1:4]:[n&D3&v4&H0&+&R:3]:[c&D2&v4&H1&+0&R&z1:2]:1,520
1716,[C&D3&v4&H1&+0&R&z1:1]-[N&D1&v3&H2&+0&!R:2].[O&D0&v2&H2&+0&!R:3].[c&D3&v4&H0&+0&R&z0:4]1:[c&D2&v4&H1&+0&R&z0:5]:[c&D2&v4&H1&+0&R&z0:6]:[c&D2&v4&H1&+0&R&z1:7]:[n&D3&v4&H0&+&R:8]:[c&D2&v4&H1&+0&R&z1:9]:1>>[C&D3&v4&H0&+0&R&z0:4]1=[C&D2&v4&H1&+0&R&z1:9]-[N&D3&v3&H0&+0&R:8]-[C&D2&v4&H1&+0&R&z1:7]=[C&D2&v4&H1&+0&R&z0:6]-[C&D2&v4&H2&+0&R&z0:5]-1.[C&D3&v4&H0&+0&R&z1:1]=[O&D1&v2&H0&+0&!R:3].[N&D0&v3&H3&+0&!R:2],555
1717,[N&D3&v3&H0&+0&R:1]-[C&D2&v4&H2&+0&R&z1:2].[c&D3&v4&H0&+0&R&z0:3]1:[c&D2&v4&H1&+0&R&z0:4]:[c&D2&v4&H1&+0&R&z0:5]:[c&D2&v4&H1&+0&R&z1:6]:[n&D3&v4&H0&+&R:7]:[c&D2&v4&H1&+0&R&z1:8]:1>>[C&D2&v4&H1&+0&R&z1:2]=[N&D3&v4&H0&+&R:1].[C&D3&v4&H0&+0&R&z0:3]1=[C&D2&v4&H1&+0&R&z1:8]-[N&D3&v3&H0&+0&R:7]-[C&D2&v4&H1&+0&R&z1:6]=[C&D2&v4&H1&+0&R&z0:5]-[C&D2&v4&H2&+0&R&z0:4]-1,801
1718,([C&D3&v4&H0&+0&!R&z2:1]-[O&D1&v2&H1&+0&!R:2].[C&D3&v4&H1&+0&R&z0:3])>>[C&D4&v4&H0&+0&R&z0:3]-[C&D3&v4&H0&+0&R&z1:1].[O&D0&v2&H2&+0&!R:2],503
1719,[C&D3&v4&H1&+0&R&z0:1]-[C&D3&v4&H1&+0&!R&z0:2].[c&D3&v4&H0&+0&R&z0:3]1:[c&D2&v4&H1&+0&R&z0:4]:[c&D2&v4&H1&+0&R&z0:5]:[c&D2&v4&H1&+0&R&z1:6]:[n&D3&v4&H0&+&R:7]:[c&D2&v4&H1&+0&R&z1:8]:1>>[C&D3&v4&H0&+0&!R&z0:2]=[C&D3&v4&H0&+0&R&z0:1].[C&D3&v4&H0&+0&R&z0:3]1=[C&D2&v4&H1&+0&R&z1:8]-[N&D3&v3&H0&+0&R:7]-[C&D2&v4&H1&+0&R&z1:6]=[C&D2&v4&H1&+0&R&z0:5]-[C&D2&v4&H2&+0&R&z0:4]-1,663
1720,[C&D3&v4&H0&+0&R&z0:1](=[C&D2&v4&H1&+0&R&z0:2]-[C&D3&v4&H1&+0&R&z1:3]-[O&D1&v2&H1&+0&!R:4])-[C&D2&v4&H2&+0&R&z0:5]>>[C&D2&v4&H1&+0&R&z0:5]=[C&D3&v4&H0&+0&R&z0:1]-[C&D2&v4&H1&+0&R&z0:2]=[C&D2&v4&H1&+0&R&z0:3].[O&D0&v2&H2&+0&!R:4],884
1721,[C&D2&v4&H1&+0&R&z0:1]=[C&D2&v4&H1&+0&R&z0:2]-[C&D3&v4&H1&+0&R&z0:3].[O&D0&v2&H2&+0&!R:4]>>[C&D2&v4&H2&+0&R&z0:1]-[C&D2&v4&H2&+0&R&z0:2]-[C&D4&v4&H0&+0&R&z1:3]-[O&D1&v2&H1&+0&!R:4],393
1722,[C&D2&v4&H2&+0&R&z0:1]-[C&D2&v4&H2&+0&R&z0:2]-[C&D4&v4&H0&+0&R&z1:3]-[O&D1&v2&H1&+0&!R:4]>>[C&D2&v4&H1&+0&R&z0:1]=[C&D2&v4&H1&+0&R&z0:2]-[C&D3&v4&H1&+0&R&z0:3].[O&D0&v2&H2&+0&!R:4],384
1723,[N&D2&v3&H1&+0&R:1]-[C&D3&v4&H0&+0&R&z2:2]=[O&D1&v2&H0&+0&!R:3].[O&D0&v2&H2&+0&!R:4]>>([C&D3&v4&H0&+0&!R&z2:2](=[O&D1&v2&H0&+0&!R:3])-[O&D1&v2&H1&+0&!R:4].[N&D1&v3&H2&+0&!R:1]),496
1724,[C&D3&v4&H1&+0&R&z1:1]1-[C&D2&v4&H2&+0&R&z1:2]-[O&D2&v2&H0&+0&R:3]-1.[O&D0&v2&H2&+0&!R:4].[c&D3&v4&H0&+0&R&z0:5]1:[c&D2&v4&H1&+0&R&z0:6]:[c&D2&v4&H1&+0&R&z0:7]:[c&D2&v4&H1&+0&R&z1:8]:[n&D3&v4&H0&+&R:9]:[c&D2&v4&H1&+0&R&z1:10]:1>>[C&D1&v4&H2&+0&!R&z0:2]=[C&D2&v4&H1&+0&!R&z0:1].[C&D3&v4&H0&+0&R&z0:5]1=[C&D2&v4&H1&+0&R&z1:10]-[N&D3&v3&H0&+0&R:9]-[C&D2&v4&H1&+0&R&z1:8]=[C&D2&v4&H1&+0&R&z0:7]-[C&D2&v4&H2&+0&R&z0:6]-1.[O&D1&v2&H0&+0&!R:4]=[O&D1&v2&H0&+0&!R:3],459
1725,[C&D2&v4&H2&+0&R&z1:1]-[O&D2&v2&H0&+0&R:2].[S&D1&v2&H1&+0&!R:3]>>([C&D2&v4&H2&+0&!R&z1:1]-[S&D2&v2&H0&+0&!R:3].[O&D1&v2&H1&+0&!R:2]),764
1726,[N&D2&v3&H1&+0&R:1]-[C&D3&v4&H0&+0&R&z3:2].[P&D4&v5&H0&+0&!R:3]-[O&D1&v2&H1&+0&!R:4].[P&D4&v5&H0&+0&!R:5]-[O&D1&v2&H1&+0&!R:6]>>([C&D3&v4&H0&+0&!R&z3:2]-[O&D1&v2&H1&+0&!R:6].[N&D1&v3&H2&+0&!R:1]).[P&D4&v5&H0&+0&!R:3]-[O&D2&v2&H0&+0&!R:4]-[P&D4&v5&H0&+0&!R:5],97
1727,[N&D2&v3&H1&+0&R:1]-[C&D3&v4&H0&+0&R&z3:2]-[N&D2&v3&H1&+0&R:3].[O&D1&v2&H1&+0&!R:4].[P&D4&v5&H0&+0&!R:5]-[O&D1&v2&H1&+0&!R:6]>>([N&D1&v3&H2&+0&!R:1].[N&D1&v3&H2&+0&!R:3]).[O&D1&v2&H0&+0&!R:6]=[C&D2&v4&H0&+0&!R&z2:2].[O&D2&v2&H0&+0&!R:4]-[P&D4&v5&H0&+0&!R:5],662
1728,[N&D3&v3&H0&+0&R:1]-[C&D2&v4&H2&+0&R&z2:2].[c&D3&v4&H0&+0&R&z0:3]1:[c&D2&v4&H1&+0&R&z0:4]:[c&D2&v4&H1&+0&R&z0:5]:[c&D2&v4&H1&+0&R&z1:6]:[n&D3&v4&H0&+&R:7]:[c&D2&v4&H1&+0&R&z1:8]:1>>[C&D3&v4&H0&+0&R&z0:3]1=[C&D2&v4&H1&+0&R&z1:8]-[N&D3&v3&H0&+0&R:7]-[C&D2&v4&H1&+0&R&z1:6]=[C&D2&v4&H1&+0&R&z0:5]-[C&D2&v4&H2&+0&R&z0:4]-1.[N&D3&v4&H0&+&R:1]=[C&D2&v4&H1&+0&R&z2:2],801
1729,[C&D2&v4&H2&+0&!R&z1:1].[N&D3&v3&H0&+0&R:2]-[C&D2&v4&H2&+0&R&z2:3]-[N&D3&v3&H0&+0&R:4].[O&D0&v2&H2&+0&!R:5]>>[C&D3&v4&H1&+0&!R&z1:1]-[C&D2&v4&H2&+0&!R&z1:3]-[O&D1&v2&H1&+0&!R:5].([N&D2&v3&H1&+0&!R:4].[N&D2&v3&H1&+0&R:2]),820
1730,[N&D3&v3&H0&+0&R:1]-[C&D2&v4&H2&+0&R&z2:2]-[N&D3&v3&H0&+0&R:3].[O&D0&v2&H2&+0&!R:4]>>[C&D1&v4&H2&+0&!R&z1:2]=[O&D1&v2&H0&+0&!R:4].([N&D2&v3&H1&+0&!R:3].[N&D2&v3&H1&+0&R:1]),245
1731,[C&D3&v4&H0&+0&R&z0:1]1=[C&D2&v4&H1&+0&R&z1:2]-[N&D3&v3&H0&+0&R:3]-[C&D2&v4&H1&+0&R&z1:4]=[C&D2&v4&H1&+0&R&z0:5]-[C&D2&v4&H2&+0&R&z0:6]-1.[N&D3&v4&H0&+&R:7]=[C&D2&v4&H1&+0&R&z2:8]>>[N&D3&v3&H0&+0&R:7]-[C&D2&v4&H2&+0&R&z2:8].[c&D3&v4&H0&+0&R&z0:1]1:[c&D2&v4&H1&+0&R&z0:6]:[c&D2&v4&H1&+0&R&z0:5]:[c&D2&v4&H1&+0&R&z1:4]:[n&D3&v4&H0&+&R:3]:[c&D2&v4&H1&+0&R&z1:2]:1,91
1732,[N&D3&v4&H0&+&R:1]=[C&D2&v4&H1&+0&R&z2:2]-[N&D3&v3&H0&+0&R:3].[O&D0&v2&H2&+0&!R:4]>>([N&D2&v3&H1&+0&!R:3].[N&D3&v3&H0&+0&R:1]-[C&D2&v4&H1&+0&!R&z2:2]=[O&D1&v2&H0&+0&!R:4]),951
1733,[C&D1&v4&H3&+0&!R&z0:1]-[C&D3&v4&H1&+0&R&z1:2]-[C&D3&v4&H1&+0&R&z1:3]-[C&D3&v4&H1&+0&R&z1:4]>>[C&D1&v4&H3&+0&!R&z0:1]-[C&D3&v4&H1&+0&!R&z1:3]-[C&D3&v4&H1&+0&R&z1:2]-[C&D3&v4&H1&+0&R&z1:4],948
1734,[O&D2&v2&H0&+0&R:1]-[C&D3&v4&H1&+0&R&z2:2]-[C&D3&v4&H1&+0&R&z1:3]-[O&D1&v2&H1&+0&!R:4]>>([C&D3&v4&H0&+0&!R&z1:3](=[O&D1&v2&H0&+0&!R:4])-[C&D2&v4&H2&+0&!R&z1:2].[O&D1&v2&H1&+0&!R:1]),608
1735,[C&D3&v4&H1&+0&R&z2:1]-[O&D2&v2&H0&+0&!R:2].[n&D2&v3&H1&+0&R:3]>>[C&D3&v4&H1&+0&R&z2:1]-[n&D3&v3&H0&+0&R:3].[O&D1&v2&H1&+0&!R:2],175
1736,[C&D3&v4&H0&+0&R&z0:1]1=[C&D2&v4&H1&+0&R&z1:2]-[N&D3&v3&H0&+0&R:3]-[C&D2&v4&H1&+0&R&z1:4]=[C&D2&v4&H1&+0&R&z0:5]-[C&D2&v4&H2&+0&R&z0:6]-1.[C&D3&v4&H1&+0&R&z1:7]-[O&D1&v2&H1&+0&!R:8]>>[C&D2&v4&H2&+0&R&z0:7].[O&D0&v2&H2&+0&!R:8].[c&D3&v4&H0&+0&R&z0:1]1:[c&D2&v4&H1&+0&R&z0:6]:[c&D2&v4&H1&+0&R&z0:5]:[c&D2&v4&H1&+0&R&z1:4]:[n&D3&v4&H0&+&R:3]:[c&D2&v4&H1&+0&R&z1:2]:1,232
1737,[C&D2&v4&H2&+0&R&z0:1].[O&D0&v2&H2&+0&!R:2].[c&D3&v4&H0&+0&R&z0:3]1:[c&D2&v4&H1&+0&R&z0:4]:[c&D2&v4&H1&+0&R&z0:5]:[c&D2&v4&H1&+0&R&z1:6]:[n&D3&v4&H0&+&R:7]:[c&D2&v4&H1&+0&R&z1:8]:1>>[C&D3&v4&H0&+0&R&z0:3]1=[C&D2&v4&H1&+0&R&z1:8]-[N&D3&v3&H0&+0&R:7]-[C&D2&v4&H1&+0&R&z1:6]=[C&D2&v4&H1&+0&R&z0:5]-[C&D2&v4&H2&+0&R&z0:4]-1.[C&D3&v4&H1&+0&R&z1:1]-[O&D1&v2&H1&+0&!R:2],819
1738,[C&D2&v4&H1&+0&R&z0:1]=[C&D3&v4&H0&+0&R&z1:2]-[N&D1&v3&H2&+0&!R:3]>>[C&D2&v4&H2&+0&R&z0:1]-[C&D3&v4&H0&+0&R&z1:2]=[N&D1&v3&H1&+0&!R:3],749
1739,[C&D2&v4&H2&+0&R&z0:1]-[C&D3&v4&H0&+0&R&z1:2]=[N&D1&v3&H1&+0&!R:3]>>[C&D2&v4&H1&+0&R&z0:1]=[C&D3&v4&H0&+0&R&z1:2]-[N&D1&v3&H2&+0&!R:3],376
1740,[C&D1&v4&H3&+0&!R&z0:1].[C&D3&v4&H0&+0&R&z1:2]=[O&D1&v2&H0&+0&!R:3].[S&D2&v2&H0&+0&!R:4]>>[C&D3&v4&H1&+0&R&z1:2]-[O&D1&v2&H1&+0&!R:3].[S&D3&v3&H0&+&!R:4]-[C&D2&v4&H2&+0&!R&z1:1],739
1741,[C&D1&v4&H3&+0&!R&z0:1].[S&D2&v2&H0&+0&!R:2].[c&D3&v4&H0&+0&R&z0:3]-[C&D4&v4&H0&+0&R&z1:4]>>[S&D3&v3&H0&+&!R:2]-[C&D2&v4&H2&+0&!R&z1:1].([C&D3&v4&H1&+0&R&z1:4].[c&D2&v4&H1&+0&R&z0:3]),783
1742,[O&D0&v2&H2&+0&!R:1].[c&D3&v4&H0&+0&R&z2:2]-[N&D1&v3&H2&+0&!R:3]>>[N&D0&v3&H3&+0&!R:3].[c&D3&v4&H0&+0&R&z2:2]-[O&D1&v2&H1&+0&!R:1],587
1743,[N&D0&v3&H3&+0&!R:1].[c&D3&v4&H0&+0&R&z2:2]-[O&D1&v2&H1&+0&!R:3]>>[O&D0&v2&H2&+0&!R:3].[c&D3&v4&H0&+0&R&z2:2]-[N&D1&v3&H2&+0&!R:1],175
1744,[C&D2&v4&H1&+0&!R&z0:1]=[C&D3&v4&H0&+0&!R&z0:2].[O&D0&v2&H2&+0&!R:3]>>[C&D3&v4&H1&+0&!R&z1:1](-[O&D1&v2&H1&+0&!R:3])-[C&D3&v4&H1&+0&!R&z0:2],703
1745,[C&D3&v4&H1&+0&R&z0:1]1-[C&D3&v4&H0&+0&R&z0:2]=[C&D2&v4&H1&+0&R&z0:3]-[C&D4&v4&H0&+0&R&z0:4]-[C&D3&v4&H1&+0&R&z0:5]-[C&D3&v4&H1&+0&R&z0:6]-1>>([C&D2&v4&H1&+0&!R&z0:5]=[C&D2&v4&H1&+0&!R&z0:6].[C&D2&v4&H1&+0&!R&z0:1]=[C&D3&v4&H0&+0&!R&z0:2]-[C&D2&v4&H1&+0&!R&z0:3]=[C&D3&v4&H0&+0&!R&z0:4]),687
1746,[C&D3&v4&H0&+0&!R&z1:1](=[O&D1&v2&H0&+0&!R:2])-[C&D3&v4&H0&+0&R&z0:3]=[C&D2&v4&H1&+0&R&z0:4]-[C&D3&v4&H1&+0&R&z1:5]>>[C&D3&v4&H0&+0&!R&z1:1](-[O&D1&v2&H1&+0&!R:2])=[C&D3&v4&H0&+0&R&z0:3]-[C&D2&v4&H1&+0&R&z0:4]=[C&D3&v4&H0&+0&R&z1:5],473
1747,[C&D3&v4&H0&+0&!R&z1:1](-[O&D1&v2&H1&+0&!R:2])=[C&D3&v4&H0&+0&R&z0:3]-[C&D2&v4&H1&+0&R&z0:4]=[C&D3&v4&H0&+0&R&z1:5]>>[C&D3&v4&H0&+0&!R&z1:1](=[O&D1&v2&H0&+0&!R:2])-[C&D3&v4&H0&+0&R&z0:3]=[C&D2&v4&H1&+0&R&z0:4]-[C&D3&v4&H1&+0&R&z1:5],878
1748,[C&D1&v4&H3&+0&!R&z0:1]-[C&D2&v4&H1&+0&!R&z0:2]=[C&D3&v4&H0&+0&!R&z0:3]-[C&D3&v4&H1&+0&R&z0:4]-[C&D3&v4&H1&+0&R&z0:5](-[C&D3&v4&H1&+0&R&z0:6]1-[C&D3&v4&H1&+0&R&z0:7]-[C&D2&v4&H2&+0&R&z0:8]-[C&D3&v4&H1&+0&R&z0:9]-[C&D2&v4&H2&+0&R&z0:10]-[C&D3&v4&H1&+0&R&z0:11]-1-[C&D1&v4&H3&+0&!R&z0:12])-[C&D3&v4&H0&+0&!R&z1:13](-[O&D1&v2&H1&+0&!R:14])=[C&D3&v4&H0&+0&R&z0:15]>>([C&D1&v4&H3&+0&!R&z0:11]-[C&D2&v4&H1&+0&!R&z0:10]=[C&D3&v4&H0&+0&!R&z0:9]-[C&D2&v4&H1&+0&!R&z0:8]=[C&D2&v4&H1&+0&!R&z0:7].[C&D2&v4&H2&+0&!R&z0:4]-[C&D3&v4&H1&+0&!R&z0:3]-[C&D2&v4&H2&+0&!R&z0:2]-[C&D3&v4&H1&+0&!R&z0:1](-[C&D1&v4&H3&+0&!R&z0:12])-[C&D2&v4&H1&+0&!R&z0:6]=[C&D2&v4&H1&+0&!R&z0:5]-[C&D3&v4&H0&+0&!R&z1:13](=[O&D1&v2&H0&+0&!R:14])-[C&D3&v4&H1&+0&R&z0:15]),240
1749,([C&D2&v4&H1&+0&!R&z0:1]=[C&D2&v4&H1&+0&!R&z0:2].[C&D2&v4&H1&+0&!R&z0:3]=[C&D3&v4&H0&+0&!R&z0:4]-[C&D2&v4&H1&+0&!R&z0:5]=[C&D3&v4&H0&+0&!R&z0:6])>>[C&D3&v4&H1&+0&R&z0:3]1-[C&D3&v4&H0&+0&R&z0:4]=[C&D2&v4&H1&+0&R&z0:5]-[C&D4&v4&H0&+0&R&z0:6]-[C&D3&v4&H1&+0&R&z0:1]-[C&D3&v4&H1&+0&R&z0:2]-1,758
1750,([C&D1&v4&H3&+0&!R&z0:1]-[C&D2&v4&H1&+0&!R&z0:2]=[C&D3&v4&H0&+0&!R&z0:3]-[C&D2&v4&H1&+0&!R&z0:4]=[C&D2&v4&H1&+0&!R&z0:5].[C&D2&v4&H2&+0&!R&z0:6]-[C&D3&v4&H1&+0&!R&z0:7]-[C&D2&v4&H2&+0&!R&z0:8]-[C&D3&v4&H1&+0&!R&z0:9](-[C&D1&v4&H3&+0&!R&z0:10])-[C&D2&v4&H1&+0&!R&z0:11]=[C&D2&v4&H1&+0&!R&z0:12]-[C&D3&v4&H0&+0&!R&z1:13](=[O&D1&v2&H0&+0&!R:14])-[C&D3&v4&H1&+0&R&z0:15])>>[C&D1&v4&H3&+0&!R&z0:9]-[C&D2&v4&H1&+0&!R&z0:8]=[C&D3&v4&H0&+0&!R&z0:7]-[C&D3&v4&H1&+0&R&z0:6]-[C&D3&v4&H1&+0&R&z0:12](-[C&D3&v4&H1&+0&R&z0:11]1-[C&D3&v4&H1&+0&R&z0:5]-[C&D2&v4&H2&+0&R&z0:4]-[C&D3&v4&H1&+0&R&z0:3]-[C&D2&v4&H2&+0&R&z0:2]-[C&D3&v4&H1&+0&R&z0:1]-1-[C&D1&v4&H3&+0&!R&z0:10])-[C&D3&v4&H0&+0&!R&z1:13](-[O&D1&v2&H1&+0&!R:14])=[C&D3&v4&H0&+0&R&z0:15],748
1751,[C&D1&v4&H3&+0&!R&z0:1]-[C&D2&v4&H1&+0&!R&z0:2].[S&D2&v2&H0&+0&!R:3]>>[C&D1&v4&H2&+0&!R&z0:2].[C&D1&v4&H3&+0&!R&z1:1]-[S&D3&v3&H0&+&!R:3],371
1752,[C&D1&v4&H3&+0&!R&z0:1]-[C&D2&v4&H1&+0&!R&z0:2]=[C&D3&v4&H0&+0&!R&z1:3].[S&D1&v2&H1&+0&!R:4]>>[S&D2&v2&H0&+0&!R:4]-[C&D2&v4&H2&+0&!R&z1:1]-[C&D2&v4&H2&+0&!R&z0:2]-[C&D3&v4&H1&+0&!R&z1:3],480
1753,[C&D1&v4&H3&+0&!R&z0:1]-[C&D2&v4&H1&+0&!R&z0:2]=[C&D3&v4&H0&+0&!R&z1:3].[S&D1&v2&H1&+0&!R:4]>>[C&D3&v4&H1&+0&!R&z1:3]-[C&D2&v4&H2&+0&!R&z0:2]-[C&D2&v4&H2&+0&!R&z1:1]-[S&D2&v2&H0&+0&!R:4],480
1754,[C&D2&v4&H1&+0&!R&z0:1]=[C&D3&v4&H0&+0&!R&z1:2]-[N&D1&v3&H2&+0&!R:3].[O&D0&v2&H2&+0&!R:4]>>[C&D3&v4&H1&+0&!R&z1:1](-[O&D1&v2&H1&+0&!R:4])-[C&D3&v4&H1&+0&!R&z1:2]-[N&D1&v3&H2&+0&!R:3],703
1755,[C&D1&v4&H3&+0&!R&z0:1]-[C&D2&v4&H1&+0&!R&z0:2]=[C&D3&v4&H0&+0&!R&z1:3].[O&D0&v2&H2&+0&!R:4]>>[C&D3&v4&H1&+0&!R&z1:3]-[C&D2&v4&H2&+0&!R&z0:2]-[C&D2&v4&H2&+0&!R&z1:1]-[O&D1&v2&H1&+0&!R:4],393
1756,[C&D1&v4&H3&+0&!R&z0:1]-[C&D2&v4&H1&+0&!R&z0:2]=[C&D3&v4&H0&+0&!R&z1:3].[S&D0&v2&H2&+0&!R:4]>>[C&D3&v4&H1&+0&!R&z1:3]-[C&D2&v4&H2&+0&!R&z0:2]-[C&D2&v4&H2&+0&!R&z1:1]-[S&D1&v2&H1&+0&!R:4],480
1757,[C&D2&v4&H1&+0&!R&z0:1]=[C&D3&v4&H0&+0&!R&z1:2]-[N&D1&v3&H2&+0&!R:3]>>[C&D2&v4&H2&+0&!R&z0:1]-[C&D3&v4&H0&+0&!R&z1:2]=[N&D1&v3&H1&+0&!R:3],749
1758,[C&D1&v4&H3&+0&!R&z0:1]-[C&D2&v4&H1&+0&!R&z0:2]=[C&D3&v4&H0&+0&!R&z1:3]>>[C&D4&v4&H0&+0&R&z1:3]1-[C&D2&v4&H2&+0&R&z0:1]-[C&D2&v4&H2&+0&R&z0:2]-1,667
1759,[C&D2&v4&H1&+0&!R&z0:1]=[C&D3&v4&H0&+0&R&z0:2].[C&D3&v4&H0&+0&R&z0:3]1=[C&D2&v4&H1&+0&R&z1:4]-[N&D3&v3&H0&+0&R:5]-[C&D2&v4&H1&+0&R&z1:6]=[C&D2&v4&H1&+0&R&z0:7]-[C&D2&v4&H2&+0&R&z0:8]-1>>[C&D2&v4&H2&+0&!R&z0:1]-[C&D3&v4&H1&+0&R&z0:2].[c&D3&v4&H0&+0&R&z0:3]1:[c&D2&v4&H1&+0&R&z0:8]:[c&D2&v4&H1&+0&R&z0:7]:[c&D2&v4&H1&+0&R&z1:6]:[n&D3&v4&H0&+&R:5]:[c&D2&v4&H1&+0&R&z1:4]:1,515
1760,[C&D2&v4&H1&+0&R&z1:1]=[N&D3&v4&H0&+&R:2].[C&D3&v4&H0&+0&R&z0:3]1=[C&D2&v4&H1&+0&R&z1:4]-[N&D3&v3&H0&+0&R:5]-[C&D2&v4&H1&+0&R&z1:6]=[C&D2&v4&H1&+0&R&z0:7]-[C&D2&v4&H2&+0&R&z0:8]-1>>[C&D2&v4&H2&+0&R&z1:1]-[N&D3&v3&H0&+0&R:2].[c&D3&v4&H0&+0&R&z0:3]1:[c&D2&v4&H1&+0&R&z0:8]:[c&D2&v4&H1&+0&R&z0:7]:[c&D2&v4&H1&+0&R&z1:6]:[n&D3&v4&H0&+&R:5]:[c&D2&v4&H1&+0&R&z1:4]:1,91
1761,[C&D4&v4&H0&+0&R&z0:1]-[C&D3&v4&H0&+0&!R&z2:2]-[O&D2&v2&H0&+0&!R:3].[O&D0&v2&H2&+0&!R:4]>>[C&D3&v4&H1&+0&R&z0:1].[O&D1&v2&H0&+0&!R:4]=[C&D2&v4&H0&+0&!R&z2:2].[O&D1&v2&H1&+0&!R:3],746
1762,[C&D3&v4&H1&+0&R&z0:1].[O&D1&v2&H0&+0&!R:2]=[C&D2&v4&H0&+0&!R&z2:3]=[O&D1&v2&H0&+0&!R:4].[O&D1&v2&H1&+0&!R:5]>>[C&D4&v4&H0&+0&R&z0:1]-[C&D3&v4&H0&+0&!R&z2:3](=[O&D1&v2&H0&+0&!R:4])-[O&D2&v2&H0&+0&!R:5].[O&D0&v2&H2&+0&!R:2],306
1763,[C&D3&v4&H1&+0&R&z0:1].[O&D1&v2&H0&+0&!R:2]=[C&D2&v4&H1&+0&!R&z2:3]-[O&D1&v2&H1&+0&!R:4]>>[C&D4&v4&H0&+0&R&z0:1]-[C&D2&v4&H1&+0&!R&z1:3]=[O&D1&v2&H0&+0&!R:2].[O&D0&v2&H2&+0&!R:4],355
1764,[C&D4&v4&H0&+0&R&z0:1]-[C&D2&v4&H1&+0&!R&z1:2]=[O&D1&v2&H0&+0&!R:3].[O&D0&v2&H2&+0&!R:4]>>[C&D3&v4&H1&+0&R&z0:1].[O&D1&v2&H0&+0&!R:3]=[C&D2&v4&H1&+0&!R&z2:2]-[O&D1&v2&H1&+0&!R:4],668
1765,[C&D2&v4&H2&+0&R&z1:1]-[N&D3&v3&H0&+0&R:2].[c&D3&v4&H0&+0&R&z0:3]1:[c&D2&v4&H1&+0&R&z0:4]:[c&D2&v4&H1&+0&R&z0:5]:[c&D2&v4&H1&+0&R&z1:6]:[n&D3&v4&H0&+&R:7]:[c&D2&v4&H1&+0&R&z1:8]:1>>[C&D2&v4&H1&+0&R&z1:1]=[N&D3&v4&H0&+&R:2].[C&D3&v4&H0&+0&R&z0:3]1=[C&D2&v4&H1&+0&R&z1:8]-[N&D3&v3&H0&+0&R:7]-[C&D2&v4&H1&+0&R&z1:6]=[C&D2&v4&H1&+0&R&z0:5]-[C&D2&v4&H2&+0&R&z0:4]-1,801
1766,[C&D2&v4&H1&+0&!R&z0:1]=[C&D3&v4&H0&+0&R&z1:2].[C&D3&v4&H0&+0&R&z0:3]1=[C&D2&v4&H1&+0&R&z1:4]-[N&D3&v3&H0&+0&R:5]-[C&D2&v4&H1&+0&R&z1:6]=[C&D2&v4&H1&+0&R&z0:7]-[C&D2&v4&H2&+0&R&z0:8]-1>>[C&D2&v4&H2&+0&!R&z0:1]-[C&D3&v4&H1&+0&R&z1:2].[c&D3&v4&H0&+0&R&z0:3]1:[c&D2&v4&H1&+0&R&z0:8]:[c&D2&v4&H1&+0&R&z0:7]:[c&D2&v4&H1&+0&R&z1:6]:[n&D3&v4&H0&+&R:5]:[c&D2&v4&H1&+0&R&z1:4]:1,515
1767,[C&D2&v4&H1&+0&!R&z0:1]=[C&D2&v4&H1&+0&!R&z0:2].[N&D0&v3&H3&+0&!R:3]>>[C&D3&v4&H1&+0&!R&z1:1](-[N&D1&v3&H2&+0&!R:3])-[C&D2&v4&H2&+0&!R&z0:2],875
1768,[C&D2&v4&H1&+0&!R&z0:1]=[C&D2&v4&H1&+0&!R&z0:2].[C&D3&v4&H0&+0&R&z0:3]1=[C&D2&v4&H1&+0&R&z1:4]-[N&D3&v3&H0&+0&R:5]-[C&D2&v4&H1&+0&R&z1:6]=[C&D2&v4&H1&+0&R&z0:7]-[C&D2&v4&H2&+0&R&z0:8]-1.[O&D1&v2&H0&+0&!R:9]=[C&D2&v4&H0&+0&!R&z2:10]>>[C&D2&v4&H2&+0&!R&z0:1]-[C&D3&v4&H1&+0&!R&z0:2]-[C&D3&v4&H0&+0&!R&z2:10]-[O&D1&v2&H1&+0&!R:9].[c&D3&v4&H0&+0&R&z0:3]1:[c&D2&v4&H1&+0&R&z0:8]:[c&D2&v4&H1&+0&R&z0:7]:[c&D2&v4&H1&+0&R&z1:6]:[n&D3&v4&H0&+&R:5]:[c&D2&v4&H1&+0&R&z1:4]:1,494
1769,[C&D1&v4&H3&+0&!R&z0:1]-[C&D2&v4&H1&+0&!R&z0:2]=[C&D2&v4&H1&+0&!R&z0:3].[O&D0&v2&H2&+0&!R:4]>>[C&D2&v4&H2&+0&!R&z0:3]-[C&D2&v4&H2&+0&!R&z0:2]-[C&D2&v4&H2&+0&!R&z1:1]-[O&D1&v2&H1&+0&!R:4],393
1770,[C&D1&v4&H3&+0&!R&z0:1]-[C&D2&v4&H1&+0&!R&z0:2]=[C&D2&v4&H1&+0&!R&z0:3]>>[C&D1&v4&H2&+0&!R&z0:1]=[C&D2&v4&H1&+0&!R&z0:2]-[C&D2&v4&H2&+0&!R&z0:3],367
1771,[C&D3&v4&H1&+0&R&z0:1]1-[C&D3&v4&H1&+0&R&z0:2]-[C&D2&v4&H1&+0&R&z0:3]=[C&D3&v4&H0&+0&R&z0:4]-[C&D3&v4&H1&+0&R&z0:5]-[C&D3&v4&H1&+0&R&z0:6]-1>>([C&D2&v4&H1&+0&!R&z0:1]=[C&D2&v4&H1&+0&!R&z0:6].[C&D2&v4&H1&+0&!R&z0:5]=[C&D3&v4&H0&+0&!R&z0:4]-[C&D2&v4&H1&+0&!R&z0:3]=[C&D2&v4&H1&+0&!R&z0:2]),687
1772,[C&D2&v4&H1&+0&!R&z0:1]=[C&D2&v4&H1&+0&!R&z0:2]-[C&D2&v4&H1&+0&!R&z0:3]=[C&D3&v4&H0&+0&!R&z1:4]-[O&D1&v2&H1&+0&!R:5].[O&D0&v2&H2&+0&!R:6]>>[C&D2&v4&H2&+0&!R&z0:1]-[C&D3&v4&H1&+0&!R&z1:2](-[O&D1&v2&H1&+0&!R:6])-[C&D2&v4&H2&+0&!R&z0:3]-[C&D3&v4&H0&+0&!R&z1:4]=[O&D1&v2&H0&+0&!R:5],644
1773,[C&D2&v4&H1&+0&!R&z0:1]=[C&D2&v4&H1&+0&!R&z0:2]-[C&D2&v4&H1&+0&!R&z0:3]=[C&D2&v4&H1&+0&!R&z0:4].[C&D3&v4&H0&+0&R&z0:5]1=[C&D2&v4&H1&+0&R&z1:6]-[N&D3&v3&H0&+0&R:7]-[C&D2&v4&H1&+0&R&z1:8]=[C&D2&v4&H1&+0&R&z0:9]-[C&D2&v4&H2&+0&R&z0:10]-1>>[C&D2&v4&H2&+0&!R&z0:1]-[C&D2&v4&H1&+0&!R&z0:2]=[C&D2&v4&H1&+0&!R&z0:3]-[C&D2&v4&H2&+0&!R&z0:4].[c&D3&v4&H0&+0&R&z0:5]1:[c&D2&v4&H1&+0&R&z0:10]:[c&D2&v4&H1&+0&R&z0:9]:[c&D2&v4&H1&+0&R&z1:8]:[n&D3&v4&H0&+&R:7]:[c&D2&v4&H1&+0&R&z1:6]:1,0
1774,([C&D2&v4&H1&+0&!R&z0:1]=[C&D2&v4&H1&+0&!R&z0:2].[C&D2&v4&H1&+0&!R&z0:3]=[C&D3&v4&H0&+0&!R&z0:4]-[C&D2&v4&H1&+0&!R&z0:5]=[C&D2&v4&H1&+0&!R&z0:6])>>[C&D3&v4&H1&+0&R&z0:1]1-[C&D3&v4&H1&+0&R&z0:6]-[C&D2&v4&H1&+0&R&z0:5]=[C&D3&v4&H0&+0&R&z0:4]-[C&D3&v4&H1&+0&R&z0:3]-[C&D3&v4&H1&+0&R&z0:2]-1,758
1775,[C&D2&v4&H1&+0&!R&z1:1]=[O&D1&v2&H0&+0&!R:2].[O&D1&v2&H1&+0&!R:3]-[O&D1&v2&H1&+0&!R:4]>>[C&D2&v4&H2&+0&!R&z1:1]-[O&D1&v2&H1&+0&!R:2].[O&D1&v2&H0&+0&!R:3]=[O&D1&v2&H0&+0&!R:4],824
1776,([C&D2&v4&H1&+0&!R&z0:1]=[C&D2&v4&H1&+0&!R&z0:2].[C&D2&v4&H1&+0&!R&z0:3]=[C&D2&v4&H1&+0&!R&z0:4]-[C&D2&v4&H1&+0&!R&z0:5]=[C&D2&v4&H1&+0&!R&z0:6])>>[C&D3&v4&H1&+0&R&z0:2]1-[C&D3&v4&H1&+0&R&z0:3]-[C&D2&v4&H1&+0&R&z0:4]=[C&D2&v4&H1&+0&R&z0:5]-[C&D3&v4&H1&+0&R&z0:6]-[C&D3&v4&H1&+0&R&z0:1]-1,758
1777,[C&D2&v4&H2&+0&!R&z1:1]-[O&D1&v2&H1&+0&!R:2].[O&D1&v2&H0&+0&!R:3]=[O&D1&v2&H0&+0&!R:4]>>[C&D2&v4&H1&+0&!R&z1:1]=[O&D1&v2&H0&+0&!R:2].[O&D1&v2&H1&+0&!R:3]-[O&D1&v2&H1&+0&!R:4],197
1778,[C&D2&v4&H1&+0&!R&z0:1]=[C&D2&v4&H1&+0&!R&z1:2]-[S&D2&v2&H0&+0&!R:3]>>[C&D2&v4&H2&+0&!R&z0:1]-[C&D2&v4&H1&+0&!R&z1:2]=[S&D2&v3&H0&+&!R:3],21
1779,[C&D2&v4&H1&+0&!R&z1:1].[C&D2&v4&H1&+0&!R&z1:2]=[O&D1&v2&H0&+0&!R:3]>>[C&D3&v4&H0&+0&!R&z1:1]-[C&D3&v4&H1&+0&!R&z1:2]-[O&D1&v2&H1&+0&!R:3],439
1780,[C&D1&v4&H3&+0&!R&z0:1]-[C&D2&v4&H1&+0&!R&z1:2]=[O&D1&v2&H0&+0&!R:3].[N&D0&v3&H3&+0&!R:4].[O&D1&v2&H1&+0&!R:5]>>[N&D1&v3&H2&+0&!R:4]-[C&D2&v4&H2&+0&!R&z1:2]-[C&D2&v4&H2&+0&!R&z1:1]-[O&D2&v2&H0&+0&!R:5].[O&D0&v2&H2&+0&!R:3],779
1781,[C&D1&v4&H3&+0&!R&z0:1]-[C&D2&v4&H1&+0&!R&z1:2]=[O&D1&v2&H0&+0&!R:3].[N&D0&v3&H3&+0&!R:4]>>[N&D1&v3&H2&+0&!R:4]-[C&D2&v4&H2&+0&!R&z1:2]-[C&D2&v4&H2&+0&!R&z1:1]-[O&D1&v2&H1&+0&!R:3],331
1782,[C&D2&v4&H1&+0&!R&z1:1]=[O&D1&v2&H0&+0&!R:2].[C&D3&v4&H1&+0&!R&z1:3]-[C&D3&v4&H1&+0&!R&z1:4]-[O&D1&v2&H1&+0&!R:5]>>[C&D3&v4&H1&+0&!R&z1:1](-[O&D1&v2&H1&+0&!R:2])-[C&D3&v4&H1&+0&!R&z1:3].[O&D1&v2&H0&+0&!R:5]=[C&D2&v4&H1&+0&!R&z1:4],837
1783,[C&D1&v4&H3&+0&!R&z0:1]-[C&D2&v4&H1&+0&!R&z1:2]=[O&D1&v2&H0&+0&!R:3].([O&D1&v2&H0&+0&!R:4]=[C&D2&v4&H1&+0&!R&z1:5].[O&D1&v2&H1&+0&!R:6])>>[O&D2&v2&H0&+0&R:6]-[C&D3&v4&H1&+0&R&z2:2](-[O&D1&v2&H1&+0&!R:3])-[C&D2&v4&H2&+0&R&z0:1]-[C&D3&v4&H1&+0&R&z1:5]-[O&D1&v2&H1&+0&!R:4],231
1784,[C&D2&v4&H1&+0&!R&z1:1]=[O&D1&v2&H0&+0&!R:2].[N&D2&v3&H0&+0&!R:3].[O&D1&v2&H1&+0&!R:4]-[O&D1&v2&H1&+0&!R:5]>>[C&D2&v4&H2&+0&!R&z1:1]-[N&D3&v4&H0&+&!R:3].[O&D0&v2&H2&+0&!R:2].[O&D1&v2&H0&+0&!R:4]=[O&D1&v2&H0&+0&!R:5],851
1785,[C&D1&v4&H3&+0&!R&z0:1]-[C&D2&v4&H1&+0&!R&z1:2]=[O&D1&v2&H0&+0&!R:3].[S&D3&v4&H0&+0&!R:4]-[O&D1&v2&H1&+0&!R:5]>>[O&D1&v2&H0&+0&!R:5]=[S&D4&v6&H0&+0&!R:4]-[C&D2&v4&H2&+0&!R&z1:1]-[C&D2&v4&H2&+0&!R&z1:2]-[O&D1&v2&H1&+0&!R:3],59
1786,[C&D1&v4&H3&+0&!R&z0:1]-[C&D2&v4&H1&+0&!R&z1:2]=[O&D1&v2&H0&+0&!R:3]>>[C&D1&v4&H1&+0&!R&z0:1]#[C&D1&v4&H1&+0&!R&z0:2].[O&D0&v2&H2&+0&!R:3],185
1787,[C&D2&v4&H2&+0&!R&z0:1]-[C&D3&v4&H0&+0&!R&z1:2]=[N&D1&v3&H1&+0&!R:3]>>[C&D2&v4&H1&+0&!R&z0:1]=[C&D3&v4&H0&+0&!R&z1:2]-[N&D1&v3&H2&+0&!R:3],376
1788,[C&D3&v4&H0&+0&!R&z1:1]=[O&D1&v2&H0&+0&!R:2].[c&D3&v4&H0&+0&R&z2:3]-[C&D3&v4&H1&+0&!R&z1:4]-[O&D1&v2&H1&+0&!R:5]>>[C&D4&v4&H0&+0&!R&z1:1](-[O&D1&v2&H1&+0&!R:2])-[C&D3&v4&H0&+0&!R&z1:4]=[O&D1&v2&H0&+0&!R:5].[c&D2&v4&H1&+0&R&z2:3],950
1789,[C&D2&v4&H2&+0&!R&z0:1]-[C&D3&v4&H0&+0&!R&z1:2]=[O&D1&v2&H0&+0&!R:3].[N&D0&v3&H3&+0&!R:4]>>[C&D3&v4&H1&+0&!R&z1:1](-[O&D1&v2&H1&+0&!R:3])-[C&D3&v4&H1&+0&!R&z1:2]-[N&D1&v3&H2&+0&!R:4],331
1790,([C&D2&v4&H2&+0&!R&z0:1].[C&D3&v4&H0&+0&!R&z1:2]=[O&D1&v2&H0&+0&!R:3])>>[C&D4&v4&H0&+0&R&z1:2](-[O&D1&v2&H1&+0&!R:3])-[C&D3&v4&H1&+0&R&z0:1],271
1791,[C&D1&v4&H3&+0&!R&z0:1]-[C&D2&v4&H2&+0&!R&z0:2].[c&D3&v4&H0&+0&R&z0:3]1:[c&D2&v4&H1&+0&R&z0:4]:[c&D2&v4&H1&+0&R&z0:5]:[c&D2&v4&H1&+0&R&z1:6]:[n&D3&v4&H0&+&R:7]:[c&D2&v4&H1&+0&R&z1:8]:1>>[C&D1&v4&H2&+0&!R&z0:1]=[C&D2&v4&H1&+0&!R&z0:2].[C&D3&v4&H0&+0&R&z0:3]1=[C&D2&v4&H1&+0&R&z1:8]-[N&D3&v3&H0&+0&R:7]-[C&D2&v4&H1&+0&R&z1:6]=[C&D2&v4&H1&+0&R&z0:5]-[C&D2&v4&H2&+0&R&z0:4]-1,663
1792,[C&D3&v4&H0&+0&!R&z2:1]-[O&D1&v2&H1&+0&!R:2].[C&D3&v4&H0&+0&R&z0:3]1=[C&D2&v4&H1&+0&R&z1:4]-[N&D3&v3&H0&+0&R:5]-[C&D2&v4&H1&+0&R&z1:6]=[C&D2&v4&H1&+0&R&z0:7]-[C&D2&v4&H2&+0&R&z0:8]-1.[P&D4&v5&H0&+0&!R:9]-[O&D2&v2&H0&+0&!R:10]-[P&D4&v5&H0&+0&!R:11]>>[C&D2&v4&H1&+0&!R&z1:1].[P&D4&v5&H0&+0&!R:11]-[O&D1&v2&H1&+0&!R:10].[P&D4&v5&H0&+0&!R:9]-[O&D1&v2&H1&+0&!R:2].[c&D3&v4&H0&+0&R&z0:3]1:[c&D2&v4&H1&+0&R&z0:8]:[c&D2&v4&H1&+0&R&z0:7]:[c&D2&v4&H1&+0&R&z1:6]:[n&D3&v4&H0&+&R:5]:[c&D2&v4&H1&+0&R&z1:4]:1,441
1793,[C&D3&v4&H0&+0&!R&z2:1](=[O&D1&v2&H0&+0&!R:2])-[O&D1&v2&H1&+0&!R:3].[O&D1&v2&H1&+0&!R:4]-[O&D1&v2&H1&+0&!R:5]>>[C&D2&v4&H1&+0&!R&z1:1]=[O&D1&v2&H0&+0&!R:2].[O&D0&v2&H2&+0&!R:3].[O&D1&v2&H0&+0&!R:4]=[O&D1&v2&H0&+0&!R:5],169
1794,[C&D2&v4&H2&+0&!R&z0:1]-[C&D3&v4&H0&+0&!R&z2:2]-[S&D2&v2&H0&+0&!R:3].[C&D3&v4&H0&+0&!R&z3:4]-[O&D1&v2&H1&+0&!R:5].[C&D3&v4&H0&+0&R&z0:6]1=[C&D2&v4&H1&+0&R&z1:7]-[N&D3&v3&H0&+0&R:8]-[C&D2&v4&H1&+0&R&z1:9]=[C&D2&v4&H1&+0&R&z0:10]-[C&D2&v4&H2&+0&R&z0:11]-1>>[C&D3&v4&H1&+0&!R&z0:1](-[C&D2&v4&H1&+0&!R&z1:2])-[C&D3&v4&H0&+0&!R&z2:4].[O&D0&v2&H2&+0&!R:5].[S&D1&v2&H1&+0&!R:3].[c&D3&v4&H0&+0&R&z0:6]1:[c&D2&v4&H1&+0&R&z0:11]:[c&D2&v4&H1&+0&R&z0:10]:[c&D2&v4&H1&+0&R&z1:9]:[n&D3&v4&H0&+&R:8]:[c&D2&v4&H1&+0&R&z1:7]:1,574
1795,[C&D2&v4&H2&+0&!R&z0:1].[C&D3&v4&H0&+0&!R&z3:2]-[O&D1&v2&H1&+0&!R:3].[P&D4&v5&H0&+0&!R:4]-[O&D2&v2&H0&+0&!R:5]>>[C&D3&v4&H1&+0&!R&z0:1]-[C&D3&v4&H0&+0&!R&z2:2].[O&D1&v2&H1&+0&!R:5].[P&D4&v5&H0&+0&!R:4]-[O&D1&v2&H1&+0&!R:3],126
1796,[C&D2&v4&H2&+0&!R&z0:1]-[C&D3&v4&H0&+0&!R&z2:2](=[O&D1&v2&H0&+0&!R:3])-[S&D2&v2&H0&+0&!R:4].[C&D3&v4&H0&+0&!R&z1:5]=[O&D1&v2&H0&+0&!R:6].[O&D0&v2&H2&+0&!R:7]>>[C&D3&v4&H1&+0&!R&z0:1](-[C&D3&v4&H0&+0&!R&z2:2](=[O&D1&v2&H0&+0&!R:3])-[O&D1&v2&H1&+0&!R:7])-[C&D4&v4&H0&+0&!R&z1:5]-[O&D1&v2&H1&+0&!R:6].[S&D1&v2&H1&+0&!R:4],1014
1797,[C&D2&v4&H2&+0&!R&z0:1]-[C&D3&v4&H0&+0&!R&z2:2](=[O&D1&v2&H0&+0&!R:3])-[S&D2&v2&H0&+0&!R:4].[O&D0&v2&H2&+0&!R:5].[O&D1&v2&H0&+0&!R:6]=[C&D2&v4&H1&+0&!R&z1:7]>>[C&D3&v4&H1&+0&!R&z0:1](-[C&D3&v4&H0&+0&!R&z2:2](=[O&D1&v2&H0&+0&!R:3])-[O&D1&v2&H1&+0&!R:5])-[C&D3&v4&H1&+0&!R&z1:7]-[O&D1&v2&H1&+0&!R:6].[S&D1&v2&H1&+0&!R:4],1014
1798,[C&D2&v4&H2&+0&!R&z0:1].[C&D3&v4&H0&+0&!R&z2:2]-[C&D2&v4&H2&+0&!R&z0:3]>>[C&D1&v4&H3&+0&!R&z0:3].[C&D3&v4&H1&+0&!R&z0:1]-[C&D3&v4&H0&+0&!R&z2:2],686
1799,[C&D2&v4&H2&+0&!R&z0:1].[O&D1&v2&H0&+0&!R:2]=[C&D2&v4&H1&+0&!R&z1:3]>>[C&D3&v4&H1&+0&!R&z0:1]-[C&D3&v4&H1&+0&!R&z1:3]-[O&D1&v2&H1&+0&!R:2],439
1800,[C&D2&v4&H2&+0&!R&z0:1]-[C&D3&v4&H1&+0&!R&z0:2]-[C&D3&v4&H0&+0&!R&z2:3]-[O&D1&v2&H1&+0&!R:4].[c&D3&v4&H0&+0&R&z0:5]1:[c&D2&v4&H1&+0&R&z0:6]:[c&D2&v4&H1&+0&R&z0:7]:[c&D2&v4&H1&+0&R&z1:8]:[n&D3&v4&H0&+&R:9]:[c&D2&v4&H1&+0&R&z1:10]:1>>[C&D2&v4&H1&+0&!R&z0:1]=[C&D2&v4&H1&+0&!R&z0:2].[C&D3&v4&H0&+0&R&z0:5]1=[C&D2&v4&H1&+0&R&z1:10]-[N&D3&v3&H0&+0&R:9]-[C&D2&v4&H1&+0&R&z1:8]=[C&D2&v4&H1&+0&R&z0:7]-[C&D2&v4&H2&+0&R&z0:6]-1.[O&D1&v2&H0&+0&!R:4]=[C&D2&v4&H0&+0&!R&z2:3],373
1801,[C&D1&v4&H3&+0&!R&z0:1]-[C&D2&v4&H2&+0&!R&z0:2]-[C&D3&v4&H1&+0&!R&z0:3]-[C&D3&v4&H0&+0&!R&z2:4]>>[C&D1&v4&H3&+0&!R&z0:1]-[C&D3&v4&H1&+0&!R&z0:3]-[C&D2&v4&H2&+0&!R&z0:2]-[C&D3&v4&H0&+0&!R&z2:4],948
1802,[C&D1&v4&H3&+0&!R&z0:1]-[C&D2&v4&H2&+0&!R&z0:2].[C&D3&v4&H0&+0&R&z0:3]1=[C&D2&v4&H1&+0&R&z1:4]-[N&D3&v3&H0&+0&R:5]-[C&D2&v4&H1&+0&R&z1:6]=[C&D2&v4&H1&+0&R&z0:7]-[C&D2&v4&H2&+0&R&z0:8]-1.[O&D1&v2&H0&+0&!R:9]=[O&D1&v2&H0&+0&!R:10]>>[C&D1&v4&H2&+0&!R&z0:1]=[C&D2&v4&H1&+0&!R&z0:2].[O&D0&v2&H2&+0&!R:10].[O&D0&v2&H2&+0&!R:9].[c&D3&v4&H0&+0&R&z0:3]1:[c&D2&v4&H1&+0&R&z0:8]:[c&D2&v4&H1&+0&R&z0:7]:[c&D2&v4&H1&+0&R&z1:6]:[n&D3&v4&H0&+&R:5]:[c&D2&v4&H1&+0&R&z1:4]:1,897
1803,[C&D4&v4&H0&+0&!R&z1:1](-[C&D1&v4&H3&+0&!R&z0:2])-[C&D3&v4&H0&+0&!R&z1:3]-[C&D3&v4&H0&+0&!R&z2:4]>>[C&D4&v4&H0&+0&!R&z1:1](-[C&D3&v4&H0&+0&!R&z1:3]-[C&D1&v4&H3&+0&!R&z0:2])-[C&D3&v4&H0&+0&!R&z2:4],948
1804,[C&D2&v4&H2&+0&!R&z0:1]-[C&D4&v4&H0&+0&!R&z1:2](-[O&D1&v2&H1&+0&!R:3])-[C&D3&v4&H1&+0&!R&z1:4].[c&D3&v4&H0&+0&R&z0:5]1:[c&D2&v4&H1&+0&R&z0:6]:[c&D2&v4&H1&+0&R&z0:7]:[c&D2&v4&H1&+0&R&z1:8]:[n&D3&v4&H0&+&R:9]:[c&D2&v4&H1&+0&R&z1:10]:1>>[C&D2&v4&H2&+0&!R&z0:1]-[C&D4&v4&H0&+0&!R&z1:4]-[C&D3&v4&H0&+0&!R&z1:2]=[O&D1&v2&H0&+0&!R:3].[C&D3&v4&H0&+0&R&z0:5]1=[C&D2&v4&H1&+0&R&z1:10]-[N&D3&v3&H0&+0&R:9]-[C&D2&v4&H1&+0&R&z1:8]=[C&D2&v4&H1&+0&R&z0:7]-[C&D2&v4&H2&+0&R&z0:6]-1,990
1805,([C&D2&v4&H1&+0&!R&z0:1].[C&D3&v4&H0&+0&R&z1:2]=[O&D1&v2&H0&+0&!R:3])>>[C&D3&v4&H0&+0&R&z0:1]-[C&D4&v4&H0&+0&R&z1:2]-[O&D1&v2&H1&+0&!R:3],271
1806,[C&D3&v4&H0&+0&R&z0:1]-[C&D4&v4&H0&+0&R&z1:2]-[O&D1&v2&H1&+0&!R:3]>>([C&D2&v4&H1&+0&!R&z0:1].[C&D3&v4&H0&+0&R&z1:2]=[O&D1&v2&H0&+0&!R:3]),705
1807,[C&D3&v4&H1&+0&!R&z1:1](-[C&D2&v4&H1&+0&!R&z0:2]=[C&D2&v4&H1&+0&!R&z0:3])-[O&D2&v2&H0&+0&!R:4]-[O&D1&v2&H1&+0&!R:5]>>[C&D2&v4&H1&+0&!R&z0:1]=[C&D2&v4&H1&+0&!R&z0:2]-[C&D2&v4&H2&+0&!R&z0:3].[O&D1&v2&H0&+0&!R:4]=[O&D1&v2&H0&+0&!R:5],744
1808,[C&D4&v4&H0&+0&!R&z1:1](-[O&D1&v2&H1&+0&!R:2])-[C&D3&v4&H0&+0&!R&z1:3]=[O&D1&v2&H0&+0&!R:4].[c&D2&v4&H1&+0&R&z2:5]>>[C&D3&v4&H0&+0&!R&z1:1]=[O&D1&v2&H0&+0&!R:2].[c&D3&v4&H0&+0&R&z2:5]-[C&D3&v4&H1&+0&!R&z1:3]-[O&D1&v2&H1&+0&!R:4],282
1809,[C&D2&v4&H2&+0&!R&z0:1]-[C&D4&v4&H0&+0&!R&z1:2]-[C&D3&v4&H0&+0&!R&z1:3]=[O&D1&v2&H0&+0&!R:4].[C&D3&v4&H0&+0&R&z0:5]1=[C&D2&v4&H1&+0&R&z1:6]-[N&D3&v3&H0&+0&R:7]-[C&D2&v4&H1&+0&R&z1:8]=[C&D2&v4&H1&+0&R&z0:9]-[C&D2&v4&H2&+0&R&z0:10]-1>>[C&D2&v4&H2&+0&!R&z0:1]-[C&D4&v4&H0&+0&!R&z1:3](-[O&D1&v2&H1&+0&!R:4])-[C&D3&v4&H1&+0&!R&z1:2].[c&D3&v4&H0&+0&R&z0:5]1:[c&D2&v4&H1&+0&R&z0:10]:[c&D2&v4&H1&+0&R&z0:9]:[c&D2&v4&H1&+0&R&z1:8]:[n&D3&v4&H0&+&R:7]:[c&D2&v4&H1&+0&R&z1:6]:1,108
1810,[C&D4&v4&H0&+0&!R&z1:1](-[O&D1&v2&H1&+0&!R:2])-[C&D3&v4&H0&+0&!R&z1:3]=[O&D1&v2&H0&+0&!R:4].[O&D1&v2&H0&+0&!R:5]=[C&D2&v4&H0&+0&!R&z2:6]>>[C&D3&v4&H0&+0&!R&z1:3](=[O&D1&v2&H0&+0&!R:4])-[C&D3&v4&H0&+0&!R&z2:6]-[O&D1&v2&H1&+0&!R:5].[C&D3&v4&H0&+0&!R&z1:1]=[O&D1&v2&H0&+0&!R:2],837
1811,[C&D4&v4&H0&+0&!R&z1:1](-[C&D3&v4&H0&+0&!R&z1:2]-[C&D1&v4&H3&+0&!R&z0:3])-[C&D3&v4&H0&+0&!R&z2:4]>>[C&D4&v4&H0&+0&!R&z1:1](-[C&D1&v4&H3&+0&!R&z0:3])-[C&D3&v4&H0&+0&!R&z1:2]-[C&D3&v4&H0&+0&!R&z2:4],948
1812,([C&D3&v4&H1&+0&!R&z1:1](-[O&D1&v2&H1&+0&!R:2])-[C&D2&v4&H1&+0&!R&z0:3]=[C&D2&v4&H1&+0&!R&z0:4]-[C&D2&v4&H1&+0&!R&z0:5]=[C&D2&v4&H1&+0&!R&z0:6]-[C&D2&v4&H1&+0&!R&z0:7]=[C&D2&v4&H1&+0&!R&z0:8].[O&D1&v2&H1&+0&!R:9])>>[C&D2&v4&H1&+0&!R&z0:1]=[C&D2&v4&H1&+0&!R&z0:3]-[C&D2&v4&H1&+0&!R&z0:4]=[C&D2&v4&H1&+0&!R&z0:5]-[C&D2&v4&H1&+0&!R&z0:6]=[C&D2&v4&H1&+0&!R&z0:7]-[C&D3&v4&H1&+0&R&z1:8]-[O&D2&v2&H0&+0&R:9].[O&D0&v2&H2&+0&!R:2],542
1813,[C&D2&v4&H1&+0&!R&z0:1]=[C&D2&v4&H1&+0&!R&z0:2]-[C&D2&v4&H1&+0&!R&z0:3]=[C&D2&v4&H1&+0&!R&z0:4]-[C&D2&v4&H1&+0&!R&z0:5]=[C&D2&v4&H1&+0&!R&z0:6]-[C&D3&v4&H1&+0&R&z1:7]-[O&D2&v2&H0&+0&R:8].[O&D0&v2&H2&+0&!R:9]>>([C&D3&v4&H1&+0&!R&z1:1](-[O&D1&v2&H1&+0&!R:9])-[C&D2&v4&H1&+0&!R&z0:2]=[C&D2&v4&H1&+0&!R&z0:3]-[C&D2&v4&H1&+0&!R&z0:4]=[C&D2&v4&H1&+0&!R&z0:5]-[C&D2&v4&H1&+0&!R&z0:6]=[C&D2&v4&H1&+0&!R&z0:7].[O&D1&v2&H1&+0&!R:8]),876
1814,[C&D2&v4&H1&+0&!R&z0:1]=[C&D2&v4&H1&+0&!R&z0:2]-[C&D2&v4&H1&+0&!R&z0:3]=[C&D2&v4&H1&+0&!R&z0:4]-[C&D3&v4&H1&+0&R&z1:5]-[O&D2&v2&H0&+0&R:6].[O&D0&v2&H2&+0&!R:7]>>([C&D2&v4&H2&+0&!R&z0:1]-[C&D2&v4&H1&+0&!R&z0:2]=[C&D2&v4&H1&+0&!R&z0:3]-[C&D2&v4&H1&+0&!R&z0:4]=[C&D2&v4&H1&+0&!R&z0:5].[O&D2&v2&H0&+0&!R:6]-[O&D1&v2&H1&+0&!R:7]),160
1815,([C&D2&v4&H2&+0&!R&z0:1]-[C&D2&v4&H1&+0&!R&z0:2]=[C&D2&v4&H1&+0&!R&z0:3]-[C&D2&v4&H1&+0&!R&z0:4]=[C&D2&v4&H1&+0&!R&z0:5].[O&D2&v2&H0&+0&!R:6]-[O&D1&v2&H1&+0&!R:7])>>[C&D2&v4&H1&+0&!R&z0:1]=[C&D2&v4&H1&+0&!R&z0:2]-[C&D2&v4&H1&+0&!R&z0:3]=[C&D2&v4&H1&+0&!R&z0:4]-[C&D3&v4&H1&+0&R&z1:5]-[O&D2&v2&H0&+0&R:6].[O&D0&v2&H2&+0&!R:7],77
1816,[C&D2&v4&H1&+0&!R&z0:1]=[C&D2&v4&H1&+0&!R&z0:2]-[C&D3&v4&H1&+0&!R&z1:3]-[O&D2&v2&H0&+0&!R:4]-[O&D1&v2&H1&+0&!R:5]>>[C&D2&v4&H2&+0&!R&z0:1]-[C&D2&v4&H1&+0&!R&z0:2]=[C&D2&v4&H1&+0&!R&z0:3].[O&D1&v2&H0&+0&!R:4]=[O&D1&v2&H0&+0&!R:5],744
1817,[C&D2&v4&H2&+0&!R&z0:1]-[C&D2&v4&H1&+0&!R&z0:2]=[C&D2&v4&H1&+0&!R&z0:3].[O&D1&v2&H0&+0&!R:4]=[O&D1&v2&H0&+0&!R:5]>>[C&D2&v4&H1&+0&!R&z0:1]=[C&D2&v4&H1&+0&!R&z0:2]-[C&D3&v4&H1&+0&!R&z1:3]-[O&D2&v2&H0&+0&!R:4]-[O&D1&v2&H1&+0&!R:5],714
1818,[C&D2&v4&H2&+0&!R&z0:1]-[C&D3&v4&H1&+0&!R&z1:2](-[O&D1&v2&H1&+0&!R:3])-[C&D2&v4&H2&+0&!R&z0:4]-[C&D3&v4&H0&+0&!R&z1:5]=[O&D1&v2&H0&+0&!R:6]>>[C&D2&v4&H1&+0&!R&z0:1]=[C&D2&v4&H1&+0&!R&z0:2]-[C&D2&v4&H1&+0&!R&z0:4]=[C&D3&v4&H0&+0&!R&z1:5]-[O&D1&v2&H1&+0&!R:6].[O&D0&v2&H2&+0&!R:3],840
1819,[C&D4&v4&H0&+0&R&z1:1](-[O&D1&v2&H1&+0&!R:2])-[C&D3&v4&H1&+0&R&z0:3]>>([C&D2&v4&H2&+0&!R&z0:3].[C&D3&v4&H0&+0&!R&z1:1]=[O&D1&v2&H0&+0&!R:2]),705
1820,[C&D2&v4&H1&+0&R&z0:1]=[C&D2&v4&H1&+0&R&z0:2].[O&D1&v2&H1&+0&!R:3]-[O&D1&v2&H1&+0&!R:4]>>[C&D2&v4&H2&+0&R&z0:1]-[C&D2&v4&H2&+0&R&z0:2].[O&D1&v2&H0&+0&!R:3]=[O&D1&v2&H0&+0&!R:4],976
1821,[C&D2&v4&H2&+0&R&z0:1]-[C&D2&v4&H2&+0&R&z0:2].[O&D1&v2&H0&+0&!R:3]=[O&D1&v2&H0&+0&!R:4]>>[C&D2&v4&H1&+0&R&z0:1]=[C&D2&v4&H1&+0&R&z0:2].[O&D1&v2&H1&+0&!R:3]-[O&D1&v2&H1&+0&!R:4],734
1822,[C&D3&v4&H1&+0&!R&z1:1](-[C&D1&v4&H3&+0&!R&z0:2])-[O&D1&v2&H1&+0&!R:3]>>[C&D1&v4&H2&+0&!R&z0:2]=[C&D2&v4&H1&+0&!R&z0:1].[O&D0&v2&H2&+0&!R:3],451
1823,[C&D2&v4&H2&+0&R&z0:1]-[C&D3&v4&H1&+0&R&z0:2].[C&D3&v4&H0&+0&!R&z1:3](=[O&D1&v2&H0&+0&!R:4])-[C&D3&v4&H0&+0&!R&z2:5]-[O&D1&v2&H1&+0&!R:6].[O&D1&v2&H0&+0&!R:7]=[O&D1&v2&H0&+0&!R:8]>>[C&D3&v4&H0&+0&R&z0:2]=[C&D2&v4&H1&+0&R&z0:1].[O&D0&v2&H2&+0&!R:8].[O&D1&v2&H0&+0&!R:6]=[C&D2&v4&H0&+0&!R&z2:5].[O&D1&v2&H0&+0&!R:4]=[C&D3&v4&H0&+0&!R&z2:3]-[O&D1&v2&H1&+0&!R:7],301
1824,[C&D3&v4&H0&+0&!R&z2:1]-[O&D1&v2&H1&+0&!R:2].[C&D3&v4&H0&+0&R&z0:3]=[C&D2&v4&H1&+0&R&z0:4].[O&D0&v2&H2&+0&!R:5].[O&D1&v2&H0&+0&!R:6]=[C&D2&v4&H0&+0&!R&z2:7]>>[C&D2&v4&H2&+0&R&z0:4]-[C&D3&v4&H1&+0&R&z0:3].[C&D3&v4&H0&+0&!R&z1:1]-[C&D3&v4&H0&+0&!R&z2:7]-[O&D1&v2&H1&+0&!R:6].[O&D1&v2&H0&+0&!R:2]=[O&D1&v2&H0&+0&!R:5],305
1825,[C&D3&v4&H0&+0&R&z0:1]1=[C&D2&v4&H1&+0&R&z0:2]-[C&D3&v4&H1&+0&R&z0:3]-[C&D2&v4&H2&+0&R&z0:4]-[C&D4&v4&H0&+0&R&z0:5]-[C&D3&v4&H1&+0&R&z1:6]-1>>([C&D1&v4&H2&+0&!R&z0:4]=[C&D3&v4&H0&+0&!R&z0:5].[C&D2&v4&H1&+0&R&z1:6]=[C&D3&v4&H0&+0&R&z0:1]-[C&D2&v4&H1&+0&R&z0:2]=[C&D2&v4&H1&+0&R&z0:3]),687
1826,[C&D4&v4&H0&+0&R&z0:1](-[C&D2&v4&H2&+0&!R&z1:2]-[O&D2&v2&H0&+0&!R:3])-[C&D3&v4&H1&+0&R&z0:4]-[C&D2&v4&H2&+0&R&z0:5]>>([C&D1&v4&H2&+0&!R&z0:2]=[C&D3&v4&H0&+0&!R&z0:1].[C&D2&v4&H1&+0&R&z0:4]=[C&D2&v4&H1&+0&R&z0:5]).[O&D1&v2&H1&+0&!R:3],774
1827,[C&D2&v4&H2&+0&!R&z0:1]-[C&D3&v4&H1&+0&R&z0:2].[c&D3&v4&H0&+0&R&z0:3]1:[c&D2&v4&H1&+0&R&z0:4]:[c&D2&v4&H1&+0&R&z0:5]:[c&D2&v4&H1&+0&R&z1:6]:[n&D3&v4&H0&+&R:7]:[c&D2&v4&H1&+0&R&z1:8]:1>>[C&D2&v4&H1&+0&!R&z0:1]=[C&D3&v4&H0&+0&R&z0:2].[C&D3&v4&H0&+0&R&z0:3]1=[C&D2&v4&H1&+0&R&z1:8]-[N&D3&v3&H0&+0&R:7]-[C&D2&v4&H1&+0&R&z1:6]=[C&D2&v4&H1&+0&R&z0:5]-[C&D2&v4&H2&+0&R&z0:4]-1,663
1828,[C&D4&v4&H0&+0&R&z0:1]1-[C&D2&v4&H1&+0&R&z0:2]=[C&D3&v4&H0&+0&R&z0:3]-[C&D3&v4&H1&+0&R&z0:4]-[C&D2&v4&H2&+0&R&z0:5]-[C&D4&v4&H0&+0&R&z1:6]-1>>([C&D1&v4&H2&+0&!R&z0:5]=[C&D3&v4&H0&+0&R&z1:6].[C&D3&v4&H0&+0&!R&z0:1]=[C&D2&v4&H1&+0&!R&z0:2]-[C&D3&v4&H0&+0&!R&z0:3]=[C&D2&v4&H1&+0&!R&z0:4]),687
1829,[C&D2&v4&H2&+0&!R&z0:1]-[C&D3&v4&H1&+0&R&z1:2].[c&D3&v4&H0&+0&R&z0:3]1:[c&D2&v4&H1&+0&R&z0:4]:[c&D2&v4&H1&+0&R&z0:5]:[c&D2&v4&H1&+0&R&z1:6]:[n&D3&v4&H0&+&R:7]:[c&D2&v4&H1&+0&R&z1:8]:1>>[C&D2&v4&H1&+0&!R&z0:1]=[C&D3&v4&H0&+0&R&z1:2].[C&D3&v4&H0&+0&R&z0:3]1=[C&D2&v4&H1&+0&R&z1:8]-[N&D3&v3&H0&+0&R:7]-[C&D2&v4&H1&+0&R&z1:6]=[C&D2&v4&H1&+0&R&z0:5]-[C&D2&v4&H2&+0&R&z0:4]-1,663
1830,[C&D2&v4&H1&+0&!R&z0:1]=[C&D2&v4&H1&+0&!R&z0:2]-[C&D2&v4&H1&+0&!R&z0:3]=[C&D2&v4&H1&+0&!R&z0:4]-[C&D2&v4&H2&+0&!R&z0:5]>>[C&D2&v4&H2&+0&!R&z0:1]-[C&D2&v4&H1&+0&!R&z0:2]=[C&D2&v4&H1&+0&!R&z0:3]-[C&D2&v4&H1&+0&!R&z0:4]=[C&D2&v4&H1&+0&!R&z0:5],507
1831,[C&D2&v4&H1&+0&!R&z0:1]=[C&D2&v4&H1&+0&!R&z1:2]-[O&D2&v2&H0&+0&!R:3]-[C&D2&v4&H1&+0&!R&z1:4].[O&D0&v2&H2&+0&!R:5]>>[C&D2&v4&H2&+0&!R&z0:1]-[C&D3&v4&H1&+0&!R&z1:2](-[C&D2&v4&H1&+0&!R&z0:4])-[O&D2&v2&H0&+0&!R:3]-[O&D1&v2&H1&+0&!R:5],263
1832,[C&D2&v4&H2&+0&!R&z0:1]-[C&D2&v4&H1&+0&!R&z0:2]=[C&D2&v4&H1&+0&!R&z0:3]-[C&D2&v4&H2&+0&!R&z0:4].[c&D3&v4&H0&+0&R&z0:5]1:[c&D2&v4&H1&+0&R&z0:6]:[c&D2&v4&H1&+0&R&z0:7]:[c&D2&v4&H1&+0&R&z1:8]:[n&D3&v4&H0&+&R:9]:[c&D2&v4&H1&+0&R&z1:10]:1>>[C&D2&v4&H1&+0&!R&z0:1]=[C&D2&v4&H1&+0&!R&z0:2]-[C&D2&v4&H1&+0&!R&z0:3]=[C&D2&v4&H1&+0&!R&z0:4].[C&D3&v4&H0&+0&R&z0:5]1=[C&D2&v4&H1&+0&R&z1:10]-[N&D3&v3&H0&+0&R:9]-[C&D2&v4&H1&+0&R&z1:8]=[C&D2&v4&H1&+0&R&z0:7]-[C&D2&v4&H2&+0&R&z0:6]-1,695
1833,[C&D2&v4&H2&+0&!R&z0:1]-[C&D3&v4&H1&+0&!R&z1:2](-[C&D2&v4&H1&+0&!R&z0:3])-[O&D2&v2&H0&+0&!R:4]-[O&D1&v2&H1&+0&!R:5]>>[C&D2&v4&H1&+0&!R&z0:1]=[C&D2&v4&H1&+0&!R&z1:2]-[O&D2&v2&H0&+0&!R:4]-[C&D2&v4&H1&+0&!R&z1:3].[O&D0&v2&H2&+0&!R:5],724
1834,([C&D2&v4&H1&+0&!R&z0:1].[O&D2&v2&H0&+0&!R:2]-[O&D1&v2&H1&+0&!R:3])>>[O&D0&v2&H2&+0&!R:3].[O&D2&v2&H0&+0&R:2]-[C&D3&v4&H0&+0&R&z1:1],202
1835,[C&D3&v4&H1&+0&!R&z1:1](-[C&D2&v4&H1&+0&!R&z0:2]=[C&D2&v4&H1&+0&!R&z0:3])-[O&D2&v2&H0&+0&!R:4]>>[C&D2&v4&H1&+0&!R&z0:1]=[C&D2&v4&H1&+0&!R&z0:2]-[C&D3&v4&H1&+0&!R&z1:3]-[O&D2&v2&H0&+0&!R:4],1030
1836,([C&D3&v4&H0&+0&R&z1:1]=[O&D1&v2&H0&+0&!R:2].[O&D1&v2&H1&+0&!R:3])>>[C&D3&v4&H1&+0&R&z1:1]-[O&D2&v2&H0&+0&R:2]-[O&D2&v2&H0&+0&R:3],800
1837,[C&D3&v4&H1&+0&R&z1:1]-[O&D2&v2&H0&+0&R:2]-[O&D2&v2&H0&+0&R:3]>>([C&D3&v4&H0&+0&R&z1:1]=[O&D1&v2&H0&+0&!R:2].[O&D1&v2&H1&+0&!R:3]),770
1838,[C&D2&v4&H1&+0&!R&z0:1]=[C&D2&v4&H1&+0&!R&z0:2]-[C&D2&v4&H1&+0&!R&z0:3]=[C&D2&v4&H1&+0&!R&z0:4]-[C&D3&v4&H1&+0&!R&z1:5](-[O&D1&v2&H1&+0&!R:6])-[C&D3&v4&H1&+0&!R&z1:7]-[O&D1&v2&H1&+0&!R:8]>>[C&D2&v4&H2&+0&!R&z0:1]-[C&D2&v4&H1&+0&!R&z0:2]=[C&D2&v4&H1&+0&!R&z0:3]-[C&D2&v4&H2&+0&!R&z0:4]-[C&D2&v4&H1&+0&!R&z0:5]=[C&D2&v4&H1&+0&!R&z0:7].[O&D1&v2&H0&+0&!R:6]=[O&D1&v2&H0&+0&!R:8],80
1839,[C&D2&v4&H2&+0&!R&z0:1]-[C&D2&v4&H1&+0&!R&z0:2]=[C&D2&v4&H1&+0&!R&z0:3]-[C&D2&v4&H2&+0&!R&z0:4]-[C&D2&v4&H1&+0&!R&z0:5]=[C&D2&v4&H1&+0&!R&z0:6].[O&D1&v2&H0&+0&!R:7]=[O&D1&v2&H0&+0&!R:8]>>[C&D2&v4&H1&+0&!R&z0:1]=[C&D2&v4&H1&+0&!R&z0:2]-[C&D2&v4&H1&+0&!R&z0:3]=[C&D2&v4&H1&+0&!R&z0:4]-[C&D3&v4&H1&+0&!R&z1:5](-[O&D1&v2&H1&+0&!R:7])-[C&D3&v4&H1&+0&!R&z1:6]-[O&D1&v2&H1&+0&!R:8],536
1840,[C&D3&v4&H1&+0&R&z0:1]1-[C&D3&v4&H0&+0&R&z1:2](=[O&D1&v2&H0&+0&!R:3])-[C&D2&v4&H1&+0&R&z0:4]=[C&D2&v4&H1&+0&R&z0:5]-[C&D3&v4&H1&+0&R&z0:6]-1>>[C&D3&v4&H1&+0&R&z1:1]1-[O&D2&v2&H0&+0&R:3]-[C&D3&v4&H0&+0&R&z1:2]-1=[C&D2&v4&H1&+0&!R&z0:4]-[C&D2&v4&H1&+0&!R&z0:5]=[C&D2&v4&H1&+0&!R&z0:6],765
1841,[O&D0&v2&H2&+0&!R:1].[O&D2&v2&H0&+0&R:2]-[C&D3&v4&H0&+0&R&z1:3]>>([C&D2&v4&H1&+0&!R&z0:3].[O&D2&v2&H0&+0&!R:2]-[O&D1&v2&H1&+0&!R:1]),187
1842,[C&D3&v4&H1&+0&R&z1:1]1-[O&D2&v2&H0&+0&R:2]-[C&D3&v4&H0&+0&R&z1:3]-1=[C&D2&v4&H1&+0&!R&z0:4]-[C&D2&v4&H1&+0&!R&z0:5]=[C&D2&v4&H1&+0&!R&z0:6]>>[C&D3&v4&H1&+0&R&z0:1]1-[C&D3&v4&H0&+0&R&z1:3](=[O&D1&v2&H0&+0&!R:2])-[C&D2&v4&H1&+0&R&z0:4]=[C&D2&v4&H1&+0&R&z0:5]-[C&D3&v4&H1&+0&R&z0:6]-1,180
1843,[C&D2&v4&H1&+0&!R&z0:1]=[C&D2&v4&H1&+0&!R&z0:2]-[C&D3&v4&H1&+0&!R&z1:3]-[O&D2&v2&H0&+0&!R:4]>>[C&D3&v4&H1&+0&!R&z1:1](-[C&D2&v4&H1&+0&!R&z0:2]=[C&D2&v4&H1&+0&!R&z0:3])-[O&D2&v2&H0&+0&!R:4],1030
1844,[C&D3&v4&H1&+0&!R&z1:1]-[O&D2&v2&H0&+0&!R:2]-[O&D1&v2&H1&+0&!R:3]>>[C&D2&v4&H2&+0&!R&z0:1].[O&D1&v2&H0&+0&!R:2]=[O&D1&v2&H0&+0&!R:3],1025
1845,[C&D2&v4&H1&+0&!R&z0:1]=[C&D2&v4&H1&+0&!R&z0:2]-[C&D2&v4&H2&+0&!R&z0:3].[O&D1&v2&H0&+0&!R:4]=[O&D1&v2&H0&+0&!R:5]>>[C&D3&v4&H1&+0&!R&z1:1](-[C&D2&v4&H1&+0&!R&z0:2]=[C&D2&v4&H1&+0&!R&z0:3])-[O&D2&v2&H0&+0&!R:4]-[O&D1&v2&H1&+0&!R:5],714
1846,[C&D2&v4&H1&+0&!R&z0:1]-[C&D3&v4&H1&+0&!R&z1:2](-[C&D2&v4&H2&+0&!R&z0:3])-[O&D2&v2&H0&+0&!R:4]-[O&D1&v2&H1&+0&!R:5]>>[C&D2&v4&H1&+0&!R&z1:1]-[O&D2&v2&H0&+0&!R:4]-[C&D2&v4&H1&+0&!R&z1:2]=[C&D2&v4&H1&+0&!R&z0:3].[O&D0&v2&H2&+0&!R:5],724
1847,[C&D2&v4&H1&+0&!R&z1:1]-[O&D2&v2&H0&+0&!R:2]-[C&D2&v4&H1&+0&!R&z1:3]=[C&D2&v4&H1&+0&!R&z0:4].[O&D0&v2&H2&+0&!R:5]>>[C&D2&v4&H1&+0&!R&z0:1]-[C&D3&v4&H1&+0&!R&z1:3](-[C&D2&v4&H2&+0&!R&z0:4])-[O&D2&v2&H0&+0&!R:2]-[O&D1&v2&H1&+0&!R:5],263
1848,([C&D2&v4&H1&+0&!R&z0:1]=[C&D2&v4&H1&+0&!R&z0:2]-[C&D2&v4&H1&+0&!R&z0:3]=[C&D2&v4&H1&+0&!R&z0:4]-[C&D2&v4&H2&+0&!R&z0:5].[O&D2&v2&H0&+0&!R:6]-[O&D1&v2&H1&+0&!R:7])>>[O&D0&v2&H2&+0&!R:7].[O&D2&v2&H0&+0&R:6]-[C&D3&v4&H1&+0&R&z1:1]-[C&D2&v4&H1&+0&!R&z0:2]=[C&D2&v4&H1&+0&!R&z0:3]-[C&D2&v4&H1&+0&!R&z0:4]=[C&D2&v4&H1&+0&!R&z0:5],77
1849,([C&D3&v4&H1&+0&!R&z1:1]-[S&D2&v2&H0&+0&!R:2].[O&D1&v2&H1&+0&!R:3])>>[O&D2&v2&H0&+0&R:3]-[C&D3&v4&H1&+0&R&z1:1].[S&D1&v2&H1&+0&!R:2],867
1850,[O&D2&v2&H0&+0&R:1]-[C&D3&v4&H1&+0&R&z1:2].[S&D1&v2&H1&+0&!R:3]>>([C&D3&v4&H1&+0&!R&z1:2]-[S&D2&v2&H0&+0&!R:3].[O&D1&v2&H1&+0&!R:1]),764
1851,[O&D0&v2&H2&+0&!R:1].[O&D2&v2&H0&+0&R:2]-[C&D3&v4&H1&+0&R&z1:3]-[C&D2&v4&H1&+0&!R&z0:4]=[C&D2&v4&H1&+0&!R&z0:5]-[C&D2&v4&H1&+0&!R&z0:6]=[C&D2&v4&H1&+0&!R&z0:7]>>([C&D2&v4&H1&+0&!R&z0:3]=[C&D2&v4&H1&+0&!R&z0:4]-[C&D2&v4&H1&+0&!R&z0:5]=[C&D2&v4&H1&+0&!R&z0:6]-[C&D2&v4&H2&+0&!R&z0:7].[O&D2&v2&H0&+0&!R:2]-[O&D1&v2&H1&+0&!R:1]),160
1852,[C&D2&v4&H2&+0&!R&z0:1].[O&D1&v2&H0&+0&!R:2]=[O&D1&v2&H0&+0&!R:3]>>[C&D3&v4&H1&+0&!R&z1:1]-[O&D2&v2&H0&+0&!R:2]-[O&D1&v2&H1&+0&!R:3],612
1853,[C&D2&v4&H1&+0&!R&z1:1].[O&D1&v2&H1&+0&!R:2].[P&D4&v5&H0&+0&!R:3]-[O&D1&v2&H1&+0&!R:4].[c&D3&v4&H0&+0&R&z0:5]1:[c&D2&v4&H1&+0&R&z0:6]:[c&D2&v4&H1&+0&R&z0:7]:[c&D2&v4&H1&+0&R&z1:8]:[n&D3&v4&H0&+&R:9]:[c&D2&v4&H1&+0&R&z1:10]:1>>[C&D3&v4&H0&+0&!R&z2:1]-[O&D1&v2&H1&+0&!R:4].[C&D3&v4&H0&+0&R&z0:5]1=[C&D2&v4&H1&+0&R&z1:10]-[N&D3&v3&H0&+0&R:9]-[C&D2&v4&H1&+0&R&z1:8]=[C&D2&v4&H1&+0&R&z0:7]-[C&D2&v4&H2&+0&R&z0:6]-1.[O&D2&v2&H0&+0&!R:2]-[P&D4&v5&H0&+0&!R:3],247
1854,[C&D2&v4&H1&+0&!R&z1:1]=[O&D1&v2&H0&+0&!R:2].[O&D0&v2&H2&+0&!R:3].[O&D1&v2&H0&+0&!R:4]=[O&D1&v2&H0&+0&!R:5]>>[C&D3&v4&H0&+0&!R&z2:1](=[O&D1&v2&H0&+0&!R:2])-[O&D1&v2&H1&+0&!R:3].[O&D1&v2&H1&+0&!R:4]-[O&D1&v2&H1&+0&!R:5],121
1855,[C&D2&v4&H2&+0&!R&z0:1]-[C&D2&v4&H1&+0&!R&z1:2]=[O&D1&v2&H0&+0&!R:3].[O&D0&v2&H2&+0&!R:4]>>[C&D3&v4&H1&+0&!R&z1:1](-[O&D1&v2&H1&+0&!R:4])-[C&D2&v4&H2&+0&!R&z1:2]-[O&D1&v2&H1&+0&!R:3],342
1856,[C&D2&v4&H2&+0&!R&z0:1]-[C&D2&v4&H1&+0&!R&z1:2]=[S&D2&v3&H0&+&!R:3]>>[C&D2&v4&H1&+0&!R&z0:1]=[C&D2&v4&H1&+0&!R&z1:2]-[S&D2&v2&H0&+0&!R:3],911
1857,[C&D2&v4&H2&+0&!R&z0:1]-[C&D3&v4&H0&+0&!R&z1:2].[C&D3&v4&H0&+0&R&z0:3]1=[C&D2&v4&H1&+0&R&z1:4]-[N&D3&v3&H0&+0&R:5]-[C&D2&v4&H1&+0&R&z1:6]=[C&D2&v4&H1&+0&R&z0:7]-[C&D2&v4&H2&+0&R&z0:8]-1.[O&D1&v2&H0&+0&!R:9]=[O&D1&v2&H0&+0&!R:10]>>[C&D2&v4&H2&+0&!R&z1:1]-[O&D2&v2&H0&+0&!R:10]-[C&D3&v4&H0&+0&!R&z2:2].[O&D0&v2&H2&+0&!R:9].[c&D3&v4&H0&+0&R&z0:3]1:[c&D2&v4&H1&+0&R&z0:8]:[c&D2&v4&H1&+0&R&z0:7]:[c&D2&v4&H1&+0&R&z1:6]:[n&D3&v4&H0&+&R:5]:[c&D2&v4&H1&+0&R&z1:4]:1,604
1858,[C&D1&v4&H3&+0&!R&z0:1].[C&D3&v4&H0&+0&!R&z2:2](=[O&D1&v2&H0&+0&!R:3])-[O&D1&v2&H1&+0&!R:4]>>[C&D2&v4&H2&+0&!R&z0:1]-[C&D3&v4&H0&+0&!R&z1:2]=[O&D1&v2&H0&+0&!R:3].[O&D0&v2&H2&+0&!R:4],355
1859,[C&D1&v4&H3&+0&!R&z0:1]-[C&D2&v4&H2&+0&!R&z0:2]-[C&D2&v4&H2&+0&!R&z0:3]>>[C&D1&v4&H3&+0&!R&z0:2]-[C&D3&v4&H1&+0&!R&z0:3]-[C&D1&v4&H3&+0&!R&z0:1],181
1860,[C&D2&v4&H0&+0&!R&z1:1]#[N&D1&v3&H0&+0&!R:2].[O&D0&v2&H2&+0&!R:3].[O&D0&v2&H2&+0&!R:4]>>[C&D3&v4&H0&+0&!R&z2:1](=[O&D1&v2&H0&+0&!R:3])-[O&D1&v2&H1&+0&!R:4].[N&D0&v3&H3&+0&!R:2],484
1861,[C&D3&v4&H0&+0&!R&z2:1](=[O&D1&v2&H0&+0&!R:2])-[O&D1&v2&H1&+0&!R:3].[N&D0&v3&H3&+0&!R:4]>>[C&D2&v4&H0&+0&!R&z1:1]#[N&D1&v3&H0&+0&!R:4].[O&D0&v2&H2&+0&!R:2].[O&D0&v2&H2&+0&!R:3],79
1862,[C&D2&v4&H2&+0&!R&z0:1]-[C&D2&v4&H1&+0&!R&z0:2]=[C&D2&v4&H1&+0&!R&z0:3]-[C&D2&v4&H1&+0&!R&z0:4]=[C&D2&v4&H1&+0&!R&z0:5]>>[C&D2&v4&H1&+0&!R&z0:1]=[C&D2&v4&H1&+0&!R&z0:2]-[C&D2&v4&H1&+0&!R&z0:3]=[C&D2&v4&H1&+0&!R&z0:4]-[C&D2&v4&H2&+0&!R&z0:5],507
1863,[C&D2&v4&H1&+0&!R&z1:1]=[O&D1&v2&H0&+0&!R:2].[C&D3&v4&H0&+0&!R&z2:3]-[O&D1&v2&H1&+0&!R:4].[O&D1&v2&H0&+0&!R:5]=[C&D2&v4&H0&+0&!R&z2:6].[O&D1&v2&H1&+0&!R:7]>>[C&D2&v4&H2&+0&!R&z1:1]-[O&D2&v2&H0&+0&!R:7].[C&D3&v4&H0&+0&!R&z1:3]-[C&D3&v4&H0&+0&!R&z2:6]-[O&D1&v2&H1&+0&!R:5].[O&D1&v2&H0&+0&!R:4]=[O&D1&v2&H0&+0&!R:2],513
1864,[C&D2&v4&H2&+0&!R&z1:1]-[O&D2&v2&H0&+0&!R:2].[C&D3&v4&H0&+0&!R&z1:3]-[C&D3&v4&H0&+0&!R&z2:4]-[O&D1&v2&H1&+0&!R:5].[O&D1&v2&H0&+0&!R:6]=[O&D1&v2&H0&+0&!R:7]>>[C&D2&v4&H1&+0&!R&z1:1]=[O&D1&v2&H0&+0&!R:7].[C&D3&v4&H0&+0&!R&z2:3]-[O&D1&v2&H1&+0&!R:6].[O&D1&v2&H0&+0&!R:5]=[C&D2&v4&H0&+0&!R&z2:4].[O&D1&v2&H1&+0&!R:2],165
1865,[C&D3&v4&H0&+0&!R&z1:1]=[O&D1&v2&H0&+0&!R:2].[O&D0&v2&H2&+0&!R:3]>>[C&D3&v4&H1&+0&!R&z1:1]-[O&D2&v2&H0&+0&!R:2]-[O&D1&v2&H1&+0&!R:3],916
1866,[C&D1&v4&H3&+0&!R&z0:1].[C&D1&v4&H3&+0&!R&z0:2]-[C&D2&v4&H2&+0&!R&z0:3]>>[C&D1&v4&H3&+0&!R&z0:3].[C&D1&v4&H3&+0&!R&z0:2]-[C&D2&v4&H2&+0&!R&z0:1],686
1867,[C&D3&v4&H1&+0&!R&z1:1]-[O&D2&v2&H0&+0&!R:2]-[O&D1&v2&H1&+0&!R:3]>>[C&D3&v4&H0&+0&!R&z1:1]=[O&D1&v2&H0&+0&!R:2].[O&D0&v2&H2&+0&!R:3],908
1868,([C&D2&v4&H1&+0&!R&z0:1]=[C&D2&v4&H1&+0&!R&z0:2].[O&D2&v2&H0&+0&!R:3]-[O&D1&v2&H1&+0&!R:4])>>[O&D2&v2&H0&+0&R:3]-[C&D3&v4&H1&+0&R&z1:1]-[C&D3&v4&H1&+0&!R&z1:2]-[O&D1&v2&H1&+0&!R:4],528
1869,([C&D1&v4&H3&+0&!R&z0:1].[C&D2&v4&H2&+0&!R&z0:2]-[C&D2&v4&H2&+0&!R&z0:3])>>([C&D1&v4&H3&+0&!R&z0:2].[C&D2&v4&H2&+0&!R&z0:1]-[C&D2&v4&H2&+0&!R&z0:3]),181
1870,[C&D3&v4&H1&+0&!R&z0:1](-[C&D2&v4&H2&+0&!R&z0:2])-[C&D3&v4&H0&+0&!R&z1:3]=[O&D1&v2&H0&+0&!R:4].[O&D1&v2&H0&+0&!R:5]=[C&D2&v4&H0&+0&!R&z2:6]>>[C&D2&v4&H1&+0&!R&z0:1]=[C&D2&v4&H1&+0&!R&z0:2].[C&D3&v4&H0&+0&!R&z1:3](=[O&D1&v2&H0&+0&!R:4])-[C&D3&v4&H0&+0&!R&z2:6]-[O&D1&v2&H1&+0&!R:5],1020
1871,[C&D3&v4&H0&+0&R&z0:1]=[C&D2&v4&H1&+0&R&z0:2]-[C&D2&v4&H2&+0&R&z0:3]>>[C&D3&v4&H1&+0&R&z0:1]-[C&D2&v4&H1&+0&R&z0:2]=[C&D2&v4&H1&+0&R&z0:3],367
1872,[C&D2&v4&H1&+0&R&z0:1]=[C&D2&v4&H1&+0&R&z0:2].[S&D1&v2&H1&+0&!R:3]>>[C&D2&v4&H2&+0&R&z0:1]-[C&D3&v4&H1&+0&R&z1:2]-[S&D2&v2&H0&+0&!R:3],548
1873,[C&D2&v4&H1&+0&!R&z0:1]=[C&D2&v4&H1&+0&!R&z0:2]-[C&D3&v4&H1&+0&R&z0:3]>>[C&D2&v4&H2&+0&!R&z0:1]-[C&D2&v4&H1&+0&!R&z0:2]=[C&D3&v4&H0&+0&R&z0:3],367
1874,[C&D2&v4&H2&+0&R&z0:1]-[C&D3&v4&H1&+0&R&z1:2]-[S&D2&v2&H0&+0&!R:3]>>[C&D2&v4&H1&+0&R&z0:1]=[C&D2&v4&H1&+0&R&z0:2].[S&D1&v2&H1&+0&!R:3],923
1875,([O&D1&v2&H1&+0&!R:1].[O&D2&v2&H0&+0&R:2]-[C&D3&v4&H0&+0&R&z1:3])>>([C&D2&v4&H1&+0&!R&z0:3].[O&D2&v2&H0&+0&R:2]-[O&D2&v2&H0&+0&R:1]),98
1876,[C&D3&v4&H1&+0&R&z1:1](-[S&D2&v2&H0&+0&!R:2])-[C&D2&v4&H2&+0&R&z0:3]>>[C&D2&v4&H1&+0&R&z0:1]=[C&D2&v4&H1&+0&R&z0:3].[S&D1&v2&H1&+0&!R:2],923
1877,([C&D2&v4&H1&+0&!R&z0:1].[O&D2&v2&H0&+0&R:2]-[O&D2&v2&H0&+0&R:3])>>([O&D1&v2&H1&+0&!R:3].[O&D2&v2&H0&+0&R:2]-[C&D3&v4&H0&+0&R&z1:1]),415
1878,[C&D2&v4&H1&+0&R&z0:1]=[C&D2&v4&H1&+0&R&z0:2].[S&D1&v2&H1&+0&!R:3]>>[C&D3&v4&H1&+0&R&z1:1](-[S&D2&v2&H0&+0&!R:3])-[C&D2&v4&H2&+0&R&z0:2],548
1879,[C&D3&v4&H1&+0&R&z0:1]-[C&D2&v4&H1&+0&R&z0:2]=[C&D2&v4&H1&+0&R&z0:3]>>[C&D3&v4&H0&+0&R&z0:1]=[C&D2&v4&H1&+0&R&z0:2]-[C&D2&v4&H2&+0&R&z0:3],367
1880,[C&D2&v4&H2&+0&!R&z0:1]-[C&D2&v4&H1&+0&!R&z0:2]=[C&D3&v4&H0&+0&R&z0:3]>>[C&D2&v4&H1&+0&!R&z0:1]=[C&D2&v4&H1&+0&!R&z0:2]-[C&D3&v4&H1&+0&R&z0:3],367
1881,[O&D2&v2&H0&+0&R:1]-[C&D3&v4&H1&+0&R&z1:2]-[C&D3&v4&H1&+0&!R&z1:3]-[O&D1&v2&H1&+0&!R:4]>>([C&D2&v4&H1&+0&!R&z0:2]=[C&D2&v4&H1&+0&!R&z0:3].[O&D2&v2&H0&+0&!R:1]-[O&D1&v2&H1&+0&!R:4]),453
1882,[C&D3&v4&H1&+0&!R&z1:1](-[O&D1&v2&H1&+0&!R:2])-[C&D3&v4&H1&+0&R&z1:3]-[O&D2&v2&H0&+0&R:4]>>([C&D2&v4&H1&+0&!R&z0:1]=[C&D2&v4&H1&+0&!R&z0:3].[O&D2&v2&H0&+0&!R:4]-[O&D1&v2&H1&+0&!R:2]),453
1883,([C&D2&v4&H1&+0&!R&z0:1]=[C&D2&v4&H1&+0&!R&z0:2].[O&D2&v2&H0&+0&!R:3]-[O&D1&v2&H1&+0&!R:4])>>[C&D3&v4&H1&+0&!R&z1:1](-[O&D1&v2&H1&+0&!R:4])-[C&D3&v4&H1&+0&R&z1:2]-[O&D2&v2&H0&+0&R:3],528
1884,([C&D2&v4&H1&+0&!R&z0:1]=[C&D2&v4&H1&+0&!R&z0:2]-[C&D2&v4&H1&+0&!R&z0:3]=[C&D2&v4&H1&+0&!R&z0:4].[O&D2&v2&H0&+0&!R:5]-[O&D1&v2&H1&+0&!R:6])>>[O&D2&v2&H0&+0&R:5]-[C&D3&v4&H1&+0&R&z1:4]-[C&D2&v4&H1&+0&!R&z0:3]=[C&D2&v4&H1&+0&!R&z0:2]-[C&D3&v4&H1&+0&!R&z1:1]-[O&D1&v2&H1&+0&!R:6],786
1885,([C&D2&v4&H1&+0&!R&z0:1]=[C&D2&v4&H1&+0&!R&z0:2]-[C&D2&v4&H1&+0&!R&z0:3]=[C&D2&v4&H1&+0&!R&z0:4].[O&D2&v2&H0&+0&!R:5]-[O&D1&v2&H1&+0&!R:6])>>[O&D2&v2&H0&+0&R:5]-[C&D3&v4&H1&+0&R&z1:1]-[C&D2&v4&H1&+0&!R&z0:2]=[C&D2&v4&H1&+0&!R&z0:3]-[C&D3&v4&H1&+0&!R&z1:4]-[O&D1&v2&H1&+0&!R:6],786
1886,[O&D2&v2&H0&+0&R:1]-[C&D3&v4&H1&+0&R&z1:2]-[C&D2&v4&H1&+0&!R&z0:3]=[C&D2&v4&H1&+0&!R&z0:4]-[C&D3&v4&H1&+0&!R&z1:5]-[O&D1&v2&H1&+0&!R:6]>>([C&D2&v4&H1&+0&!R&z0:2]=[C&D2&v4&H1&+0&!R&z0:3]-[C&D2&v4&H1&+0&!R&z0:4]=[C&D2&v4&H1&+0&!R&z0:5].[O&D2&v2&H0&+0&!R:1]-[O&D1&v2&H1&+0&!R:6]),226
1887,([C&D2&v4&H2&+0&!R&z0:1].[O&D2&v2&H0&+0&!R:2]-[O&D1&v2&H1&+0&!R:3])>>([C&D3&v4&H1&+0&!R&z1:1]-[O&D1&v2&H1&+0&!R:3].[O&D1&v2&H1&+0&!R:2]),415
1888,([C&D3&v4&H1&+0&!R&z1:1]-[O&D1&v2&H1&+0&!R:2].[O&D1&v2&H1&+0&!R:3])>>([C&D2&v4&H2&+0&!R&z0:1].[O&D2&v2&H0&+0&!R:3]-[O&D1&v2&H1&+0&!R:2]),98
1889,[C&D3&v4&H0&+0&R&z1:1]-[O&D2&v2&H0&+0&R:2].[O&D0&v2&H2&+0&!R:3]>>([C&D2&v4&H1&+0&!R&z0:1].[O&D2&v2&H0&+0&!R:2]-[O&D1&v2&H1&+0&!R:3]),187
1890,([C&D2&v4&H1&+0&!R&z0:1].[O&D2&v2&H0&+0&!R:2]-[O&D1&v2&H1&+0&!R:3])>>[C&D3&v4&H0&+0&R&z1:1]-[O&D2&v2&H0&+0&R:2].[O&D0&v2&H2&+0&!R:3],202
1891,([C&D3&v4&H1&+0&!R&z1:1]-[S&D2&v2&H0&+0&!R:2].[O&D1&v2&H1&+0&!R:3])>>[C&D3&v4&H1&+0&R&z1:1]-[O&D2&v2&H0&+0&R:3].[S&D1&v2&H1&+0&!R:2],867
1892,[C&D3&v4&H1&+0&R&z1:1]-[O&D2&v2&H0&+0&R:2].[S&D1&v2&H1&+0&!R:3]>>([C&D3&v4&H1&+0&!R&z1:1]-[S&D2&v2&H0&+0&!R:3].[O&D1&v2&H1&+0&!R:2]),764
1893,[C&D2&v4&H1&+0&!R&z0:1]=[C&D2&v4&H1&+0&!R&z0:2]-[C&D2&v4&H2&+0&!R&z0:3].[O&D1&v2&H0&+0&!R:4]=[O&D1&v2&H0&+0&!R:5]>>[C&D2&v4&H1&+0&!R&z0:3]=[C&D2&v4&H1&+0&!R&z0:2]-[C&D3&v4&H1&+0&!R&z1:1]-[O&D2&v2&H0&+0&!R:4]-[O&D1&v2&H1&+0&!R:5],714
1894,[C&D1&v4&H3&+0&!R&z0:1].[C&D2&v4&H2&+0&!R&z0:2]-[C&D2&v4&H2&+0&!R&z0:3]>>[C&D1&v4&H3&+0&!R&z0:3].[C&D2&v4&H2&+0&!R&z0:2]-[C&D2&v4&H2&+0&!R&z0:1],686
1895,[C&D2&v4&H1&+0&!R&z0:1]=[C&D2&v4&H1&+0&!R&z0:2]-[C&D3&v4&H0&+0&!R&z2:3].[O&D0&v2&H2&+0&!R:4]>>[C&D3&v4&H1&+0&!R&z1:1](-[O&D1&v2&H1&+0&!R:4])-[C&D2&v4&H2&+0&!R&z0:2]-[C&D3&v4&H0&+0&!R&z2:3],703
1896,[C&D3&v4&H1&+0&!R&z1:1]-[O&D1&v2&H1&+0&!R:2].[O&D0&v2&H2&+0&!R:3]>>[C&D2&v4&H2&+0&!R&z0:1].[O&D1&v2&H1&+0&!R:2]-[O&D1&v2&H1&+0&!R:3],15
1897,[C&D2&v4&H2&+0&!R&z0:1].[O&D1&v2&H1&+0&!R:2]-[O&D1&v2&H1&+0&!R:3]>>[C&D3&v4&H1&+0&!R&z1:1]-[O&D1&v2&H1&+0&!R:2].[O&D0&v2&H2&+0&!R:3],131
1898,[C&D3&v4&H1&+0&R&z2:1]-[O&D2&v2&H0&+0&!R:2].[O&D1&v2&H1&+0&!R:3].[P&D4&v5&H0&+0&!R:4]-[O&D1&v2&H1&+0&!R:5]>>[C&D3&v4&H1&+0&R&z2:1]-[O&D2&v2&H0&+0&!R:3].[O&D0&v2&H2&+0&!R:5].[P&D4&v5&H0&+0&!R:4]-[O&D2&v2&H0&+0&!R:2],228
1899,[C&D2&v4&H1&+0&!R&z0:1]=[C&D3&v4&H0&+0&!R&z0:2].[O&D1&v2&H1&+0&!R:3]-[O&D1&v2&H1&+0&!R:4]>>[C&D2&v4&H2&+0&!R&z0:1]-[C&D3&v4&H1&+0&!R&z0:2].[O&D1&v2&H0&+0&!R:3]=[O&D1&v2&H0&+0&!R:4],976
1900,[C&D2&v4&H2&+0&!R&z0:1]-[C&D3&v4&H1&+0&!R&z0:2].[O&D1&v2&H0&+0&!R:3]=[O&D1&v2&H0&+0&!R:4]>>[C&D2&v4&H1&+0&!R&z0:1]=[C&D3&v4&H0&+0&!R&z0:2].[O&D1&v2&H1&+0&!R:3]-[O&D1&v2&H1&+0&!R:4],734
1901,[O&D2&v2&H0&+0&R:1]-[C&D3&v4&H1&+0&R&z1:2]-[C&D2&v4&H1&+0&!R&z0:3]=[C&D2&v4&H1&+0&!R&z0:4]-[C&D3&v4&H1&+0&!R&z1:5]-[O&D1&v2&H1&+0&!R:6]>>([C&D2&v4&H1&+0&!R&z0:5]=[C&D2&v4&H1&+0&!R&z0:4]-[C&D2&v4&H1&+0&!R&z0:3]=[C&D2&v4&H1&+0&!R&z0:2].[O&D2&v2&H0&+0&!R:1]-[O&D1&v2&H1&+0&!R:6]),226
1902,[C&D2&v4&H2&+0&!R&z1:1]-[O&D2&v2&H0&+0&!R:2].[O&D1&v2&H1&+0&!R:3].[P&D4&v5&H0&+0&!R:4]-[O&D1&v2&H1&+0&!R:5]>>[C&D2&v4&H2&+0&!R&z1:1]-[O&D2&v2&H0&+0&!R:3].[O&D0&v2&H2&+0&!R:5].[P&D4&v5&H0&+0&!R:4]-[O&D2&v2&H0&+0&!R:2],228
1903,[O&D2&v2&H0&+0&!R:1]-[C&D3&v4&H1&+0&R&z1:2].[P&D4&v5&H0&+0&!R:3]-[O&D1&v2&H1&+0&!R:4]>>[O&D1&v2&H1&+0&!R:4]-[C&D3&v4&H1&+0&R&z1:2].[O&D2&v2&H0&+0&!R:1]-[P&D4&v5&H0&+0&!R:3],994
1904,[C&D2&v4&H2&+0&!R&z1:1]-[C&D3&v4&H0&+0&!R&z2:2]-[O&D1&v2&H1&+0&!R:3].[C&D3&v4&H0&+0&!R&z2:4](=[O&D1&v2&H0&+0&!R:5])-[S&D2&v2&H0&+0&!R:6]>>[C&D3&v4&H0&+0&!R&z1:4](=[O&D1&v2&H0&+0&!R:5])-[C&D2&v4&H2&+0&!R&z1:1].[O&D1&v2&H0&+0&!R:3]=[C&D2&v4&H0&+0&!R&z2:2].[S&D1&v2&H1&+0&!R:6],655
1905,[C&D2&v4&H1&+0&!R&z0:1]=[C&D2&v4&H1&+0&!R&z0:2]-[C&D3&v4&H1&+0&!R&z1:3]-[O&D2&v2&H0&+0&!R:4]-[O&D1&v2&H1&+0&!R:5]>>[C&D2&v4&H1&+0&!R&z0:3]=[C&D2&v4&H1&+0&!R&z0:2]-[C&D2&v4&H2&+0&!R&z0:1].[O&D1&v2&H0&+0&!R:4]=[O&D1&v2&H0&+0&!R:5],744
1906,[O&D0&v2&H2&+0&!R:1].[c&D3&v4&H0&+0&R&z1:2]1:[c&D2&v4&H1&+0&R&z0:3]:[c&D3&v4&H0&+0&R&z1:4]:[c&D3&v4&H0&+0&R&z0:5]:[c&D3&v4&H0&+0&R&z1:6]:[n&D2&v3&H1&+0&R:7]:1>>[C&D3&v4&H0&+0&!R&z1:2](=[O&D1&v2&H0&+0&!R:1])-[C&D2&v4&H2&+0&!R&z0:3]-[C&D3&v4&H0&+0&!R&z1:4]-[c&D3&v4&H0&+0&R&z0:5]:[c&D3&v4&H0&+0&R&z1:6]-[N&D1&v3&H2&+0&!R:7],832
1907,[C&D2&v4&H2&+0&!R&z1:1]-[O&D2&v2&H0&+0&!R:2]-[C&D3&v4&H0&+0&!R&z2:3].[O&D0&v2&H2&+0&!R:4].[c&D3&v4&H0&+0&R&z0:5]1:[c&D2&v4&H1&+0&R&z0:6]:[c&D2&v4&H1&+0&R&z0:7]:[c&D2&v4&H1&+0&R&z1:8]:[n&D3&v4&H0&+&R:9]:[c&D2&v4&H1&+0&R&z1:10]:1>>[C&D2&v4&H2&+0&!R&z0:1]-[C&D3&v4&H0&+0&!R&z1:3].[C&D3&v4&H0&+0&R&z0:5]1=[C&D2&v4&H1&+0&R&z1:10]-[N&D3&v3&H0&+0&R:9]-[C&D2&v4&H1&+0&R&z1:8]=[C&D2&v4&H1&+0&R&z0:7]-[C&D2&v4&H2&+0&R&z0:6]-1.[O&D1&v2&H0&+0&!R:4]=[O&D1&v2&H0&+0&!R:2],550
1908,([C&D2&v4&H1&+0&!R&z0:1]=[C&D3&v4&H0&+0&!R&z0:2]-[C&D1&v4&H3&+0&!R&z0:3].[C&D2&v4&H2&+0&!R&z0:4]).[O&D1&v2&H0&+0&!R:5]=[O&D1&v2&H0&+0&!R:6]>>[C&D1&v4&H2&+0&!R&z0:3]=[C&D3&v4&H0&+0&!R&z0:2]-[C&D3&v4&H1&+0&R&z0:1]-[C&D3&v4&H1&+0&R&z0:4].[O&D1&v2&H1&+0&!R:5]-[O&D1&v2&H1&+0&!R:6],945
1909,[O&D1&v2&H0&+0&!R:1]=[O&D1&v2&H0&+0&!R:2].([C&D2&v4&H1&+0&!R&z0:3]=[C&D3&v4&H0&+0&!R&z0:4].[C&D2&v4&H2&+0&!R&z0:5].[O&D1&v2&H1&+0&!R:6])>>[C&D3&v4&H1&+0&R&z0:5]-[C&D3&v4&H1&+0&R&z0:3]-[C&D4&v4&H0&+0&R&z1:4]-[O&D2&v2&H0&+0&R:6].[O&D1&v2&H1&+0&!R:1]-[O&D1&v2&H1&+0&!R:2],68
1910,[C&D3&v4&H1&+0&R&z0:1]-[C&D3&v4&H1&+0&R&z0:2]-[C&D4&v4&H0&+0&R&z1:3]-[O&D2&v2&H0&+0&R:4].[O&D1&v2&H1&+0&!R:5]-[O&D1&v2&H1&+0&!R:6]>>[O&D1&v2&H0&+0&!R:5]=[O&D1&v2&H0&+0&!R:6].([C&D2&v4&H1&+0&!R&z0:2]=[C&D3&v4&H0&+0&!R&z0:3].[C&D2&v4&H2&+0&!R&z0:1].[O&D1&v2&H1&+0&!R:4]),163
1911,[C&D2&v4&H2&+0&!R&z1:1]-[O&D1&v2&H1&+0&!R:2].[C&D3&v4&H0&+0&R&z1:3]1=[C&D3&v4&H0&+0&R&z1:4]-[C&D3&v4&H0&+0&R&z1:5](=[O&D1&v2&H0&+0&!R:6])-[C&D3&v4&H0&+0&R&z1:7]=[C&D3&v4&H0&+0&R&z1:8]-[C&D3&v4&H0&+0&R&z1:9]-1=[O&D1&v2&H0&+0&!R:10]>>[C&D2&v4&H1&+0&!R&z1:1]=[O&D1&v2&H0&+0&!R:2].[c&D3&v4&H0&+0&R&z1:3]1:[c&D3&v4&H0&+0&R&z1:4]:[c&D3&v4&H0&+0&R&z1:5](-[O&D1&v2&H1&+0&!R:6]):[c&D3&v4&H0&+0&R&z1:7]:[c&D3&v4&H0&+0&R&z1:8]:[c&D3&v4&H0&+0&R&z1:9]:1-[O&D1&v2&H1&+0&!R:10],112
1912,[C&D3&v4&H1&+0&R&z2:1]-[O&D2&v2&H0&+0&!R:2].[n&D2&v3&H1&+0&R:3]>>[O&D1&v2&H1&+0&!R:2].[n&D3&v3&H0&+0&R:3]-[C&D3&v4&H1&+0&R&z2:1],175
1913,[N&D2&v3&H1&+0&!R:1]-[c&D3&v4&H0&+0&R&z3:2]:[n&D2&v3&H0&+0&R:3].[O&D0&v2&H2&+0&!R:4]>>[N&D1&v3&H2&+0&!R:1].[c&D3&v4&H0&+0&R&z3:2](-[O&D1&v2&H1&+0&!R:4]):[n&D2&v3&H0&+0&R:3],587
1914,[C&D2&v4&H2&+0&!R&z1:1]-[O&D1&v2&H1&+0&!R:2].[N&D0&v3&H3&+0&!R:3].[O&D1&v2&H0&+0&!R:4]=[C&D2&v4&H0&+0&!R&z2:5]>>[C&D2&v4&H2&+0&!R&z1:1]-[O&D2&v2&H0&+0&!R:4]-[C&D3&v4&H0&+0&!R&z3:5]-[N&D1&v3&H2&+0&!R:3].[O&D0&v2&H2&+0&!R:2],1026
1915,[C&D2&v4&H2&+0&!R&z1:1]-[O&D2&v2&H0&+0&!R:2]-[C&D3&v4&H0&+0&!R&z3:3]-[N&D1&v3&H2&+0&!R:4].[O&D0&v2&H2&+0&!R:5]>>[C&D2&v4&H2&+0&!R&z1:1]-[O&D1&v2&H1&+0&!R:5].[N&D0&v3&H3&+0&!R:4].[O&D1&v2&H0&+0&!R:2]=[C&D2&v4&H0&+0&!R&z2:3],8
1916,[C&D2&v4&H2&+0&!R&z1:1]-[N&D3&v4&H0&+&!R:2].[O&D0&v2&H2&+0&!R:3].[O&D1&v2&H0&+0&!R:4]=[O&D1&v2&H0&+0&!R:5]>>[C&D2&v4&H1&+0&!R&z1:1]=[O&D1&v2&H0&+0&!R:3].[N&D2&v3&H0&+0&!R:2].[O&D1&v2&H1&+0&!R:4]-[O&D1&v2&H1&+0&!R:5],95
1917,[C&D3&v4&H0&+0&R&z0:1]1=[C&D2&v4&H1&+0&R&z1:2]-[N&D3&v3&H0&+0&R:3]-[C&D2&v4&H1&+0&R&z1:4]=[C&D2&v4&H1&+0&R&z0:5]-[C&D2&v4&H2&+0&R&z0:6]-1.[O&D1&v2&H0&+0&!R:7]=[O&D1&v2&H0&+0&!R:8].[S&D1&v2&H0&+0&!R:9]>>[O&D0&v2&H2&+0&!R:7].[S&D2&v4&H0&+0&!R:9]=[O&D1&v2&H0&+0&!R:8].[c&D3&v4&H0&+0&R&z0:1]1:[c&D2&v4&H1&+0&R&z0:6]:[c&D2&v4&H1&+0&R&z0:5]:[c&D2&v4&H1&+0&R&z1:4]:[n&D3&v4&H0&+&R:3]:[c&D2&v4&H1&+0&R&z1:2]:1,22
1918,[O&D0&v2&H2&+0&!R:1].[S&D2&v4&H0&+0&!R:2]=[O&D1&v2&H0&+0&!R:3].[c&D3&v4&H0&+0&R&z0:4]1:[c&D2&v4&H1&+0&R&z0:5]:[c&D2&v4&H1&+0&R&z0:6]:[c&D2&v4&H1&+0&R&z1:7]:[n&D3&v4&H0&+&R:8]:[c&D2&v4&H1&+0&R&z1:9]:1>>[C&D3&v4&H0&+0&R&z0:4]1=[C&D2&v4&H1&+0&R&z1:9]-[N&D3&v3&H0&+0&R:8]-[C&D2&v4&H1&+0&R&z1:7]=[C&D2&v4&H1&+0&R&z0:6]-[C&D2&v4&H2&+0&R&z0:5]-1.[O&D1&v2&H0&+0&!R:1]=[O&D1&v2&H0&+0&!R:3].[S&D1&v2&H0&+0&!R:2],613
1919,[N&D3&v3&H0&+0&!R:1]-[C&D3&v4&H0&+0&!R&z3:2]=[N&D1&v3&H1&+0&!R:3].[O&D0&v2&H2&+0&!R:4]>>[N&D1&v3&H2&+0&!R:3]-[C&D3&v4&H0&+0&!R&z3:2]=[O&D1&v2&H0&+0&!R:4].[N&D2&v3&H1&+0&!R:1],462
1920,[C&D1&v4&H3&+0&!R&z1:1]-[S&D3&v3&H0&+&!R:2].[N&D3&v3&H0&+0&!R:3]>>[C&D1&v4&H3&+0&!R&z1:1]-[N&D4&v4&H0&+&!R:3].[S&D2&v2&H0&+0&!R:2],798
1921,[C&D1&v4&H3&+0&!R&z1:1]-[N&D3&v3&H0&+0&!R:2].[S&D2&v2&H0&+0&!R:3]>>[C&D1&v4&H3&+0&!R&z1:1]-[S&D3&v3&H0&+&!R:3].[N&D2&v3&H1&+0&!R:2],573
1922,[N&D3&v3&H0&+0&!R:1].[O&D0&v2&H2&+0&!R:2].[O&D1&v2&H0&+0&!R:3]=[C&D2&v4&H1&+0&!R&z1:4].[c&D3&v4&H0&+0&R&z0:5]1:[c&D2&v4&H1&+0&R&z0:6]:[c&D2&v4&H1&+0&R&z0:7]:[c&D2&v4&H1&+0&R&z1:8]:[n&D3&v4&H0&+&R:9]:[c&D2&v4&H1&+0&R&z1:10]:1>>[C&D3&v4&H0&+0&R&z0:5]1=[C&D2&v4&H1&+0&R&z1:10]-[N&D3&v3&H0&+0&R:9]-[C&D2&v4&H1&+0&R&z1:8]=[C&D2&v4&H1&+0&R&z0:7]-[C&D2&v4&H2&+0&R&z0:6]-1.[N&D4&v4&H0&+&!R:1]-[C&D2&v4&H2&+0&!R&z1:4].[O&D1&v2&H0&+0&!R:2]=[O&D1&v2&H0&+0&!R:3],17
1923,[C&D3&v4&H0&+0&R&z1:1](=[O&D1&v2&H0&+0&!R:2])-[C&D4&v4&H0&+0&R&z1:3]-[O&D1&v2&H1&+0&!R:4].[O&D0&v2&H2&+0&!R:5].[c&D3&v4&H0&+0&R&z0:6]1:[c&D2&v4&H1&+0&R&z0:7]:[c&D2&v4&H1&+0&R&z0:8]:[c&D2&v4&H1&+0&R&z1:9]:[n&D3&v4&H0&+&R:10]:[c&D2&v4&H1&+0&R&z1:11]:1>>[C&D3&v4&H0&+0&R&z0:6]1=[C&D2&v4&H1&+0&R&z1:11]-[N&D3&v3&H0&+0&R:10]-[C&D2&v4&H1&+0&R&z1:9]=[C&D2&v4&H1&+0&R&z0:8]-[C&D2&v4&H2&+0&R&z0:7]-1.[C&D3&v4&H0&+0&R&z1:1](-[O&D1&v2&H1&+0&!R:2])=[C&D3&v4&H0&+0&R&z0:3].[O&D1&v2&H0&+0&!R:4]=[O&D1&v2&H0&+0&!R:5],288
1924,[C&D3&v4&H0&+0&R&z0:1]1=[C&D3&v4&H0&+0&R&z0:2]-[C&D4&v4&H0&+0&R&z1:3](-[O&D1&v2&H1&+0&!R:4])-[c&D3&v4&H0&+0&R&z0:5]:[c&D3&v4&H0&+0&R&z0:6]-[C&D3&v4&H0&+0&R&z1:7]-1=[O&D1&v2&H0&+0&!R:8].[O&D0&v2&H2&+0&!R:9].[c&D3&v4&H0&+0&R&z0:10]1:[c&D2&v4&H1&+0&R&z0:11]:[c&D2&v4&H1&+0&R&z0:12]:[c&D2&v4&H1&+0&R&z1:13]:[n&D3&v4&H0&+&R:14]:[c&D2&v4&H1&+0&R&z1:15]:1>>[C&D3&v4&H0&+0&R&z0:10]1=[C&D2&v4&H1&+0&R&z1:15]-[N&D3&v3&H0&+0&R:14]-[C&D2&v4&H1&+0&R&z1:13]=[C&D2&v4&H1&+0&R&z0:12]-[C&D2&v4&H2&+0&R&z0:11]-1.[O&D1&v2&H0&+0&!R:4]=[O&D1&v2&H0&+0&!R:9].[c&D3&v4&H0&+0&R&z0:3]1:[c&D3&v4&H0&+0&R&z0:2]:[c&D3&v4&H0&+0&R&z0:1]:[c&D3&v4&H0&+0&R&z1:7](-[O&D1&v2&H1&+0&!R:8]):[c&D3&v4&H0&+0&R&z0:6]:[c&D3&v4&H0&+0&R&z0:5]:1,156
1925,[C&D3&v4&H0&+0&R&z0:1]1=[C&D2&v4&H1&+0&R&z1:2]-[N&D3&v3&H0&+0&R:3]-[C&D2&v4&H1&+0&R&z1:4]=[C&D2&v4&H1&+0&R&z0:5]-[C&D2&v4&H2&+0&R&z0:6]-1.[C&D3&v4&H0&+0&R&z1:7](-[O&D1&v2&H1&+0&!R:8])=[C&D3&v4&H0&+0&R&z0:9].[O&D1&v2&H0&+0&!R:10]=[O&D1&v2&H0&+0&!R:11]>>[C&D3&v4&H0&+0&R&z1:7](=[O&D1&v2&H0&+0&!R:8])-[C&D4&v4&H0&+0&R&z1:9]-[O&D1&v2&H1&+0&!R:11].[O&D0&v2&H2&+0&!R:10].[c&D3&v4&H0&+0&R&z0:1]1:[c&D2&v4&H1&+0&R&z0:6]:[c&D2&v4&H1&+0&R&z0:5]:[c&D2&v4&H1&+0&R&z1:4]:[n&D3&v4&H0&+&R:3]:[c&D2&v4&H1&+0&R&z1:2]:1,755
1926,[N&D3&v3&H0&+0&!R:1]-[C&D2&v4&H1&+0&!R&z2:2].[O&D0&v2&H2&+0&!R:3]>>[C&D2&v4&H1&+0&!R&z2:2]-[O&D1&v2&H1&+0&!R:3].[N&D2&v3&H1&+0&!R:1],587
1927,[C&D1&v4&H3&+0&!R&z1:1]-[S&D2&v2&H0&+0&!R:2].[N&D3&v3&H0&+0&!R:3]>>[C&D1&v4&H3&+0&!R&z1:1]-[N&D4&v4&H0&+&!R:3].[S&D1&v2&H1&+0&!R:2],935
1928,[C&D1&v4&H3&+0&!R&z1:1]-[N&D3&v3&H0&+0&!R:2]-[C&D1&v4&H3&+0&!R&z1:3].[S&D2&v2&H0&+0&!R:4].[S&D2&v2&H0&+0&!R:5]>>[C&D1&v4&H3&+0&!R&z1:1]-[S&D3&v3&H0&+&!R:4].[C&D1&v4&H3&+0&!R&z1:3]-[S&D3&v3&H0&+&!R:5].[N&D1&v3&H2&+0&!R:2],826
1929,[C&D1&v4&H3&+0&!R&z1:1]-[N&D3&v3&H0&+0&!R:2].[O&D0&v2&H2&+0&!R:3].[O&D1&v2&H0&+0&!R:4]=[O&D1&v2&H0&+0&!R:5]>>[C&D1&v4&H2&+0&!R&z1:1]=[O&D1&v2&H0&+0&!R:3].[N&D2&v3&H1&+0&!R:2].[O&D1&v2&H1&+0&!R:4]-[O&D1&v2&H1&+0&!R:5],792
1930,[N&D3&v3&H0&+0&!R:1]-[C&D2&v4&H2&+0&!R&z1:2].[O&D0&v2&H2&+0&!R:3].[O&D1&v2&H0&+0&!R:4]=[O&D1&v2&H0&+0&!R:5]>>[N&D2&v3&H1&+0&!R:1].[O&D1&v2&H0&+0&!R:3]=[C&D2&v4&H1&+0&!R&z1:2].[O&D1&v2&H1&+0&!R:4]-[O&D1&v2&H1&+0&!R:5],792
1931,[N&D1&v3&H2&+0&!R:1].[N&D1&v3&H2&+0&!R:2].[c&D3&v4&H0&+0&R&z0:3]1:[c&D2&v4&H1&+0&R&z0:4]:[c&D2&v4&H1&+0&R&z0:5]:[c&D2&v4&H1&+0&R&z1:6]:[n&D3&v4&H0&+&R:7]:[c&D2&v4&H1&+0&R&z1:8]:1.[c&D3&v4&H0&+0&R&z0:9]1:[c&D2&v4&H1&+0&R&z0:10]:[c&D2&v4&H1&+0&R&z0:11]:[c&D2&v4&H1&+0&R&z1:12]:[n&D3&v4&H0&+&R:13]:[c&D2&v4&H1&+0&R&z1:14]:1>>[C&D3&v4&H0&+0&R&z0:3]1=[C&D2&v4&H1&+0&R&z1:8]-[N&D3&v3&H0&+0&R:7]-[C&D2&v4&H1&+0&R&z1:6]=[C&D2&v4&H1&+0&R&z0:5]-[C&D2&v4&H2&+0&R&z0:4]-1.[C&D3&v4&H0&+0&R&z0:9]1=[C&D2&v4&H1&+0&R&z1:14]-[N&D3&v3&H0&+0&R:13]-[C&D2&v4&H1&+0&R&z1:12]=[C&D2&v4&H1&+0&R&z0:11]-[C&D2&v4&H2&+0&R&z0:10]-1.[N&D2&v3&H0&+0&!R:1]=[N&D2&v3&H0&+0&!R:2],463
1932,[C&D3&v4&H0&+0&R&z0:1]1=[C&D2&v4&H1&+0&R&z1:2]-[N&D3&v3&H0&+0&R:3]-[C&D2&v4&H1&+0&R&z1:4]=[C&D2&v4&H1&+0&R&z0:5]-[C&D2&v4&H2&+0&R&z0:6]-1.[C&D3&v4&H0&+0&R&z0:7]1=[C&D2&v4&H1&+0&R&z1:8]-[N&D3&v3&H0&+0&R:9]-[C&D2&v4&H1&+0&R&z1:10]=[C&D2&v4&H1&+0&R&z0:11]-[C&D2&v4&H2&+0&R&z0:12]-1.[N&D2&v3&H0&+0&!R:13]=[N&D2&v3&H0&+0&!R:14]>>[N&D1&v3&H2&+0&!R:13].[N&D1&v3&H2&+0&!R:14].[c&D3&v4&H0&+0&R&z0:7]1:[c&D2&v4&H1&+0&R&z0:12]:[c&D2&v4&H1&+0&R&z0:11]:[c&D2&v4&H1&+0&R&z1:10]:[n&D3&v4&H0&+&R:9]:[c&D2&v4&H1&+0&R&z1:8]:1.[c&D3&v4&H0&+0&R&z0:1]1:[c&D2&v4&H1&+0&R&z0:6]:[c&D2&v4&H1&+0&R&z0:5]:[c&D2&v4&H1&+0&R&z1:4]:[n&D3&v4&H0&+&R:3]:[c&D2&v4&H1&+0&R&z1:2]:1,337
1933,([C&D3&v4&H0&+0&!R&z2:1]-[O&D1&v2&H1&+0&!R:2].[C&D3&v4&H0&+0&!R&z2:3]=[O&D1&v2&H0&+0&!R:4]).[C&D3&v4&H0&+0&R&z0:5]1=[C&D2&v4&H1&+0&R&z1:6]-[N&D3&v3&H0&+0&R:7]-[C&D2&v4&H1&+0&R&z1:8]=[C&D2&v4&H1&+0&R&z0:9]-[C&D2&v4&H2&+0&R&z0:10]-1>>[C&D3&v4&H1&+0&R&z2:3]-[O&D2&v2&H0&+0&R:4]-[C&D3&v4&H0&+0&R&z2:1].[O&D0&v2&H2&+0&!R:2].[c&D3&v4&H0&+0&R&z0:5]1:[c&D2&v4&H1&+0&R&z0:10]:[c&D2&v4&H1&+0&R&z0:9]:[c&D2&v4&H1&+0&R&z1:8]:[n&D3&v4&H0&+&R:7]:[c&D2&v4&H1&+0&R&z1:6]:1,767
1934,[N&D3&v3&H0&+0&!R:1](-[C&D2&v4&H1&+0&!R&z2:2])-[C&D2&v4&H1&+0&!R&z1:3]=[C&D3&v4&H0&+0&!R&z0:4]-[C&D3&v4&H0&+0&!R&z2:5]-[O&D1&v2&H1&+0&!R:6].[O&D0&v2&H2&+0&!R:7].[O&D0&v2&H2&+0&!R:8]>>[C&D2&v4&H1&+0&!R&z2:2]-[O&D1&v2&H1&+0&!R:8].[N&D1&v3&H2&+0&!R:1].[O&D1&v2&H0&+0&!R:6]=[C&D2&v4&H0&+0&!R&z2:5].[O&D1&v2&H0&+0&!R:7]=[C&D2&v4&H1&+0&!R&z1:3]-[C&D2&v4&H2&+0&!R&z0:4],975
1935,[C&D3&v4&H1&+0&R&z2:1]-[O&D2&v2&H0&+0&R:2]-[C&D3&v4&H0&+0&R&z2:3].[O&D0&v2&H2&+0&!R:4].[c&D3&v4&H0&+0&R&z0:5]1:[c&D2&v4&H1&+0&R&z0:6]:[c&D2&v4&H1&+0&R&z0:7]:[c&D2&v4&H1&+0&R&z1:8]:[n&D3&v4&H0&+&R:9]:[c&D2&v4&H1&+0&R&z1:10]:1>>([C&D3&v4&H0&+0&!R&z2:3]-[O&D1&v2&H1&+0&!R:4].[C&D3&v4&H0&+0&!R&z2:1]=[O&D1&v2&H0&+0&!R:2]).[C&D3&v4&H0&+0&R&z0:5]1=[C&D2&v4&H1&+0&R&z1:10]-[N&D3&v3&H0&+0&R:9]-[C&D2&v4&H1&+0&R&z1:8]=[C&D2&v4&H1&+0&R&z0:7]-[C&D2&v4&H2&+0&R&z0:6]-1,557
1936,([C&D3&v4&H0&+0&!R&z2:1](=[O&D1&v2&H0&+0&!R:2])-[O&D1&v2&H1&+0&!R:3].[N&D1&v3&H2&+0&!R:4])>>[C&D3&v4&H0&+0&R&z2:1](=[O&D1&v2&H0&+0&!R:2])-[N&D2&v3&H1&+0&R:4].[O&D0&v2&H2&+0&!R:3],464
1937,([C&D3&v4&H0&+0&!R&z2:1](=[O&D1&v2&H0&+0&!R:2])-[O&D1&v2&H1&+0&!R:3].[N&D1&v3&H2&+0&!R:4]).[P&D4&v5&H0&+0&!R:5]-[O&D1&v2&H1&+0&!R:6].[P&D4&v5&H0&+0&!R:7]-[O&D1&v2&H1&+0&!R:8]>>[C&D3&v4&H0&+0&R&z2:1](=[O&D1&v2&H0&+0&!R:2])-[N&D2&v3&H1&+0&R:4].[O&D0&v2&H2&+0&!R:3].[O&D0&v2&H2&+0&!R:8].[P&D4&v5&H0&+0&!R:5]-[O&D2&v2&H0&+0&!R:6]-[P&D4&v5&H0&+0&!R:7],19
1938,[N&D3&v3&H0&+0&!R:1]-[C&D3&v4&H0&+0&!R&z3:2]-[N&D1&v3&H2&+0&!R:3].[O&D0&v2&H2&+0&!R:4]>>[N&D0&v3&H3&+0&!R:3].[N&D2&v3&H1&+0&!R:1].[O&D1&v2&H0&+0&!R:4]=[C&D2&v4&H0&+0&!R&z2:2],366
1939,[N&D1&v3&H2&+0&!R:1].[N&D1&v3&H2&+0&!R:2]-[C&D3&v4&H0&+0&!R&z3:3]=[O&D1&v2&H0&+0&!R:4]>>[N&D2&v3&H1&+0&!R:1]-[C&D3&v4&H0&+0&!R&z3:3]=[N&D1&v3&H1&+0&!R:2].[O&D0&v2&H2&+0&!R:4],937
1940,[C&D1&v4&H3&+0&!R&z1:1]-[N&D1&v3&H2&+0&!R:2].[O&D0&v2&H2&+0&!R:3].[c&D3&v4&H0&+0&R&z0:4]1:[c&D2&v4&H1&+0&R&z0:5]:[c&D2&v4&H1&+0&R&z0:6]:[c&D2&v4&H1&+0&R&z1:7]:[n&D3&v4&H0&+&R:8]:[c&D2&v4&H1&+0&R&z1:9]:1>>[C&D1&v4&H2&+0&!R&z1:1]=[O&D1&v2&H0&+0&!R:3].[C&D3&v4&H0&+0&R&z0:4]1=[C&D2&v4&H1&+0&R&z1:9]-[N&D3&v3&H0&+0&R:8]-[C&D2&v4&H1&+0&R&z1:7]=[C&D2&v4&H1&+0&R&z0:6]-[C&D2&v4&H2&+0&R&z0:5]-1.[N&D0&v3&H3&+0&!R:2],555
1941,[C&D1&v4&H3&+0&!R&z1:1]-[N&D1&v3&H2&+0&!R:2].[N&D1&v3&H2&+0&!R:3]>>[C&D1&v4&H3&+0&!R&z1:1]-[N&D2&v3&H1&+0&!R:3].[N&D0&v3&H3&+0&!R:2],316
1942,[C&D1&v4&H3&+0&!R&z1:1]-[N&D1&v3&H2&+0&!R:2].[O&D0&v2&H2&+0&!R:3].[O&D1&v2&H0&+0&!R:4]=[O&D1&v2&H0&+0&!R:5]>>[C&D1&v4&H2&+0&!R&z1:1]=[O&D1&v2&H0&+0&!R:3].[N&D0&v3&H3&+0&!R:2].[O&D1&v2&H1&+0&!R:4]-[O&D1&v2&H1&+0&!R:5],792
1943,[C&D2&v4&H1&+0&!R&z2:1]-[O&D1&v2&H1&+0&!R:2].[N&D1&v3&H2&+0&!R:3].[O&D1&v2&H0&+0&!R:4]=[C&D2&v4&H0&+0&!R&z2:5].[O&D1&v2&H0&+0&!R:6]=[C&D2&v4&H1&+0&!R&z1:7]-[C&D2&v4&H2&+0&!R&z0:8]>>[N&D3&v3&H0&+0&!R:3](-[C&D2&v4&H1&+0&!R&z2:1])-[C&D2&v4&H1&+0&!R&z1:7]=[C&D3&v4&H0&+0&!R&z0:8]-[C&D3&v4&H0&+0&!R&z2:5]-[O&D1&v2&H1&+0&!R:4].[O&D0&v2&H2&+0&!R:6].[O&D0&v2&H2&+0&!R:2],438
1944,[N&D1&v3&H2&+0&!R:1].[O&D1&v2&H0&+0&!R:2]=[C&D2&v4&H0&+0&!R&z2:3].[O&D1&v2&H1&+0&!R:4]-[c&D3&v4&H0&+0&R&z1:5]>>[N&D2&v3&H1&+0&!R:1]-[C&D3&v4&H0&+0&!R&z3:3]-[O&D2&v2&H0&+0&!R:2]-[c&D3&v4&H0&+0&R&z1:5].[O&D0&v2&H2&+0&!R:4],1026
1945,[N&D1&v3&H2&+0&!R:1].[O&D1&v2&H0&+0&!R:2]=[C&D2&v4&H1&+0&!R&z1:3]-[C&D2&v4&H2&+0&!R&z0:4]>>[N&D2&v3&H1&+0&!R:1]-[C&D2&v4&H2&+0&!R&z1:3]-[C&D3&v4&H1&+0&!R&z1:4]-[O&D1&v2&H1&+0&!R:2],331
1946,[C&D3&v4&H0&+0&!R&z2:1]-[O&D1&v2&H1&+0&!R:2].[C&D4&v4&H0&+0&R&z2:3]1-[O&D2&v2&H0&+0&R:4]-[C&D3&v4&H1&+0&R&z1:5]-1.[O&D1&v2&H0&+0&!R:6]=[C&D2&v4&H0&+0&!R&z2:7]>>[C&D3&v4&H0&+0&!R&z1:1]-[C&D3&v4&H0&+0&!R&z2:7]-[O&D1&v2&H1&+0&!R:6].[C&D3&v4&H0&+0&R&z1:3]=[C&D2&v4&H1&+0&!R&z0:5].[O&D1&v2&H0&+0&!R:2]=[O&D1&v2&H0&+0&!R:4],203
1947,[C&D3&v4&H0&+0&!R&z2:1]-[O&D1&v2&H1&+0&!R:2].[C&D3&v4&H0&+0&R&z1:3]=[C&D2&v4&H1&+0&!R&z0:4].[O&D0&v2&H2&+0&!R:5].[O&D1&v2&H0&+0&!R:6]=[C&D2&v4&H0&+0&!R&z2:7]>>[C&D3&v4&H0&+0&!R&z1:1]-[C&D3&v4&H0&+0&!R&z2:7]-[O&D1&v2&H1&+0&!R:6].[C&D3&v4&H1&+0&R&z1:3]-[C&D2&v4&H2&+0&!R&z0:4].[O&D1&v2&H0&+0&!R:2]=[O&D1&v2&H0&+0&!R:5],305
1948,[C&D3&v4&H0&+0&!R&z1:1]-[C&D3&v4&H0&+0&!R&z2:2]-[O&D1&v2&H1&+0&!R:3].[C&D3&v4&H0&+0&R&z1:4]=[C&D2&v4&H1&+0&!R&z0:5].[O&D1&v2&H0&+0&!R:6]=[O&D1&v2&H0&+0&!R:7]>>[C&D3&v4&H0&+0&!R&z2:1]-[O&D1&v2&H1&+0&!R:6].[C&D4&v4&H0&+0&R&z2:4]1-[O&D2&v2&H0&+0&R:7]-[C&D3&v4&H1&+0&R&z1:5]-1.[O&D1&v2&H0&+0&!R:3]=[C&D2&v4&H0&+0&!R&z2:2],928
1949,[C&D3&v4&H0&+0&!R&z1:1](=[O&D1&v2&H0&+0&!R:2])-[C&D3&v4&H0&+0&!R&z2:3]-[O&D1&v2&H1&+0&!R:4].[C&D3&v4&H1&+0&R&z1:5]-[C&D2&v4&H2&+0&!R&z0:6].[O&D1&v2&H0&+0&!R:7]=[O&D1&v2&H0&+0&!R:8]>>[C&D3&v4&H0&+0&R&z1:5]=[C&D2&v4&H1&+0&!R&z0:6].[O&D0&v2&H2&+0&!R:8].[O&D1&v2&H0&+0&!R:4]=[C&D2&v4&H0&+0&!R&z2:3].[O&D1&v2&H0&+0&!R:2]=[C&D3&v4&H0&+0&!R&z2:1]-[O&D1&v2&H1&+0&!R:7],301
1950,[C&D3&v4&H0&+0&!R&z1:1](=[O&D1&v2&H0&+0&!R:2])-[C&D3&v4&H0&+0&!R&z2:3]-[O&D1&v2&H1&+0&!R:4].[O&D1&v2&H0&+0&!R:5]=[O&D1&v2&H0&+0&!R:6].([C&D2&v4&H2&+0&R&z0:7].[O&D1&v2&H1&+0&!R:8])>>[O&D0&v2&H2&+0&!R:6].[O&D1&v2&H0&+0&!R:4]=[C&D2&v4&H0&+0&!R&z2:3].[O&D1&v2&H0&+0&!R:2]=[C&D3&v4&H0&+0&!R&z2:1]-[O&D1&v2&H1&+0&!R:5].[O&D2&v2&H0&+0&R:8]-[C&D3&v4&H1&+0&R&z1:7],111
1951,[C&D3&v4&H0&+0&!R&z2:1]-[O&D1&v2&H1&+0&!R:2].[C&D3&v4&H1&+0&R&z1:3]-[O&D2&v2&H0&+0&R:4].[O&D0&v2&H2&+0&!R:5].[O&D1&v2&H0&+0&!R:6]=[C&D2&v4&H0&+0&!R&z2:7]>>[C&D3&v4&H0&+0&!R&z1:1]-[C&D3&v4&H0&+0&!R&z2:7]-[O&D1&v2&H1&+0&!R:6].[O&D1&v2&H0&+0&!R:2]=[O&D1&v2&H0&+0&!R:5].([C&D2&v4&H2&+0&R&z0:3].[O&D1&v2&H1&+0&!R:4]),93
1952,[C&D1&v4&H3&+0&!R&z1:1]-[N&D3&v3&H0&+0&R:2].[S&D2&v2&H0&+0&!R:3]>>[C&D1&v4&H3&+0&!R&z1:1]-[S&D3&v3&H0&+&!R:3].[N&D2&v3&H1&+0&R:2],573
1953,[C&D3&v4&H0&+0&R&z2:1](=[O&D1&v2&H0&+0&!R:2])-[N&D2&v3&H1&+0&R:3].[O&D0&v2&H2&+0&!R:4]>>([C&D3&v4&H0&+0&!R&z2:1](=[O&D1&v2&H0&+0&!R:2])-[O&D1&v2&H1&+0&!R:4].[N&D1&v3&H2&+0&!R:3]),496
1954,[C&D3&v4&H0&+0&R&z3:1]=[N&D1&v3&H1&+0&!R:2].[O&D0&v2&H2&+0&!R:3]>>[C&D3&v4&H0&+0&R&z3:1]=[O&D1&v2&H0&+0&!R:3].[N&D0&v3&H3&+0&!R:2],195
1955,[C&D3&v4&H0&+0&R&z3:1]=[O&D1&v2&H0&+0&!R:2].[N&D0&v3&H3&+0&!R:3]>>[C&D3&v4&H0&+0&R&z3:1]=[N&D1&v3&H1&+0&!R:3].[O&D0&v2&H2&+0&!R:2],293
1956,[C&D3&v4&H0&+0&R&z2:1](=[O&D1&v2&H0&+0&!R:2])-[N&D2&v3&H1&+0&R:3].[O&D0&v2&H2&+0&!R:4].[O&D0&v2&H2&+0&!R:5].[P&D4&v5&H0&+0&!R:6]-[O&D2&v2&H0&+0&!R:7]>>([C&D3&v4&H0&+0&!R&z2:1](=[O&D1&v2&H0&+0&!R:2])-[O&D1&v2&H1&+0&!R:4].[N&D1&v3&H2&+0&!R:3]).[O&D1&v2&H1&+0&!R:7].[P&D4&v5&H0&+0&!R:6]-[O&D1&v2&H1&+0&!R:5],816
1957,[C&D3&v4&H0&+0&R&z0:1]=[C&D2&v4&H1&+0&R&z0:2]-[C&D2&v4&H2&+0&R&z0:3]>>[C&D2&v4&H1&+0&R&z0:3]=[C&D2&v4&H1&+0&R&z0:2]-[C&D3&v4&H1&+0&R&z0:1],367
1958,[C&D2&v4&H1&+0&R&z0:1]=[C&D2&v4&H1&+0&R&z0:2]-[C&D3&v4&H1&+0&R&z0:3]>>[C&D3&v4&H0&+0&R&z0:3]=[C&D2&v4&H1&+0&R&z0:2]-[C&D2&v4&H2&+0&R&z0:1],367
1959,[N&D3&v3&H0&+0&R:1]-[C&D3&v4&H0&+0&R&z1:2]=[C&D2&v4&H1&+0&R&z0:3].[O&D0&v2&H2&+0&!R:4]>>([C&D2&v4&H2&+0&!R&z0:3]-[C&D3&v4&H0&+0&!R&z1:2]=[O&D1&v2&H0&+0&!R:4].[N&D2&v3&H1&+0&!R:1]),1000
1960,[C&D2&v4&H1&+0&R&z0:1]=[C&D3&v4&H0&+0&R&z1:2].[O&D1&v2&H1&+0&!R:3]-[O&D1&v2&H1&+0&!R:4]>>[C&D2&v4&H2&+0&R&z0:1]-[C&D3&v4&H1&+0&R&z1:2].[O&D1&v2&H0&+0&!R:3]=[O&D1&v2&H0&+0&!R:4],976
1961,[C&D2&v4&H2&+0&R&z0:1]-[C&D3&v4&H1&+0&R&z1:2].[O&D1&v2&H0&+0&!R:3]=[O&D1&v2&H0&+0&!R:4]>>[C&D2&v4&H1&+0&R&z0:1]=[C&D3&v4&H0&+0&R&z1:2].[O&D1&v2&H1&+0&!R:3]-[O&D1&v2&H1&+0&!R:4],734
1962,[N&D3&v3&H0&+0&R:1]1-[C&D2&v4&H2&+0&R&z1:2]-[c&D3&v4&H0&+0&R&z0:3]:[c&D3&v4&H0&+0&R&z0:4]-[c&D3&v4&H0&+0&R&z0:5]:[c&D3&v4&H0&+0&R&z1:6]-1.[O&D1&v2&H0&+0&!R:7]=[O&D1&v2&H0&+0&!R:8]>>[O&D1&v2&H1&+0&!R:7]-[O&D1&v2&H1&+0&!R:8].[n&D3&v4&H0&+&R:1]1:[c&D2&v4&H1&+0&R&z1:2]:[c&D3&v4&H0&+0&R&z0:3]:[c&D3&v4&H0&+0&R&z0:4]:[c&D3&v4&H0&+0&R&z0:5]:[c&D3&v4&H0&+0&R&z1:6]:1,784
1963,[C&D1&v4&H3&+0&!R&z1:1]-[N&D3&v3&H0&+0&R:2].[S&D1&v2&H1&+0&!R:3]>>[C&D1&v4&H3&+0&!R&z1:1]-[S&D2&v2&H0&+0&!R:3].[N&D2&v3&H1&+0&R:2],124
1964,[C&D1&v4&H3&+0&!R&z1:1]-[N&D3&v3&H0&+0&R:2].[O&D1&v2&H1&+0&!R:3]>>[C&D1&v4&H3&+0&!R&z1:1]-[O&D2&v2&H0&+0&!R:3].[N&D2&v3&H1&+0&R:2],587
1965,([C&D1&v4&H3&+0&!R&z1:1].[N&D2&v3&H1&+0&!R:2]).[c&D3&v4&H0&+0&R&z0:3]1:[c&D2&v4&H1&+0&R&z0:4]:[c&D2&v4&H1&+0&R&z0:5]:[c&D2&v4&H1&+0&R&z1:6]:[n&D3&v4&H0&+&R:7]:[c&D2&v4&H1&+0&R&z1:8]:1>>[C&D2&v4&H2&+0&R&z2:1]-[N&D3&v3&H0&+0&R:2].[C&D3&v4&H0&+0&R&z0:3]1=[C&D2&v4&H1&+0&R&z1:8]-[N&D3&v3&H0&+0&R:7]-[C&D2&v4&H1&+0&R&z1:6]=[C&D2&v4&H1&+0&R&z0:5]-[C&D2&v4&H2&+0&R&z0:4]-1,237
1966,[C&D3&v4&H0&+0&R&z0:1]1=[C&D2&v4&H1&+0&R&z1:2]-[N&D3&v3&H0&+0&R:3]-[C&D2&v4&H1&+0&R&z1:4]=[C&D2&v4&H1&+0&R&z0:5]-[C&D2&v4&H2&+0&R&z0:6]-1.[N&D2&v3&H0&+0&!R:7]=[C&D3&v4&H0&+0&!R&z1:8]>>[N&D2&v3&H1&+0&!R:7]-[C&D3&v4&H1&+0&!R&z1:8].[c&D3&v4&H0&+0&R&z0:1]1:[c&D2&v4&H1&+0&R&z0:6]:[c&D2&v4&H1&+0&R&z0:5]:[c&D2&v4&H1&+0&R&z1:4]:[n&D3&v4&H0&+&R:3]:[c&D2&v4&H1&+0&R&z1:2]:1,688
1967,[N&D2&v3&H0&+0&!R:1]=[C&D2&v4&H0&+0&!R&z2:2].[c&D3&v4&H0&+0&R&z0:3]1:[c&D3&v4&H0&+0&R&z1:4](-[O&D1&v2&H1&+0&!R:5]):[c&D3&v4&H0&+0&R&z2:6]:[n&D2&v3&H1&+0&R:7]:[c&D3&v4&H0&+0&R&z1:8]:[c&D3&v4&H0&+0&R&z0:9]:1>>[C&D3&v4&H1&+0&R&z1:3]1-[O&D2&v2&H0&+0&R:5]-[C&D4&v4&H0&+0&R&z2:4]-12-[C&D3&v4&H0&+0&R&z2:6]-[N&D2&v3&H1&+0&R:7]-[c&D3&v4&H0&+0&R&z1:8]:[c&D3&v4&H0&+0&R&z0:9]-[C&D3&v4&H0&+0&R&z2:2]-[N&D3&v3&H0&+0&R:1]-2,81
1968,[N&D2&v3&H0&+0&!R:1]=[C&D2&v4&H0&+0&!R&z2:2].[c&D3&v4&H0&+0&R&z2:3]1:[n&D2&v3&H1&+0&R:4]:[c&D3&v4&H0&+0&R&z1:5]:[c&D3&v4&H0&+0&R&z0:6]:[c&D3&v4&H0&+0&R&z0:7]:[c&D3&v4&H0&+0&R&z1:8]:1-[O&D1&v2&H1&+0&!R:9]>>[N&D3&v3&H0&+0&R:1]1-[C&D3&v4&H0&+0&R&z2:2]-[c&D3&v4&H0&+0&R&z0:6]:[c&D3&v4&H0&+0&R&z1:5]-[N&D2&v3&H1&+0&R:4]-[C&D3&v4&H0&+0&R&z2:3]-[C&D4&v4&H0&+0&R&z2:8]-12-[O&D2&v2&H0&+0&R:9]-[C&D3&v4&H1&+0&R&z1:7]-2,81
1969,[C&D3&v4&H0&+0&R&z0:1]1=[C&D2&v4&H1&+0&R&z1:2]-[N&D3&v3&H0&+0&R:3]-[C&D2&v4&H1&+0&R&z1:4]=[C&D2&v4&H1&+0&R&z0:5]-[C&D2&v4&H2&+0&R&z0:6]-1.[N&D1&v3&H1&+0&!R:7].[O&D1&v2&H0&+0&!R:8]=[O&D1&v2&H0&+0&!R:9]>>[N&D2&v3&H0&+0&!R:7]-[O&D1&v2&H1&+0&!R:8].[O&D0&v2&H2&+0&!R:9].[c&D3&v4&H0&+0&R&z0:1]1:[c&D2&v4&H1&+0&R&z0:6]:[c&D2&v4&H1&+0&R&z0:5]:[c&D2&v4&H1&+0&R&z1:4]:[n&D3&v4&H0&+&R:3]:[c&D2&v4&H1&+0&R&z1:2]:1,534
1970,[N&D3&v3&H0&+0&!R:1]-[O&D1&v2&H1&+0&!R:2].[O&D0&v2&H2&+0&!R:3].[c&D3&v4&H0&+0&R&z0:4]1:[c&D2&v4&H1&+0&R&z0:5]:[c&D2&v4&H1&+0&R&z0:6]:[c&D2&v4&H1&+0&R&z1:7]:[n&D3&v4&H0&+&R:8]:[c&D2&v4&H1&+0&R&z1:9]:1>>[C&D3&v4&H0&+0&R&z0:4]1=[C&D2&v4&H1&+0&R&z1:9]-[N&D3&v3&H0&+0&R:8]-[C&D2&v4&H1&+0&R&z1:7]=[C&D2&v4&H1&+0&R&z0:6]-[C&D2&v4&H2&+0&R&z0:5]-1.[N&D2&v3&H1&+0&!R:1].[O&D1&v2&H0&+0&!R:2]=[O&D1&v2&H0&+0&!R:3],32
1971,[N&D2&v3&H1&+0&!R:1]-[C&D3&v4&H0&+0&!R&z3:2]=[N&D1&v3&H1&+0&!R:3].[O&D0&v2&H2&+0&!R:4]>>[N&D1&v3&H2&+0&!R:1].[N&D1&v3&H2&+0&!R:3]-[C&D3&v4&H0&+0&!R&z3:2]=[O&D1&v2&H0&+0&!R:4],462
1972,[C&D3&v4&H0&+0&R&z0:1]1=[C&D2&v4&H1&+0&R&z1:2]-[N&D3&v3&H0&+0&R:3]-[C&D2&v4&H1&+0&R&z1:4]=[C&D2&v4&H1&+0&R&z0:5]-[C&D2&v4&H2&+0&R&z0:6]-1.[N&D2&v3&H1&+0&!R:7].[O&D1&v2&H0&+0&!R:8]=[O&D1&v2&H0&+0&!R:9]>>[N&D3&v3&H0&+0&!R:7]-[O&D1&v2&H1&+0&!R:8].[O&D0&v2&H2&+0&!R:9].[c&D3&v4&H0&+0&R&z0:1]1:[c&D2&v4&H1&+0&R&z0:6]:[c&D2&v4&H1&+0&R&z0:5]:[c&D2&v4&H1&+0&R&z1:4]:[n&D3&v4&H0&+&R:3]:[c&D2&v4&H1&+0&R&z1:2]:1,534
1973,[C&D1&v4&H3&+0&!R&z1:1]-[N&D2&v3&H1&+0&!R:2].[S&D2&v2&H0&+0&!R:3]>>[C&D1&v4&H3&+0&!R&z1:1]-[S&D3&v3&H0&+&!R:3].[N&D1&v3&H2&+0&!R:2],573
1974,[N&D2&v3&H0&+0&!R:1]-[O&D1&v2&H1&+0&!R:2].[O&D0&v2&H2&+0&!R:3].[c&D3&v4&H0&+0&R&z0:4]1:[c&D2&v4&H1&+0&R&z0:5]:[c&D2&v4&H1&+0&R&z0:6]:[c&D2&v4&H1&+0&R&z1:7]:[n&D3&v4&H0&+&R:8]:[c&D2&v4&H1&+0&R&z1:9]:1>>[C&D3&v4&H0&+0&R&z0:4]1=[C&D2&v4&H1&+0&R&z1:9]-[N&D3&v3&H0&+0&R:8]-[C&D2&v4&H1&+0&R&z1:7]=[C&D2&v4&H1&+0&R&z0:6]-[C&D2&v4&H2&+0&R&z0:5]-1.[N&D1&v3&H1&+0&!R:1].[O&D1&v2&H0&+0&!R:2]=[O&D1&v2&H0&+0&!R:3],32
1975,[N&D2&v3&H1&+0&!R:1]-[C&D3&v4&H0&+0&!R&z3:2]-[O&D2&v2&H0&+0&!R:3]-[c&D3&v4&H0&+0&R&z1:4].[O&D0&v2&H2&+0&!R:5]>>[N&D1&v3&H2&+0&!R:1].[O&D1&v2&H0&+0&!R:3]=[C&D2&v4&H0&+0&!R&z2:2].[c&D3&v4&H0&+0&R&z1:4]-[O&D1&v2&H1&+0&!R:5],8
1976,[N&D2&v3&H1&+0&!R:1]-[C&D3&v4&H0&+0&!R&z3:2]-[O&D2&v2&H0&+0&!R:3]-[c&D3&v4&H0&+0&R&z1:4].[O&D0&v2&H2&+0&!R:5]>>[N&D1&v3&H2&+0&!R:1].[O&D1&v2&H0&+0&!R:3]=[C&D2&v4&H0&+0&!R&z2:2].[O&D1&v2&H1&+0&!R:5]-[c&D3&v4&H0&+0&R&z1:4],8
1977,[N&D2&v3&H1&+0&!R:1]-[C&D3&v4&H1&+0&!R&z1:2].[c&D3&v4&H0&+0&R&z0:3]1:[c&D2&v4&H1&+0&R&z0:4]:[c&D2&v4&H1&+0&R&z0:5]:[c&D2&v4&H1&+0&R&z1:6]:[n&D3&v4&H0&+&R:7]:[c&D2&v4&H1&+0&R&z1:8]:1>>[C&D3&v4&H0&+0&R&z0:3]1=[C&D2&v4&H1&+0&R&z1:8]-[N&D3&v3&H0&+0&R:7]-[C&D2&v4&H1&+0&R&z1:6]=[C&D2&v4&H1&+0&R&z0:5]-[C&D2&v4&H2&+0&R&z0:4]-1.[N&D2&v3&H0&+0&!R:1]=[C&D3&v4&H0&+0&!R&z1:2],904
1978,[C&D1&v4&H3&+0&!R&z1:1]-[N&D2&v3&H1&+0&!R:2].[N&D0&v3&H3&+0&!R:3]>>[C&D1&v4&H3&+0&!R&z1:1]-[N&D1&v3&H2&+0&!R:3].[N&D1&v3&H2&+0&!R:2],316
1979,[C&D1&v4&H3&+0&!R&z1:1]-[S&D3&v3&H0&+&!R:2].[N&D2&v3&H1&+0&!R:3]>>[C&D1&v4&H3&+0&!R&z1:1]-[N&D3&v3&H0&+0&!R:3].[S&D2&v2&H0&+0&!R:2],208
1980,[C&D1&v4&H3&+0&!R&z1:1]-[N&D2&v3&H1&+0&!R:2].[O&D0&v2&H2&+0&!R:3].[O&D1&v2&H0&+0&!R:4]=[O&D1&v2&H0&+0&!R:5]>>[C&D1&v4&H2&+0&!R&z1:1]=[O&D1&v2&H0&+0&!R:3].[N&D1&v3&H2&+0&!R:2].[O&D1&v2&H1&+0&!R:4]-[O&D1&v2&H1&+0&!R:5],792
1981,[C&D1&v4&H3&+0&!R&z1:1]-[N&D2&v3&H1&+0&!R:2].[C&D3&v4&H0&+0&R&z0:3]1=[C&D2&v4&H1&+0&R&z1:4]-[N&D3&v3&H0&+0&R:5]-[C&D2&v4&H1&+0&R&z1:6]=[C&D2&v4&H1&+0&R&z0:7]-[C&D2&v4&H2&+0&R&z0:8]-1.[O&D1&v2&H0&+0&!R:9]=[O&D1&v2&H0&+0&!R:10]>>[C&D1&v4&H2&+0&!R&z1:1]=[O&D1&v2&H0&+0&!R:10].[N&D1&v3&H2&+0&!R:2].[O&D0&v2&H2&+0&!R:9].[c&D3&v4&H0&+0&R&z0:3]1:[c&D2&v4&H1&+0&R&z0:8]:[c&D2&v4&H1&+0&R&z0:7]:[c&D2&v4&H1&+0&R&z1:6]:[n&D3&v4&H0&+&R:5]:[c&D2&v4&H1&+0&R&z1:4]:1,432
1982,[N&D1&v3&H2&+0&!R:1]-[C&D3&v4&H0&+0&!R&z3:2]=[O&D1&v2&H0&+0&!R:3].[N&D2&v3&H1&+0&!R:4]>>[N&D3&v3&H0&+0&!R:4]-[C&D3&v4&H0&+0&!R&z3:2]=[N&D1&v3&H1&+0&!R:1].[O&D0&v2&H2&+0&!R:3],937
1983,[N&D2&v3&H1&+0&!R:1].[O&D1&v2&H0&+0&!R:2]=[C&D2&v4&H1&+0&!R&z1:3].[O&D1&v2&H1&+0&!R:4]-[O&D1&v2&H1&+0&!R:5]>>[N&D3&v3&H0&+0&!R:1]-[C&D2&v4&H2&+0&!R&z1:3].[O&D0&v2&H2&+0&!R:2].[O&D1&v2&H0&+0&!R:4]=[O&D1&v2&H0&+0&!R:5],294
1984,[C&D2&v4&H1&+0&!R&z2:1]-[O&D1&v2&H1&+0&!R:2].[N&D2&v3&H1&+0&!R:3]>>[N&D3&v3&H0&+0&!R:3]-[C&D2&v4&H1&+0&!R&z2:1].[O&D0&v2&H2&+0&!R:2],175
1985,[C&D2&v4&H1&+0&!R&z0:1]=[C&D3&v4&H0&+0&!R&z0:2].[C&D3&v4&H0&+0&R&z0:3]1=[C&D2&v4&H1&+0&R&z1:4]-[N&D3&v3&H0&+0&R:5]-[C&D2&v4&H1&+0&R&z1:6]=[C&D2&v4&H1&+0&R&z0:7]-[C&D2&v4&H2&+0&R&z0:8]-1>>[C&D2&v4&H2&+0&!R&z0:1]-[C&D3&v4&H1&+0&!R&z0:2].[c&D3&v4&H0&+0&R&z0:3]1:[c&D2&v4&H1&+0&R&z0:8]:[c&D2&v4&H1&+0&R&z0:7]:[c&D2&v4&H1&+0&R&z1:6]:[n&D3&v4&H0&+&R:5]:[c&D2&v4&H1&+0&R&z1:4]:1,515
1986,[C&D2&v4&H2&+0&!R&z0:1]-[C&D3&v4&H1&+0&!R&z0:2].[c&D3&v4&H0&+0&R&z0:3]1:[c&D2&v4&H1&+0&R&z0:4]:[c&D2&v4&H1&+0&R&z0:5]:[c&D2&v4&H1&+0&R&z1:6]:[n&D3&v4&H0&+&R:7]:[c&D2&v4&H1&+0&R&z1:8]:1>>[C&D2&v4&H1&+0&!R&z0:1]=[C&D3&v4&H0&+0&!R&z0:2].[C&D3&v4&H0&+0&R&z0:3]1=[C&D2&v4&H1&+0&R&z1:8]-[N&D3&v3&H0&+0&R:7]-[C&D2&v4&H1&+0&R&z1:6]=[C&D2&v4&H1&+0&R&z0:5]-[C&D2&v4&H2&+0&R&z0:4]-1,663
1987,([C&D2&v4&H1&+0&!R&z1:1]=[O&D1&v2&H0&+0&!R:2].[N&D2&v3&H1&+0&!R:3])>>[C&D2&v4&H1&+0&R&z1:1]=[N&D3&v4&H0&+&R:3].[O&D0&v2&H2&+0&!R:2],51
1988,[N&D0&v3&H3&+0&!R:1].[N&D2&v3&H1&+0&!R:2].[O&D1&v2&H0&+0&!R:3]=[C&D2&v4&H0&+0&!R&z2:4]>>[N&D3&v3&H0&+0&!R:2]-[C&D3&v4&H0&+0&!R&z3:4]-[N&D1&v3&H2&+0&!R:1].[O&D0&v2&H2&+0&!R:3],812
1989,[N&D2&v3&H1&+0&!R:1]-[C&D2&v4&H2&+0&!R&z1:2].[O&D0&v2&H2&+0&!R:3].[c&D3&v4&H0&+0&R&z0:4]1:[c&D2&v4&H1&+0&R&z0:5]:[c&D2&v4&H1&+0&R&z0:6]:[c&D2&v4&H1&+0&R&z1:7]:[n&D3&v4&H0&+&R:8]:[c&D2&v4&H1&+0&R&z1:9]:1>>[C&D2&v4&H1&+0&!R&z1:2]=[O&D1&v2&H0&+0&!R:3].[C&D3&v4&H0&+0&R&z0:4]1=[C&D2&v4&H1&+0&R&z1:9]-[N&D3&v3&H0&+0&R:8]-[C&D2&v4&H1&+0&R&z1:7]=[C&D2&v4&H1&+0&R&z0:6]-[C&D2&v4&H2&+0&R&z0:5]-1.[N&D1&v3&H2&+0&!R:1],555
1990,[N&D2&v3&H1&+0&!R:1]-[C&D2&v4&H2&+0&!R&z1:2]-[C&D3&v4&H1&+0&!R&z1:3]-[O&D1&v2&H1&+0&!R:4]>>[N&D1&v3&H2&+0&!R:1].[O&D1&v2&H0&+0&!R:4]=[C&D2&v4&H1&+0&!R&z1:2]-[C&D2&v4&H2&+0&!R&z0:3],421
1991,[C&D3&v4&H0&+0&!R&z2:1](=[O&D1&v2&H0&+0&!R:2])-[O&D1&v2&H1&+0&!R:3].[c&D2&v4&H1&+0&R&z0:4]>>[C&D3&v4&H0&+0&!R&z1:1](=[O&D1&v2&H0&+0&!R:2])-[c&D3&v4&H0&+0&R&z0:4].[O&D0&v2&H2&+0&!R:3],355
1992,([C&D2&v4&H2&+0&!R&z0:1]-[C&D3&v4&H0&+0&!R&z1:2]=[O&D1&v2&H0&+0&!R:3].[N&D2&v3&H1&+0&!R:4])>>[N&D3&v3&H0&+0&R:4]-[C&D3&v4&H0&+0&R&z1:2]=[C&D2&v4&H1&+0&R&z0:1].[O&D0&v2&H2&+0&!R:3],357
1993,[C&D1&v4&H3&+0&!R&z1:1]-[O&D1&v2&H1&+0&!R:2].[O&D0&v2&H2&+0&!R:3].[c&D3&v4&H0&+0&R&z0:4]1:[c&D2&v4&H1&+0&R&z0:5]:[c&D2&v4&H1&+0&R&z0:6]:[c&D2&v4&H1&+0&R&z1:7]:[n&D3&v4&H0&+&R:8]:[c&D2&v4&H1&+0&R&z1:9]:1>>[C&D0&v4&H4&+0&!R&z0:1].[C&D3&v4&H0&+0&R&z0:4]1=[C&D2&v4&H1&+0&R&z1:9]-[N&D3&v3&H0&+0&R:8]-[C&D2&v4&H1&+0&R&z1:7]=[C&D2&v4&H1&+0&R&z0:6]-[C&D2&v4&H2&+0&R&z0:5]-1.[O&D1&v2&H0&+0&!R:2]=[O&D1&v2&H0&+0&!R:3],9
1994,[C&D1&v4&H3&+0&!R&z1:1]-[O&D1&v2&H1&+0&!R:2].[c&D3&v4&H0&+0&R&z0:3]1:[c&D2&v4&H1&+0&R&z0:4]:[c&D2&v4&H1&+0&R&z0:5]:[c&D2&v4&H1&+0&R&z1:6]:[n&D3&v4&H0&+&R:7]:[c&D2&v4&H1&+0&R&z1:8]:1>>[C&D1&v4&H2&+0&!R&z1:1]=[O&D1&v2&H0&+0&!R:2].[C&D3&v4&H0&+0&R&z0:3]1=[C&D2&v4&H1&+0&R&z1:8]-[N&D3&v3&H0&+0&R:7]-[C&D2&v4&H1&+0&R&z1:6]=[C&D2&v4&H1&+0&R&z0:5]-[C&D2&v4&H2&+0&R&z0:4]-1,435
1995,[C&D1&v4&H3&+0&!R&z1:1]-[O&D1&v2&H1&+0&!R:2].[N&D1&v3&H2&+0&!R:3].[O&D1&v2&H0&+0&!R:4]=[C&D2&v4&H0&+0&!R&z2:5]>>[C&D1&v4&H3&+0&!R&z1:1]-[O&D2&v2&H0&+0&!R:4]-[C&D3&v4&H0&+0&!R&z3:5]-[N&D2&v3&H1&+0&!R:3].[O&D0&v2&H2&+0&!R:2],1026
1996,[C&D1&v4&H3&+0&!R&z1:1]-[O&D1&v2&H1&+0&!R:2].[O&D1&v2&H1&+0&!R:3]>>[C&D1&v4&H3&+0&!R&z1:1]-[O&D2&v2&H0&+0&!R:3].[O&D0&v2&H2&+0&!R:2],517
1997,[C&D1&v4&H3&+0&!R&z1:1]-[O&D1&v2&H1&+0&!R:2].[C&D2&v4&H1&+0&!R&z2:3]-[O&D1&v2&H1&+0&!R:4]>>[C&D1&v4&H2&+0&!R&z1:3].[C&D1&v4&H2&+0&!R&z1:1]=[O&D1&v2&H0&+0&!R:2].[O&D0&v2&H2&+0&!R:4],834
1998,[C&D1&v4&H3&+0&!R&z1:1]-[O&D1&v2&H1&+0&!R:2].[O&D1&v2&H1&+0&!R:3]-[O&D1&v2&H1&+0&!R:4]>>[C&D1&v4&H2&+0&!R&z1:1]=[O&D1&v2&H0&+0&!R:2].[O&D0&v2&H2&+0&!R:3].[O&D0&v2&H2&+0&!R:4],369
1999,[C&D1&v4&H3&+0&!R&z1:1]-[O&D2&v2&H0&+0&!R:2].[S&D2&v2&H0&+0&!R:3]>>[C&D1&v4&H3&+0&!R&z1:1]-[S&D3&v3&H0&+&!R:3].[O&D1&v2&H1&+0&!R:2],796
2000,[C&D1&v4&H3&+0&!R&z1:1].[C&D3&v4&H0&+0&!R&z1:2]-[C&D3&v4&H0&+0&!R&z2:3]-[O&D1&v2&H1&+0&!R:4].[O&D1&v2&H0&+0&!R:5]=[O&D1&v2&H0&+0&!R:6]>>[C&D2&v4&H2&+0&!R&z2:1]-[O&D1&v2&H1&+0&!R:5].[C&D3&v4&H0&+0&!R&z2:2]-[O&D1&v2&H1&+0&!R:6].[O&D1&v2&H0&+0&!R:4]=[C&D2&v4&H0&+0&!R&z2:3],298
2001,[C&D3&v4&H1&+0&R&z0:1]-[C&D4&v4&H0&+0&R&z1:2]-[O&D1&v2&H1&+0&!R:3]>>([C&D2&v4&H2&+0&!R&z0:1].[C&D3&v4&H0&+0&!R&z1:2]=[O&D1&v2&H0&+0&!R:3]),705
2002,[C&D1&v4&H3&+0&!R&z1:1]-[O&D2&v2&H0&+0&!R:2].[O&D0&v2&H2&+0&!R:3]>>[C&D1&v4&H3&+0&!R&z1:1]-[O&D1&v2&H1&+0&!R:3].[O&D1&v2&H1&+0&!R:2],517
2003,[C&D1&v4&H3&+0&!R&z1:1]-[O&D2&v2&H0&+0&!R:2]-[C&D3&v4&H0&+0&!R&z2:3].[O&D0&v2&H2&+0&!R:4].[c&D3&v4&H0&+0&R&z0:5]1:[c&D2&v4&H1&+0&R&z0:6]:[c&D2&v4&H1&+0&R&z0:7]:[c&D2&v4&H1&+0&R&z1:8]:[n&D3&v4&H0&+&R:9]:[c&D2&v4&H1&+0&R&z1:10]:1>>[C&D3&v4&H0&+0&!R&z1:3]-[C&D1&v4&H3&+0&!R&z0:1].[C&D3&v4&H0&+0&R&z0:5]1=[C&D2&v4&H1&+0&R&z1:10]-[N&D3&v3&H0&+0&R:9]-[C&D2&v4&H1&+0&R&z1:8]=[C&D2&v4&H1&+0&R&z0:7]-[C&D2&v4&H2&+0&R&z0:6]-1.[O&D1&v2&H0&+0&!R:4]=[O&D1&v2&H0&+0&!R:2],550
2004,([C&D2&v4&H2&+0&!R&z0:1].[C&D3&v4&H0&+0&!R&z1:2]=[O&D1&v2&H0&+0&!R:3])>>[C&D3&v4&H1&+0&R&z0:1]-[C&D4&v4&H0&+0&R&z1:2]-[O&D1&v2&H1&+0&!R:3],271
2005,[C&D1&v4&H3&+0&!R&z1:1]-[O&D2&v2&H0&+0&!R:2]-[C&D3&v4&H0&+0&!R&z3:3]-[N&D2&v3&H1&+0&!R:4].[O&D0&v2&H2&+0&!R:5]>>[C&D1&v4&H3&+0&!R&z1:1]-[O&D1&v2&H1&+0&!R:5].[N&D1&v3&H2&+0&!R:4].[O&D1&v2&H0&+0&!R:2]=[C&D2&v4&H0&+0&!R&z2:3],8
2006,[C&D3&v4&H0&+0&!R&z1:1]=[O&D1&v2&H0&+0&!R:2].[O&D0&v2&H2&+0&!R:3]>>[C&D4&v4&H0&+0&!R&z2:1](-[O&D1&v2&H1&+0&!R:2])-[O&D1&v2&H1&+0&!R:3],250
2007,[C&D4&v4&H0&+0&!R&z2:1](-[O&D1&v2&H1&+0&!R:2])-[O&D1&v2&H1&+0&!R:3]>>[C&D3&v4&H0&+0&!R&z1:1]=[O&D1&v2&H0&+0&!R:2].[O&D0&v2&H2&+0&!R:3],821
2008,[C&D1&v4&H3&+0&!R&z1:1]-[O&D2&v2&H0&+0&!R:2]-[C&D3&v4&H0&+0&!R&z2:3].[O&D0&v2&H2&+0&!R:4].[c&D3&v4&H0&+0&R&z0:5]1:[c&D2&v4&H1&+0&R&z0:6]:[c&D2&v4&H1&+0&R&z0:7]:[c&D2&v4&H1&+0&R&z1:8]:[n&D3&v4&H0&+&R:9]:[c&D2&v4&H1&+0&R&z1:10]:1>>[C&D1&v4&H3&+0&!R&z0:1]-[C&D3&v4&H0&+0&!R&z1:3].[C&D3&v4&H0&+0&R&z0:5]1=[C&D2&v4&H1&+0&R&z1:10]-[N&D3&v3&H0&+0&R:9]-[C&D2&v4&H1&+0&R&z1:8]=[C&D2&v4&H1&+0&R&z0:7]-[C&D2&v4&H2&+0&R&z0:6]-1.[O&D1&v2&H0&+0&!R:4]=[O&D1&v2&H0&+0&!R:2],550
2009,([C&D3&v4&H0&+0&R&z1:1]=[O&D1&v2&H0&+0&!R:2].[N&D1&v3&H2&+0&!R:3])>>[C&D4&v4&H0&+0&R&z2:1](-[O&D1&v2&H1&+0&!R:2])-[N&D2&v3&H1&+0&R:3],757
2010,[C&D3&v4&H0&+0&R&z0:1]1=[C&D2&v4&H1&+0&R&z1:2]-[N&D3&v3&H0&+0&R:3]-[C&D2&v4&H1&+0&R&z1:4]=[C&D2&v4&H1&+0&R&z0:5]-[C&D2&v4&H2&+0&R&z0:6]-1.[C&D3&v4&H0&+0&R&z1:7]1=[C&D3&v4&H0&+0&R&z1:8]-[C&D3&v4&H0&+0&R&z1:9](=[O&D1&v2&H0&+0&!R:10])-[C&D3&v4&H0&+0&R&z0:11]=[C&D3&v4&H0&+0&R&z0:12]-[C&D3&v4&H0&+0&R&z1:13]-1=[O&D1&v2&H0&+0&!R:14]>>[c&D3&v4&H0&+0&R&z0:1]1:[c&D2&v4&H1&+0&R&z0:6]:[c&D2&v4&H1&+0&R&z0:5]:[c&D2&v4&H1&+0&R&z1:4]:[n&D3&v4&H0&+&R:3]:[c&D2&v4&H1&+0&R&z1:2]:1.[c&D3&v4&H0&+0&R&z1:7]1:[c&D3&v4&H0&+0&R&z1:13](-[O&D1&v2&H1&+0&!R:14]):[c&D3&v4&H0&+0&R&z0:12]:[c&D3&v4&H0&+0&R&z0:11]:[c&D3&v4&H0&+0&R&z1:9](-[O&D1&v2&H1&+0&!R:10]):[c&D3&v4&H0&+0&R&z1:8]:1,841
2011,[C&D3&v4&H0&+0&R&z1:1]1=[C&D3&v4&H0&+0&R&z1:2]-[C&D3&v4&H0&+0&R&z1:3](=[O&D1&v2&H0&+0&!R:4])-[C&D3&v4&H0&+0&R&z0:5]=[C&D3&v4&H0&+0&R&z0:6]-[C&D3&v4&H0&+0&R&z1:7]-1=[O&D1&v2&H0&+0&!R:8].[N&D1&v3&H2&+0&!R:9]-[C&D3&v4&H1&+0&!R&z1:10]>>[N&D1&v3&H1&+0&!R:9]=[C&D3&v4&H0&+0&!R&z1:10].[c&D3&v4&H0&+0&R&z1:1]1:[c&D3&v4&H0&+0&R&z1:7](-[O&D1&v2&H1&+0&!R:8]):[c&D3&v4&H0&+0&R&z0:6]:[c&D3&v4&H0&+0&R&z0:5]:[c&D3&v4&H0&+0&R&z1:3](-[O&D1&v2&H1&+0&!R:4]):[c&D3&v4&H0&+0&R&z1:2]:1,634
2012,[C&D2&v4&H2&+0&!R&z0:1]-[C&D2&v4&H2&+0&!R&z0:2].[C&D3&v4&H0&+0&R&z1:3]1=[C&D3&v4&H0&+0&R&z1:4]-[C&D3&v4&H0&+0&R&z1:5](=[O&D1&v2&H0&+0&!R:6])-[C&D3&v4&H0&+0&R&z0:7]=[C&D3&v4&H0&+0&R&z0:8]-[C&D3&v4&H0&+0&R&z1:9]-1=[O&D1&v2&H0&+0&!R:10]>>[C&D2&v4&H1&+0&!R&z0:1]=[C&D2&v4&H1&+0&!R&z0:2].[c&D3&v4&H0&+0&R&z1:3]1:[c&D3&v4&H0&+0&R&z1:9](-[O&D1&v2&H1&+0&!R:10]):[c&D3&v4&H0&+0&R&z0:8]:[c&D3&v4&H0&+0&R&z0:7]:[c&D3&v4&H0&+0&R&z1:5](-[O&D1&v2&H1&+0&!R:6]):[c&D3&v4&H0&+0&R&z1:4]:1,259
2013,[C&D2&v4&H1&+0&!R&z2:1]-[O&D1&v2&H1&+0&!R:2].[C&D3&v4&H0&+0&R&z1:3]1=[C&D3&v4&H0&+0&R&z1:4]-[C&D3&v4&H0&+0&R&z1:5](=[O&D1&v2&H0&+0&!R:6])-[C&D3&v4&H0&+0&R&z0:7]=[C&D3&v4&H0&+0&R&z0:8]-[C&D3&v4&H0&+0&R&z1:9]-1=[O&D1&v2&H0&+0&!R:10]>>[O&D1&v2&H0&+0&!R:2]=[C&D2&v4&H0&+0&!R&z2:1].[c&D3&v4&H0&+0&R&z1:3]1:[c&D3&v4&H0&+0&R&z1:9](-[O&D1&v2&H1&+0&!R:10]):[c&D3&v4&H0&+0&R&z0:8]:[c&D3&v4&H0&+0&R&z0:7]:[c&D3&v4&H0&+0&R&z1:5](-[O&D1&v2&H1&+0&!R:6]):[c&D3&v4&H0&+0&R&z1:4]:1,112
2014,[C&D3&v4&H0&+0&R&z1:1]1=[C&D3&v4&H0&+0&R&z1:2]-[C&D3&v4&H0&+0&R&z1:3](=[O&D1&v2&H0&+0&!R:4])-[C&D3&v4&H0&+0&R&z0:5]=[C&D3&v4&H0&+0&R&z0:6]-[C&D3&v4&H0&+0&R&z1:7]-1=[O&D1&v2&H0&+0&!R:8].[C&D3&v4&H1&+0&!R&z1:9]-[O&D1&v2&H1&+0&!R:10]>>[O&D1&v2&H0&+0&!R:10]=[C&D3&v4&H0&+0&!R&z1:9].[c&D3&v4&H0&+0&R&z1:1]1:[c&D3&v4&H0&+0&R&z1:7](-[O&D1&v2&H1&+0&!R:8]):[c&D3&v4&H0&+0&R&z0:6]:[c&D3&v4&H0&+0&R&z0:5]:[c&D3&v4&H0&+0&R&z1:3](-[O&D1&v2&H1&+0&!R:4]):[c&D3&v4&H0&+0&R&z1:2]:1,112
2015,[C&D2&v4&H2&+0&R&z1:1]-[N&D2&v3&H1&+0&R:2].[C&D3&v4&H0&+0&R&z1:3]1=[C&D3&v4&H0&+0&R&z1:4]-[C&D3&v4&H0&+0&R&z1:5](=[O&D1&v2&H0&+0&!R:6])-[C&D3&v4&H0&+0&R&z0:7]=[C&D3&v4&H0&+0&R&z0:8]-[C&D3&v4&H0&+0&R&z1:9]-1=[O&D1&v2&H0&+0&!R:10]>>[C&D2&v4&H1&+0&R&z1:1]=[N&D2&v3&H0&+0&R:2].[c&D3&v4&H0&+0&R&z1:3]1:[c&D3&v4&H0&+0&R&z1:9](-[O&D1&v2&H1&+0&!R:10]):[c&D3&v4&H0&+0&R&z0:8]:[c&D3&v4&H0&+0&R&z0:7]:[c&D3&v4&H0&+0&R&z1:5](-[O&D1&v2&H1&+0&!R:6]):[c&D3&v4&H0&+0&R&z1:4]:1,634
2016,[C&D4&v4&H0&+0&R&z1:1]1-[C&D2&v4&H2&+0&R&z0:2]-[C&D3&v4&H1&+0&R&z0:3]-[C&D2&v4&H1&+0&R&z0:4]=[C&D2&v4&H1&+0&R&z0:5]-[C&D3&v4&H1&+0&R&z0:6]-1>>([C&D1&v4&H2&+0&!R&z0:2]=[C&D3&v4&H0&+0&R&z1:1].[C&D2&v4&H1&+0&!R&z0:6]=[C&D2&v4&H1&+0&!R&z0:5]-[C&D2&v4&H1&+0&!R&z0:4]=[C&D2&v4&H1&+0&!R&z0:3]),687
2017,[C&D3&v4&H0&+0&R&z0:1]-[C&D1&v4&H3&+0&!R&z0:2].[S&D2&v2&H0&+0&!R:3]>>[C&D1&v4&H3&+0&!R&z1:2]-[S&D3&v3&H0&+&!R:3].[C&D2&v4&H1&+0&R&z0:1],371
2018,[C&D1&v4&H3&+0&!R&z1:1]-[S&D3&v3&H0&+&!R:2].[C&D2&v4&H1&+0&R&z0:3]>>[C&D3&v4&H0&+0&R&z0:3]-[C&D1&v4&H3&+0&!R&z0:1].[S&D2&v2&H0&+0&!R:2],588
2019,([C&D3&v4&H0&+0&R&z1:1](=[C&D2&v4&H1&+0&R&z0:2])-[C&D3&v4&H1&+0&R&z1:3]-[O&D2&v2&H0&+0&!R:4].[O&D1&v2&H1&+0&!R:5])>>[C&D3&v4&H0&+0&R&z1:1](=[C&D2&v4&H1&+0&R&z0:3])-[C&D3&v4&H1&+0&R&z1:2]-[O&D2&v2&H0&+0&R:5].[O&D1&v2&H1&+0&!R:4],113
2020,[C&D1&v4&H3&+0&!R&z1:1]-[O&D2&v2&H0&+0&!R:2].[C&D3&v4&H0&+0&!R&z1:3]-[C&D3&v4&H0&+0&!R&z2:4]-[O&D1&v2&H1&+0&!R:5].[O&D1&v2&H0&+0&!R:6]=[O&D1&v2&H0&+0&!R:7]>>[C&D1&v4&H2&+0&!R&z1:1]=[O&D1&v2&H0&+0&!R:7].[C&D3&v4&H0&+0&!R&z2:3]-[O&D1&v2&H1&+0&!R:6].[O&D1&v2&H0&+0&!R:5]=[C&D2&v4&H0&+0&!R&z2:4].[O&D1&v2&H1&+0&!R:2],165
2021,[C&D3&v4&H0&+0&R&z0:1]1=[C&D2&v4&H1&+0&R&z1:2]-[N&D3&v3&H0&+0&R:3]-[C&D2&v4&H1&+0&R&z1:4]=[C&D2&v4&H1&+0&R&z0:5]-[C&D2&v4&H2&+0&R&z0:6]-1.[N&D1&v3&H2&+0&!R:7].[O&D1&v2&H0&+0&!R:8]=[O&D1&v2&H0&+0&!R:9]>>[N&D2&v3&H1&+0&!R:7]-[O&D1&v2&H1&+0&!R:8].[O&D0&v2&H2&+0&!R:9].[c&D3&v4&H0&+0&R&z0:1]1:[c&D2&v4&H1&+0&R&z0:6]:[c&D2&v4&H1&+0&R&z0:5]:[c&D2&v4&H1&+0&R&z1:4]:[n&D3&v4&H0&+&R:3]:[c&D2&v4&H1&+0&R&z1:2]:1,534
2022,[N&D2&v3&H1&+0&!R:1]-[O&D1&v2&H1&+0&!R:2].[O&D0&v2&H2&+0&!R:3].[c&D3&v4&H0&+0&R&z0:4]1:[c&D2&v4&H1&+0&R&z0:5]:[c&D2&v4&H1&+0&R&z0:6]:[c&D2&v4&H1&+0&R&z1:7]:[n&D3&v4&H0&+&R:8]:[c&D2&v4&H1&+0&R&z1:9]:1>>[C&D3&v4&H0&+0&R&z0:4]1=[C&D2&v4&H1&+0&R&z1:9]-[N&D3&v3&H0&+0&R:8]-[C&D2&v4&H1&+0&R&z1:7]=[C&D2&v4&H1&+0&R&z0:6]-[C&D2&v4&H2&+0&R&z0:5]-1.[N&D1&v3&H2&+0&!R:1].[O&D1&v2&H0&+0&!R:2]=[O&D1&v2&H0&+0&!R:3],32
2023,[C&D4&v4&H0&+0&R&z2:1](-[O&D1&v2&H1&+0&!R:2])-[N&D2&v3&H1&+0&R:3]>>([C&D3&v4&H0&+0&R&z1:1]=[O&D1&v2&H0&+0&!R:2].[N&D1&v3&H2&+0&!R:3]),732
2024,[N&D1&v3&H1&+0&!R:1]=[C&D3&v4&H0&+0&!R&z1:2].[c&D3&v4&H0&+0&R&z1:3]1:[c&D3&v4&H0&+0&R&z1:4](-[O&D1&v2&H1&+0&!R:5]):[c&D3&v4&H0&+0&R&z0:6]:[c&D3&v4&H0&+0&R&z0:7]:[c&D3&v4&H0&+0&R&z1:8](-[O&D1&v2&H1&+0&!R:9]):[c&D3&v4&H0&+0&R&z1:10]:1>>[C&D3&v4&H0&+0&R&z1:3]1=[C&D3&v4&H0&+0&R&z1:10]-[C&D3&v4&H0&+0&R&z1:8](=[O&D1&v2&H0&+0&!R:9])-[C&D3&v4&H0&+0&R&z0:7]=[C&D3&v4&H0&+0&R&z0:6]-[C&D3&v4&H0&+0&R&z1:4]-1=[O&D1&v2&H0&+0&!R:5].[N&D1&v3&H2&+0&!R:1]-[C&D3&v4&H1&+0&!R&z1:2],166
2025,[C&D2&v4&H1&+0&!R&z0:1]=[C&D2&v4&H1&+0&!R&z0:2].[c&D3&v4&H0&+0&R&z1:3]1:[c&D3&v4&H0&+0&R&z1:4](-[O&D1&v2&H1&+0&!R:5]):[c&D3&v4&H0&+0&R&z0:6]:[c&D3&v4&H0&+0&R&z0:7]:[c&D3&v4&H0&+0&R&z1:8](-[O&D1&v2&H1&+0&!R:9]):[c&D3&v4&H0&+0&R&z1:10]:1>>[C&D2&v4&H2&+0&!R&z0:1]-[C&D2&v4&H2&+0&!R&z0:2].[C&D3&v4&H0&+0&R&z1:3]1=[C&D3&v4&H0&+0&R&z1:10]-[C&D3&v4&H0&+0&R&z1:8](=[O&D1&v2&H0&+0&!R:9])-[C&D3&v4&H0&+0&R&z0:7]=[C&D3&v4&H0&+0&R&z0:6]-[C&D3&v4&H0&+0&R&z1:4]-1=[O&D1&v2&H0&+0&!R:5],743
2026,[C&D2&v4&H1&+0&R&z1:1]=[N&D2&v3&H0&+0&R:2].[c&D3&v4&H0&+0&R&z1:3]1:[c&D3&v4&H0&+0&R&z1:4](-[O&D1&v2&H1&+0&!R:5]):[c&D3&v4&H0&+0&R&z0:6]:[c&D3&v4&H0&+0&R&z0:7]:[c&D3&v4&H0&+0&R&z1:8](-[O&D1&v2&H1&+0&!R:9]):[c&D3&v4&H0&+0&R&z1:10]:1>>[C&D2&v4&H2&+0&R&z1:1]-[N&D2&v3&H1&+0&R:2].[C&D3&v4&H0&+0&R&z1:3]1=[C&D3&v4&H0&+0&R&z1:10]-[C&D3&v4&H0&+0&R&z1:8](=[O&D1&v2&H0&+0&!R:9])-[C&D3&v4&H0&+0&R&z0:7]=[C&D3&v4&H0&+0&R&z0:6]-[C&D3&v4&H0&+0&R&z1:4]-1=[O&D1&v2&H0&+0&!R:5],166
2027,[C&D1&v4&H3&+0&!R&z1:1]-[O&D2&v2&H0&+0&!R:2].[C&D3&v4&H0&+0&R&z0:3]1=[C&D2&v4&H1&+0&R&z1:4]-[N&D3&v3&H0&+0&R:5]-[C&D2&v4&H1&+0&R&z1:6]=[C&D2&v4&H1&+0&R&z0:7]-[C&D2&v4&H2&+0&R&z0:8]-1.[O&D1&v2&H0&+0&!R:9]=[O&D1&v2&H0&+0&!R:10]>>[C&D1&v4&H2&+0&!R&z1:1]=[O&D1&v2&H0&+0&!R:10].[O&D0&v2&H2&+0&!R:9].[O&D1&v2&H1&+0&!R:2].[c&D3&v4&H0&+0&R&z0:3]1:[c&D2&v4&H1&+0&R&z0:8]:[c&D2&v4&H1&+0&R&z0:7]:[c&D2&v4&H1&+0&R&z1:6]:[n&D3&v4&H0&+&R:5]:[c&D2&v4&H1&+0&R&z1:4]:1,558
2028,[C&D1&v4&H3&+0&!R&z1:1]-[O&D2&v2&H0&+0&!R:2].[N&D2&v3&H1&+0&R:3]>>[C&D1&v4&H3&+0&!R&z1:1]-[N&D3&v3&H0&+0&R:3].[O&D1&v2&H1&+0&!R:2],175
2029,[C&D3&v4&H1&+0&!R&z1:1](-[O&D1&v2&H1&+0&!R:2])-[C&D3&v4&H1&+0&!R&z1:3]-[O&D2&v2&H0&+0&!R:4]-[c&D3&v4&H0&+0&R&z1:5].[O&D1&v2&H1&+0&!R:6]-[O&D1&v2&H1&+0&!R:7]>>[C&D2&v4&H1&+0&!R&z1:1]=[O&D1&v2&H0&+0&!R:2].[O&D0&v2&H2&+0&!R:7].[O&D1&v2&H0&+0&!R:4]=[C&D2&v4&H1&+0&!R&z1:3].[c&D3&v4&H0&+0&R&z1:5]-[O&D1&v2&H1&+0&!R:6],771
2030,[C&D3&v4&H1&+0&R&z0:1]1-[C&D3&v4&H1&+0&R&z0:2]-[C&D2&v4&H1&+0&R&z0:3]=[C&D2&v4&H1&+0&R&z0:4]-[C&D3&v4&H1&+0&R&z0:5]-[C&D3&v4&H1&+0&R&z0:6]-1>>([C&D2&v4&H1&+0&!R&z0:6]=[C&D2&v4&H1&+0&!R&z0:1].[C&D2&v4&H1&+0&!R&z0:2]=[C&D2&v4&H1&+0&!R&z0:3]-[C&D2&v4&H1&+0&!R&z0:4]=[C&D2&v4&H1&+0&!R&z0:5]),687
2031,[C&D3&v4&H0&+0&R&z0:1]1=[C&D2&v4&H1&+0&R&z1:2]-[N&D3&v3&H0&+0&R:3]-[C&D2&v4&H1&+0&R&z1:4]=[C&D2&v4&H1&+0&R&z0:5]-[C&D2&v4&H2&+0&R&z0:6]-1.[C&D3&v4&H1&+0&R&z1:7]-[O&D2&v2&H0&+0&R:8]>>([C&D2&v4&H2&+0&!R&z0:7].[O&D1&v2&H1&+0&!R:8]).[c&D3&v4&H0&+0&R&z0:1]1:[c&D2&v4&H1&+0&R&z0:6]:[c&D2&v4&H1&+0&R&z0:5]:[c&D2&v4&H1&+0&R&z1:4]:[n&D3&v4&H0&+&R:3]:[c&D2&v4&H1&+0&R&z1:2]:1,530
2032,[C&D2&v4&H1&+0&!R&z0:1]=[C&D2&v4&H1&+0&!R&z0:2].[C&D3&v4&H0&+0&R&z0:3]1=[C&D2&v4&H1&+0&R&z1:4]-[N&D3&v3&H0&+0&R:5]-[C&D2&v4&H1&+0&R&z1:6]=[C&D2&v4&H1&+0&R&z0:7]-[C&D2&v4&H2&+0&R&z0:8]-1>>[C&D2&v4&H2&+0&!R&z0:2]-[C&D2&v4&H2&+0&!R&z0:1].[c&D3&v4&H0&+0&R&z0:3]1:[c&D2&v4&H1&+0&R&z0:8]:[c&D2&v4&H1&+0&R&z0:7]:[c&D2&v4&H1&+0&R&z1:6]:[n&D3&v4&H0&+&R:5]:[c&D2&v4&H1&+0&R&z1:4]:1,515
2033,[C&D3&v4&H1&+0&R&z2:1]-[O&D1&v2&H1&+0&!R:2].([O&D1&v2&H1&+0&!R:3].[c&D3&v4&H0&+0&R&z1:4]-[O&D2&v2&H0&+0&!R:5])>>[O&D1&v2&H1&+0&!R:5].([O&D2&v2&H0&+0&!R:3]-[C&D3&v4&H1&+0&R&z2:1].[c&D3&v4&H0&+0&R&z1:4]-[O&D1&v2&H1&+0&!R:2]),848
2034,[C&D2&v4&H1&+0&!R&z0:1]=[C&D2&v4&H1&+0&!R&z0:2].[O&D0&v2&H2&+0&!R:3]>>[C&D1&v4&H3&+0&!R&z0:2].[C&D2&v4&H1&+0&!R&z1:1]=[O&D1&v2&H0&+0&!R:3],647
2035,[C&D3&v4&H0&+0&!R&z2:1]-[O&D2&v2&H0&+0&!R:2].[O&D1&v2&H1&+0&!R:3]>>[C&D3&v4&H0&+0&!R&z2:1]-[O&D2&v2&H0&+0&!R:3].[O&D1&v2&H1&+0&!R:2],517
2036,[C&D3&v4&H0&+0&!R&z2:1]-[O&D1&v2&H1&+0&!R:2].([C&D3&v4&H0&+0&!R&z2:3]-[O&D2&v2&H0&+0&!R:4].[O&D1&v2&H1&+0&!R:5])>>([C&D3&v4&H0&+0&!R&z2:3]-[O&D1&v2&H1&+0&!R:2].[O&D2&v2&H0&+0&!R:5]-[C&D3&v4&H0&+0&!R&z2:1]).[O&D1&v2&H1&+0&!R:4],848
2037,[c&D3&v4&H0&+0&R&z0:1](-[C&D2&v4&H1&+0&!R&z0:2]=[C&D2&v4&H1&+0&!R&z0:3]-[C&D3&v4&H0&+0&!R&z2:4]-[S&D2&v2&H0&+0&!R:5]):[c&D3&v4&H0&+0&R&z1:6]-[O&D1&v2&H1&+0&!R:7]>>[S&D1&v2&H1&+0&!R:5].[c&D3&v4&H0&+0&R&z0:1]1:[c&D2&v4&H1&+0&R&z0:2]:[c&D2&v4&H1&+0&R&z0:3]:[c&D3&v4&H0&+0&R&z2:4]:[o&D2&v2&H0&+0&R:7]:[c&D3&v4&H0&+0&R&z1:6]:1,351
2038,[C&D3&v4&H0&+0&!R&z2:1]-[S&D2&v2&H0&+0&!R:2].[P&D4&v5&H0&+0&!R:3]-[O&D1&v2&H1&+0&!R:4].[P&D4&v5&H0&+0&!R:5]-[O&D1&v2&H1&+0&!R:6]>>[C&D3&v4&H0&+0&!R&z2:1]-[O&D1&v2&H1&+0&!R:6].[P&D4&v5&H0&+0&!R:3]-[O&D2&v2&H0&+0&!R:4]-[P&D4&v5&H0&+0&!R:5].[S&D1&v2&H1&+0&!R:2],242
2039,[C&D2&v4&H1&+0&!R&z0:1]=[C&D2&v4&H1&+0&!R&z0:2]-[C&D2&v4&H2&+0&!R&z1:3]-[O&D2&v2&H0&+0&!R:4].[C&D3&v4&H0&+0&R&z0:5]1=[C&D2&v4&H1&+0&R&z1:6]-[N&D3&v3&H0&+0&R:7]-[C&D2&v4&H1&+0&R&z1:8]=[C&D2&v4&H1&+0&R&z0:9]-[C&D2&v4&H2&+0&R&z0:10]-1>>[C&D1&v4&H2&+0&!R&z0:3]=[C&D2&v4&H1&+0&!R&z0:2]-[C&D2&v4&H2&+0&!R&z0:1].[O&D1&v2&H1&+0&!R:4].[c&D3&v4&H0&+0&R&z0:5]1:[c&D2&v4&H1&+0&R&z0:10]:[c&D2&v4&H1&+0&R&z0:9]:[c&D2&v4&H1&+0&R&z1:8]:[n&D3&v4&H0&+&R:7]:[c&D2&v4&H1&+0&R&z1:6]:1,33
2040,[C&D2&v4&H2&+0&!R&z1:1]-[O&D2&v2&H0&+0&!R:2].[C&D3&v4&H0&+0&R&z0:3]1=[C&D2&v4&H1&+0&R&z1:4]-[N&D3&v3&H0&+0&R:5]-[C&D2&v4&H1&+0&R&z1:6]=[C&D2&v4&H1&+0&R&z0:7]-[C&D2&v4&H2&+0&R&z0:8]-1>>[C&D1&v4&H3&+0&!R&z0:1].[O&D1&v2&H1&+0&!R:2].[c&D3&v4&H0&+0&R&z0:3]1:[c&D2&v4&H1&+0&R&z0:8]:[c&D2&v4&H1&+0&R&z0:7]:[c&D2&v4&H1&+0&R&z1:6]:[n&D3&v4&H0&+&R:5]:[c&D2&v4&H1&+0&R&z1:4]:1,232
2041,[C&D2&v4&H1&+0&!R&z1:1]=[O&D1&v2&H0&+0&!R:2].[O&D0&v2&H2&+0&!R:3].[O&D1&v2&H0&+0&!R:4]=[C&D2&v4&H1&+0&!R&z1:5].[c&D3&v4&H0&+0&R&z1:6]-[O&D1&v2&H1&+0&!R:7]>>[C&D3&v4&H1&+0&!R&z1:1](-[O&D1&v2&H1&+0&!R:2])-[C&D3&v4&H1&+0&!R&z1:5]-[O&D2&v2&H0&+0&!R:4]-[c&D3&v4&H0&+0&R&z1:6].[O&D1&v2&H1&+0&!R:7]-[O&D1&v2&H1&+0&!R:3],76
2042,([C&D2&v4&H2&+0&!R&z0:1].[O&D1&v2&H1&+0&!R:2]).[c&D3&v4&H0&+0&R&z0:3]1:[c&D2&v4&H1&+0&R&z0:4]:[c&D2&v4&H1&+0&R&z0:5]:[c&D2&v4&H1&+0&R&z1:6]:[n&D3&v4&H0&+&R:7]:[c&D2&v4&H1&+0&R&z1:8]:1>>[C&D3&v4&H0&+0&R&z0:3]1=[C&D2&v4&H1&+0&R&z1:8]-[N&D3&v3&H0&+0&R:7]-[C&D2&v4&H1&+0&R&z1:6]=[C&D2&v4&H1&+0&R&z0:5]-[C&D2&v4&H2&+0&R&z0:4]-1.[O&D2&v2&H0&+0&R:2]-[C&D3&v4&H1&+0&R&z1:1],12
2043,([C&D2&v4&H2&+0&!R&z0:1].[O&D1&v2&H1&+0&!R:2]).[c&D3&v4&H0&+0&R&z0:3]1:[c&D2&v4&H1&+0&R&z0:4]:[c&D2&v4&H1&+0&R&z0:5]:[c&D2&v4&H1&+0&R&z1:6]:[n&D3&v4&H0&+&R:7]:[c&D2&v4&H1&+0&R&z1:8]:1>>[C&D3&v4&H0&+0&R&z0:3]1=[C&D2&v4&H1&+0&R&z1:8]-[N&D3&v3&H0&+0&R:7]-[C&D2&v4&H1&+0&R&z1:6]=[C&D2&v4&H1&+0&R&z0:5]-[C&D2&v4&H2&+0&R&z0:4]-1.[C&D3&v4&H1&+0&R&z1:1]-[O&D2&v2&H0&+0&R:2],12
2044,[C&D3&v4&H0&+0&!R&z2:1]-[O&D1&v2&H1&+0&!R:2].[N&D2&v3&H1&+0&R:3].[P&D4&v5&H0&+0&!R:4]-[O&D2&v2&H0&+0&!R:5]-[P&D4&v5&H0&+0&!R:6]>>[N&D3&v3&H0&+0&R:3]-[C&D3&v4&H0&+0&!R&z2:1].[P&D4&v5&H0&+0&!R:6]-[O&D1&v2&H1&+0&!R:5].[P&D4&v5&H0&+0&!R:4]-[O&D1&v2&H1&+0&!R:2],471
2045,[N&D3&v3&H0&+0&R:1]-[C&D3&v4&H0&+0&!R&z2:2].[O&D1&v2&H1&+0&!R:3].[P&D4&v5&H0&+0&!R:4]-[O&D1&v2&H1&+0&!R:5]>>[C&D3&v4&H0&+0&!R&z2:2]-[O&D1&v2&H1&+0&!R:5].[N&D2&v3&H1&+0&R:1].[O&D2&v2&H0&+0&!R:3]-[P&D4&v5&H0&+0&!R:4],427
2046,[C&D3&v4&H0&+0&R&z0:1]1=[C&D2&v4&H1&+0&R&z1:2]-[N&D3&v3&H0&+0&R:3]-[C&D2&v4&H1&+0&R&z1:4]=[C&D2&v4&H1&+0&R&z0:5]-[C&D2&v4&H2&+0&R&z0:6]-1.[O&D2&v2&H0&+0&R:7]-[C&D3&v4&H1&+0&R&z1:8]>>([C&D2&v4&H2&+0&!R&z0:8].[O&D1&v2&H1&+0&!R:7]).[c&D3&v4&H0&+0&R&z0:1]1:[c&D2&v4&H1&+0&R&z0:6]:[c&D2&v4&H1&+0&R&z0:5]:[c&D2&v4&H1&+0&R&z1:4]:[n&D3&v4&H0&+&R:3]:[c&D2&v4&H1&+0&R&z1:2]:1,530
2047,[C&D3&v4&H1&+0&R&z2:1]-[O&D2&v2&H0&+0&!R:2].[c&D2&v4&H1&+0&R&z0:3]>>[O&D1&v2&H1&+0&!R:2].[c&D3&v4&H0&+0&R&z0:3]-[C&D3&v4&H1&+0&R&z1:1],355
2048,[O&D1&v2&H1&+0&!R:1].[c&D3&v4&H0&+0&R&z0:2]-[C&D3&v4&H1&+0&R&z1:3]>>[C&D3&v4&H1&+0&R&z2:3]-[O&D2&v2&H0&+0&!R:1].[c&D2&v4&H1&+0&R&z0:2],668
2049,[C&D3&v4&H0&+0&!R&z1:1]-[C&D1&v4&H3&+0&!R&z0:2].[C&D3&v4&H0&+0&R&z0:3]1=[C&D2&v4&H1&+0&R&z1:4]-[N&D3&v3&H0&+0&R:5]-[C&D2&v4&H1&+0&R&z1:6]=[C&D2&v4&H1&+0&R&z0:7]-[C&D2&v4&H2&+0&R&z0:8]-1.[O&D1&v2&H0&+0&!R:9]=[O&D1&v2&H0&+0&!R:10]>>[C&D1&v4&H3&+0&!R&z1:2]-[O&D2&v2&H0&+0&!R:10]-[C&D3&v4&H0&+0&!R&z2:1].[O&D0&v2&H2&+0&!R:9].[c&D3&v4&H0&+0&R&z0:3]1:[c&D2&v4&H1&+0&R&z0:8]:[c&D2&v4&H1&+0&R&z0:7]:[c&D2&v4&H1&+0&R&z1:6]:[n&D3&v4&H0&+&R:5]:[c&D2&v4&H1&+0&R&z1:4]:1,604
2050,[O&D1&v2&H0&+0&!R:1]=[O&D1&v2&H0&+0&!R:2].[c&D3&v4&H0&+0&R&z0:3]1:[c&D3&v4&H0&+0&R&z0:4]-[c&D3&v4&H0&+0&R&z0:5]:[c&D3&v4&H0&+0&R&z1:6]-[N&D3&v3&H0&+0&R:7]-[C&D2&v4&H2&+0&R&z1:8]-1>>[O&D1&v2&H1&+0&!R:1]-[O&D1&v2&H1&+0&!R:2].[c&D3&v4&H0&+0&R&z0:5]1:[c&D3&v4&H0&+0&R&z0:4]:[c&D3&v4&H0&+0&R&z0:3]:[c&D2&v4&H1&+0&R&z1:8]:[n&D3&v4&H0&+&R:7]:[c&D3&v4&H0&+0&R&z1:6]:1,784
2051,[O&D1&v2&H0&+0&!R:1]=[O&D1&v2&H0&+0&!R:2].[c&D3&v4&H0&+0&R&z0:3]1:[c&D3&v4&H0&+0&R&z0:4]-[c&D3&v4&H0&+0&R&z0:5]:[c&D3&v4&H0&+0&R&z1:6]-[N&D3&v3&H0&+0&R:7]-[C&D2&v4&H2&+0&R&z1:8]-1>>[O&D1&v2&H1&+0&!R:1]-[O&D1&v2&H1&+0&!R:2].[c&D3&v4&H0&+0&R&z0:3]1:[c&D2&v4&H1&+0&R&z1:8]:[n&D3&v4&H0&+&R:7]:[c&D3&v4&H0&+0&R&z1:6]:[c&D3&v4&H0&+0&R&z0:5]:[c&D3&v4&H0&+0&R&z0:4]:1,784
2052,([C&D1&v4&H3&+0&!R&z1:1].[O&D1&v2&H1&+0&!R:2]).([C&D1&v4&H3&+0&!R&z1:3].[O&D1&v2&H1&+0&!R:4]).[O&D1&v2&H0&+0&!R:5]=[O&D1&v2&H0&+0&!R:6]>>[O&D0&v2&H2&+0&!R:5].[O&D0&v2&H2&+0&!R:6].[O&D2&v2&H0&+0&R:2]-[C&D2&v4&H2&+0&R&z2:1].[O&D2&v2&H0&+0&R:4]-[C&D2&v4&H2&+0&R&z2:3],870
2053,[C&D3&v4&H0&+0&R&z0:1]1=[C&D2&v4&H1&+0&R&z1:2]-[N&D3&v3&H0&+0&R:3]-[C&D2&v4&H1&+0&R&z1:4]=[C&D2&v4&H1&+0&R&z0:5]-[C&D2&v4&H2&+0&R&z0:6]-1.[c&D3&v4&H0&+0&R&z0:7]1:[c&D2&v4&H1&+0&R&z1:8]:[o&D2&v2&H0&+0&R:9]:[c&D3&v4&H0&+0&R&z1:10]:[c&D3&v4&H0&+0&R&z0:11]:[c&D3&v4&H0&+0&R&z1:12]:1>>[C&D3&v4&H1&+0&R&z0:7]1-[C&D2&v4&H2&+0&R&z1:8]-[O&D2&v2&H0&+0&R:9]-[c&D3&v4&H0&+0&R&z1:10]:[c&D3&v4&H0&+0&R&z0:11]-[C&D3&v4&H0&+0&R&z1:12]-1.[c&D3&v4&H0&+0&R&z0:1]1:[c&D2&v4&H1&+0&R&z0:6]:[c&D2&v4&H1&+0&R&z0:5]:[c&D2&v4&H1&+0&R&z1:4]:[n&D3&v4&H0&+&R:3]:[c&D2&v4&H1&+0&R&z1:2]:1,433
2054,[C&D3&v4&H1&+0&R&z1:1]1-[O&D2&v2&H0&+0&R:2]-[C&D4&v4&H0&+0&R&z1:3]-1.[O&D0&v2&H2&+0&!R:4].[c&D3&v4&H0&+0&R&z0:5]1:[c&D2&v4&H1&+0&R&z0:6]:[c&D2&v4&H1&+0&R&z0:7]:[c&D2&v4&H1&+0&R&z1:8]:[n&D3&v4&H0&+&R:9]:[c&D2&v4&H1&+0&R&z1:10]:1>>[C&D2&v4&H1&+0&!R&z0:1]=[C&D3&v4&H0&+0&!R&z0:3].[C&D3&v4&H0&+0&R&z0:5]1=[C&D2&v4&H1&+0&R&z1:10]-[N&D3&v3&H0&+0&R:9]-[C&D2&v4&H1&+0&R&z1:8]=[C&D2&v4&H1&+0&R&z0:7]-[C&D2&v4&H2&+0&R&z0:6]-1.[O&D1&v2&H0&+0&!R:4]=[O&D1&v2&H0&+0&!R:2],459
2055,([C&D3&v4&H1&+0&R&z1:1]-[O&D2&v2&H0&+0&R:2].[O&D1&v2&H1&+0&!R:3])>>([C&D3&v4&H1&+0&R&z1:1]-[O&D2&v2&H0&+0&R:3].[O&D1&v2&H1&+0&!R:2]),201
2056,[C&D2&v4&H1&+0&!R&z0:1]=[C&D3&v4&H0&+0&!R&z0:2].[C&D3&v4&H0&+0&R&z0:3]1=[C&D2&v4&H1&+0&R&z1:4]-[N&D3&v3&H0&+0&R:5]-[C&D2&v4&H1&+0&R&z1:6]=[C&D2&v4&H1&+0&R&z0:7]-[C&D2&v4&H2&+0&R&z0:8]-1.[O&D1&v2&H0&+0&!R:9]=[O&D1&v2&H0&+0&!R:10]>>[C&D3&v4&H1&+0&R&z1:1]1-[O&D2&v2&H0&+0&R:10]-[C&D4&v4&H0&+0&R&z1:2]-1.[O&D0&v2&H2&+0&!R:9].[c&D3&v4&H0&+0&R&z0:3]1:[c&D2&v4&H1&+0&R&z0:8]:[c&D2&v4&H1&+0&R&z0:7]:[c&D2&v4&H1&+0&R&z1:6]:[n&D3&v4&H0&+&R:5]:[c&D2&v4&H1&+0&R&z1:4]:1,697
2057,[C&D3&v4&H0&+0&R&z0:1]1=[C&D2&v4&H1&+0&R&z1:2]-[N&D3&v3&H0&+0&R:3]-[C&D2&v4&H1&+0&R&z1:4]=[C&D2&v4&H1&+0&R&z0:5]-[C&D2&v4&H2&+0&R&z0:6]-1.[C&D3&v4&H1&+0&R&z2:7]-[O&D1&v2&H1&+0&!R:8]>>[C&D2&v4&H2&+0&R&z1:7].[O&D0&v2&H2&+0&!R:8].[c&D3&v4&H0&+0&R&z0:1]1:[c&D2&v4&H1&+0&R&z0:6]:[c&D2&v4&H1&+0&R&z0:5]:[c&D2&v4&H1&+0&R&z1:4]:[n&D3&v4&H0&+&R:3]:[c&D2&v4&H1&+0&R&z1:2]:1,232
2058,[C&D2&v4&H2&+0&R&z1:1].[O&D0&v2&H2&+0&!R:2].[c&D3&v4&H0&+0&R&z0:3]1:[c&D2&v4&H1&+0&R&z0:4]:[c&D2&v4&H1&+0&R&z0:5]:[c&D2&v4&H1&+0&R&z1:6]:[n&D3&v4&H0&+&R:7]:[c&D2&v4&H1&+0&R&z1:8]:1>>[C&D3&v4&H0&+0&R&z0:3]1=[C&D2&v4&H1&+0&R&z1:8]-[N&D3&v3&H0&+0&R:7]-[C&D2&v4&H1&+0&R&z1:6]=[C&D2&v4&H1&+0&R&z0:5]-[C&D2&v4&H2&+0&R&z0:4]-1.[C&D3&v4&H1&+0&R&z2:1]-[O&D1&v2&H1&+0&!R:2],819
2059,([O&D1&v2&H1&+0&!R:1].[c&D3&v4&H0&+0&R&z1:2]-[O&D1&v2&H1&+0&!R:3])>>[O&D0&v2&H2&+0&!R:3].[c&D3&v4&H0&+0&R&z1:2]-[O&D2&v2&H0&+0&R:1],493
2060,[C&D3&v4&H0&+0&!R&z2:1]-[O&D1&v2&H1&+0&!R:2].[C&D3&v4&H1&+0&R&z1:3]1-[O&D2&v2&H0&+0&R:4]-[C&D4&v4&H0&+0&R&z2:5]-1.[O&D1&v2&H0&+0&!R:6]=[C&D2&v4&H0&+0&!R&z2:7]>>[C&D2&v4&H1&+0&!R&z0:3]=[C&D3&v4&H0&+0&R&z1:5].[C&D3&v4&H0&+0&!R&z1:1]-[C&D3&v4&H0&+0&!R&z2:7]-[O&D1&v2&H1&+0&!R:6].[O&D1&v2&H0&+0&!R:2]=[O&D1&v2&H0&+0&!R:4],203
2061,[C&D2&v4&H1&+0&!R&z0:1]=[C&D3&v4&H0&+0&R&z1:2].[C&D3&v4&H0&+0&!R&z2:3]-[O&D1&v2&H1&+0&!R:4].[O&D0&v2&H2&+0&!R:5].[O&D1&v2&H0&+0&!R:6]=[C&D2&v4&H0&+0&!R&z2:7]>>[C&D2&v4&H2&+0&!R&z0:1]-[C&D3&v4&H1&+0&R&z1:2].[C&D3&v4&H0&+0&!R&z1:3]-[C&D3&v4&H0&+0&!R&z2:7]-[O&D1&v2&H1&+0&!R:6].[O&D1&v2&H0&+0&!R:4]=[O&D1&v2&H0&+0&!R:5],305
2062,[C&D2&v4&H1&+0&!R&z0:1]=[C&D3&v4&H0&+0&R&z1:2].[C&D3&v4&H0&+0&!R&z1:3]-[C&D3&v4&H0&+0&!R&z2:4]-[O&D1&v2&H1&+0&!R:5].[O&D1&v2&H0&+0&!R:6]=[O&D1&v2&H0&+0&!R:7]>>[C&D3&v4&H0&+0&!R&z2:3]-[O&D1&v2&H1&+0&!R:6].[C&D3&v4&H1&+0&R&z1:1]1-[O&D2&v2&H0&+0&R:7]-[C&D4&v4&H0&+0&R&z2:2]-1.[O&D1&v2&H0&+0&!R:5]=[C&D2&v4&H0&+0&!R&z2:4],928
2063,[C&D2&v4&H1&+0&!R&z0:1]=[C&D2&v4&H1&+0&!R&z0:2].[N&D0&v3&H3&+0&!R:3]>>[C&D2&v4&H2&+0&!R&z0:1]-[C&D3&v4&H1&+0&!R&z1:2]-[N&D1&v3&H2&+0&!R:3],875
2064,[C&D2&v4&H2&+0&!R&z0:1]-[C&D3&v4&H1&+0&!R&z1:2]-[N&D1&v3&H2&+0&!R:3]>>[C&D2&v4&H1&+0&!R&z0:1]=[C&D2&v4&H1&+0&!R&z0:2].[N&D0&v3&H3&+0&!R:3],65
2065,[C&D3&v4&H0&+0&R&z0:1]1=[C&D2&v4&H1&+0&R&z1:2]-[N&D3&v3&H0&+0&R:3]-[C&D2&v4&H1&+0&R&z1:4]=[C&D2&v4&H1&+0&R&z0:5]-[C&D2&v4&H2&+0&R&z0:6]-1.[C&D3&v4&H0&+0&R&z1:7]=[N&D3&v4&H0&+&R:8]>>[C&D3&v4&H1&+0&R&z1:7]-[N&D3&v3&H0&+0&R:8].[c&D3&v4&H0&+0&R&z0:1]1:[c&D2&v4&H1&+0&R&z0:6]:[c&D2&v4&H1&+0&R&z0:5]:[c&D2&v4&H1&+0&R&z1:4]:[n&D3&v4&H0&+&R:3]:[c&D2&v4&H1&+0&R&z1:2]:1,91
2066,[C&D2&v4&H2&+0&!R&z0:1]-[C&D3&v4&H1&+0&R&z1:2].[C&D3&v4&H0&+0&!R&z1:3](=[O&D1&v2&H0&+0&!R:4])-[C&D3&v4&H0&+0&!R&z2:5]-[O&D1&v2&H1&+0&!R:6].[O&D1&v2&H0&+0&!R:7]=[O&D1&v2&H0&+0&!R:8]>>[C&D2&v4&H1&+0&!R&z0:1]=[C&D3&v4&H0&+0&R&z1:2].[O&D0&v2&H2&+0&!R:8].[O&D1&v2&H0&+0&!R:6]=[C&D2&v4&H0&+0&!R&z2:5].[O&D1&v2&H0&+0&!R:4]=[C&D3&v4&H0&+0&!R&z2:3]-[O&D1&v2&H1&+0&!R:7],301
2067,[C&D3&v4&H1&+0&R&z1:1]-[N&D3&v3&H0&+0&R:2].[c&D3&v4&H0&+0&R&z0:3]1:[c&D2&v4&H1&+0&R&z0:4]:[c&D2&v4&H1&+0&R&z0:5]:[c&D2&v4&H1&+0&R&z1:6]:[n&D3&v4&H0&+&R:7]:[c&D2&v4&H1&+0&R&z1:8]:1>>[C&D3&v4&H0&+0&R&z0:3]1=[C&D2&v4&H1&+0&R&z1:8]-[N&D3&v3&H0&+0&R:7]-[C&D2&v4&H1&+0&R&z1:6]=[C&D2&v4&H1&+0&R&z0:5]-[C&D2&v4&H2&+0&R&z0:4]-1.[C&D3&v4&H0&+0&R&z1:1]=[N&D3&v4&H0&+&R:2],801
2068,[C&D3&v4&H0&+0&!R&z2:1]-[O&D1&v2&H1&+0&!R:2].[O&D1&v2&H0&+0&!R:3]=[C&D2&v4&H0&+0&!R&z2:4].[c&D3&v4&H0&+0&R&z2:5]-[O&D1&v2&H1&+0&!R:6]>>[C&D3&v4&H0&+0&!R&z1:1]-[C&D3&v4&H0&+0&!R&z2:4]-[O&D1&v2&H1&+0&!R:3].[O&D1&v2&H0&+0&!R:6]=[O&D1&v2&H0&+0&!R:2].[c&D2&v4&H1&+0&R&z1:5],261
2069,[C&D3&v4&H0&+0&!R&z1:1]-[C&D3&v4&H0&+0&!R&z2:2]-[O&D1&v2&H1&+0&!R:3].[O&D1&v2&H0&+0&!R:4]=[O&D1&v2&H0&+0&!R:5].[c&D2&v4&H1&+0&R&z1:6]>>[C&D3&v4&H0&+0&!R&z2:1]-[O&D1&v2&H1&+0&!R:5].[O&D1&v2&H0&+0&!R:3]=[C&D2&v4&H0&+0&!R&z2:2].[c&D3&v4&H0&+0&R&z2:6]-[O&D1&v2&H1&+0&!R:4],298
2070,[O&D0&v2&H2&+0&!R:1].[c&D3&v4&H0&+0&R&z1:2]-[O&D2&v2&H0&+0&R:3]>>([O&D1&v2&H1&+0&!R:3].[c&D3&v4&H0&+0&R&z1:2]-[O&D1&v2&H1&+0&!R:1]),238
2071,[O&D1&v2&H0&+0&!R:1]=[O&D1&v2&H0&+0&!R:2].[O&D1&v2&H0&+0&!R:3]=[O&D1&v2&H0&+0&!R:4].[c&D3&v4&H0&+0&R&z0:5]1:[c&D3&v4&H0&+0&R&z0:6]-[C&D2&v4&H2&+0&R&z1:7]-[N&D3&v3&H0&+0&R:8]-[C&D3&v4&H1&+0&R&z1:9]-[C&D2&v4&H2&+0&R&z0:10]-1>>[O&D1&v2&H1&+0&!R:4]-[O&D1&v2&H1&+0&!R:3].[O&D1&v2&H1&+0&!R:1]-[O&D1&v2&H1&+0&!R:2].[c&D3&v4&H0&+0&R&z0:5]1:[c&D2&v4&H1&+0&R&z0:10]:[c&D3&v4&H0&+0&R&z1:9]:[n&D3&v4&H0&+&R:8]:[c&D2&v4&H1&+0&R&z1:7]:[c&D3&v4&H0&+0&R&z0:6]:1,194
2072,[C&D2&v4&H1&+0&R&z0:1]=[C&D2&v4&H1&+0&R&z0:2]-[C&D3&v4&H1&+0&R&z0:3]>>[C&D2&v4&H2&+0&R&z0:1]-[C&D2&v4&H1&+0&R&z0:2]=[C&D3&v4&H0&+0&R&z0:3],367
2073,[C&D2&v4&H2&+0&R&z0:1]-[C&D2&v4&H1&+0&R&z0:2]=[C&D3&v4&H0&+0&R&z0:3]>>[C&D2&v4&H1&+0&R&z0:1]=[C&D2&v4&H1&+0&R&z0:2]-[C&D3&v4&H1&+0&R&z0:3],367
2074,[O&D0&v2&H2&+0&!R:1].[O&D0&v2&H2&+0&!R:2].[O&D2&v2&H0&+0&R:3]-[C&D2&v4&H2&+0&R&z2:4].[O&D2&v2&H0&+0&R:5]-[C&D2&v4&H2&+0&R&z2:6]>>([C&D1&v4&H3&+0&!R&z1:4].[O&D1&v2&H1&+0&!R:3]).([C&D1&v4&H3&+0&!R&z1:6].[O&D1&v2&H1&+0&!R:5]).[O&D1&v2&H0&+0&!R:1]=[O&D1&v2&H0&+0&!R:2],669
2075,[O&D1&v2&H1&+0&!R:1]-[O&D1&v2&H1&+0&!R:2].[O&D1&v2&H1&+0&!R:3]-[O&D1&v2&H1&+0&!R:4].[c&D3&v4&H0&+0&R&z0:5]1:[c&D2&v4&H1&+0&R&z0:6]:[c&D3&v4&H0&+0&R&z1:7]:[n&D3&v4&H0&+&R:8]:[c&D2&v4&H1&+0&R&z1:9]:[c&D3&v4&H0&+0&R&z0:10]:1>>[O&D1&v2&H0&+0&!R:4]=[O&D1&v2&H0&+0&!R:3].[O&D1&v2&H0&+0&!R:1]=[O&D1&v2&H0&+0&!R:2].[c&D3&v4&H0&+0&R&z0:5]1:[c&D3&v4&H0&+0&R&z0:10]-[C&D2&v4&H2&+0&R&z1:9]-[N&D3&v3&H0&+0&R:8]-[C&D3&v4&H1&+0&R&z1:7]-[C&D2&v4&H2&+0&R&z0:6]-1,872
2076,[C&D1&v4&H3&+0&!R&z1:1]-[S&D4&v6&H0&+0&!R:2]=[O&D1&v2&H0&+0&!R:3].[C&D3&v4&H0&+0&R&z0:4]1=[C&D2&v4&H1&+0&R&z1:5]-[N&D3&v3&H0&+0&R:6]-[C&D2&v4&H1&+0&R&z1:7]=[C&D2&v4&H1&+0&R&z0:8]-[C&D2&v4&H2&+0&R&z0:9]-1.[O&D1&v2&H0&+0&!R:10]=[O&D1&v2&H0&+0&!R:11]>>[C&D1&v4&H2&+0&!R&z1:1]=[O&D1&v2&H0&+0&!R:10].[O&D0&v2&H2&+0&!R:11].[S&D3&v4&H0&+0&!R:2]-[O&D1&v2&H1&+0&!R:3].[c&D3&v4&H0&+0&R&z0:4]1:[c&D2&v4&H1&+0&R&z0:9]:[c&D2&v4&H1&+0&R&z0:8]:[c&D2&v4&H1&+0&R&z1:7]:[n&D3&v4&H0&+&R:6]:[c&D2&v4&H1&+0&R&z1:5]:1,193
2077,[C&D1&v4&H3&+0&!R&z1:1]-[S&D3&v3&H0&+&!R:2].[S&D1&v2&H1&+0&!R:3]>>[C&D1&v4&H3&+0&!R&z1:1]-[S&D2&v2&H0&+0&!R:3].[S&D2&v2&H0&+0&!R:2],184
2078,[C&D1&v4&H3&+0&!R&z1:1]-[S&D1&v2&H1&+0&!R:2].[O&D0&v2&H2&+0&!R:3].[O&D1&v2&H0&+0&!R:4]=[O&D1&v2&H0&+0&!R:5]>>[C&D1&v4&H2&+0&!R&z1:1]=[O&D1&v2&H0&+0&!R:3].[O&D1&v2&H1&+0&!R:4]-[O&D1&v2&H1&+0&!R:5].[S&D0&v2&H2&+0&!R:2],505
2079,[C&D1&v4&H3&+0&!R&z1:1]-[S&D2&v2&H0&+0&!R:2].[S&D2&v2&H0&+0&!R:3]>>[C&D1&v4&H3&+0&!R&z1:1]-[S&D3&v3&H0&+&!R:3].[S&D1&v2&H1&+0&!R:2],539
2080,[C&D3&v4&H1&+0&!R&z2:1](-[O&D1&v2&H1&+0&!R:2])-[C&D2&v4&H2&+0&!R&z0:3]>>[C&D2&v4&H1&+0&!R&z1:1]=[C&D2&v4&H1&+0&!R&z0:3].[O&D0&v2&H2&+0&!R:2],451
2081,[C&D1&v4&H3&+0&!R&z1:1]-[S&D3&v3&H0&+&!R:2].[S&D2&v2&H0&+0&!R:3]>>[C&D1&v4&H3&+0&!R&z1:1]-[S&D3&v3&H0&+&!R:3].[S&D2&v2&H0&+0&!R:2],323
2082,[C&D1&v4&H3&+0&!R&z1:1]-[S&D2&v2&H0&+0&!R:2].[C&D3&v4&H0&+0&R&z0:3]1=[C&D2&v4&H1&+0&R&z1:4]-[N&D3&v3&H0&+0&R:5]-[C&D2&v4&H1&+0&R&z1:6]=[C&D2&v4&H1&+0&R&z0:7]-[C&D2&v4&H2&+0&R&z0:8]-1.[O&D1&v2&H0&+0&!R:9]=[O&D1&v2&H0&+0&!R:10]>>[C&D1&v4&H2&+0&!R&z1:1]=[O&D1&v2&H0&+0&!R:10].[O&D0&v2&H2&+0&!R:9].[S&D1&v2&H1&+0&!R:2].[c&D3&v4&H0&+0&R&z0:3]1:[c&D2&v4&H1&+0&R&z0:8]:[c&D2&v4&H1&+0&R&z0:7]:[c&D2&v4&H1&+0&R&z1:6]:[n&D3&v4&H0&+&R:5]:[c&D2&v4&H1&+0&R&z1:4]:1,628
2083,[C&D2&v4&H1&+0&!R&z1:1]=[C&D2&v4&H1&+0&!R&z0:2].[O&D0&v2&H2&+0&!R:3]>>[C&D3&v4&H1&+0&!R&z2:1](-[O&D1&v2&H1&+0&!R:3])-[C&D2&v4&H2&+0&!R&z0:2],703
2084,[S&D1&v2&H1&+0&!R:1].[S&D2&v2&H0&+0&!R:2]-[C&D2&v4&H2&+0&!R&z1:3]>>[C&D1&v4&H3&+0&!R&z0:3].[S&D2&v2&H0&+0&!R:2]-[S&D2&v2&H0&+0&!R:1],699
2085,([C&D3&v4&H0&+0&!R&z1:1]=[O&D1&v2&H0&+0&!R:2].[C&D3&v4&H1&+0&!R&z1:3]-[O&D1&v2&H1&+0&!R:4])>>([C&D3&v4&H0&+0&!R&z1:3]=[O&D1&v2&H0&+0&!R:4].[C&D3&v4&H1&+0&!R&z1:1]-[O&D1&v2&H1&+0&!R:2]),693
2086,[N&D2&v3&H1&+0&!R:1]-[C&D2&v4&H2&+0&!R&z1:2].[S&D2&v2&H0&+0&!R:3]>>[N&D1&v3&H2&+0&!R:1].[S&D3&v3&H0&+&!R:3]-[C&D2&v4&H2&+0&!R&z1:2],573
2087,[C&D2&v4&H2&+0&!R&z1:1]-[N&D2&v3&H1&+0&!R:2].[S&D2&v2&H0&+0&!R:3]>>[N&D1&v3&H2&+0&!R:2].[S&D3&v3&H0&+&!R:3]-[C&D2&v4&H2&+0&!R&z1:1],573
2088,[C&D2&v4&H2&+0&!R&z1:1]-[O&D2&v2&H0&+0&!R:2].[S&D2&v2&H0&+0&!R:3]>>[O&D1&v2&H1&+0&!R:2].[S&D3&v3&H0&+&!R:3]-[C&D2&v4&H2&+0&!R&z1:1],796
2089,[C&D4&v4&H0&+0&R&z1:1]-[C&D2&v4&H2&+0&R&z0:2].[S&D2&v2&H0&+0&!R:3]>>([C&D3&v4&H1&+0&!R&z1:1].[S&D3&v3&H0&+&!R:3]-[C&D2&v4&H2&+0&!R&z1:2]),717
2090,[N&D3&v3&H0&+0&!R:1]-[C&D2&v4&H2&+0&!R&z1:2].[S&D2&v2&H0&+0&!R:3]>>[N&D2&v3&H1&+0&!R:1].[S&D3&v3&H0&+&!R:3]-[C&D2&v4&H2&+0&!R&z1:2],573
2091,[N&D4&v4&H0&+&!R:1]-[C&D2&v4&H2&+0&!R&z1:2].[S&D2&v2&H0&+0&!R:3]>>[N&D3&v3&H0&+0&!R:1].[S&D3&v3&H0&+&!R:3]-[C&D2&v4&H2&+0&!R&z1:2],469
2092,[C&D3&v4&H0&+0&!R&z1:1](=[O&D1&v2&H0&+0&!R:2])-[C&D2&v4&H2&+0&!R&z1:3]>>[C&D3&v4&H0&+0&!R&z1:1](-[O&D1&v2&H1&+0&!R:2])=[C&D2&v4&H1&+0&!R&z1:3],167
2093,[C&D3&v4&H0&+0&!R&z2:1]=[O&D1&v2&H0&+0&!R:2].[O&D1&v2&H0&+0&!R:3]=[C&D2&v4&H1&+0&!R&z2:4]>>[C&D3&v4&H0&+0&!R&z1:1]=[C&D2&v4&H1&+0&!R&z1:4].[O&D1&v2&H0&+0&!R:2]=[O&D1&v2&H0&+0&!R:3],31
2094,[C&D3&v4&H0&+0&!R&z1:1]=[C&D2&v4&H1&+0&!R&z1:2].[O&D1&v2&H0&+0&!R:3]=[O&D1&v2&H0&+0&!R:4]>>[C&D3&v4&H0&+0&!R&z2:1]=[O&D1&v2&H0&+0&!R:3].[O&D1&v2&H0&+0&!R:4]=[C&D2&v4&H1&+0&!R&z2:2],213
2095,[C&D2&v4&H1&+0&!R&z1:1]-[O&D1&v2&H1&+0&!R:2].[O&D1&v2&H1&+0&!R:3]>>[C&D2&v4&H1&+0&!R&z1:1]-[O&D2&v2&H0&+0&!R:3].[O&D0&v2&H2&+0&!R:2],517
2096,[C&D2&v4&H1&+0&!R&z1:1]-[O&D2&v2&H0&+0&!R:2].[O&D0&v2&H2&+0&!R:3]>>[C&D2&v4&H1&+0&!R&z1:1]-[O&D1&v2&H1&+0&!R:3].[O&D1&v2&H1&+0&!R:2],517
2097,[C&D3&v4&H0&+0&!R&z1:1](-[O&D1&v2&H1&+0&!R:2])=[C&D2&v4&H1&+0&!R&z1:3]-[O&D2&v2&H0&+0&!R:4]>>[C&D3&v4&H0&+0&!R&z1:1](=[O&D1&v2&H0&+0&!R:2])-[C&D2&v4&H2&+0&!R&z1:3]-[O&D2&v2&H0&+0&!R:4],996
2098,[C&D2&v4&H2&+0&!R&z0:1]-[C&D3&v4&H1&+0&!R&z0:2]-[C&D3&v4&H1&+0&!R&z1:3]>>[C&D2&v4&H2&+0&!R&z0:1]-[C&D4&v4&H0&+0&!R&z1:3]-[C&D2&v4&H2&+0&!R&z0:2],181
2099,[C&D1&v4&H3&+0&!R&z1:1]-[#34:2].[S&D2&v2&H0&+0&!R:3]>>[#34&H1:2].[C&D1&v4&H3&+0&!R&z1:1]-[S&D3&v3&H0&+&!R:3],272
2100,[C&D1&v4&H3&+0&!R&z1:1]-[S&D2&v2&H0&+0&!R:2].[N&D2&v3&H1&+0&R:3]>>[C&D1&v4&H3&+0&!R&z1:1]-[N&D3&v3&H0&+0&R:3].[S&D1&v2&H1&+0&!R:2],347
2101,[C&D2&v4&H2&+0&!R&z1:1]-[O&D1&v2&H1&+0&!R:2].[S&D2&v2&H0&+0&!R:3]>>[O&D0&v2&H2&+0&!R:2].[S&D3&v3&H0&+&!R:3]-[C&D2&v4&H2&+0&!R&z1:1],796
2102,[C&D2&v4&H2&+0&!R&z1:1]-[O&D2&v2&H0&+0&!R:2]-[P&D4&v5&H0&+0&!R:3]-[O&D2&v2&H0&+0&!R:4]-[P&D4&v5&H0&+0&!R:5].[O&D0&v2&H2&+0&!R:6].[S&D2&v2&H0&+0&!R:7]>>[P&D4&v5&H0&+0&!R:3](-[O&D1&v2&H1&+0&!R:2])-[O&D1&v2&H1&+0&!R:6].[P&D4&v5&H0&+0&!R:5]-[O&D1&v2&H1&+0&!R:4].[S&D3&v3&H0&+&!R:7]-[C&D2&v4&H2&+0&!R&z1:1],566
2103,[C&D2&v4&H2&+0&!R&z1:1]-[S&D2&v2&H0&+0&!R:2].[S&D2&v2&H0&+0&!R:3]>>[S&D1&v2&H1&+0&!R:2].[S&D3&v3&H0&+&!R:3]-[C&D2&v4&H2&+0&!R&z1:1],539
2104,[S&D2&v2&H0&+0&!R:1]-[C&D2&v4&H2&+0&!R&z1:2]-[C&D2&v4&H2&+0&!R&z0:3]-[C&D3&v4&H1&+0&!R&z1:4]>>[C&D1&v4&H3&+0&!R&z0:2]-[C&D2&v4&H1&+0&!R&z0:3]=[C&D3&v4&H0&+0&!R&z1:4].[S&D1&v2&H1&+0&!R:1],531
2105,([C&D3&v4&H0&+0&!R&z2:1](=[O&D1&v2&H0&+0&!R:2])-[O&D1&v2&H1&+0&!R:3].[N&D1&v3&H2&+0&!R:4])>>[N&D2&v3&H1&+0&R:4]-[C&D3&v4&H0&+0&R&z2:1]=[O&D1&v2&H0&+0&!R:2].[O&D0&v2&H2&+0&!R:3],464
2106,[C&D2&v4&H2&+0&!R&z0:1]-[C&D4&v4&H0&+0&!R&z1:2]-[C&D2&v4&H2&+0&!R&z0:3]>>[C&D2&v4&H2&+0&!R&z0:1]-[C&D3&v4&H1&+0&!R&z0:3]-[C&D3&v4&H1&+0&!R&z1:2],181
2107,[C&D1&v4&H3&+0&!R&z1:1]-[S&D2&v2&H0&+0&!R:2].[S&D0&v2&H2&+0&!R:3]>>[C&D1&v4&H3&+0&!R&z1:1]-[S&D1&v2&H1&+0&!R:3].[S&D1&v2&H1&+0&!R:2],777
2108,[C&D1&v4&H3&+0&!R&z1:1]-[#33:2]=[O&D1&v2&H0&+0&!R:3].[S&D2&v2&H0&+0&!R:4]>>[#33:2]-[O&D1&v2&H1&+0&!R:3].[C&D1&v4&H3&+0&!R&z1:1]-[S&D3&v3&H0&+&!R:4],394
2109,[#33:1]-[O&D1&v2&H1&+0&!R:2].[C&D1&v4&H3&+0&!R&z1:3]-[S&D3&v3&H0&+&!R:4]>>[C&D1&v4&H3&+0&!R&z1:3]-[#33:1]=[O&D1&v2&H0&+0&!R:2].[S&D2&v2&H0&+0&!R:4],134
2110,[C&D1&v4&H3&+0&!R&z1:1]-[N&D4&v4&H0&+&!R:2].[S&D2&v2&H0&+0&!R:3]>>[C&D1&v4&H3&+0&!R&z1:1]-[S&D3&v3&H0&+&!R:3].[N&D3&v3&H0&+0&!R:2],469
2111,[C&D1&v4&H3&+0&!R&z1:1]-[N&D4&v4&H0&+&!R:2].[C&D3&v4&H0&+0&R&z0:3]1=[C&D2&v4&H1&+0&R&z1:4]-[N&D3&v3&H0&+0&R:5]-[C&D2&v4&H1&+0&R&z1:6]=[C&D2&v4&H1&+0&R&z0:7]-[C&D2&v4&H2&+0&R&z0:8]-1.[O&D1&v2&H0&+0&!R:9]=[O&D1&v2&H0&+0&!R:10]>>[C&D1&v4&H2&+0&!R&z1:1]=[O&D1&v2&H0&+0&!R:10].[N&D3&v3&H0&+0&!R:2].[O&D0&v2&H2&+0&!R:9].[c&D3&v4&H0&+0&R&z0:3]1:[c&D2&v4&H1&+0&R&z0:8]:[c&D2&v4&H1&+0&R&z0:7]:[c&D2&v4&H1&+0&R&z1:6]:[n&D3&v4&H0&+&R:5]:[c&D2&v4&H1&+0&R&z1:4]:1,467
2112,[C&D3&v4&H0&+0&R&z0:1]1=[C&D2&v4&H1&+0&R&z1:2]-[N&D3&v3&H0&+0&R:3]-[C&D2&v4&H1&+0&R&z1:4]=[C&D2&v4&H1&+0&R&z0:5]-[C&D2&v4&H2&+0&R&z0:6]-1.[N&D4&v4&H0&+&!R:7]-[C&D2&v4&H2&+0&!R&z1:8].[O&D1&v2&H0&+0&!R:9]=[O&D1&v2&H0&+0&!R:10]>>[N&D3&v3&H0&+0&!R:7].[O&D0&v2&H2&+0&!R:9].[O&D1&v2&H0&+0&!R:10]=[C&D2&v4&H1&+0&!R&z1:8].[c&D3&v4&H0&+0&R&z0:1]1:[c&D2&v4&H1&+0&R&z0:6]:[c&D2&v4&H1&+0&R&z0:5]:[c&D2&v4&H1&+0&R&z1:4]:[n&D3&v4&H0&+&R:3]:[c&D2&v4&H1&+0&R&z1:2]:1,467
2113,[C&D1&v4&H3&+0&!R&z1:1]-[N&D4&v4&H0&+&!R:2].[S&D1&v2&H1&+0&!R:3]>>[C&D1&v4&H3&+0&!R&z1:1]-[S&D2&v2&H0&+0&!R:3].[N&D3&v3&H0&+0&!R:2],1019
2114,[O&D1&v2&H1&+0&!R:1].[O&D1&v2&H1&+0&!R:2]-[C&D2&v4&H2&+0&!R&z1:3]>>[O&D0&v2&H2&+0&!R:2].[O&D2&v2&H0&+0&!R:1]-[C&D2&v4&H2&+0&!R&z1:3],517
2115,[O&D0&v2&H2&+0&!R:1].[O&D2&v2&H0&+0&!R:2]-[C&D3&v4&H1&+0&!R&z1:3]>>[C&D3&v4&H1&+0&!R&z1:3]-[O&D1&v2&H1&+0&!R:1].[O&D1&v2&H1&+0&!R:2],517
2116,[O&D0&v2&H2&+0&!R:1].[O&D2&v2&H0&+0&!R:2]-[C&D2&v4&H2&+0&!R&z1:3]>>[O&D1&v2&H1&+0&!R:2].[O&D1&v2&H1&+0&!R:1]-[C&D2&v4&H2&+0&!R&z1:3],517
2117,[C&D1&v4&H3&+0&!R&z1:1]-[N&D4&v4&H0&+&R:2].[C&D3&v4&H0&+0&R&z0:3]1=[C&D2&v4&H1&+0&R&z1:4]-[N&D3&v3&H0&+0&R:5]-[C&D2&v4&H1&+0&R&z1:6]=[C&D2&v4&H1&+0&R&z0:7]-[C&D2&v4&H2&+0&R&z0:8]-1.[O&D1&v2&H0&+0&!R:9]=[O&D1&v2&H0&+0&!R:10]>>[C&D1&v4&H2&+0&!R&z1:1]=[O&D1&v2&H0&+0&!R:10].[N&D3&v3&H0&+0&R:2].[O&D0&v2&H2&+0&!R:9].[c&D3&v4&H0&+0&R&z0:3]1:[c&D2&v4&H1&+0&R&z0:8]:[c&D2&v4&H1&+0&R&z0:7]:[c&D2&v4&H1&+0&R&z1:6]:[n&D3&v4&H0&+&R:5]:[c&D2&v4&H1&+0&R&z1:4]:1,467
2118,[C&D1&v4&H3&+0&!R&z1:1]-[N&D4&v4&H0&+&R:2].[S&D2&v2&H0&+0&!R:3]>>[C&D1&v4&H3&+0&!R&z1:1]-[S&D3&v3&H0&+&!R:3].[N&D3&v3&H0&+0&R:2],469
2119,[C&D1&v4&H3&+0&!R&z1:1]-[S&D3&v3&H0&+&!R:2].[N&D2&v3&H1&+0&R:3]>>[C&D1&v4&H3&+0&!R&z1:1]-[N&D3&v3&H0&+0&R:3].[S&D2&v2&H0&+0&!R:2],208
2120,[#34&H1:1].[C&D1&v4&H3&+0&!R&z1:2]-[S&D3&v3&H0&+&!R:3]>>[C&D1&v4&H3&+0&!R&z1:2]-[#34:1].[S&D2&v2&H0&+0&!R:3],857
2121,[C&D1&v4&H3&+0&!R&z1:1]-[S&D3&v3&H0&+&!R:2].[C&D1&v4&H3&+0&!R&z1:3]-[S&D3&v3&H0&+&!R:4].[N&D1&v3&H2&+0&!R:5]>>[C&D1&v4&H3&+0&!R&z1:1]-[N&D3&v3&H0&+0&!R:5]-[C&D1&v4&H3&+0&!R&z1:3].[S&D2&v2&H0&+0&!R:2].[S&D2&v2&H0&+0&!R:4],594
2122,[C&D1&v4&H3&+0&!R&z1:1]-[S&D3&v3&H0&+&!R:2].[n&D2&v3&H1&+0&R:3]>>[C&D1&v4&H3&+0&!R&z1:1]-[n&D3&v3&H0&+0&R:3].[S&D2&v2&H0&+0&!R:2],208
2123,[C&D1&v4&H3&+0&!R&z1:1]-[S&D3&v3&H0&+&!R:2].[C&D2&v4&H2&+0&!R&z0:3]>>[C&D1&v4&H3&+0&!R&z0:1]-[C&D3&v4&H1&+0&!R&z0:3].[S&D2&v2&H0&+0&!R:2],588
2124,[C&D1&v4&H3&+0&!R&z1:1]-[S&D3&v3&H0&+&!R:2].[n&D2&v3&H0&+0&R:3]>>[C&D1&v4&H3&+0&!R&z1:1]-[n&D3&v4&H0&+&R:3].[S&D2&v2&H0&+0&!R:2],798
2125,[O&D1&v2&H1&+0&!R:1].[S&D3&v3&H0&+&!R:2]-[C&D2&v4&H2&+0&!R&z1:3]>>[C&D2&v4&H2&+0&!R&z1:3]-[O&D2&v2&H0&+0&!R:1].[S&D2&v2&H0&+0&!R:2],563
2126,[C&D1&v4&H3&+0&!R&z1:1]-[S&D3&v3&H0&+&!R:2].[c&D2&v4&H1&+0&R&z1:3]>>[C&D1&v4&H3&+0&!R&z0:1]-[c&D3&v4&H0&+0&R&z1:3].[S&D2&v2&H0&+0&!R:2],588
2127,[N&D1&v3&H2&+0&!R:1].[S&D3&v3&H0&+&!R:2]-[C&D2&v4&H2&+0&!R&z1:3]>>[C&D2&v4&H2&+0&!R&z1:3]-[N&D2&v3&H1&+0&!R:1].[S&D2&v2&H0&+0&!R:2],208
2128,[C&D1&v4&H3&+0&!R&z1:1]-[S&D3&v3&H0&+&!R:2].[c&D2&v4&H1&+0&R&z0:3]>>[C&D1&v4&H3&+0&!R&z0:1]-[c&D3&v4&H0&+0&R&z0:3].[S&D2&v2&H0&+0&!R:2],588
2129,[C&D3&v4&H1&+0&R&z1:1]-[O&D1&v2&H1&+0&!R:2].[S&D3&v3&H0&+&!R:3]-[C&D2&v4&H2&+0&!R&z1:4]>>[C&D1&v4&H3&+0&!R&z0:4].[C&D3&v4&H0&+0&R&z1:1]=[O&D1&v2&H0&+0&!R:2].[S&D2&v2&H0&+0&!R:3],73
2130,[S&D3&v3&H0&+&!R:1]-[C&D2&v4&H2&+0&!R&z1:2].([C&D3&v4&H1&+0&R&z1:3].[c&D2&v4&H1&+0&R&z0:4])>>[C&D1&v4&H3&+0&!R&z0:2].[S&D2&v2&H0&+0&!R:1].[c&D3&v4&H0&+0&R&z0:4]-[C&D4&v4&H0&+0&R&z1:3],352
2131,[P&D4&v5&H0&+0&!R:1](-[O&D1&v2&H1&+0&!R:2])-[O&D1&v2&H1&+0&!R:3].[P&D4&v5&H0&+0&!R:4]-[O&D1&v2&H1&+0&!R:5].[S&D3&v3&H0&+&!R:6]-[C&D2&v4&H2&+0&!R&z1:7]>>[C&D2&v4&H2&+0&!R&z1:7]-[O&D2&v2&H0&+0&!R:2]-[P&D4&v5&H0&+0&!R:1]-[O&D2&v2&H0&+0&!R:5]-[P&D4&v5&H0&+0&!R:4].[O&D0&v2&H2&+0&!R:3].[S&D2&v2&H0&+0&!R:6],262
2132,[O&D0&v2&H2&+0&!R:1].[S&D3&v3&H0&+&!R:2]-[C&D2&v4&H2&+0&!R&z1:3]>>[C&D2&v4&H2&+0&!R&z1:3]-[O&D1&v2&H1&+0&!R:1].[S&D2&v2&H0&+0&!R:2],563
2133,[C&D1&v4&H3&+0&!R&z1:1]-[S&D3&v3&H0&+&!R:2].[N&D3&v3&H0&+0&R:3]>>[C&D1&v4&H3&+0&!R&z1:1]-[N&D4&v4&H0&+&R:3].[S&D2&v2&H0&+0&!R:2],798
2134,([C&D3&v4&H1&+0&!R&z1:1].[S&D3&v3&H0&+&!R:2]-[C&D2&v4&H2&+0&!R&z1:3])>>[C&D4&v4&H0&+0&R&z1:1]-[C&D2&v4&H2&+0&R&z0:3].[S&D2&v2&H0&+0&!R:2],524
2135,[N&D1&v3&H2&+0&!R:1].[S&D3&v3&H0&+&!R:2]-[C&D2&v4&H2&+0&!R&z1:3]>>[N&D2&v3&H1&+0&!R:1]-[C&D2&v4&H2&+0&!R&z1:3].[S&D2&v2&H0&+0&!R:2],208
2136,[N&D3&v3&H0&+0&!R:1].[S&D3&v3&H0&+&!R:2]-[C&D2&v4&H2&+0&!R&z1:3]>>[N&D4&v4&H0&+&!R:1]-[C&D2&v4&H2&+0&!R&z1:3].[S&D2&v2&H0&+0&!R:2],798
2137,[N&D2&v3&H1&+0&!R:1].[S&D3&v3&H0&+&!R:2]-[C&D2&v4&H2&+0&!R&z1:3]>>[N&D3&v3&H0&+0&!R:1]-[C&D2&v4&H2&+0&!R&z1:3].[S&D2&v2&H0&+0&!R:2],208
2138,[C&D3&v4&H0&+0&R&z0:1]1=[C&D2&v4&H1&+0&R&z1:2]-[N&D3&v3&H0&+0&R:3]-[C&D2&v4&H1&+0&R&z1:4]=[C&D2&v4&H1&+0&R&z0:5]-[C&D2&v4&H2&+0&R&z0:6]-1.[O&D1&v2&H0&+0&!R:7]=[O&D1&v2&H0&+0&!R:8].[c&D3&v4&H0&+0&R&z0:9]-[C&D3&v4&H0&+0&!R&z2:10]-[O&D1&v2&H1&+0&!R:11]>>[O&D0&v2&H2&+0&!R:8].[O&D1&v2&H0&+0&!R:11]=[C&D2&v4&H0&+0&!R&z2:10].[c&D3&v4&H0&+0&R&z0:1]1:[c&D2&v4&H1&+0&R&z0:6]:[c&D2&v4&H1&+0&R&z0:5]:[c&D2&v4&H1&+0&R&z1:4]:[n&D3&v4&H0&+&R:3]:[c&D2&v4&H1&+0&R&z1:2]:1.[c&D3&v4&H0&+0&R&z1:9]-[O&D1&v2&H1&+0&!R:7],794
2139,[C&D1&v4&H3&+0&!R&z1:1]-[n&D3&v4&H0&+&R:2].[S&D2&v2&H0&+0&!R:3]>>[C&D1&v4&H3&+0&!R&z1:1]-[S&D3&v3&H0&+&!R:3].[n&D2&v3&H0&+0&R:2],469
2140,[O&D0&v2&H2&+0&!R:1].[O&D1&v2&H0&+0&!R:2]=[C&D2&v4&H0&+0&!R&z2:3].[c&D3&v4&H0&+0&R&z0:4]1:[c&D2&v4&H1&+0&R&z0:5]:[c&D2&v4&H1&+0&R&z0:6]:[c&D2&v4&H1&+0&R&z1:7]:[n&D3&v4&H0&+&R:8]:[c&D2&v4&H1&+0&R&z1:9]:1.[c&D3&v4&H0&+0&R&z1:10]-[O&D1&v2&H1&+0&!R:11]>>[C&D3&v4&H0&+0&R&z0:4]1=[C&D2&v4&H1&+0&R&z1:9]-[N&D3&v3&H0&+0&R:8]-[C&D2&v4&H1&+0&R&z1:7]=[C&D2&v4&H1&+0&R&z0:6]-[C&D2&v4&H2&+0&R&z0:5]-1.[O&D1&v2&H0&+0&!R:1]=[O&D1&v2&H0&+0&!R:11].[c&D3&v4&H0&+0&R&z0:10]-[C&D3&v4&H0&+0&!R&z2:3]-[O&D1&v2&H1&+0&!R:2],905
2141,[C&D1&v4&H3&+0&!R&z0:1]-[c&D3&v4&H0&+0&R&z1:2].[S&D2&v2&H0&+0&!R:3]>>[C&D1&v4&H3&+0&!R&z1:1]-[S&D3&v3&H0&+&!R:3].[c&D2&v4&H1&+0&R&z1:2],371
2142,[c&D3&v4&H0&+0&R&z0:1]-[C&D3&v4&H1&+0&R&z1:2]-[C&D3&v4&H1&+0&R&z1:3]>>[C&D3&v4&H0&+0&R&z1:3]=[C&D2&v4&H1&+0&R&z1:2].[c&D2&v4&H1&+0&R&z0:1],322
2143,[C&D3&v4&H0&+0&R&z1:1]=[C&D2&v4&H1&+0&R&z1:2].[c&D2&v4&H1&+0&R&z0:3]>>[c&D3&v4&H0&+0&R&z0:3]-[C&D3&v4&H1&+0&R&z1:2]-[C&D3&v4&H1&+0&R&z1:1],1006
2144,[N&D2&v3&H0&+0&!R:1].[c&D3&v4&H0&+0&R&z0:2]1:[c&D2&v4&H1&+0&R&z0:3]:[c&D2&v4&H1&+0&R&z0:4]:[c&D2&v4&H1&+0&R&z1:5]:[n&D3&v4&H0&+&R:6]:[c&D2&v4&H1&+0&R&z1:7]:1.[c&D3&v4&H0&+0&R&z1:8](-[O&D1&v2&H1&+0&!R:9]):[c&D3&v4&H0&+0&R&z1:10]-[O&D1&v2&H1&+0&!R:11]>>[C&D3&v4&H0&+0&R&z0:2]1=[C&D2&v4&H1&+0&R&z1:7]-[N&D3&v3&H0&+0&R:6]-[C&D2&v4&H1&+0&R&z1:5]=[C&D2&v4&H1&+0&R&z0:4]-[C&D2&v4&H2&+0&R&z0:3]-1.[O&D1&v2&H0&+0&!R:9]=[O&D1&v2&H0&+0&!R:11].[c&D2&v4&H1&+0&R&z0:8]:[c&D3&v4&H0&+0&R&z1:10]-[N&D3&v4&H0&+&!R:1],395
2145,[C&D3&v4&H0&+0&R&z0:1]1=[C&D2&v4&H1&+0&R&z1:2]-[N&D3&v3&H0&+0&R:3]-[C&D2&v4&H1&+0&R&z1:4]=[C&D2&v4&H1&+0&R&z0:5]-[C&D2&v4&H2&+0&R&z0:6]-1.[O&D1&v2&H0&+0&!R:7]=[O&D1&v2&H0&+0&!R:8].[c&D2&v4&H1&+0&R&z0:9]:[c&D3&v4&H0&+0&R&z1:10]-[N&D3&v4&H0&+&!R:11]>>[N&D2&v3&H0&+0&!R:11].[c&D3&v4&H0&+0&R&z0:1]1:[c&D2&v4&H1&+0&R&z0:6]:[c&D2&v4&H1&+0&R&z0:5]:[c&D2&v4&H1&+0&R&z1:4]:[n&D3&v4&H0&+&R:3]:[c&D2&v4&H1&+0&R&z1:2]:1.[c&D3&v4&H0&+0&R&z1:9](-[O&D1&v2&H1&+0&!R:7]):[c&D3&v4&H0&+0&R&z1:10]-[O&D1&v2&H1&+0&!R:8],759
2146,[N&D1&v3&H2&+0&!R:1].[O&D0&v2&H2&+0&!R:2].[c&D3&v4&H0&+0&R&z0:3]1:[c&D2&v4&H1&+0&R&z0:4]:[c&D2&v4&H1&+0&R&z0:5]:[c&D2&v4&H1&+0&R&z1:6]:[n&D3&v4&H0&+&R:7]:[c&D2&v4&H1&+0&R&z1:8]:1>>[C&D3&v4&H0&+0&R&z0:3]1=[C&D2&v4&H1&+0&R&z1:8]-[N&D3&v3&H0&+0&R:7]-[C&D2&v4&H1&+0&R&z1:6]=[C&D2&v4&H1&+0&R&z0:5]-[C&D2&v4&H2&+0&R&z0:4]-1.[N&D2&v3&H1&+0&!R:1]-[O&D1&v2&H1&+0&!R:2],814
2147,[C&D3&v4&H0&+0&R&z0:1]1=[C&D2&v4&H1&+0&R&z1:2]-[N&D3&v3&H0&+0&R:3]-[C&D2&v4&H1&+0&R&z1:4]=[C&D2&v4&H1&+0&R&z0:5]-[C&D2&v4&H2&+0&R&z0:6]-1.[N&D2&v3&H1&+0&!R:7]-[O&D1&v2&H1&+0&!R:8]>>[N&D1&v3&H2&+0&!R:7].[O&D0&v2&H2&+0&!R:8].[c&D3&v4&H0&+0&R&z0:1]1:[c&D2&v4&H1&+0&R&z0:6]:[c&D2&v4&H1&+0&R&z0:5]:[c&D2&v4&H1&+0&R&z1:4]:[n&D3&v4&H0&+&R:3]:[c&D2&v4&H1&+0&R&z1:2]:1,234
2148,[O&D2&v2&H0&+0&R:1]-[C&D4&v4&H0&+0&R&z1:2]-[C&D2&v4&H2&+0&R&z0:3]>>([C&D3&v4&H0&+0&!R&z0:2]=[C&D2&v4&H1&+0&!R&z0:3].[O&D1&v2&H1&+0&!R:1]),1005
2149,[N&D2&v3&H0&+0&!R:1].[c&D3&v4&H0&+0&R&z1:2]-[S&D2&v2&H0&+0&!R:3]>>[S&D1&v2&H1&+0&!R:3].[c&D3&v4&H0&+0&R&z1:2]-[N&D3&v4&H0&+&!R:1],935
2150,[S&D1&v2&H1&+0&!R:1].[c&D3&v4&H0&+0&R&z1:2]-[N&D3&v4&H0&+&!R:3]>>[N&D2&v3&H0&+0&!R:3].[c&D3&v4&H0&+0&R&z1:2]-[S&D2&v2&H0&+0&!R:1],1019
2151,[N&D2&v3&H0&+0&!R:1].[c&D3&v4&H0&+0&R&z0:2]1:[c&D2&v4&H1&+0&R&z0:3]:[c&D2&v4&H1&+0&R&z0:4]:[c&D2&v4&H1&+0&R&z1:5]:[n&D3&v4&H0&+&R:6]:[c&D2&v4&H1&+0&R&z1:7]:1.[c&D3&v4&H0&+0&R&z1:8](-[O&D1&v2&H1&+0&!R:9]):[c&D3&v4&H0&+0&R&z1:10]-[O&D1&v2&H1&+0&!R:11]>>[C&D3&v4&H0&+0&R&z0:2]1=[C&D2&v4&H1&+0&R&z1:7]-[N&D3&v3&H0&+0&R:6]-[C&D2&v4&H1&+0&R&z1:5]=[C&D2&v4&H1&+0&R&z0:4]-[C&D2&v4&H2&+0&R&z0:3]-1.[O&D1&v2&H0&+0&!R:9]=[O&D1&v2&H0&+0&!R:11].[c&D3&v4&H0&+0&R&z1:10](-[N&D3&v4&H0&+&!R:1]):[c&D2&v4&H1&+0&R&z0:8],395
2152,[C&D3&v4&H0&+0&R&z0:1]1=[C&D2&v4&H1&+0&R&z1:2]-[N&D3&v3&H0&+0&R:3]-[C&D2&v4&H1&+0&R&z1:4]=[C&D2&v4&H1&+0&R&z0:5]-[C&D2&v4&H2&+0&R&z0:6]-1.[O&D1&v2&H0&+0&!R:7]=[O&D1&v2&H0&+0&!R:8].[c&D3&v4&H0&+0&R&z1:9](-[N&D3&v4&H0&+&!R:10]):[c&D2&v4&H1&+0&R&z0:11]>>[N&D2&v3&H0&+0&!R:10].[c&D3&v4&H0&+0&R&z0:1]1:[c&D2&v4&H1&+0&R&z0:6]:[c&D2&v4&H1&+0&R&z0:5]:[c&D2&v4&H1&+0&R&z1:4]:[n&D3&v4&H0&+&R:3]:[c&D2&v4&H1&+0&R&z1:2]:1.[c&D3&v4&H0&+0&R&z1:11](-[O&D1&v2&H1&+0&!R:7]):[c&D3&v4&H0&+0&R&z1:9]-[O&D1&v2&H1&+0&!R:8],759
2153,[C&D3&v4&H0&+0&R&z0:1]1=[C&D2&v4&H1&+0&R&z1:2]-[N&D3&v3&H0&+0&R:3]-[C&D2&v4&H1&+0&R&z1:4]=[C&D2&v4&H1&+0&R&z0:5]-[C&D2&v4&H2&+0&R&z0:6]-1.[O&D1&v2&H0&+0&!R:7]=[O&D1&v2&H0&+0&!R:8].[c&D3&v4&H0&+0&R&z0:9]1:[c&D3&v4&H0&+0&R&z0:10]:[c&D3&v4&H0&+0&R&z0:11]:[c&D3&v4&H0&+0&R&z1:12](-[O&D1&v2&H1&+0&!R:13]):[c&D3&v4&H0&+0&R&z0:14]:[c&D3&v4&H0&+0&R&z0:15]:1>>[C&D3&v4&H0&+0&R&z0:11]1=[C&D3&v4&H0&+0&R&z0:10]-[C&D4&v4&H0&+0&R&z1:9](-[O&D1&v2&H1&+0&!R:8])-[c&D3&v4&H0&+0&R&z0:15]:[c&D3&v4&H0&+0&R&z0:14]-[C&D3&v4&H0&+0&R&z1:12]-1=[O&D1&v2&H0&+0&!R:13].[O&D0&v2&H2&+0&!R:7].[c&D3&v4&H0&+0&R&z0:1]1:[c&D2&v4&H1&+0&R&z0:6]:[c&D2&v4&H1&+0&R&z0:5]:[c&D2&v4&H1&+0&R&z1:4]:[n&D3&v4&H0&+&R:3]:[c&D2&v4&H1&+0&R&z1:2]:1,138
2154,[C&D3&v4&H0&+0&R&z0:1]1=[C&D2&v4&H1&+0&R&z1:2]-[N&D3&v3&H0&+0&R:3]-[C&D2&v4&H1&+0&R&z1:4]=[C&D2&v4&H1&+0&R&z0:5]-[C&D2&v4&H2&+0&R&z0:6]-1.[c&D3&v4&H0&+0&R&z0:7]1:[c&D2&v4&H1&+0&R&z1:8]:[n&D2&v3&H1&+0&R:9]:[c&D3&v4&H0&+0&R&z3:10]:[n&D2&v3&H1&+0&R:11]:[c&D3&v4&H0&+0&R&z2:12]:1>>[C&D3&v4&H1&+0&R&z0:7]1-[C&D2&v4&H2&+0&R&z1:8]-[N&D2&v3&H1&+0&R:9]-[C&D3&v4&H0&+0&R&z3:10]-[N&D2&v3&H1&+0&R:11]-[C&D3&v4&H0&+0&R&z2:12]-1.[c&D3&v4&H0&+0&R&z0:1]1:[c&D2&v4&H1&+0&R&z0:6]:[c&D2&v4&H1&+0&R&z0:5]:[c&D2&v4&H1&+0&R&z1:4]:[n&D3&v4&H0&+&R:3]:[c&D2&v4&H1&+0&R&z1:2]:1,882
2155,[O&D0&v2&H2&+0&!R:1].[c&D3&v4&H0&+0&R&z1:2]1:[c&D2&v4&H1&+0&R&z0:3]:[c&D3&v4&H0&+0&R&z1:4]:[c&D3&v4&H0&+0&R&z0:5]:[c&D3&v4&H0&+0&R&z1:6]:[o&D2&v2&H0&+0&R:7]:1>>[C&D4&v4&H0&+0&R&z2:2]1(-[O&D1&v2&H1&+0&!R:1])-[C&D2&v4&H2&+0&R&z0:3]-[C&D3&v4&H0&+0&R&z1:4]-[c&D3&v4&H0&+0&R&z0:5]:[c&D3&v4&H0&+0&R&z1:6]-[O&D2&v2&H0&+0&R:7]-1,74
2156,[O&D1&v2&H1&+0&!R:1].[S&D4&v6&H0&+0&!R:2]-[O&D2&v2&H0&+0&!R:3]>>[O&D1&v2&H1&+0&!R:3].[O&D2&v2&H0&+0&!R:1]-[S&D4&v6&H0&+0&!R:2],623
2157,[O&D1&v2&H1&+0&!R:1].[O&D2&v2&H0&+0&!R:2]-[S&D4&v6&H0&+0&!R:3]>>[O&D1&v2&H1&+0&!R:2].[S&D4&v6&H0&+0&!R:3]-[O&D2&v2&H0&+0&!R:1],623
2158,[O&D0&v2&H2&+0&!R:1].[c&D3&v4&H0&+0&R&z1:2]-[O&D1&v2&H1&+0&!R:3]>>[O&D1&v2&H1&+0&!R:3]-[O&D1&v2&H1&+0&!R:1].[c&D2&v4&H1&+0&R&z0:2],15
2159,[C&D1&v4&H3&+0&!R&z0:1]-[c&D3&v4&H0&+0&R&z0:2].[S&D2&v2&H0&+0&!R:3]>>[C&D1&v4&H3&+0&!R&z1:1]-[S&D3&v3&H0&+&!R:3].[c&D2&v4&H1&+0&R&z0:2],371
2160,[O&D1&v2&H1&+0&!R:1]-[O&D1&v2&H1&+0&!R:2].[c&D2&v4&H1&+0&R&z0:3]>>[O&D0&v2&H2&+0&!R:2].[c&D3&v4&H0&+0&R&z1:3]-[O&D1&v2&H1&+0&!R:1],131
2161,[C&D3&v4&H0&+0&!R&z1:1]-[C&D3&v4&H0&+0&!R&z2:2]-[O&D1&v2&H1&+0&!R:3].[O&D1&v2&H0&+0&!R:4]=[O&D1&v2&H0&+0&!R:5].[O&D2&v2&H0&+0&!R:6]-[C&D3&v4&H1&+0&!R&z1:7]>>[C&D3&v4&H0&+0&!R&z1:7]=[O&D1&v2&H0&+0&!R:5].[C&D3&v4&H0&+0&!R&z2:1]-[O&D1&v2&H1&+0&!R:4].[O&D1&v2&H0&+0&!R:3]=[C&D2&v4&H0&+0&!R&z2:2].[O&D1&v2&H1&+0&!R:6],165
2162,[C&D3&v4&H0&+0&R&z0:1]1=[C&D2&v4&H1&+0&R&z1:2]-[N&D3&v3&H0&+0&R:3]-[C&D2&v4&H1&+0&R&z1:4]=[C&D2&v4&H1&+0&R&z0:5]-[C&D2&v4&H2&+0&R&z0:6]-1.[C&D3&v4&H0&+0&R&z1:7]=[C&D2&v4&H1&+0&R&z0:8]>>[C&D3&v4&H1&+0&R&z1:7]-[C&D2&v4&H2&+0&R&z0:8].[c&D3&v4&H0&+0&R&z0:1]1:[c&D2&v4&H1&+0&R&z0:6]:[c&D2&v4&H1&+0&R&z0:5]:[c&D2&v4&H1&+0&R&z1:4]:[n&D3&v4&H0&+&R:3]:[c&D2&v4&H1&+0&R&z1:2]:1,515
2163,[C&D3&v4&H1&+0&R&z1:1]-[C&D2&v4&H2&+0&R&z0:2].[c&D3&v4&H0&+0&R&z0:3]1:[c&D2&v4&H1&+0&R&z0:4]:[c&D2&v4&H1&+0&R&z0:5]:[c&D2&v4&H1&+0&R&z1:6]:[n&D3&v4&H0&+&R:7]:[c&D2&v4&H1&+0&R&z1:8]:1>>[C&D3&v4&H0&+0&R&z0:3]1=[C&D2&v4&H1&+0&R&z1:8]-[N&D3&v3&H0&+0&R:7]-[C&D2&v4&H1&+0&R&z1:6]=[C&D2&v4&H1&+0&R&z0:5]-[C&D2&v4&H2&+0&R&z0:4]-1.[C&D3&v4&H0&+0&R&z1:1]=[C&D2&v4&H1&+0&R&z0:2],663
2164,[O&D2&v2&H0&+0&R:1]-[C&D3&v4&H1&+0&R&z1:2]-[C&D1&v4&H3&+0&!R&z0:3]>>([C&D1&v4&H2&+0&!R&z0:3]=[C&D2&v4&H1&+0&!R&z0:2].[O&D1&v2&H1&+0&!R:1]),1005
2165,[C&D3&v4&H0&+0&R&z0:1]1=[C&D2&v4&H1&+0&R&z1:2]-[N&D3&v3&H0&+0&R:3]-[C&D2&v4&H1&+0&R&z1:4]=[C&D2&v4&H1&+0&R&z0:5]-[C&D2&v4&H2&+0&R&z0:6]-1.[c&D3&v4&H0&+0&R&z0:7]1:[c&D3&v4&H0&+0&R&z1:8](-[O&D1&v2&H1&+0&!R:9]):[c&D3&v4&H0&+0&R&z1:10](-[O&D1&v2&H1&+0&!R:11]):[c&D2&v4&H1&+0&R&z0:12]:[c&D2&v4&H1&+0&R&z0:13]:[c&D3&v4&H0&+0&R&z1:14]:1>>[c&D3&v4&H0&+0&R&z0:1]1:[c&D2&v4&H1&+0&R&z0:6]:[c&D2&v4&H1&+0&R&z0:5]:[c&D2&v4&H1&+0&R&z1:4]:[n&D3&v4&H0&+&R:3]:[c&D2&v4&H1&+0&R&z1:2]:1.[c&D3&v4&H0&+0&R&z0:7]1:[c&D3&v4&H0&+0&R&z1:14]-[C&D2&v4&H1&+0&R&z0:13]=[C&D2&v4&H1&+0&R&z0:12]-[C&D3&v4&H1&+0&R&z1:10](-[O&D1&v2&H1&+0&!R:11])-[C&D3&v4&H1&+0&R&z1:8]-1-[O&D1&v2&H1&+0&!R:9],940
2166,[O&D1&v2&H1&+0&!R:1]-[C&D2&v4&H2&+0&!R&z1:2].[n&D2&v3&H1&+0&R:3]>>[O&D0&v2&H2&+0&!R:1].[n&D3&v3&H0&+0&R:3]-[C&D2&v4&H2&+0&!R&z1:2],175
2167,[C&D1&v4&H3&+0&!R&z0:1].[O&D1&v2&H0&+0&!R:2]=[O&D1&v2&H0&+0&!R:3]>>[C&D2&v4&H1&+0&!R&z1:1]=[O&D1&v2&H0&+0&!R:2].[O&D0&v2&H2&+0&!R:3],825
2168,[C&D2&v4&H1&+0&!R&z1:1]=[O&D1&v2&H0&+0&!R:2].[O&D0&v2&H2&+0&!R:3]>>[C&D1&v4&H3&+0&!R&z0:1].[O&D1&v2&H0&+0&!R:2]=[O&D1&v2&H0&+0&!R:3],547
2169,[C&D3&v4&H0&+0&R&z0:1]1=[C&D2&v4&H1&+0&R&z1:2]-[N&D3&v3&H0&+0&R:3]-[C&D2&v4&H1&+0&R&z1:4]=[C&D2&v4&H1&+0&R&z0:5]-[C&D2&v4&H2&+0&R&z0:6]-1.[O&D1&v2&H0&+0&!R:7]=[C&D2&v4&H0&+0&!R&z2:8].[c&D3&v4&H0&+0&R&z0:9]1:[c&D2&v4&H1&+0&R&z0:10]:[c&D2&v4&H1&+0&R&z0:11]:[c&D3&v4&H0&+0&R&z1:12](-[O&D1&v2&H1&+0&!R:13]):[c&D3&v4&H0&+0&R&z1:14]:[c&D2&v4&H1&+0&R&z0:15]:1>>[C&D3&v4&H0&+0&R&z0:9]1=[C&D2&v4&H1&+0&R&z0:15]-[C&D3&v4&H1&+0&R&z1:14]-[C&D4&v4&H0&+0&R&z1:12](-[O&D1&v2&H1&+0&!R:13])(-[C&D3&v4&H0&+0&!R&z2:8]-[O&D1&v2&H1&+0&!R:7])-[C&D2&v4&H1&+0&R&z0:11]=[C&D2&v4&H1&+0&R&z0:10]-1.[c&D3&v4&H0&+0&R&z0:1]1:[c&D2&v4&H1&+0&R&z0:6]:[c&D2&v4&H1&+0&R&z0:5]:[c&D2&v4&H1&+0&R&z1:4]:[n&D3&v4&H0&+&R:3]:[c&D2&v4&H1&+0&R&z1:2]:1,186
2170,[N&D2&v3&H0&+0&!R:1].[c&D3&v4&H0&+0&R&z0:2]1:[c&D2&v4&H1&+0&R&z0:3]:[c&D2&v4&H1&+0&R&z0:4]:[c&D2&v4&H1&+0&R&z1:5]:[n&D3&v4&H0&+&R:6]:[c&D2&v4&H1&+0&R&z1:7]:1.[c&D3&v4&H0&+0&R&z1:8](-[O&D1&v2&H1&+0&!R:9]):[c&D3&v4&H0&+0&R&z1:10]-[O&D1&v2&H1&+0&!R:11]>>[C&D3&v4&H0&+0&R&z0:2]1=[C&D2&v4&H1&+0&R&z1:7]-[N&D3&v3&H0&+0&R:6]-[C&D2&v4&H1&+0&R&z1:5]=[C&D2&v4&H1&+0&R&z0:4]-[C&D2&v4&H2&+0&R&z0:3]-1.[O&D1&v2&H0&+0&!R:11]=[O&D1&v2&H0&+0&!R:9].[c&D3&v4&H0&+0&R&z1:8](-[N&D3&v4&H0&+&!R:1]):[c&D2&v4&H1&+0&R&z0:10],395
2171,[O&D1&v2&H0&+0&!R:1]=[O&D1&v2&H0&+0&!R:2].[c&D3&v4&H0&+0&R&z0:3]1:[c&D2&v4&H1&+0&R&z0:4]:[c&D2&v4&H1&+0&R&z0:5]:[c&D3&v4&H0&+0&R&z1:6]:[c&D3&v4&H0&+0&R&z1:7]:[c&D3&v4&H0&+0&R&z0:8]:1>>[C&D3&v4&H0&+0&!R&z0:3](=[C&D2&v4&H1&+0&!R&z0:4]-[C&D2&v4&H1&+0&!R&z0:5]=[C&D3&v4&H0&+0&!R&z1:6]-[C&D3&v4&H0&+0&!R&z2:7]=[O&D1&v2&H0&+0&!R:1])-[C&D3&v4&H0&+0&!R&z1:8]=[O&D1&v2&H0&+0&!R:2],348
2172,[C&D3&v4&H0&+0&R&z0:1]1=[C&D2&v4&H1&+0&R&z1:2]-[N&D3&v3&H0&+0&R:3]-[C&D2&v4&H1&+0&R&z1:4]=[C&D2&v4&H1&+0&R&z0:5]-[C&D2&v4&H2&+0&R&z0:6]-1.[O&D1&v2&H0&+0&!R:7]=[O&D1&v2&H0&+0&!R:8].[c&D2&v4&H1&+0&R&z0:9]:[c&D3&v4&H0&+0&R&z1:10]-[N&D3&v4&H0&+&!R:11]>>[N&D2&v3&H0&+0&!R:11].[c&D3&v4&H0&+0&R&z0:1]1:[c&D2&v4&H1&+0&R&z0:6]:[c&D2&v4&H1&+0&R&z0:5]:[c&D2&v4&H1&+0&R&z1:4]:[n&D3&v4&H0&+&R:3]:[c&D2&v4&H1&+0&R&z1:2]:1.[c&D3&v4&H0&+0&R&z1:10](-[O&D1&v2&H1&+0&!R:8]):[c&D3&v4&H0&+0&R&z1:9]-[O&D1&v2&H1&+0&!R:7],759
2173,[C&D3&v4&H0&+0&R&z0:1]1=[C&D2&v4&H1&+0&R&z1:2]-[N&D3&v3&H0&+0&R:3]-[C&D2&v4&H1&+0&R&z1:4]=[C&D2&v4&H1&+0&R&z0:5]-[C&D2&v4&H2&+0&R&z0:6]-1.[O&D1&v2&H0&+0&!R:7]=[O&D1&v2&H0&+0&!R:8].[c&D3&v4&H0&+0&R&z1:9](-[N&D3&v4&H0&+&!R:10]):[c&D2&v4&H1&+0&R&z0:11]>>[N&D2&v3&H0&+0&!R:10].[c&D3&v4&H0&+0&R&z0:1]1:[c&D2&v4&H1&+0&R&z0:6]:[c&D2&v4&H1&+0&R&z0:5]:[c&D2&v4&H1&+0&R&z1:4]:[n&D3&v4&H0&+&R:3]:[c&D2&v4&H1&+0&R&z1:2]:1.[c&D3&v4&H0&+0&R&z1:9](-[O&D1&v2&H1&+0&!R:8]):[c&D3&v4&H0&+0&R&z1:11]-[O&D1&v2&H1&+0&!R:7],759
2174,[C&D3&v4&H0&+0&R&z0:1]1=[C&D2&v4&H1&+0&R&z1:2]-[N&D3&v3&H0&+0&R:3]-[C&D2&v4&H1&+0&R&z1:4]=[C&D2&v4&H1&+0&R&z0:5]-[C&D2&v4&H2&+0&R&z0:6]-1.[O&D1&v2&H0&+0&!R:7]=[C&D2&v4&H0&+0&!R&z2:8].[c&D3&v4&H0&+0&R&z0:9]1:[c&D2&v4&H1&+0&R&z0:10]:[c&D2&v4&H1&+0&R&z0:11]:[c&D2&v4&H1&+0&R&z0:12]:[c&D3&v4&H0&+0&R&z1:13]:[c&D3&v4&H0&+0&R&z1:14]:1-[O&D1&v2&H1&+0&!R:15]>>[C&D3&v4&H0&+0&R&z0:9]1=[C&D2&v4&H1&+0&R&z0:10]-[C&D2&v4&H1&+0&R&z0:11]=[C&D2&v4&H1&+0&R&z0:12]-[C&D3&v4&H1&+0&R&z1:13]-[C&D4&v4&H0&+0&R&z1:14]-1(-[O&D1&v2&H1&+0&!R:15])-[C&D3&v4&H0&+0&!R&z2:8]-[O&D1&v2&H1&+0&!R:7].[c&D3&v4&H0&+0&R&z0:1]1:[c&D2&v4&H1&+0&R&z0:6]:[c&D2&v4&H1&+0&R&z0:5]:[c&D2&v4&H1&+0&R&z1:4]:[n&D3&v4&H0&+&R:3]:[c&D2&v4&H1&+0&R&z1:2]:1,186
2175,[O&D1&v2&H0&+0&!R:1]=[O&D1&v2&H0&+0&!R:2].[c&D3&v4&H0&+0&R&z0:3]1:[c&D2&v4&H1&+0&R&z0:4]:[c&D2&v4&H1&+0&R&z0:5]:[c&D2&v4&H1&+0&R&z0:6]:[c&D3&v4&H0&+0&R&z1:7]:[c&D3&v4&H0&+0&R&z1:8]:1>>[C&D3&v4&H0&+0&!R&z1:3](=[O&D1&v2&H0&+0&!R:1])-[C&D2&v4&H1&+0&!R&z0:4]=[C&D2&v4&H1&+0&!R&z0:5]-[C&D2&v4&H1&+0&!R&z0:6]=[C&D3&v4&H0&+0&!R&z1:7]-[C&D3&v4&H0&+0&!R&z2:8]=[O&D1&v2&H0&+0&!R:2],348
2176,[C&D1&v4&H3&+0&!R&z0:1].[C&D2&v4&H1&+0&!R&z0:2]=[C&D2&v4&H1&+0&!R&z0:3]>>[C&D2&v4&H2&+0&!R&z0:3]-[C&D3&v4&H1&+0&!R&z0:2]-[C&D2&v4&H2&+0&!R&z0:1],1006
2177,[C&D1&v4&H3&+0&!R&z0:1]-[c&D3&v4&H0&+0&R&z0:2].([N&D2&v3&H0&+0&R:3]=[C&D3&v4&H0&+0&R&z1:4].[N&D2&v3&H1&+0&!R:5])>>[N&D3&v3&H0&+0&R:3](-[C&D2&v4&H2&+0&R&z2:1]-[N&D3&v3&H0&+0&R:5])-[C&D3&v4&H1&+0&R&z1:4].[c&D2&v4&H1&+0&R&z0:2],964
2178,[C&D2&v4&H1&+0&R&z0:1]=[C&D3&v4&H0&+0&R&z1:2].[O&D0&v2&H2&+0&!R:3]>>[C&D3&v4&H1&+0&R&z1:2]-[C&D3&v4&H1&+0&R&z1:1]-[O&D1&v2&H1&+0&!R:3],703
2179,[C&D2&v4&H1&+0&R&z0:1]=[C&D3&v4&H0&+0&R&z1:2]-[O&D1&v2&H1&+0&!R:3]>>[C&D2&v4&H2&+0&R&z0:1]-[C&D3&v4&H0&+0&R&z1:2]=[O&D1&v2&H0&+0&!R:3],996
2180,[C&D2&v4&H2&+0&R&z0:1]-[C&D3&v4&H0&+0&R&z1:2]=[O&D1&v2&H0&+0&!R:3].[O&D0&v2&H2&+0&!R:4]>>[C&D3&v4&H1&+0&R&z1:2](-[O&D1&v2&H1&+0&!R:3])-[C&D3&v4&H1&+0&R&z1:1]-[O&D1&v2&H1&+0&!R:4],342
2181,[C&D2&v4&H2&+0&R&z0:1]-[C&D3&v4&H0&+0&R&z1:2]=[O&D1&v2&H0&+0&!R:3]>>[C&D2&v4&H1&+0&R&z0:1]=[C&D3&v4&H0&+0&R&z1:2]-[O&D1&v2&H1&+0&!R:3],167
2182,[C&D3&v4&H1&+0&R&z1:1](-[C&D3&v4&H1&+0&!R&z1:2]-[C&D1&v4&H3&+0&!R&z0:3])-[C&D3&v4&H1&+0&R&z1:4]>>[C&D3&v4&H1&+0&R&z1:1](-[C&D1&v4&H3&+0&!R&z0:3])-[C&D3&v4&H1&+0&R&z1:2]-[C&D3&v4&H1&+0&R&z1:4],948
2183,[C&D3&v4&H1&+0&R&z1:1]-[C&D3&v4&H1&+0&R&z1:2]-[O&D1&v2&H1&+0&!R:3]>>[C&D2&v4&H1&+0&R&z0:2]=[C&D3&v4&H0&+0&R&z1:1].[O&D0&v2&H2&+0&!R:3],451
2184,[C&D3&v4&H1&+0&R&z1:1](-[O&D1&v2&H1&+0&!R:2])-[C&D3&v4&H1&+0&R&z1:3]-[O&D1&v2&H1&+0&!R:4]>>[C&D2&v4&H2&+0&R&z0:3]-[C&D3&v4&H0&+0&R&z1:1]=[O&D1&v2&H0&+0&!R:2].[O&D0&v2&H2&+0&!R:4],402
2185,[C&D3&v4&H1&+0&R&z1:1]-[C&D3&v4&H0&+0&R&z1:2]-[C&D3&v4&H1&+0&R&z1:3]-[C&D3&v4&H1&+0&R&z1:4]>>[C&D3&v4&H1&+0&R&z1:1]-[C&D3&v4&H1&+0&R&z1:3]-[C&D3&v4&H0&+0&R&z1:2]-[C&D3&v4&H1&+0&R&z1:4],948
2186,[C&D3&v4&H1&+0&R&z1:1]-[C&D3&v4&H1&+0&R&z1:2]-[C&D3&v4&H0&+0&R&z1:3]-[C&D3&v4&H1&+0&R&z1:4]>>[C&D3&v4&H1&+0&R&z1:1]-[C&D3&v4&H0&+0&R&z1:3]-[C&D3&v4&H1&+0&R&z1:2]-[C&D3&v4&H1&+0&R&z1:4],948
2187,[C&D3&v4&H1&+0&R&z1:1](-[C&D1&v4&H3&+0&!R&z0:2])-[C&D3&v4&H1&+0&R&z1:3]-[C&D3&v4&H1&+0&R&z1:4]>>[C&D3&v4&H1&+0&R&z1:1](-[C&D3&v4&H1&+0&!R&z1:3]-[C&D1&v4&H3&+0&!R&z0:2])-[C&D3&v4&H1&+0&R&z1:4],948
2188,[O&D2&v2&H0&+0&!R:1]-[C&D3&v4&H1&+0&R&z2:2].[P&D4&v5&H0&+0&!R:3]-[O&D2&v2&H0&+0&!R:4]>>[O&D2&v2&H0&+0&!R:4]-[C&D3&v4&H1&+0&R&z2:2].[O&D2&v2&H0&+0&!R:1]-[P&D4&v5&H0&+0&!R:3],994
2189,[O&D2&v2&H0&+0&!R:1]-[C&D3&v4&H1&+0&R&z2:2].[O&D2&v2&H0&+0&!R:3]-[P&D4&v5&H0&+0&!R:4]>>[O&D2&v2&H0&+0&!R:3]-[C&D3&v4&H1&+0&R&z2:2].[O&D2&v2&H0&+0&!R:1]-[P&D4&v5&H0&+0&!R:4],994
2190,[C&D2&v4&H2&+0&!R&z1:1]-[O&D2&v2&H0&+0&!R:2].[n&D2&v3&H0&+0&R:3]:[c&D3&v4&H0&+0&R&z2:4]-[C&D3&v4&H0&+0&!R&z2:5]-[O&D1&v2&H1&+0&!R:6]>>[C&D2&v4&H2&+0&!R&z1:1]-[n&D3&v4&H0&+&R:3]:[c&D2&v4&H1&+0&R&z2:4].[O&D1&v2&H0&+0&!R:6]=[C&D2&v4&H0&+0&!R&z2:5].[O&D1&v2&H1&+0&!R:2],258
2191,[C&D3&v4&H0&+0&R&z0:1]1=[C&D2&v4&H1&+0&R&z1:2]-[N&D3&v3&H0&+0&R:3]-[C&D2&v4&H1&+0&R&z1:4]=[C&D2&v4&H1&+0&R&z0:5]-[C&D2&v4&H2&+0&R&z0:6]-1.[O&D1&v2&H0&+0&!R:7]=[O&D1&v2&H0&+0&!R:8].[c&D3&v4&H0&+0&R&z1:9]1:[n&D2&v3&H0&+0&R:10]:[c&D2&v4&H1&+0&R&z1:11]:[c&D3&v4&H0&+0&R&z0:12]:[c&D3&v4&H0&+0&R&z0:13]:[c&D3&v4&H0&+0&R&z1:14]:1>>[C&D3&v4&H0&+0&!R&z2:9](=[O&D1&v2&H0&+0&!R:7])-[N&D2&v3&H1&+0&!R:10]-[C&D2&v4&H1&+0&!R&z1:11]=[C&D3&v4&H0&+0&!R&z0:12]-[C&D3&v4&H1&+0&!R&z0:13]-[C&D3&v4&H0&+0&!R&z2:14]=[O&D1&v2&H0&+0&!R:8].[c&D3&v4&H0&+0&R&z0:1]1:[c&D2&v4&H1&+0&R&z0:6]:[c&D2&v4&H1&+0&R&z0:5]:[c&D2&v4&H1&+0&R&z1:4]:[n&D3&v4&H0&+&R:3]:[c&D2&v4&H1&+0&R&z1:2]:1,96
2192,[C&D3&v4&H0&+0&R&z0:1]1=[C&D2&v4&H1&+0&R&z1:2]-[N&D3&v3&H0&+0&R:3]-[C&D2&v4&H1&+0&R&z1:4]=[C&D2&v4&H1&+0&R&z0:5]-[C&D2&v4&H2&+0&R&z0:6]-1.[O&D1&v2&H0&+0&!R:7]=[O&D1&v2&H0&+0&!R:8].[c&D3&v4&H0&+0&R&z1:9]1:[n&D2&v3&H0&+0&R:10]:[c&D2&v4&H1&+0&R&z1:11]:[c&D3&v4&H0&+0&R&z0:12]:[c&D2&v4&H1&+0&R&z0:13]:[c&D3&v4&H0&+0&R&z1:14]:1>>[C&D3&v4&H0&+0&!R&z2:9](=[O&D1&v2&H0&+0&!R:7])-[N&D2&v3&H1&+0&!R:10]-[C&D2&v4&H1&+0&!R&z1:11]=[C&D3&v4&H0&+0&!R&z0:12]-[C&D2&v4&H2&+0&!R&z0:13]-[C&D3&v4&H0&+0&!R&z2:14]=[O&D1&v2&H0&+0&!R:8].[c&D3&v4&H0&+0&R&z0:1]1:[c&D2&v4&H1&+0&R&z0:6]:[c&D2&v4&H1&+0&R&z0:5]:[c&D2&v4&H1&+0&R&z1:4]:[n&D3&v4&H0&+&R:3]:[c&D2&v4&H1&+0&R&z1:2]:1,96
2193,([C&D2&v4&H1&+0&!R&z1:1].[O&D1&v2&H1&+0&!R:2]).[c&D3&v4&H0&+0&R&z0:3]1:[c&D2&v4&H1&+0&R&z0:4]:[c&D2&v4&H1&+0&R&z0:5]:[c&D2&v4&H1&+0&R&z1:6]:[n&D3&v4&H0&+&R:7]:[c&D2&v4&H1&+0&R&z1:8]:1>>[C&D3&v4&H0&+0&R&z0:3]1=[C&D2&v4&H1&+0&R&z1:8]-[N&D3&v3&H0&+0&R:7]-[C&D2&v4&H1&+0&R&z1:6]=[C&D2&v4&H1&+0&R&z0:5]-[C&D2&v4&H2&+0&R&z0:4]-1.[O&D2&v2&H0&+0&R:2]-[C&D3&v4&H0&+0&R&z2:1],12
2194,[C&D2&v4&H2&+0&!R&z1:1]-[N&D1&v3&H2&+0&!R:2].[O&D0&v2&H2&+0&!R:3]>>[C&D2&v4&H2&+0&!R&z1:1]-[O&D1&v2&H1&+0&!R:3].[N&D0&v3&H3&+0&!R:2],587
2195,([C&D2&v4&H1&+0&!R&z1:1].[O&D1&v2&H1&+0&!R:2]).[c&D3&v4&H0&+0&R&z0:3]1:[c&D2&v4&H1&+0&R&z0:4]:[c&D2&v4&H1&+0&R&z0:5]:[c&D2&v4&H1&+0&R&z1:6]:[n&D3&v4&H0&+&R:7]:[c&D2&v4&H1&+0&R&z1:8]:1>>[C&D3&v4&H0&+0&R&z0:3]1=[C&D2&v4&H1&+0&R&z1:8]-[N&D3&v3&H0&+0&R:7]-[C&D2&v4&H1&+0&R&z1:6]=[C&D2&v4&H1&+0&R&z0:5]-[C&D2&v4&H2&+0&R&z0:4]-1.[C&D3&v4&H0&+0&R&z2:1]-[O&D2&v2&H0&+0&R:2],12
2196,[C&D2&v4&H2&+0&!R&z1:1]-[O&D1&v2&H1&+0&!R:2].[n&D2&v3&H0&+0&R:3]>>[C&D2&v4&H2&+0&!R&z1:1]-[n&D3&v4&H0&+&R:3].[O&D0&v2&H2&+0&!R:2],285
2197,[C&D2&v4&H2&+0&!R&z1:1]-[O&D1&v2&H1&+0&!R:2].[N&D0&v3&H3&+0&!R:3]>>[C&D2&v4&H2&+0&!R&z1:1]-[N&D1&v3&H2&+0&!R:3].[O&D0&v2&H2&+0&!R:2],175
2198,[C&D2&v4&H2&+0&!R&z1:1]-[n&D3&v4&H0&+&R:2].[n&D2&v3&H0&+0&R:3]>>[C&D2&v4&H2&+0&!R&z1:1]-[n&D3&v4&H0&+&R:3].[n&D2&v3&H0&+0&R:2],107
2199,[C&D2&v4&H2&+0&!R&z1:1]-[n&D3&v4&H0&+&R:2].[O&D0&v2&H2&+0&!R:3]>>[C&D2&v4&H2&+0&!R&z1:1]-[O&D1&v2&H1&+0&!R:3].[n&D2&v3&H0&+0&R:2],222
2200,[C&D2&v4&H2&+0&!R&z1:1]-[n&D3&v4&H0&+&R:2]:[c&D2&v4&H1&+0&R&z2:3].[O&D1&v2&H0&+0&!R:4]=[C&D2&v4&H0&+0&!R&z2:5].[O&D1&v2&H1&+0&!R:6]>>[C&D2&v4&H2&+0&!R&z1:1]-[O&D2&v2&H0&+0&!R:6].[n&D2&v3&H0&+0&R:2]:[c&D3&v4&H0&+0&R&z2:3]-[C&D3&v4&H0&+0&!R&z2:5]-[O&D1&v2&H1&+0&!R:4],4
2201,[C&D3&v4&H0&+0&R&z0:1]1=[C&D2&v4&H1&+0&R&z1:2]-[N&D3&v3&H0&+0&R:3]-[C&D2&v4&H1&+0&R&z1:4]=[C&D2&v4&H1&+0&R&z0:5]-[C&D2&v4&H2&+0&R&z0:6]-1.[C&D3&v4&H0&+0&R&z2:7]-[O&D2&v2&H0&+0&R:8]>>([C&D2&v4&H1&+0&!R&z1:7].[O&D1&v2&H1&+0&!R:8]).[c&D3&v4&H0&+0&R&z0:1]1:[c&D2&v4&H1&+0&R&z0:6]:[c&D2&v4&H1&+0&R&z0:5]:[c&D2&v4&H1&+0&R&z1:4]:[n&D3&v4&H0&+&R:3]:[c&D2&v4&H1&+0&R&z1:2]:1,530
2202,[C&D3&v4&H0&+0&R&z0:1]1=[C&D2&v4&H1&+0&R&z1:2]-[N&D3&v3&H0&+0&R:3]-[C&D2&v4&H1&+0&R&z1:4]=[C&D2&v4&H1&+0&R&z0:5]-[C&D2&v4&H2&+0&R&z0:6]-1.[O&D2&v2&H0&+0&R:7]-[C&D3&v4&H0&+0&R&z2:8]>>([C&D2&v4&H1&+0&!R&z1:8].[O&D1&v2&H1&+0&!R:7]).[c&D3&v4&H0&+0&R&z0:1]1:[c&D2&v4&H1&+0&R&z0:6]:[c&D2&v4&H1&+0&R&z0:5]:[c&D2&v4&H1&+0&R&z1:4]:[n&D3&v4&H0&+&R:3]:[c&D2&v4&H1&+0&R&z1:2]:1,530
2203,([C&D3&v4&H1&+0&R&z2:1]1-[C&D2&v4&H2&+0&R&z1:2]-[S&D2&v2&H0&+0&R:3]-1.[N&D1&v3&H0&+0&!R:4]#[C&D2&v4&H0&+0&!R&z2:5]).[O&D1&v2&H1&+0&!R:6]>>([C&D1&v4&H2&+0&!R&z0:2]=[C&D2&v4&H1&+0&!R&z1:1].[C&D3&v4&H0&+0&!R&z3:5](-[S&D1&v2&H1&+0&!R:3])=[N&D2&v3&H0&+0&!R:4]-[O&D2&v2&H0&+0&!R:6]),641
2204,[N&D1&v3&H0&+0&!R:1]#[C&D2&v4&H0&+0&!R&z1:2].[O&D0&v2&H2&+0&!R:3].[O&D0&v2&H2&+0&!R:4]>>[C&D3&v4&H0&+0&!R&z2:2](=[O&D1&v2&H0&+0&!R:3])-[O&D1&v2&H1&+0&!R:4].[N&D0&v3&H3&+0&!R:1],484
2205,[C&D2&v4&H0&+0&!R&z1:1]-[C&D3&v4&H1&+0&!R&z1:2]-[O&D1&v2&H1&+0&!R:3]>>[C&D1&v4&H1&+0&!R&z1:1].[O&D1&v2&H0&+0&!R:3]=[C&D2&v4&H1&+0&!R&z1:2],1009
2206,[N&D1&v3&H0&+0&!R:1]#[C&D2&v4&H0&+0&!R&z1:2].[O&D0&v2&H2&+0&!R:3]>>[N&D1&v3&H2&+0&!R:1]-[C&D3&v4&H0&+0&!R&z2:2]=[O&D1&v2&H0&+0&!R:3],549
2207,[C&D2&v4&H0&+0&!R&z1:1]-[C&D2&v4&H2&+0&!R&z0:2].[S&D0&v2&H2&+0&!R:3]>>[C&D1&v4&H1&+0&!R&z1:1].[C&D2&v4&H2&+0&!R&z1:2]-[S&D1&v2&H1&+0&!R:3],787
2208,([C&D3&v4&H1&+0&R&z1:1]1-[C&D2&v4&H2&+0&R&z1:2]-[S&D2&v2&H0&+0&R:3]-1.[N&D1&v3&H0&+0&!R:4]#[C&D2&v4&H0&+0&!R&z1:5]).[O&D1&v2&H1&+0&!R:6]>>([C&D1&v4&H2&+0&!R&z0:2]=[C&D2&v4&H1&+0&!R&z0:1].[C&D3&v4&H0&+0&!R&z2:5](-[S&D1&v2&H1&+0&!R:3])=[N&D2&v3&H0&+0&!R:4]-[O&D2&v2&H0&+0&!R:6]),641
2209,[N&D1&v3&H0&+0&!R:1]#[C&D2&v4&H0&+0&!R&z1:2].[O&D0&v2&H2&+0&!R:3].[O&D0&v2&H2&+0&!R:4]>>[N&D0&v3&H3&+0&!R:1].[O&D1&v2&H0&+0&!R:3]=[C&D3&v4&H0&+0&!R&z2:2]-[O&D1&v2&H1&+0&!R:4],484
2210,[N&D1&v3&H0&+0&!R:1]#[C&D2&v4&H0&+0&!R&z1:2].[O&D0&v2&H2&+0&!R:3]>>[O&D1&v2&H1&+0&!R:3]-[N&D2&v3&H0&+0&!R:1]=[C&D2&v4&H1&+0&!R&z1:2],785
2211,[N&D1&v3&H0&+0&!R:1]#[C&D2&v4&H0&+0&!R&z2:2].[O&D0&v2&H2&+0&!R:3]>>[N&D1&v3&H2&+0&!R:1]-[C&D3&v4&H0&+0&!R&z3:2]=[O&D1&v2&H0&+0&!R:3],549
2212,[O&D1&v2&H1&+0&!R:1]-[O&D1&v2&H1&+0&!R:2].[S&D1&v2&H1&+0&!R:3]>>[O&D0&v2&H2&+0&!R:1].[S&D2&v2&H0&+0&!R:3]-[O&D1&v2&H1&+0&!R:2],621
2213,[O&D0&v2&H2&+0&!R:1].[S&D2&v2&H0&+0&!R:2]-[O&D1&v2&H1&+0&!R:3]>>[O&D1&v2&H1&+0&!R:1]-[O&D1&v2&H1&+0&!R:3].[S&D1&v2&H1&+0&!R:2],143
2214,[C&D3&v4&H0&+0&R&z0:1]1=[C&D2&v4&H1&+0&R&z1:2]-[N&D3&v3&H0&+0&R:3]-[C&D2&v4&H1&+0&R&z1:4]=[C&D2&v4&H1&+0&R&z0:5]-[C&D2&v4&H2&+0&R&z0:6]-1.[C&D3&v4&H0&+0&R&z0:7]1=[C&D2&v4&H1&+0&R&z1:8]-[N&D3&v3&H0&+0&R:9]-[C&D2&v4&H1&+0&R&z1:10]=[C&D2&v4&H1&+0&R&z0:11]-[C&D2&v4&H2&+0&R&z0:12]-1.[N&D1&v3&H0&+0&!R:13]#[C&D2&v4&H0&+0&!R&z1:14]>>[N&D1&v3&H2&+0&!R:13]-[C&D2&v4&H2&+0&!R&z1:14].[c&D3&v4&H0&+0&R&z0:7]1:[c&D2&v4&H1&+0&R&z0:12]:[c&D2&v4&H1&+0&R&z0:11]:[c&D2&v4&H1&+0&R&z1:10]:[n&D3&v4&H0&+&R:9]:[c&D2&v4&H1&+0&R&z1:8]:1.[c&D3&v4&H0&+0&R&z0:1]1:[c&D2&v4&H1&+0&R&z0:6]:[c&D2&v4&H1&+0&R&z0:5]:[c&D2&v4&H1&+0&R&z1:4]:[n&D3&v4&H0&+&R:3]:[c&D2&v4&H1&+0&R&z1:2]:1,846
2215,[C&D3&v4&H0&+0&!R&z2:1](=[O&D1&v2&H0&+0&!R:2])-[O&D1&v2&H1&+0&!R:3].[N&D0&v3&H3&+0&!R:4]>>[N&D1&v3&H0&+0&!R:4]#[C&D2&v4&H0&+0&!R&z1:1].[O&D0&v2&H2&+0&!R:2].[O&D0&v2&H2&+0&!R:3],79
2216,[C&D3&v4&H0&+0&!R&z1:1]=[O&D1&v2&H0&+0&!R:2].[C&D3&v4&H0&+0&!R&z1:3]=[O&D1&v2&H0&+0&!R:4].[N&D0&v3&H3&+0&!R:5].[N&D0&v3&H3&+0&!R:6]>>[N&D1&v3&H2&+0&!R:5]-[C&D3&v4&H1&+0&!R&z1:1].[N&D1&v3&H2&+0&!R:6]-[C&D3&v4&H1&+0&!R&z1:3].[O&D1&v2&H0&+0&!R:2]=[O&D1&v2&H0&+0&!R:4],158
2217,[C&D2&v4&H1&+0&!R&z1:1]=[O&D1&v2&H0&+0&!R:2].[C&D3&v4&H0&+0&R&z0:3]1=[C&D2&v4&H1&+0&R&z1:4]-[N&D3&v3&H0&+0&R:5]-[C&D2&v4&H1&+0&R&z1:6]=[C&D2&v4&H1&+0&R&z0:7]-[C&D2&v4&H2&+0&R&z0:8]-1.[N&D0&v3&H3&+0&!R:9]>>[N&D1&v3&H2&+0&!R:9]-[C&D2&v4&H2&+0&!R&z1:1].[O&D0&v2&H2&+0&!R:2].[c&D3&v4&H0&+0&R&z0:3]1:[c&D2&v4&H1&+0&R&z0:8]:[c&D2&v4&H1&+0&R&z0:7]:[c&D2&v4&H1&+0&R&z1:6]:[n&D3&v4&H0&+&R:5]:[c&D2&v4&H1&+0&R&z1:4]:1,520
2218,[C&D3&v4&H0&+0&R&z0:1]1=[C&D2&v4&H1&+0&R&z1:2]-[N&D3&v3&H0&+0&R:3]-[C&D2&v4&H1&+0&R&z1:4]=[C&D2&v4&H1&+0&R&z0:5]-[C&D2&v4&H2&+0&R&z0:6]-1.[N&D0&v3&H3&+0&!R:7].[O&D1&v2&H0&+0&!R:8]=[C&D3&v4&H0&+0&!R&z1:9]>>[N&D1&v3&H2&+0&!R:7]-[C&D3&v4&H1&+0&!R&z1:9].[O&D0&v2&H2&+0&!R:8].[c&D3&v4&H0&+0&R&z0:1]1:[c&D2&v4&H1&+0&R&z0:6]:[c&D2&v4&H1&+0&R&z0:5]:[c&D2&v4&H1&+0&R&z1:4]:[n&D3&v4&H0&+&R:3]:[c&D2&v4&H1&+0&R&z1:2]:1,520
2219,[C&D3&v4&H0&+0&!R&z1:1]=[O&D1&v2&H0&+0&!R:2].[C&D3&v4&H0&+0&R&z0:3]1=[C&D2&v4&H1&+0&R&z1:4]-[N&D3&v3&H0&+0&R:5]-[C&D2&v4&H1&+0&R&z1:6]=[C&D2&v4&H1&+0&R&z0:7]-[C&D2&v4&H2&+0&R&z0:8]-1.[N&D0&v3&H3&+0&!R:9]>>[N&D1&v3&H2&+0&!R:9]-[C&D3&v4&H1&+0&!R&z1:1].[O&D0&v2&H2&+0&!R:2].[c&D3&v4&H0&+0&R&z0:3]1:[c&D2&v4&H1&+0&R&z0:8]:[c&D2&v4&H1&+0&R&z0:7]:[c&D2&v4&H1&+0&R&z1:6]:[n&D3&v4&H0&+&R:5]:[c&D2&v4&H1&+0&R&z1:4]:1,520
2220,[C&D3&v4&H0&+0&R&z0:1]1=[C&D2&v4&H1&+0&R&z1:2]-[N&D3&v3&H0&+0&R:3]-[C&D2&v4&H1&+0&R&z1:4]=[C&D2&v4&H1&+0&R&z0:5]-[C&D2&v4&H2&+0&R&z0:6]-1.[N&D0&v3&H3&+0&!R:7].[O&D1&v2&H0&+0&!R:8]=[C&D3&v4&H0&+0&R&z1:9]>>[N&D1&v3&H2&+0&!R:7]-[C&D3&v4&H1&+0&R&z1:9].[O&D0&v2&H2&+0&!R:8].[c&D3&v4&H0&+0&R&z0:1]1:[c&D2&v4&H1&+0&R&z0:6]:[c&D2&v4&H1&+0&R&z0:5]:[c&D2&v4&H1&+0&R&z1:4]:[n&D3&v4&H0&+&R:3]:[c&D2&v4&H1&+0&R&z1:2]:1,520
2221,[C&D3&v4&H0&+0&R&z0:1]1=[C&D2&v4&H1&+0&R&z1:2]-[N&D3&v3&H0&+0&R:3]-[C&D2&v4&H1&+0&R&z1:4]=[C&D2&v4&H1&+0&R&z0:5]-[C&D2&v4&H2&+0&R&z0:6]-1.[N&D0&v3&H3&+0&!R:7].[O&D1&v2&H0&+0&!R:8]=[C&D2&v4&H1&+0&!R&z1:9]>>[N&D1&v3&H2&+0&!R:7]-[C&D2&v4&H2&+0&!R&z1:9].[O&D0&v2&H2&+0&!R:8].[c&D3&v4&H0&+0&R&z0:1]1:[c&D2&v4&H1&+0&R&z0:6]:[c&D2&v4&H1&+0&R&z0:5]:[c&D2&v4&H1&+0&R&z1:4]:[n&D3&v4&H0&+&R:3]:[c&D2&v4&H1&+0&R&z1:2]:1,520
2222,[C&D3&v4&H0&+0&!R&z3:1](=[O&D1&v2&H0&+0&!R:2])-[O&D1&v2&H1&+0&!R:3].[N&D0&v3&H3&+0&!R:4]>>[N&D1&v3&H2&+0&!R:4]-[C&D3&v4&H0&+0&!R&z3:1]=[O&D1&v2&H0&+0&!R:2].[O&D0&v2&H2&+0&!R:3],175
2223,[N&D0&v3&H3&+0&!R:1].[N&D1&v3&H2&+0&!R:2].[O&D1&v2&H0&+0&!R:3]=[C&D2&v4&H0&+0&!R&z2:4]=[O&D1&v2&H0&+0&!R:5]>>[N&D1&v3&H2&+0&!R:1]-[C&D3&v4&H0&+0&!R&z3:4](=[O&D1&v2&H0&+0&!R:5])-[N&D2&v3&H1&+0&!R:2].[O&D0&v2&H2&+0&!R:3],812
2224,[C&D3&v4&H1&+0&!R&z2:1]-[O&D1&v2&H1&+0&!R:2].[N&D0&v3&H3&+0&!R:3]>>[C&D3&v4&H1&+0&!R&z2:1]-[N&D1&v3&H2&+0&!R:3].[O&D0&v2&H2&+0&!R:2],175
2225,[N&D0&v3&H3&+0&!R:1].[N&D1&v3&H2&+0&!R:2]-[C&D3&v4&H0&+0&!R&z3:3]=[O&D1&v2&H0&+0&!R:4].[P&D4&v5&H0&+0&!R:5]-[O&D2&v2&H0&+0&!R:6]>>[N&D1&v3&H1&+0&!R:2]=[C&D3&v4&H0&+0&!R&z3:3]-[N&D1&v3&H2&+0&!R:1].[O&D1&v2&H1&+0&!R:6].[P&D4&v5&H0&+0&!R:5]-[O&D1&v2&H1&+0&!R:4],985
2226,[N&D0&v3&H3&+0&!R:1].[N&D1&v3&H2&+0&!R:2]-[C&D3&v4&H0&+0&!R&z3:3]=[O&D1&v2&H0&+0&!R:4]>>[N&D1&v3&H1&+0&!R:2]=[C&D3&v4&H0&+0&!R&z3:3]-[N&D1&v3&H2&+0&!R:1].[O&D0&v2&H2&+0&!R:4],937
2227,[C&D2&v4&H2&+0&!R&z2:1]-[O&D1&v2&H1&+0&!R:2].[N&D0&v3&H3&+0&!R:3]>>[N&D1&v3&H2&+0&!R:3]-[C&D2&v4&H2&+0&!R&z2:1].[O&D0&v2&H2&+0&!R:2],175
2228,[C&D3&v4&H0&+0&!R&z3:1]-[O&D1&v2&H1&+0&!R:2].[N&D0&v3&H3&+0&!R:3]>>[N&D1&v3&H2&+0&!R:3]-[C&D3&v4&H0&+0&!R&z3:1].[O&D0&v2&H2&+0&!R:2],175
2229,[C&D2&v4&H2&+0&!R&z0:1].[N&D0&v3&H3&+0&!R:2].[c&D3&v4&H0&+0&R&z0:3]1:[c&D2&v4&H1&+0&R&z0:4]:[c&D2&v4&H1&+0&R&z0:5]:[c&D2&v4&H1&+0&R&z1:6]:[n&D3&v4&H0&+&R:7]:[c&D2&v4&H1&+0&R&z1:8]:1>>[C&D3&v4&H0&+0&R&z0:3]1=[C&D2&v4&H1&+0&R&z1:8]-[N&D3&v3&H0&+0&R:7]-[C&D2&v4&H1&+0&R&z1:6]=[C&D2&v4&H1&+0&R&z0:5]-[C&D2&v4&H2&+0&R&z0:4]-1.[N&D1&v3&H2&+0&!R:2]-[C&D3&v4&H1&+0&!R&z1:1],917
2230,[N&D0&v3&H3&+0&!R:1].[O&D1&v2&H0&+0&!R:2]=[C&D2&v4&H0&+0&!R&z2:3].[O&D1&v2&H1&+0&!R:4]-[c&D3&v4&H0&+0&R&z1:5]:[c&D3&v4&H0&+0&R&z1:6]-[O&D1&v2&H1&+0&!R:7].[c&D3&v4&H0&+0&R&z0:8]1:[c&D2&v4&H1&+0&R&z0:9]:[c&D2&v4&H1&+0&R&z0:10]:[c&D2&v4&H1&+0&R&z1:11]:[n&D3&v4&H0&+&R:12]:[c&D2&v4&H1&+0&R&z1:13]:1>>[C&D3&v4&H0&+0&R&z0:8]1=[C&D2&v4&H1&+0&R&z1:13]-[N&D3&v3&H0&+0&R:12]-[C&D2&v4&H1&+0&R&z1:11]=[C&D2&v4&H1&+0&R&z0:10]-[C&D2&v4&H2&+0&R&z0:9]-1.[N&D1&v3&H2&+0&!R:1]-[c&D3&v4&H0&+0&R&z1:5]:[c&D3&v4&H0&+0&R&z0:6]-[C&D3&v4&H0&+0&!R&z2:3]-[O&D1&v2&H1&+0&!R:2].[O&D1&v2&H0&+0&!R:4]=[O&D1&v2&H0&+0&!R:7],212
2231,[N&D0&v3&H3&+0&!R:1].[c&D3&v4&H0&+0&R&z0:2]1:[c&D2&v4&H1&+0&R&z0:3]:[c&D2&v4&H1&+0&R&z0:4]:[c&D2&v4&H1&+0&R&z1:5]:[n&D3&v4&H0&+&R:6]:[c&D2&v4&H1&+0&R&z1:7]:1.[c&D3&v4&H0&+0&R&z1:8](-[O&D1&v2&H1&+0&!R:9]):[c&D3&v4&H0&+0&R&z1:10]-[O&D1&v2&H1&+0&!R:11]>>[C&D3&v4&H0&+0&R&z0:2]1=[C&D2&v4&H1&+0&R&z1:7]-[N&D3&v3&H0&+0&R:6]-[C&D2&v4&H1&+0&R&z1:5]=[C&D2&v4&H1&+0&R&z0:4]-[C&D2&v4&H2&+0&R&z0:3]-1.[N&D1&v3&H2&+0&!R:1]-[c&D3&v4&H0&+0&R&z1:10]:[c&D2&v4&H1&+0&R&z0:8].[O&D1&v2&H0&+0&!R:9]=[O&D1&v2&H0&+0&!R:11],233
2232,[N&D0&v3&H3&+0&!R:1].[O&D0&v2&H2&+0&!R:2].[c&D3&v4&H0&+0&R&z0:3]1:[c&D2&v4&H1&+0&R&z0:4]:[c&D2&v4&H1&+0&R&z0:5]:[c&D2&v4&H1&+0&R&z1:6]:[n&D3&v4&H0&+&R:7]:[c&D2&v4&H1&+0&R&z1:8]:1>>[C&D3&v4&H0&+0&R&z0:3]1=[C&D2&v4&H1&+0&R&z1:8]-[N&D3&v3&H0&+0&R:7]-[C&D2&v4&H1&+0&R&z1:6]=[C&D2&v4&H1&+0&R&z0:5]-[C&D2&v4&H2&+0&R&z0:4]-1.[N&D1&v3&H2&+0&!R:1]-[O&D1&v2&H1&+0&!R:2],814
2233,[N&D0&v3&H3&+0&!R:1].[c&D2&v4&H1&+0&R&z2:2].[c&D3&v4&H0&+0&R&z0:3]1:[c&D2&v4&H1&+0&R&z0:4]:[c&D2&v4&H1&+0&R&z0:5]:[c&D2&v4&H1&+0&R&z1:6]:[n&D3&v4&H0&+&R:7]:[c&D2&v4&H1&+0&R&z1:8]:1>>[C&D3&v4&H0&+0&R&z0:3]1=[C&D2&v4&H1&+0&R&z1:8]-[N&D3&v3&H0&+0&R:7]-[C&D2&v4&H1&+0&R&z1:6]=[C&D2&v4&H1&+0&R&z0:5]-[C&D2&v4&H2&+0&R&z0:4]-1.[N&D1&v3&H2&+0&!R:1]-[c&D3&v4&H0&+0&R&z3:2],917
2234,[C&D3&v4&H0&+0&!R&z2:1](=[O&D1&v2&H0&+0&!R:2])-[N&D2&v3&H1&+0&!R:3].[N&D0&v3&H3&+0&!R:4]>>[N&D1&v3&H2&+0&!R:3].[N&D1&v3&H2&+0&!R:4]-[C&D3&v4&H0&+0&!R&z2:1]=[O&D1&v2&H0&+0&!R:2],316
2235,[C&D3&v4&H0&+0&!R&z2:1](=[O&D1&v2&H0&+0&!R:2])-[O&D1&v2&H1&+0&!R:3].[N&D0&v3&H3&+0&!R:4].[P&D4&v5&H0&+0&!R:5]-[O&D2&v2&H0&+0&!R:6]-[P&D4&v5&H0&+0&!R:7]>>[N&D1&v3&H2&+0&!R:4]-[C&D3&v4&H0&+0&!R&z2:1]=[O&D1&v2&H0&+0&!R:2].[P&D4&v5&H0&+0&!R:7]-[O&D1&v2&H1&+0&!R:6].[P&D4&v5&H0&+0&!R:5]-[O&D1&v2&H1&+0&!R:3],471
2236,[C&D3&v4&H0&+0&!R&z2:1](=[O&D1&v2&H0&+0&!R:2])-[O&D1&v2&H1&+0&!R:3].[N&D0&v3&H3&+0&!R:4].[P&D4&v5&H0&+0&!R:5]-[O&D2&v2&H0&+0&!R:6]>>[N&D1&v3&H2&+0&!R:4]-[C&D3&v4&H0&+0&!R&z2:1]=[O&D1&v2&H0&+0&!R:2].[O&D1&v2&H1&+0&!R:6].[P&D4&v5&H0&+0&!R:5]-[O&D1&v2&H1&+0&!R:3],471
2237,[C&D3&v4&H0&+0&!R&z2:1](=[O&D1&v2&H0&+0&!R:2])-[O&D1&v2&H1&+0&!R:3].[N&D0&v3&H3&+0&!R:4]>>[N&D1&v3&H2&+0&!R:4]-[C&D3&v4&H0&+0&!R&z2:1]=[O&D1&v2&H0&+0&!R:2].[O&D0&v2&H2&+0&!R:3],175
2238,[C&D2&v4&H1&+0&!R&z1:1]=[O&D1&v2&H0&+0&!R:2].[N&D0&v3&H3&+0&!R:3].[O&D1&v2&H1&+0&!R:4]-[O&D1&v2&H1&+0&!R:5]>>[N&D1&v3&H2&+0&!R:3]-[C&D2&v4&H2&+0&!R&z1:1].[O&D0&v2&H2&+0&!R:2].[O&D1&v2&H0&+0&!R:4]=[O&D1&v2&H0&+0&!R:5],294
2239,[C&D3&v4&H0&+0&!R&z2:1]-[O&D1&v2&H1&+0&!R:2].[N&D0&v3&H3&+0&!R:3].[P&D4&v5&H0&+0&!R:4]-[O&D2&v2&H0&+0&!R:5]>>[N&D1&v3&H2&+0&!R:3]-[C&D3&v4&H0&+0&!R&z2:1].[O&D1&v2&H1&+0&!R:5].[P&D4&v5&H0&+0&!R:4]-[O&D1&v2&H1&+0&!R:2],471
2240,[C&D2&v4&H2&+0&!R&z0:1]-[C&D2&v4&H1&+0&!R&z1:2]=[O&D1&v2&H0&+0&!R:3].[N&D0&v3&H3&+0&!R:4].[O&D1&v2&H1&+0&!R:5]>>[N&D1&v3&H2&+0&!R:4]-[C&D2&v4&H2&+0&!R&z1:2]-[C&D3&v4&H1&+0&!R&z1:1]-[O&D2&v2&H0&+0&!R:5].[O&D0&v2&H2&+0&!R:3],779
2241,[N&D0&v3&H3&+0&!R:1].[c&D3&v4&H0&+0&R&z2:2]-[O&D1&v2&H1&+0&!R:3]>>[N&D1&v3&H2&+0&!R:1]-[c&D3&v4&H0&+0&R&z2:2].[O&D0&v2&H2&+0&!R:3],175
2242,[C&D3&v4&H0&+0&!R&z1:1]=[O&D1&v2&H0&+0&!R:2].[N&D0&v3&H3&+0&!R:3].[O&D1&v2&H1&+0&!R:4]-[O&D1&v2&H1&+0&!R:5]>>[N&D1&v3&H2&+0&!R:3]-[C&D3&v4&H1&+0&!R&z1:1].[O&D0&v2&H2&+0&!R:2].[O&D1&v2&H0&+0&!R:4]=[O&D1&v2&H0&+0&!R:5],294
2243,[N&D0&v3&H3&+0&!R:1].[N&D1&v3&H2&+0&!R:2].[O&D1&v2&H0&+0&!R:3]=[C&D2&v4&H1&+0&!R&z1:4]>>[N&D2&v3&H1&+0&!R:2]-[C&D3&v4&H1&+0&!R&z2:4]-[N&D1&v3&H2&+0&!R:1].[O&D0&v2&H2&+0&!R:3],812
2244,[N&D0&v3&H3&+0&!R:1].[N&D1&v3&H2&+0&!R:2].[O&D1&v2&H0&+0&!R:3]=[C&D2&v4&H0&+0&!R&z2:4]>>[N&D1&v3&H2&+0&!R:1]-[C&D3&v4&H0&+0&!R&z3:4]-[N&D2&v3&H1&+0&!R:2].[O&D0&v2&H2&+0&!R:3],812
2245,[C&D3&v4&H0&+0&!R&z2:1]-[O&D1&v2&H1&+0&!R:2].[C&D3&v4&H0&+0&R&z1:3]=[O&D1&v2&H0&+0&!R:4].[N&D0&v3&H3&+0&!R:5].[O&D1&v2&H0&+0&!R:6]=[C&D2&v4&H0&+0&!R&z2:7]>>[C&D3&v4&H0&+0&!R&z1:1]-[C&D3&v4&H0&+0&!R&z2:7]-[O&D1&v2&H1&+0&!R:6].[C&D3&v4&H1&+0&R&z1:3]-[N&D1&v3&H2&+0&!R:5].[O&D1&v2&H0&+0&!R:2]=[O&D1&v2&H0&+0&!R:4],880
2246,[C&D3&v4&H0&+0&!R&z3:1](-[N&D1&v3&H2&+0&!R:2])=[O&D1&v2&H0&+0&!R:3].[N&D0&v3&H3&+0&!R:4]>>[N&D1&v3&H1&+0&!R:2]=[C&D3&v4&H0&+0&!R&z3:1]-[N&D1&v3&H2&+0&!R:4].[O&D0&v2&H2&+0&!R:3],937
2247,[C&D2&v4&H2&+0&!R&z1:1]-[N&D2&v3&H1&+0&!R:2].[N&D0&v3&H3&+0&!R:3]>>[N&D1&v3&H2&+0&!R:2].[N&D1&v3&H2&+0&!R:3]-[C&D2&v4&H2&+0&!R&z1:1],316
2248,[N&D0&v3&H3&+0&!R:1].[c&D3&v4&H0&+0&R&z3:2]-[O&D1&v2&H1&+0&!R:3]>>[N&D1&v3&H2&+0&!R:1]-[c&D3&v4&H0&+0&R&z3:2].[O&D0&v2&H2&+0&!R:3],175
2249,[N&D0&v3&H3&+0&!R:1].[P&D4&v5&H0&+0&!R:2]-[O&D1&v2&H1&+0&!R:3]>>[O&D0&v2&H2&+0&!R:3].[P&D4&v5&H0&+0&!R:2]-[N&D1&v3&H2&+0&!R:1],993
2250,[C&D3&v4&H0&+0&!R&z2:1]-[O&D1&v2&H1&+0&!R:2].[N&D0&v3&H3&+0&!R:3].[P&D4&v5&H0&+0&!R:4]-[O&D2&v2&H0&+0&!R:5]-[P&D4&v5&H0&+0&!R:6]>>[N&D1&v3&H2&+0&!R:3]-[C&D3&v4&H0&+0&!R&z2:1].[P&D4&v5&H0&+0&!R:6]-[O&D1&v2&H1&+0&!R:5].[P&D4&v5&H0&+0&!R:4]-[O&D1&v2&H1&+0&!R:2],471
2251,[C&D3&v4&H1&+0&R&z2:1]-[O&D1&v2&H1&+0&!R:2].[N&D0&v3&H3&+0&!R:3].[P&D4&v5&H0&+0&!R:4]-[O&D2&v2&H0&+0&!R:5]>>[N&D1&v3&H2&+0&!R:3]-[C&D3&v4&H1&+0&R&z2:1].[O&D1&v2&H1&+0&!R:5].[P&D4&v5&H0&+0&!R:4]-[O&D1&v2&H1&+0&!R:2],471
2252,[N&D0&v3&H3&+0&!R:1].[P&D4&v5&H0&+0&!R:2]-[O&D2&v2&H0&+0&!R:3]-[P&D4&v5&H0&+0&!R:4]>>[N&D1&v3&H2&+0&!R:1]-[P&D4&v5&H0&+0&!R:4].[P&D4&v5&H0&+0&!R:2]-[O&D1&v2&H1&+0&!R:3],993
2253,[N&D0&v3&H3&+0&!R:1].[P&D4&v5&H0&+0&!R:2]-[O&D2&v2&H0&+0&!R:3]>>[O&D1&v2&H1&+0&!R:3].[P&D4&v5&H0&+0&!R:2]-[N&D1&v3&H2&+0&!R:1],993
2254,[C&D3&v4&H0&+0&!R&z1:1]=[O&D1&v2&H0&+0&!R:2].[N&D0&v3&H3&+0&!R:3]>>[N&D1&v3&H1&+0&!R:3]=[C&D3&v4&H0&+0&!R&z1:1].[O&D0&v2&H2&+0&!R:2],293
2255,[C&D3&v4&H0&+0&!R&z1:1](=[O&D1&v2&H0&+0&!R:2])-[C&D2&v4&H2&+0&!R&z0:3].[N&D0&v3&H3&+0&!R:4]>>[N&D1&v3&H2&+0&!R:4]-[C&D3&v4&H1&+0&!R&z1:1]-[C&D3&v4&H1&+0&!R&z1:3]-[O&D1&v2&H1&+0&!R:2],331
2256,[N&D0&v3&H3&+0&!R:1].[O&D1&v2&H0&+0&!R:2]=[C&D3&v4&H0&+0&!R&z2:3]-[O&D1&v2&H1&+0&!R:4]>>[N&D1&v3&H2&+0&!R:1]-[C&D3&v4&H0&+0&!R&z2:3]=[O&D1&v2&H0&+0&!R:2].[O&D0&v2&H2&+0&!R:4],175
2257,[C&D2&v4&H1&+0&!R&z0:1]=[C&D2&v4&H1&+0&!R&z0:2].[N&D0&v3&H3&+0&!R:3]>>[N&D1&v3&H2&+0&!R:3]-[C&D3&v4&H1&+0&!R&z1:2]-[C&D2&v4&H2&+0&!R&z0:1],875
2258,[C&D3&v4&H0&+0&!R&z1:1]-[O&D1&v2&H1&+0&!R:2].[N&D0&v3&H3&+0&!R:3]>>[N&D1&v3&H2&+0&!R:3]-[C&D3&v4&H0&+0&!R&z1:1].[O&D0&v2&H2&+0&!R:2],175
2259,[C&D2&v4&H1&+0&!R&z0:1]=[C&D2&v4&H1&+0&!R&z0:2].[N&D0&v3&H3&+0&!R:3]>>[N&D1&v3&H2&+0&!R:3]-[C&D3&v4&H1&+0&!R&z1:1]-[C&D2&v4&H2&+0&!R&z0:2],875
2260,[C&D2&v4&H2&+0&!R&z0:1]-[C&D3&v4&H0&+0&!R&z1:2]=[O&D1&v2&H0&+0&!R:3].[N&D0&v3&H3&+0&!R:4]>>[N&D1&v3&H2&+0&!R:4]-[C&D3&v4&H1&+0&!R&z1:2]-[C&D3&v4&H1&+0&!R&z1:1]-[O&D1&v2&H1&+0&!R:3],331
2261,[C&D2&v4&H2&+0&!R&z0:1]-[C&D2&v4&H1&+0&!R&z0:2]=[C&D2&v4&H1&+0&!R&z0:3]-[C&D3&v4&H0&+0&!R&z1:4]=[O&D1&v2&H0&+0&!R:5].[N&D0&v3&H3&+0&!R:6]>>[N&D1&v3&H2&+0&!R:6]-[C&D3&v4&H0&+0&!R&z1:4]=[C&D2&v4&H1&+0&!R&z0:3]-[C&D2&v4&H1&+0&!R&z0:2]=[C&D2&v4&H1&+0&!R&z0:1].[O&D0&v2&H2&+0&!R:5],572
2262,[N&D0&v3&H3&+0&!R:1].[O&D1&v2&H0&+0&!R:2]=[C&D3&v4&H0&+0&!R&z2:3]-[O&D1&v2&H1&+0&!R:4]>>[N&D1&v3&H0&+0&!R:1]#[C&D2&v4&H0&+0&!R&z1:3].[O&D0&v2&H2&+0&!R:2].[O&D0&v2&H2&+0&!R:4],79
2263,[N&D0&v3&H3&+0&!R:1].[O&D1&v2&H0&+0&!R:2]=[C&D3&v4&H0&+0&!R&z3:3]-[O&D1&v2&H1&+0&!R:4]>>[N&D1&v3&H2&+0&!R:1]-[C&D3&v4&H0&+0&!R&z3:3]=[O&D1&v2&H0&+0&!R:2].[O&D0&v2&H2&+0&!R:4],175
2264,[C&D3&v4&H0&+0&!R&z3:1]-[O&D2&v2&H0&+0&!R:2].[N&D0&v3&H3&+0&!R:3]>>[N&D1&v3&H2&+0&!R:3]-[C&D3&v4&H0&+0&!R&z3:1].[O&D1&v2&H1&+0&!R:2],175
2265,[N&D0&v3&H3&+0&!R:1].[c&D3&v4&H0&+0&R&z1:2]1:[n&D2&v3&H1&+0&R:3]:[c&D3&v4&H0&+0&R&z1:4]:[c&D3&v4&H0&+0&R&z0:5]:[c&D3&v4&H0&+0&R&z0:6]:1>>[N&D1&v3&H1&+0&!R:3]=[C&D3&v4&H0&+0&!R&z1:2]-[C&D3&v4&H1&+0&!R&z0:6]-[C&D3&v4&H1&+0&!R&z0:5]-[C&D3&v4&H0&+0&!R&z1:4]=[N&D1&v3&H1&+0&!R:1],561
2266,[N&D0&v3&H3&+0&!R:1].[c&D3&v4&H0&+0&R&z1:2]-[O&D1&v2&H1&+0&!R:3]>>[N&D1&v3&H2&+0&!R:1]-[c&D3&v4&H0&+0&R&z1:2].[O&D0&v2&H2&+0&!R:3],175
2267,[N&D0&v3&H3&+0&!R:1].[O&D1&v2&H0&+0&!R:2]=[C&D3&v4&H0&+0&R&z1:3].[O&D1&v2&H1&+0&!R:4]-[O&D1&v2&H1&+0&!R:5]>>[N&D1&v3&H2&+0&!R:1]-[C&D3&v4&H1&+0&R&z1:3].[O&D0&v2&H2&+0&!R:2].[O&D1&v2&H0&+0&!R:4]=[O&D1&v2&H0&+0&!R:5],294
2268,[N&D0&v3&H3&+0&!R:1].[O&D1&v2&H0&+0&!R:2]=[C&D2&v4&H0&+0&!R&z2:3].[O&D1&v2&H0&+0&!R:4]=[C&D2&v4&H1&+0&!R&z1:5].[O&D1&v2&H1&+0&!R:6]-[O&D1&v2&H1&+0&!R:7]>>[N&D1&v3&H2&+0&!R:1]-[C&D3&v4&H1&+0&!R&z1:5]-[C&D3&v4&H0&+0&!R&z2:3]-[O&D1&v2&H1&+0&!R:2].[O&D0&v2&H2&+0&!R:4].[O&D1&v2&H0&+0&!R:6]=[O&D1&v2&H0&+0&!R:7],692
2269,[N&D0&v3&H3&+0&!R:1].[O&D1&v2&H0&+0&!R:2]=[C&D2&v4&H0&+0&!R&z2:3]>>[N&D1&v3&H2&+0&!R:1]-[C&D3&v4&H0&+0&!R&z3:3]-[O&D1&v2&H1&+0&!R:2],835
2270,[N&D0&v3&H3&+0&!R:1].[O&D1&v2&H0&+0&!R:2]=[C&D2&v4&H1&+0&!R&z1:3].[O&D1&v2&H1&+0&!R:4]-[O&D1&v2&H1&+0&!R:5]>>[N&D1&v3&H2&+0&!R:1]-[C&D2&v4&H2&+0&!R&z1:3].[O&D0&v2&H2&+0&!R:2].[O&D1&v2&H0&+0&!R:4]=[O&D1&v2&H0&+0&!R:5],294
2271,[N&D0&v3&H3&+0&!R:1].[O&D1&v2&H0&+0&!R:2]=[C&D2&v4&H1&+0&!R&z1:3]>>[N&D1&v3&H1&+0&!R:1]=[C&D2&v4&H1&+0&!R&z1:3].[O&D0&v2&H2&+0&!R:2],293
2272,[N&D0&v3&H3&+0&!R:1].[O&D1&v2&H0&+0&!R:2]=[C&D2&v4&H1&+0&!R&z1:3]-[C&D2&v4&H2&+0&!R&z0:4]>>[N&D1&v3&H2&+0&!R:1]-[C&D2&v4&H1&+0&!R&z1:3]=[C&D2&v4&H1&+0&!R&z0:4].[O&D0&v2&H2&+0&!R:2],94
2273,[N&D0&v3&H3&+0&!R:1].[O&D1&v2&H0&+0&!R:2]=[C&D2&v4&H1&+0&!R&z1:3]-[C&D2&v4&H2&+0&!R&z1:4]>>[N&D1&v3&H2&+0&!R:1]-[C&D2&v4&H2&+0&!R&z1:3]-[C&D3&v4&H1&+0&!R&z2:4]-[O&D1&v2&H1&+0&!R:2],331
2274,[N&D0&v3&H3&+0&!R:1].[O&D1&v2&H0&+0&!R:2]=[C&D2&v4&H1&+0&!R&z1:3]-[C&D2&v4&H2&+0&!R&z0:4]>>[N&D1&v3&H2&+0&!R:1]-[C&D2&v4&H2&+0&!R&z1:3]-[C&D3&v4&H1&+0&!R&z1:4]-[O&D1&v2&H1&+0&!R:2],331
2275,[N&D0&v3&H3&+0&!R:1].[O&D1&v2&H0&+0&!R:2]=[C&D2&v4&H1&+0&!R&z2:3]>>[N&D1&v3&H1&+0&!R:1]=[C&D2&v4&H1&+0&!R&z2:3].[O&D0&v2&H2&+0&!R:2],293
2276,[C&D2&v4&H1&+0&!R&z2:1]-[O&D1&v2&H1&+0&!R:2].[N&D0&v3&H3&+0&!R:3]>>[N&D1&v3&H2&+0&!R:3]-[C&D2&v4&H1&+0&!R&z2:1].[O&D0&v2&H2&+0&!R:2],175
2277,[N&D0&v3&H3&+0&!R:1].[O&D2&v2&H0&+0&R:2]-[C&D4&v4&H0&+0&R&z2:3](-[O&D1&v2&H1&+0&!R:4])-[C&D2&v4&H2&+0&!R&z1:5]>>[N&D1&v3&H2&+0&!R:1]-[C&D3&v4&H1&+0&R&z1:3]-[C&D3&v4&H1&+0&R&z2:5]-[O&D2&v2&H0&+0&R:2].[O&D0&v2&H2&+0&!R:4],1017
2278,[N&D0&v3&H3&+0&!R:1].[O&D1&v2&H1&+0&!R:2]-[c&D3&v4&H0&+0&R&z3:3]>>[N&D1&v3&H2&+0&!R:1]-[c&D3&v4&H0&+0&R&z3:3].[O&D0&v2&H2&+0&!R:2],175
2279,[C&D3&v4&H0&+0&R&z0:1]1=[C&D2&v4&H1&+0&R&z1:2]-[N&D3&v3&H0&+0&R:3]-[C&D2&v4&H1&+0&R&z1:4]=[C&D2&v4&H1&+0&R&z0:5]-[C&D2&v4&H2&+0&R&z0:6]-1.[N&D1&v3&H1&+0&!R:7]=[C&D3&v4&H0&+0&!R&z1:8]>>[N&D1&v3&H2&+0&!R:7]-[C&D3&v4&H1&+0&!R&z1:8].[c&D3&v4&H0&+0&R&z0:1]1:[c&D2&v4&H1&+0&R&z0:6]:[c&D2&v4&H1&+0&R&z0:5]:[c&D2&v4&H1&+0&R&z1:4]:[n&D3&v4&H0&+&R:3]:[c&D2&v4&H1&+0&R&z1:2]:1,688
2280,[N&D1&v3&H1&+0&!R:1]=[C&D3&v4&H0&+0&!R&z1:2].[O&D0&v2&H2&+0&!R:3]>>[C&D3&v4&H0&+0&!R&z1:2]=[O&D1&v2&H0&+0&!R:3].[N&D0&v3&H3&+0&!R:1],195
2281,[N&D1&v3&H1&+0&!R:1]=[C&D3&v4&H0&+0&!R&z1:2]-[C&D2&v4&H2&+0&!R&z0:3].[O&D0&v2&H2&+0&!R:4]>>[N&D1&v3&H2&+0&!R:1]-[C&D3&v4&H1&+0&!R&z1:2]-[C&D3&v4&H1&+0&!R&z1:3]-[O&D1&v2&H1&+0&!R:4],71
2282,[N&D1&v3&H1&+0&!R:1]=[C&D3&v4&H0&+0&!R&z1:2].[O&D1&v2&H1&+0&!R:3]-[O&D1&v2&H1&+0&!R:4]>>[N&D1&v3&H2&+0&!R:1]-[C&D3&v4&H1&+0&!R&z1:2].[O&D1&v2&H0&+0&!R:3]=[O&D1&v2&H0&+0&!R:4],680
2283,[N&D1&v3&H1&+0&!R:1]=[C&D3&v4&H0&+0&!R&z1:2]-[C&D2&v4&H2&+0&!R&z0:3]>>[N&D1&v3&H2&+0&!R:1]-[C&D3&v4&H0&+0&!R&z1:2]=[C&D2&v4&H1&+0&!R&z0:3],376
2284,[C&D2&v4&H1&+0&!R&z1:1]=[O&D1&v2&H0&+0&!R:2].[C&D3&v4&H0&+0&!R&z2:3]-[O&D1&v2&H1&+0&!R:4].[N&D1&v3&H2&+0&!R:5].[O&D1&v2&H0&+0&!R:6]=[C&D2&v4&H0&+0&!R&z2:7]>>[C&D3&v4&H0&+0&!R&z1:3]-[C&D3&v4&H0&+0&!R&z2:7]-[O&D1&v2&H1&+0&!R:6].[N&D2&v3&H1&+0&!R:5]-[C&D2&v4&H2&+0&!R&z1:1].[O&D1&v2&H0&+0&!R:4]=[O&D1&v2&H0&+0&!R:2],880
2285,[N&D1&v3&H1&+0&!R:1]=[C&D3&v4&H0&+0&!R&z3:2]-[N&D1&v3&H2&+0&!R:3].[O&D0&v2&H2&+0&!R:4]>>[N&D0&v3&H3&+0&!R:3].[N&D1&v3&H2&+0&!R:1]-[C&D3&v4&H0&+0&!R&z3:2]=[O&D1&v2&H0&+0&!R:4],462
2286,[N&D1&v3&H1&+0&!R:1]=[C&D3&v4&H0&+0&!R&z3:2]-[N&D2&v3&H1&+0&!R:3].[O&D0&v2&H2&+0&!R:4]>>[N&D1&v3&H2&+0&!R:3].[N&D1&v3&H2&+0&!R:1]-[C&D3&v4&H0&+0&!R&z3:2]=[O&D1&v2&H0&+0&!R:4],462
2287,[N&D1&v3&H1&+0&!R:1]=[C&D3&v4&H0&+0&!R&z3:2]-[N&D2&v3&H1&+0&!R:3].[N&D1&v3&H2&+0&!R:4]>>[N&D1&v3&H1&+0&!R:1]=[C&D3&v4&H0&+0&!R&z3:2]-[N&D2&v3&H1&+0&!R:4].[N&D1&v3&H2&+0&!R:3],316
2288,([C&D3&v4&H1&+0&!R&z1:1]-[O&D1&v2&H1&+0&!R:2].[N&D1&v3&H2&+0&!R:3])>>[C&D3&v4&H1&+0&R&z1:1]-[N&D2&v3&H1&+0&R:3].[O&D0&v2&H2&+0&!R:2],464
2289,[N&D3&v3&H0&+0&R:1]-[C&D3&v4&H0&+0&R&z2:2].[O&D1&v2&H1&+0&!R:3].[P&D4&v5&H0&+0&!R:4]-[O&D1&v2&H1&+0&!R:5]>>([C&D3&v4&H0&+0&!R&z2:2]-[O&D1&v2&H1&+0&!R:5].[N&D2&v3&H1&+0&!R:1]).[O&D2&v2&H0&+0&!R:3]-[P&D4&v5&H0&+0&!R:4],97
2290,[C&D3&v4&H0&+0&!R&z2:1](-[N&D1&v3&H2&+0&!R:2])=[O&D1&v2&H0&+0&!R:3].[O&D0&v2&H2&+0&!R:4].[O&D1&v2&H0&+0&!R:5]=[C&D2&v4&H0&+0&!R&z2:6]>>[C&D3&v4&H1&+0&!R&z1:1](-[N&D1&v3&H2&+0&!R:2])-[C&D3&v4&H0&+0&!R&z2:6]-[O&D1&v2&H1&+0&!R:5].[O&D1&v2&H0&+0&!R:3]=[O&D1&v2&H0&+0&!R:4],815
2291,[N&D1&v3&H1&+0&!R:1]=[C&D3&v4&H0&+0&!R&z3:2]-[N&D1&v3&H2&+0&!R:3].[O&D1&v2&H1&+0&!R:4].[P&D4&v5&H0&+0&!R:5]-[O&D1&v2&H1&+0&!R:6]>>[N&D0&v3&H3&+0&!R:3].[N&D1&v3&H2&+0&!R:1]-[C&D3&v4&H0&+0&!R&z3:2]=[O&D1&v2&H0&+0&!R:6].[O&D2&v2&H0&+0&!R:4]-[P&D4&v5&H0&+0&!R:5],244
2292,[C&D3&v4&H0&+0&!R&z1:1]-[C&D3&v4&H0&+0&!R&z2:2]-[O&D1&v2&H1&+0&!R:3].[N&D2&v3&H1&+0&!R:4]-[C&D2&v4&H2&+0&!R&z1:5].[O&D1&v2&H0&+0&!R:6]=[O&D1&v2&H0&+0&!R:7]>>[C&D2&v4&H1&+0&!R&z1:5]=[O&D1&v2&H0&+0&!R:7].[C&D3&v4&H0&+0&!R&z2:1]-[O&D1&v2&H1&+0&!R:6].[N&D1&v3&H2&+0&!R:4].[O&D1&v2&H0&+0&!R:3]=[C&D2&v4&H0&+0&!R&z2:2],651
2293,[C&D2&v4&H1&+0&!R&z1:1]-[C&D3&v4&H1&+0&!R&z1:2](-[O&D1&v2&H1&+0&!R:3])-[C&D2&v4&H2&+0&!R&z1:4]-[O&D2&v2&H0&+0&!R:5].[N&D1&v3&H2&+0&!R:6]>>[N&D2&v3&H1&+0&!R:6]-[C&D2&v4&H2&+0&!R&z1:4]-[C&D2&v4&H2&+0&!R&z0:2]-[C&D3&v4&H0&+0&!R&z2:1]-[O&D1&v2&H1&+0&!R:3].[O&D1&v2&H1&+0&!R:5],102
2294,[C&D3&v4&H1&+0&!R&z1:1]-[C&D3&v4&H0&+0&!R&z2:2]-[O&D1&v2&H1&+0&!R:3].[O&D1&v2&H0&+0&!R:4]=[O&D1&v2&H0&+0&!R:5]>>[C&D3&v4&H0&+0&!R&z2:1]=[O&D1&v2&H0&+0&!R:4].[O&D0&v2&H2&+0&!R:5].[O&D1&v2&H0&+0&!R:3]=[C&D2&v4&H0&+0&!R&z2:2],973
2295,([C&D3&v4&H0&+0&!R&z2:1]-[O&D1&v2&H1&+0&!R:2].[N&D2&v3&H1&+0&!R:3]).[P&D4&v5&H0&+0&!R:4]-[O&D2&v2&H0&+0&!R:5]-[P&D4&v5&H0&+0&!R:6]>>[N&D3&v3&H0&+0&R:3]-[C&D3&v4&H0&+0&R&z2:1].[P&D4&v5&H0&+0&!R:6]-[O&D1&v2&H1&+0&!R:5].[P&D4&v5&H0&+0&!R:4]-[O&D1&v2&H1&+0&!R:2],10
2296,[N&D2&v3&H1&+0&!R:1]-[C&D2&v4&H2&+0&!R&z1:2]-[C&D2&v4&H2&+0&!R&z0:3]-[C&D3&v4&H0&+0&!R&z2:4]-[O&D1&v2&H1&+0&!R:5].[O&D1&v2&H1&+0&!R:6]>>[C&D2&v4&H1&+0&!R&z1:4]-[C&D3&v4&H1&+0&!R&z1:3](-[O&D1&v2&H1&+0&!R:5])-[C&D2&v4&H2&+0&!R&z1:2]-[O&D2&v2&H0&+0&!R:6].[N&D1&v3&H2&+0&!R:1],191
2297,[N&D1&v3&H2&+0&!R:1].[N&D1&v3&H2&+0&!R:2]-[C&D3&v4&H0&+0&!R&z3:3]=[O&D1&v2&H0&+0&!R:4]>>[N&D1&v3&H1&+0&!R:2]=[C&D3&v4&H0&+0&!R&z3:3]-[N&D2&v3&H1&+0&!R:1].[O&D0&v2&H2&+0&!R:4],937
2298,[N&D1&v3&H1&+0&!R:1]=[C&D3&v4&H0&+0&!R&z3:2]-[N&D1&v3&H2&+0&!R:3].[O&D0&v2&H2&+0&!R:4]>>[C&D3&v4&H0&+0&!R&z3:2](-[N&D1&v3&H2&+0&!R:1])=[O&D1&v2&H0&+0&!R:4].[N&D0&v3&H3&+0&!R:3],462
2299,[N&D2&v3&H1&+0&!R:1]-[P&D4&v5&H0&+0&!R:2].[P&D4&v5&H0&+0&!R:3]-[O&D1&v2&H1&+0&!R:4]>>[N&D1&v3&H2&+0&!R:1].[P&D4&v5&H0&+0&!R:3]-[O&D2&v2&H0&+0&!R:4]-[P&D4&v5&H0&+0&!R:2],543
2300,[N&D1&v3&H1&+0&!R:1]=[C&D3&v4&H0&+0&!R&z3:2]-[N&D2&v3&H1&+0&!R:3].[O&D1&v2&H1&+0&!R:4].[P&D4&v5&H0&+0&!R:5]-[O&D1&v2&H1&+0&!R:6]>>[N&D1&v3&H2&+0&!R:3].[N&D1&v3&H2&+0&!R:1]-[C&D3&v4&H0&+0&!R&z3:2]=[O&D1&v2&H0&+0&!R:6].[O&D2&v2&H0&+0&!R:4]-[P&D4&v5&H0&+0&!R:5],244
2301,[C&D3&v4&H1&+0&R&z1:1]-[N&D2&v3&H1&+0&R:2].[O&D0&v2&H2&+0&!R:3]>>([C&D3&v4&H1&+0&!R&z1:1]-[O&D1&v2&H1&+0&!R:3].[N&D1&v3&H2&+0&!R:2]),496
2302,[N&D1&v3&H1&+0&!R:1]=[C&D2&v4&H1&+0&!R&z1:2].[O&D0&v2&H2&+0&!R:3]>>[N&D0&v3&H3&+0&!R:1].[O&D1&v2&H0&+0&!R:3]=[C&D2&v4&H1&+0&!R&z1:2],195
2303,[N&D1&v3&H1&+0&!R:1]=[C&D2&v4&H1&+0&!R&z1:2].[O&D1&v2&H1&+0&!R:3]-[O&D1&v2&H1&+0&!R:4]>>[N&D1&v3&H2&+0&!R:1]-[C&D2&v4&H2&+0&!R&z1:2].[O&D1&v2&H0&+0&!R:3]=[O&D1&v2&H0&+0&!R:4],680
2304,[N&D1&v3&H1&+0&!R:1]=[C&D2&v4&H1&+0&!R&z2:2]-[N&D3&v3&H0&+0&R:3].[N&D1&v3&H2&+0&!R:4]>>[N&D1&v3&H1&+0&!R:1]=[C&D2&v4&H1&+0&!R&z2:2]-[N&D2&v3&H1&+0&!R:4].[N&D2&v3&H1&+0&R:3],316
2305,[N&D1&v3&H1&+0&!R:1]=[C&D2&v4&H1&+0&!R&z2:2].[O&D0&v2&H2&+0&!R:3]>>[N&D0&v3&H3&+0&!R:1].[O&D1&v2&H0&+0&!R:3]=[C&D2&v4&H1&+0&!R&z2:2],195
2306,[N&D1&v3&H1&+0&!R:1]=[C&D2&v4&H1&+0&!R&z2:2]-[N&D2&v3&H1&+0&!R:3].[N&D2&v3&H1&+0&R:4]>>[N&D1&v3&H1&+0&!R:1]=[C&D2&v4&H1&+0&!R&z2:2]-[N&D3&v3&H0&+0&R:4].[N&D1&v3&H2&+0&!R:3],316
2307,[N&D1&v3&H1&+0&!R:1]=[C&D2&v4&H1&+0&!R&z2:2]-[N&D2&v3&H1&+0&!R:3].[O&D0&v2&H2&+0&!R:4]>>[N&D1&v3&H2&+0&!R:3].[N&D1&v3&H2&+0&!R:1]-[C&D2&v4&H1&+0&!R&z2:2]=[O&D1&v2&H0&+0&!R:4],462
2308,[N&D1&v3&H1&+0&!R:1]=[c&D3&v4&H0&+0&R&z2:2]:[n&D3&v3&H0&+0&R:3]-[C&D3&v4&H1&+0&R&z2:4].[O&D1&v2&H1&+0&!R:5]>>[C&D3&v4&H1&+0&R&z2:4]-[O&D2&v2&H0&+0&!R:5].[N&D1&v3&H2&+0&!R:1]-[c&D3&v4&H0&+0&R&z2:2]:[n&D2&v3&H0&+0&R:3],910
2309,[N&D1&v3&H2&+0&!R:1]-[C&D3&v4&H0&+0&!R&z1:2]=[C&D2&v4&H1&+0&!R&z0:3].[O&D0&v2&H2&+0&!R:4]>>[N&D1&v3&H2&+0&!R:1]-[C&D3&v4&H1&+0&!R&z1:2]-[C&D3&v4&H1&+0&!R&z1:3]-[O&D1&v2&H1&+0&!R:4],703
2310,[N&D1&v3&H2&+0&!R:1]-[C&D3&v4&H0&+0&!R&z1:2]=[C&D2&v4&H1&+0&!R&z0:3]>>[N&D1&v3&H1&+0&!R:1]=[C&D3&v4&H0&+0&!R&z1:2]-[C&D2&v4&H2&+0&!R&z0:3],749
2311,[C&D3&v4&H0&+0&!R&z1:1](=[C&D2&v4&H1&+0&!R&z0:2]-[C&D2&v4&H1&+0&!R&z0:3]=[C&D3&v4&H0&+0&!R&z1:4]-[C&D2&v4&H1&+0&!R&z1:5]=[O&D1&v2&H0&+0&!R:6])-[C&D3&v4&H0&+0&!R&z2:7]=[O&D1&v2&H0&+0&!R:8]>>[O&D1&v2&H0&+0&!R:6]=[O&D1&v2&H0&+0&!R:8].[c&D3&v4&H0&+0&R&z1:1]1:[c&D2&v4&H1&+0&R&z0:2]:[c&D2&v4&H1&+0&R&z0:3]:[c&D3&v4&H0&+0&R&z1:4]:[c&D2&v4&H1&+0&R&z0:5]:[c&D3&v4&H0&+0&R&z1:7]:1,582
2312,[N&D1&v3&H2&+0&!R:1]-[C&D3&v4&H0&+0&!R&z1:2].[O&D0&v2&H2&+0&!R:3]>>[C&D3&v4&H0&+0&!R&z1:2]-[O&D1&v2&H1&+0&!R:3].[N&D0&v3&H3&+0&!R:1],587
2313,[N&D1&v3&H2&+0&!R:1]-[C&D3&v4&H0&+0&!R&z1:2]=[C&D2&v4&H1&+0&!R&z0:3]-[C&D2&v4&H1&+0&!R&z0:4]=[C&D2&v4&H1&+0&!R&z0:5].[O&D0&v2&H2&+0&!R:6]>>[C&D2&v4&H2&+0&!R&z0:5]-[C&D2&v4&H1&+0&!R&z0:4]=[C&D2&v4&H1&+0&!R&z0:3]-[C&D3&v4&H0&+0&!R&z1:2]=[O&D1&v2&H0&+0&!R:6].[N&D0&v3&H3&+0&!R:1],859
2314,[C&D3&v4&H0&+0&!R&z1:1](=[C&D2&v4&H1&+0&!R&z0:2]-[C&D2&v4&H1&+0&!R&z0:3]=[C&D2&v4&H1&+0&!R&z0:4]-[C&D2&v4&H1&+0&!R&z1:5]=[O&D1&v2&H0&+0&!R:6])-[C&D3&v4&H0&+0&!R&z2:7]=[O&D1&v2&H0&+0&!R:8]>>[O&D1&v2&H0&+0&!R:6]=[O&D1&v2&H0&+0&!R:8].[c&D3&v4&H0&+0&R&z1:1]1:[c&D2&v4&H1&+0&R&z0:2]:[c&D2&v4&H1&+0&R&z0:3]:[c&D2&v4&H1&+0&R&z0:4]:[c&D2&v4&H1&+0&R&z0:5]:[c&D3&v4&H0&+0&R&z1:7]:1,582
2315,[C&D3&v4&H0&+0&!R&z1:1]=[C&D2&v4&H1&+0&!R&z0:2].[O&D1&v2&H1&+0&!R:3]-[O&D1&v2&H1&+0&!R:4]>>[C&D3&v4&H1&+0&!R&z1:1]-[C&D2&v4&H2&+0&!R&z0:2].[O&D1&v2&H0&+0&!R:3]=[O&D1&v2&H0&+0&!R:4],976
2316,[N&D1&v3&H2&+0&!R:1]-[C&D3&v4&H0&+0&!R&z3:2].[O&D0&v2&H2&+0&!R:3]>>[C&D3&v4&H0&+0&!R&z3:2]-[O&D1&v2&H1&+0&!R:3].[N&D0&v3&H3&+0&!R:1],587
2317,[C&D3&v4&H0&+0&!R&z3:1]-[O&D2&v2&H0&+0&!R:2].[N&D1&v3&H2&+0&!R:3]>>[C&D3&v4&H0&+0&!R&z3:1]-[N&D2&v3&H1&+0&!R:3].[O&D1&v2&H1&+0&!R:2],175
2318,[N&D1&v3&H2&+0&!R:1]-[C&D3&v4&H0&+0&!R&z2:2]=[O&D1&v2&H0&+0&!R:3].[O&D0&v2&H2&+0&!R:4]>>[N&D0&v3&H3&+0&!R:1].[O&D1&v2&H0&+0&!R:3]=[C&D3&v4&H0&+0&!R&z2:2]-[O&D1&v2&H1&+0&!R:4],587
2319,[N&D1&v3&H2&+0&!R:1]-[C&D3&v4&H0&+0&!R&z2:2]=[O&D1&v2&H0&+0&!R:3].[O&D0&v2&H2&+0&!R:4]>>[C&D3&v4&H0&+0&!R&z2:2](=[O&D1&v2&H0&+0&!R:3])-[O&D1&v2&H1&+0&!R:4].[N&D0&v3&H3&+0&!R:1],587
2320,[N&D1&v3&H2&+0&!R:1]-[C&D3&v4&H0&+0&!R&z2:2]=[O&D1&v2&H0&+0&!R:3].[O&D0&v2&H2&+0&!R:4].[O&D1&v2&H0&+0&!R:5]=[C&D2&v4&H0&+0&!R&z2:6]>>[N&D1&v3&H2&+0&!R:1]-[C&D3&v4&H1&+0&!R&z1:2]-[C&D3&v4&H0&+0&!R&z2:6]-[O&D1&v2&H1&+0&!R:5].[O&D1&v2&H0&+0&!R:3]=[O&D1&v2&H0&+0&!R:4],815
2321,[C&D3&v4&H0&+0&R&z0:1]1=[C&D2&v4&H1&+0&R&z0:2]-[C&D2&v4&H1&+0&R&z0:3]=[C&D2&v4&H1&+0&R&z1:4]-[N&D3&v3&H0&+0&R:5]-[C&D2&v4&H2&+0&R&z1:6]-1.[O&D1&v2&H0&+0&!R:7]=[O&D1&v2&H0&+0&!R:8]>>[O&D1&v2&H1&+0&!R:7]-[O&D1&v2&H1&+0&!R:8].[c&D3&v4&H0&+0&R&z0:1]1:[c&D2&v4&H1&+0&R&z0:2]:[c&D2&v4&H1&+0&R&z0:3]:[c&D2&v4&H1&+0&R&z1:4]:[n&D3&v4&H0&+&R:5]:[c&D2&v4&H1&+0&R&z1:6]:1,898
2322,[C&D3&v4&H0&+0&R&z0:1]1=[C&D2&v4&H1&+0&R&z1:2]-[N&D3&v3&H0&+0&R:3]-[C&D2&v4&H1&+0&R&z1:4]=[C&D2&v4&H1&+0&R&z0:5]-[C&D2&v4&H2&+0&R&z0:6]-1.[C&D3&v4&H0&+0&R&z1:7]1=[C&D3&v4&H0&+0&R&z1:8]-[C&D3&v4&H0&+0&R&z1:9](=[O&D1&v2&H0&+0&!R:10])-[C&D3&v4&H0&+0&R&z1:11]=[C&D3&v4&H0&+0&R&z1:12]-[C&D3&v4&H0&+0&R&z1:13]-1=[O&D1&v2&H0&+0&!R:14]>>[c&D3&v4&H0&+0&R&z0:1]1:[c&D2&v4&H1&+0&R&z0:6]:[c&D2&v4&H1&+0&R&z0:5]:[c&D2&v4&H1&+0&R&z1:4]:[n&D3&v4&H0&+&R:3]:[c&D2&v4&H1&+0&R&z1:2]:1.[c&D3&v4&H0&+0&R&z1:7]1:[c&D3&v4&H0&+0&R&z1:8]:[c&D3&v4&H0&+0&R&z1:9](-[O&D1&v2&H1&+0&!R:10]):[c&D3&v4&H0&+0&R&z1:11]:[c&D3&v4&H0&+0&R&z1:12]:[c&D3&v4&H0&+0&R&z1:13]:1-[O&D1&v2&H1&+0&!R:14],841
2323,[C&D3&v4&H1&+0&R&z2:1](-[O&D1&v2&H1&+0&!R:2])-[C&D2&v4&H2&+0&R&z0:3].[P&D4&v5&H0&+0&!R:4]-[O&D2&v2&H0&+0&!R:5]>>[C&D2&v4&H1&+0&R&z1:1]=[C&D2&v4&H1&+0&R&z0:3].[O&D1&v2&H1&+0&!R:5].[P&D4&v5&H0&+0&!R:4]-[O&D1&v2&H1&+0&!R:2],419
2324,[C&D3&v4&H1&+0&R&z2:1](-[O&D1&v2&H1&+0&!R:2])-[C&D2&v4&H2&+0&R&z0:3]>>[C&D2&v4&H1&+0&R&z1:1]=[C&D2&v4&H1&+0&R&z0:3].[O&D0&v2&H2&+0&!R:2],451
2325,[C&D3&v4&H0&+0&R&z0:1]1=[C&D2&v4&H1&+0&R&z1:2]-[N&D3&v3&H0&+0&R:3]-[C&D2&v4&H1&+0&R&z1:4]=[C&D2&v4&H1&+0&R&z0:5]-[C&D2&v4&H2&+0&R&z0:6]-1.[C&D3&v4&H0&+0&R&z0:7]1=[C&D2&v4&H1&+0&R&z1:8]-[N&D3&v3&H0&+0&R:9]-[C&D2&v4&H1&+0&R&z1:10]=[C&D2&v4&H1&+0&R&z0:11]-[C&D2&v4&H2&+0&R&z0:12]-1.[O&D1&v2&H0&+0&!R:13]=[C&D3&v4&H0&+0&!R&z2:14]>>[C&D2&v4&H2&+0&!R&z1:14].[O&D0&v2&H2&+0&!R:13].[c&D3&v4&H0&+0&R&z0:7]1:[c&D2&v4&H1&+0&R&z0:12]:[c&D2&v4&H1&+0&R&z0:11]:[c&D2&v4&H1&+0&R&z1:10]:[n&D3&v4&H0&+&R:9]:[c&D2&v4&H1&+0&R&z1:8]:1.[c&D3&v4&H0&+0&R&z0:1]1:[c&D2&v4&H1&+0&R&z0:6]:[c&D2&v4&H1&+0&R&z0:5]:[c&D2&v4&H1&+0&R&z1:4]:[n&D3&v4&H0&+&R:3]:[c&D2&v4&H1&+0&R&z1:2]:1,321
2326,[C&D3&v4&H0&+0&!R&z1:1]=[O&D1&v2&H0&+0&!R:2].[C&D3&v4&H0&+0&R&z0:3]1=[C&D2&v4&H1&+0&R&z1:4]-[N&D3&v3&H0&+0&R:5]-[C&D2&v4&H1&+0&R&z1:6]=[C&D2&v4&H1&+0&R&z0:7]-[C&D2&v4&H2&+0&R&z0:8]-1.[N&D1&v3&H2&+0&!R:9]-[C&D3&v4&H0&+0&!R&z2:10]>>[C&D3&v4&H0&+0&!R&z2:10]-[O&D1&v2&H1&+0&!R:2].[N&D1&v3&H2&+0&!R:9]-[C&D3&v4&H1&+0&!R&z1:1].[c&D3&v4&H0&+0&R&z0:3]1:[c&D2&v4&H1&+0&R&z0:8]:[c&D2&v4&H1&+0&R&z0:7]:[c&D2&v4&H1&+0&R&z1:6]:[n&D3&v4&H0&+&R:5]:[c&D2&v4&H1&+0&R&z1:4]:1,971
2327,[C&D3&v4&H0&+0&R&z0:1]1=[C&D2&v4&H1&+0&R&z1:2]-[N&D3&v3&H0&+0&R:3]-[C&D2&v4&H1&+0&R&z1:4]=[C&D2&v4&H1&+0&R&z0:5]-[C&D2&v4&H2&+0&R&z0:6]-1.([C&D3&v4&H0&+0&!R&z2:7](=[O&D1&v2&H0&+0&!R:8])-[O&D1&v2&H1&+0&!R:9].[N&D1&v3&H2&+0&!R:10])>>[C&D2&v4&H1&+0&R&z1:7]=[N&D2&v3&H0&+0&R:10].[O&D0&v2&H2&+0&!R:8].[O&D0&v2&H2&+0&!R:9].[c&D3&v4&H0&+0&R&z0:1]1:[c&D2&v4&H1&+0&R&z0:6]:[c&D2&v4&H1&+0&R&z0:5]:[c&D2&v4&H1&+0&R&z1:4]:[n&D3&v4&H0&+&R:3]:[c&D2&v4&H1&+0&R&z1:2]:1,1002
2328,[C&D3&v4&H0&+0&R&z0:1]1=[C&D2&v4&H1&+0&R&z1:2]-[N&D3&v3&H0&+0&R:3]-[C&D2&v4&H1&+0&R&z1:4]=[C&D2&v4&H1&+0&R&z0:5]-[C&D2&v4&H2&+0&R&z0:6]-1.[N&D2&v3&H0&+0&!R:7]=[O&D1&v2&H0&+0&!R:8]>>[N&D2&v3&H1&+0&!R:7]-[O&D1&v2&H1&+0&!R:8].[c&D3&v4&H0&+0&R&z0:1]1:[c&D2&v4&H1&+0&R&z0:6]:[c&D2&v4&H1&+0&R&z0:5]:[c&D2&v4&H1&+0&R&z1:4]:[n&D3&v4&H0&+&R:3]:[c&D2&v4&H1&+0&R&z1:2]:1,390
2329,[C&D2&v4&H1&+0&!R&z1:1]=[O&D1&v2&H0&+0&!R:2].[C&D3&v4&H0&+0&R&z0:3]1=[C&D2&v4&H1&+0&R&z1:4]-[N&D3&v3&H0&+0&R:5]-[C&D2&v4&H1&+0&R&z1:6]=[C&D2&v4&H1&+0&R&z0:7]-[C&D2&v4&H2&+0&R&z0:8]-1.[N&D1&v3&H2&+0&!R:9]>>[C&D2&v4&H2&+0&!R&z1:1]-[N&D2&v3&H1&+0&!R:9].[O&D0&v2&H2&+0&!R:2].[c&D3&v4&H0&+0&R&z0:3]1:[c&D2&v4&H1&+0&R&z0:8]:[c&D2&v4&H1&+0&R&z0:7]:[c&D2&v4&H1&+0&R&z1:6]:[n&D3&v4&H0&+&R:5]:[c&D2&v4&H1&+0&R&z1:4]:1,520
2330,[C&D3&v4&H0&+0&R&z0:1]1=[C&D2&v4&H1&+0&R&z1:2]-[N&D3&v3&H0&+0&R:3]-[C&D2&v4&H1&+0&R&z1:4]=[C&D2&v4&H1&+0&R&z0:5]-[C&D2&v4&H2&+0&R&z0:6]-1.[N&D1&v3&H2&+0&!R:7]-[C&D3&v4&H1&+0&!R&z1:8]>>[C&D2&v4&H2&+0&!R&z0:8].[N&D0&v3&H3&+0&!R:7].[c&D3&v4&H0&+0&R&z0:1]1:[c&D2&v4&H1&+0&R&z0:6]:[c&D2&v4&H1&+0&R&z0:5]:[c&D2&v4&H1&+0&R&z1:4]:[n&D3&v4&H0&+&R:3]:[c&D2&v4&H1&+0&R&z1:2]:1,654
2331,[C&D3&v4&H0&+0&R&z0:1]1=[C&D2&v4&H1&+0&R&z1:2]-[N&D3&v3&H0&+0&R:3]-[C&D2&v4&H1&+0&R&z1:4]=[C&D2&v4&H1&+0&R&z0:5]-[C&D2&v4&H2&+0&R&z0:6]-1.[O&D1&v2&H0&+0&!R:7]=[C&D2&v4&H0&+0&!R&z2:8].[c&D3&v4&H0&+0&R&z0:9]1:[c&D2&v4&H1&+0&R&z0:10]:[c&D2&v4&H1&+0&R&z0:11]:[c&D3&v4&H0&+0&R&z1:12](-[O&D1&v2&H1&+0&!R:13]):[c&D2&v4&H1&+0&R&z0:14]:[c&D2&v4&H1&+0&R&z0:15]:1>>[C&D4&v4&H0&+0&R&z0:9]1(-[C&D3&v4&H0&+0&!R&z2:8]-[O&D1&v2&H1&+0&!R:7])-[C&D2&v4&H1&+0&R&z0:10]=[C&D2&v4&H1&+0&R&z0:11]-[C&D3&v4&H1&+0&R&z1:12](-[O&D1&v2&H1&+0&!R:13])-[C&D2&v4&H1&+0&R&z0:14]=[C&D2&v4&H1&+0&R&z0:15]-1.[c&D3&v4&H0&+0&R&z0:1]1:[c&D2&v4&H1&+0&R&z0:6]:[c&D2&v4&H1&+0&R&z0:5]:[c&D2&v4&H1&+0&R&z1:4]:[n&D3&v4&H0&+&R:3]:[c&D2&v4&H1&+0&R&z1:2]:1,827
2332,[C&D2&v4&H2&+0&!R&z1:1]-[C&D3&v4&H0&+0&!R&z1:2]=[O&D1&v2&H0&+0&!R:3].[C&D3&v4&H0&+0&R&z0:4]1=[C&D2&v4&H1&+0&R&z1:5]-[N&D3&v3&H0&+0&R:6]-[C&D2&v4&H1&+0&R&z1:7]=[C&D2&v4&H1&+0&R&z0:8]-[C&D2&v4&H2&+0&R&z0:9]-1.[O&D1&v2&H0&+0&!R:10]=[C&D2&v4&H0&+0&!R&z2:11]>>[C&D3&v4&H1&+0&!R&z1:1](-[C&D3&v4&H0&+0&!R&z2:11]-[O&D1&v2&H1&+0&!R:10])-[C&D3&v4&H1&+0&!R&z1:2]-[O&D1&v2&H1&+0&!R:3].[c&D3&v4&H0&+0&R&z0:4]1:[c&D2&v4&H1&+0&R&z0:9]:[c&D2&v4&H1&+0&R&z0:8]:[c&D2&v4&H1&+0&R&z1:7]:[n&D3&v4&H0&+&R:6]:[c&D2&v4&H1&+0&R&z1:5]:1,942
2333,[C&D2&v4&H2&+0&!R&z1:1]-[C&D2&v4&H1&+0&!R&z1:2]=[O&D1&v2&H0&+0&!R:3].[C&D3&v4&H0&+0&R&z0:4]1=[C&D2&v4&H1&+0&R&z1:5]-[N&D3&v3&H0&+0&R:6]-[C&D2&v4&H1&+0&R&z1:7]=[C&D2&v4&H1&+0&R&z0:8]-[C&D2&v4&H2&+0&R&z0:9]-1.[O&D1&v2&H0&+0&!R:10]=[C&D2&v4&H0&+0&!R&z2:11]>>[C&D3&v4&H1&+0&!R&z1:1](-[C&D2&v4&H2&+0&!R&z1:2]-[O&D1&v2&H1&+0&!R:3])-[C&D3&v4&H0&+0&!R&z2:11]-[O&D1&v2&H1&+0&!R:10].[c&D3&v4&H0&+0&R&z0:4]1:[c&D2&v4&H1&+0&R&z0:9]:[c&D2&v4&H1&+0&R&z0:8]:[c&D2&v4&H1&+0&R&z1:7]:[n&D3&v4&H0&+&R:6]:[c&D2&v4&H1&+0&R&z1:5]:1,942
2334,[C&D2&v4&H1&+0&!R&z1:1]=[N&D2&v3&H0&+0&!R:2].[C&D3&v4&H0&+0&R&z0:3]1=[C&D2&v4&H1&+0&R&z1:4]-[N&D3&v3&H0&+0&R:5]-[C&D2&v4&H1&+0&R&z1:6]=[C&D2&v4&H1&+0&R&z0:7]-[C&D2&v4&H2&+0&R&z0:8]-1>>[C&D2&v4&H2&+0&!R&z1:1]-[N&D2&v3&H1&+0&!R:2].[c&D3&v4&H0&+0&R&z0:3]1:[c&D2&v4&H1&+0&R&z0:8]:[c&D2&v4&H1&+0&R&z0:7]:[c&D2&v4&H1&+0&R&z1:6]:[n&D3&v4&H0&+&R:5]:[c&D2&v4&H1&+0&R&z1:4]:1,688
2335,[C&D3&v4&H0&+0&R&z0:1]1=[C&D2&v4&H1&+0&R&z1:2]-[N&D3&v3&H0&+0&R:3]-[C&D2&v4&H1&+0&R&z1:4]=[C&D2&v4&H1&+0&R&z0:5]-[C&D2&v4&H2&+0&R&z0:6]-1.[O&D1&v2&H0&+0&!R:7]=[O&D1&v2&H0&+0&!R:8].[S&D3&v4&H0&+0&!R:9]>>[O&D0&v2&H2&+0&!R:7].[S&D4&v6&H0&+0&!R:9]=[O&D1&v2&H0&+0&!R:8].[c&D3&v4&H0&+0&R&z0:1]1:[c&D2&v4&H1&+0&R&z0:6]:[c&D2&v4&H1&+0&R&z0:5]:[c&D2&v4&H1&+0&R&z1:4]:[n&D3&v4&H0&+&R:3]:[c&D2&v4&H1&+0&R&z1:2]:1,22
2336,[C&D3&v4&H0&+0&R&z0:1]1=[C&D2&v4&H1&+0&R&z1:2]-[N&D3&v3&H0&+0&R:3]-[C&D2&v4&H1&+0&R&z1:4]=[C&D2&v4&H1&+0&R&z0:5]-[C&D2&v4&H2&+0&R&z0:6]-1.[N&D1&v3&H2&+0&!R:7]-[O&D1&v2&H1&+0&!R:8]>>[N&D0&v3&H3&+0&!R:7].[O&D0&v2&H2&+0&!R:8].[c&D3&v4&H0&+0&R&z0:1]1:[c&D2&v4&H1&+0&R&z0:6]:[c&D2&v4&H1&+0&R&z0:5]:[c&D2&v4&H1&+0&R&z1:4]:[n&D3&v4&H0&+&R:3]:[c&D2&v4&H1&+0&R&z1:2]:1,234
2337,[C&D3&v4&H0&+0&R&z0:1]1=[C&D2&v4&H1&+0&R&z1:2]-[N&D3&v3&H0&+0&R:3]-[C&D2&v4&H1&+0&R&z1:4]=[C&D2&v4&H1&+0&R&z0:5]-[C&D2&v4&H2&+0&R&z0:6]-1.[N&D1&v3&H2&+0&!R:7]-[c&D3&v4&H0&+0&R&z1:8]1:[c&D2&v4&H1&+0&R&z0:9]:[c&D2&v4&H1&+0&R&z0:10]:[c&D3&v4&H0&+0&R&z0:11]:[c&D2&v4&H1&+0&R&z0:12]:[c&D2&v4&H1&+0&R&z0:13]:1.[O&D1&v2&H0&+0&!R:14]=[C&D2&v4&H0&+0&!R&z2:15]>>[N&D1&v3&H2&+0&!R:7]-[C&D3&v4&H1&+0&R&z1:8]1-[C&D2&v4&H1&+0&R&z0:9]=[C&D2&v4&H1&+0&R&z0:10]-[C&D4&v4&H0&+0&R&z0:11](-[C&D3&v4&H0&+0&!R&z2:15]-[O&D1&v2&H1&+0&!R:14])-[C&D2&v4&H1&+0&R&z0:12]=[C&D2&v4&H1&+0&R&z0:13]-1.[c&D3&v4&H0&+0&R&z0:1]1:[c&D2&v4&H1&+0&R&z0:6]:[c&D2&v4&H1&+0&R&z0:5]:[c&D2&v4&H1&+0&R&z1:4]:[n&D3&v4&H0&+&R:3]:[c&D2&v4&H1&+0&R&z1:2]:1,827
2338,[C&D3&v4&H0&+0&R&z0:1]1=[C&D2&v4&H1&+0&R&z1:2]-[N&D3&v3&H0&+0&R:3]-[C&D2&v4&H1&+0&R&z1:4]=[C&D2&v4&H1&+0&R&z0:5]-[C&D2&v4&H2&+0&R&z0:6]-1.[N&D1&v3&H2&+0&!R:7]-[c&D3&v4&H0&+0&R&z1:8]:[c&D3&v4&H0&+0&R&z0:9]-[C&D3&v4&H0&+0&!R&z2:10]-[O&D1&v2&H1&+0&!R:11].[O&D1&v2&H0&+0&!R:12]=[O&D1&v2&H0&+0&!R:13]>>[N&D0&v3&H3&+0&!R:7].[O&D1&v2&H0&+0&!R:11]=[C&D2&v4&H0&+0&!R&z2:10].[O&D1&v2&H1&+0&!R:12]-[c&D3&v4&H0&+0&R&z1:8]:[c&D3&v4&H0&+0&R&z1:9]-[O&D1&v2&H1&+0&!R:13].[c&D3&v4&H0&+0&R&z0:1]1:[c&D2&v4&H1&+0&R&z0:6]:[c&D2&v4&H1&+0&R&z0:5]:[c&D2&v4&H1&+0&R&z1:4]:[n&D3&v4&H0&+&R:3]:[c&D2&v4&H1&+0&R&z1:2]:1,278
2339,[C&D3&v4&H0&+0&R&z0:1]1=[C&D2&v4&H1&+0&R&z1:2]-[N&D3&v3&H0&+0&R:3]-[C&D2&v4&H1&+0&R&z1:4]=[C&D2&v4&H1&+0&R&z0:5]-[C&D2&v4&H2&+0&R&z0:6]-1.[N&D1&v3&H2&+0&!R:7]-[c&D3&v4&H0&+0&R&z1:8]:[c&D2&v4&H1&+0&R&z0:9].[O&D1&v2&H0&+0&!R:10]=[O&D1&v2&H0&+0&!R:11]>>[N&D0&v3&H3&+0&!R:7].[c&D3&v4&H0&+0&R&z0:1]1:[c&D2&v4&H1&+0&R&z0:6]:[c&D2&v4&H1&+0&R&z0:5]:[c&D2&v4&H1&+0&R&z1:4]:[n&D3&v4&H0&+&R:3]:[c&D2&v4&H1&+0&R&z1:2]:1.[c&D3&v4&H0&+0&R&z1:9](-[O&D1&v2&H1&+0&!R:10]):[c&D3&v4&H0&+0&R&z1:8]-[O&D1&v2&H1&+0&!R:11],999
2340,[C&D3&v4&H0&+0&R&z0:1]1=[C&D2&v4&H1&+0&R&z1:2]-[N&D3&v3&H0&+0&R:3]-[C&D2&v4&H1&+0&R&z1:4]=[C&D2&v4&H1&+0&R&z0:5]-[C&D2&v4&H2&+0&R&z0:6]-1.[C&D3&v4&H1&+0&R&z2:7]-[O&D2&v2&H0&+0&R:8]>>([C&D2&v4&H2&+0&!R&z1:7].[O&D1&v2&H1&+0&!R:8]).[c&D3&v4&H0&+0&R&z0:1]1:[c&D2&v4&H1&+0&R&z0:6]:[c&D2&v4&H1&+0&R&z0:5]:[c&D2&v4&H1&+0&R&z1:4]:[n&D3&v4&H0&+&R:3]:[c&D2&v4&H1&+0&R&z1:2]:1,530
2341,[C&D2&v4&H2&+0&R&z2:1]-[N&D3&v3&H0&+0&R:2].[C&D3&v4&H0&+0&R&z0:3]1=[C&D2&v4&H1&+0&R&z1:4]-[N&D3&v3&H0&+0&R:5]-[C&D2&v4&H1&+0&R&z1:6]=[C&D2&v4&H1&+0&R&z0:7]-[C&D2&v4&H2&+0&R&z0:8]-1>>([C&D1&v4&H3&+0&!R&z1:1].[N&D2&v3&H1&+0&!R:2]).[c&D3&v4&H0&+0&R&z0:3]1:[c&D2&v4&H1&+0&R&z0:8]:[c&D2&v4&H1&+0&R&z0:7]:[c&D2&v4&H1&+0&R&z1:6]:[n&D3&v4&H0&+&R:5]:[c&D2&v4&H1&+0&R&z1:4]:1,665
2342,[C&D2&v4&H1&+0&R&z1:1]=[C&D2&v4&H1&+0&R&z0:2].[O&D1&v2&H1&+0&!R:3].[P&D4&v5&H0&+0&!R:4]-[O&D1&v2&H1&+0&!R:5]>>[C&D3&v4&H1&+0&R&z2:1](-[O&D1&v2&H1&+0&!R:5])-[C&D2&v4&H2&+0&R&z0:2].[O&D2&v2&H0&+0&!R:3]-[P&D4&v5&H0&+0&!R:4],626
2343,[C&D2&v4&H1&+0&R&z1:1]=[C&D2&v4&H1&+0&R&z0:2].[P&D4&v5&H0&+0&!R:3]-[O&D1&v2&H1&+0&!R:4].[P&D4&v5&H0&+0&!R:5]-[O&D1&v2&H1&+0&!R:6]>>[C&D3&v4&H1&+0&R&z2:1](-[O&D1&v2&H1&+0&!R:6])-[C&D2&v4&H2&+0&R&z0:2].[P&D4&v5&H0&+0&!R:3]-[O&D2&v2&H0&+0&!R:4]-[P&D4&v5&H0&+0&!R:5],626
2344,[C&D2&v4&H1&+0&R&z0:1]=[C&D2&v4&H1&+0&R&z0:2].[C&D3&v4&H0&+0&R&z0:3]1=[C&D2&v4&H1&+0&R&z1:4]-[N&D3&v3&H0&+0&R:5]-[C&D2&v4&H1&+0&R&z1:6]=[C&D2&v4&H1&+0&R&z0:7]-[C&D2&v4&H2&+0&R&z0:8]-1.[O&D1&v2&H0&+0&!R:9]=[O&D1&v2&H0&+0&!R:10]>>[C&D3&v4&H1&+0&R&z1:1]1-[O&D2&v2&H0&+0&R:10]-[C&D3&v4&H1&+0&R&z1:2]-1.[O&D0&v2&H2&+0&!R:9].[c&D3&v4&H0&+0&R&z0:3]1:[c&D2&v4&H1&+0&R&z0:8]:[c&D2&v4&H1&+0&R&z0:7]:[c&D2&v4&H1&+0&R&z1:6]:[n&D3&v4&H0&+&R:5]:[c&D2&v4&H1&+0&R&z1:4]:1,697
2345,[C&D3&v4&H0&+0&R&z0:1]1=[C&D2&v4&H1&+0&R&z1:2]-[N&D3&v3&H0&+0&R:3]-[C&D2&v4&H1&+0&R&z1:4]=[C&D2&v4&H1&+0&R&z0:5]-[C&D2&v4&H2&+0&R&z0:6]-1.[O&D1&v2&H0&+0&!R:7]=[C&D3&v4&H0&+0&!R&z1:8]>>[C&D3&v4&H1&+0&!R&z1:8]-[O&D1&v2&H1&+0&!R:7].[c&D3&v4&H0&+0&R&z0:1]1:[c&D2&v4&H1&+0&R&z0:6]:[c&D2&v4&H1&+0&R&z0:5]:[c&D2&v4&H1&+0&R&z1:4]:[n&D3&v4&H0&+&R:3]:[c&D2&v4&H1&+0&R&z1:2]:1,559
2346,[C&D3&v4&H0&+0&R&z0:1]1=[C&D2&v4&H1&+0&R&z1:2]-[N&D3&v3&H0&+0&R:3]-[C&D2&v4&H1&+0&R&z1:4]=[C&D2&v4&H1&+0&R&z0:5]-[C&D2&v4&H2&+0&R&z0:6]-1.[O&D1&v2&H0&+0&!R:7]=[C&D2&v4&H0&+0&!R&z2:8].[O&D1&v2&H0&+0&!R:9]=[C&D3&v4&H0&+0&!R&z1:10]-[C&D2&v4&H2&+0&!R&z1:11]>>[C&D3&v4&H0&+0&!R&z2:8](-[O&D1&v2&H1&+0&!R:7])-[C&D3&v4&H1&+0&!R&z1:11]-[C&D3&v4&H1&+0&!R&z1:10]-[O&D1&v2&H1&+0&!R:9].[c&D3&v4&H0&+0&R&z0:1]1:[c&D2&v4&H1&+0&R&z0:6]:[c&D2&v4&H1&+0&R&z0:5]:[c&D2&v4&H1&+0&R&z1:4]:[n&D3&v4&H0&+&R:3]:[c&D2&v4&H1&+0&R&z1:2]:1,942
2347,[C&D3&v4&H0&+0&!R&z1:1](=[O&D1&v2&H0&+0&!R:2])-[C&D3&v4&H1&+0&!R&z1:3]-[C&D3&v4&H0&+0&!R&z2:4]-[O&D1&v2&H1&+0&!R:5].[C&D3&v4&H0&+0&R&z0:6]1=[C&D2&v4&H1&+0&R&z1:7]-[N&D3&v3&H0&+0&R:8]-[C&D2&v4&H1&+0&R&z1:9]=[C&D2&v4&H1&+0&R&z0:10]-[C&D2&v4&H2&+0&R&z0:11]-1>>[C&D3&v4&H1&+0&!R&z1:1](-[O&D1&v2&H1&+0&!R:2])-[C&D2&v4&H2&+0&!R&z1:3].[O&D1&v2&H0&+0&!R:5]=[C&D2&v4&H0&+0&!R&z2:4].[c&D3&v4&H0&+0&R&z0:6]1:[c&D2&v4&H1&+0&R&z0:11]:[c&D2&v4&H1&+0&R&z0:10]:[c&D2&v4&H1&+0&R&z1:9]:[n&D3&v4&H0&+&R:8]:[c&D2&v4&H1&+0&R&z1:7]:1,909
2348,[C&D3&v4&H0&+0&R&z0:1]1=[C&D2&v4&H1&+0&R&z1:2]-[N&D3&v3&H0&+0&R:3]-[C&D2&v4&H1&+0&R&z1:4]=[C&D2&v4&H1&+0&R&z0:5]-[C&D2&v4&H2&+0&R&z0:6]-1.[C&D4&v4&H0&+0&!R&z1:7](-[C&D2&v4&H2&+0&!R&z1:8])-[C&D3&v4&H0&+0&!R&z1:9]=[O&D1&v2&H0&+0&!R:10]>>[C&D3&v4&H1&+0&!R&z1:7]-[C&D4&v4&H0&+0&!R&z1:9](-[O&D1&v2&H1&+0&!R:10])-[C&D2&v4&H2&+0&!R&z1:8].[c&D3&v4&H0&+0&R&z0:1]1:[c&D2&v4&H1&+0&R&z0:6]:[c&D2&v4&H1&+0&R&z0:5]:[c&D2&v4&H1&+0&R&z1:4]:[n&D3&v4&H0&+&R:3]:[c&D2&v4&H1&+0&R&z1:2]:1,108
2349,[C&D3&v4&H0&+0&!R&z1:1]=[C&D3&v4&H0&+0&!R&z1:2].[C&D3&v4&H0&+0&R&z0:3]1=[C&D2&v4&H1&+0&R&z1:4]-[N&D3&v3&H0&+0&R:5]-[C&D2&v4&H1&+0&R&z1:6]=[C&D2&v4&H1&+0&R&z0:7]-[C&D2&v4&H2&+0&R&z0:8]-1>>[C&D3&v4&H1&+0&!R&z1:1]-[C&D3&v4&H1&+0&!R&z1:2].[c&D3&v4&H0&+0&R&z0:3]1:[c&D2&v4&H1&+0&R&z0:8]:[c&D2&v4&H1&+0&R&z0:7]:[c&D2&v4&H1&+0&R&z1:6]:[n&D3&v4&H0&+&R:5]:[c&D2&v4&H1&+0&R&z1:4]:1,515
2350,[C&D3&v4&H0&+0&R&z0:1]1=[C&D2&v4&H1&+0&R&z1:2]-[N&D3&v3&H0&+0&R:3]-[C&D2&v4&H1&+0&R&z1:4]=[C&D2&v4&H1&+0&R&z0:5]-[C&D2&v4&H2&+0&R&z0:6]-1.([C&D3&v4&H1&+0&!R&z1:7]-[O&D1&v2&H1&+0&!R:8].[O&D1&v2&H0&+0&!R:9]=[C&D3&v4&H0&+0&!R&z2:10])>>[C&D3&v4&H1&+0&R&z1:7]-[O&D2&v2&H0&+0&R:9]-[C&D3&v4&H1&+0&R&z2:10].[O&D0&v2&H2&+0&!R:8].[c&D3&v4&H0&+0&R&z0:1]1:[c&D2&v4&H1&+0&R&z0:6]:[c&D2&v4&H1&+0&R&z0:5]:[c&D2&v4&H1&+0&R&z1:4]:[n&D3&v4&H0&+&R:3]:[c&D2&v4&H1&+0&R&z1:2]:1,767
2351,[C&D3&v4&H0&+0&R&z0:1]1=[C&D2&v4&H1&+0&R&z1:2]-[N&D3&v3&H0&+0&R:3]-[C&D2&v4&H1&+0&R&z1:4]=[C&D2&v4&H1&+0&R&z0:5]-[C&D2&v4&H2&+0&R&z0:6]-1.([C&D3&v4&H1&+0&R&z1:7]-[O&D1&v2&H1&+0&!R:8].[O&D1&v2&H0&+0&!R:9]=[C&D3&v4&H0&+0&!R&z2:10])>>[C&D3&v4&H1&+0&R&z2:10]-[O&D2&v2&H0&+0&R:9]-[C&D3&v4&H1&+0&R&z1:7].[O&D0&v2&H2&+0&!R:8].[c&D3&v4&H0&+0&R&z0:1]1:[c&D2&v4&H1&+0&R&z0:6]:[c&D2&v4&H1&+0&R&z0:5]:[c&D2&v4&H1&+0&R&z1:4]:[n&D3&v4&H0&+&R:3]:[c&D2&v4&H1&+0&R&z1:2]:1,767
2352,[C&D2&v4&H1&+0&R&z1:1]=[N&D2&v3&H0&+0&R:2].[C&D3&v4&H0&+0&R&z0:3]1=[C&D2&v4&H1&+0&R&z1:4]-[N&D3&v3&H0&+0&R:5]-[C&D2&v4&H1&+0&R&z1:6]=[C&D2&v4&H1&+0&R&z0:7]-[C&D2&v4&H2&+0&R&z0:8]-1>>[C&D2&v4&H2&+0&R&z1:1]-[N&D2&v3&H1&+0&R:2].[c&D3&v4&H0&+0&R&z0:3]1:[c&D2&v4&H1&+0&R&z0:8]:[c&D2&v4&H1&+0&R&z0:7]:[c&D2&v4&H1&+0&R&z1:6]:[n&D3&v4&H0&+&R:5]:[c&D2&v4&H1&+0&R&z1:4]:1,688
2353,[C&D3&v4&H0&+0&R&z0:1]1=[C&D2&v4&H1&+0&R&z1:2]-[N&D3&v3&H0&+0&R:3]-[C&D2&v4&H1&+0&R&z1:4]=[C&D2&v4&H1&+0&R&z0:5]-[C&D2&v4&H2&+0&R&z0:6]-1.[S&D2&v2&H0&+0&R:7]-[S&D2&v2&H0&+0&R:8]>>([S&D1&v2&H1&+0&!R:7].[S&D1&v2&H1&+0&!R:8]).[c&D3&v4&H0&+0&R&z0:1]1:[c&D2&v4&H1&+0&R&z0:6]:[c&D2&v4&H1&+0&R&z0:5]:[c&D2&v4&H1&+0&R&z1:4]:[n&D3&v4&H0&+&R:3]:[c&D2&v4&H1&+0&R&z1:2]:1,514
2354,[C&D3&v4&H0&+0&R&z0:1]1=[C&D2&v4&H1&+0&R&z1:2]-[N&D3&v3&H0&+0&R:3]-[C&D2&v4&H1&+0&R&z1:4]=[C&D2&v4&H1&+0&R&z0:5]-[C&D2&v4&H2&+0&R&z0:6]-1.[O&D1&v2&H0&+0&!R:7]=[C&D3&v4&H0&+0&!R&z2:8]-[O&D1&v2&H1&+0&!R:9]>>[O&D0&v2&H2&+0&!R:9].[O&D1&v2&H0&+0&!R:7]=[C&D2&v4&H1&+0&!R&z1:8].[c&D3&v4&H0&+0&R&z0:1]1:[c&D2&v4&H1&+0&R&z0:6]:[c&D2&v4&H1&+0&R&z0:5]:[c&D2&v4&H1&+0&R&z1:4]:[n&D3&v4&H0&+&R:3]:[c&D2&v4&H1&+0&R&z1:2]:1,232
2355,[C&D3&v4&H0&+0&!R&z2:1](=[O&D1&v2&H0&+0&!R:2])-[O&D1&v2&H1&+0&!R:3].[C&D3&v4&H0&+0&R&z0:4]1=[C&D2&v4&H1&+0&R&z1:5]-[N&D3&v3&H0&+0&R:6]-[C&D2&v4&H1&+0&R&z1:7]=[C&D2&v4&H1&+0&R&z0:8]-[C&D2&v4&H2&+0&R&z0:9]-1>>[O&D0&v2&H2&+0&!R:3].[O&D1&v2&H0&+0&!R:2]=[C&D2&v4&H1&+0&!R&z1:1].[c&D3&v4&H0&+0&R&z0:4]1:[c&D2&v4&H1&+0&R&z0:9]:[c&D2&v4&H1&+0&R&z0:8]:[c&D2&v4&H1&+0&R&z1:7]:[n&D3&v4&H0&+&R:6]:[c&D2&v4&H1&+0&R&z1:5]:1,232
2356,[C&D3&v4&H0&+0&R&z0:1]1=[C&D2&v4&H1&+0&R&z1:2]-[N&D3&v3&H0&+0&R:3]-[C&D2&v4&H1&+0&R&z1:4]=[C&D2&v4&H1&+0&R&z0:5]-[C&D2&v4&H2&+0&R&z0:6]-1.[O&D1&v2&H0&+0&!R:7]=[O&D1&v2&H0&+0&!R:8].[c&D2&v4&H1&+0&R&z1:9]>>[O&D0&v2&H2&+0&!R:8].[c&D3&v4&H0&+0&R&z0:1]1:[c&D2&v4&H1&+0&R&z0:6]:[c&D2&v4&H1&+0&R&z0:5]:[c&D2&v4&H1&+0&R&z1:4]:[n&D3&v4&H0&+&R:3]:[c&D2&v4&H1&+0&R&z1:2]:1.[c&D3&v4&H0&+0&R&z2:9]-[O&D1&v2&H1&+0&!R:7],710
2357,[C&D3&v4&H0&+0&R&z0:1]1=[C&D2&v4&H1&+0&R&z1:2]-[N&D3&v3&H0&+0&R:3]-[C&D2&v4&H1&+0&R&z1:4]=[C&D2&v4&H1&+0&R&z0:5]-[C&D2&v4&H2&+0&R&z0:6]-1.[O&D1&v2&H0&+0&!R:7]=[O&D1&v2&H0&+0&!R:8].[c&D2&v4&H1&+0&R&z0:9]:[c&D2&v4&H1&+0&R&z0:10]:[c&D3&v4&H0&+0&R&z1:11](-[O&D1&v2&H1&+0&!R:12]):[c&D2&v4&H1&+0&R&z0:13]>>[O&D0&v2&H2&+0&!R:8].[c&D3&v4&H0&+0&R&z0:1]1:[c&D2&v4&H1&+0&R&z0:6]:[c&D2&v4&H1&+0&R&z0:5]:[c&D2&v4&H1&+0&R&z1:4]:[n&D3&v4&H0&+&R:3]:[c&D2&v4&H1&+0&R&z1:2]:1.[c&D3&v4&H0&+0&R&z1:13](-[O&D1&v2&H1&+0&!R:7]):[c&D2&v4&H1&+0&R&z0:11]:[c&D2&v4&H1&+0&R&z0:10]:[c&D3&v4&H0&+0&R&z1:9]-[O&D1&v2&H1&+0&!R:12],129
2358,[C&D3&v4&H0&+0&R&z0:1]1=[C&D2&v4&H1&+0&R&z1:2]-[N&D3&v3&H0&+0&R:3]-[C&D2&v4&H1&+0&R&z1:4]=[C&D2&v4&H1&+0&R&z0:5]-[C&D2&v4&H2&+0&R&z0:6]-1.[c&D3&v4&H0&+0&R&z1:7]1:[c&D2&v4&H1&+0&R&z0:8]:[c&D3&v4&H0&+0&R&z2:9]:[n&D2&v3&H1&+0&R:10]:[c&D3&v4&H0&+0&R&z3:11]:[n&D2&v3&H1&+0&R:12]:1>>[C&D3&v4&H0&+0&R&z2:9]1-[C&D2&v4&H2&+0&R&z0:8]-[C&D3&v4&H1&+0&R&z1:7]-[N&D2&v3&H1&+0&R:12]-[C&D3&v4&H0&+0&R&z3:11]-[N&D2&v3&H1&+0&R:10]-1.[c&D3&v4&H0&+0&R&z0:1]1:[c&D2&v4&H1&+0&R&z0:6]:[c&D2&v4&H1&+0&R&z0:5]:[c&D2&v4&H1&+0&R&z1:4]:[n&D3&v4&H0&+&R:3]:[c&D2&v4&H1&+0&R&z1:2]:1,882
2359,[C&D3&v4&H0&+0&R&z0:1]1=[C&D2&v4&H1&+0&R&z1:2]-[N&D3&v3&H0&+0&R:3]-[C&D2&v4&H1&+0&R&z1:4]=[C&D2&v4&H1&+0&R&z0:5]-[C&D2&v4&H2&+0&R&z0:6]-1.[c&D3&v4&H0&+0&R&z0:7]1:[c&D2&v4&H1&+0&R&z0:8]:[c&D2&v4&H1&+0&R&z0:9]:[c&D3&v4&H0&+0&R&z1:10](-[O&D1&v2&H1&+0&!R:11]):[c&D3&v4&H0&+0&R&z1:12](-[O&D1&v2&H1&+0&!R:13]):[c&D3&v4&H0&+0&R&z1:14]:1>>[c&D3&v4&H0&+0&R&z0:1]1:[c&D2&v4&H1&+0&R&z0:6]:[c&D2&v4&H1&+0&R&z0:5]:[c&D2&v4&H1&+0&R&z1:4]:[n&D3&v4&H0&+&R:3]:[c&D2&v4&H1&+0&R&z1:2]:1.[c&D3&v4&H0&+0&R&z0:7]1:[c&D3&v4&H0&+0&R&z1:14]-[C&D3&v4&H1&+0&R&z1:12](-[O&D1&v2&H1&+0&!R:13])-[C&D3&v4&H1&+0&R&z1:10](-[O&D1&v2&H1&+0&!R:11])-[C&D2&v4&H1&+0&R&z0:9]=[C&D2&v4&H1&+0&R&z0:8]-1,940
2360,[C&D3&v4&H0&+0&!R&z2:1](-[O&D1&v2&H1&+0&!R:2])-[c&D3&v4&H0&+0&R&z0:3].[C&D3&v4&H0&+0&R&z0:4]1=[C&D2&v4&H1&+0&R&z1:5]-[N&D3&v3&H0&+0&R:6]-[C&D2&v4&H1&+0&R&z1:7]=[C&D2&v4&H1&+0&R&z0:8]-[C&D2&v4&H2&+0&R&z0:9]-1.[O&D1&v2&H0&+0&!R:10]=[O&D1&v2&H0&+0&!R:11]>>[O&D0&v2&H2&+0&!R:11].[O&D1&v2&H0&+0&!R:2]=[C&D2&v4&H0&+0&!R&z2:1].[O&D1&v2&H1&+0&!R:10]-[c&D3&v4&H0&+0&R&z1:3].[c&D3&v4&H0&+0&R&z0:4]1:[c&D2&v4&H1&+0&R&z0:9]:[c&D2&v4&H1&+0&R&z0:8]:[c&D2&v4&H1&+0&R&z1:7]:[n&D3&v4&H0&+&R:6]:[c&D2&v4&H1&+0&R&z1:5]:1,794
2361,[C&D3&v4&H0&+0&R&z0:1]1=[C&D2&v4&H1&+0&R&z1:2]-[N&D3&v3&H0&+0&R:3]-[C&D2&v4&H1&+0&R&z1:4]=[C&D2&v4&H1&+0&R&z0:5]-[C&D2&v4&H2&+0&R&z0:6]-1.[O&D1&v2&H0&+0&!R:7]=[O&D1&v2&H0&+0&!R:8].[c&D2&v4&H1&+0&R&z0:9]:[c&D3&v4&H0&+0&R&z1:10]-[S&D4&v6&H0&+0&!R:11]=[O&D1&v2&H0&+0&!R:12]>>[S&D3&v4&H0&+0&!R:11]-[O&D1&v2&H1&+0&!R:12].[c&D3&v4&H0&+0&R&z0:1]1:[c&D2&v4&H1&+0&R&z0:6]:[c&D2&v4&H1&+0&R&z0:5]:[c&D2&v4&H1&+0&R&z1:4]:[n&D3&v4&H0&+&R:3]:[c&D2&v4&H1&+0&R&z1:2]:1.[c&D3&v4&H0&+0&R&z1:10](-[O&D1&v2&H1&+0&!R:8]):[c&D3&v4&H0&+0&R&z1:9]-[O&D1&v2&H1&+0&!R:7],211
2362,[C&D3&v4&H0&+0&!R&z2:1](-[O&D1&v2&H1&+0&!R:2])-[c&D3&v4&H0&+0&R&z0:3].[C&D3&v4&H0&+0&R&z0:4]1=[C&D2&v4&H1&+0&R&z1:5]-[N&D3&v3&H0&+0&R:6]-[C&D2&v4&H1&+0&R&z1:7]=[C&D2&v4&H1&+0&R&z0:8]-[C&D2&v4&H2&+0&R&z0:9]-1.[O&D1&v2&H0&+0&!R:10]=[O&D1&v2&H0&+0&!R:11]>>[O&D0&v2&H2&+0&!R:11].[O&D1&v2&H0&+0&!R:2]=[C&D2&v4&H0&+0&!R&z2:1].[c&D3&v4&H0&+0&R&z0:4]1:[c&D2&v4&H1&+0&R&z0:9]:[c&D2&v4&H1&+0&R&z0:8]:[c&D2&v4&H1&+0&R&z1:7]:[n&D3&v4&H0&+&R:6]:[c&D2&v4&H1&+0&R&z1:5]:1.[c&D3&v4&H0&+0&R&z1:3]-[O&D1&v2&H1&+0&!R:10],794
2363,[C&D3&v4&H0&+0&!R&z2:1]-[O&D2&v2&H0&+0&!R:2].[C&D3&v4&H0&+0&R&z0:3]1=[C&D2&v4&H1&+0&R&z1:4]-[N&D3&v3&H0&+0&R:5]-[C&D2&v4&H1&+0&R&z1:6]=[C&D2&v4&H1&+0&R&z0:7]-[C&D2&v4&H2&+0&R&z0:8]-1>>[C&D2&v4&H1&+0&!R&z1:1].[O&D1&v2&H1&+0&!R:2].[c&D3&v4&H0&+0&R&z0:3]1:[c&D2&v4&H1&+0&R&z0:8]:[c&D2&v4&H1&+0&R&z0:7]:[c&D2&v4&H1&+0&R&z1:6]:[n&D3&v4&H0&+&R:5]:[c&D2&v4&H1&+0&R&z1:4]:1,232
2364,[C&D3&v4&H0&+0&R&z0:1]1=[C&D2&v4&H1&+0&R&z1:2]-[N&D3&v3&H0&+0&R:3]-[C&D2&v4&H1&+0&R&z1:4]=[C&D2&v4&H1&+0&R&z0:5]-[C&D2&v4&H2&+0&R&z0:6]-1.[O&D1&v2&H0&+0&!R:7]=[C&D3&v4&H0&+0&!R&z1:8]>>[O&D1&v2&H1&+0&!R:7]-[C&D3&v4&H1&+0&!R&z1:8].[c&D3&v4&H0&+0&R&z0:1]1:[c&D2&v4&H1&+0&R&z0:6]:[c&D2&v4&H1&+0&R&z0:5]:[c&D2&v4&H1&+0&R&z1:4]:[n&D3&v4&H0&+&R:3]:[c&D2&v4&H1&+0&R&z1:2]:1,559
2365,[C&D3&v4&H0&+0&R&z0:1]1=[C&D2&v4&H1&+0&R&z1:2]-[N&D3&v3&H0&+0&R:3]-[C&D2&v4&H1&+0&R&z1:4]=[C&D2&v4&H1&+0&R&z0:5]-[C&D2&v4&H2&+0&R&z0:6]-1.[O&D1&v2&H0&+0&!R:7]=[C&D2&v4&H1&+0&!R&z2:8]>>[C&D2&v4&H2&+0&!R&z2:8]-[O&D1&v2&H1&+0&!R:7].[c&D3&v4&H0&+0&R&z0:1]1:[c&D2&v4&H1&+0&R&z0:6]:[c&D2&v4&H1&+0&R&z0:5]:[c&D2&v4&H1&+0&R&z1:4]:[n&D3&v4&H0&+&R:3]:[c&D2&v4&H1&+0&R&z1:2]:1,559
2366,[C&D3&v4&H0&+0&R&z0:1]1=[C&D2&v4&H1&+0&R&z1:2]-[N&D3&v3&H0&+0&R:3]-[C&D2&v4&H1&+0&R&z1:4]=[C&D2&v4&H1&+0&R&z0:5]-[C&D2&v4&H2&+0&R&z0:6]-1.[O&D1&v2&H0&+0&!R:7]=[C&D3&v4&H0&+0&R&z1:8]1-[C&D3&v4&H0&+0&R&z1:9]=[C&D3&v4&H0&+0&R&z1:10]-[C&D3&v4&H0&+0&R&z1:11](=[O&D1&v2&H0&+0&!R:12])-[C&D3&v4&H0&+0&R&z1:13]=[C&D3&v4&H0&+0&R&z1:14]-1>>[O&D1&v2&H1&+0&!R:12]-[c&D3&v4&H0&+0&R&z1:11]1:[c&D3&v4&H0&+0&R&z1:10]:[c&D3&v4&H0&+0&R&z1:9]:[c&D3&v4&H0&+0&R&z1:8](-[O&D1&v2&H1&+0&!R:7]):[c&D3&v4&H0&+0&R&z1:14]:[c&D3&v4&H0&+0&R&z1:13]:1.[c&D3&v4&H0&+0&R&z0:1]1:[c&D2&v4&H1&+0&R&z0:6]:[c&D2&v4&H1&+0&R&z0:5]:[c&D2&v4&H1&+0&R&z1:4]:[n&D3&v4&H0&+&R:3]:[c&D2&v4&H1&+0&R&z1:2]:1,841
2367,[C&D3&v4&H0&+0&R&z0:1]1=[C&D2&v4&H1&+0&R&z1:2]-[N&D3&v3&H0&+0&R:3]-[C&D2&v4&H1&+0&R&z1:4]=[C&D2&v4&H1&+0&R&z0:5]-[C&D2&v4&H2&+0&R&z0:6]-1.[O&D1&v2&H0&+0&!R:7]=[C&D3&v4&H0&+0&R&z1:8]>>[C&D3&v4&H1&+0&R&z1:8]-[O&D1&v2&H1&+0&!R:7].[c&D3&v4&H0&+0&R&z0:1]1:[c&D2&v4&H1&+0&R&z0:6]:[c&D2&v4&H1&+0&R&z0:5]:[c&D2&v4&H1&+0&R&z1:4]:[n&D3&v4&H0&+&R:3]:[c&D2&v4&H1&+0&R&z1:2]:1,559
2368,[C&D3&v4&H0&+0&R&z0:1]1=[C&D2&v4&H1&+0&R&z1:2]-[N&D3&v3&H0&+0&R:3]-[C&D2&v4&H1&+0&R&z1:4]=[C&D2&v4&H1&+0&R&z0:5]-[C&D2&v4&H2&+0&R&z0:6]-1.[O&D1&v2&H0&+0&!R:7]=[C&D3&v4&H0&+0&R&z1:8]>>[O&D1&v2&H1&+0&!R:7]-[C&D3&v4&H1&+0&R&z1:8].[c&D3&v4&H0&+0&R&z0:1]1:[c&D2&v4&H1&+0&R&z0:6]:[c&D2&v4&H1&+0&R&z0:5]:[c&D2&v4&H1&+0&R&z1:4]:[n&D3&v4&H0&+&R:3]:[c&D2&v4&H1&+0&R&z1:2]:1,559
2369,[C&D3&v4&H0&+0&R&z0:1]1=[C&D2&v4&H1&+0&R&z1:2]-[N&D3&v3&H0&+0&R:3]-[C&D2&v4&H1&+0&R&z1:4]=[C&D2&v4&H1&+0&R&z0:5]-[C&D2&v4&H2&+0&R&z0:6]-1.[O&D1&v2&H0&+0&!R:7]=[C&D3&v4&H0&+0&R&z1:8]1-[C&D2&v4&H1&+0&R&z0:9]=[C&D2&v4&H1&+0&R&z0:10]-[C&D3&v4&H0&+0&R&z1:11](=[O&D1&v2&H0&+0&!R:12])-[C&D3&v4&H0&+0&R&z1:13]=[C&D2&v4&H1&+0&R&z0:14]-1>>[O&D1&v2&H1&+0&!R:7]-[c&D3&v4&H0&+0&R&z1:8]1:[c&D2&v4&H1&+0&R&z0:9]:[c&D2&v4&H1&+0&R&z0:10]:[c&D3&v4&H0&+0&R&z1:11](-[O&D1&v2&H1&+0&!R:12]):[c&D3&v4&H0&+0&R&z1:13]:[c&D2&v4&H1&+0&R&z0:14]:1.[c&D3&v4&H0&+0&R&z0:1]1:[c&D2&v4&H1&+0&R&z0:6]:[c&D2&v4&H1&+0&R&z0:5]:[c&D2&v4&H1&+0&R&z1:4]:[n&D3&v4&H0&+&R:3]:[c&D2&v4&H1&+0&R&z1:2]:1,841
2370,[C&D3&v4&H0&+0&R&z0:1]1=[C&D2&v4&H1&+0&R&z1:2]-[N&D3&v3&H0&+0&R:3]-[C&D2&v4&H1&+0&R&z1:4]=[C&D2&v4&H1&+0&R&z0:5]-[C&D2&v4&H2&+0&R&z0:6]-1.[O&D1&v2&H0&+0&!R:7]=[C&D3&v4&H0&+0&R&z1:8]1-[C&D2&v4&H1&+0&R&z0:9]=[C&D2&v4&H1&+0&R&z0:10]-[C&D3&v4&H0&+0&R&z1:11](=[O&D1&v2&H0&+0&!R:12])-[C&D2&v4&H1&+0&R&z0:13]=[C&D2&v4&H1&+0&R&z0:14]-1>>[O&D1&v2&H1&+0&!R:12]-[c&D3&v4&H0&+0&R&z1:11]1:[c&D2&v4&H1&+0&R&z0:10]:[c&D2&v4&H1&+0&R&z0:9]:[c&D3&v4&H0&+0&R&z1:8](-[O&D1&v2&H1&+0&!R:7]):[c&D2&v4&H1&+0&R&z0:14]:[c&D2&v4&H1&+0&R&z0:13]:1.[c&D3&v4&H0&+0&R&z0:1]1:[c&D2&v4&H1&+0&R&z0:6]:[c&D2&v4&H1&+0&R&z0:5]:[c&D2&v4&H1&+0&R&z1:4]:[n&D3&v4&H0&+&R:3]:[c&D2&v4&H1&+0&R&z1:2]:1,841
2371,[C&D2&v4&H1&+0&R&z0:1]=[C&D2&v4&H1&+0&R&z0:2].[C&D3&v4&H0&+0&R&z0:3]1=[C&D2&v4&H1&+0&R&z1:4]-[N&D3&v3&H0&+0&R:5]-[C&D2&v4&H1&+0&R&z1:6]=[C&D2&v4&H1&+0&R&z0:7]-[C&D2&v4&H2&+0&R&z0:8]-1>>[C&D2&v4&H2&+0&R&z0:2]-[C&D2&v4&H2&+0&R&z0:1].[c&D3&v4&H0&+0&R&z0:3]1:[c&D2&v4&H1&+0&R&z0:8]:[c&D2&v4&H1&+0&R&z0:7]:[c&D2&v4&H1&+0&R&z1:6]:[n&D3&v4&H0&+&R:5]:[c&D2&v4&H1&+0&R&z1:4]:1,515
2372,[C&D3&v4&H0&+0&R&z0:1]1=[C&D2&v4&H1&+0&R&z1:2]-[N&D3&v3&H0&+0&R:3]-[C&D2&v4&H1&+0&R&z1:4]=[C&D2&v4&H1&+0&R&z0:5]-[C&D2&v4&H2&+0&R&z0:6]-1.[C&D3&v4&H0&+0&R&z1:7]=[C&D3&v4&H0&+0&R&z1:8]>>[C&D3&v4&H1&+0&R&z1:7]-[C&D3&v4&H1&+0&R&z1:8].[c&D3&v4&H0&+0&R&z0:1]1:[c&D2&v4&H1&+0&R&z0:6]:[c&D2&v4&H1&+0&R&z0:5]:[c&D2&v4&H1&+0&R&z1:4]:[n&D3&v4&H0&+&R:3]:[c&D2&v4&H1&+0&R&z1:2]:1,515
2373,[C&D3&v4&H0&+0&R&z0:1]1=[C&D2&v4&H1&+0&R&z1:2]-[N&D3&v3&H0&+0&R:3]-[C&D2&v4&H1&+0&R&z1:4]=[C&D2&v4&H1&+0&R&z0:5]-[C&D2&v4&H2&+0&R&z0:6]-1.[O&D1&v2&H0&+0&!R:7]=[C&D3&v4&H0&+0&R&z2:8]>>[C&D3&v4&H1&+0&R&z2:8]-[O&D1&v2&H1&+0&!R:7].[c&D3&v4&H0&+0&R&z0:1]1:[c&D2&v4&H1&+0&R&z0:6]:[c&D2&v4&H1&+0&R&z0:5]:[c&D2&v4&H1&+0&R&z1:4]:[n&D3&v4&H0&+&R:3]:[c&D2&v4&H1&+0&R&z1:2]:1,559
2374,[C&D3&v4&H0&+0&R&z0:1]1=[C&D2&v4&H1&+0&R&z1:2]-[N&D3&v3&H0&+0&R:3]-[C&D2&v4&H1&+0&R&z1:4]=[C&D2&v4&H1&+0&R&z0:5]-[C&D2&v4&H2&+0&R&z0:6]-1.[O&D1&v2&H0&+0&!R:7]=[C&D2&v4&H0&+0&!R&z2:8].[O&D1&v2&H0&+0&!R:9]=[C&D3&v4&H0&+0&R&z1:10]-[C&D2&v4&H2&+0&R&z1:11]>>[C&D3&v4&H0&+0&!R&z2:8](-[O&D1&v2&H1&+0&!R:7])-[C&D3&v4&H1&+0&R&z1:11]-[C&D3&v4&H1&+0&R&z1:10]-[O&D1&v2&H1&+0&!R:9].[c&D3&v4&H0&+0&R&z0:1]1:[c&D2&v4&H1&+0&R&z0:6]:[c&D2&v4&H1&+0&R&z0:5]:[c&D2&v4&H1&+0&R&z1:4]:[n&D3&v4&H0&+&R:3]:[c&D2&v4&H1&+0&R&z1:2]:1,942
2375,[C&D3&v4&H0&+0&R&z0:1]1=[C&D2&v4&H1&+0&R&z1:2]-[N&D3&v3&H0&+0&R:3]-[C&D2&v4&H1&+0&R&z1:4]=[C&D2&v4&H1&+0&R&z0:5]-[C&D2&v4&H2&+0&R&z0:6]-1.([N&D2&v3&H1&+0&R:7].[c&D3&v4&H0&+0&R&z0:8]1:[c&D2&v4&H1&+0&R&z1:9]:[n&D2&v3&H1&+0&R:10]:[c&D3&v4&H0&+0&R&z1:11]:[c&D3&v4&H0&+0&R&z0:12]:1).[O&D1&v2&H0&+0&!R:13]=[O&D1&v2&H0&+0&!R:14]>>[C&D4&v4&H0&+0&R&z1:8]1(-[O&D1&v2&H1&+0&!R:13])-[c&D3&v4&H0&+0&R&z0:12]:[c&D3&v4&H0&+0&R&z1:11]-[N&D2&v3&H1&+0&R:10]-[C&D3&v4&H1&+0&R&z2:9]-1-[N&D3&v3&H0&+0&R:7].[O&D0&v2&H2&+0&!R:14].[c&D3&v4&H0&+0&R&z0:1]1:[c&D2&v4&H1&+0&R&z0:6]:[c&D2&v4&H1&+0&R&z0:5]:[c&D2&v4&H1&+0&R&z1:4]:[n&D3&v4&H0&+&R:3]:[c&D2&v4&H1&+0&R&z1:2]:1,684
2376,[C&D3&v4&H0&+0&R&z0:1]1=[C&D2&v4&H1&+0&R&z1:2]-[N&D3&v3&H0&+0&R:3]-[C&D2&v4&H1&+0&R&z1:4]=[C&D2&v4&H1&+0&R&z0:5]-[C&D2&v4&H2&+0&R&z0:6]-1.([O&D1&v2&H0&+0&!R:7]=[C&D3&v4&H0&+0&R&z2:8]-[O&D2&v2&H0&+0&R:9].[O&D1&v2&H1&+0&!R:10])>>([O&D1&v2&H1&+0&!R:9].[O&D2&v2&H0&+0&R:10]-[C&D3&v4&H1&+0&R&z2:8]-[O&D1&v2&H1&+0&!R:7]).[c&D3&v4&H0&+0&R&z0:1]1:[c&D2&v4&H1&+0&R&z0:6]:[c&D2&v4&H1&+0&R&z0:5]:[c&D2&v4&H1&+0&R&z1:4]:[n&D3&v4&H0&+&R:3]:[c&D2&v4&H1&+0&R&z1:2]:1,30
2377,[C&D3&v4&H0&+0&R&z0:1]1=[C&D2&v4&H1&+0&R&z1:2]-[N&D3&v3&H0&+0&R:3]-[C&D2&v4&H1&+0&R&z1:4]=[C&D2&v4&H1&+0&R&z0:5]-[C&D2&v4&H2&+0&R&z0:6]-1.[O&D1&v2&H0&+0&!R:7]=[C&D2&v4&H0&+0&!R&z2:8].[O&D1&v2&H1&+0&!R:9]-[c&D3&v4&H0&+0&R&z1:10]1:[c&D2&v4&H1&+0&R&z0:11]:[c&D2&v4&H1&+0&R&z0:12]:[c&D2&v4&H1&+0&R&z0:13]:[c&D2&v4&H1&+0&R&z0:14]:[c&D3&v4&H0&+0&R&z1:15]:1>>[C&D3&v4&H0&+0&!R&z2:8](-[O&D1&v2&H1&+0&!R:7])-[C&D4&v4&H0&+0&R&z1:10]1(-[O&D1&v2&H1&+0&!R:9])-[C&D2&v4&H1&+0&R&z0:11]=[C&D2&v4&H1&+0&R&z0:12]-[C&D2&v4&H1&+0&R&z0:13]=[C&D2&v4&H1&+0&R&z0:14]-[C&D3&v4&H1&+0&R&z1:15]-1.[c&D3&v4&H0&+0&R&z0:1]1:[c&D2&v4&H1&+0&R&z0:6]:[c&D2&v4&H1&+0&R&z0:5]:[c&D2&v4&H1&+0&R&z1:4]:[n&D3&v4&H0&+&R:3]:[c&D2&v4&H1&+0&R&z1:2]:1,186
2378,[C&D3&v4&H0&+0&R&z0:1]1=[C&D2&v4&H1&+0&R&z1:2]-[N&D3&v3&H0&+0&R:3]-[C&D2&v4&H1&+0&R&z1:4]=[C&D2&v4&H1&+0&R&z0:5]-[C&D2&v4&H2&+0&R&z0:6]-1.[O&D1&v2&H0&+0&!R:7]=[C&D2&v4&H0&+0&!R&z2:8]>>[C&D2&v4&H1&+0&!R&z2:8]-[O&D1&v2&H1&+0&!R:7].[c&D3&v4&H0&+0&R&z0:1]1:[c&D2&v4&H1&+0&R&z0:6]:[c&D2&v4&H1&+0&R&z0:5]:[c&D2&v4&H1&+0&R&z1:4]:[n&D3&v4&H0&+&R:3]:[c&D2&v4&H1&+0&R&z1:2]:1,559
2379,[C&D3&v4&H0&+0&R&z0:1]1=[C&D2&v4&H1&+0&R&z1:2]-[N&D3&v3&H0&+0&R:3]-[C&D2&v4&H1&+0&R&z1:4]=[C&D2&v4&H1&+0&R&z0:5]-[C&D2&v4&H2&+0&R&z0:6]-1.[O&D1&v2&H0&+0&!R:7]=[C&D2&v4&H1&+0&!R&z1:8]>>[O&D1&v2&H1&+0&!R:7]-[C&D2&v4&H2&+0&!R&z1:8].[c&D3&v4&H0&+0&R&z0:1]1:[c&D2&v4&H1&+0&R&z0:6]:[c&D2&v4&H1&+0&R&z0:5]:[c&D2&v4&H1&+0&R&z1:4]:[n&D3&v4&H0&+&R:3]:[c&D2&v4&H1&+0&R&z1:2]:1,559
2380,[C&D3&v4&H0&+0&R&z0:1]1=[C&D2&v4&H1&+0&R&z1:2]-[N&D3&v3&H0&+0&R:3]-[C&D2&v4&H1&+0&R&z1:4]=[C&D2&v4&H1&+0&R&z0:5]-[C&D2&v4&H2&+0&R&z0:6]-1.[O&D1&v2&H0&+0&!R:7]=[C&D2&v4&H1&+0&!R&z1:8]>>[C&D2&v4&H2&+0&!R&z1:8]-[O&D1&v2&H1&+0&!R:7].[c&D3&v4&H0&+0&R&z0:1]1:[c&D2&v4&H1&+0&R&z0:6]:[c&D2&v4&H1&+0&R&z0:5]:[c&D2&v4&H1&+0&R&z1:4]:[n&D3&v4&H0&+&R:3]:[c&D2&v4&H1&+0&R&z1:2]:1,559
2381,[C&D2&v4&H1&+0&!R&z2:1]-[O&D1&v2&H1&+0&!R:2].[C&D3&v4&H0&+0&R&z0:3]1=[C&D2&v4&H1&+0&R&z1:4]-[N&D3&v3&H0&+0&R:5]-[C&D2&v4&H1&+0&R&z1:6]=[C&D2&v4&H1&+0&R&z0:7]-[C&D2&v4&H2&+0&R&z0:8]-1>>[C&D1&v4&H2&+0&!R&z1:1].[O&D0&v2&H2&+0&!R:2].[c&D3&v4&H0&+0&R&z0:3]1:[c&D2&v4&H1&+0&R&z0:8]:[c&D2&v4&H1&+0&R&z0:7]:[c&D2&v4&H1&+0&R&z1:6]:[n&D3&v4&H0&+&R:5]:[c&D2&v4&H1&+0&R&z1:4]:1,232
2382,[C&D3&v4&H0&+0&R&z0:1]1=[C&D2&v4&H1&+0&R&z1:2]-[N&D3&v3&H0&+0&R:3]-[C&D2&v4&H1&+0&R&z1:4]=[C&D2&v4&H1&+0&R&z0:5]-[C&D2&v4&H2&+0&R&z0:6]-1.[N&D3&v4&H0&+&!R:7]-[c&D3&v4&H0&+0&R&z1:8]:[c&D2&v4&H1&+0&R&z0:9].[O&D1&v2&H0&+0&!R:10]=[O&D1&v2&H0&+0&!R:11]>>[N&D2&v3&H0&+0&!R:7].[c&D3&v4&H0&+0&R&z0:1]1:[c&D2&v4&H1&+0&R&z0:6]:[c&D2&v4&H1&+0&R&z0:5]:[c&D2&v4&H1&+0&R&z1:4]:[n&D3&v4&H0&+&R:3]:[c&D2&v4&H1&+0&R&z1:2]:1.[c&D3&v4&H0&+0&R&z1:8](-[O&D1&v2&H1&+0&!R:11]):[c&D3&v4&H0&+0&R&z1:9]-[O&D1&v2&H1&+0&!R:10],759
2383,[C&D3&v4&H0&+0&R&z0:1]1=[C&D2&v4&H1&+0&R&z1:2]-[N&D3&v3&H0&+0&R:3]-[C&D2&v4&H1&+0&R&z1:4]=[C&D2&v4&H1&+0&R&z0:5]-[C&D2&v4&H2&+0&R&z0:6]-1.[N&D3&v4&H0&+&!R:7]-[c&D3&v4&H0&+0&R&z1:8]:[c&D2&v4&H1&+0&R&z0:9].[O&D1&v2&H0&+0&!R:10]=[O&D1&v2&H0&+0&!R:11]>>[N&D2&v3&H0&+0&!R:7].[O&D1&v2&H1&+0&!R:10]-[c&D3&v4&H0&+0&R&z1:9]:[c&D3&v4&H0&+0&R&z1:8]-[O&D1&v2&H1&+0&!R:11].[c&D3&v4&H0&+0&R&z0:1]1:[c&D2&v4&H1&+0&R&z0:6]:[c&D2&v4&H1&+0&R&z0:5]:[c&D2&v4&H1&+0&R&z1:4]:[n&D3&v4&H0&+&R:3]:[c&D2&v4&H1&+0&R&z1:2]:1,759
2384,[C&D3&v4&H0&+0&R&z0:1]1=[C&D2&v4&H1&+0&R&z1:2]-[N&D3&v3&H0&+0&R:3]-[C&D2&v4&H1&+0&R&z1:4]=[C&D2&v4&H1&+0&R&z0:5]-[C&D2&v4&H2&+0&R&z0:6]-1.[N&D3&v4&H0&+&!R:7]-[c&D3&v4&H0&+0&R&z1:8]:[c&D2&v4&H1&+0&R&z0:9].[O&D1&v2&H0&+0&!R:10]=[O&D1&v2&H0&+0&!R:11]>>[N&D2&v3&H0&+0&!R:7].[O&D1&v2&H1&+0&!R:11]-[c&D3&v4&H0&+0&R&z1:8]:[c&D3&v4&H0&+0&R&z1:9]-[O&D1&v2&H1&+0&!R:10].[c&D3&v4&H0&+0&R&z0:1]1:[c&D2&v4&H1&+0&R&z0:6]:[c&D2&v4&H1&+0&R&z0:5]:[c&D2&v4&H1&+0&R&z1:4]:[n&D3&v4&H0&+&R:3]:[c&D2&v4&H1&+0&R&z1:2]:1,759
2385,[C&D3&v4&H0&+0&R&z0:1]1=[C&D2&v4&H1&+0&R&z1:2]-[N&D3&v3&H0&+0&R:3]-[C&D2&v4&H1&+0&R&z1:4]=[C&D2&v4&H1&+0&R&z0:5]-[C&D2&v4&H2&+0&R&z0:6]-1.[N&D3&v4&H0&+&!R:7]-[c&D3&v4&H0&+0&R&z1:8]:[c&D2&v4&H1&+0&R&z0:9].[O&D1&v2&H0&+0&!R:10]=[O&D1&v2&H0&+0&!R:11]>>[N&D2&v3&H0&+0&!R:7].[c&D3&v4&H0&+0&R&z0:1]1:[c&D2&v4&H1&+0&R&z0:6]:[c&D2&v4&H1&+0&R&z0:5]:[c&D2&v4&H1&+0&R&z1:4]:[n&D3&v4&H0&+&R:3]:[c&D2&v4&H1&+0&R&z1:2]:1.[c&D3&v4&H0&+0&R&z1:9](-[O&D1&v2&H1&+0&!R:10]):[c&D3&v4&H0&+0&R&z1:8]-[O&D1&v2&H1&+0&!R:11],759
2386,[C&D3&v4&H0&+0&R&z0:1]1=[C&D2&v4&H1&+0&R&z1:2]-[N&D3&v3&H0&+0&R:3]-[C&D2&v4&H1&+0&R&z1:4]=[C&D2&v4&H1&+0&R&z0:5]-[C&D2&v4&H2&+0&R&z0:6]-1.[O&D1&v2&H0&+0&!R:7]=[O&D1&v2&H0&+0&!R:8].[c&D3&v4&H0&+0&R&z0:9]1:[c&D2&v4&H1&+0&R&z0:10]:[c&D2&v4&H1&+0&R&z0:11]:[c&D2&v4&H1&+0&R&z0:12]:[c&D2&v4&H1&+0&R&z0:13]:[c&D3&v4&H0&+0&R&z1:14]:1>>[c&D3&v4&H0&+0&R&z0:1]1:[c&D2&v4&H1&+0&R&z0:6]:[c&D2&v4&H1&+0&R&z0:5]:[c&D2&v4&H1&+0&R&z1:4]:[n&D3&v4&H0&+&R:3]:[c&D2&v4&H1&+0&R&z1:2]:1.[c&D3&v4&H0&+0&R&z0:9]1:[c&D3&v4&H0&+0&R&z1:14]-[C&D2&v4&H1&+0&R&z0:13]=[C&D2&v4&H1&+0&R&z0:12]-[C&D3&v4&H1&+0&R&z1:11](-[O&D1&v2&H1&+0&!R:8])-[C&D3&v4&H1&+0&R&z1:10]-1-[O&D1&v2&H1&+0&!R:7],843
2387,[C&D3&v4&H0&+0&R&z0:1]1=[C&D2&v4&H1&+0&R&z1:2]-[N&D3&v3&H0&+0&R:3]-[C&D2&v4&H1&+0&R&z1:4]=[C&D2&v4&H1&+0&R&z0:5]-[C&D2&v4&H2&+0&R&z0:6]-1.[O&D1&v2&H0&+0&!R:7]=[O&D1&v2&H0&+0&!R:8].[c&D2&v4&H1&+0&R&z0:9]>>[O&D0&v2&H2&+0&!R:8].[O&D1&v2&H1&+0&!R:7]-[c&D3&v4&H0&+0&R&z1:9].[c&D3&v4&H0&+0&R&z0:1]1:[c&D2&v4&H1&+0&R&z0:6]:[c&D2&v4&H1&+0&R&z0:5]:[c&D2&v4&H1&+0&R&z1:4]:[n&D3&v4&H0&+&R:3]:[c&D2&v4&H1&+0&R&z1:2]:1,710
2388,[C&D3&v4&H0&+0&R&z0:1]1=[C&D2&v4&H1&+0&R&z1:2]-[N&D3&v3&H0&+0&R:3]-[C&D2&v4&H1&+0&R&z1:4]=[C&D2&v4&H1&+0&R&z0:5]-[C&D2&v4&H2&+0&R&z0:6]-1.[O&D1&v2&H0&+0&!R:7]=[O&D1&v2&H0&+0&!R:8].[c&D3&v4&H0&+0&R&z0:9]1:[c&D3&v4&H0&+0&R&z1:10](:[c&D2&v4&H1&+0&R&z0:11]):[n&D2&v3&H1&+0&R:12]:[c&D3&v4&H0&+0&R&z1:13]:[c&D3&v4&H0&+0&R&z0:14]:1>>[N&D1&v3&H2&+0&!R:12]-[c&D3&v4&H0&+0&R&z1:13]:[c&D3&v4&H0&+0&R&z0:14]-[c&D3&v4&H0&+0&R&z0:9]:[c&D3&v4&H0&+0&R&z1:10](:[c&D3&v4&H0&+0&R&z1:11]-[O&D1&v2&H1&+0&!R:8])-[O&D1&v2&H1&+0&!R:7].[c&D3&v4&H0&+0&R&z0:1]1:[c&D2&v4&H1&+0&R&z0:6]:[c&D2&v4&H1&+0&R&z0:5]:[c&D2&v4&H1&+0&R&z1:4]:[n&D3&v4&H0&+&R:3]:[c&D2&v4&H1&+0&R&z1:2]:1,116
2389,[C&D3&v4&H0&+0&R&z0:1]1=[C&D2&v4&H1&+0&R&z1:2]-[N&D3&v3&H0&+0&R:3]-[C&D2&v4&H1&+0&R&z1:4]=[C&D2&v4&H1&+0&R&z0:5]-[C&D2&v4&H2&+0&R&z0:6]-1.[O&D1&v2&H0&+0&!R:7]=[O&D1&v2&H0&+0&!R:8].[c&D2&v4&H1&+0&R&z0:9]1:[c&D2&v4&H1&+0&R&z0:10]:[c&D2&v4&H1&+0&R&z0:11]:[c&D3&v4&H0&+0&R&z0:12]:[c&D3&v4&H0&+0&R&z0:13]:[c&D2&v4&H1&+0&R&z0:14]:1>>[O&D1&v2&H1&+0&!R:8]-[C&D3&v4&H1&+0&R&z1:9]1-[C&D2&v4&H1&+0&R&z0:10]=[C&D2&v4&H1&+0&R&z0:11]-[c&D3&v4&H0&+0&R&z0:12]:[c&D3&v4&H0&+0&R&z0:13]-[C&D3&v4&H1&+0&R&z1:14]-1-[O&D1&v2&H1&+0&!R:7].[c&D3&v4&H0&+0&R&z0:1]1:[c&D2&v4&H1&+0&R&z0:6]:[c&D2&v4&H1&+0&R&z0:5]:[c&D2&v4&H1&+0&R&z1:4]:[n&D3&v4&H0&+&R:3]:[c&D2&v4&H1&+0&R&z1:2]:1,843
2390,[C&D3&v4&H0&+0&R&z0:1]1=[C&D2&v4&H1&+0&R&z1:2]-[N&D3&v3&H0&+0&R:3]-[C&D2&v4&H1&+0&R&z1:4]=[C&D2&v4&H1&+0&R&z0:5]-[C&D2&v4&H2&+0&R&z0:6]-1.[O&D2&v2&H0&+0&R:7]-[C&D4&v4&H0&+0&R&z2:8]>>([C&D3&v4&H1&+0&!R&z1:8].[O&D1&v2&H1&+0&!R:7]).[c&D3&v4&H0&+0&R&z0:1]1:[c&D2&v4&H1&+0&R&z0:6]:[c&D2&v4&H1&+0&R&z0:5]:[c&D2&v4&H1&+0&R&z1:4]:[n&D3&v4&H0&+&R:3]:[c&D2&v4&H1&+0&R&z1:2]:1,530
2391,[C&D3&v4&H0&+0&R&z0:1]1=[C&D2&v4&H1&+0&R&z1:2]-[N&D3&v3&H0&+0&R:3]-[C&D2&v4&H1&+0&R&z1:4]=[C&D2&v4&H1&+0&R&z0:5]-[C&D2&v4&H2&+0&R&z0:6]-1.[N&D3&v4&H0&+&!R:7]-[O&D2&v2&H0&+0&!R:8]>>[N&D2&v3&H0&+0&!R:7].[O&D1&v2&H1&+0&!R:8].[c&D3&v4&H0&+0&R&z0:1]1:[c&D2&v4&H1&+0&R&z0:6]:[c&D2&v4&H1&+0&R&z0:5]:[c&D2&v4&H1&+0&R&z1:4]:[n&D3&v4&H0&+&R:3]:[c&D2&v4&H1&+0&R&z1:2]:1,709
2392,[C&D3&v4&H0&+0&R&z0:1]1=[C&D2&v4&H1&+0&R&z1:2]-[N&D3&v3&H0&+0&R:3]-[C&D2&v4&H1&+0&R&z1:4]=[C&D2&v4&H1&+0&R&z0:5]-[C&D2&v4&H2&+0&R&z0:6]-1.[O&D2&v2&H0&+0&!R:7]-[N&D3&v4&H0&+&!R:8]>>[N&D2&v3&H0&+0&!R:8].[O&D1&v2&H1&+0&!R:7].[c&D3&v4&H0&+0&R&z0:1]1:[c&D2&v4&H1&+0&R&z0:6]:[c&D2&v4&H1&+0&R&z0:5]:[c&D2&v4&H1&+0&R&z1:4]:[n&D3&v4&H0&+&R:3]:[c&D2&v4&H1&+0&R&z1:2]:1,709
2393,[C&D3&v4&H0&+0&R&z0:1]1=[C&D2&v4&H1&+0&R&z1:2]-[N&D3&v3&H0&+0&R:3]-[C&D2&v4&H1&+0&R&z1:4]=[C&D2&v4&H1&+0&R&z0:5]-[C&D2&v4&H2&+0&R&z0:6]-1.[c&D3&v4&H0&+0&R&z2:7]1:[c&D2&v4&H1&+0&R&z0:8]:[c&D2&v4&H1&+0&R&z1:9]:[n&D2&v3&H1&+0&R:10]:[c&D3&v4&H0&+0&R&z3:11]:[n&D2&v3&H1&+0&R:12]:1>>[C&D3&v4&H0&+0&R&z2:7]1-[C&D2&v4&H2&+0&R&z0:8]-[C&D2&v4&H2&+0&R&z1:9]-[N&D2&v3&H1&+0&R:10]-[C&D3&v4&H0&+0&R&z3:11]-[N&D2&v3&H1&+0&R:12]-1.[c&D3&v4&H0&+0&R&z0:1]1:[c&D2&v4&H1&+0&R&z0:6]:[c&D2&v4&H1&+0&R&z0:5]:[c&D2&v4&H1&+0&R&z1:4]:[n&D3&v4&H0&+&R:3]:[c&D2&v4&H1&+0&R&z1:2]:1,882
2394,[C&D2&v4&H1&+0&R&z1:1]=[C&D2&v4&H1&+0&R&z0:2].[O&D0&v2&H2&+0&!R:3]>>[C&D3&v4&H1&+0&R&z2:1](-[O&D1&v2&H1&+0&!R:3])-[C&D2&v4&H2&+0&R&z0:2],703
2395,[C&D3&v4&H0&+0&R&z0:1]1=[C&D2&v4&H1&+0&R&z1:2]-[N&D3&v3&H0&+0&R:3]-[C&D2&v4&H1&+0&R&z1:4]=[C&D2&v4&H1&+0&R&z0:5]-[C&D2&v4&H2&+0&R&z0:6]-1.[O&D1&v2&H1&+0&!R:7]-[O&D1&v2&H1&+0&!R:8]>>[O&D0&v2&H2&+0&!R:7].[O&D0&v2&H2&+0&!R:8].[c&D3&v4&H0&+0&R&z0:1]1:[c&D2&v4&H1&+0&R&z0:6]:[c&D2&v4&H1&+0&R&z0:5]:[c&D2&v4&H1&+0&R&z1:4]:[n&D3&v4&H0&+&R:3]:[c&D2&v4&H1&+0&R&z1:2]:1,650
2396,[C&D3&v4&H0&+0&R&z0:1]1=[C&D2&v4&H1&+0&R&z1:2]-[N&D3&v3&H0&+0&R:3]-[C&D2&v4&H1&+0&R&z1:4]=[C&D2&v4&H1&+0&R&z0:5]-[C&D2&v4&H2&+0&R&z0:6]-1.[O&D1&v2&H1&+0&!R:7]-[c&D3&v4&H0&+0&R&z1:8]1:[c&D2&v4&H1&+0&R&z0:9]:[c&D2&v4&H1&+0&R&z0:10]:[c&D3&v4&H0&+0&R&z0:11]:[c&D3&v4&H0&+0&R&z0:12]:[c&D3&v4&H0&+0&R&z1:13]:1-[O&D1&v2&H1&+0&!R:14]>>[O&D1&v2&H1&+0&!R:7]-[C&D3&v4&H1&+0&R&z1:8]1-[C&D2&v4&H1&+0&R&z0:9]=[C&D2&v4&H1&+0&R&z0:10]-[c&D3&v4&H0&+0&R&z0:11]:[c&D3&v4&H0&+0&R&z0:12]-[C&D3&v4&H1&+0&R&z1:13]-1-[O&D1&v2&H1&+0&!R:14].[c&D3&v4&H0&+0&R&z0:1]1:[c&D2&v4&H1&+0&R&z0:6]:[c&D2&v4&H1&+0&R&z0:5]:[c&D2&v4&H1&+0&R&z1:4]:[n&D3&v4&H0&+&R:3]:[c&D2&v4&H1&+0&R&z1:2]:1,940
2397,[C&D3&v4&H0&+0&R&z0:1]1=[C&D2&v4&H1&+0&R&z1:2]-[N&D3&v3&H0&+0&R:3]-[C&D2&v4&H1&+0&R&z1:4]=[C&D2&v4&H1&+0&R&z0:5]-[C&D2&v4&H2&+0&R&z0:6]-1.[O&D1&v2&H1&+0&!R:7]-[c&D3&v4&H0&+0&R&z1:8]1:[c&D2&v4&H1&+0&R&z0:9]:[c&D2&v4&H1&+0&R&z0:10]:[c&D3&v4&H0&+0&R&z1:11]:[c&D3&v4&H0&+0&R&z0:12]:[c&D3&v4&H0&+0&R&z1:13]:1-[O&D1&v2&H1&+0&!R:14]>>[O&D1&v2&H1&+0&!R:7]-[C&D3&v4&H1&+0&R&z1:8]1-[C&D2&v4&H1&+0&R&z0:9]=[C&D2&v4&H1&+0&R&z0:10]-[c&D3&v4&H0&+0&R&z1:11]:[c&D3&v4&H0&+0&R&z0:12]-[C&D3&v4&H1&+0&R&z1:13]-1-[O&D1&v2&H1&+0&!R:14].[c&D3&v4&H0&+0&R&z0:1]1:[c&D2&v4&H1&+0&R&z0:6]:[c&D2&v4&H1&+0&R&z0:5]:[c&D2&v4&H1&+0&R&z1:4]:[n&D3&v4&H0&+&R:3]:[c&D2&v4&H1&+0&R&z1:2]:1,940
2398,[C&D3&v4&H0&+0&R&z0:1]1=[C&D2&v4&H1&+0&R&z1:2]-[N&D3&v3&H0&+0&R:3]-[C&D2&v4&H1&+0&R&z1:4]=[C&D2&v4&H1&+0&R&z0:5]-[C&D2&v4&H2&+0&R&z0:6]-1.[c&D3&v4&H0&+0&R&z1:7](:[c&D3&v4&H0&+0&R&z2:8]=[N&D2&v3&H0&+0&R:9])=[N&D2&v3&H0&+0&R:10]>>[c&D3&v4&H0&+0&R&z0:1]1:[c&D2&v4&H1&+0&R&z0:6]:[c&D2&v4&H1&+0&R&z0:5]:[c&D2&v4&H1&+0&R&z1:4]:[n&D3&v4&H0&+&R:3]:[c&D2&v4&H1&+0&R&z1:2]:1.[c&D3&v4&H0&+0&R&z1:7](:[c&D3&v4&H0&+0&R&z2:8]-[N&D2&v3&H1&+0&R:9])-[N&D2&v3&H1&+0&R:10],204
2399,[C&D3&v4&H0&+0&R&z0:1]1=[C&D2&v4&H1&+0&R&z1:2]-[N&D3&v3&H0&+0&R:3]-[C&D2&v4&H2&+0&R&z1:4]-[C&D2&v4&H1&+0&R&z0:5]=[C&D2&v4&H1&+0&R&z0:6]-1.[O&D1&v2&H0&+0&!R:7]=[O&D1&v2&H0&+0&!R:8]>>[O&D1&v2&H1&+0&!R:7]-[O&D1&v2&H1&+0&!R:8].[c&D3&v4&H0&+0&R&z0:1]1:[c&D2&v4&H1&+0&R&z0:6]:[c&D2&v4&H1&+0&R&z0:5]:[c&D2&v4&H1&+0&R&z1:4]:[n&D3&v4&H0&+&R:3]:[c&D2&v4&H1&+0&R&z1:2]:1,898
2400,[C&D3&v4&H0&+0&R&z0:1]1=[C&D2&v4&H1&+0&R&z1:2]-[N&D3&v3&H0&+0&R:3]-[C&D2&v4&H1&+0&R&z1:4]=[C&D2&v4&H1&+0&R&z0:5]-[C&D2&v4&H2&+0&R&z0:6]-1.[S&D2&v2&H0&+0&!R:7]-[#34:8]>>[#34&H1:8].[S&D1&v2&H1&+0&!R:7].[c&D3&v4&H0&+0&R&z0:1]1:[c&D2&v4&H1&+0&R&z0:6]:[c&D2&v4&H1&+0&R&z0:5]:[c&D2&v4&H1&+0&R&z1:4]:[n&D3&v4&H0&+&R:3]:[c&D2&v4&H1&+0&R&z1:2]:1,144
2401,[C&D3&v4&H0&+0&!R&z2:1]-[O&D1&v2&H1&+0&!R:2].[C&D3&v4&H0&+0&R&z0:3]1=[C&D2&v4&H1&+0&R&z1:4]-[N&D3&v3&H0&+0&R:5]-[C&D2&v4&H1&+0&R&z1:6]=[C&D2&v4&H1&+0&R&z0:7]-[C&D2&v4&H2&+0&R&z0:8]-1.[P&D4&v5&H0&+0&!R:9]-[O&D2&v2&H0&+0&!R:10]>>[C&D2&v4&H1&+0&!R&z1:1].[O&D1&v2&H1&+0&!R:10].[P&D4&v5&H0&+0&!R:9]-[O&D1&v2&H1&+0&!R:2].[c&D3&v4&H0&+0&R&z0:3]1:[c&D2&v4&H1&+0&R&z0:8]:[c&D2&v4&H1&+0&R&z0:7]:[c&D2&v4&H1&+0&R&z1:6]:[n&D3&v4&H0&+&R:5]:[c&D2&v4&H1&+0&R&z1:4]:1,441
2402,[C&D3&v4&H0&+0&R&z0:1]1=[C&D2&v4&H1&+0&R&z1:2]-[N&D3&v3&H0&+0&R:3]-[C&D2&v4&H1&+0&R&z1:4]=[C&D2&v4&H1&+0&R&z0:5]-[C&D2&v4&H2&+0&R&z0:6]-1.[N&D2&v3&H1&+0&!R:7].[O&D1&v2&H0&+0&!R:8]=[C&D2&v4&H0&+0&!R&z2:9]>>[N&D3&v3&H0&+0&!R:7]-[C&D2&v4&H1&+0&!R&z2:9].[O&D0&v2&H2&+0&!R:8].[c&D3&v4&H0&+0&R&z0:1]1:[c&D2&v4&H1&+0&R&z0:6]:[c&D2&v4&H1&+0&R&z0:5]:[c&D2&v4&H1&+0&R&z1:4]:[n&D3&v4&H0&+&R:3]:[c&D2&v4&H1&+0&R&z1:2]:1,520
2403,[C&D3&v4&H0&+0&R&z0:1]1=[C&D2&v4&H1&+0&R&z1:2]-[N&D3&v3&H0&+0&R:3]-[C&D2&v4&H1&+0&R&z1:4]=[C&D2&v4&H1&+0&R&z0:5]-[C&D2&v4&H2&+0&R&z0:6]-1.[N&D1&v3&H2&+0&!R:7]-[c&D3&v4&H0&+0&R&z3:8]>>[N&D0&v3&H3&+0&!R:7].[c&D2&v4&H1&+0&R&z2:8].[c&D3&v4&H0&+0&R&z0:1]1:[c&D2&v4&H1&+0&R&z0:6]:[c&D2&v4&H1&+0&R&z0:5]:[c&D2&v4&H1&+0&R&z1:4]:[n&D3&v4&H0&+&R:3]:[c&D2&v4&H1&+0&R&z1:2]:1,654
2404,[C&D3&v4&H0&+0&R&z0:1]1=[C&D2&v4&H1&+0&R&z1:2]-[N&D3&v3&H0&+0&R:3]-[C&D2&v4&H1&+0&R&z1:4]=[C&D2&v4&H1&+0&R&z0:5]-[C&D2&v4&H2&+0&R&z0:6]-1.[c&D3&v4&H0&+0&R&z2:7]1:[n&D2&v3&H0&+0&R:8]:[c&D2&v4&H1&+0&R&z1:9]:[c&D3&v4&H0&+0&R&z1:10]:[n&D2&v3&H0&+0&R:11]:[c&D3&v4&H0&+0&R&z1:12]:1>>[c&D3&v4&H0&+0&R&z0:1]1:[c&D2&v4&H1&+0&R&z0:6]:[c&D2&v4&H1&+0&R&z0:5]:[c&D2&v4&H1&+0&R&z1:4]:[n&D3&v4&H0&+&R:3]:[c&D2&v4&H1&+0&R&z1:2]:1.[c&D3&v4&H0&+0&R&z2:7]1:[c&D3&v4&H0&+0&R&z1:12]-[N&D2&v3&H0&+0&R:11]=[C&D3&v4&H0&+0&R&z1:10]-[C&D2&v4&H2&+0&R&z1:9]-[N&D2&v3&H1&+0&R:8]-1,303
2405,[C&D3&v4&H0&+0&!R&z2:1](-[O&D1&v2&H1&+0&!R:2])-[C&D3&v4&H0&+0&!R&z1:3]=[O&D1&v2&H0&+0&!R:4].[C&D3&v4&H0&+0&R&z0:5]1=[C&D2&v4&H1&+0&R&z1:6]-[N&D3&v3&H0&+0&R:7]-[C&D2&v4&H1&+0&R&z1:8]=[C&D2&v4&H1&+0&R&z0:9]-[C&D2&v4&H2&+0&R&z0:10]-1.[O&D1&v2&H0&+0&!R:11]=[O&D1&v2&H0&+0&!R:12]>>[O&D0&v2&H2&+0&!R:12].[O&D1&v2&H0&+0&!R:2]=[C&D2&v4&H0&+0&!R&z2:1].[O&D1&v2&H0&+0&!R:4]=[C&D3&v4&H0&+0&!R&z2:3]-[O&D1&v2&H1&+0&!R:11].[c&D3&v4&H0&+0&R&z0:5]1:[c&D2&v4&H1&+0&R&z0:10]:[c&D2&v4&H1&+0&R&z0:9]:[c&D2&v4&H1&+0&R&z1:8]:[n&D3&v4&H0&+&R:7]:[c&D2&v4&H1&+0&R&z1:6]:1,794
2406,[C&D3&v4&H0&+0&R&z0:1]1=[C&D2&v4&H1&+0&R&z1:2]-[N&D3&v3&H0&+0&R:3]-[C&D2&v4&H1&+0&R&z1:4]=[C&D2&v4&H1&+0&R&z0:5]-[C&D2&v4&H2&+0&R&z0:6]-1.[C&D3&v4&H0&+0&R&z2:7]=[N&D2&v3&H0&+0&R:8]>>[C&D3&v4&H1&+0&R&z2:7]-[N&D2&v3&H1&+0&R:8].[c&D3&v4&H0&+0&R&z0:1]1:[c&D2&v4&H1&+0&R&z0:6]:[c&D2&v4&H1&+0&R&z0:5]:[c&D2&v4&H1&+0&R&z1:4]:[n&D3&v4&H0&+&R:3]:[c&D2&v4&H1&+0&R&z1:2]:1,688
2407,[C&D2&v4&H1&+0&!R&z0:1]=[C&D2&v4&H1&+0&!R&z1:2].[C&D3&v4&H0&+0&R&z0:3]1=[C&D2&v4&H1&+0&R&z1:4]-[N&D3&v3&H0&+0&R:5]-[C&D2&v4&H1&+0&R&z1:6]=[C&D2&v4&H1&+0&R&z0:7]-[C&D2&v4&H2&+0&R&z0:8]-1>>[C&D2&v4&H2&+0&!R&z0:1]-[C&D2&v4&H2&+0&!R&z1:2].[c&D3&v4&H0&+0&R&z0:3]1:[c&D2&v4&H1&+0&R&z0:8]:[c&D2&v4&H1&+0&R&z0:7]:[c&D2&v4&H1&+0&R&z1:6]:[n&D3&v4&H0&+&R:5]:[c&D2&v4&H1&+0&R&z1:4]:1,515
2408,[C&D3&v4&H0&+0&R&z0:1]1=[C&D2&v4&H1&+0&R&z1:2]-[N&D3&v3&H0&+0&R:3]-[C&D2&v4&H1&+0&R&z1:4]=[C&D2&v4&H1&+0&R&z0:5]-[C&D2&v4&H2&+0&R&z0:6]-1.[c&D3&v4&H0&+0&R&z0:7]1:[c&D2&v4&H1&+0&R&z0:8]:[c&D3&v4&H0&+0&R&z1:9]:[o&D2&v2&H0&+0&R:10]:[c&D3&v4&H0&+0&R&z2:11](=[O&D1&v2&H0&+0&!R:12]):[c&D2&v4&H1&+0&R&z0:13]:1>>[C&D3&v4&H0&+0&R&z0:7]1=[C&D2&v4&H1&+0&R&z0:13]-[C&D3&v4&H1&+0&R&z2:11](-[O&D1&v2&H1&+0&!R:12])-[O&D2&v2&H0&+0&R:10]-[C&D3&v4&H0&+0&R&z1:9]=[C&D2&v4&H1&+0&R&z0:8]-1.[c&D3&v4&H0&+0&R&z0:1]1:[c&D2&v4&H1&+0&R&z0:6]:[c&D2&v4&H1&+0&R&z0:5]:[c&D2&v4&H1&+0&R&z1:4]:[n&D3&v4&H0&+&R:3]:[c&D2&v4&H1&+0&R&z1:2]:1,1001
2409,[C&D3&v4&H0&+0&R&z0:1]1=[C&D2&v4&H1&+0&R&z1:2]-[N&D3&v3&H0&+0&R:3]-[C&D2&v4&H1&+0&R&z1:4]=[C&D2&v4&H1&+0&R&z0:5]-[C&D2&v4&H2&+0&R&z0:6]-1.[c&D3&v4&H0&+0&R&z2:7]-[O&D1&v2&H1&+0&!R:8]>>[O&D0&v2&H2&+0&!R:8].[c&D2&v4&H1&+0&R&z1:7].[c&D3&v4&H0&+0&R&z0:1]1:[c&D2&v4&H1&+0&R&z0:6]:[c&D2&v4&H1&+0&R&z0:5]:[c&D2&v4&H1&+0&R&z1:4]:[n&D3&v4&H0&+&R:3]:[c&D2&v4&H1&+0&R&z1:2]:1,232
2410,[C&D2&v4&H1&+0&R&z0:1]=[C&D3&v4&H0&+0&R&z1:2].[C&D3&v4&H0&+0&R&z0:3]1=[C&D2&v4&H1&+0&R&z1:4]-[N&D3&v3&H0&+0&R:5]-[C&D2&v4&H1&+0&R&z1:6]=[C&D2&v4&H1&+0&R&z0:7]-[C&D2&v4&H2&+0&R&z0:8]-1>>[C&D2&v4&H2&+0&R&z0:1]-[C&D3&v4&H1&+0&R&z1:2].[c&D3&v4&H0&+0&R&z0:3]1:[c&D2&v4&H1&+0&R&z0:8]:[c&D2&v4&H1&+0&R&z0:7]:[c&D2&v4&H1&+0&R&z1:6]:[n&D3&v4&H0&+&R:5]:[c&D2&v4&H1&+0&R&z1:4]:1,515
2411,[C&D2&v4&H2&+0&R&z0:1]-[C&D2&v4&H2&+0&R&z1:2].[C&D3&v4&H0&+0&R&z0:3]1=[C&D2&v4&H1&+0&R&z1:4]-[N&D3&v3&H0&+0&R:5]-[C&D2&v4&H1&+0&R&z1:6]=[C&D2&v4&H1&+0&R&z0:7]-[C&D2&v4&H2&+0&R&z0:8]-1.[O&D1&v2&H0&+0&!R:9]=[O&D1&v2&H0&+0&!R:10]>>[C&D2&v4&H1&+0&R&z0:1]=[C&D2&v4&H1&+0&R&z1:2].[O&D0&v2&H2&+0&!R:10].[O&D0&v2&H2&+0&!R:9].[c&D3&v4&H0&+0&R&z0:3]1:[c&D2&v4&H1&+0&R&z0:8]:[c&D2&v4&H1&+0&R&z0:7]:[c&D2&v4&H1&+0&R&z1:6]:[n&D3&v4&H0&+&R:5]:[c&D2&v4&H1&+0&R&z1:4]:1,897
2412,[C&D3&v4&H0&+0&R&z0:1]1=[C&D2&v4&H1&+0&R&z1:2]-[N&D3&v3&H0&+0&R:3]-[C&D2&v4&H1&+0&R&z1:4]=[C&D2&v4&H1&+0&R&z0:5]-[C&D2&v4&H2&+0&R&z0:6]-1.[O&D1&v2&H0&+0&!R:7]=[N&D2&v3&H0&+0&!R:8]>>[O&D1&v2&H1&+0&!R:7]-[N&D2&v3&H1&+0&!R:8].[c&D3&v4&H0&+0&R&z0:1]1:[c&D2&v4&H1&+0&R&z0:6]:[c&D2&v4&H1&+0&R&z0:5]:[c&D2&v4&H1&+0&R&z1:4]:[n&D3&v4&H0&+&R:3]:[c&D2&v4&H1&+0&R&z1:2]:1,390
2413,[C&D3&v4&H0&+0&R&z0:1]1=[C&D2&v4&H1&+0&R&z1:2]-[N&D3&v3&H0&+0&R:3]-[C&D2&v4&H1&+0&R&z1:4]=[C&D2&v4&H1&+0&R&z0:5]-[C&D2&v4&H2&+0&R&z0:6]-1.[c&D3&v4&H0&+0&R&z1:7]1:[c&D3&v4&H0&+0&R&z0:8]:[c&D2&v4&H1&+0&R&z1:9]:[o&D2&v2&H0&+0&R:10]:[c&D3&v4&H0&+0&R&z1:11]:[c&D3&v4&H0&+0&R&z0:12]:1>>[C&D3&v4&H0&+0&R&z1:7]1-[c&D3&v4&H0&+0&R&z0:12]:[c&D3&v4&H0&+0&R&z1:11]-[O&D2&v2&H0&+0&R:10]-[C&D2&v4&H2&+0&R&z1:9]-[C&D3&v4&H1&+0&R&z0:8]-1.[c&D3&v4&H0&+0&R&z0:1]1:[c&D2&v4&H1&+0&R&z0:6]:[c&D2&v4&H1&+0&R&z0:5]:[c&D2&v4&H1&+0&R&z1:4]:[n&D3&v4&H0&+&R:3]:[c&D2&v4&H1&+0&R&z1:2]:1,433
2414,[C&D3&v4&H0&+0&R&z0:1]1=[C&D2&v4&H1&+0&R&z1:2]-[N&D3&v3&H0&+0&R:3]-[C&D2&v4&H1&+0&R&z1:4]=[C&D2&v4&H1&+0&R&z0:5]-[C&D2&v4&H2&+0&R&z0:6]-1.[O&D1&v2&H1&+0&!R:7]-[c&D3&v4&H0&+0&R&z1:8]1:[c&D2&v4&H1&+0&R&z0:9]:[c&D3&v4&H0&+0&R&z1:10](-[O&D1&v2&H1&+0&!R:11]):[c&D3&v4&H0&+0&R&z0:12]:[c&D3&v4&H0&+0&R&z0:13]:[c&D2&v4&H1&+0&R&z0:14]:1>>[O&D1&v2&H0&+0&!R:11]=[C&D3&v4&H0&+0&R&z1:10]1-[C&D2&v4&H2&+0&R&z0:9]-[C&D3&v4&H1&+0&R&z1:8](-[O&D1&v2&H1&+0&!R:7])-[C&D2&v4&H2&+0&R&z0:14]-[c&D3&v4&H0&+0&R&z0:13]:[c&D3&v4&H0&+0&R&z0:12]-1.[c&D3&v4&H0&+0&R&z0:1]1:[c&D2&v4&H1&+0&R&z0:6]:[c&D2&v4&H1&+0&R&z0:5]:[c&D2&v4&H1&+0&R&z1:4]:[n&D3&v4&H0&+&R:3]:[c&D2&v4&H1&+0&R&z1:2]:1,619
2415,[C&D2&v4&H1&+0&!R&z2:1]-[O&D1&v2&H1&+0&!R:2].[N&D1&v3&H2&+0&!R:3]>>[C&D2&v4&H1&+0&!R&z2:1]-[N&D2&v3&H1&+0&!R:3].[O&D0&v2&H2&+0&!R:2],175
2416,([C&D3&v4&H0&+0&!R&z2:1]-[O&D1&v2&H1&+0&!R:2].[N&D1&v3&H2&+0&!R:3])>>[C&D3&v4&H0&+0&R&z2:1]-[N&D2&v3&H1&+0&R:3].[O&D0&v2&H2&+0&!R:2],464
2417,[N&D1&v3&H2&+0&!R:1].[N&D1&v3&H2&+0&!R:2]-[C&D3&v4&H0&+0&!R&z2:3]=[O&D1&v2&H0&+0&!R:4]>>[C&D3&v4&H0&+0&!R&z2:3](=[O&D1&v2&H0&+0&!R:4])-[N&D2&v3&H1&+0&!R:1].[N&D0&v3&H3&+0&!R:2],316
2418,[N&D1&v3&H2&+0&!R:1]-[C&D3&v4&H0&+0&!R&z2:2].[O&D1&v2&H1&+0&!R:3].[P&D4&v5&H0&+0&!R:4]-[O&D1&v2&H1&+0&!R:5]>>[C&D3&v4&H0&+0&!R&z2:2]-[O&D1&v2&H1&+0&!R:5].[N&D0&v3&H3&+0&!R:1].[O&D2&v2&H0&+0&!R:3]-[P&D4&v5&H0&+0&!R:4],427
2419,[N&D1&v3&H2&+0&!R:1]-[C&D3&v4&H0&+0&!R&z2:2]=[O&D1&v2&H0&+0&!R:3].[P&D4&v5&H0&+0&!R:4]-[O&D1&v2&H1&+0&!R:5].[P&D4&v5&H0&+0&!R:6]-[O&D1&v2&H1&+0&!R:7]>>[C&D3&v4&H0&+0&!R&z2:2](=[O&D1&v2&H0&+0&!R:3])-[O&D1&v2&H1&+0&!R:7].[N&D0&v3&H3&+0&!R:1].[P&D4&v5&H0&+0&!R:4]-[O&D2&v2&H0&+0&!R:5]-[P&D4&v5&H0&+0&!R:6],427
2420,[N&D1&v3&H2&+0&!R:1]-[C&D3&v4&H0&+0&!R&z2:2]=[O&D1&v2&H0&+0&!R:3]>>[N&D1&v3&H0&+0&!R:1]#[C&D2&v4&H0&+0&!R&z1:2].[O&D0&v2&H2&+0&!R:3],246
2421,[C&D3&v4&H0&+0&!R&z1:1]=[O&D1&v2&H0&+0&!R:2].[N&D1&v3&H2&+0&!R:3]-[C&D3&v4&H1&+0&R&z1:4]>>[C&D3&v4&H1&+0&!R&z1:1]-[N&D1&v3&H2&+0&!R:3].[O&D1&v2&H0&+0&!R:2]=[C&D3&v4&H0&+0&R&z1:4],103
2422,[C&D3&v4&H0&+0&!R&z1:1]=[O&D1&v2&H0&+0&!R:2].[N&D1&v3&H2&+0&!R:3]-[C&D3&v4&H1&+0&R&z1:4]>>[C&D3&v4&H0&+0&R&z1:4]=[O&D1&v2&H0&+0&!R:2].[C&D3&v4&H1&+0&!R&z1:1]-[N&D1&v3&H2&+0&!R:3],103
2423,([C&D3&v4&H0&+0&!R&z1:1]=[O&D1&v2&H0&+0&!R:2].[N&D1&v3&H2&+0&!R:3])>>[C&D4&v4&H0&+0&R&z2:1](-[O&D1&v2&H1&+0&!R:2])-[N&D2&v3&H1&+0&R:3],757
2424,[C&D3&v4&H0&+0&R&z1:1]=[O&D1&v2&H0&+0&!R:2].[C&D3&v4&H1&+0&!R&z1:3]-[N&D1&v3&H2&+0&!R:4]>>[C&D3&v4&H0&+0&!R&z1:3]=[O&D1&v2&H0&+0&!R:2].[N&D1&v3&H2&+0&!R:4]-[C&D3&v4&H1&+0&R&z1:1],103
2425,[N&D1&v3&H2&+0&!R:1]-[C&D3&v4&H0&+0&!R&z2:2].[P&D4&v5&H0&+0&!R:3]-[O&D1&v2&H1&+0&!R:4].[P&D4&v5&H0&+0&!R:5]-[O&D1&v2&H1&+0&!R:6]>>[C&D3&v4&H0&+0&!R&z2:2]-[O&D1&v2&H1&+0&!R:6].[N&D0&v3&H3&+0&!R:1].[P&D4&v5&H0&+0&!R:3]-[O&D2&v2&H0&+0&!R:4]-[P&D4&v5&H0&+0&!R:5],427
2426,[C&D3&v4&H1&+0&!R&z1:1]-[N&D1&v3&H2&+0&!R:2].[O&D1&v2&H0&+0&!R:3]=[C&D3&v4&H0&+0&R&z1:4]>>[C&D3&v4&H0&+0&!R&z1:1]=[O&D1&v2&H0&+0&!R:3].[N&D1&v3&H2&+0&!R:2]-[C&D3&v4&H1&+0&R&z1:4],103
2427,[C&D3&v4&H0&+0&!R&z3:1]-[N&D2&v3&H1&+0&!R:2].[O&D1&v2&H1&+0&!R:3]>>[C&D3&v4&H0&+0&!R&z3:1]-[O&D2&v2&H0&+0&!R:3].[N&D1&v3&H2&+0&!R:2],587
2428,[N&D1&v3&H2&+0&!R:1]-[C&D3&v4&H0&+0&!R&z3:2]=[O&D1&v2&H0&+0&!R:3].[O&D0&v2&H2&+0&!R:4]>>[N&D0&v3&H3&+0&!R:1].[O&D1&v2&H0&+0&!R:3]=[C&D3&v4&H0&+0&!R&z3:2]-[O&D1&v2&H1&+0&!R:4],587
2429,[N&D1&v3&H2&+0&!R:1]-[C&D3&v4&H0&+0&!R&z3:2]=[O&D1&v2&H0&+0&!R:3].[O&D0&v2&H2&+0&!R:4]>>[C&D3&v4&H0&+0&!R&z3:2](=[O&D1&v2&H0&+0&!R:3])-[O&D1&v2&H1&+0&!R:4].[N&D0&v3&H3&+0&!R:1],587
2430,[N&D2&v3&H1&+0&!R:1]-[C&D3&v4&H0&+0&!R&z3:2].[P&D4&v5&H0&+0&!R:3]-[O&D1&v2&H1&+0&!R:4].[P&D4&v5&H0&+0&!R:5]-[O&D1&v2&H1&+0&!R:6]>>[C&D3&v4&H0&+0&!R&z3:2]-[O&D1&v2&H1&+0&!R:6].[N&D1&v3&H2&+0&!R:1].[P&D4&v5&H0&+0&!R:3]-[O&D2&v2&H0&+0&!R:4]-[P&D4&v5&H0&+0&!R:5],427
2431,[C&D3&v4&H0&+0&!R&z3:1](=[O&D1&v2&H0&+0&!R:2])-[N&D2&v3&H1&+0&!R:3].[O&D1&v2&H1&+0&!R:4]>>[C&D3&v4&H0&+0&!R&z3:1](=[O&D1&v2&H0&+0&!R:2])-[O&D2&v2&H0&+0&!R:4].[N&D1&v3&H2&+0&!R:3],587
2432,[N&D1&v3&H2&+0&!R:1]-[C&D3&v4&H0&+0&!R&z3:2]-[N&D2&v3&H1&+0&!R:3].[O&D0&v2&H2&+0&!R:4]>>[N&D0&v3&H3&+0&!R:1].[N&D1&v3&H2&+0&!R:3].[O&D1&v2&H0&+0&!R:4]=[C&D2&v4&H0&+0&!R&z2:2],366
2433,([C&D3&v4&H0&+0&!R&z2:1](=[O&D1&v2&H0&+0&!R:2])-[O&D1&v2&H1&+0&!R:3].[N&D1&v3&H2&+0&!R:4])>>[O&D0&v2&H2&+0&!R:3].[O&D1&v2&H0&+0&!R:2]=[C&D3&v4&H0&+0&R&z2:1]-[N&D2&v3&H1&+0&R:4],464
2434,[C&D3&v4&H0&+0&!R&z3:1](=[O&D1&v2&H0&+0&!R:2])-[O&D2&v2&H0&+0&!R:3].[N&D1&v3&H2&+0&!R:4]>>[C&D3&v4&H0&+0&!R&z3:1](=[O&D1&v2&H0&+0&!R:2])-[N&D2&v3&H1&+0&!R:4].[O&D1&v2&H1&+0&!R:3],175
2435,[C&D3&v4&H1&+0&!R&z2:1]-[N&D1&v3&H2&+0&!R:2].[O&D0&v2&H2&+0&!R:3]>>[C&D3&v4&H1&+0&!R&z2:1]-[O&D1&v2&H1&+0&!R:3].[N&D0&v3&H3&+0&!R:2],587
2436,[N&D2&v3&H1&+0&!R:1]-[C&D3&v4&H1&+0&!R&z2:2]-[N&D1&v3&H2&+0&!R:3].[O&D0&v2&H2&+0&!R:4]>>[N&D0&v3&H3&+0&!R:3].[N&D1&v3&H2&+0&!R:1].[O&D1&v2&H0&+0&!R:4]=[C&D2&v4&H1&+0&!R&z1:2],366
2437,[N&D2&v3&H1&+0&!R:1]-[C&D3&v4&H1&+0&!R&z2:2].[O&D0&v2&H2&+0&!R:3]>>[C&D3&v4&H1&+0&!R&z2:2]-[O&D1&v2&H1&+0&!R:3].[N&D1&v3&H2&+0&!R:1],587
2438,[C&D3&v4&H1&+0&!R&z2:1]-[O&D1&v2&H1&+0&!R:2].[N&D1&v3&H2&+0&!R:3]>>[C&D3&v4&H1&+0&!R&z2:1]-[N&D2&v3&H1&+0&!R:3].[O&D0&v2&H2&+0&!R:2],175
2439,[C&D3&v4&H0&+0&R&z2:1](=[N&D2&v3&H0&+0&R:2])-[C&D4&v4&H0&+0&R&z2:3](-[O&D1&v2&H1&+0&!R:4])-[C&D3&v4&H0&+0&!R&z2:5]-[O&D1&v2&H1&+0&!R:6]>>[C&D3&v4&H1&+0&R&z2:1](-[N&D2&v3&H1&+0&R:2])-[C&D3&v4&H0&+0&R&z2:3]=[O&D1&v2&H0&+0&!R:4].[O&D1&v2&H0&+0&!R:6]=[C&D2&v4&H0&+0&!R&z2:5],491
2440,[C&D3&v4&H1&+0&R&z2:1](-[N&D2&v3&H1&+0&R:2])-[C&D3&v4&H0&+0&R&z2:3]=[O&D1&v2&H0&+0&!R:4].[O&D1&v2&H0&+0&!R:5]=[C&D2&v4&H0&+0&!R&z2:6]>>[C&D3&v4&H0&+0&R&z2:1](=[N&D2&v3&H0&+0&R:2])-[C&D4&v4&H0&+0&R&z2:3](-[O&D1&v2&H1&+0&!R:4])-[C&D3&v4&H0&+0&!R&z2:6]-[O&D1&v2&H1&+0&!R:5],498
2441,[N&D1&v3&H2&+0&!R:1].[N&D1&v3&H2&+0&!R:2]-[C&D3&v4&H0&+0&!R&z3:3]=[O&D1&v2&H0&+0&!R:4].[P&D4&v5&H0&+0&!R:5]-[O&D2&v2&H0&+0&!R:6]>>[N&D1&v3&H1&+0&!R:2]=[C&D3&v4&H0&+0&!R&z3:3]-[N&D2&v3&H1&+0&!R:1].[O&D1&v2&H1&+0&!R:6].[P&D4&v5&H0&+0&!R:5]-[O&D1&v2&H1&+0&!R:4],985
2442,[N&D1&v3&H2&+0&!R:1]-[C&D3&v4&H0&+0&!R&z3:2].[O&D1&v2&H1&+0&!R:3]>>[C&D3&v4&H0&+0&!R&z3:2]-[O&D2&v2&H0&+0&!R:3].[N&D0&v3&H3&+0&!R:1],587
2443,[N&D1&v3&H2&+0&!R:1]-[C&D3&v4&H0&+0&!R&z3:2]-[O&D1&v2&H1&+0&!R:3]>>[N&D0&v3&H3&+0&!R:1].[O&D1&v2&H0&+0&!R:3]=[C&D2&v4&H0&+0&!R&z2:2],818
2444,[C&D3&v4&H0&+0&!R&z3:1]-[O&D2&v2&H0&+0&!R:2].[O&D0&v2&H2&+0&!R:3].[O&D2&v2&H0&+0&!R:4]-[P&D4&v5&H0&+0&!R:5]>>[C&D3&v4&H0&+0&!R&z3:1]-[O&D2&v2&H0&+0&!R:4].[O&D1&v2&H1&+0&!R:2].[P&D4&v5&H0&+0&!R:5]-[O&D1&v2&H1&+0&!R:3],607
2445,[C&D3&v4&H0&+0&!R&z3:1]-[O&D2&v2&H0&+0&!R:2].[O&D1&v2&H1&+0&!R:3].[P&D4&v5&H0&+0&!R:4]-[O&D1&v2&H1&+0&!R:5]>>[C&D3&v4&H0&+0&!R&z3:1]-[O&D2&v2&H0&+0&!R:3].[O&D0&v2&H2&+0&!R:5].[O&D2&v2&H0&+0&!R:2]-[P&D4&v5&H0&+0&!R:4],228
2446,[O&D0&v2&H2&+0&!R:1].[n&D3&v4&H0&+&R:2]-[C&D3&v4&H1&+0&R&z2:3]>>[C&D3&v4&H1&+0&R&z2:3]-[O&D1&v2&H1&+0&!R:1].[n&D2&v3&H0&+0&R:2],222
2447,[O&D1&v2&H1&+0&!R:1].[n&D3&v4&H0&+&R:2]-[C&D3&v4&H1&+0&R&z2:3]>>[C&D3&v4&H1&+0&R&z2:3]-[O&D2&v2&H0&+0&!R:1].[n&D2&v3&H0&+0&R:2],222
2448,[C&D2&v4&H2&+0&!R&z1:1].[O&D0&v2&H2&+0&!R:2].[c&D3&v4&H0&+0&R&z0:3]1:[c&D2&v4&H1&+0&R&z0:4]:[c&D2&v4&H1&+0&R&z0:5]:[c&D2&v4&H1&+0&R&z1:6]:[n&D3&v4&H0&+&R:7]:[c&D2&v4&H1&+0&R&z1:8]:1.[c&D3&v4&H0&+0&R&z0:9]1:[c&D2&v4&H1&+0&R&z0:10]:[c&D2&v4&H1&+0&R&z0:11]:[c&D2&v4&H1&+0&R&z1:12]:[n&D3&v4&H0&+&R:13]:[c&D2&v4&H1&+0&R&z1:14]:1>>[C&D3&v4&H0&+0&R&z0:9]1=[C&D2&v4&H1&+0&R&z1:14]-[N&D3&v3&H0&+0&R:13]-[C&D2&v4&H1&+0&R&z1:12]=[C&D2&v4&H1&+0&R&z0:11]-[C&D2&v4&H2&+0&R&z0:10]-1.[C&D3&v4&H0&+0&R&z0:3]1=[C&D2&v4&H1&+0&R&z1:8]-[N&D3&v3&H0&+0&R:7]-[C&D2&v4&H1&+0&R&z1:6]=[C&D2&v4&H1&+0&R&z0:5]-[C&D2&v4&H2&+0&R&z0:4]-1.[O&D1&v2&H0&+0&!R:2]=[C&D3&v4&H0&+0&!R&z2:1],839
2449,[C&D3&v4&H1&+0&!R&z1:1](-[C&D3&v4&H0&+0&!R&z2:2]-[O&D1&v2&H1&+0&!R:3])-[C&D3&v4&H1&+0&!R&z1:4]-[O&D1&v2&H1&+0&!R:5].[c&D3&v4&H0&+0&R&z0:6]1:[c&D2&v4&H1&+0&R&z0:7]:[c&D2&v4&H1&+0&R&z0:8]:[c&D2&v4&H1&+0&R&z1:9]:[n&D3&v4&H0&+&R:10]:[c&D2&v4&H1&+0&R&z1:11]:1>>[C&D2&v4&H2&+0&!R&z1:1]-[C&D3&v4&H0&+0&!R&z1:4]=[O&D1&v2&H0&+0&!R:5].[C&D3&v4&H0&+0&R&z0:6]1=[C&D2&v4&H1&+0&R&z1:11]-[N&D3&v3&H0&+0&R:10]-[C&D2&v4&H1&+0&R&z1:9]=[C&D2&v4&H1&+0&R&z0:8]-[C&D2&v4&H2&+0&R&z0:7]-1.[O&D1&v2&H0&+0&!R:3]=[C&D2&v4&H0&+0&!R&z2:2],544
2450,[N&D1&v3&H2&+0&!R:1]-[C&D3&v4&H1&+0&!R&z1:2].[O&D0&v2&H2&+0&!R:3].[c&D3&v4&H0&+0&R&z0:4]1:[c&D2&v4&H1&+0&R&z0:5]:[c&D2&v4&H1&+0&R&z0:6]:[c&D2&v4&H1&+0&R&z1:7]:[n&D3&v4&H0&+&R:8]:[c&D2&v4&H1&+0&R&z1:9]:1>>[C&D3&v4&H0&+0&!R&z1:2]=[O&D1&v2&H0&+0&!R:3].[C&D3&v4&H0&+0&R&z0:4]1=[C&D2&v4&H1&+0&R&z1:9]-[N&D3&v3&H0&+0&R:8]-[C&D2&v4&H1&+0&R&z1:7]=[C&D2&v4&H1&+0&R&z0:6]-[C&D2&v4&H2&+0&R&z0:5]-1.[N&D0&v3&H3&+0&!R:1],555
2451,[N&D1&v3&H2&+0&!R:1]-[C&D3&v4&H1&+0&!R&z1:2].[c&D3&v4&H0&+0&R&z0:3]1:[c&D2&v4&H1&+0&R&z0:4]:[c&D2&v4&H1&+0&R&z0:5]:[c&D2&v4&H1&+0&R&z1:6]:[n&D3&v4&H0&+&R:7]:[c&D2&v4&H1&+0&R&z1:8]:1>>[C&D3&v4&H0&+0&R&z0:3]1=[C&D2&v4&H1&+0&R&z1:8]-[N&D3&v3&H0&+0&R:7]-[C&D2&v4&H1&+0&R&z1:6]=[C&D2&v4&H1&+0&R&z0:5]-[C&D2&v4&H2&+0&R&z0:4]-1.[N&D1&v3&H1&+0&!R:1]=[C&D3&v4&H0&+0&!R&z1:2],904
2452,[C&D4&v4&H0&+0&R&z0:1]1(-[C&D3&v4&H0&+0&!R&z2:2]-[O&D1&v2&H1&+0&!R:3])-[C&D2&v4&H1&+0&R&z0:4]=[C&D2&v4&H1&+0&R&z0:5]-[C&D3&v4&H1&+0&R&z1:6](-[O&D1&v2&H1&+0&!R:7])-[C&D2&v4&H1&+0&R&z0:8]=[C&D2&v4&H1&+0&R&z0:9]-1.[c&D3&v4&H0&+0&R&z0:10]1:[c&D2&v4&H1&+0&R&z0:11]:[c&D2&v4&H1&+0&R&z0:12]:[c&D2&v4&H1&+0&R&z1:13]:[n&D3&v4&H0&+&R:14]:[c&D2&v4&H1&+0&R&z1:15]:1>>[C&D3&v4&H0&+0&R&z0:10]1=[C&D2&v4&H1&+0&R&z1:15]-[N&D3&v3&H0&+0&R:14]-[C&D2&v4&H1&+0&R&z1:13]=[C&D2&v4&H1&+0&R&z0:12]-[C&D2&v4&H2&+0&R&z0:11]-1.[O&D1&v2&H0&+0&!R:3]=[C&D2&v4&H0&+0&!R&z2:2].[c&D3&v4&H0&+0&R&z0:1]1:[c&D2&v4&H1&+0&R&z0:4]:[c&D2&v4&H1&+0&R&z0:5]:[c&D3&v4&H0&+0&R&z1:6](-[O&D1&v2&H1&+0&!R:7]):[c&D2&v4&H1&+0&R&z0:8]:[c&D2&v4&H1&+0&R&z0:9]:1,961
2453,[N&D2&v3&H1&+0&!R:1]-[O&D1&v2&H1&+0&!R:2].[c&D3&v4&H0&+0&R&z0:3]1:[c&D2&v4&H1&+0&R&z0:4]:[c&D2&v4&H1&+0&R&z0:5]:[c&D2&v4&H1&+0&R&z1:6]:[n&D3&v4&H0&+&R:7]:[c&D2&v4&H1&+0&R&z1:8]:1>>[C&D3&v4&H0&+0&R&z0:3]1=[C&D2&v4&H1&+0&R&z1:8]-[N&D3&v3&H0&+0&R:7]-[C&D2&v4&H1&+0&R&z1:6]=[C&D2&v4&H1&+0&R&z0:5]-[C&D2&v4&H2&+0&R&z0:4]-1.[N&D2&v3&H0&+0&!R:1]=[O&D1&v2&H0&+0&!R:2],535
2454,[C&D3&v4&H0&+0&!R&z2:1]-[O&D1&v2&H1&+0&!R:2].[N&D1&v3&H2&+0&!R:3]-[C&D3&v4&H1&+0&!R&z1:4].[c&D3&v4&H0&+0&R&z0:5]1:[c&D2&v4&H1&+0&R&z0:6]:[c&D2&v4&H1&+0&R&z0:7]:[c&D2&v4&H1&+0&R&z1:8]:[n&D3&v4&H0&+&R:9]:[c&D2&v4&H1&+0&R&z1:10]:1>>[C&D3&v4&H0&+0&!R&z1:4]=[O&D1&v2&H0&+0&!R:2].[C&D3&v4&H0&+0&R&z0:5]1=[C&D2&v4&H1&+0&R&z1:10]-[N&D3&v3&H0&+0&R:9]-[C&D2&v4&H1&+0&R&z1:8]=[C&D2&v4&H1&+0&R&z0:7]-[C&D2&v4&H2&+0&R&z0:6]-1.[N&D1&v3&H2&+0&!R:3]-[C&D3&v4&H0&+0&!R&z2:1],500
2455,[C&D2&v4&H2&+0&!R&z1:1]-[N&D2&v3&H1&+0&!R:2].[O&D0&v2&H2&+0&!R:3].[c&D3&v4&H0&+0&R&z0:4]1:[c&D2&v4&H1&+0&R&z0:5]:[c&D2&v4&H1&+0&R&z0:6]:[c&D2&v4&H1&+0&R&z1:7]:[n&D3&v4&H0&+&R:8]:[c&D2&v4&H1&+0&R&z1:9]:1>>[C&D2&v4&H1&+0&!R&z1:1]=[O&D1&v2&H0&+0&!R:3].[C&D3&v4&H0&+0&R&z0:4]1=[C&D2&v4&H1&+0&R&z1:9]-[N&D3&v3&H0&+0&R:8]-[C&D2&v4&H1&+0&R&z1:7]=[C&D2&v4&H1&+0&R&z0:6]-[C&D2&v4&H2&+0&R&z0:5]-1.[N&D1&v3&H2&+0&!R:2],555
2456,[C&D3&v4&H1&+0&!R&z1:1](-[C&D2&v4&H2&+0&!R&z1:2]-[O&D1&v2&H1&+0&!R:3])-[C&D3&v4&H0&+0&!R&z2:4]-[O&D1&v2&H1&+0&!R:5].[c&D3&v4&H0&+0&R&z0:6]1:[c&D2&v4&H1&+0&R&z0:7]:[c&D2&v4&H1&+0&R&z0:8]:[c&D2&v4&H1&+0&R&z1:9]:[n&D3&v4&H0&+&R:10]:[c&D2&v4&H1&+0&R&z1:11]:1>>[C&D2&v4&H2&+0&!R&z1:1]-[C&D2&v4&H1&+0&!R&z1:2]=[O&D1&v2&H0&+0&!R:3].[C&D3&v4&H0&+0&R&z0:6]1=[C&D2&v4&H1&+0&R&z1:11]-[N&D3&v3&H0&+0&R:10]-[C&D2&v4&H1&+0&R&z1:9]=[C&D2&v4&H1&+0&R&z0:8]-[C&D2&v4&H2&+0&R&z0:7]-1.[O&D1&v2&H0&+0&!R:5]=[C&D2&v4&H0&+0&!R&z2:4],544
2457,[N&D1&v3&H2&+0&!R:1]-[C&D3&v4&H1&+0&!R&z1:2].[O&D0&v2&H2&+0&!R:3].[c&D3&v4&H0&+0&R&z0:4]1:[c&D2&v4&H1&+0&R&z0:5]:[c&D2&v4&H1&+0&R&z0:6]:[c&D2&v4&H1&+0&R&z1:7]:[n&D3&v4&H0&+&R:8]:[c&D2&v4&H1&+0&R&z1:9]:1>>[C&D3&v4&H0&+0&R&z0:4]1=[C&D2&v4&H1&+0&R&z1:9]-[N&D3&v3&H0&+0&R:8]-[C&D2&v4&H1&+0&R&z1:7]=[C&D2&v4&H1&+0&R&z0:6]-[C&D2&v4&H2&+0&R&z0:5]-1.[N&D0&v3&H3&+0&!R:1].[O&D1&v2&H0&+0&!R:3]=[C&D3&v4&H0&+0&!R&z1:2],555
2458,[C&D3&v4&H1&+0&R&z1:1]1-[C&D2&v4&H1&+0&R&z0:2]=[C&D2&v4&H1&+0&R&z0:3]-[C&D4&v4&H0&+0&R&z0:4](-[C&D3&v4&H0&+0&!R&z2:5]-[O&D1&v2&H1&+0&!R:6])-[C&D2&v4&H1&+0&R&z0:7]=[C&D2&v4&H1&+0&R&z0:8]-1.[c&D3&v4&H0&+0&R&z0:9]1:[c&D2&v4&H1&+0&R&z0:10]:[c&D2&v4&H1&+0&R&z0:11]:[c&D2&v4&H1&+0&R&z1:12]:[n&D3&v4&H0&+&R:13]:[c&D2&v4&H1&+0&R&z1:14]:1>>[C&D3&v4&H0&+0&R&z0:9]1=[C&D2&v4&H1&+0&R&z1:14]-[N&D3&v3&H0&+0&R:13]-[C&D2&v4&H1&+0&R&z1:12]=[C&D2&v4&H1&+0&R&z0:11]-[C&D2&v4&H2&+0&R&z0:10]-1.[O&D1&v2&H0&+0&!R:6]=[C&D2&v4&H0&+0&!R&z2:5].[c&D3&v4&H0&+0&R&z1:1]1:[c&D2&v4&H1&+0&R&z0:2]:[c&D2&v4&H1&+0&R&z0:3]:[c&D3&v4&H0&+0&R&z0:4]:[c&D2&v4&H1&+0&R&z0:7]:[c&D2&v4&H1&+0&R&z0:8]:1,961
2459,[N&D1&v3&H2&+0&!R:1]-[C&D3&v4&H1&+0&R&z1:2].[O&D0&v2&H2&+0&!R:3].[c&D3&v4&H0&+0&R&z0:4]1:[c&D2&v4&H1&+0&R&z0:5]:[c&D2&v4&H1&+0&R&z0:6]:[c&D2&v4&H1&+0&R&z1:7]:[n&D3&v4&H0&+&R:8]:[c&D2&v4&H1&+0&R&z1:9]:1>>[C&D3&v4&H0&+0&R&z0:4]1=[C&D2&v4&H1&+0&R&z1:9]-[N&D3&v3&H0&+0&R:8]-[C&D2&v4&H1&+0&R&z1:7]=[C&D2&v4&H1&+0&R&z0:6]-[C&D2&v4&H2&+0&R&z0:5]-1.[N&D0&v3&H3&+0&!R:1].[O&D1&v2&H0&+0&!R:3]=[C&D3&v4&H0&+0&R&z1:2],555
2460,[N&D1&v3&H2&+0&!R:1]-[C&D2&v4&H2&+0&!R&z1:2].[O&D0&v2&H2&+0&!R:3].[c&D3&v4&H0&+0&R&z0:4]1:[c&D2&v4&H1&+0&R&z0:5]:[c&D2&v4&H1&+0&R&z0:6]:[c&D2&v4&H1&+0&R&z1:7]:[n&D3&v4&H0&+&R:8]:[c&D2&v4&H1&+0&R&z1:9]:1>>[C&D3&v4&H0&+0&R&z0:4]1=[C&D2&v4&H1&+0&R&z1:9]-[N&D3&v3&H0&+0&R:8]-[C&D2&v4&H1&+0&R&z1:7]=[C&D2&v4&H1&+0&R&z0:6]-[C&D2&v4&H2&+0&R&z0:5]-1.[N&D0&v3&H3&+0&!R:1].[O&D1&v2&H0&+0&!R:3]=[C&D2&v4&H1&+0&!R&z1:2],555
2461,[N&D1&v3&H2&+0&!R:1]-[C&D2&v4&H2&+0&!R&z1:2].[O&D0&v2&H2&+0&!R:3].[c&D3&v4&H0&+0&R&z0:4]1:[c&D2&v4&H1&+0&R&z0:5]:[c&D2&v4&H1&+0&R&z0:6]:[c&D2&v4&H1&+0&R&z1:7]:[n&D3&v4&H0&+&R:8]:[c&D2&v4&H1&+0&R&z1:9]:1>>[C&D2&v4&H1&+0&!R&z1:2]=[O&D1&v2&H0&+0&!R:3].[C&D3&v4&H0&+0&R&z0:4]1=[C&D2&v4&H1&+0&R&z1:9]-[N&D3&v3&H0&+0&R:8]-[C&D2&v4&H1&+0&R&z1:7]=[C&D2&v4&H1&+0&R&z0:6]-[C&D2&v4&H2&+0&R&z0:5]-1.[N&D0&v3&H3&+0&!R:1],555
2462,[C&D2&v4&H2&+0&!R&z1:1]-[N&D2&v3&H1&+0&!R:2].[c&D3&v4&H0&+0&R&z0:3]1:[c&D2&v4&H1&+0&R&z0:4]:[c&D2&v4&H1&+0&R&z0:5]:[c&D2&v4&H1&+0&R&z1:6]:[n&D3&v4&H0&+&R:7]:[c&D2&v4&H1&+0&R&z1:8]:1>>[C&D2&v4&H1&+0&!R&z1:1]=[N&D2&v3&H0&+0&!R:2].[C&D3&v4&H0&+0&R&z0:3]1=[C&D2&v4&H1&+0&R&z1:8]-[N&D3&v3&H0&+0&R:7]-[C&D2&v4&H1&+0&R&z1:6]=[C&D2&v4&H1&+0&R&z0:5]-[C&D2&v4&H2&+0&R&z0:4]-1,904
2463,[O&D0&v2&H2&+0&!R:1].[S&D4&v6&H0&+0&!R:2]=[O&D1&v2&H0&+0&!R:3].[c&D3&v4&H0&+0&R&z0:4]1:[c&D2&v4&H1&+0&R&z0:5]:[c&D2&v4&H1&+0&R&z0:6]:[c&D2&v4&H1&+0&R&z1:7]:[n&D3&v4&H0&+&R:8]:[c&D2&v4&H1&+0&R&z1:9]:1>>[C&D3&v4&H0&+0&R&z0:4]1=[C&D2&v4&H1&+0&R&z1:9]-[N&D3&v3&H0&+0&R:8]-[C&D2&v4&H1&+0&R&z1:7]=[C&D2&v4&H1&+0&R&z0:6]-[C&D2&v4&H2&+0&R&z0:5]-1.[O&D1&v2&H0&+0&!R:1]=[O&D1&v2&H0&+0&!R:3].[S&D3&v4&H0&+0&!R:2],613
2464,([C&D2&v4&H2&+0&!R&z1:1].[O&D1&v2&H1&+0&!R:2]).[c&D3&v4&H0&+0&R&z0:3]1:[c&D2&v4&H1&+0&R&z0:4]:[c&D2&v4&H1&+0&R&z0:5]:[c&D2&v4&H1&+0&R&z1:6]:[n&D3&v4&H0&+&R:7]:[c&D2&v4&H1&+0&R&z1:8]:1>>[C&D3&v4&H0&+0&R&z0:3]1=[C&D2&v4&H1&+0&R&z1:8]-[N&D3&v3&H0&+0&R:7]-[C&D2&v4&H1&+0&R&z1:6]=[C&D2&v4&H1&+0&R&z0:5]-[C&D2&v4&H2&+0&R&z0:4]-1.[C&D3&v4&H1&+0&R&z2:1]-[O&D2&v2&H0&+0&R:2],12
2465,[N&D1&v3&H2&+0&!R:1].[n&D3&v4&H0&+&R:2]-[C&D3&v4&H1&+0&R&z2:3]>>[C&D3&v4&H1&+0&R&z2:3]-[N&D2&v3&H1&+0&!R:1].[n&D2&v3&H0&+0&R:2],279
2466,[C&D2&v4&H1&+0&R&z1:1]=[N&D2&v3&H0&+0&R:2].[O&D0&v2&H2&+0&!R:3].[O&D0&v2&H2&+0&!R:4].[c&D3&v4&H0&+0&R&z0:5]1:[c&D2&v4&H1&+0&R&z0:6]:[c&D2&v4&H1&+0&R&z0:7]:[c&D2&v4&H1&+0&R&z1:8]:[n&D3&v4&H0&+&R:9]:[c&D2&v4&H1&+0&R&z1:10]:1>>[C&D3&v4&H0&+0&R&z0:5]1=[C&D2&v4&H1&+0&R&z1:10]-[N&D3&v3&H0&+0&R:9]-[C&D2&v4&H1&+0&R&z1:8]=[C&D2&v4&H1&+0&R&z0:7]-[C&D2&v4&H2&+0&R&z0:6]-1.([C&D3&v4&H0&+0&!R&z2:1](=[O&D1&v2&H0&+0&!R:4])-[O&D1&v2&H1&+0&!R:3].[N&D1&v3&H2&+0&!R:2]),791
2467,[C&D3&v4&H1&+0&R&z1:1]1-[O&D2&v2&H0&+0&R:2]-[C&D3&v4&H1&+0&R&z1:3]-1.[O&D0&v2&H2&+0&!R:4].[c&D3&v4&H0&+0&R&z0:5]1:[c&D2&v4&H1&+0&R&z0:6]:[c&D2&v4&H1&+0&R&z0:7]:[c&D2&v4&H1&+0&R&z1:8]:[n&D3&v4&H0&+&R:9]:[c&D2&v4&H1&+0&R&z1:10]:1>>[C&D2&v4&H1&+0&R&z0:1]=[C&D2&v4&H1&+0&R&z0:3].[C&D3&v4&H0&+0&R&z0:5]1=[C&D2&v4&H1&+0&R&z1:10]-[N&D3&v3&H0&+0&R:9]-[C&D2&v4&H1&+0&R&z1:8]=[C&D2&v4&H1&+0&R&z0:7]-[C&D2&v4&H2&+0&R&z0:6]-1.[O&D1&v2&H0&+0&!R:4]=[O&D1&v2&H0&+0&!R:2],459
2468,[C&D3&v4&H0&+0&R&z1:1]1=[C&D2&v4&H1&+0&R&z0:2]-[C&D4&v4&H0&+0&R&z1:3](-[O&D1&v2&H1&+0&!R:4])-[C&D2&v4&H1&+0&R&z0:5]=[C&D2&v4&H1&+0&R&z0:6]-[C&D3&v4&H0&+0&R&z1:7]-1=[O&D1&v2&H0&+0&!R:8].[O&D0&v2&H2&+0&!R:9].[c&D3&v4&H0&+0&R&z0:10]1:[c&D2&v4&H1&+0&R&z0:11]:[c&D2&v4&H1&+0&R&z0:12]:[c&D2&v4&H1&+0&R&z1:13]:[n&D3&v4&H0&+&R:14]:[c&D2&v4&H1&+0&R&z1:15]:1>>[C&D3&v4&H0&+0&R&z0:10]1=[C&D2&v4&H1&+0&R&z1:15]-[N&D3&v3&H0&+0&R:14]-[C&D2&v4&H1&+0&R&z1:13]=[C&D2&v4&H1&+0&R&z0:12]-[C&D2&v4&H2&+0&R&z0:11]-1.[O&D1&v2&H0&+0&!R:4]=[O&D1&v2&H0&+0&!R:9].[c&D3&v4&H0&+0&R&z0:3]1:[c&D2&v4&H1&+0&R&z0:5]:[c&D2&v4&H1&+0&R&z0:6]:[c&D3&v4&H0&+0&R&z1:7](-[O&D1&v2&H1&+0&!R:8]):[c&D3&v4&H0&+0&R&z1:1]:[c&D2&v4&H1&+0&R&z0:2]:1,468
2469,[C&D3&v4&H1&+0&R&z1:1]-[O&D2&v2&H0&+0&R:2]-[C&D3&v4&H1&+0&R&z2:3].[O&D0&v2&H2&+0&!R:4].[c&D3&v4&H0&+0&R&z0:5]1:[c&D2&v4&H1&+0&R&z0:6]:[c&D2&v4&H1&+0&R&z0:7]:[c&D2&v4&H1&+0&R&z1:8]:[n&D3&v4&H0&+&R:9]:[c&D2&v4&H1&+0&R&z1:10]:1>>[C&D3&v4&H0&+0&R&z0:5]1=[C&D2&v4&H1&+0&R&z1:10]-[N&D3&v3&H0&+0&R:9]-[C&D2&v4&H1&+0&R&z1:8]=[C&D2&v4&H1&+0&R&z0:7]-[C&D2&v4&H2&+0&R&z0:6]-1.([C&D3&v4&H1&+0&!R&z1:1]-[O&D1&v2&H1&+0&!R:4].[O&D1&v2&H0&+0&!R:2]=[C&D3&v4&H0&+0&!R&z2:3]),557
2470,[O&D0&v2&H2&+0&!R:1].[c&D3&v4&H0&+0&R&z0:2]1:[c&D2&v4&H1&+0&R&z0:3]:[c&D2&v4&H1&+0&R&z0:4]:[c&D2&v4&H1&+0&R&z1:5]:[n&D3&v4&H0&+&R:6]:[c&D2&v4&H1&+0&R&z1:7]:1.[c&D3&v4&H0&+0&R&z2:8]-[O&D1&v2&H1&+0&!R:9]>>[C&D3&v4&H0&+0&R&z0:2]1=[C&D2&v4&H1&+0&R&z1:7]-[N&D3&v3&H0&+0&R:6]-[C&D2&v4&H1&+0&R&z1:5]=[C&D2&v4&H1&+0&R&z0:4]-[C&D2&v4&H2&+0&R&z0:3]-1.[O&D1&v2&H0&+0&!R:9]=[O&D1&v2&H0&+0&!R:1].[c&D2&v4&H1&+0&R&z1:8],9
2471,[O&D0&v2&H2&+0&!R:1].[c&D3&v4&H0&+0&R&z0:2]1:[c&D2&v4&H1&+0&R&z0:3]:[c&D2&v4&H1&+0&R&z0:4]:[c&D2&v4&H1&+0&R&z1:5]:[n&D3&v4&H0&+&R:6]:[c&D2&v4&H1&+0&R&z1:7]:1.([c&D3&v4&H0&+0&R&z1:8](-[O&D1&v2&H1&+0&!R:9]):[c&D2&v4&H1&+0&R&z0:10].[c&D3&v4&H0&+0&R&z1:11]-[O&D1&v2&H1&+0&!R:12])>>[C&D3&v4&H0&+0&R&z0:2]1=[C&D2&v4&H1&+0&R&z1:7]-[N&D3&v3&H0&+0&R:6]-[C&D2&v4&H1&+0&R&z1:5]=[C&D2&v4&H1&+0&R&z0:4]-[C&D2&v4&H2&+0&R&z0:3]-1.[O&D1&v2&H0&+0&!R:1]=[O&D1&v2&H0&+0&!R:9].([c&D2&v4&H1&+0&R&z0:11].[c&D2&v4&H1&+0&R&z0:8]:[c&D3&v4&H0&+0&R&z1:10]-[O&D1&v2&H1&+0&!R:12]),977
2472,[O&D0&v2&H2&+0&!R:1].[O&D1&v2&H0&+0&!R:2]=[C&D2&v4&H0&+0&!R&z2:3].[O&D1&v2&H1&+0&!R:4]-[c&D3&v4&H0&+0&R&z1:5].[c&D3&v4&H0&+0&R&z0:6]1:[c&D2&v4&H1&+0&R&z0:7]:[c&D2&v4&H1&+0&R&z0:8]:[c&D2&v4&H1&+0&R&z1:9]:[n&D3&v4&H0&+&R:10]:[c&D2&v4&H1&+0&R&z1:11]:1>>[C&D3&v4&H0&+0&!R&z2:3](-[O&D1&v2&H1&+0&!R:2])-[c&D3&v4&H0&+0&R&z0:5].[C&D3&v4&H0&+0&R&z0:6]1=[C&D2&v4&H1&+0&R&z1:11]-[N&D3&v3&H0&+0&R:10]-[C&D2&v4&H1&+0&R&z1:9]=[C&D2&v4&H1&+0&R&z0:8]-[C&D2&v4&H2&+0&R&z0:7]-1.[O&D1&v2&H0&+0&!R:1]=[O&D1&v2&H0&+0&!R:4],905
2473,[O&D0&v2&H2&+0&!R:1].[O&D1&v2&H0&+0&!R:2]=[C&D2&v4&H1&+0&!R&z1:3].[c&D3&v4&H0&+0&R&z0:4]1:[c&D2&v4&H1&+0&R&z0:5]:[c&D2&v4&H1&+0&R&z0:6]:[c&D2&v4&H1&+0&R&z1:7]:[n&D3&v4&H0&+&R:8]:[c&D2&v4&H1&+0&R&z1:9]:1>>[C&D3&v4&H0&+0&R&z0:4]1=[C&D2&v4&H1&+0&R&z1:9]-[N&D3&v3&H0&+0&R:8]-[C&D2&v4&H1&+0&R&z1:7]=[C&D2&v4&H1&+0&R&z0:6]-[C&D2&v4&H2&+0&R&z0:5]-1.[O&D1&v2&H0&+0&!R:2]=[C&D3&v4&H0&+0&!R&z2:3]-[O&D1&v2&H1&+0&!R:1],819
2474,[O&D0&v2&H2&+0&!R:1].[O&D1&v2&H0&+0&!R:2]=[C&D2&v4&H1&+0&!R&z1:3].[c&D3&v4&H0&+0&R&z0:4]1:[c&D2&v4&H1&+0&R&z0:5]:[c&D2&v4&H1&+0&R&z0:6]:[c&D2&v4&H1&+0&R&z1:7]:[n&D3&v4&H0&+&R:8]:[c&D2&v4&H1&+0&R&z1:9]:1>>[C&D3&v4&H0&+0&!R&z2:3](=[O&D1&v2&H0&+0&!R:2])-[O&D1&v2&H1&+0&!R:1].[C&D3&v4&H0&+0&R&z0:4]1=[C&D2&v4&H1&+0&R&z1:9]-[N&D3&v3&H0&+0&R:8]-[C&D2&v4&H1&+0&R&z1:7]=[C&D2&v4&H1&+0&R&z0:6]-[C&D2&v4&H2&+0&R&z0:5]-1,819
2475,[O&D0&v2&H2&+0&!R:1].[O&D0&v2&H2&+0&!R:2].[c&D3&v4&H0&+0&R&z0:3]1:[c&D2&v4&H1&+0&R&z0:4]:[c&D2&v4&H1&+0&R&z0:5]:[c&D2&v4&H1&+0&R&z1:6]:[n&D3&v4&H0&+&R:7]:[c&D2&v4&H1&+0&R&z1:8]:1>>[C&D3&v4&H0&+0&R&z0:3]1=[C&D2&v4&H1&+0&R&z1:8]-[N&D3&v3&H0&+0&R:7]-[C&D2&v4&H1&+0&R&z1:6]=[C&D2&v4&H1&+0&R&z0:5]-[C&D2&v4&H2&+0&R&z0:4]-1.[O&D1&v2&H1&+0&!R:1]-[O&D1&v2&H1&+0&!R:2],750
2476,[C&D3&v4&H1&+0&R&z2:1]-[O&D2&v2&H0&+0&R:2]-[C&D3&v4&H1&+0&R&z1:3].[O&D0&v2&H2&+0&!R:4].[c&D3&v4&H0&+0&R&z0:5]1:[c&D2&v4&H1&+0&R&z0:6]:[c&D2&v4&H1&+0&R&z0:7]:[c&D2&v4&H1&+0&R&z1:8]:[n&D3&v4&H0&+&R:9]:[c&D2&v4&H1&+0&R&z1:10]:1>>[C&D3&v4&H0&+0&R&z0:5]1=[C&D2&v4&H1&+0&R&z1:10]-[N&D3&v3&H0&+0&R:9]-[C&D2&v4&H1&+0&R&z1:8]=[C&D2&v4&H1&+0&R&z0:7]-[C&D2&v4&H2&+0&R&z0:6]-1.([C&D3&v4&H1&+0&R&z1:3]-[O&D1&v2&H1&+0&!R:4].[O&D1&v2&H0&+0&!R:2]=[C&D3&v4&H0&+0&!R&z2:1]),557
2477,[O&D0&v2&H2&+0&!R:1].[O&D1&v2&H1&+0&!R:2]-[c&D3&v4&H0&+0&R&z1:3].[c&D3&v4&H0&+0&R&z0:4]1:[c&D2&v4&H1&+0&R&z0:5]:[c&D2&v4&H1&+0&R&z0:6]:[c&D2&v4&H1&+0&R&z1:7]:[n&D3&v4&H0&+&R:8]:[c&D2&v4&H1&+0&R&z1:9]:1>>[C&D3&v4&H0&+0&R&z0:4]1=[C&D2&v4&H1&+0&R&z1:9]-[N&D3&v3&H0&+0&R:8]-[C&D2&v4&H1&+0&R&z1:7]=[C&D2&v4&H1&+0&R&z0:6]-[C&D2&v4&H2&+0&R&z0:5]-1.[O&D1&v2&H0&+0&!R:2]=[O&D1&v2&H0&+0&!R:1].[c&D2&v4&H1&+0&R&z0:3],9
2478,[C&D2&v4&H2&+0&!R&z2:1]-[O&D1&v2&H1&+0&!R:2].[c&D3&v4&H0&+0&R&z0:3]1:[c&D2&v4&H1&+0&R&z0:4]:[c&D2&v4&H1&+0&R&z0:5]:[c&D2&v4&H1&+0&R&z1:6]:[n&D3&v4&H0&+&R:7]:[c&D2&v4&H1&+0&R&z1:8]:1>>[C&D3&v4&H0&+0&R&z0:3]1=[C&D2&v4&H1&+0&R&z1:8]-[N&D3&v3&H0&+0&R:7]-[C&D2&v4&H1&+0&R&z1:6]=[C&D2&v4&H1&+0&R&z0:5]-[C&D2&v4&H2&+0&R&z0:4]-1.[O&D1&v2&H0&+0&!R:2]=[C&D2&v4&H1&+0&!R&z2:1],435
2479,[C&D3&v4&H1&+0&!R&z1:1]-[O&D1&v2&H1&+0&!R:2].[c&D3&v4&H0&+0&R&z0:3]1:[c&D2&v4&H1&+0&R&z0:4]:[c&D2&v4&H1&+0&R&z0:5]:[c&D2&v4&H1&+0&R&z1:6]:[n&D3&v4&H0&+&R:7]:[c&D2&v4&H1&+0&R&z1:8]:1>>[C&D3&v4&H0&+0&R&z0:3]1=[C&D2&v4&H1&+0&R&z1:8]-[N&D3&v3&H0&+0&R:7]-[C&D2&v4&H1&+0&R&z1:6]=[C&D2&v4&H1&+0&R&z0:5]-[C&D2&v4&H2&+0&R&z0:4]-1.[O&D1&v2&H0&+0&!R:2]=[C&D3&v4&H0&+0&!R&z1:1],435
2480,([S&D1&v2&H1&+0&!R:1].[S&D1&v2&H1&+0&!R:2]).[c&D3&v4&H0&+0&R&z0:3]1:[c&D2&v4&H1&+0&R&z0:4]:[c&D2&v4&H1&+0&R&z0:5]:[c&D2&v4&H1&+0&R&z1:6]:[n&D3&v4&H0&+&R:7]:[c&D2&v4&H1&+0&R&z1:8]:1>>[C&D3&v4&H0&+0&R&z0:3]1=[C&D2&v4&H1&+0&R&z1:8]-[N&D3&v3&H0&+0&R:7]-[C&D2&v4&H1&+0&R&z1:6]=[C&D2&v4&H1&+0&R&z0:5]-[C&D2&v4&H2&+0&R&z0:4]-1.[S&D2&v2&H0&+0&R:1]-[S&D2&v2&H0&+0&R:2],104
2481,[C&D3&v4&H1&+0&!R&z1:1]-[C&D4&v4&H0&+0&!R&z1:2](-[O&D1&v2&H1&+0&!R:3])-[C&D2&v4&H2&+0&!R&z1:4].[c&D3&v4&H0&+0&R&z0:5]1:[c&D2&v4&H1&+0&R&z0:6]:[c&D2&v4&H1&+0&R&z0:7]:[c&D2&v4&H1&+0&R&z1:8]:[n&D3&v4&H0&+&R:9]:[c&D2&v4&H1&+0&R&z1:10]:1>>[C&D3&v4&H0&+0&R&z0:5]1=[C&D2&v4&H1&+0&R&z1:10]-[N&D3&v3&H0&+0&R:9]-[C&D2&v4&H1&+0&R&z1:8]=[C&D2&v4&H1&+0&R&z0:7]-[C&D2&v4&H2&+0&R&z0:6]-1.[C&D4&v4&H0&+0&!R&z1:1](-[C&D2&v4&H2&+0&!R&z1:4])-[C&D3&v4&H0&+0&!R&z1:2]=[O&D1&v2&H0&+0&!R:3],990
2482,[C&D3&v4&H1&+0&!R&z1:1]-[C&D3&v4&H1&+0&!R&z1:2].[c&D3&v4&H0&+0&R&z0:3]1:[c&D2&v4&H1&+0&R&z0:4]:[c&D2&v4&H1&+0&R&z0:5]:[c&D2&v4&H1&+0&R&z1:6]:[n&D3&v4&H0&+&R:7]:[c&D2&v4&H1&+0&R&z1:8]:1>>[C&D3&v4&H0&+0&!R&z1:1]=[C&D3&v4&H0&+0&!R&z1:2].[C&D3&v4&H0&+0&R&z0:3]1=[C&D2&v4&H1&+0&R&z1:8]-[N&D3&v3&H0&+0&R:7]-[C&D2&v4&H1&+0&R&z1:6]=[C&D2&v4&H1&+0&R&z0:5]-[C&D2&v4&H2&+0&R&z0:4]-1,663
2483,[C&D2&v4&H2&+0&!R&z1:1]-[O&D1&v2&H1&+0&!R:2].[c&D3&v4&H0&+0&R&z0:3]1:[c&D2&v4&H1&+0&R&z0:4]:[c&D2&v4&H1&+0&R&z0:5]:[c&D2&v4&H1&+0&R&z1:6]:[n&D3&v4&H0&+&R:7]:[c&D2&v4&H1&+0&R&z1:8]:1>>[C&D3&v4&H0&+0&R&z0:3]1=[C&D2&v4&H1&+0&R&z1:8]-[N&D3&v3&H0&+0&R:7]-[C&D2&v4&H1&+0&R&z1:6]=[C&D2&v4&H1&+0&R&z0:5]-[C&D2&v4&H2&+0&R&z0:4]-1.[O&D1&v2&H0&+0&!R:2]=[C&D2&v4&H1&+0&!R&z1:1],435
2484,[C&D3&v4&H0&+0&!R&z2:1](-[O&D1&v2&H1&+0&!R:2])-[C&D3&v4&H1&+0&!R&z1:3]-[C&D3&v4&H1&+0&!R&z1:4]-[O&D1&v2&H1&+0&!R:5].[c&D3&v4&H0&+0&R&z0:6]1:[c&D2&v4&H1&+0&R&z0:7]:[c&D2&v4&H1&+0&R&z0:8]:[c&D2&v4&H1&+0&R&z1:9]:[n&D3&v4&H0&+&R:10]:[c&D2&v4&H1&+0&R&z1:11]:1>>[C&D3&v4&H0&+0&R&z0:6]1=[C&D2&v4&H1&+0&R&z1:11]-[N&D3&v3&H0&+0&R:10]-[C&D2&v4&H1&+0&R&z1:9]=[C&D2&v4&H1&+0&R&z0:8]-[C&D2&v4&H2&+0&R&z0:7]-1.[O&D1&v2&H0&+0&!R:2]=[C&D2&v4&H0&+0&!R&z2:1].[O&D1&v2&H0&+0&!R:5]=[C&D3&v4&H0&+0&!R&z1:4]-[C&D2&v4&H2&+0&!R&z1:3],544
2485,[C&D3&v4&H1&+0&!R&z1:1](-[O&D1&v2&H1&+0&!R:2])-[C&D2&v4&H2&+0&!R&z1:3].[O&D1&v2&H0&+0&!R:4]=[C&D2&v4&H0&+0&!R&z2:5].[c&D3&v4&H0&+0&R&z0:6]1:[c&D2&v4&H1&+0&R&z0:7]:[c&D2&v4&H1&+0&R&z0:8]:[c&D2&v4&H1&+0&R&z1:9]:[n&D3&v4&H0&+&R:10]:[c&D2&v4&H1&+0&R&z1:11]:1>>[C&D3&v4&H0&+0&!R&z1:1](=[O&D1&v2&H0&+0&!R:2])-[C&D3&v4&H1&+0&!R&z1:3]-[C&D3&v4&H0&+0&!R&z2:5]-[O&D1&v2&H1&+0&!R:4].[C&D3&v4&H0&+0&R&z0:6]1=[C&D2&v4&H1&+0&R&z1:11]-[N&D3&v3&H0&+0&R:10]-[C&D2&v4&H1&+0&R&z1:9]=[C&D2&v4&H1&+0&R&z0:8]-[C&D2&v4&H2&+0&R&z0:7]-1,527
2486,[C&D4&v4&H0&+0&R&z1:1]1(-[O&D1&v2&H1&+0&!R:2])-[C&D2&v4&H1&+0&R&z0:3]=[C&D2&v4&H1&+0&R&z0:4]-[C&D2&v4&H1&+0&R&z0:5]=[C&D2&v4&H1&+0&R&z0:6]-[C&D3&v4&H1&+0&R&z1:7]-1-[O&D1&v2&H1&+0&!R:8].[c&D3&v4&H0&+0&R&z0:9]1:[c&D2&v4&H1&+0&R&z0:10]:[c&D2&v4&H1&+0&R&z0:11]:[c&D2&v4&H1&+0&R&z1:12]:[n&D3&v4&H0&+&R:13]:[c&D2&v4&H1&+0&R&z1:14]:1>>[C&D3&v4&H0&+0&R&z0:9]1=[C&D2&v4&H1&+0&R&z1:14]-[N&D3&v3&H0&+0&R:13]-[C&D2&v4&H1&+0&R&z1:12]=[C&D2&v4&H1&+0&R&z0:11]-[C&D2&v4&H2&+0&R&z0:10]-1.[O&D1&v2&H0&+0&!R:8]=[O&D1&v2&H0&+0&!R:2].[c&D3&v4&H0&+0&R&z0:1]1:[c&D2&v4&H1&+0&R&z0:3]:[c&D2&v4&H1&+0&R&z0:4]:[c&D2&v4&H1&+0&R&z0:5]:[c&D2&v4&H1&+0&R&z0:6]:[c&D2&v4&H1&+0&R&z0:7]:1,584
2487,[C&D3&v4&H1&+0&R&z1:1]-[O&D1&v2&H1&+0&!R:2].[c&D3&v4&H0&+0&R&z0:3]1:[c&D2&v4&H1&+0&R&z0:4]:[c&D2&v4&H1&+0&R&z0:5]:[c&D2&v4&H1&+0&R&z1:6]:[n&D3&v4&H0&+&R:7]:[c&D2&v4&H1&+0&R&z1:8]:1>>[C&D3&v4&H0&+0&R&z0:3]1=[C&D2&v4&H1&+0&R&z1:8]-[N&D3&v3&H0&+0&R:7]-[C&D2&v4&H1&+0&R&z1:6]=[C&D2&v4&H1&+0&R&z0:5]-[C&D2&v4&H2&+0&R&z0:4]-1.[O&D1&v2&H0&+0&!R:2]=[C&D3&v4&H0&+0&R&z1:1],435
2488,[C&D3&v4&H0&+0&R&z0:1]1=[C&D2&v4&H1&+0&R&z0:2]-[C&D3&v4&H1&+0&R&z1:3](-[O&D1&v2&H1&+0&!R:4])-[C&D4&v4&H0&+0&R&z1:5](-[O&D1&v2&H1&+0&!R:6])-[C&D2&v4&H1&+0&R&z0:7]=[C&D2&v4&H1&+0&R&z0:8]-1.[c&D3&v4&H0&+0&R&z0:9]1:[c&D2&v4&H1&+0&R&z0:10]:[c&D2&v4&H1&+0&R&z0:11]:[c&D2&v4&H1&+0&R&z1:12]:[n&D3&v4&H0&+&R:13]:[c&D2&v4&H1&+0&R&z1:14]:1>>[C&D3&v4&H0&+0&R&z0:9]1=[C&D2&v4&H1&+0&R&z1:14]-[N&D3&v3&H0&+0&R:13]-[C&D2&v4&H1&+0&R&z1:12]=[C&D2&v4&H1&+0&R&z0:11]-[C&D2&v4&H2&+0&R&z0:10]-1.[O&D1&v2&H0&+0&!R:6]=[O&D1&v2&H0&+0&!R:4].[c&D3&v4&H0&+0&R&z0:1]1:[c&D2&v4&H1&+0&R&z0:8]:[c&D2&v4&H1&+0&R&z0:7]:[c&D3&v4&H0&+0&R&z0:5]:[c&D2&v4&H1&+0&R&z0:3]:[c&D2&v4&H1&+0&R&z0:2]:1,584
2489,[C&D3&v4&H0&+0&R&z0:1]1=[C&D2&v4&H1&+0&R&z0:2]-[C&D3&v4&H1&+0&R&z1:3](-[O&D1&v2&H1&+0&!R:4])-[C&D3&v4&H1&+0&R&z1:5](-[O&D1&v2&H1&+0&!R:6])-[C&D2&v4&H1&+0&R&z0:7]=[C&D3&v4&H0&+0&R&z0:8]-1.[c&D3&v4&H0&+0&R&z0:9]1:[c&D2&v4&H1&+0&R&z0:10]:[c&D2&v4&H1&+0&R&z0:11]:[c&D2&v4&H1&+0&R&z1:12]:[n&D3&v4&H0&+&R:13]:[c&D2&v4&H1&+0&R&z1:14]:1>>[C&D3&v4&H0&+0&R&z0:9]1=[C&D2&v4&H1&+0&R&z1:14]-[N&D3&v3&H0&+0&R:13]-[C&D2&v4&H1&+0&R&z1:12]=[C&D2&v4&H1&+0&R&z0:11]-[C&D2&v4&H2&+0&R&z0:10]-1.[O&D1&v2&H0&+0&!R:6]=[O&D1&v2&H0&+0&!R:4].[c&D3&v4&H0&+0&R&z0:1]1:[c&D2&v4&H1&+0&R&z0:2]:[c&D2&v4&H1&+0&R&z0:3]:[c&D2&v4&H1&+0&R&z0:5]:[c&D2&v4&H1&+0&R&z0:7]:[c&D3&v4&H0&+0&R&z0:8]:1,584
2490,[C&D2&v4&H2&+0&R&z1:1]-[N&D2&v3&H1&+0&R:2].[c&D3&v4&H0&+0&R&z0:3]1:[c&D2&v4&H1&+0&R&z0:4]:[c&D2&v4&H1&+0&R&z0:5]:[c&D2&v4&H1&+0&R&z1:6]:[n&D3&v4&H0&+&R:7]:[c&D2&v4&H1&+0&R&z1:8]:1>>[C&D2&v4&H1&+0&R&z1:1]=[N&D2&v3&H0&+0&R:2].[C&D3&v4&H0&+0&R&z0:3]1=[C&D2&v4&H1&+0&R&z1:8]-[N&D3&v3&H0&+0&R:7]-[C&D2&v4&H1&+0&R&z1:6]=[C&D2&v4&H1&+0&R&z0:5]-[C&D2&v4&H2&+0&R&z0:4]-1,904
2491,[C&D3&v4&H1&+0&R&z2:1]-[O&D1&v2&H1&+0&!R:2].[c&D3&v4&H0&+0&R&z0:3]1:[c&D2&v4&H1&+0&R&z0:4]:[c&D2&v4&H1&+0&R&z0:5]:[c&D2&v4&H1&+0&R&z1:6]:[n&D3&v4&H0&+&R:7]:[c&D2&v4&H1&+0&R&z1:8]:1>>[C&D3&v4&H0&+0&R&z0:3]1=[C&D2&v4&H1&+0&R&z1:8]-[N&D3&v3&H0&+0&R:7]-[C&D2&v4&H1&+0&R&z1:6]=[C&D2&v4&H1&+0&R&z0:5]-[C&D2&v4&H2&+0&R&z0:4]-1.[O&D1&v2&H0&+0&!R:2]=[C&D3&v4&H0&+0&R&z2:1],435
2492,[C&D3&v4&H0&+0&!R&z2:1](-[O&D1&v2&H1&+0&!R:2])-[C&D3&v4&H1&+0&R&z1:3]-[C&D3&v4&H1&+0&R&z1:4]-[O&D1&v2&H1&+0&!R:5].[c&D3&v4&H0&+0&R&z0:6]1:[c&D2&v4&H1&+0&R&z0:7]:[c&D2&v4&H1&+0&R&z0:8]:[c&D2&v4&H1&+0&R&z1:9]:[n&D3&v4&H0&+&R:10]:[c&D2&v4&H1&+0&R&z1:11]:1>>[C&D3&v4&H0&+0&R&z0:6]1=[C&D2&v4&H1&+0&R&z1:11]-[N&D3&v3&H0&+0&R:10]-[C&D2&v4&H1&+0&R&z1:9]=[C&D2&v4&H1&+0&R&z0:8]-[C&D2&v4&H2&+0&R&z0:7]-1.[O&D1&v2&H0&+0&!R:2]=[C&D2&v4&H0&+0&!R&z2:1].[O&D1&v2&H0&+0&!R:5]=[C&D3&v4&H0&+0&R&z1:4]-[C&D2&v4&H2&+0&R&z1:3],544
2493,[C&D3&v4&H0&+0&!R&z2:1](-[O&D1&v2&H1&+0&!R:2])-[C&D2&v4&H2&+0&!R&z0:3]-[C&D3&v4&H1&+0&!R&z1:4]-[O&D1&v2&H1&+0&!R:5].[c&D3&v4&H0&+0&R&z0:6]1:[c&D2&v4&H1&+0&R&z0:7]:[c&D2&v4&H1&+0&R&z0:8]:[c&D2&v4&H1&+0&R&z1:9]:[n&D3&v4&H0&+&R:10]:[c&D2&v4&H1&+0&R&z1:11]:1>>[C&D1&v4&H3&+0&!R&z0:3]-[C&D3&v4&H0&+0&!R&z1:4]=[O&D1&v2&H0&+0&!R:5].[C&D3&v4&H0&+0&R&z0:6]1=[C&D2&v4&H1&+0&R&z1:11]-[N&D3&v3&H0&+0&R:10]-[C&D2&v4&H1&+0&R&z1:9]=[C&D2&v4&H1&+0&R&z0:8]-[C&D2&v4&H2&+0&R&z0:7]-1.[O&D1&v2&H0&+0&!R:2]=[C&D2&v4&H0&+0&!R&z2:1],544
2494,[S&D3&v4&H0&+0&!R:1]-[O&D1&v2&H1&+0&!R:2].[c&D3&v4&H0&+0&R&z0:3]1:[c&D2&v4&H1&+0&R&z0:4]:[c&D2&v4&H1&+0&R&z0:5]:[c&D2&v4&H1&+0&R&z1:6]:[n&D3&v4&H0&+&R:7]:[c&D2&v4&H1&+0&R&z1:8]:1.[c&D3&v4&H0&+0&R&z1:9](-[O&D1&v2&H1&+0&!R:10]):[c&D3&v4&H0&+0&R&z1:11]-[O&D1&v2&H1&+0&!R:12]>>[C&D3&v4&H0&+0&R&z0:3]1=[C&D2&v4&H1&+0&R&z1:8]-[N&D3&v3&H0&+0&R:7]-[C&D2&v4&H1&+0&R&z1:6]=[C&D2&v4&H1&+0&R&z0:5]-[C&D2&v4&H2&+0&R&z0:4]-1.[O&D1&v2&H0&+0&!R:10]=[O&D1&v2&H0&+0&!R:12].[c&D2&v4&H1&+0&R&z0:11]:[c&D3&v4&H0&+0&R&z1:9]-[S&D4&v6&H0&+0&!R:1]=[O&D1&v2&H0&+0&!R:2],698
2495,[C&D2&v4&H2&+0&R&z0:1]-[C&D2&v4&H2&+0&R&z0:2].[c&D3&v4&H0&+0&R&z0:3]1:[c&D2&v4&H1&+0&R&z0:4]:[c&D2&v4&H1&+0&R&z0:5]:[c&D2&v4&H1&+0&R&z1:6]:[n&D3&v4&H0&+&R:7]:[c&D2&v4&H1&+0&R&z1:8]:1>>[C&D2&v4&H1&+0&R&z0:2]=[C&D2&v4&H1&+0&R&z0:1].[C&D3&v4&H0&+0&R&z0:3]1=[C&D2&v4&H1&+0&R&z1:8]-[N&D3&v3&H0&+0&R:7]-[C&D2&v4&H1&+0&R&z1:6]=[C&D2&v4&H1&+0&R&z0:5]-[C&D2&v4&H2&+0&R&z0:4]-1,663
2496,[C&D3&v4&H1&+0&R&z1:1]-[C&D3&v4&H1&+0&R&z1:2].[c&D3&v4&H0&+0&R&z0:3]1:[c&D2&v4&H1&+0&R&z0:4]:[c&D2&v4&H1&+0&R&z0:5]:[c&D2&v4&H1&+0&R&z1:6]:[n&D3&v4&H0&+&R:7]:[c&D2&v4&H1&+0&R&z1:8]:1>>[C&D3&v4&H0&+0&R&z0:3]1=[C&D2&v4&H1&+0&R&z1:8]-[N&D3&v3&H0&+0&R:7]-[C&D2&v4&H1&+0&R&z1:6]=[C&D2&v4&H1&+0&R&z0:5]-[C&D2&v4&H2&+0&R&z0:4]-1.[C&D3&v4&H0&+0&R&z1:1]=[C&D3&v4&H0&+0&R&z1:2],663
2497,[C&D2&v4&H1&+0&!R&z2:1]-[O&D1&v2&H1&+0&!R:2].[c&D3&v4&H0&+0&R&z0:3]1:[c&D2&v4&H1&+0&R&z0:4]:[c&D2&v4&H1&+0&R&z0:5]:[c&D2&v4&H1&+0&R&z1:6]:[n&D3&v4&H0&+&R:7]:[c&D2&v4&H1&+0&R&z1:8]:1>>[C&D3&v4&H0&+0&R&z0:3]1=[C&D2&v4&H1&+0&R&z1:8]-[N&D3&v3&H0&+0&R:7]-[C&D2&v4&H1&+0&R&z1:6]=[C&D2&v4&H1&+0&R&z0:5]-[C&D2&v4&H2&+0&R&z0:4]-1.[O&D1&v2&H0&+0&!R:2]=[C&D2&v4&H0&+0&!R&z2:1],435
2498,[N&D2&v3&H0&+0&!R:1].[O&D1&v2&H1&+0&!R:2].[c&D3&v4&H0&+0&R&z0:3]1:[c&D2&v4&H1&+0&R&z0:4]:[c&D2&v4&H1&+0&R&z0:5]:[c&D2&v4&H1&+0&R&z1:6]:[n&D3&v4&H0&+&R:7]:[c&D2&v4&H1&+0&R&z1:8]:1>>[C&D3&v4&H0&+0&R&z0:3]1=[C&D2&v4&H1&+0&R&z1:8]-[N&D3&v3&H0&+0&R:7]-[C&D2&v4&H1&+0&R&z1:6]=[C&D2&v4&H1&+0&R&z0:5]-[C&D2&v4&H2&+0&R&z0:4]-1.[N&D3&v4&H0&+&!R:1]-[O&D2&v2&H0&+0&!R:2],1016
2499,[N&D2&v3&H0&+0&!R:1].[O&D1&v2&H1&+0&!R:2].[c&D3&v4&H0&+0&R&z0:3]1:[c&D2&v4&H1&+0&R&z0:4]:[c&D2&v4&H1&+0&R&z0:5]:[c&D2&v4&H1&+0&R&z1:6]:[n&D3&v4&H0&+&R:7]:[c&D2&v4&H1&+0&R&z1:8]:1>>[C&D3&v4&H0&+0&R&z0:3]1=[C&D2&v4&H1&+0&R&z1:8]-[N&D3&v3&H0&+0&R:7]-[C&D2&v4&H1&+0&R&z1:6]=[C&D2&v4&H1&+0&R&z0:5]-[C&D2&v4&H2&+0&R&z0:4]-1.[O&D2&v2&H0&+0&!R:2]-[N&D3&v4&H0&+&!R:1],1016
2500,[N&D2&v3&H0&+0&!R:1].[c&D3&v4&H0&+0&R&z0:2]1:[c&D2&v4&H1&+0&R&z0:3]:[c&D2&v4&H1&+0&R&z0:4]:[c&D2&v4&H1&+0&R&z1:5]:[n&D3&v4&H0&+&R:6]:[c&D2&v4&H1&+0&R&z1:7]:1.[c&D3&v4&H0&+0&R&z1:8](-[O&D1&v2&H1&+0&!R:9]):[c&D3&v4&H0&+0&R&z1:10]-[O&D1&v2&H1&+0&!R:11]>>[C&D3&v4&H0&+0&R&z0:2]1=[C&D2&v4&H1&+0&R&z1:7]-[N&D3&v3&H0&+0&R:6]-[C&D2&v4&H1&+0&R&z1:5]=[C&D2&v4&H1&+0&R&z0:4]-[C&D2&v4&H2&+0&R&z0:3]-1.[N&D3&v4&H0&+&!R:1]-[c&D3&v4&H0&+0&R&z1:8]:[c&D2&v4&H1&+0&R&z0:10].[O&D1&v2&H0&+0&!R:11]=[O&D1&v2&H0&+0&!R:9],395
2501,[N&D2&v3&H0&+0&!R:1].[c&D3&v4&H0&+0&R&z0:2]1:[c&D2&v4&H1&+0&R&z0:3]:[c&D2&v4&H1&+0&R&z0:4]:[c&D2&v4&H1&+0&R&z1:5]:[n&D3&v4&H0&+&R:6]:[c&D2&v4&H1&+0&R&z1:7]:1.[c&D3&v4&H0&+0&R&z1:8](-[O&D1&v2&H1&+0&!R:9]):[c&D3&v4&H0&+0&R&z1:10]-[O&D1&v2&H1&+0&!R:11]>>[C&D3&v4&H0&+0&R&z0:2]1=[C&D2&v4&H1&+0&R&z1:7]-[N&D3&v3&H0&+0&R:6]-[C&D2&v4&H1&+0&R&z1:5]=[C&D2&v4&H1&+0&R&z0:4]-[C&D2&v4&H2&+0&R&z0:3]-1.[N&D3&v4&H0&+&!R:1]-[c&D3&v4&H0&+0&R&z1:10]:[c&D2&v4&H1&+0&R&z0:8].[O&D1&v2&H0&+0&!R:9]=[O&D1&v2&H0&+0&!R:11],395
2502,[N&D2&v3&H0&+0&!R:1].[O&D1&v2&H1&+0&!R:2]-[c&D3&v4&H0&+0&R&z1:3]:[c&D3&v4&H0&+0&R&z1:4]-[O&D1&v2&H1&+0&!R:5].[c&D3&v4&H0&+0&R&z0:6]1:[c&D2&v4&H1&+0&R&z0:7]:[c&D2&v4&H1&+0&R&z0:8]:[c&D2&v4&H1&+0&R&z1:9]:[n&D3&v4&H0&+&R:10]:[c&D2&v4&H1&+0&R&z1:11]:1>>[C&D3&v4&H0&+0&R&z0:6]1=[C&D2&v4&H1&+0&R&z1:11]-[N&D3&v3&H0&+0&R:10]-[C&D2&v4&H1&+0&R&z1:9]=[C&D2&v4&H1&+0&R&z0:8]-[C&D2&v4&H2&+0&R&z0:7]-1.[N&D3&v4&H0&+&!R:1]-[c&D3&v4&H0&+0&R&z1:4]:[c&D2&v4&H1&+0&R&z0:3].[O&D1&v2&H0&+0&!R:2]=[O&D1&v2&H0&+0&!R:5],395
2503,[N&D2&v3&H0&+0&!R:1].[O&D1&v2&H1&+0&!R:2]-[c&D3&v4&H0&+0&R&z1:3]:[c&D3&v4&H0&+0&R&z1:4]-[O&D1&v2&H1&+0&!R:5].[c&D3&v4&H0&+0&R&z0:6]1:[c&D2&v4&H1&+0&R&z0:7]:[c&D2&v4&H1&+0&R&z0:8]:[c&D2&v4&H1&+0&R&z1:9]:[n&D3&v4&H0&+&R:10]:[c&D2&v4&H1&+0&R&z1:11]:1>>[C&D3&v4&H0&+0&R&z0:6]1=[C&D2&v4&H1&+0&R&z1:11]-[N&D3&v3&H0&+0&R:10]-[C&D2&v4&H1&+0&R&z1:9]=[C&D2&v4&H1&+0&R&z0:8]-[C&D2&v4&H2&+0&R&z0:7]-1.[N&D3&v4&H0&+&!R:1]-[c&D3&v4&H0&+0&R&z1:3]:[c&D2&v4&H1&+0&R&z0:4].[O&D1&v2&H0&+0&!R:5]=[O&D1&v2&H0&+0&!R:2],395
2504,([C&D3&v4&H1&+0&!R&z1:1].[O&D1&v2&H1&+0&!R:2]).[c&D3&v4&H0&+0&R&z0:3]1:[c&D2&v4&H1&+0&R&z0:4]:[c&D2&v4&H1&+0&R&z0:5]:[c&D2&v4&H1&+0&R&z1:6]:[n&D3&v4&H0&+&R:7]:[c&D2&v4&H1&+0&R&z1:8]:1>>[C&D3&v4&H0&+0&R&z0:3]1=[C&D2&v4&H1&+0&R&z1:8]-[N&D3&v3&H0&+0&R:7]-[C&D2&v4&H1&+0&R&z1:6]=[C&D2&v4&H1&+0&R&z0:5]-[C&D2&v4&H2&+0&R&z0:4]-1.[O&D2&v2&H0&+0&R:2]-[C&D4&v4&H0&+0&R&z2:1],12
2505,[O&D1&v2&H1&+0&!R:1]-[C&D3&v4&H1&+0&!R&z1:2].[c&D3&v4&H0&+0&R&z0:3]1:[c&D2&v4&H1&+0&R&z0:4]:[c&D2&v4&H1&+0&R&z0:5]:[c&D2&v4&H1&+0&R&z1:6]:[n&D3&v4&H0&+&R:7]:[c&D2&v4&H1&+0&R&z1:8]:1>>[C&D3&v4&H0&+0&R&z0:3]1=[C&D2&v4&H1&+0&R&z1:8]-[N&D3&v3&H0&+0&R:7]-[C&D2&v4&H1&+0&R&z1:6]=[C&D2&v4&H1&+0&R&z0:5]-[C&D2&v4&H2&+0&R&z0:4]-1.[O&D1&v2&H0&+0&!R:1]=[C&D3&v4&H0&+0&!R&z1:2],435
2506,[O&D1&v2&H1&+0&!R:1]-[C&D3&v4&H1&+0&R&z1:2]1-[C&D2&v4&H1&+0&R&z0:3]=[C&D2&v4&H1&+0&R&z0:4]-[C&D2&v4&H1&+0&R&z0:5]=[C&D3&v4&H0&+0&R&z1:6]-[C&D3&v4&H1&+0&R&z1:7]-1-[O&D1&v2&H1&+0&!R:8].[c&D3&v4&H0&+0&R&z0:9]1:[c&D2&v4&H1&+0&R&z0:10]:[c&D2&v4&H1&+0&R&z0:11]:[c&D2&v4&H1&+0&R&z1:12]:[n&D3&v4&H0&+&R:13]:[c&D2&v4&H1&+0&R&z1:14]:1>>[C&D3&v4&H0&+0&R&z0:9]1=[C&D2&v4&H1&+0&R&z1:14]-[N&D3&v3&H0&+0&R:13]-[C&D2&v4&H1&+0&R&z1:12]=[C&D2&v4&H1&+0&R&z0:11]-[C&D2&v4&H2&+0&R&z0:10]-1.[O&D1&v2&H0&+0&!R:8]=[O&D1&v2&H0&+0&!R:1].[c&D3&v4&H0&+0&R&z1:6]1:[c&D2&v4&H1&+0&R&z0:5]:[c&D2&v4&H1&+0&R&z0:4]:[c&D2&v4&H1&+0&R&z0:3]:[c&D2&v4&H1&+0&R&z0:2]:[c&D2&v4&H1&+0&R&z0:7]:1,584
2507,[O&D1&v2&H1&+0&!R:1]-[C&D3&v4&H1&+0&R&z1:2]1-[C&D2&v4&H1&+0&R&z0:3]=[C&D2&v4&H1&+0&R&z0:4]-[C&D2&v4&H1&+0&R&z0:5]=[C&D3&v4&H0&+0&R&z0:6]-[C&D3&v4&H1&+0&R&z1:7]-1-[O&D1&v2&H1&+0&!R:8].[c&D3&v4&H0&+0&R&z0:9]1:[c&D2&v4&H1&+0&R&z0:10]:[c&D2&v4&H1&+0&R&z0:11]:[c&D2&v4&H1&+0&R&z1:12]:[n&D3&v4&H0&+&R:13]:[c&D2&v4&H1&+0&R&z1:14]:1>>[C&D3&v4&H0&+0&R&z0:9]1=[C&D2&v4&H1&+0&R&z1:14]-[N&D3&v3&H0&+0&R:13]-[C&D2&v4&H1&+0&R&z1:12]=[C&D2&v4&H1&+0&R&z0:11]-[C&D2&v4&H2&+0&R&z0:10]-1.[O&D1&v2&H0&+0&!R:8]=[O&D1&v2&H0&+0&!R:1].[c&D2&v4&H1&+0&R&z0:3]1:[c&D2&v4&H1&+0&R&z0:4]:[c&D2&v4&H1&+0&R&z0:5]:[c&D3&v4&H0&+0&R&z0:6]:[c&D2&v4&H1&+0&R&z0:7]:[c&D2&v4&H1&+0&R&z0:2]:1,584
2508,[O&D1&v2&H1&+0&!R:1]-[C&D3&v4&H1&+0&R&z1:2]1-[C&D2&v4&H1&+0&R&z0:3]=[C&D2&v4&H1&+0&R&z0:4]-[C&D2&v4&H1&+0&R&z0:5]=[C&D2&v4&H1&+0&R&z0:6]-[C&D3&v4&H1&+0&R&z1:7]-1-[O&D1&v2&H1&+0&!R:8].[c&D3&v4&H0&+0&R&z0:9]1:[c&D2&v4&H1&+0&R&z0:10]:[c&D2&v4&H1&+0&R&z0:11]:[c&D2&v4&H1&+0&R&z1:12]:[n&D3&v4&H0&+&R:13]:[c&D2&v4&H1&+0&R&z1:14]:1>>[C&D3&v4&H0&+0&R&z0:9]1=[C&D2&v4&H1&+0&R&z1:14]-[N&D3&v3&H0&+0&R:13]-[C&D2&v4&H1&+0&R&z1:12]=[C&D2&v4&H1&+0&R&z0:11]-[C&D2&v4&H2&+0&R&z0:10]-1.[O&D1&v2&H0&+0&!R:8]=[O&D1&v2&H0&+0&!R:1].[c&D2&v4&H1&+0&R&z0:6]1:[c&D2&v4&H1&+0&R&z0:5]:[c&D2&v4&H1&+0&R&z0:4]:[c&D2&v4&H1&+0&R&z0:3]:[c&D2&v4&H1&+0&R&z0:2]:[c&D2&v4&H1&+0&R&z0:7]:1,584
2509,[O&D1&v2&H1&+0&!R:1]-[C&D3&v4&H1&+0&R&z1:2]1-[C&D2&v4&H1&+0&R&z0:3]=[C&D2&v4&H1&+0&R&z0:4]-[c&D3&v4&H0&+0&R&z0:5]:[c&D3&v4&H0&+0&R&z0:6]-[C&D3&v4&H1&+0&R&z1:7]-1-[O&D1&v2&H1&+0&!R:8].[c&D3&v4&H0&+0&R&z0:9]1:[c&D2&v4&H1&+0&R&z0:10]:[c&D2&v4&H1&+0&R&z0:11]:[c&D2&v4&H1&+0&R&z1:12]:[n&D3&v4&H0&+&R:13]:[c&D2&v4&H1&+0&R&z1:14]:1>>[C&D3&v4&H0&+0&R&z0:9]1=[C&D2&v4&H1&+0&R&z1:14]-[N&D3&v3&H0&+0&R:13]-[C&D2&v4&H1&+0&R&z1:12]=[C&D2&v4&H1&+0&R&z0:11]-[C&D2&v4&H2&+0&R&z0:10]-1.[O&D1&v2&H0&+0&!R:1]=[O&D1&v2&H0&+0&!R:8].[c&D2&v4&H1&+0&R&z0:2]1:[c&D2&v4&H1&+0&R&z0:3]:[c&D2&v4&H1&+0&R&z0:4]:[c&D3&v4&H0&+0&R&z0:5]:[c&D3&v4&H0&+0&R&z0:6]:[c&D2&v4&H1&+0&R&z0:7]:1,685
2510,[O&D1&v2&H1&+0&!R:1]-[C&D3&v4&H1&+0&R&z1:2].[c&D3&v4&H0&+0&R&z0:3]1:[c&D2&v4&H1&+0&R&z0:4]:[c&D2&v4&H1&+0&R&z0:5]:[c&D2&v4&H1&+0&R&z1:6]:[n&D3&v4&H0&+&R:7]:[c&D2&v4&H1&+0&R&z1:8]:1>>[C&D3&v4&H0&+0&R&z0:3]1=[C&D2&v4&H1&+0&R&z1:8]-[N&D3&v3&H0&+0&R:7]-[C&D2&v4&H1&+0&R&z1:6]=[C&D2&v4&H1&+0&R&z0:5]-[C&D2&v4&H2&+0&R&z0:4]-1.[O&D1&v2&H0&+0&!R:1]=[C&D3&v4&H0&+0&R&z1:2],435
2511,([O&D1&v2&H1&+0&!R:1].[O&D2&v2&H0&+0&R:2]-[C&D3&v4&H1&+0&R&z2:3]-[O&D1&v2&H1&+0&!R:4]).[c&D3&v4&H0&+0&R&z0:5]1:[c&D2&v4&H1&+0&R&z0:6]:[c&D2&v4&H1&+0&R&z0:7]:[c&D2&v4&H1&+0&R&z1:8]:[n&D3&v4&H0&+&R:9]:[c&D2&v4&H1&+0&R&z1:10]:1>>[C&D3&v4&H0&+0&R&z0:5]1=[C&D2&v4&H1&+0&R&z1:10]-[N&D3&v3&H0&+0&R:9]-[C&D2&v4&H1&+0&R&z1:8]=[C&D2&v4&H1&+0&R&z0:7]-[C&D2&v4&H2&+0&R&z0:6]-1.([O&D1&v2&H0&+0&!R:4]=[C&D3&v4&H0&+0&R&z2:3]-[O&D2&v2&H0&+0&R:1].[O&D1&v2&H1&+0&!R:2]),752
2512,[O&D1&v2&H1&+0&!R:1]-[C&D2&v4&H2&+0&!R&z1:2].[c&D3&v4&H0&+0&R&z0:3]1:[c&D2&v4&H1&+0&R&z0:4]:[c&D2&v4&H1&+0&R&z0:5]:[c&D2&v4&H1&+0&R&z1:6]:[n&D3&v4&H0&+&R:7]:[c&D2&v4&H1&+0&R&z1:8]:1>>[C&D3&v4&H0&+0&R&z0:3]1=[C&D2&v4&H1&+0&R&z1:8]-[N&D3&v3&H0&+0&R:7]-[C&D2&v4&H1&+0&R&z1:6]=[C&D2&v4&H1&+0&R&z0:5]-[C&D2&v4&H2&+0&R&z0:4]-1.[O&D1&v2&H0&+0&!R:1]=[C&D2&v4&H1&+0&!R&z1:2],435
2513,[O&D1&v2&H1&+0&!R:1]-[O&D1&v2&H1&+0&!R:2].[c&D3&v4&H0&+0&R&z0:3]1:[c&D2&v4&H1&+0&R&z0:4]:[c&D2&v4&H1&+0&R&z0:5]:[c&D2&v4&H1&+0&R&z1:6]:[n&D3&v4&H0&+&R:7]:[c&D2&v4&H1&+0&R&z1:8]:1>>[C&D3&v4&H0&+0&R&z0:3]1=[C&D2&v4&H1&+0&R&z0:4]-[C&D2&v4&H1&+0&R&z0:5]=[C&D2&v4&H1&+0&R&z1:6]-[N&D3&v3&H0&+0&R:7]-[C&D2&v4&H2&+0&R&z1:8]-1.[O&D1&v2&H0&+0&!R:1]=[O&D1&v2&H0&+0&!R:2],681
2514,[O&D1&v2&H1&+0&!R:1]-[O&D1&v2&H1&+0&!R:2].[c&D3&v4&H0&+0&R&z0:3]1:[c&D2&v4&H1&+0&R&z0:4]:[c&D2&v4&H1&+0&R&z0:5]:[c&D2&v4&H1&+0&R&z1:6]:[n&D3&v4&H0&+&R:7]:[c&D2&v4&H1&+0&R&z1:8]:1>>[C&D3&v4&H0&+0&R&z0:3]1=[C&D2&v4&H1&+0&R&z1:8]-[N&D3&v3&H0&+0&R:7]-[C&D2&v4&H2&+0&R&z1:6]-[C&D2&v4&H1&+0&R&z0:5]=[C&D2&v4&H1&+0&R&z0:4]-1.[O&D1&v2&H0&+0&!R:1]=[O&D1&v2&H0&+0&!R:2],681
2515,[c&D3&v4&H0&+0&R&z0:1]1:[c&D2&v4&H1&+0&R&z0:2]:[c&D2&v4&H1&+0&R&z0:3]:[c&D2&v4&H1&+0&R&z1:4]:[n&D3&v4&H0&+&R:5]:[c&D2&v4&H1&+0&R&z1:6]:1.[c&D3&v4&H0&+0&R&z0:7]1:[c&D3&v4&H0&+0&R&z1:8]-[C&D2&v4&H1&+0&R&z0:9]=[C&D2&v4&H1&+0&R&z0:10]-[C&D3&v4&H1&+0&R&z1:11](-[O&D1&v2&H1&+0&!R:12])-[C&D3&v4&H1&+0&R&z1:13]-1-[O&D1&v2&H1&+0&!R:14]>>[C&D3&v4&H0&+0&R&z0:1]1=[C&D2&v4&H1&+0&R&z1:6]-[N&D3&v3&H0&+0&R:5]-[C&D2&v4&H1&+0&R&z1:4]=[C&D2&v4&H1&+0&R&z0:3]-[C&D2&v4&H2&+0&R&z0:2]-1.[O&D1&v2&H0&+0&!R:12]=[O&D1&v2&H0&+0&!R:14].[c&D3&v4&H0&+0&R&z0:7]1:[c&D2&v4&H1&+0&R&z0:13]:[c&D2&v4&H1&+0&R&z0:11]:[c&D2&v4&H1&+0&R&z0:10]:[c&D2&v4&H1&+0&R&z0:9]:[c&D3&v4&H0&+0&R&z1:8]:1,685
2516,[c&D3&v4&H0&+0&R&z0:1]1:[c&D2&v4&H1&+0&R&z0:2]:[c&D2&v4&H1&+0&R&z0:3]:[c&D2&v4&H1&+0&R&z1:4]:[n&D3&v4&H0&+&R:5]:[c&D2&v4&H1&+0&R&z1:6]:1.[c&D3&v4&H0&+0&R&z1:7](:[c&D3&v4&H0&+0&R&z2:8]-[N&D2&v3&H1&+0&R:9])-[N&D2&v3&H1&+0&R:10]>>[C&D3&v4&H0&+0&R&z0:1]1=[C&D2&v4&H1&+0&R&z1:6]-[N&D3&v3&H0&+0&R:5]-[C&D2&v4&H1&+0&R&z1:4]=[C&D2&v4&H1&+0&R&z0:3]-[C&D2&v4&H2&+0&R&z0:2]-1.[c&D3&v4&H0&+0&R&z1:7](:[c&D3&v4&H0&+0&R&z2:8]=[N&D2&v3&H0&+0&R:9])=[N&D2&v3&H0&+0&R:10],1021
2517,[N&D1&v3&H2&+0&!R:1]-[C&D2&v4&H2&+0&!R&z1:2].[c&D3&v4&H0&+0&R&z0:3]1:[c&D2&v4&H1&+0&R&z0:4]:[c&D2&v4&H1&+0&R&z0:5]:[c&D2&v4&H1&+0&R&z1:6]:[n&D3&v4&H0&+&R:7]:[c&D2&v4&H1&+0&R&z1:8]:1.[c&D3&v4&H0&+0&R&z0:9]1:[c&D2&v4&H1&+0&R&z0:10]:[c&D2&v4&H1&+0&R&z0:11]:[c&D2&v4&H1&+0&R&z1:12]:[n&D3&v4&H0&+&R:13]:[c&D2&v4&H1&+0&R&z1:14]:1>>[C&D3&v4&H0&+0&R&z0:9]1=[C&D2&v4&H1&+0&R&z1:14]-[N&D3&v3&H0&+0&R:13]-[C&D2&v4&H1&+0&R&z1:12]=[C&D2&v4&H1&+0&R&z0:11]-[C&D2&v4&H2&+0&R&z0:10]-1.[C&D3&v4&H0&+0&R&z0:3]1=[C&D2&v4&H1&+0&R&z1:8]-[N&D3&v3&H0&+0&R:7]-[C&D2&v4&H1&+0&R&z1:6]=[C&D2&v4&H1&+0&R&z0:5]-[C&D2&v4&H2&+0&R&z0:4]-1.[N&D1&v3&H0&+0&!R:1]#[C&D2&v4&H0&+0&!R&z1:2],466
2518,[#34&H1:1].[S&D1&v2&H1&+0&!R:2].[c&D3&v4&H0&+0&R&z0:3]1:[c&D2&v4&H1&+0&R&z0:4]:[c&D2&v4&H1&+0&R&z0:5]:[c&D2&v4&H1&+0&R&z1:6]:[n&D3&v4&H0&+&R:7]:[c&D2&v4&H1&+0&R&z1:8]:1>>[C&D3&v4&H0&+0&R&z0:3]1=[C&D2&v4&H1&+0&R&z1:8]-[N&D3&v3&H0&+0&R:7]-[C&D2&v4&H1&+0&R&z1:6]=[C&D2&v4&H1&+0&R&z0:5]-[C&D2&v4&H2&+0&R&z0:4]-1.[S&D2&v2&H0&+0&!R:2]-[#34:1],350
2519,[C&D2&v4&H1&+0&!R&z1:1].[P&D4&v5&H0&+0&!R:2]-[O&D1&v2&H1&+0&!R:3].[P&D4&v5&H0&+0&!R:4]-[O&D1&v2&H1&+0&!R:5].[c&D3&v4&H0&+0&R&z0:6]1:[c&D2&v4&H1&+0&R&z0:7]:[c&D2&v4&H1&+0&R&z0:8]:[c&D2&v4&H1&+0&R&z1:9]:[n&D3&v4&H0&+&R:10]:[c&D2&v4&H1&+0&R&z1:11]:1>>[C&D3&v4&H0&+0&!R&z2:1]-[O&D1&v2&H1&+0&!R:5].[C&D3&v4&H0&+0&R&z0:6]1=[C&D2&v4&H1&+0&R&z1:11]-[N&D3&v3&H0&+0&R:10]-[C&D2&v4&H1&+0&R&z1:9]=[C&D2&v4&H1&+0&R&z0:8]-[C&D2&v4&H2&+0&R&z0:7]-1.[P&D4&v5&H0&+0&!R:2]-[O&D2&v2&H0&+0&!R:3]-[P&D4&v5&H0&+0&!R:4],247
2520,[N&D3&v3&H0&+0&!R:1]-[C&D2&v4&H1&+0&!R&z2:2].[O&D0&v2&H2&+0&!R:3].[c&D3&v4&H0&+0&R&z0:4]1:[c&D2&v4&H1&+0&R&z0:5]:[c&D2&v4&H1&+0&R&z0:6]:[c&D2&v4&H1&+0&R&z1:7]:[n&D3&v4&H0&+&R:8]:[c&D2&v4&H1&+0&R&z1:9]:1>>[C&D3&v4&H0&+0&R&z0:4]1=[C&D2&v4&H1&+0&R&z1:9]-[N&D3&v3&H0&+0&R:8]-[C&D2&v4&H1&+0&R&z1:7]=[C&D2&v4&H1&+0&R&z0:6]-[C&D2&v4&H2&+0&R&z0:5]-1.[N&D2&v3&H1&+0&!R:1].[O&D1&v2&H0&+0&!R:3]=[C&D2&v4&H0&+0&!R&z2:2],555
2521,[C&D2&v4&H1&+0&R&z0:1]=[C&D2&v4&H1&+0&R&z1:2].[O&D0&v2&H2&+0&!R:3].[O&D0&v2&H2&+0&!R:4].[c&D3&v4&H0&+0&R&z0:5]1:[c&D2&v4&H1&+0&R&z0:6]:[c&D2&v4&H1&+0&R&z0:7]:[c&D2&v4&H1&+0&R&z1:8]:[n&D3&v4&H0&+&R:9]:[c&D2&v4&H1&+0&R&z1:10]:1>>[C&D2&v4&H2&+0&R&z0:1]-[C&D2&v4&H2&+0&R&z1:2].[C&D3&v4&H0&+0&R&z0:5]1=[C&D2&v4&H1&+0&R&z1:10]-[N&D3&v3&H0&+0&R:9]-[C&D2&v4&H1&+0&R&z1:8]=[C&D2&v4&H1&+0&R&z0:7]-[C&D2&v4&H2&+0&R&z0:6]-1.[O&D1&v2&H0&+0&!R:4]=[O&D1&v2&H0&+0&!R:3],707
2522,[O&D0&v2&H2&+0&!R:1].[O&D1&v2&H0&+0&!R:2]=[C&D2&v4&H0&+0&!R&z2:3].[O&D1&v2&H0&+0&!R:4]=[C&D3&v4&H0&+0&!R&z2:5]-[O&D1&v2&H1&+0&!R:6].[c&D3&v4&H0&+0&R&z0:7]1:[c&D2&v4&H1&+0&R&z0:8]:[c&D2&v4&H1&+0&R&z0:9]:[c&D2&v4&H1&+0&R&z1:10]:[n&D3&v4&H0&+&R:11]:[c&D2&v4&H1&+0&R&z1:12]:1>>[C&D3&v4&H0&+0&!R&z2:3](-[O&D1&v2&H1&+0&!R:2])-[C&D3&v4&H0&+0&!R&z1:5]=[O&D1&v2&H0&+0&!R:4].[C&D3&v4&H0&+0&R&z0:7]1=[C&D2&v4&H1&+0&R&z1:12]-[N&D3&v3&H0&+0&R:11]-[C&D2&v4&H1&+0&R&z1:10]=[C&D2&v4&H1&+0&R&z0:9]-[C&D2&v4&H2&+0&R&z0:8]-1.[O&D1&v2&H0&+0&!R:1]=[O&D1&v2&H0&+0&!R:6],905
2523,[O&D0&v2&H2&+0&!R:1].[c&D2&v4&H1&+0&R&z1:2].[c&D3&v4&H0&+0&R&z0:3]1:[c&D2&v4&H1&+0&R&z0:4]:[c&D2&v4&H1&+0&R&z0:5]:[c&D2&v4&H1&+0&R&z1:6]:[n&D3&v4&H0&+&R:7]:[c&D2&v4&H1&+0&R&z1:8]:1>>[C&D3&v4&H0&+0&R&z0:3]1=[C&D2&v4&H1&+0&R&z1:8]-[N&D3&v3&H0&+0&R:7]-[C&D2&v4&H1&+0&R&z1:6]=[C&D2&v4&H1&+0&R&z0:5]-[C&D2&v4&H2&+0&R&z0:4]-1.[c&D3&v4&H0&+0&R&z2:2]-[O&D1&v2&H1&+0&!R:1],819
2524,[C&D3&v4&H1&+0&R&z2:1]-[N&D2&v3&H1&+0&R:2].[c&D3&v4&H0&+0&R&z0:3]1:[c&D2&v4&H1&+0&R&z0:4]:[c&D2&v4&H1&+0&R&z0:5]:[c&D2&v4&H1&+0&R&z1:6]:[n&D3&v4&H0&+&R:7]:[c&D2&v4&H1&+0&R&z1:8]:1>>[C&D3&v4&H0&+0&R&z0:3]1=[C&D2&v4&H1&+0&R&z1:8]-[N&D3&v3&H0&+0&R:7]-[C&D2&v4&H1&+0&R&z1:6]=[C&D2&v4&H1&+0&R&z0:5]-[C&D2&v4&H2&+0&R&z0:4]-1.[C&D3&v4&H0&+0&R&z2:1]=[N&D2&v3&H0&+0&R:2],904
2525,[C&D2&v4&H2&+0&!R&z0:1]-[C&D2&v4&H2&+0&!R&z1:2].[c&D3&v4&H0&+0&R&z0:3]1:[c&D2&v4&H1&+0&R&z0:4]:[c&D2&v4&H1&+0&R&z0:5]:[c&D2&v4&H1&+0&R&z1:6]:[n&D3&v4&H0&+&R:7]:[c&D2&v4&H1&+0&R&z1:8]:1>>[C&D2&v4&H1&+0&!R&z0:1]=[C&D2&v4&H1&+0&!R&z1:2].[C&D3&v4&H0&+0&R&z0:3]1=[C&D2&v4&H1&+0&R&z1:8]-[N&D3&v3&H0&+0&R:7]-[C&D2&v4&H1&+0&R&z1:6]=[C&D2&v4&H1&+0&R&z0:5]-[C&D2&v4&H2&+0&R&z0:4]-1,663
2526,[C&D3&v4&H0&+0&!R&z2:1]-[O&D1&v2&H1&+0&!R:2].[N&D1&v3&H2&+0&!R:3]-[C&D3&v4&H0&+0&!R&z2:4]>>[C&D3&v4&H0&+0&!R&z2:4]-[O&D1&v2&H1&+0&!R:2].[N&D1&v3&H2&+0&!R:3]-[C&D3&v4&H0&+0&!R&z2:1],48
2527,[C&D2&v4&H2&+0&R&z0:1]-[C&D3&v4&H1&+0&R&z1:2].[c&D3&v4&H0&+0&R&z0:3]1:[c&D2&v4&H1&+0&R&z0:4]:[c&D2&v4&H1&+0&R&z0:5]:[c&D2&v4&H1&+0&R&z1:6]:[n&D3&v4&H0&+&R:7]:[c&D2&v4&H1&+0&R&z1:8]:1>>[C&D2&v4&H1&+0&R&z0:1]=[C&D3&v4&H0&+0&R&z1:2].[C&D3&v4&H0&+0&R&z0:3]1=[C&D2&v4&H1&+0&R&z1:8]-[N&D3&v3&H0&+0&R:7]-[C&D2&v4&H1&+0&R&z1:6]=[C&D2&v4&H1&+0&R&z0:5]-[C&D2&v4&H2&+0&R&z0:4]-1,663
2528,[O&D1&v2&H1&+0&!R:1]-[N&D2&v3&H1&+0&!R:2].[c&D3&v4&H0&+0&R&z0:3]1:[c&D2&v4&H1&+0&R&z0:4]:[c&D2&v4&H1&+0&R&z0:5]:[c&D2&v4&H1&+0&R&z1:6]:[n&D3&v4&H0&+&R:7]:[c&D2&v4&H1&+0&R&z1:8]:1>>[C&D3&v4&H0&+0&R&z0:3]1=[C&D2&v4&H1&+0&R&z1:8]-[N&D3&v3&H0&+0&R:7]-[C&D2&v4&H1&+0&R&z1:6]=[C&D2&v4&H1&+0&R&z0:5]-[C&D2&v4&H2&+0&R&z0:4]-1.[O&D1&v2&H0&+0&!R:1]=[N&D2&v3&H0&+0&!R:2],535
2529,([n&D2&v3&H0&+0&R:1].[n&D3&v4&H0&+&R:2]-[C&D3&v4&H1&+0&R&z2:3])>>[n&D2&v3&H0&+0&R:2].[n&D3&v4&H0&+&R:1]-[C&D3&v4&H1&+0&R&z2:3],847
2530,[n&D2&v3&H0&+0&R:1].[n&D3&v4&H0&+&R:2]-[C&D3&v4&H1&+0&R&z2:3]>>([n&D2&v3&H0&+0&R:2].[n&D3&v4&H0&+&R:1]-[C&D3&v4&H1&+0&R&z2:3]),64
2531,[C&D3&v4&H1&+0&R&z2:1]-[N&D2&v3&H1&+0&!R:2].[n&D2&v3&H0&+0&R:3]>>[N&D1&v3&H2&+0&!R:2].[n&D3&v4&H0&+&R:3]-[C&D3&v4&H1&+0&R&z2:1],943
2532,[C&D3&v4&H1&+0&R&z2:1]-[O&D1&v2&H1&+0&!R:2].[n&D2&v3&H0&+0&R:3]>>[O&D0&v2&H2&+0&!R:2].[n&D3&v4&H0&+&R:3]-[C&D3&v4&H1&+0&R&z2:1],285
2533,[C&D3&v4&H1&+0&R&z2:1]-[O&D2&v2&H0&+0&!R:2].[n&D2&v3&H0&+0&R:3]>>[O&D1&v2&H1&+0&!R:2].[n&D3&v4&H0&+&R:3]-[C&D3&v4&H1&+0&R&z2:1],285
2534,[N&D1&v3&H2&+0&!R:1].[N&D3&v3&H0&+0&!R:2]-[C&D2&v4&H1&+0&!R&z2:3]>>[N&D2&v3&H1&+0&!R:2].[N&D2&v3&H1&+0&!R:1]-[C&D2&v4&H1&+0&!R&z2:3],316
2535,[C&D2&v4&H1&+0&!R&z2:1]-[O&D1&v2&H1&+0&!R:2].[N&D1&v3&H2&+0&!R:3].[P&D4&v5&H0&+0&!R:4]-[O&D2&v2&H0&+0&!R:5]>>[N&D2&v3&H1&+0&!R:3]-[C&D2&v4&H1&+0&!R&z2:1].[O&D1&v2&H1&+0&!R:5].[P&D4&v5&H0&+0&!R:4]-[O&D1&v2&H1&+0&!R:2],471
2536,[N&D2&v3&H1&+0&!R:1].[N&D2&v3&H1&+0&!R:2]-[C&D2&v4&H1&+0&!R&z2:3]>>[N&D1&v3&H2&+0&!R:2].[N&D3&v3&H0&+0&!R:1]-[C&D2&v4&H1&+0&!R&z2:3],316
2537,[N&D2&v3&H1&+0&!R:1]-[C&D2&v4&H1&+0&!R&z2:2].[P&D4&v5&H0&+0&!R:3]-[O&D1&v2&H1&+0&!R:4].[P&D4&v5&H0&+0&!R:5]-[O&D1&v2&H1&+0&!R:6]>>[C&D2&v4&H1&+0&!R&z2:2]-[O&D1&v2&H1&+0&!R:6].[N&D1&v3&H2&+0&!R:1].[P&D4&v5&H0&+0&!R:3]-[O&D2&v2&H0&+0&!R:4]-[P&D4&v5&H0&+0&!R:5],427
2538,[C&D3&v4&H0&+0&!R&z1:1](-[C&D3&v4&H0&+0&!R&z2:2]=[O&D1&v2&H0&+0&!R:3])=[C&D3&v4&H0&+0&!R&z0:4]-[C&D2&v4&H1&+0&!R&z0:5]=[C&D2&v4&H1&+0&!R&z0:6]-[C&D2&v4&H1&+0&!R&z1:7]=[O&D1&v2&H0&+0&!R:8]>>[O&D1&v2&H0&+0&!R:3]=[O&D1&v2&H0&+0&!R:8].[c&D3&v4&H0&+0&R&z1:1]1:[c&D3&v4&H0&+0&R&z1:2]:[c&D2&v4&H1&+0&R&z0:7]:[c&D2&v4&H1&+0&R&z0:6]:[c&D2&v4&H1&+0&R&z0:5]:[c&D3&v4&H0&+0&R&z0:4]:1,582
2539,[N&D1&v3&H2&+0&!R:1]-[C&D3&v4&H1&+0&!R&z1:2]-[C&D3&v4&H1&+0&!R&z1:3]-[O&D1&v2&H1&+0&!R:4]>>[C&D2&v4&H2&+0&!R&z0:3]-[C&D3&v4&H0&+0&!R&z1:2]=[O&D1&v2&H0&+0&!R:4].[N&D0&v3&H3&+0&!R:1],421
2540,[N&D1&v3&H2&+0&!R:1]-[C&D3&v4&H1&+0&!R&z1:2]-[C&D3&v4&H1&+0&!R&z1:3]-[O&D1&v2&H1&+0&!R:4]>>[N&D1&v3&H1&+0&!R:1]=[C&D3&v4&H0&+0&!R&z1:2]-[C&D2&v4&H2&+0&!R&z0:3].[O&D0&v2&H2&+0&!R:4],532
2541,[C&D3&v4&H1&+0&!R&z1:1]-[C&D3&v4&H1&+0&!R&z1:2]-[O&D1&v2&H1&+0&!R:3]>>[C&D2&v4&H2&+0&!R&z1:1].[O&D1&v2&H0&+0&!R:3]=[C&D2&v4&H1&+0&!R&z1:2],1009
2542,[N&D1&v3&H2&+0&!R:1]-[C&D3&v4&H1&+0&!R&z1:2]-[C&D3&v4&H1&+0&!R&z1:3]-[O&D1&v2&H1&+0&!R:4]>>[C&D3&v4&H0&+0&!R&z1:2](=[O&D1&v2&H0&+0&!R:4])-[C&D2&v4&H2&+0&!R&z0:3].[N&D0&v3&H3&+0&!R:1],421
2543,[C&D3&v4&H1&+0&!R&z1:1]-[C&D3&v4&H1&+0&!R&z1:2]-[O&D1&v2&H1&+0&!R:3]>>[C&D3&v4&H0&+0&!R&z1:1]=[C&D2&v4&H1&+0&!R&z0:2].[O&D0&v2&H2&+0&!R:3],451
2544,[C&D3&v4&H0&+0&!R&z1:1]=[O&D1&v2&H0&+0&!R:2].[N&D1&v3&H2&+0&!R:3]-[C&D3&v4&H1&+0&!R&z1:4]>>[C&D3&v4&H0&+0&!R&z1:4]=[O&D1&v2&H0&+0&!R:2].[N&D1&v3&H2&+0&!R:3]-[C&D3&v4&H1&+0&!R&z1:1],103
2545,[C&D3&v4&H0&+0&!R&z1:1](-[C&D2&v4&H1&+0&!R&z0:2]=[C&D2&v4&H1&+0&!R&z0:3]-[C&D3&v4&H0&+0&!R&z2:4]=[O&D1&v2&H0&+0&!R:5])=[C&D2&v4&H1&+0&!R&z0:6]-[C&D3&v4&H0&+0&!R&z1:7]=[O&D1&v2&H0&+0&!R:8]>>[O&D1&v2&H0&+0&!R:5]=[O&D1&v2&H0&+0&!R:8].[c&D3&v4&H0&+0&R&z1:1]1:[c&D2&v4&H1&+0&R&z0:2]:[c&D2&v4&H1&+0&R&z0:3]:[c&D3&v4&H0&+0&R&z1:4]:[c&D3&v4&H0&+0&R&z0:7]:[c&D2&v4&H1&+0&R&z0:6]:1,582
2546,[C&D3&v4&H1&+0&!R&z1:1](-[C&D2&v4&H1&+0&!R&z1:2])-[C&D2&v4&H2&+0&!R&z0:3]>>[C&D2&v4&H2&+0&!R&z1:1]-[C&D3&v4&H0&+0&!R&z1:2]-[C&D2&v4&H2&+0&!R&z0:3],181
2547,[C&D3&v4&H0&+0&!R&z0:1](=[C&D2&v4&H1&+0&!R&z0:2]-[C&D2&v4&H1&+0&!R&z1:3]=[O&D1&v2&H0&+0&!R:4])-[C&D2&v4&H1&+0&!R&z0:5]=[C&D3&v4&H0&+0&!R&z1:6]-[C&D3&v4&H0&+0&!R&z2:7]=[O&D1&v2&H0&+0&!R:8]>>[O&D1&v2&H0&+0&!R:4]=[O&D1&v2&H0&+0&!R:8].[c&D3&v4&H0&+0&R&z0:1]1:[c&D2&v4&H1&+0&R&z0:2]:[c&D2&v4&H1&+0&R&z0:3]:[c&D3&v4&H0&+0&R&z1:7]:[c&D3&v4&H0&+0&R&z1:6]:[c&D2&v4&H1&+0&R&z0:5]:1,582
2548,[N&D1&v3&H2&+0&!R:1]-[C&D3&v4&H1&+0&!R&z1:2].[O&D0&v2&H2&+0&!R:3].[O&D1&v2&H0&+0&!R:4]=[O&D1&v2&H0&+0&!R:5]>>[C&D3&v4&H0&+0&!R&z1:2]=[O&D1&v2&H0&+0&!R:3].[N&D0&v3&H3&+0&!R:1].[O&D1&v2&H1&+0&!R:4]-[O&D1&v2&H1&+0&!R:5],792
2549,[N&D1&v3&H2&+0&!R:1]-[C&D3&v4&H1&+0&!R&z1:2].[O&D1&v2&H0&+0&!R:3]=[C&D2&v4&H1&+0&!R&z1:4]>>[C&D3&v4&H0&+0&!R&z1:2]=[O&D1&v2&H0&+0&!R:3].[N&D1&v3&H2&+0&!R:1]-[C&D2&v4&H2&+0&!R&z1:4],103
2550,[N&D1&v3&H2&+0&!R:1].[O&D1&v2&H0&+0&!R:2]=[C&D2&v4&H1&+0&!R&z2:3]-[O&D1&v2&H1&+0&!R:4]>>[O&D0&v2&H2&+0&!R:4].[O&D1&v2&H0&+0&!R:2]=[C&D2&v4&H1&+0&!R&z2:3]-[N&D2&v3&H1&+0&!R:1],175
2551,[N&D1&v3&H2&+0&!R:1]-[C&D3&v4&H1&+0&!R&z1:2].[O&D1&v2&H0&+0&!R:3]=[O&D1&v2&H0&+0&!R:4]>>[N&D1&v3&H1&+0&!R:1]=[C&D3&v4&H0&+0&!R&z1:2].[O&D1&v2&H1&+0&!R:3]-[O&D1&v2&H1&+0&!R:4],670
2552,[N&D1&v3&H2&+0&!R:1]-[C&D3&v4&H1&+0&!R&z1:2]-[C&D2&v4&H2&+0&!R&z0:3]>>[C&D2&v4&H1&+0&!R&z0:3]=[C&D2&v4&H1&+0&!R&z0:2].[N&D0&v3&H3&+0&!R:1],65
2553,[N&D1&v3&H2&+0&!R:1]-[C&D3&v4&H1&+0&!R&z1:2]-[C&D2&v4&H2&+0&!R&z0:3]>>[N&D1&v3&H2&+0&!R:1]-[C&D3&v4&H1&+0&!R&z1:3]-[C&D2&v4&H2&+0&!R&z0:2],556
2554,[C&D3&v4&H0&+0&!R&z0:1](-[C&D2&v4&H1&+0&!R&z1:2]=[O&D1&v2&H0&+0&!R:3])=[C&D2&v4&H1&+0&!R&z0:4]-[C&D2&v4&H1&+0&!R&z0:5]=[C&D3&v4&H0&+0&!R&z1:6]-[C&D3&v4&H0&+0&!R&z2:7]=[O&D1&v2&H0&+0&!R:8]>>[O&D1&v2&H0&+0&!R:3]=[O&D1&v2&H0&+0&!R:8].[c&D3&v4&H0&+0&R&z0:1]1:[c&D2&v4&H1&+0&R&z0:4]:[c&D2&v4&H1&+0&R&z0:5]:[c&D3&v4&H0&+0&R&z1:6]:[c&D3&v4&H0&+0&R&z1:7]:[c&D2&v4&H1&+0&R&z0:2]:1,582
2555,[C&D2&v4&H1&+0&R&z0:1].[S&D2&v2&H0&+0&!R:2]-[c&D3&v4&H0&+0&R&z1:3]>>[S&D2&v2&H0&+0&!R:2]-[C&D3&v4&H0&+0&R&z1:1].[c&D2&v4&H1&+0&R&z0:3],941
2556,[C&D2&v4&H1&+0&!R&z1:1]=[O&D1&v2&H0&+0&!R:2].[N&D1&v3&H2&+0&!R:3]-[C&D3&v4&H1&+0&!R&z1:4]>>[C&D3&v4&H0&+0&!R&z1:4]=[O&D1&v2&H0&+0&!R:2].[N&D1&v3&H2&+0&!R:3]-[C&D2&v4&H2&+0&!R&z1:1],103
2557,[O&D1&v2&H0&+0&!R:1]=[S&D4&v6&H0&+0&!R:2]-[S&D1&v2&H1&+0&!R:3].[S&D1&v2&H1&+0&!R:4].[S&D1&v2&H1&+0&!R:5]>>[S&D0&v2&H2&+0&!R:3].[S&D2&v2&H0&+0&!R:4]-[S&D2&v2&H0&+0&!R:5].[S&D3&v4&H0&+0&!R:2]-[O&D1&v2&H1&+0&!R:1],1
2558,[S&D1&v2&H1&+0&!R:1].[S&D2&v2&H0&+0&!R:2]-[c&D3&v4&H0&+0&R&z1:3]>>[S&D2&v2&H0&+0&!R:1]-[S&D2&v2&H0&+0&!R:2].[c&D2&v4&H1&+0&R&z0:3],699
2559,[S&D1&v2&H1&+0&!R:1].[S&D3&v4&H0&+0&!R:2]-[O&D1&v2&H1&+0&!R:3]>>[O&D0&v2&H2&+0&!R:3].[S&D2&v2&H0&+0&!R:1]-[S&D3&v4&H0&+0&!R:2],270
2560,([C&D3&v4&H0&+0&!R&z2:1](=[O&D1&v2&H0&+0&!R:2])-[N&D2&v3&H1&+0&!R:3].[N&D1&v3&H2&+0&!R:4])>>[N&D1&v3&H2&+0&!R:3].[O&D1&v2&H0&+0&!R:2]=[C&D3&v4&H0&+0&R&z2:1]-[N&D2&v3&H1&+0&R:4],639
2561,[O&D0&v2&H2&+0&!R:1].[S&D2&v2&H0&+0&!R:2]-[S&D3&v4&H0&+0&!R:3]>>[S&D1&v2&H1&+0&!R:2].[S&D3&v4&H0&+0&!R:3]-[O&D1&v2&H1&+0&!R:1],956
2562,[S&D0&v2&H2&+0&!R:1].[S&D2&v2&H0&+0&!R:2]-[S&D2&v2&H0&+0&!R:3].[S&D3&v4&H0&+0&!R:4]-[O&D1&v2&H1&+0&!R:5]>>[O&D1&v2&H0&+0&!R:5]=[S&D4&v6&H0&+0&!R:4]-[S&D1&v2&H1&+0&!R:1].[S&D1&v2&H1&+0&!R:2].[S&D1&v2&H1&+0&!R:3],196
2563,[S&D2&v2&H0&+0&!R:1]-[S&D2&v2&H0&+0&!R:2].[c&D2&v4&H1&+0&R&z0:3]>>[S&D1&v2&H1&+0&!R:1].[S&D2&v2&H0&+0&!R:2]-[c&D3&v4&H0&+0&R&z1:3],16
2564,[N&D1&v3&H2&+0&!R:1].[N&D1&v3&H2&+0&!R:2]-[C&D2&v4&H1&+0&!R&z2:3]=[O&D1&v2&H0&+0&!R:4]>>[N&D1&v3&H1&+0&!R:2]=[C&D2&v4&H1&+0&!R&z2:3]-[N&D2&v3&H1&+0&!R:1].[O&D0&v2&H2&+0&!R:4],937
2565,[N&D1&v3&H2&+0&!R:1].[N&D3&v3&H0&+0&R:2]-[C&D2&v4&H1&+0&!R&z2:3]=[O&D1&v2&H0&+0&!R:4]>>[N&D2&v3&H1&+0&R:2].[O&D1&v2&H0&+0&!R:4]=[C&D2&v4&H1&+0&!R&z2:3]-[N&D2&v3&H1&+0&!R:1],316
2566,([C&D3&v4&H0&+0&!R&z2:1](=[O&D1&v2&H0&+0&!R:2])-[O&D1&v2&H1&+0&!R:3].[N&D1&v3&H2&+0&!R:4]).[P&D4&v5&H0&+0&!R:5]-[O&D1&v2&H1&+0&!R:6].[P&D4&v5&H0&+0&!R:7]-[O&D1&v2&H1&+0&!R:8]>>[O&D0&v2&H2&+0&!R:3].[O&D0&v2&H2&+0&!R:8].[O&D1&v2&H0&+0&!R:2]=[C&D3&v4&H0&+0&R&z2:1]-[N&D2&v3&H1&+0&R:4].[P&D4&v5&H0&+0&!R:5]-[O&D2&v2&H0&+0&!R:6]-[P&D4&v5&H0&+0&!R:7],19
2567,[C&D3&v4&H0&+0&!R&z2:1]-[O&D1&v2&H1&+0&!R:2].[O&D2&v2&H0&+0&!R:3]-[P&D4&v5&H0&+0&!R:4]>>[O&D2&v2&H0&+0&!R:3]-[C&D3&v4&H0&+0&!R&z2:1].[P&D4&v5&H0&+0&!R:4]-[O&D1&v2&H1&+0&!R:2],994
2568,[N&D1&v3&H2&+0&!R:1]-[C&D3&v4&H1&+0&!R&z1:2].[O&D1&v2&H0&+0&!R:3]=[C&D3&v4&H0&+0&!R&z1:4]>>[C&D3&v4&H0&+0&!R&z1:2]=[O&D1&v2&H0&+0&!R:3].[N&D1&v3&H2&+0&!R:1]-[C&D3&v4&H1&+0&!R&z1:4],103
2569,[N&D1&v3&H2&+0&!R:1].[O&D1&v2&H0&+0&!R:2]=[C&D3&v4&H0&+0&!R&z2:3]-[O&D1&v2&H1&+0&!R:4]>>[C&D3&v4&H0&+0&!R&z2:3](=[O&D1&v2&H0&+0&!R:2])-[N&D2&v3&H1&+0&!R:1].[O&D0&v2&H2&+0&!R:4],175
2570,[N&D1&v3&H2&+0&!R:1]-[C&D3&v4&H1&+0&!R&z1:2].[O&D1&v2&H0&+0&!R:3]=[C&D3&v4&H0&+0&R&z1:4]>>[C&D3&v4&H0&+0&!R&z1:2]=[O&D1&v2&H0&+0&!R:3].[N&D1&v3&H2&+0&!R:1]-[C&D3&v4&H1&+0&R&z1:4],103
2571,[C&D3&v4&H1&+0&!R&z1:1]-[C&D2&v4&H2&+0&!R&z0:2]-[C&D2&v4&H2&+0&!R&z0:3]>>[C&D1&v4&H3&+0&!R&z0:2]-[C&D3&v4&H1&+0&!R&z0:3]-[C&D3&v4&H1&+0&!R&z1:1],181
2572,([C&D2&v4&H1&+0&!R&z1:1]=[O&D1&v2&H0&+0&!R:2].[N&D1&v3&H2&+0&!R:3])>>[C&D2&v4&H1&+0&R&z1:1]=[N&D2&v3&H0&+0&R:3].[O&D0&v2&H2&+0&!R:2],392
2573,([C&D3&v4&H0&+0&!R&z1:1]=[O&D1&v2&H0&+0&!R:2].[N&D1&v3&H2&+0&!R:3])>>[C&D3&v4&H0&+0&R&z1:1]=[N&D2&v3&H0&+0&R:3].[O&D0&v2&H2&+0&!R:2],392
2574,[C&D3&v4&H1&+0&!R&z1:1]-[C&D2&v4&H2&+0&!R&z0:2]-[C&D2&v4&H2&+0&!R&z1:3]-[O&D1&v2&H1&+0&!R:4]>>[C&D1&v4&H3&+0&!R&z0:3]-[C&D2&v4&H1&+0&!R&z0:2]=[C&D3&v4&H0&+0&!R&z1:1].[O&D0&v2&H2&+0&!R:4],384
2575,[C&D2&v4&H2&+0&!R&z1:1]-[O&D2&v2&H0&+0&!R:2].[S&D1&v2&H1&+0&!R:3]>>[C&D2&v4&H2&+0&!R&z1:1]-[S&D2&v2&H0&+0&!R:3].[O&D1&v2&H1&+0&!R:2],849
2576,[C&D2&v4&H2&+0&!R&z1:1]-[O&D1&v2&H1&+0&!R:2].[S&D1&v2&H1&+0&!R:3]>>[O&D0&v2&H2&+0&!R:2].[S&D2&v2&H0&+0&!R:3]-[C&D2&v4&H2&+0&!R&z1:1],849
2577,[C&D2&v4&H2&+0&!R&z1:1]-[O&D1&v2&H1&+0&!R:2].[S&D1&v2&H1&+0&!R:3]>>[C&D2&v4&H2&+0&!R&z1:1]-[S&D2&v2&H0&+0&!R:3].[O&D0&v2&H2&+0&!R:2],849
2578,[O&D1&v2&H1&+0&!R:1]-[C&D2&v4&H2&+0&!R&z1:2].[S&D1&v2&H1&+0&!R:3]>>[O&D0&v2&H2&+0&!R:1].[S&D2&v2&H0&+0&!R:3]-[C&D2&v4&H2&+0&!R&z1:2],849
2579,[C&D3&v4&H1&+0&!R&z1:1]-[C&D2&v4&H2&+0&!R&z0:2]-[C&D2&v4&H2&+0&!R&z1:3]-[S&D1&v2&H1&+0&!R:4]>>[C&D1&v4&H3&+0&!R&z0:3]-[C&D2&v4&H1&+0&!R&z0:2]=[C&D3&v4&H0&+0&!R&z1:1].[S&D0&v2&H2&+0&!R:4],531
2580,[C&D2&v4&H2&+0&!R&z1:1]-[S&D2&v2&H0&+0&!R:2].[O&D1&v2&H1&+0&!R:3]>>[C&D2&v4&H2&+0&!R&z1:1]-[O&D2&v2&H0&+0&!R:3].[S&D1&v2&H1&+0&!R:2],139
2581,[O&D0&v2&H2&+0&!R:1].[S&D2&v2&H0&+0&!R:2]-[C&D2&v4&H2&+0&!R&z1:3]>>[C&D2&v4&H2&+0&!R&z1:3]-[O&D1&v2&H1&+0&!R:1].[S&D1&v2&H1&+0&!R:2],139
2582,[C&D3&v4&H1&+0&!R&z1:1]-[C&D2&v4&H2&+0&!R&z0:2]-[C&D2&v4&H2&+0&!R&z1:3]-[S&D2&v2&H0&+0&!R:4]>>[C&D1&v4&H3&+0&!R&z0:3]-[C&D2&v4&H1&+0&!R&z0:2]=[C&D3&v4&H0&+0&!R&z1:1].[S&D1&v2&H1&+0&!R:4],531
2583,[S&D2&v2&H0&+0&!R:1]-[C&D2&v4&H2&+0&!R&z1:2]-[C&D3&v4&H1&+0&R&z1:3](-[O&D2&v2&H0&+0&R:4]-[C&D3&v4&H1&+0&R&z2:5])-[C&D3&v4&H1&+0&R&z1:6]-[O&D1&v2&H1&+0&!R:7]>>([C&D1&v4&H3&+0&!R&z0:2]-[C&D3&v4&H0&+0&!R&z1:3](=[O&D1&v2&H0&+0&!R:4])-[C&D3&v4&H0&+0&!R&z1:6]=[O&D1&v2&H0&+0&!R:7].[C&D2&v4&H2&+0&!R&z1:5]).[S&D1&v2&H1&+0&!R:1],521
2584,[O&D0&v2&H2&+0&!R:1].[S&D2&v2&H0&+0&!R:2]-[C&D2&v4&H2&+0&!R&z1:3]>>[O&D1&v2&H1&+0&!R:1]-[C&D2&v4&H2&+0&!R&z1:3].[S&D1&v2&H1&+0&!R:2],139
2585,[C&D2&v4&H2&+0&!R&z1:1]-[O&D1&v2&H1&+0&!R:2].[C&D3&v4&H1&+0&!R&z1:3](-[O&D1&v2&H1&+0&!R:4])-[c&D3&v4&H0&+0&R&z0:5]>>[C&D2&v4&H2&+0&!R&z0:1]-[c&D3&v4&H0&+0&R&z0:5].[O&D0&v2&H2&+0&!R:2].[O&D1&v2&H0&+0&!R:4]=[C&D2&v4&H1&+0&!R&z1:3],399
2586,[C&D2&v4&H2&+0&!R&z1:1]-[O&D1&v2&H1&+0&!R:2].[c&D2&v4&H1&+0&R&z0:3]>>[C&D2&v4&H2&+0&!R&z0:1]-[c&D3&v4&H0&+0&R&z0:3].[O&D0&v2&H2&+0&!R:2],355
2587,[C&D2&v4&H2&+0&!R&z1:1]-[O&D1&v2&H1&+0&!R:2].[n&D2&v3&H1&+0&R:3]>>[C&D2&v4&H2&+0&!R&z1:1]-[n&D3&v3&H0&+0&R:3].[O&D0&v2&H2&+0&!R:2],175
2588,[C&D3&v4&H1&+0&!R&z1:1]-[C&D2&v4&H2&+0&!R&z1:2]-[O&D1&v2&H1&+0&!R:3]>>[C&D1&v4&H2&+0&!R&z0:2]=[C&D3&v4&H0&+0&!R&z1:1].[O&D0&v2&H2&+0&!R:3],451
2589,[N&D1&v3&H2&+0&!R:1]-[C&D3&v4&H1&+0&!R&z1:2]-[C&D2&v4&H2&+0&!R&z1:3]-[O&D1&v2&H1&+0&!R:4]>>[C&D1&v4&H3&+0&!R&z0:3]-[C&D3&v4&H0&+0&!R&z1:2]=[O&D1&v2&H0&+0&!R:4].[N&D0&v3&H3&+0&!R:1],421
2590,[C&D3&v4&H0&+0&!R&z1:1]=[O&D1&v2&H0&+0&!R:2].[N&D1&v3&H2&+0&!R:3]-[C&D3&v4&H1&+0&!R&z1:4]>>[N&D1&v3&H2&+0&!R:3]-[C&D3&v4&H1&+0&!R&z1:1].[O&D1&v2&H0&+0&!R:2]=[C&D3&v4&H0&+0&!R&z1:4],103
2591,[C&D2&v4&H2&+0&!R&z1:1]-[O&D2&v2&H0&+0&!R:2].[S&D3&v4&H0&+0&!R:3]-[O&D1&v2&H1&+0&!R:4]>>[C&D2&v4&H2&+0&!R&z1:1]-[S&D4&v6&H0&+0&!R:3]=[O&D1&v2&H0&+0&!R:4].[O&D1&v2&H1&+0&!R:2],117
2592,[N&D1&v3&H2&+0&!R:1]-[C&D3&v4&H1&+0&!R&z1:2]-[C&D2&v4&H2&+0&!R&z1:3]-[O&D2&v2&H0&+0&!R:4].[O&D0&v2&H2&+0&!R:5]>>[C&D1&v4&H3&+0&!R&z0:3]-[C&D3&v4&H0&+0&!R&z1:2]=[O&D1&v2&H0&+0&!R:5].[N&D0&v3&H3&+0&!R:1].[O&D1&v2&H1&+0&!R:4],760
2593,[C&D2&v4&H2&+0&!R&z1:1]-[S&D4&v6&H0&+0&!R:2]=[O&D1&v2&H0&+0&!R:3].[O&D1&v2&H1&+0&!R:4]>>[C&D2&v4&H2&+0&!R&z1:1]-[O&D2&v2&H0&+0&!R:4].[S&D3&v4&H0&+0&!R:2]-[O&D1&v2&H1&+0&!R:3],936
2594,[N&D1&v3&H2&+0&!R:1]-[C&D3&v4&H1&+0&!R&z1:2]-[C&D2&v4&H2&+0&!R&z1:3]-[S&D4&v6&H0&+0&!R:4]=[O&D1&v2&H0&+0&!R:5].[O&D0&v2&H2&+0&!R:6]>>[C&D1&v4&H3&+0&!R&z0:3]-[C&D3&v4&H0&+0&!R&z1:2]=[O&D1&v2&H0&+0&!R:6].[N&D0&v3&H3&+0&!R:1].[S&D3&v4&H0&+0&!R:4]-[O&D1&v2&H1&+0&!R:5],627
2595,[C&D3&v4&H1&+0&!R&z1:1]-[C&D2&v4&H2&+0&!R&z1:2]-[S&D4&v6&H0&+0&!R:3]=[O&D1&v2&H0&+0&!R:4]>>[C&D1&v4&H2&+0&!R&z0:2]=[C&D3&v4&H0&+0&!R&z1:1].[S&D3&v4&H0&+0&!R:3]-[O&D1&v2&H1&+0&!R:4],455
2596,[N&D1&v3&H2&+0&!R:1].[O&D1&v2&H0&+0&!R:2]=[C&D3&v4&H0&+0&R&z2:3]-[N&D2&v3&H1&+0&R:4]>>([C&D3&v4&H0&+0&!R&z2:3](=[O&D1&v2&H0&+0&!R:2])-[N&D2&v3&H1&+0&!R:1].[N&D1&v3&H2&+0&!R:4]),20
2597,[C&D2&v4&H2&+0&!R&z1:1]-[S&D2&v2&H0&+0&!R:2].[S&D1&v2&H1&+0&!R:3]>>[C&D1&v4&H3&+0&!R&z0:1].[S&D2&v2&H0&+0&!R:3]-[S&D2&v2&H0&+0&!R:2],699
2598,[N&D1&v3&H2&+0&!R:1].[O&D1&v2&H0&+0&!R:2]=[C&D3&v4&H0&+0&!R&z2:3]-[O&D1&v2&H1&+0&!R:4].[P&D4&v5&H0&+0&!R:5]-[O&D2&v2&H0&+0&!R:6]-[P&D4&v5&H0&+0&!R:7]>>[O&D1&v2&H0&+0&!R:2]=[C&D3&v4&H0&+0&!R&z2:3]-[N&D2&v3&H1&+0&!R:1].[P&D4&v5&H0&+0&!R:7]-[O&D1&v2&H1&+0&!R:6].[P&D4&v5&H0&+0&!R:5]-[O&D1&v2&H1&+0&!R:4],471
2599,[C&D3&v4&H1&+0&!R&z1:1]-[C&D2&v4&H2&+0&!R&z1:2]-[S&D1&v2&H1&+0&!R:3]>>[C&D1&v4&H2&+0&!R&z0:2]=[C&D3&v4&H0&+0&!R&z1:1].[S&D0&v2&H2&+0&!R:3],923
2600,[S&D2&v2&H0&+0&!R:1]-[C&D3&v4&H0&+0&R&z1:2].[c&D2&v4&H1&+0&R&z0:3]>>[C&D2&v4&H1&+0&R&z0:2].[S&D2&v2&H0&+0&!R:1]-[c&D3&v4&H0&+0&R&z1:3],941
2601,[C&D3&v4&H1&+0&!R&z1:1]-[C&D2&v4&H2&+0&!R&z1:2]-[S&D2&v2&H0&+0&!R:3]>>[C&D1&v4&H2&+0&!R&z0:2]=[C&D3&v4&H0&+0&!R&z1:1].[S&D1&v2&H1&+0&!R:3],923
2602,[C&D3&v4&H0&+0&!R&z2:1](=[O&D1&v2&H0&+0&!R:2])-[O&D1&v2&H1&+0&!R:3].[O&D1&v2&H1&+0&!R:4].[P&D4&v5&H0&+0&!R:5]-[O&D1&v2&H1&+0&!R:6]>>[C&D3&v4&H0&+0&!R&z2:1](=[O&D1&v2&H0&+0&!R:2])-[O&D1&v2&H1&+0&!R:6].[O&D0&v2&H2&+0&!R:3].[O&D2&v2&H0&+0&!R:4]-[P&D4&v5&H0&+0&!R:5],607
2603,[C&D3&v4&H0&+0&!R&z2:1](=[O&D1&v2&H0&+0&!R:2])-[O&D1&v2&H1&+0&!R:3].[O&D0&v2&H2&+0&!R:4].[P&D4&v5&H0&+0&!R:5]-[O&D2&v2&H0&+0&!R:6]-[P&D4&v5&H0&+0&!R:7]>>[C&D3&v4&H0&+0&!R&z2:1](=[O&D1&v2&H0&+0&!R:2])-[O&D1&v2&H1&+0&!R:4].[P&D4&v5&H0&+0&!R:7]-[O&D1&v2&H1&+0&!R:6].[P&D4&v5&H0&+0&!R:5]-[O&D1&v2&H1&+0&!R:3],228
2604,[C&D2&v4&H2&+0&!R&z0:1]-[c&D3&v4&H0&+0&R&z0:2].[O&D0&v2&H2&+0&!R:3].[O&D1&v2&H0&+0&!R:4]=[C&D2&v4&H1&+0&!R&z1:5]>>[C&D2&v4&H2&+0&!R&z1:1]-[O&D1&v2&H1&+0&!R:3].[C&D3&v4&H1&+0&!R&z1:5](-[O&D1&v2&H1&+0&!R:4])-[c&D3&v4&H0&+0&R&z0:2],701
2605,[C&D3&v4&H1&+0&!R&z1:1]-[C&D2&v4&H2&+0&!R&z0:2].[O&D1&v2&H0&+0&!R:3]=[O&D1&v2&H0&+0&!R:4]>>[C&D3&v4&H0&+0&!R&z1:1]=[C&D2&v4&H1&+0&!R&z0:2].[O&D1&v2&H1&+0&!R:3]-[O&D1&v2&H1&+0&!R:4],734
2606,[N&D1&v3&H2&+0&!R:1]-[C&D3&v4&H1&+0&!R&z1:2]-[C&D3&v4&H0&+0&!R&z2:3]-[O&D1&v2&H1&+0&!R:4].[O&D1&v2&H0&+0&!R:5]=[O&D1&v2&H0&+0&!R:6]>>[N&D1&v3&H2&+0&!R:1]-[C&D3&v4&H0&+0&!R&z2:2]=[O&D1&v2&H0&+0&!R:5].[O&D0&v2&H2&+0&!R:6].[O&D1&v2&H0&+0&!R:4]=[C&D2&v4&H0&+0&!R&z2:3],973
2607,[O&D1&v2&H0&+0&!R:1]=[O&D1&v2&H0&+0&!R:2].[c&D3&v4&H0&+0&R&z0:3]1:[c&D2&v4&H1&+0&R&z1:4]:[n&D2&v3&H1&+0&R:5]:[c&D3&v4&H0&+0&R&z1:6]:[c&D3&v4&H0&+0&R&z0:7]:1>>[C&D3&v4&H0&+0&!R&z1:3](=[O&D1&v2&H0&+0&!R:1])-[c&D3&v4&H0&+0&R&z0:7]:[c&D3&v4&H0&+0&R&z1:6]-[N&D2&v3&H1&+0&!R:5]-[C&D2&v4&H1&+0&!R&z2:4]=[O&D1&v2&H0&+0&!R:2],137
2608,[C&D2&v4&H2&+0&!R&z0:1]-[c&D3&v4&H0&+0&R&z0:2].[O&D0&v2&H2&+0&!R:3]>>[C&D2&v4&H2&+0&!R&z1:1]-[O&D1&v2&H1&+0&!R:3].[c&D2&v4&H1&+0&R&z0:2],668
2609,[C&D3&v4&H1&+0&!R&z1:1]-[C&D2&v4&H2&+0&!R&z0:2]-[c&D3&v4&H0&+0&R&z0:3]>>[C&D1&v4&H2&+0&!R&z0:2]=[C&D3&v4&H0&+0&!R&z1:1].[c&D2&v4&H1&+0&R&z0:3],322
2610,[N&D1&v3&H2&+0&!R:1]-[C&D3&v4&H1&+0&!R&z1:2]-[C&D2&v4&H2&+0&!R&z0:3]>>[C&D2&v4&H1&+0&!R&z0:2]=[C&D2&v4&H1&+0&!R&z0:3].[N&D0&v3&H3&+0&!R:1],65
2611,[N&D1&v3&H2&+0&!R:1]-[C&D3&v4&H1&+0&!R&z1:2].[N&D1&v3&H2&+0&!R:3]-[C&D3&v4&H1&+0&!R&z1:4].[O&D1&v2&H0&+0&!R:5]=[O&D1&v2&H0&+0&!R:6]>>[C&D3&v4&H0&+0&!R&z1:2]=[O&D1&v2&H0&+0&!R:5].[C&D3&v4&H0&+0&!R&z1:4]=[O&D1&v2&H0&+0&!R:6].[N&D0&v3&H3&+0&!R:1].[N&D0&v3&H3&+0&!R:3],324
2612,[c&D3&v4&H0&+0&R&z1:1]-[O&D1&v2&H1&+0&!R:2].[c&D3&v4&H0&+0&R&z1:3]-[O&D1&v2&H1&+0&!R:4]>>[O&D1&v2&H0&+0&!R:2]=[O&D1&v2&H0&+0&!R:4].[c&D2&v4&H1&+0&R&z0:1].[c&D2&v4&H1&+0&R&z0:3],447
2613,[N&D1&v3&H2&+0&!R:1]-[C&D3&v4&H1&+0&!R&z1:2]-[C&D3&v4&H0&+0&!R&z2:3]-[O&D1&v2&H1&+0&!R:4].[O&D0&v2&H2&+0&!R:5].[O&D1&v2&H0&+0&!R:6]=[O&D1&v2&H0&+0&!R:7]>>[N&D0&v3&H3&+0&!R:1].[O&D1&v2&H0&+0&!R:4]=[C&D2&v4&H0&+0&!R&z2:3].[O&D1&v2&H0&+0&!R:5]=[C&D2&v4&H1&+0&!R&z1:2].[O&D1&v2&H1&+0&!R:6]-[O&D1&v2&H1&+0&!R:7],291
2614,[O&D1&v2&H0&+0&!R:1]=[O&D1&v2&H0&+0&!R:2].[c&D3&v4&H0&+0&R&z0:3]1:[c&D2&v4&H1&+0&R&z0:4]:[c&D2&v4&H1&+0&R&z0:5]:[c&D3&v4&H0&+0&R&z1:6]:[c&D3&v4&H0&+0&R&z1:7]:[c&D2&v4&H1&+0&R&z0:8]:1>>[C&D3&v4&H0&+0&!R&z0:3](=[C&D2&v4&H1&+0&!R&z0:4]-[C&D2&v4&H1&+0&!R&z1:5]=[O&D1&v2&H0&+0&!R:1])-[C&D2&v4&H1&+0&!R&z0:8]=[C&D3&v4&H0&+0&!R&z1:7]-[C&D3&v4&H0&+0&!R&z2:6]=[O&D1&v2&H0&+0&!R:2],348
2615,[O&D1&v2&H0&+0&!R:1]=[O&D1&v2&H0&+0&!R:2].[c&D3&v4&H0&+0&R&z0:3]1:[c&D2&v4&H1&+0&R&z0:4]:[c&D2&v4&H1&+0&R&z0:5]:[c&D3&v4&H0&+0&R&z1:6]:[c&D3&v4&H0&+0&R&z1:7]:[c&D2&v4&H1&+0&R&z0:8]:1>>[C&D3&v4&H0&+0&!R&z0:3](-[C&D2&v4&H1&+0&!R&z1:8]=[O&D1&v2&H0&+0&!R:2])=[C&D2&v4&H1&+0&!R&z0:4]-[C&D2&v4&H1&+0&!R&z0:5]=[C&D3&v4&H0&+0&!R&z1:6]-[C&D3&v4&H0&+0&!R&z2:7]=[O&D1&v2&H0&+0&!R:1],348
2616,[O&D1&v2&H0&+0&!R:1]=[O&D1&v2&H0&+0&!R:2].[c&D2&v4&H1&+0&R&z0:3].[c&D2&v4&H1&+0&R&z0:4]>>[c&D3&v4&H0&+0&R&z1:3]-[O&D1&v2&H1&+0&!R:1].[c&D3&v4&H0&+0&R&z1:4]-[O&D1&v2&H1&+0&!R:2],141
2617,[O&D0&v2&H2&+0&!R:1].[O&D1&v2&H0&+0&!R:2]=[C&D2&v4&H0&+0&!R&z2:3].[c&D3&v4&H0&+0&R&z0:4]1:[c&D2&v4&H1&+0&R&z0:5]:[c&D2&v4&H1&+0&R&z0:6]:[c&D2&v4&H1&+0&R&z0:7]:[c&D2&v4&H1&+0&R&z0:8]:[c&D2&v4&H1&+0&R&z0:9]:1>>[C&D4&v4&H0&+0&R&z0:4]1(-[C&D3&v4&H0&+0&!R&z2:3]-[O&D1&v2&H1&+0&!R:2])-[C&D2&v4&H1&+0&R&z0:5]=[C&D2&v4&H1&+0&R&z0:6]-[C&D3&v4&H1&+0&R&z1:7](-[O&D1&v2&H1&+0&!R:1])-[C&D2&v4&H1&+0&R&z0:8]=[C&D2&v4&H1&+0&R&z0:9]-1,606
2618,[C&D3&v4&H0&+0&!R&z3:1]-[O&D1&v2&H1&+0&!R:2].[N&D1&v3&H2&+0&!R:3].[P&D4&v5&H0&+0&!R:4]-[O&D2&v2&H0&+0&!R:5]>>[N&D2&v3&H1&+0&!R:3]-[C&D3&v4&H0&+0&!R&z3:1].[O&D1&v2&H1&+0&!R:5].[P&D4&v5&H0&+0&!R:4]-[O&D1&v2&H1&+0&!R:2],471
2619,[N&D1&v3&H2&+0&!R:1]-[C&D3&v4&H0&+0&!R&z3:2]=[O&D1&v2&H0&+0&!R:3]>>[N&D1&v3&H0&+0&!R:1]#[C&D2&v4&H0&+0&!R&z2:2].[O&D0&v2&H2&+0&!R:3],246
2620,[C&D4&v4&H0&+0&R&z1:1]1-[C&D2&v4&H2&+0&R&z0:2]-[C&D2&v4&H2&+0&R&z0:3]-1>>[C&D1&v4&H3&+0&!R&z0:2]-[C&D2&v4&H1&+0&!R&z0:3]=[C&D3&v4&H0&+0&!R&z1:1],658
2621,[C&D3&v4&H0&+0&!R&z1:1]=[O&D1&v2&H0&+0&!R:2].[N&D1&v3&H2&+0&!R:3]-[C&D3&v4&H1&+0&R&z1:4]>>[N&D1&v3&H2&+0&!R:3]-[C&D3&v4&H1&+0&!R&z1:1].[O&D1&v2&H0&+0&!R:2]=[C&D3&v4&H0&+0&R&z1:4],103
2622,[N&D1&v3&H2&+0&!R:1].[S&D4&v6&H0&+0&!R:2]-[O&D1&v2&H1&+0&!R:3]>>[O&D0&v2&H2&+0&!R:3].[S&D4&v6&H0&+0&!R:2]-[N&D2&v3&H1&+0&!R:1],239
2623,[N&D1&v3&H2&+0&!R:1]-[C&D3&v4&H1&+0&R&z1:2]-[C&D3&v4&H1&+0&R&z2:3]-[O&D2&v2&H0&+0&R:4].[O&D0&v2&H2&+0&!R:5]>>[N&D0&v3&H3&+0&!R:1].[O&D2&v2&H0&+0&R:4]-[C&D4&v4&H0&+0&R&z2:2](-[O&D1&v2&H1&+0&!R:5])-[C&D2&v4&H2&+0&!R&z1:3],842
2624,[N&D1&v3&H2&+0&!R:1].[O&D2&v2&H0&+0&!R:2]-[C&D3&v4&H1&+0&R&z1:3]>>[N&D2&v3&H1&+0&!R:1]-[C&D3&v4&H1&+0&R&z1:3].[O&D1&v2&H1&+0&!R:2],175
2625,[N&D1&v3&H2&+0&!R:1]-[C&D3&v4&H1&+0&R&z1:2].[O&D0&v2&H2&+0&!R:3].[O&D1&v2&H0&+0&!R:4]=[O&D1&v2&H0&+0&!R:5]>>[N&D0&v3&H3&+0&!R:1].[O&D1&v2&H0&+0&!R:3]=[C&D3&v4&H0&+0&R&z1:2].[O&D1&v2&H1&+0&!R:4]-[O&D1&v2&H1&+0&!R:5],792
2626,[N&D1&v3&H2&+0&!R:1].[N&D3&v3&H0&+0&!R:2]-[C&D2&v4&H1&+0&!R&z2:3]=[O&D1&v2&H0&+0&!R:4]>>[N&D2&v3&H1&+0&!R:2].[O&D1&v2&H0&+0&!R:4]=[C&D2&v4&H1&+0&!R&z2:3]-[N&D2&v3&H1&+0&!R:1],316
2627,[N&D1&v3&H2&+0&!R:1].[O&D1&v2&H0&+0&!R:2]=[C&D3&v4&H0&+0&!R&z2:3]-[O&D1&v2&H1&+0&!R:4].[P&D4&v5&H0&+0&!R:5]-[O&D2&v2&H0&+0&!R:6]>>[O&D1&v2&H0&+0&!R:2]=[C&D3&v4&H0&+0&!R&z2:3]-[N&D2&v3&H1&+0&!R:1].[O&D1&v2&H1&+0&!R:6].[P&D4&v5&H0&+0&!R:5]-[O&D1&v2&H1&+0&!R:4],471
2628,[N&D1&v3&H2&+0&!R:1]-[C&D3&v4&H1&+0&R&z2:2].[P&D4&v5&H0&+0&!R:3]-[O&D1&v2&H1&+0&!R:4].[P&D4&v5&H0&+0&!R:5]-[O&D1&v2&H1&+0&!R:6]>>[C&D3&v4&H1&+0&R&z2:2]-[O&D1&v2&H1&+0&!R:6].[N&D0&v3&H3&+0&!R:1].[P&D4&v5&H0&+0&!R:3]-[O&D2&v2&H0&+0&!R:4]-[P&D4&v5&H0&+0&!R:5],427
2629,[N&D1&v3&H2&+0&!R:1]-[C&D2&v4&H1&+0&!R&z1:2]=[C&D2&v4&H1&+0&!R&z0:3].[O&D0&v2&H2&+0&!R:4]>>[N&D0&v3&H3&+0&!R:1].[O&D1&v2&H0&+0&!R:4]=[C&D2&v4&H1&+0&!R&z1:2]-[C&D2&v4&H2&+0&!R&z0:3],429
2630,[N&D1&v3&H2&+0&!R:1]-[C&D2&v4&H1&+0&!R&z2:2].[O&D0&v2&H2&+0&!R:3]>>[C&D2&v4&H1&+0&!R&z2:2]-[O&D1&v2&H1&+0&!R:3].[N&D0&v3&H3&+0&!R:1],587
2631,[N&D1&v3&H2&+0&!R:1]-[C&D2&v4&H1&+0&!R&z2:2]=[O&D1&v2&H0&+0&!R:3]>>[C&D1&v4&H1&+0&!R&z1:2]#[N&D1&v3&H0&+0&!R:1].[O&D0&v2&H2&+0&!R:3],246
2632,[C&D2&v4&H2&+0&!R&z1:1]-[C&D3&v4&H0&+0&!R&z1:2](=[O&D1&v2&H0&+0&!R:3])-[C&D2&v4&H2&+0&!R&z0:4]>>[C&D3&v4&H1&+0&!R&z1:1](-[C&D2&v4&H1&+0&!R&z1:2]=[O&D1&v2&H0&+0&!R:3])-[C&D2&v4&H2&+0&!R&z0:4],181
2633,[C&D2&v4&H1&+0&!R&z2:1]-[O&D1&v2&H1&+0&!R:2].[N&D1&v3&H2&+0&!R:3].[P&D4&v5&H0&+0&!R:4]-[O&D2&v2&H0&+0&!R:5]>>[C&D2&v4&H1&+0&!R&z2:1]-[N&D2&v3&H1&+0&!R:3].[O&D1&v2&H1&+0&!R:5].[P&D4&v5&H0&+0&!R:4]-[O&D1&v2&H1&+0&!R:2],471
2634,[N&D1&v3&H2&+0&!R:1]-[C&D2&v4&H2&+0&!R&z1:2].[O&D0&v2&H2&+0&!R:3].[O&D1&v2&H0&+0&!R:4]=[O&D1&v2&H0&+0&!R:5]>>[N&D0&v3&H3&+0&!R:1].[O&D1&v2&H0&+0&!R:3]=[C&D2&v4&H1&+0&!R&z1:2].[O&D1&v2&H1&+0&!R:4]-[O&D1&v2&H1&+0&!R:5],792
2635,[C&D3&v4&H0&+0&!R&z1:1]=[O&D1&v2&H0&+0&!R:2].[N&D1&v3&H2&+0&!R:3]-[C&D2&v4&H2&+0&!R&z1:4]>>[N&D1&v3&H2&+0&!R:3]-[C&D3&v4&H1&+0&!R&z1:1].[O&D1&v2&H0&+0&!R:2]=[C&D2&v4&H1&+0&!R&z1:4],103
2636,[C&D2&v4&H2&+0&!R&z1:1].[O&D1&v2&H0&+0&!R:2]=[C&D2&v4&H1&+0&!R&z1:3]>>[C&D3&v4&H1&+0&!R&z1:1]-[C&D3&v4&H1&+0&!R&z1:3]-[O&D1&v2&H1&+0&!R:2],439
2637,[N&D1&v3&H2&+0&!R:1]-[C&D2&v4&H2&+0&!R&z1:2].[O&D1&v2&H0&+0&!R:3]=[C&D2&v4&H1&+0&!R&z1:4]>>[N&D1&v3&H2&+0&!R:1]-[C&D2&v4&H2&+0&!R&z1:4].[O&D1&v2&H0&+0&!R:3]=[C&D2&v4&H1&+0&!R&z1:2],103
2638,[N&D1&v3&H2&+0&!R:1]-[C&D2&v4&H2&+0&!R&z1:2].[O&D1&v2&H0&+0&!R:3]=[O&D1&v2&H0&+0&!R:4]>>[N&D1&v3&H1&+0&!R:1]=[C&D2&v4&H1&+0&!R&z1:2].[O&D1&v2&H1&+0&!R:3]-[O&D1&v2&H1&+0&!R:4],670
2639,[N&D1&v3&H2&+0&!R:1]-[C&D2&v4&H2&+0&!R&z1:2]-[C&D3&v4&H1&+0&!R&z1:3]-[O&D2&v2&H0&+0&!R:4].[O&D0&v2&H2&+0&!R:5]>>[C&D2&v4&H2&+0&!R&z0:3]-[C&D2&v4&H1&+0&!R&z1:2]=[O&D1&v2&H0&+0&!R:5].[N&D0&v3&H3&+0&!R:1].[O&D1&v2&H1&+0&!R:4],760
2640,[N&D1&v3&H2&+0&!R:1]-[C&D2&v4&H2&+0&!R&z1:2]-[C&D3&v4&H1&+0&!R&z1:3]-[N&D1&v3&H2&+0&!R:4].[O&D0&v2&H2&+0&!R:5]>>[C&D1&v4&H3&+0&!R&z0:2]-[C&D3&v4&H0&+0&!R&z1:3]=[O&D1&v2&H0&+0&!R:5].[N&D0&v3&H3&+0&!R:1].[N&D0&v3&H3&+0&!R:4],88
2641,[N&D1&v3&H2&+0&!R:1]-[C&D2&v4&H2&+0&!R&z1:2]-[C&D3&v4&H1&+0&!R&z2:3]-[O&D1&v2&H1&+0&!R:4]>>[N&D0&v3&H3&+0&!R:1].[O&D1&v2&H0&+0&!R:4]=[C&D2&v4&H1&+0&!R&z1:2]-[C&D2&v4&H2&+0&!R&z1:3],421
2642,[C&D3&v4&H0&+0&R&z1:1](=[O&D1&v2&H0&+0&!R:2])-[C&D3&v4&H0&+0&R&z1:3]=[O&D1&v2&H0&+0&!R:4].[C&D3&v4&H1&+0&!R&z1:5]-[O&D1&v2&H1&+0&!R:6].[O&D0&v2&H2&+0&!R:7]>>[C&D2&v4&H2&+0&!R&z0:5].[C&D3&v4&H0&+0&R&z1:1](-[O&D1&v2&H1&+0&!R:2])=[C&D3&v4&H0&+0&R&z1:3]-[O&D1&v2&H1&+0&!R:4].[O&D1&v2&H0&+0&!R:6]=[O&D1&v2&H0&+0&!R:7],284
2643,[N&D1&v3&H2&+0&!R:1]-[C&D2&v4&H2&+0&!R&z1:2]-[C&D3&v4&H1&+0&!R&z1:3]-[O&D1&v2&H1&+0&!R:4]>>[N&D0&v3&H3&+0&!R:1].[O&D1&v2&H0&+0&!R:4]=[C&D2&v4&H1&+0&!R&z1:2]-[C&D2&v4&H2&+0&!R&z0:3],421
2644,[C&D3&v4&H0&+0&!R&z1:1]=[O&D1&v2&H0&+0&!R:2].[N&D1&v3&H2&+0&!R:3]-[C&D2&v4&H2&+0&!R&z1:4]>>[C&D2&v4&H1&+0&!R&z1:4]=[O&D1&v2&H0&+0&!R:2].[N&D1&v3&H2&+0&!R:3]-[C&D3&v4&H1&+0&!R&z1:1],103
2645,[C&D3&v4&H0&+0&!R&z1:1]-[C&D3&v4&H0&+0&!R&z2:2]-[O&D1&v2&H1&+0&!R:3].[C&D3&v4&H1&+0&R&z1:4]-[N&D1&v3&H2&+0&!R:5].[O&D1&v2&H0&+0&!R:6]=[O&D1&v2&H0&+0&!R:7]>>[C&D3&v4&H0&+0&!R&z2:1]-[O&D1&v2&H1&+0&!R:6].[C&D3&v4&H0&+0&R&z1:4]=[O&D1&v2&H0&+0&!R:7].[N&D0&v3&H3&+0&!R:5].[O&D1&v2&H0&+0&!R:3]=[C&D2&v4&H0&+0&!R&z2:2],651
2646,[C&D2&v4&H1&+0&!R&z1:1]=[O&D1&v2&H0&+0&!R:2].[C&D3&v4&H0&+0&!R&z2:3]-[O&D1&v2&H1&+0&!R:4].[O&D1&v2&H0&+0&!R:5]=[C&D2&v4&H0&+0&!R&z2:6].[S&D3&v4&H0&+0&!R:7]-[O&D1&v2&H1&+0&!R:8]>>[C&D2&v4&H2&+0&!R&z1:1]-[S&D4&v6&H0&+0&!R:7]=[O&D1&v2&H0&+0&!R:8].[C&D3&v4&H0&+0&!R&z1:3]-[C&D3&v4&H0&+0&!R&z2:6]-[O&D1&v2&H1&+0&!R:5].[O&D1&v2&H0&+0&!R:4]=[O&D1&v2&H0&+0&!R:2],27
2647,[N&D1&v3&H2&+0&!R:1]-[C&D2&v4&H2&+0&!R&z1:2].[O&D0&v2&H2&+0&!R:3].[O&D1&v2&H0&+0&!R:4]=[O&D1&v2&H0&+0&!R:5]>>[C&D2&v4&H1&+0&!R&z1:2]=[O&D1&v2&H0&+0&!R:3].[N&D0&v3&H3&+0&!R:1].[O&D1&v2&H1&+0&!R:4]-[O&D1&v2&H1&+0&!R:5],792
2648,[C&D3&v4&H0&+0&!R&z1:1](=[O&D1&v2&H0&+0&!R:2])-[C&D3&v4&H0&+0&!R&z2:3]-[O&D1&v2&H1&+0&!R:4].[O&D1&v2&H0&+0&!R:5]=[O&D1&v2&H0&+0&!R:6].([C&D2&v4&H2&+0&R&z1:7].[O&D1&v2&H1&+0&!R:8])>>[O&D0&v2&H2&+0&!R:6].[O&D1&v2&H0&+0&!R:4]=[C&D2&v4&H0&+0&!R&z2:3].[O&D1&v2&H0&+0&!R:2]=[C&D3&v4&H0&+0&!R&z2:1]-[O&D1&v2&H1&+0&!R:5].[O&D2&v2&H0&+0&R:8]-[C&D3&v4&H1&+0&R&z2:7],111
2649,[C&D3&v4&H0&+0&!R&z2:1]-[O&D1&v2&H1&+0&!R:2].[O&D0&v2&H2&+0&!R:3].[O&D1&v2&H0&+0&!R:4]=[C&D2&v4&H0&+0&!R&z2:5].[O&D2&v2&H0&+0&R:6]-[C&D3&v4&H1&+0&R&z2:7]>>[C&D3&v4&H0&+0&!R&z1:1]-[C&D3&v4&H0&+0&!R&z2:5]-[O&D1&v2&H1&+0&!R:4].[O&D1&v2&H0&+0&!R:2]=[O&D1&v2&H0&+0&!R:3].([C&D2&v4&H2&+0&R&z1:7].[O&D1&v2&H1&+0&!R:6]),93
2650,[N&D1&v3&H2&+0&!R:1]-[C&D2&v4&H2&+0&!R&z1:2]-[C&D2&v4&H2&+0&!R&z0:3]>>[C&D1&v4&H3&+0&!R&z0:2]-[C&D3&v4&H1&+0&!R&z1:3]-[N&D1&v3&H2&+0&!R:1],556
2651,([C&D3&v4&H1&+0&!R&z1:1]-[N&D1&v3&H2&+0&!R:2].[N&D1&v3&H2&+0&!R:3])>>[C&D3&v4&H1&+0&R&z1:1]-[N&D2&v3&H1&+0&R:3].[N&D0&v3&H3&+0&!R:2],639
2652,[C&D2&v4&H2&+0&!R&z0:1]-[C&D2&v4&H2&+0&!R&z0:2]-[C&D2&v4&H2&+0&!R&z0:3]>>[C&D1&v4&H3&+0&!R&z0:2]-[C&D3&v4&H1&+0&!R&z0:3]-[C&D2&v4&H2&+0&!R&z0:1],181
2653,([C&D3&v4&H0&+0&!R&z2:1](=[O&D1&v2&H0&+0&!R:2])-[O&D1&v2&H1&+0&!R:3].[N&D1&v3&H2&+0&!R:4]).[P&D4&v5&H0&+0&!R:5]-[O&D2&v2&H0&+0&!R:6]-[P&D4&v5&H0&+0&!R:7]>>[N&D2&v3&H1&+0&R:4]-[C&D3&v4&H0&+0&R&z2:1]=[O&D1&v2&H0&+0&!R:2].[P&D4&v5&H0&+0&!R:7]-[O&D1&v2&H1&+0&!R:6].[P&D4&v5&H0&+0&!R:5]-[O&D1&v2&H1&+0&!R:3],10
2654,[N&D1&v3&H2&+0&!R:1].[N&D1&v3&H2&+0&!R:2]-[C&D2&v4&H2&+0&!R&z1:3]>>[C&D2&v4&H2&+0&!R&z1:3]-[N&D2&v3&H1&+0&!R:1].[N&D0&v3&H3&+0&!R:2],316
2655,[C&D2&v4&H2&+0&!R&z1:1]-[N&D2&v3&H1&+0&!R:2].[N&D1&v3&H2&+0&!R:3]>>[C&D2&v4&H2&+0&!R&z1:1]-[N&D2&v3&H1&+0&!R:3].[N&D1&v3&H2&+0&!R:2],316
2656,[N&D2&v3&H1&+0&!R:1]-[C&D2&v4&H2&+0&!R&z1:2]-[C&D2&v4&H2&+0&!R&z0:3]>>[C&D1&v4&H2&+0&!R&z0:2]=[C&D2&v4&H1&+0&!R&z0:3].[N&D1&v3&H2&+0&!R:1],65
2657,[N&D1&v3&H2&+0&!R:1]-[C&D2&v4&H2&+0&!R&z1:2]-[C&D2&v4&H2&+0&!R&z1:3]-[O&D1&v2&H1&+0&!R:4]>>[C&D1&v4&H3&+0&!R&z0:3]-[C&D2&v4&H1&+0&!R&z1:2]=[O&D1&v2&H0&+0&!R:4].[N&D0&v3&H3&+0&!R:1],421
2658,[N&D1&v3&H2&+0&!R:1]-[C&D2&v4&H2&+0&!R&z1:2]-[C&D2&v4&H2&+0&!R&z1:3]-[O&D2&v2&H0&+0&!R:4].[O&D0&v2&H2&+0&!R:5]>>[C&D1&v4&H3&+0&!R&z0:3]-[C&D2&v4&H1&+0&!R&z1:2]=[O&D1&v2&H0&+0&!R:5].[N&D0&v3&H3&+0&!R:1].[O&D1&v2&H1&+0&!R:4],760
2659,[C&D2&v4&H2&+0&!R&z1:1]-[S&D4&v6&H0&+0&!R:2]=[O&D1&v2&H0&+0&!R:3].[C&D3&v4&H0&+0&!R&z1:4]-[C&D3&v4&H0&+0&!R&z2:5]-[O&D1&v2&H1&+0&!R:6].[O&D1&v2&H0&+0&!R:7]=[O&D1&v2&H0&+0&!R:8]>>[C&D2&v4&H1&+0&!R&z1:1]=[O&D1&v2&H0&+0&!R:8].[C&D3&v4&H0&+0&!R&z2:4]-[O&D1&v2&H1&+0&!R:7].[O&D1&v2&H0&+0&!R:6]=[C&D2&v4&H0&+0&!R&z2:5].[S&D3&v4&H0&+0&!R:2]-[O&D1&v2&H1&+0&!R:3],635
2660,([N&D1&v3&H2&+0&!R:1].[c&D2&v4&H1&+0&R&z0:2]).[O&D1&v2&H0&+0&!R:3]=[C&D2&v4&H1&+0&!R&z1:4]>>[C&D3&v4&H1&+0&R&z1:4](-[N&D2&v3&H1&+0&R:1])-[c&D3&v4&H0&+0&R&z0:2].[O&D0&v2&H2&+0&!R:3],497
2661,[C&D2&v4&H2&+0&!R&z0:1].[C&D3&v4&H0&+0&R&z1:2](-[O&D1&v2&H1&+0&!R:3])=[C&D3&v4&H0&+0&R&z1:4]-[O&D1&v2&H1&+0&!R:5].[O&D1&v2&H0&+0&!R:6]=[O&D1&v2&H0&+0&!R:7]>>[C&D3&v4&H0&+0&R&z1:2](=[O&D1&v2&H0&+0&!R:3])-[C&D3&v4&H0&+0&R&z1:4]=[O&D1&v2&H0&+0&!R:5].[C&D3&v4&H1&+0&!R&z1:1]-[O&D1&v2&H1&+0&!R:6].[O&D0&v2&H2&+0&!R:7],443
2662,[N&D1&v3&H2&+0&!R:1]-[C&D2&v4&H2&+0&!R&z2:2].[O&D0&v2&H2&+0&!R:3]>>[C&D2&v4&H2&+0&!R&z2:2]-[O&D1&v2&H1&+0&!R:3].[N&D0&v3&H3&+0&!R:1],587
2663,[N&D1&v3&H2&+0&!R:1].[N&D1&v3&H2&+0&!R:2].[O&D1&v2&H0&+0&!R:3]=[C&D2&v4&H1&+0&!R&z1:4].[O&D1&v2&H0&+0&!R:5]=[C&D2&v4&H1&+0&!R&z1:6]>>[C&D2&v4&H2&+0&!R&z1:4]-[N&D2&v3&H1&+0&!R:1].[C&D2&v4&H2&+0&!R&z1:6]-[N&D2&v3&H1&+0&!R:2].[O&D1&v2&H0&+0&!R:3]=[O&D1&v2&H0&+0&!R:5],158
2664,[N&D1&v3&H2&+0&!R:1].[O&D1&v2&H0&+0&!R:2]=[C&D2&v4&H1&+0&!R&z1:3].[O&D1&v2&H1&+0&!R:4]-[O&D1&v2&H1&+0&!R:5]>>[C&D2&v4&H2&+0&!R&z1:3]-[N&D2&v3&H1&+0&!R:1].[O&D0&v2&H2&+0&!R:2].[O&D1&v2&H0&+0&!R:4]=[O&D1&v2&H0&+0&!R:5],294
2665,[N&D1&v3&H2&+0&!R:1]-[P&D4&v5&H0&+0&!R:2].[O&D1&v2&H1&+0&!R:3]>>[N&D0&v3&H3&+0&!R:1].[O&D2&v2&H0&+0&!R:3]-[P&D4&v5&H0&+0&!R:2],543
2666,[c&D3&v4&H0&+0&R&z1:1]-[C&D3&v4&H0&+0&!R&z2:2]-[O&D1&v2&H1&+0&!R:3]>>[O&D1&v2&H0&+0&!R:3]=[C&D2&v4&H0&+0&!R&z2:2].[c&D2&v4&H1&+0&R&z1:1],1009
2667,([N&D1&v3&H2&+0&!R:1].[c&D3&v4&H0&+0&R&z1:2]-[C&D3&v4&H0&+0&!R&z2:3])>>([C&D3&v4&H0&+0&!R&z3:3]-[N&D2&v3&H1&+0&!R:1].[c&D2&v4&H1&+0&R&z1:2]),537
2668,[N&D1&v3&H2&+0&!R:1].[O&D1&v2&H0&+0&!R:2]=[C&D2&v4&H1&+0&!R&z1:3]>>[C&D2&v4&H1&+0&!R&z1:3]=[N&D2&v3&H0&+0&!R:1].[O&D0&v2&H2&+0&!R:2],293
2669,[N&D1&v3&H2&+0&!R:1]-[c&D3&v4&H0&+0&R&z1:2]:[c&D3&v4&H0&+0&R&z0:3]-[C&D3&v4&H0&+0&!R&z1:4](=[O&D1&v2&H0&+0&!R:5])-[C&D2&v4&H2&+0&!R&z0:6]-[C&D3&v4&H0&+0&!R&z1:7]=[O&D1&v2&H0&+0&!R:8]>>[O&D0&v2&H2&+0&!R:8].[c&D3&v4&H0&+0&R&z1:7]1:[c&D2&v4&H1&+0&R&z0:6]:[c&D3&v4&H0&+0&R&z1:4](-[O&D1&v2&H1&+0&!R:5]):[c&D3&v4&H0&+0&R&z0:3]:[c&D3&v4&H0&+0&R&z1:2]:[n&D2&v3&H0&+0&R:1]:1,885
2670,[O&D1&v2&H0&+0&!R:1]=[O&D1&v2&H0&+0&!R:2].[c&D3&v4&H0&+0&R&z1:3]1:[c&D3&v4&H0&+0&R&z1:4]:[c&D2&v4&H1&+0&R&z0:5]:[c&D2&v4&H1&+0&R&z0:6]:[c&D2&v4&H1&+0&R&z0:7]:[c&D3&v4&H0&+0&R&z0:8]:1>>[C&D3&v4&H0&+0&!R&z1:3](-[C&D3&v4&H0&+0&!R&z2:4]=[O&D1&v2&H0&+0&!R:1])=[C&D3&v4&H0&+0&!R&z0:8]-[C&D2&v4&H1&+0&!R&z0:7]=[C&D2&v4&H1&+0&!R&z0:6]-[C&D2&v4&H1&+0&!R&z1:5]=[O&D1&v2&H0&+0&!R:2],348
2671,[n&D2&v3&H0&+0&R:1].[n&D3&v4&H0&+&R:2]-[C&D3&v4&H1&+0&R&z2:3]>>([C&D3&v4&H1&+0&R&z2:3]-[n&D3&v4&H0&+&R:1].[n&D2&v3&H0&+0&R:2]),64
2672,([N&D1&v3&H2&+0&!R:1].[c&D3&v4&H0&+0&R&z1:2]-[O&D1&v2&H1&+0&!R:3])>>([O&D1&v2&H1&+0&!R:3]-[N&D2&v3&H1&+0&!R:1].[c&D2&v4&H1&+0&R&z0:2]),1008
2673,[C&D2&v4&H2&+0&!R&z1:1]-[O&D1&v2&H1&+0&!R:2].[N&D1&v3&H2&+0&!R:3]>>[C&D2&v4&H2&+0&!R&z1:1]-[N&D2&v3&H1&+0&!R:3].[O&D0&v2&H2&+0&!R:2],175
2674,[C&D3&v4&H1&+0&R&z2:1]-[O&D2&v2&H0&+0&!R:2].[c&D3&v4&H0&+0&R&z0:3]-[C&D3&v4&H0&+0&!R&z2:4]-[O&D1&v2&H1&+0&!R:5]>>[O&D1&v2&H0&+0&!R:5]=[C&D2&v4&H0&+0&!R&z2:4].[O&D1&v2&H1&+0&!R:2].[c&D3&v4&H0&+0&R&z0:3]-[C&D3&v4&H1&+0&R&z1:1],399
2675,[O&D1&v2&H0&+0&!R:1]=[C&D2&v4&H0&+0&!R&z2:2].[O&D1&v2&H1&+0&!R:3].[c&D3&v4&H0&+0&R&z0:4]-[C&D3&v4&H1&+0&R&z1:5]>>[C&D3&v4&H1&+0&R&z2:5]-[O&D2&v2&H0&+0&!R:3].[c&D3&v4&H0&+0&R&z0:4]-[C&D3&v4&H0&+0&!R&z2:2]-[O&D1&v2&H1&+0&!R:1],701
2676,[O&D1&v2&H0&+0&!R:1]=[O&D1&v2&H0&+0&!R:2].[c&D3&v4&H0&+0&R&z1:3]1:[c&D2&v4&H1&+0&R&z0:4]:[c&D2&v4&H1&+0&R&z0:5]:[c&D3&v4&H0&+0&R&z1:6]:[c&D2&v4&H1&+0&R&z0:7]:[c&D3&v4&H0&+0&R&z1:8]:1>>[C&D3&v4&H0&+0&!R&z1:3](=[C&D2&v4&H1&+0&!R&z0:4]-[C&D2&v4&H1&+0&!R&z0:5]=[C&D3&v4&H0&+0&!R&z1:6]-[C&D2&v4&H1&+0&!R&z1:7]=[O&D1&v2&H0&+0&!R:1])-[C&D3&v4&H0&+0&!R&z2:8]=[O&D1&v2&H0&+0&!R:2],348
2677,[O&D1&v2&H0&+0&!R:1]=[O&D1&v2&H0&+0&!R:2].[c&D3&v4&H0&+0&R&z1:3]1:[c&D2&v4&H1&+0&R&z0:4]:[c&D2&v4&H1&+0&R&z0:5]:[c&D3&v4&H0&+0&R&z1:6]:[c&D3&v4&H0&+0&R&z0:7]:[c&D2&v4&H1&+0&R&z0:8]:1>>[C&D3&v4&H0&+0&!R&z1:3](-[C&D2&v4&H1&+0&!R&z0:4]=[C&D2&v4&H1&+0&!R&z0:5]-[C&D3&v4&H0&+0&!R&z2:6]=[O&D1&v2&H0&+0&!R:1])=[C&D2&v4&H1&+0&!R&z0:8]-[C&D3&v4&H0&+0&!R&z1:7]=[O&D1&v2&H0&+0&!R:2],348
2678,[C&D3&v4&H0&+0&R&z1:1]=[C&D2&v4&H1&+0&R&z0:2].[N&D1&v3&H2&+0&!R:3]>>[C&D3&v4&H1&+0&R&z1:2](-[N&D2&v3&H1&+0&!R:3])-[C&D3&v4&H1&+0&R&z1:1],875
2679,[N&D1&v3&H2&+0&!R:1]-[c&D3&v4&H0&+0&R&z1:2].[O&D0&v2&H2&+0&!R:3]>>[N&D0&v3&H3&+0&!R:1].[c&D3&v4&H0&+0&R&z1:2]-[O&D1&v2&H1&+0&!R:3],587
2680,[N&D1&v3&H2&+0&!R:1]-[c&D3&v4&H0&+0&R&z1:2]:[c&D3&v4&H0&+0&R&z0:3]-[C&D3&v4&H0&+0&!R&z1:4](=[O&D1&v2&H0&+0&!R:5])-[C&D2&v4&H2&+0&!R&z0:6]-[C&D2&v4&H1&+0&!R&z1:7]=[O&D1&v2&H0&+0&!R:8]>>[O&D0&v2&H2&+0&!R:8].[O&D1&v2&H1&+0&!R:5]-[c&D3&v4&H0&+0&R&z1:4]1:[c&D2&v4&H1&+0&R&z0:6]:[c&D2&v4&H1&+0&R&z1:7]:[n&D2&v3&H0&+0&R:1]:[c&D3&v4&H0&+0&R&z1:2]:[c&D3&v4&H0&+0&R&z0:3]:1,885
2681,[O&D1&v2&H0&+0&!R:1]=[O&D1&v2&H0&+0&!R:2].[c&D3&v4&H0&+0&R&z1:3]1:[c&D2&v4&H1&+0&R&z0:4]:[c&D2&v4&H1&+0&R&z0:5]:[c&D2&v4&H1&+0&R&z0:6]:[c&D2&v4&H1&+0&R&z0:7]:[c&D3&v4&H0&+0&R&z1:8]:1>>[C&D3&v4&H0&+0&!R&z1:3](=[C&D2&v4&H1&+0&!R&z0:4]-[C&D2&v4&H1&+0&!R&z0:5]=[C&D2&v4&H1&+0&!R&z0:6]-[C&D2&v4&H1&+0&!R&z1:7]=[O&D1&v2&H0&+0&!R:1])-[C&D3&v4&H0&+0&!R&z2:8]=[O&D1&v2&H0&+0&!R:2],348
2682,[N&D3&v3&H0&+0&R:1]-[C&D2&v4&H2&+0&R&z2:2]-[N&D3&v3&H0&+0&R:3].[O&D0&v2&H2&+0&!R:4].[c&D2&v4&H1&+0&R&z0:5]>>([N&D2&v3&H1&+0&!R:3].[N&D2&v3&H1&+0&R:1]).[c&D3&v4&H0&+0&R&z0:5]-[C&D2&v4&H2&+0&!R&z1:2]-[O&D1&v2&H1&+0&!R:4],820
2683,[N&D3&v3&H0&+0&R:1](-[C&D2&v4&H2&+0&R&z2:2]-[N&D3&v3&H0&+0&R:3])-[C&D3&v4&H1&+0&R&z1:4].[c&D2&v4&H1&+0&R&z0:5]>>[C&D1&v4&H3&+0&!R&z0:2]-[c&D3&v4&H0&+0&R&z0:5].([N&D2&v3&H0&+0&R:1]=[C&D3&v4&H0&+0&R&z1:4].[N&D2&v3&H1&+0&!R:3]),808
2684,[O&D1&v2&H1&+0&!R:1].[P&D4&v5&H0&+0&!R:2]-[O&D1&v2&H1&+0&!R:3]>>[O&D0&v2&H2&+0&!R:3].[P&D4&v5&H0&+0&!R:2]-[O&D2&v2&H0&+0&!R:1],637
2685,[O&D2&v2&H0&+0&!R:1]-[C&D4&v4&H0&+0&R&z2:2].[P&D4&v5&H0&+0&!R:3]-[O&D1&v2&H1&+0&!R:4]>>[C&D4&v4&H0&+0&R&z2:2]-[O&D1&v2&H1&+0&!R:4].[O&D2&v2&H0&+0&!R:1]-[P&D4&v5&H0&+0&!R:3],994
2686,[O&D2&v2&H0&+0&!R:1]-[C&D3&v4&H1&+0&R&z1:2].[P&D4&v5&H0&+0&!R:3]-[O&D2&v2&H0&+0&!R:4]>>[O&D2&v2&H0&+0&!R:4]-[C&D3&v4&H1&+0&R&z1:2].[O&D2&v2&H0&+0&!R:1]-[P&D4&v5&H0&+0&!R:3],994
2687,[O&D2&v2&H0&+0&!R:1]-[C&D2&v4&H2&+0&!R&z1:2].[P&D4&v5&H0&+0&!R:3]-[O&D2&v2&H0&+0&!R:4]>>[C&D2&v4&H2&+0&!R&z1:2]-[O&D2&v2&H0&+0&!R:4].[O&D2&v2&H0&+0&!R:1]-[P&D4&v5&H0&+0&!R:3],994
2688,[O&D1&v2&H1&+0&!R:1].([C&D2&v4&H1&+0&!R&z1:2]=[O&D1&v2&H0&+0&!R:3].[O&D1&v2&H1&+0&!R:4].[P&D4&v5&H0&+0&!R:5]-[O&D2&v2&H0&+0&!R:6])>>([O&D1&v2&H1&+0&!R:6].[O&D2&v2&H0&+0&R:4]-[C&D3&v4&H1&+0&R&z2:2]-[O&D1&v2&H1&+0&!R:3]).[P&D4&v5&H0&+0&!R:5]-[O&D2&v2&H0&+0&!R:1],810
2689,[O&D2&v2&H0&+0&!R:1]-[C&D2&v4&H2&+0&!R&z1:2].[P&D4&v5&H0&+0&!R:3]-[O&D2&v2&H0&+0&!R:4]>>[O&D2&v2&H0&+0&!R:4]-[C&D2&v4&H2&+0&!R&z1:2].[O&D2&v2&H0&+0&!R:1]-[P&D4&v5&H0&+0&!R:3],994
2690,[C&D2&v4&H2&+0&!R&z1:1]-[O&D2&v2&H0&+0&!R:2].[O&D2&v2&H0&+0&!R:3]-[P&D4&v5&H0&+0&!R:4]>>[O&D2&v2&H0&+0&!R:3]-[C&D2&v4&H2&+0&!R&z1:1].[O&D2&v2&H0&+0&!R:2]-[P&D4&v5&H0&+0&!R:4],994
2691,[C&D4&v4&H0&+0&R&z2:1]-[O&D1&v2&H1&+0&!R:2].[O&D2&v2&H0&+0&!R:3]-[P&D4&v5&H0&+0&!R:4]>>[O&D2&v2&H0&+0&!R:3]-[C&D4&v4&H0&+0&R&z2:1].[P&D4&v5&H0&+0&!R:4]-[O&D1&v2&H1&+0&!R:2],994
2692,[O&D2&v2&H0&+0&!R:1]-[C&D3&v4&H1&+0&R&z1:2].[O&D2&v2&H0&+0&!R:3]-[P&D4&v5&H0&+0&!R:4]>>[O&D2&v2&H0&+0&!R:3]-[C&D3&v4&H1&+0&R&z1:2].[O&D2&v2&H0&+0&!R:1]-[P&D4&v5&H0&+0&!R:4],994
2693,[O&D2&v2&H0&+0&!R:1]-[C&D2&v4&H2&+0&!R&z1:2].[O&D2&v2&H0&+0&!R:3]-[P&D4&v5&H0&+0&!R:4]>>[O&D2&v2&H0&+0&!R:3]-[C&D2&v4&H2&+0&!R&z1:2].[O&D2&v2&H0&+0&!R:1]-[P&D4&v5&H0&+0&!R:4],994
2694,([O&D1&v2&H1&+0&!R:1].[O&D2&v2&H0&+0&R:2]-[C&D3&v4&H1&+0&R&z2:3]-[O&D1&v2&H1&+0&!R:4]).[P&D4&v5&H0&+0&!R:5]-[O&D2&v2&H0&+0&!R:6]>>[O&D1&v2&H1&+0&!R:6].([C&D2&v4&H1&+0&!R&z1:3]=[O&D1&v2&H0&+0&!R:4].[O&D1&v2&H1&+0&!R:2].[P&D4&v5&H0&+0&!R:5]-[O&D2&v2&H0&+0&!R:1]),577
2695,[C&D3&v4&H0&+0&!R&z3:1]-[O&D1&v2&H1&+0&!R:2].[N&D1&v3&H2&+0&!R:3].[P&D4&v5&H0&+0&!R:4]-[O&D2&v2&H0&+0&!R:5]>>[C&D3&v4&H0&+0&!R&z3:1]-[N&D2&v3&H1&+0&!R:3].[O&D1&v2&H1&+0&!R:5].[P&D4&v5&H0&+0&!R:4]-[O&D1&v2&H1&+0&!R:2],471
2696,[O&D1&v2&H0&+0&!R:1]=[C&D2&v4&H0&+0&!R&z2:2].[c&D2&v4&H1&+0&R&z1:3]>>[c&D3&v4&H0&+0&R&z1:3]-[C&D3&v4&H0&+0&!R&z2:2]-[O&D1&v2&H1&+0&!R:1],439
2697,([N&D2&v3&H1&+0&!R:1].[N&D2&v3&H1&+0&R:2]).[c&D3&v4&H0&+0&R&z0:3]-[C&D2&v4&H2&+0&!R&z1:4]-[O&D1&v2&H1&+0&!R:5]>>[N&D3&v3&H0&+0&R:2]-[C&D2&v4&H2&+0&R&z2:4]-[N&D3&v3&H0&+0&R:1].[O&D0&v2&H2&+0&!R:5].[c&D2&v4&H1&+0&R&z0:3],954
2698,[N&D1&v3&H2&+0&!R:1]-[c&D3&v4&H0&+0&R&z3:2].[O&D0&v2&H2&+0&!R:3]>>[N&D0&v3&H3&+0&!R:1].[c&D3&v4&H0&+0&R&z3:2]-[O&D1&v2&H1&+0&!R:3],587
2699,[N&D1&v3&H2&+0&!R:1]-[c&D3&v4&H0&+0&R&z3:2].[O&D0&v2&H2&+0&!R:3]>>[N&D0&v3&H3&+0&!R:1].[O&D1&v2&H1&+0&!R:3]-[c&D3&v4&H0&+0&R&z3:2],587
2700,([C&D3&v4&H1&+0&!R&z1:1]-[O&D1&v2&H1&+0&!R:2].[O&D1&v2&H1&+0&!R:3])>>[C&D3&v4&H1&+0&R&z1:1]-[O&D2&v2&H0&+0&R:3].[O&D0&v2&H2&+0&!R:2],493
2701,[O&D1&v2&H0&+0&!R:1]=[C&D2&v4&H1&+0&!R&z2:2]-[O&D1&v2&H1&+0&!R:3].([O&D1&v2&H1&+0&!R:4].[c&D3&v4&H0&+0&R&z2:5]1:[c&D3&v4&H0&+0&R&z1:6]-[N&D2&v3&H0&+0&R:7]=[C&D3&v4&H0&+0&R&z1:8]-[C&D2&v4&H2&+0&R&z1:9]-[N&D2&v3&H1&+0&R:10]-1)>>[O&D0&v2&H2&+0&!R:1].[c&D3&v4&H0&+0&R&z2:5]1:[c&D3&v4&H0&+0&R&z1:6]:[n&D2&v3&H0&+0&R:7]:[c&D2&v4&H1&+0&R&z2:2]:[n&D3&v3&H0&+0&R:10]:1-[C&D3&v4&H1&+0&R&z2:9](-[O&D2&v2&H0&+0&R:4])-[C&D3&v4&H1&+0&R&z1:8]-[O&D1&v2&H1&+0&!R:3],67
2702,[O&D1&v2&H0&+0&!R:1]=[C&D2&v4&H1&+0&!R&z2:2]-[O&D1&v2&H1&+0&!R:3].[P&D4&v5&H0&+0&!R:4](-[O&D1&v2&H1&+0&!R:5])-[O&D1&v2&H1&+0&!R:6].([P&D4&v5&H0&+0&R:7]-[O&D2&v2&H0&+0&R:8].[c&D3&v4&H0&+0&R&z2:9]1:[c&D3&v4&H0&+0&R&z1:10]-[N&D2&v3&H0&+0&R:11]=[C&D3&v4&H0&+0&R&z1:12]-[C&D2&v4&H2&+0&R&z1:13]-[N&D2&v3&H1&+0&R:14]-1)>>[O&D0&v2&H2&+0&!R:1].([P&D4&v5&H0&+0&!R:7]-[O&D2&v2&H0&+0&!R:5]-[P&D4&v5&H0&+0&!R:4]-[O&D1&v2&H1&+0&!R:3].[c&D3&v4&H0&+0&R&z2:9]1:[c&D3&v4&H0&+0&R&z1:10]:[n&D2&v3&H0&+0&R:11]:[c&D2&v4&H1&+0&R&z2:2]:[n&D3&v3&H0&+0&R:14]:1-[C&D3&v4&H1&+0&R&z2:13](-[O&D2&v2&H0&+0&R:8])-[C&D3&v4&H1&+0&R&z1:12]-[O&D1&v2&H1&+0&!R:6]),164
2703,[N&D3&v3&H0&+0&!R:1]-[C&D2&v4&H1&+0&!R&z2:2].[P&D4&v5&H0&+0&!R:3]-[O&D1&v2&H1&+0&!R:4].[P&D4&v5&H0&+0&!R:5]-[O&D1&v2&H1&+0&!R:6]>>[C&D2&v4&H1&+0&!R&z2:2]-[O&D1&v2&H1&+0&!R:6].[N&D2&v3&H1&+0&!R:1].[P&D4&v5&H0&+0&!R:3]-[O&D2&v2&H0&+0&!R:4]-[P&D4&v5&H0&+0&!R:5],427
2704,[C&D2&v4&H1&+0&!R&z2:1]-[O&D1&v2&H1&+0&!R:2].[N&D2&v3&H1&+0&!R:3].[P&D4&v5&H0&+0&!R:4]-[O&D2&v2&H0&+0&!R:5]>>[N&D3&v3&H0&+0&!R:3]-[C&D2&v4&H1&+0&!R&z2:1].[O&D1&v2&H1&+0&!R:5].[P&D4&v5&H0&+0&!R:4]-[O&D1&v2&H1&+0&!R:2],471
2705,[C&D2&v4&H2&+0&!R&z1:1]-[N&D2&v3&H1&+0&!R:2].[O&D0&v2&H2&+0&!R:3]>>[C&D2&v4&H2&+0&!R&z1:1]-[O&D1&v2&H1&+0&!R:3].[N&D1&v3&H2&+0&!R:2],587
2706,[N&D3&v3&H0&+0&!R:1]-[C&D2&v4&H1&+0&!R&z2:2]=[O&D1&v2&H0&+0&!R:3].[O&D0&v2&H2&+0&!R:4]>>[N&D2&v3&H1&+0&!R:1].[O&D1&v2&H0&+0&!R:3]=[C&D2&v4&H1&+0&!R&z2:2]-[O&D1&v2&H1&+0&!R:4],587
2707,([C&D2&v4&H1&+0&!R&z2:1]=[O&D1&v2&H0&+0&!R:2].[N&D2&v3&H1&+0&R:3])>>[N&D3&v4&H0&+&R:3]=[C&D2&v4&H1&+0&R&z2:1].[O&D0&v2&H2&+0&!R:2],51
2708,[N&D2&v3&H1&+0&R:1].[O&D1&v2&H0&+0&!R:2]=[C&D2&v4&H1&+0&!R&z2:3]-[N&D2&v3&H1&+0&!R:4]>>[N&D1&v3&H2&+0&!R:4].[N&D3&v3&H0&+0&R:1]-[C&D2&v4&H1&+0&!R&z2:3]=[O&D1&v2&H0&+0&!R:2],316
2709,[N&D2&v3&H1&+0&!R:1].[O&D1&v2&H0&+0&!R:2]=[C&D2&v4&H1&+0&!R&z2:3]-[N&D2&v3&H1&+0&!R:4]>>[N&D1&v3&H2&+0&!R:4].[N&D3&v3&H0&+0&!R:1]-[C&D2&v4&H1&+0&!R&z2:3]=[O&D1&v2&H0&+0&!R:2],316
2710,[N&D2&v3&H1&+0&!R:1].[O&D1&v2&H0&+0&!R:2]=[C&D2&v4&H1&+0&!R&z2:3]-[O&D1&v2&H1&+0&!R:4]>>[N&D3&v3&H0&+0&!R:1]-[C&D2&v4&H1&+0&!R&z2:3]=[O&D1&v2&H0&+0&!R:2].[O&D0&v2&H2&+0&!R:4],175
2711,[N&D3&v4&H0&+&R:1]=[C&D2&v4&H1&+0&R&z2:2].[O&D0&v2&H2&+0&!R:3]>>([C&D2&v4&H1&+0&!R&z2:2]=[O&D1&v2&H0&+0&!R:3].[N&D2&v3&H1&+0&R:1]),446
2712,[N&D1&v3&H2&+0&!R:1].[O&D1&v2&H0&+0&!R:2]=[C&D3&v4&H0&+0&!R&z2:3](-[O&D1&v2&H1&+0&!R:4])-[C&D2&v4&H2&+0&!R&z1:5]-[O&D1&v2&H1&+0&!R:6]>>[O&D0&v2&H2&+0&!R:2].[O&D1&v2&H0&+0&!R:6]=[C&D2&v4&H1&+0&!R&z1:5]-[C&D3&v4&H1&+0&!R&z2:3](-[O&D1&v2&H1&+0&!R:4])-[N&D2&v3&H1&+0&!R:1],381
2713,[N&D1&v3&H2&+0&!R:1].[O&D1&v2&H0&+0&!R:2]=[C&D2&v4&H1&+0&!R&z1:3]>>[C&D3&v4&H1&+0&!R&z2:3](-[O&D1&v2&H1&+0&!R:2])-[N&D2&v3&H1&+0&!R:1],835
2714,[O&D2&v2&H0&+0&!R:1]-[C&D2&v4&H2&+0&!R&z1:2].[P&D4&v5&H0&+0&!R:3]-[O&D1&v2&H1&+0&!R:4]>>[C&D2&v4&H2&+0&!R&z1:2]-[O&D1&v2&H1&+0&!R:4].[P&D4&v5&H0&+0&!R:3]-[O&D2&v2&H0&+0&!R:1],994
2715,[O&D2&v2&H0&+0&!R:1]-[C&D3&v4&H0&+0&!R&z2:2].[P&D4&v5&H0&+0&!R:3]-[O&D1&v2&H1&+0&!R:4]>>[C&D3&v4&H0&+0&!R&z2:2]-[O&D1&v2&H1&+0&!R:4].[O&D2&v2&H0&+0&!R:1]-[P&D4&v5&H0&+0&!R:3],994
2716,[C&D3&v4&H0&+0&!R&z3:1]-[S&D2&v2&H0&+0&!R:2].[P&D4&v5&H0&+0&!R:3]-[O&D1&v2&H1&+0&!R:4].[P&D4&v5&H0&+0&!R:5]-[O&D1&v2&H1&+0&!R:6]>>[C&D3&v4&H0&+0&!R&z3:1]-[O&D1&v2&H1&+0&!R:6].[P&D4&v5&H0&+0&!R:3]-[O&D2&v2&H0&+0&!R:4]-[P&D4&v5&H0&+0&!R:5].[S&D1&v2&H1&+0&!R:2],242
2717,[N&D2&v3&H1&+0&!R:1]-[C&D3&v4&H1&+0&R&z1:2].[O&D1&v2&H1&+0&!R:3]>>[N&D1&v3&H2&+0&!R:1].[O&D2&v2&H0&+0&!R:3]-[C&D3&v4&H1&+0&R&z1:2],587
2718,[C&D3&v4&H0&+0&R&z1:1]=[O&D1&v2&H0&+0&!R:2].[C&D3&v4&H1&+0&!R&z1:3]-[O&D1&v2&H1&+0&!R:4]>>[C&D3&v4&H0&+0&!R&z1:3]=[O&D1&v2&H0&+0&!R:4].[C&D3&v4&H1&+0&R&z1:1]-[O&D1&v2&H1&+0&!R:2],986
2719,[C&D3&v4&H0&+0&!R&z1:1]=[O&D1&v2&H0&+0&!R:2].[C&D3&v4&H1&+0&R&z1:3]-[O&D1&v2&H1&+0&!R:4]>>[C&D3&v4&H0&+0&R&z1:3]=[O&D1&v2&H0&+0&!R:4].[C&D3&v4&H1&+0&!R&z1:1]-[O&D1&v2&H1&+0&!R:2],986
2720,[C&D2&v4&H2&+0&!R&z1:1]-[O&D1&v2&H1&+0&!R:2].[P&D4&v5&H0&+0&!R:3]-[O&D2&v2&H0&+0&!R:4]>>[O&D2&v2&H0&+0&!R:4]-[C&D2&v4&H2&+0&!R&z1:1].[P&D4&v5&H0&+0&!R:3]-[O&D1&v2&H1&+0&!R:2],994
2721,[P&D4&v5&H0&+0&!R:1]-[O&D2&v2&H0&+0&!R:2].[P&D4&v5&H0&+0&!R:3]~[*:4]~[*:5]~[O&D1&v2&H1&+0&!R:6]>>[O&D1&v2&H1&+0&!R:2].[P&D4&v5&H0&+0&!R:3]~[*:4]~[*:5]~[O&D2&v2&H0&+0&!R:6]-[P&D4&v5&H0&+0&!R:1],637
2722,[C&D3&v4&H0&+0&!R&z2:1](-[O&D1&v2&H1&+0&!R:2])-[C&D2&v4&H2&+0&!R&z0:3]-[C&D3&v4&H0&+0&!R&z1:4]=[O&D1&v2&H0&+0&!R:5].[O&D2&v2&H0&+0&!R:6]-[P&D4&v5&H0&+0&!R:7]>>[C&D1&v4&H2&+0&!R&z0:3]=[C&D3&v4&H0&+0&!R&z1:4]-[O&D2&v2&H0&+0&!R:5]-[P&D4&v5&H0&+0&!R:7].[O&D1&v2&H0&+0&!R:2]=[C&D2&v4&H0&+0&!R&z2:1].[O&D1&v2&H1&+0&!R:6],472
2723,[O&D0&v2&H2&+0&!R:1].[c&D3&v4&H0&+0&R&z2:2]1:[c&D3&v4&H0&+0&R&z1:3]:[n&D2&v3&H0&+0&R:4]:[c&D2&v4&H1&+0&R&z2:5]:[n&D3&v3&H0&+0&R:6]:1-[C&D3&v4&H1&+0&R&z2:7](-[O&D2&v2&H0&+0&R:8])-[C&D3&v4&H1&+0&R&z1:9]-[O&D1&v2&H1&+0&!R:10]>>[O&D1&v2&H0&+0&!R:1]=[C&D2&v4&H1&+0&!R&z2:5]-[O&D1&v2&H1&+0&!R:10].([O&D1&v2&H1&+0&!R:8].[c&D3&v4&H0&+0&R&z2:2]1:[c&D3&v4&H0&+0&R&z1:3]-[N&D2&v3&H0&+0&R:4]=[C&D3&v4&H0&+0&R&z1:9]-[C&D2&v4&H2&+0&R&z1:7]-[N&D2&v3&H1&+0&R:6]-1),397
2724,[O&D0&v2&H2&+0&!R:1].([P&D4&v5&H0&+0&!R:2]-[O&D2&v2&H0&+0&!R:3]-[P&D4&v5&H0&+0&!R:4]-[O&D1&v2&H1&+0&!R:5].[c&D3&v4&H0&+0&R&z2:6]1:[c&D3&v4&H0&+0&R&z1:7]:[n&D2&v3&H0&+0&R:8]:[c&D2&v4&H1&+0&R&z2:9]:[n&D3&v3&H0&+0&R:10]:1-[C&D3&v4&H1&+0&R&z2:11](-[O&D2&v2&H0&+0&R:12])-[C&D3&v4&H1&+0&R&z1:13]-[O&D1&v2&H1&+0&!R:14])>>[O&D1&v2&H0&+0&!R:1]=[C&D2&v4&H1&+0&!R&z2:9]-[O&D1&v2&H1&+0&!R:5].[P&D4&v5&H0&+0&!R:4](-[O&D1&v2&H1&+0&!R:3])-[O&D1&v2&H1&+0&!R:14].([P&D4&v5&H0&+0&R:2]-[O&D2&v2&H0&+0&R:12].[c&D3&v4&H0&+0&R&z2:6]1:[c&D3&v4&H0&+0&R&z1:7]-[N&D2&v3&H0&+0&R:8]=[C&D3&v4&H0&+0&R&z1:13]-[C&D2&v4&H2&+0&R&z1:11]-[N&D2&v3&H1&+0&R:10]-1),428
2725,[O&D1&v2&H1&+0&!R:1].[P&D4&v5&H0&+0&!R:2]-[O&D2&v2&H0&+0&!R:3]~[*:4]~[*:5]~[P&D4&v5&H0&+0&!R:6]>>[P&D4&v5&H0&+0&!R:2]-[O&D2&v2&H0&+0&!R:1].[P&D4&v5&H0&+0&!R:6]~[*:5]~[*:4]~[O&D1&v2&H1&+0&!R:3],637
2726,[O&D0&v2&H2&+0&!R:1].[P&D4&v5&H0&+0&!R:2]-[O&D2&v2&H0&+0&!R:3]-[P&D4&v5&H0&+0&!R:4]~[*:5]~[P&D4&v5&H0&+0&!R:6]>>[P&D4&v5&H0&+0&!R:2]-[O&D1&v2&H1&+0&!R:1].[P&D4&v5&H0&+0&!R:6]~[*:5]~[P&D4&v5&H0&+0&!R:4]-[O&D1&v2&H1&+0&!R:3],637
2727,[N&D1&v3&H2&+0&!R:1].[O&D1&v2&H0&+0&!R:2]=[C&D2&v4&H0&+0&!R&z2:3]>>[C&D3&v4&H0&+0&!R&z3:3](-[O&D1&v2&H1&+0&!R:2])-[N&D2&v3&H1&+0&!R:1],835
2728,[N&D1&v3&H2&+0&!R:1]-[c&D3&v4&H0&+0&R&z2:2].[O&D0&v2&H2&+0&!R:3]>>[N&D0&v3&H3&+0&!R:1].[c&D3&v4&H0&+0&R&z2:2]-[O&D1&v2&H1&+0&!R:3],587
2729,[O&D1&v2&H0&+0&!R:1]=[C&D3&v4&H0&+0&!R&z2:2]-[N&D2&v3&H1&+0&!R:3].[O&D1&v2&H1&+0&!R:4].[P&D4&v5&H0&+0&!R:5]-[O&D1&v2&H1&+0&!R:6]>>[N&D1&v3&H2&+0&!R:3].[O&D1&v2&H0&+0&!R:1]=[C&D3&v4&H0&+0&!R&z2:2]-[O&D1&v2&H1&+0&!R:6].[O&D2&v2&H0&+0&!R:4]-[P&D4&v5&H0&+0&!R:5],427
2730,[C&D3&v4&H0&+0&R&z2:1]-[N&D3&v3&H0&+0&R:2].[O&D1&v2&H1&+0&!R:3].[P&D4&v5&H0&+0&!R:4]-[O&D1&v2&H1&+0&!R:5]>>([C&D3&v4&H0&+0&!R&z2:1]-[O&D1&v2&H1&+0&!R:5].[N&D2&v3&H1&+0&R:2]).[O&D2&v2&H0&+0&!R:3]-[P&D4&v5&H0&+0&!R:4],97
2731,[C&D2&v4&H1&+0&!R&z0:1]=[C&D2&v4&H1&+0&!R&z0:2].[N&D1&v3&H2&+0&!R:3]>>[C&D2&v4&H2&+0&!R&z0:1]-[C&D3&v4&H1&+0&!R&z1:2]-[N&D2&v3&H1&+0&!R:3],875
2732,[O&D1&v2&H0&+0&!R:1]=[C&D3&v4&H0&+0&R&z2:2]-[N&D2&v3&H1&+0&R:3].[O&D1&v2&H1&+0&!R:4].[P&D4&v5&H0&+0&!R:5]-[O&D1&v2&H1&+0&!R:6]>>([C&D3&v4&H0&+0&!R&z2:2](=[O&D1&v2&H0&+0&!R:1])-[O&D1&v2&H1&+0&!R:6].[N&D1&v3&H2&+0&!R:3]).[O&D2&v2&H0&+0&!R:4]-[P&D4&v5&H0&+0&!R:5],97
2733,[O&D2&v2&H0&+0&!R:1]-[C&D2&v4&H2&+0&!R&z1:2].[P&D4&v5&H0&+0&!R:3]-[O&D1&v2&H1&+0&!R:4]>>[O&D1&v2&H1&+0&!R:4]-[C&D2&v4&H2&+0&!R&z1:2].[P&D4&v5&H0&+0&!R:3]-[O&D2&v2&H0&+0&!R:1],994
2734,([C&D3&v4&H1&+0&R&z1:1]-[O&D2&v2&H0&+0&!R:2].[O&D1&v2&H1&+0&!R:3]).[P&D4&v5&H0&+0&!R:4]-[O&D1&v2&H1&+0&!R:5]>>[O&D1&v2&H1&+0&!R:2].([C&D3&v4&H1&+0&R&z1:1]-[O&D1&v2&H1&+0&!R:5].[O&D2&v2&H0&+0&!R:3]-[P&D4&v5&H0&+0&!R:4]),869
2735,[O&D2&v2&H0&+0&!R:1]-[C&D3&v4&H1&+0&R&z1:2].[P&D4&v5&H0&+0&!R:3]-[O&D1&v2&H1&+0&!R:4]>>[C&D3&v4&H1&+0&R&z1:2]-[O&D1&v2&H1&+0&!R:4].[P&D4&v5&H0&+0&!R:3]-[O&D2&v2&H0&+0&!R:1],994
2736,[O&D2&v2&H0&+0&!R:1]-[c&D3&v4&H0&+0&R&z1:2].[P&D4&v5&H0&+0&!R:3]-[O&D1&v2&H1&+0&!R:4]>>[O&D1&v2&H1&+0&!R:4]-[c&D3&v4&H0&+0&R&z1:2].[P&D4&v5&H0&+0&!R:3]-[O&D2&v2&H0&+0&!R:1],994
2737,[O&D1&v2&H0&+0&!R:1]=[C&D3&v4&H0&+0&!R&z2:2]-[N&D2&v3&H1&+0&!R:3].[P&D4&v5&H0&+0&!R:4]-[O&D1&v2&H1&+0&!R:5].[P&D4&v5&H0&+0&!R:6]-[O&D1&v2&H1&+0&!R:7]>>[N&D1&v3&H2&+0&!R:3].[O&D1&v2&H0&+0&!R:1]=[C&D3&v4&H0&+0&!R&z2:2]-[O&D1&v2&H1&+0&!R:7].[P&D4&v5&H0&+0&!R:4]-[O&D2&v2&H0&+0&!R:5]-[P&D4&v5&H0&+0&!R:6],427
2738,[C&D3&v4&H0&+0&!R&z2:1]-[C&D2&v4&H2&+0&!R&z0:2].[P&D4&v5&H0&+0&!R:3]-[O&D1&v2&H1&+0&!R:4].[P&D4&v5&H0&+0&!R:5]-[O&D1&v2&H1&+0&!R:6]>>[C&D1&v4&H3&+0&!R&z0:2].[C&D3&v4&H0&+0&!R&z3:1]-[O&D1&v2&H1&+0&!R:6].[P&D4&v5&H0&+0&!R:3]-[O&D2&v2&H0&+0&!R:4]-[P&D4&v5&H0&+0&!R:5],299
2739,[O&D1&v2&H0&+0&!R:1]=[C&D3&v4&H0&+0&!R&z2:2]-[O&D1&v2&H1&+0&!R:3].[P&D4&v5&H0&+0&!R:4]-[O&D1&v2&H1&+0&!R:5].[P&D4&v5&H0&+0&!R:6]-[O&D1&v2&H1&+0&!R:7]>>[O&D0&v2&H2&+0&!R:3].[O&D1&v2&H0&+0&!R:1]=[C&D3&v4&H0&+0&!R&z2:2]-[O&D1&v2&H1&+0&!R:7].[P&D4&v5&H0&+0&!R:4]-[O&D2&v2&H0&+0&!R:5]-[P&D4&v5&H0&+0&!R:6],607
2740,[C&D3&v4&H0&+0&!R&z3:1]-[N&D2&v3&H1&+0&!R:2].[P&D4&v5&H0&+0&!R:3]-[O&D1&v2&H1&+0&!R:4].[P&D4&v5&H0&+0&!R:5]-[O&D1&v2&H1&+0&!R:6]>>[C&D3&v4&H0&+0&!R&z3:1]-[O&D1&v2&H1&+0&!R:6].[N&D1&v3&H2&+0&!R:2].[P&D4&v5&H0&+0&!R:3]-[O&D2&v2&H0&+0&!R:4]-[P&D4&v5&H0&+0&!R:5],427
2741,[C&D2&v4&H1&+0&!R&z2:1]-[N&D2&v3&H1&+0&!R:2].[P&D4&v5&H0&+0&!R:3]-[O&D1&v2&H1&+0&!R:4].[P&D4&v5&H0&+0&!R:5]-[O&D1&v2&H1&+0&!R:6]>>[C&D2&v4&H1&+0&!R&z2:1]-[O&D1&v2&H1&+0&!R:6].[N&D1&v3&H2&+0&!R:2].[P&D4&v5&H0&+0&!R:3]-[O&D2&v2&H0&+0&!R:4]-[P&D4&v5&H0&+0&!R:5],427
2742,[C&D2&v4&H1&+0&!R&z2:1]-[O&D2&v2&H0&+0&!R:2].[P&D4&v5&H0&+0&!R:3]-[O&D1&v2&H1&+0&!R:4]>>[C&D2&v4&H1&+0&!R&z2:1]-[O&D1&v2&H1&+0&!R:4].[P&D4&v5&H0&+0&!R:3]-[O&D2&v2&H0&+0&!R:2],994
2743,[O&D1&v2&H1&+0&!R:1].[O&D2&v2&H0&+0&!R:2]-[C&D3&v4&H1&+0&!R&z1:3].[P&D4&v5&H0&+0&!R:4]-[O&D1&v2&H1&+0&!R:5]>>[O&D0&v2&H2&+0&!R:5].[O&D2&v2&H0&+0&!R:1]-[C&D3&v4&H1&+0&!R&z1:3].[P&D4&v5&H0&+0&!R:4]-[O&D2&v2&H0&+0&!R:2],228
2744,[O&D1&v2&H1&+0&!R:1].[O&D2&v2&H0&+0&!R:2]-[C&D2&v4&H2&+0&!R&z1:3].[P&D4&v5&H0&+0&!R:4]-[O&D1&v2&H1&+0&!R:5]>>[O&D0&v2&H2&+0&!R:5].[O&D2&v2&H0&+0&!R:1]-[C&D2&v4&H2&+0&!R&z1:3].[P&D4&v5&H0&+0&!R:4]-[O&D2&v2&H0&+0&!R:2],228
2745,[O&D1&v2&H1&+0&!R:1]-[C&D4&v4&H0&+0&!R&z1:2].[P&D4&v5&H0&+0&!R:3]-[O&D1&v2&H1&+0&!R:4].[P&D4&v5&H0&+0&!R:5]-[O&D1&v2&H1&+0&!R:6]>>[O&D0&v2&H2&+0&!R:1].[O&D1&v2&H1&+0&!R:6]-[C&D4&v4&H0&+0&!R&z1:2].[P&D4&v5&H0&+0&!R:3]-[O&D2&v2&H0&+0&!R:4]-[P&D4&v5&H0&+0&!R:5],607
2746,[O&D1&v2&H1&+0&!R:1]-[C&D3&v4&H1&+0&R&z1:2].[P&D4&v5&H0&+0&!R:3]-[O&D1&v2&H1&+0&!R:4].[P&D4&v5&H0&+0&!R:5]-[O&D1&v2&H1&+0&!R:6]>>[O&D0&v2&H2&+0&!R:1].[O&D1&v2&H1&+0&!R:6]-[C&D3&v4&H1&+0&R&z1:2].[P&D4&v5&H0&+0&!R:3]-[O&D2&v2&H0&+0&!R:4]-[P&D4&v5&H0&+0&!R:5],607
2747,[O&D1&v2&H1&+0&!R:1]-[C&D2&v4&H2&+0&!R&z1:2].[P&D4&v5&H0&+0&!R:3]-[O&D1&v2&H1&+0&!R:4].[P&D4&v5&H0&+0&!R:5]-[O&D1&v2&H1&+0&!R:6]>>[O&D0&v2&H2&+0&!R:1].[O&D1&v2&H1&+0&!R:6]-[C&D2&v4&H2&+0&!R&z1:2].[P&D4&v5&H0&+0&!R:3]-[O&D2&v2&H0&+0&!R:4]-[P&D4&v5&H0&+0&!R:5],607
2748,[C&D3&v4&H1&+0&R&z1:1]-[O&D2&v2&H0&+0&!R:2].[O&D1&v2&H1&+0&!R:3].[P&D4&v5&H0&+0&!R:4]-[O&D1&v2&H1&+0&!R:5]>>[C&D3&v4&H1&+0&R&z1:1]-[O&D2&v2&H0&+0&!R:3].[O&D0&v2&H2&+0&!R:5].[P&D4&v5&H0&+0&!R:4]-[O&D2&v2&H0&+0&!R:2],228
2749,[C&D3&v4&H1&+0&!R&z2:1]-[O&D1&v2&H1&+0&!R:2].[P&D4&v5&H0&+0&!R:3]-[O&D1&v2&H1&+0&!R:4].[P&D4&v5&H0&+0&!R:5]-[O&D1&v2&H1&+0&!R:6]>>[C&D3&v4&H1&+0&!R&z2:1]-[O&D1&v2&H1&+0&!R:6].[O&D0&v2&H2&+0&!R:2].[P&D4&v5&H0&+0&!R:3]-[O&D2&v2&H0&+0&!R:4]-[P&D4&v5&H0&+0&!R:5],607
2750,[O&D2&v2&H0&+0&!R:1]-[C&D3&v4&H1&+0&R&z1:2].[P&D4&v5&H0&+0&!R:3]-[O&D1&v2&H1&+0&!R:4]>>[O&D1&v2&H1&+0&!R:4]-[C&D3&v4&H1&+0&R&z1:2].[P&D4&v5&H0&+0&!R:3]-[O&D2&v2&H0&+0&!R:1],994
2751,[C&D3&v4&H1&+0&R&z1:1]-[O&D2&v2&H0&+0&!R:2].[P&D4&v5&H0&+0&!R:3]-[O&D2&v2&H0&+0&!R:4]>>[C&D3&v4&H1&+0&R&z1:1]-[O&D2&v2&H0&+0&!R:4].[P&D4&v5&H0&+0&!R:3]-[O&D2&v2&H0&+0&!R:2],994
2752,[O&D2&v2&H0&+0&!R:1]-[C&D3&v4&H1&+0&R&z2:2].[P&D4&v5&H0&+0&!R:3]-[O&D1&v2&H1&+0&!R:4]>>[C&D3&v4&H1&+0&R&z2:2]-[O&D1&v2&H1&+0&!R:4].[P&D4&v5&H0&+0&!R:3]-[O&D2&v2&H0&+0&!R:1],994
2753,[C&D4&v4&H0&+0&R&z2:1]-[O&D2&v2&H0&+0&!R:2].[P&D4&v5&H0&+0&!R:3]-[O&D1&v2&H1&+0&!R:4]>>[C&D4&v4&H0&+0&R&z2:1]-[O&D1&v2&H1&+0&!R:4].[P&D4&v5&H0&+0&!R:3]-[O&D2&v2&H0&+0&!R:2],994
2754,[O&D1&v2&H1&+0&!R:1].([C&D3&v4&H1&+0&R&z2:2]-[O&D1&v2&H1&+0&!R:3].[P&D4&v5&H0&+0&!R:4]-[O&D2&v2&H0&+0&!R:5])>>[O&D0&v2&H2&+0&!R:3].[O&D2&v2&H0&+0&!R:1]-[P&D4&v5&H0&+0&!R:4].[O&D2&v2&H0&+0&R:5]-[C&D3&v4&H1&+0&R&z2:2],358
2755,[C&D3&v4&H1&+0&R&z2:1]-[O&D2&v2&H0&+0&!R:2].[P&D4&v5&H0&+0&!R:3]-[O&D2&v2&H0&+0&!R:4]>>[C&D3&v4&H1&+0&R&z2:1]-[O&D2&v2&H0&+0&!R:4].[P&D4&v5&H0&+0&!R:3]-[O&D2&v2&H0&+0&!R:2],994
2756,[*:1](~[O&D1&v2&H1&+0&!R:2])~[*:3]~[P&D4&v5&H0&+0&!R:4].[C&D2&v4&H2&+0&!R&z1:5]-[O&D2&v2&H0&+0&!R:6]~[*:7]~[O&D2&v2&H0&+0&!R:8]>>[*:7](~[O&D1&v2&H1&+0&!R:6])~[O&D2&v2&H0&+0&!R:8].[C&D2&v4&H2&+0&!R&z1:5]-[O&D2&v2&H0&+0&!R:2]~[*:1]~[*:3]~[P&D4&v5&H0&+0&!R:4],517
2757,[O&D1&v2&H1&+0&!R:1]-[C&D2&v4&H2&+0&!R&z1:2].[P&D4&v5&H0&+0&!R:3]-[O&D2&v2&H0&+0&!R:4]>>[O&D2&v2&H0&+0&!R:4]-[C&D2&v4&H2&+0&!R&z1:2].[P&D4&v5&H0&+0&!R:3]-[O&D1&v2&H1&+0&!R:1],994
2758,([C&D3&v4&H1&+0&R&z2:1]-[n&D3&v4&H0&+&R:2].[n&D2&v3&H0&+0&R:3])>>[n&D2&v3&H0&+0&R:2].[n&D3&v4&H0&+&R:3]-[C&D3&v4&H1&+0&R&z2:1],847
2759,[P&D4&v5&H0&+0&!R:1]-[O&D1&v2&H1&+0&!R:2].[P&D4&v5&H0&+0&!R:3]~[*:4]~[*:5]~[O&D1&v2&H1&+0&!R:6]>>[O&D0&v2&H2&+0&!R:2].[P&D4&v5&H0&+0&!R:3]~[*:4]~[*:5]~[O&D2&v2&H0&+0&!R:6]-[P&D4&v5&H0&+0&!R:1],637
2760,[O&D0&v2&H2&+0&!R:1].[O&D0&v2&H2&+0&!R:2].[O&D1&v2&H0&+0&!R:3]=[C&D3&v4&H0&+0&R&z2:4]-[N&D2&v3&H1&+0&R:5].[P&D4&v5&H0&+0&!R:6]-[O&D2&v2&H0&+0&!R:7]>>([C&D3&v4&H0&+0&!R&z2:4](=[O&D1&v2&H0&+0&!R:3])-[O&D1&v2&H1&+0&!R:1].[N&D1&v3&H2&+0&!R:5]).[O&D1&v2&H1&+0&!R:7].[P&D4&v5&H0&+0&!R:6]-[O&D1&v2&H1&+0&!R:2],816
2761,[O&D0&v2&H2&+0&!R:1].[O&D1&v2&H0&+0&!R:2]=[C&D3&v4&H0&+0&!R&z2:3]-[O&D1&v2&H1&+0&!R:4].[P&D4&v5&H0&+0&!R:5]-[O&D2&v2&H0&+0&!R:6]>>[O&D1&v2&H0&+0&!R:2]=[C&D3&v4&H0&+0&!R&z2:3]-[O&D1&v2&H1&+0&!R:1].[O&D1&v2&H1&+0&!R:6].[P&D4&v5&H0&+0&!R:5]-[O&D1&v2&H1&+0&!R:4],228
2762,[O&D0&v2&H2&+0&!R:1].[O&D1&v2&H1&+0&!R:2]-[C&D4&v4&H0&+0&!R&z1:3].[P&D4&v5&H0&+0&!R:4]-[O&D2&v2&H0&+0&!R:5]>>[O&D1&v2&H1&+0&!R:5].[O&D1&v2&H1&+0&!R:1]-[C&D4&v4&H0&+0&!R&z1:3].[P&D4&v5&H0&+0&!R:4]-[O&D1&v2&H1&+0&!R:2],228
2763,[O&D0&v2&H2&+0&!R:1].[O&D2&v2&H0&+0&!R:2]-[P&D4&v5&H0&+0&!R:3].[O&D2&v2&H0&+0&R:4]-[C&D3&v4&H1&+0&R&z2:5]>>[O&D1&v2&H1&+0&!R:2].([C&D3&v4&H1&+0&R&z2:5]-[O&D1&v2&H1&+0&!R:1].[P&D4&v5&H0&+0&!R:3]-[O&D2&v2&H0&+0&!R:4]),436
2764,[O&D0&v2&H2&+0&!R:1].[O&D1&v2&H1&+0&!R:2]-[C&D3&v4&H1&+0&R&z1:3].[P&D4&v5&H0&+0&!R:4]-[O&D2&v2&H0&+0&!R:5]>>[O&D1&v2&H1&+0&!R:5].[O&D1&v2&H1&+0&!R:1]-[C&D3&v4&H1&+0&R&z1:3].[P&D4&v5&H0&+0&!R:4]-[O&D1&v2&H1&+0&!R:2],228
2765,[O&D0&v2&H2&+0&!R:1].[O&D1&v2&H1&+0&!R:2]-[C&D2&v4&H2&+0&!R&z1:3].[P&D4&v5&H0&+0&!R:4]-[O&D2&v2&H0&+0&!R:5]>>[O&D1&v2&H1&+0&!R:5].[O&D1&v2&H1&+0&!R:1]-[C&D2&v4&H2&+0&!R&z1:3].[P&D4&v5&H0&+0&!R:4]-[O&D1&v2&H1&+0&!R:2],228
2766,[C&D3&v4&H1&+0&!R&z2:1]-[O&D1&v2&H1&+0&!R:2].[O&D0&v2&H2&+0&!R:3].[P&D4&v5&H0&+0&!R:4]-[O&D2&v2&H0&+0&!R:5]>>[C&D3&v4&H1&+0&!R&z2:1]-[O&D1&v2&H1&+0&!R:3].[O&D1&v2&H1&+0&!R:5].[P&D4&v5&H0&+0&!R:4]-[O&D1&v2&H1&+0&!R:2],228
2767,[O&D1&v2&H1&+0&!R:1].([C&D3&v4&H1&+0&R&z1:2]-[O&D1&v2&H1&+0&!R:3].[O&D2&v2&H0&+0&!R:4]-[P&D4&v5&H0&+0&!R:5])>>([C&D3&v4&H1&+0&R&z1:2]-[O&D2&v2&H0&+0&!R:1].[O&D1&v2&H1&+0&!R:4]).[P&D4&v5&H0&+0&!R:5]-[O&D1&v2&H1&+0&!R:3],895
2768,([C&D3&v4&H0&+0&!R&z2:1]-[O&D1&v2&H1&+0&!R:2].[N&D2&v3&H1&+0&R:3]).[P&D4&v5&H0&+0&!R:4]-[O&D2&v2&H0&+0&!R:5]-[P&D4&v5&H0&+0&!R:6]>>[C&D3&v4&H0&+0&R&z2:1]-[N&D3&v3&H0&+0&R:3].[P&D4&v5&H0&+0&!R:6]-[O&D1&v2&H1&+0&!R:5].[P&D4&v5&H0&+0&!R:4]-[O&D1&v2&H1&+0&!R:2],10
2769,[O&D1&v2&H0&+0&!R:1]=[C&D3&v4&H0&+0&!R&z2:2]-[O&D1&v2&H1&+0&!R:3].[O&D2&v2&H0&+0&!R:4]-[P&D4&v5&H0&+0&!R:5]>>[O&D2&v2&H0&+0&!R:4]-[C&D3&v4&H0&+0&!R&z2:2]=[O&D1&v2&H0&+0&!R:1].[P&D4&v5&H0&+0&!R:5]-[O&D1&v2&H1&+0&!R:3],994
2770,[C&D2&v4&H1&+0&!R&z2:1]-[O&D1&v2&H1&+0&!R:2].[P&D4&v5&H0&+0&!R:3]-[O&D2&v2&H0&+0&!R:4]>>[C&D2&v4&H1&+0&!R&z2:1]-[O&D2&v2&H0&+0&!R:4].[P&D4&v5&H0&+0&!R:3]-[O&D1&v2&H1&+0&!R:2],994
2771,[P&D4&v5&H0&+0&!R:1]-[O&D1&v2&H1&+0&!R:2].[P&D4&v5&H0&+0&!R:3]~[*:4]~[P&D4&v5&H0&+0&!R:5]-[O&D1&v2&H1&+0&!R:6]>>[O&D0&v2&H2&+0&!R:2].[P&D4&v5&H0&+0&!R:3]~[*:4]~[P&D4&v5&H0&+0&!R:5]-[O&D2&v2&H0&+0&!R:6]-[P&D4&v5&H0&+0&!R:1],637
2772,[C&D4&v4&H0&+0&R&z2:1]-[O&D1&v2&H1&+0&!R:2].[P&D4&v5&H0&+0&!R:3]-[O&D2&v2&H0&+0&!R:4]>>[C&D4&v4&H0&+0&R&z2:1]-[O&D2&v2&H0&+0&!R:4].[P&D4&v5&H0&+0&!R:3]-[O&D1&v2&H1&+0&!R:2],994
2773,[C&D3&v4&H1&+0&R&z2:1]-[O&D2&v2&H0&+0&!R:2].[N&D1&v3&H2&+0&!R:3]-[c&D3&v4&H0&+0&R&z2:4]:[n&D2&v3&H0&+0&R:5]>>[N&D1&v3&H1&+0&!R:3]=[c&D3&v4&H0&+0&R&z2:4]:[n&D3&v3&H0&+0&R:5]-[C&D3&v4&H1&+0&R&z2:1].[O&D1&v2&H1&+0&!R:2],731
2774,[C&D2&v4&H2&+0&!R&z1:1]-[O&D2&v2&H0&+0&!R:2]~[*:3]~[O&D2&v2&H0&+0&!R:4]-[P&D4&v5&H0&+0&!R:5].[O&D1&v2&H1&+0&!R:6]>>[*:3](~[O&D1&v2&H1&+0&!R:2])~[O&D2&v2&H0&+0&!R:4]-[P&D4&v5&H0&+0&!R:5].[C&D2&v4&H2&+0&!R&z1:1]-[O&D2&v2&H0&+0&!R:6],517
2775,[C&D3&v4&H1&+0&R&z1:1]-[O&D1&v2&H1&+0&!R:2].[P&D4&v5&H0&+0&!R:3]-[O&D2&v2&H0&+0&!R:4]>>[O&D2&v2&H0&+0&!R:4]-[C&D3&v4&H1&+0&R&z1:1].[P&D4&v5&H0&+0&!R:3]-[O&D1&v2&H1&+0&!R:2],994
2776,[C&D3&v4&H1&+0&R&z2:1]-[O&D1&v2&H1&+0&!R:2].[P&D4&v5&H0&+0&!R:3]-[O&D2&v2&H0&+0&!R:4]>>[O&D2&v2&H0&+0&!R:4]-[C&D3&v4&H1&+0&R&z2:1].[P&D4&v5&H0&+0&!R:3]-[O&D1&v2&H1&+0&!R:2],994
2777,[O&D1&v2&H1&+0&!R:1]-[c&D3&v4&H0&+0&R&z1:2].[P&D4&v5&H0&+0&!R:3]-[O&D2&v2&H0&+0&!R:4]>>[O&D2&v2&H0&+0&!R:4]-[c&D3&v4&H0&+0&R&z1:2].[P&D4&v5&H0&+0&!R:3]-[O&D1&v2&H1&+0&!R:1],994
2778,[O&D1&v2&H1&+0&!R:1].[P&D4&v5&H0&+0&!R:2]-[N&D1&v3&H2&+0&!R:3]>>[N&D0&v3&H3&+0&!R:3].[P&D4&v5&H0&+0&!R:2]-[O&D2&v2&H0&+0&!R:1],543
2779,[O&D0&v2&H2&+0&!R:1].[P&D4&v5&H0&+0&!R:2]-[N&D1&v3&H2&+0&!R:3]>>[N&D0&v3&H3&+0&!R:3].[P&D4&v5&H0&+0&!R:2]-[O&D1&v2&H1&+0&!R:1],543
2780,[C&D2&v4&H2&+0&!R&z1:1]-[S&D2&v2&H0&+0&!R:2].[O&D0&v2&H2&+0&!R:3]>>[C&D2&v4&H2&+0&!R&z1:1]-[O&D1&v2&H1&+0&!R:3].[S&D1&v2&H1&+0&!R:2],139
2781,[C&D3&v4&H0&+0&R&z1:1]-[O&D2&v2&H0&+0&R:2].[C&D3&v4&H0&+0&R&z1:3]-[O&D2&v2&H0&+0&R:4].[O&D0&v2&H2&+0&!R:5].[O&D0&v2&H2&+0&!R:6]>>([C&D2&v4&H1&+0&!R&z0:1].[O&D1&v2&H1&+0&!R:2]).([C&D2&v4&H1&+0&!R&z0:3].[O&D1&v2&H1&+0&!R:4]).[O&D1&v2&H0&+0&!R:5]=[O&D1&v2&H0&+0&!R:6],669
2782,[O&D0&v2&H2&+0&!R:1].[O&D1&v2&H0&+0&!R:2]=[C&D3&v4&H0&+0&!R&z2:3]-[O&D2&v2&H0&+0&!R:4]>>[O&D1&v2&H0&+0&!R:2]=[C&D3&v4&H0&+0&!R&z2:3]-[O&D1&v2&H1&+0&!R:1].[O&D1&v2&H1&+0&!R:4],517
2783,[O&D0&v2&H2&+0&!R:1].[O&D1&v2&H0&+0&!R:2]=[C&D3&v4&H0&+0&!R&z1:3]-[c&D3&v4&H0&+0&R&z0:4]>>[O&D1&v2&H0&+0&!R:2]=[C&D3&v4&H0&+0&!R&z2:3]-[O&D1&v2&H1&+0&!R:1].[c&D2&v4&H1&+0&R&z0:4],668
2784,[O&D0&v2&H2&+0&!R:1].[O&D1&v2&H0&+0&!R:2]=[C&D3&v4&H0&+0&!R&z1:3]-[C&D2&v4&H2&+0&!R&z0:4]>>[C&D3&v4&H1&+0&!R&z1:3](-[O&D1&v2&H1&+0&!R:2])-[C&D3&v4&H1&+0&!R&z1:4]-[O&D1&v2&H1&+0&!R:1],342
2785,[C&D2&v4&H1&+0&!R&z0:1]=[C&D2&v4&H1&+0&!R&z0:2]-[C&D2&v4&H2&+0&!R&z0:3]-[C&D3&v4&H0&+0&!R&z1:4].[O&D0&v2&H2&+0&!R:5]>>[C&D1&v4&H2&+0&!R&z0:3]=[C&D2&v4&H1&+0&!R&z0:2]-[C&D2&v4&H2&+0&!R&z0:1].[C&D3&v4&H0&+0&!R&z2:4]-[O&D1&v2&H1&+0&!R:5],855
2786,[C&D3&v4&H0&+0&!R&z1:1](=[O&D1&v2&H0&+0&!R:2])-[C&D2&v4&H2&+0&!R&z0:3].[O&D0&v2&H2&+0&!R:4]>>[C&D3&v4&H1&+0&!R&z1:3](-[O&D1&v2&H1&+0&!R:4])-[C&D3&v4&H1&+0&!R&z1:1]-[O&D1&v2&H1&+0&!R:2],342
2787,[C&D3&v4&H0&+0&!R&z1:1](=[O&D1&v2&H0&+0&!R:2])-[C&D2&v4&H2&+0&!R&z0:3].[O&D0&v2&H2&+0&!R:4]>>[C&D3&v4&H1&+0&!R&z1:1](-[O&D1&v2&H1&+0&!R:2])-[C&D3&v4&H1&+0&!R&z1:3]-[O&D1&v2&H1&+0&!R:4],342
2788,[C&D2&v4&H2&+0&!R&z1:1]-[P&D4&v5&H0&+0&!R:2].[O&D0&v2&H2&+0&!R:3]>>[C&D1&v4&H3&+0&!R&z0:1].[P&D4&v5&H0&+0&!R:2]-[O&D1&v2&H1&+0&!R:3],712
2789,[C&D3&v4&H0&+0&R&z2:1](=[O&D1&v2&H0&+0&!R:2])-[O&D2&v2&H0&+0&R:3].[O&D0&v2&H2&+0&!R:4]>>([O&D1&v2&H0&+0&!R:2]=[C&D3&v4&H0&+0&!R&z2:1]-[O&D1&v2&H1&+0&!R:4].[O&D1&v2&H1&+0&!R:3]),238
2790,[C&D3&v4&H0&+0&R&z0:1]=[C&D2&v4&H1&+0&R&z0:2].[O&D0&v2&H2&+0&!R:3]>>[C&D2&v4&H2&+0&R&z0:2]-[C&D4&v4&H0&+0&R&z1:1]-[O&D1&v2&H1&+0&!R:3],703
2791,[C&D3&v4&H0&+0&!R&z2:1]-[O&D1&v2&H1&+0&!R:2].[C&D3&v4&H0&+0&R&z1:3]=[C&D2&v4&H1&+0&R&z0:4].[O&D0&v2&H2&+0&!R:5].[O&D1&v2&H0&+0&!R:6]=[C&D2&v4&H0&+0&!R&z2:7]>>[C&D3&v4&H0&+0&!R&z1:1]-[C&D3&v4&H0&+0&!R&z2:7]-[O&D1&v2&H1&+0&!R:6].[C&D3&v4&H1&+0&R&z1:3]-[C&D2&v4&H2&+0&R&z0:4].[O&D1&v2&H0&+0&!R:2]=[O&D1&v2&H0&+0&!R:5],305
2792,[C&D3&v4&H0&+0&R&z1:1]=[N&D2&v3&H0&+0&R:2].[O&D0&v2&H2&+0&!R:3]>>([C&D3&v4&H0&+0&!R&z1:1]=[O&D1&v2&H0&+0&!R:3].[N&D1&v3&H2&+0&!R:2]),499
2793,[C&D3&v4&H0&+0&R&z1:1](=[N&D2&v3&H0&+0&R:2])-[C&D2&v4&H2&+0&R&z0:3].[O&D0&v2&H2&+0&!R:4]>>[C&D3&v4&H1&+0&R&z1:1](-[N&D2&v3&H1&+0&R:2])-[C&D3&v4&H1&+0&R&z1:3]-[O&D1&v2&H1&+0&!R:4],71
2794,[C&D2&v4&H2&+0&R&z0:1]-[C&D2&v4&H1&+0&R&z1:2]=[N&D2&v3&H0&+0&R:3].[O&D0&v2&H2&+0&!R:4]>>[C&D3&v4&H1&+0&R&z1:1](-[O&D1&v2&H1&+0&!R:4])-[C&D2&v4&H2&+0&R&z1:2]-[N&D2&v3&H1&+0&R:3],71
2795,[O&D0&v2&H2&+0&!R:1].[P&D4&v5&H0&+0&R:2]-[O&D2&v2&H0&+0&R:3]>>([O&D1&v2&H1&+0&!R:3].[P&D4&v5&H0&+0&!R:2]-[O&D1&v2&H1&+0&!R:1]),873
2796,[C&D2&v4&H1&+0&!R&z0:1]=[C&D3&v4&H0&+0&!R&z0:2]-[C&D2&v4&H1&+0&!R&z0:3]=[C&D3&v4&H0&+0&!R&z1:4]-[O&D1&v2&H1&+0&!R:5].[O&D0&v2&H2&+0&!R:6]>>[C&D2&v4&H2&+0&!R&z0:1]-[C&D4&v4&H0&+0&!R&z1:2](-[O&D1&v2&H1&+0&!R:6])-[C&D2&v4&H2&+0&!R&z0:3]-[C&D3&v4&H0&+0&!R&z1:4]=[O&D1&v2&H0&+0&!R:5],644
2797,[C&D2&v4&H1&+0&!R&z0:1]=[C&D3&v4&H0&+0&!R&z0:2].[O&D0&v2&H2&+0&!R:3]>>[C&D3&v4&H1&+0&!R&z0:2]-[C&D3&v4&H1&+0&!R&z1:1]-[O&D1&v2&H1&+0&!R:3],703
2798,[C&D2&v4&H1&+0&!R&z0:1]=[C&D3&v4&H0&+0&!R&z0:2].[O&D0&v2&H2&+0&!R:3]>>[C&D4&v4&H0&+0&!R&z1:2](-[O&D1&v2&H1&+0&!R:3])-[C&D2&v4&H2&+0&!R&z0:1],703
2799,[C&D2&v4&H1&+0&!R&z0:1]=[C&D3&v4&H0&+0&R&z1:2]-[O&D2&v2&H0&+0&R:3]-[C&D3&v4&H0&+0&R&z2:4].[O&D0&v2&H2&+0&!R:5]>>([C&D3&v4&H0&+0&!R&z1:2](=[O&D1&v2&H0&+0&!R:3])-[C&D2&v4&H2&+0&!R&z0:1].[C&D3&v4&H0&+0&!R&z2:4]-[O&D1&v2&H1&+0&!R:5]),420
2800,[C&D3&v4&H0&+0&!R&z1:1](=[O&D1&v2&H0&+0&!R:2])-[C&D2&v4&H1&+0&!R&z0:3].[O&D0&v2&H2&+0&!R:4]>>[C&D1&v4&H2&+0&!R&z0:3].[O&D1&v2&H0&+0&!R:2]=[C&D3&v4&H0&+0&!R&z2:1]-[O&D1&v2&H1&+0&!R:4],668
2801,[C&D3&v4&H0&+0&!R&z1:1]-[C&D2&v4&H2&+0&!R&z0:2].[O&D0&v2&H2&+0&!R:3]>>[C&D1&v4&H3&+0&!R&z0:2].[C&D3&v4&H0&+0&!R&z2:1]-[O&D1&v2&H1&+0&!R:3],668
2802,[C&D3&v4&H0&+0&!R&z1:1](=[O&D1&v2&H0&+0&!R:2])-[C&D2&v4&H2&+0&!R&z0:3].[O&D0&v2&H2&+0&!R:4]>>[C&D1&v4&H3&+0&!R&z0:3].[O&D1&v2&H0&+0&!R:2]=[C&D3&v4&H0&+0&!R&z2:1]-[O&D1&v2&H1&+0&!R:4],668
2803,[C&D2&v4&H2&+0&!R&z0:1]-[C&D3&v4&H0&+0&!R&z0:2]=[C&D2&v4&H1&+0&!R&z1:3].[O&D0&v2&H2&+0&!R:4]>>[C&D3&v4&H1&+0&!R&z1:1](-[O&D1&v2&H1&+0&!R:4])-[C&D3&v4&H1&+0&!R&z0:2]-[C&D2&v4&H2&+0&!R&z1:3],393
2804,[C&D3&v4&H0&+0&!R&z0:1]=[C&D2&v4&H1&+0&!R&z1:2].[O&D0&v2&H2&+0&!R:3]>>[C&D4&v4&H0&+0&!R&z1:1](-[O&D1&v2&H1&+0&!R:3])-[C&D2&v4&H2&+0&!R&z1:2],703
2805,[C&D2&v4&H2&+0&!R&z0:1]-[C&D3&v4&H0&+0&!R&z1:2].[O&D0&v2&H2&+0&!R:3]>>[C&D1&v4&H3&+0&!R&z0:1].[C&D3&v4&H0&+0&!R&z2:2]-[O&D1&v2&H1&+0&!R:3],668
2806,[C&D3&v4&H0&+0&R&z1:1](=[C&D2&v4&H1&+0&R&z0:2])-[O&D2&v2&H0&+0&R:3]-[C&D3&v4&H0&+0&R&z2:4].[O&D0&v2&H2&+0&!R:5]>>([C&D2&v4&H2&+0&!R&z0:2]-[C&D3&v4&H0&+0&!R&z1:1]=[O&D1&v2&H0&+0&!R:3].[C&D3&v4&H0&+0&!R&z2:4]-[O&D1&v2&H1&+0&!R:5]),420
2807,[C&D3&v4&H0&+0&!R&z2:1](=[O&D1&v2&H0&+0&!R:2])-[N&D2&v3&H1&+0&!R:3].[O&D0&v2&H2&+0&!R:4]>>[N&D1&v3&H2&+0&!R:3].[O&D1&v2&H0&+0&!R:2]=[C&D3&v4&H0&+0&!R&z2:1]-[O&D1&v2&H1&+0&!R:4],587
2808,[C&D3&v4&H0&+0&!R&z2:1]-[O&D1&v2&H1&+0&!R:2].[O&D0&v2&H2&+0&!R:3].[O&D1&v2&H0&+0&!R:4]=[C&D2&v4&H0&+0&!R&z2:5].[c&D3&v4&H0&+0&R&z1:6]1:[c&D3&v4&H0&+0&R&z1:7](-[O&D1&v2&H1&+0&!R:8]):[c&D3&v4&H0&+0&R&z1:9]:[o&D2&v2&H0&+0&R:10]:[c&D3&v4&H0&+0&R&z1:11]:[c&D3&v4&H0&+0&R&z0:12]:1>>[C&D3&v4&H0&+0&!R&z1:1]-[C&D3&v4&H0&+0&!R&z2:5]-[O&D1&v2&H1&+0&!R:4].[C&D3&v4&H0&+0&R&z1:6]1-[c&D3&v4&H0&+0&R&z0:12]:[c&D3&v4&H0&+0&R&z1:11]-[O&D2&v2&H0&+0&R:10]-[C&D3&v4&H1&+0&R&z1:9]-[C&D3&v4&H1&+0&R&z1:7]-1-[O&D1&v2&H1&+0&!R:8].[O&D1&v2&H0&+0&!R:3]=[O&D1&v2&H0&+0&!R:2],782
2809,[C&D3&v4&H0&+0&!R&z2:1]-[O&D1&v2&H1&+0&!R:2].[O&D0&v2&H2&+0&!R:3].[O&D1&v2&H0&+0&!R:4]=[C&D2&v4&H0&+0&!R&z2:5].[c&D3&v4&H0&+0&R&z1:6]1:[c&D2&v4&H1&+0&R&z0:7]:[c&D3&v4&H0&+0&R&z1:8]:[o&D2&v2&H0&+0&R:9]:[c&D3&v4&H0&+0&R&z1:10]:[c&D3&v4&H0&+0&R&z0:11]:1>>[C&D3&v4&H0&+0&!R&z1:1]-[C&D3&v4&H0&+0&!R&z2:5]-[O&D1&v2&H1&+0&!R:4].[C&D3&v4&H0&+0&R&z1:6]1-[C&D2&v4&H2&+0&R&z0:7]-[C&D3&v4&H1&+0&R&z1:8]-[O&D2&v2&H0&+0&R:9]-[c&D3&v4&H0&+0&R&z1:10]:[c&D3&v4&H0&+0&R&z0:11]-1.[O&D1&v2&H0&+0&!R:3]=[O&D1&v2&H0&+0&!R:2],782
2810,[C&D3&v4&H0&+0&!R&z2:1]-[O&D1&v2&H1&+0&!R:2].[C&D3&v4&H0&+0&R&z1:3]=[C&D3&v4&H0&+0&R&z1:4].[O&D0&v2&H2&+0&!R:5].[O&D1&v2&H0&+0&!R:6]=[C&D2&v4&H0&+0&!R&z2:7]>>[C&D3&v4&H0&+0&!R&z1:1]-[C&D3&v4&H0&+0&!R&z2:7]-[O&D1&v2&H1&+0&!R:6].[C&D3&v4&H1&+0&R&z1:4]-[C&D3&v4&H1&+0&R&z1:3].[O&D1&v2&H0&+0&!R:2]=[O&D1&v2&H0&+0&!R:5],305
2811,[C&D3&v4&H0&+0&!R&z1:1]=[C&D2&v4&H1&+0&!R&z0:2].[C&D3&v4&H0&+0&!R&z2:3]-[O&D1&v2&H1&+0&!R:4].[O&D0&v2&H2&+0&!R:5].[O&D1&v2&H0&+0&!R:6]=[C&D2&v4&H0&+0&!R&z2:7]>>[C&D3&v4&H0&+0&!R&z1:3]-[C&D3&v4&H0&+0&!R&z2:7]-[O&D1&v2&H1&+0&!R:6].[C&D3&v4&H1&+0&!R&z1:1]-[C&D2&v4&H2&+0&!R&z0:2].[O&D1&v2&H0&+0&!R:4]=[O&D1&v2&H0&+0&!R:5],305
2812,[O&D0&v2&H2&+0&!R:1].[c&D3&v4&H0&+0&R&z0:2]1:[c&D2&v4&H1&+0&R&z0:3]:[c&D2&v4&H1&+0&R&z0:4]:[c&D2&v4&H1&+0&R&z0:5]:[c&D2&v4&H1&+0&R&z0:6]:[c&D3&v4&H0&+0&R&z0:7]:1>>[C&D3&v4&H0&+0&R&z0:2]1=[C&D2&v4&H1&+0&R&z0:3]-[C&D2&v4&H1&+0&R&z0:4]=[C&D2&v4&H1&+0&R&z0:5]-[C&D3&v4&H1&+0&R&z1:6](-[O&D1&v2&H1&+0&!R:1])-[C&D3&v4&H1&+0&R&z0:7]-1,155
2813,[O&D0&v2&H2&+0&!R:1].([c&D3&v4&H0&+0&R&z1:2]-[C&D2&v4&H2&+0&R&z0:3].[c&D3&v4&H0&+0&R&z1:4]-[C&D2&v4&H2&+0&R&z0:5])>>([C&D2&v4&H2&+0&!R&z1:5]-[O&D1&v2&H1&+0&!R:1].[c&D2&v4&H1&+0&R&z1:2].[c&D3&v4&H0&+0&R&z1:4]-[C&D2&v4&H2&+0&!R&z0:3]),375
2814,[C&D2&v4&H2&+0&!R&z1:1]-[N&D2&v3&H1&+0&!R:2].[O&D0&v2&H2&+0&!R:3].[O&D1&v2&H0&+0&!R:4]=[O&D1&v2&H0&+0&!R:5]>>[N&D1&v3&H2&+0&!R:2].[O&D1&v2&H0&+0&!R:3]=[C&D2&v4&H1&+0&!R&z1:1].[O&D1&v2&H1&+0&!R:4]-[O&D1&v2&H1&+0&!R:5],792
2815,[O&D0&v2&H2&+0&!R:1].[c&D3&v4&H0&+0&R&z1:2]1:[c&D2&v4&H1&+0&R&z0:3]:[c&D3&v4&H0&+0&R&z1:4](-[O&D1&v2&H1&+0&!R:5]):[c&D3&v4&H0&+0&R&z0:6]:[c&D3&v4&H0&+0&R&z1:7]:[n&D2&v3&H0&+0&R:8]:1>>[N&D1&v3&H2&+0&!R:8]-[c&D3&v4&H0&+0&R&z1:7]:[c&D3&v4&H0&+0&R&z0:6]-[C&D3&v4&H0&+0&!R&z1:4](=[O&D1&v2&H0&+0&!R:5])-[C&D2&v4&H2&+0&!R&z0:3]-[C&D3&v4&H0&+0&!R&z1:2]=[O&D1&v2&H0&+0&!R:1],921
2816,[C&D3&v4&H0&+0&!R&z2:1](=[O&D1&v2&H0&+0&!R:2])-[O&D2&v2&H0&+0&!R:3].[O&D0&v2&H2&+0&!R:4]>>[O&D1&v2&H0&+0&!R:2]=[C&D3&v4&H0&+0&!R&z2:1]-[O&D1&v2&H1&+0&!R:4].[O&D1&v2&H1&+0&!R:3],517
2817,[O&D0&v2&H2&+0&!R:1].[c&D3&v4&H0&+0&R&z0:2]1:[c&D2&v4&H1&+0&R&z0:3]:[c&D2&v4&H1&+0&R&z0:4]:[c&D3&v4&H0&+0&R&z1:5]:[c&D3&v4&H0&+0&R&z1:6](-[O&D1&v2&H1&+0&!R:7]):[c&D2&v4&H1&+0&R&z0:8]:1>>[C&D3&v4&H0&+0&R&z0:2]1=[C&D2&v4&H1&+0&R&z0:8]-[C&D3&v4&H0&+0&R&z1:6](=[O&D1&v2&H0&+0&!R:7])-[C&D3&v4&H1&+0&R&z1:5]-[C&D3&v4&H1&+0&R&z1:4](-[O&D1&v2&H1&+0&!R:1])-[C&D2&v4&H2&+0&R&z0:3]-1,70
2818,[O&D0&v2&H2&+0&!R:1].[O&D1&v2&H0&+0&!R:2]=[O&D1&v2&H0&+0&!R:3].[c&D2&v4&H1&+0&R&z1:4]>>[O&D1&v2&H1&+0&!R:2]-[O&D1&v2&H1&+0&!R:3].[c&D3&v4&H0&+0&R&z2:4]-[O&D1&v2&H1&+0&!R:1],121
2819,[C&D3&v4&H0&+0&!R&z2:1]-[c&D3&v4&H0&+0&R&z1:2].[O&D0&v2&H2&+0&!R:3]>>[C&D3&v4&H0&+0&!R&z3:1]-[O&D1&v2&H1&+0&!R:3].[c&D2&v4&H1&+0&R&z1:2],668
2820,[O&D0&v2&H2&+0&!R:1].[c&D3&v4&H0&+0&R&z0:2]1:[c&D2&v4&H1&+0&R&z0:3]:[c&D2&v4&H1&+0&R&z0:4]:[c&D2&v4&H1&+0&R&z1:5]:[n&D2&v3&H0&+0&R:6]:[c&D3&v4&H0&+0&R&z1:7]:1>>[N&D1&v3&H2&+0&!R:6]-[C&D3&v4&H0&+0&!R&z1:7]=[C&D3&v4&H0&+0&!R&z0:2]-[C&D2&v4&H1&+0&!R&z0:3]=[C&D2&v4&H1&+0&!R&z0:4]-[C&D2&v4&H1&+0&!R&z1:5]=[O&D1&v2&H0&+0&!R:1],915
2821,([C&D3&v4&H0&+0&R&z1:1]-[O&D2&v2&H0&+0&R:2].[c&D3&v4&H0&+0&R&z1:3]-[O&D1&v2&H1&+0&!R:4]).[O&D0&v2&H2&+0&!R:5]>>([C&D2&v4&H1&+0&!R&z0:1].[O&D1&v2&H1&+0&!R:2].[c&D2&v4&H1&+0&R&z0:3]).[O&D1&v2&H0&+0&!R:4]=[O&D1&v2&H0&+0&!R:5],333
2822,[O&D0&v2&H2&+0&!R:1].[O&D1&v2&H0&+0&!R:2]=[C&D3&v4&H0&+0&R&z1:3]-[C&D3&v4&H1&+0&R&z1:4]>>([C&D2&v4&H2&+0&!R&z1:4].[O&D1&v2&H0&+0&!R:2]=[C&D3&v4&H0&+0&!R&z2:3]-[O&D1&v2&H1&+0&!R:1]),649
2823,[C&D3&v4&H0&+0&R&z2:1]-[O&D2&v2&H0&+0&R:2]-[C&D3&v4&H0&+0&R&z1:3]=[C&D2&v4&H1&+0&!R&z0:4].[O&D0&v2&H2&+0&!R:5]>>([C&D3&v4&H0&+0&!R&z1:3](=[O&D1&v2&H0&+0&!R:2])-[C&D2&v4&H2&+0&!R&z0:4].[C&D3&v4&H0&+0&!R&z2:1]-[O&D1&v2&H1&+0&!R:5]),420
2824,[C&D3&v4&H0&+0&R&z2:1]-[N&D2&v3&H1&+0&R:2].[O&D0&v2&H2&+0&!R:3]>>([C&D3&v4&H0&+0&!R&z2:1]-[O&D1&v2&H1&+0&!R:3].[N&D1&v3&H2&+0&!R:2]),496
2825,[O&D0&v2&H2&+0&!R:1].([O&D1&v2&H0&+0&!R:2]=[C&D3&v4&H0&+0&R&z1:3](-[C&D2&v4&H1&+0&R&z0:4]=[C&D2&v4&H1&+0&R&z0:5])-[C&D4&v4&H0&+0&R&z2:6](-[O&D2&v2&H0&+0&R:7])-[O&D1&v2&H1&+0&!R:8].[O&D1&v2&H1&+0&!R:9])>>([O&D1&v2&H0&+0&!R:8]=[C&D3&v4&H0&+0&R&z1:6]-[C&D3&v4&H1&+0&R&z1:3](-[C&D3&v4&H1&+0&R&z1:4](-[C&D3&v4&H1&+0&R&z1:5]-[O&D2&v2&H0&+0&R:9])-[O&D1&v2&H1&+0&!R:1])-[O&D1&v2&H1&+0&!R:2].[O&D1&v2&H1&+0&!R:7]),289
2826,[O&D0&v2&H2&+0&!R:1].[O&D1&v2&H0&+0&!R:2]=[C&D3&v4&H0&+0&R&z2:3]-[N&D2&v3&H1&+0&R:4]>>([C&D3&v4&H0&+0&!R&z2:3](=[O&D1&v2&H0&+0&!R:2])-[O&D1&v2&H1&+0&!R:1].[N&D1&v3&H2&+0&!R:4]),496
2827,[O&D0&v2&H2&+0&!R:1].[O&D1&v2&H0&+0&!R:2]=[C&D3&v4&H0&+0&R&z1:3]-[C&D2&v4&H2&+0&R&z0:4]>>[C&D3&v4&H1&+0&R&z1:3](-[O&D1&v2&H1&+0&!R:2])-[C&D3&v4&H1&+0&R&z1:4]-[O&D1&v2&H1&+0&!R:1],342
2828,[C&D3&v4&H0&+0&R&z1:1]-[C&D3&v4&H0&+0&R&z1:2].[O&D0&v2&H2&+0&!R:3]>>([C&D2&v4&H1&+0&!R&z1:2].[C&D3&v4&H0&+0&!R&z2:1]-[O&D1&v2&H1&+0&!R:3]),649
2829,[O&D0&v2&H2&+0&!R:1].[O&D1&v2&H0&+0&!R:2]=[C&D3&v4&H0&+0&R&z2:3]-[O&D2&v2&H0&+0&R:4]>>([O&D1&v2&H0&+0&!R:2]=[C&D3&v4&H0&+0&!R&z2:3]-[O&D1&v2&H1&+0&!R:1].[O&D1&v2&H1&+0&!R:4]),238
2830,[O&D0&v2&H2&+0&!R:1].[O&D1&v2&H0&+0&!R:2]=[C&D3&v4&H0&+0&R&z1:3]-[C&D2&v4&H2&+0&R&z0:4]>>([C&D1&v4&H3&+0&!R&z0:4].[C&D3&v4&H0&+0&!R&z2:3](=[O&D1&v2&H0&+0&!R:2])-[O&D1&v2&H1&+0&!R:1]),649
2831,[C&D3&v4&H0&+0&R&z1:1]-[C&D3&v4&H0&+0&R&z1:2]=[O&D1&v2&H0&+0&!R:3].[O&D0&v2&H2&+0&!R:4]>>([C&D2&v4&H1&+0&!R&z1:1].[C&D3&v4&H0&+0&!R&z2:2](=[O&D1&v2&H0&+0&!R:3])-[O&D1&v2&H1&+0&!R:4]),649
2832,[C&D2&v4&H1&+0&R&z0:1]=[C&D3&v4&H0&+0&R&z1:2].[O&D0&v2&H2&+0&!R:3]>>[C&D3&v4&H1&+0&R&z1:1](-[O&D1&v2&H1&+0&!R:3])-[C&D3&v4&H1&+0&R&z1:2],703
2833,[O&D0&v2&H2&+0&!R:1].[O&D1&v2&H0&+0&!R:2]=[C&D3&v4&H0&+0&R&z2:3](-[O&D2&v2&H0&+0&R:4])-[C&D3&v4&H0&+0&R&z1:5]=[C&D3&v4&H0&+0&R&z1:6]-[O&D1&v2&H1&+0&!R:7]>>([O&D1&v2&H0&+0&!R:2]=[C&D3&v4&H0&+0&!R&z2:3](-[O&D1&v2&H1&+0&!R:1])-[C&D3&v4&H1&+0&!R&z1:5]-[C&D3&v4&H0&+0&!R&z1:6]=[O&D1&v2&H0&+0&!R:7].[O&D1&v2&H1&+0&!R:4]),176
2834,[N&D2&v3&H0&+0&!R:1]=[C&D2&v4&H1&+0&!R&z1:2].[O&D0&v2&H2&+0&!R:3].[O&D1&v2&H0&+0&!R:4]=[C&D2&v4&H0&+0&!R&z2:5]>>[C&D3&v4&H0&+0&!R&z2:5](-[O&D1&v2&H1&+0&!R:4])-[C&D3&v4&H1&+0&!R&z1:2]-[N&D3&v3&H0&+0&!R:1]-[O&D1&v2&H1&+0&!R:3],317
2835,[O&D0&v2&H2&+0&!R:1].[O&D1&v2&H0&+0&!R:2]=[C&D2&v4&H0&+0&!R&z2:3]>>[C&D3&v4&H0&+0&!R&z3:3](-[O&D1&v2&H1&+0&!R:2])-[O&D1&v2&H1&+0&!R:1],250
2836,[C&D2&v4&H0&+0&!R&z2:1]=[S&D1&v2&H0&+0&!R:2].[O&D0&v2&H2&+0&!R:3]>>[O&D1&v2&H0&+0&!R:3]=[C&D2&v4&H0&+0&!R&z2:1].[S&D0&v2&H2&+0&!R:2],215
2837,[O&D0&v2&H2&+0&!R:1].([C&D3&v4&H1&+0&R&z1:2]-[O&D2&v2&H0&+0&R:3].[O&D1&v2&H0&+0&!R:4]=[C&D2&v4&H1&+0&!R&z1:5].[O&D1&v2&H1&+0&!R:6])>>([C&D3&v4&H1&+0&R&z1:2]-[O&D1&v2&H1&+0&!R:1].[O&D1&v2&H1&+0&!R:3].[O&D2&v2&H0&+0&R:6]-[C&D3&v4&H1&+0&R&z2:5]-[O&D1&v2&H1&+0&!R:4]),946
2838,[O&D0&v2&H2&+0&!R:1].[O&D1&v2&H0&+0&!R:2]=[C&D2&v4&H1&+0&!R&z1:3]-[C&D3&v4&H1&+0&!R&z2:4]-[N&D2&v3&H1&+0&!R:5]>>[N&D1&v3&H2&+0&!R:5].[O&D1&v2&H0&+0&!R:1]=[C&D3&v4&H0&+0&!R&z2:4]-[C&D2&v4&H2&+0&!R&z1:3]-[O&D1&v2&H1&+0&!R:2],267
2839,[O&D0&v2&H2&+0&!R:1].([C&D3&v4&H0&+0&R&z2:2]=[O&D1&v2&H0&+0&!R:3].[O&D1&v2&H0&+0&!R:4]=[C&D2&v4&H1&+0&!R&z1:5])>>([C&D3&v4&H1&+0&R&z2:2]-[O&D1&v2&H1&+0&!R:3].[O&D1&v2&H0&+0&!R:4]=[C&D3&v4&H0&+0&!R&z2:5]-[O&D1&v2&H1&+0&!R:1]),342
2840,[C&D2&v4&H1&+0&!R&z1:1]=[N&D2&v3&H0&+0&!R:2].[O&D0&v2&H2&+0&!R:3]>>[N&D1&v3&H2&+0&!R:2].[O&D1&v2&H0&+0&!R:3]=[C&D2&v4&H1&+0&!R&z1:1],195
2841,[C&D2&v4&H1&+0&!R&z1:1]-[C&D2&v4&H1&+0&!R&z1:2]=[O&D1&v2&H0&+0&!R:3].[O&D0&v2&H2&+0&!R:4]>>[C&D3&v4&H0&+0&!R&z2:1](-[O&D1&v2&H1&+0&!R:4])-[C&D2&v4&H2&+0&!R&z1:2]-[O&D1&v2&H1&+0&!R:3],342
2842,[O&D0&v2&H2&+0&!R:1].[O&D1&v2&H0&+0&!R:2]=[C&D2&v4&H1&+0&!R&z1:3].[O&D1&v2&H0&+0&!R:4]=[O&D1&v2&H0&+0&!R:5]>>[C&D3&v4&H0&+0&!R&z2:3](=[O&D1&v2&H0&+0&!R:2])-[O&D1&v2&H1&+0&!R:1].[O&D1&v2&H1&+0&!R:4]-[O&D1&v2&H1&+0&!R:5],121
2843,[O&D0&v2&H2&+0&!R:1].[O&D1&v2&H0&+0&!R:2]=[C&D2&v4&H1&+0&!R&z1:3]-[C&D2&v4&H2&+0&!R&z0:4]>>[C&D3&v4&H1&+0&!R&z1:4](-[O&D1&v2&H1&+0&!R:1])-[C&D2&v4&H2&+0&!R&z1:3]-[O&D1&v2&H1&+0&!R:2],342
2844,[O&D0&v2&H2&+0&!R:1].[O&D1&v2&H0&+0&!R:2]=[C&D2&v4&H1&+0&!R&z1:3]-[C&D2&v4&H2&+0&!R&z0:4]>>[O&D1&v2&H1&+0&!R:2]-[C&D2&v4&H2&+0&!R&z1:3]-[C&D3&v4&H1&+0&!R&z1:4]-[O&D1&v2&H1&+0&!R:1],342
2845,[O&D0&v2&H2&+0&!R:1].[O&D1&v2&H0&+0&!R:2]=[C&D2&v4&H1&+0&!R&z1:3].[O&D1&v2&H0&+0&!R:4]=[O&D1&v2&H0&+0&!R:5]>>[O&D1&v2&H0&+0&!R:2]=[C&D3&v4&H0&+0&!R&z2:3]-[O&D1&v2&H1&+0&!R:1].[O&D1&v2&H1&+0&!R:4]-[O&D1&v2&H1&+0&!R:5],121
2846,[C&D2&v4&H1&+0&!R&z2:1]-[N&D2&v3&H1&+0&!R:2].[O&D0&v2&H2&+0&!R:3]>>[C&D2&v4&H1&+0&!R&z2:1]-[O&D1&v2&H1&+0&!R:3].[N&D1&v3&H2&+0&!R:2],587
2847,[O&D0&v2&H2&+0&!R:1].[O&D1&v2&H0&+0&!R:2]=[C&D2&v4&H1&+0&!R&z2:3]-[N&D2&v3&H1&+0&!R:4]>>[N&D1&v3&H2&+0&!R:4].[O&D1&v2&H0&+0&!R:2]=[C&D2&v4&H1&+0&!R&z2:3]-[O&D1&v2&H1&+0&!R:1],587
2848,[O&D0&v2&H2&+0&!R:1].[O&D1&v2&H0&+0&!R:2]=[C&D2&v4&H1&+0&!R&z1:3]>>[C&D3&v4&H1&+0&!R&z2:3](-[O&D1&v2&H1&+0&!R:2])-[O&D1&v2&H1&+0&!R:1],250
2849,[O&D0&v2&H2&+0&!R:1].[O&D1&v2&H0&+0&!R:2]=[O&D1&v2&H0&+0&!R:3].[S&D3&v4&H0&+0&!R:4]>>[O&D1&v2&H0&+0&!R:1]=[S&D4&v6&H0&+0&!R:4].[O&D1&v2&H1&+0&!R:2]-[O&D1&v2&H1&+0&!R:3],510
2850,[O&D0&v2&H2&+0&!R:1].[O&D2&v2&H0&+0&!R:2]-[C&D3&v4&H1&+0&R&z1:3]>>[O&D1&v2&H1&+0&!R:2].[O&D1&v2&H1&+0&!R:1]-[C&D3&v4&H1&+0&R&z1:3],517
2851,[C&D3&v4&H1&+0&R&z2:1]-[O&D2&v2&H0&+0&R:2].[O&D0&v2&H2&+0&!R:3]>>([C&D3&v4&H1&+0&R&z2:1]-[O&D1&v2&H1&+0&!R:3].[O&D1&v2&H1&+0&!R:2]),238
2852,[O&D0&v2&H2&+0&!R:1].[S&D4&v6&H0&+0&!R:2]-[N&D2&v3&H1&+0&!R:3]>>[N&D1&v3&H2&+0&!R:3].[S&D4&v6&H0&+0&!R:2]-[O&D1&v2&H1&+0&!R:1],860
2853,[O&D0&v2&H2&+0&!R:1].[S&D4&v6&H0&+0&!R:2]-[S&D2&v2&H0&+0&!R:3]>>[S&D1&v2&H1&+0&!R:3].[S&D4&v6&H0&+0&!R:2]-[O&D1&v2&H1&+0&!R:1],956
2854,[O&D0&v2&H2&+0&!R:1].[S&D3&v4&H0&+0&!R:2]-[c&D3&v4&H0&+0&R&z1:3]>>[S&D3&v4&H0&+0&!R:2]-[O&D1&v2&H1&+0&!R:1].[c&D2&v4&H1&+0&R&z0:3],330
2855,[O&D0&v2&H2&+0&!R:1].[c&D3&v4&H0&+0&R&z0:2]-[C&D3&v4&H1&+0&R&z1:3]>>[C&D3&v4&H1&+0&R&z2:3]-[O&D1&v2&H1&+0&!R:1].[c&D2&v4&H1&+0&R&z0:2],668
2856,[O&D0&v2&H2&+0&!R:1].[c&D3&v4&H0&+0&R&z1:2]1:[c&D3&v4&H0&+0&R&z0:3]:[c&D2&v4&H1&+0&R&z1:4]:[o&D2&v2&H0&+0&R:5]:[c&D3&v4&H0&+0&R&z1:6]:[c&D3&v4&H0&+0&R&z0:7]:1>>[C&D3&v4&H0&+0&R&z1:2]1-[c&D3&v4&H0&+0&R&z0:7]:[c&D3&v4&H0&+0&R&z1:6]-[O&D2&v2&H0&+0&R:5]-[C&D3&v4&H1&+0&R&z2:4](-[O&D1&v2&H1&+0&!R:1])-[C&D3&v4&H1&+0&R&z0:3]-1,74
2857,[C&D2&v4&H2&+0&!R&z1:1]-[S&D4&v6&H0&+0&!R:2]=[O&D1&v2&H0&+0&!R:3].[O&D0&v2&H2&+0&!R:4]>>[C&D2&v4&H2&+0&!R&z1:1]-[O&D1&v2&H1&+0&!R:4].[S&D3&v4&H0&+0&!R:2]-[O&D1&v2&H1&+0&!R:3],936
2858,[O&D0&v2&H2&+0&!R:1].[c&D3&v4&H0&+0&R&z0:2]-[C&D2&v4&H2&+0&R&z1:3]-[N&D2&v3&H1&+0&R:4]>>[C&D1&v4&H2&+0&!R&z1:3]=[O&D1&v2&H0&+0&!R:1].([N&D1&v3&H2&+0&!R:4].[c&D2&v4&H1&+0&R&z0:2]),853
2859,[C&D3&v4&H1&+0&R&z1:1](-[N&D2&v3&H1&+0&R:2])-[c&D3&v4&H0&+0&R&z0:3].[O&D0&v2&H2&+0&!R:4]>>([N&D1&v3&H2&+0&!R:2].[c&D2&v4&H1&+0&R&z0:3]).[O&D1&v2&H0&+0&!R:4]=[C&D2&v4&H1&+0&!R&z1:1],853
2860,[O&D0&v2&H2&+0&!R:1].[O&D1&v2&H1&+0&!R:2]-[c&D3&v4&H0&+0&R&z1:3]1:[c&D2&v4&H1&+0&R&z0:4]:[c&D2&v4&H1&+0&R&z1:5]:[n&D2&v3&H0&+0&R:6]:[c&D3&v4&H0&+0&R&z1:7]:[c&D3&v4&H0&+0&R&z0:8]:1>>[N&D1&v3&H2&+0&!R:6]-[c&D3&v4&H0&+0&R&z1:7]:[c&D3&v4&H0&+0&R&z0:8]-[C&D3&v4&H0&+0&!R&z1:3](=[O&D1&v2&H0&+0&!R:2])-[C&D2&v4&H2&+0&!R&z0:4]-[C&D2&v4&H1&+0&!R&z1:5]=[O&D1&v2&H0&+0&!R:1],921
2861,[O&D0&v2&H2&+0&!R:1].[S&D1&v2&H0&+0&!R:2]=[C&D2&v4&H0&+0&!R&z2:3]>>[O&D1&v2&H0&+0&!R:1]=[C&D2&v4&H0&+0&!R&z2:3].[S&D0&v2&H2&+0&!R:2],215
2862,[C&D3&v4&H0&+0&!R&z2:1]-[C&D2&v4&H2&+0&!R&z0:2].[O&D0&v2&H2&+0&!R:3]>>[C&D1&v4&H3&+0&!R&z0:2].[C&D3&v4&H0&+0&!R&z3:1]-[O&D1&v2&H1&+0&!R:3],668
2863,[C&D3&v4&H1&+0&!R&z1:1]-[C&D2&v4&H2&+0&!R&z1:2]-[O&D1&v2&H1&+0&!R:3]>>[C&D1&v4&H2&+0&!R&z1:2]=[O&D1&v2&H0&+0&!R:3].[C&D2&v4&H2&+0&!R&z1:1],1009
2864,([O&D1&v2&H0&+0&!R:1]=[C&D3&v4&H0&+0&!R&z1:2]-[C&D3&v4&H1&+0&!R&z1:3].[O&D1&v2&H1&+0&!R:4])>>[O&D2&v2&H0&+0&R:4]-[C&D4&v4&H0&+0&R&z2:3]-[C&D3&v4&H1&+0&R&z1:2]-[O&D1&v2&H1&+0&!R:1],380
2865,[O&D1&v2&H0&+0&!R:1]=[C&D3&v4&H0&+0&!R&z2:2]-[C&D2&v4&H1&+0&!R&z0:3]=[C&D2&v4&H1&+0&!R&z0:4]-[C&D2&v4&H1&+0&!R&z0:5]=[C&D3&v4&H0&+0&!R&z1:6]-[C&D3&v4&H0&+0&!R&z2:7]=[O&D1&v2&H0&+0&!R:8]>>[O&D1&v2&H0&+0&!R:1]=[O&D1&v2&H0&+0&!R:8].[c&D3&v4&H0&+0&R&z1:2]1:[c&D2&v4&H1&+0&R&z0:3]:[c&D2&v4&H1&+0&R&z0:4]:[c&D2&v4&H1&+0&R&z0:5]:[c&D3&v4&H0&+0&R&z1:6]:[c&D3&v4&H0&+0&R&z1:7]:1,582
2866,([C&D2&v4&H1&+0&!R&z0:1].[O&D1&v2&H1&+0&!R:2]).([C&D2&v4&H1&+0&!R&z0:3].[O&D1&v2&H1&+0&!R:4]).[O&D1&v2&H0&+0&!R:5]=[O&D1&v2&H0&+0&!R:6]>>[C&D3&v4&H0&+0&R&z1:1]-[O&D2&v2&H0&+0&R:2].[C&D3&v4&H0&+0&R&z1:3]-[O&D2&v2&H0&+0&R:4].[O&D0&v2&H2&+0&!R:5].[O&D0&v2&H2&+0&!R:6],870
2867,([C&D2&v4&H1&+0&!R&z0:1].[O&D1&v2&H1&+0&!R:2].[c&D2&v4&H1&+0&R&z0:3]).[O&D1&v2&H0&+0&!R:4]=[O&D1&v2&H0&+0&!R:5]>>([C&D3&v4&H0&+0&R&z1:1]-[O&D2&v2&H0&+0&R:2].[c&D3&v4&H0&+0&R&z1:3]-[O&D1&v2&H1&+0&!R:4]).[O&D0&v2&H2&+0&!R:5],944
2868,([C&D2&v4&H1&+0&!R&z0:1]=[C&D2&v4&H1&+0&!R&z0:2].[O&D1&v2&H1&+0&!R:3])>>[C&D2&v4&H2&+0&R&z0:1]-[C&D3&v4&H1&+0&R&z1:2]-[O&D2&v2&H0&+0&R:3],412
2869,[O&D1&v2&H0&+0&!R:1]=[C&D3&v4&H0&+0&!R&z1:2]-[C&D2&v4&H2&+0&!R&z1:3]-[O&D1&v2&H1&+0&!R:4]>>[O&D1&v2&H0&+0&!R:4]=[C&D2&v4&H1&+0&!R&z1:3]-[C&D3&v4&H1&+0&!R&z1:2]-[O&D1&v2&H1&+0&!R:1],693
2870,[C&D3&v4&H0&+0&!R&z1:1]-[C&D4&v4&H0&+0&!R&z1:2]-[O&D1&v2&H1&+0&!R:3].[O&D1&v2&H0&+0&!R:4]=[C&D2&v4&H1&+0&!R&z1:5]>>[C&D3&v4&H0&+0&!R&z1:1]-[C&D3&v4&H1&+0&!R&z1:5]-[O&D1&v2&H1&+0&!R:4].[O&D1&v2&H0&+0&!R:3]=[C&D3&v4&H0&+0&!R&z1:2],837
2871,[O&D1&v2&H0&+0&!R:1]=[C&D3&v4&H0&+0&!R&z1:2].[O&D1&v2&H1&+0&!R:3]-[O&D1&v2&H1&+0&!R:4]>>[C&D3&v4&H1&+0&!R&z1:2]-[O&D1&v2&H1&+0&!R:1].[O&D1&v2&H0&+0&!R:3]=[O&D1&v2&H0&+0&!R:4],824
2872,[C&D3&v4&H0&+0&!R&z1:1]-[C&D3&v4&H1&+0&!R&z1:2]-[O&D1&v2&H1&+0&!R:3].[O&D1&v2&H0&+0&!R:4]=[C&D2&v4&H1&+0&!R&z1:5]>>[C&D3&v4&H0&+0&!R&z1:1]-[C&D3&v4&H1&+0&!R&z1:5]-[O&D1&v2&H1&+0&!R:4].[O&D1&v2&H0&+0&!R:3]=[C&D2&v4&H1&+0&!R&z1:2],837
2873,([O&D1&v2&H0&+0&!R:1]=[C&D2&v4&H1&+0&!R&z1:2].[O&D1&v2&H1&+0&!R:3]).[O&D1&v2&H0&+0&!R:4]=[C&D3&v4&H0&+0&!R&z1:5]-[C&D3&v4&H1&+0&!R&z1:6]-[C&D3&v4&H1&+0&!R&z1:7]-[O&D1&v2&H1&+0&!R:8]>>[O&D1&v2&H0&+0&!R:8]=[C&D2&v4&H1&+0&!R&z1:7].[O&D2&v2&H0&+0&R:3]-[C&D4&v4&H0&+0&R&z2:5](-[O&D1&v2&H1&+0&!R:4])-[C&D3&v4&H1&+0&R&z1:6]-[C&D3&v4&H1&+0&R&z1:2]-[O&D1&v2&H1&+0&!R:1],625
2874,([C&D3&v4&H1&+0&!R&z1:1](-[O&D1&v2&H1&+0&!R:2])-[C&D2&v4&H2&+0&!R&z1:3]-[O&D2&v2&H0&+0&!R:4].[O&D1&v2&H0&+0&!R:5]=[C&D3&v4&H0&+0&!R&z1:6])>>[O&D1&v2&H0&+0&!R:2]=[C&D3&v4&H0&+0&R&z1:1]-[C&D2&v4&H2&+0&R&z0:3]-[C&D4&v4&H0&+0&R&z1:6]-[O&D1&v2&H1&+0&!R:5].[O&D1&v2&H1&+0&!R:4],372
2875,[C&D3&v4&H1&+0&!R&z1:1]-[O&D1&v2&H1&+0&!R:2].[O&D1&v2&H0&+0&!R:3]=[O&D1&v2&H0&+0&!R:4]>>[O&D1&v2&H0&+0&!R:2]=[C&D3&v4&H0&+0&!R&z1:1].[O&D1&v2&H1&+0&!R:3]-[O&D1&v2&H1&+0&!R:4],197
2876,[C&D3&v4&H0&+0&!R&z1:1](-[C&D2&v4&H2&+0&!R&z1:2]-[O&D1&v2&H1&+0&!R:3])-[C&D3&v4&H1&+0&!R&z1:4]-[O&D1&v2&H1&+0&!R:5].[O&D1&v2&H1&+0&!R:6]>>[C&D1&v4&H3&+0&!R&z0:2]-[C&D3&v4&H0&+0&!R&z2:1]-[O&D2&v2&H0&+0&!R:6].[O&D0&v2&H2&+0&!R:3].[O&D1&v2&H0&+0&!R:5]=[C&D2&v4&H1&+0&!R&z1:4],198
2877,[C&D2&v4&H2&+0&!R&z1:1].[O&D1&v2&H0&+0&!R:2]=[C&D2&v4&H0&+0&!R&z2:3]>>[C&D3&v4&H0&+0&!R&z2:3](-[O&D1&v2&H1&+0&!R:2])-[C&D3&v4&H1&+0&!R&z1:1],439
2878,([O&D1&v2&H0&+0&!R:1]=[C&D3&v4&H0&+0&!R&z1:2]-[C&D2&v4&H2&+0&!R&z1:3].[O&D1&v2&H1&+0&!R:4])>>[O&D2&v2&H0&+0&R:4]-[C&D3&v4&H1&+0&R&z2:3]-[C&D3&v4&H1&+0&R&z1:2]-[O&D1&v2&H1&+0&!R:1],380
2879,[C&D3&v4&H0&+0&!R&z1:1]-[C&D3&v4&H1&+0&!R&z1:2]-[O&D1&v2&H1&+0&!R:3].[O&D1&v2&H0&+0&!R:4]=[C&D3&v4&H0&+0&!R&z1:5]>>[C&D3&v4&H0&+0&!R&z1:1]-[C&D4&v4&H0&+0&!R&z1:5]-[O&D1&v2&H1&+0&!R:4].[O&D1&v2&H0&+0&!R:3]=[C&D2&v4&H1&+0&!R&z1:2],837
2880,[C&D3&v4&H1&+0&!R&z1:1](-[O&D1&v2&H1&+0&!R:2])-[C&D2&v4&H2&+0&!R&z1:3].([C&D2&v4&H2&+0&!R&z1:4]-[O&D2&v2&H0&+0&!R:5]-[P&D4&v5&H0&+0&!R:6].[O&D1&v2&H0&+0&!R:7]=[C&D3&v4&H0&+0&!R&z1:8])>>[C&D2&v4&H2&+0&!R&z1:3]-[C&D3&v4&H1&+0&R&z1:4]-[O&D2&v2&H0&+0&R:5]-[C&D4&v4&H0&+0&R&z2:8]-[O&D1&v2&H1&+0&!R:7].[C&D2&v4&H2&+0&!R&z1:1]-[O&D2&v2&H0&+0&!R:2]-[P&D4&v5&H0&+0&!R:6],313
2881,[C&D3&v4&H1&+0&!R&z1:1].[O&D1&v2&H0&+0&!R:2]=[C&D2&v4&H0&+0&!R&z2:3]>>[C&D3&v4&H0&+0&!R&z2:3](-[O&D1&v2&H1&+0&!R:2])-[C&D4&v4&H0&+0&!R&z1:1],439
2882,[C&D3&v4&H0&+0&!R&z1:1](-[C&D2&v4&H2&+0&!R&z1:2])-[C&D3&v4&H1&+0&!R&z1:3]-[C&D2&v4&H2&+0&!R&z1:4]>>[C&D3&v4&H0&+0&!R&z1:1](-[C&D2&v4&H2&+0&!R&z1:4])-[C&D3&v4&H1&+0&!R&z1:3]-[C&D2&v4&H2&+0&!R&z1:2],948
2883,[C&D2&v4&H1&+0&!R&z1:1]-[C&D3&v4&H1&+0&!R&z1:2].[C&D2&v4&H2&+0&!R&z1:3]>>[C&D1&v4&H2&+0&!R&z1:1].[C&D3&v4&H1&+0&!R&z1:3]-[C&D3&v4&H1&+0&!R&z1:2],686
2884,([O&D1&v2&H0&+0&!R:1]=[C&D2&v4&H1&+0&!R&z1:2].[O&D1&v2&H1&+0&!R:3]).[O&D1&v2&H0&+0&!R:4]=[C&D3&v4&H0&+0&!R&z1:5]-[C&D2&v4&H2&+0&!R&z1:6]>>[O&D2&v2&H0&+0&R:3]-[C&D4&v4&H0&+0&R&z2:5](-[O&D1&v2&H1&+0&!R:4])-[C&D3&v4&H1&+0&R&z1:6]-[C&D3&v4&H1&+0&R&z1:2]-[O&D1&v2&H1&+0&!R:1],231
2885,([O&D1&v2&H0&+0&!R:1]=[C&D2&v4&H1&+0&!R&z1:2].[O&D1&v2&H1&+0&!R:3]).[O&D1&v2&H0&+0&!R:4]=[C&D3&v4&H0&+0&!R&z1:5]-[C&D2&v4&H2&+0&!R&z1:6]>>[C&D4&v4&H0&+0&R&z2:5](-[O&D1&v2&H1&+0&!R:4])(-[O&D2&v2&H0&+0&R:3])-[C&D3&v4&H1&+0&R&z1:6]-[C&D3&v4&H1&+0&R&z1:2]-[O&D1&v2&H1&+0&!R:1],231
2886,[C&D2&v4&H2&+0&!R&z1:1].[O&D1&v2&H0&+0&!R:2]=[C&D2&v4&H1&+0&!R&z1:3]>>[C&D3&v4&H1&+0&!R&z1:3](-[O&D1&v2&H1&+0&!R:2])-[C&D3&v4&H1&+0&!R&z1:1],439
2887,([C&D2&v4&H2&+0&!R&z1:1]-[O&D1&v2&H1&+0&!R:2].[C&D2&v4&H2&+0&!R&z1:3]-[O&D2&v2&H0&+0&!R:4])>>([C&D1&v4&H3&+0&!R&z0:3].[C&D2&v4&H1&+0&!R&z1:1]=[O&D1&v2&H0&+0&!R:2]).[O&D1&v2&H1&+0&!R:4],402
2888,[C&D3&v4&H0&+0&!R&z1:1]-[C&D2&v4&H2&+0&!R&z1:2].[O&D1&v2&H0&+0&!R:3]=[O&D1&v2&H0&+0&!R:4]>>[C&D3&v4&H0&+0&!R&z2:1]-[O&D1&v2&H1&+0&!R:3].[O&D1&v2&H0&+0&!R:4]=[C&D2&v4&H1&+0&!R&z2:2],711
2889,[C&D3&v4&H0&+0&!R&z1:1]-[C&D3&v4&H1&+0&!R&z1:2].[O&D1&v2&H0&+0&!R:3]=[O&D1&v2&H0&+0&!R:4]>>[C&D3&v4&H0&+0&!R&z2:1]-[O&D1&v2&H1&+0&!R:3].[O&D1&v2&H0&+0&!R:4]=[C&D3&v4&H0&+0&!R&z2:2],711
2890,[O&D1&v2&H0&+0&!R:1]=[C&D3&v4&H0&+0&!R&z2:2]-[O&D2&v2&H0&+0&!R:3].[O&D1&v2&H1&+0&!R:4]>>[O&D1&v2&H0&+0&!R:1]=[C&D3&v4&H0&+0&!R&z2:2]-[O&D2&v2&H0&+0&!R:4].[O&D1&v2&H1&+0&!R:3],517
2891,[C&D3&v4&H0&+0&!R&z2:1]-[C&D3&v4&H0&+0&!R&z1:2]-[C&D3&v4&H1&+0&!R&z1:3]-[C&D2&v4&H2&+0&!R&z1:4]>>[C&D3&v4&H0&+0&!R&z2:1]-[C&D3&v4&H1&+0&!R&z1:3]-[C&D3&v4&H0&+0&!R&z1:2]-[C&D2&v4&H2&+0&!R&z1:4],948
2892,[C&D2&v4&H1&+0&!R&z0:1]=[C&D3&v4&H0&+0&R&z0:2]-[C&D2&v4&H2&+0&R&z0:3]>>[C&D2&v4&H2&+0&!R&z0:1]-[C&D3&v4&H0&+0&R&z0:2]=[C&D2&v4&H1&+0&R&z0:3],367
2893,[C&D3&v4&H0&+0&!R&z1:1](=[O&D1&v2&H0&+0&!R:2])-[C&D2&v4&H1&+0&!R&z0:3]=[C&D2&v4&H1&+0&!R&z0:4]-[C&D2&v4&H2&+0&!R&z0:5]>>[C&D3&v4&H0&+0&!R&z1:1](-[O&D1&v2&H1&+0&!R:2])=[C&D2&v4&H1&+0&!R&z0:3]-[C&D2&v4&H1&+0&!R&z0:4]=[C&D2&v4&H1&+0&!R&z0:5],473
2894,[O&D1&v2&H0&+0&!R:1]=[C&D3&v4&H0&+0&!R&z2:2]-[C&D3&v4&H0&+0&!R&z1:3](=[O&D1&v2&H0&+0&!R:4])-[C&D2&v4&H1&+0&!R&z0:5]=[C&D2&v4&H1&+0&!R&z0:6]-[c&D3&v4&H0&+0&R&z0:7]:[c&D3&v4&H0&+0&R&z2:8]-[O&D1&v2&H1&+0&!R:9]>>[O&D1&v2&H0&+0&!R:1]=[O&D1&v2&H0&+0&!R:9].[c&D3&v4&H0&+0&R&z0:7]1:[c&D2&v4&H1&+0&R&z0:6]:[c&D2&v4&H1&+0&R&z0:5]:[c&D3&v4&H0&+0&R&z1:3](-[O&D1&v2&H1&+0&!R:4]):[c&D3&v4&H0&+0&R&z1:2]:[c&D3&v4&H0&+0&R&z1:8]:1,217
2895,[C&D3&v4&H0&+0&!R&z1:1](=[O&D1&v2&H0&+0&!R:2])-[C&D2&v4&H1&+0&!R&z0:3]=[C&D2&v4&H1&+0&!R&z0:4]-[c&D3&v4&H0&+0&R&z0:5]:[c&D3&v4&H0&+0&R&z0:6]-[C&D3&v4&H0&+0&!R&z2:7]=[O&D1&v2&H0&+0&!R:8]>>[O&D1&v2&H0&+0&!R:2]=[O&D1&v2&H0&+0&!R:8].[c&D3&v4&H0&+0&R&z0:1]1:[c&D2&v4&H1&+0&R&z0:3]:[c&D2&v4&H1&+0&R&z0:4]:[c&D3&v4&H0&+0&R&z0:5]:[c&D3&v4&H0&+0&R&z0:6]:[c&D3&v4&H0&+0&R&z1:7]:1,997
2896,([C&D3&v4&H0&+0&!R&z1:1]=[O&D1&v2&H0&+0&!R:2].[c&D3&v4&H0&+0&R&z1:3]-[O&D1&v2&H1&+0&!R:4])>>[C&D4&v4&H0&+0&R&z2:1](-[O&D1&v2&H1&+0&!R:4])-[O&D2&v2&H0&+0&R:2]-[c&D3&v4&H0&+0&R&z1:3],173
2897,[C&D3&v4&H0&+0&!R&z1:1](=[O&D1&v2&H0&+0&!R:2])-[C&D2&v4&H2&+0&!R&z1:3]-[O&D1&v2&H1&+0&!R:4]>>[O&D1&v2&H0&+0&!R:4]=[C&D2&v4&H1&+0&!R&z1:3]-[C&D3&v4&H1&+0&!R&z1:1]-[O&D1&v2&H1&+0&!R:2],693
2898,([C&D3&v4&H0&+0&!R&z1:1](=[O&D1&v2&H0&+0&!R:2])-[C&D2&v4&H2&+0&!R&z0:3].[O&D1&v2&H1&+0&!R:4])>>[O&D2&v2&H0&+0&R:4]-[C&D3&v4&H1&+0&R&z1:3]-[C&D3&v4&H1&+0&!R&z1:1]-[O&D1&v2&H1&+0&!R:2],380
2899,[C&D3&v4&H0&+0&!R&z1:1](=[O&D1&v2&H0&+0&!R:2])-[C&D2&v4&H2&+0&!R&z0:3]-[C&D3&v4&H1&+0&!R&z1:4]-[O&D1&v2&H1&+0&!R:5].[P&D4&v5&H0&+0&!R:6]-[O&D1&v2&H1&+0&!R:7]>>[C&D1&v4&H2&+0&!R&z0:3]=[C&D3&v4&H0&+0&!R&z1:1]-[O&D2&v2&H0&+0&!R:2]-[P&D4&v5&H0&+0&!R:6].[O&D0&v2&H2&+0&!R:7].[O&D1&v2&H0&+0&!R:5]=[C&D2&v4&H1&+0&!R&z1:4],472
2900,([C&D3&v4&H0&+0&!R&z1:1]=[O&D1&v2&H0&+0&!R:2].[C&D3&v4&H1&+0&!R&z1:3](-[O&D1&v2&H1&+0&!R:4])-[C&D2&v4&H2&+0&!R&z1:5]-[O&D2&v2&H0&+0&!R:6])>>[O&D1&v2&H0&+0&!R:4]=[C&D3&v4&H0&+0&R&z1:3]-[C&D2&v4&H2&+0&R&z0:5]-[C&D4&v4&H0&+0&R&z1:1]-[O&D1&v2&H1&+0&!R:2].[O&D1&v2&H1&+0&!R:6],372
2901,([C&D3&v4&H0&+0&!R&z1:1](=[O&D1&v2&H0&+0&!R:2])-[C&D2&v4&H2&+0&!R&z0:3].[O&D1&v2&H1&+0&!R:4])>>[C&D3&v4&H1&+0&!R&z1:1](-[O&D1&v2&H1&+0&!R:2])-[C&D3&v4&H1&+0&R&z1:3]-[O&D2&v2&H0&+0&R:4],380
2902,[C&D3&v4&H1&+0&!R&z1:1](-[O&D1&v2&H1&+0&!R:2])-[C&D2&v4&H2&+0&!R&z1:3]-[O&D1&v2&H1&+0&!R:4]>>[O&D0&v2&H2&+0&!R:2].[O&D1&v2&H0&+0&!R:4]=[C&D2&v4&H1&+0&!R&z1:3]-[C&D2&v4&H2&+0&!R&z0:1],402
2903,[C&D4&v4&H0&+0&R&z0:1](-[C&D3&v4&H0&+0&!R&z2:2]-[O&D1&v2&H1&+0&!R:3])-[C&D2&v4&H1&+0&R&z0:4]=[C&D2&v4&H1&+0&R&z0:5]>>[C&D3&v4&H0&+0&R&z0:1]=[C&D2&v4&H1&+0&R&z0:4]-[C&D2&v4&H2&+0&R&z0:5].[O&D1&v2&H0&+0&!R:3]=[C&D2&v4&H0&+0&!R&z2:2],287
2904,[C&D3&v4&H0&+0&R&z0:1]=[C&D2&v4&H1&+0&R&z0:2]-[C&D2&v4&H2&+0&R&z0:3].[O&D1&v2&H0&+0&!R:4]=[C&D2&v4&H0&+0&!R&z2:5]>>[C&D4&v4&H0&+0&R&z0:1](-[C&D3&v4&H0&+0&!R&z2:5]-[O&D1&v2&H1&+0&!R:4])-[C&D2&v4&H1&+0&R&z0:2]=[C&D2&v4&H1&+0&R&z0:3],385
2905,[C&D2&v4&H2&+0&!R&z0:1]-[C&D3&v4&H0&+0&R&z0:2]=[C&D2&v4&H1&+0&R&z0:3]>>[C&D2&v4&H1&+0&!R&z0:1]=[C&D3&v4&H0&+0&R&z0:2]-[C&D2&v4&H2&+0&R&z0:3],367
2906,[C&D3&v4&H0&+0&!R&z2:1](-[O&D1&v2&H1&+0&!R:2])-[C&D3&v4&H0&+0&!R&z1:3]=[O&D1&v2&H0&+0&!R:4]>>[O&D1&v2&H0&+0&!R:2]=[C&D2&v4&H0&+0&!R&z2:1].[O&D1&v2&H0&+0&!R:4]=[C&D2&v4&H1&+0&!R&z1:3],1009
2907,[C&D3&v4&H0&+0&!R&z1:1](=[O&D1&v2&H0&+0&!R:2])-[C&D2&v4&H2&+0&!R&z1:3]-[P&D4&v5&H0&+0&!R:4]-[O&D1&v2&H1&+0&!R:5]>>[C&D1&v4&H2&+0&!R&z0:3]=[C&D3&v4&H0&+0&!R&z1:1]-[O&D2&v2&H0&+0&!R:5]-[P&D4&v5&H0&+0&!R:4]-[O&D1&v2&H1&+0&!R:2],425
2908,[C&D3&v4&H0&+0&!R&z2:1](-[O&D1&v2&H1&+0&!R:2])-[C&D3&v4&H0&+0&!R&z1:3]>>[C&D2&v4&H1&+0&!R&z1:3].[O&D1&v2&H0&+0&!R:2]=[C&D2&v4&H0&+0&!R&z2:1],1009
2909,[C&D3&v4&H0&+0&!R&z2:1](-[O&D1&v2&H1&+0&!R:2])-[C&D3&v4&H0&+0&!R&z1:3]-[C&D2&v4&H2&+0&!R&z0:4].[O&D1&v2&H0&+0&!R:5]=[O&D1&v2&H0&+0&!R:6]>>[C&D3&v4&H0&+0&!R&z2:3](-[O&D1&v2&H1&+0&!R:6])-[C&D3&v4&H1&+0&!R&z1:4]-[O&D1&v2&H1&+0&!R:5].[O&D1&v2&H0&+0&!R:2]=[C&D2&v4&H0&+0&!R&z2:1],255
2910,([C&D3&v4&H0&+0&!R&z2:1](-[O&D1&v2&H1&+0&!R:2])-[C&D3&v4&H0&+0&!R&z1:3]=[O&D1&v2&H0&+0&!R:4].[c&D2&v4&H1&+0&R&z0:5]).[O&D1&v2&H0&+0&!R:6]=[O&D1&v2&H0&+0&!R:7]>>[O&D1&v2&H0&+0&!R:2]=[C&D2&v4&H0&+0&!R&z2:1].([O&D1&v2&H0&+0&!R:4]=[C&D3&v4&H0&+0&!R&z2:3]-[O&D1&v2&H1&+0&!R:7].[c&D3&v4&H0&+0&R&z1:5]-[O&D1&v2&H1&+0&!R:6]),255
2911,[C&D3&v4&H0&+0&!R&z1:1](=[O&D1&v2&H0&+0&!R:2])-[C&D2&v4&H2&+0&!R&z0:3]>>[C&D3&v4&H0&+0&!R&z1:1](-[O&D1&v2&H1&+0&!R:2])=[C&D2&v4&H1&+0&!R&z0:3],167
2912,[C&D3&v4&H0&+0&!R&z2:1]-[C&D3&v4&H0&+0&!R&z2:2]-[O&D1&v2&H1&+0&!R:3]>>[C&D2&v4&H1&+0&!R&z2:1].[O&D1&v2&H0&+0&!R:3]=[C&D2&v4&H0&+0&!R&z2:2],1009
2913,([O&D1&v2&H1&+0&!R:1].[P&D4&v5&H0&+0&!R:2]-[O&D1&v2&H1&+0&!R:3])>>[O&D0&v2&H2&+0&!R:3].[O&D2&v2&H0&+0&R:1]-[P&D4&v5&H0&+0&R:2],603
2914,[C&D3&v4&H0&+0&!R&z2:1](-[O&D1&v2&H1&+0&!R:2])-[C&D3&v4&H1&+0&!R&z1:3]-[N&D3&v3&H0&+0&!R:4]-[O&D1&v2&H1&+0&!R:5]>>[N&D2&v3&H0&+0&!R:4]=[C&D2&v4&H1&+0&!R&z1:3].[O&D0&v2&H2&+0&!R:5].[O&D1&v2&H0&+0&!R:2]=[C&D2&v4&H0&+0&!R&z2:1],414
2915,[O&D1&v2&H0&+0&!R:1]=[C&D3&v4&H0&+0&!R&z2:2]-[C&D3&v4&H0&+0&!R&z1:3]=[C&D2&v4&H1&+0&!R&z0:4]-[C&D3&v4&H0&+0&!R&z1:5]=[C&D3&v4&H0&+0&!R&z1:6]-[C&D3&v4&H0&+0&!R&z2:7]=[O&D1&v2&H0&+0&!R:8]>>[O&D1&v2&H0&+0&!R:1]=[O&D1&v2&H0&+0&!R:8].[c&D3&v4&H0&+0&R&z1:2]1:[c&D3&v4&H0&+0&R&z1:3]:[c&D2&v4&H1&+0&R&z0:4]:[c&D3&v4&H0&+0&R&z1:5]:[c&D3&v4&H0&+0&R&z1:6]:[c&D3&v4&H0&+0&R&z1:7]:1,582
2916,[O&D1&v2&H0&+0&!R:1]=[C&D3&v4&H0&+0&!R&z2:2]-[C&D3&v4&H0&+0&!R&z1:3]=[C&D2&v4&H1&+0&!R&z0:4]-[C&D2&v4&H1&+0&!R&z0:5]=[C&D3&v4&H0&+0&!R&z1:6]-[C&D3&v4&H0&+0&!R&z2:7]=[O&D1&v2&H0&+0&!R:8]>>[O&D1&v2&H0&+0&!R:1]=[O&D1&v2&H0&+0&!R:8].[c&D3&v4&H0&+0&R&z1:2]1:[c&D3&v4&H0&+0&R&z1:3]:[c&D2&v4&H1&+0&R&z0:4]:[c&D2&v4&H1&+0&R&z0:5]:[c&D3&v4&H0&+0&R&z1:6]:[c&D3&v4&H0&+0&R&z1:7]:1,582
2917,[C&D3&v4&H0&+0&!R&z2:1](-[O&D1&v2&H1&+0&!R:2])-[C&D4&v4&H0&+0&!R&z1:3]>>[C&D3&v4&H1&+0&!R&z1:3].[O&D1&v2&H0&+0&!R:2]=[C&D2&v4&H0&+0&!R&z2:1],1009
2918,[C&D3&v4&H0&+0&!R&z1:1](-[O&D1&v2&H1&+0&!R:2])=[C&D2&v4&H1&+0&!R&z0:3]-[C&D2&v4&H1&+0&!R&z0:4]=[C&D2&v4&H1&+0&!R&z0:5]>>[C&D3&v4&H0&+0&!R&z1:1](=[O&D1&v2&H0&+0&!R:2])-[C&D2&v4&H1&+0&!R&z0:3]=[C&D2&v4&H1&+0&!R&z0:4]-[C&D2&v4&H2&+0&!R&z0:5],878
2919,[O&D1&v2&H0&+0&!R:1]=[C&D3&v4&H0&+0&!R&z2:2]-[C&D3&v4&H0&+0&!R&z1:3]=[C&D2&v4&H1&+0&!R&z0:4]-[C&D2&v4&H1&+0&!R&z0:5]=[C&D2&v4&H1&+0&!R&z0:6]-[C&D3&v4&H0&+0&!R&z1:7]=[O&D1&v2&H0&+0&!R:8]>>[O&D1&v2&H0&+0&!R:1]=[O&D1&v2&H0&+0&!R:8].[c&D3&v4&H0&+0&R&z1:3]1:[c&D2&v4&H1&+0&R&z0:4]:[c&D2&v4&H1&+0&R&z0:5]:[c&D2&v4&H1&+0&R&z0:6]:[c&D3&v4&H0&+0&R&z0:7]:[c&D3&v4&H0&+0&R&z1:2]:1,582
2920,[O&D1&v2&H0&+0&!R:1]=[C&D3&v4&H0&+0&!R&z2:2]-[C&D3&v4&H0&+0&!R&z1:3]=[C&D2&v4&H1&+0&!R&z0:4]-[C&D2&v4&H1&+0&!R&z0:5]=[C&D2&v4&H1&+0&!R&z0:6]-[C&D3&v4&H0&+0&!R&z1:7]=[O&D1&v2&H0&+0&!R:8]>>[O&D1&v2&H0&+0&!R:1]=[O&D1&v2&H0&+0&!R:8].[c&D3&v4&H0&+0&R&z0:7]1:[c&D2&v4&H1&+0&R&z0:6]:[c&D2&v4&H1&+0&R&z0:5]:[c&D2&v4&H1&+0&R&z0:4]:[c&D3&v4&H0&+0&R&z1:3]:[c&D3&v4&H0&+0&R&z1:2]:1,582
2921,[C&D3&v4&H0&+0&!R&z1:1](-[O&D1&v2&H1&+0&!R:2])=[C&D2&v4&H1&+0&!R&z0:3]>>[C&D3&v4&H0&+0&!R&z1:1](=[O&D1&v2&H0&+0&!R:2])-[C&D2&v4&H2&+0&!R&z0:3],996
2922,[C&D3&v4&H0&+0&!R&z2:1](-[O&D1&v2&H1&+0&!R:2])-[C&D3&v4&H1&+0&!R&z1:3]>>[C&D2&v4&H2&+0&!R&z1:3].[O&D1&v2&H0&+0&!R:2]=[C&D2&v4&H0&+0&!R&z2:1],1009
2923,[C&D3&v4&H0&+0&!R&z2:1]-[C&D3&v4&H1&+0&!R&z1:2]-[C&D3&v4&H0&+0&!R&z1:3]-[C&D2&v4&H2&+0&!R&z1:4]>>[C&D3&v4&H0&+0&!R&z2:1]-[C&D3&v4&H0&+0&!R&z1:3]-[C&D3&v4&H1&+0&!R&z1:2]-[C&D2&v4&H2&+0&!R&z1:4],948
2924,[C&D3&v4&H1&+0&!R&z1:1](-[O&D1&v2&H1&+0&!R:2])-[C&D3&v4&H1&+0&!R&z0:3]-[C&D2&v4&H2&+0&!R&z1:4]>>[C&D2&v4&H2&+0&!R&z0:1]-[C&D3&v4&H0&+0&!R&z0:3]=[C&D2&v4&H1&+0&!R&z1:4].[O&D0&v2&H2&+0&!R:2],384
2925,[C&D3&v4&H1&+0&!R&z1:1]-[C&D3&v4&H1&+0&!R&z0:2]-[C&D2&v4&H2&+0&!R&z1:3]>>[C&D2&v4&H2&+0&!R&z0:2]-[C&D4&v4&H0&+0&!R&z1:1]-[C&D2&v4&H2&+0&!R&z1:3],181
2926,([C&D2&v4&H2&+0&!R&z1:1]-[O&D1&v2&H1&+0&!R:2].[O&D1&v2&H1&+0&!R:3])>>[O&D0&v2&H2&+0&!R:2].[O&D2&v2&H0&+0&R:3]-[C&D2&v4&H2&+0&R&z1:1],493
2927,([C&D2&v4&H2&+0&!R&z1:1].[C&D3&v4&H0&+0&!R&z2:2]-[O&D1&v2&H1&+0&!R:3])>>[C&D3&v4&H1&+0&R&z1:1]-[C&D3&v4&H0&+0&R&z1:2].[O&D0&v2&H2&+0&!R:3],503
2928,[C&D3&v4&H1&+0&!R&z1:1](-[O&D1&v2&H1&+0&!R:2])-[C&D3&v4&H1&+0&!R&z1:3]-[O&D1&v2&H1&+0&!R:4]>>[C&D3&v4&H0&+0&!R&z1:1](=[O&D1&v2&H0&+0&!R:2])-[C&D2&v4&H2&+0&!R&z0:3].[O&D0&v2&H2&+0&!R:4],402
2929,[C&D3&v4&H1&+0&!R&z1:1](-[O&D1&v2&H1&+0&!R:2])-[C&D3&v4&H1&+0&R&z1:3]-[O&D2&v2&H0&+0&R:4]>>([C&D3&v4&H0&+0&!R&z1:1](=[O&D1&v2&H0&+0&!R:2])-[C&D2&v4&H2&+0&!R&z0:3].[O&D1&v2&H1&+0&!R:4]),608
2930,[C&D3&v4&H0&+0&!R&z2:1]-[O&D1&v2&H1&+0&!R:2].[O&D1&v2&H0&+0&!R:3]=[C&D3&v4&H0&+0&!R&z2:4]>>[C&D3&v4&H0&+0&!R&z1:1]-[C&D3&v4&H1&+0&!R&z1:4].[O&D1&v2&H0&+0&!R:2]=[O&D1&v2&H0&+0&!R:3],5
2931,[C&D3&v4&H1&+0&!R&z1:1](-[O&D1&v2&H1&+0&!R:2])-[C&D2&v4&H2&+0&!R&z1:3]-[S&D4&v6&H0&+0&!R:4]=[O&D1&v2&H0&+0&!R:5]>>[C&D1&v4&H3&+0&!R&z0:3]-[C&D3&v4&H0&+0&!R&z1:1]=[O&D1&v2&H0&+0&!R:2].[S&D3&v4&H0&+0&!R:4]-[O&D1&v2&H1&+0&!R:5],591
2932,[C&D3&v4&H0&+0&!R&z2:1](-[O&D1&v2&H1&+0&!R:2])-[C&D3&v4&H1&+0&!R&z1:3]-[O&D1&v2&H1&+0&!R:4].[O&D1&v2&H0&+0&!R:5]=[C&D2&v4&H0&+0&!R&z2:6]>>[C&D3&v4&H0&+0&!R&z2:6](-[O&D1&v2&H1&+0&!R:5])-[C&D3&v4&H0&+0&!R&z1:1]-[C&D2&v4&H2&+0&!R&z0:3].[O&D1&v2&H0&+0&!R:4]=[O&D1&v2&H0&+0&!R:2],856
2933,[C&D4&v4&H0&+0&R&z2:1](-[O&D1&v2&H1&+0&!R:2])-[O&D2&v2&H0&+0&R:3]-[c&D3&v4&H0&+0&R&z1:4]>>([C&D3&v4&H0&+0&!R&z1:1]=[O&D1&v2&H0&+0&!R:3].[c&D3&v4&H0&+0&R&z1:4]-[O&D1&v2&H1&+0&!R:2]),35
2934,[O&D1&v2&H0&+0&!R:1]=[C&D3&v4&H0&+0&!R&z2:2]-[C&D4&v4&H0&+0&R&z2:3]1(-[O&D1&v2&H1&+0&!R:4])-[C&D2&v4&H1&+0&R&z0:5]=[C&D2&v4&H1&+0&R&z0:6]-[c&D3&v4&H0&+0&R&z0:7]:[c&D3&v4&H0&+0&R&z1:8]-[O&D2&v2&H0&+0&R:9]-1>>[O&D1&v2&H0&+0&!R:1]=[O&D1&v2&H0&+0&!R:9].[O&D1&v2&H1&+0&!R:4]-[c&D3&v4&H0&+0&R&z1:3]1:[c&D2&v4&H1&+0&R&z0:5]:[c&D2&v4&H1&+0&R&z0:6]:[c&D3&v4&H0&+0&R&z0:7]:[c&D3&v4&H0&+0&R&z0:8]:[c&D3&v4&H0&+0&R&z1:2]:1,407
2935,[C&D2&v4&H2&+0&!R&z1:1]-[O&D1&v2&H1&+0&!R:2].[O&D1&v2&H0&+0&!R:3]=[O&D1&v2&H0&+0&!R:4]>>[O&D1&v2&H0&+0&!R:2]=[C&D2&v4&H1&+0&!R&z1:1].[O&D1&v2&H1&+0&!R:3]-[O&D1&v2&H1&+0&!R:4],197
2936,([C&D4&v4&H0&+0&R&z2:1](-[O&D1&v2&H1&+0&!R:2])(-[C&D2&v4&H2&+0&R&z0:3]-[C&D3&v4&H1&+0&R&z1:4])-[O&D2&v2&H0&+0&R:5].[O&D1&v2&H1&+0&!R:6])>>[C&D1&v4&H3&+0&!R&z0:3]-[C&D3&v4&H0&+0&!R&z1:1]=[O&D1&v2&H0&+0&!R:2].([O&D1&v2&H1&+0&!R:5].[O&D2&v2&H0&+0&R:6]-[C&D3&v4&H1&+0&R&z2:4]),511
2937,[C&D3&v4&H0&+0&R&z1:1]1=[C&D3&v4&H0&+0&R&z1:2]-[C&D3&v4&H0&+0&R&z1:3](=[O&D1&v2&H0&+0&!R:4])-[C&D3&v4&H0&+0&R&z1:5]=[C&D3&v4&H0&+0&R&z1:6]-[C&D3&v4&H0&+0&R&z1:7]-1=[O&D1&v2&H0&+0&!R:8].[C&D3&v4&H1&+0&R&z1:9]-[O&D1&v2&H1&+0&!R:10]>>[O&D1&v2&H0&+0&!R:10]=[C&D3&v4&H0&+0&R&z1:9].[c&D3&v4&H0&+0&R&z1:1]1:[c&D3&v4&H0&+0&R&z1:2]:[c&D3&v4&H0&+0&R&z1:3](-[O&D1&v2&H1&+0&!R:4]):[c&D3&v4&H0&+0&R&z1:5]:[c&D3&v4&H0&+0&R&z1:6]:[c&D3&v4&H0&+0&R&z1:7]:1-[O&D1&v2&H1&+0&!R:8],112
2938,[C&D3&v4&H0&+0&R&z1:1]1=[C&D3&v4&H0&+0&R&z1:2]-[C&D3&v4&H0&+0&R&z1:3](=[O&D1&v2&H0&+0&!R:4])-[C&D3&v4&H0&+0&R&z1:5]=[C&D3&v4&H0&+0&R&z1:6]-[C&D3&v4&H0&+0&R&z1:7]-1=[O&D1&v2&H0&+0&!R:8].[C&D3&v4&H1&+0&R&z1:9]-[O&D1&v2&H1&+0&!R:10]>>[C&D3&v4&H0&+0&R&z1:9]=[O&D1&v2&H0&+0&!R:10].[c&D3&v4&H0&+0&R&z1:1]1:[c&D3&v4&H0&+0&R&z1:2]:[c&D3&v4&H0&+0&R&z1:3](-[O&D1&v2&H1&+0&!R:4]):[c&D3&v4&H0&+0&R&z1:5]:[c&D3&v4&H0&+0&R&z1:6]:[c&D3&v4&H0&+0&R&z1:7]:1-[O&D1&v2&H1&+0&!R:8],112
2939,[C&D3&v4&H0&+0&R&z1:1](=[C&D2&v4&H1&+0&R&z0:2])-[O&D2&v2&H0&+0&R:3]-[C&D3&v4&H1&+0&R&z2:4]-[O&D1&v2&H1&+0&!R:5]>>([C&D2&v4&H2&+0&!R&z0:2]-[C&D3&v4&H0&+0&!R&z1:1]=[O&D1&v2&H0&+0&!R:3].[O&D1&v2&H0&+0&!R:5]=[C&D2&v4&H1&+0&!R&z1:4]),831
2940,[C&D3&v4&H0&+0&R&z0:1]=[C&D2&v4&H1&+0&R&z0:2]-[C&D2&v4&H1&+0&R&z0:3]=[C&D2&v4&H1&+0&R&z0:4].[O&D1&v2&H1&+0&!R:5]-[O&D1&v2&H1&+0&!R:6]>>[C&D2&v4&H2&+0&R&z0:4]-[C&D2&v4&H1&+0&R&z0:3]=[C&D2&v4&H1&+0&R&z0:2]-[C&D3&v4&H1&+0&R&z0:1].[O&D1&v2&H0&+0&!R:5]=[O&D1&v2&H0&+0&!R:6],828
2941,[C&D3&v4&H0&+0&R&z0:1]=[C&D2&v4&H1&+0&R&z0:2]-[C&D2&v4&H1&+0&R&z0:3]=[C&D2&v4&H1&+0&R&z0:4].[O&D1&v2&H1&+0&!R:5]-[O&D1&v2&H1&+0&!R:6]>>[C&D3&v4&H1&+0&R&z0:1]-[C&D2&v4&H1&+0&R&z0:2]=[C&D2&v4&H1&+0&R&z0:3]-[C&D2&v4&H2&+0&R&z0:4].[O&D1&v2&H0&+0&!R:5]=[O&D1&v2&H0&+0&!R:6],828
2942,[C&D3&v4&H0&+0&R&z1:1]=[N&D2&v3&H0&+0&R:2].[O&D1&v2&H1&+0&!R:3]-[O&D1&v2&H1&+0&!R:4]>>[C&D3&v4&H1&+0&R&z1:1]-[N&D2&v3&H1&+0&R:2].[O&D1&v2&H0&+0&!R:3]=[O&D1&v2&H0&+0&!R:4],680
2943,[C&D3&v4&H0&+0&!R&z2:1](-[O&D1&v2&H1&+0&!R:2])-[C&D3&v4&H1&+0&R&z0:3]1-[C&D2&v4&H1&+0&R&z0:4]=[C&D2&v4&H1&+0&R&z0:5]-[C&D2&v4&H2&+0&R&z0:6]-[C&D3&v4&H0&+0&R&z1:7]=[C&D3&v4&H0&+0&R&z1:8]-1.[O&D1&v2&H0&+0&!R:9]=[O&D1&v2&H0&+0&!R:10]>>[O&D1&v2&H0&+0&!R:2]=[C&D2&v4&H0&+0&!R&z2:1].[O&D1&v2&H1&+0&!R:10]-[O&D1&v2&H1&+0&!R:9].[c&D3&v4&H0&+0&R&z1:8]1:[c&D2&v4&H1&+0&R&z0:3]:[c&D2&v4&H1&+0&R&z0:4]:[c&D2&v4&H1&+0&R&z0:5]:[c&D2&v4&H1&+0&R&z0:6]:[c&D3&v4&H0&+0&R&z1:7]:1,969
2944,[C&D3&v4&H0&+0&!R&z2:1](-[O&D1&v2&H1&+0&!R:2])-[C&D3&v4&H1&+0&R&z0:3]1-[C&D2&v4&H1&+0&R&z0:4]=[C&D2&v4&H1&+0&R&z0:5]-[C&D2&v4&H2&+0&R&z0:6]-[C&D3&v4&H0&+0&R&z1:7]=[C&D3&v4&H0&+0&R&z1:8]-1.[O&D1&v2&H0&+0&!R:9]=[O&D1&v2&H0&+0&!R:10]>>[O&D1&v2&H0&+0&!R:2]=[C&D2&v4&H0&+0&!R&z2:1].[O&D1&v2&H1&+0&!R:10]-[O&D1&v2&H1&+0&!R:9].[c&D2&v4&H1&+0&R&z0:5]1:[c&D2&v4&H1&+0&R&z0:4]:[c&D2&v4&H1&+0&R&z0:3]:[c&D3&v4&H0&+0&R&z1:8]:[c&D3&v4&H0&+0&R&z1:7]:[c&D2&v4&H1&+0&R&z0:6]:1,969
2945,[C&D3&v4&H0&+0&R&z1:1](=[C&D3&v4&H0&+0&R&z1:2])-[N&D2&v3&H1&+0&R:3]>>[C&D3&v4&H0&+0&R&z1:1](=[N&D2&v3&H0&+0&R:3])-[C&D3&v4&H1&+0&R&z1:2],749
2946,[O&D1&v2&H0&+0&!R:1]=[C&D2&v4&H0&+0&!R&z2:2].[O&D1&v2&H1&+0&!R:3]-[O&D1&v2&H1&+0&!R:4].[c&D3&v4&H0&+0&R&z1:5]1:[c&D2&v4&H1&+0&R&z0:6]:[c&D2&v4&H1&+0&R&z0:7]:[c&D2&v4&H1&+0&R&z0:8]:[c&D2&v4&H1&+0&R&z0:9]:[c&D3&v4&H0&+0&R&z1:10]:1>>[C&D3&v4&H0&+0&!R&z2:2](-[O&D1&v2&H1&+0&!R:1])-[C&D3&v4&H1&+0&R&z0:6]1-[C&D2&v4&H1&+0&R&z0:7]=[C&D2&v4&H1&+0&R&z0:8]-[C&D2&v4&H2&+0&R&z0:9]-[C&D3&v4&H0&+0&R&z1:10]=[C&D3&v4&H0&+0&R&z1:5]-1.[O&D1&v2&H0&+0&!R:4]=[O&D1&v2&H0&+0&!R:3],23
2947,[C&D3&v4&H1&+0&R&z0:1]-[C&D2&v4&H1&+0&R&z0:2]=[C&D2&v4&H1&+0&R&z0:3]-[C&D2&v4&H2&+0&R&z0:4].[O&D1&v2&H0&+0&!R:5]=[O&D1&v2&H0&+0&!R:6]>>[C&D3&v4&H0&+0&R&z0:1]=[C&D2&v4&H1&+0&R&z0:2]-[C&D2&v4&H1&+0&R&z0:3]=[C&D2&v4&H1&+0&R&z0:4].[O&D1&v2&H1&+0&!R:5]-[O&D1&v2&H1&+0&!R:6],55
2948,[C&D3&v4&H0&+0&R&z1:1](=[N&D2&v3&H0&+0&R:2])-[C&D3&v4&H1&+0&R&z1:3]>>[C&D3&v4&H0&+0&R&z1:1](=[C&D3&v4&H0&+0&R&z1:3])-[N&D2&v3&H1&+0&R:2],376
2949,[C&D2&v4&H1&+0&R&z1:1]=[N&D2&v3&H0&+0&R:2].[c&D3&v4&H0&+0&R&z1:3]1:[c&D3&v4&H0&+0&R&z1:4]:[c&D3&v4&H0&+0&R&z1:5](-[O&D1&v2&H1&+0&!R:6]):[c&D3&v4&H0&+0&R&z1:7]:[c&D3&v4&H0&+0&R&z1:8]:[c&D3&v4&H0&+0&R&z1:9]:1-[O&D1&v2&H1&+0&!R:10]>>[C&D2&v4&H2&+0&R&z1:1]-[N&D2&v3&H1&+0&R:2].[C&D3&v4&H0&+0&R&z1:3]1=[C&D3&v4&H0&+0&R&z1:4]-[C&D3&v4&H0&+0&R&z1:5](=[O&D1&v2&H0&+0&!R:6])-[C&D3&v4&H0&+0&R&z1:7]=[C&D3&v4&H0&+0&R&z1:8]-[C&D3&v4&H0&+0&R&z1:9]-1=[O&D1&v2&H0&+0&!R:10],166
2950,[C&D2&v4&H2&+0&R&z1:1]-[N&D2&v3&H1&+0&R:2].[C&D3&v4&H0&+0&R&z1:3]1=[C&D3&v4&H0&+0&R&z1:4]-[C&D3&v4&H0&+0&R&z1:5](=[O&D1&v2&H0&+0&!R:6])-[C&D3&v4&H0&+0&R&z1:7]=[C&D3&v4&H0&+0&R&z1:8]-[C&D3&v4&H0&+0&R&z1:9]-1=[O&D1&v2&H0&+0&!R:10]>>[C&D2&v4&H1&+0&R&z1:1]=[N&D2&v3&H0&+0&R:2].[c&D3&v4&H0&+0&R&z1:3]1:[c&D3&v4&H0&+0&R&z1:4]:[c&D3&v4&H0&+0&R&z1:5](-[O&D1&v2&H1&+0&!R:6]):[c&D3&v4&H0&+0&R&z1:7]:[c&D3&v4&H0&+0&R&z1:8]:[c&D3&v4&H0&+0&R&z1:9]:1-[O&D1&v2&H1&+0&!R:10],634
2951,[C&D3&v4&H1&+0&R&z1:1](-[O&D1&v2&H1&+0&!R:2])-[C&D2&v4&H2&+0&R&z1:3]-[N&D2&v3&H1&+0&R:4]>>[C&D2&v4&H2&+0&R&z0:1]-[C&D2&v4&H1&+0&R&z1:3]=[N&D2&v3&H0&+0&R:4].[O&D0&v2&H2&+0&!R:2],532
2952,[C&D3&v4&H0&+0&!R&z1:1](=[O&D1&v2&H0&+0&!R:2])-[C&D3&v4&H0&+0&!R&z2:3]-[O&D1&v2&H1&+0&!R:4].[C&D3&v4&H1&+0&R&z1:5]-[C&D2&v4&H2&+0&R&z0:6].[O&D1&v2&H0&+0&!R:7]=[O&D1&v2&H0&+0&!R:8]>>[C&D3&v4&H0&+0&R&z1:5]=[C&D2&v4&H1&+0&R&z0:6].[O&D0&v2&H2&+0&!R:8].[O&D1&v2&H0&+0&!R:4]=[C&D2&v4&H0&+0&!R&z2:3].[O&D1&v2&H0&+0&!R:2]=[C&D3&v4&H0&+0&!R&z2:1]-[O&D1&v2&H1&+0&!R:7],301
2953,[C&D2&v4&H1&+0&R&z1:1]=[N&D2&v3&H0&+0&R:2].[O&D1&v2&H1&+0&!R:3]-[O&D1&v2&H1&+0&!R:4]>>[C&D2&v4&H2&+0&R&z1:1]-[N&D2&v3&H1&+0&R:2].[O&D1&v2&H0&+0&!R:3]=[O&D1&v2&H0&+0&!R:4],680
2954,[C&D2&v4&H2&+0&R&z1:1]-[N&D2&v3&H1&+0&R:2].[O&D1&v2&H0&+0&!R:3]=[O&D1&v2&H0&+0&!R:4]>>[C&D2&v4&H1&+0&R&z1:1]=[N&D2&v3&H0&+0&R:2].[O&D1&v2&H1&+0&!R:3]-[O&D1&v2&H1&+0&!R:4],670
2955,[C&D3&v4&H1&+0&R&z1:1]-[N&D2&v3&H1&+0&R:2].[O&D1&v2&H0&+0&!R:3]=[O&D1&v2&H0&+0&!R:4]>>[C&D3&v4&H0&+0&R&z1:1]=[N&D2&v3&H0&+0&R:2].[O&D1&v2&H1&+0&!R:3]-[O&D1&v2&H1&+0&!R:4],670
2956,[C&D3&v4&H1&+0&R&z1:1](-[N&D2&v3&H1&+0&R:2])-[C&D3&v4&H1&+0&R&z1:3]-[O&D1&v2&H1&+0&!R:4]>>[C&D3&v4&H0&+0&R&z1:1](=[N&D2&v3&H0&+0&R:2])-[C&D2&v4&H2&+0&R&z0:3].[O&D0&v2&H2&+0&!R:4],532
2957,[C&D4&v4&H0&+0&R&z2:1](-[C&D2&v4&H2&+0&!R&z1:2])-[C&D3&v4&H1&+0&R&z1:3]>>[C&D3&v4&H1&+0&R&z2:1]-[C&D3&v4&H1&+0&R&z1:2]-[C&D3&v4&H1&+0&R&z1:3],181
2958,([C&D3&v4&H1&+0&R&z1:1]-[O&D1&v2&H1&+0&!R:2].[O&D1&v2&H1&+0&!R:3].[O&D2&v2&H0&+0&R:4]-[C&D3&v4&H1&+0&R&z2:5]-[O&D1&v2&H1&+0&!R:6])>>[O&D0&v2&H2&+0&!R:2].([C&D3&v4&H1&+0&R&z1:1]-[O&D2&v2&H0&+0&R:3].[O&D1&v2&H0&+0&!R:6]=[C&D2&v4&H1&+0&!R&z1:5].[O&D1&v2&H1&+0&!R:4]),297
2959,([C&D3&v4&H0&+0&!R&z2:1]-[O&D1&v2&H1&+0&!R:2].[C&D3&v4&H1&+0&R&z2:3]-[O&D1&v2&H1&+0&!R:4])>>([C&D2&v4&H1&+0&!R&z1:1].[C&D3&v4&H0&+0&R&z2:3]=[O&D1&v2&H0&+0&!R:4]).[O&D0&v2&H2&+0&!R:2],402
2960,[C&D3&v4&H1&+0&R&z2:1]-[C&D3&v4&H1&+0&R&z1:2]-[C&D3&v4&H1&+0&R&z1:3]>>[C&D4&v4&H0&+0&R&z2:1](-[C&D2&v4&H2&+0&!R&z1:2])-[C&D3&v4&H1&+0&R&z1:3],181
2961,[C&D3&v4&H1&+0&R&z1:1]-[O&D2&v2&H0&+0&R:2]-[C&D3&v4&H1&+0&R&z2:3]-[O&D1&v2&H1&+0&!R:4]>>([C&D3&v4&H1&+0&!R&z1:1]-[O&D1&v2&H1&+0&!R:4].[O&D1&v2&H0&+0&!R:2]=[C&D2&v4&H1&+0&!R&z1:3]),35
2962,[C&D3&v4&H0&+0&!R&z2:1](-[O&D1&v2&H1&+0&!R:2])-[C&D3&v4&H1&+0&R&z1:3]>>[C&D2&v4&H2&+0&R&z1:3].[O&D1&v2&H0&+0&!R:2]=[C&D2&v4&H0&+0&!R&z2:1],1009
2963,[C&D2&v4&H1&+0&!R&z0:1]=[C&D3&v4&H0&+0&!R&z0:2]-[C&D2&v4&H2&+0&!R&z0:3]>>[C&D2&v4&H2&+0&!R&z0:1]-[C&D3&v4&H0&+0&!R&z0:2]=[C&D2&v4&H1&+0&!R&z0:3],367
2964,[O&D1&v2&H0&+0&!R:1]=[C&D3&v4&H0&+0&!R&z2:2]-[C&D2&v4&H1&+0&!R&z0:3]=[C&D3&v4&H0&+0&!R&z0:4]-[C&D2&v4&H2&+0&!R&z0:5]-[C&D3&v4&H0&+0&!R&z1:6](=[O&D1&v2&H0&+0&!R:7])-[C&D3&v4&H0&+0&!R&z2:8]=[O&D1&v2&H0&+0&!R:9]>>[O&D1&v2&H0&+0&!R:1]=[O&D1&v2&H0&+0&!R:9].[c&D3&v4&H0&+0&R&z0:4]1:[c&D2&v4&H1&+0&R&z0:5]:[c&D3&v4&H0&+0&R&z1:6](-[O&D1&v2&H1&+0&!R:7]):[c&D3&v4&H0&+0&R&z1:8]:[c&D3&v4&H0&+0&R&z1:2]:[c&D2&v4&H1&+0&R&z0:3]:1,241
2965,[C&D3&v4&H0&+0&!R&z2:1](-[O&D1&v2&H1&+0&!R:2])-[C&D2&v4&H1&+0&!R&z0:3]>>[C&D1&v4&H2&+0&!R&z0:3].[O&D1&v2&H0&+0&!R:2]=[C&D2&v4&H0&+0&!R&z2:1],1009
2966,([C&D2&v4&H1&+0&!R&z0:1]=[C&D3&v4&H0&+0&!R&z1:2].[O&D1&v2&H1&+0&!R:3])>>[C&D2&v4&H2&+0&!R&z0:1]-[C&D4&v4&H0&+0&R&z2:2]-[O&D2&v2&H0&+0&R:3],412
2967,[O&D1&v2&H0&+0&!R:1]=[C&D3&v4&H0&+0&!R&z2:2]-[C&D2&v4&H1&+0&!R&z0:3]=[C&D3&v4&H0&+0&!R&z1:4]-[C&D2&v4&H1&+0&!R&z0:5]=[C&D3&v4&H0&+0&!R&z1:6]-[C&D3&v4&H0&+0&!R&z2:7]=[O&D1&v2&H0&+0&!R:8]>>[O&D1&v2&H0&+0&!R:1]=[O&D1&v2&H0&+0&!R:8].[c&D3&v4&H0&+0&R&z1:2]1:[c&D2&v4&H1&+0&R&z0:3]:[c&D3&v4&H0&+0&R&z1:4]:[c&D2&v4&H1&+0&R&z0:5]:[c&D3&v4&H0&+0&R&z1:6]:[c&D3&v4&H0&+0&R&z1:7]:1,582
2968,[C&D2&v4&H1&+0&!R&z0:1]=[C&D3&v4&H0&+0&!R&z1:2].[c&D3&v4&H0&+0&R&z1:3]1:[c&D3&v4&H0&+0&R&z1:4]:[c&D3&v4&H0&+0&R&z1:5](-[O&D1&v2&H1&+0&!R:6]):[c&D3&v4&H0&+0&R&z1:7]:[c&D3&v4&H0&+0&R&z1:8]:[c&D3&v4&H0&+0&R&z1:9]:1-[O&D1&v2&H1&+0&!R:10]>>[C&D2&v4&H2&+0&!R&z0:1]-[C&D3&v4&H1&+0&!R&z1:2].[C&D3&v4&H0&+0&R&z1:3]1=[C&D3&v4&H0&+0&R&z1:4]-[C&D3&v4&H0&+0&R&z1:5](=[O&D1&v2&H0&+0&!R:6])-[C&D3&v4&H0&+0&R&z1:7]=[C&D3&v4&H0&+0&R&z1:8]-[C&D3&v4&H0&+0&R&z1:9]-1=[O&D1&v2&H0&+0&!R:10],743
2969,[O&D1&v2&H0&+0&!R:1]=[C&D3&v4&H0&+0&!R&z2:2]-[C&D2&v4&H1&+0&!R&z0:3]=[C&D2&v4&H1&+0&!R&z0:4]-[C&D3&v4&H0&+0&!R&z1:5]=[C&D2&v4&H1&+0&!R&z0:6]-[C&D3&v4&H0&+0&!R&z1:7]=[O&D1&v2&H0&+0&!R:8]>>[O&D1&v2&H0&+0&!R:1]=[O&D1&v2&H0&+0&!R:8].[c&D3&v4&H0&+0&R&z0:7]1:[c&D2&v4&H1&+0&R&z0:6]:[c&D3&v4&H0&+0&R&z1:5]:[c&D2&v4&H1&+0&R&z0:4]:[c&D2&v4&H1&+0&R&z0:3]:[c&D3&v4&H0&+0&R&z1:2]:1,582
2970,([C&D3&v4&H0&+0&!R&z0:1]=[C&D2&v4&H1&+0&!R&z0:2].[O&D1&v2&H1&+0&!R:3])>>[C&D2&v4&H2&+0&!R&z0:2]-[C&D4&v4&H0&+0&R&z1:1]-[O&D2&v2&H0&+0&R:3],412
2971,[O&D1&v2&H0&+0&!R:1]=[C&D3&v4&H0&+0&!R&z2:2]-[C&D2&v4&H1&+0&!R&z0:3]=[C&D2&v4&H1&+0&!R&z0:4]-[C&D3&v4&H0&+0&!R&z0:5]=[C&D2&v4&H1&+0&!R&z0:6]-[C&D3&v4&H0&+0&!R&z2:7]=[O&D1&v2&H0&+0&!R:8]>>[O&D1&v2&H0&+0&!R:1]=[O&D1&v2&H0&+0&!R:8].[c&D3&v4&H0&+0&R&z0:5]1:[c&D2&v4&H1&+0&R&z0:4]:[c&D2&v4&H1&+0&R&z0:3]:[c&D3&v4&H0&+0&R&z1:2]:[c&D3&v4&H0&+0&R&z1:7]:[c&D2&v4&H1&+0&R&z0:6]:1,582
2972,([C&D3&v4&H0&+0&!R&z1:1](=[O&D1&v2&H0&+0&!R:2])-[C&D2&v4&H2&+0&!R&z0:3].[C&D3&v4&H0&+0&!R&z2:4]-[O&D1&v2&H1&+0&!R:5])>>[C&D3&v4&H0&+0&R&z2:4]-[O&D2&v2&H0&+0&R:2]-[C&D3&v4&H0&+0&R&z1:1]=[C&D2&v4&H1&+0&!R&z0:3].[O&D0&v2&H2&+0&!R:5],44
2973,[O&D1&v2&H0&+0&!R:1]=[C&D3&v4&H0&+0&!R&z2:2]-[C&D2&v4&H1&+0&!R&z0:3]=[C&D2&v4&H1&+0&!R&z0:4]-[C&D3&v4&H0&+0&!R&z1:5](=[O&D1&v2&H0&+0&!R:6])-[C&D2&v4&H2&+0&!R&z0:7]-[C&D3&v4&H0&+0&!R&z1:8]=[O&D1&v2&H0&+0&!R:9]>>[O&D1&v2&H0&+0&!R:1]=[O&D1&v2&H0&+0&!R:9].[c&D3&v4&H0&+0&R&z0:8]1:[c&D2&v4&H1&+0&R&z0:7]:[c&D3&v4&H0&+0&R&z1:5](-[O&D1&v2&H1&+0&!R:6]):[c&D2&v4&H1&+0&R&z0:4]:[c&D2&v4&H1&+0&R&z0:3]:[c&D3&v4&H0&+0&R&z1:2]:1,736
2974,([C&D3&v4&H0&+0&!R&z1:1](=[O&D1&v2&H0&+0&!R:2])-[C&D2&v4&H2&+0&!R&z0:3].[C&D3&v4&H0&+0&!R&z2:4]-[O&D1&v2&H1&+0&!R:5])>>[C&D2&v4&H1&+0&!R&z0:3]=[C&D3&v4&H0&+0&R&z1:1]-[O&D2&v2&H0&+0&R:2]-[C&D3&v4&H0&+0&R&z2:4].[O&D0&v2&H2&+0&!R:5],44
2975,[O&D1&v2&H0&+0&!R:1]=[C&D3&v4&H0&+0&!R&z2:2]-[C&D2&v4&H1&+0&!R&z0:3]=[C&D2&v4&H1&+0&!R&z0:4]-[C&D3&v4&H0&+0&!R&z1:5](=[O&D1&v2&H0&+0&!R:6])-[C&D2&v4&H2&+0&!R&z0:7]-[C&D3&v4&H0&+0&!R&z2:8]=[O&D1&v2&H0&+0&!R:9]>>[O&D1&v2&H0&+0&!R:1]=[O&D1&v2&H0&+0&!R:9].[O&D1&v2&H1&+0&!R:6]-[c&D3&v4&H0&+0&R&z1:5]1:[c&D2&v4&H1&+0&R&z0:4]:[c&D2&v4&H1&+0&R&z0:3]:[c&D3&v4&H0&+0&R&z1:2]:[c&D3&v4&H0&+0&R&z1:8]:[c&D2&v4&H1&+0&R&z0:7]:1,736
2976,[C&D2&v4&H1&+0&!R&z0:1]=[C&D2&v4&H1&+0&!R&z0:2].[O&D1&v2&H1&+0&!R:3]>>[O&D2&v2&H0&+0&!R:3]-[C&D3&v4&H1&+0&!R&z1:2]-[C&D2&v4&H2&+0&!R&z0:1],703
2977,[O&D1&v2&H0&+0&!R:1]=[C&D3&v4&H0&+0&!R&z2:2]-[C&D2&v4&H1&+0&!R&z0:3]=[C&D2&v4&H1&+0&!R&z0:4]-[C&D3&v4&H0&+0&!R&z1:5]=[C&D3&v4&H0&+0&!R&z1:6]-[C&D3&v4&H0&+0&!R&z2:7]=[O&D1&v2&H0&+0&!R:8]>>[O&D1&v2&H0&+0&!R:1]=[O&D1&v2&H0&+0&!R:8].[c&D3&v4&H0&+0&R&z1:2]1:[c&D2&v4&H1&+0&R&z0:3]:[c&D2&v4&H1&+0&R&z0:4]:[c&D3&v4&H0&+0&R&z1:5]:[c&D3&v4&H0&+0&R&z1:6]:[c&D3&v4&H0&+0&R&z1:7]:1,582
2978,([C&D3&v4&H0&+0&!R&z1:1]=[C&D2&v4&H1&+0&!R&z0:2].[O&D1&v2&H1&+0&!R:3])>>[C&D2&v4&H2&+0&!R&z0:2]-[C&D4&v4&H0&+0&R&z2:1]-[O&D2&v2&H0&+0&R:3],412
2979,[O&D1&v2&H0&+0&!R:1]=[C&D3&v4&H0&+0&!R&z2:2]-[C&D2&v4&H1&+0&!R&z0:3]=[C&D2&v4&H1&+0&!R&z0:4]-[C&D3&v4&H0&+0&!R&z1:5]=[C&D2&v4&H1&+0&!R&z0:6]-[C&D3&v4&H0&+0&!R&z2:7]=[O&D1&v2&H0&+0&!R:8]>>[O&D1&v2&H0&+0&!R:1]=[O&D1&v2&H0&+0&!R:8].[c&D3&v4&H0&+0&R&z1:2]1:[c&D2&v4&H1&+0&R&z0:3]:[c&D2&v4&H1&+0&R&z0:4]:[c&D3&v4&H0&+0&R&z1:5]:[c&D2&v4&H1&+0&R&z0:6]:[c&D3&v4&H0&+0&R&z1:7]:1,582
2980,[O&D1&v2&H0&+0&!R:1]=[C&D3&v4&H0&+0&!R&z2:2]-[C&D2&v4&H1&+0&!R&z0:3]=[C&D2&v4&H1&+0&!R&z0:4]-[C&D3&v4&H0&+0&!R&z1:5]=[C&D2&v4&H1&+0&!R&z0:6]-[C&D3&v4&H0&+0&!R&z2:7]=[O&D1&v2&H0&+0&!R:8]>>[O&D1&v2&H0&+0&!R:1]=[O&D1&v2&H0&+0&!R:8].[c&D3&v4&H0&+0&R&z1:5]1:[c&D2&v4&H1&+0&R&z0:4]:[c&D2&v4&H1&+0&R&z0:3]:[c&D3&v4&H0&+0&R&z1:2]:[c&D3&v4&H0&+0&R&z1:7]:[c&D2&v4&H1&+0&R&z0:6]:1,582
2981,[O&D1&v2&H0&+0&!R:1]=[C&D3&v4&H0&+0&!R&z2:2]-[C&D2&v4&H1&+0&!R&z0:3]=[C&D2&v4&H1&+0&!R&z0:4]-[C&D2&v4&H1&+0&!R&z0:5]=[C&D3&v4&H0&+0&!R&z0:6]-[C&D3&v4&H0&+0&!R&z2:7]=[O&D1&v2&H0&+0&!R:8]>>[O&D1&v2&H0&+0&!R:1]=[O&D1&v2&H0&+0&!R:8].[c&D3&v4&H0&+0&R&z0:6]1:[c&D2&v4&H1&+0&R&z0:5]:[c&D2&v4&H1&+0&R&z0:4]:[c&D2&v4&H1&+0&R&z0:3]:[c&D3&v4&H0&+0&R&z1:2]:[c&D3&v4&H0&+0&R&z1:7]:1,582
2982,[O&D1&v2&H0&+0&!R:1]=[C&D3&v4&H0&+0&!R&z2:2]-[O&D1&v2&H1&+0&!R:3].[O&D1&v2&H1&+0&!R:4]>>[O&D0&v2&H2&+0&!R:3].[O&D1&v2&H0&+0&!R:1]=[C&D3&v4&H0&+0&!R&z2:2]-[O&D2&v2&H0&+0&!R:4],517
2983,[C&D2&v4&H1&+0&!R&z0:1]=[C&D2&v4&H1&+0&!R&z0:2]-[C&D2&v4&H1&+0&!R&z0:3]=[C&D3&v4&H0&+0&!R&z1:4]-[O&D1&v2&H1&+0&!R:5]>>[C&D2&v4&H2&+0&!R&z0:1]-[C&D2&v4&H1&+0&!R&z0:2]=[C&D2&v4&H1&+0&!R&z0:3]-[C&D3&v4&H0&+0&!R&z1:4]=[O&D1&v2&H0&+0&!R:5],878
2984,([C&D2&v4&H1&+0&!R&z0:1]=[C&D2&v4&H1&+0&!R&z0:2].[O&D1&v2&H1&+0&!R:3])>>[C&D2&v4&H2&+0&!R&z0:2]-[C&D3&v4&H1&+0&R&z1:1]-[O&D2&v2&H0&+0&R:3],412
2985,[O&D1&v2&H0&+0&!R:1]=[C&D3&v4&H0&+0&!R&z2:2]-[C&D2&v4&H1&+0&!R&z0:3]=[C&D2&v4&H1&+0&!R&z0:4]-[C&D2&v4&H1&+0&!R&z0:5]=[C&D2&v4&H1&+0&!R&z0:6]-[C&D3&v4&H0&+0&!R&z2:7]=[O&D1&v2&H0&+0&!R:8]>>[O&D1&v2&H0&+0&!R:1]=[O&D1&v2&H0&+0&!R:8].[c&D3&v4&H0&+0&R&z1:2]1:[c&D2&v4&H1&+0&R&z0:3]:[c&D2&v4&H1&+0&R&z0:4]:[c&D2&v4&H1&+0&R&z0:5]:[c&D2&v4&H1&+0&R&z0:6]:[c&D3&v4&H0&+0&R&z1:7]:1,582
2986,[O&D1&v2&H0&+0&!R:1]=[O&D1&v2&H0&+0&!R:2].[c&D3&v4&H0&+0&R&z0:3]1:[c&D2&v4&H1&+0&R&z0:4]:[c&D2&v4&H1&+0&R&z0:5]:[c&D3&v4&H0&+0&R&z1:6]:[c&D3&v4&H0&+0&R&z1:7]:[c&D2&v4&H1&+0&R&z0:8]:1>>[O&D1&v2&H0&+0&!R:1]=[C&D3&v4&H0&+0&!R&z2:6]-[C&D2&v4&H1&+0&!R&z0:5]=[C&D2&v4&H1&+0&!R&z0:4]-[C&D3&v4&H0&+0&!R&z0:3]=[C&D2&v4&H1&+0&!R&z0:8]-[C&D3&v4&H0&+0&!R&z2:7]=[O&D1&v2&H0&+0&!R:2],348
2987,[C&D2&v4&H2&+0&!R&z0:1]-[C&D3&v4&H0&+0&!R&z0:2]=[C&D2&v4&H1&+0&!R&z0:3]>>[C&D2&v4&H1&+0&!R&z0:1]=[C&D3&v4&H0&+0&!R&z0:2]-[C&D2&v4&H2&+0&!R&z0:3],367
2988,[C&D3&v4&H0&+0&!R&z0:1]=[C&D2&v4&H1&+0&!R&z0:2]-[C&D2&v4&H1&+0&!R&z0:3]=[C&D3&v4&H0&+0&!R&z1:4]-[O&D1&v2&H1&+0&!R:5]>>[C&D3&v4&H1&+0&!R&z0:1]-[C&D2&v4&H1&+0&!R&z0:2]=[C&D2&v4&H1&+0&!R&z0:3]-[C&D3&v4&H0&+0&!R&z1:4]=[O&D1&v2&H0&+0&!R:5],878
2989,[C&D3&v4&H0&+0&!R&z2:1](-[O&D1&v2&H1&+0&!R:2])-[C&D2&v4&H2&+0&!R&z0:3]-[C&D3&v4&H0&+0&!R&z1:4]=[O&D1&v2&H0&+0&!R:5].[P&D4&v5&H0&+0&!R:6]-[O&D2&v2&H0&+0&!R:7]>>[C&D1&v4&H2&+0&!R&z0:3]=[C&D3&v4&H0&+0&!R&z1:4]-[O&D2&v2&H0&+0&!R:5]-[P&D4&v5&H0&+0&!R:6].[O&D1&v2&H0&+0&!R:2]=[C&D2&v4&H0&+0&!R&z2:1].[O&D1&v2&H1&+0&!R:7],472
2990,[C&D3&v4&H0&+0&!R&z2:1](-[O&D1&v2&H1&+0&!R:2])-[C&D2&v4&H2&+0&!R&z0:3]>>[C&D1&v4&H3&+0&!R&z0:3].[O&D1&v2&H0&+0&!R:2]=[C&D2&v4&H0&+0&!R&z2:1],1009
2991,[C&D3&v4&H1&+0&!R&z0:1]-[C&D3&v4&H1&+0&!R&z1:2]-[O&D1&v2&H1&+0&!R:3]>>[C&D2&v4&H1&+0&!R&z0:2]=[C&D3&v4&H0&+0&!R&z0:1].[O&D0&v2&H2&+0&!R:3],451
2992,[C&D2&v4&H2&+0&!R&z0:1]-[C&D3&v4&H1&+0&!R&z0:2]-[C&D3&v4&H1&+0&!R&z1:3]>>[C&D2&v4&H2&+0&!R&z0:2]-[C&D4&v4&H0&+0&!R&z1:3]-[C&D2&v4&H2&+0&!R&z0:1],181
2993,[C&D3&v4&H1&+0&!R&z0:1]-[C&D2&v4&H1&+0&!R&z0:2]=[C&D2&v4&H1&+0&!R&z0:3]-[C&D3&v4&H0&+0&!R&z1:4]=[O&D1&v2&H0&+0&!R:5]>>[C&D3&v4&H0&+0&!R&z0:1]=[C&D2&v4&H1&+0&!R&z0:2]-[C&D2&v4&H1&+0&!R&z0:3]=[C&D3&v4&H0&+0&!R&z1:4]-[O&D1&v2&H1&+0&!R:5],473
2994,[C&D3&v4&H1&+0&!R&z0:1](-[C&D2&v4&H1&+0&!R&z0:2]=[C&D2&v4&H1&+0&!R&z0:3]-[C&D3&v4&H0&+0&!R&z1:4]=[O&D1&v2&H0&+0&!R:5])-[C&D3&v4&H0&+0&!R&z2:6]-[O&D1&v2&H1&+0&!R:7]>>[C&D2&v4&H1&+0&!R&z0:1]=[C&D2&v4&H1&+0&!R&z0:2]-[C&D2&v4&H1&+0&!R&z0:3]=[C&D3&v4&H0&+0&!R&z1:4]-[O&D1&v2&H1&+0&!R:5].[O&D1&v2&H0&+0&!R:7]=[C&D2&v4&H0&+0&!R&z2:6],741
2995,[C&D3&v4&H1&+0&!R&z0:1](-[C&D2&v4&H1&+0&!R&z0:2]=[C&D2&v4&H1&+0&!R&z0:3])-[C&D3&v4&H0&+0&!R&z2:4]-[O&D1&v2&H1&+0&!R:5]>>[C&D2&v4&H1&+0&!R&z0:1]=[C&D2&v4&H1&+0&!R&z0:2]-[C&D2&v4&H2&+0&!R&z0:3].[O&D1&v2&H0&+0&!R:5]=[C&D2&v4&H0&+0&!R&z2:4],287
2996,[C&D2&v4&H2&+0&!R&z0:1]-[C&D3&v4&H1&+0&!R&z0:2]-[C&D2&v4&H2&+0&!R&z0:3]>>[C&D1&v4&H3&+0&!R&z0:3].[C&D2&v4&H1&+0&!R&z0:2]=[C&D2&v4&H1&+0&!R&z0:1],322
2997,[C&D2&v4&H2&+0&!R&z0:1]-[C&D3&v4&H1&+0&!R&z1:2]-[N&D2&v3&H1&+0&!R:3]>>[C&D2&v4&H1&+0&!R&z0:1]=[C&D2&v4&H1&+0&!R&z0:2].[N&D1&v3&H2&+0&!R:3],65
2998,[C&D2&v4&H2&+0&!R&z0:1]-[C&D4&v4&H0&+0&!R&z1:2](-[O&D1&v2&H1&+0&!R:3])-[C&D2&v4&H2&+0&!R&z0:4]-[C&D3&v4&H0&+0&!R&z1:5]=[O&D1&v2&H0&+0&!R:6]>>[C&D2&v4&H1&+0&!R&z0:1]=[C&D3&v4&H0&+0&!R&z0:2]-[C&D2&v4&H1&+0&!R&z0:4]=[C&D3&v4&H0&+0&!R&z1:5]-[O&D1&v2&H1&+0&!R:6].[O&D0&v2&H2&+0&!R:3],840
2999,[C&D2&v4&H2&+0&!R&z0:1]-[C&D4&v4&H0&+0&!R&z1:2]-[C&D2&v4&H2&+0&!R&z0:3]>>[C&D2&v4&H2&+0&!R&z0:3]-[C&D3&v4&H1&+0&!R&z0:1]-[C&D3&v4&H1&+0&!R&z1:2],181
3000,[C&D4&v4&H0&+0&!R&z1:1](-[O&D1&v2&H1&+0&!R:2])-[C&D2&v4&H2&+0&!R&z1:3]>>[C&D3&v4&H0&+0&!R&z0:1]=[C&D2&v4&H1&+0&!R&z1:3].[O&D0&v2&H2&+0&!R:2],451
3001,[C&D2&v4&H2&+0&!R&z0:1]-[C&D4&v4&H0&+0&!R&z1:2]-[C&D2&v4&H2&+0&!R&z1:3]>>[C&D3&v4&H1&+0&!R&z1:2]-[C&D3&v4&H1&+0&!R&z0:1]-[C&D2&v4&H2&+0&!R&z1:3],181
3002,[C&D2&v4&H2&+0&!R&z0:1]-[C&D3&v4&H1&+0&!R&z1:2].[C&D3&v4&H0&+0&R&z1:3]1=[C&D3&v4&H0&+0&R&z1:4]-[C&D3&v4&H0&+0&R&z1:5](=[O&D1&v2&H0&+0&!R:6])-[C&D3&v4&H0&+0&R&z1:7]=[C&D3&v4&H0&+0&R&z1:8]-[C&D3&v4&H0&+0&R&z1:9]-1=[O&D1&v2&H0&+0&!R:10]>>[C&D2&v4&H1&+0&!R&z0:1]=[C&D3&v4&H0&+0&!R&z1:2].[c&D3&v4&H0&+0&R&z1:3]1:[c&D3&v4&H0&+0&R&z1:4]:[c&D3&v4&H0&+0&R&z1:5](-[O&D1&v2&H1&+0&!R:6]):[c&D3&v4&H0&+0&R&z1:7]:[c&D3&v4&H0&+0&R&z1:8]:[c&D3&v4&H0&+0&R&z1:9]:1-[O&D1&v2&H1&+0&!R:10],259
3003,[C&D3&v4&H1&+0&!R&z1:1](-[O&D1&v2&H1&+0&!R:2])-[C&D3&v4&H1&+0&!R&z1:3]>>[C&D2&v4&H2&+0&!R&z1:3].[O&D1&v2&H0&+0&!R:2]=[C&D2&v4&H1&+0&!R&z1:1],1009
3004,[C&D2&v4&H2&+0&!R&z0:1]-[C&D4&v4&H0&+0&R&z1:2]-[O&D2&v2&H0&+0&R:3]>>([C&D3&v4&H0&+0&!R&z0:2]=[C&D2&v4&H1&+0&!R&z0:1].[O&D1&v2&H1&+0&!R:3]),1005
3005,[C&D4&v4&H0&+0&R&z1:1](-[C&D3&v4&H0&+0&!R&z2:2]-[O&D1&v2&H1&+0&!R:3])-[C&D2&v4&H1&+0&R&z0:4]=[C&D2&v4&H1&+0&R&z0:5]>>[C&D3&v4&H0&+0&R&z1:1]=[C&D2&v4&H1&+0&R&z0:4]-[C&D2&v4&H2&+0&R&z0:5].[O&D1&v2&H0&+0&!R:3]=[C&D2&v4&H0&+0&!R&z2:2],287
3006,[C&D2&v4&H2&+0&!R&z0:1]-[C&D4&v4&H0&+0&R&z2:2]-[O&D2&v2&H0&+0&R:3]>>([C&D2&v4&H1&+0&!R&z0:1]=[C&D3&v4&H0&+0&!R&z1:2].[O&D1&v2&H1&+0&!R:3]),1005
3007,[C&D2&v4&H2&+0&!R&z0:1]-[C&D4&v4&H0&+0&R&z2:2]-[O&D2&v2&H0&+0&R:3]>>([C&D3&v4&H0&+0&!R&z1:2]=[C&D2&v4&H1&+0&!R&z0:1].[O&D1&v2&H1&+0&!R:3]),1005
3008,[C&D3&v4&H0&+0&R&z1:1](=[C&D2&v4&H1&+0&R&z0:2]-[C&D2&v4&H2&+0&R&z0:3])-[O&D2&v2&H0&+0&R:4].[O&D1&v2&H0&+0&!R:5]=[C&D2&v4&H0&+0&!R&z2:6]>>[C&D4&v4&H0&+0&R&z1:1](-[C&D3&v4&H0&+0&!R&z2:6]-[O&D1&v2&H1&+0&!R:5])(-[C&D2&v4&H1&+0&R&z0:2]=[C&D2&v4&H1&+0&R&z0:3])-[O&D2&v2&H0&+0&R:4],385
3009,[C&D3&v4&H0&+0&R&z1:1]=[C&D2&v4&H1&+0&R&z0:2]-[C&D2&v4&H2&+0&R&z0:3]>>[C&D3&v4&H1&+0&R&z1:1]-[C&D2&v4&H1&+0&R&z0:2]=[C&D2&v4&H1&+0&R&z0:3],367
3010,[C&D2&v4&H2&+0&!R&z0:1]-[C&D3&v4&H1&+0&R&z1:2]-[O&D2&v2&H0&+0&R:3]>>([C&D2&v4&H1&+0&!R&z0:1]=[C&D2&v4&H1&+0&!R&z0:2].[O&D1&v2&H1&+0&!R:3]),1005
3011,[C&D3&v4&H1&+0&R&z1:1]-[C&D2&v4&H1&+0&R&z0:2]=[C&D2&v4&H1&+0&R&z0:3]>>[C&D3&v4&H0&+0&R&z1:1]=[C&D2&v4&H1&+0&R&z0:2]-[C&D2&v4&H2&+0&R&z0:3],367
3012,[C&D3&v4&H0&+0&!R&z2:1](-[O&D1&v2&H1&+0&!R:2])-[C&D2&v4&H2&+0&!R&z0:3]-[C&D2&v4&H1&+0&!R&z0:4]=[C&D2&v4&H1&+0&!R&z0:5]>>[C&D1&v4&H2&+0&!R&z0:3]=[C&D2&v4&H1&+0&!R&z0:4]-[C&D2&v4&H2&+0&!R&z0:5].[O&D1&v2&H0&+0&!R:2]=[C&D2&v4&H0&+0&!R&z2:1],287
3013,[C&D2&v4&H2&+0&!R&z0:1]-[C&D2&v4&H1&+0&!R&z0:2]=[C&D2&v4&H1&+0&!R&z0:3]-[C&D3&v4&H0&+0&!R&z1:4]=[O&D1&v2&H0&+0&!R:5]>>[C&D2&v4&H1&+0&!R&z0:1]=[C&D2&v4&H1&+0&!R&z0:2]-[C&D2&v4&H1&+0&!R&z0:3]=[C&D3&v4&H0&+0&!R&z1:4]-[O&D1&v2&H1&+0&!R:5],473
3014,[C&D2&v4&H1&+0&!R&z0:1]=[C&D2&v4&H1&+0&!R&z0:2]-[C&D2&v4&H1&+0&!R&z0:3]=[C&D3&v4&H0&+0&!R&z1:4]-[O&D1&v2&H1&+0&!R:5].[O&D1&v2&H0&+0&!R:6]=[C&D2&v4&H0&+0&!R&z2:7]>>[C&D3&v4&H1&+0&!R&z0:1](-[C&D2&v4&H1&+0&!R&z0:2]=[C&D2&v4&H1&+0&!R&z0:3]-[C&D3&v4&H0&+0&!R&z1:4]=[O&D1&v2&H0&+0&!R:5])-[C&D3&v4&H0&+0&!R&z2:7]-[O&D1&v2&H1&+0&!R:6],401
3015,[C&D2&v4&H1&+0&!R&z0:1]=[C&D2&v4&H1&+0&!R&z0:2]-[C&D2&v4&H2&+0&!R&z0:3].[O&D1&v2&H0&+0&!R:4]=[C&D2&v4&H0&+0&!R&z2:5]>>[C&D3&v4&H1&+0&!R&z0:1](-[C&D2&v4&H1&+0&!R&z0:2]=[C&D2&v4&H1&+0&!R&z0:3])-[C&D3&v4&H0&+0&!R&z2:5]-[O&D1&v2&H1&+0&!R:4],385
3016,[C&D2&v4&H2&+0&!R&z1:1]-[O&D1&v2&H1&+0&!R:2].[C&D3&v4&H0&+0&!R&z1:3]=[O&D1&v2&H0&+0&!R:4]>>[C&D3&v4&H1&+0&!R&z1:3]-[O&D1&v2&H1&+0&!R:4].[O&D1&v2&H0&+0&!R:2]=[C&D2&v4&H1&+0&!R&z1:1],986
3017,[C&D2&v4&H2&+0&!R&z1:1]-[O&D2&v2&H0&+0&!R:2].[C&D3&v4&H0&+0&!R&z1:3]-[C&D3&v4&H0&+0&!R&z2:4]-[O&D1&v2&H1&+0&!R:5].[O&D1&v2&H0&+0&!R:6]=[O&D1&v2&H0&+0&!R:7]>>[C&D3&v4&H0&+0&!R&z2:3]-[O&D1&v2&H1&+0&!R:6].[O&D1&v2&H0&+0&!R:5]=[C&D2&v4&H0&+0&!R&z2:4].[O&D1&v2&H0&+0&!R:7]=[C&D2&v4&H1&+0&!R&z1:1].[O&D1&v2&H1&+0&!R:2],165
3018,[C&D3&v4&H0&+0&!R&z1:1](=[O&D1&v2&H0&+0&!R:2])-[C&D3&v4&H0&+0&!R&z2:3]-[O&D1&v2&H1&+0&!R:4].[O&D1&v2&H0&+0&!R:5]=[C&D2&v4&H1&+0&!R&z1:6]>>[C&D3&v4&H0&+0&!R&z1:1](=[O&D1&v2&H0&+0&!R:2])-[C&D3&v4&H1&+0&!R&z1:6]-[O&D1&v2&H1&+0&!R:5].[O&D1&v2&H0&+0&!R:4]=[C&D2&v4&H0&+0&!R&z2:3],837
3019,[C&D3&v4&H0&+0&!R&z1:1]-[C&D3&v4&H0&+0&!R&z2:2]-[O&D1&v2&H1&+0&!R:3].[O&D1&v2&H0&+0&!R:4]=[O&D1&v2&H0&+0&!R:5].[O&D1&v2&H0&+0&!R:6]=[S&D4&v6&H0&+0&!R:7]-[C&D2&v4&H2&+0&!R&z1:8]>>[C&D3&v4&H0&+0&!R&z2:1]-[O&D1&v2&H1&+0&!R:4].[O&D1&v2&H0&+0&!R:3]=[C&D2&v4&H0&+0&!R&z2:2].[O&D1&v2&H0&+0&!R:5]=[C&D2&v4&H1&+0&!R&z1:8].[S&D3&v4&H0&+0&!R:7]-[O&D1&v2&H1&+0&!R:6],635
3020,[C&D3&v4&H0&+0&!R&z1:1](=[O&D1&v2&H0&+0&!R:2])-[C&D3&v4&H0&+0&!R&z2:3]-[O&D1&v2&H1&+0&!R:4].[C&D3&v4&H1&+0&R&z1:5]-[C&D3&v4&H1&+0&R&z1:6].[O&D1&v2&H0&+0&!R:7]=[O&D1&v2&H0&+0&!R:8]>>[C&D3&v4&H0&+0&R&z1:6]=[C&D3&v4&H0&+0&R&z1:5].[O&D0&v2&H2&+0&!R:8].[O&D1&v2&H0&+0&!R:4]=[C&D2&v4&H0&+0&!R&z2:3].[O&D1&v2&H0&+0&!R:2]=[C&D3&v4&H0&+0&!R&z2:1]-[O&D1&v2&H1&+0&!R:7],301
3021,[C&D3&v4&H0&+0&!R&z1:1](=[O&D1&v2&H0&+0&!R:2])-[C&D3&v4&H0&+0&!R&z2:3]-[O&D1&v2&H1&+0&!R:4].[C&D3&v4&H1&+0&!R&z1:5]-[C&D2&v4&H2&+0&!R&z0:6].[O&D1&v2&H0&+0&!R:7]=[O&D1&v2&H0&+0&!R:8]>>[C&D3&v4&H0&+0&!R&z1:5]=[C&D2&v4&H1&+0&!R&z0:6].[O&D0&v2&H2&+0&!R:8].[O&D1&v2&H0&+0&!R:4]=[C&D2&v4&H0&+0&!R&z2:3].[O&D1&v2&H0&+0&!R:2]=[C&D3&v4&H0&+0&!R&z2:1]-[O&D1&v2&H1&+0&!R:7],301
3022,[C&D3&v4&H0&+0&!R&z1:1](=[O&D1&v2&H0&+0&!R:2])-[C&D3&v4&H0&+0&!R&z2:3]-[O&D1&v2&H1&+0&!R:4]>>[O&D1&v2&H0&+0&!R:4]=[C&D2&v4&H0&+0&!R&z2:3].[O&D1&v2&H0&+0&!R:2]=[C&D2&v4&H1&+0&!R&z1:1],1009
3023,[C&D3&v4&H0&+0&!R&z1:1](=[O&D1&v2&H0&+0&!R:2])-[C&D3&v4&H1&+0&!R&z1:3]-[O&D1&v2&H1&+0&!R:4].[O&D1&v2&H0&+0&!R:5]=[C&D2&v4&H0&+0&!R&z2:6]>>[C&D3&v4&H0&+0&!R&z1:1](=[O&D1&v2&H0&+0&!R:2])-[C&D3&v4&H0&+0&!R&z2:6]-[O&D1&v2&H1&+0&!R:5].[O&D1&v2&H0&+0&!R:4]=[C&D2&v4&H1&+0&!R&z1:3],837
3024,([C&D2&v4&H2&+0&!R&z0:1]-[C&D3&v4&H0&+0&!R&z1:2]=[O&D1&v2&H0&+0&!R:3].[C&D3&v4&H0&+0&!R&z2:4]-[O&D1&v2&H1&+0&!R:5])>>[C&D3&v4&H0&+0&R&z1:2](=[C&D2&v4&H1&+0&R&z0:1])-[O&D2&v2&H0&+0&R:3]-[C&D3&v4&H0&+0&R&z2:4].[O&D0&v2&H2&+0&!R:5],44
3025,[C&D3&v4&H0&+0&!R&z2:1]-[O&D1&v2&H1&+0&!R:2].[O&D1&v2&H0&+0&!R:3]=[C&D2&v4&H0&+0&!R&z2:4].[O&D1&v2&H0&+0&!R:5]=[C&D3&v4&H0&+0&R&z2:6].[n&D2&v3&H1&+0&R:7]>>[C&D3&v4&H0&+0&!R&z1:1]-[C&D3&v4&H0&+0&!R&z2:4]-[O&D1&v2&H1&+0&!R:3].[O&D1&v2&H0&+0&!R:2]=[O&D1&v2&H0&+0&!R:5].[n&D3&v3&H0&+0&R:7]-[C&D3&v4&H1&+0&R&z2:6],880
3026,[C&D3&v4&H0&+0&!R&z2:1]-[O&D1&v2&H1&+0&!R:2].[O&D1&v2&H0&+0&!R:3]=[C&D2&v4&H0&+0&!R&z2:4].[O&D1&v2&H0&+0&!R:5]=[C&D2&v4&H1&+0&!R&z1:6].[O&D1&v2&H1&+0&!R:7]>>[C&D2&v4&H2&+0&!R&z1:6]-[O&D2&v2&H0&+0&!R:7].[C&D3&v4&H0&+0&!R&z1:1]-[C&D3&v4&H0&+0&!R&z2:4]-[O&D1&v2&H1&+0&!R:3].[O&D1&v2&H0&+0&!R:2]=[O&D1&v2&H0&+0&!R:5],513
3027,[C&D3&v4&H0&+0&!R&z2:1]-[O&D1&v2&H1&+0&!R:2].[O&D1&v2&H0&+0&!R:3]=[C&D2&v4&H0&+0&!R&z2:4].[O&D1&v2&H0&+0&!R:5]=[C&D2&v4&H1&+0&!R&z1:6].[S&D3&v4&H0&+0&!R:7]-[O&D1&v2&H1&+0&!R:8]>>[C&D3&v4&H0&+0&!R&z1:1]-[C&D3&v4&H0&+0&!R&z2:4]-[O&D1&v2&H1&+0&!R:3].[O&D1&v2&H0&+0&!R:2]=[O&D1&v2&H0&+0&!R:5].[O&D1&v2&H0&+0&!R:8]=[S&D4&v6&H0&+0&!R:7]-[C&D2&v4&H2&+0&!R&z1:6],27
3028,[C&D4&v4&H0&+0&!R&z1:1](-[O&D1&v2&H1&+0&!R:2])-[C&D2&v4&H2&+0&!R&z0:3]>>[C&D2&v4&H1&+0&!R&z0:3]=[C&D3&v4&H0&+0&!R&z0:1].[O&D0&v2&H2&+0&!R:2],451
3029,([C&D3&v4&H0&+0&!R&z2:1]-[O&D1&v2&H1&+0&!R:2].[C&D3&v4&H1&+0&!R&z1:3]-[O&D1&v2&H1&+0&!R:4]).[O&D1&v2&H0&+0&!R:5]=[C&D2&v4&H0&+0&!R&z2:6]>>([C&D2&v4&H2&+0&!R&z0:3].[C&D3&v4&H0&+0&!R&z1:1]-[C&D3&v4&H0&+0&!R&z2:6]-[O&D1&v2&H1&+0&!R:5]).[O&D1&v2&H0&+0&!R:4]=[O&D1&v2&H0&+0&!R:2],856
3030,[C&D3&v4&H1&+0&!R&z1:1]-[O&D1&v2&H1&+0&!R:2].[O&D1&v2&H0&+0&!R:3]=[C&D2&v4&H1&+0&!R&z1:4]>>[C&D2&v4&H2&+0&!R&z1:4]-[O&D1&v2&H1&+0&!R:3].[C&D3&v4&H0&+0&!R&z1:1]=[O&D1&v2&H0&+0&!R:2],986
3031,[C&D3&v4&H1&+0&!R&z1:1](-[O&D1&v2&H1&+0&!R:2])-[C&D2&v4&H2&+0&!R&z0:3]>>[C&D1&v4&H3&+0&!R&z0:3].[O&D1&v2&H0&+0&!R:2]=[C&D2&v4&H1&+0&!R&z1:1],1009
3032,([C&D2&v4&H2&+0&!R&z0:1].[C&D3&v4&H0&+0&!R&z1:2]-[C&D3&v4&H0&+0&!R&z2:3]-[O&D1&v2&H1&+0&!R:4]).[O&D1&v2&H0&+0&!R:5]=[O&D1&v2&H0&+0&!R:6]>>([C&D3&v4&H0&+0&!R&z2:2]-[O&D1&v2&H1&+0&!R:6].[C&D3&v4&H1&+0&!R&z1:1]-[O&D1&v2&H1&+0&!R:5]).[O&D1&v2&H0&+0&!R:4]=[C&D2&v4&H0&+0&!R&z2:3],255
3033,[O&D1&v2&H0&+0&!R:1]=[C&D3&v4&H0&+0&!R&z2:2]-[O&D1&v2&H1&+0&!R:3].[c&D2&v4&H1&+0&R&z0:4]>>[O&D0&v2&H2&+0&!R:3].[O&D1&v2&H0&+0&!R:1]=[C&D3&v4&H0&+0&!R&z1:2]-[c&D3&v4&H0&+0&R&z0:4],355
3034,[C&D2&v4&H2&+0&!R&z1:1]-[N&D2&v3&H1&+0&!R:2].[C&D2&v4&H2&+0&!R&z1:3]-[N&D2&v3&H1&+0&!R:4].[O&D1&v2&H0&+0&!R:5]=[O&D1&v2&H0&+0&!R:6]>>[N&D1&v3&H2&+0&!R:2].[N&D1&v3&H2&+0&!R:4].[O&D1&v2&H0&+0&!R:5]=[C&D2&v4&H1&+0&!R&z1:1].[O&D1&v2&H0&+0&!R:6]=[C&D2&v4&H1&+0&!R&z1:3],324
3035,[O&D1&v2&H0&+0&!R:1]=[C&D3&v4&H0&+0&!R&z2:2](-[O&D1&v2&H1&+0&!R:3])-[C&D2&v4&H2&+0&!R&z1:4]-[O&D1&v2&H1&+0&!R:5]>>[O&D0&v2&H2&+0&!R:3].[O&D1&v2&H0&+0&!R:5]=[C&D2&v4&H1&+0&!R&z1:4]-[C&D2&v4&H1&+0&!R&z1:2]=[O&D1&v2&H0&+0&!R:1],402
3036,[O&D2&v2&H0&+0&!R:1]-[C&D3&v4&H1&+0&!R&z1:2]-[C&D2&v4&H2&+0&!R&z0:3]>>[C&D2&v4&H1&+0&!R&z0:3]=[C&D2&v4&H1&+0&!R&z0:2].[O&D1&v2&H1&+0&!R:1],451
3037,[O&D1&v2&H0&+0&!R:1]=[C&D3&v4&H0&+0&!R&z2:2]-[O&D1&v2&H1&+0&!R:3].[O&D1&v2&H1&+0&!R:4]-[O&D1&v2&H1&+0&!R:5]>>[O&D0&v2&H2&+0&!R:3].[O&D1&v2&H0&+0&!R:1]=[C&D2&v4&H1&+0&!R&z1:2].[O&D1&v2&H0&+0&!R:4]=[O&D1&v2&H0&+0&!R:5],169
3038,[O&D1&v2&H0&+0&!R:1]=[O&D1&v2&H0&+0&!R:2].[c&D3&v4&H0&+0&R&z0:3]1:[c&D2&v4&H1&+0&R&z0:4]:[c&D3&v4&H0&+0&R&z1:5](-[O&D1&v2&H1&+0&!R:6]):[c&D2&v4&H1&+0&R&z0:7]:[c&D2&v4&H1&+0&R&z0:8]:[c&D3&v4&H0&+0&R&z1:9]:1>>[O&D1&v2&H0&+0&!R:1]=[C&D3&v4&H0&+0&!R&z2:9]-[C&D2&v4&H1&+0&!R&z0:8]=[C&D2&v4&H1&+0&!R&z0:7]-[C&D3&v4&H0&+0&!R&z1:5](=[O&D1&v2&H0&+0&!R:6])-[C&D2&v4&H2&+0&!R&z0:4]-[C&D3&v4&H0&+0&!R&z1:3]=[O&D1&v2&H0&+0&!R:2],444
3039,[O&D1&v2&H0&+0&!R:1]=[O&D1&v2&H0&+0&!R:2].[c&D3&v4&H0&+0&R&z0:3]1:[c&D2&v4&H1&+0&R&z0:4]:[c&D2&v4&H1&+0&R&z0:5]:[c&D3&v4&H0&+0&R&z1:6]:[c&D3&v4&H0&+0&R&z1:7]:[c&D2&v4&H1&+0&R&z0:8]:1>>[O&D1&v2&H0&+0&!R:2]=[C&D2&v4&H1&+0&!R&z1:8]-[C&D3&v4&H0&+0&!R&z0:3]=[C&D2&v4&H1&+0&!R&z0:4]-[C&D2&v4&H1&+0&!R&z0:5]=[C&D3&v4&H0&+0&!R&z1:6]-[C&D3&v4&H0&+0&!R&z2:7]=[O&D1&v2&H0&+0&!R:1],348
3040,([C&D3&v4&H0&+0&!R&z2:1]-[O&D1&v2&H1&+0&!R:2].[c&D3&v4&H0&+0&R&z1:3]-[O&D1&v2&H1&+0&!R:4]).[O&D1&v2&H0&+0&!R:5]=[C&D2&v4&H0&+0&!R&z2:6]>>([C&D3&v4&H0&+0&!R&z2:6](-[O&D1&v2&H1&+0&!R:5])-[C&D3&v4&H0&+0&!R&z1:1].[c&D2&v4&H1&+0&R&z0:3]).[O&D1&v2&H0&+0&!R:4]=[O&D1&v2&H0&+0&!R:2],856
3041,([C&D3&v4&H0&+0&!R&z3:1]-[N&D2&v3&H1&+0&!R:2].[c&D2&v4&H1&+0&R&z1:3])>>([N&D1&v3&H2&+0&!R:2].[c&D3&v4&H0&+0&R&z1:3]-[C&D3&v4&H0&+0&!R&z2:1]),224
3042,[C&D3&v4&H0&+0&!R&z3:1](-[O&D1&v2&H1&+0&!R:2])-[N&D2&v3&H1&+0&!R:3]>>[N&D1&v3&H2&+0&!R:3].[O&D1&v2&H0&+0&!R:2]=[C&D2&v4&H0&+0&!R&z2:1],818
3043,[C&D3&v4&H0&+0&!R&z3:1]-[O&D1&v2&H1&+0&!R:2].[c&D2&v4&H1&+0&R&z1:3]>>[C&D3&v4&H0&+0&!R&z2:1]-[c&D3&v4&H0&+0&R&z1:3].[O&D0&v2&H2&+0&!R:2],355
3044,[C&D3&v4&H0&+0&!R&z3:1](-[O&D1&v2&H1&+0&!R:2])-[O&D1&v2&H1&+0&!R:3]>>[O&D0&v2&H2&+0&!R:3].[O&D1&v2&H0&+0&!R:2]=[C&D2&v4&H0&+0&!R&z2:1],821
3045,[C&D3&v4&H0&+0&!R&z2:1](-[O&D1&v2&H1&+0&!R:2])-[c&D3&v4&H0&+0&R&z1:3]1:[n&D2&v3&H1&+0&R:4]:[c&D3&v4&H0&+0&R&z1:5]:[c&D2&v4&H1&+0&R&z0:6]:[c&D3&v4&H0&+0&R&z0:7]:1-[c&D3&v4&H0&+0&R&z0:8]1:[c&D3&v4&H0&+0&R&z2:9](-[O&D1&v2&H1&+0&!R:10]):[n&D2&v3&H1&+0&R:11]:[c&D3&v4&H0&+0&R&z1:12]:[c&D3&v4&H0&+0&R&z0:13]:1.[O&D1&v2&H0&+0&!R:14]=[O&D1&v2&H0&+0&!R:15]>>[O&D0&v2&H2&+0&!R:14].[O&D1&v2&H0&+0&!R:2]=[C&D2&v4&H0&+0&!R&z2:1].[O&D1&v2&H0&+0&!R:15]=[C&D3&v4&H0&+0&R&z2:3]1-[N&D2&v3&H1&+0&R:4]-[C&D3&v4&H0&+0&R&z1:5]=[C&D2&v4&H1&+0&R&z0:6]-[C&D3&v4&H0&+0&R&z0:7]-1=[C&D3&v4&H0&+0&R&z0:8]1-[C&D3&v4&H0&+0&R&z2:9](=[O&D1&v2&H0&+0&!R:10])-[N&D2&v3&H1&+0&R:11]-[c&D3&v4&H0&+0&R&z1:12]:[c&D3&v4&H0&+0&R&z0:13]-1,256
3046,[C&D3&v4&H0&+0&!R&z2:1](-[O&D1&v2&H1&+0&!R:2])-[c&D3&v4&H0&+0&R&z0:3]>>[O&D1&v2&H0&+0&!R:2]=[C&D2&v4&H0&+0&!R&z2:1].[c&D2&v4&H1&+0&R&z0:3],1009
3047,[C&D3&v4&H0&+0&!R&z2:1](-[O&D1&v2&H1&+0&!R:2])-[c&D3&v4&H0&+0&R&z1:3]>>[O&D1&v2&H0&+0&!R:2]=[C&D2&v4&H0&+0&!R&z2:1].[c&D2&v4&H1&+0&R&z1:3],1009
3048,[C&D3&v4&H1&+0&R&z1:1]-[O&D1&v2&H1&+0&!R:2].[c&D3&v4&H0&+0&R&z0:3]1:[c&D3&v4&H0&+0&R&z1:4]-[C&D3&v4&H0&+0&R&z1:5](=[O&D1&v2&H0&+0&!R:6])-[C&D3&v4&H0&+0&R&z1:7](=[O&D1&v2&H0&+0&!R:8])-[c&D3&v4&H0&+0&R&z0:9]:[c&D3&v4&H0&+0&R&z1:10]-1>>[O&D1&v2&H0&+0&!R:2]=[C&D3&v4&H0&+0&R&z1:1].[c&D3&v4&H0&+0&R&z0:3]1:[c&D3&v4&H0&+0&R&z1:4]:[c&D3&v4&H0&+0&R&z1:5](-[O&D1&v2&H1&+0&!R:6]):[c&D3&v4&H0&+0&R&z1:7](-[O&D1&v2&H1&+0&!R:8]):[c&D3&v4&H0&+0&R&z0:9]:[c&D3&v4&H0&+0&R&z1:10]:1,312
3049,[O&D1&v2&H0&+0&!R:1]=[C&D3&v4&H0&+0&R&z1:2].[c&D3&v4&H0&+0&R&z0:3]1:[c&D3&v4&H0&+0&R&z1:4]:[c&D3&v4&H0&+0&R&z1:5](-[O&D1&v2&H1&+0&!R:6]):[c&D3&v4&H0&+0&R&z1:7](-[O&D1&v2&H1&+0&!R:8]):[c&D3&v4&H0&+0&R&z0:9]:[c&D3&v4&H0&+0&R&z1:10]:1>>[O&D1&v2&H1&+0&!R:1]-[C&D3&v4&H1&+0&R&z1:2].[c&D3&v4&H0&+0&R&z0:3]1:[c&D3&v4&H0&+0&R&z1:4]-[C&D3&v4&H0&+0&R&z1:5](=[O&D1&v2&H0&+0&!R:6])-[C&D3&v4&H0&+0&R&z1:7](=[O&D1&v2&H0&+0&!R:8])-[c&D3&v4&H0&+0&R&z0:9]:[c&D3&v4&H0&+0&R&z1:10]-1,410
3050,[O&D1&v2&H0&+0&!R:1]=[C&D3&v4&H0&+0&!R&z2:2]-[O&D1&v2&H1&+0&!R:3].[O&D1&v2&H1&+0&!R:4]>>[O&D0&v2&H2&+0&!R:3].[O&D2&v2&H0&+0&!R:4]-[C&D3&v4&H0&+0&!R&z2:2]=[O&D1&v2&H0&+0&!R:1],517
3051,[O&D1&v2&H0&+0&!R:1]=[O&D1&v2&H0&+0&!R:2].[c&D3&v4&H0&+0&R&z0:3]1:[c&D2&v4&H1&+0&R&z0:4]:[c&D3&v4&H0&+0&R&z1:5](-[O&D1&v2&H1&+0&!R:6]):[c&D3&v4&H0&+0&R&z1:7]:[c&D3&v4&H0&+0&R&z1:8]:[c&D2&v4&H1&+0&R&z0:9]:1>>[O&D1&v2&H0&+0&!R:1]=[C&D3&v4&H0&+0&!R&z2:8]-[C&D2&v4&H1&+0&!R&z0:9]=[C&D3&v4&H0&+0&!R&z0:3]-[C&D2&v4&H2&+0&!R&z0:4]-[C&D3&v4&H0&+0&!R&z1:5](=[O&D1&v2&H0&+0&!R:6])-[C&D3&v4&H0&+0&!R&z2:7]=[O&D1&v2&H0&+0&!R:2],929
3052,[O&D1&v2&H0&+0&!R:1]=[O&D1&v2&H0&+0&!R:2].[c&D3&v4&H0&+0&R&z0:3]1:[c&D2&v4&H1&+0&R&z0:4]:[c&D2&v4&H1&+0&R&z0:5]:[c&D3&v4&H0&+0&R&z1:6](-[O&D1&v2&H1&+0&!R:7]):[c&D3&v4&H0&+0&R&z1:8]:[c&D3&v4&H0&+0&R&z1:9]:1>>[O&D1&v2&H0&+0&!R:1]=[C&D3&v4&H0&+0&!R&z2:8]-[C&D3&v4&H0&+0&!R&z1:6](=[O&D1&v2&H0&+0&!R:7])-[C&D2&v4&H1&+0&!R&z0:5]=[C&D2&v4&H1&+0&!R&z0:4]-[c&D3&v4&H0&+0&R&z0:3]:[c&D3&v4&H0&+0&R&z2:9]-[O&D1&v2&H1&+0&!R:2],803
3053,([C&D3&v4&H0&+0&!R&z2:1]-[O&D1&v2&H1&+0&!R:2].[c&D2&v4&H1&+0&R&z0:3]).[O&D1&v2&H0&+0&!R:4]=[C&D2&v4&H0&+0&!R&z2:5]>>[C&D3&v4&H0&+0&R&z2:1]-[O&D2&v2&H0&+0&R:4]-[C&D3&v4&H0&+0&R&z2:5]-[c&D3&v4&H0&+0&R&z0:3].[O&D0&v2&H2&+0&!R:2],629
3054,[O&D1&v2&H0&+0&!R:1]=[O&D1&v2&H0&+0&!R:2].[c&D3&v4&H0&+0&R&z0:3]1:[c&D2&v4&H1&+0&R&z0:4]:[c&D3&v4&H0&+0&R&z1:5]:[c&D2&v4&H1&+0&R&z0:6]:[c&D2&v4&H1&+0&R&z0:7]:[c&D3&v4&H0&+0&R&z1:8]:1>>[O&D1&v2&H0&+0&!R:2]=[C&D3&v4&H0&+0&!R&z2:8]-[C&D2&v4&H1&+0&!R&z0:7]=[C&D2&v4&H1&+0&!R&z0:6]-[C&D3&v4&H0&+0&!R&z1:5]=[C&D2&v4&H1&+0&!R&z0:4]-[C&D3&v4&H0&+0&!R&z1:3]=[O&D1&v2&H0&+0&!R:1],348
3055,[O&D1&v2&H0&+0&!R:1]=[C&D3&v4&H0&+0&!R&z2:2]-[O&D1&v2&H1&+0&!R:3].[O&D1&v2&H1&+0&!R:4]>>[C&D3&v4&H0&+0&!R&z2:2](=[O&D1&v2&H0&+0&!R:1])-[O&D2&v2&H0&+0&!R:4].[O&D0&v2&H2&+0&!R:3],517
3056,[O&D1&v2&H0&+0&!R:1]=[C&D3&v4&H0&+0&!R&z2:2].[O&D1&v2&H1&+0&!R:3]-[O&D1&v2&H1&+0&!R:4]>>[C&D3&v4&H1&+0&!R&z2:2]-[O&D1&v2&H1&+0&!R:1].[O&D1&v2&H0&+0&!R:3]=[O&D1&v2&H0&+0&!R:4],824
3057,[C&D3&v4&H1&+0&!R&z2:1]-[O&D1&v2&H1&+0&!R:2].[O&D1&v2&H0&+0&!R:3]=[O&D1&v2&H0&+0&!R:4]>>[O&D1&v2&H0&+0&!R:2]=[C&D3&v4&H0&+0&!R&z2:1].[O&D1&v2&H1&+0&!R:3]-[O&D1&v2&H1&+0&!R:4],197
3058,[C&D3&v4&H1&+0&!R&z2:1](-[O&D1&v2&H1&+0&!R:2])-[O&D1&v2&H1&+0&!R:3]>>[O&D0&v2&H2&+0&!R:3].[O&D1&v2&H0&+0&!R:2]=[C&D2&v4&H1&+0&!R&z1:1],821
3059,[O&D1&v2&H0&+0&!R:1]=[O&D1&v2&H0&+0&!R:2].[c&D3&v4&H0&+0&R&z0:3]1:[c&D2&v4&H1&+0&R&z0:4]:[c&D2&v4&H1&+0&R&z0:5]:[c&D3&v4&H0&+0&R&z1:6]:[c&D3&v4&H0&+0&R&z1:7]:[c&D2&v4&H1&+0&R&z0:8]:1>>[O&D1&v2&H0&+0&!R:1]=[C&D2&v4&H1&+0&!R&z1:5]-[C&D2&v4&H1&+0&!R&z0:4]=[C&D3&v4&H0&+0&!R&z0:3]-[C&D2&v4&H1&+0&!R&z0:8]=[C&D3&v4&H0&+0&!R&z1:7]-[C&D3&v4&H0&+0&!R&z2:6]=[O&D1&v2&H0&+0&!R:2],348
3060,[C&D3&v4&H0&+0&!R&z2:1]-[O&D1&v2&H1&+0&!R:2].[O&D1&v2&H0&+0&!R:3]=[C&D2&v4&H1&+0&!R&z2:4]>>[C&D3&v4&H0&+0&!R&z1:1]-[C&D2&v4&H2&+0&!R&z1:4].[O&D1&v2&H0&+0&!R:2]=[O&D1&v2&H0&+0&!R:3],5
3061,[C&D3&v4&H0&+0&!R&z2:1](-[O&D1&v2&H1&+0&!R:2])-[c&D3&v4&H0&+0&R&z0:3].[C&D3&v4&H1&+0&R&z2:4]-[O&D2&v2&H0&+0&!R:5]>>[C&D3&v4&H1&+0&R&z1:4]-[c&D3&v4&H0&+0&R&z0:3].[O&D1&v2&H0&+0&!R:2]=[C&D2&v4&H0&+0&!R&z2:1].[O&D1&v2&H1&+0&!R:5],399
3062,[O&D1&v2&H1&+0&!R:1]-[O&D1&v2&H1&+0&!R:2].[c&D3&v4&H0&+0&R&z2:3]-[O&D1&v2&H1&+0&!R:4]>>[O&D0&v2&H2&+0&!R:4].[O&D1&v2&H0&+0&!R:1]=[O&D1&v2&H0&+0&!R:2].[c&D2&v4&H1&+0&R&z1:3],169
3063,[O&D1&v2&H0&+0&!R:1]=[C&D2&v4&H0&+0&!R&z2:2].[O&D1&v2&H1&+0&!R:3].[n&D3&v4&H0&+&R:4](-[C&D3&v4&H1&+0&R&z2:5]):[c&D2&v4&H1&+0&R&z1:6]>>[C&D3&v4&H1&+0&R&z2:5]-[O&D2&v2&H0&+0&!R:3].[n&D2&v3&H0&+0&R:4]:[c&D3&v4&H0&+0&R&z1:6]-[C&D3&v4&H0&+0&!R&z2:2]-[O&D1&v2&H1&+0&!R:1],4
3064,[O&D1&v2&H0&+0&!R:1]=[O&D1&v2&H0&+0&!R:2].[c&D3&v4&H0&+0&R&z0:3]1:[c&D2&v4&H1&+0&R&z0:4]:[c&D2&v4&H1&+0&R&z0:5]:[c&D2&v4&H1&+0&R&z0:6]:[c&D3&v4&H0&+0&R&z1:7]:[c&D3&v4&H0&+0&R&z1:8]:1>>[O&D1&v2&H0&+0&!R:1]=[C&D3&v4&H0&+0&!R&z2:7]-[C&D2&v4&H1&+0&!R&z0:6]=[C&D2&v4&H1&+0&!R&z0:5]-[C&D2&v4&H1&+0&!R&z0:4]=[C&D3&v4&H0&+0&!R&z0:3]-[C&D3&v4&H0&+0&!R&z2:8]=[O&D1&v2&H0&+0&!R:2],348
3065,[O&D1&v2&H0&+0&!R:1]=[O&D1&v2&H0&+0&!R:2].[c&D3&v4&H0&+0&R&z0:3]1:[c&D2&v4&H1&+0&R&z0:4]:[c&D2&v4&H1&+0&R&z0:5]:[c&D2&v4&H1&+0&R&z0:6]:[c&D3&v4&H0&+0&R&z1:7]:[c&D3&v4&H0&+0&R&z1:8]:1>>[O&D1&v2&H0&+0&!R:1]=[C&D2&v4&H1&+0&!R&z1:6]-[C&D2&v4&H1&+0&!R&z0:5]=[C&D2&v4&H1&+0&!R&z0:4]-[C&D3&v4&H0&+0&!R&z0:3]=[C&D3&v4&H0&+0&!R&z1:8]-[C&D3&v4&H0&+0&!R&z2:7]=[O&D1&v2&H0&+0&!R:2],348
3066,[C&D2&v4&H2&+0&R&z0:1]-[C&D2&v4&H1&+0&R&z0:2]=[C&D2&v4&H1&+0&R&z0:3]-[C&D3&v4&H1&+0&R&z0:4].[O&D1&v2&H0&+0&!R:5]=[O&D1&v2&H0&+0&!R:6]>>[C&D3&v4&H0&+0&R&z0:4]=[C&D2&v4&H1&+0&R&z0:3]-[C&D2&v4&H1&+0&R&z0:2]=[C&D2&v4&H1&+0&R&z0:1].[O&D1&v2&H1&+0&!R:5]-[O&D1&v2&H1&+0&!R:6],55
3067,[O&D1&v2&H0&+0&!R:1]=[O&D1&v2&H0&+0&!R:2].[c&D3&v4&H0&+0&R&z1:3]1:[c&D3&v4&H0&+0&R&z1:4]-[N&D2&v3&H1&+0&R:5]-[c&D3&v4&H0&+0&R&z1:6]:[c&D3&v4&H0&+0&R&z1:7]-[N&D2&v3&H1&+0&R:8]-1>>[O&D1&v2&H1&+0&!R:1]-[O&D1&v2&H1&+0&!R:2].[c&D3&v4&H0&+0&R&z1:3]1:[n&D2&v3&H0&+0&R:8]:[c&D3&v4&H0&+0&R&z1:7]:[c&D3&v4&H0&+0&R&z1:6]:[n&D2&v3&H0&+0&R:5]:[c&D3&v4&H0&+0&R&z1:4]:1,980
3068,[N&D2&v3&H1&+0&R:1]-[c&D3&v4&H0&+0&R&z1:2]1:[c&D2&v4&H1&+0&R&z0:3]:[c&D2&v4&H1&+0&R&z0:4]:[c&D2&v4&H1&+0&R&z0:5]:[c&D3&v4&H0&+0&R&z0:6]:[c&D3&v4&H0&+0&R&z1:7]:1>>[C&D3&v4&H0&+0&R&z0:6]1=[C&D2&v4&H1&+0&R&z0:5]-[C&D2&v4&H1&+0&R&z0:4]=[C&D2&v4&H1&+0&R&z0:3]-[C&D3&v4&H0&+0&R&z1:2](=[N&D2&v3&H0&+0&R:1])-[C&D3&v4&H1&+0&R&z1:7]-1,727
3069,[c&D3&v4&H0&+0&R&z0:1]1:[c&D2&v4&H1&+0&R&z0:2]:[c&D2&v4&H1&+0&R&z0:3]:[c&D2&v4&H1&+0&R&z0:4]:[c&D3&v4&H0&+0&R&z1:5](:[c&D3&v4&H0&+0&R&z1:6]:1)-[N&D2&v3&H1&+0&R:7]>>[C&D3&v4&H0&+0&R&z0:1]1=[C&D2&v4&H1&+0&R&z0:2]-[C&D2&v4&H1&+0&R&z0:3]=[C&D2&v4&H1&+0&R&z0:4]-[C&D3&v4&H0&+0&R&z1:5](=[N&D2&v3&H0&+0&R:7])-[C&D3&v4&H1&+0&R&z1:6]-1,727
3070,[O&D1&v2&H1&+0&!R:1]-[O&D1&v2&H1&+0&!R:2].[c&D3&v4&H0&+0&R&z1:3]1:[n&D2&v3&H0&+0&R:4]:[c&D3&v4&H0&+0&R&z1:5]:[c&D3&v4&H0&+0&R&z1:6]:[n&D2&v3&H0&+0&R:7]:[c&D3&v4&H0&+0&R&z1:8]:1>>[O&D1&v2&H0&+0&!R:1]=[O&D1&v2&H0&+0&!R:2].[c&D3&v4&H0&+0&R&z1:3]1:[c&D3&v4&H0&+0&R&z1:8]-[N&D2&v3&H1&+0&R:7]-[c&D3&v4&H0&+0&R&z1:6]:[c&D3&v4&H0&+0&R&z1:5]-[N&D2&v3&H1&+0&R:4]-1,822
3071,[C&D3&v4&H1&+0&R&z2:1](-[O&D2&v2&H0&+0&R:2])-[C&D3&v4&H1&+0&R&z1:3]-[O&D1&v2&H1&+0&!R:4]>>([C&D2&v4&H2&+0&!R&z1:1]-[C&D3&v4&H0&+0&!R&z1:3]=[O&D1&v2&H0&+0&!R:4].[O&D1&v2&H1&+0&!R:2]),608
3072,([C&D2&v4&H2&+0&!R&z1:1]-[C&D3&v4&H0&+0&!R&z1:2]=[O&D1&v2&H0&+0&!R:3].[O&D1&v2&H1&+0&!R:4])>>[C&D3&v4&H1&+0&R&z2:1](-[O&D2&v2&H0&+0&R:4])-[C&D3&v4&H1&+0&R&z1:2]-[O&D1&v2&H1&+0&!R:3],380
3073,[C&D3&v4&H1&+0&R&z2:1]-[O&D2&v2&H0&+0&!R:2].[n&D2&v3&H0&+0&R:3]:[c&D3&v4&H0&+0&R&z1:4]-[C&D3&v4&H0&+0&!R&z2:5]-[O&D1&v2&H1&+0&!R:6]>>[O&D1&v2&H0&+0&!R:6]=[C&D2&v4&H0&+0&!R&z2:5].[O&D1&v2&H1&+0&!R:2].[n&D3&v4&H0&+&R:3](-[C&D3&v4&H1&+0&R&z2:1]):[c&D2&v4&H1&+0&R&z1:4],258
3074,[C&D3&v4&H0&+0&!R&z1:1]-[C&D3&v4&H1&+0&!R&z1:2]-[O&D1&v2&H1&+0&!R:3]>>[C&D2&v4&H1&+0&!R&z1:1].[O&D1&v2&H0&+0&!R:3]=[C&D2&v4&H1&+0&!R&z1:2],1009
3075,[C&D3&v4&H0&+0&R&z1:1]=[C&D2&v4&H1&+0&R&z1:2].[c&D2&v4&H1&+0&R&z0:3]>>[C&D3&v4&H1&+0&R&z1:2](-[c&D3&v4&H0&+0&R&z0:3])-[C&D3&v4&H1&+0&R&z1:1],1006
3076,[C&D3&v4&H1&+0&R&z1:1](-[N&D2&v3&H1&+0&!R:2])-[C&D3&v4&H1&+0&R&z1:3]>>[C&D3&v4&H0&+0&R&z1:3]=[C&D2&v4&H1&+0&R&z0:1].[N&D1&v3&H2&+0&!R:2],65
3077,[C&D3&v4&H1&+0&R&z1:1](-[c&D3&v4&H0&+0&R&z0:2])-[C&D3&v4&H1&+0&R&z1:3]>>[C&D3&v4&H0&+0&R&z1:3]=[C&D2&v4&H1&+0&R&z1:1].[c&D2&v4&H1&+0&R&z0:2],322
3078,[O&D1&v2&H0&+0&!R:1]=[C&D3&v4&H0&+0&R&z1:2].[O&D1&v2&H1&+0&!R:3]-[O&D1&v2&H1&+0&!R:4]>>[C&D3&v4&H1&+0&R&z1:2]-[O&D1&v2&H1&+0&!R:1].[O&D1&v2&H0&+0&!R:3]=[O&D1&v2&H0&+0&!R:4],824
3079,[C&D3&v4&H1&+0&R&z1:1]-[O&D1&v2&H1&+0&!R:2].[O&D1&v2&H0&+0&!R:3]=[C&D3&v4&H0&+0&R&z1:4]>>[C&D3&v4&H1&+0&R&z1:4]-[O&D1&v2&H1&+0&!R:3].[O&D1&v2&H0&+0&!R:2]=[C&D3&v4&H0&+0&R&z1:1],986
3080,[C&D3&v4&H1&+0&R&z1:1](-[O&D1&v2&H1&+0&!R:2])-[C&D3&v4&H1&+0&R&z1:3]-[O&D1&v2&H1&+0&!R:4]>>[O&D0&v2&H2&+0&!R:4].[O&D1&v2&H0&+0&!R:2]=[C&D3&v4&H0&+0&R&z1:1]-[C&D2&v4&H2&+0&R&z0:3],402
3081,([O&D1&v2&H0&+0&!R:1]=[C&D3&v4&H0&+0&R&z1:2]-[C&D3&v4&H1&+0&R&z1:3](-[C&D3&v4&H1&+0&R&z1:4](-[C&D3&v4&H1&+0&R&z1:5]-[O&D2&v2&H0&+0&R:6])-[O&D1&v2&H1&+0&!R:7])-[O&D1&v2&H1&+0&!R:8].[O&D1&v2&H1&+0&!R:9])>>[O&D0&v2&H2&+0&!R:7].([O&D1&v2&H0&+0&!R:8]=[C&D3&v4&H0&+0&R&z1:3](-[C&D2&v4&H1&+0&R&z0:4]=[C&D2&v4&H1&+0&R&z0:5])-[C&D4&v4&H0&+0&R&z2:2](-[O&D2&v2&H0&+0&R:9])-[O&D1&v2&H1&+0&!R:1].[O&D1&v2&H1&+0&!R:6]),119
3082,[C&D3&v4&H0&+0&R&z1:1]-[O&D1&v2&H1&+0&!R:2].[C&D3&v4&H0&+0&R&z1:3]-[O&D1&v2&H1&+0&!R:4]>>[C&D2&v4&H1&+0&R&z0:1].[C&D2&v4&H1&+0&R&z0:3].[O&D1&v2&H0&+0&!R:2]=[O&D1&v2&H0&+0&!R:4],447
3083,[C&D2&v4&H1&+0&R&z0:1].[C&D2&v4&H1&+0&R&z0:2].[O&D1&v2&H0&+0&!R:3]=[O&D1&v2&H0&+0&!R:4]>>[C&D3&v4&H0&+0&R&z1:1]-[O&D1&v2&H1&+0&!R:3].[C&D3&v4&H0&+0&R&z1:2]-[O&D1&v2&H1&+0&!R:4],141
3084,[O&D1&v2&H0&+0&!R:1]=[C&D3&v4&H0&+0&R&z1:2](-[C&D2&v4&H2&+0&R&z0:3])-[C&D3&v4&H0&+0&R&z1:4](=[C&D2&v4&H1&+0&R&z1:5]-[O&D2&v2&H0&+0&R:6])-[O&D1&v2&H1&+0&!R:7]>>[O&D1&v2&H0&+0&!R:7]=[C&D3&v4&H0&+0&R&z1:4](-[C&D2&v4&H2&+0&R&z1:5]-[O&D2&v2&H0&+0&R:6])-[C&D3&v4&H0&+0&R&z1:2](=[C&D2&v4&H1&+0&R&z0:3])-[O&D1&v2&H1&+0&!R:1],153
3085,[O&D1&v2&H0&+0&!R:1]=[C&D3&v4&H0&+0&R&z1:2]-[C&D2&v4&H2&+0&R&z0:3]-[C&D4&v4&H0&+0&R&z1:4]-[O&D1&v2&H1&+0&!R:5].[O&D1&v2&H1&+0&!R:6]>>([C&D3&v4&H0&+0&!R&z1:4]=[O&D1&v2&H0&+0&!R:5].[C&D3&v4&H1&+0&!R&z1:2](-[O&D1&v2&H1&+0&!R:1])-[C&D2&v4&H2&+0&!R&z1:3]-[O&D2&v2&H0&+0&!R:6]),28
3086,[C&D2&v4&H2&+0&R&z0:1]-[C&D4&v4&H0&+0&R&z1:2]-[O&D1&v2&H1&+0&!R:3]>>([C&D1&v4&H3&+0&!R&z0:1].[C&D3&v4&H0&+0&!R&z1:2]=[O&D1&v2&H0&+0&!R:3]),705
3087,[C&D2&v4&H2&+0&R&z0:1]-[C&D4&v4&H0&+0&R&z1:2]-[O&D1&v2&H1&+0&!R:3]>>[C&D3&v4&H0&+0&R&z0:2]=[C&D2&v4&H1&+0&R&z0:1].[O&D0&v2&H2&+0&!R:3],451
3088,[C&D3&v4&H0&+0&R&z1:1]-[C&D2&v4&H2&+0&R&z0:2]-[C&D4&v4&H0&+0&R&z1:3]-[C&D2&v4&H2&+0&!R&z1:4].[O&D1&v2&H1&+0&!R:5]>>([C&D3&v4&H0&+0&!R&z1:1]-[C&D2&v4&H2&+0&!R&z1:4].[C&D3&v4&H1&+0&!R&z1:3]-[C&D2&v4&H2&+0&!R&z1:2]-[O&D2&v2&H0&+0&!R:5]),375
3089,[O&D1&v2&H0&+0&!R:1]=[C&D3&v4&H0&+0&R&z1:2]-[C&D2&v4&H2&+0&R&z0:3]-[C&D3&v4&H1&+0&R&z1:4].[O&D1&v2&H1&+0&!R:5]>>[O&D2&v2&H0&+0&!R:5]-[C&D2&v4&H2&+0&!R&z1:3]-[C&D3&v4&H1&+0&R&z1:2]-[O&D2&v2&H0&+0&R:1]-[C&D3&v4&H1&+0&R&z2:4],844
3090,[C&D2&v4&H2&+0&R&z0:1]-[C&D3&v4&H1&+0&R&z1:2]-[O&D2&v2&H0&+0&R:3]>>([C&D2&v4&H1&+0&!R&z0:1]=[C&D2&v4&H1&+0&!R&z0:2].[O&D1&v2&H1&+0&!R:3]),1005
3091,[C&D4&v4&H0&+0&R&z2:1](-[O&D1&v2&H1&+0&!R:2])-[N&D2&v3&H1&+0&R:3]>>([C&D3&v4&H0&+0&!R&z1:1]=[O&D1&v2&H0&+0&!R:2].[N&D1&v3&H2&+0&!R:3]),732
3092,[C&D3&v4&H0&+0&R&z2:1]-[O&D2&v2&H0&+0&R:2]-[C&D3&v4&H1&+0&R&z2:3]-[O&D1&v2&H1&+0&!R:4]>>([C&D3&v4&H0&+0&!R&z2:1]-[O&D1&v2&H1&+0&!R:4].[O&D1&v2&H0&+0&!R:2]=[C&D2&v4&H1&+0&!R&z1:3]),35
3093,[N&D3&v3&H0&+0&R:1]-[C&D3&v4&H1&+0&R&z2:2].[O&D1&v2&H1&+0&!R:3]>>[C&D3&v4&H1&+0&R&z2:2]-[O&D2&v2&H0&+0&!R:3].[N&D2&v3&H1&+0&R:1],587
3094,[C&D3&v4&H1&+0&R&z2:1]-[O&D2&v2&H0&+0&!R:2].[N&D2&v3&H1&+0&R:3]>>[N&D3&v3&H0&+0&R:3]-[C&D3&v4&H1&+0&R&z2:1].[O&D1&v2&H1&+0&!R:2],175
3095,[C&D3&v4&H1&+0&R&z1:1](-[O&D1&v2&H1&+0&!R:2])-[C&D3&v4&H1&+0&R&z1:3]>>[C&D2&v4&H1&+0&R&z0:1]=[C&D3&v4&H0&+0&R&z1:3].[O&D0&v2&H2&+0&!R:2],451
3096,[O&D1&v2&H0&+0&!R:1]=[C&D3&v4&H0&+0&R&z1:2](-[C&D2&v4&H2&+0&R&z1:3])-[C&D3&v4&H0&+0&R&z1:4](=[C&D2&v4&H1&+0&R&z0:5])-[O&D1&v2&H1&+0&!R:6]>>[O&D1&v2&H0&+0&!R:6]=[C&D3&v4&H0&+0&R&z1:4](-[C&D2&v4&H2&+0&R&z0:5])-[C&D3&v4&H0&+0&R&z1:2](=[C&D2&v4&H1&+0&R&z1:3])-[O&D1&v2&H1&+0&!R:1],153
3097,[C&D3&v4&H1&+0&R&z1:1](-[C&D3&v4&H0&+0&!R&z2:2])-[C&D3&v4&H1&+0&R&z1:3]-[C&D3&v4&H1&+0&R&z1:4]>>[C&D3&v4&H1&+0&R&z1:1](-[C&D3&v4&H1&+0&!R&z1:3]-[C&D3&v4&H0&+0&!R&z2:2])-[C&D3&v4&H1&+0&R&z1:4],948
3098,[O&D2&v2&H0&+0&R:1]-[C&D3&v4&H1&+0&R&z1:2]-[C&D3&v4&H1&+0&!R&z1:3]-[O&D1&v2&H1&+0&!R:4]>>([C&D3&v4&H0&+0&!R&z1:3](=[O&D1&v2&H0&+0&!R:4])-[C&D2&v4&H2&+0&!R&z0:2].[O&D1&v2&H1&+0&!R:1]),608
3099,[C&D3&v4&H1&+0&R&z1:1](-[C&D3&v4&H1&+0&!R&z1:2]-[C&D3&v4&H0&+0&!R&z2:3])-[C&D3&v4&H1&+0&R&z1:4]>>[C&D3&v4&H1&+0&R&z1:1](-[C&D3&v4&H0&+0&!R&z2:3])-[C&D3&v4&H1&+0&R&z1:2]-[C&D3&v4&H1&+0&R&z1:4],948
3100,[C&D3&v4&H0&+0&R&z1:1](=[O&D1&v2&H0&+0&!R:2])-[C&D3&v4&H1&+0&R&z1:3]>>[C&D3&v4&H0&+0&R&z1:1](-[O&D1&v2&H1&+0&!R:2])=[C&D3&v4&H0&+0&R&z1:3],167
3101,[C&D3&v4&H0&+0&R&z1:1]=[C&D3&v4&H0&+0&R&z1:2].[O&D1&v2&H1&+0&!R:3]-[O&D1&v2&H1&+0&!R:4]>>[C&D3&v4&H1&+0&R&z1:1]-[C&D3&v4&H1&+0&R&z1:2].[O&D1&v2&H0&+0&!R:3]=[O&D1&v2&H0&+0&!R:4],976
3102,[C&D3&v4&H0&+0&R&z1:1](-[O&D1&v2&H1&+0&!R:2])=[C&D3&v4&H0&+0&R&z1:3]>>[C&D3&v4&H0&+0&R&z1:1](=[O&D1&v2&H0&+0&!R:2])-[C&D3&v4&H1&+0&R&z1:3],996
3103,[C&D3&v4&H1&+0&R&z1:1]-[C&D3&v4&H1&+0&R&z1:2].[O&D1&v2&H0&+0&!R:3]=[O&D1&v2&H0&+0&!R:4]>>[C&D3&v4&H0&+0&R&z1:1]=[C&D3&v4&H0&+0&R&z1:2].[O&D1&v2&H1&+0&!R:3]-[O&D1&v2&H1&+0&!R:4],734
3104,[O&D1&v2&H0&+0&!R:1]=[C&D3&v4&H0&+0&R&z2:2].[O&D1&v2&H1&+0&!R:3]-[O&D1&v2&H1&+0&!R:4]>>[C&D3&v4&H1&+0&R&z2:2]-[O&D1&v2&H1&+0&!R:1].[O&D1&v2&H0&+0&!R:3]=[O&D1&v2&H0&+0&!R:4],824
3105,([C&D3&v4&H1&+0&R&z2:1]-[O&D1&v2&H1&+0&!R:2].[O&D1&v2&H1&+0&!R:3])>>[O&D0&v2&H2&+0&!R:2].[O&D2&v2&H0&+0&R:3]-[C&D3&v4&H1&+0&R&z2:1],493
3106,[C&D2&v4&H1&+0&!R&z1:1]-[C&D3&v4&H1&+0&!R&z1:2]-[O&D1&v2&H1&+0&!R:3].[O&D1&v2&H0&+0&!R:4]=[C&D2&v4&H0&+0&!R&z2:5]>>[C&D2&v4&H1&+0&!R&z1:1]-[C&D3&v4&H0&+0&!R&z2:5]-[O&D1&v2&H1&+0&!R:4].[O&D1&v2&H0&+0&!R:3]=[C&D2&v4&H1&+0&!R&z1:2],837
3107,[O&D1&v2&H0&+0&!R:1]=[C&D2&v4&H0&+0&!R&z2:2].[O&D1&v2&H0&+0&!R:3]=[C&D2&v4&H1&+0&!R&z1:4]>>[C&D3&v4&H0&+0&!R&z1:4](=[O&D1&v2&H0&+0&!R:3])-[C&D3&v4&H0&+0&!R&z2:2]-[O&D1&v2&H1&+0&!R:1],439
3108,[O&D1&v2&H0&+0&!R:1]=[C&D2&v4&H0&+0&!R&z2:2].[O&D1&v2&H0&+0&!R:3]=[C&D2&v4&H1&+0&!R&z1:4]>>[C&D3&v4&H0&+0&!R&z2:2](-[O&D1&v2&H1&+0&!R:1])-[C&D3&v4&H0&+0&!R&z1:4]=[O&D1&v2&H0&+0&!R:3],439
3109,[C&D2&v4&H1&+0&!R&z2:1].[O&D1&v2&H0&+0&!R:2]=[C&D2&v4&H0&+0&!R&z2:3]>>[C&D3&v4&H0&+0&!R&z2:1]-[C&D3&v4&H0&+0&!R&z2:3]-[O&D1&v2&H1&+0&!R:2],439
3110,[C&D2&v4&H1&+0&!R&z1:1].[O&D1&v2&H0&+0&!R:2]=[C&D2&v4&H0&+0&!R&z2:3]>>[C&D3&v4&H0&+0&!R&z2:3](-[O&D1&v2&H1&+0&!R:2])-[C&D3&v4&H0&+0&!R&z1:1],439
3111,[C&D3&v4&H1&+0&R&z1:1]-[c&D3&v4&H0&+0&R&z0:2].[O&D1&v2&H0&+0&!R:3]=[C&D2&v4&H0&+0&!R&z2:4].[O&D1&v2&H1&+0&!R:5]>>[C&D3&v4&H0&+0&!R&z2:4](-[O&D1&v2&H1&+0&!R:3])-[c&D3&v4&H0&+0&R&z0:2].[C&D3&v4&H1&+0&R&z2:1]-[O&D2&v2&H0&+0&!R:5],701
3112,[O&D1&v2&H0&+0&!R:1]=[C&D2&v4&H0&+0&!R&z2:2].[c&D2&v4&H1&+0&R&z0:3]>>[C&D3&v4&H0&+0&!R&z2:2](-[O&D1&v2&H1&+0&!R:1])-[c&D3&v4&H0&+0&R&z0:3],439
3113,[O&D1&v2&H0&+0&!R:1]=[C&D2&v4&H0&+0&!R&z2:2].[c&D2&v4&H1&+0&R&z1:3]>>[C&D3&v4&H0&+0&!R&z2:2](-[O&D1&v2&H1&+0&!R:1])-[c&D3&v4&H0&+0&R&z1:3],439
3114,[C&D2&v4&H2&+0&R&z1:1].[O&D1&v2&H0&+0&!R:2]=[C&D2&v4&H0&+0&!R&z2:3]>>[C&D3&v4&H0&+0&!R&z2:3](-[O&D1&v2&H1&+0&!R:2])-[C&D3&v4&H1&+0&R&z1:1],439
3115,[O&D1&v2&H0&+0&!R:1]=[C&D2&v4&H0&+0&!R&z2:2].[O&D1&v2&H1&+0&!R:3]-[O&D1&v2&H1&+0&!R:4].[c&D2&v4&H1&+0&R&z0:5]1:[c&D2&v4&H1&+0&R&z0:6]:[c&D2&v4&H1&+0&R&z0:7]:[c&D3&v4&H0&+0&R&z1:8]:[c&D3&v4&H0&+0&R&z1:9]:[c&D2&v4&H1&+0&R&z0:10]:1>>[C&D3&v4&H0&+0&!R&z2:2](-[O&D1&v2&H1&+0&!R:1])-[C&D3&v4&H1&+0&R&z0:7]1-[C&D2&v4&H1&+0&R&z0:6]=[C&D2&v4&H1&+0&R&z0:5]-[C&D2&v4&H2&+0&R&z0:10]-[C&D3&v4&H0&+0&R&z1:9]=[C&D3&v4&H0&+0&R&z1:8]-1.[O&D1&v2&H0&+0&!R:4]=[O&D1&v2&H0&+0&!R:3],23
3116,[O&D1&v2&H0&+0&!R:1]=[C&D2&v4&H0&+0&!R&z2:2].[S&D0&v2&H2&+0&!R:3]>>[C&D2&v4&H0&+0&!R&z2:2]=[S&D1&v2&H0&+0&!R:3].[O&D0&v2&H2&+0&!R:1],495
3117,[O&D1&v2&H0&+0&!R:1]=[C&D2&v4&H0&+0&!R&z2:2].[S&D0&v2&H2&+0&!R:3]>>[O&D0&v2&H2&+0&!R:1].[S&D1&v2&H0&+0&!R:3]=[C&D2&v4&H0&+0&!R&z2:2],495
3118,[O&D1&v2&H0&+0&!R:1]=[C&D2&v4&H1&+0&!R&z1:2]-[C&D3&v4&H0&+0&!R&z0:3]=[C&D2&v4&H1&+0&!R&z0:4]-[C&D2&v4&H1&+0&!R&z0:5]=[C&D3&v4&H0&+0&!R&z1:6]-[C&D3&v4&H0&+0&!R&z2:7]=[O&D1&v2&H0&+0&!R:8]>>[O&D1&v2&H0&+0&!R:1]=[O&D1&v2&H0&+0&!R:8].[c&D3&v4&H0&+0&R&z0:3]1:[c&D2&v4&H1&+0&R&z0:4]:[c&D2&v4&H1&+0&R&z0:5]:[c&D3&v4&H0&+0&R&z1:6]:[c&D3&v4&H0&+0&R&z1:7]:[c&D2&v4&H1&+0&R&z0:2]:1,582
3119,[C&D2&v4&H1&+0&!R&z1:1]-[C&D3&v4&H0&+0&!R&z2:2]-[O&D1&v2&H1&+0&!R:3].[O&D1&v2&H0&+0&!R:4]=[C&D2&v4&H1&+0&!R&z1:5]>>[C&D2&v4&H1&+0&!R&z1:1]-[C&D3&v4&H1&+0&!R&z1:5]-[O&D1&v2&H1&+0&!R:4].[O&D1&v2&H0&+0&!R:3]=[C&D2&v4&H0&+0&!R&z2:2],837
3120,[O&D1&v2&H0&+0&!R:1]=[C&D2&v4&H1&+0&!R&z1:2].[O&D1&v2&H1&+0&!R:3]-[O&D1&v2&H1&+0&!R:4]>>[C&D2&v4&H2&+0&!R&z1:2]-[O&D1&v2&H1&+0&!R:1].[O&D1&v2&H0&+0&!R:3]=[O&D1&v2&H0&+0&!R:4],824
3121,[O&D1&v2&H0&+0&!R:1]=[C&D2&v4&H1&+0&!R&z1:2]-[C&D3&v4&H1&+0&!R&z1:3]-[O&D1&v2&H1&+0&!R:4]>>[C&D3&v4&H0&+0&!R&z1:3](=[O&D1&v2&H0&+0&!R:4])-[C&D2&v4&H2&+0&!R&z1:2]-[O&D1&v2&H1&+0&!R:1],693
3122,[O&D1&v2&H0&+0&!R:1]=[C&D2&v4&H1&+0&!R&z1:2]-[C&D3&v4&H1&+0&!R&z1:3]-[O&D1&v2&H1&+0&!R:4]>>[O&D1&v2&H0&+0&!R:4]=[C&D3&v4&H0&+0&!R&z1:3]-[C&D2&v4&H2&+0&!R&z1:2]-[O&D1&v2&H1&+0&!R:1],693
3123,([C&D2&v4&H2&+0&!R&z1:1]-[O&D1&v2&H1&+0&!R:2].[O&D1&v2&H0&+0&!R:3]=[C&D2&v4&H1&+0&!R&z1:4])>>[C&D2&v4&H2&+0&R&z1:1]-[O&D2&v2&H0&+0&R:3]-[C&D3&v4&H1&+0&R&z2:4]-[O&D1&v2&H1&+0&!R:2],173
3124,([C&D3&v4&H1&+0&!R&z1:1]-[O&D1&v2&H1&+0&!R:2].[O&D1&v2&H0&+0&!R:3]=[C&D2&v4&H1&+0&!R&z1:4])>>[C&D3&v4&H1&+0&R&z1:1]-[O&D2&v2&H0&+0&R:3]-[C&D3&v4&H1&+0&R&z2:4]-[O&D1&v2&H1&+0&!R:2],173
3125,([C&D2&v4&H1&+0&!R&z1:1].[C&D3&v4&H0&+0&!R&z2:2]-[O&D1&v2&H1&+0&!R:3])>>[C&D3&v4&H0&+0&R&z1:2]-[C&D3&v4&H0&+0&R&z1:1].[O&D0&v2&H2&+0&!R:3],503
3126,([C&D2&v4&H2&+0&!R&z0:1]-[C&D3&v4&H0&+0&!R&z1:2]=[O&D1&v2&H0&+0&!R:3].[O&D1&v2&H0&+0&!R:4]=[C&D2&v4&H1&+0&!R&z1:5])>>[C&D3&v4&H0&+0&R&z1:2](=[C&D2&v4&H1&+0&R&z0:1])-[O&D2&v2&H0&+0&R:3]-[C&D3&v4&H1&+0&R&z2:5]-[O&D1&v2&H1&+0&!R:4],277
3127,[O&D1&v2&H0&+0&!R:1]=[C&D2&v4&H1&+0&!R&z1:2].[O&D2&v2&H0&+0&R:3]-[C&D4&v4&H0&+0&R&z2:4](-[O&D1&v2&H1&+0&!R:5])-[C&D3&v4&H1&+0&R&z1:6]-[C&D3&v4&H1&+0&R&z1:7]-[O&D1&v2&H1&+0&!R:8]>>([O&D1&v2&H0&+0&!R:8]=[C&D2&v4&H1&+0&!R&z1:7].[O&D1&v2&H1&+0&!R:3]).[O&D1&v2&H0&+0&!R:5]=[C&D3&v4&H0&+0&!R&z1:4]-[C&D3&v4&H1&+0&!R&z1:6]-[C&D3&v4&H1&+0&!R&z1:2]-[O&D1&v2&H1&+0&!R:1],702
3128,[C&D2&v4&H2&+0&!R&z1:1]-[C&D3&v4&H1&+0&R&z1:2]-[O&D2&v2&H0&+0&R:3]-[C&D4&v4&H0&+0&R&z2:4]-[O&D1&v2&H1&+0&!R:5].[C&D2&v4&H2&+0&!R&z1:6]-[O&D2&v2&H0&+0&!R:7]-[P&D4&v5&H0&+0&!R:8]>>[C&D3&v4&H1&+0&!R&z1:6](-[O&D1&v2&H1&+0&!R:7])-[C&D2&v4&H2&+0&!R&z1:1].([C&D2&v4&H2&+0&!R&z1:2]-[O&D2&v2&H0&+0&!R:3]-[P&D4&v5&H0&+0&!R:8].[O&D1&v2&H0&+0&!R:5]=[C&D3&v4&H0&+0&!R&z1:4]),29
3129,[C&D2&v4&H2&+0&!R&z1:1]-[O&D2&v2&H0&+0&!R:2].[S&D4&v6&H0&+0&!R:3]-[C&D2&v4&H2&+0&!R&z1:4]>>[C&D2&v4&H2&+0&!R&z1:1]-[S&D4&v6&H0&+0&!R:3].[O&D2&v2&H0&+0&!R:2]-[C&D2&v4&H2&+0&!R&z1:4],145
3130,[O&D1&v2&H0&+0&!R:1]=[C&D2&v4&H1&+0&!R&z1:2].[c&D2&v4&H1&+0&R&z0:3]>>[C&D3&v4&H1&+0&!R&z1:2](-[O&D1&v2&H1&+0&!R:1])-[c&D3&v4&H0&+0&R&z0:3],439
3131,[C&D2&v4&H2&+0&!R&z1:1]-[S&D4&v6&H0&+0&!R:2].[O&D2&v2&H0&+0&!R:3]-[C&D2&v4&H2&+0&!R&z1:4]>>[C&D2&v4&H2&+0&!R&z1:1]-[O&D2&v2&H0&+0&!R:3].[S&D4&v6&H0&+0&!R:2]-[C&D2&v4&H2&+0&!R&z1:4],145
3132,[C&D3&v4&H1&+0&!R&z2:1](-[O&D1&v2&H1&+0&!R:2])-[N&D2&v3&H1&+0&!R:3]>>[N&D1&v3&H2&+0&!R:3].[O&D1&v2&H0&+0&!R:2]=[C&D2&v4&H1&+0&!R&z1:1],818
3133,[O&D1&v2&H0&+0&!R:1]=[C&D2&v4&H1&+0&!R&z1:2]-[C&D2&v4&H1&+0&!R&z0:3]=[C&D3&v4&H0&+0&!R&z0:4]-[C&D2&v4&H1&+0&!R&z0:5]=[C&D3&v4&H0&+0&!R&z1:6]-[C&D3&v4&H0&+0&!R&z2:7]=[O&D1&v2&H0&+0&!R:8]>>[O&D1&v2&H0&+0&!R:1]=[O&D1&v2&H0&+0&!R:8].[c&D3&v4&H0&+0&R&z0:4]1:[c&D2&v4&H1&+0&R&z0:3]:[c&D2&v4&H1&+0&R&z0:2]:[c&D3&v4&H0&+0&R&z1:7]:[c&D3&v4&H0&+0&R&z1:6]:[c&D2&v4&H1&+0&R&z0:5]:1,582
3134,[O&D1&v2&H0&+0&!R:1]=[C&D2&v4&H1&+0&!R&z1:2]-[C&D2&v4&H1&+0&!R&z0:3]=[C&D3&v4&H0&+0&!R&z1:4]-[C&D2&v4&H1&+0&!R&z0:5]=[C&D2&v4&H1&+0&!R&z0:6]-[C&D3&v4&H0&+0&!R&z2:7]=[O&D1&v2&H0&+0&!R:8]>>[O&D1&v2&H0&+0&!R:1]=[O&D1&v2&H0&+0&!R:8].[c&D3&v4&H0&+0&R&z1:4]1:[c&D2&v4&H1&+0&R&z0:3]:[c&D2&v4&H1&+0&R&z0:2]:[c&D3&v4&H0&+0&R&z1:7]:[c&D2&v4&H1&+0&R&z0:6]:[c&D2&v4&H1&+0&R&z0:5]:1,582
3135,[O&D1&v2&H0&+0&!R:1]=[C&D2&v4&H1&+0&!R&z1:2]-[C&D2&v4&H1&+0&!R&z0:3]=[C&D2&v4&H1&+0&!R&z0:4]-[C&D3&v4&H0&+0&!R&z0:5]=[C&D3&v4&H0&+0&!R&z1:6]-[C&D3&v4&H0&+0&!R&z2:7]=[O&D1&v2&H0&+0&!R:8]>>[O&D1&v2&H0&+0&!R:1]=[O&D1&v2&H0&+0&!R:8].[c&D3&v4&H0&+0&R&z0:5]1:[c&D2&v4&H1&+0&R&z0:4]:[c&D2&v4&H1&+0&R&z0:3]:[c&D2&v4&H1&+0&R&z0:2]:[c&D3&v4&H0&+0&R&z1:7]:[c&D3&v4&H0&+0&R&z1:6]:1,582
3136,[O&D1&v2&H0&+0&!R:1]=[C&D2&v4&H1&+0&!R&z1:2]-[C&D2&v4&H1&+0&!R&z0:3]=[C&D2&v4&H1&+0&!R&z0:4]-[C&D2&v4&H1&+0&!R&z0:5]=[C&D3&v4&H0&+0&!R&z1:6]-[C&D3&v4&H0&+0&!R&z2:7]=[O&D1&v2&H0&+0&!R:8]>>[O&D1&v2&H0&+0&!R:1]=[O&D1&v2&H0&+0&!R:8].[c&D3&v4&H0&+0&R&z1:6]1:[c&D2&v4&H1&+0&R&z0:5]:[c&D2&v4&H1&+0&R&z0:4]:[c&D2&v4&H1&+0&R&z0:3]:[c&D2&v4&H1&+0&R&z0:2]:[c&D3&v4&H0&+0&R&z1:7]:1,582
3137,[C&D3&v4&H0&+0&!R&z2:1](=[O&D1&v2&H0&+0&!R:2])-[O&D1&v2&H1&+0&!R:3].[O&D1&v2&H1&+0&!R:4]-[O&D1&v2&H1&+0&!R:5]>>[O&D0&v2&H2&+0&!R:3].[O&D1&v2&H0&+0&!R:2]=[C&D2&v4&H1&+0&!R&z1:1].[O&D1&v2&H0&+0&!R:4]=[O&D1&v2&H0&+0&!R:5],169
3138,[O&D1&v2&H0&+0&!R:1]=[C&D2&v4&H1&+0&!R&z1:2]-[C&D2&v4&H2&+0&!R&z0:3]>>[C&D1&v4&H1&+0&!R&z0:2]#[C&D2&v4&H0&+0&!R&z0:3].[O&D0&v2&H2&+0&!R:1],185
3139,([C&D2&v4&H1&+0&!R&z1:1].[C&D3&v4&H0&+0&!R&z2:2](=[O&D1&v2&H0&+0&!R:3])-[O&D1&v2&H1&+0&!R:4])>>[C&D3&v4&H0&+0&R&z1:1]-[C&D3&v4&H0&+0&R&z1:2]=[O&D1&v2&H0&+0&!R:3].[O&D0&v2&H2&+0&!R:4],503
3140,([C&D3&v4&H0&+0&!R&z2:1]-[O&D1&v2&H1&+0&!R:2].[O&D1&v2&H0&+0&!R:3]=[C&D2&v4&H1&+0&!R&z1:4])>>[C&D3&v4&H0&+0&R&z2:1]-[O&D2&v2&H0&+0&R:3]-[C&D3&v4&H1&+0&R&z2:4]-[O&D1&v2&H1&+0&!R:2],173
3141,[O&D1&v2&H0&+0&!R:1]=[C&D2&v4&H1&+0&!R&z1:2].[O&D1&v2&H1&+0&!R:3]-[O&D1&v2&H1&+0&!R:4]>>[O&D1&v2&H0&+0&!R:3]=[O&D1&v2&H0&+0&!R:4].[O&D1&v2&H1&+0&!R:1]-[C&D2&v4&H2&+0&!R&z1:2],824
3142,[C&D2&v4&H2&+0&!R&z0:1]-[C&D2&v4&H2&+0&!R&z1:2]-[N&D2&v3&H1&+0&!R:3]>>[C&D1&v4&H2&+0&!R&z0:2]=[C&D2&v4&H1&+0&!R&z0:1].[N&D1&v3&H2&+0&!R:3],65
3143,[O&D1&v2&H0&+0&!R:1]=[C&D2&v4&H1&+0&!R&z1:2]-[C&D2&v4&H2&+0&!R&z0:3]>>[C&D3&v4&H1&+0&R&z1:3]1-[C&D2&v4&H2&+0&R&z1:2]-[O&D2&v2&H0&+0&R:1]-1,571
3144,[C&D2&v4&H2&+0&!R&z2:1]-[O&D1&v2&H1&+0&!R:2].[O&D1&v2&H0&+0&!R:3]=[C&D2&v4&H1&+0&!R&z2:4]>>[C&D2&v4&H2&+0&!R&z1:1]-[C&D2&v4&H2&+0&!R&z1:4].[O&D1&v2&H0&+0&!R:2]=[O&D1&v2&H0&+0&!R:3],5
3145,[C&D2&v4&H1&+0&!R&z2:1]-[O&D1&v2&H1&+0&!R:2].[C&D3&v4&H0&+0&R&z1:3]1=[C&D3&v4&H0&+0&R&z1:4]-[C&D3&v4&H0&+0&R&z1:5](=[O&D1&v2&H0&+0&!R:6])-[C&D3&v4&H0&+0&R&z1:7]=[C&D3&v4&H0&+0&R&z1:8]-[C&D3&v4&H0&+0&R&z1:9]-1=[O&D1&v2&H0&+0&!R:10]>>[O&D1&v2&H0&+0&!R:2]=[C&D2&v4&H0&+0&!R&z2:1].[c&D3&v4&H0&+0&R&z1:3]1:[c&D3&v4&H0&+0&R&z1:4]:[c&D3&v4&H0&+0&R&z1:5](-[O&D1&v2&H1&+0&!R:6]):[c&D3&v4&H0&+0&R&z1:7]:[c&D3&v4&H0&+0&R&z1:8]:[c&D3&v4&H0&+0&R&z1:9]:1-[O&D1&v2&H1&+0&!R:10],112
3146,[O&D1&v2&H0&+0&!R:1]=[C&D2&v4&H1&+0&!R&z1:2].[O&D1&v2&H0&+0&!R:3]=[C&D2&v4&H1&+0&!R&z1:4]>>[C&D2&v4&H1&+0&!R&z0:2]=[C&D2&v4&H1&+0&!R&z0:4].[O&D1&v2&H0&+0&!R:1]=[O&D1&v2&H0&+0&!R:3],31
3147,[O&D1&v2&H0&+0&!R:1]=[C&D2&v4&H1&+0&!R&z1:2].[O&D1&v2&H0&+0&!R:3]=[C&D2&v4&H1&+0&!R&z1:4]>>[C&D2&v4&H1&+0&!R&z0:4]=[C&D2&v4&H1&+0&!R&z0:2].[O&D1&v2&H0&+0&!R:1]=[O&D1&v2&H0&+0&!R:3],31
3148,[C&D3&v4&H0&+0&!R&z2:1]=[O&D1&v2&H0&+0&!R:2].[O&D1&v2&H1&+0&!R:3]-[O&D1&v2&H1&+0&!R:4]>>[C&D3&v4&H1&+0&!R&z2:1]-[O&D1&v2&H1&+0&!R:2].[O&D1&v2&H0&+0&!R:3]=[O&D1&v2&H0&+0&!R:4],824
3149,[C&D3&v4&H1&+0&!R&z2:1]-[O&D1&v2&H1&+0&!R:2].[O&D1&v2&H0&+0&!R:3]=[O&D1&v2&H0&+0&!R:4]>>[C&D3&v4&H0&+0&!R&z2:1]=[O&D1&v2&H0&+0&!R:2].[O&D1&v2&H1&+0&!R:3]-[O&D1&v2&H1&+0&!R:4],197
3150,[C&D2&v4&H1&+0&!R&z1:1].[O&D1&v2&H0&+0&!R:2]=[C&D2&v4&H1&+0&!R&z1:3]>>[C&D3&v4&H0&+0&!R&z1:1]-[C&D3&v4&H1&+0&!R&z1:3]-[O&D1&v2&H1&+0&!R:2],439
3151,[C&D2&v4&H2&+0&!R&z1:1]-[C&D2&v4&H2&+0&!R&z1:2].[O&D1&v2&H0&+0&!R:3]=[O&D1&v2&H0&+0&!R:4]>>[C&D2&v4&H2&+0&!R&z2:1]-[O&D1&v2&H1&+0&!R:3].[O&D1&v2&H0&+0&!R:4]=[C&D2&v4&H1&+0&!R&z2:2],711
3152,[C&D3&v4&H1&+0&R&z1:1]-[O&D1&v2&H1&+0&!R:2].[O&D1&v2&H0&+0&!R:3]=[O&D1&v2&H0&+0&!R:4]>>[O&D1&v2&H0&+0&!R:2]=[C&D3&v4&H0&+0&R&z1:1].[O&D1&v2&H1&+0&!R:3]-[O&D1&v2&H1&+0&!R:4],197
3153,[C&D3&v4&H1&+0&R&z2:1]-[O&D1&v2&H1&+0&!R:2].[O&D1&v2&H0&+0&!R:3]=[O&D1&v2&H0&+0&!R:4]>>[O&D1&v2&H0&+0&!R:2]=[C&D3&v4&H0&+0&R&z2:1].[O&D1&v2&H1&+0&!R:3]-[O&D1&v2&H1&+0&!R:4],197
3154,([C&D3&v4&H1&+0&!R&z1:1].[O&D1&v2&H1&+0&!R:2]).[O&D1&v2&H0&+0&!R:3]=[O&D1&v2&H0&+0&!R:4]>>[C&D4&v4&H0&+0&R&z2:1]-[O&D2&v2&H0&+0&R:2].[O&D1&v2&H1&+0&!R:3]-[O&D1&v2&H1&+0&!R:4],171
3155,([C&D2&v4&H2&+0&!R&z1:1].[O&D1&v2&H1&+0&!R:2]).[O&D1&v2&H0&+0&!R:3]=[O&D1&v2&H0&+0&!R:4]>>[O&D1&v2&H1&+0&!R:3]-[O&D1&v2&H1&+0&!R:4].[O&D2&v2&H0&+0&R:2]-[C&D3&v4&H1&+0&R&z2:1],171
3156,[O&D1&v2&H0&+0&!R:1]=[O&D1&v2&H0&+0&!R:2].[O&D1&v2&H1&+0&!R:3]-[C&D2&v4&H2&+0&!R&z1:4]>>[O&D1&v2&H0&+0&!R:3]=[C&D2&v4&H1&+0&!R&z1:4].[O&D1&v2&H1&+0&!R:1]-[O&D1&v2&H1&+0&!R:2],197
3157,[O&D1&v2&H0&+0&!R:1]=[O&D1&v2&H0&+0&!R:2].[c&D3&v4&H0&+0&R&z1:3]1:[c&D3&v4&H0&+0&R&z1:4]:[c&D2&v4&H1&+0&R&z0:5]:[c&D3&v4&H0&+0&R&z1:6]:[c&D3&v4&H0&+0&R&z1:7]:[c&D3&v4&H0&+0&R&z1:8]:1>>[O&D1&v2&H0&+0&!R:1]=[C&D3&v4&H0&+0&!R&z2:3]-[C&D3&v4&H0&+0&!R&z1:4]=[C&D2&v4&H1&+0&!R&z0:5]-[C&D3&v4&H0&+0&!R&z1:6]=[C&D3&v4&H0&+0&!R&z1:7]-[C&D3&v4&H0&+0&!R&z2:8]=[O&D1&v2&H0&+0&!R:2],348
3158,[O&D1&v2&H0&+0&!R:1]=[O&D1&v2&H0&+0&!R:2].[c&D3&v4&H0&+0&R&z1:3]1:[c&D3&v4&H0&+0&R&z1:4]:[c&D2&v4&H1&+0&R&z0:5]:[c&D2&v4&H1&+0&R&z0:6]:[c&D3&v4&H0&+0&R&z1:7]:[c&D3&v4&H0&+0&R&z1:8]:1>>[O&D1&v2&H0&+0&!R:1]=[C&D3&v4&H0&+0&!R&z2:3]-[C&D3&v4&H0&+0&!R&z1:4]=[C&D2&v4&H1&+0&!R&z0:5]-[C&D2&v4&H1&+0&!R&z0:6]=[C&D3&v4&H0&+0&!R&z1:7]-[C&D3&v4&H0&+0&!R&z2:8]=[O&D1&v2&H0&+0&!R:2],348
3159,[O&D1&v2&H0&+0&!R:1]=[O&D1&v2&H0&+0&!R:2].[c&D3&v4&H0&+0&R&z1:3]1:[c&D2&v4&H1&+0&R&z0:4]:[c&D3&v4&H0&+0&R&z1:5]:[c&D2&v4&H1&+0&R&z0:6]:[c&D3&v4&H0&+0&R&z1:7]:[c&D3&v4&H0&+0&R&z1:8]:1>>[O&D1&v2&H0&+0&!R:1]=[C&D3&v4&H0&+0&!R&z2:3]-[C&D2&v4&H1&+0&!R&z0:4]=[C&D3&v4&H0&+0&!R&z1:5]-[C&D2&v4&H1&+0&!R&z0:6]=[C&D3&v4&H0&+0&!R&z1:7]-[C&D3&v4&H0&+0&!R&z2:8]=[O&D1&v2&H0&+0&!R:2],348
3160,[C&D2&v4&H1&+0&!R&z0:1]=[C&D2&v4&H1&+0&!R&z0:2].[O&D1&v2&H0&+0&!R:3]=[O&D1&v2&H0&+0&!R:4]>>[O&D1&v2&H0&+0&!R:3]=[C&D2&v4&H1&+0&!R&z1:1].[O&D1&v2&H0&+0&!R:4]=[C&D2&v4&H1&+0&!R&z1:2],213
3161,[O&D1&v2&H0&+0&!R:1]=[O&D1&v2&H0&+0&!R:2].[c&D3&v4&H0&+0&R&z1:3]1:[c&D2&v4&H1&+0&R&z0:4]:[c&D2&v4&H1&+0&R&z0:5]:[c&D3&v4&H0&+0&R&z1:6]:[c&D3&v4&H0&+0&R&z1:7]:[c&D3&v4&H0&+0&R&z1:8]:1>>[O&D1&v2&H0&+0&!R:1]=[C&D3&v4&H0&+0&!R&z2:3]-[C&D2&v4&H1&+0&!R&z0:4]=[C&D2&v4&H1&+0&!R&z0:5]-[C&D3&v4&H0&+0&!R&z1:6]=[C&D3&v4&H0&+0&!R&z1:7]-[C&D3&v4&H0&+0&!R&z2:8]=[O&D1&v2&H0&+0&!R:2],348
3162,[O&D1&v2&H0&+0&!R:1]=[O&D1&v2&H0&+0&!R:2].[c&D3&v4&H0&+0&R&z1:3]1:[c&D2&v4&H1&+0&R&z0:4]:[c&D2&v4&H1&+0&R&z0:5]:[c&D3&v4&H0&+0&R&z1:6]:[c&D2&v4&H1&+0&R&z0:7]:[c&D3&v4&H0&+0&R&z1:8]:1>>[O&D1&v2&H0&+0&!R:1]=[C&D3&v4&H0&+0&!R&z2:3]-[C&D2&v4&H1&+0&!R&z0:4]=[C&D2&v4&H1&+0&!R&z0:5]-[C&D3&v4&H0&+0&!R&z1:6]=[C&D2&v4&H1&+0&!R&z0:7]-[C&D3&v4&H0&+0&!R&z2:8]=[O&D1&v2&H0&+0&!R:2],348
3163,[O&D1&v2&H0&+0&!R:1]=[O&D1&v2&H0&+0&!R:2].[c&D3&v4&H0&+0&R&z1:3]1:[c&D2&v4&H1&+0&R&z0:4]:[c&D2&v4&H1&+0&R&z0:5]:[c&D3&v4&H0&+0&R&z1:6]:[c&D3&v4&H0&+0&R&z1:7]:[c&D2&v4&H1&+0&R&z0:8]:1>>[O&D1&v2&H0&+0&!R:1]=[C&D3&v4&H0&+0&!R&z2:6]-[C&D2&v4&H1&+0&!R&z0:5]=[C&D2&v4&H1&+0&!R&z0:4]-[C&D3&v4&H0&+0&!R&z1:3]=[C&D2&v4&H1&+0&!R&z0:8]-[C&D3&v4&H0&+0&!R&z2:7]=[O&D1&v2&H0&+0&!R:2],348
3164,[O&D1&v2&H0&+0&!R:1]=[O&D1&v2&H0&+0&!R:2].[O&D1&v2&H1&+0&!R:3]-[c&D3&v4&H0&+0&R&z1:4]1:[c&D2&v4&H1&+0&R&z0:5]:[c&D2&v4&H1&+0&R&z0:6]:[c&D3&v4&H0&+0&R&z1:7]:[c&D3&v4&H0&+0&R&z1:8]:[c&D2&v4&H1&+0&R&z0:9]:1>>[O&D1&v2&H0&+0&!R:1]=[C&D3&v4&H0&+0&!R&z2:7]-[C&D2&v4&H1&+0&!R&z0:6]=[C&D2&v4&H1&+0&!R&z0:5]-[C&D3&v4&H0&+0&!R&z1:4](=[O&D1&v2&H0&+0&!R:3])-[C&D2&v4&H2&+0&!R&z0:9]-[C&D3&v4&H0&+0&!R&z2:8]=[O&D1&v2&H0&+0&!R:2],444
3165,[O&D1&v2&H0&+0&!R:1]=[O&D1&v2&H0&+0&!R:2].[c&D3&v4&H0&+0&R&z1:3]1:[c&D2&v4&H1&+0&R&z0:4]:[c&D2&v4&H1&+0&R&z0:5]:[c&D3&v4&H0&+0&R&z1:6]:[c&D2&v4&H1&+0&R&z0:7]:[c&D2&v4&H1&+0&R&z0:8]:1>>[O&D1&v2&H0&+0&!R:2]=[C&D2&v4&H1&+0&!R&z1:8]-[C&D2&v4&H1&+0&!R&z0:7]=[C&D3&v4&H0&+0&!R&z1:6]-[C&D2&v4&H1&+0&!R&z0:5]=[C&D2&v4&H1&+0&!R&z0:4]-[C&D3&v4&H0&+0&!R&z2:3]=[O&D1&v2&H0&+0&!R:1],348
3166,[O&D1&v2&H0&+0&!R:1]=[O&D1&v2&H0&+0&!R:2].[O&D1&v2&H1&+0&!R:3]-[c&D3&v4&H0&+0&R&z1:4]1:[c&D2&v4&H1&+0&R&z0:5]:[c&D2&v4&H1&+0&R&z0:6]:[c&D3&v4&H0&+0&R&z0:7]:[c&D3&v4&H0&+0&R&z0:8]:[c&D3&v4&H0&+0&R&z1:9]:1>>[O&D1&v2&H0&+0&!R:1]=[C&D3&v4&H0&+0&!R&z2:9]-[C&D4&v4&H0&+0&R&z2:4]1(-[O&D1&v2&H1&+0&!R:3])-[C&D2&v4&H1&+0&R&z0:5]=[C&D2&v4&H1&+0&R&z0:6]-[c&D3&v4&H0&+0&R&z0:7]:[c&D3&v4&H0&+0&R&z1:8]-[O&D2&v2&H0&+0&R:2]-1,251
3167,[O&D1&v2&H0&+0&!R:1]=[O&D1&v2&H0&+0&!R:2].[c&D3&v4&H0&+0&R&z1:3]1:[c&D2&v4&H1&+0&R&z0:4]:[c&D2&v4&H1&+0&R&z0:5]:[c&D2&v4&H1&+0&R&z0:6]:[c&D3&v4&H0&+0&R&z0:7]:[c&D3&v4&H0&+0&R&z1:8]:1>>[O&D1&v2&H0&+0&!R:2]=[C&D3&v4&H0&+0&!R&z2:8]-[C&D3&v4&H0&+0&!R&z1:3]=[C&D2&v4&H1&+0&!R&z0:4]-[C&D2&v4&H1&+0&!R&z0:5]=[C&D2&v4&H1&+0&!R&z0:6]-[C&D3&v4&H0&+0&!R&z1:7]=[O&D1&v2&H0&+0&!R:1],348
3168,[O&D1&v2&H0&+0&!R:1]=[O&D1&v2&H0&+0&!R:2].[c&D3&v4&H0&+0&R&z1:3]1:[c&D2&v4&H1&+0&R&z0:4]:[c&D2&v4&H1&+0&R&z0:5]:[c&D2&v4&H1&+0&R&z0:6]:[c&D3&v4&H0&+0&R&z1:7]:[c&D3&v4&H0&+0&R&z1:8]:1>>[O&D1&v2&H0&+0&!R:1]=[C&D3&v4&H0&+0&!R&z2:3]-[C&D2&v4&H1&+0&!R&z0:4]=[C&D2&v4&H1&+0&!R&z0:5]-[C&D2&v4&H1&+0&!R&z0:6]=[C&D3&v4&H0&+0&!R&z1:7]-[C&D3&v4&H0&+0&!R&z2:8]=[O&D1&v2&H0&+0&!R:2],348
3169,[O&D1&v2&H0&+0&!R:1]=[O&D1&v2&H0&+0&!R:2].[c&D3&v4&H0&+0&R&z0:3]1:[c&D2&v4&H1&+0&R&z0:4]:[c&D2&v4&H1&+0&R&z0:5]:[c&D2&v4&H1&+0&R&z0:6]:[c&D3&v4&H0&+0&R&z1:7]:[c&D3&v4&H0&+0&R&z1:8]:1>>[O&D1&v2&H0&+0&!R:2]=[C&D3&v4&H0&+0&!R&z2:8]-[C&D3&v4&H0&+0&!R&z1:7]=[C&D2&v4&H1&+0&!R&z0:6]-[C&D2&v4&H1&+0&!R&z0:5]=[C&D2&v4&H1&+0&!R&z0:4]-[C&D3&v4&H0&+0&!R&z1:3]=[O&D1&v2&H0&+0&!R:1],348
3170,[O&D1&v2&H0&+0&!R:1]=[O&D1&v2&H0&+0&!R:2].[c&D3&v4&H0&+0&R&z1:3]1:[c&D2&v4&H1&+0&R&z0:4]:[c&D2&v4&H1&+0&R&z0:5]:[c&D2&v4&H1&+0&R&z0:6]:[c&D2&v4&H1&+0&R&z0:7]:[c&D3&v4&H0&+0&R&z1:8]:1>>[O&D1&v2&H0&+0&!R:1]=[C&D3&v4&H0&+0&!R&z2:3]-[C&D2&v4&H1&+0&!R&z0:4]=[C&D2&v4&H1&+0&!R&z0:5]-[C&D2&v4&H1&+0&!R&z0:6]=[C&D2&v4&H1&+0&!R&z0:7]-[C&D3&v4&H0&+0&!R&z2:8]=[O&D1&v2&H0&+0&!R:2],348
3171,[O&D1&v2&H0&+0&!R:1]=[O&D1&v2&H0&+0&!R:2].[c&D3&v4&H0&+0&R&z1:3]1:[c&D2&v4&H1&+0&R&z0:4]:[c&D2&v4&H1&+0&R&z0:5]:[c&D2&v4&H1&+0&R&z0:6]:[c&D2&v4&H1&+0&R&z0:7]:[c&D3&v4&H0&+0&R&z1:8]:1>>[O&D1&v2&H0&+0&!R:2]=[C&D2&v4&H1&+0&!R&z1:4]-[C&D2&v4&H1&+0&!R&z0:5]=[C&D2&v4&H1&+0&!R&z0:6]-[C&D2&v4&H1&+0&!R&z0:7]=[C&D3&v4&H0&+0&!R&z1:8]-[C&D3&v4&H0&+0&!R&z2:3]=[O&D1&v2&H0&+0&!R:1],348
3172,[O&D1&v2&H0&+0&!R:1]=[O&D1&v2&H0&+0&!R:2].[c&D3&v4&H0&+0&R&z1:3]1:[n&D2&v3&H1&+0&R:4]:[c&D2&v4&H1&+0&R&z1:5]:[c&D2&v4&H1&+0&R&z0:6]:[c&D3&v4&H0&+0&R&z0:7]:1>>[O&D1&v2&H0&+0&!R:2]=[C&D2&v4&H1&+0&!R&z2:5]-[N&D2&v3&H1&+0&!R:4]-[c&D3&v4&H0&+0&R&z1:3]:[c&D3&v4&H0&+0&R&z0:7]-[C&D2&v4&H1&+0&!R&z1:6]=[O&D1&v2&H0&+0&!R:1],137
3173,[O&D2&v2&H0&+0&!R:1]-[C&D2&v4&H2&+0&!R&z1:2].[P&D4&v5&H0&+0&!R:3]-[O&D1&v2&H1&+0&!R:4]>>[O&D1&v2&H1&+0&!R:4]-[C&D2&v4&H2&+0&!R&z1:2].[O&D2&v2&H0&+0&!R:1]-[P&D4&v5&H0&+0&!R:3],994
3174,([C&D3&v4&H1&+0&R&z1:1]-[C&D3&v4&H1&+0&R&z1:2].[O&D1&v2&H1&+0&!R:3])>>([C&D2&v4&H2&+0&!R&z1:1].[O&D2&v2&H0&+0&R:3]-[C&D3&v4&H1&+0&R&z2:2]),338
3175,([O&D1&v2&H1&+0&!R:1].[P&D4&v5&H0&+0&!R:2]-[O&D2&v2&H0&+0&!R:3])>>([O&D1&v2&H1&+0&!R:3].[P&D4&v5&H0&+0&!R:2]-[O&D2&v2&H0&+0&!R:1]),47
3176,[C&D3&v4&H1&+0&!R&z1:1](-[O&D1&v2&H1&+0&!R:2])-[c&D3&v4&H0&+0&R&z0:3]>>[O&D1&v2&H0&+0&!R:2]=[C&D2&v4&H1&+0&!R&z1:1].[c&D2&v4&H1&+0&R&z0:3],1009
3177,[C&D3&v4&H1&+0&!R&z1:1](-[O&D1&v2&H1&+0&!R:2])-[C&D3&v4&H1&+0&!R&z1:3]-[O&D1&v2&H1&+0&!R:4]>>[O&D0&v2&H2&+0&!R:4].[O&D1&v2&H0&+0&!R:2]=[C&D3&v4&H0&+0&!R&z1:1]-[C&D2&v4&H2&+0&!R&z0:3],402
3178,[C&D3&v4&H0&+0&R&z1:1]1=[C&D3&v4&H0&+0&R&z1:2]-[C&D3&v4&H0&+0&R&z1:3](=[O&D1&v2&H0&+0&!R:4])-[C&D3&v4&H0&+0&R&z1:5]=[C&D3&v4&H0&+0&R&z1:6]-[C&D3&v4&H0&+0&R&z1:7]-1=[O&D1&v2&H0&+0&!R:8].[C&D3&v4&H1&+0&!R&z1:9]-[O&D1&v2&H1&+0&!R:10]>>[O&D1&v2&H0&+0&!R:10]=[C&D3&v4&H0&+0&!R&z1:9].[c&D3&v4&H0&+0&R&z1:1]1:[c&D3&v4&H0&+0&R&z1:2]:[c&D3&v4&H0&+0&R&z1:3](-[O&D1&v2&H1&+0&!R:4]):[c&D3&v4&H0&+0&R&z1:5]:[c&D3&v4&H0&+0&R&z1:6]:[c&D3&v4&H0&+0&R&z1:7]:1-[O&D1&v2&H1&+0&!R:8],112
3179,[C&D4&v4&H0&+0&R&z2:1](-[O&D1&v2&H1&+0&!R:2])(-[O&D2&v2&H0&+0&R:3])-[C&D3&v4&H1&+0&R&z1:4]-[C&D3&v4&H1&+0&R&z1:5]-[O&D1&v2&H1&+0&!R:6]>>([O&D1&v2&H0&+0&!R:6]=[C&D2&v4&H1&+0&!R&z1:5].[O&D1&v2&H1&+0&!R:3]).[O&D1&v2&H0&+0&!R:2]=[C&D3&v4&H0&+0&!R&z1:1]-[C&D2&v4&H2&+0&!R&z1:4],541
3180,[O&D2&v2&H0&+0&R:1]-[C&D4&v4&H0&+0&R&z2:2]-[C&D3&v4&H1&+0&R&z1:3]-[O&D1&v2&H1&+0&!R:4]>>([O&D1&v2&H0&+0&!R:4]=[C&D3&v4&H0&+0&!R&z1:3]-[C&D3&v4&H1&+0&!R&z1:2].[O&D1&v2&H1&+0&!R:1]),608
3181,[O&D2&v2&H0&+0&R:1]-[C&D4&v4&H0&+0&R&z2:2](-[O&D1&v2&H1&+0&!R:3])-[C&D3&v4&H1&+0&R&z1:4]-[C&D3&v4&H1&+0&R&z1:5]-[O&D1&v2&H1&+0&!R:6]>>([O&D1&v2&H0&+0&!R:6]=[C&D2&v4&H1&+0&!R&z1:5].[O&D1&v2&H1&+0&!R:1]).[O&D1&v2&H0&+0&!R:3]=[C&D3&v4&H0&+0&!R&z1:2]-[C&D2&v4&H2&+0&!R&z1:4],541
3182,[O&D2&v2&H0&+0&!R:1]-[C&D2&v4&H2&+0&!R&z1:2]-[C&D3&v4&H1&+0&R&z1:3]-[O&D2&v2&H0&+0&R:4]-[C&D3&v4&H1&+0&R&z2:5]>>[O&D1&v2&H0&+0&!R:4]=[C&D3&v4&H0&+0&R&z1:3]-[C&D2&v4&H2&+0&R&z0:2]-[C&D3&v4&H1&+0&R&z1:5].[O&D1&v2&H1&+0&!R:1],737
3183,([C&D2&v4&H2&+0&!R&z1:1].[O&D2&v2&H0&+0&R:2]-[C&D3&v4&H1&+0&R&z2:3])>>([C&D3&v4&H1&+0&R&z1:1]-[C&D3&v4&H1&+0&R&z1:3].[O&D1&v2&H1&+0&!R:2]),960
3184,[C&D3&v4&H1&+0&R&z2:1]-[O&D1&v2&H1&+0&!R:2].[c&D2&v4&H1&+0&R&z0:3]>>[O&D0&v2&H2&+0&!R:2].[c&D3&v4&H0&+0&R&z0:3]-[C&D3&v4&H1&+0&R&z1:1],355
3185,([C&D3&v4&H1&+0&R&z2:1]-[O&D1&v2&H1&+0&!R:2].[O&D1&v2&H1&+0&!R:3])>>[C&D3&v4&H1&+0&R&z2:1]-[O&D2&v2&H0&+0&R:3].[O&D0&v2&H2&+0&!R:2],493
3186,[O&D2&v2&H0&+0&R:1]-[C&D3&v4&H1&+0&R&z2:2](-[O&D1&v2&H1&+0&!R:3])-[C&D2&v4&H2&+0&R&z0:4]-[C&D3&v4&H1&+0&R&z1:5]-[O&D1&v2&H1&+0&!R:6]>>[C&D1&v4&H3&+0&!R&z0:4]-[C&D2&v4&H1&+0&!R&z1:2]=[O&D1&v2&H0&+0&!R:3].([O&D1&v2&H0&+0&!R:6]=[C&D2&v4&H1&+0&!R&z1:5].[O&D1&v2&H1&+0&!R:1]),541
3187,[O&D2&v2&H0&+0&R:1]-[C&D3&v4&H1&+0&R&z2:2]-[C&D3&v4&H1&+0&R&z1:3]-[O&D1&v2&H1&+0&!R:4]>>([O&D1&v2&H0&+0&!R:4]=[C&D3&v4&H0&+0&!R&z1:3]-[C&D2&v4&H2&+0&!R&z1:2].[O&D1&v2&H1&+0&!R:1]),608
3188,[P&D4&v5&H0&+0&!R:1]-[O&D1&v2&H1&+0&!R:2].[P&D4&v5&H0&+0&!R:3]-[O&D1&v2&H1&+0&!R:4]>>[O&D0&v2&H2&+0&!R:4].[P&D4&v5&H0&+0&!R:3]-[O&D2&v2&H0&+0&!R:2]-[P&D4&v5&H0&+0&!R:1],637
3189,[O&D1&v2&H1&+0&!R:1].[c&D3&v4&H0&+0&R&z1:2]-[C&D4&v4&H0&+0&!R&z0:3]-[C&D2&v4&H1&+0&!R&z0:4]=[C&D1&v4&H2&+0&!R&z0:5]>>[C&D3&v4&H0&+0&!R&z0:3]=[C&D2&v4&H1&+0&!R&z0:4]-[C&D2&v4&H2&+0&!R&z1:5]-[O&D2&v2&H0&+0&!R:1].[c&D2&v4&H1&+0&R&z1:2],45
3190,([O&D1&v2&H1&+0&!R:1].[P&D4&v5&H0&+0&!R:2]-[O&D1&v2&H1&+0&!R:3])>>[O&D0&v2&H2&+0&!R:3].[P&D4&v5&H0&+0&R:2]-[O&D2&v2&H0&+0&R:1],603
3191,[O&D1&v2&H0&+0&!R:1]=[S&D4&v6&H0&+0&!R:2]-[C&D2&v4&H2&+0&!R&z1:3]-[C&D3&v4&H1&+0&!R&z1:4]-[O&D1&v2&H1&+0&!R:5]>>[C&D1&v4&H3&+0&!R&z0:3]-[C&D3&v4&H0&+0&!R&z1:4]=[O&D1&v2&H0&+0&!R:5].[S&D3&v4&H0&+0&!R:2]-[O&D1&v2&H1&+0&!R:1],591
3192,[O&D1&v2&H0&+0&!R:1]=[S&D4&v6&H0&+0&!R:2]-[C&D2&v4&H2&+0&!R&z1:3]-[C&D2&v4&H2&+0&!R&z1:4]-[O&D1&v2&H1&+0&!R:5]>>[C&D1&v4&H3&+0&!R&z0:3]-[C&D2&v4&H1&+0&!R&z1:4]=[O&D1&v2&H0&+0&!R:5].[S&D3&v4&H0&+0&!R:2]-[O&D1&v2&H1&+0&!R:1],591
3193,[C&D2&v4&H2&+0&!R&z1:1]-[N&D2&v3&H0&+0&!R:2]=[C&D2&v4&H0&+0&!R&z2:3]=[S&D1&v2&H0&+0&!R:4].[O&D1&v2&H1&+0&!R:5]>>[O&D2&v2&H0&+0&!R:5]-[N&D2&v3&H0&+0&!R:2]=[C&D3&v4&H0&+0&!R&z2:3](-[S&D1&v2&H1&+0&!R:4])-[C&D2&v4&H2&+0&!R&z0:1],585
3194,[O&D1&v2&H0&+0&!R:1]=[S&D4&v6&H0&+0&!R:2].[O&D1&v2&H1&+0&!R:3]-[O&D1&v2&H1&+0&!R:4]>>[O&D0&v2&H2&+0&!R:1].[O&D1&v2&H0&+0&!R:3]=[O&D1&v2&H0&+0&!R:4].[S&D3&v4&H0&+0&!R:2],903
3195,[O&D1&v2&H1&+0&!R:1].[S&D1&v2&H0&+0&!R:2]=[C&D2&v4&H0&+0&!R&z2:3]=[N&D2&v3&H0&+0&!R:4]-[C&D2&v4&H2&+0&!R&z1:5]>>[O&D2&v2&H0&+0&!R:1]-[N&D2&v3&H0&+0&!R:4]=[C&D3&v4&H0&+0&!R&z2:3](-[S&D1&v2&H1&+0&!R:2])-[C&D2&v4&H2&+0&!R&z0:5],585
3196,[O&D2&v2&H0&+0&!R:1]-[N&D2&v3&H0&+0&!R:2]=[C&D3&v4&H0&+0&!R&z2:3](-[S&D1&v2&H1&+0&!R:4])-[C&D2&v4&H2&+0&!R&z0:5]>>[C&D2&v4&H2&+0&!R&z1:5]-[N&D2&v3&H0&+0&!R:2]=[C&D2&v4&H0&+0&!R&z2:3]=[S&D1&v2&H0&+0&!R:4].[O&D1&v2&H1&+0&!R:1],719
3197,[O&D2&v2&H0&+0&!R:1]-[N&D2&v3&H0&+0&!R:2]=[C&D3&v4&H0&+0&!R&z2:3](-[S&D1&v2&H1&+0&!R:4])-[C&D2&v4&H2&+0&!R&z0:5]>>[O&D1&v2&H1&+0&!R:1].[S&D1&v2&H0&+0&!R:4]=[C&D2&v4&H0&+0&!R&z2:3]=[N&D2&v3&H0&+0&!R:2]-[C&D2&v4&H2&+0&!R&z1:5],719
3198,[O&D1&v2&H1&+0&!R:1].[S&D4&v6&H0&+0&!R:2]-[O&D2&v2&H0&+0&!R:3]>>[O&D1&v2&H1&+0&!R:3].[S&D4&v6&H0&+0&!R:2]-[O&D2&v2&H0&+0&!R:1],623
3199,[C&D2&v4&H2&+0&!R&z1:1]-[O&D1&v2&H1&+0&!R:2].[S&D3&v4&H0&+0&!R:3]-[O&D1&v2&H1&+0&!R:4]>>[C&D2&v4&H2&+0&!R&z1:1]-[S&D4&v6&H0&+0&!R:3]=[O&D1&v2&H0&+0&!R:4].[O&D0&v2&H2&+0&!R:2],117
3200,[S&D3&v4&H0&+0&!R:1]-[O&D1&v2&H1&+0&!R:2].[c&D2&v4&H1&+0&R&z0:3]>>[O&D0&v2&H2&+0&!R:2].[S&D3&v4&H0&+0&!R:1]-[c&D3&v4&H0&+0&R&z1:3],1022
3201,[O&D1&v2&H1&+0&!R:1]-[O&D1&v2&H1&+0&!R:2].[c&D3&v4&H0&+0&R&z2:3]1:[c&D2&v4&H1&+0&R&z0:4]:[c&D2&v4&H1&+0&R&z1:5]:[n&D2&v3&H1&+0&R:6]:[c&D3&v4&H0&+0&R&z3:7]:[n&D2&v3&H1&+0&R:8]:1>>[C&D3&v4&H0&+0&R&z2:3]1-[C&D2&v4&H2&+0&R&z0:4]-[C&D2&v4&H2&+0&R&z1:5]-[N&D2&v3&H1&+0&R:6]-[C&D3&v4&H0&+0&R&z3:7]-[N&D2&v3&H1&+0&R:8]-1.[O&D1&v2&H0&+0&!R:1]=[O&D1&v2&H0&+0&!R:2],57
3202,[C&D3&v4&H1&+0&R&z2:1]-[S&D2&v2&H0&+0&!R:2].[O&D1&v2&H1&+0&!R:3]>>[O&D2&v2&H0&+0&!R:3]-[C&D3&v4&H1&+0&R&z2:1].[S&D1&v2&H1&+0&!R:2],139
3203,[C&D3&v4&H1&+0&R&z1:1](-[C&D3&v4&H1&+0&!R&z1:2]-[C&D2&v4&H2&+0&!R&z1:3])-[C&D3&v4&H1&+0&R&z1:4]>>[C&D3&v4&H1&+0&R&z1:1](-[C&D2&v4&H2&+0&!R&z1:3])-[C&D3&v4&H1&+0&R&z1:2]-[C&D3&v4&H1&+0&R&z1:4],948
3204,[O&D2&v2&H0&+0&!R:1]-[C&D3&v4&H1&+0&R&z2:2].[S&D1&v2&H1&+0&!R:3]>>[C&D3&v4&H1&+0&R&z2:2]-[S&D2&v2&H0&+0&!R:3].[O&D1&v2&H1&+0&!R:1],849
3205,[C&D3&v4&H1&+0&R&z1:1](-[C&D2&v4&H2&+0&!R&z1:2])-[C&D3&v4&H1&+0&R&z1:3]-[C&D3&v4&H1&+0&R&z1:4]>>[C&D3&v4&H1&+0&R&z1:1](-[C&D3&v4&H1&+0&!R&z1:3]-[C&D2&v4&H2&+0&!R&z1:2])-[C&D3&v4&H1&+0&R&z1:4],948
3206,([C&D3&v4&H1&+0&R&z2:1]-[O&D2&v2&H0&+0&R:2].[O&D1&v2&H1&+0&!R:3])>>([C&D3&v4&H1&+0&R&z2:1]-[O&D2&v2&H0&+0&R:3].[O&D1&v2&H1&+0&!R:2]),201
3207,[O&D1&v2&H1&+0&!R:1]-[O&D1&v2&H1&+0&!R:2].[O&D2&v2&H0&+0&R:3]-[C&D3&v4&H1&+0&R&z2:4]>>[O&D1&v2&H0&+0&!R:1]=[O&D1&v2&H0&+0&!R:2].([C&D2&v4&H2&+0&!R&z1:4].[O&D1&v2&H1&+0&!R:3]),354
3208,([O&D1&v2&H1&+0&!R:1]-[C&D3&v4&H1&+0&R&z1:2].[O&D2&v2&H0&+0&R:3]-[C&D3&v4&H1&+0&R&z2:4])>>([C&D2&v4&H2&+0&!R&z1:4].[O&D1&v2&H0&+0&!R:1]=[C&D3&v4&H0&+0&!R&z1:2].[O&D1&v2&H1&+0&!R:3]),608
3209,[C&D3&v4&H1&+0&R&z2:1]-[C&D3&v4&H1&+0&R&z1:2]-[C&D3&v4&H1&+0&R&z1:3]>>[C&D2&v4&H2&+0&!R&z1:2]-[C&D4&v4&H0&+0&R&z2:1]-[C&D3&v4&H1&+0&R&z1:3],181
3210,([O&D1&v2&H1&+0&!R:1].[O&D2&v2&H0&+0&R:2]-[C&D3&v4&H1&+0&R&z2:3])>>([O&D1&v2&H1&+0&!R:2].[O&D2&v2&H0&+0&R:1]-[C&D3&v4&H1&+0&R&z2:3]),201
3211,[C&D2&v4&H2&+0&!R&z1:1]-[C&D3&v4&H1&+0&!R&z1:2]-[C&D3&v4&H1&+0&R&z1:3]-[C&D3&v4&H1&+0&R&z1:4]>>[C&D2&v4&H2&+0&!R&z1:1]-[C&D3&v4&H1&+0&R&z1:3]-[C&D3&v4&H1&+0&R&z1:2]-[C&D3&v4&H1&+0&R&z1:4],948
3212,[O&D1&v2&H1&+0&!R:1]-[C&D2&v4&H2&+0&!R&z1:2]-[C&D3&v4&H1&+0&!R&z1:3]-[O&D1&v2&H1&+0&!R:4]>>[O&D0&v2&H2&+0&!R:4].[O&D1&v2&H0&+0&!R:1]=[C&D2&v4&H1&+0&!R&z1:2]-[C&D2&v4&H2&+0&!R&z0:3],402
3213,[C&D2&v4&H2&+0&R&z1:1]-[O&D2&v2&H0&+0&R:2]-[C&D3&v4&H1&+0&R&z2:3]-[O&D1&v2&H1&+0&!R:4]>>([C&D2&v4&H2&+0&!R&z1:1]-[O&D1&v2&H1&+0&!R:4].[O&D1&v2&H0&+0&!R:2]=[C&D2&v4&H1&+0&!R&z1:3]),35
3214,[C&D4&v4&H0&+0&R&z2:1]-[O&D2&v2&H0&+0&R:2].[O&D1&v2&H1&+0&!R:3]-[O&D1&v2&H1&+0&!R:4]>>[O&D1&v2&H0&+0&!R:3]=[O&D1&v2&H0&+0&!R:4].([C&D3&v4&H1&+0&!R&z1:1].[O&D1&v2&H1&+0&!R:2]),354
3215,[C&D2&v4&H2&+0&!R&z1:1]-[C&D4&v4&H0&+0&R&z2:2]-[C&D3&v4&H1&+0&R&z1:3]>>[C&D3&v4&H1&+0&R&z2:2]-[C&D3&v4&H1&+0&R&z1:1]-[C&D3&v4&H1&+0&R&z1:3],181
3216,[O&D1&v2&H1&+0&!R:1]-[O&D1&v2&H1&+0&!R:2].[O&D2&v2&H0&+0&R:3]-[C&D3&v4&H1&+0&R&z2:4]>>([C&D2&v4&H2&+0&!R&z1:4].[O&D1&v2&H1&+0&!R:3]).[O&D1&v2&H0&+0&!R:1]=[O&D1&v2&H0&+0&!R:2],354
3217,[C&D3&v4&H0&+0&R&z1:1]1=[C&D3&v4&H0&+0&R&z1:2]-[C&D3&v4&H0&+0&R&z1:3](=[O&D1&v2&H0&+0&!R:4])-[C&D3&v4&H0&+0&R&z1:5]=[C&D3&v4&H0&+0&R&z1:6]-[C&D3&v4&H0&+0&R&z1:7]-1=[O&D1&v2&H0&+0&!R:8].[C&D3&v4&H1&+0&R&z2:9]-[O&D1&v2&H1&+0&!R:10]>>[O&D1&v2&H0&+0&!R:10]=[C&D3&v4&H0&+0&R&z2:9].[c&D3&v4&H0&+0&R&z1:1]1:[c&D3&v4&H0&+0&R&z1:2]:[c&D3&v4&H0&+0&R&z1:3](-[O&D1&v2&H1&+0&!R:4]):[c&D3&v4&H0&+0&R&z1:5]:[c&D3&v4&H0&+0&R&z1:6]:[c&D3&v4&H0&+0&R&z1:7]:1-[O&D1&v2&H1&+0&!R:8],112
3218,[C&D2&v4&H2&+0&!R&z1:1]-[C&D3&v4&H1&+0&R&z1:2]-[C&D3&v4&H1&+0&R&z1:3]-[C&D3&v4&H1&+0&R&z1:4]>>[C&D2&v4&H2&+0&!R&z1:1]-[C&D3&v4&H1&+0&!R&z1:3]-[C&D3&v4&H1&+0&R&z1:2]-[C&D3&v4&H1&+0&R&z1:4],948
3219,([C&D3&v4&H1&+0&R&z2:1]-[O&D2&v2&H0&+0&!R:2].[O&D1&v2&H1&+0&!R:3])>>([C&D3&v4&H1&+0&R&z2:1]-[O&D2&v2&H0&+0&!R:3].[O&D1&v2&H1&+0&!R:2]),201
3220,([C&D3&v4&H1&+0&R&z2:1]-[O&D2&v2&H0&+0&!R:2].[O&D1&v2&H1&+0&!R:3])>>([O&D1&v2&H1&+0&!R:2].[O&D2&v2&H0&+0&!R:3]-[C&D3&v4&H1&+0&R&z2:1]),201
3221,[C&D3&v4&H1&+0&R&z2:1]-[O&D2&v2&H0&+0&R:2].[O&D1&v2&H1&+0&!R:3]>>([C&D3&v4&H1&+0&R&z2:1]-[O&D2&v2&H0&+0&!R:3].[O&D1&v2&H1&+0&!R:2]),238
3222,[O&D1&v2&H1&+0&!R:1]-[N&D2&v3&H0&+0&!R:2]=[C&D2&v4&H1&+0&!R&z1:3]>>[N&D1&v3&H0&+0&!R:2]#[C&D2&v4&H0&+0&!R&z1:3].[O&D0&v2&H2&+0&!R:1],320
3223,([O&D1&v2&H1&+0&!R:1]-[N&D2&v3&H1&+0&!R:2].[c&D2&v4&H1&+0&R&z0:3])>>([N&D1&v3&H2&+0&!R:2].[c&D3&v4&H0&+0&R&z1:3]-[O&D1&v2&H1&+0&!R:1]),966
3224,[O&D1&v2&H1&+0&!R:1]-[O&D1&v2&H1&+0&!R:2].[c&D3&v4&H0&+0&R&z1:3]1:[n&D2&v3&H0&+0&R:4]:[c&D3&v4&H0&+0&R&z1:5]:[c&D3&v4&H0&+0&R&z1:6]:[n&D2&v3&H0&+0&R:7]:[c&D3&v4&H0&+0&R&z1:8]:1>>[O&D1&v2&H0&+0&!R:1]=[O&D1&v2&H0&+0&!R:2].[c&D3&v4&H0&+0&R&z1:8]1:[c&D3&v4&H0&+0&R&z1:3]-[N&D2&v3&H1&+0&R:4]-[c&D3&v4&H0&+0&R&z1:5]:[c&D3&v4&H0&+0&R&z1:6]-[N&D2&v3&H1&+0&R:7]-1,822
3225,[O&D1&v2&H1&+0&!R:1]-[c&D3&v4&H0&+0&R&z1:2].[c&D2&v4&H1&+0&R&z0:3]>>[c&D2&v4&H1&+0&R&z0:2].[c&D3&v4&H0&+0&R&z1:3]-[O&D1&v2&H1&+0&!R:1],221
3226,[c&D2&v4&H1&+0&R&z0:1].[c&D3&v4&H0&+0&R&z1:2]-[O&D1&v2&H1&+0&!R:3]>>[O&D1&v2&H1&+0&!R:3]-[c&D3&v4&H0&+0&R&z1:1].[c&D2&v4&H1&+0&R&z0:2],221
3227,([C&D3&v4&H0&+0&!R&z3:1]-[O&D2&v2&H0&+0&!R:2].[O&D1&v2&H1&+0&!R:3])>>([C&D3&v4&H0&+0&!R&z3:1]-[O&D2&v2&H0&+0&!R:3].[O&D1&v2&H1&+0&!R:2]),201
3228,[O&D1&v2&H1&+0&!R:1].[O&D2&v2&H0&+0&!R:2]-[C&D3&v4&H0&+0&!R&z3:3]>>[O&D1&v2&H1&+0&!R:2].[O&D2&v2&H0&+0&!R:1]-[C&D3&v4&H0&+0&!R&z3:3],517
3229,[C&D3&v4&H0&+0&R&z1:1]1=[C&D3&v4&H0&+0&R&z1:2]-[C&D3&v4&H0&+0&R&z1:3](=[O&D1&v2&H0&+0&!R:4])-[C&D3&v4&H0&+0&R&z1:5]=[C&D3&v4&H0&+0&R&z1:6]-[C&D3&v4&H0&+0&R&z1:7]-1=[O&D1&v2&H0&+0&!R:8].[C&D3&v4&H1&+0&!R&z2:9]-[O&D1&v2&H1&+0&!R:10]>>[C&D3&v4&H0&+0&!R&z2:9]=[O&D1&v2&H0&+0&!R:10].[c&D3&v4&H0&+0&R&z1:1]1:[c&D3&v4&H0&+0&R&z1:2]:[c&D3&v4&H0&+0&R&z1:3](-[O&D1&v2&H1&+0&!R:4]):[c&D3&v4&H0&+0&R&z1:5]:[c&D3&v4&H0&+0&R&z1:6]:[c&D3&v4&H0&+0&R&z1:7]:1-[O&D1&v2&H1&+0&!R:8],112
3230,[C&D4&v4&H0&+0&!R&z3:1](-[O&D1&v2&H1&+0&!R:2])-[C&D2&v4&H0&+0&!R&z1:3]>>[C&D1&v4&H1&+0&!R&z1:3].[C&D3&v4&H0&+0&!R&z3:1]=[O&D1&v2&H0&+0&!R:2],1009
3231,[C&D3&v4&H1&+0&R&z1:1]1-[C&D2&v4&H2&+0&R&z1:2]-[O&D2&v2&H0&+0&R:3]-1>>[O&D1&v2&H0&+0&!R:3]=[C&D2&v4&H1&+0&!R&z1:2]-[C&D2&v4&H2&+0&!R&z0:1],833
