Name	Reactants	SMARTS	Products
26_0	WATER;Any	[O&D0&v2&H2&+0&!R:1].[O&D2&v2&H0&+0&!R:2]-[P&D4&v5&H0&+0&!R:3](=[O&D1&v2&H0&+0&!R:4])-[O&D1&v2&H1&+0&!R:5]>>[O&D1&v2&H0&+0&!R:4]=[P&D4&v5&H0&+0&!R:3](-[O&D1&v2&H1&+0&!R:5])-[O&D1&v2&H1&+0&!R:1].[O&D1&v2&H1&+0&!R:2]	Any;Any
26_1	WATER;Any	[O&D0&v2&H2&+0&!R:1].[O&D2&v2&H0&+0&!R:2]-[P&D4&v5&H0&+0&!R:3](=[O&D1&v2&H0&+0&!R:4])-[O&D1&v2&H1&+0&!R:5]>>[O&D1&v2&H0&+0&!R:4]=[P&D4&v5&H0&+0&!R:3](-[O&D1&v2&H1&+0&!R:5])-[O&D1&v2&H1&+0&!R:1].[O&D1&v2&H1&+0&!R:2]	PPI;Any
26_2	WATER;Any	[O&D0&v2&H2&+0&!R:1].[O&D2&v2&H0&+0&!R:2]-[P&D4&v5&H0&+0&!R:3](=[O&D1&v2&H0&+0&!R:4])-[O&D1&v2&H1&+0&!R:5]>>[O&D1&v2&H0&+0&!R:4]=[P&D4&v5&H0&+0&!R:3](-[O&D1&v2&H1&+0&!R:5])-[O&D1&v2&H1&+0&!R:1].[O&D1&v2&H1&+0&!R:2]	Pi;Any
385_0	WATER;Any	[O&D0&v2&H2&+0&!R:1].[O&D2&v2&H0&+0&R:2]-[C&D3&v4&H1&+0&R&z2:3]-[O&D2&v2&H0&+0&!R:4]>>[O&D1&v2&H1&+0&!R:4].[O&D2&v2&H0&+0&R:2]-[C&D3&v4&H1&+0&R&z2:3]-[O&D1&v2&H1&+0&!R:1]	Any;Any
358_0	Any;Any	[C&D3&v4&H0&+0&!R&z2:1](=[O&D1&v2&H0&+0&!R:2])-[O&D2&v2&H0&+0&!R:3].[S&D1&v2&H1&+0&!R:4]>>[C&D3&v4&H0&+0&!R&z2:1](=[O&D1&v2&H0&+0&!R:2])-[S&D2&v2&H0&+0&!R:4].[O&D1&v2&H1&+0&!R:3]	Any;Any
358_1	Any;Any	[C&D3&v4&H0&+0&!R&z2:1](=[O&D1&v2&H0&+0&!R:2])-[O&D2&v2&H0&+0&!R:3].[S&D1&v2&H1&+0&!R:4]>>[C&D3&v4&H0&+0&!R&z2:1](=[O&D1&v2&H0&+0&!R:2])-[S&D2&v2&H0&+0&!R:4].[O&D1&v2&H1&+0&!R:3]	Any;Pi
358_2	Any;CoA	[C&D3&v4&H0&+0&!R&z2:1](=[O&D1&v2&H0&+0&!R:2])-[O&D2&v2&H0&+0&!R:3].[S&D1&v2&H1&+0&!R:4]>>[C&D3&v4&H0&+0&!R&z2:1](=[O&D1&v2&H0&+0&!R:2])-[S&D2&v2&H0&+0&!R:4].[O&D1&v2&H1&+0&!R:3]	ACETYL-COA;Any
358_3	Any;CoA	[C&D3&v4&H0&+0&!R&z2:1](=[O&D1&v2&H0&+0&!R:2])-[O&D2&v2&H0&+0&!R:3].[S&D1&v2&H1&+0&!R:4]>>[C&D3&v4&H0&+0&!R&z2:1](=[O&D1&v2&H0&+0&!R:2])-[S&D2&v2&H0&+0&!R:4].[O&D1&v2&H1&+0&!R:3]	ACETYL-COA;Pi
358_4	Any;CoA	[C&D3&v4&H0&+0&!R&z2:1](=[O&D1&v2&H0&+0&!R:2])-[O&D2&v2&H0&+0&!R:3].[S&D1&v2&H1&+0&!R:4]>>[C&D3&v4&H0&+0&!R&z2:1](=[O&D1&v2&H0&+0&!R:2])-[S&D2&v2&H0&+0&!R:4].[O&D1&v2&H1&+0&!R:3]	Any;Any
358_5	Any;CoA	[C&D3&v4&H0&+0&!R&z2:1](=[O&D1&v2&H0&+0&!R:2])-[O&D2&v2&H0&+0&!R:3].[S&D1&v2&H1&+0&!R:4]>>[C&D3&v4&H0&+0&!R&z2:1](=[O&D1&v2&H0&+0&!R:2])-[S&D2&v2&H0&+0&!R:4].[O&D1&v2&H1&+0&!R:3]	Any;Pi
201_0	Any	([C&D2&v4&H1&+0&!R&z0:1]=[C&D3&v4&H0&+0&!R&z0:2].[C&D2&v4&H1&+0&!R&z0:3]=[C&D3&v4&H0&+0&!R&z0:4].[C&D2&v4&H1&+0&!R&z0:5]=[C&D3&v4&H0&+0&!R&z0:6]-[C&D1&v4&H3&+0&!R&z0:7].[C&D3&v4&H0&+0&!R&z0:8]=[C&D2&v4&H1&+0&!R&z0:9].[C&D3&v4&H0&+0&!R&z0:10]=[C&D2&v4&H1&+0&!R&z0:11].[C&D3&v4&H0&+0&!R&z0:12]=[C&D2&v4&H1&+0&!R&z0:13])>>[C&D1&v4&H2&+0&!R&z0:7]=[C&D3&v4&H0&+0&!R&z0:6]-[C&D3&v4&H1&+0&R&z0:5]-[C&D3&v4&H1&+0&R&z0:3]-[C&D4&v4&H0&+0&R&z0:4]-[C&D3&v4&H1&+0&R&z0:1]-[C&D4&v4&H0&+0&R&z0:2]-[C&D4&v4&H0&+0&R&z0:12]-[C&D3&v4&H1&+0&R&z0:13]-[C&D4&v4&H0&+0&R&z0:10]-[C&D3&v4&H1&+0&R&z0:11]-[C&D4&v4&H0&+0&R&z0:8]-[C&D2&v4&H2&+0&R&z0:9]	Any
357_0	ACETYL-COA;Any	[C&D3&v4&H0&+0&!R&z2:1](=[O&D1&v2&H0&+0&!R:2])-[S&D2&v2&H0&+0&!R:3].[O&D1&v2&H1&+0&!R:4]>>[C&D3&v4&H0&+0&!R&z2:1](=[O&D1&v2&H0&+0&!R:2])-[O&D2&v2&H0&+0&!R:4].[S&D1&v2&H1&+0&!R:3]	Any;CoA
357_1	ACETYL-COA;Pi	[C&D3&v4&H0&+0&!R&z2:1](=[O&D1&v2&H0&+0&!R:2])-[S&D2&v2&H0&+0&!R:3].[O&D1&v2&H1&+0&!R:4]>>[C&D3&v4&H0&+0&!R&z2:1](=[O&D1&v2&H0&+0&!R:2])-[O&D2&v2&H0&+0&!R:4].[S&D1&v2&H1&+0&!R:3]	Any;CoA
357_2	Any;Any	[C&D3&v4&H0&+0&!R&z2:1](=[O&D1&v2&H0&+0&!R:2])-[S&D2&v2&H0&+0&!R:3].[O&D1&v2&H1&+0&!R:4]>>[C&D3&v4&H0&+0&!R&z2:1](=[O&D1&v2&H0&+0&!R:2])-[O&D2&v2&H0&+0&!R:4].[S&D1&v2&H1&+0&!R:3]	Any;Any
357_3	Any;Any	[C&D3&v4&H0&+0&!R&z2:1](=[O&D1&v2&H0&+0&!R:2])-[S&D2&v2&H0&+0&!R:3].[O&D1&v2&H1&+0&!R:4]>>[C&D3&v4&H0&+0&!R&z2:1](=[O&D1&v2&H0&+0&!R:2])-[O&D2&v2&H0&+0&!R:4].[S&D1&v2&H1&+0&!R:3]	Any;CoA
357_4	Any;Pi	[C&D3&v4&H0&+0&!R&z2:1](=[O&D1&v2&H0&+0&!R:2])-[S&D2&v2&H0&+0&!R:3].[O&D1&v2&H1&+0&!R:4]>>[C&D3&v4&H0&+0&!R&z2:1](=[O&D1&v2&H0&+0&!R:2])-[O&D2&v2&H0&+0&!R:4].[S&D1&v2&H1&+0&!R:3]	Any;Any
357_5	Any;Pi	[C&D3&v4&H0&+0&!R&z2:1](=[O&D1&v2&H0&+0&!R:2])-[S&D2&v2&H0&+0&!R:3].[O&D1&v2&H1&+0&!R:4]>>[C&D3&v4&H0&+0&!R&z2:1](=[O&D1&v2&H0&+0&!R:2])-[O&D2&v2&H0&+0&!R:4].[S&D1&v2&H1&+0&!R:3]	Any;CoA
438_0	Any	([O&D1&v2&H1&+0&!R:1].[P&D4&v5&H0&+0&!R:2](=[O&D1&v2&H0&+0&!R:3])(-[O&D1&v2&H1&+0&!R:4])-[O&D1&v2&H1&+0&!R:5])>>[O&D0&v2&H2&+0&!R:5].[P&D4&v5&H0&+0&R:2](=[O&D1&v2&H0&+0&!R:4])(-[O&D1&v2&H1&+0&!R:3])-[O&D2&v2&H0&+0&R:1]	WATER;Any
375_0	Any;Any	[*:1](~[O&D1&v2&H1&+0&!R:2])~[*:3]~[*:4](~[O&D1&v2&H0&+0&!R:5])(~[O&D1&v2&H1&+0&!R:6])~[O&D2&v2&H0&+0&!R:7]-[P&D4&v5&H0&+0&!R:8]-[O&D1&v2&H1&+0&!R:9].[O&D1&v2&H1&+0&!R:10]>>[*:1](~[O&D1&v2&H1&+0&!R:2])~[*:3]~[*:4](~[O&D1&v2&H0&+0&!R:5])(~[O&D1&v2&H1&+0&!R:6])~[O&D1&v2&H1&+0&!R:7].[P&D4&v5&H0&+0&!R:8](-[O&D1&v2&H1&+0&!R:9])-[O&D2&v2&H0&+0&!R:10]	Any;Any
375_1	Any;Any	[*:1](~[O&D1&v2&H1&+0&!R:2])~[*:3]~[*:4](~[O&D1&v2&H0&+0&!R:5])(~[O&D1&v2&H1&+0&!R:6])~[O&D2&v2&H0&+0&!R:7]-[P&D4&v5&H0&+0&!R:8]-[O&D1&v2&H1&+0&!R:9].[O&D1&v2&H1&+0&!R:10]>>[*:1](~[O&D1&v2&H1&+0&!R:2])~[*:3]~[*:4](~[O&D1&v2&H0&+0&!R:5])(~[O&D1&v2&H1&+0&!R:6])~[O&D1&v2&H1&+0&!R:7].[P&D4&v5&H0&+0&!R:8](-[O&D1&v2&H1&+0&!R:9])-[O&D2&v2&H0&+0&!R:10]	Any;CoA
375_2	Any;Any	[*:1](~[O&D1&v2&H1&+0&!R:2])~[*:3]~[*:4](~[O&D1&v2&H0&+0&!R:5])(~[O&D1&v2&H1&+0&!R:6])~[O&D2&v2&H0&+0&!R:7]-[P&D4&v5&H0&+0&!R:8]-[O&D1&v2&H1&+0&!R:9].[O&D1&v2&H1&+0&!R:10]>>[*:1](~[O&D1&v2&H1&+0&!R:2])~[*:3]~[*:4](~[O&D1&v2&H0&+0&!R:5])(~[O&D1&v2&H1&+0&!R:6])~[O&D1&v2&H1&+0&!R:7].[P&D4&v5&H0&+0&!R:8](-[O&D1&v2&H1&+0&!R:9])-[O&D2&v2&H0&+0&!R:10]	PPI;Any
375_3	Any;PPI	[*:1](~[O&D1&v2&H1&+0&!R:2])~[*:3]~[*:4](~[O&D1&v2&H0&+0&!R:5])(~[O&D1&v2&H1&+0&!R:6])~[O&D2&v2&H0&+0&!R:7]-[P&D4&v5&H0&+0&!R:8]-[O&D1&v2&H1&+0&!R:9].[O&D1&v2&H1&+0&!R:10]>>[*:1](~[O&D1&v2&H1&+0&!R:2])~[*:3]~[*:4](~[O&D1&v2&H0&+0&!R:5])(~[O&D1&v2&H1&+0&!R:6])~[O&D1&v2&H1&+0&!R:7].[P&D4&v5&H0&+0&!R:8](-[O&D1&v2&H1&+0&!R:9])-[O&D2&v2&H0&+0&!R:10]	Any;Any
375_4	Any;Pi	[*:1](~[O&D1&v2&H1&+0&!R:2])~[*:3]~[*:4](~[O&D1&v2&H0&+0&!R:5])(~[O&D1&v2&H1&+0&!R:6])~[O&D2&v2&H0&+0&!R:7]-[P&D4&v5&H0&+0&!R:8]-[O&D1&v2&H1&+0&!R:9].[O&D1&v2&H1&+0&!R:10]>>[*:1](~[O&D1&v2&H1&+0&!R:2])~[*:3]~[*:4](~[O&D1&v2&H0&+0&!R:5])(~[O&D1&v2&H1&+0&!R:6])~[O&D1&v2&H1&+0&!R:7].[P&D4&v5&H0&+0&!R:8](-[O&D1&v2&H1&+0&!R:9])-[O&D2&v2&H0&+0&!R:10]	Any;Any
375_5	Any;SULFATE	[*:1](~[O&D1&v2&H1&+0&!R:2])~[*:3]~[*:4](~[O&D1&v2&H0&+0&!R:5])(~[O&D1&v2&H1&+0&!R:6])~[O&D2&v2&H0&+0&!R:7]-[P&D4&v5&H0&+0&!R:8]-[O&D1&v2&H1&+0&!R:9].[O&D1&v2&H1&+0&!R:10]>>[*:1](~[O&D1&v2&H1&+0&!R:2])~[*:3]~[*:4](~[O&D1&v2&H0&+0&!R:5])(~[O&D1&v2&H1&+0&!R:6])~[O&D1&v2&H1&+0&!R:7].[P&D4&v5&H0&+0&!R:8](-[O&D1&v2&H1&+0&!R:9])-[O&D2&v2&H0&+0&!R:10]	PPI;Any
375_6	PHOSPHATE_DONOR_CoF;Any	[*:1](~[O&D1&v2&H1&+0&!R:2])~[*:3]~[*:4](~[O&D1&v2&H0&+0&!R:5])(~[O&D1&v2&H1&+0&!R:6])~[O&D2&v2&H0&+0&!R:7]-[P&D4&v5&H0&+0&!R:8]-[O&D1&v2&H1&+0&!R:9].[O&D1&v2&H1&+0&!R:10]>>[*:1](~[O&D1&v2&H1&+0&!R:2])~[*:3]~[*:4](~[O&D1&v2&H0&+0&!R:5])(~[O&D1&v2&H1&+0&!R:6])~[O&D1&v2&H1&+0&!R:7].[P&D4&v5&H0&+0&!R:8](-[O&D1&v2&H1&+0&!R:9])-[O&D2&v2&H0&+0&!R:10]	PHOSPHATE_ACCEPTOR_CoF;Any
375_7	PHOSPHATE_DONOR_CoF;Any	[*:1](~[O&D1&v2&H1&+0&!R:2])~[*:3]~[*:4](~[O&D1&v2&H0&+0&!R:5])(~[O&D1&v2&H1&+0&!R:6])~[O&D2&v2&H0&+0&!R:7]-[P&D4&v5&H0&+0&!R:8]-[O&D1&v2&H1&+0&!R:9].[O&D1&v2&H1&+0&!R:10]>>[*:1](~[O&D1&v2&H1&+0&!R:2])~[*:3]~[*:4](~[O&D1&v2&H0&+0&!R:5])(~[O&D1&v2&H1&+0&!R:6])~[O&D1&v2&H1&+0&!R:7].[P&D4&v5&H0&+0&!R:8](-[O&D1&v2&H1&+0&!R:9])-[O&D2&v2&H0&+0&!R:10]	PHOSPHATE_ACCEPTOR_CoF;CoA
375_8	PHOSPHATE_DONOR_CoF;PHOSPHATE_ACCEPTOR_CoF	[*:1](~[O&D1&v2&H1&+0&!R:2])~[*:3]~[*:4](~[O&D1&v2&H0&+0&!R:5])(~[O&D1&v2&H1&+0&!R:6])~[O&D2&v2&H0&+0&!R:7]-[P&D4&v5&H0&+0&!R:8]-[O&D1&v2&H1&+0&!R:9].[O&D1&v2&H1&+0&!R:10]>>[*:1](~[O&D1&v2&H1&+0&!R:2])~[*:3]~[*:4](~[O&D1&v2&H0&+0&!R:5])(~[O&D1&v2&H1&+0&!R:6])~[O&D1&v2&H1&+0&!R:7].[P&D4&v5&H0&+0&!R:8](-[O&D1&v2&H1&+0&!R:9])-[O&D2&v2&H0&+0&!R:10]	PHOSPHATE_ACCEPTOR_CoF;PHOSPHATE_DONOR_CoF
97_0	Any;Any	[C&D3&v4&H0&+0&!R&z2:1](=[O&D1&v2&H0&+0&!R:2])-[O&D1&v2&H1&+0&!R:3].[O&D1&v2&H1&+0&!R:4]>>[O&D0&v2&H2&+0&!R:3].[O&D2&v2&H0&+0&!R:4]-[C&D3&v4&H0&+0&!R&z2:1]=[O&D1&v2&H0&+0&!R:2]	WATER;Any
97_1	Any;H2O2	[C&D3&v4&H0&+0&!R&z2:1](=[O&D1&v2&H0&+0&!R:2])-[O&D1&v2&H1&+0&!R:3].[O&D1&v2&H1&+0&!R:4]>>[O&D0&v2&H2&+0&!R:3].[O&D2&v2&H0&+0&!R:4]-[C&D3&v4&H0&+0&!R&z2:1]=[O&D1&v2&H0&+0&!R:2]	WATER;Any
105_0	Any;Any	[C&D3&v4&H0&+0&!R&z2:1](=[O&D1&v2&H0&+0&!R:2])-[O&D1&v2&H1&+0&!R:3].[C&D3&v4&H0&+0&R&z0:4]1=[C&D2&v4&H1&+0&R&z1:5]-[N&D3&v3&H0&+0&R:6]-[C&D2&v4&H1&+0&R&z1:7]=[C&D2&v4&H1&+0&R&z0:8]-[C&D2&v4&H2&+0&R&z0:9]-1>>[C&D2&v4&H1&+0&!R&z1:1]=[O&D1&v2&H0&+0&!R:2].[O&D0&v2&H2&+0&!R:3].[c&D3&v4&H0&+0&R&z0:4]1:[c&D2&v4&H1&+0&R&z0:9]:[c&D2&v4&H1&+0&R&z0:8]:[c&D2&v4&H1&+0&R&z1:7]:[n&D3&v4&H0&+&R:6]:[c&D2&v4&H1&+0&R&z1:5]:1	Any;WATER;Any
105_1	Any;NADH_CoF	[C&D3&v4&H0&+0&!R&z2:1](=[O&D1&v2&H0&+0&!R:2])-[O&D1&v2&H1&+0&!R:3].[C&D3&v4&H0&+0&R&z0:4]1=[C&D2&v4&H1&+0&R&z1:5]-[N&D3&v3&H0&+0&R:6]-[C&D2&v4&H1&+0&R&z1:7]=[C&D2&v4&H1&+0&R&z0:8]-[C&D2&v4&H2&+0&R&z0:9]-1>>[C&D2&v4&H1&+0&!R&z1:1]=[O&D1&v2&H0&+0&!R:2].[O&D0&v2&H2&+0&!R:3].[c&D3&v4&H0&+0&R&z0:4]1:[c&D2&v4&H1&+0&R&z0:9]:[c&D2&v4&H1&+0&R&z0:8]:[c&D2&v4&H1&+0&R&z1:7]:[n&D3&v4&H0&+&R:6]:[c&D2&v4&H1&+0&R&z1:5]:1	Any;WATER;NAD_CoF
230_0	Any;Any	[O&D1&v2&H1&+0&!R:1].[P&D4&v5&H0&+0&!R:2](=[O&D1&v2&H0&+0&!R:3])(-[O&D1&v2&H1&+0&!R:4])-[O&D2&v2&H0&+0&!R:5]~[*:6]~[*:7]~[*:8]~[O&D1&v2&H1&+0&!R:9]>>[*:6](~[O&D1&v2&H1&+0&!R:5])~[*:7]~[*:8]~[O&D1&v2&H1&+0&!R:9].[P&D4&v5&H0&+0&!R:2](=[O&D1&v2&H0&+0&!R:4])(-[O&D1&v2&H1&+0&!R:3])-[O&D2&v2&H0&+0&!R:1]	Any;Any
230_1	PHOSPHATE_ACCEPTOR_CoF;Any	[O&D1&v2&H1&+0&!R:1].[P&D4&v5&H0&+0&!R:2](=[O&D1&v2&H0&+0&!R:3])(-[O&D1&v2&H1&+0&!R:4])-[O&D2&v2&H0&+0&!R:5]~[*:6]~[*:7]~[*:8]~[O&D1&v2&H1&+0&!R:9]>>[*:6](~[O&D1&v2&H1&+0&!R:5])~[*:7]~[*:8]~[O&D1&v2&H1&+0&!R:9].[P&D4&v5&H0&+0&!R:2](=[O&D1&v2&H0&+0&!R:4])(-[O&D1&v2&H1&+0&!R:3])-[O&D2&v2&H0&+0&!R:1]	Any;PHOSPHATE_DONOR_CoF
230_2	PHOSPHATE_ACCEPTOR_CoF;PHOSPHATE_DONOR_CoF	[O&D1&v2&H1&+0&!R:1].[P&D4&v5&H0&+0&!R:2](=[O&D1&v2&H0&+0&!R:3])(-[O&D1&v2&H1&+0&!R:4])-[O&D2&v2&H0&+0&!R:5]~[*:6]~[*:7]~[*:8]~[O&D1&v2&H1&+0&!R:9]>>[*:6](~[O&D1&v2&H1&+0&!R:5])~[*:7]~[*:8]~[O&D1&v2&H1&+0&!R:9].[P&D4&v5&H0&+0&!R:2](=[O&D1&v2&H0&+0&!R:4])(-[O&D1&v2&H1&+0&!R:3])-[O&D2&v2&H0&+0&!R:1]	PHOSPHATE_ACCEPTOR_CoF;PHOSPHATE_DONOR_CoF
230_3	Pi;Any	[O&D1&v2&H1&+0&!R:1].[P&D4&v5&H0&+0&!R:2](=[O&D1&v2&H0&+0&!R:3])(-[O&D1&v2&H1&+0&!R:4])-[O&D2&v2&H0&+0&!R:5]~[*:6]~[*:7]~[*:8]~[O&D1&v2&H1&+0&!R:9]>>[*:6](~[O&D1&v2&H1&+0&!R:5])~[*:7]~[*:8]~[O&D1&v2&H1&+0&!R:9].[P&D4&v5&H0&+0&!R:2](=[O&D1&v2&H0&+0&!R:4])(-[O&D1&v2&H1&+0&!R:3])-[O&D2&v2&H0&+0&!R:1]	Any;PPI
1_0	Any;Any;Any	[S&D1&v2&H1&+0&!R:1].[S&D1&v2&H1&+0&!R:2].[c&D3&v4&H0&+0&R&z0:3]1:[c&D2&v4&H1&+0&R&z0:4]:[c&D2&v4&H1&+0&R&z0:5]:[c&D2&v4&H1&+0&R&z1:6]:[n&D3&v4&H0&+&R:7]:[c&D2&v4&H1&+0&R&z1:8]:1>>[C&D3&v4&H0&+0&R&z0:3]1=[C&D2&v4&H1&+0&R&z1:8]-[N&D3&v3&H0&+0&R:7]-[C&D2&v4&H1&+0&R&z1:6]=[C&D2&v4&H1&+0&R&z0:5]-[C&D2&v4&H2&+0&R&z0:4]-1.[S&D2&v2&H0&+0&!R:1]-[S&D2&v2&H0&+0&!R:2]	Any;Any
1_1	Any;Any;NAD_CoF	[S&D1&v2&H1&+0&!R:1].[S&D1&v2&H1&+0&!R:2].[c&D3&v4&H0&+0&R&z0:3]1:[c&D2&v4&H1&+0&R&z0:4]:[c&D2&v4&H1&+0&R&z0:5]:[c&D2&v4&H1&+0&R&z1:6]:[n&D3&v4&H0&+&R:7]:[c&D2&v4&H1&+0&R&z1:8]:1>>[C&D3&v4&H0&+0&R&z0:3]1=[C&D2&v4&H1&+0&R&z1:8]-[N&D3&v3&H0&+0&R:7]-[C&D2&v4&H1&+0&R&z1:6]=[C&D2&v4&H1&+0&R&z0:5]-[C&D2&v4&H2&+0&R&z0:4]-1.[S&D2&v2&H0&+0&!R:1]-[S&D2&v2&H0&+0&!R:2]	NADH_CoF;Any
1_2	CoA;Any;Any	[S&D1&v2&H1&+0&!R:1].[S&D1&v2&H1&+0&!R:2].[c&D3&v4&H0&+0&R&z0:3]1:[c&D2&v4&H1&+0&R&z0:4]:[c&D2&v4&H1&+0&R&z0:5]:[c&D2&v4&H1&+0&R&z1:6]:[n&D3&v4&H0&+&R:7]:[c&D2&v4&H1&+0&R&z1:8]:1>>[C&D3&v4&H0&+0&R&z0:3]1=[C&D2&v4&H1&+0&R&z1:8]-[N&D3&v3&H0&+0&R:7]-[C&D2&v4&H1&+0&R&z1:6]=[C&D2&v4&H1&+0&R&z0:5]-[C&D2&v4&H2&+0&R&z0:4]-1.[S&D2&v2&H0&+0&!R:1]-[S&D2&v2&H0&+0&!R:2]	Any;Any
1_3	CoA;Any;NAD_CoF	[S&D1&v2&H1&+0&!R:1].[S&D1&v2&H1&+0&!R:2].[c&D3&v4&H0&+0&R&z0:3]1:[c&D2&v4&H1&+0&R&z0:4]:[c&D2&v4&H1&+0&R&z0:5]:[c&D2&v4&H1&+0&R&z1:6]:[n&D3&v4&H0&+&R:7]:[c&D2&v4&H1&+0&R&z1:8]:1>>[C&D3&v4&H0&+0&R&z0:3]1=[C&D2&v4&H1&+0&R&z1:8]-[N&D3&v3&H0&+0&R:7]-[C&D2&v4&H1&+0&R&z1:6]=[C&D2&v4&H1&+0&R&z0:5]-[C&D2&v4&H2&+0&R&z0:4]-1.[S&D2&v2&H0&+0&!R:1]-[S&D2&v2&H0&+0&!R:2]	NADH_CoF;Any
1_4	CoA;CoA;Any	[S&D1&v2&H1&+0&!R:1].[S&D1&v2&H1&+0&!R:2].[c&D3&v4&H0&+0&R&z0:3]1:[c&D2&v4&H1&+0&R&z0:4]:[c&D2&v4&H1&+0&R&z0:5]:[c&D2&v4&H1&+0&R&z1:6]:[n&D3&v4&H0&+&R:7]:[c&D2&v4&H1&+0&R&z1:8]:1>>[C&D3&v4&H0&+0&R&z0:3]1=[C&D2&v4&H1&+0&R&z1:8]-[N&D3&v3&H0&+0&R:7]-[C&D2&v4&H1&+0&R&z1:6]=[C&D2&v4&H1&+0&R&z0:5]-[C&D2&v4&H2&+0&R&z0:4]-1.[S&D2&v2&H0&+0&!R:1]-[S&D2&v2&H0&+0&!R:2]	Any;Any
1_5	CoA;CoA;NAD_CoF	[S&D1&v2&H1&+0&!R:1].[S&D1&v2&H1&+0&!R:2].[c&D3&v4&H0&+0&R&z0:3]1:[c&D2&v4&H1&+0&R&z0:4]:[c&D2&v4&H1&+0&R&z0:5]:[c&D2&v4&H1&+0&R&z1:6]:[n&D3&v4&H0&+&R:7]:[c&D2&v4&H1&+0&R&z1:8]:1>>[C&D3&v4&H0&+0&R&z0:3]1=[C&D2&v4&H1&+0&R&z1:8]-[N&D3&v3&H0&+0&R:7]-[C&D2&v4&H1&+0&R&z1:6]=[C&D2&v4&H1&+0&R&z0:5]-[C&D2&v4&H2&+0&R&z0:4]-1.[S&D2&v2&H0&+0&!R:1]-[S&D2&v2&H0&+0&!R:2]	NADH_CoF;Any
355_0	Any;Any	[C&D1&v4&H3&+0&!R&z1:1]-[O&D2&v2&H0&+0&!R:2].[S&D2&v2&H0&+0&!R:3]>>[C&D1&v4&H3&+0&!R&z1:1]-[S&D3&v3&H0&+&!R:3].[O&D1&v2&H1&+0&!R:2]	Any;Any
355_1	Any;METHYL_ACCEPTOR_CoF	[C&D1&v4&H3&+0&!R&z1:1]-[O&D2&v2&H0&+0&!R:2].[S&D2&v2&H0&+0&!R:3]>>[C&D1&v4&H3&+0&!R&z1:1]-[S&D3&v3&H0&+&!R:3].[O&D1&v2&H1&+0&!R:2]	METHYL_DONOR_CoF;Any
231_0	Any;Any	[*:1](~[O&D1&v2&H1&+0&!R:2])~[*:3]~[*:4]~[O&D1&v2&H1&+0&!R:5].[P&D4&v5&H0&+0&!R:6](=[O&D1&v2&H0&+0&!R:7])(-[O&D1&v2&H1&+0&!R:8])-[O&D2&v2&H0&+0&!R:9]>>[O&D1&v2&H1&+0&!R:9].[P&D4&v5&H0&+0&!R:6](=[O&D1&v2&H0&+0&!R:8])(-[O&D1&v2&H1&+0&!R:7])-[O&D2&v2&H0&+0&!R:2]~[*:1]~[*:3]~[*:4]~[O&D1&v2&H1&+0&!R:5]	Any;Any
231_1	Any;PHOSPHATE_DONOR_CoF	[*:1](~[O&D1&v2&H1&+0&!R:2])~[*:3]~[*:4]~[O&D1&v2&H1&+0&!R:5].[P&D4&v5&H0&+0&!R:6](=[O&D1&v2&H0&+0&!R:7])(-[O&D1&v2&H1&+0&!R:8])-[O&D2&v2&H0&+0&!R:9]>>[O&D1&v2&H1&+0&!R:9].[P&D4&v5&H0&+0&!R:6](=[O&D1&v2&H0&+0&!R:8])(-[O&D1&v2&H1&+0&!R:7])-[O&D2&v2&H0&+0&!R:2]~[*:1]~[*:3]~[*:4]~[O&D1&v2&H1&+0&!R:5]	PHOSPHATE_ACCEPTOR_CoF;Any
231_2	Any;PPI	[*:1](~[O&D1&v2&H1&+0&!R:2])~[*:3]~[*:4]~[O&D1&v2&H1&+0&!R:5].[P&D4&v5&H0&+0&!R:6](=[O&D1&v2&H0&+0&!R:7])(-[O&D1&v2&H1&+0&!R:8])-[O&D2&v2&H0&+0&!R:9]>>[O&D1&v2&H1&+0&!R:9].[P&D4&v5&H0&+0&!R:6](=[O&D1&v2&H0&+0&!R:8])(-[O&D1&v2&H1&+0&!R:7])-[O&D2&v2&H0&+0&!R:2]~[*:1]~[*:3]~[*:4]~[O&D1&v2&H1&+0&!R:5]	Pi;Any
231_3	PHOSPHATE_ACCEPTOR_CoF;PHOSPHATE_DONOR_CoF	[*:1](~[O&D1&v2&H1&+0&!R:2])~[*:3]~[*:4]~[O&D1&v2&H1&+0&!R:5].[P&D4&v5&H0&+0&!R:6](=[O&D1&v2&H0&+0&!R:7])(-[O&D1&v2&H1&+0&!R:8])-[O&D2&v2&H0&+0&!R:9]>>[O&D1&v2&H1&+0&!R:9].[P&D4&v5&H0&+0&!R:6](=[O&D1&v2&H0&+0&!R:8])(-[O&D1&v2&H1&+0&!R:7])-[O&D2&v2&H0&+0&!R:2]~[*:1]~[*:3]~[*:4]~[O&D1&v2&H1&+0&!R:5]	PHOSPHATE_ACCEPTOR_CoF;PHOSPHATE_DONOR_CoF
130_0	Any;WATER	[C&D3&v4&H0&+0&!R&z2:1](=[O&D1&v2&H0&+0&!R:2])-[N&D2&v3&H1&+0&!R:3].[O&D0&v2&H2&+0&!R:4]>>[C&D3&v4&H0&+0&!R&z2:1](=[O&D1&v2&H0&+0&!R:2])-[O&D1&v2&H1&+0&!R:4].[N&D1&v3&H2&+0&!R:3]	Any;Any
107_0	Any;Any	[*:1](~[O&D1&v2&H0&+0&!R:2])~[*:3]~[*:4](~[O&D1&v2&H0&+0&!R:5])~[O&D1&v2&H1&+0&!R:6].[P&D4&v5&H0&+0&!R:7](=[O&D1&v2&H0&+0&!R:8])-[O&D1&v2&H1&+0&!R:9]>>[O&D0&v2&H2&+0&!R:9].[P&D4&v5&H0&+0&!R:7](=[O&D1&v2&H0&+0&!R:8])-[O&D2&v2&H0&+0&!R:6]~[*:4](~[O&D1&v2&H0&+0&!R:5])~[*:3]~[*:1]~[O&D1&v2&H0&+0&!R:2]	WATER;Any
107_1	PPI;Any	[*:1](~[O&D1&v2&H0&+0&!R:2])~[*:3]~[*:4](~[O&D1&v2&H0&+0&!R:5])~[O&D1&v2&H1&+0&!R:6].[P&D4&v5&H0&+0&!R:7](=[O&D1&v2&H0&+0&!R:8])-[O&D1&v2&H1&+0&!R:9]>>[O&D0&v2&H2&+0&!R:9].[P&D4&v5&H0&+0&!R:7](=[O&D1&v2&H0&+0&!R:8])-[O&D2&v2&H0&+0&!R:6]~[*:4](~[O&D1&v2&H0&+0&!R:5])~[*:3]~[*:1]~[O&D1&v2&H0&+0&!R:2]	WATER;Any
107_2	PPI;PYROPHOSPHATE_ACCEPTOR_CoF	[*:1](~[O&D1&v2&H0&+0&!R:2])~[*:3]~[*:4](~[O&D1&v2&H0&+0&!R:5])~[O&D1&v2&H1&+0&!R:6].[P&D4&v5&H0&+0&!R:7](=[O&D1&v2&H0&+0&!R:8])-[O&D1&v2&H1&+0&!R:9]>>[O&D0&v2&H2&+0&!R:9].[P&D4&v5&H0&+0&!R:7](=[O&D1&v2&H0&+0&!R:8])-[O&D2&v2&H0&+0&!R:6]~[*:4](~[O&D1&v2&H0&+0&!R:5])~[*:3]~[*:1]~[O&D1&v2&H0&+0&!R:2]	WATER;PYROPHOSPHATE_DONOR_CoF
354_0	Any;Any	[C&D1&v4&H3&+0&!R&z1:1]-[S&D3&v3&H0&+&!R:2].[O&D1&v2&H1&+0&!R:3]>>[C&D1&v4&H3&+0&!R&z1:1]-[O&D2&v2&H0&+0&!R:3].[S&D2&v2&H0&+0&!R:2]	Any;Any
354_1	METHYL_DONOR_CoF;Any	[C&D1&v4&H3&+0&!R&z1:1]-[S&D3&v3&H0&+&!R:2].[O&D1&v2&H1&+0&!R:3]>>[C&D1&v4&H3&+0&!R&z1:1]-[O&D2&v2&H0&+0&!R:3].[S&D2&v2&H0&+0&!R:2]	Any;METHYL_ACCEPTOR_CoF
492_0	Any;WATER	[C&D2&v4&H2&+0&!R&z1:1]-[O&D2&v2&H0&+0&!R:2]~[*:3](~[O&D1&v2&H1&+0&!R:4])~[*:5]~[*:6](~[O&D1&v2&H1&+0&!R:7])~[O&D1&v2&H1&+0&!R:8].[O&D0&v2&H2&+0&!R:9]>>[*:3](~[O&D1&v2&H1&+0&!R:2])(~[O&D1&v2&H1&+0&!R:4])~[*:5]~[*:6](~[O&D1&v2&H1&+0&!R:8])~[O&D1&v2&H1&+0&!R:7].[C&D2&v4&H2&+0&!R&z1:1]-[O&D1&v2&H1&+0&!R:9]	PPI;Any
492_1	PRENYL_DONOR_CoF;WATER	[C&D2&v4&H2&+0&!R&z1:1]-[O&D2&v2&H0&+0&!R:2]~[*:3](~[O&D1&v2&H1&+0&!R:4])~[*:5]~[*:6](~[O&D1&v2&H1&+0&!R:7])~[O&D1&v2&H1&+0&!R:8].[O&D0&v2&H2&+0&!R:9]>>[*:3](~[O&D1&v2&H1&+0&!R:2])(~[O&D1&v2&H1&+0&!R:4])~[*:5]~[*:6](~[O&D1&v2&H1&+0&!R:8])~[O&D1&v2&H1&+0&!R:7].[C&D2&v4&H2&+0&!R&z1:1]-[O&D1&v2&H1&+0&!R:9]	PRENYL_ACCEPTOR_CoF;Any
492_2	PYROPHOSPHATE_DONOR_CoF;WATER	[C&D2&v4&H2&+0&!R&z1:1]-[O&D2&v2&H0&+0&!R:2]~[*:3](~[O&D1&v2&H1&+0&!R:4])~[*:5]~[*:6](~[O&D1&v2&H1&+0&!R:7])~[O&D1&v2&H1&+0&!R:8].[O&D0&v2&H2&+0&!R:9]>>[*:3](~[O&D1&v2&H1&+0&!R:2])(~[O&D1&v2&H1&+0&!R:4])~[*:5]~[*:6](~[O&D1&v2&H1&+0&!R:8])~[O&D1&v2&H1&+0&!R:7].[C&D2&v4&H2&+0&!R&z1:1]-[O&D1&v2&H1&+0&!R:9]	PPI;PYROPHOSPHATE_ACCEPTOR_CoF
462_0	Any;Any	[C&D3&v4&H1&+0&R&z2:1]-[O&D1&v2&H1&+0&!R:2].[n&D2&v3&H1&+0&R:3]>>[O&D0&v2&H2&+0&!R:2].[n&D3&v3&H0&+0&R:3]-[C&D3&v4&H1&+0&R&z2:1]	WATER;Any
13_0	Any;Any	[C&D3&v4&H0&+0&!R&z2:1](=[O&D1&v2&H0&+0&!R:2])-[N&D2&v3&H1&+0&!R:3].[S&D1&v2&H1&+0&!R:4]>>[C&D3&v4&H0&+0&!R&z2:1](=[O&D1&v2&H0&+0&!R:2])-[S&D2&v2&H0&+0&!R:4].[N&D1&v3&H2&+0&!R:3]	Any;Any
13_1	Any;CoA	[C&D3&v4&H0&+0&!R&z2:1](=[O&D1&v2&H0&+0&!R:2])-[N&D2&v3&H1&+0&!R:3].[S&D1&v2&H1&+0&!R:4]>>[C&D3&v4&H0&+0&!R&z2:1](=[O&D1&v2&H0&+0&!R:2])-[S&D2&v2&H0&+0&!R:4].[N&D1&v3&H2&+0&!R:3]	ACETYL-COA;Any
13_2	Any;CoA	[C&D3&v4&H0&+0&!R&z2:1](=[O&D1&v2&H0&+0&!R:2])-[N&D2&v3&H1&+0&!R:3].[S&D1&v2&H1&+0&!R:4]>>[C&D3&v4&H0&+0&!R&z2:1](=[O&D1&v2&H0&+0&!R:2])-[S&D2&v2&H0&+0&!R:4].[N&D1&v3&H2&+0&!R:3]	Any;Any
64_0	AMINO_CoF;WATER;NAD_CoF	[C&D3&v4&H1&+0&!R&z1:1]-[N&D1&v3&H2&+0&!R:2].[O&D0&v2&H2&+0&!R:3].[c&D3&v4&H0&+0&R&z0:4]1:[c&D2&v4&H1&+0&R&z0:5]:[c&D2&v4&H1&+0&R&z0:6]:[c&D2&v4&H1&+0&R&z1:7]:[n&D3&v4&H0&+&R:8]:[c&D2&v4&H1&+0&R&z1:9]:1>>[C&D3&v4&H0&+0&!R&z1:1]=[O&D1&v2&H0&+0&!R:3].[C&D3&v4&H0&+0&R&z0:4]1=[C&D2&v4&H1&+0&R&z1:9]-[N&D3&v3&H0&+0&R:8]-[C&D2&v4&H1&+0&R&z1:7]=[C&D2&v4&H1&+0&R&z0:6]-[C&D2&v4&H2&+0&R&z0:5]-1.[N&D0&v3&H3&+0&!R:2]	CARBONYL_CoF;NADH_CoF;NH3
64_1	Any;WATER;Any	[C&D3&v4&H1&+0&!R&z1:1]-[N&D1&v3&H2&+0&!R:2].[O&D0&v2&H2&+0&!R:3].[c&D3&v4&H0&+0&R&z0:4]1:[c&D2&v4&H1&+0&R&z0:5]:[c&D2&v4&H1&+0&R&z0:6]:[c&D2&v4&H1&+0&R&z1:7]:[n&D3&v4&H0&+&R:8]:[c&D2&v4&H1&+0&R&z1:9]:1>>[C&D3&v4&H0&+0&!R&z1:1]=[O&D1&v2&H0&+0&!R:3].[C&D3&v4&H0&+0&R&z0:4]1=[C&D2&v4&H1&+0&R&z1:9]-[N&D3&v3&H0&+0&R:8]-[C&D2&v4&H1&+0&R&z1:7]=[C&D2&v4&H1&+0&R&z0:6]-[C&D2&v4&H2&+0&R&z0:5]-1.[N&D0&v3&H3&+0&!R:2]	Any;Any;NH3
64_2	Any;WATER;NAD_CoF	[C&D3&v4&H1&+0&!R&z1:1]-[N&D1&v3&H2&+0&!R:2].[O&D0&v2&H2&+0&!R:3].[c&D3&v4&H0&+0&R&z0:4]1:[c&D2&v4&H1&+0&R&z0:5]:[c&D2&v4&H1&+0&R&z0:6]:[c&D2&v4&H1&+0&R&z1:7]:[n&D3&v4&H0&+&R:8]:[c&D2&v4&H1&+0&R&z1:9]:1>>[C&D3&v4&H0&+0&!R&z1:1]=[O&D1&v2&H0&+0&!R:3].[C&D3&v4&H0&+0&R&z0:4]1=[C&D2&v4&H1&+0&R&z1:9]-[N&D3&v3&H0&+0&R:8]-[C&D2&v4&H1&+0&R&z1:7]=[C&D2&v4&H1&+0&R&z0:6]-[C&D2&v4&H2&+0&R&z0:5]-1.[N&D0&v3&H3&+0&!R:2]	Any;NADH_CoF;NH3
356_0	Any;Any	[O&D1&v2&H1&+0&!R:1].[O&D2&v2&H0&+0&!R:2]-[C&D3&v4&H1&+0&R&z2:3]>>[O&D1&v2&H1&+0&!R:2].[O&D2&v2&H0&+0&!R:1]-[C&D3&v4&H1&+0&R&z2:3]	Any;Any
356_1	Any;Any	[O&D1&v2&H1&+0&!R:1].[O&D2&v2&H0&+0&!R:2]-[C&D3&v4&H1&+0&R&z2:3]>>[O&D1&v2&H1&+0&!R:2].[O&D2&v2&H0&+0&!R:1]-[C&D3&v4&H1&+0&R&z2:3]	Pi;Any
356_2	Pi;Any	[O&D1&v2&H1&+0&!R:1].[O&D2&v2&H0&+0&!R:2]-[C&D3&v4&H1&+0&R&z2:3]>>[O&D1&v2&H1&+0&!R:2].[O&D2&v2&H0&+0&!R:1]-[C&D3&v4&H1&+0&R&z2:3]	Any;Any
336_0	Any	[O&D1&v2&H0&+0&!R:1]=[C&D3&v4&H0&+0&!R&z2:2]-[C&D2&v4&H2&+0&!R&z0:3]-[C&D3&v4&H1&+0&!R&z1:4]-[O&D1&v2&H1&+0&!R:5]>>[C&D2&v4&H1&+0&!R&z0:4]=[C&D2&v4&H1&+0&!R&z0:3]-[C&D3&v4&H0&+0&!R&z2:2]=[O&D1&v2&H0&+0&!R:1].[O&D0&v2&H2&+0&!R:5]	Any;WATER
125_0	Any;Any	[O&D1&v2&H1&+0&!R:1].[O&D2&v2&H0&+0&!R:2]-[S&D4&v6&H0&+0&!R:3]-[O&D1&v2&H1&+0&!R:4]>>[O&D1&v2&H1&+0&!R:2].[O&D2&v2&H0&+0&!R:1]-[S&D4&v6&H0&+0&!R:3]-[O&D1&v2&H1&+0&!R:4]	Any;Any
125_1	Any;SULFATE_DONOR_CoF	[O&D1&v2&H1&+0&!R:1].[O&D2&v2&H0&+0&!R:2]-[S&D4&v6&H0&+0&!R:3]-[O&D1&v2&H1&+0&!R:4]>>[O&D1&v2&H1&+0&!R:2].[O&D2&v2&H0&+0&!R:1]-[S&D4&v6&H0&+0&!R:3]-[O&D1&v2&H1&+0&!R:4]	SULFATE_ACCEPTOR_CoF;Any
125_2	SULFATE_ACCEPTOR_CoF;Any	[O&D1&v2&H1&+0&!R:1].[O&D2&v2&H0&+0&!R:2]-[S&D4&v6&H0&+0&!R:3]-[O&D1&v2&H1&+0&!R:4]>>[O&D1&v2&H1&+0&!R:2].[O&D2&v2&H0&+0&!R:1]-[S&D4&v6&H0&+0&!R:3]-[O&D1&v2&H1&+0&!R:4]	Any;SULFATE_DONOR_CoF
125_3	SULFATE_ACCEPTOR_CoF;SULFATE_DONOR_CoF	[O&D1&v2&H1&+0&!R:1].[O&D2&v2&H0&+0&!R:2]-[S&D4&v6&H0&+0&!R:3]-[O&D1&v2&H1&+0&!R:4]>>[O&D1&v2&H1&+0&!R:2].[O&D2&v2&H0&+0&!R:1]-[S&D4&v6&H0&+0&!R:3]-[O&D1&v2&H1&+0&!R:4]	SULFATE_ACCEPTOR_CoF;SULFATE_DONOR_CoF
316_0	ACETYL-COA;WATER	[*:1](~[O&D1&v2&H0&+0&!R:2])~[O&D2&v2&H0&+0&!R:3]-[P&D4&v5&H0&+0&!R:4](=[O&D1&v2&H0&+0&!R:5])-[O&D1&v2&H1&+0&!R:6].[O&D0&v2&H2&+0&!R:7]>>[*:1](~[O&D1&v2&H0&+0&!R:2])~[O&D1&v2&H1&+0&!R:3].[O&D1&v2&H0&+0&!R:5]=[P&D4&v5&H0&+0&!R:4](-[O&D1&v2&H1&+0&!R:6])-[O&D1&v2&H1&+0&!R:7]	Any;Any
316_1	Any;WATER	[*:1](~[O&D1&v2&H0&+0&!R:2])~[O&D2&v2&H0&+0&!R:3]-[P&D4&v5&H0&+0&!R:4](=[O&D1&v2&H0&+0&!R:5])-[O&D1&v2&H1&+0&!R:6].[O&D0&v2&H2&+0&!R:7]>>[*:1](~[O&D1&v2&H0&+0&!R:2])~[O&D1&v2&H1&+0&!R:3].[O&D1&v2&H0&+0&!R:5]=[P&D4&v5&H0&+0&!R:4](-[O&D1&v2&H1&+0&!R:6])-[O&D1&v2&H1&+0&!R:7]	Any;Any
316_2	Any;WATER	[*:1](~[O&D1&v2&H0&+0&!R:2])~[O&D2&v2&H0&+0&!R:3]-[P&D4&v5&H0&+0&!R:4](=[O&D1&v2&H0&+0&!R:5])-[O&D1&v2&H1&+0&!R:6].[O&D0&v2&H2&+0&!R:7]>>[*:1](~[O&D1&v2&H0&+0&!R:2])~[O&D1&v2&H1&+0&!R:3].[O&D1&v2&H0&+0&!R:5]=[P&D4&v5&H0&+0&!R:4](-[O&D1&v2&H1&+0&!R:6])-[O&D1&v2&H1&+0&!R:7]	SULFATE;Any
316_3	CoA;WATER	[*:1](~[O&D1&v2&H0&+0&!R:2])~[O&D2&v2&H0&+0&!R:3]-[P&D4&v5&H0&+0&!R:4](=[O&D1&v2&H0&+0&!R:5])-[O&D1&v2&H1&+0&!R:6].[O&D0&v2&H2&+0&!R:7]>>[*:1](~[O&D1&v2&H0&+0&!R:2])~[O&D1&v2&H1&+0&!R:3].[O&D1&v2&H0&+0&!R:5]=[P&D4&v5&H0&+0&!R:4](-[O&D1&v2&H1&+0&!R:6])-[O&D1&v2&H1&+0&!R:7]	Any;Any
316_4	SULFATE_DONOR_CoF;WATER	[*:1](~[O&D1&v2&H0&+0&!R:2])~[O&D2&v2&H0&+0&!R:3]-[P&D4&v5&H0&+0&!R:4](=[O&D1&v2&H0&+0&!R:5])-[O&D1&v2&H1&+0&!R:6].[O&D0&v2&H2&+0&!R:7]>>[*:1](~[O&D1&v2&H0&+0&!R:2])~[O&D1&v2&H1&+0&!R:3].[O&D1&v2&H0&+0&!R:5]=[P&D4&v5&H0&+0&!R:4](-[O&D1&v2&H1&+0&!R:6])-[O&D1&v2&H1&+0&!R:7]	SULFATE;SULFATE_ACCEPTOR_CoF
244_0	Any;Any	[O&D1&v2&H1&+0&!R:1].[P&D4&v5&H0&+0&!R:2](-[O&D1&v2&H1&+0&!R:3])(-[O&D1&v2&H1&+0&!R:4])~[*:5]~[*:6]~[*:7]~[O&D1&v2&H1&+0&!R:8]>>[O&D0&v2&H2&+0&!R:4].[O&D2&v2&H0&+0&!R:1]-[P&D4&v5&H0&+0&!R:2](-[O&D1&v2&H1&+0&!R:3])~[*:5]~[*:6]~[*:7]~[O&D1&v2&H1&+0&!R:8]	WATER;Any
244_1	Pi;Any	[O&D1&v2&H1&+0&!R:1].[P&D4&v5&H0&+0&!R:2](-[O&D1&v2&H1&+0&!R:3])(-[O&D1&v2&H1&+0&!R:4])~[*:5]~[*:6]~[*:7]~[O&D1&v2&H1&+0&!R:8]>>[O&D0&v2&H2&+0&!R:4].[O&D2&v2&H0&+0&!R:1]-[P&D4&v5&H0&+0&!R:2](-[O&D1&v2&H1&+0&!R:3])~[*:5]~[*:6]~[*:7]~[O&D1&v2&H1&+0&!R:8]	WATER;Any
376_0	Any;Any	[*:1](~[O&D1&v2&H1&+0&!R:2])~[*:3]~[*:4](~[O&D1&v2&H0&+0&!R:5])(~[O&D1&v2&H1&+0&!R:6])~[O&D1&v2&H1&+0&!R:7].[P&D4&v5&H0&+0&!R:8](-[O&D1&v2&H1&+0&!R:9])-[O&D2&v2&H0&+0&!R:10]>>[*:1](~[O&D1&v2&H1&+0&!R:2])~[*:3]~[*:4](~[O&D1&v2&H0&+0&!R:5])(~[O&D1&v2&H1&+0&!R:6])~[O&D2&v2&H0&+0&!R:7]-[P&D4&v5&H0&+0&!R:8]-[O&D1&v2&H1&+0&!R:9].[O&D1&v2&H1&+0&!R:10]	Any;Any
376_1	Any;Any	[*:1](~[O&D1&v2&H1&+0&!R:2])~[*:3]~[*:4](~[O&D1&v2&H0&+0&!R:5])(~[O&D1&v2&H1&+0&!R:6])~[O&D1&v2&H1&+0&!R:7].[P&D4&v5&H0&+0&!R:8](-[O&D1&v2&H1&+0&!R:9])-[O&D2&v2&H0&+0&!R:10]>>[*:1](~[O&D1&v2&H1&+0&!R:2])~[*:3]~[*:4](~[O&D1&v2&H0&+0&!R:5])(~[O&D1&v2&H1&+0&!R:6])~[O&D2&v2&H0&+0&!R:7]-[P&D4&v5&H0&+0&!R:8]-[O&D1&v2&H1&+0&!R:9].[O&D1&v2&H1&+0&!R:10]	Any;Pi
376_2	Any;CoA	[*:1](~[O&D1&v2&H1&+0&!R:2])~[*:3]~[*:4](~[O&D1&v2&H0&+0&!R:5])(~[O&D1&v2&H1&+0&!R:6])~[O&D1&v2&H1&+0&!R:7].[P&D4&v5&H0&+0&!R:8](-[O&D1&v2&H1&+0&!R:9])-[O&D2&v2&H0&+0&!R:10]>>[*:1](~[O&D1&v2&H1&+0&!R:2])~[*:3]~[*:4](~[O&D1&v2&H0&+0&!R:5])(~[O&D1&v2&H1&+0&!R:6])~[O&D2&v2&H0&+0&!R:7]-[P&D4&v5&H0&+0&!R:8]-[O&D1&v2&H1&+0&!R:9].[O&D1&v2&H1&+0&!R:10]	Any;Any
376_3	PHOSPHATE_ACCEPTOR_CoF;Any	[*:1](~[O&D1&v2&H1&+0&!R:2])~[*:3]~[*:4](~[O&D1&v2&H0&+0&!R:5])(~[O&D1&v2&H1&+0&!R:6])~[O&D1&v2&H1&+0&!R:7].[P&D4&v5&H0&+0&!R:8](-[O&D1&v2&H1&+0&!R:9])-[O&D2&v2&H0&+0&!R:10]>>[*:1](~[O&D1&v2&H1&+0&!R:2])~[*:3]~[*:4](~[O&D1&v2&H0&+0&!R:5])(~[O&D1&v2&H1&+0&!R:6])~[O&D2&v2&H0&+0&!R:7]-[P&D4&v5&H0&+0&!R:8]-[O&D1&v2&H1&+0&!R:9].[O&D1&v2&H1&+0&!R:10]	PHOSPHATE_DONOR_CoF;Any
376_4	PHOSPHATE_ACCEPTOR_CoF;CoA	[*:1](~[O&D1&v2&H1&+0&!R:2])~[*:3]~[*:4](~[O&D1&v2&H0&+0&!R:5])(~[O&D1&v2&H1&+0&!R:6])~[O&D1&v2&H1&+0&!R:7].[P&D4&v5&H0&+0&!R:8](-[O&D1&v2&H1&+0&!R:9])-[O&D2&v2&H0&+0&!R:10]>>[*:1](~[O&D1&v2&H1&+0&!R:2])~[*:3]~[*:4](~[O&D1&v2&H0&+0&!R:5])(~[O&D1&v2&H1&+0&!R:6])~[O&D2&v2&H0&+0&!R:7]-[P&D4&v5&H0&+0&!R:8]-[O&D1&v2&H1&+0&!R:9].[O&D1&v2&H1&+0&!R:10]	PHOSPHATE_DONOR_CoF;Any
376_5	PHOSPHATE_ACCEPTOR_CoF;PHOSPHATE_DONOR_CoF	[*:1](~[O&D1&v2&H1&+0&!R:2])~[*:3]~[*:4](~[O&D1&v2&H0&+0&!R:5])(~[O&D1&v2&H1&+0&!R:6])~[O&D1&v2&H1&+0&!R:7].[P&D4&v5&H0&+0&!R:8](-[O&D1&v2&H1&+0&!R:9])-[O&D2&v2&H0&+0&!R:10]>>[*:1](~[O&D1&v2&H1&+0&!R:2])~[*:3]~[*:4](~[O&D1&v2&H0&+0&!R:5])(~[O&D1&v2&H1&+0&!R:6])~[O&D2&v2&H0&+0&!R:7]-[P&D4&v5&H0&+0&!R:8]-[O&D1&v2&H1&+0&!R:9].[O&D1&v2&H1&+0&!R:10]	PHOSPHATE_DONOR_CoF;PHOSPHATE_ACCEPTOR_CoF
376_6	PPI;Any	[*:1](~[O&D1&v2&H1&+0&!R:2])~[*:3]~[*:4](~[O&D1&v2&H0&+0&!R:5])(~[O&D1&v2&H1&+0&!R:6])~[O&D1&v2&H1&+0&!R:7].[P&D4&v5&H0&+0&!R:8](-[O&D1&v2&H1&+0&!R:9])-[O&D2&v2&H0&+0&!R:10]>>[*:1](~[O&D1&v2&H1&+0&!R:2])~[*:3]~[*:4](~[O&D1&v2&H0&+0&!R:5])(~[O&D1&v2&H1&+0&!R:6])~[O&D2&v2&H0&+0&!R:7]-[P&D4&v5&H0&+0&!R:8]-[O&D1&v2&H1&+0&!R:9].[O&D1&v2&H1&+0&!R:10]	Any;Any
376_7	PPI;Any	[*:1](~[O&D1&v2&H1&+0&!R:2])~[*:3]~[*:4](~[O&D1&v2&H0&+0&!R:5])(~[O&D1&v2&H1&+0&!R:6])~[O&D1&v2&H1&+0&!R:7].[P&D4&v5&H0&+0&!R:8](-[O&D1&v2&H1&+0&!R:9])-[O&D2&v2&H0&+0&!R:10]>>[*:1](~[O&D1&v2&H1&+0&!R:2])~[*:3]~[*:4](~[O&D1&v2&H0&+0&!R:5])(~[O&D1&v2&H1&+0&!R:6])~[O&D2&v2&H0&+0&!R:7]-[P&D4&v5&H0&+0&!R:8]-[O&D1&v2&H1&+0&!R:9].[O&D1&v2&H1&+0&!R:10]	Any;SULFATE
251_0	Any;Any	[C&D3&v4&H1&+0&!R&z1:1]-[O&D1&v2&H1&+0&!R:2].[c&D3&v4&H0&+0&R&z0:3]1:[c&D2&v4&H1&+0&R&z0:4]:[c&D2&v4&H1&+0&R&z0:5]:[c&D2&v4&H1&+0&R&z1:6]:[n&D3&v4&H0&+&R:7]:[c&D2&v4&H1&+0&R&z1:8]:1>>[C&D3&v4&H0&+0&R&z0:3]1=[C&D2&v4&H1&+0&R&z1:8]-[N&D3&v3&H0&+0&R:7]-[C&D2&v4&H1&+0&R&z1:6]=[C&D2&v4&H1&+0&R&z0:5]-[C&D2&v4&H2&+0&R&z0:4]-1.[O&D1&v2&H0&+0&!R:2]=[C&D3&v4&H0&+0&!R&z1:1]	Any;Any
251_1	Any;NAD_CoF	[C&D3&v4&H1&+0&!R&z1:1]-[O&D1&v2&H1&+0&!R:2].[c&D3&v4&H0&+0&R&z0:3]1:[c&D2&v4&H1&+0&R&z0:4]:[c&D2&v4&H1&+0&R&z0:5]:[c&D2&v4&H1&+0&R&z1:6]:[n&D3&v4&H0&+&R:7]:[c&D2&v4&H1&+0&R&z1:8]:1>>[C&D3&v4&H0&+0&R&z0:3]1=[C&D2&v4&H1&+0&R&z1:8]-[N&D3&v3&H0&+0&R:7]-[C&D2&v4&H1&+0&R&z1:6]=[C&D2&v4&H1&+0&R&z0:5]-[C&D2&v4&H2&+0&R&z0:4]-1.[O&D1&v2&H0&+0&!R:2]=[C&D3&v4&H0&+0&!R&z1:1]	NADH_CoF;Any
205_0	Any;Any	[C&D2&v4&H2&+0&!R&z1:1]-[O&D1&v2&H1&+0&!R:2].[c&D3&v4&H0&+0&R&z0:3]1:[c&D2&v4&H1&+0&R&z0:4]:[c&D2&v4&H1&+0&R&z0:5]:[c&D2&v4&H1&+0&R&z1:6]:[n&D3&v4&H0&+&R:7](~[*:8]~[*:9]~[O&D1&v2&H1&+0&!R:10]):[c&D2&v4&H1&+0&R&z1:11]:1>>[C&D2&v4&H1&+0&!R&z1:1]=[O&D1&v2&H0&+0&!R:2].[C&D3&v4&H0&+0&R&z0:3]1=[C&D2&v4&H1&+0&R&z1:11]-[N&D3&v3&H0&+0&R:7](~[*:8]~[*:9]~[O&D1&v2&H1&+0&!R:10])-[C&D2&v4&H1&+0&R&z1:6]=[C&D2&v4&H1&+0&R&z0:5]-[C&D2&v4&H2&+0&R&z0:4]-1	Any;Any
205_1	Any;NAD_CoF	[C&D2&v4&H2&+0&!R&z1:1]-[O&D1&v2&H1&+0&!R:2].[c&D3&v4&H0&+0&R&z0:3]1:[c&D2&v4&H1&+0&R&z0:4]:[c&D2&v4&H1&+0&R&z0:5]:[c&D2&v4&H1&+0&R&z1:6]:[n&D3&v4&H0&+&R:7](~[*:8]~[*:9]~[O&D1&v2&H1&+0&!R:10]):[c&D2&v4&H1&+0&R&z1:11]:1>>[C&D2&v4&H1&+0&!R&z1:1]=[O&D1&v2&H0&+0&!R:2].[C&D3&v4&H0&+0&R&z0:3]1=[C&D2&v4&H1&+0&R&z1:11]-[N&D3&v3&H0&+0&R:7](~[*:8]~[*:9]~[O&D1&v2&H1&+0&!R:10])-[C&D2&v4&H1&+0&R&z1:6]=[C&D2&v4&H1&+0&R&z0:5]-[C&D2&v4&H2&+0&R&z0:4]-1	Any;NADH_CoF
491_0	PPI;Any	[*:1](~[O&D1&v2&H1&+0&!R:2])~[*:3]~[*:4](~[O&D1&v2&H1&+0&!R:5])~[O&D1&v2&H1&+0&!R:6].[C&D1&v4&H2&+0&!R&z0:7]=[C&D2&v4&H1&+0&!R&z0:8]-[C&D4&v4&H0&+0&!R&z1:9]-[O&D1&v2&H1&+0&!R:10]>>[C&D3&v4&H0&+0&!R&z0:9]=[C&D2&v4&H1&+0&!R&z0:8]-[C&D2&v4&H2&+0&!R&z1:7]-[O&D2&v2&H0&+0&!R:6]~[*:4](~[O&D1&v2&H1&+0&!R:5])~[*:3]~[*:1]~[O&D1&v2&H1&+0&!R:2].[O&D0&v2&H2&+0&!R:10]	Any;WATER
131_0	Any;Any	[C&D3&v4&H0&+0&!R&z2:1](=[O&D1&v2&H0&+0&!R:2])-[O&D1&v2&H1&+0&!R:3].[N&D1&v3&H2&+0&!R:4]>>[C&D3&v4&H0&+0&!R&z2:1](=[O&D1&v2&H0&+0&!R:2])-[N&D2&v3&H1&+0&!R:4].[O&D0&v2&H2&+0&!R:3]	Any;WATER
442_0	Any;Any	[*:1](~[O&D1&v2&H1&+0&!R:2])~[*:3]~[*:4](~[O&D1&v2&H1&+0&!R:5])~[O&D1&v2&H1&+0&!R:6].[O&D2&v2&H0&+0&!R:7]-[C&D3&v4&H1&+0&R&z2:8]>>[C&D3&v4&H1&+0&R&z2:8]-[O&D2&v2&H0&+0&!R:5]~[*:4](~[O&D1&v2&H1&+0&!R:6])~[*:3]~[*:1]~[O&D1&v2&H1&+0&!R:2].[O&D1&v2&H1&+0&!R:7]	Any;Any
442_1	Any;Any	[*:1](~[O&D1&v2&H1&+0&!R:2])~[*:3]~[*:4](~[O&D1&v2&H1&+0&!R:5])~[O&D1&v2&H1&+0&!R:6].[O&D2&v2&H0&+0&!R:7]-[C&D3&v4&H1&+0&R&z2:8]>>[C&D3&v4&H1&+0&R&z2:8]-[O&D2&v2&H0&+0&!R:5]~[*:4](~[O&D1&v2&H1&+0&!R:6])~[*:3]~[*:1]~[O&D1&v2&H1&+0&!R:2].[O&D1&v2&H1&+0&!R:7]	Any;Pi
442_2	GLUCOSYL_ACCEPTOR_CoF;Any	[*:1](~[O&D1&v2&H1&+0&!R:2])~[*:3]~[*:4](~[O&D1&v2&H1&+0&!R:5])~[O&D1&v2&H1&+0&!R:6].[O&D2&v2&H0&+0&!R:7]-[C&D3&v4&H1&+0&R&z2:8]>>[C&D3&v4&H1&+0&R&z2:8]-[O&D2&v2&H0&+0&!R:5]~[*:4](~[O&D1&v2&H1&+0&!R:6])~[*:3]~[*:1]~[O&D1&v2&H1&+0&!R:2].[O&D1&v2&H1&+0&!R:7]	GLUCOSYL_DONOR_CoF;Any
442_3	GLUCOSYL_ACCEPTOR_CoF;Any	[*:1](~[O&D1&v2&H1&+0&!R:2])~[*:3]~[*:4](~[O&D1&v2&H1&+0&!R:5])~[O&D1&v2&H1&+0&!R:6].[O&D2&v2&H0&+0&!R:7]-[C&D3&v4&H1&+0&R&z2:8]>>[C&D3&v4&H1&+0&R&z2:8]-[O&D2&v2&H0&+0&!R:5]~[*:4](~[O&D1&v2&H1&+0&!R:6])~[*:3]~[*:1]~[O&D1&v2&H1&+0&!R:2].[O&D1&v2&H1&+0&!R:7]	GLUCOSYL_DONOR_CoF;Pi
442_4	PPI;Any	[*:1](~[O&D1&v2&H1&+0&!R:2])~[*:3]~[*:4](~[O&D1&v2&H1&+0&!R:5])~[O&D1&v2&H1&+0&!R:6].[O&D2&v2&H0&+0&!R:7]-[C&D3&v4&H1&+0&R&z2:8]>>[C&D3&v4&H1&+0&R&z2:8]-[O&D2&v2&H0&+0&!R:5]~[*:4](~[O&D1&v2&H1&+0&!R:6])~[*:3]~[*:1]~[O&D1&v2&H1&+0&!R:2].[O&D1&v2&H1&+0&!R:7]	Any;Any
27_0	Any;Any	[O&D1&v2&H0&+0&!R:1]=[P&D4&v5&H0&+0&!R:2](-[O&D1&v2&H1&+0&!R:3])-[O&D1&v2&H1&+0&!R:4].[O&D1&v2&H1&+0&!R:5]>>[O&D0&v2&H2&+0&!R:4].[O&D2&v2&H0&+0&!R:5]-[P&D4&v5&H0&+0&!R:2](=[O&D1&v2&H0&+0&!R:1])-[O&D1&v2&H1&+0&!R:3]	WATER;Any
27_1	PPI;Any	[O&D1&v2&H0&+0&!R:1]=[P&D4&v5&H0&+0&!R:2](-[O&D1&v2&H1&+0&!R:3])-[O&D1&v2&H1&+0&!R:4].[O&D1&v2&H1&+0&!R:5]>>[O&D0&v2&H2&+0&!R:4].[O&D2&v2&H0&+0&!R:5]-[P&D4&v5&H0&+0&!R:2](=[O&D1&v2&H0&+0&!R:1])-[O&D1&v2&H1&+0&!R:3]	WATER;Any
27_2	Pi;Any	[O&D1&v2&H0&+0&!R:1]=[P&D4&v5&H0&+0&!R:2](-[O&D1&v2&H1&+0&!R:3])-[O&D1&v2&H1&+0&!R:4].[O&D1&v2&H1&+0&!R:5]>>[O&D0&v2&H2&+0&!R:4].[O&D2&v2&H0&+0&!R:5]-[P&D4&v5&H0&+0&!R:2](=[O&D1&v2&H0&+0&!R:1])-[O&D1&v2&H1&+0&!R:3]	WATER;Any
102_0	Any;WATER	[N&D2&v3&H1&+0&!R:1]-[C&D2&v4&H1&+0&!R&z2:2]=[O&D1&v2&H0&+0&!R:3].[O&D0&v2&H2&+0&!R:4]>>[N&D1&v3&H2&+0&!R:1].[O&D1&v2&H0&+0&!R:3]=[C&D2&v4&H1&+0&!R&z2:2]-[O&D1&v2&H1&+0&!R:4]	Any;Any
102_1	FORMYL_DONOR_CoF;WATER	[N&D2&v3&H1&+0&!R:1]-[C&D2&v4&H1&+0&!R&z2:2]=[O&D1&v2&H0&+0&!R:3].[O&D0&v2&H2&+0&!R:4]>>[N&D1&v3&H2&+0&!R:1].[O&D1&v2&H0&+0&!R:3]=[C&D2&v4&H1&+0&!R&z2:2]-[O&D1&v2&H1&+0&!R:4]	FORMYL_ACCEPTOR_CoF;Any
119_0	Any;Any	[*:1](~[O&D1&v2&H1&+0&!R:2])~[O&D2&v2&H0&+0&!R:3]-[P&D4&v5&H0&+0&!R:4](=[O&D1&v2&H0&+0&!R:5])(-[O&D1&v2&H1&+0&!R:6])~[*:7]~[*:8]~[O&D1&v2&H1&+0&!R:9].[O&D1&v2&H1&+0&!R:10]>>[*:1](~[O&D1&v2&H1&+0&!R:2])~[O&D1&v2&H1&+0&!R:3].[O&D2&v2&H0&+0&!R:10]-[P&D4&v5&H0&+0&!R:4](=[O&D1&v2&H0&+0&!R:5])(-[O&D1&v2&H1&+0&!R:6])~[*:7]~[*:8]~[O&D1&v2&H1&+0&!R:9]	Any;Any
119_1	Any;Any	[*:1](~[O&D1&v2&H1&+0&!R:2])~[O&D2&v2&H0&+0&!R:3]-[P&D4&v5&H0&+0&!R:4](=[O&D1&v2&H0&+0&!R:5])(-[O&D1&v2&H1&+0&!R:6])~[*:7]~[*:8]~[O&D1&v2&H1&+0&!R:9].[O&D1&v2&H1&+0&!R:10]>>[*:1](~[O&D1&v2&H1&+0&!R:2])~[O&D1&v2&H1&+0&!R:3].[O&D2&v2&H0&+0&!R:10]-[P&D4&v5&H0&+0&!R:4](=[O&D1&v2&H0&+0&!R:5])(-[O&D1&v2&H1&+0&!R:6])~[*:7]~[*:8]~[O&D1&v2&H1&+0&!R:9]	Pi;Any
119_2	Any;Pi	[*:1](~[O&D1&v2&H1&+0&!R:2])~[O&D2&v2&H0&+0&!R:3]-[P&D4&v5&H0&+0&!R:4](=[O&D1&v2&H0&+0&!R:5])(-[O&D1&v2&H1&+0&!R:6])~[*:7]~[*:8]~[O&D1&v2&H1&+0&!R:9].[O&D1&v2&H1&+0&!R:10]>>[*:1](~[O&D1&v2&H1&+0&!R:2])~[O&D1&v2&H1&+0&!R:3].[O&D2&v2&H0&+0&!R:10]-[P&D4&v5&H0&+0&!R:4](=[O&D1&v2&H0&+0&!R:5])(-[O&D1&v2&H1&+0&!R:6])~[*:7]~[*:8]~[O&D1&v2&H1&+0&!R:9]	Any;Any
119_3	PHOSPHATE_DONOR_CoF;PHOSPHATE_ACCEPTOR_CoF	[*:1](~[O&D1&v2&H1&+0&!R:2])~[O&D2&v2&H0&+0&!R:3]-[P&D4&v5&H0&+0&!R:4](=[O&D1&v2&H0&+0&!R:5])(-[O&D1&v2&H1&+0&!R:6])~[*:7]~[*:8]~[O&D1&v2&H1&+0&!R:9].[O&D1&v2&H1&+0&!R:10]>>[*:1](~[O&D1&v2&H1&+0&!R:2])~[O&D1&v2&H1&+0&!R:3].[O&D2&v2&H0&+0&!R:10]-[P&D4&v5&H0&+0&!R:4](=[O&D1&v2&H0&+0&!R:5])(-[O&D1&v2&H1&+0&!R:6])~[*:7]~[*:8]~[O&D1&v2&H1&+0&!R:9]	PHOSPHATE_DONOR_CoF;PHOSPHATE_ACCEPTOR_CoF
119_4	PYROPHOSPHATE_ACCEPTOR_CoF;PYROPHOSPHATE_ACCEPTOR_CoF	[*:1](~[O&D1&v2&H1&+0&!R:2])~[O&D2&v2&H0&+0&!R:3]-[P&D4&v5&H0&+0&!R:4](=[O&D1&v2&H0&+0&!R:5])(-[O&D1&v2&H1&+0&!R:6])~[*:7]~[*:8]~[O&D1&v2&H1&+0&!R:9].[O&D1&v2&H1&+0&!R:10]>>[*:1](~[O&D1&v2&H1&+0&!R:2])~[O&D1&v2&H1&+0&!R:3].[O&D2&v2&H0&+0&!R:10]-[P&D4&v5&H0&+0&!R:4](=[O&D1&v2&H0&+0&!R:5])(-[O&D1&v2&H1&+0&!R:6])~[*:7]~[*:8]~[O&D1&v2&H1&+0&!R:9]	PYROPHOSPHATE_ACCEPTOR_CoF;PYROPHOSPHATE_DONOR_CoF
119_5	PYROPHOSPHATE_DONOR_CoF;Any	[*:1](~[O&D1&v2&H1&+0&!R:2])~[O&D2&v2&H0&+0&!R:3]-[P&D4&v5&H0&+0&!R:4](=[O&D1&v2&H0&+0&!R:5])(-[O&D1&v2&H1&+0&!R:6])~[*:7]~[*:8]~[O&D1&v2&H1&+0&!R:9].[O&D1&v2&H1&+0&!R:10]>>[*:1](~[O&D1&v2&H1&+0&!R:2])~[O&D1&v2&H1&+0&!R:3].[O&D2&v2&H0&+0&!R:10]-[P&D4&v5&H0&+0&!R:4](=[O&D1&v2&H0&+0&!R:5])(-[O&D1&v2&H1&+0&!R:6])~[*:7]~[*:8]~[O&D1&v2&H1&+0&!R:9]	PYROPHOSPHATE_ACCEPTOR_CoF;Any
119_6	PYROPHOSPHATE_DONOR_CoF;PYROPHOSPHATE_ACCEPTOR_CoF	[*:1](~[O&D1&v2&H1&+0&!R:2])~[O&D2&v2&H0&+0&!R:3]-[P&D4&v5&H0&+0&!R:4](=[O&D1&v2&H0&+0&!R:5])(-[O&D1&v2&H1&+0&!R:6])~[*:7]~[*:8]~[O&D1&v2&H1&+0&!R:9].[O&D1&v2&H1&+0&!R:10]>>[*:1](~[O&D1&v2&H1&+0&!R:2])~[O&D1&v2&H1&+0&!R:3].[O&D2&v2&H0&+0&!R:10]-[P&D4&v5&H0&+0&!R:4](=[O&D1&v2&H0&+0&!R:5])(-[O&D1&v2&H1&+0&!R:6])~[*:7]~[*:8]~[O&D1&v2&H1&+0&!R:9]	PYROPHOSPHATE_ACCEPTOR_CoF;PYROPHOSPHATE_DONOR_CoF
386_0	Any;Any	[O&D1&v2&H1&+0&!R:1].[O&D2&v2&H0&+0&R:2]-[C&D3&v4&H1&+0&R&z2:3]-[O&D1&v2&H1&+0&!R:4]>>[O&D0&v2&H2&+0&!R:4].[O&D2&v2&H0&+0&R:2]-[C&D3&v4&H1&+0&R&z2:3]-[O&D2&v2&H0&+0&!R:1]	WATER;Any
402_0	NH3;Any	[N&D0&v3&H3&+0&!R:1].[O&D1&v2&H0&+0&!R:2]=[C&D3&v4&H0&+0&!R&z2:3](-[O&D1&v2&H1&+0&!R:4])~[*:5]:[*:6]:[n&D2&v3&H0&+0&R:7]>>[N&D1&v3&H2&+0&!R:1]-[C&D3&v4&H0&+0&!R&z2:3](=[O&D1&v2&H0&+0&!R:2])~[*:5]:[*:6]:[n&D2&v3&H0&+0&R:7].[O&D0&v2&H2&+0&!R:4]	Any;WATER
151_0	Any;Any;Pi	[*:1](~[O&D1&v2&H0&+0&!R:2])~[*:3]~[*:4](~[O&D1&v2&H0&+0&!R:5])~[O&D1&v2&H1&+0&!R:6].[C&D3&v4&H0&+0&!R&z2:7](=[O&D1&v2&H0&+0&!R:8])-[N&D2&v3&H1&+0&!R:9].[P&D4&v5&H0&+0&!R:10](-[O&D1&v2&H1&+0&!R:11])-[O&D1&v2&H1&+0&!R:12]>>[*:1](~[O&D1&v2&H0&+0&!R:2])~[*:3]~[*:4](~[O&D1&v2&H0&+0&!R:5])~[O&D2&v2&H0&+0&!R:6]-[P&D4&v5&H0&+0&!R:10]-[O&D1&v2&H1&+0&!R:11].[C&D3&v4&H0&+0&!R&z2:7](=[O&D1&v2&H0&+0&!R:8])-[O&D1&v2&H1&+0&!R:12].[N&D1&v3&H2&+0&!R:9]	Any;Any;Any
151_1	PHOSPHATE_ACCEPTOR_CoF;Any;Pi	[*:1](~[O&D1&v2&H0&+0&!R:2])~[*:3]~[*:4](~[O&D1&v2&H0&+0&!R:5])~[O&D1&v2&H1&+0&!R:6].[C&D3&v4&H0&+0&!R&z2:7](=[O&D1&v2&H0&+0&!R:8])-[N&D2&v3&H1&+0&!R:9].[P&D4&v5&H0&+0&!R:10](-[O&D1&v2&H1&+0&!R:11])-[O&D1&v2&H1&+0&!R:12]>>[*:1](~[O&D1&v2&H0&+0&!R:2])~[*:3]~[*:4](~[O&D1&v2&H0&+0&!R:5])~[O&D2&v2&H0&+0&!R:6]-[P&D4&v5&H0&+0&!R:10]-[O&D1&v2&H1&+0&!R:11].[C&D3&v4&H0&+0&!R&z2:7](=[O&D1&v2&H0&+0&!R:8])-[O&D1&v2&H1&+0&!R:12].[N&D1&v3&H2&+0&!R:9]	PHOSPHATE_DONOR_CoF;Any;Any
151_2	PPI;Any;Any	[*:1](~[O&D1&v2&H0&+0&!R:2])~[*:3]~[*:4](~[O&D1&v2&H0&+0&!R:5])~[O&D1&v2&H1&+0&!R:6].[C&D3&v4&H0&+0&!R&z2:7](=[O&D1&v2&H0&+0&!R:8])-[N&D2&v3&H1&+0&!R:9].[P&D4&v5&H0&+0&!R:10](-[O&D1&v2&H1&+0&!R:11])-[O&D1&v2&H1&+0&!R:12]>>[*:1](~[O&D1&v2&H0&+0&!R:2])~[*:3]~[*:4](~[O&D1&v2&H0&+0&!R:5])~[O&D2&v2&H0&+0&!R:6]-[P&D4&v5&H0&+0&!R:10]-[O&D1&v2&H1&+0&!R:11].[C&D3&v4&H0&+0&!R&z2:7](=[O&D1&v2&H0&+0&!R:8])-[O&D1&v2&H1&+0&!R:12].[N&D1&v3&H2&+0&!R:9]	Any;Any;Any
151_3	PPI;Any;PYROPHOSPHATE_ACCEPTOR_CoF	[*:1](~[O&D1&v2&H0&+0&!R:2])~[*:3]~[*:4](~[O&D1&v2&H0&+0&!R:5])~[O&D1&v2&H1&+0&!R:6].[C&D3&v4&H0&+0&!R&z2:7](=[O&D1&v2&H0&+0&!R:8])-[N&D2&v3&H1&+0&!R:9].[P&D4&v5&H0&+0&!R:10](-[O&D1&v2&H1&+0&!R:11])-[O&D1&v2&H1&+0&!R:12]>>[*:1](~[O&D1&v2&H0&+0&!R:2])~[*:3]~[*:4](~[O&D1&v2&H0&+0&!R:5])~[O&D2&v2&H0&+0&!R:6]-[P&D4&v5&H0&+0&!R:10]-[O&D1&v2&H1&+0&!R:11].[C&D3&v4&H0&+0&!R&z2:7](=[O&D1&v2&H0&+0&!R:8])-[O&D1&v2&H1&+0&!R:12].[N&D1&v3&H2&+0&!R:9]	PYROPHOSPHATE_DONOR_CoF;Any;Any
453_0	WATER;Any	[O&D0&v2&H2&+0&!R:1].[O&D2&v2&H0&+0&!R:2]-[C&D3&v4&H1&+0&R&z2:3]~[*:4]~[N&D2&v3&H1&+0&!R:5]-[C&D3&v4&H0&+0&!R&z2:6]=[O&D1&v2&H0&+0&!R:7]>>[C&D3&v4&H0&+0&!R&z2:6](=[O&D1&v2&H0&+0&!R:7])-[N&D2&v3&H1&+0&!R:5]~[*:4]~[C&D3&v4&H1&+0&R&z2:3]-[O&D1&v2&H1&+0&!R:1].[O&D1&v2&H1&+0&!R:2]	Any;Any
493_0	PPI;Any	[*:1](~[O&D1&v2&H1&+0&!R:2])(~[O&D1&v2&H1&+0&!R:3])~[*:4]~[*:5](~[O&D1&v2&H1&+0&!R:6])~[O&D1&v2&H1&+0&!R:7].[C&D2&v4&H2&+0&!R&z1:8]-[O&D1&v2&H1&+0&!R:9]>>[C&D2&v4&H2&+0&!R&z1:8]-[O&D2&v2&H0&+0&!R:2]~[*:1](~[O&D1&v2&H1&+0&!R:3])~[*:4]~[*:5](~[O&D1&v2&H1&+0&!R:7])~[O&D1&v2&H1&+0&!R:6].[O&D0&v2&H2&+0&!R:9]	Any;WATER
493_1	PPI;PYROPHOSPHATE_ACCEPTOR_CoF	[*:1](~[O&D1&v2&H1&+0&!R:2])(~[O&D1&v2&H1&+0&!R:3])~[*:4]~[*:5](~[O&D1&v2&H1&+0&!R:6])~[O&D1&v2&H1&+0&!R:7].[C&D2&v4&H2&+0&!R&z1:8]-[O&D1&v2&H1&+0&!R:9]>>[C&D2&v4&H2&+0&!R&z1:8]-[O&D2&v2&H0&+0&!R:2]~[*:1](~[O&D1&v2&H1&+0&!R:3])~[*:4]~[*:5](~[O&D1&v2&H1&+0&!R:7])~[O&D1&v2&H1&+0&!R:6].[O&D0&v2&H2&+0&!R:9]	PYROPHOSPHATE_DONOR_CoF;WATER
493_2	PRENYL_ACCEPTOR_CoF;Any	[*:1](~[O&D1&v2&H1&+0&!R:2])(~[O&D1&v2&H1&+0&!R:3])~[*:4]~[*:5](~[O&D1&v2&H1&+0&!R:6])~[O&D1&v2&H1&+0&!R:7].[C&D2&v4&H2&+0&!R&z1:8]-[O&D1&v2&H1&+0&!R:9]>>[C&D2&v4&H2&+0&!R&z1:8]-[O&D2&v2&H0&+0&!R:2]~[*:1](~[O&D1&v2&H1&+0&!R:3])~[*:4]~[*:5](~[O&D1&v2&H1&+0&!R:7])~[O&D1&v2&H1&+0&!R:6].[O&D0&v2&H2&+0&!R:9]	PRENYL_DONOR_CoF;WATER
292_0	WATER;Any	[O&D0&v2&H2&+0&!R:1].[O&D2&v2&H0&+0&!R:2]-[C&D3&v4&H0&+0&!R&z3:3]=[O&D1&v2&H0&+0&!R:4]>>[C&D3&v4&H0&+0&!R&z3:3](=[O&D1&v2&H0&+0&!R:4])-[O&D1&v2&H1&+0&!R:1].[O&D1&v2&H1&+0&!R:2]	Any;Any
104_0	Any;WATER;Any	[C&D2&v4&H1&+0&!R&z1:1]=[O&D1&v2&H0&+0&!R:2].[O&D0&v2&H2&+0&!R:3].[c&D3&v4&H0&+0&R&z0:4]1:[c&D2&v4&H1&+0&R&z0:5]:[c&D2&v4&H1&+0&R&z0:6]:[c&D2&v4&H1&+0&R&z1:7]:[n&D3&v4&H0&+&R:8]:[c&D2&v4&H1&+0&R&z1:9]:1>>[C&D3&v4&H0&+0&!R&z2:1](=[O&D1&v2&H0&+0&!R:2])-[O&D1&v2&H1&+0&!R:3].[C&D3&v4&H0&+0&R&z0:4]1=[C&D2&v4&H1&+0&R&z1:9]-[N&D3&v3&H0&+0&R:8]-[C&D2&v4&H1&+0&R&z1:7]=[C&D2&v4&H1&+0&R&z0:6]-[C&D2&v4&H2&+0&R&z0:5]-1	Any;Any
104_1	Any;WATER;NAD_CoF	[C&D2&v4&H1&+0&!R&z1:1]=[O&D1&v2&H0&+0&!R:2].[O&D0&v2&H2&+0&!R:3].[c&D3&v4&H0&+0&R&z0:4]1:[c&D2&v4&H1&+0&R&z0:5]:[c&D2&v4&H1&+0&R&z0:6]:[c&D2&v4&H1&+0&R&z1:7]:[n&D3&v4&H0&+&R:8]:[c&D2&v4&H1&+0&R&z1:9]:1>>[C&D3&v4&H0&+0&!R&z2:1](=[O&D1&v2&H0&+0&!R:2])-[O&D1&v2&H1&+0&!R:3].[C&D3&v4&H0&+0&R&z0:4]1=[C&D2&v4&H1&+0&R&z1:9]-[N&D3&v3&H0&+0&R:8]-[C&D2&v4&H1&+0&R&z1:7]=[C&D2&v4&H1&+0&R&z0:6]-[C&D2&v4&H2&+0&R&z0:5]-1	Any;NADH_CoF
441_0	Any;Any	[C&D3&v4&H1&+0&R&z2:1]-[O&D2&v2&H0&+0&!R:2]~[*:3](~[O&D1&v2&H1&+0&!R:4])~[*:5]~[*:6]~[O&D1&v2&H1&+0&!R:7].[O&D1&v2&H1&+0&!R:8]>>[*:6](~[O&D1&v2&H1&+0&!R:7])~[*:5]~[*:3](~[O&D1&v2&H1&+0&!R:2])~[O&D1&v2&H1&+0&!R:4].[O&D2&v2&H0&+0&!R:8]-[C&D3&v4&H1&+0&R&z2:1]	Any;Any
441_1	Any;Any	[C&D3&v4&H1&+0&R&z2:1]-[O&D2&v2&H0&+0&!R:2]~[*:3](~[O&D1&v2&H1&+0&!R:4])~[*:5]~[*:6]~[O&D1&v2&H1&+0&!R:7].[O&D1&v2&H1&+0&!R:8]>>[*:6](~[O&D1&v2&H1&+0&!R:7])~[*:5]~[*:3](~[O&D1&v2&H1&+0&!R:2])~[O&D1&v2&H1&+0&!R:4].[O&D2&v2&H0&+0&!R:8]-[C&D3&v4&H1&+0&R&z2:1]	PPI;Any
441_2	Any;Pi	[C&D3&v4&H1&+0&R&z2:1]-[O&D2&v2&H0&+0&!R:2]~[*:3](~[O&D1&v2&H1&+0&!R:4])~[*:5]~[*:6]~[O&D1&v2&H1&+0&!R:7].[O&D1&v2&H1&+0&!R:8]>>[*:6](~[O&D1&v2&H1&+0&!R:7])~[*:5]~[*:3](~[O&D1&v2&H1&+0&!R:2])~[O&D1&v2&H1&+0&!R:4].[O&D2&v2&H0&+0&!R:8]-[C&D3&v4&H1&+0&R&z2:1]	Any;Any
441_3	GLUCOSYL_DONOR_CoF;Any	[C&D3&v4&H1&+0&R&z2:1]-[O&D2&v2&H0&+0&!R:2]~[*:3](~[O&D1&v2&H1&+0&!R:4])~[*:5]~[*:6]~[O&D1&v2&H1&+0&!R:7].[O&D1&v2&H1&+0&!R:8]>>[*:6](~[O&D1&v2&H1&+0&!R:7])~[*:5]~[*:3](~[O&D1&v2&H1&+0&!R:2])~[O&D1&v2&H1&+0&!R:4].[O&D2&v2&H0&+0&!R:8]-[C&D3&v4&H1&+0&R&z2:1]	GLUCOSYL_ACCEPTOR_CoF;Any
441_4	GLUCOSYL_DONOR_CoF;Pi	[C&D3&v4&H1&+0&R&z2:1]-[O&D2&v2&H0&+0&!R:2]~[*:3](~[O&D1&v2&H1&+0&!R:4])~[*:5]~[*:6]~[O&D1&v2&H1&+0&!R:7].[O&D1&v2&H1&+0&!R:8]>>[*:6](~[O&D1&v2&H1&+0&!R:7])~[*:5]~[*:3](~[O&D1&v2&H1&+0&!R:2])~[O&D1&v2&H1&+0&!R:4].[O&D2&v2&H0&+0&!R:8]-[C&D3&v4&H1&+0&R&z2:1]	GLUCOSYL_ACCEPTOR_CoF;Any
420_0	Any;Any	[*:1](~[O&D1&v2&H1&+0&!R:2])~[*:3]~[O&D1&v2&H1&+0&!R:4].[C&D3&v4&H0&+0&!R&z2:5](=[O&D1&v2&H0&+0&!R:6])-[O&D1&v2&H1&+0&!R:7]>>[C&D3&v4&H0&+0&!R&z2:5](=[O&D1&v2&H0&+0&!R:6])-[O&D2&v2&H0&+0&!R:4]~[*:3]~[*:1]~[O&D1&v2&H1&+0&!R:2].[O&D0&v2&H2&+0&!R:7]	Any;WATER
338_0	WATER;Any	[O&D0&v2&H2&+0&!R:1].[P&D4&v5&H0&+0&!R:2](-[O&D1&v2&H1&+0&!R:3])(-[O&D1&v2&H1&+0&!R:4])-[O&D2&v2&H0&+0&!R:5]~[*:6]~[*:7]~[*:8]~[O&D1&v2&H1&+0&!R:9]>>[O&D1&v2&H1&+0&!R:9]~[*:8]~[*:7]~[*:6]~[O&D1&v2&H1&+0&!R:5].[P&D4&v5&H0&+0&!R:2](-[O&D1&v2&H1&+0&!R:3])(-[O&D1&v2&H1&+0&!R:4])-[O&D1&v2&H1&+0&!R:1]	Any;Pi
338_1	WATER;PHOSPHATE_DONOR_CoF	[O&D0&v2&H2&+0&!R:1].[P&D4&v5&H0&+0&!R:2](-[O&D1&v2&H1&+0&!R:3])(-[O&D1&v2&H1&+0&!R:4])-[O&D2&v2&H0&+0&!R:5]~[*:6]~[*:7]~[*:8]~[O&D1&v2&H1&+0&!R:9]>>[O&D1&v2&H1&+0&!R:9]~[*:8]~[*:7]~[*:6]~[O&D1&v2&H1&+0&!R:5].[P&D4&v5&H0&+0&!R:2](-[O&D1&v2&H1&+0&!R:3])(-[O&D1&v2&H1&+0&!R:4])-[O&D1&v2&H1&+0&!R:1]	PHOSPHATE_ACCEPTOR_CoF;Pi
317_0	Any;Any	[*:1](~[O&D1&v2&H0&+0&!R:2])~[O&D1&v2&H1&+0&!R:3].[O&D1&v2&H0&+0&!R:4]=[P&D4&v5&H0&+0&!R:5](-[O&D1&v2&H1&+0&!R:6])-[O&D1&v2&H1&+0&!R:7]>>[*:1](~[O&D1&v2&H0&+0&!R:2])~[O&D2&v2&H0&+0&!R:3]-[P&D4&v5&H0&+0&!R:5](=[O&D1&v2&H0&+0&!R:4])-[O&D1&v2&H1&+0&!R:6].[O&D0&v2&H2&+0&!R:7]	ACETYL-COA;WATER
317_1	Any;Any	[*:1](~[O&D1&v2&H0&+0&!R:2])~[O&D1&v2&H1&+0&!R:3].[O&D1&v2&H0&+0&!R:4]=[P&D4&v5&H0&+0&!R:5](-[O&D1&v2&H1&+0&!R:6])-[O&D1&v2&H1&+0&!R:7]>>[*:1](~[O&D1&v2&H0&+0&!R:2])~[O&D2&v2&H0&+0&!R:3]-[P&D4&v5&H0&+0&!R:5](=[O&D1&v2&H0&+0&!R:4])-[O&D1&v2&H1&+0&!R:6].[O&D0&v2&H2&+0&!R:7]	Any;WATER
317_2	Any;Any	[*:1](~[O&D1&v2&H0&+0&!R:2])~[O&D1&v2&H1&+0&!R:3].[O&D1&v2&H0&+0&!R:4]=[P&D4&v5&H0&+0&!R:5](-[O&D1&v2&H1&+0&!R:6])-[O&D1&v2&H1&+0&!R:7]>>[*:1](~[O&D1&v2&H0&+0&!R:2])~[O&D2&v2&H0&+0&!R:3]-[P&D4&v5&H0&+0&!R:5](=[O&D1&v2&H0&+0&!R:4])-[O&D1&v2&H1&+0&!R:6].[O&D0&v2&H2&+0&!R:7]	CoA;WATER
317_3	SULFATE;Any	[*:1](~[O&D1&v2&H0&+0&!R:2])~[O&D1&v2&H1&+0&!R:3].[O&D1&v2&H0&+0&!R:4]=[P&D4&v5&H0&+0&!R:5](-[O&D1&v2&H1&+0&!R:6])-[O&D1&v2&H1&+0&!R:7]>>[*:1](~[O&D1&v2&H0&+0&!R:2])~[O&D2&v2&H0&+0&!R:3]-[P&D4&v5&H0&+0&!R:5](=[O&D1&v2&H0&+0&!R:4])-[O&D1&v2&H1&+0&!R:6].[O&D0&v2&H2&+0&!R:7]	Any;WATER
317_4	SULFATE;SULFATE_ACCEPTOR_CoF	[*:1](~[O&D1&v2&H0&+0&!R:2])~[O&D1&v2&H1&+0&!R:3].[O&D1&v2&H0&+0&!R:4]=[P&D4&v5&H0&+0&!R:5](-[O&D1&v2&H1&+0&!R:6])-[O&D1&v2&H1&+0&!R:7]>>[*:1](~[O&D1&v2&H0&+0&!R:2])~[O&D2&v2&H0&+0&!R:3]-[P&D4&v5&H0&+0&!R:5](=[O&D1&v2&H0&+0&!R:4])-[O&D1&v2&H1&+0&!R:6].[O&D0&v2&H2&+0&!R:7]	SULFATE_DONOR_CoF;WATER
514_0	Any;Any	[*:1](~[O&D1&v2&H1&+0&!R:2])~[*:3]~[*:4](~[O&D1&v2&H1&+0&!R:5])~[O&D2&v2&H0&+0&!R:6]-[P&D4&v5&H0&+0&!R:7](-[O&D1&v2&H1&+0&!R:8])-[O&D1&v2&H1&+0&!R:9].[*:10](~[O&D1&v2&H1&+0&!R:11])~[O&D1&v2&H1&+0&!R:12]>>[*:1](~[O&D1&v2&H1&+0&!R:2])~[*:3]~[*:4](~[O&D1&v2&H1&+0&!R:5])~[O&D1&v2&H1&+0&!R:6].[*:10](~[O&D1&v2&H1&+0&!R:12])~[O&D2&v2&H0&+0&!R:11]-[P&D4&v5&H0&+0&!R:7](-[O&D1&v2&H1&+0&!R:9])-[O&D1&v2&H1&+0&!R:8]	Any;Any
514_1	Any;Any	[*:1](~[O&D1&v2&H1&+0&!R:2])~[*:3]~[*:4](~[O&D1&v2&H1&+0&!R:5])~[O&D2&v2&H0&+0&!R:6]-[P&D4&v5&H0&+0&!R:7](-[O&D1&v2&H1&+0&!R:8])-[O&D1&v2&H1&+0&!R:9].[*:10](~[O&D1&v2&H1&+0&!R:11])~[O&D1&v2&H1&+0&!R:12]>>[*:1](~[O&D1&v2&H1&+0&!R:2])~[*:3]~[*:4](~[O&D1&v2&H1&+0&!R:5])~[O&D1&v2&H1&+0&!R:6].[*:10](~[O&D1&v2&H1&+0&!R:12])~[O&D2&v2&H0&+0&!R:11]-[P&D4&v5&H0&+0&!R:7](-[O&D1&v2&H1&+0&!R:9])-[O&D1&v2&H1&+0&!R:8]	PPI;Any
514_2	Any;CO3	[*:1](~[O&D1&v2&H1&+0&!R:2])~[*:3]~[*:4](~[O&D1&v2&H1&+0&!R:5])~[O&D2&v2&H0&+0&!R:6]-[P&D4&v5&H0&+0&!R:7](-[O&D1&v2&H1&+0&!R:8])-[O&D1&v2&H1&+0&!R:9].[*:10](~[O&D1&v2&H1&+0&!R:11])~[O&D1&v2&H1&+0&!R:12]>>[*:1](~[O&D1&v2&H1&+0&!R:2])~[*:3]~[*:4](~[O&D1&v2&H1&+0&!R:5])~[O&D1&v2&H1&+0&!R:6].[*:10](~[O&D1&v2&H1&+0&!R:12])~[O&D2&v2&H0&+0&!R:11]-[P&D4&v5&H0&+0&!R:7](-[O&D1&v2&H1&+0&!R:9])-[O&D1&v2&H1&+0&!R:8]	Any;Any
514_3	Any;PHOSPHATE_ACCEPTOR_CoF	[*:1](~[O&D1&v2&H1&+0&!R:2])~[*:3]~[*:4](~[O&D1&v2&H1&+0&!R:5])~[O&D2&v2&H0&+0&!R:6]-[P&D4&v5&H0&+0&!R:7](-[O&D1&v2&H1&+0&!R:8])-[O&D1&v2&H1&+0&!R:9].[*:10](~[O&D1&v2&H1&+0&!R:11])~[O&D1&v2&H1&+0&!R:12]>>[*:1](~[O&D1&v2&H1&+0&!R:2])~[*:3]~[*:4](~[O&D1&v2&H1&+0&!R:5])~[O&D1&v2&H1&+0&!R:6].[*:10](~[O&D1&v2&H1&+0&!R:12])~[O&D2&v2&H0&+0&!R:11]-[P&D4&v5&H0&+0&!R:7](-[O&D1&v2&H1&+0&!R:9])-[O&D1&v2&H1&+0&!R:8]	Any;PHOSPHATE_DONOR_CoF
514_4	Any;PPI	[*:1](~[O&D1&v2&H1&+0&!R:2])~[*:3]~[*:4](~[O&D1&v2&H1&+0&!R:5])~[O&D2&v2&H0&+0&!R:6]-[P&D4&v5&H0&+0&!R:7](-[O&D1&v2&H1&+0&!R:8])-[O&D1&v2&H1&+0&!R:9].[*:10](~[O&D1&v2&H1&+0&!R:11])~[O&D1&v2&H1&+0&!R:12]>>[*:1](~[O&D1&v2&H1&+0&!R:2])~[*:3]~[*:4](~[O&D1&v2&H1&+0&!R:5])~[O&D1&v2&H1&+0&!R:6].[*:10](~[O&D1&v2&H1&+0&!R:12])~[O&D2&v2&H0&+0&!R:11]-[P&D4&v5&H0&+0&!R:7](-[O&D1&v2&H1&+0&!R:9])-[O&D1&v2&H1&+0&!R:8]	Any;Any
514_5	Any;Pi	[*:1](~[O&D1&v2&H1&+0&!R:2])~[*:3]~[*:4](~[O&D1&v2&H1&+0&!R:5])~[O&D2&v2&H0&+0&!R:6]-[P&D4&v5&H0&+0&!R:7](-[O&D1&v2&H1&+0&!R:8])-[O&D1&v2&H1&+0&!R:9].[*:10](~[O&D1&v2&H1&+0&!R:11])~[O&D1&v2&H1&+0&!R:12]>>[*:1](~[O&D1&v2&H1&+0&!R:2])~[*:3]~[*:4](~[O&D1&v2&H1&+0&!R:5])~[O&D1&v2&H1&+0&!R:6].[*:10](~[O&D1&v2&H1&+0&!R:12])~[O&D2&v2&H0&+0&!R:11]-[P&D4&v5&H0&+0&!R:7](-[O&D1&v2&H1&+0&!R:9])-[O&D1&v2&H1&+0&!R:8]	Any;PPI
514_6	PHOSPHATE_DONOR_CoF;Any	[*:1](~[O&D1&v2&H1&+0&!R:2])~[*:3]~[*:4](~[O&D1&v2&H1&+0&!R:5])~[O&D2&v2&H0&+0&!R:6]-[P&D4&v5&H0&+0&!R:7](-[O&D1&v2&H1&+0&!R:8])-[O&D1&v2&H1&+0&!R:9].[*:10](~[O&D1&v2&H1&+0&!R:11])~[O&D1&v2&H1&+0&!R:12]>>[*:1](~[O&D1&v2&H1&+0&!R:2])~[*:3]~[*:4](~[O&D1&v2&H1&+0&!R:5])~[O&D1&v2&H1&+0&!R:6].[*:10](~[O&D1&v2&H1&+0&!R:12])~[O&D2&v2&H0&+0&!R:11]-[P&D4&v5&H0&+0&!R:7](-[O&D1&v2&H1&+0&!R:9])-[O&D1&v2&H1&+0&!R:8]	PHOSPHATE_ACCEPTOR_CoF;Any
514_7	PHOSPHATE_DONOR_CoF;CO3	[*:1](~[O&D1&v2&H1&+0&!R:2])~[*:3]~[*:4](~[O&D1&v2&H1&+0&!R:5])~[O&D2&v2&H0&+0&!R:6]-[P&D4&v5&H0&+0&!R:7](-[O&D1&v2&H1&+0&!R:8])-[O&D1&v2&H1&+0&!R:9].[*:10](~[O&D1&v2&H1&+0&!R:11])~[O&D1&v2&H1&+0&!R:12]>>[*:1](~[O&D1&v2&H1&+0&!R:2])~[*:3]~[*:4](~[O&D1&v2&H1&+0&!R:5])~[O&D1&v2&H1&+0&!R:6].[*:10](~[O&D1&v2&H1&+0&!R:12])~[O&D2&v2&H0&+0&!R:11]-[P&D4&v5&H0&+0&!R:7](-[O&D1&v2&H1&+0&!R:9])-[O&D1&v2&H1&+0&!R:8]	PHOSPHATE_ACCEPTOR_CoF;Any
514_8	PHOSPHATE_DONOR_CoF;PHOSPHATE_ACCEPTOR_CoF	[*:1](~[O&D1&v2&H1&+0&!R:2])~[*:3]~[*:4](~[O&D1&v2&H1&+0&!R:5])~[O&D2&v2&H0&+0&!R:6]-[P&D4&v5&H0&+0&!R:7](-[O&D1&v2&H1&+0&!R:8])-[O&D1&v2&H1&+0&!R:9].[*:10](~[O&D1&v2&H1&+0&!R:11])~[O&D1&v2&H1&+0&!R:12]>>[*:1](~[O&D1&v2&H1&+0&!R:2])~[*:3]~[*:4](~[O&D1&v2&H1&+0&!R:5])~[O&D1&v2&H1&+0&!R:6].[*:10](~[O&D1&v2&H1&+0&!R:12])~[O&D2&v2&H0&+0&!R:11]-[P&D4&v5&H0&+0&!R:7](-[O&D1&v2&H1&+0&!R:9])-[O&D1&v2&H1&+0&!R:8]	PHOSPHATE_ACCEPTOR_CoF;PHOSPHATE_DONOR_CoF
514_9	PHOSPHATE_DONOR_CoF;PHOSPHATE_ACCEPTOR_CoF	[*:1](~[O&D1&v2&H1&+0&!R:2])~[*:3]~[*:4](~[O&D1&v2&H1&+0&!R:5])~[O&D2&v2&H0&+0&!R:6]-[P&D4&v5&H0&+0&!R:7](-[O&D1&v2&H1&+0&!R:8])-[O&D1&v2&H1&+0&!R:9].[*:10](~[O&D1&v2&H1&+0&!R:11])~[O&D1&v2&H1&+0&!R:12]>>[*:1](~[O&D1&v2&H1&+0&!R:2])~[*:3]~[*:4](~[O&D1&v2&H1&+0&!R:5])~[O&D1&v2&H1&+0&!R:6].[*:10](~[O&D1&v2&H1&+0&!R:12])~[O&D2&v2&H0&+0&!R:11]-[P&D4&v5&H0&+0&!R:7](-[O&D1&v2&H1&+0&!R:9])-[O&D1&v2&H1&+0&!R:8]	PHOSPHATE_DONOR_CoF;PHOSPHATE_DONOR_CoF
16_0	Any;WATER	[N&D1&v3&H2&+0&!R:1]-[C&D3&v4&H0&+0&!R&z2:2]=[O&D1&v2&H0&+0&!R:3].[O&D0&v2&H2&+0&!R:4]>>[C&D3&v4&H0&+0&!R&z2:2](=[O&D1&v2&H0&+0&!R:3])-[O&D1&v2&H1&+0&!R:4].[N&D0&v3&H3&+0&!R:1]	Any;NH3
193_0	ACETYL-COA;Any	[*:1](~[O&D1&v2&H1&+0&!R:2])~[O&D2&v2&H0&+0&!R:3]-[P&D4&v5&H0&+0&!R:4](=[O&D1&v2&H0&+0&!R:5])-[O&D1&v2&H1&+0&!R:6].[O&D1&v2&H1&+0&!R:7]>>[*:1](~[O&D1&v2&H1&+0&!R:2])~[O&D1&v2&H1&+0&!R:3].[O&D2&v2&H0&+0&!R:7]-[P&D4&v5&H0&+0&!R:4](=[O&D1&v2&H0&+0&!R:5])-[O&D1&v2&H1&+0&!R:6]	Any;Any
193_1	Any;Any	[*:1](~[O&D1&v2&H1&+0&!R:2])~[O&D2&v2&H0&+0&!R:3]-[P&D4&v5&H0&+0&!R:4](=[O&D1&v2&H0&+0&!R:5])-[O&D1&v2&H1&+0&!R:6].[O&D1&v2&H1&+0&!R:7]>>[*:1](~[O&D1&v2&H1&+0&!R:2])~[O&D1&v2&H1&+0&!R:3].[O&D2&v2&H0&+0&!R:7]-[P&D4&v5&H0&+0&!R:4](=[O&D1&v2&H0&+0&!R:5])-[O&D1&v2&H1&+0&!R:6]	Any;Any
193_2	Any;Any	[*:1](~[O&D1&v2&H1&+0&!R:2])~[O&D2&v2&H0&+0&!R:3]-[P&D4&v5&H0&+0&!R:4](=[O&D1&v2&H0&+0&!R:5])-[O&D1&v2&H1&+0&!R:6].[O&D1&v2&H1&+0&!R:7]>>[*:1](~[O&D1&v2&H1&+0&!R:2])~[O&D1&v2&H1&+0&!R:3].[O&D2&v2&H0&+0&!R:7]-[P&D4&v5&H0&+0&!R:4](=[O&D1&v2&H0&+0&!R:5])-[O&D1&v2&H1&+0&!R:6]	Pi;Any
193_3	Any;Pi	[*:1](~[O&D1&v2&H1&+0&!R:2])~[O&D2&v2&H0&+0&!R:3]-[P&D4&v5&H0&+0&!R:4](=[O&D1&v2&H0&+0&!R:5])-[O&D1&v2&H1&+0&!R:6].[O&D1&v2&H1&+0&!R:7]>>[*:1](~[O&D1&v2&H1&+0&!R:2])~[O&D1&v2&H1&+0&!R:3].[O&D2&v2&H0&+0&!R:7]-[P&D4&v5&H0&+0&!R:4](=[O&D1&v2&H0&+0&!R:5])-[O&D1&v2&H1&+0&!R:6]	Any;Any
193_4	Any;Pi	[*:1](~[O&D1&v2&H1&+0&!R:2])~[O&D2&v2&H0&+0&!R:3]-[P&D4&v5&H0&+0&!R:4](=[O&D1&v2&H0&+0&!R:5])-[O&D1&v2&H1&+0&!R:6].[O&D1&v2&H1&+0&!R:7]>>[*:1](~[O&D1&v2&H1&+0&!R:2])~[O&D1&v2&H1&+0&!R:3].[O&D2&v2&H0&+0&!R:7]-[P&D4&v5&H0&+0&!R:4](=[O&D1&v2&H0&+0&!R:5])-[O&D1&v2&H1&+0&!R:6]	SULFATE;Any
193_5	Any;SULFATE	[*:1](~[O&D1&v2&H1&+0&!R:2])~[O&D2&v2&H0&+0&!R:3]-[P&D4&v5&H0&+0&!R:4](=[O&D1&v2&H0&+0&!R:5])-[O&D1&v2&H1&+0&!R:6].[O&D1&v2&H1&+0&!R:7]>>[*:1](~[O&D1&v2&H1&+0&!R:2])~[O&D1&v2&H1&+0&!R:3].[O&D2&v2&H0&+0&!R:7]-[P&D4&v5&H0&+0&!R:4](=[O&D1&v2&H0&+0&!R:5])-[O&D1&v2&H1&+0&!R:6]	Pi;Any
193_6	CoA;Any	[*:1](~[O&D1&v2&H1&+0&!R:2])~[O&D2&v2&H0&+0&!R:3]-[P&D4&v5&H0&+0&!R:4](=[O&D1&v2&H0&+0&!R:5])-[O&D1&v2&H1&+0&!R:6].[O&D1&v2&H1&+0&!R:7]>>[*:1](~[O&D1&v2&H1&+0&!R:2])~[O&D1&v2&H1&+0&!R:3].[O&D2&v2&H0&+0&!R:7]-[P&D4&v5&H0&+0&!R:4](=[O&D1&v2&H0&+0&!R:5])-[O&D1&v2&H1&+0&!R:6]	Any;Any
419_0	Any;WATER	[C&D3&v4&H0&+0&!R&z2:1](=[O&D1&v2&H0&+0&!R:2])-[O&D2&v2&H0&+0&!R:3]~[*:4]~[*:5]~[O&D1&v2&H1&+0&!R:6].[O&D0&v2&H2&+0&!R:7]>>[*:5](~[O&D1&v2&H1&+0&!R:6])~[*:4]~[O&D1&v2&H1&+0&!R:3].[C&D3&v4&H0&+0&!R&z2:1](=[O&D1&v2&H0&+0&!R:2])-[O&D1&v2&H1&+0&!R:7]	Any;Any
429_0	Any;Any	[*:1](~[O&D1&v2&H1&+0&!R:2])~[*:3]~[O&D2&v2&H0&+0&!R:4]-[C&D3&v4&H0&+0&!R&z2:5]=[O&D1&v2&H0&+0&!R:6].[N&D1&v3&H2&+0&!R:7]>>[*:1](~[O&D1&v2&H1&+0&!R:2])~[*:3]~[O&D1&v2&H1&+0&!R:4].[N&D2&v3&H1&+0&!R:7]-[C&D3&v4&H0&+0&!R&z2:5]=[O&D1&v2&H0&+0&!R:6]	Any;Any
12_0	ACETYL-COA;Any	[C&D3&v4&H0&+0&!R&z2:1](=[O&D1&v2&H0&+0&!R:2])-[S&D2&v2&H0&+0&!R:3].[N&D1&v3&H2&+0&!R:4]>>[C&D3&v4&H0&+0&!R&z2:1](=[O&D1&v2&H0&+0&!R:2])-[N&D2&v3&H1&+0&!R:4].[S&D1&v2&H1&+0&!R:3]	Any;CoA
12_1	Any;Any	[C&D3&v4&H0&+0&!R&z2:1](=[O&D1&v2&H0&+0&!R:2])-[S&D2&v2&H0&+0&!R:3].[N&D1&v3&H2&+0&!R:4]>>[C&D3&v4&H0&+0&!R&z2:1](=[O&D1&v2&H0&+0&!R:2])-[N&D2&v3&H1&+0&!R:4].[S&D1&v2&H1&+0&!R:3]	Any;Any
12_2	Any;Any	[C&D3&v4&H0&+0&!R&z2:1](=[O&D1&v2&H0&+0&!R:2])-[S&D2&v2&H0&+0&!R:3].[N&D1&v3&H2&+0&!R:4]>>[C&D3&v4&H0&+0&!R&z2:1](=[O&D1&v2&H0&+0&!R:2])-[N&D2&v3&H1&+0&!R:4].[S&D1&v2&H1&+0&!R:3]	Any;CoA
127_0	Any;Any	[C&D3&v4&H0&+0&!R&z2:1](=[O&D1&v2&H0&+0&!R:2])-[O&D1&v2&H1&+0&!R:3].[S&D1&v2&H1&+0&!R:4]>>[C&D3&v4&H0&+0&!R&z2:1](=[O&D1&v2&H0&+0&!R:2])-[S&D2&v2&H0&+0&!R:4].[O&D0&v2&H2&+0&!R:3]	Any;WATER
127_1	Any;CoA	[C&D3&v4&H0&+0&!R&z2:1](=[O&D1&v2&H0&+0&!R:2])-[O&D1&v2&H1&+0&!R:3].[S&D1&v2&H1&+0&!R:4]>>[C&D3&v4&H0&+0&!R&z2:1](=[O&D1&v2&H0&+0&!R:2])-[S&D2&v2&H0&+0&!R:4].[O&D0&v2&H2&+0&!R:3]	ACETYL-COA;WATER
127_2	Any;CoA	[C&D3&v4&H0&+0&!R&z2:1](=[O&D1&v2&H0&+0&!R:2])-[O&D1&v2&H1&+0&!R:3].[S&D1&v2&H1&+0&!R:4]>>[C&D3&v4&H0&+0&!R&z2:1](=[O&D1&v2&H0&+0&!R:2])-[S&D2&v2&H0&+0&!R:4].[O&D0&v2&H2&+0&!R:3]	Any;WATER
484_0	Any;WATER	[*:1](~[O&D1&v2&H1&+0&!R:2])(~[O&D1&v2&H1&+0&!R:3])~[O&D2&v2&H0&+0&!R:4]-[P&D4&v5&H0&+0&!R:5](=[O&D1&v2&H0&+0&!R:6])-[O&D1&v2&H1&+0&!R:7].[O&D0&v2&H2&+0&!R:8]>>[*:1](~[O&D1&v2&H1&+0&!R:2])(~[O&D1&v2&H1&+0&!R:3])~[O&D1&v2&H1&+0&!R:4].[O&D1&v2&H0&+0&!R:6]=[P&D4&v5&H0&+0&!R:5](-[O&D1&v2&H1&+0&!R:7])-[O&D1&v2&H1&+0&!R:8]	Pi;Any
484_1	PHOSPHATE_DONOR_CoF;WATER	[*:1](~[O&D1&v2&H1&+0&!R:2])(~[O&D1&v2&H1&+0&!R:3])~[O&D2&v2&H0&+0&!R:4]-[P&D4&v5&H0&+0&!R:5](=[O&D1&v2&H0&+0&!R:6])-[O&D1&v2&H1&+0&!R:7].[O&D0&v2&H2&+0&!R:8]>>[*:1](~[O&D1&v2&H1&+0&!R:2])(~[O&D1&v2&H1&+0&!R:3])~[O&D1&v2&H1&+0&!R:4].[O&D1&v2&H0&+0&!R:6]=[P&D4&v5&H0&+0&!R:5](-[O&D1&v2&H1&+0&!R:7])-[O&D1&v2&H1&+0&!R:8]	PHOSPHATE_ACCEPTOR_CoF;PHOSPHATE_ACCEPTOR_CoF
484_2	PHOSPHATE_DONOR_CoF;WATER	[*:1](~[O&D1&v2&H1&+0&!R:2])(~[O&D1&v2&H1&+0&!R:3])~[O&D2&v2&H0&+0&!R:4]-[P&D4&v5&H0&+0&!R:5](=[O&D1&v2&H0&+0&!R:6])-[O&D1&v2&H1&+0&!R:7].[O&D0&v2&H2&+0&!R:8]>>[*:1](~[O&D1&v2&H1&+0&!R:2])(~[O&D1&v2&H1&+0&!R:3])~[O&D1&v2&H1&+0&!R:4].[O&D1&v2&H0&+0&!R:6]=[P&D4&v5&H0&+0&!R:5](-[O&D1&v2&H1&+0&!R:7])-[O&D1&v2&H1&+0&!R:8]	Pi;PHOSPHATE_ACCEPTOR_CoF
484_3	PPI;WATER	[*:1](~[O&D1&v2&H1&+0&!R:2])(~[O&D1&v2&H1&+0&!R:3])~[O&D2&v2&H0&+0&!R:4]-[P&D4&v5&H0&+0&!R:5](=[O&D1&v2&H0&+0&!R:6])-[O&D1&v2&H1&+0&!R:7].[O&D0&v2&H2&+0&!R:8]>>[*:1](~[O&D1&v2&H1&+0&!R:2])(~[O&D1&v2&H1&+0&!R:3])~[O&D1&v2&H1&+0&!R:4].[O&D1&v2&H0&+0&!R:6]=[P&D4&v5&H0&+0&!R:5](-[O&D1&v2&H1&+0&!R:7])-[O&D1&v2&H1&+0&!R:8]	Pi;Pi
252_0	Any;Any	[C&D3&v4&H0&+0&R&z0:1]1=[C&D2&v4&H1&+0&R&z1:2]-[N&D3&v3&H0&+0&R:3]-[C&D2&v4&H1&+0&R&z1:4]=[C&D2&v4&H1&+0&R&z0:5]-[C&D2&v4&H2&+0&R&z0:6]-1.[O&D1&v2&H0&+0&!R:7]=[C&D3&v4&H0&+0&!R&z1:8]>>[C&D3&v4&H1&+0&!R&z1:8]-[O&D1&v2&H1&+0&!R:7].[c&D3&v4&H0&+0&R&z0:1]1:[c&D2&v4&H1&+0&R&z0:6]:[c&D2&v4&H1&+0&R&z0:5]:[c&D2&v4&H1&+0&R&z1:4]:[n&D3&v4&H0&+&R:3]:[c&D2&v4&H1&+0&R&z1:2]:1	Any;Any
252_1	NADH_CoF;Any	[C&D3&v4&H0&+0&R&z0:1]1=[C&D2&v4&H1&+0&R&z1:2]-[N&D3&v3&H0&+0&R:3]-[C&D2&v4&H1&+0&R&z1:4]=[C&D2&v4&H1&+0&R&z0:5]-[C&D2&v4&H2&+0&R&z0:6]-1.[O&D1&v2&H0&+0&!R:7]=[C&D3&v4&H0&+0&!R&z1:8]>>[C&D3&v4&H1&+0&!R&z1:8]-[O&D1&v2&H1&+0&!R:7].[c&D3&v4&H0&+0&R&z0:1]1:[c&D2&v4&H1&+0&R&z0:6]:[c&D2&v4&H1&+0&R&z0:5]:[c&D2&v4&H1&+0&R&z1:4]:[n&D3&v4&H0&+&R:3]:[c&D2&v4&H1&+0&R&z1:2]:1	Any;NAD_CoF
461_0	WATER;Any	[O&D0&v2&H2&+0&!R:1].[n&D3&v3&H0&+0&R:2]-[C&D3&v4&H1&+0&R&z2:3]>>[C&D3&v4&H1&+0&R&z2:3]-[O&D1&v2&H1&+0&!R:1].[n&D2&v3&H1&+0&R:2]	Any;Any
35_0	CO2;Any	[C&D2&v4&H0&+0&!R&z2:1]=[O&D1&v2&H0&+0&!R:2].[N&D1&v3&H2&+0&!R:3]-[C&D2&v4&H2&+0&!R&z1:4]>>[N&D1&v3&H2&+0&!R:3]-[C&D3&v4&H1&+0&!R&z1:4]-[C&D3&v4&H0&+0&!R&z2:1]-[O&D1&v2&H1&+0&!R:2]	Any
350_0	Any;Any;Any	[O&D1&v2&H0&+0&!R:1]=[C&D2&v4&H1&+0&!R&z1:2].[O&D1&v2&H1&+0&!R:3].[c&D3&v4&H0&+0&R&z0:4]1:[c&D2&v4&H1&+0&R&z0:5]:[c&D2&v4&H1&+0&R&z0:6]:[c&D2&v4&H1&+0&R&z1:7]:[n&D3&v4&H0&+&R:8]:[c&D2&v4&H1&+0&R&z1:9]:1>>[C&D3&v4&H0&+0&R&z0:4]1=[C&D2&v4&H1&+0&R&z1:9]-[N&D3&v3&H0&+0&R:8]-[C&D2&v4&H1&+0&R&z1:7]=[C&D2&v4&H1&+0&R&z0:6]-[C&D2&v4&H2&+0&R&z0:5]-1.[O&D1&v2&H0&+0&!R:1]=[C&D3&v4&H0&+0&!R&z2:2]-[O&D2&v2&H0&+0&!R:3]	Any;Any
350_1	Any;Any;NAD_CoF	[O&D1&v2&H0&+0&!R:1]=[C&D2&v4&H1&+0&!R&z1:2].[O&D1&v2&H1&+0&!R:3].[c&D3&v4&H0&+0&R&z0:4]1:[c&D2&v4&H1&+0&R&z0:5]:[c&D2&v4&H1&+0&R&z0:6]:[c&D2&v4&H1&+0&R&z1:7]:[n&D3&v4&H0&+&R:8]:[c&D2&v4&H1&+0&R&z1:9]:1>>[C&D3&v4&H0&+0&R&z0:4]1=[C&D2&v4&H1&+0&R&z1:9]-[N&D3&v3&H0&+0&R:8]-[C&D2&v4&H1&+0&R&z1:7]=[C&D2&v4&H1&+0&R&z0:6]-[C&D2&v4&H2&+0&R&z0:5]-1.[O&D1&v2&H0&+0&!R:1]=[C&D3&v4&H0&+0&!R&z2:2]-[O&D2&v2&H0&+0&!R:3]	NADH_CoF;Any
350_2	Any;Pi;Any	[O&D1&v2&H0&+0&!R:1]=[C&D2&v4&H1&+0&!R&z1:2].[O&D1&v2&H1&+0&!R:3].[c&D3&v4&H0&+0&R&z0:4]1:[c&D2&v4&H1&+0&R&z0:5]:[c&D2&v4&H1&+0&R&z0:6]:[c&D2&v4&H1&+0&R&z1:7]:[n&D3&v4&H0&+&R:8]:[c&D2&v4&H1&+0&R&z1:9]:1>>[C&D3&v4&H0&+0&R&z0:4]1=[C&D2&v4&H1&+0&R&z1:9]-[N&D3&v3&H0&+0&R:8]-[C&D2&v4&H1&+0&R&z1:7]=[C&D2&v4&H1&+0&R&z0:6]-[C&D2&v4&H2&+0&R&z0:5]-1.[O&D1&v2&H0&+0&!R:1]=[C&D3&v4&H0&+0&!R&z2:2]-[O&D2&v2&H0&+0&!R:3]	Any;Any
350_3	Any;Pi;NAD_CoF	[O&D1&v2&H0&+0&!R:1]=[C&D2&v4&H1&+0&!R&z1:2].[O&D1&v2&H1&+0&!R:3].[c&D3&v4&H0&+0&R&z0:4]1:[c&D2&v4&H1&+0&R&z0:5]:[c&D2&v4&H1&+0&R&z0:6]:[c&D2&v4&H1&+0&R&z1:7]:[n&D3&v4&H0&+&R:8]:[c&D2&v4&H1&+0&R&z1:9]:1>>[C&D3&v4&H0&+0&R&z0:4]1=[C&D2&v4&H1&+0&R&z1:9]-[N&D3&v3&H0&+0&R:8]-[C&D2&v4&H1&+0&R&z1:7]=[C&D2&v4&H1&+0&R&z0:6]-[C&D2&v4&H2&+0&R&z0:5]-1.[O&D1&v2&H0&+0&!R:1]=[C&D3&v4&H0&+0&!R&z2:2]-[O&D2&v2&H0&+0&!R:3]	NADH_CoF;Any
77_0	Any;Any	[C&D4&v4&H0&+0&!R&z1:1](-[O&D1&v2&H1&+0&!R:2])-[C&D2&v4&H2&+0&!R&z0:3]-[C&D3&v4&H0&+0&!R&z2:4](=[O&D1&v2&H0&+0&!R:5])-[O&D1&v2&H1&+0&!R:6].[S&D1&v2&H1&+0&!R:7]>>[C&D1&v4&H3&+0&!R&z0:3]-[C&D3&v4&H0&+0&!R&z2:4](=[O&D1&v2&H0&+0&!R:5])-[S&D2&v2&H0&+0&!R:7].[C&D3&v4&H0&+0&!R&z1:1]=[O&D1&v2&H0&+0&!R:2].[O&D0&v2&H2&+0&!R:6]	Any;Any;WATER
77_1	Any;CoA	[C&D4&v4&H0&+0&!R&z1:1](-[O&D1&v2&H1&+0&!R:2])-[C&D2&v4&H2&+0&!R&z0:3]-[C&D3&v4&H0&+0&!R&z2:4](=[O&D1&v2&H0&+0&!R:5])-[O&D1&v2&H1&+0&!R:6].[S&D1&v2&H1&+0&!R:7]>>[C&D1&v4&H3&+0&!R&z0:3]-[C&D3&v4&H0&+0&!R&z2:4](=[O&D1&v2&H0&+0&!R:5])-[S&D2&v2&H0&+0&!R:7].[C&D3&v4&H0&+0&!R&z1:1]=[O&D1&v2&H0&+0&!R:2].[O&D0&v2&H2&+0&!R:6]	ACETYL-COA;Any;WATER
413_0	Any;WATER	[N&D1&v3&H2&+0&!R:1]-[c&D3&v4&H0&+0&R&z2:2]:[n&D2&v3&H0&+0&R:3]:[c&D3&v4&H0&+0&R&z3:4]=[O&D1&v2&H0&+0&!R:5].[O&D0&v2&H2&+0&!R:6]>>[N&D0&v3&H3&+0&!R:1].[O&D1&v2&H0&+0&!R:6]=[c&D3&v4&H0&+0&R&z2:2]:[n&D2&v3&H1&+0&R:3]:[c&D3&v4&H0&+0&R&z3:4]=[O&D1&v2&H0&+0&!R:5]	NH3;Any
339_0	Any;Pi	[O&D1&v2&H1&+0&!R:1]~[*:2]~[*:3]~[*:4]~[O&D1&v2&H1&+0&!R:5].[P&D4&v5&H0&+0&!R:6](-[O&D1&v2&H1&+0&!R:7])(-[O&D1&v2&H1&+0&!R:8])-[O&D1&v2&H1&+0&!R:9]>>[O&D0&v2&H2&+0&!R:9].[P&D4&v5&H0&+0&!R:6](-[O&D1&v2&H1&+0&!R:7])(-[O&D1&v2&H1&+0&!R:8])-[O&D2&v2&H0&+0&!R:5]~[*:4]~[*:3]~[*:2]~[O&D1&v2&H1&+0&!R:1]	WATER;Any
339_1	PHOSPHATE_ACCEPTOR_CoF;Pi	[O&D1&v2&H1&+0&!R:1]~[*:2]~[*:3]~[*:4]~[O&D1&v2&H1&+0&!R:5].[P&D4&v5&H0&+0&!R:6](-[O&D1&v2&H1&+0&!R:7])(-[O&D1&v2&H1&+0&!R:8])-[O&D1&v2&H1&+0&!R:9]>>[O&D0&v2&H2&+0&!R:9].[P&D4&v5&H0&+0&!R:6](-[O&D1&v2&H1&+0&!R:7])(-[O&D1&v2&H1&+0&!R:8])-[O&D2&v2&H0&+0&!R:5]~[*:4]~[*:3]~[*:2]~[O&D1&v2&H1&+0&!R:1]	WATER;PHOSPHATE_DONOR_CoF
465_0	Any;Any	[C&D3&v4&H1&+0&R&z2:1]-[O&D1&v2&H1&+0&!R:2].[c&D3&v4&H0&+0&R&z0:3]1:[c&D2&v4&H1&+0&R&z0:4]:[c&D2&v4&H1&+0&R&z0:5]:[c&D2&v4&H1&+0&R&z1:6]:[n&D3&v4&H0&+&R:7]:[c&D2&v4&H1&+0&R&z1:8]:1>>[C&D3&v4&H0&+0&R&z0:3]1=[C&D2&v4&H1&+0&R&z1:8]-[N&D3&v3&H0&+0&R:7]-[C&D2&v4&H1&+0&R&z1:6]=[C&D2&v4&H1&+0&R&z0:5]-[C&D2&v4&H2&+0&R&z0:4]-1.[O&D1&v2&H0&+0&!R:2]=[C&D3&v4&H0&+0&R&z2:1]	Any;Any
465_1	Any;NAD_CoF	[C&D3&v4&H1&+0&R&z2:1]-[O&D1&v2&H1&+0&!R:2].[c&D3&v4&H0&+0&R&z0:3]1:[c&D2&v4&H1&+0&R&z0:4]:[c&D2&v4&H1&+0&R&z0:5]:[c&D2&v4&H1&+0&R&z1:6]:[n&D3&v4&H0&+&R:7]:[c&D2&v4&H1&+0&R&z1:8]:1>>[C&D3&v4&H0&+0&R&z0:3]1=[C&D2&v4&H1&+0&R&z1:8]-[N&D3&v3&H0&+0&R:7]-[C&D2&v4&H1&+0&R&z1:6]=[C&D2&v4&H1&+0&R&z0:5]-[C&D2&v4&H2&+0&R&z0:4]-1.[O&D1&v2&H0&+0&!R:2]=[C&D3&v4&H0&+0&R&z2:1]	NADH_CoF;Any
15_0	Any;Any	[C&D1&v4&H3&+0&!R&z1:1]-[N&D2&v3&H1&+0&!R:2].[S&D2&v2&H0&+0&!R:3]>>[C&D1&v4&H3&+0&!R&z1:1]-[S&D3&v3&H0&+&!R:3].[N&D1&v3&H2&+0&!R:2]	Any;Any
15_1	Any;METHYL_ACCEPTOR_CoF	[C&D1&v4&H3&+0&!R&z1:1]-[N&D2&v3&H1&+0&!R:2].[S&D2&v2&H0&+0&!R:3]>>[C&D1&v4&H3&+0&!R&z1:1]-[S&D3&v3&H0&+&!R:3].[N&D1&v3&H2&+0&!R:2]	METHYL_DONOR_CoF;Any
150_0	Any;Any;Any	[*:1](~[O&D1&v2&H0&+0&!R:2])~[*:3]~[*:4](~[O&D1&v2&H0&+0&!R:5])~[O&D2&v2&H0&+0&!R:6]-[P&D4&v5&H0&+0&!R:7]-[O&D1&v2&H1&+0&!R:8].[C&D3&v4&H0&+0&!R&z2:9](=[O&D1&v2&H0&+0&!R:10])-[O&D1&v2&H1&+0&!R:11].[N&D1&v3&H2&+0&!R:12]>>[*:1](~[O&D1&v2&H0&+0&!R:2])~[*:3]~[*:4](~[O&D1&v2&H0&+0&!R:5])~[O&D1&v2&H1&+0&!R:6].[C&D3&v4&H0&+0&!R&z2:9](=[O&D1&v2&H0&+0&!R:10])-[N&D2&v3&H1&+0&!R:12].[P&D4&v5&H0&+0&!R:7](-[O&D1&v2&H1&+0&!R:8])-[O&D1&v2&H1&+0&!R:11]	Any;Any;Pi
150_1	Any;Any;Any	[*:1](~[O&D1&v2&H0&+0&!R:2])~[*:3]~[*:4](~[O&D1&v2&H0&+0&!R:5])~[O&D2&v2&H0&+0&!R:6]-[P&D4&v5&H0&+0&!R:7]-[O&D1&v2&H1&+0&!R:8].[C&D3&v4&H0&+0&!R&z2:9](=[O&D1&v2&H0&+0&!R:10])-[O&D1&v2&H1&+0&!R:11].[N&D1&v3&H2&+0&!R:12]>>[*:1](~[O&D1&v2&H0&+0&!R:2])~[*:3]~[*:4](~[O&D1&v2&H0&+0&!R:5])~[O&D1&v2&H1&+0&!R:6].[C&D3&v4&H0&+0&!R&z2:9](=[O&D1&v2&H0&+0&!R:10])-[N&D2&v3&H1&+0&!R:12].[P&D4&v5&H0&+0&!R:7](-[O&D1&v2&H1&+0&!R:8])-[O&D1&v2&H1&+0&!R:11]	PPI;Any;Any
150_2	PHOSPHATE_DONOR_CoF;Any;Any	[*:1](~[O&D1&v2&H0&+0&!R:2])~[*:3]~[*:4](~[O&D1&v2&H0&+0&!R:5])~[O&D2&v2&H0&+0&!R:6]-[P&D4&v5&H0&+0&!R:7]-[O&D1&v2&H1&+0&!R:8].[C&D3&v4&H0&+0&!R&z2:9](=[O&D1&v2&H0&+0&!R:10])-[O&D1&v2&H1&+0&!R:11].[N&D1&v3&H2&+0&!R:12]>>[*:1](~[O&D1&v2&H0&+0&!R:2])~[*:3]~[*:4](~[O&D1&v2&H0&+0&!R:5])~[O&D1&v2&H1&+0&!R:6].[C&D3&v4&H0&+0&!R&z2:9](=[O&D1&v2&H0&+0&!R:10])-[N&D2&v3&H1&+0&!R:12].[P&D4&v5&H0&+0&!R:7](-[O&D1&v2&H1&+0&!R:8])-[O&D1&v2&H1&+0&!R:11]	PHOSPHATE_ACCEPTOR_CoF;Any;Pi
150_3	PYROPHOSPHATE_DONOR_CoF;Any;Any	[*:1](~[O&D1&v2&H0&+0&!R:2])~[*:3]~[*:4](~[O&D1&v2&H0&+0&!R:5])~[O&D2&v2&H0&+0&!R:6]-[P&D4&v5&H0&+0&!R:7]-[O&D1&v2&H1&+0&!R:8].[C&D3&v4&H0&+0&!R&z2:9](=[O&D1&v2&H0&+0&!R:10])-[O&D1&v2&H1&+0&!R:11].[N&D1&v3&H2&+0&!R:12]>>[*:1](~[O&D1&v2&H0&+0&!R:2])~[*:3]~[*:4](~[O&D1&v2&H0&+0&!R:5])~[O&D1&v2&H1&+0&!R:6].[C&D3&v4&H0&+0&!R&z2:9](=[O&D1&v2&H0&+0&!R:10])-[N&D2&v3&H1&+0&!R:12].[P&D4&v5&H0&+0&!R:7](-[O&D1&v2&H1&+0&!R:8])-[O&D1&v2&H1&+0&!R:11]	PPI;Any;PYROPHOSPHATE_ACCEPTOR_CoF
80_0	Any	[*:1](~[O&D1&v2&H1&+0&!R:2])~[C&D2&v4&H2&+0&!R&z0:3]-[C&D3&v4&H1&+0&!R&z1:4]-[N&D2&v3&H1&+0&!R:5]>>[C&D2&v4&H1&+0&!R&z0:4]=[C&D2&v4&H1&+0&!R&z0:3]~[*:1]~[O&D1&v2&H1&+0&!R:2].[N&D1&v3&H2&+0&!R:5]	Any;Any
126_0	ACETYL-COA;WATER	[C&D3&v4&H0&+0&!R&z2:1](=[O&D1&v2&H0&+0&!R:2])-[S&D2&v2&H0&+0&!R:3].[O&D0&v2&H2&+0&!R:4]>>[C&D3&v4&H0&+0&!R&z2:1](=[O&D1&v2&H0&+0&!R:2])-[O&D1&v2&H1&+0&!R:4].[S&D1&v2&H1&+0&!R:3]	Any;CoA
126_1	Any;WATER	[C&D3&v4&H0&+0&!R&z2:1](=[O&D1&v2&H0&+0&!R:2])-[S&D2&v2&H0&+0&!R:3].[O&D0&v2&H2&+0&!R:4]>>[C&D3&v4&H0&+0&!R&z2:1](=[O&D1&v2&H0&+0&!R:2])-[O&D1&v2&H1&+0&!R:4].[S&D1&v2&H1&+0&!R:3]	Any;Any
126_2	Any;WATER	[C&D3&v4&H0&+0&!R&z2:1](=[O&D1&v2&H0&+0&!R:2])-[S&D2&v2&H0&+0&!R:3].[O&D0&v2&H2&+0&!R:4]>>[C&D3&v4&H0&+0&!R&z2:1](=[O&D1&v2&H0&+0&!R:2])-[O&D1&v2&H1&+0&!R:4].[S&D1&v2&H1&+0&!R:3]	Any;CoA
379_0	Any;WATER	[N&D2&v3&H1&+0&!R:1]-[C&D3&v4&H0&+0&!R&z3:2](-[N&D1&v3&H2&+0&!R:3])=[O&D1&v2&H0&+0&!R:4].[O&D0&v2&H2&+0&!R:5]>>[N&D0&v3&H3&+0&!R:3].[N&D1&v3&H2&+0&!R:1].[O&D1&v2&H0&+0&!R:4]=[C&D2&v4&H0&+0&!R&z2:2]=[O&D1&v2&H0&+0&!R:5]	NH3;Any;CO2
430_0	Any;Any	[*:1](~[O&D1&v2&H1&+0&!R:2])~[*:3]~[O&D1&v2&H1&+0&!R:4].[N&D2&v3&H1&+0&!R:5]-[C&D3&v4&H0&+0&!R&z2:6]=[O&D1&v2&H0&+0&!R:7]>>[*:1](~[O&D1&v2&H1&+0&!R:2])~[*:3]~[O&D2&v2&H0&+0&!R:4]-[C&D3&v4&H0&+0&!R&z2:6]=[O&D1&v2&H0&+0&!R:7].[N&D1&v3&H2&+0&!R:5]	Any;Any
432_0	Any;Any	[N&D2&v3&H1&+0&!R:1]-[C&D3&v4&H0&+0&!R&z2:2]=[O&D1&v2&H0&+0&!R:3].[O&D1&v2&H1&+0&!R:4]>>[N&D1&v3&H2&+0&!R:1].[O&D2&v2&H0&+0&!R:4]-[C&D3&v4&H0&+0&!R&z2:2]=[O&D1&v2&H0&+0&!R:3]	Any;Any
432_1	Any;Pi	[N&D2&v3&H1&+0&!R:1]-[C&D3&v4&H0&+0&!R&z2:2]=[O&D1&v2&H0&+0&!R:3].[O&D1&v2&H1&+0&!R:4]>>[N&D1&v3&H2&+0&!R:1].[O&D2&v2&H0&+0&!R:4]-[C&D3&v4&H0&+0&!R&z2:2]=[O&D1&v2&H0&+0&!R:3]	Any;Any
188_0	Any	[N&D1&v3&H2&+0&!R:1]-[C&D3&v4&H1&+0&!R&z1:2]-[C&D2&v4&H2&+0&!R&z0:3]>>[N&D1&v3&H2&+0&!R:1]-[C&D3&v4&H1&+0&!R&z1:3]-[C&D2&v4&H2&+0&!R&z0:2]	Any
265_0	Any;Any	[C&D1&v4&H3&+0&!R&z1:1]-[S&D3&v3&H0&+&!R:2].[n&D2&v3&H1&+0&R:3]>>[S&D2&v2&H0&+0&!R:2].[n&D3&v3&H0&+0&R:3]-[C&D1&v4&H3&+0&!R&z1:1]	Any;Any
265_1	METHYL_DONOR_CoF;Any	[C&D1&v4&H3&+0&!R&z1:1]-[S&D3&v3&H0&+&!R:2].[n&D2&v3&H1&+0&R:3]>>[S&D2&v2&H0&+0&!R:2].[n&D3&v3&H0&+0&R:3]-[C&D1&v4&H3&+0&!R&z1:1]	METHYL_ACCEPTOR_CoF;Any
96_0	WATER;Any	[O&D0&v2&H2&+0&!R:1].[O&D2&v2&H0&+0&!R:2]-[C&D3&v4&H0&+0&!R&z2:3]=[O&D1&v2&H0&+0&!R:4]>>[C&D3&v4&H0&+0&!R&z2:3](=[O&D1&v2&H0&+0&!R:4])-[O&D1&v2&H1&+0&!R:1].[O&D1&v2&H1&+0&!R:2]	Any;Any
96_1	WATER;Any	[O&D0&v2&H2&+0&!R:1].[O&D2&v2&H0&+0&!R:2]-[C&D3&v4&H0&+0&!R&z2:3]=[O&D1&v2&H0&+0&!R:4]>>[C&D3&v4&H0&+0&!R&z2:3](=[O&D1&v2&H0&+0&!R:4])-[O&D1&v2&H1&+0&!R:1].[O&D1&v2&H1&+0&!R:2]	Any;H2O2
138_0	Any;WATER	[C&D3&v4&H0&+0&!R&z1:1](=[O&D1&v2&H0&+0&!R:2])-[C&D2&v4&H2&+0&!R&z0:3].[O&D0&v2&H2&+0&!R:4]>>[C&D1&v4&H3&+0&!R&z0:3].[C&D3&v4&H0&+0&!R&z2:1](=[O&D1&v2&H0&+0&!R:2])-[O&D1&v2&H1&+0&!R:4]	Any;Any
460_0	Any;Any	[N&D2&v3&H1&+0&!R:1]-[C&D3&v4&H1&+0&R&z2:2].[n&D2&v3&H0&+0&R:3]>>[N&D1&v3&H2&+0&!R:1].[n&D3&v4&H0&+&R:3]-[C&D3&v4&H1&+0&R&z2:2]	Any;Any
139_0	Any;Any	[C&D1&v4&H3&+0&!R&z0:1].[C&D3&v4&H0&+0&!R&z2:2](=[O&D1&v2&H0&+0&!R:3])-[O&D1&v2&H1&+0&!R:4]>>[C&D3&v4&H0&+0&!R&z1:2](=[O&D1&v2&H0&+0&!R:3])-[C&D2&v4&H2&+0&!R&z0:1].[O&D0&v2&H2&+0&!R:4]	Any;WATER
258_0	Any;Any;PPI	[*:1](~[O&D1&v2&H1&+0&!R:2])~[O&D1&v2&H1&+0&!R:3].[O&D2&v2&H0&+0&!R:4]-[C&D3&v4&H0&+0&!R&z2:5]=[O&D1&v2&H0&+0&!R:6].[P&D4&v5&H0&+0&!R:7](-[O&D1&v2&H1&+0&!R:8])-[O&D1&v2&H1&+0&!R:9]>>[C&D3&v4&H0&+0&!R&z2:5](=[O&D1&v2&H0&+0&!R:6])-[O&D1&v2&H1&+0&!R:8].[O&D1&v2&H1&+0&!R:4].[P&D4&v5&H0&+0&!R:7](-[O&D1&v2&H1&+0&!R:9])-[O&D2&v2&H0&+0&!R:2]~[*:1]~[O&D1&v2&H1&+0&!R:3]	Any;Any;Any
258_1	Any;Any;Pi	[*:1](~[O&D1&v2&H1&+0&!R:2])~[O&D1&v2&H1&+0&!R:3].[O&D2&v2&H0&+0&!R:4]-[C&D3&v4&H0&+0&!R&z2:5]=[O&D1&v2&H0&+0&!R:6].[P&D4&v5&H0&+0&!R:7](-[O&D1&v2&H1&+0&!R:8])-[O&D1&v2&H1&+0&!R:9]>>[C&D3&v4&H0&+0&!R&z2:5](=[O&D1&v2&H0&+0&!R:6])-[O&D1&v2&H1&+0&!R:8].[O&D1&v2&H1&+0&!R:4].[P&D4&v5&H0&+0&!R:7](-[O&D1&v2&H1&+0&!R:9])-[O&D2&v2&H0&+0&!R:2]~[*:1]~[O&D1&v2&H1&+0&!R:3]	Any;Any;Any
258_2	PHOSPHATE_ACCEPTOR_CoF;Any;Pi	[*:1](~[O&D1&v2&H1&+0&!R:2])~[O&D1&v2&H1&+0&!R:3].[O&D2&v2&H0&+0&!R:4]-[C&D3&v4&H0&+0&!R&z2:5]=[O&D1&v2&H0&+0&!R:6].[P&D4&v5&H0&+0&!R:7](-[O&D1&v2&H1&+0&!R:8])-[O&D1&v2&H1&+0&!R:9]>>[C&D3&v4&H0&+0&!R&z2:5](=[O&D1&v2&H0&+0&!R:6])-[O&D1&v2&H1&+0&!R:8].[O&D1&v2&H1&+0&!R:4].[P&D4&v5&H0&+0&!R:7](-[O&D1&v2&H1&+0&!R:9])-[O&D2&v2&H0&+0&!R:2]~[*:1]~[O&D1&v2&H1&+0&!R:3]	Any;Any;PHOSPHATE_DONOR_CoF
258_3	PYROPHOSPHATE_ACCEPTOR_CoF;Any;PPI	[*:1](~[O&D1&v2&H1&+0&!R:2])~[O&D1&v2&H1&+0&!R:3].[O&D2&v2&H0&+0&!R:4]-[C&D3&v4&H0&+0&!R&z2:5]=[O&D1&v2&H0&+0&!R:6].[P&D4&v5&H0&+0&!R:7](-[O&D1&v2&H1&+0&!R:8])-[O&D1&v2&H1&+0&!R:9]>>[C&D3&v4&H0&+0&!R&z2:5](=[O&D1&v2&H0&+0&!R:6])-[O&D1&v2&H1&+0&!R:8].[O&D1&v2&H1&+0&!R:4].[P&D4&v5&H0&+0&!R:7](-[O&D1&v2&H1&+0&!R:9])-[O&D2&v2&H0&+0&!R:2]~[*:1]~[O&D1&v2&H1&+0&!R:3]	Any;Any;PYROPHOSPHATE_DONOR_CoF
2_0	Any;Any	[C&D3&v4&H1&+0&!R&z0:1](-[C&D3&v4&H0&+0&!R&z2:2]-[O&D1&v2&H1&+0&!R:3])-[C&D3&v4&H1&+0&!R&z1:4](-[O&D1&v2&H1&+0&!R:5])~[*:6]~[O&D1&v2&H1&+0&!R:7].[c&D3&v4&H0&+0&R&z0:8]1:[c&D2&v4&H1&+0&R&z0:9]:[c&D2&v4&H1&+0&R&z0:10]:[c&D2&v4&H1&+0&R&z1:11]:[n&D3&v4&H0&+&R:12]:[c&D2&v4&H1&+0&R&z1:13]:1>>[C&D2&v4&H2&+0&!R&z0:1]-[C&D3&v4&H0&+0&!R&z1:4](=[O&D1&v2&H0&+0&!R:5])~[*:6]~[O&D1&v2&H1&+0&!R:7].[C&D3&v4&H0&+0&R&z0:8]1=[C&D2&v4&H1&+0&R&z1:13]-[N&D3&v3&H0&+0&R:12]-[C&D2&v4&H1&+0&R&z1:11]=[C&D2&v4&H1&+0&R&z0:10]-[C&D2&v4&H2&+0&R&z0:9]-1.[O&D1&v2&H0&+0&!R:3]=[C&D2&v4&H0&+0&!R&z2:2]	Any;Any;CO2
2_1	Any;NAD_CoF	[C&D3&v4&H1&+0&!R&z0:1](-[C&D3&v4&H0&+0&!R&z2:2]-[O&D1&v2&H1&+0&!R:3])-[C&D3&v4&H1&+0&!R&z1:4](-[O&D1&v2&H1&+0&!R:5])~[*:6]~[O&D1&v2&H1&+0&!R:7].[c&D3&v4&H0&+0&R&z0:8]1:[c&D2&v4&H1&+0&R&z0:9]:[c&D2&v4&H1&+0&R&z0:10]:[c&D2&v4&H1&+0&R&z1:11]:[n&D3&v4&H0&+&R:12]:[c&D2&v4&H1&+0&R&z1:13]:1>>[C&D2&v4&H2&+0&!R&z0:1]-[C&D3&v4&H0&+0&!R&z1:4](=[O&D1&v2&H0&+0&!R:5])~[*:6]~[O&D1&v2&H1&+0&!R:7].[C&D3&v4&H0&+0&R&z0:8]1=[C&D2&v4&H1&+0&R&z1:13]-[N&D3&v3&H0&+0&R:12]-[C&D2&v4&H1&+0&R&z1:11]=[C&D2&v4&H1&+0&R&z0:10]-[C&D2&v4&H2&+0&R&z0:9]-1.[O&D1&v2&H0&+0&!R:3]=[C&D2&v4&H0&+0&!R&z2:2]	Any;NADH_CoF;CO2
206_0	Any;Any	[C&D2&v4&H1&+0&!R&z1:1]=[O&D1&v2&H0&+0&!R:2].[C&D3&v4&H0&+0&R&z0:3]1=[C&D2&v4&H1&+0&R&z1:4]-[N&D3&v3&H0&+0&R:5](~[*:6]~[*:7]~[O&D1&v2&H1&+0&!R:8])-[C&D2&v4&H1&+0&R&z1:9]=[C&D2&v4&H1&+0&R&z0:10]-[C&D2&v4&H2&+0&R&z0:11]-1>>[C&D2&v4&H2&+0&!R&z1:1]-[O&D1&v2&H1&+0&!R:2].[c&D3&v4&H0&+0&R&z0:3]1:[c&D2&v4&H1&+0&R&z0:11]:[c&D2&v4&H1&+0&R&z0:10]:[c&D2&v4&H1&+0&R&z1:9]:[n&D3&v4&H0&+&R:5](~[*:6]~[*:7]~[O&D1&v2&H1&+0&!R:8]):[c&D2&v4&H1&+0&R&z1:4]:1	Any;Any
206_1	Any;NADH_CoF	[C&D2&v4&H1&+0&!R&z1:1]=[O&D1&v2&H0&+0&!R:2].[C&D3&v4&H0&+0&R&z0:3]1=[C&D2&v4&H1&+0&R&z1:4]-[N&D3&v3&H0&+0&R:5](~[*:6]~[*:7]~[O&D1&v2&H1&+0&!R:8])-[C&D2&v4&H1&+0&R&z1:9]=[C&D2&v4&H1&+0&R&z0:10]-[C&D2&v4&H2&+0&R&z0:11]-1>>[C&D2&v4&H2&+0&!R&z1:1]-[O&D1&v2&H1&+0&!R:2].[c&D3&v4&H0&+0&R&z0:3]1:[c&D2&v4&H1&+0&R&z0:11]:[c&D2&v4&H1&+0&R&z0:10]:[c&D2&v4&H1&+0&R&z1:9]:[n&D3&v4&H0&+&R:5](~[*:6]~[*:7]~[O&D1&v2&H1&+0&!R:8]):[c&D2&v4&H1&+0&R&z1:4]:1	Any;NAD_CoF
437_0	WATER;Any	[O&D0&v2&H2&+0&!R:1].[P&D4&v5&H0&+0&R:2](=[O&D1&v2&H0&+0&!R:3])(-[O&D1&v2&H1&+0&!R:4])-[O&D2&v2&H0&+0&R:5]>>([O&D1&v2&H1&+0&!R:5].[P&D4&v5&H0&+0&!R:2](=[O&D1&v2&H0&+0&!R:4])(-[O&D1&v2&H1&+0&!R:3])-[O&D1&v2&H1&+0&!R:1])	Any
332_0	Any;O2;Any	[C&D3&v4&H0&+0&R&z0:1]1=[C&D2&v4&H1&+0&R&z1:2]-[N&D3&v3&H0&+0&R:3]-[C&D2&v4&H1&+0&R&z1:4]=[C&D2&v4&H1&+0&R&z0:5]-[C&D2&v4&H2&+0&R&z0:6]-1.[O&D1&v2&H0&+0&!R:7]=[O&D1&v2&H0&+0&!R:8].[O&D1&v2&H1&+0&!R:9]-[c&D3&v4&H0&+0&R&z1:10]:[c&D2&v4&H1&+0&R&z0:11]>>[O&D0&v2&H2&+0&!R:8].[O&D1&v2&H1&+0&!R:7]-[c&D3&v4&H0&+0&R&z1:11]:[c&D3&v4&H0&+0&R&z1:10]-[O&D1&v2&H1&+0&!R:9].[c&D3&v4&H0&+0&R&z0:1]1:[c&D2&v4&H1&+0&R&z0:6]:[c&D2&v4&H1&+0&R&z0:5]:[c&D2&v4&H1&+0&R&z1:4]:[n&D3&v4&H0&+&R:3]:[c&D2&v4&H1&+0&R&z1:2]:1	WATER;Any;Any
332_1	NADH_CoF;O2;Any	[C&D3&v4&H0&+0&R&z0:1]1=[C&D2&v4&H1&+0&R&z1:2]-[N&D3&v3&H0&+0&R:3]-[C&D2&v4&H1&+0&R&z1:4]=[C&D2&v4&H1&+0&R&z0:5]-[C&D2&v4&H2&+0&R&z0:6]-1.[O&D1&v2&H0&+0&!R:7]=[O&D1&v2&H0&+0&!R:8].[O&D1&v2&H1&+0&!R:9]-[c&D3&v4&H0&+0&R&z1:10]:[c&D2&v4&H1&+0&R&z0:11]>>[O&D0&v2&H2&+0&!R:8].[O&D1&v2&H1&+0&!R:7]-[c&D3&v4&H0&+0&R&z1:11]:[c&D3&v4&H0&+0&R&z1:10]-[O&D1&v2&H1&+0&!R:9].[c&D3&v4&H0&+0&R&z0:1]1:[c&D2&v4&H1&+0&R&z0:6]:[c&D2&v4&H1&+0&R&z0:5]:[c&D2&v4&H1&+0&R&z1:4]:[n&D3&v4&H0&+&R:3]:[c&D2&v4&H1&+0&R&z1:2]:1	WATER;Any;NAD_CoF
509_0	CO2;Any	[C&D2&v4&H0&+0&!R&z2:1]=[O&D1&v2&H0&+0&!R:2].[O&D1&v2&H1&+0&!R:3]-[c&D3&v4&H0&+0&R&z1:4]:[c&D2&v4&H1&+0&R&z0:5]>>[C&D3&v4&H0&+0&!R&z2:1](-[O&D1&v2&H1&+0&!R:2])-[c&D3&v4&H0&+0&R&z0:5]:[c&D3&v4&H0&+0&R&z1:4]-[O&D1&v2&H1&+0&!R:3]	Any
486_0	Any	[C&D2&v4&H0&+0&!R&z1:1]-[C&D3&v4&H1&+0&!R&z1:2]-[O&D1&v2&H1&+0&!R:3]>>[C&D1&v4&H1&+0&!R&z1:1].[O&D1&v2&H0&+0&!R:3]=[C&D2&v4&H1&+0&!R&z1:2]	HCN;Any
454_0	Any;Any	[C&D3&v4&H0&+0&!R&z2:1](=[O&D1&v2&H0&+0&!R:2])-[N&D2&v3&H1&+0&!R:3]~[*:4]~[C&D3&v4&H1&+0&R&z2:5]-[O&D1&v2&H1&+0&!R:6].[O&D1&v2&H1&+0&!R:7]>>[O&D0&v2&H2&+0&!R:6].[O&D2&v2&H0&+0&!R:7]-[C&D3&v4&H1&+0&R&z2:5]~[*:4]~[N&D2&v3&H1&+0&!R:3]-[C&D3&v4&H0&+0&!R&z2:1]=[O&D1&v2&H0&+0&!R:2]	WATER;Any
466_0	Any;Any	[C&D3&v4&H0&+0&R&z0:1]1=[C&D2&v4&H1&+0&R&z1:2]-[N&D3&v3&H0&+0&R:3]-[C&D2&v4&H1&+0&R&z1:4]=[C&D2&v4&H1&+0&R&z0:5]-[C&D2&v4&H2&+0&R&z0:6]-1.[O&D1&v2&H0&+0&!R:7]=[C&D3&v4&H0&+0&R&z2:8]>>[C&D3&v4&H1&+0&R&z2:8]-[O&D1&v2&H1&+0&!R:7].[c&D3&v4&H0&+0&R&z0:1]1:[c&D2&v4&H1&+0&R&z0:6]:[c&D2&v4&H1&+0&R&z0:5]:[c&D2&v4&H1&+0&R&z1:4]:[n&D3&v4&H0&+&R:3]:[c&D2&v4&H1&+0&R&z1:2]:1	Any;Any
466_1	NADH_CoF;Any	[C&D3&v4&H0&+0&R&z0:1]1=[C&D2&v4&H1&+0&R&z1:2]-[N&D3&v3&H0&+0&R:3]-[C&D2&v4&H1&+0&R&z1:4]=[C&D2&v4&H1&+0&R&z0:5]-[C&D2&v4&H2&+0&R&z0:6]-1.[O&D1&v2&H0&+0&!R:7]=[C&D3&v4&H0&+0&R&z2:8]>>[C&D3&v4&H1&+0&R&z2:8]-[O&D1&v2&H1&+0&!R:7].[c&D3&v4&H0&+0&R&z0:1]1:[c&D2&v4&H1&+0&R&z0:6]:[c&D2&v4&H1&+0&R&z0:5]:[c&D2&v4&H1&+0&R&z1:4]:[n&D3&v4&H0&+&R:3]:[c&D2&v4&H1&+0&R&z1:2]:1	Any;NAD_CoF
337_0	Any;WATER	[C&D2&v4&H1&+0&!R&z0:1]=[C&D2&v4&H1&+0&!R&z0:2]-[C&D3&v4&H0&+0&!R&z2:3]=[O&D1&v2&H0&+0&!R:4].[O&D0&v2&H2&+0&!R:5]>>[O&D1&v2&H0&+0&!R:4]=[C&D3&v4&H0&+0&!R&z2:3]-[C&D2&v4&H2&+0&!R&z0:2]-[C&D3&v4&H1&+0&!R&z1:1]-[O&D1&v2&H1&+0&!R:5]	Any
510_0	WATER;Any	[O&D0&v2&H2&+0&!R:1].[O&D2&v2&H0&+0&!R:2]-[P&D4&v5&H0&+0&!R:3](=[O&D1&v2&H0&+0&!R:4])(-[O&D1&v2&H1&+0&!R:5])~[*:6]~[*:7](~[O&D1&v2&H1&+0&!R:8])~[*:9]~[*:10]~[O&D1&v2&H1&+0&!R:11]>>[*:10](~[O&D1&v2&H1&+0&!R:11])~[*:9]~[*:7](~[O&D1&v2&H1&+0&!R:8])~[*:6]~[P&D4&v5&H0&+0&!R:3](=[O&D1&v2&H0&+0&!R:4])(-[O&D1&v2&H1&+0&!R:5])-[O&D1&v2&H1&+0&!R:1].[O&D1&v2&H1&+0&!R:2]	Any;Any
510_1	WATER;Any	[O&D0&v2&H2&+0&!R:1].[O&D2&v2&H0&+0&!R:2]-[P&D4&v5&H0&+0&!R:3](=[O&D1&v2&H0&+0&!R:4])(-[O&D1&v2&H1&+0&!R:5])~[*:6]~[*:7](~[O&D1&v2&H1&+0&!R:8])~[*:9]~[*:10]~[O&D1&v2&H1&+0&!R:11]>>[*:10](~[O&D1&v2&H1&+0&!R:11])~[*:9]~[*:7](~[O&D1&v2&H1&+0&!R:8])~[*:6]~[P&D4&v5&H0&+0&!R:3](=[O&D1&v2&H0&+0&!R:4])(-[O&D1&v2&H1&+0&!R:5])-[O&D1&v2&H1&+0&!R:1].[O&D1&v2&H1&+0&!R:2]	Any;Pi
510_2	WATER;PHOSPHATE_DONOR_CoF	[O&D0&v2&H2&+0&!R:1].[O&D2&v2&H0&+0&!R:2]-[P&D4&v5&H0&+0&!R:3](=[O&D1&v2&H0&+0&!R:4])(-[O&D1&v2&H1&+0&!R:5])~[*:6]~[*:7](~[O&D1&v2&H1&+0&!R:8])~[*:9]~[*:10]~[O&D1&v2&H1&+0&!R:11]>>[*:10](~[O&D1&v2&H1&+0&!R:11])~[*:9]~[*:7](~[O&D1&v2&H1&+0&!R:8])~[*:6]~[P&D4&v5&H0&+0&!R:3](=[O&D1&v2&H0&+0&!R:4])(-[O&D1&v2&H1&+0&!R:5])-[O&D1&v2&H1&+0&!R:1].[O&D1&v2&H1&+0&!R:2]	PHOSPHATE_ACCEPTOR_CoF;Pi
360_0	Any	([C&D3&v4&H0&+0&!R&z2:1](=[O&D1&v2&H0&+0&!R:2])-[O&D1&v2&H1&+0&!R:3].[N&D1&v3&H2&+0&!R:4])>>[O&D0&v2&H2&+0&!R:3].[O&D1&v2&H0&+0&!R:2]=[C&D3&v4&H0&+0&R&z2:1]-[N&D2&v3&H1&+0&R:4]	WATER;Any
487_0	HCN;Any	[C&D1&v4&H1&+0&!R&z1:1].[O&D1&v2&H0&+0&!R:2]=[C&D2&v4&H1&+0&!R&z1:3]>>[C&D2&v4&H0&+0&!R&z1:1]-[C&D3&v4&H1&+0&!R&z1:3]-[O&D1&v2&H1&+0&!R:2]	Any
380_0	NH3;Any;CO2	[N&D0&v3&H3&+0&!R:1].[N&D1&v3&H2&+0&!R:2].[O&D1&v2&H0&+0&!R:3]=[C&D2&v4&H0&+0&!R&z2:4]=[O&D1&v2&H0&+0&!R:5]>>[N&D2&v3&H1&+0&!R:2]-[C&D3&v4&H0&+0&!R&z3:4](-[N&D1&v3&H2&+0&!R:1])=[O&D1&v2&H0&+0&!R:3].[O&D0&v2&H2&+0&!R:5]	Any;WATER
34_0	Any	[N&D1&v3&H2&+0&!R:1]-[C&D3&v4&H1&+0&!R&z1:2]-[C&D3&v4&H0&+0&!R&z2:3]-[O&D1&v2&H1&+0&!R:4]>>[C&D2&v4&H0&+0&!R&z2:3]=[O&D1&v2&H0&+0&!R:4].[N&D1&v3&H2&+0&!R:1]-[C&D2&v4&H2&+0&!R&z1:2]	CO2;Any
90_0	Any;Any	[*:1](~[O&D1&v2&H1&+0&!R:2])~[O&D1&v2&H1&+0&!R:3].[n&D3&v3&H0&+0&R:4]-[C&D3&v4&H1&+0&R&z2:5]-[O&D2&v2&H0&+0&R:6]>>[*:1](~[O&D1&v2&H1&+0&!R:3])~[O&D2&v2&H0&+0&!R:2]-[C&D3&v4&H1&+0&R&z2:5]-[O&D2&v2&H0&+0&R:6].[n&D2&v3&H1&+0&R:4]	Any;Any
90_1	Pi;Any	[*:1](~[O&D1&v2&H1&+0&!R:2])~[O&D1&v2&H1&+0&!R:3].[n&D3&v3&H0&+0&R:4]-[C&D3&v4&H1&+0&R&z2:5]-[O&D2&v2&H0&+0&R:6]>>[*:1](~[O&D1&v2&H1&+0&!R:3])~[O&D2&v2&H0&+0&!R:2]-[C&D3&v4&H1&+0&R&z2:5]-[O&D2&v2&H0&+0&R:6].[n&D2&v3&H1&+0&R:4]	Any;Any
14_0	Any;Any	[C&D1&v4&H3&+0&!R&z1:1]-[S&D3&v3&H0&+&!R:2].[N&D1&v3&H2&+0&!R:3]>>[C&D1&v4&H3&+0&!R&z1:1]-[N&D2&v3&H1&+0&!R:3].[S&D2&v2&H0&+0&!R:2]	Any;Any
14_1	METHYL_DONOR_CoF;Any	[C&D1&v4&H3&+0&!R&z1:1]-[S&D3&v3&H0&+&!R:2].[N&D1&v3&H2&+0&!R:3]>>[C&D1&v4&H3&+0&!R&z1:1]-[N&D2&v3&H1&+0&!R:3].[S&D2&v2&H0&+0&!R:2]	Any;METHYL_ACCEPTOR_CoF
86_0	Any;Any	[*:1](~[O&D1&v2&H0&+0&!R:2])~[*:3]~[*:4](~[O&D1&v2&H0&+0&!R:5])~[O&D2&v2&H0&+0&!R:6]-[P&D4&v5&H0&+0&!R:7].[N&D1&v3&H2&+0&!R:8]>>[*:1](~[O&D1&v2&H0&+0&!R:2])~[*:3]~[*:4](~[O&D1&v2&H0&+0&!R:5])~[O&D1&v2&H1&+0&!R:6].[N&D2&v3&H1&+0&!R:8]-[P&D4&v5&H0&+0&!R:7]	Any;Any
86_1	Any;Any	[*:1](~[O&D1&v2&H0&+0&!R:2])~[*:3]~[*:4](~[O&D1&v2&H0&+0&!R:5])~[O&D2&v2&H0&+0&!R:6]-[P&D4&v5&H0&+0&!R:7].[N&D1&v3&H2&+0&!R:8]>>[*:1](~[O&D1&v2&H0&+0&!R:2])~[*:3]~[*:4](~[O&D1&v2&H0&+0&!R:5])~[O&D1&v2&H1&+0&!R:6].[N&D2&v3&H1&+0&!R:8]-[P&D4&v5&H0&+0&!R:7]	PPI;Any
86_2	PHOSPHATE_DONOR_CoF;Any	[*:1](~[O&D1&v2&H0&+0&!R:2])~[*:3]~[*:4](~[O&D1&v2&H0&+0&!R:5])~[O&D2&v2&H0&+0&!R:6]-[P&D4&v5&H0&+0&!R:7].[N&D1&v3&H2&+0&!R:8]>>[*:1](~[O&D1&v2&H0&+0&!R:2])~[*:3]~[*:4](~[O&D1&v2&H0&+0&!R:5])~[O&D1&v2&H1&+0&!R:6].[N&D2&v3&H1&+0&!R:8]-[P&D4&v5&H0&+0&!R:7]	PHOSPHATE_ACCEPTOR_CoF;Any
136_0	Any;WATER	[*:1](~[O&D1&v2&H0&+0&!R:2])~[*:3]~[*:4]~[O&D2&v2&H0&+0&!R:5]-[P&D4&v5&H0&+0&!R:6](=[O&D1&v2&H0&+0&!R:7])-[O&D1&v2&H1&+0&!R:8].[O&D0&v2&H2&+0&!R:9]>>[*:1](~[O&D1&v2&H0&+0&!R:2])~[*:3]~[*:4]~[O&D1&v2&H1&+0&!R:5].[O&D1&v2&H0&+0&!R:7]=[P&D4&v5&H0&+0&!R:6](-[O&D1&v2&H1&+0&!R:8])-[O&D1&v2&H1&+0&!R:9]	Any;Any
186_0	Any;WATER;Any	[N&D2&v3&H1&+0&!R:1]-[C&D3&v4&H0&+0&!R&z2:2]=[O&D1&v2&H0&+0&!R:3].[O&D0&v2&H2&+0&!R:4].[n&D3&v4&H0&+&R:5]-[C&D3&v4&H1&+0&R&z2:6]~[*:7](~[*:8]~[O&D1&v2&H1&+0&!R:9])~[O&D1&v2&H1&+0&!R:10]>>[C&D3&v4&H0&+0&!R&z2:2](=[O&D1&v2&H0&+0&!R:4])-[O&D2&v2&H0&+0&!R:10]~[*:7](~[C&D3&v4&H1&+0&R&z2:6]-[O&D1&v2&H1&+0&!R:3])~[*:8]~[O&D1&v2&H1&+0&!R:9].[N&D1&v3&H2&+0&!R:1].[n&D2&v3&H0&+0&R:5]	Any;Any;Any
120_0	Any;Any	[*:1](~[O&D1&v2&H1&+0&!R:2])~[O&D1&v2&H1&+0&!R:3].[O&D2&v2&H0&+0&!R:4]-[P&D4&v5&H0&+0&!R:5](=[O&D1&v2&H0&+0&!R:6])(-[O&D1&v2&H1&+0&!R:7])~[*:8]~[*:9]~[O&D1&v2&H1&+0&!R:10]>>[*:1](~[O&D1&v2&H1&+0&!R:2])~[O&D2&v2&H0&+0&!R:3]-[P&D4&v5&H0&+0&!R:5](=[O&D1&v2&H0&+0&!R:6])(-[O&D1&v2&H1&+0&!R:7])~[*:8]~[*:9]~[O&D1&v2&H1&+0&!R:10].[O&D1&v2&H1&+0&!R:4]	Any;Any
120_1	PHOSPHATE_DONOR_CoF;PHOSPHATE_ACCEPTOR_CoF	[*:1](~[O&D1&v2&H1&+0&!R:2])~[O&D1&v2&H1&+0&!R:3].[O&D2&v2&H0&+0&!R:4]-[P&D4&v5&H0&+0&!R:5](=[O&D1&v2&H0&+0&!R:6])(-[O&D1&v2&H1&+0&!R:7])~[*:8]~[*:9]~[O&D1&v2&H1&+0&!R:10]>>[*:1](~[O&D1&v2&H1&+0&!R:2])~[O&D2&v2&H0&+0&!R:3]-[P&D4&v5&H0&+0&!R:5](=[O&D1&v2&H0&+0&!R:6])(-[O&D1&v2&H1&+0&!R:7])~[*:8]~[*:9]~[O&D1&v2&H1&+0&!R:10].[O&D1&v2&H1&+0&!R:4]	PHOSPHATE_DONOR_CoF;PHOSPHATE_ACCEPTOR_CoF
120_2	PYROPHOSPHATE_ACCEPTOR_CoF;Any	[*:1](~[O&D1&v2&H1&+0&!R:2])~[O&D1&v2&H1&+0&!R:3].[O&D2&v2&H0&+0&!R:4]-[P&D4&v5&H0&+0&!R:5](=[O&D1&v2&H0&+0&!R:6])(-[O&D1&v2&H1&+0&!R:7])~[*:8]~[*:9]~[O&D1&v2&H1&+0&!R:10]>>[*:1](~[O&D1&v2&H1&+0&!R:2])~[O&D2&v2&H0&+0&!R:3]-[P&D4&v5&H0&+0&!R:5](=[O&D1&v2&H0&+0&!R:6])(-[O&D1&v2&H1&+0&!R:7])~[*:8]~[*:9]~[O&D1&v2&H1&+0&!R:10].[O&D1&v2&H1&+0&!R:4]	PYROPHOSPHATE_DONOR_CoF;Any
120_3	PYROPHOSPHATE_ACCEPTOR_CoF;PYROPHOSPHATE_DONOR_CoF	[*:1](~[O&D1&v2&H1&+0&!R:2])~[O&D1&v2&H1&+0&!R:3].[O&D2&v2&H0&+0&!R:4]-[P&D4&v5&H0&+0&!R:5](=[O&D1&v2&H0&+0&!R:6])(-[O&D1&v2&H1&+0&!R:7])~[*:8]~[*:9]~[O&D1&v2&H1&+0&!R:10]>>[*:1](~[O&D1&v2&H1&+0&!R:2])~[O&D2&v2&H0&+0&!R:3]-[P&D4&v5&H0&+0&!R:5](=[O&D1&v2&H0&+0&!R:6])(-[O&D1&v2&H1&+0&!R:7])~[*:8]~[*:9]~[O&D1&v2&H1&+0&!R:10].[O&D1&v2&H1&+0&!R:4]	PYROPHOSPHATE_ACCEPTOR_CoF;PYROPHOSPHATE_ACCEPTOR_CoF
120_4	PYROPHOSPHATE_ACCEPTOR_CoF;PYROPHOSPHATE_DONOR_CoF	[*:1](~[O&D1&v2&H1&+0&!R:2])~[O&D1&v2&H1&+0&!R:3].[O&D2&v2&H0&+0&!R:4]-[P&D4&v5&H0&+0&!R:5](=[O&D1&v2&H0&+0&!R:6])(-[O&D1&v2&H1&+0&!R:7])~[*:8]~[*:9]~[O&D1&v2&H1&+0&!R:10]>>[*:1](~[O&D1&v2&H1&+0&!R:2])~[O&D2&v2&H0&+0&!R:3]-[P&D4&v5&H0&+0&!R:5](=[O&D1&v2&H0&+0&!R:6])(-[O&D1&v2&H1&+0&!R:7])~[*:8]~[*:9]~[O&D1&v2&H1&+0&!R:10].[O&D1&v2&H1&+0&!R:4]	PYROPHOSPHATE_DONOR_CoF;PYROPHOSPHATE_ACCEPTOR_CoF
213_0	Any	([C&D1&v4&H3&+0&!R&z0:1]-[C&D3&v4&H0&+0&!R&z0:2](-[C&D1&v4&H3&+0&!R&z0:3])=[C&D2&v4&H1&+0&!R&z0:4].[C&D3&v4&H0&+0&!R&z0:5](-[C&D1&v4&H3&+0&!R&z0:6])=[C&D2&v4&H1&+0&!R&z0:7].[C&D3&v4&H0&+0&!R&z0:8]=[C&D2&v4&H1&+0&!R&z0:9]-[C&D2&v4&H2&+0&!R&z1:10]-[O&D2&v2&H0&+0&!R:11]~[*:12](~[O&D1&v2&H0&+0&!R:13])~[*:14]~[*:15](~[O&D1&v2&H1&+0&!R:16])~[O&D1&v2&H1&+0&!R:17])>>[*:15](~[O&D1&v2&H1&+0&!R:16])(~[O&D1&v2&H1&+0&!R:17])~[*:14]~[*:12](~[O&D1&v2&H0&+0&!R:13])~[O&D1&v2&H1&+0&!R:11].[C&D1&v4&H2&+0&!R&z0:3]=[C&D3&v4&H0&+0&R&z0:2](-[C&D2&v4&H2&+0&R&z0:4])-[C&D4&v4&H0&+0&R&z0:5](-[C&D1&v4&H3&+0&!R&z0:1])-[C&D4&v4&H0&+0&R&z0:7](-[C&D1&v4&H3&+0&!R&z0:6])-[C&D2&v4&H2&+0&R&z0:10]-[C&D2&v4&H1&+0&R&z0:9]=[C&D3&v4&H0&+0&R&z0:8]	PPI;Any
176_0	Any;Any	[C&D3&v4&H0&+0&R&z0:1]1=[C&D2&v4&H1&+0&R&z1:2]-[N&D3&v3&H0&+0&R:3]-[C&D2&v4&H1&+0&R&z1:4]=[C&D2&v4&H1&+0&R&z0:5]-[C&D2&v4&H2&+0&R&z0:6]-1.[C&D3&v4&H1&+0&R&z1:7]-[C&D3&v4&H0&+0&R&z1:8](-[C&D3&v4&H1&+0&R&z1:9])=[O&D1&v2&H0&+0&!R:10]>>[C&D3&v4&H1&+0&R&z1:7]-[C&D3&v4&H1&+0&R&z1:8](-[C&D3&v4&H1&+0&R&z1:9])-[O&D1&v2&H1&+0&!R:10].[c&D3&v4&H0&+0&R&z0:1]1:[c&D2&v4&H1&+0&R&z0:6]:[c&D2&v4&H1&+0&R&z0:5]:[c&D2&v4&H1&+0&R&z1:4]:[n&D3&v4&H0&+&R:3]:[c&D2&v4&H1&+0&R&z1:2]:1	Any;Any
176_1	NADH_CoF;Any	[C&D3&v4&H0&+0&R&z0:1]1=[C&D2&v4&H1&+0&R&z1:2]-[N&D3&v3&H0&+0&R:3]-[C&D2&v4&H1&+0&R&z1:4]=[C&D2&v4&H1&+0&R&z0:5]-[C&D2&v4&H2&+0&R&z0:6]-1.[C&D3&v4&H1&+0&R&z1:7]-[C&D3&v4&H0&+0&R&z1:8](-[C&D3&v4&H1&+0&R&z1:9])=[O&D1&v2&H0&+0&!R:10]>>[C&D3&v4&H1&+0&R&z1:7]-[C&D3&v4&H1&+0&R&z1:8](-[C&D3&v4&H1&+0&R&z1:9])-[O&D1&v2&H1&+0&!R:10].[c&D3&v4&H0&+0&R&z0:1]1:[c&D2&v4&H1&+0&R&z0:6]:[c&D2&v4&H1&+0&R&z0:5]:[c&D2&v4&H1&+0&R&z1:4]:[n&D3&v4&H0&+&R:3]:[c&D2&v4&H1&+0&R&z1:2]:1	Any;NAD_CoF
68_0	Any	[C&D3&v4&H1&+0&!R&z1:1](-[O&D1&v2&H1&+0&!R:2])-[C&D3&v4&H1&+0&!R&z1:3]~[*:4]~[O&D1&v2&H0&+0&!R:5]>>[C&D2&v4&H1&+0&!R&z1:1]=[O&D1&v2&H0&+0&!R:2].[O&D1&v2&H0&+0&!R:5]~[*:4]~[C&D2&v4&H2&+0&!R&z1:3]	Any;Any
506_0	Any	[C&D4&v4&H0&+0&R&z2:1](-[O&D1&v2&H1&+0&!R:2])(-[C&D2&v4&H1&+0&R&z0:3]=[C&D2&v4&H1&+0&R&z0:4])-[O&D2&v2&H0&+0&R:5]>>([C&D3&v4&H0&+0&!R&z1:1](=[O&D1&v2&H0&+0&!R:2])-[C&D2&v4&H1&+0&!R&z0:3]=[C&D2&v4&H1&+0&!R&z0:4].[O&D1&v2&H1&+0&!R:5])	Any
463_0	WATER;Any	[O&D0&v2&H2&+0&!R:1].[O&D2&v2&H0&+0&!R:2]-[C&D4&v4&H0&+0&R&z2:3]>>[C&D4&v4&H0&+0&R&z2:3]-[O&D1&v2&H1&+0&!R:1].[O&D1&v2&H1&+0&!R:2]	Any;Any
17_0	Any;NH3	[C&D3&v4&H0&+0&!R&z2:1](=[O&D1&v2&H0&+0&!R:2])-[O&D1&v2&H1&+0&!R:3].[N&D0&v3&H3&+0&!R:4]>>[N&D1&v3&H2&+0&!R:4]-[C&D3&v4&H0&+0&!R&z2:1]=[O&D1&v2&H0&+0&!R:2].[O&D0&v2&H2&+0&!R:3]	Any;WATER
185_0	CO2;Any	[O&D1&v2&H0&+0&!R:1]=[C&D2&v4&H0&+0&!R&z2:2].[O&D1&v2&H0&+0&!R:3]=[C&D3&v4&H0&+0&!R&z1:4](-[C&D2&v4&H2&+0&!R&z1:5])~[*:6]~[O&D1&v2&H1&+0&!R:7]>>[C&D3&v4&H0&+0&!R&z2:2](-[O&D1&v2&H1&+0&!R:1])-[C&D3&v4&H1&+0&!R&z1:5]-[C&D3&v4&H0&+0&!R&z1:4](=[O&D1&v2&H0&+0&!R:3])~[*:6]~[O&D1&v2&H1&+0&!R:7]	Any
479_0	CO2;Any;Any	[C&D2&v4&H0&+0&!R&z2:1]=[O&D1&v2&H0&+0&!R:2].[C&D3&v4&H0&+0&R&z0:3]1=[C&D2&v4&H1&+0&R&z1:4]-[N&D3&v3&H0&+0&R:5]-[C&D2&v4&H1&+0&R&z1:6]=[C&D2&v4&H1&+0&R&z0:7]-[C&D2&v4&H2&+0&R&z0:8]-1.[O&D1&v2&H0&+0&!R:9]=[C&D3&v4&H0&+0&!R&z1:10]-[C&D2&v4&H2&+0&!R&z1:11]>>[C&D3&v4&H0&+0&!R&z2:1](-[O&D1&v2&H1&+0&!R:2])-[C&D3&v4&H1&+0&!R&z1:11]-[C&D3&v4&H1&+0&!R&z1:10]-[O&D1&v2&H1&+0&!R:9].[c&D3&v4&H0&+0&R&z0:3]1:[c&D2&v4&H1&+0&R&z0:8]:[c&D2&v4&H1&+0&R&z0:7]:[c&D2&v4&H1&+0&R&z1:6]:[n&D3&v4&H0&+&R:5]:[c&D2&v4&H1&+0&R&z1:4]:1	Any;Any
479_1	CO2;NADH_CoF;Any	[C&D2&v4&H0&+0&!R&z2:1]=[O&D1&v2&H0&+0&!R:2].[C&D3&v4&H0&+0&R&z0:3]1=[C&D2&v4&H1&+0&R&z1:4]-[N&D3&v3&H0&+0&R:5]-[C&D2&v4&H1&+0&R&z1:6]=[C&D2&v4&H1&+0&R&z0:7]-[C&D2&v4&H2&+0&R&z0:8]-1.[O&D1&v2&H0&+0&!R:9]=[C&D3&v4&H0&+0&!R&z1:10]-[C&D2&v4&H2&+0&!R&z1:11]>>[C&D3&v4&H0&+0&!R&z2:1](-[O&D1&v2&H1&+0&!R:2])-[C&D3&v4&H1&+0&!R&z1:11]-[C&D3&v4&H1&+0&!R&z1:10]-[O&D1&v2&H1&+0&!R:9].[c&D3&v4&H0&+0&R&z0:3]1:[c&D2&v4&H1&+0&R&z0:8]:[c&D2&v4&H1&+0&R&z0:7]:[c&D2&v4&H1&+0&R&z1:6]:[n&D3&v4&H0&+&R:5]:[c&D2&v4&H1&+0&R&z1:4]:1	Any;NAD_CoF
134_0	Any;WATER	[*:1](~[O&D1&v2&H0&+0&!R:2])~[*:3]~[*:4]~[O&D2&v2&H0&+0&!R:5]-[P&D4&v5&H0&+0&!R:6](=[O&D1&v2&H0&+0&!R:7])(-[O&D1&v2&H1&+0&!R:8])-[O&D1&v2&H1&+0&!R:9].[O&D0&v2&H2&+0&!R:10]>>[*:1](~[O&D1&v2&H0&+0&!R:2])~[*:3]~[*:4]~[O&D1&v2&H1&+0&!R:5].[O&D1&v2&H0&+0&!R:9]=[P&D4&v5&H0&+0&!R:6](-[O&D1&v2&H1&+0&!R:7])(-[O&D1&v2&H1&+0&!R:8])-[O&D1&v2&H1&+0&!R:10]	Any;Pi
134_1	Any;WATER	[*:1](~[O&D1&v2&H0&+0&!R:2])~[*:3]~[*:4]~[O&D2&v2&H0&+0&!R:5]-[P&D4&v5&H0&+0&!R:6](=[O&D1&v2&H0&+0&!R:7])(-[O&D1&v2&H1&+0&!R:8])-[O&D1&v2&H1&+0&!R:9].[O&D0&v2&H2&+0&!R:10]>>[*:1](~[O&D1&v2&H0&+0&!R:2])~[*:3]~[*:4]~[O&D1&v2&H1&+0&!R:5].[O&D1&v2&H0&+0&!R:9]=[P&D4&v5&H0&+0&!R:6](-[O&D1&v2&H1&+0&!R:7])(-[O&D1&v2&H1&+0&!R:8])-[O&D1&v2&H1&+0&!R:10]	PPI;Pi
134_2	PHOSPHATE_DONOR_CoF;WATER	[*:1](~[O&D1&v2&H0&+0&!R:2])~[*:3]~[*:4]~[O&D2&v2&H0&+0&!R:5]-[P&D4&v5&H0&+0&!R:6](=[O&D1&v2&H0&+0&!R:7])(-[O&D1&v2&H1&+0&!R:8])-[O&D1&v2&H1&+0&!R:9].[O&D0&v2&H2&+0&!R:10]>>[*:1](~[O&D1&v2&H0&+0&!R:2])~[*:3]~[*:4]~[O&D1&v2&H1&+0&!R:5].[O&D1&v2&H0&+0&!R:9]=[P&D4&v5&H0&+0&!R:6](-[O&D1&v2&H1&+0&!R:7])(-[O&D1&v2&H1&+0&!R:8])-[O&D1&v2&H1&+0&!R:10]	PHOSPHATE_ACCEPTOR_CoF;Pi
269_0	Any;Any	[C&D3&v4&H1&+0&!R&z2:1]-[O&D1&v2&H1&+0&!R:2].[c&D3&v4&H0&+0&R&z0:3]1:[c&D2&v4&H1&+0&R&z0:4]:[c&D2&v4&H1&+0&R&z0:5]:[c&D2&v4&H1&+0&R&z1:6]:[n&D3&v4&H0&+&R:7]:[c&D2&v4&H1&+0&R&z1:8]:1>>[C&D3&v4&H0&+0&!R&z2:1]=[O&D1&v2&H0&+0&!R:2].[C&D3&v4&H0&+0&R&z0:3]1=[C&D2&v4&H1&+0&R&z1:8]-[N&D3&v3&H0&+0&R:7]-[C&D2&v4&H1&+0&R&z1:6]=[C&D2&v4&H1&+0&R&z0:5]-[C&D2&v4&H2&+0&R&z0:4]-1	Any;Any
269_1	Any;NAD_CoF	[C&D3&v4&H1&+0&!R&z2:1]-[O&D1&v2&H1&+0&!R:2].[c&D3&v4&H0&+0&R&z0:3]1:[c&D2&v4&H1&+0&R&z0:4]:[c&D2&v4&H1&+0&R&z0:5]:[c&D2&v4&H1&+0&R&z1:6]:[n&D3&v4&H0&+&R:7]:[c&D2&v4&H1&+0&R&z1:8]:1>>[C&D3&v4&H0&+0&!R&z2:1]=[O&D1&v2&H0&+0&!R:2].[C&D3&v4&H0&+0&R&z0:3]1=[C&D2&v4&H1&+0&R&z1:8]-[N&D3&v3&H0&+0&R:7]-[C&D2&v4&H1&+0&R&z1:6]=[C&D2&v4&H1&+0&R&z0:5]-[C&D2&v4&H2&+0&R&z0:4]-1	Any;NADH_CoF
483_0	Any;Any	[*:1](~[O&D1&v2&H1&+0&!R:2])~[*:3]~[O&D1&v2&H1&+0&!R:4].[P&D4&v5&H0&+0&!R:5](-[O&D1&v2&H1&+0&!R:6])-[O&D1&v2&H1&+0&!R:7]>>[*:1](~[O&D2&v2&H0&+0&!R:2]-[P&D4&v5&H0&+0&!R:5]-[O&D1&v2&H1&+0&!R:6])~[*:3]~[O&D1&v2&H1&+0&!R:4].[O&D0&v2&H2&+0&!R:7]	Any;WATER
483_1	Any;GLUCOSYL_ACCEPTOR_CoF	[*:1](~[O&D1&v2&H1&+0&!R:2])~[*:3]~[O&D1&v2&H1&+0&!R:4].[P&D4&v5&H0&+0&!R:5](-[O&D1&v2&H1&+0&!R:6])-[O&D1&v2&H1&+0&!R:7]>>[*:1](~[O&D2&v2&H0&+0&!R:2]-[P&D4&v5&H0&+0&!R:5]-[O&D1&v2&H1&+0&!R:6])~[*:3]~[O&D1&v2&H1&+0&!R:4].[O&D0&v2&H2&+0&!R:7]	GLUCOSYL_DONOR_CoF;WATER
483_2	Any;PPI	[*:1](~[O&D1&v2&H1&+0&!R:2])~[*:3]~[O&D1&v2&H1&+0&!R:4].[P&D4&v5&H0&+0&!R:5](-[O&D1&v2&H1&+0&!R:6])-[O&D1&v2&H1&+0&!R:7]>>[*:1](~[O&D2&v2&H0&+0&!R:2]-[P&D4&v5&H0&+0&!R:5]-[O&D1&v2&H1&+0&!R:6])~[*:3]~[O&D1&v2&H1&+0&!R:4].[O&D0&v2&H2&+0&!R:7]	Any;WATER
483_3	Any;Pi	[*:1](~[O&D1&v2&H1&+0&!R:2])~[*:3]~[O&D1&v2&H1&+0&!R:4].[P&D4&v5&H0&+0&!R:5](-[O&D1&v2&H1&+0&!R:6])-[O&D1&v2&H1&+0&!R:7]>>[*:1](~[O&D2&v2&H0&+0&!R:2]-[P&D4&v5&H0&+0&!R:5]-[O&D1&v2&H1&+0&!R:6])~[*:3]~[O&D1&v2&H1&+0&!R:4].[O&D0&v2&H2&+0&!R:7]	Any;WATER
483_4	PHOSPHATE_ACCEPTOR_CoF;Pi	[*:1](~[O&D1&v2&H1&+0&!R:2])~[*:3]~[O&D1&v2&H1&+0&!R:4].[P&D4&v5&H0&+0&!R:5](-[O&D1&v2&H1&+0&!R:6])-[O&D1&v2&H1&+0&!R:7]>>[*:1](~[O&D2&v2&H0&+0&!R:2]-[P&D4&v5&H0&+0&!R:5]-[O&D1&v2&H1&+0&!R:6])~[*:3]~[O&D1&v2&H1&+0&!R:4].[O&D0&v2&H2&+0&!R:7]	PHOSPHATE_DONOR_CoF;WATER
483_5	PYROPHOSPHATE_ACCEPTOR_CoF;PPI	[*:1](~[O&D1&v2&H1&+0&!R:2])~[*:3]~[O&D1&v2&H1&+0&!R:4].[P&D4&v5&H0&+0&!R:5](-[O&D1&v2&H1&+0&!R:6])-[O&D1&v2&H1&+0&!R:7]>>[*:1](~[O&D2&v2&H0&+0&!R:2]-[P&D4&v5&H0&+0&!R:5]-[O&D1&v2&H1&+0&!R:6])~[*:3]~[O&D1&v2&H1&+0&!R:4].[O&D0&v2&H2&+0&!R:7]	PYROPHOSPHATE_DONOR_CoF;WATER
284_0	Any;Any	[N&D1&v3&H2&+0&!R:1].[N&D3&v3&H0&+0&!R:2]-[C&D2&v4&H1&+0&!R&z2:3]=[O&D1&v2&H0&+0&!R:4]>>[N&D2&v3&H1&+0&!R:2].[O&D1&v2&H0&+0&!R:4]=[C&D2&v4&H1&+0&!R&z2:3]-[N&D2&v3&H1&+0&!R:1]	Any;Any
284_1	Any;FORMYL_DONOR_CoF	[N&D1&v3&H2&+0&!R:1].[N&D3&v3&H0&+0&!R:2]-[C&D2&v4&H1&+0&!R&z2:3]=[O&D1&v2&H0&+0&!R:4]>>[N&D2&v3&H1&+0&!R:2].[O&D1&v2&H0&+0&!R:4]=[C&D2&v4&H1&+0&!R&z2:3]-[N&D2&v3&H1&+0&!R:1]	FORMYL_ACCEPTOR_CoF;Any
284_2	FORMYL_ACCEPTOR_CoF;Any	[N&D1&v3&H2&+0&!R:1].[N&D3&v3&H0&+0&!R:2]-[C&D2&v4&H1&+0&!R&z2:3]=[O&D1&v2&H0&+0&!R:4]>>[N&D2&v3&H1&+0&!R:2].[O&D1&v2&H0&+0&!R:4]=[C&D2&v4&H1&+0&!R&z2:3]-[N&D2&v3&H1&+0&!R:1]	Any;FORMYL_DONOR_CoF
284_3	FORMYL_ACCEPTOR_CoF;FORMYL_DONOR_CoF	[N&D1&v3&H2&+0&!R:1].[N&D3&v3&H0&+0&!R:2]-[C&D2&v4&H1&+0&!R&z2:3]=[O&D1&v2&H0&+0&!R:4]>>[N&D2&v3&H1&+0&!R:2].[O&D1&v2&H0&+0&!R:4]=[C&D2&v4&H1&+0&!R&z2:3]-[N&D2&v3&H1&+0&!R:1]	FORMYL_ACCEPTOR_CoF;FORMYL_DONOR_CoF
262_0	Any;Any	[C&D1&v4&H3&+0&!R&z0:1]-[C&D3&v4&H0&+0&!R&z1:2]=[O&D1&v2&H0&+0&!R:3].[O&D2&v2&H0&+0&!R:4]-[P&D4&v5&H0&+0&!R:5]>>[C&D1&v4&H2&+0&!R&z0:1]=[C&D3&v4&H0&+0&!R&z1:2]-[O&D2&v2&H0&+0&!R:3]-[P&D4&v5&H0&+0&!R:5].[O&D1&v2&H1&+0&!R:4]	Any;Any
262_1	Any;PHOSPHATE_DONOR_CoF	[C&D1&v4&H3&+0&!R&z0:1]-[C&D3&v4&H0&+0&!R&z1:2]=[O&D1&v2&H0&+0&!R:3].[O&D2&v2&H0&+0&!R:4]-[P&D4&v5&H0&+0&!R:5]>>[C&D1&v4&H2&+0&!R&z0:1]=[C&D3&v4&H0&+0&!R&z1:2]-[O&D2&v2&H0&+0&!R:3]-[P&D4&v5&H0&+0&!R:5].[O&D1&v2&H1&+0&!R:4]	Any;PHOSPHATE_ACCEPTOR_CoF
106_0	WATER;Any	[O&D0&v2&H2&+0&!R:1].[P&D4&v5&H0&+0&!R:2](=[O&D1&v2&H0&+0&!R:3])-[O&D2&v2&H0&+0&!R:4]~[*:5](~[O&D1&v2&H0&+0&!R:6])~[*:7]~[*:8]~[O&D1&v2&H0&+0&!R:9]>>[*:8](~[O&D1&v2&H0&+0&!R:9])~[*:7]~[*:5](~[O&D1&v2&H0&+0&!R:6])~[O&D1&v2&H1&+0&!R:4].[P&D4&v5&H0&+0&!R:2](=[O&D1&v2&H0&+0&!R:3])-[O&D1&v2&H1&+0&!R:1]	Any;Any
106_1	WATER;Any	[O&D0&v2&H2&+0&!R:1].[P&D4&v5&H0&+0&!R:2](=[O&D1&v2&H0&+0&!R:3])-[O&D2&v2&H0&+0&!R:4]~[*:5](~[O&D1&v2&H0&+0&!R:6])~[*:7]~[*:8]~[O&D1&v2&H0&+0&!R:9]>>[*:8](~[O&D1&v2&H0&+0&!R:9])~[*:7]~[*:5](~[O&D1&v2&H0&+0&!R:6])~[O&D1&v2&H1&+0&!R:4].[P&D4&v5&H0&+0&!R:2](=[O&D1&v2&H0&+0&!R:3])-[O&D1&v2&H1&+0&!R:1]	PPI;Any
106_2	WATER;PYROPHOSPHATE_DONOR_CoF	[O&D0&v2&H2&+0&!R:1].[P&D4&v5&H0&+0&!R:2](=[O&D1&v2&H0&+0&!R:3])-[O&D2&v2&H0&+0&!R:4]~[*:5](~[O&D1&v2&H0&+0&!R:6])~[*:7]~[*:8]~[O&D1&v2&H0&+0&!R:9]>>[*:8](~[O&D1&v2&H0&+0&!R:9])~[*:7]~[*:5](~[O&D1&v2&H0&+0&!R:6])~[O&D1&v2&H1&+0&!R:4].[P&D4&v5&H0&+0&!R:2](=[O&D1&v2&H0&+0&!R:3])-[O&D1&v2&H1&+0&!R:1]	PPI;PYROPHOSPHATE_ACCEPTOR_CoF
92_0	Any;WATER;Any;Any	[C&D2&v4&H2&+0&!R&z1:1]-[O&D1&v2&H1&+0&!R:2].[O&D0&v2&H2&+0&!R:3].[c&D3&v4&H0&+0&R&z0:4]1:[c&D2&v4&H1&+0&R&z0:5]:[c&D2&v4&H1&+0&R&z0:6]:[c&D2&v4&H1&+0&R&z1:7]:[n&D3&v4&H0&+&R:8]:[c&D2&v4&H1&+0&R&z1:9]:1.[c&D3&v4&H0&+0&R&z0:10]1:[c&D2&v4&H1&+0&R&z0:11]:[c&D2&v4&H1&+0&R&z0:12]:[c&D2&v4&H1&+0&R&z1:13]:[n&D3&v4&H0&+&R:14]:[c&D2&v4&H1&+0&R&z1:15]:1>>[C&D3&v4&H0&+0&R&z0:4]1=[C&D2&v4&H1&+0&R&z1:9]-[N&D3&v3&H0&+0&R:8]-[C&D2&v4&H1&+0&R&z1:7]=[C&D2&v4&H1&+0&R&z0:6]-[C&D2&v4&H2&+0&R&z0:5]-1.[C&D3&v4&H0&+0&R&z0:10]1=[C&D2&v4&H1&+0&R&z1:15]-[N&D3&v3&H0&+0&R:14]-[C&D2&v4&H1&+0&R&z1:13]=[C&D2&v4&H1&+0&R&z0:12]-[C&D2&v4&H2&+0&R&z0:11]-1.[O&D1&v2&H0&+0&!R:2]=[C&D3&v4&H0&+0&!R&z2:1]-[O&D1&v2&H1&+0&!R:3]	Any;Any;Any
92_1	Any;WATER;NAD_CoF;NAD_CoF	[C&D2&v4&H2&+0&!R&z1:1]-[O&D1&v2&H1&+0&!R:2].[O&D0&v2&H2&+0&!R:3].[c&D3&v4&H0&+0&R&z0:4]1:[c&D2&v4&H1&+0&R&z0:5]:[c&D2&v4&H1&+0&R&z0:6]:[c&D2&v4&H1&+0&R&z1:7]:[n&D3&v4&H0&+&R:8]:[c&D2&v4&H1&+0&R&z1:9]:1.[c&D3&v4&H0&+0&R&z0:10]1:[c&D2&v4&H1&+0&R&z0:11]:[c&D2&v4&H1&+0&R&z0:12]:[c&D2&v4&H1&+0&R&z1:13]:[n&D3&v4&H0&+&R:14]:[c&D2&v4&H1&+0&R&z1:15]:1>>[C&D3&v4&H0&+0&R&z0:4]1=[C&D2&v4&H1&+0&R&z1:9]-[N&D3&v3&H0&+0&R:8]-[C&D2&v4&H1&+0&R&z1:7]=[C&D2&v4&H1&+0&R&z0:6]-[C&D2&v4&H2&+0&R&z0:5]-1.[C&D3&v4&H0&+0&R&z0:10]1=[C&D2&v4&H1&+0&R&z1:15]-[N&D3&v3&H0&+0&R:14]-[C&D2&v4&H1&+0&R&z1:13]=[C&D2&v4&H1&+0&R&z0:12]-[C&D2&v4&H2&+0&R&z0:11]-1.[O&D1&v2&H0&+0&!R:2]=[C&D3&v4&H0&+0&!R&z2:1]-[O&D1&v2&H1&+0&!R:3]	NADH_CoF;NADH_CoF;Any
511_0	Any;Any	[*:1](~[O&D1&v2&H1&+0&!R:2])~[*:3]~[*:4](~[O&D1&v2&H1&+0&!R:5])~[*:6]~[P&D4&v5&H0&+0&!R:7](=[O&D1&v2&H0&+0&!R:8])(-[O&D1&v2&H1&+0&!R:9])-[O&D1&v2&H1&+0&!R:10].[O&D1&v2&H1&+0&!R:11]>>[O&D0&v2&H2&+0&!R:10].[O&D2&v2&H0&+0&!R:11]-[P&D4&v5&H0&+0&!R:7](=[O&D1&v2&H0&+0&!R:8])(-[O&D1&v2&H1&+0&!R:9])~[*:6]~[*:4](~[O&D1&v2&H1&+0&!R:5])~[*:3]~[*:1]~[O&D1&v2&H1&+0&!R:2]	WATER;Any
511_1	Any;Pi	[*:1](~[O&D1&v2&H1&+0&!R:2])~[*:3]~[*:4](~[O&D1&v2&H1&+0&!R:5])~[*:6]~[P&D4&v5&H0&+0&!R:7](=[O&D1&v2&H0&+0&!R:8])(-[O&D1&v2&H1&+0&!R:9])-[O&D1&v2&H1&+0&!R:10].[O&D1&v2&H1&+0&!R:11]>>[O&D0&v2&H2&+0&!R:10].[O&D2&v2&H0&+0&!R:11]-[P&D4&v5&H0&+0&!R:7](=[O&D1&v2&H0&+0&!R:8])(-[O&D1&v2&H1&+0&!R:9])~[*:6]~[*:4](~[O&D1&v2&H1&+0&!R:5])~[*:3]~[*:1]~[O&D1&v2&H1&+0&!R:2]	WATER;Any
511_2	PHOSPHATE_ACCEPTOR_CoF;Pi	[*:1](~[O&D1&v2&H1&+0&!R:2])~[*:3]~[*:4](~[O&D1&v2&H1&+0&!R:5])~[*:6]~[P&D4&v5&H0&+0&!R:7](=[O&D1&v2&H0&+0&!R:8])(-[O&D1&v2&H1&+0&!R:9])-[O&D1&v2&H1&+0&!R:10].[O&D1&v2&H1&+0&!R:11]>>[O&D0&v2&H2&+0&!R:10].[O&D2&v2&H0&+0&!R:11]-[P&D4&v5&H0&+0&!R:7](=[O&D1&v2&H0&+0&!R:8])(-[O&D1&v2&H1&+0&!R:9])~[*:6]~[*:4](~[O&D1&v2&H1&+0&!R:5])~[*:3]~[*:1]~[O&D1&v2&H1&+0&!R:2]	WATER;PHOSPHATE_DONOR_CoF
257_0	Any;Any;Any	[C&D3&v4&H0&+0&!R&z2:1](=[O&D1&v2&H0&+0&!R:2])-[O&D1&v2&H1&+0&!R:3].[O&D1&v2&H1&+0&!R:4].[P&D4&v5&H0&+0&!R:5](-[O&D1&v2&H1&+0&!R:6])-[O&D2&v2&H0&+0&!R:7]~[*:8]~[O&D1&v2&H1&+0&!R:9]>>[*:8](~[O&D1&v2&H1&+0&!R:7])~[O&D1&v2&H1&+0&!R:9].[O&D2&v2&H0&+0&!R:4]-[C&D3&v4&H0&+0&!R&z2:1]=[O&D1&v2&H0&+0&!R:2].[P&D4&v5&H0&+0&!R:5](-[O&D1&v2&H1&+0&!R:3])-[O&D1&v2&H1&+0&!R:6]	PPI;Any;Any
257_1	Any;Any;Any	[C&D3&v4&H0&+0&!R&z2:1](=[O&D1&v2&H0&+0&!R:2])-[O&D1&v2&H1&+0&!R:3].[O&D1&v2&H1&+0&!R:4].[P&D4&v5&H0&+0&!R:5](-[O&D1&v2&H1&+0&!R:6])-[O&D2&v2&H0&+0&!R:7]~[*:8]~[O&D1&v2&H1&+0&!R:9]>>[*:8](~[O&D1&v2&H1&+0&!R:7])~[O&D1&v2&H1&+0&!R:9].[O&D2&v2&H0&+0&!R:4]-[C&D3&v4&H0&+0&!R&z2:1]=[O&D1&v2&H0&+0&!R:2].[P&D4&v5&H0&+0&!R:5](-[O&D1&v2&H1&+0&!R:3])-[O&D1&v2&H1&+0&!R:6]	Pi;Any;Any
257_2	Any;Any;PHOSPHATE_DONOR_CoF	[C&D3&v4&H0&+0&!R&z2:1](=[O&D1&v2&H0&+0&!R:2])-[O&D1&v2&H1&+0&!R:3].[O&D1&v2&H1&+0&!R:4].[P&D4&v5&H0&+0&!R:5](-[O&D1&v2&H1&+0&!R:6])-[O&D2&v2&H0&+0&!R:7]~[*:8]~[O&D1&v2&H1&+0&!R:9]>>[*:8](~[O&D1&v2&H1&+0&!R:7])~[O&D1&v2&H1&+0&!R:9].[O&D2&v2&H0&+0&!R:4]-[C&D3&v4&H0&+0&!R&z2:1]=[O&D1&v2&H0&+0&!R:2].[P&D4&v5&H0&+0&!R:5](-[O&D1&v2&H1&+0&!R:3])-[O&D1&v2&H1&+0&!R:6]	Pi;Any;PHOSPHATE_ACCEPTOR_CoF
257_3	Any;Any;PYROPHOSPHATE_DONOR_CoF	[C&D3&v4&H0&+0&!R&z2:1](=[O&D1&v2&H0&+0&!R:2])-[O&D1&v2&H1&+0&!R:3].[O&D1&v2&H1&+0&!R:4].[P&D4&v5&H0&+0&!R:5](-[O&D1&v2&H1&+0&!R:6])-[O&D2&v2&H0&+0&!R:7]~[*:8]~[O&D1&v2&H1&+0&!R:9]>>[*:8](~[O&D1&v2&H1&+0&!R:7])~[O&D1&v2&H1&+0&!R:9].[O&D2&v2&H0&+0&!R:4]-[C&D3&v4&H0&+0&!R&z2:1]=[O&D1&v2&H0&+0&!R:2].[P&D4&v5&H0&+0&!R:5](-[O&D1&v2&H1&+0&!R:3])-[O&D1&v2&H1&+0&!R:6]	PPI;Any;PYROPHOSPHATE_ACCEPTOR_CoF
365_0	WATER;Any	[O&D0&v2&H2&+0&!R:1].[O&D2&v2&H0&+0&R:2]-[C&D3&v4&H1&+0&R&z1:3]>>([C&D3&v4&H1&+0&R&z1:3]-[O&D1&v2&H1&+0&!R:1].[O&D1&v2&H1&+0&!R:2])	Any
164_0	Any	[C&D4&v4&H0&+0&!R&z1:1](-[O&D1&v2&H1&+0&!R:2])-[C&D2&v4&H0&+0&!R&z1:3]>>[C&D1&v4&H1&+0&!R&z1:3].[C&D3&v4&H0&+0&!R&z1:1]=[O&D1&v2&H0&+0&!R:2]	HCN;Any
243_0	WATER;Any	[O&D0&v2&H2&+0&!R:1].[O&D2&v2&H0&+0&!R:2]-[P&D4&v5&H0&+0&!R:3](-[O&D1&v2&H1&+0&!R:4])~[*:5]~[*:6]~[*:7]~[O&D1&v2&H1&+0&!R:8]>>[O&D1&v2&H1&+0&!R:2].[P&D4&v5&H0&+0&!R:3](-[O&D1&v2&H1&+0&!R:4])(-[O&D1&v2&H1&+0&!R:1])~[*:5]~[*:6]~[*:7]~[O&D1&v2&H1&+0&!R:8]	Any;Any
243_1	WATER;Any	[O&D0&v2&H2&+0&!R:1].[O&D2&v2&H0&+0&!R:2]-[P&D4&v5&H0&+0&!R:3](-[O&D1&v2&H1&+0&!R:4])~[*:5]~[*:6]~[*:7]~[O&D1&v2&H1&+0&!R:8]>>[O&D1&v2&H1&+0&!R:2].[P&D4&v5&H0&+0&!R:3](-[O&D1&v2&H1&+0&!R:4])(-[O&D1&v2&H1&+0&!R:1])~[*:5]~[*:6]~[*:7]~[O&D1&v2&H1&+0&!R:8]	Pi;Any
197_0	Any	[C&D3&v4&H0&+0&!R&z2:1](-[O&D1&v2&H1&+0&!R:2])-[c&D3&v4&H0&+0&R&z0:3]:[c&D3&v4&H0&+0&R&z1:4]-[N&D2&v3&H1&+0&!R:5]-[C&D2&v4&H2&+0&!R&z1:6]-[C&D3&v4&H0&+0&!R&z1:7]=[O&D1&v2&H0&+0&!R:8]>>[O&D0&v2&H2&+0&!R:8].[O&D1&v2&H0&+0&!R:2]=[C&D2&v4&H0&+0&!R&z2:1].[c&D3&v4&H0&+0&R&z0:7]1:[c&D2&v4&H1&+0&R&z1:6]:[n&D2&v3&H1&+0&R:5]:[c&D3&v4&H0&+0&R&z1:4]:[c&D3&v4&H0&+0&R&z0:3]:1	WATER;CO2;Any
285_0	Any;Any	[N&D2&v3&H1&+0&!R:1].[O&D1&v2&H0&+0&!R:2]=[C&D2&v4&H1&+0&!R&z2:3]-[N&D2&v3&H1&+0&!R:4]>>[N&D1&v3&H2&+0&!R:4].[N&D3&v3&H0&+0&!R:1]-[C&D2&v4&H1&+0&!R&z2:3]=[O&D1&v2&H0&+0&!R:2]	Any;Any
285_1	Any;FORMYL_DONOR_CoF	[N&D2&v3&H1&+0&!R:1].[O&D1&v2&H0&+0&!R:2]=[C&D2&v4&H1&+0&!R&z2:3]-[N&D2&v3&H1&+0&!R:4]>>[N&D1&v3&H2&+0&!R:4].[N&D3&v3&H0&+0&!R:1]-[C&D2&v4&H1&+0&!R&z2:3]=[O&D1&v2&H0&+0&!R:2]	FORMYL_ACCEPTOR_CoF;Any
285_2	FORMYL_ACCEPTOR_CoF;Any	[N&D2&v3&H1&+0&!R:1].[O&D1&v2&H0&+0&!R:2]=[C&D2&v4&H1&+0&!R&z2:3]-[N&D2&v3&H1&+0&!R:4]>>[N&D1&v3&H2&+0&!R:4].[N&D3&v3&H0&+0&!R:1]-[C&D2&v4&H1&+0&!R&z2:3]=[O&D1&v2&H0&+0&!R:2]	Any;FORMYL_DONOR_CoF
285_3	FORMYL_ACCEPTOR_CoF;FORMYL_DONOR_CoF	[N&D2&v3&H1&+0&!R:1].[O&D1&v2&H0&+0&!R:2]=[C&D2&v4&H1&+0&!R&z2:3]-[N&D2&v3&H1&+0&!R:4]>>[N&D1&v3&H2&+0&!R:4].[N&D3&v3&H0&+0&!R:1]-[C&D2&v4&H1&+0&!R&z2:3]=[O&D1&v2&H0&+0&!R:2]	FORMYL_ACCEPTOR_CoF;FORMYL_DONOR_CoF
260_0	Any	[O&D1&v2&H0&+0&!R:1]=[C&D2&v4&H1&+0&!R&z1:2]-[C&D3&v4&H1&+0&!R&z1:3]-[O&D1&v2&H1&+0&!R:4]>>[O&D1&v2&H0&+0&!R:4]=[C&D3&v4&H0&+0&!R&z1:3]-[C&D2&v4&H2&+0&!R&z1:2]-[O&D1&v2&H1&+0&!R:1]	Any
65_0	Any;Any;NH3	[C&D3&v4&H0&+0&!R&z1:1]=[O&D1&v2&H0&+0&!R:2].[C&D3&v4&H0&+0&R&z0:3]1=[C&D2&v4&H1&+0&R&z1:4]-[N&D3&v3&H0&+0&R:5]-[C&D2&v4&H1&+0&R&z1:6]=[C&D2&v4&H1&+0&R&z0:7]-[C&D2&v4&H2&+0&R&z0:8]-1.[N&D0&v3&H3&+0&!R:9]>>[C&D3&v4&H1&+0&!R&z1:1]-[N&D1&v3&H2&+0&!R:9].[O&D0&v2&H2&+0&!R:2].[c&D3&v4&H0&+0&R&z0:3]1:[c&D2&v4&H1&+0&R&z0:8]:[c&D2&v4&H1&+0&R&z0:7]:[c&D2&v4&H1&+0&R&z1:6]:[n&D3&v4&H0&+&R:5]:[c&D2&v4&H1&+0&R&z1:4]:1	Any;WATER;Any
65_1	Any;NADH_CoF;NH3	[C&D3&v4&H0&+0&!R&z1:1]=[O&D1&v2&H0&+0&!R:2].[C&D3&v4&H0&+0&R&z0:3]1=[C&D2&v4&H1&+0&R&z1:4]-[N&D3&v3&H0&+0&R:5]-[C&D2&v4&H1&+0&R&z1:6]=[C&D2&v4&H1&+0&R&z0:7]-[C&D2&v4&H2&+0&R&z0:8]-1.[N&D0&v3&H3&+0&!R:9]>>[C&D3&v4&H1&+0&!R&z1:1]-[N&D1&v3&H2&+0&!R:9].[O&D0&v2&H2&+0&!R:2].[c&D3&v4&H0&+0&R&z0:3]1:[c&D2&v4&H1&+0&R&z0:8]:[c&D2&v4&H1&+0&R&z0:7]:[c&D2&v4&H1&+0&R&z1:6]:[n&D3&v4&H0&+&R:5]:[c&D2&v4&H1&+0&R&z1:4]:1	Any;WATER;NAD_CoF
65_2	CARBONYL_CoF;NADH_CoF;NH3	[C&D3&v4&H0&+0&!R&z1:1]=[O&D1&v2&H0&+0&!R:2].[C&D3&v4&H0&+0&R&z0:3]1=[C&D2&v4&H1&+0&R&z1:4]-[N&D3&v3&H0&+0&R:5]-[C&D2&v4&H1&+0&R&z1:6]=[C&D2&v4&H1&+0&R&z0:7]-[C&D2&v4&H2&+0&R&z0:8]-1.[N&D0&v3&H3&+0&!R:9]>>[C&D3&v4&H1&+0&!R&z1:1]-[N&D1&v3&H2&+0&!R:9].[O&D0&v2&H2&+0&!R:2].[c&D3&v4&H0&+0&R&z0:3]1:[c&D2&v4&H1&+0&R&z0:8]:[c&D2&v4&H1&+0&R&z0:7]:[c&D2&v4&H1&+0&R&z1:6]:[n&D3&v4&H0&+&R:5]:[c&D2&v4&H1&+0&R&z1:4]:1	AMINO_CoF;WATER;NAD_CoF
473_0	Any	([O&D1&v2&H0&+0&!R:1]=[C&D3&v4&H0&+0&R&z2:2]-[O&D2&v2&H0&+0&R:3].[O&D1&v2&H1&+0&!R:4])>>([O&D1&v2&H0&+0&!R:1]=[C&D3&v4&H0&+0&R&z2:2]-[O&D2&v2&H0&+0&R:4].[O&D1&v2&H1&+0&!R:3])	Any
147_0	Any	([C&D3&v4&H0&+0&R&z1:1]=[O&D1&v2&H0&+0&!R:2].[O&D1&v2&H1&+0&!R:3])>>[C&D3&v4&H1&+0&R&z1:1]-[O&D2&v2&H0&+0&R:2]-[O&D2&v2&H0&+0&R:3]	Any
330_0	Any;Any	[C&D1&v4&H3&+0&!R&z0:1]-[C&D3&v4&H0&+0&!R&z1:2]=[O&D1&v2&H0&+0&!R:3].[O&D1&v2&H0&+0&!R:4]=[C&D2&v4&H1&+0&!R&z1:5]>>[C&D3&v4&H0&+0&!R&z1:2](=[O&D1&v2&H0&+0&!R:3])-[C&D2&v4&H2&+0&!R&z0:1]-[C&D3&v4&H1&+0&!R&z1:5]-[O&D1&v2&H1&+0&!R:4]	Any
109_0	CO2;Any	[O&D1&v2&H0&+0&!R:1]=[C&D2&v4&H0&+0&!R&z2:2].([S&D1&v2&H1&+0&!R:3].[S&D2&v2&H0&+0&!R:4]-[C&D3&v4&H0&+0&!R&z2:5]=[O&D1&v2&H0&+0&!R:6])>>[C&D3&v4&H0&+0&!R&z1:5](=[O&D1&v2&H0&+0&!R:6])-[C&D3&v4&H0&+0&!R&z2:2]-[O&D1&v2&H1&+0&!R:1].[S&D2&v2&H0&+0&R:4]-[S&D2&v2&H0&+0&R:3]	Any;Any
198_0	WATER;CO2;Any	[O&D0&v2&H2&+0&!R:1].[O&D1&v2&H0&+0&!R:2]=[C&D2&v4&H0&+0&!R&z2:3].[c&D3&v4&H0&+0&R&z0:4]1:[c&D2&v4&H1&+0&R&z1:5]:[n&D2&v3&H1&+0&R:6]:[c&D3&v4&H0&+0&R&z1:7]:[c&D3&v4&H0&+0&R&z0:8]:1>>[C&D3&v4&H0&+0&!R&z2:3](-[O&D1&v2&H1&+0&!R:2])-[c&D3&v4&H0&+0&R&z0:8]:[c&D3&v4&H0&+0&R&z1:7]-[N&D2&v3&H1&+0&!R:6]-[C&D2&v4&H2&+0&!R&z1:5]-[C&D3&v4&H0&+0&!R&z1:4]=[O&D1&v2&H0&+0&!R:1]	Any
347_0	Any;Any;Any;Any	[N&D4&v4&H0&+&!R:1](-[C&D1&v4&H3&+0&!R&z1:2])(-[C&D1&v4&H3&+0&!R&z1:3])-[C&D1&v4&H3&+0&!R&z1:4].[S&D2&v2&H0&+0&!R:5].[S&D2&v2&H0&+0&!R:6].[S&D2&v2&H0&+0&!R:7]>>[C&D1&v4&H3&+0&!R&z1:3]-[S&D3&v3&H0&+&!R:5].[C&D1&v4&H3&+0&!R&z1:2]-[S&D3&v3&H0&+&!R:6].[C&D1&v4&H3&+0&!R&z1:4]-[S&D3&v3&H0&+&!R:7].[N&D1&v3&H2&+0&!R:1]	Any;Any;Any;Any
347_1	Any;METHYL_ACCEPTOR_CoF;METHYL_ACCEPTOR_CoF;METHYL_ACCEPTOR_CoF	[N&D4&v4&H0&+&!R:1](-[C&D1&v4&H3&+0&!R&z1:2])(-[C&D1&v4&H3&+0&!R&z1:3])-[C&D1&v4&H3&+0&!R&z1:4].[S&D2&v2&H0&+0&!R:5].[S&D2&v2&H0&+0&!R:6].[S&D2&v2&H0&+0&!R:7]>>[C&D1&v4&H3&+0&!R&z1:3]-[S&D3&v3&H0&+&!R:5].[C&D1&v4&H3&+0&!R&z1:2]-[S&D3&v3&H0&+&!R:6].[C&D1&v4&H3&+0&!R&z1:4]-[S&D3&v3&H0&+&!R:7].[N&D1&v3&H2&+0&!R:1]	METHYL_DONOR_CoF;METHYL_DONOR_CoF;METHYL_DONOR_CoF;Any
100_0	Any;WATER	[N&D1&v3&H2&+0&!R:1]-[c&D3&v4&H0&+0&R&z2:2]:[n&D2&v3&H0&+0&R:3].[O&D0&v2&H2&+0&!R:4]>>[N&D0&v3&H3&+0&!R:1].[O&D1&v2&H0&+0&!R:4]=[c&D3&v4&H0&+0&R&z2:2]:[n&D2&v3&H1&+0&R:3]	NH3;Any
128_0	Any;WATER	[C&D2&v4&H1&+0&!R&z0:1]=[C&D2&v4&H1&+0&!R&z0:2]-[C&D2&v4&H1&+0&!R&z0:3]=[C&D2&v4&H1&+0&!R&z0:4]-[C&D2&v4&H1&+0&!R&z0:5]=[C&D2&v4&H1&+0&!R&z0:6]-[C&D3&v4&H1&+0&R&z1:7]-[O&D2&v2&H0&+0&R:8].[O&D0&v2&H2&+0&!R:9]>>([C&D3&v4&H1&+0&!R&z1:1](-[O&D1&v2&H1&+0&!R:9])-[C&D2&v4&H1&+0&!R&z0:2]=[C&D2&v4&H1&+0&!R&z0:3]-[C&D2&v4&H1&+0&!R&z0:4]=[C&D2&v4&H1&+0&!R&z0:5]-[C&D2&v4&H1&+0&!R&z0:6]=[C&D2&v4&H1&+0&!R&z0:7].[O&D1&v2&H1&+0&!R:8])	Any
155_0	Any;Any;Pi	[*:1](~[O&D1&v2&H1&+0&!R:2])~[*:3]~[*:4](~[O&D1&v2&H1&+0&!R:5])~[O&D1&v2&H1&+0&!R:6].[C&D3&v4&H1&+0&!R&z0:7](-[C&D3&v4&H0&+0&!R&z2:8](=[O&D1&v2&H0&+0&!R:9])-[O&D1&v2&H1&+0&!R:10])-[C&D3&v4&H0&+0&!R&z2:11]=[O&D1&v2&H0&+0&!R:12].[P&D4&v5&H0&+0&!R:13](-[O&D1&v2&H1&+0&!R:14])-[O&D1&v2&H1&+0&!R:15]>>[*:1](~[O&D1&v2&H1&+0&!R:2])~[*:3]~[*:4](~[O&D1&v2&H1&+0&!R:5])~[O&D2&v2&H0&+0&!R:6]-[P&D4&v5&H0&+0&!R:13]-[O&D1&v2&H1&+0&!R:14].[C&D2&v4&H2&+0&!R&z0:7]-[C&D3&v4&H0&+0&!R&z2:11]=[O&D1&v2&H0&+0&!R:12].[O&D1&v2&H0&+0&!R:15]=[C&D3&v4&H0&+0&!R&z3:8](-[O&D1&v2&H1&+0&!R:9])-[O&D1&v2&H1&+0&!R:10]	Any;Any;CO3
155_1	PHOSPHATE_ACCEPTOR_CoF;Any;Pi	[*:1](~[O&D1&v2&H1&+0&!R:2])~[*:3]~[*:4](~[O&D1&v2&H1&+0&!R:5])~[O&D1&v2&H1&+0&!R:6].[C&D3&v4&H1&+0&!R&z0:7](-[C&D3&v4&H0&+0&!R&z2:8](=[O&D1&v2&H0&+0&!R:9])-[O&D1&v2&H1&+0&!R:10])-[C&D3&v4&H0&+0&!R&z2:11]=[O&D1&v2&H0&+0&!R:12].[P&D4&v5&H0&+0&!R:13](-[O&D1&v2&H1&+0&!R:14])-[O&D1&v2&H1&+0&!R:15]>>[*:1](~[O&D1&v2&H1&+0&!R:2])~[*:3]~[*:4](~[O&D1&v2&H1&+0&!R:5])~[O&D2&v2&H0&+0&!R:6]-[P&D4&v5&H0&+0&!R:13]-[O&D1&v2&H1&+0&!R:14].[C&D2&v4&H2&+0&!R&z0:7]-[C&D3&v4&H0&+0&!R&z2:11]=[O&D1&v2&H0&+0&!R:12].[O&D1&v2&H0&+0&!R:15]=[C&D3&v4&H0&+0&!R&z3:8](-[O&D1&v2&H1&+0&!R:9])-[O&D1&v2&H1&+0&!R:10]	PHOSPHATE_DONOR_CoF;Any;CO3
87_0	Any;Any	[*:1](~[O&D1&v2&H0&+0&!R:2])~[*:3]~[*:4](~[O&D1&v2&H0&+0&!R:5])~[O&D1&v2&H1&+0&!R:6].[N&D2&v3&H1&+0&!R:7]-[P&D4&v5&H0&+0&!R:8]>>[*:1](~[O&D1&v2&H0&+0&!R:2])~[*:3]~[*:4](~[O&D1&v2&H0&+0&!R:5])~[O&D2&v2&H0&+0&!R:6]-[P&D4&v5&H0&+0&!R:8].[N&D1&v3&H2&+0&!R:7]	Any;Any
87_1	PHOSPHATE_ACCEPTOR_CoF;Any	[*:1](~[O&D1&v2&H0&+0&!R:2])~[*:3]~[*:4](~[O&D1&v2&H0&+0&!R:5])~[O&D1&v2&H1&+0&!R:6].[N&D2&v3&H1&+0&!R:7]-[P&D4&v5&H0&+0&!R:8]>>[*:1](~[O&D1&v2&H0&+0&!R:2])~[*:3]~[*:4](~[O&D1&v2&H0&+0&!R:5])~[O&D2&v2&H0&+0&!R:6]-[P&D4&v5&H0&+0&!R:8].[N&D1&v3&H2&+0&!R:7]	PHOSPHATE_DONOR_CoF;Any
87_2	PPI;Any	[*:1](~[O&D1&v2&H0&+0&!R:2])~[*:3]~[*:4](~[O&D1&v2&H0&+0&!R:5])~[O&D1&v2&H1&+0&!R:6].[N&D2&v3&H1&+0&!R:7]-[P&D4&v5&H0&+0&!R:8]>>[*:1](~[O&D1&v2&H0&+0&!R:2])~[*:3]~[*:4](~[O&D1&v2&H0&+0&!R:5])~[O&D2&v2&H0&+0&!R:6]-[P&D4&v5&H0&+0&!R:8].[N&D1&v3&H2&+0&!R:7]	Any;Any
63_0	Any;Any;Pi	[*:1](~[N&D2&v3&H1&+0&!R:2]-[c&D3&v4&H0&+0&R&z2:3]:[n&D2&v3&H0&+0&R:4])~[*:5]~[O&D1&v2&H1&+0&!R:6].[O&D1&v2&H1&+0&!R:7].[P&D4&v5&H0&+0&!R:8](-[O&D1&v2&H1&+0&!R:9])-[O&D1&v2&H1&+0&!R:10]>>[N&D1&v3&H2&+0&!R:2]~[*:1]~[*:5]~[O&D1&v2&H1&+0&!R:6].[O&D1&v2&H0&+0&!R:10]=[c&D3&v4&H0&+0&R&z2:3]:[n&D2&v3&H1&+0&R:4].[O&D2&v2&H0&+0&!R:7]-[P&D4&v5&H0&+0&!R:8]-[O&D1&v2&H1&+0&!R:9]	Any;Any;Any
63_1	Any;PHOSPHATE_ACCEPTOR_CoF;Pi	[*:1](~[N&D2&v3&H1&+0&!R:2]-[c&D3&v4&H0&+0&R&z2:3]:[n&D2&v3&H0&+0&R:4])~[*:5]~[O&D1&v2&H1&+0&!R:6].[O&D1&v2&H1&+0&!R:7].[P&D4&v5&H0&+0&!R:8](-[O&D1&v2&H1&+0&!R:9])-[O&D1&v2&H1&+0&!R:10]>>[N&D1&v3&H2&+0&!R:2]~[*:1]~[*:5]~[O&D1&v2&H1&+0&!R:6].[O&D1&v2&H0&+0&!R:10]=[c&D3&v4&H0&+0&R&z2:3]:[n&D2&v3&H1&+0&R:4].[O&D2&v2&H0&+0&!R:7]-[P&D4&v5&H0&+0&!R:8]-[O&D1&v2&H1&+0&!R:9]	Any;Any;PHOSPHATE_DONOR_CoF
236_0	Any;ACETYL-COA	[S&D1&v2&H1&+0&!R:1].[S&D2&v2&H0&+0&!R:2]-[C&D3&v4&H0&+0&!R&z2:3]=[O&D1&v2&H0&+0&!R:4]>>[S&D1&v2&H1&+0&!R:2].[S&D2&v2&H0&+0&!R:1]-[C&D3&v4&H0&+0&!R&z2:3]=[O&D1&v2&H0&+0&!R:4]	CoA;Any
236_1	Any;Any	[S&D1&v2&H1&+0&!R:1].[S&D2&v2&H0&+0&!R:2]-[C&D3&v4&H0&+0&!R&z2:3]=[O&D1&v2&H0&+0&!R:4]>>[S&D1&v2&H1&+0&!R:2].[S&D2&v2&H0&+0&!R:1]-[C&D3&v4&H0&+0&!R&z2:3]=[O&D1&v2&H0&+0&!R:4]	Any;Any
236_2	Any;Any	[S&D1&v2&H1&+0&!R:1].[S&D2&v2&H0&+0&!R:2]-[C&D3&v4&H0&+0&!R&z2:3]=[O&D1&v2&H0&+0&!R:4]>>[S&D1&v2&H1&+0&!R:2].[S&D2&v2&H0&+0&!R:1]-[C&D3&v4&H0&+0&!R&z2:3]=[O&D1&v2&H0&+0&!R:4]	CoA;Any
236_3	CoA;Any	[S&D1&v2&H1&+0&!R:1].[S&D2&v2&H0&+0&!R:2]-[C&D3&v4&H0&+0&!R&z2:3]=[O&D1&v2&H0&+0&!R:4]>>[S&D1&v2&H1&+0&!R:2].[S&D2&v2&H0&+0&!R:1]-[C&D3&v4&H0&+0&!R&z2:3]=[O&D1&v2&H0&+0&!R:4]	Any;ACETYL-COA
236_4	CoA;Any	[S&D1&v2&H1&+0&!R:1].[S&D2&v2&H0&+0&!R:2]-[C&D3&v4&H0&+0&!R&z2:3]=[O&D1&v2&H0&+0&!R:4]>>[S&D1&v2&H1&+0&!R:2].[S&D2&v2&H0&+0&!R:1]-[C&D3&v4&H0&+0&!R&z2:3]=[O&D1&v2&H0&+0&!R:4]	Any;Any
108_0	Any;Any	[C&D3&v4&H0&+0&!R&z1:1](=[O&D1&v2&H0&+0&!R:2])-[C&D3&v4&H0&+0&!R&z2:3]-[O&D1&v2&H1&+0&!R:4].[S&D2&v2&H0&+0&R:5]-[S&D2&v2&H0&+0&R:6]>>[O&D1&v2&H0&+0&!R:4]=[C&D2&v4&H0&+0&!R&z2:3].([S&D1&v2&H1&+0&!R:6].[S&D2&v2&H0&+0&!R:5]-[C&D3&v4&H0&+0&!R&z2:1]=[O&D1&v2&H0&+0&!R:2])	CO2;Any
69_0	Any;Any	[C&D2&v4&H1&+0&!R&z1:1]=[O&D1&v2&H0&+0&!R:2].[O&D1&v2&H0&+0&!R:3]~[*:4]~[C&D2&v4&H2&+0&!R&z1:5]>>[C&D3&v4&H1&+0&!R&z1:1](-[O&D1&v2&H1&+0&!R:2])-[C&D3&v4&H1&+0&!R&z1:5]~[*:4]~[O&D1&v2&H0&+0&!R:3]	Any
424_0	Any;Any	[N&D1&v3&H2&+0&!R:1]-[C&D3&v4&H1&+0&!R&z1:2]-[C&D2&v4&H2&+0&!R&z0:3]-[C&D2&v4&H2&+0&!R&z1:4]-[S&D2&v2&H0&+0&!R:5].[O&D1&v2&H1&+0&!R:6]>>[N&D1&v3&H2&+0&!R:1]-[C&D3&v4&H1&+0&!R&z1:2]-[C&D2&v4&H2&+0&!R&z0:3]-[C&D2&v4&H2&+0&!R&z1:4]-[O&D2&v2&H0&+0&!R:6].[S&D1&v2&H1&+0&!R:5]	Any;Any
424_1	Any;Pi	[N&D1&v3&H2&+0&!R:1]-[C&D3&v4&H1&+0&!R&z1:2]-[C&D2&v4&H2&+0&!R&z0:3]-[C&D2&v4&H2&+0&!R&z1:4]-[S&D2&v2&H0&+0&!R:5].[O&D1&v2&H1&+0&!R:6]>>[N&D1&v3&H2&+0&!R:1]-[C&D3&v4&H1&+0&!R&z1:2]-[C&D2&v4&H2&+0&!R&z0:3]-[C&D2&v4&H2&+0&!R&z1:4]-[O&D2&v2&H0&+0&!R:6].[S&D1&v2&H1&+0&!R:5]	Any;Any
76_0	ACETYL-COA;Any;WATER	[C&D1&v4&H3&+0&!R&z0:1]-[C&D3&v4&H0&+0&!R&z2:2](=[O&D1&v2&H0&+0&!R:3])-[S&D2&v2&H0&+0&!R:4].[C&D3&v4&H0&+0&!R&z1:5]=[O&D1&v2&H0&+0&!R:6].[O&D0&v2&H2&+0&!R:7]>>[C&D4&v4&H0&+0&!R&z1:5](-[O&D1&v2&H1&+0&!R:6])-[C&D2&v4&H2&+0&!R&z0:1]-[C&D3&v4&H0&+0&!R&z2:2](=[O&D1&v2&H0&+0&!R:3])-[O&D1&v2&H1&+0&!R:7].[S&D1&v2&H1&+0&!R:4]	Any;CoA
76_1	Any;Any;WATER	[C&D1&v4&H3&+0&!R&z0:1]-[C&D3&v4&H0&+0&!R&z2:2](=[O&D1&v2&H0&+0&!R:3])-[S&D2&v2&H0&+0&!R:4].[C&D3&v4&H0&+0&!R&z1:5]=[O&D1&v2&H0&+0&!R:6].[O&D0&v2&H2&+0&!R:7]>>[C&D4&v4&H0&+0&!R&z1:5](-[O&D1&v2&H1&+0&!R:6])-[C&D2&v4&H2&+0&!R&z0:1]-[C&D3&v4&H0&+0&!R&z2:2](=[O&D1&v2&H0&+0&!R:3])-[O&D1&v2&H1&+0&!R:7].[S&D1&v2&H1&+0&!R:4]	Any;Any
482_0	Any;WATER	[*:1](~[O&D2&v2&H0&+0&!R:2]-[P&D4&v5&H0&+0&!R:3]-[O&D1&v2&H1&+0&!R:4])~[*:5]~[O&D1&v2&H1&+0&!R:6].[O&D0&v2&H2&+0&!R:7]>>[*:1](~[O&D1&v2&H1&+0&!R:2])~[*:5]~[O&D1&v2&H1&+0&!R:6].[P&D4&v5&H0&+0&!R:3](-[O&D1&v2&H1&+0&!R:4])-[O&D1&v2&H1&+0&!R:7]	Any;Any
482_1	Any;WATER	[*:1](~[O&D2&v2&H0&+0&!R:2]-[P&D4&v5&H0&+0&!R:3]-[O&D1&v2&H1&+0&!R:4])~[*:5]~[O&D1&v2&H1&+0&!R:6].[O&D0&v2&H2&+0&!R:7]>>[*:1](~[O&D1&v2&H1&+0&!R:2])~[*:5]~[O&D1&v2&H1&+0&!R:6].[P&D4&v5&H0&+0&!R:3](-[O&D1&v2&H1&+0&!R:4])-[O&D1&v2&H1&+0&!R:7]	Any;PPI
482_2	Any;WATER	[*:1](~[O&D2&v2&H0&+0&!R:2]-[P&D4&v5&H0&+0&!R:3]-[O&D1&v2&H1&+0&!R:4])~[*:5]~[O&D1&v2&H1&+0&!R:6].[O&D0&v2&H2&+0&!R:7]>>[*:1](~[O&D1&v2&H1&+0&!R:2])~[*:5]~[O&D1&v2&H1&+0&!R:6].[P&D4&v5&H0&+0&!R:3](-[O&D1&v2&H1&+0&!R:4])-[O&D1&v2&H1&+0&!R:7]	Any;Pi
482_3	GLUCOSYL_DONOR_CoF;WATER	[*:1](~[O&D2&v2&H0&+0&!R:2]-[P&D4&v5&H0&+0&!R:3]-[O&D1&v2&H1&+0&!R:4])~[*:5]~[O&D1&v2&H1&+0&!R:6].[O&D0&v2&H2&+0&!R:7]>>[*:1](~[O&D1&v2&H1&+0&!R:2])~[*:5]~[O&D1&v2&H1&+0&!R:6].[P&D4&v5&H0&+0&!R:3](-[O&D1&v2&H1&+0&!R:4])-[O&D1&v2&H1&+0&!R:7]	Any;GLUCOSYL_ACCEPTOR_CoF
482_4	PHOSPHATE_DONOR_CoF;WATER	[*:1](~[O&D2&v2&H0&+0&!R:2]-[P&D4&v5&H0&+0&!R:3]-[O&D1&v2&H1&+0&!R:4])~[*:5]~[O&D1&v2&H1&+0&!R:6].[O&D0&v2&H2&+0&!R:7]>>[*:1](~[O&D1&v2&H1&+0&!R:2])~[*:5]~[O&D1&v2&H1&+0&!R:6].[P&D4&v5&H0&+0&!R:3](-[O&D1&v2&H1&+0&!R:4])-[O&D1&v2&H1&+0&!R:7]	PHOSPHATE_ACCEPTOR_CoF;Pi
482_5	PYROPHOSPHATE_DONOR_CoF;WATER	[*:1](~[O&D2&v2&H0&+0&!R:2]-[P&D4&v5&H0&+0&!R:3]-[O&D1&v2&H1&+0&!R:4])~[*:5]~[O&D1&v2&H1&+0&!R:6].[O&D0&v2&H2&+0&!R:7]>>[*:1](~[O&D1&v2&H1&+0&!R:2])~[*:5]~[O&D1&v2&H1&+0&!R:6].[P&D4&v5&H0&+0&!R:3](-[O&D1&v2&H1&+0&!R:4])-[O&D1&v2&H1&+0&!R:7]	PYROPHOSPHATE_ACCEPTOR_CoF;PPI
374_0	Any;Any	[C&D1&v4&H3&+0&!R&z0:1]-[C&D3&v4&H0&+0&!R&z1:2](=[O&D1&v2&H0&+0&!R:3])~[*:4]~[O&D1&v2&H1&+0&!R:5].[C&D2&v4&H1&+0&!R&z1:6]=[O&D1&v2&H0&+0&!R:7]>>[C&D3&v4&H1&+0&!R&z1:6](-[O&D1&v2&H1&+0&!R:7])-[C&D2&v4&H2&+0&!R&z0:1]-[C&D3&v4&H0&+0&!R&z1:2](=[O&D1&v2&H0&+0&!R:3])~[*:4]~[O&D1&v2&H1&+0&!R:5]	Any
91_0	Any;Any	[*:1](~[O&D1&v2&H1&+0&!R:2])~[O&D2&v2&H0&+0&!R:3]-[C&D3&v4&H1&+0&R&z2:4]-[O&D2&v2&H0&+0&R:5].[n&D2&v3&H1&+0&R:6]>>[*:1](~[O&D1&v2&H1&+0&!R:3])~[O&D1&v2&H1&+0&!R:2].[n&D3&v3&H0&+0&R:6]-[C&D3&v4&H1&+0&R&z2:4]-[O&D2&v2&H0&+0&R:5]	Any;Any
91_1	Any;Any	[*:1](~[O&D1&v2&H1&+0&!R:2])~[O&D2&v2&H0&+0&!R:3]-[C&D3&v4&H1&+0&R&z2:4]-[O&D2&v2&H0&+0&R:5].[n&D2&v3&H1&+0&R:6]>>[*:1](~[O&D1&v2&H1&+0&!R:3])~[O&D1&v2&H1&+0&!R:2].[n&D3&v3&H0&+0&R:6]-[C&D3&v4&H1&+0&R&z2:4]-[O&D2&v2&H0&+0&R:5]	Pi;Any
348_0	Any;WATER;Any	[C&D1&v4&H2&+0&!R&z0:1]=[C&D3&v4&H0&+0&!R&z1:2]-[O&D2&v2&H0&+0&!R:3].[O&D0&v2&H2&+0&!R:4].([O&D1&v2&H0&+0&!R:5]=[C&D2&v4&H1&+0&!R&z1:6].[O&D1&v2&H1&+0&!R:7])>>[C&D4&v4&H0&+0&R&z2:2](-[O&D1&v2&H1&+0&!R:4])(-[C&D2&v4&H2&+0&R&z0:1]-[C&D3&v4&H1&+0&R&z1:6]-[O&D1&v2&H1&+0&!R:5])-[O&D2&v2&H0&+0&R:7].[O&D1&v2&H1&+0&!R:3]	Any;Pi
83_0	Any	[C&D3&v4&H0&+0&!R&z1:1](=[O&D1&v2&H0&+0&!R:2])-[C&D2&v4&H2&+0&!R&z0:3]-[C&D4&v4&H0&+0&R&z0:4]-[C&D2&v4&H1&+0&R&z0:5]=[C&D2&v4&H1&+0&R&z0:6]>>[C&D1&v4&H2&+0&!R&z0:3]=[C&D3&v4&H0&+0&!R&z1:1]-[O&D2&v2&H0&+0&!R:2]-[C&D3&v4&H1&+0&R&z1:6]-[C&D2&v4&H1&+0&R&z0:5]=[C&D3&v4&H0&+0&R&z0:4]	Any
305_0	CO3	[O&D1&v2&H0&+0&!R:1]=[C&D3&v4&H0&+0&!R&z3:2](-[O&D1&v2&H1&+0&!R:3])-[O&D1&v2&H1&+0&!R:4]>>[O&D0&v2&H2&+0&!R:4].[O&D1&v2&H0&+0&!R:1]=[C&D2&v4&H0&+0&!R&z2:2]=[O&D1&v2&H0&+0&!R:3]	WATER;CO2
476_0	Any	[C&D3&v4&H1&+0&!R&z0:1](-[C&D2&v4&H1&+0&!R&z0:2]=[C&D2&v4&H1&+0&!R&z0:3]-[C&D3&v4&H0&+0&!R&z1:4]=[O&D1&v2&H0&+0&!R:5])-[C&D3&v4&H0&+0&!R&z2:6]=[O&D1&v2&H0&+0&!R:7]>>[C&D3&v4&H0&+0&!R&z0:1](=[C&D2&v4&H1&+0&!R&z0:2]-[C&D2&v4&H1&+0&!R&z0:3]=[C&D3&v4&H0&+0&!R&z1:4]-[O&D1&v2&H1&+0&!R:5])-[C&D3&v4&H0&+0&!R&z2:6]=[O&D1&v2&H0&+0&!R:7]	Any
434_0	Any;Any	[O&D2&v2&H0&+0&!R:1]-[C&D3&v4&H1&+0&R&z2:2].[n&D2&v3&H1&+0&R:3]>>[O&D1&v2&H1&+0&!R:1].[n&D3&v3&H0&+0&R:3]-[C&D3&v4&H1&+0&R&z2:2]	Any;Any
320_0	Any;Any;NH3	[*:1](~[O&D1&v2&H1&+0&!R:2])~[O&D2&v2&H0&+0&!R:3]-[P&D4&v5&H0&+0&!R:4](=[O&D1&v2&H0&+0&!R:5])(-[O&D1&v2&H1&+0&!R:6])-[O&D1&v2&H1&+0&!R:7].[C&D3&v4&H0&+0&!R&z2:8]-[O&D1&v2&H1&+0&!R:9].[N&D0&v3&H3&+0&!R:10]>>[*:1](~[O&D1&v2&H1&+0&!R:2])~[O&D1&v2&H1&+0&!R:3].[N&D1&v3&H2&+0&!R:10]-[C&D3&v4&H0&+0&!R&z2:8].[O&D1&v2&H0&+0&!R:5]=[P&D4&v5&H0&+0&!R:4](-[O&D1&v2&H1&+0&!R:9])(-[O&D1&v2&H1&+0&!R:6])-[O&D1&v2&H1&+0&!R:7]	Any;Any;Pi
320_1	PHOSPHATE_DONOR_CoF;Any;NH3	[*:1](~[O&D1&v2&H1&+0&!R:2])~[O&D2&v2&H0&+0&!R:3]-[P&D4&v5&H0&+0&!R:4](=[O&D1&v2&H0&+0&!R:5])(-[O&D1&v2&H1&+0&!R:6])-[O&D1&v2&H1&+0&!R:7].[C&D3&v4&H0&+0&!R&z2:8]-[O&D1&v2&H1&+0&!R:9].[N&D0&v3&H3&+0&!R:10]>>[*:1](~[O&D1&v2&H1&+0&!R:2])~[O&D1&v2&H1&+0&!R:3].[N&D1&v3&H2&+0&!R:10]-[C&D3&v4&H0&+0&!R&z2:8].[O&D1&v2&H0&+0&!R:5]=[P&D4&v5&H0&+0&!R:4](-[O&D1&v2&H1&+0&!R:9])(-[O&D1&v2&H1&+0&!R:6])-[O&D1&v2&H1&+0&!R:7]	PHOSPHATE_ACCEPTOR_CoF;Any;Pi
359_0	WATER;Any	[O&D0&v2&H2&+0&!R:1].[O&D1&v2&H0&+0&!R:2]=[C&D3&v4&H0&+0&R&z2:3]-[N&D2&v3&H1&+0&R:4]>>([C&D3&v4&H0&+0&!R&z2:3](=[O&D1&v2&H0&+0&!R:2])-[O&D1&v2&H1&+0&!R:1].[N&D1&v3&H2&+0&!R:4])	Any
191_0	Any;Any	[*:1](~[O&D1&v2&H1&+0&!R:2])~[O&D2&v2&H0&+0&!R:3]-[P&D4&v5&H0&+0&!R:4](=[O&D1&v2&H0&+0&!R:5])(-[O&D1&v2&H1&+0&!R:6])-[O&D1&v2&H1&+0&!R:7].[O&D1&v2&H1&+0&!R:8]>>[*:1](~[O&D1&v2&H1&+0&!R:2])~[O&D1&v2&H1&+0&!R:3].[O&D2&v2&H0&+0&!R:8]-[P&D4&v5&H0&+0&!R:4](=[O&D1&v2&H0&+0&!R:6])(-[O&D1&v2&H1&+0&!R:7])-[O&D1&v2&H1&+0&!R:5]	Any;Any
191_1	PHOSPHATE_DONOR_CoF;Any	[*:1](~[O&D1&v2&H1&+0&!R:2])~[O&D2&v2&H0&+0&!R:3]-[P&D4&v5&H0&+0&!R:4](=[O&D1&v2&H0&+0&!R:5])(-[O&D1&v2&H1&+0&!R:6])-[O&D1&v2&H1&+0&!R:7].[O&D1&v2&H1&+0&!R:8]>>[*:1](~[O&D1&v2&H1&+0&!R:2])~[O&D1&v2&H1&+0&!R:3].[O&D2&v2&H0&+0&!R:8]-[P&D4&v5&H0&+0&!R:4](=[O&D1&v2&H0&+0&!R:6])(-[O&D1&v2&H1&+0&!R:7])-[O&D1&v2&H1&+0&!R:5]	PHOSPHATE_ACCEPTOR_CoF;Any
191_2	PPI;Any	[*:1](~[O&D1&v2&H1&+0&!R:2])~[O&D2&v2&H0&+0&!R:3]-[P&D4&v5&H0&+0&!R:4](=[O&D1&v2&H0&+0&!R:5])(-[O&D1&v2&H1&+0&!R:6])-[O&D1&v2&H1&+0&!R:7].[O&D1&v2&H1&+0&!R:8]>>[*:1](~[O&D1&v2&H1&+0&!R:2])~[O&D1&v2&H1&+0&!R:3].[O&D2&v2&H0&+0&!R:8]-[P&D4&v5&H0&+0&!R:4](=[O&D1&v2&H0&+0&!R:6])(-[O&D1&v2&H1&+0&!R:7])-[O&D1&v2&H1&+0&!R:5]	Pi;Any
177_0	Any;Any	[C&D3&v4&H1&+0&R&z1:1]-[C&D3&v4&H1&+0&R&z1:2](-[C&D3&v4&H1&+0&R&z1:3])-[O&D1&v2&H1&+0&!R:4].[c&D3&v4&H0&+0&R&z0:5]1:[c&D2&v4&H1&+0&R&z0:6]:[c&D2&v4&H1&+0&R&z0:7]:[c&D2&v4&H1&+0&R&z1:8]:[n&D3&v4&H0&+&R:9]:[c&D2&v4&H1&+0&R&z1:10]:1>>[C&D3&v4&H0&+0&R&z0:5]1=[C&D2&v4&H1&+0&R&z1:10]-[N&D3&v3&H0&+0&R:9]-[C&D2&v4&H1&+0&R&z1:8]=[C&D2&v4&H1&+0&R&z0:7]-[C&D2&v4&H2&+0&R&z0:6]-1.[C&D3&v4&H1&+0&R&z1:1]-[C&D3&v4&H0&+0&R&z1:2](-[C&D3&v4&H1&+0&R&z1:3])=[O&D1&v2&H0&+0&!R:4]	Any;Any
177_1	Any;NAD_CoF	[C&D3&v4&H1&+0&R&z1:1]-[C&D3&v4&H1&+0&R&z1:2](-[C&D3&v4&H1&+0&R&z1:3])-[O&D1&v2&H1&+0&!R:4].[c&D3&v4&H0&+0&R&z0:5]1:[c&D2&v4&H1&+0&R&z0:6]:[c&D2&v4&H1&+0&R&z0:7]:[c&D2&v4&H1&+0&R&z1:8]:[n&D3&v4&H0&+&R:9]:[c&D2&v4&H1&+0&R&z1:10]:1>>[C&D3&v4&H0&+0&R&z0:5]1=[C&D2&v4&H1&+0&R&z1:10]-[N&D3&v3&H0&+0&R:9]-[C&D2&v4&H1&+0&R&z1:8]=[C&D2&v4&H1&+0&R&z0:7]-[C&D2&v4&H2&+0&R&z0:6]-1.[C&D3&v4&H1&+0&R&z1:1]-[C&D3&v4&H0&+0&R&z1:2](-[C&D3&v4&H1&+0&R&z1:3])=[O&D1&v2&H0&+0&!R:4]	NADH_CoF;Any
381_0	Any;Any	[C&D2&v4&H2&+0&!R&z1:1]-[N&D2&v3&H1&+0&!R:2].[N&D1&v3&H2&+0&!R:3]>>[N&D1&v3&H2&+0&!R:2].[N&D2&v3&H1&+0&!R:3]-[C&D2&v4&H2&+0&!R&z1:1]	Any;Any
253_0	Any;WATER	[C&D2&v4&H1&+0&!R&z1:1]=[C&D2&v4&H1&+0&!R&z0:2]-[C&D3&v4&H0&+0&!R&z2:3]=[O&D1&v2&H0&+0&!R:4].[O&D0&v2&H2&+0&!R:5]>>[C&D3&v4&H1&+0&!R&z2:1](-[O&D1&v2&H1&+0&!R:5])-[C&D2&v4&H2&+0&!R&z0:2]-[C&D3&v4&H0&+0&!R&z2:3]=[O&D1&v2&H0&+0&!R:4]	Any
85_0	Any;Any	[*:1](~[O&D1&v2&H1&+0&!R:2])~[O&D1&v2&H1&+0&!R:3].[C&D1&v4&H3&+0&!R&z0:4]-[C&D3&v4&H0&+0&!R&z1:5](=[O&D1&v2&H0&+0&!R:6])-[C&D3&v4&H0&+0&!R&z1:7](=[O&D1&v2&H0&+0&!R:8])-[C&D3&v4&H1&+0&R&z1:9]-[N&D2&v3&H1&+0&R:10]>>[N&D2&v3&H0&+0&R:10]=[C&D3&v4&H0&+0&R&z1:9]-[C&D3&v4&H1&+0&!R&z1:7](-[O&D1&v2&H1&+0&!R:8])-[C&D3&v4&H1&+0&!R&z1:5](-[O&D1&v2&H1&+0&!R:6])-[C&D2&v4&H2&+0&!R&z1:4]-[O&D2&v2&H0&+0&!R:2]~[*:1]~[O&D1&v2&H1&+0&!R:3]	Any
266_0	Any;Any	[S&D2&v2&H0&+0&!R:1].[n&D3&v3&H0&+0&R:2]-[C&D1&v4&H3&+0&!R&z1:3]>>[C&D1&v4&H3&+0&!R&z1:3]-[S&D3&v3&H0&+&!R:1].[n&D2&v3&H1&+0&R:2]	Any;Any
266_1	METHYL_ACCEPTOR_CoF;Any	[S&D2&v2&H0&+0&!R:1].[n&D3&v3&H0&+0&R:2]-[C&D1&v4&H3&+0&!R&z1:3]>>[C&D1&v4&H3&+0&!R&z1:3]-[S&D3&v3&H0&+&!R:1].[n&D2&v3&H1&+0&R:2]	METHYL_DONOR_CoF;Any
179_0	Any;WATER	[C&D3&v4&H1&+0&R&z1:1](-[C&D1&v4&H3&+0&!R&z0:2])-[C&D3&v4&H0&+0&R&z1:3]=[O&D1&v2&H0&+0&!R:4].[O&D0&v2&H2&+0&!R:5]>>[C&D3&v4&H1&+0&R&z1:1](-[C&D2&v4&H2&+0&!R&z1:2]-[O&D1&v2&H1&+0&!R:5])-[C&D3&v4&H1&+0&R&z1:3]-[O&D1&v2&H1&+0&!R:4]	Any
464_0	Any;Any	[C&D4&v4&H0&+0&R&z2:1]-[O&D1&v2&H1&+0&!R:2].[O&D1&v2&H1&+0&!R:3]>>[O&D0&v2&H2&+0&!R:2].[O&D2&v2&H0&+0&!R:3]-[C&D4&v4&H0&+0&R&z2:1]	WATER;Any
187_0	Any;Any;Any	[C&D3&v4&H0&+0&!R&z2:1](=[O&D1&v2&H0&+0&!R:2])-[O&D2&v2&H0&+0&!R:3]~[*:4](~[C&D3&v4&H1&+0&R&z2:5]-[O&D1&v2&H1&+0&!R:6])~[*:7]~[O&D1&v2&H1&+0&!R:8].[N&D1&v3&H2&+0&!R:9].[n&D2&v3&H0&+0&R:10]>>[N&D2&v3&H1&+0&!R:9]-[C&D3&v4&H0&+0&!R&z2:1]=[O&D1&v2&H0&+0&!R:6].[O&D0&v2&H2&+0&!R:2].[n&D3&v4&H0&+&R:10]-[C&D3&v4&H1&+0&R&z2:5]~[*:4](~[*:7]~[O&D1&v2&H1&+0&!R:8])~[O&D1&v2&H1&+0&!R:3]	Any;WATER;Any
246_0	Any;Any	[C&D1&v4&H3&+0&!R&z0:1]-[C&D3&v4&H0&+0&!R&z1:2]=[O&D1&v2&H0&+0&!R:3].[N&D1&v3&H2&+0&!R:4]-[c&D3&v4&H0&+0&R&z1:5]1:[c&D2&v4&H1&+0&R&z0:6]:[c&D2&v4&H1&+0&R&z0:7]:[c&D3&v4&H0&+0&R&z0:8]:[c&D2&v4&H1&+0&R&z0:9]:[c&D2&v4&H1&+0&R&z0:10]:1>>[C&D1&v4&H2&+0&!R&z0:1]=[C&D3&v4&H0&+0&!R&z1:2]-[O&D2&v2&H0&+0&!R:3]-[C&D3&v4&H1&+0&R&z1:6]1-[C&D2&v4&H1&+0&R&z0:7]=[C&D3&v4&H0&+0&R&z0:8]-[C&D2&v4&H1&+0&R&z0:9]=[C&D2&v4&H1&+0&R&z0:10]-[C&D3&v4&H1&+0&R&z1:5]-1-[N&D1&v3&H2&+0&!R:4]	Any
333_0	WATER;Any;Any	[O&D0&v2&H2&+0&!R:1].[O&D1&v2&H1&+0&!R:2]-[c&D3&v4&H0&+0&R&z1:3]:[c&D3&v4&H0&+0&R&z1:4]-[O&D1&v2&H1&+0&!R:5].[c&D3&v4&H0&+0&R&z0:6]1:[c&D2&v4&H1&+0&R&z0:7]:[c&D2&v4&H1&+0&R&z0:8]:[c&D2&v4&H1&+0&R&z1:9]:[n&D3&v4&H0&+&R:10]:[c&D2&v4&H1&+0&R&z1:11]:1>>[C&D3&v4&H0&+0&R&z0:6]1=[C&D2&v4&H1&+0&R&z1:11]-[N&D3&v3&H0&+0&R:10]-[C&D2&v4&H1&+0&R&z1:9]=[C&D2&v4&H1&+0&R&z0:8]-[C&D2&v4&H2&+0&R&z0:7]-1.[O&D1&v2&H0&+0&!R:2]=[O&D1&v2&H0&+0&!R:1].[O&D1&v2&H1&+0&!R:5]-[c&D3&v4&H0&+0&R&z1:4]:[c&D2&v4&H1&+0&R&z0:3]	Any;O2;Any
333_1	WATER;Any;NAD_CoF	[O&D0&v2&H2&+0&!R:1].[O&D1&v2&H1&+0&!R:2]-[c&D3&v4&H0&+0&R&z1:3]:[c&D3&v4&H0&+0&R&z1:4]-[O&D1&v2&H1&+0&!R:5].[c&D3&v4&H0&+0&R&z0:6]1:[c&D2&v4&H1&+0&R&z0:7]:[c&D2&v4&H1&+0&R&z0:8]:[c&D2&v4&H1&+0&R&z1:9]:[n&D3&v4&H0&+&R:10]:[c&D2&v4&H1&+0&R&z1:11]:1>>[C&D3&v4&H0&+0&R&z0:6]1=[C&D2&v4&H1&+0&R&z1:11]-[N&D3&v3&H0&+0&R:10]-[C&D2&v4&H1&+0&R&z1:9]=[C&D2&v4&H1&+0&R&z0:8]-[C&D2&v4&H2&+0&R&z0:7]-1.[O&D1&v2&H0&+0&!R:2]=[O&D1&v2&H0&+0&!R:1].[O&D1&v2&H1&+0&!R:5]-[c&D3&v4&H0&+0&R&z1:4]:[c&D2&v4&H1&+0&R&z0:3]	NADH_CoF;O2;Any
93_0	Any;Any;Any	[C&D3&v4&H0&+0&R&z0:1]1=[C&D2&v4&H1&+0&R&z1:2]-[N&D3&v3&H0&+0&R:3]-[C&D2&v4&H1&+0&R&z1:4]=[C&D2&v4&H1&+0&R&z0:5]-[C&D2&v4&H2&+0&R&z0:6]-1.[C&D3&v4&H0&+0&R&z0:7]1=[C&D2&v4&H1&+0&R&z1:8]-[N&D3&v3&H0&+0&R:9]-[C&D2&v4&H1&+0&R&z1:10]=[C&D2&v4&H1&+0&R&z0:11]-[C&D2&v4&H2&+0&R&z0:12]-1.[O&D1&v2&H0&+0&!R:13]=[C&D3&v4&H0&+0&!R&z2:14]-[O&D1&v2&H1&+0&!R:15]>>[C&D2&v4&H2&+0&!R&z1:14]-[O&D1&v2&H1&+0&!R:13].[O&D0&v2&H2&+0&!R:15].[c&D3&v4&H0&+0&R&z0:1]1:[c&D2&v4&H1&+0&R&z0:6]:[c&D2&v4&H1&+0&R&z0:5]:[c&D2&v4&H1&+0&R&z1:4]:[n&D3&v4&H0&+&R:3]:[c&D2&v4&H1&+0&R&z1:2]:1.[c&D3&v4&H0&+0&R&z0:7]1:[c&D2&v4&H1&+0&R&z0:12]:[c&D2&v4&H1&+0&R&z0:11]:[c&D2&v4&H1&+0&R&z1:10]:[n&D3&v4&H0&+&R:9]:[c&D2&v4&H1&+0&R&z1:8]:1	Any;WATER;Any;Any
93_1	NADH_CoF;NADH_CoF;Any	[C&D3&v4&H0&+0&R&z0:1]1=[C&D2&v4&H1&+0&R&z1:2]-[N&D3&v3&H0&+0&R:3]-[C&D2&v4&H1&+0&R&z1:4]=[C&D2&v4&H1&+0&R&z0:5]-[C&D2&v4&H2&+0&R&z0:6]-1.[C&D3&v4&H0&+0&R&z0:7]1=[C&D2&v4&H1&+0&R&z1:8]-[N&D3&v3&H0&+0&R:9]-[C&D2&v4&H1&+0&R&z1:10]=[C&D2&v4&H1&+0&R&z0:11]-[C&D2&v4&H2&+0&R&z0:12]-1.[O&D1&v2&H0&+0&!R:13]=[C&D3&v4&H0&+0&!R&z2:14]-[O&D1&v2&H1&+0&!R:15]>>[C&D2&v4&H2&+0&!R&z1:14]-[O&D1&v2&H1&+0&!R:13].[O&D0&v2&H2&+0&!R:15].[c&D3&v4&H0&+0&R&z0:1]1:[c&D2&v4&H1&+0&R&z0:6]:[c&D2&v4&H1&+0&R&z0:5]:[c&D2&v4&H1&+0&R&z1:4]:[n&D3&v4&H0&+&R:3]:[c&D2&v4&H1&+0&R&z1:2]:1.[c&D3&v4&H0&+0&R&z0:7]1:[c&D2&v4&H1&+0&R&z0:12]:[c&D2&v4&H1&+0&R&z0:11]:[c&D2&v4&H1&+0&R&z1:10]:[n&D3&v4&H0&+&R:9]:[c&D2&v4&H1&+0&R&z1:8]:1	Any;WATER;NAD_CoF;NAD_CoF
515_0	Any;Any	[*:1](~[O&D1&v2&H1&+0&!R:2])~[*:3]~[*:4](~[O&D1&v2&H1&+0&!R:5])~[O&D1&v2&H1&+0&!R:6].[*:7](~[O&D1&v2&H1&+0&!R:8])~[O&D2&v2&H0&+0&!R:9]-[P&D4&v5&H0&+0&!R:10](-[O&D1&v2&H1&+0&!R:11])-[O&D1&v2&H1&+0&!R:12]>>[*:1](~[O&D1&v2&H1&+0&!R:2])~[*:3]~[*:4](~[O&D1&v2&H1&+0&!R:5])~[O&D2&v2&H0&+0&!R:6]-[P&D4&v5&H0&+0&!R:10](-[O&D1&v2&H1&+0&!R:12])-[O&D1&v2&H1&+0&!R:11].[*:7](~[O&D1&v2&H1&+0&!R:9])~[O&D1&v2&H1&+0&!R:8]	Any;Any
515_1	Any;Any	[*:1](~[O&D1&v2&H1&+0&!R:2])~[*:3]~[*:4](~[O&D1&v2&H1&+0&!R:5])~[O&D1&v2&H1&+0&!R:6].[*:7](~[O&D1&v2&H1&+0&!R:8])~[O&D2&v2&H0&+0&!R:9]-[P&D4&v5&H0&+0&!R:10](-[O&D1&v2&H1&+0&!R:11])-[O&D1&v2&H1&+0&!R:12]>>[*:1](~[O&D1&v2&H1&+0&!R:2])~[*:3]~[*:4](~[O&D1&v2&H1&+0&!R:5])~[O&D2&v2&H0&+0&!R:6]-[P&D4&v5&H0&+0&!R:10](-[O&D1&v2&H1&+0&!R:12])-[O&D1&v2&H1&+0&!R:11].[*:7](~[O&D1&v2&H1&+0&!R:9])~[O&D1&v2&H1&+0&!R:8]	Any;CO3
515_2	Any;PHOSPHATE_DONOR_CoF	[*:1](~[O&D1&v2&H1&+0&!R:2])~[*:3]~[*:4](~[O&D1&v2&H1&+0&!R:5])~[O&D1&v2&H1&+0&!R:6].[*:7](~[O&D1&v2&H1&+0&!R:8])~[O&D2&v2&H0&+0&!R:9]-[P&D4&v5&H0&+0&!R:10](-[O&D1&v2&H1&+0&!R:11])-[O&D1&v2&H1&+0&!R:12]>>[*:1](~[O&D1&v2&H1&+0&!R:2])~[*:3]~[*:4](~[O&D1&v2&H1&+0&!R:5])~[O&D2&v2&H0&+0&!R:6]-[P&D4&v5&H0&+0&!R:10](-[O&D1&v2&H1&+0&!R:12])-[O&D1&v2&H1&+0&!R:11].[*:7](~[O&D1&v2&H1&+0&!R:9])~[O&D1&v2&H1&+0&!R:8]	Any;PHOSPHATE_ACCEPTOR_CoF
515_3	Any;PPI	[*:1](~[O&D1&v2&H1&+0&!R:2])~[*:3]~[*:4](~[O&D1&v2&H1&+0&!R:5])~[O&D1&v2&H1&+0&!R:6].[*:7](~[O&D1&v2&H1&+0&!R:8])~[O&D2&v2&H0&+0&!R:9]-[P&D4&v5&H0&+0&!R:10](-[O&D1&v2&H1&+0&!R:11])-[O&D1&v2&H1&+0&!R:12]>>[*:1](~[O&D1&v2&H1&+0&!R:2])~[*:3]~[*:4](~[O&D1&v2&H1&+0&!R:5])~[O&D2&v2&H0&+0&!R:6]-[P&D4&v5&H0&+0&!R:10](-[O&D1&v2&H1&+0&!R:12])-[O&D1&v2&H1&+0&!R:11].[*:7](~[O&D1&v2&H1&+0&!R:9])~[O&D1&v2&H1&+0&!R:8]	Any;Pi
515_4	PHOSPHATE_ACCEPTOR_CoF;Any	[*:1](~[O&D1&v2&H1&+0&!R:2])~[*:3]~[*:4](~[O&D1&v2&H1&+0&!R:5])~[O&D1&v2&H1&+0&!R:6].[*:7](~[O&D1&v2&H1&+0&!R:8])~[O&D2&v2&H0&+0&!R:9]-[P&D4&v5&H0&+0&!R:10](-[O&D1&v2&H1&+0&!R:11])-[O&D1&v2&H1&+0&!R:12]>>[*:1](~[O&D1&v2&H1&+0&!R:2])~[*:3]~[*:4](~[O&D1&v2&H1&+0&!R:5])~[O&D2&v2&H0&+0&!R:6]-[P&D4&v5&H0&+0&!R:10](-[O&D1&v2&H1&+0&!R:12])-[O&D1&v2&H1&+0&!R:11].[*:7](~[O&D1&v2&H1&+0&!R:9])~[O&D1&v2&H1&+0&!R:8]	PHOSPHATE_DONOR_CoF;Any
515_5	PHOSPHATE_ACCEPTOR_CoF;Any	[*:1](~[O&D1&v2&H1&+0&!R:2])~[*:3]~[*:4](~[O&D1&v2&H1&+0&!R:5])~[O&D1&v2&H1&+0&!R:6].[*:7](~[O&D1&v2&H1&+0&!R:8])~[O&D2&v2&H0&+0&!R:9]-[P&D4&v5&H0&+0&!R:10](-[O&D1&v2&H1&+0&!R:11])-[O&D1&v2&H1&+0&!R:12]>>[*:1](~[O&D1&v2&H1&+0&!R:2])~[*:3]~[*:4](~[O&D1&v2&H1&+0&!R:5])~[O&D2&v2&H0&+0&!R:6]-[P&D4&v5&H0&+0&!R:10](-[O&D1&v2&H1&+0&!R:12])-[O&D1&v2&H1&+0&!R:11].[*:7](~[O&D1&v2&H1&+0&!R:9])~[O&D1&v2&H1&+0&!R:8]	PHOSPHATE_DONOR_CoF;CO3
515_6	PHOSPHATE_ACCEPTOR_CoF;PHOSPHATE_DONOR_CoF	[*:1](~[O&D1&v2&H1&+0&!R:2])~[*:3]~[*:4](~[O&D1&v2&H1&+0&!R:5])~[O&D1&v2&H1&+0&!R:6].[*:7](~[O&D1&v2&H1&+0&!R:8])~[O&D2&v2&H0&+0&!R:9]-[P&D4&v5&H0&+0&!R:10](-[O&D1&v2&H1&+0&!R:11])-[O&D1&v2&H1&+0&!R:12]>>[*:1](~[O&D1&v2&H1&+0&!R:2])~[*:3]~[*:4](~[O&D1&v2&H1&+0&!R:5])~[O&D2&v2&H0&+0&!R:6]-[P&D4&v5&H0&+0&!R:10](-[O&D1&v2&H1&+0&!R:12])-[O&D1&v2&H1&+0&!R:11].[*:7](~[O&D1&v2&H1&+0&!R:9])~[O&D1&v2&H1&+0&!R:8]	PHOSPHATE_DONOR_CoF;PHOSPHATE_ACCEPTOR_CoF
515_7	PHOSPHATE_DONOR_CoF;PHOSPHATE_DONOR_CoF	[*:1](~[O&D1&v2&H1&+0&!R:2])~[*:3]~[*:4](~[O&D1&v2&H1&+0&!R:5])~[O&D1&v2&H1&+0&!R:6].[*:7](~[O&D1&v2&H1&+0&!R:8])~[O&D2&v2&H0&+0&!R:9]-[P&D4&v5&H0&+0&!R:10](-[O&D1&v2&H1&+0&!R:11])-[O&D1&v2&H1&+0&!R:12]>>[*:1](~[O&D1&v2&H1&+0&!R:2])~[*:3]~[*:4](~[O&D1&v2&H1&+0&!R:5])~[O&D2&v2&H0&+0&!R:6]-[P&D4&v5&H0&+0&!R:10](-[O&D1&v2&H1&+0&!R:12])-[O&D1&v2&H1&+0&!R:11].[*:7](~[O&D1&v2&H1&+0&!R:9])~[O&D1&v2&H1&+0&!R:8]	PHOSPHATE_DONOR_CoF;PHOSPHATE_ACCEPTOR_CoF
431_0	Any;Any	[N&D1&v3&H2&+0&!R:1].[O&D2&v2&H0&+0&!R:2]-[C&D3&v4&H0&+0&!R&z2:3]=[O&D1&v2&H0&+0&!R:4]>>[N&D2&v3&H1&+0&!R:1]-[C&D3&v4&H0&+0&!R&z2:3]=[O&D1&v2&H0&+0&!R:4].[O&D1&v2&H1&+0&!R:2]	Any;Any
431_1	Any;Any	[N&D1&v3&H2&+0&!R:1].[O&D2&v2&H0&+0&!R:2]-[C&D3&v4&H0&+0&!R&z2:3]=[O&D1&v2&H0&+0&!R:4]>>[N&D2&v3&H1&+0&!R:1]-[C&D3&v4&H0&+0&!R&z2:3]=[O&D1&v2&H0&+0&!R:4].[O&D1&v2&H1&+0&!R:2]	Any;Pi
299_0	Any	([*:1](~[O&D1&v2&H1&+0&!R:2])~[C&D3&v4&H0&+0&!R&z1:3](=[O&D1&v2&H0&+0&!R:4])-[C&D2&v4&H2&+0&!R&z1:5]-[O&D1&v2&H1&+0&!R:6].[O&D1&v2&H1&+0&!R:7])>>[O&D2&v2&H0&+0&R:7]-[C&D3&v4&H1&+0&R&z2:5](-[O&D1&v2&H1&+0&!R:6])-[C&D3&v4&H1&+0&R&z1:3](-[O&D1&v2&H1&+0&!R:4])~[*:1]~[O&D1&v2&H1&+0&!R:2]	Any
275_0	Any;WATER	[C&D3&v4&H0&+0&!R&z0:1]=[C&D2&v4&H1&+0&!R&z0:2]-[C&D3&v4&H0&+0&!R&z2:3]=[O&D1&v2&H0&+0&!R:4].[O&D0&v2&H2&+0&!R:5]>>[C&D4&v4&H0&+0&!R&z1:1](-[O&D1&v2&H1&+0&!R:5])-[C&D2&v4&H2&+0&!R&z0:2]-[C&D3&v4&H0&+0&!R&z2:3]=[O&D1&v2&H0&+0&!R:4]	Any
70_0	Any	[N&D2&v3&H1&+0&R:1]-[C&D3&v4&H0&+0&R&z2:2]1=[N&D2&v3&H0&+0&R:3]-[C&D3&v4&H0&+0&R&z3:4]=[N&D2&v3&H0&+0&R:5]-[C&D3&v4&H0&+0&R&z2:6](=[O&D1&v2&H0&+0&!R:7])-[C&D4&v4&H0&+0&R&z2:8]-1(-[O&D1&v2&H1&+0&!R:9])-[N&D2&v3&H1&+0&R:10]>>[N&D2&v3&H1&+0&R:1]-[C&D3&v4&H0&+0&R&z2:2]1=[N&D2&v3&H0&+0&R:3]-[C&D3&v4&H0&+0&R&z3:4]=[N&D2&v3&H0&+0&R:5]-[C&D3&v4&H0&+0&R&z2:6](=[O&D1&v2&H0&+0&!R:7])-[C&D3&v4&H0&+0&R&z1:8]-1=[N&D2&v3&H0&+0&R:10].[O&D0&v2&H2&+0&!R:9]	Any;WATER
366_0	Any	([C&D3&v4&H1&+0&R&z1:1]-[O&D1&v2&H1&+0&!R:2].[O&D1&v2&H1&+0&!R:3])>>[O&D0&v2&H2&+0&!R:2].[O&D2&v2&H0&+0&R:3]-[C&D3&v4&H1&+0&R&z1:1]	WATER;Any
148_0	Any;Any;Any	[C&D3&v4&H0&+0&!R&z3:1]-[O&D1&v2&H1&+0&!R:2].[P&D4&v5&H0&+0&!R:3](=[O&D1&v2&H0&+0&!R:4])(-[O&D1&v2&H1&+0&!R:5])-[O&D2&v2&H0&+0&!R:6].[S&D1&v2&H1&+0&!R:7]>>[C&D3&v4&H0&+0&!R&z3:1]-[S&D2&v2&H0&+0&!R:7].[O&D1&v2&H1&+0&!R:6].[P&D4&v5&H0&+0&!R:3](=[O&D1&v2&H0&+0&!R:4])(-[O&D1&v2&H1&+0&!R:2])-[O&D1&v2&H1&+0&!R:5]	Any;PPI;Any
148_1	Any;Any;CoA	[C&D3&v4&H0&+0&!R&z3:1]-[O&D1&v2&H1&+0&!R:2].[P&D4&v5&H0&+0&!R:3](=[O&D1&v2&H0&+0&!R:4])(-[O&D1&v2&H1&+0&!R:5])-[O&D2&v2&H0&+0&!R:6].[S&D1&v2&H1&+0&!R:7]>>[C&D3&v4&H0&+0&!R&z3:1]-[S&D2&v2&H0&+0&!R:7].[O&D1&v2&H1&+0&!R:6].[P&D4&v5&H0&+0&!R:3](=[O&D1&v2&H0&+0&!R:4])(-[O&D1&v2&H1&+0&!R:2])-[O&D1&v2&H1&+0&!R:5]	Any;PPI;Any
148_2	Any;Any;CoA	[C&D3&v4&H0&+0&!R&z3:1]-[O&D1&v2&H1&+0&!R:2].[P&D4&v5&H0&+0&!R:3](=[O&D1&v2&H0&+0&!R:4])(-[O&D1&v2&H1&+0&!R:5])-[O&D2&v2&H0&+0&!R:6].[S&D1&v2&H1&+0&!R:7]>>[C&D3&v4&H0&+0&!R&z3:1]-[S&D2&v2&H0&+0&!R:7].[O&D1&v2&H1&+0&!R:6].[P&D4&v5&H0&+0&!R:3](=[O&D1&v2&H0&+0&!R:4])(-[O&D1&v2&H1&+0&!R:2])-[O&D1&v2&H1&+0&!R:5]	Any;Pi;Any
148_3	Any;PHOSPHATE_DONOR_CoF;CoA	[C&D3&v4&H0&+0&!R&z3:1]-[O&D1&v2&H1&+0&!R:2].[P&D4&v5&H0&+0&!R:3](=[O&D1&v2&H0&+0&!R:4])(-[O&D1&v2&H1&+0&!R:5])-[O&D2&v2&H0&+0&!R:6].[S&D1&v2&H1&+0&!R:7]>>[C&D3&v4&H0&+0&!R&z3:1]-[S&D2&v2&H0&+0&!R:7].[O&D1&v2&H1&+0&!R:6].[P&D4&v5&H0&+0&!R:3](=[O&D1&v2&H0&+0&!R:4])(-[O&D1&v2&H1&+0&!R:2])-[O&D1&v2&H1&+0&!R:5]	Any;Pi;PHOSPHATE_ACCEPTOR_CoF
148_4	Any;PYROPHOSPHATE_DONOR_CoF;Any	[C&D3&v4&H0&+0&!R&z3:1]-[O&D1&v2&H1&+0&!R:2].[P&D4&v5&H0&+0&!R:3](=[O&D1&v2&H0&+0&!R:4])(-[O&D1&v2&H1&+0&!R:5])-[O&D2&v2&H0&+0&!R:6].[S&D1&v2&H1&+0&!R:7]>>[C&D3&v4&H0&+0&!R&z3:1]-[S&D2&v2&H0&+0&!R:7].[O&D1&v2&H1&+0&!R:6].[P&D4&v5&H0&+0&!R:3](=[O&D1&v2&H0&+0&!R:4])(-[O&D1&v2&H1&+0&!R:2])-[O&D1&v2&H1&+0&!R:5]	Any;PPI;PYROPHOSPHATE_ACCEPTOR_CoF
148_5	Any;PYROPHOSPHATE_DONOR_CoF;CoA	[C&D3&v4&H0&+0&!R&z3:1]-[O&D1&v2&H1&+0&!R:2].[P&D4&v5&H0&+0&!R:3](=[O&D1&v2&H0&+0&!R:4])(-[O&D1&v2&H1&+0&!R:5])-[O&D2&v2&H0&+0&!R:6].[S&D1&v2&H1&+0&!R:7]>>[C&D3&v4&H0&+0&!R&z3:1]-[S&D2&v2&H0&+0&!R:7].[O&D1&v2&H1&+0&!R:6].[P&D4&v5&H0&+0&!R:3](=[O&D1&v2&H0&+0&!R:4])(-[O&D1&v2&H1&+0&!R:2])-[O&D1&v2&H1&+0&!R:5]	Any;PPI;PYROPHOSPHATE_ACCEPTOR_CoF
345_0	Any;NH3	[C&D3&v4&H0&+0&!R&z3:1](-[N&D1&v3&H2&+0&!R:2])=[O&D1&v2&H0&+0&!R:3].[N&D0&v3&H3&+0&!R:4]>>[C&D3&v4&H0&+0&!R&z3:1](=[N&D1&v3&H1&+0&!R:4])-[N&D1&v3&H2&+0&!R:2].[O&D0&v2&H2&+0&!R:3]	Any;WATER
95_0	Any;Any;Any;Any	[C&D2&v4&H2&+0&!R&z1:1]-[O&D1&v2&H1&+0&!R:2].[S&D1&v2&H1&+0&!R:3].[c&D3&v4&H0&+0&R&z0:4]1:[c&D2&v4&H1&+0&R&z0:5]:[c&D2&v4&H1&+0&R&z0:6]:[c&D2&v4&H1&+0&R&z1:7]:[n&D3&v4&H0&+&R:8]:[c&D2&v4&H1&+0&R&z1:9]:1.[c&D3&v4&H0&+0&R&z0:10]1:[c&D2&v4&H1&+0&R&z0:11]:[c&D2&v4&H1&+0&R&z0:12]:[c&D2&v4&H1&+0&R&z1:13]:[n&D3&v4&H0&+&R:14]:[c&D2&v4&H1&+0&R&z1:15]:1>>[C&D3&v4&H0&+0&!R&z2:1](=[O&D1&v2&H0&+0&!R:2])-[S&D2&v2&H0&+0&!R:3].[C&D3&v4&H0&+0&R&z0:4]1=[C&D2&v4&H1&+0&R&z1:9]-[N&D3&v3&H0&+0&R:8]-[C&D2&v4&H1&+0&R&z1:7]=[C&D2&v4&H1&+0&R&z0:6]-[C&D2&v4&H2&+0&R&z0:5]-1.[C&D3&v4&H0&+0&R&z0:10]1=[C&D2&v4&H1&+0&R&z1:15]-[N&D3&v3&H0&+0&R:14]-[C&D2&v4&H1&+0&R&z1:13]=[C&D2&v4&H1&+0&R&z0:12]-[C&D2&v4&H2&+0&R&z0:11]-1	Any;Any;Any
95_1	Any;Any;NAD_CoF;NAD_CoF	[C&D2&v4&H2&+0&!R&z1:1]-[O&D1&v2&H1&+0&!R:2].[S&D1&v2&H1&+0&!R:3].[c&D3&v4&H0&+0&R&z0:4]1:[c&D2&v4&H1&+0&R&z0:5]:[c&D2&v4&H1&+0&R&z0:6]:[c&D2&v4&H1&+0&R&z1:7]:[n&D3&v4&H0&+&R:8]:[c&D2&v4&H1&+0&R&z1:9]:1.[c&D3&v4&H0&+0&R&z0:10]1:[c&D2&v4&H1&+0&R&z0:11]:[c&D2&v4&H1&+0&R&z0:12]:[c&D2&v4&H1&+0&R&z1:13]:[n&D3&v4&H0&+&R:14]:[c&D2&v4&H1&+0&R&z1:15]:1>>[C&D3&v4&H0&+0&!R&z2:1](=[O&D1&v2&H0&+0&!R:2])-[S&D2&v2&H0&+0&!R:3].[C&D3&v4&H0&+0&R&z0:4]1=[C&D2&v4&H1&+0&R&z1:9]-[N&D3&v3&H0&+0&R:8]-[C&D2&v4&H1&+0&R&z1:7]=[C&D2&v4&H1&+0&R&z0:6]-[C&D2&v4&H2&+0&R&z0:5]-1.[C&D3&v4&H0&+0&R&z0:10]1=[C&D2&v4&H1&+0&R&z1:15]-[N&D3&v3&H0&+0&R:14]-[C&D2&v4&H1&+0&R&z1:13]=[C&D2&v4&H1&+0&R&z0:12]-[C&D2&v4&H2&+0&R&z0:11]-1	Any;NADH_CoF;NADH_CoF
95_2	Any;CoA;Any;Any	[C&D2&v4&H2&+0&!R&z1:1]-[O&D1&v2&H1&+0&!R:2].[S&D1&v2&H1&+0&!R:3].[c&D3&v4&H0&+0&R&z0:4]1:[c&D2&v4&H1&+0&R&z0:5]:[c&D2&v4&H1&+0&R&z0:6]:[c&D2&v4&H1&+0&R&z1:7]:[n&D3&v4&H0&+&R:8]:[c&D2&v4&H1&+0&R&z1:9]:1.[c&D3&v4&H0&+0&R&z0:10]1:[c&D2&v4&H1&+0&R&z0:11]:[c&D2&v4&H1&+0&R&z0:12]:[c&D2&v4&H1&+0&R&z1:13]:[n&D3&v4&H0&+&R:14]:[c&D2&v4&H1&+0&R&z1:15]:1>>[C&D3&v4&H0&+0&!R&z2:1](=[O&D1&v2&H0&+0&!R:2])-[S&D2&v2&H0&+0&!R:3].[C&D3&v4&H0&+0&R&z0:4]1=[C&D2&v4&H1&+0&R&z1:9]-[N&D3&v3&H0&+0&R:8]-[C&D2&v4&H1&+0&R&z1:7]=[C&D2&v4&H1&+0&R&z0:6]-[C&D2&v4&H2&+0&R&z0:5]-1.[C&D3&v4&H0&+0&R&z0:10]1=[C&D2&v4&H1&+0&R&z1:15]-[N&D3&v3&H0&+0&R:14]-[C&D2&v4&H1&+0&R&z1:13]=[C&D2&v4&H1&+0&R&z0:12]-[C&D2&v4&H2&+0&R&z0:11]-1	Any;Any;Any
95_3	Any;CoA;NAD_CoF;NAD_CoF	[C&D2&v4&H2&+0&!R&z1:1]-[O&D1&v2&H1&+0&!R:2].[S&D1&v2&H1&+0&!R:3].[c&D3&v4&H0&+0&R&z0:4]1:[c&D2&v4&H1&+0&R&z0:5]:[c&D2&v4&H1&+0&R&z0:6]:[c&D2&v4&H1&+0&R&z1:7]:[n&D3&v4&H0&+&R:8]:[c&D2&v4&H1&+0&R&z1:9]:1.[c&D3&v4&H0&+0&R&z0:10]1:[c&D2&v4&H1&+0&R&z0:11]:[c&D2&v4&H1&+0&R&z0:12]:[c&D2&v4&H1&+0&R&z1:13]:[n&D3&v4&H0&+&R:14]:[c&D2&v4&H1&+0&R&z1:15]:1>>[C&D3&v4&H0&+0&!R&z2:1](=[O&D1&v2&H0&+0&!R:2])-[S&D2&v2&H0&+0&!R:3].[C&D3&v4&H0&+0&R&z0:4]1=[C&D2&v4&H1&+0&R&z1:9]-[N&D3&v3&H0&+0&R:8]-[C&D2&v4&H1&+0&R&z1:7]=[C&D2&v4&H1&+0&R&z0:6]-[C&D2&v4&H2&+0&R&z0:5]-1.[C&D3&v4&H0&+0&R&z0:10]1=[C&D2&v4&H1&+0&R&z1:15]-[N&D3&v3&H0&+0&R:14]-[C&D2&v4&H1&+0&R&z1:13]=[C&D2&v4&H1&+0&R&z0:12]-[C&D2&v4&H2&+0&R&z0:11]-1	Any;NADH_CoF;NADH_CoF
66_0	Any	[C&D3&v4&H1&+0&!R&z0:1](-[C&D3&v4&H0&+0&!R&z2:2]-[O&D1&v2&H1&+0&!R:3])-[C&D3&v4&H0&+0&!R&z2:4]=[O&D1&v2&H0&+0&!R:5]>>[C&D2&v4&H2&+0&!R&z0:1]-[C&D3&v4&H0&+0&!R&z2:4]=[O&D1&v2&H0&+0&!R:5].[O&D1&v2&H0&+0&!R:3]=[C&D2&v4&H0&+0&!R&z2:2]	Any;CO2
303_0	WATER;Any	[O&D0&v2&H2&+0&!R:1].[O&D1&v2&H0&+0&!R:2]=[C&D3&v4&H0&+0&!R&z2:3](-[O&D1&v2&H1&+0&!R:4])-[C&D3&v4&H0&+0&!R&z1:5](=[O&D1&v2&H0&+0&!R:6])-[C&D2&v4&H2&+0&!R&z0:7]~[*:8]~[*:9]~[*:10](~[O&D1&v2&H0&+0&!R:11])~[O&D1&v2&H1&+0&!R:12]>>[O&D1&v2&H0&+0&!R:11]~[*:10](~[O&D1&v2&H1&+0&!R:12])~[*:9]~[*:8]~[C&D3&v4&H1&+0&!R&z1:7](-[O&D1&v2&H1&+0&!R:1])-[C&D3&v4&H1&+0&!R&z1:5](-[O&D1&v2&H1&+0&!R:6])-[C&D3&v4&H0&+0&!R&z2:3](=[O&D1&v2&H0&+0&!R:2])-[O&D1&v2&H1&+0&!R:4]	Any
194_0	Any;Any	[*:1](~[O&D1&v2&H1&+0&!R:2])~[O&D1&v2&H1&+0&!R:3].[O&D2&v2&H0&+0&!R:4]-[P&D4&v5&H0&+0&!R:5](=[O&D1&v2&H0&+0&!R:6])-[O&D1&v2&H1&+0&!R:7]>>[*:1](~[O&D1&v2&H1&+0&!R:2])~[O&D2&v2&H0&+0&!R:3]-[P&D4&v5&H0&+0&!R:5](=[O&D1&v2&H0&+0&!R:6])-[O&D1&v2&H1&+0&!R:7].[O&D1&v2&H1&+0&!R:4]	ACETYL-COA;Any
194_1	Any;Any	[*:1](~[O&D1&v2&H1&+0&!R:2])~[O&D1&v2&H1&+0&!R:3].[O&D2&v2&H0&+0&!R:4]-[P&D4&v5&H0&+0&!R:5](=[O&D1&v2&H0&+0&!R:6])-[O&D1&v2&H1&+0&!R:7]>>[*:1](~[O&D1&v2&H1&+0&!R:2])~[O&D2&v2&H0&+0&!R:3]-[P&D4&v5&H0&+0&!R:5](=[O&D1&v2&H0&+0&!R:6])-[O&D1&v2&H1&+0&!R:7].[O&D1&v2&H1&+0&!R:4]	Any;Any
194_2	Any;Any	[*:1](~[O&D1&v2&H1&+0&!R:2])~[O&D1&v2&H1&+0&!R:3].[O&D2&v2&H0&+0&!R:4]-[P&D4&v5&H0&+0&!R:5](=[O&D1&v2&H0&+0&!R:6])-[O&D1&v2&H1&+0&!R:7]>>[*:1](~[O&D1&v2&H1&+0&!R:2])~[O&D2&v2&H0&+0&!R:3]-[P&D4&v5&H0&+0&!R:5](=[O&D1&v2&H0&+0&!R:6])-[O&D1&v2&H1&+0&!R:7].[O&D1&v2&H1&+0&!R:4]	CoA;Any
194_3	Pi;Any	[*:1](~[O&D1&v2&H1&+0&!R:2])~[O&D1&v2&H1&+0&!R:3].[O&D2&v2&H0&+0&!R:4]-[P&D4&v5&H0&+0&!R:5](=[O&D1&v2&H0&+0&!R:6])-[O&D1&v2&H1&+0&!R:7]>>[*:1](~[O&D1&v2&H1&+0&!R:2])~[O&D2&v2&H0&+0&!R:3]-[P&D4&v5&H0&+0&!R:5](=[O&D1&v2&H0&+0&!R:6])-[O&D1&v2&H1&+0&!R:7].[O&D1&v2&H1&+0&!R:4]	Any;Any
259_0	Any	[O&D1&v2&H0&+0&!R:1]=[C&D3&v4&H0&+0&!R&z1:2]-[C&D2&v4&H2&+0&!R&z1:3]-[O&D1&v2&H1&+0&!R:4]>>[O&D1&v2&H0&+0&!R:4]=[C&D2&v4&H1&+0&!R&z1:3]-[C&D3&v4&H1&+0&!R&z1:2]-[O&D1&v2&H1&+0&!R:1]	Any
291_0	Any;Any	[C&D1&v4&H2&+0&!R&z0:1]=[C&D3&v4&H0&+0&!R&z1:2]-[O&D2&v2&H0&+0&!R:3].[O&D1&v2&H1&+0&!R:4]>>[C&D1&v4&H2&+0&!R&z0:1]=[C&D3&v4&H0&+0&!R&z1:2]-[O&D2&v2&H0&+0&!R:4].[O&D1&v2&H1&+0&!R:3]	Any;Pi
291_1	Any;Pi	[C&D1&v4&H2&+0&!R&z0:1]=[C&D3&v4&H0&+0&!R&z1:2]-[O&D2&v2&H0&+0&!R:3].[O&D1&v2&H1&+0&!R:4]>>[C&D1&v4&H2&+0&!R&z0:1]=[C&D3&v4&H0&+0&!R&z1:2]-[O&D2&v2&H0&+0&!R:4].[O&D1&v2&H1&+0&!R:3]	Any;Any
144_0	Any	[C&D1&v4&H2&+0&!R&z0:1]=[C&D3&v4&H0&+0&!R&z0:2]-[C&D2&v4&H2&+0&!R&z0:3]~[*:4]~[*:5]~[*:6](~[O&D1&v2&H1&+0&!R:7])~[*:8]~[*:9]~[O&D1&v2&H1&+0&!R:10]>>[C&D3&v4&H0&+0&!R&z0:2](-[C&D1&v4&H3&+0&!R&z0:1])=[C&D2&v4&H1&+0&!R&z0:3]~[*:4]~[*:5]~[*:6](~[O&D1&v2&H1&+0&!R:7])~[*:8]~[*:9]~[O&D1&v2&H1&+0&!R:10]	Any
391_0	Any	[N&D1&v3&H2&+0&!R:1]-[C&D3&v4&H1&+0&!R&z1:2]-[C&D2&v4&H2&+0&!R&z0:3]>>[C&D2&v4&H1&+0&!R&z0:2]=[C&D2&v4&H1&+0&!R&z0:3].[N&D0&v3&H3&+0&!R:1]	Any;NH3
481_0	Any;Any	[C&D4&v4&H0&+0&!R&z1:1](-[C&D1&v4&H3&+0&!R&z0:2])(-[O&D1&v2&H1&+0&!R:3])-[C&D3&v4&H1&+0&!R&z1:4](-[O&D1&v2&H1&+0&!R:5])~[*:6]~[O&D1&v2&H1&+0&!R:7].[c&D3&v4&H0&+0&R&z0:8]1:[c&D2&v4&H1&+0&R&z0:9]:[c&D2&v4&H1&+0&R&z0:10]:[c&D2&v4&H1&+0&R&z1:11]:[n&D3&v4&H0&+&R:12]:[c&D2&v4&H1&+0&R&z1:13]:1>>[C&D3&v4&H0&+0&!R&z1:1](=[O&D1&v2&H0&+0&!R:3])-[C&D4&v4&H0&+0&!R&z1:4](-[C&D1&v4&H3&+0&!R&z0:2])(-[O&D1&v2&H1&+0&!R:5])~[*:6]~[O&D1&v2&H1&+0&!R:7].[C&D3&v4&H0&+0&R&z0:8]1=[C&D2&v4&H1&+0&R&z1:13]-[N&D3&v3&H0&+0&R:12]-[C&D2&v4&H1&+0&R&z1:11]=[C&D2&v4&H1&+0&R&z0:10]-[C&D2&v4&H2&+0&R&z0:9]-1	Any;Any
481_1	Any;NAD_CoF	[C&D4&v4&H0&+0&!R&z1:1](-[C&D1&v4&H3&+0&!R&z0:2])(-[O&D1&v2&H1&+0&!R:3])-[C&D3&v4&H1&+0&!R&z1:4](-[O&D1&v2&H1&+0&!R:5])~[*:6]~[O&D1&v2&H1&+0&!R:7].[c&D3&v4&H0&+0&R&z0:8]1:[c&D2&v4&H1&+0&R&z0:9]:[c&D2&v4&H1&+0&R&z0:10]:[c&D2&v4&H1&+0&R&z1:11]:[n&D3&v4&H0&+&R:12]:[c&D2&v4&H1&+0&R&z1:13]:1>>[C&D3&v4&H0&+0&!R&z1:1](=[O&D1&v2&H0&+0&!R:3])-[C&D4&v4&H0&+0&!R&z1:4](-[C&D1&v4&H3&+0&!R&z0:2])(-[O&D1&v2&H1&+0&!R:5])~[*:6]~[O&D1&v2&H1&+0&!R:7].[C&D3&v4&H0&+0&R&z0:8]1=[C&D2&v4&H1&+0&R&z1:13]-[N&D3&v3&H0&+0&R:12]-[C&D2&v4&H1&+0&R&z1:11]=[C&D2&v4&H1&+0&R&z0:10]-[C&D2&v4&H2&+0&R&z0:9]-1	Any;NADH_CoF
293_0	Any;Any	[C&D3&v4&H0&+0&!R&z3:1](=[O&D1&v2&H0&+0&!R:2])-[O&D1&v2&H1&+0&!R:3].[O&D1&v2&H1&+0&!R:4]>>[O&D0&v2&H2&+0&!R:3].[O&D2&v2&H0&+0&!R:4]-[C&D3&v4&H0&+0&!R&z3:1]=[O&D1&v2&H0&+0&!R:2]	WATER;Any
261_0	Any;Any	[C&D1&v4&H2&+0&!R&z0:1]=[C&D3&v4&H0&+0&!R&z1:2]-[O&D2&v2&H0&+0&!R:3]-[P&D4&v5&H0&+0&!R:4].[O&D1&v2&H1&+0&!R:5]>>[C&D1&v4&H3&+0&!R&z0:1]-[C&D3&v4&H0&+0&!R&z1:2]=[O&D1&v2&H0&+0&!R:3].[O&D2&v2&H0&+0&!R:5]-[P&D4&v5&H0&+0&!R:4]	Any;Any
261_1	Any;PHOSPHATE_ACCEPTOR_CoF	[C&D1&v4&H2&+0&!R&z0:1]=[C&D3&v4&H0&+0&!R&z1:2]-[O&D2&v2&H0&+0&!R:3]-[P&D4&v5&H0&+0&!R:4].[O&D1&v2&H1&+0&!R:5]>>[C&D1&v4&H3&+0&!R&z0:1]-[C&D3&v4&H0&+0&!R&z1:2]=[O&D1&v2&H0&+0&!R:3].[O&D2&v2&H0&+0&!R:5]-[P&D4&v5&H0&+0&!R:4]	Any;PHOSPHATE_DONOR_CoF
279_0	WATER;Any	[O&D0&v2&H2&+0&!R:1].[c&D3&v4&H0&+0&R&z0:2](-[C&D2&v4&H1&+0&!R&z0:3]=[C&D2&v4&H1&+0&!R&z0:4]-[C&D3&v4&H0&+0&!R&z2:5]=[O&D1&v2&H0&+0&!R:6]):[c&D2&v4&H1&+0&R&z0:7]:[c&D2&v4&H1&+0&R&z0:8]:[c&D3&v4&H0&+0&R&z1:9]-[O&D1&v2&H1&+0&!R:10]>>[C&D1&v4&H3&+0&!R&z0:4]-[C&D3&v4&H0&+0&!R&z2:5]=[O&D1&v2&H0&+0&!R:6].[c&D3&v4&H0&+0&R&z0:2](-[C&D2&v4&H1&+0&!R&z1:3]=[O&D1&v2&H0&+0&!R:1]):[c&D2&v4&H1&+0&R&z0:7]:[c&D2&v4&H1&+0&R&z0:8]:[c&D3&v4&H0&+0&R&z1:9]-[O&D1&v2&H1&+0&!R:10]	ACETYL-COA;Any
279_1	WATER;Any	[O&D0&v2&H2&+0&!R:1].[c&D3&v4&H0&+0&R&z0:2](-[C&D2&v4&H1&+0&!R&z0:3]=[C&D2&v4&H1&+0&!R&z0:4]-[C&D3&v4&H0&+0&!R&z2:5]=[O&D1&v2&H0&+0&!R:6]):[c&D2&v4&H1&+0&R&z0:7]:[c&D2&v4&H1&+0&R&z0:8]:[c&D3&v4&H0&+0&R&z1:9]-[O&D1&v2&H1&+0&!R:10]>>[C&D1&v4&H3&+0&!R&z0:4]-[C&D3&v4&H0&+0&!R&z2:5]=[O&D1&v2&H0&+0&!R:6].[c&D3&v4&H0&+0&R&z0:2](-[C&D2&v4&H1&+0&!R&z1:3]=[O&D1&v2&H0&+0&!R:1]):[c&D2&v4&H1&+0&R&z0:7]:[c&D2&v4&H1&+0&R&z0:8]:[c&D3&v4&H0&+0&R&z1:9]-[O&D1&v2&H1&+0&!R:10]	Any;Any
153_0	PPI;Any;Any	[*:1](~[O&D1&v2&H1&+0&!R:2])(~[O&D1&v2&H1&+0&!R:3])~[*:4]~[*:5](~[O&D1&v2&H1&+0&!R:6])~[O&D1&v2&H1&+0&!R:7].[N&D1&v3&H2&+0&!R:8]-[C&D3&v4&H0&+0&!R&z2:9]=[O&D1&v2&H0&+0&!R:10].[P&D4&v5&H0&+0&!R:11](=[O&D1&v2&H0&+0&!R:12])-[O&D1&v2&H1&+0&!R:13]>>[C&D3&v4&H0&+0&!R&z2:9](=[O&D1&v2&H0&+0&!R:10])-[O&D1&v2&H1&+0&!R:13].[N&D0&v3&H3&+0&!R:8].[P&D4&v5&H0&+0&!R:11](=[O&D1&v2&H0&+0&!R:12])-[O&D2&v2&H0&+0&!R:2]~[*:1](~[O&D1&v2&H1&+0&!R:3])~[*:4]~[*:5](~[O&D1&v2&H1&+0&!R:6])~[O&D1&v2&H1&+0&!R:7]	Any;NH3;Any
153_1	PPI;Any;PYROPHOSPHATE_ACCEPTOR_CoF	[*:1](~[O&D1&v2&H1&+0&!R:2])(~[O&D1&v2&H1&+0&!R:3])~[*:4]~[*:5](~[O&D1&v2&H1&+0&!R:6])~[O&D1&v2&H1&+0&!R:7].[N&D1&v3&H2&+0&!R:8]-[C&D3&v4&H0&+0&!R&z2:9]=[O&D1&v2&H0&+0&!R:10].[P&D4&v5&H0&+0&!R:11](=[O&D1&v2&H0&+0&!R:12])-[O&D1&v2&H1&+0&!R:13]>>[C&D3&v4&H0&+0&!R&z2:9](=[O&D1&v2&H0&+0&!R:10])-[O&D1&v2&H1&+0&!R:13].[N&D0&v3&H3&+0&!R:8].[P&D4&v5&H0&+0&!R:11](=[O&D1&v2&H0&+0&!R:12])-[O&D2&v2&H0&+0&!R:2]~[*:1](~[O&D1&v2&H1&+0&!R:3])~[*:4]~[*:5](~[O&D1&v2&H1&+0&!R:6])~[O&D1&v2&H1&+0&!R:7]	Any;NH3;PYROPHOSPHATE_DONOR_CoF
321_0	Any;Any;Pi	[*:1](~[O&D1&v2&H1&+0&!R:2])~[O&D1&v2&H1&+0&!R:3].[N&D1&v3&H2&+0&!R:4]-[C&D3&v4&H0&+0&!R&z2:5].[O&D1&v2&H0&+0&!R:6]=[P&D4&v5&H0&+0&!R:7](-[O&D1&v2&H1&+0&!R:8])(-[O&D1&v2&H1&+0&!R:9])-[O&D1&v2&H1&+0&!R:10]>>[*:1](~[O&D1&v2&H1&+0&!R:2])~[O&D2&v2&H0&+0&!R:3]-[P&D4&v5&H0&+0&!R:7](=[O&D1&v2&H0&+0&!R:6])(-[O&D1&v2&H1&+0&!R:9])-[O&D1&v2&H1&+0&!R:10].[C&D3&v4&H0&+0&!R&z2:5]-[O&D1&v2&H1&+0&!R:8].[N&D0&v3&H3&+0&!R:4]	Any;Any;NH3
321_1	PHOSPHATE_ACCEPTOR_CoF;Any;Pi	[*:1](~[O&D1&v2&H1&+0&!R:2])~[O&D1&v2&H1&+0&!R:3].[N&D1&v3&H2&+0&!R:4]-[C&D3&v4&H0&+0&!R&z2:5].[O&D1&v2&H0&+0&!R:6]=[P&D4&v5&H0&+0&!R:7](-[O&D1&v2&H1&+0&!R:8])(-[O&D1&v2&H1&+0&!R:9])-[O&D1&v2&H1&+0&!R:10]>>[*:1](~[O&D1&v2&H1&+0&!R:2])~[O&D2&v2&H0&+0&!R:3]-[P&D4&v5&H0&+0&!R:7](=[O&D1&v2&H0&+0&!R:6])(-[O&D1&v2&H1&+0&!R:9])-[O&D1&v2&H1&+0&!R:10].[C&D3&v4&H0&+0&!R&z2:5]-[O&D1&v2&H1&+0&!R:8].[N&D0&v3&H3&+0&!R:4]	PHOSPHATE_DONOR_CoF;Any;NH3
373_0	Any	[C&D3&v4&H1&+0&!R&z1:1](-[O&D1&v2&H1&+0&!R:2])-[C&D2&v4&H2&+0&!R&z0:3]-[C&D3&v4&H0&+0&!R&z1:4](=[O&D1&v2&H0&+0&!R:5])~[*:6]~[O&D1&v2&H1&+0&!R:7]>>[C&D1&v4&H3&+0&!R&z0:3]-[C&D3&v4&H0&+0&!R&z1:4](=[O&D1&v2&H0&+0&!R:5])~[*:6]~[O&D1&v2&H1&+0&!R:7].[C&D2&v4&H1&+0&!R&z1:1]=[O&D1&v2&H0&+0&!R:2]	Any;Any
137_0	Any;Any	[*:1](~[O&D1&v2&H0&+0&!R:2])~[*:3]~[*:4]~[O&D1&v2&H1&+0&!R:5].[O&D1&v2&H0&+0&!R:6]=[P&D4&v5&H0&+0&!R:7](-[O&D1&v2&H1&+0&!R:8])-[O&D1&v2&H1&+0&!R:9]>>[*:1](~[O&D1&v2&H0&+0&!R:2])~[*:3]~[*:4]~[O&D2&v2&H0&+0&!R:5]-[P&D4&v5&H0&+0&!R:7](=[O&D1&v2&H0&+0&!R:6])-[O&D1&v2&H1&+0&!R:8].[O&D0&v2&H2&+0&!R:9]	Any;WATER
361_0	Any	[C&D3&v4&H1&+0&!R&z1:1](-[C&D2&v4&H2&+0&!R&z1:2]-[S&D1&v2&H1&+0&!R:3])-[C&D3&v4&H0&+0&!R&z2:4]-[O&D1&v2&H1&+0&!R:5]>>[C&D2&v4&H0&+0&!R&z2:4]=[O&D1&v2&H0&+0&!R:5].[C&D2&v4&H2&+0&!R&z1:1]-[C&D2&v4&H2&+0&!R&z1:2]-[S&D1&v2&H1&+0&!R:3]	CO2;Any
220_0	Any	[O&D1&v2&H0&+0&!R:1]=[C&D3&v4&H0&+0&!R&z2:2](-[O&D1&v2&H1&+0&!R:3])-[C&D2&v4&H2&+0&!R&z0:4]-[C&D3&v4&H1&+0&R&z1:5]-[O&D2&v2&H0&+0&R:6]>>([O&D1&v2&H0&+0&!R:1]=[C&D3&v4&H0&+0&!R&z2:2](-[O&D1&v2&H1&+0&!R:3])-[C&D2&v4&H1&+0&!R&z0:4]=[C&D2&v4&H1&+0&!R&z0:5].[O&D1&v2&H1&+0&!R:6])	Any
165_0	HCN;Any	[C&D1&v4&H1&+0&!R&z1:1].[C&D3&v4&H0&+0&!R&z1:2]=[O&D1&v2&H0&+0&!R:3]>>[C&D4&v4&H0&+0&!R&z1:2](-[O&D1&v2&H1&+0&!R:3])-[C&D2&v4&H0&+0&!R&z1:1]	Any
94_0	Any;Any;Any	[C&D3&v4&H0&+0&!R&z2:1](=[O&D1&v2&H0&+0&!R:2])-[S&D2&v2&H0&+0&!R:3].[C&D3&v4&H0&+0&R&z0:4]1=[C&D2&v4&H1&+0&R&z1:5]-[N&D3&v3&H0&+0&R:6]-[C&D2&v4&H1&+0&R&z1:7]=[C&D2&v4&H1&+0&R&z0:8]-[C&D2&v4&H2&+0&R&z0:9]-1.[C&D3&v4&H0&+0&R&z0:10]1=[C&D2&v4&H1&+0&R&z1:11]-[N&D3&v3&H0&+0&R:12]-[C&D2&v4&H1&+0&R&z1:13]=[C&D2&v4&H1&+0&R&z0:14]-[C&D2&v4&H2&+0&R&z0:15]-1>>[C&D2&v4&H2&+0&!R&z1:1]-[O&D1&v2&H1&+0&!R:2].[S&D1&v2&H1&+0&!R:3].[c&D3&v4&H0&+0&R&z0:4]1:[c&D2&v4&H1&+0&R&z0:9]:[c&D2&v4&H1&+0&R&z0:8]:[c&D2&v4&H1&+0&R&z1:7]:[n&D3&v4&H0&+&R:6]:[c&D2&v4&H1&+0&R&z1:5]:1.[c&D3&v4&H0&+0&R&z0:10]1:[c&D2&v4&H1&+0&R&z0:15]:[c&D2&v4&H1&+0&R&z0:14]:[c&D2&v4&H1&+0&R&z1:13]:[n&D3&v4&H0&+&R:12]:[c&D2&v4&H1&+0&R&z1:11]:1	Any;Any;Any;Any
94_1	Any;Any;Any	[C&D3&v4&H0&+0&!R&z2:1](=[O&D1&v2&H0&+0&!R:2])-[S&D2&v2&H0&+0&!R:3].[C&D3&v4&H0&+0&R&z0:4]1=[C&D2&v4&H1&+0&R&z1:5]-[N&D3&v3&H0&+0&R:6]-[C&D2&v4&H1&+0&R&z1:7]=[C&D2&v4&H1&+0&R&z0:8]-[C&D2&v4&H2&+0&R&z0:9]-1.[C&D3&v4&H0&+0&R&z0:10]1=[C&D2&v4&H1&+0&R&z1:11]-[N&D3&v3&H0&+0&R:12]-[C&D2&v4&H1&+0&R&z1:13]=[C&D2&v4&H1&+0&R&z0:14]-[C&D2&v4&H2&+0&R&z0:15]-1>>[C&D2&v4&H2&+0&!R&z1:1]-[O&D1&v2&H1&+0&!R:2].[S&D1&v2&H1&+0&!R:3].[c&D3&v4&H0&+0&R&z0:4]1:[c&D2&v4&H1&+0&R&z0:9]:[c&D2&v4&H1&+0&R&z0:8]:[c&D2&v4&H1&+0&R&z1:7]:[n&D3&v4&H0&+&R:6]:[c&D2&v4&H1&+0&R&z1:5]:1.[c&D3&v4&H0&+0&R&z0:10]1:[c&D2&v4&H1&+0&R&z0:15]:[c&D2&v4&H1&+0&R&z0:14]:[c&D2&v4&H1&+0&R&z1:13]:[n&D3&v4&H0&+&R:12]:[c&D2&v4&H1&+0&R&z1:11]:1	Any;CoA;Any;Any
94_2	Any;NADH_CoF;NADH_CoF	[C&D3&v4&H0&+0&!R&z2:1](=[O&D1&v2&H0&+0&!R:2])-[S&D2&v2&H0&+0&!R:3].[C&D3&v4&H0&+0&R&z0:4]1=[C&D2&v4&H1&+0&R&z1:5]-[N&D3&v3&H0&+0&R:6]-[C&D2&v4&H1&+0&R&z1:7]=[C&D2&v4&H1&+0&R&z0:8]-[C&D2&v4&H2&+0&R&z0:9]-1.[C&D3&v4&H0&+0&R&z0:10]1=[C&D2&v4&H1&+0&R&z1:11]-[N&D3&v3&H0&+0&R:12]-[C&D2&v4&H1&+0&R&z1:13]=[C&D2&v4&H1&+0&R&z0:14]-[C&D2&v4&H2&+0&R&z0:15]-1>>[C&D2&v4&H2&+0&!R&z1:1]-[O&D1&v2&H1&+0&!R:2].[S&D1&v2&H1&+0&!R:3].[c&D3&v4&H0&+0&R&z0:4]1:[c&D2&v4&H1&+0&R&z0:9]:[c&D2&v4&H1&+0&R&z0:8]:[c&D2&v4&H1&+0&R&z1:7]:[n&D3&v4&H0&+&R:6]:[c&D2&v4&H1&+0&R&z1:5]:1.[c&D3&v4&H0&+0&R&z0:10]1:[c&D2&v4&H1&+0&R&z0:15]:[c&D2&v4&H1&+0&R&z0:14]:[c&D2&v4&H1&+0&R&z1:13]:[n&D3&v4&H0&+&R:12]:[c&D2&v4&H1&+0&R&z1:11]:1	Any;Any;NAD_CoF;NAD_CoF
94_3	Any;NADH_CoF;NADH_CoF	[C&D3&v4&H0&+0&!R&z2:1](=[O&D1&v2&H0&+0&!R:2])-[S&D2&v2&H0&+0&!R:3].[C&D3&v4&H0&+0&R&z0:4]1=[C&D2&v4&H1&+0&R&z1:5]-[N&D3&v3&H0&+0&R:6]-[C&D2&v4&H1&+0&R&z1:7]=[C&D2&v4&H1&+0&R&z0:8]-[C&D2&v4&H2&+0&R&z0:9]-1.[C&D3&v4&H0&+0&R&z0:10]1=[C&D2&v4&H1&+0&R&z1:11]-[N&D3&v3&H0&+0&R:12]-[C&D2&v4&H1&+0&R&z1:13]=[C&D2&v4&H1&+0&R&z0:14]-[C&D2&v4&H2&+0&R&z0:15]-1>>[C&D2&v4&H2&+0&!R&z1:1]-[O&D1&v2&H1&+0&!R:2].[S&D1&v2&H1&+0&!R:3].[c&D3&v4&H0&+0&R&z0:4]1:[c&D2&v4&H1&+0&R&z0:9]:[c&D2&v4&H1&+0&R&z0:8]:[c&D2&v4&H1&+0&R&z1:7]:[n&D3&v4&H0&+&R:6]:[c&D2&v4&H1&+0&R&z1:5]:1.[c&D3&v4&H0&+0&R&z0:10]1:[c&D2&v4&H1&+0&R&z0:15]:[c&D2&v4&H1&+0&R&z0:14]:[c&D2&v4&H1&+0&R&z1:13]:[n&D3&v4&H0&+&R:12]:[c&D2&v4&H1&+0&R&z1:11]:1	Any;CoA;NAD_CoF;NAD_CoF
110_0	Any;Any	[C&D3&v4&H0&+0&R&z0:1]1=[C&D2&v4&H1&+0&R&z1:2]-[N&D3&v3&H0&+0&R:3]-[C&D2&v4&H1&+0&R&z1:4]=[C&D2&v4&H1&+0&R&z0:5]-[C&D2&v4&H2&+0&R&z0:6]-1.[N&D2&v3&H0&+0&R:7]=[C&D3&v4&H0&+0&R&z1:8]>>[N&D2&v3&H1&+0&R:7]-[C&D3&v4&H1&+0&R&z1:8].[c&D3&v4&H0&+0&R&z0:1]1:[c&D2&v4&H1&+0&R&z0:6]:[c&D2&v4&H1&+0&R&z0:5]:[c&D2&v4&H1&+0&R&z1:4]:[n&D3&v4&H0&+&R:3]:[c&D2&v4&H1&+0&R&z1:2]:1	Any;Any
110_1	NADH_CoF;Any	[C&D3&v4&H0&+0&R&z0:1]1=[C&D2&v4&H1&+0&R&z1:2]-[N&D3&v3&H0&+0&R:3]-[C&D2&v4&H1&+0&R&z1:4]=[C&D2&v4&H1&+0&R&z0:5]-[C&D2&v4&H2&+0&R&z0:6]-1.[N&D2&v3&H0&+0&R:7]=[C&D3&v4&H0&+0&R&z1:8]>>[N&D2&v3&H1&+0&R:7]-[C&D3&v4&H1&+0&R&z1:8].[c&D3&v4&H0&+0&R&z0:1]1:[c&D2&v4&H1&+0&R&z0:6]:[c&D2&v4&H1&+0&R&z0:5]:[c&D2&v4&H1&+0&R&z1:4]:[n&D3&v4&H0&+&R:3]:[c&D2&v4&H1&+0&R&z1:2]:1	Any;NAD_CoF
414_0	NH3;Any	[N&D0&v3&H3&+0&!R:1].[O&D1&v2&H0&+0&!R:2]=[c&D3&v4&H0&+0&R&z2:3]:[n&D2&v3&H1&+0&R:4]:[c&D3&v4&H0&+0&R&z3:5]=[O&D1&v2&H0&+0&!R:6]>>[N&D1&v3&H2&+0&!R:1]-[c&D3&v4&H0&+0&R&z2:3]:[n&D2&v3&H0&+0&R:4]:[c&D3&v4&H0&+0&R&z3:5]=[O&D1&v2&H0&+0&!R:6].[O&D0&v2&H2&+0&!R:2]	Any;WATER
7_0	Pi;PPI;Any	([O&D1&v2&H1&+0&!R:1].[O&D1&v2&H1&+0&!R:2]).[P&D4&v5&H0&+0&!R:3]-[O&D1&v2&H1&+0&!R:4].[S&D3&v3&H0&+&!R:5]-[C&D2&v4&H2&+0&!R&z1:6]>>([C&D2&v4&H2&+0&!R&z1:6]-[O&D2&v2&H0&+0&!R:2].[O&D2&v2&H0&+0&!R:1]-[P&D4&v5&H0&+0&!R:3]).[O&D0&v2&H2&+0&!R:4].[S&D2&v2&H0&+0&!R:5]	Any;WATER;Any
24_0	Any;Any	[O&D1&v2&H1&+0&!R:1].[O&D2&v2&H0&+0&!R:2]-[P&D4&v5&H0&+0&!R:3]-[O&D1&v2&H1&+0&!R:4]>>[O&D1&v2&H1&+0&!R:2].[O&D2&v2&H0&+0&!R:1]-[P&D4&v5&H0&+0&!R:3]-[O&D1&v2&H1&+0&!R:4]	Any;Any
485_0	PHOSPHATE_ACCEPTOR_CoF;PHOSPHATE_ACCEPTOR_CoF	[*:1](~[O&D1&v2&H1&+0&!R:2])(~[O&D1&v2&H1&+0&!R:3])~[O&D1&v2&H1&+0&!R:4].[O&D1&v2&H0&+0&!R:5]=[P&D4&v5&H0&+0&!R:6](-[O&D1&v2&H1&+0&!R:7])-[O&D1&v2&H1&+0&!R:8]>>[*:1](~[O&D1&v2&H1&+0&!R:2])(~[O&D1&v2&H1&+0&!R:3])~[O&D2&v2&H0&+0&!R:4]-[P&D4&v5&H0&+0&!R:6](=[O&D1&v2&H0&+0&!R:5])-[O&D1&v2&H1&+0&!R:7].[O&D0&v2&H2&+0&!R:8]	PHOSPHATE_DONOR_CoF;WATER
485_1	Pi;Any	[*:1](~[O&D1&v2&H1&+0&!R:2])(~[O&D1&v2&H1&+0&!R:3])~[O&D1&v2&H1&+0&!R:4].[O&D1&v2&H0&+0&!R:5]=[P&D4&v5&H0&+0&!R:6](-[O&D1&v2&H1&+0&!R:7])-[O&D1&v2&H1&+0&!R:8]>>[*:1](~[O&D1&v2&H1&+0&!R:2])(~[O&D1&v2&H1&+0&!R:3])~[O&D2&v2&H0&+0&!R:4]-[P&D4&v5&H0&+0&!R:6](=[O&D1&v2&H0&+0&!R:5])-[O&D1&v2&H1&+0&!R:7].[O&D0&v2&H2&+0&!R:8]	Any;WATER
485_2	Pi;PHOSPHATE_ACCEPTOR_CoF	[*:1](~[O&D1&v2&H1&+0&!R:2])(~[O&D1&v2&H1&+0&!R:3])~[O&D1&v2&H1&+0&!R:4].[O&D1&v2&H0&+0&!R:5]=[P&D4&v5&H0&+0&!R:6](-[O&D1&v2&H1&+0&!R:7])-[O&D1&v2&H1&+0&!R:8]>>[*:1](~[O&D1&v2&H1&+0&!R:2])(~[O&D1&v2&H1&+0&!R:3])~[O&D2&v2&H0&+0&!R:4]-[P&D4&v5&H0&+0&!R:6](=[O&D1&v2&H0&+0&!R:5])-[O&D1&v2&H1&+0&!R:7].[O&D0&v2&H2&+0&!R:8]	PHOSPHATE_DONOR_CoF;WATER
485_3	Pi;Pi	[*:1](~[O&D1&v2&H1&+0&!R:2])(~[O&D1&v2&H1&+0&!R:3])~[O&D1&v2&H1&+0&!R:4].[O&D1&v2&H0&+0&!R:5]=[P&D4&v5&H0&+0&!R:6](-[O&D1&v2&H1&+0&!R:7])-[O&D1&v2&H1&+0&!R:8]>>[*:1](~[O&D1&v2&H1&+0&!R:2])(~[O&D1&v2&H1&+0&!R:3])~[O&D2&v2&H0&+0&!R:4]-[P&D4&v5&H0&+0&!R:6](=[O&D1&v2&H0&+0&!R:5])-[O&D1&v2&H1&+0&!R:7].[O&D0&v2&H2&+0&!R:8]	PPI;WATER
9_0	Any;Any	[C&D3&v4&H0&+0&!R&z3:1](=[O&D1&v2&H0&+0&!R:2])-[N&D2&v3&H1&+0&!R:3].[O&D1&v2&H1&+0&!R:4]>>[C&D3&v4&H0&+0&!R&z3:1](=[O&D1&v2&H0&+0&!R:2])-[O&D2&v2&H0&+0&!R:4].[N&D1&v3&H2&+0&!R:3]	Any;Any
9_1	Any;Pi	[C&D3&v4&H0&+0&!R&z3:1](=[O&D1&v2&H0&+0&!R:2])-[N&D2&v3&H1&+0&!R:3].[O&D1&v2&H1&+0&!R:4]>>[C&D3&v4&H0&+0&!R&z3:1](=[O&D1&v2&H0&+0&!R:2])-[O&D2&v2&H0&+0&!R:4].[N&D1&v3&H2&+0&!R:3]	Any;Any
209_0	Any;Any;Any;Any;WATER	[N&D1&v3&H2&+0&!R:1]-[C&D2&v4&H2&+0&!R&z1:2]-[c&D3&v4&H0&+0&R&z1:3]1:[n&D2&v3&H1&+0&R:4]:[c&D2&v4&H1&+0&R&z1:5]:[c&D3&v4&H0&+0&R&z0:6]:[c&D3&v4&H0&+0&R&z0:7]:1.[N&D1&v3&H2&+0&!R:8]-[C&D2&v4&H2&+0&!R&z1:9]-[c&D3&v4&H0&+0&R&z1:10]1:[n&D2&v3&H1&+0&R:11]:[c&D2&v4&H1&+0&R&z1:12]:[c&D3&v4&H0&+0&R&z0:13]:[c&D3&v4&H0&+0&R&z0:14]:1.[N&D1&v3&H2&+0&!R:15]-[C&D2&v4&H2&+0&!R&z1:16]-[c&D3&v4&H0&+0&R&z1:17]1:[n&D2&v3&H1&+0&R:18]:[c&D2&v4&H1&+0&R&z1:19]:[c&D3&v4&H0&+0&R&z0:20]:[c&D3&v4&H0&+0&R&z0:21]:1.[N&D1&v3&H2&+0&!R:22]-[C&D2&v4&H2&+0&!R&z1:23]-[c&D3&v4&H0&+0&R&z1:24]1:[n&D2&v3&H1&+0&R:25]:[c&D2&v4&H1&+0&R&z1:26]:[c&D3&v4&H0&+0&R&z0:27]:[c&D3&v4&H0&+0&R&z0:28]:1.[O&D0&v2&H2&+0&!R:29]>>[N&D0&v3&H3&+0&!R:1].[N&D0&v3&H3&+0&!R:8].[N&D0&v3&H3&+0&!R:15].[N&D0&v3&H3&+0&!R:22].[c&D3&v4&H0&+0&R&z0:20]1:[c&D2&v4&H1&+0&R&z1:19]:[n&D2&v3&H1&+0&R:18]:[c&D3&v4&H0&+0&R&z1:17](-[C&D2&v4&H2&+0&!R&z0:16]-[c&D3&v4&H0&+0&R&z1:12]2:[n&D2&v3&H1&+0&R:11]:[c&D3&v4&H0&+0&R&z1:10](-[C&D2&v4&H2&+0&!R&z0:9]-[c&D3&v4&H0&+0&R&z1:5]3:[n&D2&v3&H1&+0&R:4]:[c&D3&v4&H0&+0&R&z1:3](-[C&D2&v4&H2&+0&!R&z0:2]-[c&D3&v4&H0&+0&R&z1:26]4:[n&D2&v3&H1&+0&R:25]:[c&D3&v4&H0&+0&R&z1:24](-[C&D2&v4&H2&+0&!R&z1:23]-[O&D1&v2&H1&+0&!R:29]):[c&D3&v4&H0&+0&R&z0:28]:[c&D3&v4&H0&+0&R&z0:27]:4):[c&D3&v4&H0&+0&R&z0:7]:[c&D3&v4&H0&+0&R&z0:6]:3):[c&D3&v4&H0&+0&R&z0:14]:[c&D3&v4&H0&+0&R&z0:13]:2):[c&D3&v4&H0&+0&R&z0:21]:1	NH3;NH3;NH3;NH3;Any
71_0	Any;WATER	[N&D2&v3&H1&+0&R:1]-[C&D3&v4&H0&+0&R&z2:2]1=[N&D2&v3&H0&+0&R:3]-[C&D3&v4&H0&+0&R&z3:4]=[N&D2&v3&H0&+0&R:5]-[C&D3&v4&H0&+0&R&z2:6](=[O&D1&v2&H0&+0&!R:7])-[C&D3&v4&H0&+0&R&z1:8]-1=[N&D2&v3&H0&+0&R:9].[O&D0&v2&H2&+0&!R:10]>>[N&D2&v3&H1&+0&R:1]-[C&D3&v4&H0&+0&R&z2:2]1=[N&D2&v3&H0&+0&R:3]-[C&D3&v4&H0&+0&R&z3:4]=[N&D2&v3&H0&+0&R:5]-[C&D3&v4&H0&+0&R&z2:6](=[O&D1&v2&H0&+0&!R:7])-[C&D4&v4&H0&+0&R&z2:8]-1(-[O&D1&v2&H1&+0&!R:10])-[N&D2&v3&H1&+0&R:9]	Any
37_0	CO2;Any	[O&D1&v2&H0&+0&!R:1]=[C&D2&v4&H0&+0&!R&z2:2].[c&D2&v4&H1&+0&R&z1:3]>>[C&D3&v4&H0&+0&!R&z2:2](-[O&D1&v2&H1&+0&!R:1])-[c&D3&v4&H0&+0&R&z1:3]	Any
160_0	Any	[C&D3&v4&H0&+0&!R&z1:1](=[O&D1&v2&H0&+0&!R:2])-[C&D3&v4&H0&+0&!R&z2:3]-[O&D1&v2&H1&+0&!R:4]>>[C&D2&v4&H1&+0&!R&z1:1]=[O&D1&v2&H0&+0&!R:2].[O&D1&v2&H0&+0&!R:4]=[C&D2&v4&H0&+0&!R&z2:3]	Any;CO2
135_0	Any;Pi	[*:1](~[O&D1&v2&H0&+0&!R:2])~[*:3]~[*:4]~[O&D1&v2&H1&+0&!R:5].[O&D1&v2&H0&+0&!R:6]=[P&D4&v5&H0&+0&!R:7](-[O&D1&v2&H1&+0&!R:8])(-[O&D1&v2&H1&+0&!R:9])-[O&D1&v2&H1&+0&!R:10]>>[*:1](~[O&D1&v2&H0&+0&!R:2])~[*:3]~[*:4]~[O&D2&v2&H0&+0&!R:5]-[P&D4&v5&H0&+0&!R:7](=[O&D1&v2&H0&+0&!R:8])(-[O&D1&v2&H1&+0&!R:9])-[O&D1&v2&H1&+0&!R:6].[O&D0&v2&H2&+0&!R:10]	Any;WATER
135_1	PHOSPHATE_ACCEPTOR_CoF;Pi	[*:1](~[O&D1&v2&H0&+0&!R:2])~[*:3]~[*:4]~[O&D1&v2&H1&+0&!R:5].[O&D1&v2&H0&+0&!R:6]=[P&D4&v5&H0&+0&!R:7](-[O&D1&v2&H1&+0&!R:8])(-[O&D1&v2&H1&+0&!R:9])-[O&D1&v2&H1&+0&!R:10]>>[*:1](~[O&D1&v2&H0&+0&!R:2])~[*:3]~[*:4]~[O&D2&v2&H0&+0&!R:5]-[P&D4&v5&H0&+0&!R:7](=[O&D1&v2&H0&+0&!R:8])(-[O&D1&v2&H1&+0&!R:9])-[O&D1&v2&H1&+0&!R:6].[O&D0&v2&H2&+0&!R:10]	PHOSPHATE_DONOR_CoF;WATER
135_2	PPI;Pi	[*:1](~[O&D1&v2&H0&+0&!R:2])~[*:3]~[*:4]~[O&D1&v2&H1&+0&!R:5].[O&D1&v2&H0&+0&!R:6]=[P&D4&v5&H0&+0&!R:7](-[O&D1&v2&H1&+0&!R:8])(-[O&D1&v2&H1&+0&!R:9])-[O&D1&v2&H1&+0&!R:10]>>[*:1](~[O&D1&v2&H0&+0&!R:2])~[*:3]~[*:4]~[O&D2&v2&H0&+0&!R:5]-[P&D4&v5&H0&+0&!R:7](=[O&D1&v2&H0&+0&!R:8])(-[O&D1&v2&H1&+0&!R:9])-[O&D1&v2&H1&+0&!R:6].[O&D0&v2&H2&+0&!R:10]	Any;WATER
270_0	Any;Any	[C&D3&v4&H0&+0&!R&z2:1]=[O&D1&v2&H0&+0&!R:2].[C&D3&v4&H0&+0&R&z0:3]1=[C&D2&v4&H1&+0&R&z1:4]-[N&D3&v3&H0&+0&R:5]-[C&D2&v4&H1&+0&R&z1:6]=[C&D2&v4&H1&+0&R&z0:7]-[C&D2&v4&H2&+0&R&z0:8]-1>>[C&D3&v4&H1&+0&!R&z2:1]-[O&D1&v2&H1&+0&!R:2].[c&D3&v4&H0&+0&R&z0:3]1:[c&D2&v4&H1&+0&R&z0:8]:[c&D2&v4&H1&+0&R&z0:7]:[c&D2&v4&H1&+0&R&z1:6]:[n&D3&v4&H0&+&R:5]:[c&D2&v4&H1&+0&R&z1:4]:1	Any;Any
270_1	Any;NADH_CoF	[C&D3&v4&H0&+0&!R&z2:1]=[O&D1&v2&H0&+0&!R:2].[C&D3&v4&H0&+0&R&z0:3]1=[C&D2&v4&H1&+0&R&z1:4]-[N&D3&v3&H0&+0&R:5]-[C&D2&v4&H1&+0&R&z1:6]=[C&D2&v4&H1&+0&R&z0:7]-[C&D2&v4&H2&+0&R&z0:8]-1>>[C&D3&v4&H1&+0&!R&z2:1]-[O&D1&v2&H1&+0&!R:2].[c&D3&v4&H0&+0&R&z0:3]1:[c&D2&v4&H1&+0&R&z0:8]:[c&D2&v4&H1&+0&R&z0:7]:[c&D2&v4&H1&+0&R&z1:6]:[n&D3&v4&H0&+&R:5]:[c&D2&v4&H1&+0&R&z1:4]:1	Any;NAD_CoF
103_0	Any;Any	[N&D1&v3&H2&+0&!R:1].[O&D1&v2&H0&+0&!R:2]=[C&D2&v4&H1&+0&!R&z2:3]-[O&D1&v2&H1&+0&!R:4]>>[N&D2&v3&H1&+0&!R:1]-[C&D2&v4&H1&+0&!R&z2:3]=[O&D1&v2&H0&+0&!R:2].[O&D0&v2&H2&+0&!R:4]	Any;WATER
103_1	FORMYL_ACCEPTOR_CoF;Any	[N&D1&v3&H2&+0&!R:1].[O&D1&v2&H0&+0&!R:2]=[C&D2&v4&H1&+0&!R&z2:3]-[O&D1&v2&H1&+0&!R:4]>>[N&D2&v3&H1&+0&!R:1]-[C&D2&v4&H1&+0&!R&z2:3]=[O&D1&v2&H0&+0&!R:2].[O&D0&v2&H2&+0&!R:4]	FORMYL_DONOR_CoF;WATER
3_0	Any;Any;CO2	[C&D2&v4&H2&+0&!R&z0:1]-[C&D3&v4&H0&+0&!R&z1:2](=[O&D1&v2&H0&+0&!R:3])~[*:4]~[O&D1&v2&H1&+0&!R:5].[C&D3&v4&H0&+0&R&z0:6]1=[C&D2&v4&H1&+0&R&z1:7]-[N&D3&v3&H0&+0&R:8]-[C&D2&v4&H1&+0&R&z1:9]=[C&D2&v4&H1&+0&R&z0:10]-[C&D2&v4&H2&+0&R&z0:11]-1.[O&D1&v2&H0&+0&!R:12]=[C&D2&v4&H0&+0&!R&z2:13]>>[C&D3&v4&H1&+0&!R&z0:1](-[C&D3&v4&H0&+0&!R&z2:13]-[O&D1&v2&H1&+0&!R:12])-[C&D3&v4&H1&+0&!R&z1:2](-[O&D1&v2&H1&+0&!R:3])~[*:4]~[O&D1&v2&H1&+0&!R:5].[c&D3&v4&H0&+0&R&z0:6]1:[c&D2&v4&H1&+0&R&z0:11]:[c&D2&v4&H1&+0&R&z0:10]:[c&D2&v4&H1&+0&R&z1:9]:[n&D3&v4&H0&+&R:8]:[c&D2&v4&H1&+0&R&z1:7]:1	Any;Any
3_1	Any;NADH_CoF;CO2	[C&D2&v4&H2&+0&!R&z0:1]-[C&D3&v4&H0&+0&!R&z1:2](=[O&D1&v2&H0&+0&!R:3])~[*:4]~[O&D1&v2&H1&+0&!R:5].[C&D3&v4&H0&+0&R&z0:6]1=[C&D2&v4&H1&+0&R&z1:7]-[N&D3&v3&H0&+0&R:8]-[C&D2&v4&H1&+0&R&z1:9]=[C&D2&v4&H1&+0&R&z0:10]-[C&D2&v4&H2&+0&R&z0:11]-1.[O&D1&v2&H0&+0&!R:12]=[C&D2&v4&H0&+0&!R&z2:13]>>[C&D3&v4&H1&+0&!R&z0:1](-[C&D3&v4&H0&+0&!R&z2:13]-[O&D1&v2&H1&+0&!R:12])-[C&D3&v4&H1&+0&!R&z1:2](-[O&D1&v2&H1&+0&!R:3])~[*:4]~[O&D1&v2&H1&+0&!R:5].[c&D3&v4&H0&+0&R&z0:6]1:[c&D2&v4&H1&+0&R&z0:11]:[c&D2&v4&H1&+0&R&z0:10]:[c&D2&v4&H1&+0&R&z1:9]:[n&D3&v4&H0&+&R:8]:[c&D2&v4&H1&+0&R&z1:7]:1	Any;NAD_CoF
274_0	Any	[C&D2&v4&H2&+0&!R&z0:1]-[C&D2&v4&H1&+0&!R&z0:2]=[C&D2&v4&H1&+0&!R&z0:3]-[C&D3&v4&H0&+0&!R&z2:4]=[O&D1&v2&H0&+0&!R:5]>>[C&D2&v4&H1&+0&!R&z0:1]=[C&D2&v4&H1&+0&!R&z0:2]-[C&D2&v4&H2&+0&!R&z0:3]-[C&D3&v4&H0&+0&!R&z2:4]=[O&D1&v2&H0&+0&!R:5]	Any
353_0	Any;Any	[C&D2&v4&H2&+0&!R&z1:1]-[C&D2&v4&H2&+0&!R&z0:2]-[C&D3&v4&H0&+0&!R&z2:3]=[O&D1&v2&H0&+0&!R:4].[c&D3&v4&H0&+0&R&z0:5]1:[c&D2&v4&H1&+0&R&z0:6]:[c&D2&v4&H1&+0&R&z0:7]:[c&D2&v4&H1&+0&R&z1:8]:[n&D3&v4&H0&+&R:9]:[c&D2&v4&H1&+0&R&z1:10]:1>>[C&D2&v4&H1&+0&!R&z1:1]=[C&D2&v4&H1&+0&!R&z0:2]-[C&D3&v4&H0&+0&!R&z2:3]=[O&D1&v2&H0&+0&!R:4].[C&D3&v4&H0&+0&R&z0:5]1=[C&D2&v4&H1&+0&R&z1:10]-[N&D3&v3&H0&+0&R:9]-[C&D2&v4&H1&+0&R&z1:8]=[C&D2&v4&H1&+0&R&z0:7]-[C&D2&v4&H2&+0&R&z0:6]-1	Any;Any
353_1	Any;NAD_CoF	[C&D2&v4&H2&+0&!R&z1:1]-[C&D2&v4&H2&+0&!R&z0:2]-[C&D3&v4&H0&+0&!R&z2:3]=[O&D1&v2&H0&+0&!R:4].[c&D3&v4&H0&+0&R&z0:5]1:[c&D2&v4&H1&+0&R&z0:6]:[c&D2&v4&H1&+0&R&z0:7]:[c&D2&v4&H1&+0&R&z1:8]:[n&D3&v4&H0&+&R:9]:[c&D2&v4&H1&+0&R&z1:10]:1>>[C&D2&v4&H1&+0&!R&z1:1]=[C&D2&v4&H1&+0&!R&z0:2]-[C&D3&v4&H0&+0&!R&z2:3]=[O&D1&v2&H0&+0&!R:4].[C&D3&v4&H0&+0&R&z0:5]1=[C&D2&v4&H1&+0&R&z1:10]-[N&D3&v3&H0&+0&R:9]-[C&D2&v4&H1&+0&R&z1:8]=[C&D2&v4&H1&+0&R&z0:7]-[C&D2&v4&H2&+0&R&z0:6]-1	Any;NADH_CoF
158_0	PHOSPHATE_ACCEPTOR_CoF;PYROPHOSPHATE_DONOR_CoF;Any	[*:1](~[O&D1&v2&H1&+0&!R:2])~[O&D1&v2&H1&+0&!R:3].[*:4](~[O&D1&v2&H1&+0&!R:5])~[O&D2&v2&H0&+0&!R:6]-[P&D4&v5&H0&+0&!R:7](-[O&D1&v2&H1&+0&!R:8])-[O&D2&v2&H0&+0&!R:9]-[P&D4&v5&H0&+0&!R:10]-[O&D1&v2&H1&+0&!R:11].[C&D1&v4&H3&+0&!R&z0:12]-[C&D3&v4&H0&+0&!R&z1:13](=[O&D1&v2&H0&+0&!R:14])~[*:15]~[O&D1&v2&H1&+0&!R:16]>>[*:4](~[O&D1&v2&H1&+0&!R:5])~[O&D1&v2&H1&+0&!R:6].[C&D1&v4&H2&+0&!R&z0:12]=[C&D3&v4&H0&+0&!R&z1:13](-[O&D2&v2&H0&+0&!R:14]-[P&D4&v5&H0&+0&!R:7](-[O&D1&v2&H1&+0&!R:8])-[O&D1&v2&H1&+0&!R:9])~[*:15]~[O&D1&v2&H1&+0&!R:16].[P&D4&v5&H0&+0&!R:10](-[O&D1&v2&H1&+0&!R:11])-[O&D2&v2&H0&+0&!R:3]~[*:1]~[O&D1&v2&H1&+0&!R:2]	PYROPHOSPHATE_ACCEPTOR_CoF;Any;PHOSPHATE_DONOR_CoF
158_1	Pi;Any;Any	[*:1](~[O&D1&v2&H1&+0&!R:2])~[O&D1&v2&H1&+0&!R:3].[*:4](~[O&D1&v2&H1&+0&!R:5])~[O&D2&v2&H0&+0&!R:6]-[P&D4&v5&H0&+0&!R:7](-[O&D1&v2&H1&+0&!R:8])-[O&D2&v2&H0&+0&!R:9]-[P&D4&v5&H0&+0&!R:10]-[O&D1&v2&H1&+0&!R:11].[C&D1&v4&H3&+0&!R&z0:12]-[C&D3&v4&H0&+0&!R&z1:13](=[O&D1&v2&H0&+0&!R:14])~[*:15]~[O&D1&v2&H1&+0&!R:16]>>[*:4](~[O&D1&v2&H1&+0&!R:5])~[O&D1&v2&H1&+0&!R:6].[C&D1&v4&H2&+0&!R&z0:12]=[C&D3&v4&H0&+0&!R&z1:13](-[O&D2&v2&H0&+0&!R:14]-[P&D4&v5&H0&+0&!R:7](-[O&D1&v2&H1&+0&!R:8])-[O&D1&v2&H1&+0&!R:9])~[*:15]~[O&D1&v2&H1&+0&!R:16].[P&D4&v5&H0&+0&!R:10](-[O&D1&v2&H1&+0&!R:11])-[O&D2&v2&H0&+0&!R:3]~[*:1]~[O&D1&v2&H1&+0&!R:2]	Any;Any;PPI
443_0	Any;Any	[C&D3&v4&H1&+0&R&z2:1](-[O&D2&v2&H0&+0&!R:2]~[*:3](~[O&D1&v2&H1&+0&!R:4])~[*:5]~[*:6](~[O&D1&v2&H1&+0&!R:7])~[O&D1&v2&H1&+0&!R:8])~[*:9](~[O&D1&v2&H1&+0&!R:10])~[*:11]~[O&D1&v2&H1&+0&!R:12].[n&D2&v3&H1&+0&R:13]>>[*:3](~[O&D1&v2&H1&+0&!R:2])(~[O&D1&v2&H1&+0&!R:4])~[*:5]~[*:6](~[O&D1&v2&H1&+0&!R:8])~[O&D1&v2&H1&+0&!R:7].[n&D3&v3&H0&+0&R:13]-[C&D3&v4&H1&+0&R&z2:1]~[*:9](~[*:11]~[O&D1&v2&H1&+0&!R:12])~[O&D1&v2&H1&+0&!R:10]	PPI;Any
407_0	Any;WATER	[C&D3&v4&H0&+0&!R&z3:1](-[N&D1&v3&H2&+0&!R:2])=[O&D1&v2&H0&+0&!R:3].[O&D0&v2&H2&+0&!R:4]>>[C&D3&v4&H0&+0&!R&z3:1](=[O&D1&v2&H0&+0&!R:3])-[O&D1&v2&H1&+0&!R:4].[N&D0&v3&H3&+0&!R:2]	Any;NH3
407_1	Any;WATER	[C&D3&v4&H0&+0&!R&z3:1](-[N&D1&v3&H2&+0&!R:2])=[O&D1&v2&H0&+0&!R:3].[O&D0&v2&H2&+0&!R:4]>>[C&D3&v4&H0&+0&!R&z3:1](=[O&D1&v2&H0&+0&!R:3])-[O&D1&v2&H1&+0&!R:4].[N&D0&v3&H3&+0&!R:2]	CO3;NH3
346_0	Any;Any;Any;Any	[C&D1&v4&H3&+0&!R&z1:1]-[S&D3&v3&H0&+&!R:2].[C&D1&v4&H3&+0&!R&z1:3]-[S&D3&v3&H0&+&!R:4].[C&D1&v4&H3&+0&!R&z1:5]-[S&D3&v3&H0&+&!R:6].[N&D1&v3&H2&+0&!R:7]>>[N&D4&v4&H0&+&!R:7](-[C&D1&v4&H3&+0&!R&z1:3])(-[C&D1&v4&H3&+0&!R&z1:1])-[C&D1&v4&H3&+0&!R&z1:5].[S&D2&v2&H0&+0&!R:2].[S&D2&v2&H0&+0&!R:4].[S&D2&v2&H0&+0&!R:6]	Any;Any;Any;Any
346_1	METHYL_DONOR_CoF;METHYL_DONOR_CoF;METHYL_DONOR_CoF;Any	[C&D1&v4&H3&+0&!R&z1:1]-[S&D3&v3&H0&+&!R:2].[C&D1&v4&H3&+0&!R&z1:3]-[S&D3&v3&H0&+&!R:4].[C&D1&v4&H3&+0&!R&z1:5]-[S&D3&v3&H0&+&!R:6].[N&D1&v3&H2&+0&!R:7]>>[N&D4&v4&H0&+&!R:7](-[C&D1&v4&H3&+0&!R&z1:3])(-[C&D1&v4&H3&+0&!R&z1:1])-[C&D1&v4&H3&+0&!R&z1:5].[S&D2&v2&H0&+0&!R:2].[S&D2&v2&H0&+0&!R:4].[S&D2&v2&H0&+0&!R:6]	Any;METHYL_ACCEPTOR_CoF;METHYL_ACCEPTOR_CoF;METHYL_ACCEPTOR_CoF
178_0	Any	[C&D3&v4&H1&+0&R&z1:1](-[C&D2&v4&H2&+0&!R&z1:2]-[O&D1&v2&H1&+0&!R:3])-[C&D3&v4&H1&+0&R&z1:4]-[O&D1&v2&H1&+0&!R:5]>>[C&D3&v4&H1&+0&R&z1:1](-[C&D1&v4&H3&+0&!R&z0:2])-[C&D3&v4&H0&+0&R&z1:4]=[O&D1&v2&H0&+0&!R:5].[O&D0&v2&H2&+0&!R:3]	Any;WATER
254_0	Any	[C&D3&v4&H1&+0&!R&z2:1](-[O&D1&v2&H1&+0&!R:2])-[C&D2&v4&H2&+0&!R&z0:3]-[C&D3&v4&H0&+0&!R&z2:4]=[O&D1&v2&H0&+0&!R:5]>>[C&D2&v4&H1&+0&!R&z1:1]=[C&D2&v4&H1&+0&!R&z0:3]-[C&D3&v4&H0&+0&!R&z2:4]=[O&D1&v2&H0&+0&!R:5].[O&D0&v2&H2&+0&!R:2]	Any;WATER
489_0	Any;SULFATE	[N&D1&v3&H2&+0&!R:1].[S&D4&v6&H0&+0&!R:2]-[O&D1&v2&H1&+0&!R:3]>>[O&D0&v2&H2&+0&!R:3].[S&D4&v6&H0&+0&!R:2]-[N&D2&v3&H1&+0&!R:1]	WATER;Any
8_0	Any;Any	[C&D3&v4&H0&+0&!R&z3:1](=[O&D1&v2&H0&+0&!R:2])-[O&D2&v2&H0&+0&!R:3].[N&D1&v3&H2&+0&!R:4]>>[C&D3&v4&H0&+0&!R&z3:1](=[O&D1&v2&H0&+0&!R:2])-[N&D2&v3&H1&+0&!R:4].[O&D1&v2&H1&+0&!R:3]	Any;Any
8_1	Any;Any	[C&D3&v4&H0&+0&!R&z3:1](=[O&D1&v2&H0&+0&!R:2])-[O&D2&v2&H0&+0&!R:3].[N&D1&v3&H2&+0&!R:4]>>[C&D3&v4&H0&+0&!R&z3:1](=[O&D1&v2&H0&+0&!R:2])-[N&D2&v3&H1&+0&!R:4].[O&D1&v2&H1&+0&!R:3]	Any;Pi
140_0	Any	[C&D4&v4&H0&+0&!R&z1:1](-[O&D1&v2&H1&+0&!R:2])-[C&D3&v4&H1&+0&!R&z0:3]-[C&D3&v4&H0&+0&!R&z2:4]=[O&D1&v2&H0&+0&!R:5]>>[C&D3&v4&H0&+0&!R&z1:1]=[O&D1&v2&H0&+0&!R:2].[O&D1&v2&H0&+0&!R:5]=[C&D3&v4&H0&+0&!R&z2:4]-[C&D2&v4&H2&+0&!R&z0:3]	Any;Any
161_0	Any;CO2	[C&D2&v4&H1&+0&!R&z1:1]=[O&D1&v2&H0&+0&!R:2].[O&D1&v2&H0&+0&!R:3]=[C&D2&v4&H0&+0&!R&z2:4]>>[C&D3&v4&H0&+0&!R&z1:1](=[O&D1&v2&H0&+0&!R:2])-[C&D3&v4&H0&+0&!R&z2:4]-[O&D1&v2&H1&+0&!R:3]	Any
459_0	Any;Any	[N&D1&v3&H2&+0&!R:1].[n&D3&v4&H0&+&R:2]-[C&D3&v4&H1&+0&R&z2:3]>>[N&D2&v3&H1&+0&!R:1]-[C&D3&v4&H1&+0&R&z2:3].[n&D2&v3&H0&+0&R:2]	Any;Any
335_0	Any;Any	[c&D3&v4&H0&+0&R&z0:1]1:[c&D2&v4&H1&+0&R&z0:2]:[c&D2&v4&H1&+0&R&z0:3]:[c&D2&v4&H1&+0&R&z1:4]:[n&D3&v4&H0&+&R:5]:[c&D2&v4&H1&+0&R&z1:6]:1.[c&D3&v4&H0&+0&R&z1:7]1:[n&D2&v3&H1&+0&R:8]:[c&D3&v4&H0&+0&R&z1:9](-[C&D2&v4&H2&+0&!R&z0:10]):[c&D3&v4&H0&+0&R&z0:11]:[c&D3&v4&H0&+0&R&z0:12]:1>>[C&D3&v4&H0&+0&R&z0:1]1=[C&D2&v4&H1&+0&R&z1:6]-[N&D3&v3&H0&+0&R:5]-[C&D2&v4&H1&+0&R&z1:4]=[C&D2&v4&H1&+0&R&z0:3]-[C&D2&v4&H2&+0&R&z0:2]-1.[C&D3&v4&H0&+0&R&z1:7]1=[N&D2&v3&H0&+0&R:8]-[C&D3&v4&H0&+0&R&z1:9](=[C&D2&v4&H1&+0&!R&z0:10])-[C&D3&v4&H0&+0&R&z0:11]=[C&D3&v4&H0&+0&R&z0:12]-1	Any;Any
335_1	NAD_CoF;Any	[c&D3&v4&H0&+0&R&z0:1]1:[c&D2&v4&H1&+0&R&z0:2]:[c&D2&v4&H1&+0&R&z0:3]:[c&D2&v4&H1&+0&R&z1:4]:[n&D3&v4&H0&+&R:5]:[c&D2&v4&H1&+0&R&z1:6]:1.[c&D3&v4&H0&+0&R&z1:7]1:[n&D2&v3&H1&+0&R:8]:[c&D3&v4&H0&+0&R&z1:9](-[C&D2&v4&H2&+0&!R&z0:10]):[c&D3&v4&H0&+0&R&z0:11]:[c&D3&v4&H0&+0&R&z0:12]:1>>[C&D3&v4&H0&+0&R&z0:1]1=[C&D2&v4&H1&+0&R&z1:6]-[N&D3&v3&H0&+0&R:5]-[C&D2&v4&H1&+0&R&z1:4]=[C&D2&v4&H1&+0&R&z0:3]-[C&D2&v4&H2&+0&R&z0:2]-1.[C&D3&v4&H0&+0&R&z1:7]1=[N&D2&v3&H0&+0&R:8]-[C&D3&v4&H0&+0&R&z1:9](=[C&D2&v4&H1&+0&!R&z0:10])-[C&D3&v4&H0&+0&R&z0:11]=[C&D3&v4&H0&+0&R&z0:12]-1	NADH_CoF;Any
111_0	Any;Any	[N&D2&v3&H1&+0&R:1]-[C&D3&v4&H1&+0&R&z1:2].[c&D3&v4&H0&+0&R&z0:3]1:[c&D2&v4&H1&+0&R&z0:4]:[c&D2&v4&H1&+0&R&z0:5]:[c&D2&v4&H1&+0&R&z1:6]:[n&D3&v4&H0&+&R:7]:[c&D2&v4&H1&+0&R&z1:8]:1>>[C&D3&v4&H0&+0&R&z0:3]1=[C&D2&v4&H1&+0&R&z1:8]-[N&D3&v3&H0&+0&R:7]-[C&D2&v4&H1&+0&R&z1:6]=[C&D2&v4&H1&+0&R&z0:5]-[C&D2&v4&H2&+0&R&z0:4]-1.[N&D2&v3&H0&+0&R:1]=[C&D3&v4&H0&+0&R&z1:2]	Any;Any
111_1	Any;NAD_CoF	[N&D2&v3&H1&+0&R:1]-[C&D3&v4&H1&+0&R&z1:2].[c&D3&v4&H0&+0&R&z0:3]1:[c&D2&v4&H1&+0&R&z0:4]:[c&D2&v4&H1&+0&R&z0:5]:[c&D2&v4&H1&+0&R&z1:6]:[n&D3&v4&H0&+&R:7]:[c&D2&v4&H1&+0&R&z1:8]:1>>[C&D3&v4&H0&+0&R&z0:3]1=[C&D2&v4&H1&+0&R&z1:8]-[N&D3&v3&H0&+0&R:7]-[C&D2&v4&H1&+0&R&z1:6]=[C&D2&v4&H1&+0&R&z0:5]-[C&D2&v4&H2&+0&R&z0:4]-1.[N&D2&v3&H0&+0&R:1]=[C&D3&v4&H0&+0&R&z1:2]	NADH_CoF;Any
439_0	Any;Any	[C&D3&v4&H0&+0&R&z0:1]1=[C&D2&v4&H1&+0&R&z1:2]-[N&D3&v3&H0&+0&R:3]-[C&D2&v4&H1&+0&R&z1:4]=[C&D2&v4&H1&+0&R&z0:5]-[C&D2&v4&H2&+0&R&z0:6]-1.[O&D1&v2&H0&+0&!R:7]=[c&D3&v4&H0&+0&R&z2:8]1:[c&D2&v4&H1&+0&R&z0:9]:[c&D2&v4&H1&+0&R&z1:10]:[n&D2&v3&H1&+0&R:11]:[c&D3&v4&H0&+0&R&z3:12]:[n&D2&v3&H1&+0&R:13]:1>>[O&D1&v2&H0&+0&!R:7]=[C&D3&v4&H0&+0&R&z2:8]1-[C&D2&v4&H2&+0&R&z0:9]-[C&D2&v4&H2&+0&R&z1:10]-[N&D2&v3&H1&+0&R:11]-[C&D3&v4&H0&+0&R&z3:12]-[N&D2&v3&H1&+0&R:13]-1.[c&D3&v4&H0&+0&R&z0:1]1:[c&D2&v4&H1&+0&R&z0:6]:[c&D2&v4&H1&+0&R&z0:5]:[c&D2&v4&H1&+0&R&z1:4]:[n&D3&v4&H0&+&R:3]:[c&D2&v4&H1&+0&R&z1:2]:1	Any;Any
439_1	NADH_CoF;Any	[C&D3&v4&H0&+0&R&z0:1]1=[C&D2&v4&H1&+0&R&z1:2]-[N&D3&v3&H0&+0&R:3]-[C&D2&v4&H1&+0&R&z1:4]=[C&D2&v4&H1&+0&R&z0:5]-[C&D2&v4&H2&+0&R&z0:6]-1.[O&D1&v2&H0&+0&!R:7]=[c&D3&v4&H0&+0&R&z2:8]1:[c&D2&v4&H1&+0&R&z0:9]:[c&D2&v4&H1&+0&R&z1:10]:[n&D2&v3&H1&+0&R:11]:[c&D3&v4&H0&+0&R&z3:12]:[n&D2&v3&H1&+0&R:13]:1>>[O&D1&v2&H0&+0&!R:7]=[C&D3&v4&H0&+0&R&z2:8]1-[C&D2&v4&H2&+0&R&z0:9]-[C&D2&v4&H2&+0&R&z1:10]-[N&D2&v3&H1&+0&R:11]-[C&D3&v4&H0&+0&R&z3:12]-[N&D2&v3&H1&+0&R:13]-1.[c&D3&v4&H0&+0&R&z0:1]1:[c&D2&v4&H1&+0&R&z0:6]:[c&D2&v4&H1&+0&R&z0:5]:[c&D2&v4&H1&+0&R&z1:4]:[n&D3&v4&H0&+&R:3]:[c&D2&v4&H1&+0&R&z1:2]:1	Any;NAD_CoF
129_0	Any	([C&D3&v4&H1&+0&!R&z1:1](-[O&D1&v2&H1&+0&!R:2])-[C&D2&v4&H1&+0&!R&z0:3]=[C&D2&v4&H1&+0&!R&z0:4]-[C&D2&v4&H1&+0&!R&z0:5]=[C&D2&v4&H1&+0&!R&z0:6]-[C&D2&v4&H1&+0&!R&z0:7]=[C&D2&v4&H1&+0&!R&z0:8].[O&D1&v2&H1&+0&!R:9])>>[C&D2&v4&H1&+0&!R&z0:1]=[C&D2&v4&H1&+0&!R&z0:3]-[C&D2&v4&H1&+0&!R&z0:4]=[C&D2&v4&H1&+0&!R&z0:5]-[C&D2&v4&H1&+0&!R&z0:6]=[C&D2&v4&H1&+0&!R&z0:7]-[C&D3&v4&H1&+0&R&z1:8]-[O&D2&v2&H0&+0&R:9].[O&D0&v2&H2&+0&!R:2]	Any;WATER
166_0	Any;Any	([O&D1&v2&H0&+0&!R:1]=[C&D2&v4&H1&+0&!R&z1:2].[O&D1&v2&H1&+0&!R:3]).[O&D1&v2&H0&+0&!R:4]=[C&D3&v4&H0&+0&!R&z1:5](-[C&D2&v4&H2&+0&!R&z1:6])~[*:7]~[*:8]~[*:9]~[O&D1&v2&H1&+0&!R:10]>>[O&D2&v2&H0&+0&R:3]-[C&D4&v4&H0&+0&R&z2:5](-[O&D1&v2&H1&+0&!R:4])(~[*:7]~[*:8]~[*:9]~[O&D1&v2&H1&+0&!R:10])-[C&D3&v4&H1&+0&R&z1:6]-[C&D3&v4&H1&+0&R&z1:2]-[O&D1&v2&H1&+0&!R:1]	Any
116_0	PPI;CO2;Any;Any	[*:1](~[O&D1&v2&H1&+0&!R:2])(~[O&D1&v2&H1&+0&!R:3])~[*:4]~[*:5]~[O&D1&v2&H1&+0&!R:6].[O&D1&v2&H0&+0&!R:7]=[C&D2&v4&H0&+0&!R&z2:8]=[O&D1&v2&H0&+0&!R:9].[O&D1&v2&H0&+0&!R:10]=[C&D3&v4&H0&+0&R&z2:11].[P&D4&v5&H0&+0&!R:12]-[O&D1&v2&H1&+0&!R:13]>>[O&D1&v2&H0&+0&!R:7]=[C&D3&v4&H0&+0&!R&z2:8](-[O&D1&v2&H1&+0&!R:13])-[C&D3&v4&H1&+0&R&z1:11].[O&D1&v2&H0&+0&!R:10]=[O&D1&v2&H0&+0&!R:9].[P&D4&v5&H0&+0&!R:12]-[O&D2&v2&H0&+0&!R:2]~[*:1](~[O&D1&v2&H1&+0&!R:3])~[*:4]~[*:5]~[O&D1&v2&H1&+0&!R:6]	Any;O2;Any
116_1	PPI;CO2;Any;PYROPHOSPHATE_ACCEPTOR_CoF	[*:1](~[O&D1&v2&H1&+0&!R:2])(~[O&D1&v2&H1&+0&!R:3])~[*:4]~[*:5]~[O&D1&v2&H1&+0&!R:6].[O&D1&v2&H0&+0&!R:7]=[C&D2&v4&H0&+0&!R&z2:8]=[O&D1&v2&H0&+0&!R:9].[O&D1&v2&H0&+0&!R:10]=[C&D3&v4&H0&+0&R&z2:11].[P&D4&v5&H0&+0&!R:12]-[O&D1&v2&H1&+0&!R:13]>>[O&D1&v2&H0&+0&!R:7]=[C&D3&v4&H0&+0&!R&z2:8](-[O&D1&v2&H1&+0&!R:13])-[C&D3&v4&H1&+0&R&z1:11].[O&D1&v2&H0&+0&!R:10]=[O&D1&v2&H0&+0&!R:9].[P&D4&v5&H0&+0&!R:12]-[O&D2&v2&H0&+0&!R:2]~[*:1](~[O&D1&v2&H1&+0&!R:3])~[*:4]~[*:5]~[O&D1&v2&H1&+0&!R:6]	Any;O2;PYROPHOSPHATE_DONOR_CoF
508_0	Any	[C&D3&v4&H0&+0&!R&z2:1](-[O&D1&v2&H1&+0&!R:2])-[c&D3&v4&H0&+0&R&z0:3]:[c&D3&v4&H0&+0&R&z1:4]-[O&D1&v2&H1&+0&!R:5]>>[C&D2&v4&H0&+0&!R&z2:1]=[O&D1&v2&H0&+0&!R:2].[O&D1&v2&H1&+0&!R:5]-[c&D3&v4&H0&+0&R&z1:4]:[c&D2&v4&H1&+0&R&z0:3]	CO2;Any
398_0	WATER;Any	[O&D0&v2&H2&+0&!R:1].[S&D2&v2&H0&+0&!R:2]-[C&D2&v4&H2&+0&!R&z1:3]-[C&D3&v4&H1&+0&!R&z1:4]-[N&D1&v3&H2&+0&!R:5]>>[N&D1&v3&H2&+0&!R:5]-[C&D3&v4&H1&+0&!R&z1:4]-[C&D2&v4&H2&+0&!R&z1:3]-[O&D1&v2&H1&+0&!R:1].[S&D1&v2&H1&+0&!R:2]	Any;Any
146_0	Any	[C&D3&v4&H1&+0&R&z1:1]-[O&D2&v2&H0&+0&R:2]-[O&D2&v2&H0&+0&R:3]>>([C&D3&v4&H0&+0&R&z1:1]=[O&D1&v2&H0&+0&!R:2].[O&D1&v2&H1&+0&!R:3])	Any
11_0	Any;Any;CO2	[C&D1&v4&H3&+0&!R&z0:1]-[C&D3&v4&H0&+0&!R&z1:2](=[O&D1&v2&H0&+0&!R:3])~[*:4](~[O&D1&v2&H0&+0&!R:5])~[O&D1&v2&H1&+0&!R:6].[C&D3&v4&H0&+0&R&z0:7]1=[C&D2&v4&H1&+0&R&z1:8]-[N&D3&v3&H0&+0&R:9]-[C&D2&v4&H1&+0&R&z1:10]=[C&D2&v4&H1&+0&R&z0:11]-[C&D2&v4&H2&+0&R&z0:12]-1.[O&D1&v2&H0&+0&!R:13]=[C&D2&v4&H0&+0&!R&z2:14]>>[C&D3&v4&H0&+0&!R&z2:14](-[O&D1&v2&H1&+0&!R:13])-[C&D2&v4&H2&+0&!R&z0:1]-[C&D3&v4&H1&+0&!R&z1:2](-[O&D1&v2&H1&+0&!R:3])~[*:4](~[O&D1&v2&H0&+0&!R:5])~[O&D1&v2&H1&+0&!R:6].[c&D3&v4&H0&+0&R&z0:7]1:[c&D2&v4&H1&+0&R&z0:12]:[c&D2&v4&H1&+0&R&z0:11]:[c&D2&v4&H1&+0&R&z1:10]:[n&D3&v4&H0&+&R:9]:[c&D2&v4&H1&+0&R&z1:8]:1	Any;Any
11_1	Any;NADH_CoF;CO2	[C&D1&v4&H3&+0&!R&z0:1]-[C&D3&v4&H0&+0&!R&z1:2](=[O&D1&v2&H0&+0&!R:3])~[*:4](~[O&D1&v2&H0&+0&!R:5])~[O&D1&v2&H1&+0&!R:6].[C&D3&v4&H0&+0&R&z0:7]1=[C&D2&v4&H1&+0&R&z1:8]-[N&D3&v3&H0&+0&R:9]-[C&D2&v4&H1&+0&R&z1:10]=[C&D2&v4&H1&+0&R&z0:11]-[C&D2&v4&H2&+0&R&z0:12]-1.[O&D1&v2&H0&+0&!R:13]=[C&D2&v4&H0&+0&!R&z2:14]>>[C&D3&v4&H0&+0&!R&z2:14](-[O&D1&v2&H1&+0&!R:13])-[C&D2&v4&H2&+0&!R&z0:1]-[C&D3&v4&H1&+0&!R&z1:2](-[O&D1&v2&H1&+0&!R:3])~[*:4](~[O&D1&v2&H0&+0&!R:5])~[O&D1&v2&H1&+0&!R:6].[c&D3&v4&H0&+0&R&z0:7]1:[c&D2&v4&H1&+0&R&z0:12]:[c&D2&v4&H1&+0&R&z0:11]:[c&D2&v4&H1&+0&R&z1:10]:[n&D3&v4&H0&+&R:9]:[c&D2&v4&H1&+0&R&z1:8]:1	Any;NAD_CoF
384_0	WATER;Any	[O&D0&v2&H2&+0&!R:1].[c&D3&v4&H0&+0&R&z0:2]1:[c&D2&v4&H1&+0&R&z0:3]:[c&D2&v4&H1&+0&R&z0:4]:[c&D2&v4&H1&+0&R&z0:5]:[c&D2&v4&H1&+0&R&z0:6]:[c&D3&v4&H0&+0&R&z0:7]:1-[C&D3&v4&H0&+0&!R&z2:8](=[O&D1&v2&H0&+0&!R:9])-[O&D1&v2&H1&+0&!R:10]>>[C&D3&v4&H0&+0&R&z0:2]1=[C&D2&v4&H1&+0&R&z0:3]-[C&D2&v4&H1&+0&R&z0:4]=[C&D2&v4&H1&+0&R&z0:5]-[C&D3&v4&H1&+0&R&z1:6](-[O&D1&v2&H1&+0&!R:1])-[C&D3&v4&H1&+0&R&z0:7]-1-[C&D3&v4&H0&+0&!R&z2:8](=[O&D1&v2&H0&+0&!R:9])-[O&D1&v2&H1&+0&!R:10]	Any
478_0	Any;Any	[C&D3&v4&H0&+0&!R&z2:1](-[O&D1&v2&H1&+0&!R:2])-[C&D3&v4&H1&+0&!R&z1:3]-[C&D3&v4&H1&+0&!R&z1:4]-[O&D1&v2&H1&+0&!R:5].[c&D3&v4&H0&+0&R&z0:6]1:[c&D2&v4&H1&+0&R&z0:7]:[c&D2&v4&H1&+0&R&z0:8]:[c&D2&v4&H1&+0&R&z1:9]:[n&D3&v4&H0&+&R:10]:[c&D2&v4&H1&+0&R&z1:11]:1>>[C&D2&v4&H0&+0&!R&z2:1]=[O&D1&v2&H0&+0&!R:2].[C&D3&v4&H0&+0&R&z0:6]1=[C&D2&v4&H1&+0&R&z1:11]-[N&D3&v3&H0&+0&R:10]-[C&D2&v4&H1&+0&R&z1:9]=[C&D2&v4&H1&+0&R&z0:8]-[C&D2&v4&H2&+0&R&z0:7]-1.[O&D1&v2&H0&+0&!R:5]=[C&D3&v4&H0&+0&!R&z1:4]-[C&D2&v4&H2&+0&!R&z1:3]	CO2;Any;Any
478_1	Any;NAD_CoF	[C&D3&v4&H0&+0&!R&z2:1](-[O&D1&v2&H1&+0&!R:2])-[C&D3&v4&H1&+0&!R&z1:3]-[C&D3&v4&H1&+0&!R&z1:4]-[O&D1&v2&H1&+0&!R:5].[c&D3&v4&H0&+0&R&z0:6]1:[c&D2&v4&H1&+0&R&z0:7]:[c&D2&v4&H1&+0&R&z0:8]:[c&D2&v4&H1&+0&R&z1:9]:[n&D3&v4&H0&+&R:10]:[c&D2&v4&H1&+0&R&z1:11]:1>>[C&D2&v4&H0&+0&!R&z2:1]=[O&D1&v2&H0&+0&!R:2].[C&D3&v4&H0&+0&R&z0:6]1=[C&D2&v4&H1&+0&R&z1:11]-[N&D3&v3&H0&+0&R:10]-[C&D2&v4&H1&+0&R&z1:9]=[C&D2&v4&H1&+0&R&z0:8]-[C&D2&v4&H2&+0&R&z0:7]-1.[O&D1&v2&H0&+0&!R:5]=[C&D3&v4&H0&+0&!R&z1:4]-[C&D2&v4&H2&+0&!R&z1:3]	CO2;NADH_CoF;Any
362_0	CO2;Any	[C&D2&v4&H0&+0&!R&z2:1]=[O&D1&v2&H0&+0&!R:2].[C&D2&v4&H2&+0&!R&z1:3]-[C&D2&v4&H2&+0&!R&z1:4]-[S&D1&v2&H1&+0&!R:5]>>[C&D3&v4&H1&+0&!R&z1:3](-[C&D2&v4&H2&+0&!R&z1:4]-[S&D1&v2&H1&+0&!R:5])-[C&D3&v4&H0&+0&!R&z2:1]-[O&D1&v2&H1&+0&!R:2]	Any
268_0	Any;CO2	[C&D3&v4&H0&+0&!R&z1:1](=[O&D1&v2&H0&+0&!R:2])-[C&D3&v4&H1&+0&!R&z1:3]-[O&D1&v2&H1&+0&!R:4].[O&D1&v2&H0&+0&!R:5]=[C&D2&v4&H0&+0&!R&z2:6]>>[C&D3&v4&H0&+0&!R&z1:1](=[O&D1&v2&H0&+0&!R:2])-[C&D3&v4&H0&+0&!R&z2:6]-[O&D1&v2&H1&+0&!R:5].[O&D1&v2&H0&+0&!R:4]=[C&D2&v4&H1&+0&!R&z1:3]	Any;Any
56_0	Any	([O&D1&v2&H1&+0&!R:1].[P&D4&v5&H0&+0&!R:2]-[O&D2&v2&H0&+0&!R:3]~[*:4](~[O&D1&v2&H0&+0&!R:5])~[*:6]~[*:7]~[O&D1&v2&H1&+0&!R:8])>>[*:7](~[O&D1&v2&H1&+0&!R:8])~[*:6]~[*:4](~[O&D1&v2&H0&+0&!R:5])~[O&D1&v2&H1&+0&!R:3].[P&D4&v5&H0&+0&R:2]-[O&D2&v2&H0&+0&R:1]	PPI;Any
417_0	Any;WATER	[*:1](~[N&D1&v3&H2&+0&!R:2])~[C&D3&v4&H0&+0&!R&z2:3](=[O&D1&v2&H0&+0&!R:4])-[O&D2&v2&H0&+0&!R:5].[O&D0&v2&H2&+0&!R:6]>>[*:1](~[N&D1&v3&H2&+0&!R:2])~[C&D3&v4&H0&+0&!R&z2:3](=[O&D1&v2&H0&+0&!R:4])-[O&D1&v2&H1&+0&!R:6].[O&D1&v2&H1&+0&!R:5]	Any;Any
273_0	Any	[C&D2&v4&H1&+0&!R&z0:1]=[C&D2&v4&H1&+0&!R&z0:2]-[C&D2&v4&H2&+0&!R&z0:3]-[C&D3&v4&H0&+0&!R&z2:4]=[O&D1&v2&H0&+0&!R:5]>>[C&D2&v4&H2&+0&!R&z0:1]-[C&D2&v4&H1&+0&!R&z0:2]=[C&D2&v4&H1&+0&!R&z0:3]-[C&D3&v4&H0&+0&!R&z2:4]=[O&D1&v2&H0&+0&!R:5]	Any
192_0	Any;Any	[*:1](~[O&D1&v2&H1&+0&!R:2])~[O&D1&v2&H1&+0&!R:3].[O&D2&v2&H0&+0&!R:4]-[P&D4&v5&H0&+0&!R:5](=[O&D1&v2&H0&+0&!R:6])(-[O&D1&v2&H1&+0&!R:7])-[O&D1&v2&H1&+0&!R:8]>>[*:1](~[O&D1&v2&H1&+0&!R:2])~[O&D2&v2&H0&+0&!R:3]-[P&D4&v5&H0&+0&!R:5](=[O&D1&v2&H0&+0&!R:8])(-[O&D1&v2&H1&+0&!R:6])-[O&D1&v2&H1&+0&!R:7].[O&D1&v2&H1&+0&!R:4]	Any;Any
192_1	PHOSPHATE_ACCEPTOR_CoF;Any	[*:1](~[O&D1&v2&H1&+0&!R:2])~[O&D1&v2&H1&+0&!R:3].[O&D2&v2&H0&+0&!R:4]-[P&D4&v5&H0&+0&!R:5](=[O&D1&v2&H0&+0&!R:6])(-[O&D1&v2&H1&+0&!R:7])-[O&D1&v2&H1&+0&!R:8]>>[*:1](~[O&D1&v2&H1&+0&!R:2])~[O&D2&v2&H0&+0&!R:3]-[P&D4&v5&H0&+0&!R:5](=[O&D1&v2&H0&+0&!R:8])(-[O&D1&v2&H1&+0&!R:6])-[O&D1&v2&H1&+0&!R:7].[O&D1&v2&H1&+0&!R:4]	PHOSPHATE_DONOR_CoF;Any
192_2	Pi;Any	[*:1](~[O&D1&v2&H1&+0&!R:2])~[O&D1&v2&H1&+0&!R:3].[O&D2&v2&H0&+0&!R:4]-[P&D4&v5&H0&+0&!R:5](=[O&D1&v2&H0&+0&!R:6])(-[O&D1&v2&H1&+0&!R:7])-[O&D1&v2&H1&+0&!R:8]>>[*:1](~[O&D1&v2&H1&+0&!R:2])~[O&D2&v2&H0&+0&!R:3]-[P&D4&v5&H0&+0&!R:5](=[O&D1&v2&H0&+0&!R:8])(-[O&D1&v2&H1&+0&!R:6])-[O&D1&v2&H1&+0&!R:7].[O&D1&v2&H1&+0&!R:4]	PPI;Any
349_0	Any;Pi	[C&D4&v4&H0&+0&R&z2:1](-[O&D1&v2&H1&+0&!R:2])(-[C&D2&v4&H2&+0&R&z0:3]-[C&D3&v4&H1&+0&R&z1:4]-[O&D1&v2&H1&+0&!R:5])-[O&D2&v2&H0&+0&R:6].[O&D1&v2&H1&+0&!R:7]>>[C&D1&v4&H2&+0&!R&z0:3]=[C&D3&v4&H0&+0&!R&z1:1]-[O&D2&v2&H0&+0&!R:7].[O&D0&v2&H2&+0&!R:2].([O&D1&v2&H0&+0&!R:5]=[C&D2&v4&H1&+0&!R&z1:4].[O&D1&v2&H1&+0&!R:6])	Any;WATER;Any
154_0	Any;Any;CO3	[*:1](~[O&D1&v2&H1&+0&!R:2])~[*:3]~[*:4](~[O&D1&v2&H1&+0&!R:5])~[O&D2&v2&H0&+0&!R:6]-[P&D4&v5&H0&+0&!R:7]-[O&D1&v2&H1&+0&!R:8].[C&D2&v4&H2&+0&!R&z0:9]-[C&D3&v4&H0&+0&!R&z2:10]=[O&D1&v2&H0&+0&!R:11].[O&D1&v2&H0&+0&!R:12]=[C&D3&v4&H0&+0&!R&z3:13](-[O&D1&v2&H1&+0&!R:14])-[O&D1&v2&H1&+0&!R:15]>>[*:1](~[O&D1&v2&H1&+0&!R:2])~[*:3]~[*:4](~[O&D1&v2&H1&+0&!R:5])~[O&D1&v2&H1&+0&!R:6].[C&D3&v4&H1&+0&!R&z0:9](-[C&D3&v4&H0&+0&!R&z2:13](=[O&D1&v2&H0&+0&!R:14])-[O&D1&v2&H1&+0&!R:15])-[C&D3&v4&H0&+0&!R&z2:10]=[O&D1&v2&H0&+0&!R:11].[P&D4&v5&H0&+0&!R:7](-[O&D1&v2&H1&+0&!R:8])-[O&D1&v2&H1&+0&!R:12]	Any;Any;Pi
154_1	PHOSPHATE_DONOR_CoF;Any;CO3	[*:1](~[O&D1&v2&H1&+0&!R:2])~[*:3]~[*:4](~[O&D1&v2&H1&+0&!R:5])~[O&D2&v2&H0&+0&!R:6]-[P&D4&v5&H0&+0&!R:7]-[O&D1&v2&H1&+0&!R:8].[C&D2&v4&H2&+0&!R&z0:9]-[C&D3&v4&H0&+0&!R&z2:10]=[O&D1&v2&H0&+0&!R:11].[O&D1&v2&H0&+0&!R:12]=[C&D3&v4&H0&+0&!R&z3:13](-[O&D1&v2&H1&+0&!R:14])-[O&D1&v2&H1&+0&!R:15]>>[*:1](~[O&D1&v2&H1&+0&!R:2])~[*:3]~[*:4](~[O&D1&v2&H1&+0&!R:5])~[O&D1&v2&H1&+0&!R:6].[C&D3&v4&H1&+0&!R&z0:9](-[C&D3&v4&H0&+0&!R&z2:13](=[O&D1&v2&H0&+0&!R:14])-[O&D1&v2&H1&+0&!R:15])-[C&D3&v4&H0&+0&!R&z2:10]=[O&D1&v2&H0&+0&!R:11].[P&D4&v5&H0&+0&!R:7](-[O&D1&v2&H1&+0&!R:8])-[O&D1&v2&H1&+0&!R:12]	PHOSPHATE_ACCEPTOR_CoF;Any;Pi
190_0	Any	[N&D1&v3&H2&+0&!R:1]-[C&D3&v4&H1&+0&!R&z1:2](-[C&D2&v4&H2&+0&!R&z0:3])-[c&D3&v4&H0&+0&R&z0:4]1:[c&D2&v4&H1&+0&R&z0:5]:[c&D2&v4&H1&+0&R&z0:6]:[c&D3&v4&H0&+0&R&z1:7]:[c&D2&v4&H1&+0&R&z0:8]:[c&D2&v4&H1&+0&R&z0:9]:1>>[N&D1&v3&H2&+0&!R:1]-[C&D3&v4&H1&+0&!R&z1:3]-[C&D2&v4&H2&+0&!R&z0:2]-[c&D3&v4&H0&+0&R&z0:4]1:[c&D2&v4&H1&+0&R&z0:5]:[c&D2&v4&H1&+0&R&z0:6]:[c&D3&v4&H0&+0&R&z1:7]:[c&D2&v4&H1&+0&R&z0:8]:[c&D2&v4&H1&+0&R&z0:9]:1	Any
286_0	Any;Any	[C&D2&v4&H2&+0&!R&z1:1]-[O&D2&v2&H0&+0&!R:2]~[*:3](~[O&D1&v2&H0&+0&!R:4])~[*:5]~[*:6]~[O&D1&v2&H0&+0&!R:7].[n&D2&v3&H0&+0&R:8]>>[C&D2&v4&H2&+0&!R&z1:1]-[n&D3&v4&H0&+&R:8].[O&D1&v2&H0&+0&!R:7]~[*:6]~[*:5]~[*:3](~[O&D1&v2&H0&+0&!R:4])~[O&D1&v2&H1&+0&!R:2]	Any;PPI
18_0	Any;Any	[N&D3&v3&H0&+0&R:1](-[C&D2&v4&H2&+0&R&z2:2]-[N&D3&v3&H0&+0&R:3])-[C&D3&v4&H1&+0&R&z1:4].[O&D1&v2&H0&+0&!R:5]=[c&D3&v4&H0&+0&R&z2:6]:[c&D2&v4&H1&+0&R&z0:7]:[c&D2&v4&H1&+0&R&z1:8]>>[C&D1&v4&H3&+0&!R&z0:2]-[c&D3&v4&H0&+0&R&z0:7](:[c&D2&v4&H1&+0&R&z1:8]):[c&D3&v4&H0&+0&R&z2:6]=[O&D1&v2&H0&+0&!R:5].([N&D2&v3&H0&+0&R:1]=[C&D3&v4&H0&+0&R&z1:4].[N&D2&v3&H1&+0&!R:3])	Any;Any
406_0	Any;Any	[C&D2&v4&H2&+0&!R&z2:1]-[O&D1&v2&H1&+0&!R:2].[c&D3&v4&H0&+0&R&z0:3]1:[c&D2&v4&H1&+0&R&z0:4]:[c&D2&v4&H1&+0&R&z0:5]:[c&D2&v4&H1&+0&R&z1:6]:[n&D3&v4&H0&+&R:7]:[c&D2&v4&H1&+0&R&z1:8]:1>>[C&D2&v4&H1&+0&!R&z2:1]=[O&D1&v2&H0&+0&!R:2].[C&D3&v4&H0&+0&R&z0:3]1=[C&D2&v4&H1&+0&R&z1:8]-[N&D3&v3&H0&+0&R:7]-[C&D2&v4&H1&+0&R&z1:6]=[C&D2&v4&H1&+0&R&z0:5]-[C&D2&v4&H2&+0&R&z0:4]-1	Any;Any
406_1	Any;NAD_CoF	[C&D2&v4&H2&+0&!R&z2:1]-[O&D1&v2&H1&+0&!R:2].[c&D3&v4&H0&+0&R&z0:3]1:[c&D2&v4&H1&+0&R&z0:4]:[c&D2&v4&H1&+0&R&z0:5]:[c&D2&v4&H1&+0&R&z1:6]:[n&D3&v4&H0&+&R:7]:[c&D2&v4&H1&+0&R&z1:8]:1>>[C&D2&v4&H1&+0&!R&z2:1]=[O&D1&v2&H0&+0&!R:2].[C&D3&v4&H0&+0&R&z0:3]1=[C&D2&v4&H1&+0&R&z1:8]-[N&D3&v3&H0&+0&R:7]-[C&D2&v4&H1&+0&R&z1:6]=[C&D2&v4&H1&+0&R&z0:5]-[C&D2&v4&H2&+0&R&z0:4]-1	Any;NADH_CoF
287_0	Any;PPI	[C&D2&v4&H2&+0&!R&z1:1]-[n&D3&v4&H0&+&R:2].[O&D1&v2&H0&+0&!R:3]~[*:4]~[*:5]~[*:6](~[O&D1&v2&H0&+0&!R:7])~[O&D1&v2&H1&+0&!R:8]>>[C&D2&v4&H2&+0&!R&z1:1]-[O&D2&v2&H0&+0&!R:8]~[*:6](~[O&D1&v2&H0&+0&!R:7])~[*:5]~[*:4]~[O&D1&v2&H0&+0&!R:3].[n&D2&v3&H0&+0&R:2]	Any;Any
512_0	Any	[N&D1&v3&H2&+0&!R:1]-[C&D3&v4&H1&+0&!R&z1:2]-[C&D2&v4&H2&+0&!R&z0:3]-[C&D3&v4&H0&+0&!R&z2:4]=[O&D1&v2&H0&+0&!R:5]>>[C&D2&v4&H1&+0&!R&z0:2]=[C&D2&v4&H1&+0&!R&z0:3]-[C&D3&v4&H0&+0&!R&z2:4]=[O&D1&v2&H0&+0&!R:5].[N&D0&v3&H3&+0&!R:1]	Any;NH3
445_0	Any;WATER;Any	[C&D2&v4&H1&+0&!R&z2:1]=[O&D1&v2&H0&+0&!R:2].[O&D0&v2&H2&+0&!R:3].[c&D3&v4&H0&+0&R&z0:4]1:[c&D2&v4&H1&+0&R&z0:5]:[c&D2&v4&H1&+0&R&z0:6]:[c&D2&v4&H1&+0&R&z1:7]:[n&D3&v4&H0&+&R:8]:[c&D2&v4&H1&+0&R&z1:9]:1>>[C&D3&v4&H0&+0&!R&z3:1](=[O&D1&v2&H0&+0&!R:2])-[O&D1&v2&H1&+0&!R:3].[C&D3&v4&H0&+0&R&z0:4]1=[C&D2&v4&H1&+0&R&z1:9]-[N&D3&v3&H0&+0&R:8]-[C&D2&v4&H1&+0&R&z1:7]=[C&D2&v4&H1&+0&R&z0:6]-[C&D2&v4&H2&+0&R&z0:5]-1	Any;Any
445_1	Any;WATER;NAD_CoF	[C&D2&v4&H1&+0&!R&z2:1]=[O&D1&v2&H0&+0&!R:2].[O&D0&v2&H2&+0&!R:3].[c&D3&v4&H0&+0&R&z0:4]1:[c&D2&v4&H1&+0&R&z0:5]:[c&D2&v4&H1&+0&R&z0:6]:[c&D2&v4&H1&+0&R&z1:7]:[n&D3&v4&H0&+&R:8]:[c&D2&v4&H1&+0&R&z1:9]:1>>[C&D3&v4&H0&+0&!R&z3:1](=[O&D1&v2&H0&+0&!R:2])-[O&D1&v2&H1&+0&!R:3].[C&D3&v4&H0&+0&R&z0:4]1=[C&D2&v4&H1&+0&R&z1:9]-[N&D3&v3&H0&+0&R:8]-[C&D2&v4&H1&+0&R&z1:7]=[C&D2&v4&H1&+0&R&z0:6]-[C&D2&v4&H2&+0&R&z0:5]-1	Any;NADH_CoF
189_0	Any	[N&D1&v3&H2&+0&!R:1]-[C&D3&v4&H1&+0&!R&z1:2]-[C&D2&v4&H2&+0&!R&z0:3]-[c&D3&v4&H0&+0&R&z0:4]1:[c&D2&v4&H1&+0&R&z0:5]:[c&D2&v4&H1&+0&R&z0:6]:[c&D3&v4&H0&+0&R&z1:7]:[c&D2&v4&H1&+0&R&z0:8]:[c&D2&v4&H1&+0&R&z0:9]:1>>[N&D1&v3&H2&+0&!R:1]-[C&D3&v4&H1&+0&!R&z1:3](-[C&D2&v4&H2&+0&!R&z0:2])-[c&D3&v4&H0&+0&R&z0:4]1:[c&D2&v4&H1&+0&R&z0:5]:[c&D2&v4&H1&+0&R&z0:6]:[c&D3&v4&H0&+0&R&z1:7]:[c&D2&v4&H1&+0&R&z0:8]:[c&D2&v4&H1&+0&R&z0:9]:1	Any
101_0	NH3;Any	[N&D0&v3&H3&+0&!R:1].[O&D1&v2&H0&+0&!R:2]=[c&D3&v4&H0&+0&R&z2:3]:[n&D2&v3&H1&+0&R:4]>>[N&D1&v3&H2&+0&!R:1]-[c&D3&v4&H0&+0&R&z2:3]:[n&D2&v3&H0&+0&R:4].[O&D0&v2&H2&+0&!R:2]	Any;WATER
225_0	Any;Any;Any	[O&D2&v2&H0&+0&!R:1]-[S&D4&v6&H0&+0&!R:2]=[O&D1&v2&H0&+0&!R:3].[S&D1&v2&H1&+0&!R:4].[S&D1&v2&H1&+0&!R:5]>>[O&D1&v2&H1&+0&!R:1].[S&D2&v2&H0&+0&!R:4]-[S&D2&v2&H0&+0&!R:5].[S&D3&v4&H0&+0&!R:2]-[O&D1&v2&H1&+0&!R:3]	Any;Any;SULFITE
225_1	SULFATE_DONOR_CoF;Any;Any	[O&D2&v2&H0&+0&!R:1]-[S&D4&v6&H0&+0&!R:2]=[O&D1&v2&H0&+0&!R:3].[S&D1&v2&H1&+0&!R:4].[S&D1&v2&H1&+0&!R:5]>>[O&D1&v2&H1&+0&!R:1].[S&D2&v2&H0&+0&!R:4]-[S&D2&v2&H0&+0&!R:5].[S&D3&v4&H0&+0&!R:2]-[O&D1&v2&H1&+0&!R:3]	SULFATE_ACCEPTOR_CoF;Any;SULFITE
276_0	Any	[C&D4&v4&H0&+0&!R&z1:1](-[O&D1&v2&H1&+0&!R:2])-[C&D2&v4&H2&+0&!R&z0:3]-[C&D3&v4&H0&+0&!R&z2:4]=[O&D1&v2&H0&+0&!R:5]>>[C&D3&v4&H0&+0&!R&z0:1]=[C&D2&v4&H1&+0&!R&z0:3]-[C&D3&v4&H0&+0&!R&z2:4]=[O&D1&v2&H0&+0&!R:5].[O&D0&v2&H2&+0&!R:2]	Any;WATER
477_0	Any	[C&D3&v4&H0&+0&!R&z0:1](=[C&D2&v4&H1&+0&!R&z0:2]-[C&D2&v4&H1&+0&!R&z0:3]=[C&D3&v4&H0&+0&!R&z1:4]-[O&D1&v2&H1&+0&!R:5])-[C&D3&v4&H0&+0&!R&z2:6]=[O&D1&v2&H0&+0&!R:7]>>[C&D3&v4&H1&+0&!R&z0:1](-[C&D2&v4&H1&+0&!R&z0:2]=[C&D2&v4&H1&+0&!R&z0:3]-[C&D3&v4&H0&+0&!R&z1:4]=[O&D1&v2&H0&+0&!R:5])-[C&D3&v4&H0&+0&!R&z2:6]=[O&D1&v2&H0&+0&!R:7]	Any
490_0	Any;WATER	[C&D3&v4&H0&+0&!R&z0:1]=[C&D2&v4&H1&+0&!R&z0:2]-[C&D2&v4&H2&+0&!R&z1:3]-[O&D2&v2&H0&+0&!R:4]~[*:5](~[O&D1&v2&H1&+0&!R:6])~[*:7]~[*:8]~[O&D1&v2&H1&+0&!R:9].[O&D0&v2&H2&+0&!R:10]>>[*:8](~[O&D1&v2&H1&+0&!R:9])~[*:7]~[*:5](~[O&D1&v2&H1&+0&!R:6])~[O&D1&v2&H1&+0&!R:4].[C&D1&v4&H2&+0&!R&z0:3]=[C&D2&v4&H1&+0&!R&z0:2]-[C&D4&v4&H0&+0&!R&z1:1]-[O&D1&v2&H1&+0&!R:10]	PPI;Any
446_0	Any;Any	[C&D3&v4&H0&+0&!R&z3:1](=[O&D1&v2&H0&+0&!R:2])-[O&D1&v2&H1&+0&!R:3].[C&D3&v4&H0&+0&R&z0:4]1=[C&D2&v4&H1&+0&R&z1:5]-[N&D3&v3&H0&+0&R:6]-[C&D2&v4&H1&+0&R&z1:7]=[C&D2&v4&H1&+0&R&z0:8]-[C&D2&v4&H2&+0&R&z0:9]-1>>[C&D2&v4&H1&+0&!R&z2:1]=[O&D1&v2&H0&+0&!R:2].[O&D0&v2&H2&+0&!R:3].[c&D3&v4&H0&+0&R&z0:4]1:[c&D2&v4&H1&+0&R&z0:9]:[c&D2&v4&H1&+0&R&z0:8]:[c&D2&v4&H1&+0&R&z1:7]:[n&D3&v4&H0&+&R:6]:[c&D2&v4&H1&+0&R&z1:5]:1	Any;WATER;Any
446_1	Any;NADH_CoF	[C&D3&v4&H0&+0&!R&z3:1](=[O&D1&v2&H0&+0&!R:2])-[O&D1&v2&H1&+0&!R:3].[C&D3&v4&H0&+0&R&z0:4]1=[C&D2&v4&H1&+0&R&z1:5]-[N&D3&v3&H0&+0&R:6]-[C&D2&v4&H1&+0&R&z1:7]=[C&D2&v4&H1&+0&R&z0:8]-[C&D2&v4&H2&+0&R&z0:9]-1>>[C&D2&v4&H1&+0&!R&z2:1]=[O&D1&v2&H0&+0&!R:2].[O&D0&v2&H2&+0&!R:3].[c&D3&v4&H0&+0&R&z0:4]1:[c&D2&v4&H1&+0&R&z0:9]:[c&D2&v4&H1&+0&R&z0:8]:[c&D2&v4&H1&+0&R&z1:7]:[n&D3&v4&H0&+&R:6]:[c&D2&v4&H1&+0&R&z1:5]:1	Any;WATER;NAD_CoF
38_0	Any	[C&D3&v4&H0&+0&!R&z2:1](-[O&D1&v2&H1&+0&!R:2])-[c&D3&v4&H0&+0&R&z1:3]:[c&D2&v4&H1&+0&R&z0:4]>>[O&D1&v2&H0&+0&!R:2]=[C&D2&v4&H0&+0&!R&z2:1].[c&D2&v4&H1&+0&R&z0:4]:[c&D2&v4&H1&+0&R&z1:3]	CO2;Any
82_0	Any	[C&D1&v4&H2&+0&!R&z0:1]=[C&D3&v4&H0&+0&!R&z1:2]-[O&D2&v2&H0&+0&!R:3]-[C&D3&v4&H1&+0&R&z1:4]-[C&D2&v4&H1&+0&R&z0:5]=[C&D3&v4&H0&+0&R&z0:6]>>[C&D3&v4&H0&+0&!R&z1:2](=[O&D1&v2&H0&+0&!R:3])-[C&D2&v4&H2&+0&!R&z0:1]-[C&D4&v4&H0&+0&R&z0:6]-[C&D2&v4&H1&+0&R&z0:5]=[C&D2&v4&H1&+0&R&z0:4]	Any
214_0	PPI;Any	[*:1](~[O&D1&v2&H1&+0&!R:2])(~[O&D1&v2&H1&+0&!R:3])~[*:4]~[*:5](~[O&D1&v2&H0&+0&!R:6])~[O&D1&v2&H1&+0&!R:7].[C&D1&v4&H2&+0&!R&z0:8]=[C&D3&v4&H0&+0&R&z0:9](-[C&D2&v4&H2&+0&R&z0:10])-[C&D4&v4&H0&+0&R&z0:11](-[C&D1&v4&H3&+0&!R&z0:12])-[C&D4&v4&H0&+0&R&z0:13](-[C&D1&v4&H3&+0&!R&z0:14])-[C&D2&v4&H2&+0&R&z0:15]-[C&D2&v4&H1&+0&R&z0:16]=[C&D3&v4&H0&+0&R&z0:17]>>([C&D1&v4&H3&+0&!R&z0:12]-[C&D3&v4&H0&+0&!R&z0:9](-[C&D1&v4&H3&+0&!R&z0:8])=[C&D2&v4&H1&+0&!R&z0:10].[C&D3&v4&H0&+0&!R&z0:11](-[C&D1&v4&H3&+0&!R&z0:14])=[C&D2&v4&H1&+0&!R&z0:13].[C&D3&v4&H0&+0&!R&z0:17]=[C&D2&v4&H1&+0&!R&z0:16]-[C&D2&v4&H2&+0&!R&z1:15]-[O&D2&v2&H0&+0&!R:7]~[*:5](~[O&D1&v2&H0&+0&!R:6])~[*:4]~[*:1](~[O&D1&v2&H1&+0&!R:2])~[O&D1&v2&H1&+0&!R:3])	Any
392_0	Any;NH3	[C&D2&v4&H1&+0&!R&z0:1]=[C&D2&v4&H1&+0&!R&z0:2].[N&D0&v3&H3&+0&!R:3]>>[N&D1&v3&H2&+0&!R:3]-[C&D3&v4&H1&+0&!R&z1:1]-[C&D2&v4&H2&+0&!R&z0:2]	Any
247_0	Any	[O&D1&v2&H1&+0&!R:1]~[*:2]1~[*:3]~[O&D2&v2&H0&+0&R:4]-[C&D3&v4&H1&+0&R&z2:5](-[O&D1&v2&H1&+0&!R:6])-[C&D3&v4&H1&+0&R&z1:7](-[O&D1&v2&H1&+0&!R:8])~[*:9]~1~[O&D1&v2&H1&+0&!R:10]>>[O&D1&v2&H1&+0&!R:6]-[C&D2&v4&H2&+0&!R&z1:5]-[C&D4&v4&H0&+0&R&z2:7]1(-[O&D1&v2&H1&+0&!R:8])-[O&D2&v2&H0&+0&R:4]~[*:3]~[*:2](~[O&D1&v2&H1&+0&!R:1])~[*:9]~1~[O&D1&v2&H1&+0&!R:10]	Any
304_0	WATER;CO2	[O&D0&v2&H2&+0&!R:1].[O&D1&v2&H0&+0&!R:2]=[C&D2&v4&H0&+0&!R&z2:3]=[O&D1&v2&H0&+0&!R:4]>>[O&D1&v2&H0&+0&!R:2]=[C&D3&v4&H0&+0&!R&z3:3](-[O&D1&v2&H1&+0&!R:4])-[O&D1&v2&H1&+0&!R:1]	CO3
0_0	Any;Any	[C&D3&v4&H0&+0&R&z0:1]1=[C&D2&v4&H1&+0&R&z1:2]-[N&D3&v3&H0&+0&R:3]-[C&D2&v4&H1&+0&R&z1:4]=[C&D2&v4&H1&+0&R&z0:5]-[C&D2&v4&H2&+0&R&z0:6]-1.[S&D2&v2&H0&+0&!R:7]-[S&D2&v2&H0&+0&!R:8]>>[S&D1&v2&H1&+0&!R:7].[S&D1&v2&H1&+0&!R:8].[c&D3&v4&H0&+0&R&z0:1]1:[c&D2&v4&H1&+0&R&z0:6]:[c&D2&v4&H1&+0&R&z0:5]:[c&D2&v4&H1&+0&R&z1:4]:[n&D3&v4&H0&+&R:3]:[c&D2&v4&H1&+0&R&z1:2]:1	Any;Any;Any
0_1	Any;Any	[C&D3&v4&H0&+0&R&z0:1]1=[C&D2&v4&H1&+0&R&z1:2]-[N&D3&v3&H0&+0&R:3]-[C&D2&v4&H1&+0&R&z1:4]=[C&D2&v4&H1&+0&R&z0:5]-[C&D2&v4&H2&+0&R&z0:6]-1.[S&D2&v2&H0&+0&!R:7]-[S&D2&v2&H0&+0&!R:8]>>[S&D1&v2&H1&+0&!R:7].[S&D1&v2&H1&+0&!R:8].[c&D3&v4&H0&+0&R&z0:1]1:[c&D2&v4&H1&+0&R&z0:6]:[c&D2&v4&H1&+0&R&z0:5]:[c&D2&v4&H1&+0&R&z1:4]:[n&D3&v4&H0&+&R:3]:[c&D2&v4&H1&+0&R&z1:2]:1	CoA;Any;Any
0_2	Any;Any	[C&D3&v4&H0&+0&R&z0:1]1=[C&D2&v4&H1&+0&R&z1:2]-[N&D3&v3&H0&+0&R:3]-[C&D2&v4&H1&+0&R&z1:4]=[C&D2&v4&H1&+0&R&z0:5]-[C&D2&v4&H2&+0&R&z0:6]-1.[S&D2&v2&H0&+0&!R:7]-[S&D2&v2&H0&+0&!R:8]>>[S&D1&v2&H1&+0&!R:7].[S&D1&v2&H1&+0&!R:8].[c&D3&v4&H0&+0&R&z0:1]1:[c&D2&v4&H1&+0&R&z0:6]:[c&D2&v4&H1&+0&R&z0:5]:[c&D2&v4&H1&+0&R&z1:4]:[n&D3&v4&H0&+&R:3]:[c&D2&v4&H1&+0&R&z1:2]:1	CoA;CoA;Any
0_3	NADH_CoF;Any	[C&D3&v4&H0&+0&R&z0:1]1=[C&D2&v4&H1&+0&R&z1:2]-[N&D3&v3&H0&+0&R:3]-[C&D2&v4&H1&+0&R&z1:4]=[C&D2&v4&H1&+0&R&z0:5]-[C&D2&v4&H2&+0&R&z0:6]-1.[S&D2&v2&H0&+0&!R:7]-[S&D2&v2&H0&+0&!R:8]>>[S&D1&v2&H1&+0&!R:7].[S&D1&v2&H1&+0&!R:8].[c&D3&v4&H0&+0&R&z0:1]1:[c&D2&v4&H1&+0&R&z0:6]:[c&D2&v4&H1&+0&R&z0:5]:[c&D2&v4&H1&+0&R&z1:4]:[n&D3&v4&H0&+&R:3]:[c&D2&v4&H1&+0&R&z1:2]:1	Any;Any;NAD_CoF
0_4	NADH_CoF;Any	[C&D3&v4&H0&+0&R&z0:1]1=[C&D2&v4&H1&+0&R&z1:2]-[N&D3&v3&H0&+0&R:3]-[C&D2&v4&H1&+0&R&z1:4]=[C&D2&v4&H1&+0&R&z0:5]-[C&D2&v4&H2&+0&R&z0:6]-1.[S&D2&v2&H0&+0&!R:7]-[S&D2&v2&H0&+0&!R:8]>>[S&D1&v2&H1&+0&!R:7].[S&D1&v2&H1&+0&!R:8].[c&D3&v4&H0&+0&R&z0:1]1:[c&D2&v4&H1&+0&R&z0:6]:[c&D2&v4&H1&+0&R&z0:5]:[c&D2&v4&H1&+0&R&z1:4]:[n&D3&v4&H0&+&R:3]:[c&D2&v4&H1&+0&R&z1:2]:1	CoA;Any;NAD_CoF
0_5	NADH_CoF;Any	[C&D3&v4&H0&+0&R&z0:1]1=[C&D2&v4&H1&+0&R&z1:2]-[N&D3&v3&H0&+0&R:3]-[C&D2&v4&H1&+0&R&z1:4]=[C&D2&v4&H1&+0&R&z0:5]-[C&D2&v4&H2&+0&R&z0:6]-1.[S&D2&v2&H0&+0&!R:7]-[S&D2&v2&H0&+0&!R:8]>>[S&D1&v2&H1&+0&!R:7].[S&D1&v2&H1&+0&!R:8].[c&D3&v4&H0&+0&R&z0:1]1:[c&D2&v4&H1&+0&R&z0:6]:[c&D2&v4&H1&+0&R&z0:5]:[c&D2&v4&H1&+0&R&z1:4]:[n&D3&v4&H0&+&R:3]:[c&D2&v4&H1&+0&R&z1:2]:1	CoA;CoA;NAD_CoF
494_0	Any	[O&D1&v2&H0&+0&!R:1]=[C&D3&v4&H0&+0&!R&z2:2](-[O&D1&v2&H1&+0&!R:3])-[C&D3&v4&H1&+0&!R&z1:4](-[O&D1&v2&H1&+0&!R:5])-[C&D3&v4&H1&+0&!R&z1:6]-[O&D1&v2&H1&+0&!R:7]>>[O&D0&v2&H2&+0&!R:7].[O&D1&v2&H0&+0&!R:3]=[C&D3&v4&H0&+0&!R&z2:2](-[O&D1&v2&H1&+0&!R:1])-[C&D3&v4&H0&+0&!R&z1:4](=[O&D1&v2&H0&+0&!R:5])-[C&D2&v4&H2&+0&!R&z0:6]	WATER;Any
378_0	Any;Any	[N&D2&v3&H0&+0&R:1]=[C&D3&v4&H0&+0&R&z1:2]-[C&D2&v4&H2&+0&!R&z1:3].[O&D1&v2&H0&+0&!R:4]=[C&D2&v4&H1&+0&!R&z1:5]>>[N&D2&v3&H0&+0&R:1]=[C&D3&v4&H0&+0&R&z1:2]-[C&D3&v4&H1&+0&!R&z1:3]-[C&D3&v4&H1&+0&!R&z1:5]-[O&D1&v2&H1&+0&!R:4]	Any
344_0	Any;WATER	[C&D3&v4&H0&+0&!R&z3:1](=[N&D1&v3&H1&+0&!R:2])-[N&D1&v3&H2&+0&!R:3].[O&D0&v2&H2&+0&!R:4]>>[C&D3&v4&H0&+0&!R&z3:1](-[N&D1&v3&H2&+0&!R:3])=[O&D1&v2&H0&+0&!R:4].[N&D0&v3&H3&+0&!R:2]	Any;NH3
233_0	Any;CO2	[C&D3&v4&H0&+0&!R&z1:1](=[O&D1&v2&H0&+0&!R:2])-[C&D4&v4&H0&+0&!R&z1:3]-[O&D1&v2&H1&+0&!R:4].[O&D1&v2&H0&+0&!R:5]=[C&D2&v4&H0&+0&!R&z2:6]>>[C&D3&v4&H0&+0&!R&z1:1](=[O&D1&v2&H0&+0&!R:2])-[C&D3&v4&H0&+0&!R&z2:6]-[O&D1&v2&H1&+0&!R:5].[C&D3&v4&H0&+0&!R&z1:3]=[O&D1&v2&H0&+0&!R:4]	Any;Any
444_0	PPI;Any	[*:1](~[O&D1&v2&H1&+0&!R:2])(~[O&D1&v2&H1&+0&!R:3])~[*:4]~[*:5](~[O&D1&v2&H1&+0&!R:6])~[O&D1&v2&H1&+0&!R:7].[n&D3&v3&H0&+0&R:8]-[C&D3&v4&H1&+0&R&z2:9]~[*:10](~[*:11]~[O&D1&v2&H1&+0&!R:12])~[O&D1&v2&H1&+0&!R:13]>>[C&D3&v4&H1&+0&R&z2:9](-[O&D2&v2&H0&+0&!R:2]~[*:1](~[O&D1&v2&H1&+0&!R:3])~[*:4]~[*:5](~[O&D1&v2&H1&+0&!R:7])~[O&D1&v2&H1&+0&!R:6])~[*:10](~[O&D1&v2&H1&+0&!R:13])~[*:11]~[O&D1&v2&H1&+0&!R:12].[n&D2&v3&H1&+0&R:8]	Any;Any
33_0	Any;Any	[*:1](~[O&D1&v2&H1&+0&!R:2])~[*:3]~[*:4]~[O&D1&v2&H1&+0&!R:5].[n&D3&v3&H0&+0&R:6]-[C&D3&v4&H1&+0&R&z2:7]>>[C&D3&v4&H1&+0&R&z2:7]-[O&D2&v2&H0&+0&!R:2]~[*:1]~[*:3]~[*:4]~[O&D1&v2&H1&+0&!R:5].[n&D2&v3&H1&+0&R:6]	Any;Any
33_1	GLUCOSYL_ACCEPTOR_CoF;Any	[*:1](~[O&D1&v2&H1&+0&!R:2])~[*:3]~[*:4]~[O&D1&v2&H1&+0&!R:5].[n&D3&v3&H0&+0&R:6]-[C&D3&v4&H1&+0&R&z2:7]>>[C&D3&v4&H1&+0&R&z2:7]-[O&D2&v2&H0&+0&!R:2]~[*:1]~[*:3]~[*:4]~[O&D1&v2&H1&+0&!R:5].[n&D2&v3&H1&+0&R:6]	GLUCOSYL_DONOR_CoF;Any
200_0	PPI;Any	[*:1](~[O&D1&v2&H1&+0&!R:2])~[*:3]~[*:4](~[O&D1&v2&H1&+0&!R:5])~[O&D1&v2&H1&+0&!R:6].[C&D2&v4&H2&+0&!R&z0:7]-[C&D2&v4&H2&+0&!R&z0:8]-[C&D3&v4&H0&+0&!R&z0:9]=[C&D2&v4&H1&+0&!R&z0:10]~[*:11]~[*:12]~[*:13](~[O&D1&v2&H1&+0&!R:14])~[O&D2&v2&H0&+0&!R:15]>>[C&D1&v4&H2&+0&!R&z0:8]=[C&D3&v4&H0&+0&!R&z0:9]-[C&D2&v4&H2&+0&!R&z0:10]~[*:11]~[*:12]~[*:13](~[O&D1&v2&H1&+0&!R:14])~[O&D2&v2&H0&+0&!R:15].[C&D2&v4&H2&+0&!R&z1:7]-[O&D2&v2&H0&+0&!R:6]~[*:4](~[O&D1&v2&H1&+0&!R:5])~[*:3]~[*:1]~[O&D1&v2&H1&+0&!R:2]	Any;Any
200_1	PRENYL_ACCEPTOR_CoF;Any	[*:1](~[O&D1&v2&H1&+0&!R:2])~[*:3]~[*:4](~[O&D1&v2&H1&+0&!R:5])~[O&D1&v2&H1&+0&!R:6].[C&D2&v4&H2&+0&!R&z0:7]-[C&D2&v4&H2&+0&!R&z0:8]-[C&D3&v4&H0&+0&!R&z0:9]=[C&D2&v4&H1&+0&!R&z0:10]~[*:11]~[*:12]~[*:13](~[O&D1&v2&H1&+0&!R:14])~[O&D2&v2&H0&+0&!R:15]>>[C&D1&v4&H2&+0&!R&z0:8]=[C&D3&v4&H0&+0&!R&z0:9]-[C&D2&v4&H2&+0&!R&z0:10]~[*:11]~[*:12]~[*:13](~[O&D1&v2&H1&+0&!R:14])~[O&D2&v2&H0&+0&!R:15].[C&D2&v4&H2&+0&!R&z1:7]-[O&D2&v2&H0&+0&!R:6]~[*:4](~[O&D1&v2&H1&+0&!R:5])~[*:3]~[*:1]~[O&D1&v2&H1&+0&!R:2]	Any;PRENYL_DONOR_CoF
282_0	Any;Any	[C&D2&v4&H1&+0&!R&z1:1]=[O&D1&v2&H0&+0&!R:2].([N&D1&v3&H2&+0&!R:3].[c&D3&v4&H0&+0&R&z0:4]:[c&D2&v4&H1&+0&R&z1:5])>>[C&D3&v4&H1&+0&R&z1:1](-[N&D2&v3&H1&+0&R:3])-[c&D3&v4&H0&+0&R&z1:5]:[c&D3&v4&H0&+0&R&z0:4].[O&D0&v2&H2&+0&!R:2]	Any;WATER
207_0	Any	([C&D3&v4&H0&+0&!R&z0:1]=[C&D2&v4&H1&+0&!R&z0:2].[C&D3&v4&H0&+0&!R&z0:3]=[C&D2&v4&H1&+0&!R&z0:4]-[C&D2&v4&H2&+0&!R&z1:5]-[O&D2&v2&H0&+0&!R:6]~[*:7](~[O&D1&v2&H0&+0&!R:8])(~[O&D1&v2&H1&+0&!R:9])~[*:10]~[*:11](~[O&D1&v2&H0&+0&!R:12])~[O&D1&v2&H1&+0&!R:13])>>[C&D4&v4&H0&+0&R&z0:1]1-[C&D3&v4&H1&+0&R&z0:2]-[C&D2&v4&H2&+0&R&z0:5]-[C&D3&v4&H1&+0&R&z1:4](-[C&D4&v4&H0&+0&R&z0:3]-1)-[O&D2&v2&H0&+0&!R:6]~[*:7](~[O&D1&v2&H0&+0&!R:8])(~[O&D1&v2&H1&+0&!R:9])~[*:10]~[*:11](~[O&D1&v2&H0&+0&!R:12])~[O&D1&v2&H1&+0&!R:13]	Any
149_0	Any;Any;PPI	[C&D3&v4&H0&+0&!R&z3:1]-[S&D2&v2&H0&+0&!R:2].[O&D1&v2&H1&+0&!R:3].[P&D4&v5&H0&+0&!R:4](=[O&D1&v2&H0&+0&!R:5])(-[O&D1&v2&H1&+0&!R:6])-[O&D1&v2&H1&+0&!R:7]>>[C&D3&v4&H0&+0&!R&z3:1]-[O&D1&v2&H1&+0&!R:6].[P&D4&v5&H0&+0&!R:4](=[O&D1&v2&H0&+0&!R:5])(-[O&D1&v2&H1&+0&!R:7])-[O&D2&v2&H0&+0&!R:3].[S&D1&v2&H1&+0&!R:2]	Any;Any;Any
149_1	Any;Any;PPI	[C&D3&v4&H0&+0&!R&z3:1]-[S&D2&v2&H0&+0&!R:2].[O&D1&v2&H1&+0&!R:3].[P&D4&v5&H0&+0&!R:4](=[O&D1&v2&H0&+0&!R:5])(-[O&D1&v2&H1&+0&!R:6])-[O&D1&v2&H1&+0&!R:7]>>[C&D3&v4&H0&+0&!R&z3:1]-[O&D1&v2&H1&+0&!R:6].[P&D4&v5&H0&+0&!R:4](=[O&D1&v2&H0&+0&!R:5])(-[O&D1&v2&H1&+0&!R:7])-[O&D2&v2&H0&+0&!R:3].[S&D1&v2&H1&+0&!R:2]	Any;Any;CoA
149_2	Any;Any;Pi	[C&D3&v4&H0&+0&!R&z3:1]-[S&D2&v2&H0&+0&!R:2].[O&D1&v2&H1&+0&!R:3].[P&D4&v5&H0&+0&!R:4](=[O&D1&v2&H0&+0&!R:5])(-[O&D1&v2&H1&+0&!R:6])-[O&D1&v2&H1&+0&!R:7]>>[C&D3&v4&H0&+0&!R&z3:1]-[O&D1&v2&H1&+0&!R:6].[P&D4&v5&H0&+0&!R:4](=[O&D1&v2&H0&+0&!R:5])(-[O&D1&v2&H1&+0&!R:7])-[O&D2&v2&H0&+0&!R:3].[S&D1&v2&H1&+0&!R:2]	Any;Any;CoA
149_3	Any;PHOSPHATE_ACCEPTOR_CoF;Pi	[C&D3&v4&H0&+0&!R&z3:1]-[S&D2&v2&H0&+0&!R:2].[O&D1&v2&H1&+0&!R:3].[P&D4&v5&H0&+0&!R:4](=[O&D1&v2&H0&+0&!R:5])(-[O&D1&v2&H1&+0&!R:6])-[O&D1&v2&H1&+0&!R:7]>>[C&D3&v4&H0&+0&!R&z3:1]-[O&D1&v2&H1&+0&!R:6].[P&D4&v5&H0&+0&!R:4](=[O&D1&v2&H0&+0&!R:5])(-[O&D1&v2&H1&+0&!R:7])-[O&D2&v2&H0&+0&!R:3].[S&D1&v2&H1&+0&!R:2]	Any;PHOSPHATE_DONOR_CoF;CoA
149_4	Any;PYROPHOSPHATE_ACCEPTOR_CoF;PPI	[C&D3&v4&H0&+0&!R&z3:1]-[S&D2&v2&H0&+0&!R:2].[O&D1&v2&H1&+0&!R:3].[P&D4&v5&H0&+0&!R:4](=[O&D1&v2&H0&+0&!R:5])(-[O&D1&v2&H1&+0&!R:6])-[O&D1&v2&H1&+0&!R:7]>>[C&D3&v4&H0&+0&!R&z3:1]-[O&D1&v2&H1&+0&!R:6].[P&D4&v5&H0&+0&!R:4](=[O&D1&v2&H0&+0&!R:5])(-[O&D1&v2&H1&+0&!R:7])-[O&D2&v2&H0&+0&!R:3].[S&D1&v2&H1&+0&!R:2]	Any;PYROPHOSPHATE_DONOR_CoF;Any
149_5	Any;PYROPHOSPHATE_ACCEPTOR_CoF;PPI	[C&D3&v4&H0&+0&!R&z3:1]-[S&D2&v2&H0&+0&!R:2].[O&D1&v2&H1&+0&!R:3].[P&D4&v5&H0&+0&!R:4](=[O&D1&v2&H0&+0&!R:5])(-[O&D1&v2&H1&+0&!R:6])-[O&D1&v2&H1&+0&!R:7]>>[C&D3&v4&H0&+0&!R&z3:1]-[O&D1&v2&H1&+0&!R:6].[P&D4&v5&H0&+0&!R:4](=[O&D1&v2&H0&+0&!R:5])(-[O&D1&v2&H1&+0&!R:7])-[O&D2&v2&H0&+0&!R:3].[S&D1&v2&H1&+0&!R:2]	Any;PYROPHOSPHATE_DONOR_CoF;CoA
474_0	Any;Any	[*:1](~[O&D1&v2&H1&+0&!R:2])~[*:3]~[*:4](~[O&D1&v2&H1&+0&!R:5])~[O&D2&v2&H0&+0&!R:6]-[P&D4&v5&H0&+0&!R:7]-[O&D1&v2&H1&+0&!R:8].[C&D3&v4&H0&+0&!R&z2:9](-[O&D1&v2&H1&+0&!R:10])-[C&D2&v4&H2&+0&!R&z0:11]-[C&D3&v4&H0&+0&!R&z1:12](=[O&D1&v2&H0&+0&!R:13])~[*:14]~[O&D1&v2&H1&+0&!R:15]>>[*:1](~[O&D1&v2&H1&+0&!R:2])~[*:3]~[*:4](~[O&D1&v2&H1&+0&!R:5])~[O&D1&v2&H1&+0&!R:6].[C&D1&v4&H2&+0&!R&z0:11]=[C&D3&v4&H0&+0&!R&z1:12](-[O&D2&v2&H0&+0&!R:13]-[P&D4&v5&H0&+0&!R:7]-[O&D1&v2&H1&+0&!R:8])~[*:14]~[O&D1&v2&H1&+0&!R:15].[O&D1&v2&H0&+0&!R:10]=[C&D2&v4&H0&+0&!R&z2:9]	Any;Any;CO2
474_1	PHOSPHATE_DONOR_CoF;Any	[*:1](~[O&D1&v2&H1&+0&!R:2])~[*:3]~[*:4](~[O&D1&v2&H1&+0&!R:5])~[O&D2&v2&H0&+0&!R:6]-[P&D4&v5&H0&+0&!R:7]-[O&D1&v2&H1&+0&!R:8].[C&D3&v4&H0&+0&!R&z2:9](-[O&D1&v2&H1&+0&!R:10])-[C&D2&v4&H2&+0&!R&z0:11]-[C&D3&v4&H0&+0&!R&z1:12](=[O&D1&v2&H0&+0&!R:13])~[*:14]~[O&D1&v2&H1&+0&!R:15]>>[*:1](~[O&D1&v2&H1&+0&!R:2])~[*:3]~[*:4](~[O&D1&v2&H1&+0&!R:5])~[O&D1&v2&H1&+0&!R:6].[C&D1&v4&H2&+0&!R&z0:11]=[C&D3&v4&H0&+0&!R&z1:12](-[O&D2&v2&H0&+0&!R:13]-[P&D4&v5&H0&+0&!R:7]-[O&D1&v2&H1&+0&!R:8])~[*:14]~[O&D1&v2&H1&+0&!R:15].[O&D1&v2&H0&+0&!R:10]=[C&D2&v4&H0&+0&!R&z2:9]	PHOSPHATE_ACCEPTOR_CoF;Any;CO2
152_0	Any;NH3;Any	[C&D3&v4&H0&+0&!R&z2:1](=[O&D1&v2&H0&+0&!R:2])-[O&D1&v2&H1&+0&!R:3].[N&D0&v3&H3&+0&!R:4].[P&D4&v5&H0&+0&!R:5](=[O&D1&v2&H0&+0&!R:6])-[O&D2&v2&H0&+0&!R:7]~[*:8](~[O&D1&v2&H1&+0&!R:9])~[*:10]~[*:11](~[O&D1&v2&H1&+0&!R:12])~[O&D1&v2&H1&+0&!R:13]>>[*:8](~[O&D1&v2&H1&+0&!R:7])(~[O&D1&v2&H1&+0&!R:9])~[*:10]~[*:11](~[O&D1&v2&H1&+0&!R:12])~[O&D1&v2&H1&+0&!R:13].[N&D1&v3&H2&+0&!R:4]-[C&D3&v4&H0&+0&!R&z2:1]=[O&D1&v2&H0&+0&!R:2].[P&D4&v5&H0&+0&!R:5](=[O&D1&v2&H0&+0&!R:6])-[O&D1&v2&H1&+0&!R:3]	PPI;Any;Any
152_1	Any;NH3;PYROPHOSPHATE_DONOR_CoF	[C&D3&v4&H0&+0&!R&z2:1](=[O&D1&v2&H0&+0&!R:2])-[O&D1&v2&H1&+0&!R:3].[N&D0&v3&H3&+0&!R:4].[P&D4&v5&H0&+0&!R:5](=[O&D1&v2&H0&+0&!R:6])-[O&D2&v2&H0&+0&!R:7]~[*:8](~[O&D1&v2&H1&+0&!R:9])~[*:10]~[*:11](~[O&D1&v2&H1&+0&!R:12])~[O&D1&v2&H1&+0&!R:13]>>[*:8](~[O&D1&v2&H1&+0&!R:7])(~[O&D1&v2&H1&+0&!R:9])~[*:10]~[*:11](~[O&D1&v2&H1&+0&!R:12])~[O&D1&v2&H1&+0&!R:13].[N&D1&v3&H2&+0&!R:4]-[C&D3&v4&H0&+0&!R&z2:1]=[O&D1&v2&H0&+0&!R:2].[P&D4&v5&H0&+0&!R:5](=[O&D1&v2&H0&+0&!R:6])-[O&D1&v2&H1&+0&!R:3]	PPI;Any;PYROPHOSPHATE_ACCEPTOR_CoF
157_0	WATER;Any	[O&D0&v2&H2&+0&!R:1].[c&D3&v4&H0&+0&R&z0:2]1:[c&D3&v4&H0&+0&R&z1:3](:[n&D2&v3&H1&+0&R:4]:[c&D3&v4&H0&+0&R&z1:5]:[c&D3&v4&H0&+0&R&z0:6]:1)-[C&D2&v4&H2&+0&R&z0:7]-[c&D3&v4&H0&+0&R&z1:8]1:[n&D2&v3&H1&+0&R:9]:[c&D3&v4&H0&+0&R&z1:10](-[C&D2&v4&H2&+0&R&z0:11]):[c&D3&v4&H0&+0&R&z0:12]:[c&D3&v4&H0&+0&R&z0:13]:1>>([C&D2&v4&H2&+0&!R&z1:11]-[O&D1&v2&H1&+0&!R:1].[c&D3&v4&H0&+0&R&z0:13]1:[c&D2&v4&H1&+0&R&z1:8]:[n&D2&v3&H1&+0&R:9]:[c&D3&v4&H0&+0&R&z1:10](-[C&D2&v4&H2&+0&!R&z0:7]-[c&D3&v4&H0&+0&R&z1:3]2:[n&D2&v3&H1&+0&R:4]:[c&D3&v4&H0&+0&R&z1:5]:[c&D3&v4&H0&+0&R&z0:6]:[c&D3&v4&H0&+0&R&z0:2]:2):[c&D3&v4&H0&+0&R&z0:12]:1)	Any
394_0	Any;NH3	[C&D2&v4&H1&+0&!R&z0:1]=[C&D2&v4&H1&+0&!R&z0:2]-[c&D3&v4&H0&+0&R&z0:3]:[c&D2&v4&H1&+0&R&z0:4].[N&D0&v3&H3&+0&!R:5]>>[N&D1&v3&H2&+0&!R:5]-[C&D3&v4&H1&+0&!R&z1:1]-[C&D2&v4&H2&+0&!R&z0:2]-[c&D3&v4&H0&+0&R&z0:3]:[c&D2&v4&H1&+0&R&z0:4]	Any
248_0	Any	[O&D1&v2&H1&+0&!R:1]-[C&D2&v4&H2&+0&!R&z1:2]-[C&D4&v4&H0&+0&R&z2:3](-[O&D1&v2&H1&+0&!R:4])(-[O&D2&v2&H0&+0&R:5])~[*:6](~[*:7]~[O&D1&v2&H1&+0&!R:8])~[O&D1&v2&H1&+0&!R:9]>>[O&D1&v2&H1&+0&!R:8]~[*:7]~[*:6](~[C&D3&v4&H1&+0&R&z1:3](-[C&D3&v4&H1&+0&R&z2:2](-[O&D2&v2&H0&+0&R:5])-[O&D1&v2&H1&+0&!R:1])-[O&D1&v2&H1&+0&!R:4])~[O&D1&v2&H1&+0&!R:9]	Any
500_0	WATER;Any	[O&D0&v2&H2&+0&!R:1].[O&D1&v2&H0&+0&!R:2]=[S&D3&v4&H0&+0&!R:3](-[O&D1&v2&H1&+0&!R:4])-[c&D3&v4&H0&+0&R&z1:5]>>[O&D1&v2&H0&+0&!R:4]=[S&D3&v4&H0&+0&!R:3](-[O&D1&v2&H1&+0&!R:2])-[O&D1&v2&H1&+0&!R:1].[c&D2&v4&H1&+0&R&z0:5]	SULFITE;Any
513_0	Any;NH3	[C&D2&v4&H1&+0&!R&z0:1]=[C&D2&v4&H1&+0&!R&z0:2]-[C&D3&v4&H0&+0&!R&z2:3]=[O&D1&v2&H0&+0&!R:4].[N&D0&v3&H3&+0&!R:5]>>[N&D1&v3&H2&+0&!R:5]-[C&D3&v4&H1&+0&!R&z1:1]-[C&D2&v4&H2&+0&!R&z0:2]-[C&D3&v4&H0&+0&!R&z2:3]=[O&D1&v2&H0&+0&!R:4]	Any
210_0	NH3;NH3;NH3;NH3;Any	[N&D0&v3&H3&+0&!R:1].[N&D0&v3&H3&+0&!R:2].[N&D0&v3&H3&+0&!R:3].[N&D0&v3&H3&+0&!R:4].[c&D3&v4&H0&+0&R&z0:5]1:[c&D2&v4&H1&+0&R&z1:6]:[n&D2&v3&H1&+0&R:7]:[c&D3&v4&H0&+0&R&z1:8](-[C&D2&v4&H2&+0&!R&z0:9]-[c&D3&v4&H0&+0&R&z1:10]2:[n&D2&v3&H1&+0&R:11]:[c&D3&v4&H0&+0&R&z1:12](-[C&D2&v4&H2&+0&!R&z0:13]-[c&D3&v4&H0&+0&R&z1:14]3:[n&D2&v3&H1&+0&R:15]:[c&D3&v4&H0&+0&R&z1:16](-[C&D2&v4&H2&+0&!R&z0:17]-[c&D3&v4&H0&+0&R&z1:18]4:[n&D2&v3&H1&+0&R:19]:[c&D3&v4&H0&+0&R&z1:20](-[C&D2&v4&H2&+0&!R&z1:21]-[O&D1&v2&H1&+0&!R:22]):[c&D3&v4&H0&+0&R&z0:23]:[c&D3&v4&H0&+0&R&z0:24]:4):[c&D3&v4&H0&+0&R&z0:25]:[c&D3&v4&H0&+0&R&z0:26]:3):[c&D3&v4&H0&+0&R&z0:27]:[c&D3&v4&H0&+0&R&z0:28]:2):[c&D3&v4&H0&+0&R&z0:29]:1>>[N&D1&v3&H2&+0&!R:1]-[C&D2&v4&H2&+0&!R&z1:17]-[c&D3&v4&H0&+0&R&z1:16]1:[n&D2&v3&H1&+0&R:15]:[c&D2&v4&H1&+0&R&z1:14]:[c&D3&v4&H0&+0&R&z0:26]:[c&D3&v4&H0&+0&R&z0:25]:1.[N&D1&v3&H2&+0&!R:2]-[C&D2&v4&H2&+0&!R&z1:13]-[c&D3&v4&H0&+0&R&z1:12]1:[n&D2&v3&H1&+0&R:11]:[c&D2&v4&H1&+0&R&z1:10]:[c&D3&v4&H0&+0&R&z0:28]:[c&D3&v4&H0&+0&R&z0:27]:1.[N&D1&v3&H2&+0&!R:3]-[C&D2&v4&H2&+0&!R&z1:9]-[c&D3&v4&H0&+0&R&z1:8]1:[n&D2&v3&H1&+0&R:7]:[c&D2&v4&H1&+0&R&z1:6]:[c&D3&v4&H0&+0&R&z0:5]:[c&D3&v4&H0&+0&R&z0:29]:1.[N&D1&v3&H2&+0&!R:4]-[C&D2&v4&H2&+0&!R&z1:21]-[c&D3&v4&H0&+0&R&z1:20]1:[n&D2&v3&H1&+0&R:19]:[c&D2&v4&H1&+0&R&z1:18]:[c&D3&v4&H0&+0&R&z0:24]:[c&D3&v4&H0&+0&R&z0:23]:1.[O&D0&v2&H2&+0&!R:22]	Any;Any;Any;Any;WATER
42_0	PHOSPHATE_DONOR_CoF;Any	[*:1](~[O&D1&v2&H1&+0&!R:2])~[O&D2&v2&H0&+0&!R:3]-[P&D4&v5&H0&+0&!R:4](-[O&D1&v2&H1&+0&!R:5])-[O&D1&v2&H1&+0&!R:6].[C&D3&v4&H0&+0&!R&z2:7](-[O&D1&v2&H1&+0&!R:8])-[C&D2&v4&H2&+0&!R&z0:9]-[C&D3&v4&H0&+0&!R&z1:10](=[O&D1&v2&H0&+0&!R:11])~[*:12]~[O&D1&v2&H0&+0&!R:13]>>[*:1](~[O&D1&v2&H1&+0&!R:2])~[O&D1&v2&H1&+0&!R:3].[C&D1&v4&H2&+0&!R&z0:9]=[C&D3&v4&H0&+0&!R&z1:10](-[O&D2&v2&H0&+0&!R:11]-[P&D4&v5&H0&+0&!R:4](-[O&D1&v2&H1&+0&!R:5])-[O&D1&v2&H1&+0&!R:6])~[*:12]~[O&D1&v2&H0&+0&!R:13].[O&D1&v2&H0&+0&!R:8]=[C&D2&v4&H0&+0&!R&z2:7]	PHOSPHATE_ACCEPTOR_CoF;Any;CO2
42_1	PPI;Any	[*:1](~[O&D1&v2&H1&+0&!R:2])~[O&D2&v2&H0&+0&!R:3]-[P&D4&v5&H0&+0&!R:4](-[O&D1&v2&H1&+0&!R:5])-[O&D1&v2&H1&+0&!R:6].[C&D3&v4&H0&+0&!R&z2:7](-[O&D1&v2&H1&+0&!R:8])-[C&D2&v4&H2&+0&!R&z0:9]-[C&D3&v4&H0&+0&!R&z1:10](=[O&D1&v2&H0&+0&!R:11])~[*:12]~[O&D1&v2&H0&+0&!R:13]>>[*:1](~[O&D1&v2&H1&+0&!R:2])~[O&D1&v2&H1&+0&!R:3].[C&D1&v4&H2&+0&!R&z0:9]=[C&D3&v4&H0&+0&!R&z1:10](-[O&D2&v2&H0&+0&!R:11]-[P&D4&v5&H0&+0&!R:4](-[O&D1&v2&H1&+0&!R:5])-[O&D1&v2&H1&+0&!R:6])~[*:12]~[O&D1&v2&H0&+0&!R:13].[O&D1&v2&H0&+0&!R:8]=[C&D2&v4&H0&+0&!R&z2:7]	Pi;Any;CO2
495_0	WATER;Any	[O&D0&v2&H2&+0&!R:1].[O&D1&v2&H0&+0&!R:2]=[C&D3&v4&H0&+0&!R&z2:3](-[O&D1&v2&H1&+0&!R:4])-[C&D3&v4&H0&+0&!R&z1:5](=[O&D1&v2&H0&+0&!R:6])-[C&D2&v4&H2&+0&!R&z0:7]>>[O&D1&v2&H0&+0&!R:4]=[C&D3&v4&H0&+0&!R&z2:3](-[O&D1&v2&H1&+0&!R:2])-[C&D3&v4&H1&+0&!R&z1:5](-[O&D1&v2&H1&+0&!R:6])-[C&D3&v4&H1&+0&!R&z1:7]-[O&D1&v2&H1&+0&!R:1]	Any
237_0	Any;Any	[C&D2&v4&H2&+0&!R&z0:1]-[C&D3&v4&H0&+0&!R&z2:2]-[O&D1&v2&H1&+0&!R:3].[S&D2&v2&H0&+0&!R:4]-[C&D3&v4&H0&+0&!R&z3:5]=[O&D1&v2&H0&+0&!R:6]>>[C&D2&v4&H2&+0&!R&z0:1]-[C&D3&v4&H0&+0&!R&z2:5]=[O&D1&v2&H0&+0&!R:6].[O&D1&v2&H0&+0&!R:3]=[C&D2&v4&H0&+0&!R&z2:2].[S&D1&v2&H1&+0&!R:4]	Any;CO2;Any
237_1	Any;Any	[C&D2&v4&H2&+0&!R&z0:1]-[C&D3&v4&H0&+0&!R&z2:2]-[O&D1&v2&H1&+0&!R:3].[S&D2&v2&H0&+0&!R:4]-[C&D3&v4&H0&+0&!R&z3:5]=[O&D1&v2&H0&+0&!R:6]>>[C&D2&v4&H2&+0&!R&z0:1]-[C&D3&v4&H0&+0&!R&z2:5]=[O&D1&v2&H0&+0&!R:6].[O&D1&v2&H0&+0&!R:3]=[C&D2&v4&H0&+0&!R&z2:2].[S&D1&v2&H1&+0&!R:4]	Any;CO2;CoA
328_0	Any;WATER	[N&D1&v3&H2&+0&!R:1]-[C&D4&v4&H0&+0&R&z1:2]1-[C&D2&v4&H2&+0&R&z0:3]-[C&D2&v4&H2&+0&R&z0:4]-1.[O&D0&v2&H2&+0&!R:5]>>[C&D1&v4&H3&+0&!R&z0:4]-[C&D2&v4&H2&+0&!R&z0:3]-[C&D3&v4&H0&+0&!R&z1:2]=[O&D1&v2&H0&+0&!R:5].[N&D0&v3&H3&+0&!R:1]	Any;NH3
329_0	Any;NH3	[C&D1&v4&H3&+0&!R&z0:1]-[C&D2&v4&H2&+0&!R&z0:2]-[C&D3&v4&H0&+0&!R&z1:3]=[O&D1&v2&H0&+0&!R:4].[N&D0&v3&H3&+0&!R:5]>>[N&D1&v3&H2&+0&!R:5]-[C&D4&v4&H0&+0&R&z1:3]1-[C&D2&v4&H2&+0&R&z0:2]-[C&D2&v4&H2&+0&R&z0:1]-1.[O&D0&v2&H2&+0&!R:4]	Any;WATER
302_0	Any	[O&D1&v2&H0&+0&!R:1]~[*:2](~[O&D1&v2&H1&+0&!R:3])~[*:4]~[*:5]~[C&D3&v4&H1&+0&!R&z1:6](-[O&D1&v2&H1&+0&!R:7])-[C&D3&v4&H1&+0&!R&z1:8](-[O&D1&v2&H1&+0&!R:9])-[C&D3&v4&H0&+0&!R&z2:10](=[O&D1&v2&H0&+0&!R:11])-[O&D1&v2&H1&+0&!R:12]>>[O&D0&v2&H2&+0&!R:7].[O&D1&v2&H0&+0&!R:11]=[C&D3&v4&H0&+0&!R&z2:10](-[O&D1&v2&H1&+0&!R:12])-[C&D3&v4&H0&+0&!R&z1:8](=[O&D1&v2&H0&+0&!R:9])-[C&D2&v4&H2&+0&!R&z0:6]~[*:5]~[*:4]~[*:2](~[O&D1&v2&H0&+0&!R:1])~[O&D1&v2&H1&+0&!R:3]	WATER;Any
54_0	Any;WATER	[C&D2&v4&H0&+0&!R&z2:1]#[N&D1&v3&H0&+0&!R:2].[O&D0&v2&H2&+0&!R:3]>>[C&D3&v4&H0&+0&!R&z3:1](-[N&D1&v3&H2&+0&!R:2])=[O&D1&v2&H0&+0&!R:3]	Any
196_0	Any;Any	[N&D1&v3&H2&+0&!R:1]-[c&D3&v4&H0&+0&R&z1:2]:[c&D3&v4&H0&+0&R&z2:3](-[N&D2&v3&H1&+0&!R:4]):[n&D2&v3&H1&+0&R:5].[c&D3&v4&H0&+0&R&z0:6]1:[c&D2&v4&H1&+0&R&z0:7]:[c&D3&v4&H0&+0&R&z1:8](:[n&D2&v3&H0&+0&R:9]:[c&D3&v4&H0&+0&R&z1:10]-[c&D3&v4&H0&+0&R&z2:11]:[n&D2&v3&H0&+0&R:12]:[c&D3&v4&H0&+0&R&z3:13]=[O&D1&v2&H0&+0&!R:14]):[c&D3&v4&H0&+0&R&z1:15]:[c&D2&v4&H1&+0&R&z0:16]:[c&D3&v4&H0&+0&R&z0:17]:1>>[C&D1&v4&H3&+0&!R&z0:7]-[c&D3&v4&H0&+0&R&z1:8](:[n&D2&v3&H0&+0&R:9]:[c&D3&v4&H0&+0&R&z1:10]-[c&D3&v4&H0&+0&R&z2:11]:[n&D2&v3&H0&+0&R:12]:[c&D3&v4&H0&+0&R&z3:13]=[O&D1&v2&H0&+0&!R:14]):[c&D3&v4&H0&+0&R&z1:15]-[C&D1&v4&H3&+0&!R&z0:16].[c&D3&v4&H0&+0&R&z1:17]1:[n&D2&v3&H0&+0&R:1]:[c&D3&v4&H0&+0&R&z1:2]-[c&D3&v4&H0&+0&R&z2:3](:[n&D2&v3&H0&+0&R:5]):[n&D3&v3&H0&+0&R:4]:[c&D3&v4&H0&+0&R&z1:6]:1	Any;Any
475_0	Any;Any;CO2	[*:1](~[O&D1&v2&H1&+0&!R:2])~[*:3]~[*:4](~[O&D1&v2&H1&+0&!R:5])~[O&D1&v2&H1&+0&!R:6].[C&D1&v4&H2&+0&!R&z0:7]=[C&D3&v4&H0&+0&!R&z1:8](-[O&D2&v2&H0&+0&!R:9]-[P&D4&v5&H0&+0&!R:10]-[O&D1&v2&H1&+0&!R:11])~[*:12]~[O&D1&v2&H1&+0&!R:13].[O&D1&v2&H0&+0&!R:14]=[C&D2&v4&H0&+0&!R&z2:15]>>[*:1](~[O&D1&v2&H1&+0&!R:2])~[*:3]~[*:4](~[O&D1&v2&H1&+0&!R:5])~[O&D2&v2&H0&+0&!R:6]-[P&D4&v5&H0&+0&!R:10]-[O&D1&v2&H1&+0&!R:11].[C&D3&v4&H0&+0&!R&z2:15](-[O&D1&v2&H1&+0&!R:14])-[C&D2&v4&H2&+0&!R&z0:7]-[C&D3&v4&H0&+0&!R&z1:8](=[O&D1&v2&H0&+0&!R:9])~[*:12]~[O&D1&v2&H1&+0&!R:13]	Any;Any
475_1	PHOSPHATE_ACCEPTOR_CoF;Any;CO2	[*:1](~[O&D1&v2&H1&+0&!R:2])~[*:3]~[*:4](~[O&D1&v2&H1&+0&!R:5])~[O&D1&v2&H1&+0&!R:6].[C&D1&v4&H2&+0&!R&z0:7]=[C&D3&v4&H0&+0&!R&z1:8](-[O&D2&v2&H0&+0&!R:9]-[P&D4&v5&H0&+0&!R:10]-[O&D1&v2&H1&+0&!R:11])~[*:12]~[O&D1&v2&H1&+0&!R:13].[O&D1&v2&H0&+0&!R:14]=[C&D2&v4&H0&+0&!R&z2:15]>>[*:1](~[O&D1&v2&H1&+0&!R:2])~[*:3]~[*:4](~[O&D1&v2&H1&+0&!R:5])~[O&D2&v2&H0&+0&!R:6]-[P&D4&v5&H0&+0&!R:10]-[O&D1&v2&H1&+0&!R:11].[C&D3&v4&H0&+0&!R&z2:15](-[O&D1&v2&H1&+0&!R:14])-[C&D2&v4&H2&+0&!R&z0:7]-[C&D3&v4&H0&+0&!R&z1:8](=[O&D1&v2&H0&+0&!R:9])~[*:12]~[O&D1&v2&H1&+0&!R:13]	PHOSPHATE_DONOR_CoF;Any
393_0	Any	[N&D1&v3&H2&+0&!R:1]-[C&D3&v4&H1&+0&!R&z1:2]-[C&D2&v4&H2&+0&!R&z0:3]-[c&D3&v4&H0&+0&R&z0:4]:[c&D2&v4&H1&+0&R&z0:5]>>[C&D2&v4&H1&+0&!R&z0:2]=[C&D2&v4&H1&+0&!R&z0:3]-[c&D3&v4&H0&+0&R&z0:4]:[c&D2&v4&H1&+0&R&z0:5].[N&D0&v3&H3&+0&!R:1]	Any;NH3
20_0	Any;Any	[N&D3&v3&H0&+0&R:1](-[C&D2&v4&H2&+0&R&z2:2]-[N&D3&v3&H0&+0&R:3])-[C&D3&v4&H1&+0&R&z1:4].[c&D2&v4&H1&+0&R&z0:5]:[c&D2&v4&H1&+0&R&z1:6]>>[C&D1&v4&H3&+0&!R&z0:2]-[c&D3&v4&H0&+0&R&z0:5]:[c&D2&v4&H1&+0&R&z1:6].([N&D2&v3&H0&+0&R:1]=[C&D3&v4&H0&+0&R&z1:4].[N&D2&v3&H1&+0&!R:3])	Any;Any
418_0	Any;Any	[*:1](~[N&D1&v3&H2&+0&!R:2])~[C&D3&v4&H0&+0&!R&z2:3](=[O&D1&v2&H0&+0&!R:4])-[O&D1&v2&H1&+0&!R:5].[O&D1&v2&H1&+0&!R:6]>>[*:1](~[N&D1&v3&H2&+0&!R:2])~[C&D3&v4&H0&+0&!R&z2:3](=[O&D1&v2&H0&+0&!R:4])-[O&D2&v2&H0&+0&!R:6].[O&D0&v2&H2&+0&!R:5]	Any;WATER
141_0	Any;Any	[C&D3&v4&H0&+0&!R&z1:1]=[O&D1&v2&H0&+0&!R:2].[O&D1&v2&H0&+0&!R:3]=[C&D3&v4&H0&+0&!R&z2:4]-[C&D2&v4&H2&+0&!R&z0:5]>>[C&D4&v4&H0&+0&!R&z1:1](-[O&D1&v2&H1&+0&!R:2])-[C&D3&v4&H1&+0&!R&z0:5]-[C&D3&v4&H0&+0&!R&z2:4]=[O&D1&v2&H0&+0&!R:3]	Any
334_0	Any;Any	[C&D3&v4&H0&+0&R&z0:1]1=[C&D2&v4&H1&+0&R&z1:2]-[N&D3&v3&H0&+0&R:3]-[C&D2&v4&H1&+0&R&z1:4]=[C&D2&v4&H1&+0&R&z0:5]-[C&D2&v4&H2&+0&R&z0:6]-1.[C&D3&v4&H0&+0&R&z1:7]1=[N&D2&v3&H0&+0&R:8]-[C&D3&v4&H0&+0&R&z1:9](=[C&D2&v4&H1&+0&!R&z0:10])-[C&D3&v4&H0&+0&R&z0:11]=[C&D3&v4&H0&+0&R&z0:12]-1>>[c&D3&v4&H0&+0&R&z0:1]1:[c&D2&v4&H1&+0&R&z0:6]:[c&D2&v4&H1&+0&R&z0:5]:[c&D2&v4&H1&+0&R&z1:4]:[n&D3&v4&H0&+&R:3]:[c&D2&v4&H1&+0&R&z1:2]:1.[c&D3&v4&H0&+0&R&z1:7]1:[n&D2&v3&H1&+0&R:8]:[c&D3&v4&H0&+0&R&z1:9](-[C&D2&v4&H2&+0&!R&z0:10]):[c&D3&v4&H0&+0&R&z0:11]:[c&D3&v4&H0&+0&R&z0:12]:1	Any;Any
334_1	NADH_CoF;Any	[C&D3&v4&H0&+0&R&z0:1]1=[C&D2&v4&H1&+0&R&z1:2]-[N&D3&v3&H0&+0&R:3]-[C&D2&v4&H1&+0&R&z1:4]=[C&D2&v4&H1&+0&R&z0:5]-[C&D2&v4&H2&+0&R&z0:6]-1.[C&D3&v4&H0&+0&R&z1:7]1=[N&D2&v3&H0&+0&R:8]-[C&D3&v4&H0&+0&R&z1:9](=[C&D2&v4&H1&+0&!R&z0:10])-[C&D3&v4&H0&+0&R&z0:11]=[C&D3&v4&H0&+0&R&z0:12]-1>>[c&D3&v4&H0&+0&R&z0:1]1:[c&D2&v4&H1&+0&R&z0:6]:[c&D2&v4&H1&+0&R&z0:5]:[c&D2&v4&H1&+0&R&z1:4]:[n&D3&v4&H0&+&R:3]:[c&D2&v4&H1&+0&R&z1:2]:1.[c&D3&v4&H0&+0&R&z1:7]1:[n&D2&v3&H1&+0&R:8]:[c&D3&v4&H0&+0&R&z1:9](-[C&D2&v4&H2&+0&!R&z0:10]):[c&D3&v4&H0&+0&R&z0:11]:[c&D3&v4&H0&+0&R&z0:12]:1	NAD_CoF;Any
263_0	Any	[N&D2&v3&H1&+0&!R:1]-[C&D3&v4&H1&+0&R&z2:2](-[O&D2&v2&H0&+0&R:3])-[C&D3&v4&H1&+0&R&z1:4]-[O&D1&v2&H1&+0&!R:5]>>([N&D2&v3&H1&+0&!R:1]-[C&D2&v4&H2&+0&!R&z1:2]-[C&D3&v4&H0&+0&!R&z1:4]=[O&D1&v2&H0&+0&!R:5].[O&D1&v2&H1&+0&!R:3])	Any
249_0	Any	[O&D1&v2&H0&+0&!R:1]=[C&D3&v4&H0&+0&!R&z2:2](-[O&D1&v2&H1&+0&!R:3])-[C&D3&v4&H1&+0&!R&z1:4](-[C&D2&v4&H2&+0&!R&z1:5]-[O&D1&v2&H1&+0&!R:6])~[*:7]~[*:8]~[O&D1&v2&H1&+0&!R:9]>>[C&D1&v4&H2&+0&!R&z0:5]=[C&D3&v4&H0&+0&!R&z1:4](~[*:7]~[*:8]~[O&D1&v2&H1&+0&!R:9])-[C&D3&v4&H0&+0&!R&z2:2](=[O&D1&v2&H0&+0&!R:1])-[O&D1&v2&H1&+0&!R:3].[O&D0&v2&H2&+0&!R:6]	Any;WATER
195_0	Any;Any	[C&D1&v4&H3&+0&!R&z0:1]-[c&D3&v4&H0&+0&R&z1:2](:[n&D2&v3&H0&+0&R:3]:[c&D3&v4&H0&+0&R&z1:4]-[c&D3&v4&H0&+0&R&z2:5]:[n&D2&v3&H0&+0&R:6]:[c&D3&v4&H0&+0&R&z3:7]=[O&D1&v2&H0&+0&!R:8]):[c&D3&v4&H0&+0&R&z1:9]-[C&D1&v4&H3&+0&!R&z0:10].[c&D3&v4&H0&+0&R&z1:11]1:[n&D2&v3&H0&+0&R:12]:[c&D3&v4&H0&+0&R&z1:13]-[c&D3&v4&H0&+0&R&z2:14](:[n&D2&v3&H0&+0&R:15]):[n&D3&v3&H0&+0&R:16]:[c&D3&v4&H0&+0&R&z1:17]:1>>[N&D1&v3&H2&+0&!R:12]-[c&D3&v4&H0&+0&R&z1:13]:[c&D3&v4&H0&+0&R&z2:14](-[N&D2&v3&H1&+0&!R:16]):[n&D2&v3&H1&+0&R:15].[c&D3&v4&H0&+0&R&z0:17]1:[c&D2&v4&H1&+0&R&z0:1]:[c&D3&v4&H0&+0&R&z1:2](:[n&D2&v3&H0&+0&R:3]:[c&D3&v4&H0&+0&R&z1:4]-[c&D3&v4&H0&+0&R&z2:5]:[n&D2&v3&H0&+0&R:6]:[c&D3&v4&H0&+0&R&z3:7]=[O&D1&v2&H0&+0&!R:8]):[c&D3&v4&H0&+0&R&z1:9]:[c&D2&v4&H1&+0&R&z0:10]:[c&D3&v4&H0&+0&R&z0:11]:1	Any;Any
290_0	Any	([O&D1&v2&H1&+0&!R:1].[O&D2&v2&H0&+0&!R:2]-[C&D3&v4&H1&+0&R&z2:3]-[O&D2&v2&H0&+0&R:4])>>([O&D1&v2&H1&+0&!R:4].[O&D2&v2&H0&+0&!R:2]-[C&D3&v4&H1&+0&R&z2:3]-[O&D2&v2&H0&+0&R:1])	Any
39_0	CO2;Any	[O&D1&v2&H0&+0&!R:1]=[C&D2&v4&H0&+0&!R&z2:2].[c&D2&v4&H1&+0&R&z0:3]:[c&D2&v4&H1&+0&R&z1:4]>>[C&D3&v4&H0&+0&!R&z2:2](-[O&D1&v2&H1&+0&!R:1])-[c&D3&v4&H0&+0&R&z1:4]:[c&D2&v4&H1&+0&R&z0:3]	Any
211_0	Any	([C&D1&v4&H3&+0&!R&z0:1]-[C&D3&v4&H0&+0&!R&z0:2]=[C&D2&v4&H1&+0&!R&z0:3].[C&D2&v4&H2&+0&!R&z0:4]-[C&D3&v4&H0&+0&!R&z0:5](-[C&D1&v4&H3&+0&!R&z0:6])=[C&D2&v4&H1&+0&!R&z0:7].[C&D3&v4&H0&+0&!R&z0:8]=[C&D2&v4&H1&+0&!R&z0:9]-[C&D2&v4&H2&+0&!R&z1:10]-[O&D2&v2&H0&+0&!R:11]~[*:12](~[O&D1&v2&H0&+0&!R:13])(~[O&D1&v2&H1&+0&!R:14])~[*:15]~[*:16](~[O&D1&v2&H0&+0&!R:17])~[O&D1&v2&H1&+0&!R:18])>>[C&D1&v4&H2&+0&!R&z0:1]=[C&D3&v4&H0&+0&!R&z0:2]-[C&D3&v4&H1&+0&R&z0:3]-[C&D2&v4&H2&+0&R&z0:10]-[C&D4&v4&H0&+0&R&z0:9](-[C&D3&v4&H0&+0&R&z0:5](=[C&D2&v4&H1&+0&R&z0:4])-[C&D2&v4&H2&+0&R&z0:7])(-[C&D3&v4&H1&+0&R&z0:8])-[C&D1&v4&H3&+0&!R&z0:6].[O&D1&v2&H0&+0&!R:17]~[*:16](~[O&D1&v2&H1&+0&!R:18])~[*:15]~[*:12](~[O&D1&v2&H0&+0&!R:13])(~[O&D1&v2&H1&+0&!R:14])~[O&D1&v2&H1&+0&!R:11]	Any;PPI
223_0	Any;Any	[C&D2&v4&H2&+0&!R&z0:1]-[C&D3&v4&H0&+0&!R&z2:2]=[O&D1&v2&H0&+0&!R:3].[O&D1&v2&H0&+0&!R:4]=[C&D2&v4&H1&+0&!R&z1:5]~[*:6]~[O&D1&v2&H1&+0&!R:7]>>[C&D3&v4&H1&+0&!R&z0:1](-[C&D3&v4&H0&+0&!R&z2:2]=[O&D1&v2&H0&+0&!R:3])-[C&D3&v4&H1&+0&!R&z1:5](-[O&D1&v2&H1&+0&!R:4])~[*:6]~[O&D1&v2&H1&+0&!R:7]	Any
226_0	Any;Any;SULFITE	[O&D1&v2&H1&+0&!R:1].[S&D2&v2&H0&+0&!R:2]-[S&D2&v2&H0&+0&!R:3].[S&D3&v4&H0&+0&!R:4]-[O&D1&v2&H1&+0&!R:5]>>[O&D2&v2&H0&+0&!R:1]-[S&D4&v6&H0&+0&!R:4]=[O&D1&v2&H0&+0&!R:5].[S&D1&v2&H1&+0&!R:2].[S&D1&v2&H1&+0&!R:3]	Any;Any;Any
226_1	SULFATE_ACCEPTOR_CoF;Any;SULFITE	[O&D1&v2&H1&+0&!R:1].[S&D2&v2&H0&+0&!R:2]-[S&D2&v2&H0&+0&!R:3].[S&D3&v4&H0&+0&!R:4]-[O&D1&v2&H1&+0&!R:5]>>[O&D2&v2&H0&+0&!R:1]-[S&D4&v6&H0&+0&!R:4]=[O&D1&v2&H0&+0&!R:5].[S&D1&v2&H1&+0&!R:2].[S&D1&v2&H1&+0&!R:3]	SULFATE_DONOR_CoF;Any;Any
377_0	Any	[N&D2&v3&H0&+0&R:1]=[C&D3&v4&H0&+0&R&z1:2]-[C&D3&v4&H1&+0&!R&z1:3]-[C&D3&v4&H1&+0&!R&z1:4]-[O&D1&v2&H1&+0&!R:5]>>[N&D2&v3&H0&+0&R:1]=[C&D3&v4&H0&+0&R&z1:2]-[C&D2&v4&H2&+0&!R&z1:3].[O&D1&v2&H0&+0&!R:5]=[C&D2&v4&H1&+0&!R&z1:4]	Any;Any
351_0	Any;Any	[C&D3&v4&H0&+0&R&z0:1]1=[C&D2&v4&H1&+0&R&z1:2]-[N&D3&v3&H0&+0&R:3]-[C&D2&v4&H1&+0&R&z1:4]=[C&D2&v4&H1&+0&R&z0:5]-[C&D2&v4&H2&+0&R&z0:6]-1.[O&D1&v2&H0&+0&!R:7]=[C&D3&v4&H0&+0&!R&z2:8]-[O&D2&v2&H0&+0&!R:9]>>[O&D1&v2&H0&+0&!R:7]=[C&D2&v4&H1&+0&!R&z1:8].[O&D1&v2&H1&+0&!R:9].[c&D3&v4&H0&+0&R&z0:1]1:[c&D2&v4&H1&+0&R&z0:6]:[c&D2&v4&H1&+0&R&z0:5]:[c&D2&v4&H1&+0&R&z1:4]:[n&D3&v4&H0&+&R:3]:[c&D2&v4&H1&+0&R&z1:2]:1	Any;Any;Any
351_1	Any;Any	[C&D3&v4&H0&+0&R&z0:1]1=[C&D2&v4&H1&+0&R&z1:2]-[N&D3&v3&H0&+0&R:3]-[C&D2&v4&H1&+0&R&z1:4]=[C&D2&v4&H1&+0&R&z0:5]-[C&D2&v4&H2&+0&R&z0:6]-1.[O&D1&v2&H0&+0&!R:7]=[C&D3&v4&H0&+0&!R&z2:8]-[O&D2&v2&H0&+0&!R:9]>>[O&D1&v2&H0&+0&!R:7]=[C&D2&v4&H1&+0&!R&z1:8].[O&D1&v2&H1&+0&!R:9].[c&D3&v4&H0&+0&R&z0:1]1:[c&D2&v4&H1&+0&R&z0:6]:[c&D2&v4&H1&+0&R&z0:5]:[c&D2&v4&H1&+0&R&z1:4]:[n&D3&v4&H0&+&R:3]:[c&D2&v4&H1&+0&R&z1:2]:1	Any;Pi;Any
351_2	NADH_CoF;Any	[C&D3&v4&H0&+0&R&z0:1]1=[C&D2&v4&H1&+0&R&z1:2]-[N&D3&v3&H0&+0&R:3]-[C&D2&v4&H1&+0&R&z1:4]=[C&D2&v4&H1&+0&R&z0:5]-[C&D2&v4&H2&+0&R&z0:6]-1.[O&D1&v2&H0&+0&!R:7]=[C&D3&v4&H0&+0&!R&z2:8]-[O&D2&v2&H0&+0&!R:9]>>[O&D1&v2&H0&+0&!R:7]=[C&D2&v4&H1&+0&!R&z1:8].[O&D1&v2&H1&+0&!R:9].[c&D3&v4&H0&+0&R&z0:1]1:[c&D2&v4&H1&+0&R&z0:6]:[c&D2&v4&H1&+0&R&z0:5]:[c&D2&v4&H1&+0&R&z1:4]:[n&D3&v4&H0&+&R:3]:[c&D2&v4&H1&+0&R&z1:2]:1	Any;Any;NAD_CoF
351_3	NADH_CoF;Any	[C&D3&v4&H0&+0&R&z0:1]1=[C&D2&v4&H1&+0&R&z1:2]-[N&D3&v3&H0&+0&R:3]-[C&D2&v4&H1&+0&R&z1:4]=[C&D2&v4&H1&+0&R&z0:5]-[C&D2&v4&H2&+0&R&z0:6]-1.[O&D1&v2&H0&+0&!R:7]=[C&D3&v4&H0&+0&!R&z2:8]-[O&D2&v2&H0&+0&!R:9]>>[O&D1&v2&H0&+0&!R:7]=[C&D2&v4&H1&+0&!R&z1:8].[O&D1&v2&H1&+0&!R:9].[c&D3&v4&H0&+0&R&z0:1]1:[c&D2&v4&H1&+0&R&z0:6]:[c&D2&v4&H1&+0&R&z0:5]:[c&D2&v4&H1&+0&R&z1:4]:[n&D3&v4&H0&+&R:3]:[c&D2&v4&H1&+0&R&z1:2]:1	Any;Pi;NAD_CoF
326_0	Any;Any	([N&D2&v3&H1&+0&!R:1].[N&D3&v3&H0&+0&R:2]-[C&D2&v4&H1&+0&!R&z2:3]=[O&D1&v2&H0&+0&!R:4]).[P&D4&v5&H0&+0&!R:5](=[O&D1&v2&H0&+0&!R:6])(-[O&D1&v2&H1&+0&!R:7])-[O&D2&v2&H0&+0&!R:8]-[P&D4&v5&H0&+0&!R:9]-[O&D1&v2&H1&+0&!R:10]>>[N&D3&v4&H0&+&R:2]=[C&D2&v4&H1&+0&R&z2:3]-[N&D3&v3&H0&+0&R:1].[P&D4&v5&H0&+0&!R:9](-[O&D1&v2&H1&+0&!R:4])-[O&D1&v2&H1&+0&!R:10].[P&D4&v5&H0&+0&!R:5](=[O&D1&v2&H0&+0&!R:8])(-[O&D1&v2&H1&+0&!R:6])-[O&D1&v2&H1&+0&!R:7]	Any;Pi;Any
326_1	Any;PHOSPHATE_DONOR_CoF	([N&D2&v3&H1&+0&!R:1].[N&D3&v3&H0&+0&R:2]-[C&D2&v4&H1&+0&!R&z2:3]=[O&D1&v2&H0&+0&!R:4]).[P&D4&v5&H0&+0&!R:5](=[O&D1&v2&H0&+0&!R:6])(-[O&D1&v2&H1&+0&!R:7])-[O&D2&v2&H0&+0&!R:8]-[P&D4&v5&H0&+0&!R:9]-[O&D1&v2&H1&+0&!R:10]>>[N&D3&v4&H0&+&R:2]=[C&D2&v4&H1&+0&R&z2:3]-[N&D3&v3&H0&+0&R:1].[P&D4&v5&H0&+0&!R:9](-[O&D1&v2&H1&+0&!R:4])-[O&D1&v2&H1&+0&!R:10].[P&D4&v5&H0&+0&!R:5](=[O&D1&v2&H0&+0&!R:8])(-[O&D1&v2&H1&+0&!R:6])-[O&D1&v2&H1&+0&!R:7]	Any;Pi;PHOSPHATE_ACCEPTOR_CoF
383_0	Any	[C&D3&v4&H0&+0&R&z0:1]1=[C&D2&v4&H1&+0&R&z0:2]-[C&D2&v4&H1&+0&R&z0:3]=[C&D2&v4&H1&+0&R&z0:4]-[C&D3&v4&H1&+0&R&z1:5](-[O&D1&v2&H1&+0&!R:6])-[C&D3&v4&H1&+0&R&z0:7]-1-[C&D3&v4&H0&+0&!R&z2:8](=[O&D1&v2&H0&+0&!R:9])-[O&D1&v2&H1&+0&!R:10]>>[O&D0&v2&H2&+0&!R:6].[c&D3&v4&H0&+0&R&z0:1]1:[c&D2&v4&H1&+0&R&z0:2]:[c&D2&v4&H1&+0&R&z0:3]:[c&D2&v4&H1&+0&R&z0:4]:[c&D2&v4&H1&+0&R&z0:5]:[c&D3&v4&H0&+0&R&z0:7]:1-[C&D3&v4&H0&+0&!R&z2:8](=[O&D1&v2&H0&+0&!R:9])-[O&D1&v2&H1&+0&!R:10]	WATER;Any
250_0	Any;WATER	[C&D1&v4&H2&+0&!R&z0:1]=[C&D3&v4&H0&+0&!R&z1:2](~[*:3]~[*:4]~[O&D1&v2&H1&+0&!R:5])-[C&D3&v4&H0&+0&!R&z2:6](=[O&D1&v2&H0&+0&!R:7])-[O&D1&v2&H1&+0&!R:8].[O&D0&v2&H2&+0&!R:9]>>[O&D1&v2&H0&+0&!R:7]=[C&D3&v4&H0&+0&!R&z2:6](-[O&D1&v2&H1&+0&!R:8])-[C&D3&v4&H1&+0&!R&z1:2](-[C&D2&v4&H2&+0&!R&z1:1]-[O&D1&v2&H1&+0&!R:9])~[*:3]~[*:4]~[O&D1&v2&H1&+0&!R:5]	Any
416_0	Any	[O&D2&v2&H0&+0&R:1]-[C&D4&v4&H0&+0&R&z2:2](-[O&D1&v2&H1&+0&!R:3])-[C&D2&v4&H2&+0&!R&z1:4]-[O&D1&v2&H1&+0&!R:5]>>[O&D2&v2&H0&+0&R:1]-[C&D3&v4&H1&+0&R&z2:4](-[O&D1&v2&H1&+0&!R:5])-[C&D3&v4&H1&+0&R&z1:2]-[O&D1&v2&H1&+0&!R:3]	Any
297_0	CO2;WATER;Any	[C&D2&v4&H0&+0&!R&z2:1]=[O&D1&v2&H0&+0&!R:2].[O&D0&v2&H2&+0&!R:3].[c&D3&v4&H0&+0&R&z0:4]1:[c&D2&v4&H1&+0&R&z0:5]:[c&D2&v4&H1&+0&R&z0:6]:[c&D2&v4&H1&+0&R&z0:7]:[c&D2&v4&H1&+0&R&z0:8]:[c&D2&v4&H1&+0&R&z0:9]:1>>[C&D4&v4&H0&+0&R&z0:4]1(-[C&D3&v4&H0&+0&!R&z2:1]-[O&D1&v2&H1&+0&!R:2])-[C&D2&v4&H1&+0&R&z0:5]=[C&D2&v4&H1&+0&R&z0:6]-[C&D3&v4&H1&+0&R&z1:7](-[O&D1&v2&H1&+0&!R:3])-[C&D2&v4&H1&+0&R&z0:8]=[C&D2&v4&H1&+0&R&z0:9]-1	Any
488_0	WATER;Any	[O&D0&v2&H2&+0&!R:1].[S&D4&v6&H0&+0&!R:2]-[N&D2&v3&H1&+0&!R:3]>>[N&D1&v3&H2&+0&!R:3].[S&D4&v6&H0&+0&!R:2]-[O&D1&v2&H1&+0&!R:1]	Any;SULFATE
57_0	PPI;Any	[*:1](~[O&D1&v2&H1&+0&!R:2])~[*:3]~[*:4](~[O&D1&v2&H0&+0&!R:5])~[O&D1&v2&H1&+0&!R:6].[P&D4&v5&H0&+0&R:7]-[O&D2&v2&H0&+0&R:8]>>([O&D1&v2&H1&+0&!R:8].[P&D4&v5&H0&+0&!R:7]-[O&D2&v2&H0&+0&!R:6]~[*:4](~[O&D1&v2&H0&+0&!R:5])~[*:3]~[*:1]~[O&D1&v2&H1&+0&!R:2])	Any
184_0	Any	[C&D3&v4&H0&+0&!R&z2:1](-[O&D1&v2&H1&+0&!R:2])-[C&D3&v4&H1&+0&!R&z1:3]-[C&D3&v4&H0&+0&!R&z1:4](=[O&D1&v2&H0&+0&!R:5])~[*:6]~[O&D1&v2&H1&+0&!R:7]>>[O&D1&v2&H0&+0&!R:2]=[C&D2&v4&H0&+0&!R&z2:1].[O&D1&v2&H0&+0&!R:5]=[C&D3&v4&H0&+0&!R&z1:4](-[C&D2&v4&H2&+0&!R&z1:3])~[*:6]~[O&D1&v2&H1&+0&!R:7]	CO2;Any
167_0	Any	[O&D2&v2&H0&+0&R:1]-[C&D4&v4&H0&+0&R&z2:2](-[O&D1&v2&H1&+0&!R:3])(~[*:4]~[*:5]~[*:6]~[O&D1&v2&H1&+0&!R:7])-[C&D3&v4&H1&+0&R&z1:8]-[C&D3&v4&H1&+0&R&z1:9]-[O&D1&v2&H1&+0&!R:10]>>([O&D1&v2&H0&+0&!R:10]=[C&D2&v4&H1&+0&!R&z1:9].[O&D1&v2&H1&+0&!R:1]).[O&D1&v2&H0&+0&!R:3]=[C&D3&v4&H0&+0&!R&z1:2](-[C&D2&v4&H2&+0&!R&z1:8])~[*:4]~[*:5]~[*:6]~[O&D1&v2&H1&+0&!R:7]	Any;Any
404_0	Any;NH3	[C&D3&v4&H1&+0&R&z1:1]-[N&D2&v3&H1&+0&R:2].[N&D0&v3&H3&+0&!R:3]>>([C&D3&v4&H1&+0&!R&z1:1]-[N&D1&v3&H2&+0&!R:3].[N&D1&v3&H2&+0&!R:2])	Any
280_0	ACETYL-COA;Any	[C&D1&v4&H3&+0&!R&z0:1]-[C&D3&v4&H0&+0&!R&z2:2]=[O&D1&v2&H0&+0&!R:3].[c&D3&v4&H0&+0&R&z0:4](-[C&D2&v4&H1&+0&!R&z1:5]=[O&D1&v2&H0&+0&!R:6]):[c&D2&v4&H1&+0&R&z0:7]:[c&D2&v4&H1&+0&R&z0:8]:[c&D3&v4&H0&+0&R&z1:9]-[O&D1&v2&H1&+0&!R:10]>>[O&D0&v2&H2&+0&!R:6].[c&D3&v4&H0&+0&R&z0:4](-[C&D2&v4&H1&+0&!R&z0:5]=[C&D2&v4&H1&+0&!R&z0:1]-[C&D3&v4&H0&+0&!R&z2:2]=[O&D1&v2&H0&+0&!R:3]):[c&D2&v4&H1&+0&R&z0:7]:[c&D2&v4&H1&+0&R&z0:8]:[c&D3&v4&H0&+0&R&z1:9]-[O&D1&v2&H1&+0&!R:10]	WATER;Any
280_1	Any;Any	[C&D1&v4&H3&+0&!R&z0:1]-[C&D3&v4&H0&+0&!R&z2:2]=[O&D1&v2&H0&+0&!R:3].[c&D3&v4&H0&+0&R&z0:4](-[C&D2&v4&H1&+0&!R&z1:5]=[O&D1&v2&H0&+0&!R:6]):[c&D2&v4&H1&+0&R&z0:7]:[c&D2&v4&H1&+0&R&z0:8]:[c&D3&v4&H0&+0&R&z1:9]-[O&D1&v2&H1&+0&!R:10]>>[O&D0&v2&H2&+0&!R:6].[c&D3&v4&H0&+0&R&z0:4](-[C&D2&v4&H1&+0&!R&z0:5]=[C&D2&v4&H1&+0&!R&z0:1]-[C&D3&v4&H0&+0&!R&z2:2]=[O&D1&v2&H0&+0&!R:3]):[c&D2&v4&H1&+0&R&z0:7]:[c&D2&v4&H1&+0&R&z0:8]:[c&D3&v4&H0&+0&R&z1:9]-[O&D1&v2&H1&+0&!R:10]	WATER;Any
45_0	Any;WATER	[C&D3&v4&H0&+0&R&z0:1]=[C&D2&v4&H1&+0&R&z0:2]-[C&D3&v4&H0&+0&R&z1:3]=[O&D1&v2&H0&+0&!R:4].[O&D0&v2&H2&+0&!R:5]>>[O&D1&v2&H0&+0&!R:5]=[C&D3&v4&H0&+0&R&z1:3]-[C&D2&v4&H2&+0&R&z0:2]-[C&D4&v4&H0&+0&R&z1:1]-[O&D1&v2&H1&+0&!R:4]	Any
159_0	Any;Any;PPI	[*:1](~[O&D1&v2&H1&+0&!R:2])~[O&D1&v2&H1&+0&!R:3].[C&D1&v4&H2&+0&!R&z0:4]=[C&D3&v4&H0&+0&!R&z1:5](-[O&D2&v2&H0&+0&!R:6]-[P&D4&v5&H0&+0&!R:7](-[O&D1&v2&H1&+0&!R:8])-[O&D1&v2&H1&+0&!R:9])~[*:10]~[O&D1&v2&H1&+0&!R:11].[P&D4&v5&H0&+0&!R:12](-[O&D1&v2&H1&+0&!R:13])-[O&D2&v2&H0&+0&!R:14]~[*:15]~[O&D1&v2&H1&+0&!R:16]>>[*:15](~[O&D1&v2&H1&+0&!R:16])~[O&D1&v2&H1&+0&!R:14].[*:1](~[O&D1&v2&H1&+0&!R:2])~[O&D2&v2&H0&+0&!R:3]-[P&D4&v5&H0&+0&!R:7](-[O&D1&v2&H1&+0&!R:8])-[O&D2&v2&H0&+0&!R:9]-[P&D4&v5&H0&+0&!R:12]-[O&D1&v2&H1&+0&!R:13].[C&D1&v4&H3&+0&!R&z0:4]-[C&D3&v4&H0&+0&!R&z1:5](=[O&D1&v2&H0&+0&!R:6])~[*:10]~[O&D1&v2&H1&+0&!R:11]	Pi;Any;Any
159_1	PYROPHOSPHATE_ACCEPTOR_CoF;Any;PHOSPHATE_DONOR_CoF	[*:1](~[O&D1&v2&H1&+0&!R:2])~[O&D1&v2&H1&+0&!R:3].[C&D1&v4&H2&+0&!R&z0:4]=[C&D3&v4&H0&+0&!R&z1:5](-[O&D2&v2&H0&+0&!R:6]-[P&D4&v5&H0&+0&!R:7](-[O&D1&v2&H1&+0&!R:8])-[O&D1&v2&H1&+0&!R:9])~[*:10]~[O&D1&v2&H1&+0&!R:11].[P&D4&v5&H0&+0&!R:12](-[O&D1&v2&H1&+0&!R:13])-[O&D2&v2&H0&+0&!R:14]~[*:15]~[O&D1&v2&H1&+0&!R:16]>>[*:15](~[O&D1&v2&H1&+0&!R:16])~[O&D1&v2&H1&+0&!R:14].[*:1](~[O&D1&v2&H1&+0&!R:2])~[O&D2&v2&H0&+0&!R:3]-[P&D4&v5&H0&+0&!R:7](-[O&D1&v2&H1&+0&!R:8])-[O&D2&v2&H0&+0&!R:9]-[P&D4&v5&H0&+0&!R:12]-[O&D1&v2&H1&+0&!R:13].[C&D1&v4&H3&+0&!R&z0:4]-[C&D3&v4&H0&+0&!R&z1:5](=[O&D1&v2&H0&+0&!R:6])~[*:10]~[O&D1&v2&H1&+0&!R:11]	PHOSPHATE_ACCEPTOR_CoF;PYROPHOSPHATE_DONOR_CoF;Any
411_0	Any;WATER	[N&D1&v3&H2&+0&!R:1]-[C&D3&v4&H1&+0&!R&z1:2]-[C&D2&v4&H2&+0&!R&z0:3]-[C&D2&v4&H2&+0&!R&z1:4]-[O&D2&v2&H0&+0&!R:5]~[*:6]~[O&D1&v2&H1&+0&!R:7].[O&D0&v2&H2&+0&!R:8]>>[*:6](~[O&D1&v2&H1&+0&!R:5])~[O&D1&v2&H1&+0&!R:7].[C&D1&v4&H3&+0&!R&z0:4]-[C&D3&v4&H1&+0&!R&z1:3](-[O&D1&v2&H1&+0&!R:8])-[C&D3&v4&H1&+0&!R&z1:2]-[N&D1&v3&H2&+0&!R:1]	Pi;Any
81_0	Any;Any	[C&D2&v4&H1&+0&!R&z0:1]=[C&D2&v4&H1&+0&!R&z0:2]~[*:3]~[O&D1&v2&H1&+0&!R:4].[N&D1&v3&H2&+0&!R:5]>>[*:3](~[O&D1&v2&H1&+0&!R:4])~[C&D2&v4&H2&+0&!R&z0:2]-[C&D3&v4&H1&+0&!R&z1:1]-[N&D2&v3&H1&+0&!R:5]	Any
408_0	Any;NH3	[C&D3&v4&H0&+0&!R&z3:1](=[O&D1&v2&H0&+0&!R:2])-[O&D1&v2&H1&+0&!R:3].[N&D0&v3&H3&+0&!R:4]>>[C&D3&v4&H0&+0&!R&z3:1](-[N&D1&v3&H2&+0&!R:4])=[O&D1&v2&H0&+0&!R:2].[O&D0&v2&H2&+0&!R:3]	Any;WATER
408_1	CO3;NH3	[C&D3&v4&H0&+0&!R&z3:1](=[O&D1&v2&H0&+0&!R:2])-[O&D1&v2&H1&+0&!R:3].[N&D0&v3&H3&+0&!R:4]>>[C&D3&v4&H0&+0&!R&z3:1](-[N&D1&v3&H2&+0&!R:4])=[O&D1&v2&H0&+0&!R:2].[O&D0&v2&H2&+0&!R:3]	Any;WATER
4_0	Any;Any	[O&D2&v2&H0&+0&R:1]-[C&D3&v4&H1&+0&R&z2:2](-[O&D2&v2&H0&+0&!R:3]~[*:4](~[O&D1&v2&H0&+0&!R:5])(~[O&D1&v2&H1&+0&!R:6])~[*:7]~[*:8](~[O&D1&v2&H0&+0&!R:9])~[O&D1&v2&H1&+0&!R:10])~[*:11]~[O&D1&v2&H1&+0&!R:12].[n&D2&v3&H0&+0&R:13]:[c&D3&v4&H0&+0&R&z1:14]-[C&D3&v4&H0&+0&!R&z2:15]-[O&D1&v2&H1&+0&!R:16]>>[O&D1&v2&H0&+0&!R:16]=[C&D2&v4&H0&+0&!R&z2:15].[O&D1&v2&H0&+0&!R:9]~[*:8](~[O&D1&v2&H1&+0&!R:10])~[*:7]~[*:4](~[O&D1&v2&H0&+0&!R:5])(~[O&D1&v2&H1&+0&!R:6])~[O&D1&v2&H1&+0&!R:3].[n&D3&v4&H0&+&R:13](-[C&D3&v4&H1&+0&R&z2:2](-[O&D2&v2&H0&+0&R:1])~[*:11]~[O&D1&v2&H1&+0&!R:12]):[c&D2&v4&H1&+0&R&z1:14]	CO2;PPI;Any
352_0	Any;Any	[C&D2&v4&H1&+0&!R&z1:1]=[C&D2&v4&H1&+0&!R&z0:2]-[C&D3&v4&H0&+0&!R&z2:3]=[O&D1&v2&H0&+0&!R:4].[C&D3&v4&H0&+0&R&z0:5]1=[C&D2&v4&H1&+0&R&z1:6]-[N&D3&v3&H0&+0&R:7]-[C&D2&v4&H1&+0&R&z1:8]=[C&D2&v4&H1&+0&R&z0:9]-[C&D2&v4&H2&+0&R&z0:10]-1>>[C&D2&v4&H2&+0&!R&z1:1]-[C&D2&v4&H2&+0&!R&z0:2]-[C&D3&v4&H0&+0&!R&z2:3]=[O&D1&v2&H0&+0&!R:4].[c&D3&v4&H0&+0&R&z0:5]1:[c&D2&v4&H1&+0&R&z0:10]:[c&D2&v4&H1&+0&R&z0:9]:[c&D2&v4&H1&+0&R&z1:8]:[n&D3&v4&H0&+&R:7]:[c&D2&v4&H1&+0&R&z1:6]:1	Any;Any
352_1	Any;NADH_CoF	[C&D2&v4&H1&+0&!R&z1:1]=[C&D2&v4&H1&+0&!R&z0:2]-[C&D3&v4&H0&+0&!R&z2:3]=[O&D1&v2&H0&+0&!R:4].[C&D3&v4&H0&+0&R&z0:5]1=[C&D2&v4&H1&+0&R&z1:6]-[N&D3&v3&H0&+0&R:7]-[C&D2&v4&H1&+0&R&z1:8]=[C&D2&v4&H1&+0&R&z0:9]-[C&D2&v4&H2&+0&R&z0:10]-1>>[C&D2&v4&H2&+0&!R&z1:1]-[C&D2&v4&H2&+0&!R&z0:2]-[C&D3&v4&H0&+0&!R&z2:3]=[O&D1&v2&H0&+0&!R:4].[c&D3&v4&H0&+0&R&z0:5]1:[c&D2&v4&H1&+0&R&z0:10]:[c&D2&v4&H1&+0&R&z0:9]:[c&D2&v4&H1&+0&R&z1:8]:[n&D3&v4&H0&+&R:7]:[c&D2&v4&H1&+0&R&z1:6]:1	Any;NAD_CoF
36_0	Any	[C&D3&v4&H0&+0&!R&z2:1](-[O&D1&v2&H1&+0&!R:2])-[c&D3&v4&H0&+0&R&z1:3]>>[O&D1&v2&H0&+0&!R:2]=[C&D2&v4&H0&+0&!R&z2:1].[c&D2&v4&H1&+0&R&z1:3]	CO2;Any
295_0	Any;NH3	[C&D3&v4&H0&+0&!R&z0:1](=[C&D2&v4&H1&+0&!R&z0:2])-[C&D3&v4&H0&+0&!R&z2:3](=[O&D1&v2&H0&+0&!R:4])-[O&D1&v2&H1&+0&!R:5].[N&D0&v3&H3&+0&!R:6]>>[C&D3&v4&H1&+0&!R&z0:1](-[C&D3&v4&H0&+0&!R&z2:3](=[O&D1&v2&H0&+0&!R:4])-[O&D1&v2&H1&+0&!R:5])-[C&D3&v4&H1&+0&!R&z1:2]-[N&D1&v3&H2&+0&!R:6]	Any
168_0	Any;Any;CO3	[*:1](~[O&D1&v2&H1&+0&!R:2])~[*:3]~[*:4](~[O&D1&v2&H1&+0&!R:5])~[O&D2&v2&H0&+0&!R:6]-[P&D4&v5&H0&+0&!R:7](-[O&D1&v2&H1&+0&!R:8])-[O&D1&v2&H1&+0&!R:9].[C&D1&v4&H3&+0&!R&z0:10]-[C&D3&v4&H0&+0&!R&z1:11]=[O&D1&v2&H0&+0&!R:12].[O&D1&v2&H0&+0&!R:13]=[C&D3&v4&H0&+0&!R&z3:14](-[O&D1&v2&H1&+0&!R:15])-[O&D1&v2&H1&+0&!R:16]>>[*:1](~[O&D1&v2&H1&+0&!R:2])~[*:3]~[*:4](~[O&D1&v2&H1&+0&!R:5])~[O&D1&v2&H1&+0&!R:6].[O&D1&v2&H0&+0&!R:15]=[C&D3&v4&H0&+0&!R&z2:14](-[O&D1&v2&H1&+0&!R:16])-[C&D2&v4&H2&+0&!R&z0:10]-[C&D3&v4&H0&+0&!R&z1:11]=[O&D1&v2&H0&+0&!R:12].[P&D4&v5&H0&+0&!R:7](-[O&D1&v2&H1&+0&!R:9])(-[O&D1&v2&H1&+0&!R:13])-[O&D1&v2&H1&+0&!R:8]	Any;Any;Pi
168_1	PHOSPHATE_DONOR_CoF;Any;CO3	[*:1](~[O&D1&v2&H1&+0&!R:2])~[*:3]~[*:4](~[O&D1&v2&H1&+0&!R:5])~[O&D2&v2&H0&+0&!R:6]-[P&D4&v5&H0&+0&!R:7](-[O&D1&v2&H1&+0&!R:8])-[O&D1&v2&H1&+0&!R:9].[C&D1&v4&H3&+0&!R&z0:10]-[C&D3&v4&H0&+0&!R&z1:11]=[O&D1&v2&H0&+0&!R:12].[O&D1&v2&H0&+0&!R:13]=[C&D3&v4&H0&+0&!R&z3:14](-[O&D1&v2&H1&+0&!R:15])-[O&D1&v2&H1&+0&!R:16]>>[*:1](~[O&D1&v2&H1&+0&!R:2])~[*:3]~[*:4](~[O&D1&v2&H1&+0&!R:5])~[O&D1&v2&H1&+0&!R:6].[O&D1&v2&H0&+0&!R:15]=[C&D3&v4&H0&+0&!R&z2:14](-[O&D1&v2&H1&+0&!R:16])-[C&D2&v4&H2&+0&!R&z0:10]-[C&D3&v4&H0&+0&!R&z1:11]=[O&D1&v2&H0&+0&!R:12].[P&D4&v5&H0&+0&!R:7](-[O&D1&v2&H1&+0&!R:9])(-[O&D1&v2&H1&+0&!R:13])-[O&D1&v2&H1&+0&!R:8]	PHOSPHATE_ACCEPTOR_CoF;Any;Pi
182_0	Any;Any	[C&D3&v4&H0&+0&!R&z1:1](=[O&D1&v2&H0&+0&!R:2])-[C&D2&v4&H2&+0&!R&z0:3].[N&D1&v3&H2&+0&!R:4]-[C&D2&v4&H2&+0&!R&z1:5]-[C&D3&v4&H0&+0&!R&z1:6]=[O&D1&v2&H0&+0&!R:7]>>[O&D0&v2&H2&+0&!R:7].[O&D0&v2&H2&+0&!R:2].[c&D3&v4&H0&+0&R&z1:1]1:[n&D2&v3&H1&+0&R:4]:[c&D2&v4&H1&+0&R&z1:5]:[c&D3&v4&H0&+0&R&z0:6]:[c&D3&v4&H0&+0&R&z0:3]:1	WATER;WATER;Any
298_0	Any	[O&D2&v2&H0&+0&R:1]-[C&D3&v4&H1&+0&R&z2:2](-[O&D1&v2&H1&+0&!R:3])-[C&D3&v4&H1&+0&R&z1:4](-[O&D1&v2&H1&+0&!R:5])~[*:6]~[O&D1&v2&H1&+0&!R:7]>>([*:6](~[O&D1&v2&H1&+0&!R:7])~[C&D3&v4&H0&+0&!R&z1:4](=[O&D1&v2&H0&+0&!R:5])-[C&D2&v4&H2&+0&!R&z1:2]-[O&D1&v2&H1&+0&!R:3].[O&D1&v2&H1&+0&!R:1])	Any
397_0	Any;Any	[N&D1&v3&H2&+0&!R:1]-[C&D3&v4&H1&+0&!R&z1:2]-[C&D2&v4&H2&+0&!R&z1:3]-[O&D1&v2&H1&+0&!R:4].[S&D1&v2&H1&+0&!R:5]>>[O&D0&v2&H2&+0&!R:4].[S&D2&v2&H0&+0&!R:5]-[C&D2&v4&H2&+0&!R&z1:3]-[C&D3&v4&H1&+0&!R&z1:2]-[N&D1&v3&H2&+0&!R:1]	WATER;Any
222_0	Any	[*:1](~[O&D1&v2&H1&+0&!R:2])~[C&D3&v4&H0&+0&!R&z1:3](=[O&D1&v2&H0&+0&!R:4])-[C&D2&v4&H2&+0&!R&z1:5]-[P&D4&v5&H0&+0&!R:6]>>[C&D1&v4&H2&+0&!R&z0:5]=[C&D3&v4&H0&+0&!R&z1:3](-[O&D2&v2&H0&+0&!R:4]-[P&D4&v5&H0&+0&!R:6])~[*:1]~[O&D1&v2&H1&+0&!R:2]	Any
405_0	Any;Any	[C&D2&v4&H1&+0&!R&z2:1]=[O&D1&v2&H0&+0&!R:2].[C&D3&v4&H0&+0&R&z0:3]1=[C&D2&v4&H1&+0&R&z1:4]-[N&D3&v3&H0&+0&R:5]-[C&D2&v4&H1&+0&R&z1:6]=[C&D2&v4&H1&+0&R&z0:7]-[C&D2&v4&H2&+0&R&z0:8]-1>>[C&D2&v4&H2&+0&!R&z2:1]-[O&D1&v2&H1&+0&!R:2].[c&D3&v4&H0&+0&R&z0:3]1:[c&D2&v4&H1&+0&R&z0:8]:[c&D2&v4&H1&+0&R&z0:7]:[c&D2&v4&H1&+0&R&z1:6]:[n&D3&v4&H0&+&R:5]:[c&D2&v4&H1&+0&R&z1:4]:1	Any;Any
405_1	Any;NADH_CoF	[C&D2&v4&H1&+0&!R&z2:1]=[O&D1&v2&H0&+0&!R:2].[C&D3&v4&H0&+0&R&z0:3]1=[C&D2&v4&H1&+0&R&z1:4]-[N&D3&v3&H0&+0&R:5]-[C&D2&v4&H1&+0&R&z1:6]=[C&D2&v4&H1&+0&R&z0:7]-[C&D2&v4&H2&+0&R&z0:8]-1>>[C&D2&v4&H2&+0&!R&z2:1]-[O&D1&v2&H1&+0&!R:2].[c&D3&v4&H0&+0&R&z0:3]1:[c&D2&v4&H1&+0&R&z0:8]:[c&D2&v4&H1&+0&R&z0:7]:[c&D2&v4&H1&+0&R&z1:6]:[n&D3&v4&H0&+&R:5]:[c&D2&v4&H1&+0&R&z1:4]:1	Any;NAD_CoF
449_0	WATER;Any	[O&D0&v2&H2&+0&!R:1].[O&D2&v2&H0&+0&!R:2]-[P&D4&v5&H0&+0&!R:3]=[O&D1&v2&H0&+0&!R:4]>>[O&D1&v2&H0&+0&!R:4]=[P&D4&v5&H0&+0&!R:3]-[O&D1&v2&H1&+0&!R:1].[O&D1&v2&H1&+0&!R:2]	Any;Any
283_0	Any;WATER	[C&D3&v4&H1&+0&R&z1:1](-[N&D2&v3&H1&+0&R:2])-[c&D3&v4&H0&+0&R&z1:3]:[c&D3&v4&H0&+0&R&z0:4].[O&D0&v2&H2&+0&!R:5]>>[C&D2&v4&H1&+0&!R&z1:1]=[O&D1&v2&H0&+0&!R:5].([N&D1&v3&H2&+0&!R:2].[c&D3&v4&H0&+0&R&z0:4]:[c&D2&v4&H1&+0&R&z1:3])	Any;Any
423_0	Any;Any	[N&D1&v3&H2&+0&!R:1]-[C&D3&v4&H1&+0&!R&z1:2]-[C&D2&v4&H2&+0&!R&z0:3]-[C&D2&v4&H2&+0&!R&z1:4]-[O&D2&v2&H0&+0&!R:5].[S&D1&v2&H1&+0&!R:6]>>[N&D1&v3&H2&+0&!R:1]-[C&D3&v4&H1&+0&!R&z1:2]-[C&D2&v4&H2&+0&!R&z0:3]-[C&D2&v4&H2&+0&!R&z1:4]-[S&D2&v2&H0&+0&!R:6].[O&D1&v2&H1&+0&!R:5]	Any;Any
423_1	Any;Any	[N&D1&v3&H2&+0&!R:1]-[C&D3&v4&H1&+0&!R&z1:2]-[C&D2&v4&H2&+0&!R&z0:3]-[C&D2&v4&H2&+0&!R&z1:4]-[O&D2&v2&H0&+0&!R:5].[S&D1&v2&H1&+0&!R:6]>>[N&D1&v3&H2&+0&!R:1]-[C&D3&v4&H1&+0&!R&z1:2]-[C&D2&v4&H2&+0&!R&z0:3]-[C&D2&v4&H2&+0&!R&z1:4]-[S&D2&v2&H0&+0&!R:6].[O&D1&v2&H1&+0&!R:5]	Any;Pi
221_0	Any	[C&D1&v4&H2&+0&!R&z0:1]=[C&D3&v4&H0&+0&!R&z1:2](-[O&D2&v2&H0&+0&!R:3]-[P&D4&v5&H0&+0&!R:4])~[*:5]~[O&D1&v2&H1&+0&!R:6]>>[*:5](~[O&D1&v2&H1&+0&!R:6])~[C&D3&v4&H0&+0&!R&z1:2](=[O&D1&v2&H0&+0&!R:3])-[C&D2&v4&H2&+0&!R&z1:1]-[P&D4&v5&H0&+0&!R:4]	Any
21_0	Any;Any	[C&D1&v4&H3&+0&!R&z0:1]-[c&D3&v4&H0&+0&R&z0:2]:[c&D2&v4&H1&+0&R&z1:3].([N&D2&v3&H0&+0&R:4]=[C&D3&v4&H0&+0&R&z1:5].[N&D2&v3&H1&+0&!R:6])>>[N&D3&v3&H0&+0&R:4](-[C&D2&v4&H2&+0&R&z2:1]-[N&D3&v3&H0&+0&R:6])-[C&D3&v4&H1&+0&R&z1:5].[c&D2&v4&H1&+0&R&z0:2]:[c&D2&v4&H1&+0&R&z1:3]	Any;Any
267_0	Any;Any	[C&D3&v4&H0&+0&!R&z1:1](=[O&D1&v2&H0&+0&!R:2])-[C&D3&v4&H0&+0&!R&z2:3]-[O&D1&v2&H1&+0&!R:4].[O&D1&v2&H0&+0&!R:5]=[C&D2&v4&H1&+0&!R&z1:6]>>[C&D3&v4&H0&+0&!R&z1:1](=[O&D1&v2&H0&+0&!R:2])-[C&D3&v4&H1&+0&!R&z1:6]-[O&D1&v2&H1&+0&!R:5].[O&D1&v2&H0&+0&!R:4]=[C&D2&v4&H0&+0&!R&z2:3]	Any;CO2
62_0	Any;Any;Any	[N&D1&v3&H2&+0&!R:1]~[*:2]~[*:3]~[O&D1&v2&H1&+0&!R:4].[O&D1&v2&H0&+0&!R:5]=[c&D3&v4&H0&+0&R&z2:6]:[n&D2&v3&H1&+0&R:7].[O&D2&v2&H0&+0&!R:8]-[P&D4&v5&H0&+0&!R:9]-[O&D1&v2&H1&+0&!R:10]>>[*:2](~[N&D2&v3&H1&+0&!R:1]-[c&D3&v4&H0&+0&R&z2:6]:[n&D2&v3&H0&+0&R:7])~[*:3]~[O&D1&v2&H1&+0&!R:4].[O&D1&v2&H1&+0&!R:8].[P&D4&v5&H0&+0&!R:9](-[O&D1&v2&H1&+0&!R:10])-[O&D1&v2&H1&+0&!R:5]	Any;Pi;Any
62_1	Any;Any;PHOSPHATE_DONOR_CoF	[N&D1&v3&H2&+0&!R:1]~[*:2]~[*:3]~[O&D1&v2&H1&+0&!R:4].[O&D1&v2&H0&+0&!R:5]=[c&D3&v4&H0&+0&R&z2:6]:[n&D2&v3&H1&+0&R:7].[O&D2&v2&H0&+0&!R:8]-[P&D4&v5&H0&+0&!R:9]-[O&D1&v2&H1&+0&!R:10]>>[*:2](~[N&D2&v3&H1&+0&!R:1]-[c&D3&v4&H0&+0&R&z2:6]:[n&D2&v3&H0&+0&R:7])~[*:3]~[O&D1&v2&H1&+0&!R:4].[O&D1&v2&H1&+0&!R:8].[P&D4&v5&H0&+0&!R:9](-[O&D1&v2&H1&+0&!R:10])-[O&D1&v2&H1&+0&!R:5]	Any;Pi;PHOSPHATE_ACCEPTOR_CoF
23_0	Any	[C&D3&v4&H1&+0&!R&z1:1](-[O&D1&v2&H1&+0&!R:2])-[C&D3&v4&H0&+0&!R&z2:3](=[O&D1&v2&H0&+0&!R:4])-[S&D2&v2&H0&+0&!R:5]>>[C&D3&v4&H0&+0&!R&z1:1](=[O&D1&v2&H0&+0&!R:2])-[C&D2&v4&H1&+0&!R&z1:3]=[O&D1&v2&H0&+0&!R:4].[S&D1&v2&H1&+0&!R:5]	Any;Any
67_0	Any;CO2	[C&D2&v4&H2&+0&!R&z0:1]-[C&D3&v4&H0&+0&!R&z2:2]=[O&D1&v2&H0&+0&!R:3].[O&D1&v2&H0&+0&!R:4]=[C&D2&v4&H0&+0&!R&z2:5]>>[C&D3&v4&H1&+0&!R&z0:1](-[C&D3&v4&H0&+0&!R&z2:5]-[O&D1&v2&H1&+0&!R:4])-[C&D3&v4&H0&+0&!R&z2:2]=[O&D1&v2&H0&+0&!R:3]	Any
112_0	Any;Any	[C&D3&v4&H0&+0&R&z0:1]1=[C&D2&v4&H1&+0&R&z1:2]-[N&D3&v3&H0&+0&R:3]-[C&D2&v4&H1&+0&R&z1:4]=[C&D2&v4&H1&+0&R&z0:5]-[C&D2&v4&H2&+0&R&z0:6]-1.[c&D3&v4&H0&+0&R&z0:7]1:[c&D2&v4&H1&+0&R&z0:8]:[c&D2&v4&H1&+0&R&z0:9]:[c&D2&v4&H1&+0&R&z1:10]:[n&D3&v4&H0&+&R:11]:[c&D2&v4&H1&+0&R&z1:12]:1>>[C&D3&v4&H0&+0&R&z0:7]1=[C&D2&v4&H1&+0&R&z1:12]-[N&D3&v3&H0&+0&R:11]-[C&D2&v4&H1&+0&R&z1:10]=[C&D2&v4&H1&+0&R&z0:9]-[C&D2&v4&H2&+0&R&z0:8]-1.[c&D3&v4&H0&+0&R&z0:1]1:[c&D2&v4&H1&+0&R&z0:6]:[c&D2&v4&H1&+0&R&z0:5]:[c&D2&v4&H1&+0&R&z1:4]:[n&D3&v4&H0&+&R:3]:[c&D2&v4&H1&+0&R&z1:2]:1	Any;Any
112_1	NADH_CoF;NAD_CoF	[C&D3&v4&H0&+0&R&z0:1]1=[C&D2&v4&H1&+0&R&z1:2]-[N&D3&v3&H0&+0&R:3]-[C&D2&v4&H1&+0&R&z1:4]=[C&D2&v4&H1&+0&R&z0:5]-[C&D2&v4&H2&+0&R&z0:6]-1.[c&D3&v4&H0&+0&R&z0:7]1:[c&D2&v4&H1&+0&R&z0:8]:[c&D2&v4&H1&+0&R&z0:9]:[c&D2&v4&H1&+0&R&z1:10]:[n&D3&v4&H0&+&R:11]:[c&D2&v4&H1&+0&R&z1:12]:1>>[C&D3&v4&H0&+0&R&z0:7]1=[C&D2&v4&H1&+0&R&z1:12]-[N&D3&v3&H0&+0&R:11]-[C&D2&v4&H1&+0&R&z1:10]=[C&D2&v4&H1&+0&R&z0:9]-[C&D2&v4&H2&+0&R&z0:8]-1.[c&D3&v4&H0&+0&R&z0:1]1:[c&D2&v4&H1&+0&R&z0:6]:[c&D2&v4&H1&+0&R&z0:5]:[c&D2&v4&H1&+0&R&z1:4]:[n&D3&v4&H0&+&R:3]:[c&D2&v4&H1&+0&R&z1:2]:1	NADH_CoF;NAD_CoF
123_0	HCN;Any	[C&D1&v4&H1&+0&!R&z1:1].[O&D1&v2&H0&+0&!R:2]=[S&D4&v6&H0&+0&!R:3]-[S&D1&v2&H1&+0&!R:4]>>[C&D2&v4&H0&+0&!R&z2:1]-[S&D1&v2&H1&+0&!R:4].[S&D3&v4&H0&+0&!R:3]-[O&D1&v2&H1&+0&!R:2]	Any;SULFITE
156_0	Any	([C&D2&v4&H2&+0&!R&z1:1]-[O&D1&v2&H1&+0&!R:2].[c&D3&v4&H0&+0&R&z0:3]1:[c&D2&v4&H1&+0&R&z1:4]:[n&D2&v3&H1&+0&R:5]:[c&D3&v4&H0&+0&R&z1:6](-[C&D2&v4&H2&+0&!R&z0:7]-[c&D3&v4&H0&+0&R&z1:8]2:[n&D2&v3&H1&+0&R:9]:[c&D3&v4&H0&+0&R&z1:10]:[c&D3&v4&H0&+0&R&z0:11]:[c&D3&v4&H0&+0&R&z0:12]:2):[c&D3&v4&H0&+0&R&z0:13]:1)>>[O&D0&v2&H2&+0&!R:2].[c&D3&v4&H0&+0&R&z0:12]1:[c&D3&v4&H0&+0&R&z1:8](:[n&D2&v3&H1&+0&R:9]:[c&D3&v4&H0&+0&R&z1:10]:[c&D3&v4&H0&+0&R&z0:11]:1)-[C&D2&v4&H2&+0&R&z0:7]-[c&D3&v4&H0&+0&R&z1:4]1:[n&D2&v3&H1&+0&R:5]:[c&D3&v4&H0&+0&R&z1:6](-[C&D2&v4&H2&+0&R&z0:1]):[c&D3&v4&H0&+0&R&z0:13]:[c&D3&v4&H0&+0&R&z0:3]:1	WATER;Any
480_0	Any;Any	[C&D3&v4&H0&+0&!R&z1:1](=[O&D1&v2&H0&+0&!R:2])-[C&D4&v4&H0&+0&!R&z1:3](-[C&D1&v4&H3&+0&!R&z0:4])(-[O&D1&v2&H1&+0&!R:5])~[*:6]~[O&D1&v2&H1&+0&!R:7].[C&D3&v4&H0&+0&R&z0:8]1=[C&D2&v4&H1&+0&R&z1:9]-[N&D3&v3&H0&+0&R:10]-[C&D2&v4&H1&+0&R&z1:11]=[C&D2&v4&H1&+0&R&z0:12]-[C&D2&v4&H2&+0&R&z0:13]-1>>[C&D4&v4&H0&+0&!R&z1:1](-[C&D1&v4&H3&+0&!R&z0:4])(-[O&D1&v2&H1&+0&!R:2])-[C&D3&v4&H1&+0&!R&z1:3](-[O&D1&v2&H1&+0&!R:5])~[*:6]~[O&D1&v2&H1&+0&!R:7].[c&D3&v4&H0&+0&R&z0:8]1:[c&D2&v4&H1&+0&R&z0:13]:[c&D2&v4&H1&+0&R&z0:12]:[c&D2&v4&H1&+0&R&z1:11]:[n&D3&v4&H0&+&R:10]:[c&D2&v4&H1&+0&R&z1:9]:1	Any;Any
480_1	Any;NADH_CoF	[C&D3&v4&H0&+0&!R&z1:1](=[O&D1&v2&H0&+0&!R:2])-[C&D4&v4&H0&+0&!R&z1:3](-[C&D1&v4&H3&+0&!R&z0:4])(-[O&D1&v2&H1&+0&!R:5])~[*:6]~[O&D1&v2&H1&+0&!R:7].[C&D3&v4&H0&+0&R&z0:8]1=[C&D2&v4&H1&+0&R&z1:9]-[N&D3&v3&H0&+0&R:10]-[C&D2&v4&H1&+0&R&z1:11]=[C&D2&v4&H1&+0&R&z0:12]-[C&D2&v4&H2&+0&R&z0:13]-1>>[C&D4&v4&H0&+0&!R&z1:1](-[C&D1&v4&H3&+0&!R&z0:4])(-[O&D1&v2&H1&+0&!R:2])-[C&D3&v4&H1&+0&!R&z1:3](-[O&D1&v2&H1&+0&!R:5])~[*:6]~[O&D1&v2&H1&+0&!R:7].[c&D3&v4&H0&+0&R&z0:8]1:[c&D2&v4&H1&+0&R&z0:13]:[c&D2&v4&H1&+0&R&z0:12]:[c&D2&v4&H1&+0&R&z1:11]:[n&D3&v4&H0&+&R:10]:[c&D2&v4&H1&+0&R&z1:9]:1	Any;NAD_CoF
208_0	Any	[C&D4&v4&H0&+0&R&z0:1]1-[C&D3&v4&H1&+0&R&z0:2]-[C&D2&v4&H2&+0&R&z0:3]-[C&D3&v4&H1&+0&R&z1:4](-[C&D4&v4&H0&+0&R&z0:5]-1)-[O&D2&v2&H0&+0&!R:6]~[*:7](~[O&D1&v2&H0&+0&!R:8])(~[O&D1&v2&H1&+0&!R:9])~[*:10]~[*:11](~[O&D1&v2&H0&+0&!R:12])~[O&D1&v2&H1&+0&!R:13]>>([C&D3&v4&H0&+0&!R&z0:1]=[C&D2&v4&H1&+0&!R&z0:2].[C&D3&v4&H0&+0&!R&z0:5]=[C&D2&v4&H1&+0&!R&z0:4]-[C&D2&v4&H2&+0&!R&z1:3]-[O&D2&v2&H0&+0&!R:6]~[*:7](~[O&D1&v2&H0&+0&!R:8])(~[O&D1&v2&H1&+0&!R:9])~[*:10]~[*:11](~[O&D1&v2&H0&+0&!R:12])~[O&D1&v2&H1&+0&!R:13])	Any
10_0	Any;Any	[C&D3&v4&H0&+0&!R&z2:1](-[O&D1&v2&H1&+0&!R:2])-[C&D2&v4&H2&+0&!R&z0:3]-[C&D3&v4&H1&+0&!R&z1:4](-[O&D1&v2&H1&+0&!R:5])~[*:6](~[O&D1&v2&H0&+0&!R:7])~[O&D1&v2&H1&+0&!R:8].[c&D3&v4&H0&+0&R&z0:9]1:[c&D2&v4&H1&+0&R&z0:10]:[c&D2&v4&H1&+0&R&z0:11]:[c&D2&v4&H1&+0&R&z1:12]:[n&D3&v4&H0&+&R:13]:[c&D2&v4&H1&+0&R&z1:14]:1>>[C&D1&v4&H3&+0&!R&z0:3]-[C&D3&v4&H0&+0&!R&z1:4](=[O&D1&v2&H0&+0&!R:5])~[*:6](~[O&D1&v2&H0&+0&!R:7])~[O&D1&v2&H1&+0&!R:8].[C&D3&v4&H0&+0&R&z0:9]1=[C&D2&v4&H1&+0&R&z1:14]-[N&D3&v3&H0&+0&R:13]-[C&D2&v4&H1&+0&R&z1:12]=[C&D2&v4&H1&+0&R&z0:11]-[C&D2&v4&H2&+0&R&z0:10]-1.[O&D1&v2&H0&+0&!R:2]=[C&D2&v4&H0&+0&!R&z2:1]	Any;Any;CO2
10_1	Any;NAD_CoF	[C&D3&v4&H0&+0&!R&z2:1](-[O&D1&v2&H1&+0&!R:2])-[C&D2&v4&H2&+0&!R&z0:3]-[C&D3&v4&H1&+0&!R&z1:4](-[O&D1&v2&H1&+0&!R:5])~[*:6](~[O&D1&v2&H0&+0&!R:7])~[O&D1&v2&H1&+0&!R:8].[c&D3&v4&H0&+0&R&z0:9]1:[c&D2&v4&H1&+0&R&z0:10]:[c&D2&v4&H1&+0&R&z0:11]:[c&D2&v4&H1&+0&R&z1:12]:[n&D3&v4&H0&+&R:13]:[c&D2&v4&H1&+0&R&z1:14]:1>>[C&D1&v4&H3&+0&!R&z0:3]-[C&D3&v4&H0&+0&!R&z1:4](=[O&D1&v2&H0&+0&!R:5])~[*:6](~[O&D1&v2&H0&+0&!R:7])~[O&D1&v2&H1&+0&!R:8].[C&D3&v4&H0&+0&R&z0:9]1=[C&D2&v4&H1&+0&R&z1:14]-[N&D3&v3&H0&+0&R:13]-[C&D2&v4&H1&+0&R&z1:12]=[C&D2&v4&H1&+0&R&z0:11]-[C&D2&v4&H2&+0&R&z0:10]-1.[O&D1&v2&H0&+0&!R:2]=[C&D2&v4&H0&+0&!R&z2:1]	Any;NADH_CoF;CO2
142_0	Any	[N&D1&v3&H2&+0&!R:1]-[C&D3&v4&H1&+0&!R&z1:2]-[C&D2&v4&H2&+0&!R&z1:3]-[O&D1&v2&H1&+0&!R:4]>>[C&D1&v4&H3&+0&!R&z0:3]-[C&D3&v4&H0&+0&!R&z1:2]=[O&D1&v2&H0&+0&!R:4].[N&D0&v3&H3&+0&!R:1]	Any;NH3
433_0	Any;Any	[O&D1&v2&H1&+0&!R:1].[n&D3&v3&H0&+0&R:2]-[C&D3&v4&H1&+0&R&z2:3]>>[O&D2&v2&H0&+0&!R:1]-[C&D3&v4&H1&+0&R&z2:3].[n&D2&v3&H1&+0&R:2]	Any;Any
143_0	Any;NH3	[C&D1&v4&H3&+0&!R&z0:1]-[C&D3&v4&H0&+0&!R&z1:2]=[O&D1&v2&H0&+0&!R:3].[N&D0&v3&H3&+0&!R:4]>>[N&D1&v3&H2&+0&!R:4]-[C&D3&v4&H1&+0&!R&z1:2]-[C&D2&v4&H2&+0&!R&z1:1]-[O&D1&v2&H1&+0&!R:3]	Any
78_0	Any;Any	[n&D2&v3&H0&+0&R:1]:[c&D2&v4&H1&+0&R&z2:2]:[n&D2&v3&H1&+0&R:3].[n&D3&v4&H0&+&R:4]-[C&D3&v4&H1&+0&R&z2:5]>>[n&D2&v3&H0&+0&R:4].[n&D2&v3&H0&+0&R:3]:[c&D2&v4&H1&+0&R&z2:2]:[n&D3&v3&H0&+0&R:1]-[C&D3&v4&H1&+0&R&z2:5]	Any;Any
55_0	Any	[C&D3&v4&H0&+0&!R&z3:1](-[N&D1&v3&H2&+0&!R:2])=[O&D1&v2&H0&+0&!R:3]>>[C&D2&v4&H0&+0&!R&z2:1]#[N&D1&v3&H0&+0&!R:2].[O&D0&v2&H2&+0&!R:3]	Any;WATER
401_0	Any;WATER	[N&D1&v3&H2&+0&!R:1]-[C&D3&v4&H0&+0&!R&z2:2](=[O&D1&v2&H0&+0&!R:3])~[*:4]:[*:5]:[n&D2&v3&H0&+0&R:6].[O&D0&v2&H2&+0&!R:7]>>[N&D0&v3&H3&+0&!R:1].[O&D1&v2&H0&+0&!R:3]=[C&D3&v4&H0&+0&!R&z2:2](-[O&D1&v2&H1&+0&!R:7])~[*:4]:[*:5]:[n&D2&v3&H0&+0&R:6]	NH3;Any
501_0	SULFITE;Any	[O&D1&v2&H0&+0&!R:1]=[S&D3&v4&H0&+0&!R:2](-[O&D1&v2&H1&+0&!R:3])-[O&D1&v2&H1&+0&!R:4].[c&D2&v4&H1&+0&R&z0:5]>>[O&D0&v2&H2&+0&!R:4].[O&D1&v2&H0&+0&!R:3]=[S&D3&v4&H0&+0&!R:2](-[O&D1&v2&H1&+0&!R:1])-[c&D3&v4&H0&+0&R&z1:5]	WATER;Any
440_0	Any;Any	[O&D1&v2&H0&+0&!R:1]=[C&D3&v4&H0&+0&R&z2:2]1-[C&D2&v4&H2&+0&R&z0:3]-[C&D2&v4&H2&+0&R&z1:4]-[N&D2&v3&H1&+0&R:5]-[C&D3&v4&H0&+0&R&z3:6]-[N&D2&v3&H1&+0&R:7]-1.[c&D3&v4&H0&+0&R&z0:8]1:[c&D2&v4&H1&+0&R&z0:9]:[c&D2&v4&H1&+0&R&z0:10]:[c&D2&v4&H1&+0&R&z1:11]:[n&D3&v4&H0&+&R:12]:[c&D2&v4&H1&+0&R&z1:13]:1>>[C&D3&v4&H0&+0&R&z0:8]1=[C&D2&v4&H1&+0&R&z1:13]-[N&D3&v3&H0&+0&R:12]-[C&D2&v4&H1&+0&R&z1:11]=[C&D2&v4&H1&+0&R&z0:10]-[C&D2&v4&H2&+0&R&z0:9]-1.[O&D1&v2&H0&+0&!R:1]=[c&D3&v4&H0&+0&R&z2:2]1:[c&D2&v4&H1&+0&R&z0:3]:[c&D2&v4&H1&+0&R&z1:4]:[n&D2&v3&H1&+0&R:5]:[c&D3&v4&H0&+0&R&z3:6]:[n&D2&v3&H1&+0&R:7]:1	Any;Any
440_1	Any;NAD_CoF	[O&D1&v2&H0&+0&!R:1]=[C&D3&v4&H0&+0&R&z2:2]1-[C&D2&v4&H2&+0&R&z0:3]-[C&D2&v4&H2&+0&R&z1:4]-[N&D2&v3&H1&+0&R:5]-[C&D3&v4&H0&+0&R&z3:6]-[N&D2&v3&H1&+0&R:7]-1.[c&D3&v4&H0&+0&R&z0:8]1:[c&D2&v4&H1&+0&R&z0:9]:[c&D2&v4&H1&+0&R&z0:10]:[c&D2&v4&H1&+0&R&z1:11]:[n&D3&v4&H0&+&R:12]:[c&D2&v4&H1&+0&R&z1:13]:1>>[C&D3&v4&H0&+0&R&z0:8]1=[C&D2&v4&H1&+0&R&z1:13]-[N&D3&v3&H0&+0&R:12]-[C&D2&v4&H1&+0&R&z1:11]=[C&D2&v4&H1&+0&R&z0:10]-[C&D2&v4&H2&+0&R&z0:9]-1.[O&D1&v2&H0&+0&!R:1]=[c&D3&v4&H0&+0&R&z2:2]1:[c&D2&v4&H1&+0&R&z0:3]:[c&D2&v4&H1&+0&R&z1:4]:[n&D2&v3&H1&+0&R:5]:[c&D3&v4&H0&+0&R&z3:6]:[n&D2&v3&H1&+0&R:7]:1	NADH_CoF;Any
32_0	Any;Any	[C&D3&v4&H1&+0&R&z2:1]-[O&D2&v2&H0&+0&!R:2]~[*:3]~[*:4]~[*:5]~[O&D1&v2&H1&+0&!R:6].[n&D2&v3&H1&+0&R:7]>>[*:3](~[O&D1&v2&H1&+0&!R:2])~[*:4]~[*:5]~[O&D1&v2&H1&+0&!R:6].[n&D3&v3&H0&+0&R:7]-[C&D3&v4&H1&+0&R&z2:1]	Any;Any
32_1	GLUCOSYL_DONOR_CoF;Any	[C&D3&v4&H1&+0&R&z2:1]-[O&D2&v2&H0&+0&!R:2]~[*:3]~[*:4]~[*:5]~[O&D1&v2&H1&+0&!R:6].[n&D2&v3&H1&+0&R:7]>>[*:3](~[O&D1&v2&H1&+0&!R:2])~[*:4]~[*:5]~[O&D1&v2&H1&+0&!R:6].[n&D3&v3&H0&+0&R:7]-[C&D3&v4&H1&+0&R&z2:1]	GLUCOSYL_ACCEPTOR_CoF;Any
403_0	Any	([C&D3&v4&H1&+0&!R&z1:1]-[N&D1&v3&H2&+0&!R:2].[N&D1&v3&H2&+0&!R:3])>>[C&D3&v4&H1&+0&R&z1:1]-[N&D2&v3&H1&+0&R:3].[N&D0&v3&H3&+0&!R:2]	Any;NH3
79_0	Any;Any	[n&D2&v3&H0&+0&R:1].[n&D2&v3&H0&+0&R:2]:[c&D2&v4&H1&+0&R&z2:3]:[n&D3&v3&H0&+0&R:4]-[C&D3&v4&H1&+0&R&z2:5]>>[n&D2&v3&H0&+0&R:4]:[c&D2&v4&H1&+0&R&z2:3]:[n&D2&v3&H1&+0&R:2].[n&D3&v4&H0&+&R:1]-[C&D3&v4&H1&+0&R&z2:5]	Any;Any
61_0	Any	[O&D1&v2&H0&+0&!R:1]=[C&D3&v4&H0&+0&!R&z2:2]-[C&D2&v4&H2&+0&!R&z0:3]-[C&D2&v4&H1&+0&!R&z0:4]=[C&D2&v4&H1&+0&!R&z0:5]-[C&D3&v4&H0&+0&!R&z1:6]=[O&D1&v2&H0&+0&!R:7]>>[O&D1&v2&H0&+0&!R:1]=[C&D3&v4&H0&+0&!R&z2:2]-[C&D2&v4&H1&+0&!R&z0:3]=[C&D2&v4&H1&+0&!R&z0:4]-[C&D2&v4&H1&+0&!R&z0:5]=[C&D3&v4&H0&+0&!R&z1:6]-[O&D1&v2&H1&+0&!R:7]	Any
224_0	Any	[C&D3&v4&H1&+0&!R&z0:1](-[C&D3&v4&H0&+0&!R&z2:2]=[O&D1&v2&H0&+0&!R:3])-[C&D3&v4&H1&+0&!R&z1:4](-[O&D1&v2&H1&+0&!R:5])~[*:6]~[O&D1&v2&H1&+0&!R:7]>>[C&D2&v4&H2&+0&!R&z0:1]-[C&D3&v4&H0&+0&!R&z2:2]=[O&D1&v2&H0&+0&!R:3].[O&D1&v2&H0&+0&!R:5]=[C&D2&v4&H1&+0&!R&z1:4]~[*:6]~[O&D1&v2&H1&+0&!R:7]	Any;Any
232_0	Any;Any	[C&D3&v4&H0&+0&!R&z1:1](=[O&D1&v2&H0&+0&!R:2])-[C&D3&v4&H0&+0&!R&z2:3]-[O&D1&v2&H1&+0&!R:4].[C&D3&v4&H0&+0&!R&z1:5]=[O&D1&v2&H0&+0&!R:6]>>[C&D3&v4&H0&+0&!R&z1:1](=[O&D1&v2&H0&+0&!R:2])-[C&D4&v4&H0&+0&!R&z1:5]-[O&D1&v2&H1&+0&!R:6].[O&D1&v2&H0&+0&!R:4]=[C&D2&v4&H0&+0&!R&z2:3]	Any;CO2
264_0	Any	([N&D2&v3&H1&+0&!R:1]-[C&D2&v4&H2&+0&!R&z1:2]-[C&D3&v4&H0&+0&!R&z1:3]=[O&D1&v2&H0&+0&!R:4].[O&D1&v2&H1&+0&!R:5])>>[N&D2&v3&H1&+0&!R:1]-[C&D3&v4&H1&+0&R&z2:2](-[O&D2&v2&H0&+0&R:5])-[C&D3&v4&H1&+0&R&z1:3]-[O&D1&v2&H1&+0&!R:4]	Any
296_0	Any	[C&D4&v4&H0&+0&R&z0:1]1(-[C&D3&v4&H0&+0&!R&z2:2]-[O&D1&v2&H1&+0&!R:3])-[C&D2&v4&H1&+0&R&z0:4]=[C&D2&v4&H1&+0&R&z0:5]-[C&D3&v4&H1&+0&R&z1:6](-[O&D1&v2&H1&+0&!R:7])-[C&D2&v4&H1&+0&R&z0:8]=[C&D2&v4&H1&+0&R&z0:9]-1>>[C&D2&v4&H0&+0&!R&z2:2]=[O&D1&v2&H0&+0&!R:3].[O&D0&v2&H2&+0&!R:7].[c&D3&v4&H0&+0&R&z0:1]1:[c&D2&v4&H1&+0&R&z0:4]:[c&D2&v4&H1&+0&R&z0:5]:[c&D2&v4&H1&+0&R&z0:6]:[c&D2&v4&H1&+0&R&z0:8]:[c&D2&v4&H1&+0&R&z0:9]:1	CO2;WATER;Any
281_0	Any;Any	[c&D2&v4&H1&+0&R&z1:1]:[c&D3&v4&H0&+0&R&z0:2]-[C&D2&v4&H2&+0&!R&z1:3]-[n&D3&v4&H0&+&R:4].[n&D2&v3&H0&+0&R:5]>>[c&D2&v4&H1&+0&R&z1:1]:[c&D3&v4&H0&+0&R&z0:2]-[C&D2&v4&H2&+0&!R&z1:3]-[n&D3&v4&H0&+&R:5].[n&D2&v3&H0&+0&R:4]	Any;Any
169_0	Any;Any;Pi	[*:1](~[O&D1&v2&H1&+0&!R:2])~[*:3]~[*:4](~[O&D1&v2&H1&+0&!R:5])~[O&D1&v2&H1&+0&!R:6].[O&D1&v2&H0&+0&!R:7]=[C&D3&v4&H0&+0&!R&z2:8](-[O&D1&v2&H1&+0&!R:9])-[C&D2&v4&H2&+0&!R&z0:10]-[C&D3&v4&H0&+0&!R&z1:11]=[O&D1&v2&H0&+0&!R:12].[P&D4&v5&H0&+0&!R:13](-[O&D1&v2&H1&+0&!R:14])(-[O&D1&v2&H1&+0&!R:15])-[O&D1&v2&H1&+0&!R:16]>>[*:1](~[O&D1&v2&H1&+0&!R:2])~[*:3]~[*:4](~[O&D1&v2&H1&+0&!R:5])~[O&D2&v2&H0&+0&!R:6]-[P&D4&v5&H0&+0&!R:13](-[O&D1&v2&H1&+0&!R:16])-[O&D1&v2&H1&+0&!R:14].[C&D1&v4&H3&+0&!R&z0:10]-[C&D3&v4&H0&+0&!R&z1:11]=[O&D1&v2&H0&+0&!R:12].[O&D1&v2&H0&+0&!R:15]=[C&D3&v4&H0&+0&!R&z3:8](-[O&D1&v2&H1&+0&!R:7])-[O&D1&v2&H1&+0&!R:9]	Any;Any;CO3
169_1	PHOSPHATE_ACCEPTOR_CoF;Any;Pi	[*:1](~[O&D1&v2&H1&+0&!R:2])~[*:3]~[*:4](~[O&D1&v2&H1&+0&!R:5])~[O&D1&v2&H1&+0&!R:6].[O&D1&v2&H0&+0&!R:7]=[C&D3&v4&H0&+0&!R&z2:8](-[O&D1&v2&H1&+0&!R:9])-[C&D2&v4&H2&+0&!R&z0:10]-[C&D3&v4&H0&+0&!R&z1:11]=[O&D1&v2&H0&+0&!R:12].[P&D4&v5&H0&+0&!R:13](-[O&D1&v2&H1&+0&!R:14])(-[O&D1&v2&H1&+0&!R:15])-[O&D1&v2&H1&+0&!R:16]>>[*:1](~[O&D1&v2&H1&+0&!R:2])~[*:3]~[*:4](~[O&D1&v2&H1&+0&!R:5])~[O&D2&v2&H0&+0&!R:6]-[P&D4&v5&H0&+0&!R:13](-[O&D1&v2&H1&+0&!R:16])-[O&D1&v2&H1&+0&!R:14].[C&D1&v4&H3&+0&!R&z0:10]-[C&D3&v4&H0&+0&!R&z1:11]=[O&D1&v2&H0&+0&!R:12].[O&D1&v2&H0&+0&!R:15]=[C&D3&v4&H0&+0&!R&z3:8](-[O&D1&v2&H1&+0&!R:7])-[O&D1&v2&H1&+0&!R:9]	PHOSPHATE_DONOR_CoF;Any;CO3
450_0	Any;Any	[O&D1&v2&H0&+0&!R:1]=[P&D4&v5&H0&+0&!R:2]-[O&D1&v2&H1&+0&!R:3].[O&D1&v2&H1&+0&!R:4]>>[O&D0&v2&H2&+0&!R:3].[O&D2&v2&H0&+0&!R:4]-[P&D4&v5&H0&+0&!R:2]=[O&D1&v2&H0&+0&!R:1]	WATER;Any
412_0	Pi;Any	[*:1](~[O&D1&v2&H1&+0&!R:2])~[O&D1&v2&H1&+0&!R:3].[C&D1&v4&H3&+0&!R&z0:4]-[C&D3&v4&H1&+0&!R&z1:5](-[O&D1&v2&H1&+0&!R:6])-[C&D3&v4&H1&+0&!R&z1:7]-[N&D1&v3&H2&+0&!R:8]>>[N&D1&v3&H2&+0&!R:8]-[C&D3&v4&H1&+0&!R&z1:7]-[C&D2&v4&H2&+0&!R&z0:5]-[C&D2&v4&H2&+0&!R&z1:4]-[O&D2&v2&H0&+0&!R:2]~[*:1]~[O&D1&v2&H1&+0&!R:3].[O&D0&v2&H2&+0&!R:6]	Any;WATER
124_0	Any;SULFITE	[C&D2&v4&H0&+0&!R&z2:1]-[S&D1&v2&H1&+0&!R:2].[S&D3&v4&H0&+0&!R:3]-[O&D1&v2&H1&+0&!R:4]>>[C&D1&v4&H1&+0&!R&z1:1].[O&D1&v2&H0&+0&!R:4]=[S&D4&v6&H0&+0&!R:3]-[S&D1&v2&H1&+0&!R:2]	HCN;Any
212_0	Any;PPI	[C&D1&v4&H2&+0&!R&z0:1]=[C&D3&v4&H0&+0&!R&z0:2]-[C&D3&v4&H1&+0&R&z0:3]-[C&D2&v4&H2&+0&R&z0:4]-[C&D4&v4&H0&+0&R&z0:5](-[C&D3&v4&H0&+0&R&z0:6](=[C&D2&v4&H1&+0&R&z0:7])-[C&D2&v4&H2&+0&R&z0:8])(-[C&D3&v4&H1&+0&R&z0:9])-[C&D1&v4&H3&+0&!R&z0:10].[O&D1&v2&H0&+0&!R:11]~[*:12](~[O&D1&v2&H1&+0&!R:13])~[*:14]~[*:15](~[O&D1&v2&H0&+0&!R:16])(~[O&D1&v2&H1&+0&!R:17])~[O&D1&v2&H1&+0&!R:18]>>([C&D1&v4&H3&+0&!R&z0:1]-[C&D3&v4&H0&+0&!R&z0:2]=[C&D2&v4&H1&+0&!R&z0:3].[C&D2&v4&H2&+0&!R&z0:7]-[C&D3&v4&H0&+0&!R&z0:6](-[C&D1&v4&H3&+0&!R&z0:10])=[C&D2&v4&H1&+0&!R&z0:8].[C&D3&v4&H0&+0&!R&z0:9]=[C&D2&v4&H1&+0&!R&z0:5]-[C&D2&v4&H2&+0&!R&z1:4]-[O&D2&v2&H0&+0&!R:18]~[*:15](~[O&D1&v2&H0&+0&!R:16])(~[O&D1&v2&H1&+0&!R:17])~[*:14]~[*:12](~[O&D1&v2&H0&+0&!R:11])~[O&D1&v2&H1&+0&!R:13])	Any
507_0	Any	([C&D3&v4&H0&+0&!R&z1:1](=[O&D1&v2&H0&+0&!R:2])-[C&D2&v4&H1&+0&!R&z0:3]=[C&D2&v4&H1&+0&!R&z0:4].[O&D1&v2&H1&+0&!R:5])>>[C&D4&v4&H0&+0&R&z2:1](-[O&D1&v2&H1&+0&!R:2])(-[C&D2&v4&H1&+0&R&z0:3]=[C&D2&v4&H1&+0&R&z0:4])-[O&D2&v2&H0&+0&R:5]	Any
199_0	Any;Any	[C&D1&v4&H2&+0&!R&z0:1]=[C&D3&v4&H0&+0&!R&z0:2]-[C&D2&v4&H2&+0&!R&z0:3]~[*:4]~[*:5]~[*:6](~[O&D1&v2&H1&+0&!R:7])~[O&D2&v2&H0&+0&!R:8].[C&D2&v4&H2&+0&!R&z1:9]-[O&D2&v2&H0&+0&!R:10]~[*:11](~[O&D1&v2&H1&+0&!R:12])~[*:13]~[*:14]~[O&D1&v2&H1&+0&!R:15]>>[*:14](~[O&D1&v2&H1&+0&!R:15])~[*:13]~[*:11](~[O&D1&v2&H1&+0&!R:12])~[O&D1&v2&H1&+0&!R:10].[C&D2&v4&H2&+0&!R&z0:9]-[C&D2&v4&H2&+0&!R&z0:1]-[C&D3&v4&H0&+0&!R&z0:2]=[C&D2&v4&H1&+0&!R&z0:3]~[*:4]~[*:5]~[*:6](~[O&D1&v2&H1&+0&!R:7])~[O&D2&v2&H0&+0&!R:8]	PPI;Any
199_1	Any;PRENYL_DONOR_CoF	[C&D1&v4&H2&+0&!R&z0:1]=[C&D3&v4&H0&+0&!R&z0:2]-[C&D2&v4&H2&+0&!R&z0:3]~[*:4]~[*:5]~[*:6](~[O&D1&v2&H1&+0&!R:7])~[O&D2&v2&H0&+0&!R:8].[C&D2&v4&H2&+0&!R&z1:9]-[O&D2&v2&H0&+0&!R:10]~[*:11](~[O&D1&v2&H1&+0&!R:12])~[*:13]~[*:14]~[O&D1&v2&H1&+0&!R:15]>>[*:14](~[O&D1&v2&H1&+0&!R:15])~[*:13]~[*:11](~[O&D1&v2&H1&+0&!R:12])~[O&D1&v2&H1&+0&!R:10].[C&D2&v4&H2&+0&!R&z0:9]-[C&D2&v4&H2&+0&!R&z0:1]-[C&D3&v4&H0&+0&!R&z0:2]=[C&D2&v4&H1&+0&!R&z0:3]~[*:4]~[*:5]~[*:6](~[O&D1&v2&H1&+0&!R:7])~[O&D2&v2&H0&+0&!R:8]	PRENYL_ACCEPTOR_CoF;Any
331_0	Any	[C&D3&v4&H0&+0&!R&z1:1](=[O&D1&v2&H0&+0&!R:2])-[C&D2&v4&H2&+0&!R&z0:3]-[C&D3&v4&H1&+0&!R&z1:4]-[O&D1&v2&H1&+0&!R:5]>>[C&D1&v4&H3&+0&!R&z0:3]-[C&D3&v4&H0&+0&!R&z1:1]=[O&D1&v2&H0&+0&!R:2].[O&D1&v2&H0&+0&!R:5]=[C&D2&v4&H1&+0&!R&z1:4]	Any;Any
294_0	Any	[C&D3&v4&H1&+0&!R&z0:1](-[C&D3&v4&H0&+0&!R&z2:2](=[O&D1&v2&H0&+0&!R:3])-[O&D1&v2&H1&+0&!R:4])-[C&D3&v4&H1&+0&!R&z1:5]-[N&D1&v3&H2&+0&!R:6]>>[C&D3&v4&H0&+0&!R&z0:1](=[C&D2&v4&H1&+0&!R&z0:5])-[C&D3&v4&H0&+0&!R&z2:2](=[O&D1&v2&H0&+0&!R:3])-[O&D1&v2&H1&+0&!R:4].[N&D0&v3&H3&+0&!R:6]	Any;NH3
88_0	Any	([C&D3&v4&H0&+0&!R&z0:1]=[C&D2&v4&H1&+0&!R&z0:2]-[C&D2&v4&H2&+0&!R&z0:3]-[C&D2&v4&H2&+0&!R&z0:4]-[C&D3&v4&H0&+0&!R&z0:5]=[C&D2&v4&H1&+0&!R&z0:6].[C&D3&v4&H0&+0&!R&z0:7]=[C&D2&v4&H1&+0&!R&z0:8]-[C&D2&v4&H2&+0&!R&z1:9]-[O&D2&v2&H0&+0&!R:10]~[*:11](~[O&D1&v2&H1&+0&!R:12])~[*:13]~[*:14](~[O&D1&v2&H0&+0&!R:15])(~[O&D1&v2&H1&+0&!R:16])~[O&D1&v2&H1&+0&!R:17])>>[C&D3&v4&H0&+0&R&z0:5]1=[C&D2&v4&H1&+0&R&z0:4]-[C&D3&v4&H1&+0&R&z0:3]2-[C&D2&v4&H2&+0&R&z0:2]-[C&D4&v4&H0&+0&R&z0:1]-[C&D2&v4&H2&+0&R&z0:9]-[C&D4&v4&H0&+0&R&z0:8]-2(-[C&D3&v4&H1&+0&R&z0:7])-[C&D3&v4&H1&+0&R&z0:6]-1.[O&D1&v2&H0&+0&!R:15]~[*:14](~[O&D1&v2&H1&+0&!R:16])(~[O&D1&v2&H1&+0&!R:17])~[*:13]~[*:11](~[O&D1&v2&H1&+0&!R:12])~[O&D1&v2&H1&+0&!R:10]	Any;PPI
115_0	Any;O2;Any	[O&D1&v2&H0&+0&!R:1]=[C&D3&v4&H0&+0&!R&z2:2](-[O&D1&v2&H1&+0&!R:3])-[C&D3&v4&H1&+0&R&z1:4].[O&D1&v2&H0&+0&!R:5]=[O&D1&v2&H0&+0&!R:6].[P&D4&v5&H0&+0&!R:7]-[O&D2&v2&H0&+0&!R:8]~[*:9](~[O&D1&v2&H1&+0&!R:10])~[*:11]~[*:12]~[O&D1&v2&H1&+0&!R:13]>>[*:9](~[O&D1&v2&H1&+0&!R:8])(~[O&D1&v2&H1&+0&!R:10])~[*:11]~[*:12]~[O&D1&v2&H1&+0&!R:13].[O&D1&v2&H0&+0&!R:1]=[C&D2&v4&H0&+0&!R&z2:2]=[O&D1&v2&H0&+0&!R:6].[O&D1&v2&H0&+0&!R:5]=[C&D3&v4&H0&+0&R&z2:4].[P&D4&v5&H0&+0&!R:7]-[O&D1&v2&H1&+0&!R:3]	PPI;CO2;Any;Any
115_1	Any;O2;PYROPHOSPHATE_DONOR_CoF	[O&D1&v2&H0&+0&!R:1]=[C&D3&v4&H0&+0&!R&z2:2](-[O&D1&v2&H1&+0&!R:3])-[C&D3&v4&H1&+0&R&z1:4].[O&D1&v2&H0&+0&!R:5]=[O&D1&v2&H0&+0&!R:6].[P&D4&v5&H0&+0&!R:7]-[O&D2&v2&H0&+0&!R:8]~[*:9](~[O&D1&v2&H1&+0&!R:10])~[*:11]~[*:12]~[O&D1&v2&H1&+0&!R:13]>>[*:9](~[O&D1&v2&H1&+0&!R:8])(~[O&D1&v2&H1&+0&!R:10])~[*:11]~[*:12]~[O&D1&v2&H1&+0&!R:13].[O&D1&v2&H0&+0&!R:1]=[C&D2&v4&H0&+0&!R&z2:2]=[O&D1&v2&H0&+0&!R:6].[O&D1&v2&H0&+0&!R:5]=[C&D3&v4&H0&+0&R&z2:4].[P&D4&v5&H0&+0&!R:7]-[O&D1&v2&H1&+0&!R:3]	PPI;CO2;Any;PYROPHOSPHATE_ACCEPTOR_CoF
51_0	Any	[O&D2&v2&H0&+0&R:1]-[C&D3&v4&H1&+0&R&z1:2]-[c&D3&v4&H0&+0&R&z0:3](:[c&D2&v4&H1&+0&R&z1:4]:[n&D2&v3&H1&+0&R:5]):[c&D3&v4&H0&+0&R&z2:6]=[O&D1&v2&H0&+0&!R:7]>>[O&D2&v2&H0&+0&R:1]-[C&D3&v4&H1&+0&R&z2:2]-[n&D3&v3&H0&+0&R:5]:[c&D2&v4&H1&+0&R&z1:4]:[c&D2&v4&H1&+0&R&z0:3]:[c&D3&v4&H0&+0&R&z2:6]=[O&D1&v2&H0&+0&!R:7]	Any
5_0	CO2;PPI;Any	[O&D1&v2&H0&+0&!R:1]=[C&D2&v4&H0&+0&!R&z2:2].[O&D1&v2&H0&+0&!R:3]~[*:4](~[O&D1&v2&H1&+0&!R:5])~[*:6]~[*:7](~[O&D1&v2&H0&+0&!R:8])(~[O&D1&v2&H1&+0&!R:9])~[O&D1&v2&H1&+0&!R:10].[n&D3&v4&H0&+&R:11](-[C&D3&v4&H1&+0&R&z2:12](-[O&D2&v2&H0&+0&R:13])~[*:14]~[O&D1&v2&H1&+0&!R:15]):[c&D2&v4&H1&+0&R&z1:16]>>[O&D2&v2&H0&+0&R:13]-[C&D3&v4&H1&+0&R&z2:12](-[O&D2&v2&H0&+0&!R:10]~[*:7](~[O&D1&v2&H0&+0&!R:8])(~[O&D1&v2&H1&+0&!R:9])~[*:6]~[*:4](~[O&D1&v2&H0&+0&!R:3])~[O&D1&v2&H1&+0&!R:5])~[*:14]~[O&D1&v2&H1&+0&!R:15].[n&D2&v3&H0&+0&R:11]:[c&D3&v4&H0&+0&R&z1:16]-[C&D3&v4&H0&+0&!R&z2:2]-[O&D1&v2&H1&+0&!R:1]	Any;Any
89_0	Any;PPI	[C&D3&v4&H0&+0&R&z0:1]1=[C&D2&v4&H1&+0&R&z0:2]-[C&D3&v4&H1&+0&R&z0:3]2-[C&D2&v4&H2&+0&R&z0:4]-[C&D4&v4&H0&+0&R&z0:5]-[C&D2&v4&H2&+0&R&z0:6]-[C&D4&v4&H0&+0&R&z0:7]-2(-[C&D3&v4&H1&+0&R&z0:8])-[C&D3&v4&H1&+0&R&z0:9]-1.[O&D1&v2&H0&+0&!R:10]~[*:11](~[O&D1&v2&H1&+0&!R:12])(~[O&D1&v2&H1&+0&!R:13])~[*:14]~[*:15](~[O&D1&v2&H1&+0&!R:16])~[O&D1&v2&H1&+0&!R:17]>>([C&D3&v4&H0&+0&!R&z0:5]=[C&D2&v4&H1&+0&!R&z0:4]-[C&D2&v4&H2&+0&!R&z0:3]-[C&D2&v4&H2&+0&!R&z0:2]-[C&D3&v4&H0&+0&!R&z0:1]=[C&D2&v4&H1&+0&!R&z0:9].[C&D3&v4&H0&+0&!R&z0:8]=[C&D2&v4&H1&+0&!R&z0:7]-[C&D2&v4&H2&+0&!R&z1:6]-[O&D2&v2&H0&+0&!R:17]~[*:15](~[O&D1&v2&H1&+0&!R:16])~[*:14]~[*:11](~[O&D1&v2&H0&+0&!R:10])(~[O&D1&v2&H1&+0&!R:12])~[O&D1&v2&H1&+0&!R:13])	Any
426_0	ACETYL-COA;Any	[C&D3&v4&H0&+0&!R&z2:1](=[O&D1&v2&H0&+0&!R:2])-[S&D2&v2&H0&+0&!R:3].[N&D1&v3&H2&+0&!R:4]-[C&D2&v4&H2&+0&!R&z1:5]>>[C&D3&v4&H0&+0&!R&z1:1](=[O&D1&v2&H0&+0&!R:2])-[C&D3&v4&H1&+0&!R&z1:5]-[N&D1&v3&H2&+0&!R:4].[S&D1&v2&H1&+0&!R:3]	Any;CoA
245_0	Any	[C&D1&v4&H2&+0&!R&z0:1]=[C&D3&v4&H0&+0&!R&z1:2]-[O&D2&v2&H0&+0&!R:3]-[C&D3&v4&H1&+0&R&z1:4]1-[C&D2&v4&H1&+0&R&z0:5]=[C&D3&v4&H0&+0&R&z0:6]-[C&D2&v4&H1&+0&R&z0:7]=[C&D2&v4&H1&+0&R&z0:8]-[C&D3&v4&H1&+0&R&z1:9]-1-[N&D1&v3&H2&+0&!R:10]>>[C&D1&v4&H3&+0&!R&z0:1]-[C&D3&v4&H0&+0&!R&z1:2]=[O&D1&v2&H0&+0&!R:3].[N&D1&v3&H2&+0&!R:10]-[c&D3&v4&H0&+0&R&z1:9]1:[c&D2&v4&H1&+0&R&z0:4]:[c&D2&v4&H1&+0&R&z0:5]:[c&D3&v4&H0&+0&R&z0:6]:[c&D2&v4&H1&+0&R&z0:7]:[c&D2&v4&H1&+0&R&z0:8]:1	Any;Any
145_0	Any	[C&D3&v4&H0&+0&!R&z0:1](-[C&D1&v4&H3&+0&!R&z0:2])=[C&D2&v4&H1&+0&!R&z0:3]~[*:4]~[*:5]~[*:6](~[O&D1&v2&H1&+0&!R:7])~[*:8]~[*:9]~[O&D1&v2&H1&+0&!R:10]>>[C&D1&v4&H2&+0&!R&z0:2]=[C&D3&v4&H0&+0&!R&z0:1]-[C&D2&v4&H2&+0&!R&z0:3]~[*:4]~[*:5]~[*:6](~[O&D1&v2&H1&+0&!R:7])~[*:8]~[*:9]~[O&D1&v2&H1&+0&!R:10]	Any
278_0	Any;WATER	[C&D3&v4&H0&+0&!R&z2:1](=[O&D1&v2&H0&+0&!R:2])-[c&D3&v4&H0&+0&R&z0:3]1:[c&D2&v4&H1&+0&R&z0:4]:[c&D3&v4&H0&+0&R&z1:5](-[O&D1&v2&H1&+0&!R:6]):[c&D3&v4&H0&+0&R&z0:7]:[c&D3&v4&H0&+0&R&z0:8]:[c&D3&v4&H0&+0&R&z1:9]:1-[O&D1&v2&H1&+0&!R:10].[O&D0&v2&H2&+0&!R:11]>>[C&D3&v4&H0&+0&!R&z2:1](=[O&D1&v2&H0&+0&!R:2])-[C&D2&v4&H2&+0&!R&z0:3]-[C&D2&v4&H2&+0&!R&z0:4]-[C&D3&v4&H0&+0&!R&z1:5](=[O&D1&v2&H0&+0&!R:6])-[c&D3&v4&H0&+0&R&z0:7]:[c&D3&v4&H0&+0&R&z0:8]-[C&D3&v4&H0&+0&!R&z2:9](=[O&D1&v2&H0&+0&!R:10])-[O&D1&v2&H1&+0&!R:11]	Any
59_0	NH3;Any	[N&D0&v3&H3&+0&!R:1].[O&D2&v2&H0&+0&R:2]-[C&D4&v4&H0&+0&R&z2:3](-[O&D1&v2&H1&+0&!R:4])-[C&D2&v4&H2&+0&!R&z1:5]-[O&D1&v2&H1&+0&!R:6]>>[N&D1&v3&H2&+0&!R:1]-[C&D3&v4&H1&+0&R&z1:3]-[C&D3&v4&H1&+0&R&z2:5](-[O&D1&v2&H1&+0&!R:6])-[O&D2&v2&H0&+0&R:2].[O&D0&v2&H2&+0&!R:4]	Any;WATER
50_0	Any	[O&D2&v2&H0&+0&R:1]-[C&D3&v4&H1&+0&R&z2:2]-[n&D3&v3&H0&+0&R:3]:[c&D2&v4&H1&+0&R&z1:4]:[c&D2&v4&H1&+0&R&z0:5]:[c&D3&v4&H0&+0&R&z2:6]=[O&D1&v2&H0&+0&!R:7]>>[O&D2&v2&H0&+0&R:1]-[C&D3&v4&H1&+0&R&z1:2]-[c&D3&v4&H0&+0&R&z0:5](:[c&D2&v4&H1&+0&R&z1:4]:[n&D2&v3&H1&+0&R:3]):[c&D3&v4&H0&+0&R&z2:6]=[O&D1&v2&H0&+0&!R:7]	Any
219_0	Any	([O&D1&v2&H0&+0&!R:1]=[C&D3&v4&H0&+0&!R&z2:2](-[O&D1&v2&H1&+0&!R:3])-[C&D2&v4&H1&+0&!R&z0:4]=[C&D2&v4&H1&+0&!R&z0:5].[O&D1&v2&H1&+0&!R:6])>>[O&D1&v2&H0&+0&!R:1]=[C&D3&v4&H0&+0&!R&z2:2](-[O&D1&v2&H1&+0&!R:3])-[C&D2&v4&H2&+0&!R&z0:4]-[C&D3&v4&H1&+0&R&z1:5]-[O&D2&v2&H0&+0&R:6]	Any
40_0	Any	[C&D3&v4&H0&+0&!R&z2:1](-[O&D1&v2&H1&+0&!R:2])-[c&D3&v4&H0&+0&R&z1:3]:[c&D2&v4&H1&+0&R&z0:4]:[c&D3&v4&H0&+0&R&z2:5]=[O&D1&v2&H0&+0&!R:6]>>[O&D1&v2&H0&+0&!R:2]=[C&D2&v4&H0&+0&!R&z2:1].[O&D1&v2&H0&+0&!R:6]=[c&D3&v4&H0&+0&R&z2:5]:[c&D2&v4&H1&+0&R&z0:4]:[c&D2&v4&H1&+0&R&z1:3]	CO2;Any
84_0	Any	[N&D2&v3&H0&+0&R:1]=[C&D3&v4&H0&+0&R&z1:2]-[C&D3&v4&H1&+0&!R&z1:3](-[O&D1&v2&H1&+0&!R:4])-[C&D3&v4&H1&+0&!R&z1:5](-[O&D1&v2&H1&+0&!R:6])-[C&D2&v4&H2&+0&!R&z1:7]-[O&D2&v2&H0&+0&!R:8]~[*:9]~[O&D1&v2&H1&+0&!R:10]>>[*:9](~[O&D1&v2&H1&+0&!R:8])~[O&D1&v2&H1&+0&!R:10].[C&D1&v4&H3&+0&!R&z0:7]-[C&D3&v4&H0&+0&!R&z1:5](=[O&D1&v2&H0&+0&!R:6])-[C&D3&v4&H0&+0&!R&z1:3](=[O&D1&v2&H0&+0&!R:4])-[C&D3&v4&H1&+0&R&z1:2]-[N&D2&v3&H1&+0&R:1]	Any;Any
327_0	Any;Any;Pi	[N&D3&v4&H0&+&R:1]=[C&D2&v4&H1&+0&R&z2:2]-[N&D3&v3&H0&+0&R:3].[P&D4&v5&H0&+0&!R:4](-[O&D1&v2&H1&+0&!R:5])-[O&D1&v2&H1&+0&!R:6].[P&D4&v5&H0&+0&!R:7](=[O&D1&v2&H0&+0&!R:8])(-[O&D1&v2&H1&+0&!R:9])-[O&D1&v2&H1&+0&!R:10]>>([N&D2&v3&H1&+0&!R:3].[N&D3&v3&H0&+0&R:1]-[C&D2&v4&H1&+0&!R&z2:2]=[O&D1&v2&H0&+0&!R:5]).[P&D4&v5&H0&+0&!R:7](=[O&D1&v2&H0&+0&!R:9])(-[O&D1&v2&H1&+0&!R:10])-[O&D2&v2&H0&+0&!R:8]-[P&D4&v5&H0&+0&!R:4]-[O&D1&v2&H1&+0&!R:6]	Any;Any
327_1	Any;PHOSPHATE_ACCEPTOR_CoF;Pi	[N&D3&v4&H0&+&R:1]=[C&D2&v4&H1&+0&R&z2:2]-[N&D3&v3&H0&+0&R:3].[P&D4&v5&H0&+0&!R:4](-[O&D1&v2&H1&+0&!R:5])-[O&D1&v2&H1&+0&!R:6].[P&D4&v5&H0&+0&!R:7](=[O&D1&v2&H0&+0&!R:8])(-[O&D1&v2&H1&+0&!R:9])-[O&D1&v2&H1&+0&!R:10]>>([N&D2&v3&H1&+0&!R:3].[N&D3&v3&H0&+0&R:1]-[C&D2&v4&H1&+0&!R&z2:2]=[O&D1&v2&H0&+0&!R:5]).[P&D4&v5&H0&+0&!R:7](=[O&D1&v2&H0&+0&!R:9])(-[O&D1&v2&H1&+0&!R:10])-[O&D2&v2&H0&+0&!R:8]-[P&D4&v5&H0&+0&!R:4]-[O&D1&v2&H1&+0&!R:6]	Any;PHOSPHATE_DONOR_CoF
202_0	Any	[C&D1&v4&H2&+0&!R&z0:1]=[C&D3&v4&H0&+0&!R&z0:2]-[C&D3&v4&H1&+0&R&z0:3]-[C&D3&v4&H1&+0&R&z0:4]-[C&D4&v4&H0&+0&R&z0:5]-[C&D3&v4&H1&+0&R&z0:6]-[C&D4&v4&H0&+0&R&z0:7]-[C&D4&v4&H0&+0&R&z0:8]-[C&D3&v4&H1&+0&R&z0:9]-[C&D4&v4&H0&+0&R&z0:10]-[C&D3&v4&H1&+0&R&z0:11]-[C&D4&v4&H0&+0&R&z0:12]-[C&D2&v4&H2&+0&R&z0:13]>>([C&D2&v4&H1&+0&!R&z0:6]=[C&D3&v4&H0&+0&!R&z0:7].[C&D2&v4&H1&+0&!R&z0:4]=[C&D3&v4&H0&+0&!R&z0:5].[C&D2&v4&H1&+0&!R&z0:3]=[C&D3&v4&H0&+0&!R&z0:2]-[C&D1&v4&H3&+0&!R&z0:1].[C&D3&v4&H0&+0&!R&z0:12]=[C&D2&v4&H1&+0&!R&z0:13].[C&D3&v4&H0&+0&!R&z0:10]=[C&D2&v4&H1&+0&!R&z0:11].[C&D3&v4&H0&+0&!R&z0:8]=[C&D2&v4&H1&+0&!R&z0:9])	Any
238_0	Any;CO2;Any	[C&D2&v4&H2&+0&!R&z0:1]-[C&D3&v4&H0&+0&!R&z2:2]=[O&D1&v2&H0&+0&!R:3].[O&D1&v2&H0&+0&!R:4]=[C&D2&v4&H0&+0&!R&z2:5].[S&D1&v2&H1&+0&!R:6]>>[C&D2&v4&H2&+0&!R&z0:1]-[C&D3&v4&H0&+0&!R&z2:5]-[O&D1&v2&H1&+0&!R:4].[S&D2&v2&H0&+0&!R:6]-[C&D3&v4&H0&+0&!R&z3:2]=[O&D1&v2&H0&+0&!R:3]	Any;Any
238_1	Any;CO2;CoA	[C&D2&v4&H2&+0&!R&z0:1]-[C&D3&v4&H0&+0&!R&z2:2]=[O&D1&v2&H0&+0&!R:3].[O&D1&v2&H0&+0&!R:4]=[C&D2&v4&H0&+0&!R&z2:5].[S&D1&v2&H1&+0&!R:6]>>[C&D2&v4&H2&+0&!R&z0:1]-[C&D3&v4&H0&+0&!R&z2:5]-[O&D1&v2&H1&+0&!R:4].[S&D2&v2&H0&+0&!R:6]-[C&D3&v4&H0&+0&!R&z3:2]=[O&D1&v2&H0&+0&!R:3]	Any;Any
41_0	CO2;Any	[O&D1&v2&H0&+0&!R:1]=[C&D2&v4&H0&+0&!R&z2:2].[O&D1&v2&H0&+0&!R:3]=[c&D3&v4&H0&+0&R&z2:4]:[c&D2&v4&H1&+0&R&z0:5]:[c&D2&v4&H1&+0&R&z1:6]>>[C&D3&v4&H0&+0&!R&z2:2](-[O&D1&v2&H1&+0&!R:1])-[c&D3&v4&H0&+0&R&z1:6]:[c&D2&v4&H1&+0&R&z0:5]:[c&D3&v4&H0&+0&R&z2:4]=[O&D1&v2&H0&+0&!R:3]	Any
183_0	WATER;WATER;Any	[O&D0&v2&H2&+0&!R:1].[O&D0&v2&H2&+0&!R:2].[c&D3&v4&H0&+0&R&z1:3]1:[n&D2&v3&H1&+0&R:4]:[c&D2&v4&H1&+0&R&z1:5]:[c&D3&v4&H0&+0&R&z0:6]:[c&D3&v4&H0&+0&R&z0:7]:1>>[C&D3&v4&H0&+0&!R&z1:3](=[O&D1&v2&H0&+0&!R:2])-[C&D2&v4&H2&+0&!R&z0:7].[N&D1&v3&H2&+0&!R:4]-[C&D2&v4&H2&+0&!R&z1:5]-[C&D3&v4&H0&+0&!R&z1:6]=[O&D1&v2&H0&+0&!R:1]	Any;Any
277_0	Any	[C&D3&v4&H0&+0&!R&z2:1](=[O&D1&v2&H0&+0&!R:2])-[C&D2&v4&H2&+0&!R&z0:3]-[C&D2&v4&H2&+0&!R&z0:4]-[C&D3&v4&H0&+0&!R&z1:5](=[O&D1&v2&H0&+0&!R:6])-[c&D3&v4&H0&+0&R&z0:7]:[c&D3&v4&H0&+0&R&z0:8]-[C&D3&v4&H0&+0&!R&z2:9](=[O&D1&v2&H0&+0&!R:10])-[O&D1&v2&H1&+0&!R:11]>>[C&D3&v4&H0&+0&!R&z2:1](=[O&D1&v2&H0&+0&!R:2])-[c&D3&v4&H0&+0&R&z0:3]1:[c&D2&v4&H1&+0&R&z0:4]:[c&D3&v4&H0&+0&R&z1:5](-[O&D1&v2&H1&+0&!R:6]):[c&D3&v4&H0&+0&R&z0:7]:[c&D3&v4&H0&+0&R&z0:8]:[c&D3&v4&H0&+0&R&z1:9]:1-[O&D1&v2&H1&+0&!R:10].[O&D0&v2&H2&+0&!R:11]	Any;WATER
43_0	PHOSPHATE_ACCEPTOR_CoF;Any;CO2	[*:1](~[O&D1&v2&H1&+0&!R:2])~[O&D1&v2&H1&+0&!R:3].[C&D1&v4&H2&+0&!R&z0:4]=[C&D3&v4&H0&+0&!R&z1:5](-[O&D2&v2&H0&+0&!R:6]-[P&D4&v5&H0&+0&!R:7](-[O&D1&v2&H1&+0&!R:8])-[O&D1&v2&H1&+0&!R:9])~[*:10]~[O&D1&v2&H0&+0&!R:11].[O&D1&v2&H0&+0&!R:12]=[C&D2&v4&H0&+0&!R&z2:13]>>[*:1](~[O&D1&v2&H1&+0&!R:2])~[O&D2&v2&H0&+0&!R:3]-[P&D4&v5&H0&+0&!R:7](-[O&D1&v2&H1&+0&!R:8])-[O&D1&v2&H1&+0&!R:9].[C&D3&v4&H0&+0&!R&z2:13](-[O&D1&v2&H1&+0&!R:12])-[C&D2&v4&H2&+0&!R&z0:4]-[C&D3&v4&H0&+0&!R&z1:5](=[O&D1&v2&H0&+0&!R:6])~[*:10]~[O&D1&v2&H0&+0&!R:11]	PHOSPHATE_DONOR_CoF;Any
43_1	Pi;Any;CO2	[*:1](~[O&D1&v2&H1&+0&!R:2])~[O&D1&v2&H1&+0&!R:3].[C&D1&v4&H2&+0&!R&z0:4]=[C&D3&v4&H0&+0&!R&z1:5](-[O&D2&v2&H0&+0&!R:6]-[P&D4&v5&H0&+0&!R:7](-[O&D1&v2&H1&+0&!R:8])-[O&D1&v2&H1&+0&!R:9])~[*:10]~[O&D1&v2&H0&+0&!R:11].[O&D1&v2&H0&+0&!R:12]=[C&D2&v4&H0&+0&!R&z2:13]>>[*:1](~[O&D1&v2&H1&+0&!R:2])~[O&D2&v2&H0&+0&!R:3]-[P&D4&v5&H0&+0&!R:7](-[O&D1&v2&H1&+0&!R:8])-[O&D1&v2&H1&+0&!R:9].[C&D3&v4&H0&+0&!R&z2:13](-[O&D1&v2&H1&+0&!R:12])-[C&D2&v4&H2&+0&!R&z0:4]-[C&D3&v4&H0&+0&!R&z1:5](=[O&D1&v2&H0&+0&!R:6])~[*:10]~[O&D1&v2&H0&+0&!R:11]	PPI;Any
6_0	Any;WATER;Any	([C&D2&v4&H2&+0&!R&z1:1]-[O&D2&v2&H0&+0&!R:2].[O&D2&v2&H0&+0&!R:3]-[P&D4&v5&H0&+0&!R:4]).[O&D0&v2&H2&+0&!R:5].[S&D2&v2&H0&+0&!R:6]>>([O&D1&v2&H1&+0&!R:3].[O&D1&v2&H1&+0&!R:2]).[P&D4&v5&H0&+0&!R:4]-[O&D1&v2&H1&+0&!R:5].[S&D3&v3&H0&+&!R:6]-[C&D2&v4&H2&+0&!R&z1:1]	Pi;PPI;Any
22_0	Any;Any	[C&D3&v4&H0&+0&!R&z1:1](=[O&D1&v2&H0&+0&!R:2])-[C&D2&v4&H1&+0&!R&z1:3]=[O&D1&v2&H0&+0&!R:4].[S&D1&v2&H1&+0&!R:5]>>[C&D3&v4&H1&+0&!R&z1:1](-[O&D1&v2&H1&+0&!R:2])-[C&D3&v4&H0&+0&!R&z2:3](=[O&D1&v2&H0&+0&!R:4])-[S&D2&v2&H0&+0&!R:5]	Any
60_0	Any	[O&D1&v2&H0&+0&!R:1]=[C&D3&v4&H0&+0&!R&z2:2]-[C&D2&v4&H1&+0&!R&z0:3]=[C&D2&v4&H1&+0&!R&z0:4]-[C&D2&v4&H1&+0&!R&z0:5]=[C&D3&v4&H0&+0&!R&z1:6]-[O&D1&v2&H1&+0&!R:7]>>[O&D1&v2&H0&+0&!R:1]=[C&D3&v4&H0&+0&!R&z2:2]-[C&D2&v4&H2&+0&!R&z0:3]-[C&D2&v4&H1&+0&!R&z0:4]=[C&D2&v4&H1&+0&!R&z0:5]-[C&D3&v4&H0&+0&!R&z1:6]=[O&D1&v2&H0&+0&!R:7]	Any
425_0	Any;CoA	[C&D3&v4&H0&+0&!R&z1:1](=[O&D1&v2&H0&+0&!R:2])-[C&D3&v4&H1&+0&!R&z1:3]-[N&D1&v3&H2&+0&!R:4].[S&D1&v2&H1&+0&!R:5]>>[C&D3&v4&H0&+0&!R&z2:1](=[O&D1&v2&H0&+0&!R:2])-[S&D2&v2&H0&+0&!R:5].[N&D1&v3&H2&+0&!R:4]-[C&D2&v4&H2&+0&!R&z1:3]	ACETYL-COA;Any
73_0	Any;Any;Pi	[*:1](~[O&D1&v2&H0&+0&!R:2])~[*:3]~[*:4](~[O&D1&v2&H1&+0&!R:5])~[O&D1&v2&H1&+0&!R:6].[N&D2&v3&H1&+0&R:7]-[C&D3&v4&H0&+0&R&z3:8](=[O&D1&v2&H0&+0&!R:9])-[N&D2&v3&H1&+0&R:10].[P&D4&v5&H0&+0&!R:11](-[O&D1&v2&H1&+0&!R:12])(-[O&D1&v2&H1&+0&!R:13])-[O&D1&v2&H1&+0&!R:14]>>[*:1](~[O&D1&v2&H0&+0&!R:2])~[*:3]~[*:4](~[O&D1&v2&H1&+0&!R:5])~[O&D2&v2&H0&+0&!R:6]-[P&D4&v5&H0&+0&!R:11](-[O&D1&v2&H1&+0&!R:12])-[O&D1&v2&H1&+0&!R:13].([N&D1&v3&H2&+0&!R:7].[N&D1&v3&H2&+0&!R:10]).[O&D1&v2&H0&+0&!R:9]=[C&D2&v4&H0&+0&!R&z2:8]=[O&D1&v2&H0&+0&!R:14]	Any;Any;CO2
73_1	PHOSPHATE_ACCEPTOR_CoF;Any;Pi	[*:1](~[O&D1&v2&H0&+0&!R:2])~[*:3]~[*:4](~[O&D1&v2&H1&+0&!R:5])~[O&D1&v2&H1&+0&!R:6].[N&D2&v3&H1&+0&R:7]-[C&D3&v4&H0&+0&R&z3:8](=[O&D1&v2&H0&+0&!R:9])-[N&D2&v3&H1&+0&R:10].[P&D4&v5&H0&+0&!R:11](-[O&D1&v2&H1&+0&!R:12])(-[O&D1&v2&H1&+0&!R:13])-[O&D1&v2&H1&+0&!R:14]>>[*:1](~[O&D1&v2&H0&+0&!R:2])~[*:3]~[*:4](~[O&D1&v2&H1&+0&!R:5])~[O&D2&v2&H0&+0&!R:6]-[P&D4&v5&H0&+0&!R:11](-[O&D1&v2&H1&+0&!R:12])-[O&D1&v2&H1&+0&!R:13].([N&D1&v3&H2&+0&!R:7].[N&D1&v3&H2&+0&!R:10]).[O&D1&v2&H0&+0&!R:9]=[C&D2&v4&H0&+0&!R&z2:8]=[O&D1&v2&H0&+0&!R:14]	PHOSPHATE_DONOR_CoF;Any;CO2
58_0	Any;WATER	[N&D1&v3&H2&+0&!R:1]-[C&D3&v4&H1&+0&R&z1:2]-[C&D3&v4&H1&+0&R&z2:3](-[O&D1&v2&H1&+0&!R:4])-[O&D2&v2&H0&+0&R:5].[O&D0&v2&H2&+0&!R:6]>>[N&D0&v3&H3&+0&!R:1].[O&D2&v2&H0&+0&R:5]-[C&D4&v4&H0&+0&R&z2:2](-[O&D1&v2&H1&+0&!R:6])-[C&D2&v4&H2&+0&!R&z1:3]-[O&D1&v2&H1&+0&!R:4]	NH3;Any
415_0	Any	[O&D2&v2&H0&+0&R:1]-[C&D3&v4&H1&+0&R&z2:2](-[O&D1&v2&H1&+0&!R:3])-[C&D3&v4&H1&+0&R&z1:4]-[O&D1&v2&H1&+0&!R:5]>>[O&D2&v2&H0&+0&R:1]-[C&D4&v4&H0&+0&R&z2:4](-[O&D1&v2&H1&+0&!R:5])-[C&D2&v4&H2&+0&!R&z1:2]-[O&D1&v2&H1&+0&!R:3]	Any
19_0	Any;Any	[C&D1&v4&H3&+0&!R&z0:1]-[c&D3&v4&H0&+0&R&z0:2](:[c&D2&v4&H1&+0&R&z1:3]):[c&D3&v4&H0&+0&R&z2:4]=[O&D1&v2&H0&+0&!R:5].([N&D2&v3&H0&+0&R:6]=[C&D3&v4&H0&+0&R&z1:7].[N&D2&v3&H1&+0&!R:8])>>[N&D3&v3&H0&+0&R:6](-[C&D2&v4&H2&+0&R&z2:1]-[N&D3&v3&H0&+0&R:8])-[C&D3&v4&H1&+0&R&z1:7].[O&D1&v2&H0&+0&!R:5]=[c&D3&v4&H0&+0&R&z2:4]:[c&D2&v4&H1&+0&R&z0:2]:[c&D2&v4&H1&+0&R&z1:3]	Any;Any
72_0	Any;Any;CO2	[*:1](~[O&D1&v2&H0&+0&!R:2])~[*:3]~[*:4](~[O&D1&v2&H1&+0&!R:5])~[O&D2&v2&H0&+0&!R:6]-[P&D4&v5&H0&+0&!R:7](-[O&D1&v2&H1&+0&!R:8])-[O&D1&v2&H1&+0&!R:9].([N&D1&v3&H2&+0&!R:10].[N&D1&v3&H2&+0&!R:11]).[O&D1&v2&H0&+0&!R:12]=[C&D2&v4&H0&+0&!R&z2:13]=[O&D1&v2&H0&+0&!R:14]>>[*:1](~[O&D1&v2&H0&+0&!R:2])~[*:3]~[*:4](~[O&D1&v2&H1&+0&!R:5])~[O&D1&v2&H1&+0&!R:6].[N&D2&v3&H1&+0&R:10]-[C&D3&v4&H0&+0&R&z3:13](=[O&D1&v2&H0&+0&!R:12])-[N&D2&v3&H1&+0&R:11].[P&D4&v5&H0&+0&!R:7](-[O&D1&v2&H1&+0&!R:8])(-[O&D1&v2&H1&+0&!R:9])-[O&D1&v2&H1&+0&!R:14]	Any;Any;Pi
72_1	PHOSPHATE_DONOR_CoF;Any;CO2	[*:1](~[O&D1&v2&H0&+0&!R:2])~[*:3]~[*:4](~[O&D1&v2&H1&+0&!R:5])~[O&D2&v2&H0&+0&!R:6]-[P&D4&v5&H0&+0&!R:7](-[O&D1&v2&H1&+0&!R:8])-[O&D1&v2&H1&+0&!R:9].([N&D1&v3&H2&+0&!R:10].[N&D1&v3&H2&+0&!R:11]).[O&D1&v2&H0&+0&!R:12]=[C&D2&v4&H0&+0&!R&z2:13]=[O&D1&v2&H0&+0&!R:14]>>[*:1](~[O&D1&v2&H0&+0&!R:2])~[*:3]~[*:4](~[O&D1&v2&H1&+0&!R:5])~[O&D1&v2&H1&+0&!R:6].[N&D2&v3&H1&+0&R:10]-[C&D3&v4&H0&+0&R&z3:13](=[O&D1&v2&H0&+0&!R:12])-[N&D2&v3&H1&+0&R:11].[P&D4&v5&H0&+0&!R:7](-[O&D1&v2&H1&+0&!R:8])(-[O&D1&v2&H1&+0&!R:9])-[O&D1&v2&H1&+0&!R:14]	PHOSPHATE_ACCEPTOR_CoF;Any;Pi
44_0	Any	[O&D1&v2&H0&+0&!R:1]=[C&D3&v4&H0&+0&R&z1:2]-[C&D2&v4&H2&+0&R&z0:3]-[C&D4&v4&H0&+0&R&z1:4]-[O&D1&v2&H1&+0&!R:5]>>[C&D3&v4&H0&+0&R&z0:4]=[C&D2&v4&H1&+0&R&z0:3]-[C&D3&v4&H0&+0&R&z1:2]=[O&D1&v2&H0&+0&!R:5].[O&D0&v2&H2&+0&!R:1]	Any;WATER
