Name	Reactants	SMARTS	Products
58_0	Any;WATER	[C&D2&v4&H2&+0&!R&z1:1]-[O&D2&v2&H0&+0&!R:2].[O&D0&v2&H2&+0&!R:3]>>[C&D2&v4&H2&+0&!R&z1:1]-[O&D1&v2&H1&+0&!R:3].[O&D1&v2&H1&+0&!R:2]	Any;Any
58_1	Any;WATER	[C&D2&v4&H2&+0&!R&z1:1]-[O&D2&v2&H0&+0&!R:2].[O&D0&v2&H2&+0&!R:3]>>[C&D2&v4&H2&+0&!R&z1:1]-[O&D1&v2&H1&+0&!R:3].[O&D1&v2&H1&+0&!R:2]	Any;PPI
58_2	Any;WATER	[C&D2&v4&H2&+0&!R&z1:1]-[O&D2&v2&H0&+0&!R:2].[O&D0&v2&H2&+0&!R:3]>>[C&D2&v4&H2&+0&!R&z1:1]-[O&D1&v2&H1&+0&!R:3].[O&D1&v2&H1&+0&!R:2]	Any;Pi
58_3	Any;WATER	[C&D2&v4&H2&+0&!R&z1:1]-[O&D2&v2&H0&+0&!R:2].[O&D0&v2&H2&+0&!R:3]>>[C&D2&v4&H2&+0&!R&z1:1]-[O&D1&v2&H1&+0&!R:3].[O&D1&v2&H1&+0&!R:2]	Any;SULFATE
58_4	PHOSPHATE_DONOR_CoF;WATER	[C&D2&v4&H2&+0&!R&z1:1]-[O&D2&v2&H0&+0&!R:2].[O&D0&v2&H2&+0&!R:3]>>[C&D2&v4&H2&+0&!R&z1:1]-[O&D1&v2&H1&+0&!R:3].[O&D1&v2&H1&+0&!R:2]	PHOSPHATE_ACCEPTOR_CoF;Pi
58_5	PRENYL_DONOR_CoF;WATER	[C&D2&v4&H2&+0&!R&z1:1]-[O&D2&v2&H0&+0&!R:2].[O&D0&v2&H2&+0&!R:3]>>[C&D2&v4&H2&+0&!R&z1:1]-[O&D1&v2&H1&+0&!R:3].[O&D1&v2&H1&+0&!R:2]	Any;PRENYL_ACCEPTOR_CoF
58_6	PYROPHOSPHATE_DONOR_CoF;WATER	[C&D2&v4&H2&+0&!R&z1:1]-[O&D2&v2&H0&+0&!R:2].[O&D0&v2&H2&+0&!R:3]>>[C&D2&v4&H2&+0&!R&z1:1]-[O&D1&v2&H1&+0&!R:3].[O&D1&v2&H1&+0&!R:2]	PYROPHOSPHATE_ACCEPTOR_CoF;PPI
410_0	WATER;Any	[O&D0&v2&H2&+0&!R:1].[O&D2&v2&H0&+0&!R:2]-[C&D3&v4&H1&+0&R&z2:3]>>[C&D3&v4&H1&+0&R&z2:3]-[O&D1&v2&H1&+0&!R:1].[O&D1&v2&H1&+0&!R:2]	Any;Any
297_0	Any;Any	[C&D3&v4&H0&+0&!R&z2:1](=[O&D1&v2&H0&+0&!R:2])-[O&D2&v2&H0&+0&!R:3].[S&D1&v2&H1&+0&!R:4]>>[O&D1&v2&H1&+0&!R:3].[S&D2&v2&H0&+0&!R:4]-[C&D3&v4&H0&+0&!R&z2:1]=[O&D1&v2&H0&+0&!R:2]	Any;Any
297_1	Any;Any	[C&D3&v4&H0&+0&!R&z2:1](=[O&D1&v2&H0&+0&!R:2])-[O&D2&v2&H0&+0&!R:3].[S&D1&v2&H1&+0&!R:4]>>[O&D1&v2&H1&+0&!R:3].[S&D2&v2&H0&+0&!R:4]-[C&D3&v4&H0&+0&!R&z2:1]=[O&D1&v2&H0&+0&!R:2]	Pi;Any
297_2	Any;CoA	[C&D3&v4&H0&+0&!R&z2:1](=[O&D1&v2&H0&+0&!R:2])-[O&D2&v2&H0&+0&!R:3].[S&D1&v2&H1&+0&!R:4]>>[O&D1&v2&H1&+0&!R:3].[S&D2&v2&H0&+0&!R:4]-[C&D3&v4&H0&+0&!R&z2:1]=[O&D1&v2&H0&+0&!R:2]	Any;ACETYL-COA
297_3	Any;CoA	[C&D3&v4&H0&+0&!R&z2:1](=[O&D1&v2&H0&+0&!R:2])-[O&D2&v2&H0&+0&!R:3].[S&D1&v2&H1&+0&!R:4]>>[O&D1&v2&H1&+0&!R:3].[S&D2&v2&H0&+0&!R:4]-[C&D3&v4&H0&+0&!R&z2:1]=[O&D1&v2&H0&+0&!R:2]	Any;Any
297_4	Any;CoA	[C&D3&v4&H0&+0&!R&z2:1](=[O&D1&v2&H0&+0&!R:2])-[O&D2&v2&H0&+0&!R:3].[S&D1&v2&H1&+0&!R:4]>>[O&D1&v2&H1&+0&!R:3].[S&D2&v2&H0&+0&!R:4]-[C&D3&v4&H0&+0&!R&z2:1]=[O&D1&v2&H0&+0&!R:2]	Pi;ACETYL-COA
297_5	Any;CoA	[C&D3&v4&H0&+0&!R&z2:1](=[O&D1&v2&H0&+0&!R:2])-[O&D2&v2&H0&+0&!R:3].[S&D1&v2&H1&+0&!R:4]>>[O&D1&v2&H1&+0&!R:3].[S&D2&v2&H0&+0&!R:4]-[C&D3&v4&H0&+0&!R&z2:1]=[O&D1&v2&H0&+0&!R:2]	Pi;Any
311_0	Any;ACETYL-COA	[O&D1&v2&H1&+0&!R:1].[S&D2&v2&H0&+0&!R:2]-[C&D3&v4&H0&+0&!R&z2:3]=[O&D1&v2&H0&+0&!R:4]>>[C&D3&v4&H0&+0&!R&z2:3](=[O&D1&v2&H0&+0&!R:4])-[O&D2&v2&H0&+0&!R:1].[S&D1&v2&H1&+0&!R:2]	Any;CoA
311_1	Any;Any	[O&D1&v2&H1&+0&!R:1].[S&D2&v2&H0&+0&!R:2]-[C&D3&v4&H0&+0&!R&z2:3]=[O&D1&v2&H0&+0&!R:4]>>[C&D3&v4&H0&+0&!R&z2:3](=[O&D1&v2&H0&+0&!R:4])-[O&D2&v2&H0&+0&!R:1].[S&D1&v2&H1&+0&!R:2]	Any;Any
311_2	Any;Any	[O&D1&v2&H1&+0&!R:1].[S&D2&v2&H0&+0&!R:2]-[C&D3&v4&H0&+0&!R&z2:3]=[O&D1&v2&H0&+0&!R:4]>>[C&D3&v4&H0&+0&!R&z2:3](=[O&D1&v2&H0&+0&!R:4])-[O&D2&v2&H0&+0&!R:1].[S&D1&v2&H1&+0&!R:2]	Any;CoA
311_3	Pi;ACETYL-COA	[O&D1&v2&H1&+0&!R:1].[S&D2&v2&H0&+0&!R:2]-[C&D3&v4&H0&+0&!R&z2:3]=[O&D1&v2&H0&+0&!R:4]>>[C&D3&v4&H0&+0&!R&z2:3](=[O&D1&v2&H0&+0&!R:4])-[O&D2&v2&H0&+0&!R:1].[S&D1&v2&H1&+0&!R:2]	Any;CoA
311_4	Pi;Any	[O&D1&v2&H1&+0&!R:1].[S&D2&v2&H0&+0&!R:2]-[C&D3&v4&H0&+0&!R&z2:3]=[O&D1&v2&H0&+0&!R:4]>>[C&D3&v4&H0&+0&!R&z2:3](=[O&D1&v2&H0&+0&!R:4])-[O&D2&v2&H0&+0&!R:1].[S&D1&v2&H1&+0&!R:2]	Any;Any
311_5	Pi;Any	[O&D1&v2&H1&+0&!R:1].[S&D2&v2&H0&+0&!R:2]-[C&D3&v4&H0&+0&!R&z2:3]=[O&D1&v2&H0&+0&!R:4]>>[C&D3&v4&H0&+0&!R&z2:3](=[O&D1&v2&H0&+0&!R:4])-[O&D2&v2&H0&+0&!R:1].[S&D1&v2&H1&+0&!R:2]	Any;CoA
158_0	Any	([C&D3&v4&H1&+0&R&z1:1]-[O&D1&v2&H1&+0&!R:2].[O&D1&v2&H1&+0&!R:3])>>[C&D3&v4&H1&+0&R&z1:1]-[O&D2&v2&H0&+0&R:3].[O&D0&v2&H2&+0&!R:2]	Any;WATER
226_0	Any;Any	[C&D3&v4&H1&+0&!R&z1:1]-[O&D1&v2&H1&+0&!R:2].[O&D2&v2&H0&+0&!R:3]-[P&D4&v5&H0&+0&!R:4]>>[C&D3&v4&H1&+0&!R&z1:1]-[O&D2&v2&H0&+0&!R:3].[P&D4&v5&H0&+0&!R:4]-[O&D1&v2&H1&+0&!R:2]	Any;Any
226_1	Any;Any	[C&D3&v4&H1&+0&!R&z1:1]-[O&D1&v2&H1&+0&!R:2].[O&D2&v2&H0&+0&!R:3]-[P&D4&v5&H0&+0&!R:4]>>[C&D3&v4&H1&+0&!R&z1:1]-[O&D2&v2&H0&+0&!R:3].[P&D4&v5&H0&+0&!R:4]-[O&D1&v2&H1&+0&!R:2]	Any;PPI
226_2	Any;Any	[C&D3&v4&H1&+0&!R&z1:1]-[O&D1&v2&H1&+0&!R:2].[O&D2&v2&H0&+0&!R:3]-[P&D4&v5&H0&+0&!R:4]>>[C&D3&v4&H1&+0&!R&z1:1]-[O&D2&v2&H0&+0&!R:3].[P&D4&v5&H0&+0&!R:4]-[O&D1&v2&H1&+0&!R:2]	Any;Pi
226_3	Any;GLUCOSYL_DONOR_CoF	[C&D3&v4&H1&+0&!R&z1:1]-[O&D1&v2&H1&+0&!R:2].[O&D2&v2&H0&+0&!R:3]-[P&D4&v5&H0&+0&!R:4]>>[C&D3&v4&H1&+0&!R&z1:1]-[O&D2&v2&H0&+0&!R:3].[P&D4&v5&H0&+0&!R:4]-[O&D1&v2&H1&+0&!R:2]	Any;GLUCOSYL_ACCEPTOR_CoF
226_4	Any;PHOSPHATE_DONOR_CoF	[C&D3&v4&H1&+0&!R&z1:1]-[O&D1&v2&H1&+0&!R:2].[O&D2&v2&H0&+0&!R:3]-[P&D4&v5&H0&+0&!R:4]>>[C&D3&v4&H1&+0&!R&z1:1]-[O&D2&v2&H0&+0&!R:3].[P&D4&v5&H0&+0&!R:4]-[O&D1&v2&H1&+0&!R:2]	Any;PHOSPHATE_ACCEPTOR_CoF
226_5	Any;SULFATE_DONOR_CoF	[C&D3&v4&H1&+0&!R&z1:1]-[O&D1&v2&H1&+0&!R:2].[O&D2&v2&H0&+0&!R:3]-[P&D4&v5&H0&+0&!R:4]>>[C&D3&v4&H1&+0&!R&z1:1]-[O&D2&v2&H0&+0&!R:3].[P&D4&v5&H0&+0&!R:4]-[O&D1&v2&H1&+0&!R:2]	Any;SULFATE_ACCEPTOR_CoF
110_0	Any;Any	[C&D3&v4&H0&+0&!R&z2:1]-[O&D1&v2&H1&+0&!R:2].[O&D1&v2&H1&+0&!R:3]>>[C&D3&v4&H0&+0&!R&z2:1]-[O&D2&v2&H0&+0&!R:3].[O&D0&v2&H2&+0&!R:2]	Any;WATER
110_1	Any;H2O2	[C&D3&v4&H0&+0&!R&z2:1]-[O&D1&v2&H1&+0&!R:2].[O&D1&v2&H1&+0&!R:3]>>[C&D3&v4&H0&+0&!R&z2:1]-[O&D2&v2&H0&+0&!R:3].[O&D0&v2&H2&+0&!R:2]	Any;WATER
1578_0	Any;Any	[C&D3&v4&H0&+0&R&z0:1]1=[C&D2&v4&H1&+0&R&z1:2]-[N&D3&v3&H0&+0&R:3]-[C&D2&v4&H1&+0&R&z1:4]=[C&D2&v4&H1&+0&R&z0:5]-[C&D2&v4&H2&+0&R&z0:6]-1.[O&D1&v2&H0&+0&!R:7]=[C&D3&v4&H0&+0&!R&z2:8]-[O&D1&v2&H1&+0&!R:9]>>[O&D0&v2&H2&+0&!R:9].[O&D1&v2&H0&+0&!R:7]=[C&D2&v4&H1&+0&!R&z1:8].[c&D3&v4&H0&+0&R&z0:1]1:[c&D2&v4&H1&+0&R&z0:6]:[c&D2&v4&H1&+0&R&z0:5]:[c&D2&v4&H1&+0&R&z1:4]:[n&D3&v4&H0&+&R:3]:[c&D2&v4&H1&+0&R&z1:2]:1	WATER;Any;Any
1578_1	NADH_CoF;Any	[C&D3&v4&H0&+0&R&z0:1]1=[C&D2&v4&H1&+0&R&z1:2]-[N&D3&v3&H0&+0&R:3]-[C&D2&v4&H1&+0&R&z1:4]=[C&D2&v4&H1&+0&R&z0:5]-[C&D2&v4&H2&+0&R&z0:6]-1.[O&D1&v2&H0&+0&!R:7]=[C&D3&v4&H0&+0&!R&z2:8]-[O&D1&v2&H1&+0&!R:9]>>[O&D0&v2&H2&+0&!R:9].[O&D1&v2&H0&+0&!R:7]=[C&D2&v4&H1&+0&!R&z1:8].[c&D3&v4&H0&+0&R&z0:1]1:[c&D2&v4&H1&+0&R&z0:6]:[c&D2&v4&H1&+0&R&z0:5]:[c&D2&v4&H1&+0&R&z1:4]:[n&D3&v4&H0&+&R:3]:[c&D2&v4&H1&+0&R&z1:2]:1	WATER;Any;NAD_CoF
151_0	Any;Any	[C&D3&v4&H0&+0&R&z0:1]1=[C&D2&v4&H1&+0&R&z1:2]-[N&D3&v3&H0&+0&R:3]-[C&D2&v4&H1&+0&R&z1:4]=[C&D2&v4&H1&+0&R&z0:5]-[C&D2&v4&H2&+0&R&z0:6]-1.[C&D3&v4&H0&+0&R&z0:7]=[C&D2&v4&H1&+0&R&z0:8]>>[C&D3&v4&H1&+0&R&z0:7]-[C&D2&v4&H2&+0&R&z0:8].[c&D3&v4&H0&+0&R&z0:1]1:[c&D2&v4&H1&+0&R&z0:6]:[c&D2&v4&H1&+0&R&z0:5]:[c&D2&v4&H1&+0&R&z1:4]:[n&D3&v4&H0&+&R:3]:[c&D2&v4&H1&+0&R&z1:2]:1	Any;Any
151_1	NADH_CoF;Any	[C&D3&v4&H0&+0&R&z0:1]1=[C&D2&v4&H1&+0&R&z1:2]-[N&D3&v3&H0&+0&R:3]-[C&D2&v4&H1&+0&R&z1:4]=[C&D2&v4&H1&+0&R&z0:5]-[C&D2&v4&H2&+0&R&z0:6]-1.[C&D3&v4&H0&+0&R&z0:7]=[C&D2&v4&H1&+0&R&z0:8]>>[C&D3&v4&H1&+0&R&z0:7]-[C&D2&v4&H2&+0&R&z0:8].[c&D3&v4&H0&+0&R&z0:1]1:[c&D2&v4&H1&+0&R&z0:6]:[c&D2&v4&H1&+0&R&z0:5]:[c&D2&v4&H1&+0&R&z1:4]:[n&D3&v4&H0&+&R:3]:[c&D2&v4&H1&+0&R&z1:2]:1	Any;NAD_CoF
42_0	Any;Any	[O&D1&v2&H1&+0&!R:1].[O&D2&v2&H0&+0&!R:2]-[P&D4&v5&H0&+0&!R:3]>>[O&D1&v2&H1&+0&!R:2].[O&D2&v2&H0&+0&!R:1]-[P&D4&v5&H0&+0&!R:3]	Any;Any
42_1	Any;Any	[O&D1&v2&H1&+0&!R:1].[O&D2&v2&H0&+0&!R:2]-[P&D4&v5&H0&+0&!R:3]>>[O&D1&v2&H1&+0&!R:2].[O&D2&v2&H0&+0&!R:1]-[P&D4&v5&H0&+0&!R:3]	PPI;Any
42_2	Any;Any	[O&D1&v2&H1&+0&!R:1].[O&D2&v2&H0&+0&!R:2]-[P&D4&v5&H0&+0&!R:3]>>[O&D1&v2&H1&+0&!R:2].[O&D2&v2&H0&+0&!R:1]-[P&D4&v5&H0&+0&!R:3]	Pi;Any
42_3	Any;PHOSPHATE_DONOR_CoF	[O&D1&v2&H1&+0&!R:1].[O&D2&v2&H0&+0&!R:2]-[P&D4&v5&H0&+0&!R:3]>>[O&D1&v2&H1&+0&!R:2].[O&D2&v2&H0&+0&!R:1]-[P&D4&v5&H0&+0&!R:3]	PHOSPHATE_ACCEPTOR_CoF;Any
42_4	Any;PPI	[O&D1&v2&H1&+0&!R:1].[O&D2&v2&H0&+0&!R:2]-[P&D4&v5&H0&+0&!R:3]>>[O&D1&v2&H1&+0&!R:2].[O&D2&v2&H0&+0&!R:1]-[P&D4&v5&H0&+0&!R:3]	Pi;Any
42_5	NADH_CoF;NAD_CoF	[O&D1&v2&H1&+0&!R:1].[O&D2&v2&H0&+0&!R:2]-[P&D4&v5&H0&+0&!R:3]>>[O&D1&v2&H1&+0&!R:2].[O&D2&v2&H0&+0&!R:1]-[P&D4&v5&H0&+0&!R:3]	NAD_CoF;NADH_CoF
42_6	NAD_CoF;NADH_CoF	[O&D1&v2&H1&+0&!R:1].[O&D2&v2&H0&+0&!R:2]-[P&D4&v5&H0&+0&!R:3]>>[O&D1&v2&H1&+0&!R:2].[O&D2&v2&H0&+0&!R:1]-[P&D4&v5&H0&+0&!R:3]	NADH_CoF;NAD_CoF
42_7	PHOSPHATE_ACCEPTOR_CoF;Any	[O&D1&v2&H1&+0&!R:1].[O&D2&v2&H0&+0&!R:2]-[P&D4&v5&H0&+0&!R:3]>>[O&D1&v2&H1&+0&!R:2].[O&D2&v2&H0&+0&!R:1]-[P&D4&v5&H0&+0&!R:3]	Any;PHOSPHATE_DONOR_CoF
42_8	PHOSPHATE_ACCEPTOR_CoF;PHOSPHATE_DONOR_CoF	[O&D1&v2&H1&+0&!R:1].[O&D2&v2&H0&+0&!R:2]-[P&D4&v5&H0&+0&!R:3]>>[O&D1&v2&H1&+0&!R:2].[O&D2&v2&H0&+0&!R:1]-[P&D4&v5&H0&+0&!R:3]	PHOSPHATE_ACCEPTOR_CoF;PHOSPHATE_DONOR_CoF
42_9	PHOSPHATE_ACCEPTOR_CoF;PHOSPHATE_DONOR_CoF	[O&D1&v2&H1&+0&!R:1].[O&D2&v2&H0&+0&!R:2]-[P&D4&v5&H0&+0&!R:3]>>[O&D1&v2&H1&+0&!R:2].[O&D2&v2&H0&+0&!R:1]-[P&D4&v5&H0&+0&!R:3]	PHOSPHATE_DONOR_CoF;PHOSPHATE_ACCEPTOR_CoF
42_10	PPI;Any	[O&D1&v2&H1&+0&!R:1].[O&D2&v2&H0&+0&!R:2]-[P&D4&v5&H0&+0&!R:3]>>[O&D1&v2&H1&+0&!R:2].[O&D2&v2&H0&+0&!R:1]-[P&D4&v5&H0&+0&!R:3]	Any;Any
42_11	PPI;Any	[O&D1&v2&H1&+0&!R:1].[O&D2&v2&H0&+0&!R:2]-[P&D4&v5&H0&+0&!R:3]>>[O&D1&v2&H1&+0&!R:2].[O&D2&v2&H0&+0&!R:1]-[P&D4&v5&H0&+0&!R:3]	SULFATE;Any
42_12	Pi;Any	[O&D1&v2&H1&+0&!R:1].[O&D2&v2&H0&+0&!R:2]-[P&D4&v5&H0&+0&!R:3]>>[O&D1&v2&H1&+0&!R:2].[O&D2&v2&H0&+0&!R:1]-[P&D4&v5&H0&+0&!R:3]	Any;Any
42_13	Pi;Any	[O&D1&v2&H1&+0&!R:1].[O&D2&v2&H0&+0&!R:2]-[P&D4&v5&H0&+0&!R:3]>>[O&D1&v2&H1&+0&!R:2].[O&D2&v2&H0&+0&!R:1]-[P&D4&v5&H0&+0&!R:3]	Any;PPI
42_14	Pi;Any	[O&D1&v2&H1&+0&!R:1].[O&D2&v2&H0&+0&!R:2]-[P&D4&v5&H0&+0&!R:3]>>[O&D1&v2&H1&+0&!R:2].[O&D2&v2&H0&+0&!R:1]-[P&D4&v5&H0&+0&!R:3]	PPI;Any
42_15	Pi;Any	[O&D1&v2&H1&+0&!R:1].[O&D2&v2&H0&+0&!R:2]-[P&D4&v5&H0&+0&!R:3]>>[O&D1&v2&H1&+0&!R:2].[O&D2&v2&H0&+0&!R:1]-[P&D4&v5&H0&+0&!R:3]	SULFATE;Any
42_16	SULFATE;Any	[O&D1&v2&H1&+0&!R:1].[O&D2&v2&H0&+0&!R:2]-[P&D4&v5&H0&+0&!R:3]>>[O&D1&v2&H1&+0&!R:2].[O&D2&v2&H0&+0&!R:1]-[P&D4&v5&H0&+0&!R:3]	PPI;Any
42_17	SULFATE;Any	[O&D1&v2&H1&+0&!R:1].[O&D2&v2&H0&+0&!R:2]-[P&D4&v5&H0&+0&!R:3]>>[O&D1&v2&H1&+0&!R:2].[O&D2&v2&H0&+0&!R:1]-[P&D4&v5&H0&+0&!R:3]	Pi;Any
272_0	Any;Any	[N&D4&v4&H0&+&!R:1]-[C&D1&v4&H3&+0&!R&z1:2].[S&D2&v2&H0&+0&!R:3]>>[C&D1&v4&H3&+0&!R&z1:2]-[S&D3&v3&H0&+&!R:3].[N&D3&v3&H0&+0&!R:1]	Any;Any
272_1	Any;METHYL_ACCEPTOR_CoF	[N&D4&v4&H0&+&!R:1]-[C&D1&v4&H3&+0&!R&z1:2].[S&D2&v2&H0&+0&!R:3]>>[C&D1&v4&H3&+0&!R&z1:2]-[S&D3&v3&H0&+&!R:3].[N&D3&v3&H0&+0&!R:1]	METHYL_DONOR_CoF;Any
339_0	Any;Any;Any	[S&D1&v2&H1&+0&!R:1].[S&D1&v2&H1&+0&!R:2].[c&D3&v4&H0&+0&R&z0:3]1:[c&D2&v4&H1&+0&R&z0:4]:[c&D2&v4&H1&+0&R&z0:5]:[c&D2&v4&H1&+0&R&z1:6]:[n&D3&v4&H0&+&R:7]:[c&D2&v4&H1&+0&R&z1:8]:1>>[C&D3&v4&H0&+0&R&z0:3]1=[C&D2&v4&H1&+0&R&z1:8]-[N&D3&v3&H0&+0&R:7]-[C&D2&v4&H1&+0&R&z1:6]=[C&D2&v4&H1&+0&R&z0:5]-[C&D2&v4&H2&+0&R&z0:4]-1.[S&D2&v2&H0&+0&!R:1]-[S&D2&v2&H0&+0&!R:2]	Any;Any
339_1	Any;Any;NAD_CoF	[S&D1&v2&H1&+0&!R:1].[S&D1&v2&H1&+0&!R:2].[c&D3&v4&H0&+0&R&z0:3]1:[c&D2&v4&H1&+0&R&z0:4]:[c&D2&v4&H1&+0&R&z0:5]:[c&D2&v4&H1&+0&R&z1:6]:[n&D3&v4&H0&+&R:7]:[c&D2&v4&H1&+0&R&z1:8]:1>>[C&D3&v4&H0&+0&R&z0:3]1=[C&D2&v4&H1&+0&R&z1:8]-[N&D3&v3&H0&+0&R:7]-[C&D2&v4&H1&+0&R&z1:6]=[C&D2&v4&H1&+0&R&z0:5]-[C&D2&v4&H2&+0&R&z0:4]-1.[S&D2&v2&H0&+0&!R:1]-[S&D2&v2&H0&+0&!R:2]	NADH_CoF;Any
339_2	CoA;Any;Any	[S&D1&v2&H1&+0&!R:1].[S&D1&v2&H1&+0&!R:2].[c&D3&v4&H0&+0&R&z0:3]1:[c&D2&v4&H1&+0&R&z0:4]:[c&D2&v4&H1&+0&R&z0:5]:[c&D2&v4&H1&+0&R&z1:6]:[n&D3&v4&H0&+&R:7]:[c&D2&v4&H1&+0&R&z1:8]:1>>[C&D3&v4&H0&+0&R&z0:3]1=[C&D2&v4&H1&+0&R&z1:8]-[N&D3&v3&H0&+0&R:7]-[C&D2&v4&H1&+0&R&z1:6]=[C&D2&v4&H1&+0&R&z0:5]-[C&D2&v4&H2&+0&R&z0:4]-1.[S&D2&v2&H0&+0&!R:1]-[S&D2&v2&H0&+0&!R:2]	Any;Any
339_3	CoA;Any;NAD_CoF	[S&D1&v2&H1&+0&!R:1].[S&D1&v2&H1&+0&!R:2].[c&D3&v4&H0&+0&R&z0:3]1:[c&D2&v4&H1&+0&R&z0:4]:[c&D2&v4&H1&+0&R&z0:5]:[c&D2&v4&H1&+0&R&z1:6]:[n&D3&v4&H0&+&R:7]:[c&D2&v4&H1&+0&R&z1:8]:1>>[C&D3&v4&H0&+0&R&z0:3]1=[C&D2&v4&H1&+0&R&z1:8]-[N&D3&v3&H0&+0&R:7]-[C&D2&v4&H1&+0&R&z1:6]=[C&D2&v4&H1&+0&R&z0:5]-[C&D2&v4&H2&+0&R&z0:4]-1.[S&D2&v2&H0&+0&!R:1]-[S&D2&v2&H0&+0&!R:2]	NADH_CoF;Any
339_4	CoA;CoA;Any	[S&D1&v2&H1&+0&!R:1].[S&D1&v2&H1&+0&!R:2].[c&D3&v4&H0&+0&R&z0:3]1:[c&D2&v4&H1&+0&R&z0:4]:[c&D2&v4&H1&+0&R&z0:5]:[c&D2&v4&H1&+0&R&z1:6]:[n&D3&v4&H0&+&R:7]:[c&D2&v4&H1&+0&R&z1:8]:1>>[C&D3&v4&H0&+0&R&z0:3]1=[C&D2&v4&H1&+0&R&z1:8]-[N&D3&v3&H0&+0&R:7]-[C&D2&v4&H1&+0&R&z1:6]=[C&D2&v4&H1&+0&R&z0:5]-[C&D2&v4&H2&+0&R&z0:4]-1.[S&D2&v2&H0&+0&!R:1]-[S&D2&v2&H0&+0&!R:2]	Any;Any
339_5	CoA;CoA;NAD_CoF	[S&D1&v2&H1&+0&!R:1].[S&D1&v2&H1&+0&!R:2].[c&D3&v4&H0&+0&R&z0:3]1:[c&D2&v4&H1&+0&R&z0:4]:[c&D2&v4&H1&+0&R&z0:5]:[c&D2&v4&H1&+0&R&z1:6]:[n&D3&v4&H0&+&R:7]:[c&D2&v4&H1&+0&R&z1:8]:1>>[C&D3&v4&H0&+0&R&z0:3]1=[C&D2&v4&H1&+0&R&z1:8]-[N&D3&v3&H0&+0&R:7]-[C&D2&v4&H1&+0&R&z1:6]=[C&D2&v4&H1&+0&R&z0:5]-[C&D2&v4&H2&+0&R&z0:4]-1.[S&D2&v2&H0&+0&!R:1]-[S&D2&v2&H0&+0&!R:2]	NADH_CoF;Any
143_0	Any;Any	[O&D2&v2&H0&+0&!R:1]-[C&D1&v4&H3&+0&!R&z1:2].[S&D2&v2&H0&+0&!R:3]>>[C&D1&v4&H3&+0&!R&z1:2]-[S&D3&v3&H0&+&!R:3].[O&D1&v2&H1&+0&!R:1]	Any;Any
143_1	Any;METHYL_ACCEPTOR_CoF	[O&D2&v2&H0&+0&!R:1]-[C&D1&v4&H3&+0&!R&z1:2].[S&D2&v2&H0&+0&!R:3]>>[C&D1&v4&H3&+0&!R&z1:2]-[S&D3&v3&H0&+&!R:3].[O&D1&v2&H1&+0&!R:1]	METHYL_DONOR_CoF;Any
9_0	Any;WATER	[N&D2&v3&H1&+0&!R:1]-[C&D3&v4&H0&+0&!R&z2:2].[O&D0&v2&H2&+0&!R:3]>>[C&D3&v4&H0&+0&!R&z2:2]-[O&D1&v2&H1&+0&!R:3].[N&D1&v3&H2&+0&!R:1]	Any;Any
1566_0	Any;Any;O2	[C&D3&v4&H0&+0&R&z0:1]1=[C&D2&v4&H1&+0&R&z1:2]-[N&D3&v3&H0&+0&R:3]-[C&D2&v4&H1&+0&R&z1:4]=[C&D2&v4&H1&+0&R&z0:5]-[C&D2&v4&H2&+0&R&z0:6]-1.[N&D1&v3&H2&+0&!R:7]-[c&D3&v4&H0&+0&R&z1:8]:[c&D3&v4&H0&+0&R&z0:9]-[C&D3&v4&H0&+0&!R&z2:10]-[O&D1&v2&H1&+0&!R:11].[O&D1&v2&H0&+0&!R:12]=[O&D1&v2&H0&+0&!R:13]>>[N&D0&v3&H3&+0&!R:7].[O&D1&v2&H0&+0&!R:11]=[C&D2&v4&H0&+0&!R&z2:10].[O&D1&v2&H1&+0&!R:12]-[c&D3&v4&H0&+0&R&z1:8]:[c&D3&v4&H0&+0&R&z1:9]-[O&D1&v2&H1&+0&!R:13].[c&D3&v4&H0&+0&R&z0:1]1:[c&D2&v4&H1&+0&R&z0:6]:[c&D2&v4&H1&+0&R&z0:5]:[c&D2&v4&H1&+0&R&z1:4]:[n&D3&v4&H0&+&R:3]:[c&D2&v4&H1&+0&R&z1:2]:1	NH3;CO2;Any;Any
1566_1	NADH_CoF;Any;O2	[C&D3&v4&H0&+0&R&z0:1]1=[C&D2&v4&H1&+0&R&z1:2]-[N&D3&v3&H0&+0&R:3]-[C&D2&v4&H1&+0&R&z1:4]=[C&D2&v4&H1&+0&R&z0:5]-[C&D2&v4&H2&+0&R&z0:6]-1.[N&D1&v3&H2&+0&!R:7]-[c&D3&v4&H0&+0&R&z1:8]:[c&D3&v4&H0&+0&R&z0:9]-[C&D3&v4&H0&+0&!R&z2:10]-[O&D1&v2&H1&+0&!R:11].[O&D1&v2&H0&+0&!R:12]=[O&D1&v2&H0&+0&!R:13]>>[N&D0&v3&H3&+0&!R:7].[O&D1&v2&H0&+0&!R:11]=[C&D2&v4&H0&+0&!R&z2:10].[O&D1&v2&H1&+0&!R:12]-[c&D3&v4&H0&+0&R&z1:8]:[c&D3&v4&H0&+0&R&z1:9]-[O&D1&v2&H1&+0&!R:13].[c&D3&v4&H0&+0&R&z0:1]1:[c&D2&v4&H1&+0&R&z0:6]:[c&D2&v4&H1&+0&R&z0:5]:[c&D2&v4&H1&+0&R&z1:4]:[n&D3&v4&H0&+&R:3]:[c&D2&v4&H1&+0&R&z1:2]:1	NH3;CO2;Any;NAD_CoF
146_0	Any;Any	[O&D1&v2&H1&+0&!R:1].[P&D4&v5&H0&+0&!R:2]-[O&D1&v2&H1&+0&!R:3]>>[O&D0&v2&H2&+0&!R:3].[O&D2&v2&H0&+0&!R:1]-[P&D4&v5&H0&+0&!R:2]	WATER;Any
146_1	Any;GLUCOSYL_ACCEPTOR_CoF	[O&D1&v2&H1&+0&!R:1].[P&D4&v5&H0&+0&!R:2]-[O&D1&v2&H1&+0&!R:3]>>[O&D0&v2&H2&+0&!R:3].[O&D2&v2&H0&+0&!R:1]-[P&D4&v5&H0&+0&!R:2]	WATER;GLUCOSYL_DONOR_CoF
146_2	Any;PPI	[O&D1&v2&H1&+0&!R:1].[P&D4&v5&H0&+0&!R:2]-[O&D1&v2&H1&+0&!R:3]>>[O&D0&v2&H2&+0&!R:3].[O&D2&v2&H0&+0&!R:1]-[P&D4&v5&H0&+0&!R:2]	WATER;Any
146_3	Any;Pi	[O&D1&v2&H1&+0&!R:1].[P&D4&v5&H0&+0&!R:2]-[O&D1&v2&H1&+0&!R:3]>>[O&D0&v2&H2&+0&!R:3].[O&D2&v2&H0&+0&!R:1]-[P&D4&v5&H0&+0&!R:2]	WATER;Any
146_4	PHOSPHATE_ACCEPTOR_CoF;PHOSPHATE_ACCEPTOR_CoF	[O&D1&v2&H1&+0&!R:1].[P&D4&v5&H0&+0&!R:2]-[O&D1&v2&H1&+0&!R:3]>>[O&D0&v2&H2&+0&!R:3].[O&D2&v2&H0&+0&!R:1]-[P&D4&v5&H0&+0&!R:2]	WATER;PHOSPHATE_DONOR_CoF
146_5	PHOSPHATE_ACCEPTOR_CoF;Pi	[O&D1&v2&H1&+0&!R:1].[P&D4&v5&H0&+0&!R:2]-[O&D1&v2&H1&+0&!R:3]>>[O&D0&v2&H2&+0&!R:3].[O&D2&v2&H0&+0&!R:1]-[P&D4&v5&H0&+0&!R:2]	WATER;PHOSPHATE_DONOR_CoF
146_6	PPI;Any	[O&D1&v2&H1&+0&!R:1].[P&D4&v5&H0&+0&!R:2]-[O&D1&v2&H1&+0&!R:3]>>[O&D0&v2&H2&+0&!R:3].[O&D2&v2&H0&+0&!R:1]-[P&D4&v5&H0&+0&!R:2]	WATER;Any
146_7	PPI;PYROPHOSPHATE_ACCEPTOR_CoF	[O&D1&v2&H1&+0&!R:1].[P&D4&v5&H0&+0&!R:2]-[O&D1&v2&H1&+0&!R:3]>>[O&D0&v2&H2&+0&!R:3].[O&D2&v2&H0&+0&!R:1]-[P&D4&v5&H0&+0&!R:2]	WATER;PYROPHOSPHATE_DONOR_CoF
146_8	PYROPHOSPHATE_ACCEPTOR_CoF;PPI	[O&D1&v2&H1&+0&!R:1].[P&D4&v5&H0&+0&!R:2]-[O&D1&v2&H1&+0&!R:3]>>[O&D0&v2&H2&+0&!R:3].[O&D2&v2&H0&+0&!R:1]-[P&D4&v5&H0&+0&!R:2]	WATER;PYROPHOSPHATE_DONOR_CoF
146_9	Pi;Any	[O&D1&v2&H1&+0&!R:1].[P&D4&v5&H0&+0&!R:2]-[O&D1&v2&H1&+0&!R:3]>>[O&D0&v2&H2&+0&!R:3].[O&D2&v2&H0&+0&!R:1]-[P&D4&v5&H0&+0&!R:2]	WATER;Any
146_10	Pi;PHOSPHATE_ACCEPTOR_CoF	[O&D1&v2&H1&+0&!R:1].[P&D4&v5&H0&+0&!R:2]-[O&D1&v2&H1&+0&!R:3]>>[O&D0&v2&H2&+0&!R:3].[O&D2&v2&H0&+0&!R:1]-[P&D4&v5&H0&+0&!R:2]	WATER;PHOSPHATE_DONOR_CoF
146_11	Pi;PPI	[O&D1&v2&H1&+0&!R:1].[P&D4&v5&H0&+0&!R:2]-[O&D1&v2&H1&+0&!R:3]>>[O&D0&v2&H2&+0&!R:3].[O&D2&v2&H0&+0&!R:1]-[P&D4&v5&H0&+0&!R:2]	WATER;Any
146_12	Pi;Pi	[O&D1&v2&H1&+0&!R:1].[P&D4&v5&H0&+0&!R:2]-[O&D1&v2&H1&+0&!R:3]>>[O&D0&v2&H2&+0&!R:3].[O&D2&v2&H0&+0&!R:1]-[P&D4&v5&H0&+0&!R:2]	WATER;PPI
146_13	SULFATE;Any	[O&D1&v2&H1&+0&!R:1].[P&D4&v5&H0&+0&!R:2]-[O&D1&v2&H1&+0&!R:3]>>[O&D0&v2&H2&+0&!R:3].[O&D2&v2&H0&+0&!R:1]-[P&D4&v5&H0&+0&!R:2]	WATER;Any
146_14	SULFATE;SULFATE_ACCEPTOR_CoF	[O&D1&v2&H1&+0&!R:1].[P&D4&v5&H0&+0&!R:2]-[O&D1&v2&H1&+0&!R:3]>>[O&D0&v2&H2&+0&!R:3].[O&D2&v2&H0&+0&!R:1]-[P&D4&v5&H0&+0&!R:2]	WATER;SULFATE_DONOR_CoF
324_0	Any	[C&D2&v4&H2&+0&!R&z0:1]-[C&D3&v4&H0&+0&!R&z2:2]-[O&D1&v2&H1&+0&!R:3]>>[C&D1&v4&H3&+0&!R&z0:1].[O&D1&v2&H0&+0&!R:3]=[C&D2&v4&H0&+0&!R&z2:2]	ACETYL-COA;CO2
324_1	Any	[C&D2&v4&H2&+0&!R&z0:1]-[C&D3&v4&H0&+0&!R&z2:2]-[O&D1&v2&H1&+0&!R:3]>>[C&D1&v4&H3&+0&!R&z0:1].[O&D1&v2&H0&+0&!R:3]=[C&D2&v4&H0&+0&!R&z2:2]	Any;CO2
140_0	Any;Any	[C&D1&v4&H3&+0&!R&z1:1]-[S&D3&v3&H0&+&!R:2].[O&D1&v2&H1&+0&!R:3]>>[O&D2&v2&H0&+0&!R:3]-[C&D1&v4&H3&+0&!R&z1:1].[S&D2&v2&H0&+0&!R:2]	Any;Any
140_1	METHYL_DONOR_CoF;Any	[C&D1&v4&H3&+0&!R&z1:1]-[S&D3&v3&H0&+&!R:2].[O&D1&v2&H1&+0&!R:3]>>[O&D2&v2&H0&+0&!R:3]-[C&D1&v4&H3&+0&!R&z1:1].[S&D2&v2&H0&+0&!R:2]	Any;METHYL_ACCEPTOR_CoF
132_0	Any;Any	[C&D3&v4&H0&+0&R&z0:1]1=[C&D2&v4&H1&+0&R&z1:2]-[N&D3&v3&H0&+0&R:3]-[C&D2&v4&H1&+0&R&z1:4]=[C&D2&v4&H1&+0&R&z0:5]-[C&D2&v4&H2&+0&R&z0:6]-1.[C&D3&v4&H0&+0&R&z1:7]=[O&D1&v2&H0&+0&!R:8]>>[C&D3&v4&H1&+0&R&z1:7]-[O&D1&v2&H1&+0&!R:8].[c&D3&v4&H0&+0&R&z0:1]1:[c&D2&v4&H1&+0&R&z0:6]:[c&D2&v4&H1&+0&R&z0:5]:[c&D2&v4&H1&+0&R&z1:4]:[n&D3&v4&H0&+&R:3]:[c&D2&v4&H1&+0&R&z1:2]:1	Any;Any
132_1	NADH_CoF;Any	[C&D3&v4&H0&+0&R&z0:1]1=[C&D2&v4&H1&+0&R&z1:2]-[N&D3&v3&H0&+0&R:3]-[C&D2&v4&H1&+0&R&z1:4]=[C&D2&v4&H1&+0&R&z0:5]-[C&D2&v4&H2&+0&R&z0:6]-1.[C&D3&v4&H0&+0&R&z1:7]=[O&D1&v2&H0&+0&!R:8]>>[C&D3&v4&H1&+0&R&z1:7]-[O&D1&v2&H1&+0&!R:8].[c&D3&v4&H0&+0&R&z0:1]1:[c&D2&v4&H1&+0&R&z0:6]:[c&D2&v4&H1&+0&R&z0:5]:[c&D2&v4&H1&+0&R&z1:4]:[n&D3&v4&H0&+&R:3]:[c&D2&v4&H1&+0&R&z1:2]:1	Any;NAD_CoF
136_0	Any;Any	[C&D3&v4&H1&+0&R&z2:1]-[O&D1&v2&H1&+0&!R:2].[n&D2&v3&H1&+0&R:3]>>[O&D0&v2&H2&+0&!R:2].[n&D3&v3&H0&+0&R:3]-[C&D3&v4&H1&+0&R&z2:1]	WATER;Any
15_0	Any;Any	[N&D2&v3&H1&+0&!R:1]-[C&D3&v4&H0&+0&!R&z2:2]=[O&D1&v2&H0&+0&!R:3].[S&D1&v2&H1&+0&!R:4]>>[C&D3&v4&H0&+0&!R&z2:2](=[O&D1&v2&H0&+0&!R:3])-[S&D2&v2&H0&+0&!R:4].[N&D1&v3&H2&+0&!R:1]	Any;Any
15_1	Any;CoA	[N&D2&v3&H1&+0&!R:1]-[C&D3&v4&H0&+0&!R&z2:2]=[O&D1&v2&H0&+0&!R:3].[S&D1&v2&H1&+0&!R:4]>>[C&D3&v4&H0&+0&!R&z2:2](=[O&D1&v2&H0&+0&!R:3])-[S&D2&v2&H0&+0&!R:4].[N&D1&v3&H2&+0&!R:1]	ACETYL-COA;Any
15_2	Any;CoA	[N&D2&v3&H1&+0&!R:1]-[C&D3&v4&H0&+0&!R&z2:2]=[O&D1&v2&H0&+0&!R:3].[S&D1&v2&H1&+0&!R:4]>>[C&D3&v4&H0&+0&!R&z2:2](=[O&D1&v2&H0&+0&!R:3])-[S&D2&v2&H0&+0&!R:4].[N&D1&v3&H2&+0&!R:1]	Any;Any
1007_0	AMINO_CoF;WATER;NAD_CoF	[C&D3&v4&H1&+0&!R&z1:1]-[N&D1&v3&H2&+0&!R:2].[O&D0&v2&H2&+0&!R:3].[c&D3&v4&H0&+0&R&z0:4]1:[c&D2&v4&H1&+0&R&z0:5]:[c&D2&v4&H1&+0&R&z0:6]:[c&D2&v4&H1&+0&R&z1:7]:[n&D3&v4&H0&+&R:8]:[c&D2&v4&H1&+0&R&z1:9]:1>>[C&D3&v4&H0&+0&!R&z1:1]=[O&D1&v2&H0&+0&!R:3].[C&D3&v4&H0&+0&R&z0:4]1=[C&D2&v4&H1&+0&R&z1:9]-[N&D3&v3&H0&+0&R:8]-[C&D2&v4&H1&+0&R&z1:7]=[C&D2&v4&H1&+0&R&z0:6]-[C&D2&v4&H2&+0&R&z0:5]-1.[N&D0&v3&H3&+0&!R:2]	CARBONYL_CoF;NADH_CoF;NH3
1007_1	Any;WATER;Any	[C&D3&v4&H1&+0&!R&z1:1]-[N&D1&v3&H2&+0&!R:2].[O&D0&v2&H2&+0&!R:3].[c&D3&v4&H0&+0&R&z0:4]1:[c&D2&v4&H1&+0&R&z0:5]:[c&D2&v4&H1&+0&R&z0:6]:[c&D2&v4&H1&+0&R&z1:7]:[n&D3&v4&H0&+&R:8]:[c&D2&v4&H1&+0&R&z1:9]:1>>[C&D3&v4&H0&+0&!R&z1:1]=[O&D1&v2&H0&+0&!R:3].[C&D3&v4&H0&+0&R&z0:4]1=[C&D2&v4&H1&+0&R&z1:9]-[N&D3&v3&H0&+0&R:8]-[C&D2&v4&H1&+0&R&z1:7]=[C&D2&v4&H1&+0&R&z0:6]-[C&D2&v4&H2&+0&R&z0:5]-1.[N&D0&v3&H3&+0&!R:2]	Any;Any;NH3
1007_2	Any;WATER;NAD_CoF	[C&D3&v4&H1&+0&!R&z1:1]-[N&D1&v3&H2&+0&!R:2].[O&D0&v2&H2&+0&!R:3].[c&D3&v4&H0&+0&R&z0:4]1:[c&D2&v4&H1&+0&R&z0:5]:[c&D2&v4&H1&+0&R&z0:6]:[c&D2&v4&H1&+0&R&z1:7]:[n&D3&v4&H0&+&R:8]:[c&D2&v4&H1&+0&R&z1:9]:1>>[C&D3&v4&H0&+0&!R&z1:1]=[O&D1&v2&H0&+0&!R:3].[C&D3&v4&H0&+0&R&z0:4]1=[C&D2&v4&H1&+0&R&z1:9]-[N&D3&v3&H0&+0&R:8]-[C&D2&v4&H1&+0&R&z1:7]=[C&D2&v4&H1&+0&R&z0:6]-[C&D2&v4&H2&+0&R&z0:5]-1.[N&D0&v3&H3&+0&!R:2]	Any;NADH_CoF;NH3
330_0	Any;Any	[C&D3&v4&H1&+0&!R&z1:1]-[C&D3&v4&H0&+0&!R&z2:2]-[O&D1&v2&H1&+0&!R:3].[S&D2&v2&H0&+0&!R:4]-[C&D3&v4&H0&+0&!R&z2:5]>>[C&D3&v4&H1&+0&!R&z1:1]-[C&D3&v4&H0&+0&!R&z1:5].[O&D1&v2&H0&+0&!R:3]=[C&D2&v4&H0&+0&!R&z2:2].[S&D1&v2&H1&+0&!R:4]	Any;CO2;Any
330_1	Any;Any	[C&D3&v4&H1&+0&!R&z1:1]-[C&D3&v4&H0&+0&!R&z2:2]-[O&D1&v2&H1&+0&!R:3].[S&D2&v2&H0&+0&!R:4]-[C&D3&v4&H0&+0&!R&z2:5]>>[C&D3&v4&H1&+0&!R&z1:1]-[C&D3&v4&H0&+0&!R&z1:5].[O&D1&v2&H0&+0&!R:3]=[C&D2&v4&H0&+0&!R&z2:2].[S&D1&v2&H1&+0&!R:4]	Any;CO2;CoA
2116_0	Any;Any	[O&D1&v2&H1&+0&!R:1]~[*:2]~[*:3]~[*:4]~[O&D1&v2&H1&+0&!R:5].[O&D2&v2&H0&+0&!R:6]-[C&D3&v4&H1&+0&R&z2:7]>>[C&D3&v4&H1&+0&R&z2:7]-[O&D2&v2&H0&+0&!R:5]~[*:4]~[*:3]~[*:2]~[O&D1&v2&H1&+0&!R:1].[O&D1&v2&H1&+0&!R:6]	Any;Any
2116_1	Any;Any	[O&D1&v2&H1&+0&!R:1]~[*:2]~[*:3]~[*:4]~[O&D1&v2&H1&+0&!R:5].[O&D2&v2&H0&+0&!R:6]-[C&D3&v4&H1&+0&R&z2:7]>>[C&D3&v4&H1&+0&R&z2:7]-[O&D2&v2&H0&+0&!R:5]~[*:4]~[*:3]~[*:2]~[O&D1&v2&H1&+0&!R:1].[O&D1&v2&H1&+0&!R:6]	Any;Pi
2116_2	Any;GLUCOSYL_DONOR_CoF	[O&D1&v2&H1&+0&!R:1]~[*:2]~[*:3]~[*:4]~[O&D1&v2&H1&+0&!R:5].[O&D2&v2&H0&+0&!R:6]-[C&D3&v4&H1&+0&R&z2:7]>>[C&D3&v4&H1&+0&R&z2:7]-[O&D2&v2&H0&+0&!R:5]~[*:4]~[*:3]~[*:2]~[O&D1&v2&H1&+0&!R:1].[O&D1&v2&H1&+0&!R:6]	Any;GLUCOSYL_ACCEPTOR_CoF
2116_3	GLUCOSYL_ACCEPTOR_CoF;Any	[O&D1&v2&H1&+0&!R:1]~[*:2]~[*:3]~[*:4]~[O&D1&v2&H1&+0&!R:5].[O&D2&v2&H0&+0&!R:6]-[C&D3&v4&H1&+0&R&z2:7]>>[C&D3&v4&H1&+0&R&z2:7]-[O&D2&v2&H0&+0&!R:5]~[*:4]~[*:3]~[*:2]~[O&D1&v2&H1&+0&!R:1].[O&D1&v2&H1&+0&!R:6]	GLUCOSYL_DONOR_CoF;Any
2116_4	GLUCOSYL_ACCEPTOR_CoF;Any	[O&D1&v2&H1&+0&!R:1]~[*:2]~[*:3]~[*:4]~[O&D1&v2&H1&+0&!R:5].[O&D2&v2&H0&+0&!R:6]-[C&D3&v4&H1&+0&R&z2:7]>>[C&D3&v4&H1&+0&R&z2:7]-[O&D2&v2&H0&+0&!R:5]~[*:4]~[*:3]~[*:2]~[O&D1&v2&H1&+0&!R:1].[O&D1&v2&H1&+0&!R:6]	GLUCOSYL_DONOR_CoF;Pi
2116_5	PPI;Any	[O&D1&v2&H1&+0&!R:1]~[*:2]~[*:3]~[*:4]~[O&D1&v2&H1&+0&!R:5].[O&D2&v2&H0&+0&!R:6]-[C&D3&v4&H1&+0&R&z2:7]>>[C&D3&v4&H1&+0&R&z2:7]-[O&D2&v2&H0&+0&!R:5]~[*:4]~[*:3]~[*:2]~[O&D1&v2&H1&+0&!R:1].[O&D1&v2&H1&+0&!R:6]	Any;Any
864_0	Any;Any	[C&D2&v4&H1&+0&!R&z1:1]=[O&D1&v2&H0&+0&!R:2].[S&D1&v2&H1&+0&!R:3]>>[S&D2&v2&H0&+0&!R:3]-[C&D3&v4&H1&+0&!R&z2:1]-[O&D1&v2&H1&+0&!R:2]	Any
326_0	Any	[C&D3&v4&H0&+0&!R&z2:1]-[C&D2&v4&H2&+0&!R&z0:2]-[C&D3&v4&H1&+0&!R&z1:3]-[O&D1&v2&H1&+0&!R:4]>>[C&D3&v4&H0&+0&!R&z2:1]-[C&D2&v4&H1&+0&!R&z0:2]=[C&D2&v4&H1&+0&!R&z0:3].[O&D0&v2&H2&+0&!R:4]	Any;WATER
1363_0	Any;Any;O2	[C&D3&v4&H0&+0&R&z0:1]1=[C&D2&v4&H1&+0&R&z1:2]-[N&D3&v3&H0&+0&R:3]-[C&D2&v4&H1&+0&R&z1:4]=[C&D2&v4&H1&+0&R&z0:5]-[C&D2&v4&H2&+0&R&z0:6]-1.[N&D1&v3&H2&+0&!R:7].[O&D1&v2&H0&+0&!R:8]=[O&D1&v2&H0&+0&!R:9]>>[N&D2&v3&H1&+0&!R:7]-[O&D1&v2&H1&+0&!R:8].[O&D0&v2&H2&+0&!R:9].[c&D3&v4&H0&+0&R&z0:1]1:[c&D2&v4&H1&+0&R&z0:6]:[c&D2&v4&H1&+0&R&z0:5]:[c&D2&v4&H1&+0&R&z1:4]:[n&D3&v4&H0&+&R:3]:[c&D2&v4&H1&+0&R&z1:2]:1	Any;WATER;Any
1363_1	NADH_CoF;Any;O2	[C&D3&v4&H0&+0&R&z0:1]1=[C&D2&v4&H1&+0&R&z1:2]-[N&D3&v3&H0&+0&R:3]-[C&D2&v4&H1&+0&R&z1:4]=[C&D2&v4&H1&+0&R&z0:5]-[C&D2&v4&H2&+0&R&z0:6]-1.[N&D1&v3&H2&+0&!R:7].[O&D1&v2&H0&+0&!R:8]=[O&D1&v2&H0&+0&!R:9]>>[N&D2&v3&H1&+0&!R:7]-[O&D1&v2&H1&+0&!R:8].[O&D0&v2&H2&+0&!R:9].[c&D3&v4&H0&+0&R&z0:1]1:[c&D2&v4&H1&+0&R&z0:6]:[c&D2&v4&H1&+0&R&z0:5]:[c&D2&v4&H1&+0&R&z1:4]:[n&D3&v4&H0&+&R:3]:[c&D2&v4&H1&+0&R&z1:2]:1	Any;WATER;NAD_CoF
360_0	Any;Any	[O&D2&v2&H0&+0&!R:1]-[P&D4&v5&H0&+0&!R:2].[c&D3&v4&H0&+0&R&z1:3]-[O&D1&v2&H1&+0&!R:4]>>[P&D4&v5&H0&+0&!R:2]-[O&D1&v2&H1&+0&!R:4].[c&D3&v4&H0&+0&R&z1:3]-[O&D2&v2&H0&+0&!R:1]	Any;Any
360_1	Any;Any	[O&D2&v2&H0&+0&!R:1]-[P&D4&v5&H0&+0&!R:2].[c&D3&v4&H0&+0&R&z1:3]-[O&D1&v2&H1&+0&!R:4]>>[P&D4&v5&H0&+0&!R:2]-[O&D1&v2&H1&+0&!R:4].[c&D3&v4&H0&+0&R&z1:3]-[O&D2&v2&H0&+0&!R:1]	PPI;Any
360_2	Any;Any	[O&D2&v2&H0&+0&!R:1]-[P&D4&v5&H0&+0&!R:2].[c&D3&v4&H0&+0&R&z1:3]-[O&D1&v2&H1&+0&!R:4]>>[P&D4&v5&H0&+0&!R:2]-[O&D1&v2&H1&+0&!R:4].[c&D3&v4&H0&+0&R&z1:3]-[O&D2&v2&H0&+0&!R:1]	Pi;Any
360_3	GLUCOSYL_DONOR_CoF;Any	[O&D2&v2&H0&+0&!R:1]-[P&D4&v5&H0&+0&!R:2].[c&D3&v4&H0&+0&R&z1:3]-[O&D1&v2&H1&+0&!R:4]>>[P&D4&v5&H0&+0&!R:2]-[O&D1&v2&H1&+0&!R:4].[c&D3&v4&H0&+0&R&z1:3]-[O&D2&v2&H0&+0&!R:1]	GLUCOSYL_ACCEPTOR_CoF;Any
360_4	PHOSPHATE_DONOR_CoF;Any	[O&D2&v2&H0&+0&!R:1]-[P&D4&v5&H0&+0&!R:2].[c&D3&v4&H0&+0&R&z1:3]-[O&D1&v2&H1&+0&!R:4]>>[P&D4&v5&H0&+0&!R:2]-[O&D1&v2&H1&+0&!R:4].[c&D3&v4&H0&+0&R&z1:3]-[O&D2&v2&H0&+0&!R:1]	PHOSPHATE_ACCEPTOR_CoF;Any
360_5	PRENYL_DONOR_CoF;Any	[O&D2&v2&H0&+0&!R:1]-[P&D4&v5&H0&+0&!R:2].[c&D3&v4&H0&+0&R&z1:3]-[O&D1&v2&H1&+0&!R:4]>>[P&D4&v5&H0&+0&!R:2]-[O&D1&v2&H1&+0&!R:4].[c&D3&v4&H0&+0&R&z1:3]-[O&D2&v2&H0&+0&!R:1]	PRENYL_ACCEPTOR_CoF;Any
360_6	SULFATE_DONOR_CoF;Any	[O&D2&v2&H0&+0&!R:1]-[P&D4&v5&H0&+0&!R:2].[c&D3&v4&H0&+0&R&z1:3]-[O&D1&v2&H1&+0&!R:4]>>[P&D4&v5&H0&+0&!R:2]-[O&D1&v2&H1&+0&!R:4].[c&D3&v4&H0&+0&R&z1:3]-[O&D2&v2&H0&+0&!R:1]	SULFATE_ACCEPTOR_CoF;Any
360_7	SULFATE_DONOR_CoF;SULFATE_ACCEPTOR_CoF	[O&D2&v2&H0&+0&!R:1]-[P&D4&v5&H0&+0&!R:2].[c&D3&v4&H0&+0&R&z1:3]-[O&D1&v2&H1&+0&!R:4]>>[P&D4&v5&H0&+0&!R:2]-[O&D1&v2&H1&+0&!R:4].[c&D3&v4&H0&+0&R&z1:3]-[O&D2&v2&H0&+0&!R:1]	SULFATE_ACCEPTOR_CoF;SULFATE_DONOR_CoF
94_0	Any;Any	[C&D3&v4&H0&+0&!R&z3:1]-[S&D2&v2&H0&+0&!R:2].[O&D1&v2&H1&+0&!R:3]>>[C&D3&v4&H0&+0&!R&z3:1]-[O&D2&v2&H0&+0&!R:3].[S&D1&v2&H1&+0&!R:2]	Any;Any
94_1	Any;Any	[C&D3&v4&H0&+0&!R&z3:1]-[S&D2&v2&H0&+0&!R:2].[O&D1&v2&H1&+0&!R:3]>>[C&D3&v4&H0&+0&!R&z3:1]-[O&D2&v2&H0&+0&!R:3].[S&D1&v2&H1&+0&!R:2]	Any;CoA
94_2	Any;Pi	[C&D3&v4&H0&+0&!R&z3:1]-[S&D2&v2&H0&+0&!R:2].[O&D1&v2&H1&+0&!R:3]>>[C&D3&v4&H0&+0&!R&z3:1]-[O&D2&v2&H0&+0&!R:3].[S&D1&v2&H1&+0&!R:2]	Any;Any
737_0	Any;AMINO_CoF	[C&D3&v4&H0&+0&R&z1:1]=[O&D1&v2&H0&+0&!R:2].[N&D1&v3&H2&+0&!R:3]-[C&D3&v4&H1&+0&!R&z1:4]>>[C&D3&v4&H0&+0&!R&z1:4]=[O&D1&v2&H0&+0&!R:2].[C&D3&v4&H1&+0&R&z1:1]-[N&D1&v3&H2&+0&!R:3]	CARBONYL_CoF;Any
737_1	Any;Any	[C&D3&v4&H0&+0&R&z1:1]=[O&D1&v2&H0&+0&!R:2].[N&D1&v3&H2&+0&!R:3]-[C&D3&v4&H1&+0&!R&z1:4]>>[C&D3&v4&H0&+0&!R&z1:4]=[O&D1&v2&H0&+0&!R:2].[C&D3&v4&H1&+0&R&z1:1]-[N&D1&v3&H2&+0&!R:3]	Any;Any
149_0	WATER;ACETYL-COA	[O&D0&v2&H2&+0&!R:1].[P&D4&v5&H0&+0&!R:2]-[O&D2&v2&H0&+0&!R:3]>>[O&D1&v2&H1&+0&!R:3].[P&D4&v5&H0&+0&!R:2]-[O&D1&v2&H1&+0&!R:1]	Any;Any
149_1	WATER;Any	[O&D0&v2&H2&+0&!R:1].[P&D4&v5&H0&+0&!R:2]-[O&D2&v2&H0&+0&!R:3]>>[O&D1&v2&H1&+0&!R:3].[P&D4&v5&H0&+0&!R:2]-[O&D1&v2&H1&+0&!R:1]	Any;Any
149_2	WATER;Any	[O&D0&v2&H2&+0&!R:1].[P&D4&v5&H0&+0&!R:2]-[O&D2&v2&H0&+0&!R:3]>>[O&D1&v2&H1&+0&!R:3].[P&D4&v5&H0&+0&!R:2]-[O&D1&v2&H1&+0&!R:1]	Any;PPI
149_3	WATER;Any	[O&D0&v2&H2&+0&!R:1].[P&D4&v5&H0&+0&!R:2]-[O&D2&v2&H0&+0&!R:3]>>[O&D1&v2&H1&+0&!R:3].[P&D4&v5&H0&+0&!R:2]-[O&D1&v2&H1&+0&!R:1]	Any;Pi
149_4	WATER;Any	[O&D0&v2&H2&+0&!R:1].[P&D4&v5&H0&+0&!R:2]-[O&D2&v2&H0&+0&!R:3]>>[O&D1&v2&H1&+0&!R:3].[P&D4&v5&H0&+0&!R:2]-[O&D1&v2&H1&+0&!R:1]	PPI;Any
149_5	WATER;Any	[O&D0&v2&H2&+0&!R:1].[P&D4&v5&H0&+0&!R:2]-[O&D2&v2&H0&+0&!R:3]>>[O&D1&v2&H1&+0&!R:3].[P&D4&v5&H0&+0&!R:2]-[O&D1&v2&H1&+0&!R:1]	PPI;Pi
149_6	WATER;Any	[O&D0&v2&H2&+0&!R:1].[P&D4&v5&H0&+0&!R:2]-[O&D2&v2&H0&+0&!R:3]>>[O&D1&v2&H1&+0&!R:3].[P&D4&v5&H0&+0&!R:2]-[O&D1&v2&H1&+0&!R:1]	Pi;Any
149_7	WATER;Any	[O&D0&v2&H2&+0&!R:1].[P&D4&v5&H0&+0&!R:2]-[O&D2&v2&H0&+0&!R:3]>>[O&D1&v2&H1&+0&!R:3].[P&D4&v5&H0&+0&!R:2]-[O&D1&v2&H1&+0&!R:1]	SULFATE;Any
149_8	WATER;CoA	[O&D0&v2&H2&+0&!R:1].[P&D4&v5&H0&+0&!R:2]-[O&D2&v2&H0&+0&!R:3]>>[O&D1&v2&H1&+0&!R:3].[P&D4&v5&H0&+0&!R:2]-[O&D1&v2&H1&+0&!R:1]	Any;Any
149_9	WATER;GLUCOSYL_DONOR_CoF	[O&D0&v2&H2&+0&!R:1].[P&D4&v5&H0&+0&!R:2]-[O&D2&v2&H0&+0&!R:3]>>[O&D1&v2&H1&+0&!R:3].[P&D4&v5&H0&+0&!R:2]-[O&D1&v2&H1&+0&!R:1]	Any;GLUCOSYL_ACCEPTOR_CoF
149_10	WATER;PHOSPHATE_DONOR_CoF	[O&D0&v2&H2&+0&!R:1].[P&D4&v5&H0&+0&!R:2]-[O&D2&v2&H0&+0&!R:3]>>[O&D1&v2&H1&+0&!R:3].[P&D4&v5&H0&+0&!R:2]-[O&D1&v2&H1&+0&!R:1]	PHOSPHATE_ACCEPTOR_CoF;PHOSPHATE_ACCEPTOR_CoF
149_11	WATER;PHOSPHATE_DONOR_CoF	[O&D0&v2&H2&+0&!R:1].[P&D4&v5&H0&+0&!R:2]-[O&D2&v2&H0&+0&!R:3]>>[O&D1&v2&H1&+0&!R:3].[P&D4&v5&H0&+0&!R:2]-[O&D1&v2&H1&+0&!R:1]	PHOSPHATE_ACCEPTOR_CoF;Pi
149_12	WATER;PHOSPHATE_DONOR_CoF	[O&D0&v2&H2&+0&!R:1].[P&D4&v5&H0&+0&!R:2]-[O&D2&v2&H0&+0&!R:3]>>[O&D1&v2&H1&+0&!R:3].[P&D4&v5&H0&+0&!R:2]-[O&D1&v2&H1&+0&!R:1]	Pi;PHOSPHATE_ACCEPTOR_CoF
149_13	WATER;PPI	[O&D0&v2&H2&+0&!R:1].[P&D4&v5&H0&+0&!R:2]-[O&D2&v2&H0&+0&!R:3]>>[O&D1&v2&H1&+0&!R:3].[P&D4&v5&H0&+0&!R:2]-[O&D1&v2&H1&+0&!R:1]	Pi;Pi
149_14	WATER;PYROPHOSPHATE_DONOR_CoF	[O&D0&v2&H2&+0&!R:1].[P&D4&v5&H0&+0&!R:2]-[O&D2&v2&H0&+0&!R:3]>>[O&D1&v2&H1&+0&!R:3].[P&D4&v5&H0&+0&!R:2]-[O&D1&v2&H1&+0&!R:1]	PPI;PYROPHOSPHATE_ACCEPTOR_CoF
149_15	WATER;SULFATE_DONOR_CoF	[O&D0&v2&H2&+0&!R:1].[P&D4&v5&H0&+0&!R:2]-[O&D2&v2&H0&+0&!R:3]>>[O&D1&v2&H1&+0&!R:3].[P&D4&v5&H0&+0&!R:2]-[O&D1&v2&H1&+0&!R:1]	SULFATE;SULFATE_ACCEPTOR_CoF
1296_0	Any;H2O2	[C&D2&v4&H2&+0&!R&z0:1].[O&D1&v2&H1&+0&!R:2]-[O&D1&v2&H1&+0&!R:3]>>[C&D3&v4&H1&+0&!R&z1:1]-[O&D1&v2&H1&+0&!R:2].[O&D0&v2&H2&+0&!R:3]	Any;WATER
52_0	Any;WATER	[C&D3&v4&H1&+0&R&z1:1]-[O&D2&v2&H0&+0&!R:2].[O&D0&v2&H2&+0&!R:3]>>[C&D3&v4&H1&+0&R&z1:1]-[O&D1&v2&H1&+0&!R:3].[O&D1&v2&H1&+0&!R:2]	Any;Any
52_1	Any;WATER	[C&D3&v4&H1&+0&R&z1:1]-[O&D2&v2&H0&+0&!R:2].[O&D0&v2&H2&+0&!R:3]>>[C&D3&v4&H1&+0&R&z1:1]-[O&D1&v2&H1&+0&!R:3].[O&D1&v2&H1&+0&!R:2]	Any;PPI
52_2	Any;WATER	[C&D3&v4&H1&+0&R&z1:1]-[O&D2&v2&H0&+0&!R:2].[O&D0&v2&H2&+0&!R:3]>>[C&D3&v4&H1&+0&R&z1:1]-[O&D1&v2&H1&+0&!R:3].[O&D1&v2&H1&+0&!R:2]	Any;Pi
52_3	Any;WATER	[C&D3&v4&H1&+0&R&z1:1]-[O&D2&v2&H0&+0&!R:2].[O&D0&v2&H2&+0&!R:3]>>[C&D3&v4&H1&+0&R&z1:1]-[O&D1&v2&H1&+0&!R:3].[O&D1&v2&H1&+0&!R:2]	Any;SULFATE
52_4	PHOSPHATE_DONOR_CoF;WATER	[C&D3&v4&H1&+0&R&z1:1]-[O&D2&v2&H0&+0&!R:2].[O&D0&v2&H2&+0&!R:3]>>[C&D3&v4&H1&+0&R&z1:1]-[O&D1&v2&H1&+0&!R:3].[O&D1&v2&H1&+0&!R:2]	PHOSPHATE_ACCEPTOR_CoF;Pi
52_5	PYROPHOSPHATE_DONOR_CoF;WATER	[C&D3&v4&H1&+0&R&z1:1]-[O&D2&v2&H0&+0&!R:2].[O&D0&v2&H2&+0&!R:3]>>[C&D3&v4&H1&+0&R&z1:1]-[O&D1&v2&H1&+0&!R:3].[O&D1&v2&H1&+0&!R:2]	PYROPHOSPHATE_ACCEPTOR_CoF;PPI
1357_0	Any;WATER	[C&D1&v4&H3&+0&!R&z1:1]-[O&D2&v2&H0&+0&!R:2]-[C&D3&v4&H0&+0&!R&z3:3]-[N&D2&v3&H1&+0&!R:4].[O&D0&v2&H2&+0&!R:5]>>[C&D1&v4&H3&+0&!R&z1:1]-[O&D1&v2&H1&+0&!R:5].[N&D1&v3&H2&+0&!R:4].[O&D1&v2&H0&+0&!R:2]=[C&D2&v4&H0&+0&!R&z2:3]	Any;Any;CO2
67_0	Any;Any	[O&D1&v2&H1&+0&!R:1].[O&D2&v2&H0&+0&!R:2]-[C&D2&v4&H2&+0&!R&z1:3]>>[O&D1&v2&H1&+0&!R:2].[O&D2&v2&H0&+0&!R:1]-[C&D2&v4&H2&+0&!R&z1:3]	Any;Any
40_0	Any;Any	[C&D2&v4&H2&+0&!R&z1:1]-[O&D1&v2&H1&+0&!R:2].[O&D1&v2&H1&+0&!R:3]>>[C&D2&v4&H2&+0&!R&z1:1]-[O&D2&v2&H0&+0&!R:3].[O&D0&v2&H2&+0&!R:2]	Any;WATER
40_1	Any;PPI	[C&D2&v4&H2&+0&!R&z1:1]-[O&D1&v2&H1&+0&!R:2].[O&D1&v2&H1&+0&!R:3]>>[C&D2&v4&H2&+0&!R&z1:1]-[O&D2&v2&H0&+0&!R:3].[O&D0&v2&H2&+0&!R:2]	Any;WATER
40_2	Any;PRENYL_ACCEPTOR_CoF	[C&D2&v4&H2&+0&!R&z1:1]-[O&D1&v2&H1&+0&!R:2].[O&D1&v2&H1&+0&!R:3]>>[C&D2&v4&H2&+0&!R&z1:1]-[O&D2&v2&H0&+0&!R:3].[O&D0&v2&H2&+0&!R:2]	PRENYL_DONOR_CoF;WATER
40_3	Any;Pi	[C&D2&v4&H2&+0&!R&z1:1]-[O&D1&v2&H1&+0&!R:2].[O&D1&v2&H1&+0&!R:3]>>[C&D2&v4&H2&+0&!R&z1:1]-[O&D2&v2&H0&+0&!R:3].[O&D0&v2&H2&+0&!R:2]	Any;WATER
40_4	Any;SULFATE	[C&D2&v4&H2&+0&!R&z1:1]-[O&D1&v2&H1&+0&!R:2].[O&D1&v2&H1&+0&!R:3]>>[C&D2&v4&H2&+0&!R&z1:1]-[O&D2&v2&H0&+0&!R:3].[O&D0&v2&H2&+0&!R:2]	Any;WATER
40_5	PHOSPHATE_ACCEPTOR_CoF;Pi	[C&D2&v4&H2&+0&!R&z1:1]-[O&D1&v2&H1&+0&!R:2].[O&D1&v2&H1&+0&!R:3]>>[C&D2&v4&H2&+0&!R&z1:1]-[O&D2&v2&H0&+0&!R:3].[O&D0&v2&H2&+0&!R:2]	PHOSPHATE_DONOR_CoF;WATER
40_6	PYROPHOSPHATE_ACCEPTOR_CoF;PPI	[C&D2&v4&H2&+0&!R&z1:1]-[O&D1&v2&H1&+0&!R:2].[O&D1&v2&H1&+0&!R:3]>>[C&D2&v4&H2&+0&!R&z1:1]-[O&D2&v2&H0&+0&!R:3].[O&D0&v2&H2&+0&!R:2]	PYROPHOSPHATE_DONOR_CoF;WATER
38_0	Any;Any	[C&D2&v4&H2&+0&!R&z1:1]-[O&D2&v2&H0&+0&!R:2].[P&D4&v5&H0&+0&!R:3]-[O&D1&v2&H1&+0&!R:4]>>[C&D2&v4&H2&+0&!R&z1:1]-[O&D1&v2&H1&+0&!R:4].[P&D4&v5&H0&+0&!R:3]-[O&D2&v2&H0&+0&!R:2]	Any;ACETYL-COA
38_1	Any;Any	[C&D2&v4&H2&+0&!R&z1:1]-[O&D2&v2&H0&+0&!R:2].[P&D4&v5&H0&+0&!R:3]-[O&D1&v2&H1&+0&!R:4]>>[C&D2&v4&H2&+0&!R&z1:1]-[O&D1&v2&H1&+0&!R:4].[P&D4&v5&H0&+0&!R:3]-[O&D2&v2&H0&+0&!R:2]	Any;Any
38_2	Any;Any	[C&D2&v4&H2&+0&!R&z1:1]-[O&D2&v2&H0&+0&!R:2].[P&D4&v5&H0&+0&!R:3]-[O&D1&v2&H1&+0&!R:4]>>[C&D2&v4&H2&+0&!R&z1:1]-[O&D1&v2&H1&+0&!R:4].[P&D4&v5&H0&+0&!R:3]-[O&D2&v2&H0&+0&!R:2]	Any;CoA
38_3	Any;PHOSPHATE_ACCEPTOR_CoF	[C&D2&v4&H2&+0&!R&z1:1]-[O&D2&v2&H0&+0&!R:2].[P&D4&v5&H0&+0&!R:3]-[O&D1&v2&H1&+0&!R:4]>>[C&D2&v4&H2&+0&!R&z1:1]-[O&D1&v2&H1&+0&!R:4].[P&D4&v5&H0&+0&!R:3]-[O&D2&v2&H0&+0&!R:2]	Any;PHOSPHATE_DONOR_CoF
38_4	Any;PPI	[C&D2&v4&H2&+0&!R&z1:1]-[O&D2&v2&H0&+0&!R:2].[P&D4&v5&H0&+0&!R:3]-[O&D1&v2&H1&+0&!R:4]>>[C&D2&v4&H2&+0&!R&z1:1]-[O&D1&v2&H1&+0&!R:4].[P&D4&v5&H0&+0&!R:3]-[O&D2&v2&H0&+0&!R:2]	Any;Any
38_5	Any;PYROPHOSPHATE_ACCEPTOR_CoF	[C&D2&v4&H2&+0&!R&z1:1]-[O&D2&v2&H0&+0&!R:2].[P&D4&v5&H0&+0&!R:3]-[O&D1&v2&H1&+0&!R:4]>>[C&D2&v4&H2&+0&!R&z1:1]-[O&D1&v2&H1&+0&!R:4].[P&D4&v5&H0&+0&!R:3]-[O&D2&v2&H0&+0&!R:2]	Any;PYROPHOSPHATE_DONOR_CoF
38_6	Any;Pi	[C&D2&v4&H2&+0&!R&z1:1]-[O&D2&v2&H0&+0&!R:2].[P&D4&v5&H0&+0&!R:3]-[O&D1&v2&H1&+0&!R:4]>>[C&D2&v4&H2&+0&!R&z1:1]-[O&D1&v2&H1&+0&!R:4].[P&D4&v5&H0&+0&!R:3]-[O&D2&v2&H0&+0&!R:2]	Any;Any
38_7	Any;Pi	[C&D2&v4&H2&+0&!R&z1:1]-[O&D2&v2&H0&+0&!R:2].[P&D4&v5&H0&+0&!R:3]-[O&D1&v2&H1&+0&!R:4]>>[C&D2&v4&H2&+0&!R&z1:1]-[O&D1&v2&H1&+0&!R:4].[P&D4&v5&H0&+0&!R:3]-[O&D2&v2&H0&+0&!R:2]	Any;PPI
38_8	Any;SULFATE_ACCEPTOR_CoF	[C&D2&v4&H2&+0&!R&z1:1]-[O&D2&v2&H0&+0&!R:2].[P&D4&v5&H0&+0&!R:3]-[O&D1&v2&H1&+0&!R:4]>>[C&D2&v4&H2&+0&!R&z1:1]-[O&D1&v2&H1&+0&!R:4].[P&D4&v5&H0&+0&!R:3]-[O&D2&v2&H0&+0&!R:2]	Any;SULFATE_DONOR_CoF
38_9	PHOSPHATE_DONOR_CoF;PHOSPHATE_ACCEPTOR_CoF	[C&D2&v4&H2&+0&!R&z1:1]-[O&D2&v2&H0&+0&!R:2].[P&D4&v5&H0&+0&!R:3]-[O&D1&v2&H1&+0&!R:4]>>[C&D2&v4&H2&+0&!R&z1:1]-[O&D1&v2&H1&+0&!R:4].[P&D4&v5&H0&+0&!R:3]-[O&D2&v2&H0&+0&!R:2]	PHOSPHATE_ACCEPTOR_CoF;PHOSPHATE_DONOR_CoF
38_10	PYROPHOSPHATE_ACCEPTOR_CoF;PYROPHOSPHATE_DONOR_CoF	[C&D2&v4&H2&+0&!R&z1:1]-[O&D2&v2&H0&+0&!R:2].[P&D4&v5&H0&+0&!R:3]-[O&D1&v2&H1&+0&!R:4]>>[C&D2&v4&H2&+0&!R&z1:1]-[O&D1&v2&H1&+0&!R:4].[P&D4&v5&H0&+0&!R:3]-[O&D2&v2&H0&+0&!R:2]	PYROPHOSPHATE_ACCEPTOR_CoF;PYROPHOSPHATE_DONOR_CoF
401_0	Any;O2;Any	[C&D3&v4&H0&+0&!R&z1:1]-[C&D3&v4&H0&+0&!R&z2:2]-[O&D1&v2&H1&+0&!R:3].[O&D1&v2&H0&+0&!R:4]=[O&D1&v2&H0&+0&!R:5].[O&D2&v2&H0&+0&!R:6]-[C&D1&v4&H3&+0&!R&z1:7]>>[C&D1&v4&H2&+0&!R&z1:7]=[O&D1&v2&H0&+0&!R:5].[C&D3&v4&H0&+0&!R&z2:1]-[O&D1&v2&H1&+0&!R:4].[O&D1&v2&H0&+0&!R:3]=[C&D2&v4&H0&+0&!R&z2:2].[O&D1&v2&H1&+0&!R:6]	Any;Any;CO2;Any
350_0	WATER;Any;Any	[O&D0&v2&H2&+0&!R:1].[O&D1&v2&H1&+0&!R:2].[S&D2&v2&H0&+0&!R:3]-[S&D2&v2&H0&+0&!R:4]>>[O&D2&v2&H0&+0&!R:2]-[O&D1&v2&H1&+0&!R:1].[S&D1&v2&H1&+0&!R:3].[S&D1&v2&H1&+0&!R:4]	Any;Any;Any
90_0	Any;Any	[C&D3&v4&H1&+0&!R&z1:1]-[O&D1&v2&H1&+0&!R:2].[c&D3&v4&H0&+0&R&z0:3]1:[c&D2&v4&H1&+0&R&z0:4]:[c&D2&v4&H1&+0&R&z0:5]:[c&D2&v4&H1&+0&R&z1:6]:[n&D3&v4&H0&+&R:7]:[c&D2&v4&H1&+0&R&z1:8]:1>>[C&D3&v4&H0&+0&!R&z1:1]=[O&D1&v2&H0&+0&!R:2].[C&D3&v4&H0&+0&R&z0:3]1=[C&D2&v4&H1&+0&R&z1:8]-[N&D3&v3&H0&+0&R:7]-[C&D2&v4&H1&+0&R&z1:6]=[C&D2&v4&H1&+0&R&z0:5]-[C&D2&v4&H2&+0&R&z0:4]-1	Any;Any
90_1	Any;NAD_CoF	[C&D3&v4&H1&+0&!R&z1:1]-[O&D1&v2&H1&+0&!R:2].[c&D3&v4&H0&+0&R&z0:3]1:[c&D2&v4&H1&+0&R&z0:4]:[c&D2&v4&H1&+0&R&z0:5]:[c&D2&v4&H1&+0&R&z1:6]:[n&D3&v4&H0&+&R:7]:[c&D2&v4&H1&+0&R&z1:8]:1>>[C&D3&v4&H0&+0&!R&z1:1]=[O&D1&v2&H0&+0&!R:2].[C&D3&v4&H0&+0&R&z0:3]1=[C&D2&v4&H1&+0&R&z1:8]-[N&D3&v3&H0&+0&R:7]-[C&D2&v4&H1&+0&R&z1:6]=[C&D2&v4&H1&+0&R&z0:5]-[C&D2&v4&H2&+0&R&z0:4]-1	Any;NADH_CoF
578_0	Any;Any	[C&D2&v4&H1&+0&!R&z0:1]-[C&D2&v4&H2&+0&!R&z1:2]-[O&D1&v2&H1&+0&!R:3].[c&D3&v4&H0&+0&R&z0:4]1:[c&D2&v4&H1&+0&R&z0:5]:[c&D2&v4&H1&+0&R&z0:6]:[c&D2&v4&H1&+0&R&z1:7]:[n&D3&v4&H0&+&R:8]:[c&D2&v4&H1&+0&R&z1:9]:1>>[C&D2&v4&H1&+0&!R&z0:1]-[C&D2&v4&H1&+0&!R&z1:2]=[O&D1&v2&H0&+0&!R:3].[C&D3&v4&H0&+0&R&z0:4]1=[C&D2&v4&H1&+0&R&z1:9]-[N&D3&v3&H0&+0&R:8]-[C&D2&v4&H1&+0&R&z1:7]=[C&D2&v4&H1&+0&R&z0:6]-[C&D2&v4&H2&+0&R&z0:5]-1	Any;Any
578_1	Any;NAD_CoF	[C&D2&v4&H1&+0&!R&z0:1]-[C&D2&v4&H2&+0&!R&z1:2]-[O&D1&v2&H1&+0&!R:3].[c&D3&v4&H0&+0&R&z0:4]1:[c&D2&v4&H1&+0&R&z0:5]:[c&D2&v4&H1&+0&R&z0:6]:[c&D2&v4&H1&+0&R&z1:7]:[n&D3&v4&H0&+&R:8]:[c&D2&v4&H1&+0&R&z1:9]:1>>[C&D2&v4&H1&+0&!R&z0:1]-[C&D2&v4&H1&+0&!R&z1:2]=[O&D1&v2&H0&+0&!R:3].[C&D3&v4&H0&+0&R&z0:4]1=[C&D2&v4&H1&+0&R&z1:9]-[N&D3&v3&H0&+0&R:8]-[C&D2&v4&H1&+0&R&z1:7]=[C&D2&v4&H1&+0&R&z0:6]-[C&D2&v4&H2&+0&R&z0:5]-1	Any;NADH_CoF
103_0	Any;Any	[C&D2&v4&H2&+0&!R&z1:1]-[O&D2&v2&H0&+0&!R:2].[c&D2&v4&H1&+0&R&z0:3]>>[O&D1&v2&H1&+0&!R:2].[c&D3&v4&H0&+0&R&z0:3]-[C&D2&v4&H2&+0&!R&z0:1]	Any;Any
103_1	Any;Any	[C&D2&v4&H2&+0&!R&z1:1]-[O&D2&v2&H0&+0&!R:2].[c&D2&v4&H1&+0&R&z0:3]>>[O&D1&v2&H1&+0&!R:2].[c&D3&v4&H0&+0&R&z0:3]-[C&D2&v4&H2&+0&!R&z0:1]	PPI;Any
103_2	PRENYL_DONOR_CoF;Any	[C&D2&v4&H2&+0&!R&z1:1]-[O&D2&v2&H0&+0&!R:2].[c&D2&v4&H1&+0&R&z0:3]>>[O&D1&v2&H1&+0&!R:2].[c&D3&v4&H0&+0&R&z0:3]-[C&D2&v4&H2&+0&!R&z0:1]	PRENYL_ACCEPTOR_CoF;Any
549_0	Any;PPI	[C&D1&v4&H2&+0&!R&z0:1]=[C&D2&v4&H1&+0&!R&z0:2]-[C&D4&v4&H0&+0&!R&z1:3]-[O&D1&v2&H1&+0&!R:4].[O&D1&v2&H1&+0&!R:5]>>[C&D3&v4&H0&+0&!R&z0:3]=[C&D2&v4&H1&+0&!R&z0:2]-[C&D2&v4&H2&+0&!R&z1:1]-[O&D2&v2&H0&+0&!R:5].[O&D0&v2&H2&+0&!R:4]	Any;WATER
224_0	Any;Any	[C&D3&v4&H0&+0&!R&z2:1](=[O&D1&v2&H0&+0&!R:2])-[O&D1&v2&H1&+0&!R:3].[N&D1&v3&H2&+0&!R:4]>>[C&D3&v4&H0&+0&!R&z2:1](=[O&D1&v2&H0&+0&!R:2])-[N&D2&v3&H1&+0&!R:4].[O&D0&v2&H2&+0&!R:3]	Any;WATER
84_0	Any;Any	[O&D1&v2&H1&+0&!R:1].[O&D2&v2&H0&+0&!R:2]-[C&D3&v4&H0&+0&!R&z2:3]>>[C&D3&v4&H0&+0&!R&z2:3]-[O&D2&v2&H0&+0&!R:1].[O&D1&v2&H1&+0&!R:2]	Any;Any
292_0	Any;CO2;Any	[C&D2&v4&H2&+0&!R&z0:1]-[C&D3&v4&H0&+0&!R&z1:2].[O&D1&v2&H0&+0&!R:3]=[C&D2&v4&H0&+0&!R&z2:4].[S&D1&v2&H1&+0&!R:5]>>[C&D2&v4&H2&+0&!R&z0:1]-[C&D3&v4&H0&+0&!R&z2:4]-[O&D1&v2&H1&+0&!R:3].[S&D2&v2&H0&+0&!R:5]-[C&D3&v4&H0&+0&!R&z2:2]	Any;Any
292_1	Any;CO2;CoA	[C&D2&v4&H2&+0&!R&z0:1]-[C&D3&v4&H0&+0&!R&z1:2].[O&D1&v2&H0&+0&!R:3]=[C&D2&v4&H0&+0&!R&z2:4].[S&D1&v2&H1&+0&!R:5]>>[C&D2&v4&H2&+0&!R&z0:1]-[C&D3&v4&H0&+0&!R&z2:4]-[O&D1&v2&H1&+0&!R:3].[S&D2&v2&H0&+0&!R:5]-[C&D3&v4&H0&+0&!R&z2:2]	Any;ACETYL-COA
292_2	Any;CO2;CoA	[C&D2&v4&H2&+0&!R&z0:1]-[C&D3&v4&H0&+0&!R&z1:2].[O&D1&v2&H0&+0&!R:3]=[C&D2&v4&H0&+0&!R&z2:4].[S&D1&v2&H1&+0&!R:5]>>[C&D2&v4&H2&+0&!R&z0:1]-[C&D3&v4&H0&+0&!R&z2:4]-[O&D1&v2&H1&+0&!R:3].[S&D2&v2&H0&+0&!R:5]-[C&D3&v4&H0&+0&!R&z2:2]	Any;Any
37_0	Any;ACETYL-COA	[C&D2&v4&H2&+0&!R&z1:1]-[O&D1&v2&H1&+0&!R:2].[P&D4&v5&H0&+0&!R:3]-[O&D2&v2&H0&+0&!R:4]>>[C&D2&v4&H2&+0&!R&z1:1]-[O&D2&v2&H0&+0&!R:4].[P&D4&v5&H0&+0&!R:3]-[O&D1&v2&H1&+0&!R:2]	Any;Any
37_1	Any;Any	[C&D2&v4&H2&+0&!R&z1:1]-[O&D1&v2&H1&+0&!R:2].[P&D4&v5&H0&+0&!R:3]-[O&D2&v2&H0&+0&!R:4]>>[C&D2&v4&H2&+0&!R&z1:1]-[O&D2&v2&H0&+0&!R:4].[P&D4&v5&H0&+0&!R:3]-[O&D1&v2&H1&+0&!R:2]	Any;Any
37_2	Any;Any	[C&D2&v4&H2&+0&!R&z1:1]-[O&D1&v2&H1&+0&!R:2].[P&D4&v5&H0&+0&!R:3]-[O&D2&v2&H0&+0&!R:4]>>[C&D2&v4&H2&+0&!R&z1:1]-[O&D2&v2&H0&+0&!R:4].[P&D4&v5&H0&+0&!R:3]-[O&D1&v2&H1&+0&!R:2]	Any;PPI
37_3	Any;Any	[C&D2&v4&H2&+0&!R&z1:1]-[O&D1&v2&H1&+0&!R:2].[P&D4&v5&H0&+0&!R:3]-[O&D2&v2&H0&+0&!R:4]>>[C&D2&v4&H2&+0&!R&z1:1]-[O&D2&v2&H0&+0&!R:4].[P&D4&v5&H0&+0&!R:3]-[O&D1&v2&H1&+0&!R:2]	Any;Pi
37_4	Any;CoA	[C&D2&v4&H2&+0&!R&z1:1]-[O&D1&v2&H1&+0&!R:2].[P&D4&v5&H0&+0&!R:3]-[O&D2&v2&H0&+0&!R:4]>>[C&D2&v4&H2&+0&!R&z1:1]-[O&D2&v2&H0&+0&!R:4].[P&D4&v5&H0&+0&!R:3]-[O&D1&v2&H1&+0&!R:2]	Any;Any
37_5	Any;GLUCOSYL_DONOR_CoF	[C&D2&v4&H2&+0&!R&z1:1]-[O&D1&v2&H1&+0&!R:2].[P&D4&v5&H0&+0&!R:3]-[O&D2&v2&H0&+0&!R:4]>>[C&D2&v4&H2&+0&!R&z1:1]-[O&D2&v2&H0&+0&!R:4].[P&D4&v5&H0&+0&!R:3]-[O&D1&v2&H1&+0&!R:2]	Any;GLUCOSYL_ACCEPTOR_CoF
37_6	Any;PHOSPHATE_DONOR_CoF	[C&D2&v4&H2&+0&!R&z1:1]-[O&D1&v2&H1&+0&!R:2].[P&D4&v5&H0&+0&!R:3]-[O&D2&v2&H0&+0&!R:4]>>[C&D2&v4&H2&+0&!R&z1:1]-[O&D2&v2&H0&+0&!R:4].[P&D4&v5&H0&+0&!R:3]-[O&D1&v2&H1&+0&!R:2]	Any;PHOSPHATE_ACCEPTOR_CoF
37_7	Any;PPI	[C&D2&v4&H2&+0&!R&z1:1]-[O&D1&v2&H1&+0&!R:2].[P&D4&v5&H0&+0&!R:3]-[O&D2&v2&H0&+0&!R:4]>>[C&D2&v4&H2&+0&!R&z1:1]-[O&D2&v2&H0&+0&!R:4].[P&D4&v5&H0&+0&!R:3]-[O&D1&v2&H1&+0&!R:2]	Any;Pi
37_8	Any;PYROPHOSPHATE_DONOR_CoF	[C&D2&v4&H2&+0&!R&z1:1]-[O&D1&v2&H1&+0&!R:2].[P&D4&v5&H0&+0&!R:3]-[O&D2&v2&H0&+0&!R:4]>>[C&D2&v4&H2&+0&!R&z1:1]-[O&D2&v2&H0&+0&!R:4].[P&D4&v5&H0&+0&!R:3]-[O&D1&v2&H1&+0&!R:2]	Any;PYROPHOSPHATE_ACCEPTOR_CoF
37_9	Any;SULFATE_DONOR_CoF	[C&D2&v4&H2&+0&!R&z1:1]-[O&D1&v2&H1&+0&!R:2].[P&D4&v5&H0&+0&!R:3]-[O&D2&v2&H0&+0&!R:4]>>[C&D2&v4&H2&+0&!R&z1:1]-[O&D2&v2&H0&+0&!R:4].[P&D4&v5&H0&+0&!R:3]-[O&D1&v2&H1&+0&!R:2]	Any;SULFATE_ACCEPTOR_CoF
37_10	PHOSPHATE_ACCEPTOR_CoF;PHOSPHATE_DONOR_CoF	[C&D2&v4&H2&+0&!R&z1:1]-[O&D1&v2&H1&+0&!R:2].[P&D4&v5&H0&+0&!R:3]-[O&D2&v2&H0&+0&!R:4]>>[C&D2&v4&H2&+0&!R&z1:1]-[O&D2&v2&H0&+0&!R:4].[P&D4&v5&H0&+0&!R:3]-[O&D1&v2&H1&+0&!R:2]	PHOSPHATE_ACCEPTOR_CoF;PHOSPHATE_DONOR_CoF
37_11	PHOSPHATE_ACCEPTOR_CoF;PHOSPHATE_DONOR_CoF	[C&D2&v4&H2&+0&!R&z1:1]-[O&D1&v2&H1&+0&!R:2].[P&D4&v5&H0&+0&!R:3]-[O&D2&v2&H0&+0&!R:4]>>[C&D2&v4&H2&+0&!R&z1:1]-[O&D2&v2&H0&+0&!R:4].[P&D4&v5&H0&+0&!R:3]-[O&D1&v2&H1&+0&!R:2]	PHOSPHATE_DONOR_CoF;PHOSPHATE_ACCEPTOR_CoF
335_0	Any;O2;Any	[C&D3&v4&H0&+0&R&z0:1]1=[C&D2&v4&H1&+0&R&z1:2]-[N&D3&v3&H0&+0&R:3]-[C&D2&v4&H1&+0&R&z1:4]=[C&D2&v4&H1&+0&R&z0:5]-[C&D2&v4&H2&+0&R&z0:6]-1.[O&D1&v2&H0&+0&!R:7]=[O&D1&v2&H0&+0&!R:8].[c&D2&v4&H1&+0&R&z0:9]>>[O&D0&v2&H2&+0&!R:8].[c&D3&v4&H0&+0&R&z0:1]1:[c&D2&v4&H1&+0&R&z0:6]:[c&D2&v4&H1&+0&R&z0:5]:[c&D2&v4&H1&+0&R&z1:4]:[n&D3&v4&H0&+&R:3]:[c&D2&v4&H1&+0&R&z1:2]:1.[c&D3&v4&H0&+0&R&z1:9]-[O&D1&v2&H1&+0&!R:7]	WATER;Any;Any
335_1	NADH_CoF;O2;Any	[C&D3&v4&H0&+0&R&z0:1]1=[C&D2&v4&H1&+0&R&z1:2]-[N&D3&v3&H0&+0&R:3]-[C&D2&v4&H1&+0&R&z1:4]=[C&D2&v4&H1&+0&R&z0:5]-[C&D2&v4&H2&+0&R&z0:6]-1.[O&D1&v2&H0&+0&!R:7]=[O&D1&v2&H0&+0&!R:8].[c&D2&v4&H1&+0&R&z0:9]>>[O&D0&v2&H2&+0&!R:8].[c&D3&v4&H0&+0&R&z0:1]1:[c&D2&v4&H1&+0&R&z0:6]:[c&D2&v4&H1&+0&R&z0:5]:[c&D2&v4&H1&+0&R&z1:4]:[n&D3&v4&H0&+&R:3]:[c&D2&v4&H1&+0&R&z1:2]:1.[c&D3&v4&H0&+0&R&z1:9]-[O&D1&v2&H1&+0&!R:7]	WATER;NAD_CoF;Any
20_0	Any;WATER	[N&D2&v3&H1&+0&!R:1]-[C&D2&v4&H1&+0&!R&z2:2].[O&D0&v2&H2&+0&!R:3]>>[C&D2&v4&H1&+0&!R&z2:2]-[O&D1&v2&H1&+0&!R:3].[N&D1&v3&H2&+0&!R:1]	Any;Any
20_1	FORMYL_DONOR_CoF;WATER	[N&D2&v3&H1&+0&!R:1]-[C&D2&v4&H1&+0&!R&z2:2].[O&D0&v2&H2&+0&!R:3]>>[C&D2&v4&H1&+0&!R&z2:2]-[O&D1&v2&H1&+0&!R:3].[N&D1&v3&H2&+0&!R:1]	Any;FORMYL_ACCEPTOR_CoF
48_0	Any;Any	[C&D3&v4&H1&+0&R&z1:1]-[O&D1&v2&H1&+0&!R:2].[P&D4&v5&H0&+0&!R:3]-[O&D2&v2&H0&+0&!R:4]>>[C&D3&v4&H1&+0&R&z1:1]-[O&D2&v2&H0&+0&!R:4].[P&D4&v5&H0&+0&!R:3]-[O&D1&v2&H1&+0&!R:2]	Any;Any
48_1	Any;Any	[C&D3&v4&H1&+0&R&z1:1]-[O&D1&v2&H1&+0&!R:2].[P&D4&v5&H0&+0&!R:3]-[O&D2&v2&H0&+0&!R:4]>>[C&D3&v4&H1&+0&R&z1:1]-[O&D2&v2&H0&+0&!R:4].[P&D4&v5&H0&+0&!R:3]-[O&D1&v2&H1&+0&!R:2]	Any;PPI
48_2	Any;Any	[C&D3&v4&H1&+0&R&z1:1]-[O&D1&v2&H1&+0&!R:2].[P&D4&v5&H0&+0&!R:3]-[O&D2&v2&H0&+0&!R:4]>>[C&D3&v4&H1&+0&R&z1:1]-[O&D2&v2&H0&+0&!R:4].[P&D4&v5&H0&+0&!R:3]-[O&D1&v2&H1&+0&!R:2]	Any;Pi
48_3	Any;Any	[C&D3&v4&H1&+0&R&z1:1]-[O&D1&v2&H1&+0&!R:2].[P&D4&v5&H0&+0&!R:3]-[O&D2&v2&H0&+0&!R:4]>>[C&D3&v4&H1&+0&R&z1:1]-[O&D2&v2&H0&+0&!R:4].[P&D4&v5&H0&+0&!R:3]-[O&D1&v2&H1&+0&!R:2]	CoA;Any
48_4	Any;GLUCOSYL_DONOR_CoF	[C&D3&v4&H1&+0&R&z1:1]-[O&D1&v2&H1&+0&!R:2].[P&D4&v5&H0&+0&!R:3]-[O&D2&v2&H0&+0&!R:4]>>[C&D3&v4&H1&+0&R&z1:1]-[O&D2&v2&H0&+0&!R:4].[P&D4&v5&H0&+0&!R:3]-[O&D1&v2&H1&+0&!R:2]	Any;GLUCOSYL_ACCEPTOR_CoF
48_5	Any;PHOSPHATE_DONOR_CoF	[C&D3&v4&H1&+0&R&z1:1]-[O&D1&v2&H1&+0&!R:2].[P&D4&v5&H0&+0&!R:3]-[O&D2&v2&H0&+0&!R:4]>>[C&D3&v4&H1&+0&R&z1:1]-[O&D2&v2&H0&+0&!R:4].[P&D4&v5&H0&+0&!R:3]-[O&D1&v2&H1&+0&!R:2]	Any;PHOSPHATE_ACCEPTOR_CoF
48_6	Any;PHOSPHATE_DONOR_CoF	[C&D3&v4&H1&+0&R&z1:1]-[O&D1&v2&H1&+0&!R:2].[P&D4&v5&H0&+0&!R:3]-[O&D2&v2&H0&+0&!R:4]>>[C&D3&v4&H1&+0&R&z1:1]-[O&D2&v2&H0&+0&!R:4].[P&D4&v5&H0&+0&!R:3]-[O&D1&v2&H1&+0&!R:2]	CoA;PHOSPHATE_ACCEPTOR_CoF
48_7	Any;PRENYL_DONOR_CoF	[C&D3&v4&H1&+0&R&z1:1]-[O&D1&v2&H1&+0&!R:2].[P&D4&v5&H0&+0&!R:3]-[O&D2&v2&H0&+0&!R:4]>>[C&D3&v4&H1&+0&R&z1:1]-[O&D2&v2&H0&+0&!R:4].[P&D4&v5&H0&+0&!R:3]-[O&D1&v2&H1&+0&!R:2]	Any;PRENYL_ACCEPTOR_CoF
48_8	Any;SULFATE_DONOR_CoF	[C&D3&v4&H1&+0&R&z1:1]-[O&D1&v2&H1&+0&!R:2].[P&D4&v5&H0&+0&!R:3]-[O&D2&v2&H0&+0&!R:4]>>[C&D3&v4&H1&+0&R&z1:1]-[O&D2&v2&H0&+0&!R:4].[P&D4&v5&H0&+0&!R:3]-[O&D1&v2&H1&+0&!R:2]	Any;SULFATE_ACCEPTOR_CoF
48_9	PYROPHOSPHATE_ACCEPTOR_CoF;PYROPHOSPHATE_DONOR_CoF	[C&D3&v4&H1&+0&R&z1:1]-[O&D1&v2&H1&+0&!R:2].[P&D4&v5&H0&+0&!R:3]-[O&D2&v2&H0&+0&!R:4]>>[C&D3&v4&H1&+0&R&z1:1]-[O&D2&v2&H0&+0&!R:4].[P&D4&v5&H0&+0&!R:3]-[O&D1&v2&H1&+0&!R:2]	PYROPHOSPHATE_DONOR_CoF;PYROPHOSPHATE_ACCEPTOR_CoF
48_10	PYROPHOSPHATE_DONOR_CoF;PYROPHOSPHATE_DONOR_CoF	[C&D3&v4&H1&+0&R&z1:1]-[O&D1&v2&H1&+0&!R:2].[P&D4&v5&H0&+0&!R:3]-[O&D2&v2&H0&+0&!R:4]>>[C&D3&v4&H1&+0&R&z1:1]-[O&D2&v2&H0&+0&!R:4].[P&D4&v5&H0&+0&!R:3]-[O&D1&v2&H1&+0&!R:2]	PYROPHOSPHATE_DONOR_CoF;PYROPHOSPHATE_ACCEPTOR_CoF
715_0	Any;Any;Any	[C&D3&v4&H0&+0&!R&z2:1](=[O&D1&v2&H0&+0&!R:2])-[O&D1&v2&H1&+0&!R:3].[P&D4&v5&H0&+0&!R:4]-[O&D2&v2&H0&+0&!R:5].[S&D1&v2&H1&+0&!R:6]>>[C&D3&v4&H0&+0&!R&z2:1](=[O&D1&v2&H0&+0&!R:2])-[S&D2&v2&H0&+0&!R:6].[O&D1&v2&H1&+0&!R:5].[P&D4&v5&H0&+0&!R:4]-[O&D1&v2&H1&+0&!R:3]	Any;PPI;Any
715_1	Any;Any;Any	[C&D3&v4&H0&+0&!R&z2:1](=[O&D1&v2&H0&+0&!R:2])-[O&D1&v2&H1&+0&!R:3].[P&D4&v5&H0&+0&!R:4]-[O&D2&v2&H0&+0&!R:5].[S&D1&v2&H1&+0&!R:6]>>[C&D3&v4&H0&+0&!R&z2:1](=[O&D1&v2&H0&+0&!R:2])-[S&D2&v2&H0&+0&!R:6].[O&D1&v2&H1&+0&!R:5].[P&D4&v5&H0&+0&!R:4]-[O&D1&v2&H1&+0&!R:3]	Any;Pi;Any
715_2	Any;Any;CoA	[C&D3&v4&H0&+0&!R&z2:1](=[O&D1&v2&H0&+0&!R:2])-[O&D1&v2&H1&+0&!R:3].[P&D4&v5&H0&+0&!R:4]-[O&D2&v2&H0&+0&!R:5].[S&D1&v2&H1&+0&!R:6]>>[C&D3&v4&H0&+0&!R&z2:1](=[O&D1&v2&H0&+0&!R:2])-[S&D2&v2&H0&+0&!R:6].[O&D1&v2&H1&+0&!R:5].[P&D4&v5&H0&+0&!R:4]-[O&D1&v2&H1&+0&!R:3]	ACETYL-COA;PPI;Any
715_3	Any;Any;CoA	[C&D3&v4&H0&+0&!R&z2:1](=[O&D1&v2&H0&+0&!R:2])-[O&D1&v2&H1&+0&!R:3].[P&D4&v5&H0&+0&!R:4]-[O&D2&v2&H0&+0&!R:5].[S&D1&v2&H1&+0&!R:6]>>[C&D3&v4&H0&+0&!R&z2:1](=[O&D1&v2&H0&+0&!R:2])-[S&D2&v2&H0&+0&!R:6].[O&D1&v2&H1&+0&!R:5].[P&D4&v5&H0&+0&!R:4]-[O&D1&v2&H1&+0&!R:3]	ACETYL-COA;Pi;Any
715_4	Any;Any;CoA	[C&D3&v4&H0&+0&!R&z2:1](=[O&D1&v2&H0&+0&!R:2])-[O&D1&v2&H1&+0&!R:3].[P&D4&v5&H0&+0&!R:4]-[O&D2&v2&H0&+0&!R:5].[S&D1&v2&H1&+0&!R:6]>>[C&D3&v4&H0&+0&!R&z2:1](=[O&D1&v2&H0&+0&!R:2])-[S&D2&v2&H0&+0&!R:6].[O&D1&v2&H1&+0&!R:5].[P&D4&v5&H0&+0&!R:4]-[O&D1&v2&H1&+0&!R:3]	Any;PPI;Any
715_5	Any;Any;CoA	[C&D3&v4&H0&+0&!R&z2:1](=[O&D1&v2&H0&+0&!R:2])-[O&D1&v2&H1&+0&!R:3].[P&D4&v5&H0&+0&!R:4]-[O&D2&v2&H0&+0&!R:5].[S&D1&v2&H1&+0&!R:6]>>[C&D3&v4&H0&+0&!R&z2:1](=[O&D1&v2&H0&+0&!R:2])-[S&D2&v2&H0&+0&!R:6].[O&D1&v2&H1&+0&!R:5].[P&D4&v5&H0&+0&!R:4]-[O&D1&v2&H1&+0&!R:3]	Any;Pi;Any
715_6	Any;PHOSPHATE_DONOR_CoF;Any	[C&D3&v4&H0&+0&!R&z2:1](=[O&D1&v2&H0&+0&!R:2])-[O&D1&v2&H1&+0&!R:3].[P&D4&v5&H0&+0&!R:4]-[O&D2&v2&H0&+0&!R:5].[S&D1&v2&H1&+0&!R:6]>>[C&D3&v4&H0&+0&!R&z2:1](=[O&D1&v2&H0&+0&!R:2])-[S&D2&v2&H0&+0&!R:6].[O&D1&v2&H1&+0&!R:5].[P&D4&v5&H0&+0&!R:4]-[O&D1&v2&H1&+0&!R:3]	Any;Pi;PHOSPHATE_ACCEPTOR_CoF
715_7	Any;PHOSPHATE_DONOR_CoF;CoA	[C&D3&v4&H0&+0&!R&z2:1](=[O&D1&v2&H0&+0&!R:2])-[O&D1&v2&H1&+0&!R:3].[P&D4&v5&H0&+0&!R:4]-[O&D2&v2&H0&+0&!R:5].[S&D1&v2&H1&+0&!R:6]>>[C&D3&v4&H0&+0&!R&z2:1](=[O&D1&v2&H0&+0&!R:2])-[S&D2&v2&H0&+0&!R:6].[O&D1&v2&H1&+0&!R:5].[P&D4&v5&H0&+0&!R:4]-[O&D1&v2&H1&+0&!R:3]	ACETYL-COA;Pi;PHOSPHATE_ACCEPTOR_CoF
715_8	Any;PHOSPHATE_DONOR_CoF;CoA	[C&D3&v4&H0&+0&!R&z2:1](=[O&D1&v2&H0&+0&!R:2])-[O&D1&v2&H1&+0&!R:3].[P&D4&v5&H0&+0&!R:4]-[O&D2&v2&H0&+0&!R:5].[S&D1&v2&H1&+0&!R:6]>>[C&D3&v4&H0&+0&!R&z2:1](=[O&D1&v2&H0&+0&!R:2])-[S&D2&v2&H0&+0&!R:6].[O&D1&v2&H1&+0&!R:5].[P&D4&v5&H0&+0&!R:4]-[O&D1&v2&H1&+0&!R:3]	Any;Pi;PHOSPHATE_ACCEPTOR_CoF
715_9	Any;PYROPHOSPHATE_DONOR_CoF;Any	[C&D3&v4&H0&+0&!R&z2:1](=[O&D1&v2&H0&+0&!R:2])-[O&D1&v2&H1&+0&!R:3].[P&D4&v5&H0&+0&!R:4]-[O&D2&v2&H0&+0&!R:5].[S&D1&v2&H1&+0&!R:6]>>[C&D3&v4&H0&+0&!R&z2:1](=[O&D1&v2&H0&+0&!R:2])-[S&D2&v2&H0&+0&!R:6].[O&D1&v2&H1&+0&!R:5].[P&D4&v5&H0&+0&!R:4]-[O&D1&v2&H1&+0&!R:3]	Any;PPI;PYROPHOSPHATE_ACCEPTOR_CoF
715_10	Any;PYROPHOSPHATE_DONOR_CoF;CoA	[C&D3&v4&H0&+0&!R&z2:1](=[O&D1&v2&H0&+0&!R:2])-[O&D1&v2&H1&+0&!R:3].[P&D4&v5&H0&+0&!R:4]-[O&D2&v2&H0&+0&!R:5].[S&D1&v2&H1&+0&!R:6]>>[C&D3&v4&H0&+0&!R&z2:1](=[O&D1&v2&H0&+0&!R:2])-[S&D2&v2&H0&+0&!R:6].[O&D1&v2&H1&+0&!R:5].[P&D4&v5&H0&+0&!R:4]-[O&D1&v2&H1&+0&!R:3]	ACETYL-COA;PPI;PYROPHOSPHATE_ACCEPTOR_CoF
715_11	Any;PYROPHOSPHATE_DONOR_CoF;CoA	[C&D3&v4&H0&+0&!R&z2:1](=[O&D1&v2&H0&+0&!R:2])-[O&D1&v2&H1&+0&!R:3].[P&D4&v5&H0&+0&!R:4]-[O&D2&v2&H0&+0&!R:5].[S&D1&v2&H1&+0&!R:6]>>[C&D3&v4&H0&+0&!R&z2:1](=[O&D1&v2&H0&+0&!R:2])-[S&D2&v2&H0&+0&!R:6].[O&D1&v2&H1&+0&!R:5].[P&D4&v5&H0&+0&!R:4]-[O&D1&v2&H1&+0&!R:3]	Any;PPI;PYROPHOSPHATE_ACCEPTOR_CoF
2094_0	Any;Any	[O&D1&v2&H1&+0&!R:1].[O&D1&v2&H1&+0&!R:2]-[C&D3&v4&H1&+0&R&z1:3]~[*:4]~[C&D3&v4&H1&+0&R&z1:5]-[O&D1&v2&H1&+0&!R:6]>>[O&D0&v2&H2&+0&!R:6].[O&D2&v2&H0&+0&!R:1]-[C&D3&v4&H1&+0&R&z1:5]~[*:4]~[C&D3&v4&H1&+0&R&z1:3]-[O&D1&v2&H1&+0&!R:2]	WATER;Any
2094_1	Pi;Any	[O&D1&v2&H1&+0&!R:1].[O&D1&v2&H1&+0&!R:2]-[C&D3&v4&H1&+0&R&z1:3]~[*:4]~[C&D3&v4&H1&+0&R&z1:5]-[O&D1&v2&H1&+0&!R:6]>>[O&D0&v2&H2&+0&!R:6].[O&D2&v2&H0&+0&!R:1]-[C&D3&v4&H1&+0&R&z1:5]~[*:4]~[C&D3&v4&H1&+0&R&z1:3]-[O&D1&v2&H1&+0&!R:2]	WATER;Any
1044_0	Any;Any;WATER	[C&D3&v4&H0&+0&R&z0:1]=[C&D3&v4&H0&+0&R&z0:2].[C&D3&v4&H0&+0&R&z1:3](=[O&D1&v2&H0&+0&!R:4])-[C&D3&v4&H0&+0&R&z1:5]=[O&D1&v2&H0&+0&!R:6].[O&D0&v2&H2&+0&!R:7]>>[C&D3&v4&H0&+0&R&z1:3](-[O&D1&v2&H1&+0&!R:4])=[C&D3&v4&H0&+0&R&z1:5]-[O&D1&v2&H1&+0&!R:6].[C&D4&v4&H0&+0&R&z1:1]1-[O&D2&v2&H0&+0&R:7]-[C&D4&v4&H0&+0&R&z1:2]-1	Any;Any
321_0	Any;ACETYL-COA	[C&D2&v4&H2&+0&!R&z0:1]-[C&D3&v4&H0&+0&!R&z2:2]-[O&D1&v2&H1&+0&!R:3].[S&D2&v2&H0&+0&!R:4]-[C&D3&v4&H0&+0&!R&z2:5]>>[C&D2&v4&H2&+0&!R&z0:1]-[C&D3&v4&H0&+0&!R&z1:5].[O&D1&v2&H0&+0&!R:3]=[C&D2&v4&H0&+0&!R&z2:2].[S&D1&v2&H1&+0&!R:4]	Any;CO2;CoA
321_1	Any;Any	[C&D2&v4&H2&+0&!R&z0:1]-[C&D3&v4&H0&+0&!R&z2:2]-[O&D1&v2&H1&+0&!R:3].[S&D2&v2&H0&+0&!R:4]-[C&D3&v4&H0&+0&!R&z2:5]>>[C&D2&v4&H2&+0&!R&z0:1]-[C&D3&v4&H0&+0&!R&z1:5].[O&D1&v2&H0&+0&!R:3]=[C&D2&v4&H0&+0&!R&z2:2].[S&D1&v2&H1&+0&!R:4]	Any;CO2;Any
321_2	Any;Any	[C&D2&v4&H2&+0&!R&z0:1]-[C&D3&v4&H0&+0&!R&z2:2]-[O&D1&v2&H1&+0&!R:3].[S&D2&v2&H0&+0&!R:4]-[C&D3&v4&H0&+0&!R&z2:5]>>[C&D2&v4&H2&+0&!R&z0:1]-[C&D3&v4&H0&+0&!R&z1:5].[O&D1&v2&H0&+0&!R:3]=[C&D2&v4&H0&+0&!R&z2:2].[S&D1&v2&H1&+0&!R:4]	Any;CO2;CoA
22_0	Any;NH3	[C&D3&v4&H0&+0&!R&z2:1]-[O&D1&v2&H1&+0&!R:2].[N&D0&v3&H3&+0&!R:3]>>[C&D3&v4&H0&+0&!R&z2:1]-[N&D1&v3&H2&+0&!R:3].[O&D0&v2&H2&+0&!R:2]	Any;WATER
118_0	Any;Any;PPI	[N&D2&v3&H1&+0&!R:1]-[C&D3&v4&H0&+0&!R&z2:2].[O&D1&v2&H1&+0&!R:3].[P&D4&v5&H0&+0&!R:4]-[O&D1&v2&H1&+0&!R:5]>>[C&D3&v4&H0&+0&!R&z2:2]-[O&D1&v2&H1&+0&!R:5].[N&D1&v3&H2&+0&!R:1].[O&D2&v2&H0&+0&!R:3]-[P&D4&v5&H0&+0&!R:4]	Any;Any;Any
118_1	Any;Any;Pi	[N&D2&v3&H1&+0&!R:1]-[C&D3&v4&H0&+0&!R&z2:2].[O&D1&v2&H1&+0&!R:3].[P&D4&v5&H0&+0&!R:4]-[O&D1&v2&H1&+0&!R:5]>>[C&D3&v4&H0&+0&!R&z2:2]-[O&D1&v2&H1&+0&!R:5].[N&D1&v3&H2&+0&!R:1].[O&D2&v2&H0&+0&!R:3]-[P&D4&v5&H0&+0&!R:4]	Any;Any;Any
118_2	Any;PHOSPHATE_ACCEPTOR_CoF;Pi	[N&D2&v3&H1&+0&!R:1]-[C&D3&v4&H0&+0&!R&z2:2].[O&D1&v2&H1&+0&!R:3].[P&D4&v5&H0&+0&!R:4]-[O&D1&v2&H1&+0&!R:5]>>[C&D3&v4&H0&+0&!R&z2:2]-[O&D1&v2&H1&+0&!R:5].[N&D1&v3&H2&+0&!R:1].[O&D2&v2&H0&+0&!R:3]-[P&D4&v5&H0&+0&!R:4]	Any;Any;PHOSPHATE_DONOR_CoF
118_3	Any;PYROPHOSPHATE_ACCEPTOR_CoF;PPI	[N&D2&v3&H1&+0&!R:1]-[C&D3&v4&H0&+0&!R&z2:2].[O&D1&v2&H1&+0&!R:3].[P&D4&v5&H0&+0&!R:4]-[O&D1&v2&H1&+0&!R:5]>>[C&D3&v4&H0&+0&!R&z2:2]-[O&D1&v2&H1&+0&!R:5].[N&D1&v3&H2&+0&!R:1].[O&D2&v2&H0&+0&!R:3]-[P&D4&v5&H0&+0&!R:4]	Any;Any;PYROPHOSPHATE_DONOR_CoF
375_0	Any;Any	[O&D1&v2&H1&+0&!R:1].[O&D2&v2&H0&+0&!R:2]-[S&D4&v6&H0&+0&!R:3]>>[O&D1&v2&H1&+0&!R:2].[O&D2&v2&H0&+0&!R:1]-[S&D4&v6&H0&+0&!R:3]	Any;Any
375_1	Any;SULFATE_DONOR_CoF	[O&D1&v2&H1&+0&!R:1].[O&D2&v2&H0&+0&!R:2]-[S&D4&v6&H0&+0&!R:3]>>[O&D1&v2&H1&+0&!R:2].[O&D2&v2&H0&+0&!R:1]-[S&D4&v6&H0&+0&!R:3]	SULFATE_ACCEPTOR_CoF;Any
375_2	SULFATE_ACCEPTOR_CoF;Any	[O&D1&v2&H1&+0&!R:1].[O&D2&v2&H0&+0&!R:2]-[S&D4&v6&H0&+0&!R:3]>>[O&D1&v2&H1&+0&!R:2].[O&D2&v2&H0&+0&!R:1]-[S&D4&v6&H0&+0&!R:3]	Any;SULFATE_DONOR_CoF
404_0	Any;Any;CO2	[C&D3&v4&H0&+0&!R&z2:1]-[O&D1&v2&H1&+0&!R:2].[C&D3&v4&H0&+0&!R&z2:3]-[O&D1&v2&H1&+0&!R:4].[O&D1&v2&H0&+0&!R:5]=[C&D2&v4&H0&+0&!R&z2:6]>>[C&D2&v4&H1&+0&!R&z1:1].[C&D3&v4&H0&+0&!R&z1:3]-[C&D3&v4&H0&+0&!R&z2:6]-[O&D1&v2&H1&+0&!R:5].[O&D1&v2&H0&+0&!R:2]=[O&D1&v2&H0&+0&!R:4]	Any;Any;O2
975_0	Any;Any	[C&D1&v4&H3&+0&!R&z1:1]-[S&D3&v3&H0&+&!R:2].[C&D3&v4&H0&+0&!R&z0:3]=[C&D2&v4&H1&+0&!R&z0:4]>>[C&D1&v4&H2&+0&!R&z0:1]=[C&D3&v4&H0&+0&!R&z0:4]-[C&D3&v4&H1&+0&!R&z0:3].[S&D2&v2&H0&+0&!R:2]	Any;Any
975_1	METHYL_DONOR_CoF;Any	[C&D1&v4&H3&+0&!R&z1:1]-[S&D3&v3&H0&+&!R:2].[C&D3&v4&H0&+0&!R&z0:3]=[C&D2&v4&H1&+0&!R&z0:4]>>[C&D1&v4&H2&+0&!R&z0:1]=[C&D3&v4&H0&+0&!R&z0:4]-[C&D3&v4&H1&+0&!R&z0:3].[S&D2&v2&H0&+0&!R:2]	Any;METHYL_ACCEPTOR_CoF
250_0	Any;NH3;H2O2	[C&D2&v4&H1&+0&!R&z1:1]=[O&D1&v2&H0&+0&!R:2].[N&D0&v3&H3&+0&!R:3].[O&D1&v2&H1&+0&!R:4]-[O&D1&v2&H1&+0&!R:5]>>[C&D2&v4&H2&+0&!R&z1:1]-[N&D1&v3&H2&+0&!R:3].[O&D0&v2&H2&+0&!R:2].[O&D1&v2&H0&+0&!R:4]=[O&D1&v2&H0&+0&!R:5]	Any;WATER;O2
250_1	CARBONYL_CoF;NH3;H2O2	[C&D2&v4&H1&+0&!R&z1:1]=[O&D1&v2&H0&+0&!R:2].[N&D0&v3&H3&+0&!R:3].[O&D1&v2&H1&+0&!R:4]-[O&D1&v2&H1&+0&!R:5]>>[C&D2&v4&H2&+0&!R&z1:1]-[N&D1&v3&H2&+0&!R:3].[O&D0&v2&H2&+0&!R:2].[O&D1&v2&H0&+0&!R:4]=[O&D1&v2&H0&+0&!R:5]	AMINO_CoF;WATER;O2
27_0	Any;Any;CO2	[C&D3&v4&H0&+0&!R&z2:1]-[O&D1&v2&H1&+0&!R:2].[C&D3&v4&H1&+0&R&z1:3]-[O&D1&v2&H1&+0&!R:4].[O&D1&v2&H0&+0&!R:5]=[C&D2&v4&H0&+0&!R&z2:6]>>[C&D2&v4&H2&+0&R&z0:3].[C&D3&v4&H0&+0&!R&z1:1]-[C&D3&v4&H0&+0&!R&z2:6]-[O&D1&v2&H1&+0&!R:5].[O&D1&v2&H0&+0&!R:4]=[O&D1&v2&H0&+0&!R:2]	Any;Any;O2
789_0	Any;ACETYL-COA	[C&D2&v4&H2&+0&!R&z0:1].[C&D3&v4&H0&+0&!R&z2:2](=[O&D1&v2&H0&+0&!R:3])-[S&D2&v2&H0&+0&!R:4]>>[C&D3&v4&H0&+0&!R&z1:2](=[O&D1&v2&H0&+0&!R:3])-[C&D3&v4&H1&+0&!R&z0:1].[S&D1&v2&H1&+0&!R:4]	Any;CoA
789_1	Any;Any	[C&D2&v4&H2&+0&!R&z0:1].[C&D3&v4&H0&+0&!R&z2:2](=[O&D1&v2&H0&+0&!R:3])-[S&D2&v2&H0&+0&!R:4]>>[C&D3&v4&H0&+0&!R&z1:2](=[O&D1&v2&H0&+0&!R:3])-[C&D3&v4&H1&+0&!R&z0:1].[S&D1&v2&H1&+0&!R:4]	Any;CoA
131_0	Any;Any	[C&D3&v4&H1&+0&R&z1:1]-[O&D1&v2&H1&+0&!R:2].[c&D3&v4&H0&+0&R&z0:3]1:[c&D2&v4&H1&+0&R&z0:4]:[c&D2&v4&H1&+0&R&z0:5]:[c&D2&v4&H1&+0&R&z1:6]:[n&D3&v4&H0&+&R:7]:[c&D2&v4&H1&+0&R&z1:8]:1>>[C&D3&v4&H0&+0&R&z0:3]1=[C&D2&v4&H1&+0&R&z1:8]-[N&D3&v3&H0&+0&R:7]-[C&D2&v4&H1&+0&R&z1:6]=[C&D2&v4&H1&+0&R&z0:5]-[C&D2&v4&H2&+0&R&z0:4]-1.[C&D3&v4&H0&+0&R&z1:1]=[O&D1&v2&H0&+0&!R:2]	Any;Any
131_1	Any;NAD_CoF	[C&D3&v4&H1&+0&R&z1:1]-[O&D1&v2&H1&+0&!R:2].[c&D3&v4&H0&+0&R&z0:3]1:[c&D2&v4&H1&+0&R&z0:4]:[c&D2&v4&H1&+0&R&z0:5]:[c&D2&v4&H1&+0&R&z1:6]:[n&D3&v4&H0&+&R:7]:[c&D2&v4&H1&+0&R&z1:8]:1>>[C&D3&v4&H0&+0&R&z0:3]1=[C&D2&v4&H1&+0&R&z1:8]-[N&D3&v3&H0&+0&R:7]-[C&D2&v4&H1&+0&R&z1:6]=[C&D2&v4&H1&+0&R&z0:5]-[C&D2&v4&H2&+0&R&z0:4]-1.[C&D3&v4&H0&+0&R&z1:1]=[O&D1&v2&H0&+0&!R:2]	NADH_CoF;Any
85_0	Any;Any;PPI	[C&D3&v4&H0&+0&!R&z2:1]-[O&D1&v2&H1&+0&!R:2].[O&D1&v2&H1&+0&!R:3].[P&D4&v5&H0&+0&!R:4]-[O&D1&v2&H1&+0&!R:5]>>[C&D3&v4&H0&+0&!R&z2:1]-[O&D1&v2&H1&+0&!R:5].[O&D0&v2&H2&+0&!R:2].[O&D2&v2&H0&+0&!R:3]-[P&D4&v5&H0&+0&!R:4]	Any;WATER;Any
85_1	Any;Any;Pi	[C&D3&v4&H0&+0&!R&z2:1]-[O&D1&v2&H1&+0&!R:2].[O&D1&v2&H1&+0&!R:3].[P&D4&v5&H0&+0&!R:4]-[O&D1&v2&H1&+0&!R:5]>>[C&D3&v4&H0&+0&!R&z2:1]-[O&D1&v2&H1&+0&!R:5].[O&D0&v2&H2&+0&!R:2].[O&D2&v2&H0&+0&!R:3]-[P&D4&v5&H0&+0&!R:4]	Any;WATER;Any
85_2	Any;PHOSPHATE_ACCEPTOR_CoF;Pi	[C&D3&v4&H0&+0&!R&z2:1]-[O&D1&v2&H1&+0&!R:2].[O&D1&v2&H1&+0&!R:3].[P&D4&v5&H0&+0&!R:4]-[O&D1&v2&H1&+0&!R:5]>>[C&D3&v4&H0&+0&!R&z2:1]-[O&D1&v2&H1&+0&!R:5].[O&D0&v2&H2&+0&!R:2].[O&D2&v2&H0&+0&!R:3]-[P&D4&v5&H0&+0&!R:4]	Any;WATER;PHOSPHATE_DONOR_CoF
85_3	Any;PYROPHOSPHATE_ACCEPTOR_CoF;PPI	[C&D3&v4&H0&+0&!R&z2:1]-[O&D1&v2&H1&+0&!R:2].[O&D1&v2&H1&+0&!R:3].[P&D4&v5&H0&+0&!R:4]-[O&D1&v2&H1&+0&!R:5]>>[C&D3&v4&H0&+0&!R&z2:1]-[O&D1&v2&H1&+0&!R:5].[O&D0&v2&H2&+0&!R:2].[O&D2&v2&H0&+0&!R:3]-[P&D4&v5&H0&+0&!R:4]	Any;WATER;PYROPHOSPHATE_DONOR_CoF
447_0	Any;WATER;Any	[C&D2&v4&H1&+0&!R&z1:1].[O&D0&v2&H2&+0&!R:2].[c&D3&v4&H0&+0&R&z0:3]1:[c&D2&v4&H1&+0&R&z0:4]:[c&D2&v4&H1&+0&R&z0:5]:[c&D2&v4&H1&+0&R&z1:6]:[n&D3&v4&H0&+&R:7]:[c&D2&v4&H1&+0&R&z1:8]:1>>[C&D3&v4&H0&+0&!R&z2:1]-[O&D1&v2&H1&+0&!R:2].[C&D3&v4&H0&+0&R&z0:3]1=[C&D2&v4&H1&+0&R&z1:8]-[N&D3&v3&H0&+0&R:7]-[C&D2&v4&H1&+0&R&z1:6]=[C&D2&v4&H1&+0&R&z0:5]-[C&D2&v4&H2&+0&R&z0:4]-1	Any;Any
447_1	Any;WATER;NAD_CoF	[C&D2&v4&H1&+0&!R&z1:1].[O&D0&v2&H2&+0&!R:2].[c&D3&v4&H0&+0&R&z0:3]1:[c&D2&v4&H1&+0&R&z0:4]:[c&D2&v4&H1&+0&R&z0:5]:[c&D2&v4&H1&+0&R&z1:6]:[n&D3&v4&H0&+&R:7]:[c&D2&v4&H1&+0&R&z1:8]:1>>[C&D3&v4&H0&+0&!R&z2:1]-[O&D1&v2&H1&+0&!R:2].[C&D3&v4&H0&+0&R&z0:3]1=[C&D2&v4&H1&+0&R&z1:8]-[N&D3&v3&H0&+0&R:7]-[C&D2&v4&H1&+0&R&z1:6]=[C&D2&v4&H1&+0&R&z0:5]-[C&D2&v4&H2&+0&R&z0:4]-1	Any;NADH_CoF
308_0	Any;PPI;ACETYL-COA	[O&D1&v2&H1&+0&!R:1].[P&D4&v5&H0&+0&!R:2]-[O&D1&v2&H1&+0&!R:3].[S&D2&v2&H0&+0&!R:4]-[C&D3&v4&H0&+0&!R&z2:5]=[O&D1&v2&H0&+0&!R:6]>>[C&D3&v4&H0&+0&!R&z2:5](=[O&D1&v2&H0&+0&!R:6])-[O&D1&v2&H1&+0&!R:3].[O&D2&v2&H0&+0&!R:1]-[P&D4&v5&H0&+0&!R:2].[S&D1&v2&H1&+0&!R:4]	Any;Any;CoA
308_1	Any;PPI;Any	[O&D1&v2&H1&+0&!R:1].[P&D4&v5&H0&+0&!R:2]-[O&D1&v2&H1&+0&!R:3].[S&D2&v2&H0&+0&!R:4]-[C&D3&v4&H0&+0&!R&z2:5]=[O&D1&v2&H0&+0&!R:6]>>[C&D3&v4&H0&+0&!R&z2:5](=[O&D1&v2&H0&+0&!R:6])-[O&D1&v2&H1&+0&!R:3].[O&D2&v2&H0&+0&!R:1]-[P&D4&v5&H0&+0&!R:2].[S&D1&v2&H1&+0&!R:4]	Any;Any;Any
308_2	Any;PPI;Any	[O&D1&v2&H1&+0&!R:1].[P&D4&v5&H0&+0&!R:2]-[O&D1&v2&H1&+0&!R:3].[S&D2&v2&H0&+0&!R:4]-[C&D3&v4&H0&+0&!R&z2:5]=[O&D1&v2&H0&+0&!R:6]>>[C&D3&v4&H0&+0&!R&z2:5](=[O&D1&v2&H0&+0&!R:6])-[O&D1&v2&H1&+0&!R:3].[O&D2&v2&H0&+0&!R:1]-[P&D4&v5&H0&+0&!R:2].[S&D1&v2&H1&+0&!R:4]	Any;Any;CoA
308_3	Any;Pi;ACETYL-COA	[O&D1&v2&H1&+0&!R:1].[P&D4&v5&H0&+0&!R:2]-[O&D1&v2&H1&+0&!R:3].[S&D2&v2&H0&+0&!R:4]-[C&D3&v4&H0&+0&!R&z2:5]=[O&D1&v2&H0&+0&!R:6]>>[C&D3&v4&H0&+0&!R&z2:5](=[O&D1&v2&H0&+0&!R:6])-[O&D1&v2&H1&+0&!R:3].[O&D2&v2&H0&+0&!R:1]-[P&D4&v5&H0&+0&!R:2].[S&D1&v2&H1&+0&!R:4]	Any;Any;CoA
308_4	Any;Pi;Any	[O&D1&v2&H1&+0&!R:1].[P&D4&v5&H0&+0&!R:2]-[O&D1&v2&H1&+0&!R:3].[S&D2&v2&H0&+0&!R:4]-[C&D3&v4&H0&+0&!R&z2:5]=[O&D1&v2&H0&+0&!R:6]>>[C&D3&v4&H0&+0&!R&z2:5](=[O&D1&v2&H0&+0&!R:6])-[O&D1&v2&H1&+0&!R:3].[O&D2&v2&H0&+0&!R:1]-[P&D4&v5&H0&+0&!R:2].[S&D1&v2&H1&+0&!R:4]	Any;Any;Any
308_5	Any;Pi;Any	[O&D1&v2&H1&+0&!R:1].[P&D4&v5&H0&+0&!R:2]-[O&D1&v2&H1&+0&!R:3].[S&D2&v2&H0&+0&!R:4]-[C&D3&v4&H0&+0&!R&z2:5]=[O&D1&v2&H0&+0&!R:6]>>[C&D3&v4&H0&+0&!R&z2:5](=[O&D1&v2&H0&+0&!R:6])-[O&D1&v2&H1&+0&!R:3].[O&D2&v2&H0&+0&!R:1]-[P&D4&v5&H0&+0&!R:2].[S&D1&v2&H1&+0&!R:4]	Any;Any;CoA
308_6	PHOSPHATE_ACCEPTOR_CoF;Pi;ACETYL-COA	[O&D1&v2&H1&+0&!R:1].[P&D4&v5&H0&+0&!R:2]-[O&D1&v2&H1&+0&!R:3].[S&D2&v2&H0&+0&!R:4]-[C&D3&v4&H0&+0&!R&z2:5]=[O&D1&v2&H0&+0&!R:6]>>[C&D3&v4&H0&+0&!R&z2:5](=[O&D1&v2&H0&+0&!R:6])-[O&D1&v2&H1&+0&!R:3].[O&D2&v2&H0&+0&!R:1]-[P&D4&v5&H0&+0&!R:2].[S&D1&v2&H1&+0&!R:4]	Any;PHOSPHATE_DONOR_CoF;CoA
308_7	PHOSPHATE_ACCEPTOR_CoF;Pi;Any	[O&D1&v2&H1&+0&!R:1].[P&D4&v5&H0&+0&!R:2]-[O&D1&v2&H1&+0&!R:3].[S&D2&v2&H0&+0&!R:4]-[C&D3&v4&H0&+0&!R&z2:5]=[O&D1&v2&H0&+0&!R:6]>>[C&D3&v4&H0&+0&!R&z2:5](=[O&D1&v2&H0&+0&!R:6])-[O&D1&v2&H1&+0&!R:3].[O&D2&v2&H0&+0&!R:1]-[P&D4&v5&H0&+0&!R:2].[S&D1&v2&H1&+0&!R:4]	Any;PHOSPHATE_DONOR_CoF;Any
308_8	PHOSPHATE_ACCEPTOR_CoF;Pi;Any	[O&D1&v2&H1&+0&!R:1].[P&D4&v5&H0&+0&!R:2]-[O&D1&v2&H1&+0&!R:3].[S&D2&v2&H0&+0&!R:4]-[C&D3&v4&H0&+0&!R&z2:5]=[O&D1&v2&H0&+0&!R:6]>>[C&D3&v4&H0&+0&!R&z2:5](=[O&D1&v2&H0&+0&!R:6])-[O&D1&v2&H1&+0&!R:3].[O&D2&v2&H0&+0&!R:1]-[P&D4&v5&H0&+0&!R:2].[S&D1&v2&H1&+0&!R:4]	Any;PHOSPHATE_DONOR_CoF;CoA
308_9	PYROPHOSPHATE_ACCEPTOR_CoF;PPI;ACETYL-COA	[O&D1&v2&H1&+0&!R:1].[P&D4&v5&H0&+0&!R:2]-[O&D1&v2&H1&+0&!R:3].[S&D2&v2&H0&+0&!R:4]-[C&D3&v4&H0&+0&!R&z2:5]=[O&D1&v2&H0&+0&!R:6]>>[C&D3&v4&H0&+0&!R&z2:5](=[O&D1&v2&H0&+0&!R:6])-[O&D1&v2&H1&+0&!R:3].[O&D2&v2&H0&+0&!R:1]-[P&D4&v5&H0&+0&!R:2].[S&D1&v2&H1&+0&!R:4]	Any;PYROPHOSPHATE_DONOR_CoF;CoA
308_10	PYROPHOSPHATE_ACCEPTOR_CoF;PPI;Any	[O&D1&v2&H1&+0&!R:1].[P&D4&v5&H0&+0&!R:2]-[O&D1&v2&H1&+0&!R:3].[S&D2&v2&H0&+0&!R:4]-[C&D3&v4&H0&+0&!R&z2:5]=[O&D1&v2&H0&+0&!R:6]>>[C&D3&v4&H0&+0&!R&z2:5](=[O&D1&v2&H0&+0&!R:6])-[O&D1&v2&H1&+0&!R:3].[O&D2&v2&H0&+0&!R:1]-[P&D4&v5&H0&+0&!R:2].[S&D1&v2&H1&+0&!R:4]	Any;PYROPHOSPHATE_DONOR_CoF;Any
308_11	PYROPHOSPHATE_ACCEPTOR_CoF;PPI;Any	[O&D1&v2&H1&+0&!R:1].[P&D4&v5&H0&+0&!R:2]-[O&D1&v2&H1&+0&!R:3].[S&D2&v2&H0&+0&!R:4]-[C&D3&v4&H0&+0&!R&z2:5]=[O&D1&v2&H0&+0&!R:6]>>[C&D3&v4&H0&+0&!R&z2:5](=[O&D1&v2&H0&+0&!R:6])-[O&D1&v2&H1&+0&!R:3].[O&D2&v2&H0&+0&!R:1]-[P&D4&v5&H0&+0&!R:2].[S&D1&v2&H1&+0&!R:4]	Any;PYROPHOSPHATE_DONOR_CoF;CoA
825_0	Any;Any	[C&D2&v4&H2&+0&R&z0:1]-[C&D2&v4&H2&+0&R&z0:2].[c&D3&v4&H0&+0&R&z0:3]1:[c&D2&v4&H1&+0&R&z0:4]:[c&D2&v4&H1&+0&R&z0:5]:[c&D2&v4&H1&+0&R&z1:6]:[n&D3&v4&H0&+&R:7]:[c&D2&v4&H1&+0&R&z1:8]:1>>[C&D2&v4&H1&+0&R&z0:1]=[C&D2&v4&H1&+0&R&z0:2].[C&D3&v4&H0&+0&R&z0:3]1=[C&D2&v4&H1&+0&R&z1:8]-[N&D3&v3&H0&+0&R:7]-[C&D2&v4&H1&+0&R&z1:6]=[C&D2&v4&H1&+0&R&z0:5]-[C&D2&v4&H2&+0&R&z0:4]-1	Any;Any
825_1	Any;NAD_CoF	[C&D2&v4&H2&+0&R&z0:1]-[C&D2&v4&H2&+0&R&z0:2].[c&D3&v4&H0&+0&R&z0:3]1:[c&D2&v4&H1&+0&R&z0:4]:[c&D2&v4&H1&+0&R&z0:5]:[c&D2&v4&H1&+0&R&z1:6]:[n&D3&v4&H0&+&R:7]:[c&D2&v4&H1&+0&R&z1:8]:1>>[C&D2&v4&H1&+0&R&z0:1]=[C&D2&v4&H1&+0&R&z0:2].[C&D3&v4&H0&+0&R&z0:3]1=[C&D2&v4&H1&+0&R&z1:8]-[N&D3&v3&H0&+0&R:7]-[C&D2&v4&H1&+0&R&z1:6]=[C&D2&v4&H1&+0&R&z0:5]-[C&D2&v4&H2&+0&R&z0:4]-1	Any;NADH_CoF
240_0	Any;Any	[C&D3&v4&H0&+0&!R&z2:1]-[O&D1&v2&H1&+0&!R:2].[P&D4&v5&H0&+0&!R:3]-[O&D2&v2&H0&+0&!R:4]>>[C&D3&v4&H0&+0&!R&z2:1]-[O&D2&v2&H0&+0&!R:4].[P&D4&v5&H0&+0&!R:3]-[O&D1&v2&H1&+0&!R:2]	Any;Any
240_1	Any;Any	[C&D3&v4&H0&+0&!R&z2:1]-[O&D1&v2&H1&+0&!R:2].[P&D4&v5&H0&+0&!R:3]-[O&D2&v2&H0&+0&!R:4]>>[C&D3&v4&H0&+0&!R&z2:1]-[O&D2&v2&H0&+0&!R:4].[P&D4&v5&H0&+0&!R:3]-[O&D1&v2&H1&+0&!R:2]	Any;PPI
240_2	Any;GLUCOSYL_DONOR_CoF	[C&D3&v4&H0&+0&!R&z2:1]-[O&D1&v2&H1&+0&!R:2].[P&D4&v5&H0&+0&!R:3]-[O&D2&v2&H0&+0&!R:4]>>[C&D3&v4&H0&+0&!R&z2:1]-[O&D2&v2&H0&+0&!R:4].[P&D4&v5&H0&+0&!R:3]-[O&D1&v2&H1&+0&!R:2]	Any;GLUCOSYL_ACCEPTOR_CoF
240_3	Any;PHOSPHATE_DONOR_CoF	[C&D3&v4&H0&+0&!R&z2:1]-[O&D1&v2&H1&+0&!R:2].[P&D4&v5&H0&+0&!R:3]-[O&D2&v2&H0&+0&!R:4]>>[C&D3&v4&H0&+0&!R&z2:1]-[O&D2&v2&H0&+0&!R:4].[P&D4&v5&H0&+0&!R:3]-[O&D1&v2&H1&+0&!R:2]	Any;PHOSPHATE_ACCEPTOR_CoF
240_4	Any;PPI	[C&D3&v4&H0&+0&!R&z2:1]-[O&D1&v2&H1&+0&!R:2].[P&D4&v5&H0&+0&!R:3]-[O&D2&v2&H0&+0&!R:4]>>[C&D3&v4&H0&+0&!R&z2:1]-[O&D2&v2&H0&+0&!R:4].[P&D4&v5&H0&+0&!R:3]-[O&D1&v2&H1&+0&!R:2]	Any;Pi
644_0	Any;AMINO_CoF	[C&D3&v4&H0&+0&!R&z1:1]=[O&D1&v2&H0&+0&!R:2].[C&D3&v4&H1&+0&!R&z1:3]-[N&D1&v3&H2&+0&!R:4]>>[C&D3&v4&H0&+0&!R&z1:3]=[O&D1&v2&H0&+0&!R:2].[C&D3&v4&H1&+0&!R&z1:1]-[N&D1&v3&H2&+0&!R:4]	CARBONYL_CoF;Any
644_1	Any;Any	[C&D3&v4&H0&+0&!R&z1:1]=[O&D1&v2&H0&+0&!R:2].[C&D3&v4&H1&+0&!R&z1:3]-[N&D1&v3&H2&+0&!R:4]>>[C&D3&v4&H0&+0&!R&z1:3]=[O&D1&v2&H0&+0&!R:2].[C&D3&v4&H1&+0&!R&z1:1]-[N&D1&v3&H2&+0&!R:4]	Any;Any
644_2	CARBONYL_CoF;AMINO_CoF	[C&D3&v4&H0&+0&!R&z1:1]=[O&D1&v2&H0&+0&!R:2].[C&D3&v4&H1&+0&!R&z1:3]-[N&D1&v3&H2&+0&!R:4]>>[C&D3&v4&H0&+0&!R&z1:3]=[O&D1&v2&H0&+0&!R:2].[C&D3&v4&H1&+0&!R&z1:1]-[N&D1&v3&H2&+0&!R:4]	CARBONYL_CoF;AMINO_CoF
644_3	CARBONYL_CoF;Any	[C&D3&v4&H0&+0&!R&z1:1]=[O&D1&v2&H0&+0&!R:2].[C&D3&v4&H1&+0&!R&z1:3]-[N&D1&v3&H2&+0&!R:4]>>[C&D3&v4&H0&+0&!R&z1:3]=[O&D1&v2&H0&+0&!R:2].[C&D3&v4&H1&+0&!R&z1:1]-[N&D1&v3&H2&+0&!R:4]	Any;AMINO_CoF
329_0	Any;Any	[C&D2&v4&H2&+0&!R&z0:1]-[C&D2&v4&H2&+0&!R&z0:2].[c&D3&v4&H0&+0&R&z0:3]1:[c&D2&v4&H1&+0&R&z0:4]:[c&D2&v4&H1&+0&R&z0:5]:[c&D2&v4&H1&+0&R&z1:6]:[n&D3&v4&H0&+&R:7]:[c&D2&v4&H1&+0&R&z1:8]:1>>[C&D2&v4&H1&+0&!R&z0:1]=[C&D2&v4&H1&+0&!R&z0:2].[C&D3&v4&H0&+0&R&z0:3]1=[C&D2&v4&H1&+0&R&z1:8]-[N&D3&v3&H0&+0&R:7]-[C&D2&v4&H1&+0&R&z1:6]=[C&D2&v4&H1&+0&R&z0:5]-[C&D2&v4&H2&+0&R&z0:4]-1	Any;Any
329_1	Any;NAD_CoF	[C&D2&v4&H2&+0&!R&z0:1]-[C&D2&v4&H2&+0&!R&z0:2].[c&D3&v4&H0&+0&R&z0:3]1:[c&D2&v4&H1&+0&R&z0:4]:[c&D2&v4&H1&+0&R&z0:5]:[c&D2&v4&H1&+0&R&z1:6]:[n&D3&v4&H0&+&R:7]:[c&D2&v4&H1&+0&R&z1:8]:1>>[C&D2&v4&H1&+0&!R&z0:1]=[C&D2&v4&H1&+0&!R&z0:2].[C&D3&v4&H0&+0&R&z0:3]1=[C&D2&v4&H1&+0&R&z1:8]-[N&D3&v3&H0&+0&R:7]-[C&D2&v4&H1&+0&R&z1:6]=[C&D2&v4&H1&+0&R&z0:5]-[C&D2&v4&H2&+0&R&z0:4]-1	Any;NADH_CoF
733_0	Any	[C&D3&v4&H1&+0&!R&z1:1](-[O&D1&v2&H1&+0&!R:2])-[C&D2&v4&H2&+0&!R&z0:3]>>[C&D1&v4&H3&+0&!R&z0:3].[C&D2&v4&H1&+0&!R&z1:1]=[O&D1&v2&H0&+0&!R:2]	ACETYL-COA;Any
733_1	Any	[C&D3&v4&H1&+0&!R&z1:1](-[O&D1&v2&H1&+0&!R:2])-[C&D2&v4&H2&+0&!R&z0:3]>>[C&D1&v4&H3&+0&!R&z0:3].[C&D2&v4&H1&+0&!R&z1:1]=[O&D1&v2&H0&+0&!R:2]	Any;Any
616_0	Any;WATER;Any	[C&D2&v4&H2&+0&!R&z1:1]-[O&D1&v2&H1&+0&!R:2].[O&D0&v2&H2&+0&!R:3].[c&D3&v4&H0&+0&R&z0:4]1:[c&D2&v4&H1&+0&R&z0:5]:[c&D2&v4&H1&+0&R&z0:6]:[c&D2&v4&H1&+0&R&z1:7]:[n&D3&v4&H0&+&R:8]:[c&D2&v4&H1&+0&R&z1:9]:1>>[C&D1&v4&H3&+0&!R&z0:1].[C&D3&v4&H0&+0&R&z0:4]1=[C&D2&v4&H1&+0&R&z1:9]-[N&D3&v3&H0&+0&R:8]-[C&D2&v4&H1&+0&R&z1:7]=[C&D2&v4&H1&+0&R&z0:6]-[C&D2&v4&H2&+0&R&z0:5]-1.[O&D1&v2&H0&+0&!R:2]=[O&D1&v2&H0&+0&!R:3]	Any;Any;O2
616_1	Any;WATER;NAD_CoF	[C&D2&v4&H2&+0&!R&z1:1]-[O&D1&v2&H1&+0&!R:2].[O&D0&v2&H2&+0&!R:3].[c&D3&v4&H0&+0&R&z0:4]1:[c&D2&v4&H1&+0&R&z0:5]:[c&D2&v4&H1&+0&R&z0:6]:[c&D2&v4&H1&+0&R&z1:7]:[n&D3&v4&H0&+&R:8]:[c&D2&v4&H1&+0&R&z1:9]:1>>[C&D1&v4&H3&+0&!R&z0:1].[C&D3&v4&H0&+0&R&z0:4]1=[C&D2&v4&H1&+0&R&z1:9]-[N&D3&v3&H0&+0&R:8]-[C&D2&v4&H1&+0&R&z1:7]=[C&D2&v4&H1&+0&R&z0:6]-[C&D2&v4&H2&+0&R&z0:5]-1.[O&D1&v2&H0&+0&!R:2]=[O&D1&v2&H0&+0&!R:3]	Any;NADH_CoF;O2
56_0	Any;Any	[C&D3&v4&H1&+0&!R&z1:1]-[O&D1&v2&H1&+0&!R:2].[O&D1&v2&H1&+0&!R:3]>>[C&D3&v4&H1&+0&!R&z1:1]-[O&D2&v2&H0&+0&!R:3].[O&D0&v2&H2&+0&!R:2]	Any;WATER
56_1	Any;Pi	[C&D3&v4&H1&+0&!R&z1:1]-[O&D1&v2&H1&+0&!R:2].[O&D1&v2&H1&+0&!R:3]>>[C&D3&v4&H1&+0&!R&z1:1]-[O&D2&v2&H0&+0&!R:3].[O&D0&v2&H2&+0&!R:2]	Any;WATER
56_2	Any;SULFATE	[C&D3&v4&H1&+0&!R&z1:1]-[O&D1&v2&H1&+0&!R:2].[O&D1&v2&H1&+0&!R:3]>>[C&D3&v4&H1&+0&!R&z1:1]-[O&D2&v2&H0&+0&!R:3].[O&D0&v2&H2&+0&!R:2]	Any;WATER
1008_0	AMINO_CoF;WATER;O2	[C&D3&v4&H1&+0&!R&z1:1]-[N&D1&v3&H2&+0&!R:2].[O&D0&v2&H2&+0&!R:3].[O&D1&v2&H0&+0&!R:4]=[O&D1&v2&H0&+0&!R:5]>>[C&D3&v4&H0&+0&!R&z1:1]=[O&D1&v2&H0&+0&!R:3].[N&D0&v3&H3&+0&!R:2].[O&D1&v2&H1&+0&!R:4]-[O&D1&v2&H1&+0&!R:5]	CARBONYL_CoF;NH3;H2O2
1008_1	Any;WATER;O2	[C&D3&v4&H1&+0&!R&z1:1]-[N&D1&v3&H2&+0&!R:2].[O&D0&v2&H2&+0&!R:3].[O&D1&v2&H0&+0&!R:4]=[O&D1&v2&H0&+0&!R:5]>>[C&D3&v4&H0&+0&!R&z1:1]=[O&D1&v2&H0&+0&!R:3].[N&D0&v3&H3&+0&!R:2].[O&D1&v2&H1&+0&!R:4]-[O&D1&v2&H1&+0&!R:5]	Any;NH3;H2O2
91_0	Any;Any	[C&D3&v4&H0&+0&!R&z3:1]-[O&D2&v2&H0&+0&!R:2].[O&D1&v2&H1&+0&!R:3]>>[C&D3&v4&H0&+0&!R&z3:1]-[O&D2&v2&H0&+0&!R:3].[O&D1&v2&H1&+0&!R:2]	Any;Any
2093_0	Any;Any	[O&D1&v2&H1&+0&!R:1].[P&D4&v5&H0&+0&!R:2](-[O&D1&v2&H1&+0&!R:3])~[*:4]~[*:5]~[*:6]~[*:7]~[*:8]~[P&D4&v5&H0&+0&!R:9]-[O&D1&v2&H1&+0&!R:10]>>[*:5](~[*:4]~[P&D4&v5&H0&+0&!R:2]-[O&D1&v2&H1&+0&!R:3])~[*:6]~[*:7]~[*:8]~[P&D4&v5&H0&+0&!R:9]-[O&D2&v2&H0&+0&!R:1].[O&D0&v2&H2&+0&!R:10]	ACETYL-COA;WATER
2093_1	Any;Any	[O&D1&v2&H1&+0&!R:1].[P&D4&v5&H0&+0&!R:2](-[O&D1&v2&H1&+0&!R:3])~[*:4]~[*:5]~[*:6]~[*:7]~[*:8]~[P&D4&v5&H0&+0&!R:9]-[O&D1&v2&H1&+0&!R:10]>>[*:5](~[*:4]~[P&D4&v5&H0&+0&!R:2]-[O&D1&v2&H1&+0&!R:3])~[*:6]~[*:7]~[*:8]~[P&D4&v5&H0&+0&!R:9]-[O&D2&v2&H0&+0&!R:1].[O&D0&v2&H2&+0&!R:10]	Any;WATER
2093_2	Any;Any	[O&D1&v2&H1&+0&!R:1].[P&D4&v5&H0&+0&!R:2](-[O&D1&v2&H1&+0&!R:3])~[*:4]~[*:5]~[*:6]~[*:7]~[*:8]~[P&D4&v5&H0&+0&!R:9]-[O&D1&v2&H1&+0&!R:10]>>[*:5](~[*:4]~[P&D4&v5&H0&+0&!R:2]-[O&D1&v2&H1&+0&!R:3])~[*:6]~[*:7]~[*:8]~[P&D4&v5&H0&+0&!R:9]-[O&D2&v2&H0&+0&!R:1].[O&D0&v2&H2&+0&!R:10]	CoA;WATER
2093_3	PPI;Any	[O&D1&v2&H1&+0&!R:1].[P&D4&v5&H0&+0&!R:2](-[O&D1&v2&H1&+0&!R:3])~[*:4]~[*:5]~[*:6]~[*:7]~[*:8]~[P&D4&v5&H0&+0&!R:9]-[O&D1&v2&H1&+0&!R:10]>>[*:5](~[*:4]~[P&D4&v5&H0&+0&!R:2]-[O&D1&v2&H1&+0&!R:3])~[*:6]~[*:7]~[*:8]~[P&D4&v5&H0&+0&!R:9]-[O&D2&v2&H0&+0&!R:1].[O&D0&v2&H2&+0&!R:10]	Any;WATER
2093_4	Pi;Any	[O&D1&v2&H1&+0&!R:1].[P&D4&v5&H0&+0&!R:2](-[O&D1&v2&H1&+0&!R:3])~[*:4]~[*:5]~[*:6]~[*:7]~[*:8]~[P&D4&v5&H0&+0&!R:9]-[O&D1&v2&H1&+0&!R:10]>>[*:5](~[*:4]~[P&D4&v5&H0&+0&!R:2]-[O&D1&v2&H1&+0&!R:3])~[*:6]~[*:7]~[*:8]~[P&D4&v5&H0&+0&!R:9]-[O&D2&v2&H0&+0&!R:1].[O&D0&v2&H2&+0&!R:10]	Any;WATER
2093_5	SULFATE;Any	[O&D1&v2&H1&+0&!R:1].[P&D4&v5&H0&+0&!R:2](-[O&D1&v2&H1&+0&!R:3])~[*:4]~[*:5]~[*:6]~[*:7]~[*:8]~[P&D4&v5&H0&+0&!R:9]-[O&D1&v2&H1&+0&!R:10]>>[*:5](~[*:4]~[P&D4&v5&H0&+0&!R:2]-[O&D1&v2&H1&+0&!R:3])~[*:6]~[*:7]~[*:8]~[P&D4&v5&H0&+0&!R:9]-[O&D2&v2&H0&+0&!R:1].[O&D0&v2&H2&+0&!R:10]	Any;WATER
2093_6	SULFATE;SULFATE_ACCEPTOR_CoF	[O&D1&v2&H1&+0&!R:1].[P&D4&v5&H0&+0&!R:2](-[O&D1&v2&H1&+0&!R:3])~[*:4]~[*:5]~[*:6]~[*:7]~[*:8]~[P&D4&v5&H0&+0&!R:9]-[O&D1&v2&H1&+0&!R:10]>>[*:5](~[*:4]~[P&D4&v5&H0&+0&!R:2]-[O&D1&v2&H1&+0&!R:3])~[*:6]~[*:7]~[*:8]~[P&D4&v5&H0&+0&!R:9]-[O&D2&v2&H0&+0&!R:1].[O&D0&v2&H2&+0&!R:10]	SULFATE_DONOR_CoF;WATER
145_0	Any;ACETYL-COA	[C&D2&v4&H2&+0&!R&z1:1]-[O&D2&v2&H0&+0&!R:2].[P&D4&v5&H0&+0&!R:3]-[O&D2&v2&H0&+0&!R:4]>>[C&D2&v4&H2&+0&!R&z1:1]-[O&D2&v2&H0&+0&!R:4].[P&D4&v5&H0&+0&!R:3]-[O&D2&v2&H0&+0&!R:2]	Any;CoA
145_1	Any;Any	[C&D2&v4&H2&+0&!R&z1:1]-[O&D2&v2&H0&+0&!R:2].[P&D4&v5&H0&+0&!R:3]-[O&D2&v2&H0&+0&!R:4]>>[C&D2&v4&H2&+0&!R&z1:1]-[O&D2&v2&H0&+0&!R:4].[P&D4&v5&H0&+0&!R:3]-[O&D2&v2&H0&+0&!R:2]	Any;Any
145_2	Any;Any	[C&D2&v4&H2&+0&!R&z1:1]-[O&D2&v2&H0&+0&!R:2].[P&D4&v5&H0&+0&!R:3]-[O&D2&v2&H0&+0&!R:4]>>[C&D2&v4&H2&+0&!R&z1:1]-[O&D2&v2&H0&+0&!R:4].[P&D4&v5&H0&+0&!R:3]-[O&D2&v2&H0&+0&!R:2]	Any;CoA
145_3	Any;Any	[C&D2&v4&H2&+0&!R&z1:1]-[O&D2&v2&H0&+0&!R:2].[P&D4&v5&H0&+0&!R:3]-[O&D2&v2&H0&+0&!R:4]>>[C&D2&v4&H2&+0&!R&z1:1]-[O&D2&v2&H0&+0&!R:4].[P&D4&v5&H0&+0&!R:3]-[O&D2&v2&H0&+0&!R:2]	Any;PPI
145_4	Any;CoA	[C&D2&v4&H2&+0&!R&z1:1]-[O&D2&v2&H0&+0&!R:2].[P&D4&v5&H0&+0&!R:3]-[O&D2&v2&H0&+0&!R:4]>>[C&D2&v4&H2&+0&!R&z1:1]-[O&D2&v2&H0&+0&!R:4].[P&D4&v5&H0&+0&!R:3]-[O&D2&v2&H0&+0&!R:2]	Any;ACETYL-COA
145_5	Any;CoA	[C&D2&v4&H2&+0&!R&z1:1]-[O&D2&v2&H0&+0&!R:2].[P&D4&v5&H0&+0&!R:3]-[O&D2&v2&H0&+0&!R:4]>>[C&D2&v4&H2&+0&!R&z1:1]-[O&D2&v2&H0&+0&!R:4].[P&D4&v5&H0&+0&!R:3]-[O&D2&v2&H0&+0&!R:2]	Any;Any
145_6	Any;GLUCOSYL_DONOR_CoF	[C&D2&v4&H2&+0&!R&z1:1]-[O&D2&v2&H0&+0&!R:2].[P&D4&v5&H0&+0&!R:3]-[O&D2&v2&H0&+0&!R:4]>>[C&D2&v4&H2&+0&!R&z1:1]-[O&D2&v2&H0&+0&!R:4].[P&D4&v5&H0&+0&!R:3]-[O&D2&v2&H0&+0&!R:2]	Any;GLUCOSYL_ACCEPTOR_CoF
145_7	Any;PHOSPHATE_ACCEPTOR_CoF	[C&D2&v4&H2&+0&!R&z1:1]-[O&D2&v2&H0&+0&!R:2].[P&D4&v5&H0&+0&!R:3]-[O&D2&v2&H0&+0&!R:4]>>[C&D2&v4&H2&+0&!R&z1:1]-[O&D2&v2&H0&+0&!R:4].[P&D4&v5&H0&+0&!R:3]-[O&D2&v2&H0&+0&!R:2]	Any;PHOSPHATE_DONOR_CoF
145_8	Any;PHOSPHATE_DONOR_CoF	[C&D2&v4&H2&+0&!R&z1:1]-[O&D2&v2&H0&+0&!R:2].[P&D4&v5&H0&+0&!R:3]-[O&D2&v2&H0&+0&!R:4]>>[C&D2&v4&H2&+0&!R&z1:1]-[O&D2&v2&H0&+0&!R:4].[P&D4&v5&H0&+0&!R:3]-[O&D2&v2&H0&+0&!R:2]	Any;PHOSPHATE_ACCEPTOR_CoF
145_9	Any;PPI	[C&D2&v4&H2&+0&!R&z1:1]-[O&D2&v2&H0&+0&!R:2].[P&D4&v5&H0&+0&!R:3]-[O&D2&v2&H0&+0&!R:4]>>[C&D2&v4&H2&+0&!R&z1:1]-[O&D2&v2&H0&+0&!R:4].[P&D4&v5&H0&+0&!R:3]-[O&D2&v2&H0&+0&!R:2]	Any;Any
145_10	PHOSPHATE_ACCEPTOR_CoF;Any	[C&D2&v4&H2&+0&!R&z1:1]-[O&D2&v2&H0&+0&!R:2].[P&D4&v5&H0&+0&!R:3]-[O&D2&v2&H0&+0&!R:4]>>[C&D2&v4&H2&+0&!R&z1:1]-[O&D2&v2&H0&+0&!R:4].[P&D4&v5&H0&+0&!R:3]-[O&D2&v2&H0&+0&!R:2]	PHOSPHATE_DONOR_CoF;Any
145_11	PHOSPHATE_ACCEPTOR_CoF;PHOSPHATE_ACCEPTOR_CoF	[C&D2&v4&H2&+0&!R&z1:1]-[O&D2&v2&H0&+0&!R:2].[P&D4&v5&H0&+0&!R:3]-[O&D2&v2&H0&+0&!R:4]>>[C&D2&v4&H2&+0&!R&z1:1]-[O&D2&v2&H0&+0&!R:4].[P&D4&v5&H0&+0&!R:3]-[O&D2&v2&H0&+0&!R:2]	PHOSPHATE_ACCEPTOR_CoF;PHOSPHATE_DONOR_CoF
145_12	PHOSPHATE_ACCEPTOR_CoF;PHOSPHATE_DONOR_CoF	[C&D2&v4&H2&+0&!R&z1:1]-[O&D2&v2&H0&+0&!R:2].[P&D4&v5&H0&+0&!R:3]-[O&D2&v2&H0&+0&!R:4]>>[C&D2&v4&H2&+0&!R&z1:1]-[O&D2&v2&H0&+0&!R:4].[P&D4&v5&H0&+0&!R:3]-[O&D2&v2&H0&+0&!R:2]	PHOSPHATE_ACCEPTOR_CoF;PHOSPHATE_ACCEPTOR_CoF
145_13	PHOSPHATE_ACCEPTOR_CoF;PHOSPHATE_DONOR_CoF	[C&D2&v4&H2&+0&!R&z1:1]-[O&D2&v2&H0&+0&!R:2].[P&D4&v5&H0&+0&!R:3]-[O&D2&v2&H0&+0&!R:4]>>[C&D2&v4&H2&+0&!R&z1:1]-[O&D2&v2&H0&+0&!R:4].[P&D4&v5&H0&+0&!R:3]-[O&D2&v2&H0&+0&!R:2]	PHOSPHATE_DONOR_CoF;PHOSPHATE_ACCEPTOR_CoF
145_14	PHOSPHATE_DONOR_CoF;Any	[C&D2&v4&H2&+0&!R&z1:1]-[O&D2&v2&H0&+0&!R:2].[P&D4&v5&H0&+0&!R:3]-[O&D2&v2&H0&+0&!R:4]>>[C&D2&v4&H2&+0&!R&z1:1]-[O&D2&v2&H0&+0&!R:4].[P&D4&v5&H0&+0&!R:3]-[O&D2&v2&H0&+0&!R:2]	PHOSPHATE_ACCEPTOR_CoF;Any
145_15	PHOSPHATE_DONOR_CoF;PHOSPHATE_ACCEPTOR_CoF	[C&D2&v4&H2&+0&!R&z1:1]-[O&D2&v2&H0&+0&!R:2].[P&D4&v5&H0&+0&!R:3]-[O&D2&v2&H0&+0&!R:4]>>[C&D2&v4&H2&+0&!R&z1:1]-[O&D2&v2&H0&+0&!R:4].[P&D4&v5&H0&+0&!R:3]-[O&D2&v2&H0&+0&!R:2]	PHOSPHATE_ACCEPTOR_CoF;PHOSPHATE_DONOR_CoF
1445_0	WATER;CO2;Any;Any	[O&D0&v2&H2&+0&!R:1].[O&D1&v2&H0&+0&!R:2]=[C&D2&v4&H0&+0&!R&z2:3].[c&D3&v4&H0&+0&R&z0:4]1:[c&D2&v4&H1&+0&R&z0:5]:[c&D2&v4&H1&+0&R&z0:6]:[c&D2&v4&H1&+0&R&z1:7]:[n&D3&v4&H0&+&R:8]:[c&D2&v4&H1&+0&R&z1:9]:1.[c&D3&v4&H0&+0&R&z1:10]-[O&D1&v2&H1&+0&!R:11]>>[C&D3&v4&H0&+0&R&z0:4]1=[C&D2&v4&H1&+0&R&z1:9]-[N&D3&v3&H0&+0&R:8]-[C&D2&v4&H1&+0&R&z1:7]=[C&D2&v4&H1&+0&R&z0:6]-[C&D2&v4&H2&+0&R&z0:5]-1.[O&D1&v2&H0&+0&!R:1]=[O&D1&v2&H0&+0&!R:11].[c&D3&v4&H0&+0&R&z0:10]-[C&D3&v4&H0&+0&!R&z2:3]-[O&D1&v2&H1&+0&!R:2]	Any;O2;Any
1445_1	WATER;CO2;NAD_CoF;Any	[O&D0&v2&H2&+0&!R:1].[O&D1&v2&H0&+0&!R:2]=[C&D2&v4&H0&+0&!R&z2:3].[c&D3&v4&H0&+0&R&z0:4]1:[c&D2&v4&H1&+0&R&z0:5]:[c&D2&v4&H1&+0&R&z0:6]:[c&D2&v4&H1&+0&R&z1:7]:[n&D3&v4&H0&+&R:8]:[c&D2&v4&H1&+0&R&z1:9]:1.[c&D3&v4&H0&+0&R&z1:10]-[O&D1&v2&H1&+0&!R:11]>>[C&D3&v4&H0&+0&R&z0:4]1=[C&D2&v4&H1&+0&R&z1:9]-[N&D3&v3&H0&+0&R:8]-[C&D2&v4&H1&+0&R&z1:7]=[C&D2&v4&H1&+0&R&z0:6]-[C&D2&v4&H2&+0&R&z0:5]-1.[O&D1&v2&H0&+0&!R:1]=[O&D1&v2&H0&+0&!R:11].[c&D3&v4&H0&+0&R&z0:10]-[C&D3&v4&H0&+0&!R&z2:3]-[O&D1&v2&H1&+0&!R:2]	NADH_CoF;O2;Any
23_0	Any;WATER	[C&D3&v4&H0&+0&!R&z2:1]-[N&D1&v3&H2&+0&!R:2].[O&D0&v2&H2&+0&!R:3]>>[C&D3&v4&H0&+0&!R&z2:1]-[O&D1&v2&H1&+0&!R:3].[N&D0&v3&H3&+0&!R:2]	Any;NH3
1084_0	Any;Any	[C&D4&v4&H0&+0&!R&z1:1]-[O&D1&v2&H1&+0&!R:2].[P&D4&v5&H0&+0&!R:3]-[O&D2&v2&H0&+0&!R:4]>>[C&D4&v4&H0&+0&!R&z1:1]-[O&D2&v2&H0&+0&!R:4].[P&D4&v5&H0&+0&!R:3]-[O&D1&v2&H1&+0&!R:2]	Any;Any
1084_1	Any;GLUCOSYL_DONOR_CoF	[C&D4&v4&H0&+0&!R&z1:1]-[O&D1&v2&H1&+0&!R:2].[P&D4&v5&H0&+0&!R:3]-[O&D2&v2&H0&+0&!R:4]>>[C&D4&v4&H0&+0&!R&z1:1]-[O&D2&v2&H0&+0&!R:4].[P&D4&v5&H0&+0&!R:3]-[O&D1&v2&H1&+0&!R:2]	Any;GLUCOSYL_ACCEPTOR_CoF
1084_2	Any;PHOSPHATE_DONOR_CoF	[C&D4&v4&H0&+0&!R&z1:1]-[O&D1&v2&H1&+0&!R:2].[P&D4&v5&H0&+0&!R:3]-[O&D2&v2&H0&+0&!R:4]>>[C&D4&v4&H0&+0&!R&z1:1]-[O&D2&v2&H0&+0&!R:4].[P&D4&v5&H0&+0&!R:3]-[O&D1&v2&H1&+0&!R:2]	Any;PHOSPHATE_ACCEPTOR_CoF
199_0	Any;Any	[C&D1&v4&H3&+0&!R&z1:1]-[S&D3&v3&H0&+&!R:2].[c&D2&v4&H1&+0&R&z0:3]>>[S&D2&v2&H0&+0&!R:2].[c&D3&v4&H0&+0&R&z0:3]-[C&D1&v4&H3&+0&!R&z0:1]	Any;Any
199_1	METHYL_DONOR_CoF;Any	[C&D1&v4&H3&+0&!R&z1:1]-[S&D3&v3&H0&+&!R:2].[c&D2&v4&H1&+0&R&z0:3]>>[S&D2&v2&H0&+0&!R:2].[c&D3&v4&H0&+0&R&z0:3]-[C&D1&v4&H3&+0&!R&z0:1]	METHYL_ACCEPTOR_CoF;Any
6_0	Any;Any	[N&D1&v3&H2&+0&!R:1].[O&D2&v2&H0&+0&!R:2]-[C&D3&v4&H0&+0&!R&z2:3]>>[N&D2&v3&H1&+0&!R:1]-[C&D3&v4&H0&+0&!R&z2:3].[O&D1&v2&H1&+0&!R:2]	Any;Any
6_1	Any;Any	[N&D1&v3&H2&+0&!R:1].[O&D2&v2&H0&+0&!R:2]-[C&D3&v4&H0&+0&!R&z2:3]>>[N&D2&v3&H1&+0&!R:1]-[C&D3&v4&H0&+0&!R&z2:3].[O&D1&v2&H1&+0&!R:2]	Any;Pi
316_0	Any;Any	[C&D2&v4&H1&+0&!R&z0:1]=[C&D2&v4&H1&+0&!R&z0:2].[C&D3&v4&H0&+0&R&z0:3]1=[C&D2&v4&H1&+0&R&z1:4]-[N&D3&v3&H0&+0&R:5]-[C&D2&v4&H1&+0&R&z1:6]=[C&D2&v4&H1&+0&R&z0:7]-[C&D2&v4&H2&+0&R&z0:8]-1>>[C&D2&v4&H2&+0&!R&z0:1]-[C&D2&v4&H2&+0&!R&z0:2].[c&D3&v4&H0&+0&R&z0:3]1:[c&D2&v4&H1&+0&R&z0:8]:[c&D2&v4&H1&+0&R&z0:7]:[c&D2&v4&H1&+0&R&z1:6]:[n&D3&v4&H0&+&R:5]:[c&D2&v4&H1&+0&R&z1:4]:1	Any;Any
316_1	Any;NADH_CoF	[C&D2&v4&H1&+0&!R&z0:1]=[C&D2&v4&H1&+0&!R&z0:2].[C&D3&v4&H0&+0&R&z0:3]1=[C&D2&v4&H1&+0&R&z1:4]-[N&D3&v3&H0&+0&R:5]-[C&D2&v4&H1&+0&R&z1:6]=[C&D2&v4&H1&+0&R&z0:7]-[C&D2&v4&H2&+0&R&z0:8]-1>>[C&D2&v4&H2&+0&!R&z0:1]-[C&D2&v4&H2&+0&!R&z0:2].[c&D3&v4&H0&+0&R&z0:3]1:[c&D2&v4&H1&+0&R&z0:8]:[c&D2&v4&H1&+0&R&z0:7]:[c&D2&v4&H1&+0&R&z1:6]:[n&D3&v4&H0&+&R:5]:[c&D2&v4&H1&+0&R&z1:4]:1	Any;NAD_CoF
1592_0	Any;Any	[C&D3&v4&H0&+0&R&z0:1]1=[C&D2&v4&H1&+0&R&z1:2]-[N&D3&v3&H0&+0&R:3]-[C&D2&v4&H1&+0&R&z1:4]=[C&D2&v4&H1&+0&R&z0:5]-[C&D2&v4&H2&+0&R&z0:6]-1.([O&D1&v2&H0&+0&!R:7]=[C&D3&v4&H0&+0&R&z2:8]-[O&D2&v2&H0&+0&R:9].[O&D1&v2&H1&+0&!R:10])>>([O&D1&v2&H1&+0&!R:9].[O&D2&v2&H0&+0&R:10]-[C&D3&v4&H1&+0&R&z2:8]-[O&D1&v2&H1&+0&!R:7]).[c&D3&v4&H0&+0&R&z0:1]1:[c&D2&v4&H1&+0&R&z0:6]:[c&D2&v4&H1&+0&R&z0:5]:[c&D2&v4&H1&+0&R&z1:4]:[n&D3&v4&H0&+&R:3]:[c&D2&v4&H1&+0&R&z1:2]:1	Any;Any
1592_1	NADH_CoF;Any	[C&D3&v4&H0&+0&R&z0:1]1=[C&D2&v4&H1&+0&R&z1:2]-[N&D3&v3&H0&+0&R:3]-[C&D2&v4&H1&+0&R&z1:4]=[C&D2&v4&H1&+0&R&z0:5]-[C&D2&v4&H2&+0&R&z0:6]-1.([O&D1&v2&H0&+0&!R:7]=[C&D3&v4&H0&+0&R&z2:8]-[O&D2&v2&H0&+0&R:9].[O&D1&v2&H1&+0&!R:10])>>([O&D1&v2&H1&+0&!R:9].[O&D2&v2&H0&+0&R:10]-[C&D3&v4&H1&+0&R&z2:8]-[O&D1&v2&H1&+0&!R:7]).[c&D3&v4&H0&+0&R&z0:1]1:[c&D2&v4&H1&+0&R&z0:6]:[c&D2&v4&H1&+0&R&z0:5]:[c&D2&v4&H1&+0&R&z1:4]:[n&D3&v4&H0&+&R:3]:[c&D2&v4&H1&+0&R&z1:2]:1	Any;NAD_CoF
242_0	Any;Any	[C&D3&v4&H0&+0&!R&z2:1]-[O&D2&v2&H0&+0&!R:2].[P&D4&v5&H0&+0&!R:3]-[O&D1&v2&H1&+0&!R:4]>>[C&D3&v4&H0&+0&!R&z2:1]-[O&D1&v2&H1&+0&!R:4].[P&D4&v5&H0&+0&!R:3]-[O&D2&v2&H0&+0&!R:2]	Any;Any
242_1	Any;PHOSPHATE_ACCEPTOR_CoF	[C&D3&v4&H0&+0&!R&z2:1]-[O&D2&v2&H0&+0&!R:2].[P&D4&v5&H0&+0&!R:3]-[O&D1&v2&H1&+0&!R:4]>>[C&D3&v4&H0&+0&!R&z2:1]-[O&D1&v2&H1&+0&!R:4].[P&D4&v5&H0&+0&!R:3]-[O&D2&v2&H0&+0&!R:2]	Any;PHOSPHATE_DONOR_CoF
242_2	Any;PPI	[C&D3&v4&H0&+0&!R&z2:1]-[O&D2&v2&H0&+0&!R:2].[P&D4&v5&H0&+0&!R:3]-[O&D1&v2&H1&+0&!R:4]>>[C&D3&v4&H0&+0&!R&z2:1]-[O&D1&v2&H1&+0&!R:4].[P&D4&v5&H0&+0&!R:3]-[O&D2&v2&H0&+0&!R:2]	Any;Any
242_3	Any;Pi	[C&D3&v4&H0&+0&!R&z2:1]-[O&D2&v2&H0&+0&!R:2].[P&D4&v5&H0&+0&!R:3]-[O&D1&v2&H1&+0&!R:4]>>[C&D3&v4&H0&+0&!R&z2:1]-[O&D1&v2&H1&+0&!R:4].[P&D4&v5&H0&+0&!R:3]-[O&D2&v2&H0&+0&!R:2]	Any;PPI
448_0	Any;Any	[C&D2&v4&H2&+0&!R&z1:1]-[O&D1&v2&H1&+0&!R:2].[c&D3&v4&H0&+0&R&z0:3]1:[c&D2&v4&H1&+0&R&z0:4]:[c&D2&v4&H1&+0&R&z0:5]:[c&D2&v4&H1&+0&R&z1:6]:[n&D3&v4&H0&+&R:7]:[c&D2&v4&H1&+0&R&z1:8]:1>>[C&D2&v4&H1&+0&!R&z1:1]=[O&D1&v2&H0&+0&!R:2].[C&D3&v4&H0&+0&R&z0:3]1=[C&D2&v4&H1&+0&R&z1:8]-[N&D3&v3&H0&+0&R:7]-[C&D2&v4&H1&+0&R&z1:6]=[C&D2&v4&H1&+0&R&z0:5]-[C&D2&v4&H2&+0&R&z0:4]-1	Any;Any
448_1	Any;NAD_CoF	[C&D2&v4&H2&+0&!R&z1:1]-[O&D1&v2&H1&+0&!R:2].[c&D3&v4&H0&+0&R&z0:3]1:[c&D2&v4&H1&+0&R&z0:4]:[c&D2&v4&H1&+0&R&z0:5]:[c&D2&v4&H1&+0&R&z1:6]:[n&D3&v4&H0&+&R:7]:[c&D2&v4&H1&+0&R&z1:8]:1>>[C&D2&v4&H1&+0&!R&z1:1]=[O&D1&v2&H0&+0&!R:2].[C&D3&v4&H0&+0&R&z0:3]1=[C&D2&v4&H1&+0&R&z1:8]-[N&D3&v3&H0&+0&R:7]-[C&D2&v4&H1&+0&R&z1:6]=[C&D2&v4&H1&+0&R&z0:5]-[C&D2&v4&H2&+0&R&z0:4]-1	Any;NADH_CoF
13_0	ACETYL-COA;Any	[C&D3&v4&H0&+0&!R&z2:1](=[O&D1&v2&H0&+0&!R:2])-[S&D2&v2&H0&+0&!R:3].[N&D1&v3&H2&+0&!R:4]>>[N&D2&v3&H1&+0&!R:4]-[C&D3&v4&H0&+0&!R&z2:1]=[O&D1&v2&H0&+0&!R:2].[S&D1&v2&H1&+0&!R:3]	Any;CoA
13_1	Any;Any	[C&D3&v4&H0&+0&!R&z2:1](=[O&D1&v2&H0&+0&!R:2])-[S&D2&v2&H0&+0&!R:3].[N&D1&v3&H2&+0&!R:4]>>[N&D2&v3&H1&+0&!R:4]-[C&D3&v4&H0&+0&!R&z2:1]=[O&D1&v2&H0&+0&!R:2].[S&D1&v2&H1&+0&!R:3]	Any;Any
13_2	Any;Any	[C&D3&v4&H0&+0&!R&z2:1](=[O&D1&v2&H0&+0&!R:2])-[S&D2&v2&H0&+0&!R:3].[N&D1&v3&H2&+0&!R:4]>>[N&D2&v3&H1&+0&!R:4]-[C&D3&v4&H0&+0&!R&z2:1]=[O&D1&v2&H0&+0&!R:2].[S&D1&v2&H1&+0&!R:3]	Any;CoA
294_0	Any;Any	[C&D3&v4&H0&+0&!R&z2:1](=[O&D1&v2&H0&+0&!R:2])-[O&D1&v2&H1&+0&!R:3].[S&D1&v2&H1&+0&!R:4]>>[O&D0&v2&H2&+0&!R:3].[S&D2&v2&H0&+0&!R:4]-[C&D3&v4&H0&+0&!R&z2:1]=[O&D1&v2&H0&+0&!R:2]	WATER;Any
294_1	Any;CoA	[C&D3&v4&H0&+0&!R&z2:1](=[O&D1&v2&H0&+0&!R:2])-[O&D1&v2&H1&+0&!R:3].[S&D1&v2&H1&+0&!R:4]>>[O&D0&v2&H2&+0&!R:3].[S&D2&v2&H0&+0&!R:4]-[C&D3&v4&H0&+0&!R&z2:1]=[O&D1&v2&H0&+0&!R:2]	WATER;ACETYL-COA
294_2	Any;CoA	[C&D3&v4&H0&+0&!R&z2:1](=[O&D1&v2&H0&+0&!R:2])-[O&D1&v2&H1&+0&!R:3].[S&D1&v2&H1&+0&!R:4]>>[O&D0&v2&H2&+0&!R:3].[S&D2&v2&H0&+0&!R:4]-[C&D3&v4&H0&+0&!R&z2:1]=[O&D1&v2&H0&+0&!R:2]	WATER;Any
1936_0	Any	[C&D4&v4&H0&+0&R&z0:1](-[C&D3&v4&H0&+0&!R&z2:2]-[O&D1&v2&H1&+0&!R:3])(-[C&D2&v4&H1&+0&R&z0:4]=[C&D2&v4&H1&+0&R&z0:5])-[C&D2&v4&H1&+0&R&z0:6]>>[C&D3&v4&H0&+0&R&z0:1](=[C&D2&v4&H1&+0&R&z0:4]-[C&D2&v4&H2&+0&R&z0:5])-[C&D2&v4&H1&+0&R&z0:6].[O&D1&v2&H0&+0&!R:3]=[C&D2&v4&H0&+0&!R&z2:2]	Any;CO2
1189_0	Any;O2	[C&D2&v4&H2&+0&!R&z1:1]-[O&D1&v2&H1&+0&!R:2].[O&D1&v2&H0&+0&!R:3]=[O&D1&v2&H0&+0&!R:4]>>[C&D2&v4&H1&+0&!R&z1:1]=[O&D1&v2&H0&+0&!R:2].[O&D1&v2&H1&+0&!R:3]-[O&D1&v2&H1&+0&!R:4]	Any;H2O2
1922_0	Any	[O&D1&v2&H0&+0&!R:1]=[C&D3&v4&H0&+0&!R&z1:2](-[C&D2&v4&H2&+0&!R&z1:3])-[C&D3&v4&H1&+0&!R&z1:4]-[C&D2&v4&H2&+0&!R&z1:5]>>[O&D1&v2&H0&+0&!R:1]=[C&D3&v4&H0&+0&!R&z1:2](-[C&D2&v4&H2&+0&!R&z1:5])-[C&D3&v4&H1&+0&!R&z1:4]-[C&D2&v4&H2&+0&!R&z1:3]	Any
839_0	Any;Any;Any	[C&D2&v4&H1&+0&!R&z1:1].[S&D1&v2&H1&+0&!R:2].[c&D3&v4&H0&+0&R&z0:3]1:[c&D2&v4&H1&+0&R&z0:4]:[c&D2&v4&H1&+0&R&z0:5]:[c&D2&v4&H1&+0&R&z1:6]:[n&D3&v4&H0&+&R:7]:[c&D2&v4&H1&+0&R&z1:8]:1>>[C&D3&v4&H0&+0&!R&z2:1]-[S&D2&v2&H0&+0&!R:2].[C&D3&v4&H0&+0&R&z0:3]1=[C&D2&v4&H1&+0&R&z1:8]-[N&D3&v3&H0&+0&R:7]-[C&D2&v4&H1&+0&R&z1:6]=[C&D2&v4&H1&+0&R&z0:5]-[C&D2&v4&H2&+0&R&z0:4]-1	Any;Any
839_1	Any;Any;NAD_CoF	[C&D2&v4&H1&+0&!R&z1:1].[S&D1&v2&H1&+0&!R:2].[c&D3&v4&H0&+0&R&z0:3]1:[c&D2&v4&H1&+0&R&z0:4]:[c&D2&v4&H1&+0&R&z0:5]:[c&D2&v4&H1&+0&R&z1:6]:[n&D3&v4&H0&+&R:7]:[c&D2&v4&H1&+0&R&z1:8]:1>>[C&D3&v4&H0&+0&!R&z2:1]-[S&D2&v2&H0&+0&!R:2].[C&D3&v4&H0&+0&R&z0:3]1=[C&D2&v4&H1&+0&R&z1:8]-[N&D3&v3&H0&+0&R:7]-[C&D2&v4&H1&+0&R&z1:6]=[C&D2&v4&H1&+0&R&z0:5]-[C&D2&v4&H2&+0&R&z0:4]-1	Any;NADH_CoF
839_2	Any;CoA;Any	[C&D2&v4&H1&+0&!R&z1:1].[S&D1&v2&H1&+0&!R:2].[c&D3&v4&H0&+0&R&z0:3]1:[c&D2&v4&H1&+0&R&z0:4]:[c&D2&v4&H1&+0&R&z0:5]:[c&D2&v4&H1&+0&R&z1:6]:[n&D3&v4&H0&+&R:7]:[c&D2&v4&H1&+0&R&z1:8]:1>>[C&D3&v4&H0&+0&!R&z2:1]-[S&D2&v2&H0&+0&!R:2].[C&D3&v4&H0&+0&R&z0:3]1=[C&D2&v4&H1&+0&R&z1:8]-[N&D3&v3&H0&+0&R:7]-[C&D2&v4&H1&+0&R&z1:6]=[C&D2&v4&H1&+0&R&z0:5]-[C&D2&v4&H2&+0&R&z0:4]-1	ACETYL-COA;Any
839_3	Any;CoA;Any	[C&D2&v4&H1&+0&!R&z1:1].[S&D1&v2&H1&+0&!R:2].[c&D3&v4&H0&+0&R&z0:3]1:[c&D2&v4&H1&+0&R&z0:4]:[c&D2&v4&H1&+0&R&z0:5]:[c&D2&v4&H1&+0&R&z1:6]:[n&D3&v4&H0&+&R:7]:[c&D2&v4&H1&+0&R&z1:8]:1>>[C&D3&v4&H0&+0&!R&z2:1]-[S&D2&v2&H0&+0&!R:2].[C&D3&v4&H0&+0&R&z0:3]1=[C&D2&v4&H1&+0&R&z1:8]-[N&D3&v3&H0&+0&R:7]-[C&D2&v4&H1&+0&R&z1:6]=[C&D2&v4&H1&+0&R&z0:5]-[C&D2&v4&H2&+0&R&z0:4]-1	Any;Any
839_4	Any;CoA;NAD_CoF	[C&D2&v4&H1&+0&!R&z1:1].[S&D1&v2&H1&+0&!R:2].[c&D3&v4&H0&+0&R&z0:3]1:[c&D2&v4&H1&+0&R&z0:4]:[c&D2&v4&H1&+0&R&z0:5]:[c&D2&v4&H1&+0&R&z1:6]:[n&D3&v4&H0&+&R:7]:[c&D2&v4&H1&+0&R&z1:8]:1>>[C&D3&v4&H0&+0&!R&z2:1]-[S&D2&v2&H0&+0&!R:2].[C&D3&v4&H0&+0&R&z0:3]1=[C&D2&v4&H1&+0&R&z1:8]-[N&D3&v3&H0&+0&R:7]-[C&D2&v4&H1&+0&R&z1:6]=[C&D2&v4&H1&+0&R&z0:5]-[C&D2&v4&H2&+0&R&z0:4]-1	ACETYL-COA;NADH_CoF
839_5	Any;CoA;NAD_CoF	[C&D2&v4&H1&+0&!R&z1:1].[S&D1&v2&H1&+0&!R:2].[c&D3&v4&H0&+0&R&z0:3]1:[c&D2&v4&H1&+0&R&z0:4]:[c&D2&v4&H1&+0&R&z0:5]:[c&D2&v4&H1&+0&R&z1:6]:[n&D3&v4&H0&+&R:7]:[c&D2&v4&H1&+0&R&z1:8]:1>>[C&D3&v4&H0&+0&!R&z2:1]-[S&D2&v2&H0&+0&!R:2].[C&D3&v4&H0&+0&R&z0:3]1=[C&D2&v4&H1&+0&R&z1:8]-[N&D3&v3&H0&+0&R:7]-[C&D2&v4&H1&+0&R&z1:6]=[C&D2&v4&H1&+0&R&z0:5]-[C&D2&v4&H2&+0&R&z0:4]-1	Any;NADH_CoF
33_0	Any;ACETYL-COA	[C&D3&v4&H0&+0&!R&z2:1]-[O&D1&v2&H1&+0&!R:2].[S&D2&v2&H0&+0&!R:3]-[C&D3&v4&H0&+0&!R&z2:4]>>[C&D3&v4&H0&+0&!R&z2:4]-[O&D1&v2&H1&+0&!R:2].[C&D3&v4&H0&+0&!R&z2:1]-[S&D2&v2&H0&+0&!R:3]	Any;Any
33_1	Any;Any	[C&D3&v4&H0&+0&!R&z2:1]-[O&D1&v2&H1&+0&!R:2].[S&D2&v2&H0&+0&!R:3]-[C&D3&v4&H0&+0&!R&z2:4]>>[C&D3&v4&H0&+0&!R&z2:4]-[O&D1&v2&H1&+0&!R:2].[C&D3&v4&H0&+0&!R&z2:1]-[S&D2&v2&H0&+0&!R:3]	Any;ACETYL-COA
33_2	Any;Any	[C&D3&v4&H0&+0&!R&z2:1]-[O&D1&v2&H1&+0&!R:2].[S&D2&v2&H0&+0&!R:3]-[C&D3&v4&H0&+0&!R&z2:4]>>[C&D3&v4&H0&+0&!R&z2:4]-[O&D1&v2&H1&+0&!R:2].[C&D3&v4&H0&+0&!R&z2:1]-[S&D2&v2&H0&+0&!R:3]	Any;Any
1709_0	Any	[C&D3&v4&H0&+0&!R&z0:1](=[C&D2&v4&H1&+0&!R&z0:2]-[C&D2&v4&H1&+0&!R&z1:3]=[O&D1&v2&H0&+0&!R:4])-[C&D2&v4&H1&+0&!R&z0:5]=[C&D3&v4&H0&+0&!R&z1:6]-[C&D3&v4&H0&+0&!R&z2:7]=[O&D1&v2&H0&+0&!R:8]>>[O&D1&v2&H0&+0&!R:4]=[O&D1&v2&H0&+0&!R:8].[c&D3&v4&H0&+0&R&z0:1]1:[c&D2&v4&H1&+0&R&z0:2]:[c&D2&v4&H1&+0&R&z0:3]:[c&D3&v4&H0&+0&R&z1:7]:[c&D3&v4&H0&+0&R&z1:6]:[c&D2&v4&H1&+0&R&z0:5]:1	O2;Any
51_0	Any;Any	[C&D3&v4&H1&+0&R&z1:1]-[O&D2&v2&H0&+0&!R:2].[P&D4&v5&H0&+0&!R:3]-[O&D1&v2&H1&+0&!R:4]>>[C&D3&v4&H1&+0&R&z1:1]-[O&D1&v2&H1&+0&!R:4].[P&D4&v5&H0&+0&!R:3]-[O&D2&v2&H0&+0&!R:2]	Any;Any
51_1	Any;PHOSPHATE_ACCEPTOR_CoF	[C&D3&v4&H1&+0&R&z1:1]-[O&D2&v2&H0&+0&!R:2].[P&D4&v5&H0&+0&!R:3]-[O&D1&v2&H1&+0&!R:4]>>[C&D3&v4&H1&+0&R&z1:1]-[O&D1&v2&H1&+0&!R:4].[P&D4&v5&H0&+0&!R:3]-[O&D2&v2&H0&+0&!R:2]	Any;PHOSPHATE_DONOR_CoF
51_2	Any;PPI	[C&D3&v4&H1&+0&R&z1:1]-[O&D2&v2&H0&+0&!R:2].[P&D4&v5&H0&+0&!R:3]-[O&D1&v2&H1&+0&!R:4]>>[C&D3&v4&H1&+0&R&z1:1]-[O&D1&v2&H1&+0&!R:4].[P&D4&v5&H0&+0&!R:3]-[O&D2&v2&H0&+0&!R:2]	Any;Any
51_3	Any;PRENYL_ACCEPTOR_CoF	[C&D3&v4&H1&+0&R&z1:1]-[O&D2&v2&H0&+0&!R:2].[P&D4&v5&H0&+0&!R:3]-[O&D1&v2&H1&+0&!R:4]>>[C&D3&v4&H1&+0&R&z1:1]-[O&D1&v2&H1&+0&!R:4].[P&D4&v5&H0&+0&!R:3]-[O&D2&v2&H0&+0&!R:2]	Any;PRENYL_DONOR_CoF
51_4	Any;Pi	[C&D3&v4&H1&+0&R&z1:1]-[O&D2&v2&H0&+0&!R:2].[P&D4&v5&H0&+0&!R:3]-[O&D1&v2&H1&+0&!R:4]>>[C&D3&v4&H1&+0&R&z1:1]-[O&D1&v2&H1&+0&!R:4].[P&D4&v5&H0&+0&!R:3]-[O&D2&v2&H0&+0&!R:2]	Any;Any
51_5	Any;SULFATE_ACCEPTOR_CoF	[C&D3&v4&H1&+0&R&z1:1]-[O&D2&v2&H0&+0&!R:2].[P&D4&v5&H0&+0&!R:3]-[O&D1&v2&H1&+0&!R:4]>>[C&D3&v4&H1&+0&R&z1:1]-[O&D1&v2&H1&+0&!R:4].[P&D4&v5&H0&+0&!R:3]-[O&D2&v2&H0&+0&!R:2]	Any;SULFATE_DONOR_CoF
938_0	Any	([C&D3&v4&H0&+0&!R&z0:1](-[C&D1&v4&H3&+0&!R&z0:2])=[C&D2&v4&H1&+0&!R&z0:3]-[C&D2&v4&H2&+0&!R&z1:4]-[O&D2&v2&H0&+0&!R:5].[C&D3&v4&H0&+0&!R&z0:6]=[C&D2&v4&H1&+0&!R&z0:7])>>[C&D1&v4&H2&+0&!R&z0:2]=[C&D3&v4&H0&+0&R&z0:1]-[C&D3&v4&H1&+0&R&z0:3]1-[C&D4&v4&H0&+0&R&z0:7](-[C&D3&v4&H1&+0&!R&z0:6])-[C&D2&v4&H2&+0&R&z0:4]-1.[O&D1&v2&H1&+0&!R:5]	Any;PPI
507_0	Any;Any;O2	[C&D2&v4&H2&+0&R&z0:1]-[C&D2&v4&H2&+0&R&z0:2].[C&D3&v4&H0&+0&!R&z1:3]-[C&D3&v4&H0&+0&!R&z2:4]-[O&D1&v2&H1&+0&!R:5].[O&D1&v2&H0&+0&!R:6]=[O&D1&v2&H0&+0&!R:7]>>[C&D2&v4&H1&+0&R&z0:1]=[C&D2&v4&H1&+0&R&z0:2].[C&D3&v4&H0&+0&!R&z2:3]-[O&D1&v2&H1&+0&!R:6].[O&D0&v2&H2&+0&!R:7].[O&D1&v2&H0&+0&!R:5]=[C&D2&v4&H0&+0&!R&z2:4]	Any;Any;WATER;CO2
464_0	Any;Any;Any	[C&D1&v4&H2&+0&!R&z0:1]=[C&D3&v4&H0&+0&!R&z0:2]-[C&D2&v4&H2&+0&!R&z0:3].[C&D1&v4&H2&+0&!R&z0:4]=[C&D3&v4&H0&+0&!R&z0:5]-[C&D2&v4&H2&+0&!R&z0:6]-[C&D2&v4&H2&+0&!R&z1:7]-[O&D2&v2&H0&+0&!R:8].[C&D2&v4&H2&+0&!R&z1:9]-[O&D2&v2&H0&+0&!R:10]>>[C&D2&v4&H2&+0&!R&z0:9]-[C&D2&v4&H2&+0&!R&z0:4]-[C&D3&v4&H0&+0&!R&z0:5]=[C&D2&v4&H1&+0&!R&z0:6]-[C&D2&v4&H2&+0&!R&z0:7]-[C&D2&v4&H2&+0&!R&z0:1]-[C&D3&v4&H0&+0&!R&z0:2]=[C&D2&v4&H1&+0&!R&z0:3].[O&D1&v2&H1&+0&!R:8].[O&D1&v2&H1&+0&!R:10]	Any;PPI;PPI
464_1	Any;Any;PRENYL_DONOR_CoF	[C&D1&v4&H2&+0&!R&z0:1]=[C&D3&v4&H0&+0&!R&z0:2]-[C&D2&v4&H2&+0&!R&z0:3].[C&D1&v4&H2&+0&!R&z0:4]=[C&D3&v4&H0&+0&!R&z0:5]-[C&D2&v4&H2&+0&!R&z0:6]-[C&D2&v4&H2&+0&!R&z1:7]-[O&D2&v2&H0&+0&!R:8].[C&D2&v4&H2&+0&!R&z1:9]-[O&D2&v2&H0&+0&!R:10]>>[C&D2&v4&H2&+0&!R&z0:9]-[C&D2&v4&H2&+0&!R&z0:4]-[C&D3&v4&H0&+0&!R&z0:5]=[C&D2&v4&H1&+0&!R&z0:6]-[C&D2&v4&H2&+0&!R&z0:7]-[C&D2&v4&H2&+0&!R&z0:1]-[C&D3&v4&H0&+0&!R&z0:2]=[C&D2&v4&H1&+0&!R&z0:3].[O&D1&v2&H1&+0&!R:8].[O&D1&v2&H1&+0&!R:10]	Any;PRENYL_ACCEPTOR_CoF;PRENYL_ACCEPTOR_CoF
573_0	Any	[C&D2&v4&H2&+0&!R&z0:1]-[C&D3&v4&H0&+0&!R&z2:2](-[S&D1&v2&H1&+0&!R:3])=[N&D2&v3&H0&+0&!R:4]-[O&D2&v2&H0&+0&!R:5]>>[C&D2&v4&H2&+0&!R&z1:1]-[N&D2&v3&H0&+0&!R:4]=[C&D2&v4&H0&+0&!R&z2:2]=[S&D1&v2&H0&+0&!R:3].[O&D1&v2&H1&+0&!R:5]	Any;SULFATE
637_0	ACETYL-COA;Any	[C&D1&v4&H3&+0&!R&z0:1].[C&D2&v4&H1&+0&!R&z1:2]=[O&D1&v2&H0&+0&!R:3]>>[C&D3&v4&H1&+0&!R&z1:2](-[O&D1&v2&H1&+0&!R:3])-[C&D2&v4&H2&+0&!R&z0:1]	Any
637_1	Any;Any	[C&D1&v4&H3&+0&!R&z0:1].[C&D2&v4&H1&+0&!R&z1:2]=[O&D1&v2&H0&+0&!R:3]>>[C&D3&v4&H1&+0&!R&z1:2](-[O&D1&v2&H1&+0&!R:3])-[C&D2&v4&H2&+0&!R&z0:1]	Any
473_0	Any;Any	[C&D1&v4&H2&+0&!R&z0:1]=[C&D3&v4&H0&+0&!R&z0:2]-[C&D3&v4&H1&+0&!R&z0:3].[S&D2&v2&H0&+0&!R:4]>>[C&D1&v4&H3&+0&!R&z1:1]-[S&D3&v3&H0&+&!R:4].[C&D3&v4&H0&+0&!R&z0:3]=[C&D2&v4&H1&+0&!R&z0:2]	Any;Any
473_1	Any;METHYL_ACCEPTOR_CoF	[C&D1&v4&H2&+0&!R&z0:1]=[C&D3&v4&H0&+0&!R&z0:2]-[C&D3&v4&H1&+0&!R&z0:3].[S&D2&v2&H0&+0&!R:4]>>[C&D1&v4&H3&+0&!R&z1:1]-[S&D3&v3&H0&+&!R:4].[C&D3&v4&H0&+0&!R&z0:3]=[C&D2&v4&H1&+0&!R&z0:2]	METHYL_DONOR_CoF;Any
83_0	Any;Any	[C&D3&v4&H0&+0&!R&z1:1]=[O&D1&v2&H0&+0&!R:2].[C&D3&v4&H0&+0&R&z0:3]1=[C&D2&v4&H1&+0&R&z1:4]-[N&D3&v3&H0&+0&R:5]-[C&D2&v4&H1&+0&R&z1:6]=[C&D2&v4&H1&+0&R&z0:7]-[C&D2&v4&H2&+0&R&z0:8]-1>>[C&D3&v4&H1&+0&!R&z1:1]-[O&D1&v2&H1&+0&!R:2].[c&D3&v4&H0&+0&R&z0:3]1:[c&D2&v4&H1&+0&R&z0:8]:[c&D2&v4&H1&+0&R&z0:7]:[c&D2&v4&H1&+0&R&z1:6]:[n&D3&v4&H0&+&R:5]:[c&D2&v4&H1&+0&R&z1:4]:1	Any;Any
83_1	Any;NADH_CoF	[C&D3&v4&H0&+0&!R&z1:1]=[O&D1&v2&H0&+0&!R:2].[C&D3&v4&H0&+0&R&z0:3]1=[C&D2&v4&H1&+0&R&z1:4]-[N&D3&v3&H0&+0&R:5]-[C&D2&v4&H1&+0&R&z1:6]=[C&D2&v4&H1&+0&R&z0:7]-[C&D2&v4&H2&+0&R&z0:8]-1>>[C&D3&v4&H1&+0&!R&z1:1]-[O&D1&v2&H1&+0&!R:2].[c&D3&v4&H0&+0&R&z0:3]1:[c&D2&v4&H1&+0&R&z0:8]:[c&D2&v4&H1&+0&R&z0:7]:[c&D2&v4&H1&+0&R&z1:6]:[n&D3&v4&H0&+&R:5]:[c&D2&v4&H1&+0&R&z1:4]:1	Any;NAD_CoF
1216_0	Any	[C&D2&v4&H1&+0&!R&z0:1]-[C&D2&v4&H1&+0&!R&z0:2]=[C&D2&v4&H1&+0&!R&z0:3]-[C&D3&v4&H1&+0&!R&z1:4]-[O&D2&v2&H0&+0&!R:5]-[O&D1&v2&H1&+0&!R:6]>>[C&D2&v4&H1&+0&!R&z0:1]-[C&D2&v4&H2&+0&!R&z0:2]-[C&D2&v4&H1&+0&!R&z0:3]=[C&D2&v4&H1&+0&!R&z0:4].[O&D1&v2&H0&+0&!R:5]=[O&D1&v2&H0&+0&!R:6]	Any;O2
255_0	AMINO_CoF;WATER;O2	[C&D2&v4&H2&+0&!R&z1:1]-[N&D1&v3&H2&+0&!R:2].[O&D0&v2&H2&+0&!R:3].[O&D1&v2&H0&+0&!R:4]=[O&D1&v2&H0&+0&!R:5]>>[C&D2&v4&H1&+0&!R&z1:1]=[O&D1&v2&H0&+0&!R:3].[N&D0&v3&H3&+0&!R:2].[O&D1&v2&H1&+0&!R:4]-[O&D1&v2&H1&+0&!R:5]	CARBONYL_CoF;NH3;H2O2
255_1	Any;WATER;O2	[C&D2&v4&H2&+0&!R&z1:1]-[N&D1&v3&H2&+0&!R:2].[O&D0&v2&H2&+0&!R:3].[O&D1&v2&H0&+0&!R:4]=[O&D1&v2&H0&+0&!R:5]>>[C&D2&v4&H1&+0&!R&z1:1]=[O&D1&v2&H0&+0&!R:3].[N&D0&v3&H3&+0&!R:2].[O&D1&v2&H1&+0&!R:4]-[O&D1&v2&H1&+0&!R:5]	Any;NH3;H2O2
333_0	Any;CO2	[C&D2&v4&H2&+0&!R&z1:1].[O&D1&v2&H0&+0&!R:2]=[C&D2&v4&H0&+0&!R&z2:3]>>[C&D3&v4&H1&+0&!R&z1:1]-[C&D3&v4&H0&+0&!R&z2:3]-[O&D1&v2&H1&+0&!R:2]	Any
765_0	Any;Any;H2O2	[C&D2&v4&H1&+0&!R&z1:1]=[O&D1&v2&H0&+0&!R:2].[N&D1&v3&H2&+0&!R:3].[O&D1&v2&H1&+0&!R:4]-[O&D1&v2&H1&+0&!R:5]>>[C&D2&v4&H2&+0&!R&z1:1]-[N&D2&v3&H1&+0&!R:3].[O&D0&v2&H2&+0&!R:2].[O&D1&v2&H0&+0&!R:4]=[O&D1&v2&H0&+0&!R:5]	Any;WATER;O2
243_0	Any;Any;Any	[C&D2&v4&H1&+0&!R&z1:1].[O&D1&v2&H1&+0&!R:2].[c&D3&v4&H0&+0&R&z0:3]1:[c&D2&v4&H1&+0&R&z0:4]:[c&D2&v4&H1&+0&R&z0:5]:[c&D2&v4&H1&+0&R&z1:6]:[n&D3&v4&H0&+&R:7]:[c&D2&v4&H1&+0&R&z1:8]:1>>[C&D3&v4&H0&+0&!R&z2:1]-[O&D2&v2&H0&+0&!R:2].[C&D3&v4&H0&+0&R&z0:3]1=[C&D2&v4&H1&+0&R&z1:8]-[N&D3&v3&H0&+0&R:7]-[C&D2&v4&H1&+0&R&z1:6]=[C&D2&v4&H1&+0&R&z0:5]-[C&D2&v4&H2&+0&R&z0:4]-1	Any;Any
243_1	Any;Any;NAD_CoF	[C&D2&v4&H1&+0&!R&z1:1].[O&D1&v2&H1&+0&!R:2].[c&D3&v4&H0&+0&R&z0:3]1:[c&D2&v4&H1&+0&R&z0:4]:[c&D2&v4&H1&+0&R&z0:5]:[c&D2&v4&H1&+0&R&z1:6]:[n&D3&v4&H0&+&R:7]:[c&D2&v4&H1&+0&R&z1:8]:1>>[C&D3&v4&H0&+0&!R&z2:1]-[O&D2&v2&H0&+0&!R:2].[C&D3&v4&H0&+0&R&z0:3]1=[C&D2&v4&H1&+0&R&z1:8]-[N&D3&v3&H0&+0&R:7]-[C&D2&v4&H1&+0&R&z1:6]=[C&D2&v4&H1&+0&R&z0:5]-[C&D2&v4&H2&+0&R&z0:4]-1	Any;NADH_CoF
243_2	Any;Pi;Any	[C&D2&v4&H1&+0&!R&z1:1].[O&D1&v2&H1&+0&!R:2].[c&D3&v4&H0&+0&R&z0:3]1:[c&D2&v4&H1&+0&R&z0:4]:[c&D2&v4&H1&+0&R&z0:5]:[c&D2&v4&H1&+0&R&z1:6]:[n&D3&v4&H0&+&R:7]:[c&D2&v4&H1&+0&R&z1:8]:1>>[C&D3&v4&H0&+0&!R&z2:1]-[O&D2&v2&H0&+0&!R:2].[C&D3&v4&H0&+0&R&z0:3]1=[C&D2&v4&H1&+0&R&z1:8]-[N&D3&v3&H0&+0&R:7]-[C&D2&v4&H1&+0&R&z1:6]=[C&D2&v4&H1&+0&R&z0:5]-[C&D2&v4&H2&+0&R&z0:4]-1	Any;Any
243_3	Any;Pi;NAD_CoF	[C&D2&v4&H1&+0&!R&z1:1].[O&D1&v2&H1&+0&!R:2].[c&D3&v4&H0&+0&R&z0:3]1:[c&D2&v4&H1&+0&R&z0:4]:[c&D2&v4&H1&+0&R&z0:5]:[c&D2&v4&H1&+0&R&z1:6]:[n&D3&v4&H0&+&R:7]:[c&D2&v4&H1&+0&R&z1:8]:1>>[C&D3&v4&H0&+0&!R&z2:1]-[O&D2&v2&H0&+0&!R:2].[C&D3&v4&H0&+0&R&z0:3]1=[C&D2&v4&H1&+0&R&z1:8]-[N&D3&v3&H0&+0&R:7]-[C&D2&v4&H1&+0&R&z1:6]=[C&D2&v4&H1&+0&R&z0:5]-[C&D2&v4&H2&+0&R&z0:4]-1	Any;NADH_CoF
293_0	Any;Any	[C&D4&v4&H0&+0&!R&z1:1](-[O&D1&v2&H1&+0&!R:2])-[C&D2&v4&H2&+0&!R&z0:3]-[C&D3&v4&H0&+0&!R&z2:4](=[O&D1&v2&H0&+0&!R:5])-[O&D1&v2&H1&+0&!R:6].[S&D1&v2&H1&+0&!R:7]>>[C&D3&v4&H0&+0&!R&z1:1]=[O&D1&v2&H0&+0&!R:2].[O&D0&v2&H2&+0&!R:6].[S&D2&v2&H0&+0&!R:7]-[C&D3&v4&H0&+0&!R&z2:4](-[C&D1&v4&H3&+0&!R&z0:3])=[O&D1&v2&H0&+0&!R:5]	Any;WATER;Any
293_1	Any;CoA	[C&D4&v4&H0&+0&!R&z1:1](-[O&D1&v2&H1&+0&!R:2])-[C&D2&v4&H2&+0&!R&z0:3]-[C&D3&v4&H0&+0&!R&z2:4](=[O&D1&v2&H0&+0&!R:5])-[O&D1&v2&H1&+0&!R:6].[S&D1&v2&H1&+0&!R:7]>>[C&D3&v4&H0&+0&!R&z1:1]=[O&D1&v2&H0&+0&!R:2].[O&D0&v2&H2&+0&!R:6].[S&D2&v2&H0&+0&!R:7]-[C&D3&v4&H0&+0&!R&z2:4](-[C&D1&v4&H3&+0&!R&z0:3])=[O&D1&v2&H0&+0&!R:5]	Any;WATER;ACETYL-COA
1657_0	Any;WATER;WATER;Any	[C&D2&v4&H1&+0&R&z1:1]=[N&D2&v3&H0&+0&R:2].[O&D0&v2&H2&+0&!R:3].[O&D0&v2&H2&+0&!R:4].[c&D3&v4&H0&+0&R&z0:5]1:[c&D2&v4&H1&+0&R&z0:6]:[c&D2&v4&H1&+0&R&z0:7]:[c&D2&v4&H1&+0&R&z1:8]:[n&D3&v4&H0&+&R:9]:[c&D2&v4&H1&+0&R&z1:10]:1>>[C&D3&v4&H0&+0&R&z0:5]1=[C&D2&v4&H1&+0&R&z1:10]-[N&D3&v3&H0&+0&R:9]-[C&D2&v4&H1&+0&R&z1:8]=[C&D2&v4&H1&+0&R&z0:7]-[C&D2&v4&H2&+0&R&z0:6]-1.([C&D3&v4&H0&+0&!R&z2:1](=[O&D1&v2&H0&+0&!R:4])-[O&D1&v2&H1&+0&!R:3].[N&D1&v3&H2&+0&!R:2])	Any;Any
1657_1	Any;WATER;WATER;NAD_CoF	[C&D2&v4&H1&+0&R&z1:1]=[N&D2&v3&H0&+0&R:2].[O&D0&v2&H2&+0&!R:3].[O&D0&v2&H2&+0&!R:4].[c&D3&v4&H0&+0&R&z0:5]1:[c&D2&v4&H1&+0&R&z0:6]:[c&D2&v4&H1&+0&R&z0:7]:[c&D2&v4&H1&+0&R&z1:8]:[n&D3&v4&H0&+&R:9]:[c&D2&v4&H1&+0&R&z1:10]:1>>[C&D3&v4&H0&+0&R&z0:5]1=[C&D2&v4&H1&+0&R&z1:10]-[N&D3&v3&H0&+0&R:9]-[C&D2&v4&H1&+0&R&z1:8]=[C&D2&v4&H1&+0&R&z0:7]-[C&D2&v4&H2&+0&R&z0:6]-1.([C&D3&v4&H0&+0&!R&z2:1](=[O&D1&v2&H0&+0&!R:4])-[O&D1&v2&H1&+0&!R:3].[N&D1&v3&H2&+0&!R:2])	NADH_CoF;Any
168_0	Any;Any	[C&D3&v4&H1&+0&R&z2:1]-[O&D1&v2&H1&+0&!R:2].[c&D3&v4&H0&+0&R&z0:3]1:[c&D2&v4&H1&+0&R&z0:4]:[c&D2&v4&H1&+0&R&z0:5]:[c&D2&v4&H1&+0&R&z1:6]:[n&D3&v4&H0&+&R:7]:[c&D2&v4&H1&+0&R&z1:8]:1>>[C&D3&v4&H0&+0&R&z0:3]1=[C&D2&v4&H1&+0&R&z1:8]-[N&D3&v3&H0&+0&R:7]-[C&D2&v4&H1&+0&R&z1:6]=[C&D2&v4&H1&+0&R&z0:5]-[C&D2&v4&H2&+0&R&z0:4]-1.[C&D3&v4&H0&+0&R&z2:1]=[O&D1&v2&H0&+0&!R:2]	Any;Any
168_1	Any;NAD_CoF	[C&D3&v4&H1&+0&R&z2:1]-[O&D1&v2&H1&+0&!R:2].[c&D3&v4&H0&+0&R&z0:3]1:[c&D2&v4&H1&+0&R&z0:4]:[c&D2&v4&H1&+0&R&z0:5]:[c&D2&v4&H1&+0&R&z1:6]:[n&D3&v4&H0&+&R:7]:[c&D2&v4&H1&+0&R&z1:8]:1>>[C&D3&v4&H0&+0&R&z0:3]1=[C&D2&v4&H1&+0&R&z1:8]-[N&D3&v3&H0&+0&R:7]-[C&D2&v4&H1&+0&R&z1:6]=[C&D2&v4&H1&+0&R&z0:5]-[C&D2&v4&H2&+0&R&z0:4]-1.[C&D3&v4&H0&+0&R&z2:1]=[O&D1&v2&H0&+0&!R:2]	NADH_CoF;Any
17_0	Any;Any	[N&D2&v3&H1&+0&!R:1]-[C&D1&v4&H3&+0&!R&z1:2].[S&D2&v2&H0&+0&!R:3]>>[C&D1&v4&H3&+0&!R&z1:2]-[S&D3&v3&H0&+&!R:3].[N&D1&v3&H2&+0&!R:1]	Any;Any
17_1	Any;METHYL_ACCEPTOR_CoF	[N&D2&v3&H1&+0&!R:1]-[C&D1&v4&H3&+0&!R&z1:2].[S&D2&v2&H0&+0&!R:3]>>[C&D1&v4&H3&+0&!R&z1:2]-[S&D3&v3&H0&+&!R:3].[N&D1&v3&H2&+0&!R:1]	METHYL_DONOR_CoF;Any
111_0	Any;Any;Any	[C&D3&v4&H0&+0&!R&z2:1]-[O&D1&v2&H1&+0&!R:2].[N&D1&v3&H2&+0&!R:3].[P&D4&v5&H0&+0&!R:4]-[O&D2&v2&H0&+0&!R:5]>>[N&D2&v3&H1&+0&!R:3]-[C&D3&v4&H0&+0&!R&z2:1].[O&D1&v2&H1&+0&!R:5].[P&D4&v5&H0&+0&!R:4]-[O&D1&v2&H1&+0&!R:2]	Any;PPI;Any
111_1	Any;Any;Any	[C&D3&v4&H0&+0&!R&z2:1]-[O&D1&v2&H1&+0&!R:2].[N&D1&v3&H2&+0&!R:3].[P&D4&v5&H0&+0&!R:4]-[O&D2&v2&H0&+0&!R:5]>>[N&D2&v3&H1&+0&!R:3]-[C&D3&v4&H0&+0&!R&z2:1].[O&D1&v2&H1&+0&!R:5].[P&D4&v5&H0&+0&!R:4]-[O&D1&v2&H1&+0&!R:2]	Any;Pi;Any
111_2	Any;Any;PHOSPHATE_DONOR_CoF	[C&D3&v4&H0&+0&!R&z2:1]-[O&D1&v2&H1&+0&!R:2].[N&D1&v3&H2&+0&!R:3].[P&D4&v5&H0&+0&!R:4]-[O&D2&v2&H0&+0&!R:5]>>[N&D2&v3&H1&+0&!R:3]-[C&D3&v4&H0&+0&!R&z2:1].[O&D1&v2&H1&+0&!R:5].[P&D4&v5&H0&+0&!R:4]-[O&D1&v2&H1&+0&!R:2]	Any;Pi;PHOSPHATE_ACCEPTOR_CoF
111_3	Any;Any;PYROPHOSPHATE_DONOR_CoF	[C&D3&v4&H0&+0&!R&z2:1]-[O&D1&v2&H1&+0&!R:2].[N&D1&v3&H2&+0&!R:3].[P&D4&v5&H0&+0&!R:4]-[O&D2&v2&H0&+0&!R:5]>>[N&D2&v3&H1&+0&!R:3]-[C&D3&v4&H0&+0&!R&z2:1].[O&D1&v2&H1&+0&!R:5].[P&D4&v5&H0&+0&!R:4]-[O&D1&v2&H1&+0&!R:2]	Any;PPI;PYROPHOSPHATE_ACCEPTOR_CoF
1538_0	Any	[N&D2&v3&H1&+0&!R:1]-[C&D3&v4&H1&+0&!R&z1:2]-[C&D2&v4&H2&+0&!R&z0:3]>>[C&D2&v4&H1&+0&!R&z0:3]=[C&D2&v4&H1&+0&!R&z0:2].[N&D1&v3&H2&+0&!R:1]	Any;Any
1668_0	Any;Any	[C&D3&v4&H0&+0&R&z0:1]1=[C&D2&v4&H1&+0&R&z0:2]-[C&D3&v4&H1&+0&R&z1:3](-[O&D1&v2&H1&+0&!R:4])-[C&D4&v4&H0&+0&R&z1:5](-[O&D1&v2&H1&+0&!R:6])-[C&D2&v4&H1&+0&R&z0:7]=[C&D2&v4&H1&+0&R&z0:8]-1.[c&D3&v4&H0&+0&R&z0:9]1:[c&D2&v4&H1&+0&R&z0:10]:[c&D2&v4&H1&+0&R&z0:11]:[c&D2&v4&H1&+0&R&z1:12]:[n&D3&v4&H0&+&R:13]:[c&D2&v4&H1&+0&R&z1:14]:1>>[C&D3&v4&H0&+0&R&z0:9]1=[C&D2&v4&H1&+0&R&z1:14]-[N&D3&v3&H0&+0&R:13]-[C&D2&v4&H1&+0&R&z1:12]=[C&D2&v4&H1&+0&R&z0:11]-[C&D2&v4&H2&+0&R&z0:10]-1.[O&D1&v2&H0&+0&!R:6]=[O&D1&v2&H0&+0&!R:4].[c&D3&v4&H0&+0&R&z0:1]1:[c&D2&v4&H1&+0&R&z0:8]:[c&D2&v4&H1&+0&R&z0:7]:[c&D3&v4&H0&+0&R&z0:5]:[c&D2&v4&H1&+0&R&z0:3]:[c&D2&v4&H1&+0&R&z0:2]:1	Any;O2;Any
1668_1	Any;NAD_CoF	[C&D3&v4&H0&+0&R&z0:1]1=[C&D2&v4&H1&+0&R&z0:2]-[C&D3&v4&H1&+0&R&z1:3](-[O&D1&v2&H1&+0&!R:4])-[C&D4&v4&H0&+0&R&z1:5](-[O&D1&v2&H1&+0&!R:6])-[C&D2&v4&H1&+0&R&z0:7]=[C&D2&v4&H1&+0&R&z0:8]-1.[c&D3&v4&H0&+0&R&z0:9]1:[c&D2&v4&H1&+0&R&z0:10]:[c&D2&v4&H1&+0&R&z0:11]:[c&D2&v4&H1&+0&R&z1:12]:[n&D3&v4&H0&+&R:13]:[c&D2&v4&H1&+0&R&z1:14]:1>>[C&D3&v4&H0&+0&R&z0:9]1=[C&D2&v4&H1&+0&R&z1:14]-[N&D3&v3&H0&+0&R:13]-[C&D2&v4&H1&+0&R&z1:12]=[C&D2&v4&H1&+0&R&z0:11]-[C&D2&v4&H2&+0&R&z0:10]-1.[O&D1&v2&H0&+0&!R:6]=[O&D1&v2&H0&+0&!R:4].[c&D3&v4&H0&+0&R&z0:1]1:[c&D2&v4&H1&+0&R&z0:8]:[c&D2&v4&H1&+0&R&z0:7]:[c&D3&v4&H0&+0&R&z0:5]:[c&D2&v4&H1&+0&R&z0:3]:[c&D2&v4&H1&+0&R&z0:2]:1	NADH_CoF;O2;Any
1217_0	Any;O2	[C&D2&v4&H1&+0&!R&z0:1]-[C&D2&v4&H2&+0&!R&z0:2]-[C&D2&v4&H1&+0&!R&z0:3]=[C&D2&v4&H1&+0&!R&z0:4].[O&D1&v2&H0&+0&!R:5]=[O&D1&v2&H0&+0&!R:6]>>[C&D2&v4&H1&+0&!R&z0:1]-[C&D2&v4&H1&+0&!R&z0:2]=[C&D2&v4&H1&+0&!R&z0:3]-[C&D3&v4&H1&+0&!R&z1:4]-[O&D2&v2&H0&+0&!R:5]-[O&D1&v2&H1&+0&!R:6]	Any
230_0	Any;Any;CO2	[C&D3&v4&H0&+0&!R&z2:1]-[O&D1&v2&H1&+0&!R:2].[C&D3&v4&H1&+0&!R&z1:3]-[O&D1&v2&H1&+0&!R:4].[O&D1&v2&H0&+0&!R:5]=[C&D2&v4&H0&+0&!R&z2:6]>>[C&D2&v4&H2&+0&!R&z0:3].[C&D3&v4&H0&+0&!R&z1:1]-[C&D3&v4&H0&+0&!R&z2:6]-[O&D1&v2&H1&+0&!R:5].[O&D1&v2&H0&+0&!R:4]=[O&D1&v2&H0&+0&!R:2]	Any;Any;O2
313_0	WATER;ACETYL-COA	[O&D0&v2&H2&+0&!R:1].[S&D2&v2&H0&+0&!R:2]-[C&D3&v4&H0&+0&!R&z2:3]=[O&D1&v2&H0&+0&!R:4]>>[C&D3&v4&H0&+0&!R&z2:3](=[O&D1&v2&H0&+0&!R:4])-[O&D1&v2&H1&+0&!R:1].[S&D1&v2&H1&+0&!R:2]	Any;CoA
313_1	WATER;Any	[O&D0&v2&H2&+0&!R:1].[S&D2&v2&H0&+0&!R:2]-[C&D3&v4&H0&+0&!R&z2:3]=[O&D1&v2&H0&+0&!R:4]>>[C&D3&v4&H0&+0&!R&z2:3](=[O&D1&v2&H0&+0&!R:4])-[O&D1&v2&H1&+0&!R:1].[S&D1&v2&H1&+0&!R:2]	Any;Any
313_2	WATER;Any	[O&D0&v2&H2&+0&!R:1].[S&D2&v2&H0&+0&!R:2]-[C&D3&v4&H0&+0&!R&z2:3]=[O&D1&v2&H0&+0&!R:4]>>[C&D3&v4&H0&+0&!R&z2:3](=[O&D1&v2&H0&+0&!R:4])-[O&D1&v2&H1&+0&!R:1].[S&D1&v2&H1&+0&!R:2]	Any;CoA
120_0	Any;WATER	[N&D2&v3&H1&+0&!R:1]-[C&D3&v4&H0&+0&!R&z3:2](-[N&D1&v3&H2&+0&!R:3])=[O&D1&v2&H0&+0&!R:4].[O&D0&v2&H2&+0&!R:5]>>[N&D0&v3&H3&+0&!R:3].[N&D1&v3&H2&+0&!R:1].[O&D1&v2&H0&+0&!R:5]=[C&D2&v4&H0&+0&!R&z2:2]=[O&D1&v2&H0&+0&!R:4]	NH3;Any;CO2
8_0	Any;Any	[N&D2&v3&H1&+0&!R:1]-[C&D3&v4&H0&+0&!R&z2:2].[O&D1&v2&H1&+0&!R:3]>>[N&D1&v3&H2&+0&!R:1].[O&D2&v2&H0&+0&!R:3]-[C&D3&v4&H0&+0&!R&z2:2]	Any;Any
8_1	Any;Pi	[N&D2&v3&H1&+0&!R:1]-[C&D3&v4&H0&+0&!R&z2:2].[O&D1&v2&H1&+0&!R:3]>>[N&D1&v3&H2&+0&!R:1].[O&D2&v2&H0&+0&!R:3]-[C&D3&v4&H0&+0&!R&z2:2]	Any;Any
744_0	Any;O2	[C&D3&v4&H1&+0&R&z2:1]-[O&D1&v2&H1&+0&!R:2].[O&D1&v2&H0&+0&!R:3]=[O&D1&v2&H0&+0&!R:4]>>[C&D3&v4&H0&+0&R&z2:1]=[O&D1&v2&H0&+0&!R:2].[O&D1&v2&H1&+0&!R:3]-[O&D1&v2&H1&+0&!R:4]	Any;H2O2
363_0	Any;Any	[P&D4&v5&H0&+0&!R:1]-[O&D1&v2&H1&+0&!R:2].[c&D3&v4&H0&+0&R&z1:3]-[O&D2&v2&H0&+0&!R:4]>>[P&D4&v5&H0&+0&!R:1]-[O&D2&v2&H0&+0&!R:4].[c&D3&v4&H0&+0&R&z1:3]-[O&D1&v2&H1&+0&!R:2]	Any;Any
363_1	PHOSPHATE_ACCEPTOR_CoF;Any	[P&D4&v5&H0&+0&!R:1]-[O&D1&v2&H1&+0&!R:2].[c&D3&v4&H0&+0&R&z1:3]-[O&D2&v2&H0&+0&!R:4]>>[P&D4&v5&H0&+0&!R:1]-[O&D2&v2&H0&+0&!R:4].[c&D3&v4&H0&+0&R&z1:3]-[O&D1&v2&H1&+0&!R:2]	PHOSPHATE_DONOR_CoF;Any
363_2	PPI;Any	[P&D4&v5&H0&+0&!R:1]-[O&D1&v2&H1&+0&!R:2].[c&D3&v4&H0&+0&R&z1:3]-[O&D2&v2&H0&+0&!R:4]>>[P&D4&v5&H0&+0&!R:1]-[O&D2&v2&H0&+0&!R:4].[c&D3&v4&H0&+0&R&z1:3]-[O&D1&v2&H1&+0&!R:2]	Any;Any
363_3	PRENYL_ACCEPTOR_CoF;Any	[P&D4&v5&H0&+0&!R:1]-[O&D1&v2&H1&+0&!R:2].[c&D3&v4&H0&+0&R&z1:3]-[O&D2&v2&H0&+0&!R:4]>>[P&D4&v5&H0&+0&!R:1]-[O&D2&v2&H0&+0&!R:4].[c&D3&v4&H0&+0&R&z1:3]-[O&D1&v2&H1&+0&!R:2]	PRENYL_DONOR_CoF;Any
363_4	Pi;Any	[P&D4&v5&H0&+0&!R:1]-[O&D1&v2&H1&+0&!R:2].[c&D3&v4&H0&+0&R&z1:3]-[O&D2&v2&H0&+0&!R:4]>>[P&D4&v5&H0&+0&!R:1]-[O&D2&v2&H0&+0&!R:4].[c&D3&v4&H0&+0&R&z1:3]-[O&D1&v2&H1&+0&!R:2]	Any;Any
363_5	SULFATE_ACCEPTOR_CoF;Any	[P&D4&v5&H0&+0&!R:1]-[O&D1&v2&H1&+0&!R:2].[c&D3&v4&H0&+0&R&z1:3]-[O&D2&v2&H0&+0&!R:4]>>[P&D4&v5&H0&+0&!R:1]-[O&D2&v2&H0&+0&!R:4].[c&D3&v4&H0&+0&R&z1:3]-[O&D1&v2&H1&+0&!R:2]	SULFATE_DONOR_CoF;Any
363_6	SULFATE_ACCEPTOR_CoF;SULFATE_DONOR_CoF	[P&D4&v5&H0&+0&!R:1]-[O&D1&v2&H1&+0&!R:2].[c&D3&v4&H0&+0&R&z1:3]-[O&D2&v2&H0&+0&!R:4]>>[P&D4&v5&H0&+0&!R:1]-[O&D2&v2&H0&+0&!R:4].[c&D3&v4&H0&+0&R&z1:3]-[O&D1&v2&H1&+0&!R:2]	SULFATE_DONOR_CoF;SULFATE_ACCEPTOR_CoF
453_0	Any;Any;O2	[C&D3&v4&H0&+0&R&z0:1]1=[C&D2&v4&H1&+0&R&z1:2]-[N&D3&v3&H0&+0&R:3]-[C&D2&v4&H1&+0&R&z1:4]=[C&D2&v4&H1&+0&R&z0:5]-[C&D2&v4&H2&+0&R&z0:6]-1.[C&D3&v4&H0&+0&R&z1:7]-[C&D2&v4&H2&+0&R&z0:8].[O&D1&v2&H0&+0&!R:9]=[O&D1&v2&H0&+0&!R:10]>>[C&D3&v4&H0&+0&R&z2:7]-[O&D2&v2&H0&+0&R:10]-[C&D2&v4&H2&+0&R&z1:8].[O&D0&v2&H2&+0&!R:9].[c&D3&v4&H0&+0&R&z0:1]1:[c&D2&v4&H1&+0&R&z0:6]:[c&D2&v4&H1&+0&R&z0:5]:[c&D2&v4&H1&+0&R&z1:4]:[n&D3&v4&H0&+&R:3]:[c&D2&v4&H1&+0&R&z1:2]:1	Any;WATER;Any
453_1	NADH_CoF;Any;O2	[C&D3&v4&H0&+0&R&z0:1]1=[C&D2&v4&H1&+0&R&z1:2]-[N&D3&v3&H0&+0&R:3]-[C&D2&v4&H1&+0&R&z1:4]=[C&D2&v4&H1&+0&R&z0:5]-[C&D2&v4&H2&+0&R&z0:6]-1.[C&D3&v4&H0&+0&R&z1:7]-[C&D2&v4&H2&+0&R&z0:8].[O&D1&v2&H0&+0&!R:9]=[O&D1&v2&H0&+0&!R:10]>>[C&D3&v4&H0&+0&R&z2:7]-[O&D2&v2&H0&+0&R:10]-[C&D2&v4&H2&+0&R&z1:8].[O&D0&v2&H2&+0&!R:9].[c&D3&v4&H0&+0&R&z0:1]1:[c&D2&v4&H1&+0&R&z0:6]:[c&D2&v4&H1&+0&R&z0:5]:[c&D2&v4&H1&+0&R&z1:4]:[n&D3&v4&H0&+&R:3]:[c&D2&v4&H1&+0&R&z1:2]:1	Any;WATER;NAD_CoF
1714_0	Any	[N&D1&v3&H2&+0&!R:1]-[C&D3&v4&H1&+0&!R&z1:2]-[C&D2&v4&H2&+0&!R&z0:3]>>[N&D1&v3&H2&+0&!R:1]-[C&D3&v4&H1&+0&!R&z1:3]-[C&D2&v4&H2&+0&!R&z0:2]	Any
170_0	Any	[C&D3&v4&H1&+0&R&z0:1](-[C&D3&v4&H0&+0&R&z0:2]=[C&D2&v4&H1&+0&R&z0:3])-[C&D4&v4&H0&+0&R&z0:4]-[C&D2&v4&H2&+0&R&z0:5]>>([C&D2&v4&H1&+0&!R&z0:5]=[C&D3&v4&H0&+0&!R&z0:4].[C&D2&v4&H1&+0&!R&z0:1]=[C&D3&v4&H0&+0&!R&z0:2]-[C&D2&v4&H2&+0&!R&z0:3])	Any
356_0	Any;Any	[C&D1&v4&H3&+0&!R&z1:1]-[S&D3&v3&H0&+&!R:2].[n&D2&v3&H1&+0&R:3]>>[S&D2&v2&H0&+0&!R:2].[n&D3&v3&H0&+0&R:3]-[C&D1&v4&H3&+0&!R&z1:1]	Any;Any
356_1	METHYL_DONOR_CoF;Any	[C&D1&v4&H3&+0&!R&z1:1]-[S&D3&v3&H0&+&!R:2].[n&D2&v3&H1&+0&R:3]>>[S&D2&v2&H0&+0&!R:2].[n&D3&v3&H0&+0&R:3]-[C&D1&v4&H3&+0&!R&z1:1]	METHYL_ACCEPTOR_CoF;Any
53_0	Any;WATER	[C&D3&v4&H1&+0&!R&z1:1]-[O&D2&v2&H0&+0&!R:2].[O&D0&v2&H2&+0&!R:3]>>[C&D3&v4&H1&+0&!R&z1:1]-[O&D1&v2&H1&+0&!R:3].[O&D1&v2&H1&+0&!R:2]	Any;Any
53_1	Any;WATER	[C&D3&v4&H1&+0&!R&z1:1]-[O&D2&v2&H0&+0&!R:2].[O&D0&v2&H2&+0&!R:3]>>[C&D3&v4&H1&+0&!R&z1:1]-[O&D1&v2&H1&+0&!R:3].[O&D1&v2&H1&+0&!R:2]	Any;Pi
53_2	Any;WATER	[C&D3&v4&H1&+0&!R&z1:1]-[O&D2&v2&H0&+0&!R:2].[O&D0&v2&H2&+0&!R:3]>>[C&D3&v4&H1&+0&!R&z1:1]-[O&D1&v2&H1&+0&!R:3].[O&D1&v2&H1&+0&!R:2]	Any;SULFATE
1487_0	Any;WATER;WATER	[N&D1&v3&H0&+0&!R:1]#[C&D2&v4&H0&+0&!R&z1:2].[O&D0&v2&H2&+0&!R:3].[O&D0&v2&H2&+0&!R:4]>>[C&D3&v4&H0&+0&!R&z2:2](=[O&D1&v2&H0&+0&!R:3])-[O&D1&v2&H1&+0&!R:4].[N&D0&v3&H3&+0&!R:1]	Any;NH3
656_0	Any;NH3;H2O2	[C&D3&v4&H0&+0&!R&z1:1]=[O&D1&v2&H0&+0&!R:2].[N&D0&v3&H3&+0&!R:3].[O&D1&v2&H1&+0&!R:4]-[O&D1&v2&H1&+0&!R:5]>>[C&D3&v4&H1&+0&!R&z1:1]-[N&D1&v3&H2&+0&!R:3].[O&D0&v2&H2&+0&!R:2].[O&D1&v2&H0&+0&!R:4]=[O&D1&v2&H0&+0&!R:5]	Any;WATER;O2
656_1	CARBONYL_CoF;NH3;H2O2	[C&D3&v4&H0&+0&!R&z1:1]=[O&D1&v2&H0&+0&!R:2].[N&D0&v3&H3&+0&!R:3].[O&D1&v2&H1&+0&!R:4]-[O&D1&v2&H1&+0&!R:5]>>[C&D3&v4&H1&+0&!R&z1:1]-[N&D1&v3&H2&+0&!R:3].[O&D0&v2&H2&+0&!R:2].[O&D1&v2&H0&+0&!R:4]=[O&D1&v2&H0&+0&!R:5]	AMINO_CoF;WATER;O2
104_0	Any;Any;CO2	[C&D3&v4&H0&+0&!R&z2:1]-[O&D1&v2&H1&+0&!R:2].[C&D3&v4&H1&+0&!R&z2:3]-[O&D1&v2&H1&+0&!R:4].[O&D1&v2&H0&+0&!R:5]=[C&D2&v4&H0&+0&!R&z2:6]>>[C&D2&v4&H2&+0&!R&z1:3].[C&D3&v4&H0&+0&!R&z1:1]-[C&D3&v4&H0&+0&!R&z2:6]-[O&D1&v2&H1&+0&!R:5].[O&D1&v2&H0&+0&!R:4]=[O&D1&v2&H0&+0&!R:2]	Any;Any;O2
712_0	Any;WATER	[C&D3&v4&H0&+0&!R&z1:1]-[C&D2&v4&H2&+0&!R&z0:2].[O&D0&v2&H2&+0&!R:3]>>[C&D1&v4&H3&+0&!R&z0:2].[C&D3&v4&H0&+0&!R&z2:1]-[O&D1&v2&H1&+0&!R:3]	Any;Any
233_0	Any;Any	[N&D2&v3&H1&+0&!R:1]-[C&D3&v4&H1&+0&R&z2:2].[n&D2&v3&H0&+0&R:3]>>[N&D1&v3&H2&+0&!R:1].[n&D3&v4&H0&+&R:3]-[C&D3&v4&H1&+0&R&z2:2]	Any;Any
1944_0	Any;H2O2	[O&D1&v2&H0&+0&!R:1]=[C&D3&v4&H0&+0&!R&z2:2]-[O&D1&v2&H1&+0&!R:3].[O&D1&v2&H1&+0&!R:4]-[O&D1&v2&H1&+0&!R:5]>>[O&D0&v2&H2&+0&!R:3].[O&D1&v2&H0&+0&!R:1]=[C&D2&v4&H1&+0&!R&z1:2].[O&D1&v2&H0&+0&!R:4]=[O&D1&v2&H0&+0&!R:5]	WATER;Any;O2
829_0	Any;Any;O2	[C&D1&v4&H3&+0&!R&z0:1].[C&D3&v4&H0&+0&R&z0:2]1=[C&D2&v4&H1&+0&R&z1:3]-[N&D3&v3&H0&+0&R:4]-[C&D2&v4&H1&+0&R&z1:5]=[C&D2&v4&H1&+0&R&z0:6]-[C&D2&v4&H2&+0&R&z0:7]-1.[O&D1&v2&H0&+0&!R:8]=[O&D1&v2&H0&+0&!R:9]>>[C&D2&v4&H2&+0&!R&z1:1]-[O&D1&v2&H1&+0&!R:8].[O&D0&v2&H2&+0&!R:9].[c&D3&v4&H0&+0&R&z0:2]1:[c&D2&v4&H1&+0&R&z0:7]:[c&D2&v4&H1&+0&R&z0:6]:[c&D2&v4&H1&+0&R&z1:5]:[n&D3&v4&H0&+&R:4]:[c&D2&v4&H1&+0&R&z1:3]:1	Any;WATER;Any
829_1	Any;NADH_CoF;O2	[C&D1&v4&H3&+0&!R&z0:1].[C&D3&v4&H0&+0&R&z0:2]1=[C&D2&v4&H1&+0&R&z1:3]-[N&D3&v3&H0&+0&R:4]-[C&D2&v4&H1&+0&R&z1:5]=[C&D2&v4&H1&+0&R&z0:6]-[C&D2&v4&H2&+0&R&z0:7]-1.[O&D1&v2&H0&+0&!R:8]=[O&D1&v2&H0&+0&!R:9]>>[C&D2&v4&H2&+0&!R&z1:1]-[O&D1&v2&H1&+0&!R:8].[O&D0&v2&H2&+0&!R:9].[c&D3&v4&H0&+0&R&z0:2]1:[c&D2&v4&H1&+0&R&z0:7]:[c&D2&v4&H1&+0&R&z0:6]:[c&D2&v4&H1&+0&R&z1:5]:[n&D3&v4&H0&+&R:4]:[c&D2&v4&H1&+0&R&z1:3]:1	Any;WATER;NAD_CoF
1369_0	Any	[c&D3&v4&H0&+0&R&z0:1]-[C&D3&v4&H0&+0&!R&z2:2]-[O&D1&v2&H1&+0&!R:3]>>[O&D1&v2&H0&+0&!R:3]=[C&D2&v4&H0&+0&!R&z2:2].[c&D2&v4&H1&+0&R&z0:1]	CO2;Any
46_0	Any;WATER;Any	[C&D2&v4&H2&+0&!R&z1:1]-[O&D1&v2&H1&+0&!R:2].[O&D0&v2&H2&+0&!R:3].[P&D4&v5&H0&+0&!R:4]-[O&D2&v2&H0&+0&!R:5]>>[C&D2&v4&H2&+0&!R&z1:1]-[O&D1&v2&H1&+0&!R:3].[O&D1&v2&H1&+0&!R:5].[P&D4&v5&H0&+0&!R:4]-[O&D1&v2&H1&+0&!R:2]	Any;PPI;Any
46_1	Any;WATER;Any	[C&D2&v4&H2&+0&!R&z1:1]-[O&D1&v2&H1&+0&!R:2].[O&D0&v2&H2&+0&!R:3].[P&D4&v5&H0&+0&!R:4]-[O&D2&v2&H0&+0&!R:5]>>[C&D2&v4&H2&+0&!R&z1:1]-[O&D1&v2&H1&+0&!R:3].[O&D1&v2&H1&+0&!R:5].[P&D4&v5&H0&+0&!R:4]-[O&D1&v2&H1&+0&!R:2]	Any;Pi;Any
46_2	Any;WATER;PHOSPHATE_DONOR_CoF	[C&D2&v4&H2&+0&!R&z1:1]-[O&D1&v2&H1&+0&!R:2].[O&D0&v2&H2&+0&!R:3].[P&D4&v5&H0&+0&!R:4]-[O&D2&v2&H0&+0&!R:5]>>[C&D2&v4&H2&+0&!R&z1:1]-[O&D1&v2&H1&+0&!R:3].[O&D1&v2&H1&+0&!R:5].[P&D4&v5&H0&+0&!R:4]-[O&D1&v2&H1&+0&!R:2]	Any;Pi;PHOSPHATE_ACCEPTOR_CoF
46_3	Any;WATER;PYROPHOSPHATE_DONOR_CoF	[C&D2&v4&H2&+0&!R&z1:1]-[O&D1&v2&H1&+0&!R:2].[O&D0&v2&H2&+0&!R:3].[P&D4&v5&H0&+0&!R:4]-[O&D2&v2&H0&+0&!R:5]>>[C&D2&v4&H2&+0&!R&z1:1]-[O&D1&v2&H1&+0&!R:3].[O&D1&v2&H1&+0&!R:5].[P&D4&v5&H0&+0&!R:4]-[O&D1&v2&H1&+0&!R:2]	Any;PPI;PYROPHOSPHATE_ACCEPTOR_CoF
1096_0	Any	([C&D3&v4&H0&+0&!R&z1:1](=[O&D1&v2&H0&+0&!R:2])-[C&D2&v4&H2&+0&!R&z1:3].[O&D1&v2&H1&+0&!R:4])>>[O&D2&v2&H0&+0&R:4]-[C&D3&v4&H1&+0&R&z2:3]-[C&D3&v4&H1&+0&R&z1:1]-[O&D1&v2&H1&+0&!R:2]	Any
645_0	Any;Any	[C&D1&v4&H3&+0&!R&z0:1].[C&D3&v4&H0&+0&!R&z2:2](=[O&D1&v2&H0&+0&!R:3])-[O&D1&v2&H1&+0&!R:4]>>[C&D3&v4&H0&+0&!R&z1:2](=[O&D1&v2&H0&+0&!R:3])-[C&D2&v4&H2&+0&!R&z0:1].[O&D0&v2&H2&+0&!R:4]	Any;WATER
1054_0	Any	[C&D3&v4&H1&+0&R&z1:1](-[O&D1&v2&H1&+0&!R:2])-[C&D2&v4&H2&+0&R&z0:3]>>[C&D2&v4&H1&+0&R&z0:1]=[C&D2&v4&H1&+0&R&z0:3].[O&D0&v2&H2&+0&!R:2]	Any;WATER
44_0	Any;Any	[C&D1&v4&H3&+0&!R&z1:1]-[S&D3&v3&H0&+&!R:2].[C&D2&v4&H1&+0&!R&z0:3]>>[C&D3&v4&H0&+0&!R&z0:3]-[C&D1&v4&H3&+0&!R&z0:1].[S&D2&v2&H0&+0&!R:2]	Any;Any
44_1	METHYL_DONOR_CoF;Any	[C&D1&v4&H3&+0&!R&z1:1]-[S&D3&v3&H0&+&!R:2].[C&D2&v4&H1&+0&!R&z0:3]>>[C&D3&v4&H0&+0&!R&z0:3]-[C&D1&v4&H3&+0&!R&z0:1].[S&D2&v2&H0&+0&!R:2]	Any;METHYL_ACCEPTOR_CoF
420_0	Any;Any;PPI	[C&D3&v4&H1&+0&R&z1:1]-[O&D2&v2&H0&+0&!R:2].[O&D1&v2&H1&+0&!R:3].[P&D4&v5&H0&+0&!R:4]-[O&D1&v2&H1&+0&!R:5]>>[C&D3&v4&H1&+0&R&z1:1]-[O&D1&v2&H1&+0&!R:5].[O&D1&v2&H1&+0&!R:2].[O&D2&v2&H0&+0&!R:3]-[P&D4&v5&H0&+0&!R:4]	Any;Any;Any
420_1	Any;PYROPHOSPHATE_ACCEPTOR_CoF;PPI	[C&D3&v4&H1&+0&R&z1:1]-[O&D2&v2&H0&+0&!R:2].[O&D1&v2&H1&+0&!R:3].[P&D4&v5&H0&+0&!R:4]-[O&D1&v2&H1&+0&!R:5]>>[C&D3&v4&H1&+0&R&z1:1]-[O&D1&v2&H1&+0&!R:5].[O&D1&v2&H1&+0&!R:2].[O&D2&v2&H0&+0&!R:3]-[P&D4&v5&H0&+0&!R:4]	Any;Any;PYROPHOSPHATE_DONOR_CoF
1131_0	Any;PPI	[C&D3&v4&H0&+0&R&z0:1](-[C&D2&v4&H1&+0&R&z0:2]=[C&D3&v4&H0&+0&R&z0:3]-[C&D3&v4&H1&+0&!R&z0:4])-[C&D4&v4&H0&+0&R&z0:5]-[C&D2&v4&H2&+0&R&z0:6].[O&D1&v2&H1&+0&!R:7]>>([C&D2&v4&H1&+0&!R&z0:1]-[C&D2&v4&H2&+0&!R&z1:2]-[O&D2&v2&H0&+0&!R:7].[C&D3&v4&H0&+0&!R&z0:4]=[C&D2&v4&H1&+0&!R&z0:3].[C&D3&v4&H0&+0&!R&z0:5]=[C&D2&v4&H1&+0&!R&z0:6])	Any
245_0	AMINO_CoF;Any	[C&D2&v4&H2&+0&!R&z1:1]-[N&D1&v3&H2&+0&!R:2].[C&D3&v4&H0&+0&!R&z1:3]=[O&D1&v2&H0&+0&!R:4]>>[C&D2&v4&H1&+0&!R&z1:1]=[O&D1&v2&H0&+0&!R:4].[N&D1&v3&H2&+0&!R:2]-[C&D3&v4&H1&+0&!R&z1:3]	CARBONYL_CoF;Any
245_1	AMINO_CoF;CARBONYL_CoF	[C&D2&v4&H2&+0&!R&z1:1]-[N&D1&v3&H2&+0&!R:2].[C&D3&v4&H0&+0&!R&z1:3]=[O&D1&v2&H0&+0&!R:4]>>[C&D2&v4&H1&+0&!R&z1:1]=[O&D1&v2&H0&+0&!R:4].[N&D1&v3&H2&+0&!R:2]-[C&D3&v4&H1&+0&!R&z1:3]	CARBONYL_CoF;AMINO_CoF
245_2	Any;Any	[C&D2&v4&H2&+0&!R&z1:1]-[N&D1&v3&H2&+0&!R:2].[C&D3&v4&H0&+0&!R&z1:3]=[O&D1&v2&H0&+0&!R:4]>>[C&D2&v4&H1&+0&!R&z1:1]=[O&D1&v2&H0&+0&!R:4].[N&D1&v3&H2&+0&!R:2]-[C&D3&v4&H1&+0&!R&z1:3]	Any;Any
245_3	Any;CARBONYL_CoF	[C&D2&v4&H2&+0&!R&z1:1]-[N&D1&v3&H2&+0&!R:2].[C&D3&v4&H0&+0&!R&z1:3]=[O&D1&v2&H0&+0&!R:4]>>[C&D2&v4&H1&+0&!R&z1:1]=[O&D1&v2&H0&+0&!R:4].[N&D1&v3&H2&+0&!R:2]-[C&D3&v4&H1&+0&!R&z1:3]	Any;AMINO_CoF
117_0	Any;WATER	[C&D3&v4&H0&+0&!R&z2:1]-[O&D2&v2&H0&+0&!R:2].[O&D0&v2&H2&+0&!R:3]>>[C&D3&v4&H0&+0&!R&z2:1]-[O&D1&v2&H1&+0&!R:3].[O&D1&v2&H1&+0&!R:2]	Any;Any
117_1	Any;WATER	[C&D3&v4&H0&+0&!R&z2:1]-[O&D2&v2&H0&+0&!R:2].[O&D0&v2&H2&+0&!R:3]>>[C&D3&v4&H0&+0&!R&z2:1]-[O&D1&v2&H1&+0&!R:3].[O&D1&v2&H1&+0&!R:2]	Any;H2O2
629_0	Any	([C&D3&v4&H0&+0&!R&z0:1]=[C&D2&v4&H1&+0&!R&z0:2].[O&D1&v2&H1&+0&!R:3])>>[O&D2&v2&H0&+0&R:3]-[C&D4&v4&H0&+0&R&z1:1]-[C&D2&v4&H2&+0&R&z0:2]	Any
244_0	Any;AMINO_CoF	[C&D2&v4&H1&+0&!R&z1:1]=[O&D1&v2&H0&+0&!R:2].[N&D1&v3&H2&+0&!R:3]-[C&D3&v4&H1&+0&!R&z1:4]>>[C&D2&v4&H2&+0&!R&z1:1]-[N&D1&v3&H2&+0&!R:3].[C&D3&v4&H0&+0&!R&z1:4]=[O&D1&v2&H0&+0&!R:2]	Any;CARBONYL_CoF
244_1	Any;Any	[C&D2&v4&H1&+0&!R&z1:1]=[O&D1&v2&H0&+0&!R:2].[N&D1&v3&H2&+0&!R:3]-[C&D3&v4&H1&+0&!R&z1:4]>>[C&D2&v4&H2&+0&!R&z1:1]-[N&D1&v3&H2&+0&!R:3].[C&D3&v4&H0&+0&!R&z1:4]=[O&D1&v2&H0&+0&!R:2]	Any;Any
244_2	CARBONYL_CoF;AMINO_CoF	[C&D2&v4&H1&+0&!R&z1:1]=[O&D1&v2&H0&+0&!R:2].[N&D1&v3&H2&+0&!R:3]-[C&D3&v4&H1&+0&!R&z1:4]>>[C&D2&v4&H2&+0&!R&z1:1]-[N&D1&v3&H2&+0&!R:3].[C&D3&v4&H0&+0&!R&z1:4]=[O&D1&v2&H0&+0&!R:2]	AMINO_CoF;CARBONYL_CoF
244_3	CARBONYL_CoF;Any	[C&D2&v4&H1&+0&!R&z1:1]=[O&D1&v2&H0&+0&!R:2].[N&D1&v3&H2&+0&!R:3]-[C&D3&v4&H1&+0&!R&z1:4]>>[C&D2&v4&H2&+0&!R&z1:1]-[N&D1&v3&H2&+0&!R:3].[C&D3&v4&H0&+0&!R&z1:4]=[O&D1&v2&H0&+0&!R:2]	AMINO_CoF;Any
346_0	Any;Any	[S&D2&v2&H0&+0&!R:1].[S&D2&v2&H0&+0&!R:2]-[C&D1&v4&H3&+0&!R&z1:3]>>[C&D1&v4&H3&+0&!R&z1:3]-[S&D3&v3&H0&+&!R:1].[S&D1&v2&H1&+0&!R:2]	Any;Any
346_1	METHYL_ACCEPTOR_CoF;Any	[S&D2&v2&H0&+0&!R:1].[S&D2&v2&H0&+0&!R:2]-[C&D1&v4&H3&+0&!R&z1:3]>>[C&D1&v4&H3&+0&!R&z1:3]-[S&D3&v3&H0&+&!R:1].[S&D1&v2&H1&+0&!R:2]	METHYL_DONOR_CoF;Any
346_2	METHYL_ACCEPTOR_CoF;METHYL_ACCEPTOR_CoF	[S&D2&v2&H0&+0&!R:1].[S&D2&v2&H0&+0&!R:2]-[C&D1&v4&H3&+0&!R&z1:3]>>[C&D1&v4&H3&+0&!R&z1:3]-[S&D3&v3&H0&+&!R:1].[S&D1&v2&H1&+0&!R:2]	METHYL_DONOR_CoF;Any
1098_0	Any	([C&D3&v4&H0&+0&!R&z2:1](=[O&D1&v2&H0&+0&!R:2])-[O&D1&v2&H1&+0&!R:3].[O&D1&v2&H1&+0&!R:4])>>[O&D0&v2&H2&+0&!R:3].[O&D2&v2&H0&+0&R:4]-[C&D3&v4&H0&+0&R&z2:1]=[O&D1&v2&H0&+0&!R:2]	WATER;Any
722_0	Any;CoA	[C&D3&v4&H0&+0&!R&z1:1]-[C&D2&v4&H2&+0&!R&z0:2].[S&D1&v2&H1&+0&!R:3]>>[C&D1&v4&H3&+0&!R&z0:2].[C&D3&v4&H0&+0&!R&z2:1]-[S&D2&v2&H0&+0&!R:3]	ACETYL-COA;ACETYL-COA
722_1	Any;CoA	[C&D3&v4&H0&+0&!R&z1:1]-[C&D2&v4&H2&+0&!R&z0:2].[S&D1&v2&H1&+0&!R:3]>>[C&D1&v4&H3&+0&!R&z0:2].[C&D3&v4&H0&+0&!R&z2:1]-[S&D2&v2&H0&+0&!R:3]	ACETYL-COA;Any
722_2	Any;CoA	[C&D3&v4&H0&+0&!R&z1:1]-[C&D2&v4&H2&+0&!R&z0:2].[S&D1&v2&H1&+0&!R:3]>>[C&D1&v4&H3&+0&!R&z0:2].[C&D3&v4&H0&+0&!R&z2:1]-[S&D2&v2&H0&+0&!R:3]	Any;ACETYL-COA
819_0	Any;Any	[C&D3&v4&H1&+0&!R&z0:1](-[C&D3&v4&H0&+0&!R&z2:2]-[O&D1&v2&H1&+0&!R:3])-[C&D3&v4&H1&+0&!R&z1:4]-[O&D1&v2&H1&+0&!R:5].[c&D3&v4&H0&+0&R&z0:6]1:[c&D2&v4&H1&+0&R&z0:7]:[c&D2&v4&H1&+0&R&z0:8]:[c&D2&v4&H1&+0&R&z1:9]:[n&D3&v4&H0&+&R:10]:[c&D2&v4&H1&+0&R&z1:11]:1>>[C&D2&v4&H2&+0&!R&z0:1]-[C&D3&v4&H0&+0&!R&z1:4]=[O&D1&v2&H0&+0&!R:5].[C&D3&v4&H0&+0&R&z0:6]1=[C&D2&v4&H1&+0&R&z1:11]-[N&D3&v3&H0&+0&R:10]-[C&D2&v4&H1&+0&R&z1:9]=[C&D2&v4&H1&+0&R&z0:8]-[C&D2&v4&H2&+0&R&z0:7]-1.[O&D1&v2&H0&+0&!R:3]=[C&D2&v4&H0&+0&!R&z2:2]	Any;Any;CO2
819_1	Any;NAD_CoF	[C&D3&v4&H1&+0&!R&z0:1](-[C&D3&v4&H0&+0&!R&z2:2]-[O&D1&v2&H1&+0&!R:3])-[C&D3&v4&H1&+0&!R&z1:4]-[O&D1&v2&H1&+0&!R:5].[c&D3&v4&H0&+0&R&z0:6]1:[c&D2&v4&H1&+0&R&z0:7]:[c&D2&v4&H1&+0&R&z0:8]:[c&D2&v4&H1&+0&R&z1:9]:[n&D3&v4&H0&+&R:10]:[c&D2&v4&H1&+0&R&z1:11]:1>>[C&D2&v4&H2&+0&!R&z0:1]-[C&D3&v4&H0&+0&!R&z1:4]=[O&D1&v2&H0&+0&!R:5].[C&D3&v4&H0&+0&R&z0:6]1=[C&D2&v4&H1&+0&R&z1:11]-[N&D3&v3&H0&+0&R:10]-[C&D2&v4&H1&+0&R&z1:9]=[C&D2&v4&H1&+0&R&z0:8]-[C&D2&v4&H2&+0&R&z0:7]-1.[O&D1&v2&H0&+0&!R:3]=[C&D2&v4&H0&+0&!R&z2:2]	Any;NADH_CoF;CO2
446_0	Any;Any	[C&D2&v4&H1&+0&!R&z1:1]=[O&D1&v2&H0&+0&!R:2].[C&D3&v4&H0&+0&R&z0:3]1=[C&D2&v4&H1&+0&R&z1:4]-[N&D3&v3&H0&+0&R:5]-[C&D2&v4&H1&+0&R&z1:6]=[C&D2&v4&H1&+0&R&z0:7]-[C&D2&v4&H2&+0&R&z0:8]-1>>[C&D2&v4&H2&+0&!R&z1:1]-[O&D1&v2&H1&+0&!R:2].[c&D3&v4&H0&+0&R&z0:3]1:[c&D2&v4&H1&+0&R&z0:8]:[c&D2&v4&H1&+0&R&z0:7]:[c&D2&v4&H1&+0&R&z1:6]:[n&D3&v4&H0&+&R:5]:[c&D2&v4&H1&+0&R&z1:4]:1	Any;Any
446_1	Any;NADH_CoF	[C&D2&v4&H1&+0&!R&z1:1]=[O&D1&v2&H0&+0&!R:2].[C&D3&v4&H0&+0&R&z0:3]1=[C&D2&v4&H1&+0&R&z1:4]-[N&D3&v3&H0&+0&R:5]-[C&D2&v4&H1&+0&R&z1:6]=[C&D2&v4&H1&+0&R&z0:7]-[C&D2&v4&H2&+0&R&z0:8]-1>>[C&D2&v4&H2&+0&!R&z1:1]-[O&D1&v2&H1&+0&!R:2].[c&D3&v4&H0&+0&R&z0:3]1:[c&D2&v4&H1&+0&R&z0:8]:[c&D2&v4&H1&+0&R&z0:7]:[c&D2&v4&H1&+0&R&z1:6]:[n&D3&v4&H0&+&R:5]:[c&D2&v4&H1&+0&R&z1:4]:1	Any;NAD_CoF
160_0	Any;WATER	[C&D3&v4&H1&+0&R&z1:1]-[O&D2&v2&H0&+0&R:2].[O&D0&v2&H2&+0&!R:3]>>([C&D3&v4&H1&+0&R&z1:1]-[O&D1&v2&H1&+0&!R:3].[O&D1&v2&H1&+0&!R:2])	Any
1593_0	Any;CO2	[C&D3&v4&H0&+0&R&z0:1]1=[C&D2&v4&H1&+0&R&z1:2]-[N&D3&v3&H0&+0&R:3]-[C&D2&v4&H1&+0&R&z1:4]=[C&D2&v4&H1&+0&R&z0:5]-[C&D2&v4&H2&+0&R&z0:6]-1.[O&D1&v2&H0&+0&!R:7]=[C&D2&v4&H0&+0&!R&z2:8]>>[C&D2&v4&H1&+0&!R&z2:8]-[O&D1&v2&H1&+0&!R:7].[c&D3&v4&H0&+0&R&z0:1]1:[c&D2&v4&H1&+0&R&z0:6]:[c&D2&v4&H1&+0&R&z0:5]:[c&D2&v4&H1&+0&R&z1:4]:[n&D3&v4&H0&+&R:3]:[c&D2&v4&H1&+0&R&z1:2]:1	Any;Any
1593_1	NADH_CoF;CO2	[C&D3&v4&H0&+0&R&z0:1]1=[C&D2&v4&H1&+0&R&z1:2]-[N&D3&v3&H0&+0&R:3]-[C&D2&v4&H1&+0&R&z1:4]=[C&D2&v4&H1&+0&R&z0:5]-[C&D2&v4&H2&+0&R&z0:6]-1.[O&D1&v2&H0&+0&!R:7]=[C&D2&v4&H0&+0&!R&z2:8]>>[C&D2&v4&H1&+0&!R&z2:8]-[O&D1&v2&H1&+0&!R:7].[c&D3&v4&H0&+0&R&z0:1]1:[c&D2&v4&H1&+0&R&z0:6]:[c&D2&v4&H1&+0&R&z0:5]:[c&D2&v4&H1&+0&R&z1:4]:[n&D3&v4&H0&+&R:3]:[c&D2&v4&H1&+0&R&z1:2]:1	Any;NAD_CoF
527_0	Any;PPI	[C&D1&v4&H2&+0&!R&z0:1]=[C&D3&v4&H0&+0&R&z0:2]-[C&D3&v4&H1&+0&R&z0:3]1-[C&D2&v4&H2&+0&R&z0:4]-[C&D3&v4&H1&+0&R&z0:5]-[C&D4&v4&H0&+0&R&z0:6]-1.[O&D1&v2&H1&+0&!R:7]>>([C&D3&v4&H0&+0&!R&z0:2](-[C&D1&v4&H3&+0&!R&z0:1])=[C&D2&v4&H1&+0&!R&z0:3]-[C&D2&v4&H2&+0&!R&z1:4]-[O&D2&v2&H0&+0&!R:7].[C&D3&v4&H0&+0&!R&z0:6]=[C&D2&v4&H1&+0&!R&z0:5])	Any
1289_0	Any;Any	[C&D2&v4&H2&+0&!R&z0:1]-[C&D2&v4&H2&+0&!R&z0:2]-[C&D3&v4&H0&+0&!R&z1:3].[c&D3&v4&H0&+0&R&z0:4]1:[c&D2&v4&H1&+0&R&z0:5]:[c&D2&v4&H1&+0&R&z0:6]:[c&D2&v4&H1&+0&R&z1:7]:[n&D3&v4&H0&+&R:8]:[c&D2&v4&H1&+0&R&z1:9]:1>>[C&D2&v4&H1&+0&!R&z0:1]=[C&D2&v4&H1&+0&!R&z0:2]-[C&D3&v4&H0&+0&!R&z1:3].[C&D3&v4&H0&+0&R&z0:4]1=[C&D2&v4&H1&+0&R&z1:9]-[N&D3&v3&H0&+0&R:8]-[C&D2&v4&H1&+0&R&z1:7]=[C&D2&v4&H1&+0&R&z0:6]-[C&D2&v4&H2&+0&R&z0:5]-1	Any;Any
1289_1	Any;NAD_CoF	[C&D2&v4&H2&+0&!R&z0:1]-[C&D2&v4&H2&+0&!R&z0:2]-[C&D3&v4&H0&+0&!R&z1:3].[c&D3&v4&H0&+0&R&z0:4]1:[c&D2&v4&H1&+0&R&z0:5]:[c&D2&v4&H1&+0&R&z0:6]:[c&D2&v4&H1&+0&R&z1:7]:[n&D3&v4&H0&+&R:8]:[c&D2&v4&H1&+0&R&z1:9]:1>>[C&D2&v4&H1&+0&!R&z0:1]=[C&D2&v4&H1&+0&!R&z0:2]-[C&D3&v4&H0&+0&!R&z1:3].[C&D3&v4&H0&+0&R&z0:4]1=[C&D2&v4&H1&+0&R&z1:9]-[N&D3&v3&H0&+0&R:8]-[C&D2&v4&H1&+0&R&z1:7]=[C&D2&v4&H1&+0&R&z0:6]-[C&D2&v4&H2&+0&R&z0:5]-1	Any;NADH_CoF
476_0	Any	[C&D3&v4&H0&+0&R&z0:1](=[C&D3&v4&H0&+0&R&z0:2])-[C&D2&v4&H2&+0&R&z0:3]>>[C&D3&v4&H0&+0&R&z0:1](=[C&D2&v4&H1&+0&R&z0:3])-[C&D3&v4&H1&+0&R&z0:2]	Any
786_0	ACETYL-COA;ACETYL-COA	[C&D1&v4&H3&+0&!R&z0:1].[C&D3&v4&H0&+0&!R&z2:2](=[O&D1&v2&H0&+0&!R:3])-[S&D2&v2&H0&+0&!R:4]>>[C&D3&v4&H0&+0&!R&z1:2](=[O&D1&v2&H0&+0&!R:3])-[C&D2&v4&H2&+0&!R&z0:1].[S&D1&v2&H1&+0&!R:4]	Any;CoA
786_1	ACETYL-COA;Any	[C&D1&v4&H3&+0&!R&z0:1].[C&D3&v4&H0&+0&!R&z2:2](=[O&D1&v2&H0&+0&!R:3])-[S&D2&v2&H0&+0&!R:4]>>[C&D3&v4&H0&+0&!R&z1:2](=[O&D1&v2&H0&+0&!R:3])-[C&D2&v4&H2&+0&!R&z0:1].[S&D1&v2&H1&+0&!R:4]	Any;CoA
786_2	Any;ACETYL-COA	[C&D1&v4&H3&+0&!R&z0:1].[C&D3&v4&H0&+0&!R&z2:2](=[O&D1&v2&H0&+0&!R:3])-[S&D2&v2&H0&+0&!R:4]>>[C&D3&v4&H0&+0&!R&z1:2](=[O&D1&v2&H0&+0&!R:3])-[C&D2&v4&H2&+0&!R&z0:1].[S&D1&v2&H1&+0&!R:4]	Any;CoA
1156_0	Any;PPI	[C&D2&v4&H2&+0&R&z0:1]-[C&D4&v4&H0&+0&R&z0:2]-[C&D2&v4&H1&+0&R&z0:3]=[C&D2&v4&H1&+0&R&z0:4].[O&D1&v2&H1&+0&!R:5]>>([C&D2&v4&H2&+0&!R&z1:1]-[O&D2&v2&H0&+0&!R:5].[C&D3&v4&H0&+0&!R&z0:2]=[C&D2&v4&H1&+0&!R&z0:3]-[C&D2&v4&H2&+0&!R&z0:4])	Any
86_0	Any;WATER;Any	[C&D3&v4&H0&+0&!R&z2:1]-[O&D1&v2&H1&+0&!R:2].[O&D0&v2&H2&+0&!R:3].[P&D4&v5&H0&+0&!R:4]-[O&D2&v2&H0&+0&!R:5]>>[C&D3&v4&H0&+0&!R&z2:1]-[O&D1&v2&H1&+0&!R:3].[O&D1&v2&H1&+0&!R:5].[P&D4&v5&H0&+0&!R:4]-[O&D1&v2&H1&+0&!R:2]	Any;PPI;Any
86_1	Any;WATER;Any	[C&D3&v4&H0&+0&!R&z2:1]-[O&D1&v2&H1&+0&!R:2].[O&D0&v2&H2&+0&!R:3].[P&D4&v5&H0&+0&!R:4]-[O&D2&v2&H0&+0&!R:5]>>[C&D3&v4&H0&+0&!R&z2:1]-[O&D1&v2&H1&+0&!R:3].[O&D1&v2&H1&+0&!R:5].[P&D4&v5&H0&+0&!R:4]-[O&D1&v2&H1&+0&!R:2]	Any;Pi;Any
86_2	Any;WATER;PHOSPHATE_DONOR_CoF	[C&D3&v4&H0&+0&!R&z2:1]-[O&D1&v2&H1&+0&!R:2].[O&D0&v2&H2&+0&!R:3].[P&D4&v5&H0&+0&!R:4]-[O&D2&v2&H0&+0&!R:5]>>[C&D3&v4&H0&+0&!R&z2:1]-[O&D1&v2&H1&+0&!R:3].[O&D1&v2&H1&+0&!R:5].[P&D4&v5&H0&+0&!R:4]-[O&D1&v2&H1&+0&!R:2]	Any;Pi;PHOSPHATE_ACCEPTOR_CoF
86_3	Any;WATER;PYROPHOSPHATE_DONOR_CoF	[C&D3&v4&H0&+0&!R&z2:1]-[O&D1&v2&H1&+0&!R:2].[O&D0&v2&H2&+0&!R:3].[P&D4&v5&H0&+0&!R:4]-[O&D2&v2&H0&+0&!R:5]>>[C&D3&v4&H0&+0&!R&z2:1]-[O&D1&v2&H1&+0&!R:3].[O&D1&v2&H1&+0&!R:5].[P&D4&v5&H0&+0&!R:4]-[O&D1&v2&H1&+0&!R:2]	Any;PPI;PYROPHOSPHATE_ACCEPTOR_CoF
928_0	Any	([C&D1&v4&H3&+0&!R&z0:1]-[C&D3&v4&H0&+0&!R&z0:2]=[C&D2&v4&H1&+0&!R&z0:3].[C&D2&v4&H2&+0&!R&z1:4]-[O&D2&v2&H0&+0&!R:5].[C&D3&v4&H0&+0&!R&z0:6]=[C&D2&v4&H1&+0&!R&z0:7])>>[C&D1&v4&H2&+0&!R&z0:1]=[C&D3&v4&H0&+0&!R&z0:2]-[C&D3&v4&H1&+0&R&z0:3]-[C&D3&v4&H1&+0&R&z0:4]-[C&D3&v4&H1&+0&R&z0:7]-[C&D3&v4&H1&+0&R&z0:6].[O&D1&v2&H1&+0&!R:5]	Any;PPI
679_0	Any;SULFITE	[C&D1&v4&H3&+0&!R&z0:1]-[C&D3&v4&H0&+0&!R&z1:2]=[O&D1&v2&H0&+0&!R:3].[S&D3&v4&H0&+0&!R:4]-[O&D1&v2&H1&+0&!R:5]>>[C&D3&v4&H1&+0&!R&z1:2](-[O&D1&v2&H1&+0&!R:3])-[C&D2&v4&H2&+0&!R&z1:1]-[S&D4&v6&H0&+0&!R:4]=[O&D1&v2&H0&+0&!R:5]	Any
1440_0	Any	([C&D3&v4&H1&+0&!R&z1:1].[S&D3&v3&H0&+&!R:2]-[C&D2&v4&H2&+0&!R&z1:3])>>[C&D4&v4&H0&+0&R&z1:1]-[C&D2&v4&H2&+0&R&z0:3].[S&D2&v2&H0&+0&!R:2]	Any;Any
2132_0	Any	[O&D1&v2&H1&+0&!R:1]-[N&D2&v3&H0&+0&!R:2]=[C&D2&v4&H1&+0&!R&z1:3]>>[N&D1&v3&H0&+0&!R:2]#[C&D2&v4&H0&+0&!R&z1:3].[O&D0&v2&H2&+0&!R:1]	Any;WATER
1840_0	Any;Any	[O&D2&v2&H0&+0&!R:1]-[C&D3&v4&H1&+0&R&z1:2]~[*:3]~[C&D3&v4&H1&+0&R&z1:4]-[O&D2&v2&H0&+0&!R:5].[P&D4&v5&H0&+0&!R:6]-[O&D1&v2&H1&+0&!R:7]>>[C&D3&v4&H1&+0&R&z1:4](-[O&D1&v2&H1&+0&!R:7])~[*:3]~[C&D3&v4&H1&+0&R&z1:2]-[O&D2&v2&H0&+0&!R:1].[P&D4&v5&H0&+0&!R:6]-[O&D2&v2&H0&+0&!R:5]	Any;Any
1840_1	Any;GLUCOSYL_ACCEPTOR_CoF	[O&D2&v2&H0&+0&!R:1]-[C&D3&v4&H1&+0&R&z1:2]~[*:3]~[C&D3&v4&H1&+0&R&z1:4]-[O&D2&v2&H0&+0&!R:5].[P&D4&v5&H0&+0&!R:6]-[O&D1&v2&H1&+0&!R:7]>>[C&D3&v4&H1&+0&R&z1:4](-[O&D1&v2&H1&+0&!R:7])~[*:3]~[C&D3&v4&H1&+0&R&z1:2]-[O&D2&v2&H0&+0&!R:1].[P&D4&v5&H0&+0&!R:6]-[O&D2&v2&H0&+0&!R:5]	Any;GLUCOSYL_DONOR_CoF
1840_2	Any;PHOSPHATE_ACCEPTOR_CoF	[O&D2&v2&H0&+0&!R:1]-[C&D3&v4&H1&+0&R&z1:2]~[*:3]~[C&D3&v4&H1&+0&R&z1:4]-[O&D2&v2&H0&+0&!R:5].[P&D4&v5&H0&+0&!R:6]-[O&D1&v2&H1&+0&!R:7]>>[C&D3&v4&H1&+0&R&z1:4](-[O&D1&v2&H1&+0&!R:7])~[*:3]~[C&D3&v4&H1&+0&R&z1:2]-[O&D2&v2&H0&+0&!R:1].[P&D4&v5&H0&+0&!R:6]-[O&D2&v2&H0&+0&!R:5]	Any;PHOSPHATE_DONOR_CoF
1840_3	Any;PPI	[O&D2&v2&H0&+0&!R:1]-[C&D3&v4&H1&+0&R&z1:2]~[*:3]~[C&D3&v4&H1&+0&R&z1:4]-[O&D2&v2&H0&+0&!R:5].[P&D4&v5&H0&+0&!R:6]-[O&D1&v2&H1&+0&!R:7]>>[C&D3&v4&H1&+0&R&z1:4](-[O&D1&v2&H1&+0&!R:7])~[*:3]~[C&D3&v4&H1&+0&R&z1:2]-[O&D2&v2&H0&+0&!R:1].[P&D4&v5&H0&+0&!R:6]-[O&D2&v2&H0&+0&!R:5]	Any;Any
1840_4	Any;Pi	[O&D2&v2&H0&+0&!R:1]-[C&D3&v4&H1&+0&R&z1:2]~[*:3]~[C&D3&v4&H1&+0&R&z1:4]-[O&D2&v2&H0&+0&!R:5].[P&D4&v5&H0&+0&!R:6]-[O&D1&v2&H1&+0&!R:7]>>[C&D3&v4&H1&+0&R&z1:4](-[O&D1&v2&H1&+0&!R:7])~[*:3]~[C&D3&v4&H1&+0&R&z1:2]-[O&D2&v2&H0&+0&!R:1].[P&D4&v5&H0&+0&!R:6]-[O&D2&v2&H0&+0&!R:5]	Any;Any
1397_0	Any;Any	[C&D2&v4&H2&+0&!R&z1:1]-[S&D1&v2&H1&+0&!R:2].[S&D1&v2&H1&+0&!R:3]>>[S&D0&v2&H2&+0&!R:2].[S&D2&v2&H0&+0&!R:3]-[C&D2&v4&H2&+0&!R&z1:1]	Any;Any
1397_1	CoA;Any	[C&D2&v4&H2&+0&!R&z1:1]-[S&D1&v2&H1&+0&!R:2].[S&D1&v2&H1&+0&!R:3]>>[S&D0&v2&H2&+0&!R:2].[S&D2&v2&H0&+0&!R:3]-[C&D2&v4&H2&+0&!R&z1:1]	Any;ACETYL-COA
1127_0	WATER;Any;Any	[O&D0&v2&H2&+0&!R:1].[P&D4&v5&H0&+0&!R:2]-[O&D2&v2&H0&+0&!R:3].[c&D3&v4&H0&+0&R&z1:4]-[O&D1&v2&H1&+0&!R:5]>>[O&D1&v2&H1&+0&!R:3].[P&D4&v5&H0&+0&!R:2]-[O&D1&v2&H1&+0&!R:5].[c&D3&v4&H0&+0&R&z1:4]-[O&D1&v2&H1&+0&!R:1]	Pi;Any;Any
1127_1	WATER;PHOSPHATE_DONOR_CoF;Any	[O&D0&v2&H2&+0&!R:1].[P&D4&v5&H0&+0&!R:2]-[O&D2&v2&H0&+0&!R:3].[c&D3&v4&H0&+0&R&z1:4]-[O&D1&v2&H1&+0&!R:5]>>[O&D1&v2&H1&+0&!R:3].[P&D4&v5&H0&+0&!R:2]-[O&D1&v2&H1&+0&!R:5].[c&D3&v4&H0&+0&R&z1:4]-[O&D1&v2&H1&+0&!R:1]	Pi;PHOSPHATE_ACCEPTOR_CoF;Any
223_0	Any	[N&D2&v3&H1&+0&!R:1]-[C&D3&v4&H1&+0&!R&z2:2]-[O&D1&v2&H1&+0&!R:3]>>[N&D1&v3&H2&+0&!R:1].[O&D1&v2&H0&+0&!R:3]=[C&D2&v4&H1&+0&!R&z1:2]	Any;Any
41_0	Any;WATER	[C&D3&v4&H0&+0&!R&z3:1]-[N&D2&v3&H1&+0&!R:2].[O&D0&v2&H2&+0&!R:3]>>[C&D3&v4&H0&+0&!R&z3:1]-[O&D1&v2&H1&+0&!R:3].[N&D1&v3&H2&+0&!R:2]	Any;Any
1395_0	CO2;Any	[O&D1&v2&H0&+0&!R:1]=[C&D2&v4&H0&+0&!R&z2:2].[c&D2&v4&H1&+0&R&z0:3]>>[c&D3&v4&H0&+0&R&z0:3]-[C&D3&v4&H0&+0&!R&z2:2]-[O&D1&v2&H1&+0&!R:1]	Any
1486_0	Any	[C&D2&v4&H0&+0&!R&z1:1]-[C&D3&v4&H1&+0&!R&z1:2]-[O&D1&v2&H1&+0&!R:3]>>[C&D1&v4&H1&+0&!R&z1:1].[O&D1&v2&H0&+0&!R:3]=[C&D2&v4&H1&+0&!R&z1:2]	HCN;Any
49_0	Any;Any	[C&D3&v4&H1&+0&R&z1:1]-[O&D1&v2&H1&+0&!R:2].[O&D1&v2&H1&+0&!R:3]>>[C&D3&v4&H1&+0&R&z1:1]-[O&D2&v2&H0&+0&!R:3].[O&D0&v2&H2&+0&!R:2]	Any;WATER
49_1	Any;PPI	[C&D3&v4&H1&+0&R&z1:1]-[O&D1&v2&H1&+0&!R:2].[O&D1&v2&H1&+0&!R:3]>>[C&D3&v4&H1&+0&R&z1:1]-[O&D2&v2&H0&+0&!R:3].[O&D0&v2&H2&+0&!R:2]	Any;WATER
49_2	Any;Pi	[C&D3&v4&H1&+0&R&z1:1]-[O&D1&v2&H1&+0&!R:2].[O&D1&v2&H1&+0&!R:3]>>[C&D3&v4&H1&+0&R&z1:1]-[O&D2&v2&H0&+0&!R:3].[O&D0&v2&H2&+0&!R:2]	Any;WATER
49_3	Any;SULFATE	[C&D3&v4&H1&+0&R&z1:1]-[O&D1&v2&H1&+0&!R:2].[O&D1&v2&H1&+0&!R:3]>>[C&D3&v4&H1&+0&R&z1:1]-[O&D2&v2&H0&+0&!R:3].[O&D0&v2&H2&+0&!R:2]	Any;WATER
49_4	PHOSPHATE_ACCEPTOR_CoF;Pi	[C&D3&v4&H1&+0&R&z1:1]-[O&D1&v2&H1&+0&!R:2].[O&D1&v2&H1&+0&!R:3]>>[C&D3&v4&H1&+0&R&z1:1]-[O&D2&v2&H0&+0&!R:3].[O&D0&v2&H2&+0&!R:2]	PHOSPHATE_DONOR_CoF;WATER
49_5	PYROPHOSPHATE_ACCEPTOR_CoF;PPI	[C&D3&v4&H1&+0&R&z1:1]-[O&D1&v2&H1&+0&!R:2].[O&D1&v2&H1&+0&!R:3]>>[C&D3&v4&H1&+0&R&z1:1]-[O&D2&v2&H0&+0&!R:3].[O&D0&v2&H2&+0&!R:2]	PYROPHOSPHATE_DONOR_CoF;WATER
157_0	Any;Any	[C&D3&v4&H0&+0&R&z0:1]1=[C&D2&v4&H1&+0&R&z1:2]-[N&D3&v3&H0&+0&R:3]-[C&D2&v4&H1&+0&R&z1:4]=[C&D2&v4&H1&+0&R&z0:5]-[C&D2&v4&H2&+0&R&z0:6]-1.[C&D3&v4&H0&+0&R&z2:7]=[O&D1&v2&H0&+0&!R:8]>>[C&D3&v4&H1&+0&R&z2:7]-[O&D1&v2&H1&+0&!R:8].[c&D3&v4&H0&+0&R&z0:1]1:[c&D2&v4&H1&+0&R&z0:6]:[c&D2&v4&H1&+0&R&z0:5]:[c&D2&v4&H1&+0&R&z1:4]:[n&D3&v4&H0&+&R:3]:[c&D2&v4&H1&+0&R&z1:2]:1	Any;Any
157_1	NADH_CoF;Any	[C&D3&v4&H0&+0&R&z0:1]1=[C&D2&v4&H1&+0&R&z1:2]-[N&D3&v3&H0&+0&R:3]-[C&D2&v4&H1&+0&R&z1:4]=[C&D2&v4&H1&+0&R&z0:5]-[C&D2&v4&H2&+0&R&z0:6]-1.[C&D3&v4&H0&+0&R&z2:7]=[O&D1&v2&H0&+0&!R:8]>>[C&D3&v4&H1&+0&R&z2:7]-[O&D1&v2&H1&+0&!R:8].[c&D3&v4&H0&+0&R&z0:1]1:[c&D2&v4&H1&+0&R&z0:6]:[c&D2&v4&H1&+0&R&z0:5]:[c&D2&v4&H1&+0&R&z1:4]:[n&D3&v4&H0&+&R:3]:[c&D2&v4&H1&+0&R&z1:2]:1	Any;NAD_CoF
317_0	Any;WATER	[C&D2&v4&H1&+0&!R&z0:1]=[C&D2&v4&H1&+0&!R&z0:2].[O&D0&v2&H2&+0&!R:3]>>[C&D2&v4&H2&+0&!R&z0:1]-[C&D3&v4&H1&+0&!R&z1:2]-[O&D1&v2&H1&+0&!R:3]	Any
1343_0	Any;Any	[C&D2&v4&H1&+0&!R&z2:1]-[O&D1&v2&H1&+0&!R:2].[N&D2&v3&H1&+0&!R:3]>>[N&D3&v3&H0&+0&!R:3]-[C&D2&v4&H1&+0&!R&z2:1].[O&D0&v2&H2&+0&!R:2]	Any;WATER
1343_1	Any;FORMYL_ACCEPTOR_CoF	[C&D2&v4&H1&+0&!R&z2:1]-[O&D1&v2&H1&+0&!R:2].[N&D2&v3&H1&+0&!R:3]>>[N&D3&v3&H0&+0&!R:3]-[C&D2&v4&H1&+0&!R&z2:1].[O&D0&v2&H2&+0&!R:2]	FORMYL_DONOR_CoF;WATER
217_0	Any;Any	[C&D1&v4&H3&+0&!R&z1:1]-[S&D3&v3&H0&+&!R:2].[N&D3&v3&H0&+0&!R:3]>>[N&D4&v4&H0&+&!R:3]-[C&D1&v4&H3&+0&!R&z1:1].[S&D2&v2&H0&+0&!R:2]	Any;Any
217_1	METHYL_DONOR_CoF;Any	[C&D1&v4&H3&+0&!R&z1:1]-[S&D3&v3&H0&+&!R:2].[N&D3&v3&H0&+0&!R:3]>>[N&D4&v4&H0&+&!R:3]-[C&D1&v4&H3&+0&!R&z1:1].[S&D2&v2&H0&+0&!R:2]	Any;METHYL_ACCEPTOR_CoF
1157_0	Any;PPI	[C&D3&v4&H1&+0&R&z0:1]-[C&D2&v4&H1&+0&R&z0:2]=[C&D2&v4&H1&+0&R&z0:3]-[C&D3&v4&H1&+0&R&z0:4]-[C&D4&v4&H0&+0&!R&z1:5]-[O&D1&v2&H1&+0&!R:6].[O&D1&v2&H1&+0&!R:7]>>([C&D3&v4&H0&+0&!R&z0:5]=[C&D2&v4&H1&+0&!R&z0:4].[C&D3&v4&H0&+0&!R&z0:1]=[C&D2&v4&H1&+0&!R&z0:2]-[C&D2&v4&H2&+0&!R&z1:3]-[O&D2&v2&H0&+0&!R:7]).[O&D0&v2&H2&+0&!R:6]	Any;WATER
1325_0	Any	([C&D3&v4&H0&+0&!R&z2:1]-[O&D1&v2&H1&+0&!R:2].[N&D1&v3&H2&+0&!R:3])>>[C&D3&v4&H0&+0&R&z2:1]-[N&D2&v3&H1&+0&R:3].[O&D0&v2&H2&+0&!R:2]	Any;WATER
766_0	Any;WATER;O2	[C&D2&v4&H2&+0&!R&z1:1]-[N&D2&v3&H1&+0&!R:2].[O&D0&v2&H2&+0&!R:3].[O&D1&v2&H0&+0&!R:4]=[O&D1&v2&H0&+0&!R:5]>>[C&D2&v4&H1&+0&!R&z1:1]=[O&D1&v2&H0&+0&!R:3].[N&D1&v3&H2&+0&!R:2].[O&D1&v2&H1&+0&!R:4]-[O&D1&v2&H1&+0&!R:5]	Any;Any;H2O2
1049_0	Any;Any	[C&D3&v4&H0&+0&!R&z0:1]=[C&D2&v4&H1&+0&!R&z0:2]-[C&D2&v4&H1&+0&!R&z1:3]=[O&D1&v2&H0&+0&!R:4].[C&D3&v4&H0&+0&R&z0:5]1=[C&D2&v4&H1&+0&R&z1:6]-[N&D3&v3&H0&+0&R:7]-[C&D2&v4&H1&+0&R&z1:8]=[C&D2&v4&H1&+0&R&z0:9]-[C&D2&v4&H2&+0&R&z0:10]-1>>[C&D3&v4&H1&+0&!R&z0:1]-[C&D2&v4&H1&+0&!R&z0:2]=[C&D2&v4&H1&+0&!R&z1:3]-[O&D1&v2&H1&+0&!R:4].[c&D3&v4&H0&+0&R&z0:5]1:[c&D2&v4&H1&+0&R&z0:10]:[c&D2&v4&H1&+0&R&z0:9]:[c&D2&v4&H1&+0&R&z1:8]:[n&D3&v4&H0&+&R:7]:[c&D2&v4&H1&+0&R&z1:6]:1	Any;Any
1049_1	Any;NADH_CoF	[C&D3&v4&H0&+0&!R&z0:1]=[C&D2&v4&H1&+0&!R&z0:2]-[C&D2&v4&H1&+0&!R&z1:3]=[O&D1&v2&H0&+0&!R:4].[C&D3&v4&H0&+0&R&z0:5]1=[C&D2&v4&H1&+0&R&z1:6]-[N&D3&v3&H0&+0&R:7]-[C&D2&v4&H1&+0&R&z1:8]=[C&D2&v4&H1&+0&R&z0:9]-[C&D2&v4&H2&+0&R&z0:10]-1>>[C&D3&v4&H1&+0&!R&z0:1]-[C&D2&v4&H1&+0&!R&z0:2]=[C&D2&v4&H1&+0&!R&z1:3]-[O&D1&v2&H1&+0&!R:4].[c&D3&v4&H0&+0&R&z0:5]1:[c&D2&v4&H1&+0&R&z0:10]:[c&D2&v4&H1&+0&R&z0:9]:[c&D2&v4&H1&+0&R&z1:8]:[n&D3&v4&H0&+&R:7]:[c&D2&v4&H1&+0&R&z1:6]:1	Any;NAD_CoF
165_0	Any;Any	[O&D2&v2&H0&+0&!R:1]-[P&D4&v5&H0&+0&!R:2].[n&D2&v3&H1&+0&R:3]>>[O&D1&v2&H1&+0&!R:1].[n&D3&v3&H0&+0&R:3]-[P&D4&v5&H0&+0&!R:2]	Any;Any
165_1	Any;Any	[O&D2&v2&H0&+0&!R:1]-[P&D4&v5&H0&+0&!R:2].[n&D2&v3&H1&+0&R:3]>>[O&D1&v2&H1&+0&!R:1].[n&D3&v3&H0&+0&R:3]-[P&D4&v5&H0&+0&!R:2]	PPI;Any
165_2	PHOSPHATE_DONOR_CoF;Any	[O&D2&v2&H0&+0&!R:1]-[P&D4&v5&H0&+0&!R:2].[n&D2&v3&H1&+0&R:3]>>[O&D1&v2&H1&+0&!R:1].[n&D3&v3&H0&+0&R:3]-[P&D4&v5&H0&+0&!R:2]	PHOSPHATE_ACCEPTOR_CoF;Any
751_0	Any;Any	[C&D3&v4&H1&+0&R&z2:1]-[O&D2&v2&H0&+0&!R:2].[P&D4&v5&H0&+0&!R:3]-[O&D1&v2&H1&+0&!R:4]>>[C&D3&v4&H1&+0&R&z2:1]-[O&D1&v2&H1&+0&!R:4].[P&D4&v5&H0&+0&!R:3]-[O&D2&v2&H0&+0&!R:2]	Any;Any
751_1	Any;PHOSPHATE_ACCEPTOR_CoF	[C&D3&v4&H1&+0&R&z2:1]-[O&D2&v2&H0&+0&!R:2].[P&D4&v5&H0&+0&!R:3]-[O&D1&v2&H1&+0&!R:4]>>[C&D3&v4&H1&+0&R&z2:1]-[O&D1&v2&H1&+0&!R:4].[P&D4&v5&H0&+0&!R:3]-[O&D2&v2&H0&+0&!R:2]	Any;PHOSPHATE_DONOR_CoF
751_2	Any;Pi	[C&D3&v4&H1&+0&R&z2:1]-[O&D2&v2&H0&+0&!R:2].[P&D4&v5&H0&+0&!R:3]-[O&D1&v2&H1&+0&!R:4]>>[C&D3&v4&H1&+0&R&z2:1]-[O&D1&v2&H1&+0&!R:4].[P&D4&v5&H0&+0&!R:3]-[O&D2&v2&H0&+0&!R:2]	Any;Any
751_3	PYROPHOSPHATE_DONOR_CoF;PYROPHOSPHATE_ACCEPTOR_CoF	[C&D3&v4&H1&+0&R&z2:1]-[O&D2&v2&H0&+0&!R:2].[P&D4&v5&H0&+0&!R:3]-[O&D1&v2&H1&+0&!R:4]>>[C&D3&v4&H1&+0&R&z2:1]-[O&D1&v2&H1&+0&!R:4].[P&D4&v5&H0&+0&!R:3]-[O&D2&v2&H0&+0&!R:2]	PYROPHOSPHATE_ACCEPTOR_CoF;PYROPHOSPHATE_DONOR_CoF
438_0	HCN;Any	[C&D1&v4&H1&+0&!R&z1:1].[O&D1&v2&H0&+0&!R:2]=[C&D2&v4&H1&+0&!R&z1:3]>>[C&D2&v4&H0&+0&!R&z1:1]-[C&D3&v4&H1&+0&!R&z1:3]-[O&D1&v2&H1&+0&!R:2]	Any
878_0	Any;Any	[C&D3&v4&H0&+0&!R&z2:1]-[O&D1&v2&H1&+0&!R:2].[S&D2&v2&H0&+0&!R:3]-[C&D2&v4&H1&+0&!R&z2:4]>>[C&D2&v4&H1&+0&!R&z2:4]-[O&D1&v2&H1&+0&!R:2].[S&D2&v2&H0&+0&!R:3]-[C&D3&v4&H0&+0&!R&z2:1]	Any;Any
2015_0	Any	[C&D2&v4&H2&+0&!R&z0:1]-[C&D2&v4&H1&+0&!R&z0:2]=[C&D2&v4&H1&+0&!R&z0:3]-[C&D3&v4&H0&+0&!R&z1:4]=[O&D1&v2&H0&+0&!R:5]>>[C&D2&v4&H1&+0&!R&z0:1]=[C&D2&v4&H1&+0&!R&z0:2]-[C&D2&v4&H1&+0&!R&z0:3]=[C&D3&v4&H0&+0&!R&z1:4]-[O&D1&v2&H1&+0&!R:5]	Any
1351_0	Any;SULFATE	[C&D1&v4&H3&+0&!R&z1:1]-[O&D1&v2&H1&+0&!R:2].[O&D1&v2&H1&+0&!R:3]>>[C&D1&v4&H3&+0&!R&z1:1]-[O&D2&v2&H0&+0&!R:3].[O&D0&v2&H2&+0&!R:2]	Any;WATER
113_0	NH3;Any;CO2	[N&D0&v3&H3&+0&!R:1].[N&D1&v3&H2&+0&!R:2].[O&D1&v2&H0&+0&!R:3]=[C&D2&v4&H0&+0&!R&z2:4]>>[N&D2&v3&H1&+0&!R:2]-[C&D3&v4&H0&+0&!R&z3:4]-[N&D1&v3&H2&+0&!R:1].[O&D0&v2&H2&+0&!R:3]	Any;WATER
2104_0	Any	([C&D2&v4&H2&+0&!R&z1:1].[O&D2&v2&H0&+0&R:2]-[C&D3&v4&H1&+0&R&z2:3])>>([C&D3&v4&H1&+0&R&z1:1]-[C&D3&v4&H1&+0&R&z1:3].[O&D1&v2&H1&+0&!R:2])	Any
1152_0	Any;PPI	[C&D3&v4&H0&+0&R&z0:1]1=[C&D2&v4&H1&+0&R&z0:2]-[C&D2&v4&H2&+0&R&z0:3]-[C&D3&v4&H1&+0&R&z0:4]2-[C&D3&v4&H1&+0&R&z0:5](-[C&D3&v4&H1&+0&R&z0:6]-[C&D3&v4&H1&+0&!R&z0:7])-[C&D3&v4&H1&+0&R&z0:8]-1-[C&D4&v4&H0&+0&R&z0:9]-2.[O&D1&v2&H1&+0&!R:10]>>([C&D3&v4&H0&+0&!R&z0:7]=[C&D2&v4&H1&+0&!R&z0:6].[C&D3&v4&H0&+0&!R&z0:9]=[C&D2&v4&H1&+0&!R&z0:8]-[C&D2&v4&H2&+0&!R&z0:5]-[C&D2&v4&H2&+0&!R&z0:4]-[C&D3&v4&H0&+0&!R&z0:1]=[C&D2&v4&H1&+0&!R&z0:2]-[C&D2&v4&H2&+0&!R&z1:3]-[O&D2&v2&H0&+0&!R:10])	Any
171_0	Any	([C&D2&v4&H1&+0&!R&z0:1].[C&D2&v4&H1&+0&!R&z0:2]=[C&D3&v4&H0&+0&!R&z0:3])>>[C&D3&v4&H0&+0&R&z0:1]-[C&D4&v4&H0&+0&R&z0:3]-[C&D2&v4&H2&+0&R&z0:2]	Any
904_0	Any	([C&D2&v4&H2&+0&!R&z1:1]-[O&D2&v2&H0&+0&!R:2].[C&D3&v4&H0&+0&!R&z0:3]=[C&D2&v4&H1&+0&!R&z0:4]-[C&D2&v4&H2&+0&!R&z0:5])>>[C&D3&v4&H1&+0&!R&z0:3]-[C&D3&v4&H0&+0&R&z0:4](=[C&D2&v4&H1&+0&R&z0:5])-[C&D2&v4&H2&+0&R&z0:1].[O&D1&v2&H1&+0&!R:2]	Any;PPI
328_0	Any	[C&D3&v4&H1&+0&!R&z1:1]-[C&D3&v4&H0&+0&!R&z2:2]-[O&D1&v2&H1&+0&!R:3]>>[C&D2&v4&H2&+0&!R&z1:1].[O&D1&v2&H0&+0&!R:3]=[C&D2&v4&H0&+0&!R&z2:2]	Any;CO2
12_0	Any;Any;Any	[N&D3&v3&H0&+0&!R:1](-[C&D1&v4&H3&+0&!R&z1:2])-[C&D1&v4&H3&+0&!R&z1:3].[S&D2&v2&H0&+0&!R:4].[S&D2&v2&H0&+0&!R:5]>>[C&D1&v4&H3&+0&!R&z1:2]-[S&D3&v3&H0&+&!R:4].[C&D1&v4&H3&+0&!R&z1:3]-[S&D3&v3&H0&+&!R:5].[N&D1&v3&H2&+0&!R:1]	Any;Any;Any
12_1	Any;METHYL_ACCEPTOR_CoF;METHYL_ACCEPTOR_CoF	[N&D3&v3&H0&+0&!R:1](-[C&D1&v4&H3&+0&!R&z1:2])-[C&D1&v4&H3&+0&!R&z1:3].[S&D2&v2&H0&+0&!R:4].[S&D2&v2&H0&+0&!R:5]>>[C&D1&v4&H3&+0&!R&z1:2]-[S&D3&v3&H0&+&!R:4].[C&D1&v4&H3&+0&!R&z1:3]-[S&D3&v3&H0&+&!R:5].[N&D1&v3&H2&+0&!R:1]	METHYL_DONOR_CoF;METHYL_DONOR_CoF;Any
824_0	Any;Any	[C&D2&v4&H1&+0&R&z0:1]=[C&D2&v4&H1&+0&R&z0:2].[C&D3&v4&H0&+0&R&z0:3]1=[C&D2&v4&H1&+0&R&z1:4]-[N&D3&v3&H0&+0&R:5]-[C&D2&v4&H1&+0&R&z1:6]=[C&D2&v4&H1&+0&R&z0:7]-[C&D2&v4&H2&+0&R&z0:8]-1>>[C&D2&v4&H2&+0&R&z0:1]-[C&D2&v4&H2&+0&R&z0:2].[c&D3&v4&H0&+0&R&z0:3]1:[c&D2&v4&H1&+0&R&z0:8]:[c&D2&v4&H1&+0&R&z0:7]:[c&D2&v4&H1&+0&R&z1:6]:[n&D3&v4&H0&+&R:5]:[c&D2&v4&H1&+0&R&z1:4]:1	Any;Any
824_1	Any;NADH_CoF	[C&D2&v4&H1&+0&R&z0:1]=[C&D2&v4&H1&+0&R&z0:2].[C&D3&v4&H0&+0&R&z0:3]1=[C&D2&v4&H1&+0&R&z1:4]-[N&D3&v3&H0&+0&R:5]-[C&D2&v4&H1&+0&R&z1:6]=[C&D2&v4&H1&+0&R&z0:7]-[C&D2&v4&H2&+0&R&z0:8]-1>>[C&D2&v4&H2&+0&R&z0:1]-[C&D2&v4&H2&+0&R&z0:2].[c&D3&v4&H0&+0&R&z0:3]1:[c&D2&v4&H1&+0&R&z0:8]:[c&D2&v4&H1&+0&R&z0:7]:[c&D2&v4&H1&+0&R&z1:6]:[n&D3&v4&H0&+&R:5]:[c&D2&v4&H1&+0&R&z1:4]:1	Any;NAD_CoF
219_0	Any;Any	[C&D1&v4&H3&+0&!R&z1:1]-[S&D3&v3&H0&+&!R:2].[N&D2&v3&H1&+0&!R:3]>>[N&D3&v3&H0&+0&!R:3]-[C&D1&v4&H3&+0&!R&z1:1].[S&D2&v2&H0&+0&!R:2]	Any;Any
219_1	METHYL_DONOR_CoF;Any	[C&D1&v4&H3&+0&!R&z1:1]-[S&D3&v3&H0&+&!R:2].[N&D2&v3&H1&+0&!R:3]>>[N&D3&v3&H0&+0&!R:3]-[C&D1&v4&H3&+0&!R&z1:1].[S&D2&v2&H0&+0&!R:2]	Any;METHYL_ACCEPTOR_CoF
16_0	Any;Any	[C&D1&v4&H3&+0&!R&z1:1]-[S&D3&v3&H0&+&!R:2].[N&D1&v3&H2&+0&!R:3]>>[N&D2&v3&H1&+0&!R:3]-[C&D1&v4&H3&+0&!R&z1:1].[S&D2&v2&H0&+0&!R:2]	Any;Any
16_1	METHYL_DONOR_CoF;Any	[C&D1&v4&H3&+0&!R&z1:1]-[S&D3&v3&H0&+&!R:2].[N&D1&v3&H2&+0&!R:3]>>[N&D2&v3&H1&+0&!R:3]-[C&D1&v4&H3&+0&!R&z1:1].[S&D2&v2&H0&+0&!R:2]	Any;METHYL_ACCEPTOR_CoF
275_0	Any;Any	[N&D1&v3&H2&+0&!R:1].[O&D2&v2&H0&+0&!R:2]-[P&D4&v5&H0&+0&!R:3]>>[N&D2&v3&H1&+0&!R:1]-[P&D4&v5&H0&+0&!R:3].[O&D1&v2&H1&+0&!R:2]	Any;Any
275_1	Any;Any	[N&D1&v3&H2&+0&!R:1].[O&D2&v2&H0&+0&!R:2]-[P&D4&v5&H0&+0&!R:3]>>[N&D2&v3&H1&+0&!R:1]-[P&D4&v5&H0&+0&!R:3].[O&D1&v2&H1&+0&!R:2]	Any;PPI
275_2	Any;PHOSPHATE_DONOR_CoF	[N&D1&v3&H2&+0&!R:1].[O&D2&v2&H0&+0&!R:2]-[P&D4&v5&H0&+0&!R:3]>>[N&D2&v3&H1&+0&!R:1]-[P&D4&v5&H0&+0&!R:3].[O&D1&v2&H1&+0&!R:2]	Any;PHOSPHATE_ACCEPTOR_CoF
376_0	Any;Any	[C&D3&v4&H1&+0&R&z2:1]-[O&D1&v2&H1&+0&!R:2].[O&D1&v2&H1&+0&!R:3]>>[O&D0&v2&H2&+0&!R:2].[O&D2&v2&H0&+0&!R:3]-[C&D3&v4&H1&+0&R&z2:1]	WATER;Any
1125_0	Any;PPI	[C&D4&v4&H0&+0&R&z1:1]1-[C&D2&v4&H2&+0&R&z0:2]-[C&D2&v4&H2&+0&R&z0:3]-[C&D3&v4&H1&+0&R&z0:4]-[C&D4&v4&H0&+0&R&z1:5]-[O&D2&v2&H0&+0&R:6]-1.[O&D1&v2&H1&+0&!R:7]>>([C&D3&v4&H0&+0&!R&z0:5]=[C&D2&v4&H1&+0&!R&z0:4].[C&D3&v4&H0&+0&!R&z0:1]=[C&D2&v4&H1&+0&!R&z0:2]-[C&D2&v4&H2&+0&!R&z1:3]-[O&D2&v2&H0&+0&!R:7]).[O&D0&v2&H2&+0&!R:6]	Any;WATER
750_0	Any;Any	[C&D3&v4&H0&+0&!R&z2:1]-[N&D1&v3&H2&+0&!R:2].[O&D1&v2&H1&+0&!R:3]>>[C&D3&v4&H0&+0&!R&z2:1]-[O&D2&v2&H0&+0&!R:3].[N&D0&v3&H3&+0&!R:2]	Any;NH3
750_1	Any;Pi	[C&D3&v4&H0&+0&!R&z2:1]-[N&D1&v3&H2&+0&!R:2].[O&D1&v2&H1&+0&!R:3]>>[C&D3&v4&H0&+0&!R&z2:1]-[O&D2&v2&H0&+0&!R:3].[N&D0&v3&H3&+0&!R:2]	Any;NH3
97_0	Any;Any	[C&D3&v4&H0&+0&!R&z3:1]-[S&D2&v2&H0&+0&!R:2].[N&D1&v3&H2&+0&!R:3]>>[C&D3&v4&H0&+0&!R&z3:1]-[N&D2&v3&H1&+0&!R:3].[S&D1&v2&H1&+0&!R:2]	Any;Any
97_1	Any;Any	[C&D3&v4&H0&+0&!R&z3:1]-[S&D2&v2&H0&+0&!R:2].[N&D1&v3&H2&+0&!R:3]>>[C&D3&v4&H0&+0&!R&z3:1]-[N&D2&v3&H1&+0&!R:3].[S&D1&v2&H1&+0&!R:2]	Any;CoA
434_0	NH3;Any	[N&D0&v3&H3&+0&!R:1].[c&D3&v4&H0&+0&R&z3:2]-[O&D1&v2&H1&+0&!R:3]>>[O&D0&v2&H2&+0&!R:3].[c&D3&v4&H0&+0&R&z3:2]-[N&D1&v3&H2&+0&!R:1]	WATER;Any
826_0	Any;H2O2	[C&D3&v4&H0&+0&R&z1:1]=[O&D1&v2&H0&+0&!R:2].[O&D1&v2&H1&+0&!R:3]-[O&D1&v2&H1&+0&!R:4]>>[C&D3&v4&H1&+0&R&z1:1]-[O&D1&v2&H1&+0&!R:2].[O&D1&v2&H0&+0&!R:3]=[O&D1&v2&H0&+0&!R:4]	Any;O2
1032_0	Any	[C&D3&v4&H1&+0&!R&z1:1](-[O&D1&v2&H1&+0&!R:2])-[C&D3&v4&H1&+0&!R&z1:3]>>[C&D2&v4&H1&+0&!R&z1:1]=[O&D1&v2&H0&+0&!R:2].[C&D2&v4&H2&+0&!R&z1:3]	Any;Any
752_0	Any;Any	[C&D3&v4&H1&+0&R&z2:1]-[O&D2&v2&H0&+0&!R:2].[O&D2&v2&H0&+0&!R:3]-[P&D4&v5&H0&+0&!R:4]>>[C&D3&v4&H1&+0&R&z2:1]-[O&D2&v2&H0&+0&!R:3].[O&D2&v2&H0&+0&!R:2]-[P&D4&v5&H0&+0&!R:4]	Any;Any
752_1	Any;Any	[C&D3&v4&H1&+0&R&z2:1]-[O&D2&v2&H0&+0&!R:2].[O&D2&v2&H0&+0&!R:3]-[P&D4&v5&H0&+0&!R:4]>>[C&D3&v4&H1&+0&R&z2:1]-[O&D2&v2&H0&+0&!R:3].[O&D2&v2&H0&+0&!R:2]-[P&D4&v5&H0&+0&!R:4]	Any;PPI
752_2	Any;PHOSPHATE_ACCEPTOR_CoF	[C&D3&v4&H1&+0&R&z2:1]-[O&D2&v2&H0&+0&!R:2].[O&D2&v2&H0&+0&!R:3]-[P&D4&v5&H0&+0&!R:4]>>[C&D3&v4&H1&+0&R&z2:1]-[O&D2&v2&H0&+0&!R:3].[O&D2&v2&H0&+0&!R:2]-[P&D4&v5&H0&+0&!R:4]	Any;PHOSPHATE_DONOR_CoF
752_3	Any;PHOSPHATE_DONOR_CoF	[C&D3&v4&H1&+0&R&z2:1]-[O&D2&v2&H0&+0&!R:2].[O&D2&v2&H0&+0&!R:3]-[P&D4&v5&H0&+0&!R:4]>>[C&D3&v4&H1&+0&R&z2:1]-[O&D2&v2&H0&+0&!R:3].[O&D2&v2&H0&+0&!R:2]-[P&D4&v5&H0&+0&!R:4]	Any;PHOSPHATE_ACCEPTOR_CoF
752_4	Any;PPI	[C&D3&v4&H1&+0&R&z2:1]-[O&D2&v2&H0&+0&!R:2].[O&D2&v2&H0&+0&!R:3]-[P&D4&v5&H0&+0&!R:4]>>[C&D3&v4&H1&+0&R&z2:1]-[O&D2&v2&H0&+0&!R:3].[O&D2&v2&H0&+0&!R:2]-[P&D4&v5&H0&+0&!R:4]	Any;Any
1263_0	Any	([C&D3&v4&H1&+0&!R&z1:1]-[O&D1&v2&H1&+0&!R:2].[O&D1&v2&H1&+0&!R:3])>>[O&D0&v2&H2&+0&!R:2].[O&D2&v2&H0&+0&R:3]-[C&D3&v4&H1&+0&R&z1:1]	WATER;Any
183_0	Any	[C&D2&v4&H1&+0&!R&z2:1]=[N&D2&v3&H0&+0&!R:2]-[O&D1&v2&H1&+0&!R:3]>>[C&D2&v4&H0&+0&!R&z2:1]#[N&D1&v3&H0&+0&!R:2].[O&D0&v2&H2&+0&!R:3]	Any;WATER
1577_0	Any;Any	[C&D2&v4&H1&+0&!R&z0:1]=[C&D2&v4&H1&+0&!R&z0:2]-[C&D3&v4&H0&+0&!R&z1:3].[C&D3&v4&H0&+0&R&z0:4]1=[C&D2&v4&H1&+0&R&z1:5]-[N&D3&v3&H0&+0&R:6]-[C&D2&v4&H1&+0&R&z1:7]=[C&D2&v4&H1&+0&R&z0:8]-[C&D2&v4&H2&+0&R&z0:9]-1>>[C&D2&v4&H2&+0&!R&z0:1]-[C&D2&v4&H2&+0&!R&z0:2]-[C&D3&v4&H0&+0&!R&z1:3].[c&D3&v4&H0&+0&R&z0:4]1:[c&D2&v4&H1&+0&R&z0:9]:[c&D2&v4&H1&+0&R&z0:8]:[c&D2&v4&H1&+0&R&z1:7]:[n&D3&v4&H0&+&R:6]:[c&D2&v4&H1&+0&R&z1:5]:1	Any;Any
1577_1	Any;NADH_CoF	[C&D2&v4&H1&+0&!R&z0:1]=[C&D2&v4&H1&+0&!R&z0:2]-[C&D3&v4&H0&+0&!R&z1:3].[C&D3&v4&H0&+0&R&z0:4]1=[C&D2&v4&H1&+0&R&z1:5]-[N&D3&v3&H0&+0&R:6]-[C&D2&v4&H1&+0&R&z1:7]=[C&D2&v4&H1&+0&R&z0:8]-[C&D2&v4&H2&+0&R&z0:9]-1>>[C&D2&v4&H2&+0&!R&z0:1]-[C&D2&v4&H2&+0&!R&z0:2]-[C&D3&v4&H0&+0&!R&z1:3].[c&D3&v4&H0&+0&R&z0:4]1:[c&D2&v4&H1&+0&R&z0:9]:[c&D2&v4&H1&+0&R&z0:8]:[c&D2&v4&H1&+0&R&z1:7]:[n&D3&v4&H0&+&R:6]:[c&D2&v4&H1&+0&R&z1:5]:1	Any;NAD_CoF
407_0	Any;Any;O2	[C&D2&v4&H1&+0&!R&z1:1].[C&D3&v4&H0&+0&!R&z1:2]-[C&D3&v4&H0&+0&!R&z2:3]-[O&D1&v2&H1&+0&!R:4].[O&D1&v2&H0&+0&!R:5]=[O&D1&v2&H0&+0&!R:6]>>[C&D3&v4&H0&+0&!R&z2:1]-[O&D1&v2&H1&+0&!R:5].[C&D3&v4&H0&+0&!R&z2:2]-[O&D1&v2&H1&+0&!R:6].[O&D1&v2&H0&+0&!R:4]=[C&D2&v4&H0&+0&!R&z2:3]	Any;Any;CO2
5_0	Any;Any	[N&D1&v3&H2&+0&!R:1].[N&D2&v3&H1&+0&!R:2]-[C&D3&v4&H0&+0&!R&z2:3]>>[N&D1&v3&H2&+0&!R:2].[N&D2&v3&H1&+0&!R:1]-[C&D3&v4&H0&+0&!R&z2:3]	Any;Any
888_0	Any;O2	[C&D2&v4&H1&+0&!R&z0:1]=[C&D2&v4&H1&+0&!R&z0:2].[O&D1&v2&H0&+0&!R:3]=[O&D1&v2&H0&+0&!R:4]>>[C&D2&v4&H1&+0&!R&z1:1]=[O&D1&v2&H0&+0&!R:3].[C&D2&v4&H1&+0&!R&z1:2]=[O&D1&v2&H0&+0&!R:4]	Any;Any
1959_0	Any	[C&D4&v4&H0&+0&R&z2:1](-[O&D1&v2&H1&+0&!R:2])-[O&D2&v2&H0&+0&R:3]-[c&D3&v4&H0&+0&R&z1:4]>>([C&D3&v4&H0&+0&!R&z1:1]=[O&D1&v2&H0&+0&!R:3].[c&D3&v4&H0&+0&R&z1:4]-[O&D1&v2&H1&+0&!R:2])	Any
235_0	Any;Any;O2	[C&D2&v4&H2&+0&!R&z0:1].[C&D3&v4&H0&+0&!R&z1:2]-[C&D3&v4&H0&+0&!R&z2:3]-[O&D1&v2&H1&+0&!R:4].[O&D1&v2&H0&+0&!R:5]=[O&D1&v2&H0&+0&!R:6]>>[C&D3&v4&H0&+0&!R&z2:2]-[O&D1&v2&H1&+0&!R:6].[C&D3&v4&H1&+0&!R&z1:1]-[O&D1&v2&H1&+0&!R:5].[O&D1&v2&H0&+0&!R:4]=[C&D2&v4&H0&+0&!R&z2:3]	Any;Any;CO2
1183_0	Any	[C&D1&v4&H3&+0&!R&z0:1]-[C&D2&v4&H1&+0&!R&z0:2]=[C&D2&v4&H1&+0&!R&z0:3]>>[C&D1&v4&H2&+0&!R&z0:1]=[C&D2&v4&H1&+0&!R&z0:2]-[C&D2&v4&H2&+0&!R&z0:3]	Any
1532_0	Any	([C&D3&v4&H1&+0&!R&z1:1]-[O&D1&v2&H1&+0&!R:2].[N&D1&v3&H2&+0&!R:3])>>[C&D3&v4&H1&+0&R&z1:1]-[N&D2&v3&H1&+0&R:3].[O&D0&v2&H2&+0&!R:2]	Any;WATER
553_0	Any;PPI	[C&D1&v4&H2&+0&!R&z0:1]=[C&D2&v4&H1&+0&!R&z0:2]-[C&D3&v4&H0&+0&!R&z0:3]=[C&D2&v4&H1&+0&!R&z0:4].[O&D1&v2&H1&+0&!R:5]>>[C&D2&v4&H2&+0&!R&z0:4]-[C&D3&v4&H0&+0&!R&z0:3]=[C&D2&v4&H1&+0&!R&z0:2]-[C&D2&v4&H2&+0&!R&z1:1]-[O&D2&v2&H0&+0&!R:5]	Any
1703_0	Any	[C&D3&v4&H0&+0&!R&z1:1](-[C&D3&v4&H0&+0&!R&z2:2]=[O&D1&v2&H0&+0&!R:3])=[C&D3&v4&H0&+0&!R&z0:4]-[C&D2&v4&H1&+0&!R&z0:5]=[C&D2&v4&H1&+0&!R&z0:6]-[C&D2&v4&H1&+0&!R&z1:7]=[O&D1&v2&H0&+0&!R:8]>>[O&D1&v2&H0&+0&!R:3]=[O&D1&v2&H0&+0&!R:8].[c&D3&v4&H0&+0&R&z1:1]1:[c&D3&v4&H0&+0&R&z1:2]:[c&D2&v4&H1&+0&R&z0:7]:[c&D2&v4&H1&+0&R&z0:6]:[c&D2&v4&H1&+0&R&z0:5]:[c&D3&v4&H0&+0&R&z0:4]:1	O2;Any
393_0	Any;Any	[C&D2&v4&H2&+0&!R&z1:1]-[O&D2&v2&H0&+0&!R:2].[N&D1&v3&H2&+0&!R:3]>>[N&D2&v3&H1&+0&!R:3]-[C&D2&v4&H2&+0&!R&z1:1].[O&D1&v2&H1&+0&!R:2]	Any;PPI
393_1	Any;Any	[C&D2&v4&H2&+0&!R&z1:1]-[O&D2&v2&H0&+0&!R:2].[N&D1&v3&H2&+0&!R:3]>>[N&D2&v3&H1&+0&!R:3]-[C&D2&v4&H2&+0&!R&z1:1].[O&D1&v2&H1&+0&!R:2]	Any;Pi
393_2	PRENYL_DONOR_CoF;Any	[C&D2&v4&H2&+0&!R&z1:1]-[O&D2&v2&H0&+0&!R:2].[N&D1&v3&H2&+0&!R:3]>>[N&D2&v3&H1&+0&!R:3]-[C&D2&v4&H2&+0&!R&z1:1].[O&D1&v2&H1&+0&!R:2]	Any;PRENYL_ACCEPTOR_CoF
853_0	Any	[C&D3&v4&H1&+0&!R&z1:1](-[O&D1&v2&H1&+0&!R:2])-[C&D2&v4&H2&+0&!R&z0:3]>>[C&D2&v4&H1&+0&!R&z0:1]=[C&D2&v4&H1&+0&!R&z0:3].[O&D0&v2&H2&+0&!R:2]	Any;WATER
390_0	Any;Any	[N&D2&v3&H1&+0&!R:1]-[C&D3&v4&H0&+0&!R&z3:2]-[O&D2&v2&H0&+0&!R:3]-[C&D1&v4&H3&+0&!R&z1:4].[S&D2&v2&H0&+0&!R:5]>>[C&D1&v4&H3&+0&!R&z1:4]-[S&D3&v3&H0&+&!R:5].[N&D1&v3&H2&+0&!R:1].[O&D1&v2&H0&+0&!R:3]=[C&D2&v4&H0&+0&!R&z2:2]	Any;Any;CO2
390_1	Any;METHYL_ACCEPTOR_CoF	[N&D2&v3&H1&+0&!R:1]-[C&D3&v4&H0&+0&!R&z3:2]-[O&D2&v2&H0&+0&!R:3]-[C&D1&v4&H3&+0&!R&z1:4].[S&D2&v2&H0&+0&!R:5]>>[C&D1&v4&H3&+0&!R&z1:4]-[S&D3&v3&H0&+&!R:5].[N&D1&v3&H2&+0&!R:1].[O&D1&v2&H0&+0&!R:3]=[C&D2&v4&H0&+0&!R&z2:2]	METHYL_DONOR_CoF;Any;CO2
1301_0	Any;Any	[O&D1&v2&H1&+0&!R:1]-[C&D3&v4&H1&+0&R&z1:2]~[*:3]~[C&D3&v4&H1&+0&R&z1:4]-[O&D1&v2&H1&+0&!R:5].[O&D2&v2&H0&+0&!R:6]-[P&D4&v5&H0&+0&!R:7]>>[O&D2&v2&H0&+0&!R:6]-[C&D3&v4&H1&+0&R&z1:4]~[*:3]~[C&D3&v4&H1&+0&R&z1:2]-[O&D1&v2&H1&+0&!R:1].[P&D4&v5&H0&+0&!R:7]-[O&D1&v2&H1&+0&!R:5]	Any;Any
1301_1	Any;Any	[O&D1&v2&H1&+0&!R:1]-[C&D3&v4&H1&+0&R&z1:2]~[*:3]~[C&D3&v4&H1&+0&R&z1:4]-[O&D1&v2&H1&+0&!R:5].[O&D2&v2&H0&+0&!R:6]-[P&D4&v5&H0&+0&!R:7]>>[O&D2&v2&H0&+0&!R:6]-[C&D3&v4&H1&+0&R&z1:4]~[*:3]~[C&D3&v4&H1&+0&R&z1:2]-[O&D1&v2&H1&+0&!R:1].[P&D4&v5&H0&+0&!R:7]-[O&D1&v2&H1&+0&!R:5]	Any;PPI
1301_2	Any;Any	[O&D1&v2&H1&+0&!R:1]-[C&D3&v4&H1&+0&R&z1:2]~[*:3]~[C&D3&v4&H1&+0&R&z1:4]-[O&D1&v2&H1&+0&!R:5].[O&D2&v2&H0&+0&!R:6]-[P&D4&v5&H0&+0&!R:7]>>[O&D2&v2&H0&+0&!R:6]-[C&D3&v4&H1&+0&R&z1:4]~[*:3]~[C&D3&v4&H1&+0&R&z1:2]-[O&D1&v2&H1&+0&!R:1].[P&D4&v5&H0&+0&!R:7]-[O&D1&v2&H1&+0&!R:5]	Any;Pi
1301_3	Any;GLUCOSYL_DONOR_CoF	[O&D1&v2&H1&+0&!R:1]-[C&D3&v4&H1&+0&R&z1:2]~[*:3]~[C&D3&v4&H1&+0&R&z1:4]-[O&D1&v2&H1&+0&!R:5].[O&D2&v2&H0&+0&!R:6]-[P&D4&v5&H0&+0&!R:7]>>[O&D2&v2&H0&+0&!R:6]-[C&D3&v4&H1&+0&R&z1:4]~[*:3]~[C&D3&v4&H1&+0&R&z1:2]-[O&D1&v2&H1&+0&!R:1].[P&D4&v5&H0&+0&!R:7]-[O&D1&v2&H1&+0&!R:5]	Any;GLUCOSYL_ACCEPTOR_CoF
1301_4	Any;PHOSPHATE_DONOR_CoF	[O&D1&v2&H1&+0&!R:1]-[C&D3&v4&H1&+0&R&z1:2]~[*:3]~[C&D3&v4&H1&+0&R&z1:4]-[O&D1&v2&H1&+0&!R:5].[O&D2&v2&H0&+0&!R:6]-[P&D4&v5&H0&+0&!R:7]>>[O&D2&v2&H0&+0&!R:6]-[C&D3&v4&H1&+0&R&z1:4]~[*:3]~[C&D3&v4&H1&+0&R&z1:2]-[O&D1&v2&H1&+0&!R:1].[P&D4&v5&H0&+0&!R:7]-[O&D1&v2&H1&+0&!R:5]	Any;PHOSPHATE_ACCEPTOR_CoF
1301_5	Any;SULFATE_DONOR_CoF	[O&D1&v2&H1&+0&!R:1]-[C&D3&v4&H1&+0&R&z1:2]~[*:3]~[C&D3&v4&H1&+0&R&z1:4]-[O&D1&v2&H1&+0&!R:5].[O&D2&v2&H0&+0&!R:6]-[P&D4&v5&H0&+0&!R:7]>>[O&D2&v2&H0&+0&!R:6]-[C&D3&v4&H1&+0&R&z1:4]~[*:3]~[C&D3&v4&H1&+0&R&z1:2]-[O&D1&v2&H1&+0&!R:1].[P&D4&v5&H0&+0&!R:7]-[O&D1&v2&H1&+0&!R:5]	Any;SULFATE_ACCEPTOR_CoF
728_0	Any;Any;CO2	[C&D3&v4&H0&+0&!R&z1:1](=[O&D1&v2&H0&+0&!R:2])-[C&D2&v4&H2&+0&!R&z1:3].[C&D3&v4&H0&+0&R&z0:4]1=[C&D2&v4&H1&+0&R&z1:5]-[N&D3&v3&H0&+0&R:6]-[C&D2&v4&H1&+0&R&z1:7]=[C&D2&v4&H1&+0&R&z0:8]-[C&D2&v4&H2&+0&R&z0:9]-1.[O&D1&v2&H0&+0&!R:10]=[C&D2&v4&H0&+0&!R&z2:11]>>[C&D3&v4&H1&+0&!R&z1:1](-[O&D1&v2&H1&+0&!R:2])-[C&D3&v4&H1&+0&!R&z1:3]-[C&D3&v4&H0&+0&!R&z2:11]-[O&D1&v2&H1&+0&!R:10].[c&D3&v4&H0&+0&R&z0:4]1:[c&D2&v4&H1&+0&R&z0:9]:[c&D2&v4&H1&+0&R&z0:8]:[c&D2&v4&H1&+0&R&z1:7]:[n&D3&v4&H0&+&R:6]:[c&D2&v4&H1&+0&R&z1:5]:1	Any;Any
728_1	Any;NADH_CoF;CO2	[C&D3&v4&H0&+0&!R&z1:1](=[O&D1&v2&H0&+0&!R:2])-[C&D2&v4&H2&+0&!R&z1:3].[C&D3&v4&H0&+0&R&z0:4]1=[C&D2&v4&H1&+0&R&z1:5]-[N&D3&v3&H0&+0&R:6]-[C&D2&v4&H1&+0&R&z1:7]=[C&D2&v4&H1&+0&R&z0:8]-[C&D2&v4&H2&+0&R&z0:9]-1.[O&D1&v2&H0&+0&!R:10]=[C&D2&v4&H0&+0&!R&z2:11]>>[C&D3&v4&H1&+0&!R&z1:1](-[O&D1&v2&H1&+0&!R:2])-[C&D3&v4&H1&+0&!R&z1:3]-[C&D3&v4&H0&+0&!R&z2:11]-[O&D1&v2&H1&+0&!R:10].[c&D3&v4&H0&+0&R&z0:4]1:[c&D2&v4&H1&+0&R&z0:9]:[c&D2&v4&H1&+0&R&z0:8]:[c&D2&v4&H1&+0&R&z1:7]:[n&D3&v4&H0&+&R:6]:[c&D2&v4&H1&+0&R&z1:5]:1	Any;NAD_CoF
228_0	Any;Any	[C&D3&v4&H1&+0&!R&z1:1]-[O&D2&v2&H0&+0&!R:2].[P&D4&v5&H0&+0&!R:3]-[O&D1&v2&H1&+0&!R:4]>>[C&D3&v4&H1&+0&!R&z1:1]-[O&D1&v2&H1&+0&!R:4].[P&D4&v5&H0&+0&!R:3]-[O&D2&v2&H0&+0&!R:2]	Any;Any
228_1	Any;PHOSPHATE_ACCEPTOR_CoF	[C&D3&v4&H1&+0&!R&z1:1]-[O&D2&v2&H0&+0&!R:2].[P&D4&v5&H0&+0&!R:3]-[O&D1&v2&H1&+0&!R:4]>>[C&D3&v4&H1&+0&!R&z1:1]-[O&D1&v2&H1&+0&!R:4].[P&D4&v5&H0&+0&!R:3]-[O&D2&v2&H0&+0&!R:2]	Any;PHOSPHATE_DONOR_CoF
228_2	Any;PPI	[C&D3&v4&H1&+0&!R&z1:1]-[O&D2&v2&H0&+0&!R:2].[P&D4&v5&H0&+0&!R:3]-[O&D1&v2&H1&+0&!R:4]>>[C&D3&v4&H1&+0&!R&z1:1]-[O&D1&v2&H1&+0&!R:4].[P&D4&v5&H0&+0&!R:3]-[O&D2&v2&H0&+0&!R:2]	Any;Any
228_3	Any;Pi	[C&D3&v4&H1&+0&!R&z1:1]-[O&D2&v2&H0&+0&!R:2].[P&D4&v5&H0&+0&!R:3]-[O&D1&v2&H1&+0&!R:4]>>[C&D3&v4&H1&+0&!R&z1:1]-[O&D1&v2&H1&+0&!R:4].[P&D4&v5&H0&+0&!R:3]-[O&D2&v2&H0&+0&!R:2]	Any;Any
228_4	Any;SULFATE_ACCEPTOR_CoF	[C&D3&v4&H1&+0&!R&z1:1]-[O&D2&v2&H0&+0&!R:2].[P&D4&v5&H0&+0&!R:3]-[O&D1&v2&H1&+0&!R:4]>>[C&D3&v4&H1&+0&!R&z1:1]-[O&D1&v2&H1&+0&!R:4].[P&D4&v5&H0&+0&!R:3]-[O&D2&v2&H0&+0&!R:2]	Any;SULFATE_DONOR_CoF
1170_0	Any;Any;O2	[C&D3&v4&H0&+0&R&z0:1]1=[C&D2&v4&H1&+0&R&z1:2]-[N&D3&v3&H0&+0&R:3]-[C&D2&v4&H1&+0&R&z1:4]=[C&D2&v4&H1&+0&R&z0:5]-[C&D2&v4&H2&+0&R&z0:6]-1.[C&D3&v4&H1&+0&!R&z1:7]-[O&D1&v2&H1&+0&!R:8].[O&D1&v2&H0&+0&!R:9]=[O&D1&v2&H0&+0&!R:10]>>[C&D3&v4&H0&+0&!R&z1:7]=[O&D1&v2&H0&+0&!R:10].[O&D0&v2&H2&+0&!R:8].[O&D0&v2&H2&+0&!R:9].[c&D3&v4&H0&+0&R&z0:1]1:[c&D2&v4&H1&+0&R&z0:6]:[c&D2&v4&H1&+0&R&z0:5]:[c&D2&v4&H1&+0&R&z1:4]:[n&D3&v4&H0&+&R:3]:[c&D2&v4&H1&+0&R&z1:2]:1	Any;WATER;WATER;Any
1170_1	NADH_CoF;Any;O2	[C&D3&v4&H0&+0&R&z0:1]1=[C&D2&v4&H1&+0&R&z1:2]-[N&D3&v3&H0&+0&R:3]-[C&D2&v4&H1&+0&R&z1:4]=[C&D2&v4&H1&+0&R&z0:5]-[C&D2&v4&H2&+0&R&z0:6]-1.[C&D3&v4&H1&+0&!R&z1:7]-[O&D1&v2&H1&+0&!R:8].[O&D1&v2&H0&+0&!R:9]=[O&D1&v2&H0&+0&!R:10]>>[C&D3&v4&H0&+0&!R&z1:7]=[O&D1&v2&H0&+0&!R:10].[O&D0&v2&H2&+0&!R:8].[O&D0&v2&H2&+0&!R:9].[c&D3&v4&H0&+0&R&z0:1]1:[c&D2&v4&H1&+0&R&z0:6]:[c&D2&v4&H1&+0&R&z0:5]:[c&D2&v4&H1&+0&R&z1:4]:[n&D3&v4&H0&+&R:3]:[c&D2&v4&H1&+0&R&z1:2]:1	Any;WATER;WATER;NAD_CoF
455_0	Any;WATER;Any	[C&D3&v4&H0&+0&R&z2:1]-[O&D2&v2&H0&+0&R:2]-[C&D2&v4&H2&+0&R&z1:3].[O&D0&v2&H2&+0&!R:4].[c&D3&v4&H0&+0&R&z0:5]1:[c&D2&v4&H1&+0&R&z0:6]:[c&D2&v4&H1&+0&R&z0:7]:[c&D2&v4&H1&+0&R&z1:8]:[n&D3&v4&H0&+&R:9]:[c&D2&v4&H1&+0&R&z1:10]:1>>[C&D3&v4&H0&+0&R&z0:5]1=[C&D2&v4&H1&+0&R&z1:10]-[N&D3&v3&H0&+0&R:9]-[C&D2&v4&H1&+0&R&z1:8]=[C&D2&v4&H1&+0&R&z0:7]-[C&D2&v4&H2&+0&R&z0:6]-1.[C&D3&v4&H0&+0&R&z1:1]-[C&D2&v4&H2&+0&R&z0:3].[O&D1&v2&H0&+0&!R:4]=[O&D1&v2&H0&+0&!R:2]	Any;Any;O2
455_1	Any;WATER;NAD_CoF	[C&D3&v4&H0&+0&R&z2:1]-[O&D2&v2&H0&+0&R:2]-[C&D2&v4&H2&+0&R&z1:3].[O&D0&v2&H2&+0&!R:4].[c&D3&v4&H0&+0&R&z0:5]1:[c&D2&v4&H1&+0&R&z0:6]:[c&D2&v4&H1&+0&R&z0:7]:[c&D2&v4&H1&+0&R&z1:8]:[n&D3&v4&H0&+&R:9]:[c&D2&v4&H1&+0&R&z1:10]:1>>[C&D3&v4&H0&+0&R&z0:5]1=[C&D2&v4&H1&+0&R&z1:10]-[N&D3&v3&H0&+0&R:9]-[C&D2&v4&H1&+0&R&z1:8]=[C&D2&v4&H1&+0&R&z0:7]-[C&D2&v4&H2&+0&R&z0:6]-1.[C&D3&v4&H0&+0&R&z1:1]-[C&D2&v4&H2&+0&R&z0:3].[O&D1&v2&H0&+0&!R:4]=[O&D1&v2&H0&+0&!R:2]	NADH_CoF;Any;O2
1603_0	Any;Any	[C&D3&v4&H0&+0&R&z0:1]1=[C&D2&v4&H1&+0&R&z1:2]-[N&D3&v3&H0&+0&R:3]-[C&D2&v4&H1&+0&R&z1:4]=[C&D2&v4&H1&+0&R&z0:5]-[C&D2&v4&H2&+0&R&z0:6]-1.[O&D2&v2&H0&+0&R:7]-[C&D3&v4&H1&+0&R&z2:8]-[O&D1&v2&H1&+0&!R:9]>>([C&D2&v4&H2&+0&!R&z1:8]-[O&D1&v2&H1&+0&!R:9].[O&D1&v2&H1&+0&!R:7]).[c&D3&v4&H0&+0&R&z0:1]1:[c&D2&v4&H1&+0&R&z0:6]:[c&D2&v4&H1&+0&R&z0:5]:[c&D2&v4&H1&+0&R&z1:4]:[n&D3&v4&H0&+&R:3]:[c&D2&v4&H1&+0&R&z1:2]:1	Any;Any
1603_1	NADH_CoF;Any	[C&D3&v4&H0&+0&R&z0:1]1=[C&D2&v4&H1&+0&R&z1:2]-[N&D3&v3&H0&+0&R:3]-[C&D2&v4&H1&+0&R&z1:4]=[C&D2&v4&H1&+0&R&z0:5]-[C&D2&v4&H2&+0&R&z0:6]-1.[O&D2&v2&H0&+0&R:7]-[C&D3&v4&H1&+0&R&z2:8]-[O&D1&v2&H1&+0&!R:9]>>([C&D2&v4&H2&+0&!R&z1:8]-[O&D1&v2&H1&+0&!R:9].[O&D1&v2&H1&+0&!R:7]).[c&D3&v4&H0&+0&R&z0:1]1:[c&D2&v4&H1&+0&R&z0:6]:[c&D2&v4&H1&+0&R&z0:5]:[c&D2&v4&H1&+0&R&z1:4]:[n&D3&v4&H0&+&R:3]:[c&D2&v4&H1&+0&R&z1:2]:1	Any;NAD_CoF
1560_0	Any;Any;Any	[C&D2&v4&H1&+0&!R&z1:1]=[O&D1&v2&H0&+0&!R:2].[C&D3&v4&H0&+0&R&z0:3]1=[C&D2&v4&H1&+0&R&z1:4]-[N&D3&v3&H0&+0&R:5]-[C&D2&v4&H1&+0&R&z1:6]=[C&D2&v4&H1&+0&R&z0:7]-[C&D2&v4&H2&+0&R&z0:8]-1.[N&D1&v3&H2&+0&!R:9]>>[C&D2&v4&H2&+0&!R&z1:1]-[N&D2&v3&H1&+0&!R:9].[O&D0&v2&H2&+0&!R:2].[c&D3&v4&H0&+0&R&z0:3]1:[c&D2&v4&H1&+0&R&z0:8]:[c&D2&v4&H1&+0&R&z0:7]:[c&D2&v4&H1&+0&R&z1:6]:[n&D3&v4&H0&+&R:5]:[c&D2&v4&H1&+0&R&z1:4]:1	Any;WATER;Any
1560_1	Any;NADH_CoF;Any	[C&D2&v4&H1&+0&!R&z1:1]=[O&D1&v2&H0&+0&!R:2].[C&D3&v4&H0&+0&R&z0:3]1=[C&D2&v4&H1&+0&R&z1:4]-[N&D3&v3&H0&+0&R:5]-[C&D2&v4&H1&+0&R&z1:6]=[C&D2&v4&H1&+0&R&z0:7]-[C&D2&v4&H2&+0&R&z0:8]-1.[N&D1&v3&H2&+0&!R:9]>>[C&D2&v4&H2&+0&!R&z1:1]-[N&D2&v3&H1&+0&!R:9].[O&D0&v2&H2&+0&!R:2].[c&D3&v4&H0&+0&R&z0:3]1:[c&D2&v4&H1&+0&R&z0:8]:[c&D2&v4&H1&+0&R&z0:7]:[c&D2&v4&H1&+0&R&z1:6]:[n&D3&v4&H0&+&R:5]:[c&D2&v4&H1&+0&R&z1:4]:1	Any;WATER;NAD_CoF
122_0	Any;Any	[C&D3&v4&H1&+0&!R&z2:1]-[O&D1&v2&H1&+0&!R:2].[c&D3&v4&H0&+0&R&z0:3]1:[c&D2&v4&H1&+0&R&z0:4]:[c&D2&v4&H1&+0&R&z0:5]:[c&D2&v4&H1&+0&R&z1:6]:[n&D3&v4&H0&+&R:7]:[c&D2&v4&H1&+0&R&z1:8]:1>>[C&D3&v4&H0&+0&!R&z2:1]=[O&D1&v2&H0&+0&!R:2].[C&D3&v4&H0&+0&R&z0:3]1=[C&D2&v4&H1&+0&R&z1:8]-[N&D3&v3&H0&+0&R:7]-[C&D2&v4&H1&+0&R&z1:6]=[C&D2&v4&H1&+0&R&z0:5]-[C&D2&v4&H2&+0&R&z0:4]-1	Any;Any
122_1	Any;NAD_CoF	[C&D3&v4&H1&+0&!R&z2:1]-[O&D1&v2&H1&+0&!R:2].[c&D3&v4&H0&+0&R&z0:3]1:[c&D2&v4&H1&+0&R&z0:4]:[c&D2&v4&H1&+0&R&z0:5]:[c&D2&v4&H1&+0&R&z1:6]:[n&D3&v4&H0&+&R:7]:[c&D2&v4&H1&+0&R&z1:8]:1>>[C&D3&v4&H0&+0&!R&z2:1]=[O&D1&v2&H0&+0&!R:2].[C&D3&v4&H0&+0&R&z0:3]1=[C&D2&v4&H1&+0&R&z1:8]-[N&D3&v3&H0&+0&R:7]-[C&D2&v4&H1&+0&R&z1:6]=[C&D2&v4&H1&+0&R&z0:5]-[C&D2&v4&H2&+0&R&z0:4]-1	Any;NADH_CoF
658_0	Any;NH3	[C&D3&v4&H0&+0&!R&z1:1]=[O&D1&v2&H0&+0&!R:2].[N&D0&v3&H3&+0&!R:3]>>[C&D3&v4&H0&+0&!R&z1:1]=[N&D1&v3&H1&+0&!R:3].[O&D0&v2&H2&+0&!R:2]	Any;WATER
505_0	Any;Any;WATER;CO2	[C&D2&v4&H1&+0&R&z0:1]=[C&D2&v4&H1&+0&R&z0:2].[C&D3&v4&H0&+0&!R&z2:3]-[O&D1&v2&H1&+0&!R:4].[O&D0&v2&H2&+0&!R:5].[O&D1&v2&H0&+0&!R:6]=[C&D2&v4&H0&+0&!R&z2:7]>>[C&D2&v4&H2&+0&R&z0:1]-[C&D2&v4&H2&+0&R&z0:2].[C&D3&v4&H0&+0&!R&z1:3]-[C&D3&v4&H0&+0&!R&z2:7]-[O&D1&v2&H1&+0&!R:6].[O&D1&v2&H0&+0&!R:4]=[O&D1&v2&H0&+0&!R:5]	Any;Any;O2
102_0	Any;Any	[O&D1&v2&H1&+0&!R:1].[c&D3&v4&H0&+0&R&z0:2]-[C&D2&v4&H2&+0&!R&z0:3]>>[C&D2&v4&H2&+0&!R&z1:3]-[O&D2&v2&H0&+0&!R:1].[c&D2&v4&H1&+0&R&z0:2]	Any;Any
102_1	PPI;Any	[O&D1&v2&H1&+0&!R:1].[c&D3&v4&H0&+0&R&z0:2]-[C&D2&v4&H2&+0&!R&z0:3]>>[C&D2&v4&H2&+0&!R&z1:3]-[O&D2&v2&H0&+0&!R:1].[c&D2&v4&H1&+0&R&z0:2]	Any;Any
102_2	PRENYL_ACCEPTOR_CoF;Any	[O&D1&v2&H1&+0&!R:1].[c&D3&v4&H0&+0&R&z0:2]-[C&D2&v4&H2&+0&!R&z0:3]>>[C&D2&v4&H2&+0&!R&z1:3]-[O&D2&v2&H0&+0&!R:1].[c&D2&v4&H1&+0&R&z0:2]	PRENYL_DONOR_CoF;Any
423_0	Any;Any	[N&D1&v3&H2&+0&!R:1].[N&D3&v3&H0&+0&!R:2]-[C&D2&v4&H1&+0&!R&z2:3]>>[N&D2&v3&H1&+0&!R:2].[N&D2&v3&H1&+0&!R:1]-[C&D2&v4&H1&+0&!R&z2:3]	Any;Any
423_1	Any;FORMYL_DONOR_CoF	[N&D1&v3&H2&+0&!R:1].[N&D3&v3&H0&+0&!R:2]-[C&D2&v4&H1&+0&!R&z2:3]>>[N&D2&v3&H1&+0&!R:2].[N&D2&v3&H1&+0&!R:1]-[C&D2&v4&H1&+0&!R&z2:3]	FORMYL_ACCEPTOR_CoF;Any
423_2	FORMYL_ACCEPTOR_CoF;Any	[N&D1&v3&H2&+0&!R:1].[N&D3&v3&H0&+0&!R:2]-[C&D2&v4&H1&+0&!R&z2:3]>>[N&D2&v3&H1&+0&!R:2].[N&D2&v3&H1&+0&!R:1]-[C&D2&v4&H1&+0&!R&z2:3]	Any;FORMYL_DONOR_CoF
423_3	FORMYL_ACCEPTOR_CoF;FORMYL_DONOR_CoF	[N&D1&v3&H2&+0&!R:1].[N&D3&v3&H0&+0&!R:2]-[C&D2&v4&H1&+0&!R&z2:3]>>[N&D2&v3&H1&+0&!R:2].[N&D2&v3&H1&+0&!R:1]-[C&D2&v4&H1&+0&!R&z2:3]	FORMYL_ACCEPTOR_CoF;FORMYL_DONOR_CoF
668_0	Any;Any	[C&D1&v4&H3&+0&!R&z0:1]-[C&D3&v4&H0&+0&!R&z1:2]=[O&D1&v2&H0&+0&!R:3].[O&D2&v2&H0&+0&!R:4]-[P&D4&v5&H0&+0&!R:5]-[O&D1&v2&H1&+0&!R:6]>>[C&D1&v4&H2&+0&!R&z0:1]=[C&D3&v4&H0&+0&!R&z1:2]-[O&D2&v2&H0&+0&!R:6]-[P&D4&v5&H0&+0&!R:5]-[O&D1&v2&H1&+0&!R:3].[O&D1&v2&H1&+0&!R:4]	Any;Any
668_1	Any;PHOSPHATE_DONOR_CoF	[C&D1&v4&H3&+0&!R&z0:1]-[C&D3&v4&H0&+0&!R&z1:2]=[O&D1&v2&H0&+0&!R:3].[O&D2&v2&H0&+0&!R:4]-[P&D4&v5&H0&+0&!R:5]-[O&D1&v2&H1&+0&!R:6]>>[C&D1&v4&H2&+0&!R&z0:1]=[C&D3&v4&H0&+0&!R&z1:2]-[O&D2&v2&H0&+0&!R:6]-[P&D4&v5&H0&+0&!R:5]-[O&D1&v2&H1&+0&!R:3].[O&D1&v2&H1&+0&!R:4]	Any;PHOSPHATE_ACCEPTOR_CoF
334_0	WATER;Any;Any	[O&D0&v2&H2&+0&!R:1].[c&D3&v4&H0&+0&R&z0:2]1:[c&D2&v4&H1&+0&R&z0:3]:[c&D2&v4&H1&+0&R&z0:4]:[c&D2&v4&H1&+0&R&z1:5]:[n&D3&v4&H0&+&R:6]:[c&D2&v4&H1&+0&R&z1:7]:1.[c&D3&v4&H0&+0&R&z1:8]-[O&D1&v2&H1&+0&!R:9]>>[C&D3&v4&H0&+0&R&z0:2]1=[C&D2&v4&H1&+0&R&z1:7]-[N&D3&v3&H0&+0&R:6]-[C&D2&v4&H1&+0&R&z1:5]=[C&D2&v4&H1&+0&R&z0:4]-[C&D2&v4&H2&+0&R&z0:3]-1.[O&D1&v2&H0&+0&!R:9]=[O&D1&v2&H0&+0&!R:1].[c&D2&v4&H1&+0&R&z0:8]	Any;O2;Any
334_1	WATER;NAD_CoF;Any	[O&D0&v2&H2&+0&!R:1].[c&D3&v4&H0&+0&R&z0:2]1:[c&D2&v4&H1&+0&R&z0:3]:[c&D2&v4&H1&+0&R&z0:4]:[c&D2&v4&H1&+0&R&z1:5]:[n&D3&v4&H0&+&R:6]:[c&D2&v4&H1&+0&R&z1:7]:1.[c&D3&v4&H0&+0&R&z1:8]-[O&D1&v2&H1&+0&!R:9]>>[C&D3&v4&H0&+0&R&z0:2]1=[C&D2&v4&H1&+0&R&z1:7]-[N&D3&v3&H0&+0&R:6]-[C&D2&v4&H1&+0&R&z1:5]=[C&D2&v4&H1&+0&R&z0:4]-[C&D2&v4&H2&+0&R&z0:3]-1.[O&D1&v2&H0&+0&!R:9]=[O&D1&v2&H0&+0&!R:1].[c&D2&v4&H1&+0&R&z0:8]	NADH_CoF;O2;Any
917_0	Any;WATER	([C&D2&v4&H2&+0&!R&z1:1]-[O&D2&v2&H0&+0&!R:2].[C&D3&v4&H0&+0&!R&z0:3]=[C&D2&v4&H1&+0&!R&z0:4]).[O&D0&v2&H2&+0&!R:5]>>[C&D2&v4&H2&+0&R&z0:1]-[C&D3&v4&H1&+0&R&z0:4]-[C&D4&v4&H0&+0&!R&z1:3]-[O&D1&v2&H1&+0&!R:5].[O&D1&v2&H1&+0&!R:2]	Any;PPI
547_0	Any;WATER;Any;Any	[C&D2&v4&H2&+0&!R&z1:1].[O&D0&v2&H2&+0&!R:2].[c&D3&v4&H0&+0&R&z0:3]1:[c&D2&v4&H1&+0&R&z0:4]:[c&D2&v4&H1&+0&R&z0:5]:[c&D2&v4&H1&+0&R&z1:6]:[n&D3&v4&H0&+&R:7]:[c&D2&v4&H1&+0&R&z1:8]:1.[c&D3&v4&H0&+0&R&z0:9]1:[c&D2&v4&H1&+0&R&z0:10]:[c&D2&v4&H1&+0&R&z0:11]:[c&D2&v4&H1&+0&R&z1:12]:[n&D3&v4&H0&+&R:13]:[c&D2&v4&H1&+0&R&z1:14]:1>>[C&D3&v4&H0&+0&!R&z2:1]=[O&D1&v2&H0&+0&!R:2].[C&D3&v4&H0&+0&R&z0:9]1=[C&D2&v4&H1&+0&R&z1:14]-[N&D3&v3&H0&+0&R:13]-[C&D2&v4&H1&+0&R&z1:12]=[C&D2&v4&H1&+0&R&z0:11]-[C&D2&v4&H2&+0&R&z0:10]-1.[C&D3&v4&H0&+0&R&z0:3]1=[C&D2&v4&H1&+0&R&z1:8]-[N&D3&v3&H0&+0&R:7]-[C&D2&v4&H1&+0&R&z1:6]=[C&D2&v4&H1&+0&R&z0:5]-[C&D2&v4&H2&+0&R&z0:4]-1	Any;Any;Any
547_1	Any;WATER;NAD_CoF;NAD_CoF	[C&D2&v4&H2&+0&!R&z1:1].[O&D0&v2&H2&+0&!R:2].[c&D3&v4&H0&+0&R&z0:3]1:[c&D2&v4&H1&+0&R&z0:4]:[c&D2&v4&H1&+0&R&z0:5]:[c&D2&v4&H1&+0&R&z1:6]:[n&D3&v4&H0&+&R:7]:[c&D2&v4&H1&+0&R&z1:8]:1.[c&D3&v4&H0&+0&R&z0:9]1:[c&D2&v4&H1&+0&R&z0:10]:[c&D2&v4&H1&+0&R&z0:11]:[c&D2&v4&H1&+0&R&z1:12]:[n&D3&v4&H0&+&R:13]:[c&D2&v4&H1&+0&R&z1:14]:1>>[C&D3&v4&H0&+0&!R&z2:1]=[O&D1&v2&H0&+0&!R:2].[C&D3&v4&H0&+0&R&z0:9]1=[C&D2&v4&H1&+0&R&z1:14]-[N&D3&v3&H0&+0&R:13]-[C&D2&v4&H1&+0&R&z1:12]=[C&D2&v4&H1&+0&R&z0:11]-[C&D2&v4&H2&+0&R&z0:10]-1.[C&D3&v4&H0&+0&R&z0:3]1=[C&D2&v4&H1&+0&R&z1:8]-[N&D3&v3&H0&+0&R:7]-[C&D2&v4&H1&+0&R&z1:6]=[C&D2&v4&H1&+0&R&z0:5]-[C&D2&v4&H2&+0&R&z0:4]-1	Any;NADH_CoF;NADH_CoF
1055_0	Any;WATER	[C&D2&v4&H1&+0&R&z0:1]=[C&D2&v4&H1&+0&R&z0:2].[O&D0&v2&H2&+0&!R:3]>>[C&D3&v4&H1&+0&R&z1:1](-[O&D1&v2&H1&+0&!R:3])-[C&D2&v4&H2&+0&R&z0:2]	Any
418_0	Any;Any;Any	[C&D3&v4&H1&+0&R&z1:1]-[O&D1&v2&H1&+0&!R:2].[O&D1&v2&H1&+0&!R:3].[P&D4&v5&H0&+0&!R:4]-[O&D2&v2&H0&+0&!R:5]>>[C&D3&v4&H1&+0&R&z1:1]-[O&D2&v2&H0&+0&!R:3].[O&D1&v2&H1&+0&!R:5].[P&D4&v5&H0&+0&!R:4]-[O&D1&v2&H1&+0&!R:2]	Any;PPI;Any
418_1	Any;Any;PYROPHOSPHATE_DONOR_CoF	[C&D3&v4&H1&+0&R&z1:1]-[O&D1&v2&H1&+0&!R:2].[O&D1&v2&H1&+0&!R:3].[P&D4&v5&H0&+0&!R:4]-[O&D2&v2&H0&+0&!R:5]>>[C&D3&v4&H1&+0&R&z1:1]-[O&D2&v2&H0&+0&!R:3].[O&D1&v2&H1&+0&!R:5].[P&D4&v5&H0&+0&!R:4]-[O&D1&v2&H1&+0&!R:2]	Any;PPI;PYROPHOSPHATE_ACCEPTOR_CoF
784_0	Any;WATER;Any	[C&D3&v4&H0&+0&!R&z2:1]-[O&D2&v2&H0&+0&!R:2]-[C&D2&v4&H2&+0&!R&z1:3].[O&D0&v2&H2&+0&!R:4].[c&D3&v4&H0&+0&R&z0:5]1:[c&D2&v4&H1&+0&R&z0:6]:[c&D2&v4&H1&+0&R&z0:7]:[c&D2&v4&H1&+0&R&z1:8]:[n&D3&v4&H0&+&R:9]:[c&D2&v4&H1&+0&R&z1:10]:1>>[C&D3&v4&H0&+0&!R&z1:1]-[C&D2&v4&H2&+0&!R&z0:3].[C&D3&v4&H0&+0&R&z0:5]1=[C&D2&v4&H1&+0&R&z1:10]-[N&D3&v3&H0&+0&R:9]-[C&D2&v4&H1&+0&R&z1:8]=[C&D2&v4&H1&+0&R&z0:7]-[C&D2&v4&H2&+0&R&z0:6]-1.[O&D1&v2&H0&+0&!R:4]=[O&D1&v2&H0&+0&!R:2]	Any;Any;O2
784_1	Any;WATER;NAD_CoF	[C&D3&v4&H0&+0&!R&z2:1]-[O&D2&v2&H0&+0&!R:2]-[C&D2&v4&H2&+0&!R&z1:3].[O&D0&v2&H2&+0&!R:4].[c&D3&v4&H0&+0&R&z0:5]1:[c&D2&v4&H1&+0&R&z0:6]:[c&D2&v4&H1&+0&R&z0:7]:[c&D2&v4&H1&+0&R&z1:8]:[n&D3&v4&H0&+&R:9]:[c&D2&v4&H1&+0&R&z1:10]:1>>[C&D3&v4&H0&+0&!R&z1:1]-[C&D2&v4&H2&+0&!R&z0:3].[C&D3&v4&H0&+0&R&z0:5]1=[C&D2&v4&H1&+0&R&z1:10]-[N&D3&v3&H0&+0&R:9]-[C&D2&v4&H1&+0&R&z1:8]=[C&D2&v4&H1&+0&R&z0:7]-[C&D2&v4&H2&+0&R&z0:6]-1.[O&D1&v2&H0&+0&!R:4]=[O&D1&v2&H0&+0&!R:2]	Any;NADH_CoF;O2
1895_0	WATER;Any	[O&D0&v2&H2&+0&!R:1].[O&D1&v2&H0&+0&!R:2]=[C&D3&v4&H0&+0&R&z2:3]-[O&D2&v2&H0&+0&R:4]>>([O&D1&v2&H0&+0&!R:2]=[C&D3&v4&H0&+0&!R&z2:3]-[O&D1&v2&H1&+0&!R:1].[O&D1&v2&H1&+0&!R:4])	Any
414_0	Any;Any	[C&D1&v4&H3&+0&!R&z1:1]-[S&D3&v3&H0&+&!R:2].[N&D3&v3&H0&+0&R:3]>>[N&D4&v4&H0&+&R:3]-[C&D1&v4&H3&+0&!R&z1:1].[S&D2&v2&H0&+0&!R:2]	Any;Any
414_1	METHYL_DONOR_CoF;Any	[C&D1&v4&H3&+0&!R&z1:1]-[S&D3&v3&H0&+&!R:2].[N&D3&v3&H0&+0&R:3]>>[N&D4&v4&H0&+&R:3]-[C&D1&v4&H3&+0&!R&z1:1].[S&D2&v2&H0&+0&!R:2]	Any;METHYL_ACCEPTOR_CoF
587_0	Any;Any	[C&D2&v4&H2&+0&!R&z0:1]-[C&D1&v4&H3&+0&!R&z0:2].[S&D2&v2&H0&+0&!R:3]>>[C&D1&v4&H3&+0&!R&z0:1].[C&D1&v4&H3&+0&!R&z1:2]-[S&D3&v3&H0&+&!R:3]	Any;Any
587_1	Any;METHYL_ACCEPTOR_CoF	[C&D2&v4&H2&+0&!R&z0:1]-[C&D1&v4&H3&+0&!R&z0:2].[S&D2&v2&H0&+0&!R:3]>>[C&D1&v4&H3&+0&!R&z0:1].[C&D1&v4&H3&+0&!R&z1:2]-[S&D3&v3&H0&+&!R:3]	Any;METHYL_DONOR_CoF
1745_0	Any;WATER;O2	[N&D1&v3&H2&+0&!R:1]-[C&D3&v4&H1&+0&!R&z1:2]-[C&D3&v4&H0&+0&!R&z2:3]-[O&D1&v2&H1&+0&!R:4].[O&D0&v2&H2&+0&!R:5].[O&D1&v2&H0&+0&!R:6]=[O&D1&v2&H0&+0&!R:7]>>[N&D0&v3&H3&+0&!R:1].[O&D1&v2&H0&+0&!R:4]=[C&D2&v4&H0&+0&!R&z2:3].[O&D1&v2&H0&+0&!R:5]=[C&D2&v4&H1&+0&!R&z1:2].[O&D1&v2&H1&+0&!R:6]-[O&D1&v2&H1&+0&!R:7]	NH3;CO2;Any;H2O2
409_0	Any;Any;CO2	[C&D2&v4&H2&+0&!R&z1:1]-[O&D1&v2&H1&+0&!R:2].[C&D3&v4&H0&+0&!R&z2:3]-[O&D1&v2&H1&+0&!R:4].[O&D1&v2&H0&+0&!R:5]=[C&D2&v4&H0&+0&!R&z2:6]>>[C&D1&v4&H3&+0&!R&z0:1].[C&D3&v4&H0&+0&!R&z1:3]-[C&D3&v4&H0&+0&!R&z2:6]-[O&D1&v2&H1&+0&!R:5].[O&D1&v2&H0&+0&!R:2]=[O&D1&v2&H0&+0&!R:4]	Any;Any;O2
1722_0	Any;Any;Pi	([C&D3&v4&H0&+0&!R&z2:1]-[O&D1&v2&H1&+0&!R:2].[N&D1&v3&H2&+0&!R:3]).[O&D1&v2&H1&+0&!R:4].[P&D4&v5&H0&+0&!R:5]-[O&D1&v2&H1&+0&!R:6]>>[C&D3&v4&H0&+0&R&z2:1]-[N&D2&v3&H1&+0&R:3].[O&D0&v2&H2&+0&!R:2].[O&D0&v2&H2&+0&!R:6].[O&D2&v2&H0&+0&!R:4]-[P&D4&v5&H0&+0&!R:5]	Any;WATER;WATER;Any
1722_1	Any;PHOSPHATE_ACCEPTOR_CoF;Pi	([C&D3&v4&H0&+0&!R&z2:1]-[O&D1&v2&H1&+0&!R:2].[N&D1&v3&H2&+0&!R:3]).[O&D1&v2&H1&+0&!R:4].[P&D4&v5&H0&+0&!R:5]-[O&D1&v2&H1&+0&!R:6]>>[C&D3&v4&H0&+0&R&z2:1]-[N&D2&v3&H1&+0&R:3].[O&D0&v2&H2&+0&!R:2].[O&D0&v2&H2&+0&!R:6].[O&D2&v2&H0&+0&!R:4]-[P&D4&v5&H0&+0&!R:5]	Any;WATER;WATER;PHOSPHATE_DONOR_CoF
112_0	Any;Any	[C&D3&v4&H0&+0&!R&z1:1]=[O&D1&v2&H0&+0&!R:2].[C&D3&v4&H1&+0&!R&z2:3]-[N&D1&v3&H2&+0&!R:4]>>[C&D3&v4&H0&+0&!R&z2:3]=[O&D1&v2&H0&+0&!R:2].[C&D3&v4&H1&+0&!R&z1:1]-[N&D1&v3&H2&+0&!R:4]	Any;Any
112_1	CARBONYL_CoF;AMINO_CoF	[C&D3&v4&H0&+0&!R&z1:1]=[O&D1&v2&H0&+0&!R:2].[C&D3&v4&H1&+0&!R&z2:3]-[N&D1&v3&H2&+0&!R:4]>>[C&D3&v4&H0&+0&!R&z2:3]=[O&D1&v2&H0&+0&!R:2].[C&D3&v4&H1&+0&!R&z1:1]-[N&D1&v3&H2&+0&!R:4]	CARBONYL_CoF;AMINO_CoF
880_0	Any	[C&D4&v4&H0&+0&!R&z1:1](-[O&D1&v2&H1&+0&!R:2])-[C&D2&v4&H0&+0&!R&z1:3]>>[C&D1&v4&H1&+0&!R&z1:3].[C&D3&v4&H0&+0&!R&z1:1]=[O&D1&v2&H0&+0&!R:2]	HCN;Any
285_0	Any;Any	[C&D1&v4&H3&+0&!R&z1:1]-[S&D3&v3&H0&+&!R:2].[S&D2&v2&H0&+0&!R:3]>>[S&D2&v2&H0&+0&!R:2].[S&D3&v3&H0&+&!R:3]-[C&D1&v4&H3&+0&!R&z1:1]	Any;Any
285_1	Any;METHYL_ACCEPTOR_CoF	[C&D1&v4&H3&+0&!R&z1:1]-[S&D3&v3&H0&+&!R:2].[S&D2&v2&H0&+0&!R:3]>>[S&D2&v2&H0&+0&!R:2].[S&D3&v3&H0&+&!R:3]-[C&D1&v4&H3&+0&!R&z1:1]	Any;METHYL_DONOR_CoF
285_2	METHYL_DONOR_CoF;Any	[C&D1&v4&H3&+0&!R&z1:1]-[S&D3&v3&H0&+&!R:2].[S&D2&v2&H0&+0&!R:3]>>[S&D2&v2&H0&+0&!R:2].[S&D3&v3&H0&+&!R:3]-[C&D1&v4&H3&+0&!R&z1:1]	METHYL_ACCEPTOR_CoF;Any
285_3	METHYL_DONOR_CoF;METHYL_ACCEPTOR_CoF	[C&D1&v4&H3&+0&!R&z1:1]-[S&D3&v3&H0&+&!R:2].[S&D2&v2&H0&+0&!R:3]>>[S&D2&v2&H0&+0&!R:2].[S&D3&v3&H0&+&!R:3]-[C&D1&v4&H3&+0&!R&z1:1]	METHYL_ACCEPTOR_CoF;METHYL_DONOR_CoF
396_0	Any;PPI	[N&D2&v3&H1&+0&!R:1]-[C&D2&v4&H2&+0&!R&z1:2].[O&D1&v2&H1&+0&!R:3]>>[C&D2&v4&H2&+0&!R&z1:2]-[O&D2&v2&H0&+0&!R:3].[N&D1&v3&H2&+0&!R:1]	Any;Any
396_1	Any;PRENYL_ACCEPTOR_CoF	[N&D2&v3&H1&+0&!R:1]-[C&D2&v4&H2&+0&!R&z1:2].[O&D1&v2&H1&+0&!R:3]>>[C&D2&v4&H2&+0&!R&z1:2]-[O&D2&v2&H0&+0&!R:3].[N&D1&v3&H2&+0&!R:1]	PRENYL_DONOR_CoF;Any
396_2	Any;Pi	[N&D2&v3&H1&+0&!R:1]-[C&D2&v4&H2&+0&!R&z1:2].[O&D1&v2&H1&+0&!R:3]>>[C&D2&v4&H2&+0&!R&z1:2]-[O&D2&v2&H0&+0&!R:3].[N&D1&v3&H2&+0&!R:1]	Any;Any
1712_0	Any;O2	[N&D1&v3&H2&+0&!R:1]-[C&D3&v4&H1&+0&!R&z1:2].[O&D1&v2&H0&+0&!R:3]=[O&D1&v2&H0&+0&!R:4]>>[N&D1&v3&H1&+0&!R:1]=[C&D3&v4&H0&+0&!R&z1:2].[O&D1&v2&H1&+0&!R:3]-[O&D1&v2&H1&+0&!R:4]	Any;H2O2
561_0	Any;WATER	[C&D3&v4&H0&+0&R&z1:1]=[O&D1&v2&H0&+0&!R:2].[O&D0&v2&H2&+0&!R:3]>>[C&D2&v4&H2&+0&R&z0:1].[O&D1&v2&H0&+0&!R:2]=[O&D1&v2&H0&+0&!R:3]	Any;O2
987_0	Any;PPI	[C&D4&v4&H0&+0&R&z0:1]1-[C&D3&v4&H1&+0&R&z0:2]-[C&D2&v4&H2&+0&R&z0:3]-[C&D3&v4&H1&+0&R&z0:4]2-[C&D3&v4&H1&+0&R&z0:5]-[C&D4&v4&H0&+0&R&z0:6]-1-2.[O&D1&v2&H1&+0&!R:7]>>([C&D2&v4&H2&+0&!R&z0:5]-[C&D3&v4&H0&+0&!R&z0:6]=[C&D2&v4&H1&+0&!R&z0:4]-[C&D2&v4&H2&+0&!R&z1:3]-[O&D2&v2&H0&+0&!R:7].[C&D3&v4&H0&+0&!R&z0:1]=[C&D2&v4&H1&+0&!R&z0:2])	Any
2043_0	Any;Pi	[O&D1&v2&H0&+0&!R:1]=[C&D3&v4&H0&+0&R&z1:2]-[C&D2&v4&H2&+0&R&z0:3]-[C&D4&v4&H0&+0&R&z1:4]-[O&D1&v2&H1&+0&!R:5].[O&D1&v2&H1&+0&!R:6]>>([C&D3&v4&H0&+0&!R&z1:4]=[O&D1&v2&H0&+0&!R:5].[C&D3&v4&H1&+0&!R&z1:2](-[O&D1&v2&H1&+0&!R:1])-[C&D2&v4&H2&+0&!R&z1:3]-[O&D2&v2&H0&+0&!R:6])	Any
421_0	Any;Any	[N&D2&v3&H1&+0&!R:1].[N&D2&v3&H1&+0&!R:2]-[C&D2&v4&H1&+0&!R&z2:3]>>[N&D1&v3&H2&+0&!R:2].[N&D3&v3&H0&+0&!R:1]-[C&D2&v4&H1&+0&!R&z2:3]	Any;Any
421_1	Any;FORMYL_DONOR_CoF	[N&D2&v3&H1&+0&!R:1].[N&D2&v3&H1&+0&!R:2]-[C&D2&v4&H1&+0&!R&z2:3]>>[N&D1&v3&H2&+0&!R:2].[N&D3&v3&H0&+0&!R:1]-[C&D2&v4&H1&+0&!R&z2:3]	FORMYL_ACCEPTOR_CoF;Any
421_2	FORMYL_ACCEPTOR_CoF;Any	[N&D2&v3&H1&+0&!R:1].[N&D2&v3&H1&+0&!R:2]-[C&D2&v4&H1&+0&!R&z2:3]>>[N&D1&v3&H2&+0&!R:2].[N&D3&v3&H0&+0&!R:1]-[C&D2&v4&H1&+0&!R&z2:3]	Any;FORMYL_DONOR_CoF
421_3	FORMYL_ACCEPTOR_CoF;FORMYL_DONOR_CoF	[N&D2&v3&H1&+0&!R:1].[N&D2&v3&H1&+0&!R:2]-[C&D2&v4&H1&+0&!R&z2:3]>>[N&D1&v3&H2&+0&!R:2].[N&D3&v3&H0&+0&!R:1]-[C&D2&v4&H1&+0&!R&z2:3]	FORMYL_ACCEPTOR_CoF;FORMYL_DONOR_CoF
2064_0	Any	[O&D1&v2&H0&+0&!R:1]=[C&D2&v4&H1&+0&!R&z1:2]-[C&D3&v4&H1&+0&!R&z1:3]-[O&D1&v2&H1&+0&!R:4]>>[C&D3&v4&H0&+0&!R&z1:3](=[O&D1&v2&H0&+0&!R:4])-[C&D2&v4&H2&+0&!R&z1:2]-[O&D1&v2&H1&+0&!R:1]	Any
653_0	Any;Any;NH3	[C&D3&v4&H0&+0&!R&z1:1]=[O&D1&v2&H0&+0&!R:2].[C&D3&v4&H0&+0&R&z0:3]1=[C&D2&v4&H1&+0&R&z1:4]-[N&D3&v3&H0&+0&R:5]-[C&D2&v4&H1&+0&R&z1:6]=[C&D2&v4&H1&+0&R&z0:7]-[C&D2&v4&H2&+0&R&z0:8]-1.[N&D0&v3&H3&+0&!R:9]>>[C&D3&v4&H1&+0&!R&z1:1]-[N&D1&v3&H2&+0&!R:9].[O&D0&v2&H2&+0&!R:2].[c&D3&v4&H0&+0&R&z0:3]1:[c&D2&v4&H1&+0&R&z0:8]:[c&D2&v4&H1&+0&R&z0:7]:[c&D2&v4&H1&+0&R&z1:6]:[n&D3&v4&H0&+&R:5]:[c&D2&v4&H1&+0&R&z1:4]:1	Any;WATER;Any
653_1	Any;NADH_CoF;NH3	[C&D3&v4&H0&+0&!R&z1:1]=[O&D1&v2&H0&+0&!R:2].[C&D3&v4&H0&+0&R&z0:3]1=[C&D2&v4&H1&+0&R&z1:4]-[N&D3&v3&H0&+0&R:5]-[C&D2&v4&H1&+0&R&z1:6]=[C&D2&v4&H1&+0&R&z0:7]-[C&D2&v4&H2&+0&R&z0:8]-1.[N&D0&v3&H3&+0&!R:9]>>[C&D3&v4&H1&+0&!R&z1:1]-[N&D1&v3&H2&+0&!R:9].[O&D0&v2&H2&+0&!R:2].[c&D3&v4&H0&+0&R&z0:3]1:[c&D2&v4&H1&+0&R&z0:8]:[c&D2&v4&H1&+0&R&z0:7]:[c&D2&v4&H1&+0&R&z1:6]:[n&D3&v4&H0&+&R:5]:[c&D2&v4&H1&+0&R&z1:4]:1	Any;WATER;NAD_CoF
653_2	CARBONYL_CoF;NADH_CoF;NH3	[C&D3&v4&H0&+0&!R&z1:1]=[O&D1&v2&H0&+0&!R:2].[C&D3&v4&H0&+0&R&z0:3]1=[C&D2&v4&H1&+0&R&z1:4]-[N&D3&v3&H0&+0&R:5]-[C&D2&v4&H1&+0&R&z1:6]=[C&D2&v4&H1&+0&R&z0:7]-[C&D2&v4&H2&+0&R&z0:8]-1.[N&D0&v3&H3&+0&!R:9]>>[C&D3&v4&H1&+0&!R&z1:1]-[N&D1&v3&H2&+0&!R:9].[O&D0&v2&H2&+0&!R:2].[c&D3&v4&H0&+0&R&z0:3]1:[c&D2&v4&H1&+0&R&z0:8]:[c&D2&v4&H1&+0&R&z0:7]:[c&D2&v4&H1&+0&R&z1:6]:[n&D3&v4&H0&+&R:5]:[c&D2&v4&H1&+0&R&z1:4]:1	AMINO_CoF;WATER;NAD_CoF
1140_0	Any;PPI	[C&D3&v4&H1&+0&R&z0:1]1-[C&D3&v4&H1&+0&R&z0:2]-[C&D4&v4&H0&+0&R&z0:3]-1.[O&D1&v2&H1&+0&!R:4]>>([C&D2&v4&H2&+0&!R&z1:1]-[O&D2&v2&H0&+0&!R:4].[C&D3&v4&H0&+0&!R&z0:3]=[C&D2&v4&H1&+0&!R&z0:2])	Any
1943_0	Any	[C&D3&v4&H0&+0&!R&z1:1](=[O&D1&v2&H0&+0&!R:2])-[C&D2&v4&H2&+0&!R&z0:3]>>[C&D3&v4&H0&+0&!R&z1:1](-[O&D1&v2&H1&+0&!R:2])=[C&D2&v4&H1&+0&!R&z0:3]	Any
702_0	Any;Any	[C&D2&v4&H1&+0&!R&z1:1]=[O&D1&v2&H0&+0&!R:2].[C&D3&v4&H0&+0&!R&z1:3]=[O&D1&v2&H0&+0&!R:4]>>[C&D2&v4&H1&+0&!R&z0:1]=[C&D3&v4&H0&+0&!R&z0:3].[O&D1&v2&H0&+0&!R:4]=[O&D1&v2&H0&+0&!R:2]	Any;O2
1983_0	Any	[C&D3&v4&H0&+0&!R&z1:1](=[O&D1&v2&H0&+0&!R:2])-[C&D2&v4&H1&+0&!R&z0:3]=[C&D2&v4&H1&+0&!R&z0:4]-[C&D2&v4&H1&+0&!R&z0:5]=[C&D3&v4&H0&+0&!R&z1:6]-[C&D3&v4&H0&+0&!R&z2:7]=[O&D1&v2&H0&+0&!R:8]>>[O&D1&v2&H0&+0&!R:2]=[O&D1&v2&H0&+0&!R:8].[c&D3&v4&H0&+0&R&z0:1]1:[c&D2&v4&H1&+0&R&z0:3]:[c&D2&v4&H1&+0&R&z0:4]:[c&D2&v4&H1&+0&R&z0:5]:[c&D3&v4&H0&+0&R&z1:6]:[c&D3&v4&H0&+0&R&z1:7]:1	O2;Any
139_0	Any;Any	[S&D2&v2&H0&+0&!R:1].[n&D3&v4&H0&+&R:2]-[C&D1&v4&H3&+0&!R&z1:3]>>[C&D1&v4&H3&+0&!R&z1:3]-[S&D3&v3&H0&+&!R:1].[n&D2&v3&H0&+0&R:2]	Any;Any
139_1	METHYL_ACCEPTOR_CoF;Any	[S&D2&v2&H0&+0&!R:1].[n&D3&v4&H0&+&R:2]-[C&D1&v4&H3&+0&!R&z1:3]>>[C&D1&v4&H3&+0&!R&z1:3]-[S&D3&v3&H0&+&!R:1].[n&D2&v3&H0&+0&R:2]	METHYL_DONOR_CoF;Any
1448_0	Any;Any;PPI;Any	[C&D2&v4&H1&+0&!R&z1:1].[O&D1&v2&H1&+0&!R:2].[P&D4&v5&H0&+0&!R:3]-[O&D1&v2&H1&+0&!R:4].[c&D3&v4&H0&+0&R&z0:5]1:[c&D2&v4&H1&+0&R&z0:6]:[c&D2&v4&H1&+0&R&z0:7]:[c&D2&v4&H1&+0&R&z1:8]:[n&D3&v4&H0&+&R:9]:[c&D2&v4&H1&+0&R&z1:10]:1>>[C&D3&v4&H0&+0&!R&z2:1]-[O&D1&v2&H1&+0&!R:4].[C&D3&v4&H0&+0&R&z0:5]1=[C&D2&v4&H1&+0&R&z1:10]-[N&D3&v3&H0&+0&R:9]-[C&D2&v4&H1&+0&R&z1:8]=[C&D2&v4&H1&+0&R&z0:7]-[C&D2&v4&H2&+0&R&z0:6]-1.[O&D2&v2&H0&+0&!R:2]-[P&D4&v5&H0&+0&!R:3]	Any;Any;Any
1448_1	Any;Any;Pi;Any	[C&D2&v4&H1&+0&!R&z1:1].[O&D1&v2&H1&+0&!R:2].[P&D4&v5&H0&+0&!R:3]-[O&D1&v2&H1&+0&!R:4].[c&D3&v4&H0&+0&R&z0:5]1:[c&D2&v4&H1&+0&R&z0:6]:[c&D2&v4&H1&+0&R&z0:7]:[c&D2&v4&H1&+0&R&z1:8]:[n&D3&v4&H0&+&R:9]:[c&D2&v4&H1&+0&R&z1:10]:1>>[C&D3&v4&H0&+0&!R&z2:1]-[O&D1&v2&H1&+0&!R:4].[C&D3&v4&H0&+0&R&z0:5]1=[C&D2&v4&H1&+0&R&z1:10]-[N&D3&v3&H0&+0&R:9]-[C&D2&v4&H1&+0&R&z1:8]=[C&D2&v4&H1&+0&R&z0:7]-[C&D2&v4&H2&+0&R&z0:6]-1.[O&D2&v2&H0&+0&!R:2]-[P&D4&v5&H0&+0&!R:3]	Any;Any;Any
1448_2	Any;PHOSPHATE_ACCEPTOR_CoF;Pi;NAD_CoF	[C&D2&v4&H1&+0&!R&z1:1].[O&D1&v2&H1&+0&!R:2].[P&D4&v5&H0&+0&!R:3]-[O&D1&v2&H1&+0&!R:4].[c&D3&v4&H0&+0&R&z0:5]1:[c&D2&v4&H1&+0&R&z0:6]:[c&D2&v4&H1&+0&R&z0:7]:[c&D2&v4&H1&+0&R&z1:8]:[n&D3&v4&H0&+&R:9]:[c&D2&v4&H1&+0&R&z1:10]:1>>[C&D3&v4&H0&+0&!R&z2:1]-[O&D1&v2&H1&+0&!R:4].[C&D3&v4&H0&+0&R&z0:5]1=[C&D2&v4&H1&+0&R&z1:10]-[N&D3&v3&H0&+0&R:9]-[C&D2&v4&H1&+0&R&z1:8]=[C&D2&v4&H1&+0&R&z0:7]-[C&D2&v4&H2&+0&R&z0:6]-1.[O&D2&v2&H0&+0&!R:2]-[P&D4&v5&H0&+0&!R:3]	Any;NADH_CoF;PHOSPHATE_DONOR_CoF
1448_3	Any;PYROPHOSPHATE_ACCEPTOR_CoF;PPI;NAD_CoF	[C&D2&v4&H1&+0&!R&z1:1].[O&D1&v2&H1&+0&!R:2].[P&D4&v5&H0&+0&!R:3]-[O&D1&v2&H1&+0&!R:4].[c&D3&v4&H0&+0&R&z0:5]1:[c&D2&v4&H1&+0&R&z0:6]:[c&D2&v4&H1&+0&R&z0:7]:[c&D2&v4&H1&+0&R&z1:8]:[n&D3&v4&H0&+&R:9]:[c&D2&v4&H1&+0&R&z1:10]:1>>[C&D3&v4&H0&+0&!R&z2:1]-[O&D1&v2&H1&+0&!R:4].[C&D3&v4&H0&+0&R&z0:5]1=[C&D2&v4&H1&+0&R&z1:10]-[N&D3&v3&H0&+0&R:9]-[C&D2&v4&H1&+0&R&z1:8]=[C&D2&v4&H1&+0&R&z0:7]-[C&D2&v4&H2&+0&R&z0:6]-1.[O&D2&v2&H0&+0&!R:2]-[P&D4&v5&H0&+0&!R:3]	Any;NADH_CoF;PYROPHOSPHATE_DONOR_CoF
1471_0	Any	[C&D3&v4&H1&+0&R&z1:1](-[C&D1&v4&H3&+0&!R&z0:2])-[C&D3&v4&H1&+0&R&z1:3]-[C&D3&v4&H1&+0&R&z1:4]>>[C&D3&v4&H1&+0&R&z1:1](-[C&D3&v4&H1&+0&!R&z1:3]-[C&D1&v4&H3&+0&!R&z0:2])-[C&D3&v4&H1&+0&R&z1:4]	Any
807_0	Any;WATER	[C&D3&v4&H0&+0&!R&z0:1]=[C&D3&v4&H0&+0&!R&z0:2].[O&D0&v2&H2&+0&!R:3]>>[C&D3&v4&H1&+0&!R&z0:1]-[C&D4&v4&H0&+0&!R&z1:2]-[O&D1&v2&H1&+0&!R:3]	Any
1187_0	Any;H2O2	[C&D2&v4&H1&+0&!R&z1:1]=[O&D1&v2&H0&+0&!R:2].[O&D1&v2&H1&+0&!R:3]-[O&D1&v2&H1&+0&!R:4]>>[C&D2&v4&H2&+0&!R&z1:1]-[O&D1&v2&H1&+0&!R:2].[O&D1&v2&H0&+0&!R:3]=[O&D1&v2&H0&+0&!R:4]	Any;O2
571_0	Any;Any	[C&D1&v4&H2&+0&!R&z0:1]=[C&D2&v4&H1&+0&!R&z0:2]-[C&D2&v4&H2&+0&!R&z0:3].[C&D3&v4&H0&+0&!R&z2:4]-[O&D1&v2&H1&+0&!R:5]>>[C&D2&v4&H1&+0&!R&z0:3]=[C&D2&v4&H1&+0&!R&z0:2]-[C&D2&v4&H2&+0&!R&z0:1]-[C&D3&v4&H0&+0&!R&z1:4].[O&D0&v2&H2&+0&!R:5]	Any;WATER
1254_0	Any	([C&D3&v4&H0&+0&R&z1:1]=[O&D1&v2&H0&+0&!R:2].[O&D1&v2&H1&+0&!R:3])>>[C&D3&v4&H1&+0&R&z1:1]-[O&D2&v2&H0&+0&R:2]-[O&D2&v2&H0&+0&R:3]	Any
827_0	Any;O2	[C&D3&v4&H1&+0&R&z1:1]-[O&D1&v2&H1&+0&!R:2].[O&D1&v2&H0&+0&!R:3]=[O&D1&v2&H0&+0&!R:4]>>[C&D3&v4&H0&+0&R&z1:1]=[O&D1&v2&H0&+0&!R:2].[O&D1&v2&H1&+0&!R:3]-[O&D1&v2&H1&+0&!R:4]	Any;H2O2
1618_0	Any	[N&D1&v3&H2&+0&!R:1]-[C&D3&v4&H0&+0&!R&z2:2]=[O&D1&v2&H0&+0&!R:3]>>[N&D1&v3&H0&+0&!R:1]#[C&D2&v4&H0&+0&!R&z1:2].[O&D0&v2&H2&+0&!R:3]	Any;WATER
87_0	Any;Any	[C&D2&v4&H2&+0&!R&z1:1]-[O&D2&v2&H0&+0&!R:2].[S&D1&v2&H1&+0&!R:3]>>[O&D1&v2&H1&+0&!R:2].[S&D2&v2&H0&+0&!R:3]-[C&D2&v4&H2&+0&!R&z1:1]	Any;Any
87_1	Any;Any	[C&D2&v4&H2&+0&!R&z1:1]-[O&D2&v2&H0&+0&!R:2].[S&D1&v2&H1&+0&!R:3]>>[O&D1&v2&H1&+0&!R:2].[S&D2&v2&H0&+0&!R:3]-[C&D2&v4&H2&+0&!R&z1:1]	PPI;Any
87_2	Any;Any	[C&D2&v4&H2&+0&!R&z1:1]-[O&D2&v2&H0&+0&!R:2].[S&D1&v2&H1&+0&!R:3]>>[O&D1&v2&H1&+0&!R:2].[S&D2&v2&H0&+0&!R:3]-[C&D2&v4&H2&+0&!R&z1:1]	Pi;Any
261_0	CO2;Any	[O&D1&v2&H0&+0&!R:1]=[C&D2&v4&H0&+0&!R&z2:2].([S&D1&v2&H1&+0&!R:3].[S&D2&v2&H0&+0&!R:4]-[C&D3&v4&H0&+0&!R&z2:5])>>[C&D3&v4&H0&+0&!R&z1:5]-[C&D3&v4&H0&+0&!R&z2:2]-[O&D1&v2&H1&+0&!R:1].[S&D2&v2&H0&+0&R:4]-[S&D2&v2&H0&+0&R:3]	Any;Any
425_0	Any;Any	[C&D2&v4&H2&+0&!R&z1:1]-[S&D1&v2&H1&+0&!R:2].[O&D1&v2&H1&+0&!R:3]>>[C&D2&v4&H2&+0&!R&z1:1]-[O&D2&v2&H0&+0&!R:3].[S&D0&v2&H2&+0&!R:2]	Any;Any
425_1	Any;Pi	[C&D2&v4&H2&+0&!R&z1:1]-[S&D1&v2&H1&+0&!R:2].[O&D1&v2&H1&+0&!R:3]>>[C&D2&v4&H2&+0&!R&z1:1]-[O&D2&v2&H0&+0&!R:3].[S&D0&v2&H2&+0&!R:2]	Any;Any
469_0	Any;CO2	[C&D1&v4&H2&+0&!R&z0:1].[O&D1&v2&H0&+0&!R:2]=[C&D2&v4&H0&+0&!R&z2:3]>>[C&D3&v4&H0&+0&!R&z2:3](-[O&D1&v2&H1&+0&!R:2])-[C&D2&v4&H1&+0&!R&z0:1]	Any
2_0	O2;Any;Any	[O&D1&v2&H0&+0&!R:1]=[O&D1&v2&H0&+0&!R:2].[S&D1&v2&H1&+0&!R:3].[S&D1&v2&H1&+0&!R:4]>>[O&D1&v2&H1&+0&!R:1]-[O&D1&v2&H1&+0&!R:2].[S&D2&v2&H0&+0&!R:3]-[S&D2&v2&H0&+0&!R:4]	H2O2;Any
432_0	Any;Any	[O&D2&v2&H0&+0&!R:1]-[C&D3&v4&H1&+0&R&z2:2].[c&D2&v4&H1&+0&R&z0:3]>>[O&D1&v2&H1&+0&!R:1].[c&D3&v4&H0&+0&R&z0:3]-[C&D3&v4&H1&+0&R&z1:2]	Any;Any
432_1	GLUCOSYL_DONOR_CoF;Any	[O&D2&v2&H0&+0&!R:1]-[C&D3&v4&H1&+0&R&z2:2].[c&D2&v4&H1&+0&R&z0:3]>>[O&D1&v2&H1&+0&!R:1].[c&D3&v4&H0&+0&R&z0:3]-[C&D3&v4&H1&+0&R&z1:2]	GLUCOSYL_ACCEPTOR_CoF;Any
1549_0	Any	[C&D3&v4&H0&+0&!R&z1:1](=[C&D2&v4&H1&+0&!R&z0:2]-[C&D2&v4&H1&+0&!R&z0:3]=[C&D2&v4&H1&+0&!R&z0:4]-[C&D2&v4&H1&+0&!R&z1:5]=[O&D1&v2&H0&+0&!R:6])-[C&D3&v4&H0&+0&!R&z2:7]=[O&D1&v2&H0&+0&!R:8]>>[O&D1&v2&H0&+0&!R:6]=[O&D1&v2&H0&+0&!R:8].[c&D3&v4&H0&+0&R&z1:1]1:[c&D2&v4&H1&+0&R&z0:2]:[c&D2&v4&H1&+0&R&z0:3]:[c&D2&v4&H1&+0&R&z0:4]:[c&D2&v4&H1&+0&R&z0:5]:[c&D3&v4&H0&+0&R&z1:7]:1	O2;Any
2096_0	Any;Any	[O&D1&v2&H1&+0&!R:1].[P&D4&v5&H0&+0&!R:2]-[O&D2&v2&H0&+0&!R:3]~[*:4]~[*:5]~[*:6]~[O&D2&v2&H0&+0&!R:7]-[P&D4&v5&H0&+0&!R:8]>>[*:6](~[O&D1&v2&H1&+0&!R:7])~[*:5]~[*:4]~[O&D2&v2&H0&+0&!R:3]-[P&D4&v5&H0&+0&!R:2].[O&D2&v2&H0&+0&!R:1]-[P&D4&v5&H0&+0&!R:8]	Any;Any
2096_1	Any;CoA	[O&D1&v2&H1&+0&!R:1].[P&D4&v5&H0&+0&!R:2]-[O&D2&v2&H0&+0&!R:3]~[*:4]~[*:5]~[*:6]~[O&D2&v2&H0&+0&!R:7]-[P&D4&v5&H0&+0&!R:8]>>[*:6](~[O&D1&v2&H1&+0&!R:7])~[*:5]~[*:4]~[O&D2&v2&H0&+0&!R:3]-[P&D4&v5&H0&+0&!R:2].[O&D2&v2&H0&+0&!R:1]-[P&D4&v5&H0&+0&!R:8]	Any;Any
2096_2	PHOSPHATE_ACCEPTOR_CoF;Any	[O&D1&v2&H1&+0&!R:1].[P&D4&v5&H0&+0&!R:2]-[O&D2&v2&H0&+0&!R:3]~[*:4]~[*:5]~[*:6]~[O&D2&v2&H0&+0&!R:7]-[P&D4&v5&H0&+0&!R:8]>>[*:6](~[O&D1&v2&H1&+0&!R:7])~[*:5]~[*:4]~[O&D2&v2&H0&+0&!R:3]-[P&D4&v5&H0&+0&!R:2].[O&D2&v2&H0&+0&!R:1]-[P&D4&v5&H0&+0&!R:8]	Any;PHOSPHATE_DONOR_CoF
2096_3	PHOSPHATE_ACCEPTOR_CoF;CoA	[O&D1&v2&H1&+0&!R:1].[P&D4&v5&H0&+0&!R:2]-[O&D2&v2&H0&+0&!R:3]~[*:4]~[*:5]~[*:6]~[O&D2&v2&H0&+0&!R:7]-[P&D4&v5&H0&+0&!R:8]>>[*:6](~[O&D1&v2&H1&+0&!R:7])~[*:5]~[*:4]~[O&D2&v2&H0&+0&!R:3]-[P&D4&v5&H0&+0&!R:2].[O&D2&v2&H0&+0&!R:1]-[P&D4&v5&H0&+0&!R:8]	Any;PHOSPHATE_DONOR_CoF
2096_4	PHOSPHATE_ACCEPTOR_CoF;PHOSPHATE_DONOR_CoF	[O&D1&v2&H1&+0&!R:1].[P&D4&v5&H0&+0&!R:2]-[O&D2&v2&H0&+0&!R:3]~[*:4]~[*:5]~[*:6]~[O&D2&v2&H0&+0&!R:7]-[P&D4&v5&H0&+0&!R:8]>>[*:6](~[O&D1&v2&H1&+0&!R:7])~[*:5]~[*:4]~[O&D2&v2&H0&+0&!R:3]-[P&D4&v5&H0&+0&!R:2].[O&D2&v2&H0&+0&!R:1]-[P&D4&v5&H0&+0&!R:8]	PHOSPHATE_ACCEPTOR_CoF;PHOSPHATE_DONOR_CoF
2096_5	PPI;Any	[O&D1&v2&H1&+0&!R:1].[P&D4&v5&H0&+0&!R:2]-[O&D2&v2&H0&+0&!R:3]~[*:4]~[*:5]~[*:6]~[O&D2&v2&H0&+0&!R:7]-[P&D4&v5&H0&+0&!R:8]>>[*:6](~[O&D1&v2&H1&+0&!R:7])~[*:5]~[*:4]~[O&D2&v2&H0&+0&!R:3]-[P&D4&v5&H0&+0&!R:2].[O&D2&v2&H0&+0&!R:1]-[P&D4&v5&H0&+0&!R:8]	Any;Any
2096_6	PYROPHOSPHATE_ACCEPTOR_CoF;PYROPHOSPHATE_DONOR_CoF	[O&D1&v2&H1&+0&!R:1].[P&D4&v5&H0&+0&!R:2]-[O&D2&v2&H0&+0&!R:3]~[*:4]~[*:5]~[*:6]~[O&D2&v2&H0&+0&!R:7]-[P&D4&v5&H0&+0&!R:8]>>[*:6](~[O&D1&v2&H1&+0&!R:7])~[*:5]~[*:4]~[O&D2&v2&H0&+0&!R:3]-[P&D4&v5&H0&+0&!R:2].[O&D2&v2&H0&+0&!R:1]-[P&D4&v5&H0&+0&!R:8]	PYROPHOSPHATE_ACCEPTOR_CoF;PYROPHOSPHATE_ACCEPTOR_CoF
2096_7	PYROPHOSPHATE_ACCEPTOR_CoF;PYROPHOSPHATE_DONOR_CoF	[O&D1&v2&H1&+0&!R:1].[P&D4&v5&H0&+0&!R:2]-[O&D2&v2&H0&+0&!R:3]~[*:4]~[*:5]~[*:6]~[O&D2&v2&H0&+0&!R:7]-[P&D4&v5&H0&+0&!R:8]>>[*:6](~[O&D1&v2&H1&+0&!R:7])~[*:5]~[*:4]~[O&D2&v2&H0&+0&!R:3]-[P&D4&v5&H0&+0&!R:2].[O&D2&v2&H0&+0&!R:1]-[P&D4&v5&H0&+0&!R:8]	PYROPHOSPHATE_ACCEPTOR_CoF;PYROPHOSPHATE_DONOR_CoF
2096_8	Pi;Any	[O&D1&v2&H1&+0&!R:1].[P&D4&v5&H0&+0&!R:2]-[O&D2&v2&H0&+0&!R:3]~[*:4]~[*:5]~[*:6]~[O&D2&v2&H0&+0&!R:7]-[P&D4&v5&H0&+0&!R:8]>>[*:6](~[O&D1&v2&H1&+0&!R:7])~[*:5]~[*:4]~[O&D2&v2&H0&+0&!R:3]-[P&D4&v5&H0&+0&!R:2].[O&D2&v2&H0&+0&!R:1]-[P&D4&v5&H0&+0&!R:8]	Any;Any
338_0	Any;Any;Any	[O&D2&v2&H0&+0&!R:1]-[O&D1&v2&H1&+0&!R:2].[S&D1&v2&H1&+0&!R:3].[S&D1&v2&H1&+0&!R:4]>>[O&D0&v2&H2&+0&!R:2].[O&D1&v2&H1&+0&!R:1].[S&D2&v2&H0&+0&!R:3]-[S&D2&v2&H0&+0&!R:4]	WATER;Any;Any
1297_0	Any	[C&D3&v4&H1&+0&!R&z1:1](-[O&D1&v2&H1&+0&!R:2])-[C&D3&v4&H0&+0&!R&z2:3]>>[C&D2&v4&H1&+0&!R&z1:1]=[O&D1&v2&H0&+0&!R:2].[C&D2&v4&H1&+0&!R&z2:3]	Any;Any
855_0	Any;H2O2	[C&D2&v4&H1&+0&!R&z0:1]=[C&D2&v4&H1&+0&!R&z0:2].[O&D1&v2&H1&+0&!R:3]-[O&D1&v2&H1&+0&!R:4]>>[C&D2&v4&H2&+0&!R&z0:1]-[C&D2&v4&H2&+0&!R&z0:2].[O&D1&v2&H0&+0&!R:3]=[O&D1&v2&H0&+0&!R:4]	Any;O2
1213_0	Any;WATER	[C&D2&v4&H1&+0&!R&z0:1]=[C&D2&v4&H1&+0&!R&z0:2]-[C&D2&v4&H1&+0&!R&z0:3]=[C&D2&v4&H1&+0&!R&z0:4]-[C&D2&v4&H1&+0&!R&z0:5]=[C&D2&v4&H1&+0&!R&z0:6]-[C&D3&v4&H1&+0&R&z1:7]-[O&D2&v2&H0&+0&R:8].[O&D0&v2&H2&+0&!R:9]>>([C&D3&v4&H1&+0&!R&z1:1](-[O&D1&v2&H1&+0&!R:9])-[C&D2&v4&H1&+0&!R&z0:2]=[C&D2&v4&H1&+0&!R&z0:3]-[C&D2&v4&H1&+0&!R&z0:4]=[C&D2&v4&H1&+0&!R&z0:5]-[C&D2&v4&H1&+0&!R&z0:6]=[C&D2&v4&H1&+0&!R&z0:7].[O&D1&v2&H1&+0&!R:8])	Any
19_0	Any;Any	[N&D3&v3&H0&+0&R:1]-[C&D1&v4&H3&+0&!R&z1:2].[S&D2&v2&H0&+0&!R:3]>>[C&D1&v4&H3&+0&!R&z1:2]-[S&D3&v3&H0&+&!R:3].[N&D2&v3&H1&+0&R:1]	Any;Any
19_1	Any;METHYL_ACCEPTOR_CoF	[N&D3&v3&H0&+0&R:1]-[C&D1&v4&H3&+0&!R&z1:2].[S&D2&v2&H0&+0&!R:3]>>[C&D1&v4&H3&+0&!R&z1:2]-[S&D3&v3&H0&+&!R:3].[N&D2&v3&H1&+0&R:1]	METHYL_DONOR_CoF;Any
1376_0	Any	[C&D2&v4&H1&+0&!R&z0:1]=[C&D2&v4&H1&+0&!R&z0:2]-[C&D3&v4&H0&+0&!R&z2:3]-[O&D1&v2&H1&+0&!R:4]>>[C&D1&v4&H2&+0&!R&z0:2]=[C&D2&v4&H1&+0&!R&z0:1].[O&D1&v2&H0&+0&!R:4]=[C&D2&v4&H0&+0&!R&z2:3]	Any;CO2
1364_0	Any;WATER;Any	[N&D2&v3&H1&+0&!R:1]-[O&D1&v2&H1&+0&!R:2].[O&D0&v2&H2&+0&!R:3].[c&D3&v4&H0&+0&R&z0:4]1:[c&D2&v4&H1&+0&R&z0:5]:[c&D2&v4&H1&+0&R&z0:6]:[c&D2&v4&H1&+0&R&z1:7]:[n&D3&v4&H0&+&R:8]:[c&D2&v4&H1&+0&R&z1:9]:1>>[C&D3&v4&H0&+0&R&z0:4]1=[C&D2&v4&H1&+0&R&z1:9]-[N&D3&v3&H0&+0&R:8]-[C&D2&v4&H1&+0&R&z1:7]=[C&D2&v4&H1&+0&R&z0:6]-[C&D2&v4&H2&+0&R&z0:5]-1.[N&D1&v3&H2&+0&!R:1].[O&D1&v2&H0&+0&!R:2]=[O&D1&v2&H0&+0&!R:3]	Any;Any;O2
1364_1	Any;WATER;NAD_CoF	[N&D2&v3&H1&+0&!R:1]-[O&D1&v2&H1&+0&!R:2].[O&D0&v2&H2&+0&!R:3].[c&D3&v4&H0&+0&R&z0:4]1:[c&D2&v4&H1&+0&R&z0:5]:[c&D2&v4&H1&+0&R&z0:6]:[c&D2&v4&H1&+0&R&z1:7]:[n&D3&v4&H0&+&R:8]:[c&D2&v4&H1&+0&R&z1:9]:1>>[C&D3&v4&H0&+0&R&z0:4]1=[C&D2&v4&H1&+0&R&z1:9]-[N&D3&v3&H0&+0&R:8]-[C&D2&v4&H1&+0&R&z1:7]=[C&D2&v4&H1&+0&R&z0:6]-[C&D2&v4&H2&+0&R&z0:5]-1.[N&D1&v3&H2&+0&!R:1].[O&D1&v2&H0&+0&!R:2]=[O&D1&v2&H0&+0&!R:3]	NADH_CoF;Any;O2
811_0	Any;Any;Pi	[C&D3&v4&H1&+0&!R&z0:1]-[C&D3&v4&H0&+0&!R&z2:2].[O&D1&v2&H1&+0&!R:3].[P&D4&v5&H0&+0&!R:4]-[O&D1&v2&H1&+0&!R:5]>>[C&D2&v4&H2&+0&!R&z0:1].[C&D3&v4&H0&+0&!R&z3:2]-[O&D1&v2&H1&+0&!R:5].[O&D2&v2&H0&+0&!R:3]-[P&D4&v5&H0&+0&!R:4]	Any;CO3;Any
811_1	Any;PHOSPHATE_ACCEPTOR_CoF;Pi	[C&D3&v4&H1&+0&!R&z0:1]-[C&D3&v4&H0&+0&!R&z2:2].[O&D1&v2&H1&+0&!R:3].[P&D4&v5&H0&+0&!R:4]-[O&D1&v2&H1&+0&!R:5]>>[C&D2&v4&H2&+0&!R&z0:1].[C&D3&v4&H0&+0&!R&z3:2]-[O&D1&v2&H1&+0&!R:5].[O&D2&v2&H0&+0&!R:3]-[P&D4&v5&H0&+0&!R:4]	Any;CO3;PHOSPHATE_DONOR_CoF
608_0	Any;WATER	[C&D3&v4&H0&+0&!R&z0:1]=[C&D2&v4&H1&+0&!R&z0:2].[O&D0&v2&H2&+0&!R:3]>>[C&D4&v4&H0&+0&!R&z1:1](-[O&D1&v2&H1&+0&!R:3])-[C&D2&v4&H2&+0&!R&z0:2]	Any
427_0	Any;WATER;CO2;Any	[C&D3&v4&H0&+0&!R&z2:1]-[O&D1&v2&H1&+0&!R:2].[O&D0&v2&H2&+0&!R:3].[O&D1&v2&H0&+0&!R:4]=[C&D2&v4&H0&+0&!R&z2:5].[c&D3&v4&H0&+0&R&z1:6]1:[o&D2&v2&H0&+0&R:7]:[c&D3&v4&H0&+0&R&z1:8]:[c&D3&v4&H0&+0&R&z0:9]:[c&D3&v4&H0&+0&R&z1:10]:[c&D3&v4&H0&+0&R&z1:11]:1-[O&D1&v2&H1&+0&!R:12]>>[C&D3&v4&H0&+0&!R&z1:1]-[C&D3&v4&H0&+0&!R&z2:5]-[O&D1&v2&H1&+0&!R:4].[C&D3&v4&H1&+0&R&z1:6]1-[O&D2&v2&H0&+0&R:7]-[c&D3&v4&H0&+0&R&z1:8]:[c&D3&v4&H0&+0&R&z0:9]-[C&D3&v4&H0&+0&R&z1:10]-[C&D3&v4&H1&+0&R&z1:11]-1-[O&D1&v2&H1&+0&!R:12].[O&D1&v2&H0&+0&!R:3]=[O&D1&v2&H0&+0&!R:2]	Any;Any;O2
745_0	Any	([O&D1&v2&H1&+0&!R:1].[O&D2&v2&H0&+0&!R:2]-[P&D4&v5&H0&+0&!R:3])>>([O&D1&v2&H1&+0&!R:2].[O&D2&v2&H0&+0&!R:1]-[P&D4&v5&H0&+0&!R:3])	Any
1323_0	Any;Any;Any;Any	[N&D1&v3&H2&+0&!R:1].[N&D1&v3&H2&+0&!R:2].[c&D3&v4&H0&+0&R&z0:3]1:[c&D2&v4&H1&+0&R&z0:4]:[c&D2&v4&H1&+0&R&z0:5]:[c&D2&v4&H1&+0&R&z1:6]:[n&D3&v4&H0&+&R:7]:[c&D2&v4&H1&+0&R&z1:8]:1.[c&D3&v4&H0&+0&R&z0:9]1:[c&D2&v4&H1&+0&R&z0:10]:[c&D2&v4&H1&+0&R&z0:11]:[c&D2&v4&H1&+0&R&z1:12]:[n&D3&v4&H0&+&R:13]:[c&D2&v4&H1&+0&R&z1:14]:1>>[C&D3&v4&H0&+0&R&z0:3]1=[C&D2&v4&H1&+0&R&z1:8]-[N&D3&v3&H0&+0&R:7]-[C&D2&v4&H1&+0&R&z1:6]=[C&D2&v4&H1&+0&R&z0:5]-[C&D2&v4&H2&+0&R&z0:4]-1.[C&D3&v4&H0&+0&R&z0:9]1=[C&D2&v4&H1&+0&R&z1:14]-[N&D3&v3&H0&+0&R:13]-[C&D2&v4&H1&+0&R&z1:12]=[C&D2&v4&H1&+0&R&z0:11]-[C&D2&v4&H2&+0&R&z0:10]-1.[N&D2&v3&H0&+0&!R:1]=[N&D2&v3&H0&+0&!R:2]	Any;Any;Any
1323_1	Any;Any;NAD_CoF;NAD_CoF	[N&D1&v3&H2&+0&!R:1].[N&D1&v3&H2&+0&!R:2].[c&D3&v4&H0&+0&R&z0:3]1:[c&D2&v4&H1&+0&R&z0:4]:[c&D2&v4&H1&+0&R&z0:5]:[c&D2&v4&H1&+0&R&z1:6]:[n&D3&v4&H0&+&R:7]:[c&D2&v4&H1&+0&R&z1:8]:1.[c&D3&v4&H0&+0&R&z0:9]1:[c&D2&v4&H1&+0&R&z0:10]:[c&D2&v4&H1&+0&R&z0:11]:[c&D2&v4&H1&+0&R&z1:12]:[n&D3&v4&H0&+&R:13]:[c&D2&v4&H1&+0&R&z1:14]:1>>[C&D3&v4&H0&+0&R&z0:3]1=[C&D2&v4&H1&+0&R&z1:8]-[N&D3&v3&H0&+0&R:7]-[C&D2&v4&H1&+0&R&z1:6]=[C&D2&v4&H1&+0&R&z0:5]-[C&D2&v4&H2&+0&R&z0:4]-1.[C&D3&v4&H0&+0&R&z0:9]1=[C&D2&v4&H1&+0&R&z1:14]-[N&D3&v3&H0&+0&R:13]-[C&D2&v4&H1&+0&R&z1:12]=[C&D2&v4&H1&+0&R&z0:11]-[C&D2&v4&H2&+0&R&z0:10]-1.[N&D2&v3&H0&+0&!R:1]=[N&D2&v3&H0&+0&!R:2]	NADH_CoF;NADH_CoF;Any
1227_0	Any;Any	[C&D2&v4&H2&+0&!R&z0:1]-[C&D2&v4&H1&+0&!R&z0:2]=[C&D2&v4&H1&+0&!R&z0:3]-[C&D2&v4&H2&+0&!R&z0:4].[c&D3&v4&H0&+0&R&z0:5]1:[c&D2&v4&H1&+0&R&z0:6]:[c&D2&v4&H1&+0&R&z0:7]:[c&D2&v4&H1&+0&R&z1:8]:[n&D3&v4&H0&+&R:9]:[c&D2&v4&H1&+0&R&z1:10]:1>>[C&D2&v4&H1&+0&!R&z0:1]=[C&D2&v4&H1&+0&!R&z0:2]-[C&D2&v4&H1&+0&!R&z0:3]=[C&D2&v4&H1&+0&!R&z0:4].[C&D3&v4&H0&+0&R&z0:5]1=[C&D2&v4&H1&+0&R&z1:10]-[N&D3&v3&H0&+0&R:9]-[C&D2&v4&H1&+0&R&z1:8]=[C&D2&v4&H1&+0&R&z0:7]-[C&D2&v4&H2&+0&R&z0:6]-1	Any;Any
1227_1	Any;NAD_CoF	[C&D2&v4&H2&+0&!R&z0:1]-[C&D2&v4&H1&+0&!R&z0:2]=[C&D2&v4&H1&+0&!R&z0:3]-[C&D2&v4&H2&+0&!R&z0:4].[c&D3&v4&H0&+0&R&z0:5]1:[c&D2&v4&H1&+0&R&z0:6]:[c&D2&v4&H1&+0&R&z0:7]:[c&D2&v4&H1&+0&R&z1:8]:[n&D3&v4&H0&+&R:9]:[c&D2&v4&H1&+0&R&z1:10]:1>>[C&D2&v4&H1&+0&!R&z0:1]=[C&D2&v4&H1&+0&!R&z0:2]-[C&D2&v4&H1&+0&!R&z0:3]=[C&D2&v4&H1&+0&!R&z0:4].[C&D3&v4&H0&+0&R&z0:5]1=[C&D2&v4&H1&+0&R&z1:10]-[N&D3&v3&H0&+0&R:9]-[C&D2&v4&H1&+0&R&z1:8]=[C&D2&v4&H1&+0&R&z0:7]-[C&D2&v4&H2&+0&R&z0:6]-1	Any;NADH_CoF
1787_0	Any;Any	[C&D3&v4&H1&+0&R&z2:1]-[O&D2&v2&H0&+0&!R:2].[c&D3&v4&H0&+0&R&z0:3]-[C&D3&v4&H0&+0&!R&z2:4]-[O&D1&v2&H1&+0&!R:5]>>[O&D1&v2&H0&+0&!R:5]=[C&D2&v4&H0&+0&!R&z2:4].[O&D1&v2&H1&+0&!R:2].[c&D3&v4&H0&+0&R&z0:3]-[C&D3&v4&H1&+0&R&z1:1]	CO2;PPI;Any
281_0	Any;Any	[N&D2&v3&H1&+0&!R:1]-[P&D4&v5&H0&+0&!R:2].[O&D1&v2&H1&+0&!R:3]>>[N&D1&v3&H2&+0&!R:1].[O&D2&v2&H0&+0&!R:3]-[P&D4&v5&H0&+0&!R:2]	Any;Any
281_1	Any;PHOSPHATE_ACCEPTOR_CoF	[N&D2&v3&H1&+0&!R:1]-[P&D4&v5&H0&+0&!R:2].[O&D1&v2&H1&+0&!R:3]>>[N&D1&v3&H2&+0&!R:1].[O&D2&v2&H0&+0&!R:3]-[P&D4&v5&H0&+0&!R:2]	Any;PHOSPHATE_DONOR_CoF
281_2	Any;PPI	[N&D2&v3&H1&+0&!R:1]-[P&D4&v5&H0&+0&!R:2].[O&D1&v2&H1&+0&!R:3]>>[N&D1&v3&H2&+0&!R:1].[O&D2&v2&H0&+0&!R:3]-[P&D4&v5&H0&+0&!R:2]	Any;Any
818_0	Any;CoA	[C&D3&v4&H1&+0&!R&z0:1](-[C&D3&v4&H0&+0&!R&z2:2](=[O&D1&v2&H0&+0&!R:3])-[O&D1&v2&H1&+0&!R:4])-[C&D3&v4&H1&+0&!R&z1:5]-[O&D1&v2&H1&+0&!R:6].[S&D1&v2&H1&+0&!R:7]>>[C&D2&v4&H2&+0&!R&z0:1]-[C&D3&v4&H0&+0&!R&z2:2](=[O&D1&v2&H0&+0&!R:3])-[S&D2&v2&H0&+0&!R:7].[O&D0&v2&H2&+0&!R:4].[O&D1&v2&H0&+0&!R:6]=[C&D2&v4&H1&+0&!R&z1:5]	Any;WATER;Any
1377_0	Any;Any	[C&D3&v4&H0&+0&!R&z2:1]-[O&D1&v2&H1&+0&!R:2].([C&D3&v4&H0&+0&!R&z2:3]-[O&D2&v2&H0&+0&!R:4].[O&D1&v2&H1&+0&!R:5])>>([C&D3&v4&H0&+0&!R&z2:3]-[O&D1&v2&H1&+0&!R:2].[O&D2&v2&H0&+0&!R:5]-[C&D3&v4&H0&+0&!R&z2:1]).[O&D1&v2&H1&+0&!R:4]	Any;Any
1965_0	Any;O2	[C&D3&v4&H1&+0&R&z0:1]-[C&D2&v4&H1&+0&R&z0:2]=[C&D2&v4&H1&+0&R&z0:3]-[C&D2&v4&H2&+0&R&z0:4].[O&D1&v2&H0&+0&!R:5]=[O&D1&v2&H0&+0&!R:6]>>[C&D3&v4&H0&+0&R&z0:1]=[C&D2&v4&H1&+0&R&z0:2]-[C&D2&v4&H1&+0&R&z0:3]=[C&D2&v4&H1&+0&R&z0:4].[O&D1&v2&H1&+0&!R:5]-[O&D1&v2&H1&+0&!R:6]	Any;H2O2
257_0	ACETYL-COA;Any	[C&D3&v4&H0&+0&!R&z2:1](=[O&D1&v2&H0&+0&!R:2])-[S&D2&v2&H0&+0&!R:3].[S&D1&v2&H1&+0&!R:4]>>[S&D1&v2&H1&+0&!R:3].[S&D2&v2&H0&+0&!R:4]-[C&D3&v4&H0&+0&!R&z2:1]=[O&D1&v2&H0&+0&!R:2]	CoA;Any
257_1	Any;Any	[C&D3&v4&H0&+0&!R&z2:1](=[O&D1&v2&H0&+0&!R:2])-[S&D2&v2&H0&+0&!R:3].[S&D1&v2&H1&+0&!R:4]>>[S&D1&v2&H1&+0&!R:3].[S&D2&v2&H0&+0&!R:4]-[C&D3&v4&H0&+0&!R&z2:1]=[O&D1&v2&H0&+0&!R:2]	Any;Any
257_2	Any;Any	[C&D3&v4&H0&+0&!R&z2:1](=[O&D1&v2&H0&+0&!R:2])-[S&D2&v2&H0&+0&!R:3].[S&D1&v2&H1&+0&!R:4]>>[S&D1&v2&H1&+0&!R:3].[S&D2&v2&H0&+0&!R:4]-[C&D3&v4&H0&+0&!R&z2:1]=[O&D1&v2&H0&+0&!R:2]	CoA;Any
257_3	Any;CoA	[C&D3&v4&H0&+0&!R&z2:1](=[O&D1&v2&H0&+0&!R:2])-[S&D2&v2&H0&+0&!R:3].[S&D1&v2&H1&+0&!R:4]>>[S&D1&v2&H1&+0&!R:3].[S&D2&v2&H0&+0&!R:4]-[C&D3&v4&H0&+0&!R&z2:1]=[O&D1&v2&H0&+0&!R:2]	Any;ACETYL-COA
257_4	Any;CoA	[C&D3&v4&H0&+0&!R&z2:1](=[O&D1&v2&H0&+0&!R:2])-[S&D2&v2&H0&+0&!R:3].[S&D1&v2&H1&+0&!R:4]>>[S&D1&v2&H1&+0&!R:3].[S&D2&v2&H0&+0&!R:4]-[C&D3&v4&H0&+0&!R&z2:1]=[O&D1&v2&H0&+0&!R:2]	Any;Any
400_0	Any;Any;CO2;Any	[C&D1&v4&H2&+0&!R&z1:1]=[O&D1&v2&H0&+0&!R:2].[C&D3&v4&H0&+0&!R&z2:3]-[O&D1&v2&H1&+0&!R:4].[O&D1&v2&H0&+0&!R:5]=[C&D2&v4&H0&+0&!R&z2:6].[O&D1&v2&H1&+0&!R:7]>>[C&D3&v4&H0&+0&!R&z1:3]-[C&D3&v4&H0&+0&!R&z2:6]-[O&D1&v2&H1&+0&!R:5].[O&D1&v2&H0&+0&!R:4]=[O&D1&v2&H0&+0&!R:2].[O&D2&v2&H0&+0&!R:7]-[C&D1&v4&H3&+0&!R&z1:1]	Any;O2;Any
1215_0	Any	([C&D2&v4&H1&+0&!R&z0:1]-[C&D2&v4&H2&+0&!R&z0:2]-[C&D2&v4&H1&+0&!R&z0:3]=[C&D2&v4&H1&+0&!R&z0:4]-[C&D2&v4&H1&+0&!R&z0:5]=[C&D2&v4&H1&+0&!R&z0:6].[O&D2&v2&H0&+0&!R:7]-[O&D1&v2&H1&+0&!R:8])>>[C&D2&v4&H1&+0&!R&z0:1]-[C&D2&v4&H1&+0&!R&z0:2]=[C&D2&v4&H1&+0&!R&z0:3]-[C&D2&v4&H1&+0&!R&z0:4]=[C&D2&v4&H1&+0&!R&z0:5]-[C&D3&v4&H1&+0&R&z1:6]-[O&D2&v2&H0&+0&R:7].[O&D0&v2&H2&+0&!R:8]	Any;WATER
318_0	Any	[C&D2&v4&H1&+0&!R&z0:1]=[C&D2&v4&H1&+0&!R&z0:2]-[C&D2&v4&H2&+0&!R&z0:3]>>[C&D2&v4&H2&+0&!R&z0:1]-[C&D2&v4&H1&+0&!R&z0:2]=[C&D2&v4&H1&+0&!R&z0:3]	Any
650_0	Any;Any;Any	[C&D3&v4&H0&+0&!R&z1:1]=[O&D1&v2&H0&+0&!R:2].[C&D3&v4&H0&+0&R&z0:3]1=[C&D2&v4&H1&+0&R&z1:4]-[N&D3&v3&H0&+0&R:5]-[C&D2&v4&H1&+0&R&z1:6]=[C&D2&v4&H1&+0&R&z0:7]-[C&D2&v4&H2&+0&R&z0:8]-1.[N&D1&v3&H2&+0&!R:9]>>[N&D2&v3&H1&+0&!R:9]-[C&D3&v4&H1&+0&!R&z1:1].[O&D0&v2&H2&+0&!R:2].[c&D3&v4&H0&+0&R&z0:3]1:[c&D2&v4&H1&+0&R&z0:8]:[c&D2&v4&H1&+0&R&z0:7]:[c&D2&v4&H1&+0&R&z1:6]:[n&D3&v4&H0&+&R:5]:[c&D2&v4&H1&+0&R&z1:4]:1	Any;WATER;Any
650_1	Any;NADH_CoF;Any	[C&D3&v4&H0&+0&!R&z1:1]=[O&D1&v2&H0&+0&!R:2].[C&D3&v4&H0&+0&R&z0:3]1=[C&D2&v4&H1&+0&R&z1:4]-[N&D3&v3&H0&+0&R:5]-[C&D2&v4&H1&+0&R&z1:6]=[C&D2&v4&H1&+0&R&z0:7]-[C&D2&v4&H2&+0&R&z0:8]-1.[N&D1&v3&H2&+0&!R:9]>>[N&D2&v3&H1&+0&!R:9]-[C&D3&v4&H1&+0&!R&z1:1].[O&D0&v2&H2&+0&!R:2].[c&D3&v4&H0&+0&R&z0:3]1:[c&D2&v4&H1&+0&R&z0:8]:[c&D2&v4&H1&+0&R&z0:7]:[c&D2&v4&H1&+0&R&z1:6]:[n&D3&v4&H0&+&R:5]:[c&D2&v4&H1&+0&R&z1:4]:1	Any;WATER;NAD_CoF
263_0	Any;Any	[C&D3&v4&H0&+0&!R&z1:1]-[C&D3&v4&H0&+0&!R&z2:2]-[O&D1&v2&H1&+0&!R:3].[S&D2&v2&H0&+0&R:4]-[S&D2&v2&H0&+0&R:5]>>[O&D1&v2&H0&+0&!R:3]=[C&D2&v4&H0&+0&!R&z2:2].([S&D1&v2&H1&+0&!R:5].[S&D2&v2&H0&+0&!R:4]-[C&D3&v4&H0&+0&!R&z2:1])	CO2;Any
753_0	Any;Any	[C&D3&v4&H0&+0&!R&z1:1]=[O&D1&v2&H0&+0&!R:2].[C&D3&v4&H1&+0&R&z1:3]-[N&D1&v3&H2&+0&!R:4]>>[C&D3&v4&H0&+0&R&z1:3]=[O&D1&v2&H0&+0&!R:2].[N&D1&v3&H2&+0&!R:4]-[C&D3&v4&H1&+0&!R&z1:1]	Any;Any
753_1	CARBONYL_CoF;Any	[C&D3&v4&H0&+0&!R&z1:1]=[O&D1&v2&H0&+0&!R:2].[C&D3&v4&H1&+0&R&z1:3]-[N&D1&v3&H2&+0&!R:4]>>[C&D3&v4&H0&+0&R&z1:3]=[O&D1&v2&H0&+0&!R:2].[N&D1&v3&H2&+0&!R:4]-[C&D3&v4&H1&+0&!R&z1:1]	Any;AMINO_CoF
704_0	Any;WATER	[C&D3&v4&H0&+0&!R&z1:1]-[C&D2&v4&H1&+0&!R&z0:2].[O&D0&v2&H2&+0&!R:3]>>[C&D1&v4&H2&+0&!R&z0:2].[C&D3&v4&H0&+0&!R&z2:1]-[O&D1&v2&H1&+0&!R:3]	Any;Any
1033_0	Any;Any	[C&D2&v4&H1&+0&!R&z1:1]=[O&D1&v2&H0&+0&!R:2].[C&D2&v4&H2&+0&!R&z1:3]>>[C&D3&v4&H1&+0&!R&z1:1](-[O&D1&v2&H1&+0&!R:2])-[C&D3&v4&H1&+0&!R&z1:3]	Any
142_0	Any;Any	[C&D1&v4&H3&+0&!R&z1:1]-[S&D3&v3&H0&+&!R:2].[n&D2&v3&H0&+0&R:3]>>[S&D2&v2&H0&+0&!R:2].[n&D3&v4&H0&+&R:3]-[C&D1&v4&H3&+0&!R&z1:1]	Any;Any
142_1	METHYL_DONOR_CoF;Any	[C&D1&v4&H3&+0&!R&z1:1]-[S&D3&v3&H0&+&!R:2].[n&D2&v3&H0&+0&R:3]>>[S&D2&v2&H0&+0&!R:2].[n&D3&v4&H0&+&R:3]-[C&D1&v4&H3&+0&!R&z1:1]	METHYL_ACCEPTOR_CoF;Any
1335_0	Any;Any	[C&D1&v4&H3&+0&!R&z1:1]-[N&D3&v3&H0&+0&R:2].[S&D1&v2&H1&+0&!R:3]>>[C&D1&v4&H3&+0&!R&z1:1]-[S&D2&v2&H0&+0&!R:3].[N&D2&v3&H1&+0&R:2]	Any;Any
1219_0	Any;Any;O2	[C&D2&v4&H2&+0&!R&z0:1].[C&D3&v4&H0&+0&R&z0:2]1=[C&D2&v4&H1&+0&R&z1:3]-[N&D3&v3&H0&+0&R:4]-[C&D2&v4&H1&+0&R&z1:5]=[C&D2&v4&H1&+0&R&z0:6]-[C&D2&v4&H2&+0&R&z0:7]-1.[O&D1&v2&H0&+0&!R:8]=[O&D1&v2&H0&+0&!R:9]>>[C&D3&v4&H1&+0&!R&z1:1]-[O&D1&v2&H1&+0&!R:8].[O&D0&v2&H2&+0&!R:9].[c&D3&v4&H0&+0&R&z0:2]1:[c&D2&v4&H1&+0&R&z0:7]:[c&D2&v4&H1&+0&R&z0:6]:[c&D2&v4&H1&+0&R&z1:5]:[n&D3&v4&H0&+&R:4]:[c&D2&v4&H1&+0&R&z1:3]:1	Any;WATER;Any
1219_1	Any;NADH_CoF;O2	[C&D2&v4&H2&+0&!R&z0:1].[C&D3&v4&H0&+0&R&z0:2]1=[C&D2&v4&H1&+0&R&z1:3]-[N&D3&v3&H0&+0&R:4]-[C&D2&v4&H1&+0&R&z1:5]=[C&D2&v4&H1&+0&R&z0:6]-[C&D2&v4&H2&+0&R&z0:7]-1.[O&D1&v2&H0&+0&!R:8]=[O&D1&v2&H0&+0&!R:9]>>[C&D3&v4&H1&+0&!R&z1:1]-[O&D1&v2&H1&+0&!R:8].[O&D0&v2&H2&+0&!R:9].[c&D3&v4&H0&+0&R&z0:2]1:[c&D2&v4&H1&+0&R&z0:7]:[c&D2&v4&H1&+0&R&z0:6]:[c&D2&v4&H1&+0&R&z1:5]:[n&D3&v4&H0&+&R:4]:[c&D2&v4&H1&+0&R&z1:3]:1	Any;WATER;NAD_CoF
877_0	Any;Any	[C&D2&v4&H1&+0&!R&z1:1]=[O&D1&v2&H0&+0&!R:2].[C&D2&v4&H1&+0&!R&z2:3]>>[C&D3&v4&H1&+0&!R&z1:1](-[O&D1&v2&H1&+0&!R:2])-[C&D3&v4&H0&+0&!R&z2:3]	Any
348_0	Any;Any	[O&D1&v2&H1&+0&!R:1].[S&D2&v2&H0&+0&!R:2]-[C&D2&v4&H2&+0&!R&z1:3]>>[C&D2&v4&H2&+0&!R&z1:3]-[O&D2&v2&H0&+0&!R:1].[S&D1&v2&H1&+0&!R:2]	Any;Any
348_1	PPI;Any	[O&D1&v2&H1&+0&!R:1].[S&D2&v2&H0&+0&!R:2]-[C&D2&v4&H2&+0&!R&z1:3]>>[C&D2&v4&H2&+0&!R&z1:3]-[O&D2&v2&H0&+0&!R:1].[S&D1&v2&H1&+0&!R:2]	Any;Any
348_2	Pi;Any	[O&D1&v2&H1&+0&!R:1].[S&D2&v2&H0&+0&!R:2]-[C&D2&v4&H2&+0&!R&z1:3]>>[C&D2&v4&H2&+0&!R&z1:3]-[O&D2&v2&H0&+0&!R:1].[S&D1&v2&H1&+0&!R:2]	Any;Any
1605_0	Any;Any	[C&D3&v4&H0&+0&R&z0:1]1=[C&D2&v4&H1&+0&R&z1:2]-[N&D3&v3&H0&+0&R:3]-[C&D2&v4&H1&+0&R&z1:4]=[C&D2&v4&H1&+0&R&z0:5]-[C&D2&v4&H2&+0&R&z0:6]-1.[c&D3&v4&H0&+0&R&z1:7](:[c&D3&v4&H0&+0&R&z2:8]=[N&D2&v3&H0&+0&R:9])=[N&D2&v3&H0&+0&R:10]>>[c&D3&v4&H0&+0&R&z0:1]1:[c&D2&v4&H1&+0&R&z0:6]:[c&D2&v4&H1&+0&R&z0:5]:[c&D2&v4&H1&+0&R&z1:4]:[n&D3&v4&H0&+&R:3]:[c&D2&v4&H1&+0&R&z1:2]:1.[c&D3&v4&H0&+0&R&z1:7](:[c&D3&v4&H0&+0&R&z2:8]-[N&D2&v3&H1&+0&R:9])-[N&D2&v3&H1&+0&R:10]	Any;Any
1605_1	NADH_CoF;Any	[C&D3&v4&H0&+0&R&z0:1]1=[C&D2&v4&H1&+0&R&z1:2]-[N&D3&v3&H0&+0&R:3]-[C&D2&v4&H1&+0&R&z1:4]=[C&D2&v4&H1&+0&R&z0:5]-[C&D2&v4&H2&+0&R&z0:6]-1.[c&D3&v4&H0&+0&R&z1:7](:[c&D3&v4&H0&+0&R&z2:8]=[N&D2&v3&H0&+0&R:9])=[N&D2&v3&H0&+0&R:10]>>[c&D3&v4&H0&+0&R&z0:1]1:[c&D2&v4&H1&+0&R&z0:6]:[c&D2&v4&H1&+0&R&z0:5]:[c&D2&v4&H1&+0&R&z1:4]:[n&D3&v4&H0&+&R:3]:[c&D2&v4&H1&+0&R&z1:2]:1.[c&D3&v4&H0&+0&R&z1:7](:[c&D3&v4&H0&+0&R&z2:8]-[N&D2&v3&H1&+0&R:9])-[N&D2&v3&H1&+0&R:10]	NAD_CoF;Any
1863_0	WATER;Any	[O&D0&v2&H2&+0&!R:1].[P&D4&v5&H0&+0&!R:2]-[N&D1&v3&H2&+0&!R:3]>>[N&D0&v3&H3&+0&!R:3].[P&D4&v5&H0&+0&!R:2]-[O&D1&v2&H1&+0&!R:1]	NH3;Any
1003_0	Any;WATER	[C&D3&v4&H1&+0&!R&z0:1]-[C&D3&v4&H0&+0&!R&z1:2]=[O&D1&v2&H0&+0&!R:3].[O&D0&v2&H2&+0&!R:4]>>[C&D4&v4&H0&+0&!R&z1:1](-[O&D1&v2&H1&+0&!R:4])-[C&D3&v4&H1&+0&!R&z1:2]-[O&D1&v2&H1&+0&!R:3]	Any
232_0	Any;Any	[N&D2&v3&H1&+0&!R:1]-[C&D3&v4&H1&+0&R&z2:2].[O&D1&v2&H1&+0&!R:3]>>[N&D1&v3&H2&+0&!R:1].[O&D2&v2&H0&+0&!R:3]-[C&D3&v4&H1&+0&R&z2:2]	Any;Any
232_1	Any;GLUCOSYL_ACCEPTOR_CoF	[N&D2&v3&H1&+0&!R:1]-[C&D3&v4&H1&+0&R&z2:2].[O&D1&v2&H1&+0&!R:3]>>[N&D1&v3&H2&+0&!R:1].[O&D2&v2&H0&+0&!R:3]-[C&D3&v4&H1&+0&R&z2:2]	Any;GLUCOSYL_DONOR_CoF
232_2	Any;PPI	[N&D2&v3&H1&+0&!R:1]-[C&D3&v4&H1&+0&R&z2:2].[O&D1&v2&H1&+0&!R:3]>>[N&D1&v3&H2&+0&!R:1].[O&D2&v2&H0&+0&!R:3]-[C&D3&v4&H1&+0&R&z2:2]	Any;Any
867_0	Any;O2	[C&D2&v4&H2&+0&!R&z0:1]-[C&D2&v4&H2&+0&!R&z0:2].[O&D1&v2&H0&+0&!R:3]=[O&D1&v2&H0&+0&!R:4]>>[C&D2&v4&H1&+0&!R&z0:1]=[C&D2&v4&H1&+0&!R&z0:2].[O&D1&v2&H1&+0&!R:3]-[O&D1&v2&H1&+0&!R:4]	Any;H2O2
1089_0	Any;Any	[C&D3&v4&H0&+0&R&z1:1]1=[C&D3&v4&H0&+0&R&z1:2]-[C&D3&v4&H0&+0&R&z1:3](=[O&D1&v2&H0&+0&!R:4])-[C&D3&v4&H0&+0&R&z1:5]=[C&D3&v4&H0&+0&R&z1:6]-[C&D3&v4&H0&+0&R&z1:7]-1=[O&D1&v2&H0&+0&!R:8].[C&D3&v4&H1&+0&!R&z1:9]-[O&D1&v2&H1&+0&!R:10]>>[C&D3&v4&H0&+0&!R&z1:9]=[O&D1&v2&H0&+0&!R:10].[c&D3&v4&H0&+0&R&z1:1]1:[c&D3&v4&H0&+0&R&z1:2]:[c&D3&v4&H0&+0&R&z1:3](-[O&D1&v2&H1&+0&!R:4]):[c&D3&v4&H0&+0&R&z1:5]:[c&D3&v4&H0&+0&R&z1:6]:[c&D3&v4&H0&+0&R&z1:7]:1-[O&D1&v2&H1&+0&!R:8]	Any;Any
325_0	Any;WATER;ACETYL-COA	[C&D3&v4&H0&+0&!R&z1:1]=[O&D1&v2&H0&+0&!R:2].[O&D0&v2&H2&+0&!R:3].[S&D2&v2&H0&+0&!R:4]-[C&D3&v4&H0&+0&!R&z2:5](-[C&D1&v4&H3&+0&!R&z0:6])=[O&D1&v2&H0&+0&!R:7]>>[C&D4&v4&H0&+0&!R&z1:1](-[O&D1&v2&H1&+0&!R:2])-[C&D2&v4&H2&+0&!R&z0:6]-[C&D3&v4&H0&+0&!R&z2:5](=[O&D1&v2&H0&+0&!R:7])-[O&D1&v2&H1&+0&!R:3].[S&D1&v2&H1&+0&!R:4]	Any;CoA
325_1	Any;WATER;Any	[C&D3&v4&H0&+0&!R&z1:1]=[O&D1&v2&H0&+0&!R:2].[O&D0&v2&H2&+0&!R:3].[S&D2&v2&H0&+0&!R:4]-[C&D3&v4&H0&+0&!R&z2:5](-[C&D1&v4&H3&+0&!R&z0:6])=[O&D1&v2&H0&+0&!R:7]>>[C&D4&v4&H0&+0&!R&z1:1](-[O&D1&v2&H1&+0&!R:2])-[C&D2&v4&H2&+0&!R&z0:6]-[C&D3&v4&H0&+0&!R&z2:5](=[O&D1&v2&H0&+0&!R:7])-[O&D1&v2&H1&+0&!R:3].[S&D1&v2&H1&+0&!R:4]	Any;Any
993_0	Any;Any	[C&D3&v4&H0&+0&!R&z0:1]=[C&D2&v4&H1&+0&!R&z0:2]-[C&D2&v4&H2&+0&!R&z1:3]-[O&D2&v2&H0&+0&!R:4].([N&D2&v3&H1&+0&R:5].[c&D3&v4&H0&+0&R&z0:6]1:[c&D2&v4&H1&+0&R&z1:7]:[n&D2&v3&H1&+0&R:8]:[c&D3&v4&H0&+0&R&z1:9]:[c&D3&v4&H0&+0&R&z0:10]:1)>>[C&D1&v4&H2&+0&!R&z0:3]=[C&D2&v4&H1&+0&!R&z0:2]-[C&D4&v4&H0&+0&!R&z0:1]-[C&D4&v4&H0&+0&R&z0:6]1-[C&D3&v4&H1&+0&R&z2:7](-[N&D3&v3&H0&+0&R:5])-[N&D2&v3&H1&+0&R:8]-[c&D3&v4&H0&+0&R&z1:9]:[c&D3&v4&H0&+0&R&z0:10]-1.[O&D1&v2&H1&+0&!R:4]	Any;PPI
993_1	PRENYL_DONOR_CoF;Any	[C&D3&v4&H0&+0&!R&z0:1]=[C&D2&v4&H1&+0&!R&z0:2]-[C&D2&v4&H2&+0&!R&z1:3]-[O&D2&v2&H0&+0&!R:4].([N&D2&v3&H1&+0&R:5].[c&D3&v4&H0&+0&R&z0:6]1:[c&D2&v4&H1&+0&R&z1:7]:[n&D2&v3&H1&+0&R:8]:[c&D3&v4&H0&+0&R&z1:9]:[c&D3&v4&H0&+0&R&z0:10]:1)>>[C&D1&v4&H2&+0&!R&z0:3]=[C&D2&v4&H1&+0&!R&z0:2]-[C&D4&v4&H0&+0&!R&z0:1]-[C&D4&v4&H0&+0&R&z0:6]1-[C&D3&v4&H1&+0&R&z2:7](-[N&D3&v3&H0&+0&R:5])-[N&D2&v3&H1&+0&R:8]-[c&D3&v4&H0&+0&R&z1:9]:[c&D3&v4&H0&+0&R&z0:10]-1.[O&D1&v2&H1&+0&!R:4]	Any;PRENYL_ACCEPTOR_CoF
218_0	Any;Any	[N&D3&v3&H0&+0&!R:1]-[C&D1&v4&H3&+0&!R&z1:2].[S&D2&v2&H0&+0&!R:3]>>[C&D1&v4&H3&+0&!R&z1:2]-[S&D3&v3&H0&+&!R:3].[N&D2&v3&H1&+0&!R:1]	Any;Any
218_1	Any;METHYL_ACCEPTOR_CoF	[N&D3&v3&H0&+0&!R:1]-[C&D1&v4&H3&+0&!R&z1:2].[S&D2&v2&H0&+0&!R:3]>>[C&D1&v4&H3&+0&!R&z1:2]-[S&D3&v3&H0&+&!R:3].[N&D2&v3&H1&+0&!R:1]	METHYL_DONOR_CoF;Any
548_0	Any	([C&D4&v4&H0&+0&!R&z1:1]-[S&D2&v2&H0&+0&!R:2].[O&D1&v2&H1&+0&!R:3])>>[C&D4&v4&H0&+0&R&z1:1]-[O&D2&v2&H0&+0&R:3].[S&D1&v2&H1&+0&!R:2]	Any;Any
1989_0	Any	[O&D1&v2&H0&+0&!R:1]=[C&D3&v4&H0&+0&!R&z2:2]-[C&D2&v4&H1&+0&!R&z0:3]=[C&D2&v4&H1&+0&!R&z0:4]-[C&D3&v4&H0&+0&!R&z1:5]=[C&D2&v4&H1&+0&!R&z0:6]-[C&D3&v4&H0&+0&!R&z2:7]=[O&D1&v2&H0&+0&!R:8]>>[O&D1&v2&H0&+0&!R:1]=[O&D1&v2&H0&+0&!R:8].[c&D3&v4&H0&+0&R&z1:5]1:[c&D2&v4&H1&+0&R&z0:4]:[c&D2&v4&H1&+0&R&z0:3]:[c&D3&v4&H0&+0&R&z1:2]:[c&D3&v4&H0&+0&R&z1:7]:[c&D2&v4&H1&+0&R&z0:6]:1	O2;Any
1545_0	Any	[C&D3&v4&H0&+0&!R&z1:1](=[C&D2&v4&H1&+0&!R&z0:2]-[C&D2&v4&H1&+0&!R&z0:3]=[C&D3&v4&H0&+0&!R&z1:4]-[C&D2&v4&H1&+0&!R&z1:5]=[O&D1&v2&H0&+0&!R:6])-[C&D3&v4&H0&+0&!R&z2:7]=[O&D1&v2&H0&+0&!R:8]>>[O&D1&v2&H0&+0&!R:6]=[O&D1&v2&H0&+0&!R:8].[c&D3&v4&H0&+0&R&z1:1]1:[c&D2&v4&H1&+0&R&z0:2]:[c&D2&v4&H1&+0&R&z0:3]:[c&D3&v4&H0&+0&R&z1:4]:[c&D2&v4&H1&+0&R&z0:5]:[c&D3&v4&H0&+0&R&z1:7]:1	O2;Any
503_0	Any;WATER;Any	[C&D3&v4&H1&+0&R&z1:1]-[O&D1&v2&H1&+0&!R:2].[O&D0&v2&H2&+0&!R:3].[c&D3&v4&H0&+0&R&z0:4]1:[c&D2&v4&H1&+0&R&z0:5]:[c&D2&v4&H1&+0&R&z0:6]:[c&D2&v4&H1&+0&R&z1:7]:[n&D3&v4&H0&+&R:8]:[c&D2&v4&H1&+0&R&z1:9]:1>>[C&D2&v4&H2&+0&R&z0:1].[C&D3&v4&H0&+0&R&z0:4]1=[C&D2&v4&H1&+0&R&z1:9]-[N&D3&v3&H0&+0&R:8]-[C&D2&v4&H1&+0&R&z1:7]=[C&D2&v4&H1&+0&R&z0:6]-[C&D2&v4&H2&+0&R&z0:5]-1.[O&D1&v2&H0&+0&!R:2]=[O&D1&v2&H0&+0&!R:3]	Any;Any;O2
503_1	Any;WATER;NAD_CoF	[C&D3&v4&H1&+0&R&z1:1]-[O&D1&v2&H1&+0&!R:2].[O&D0&v2&H2&+0&!R:3].[c&D3&v4&H0&+0&R&z0:4]1:[c&D2&v4&H1&+0&R&z0:5]:[c&D2&v4&H1&+0&R&z0:6]:[c&D2&v4&H1&+0&R&z1:7]:[n&D3&v4&H0&+&R:8]:[c&D2&v4&H1&+0&R&z1:9]:1>>[C&D2&v4&H2&+0&R&z0:1].[C&D3&v4&H0&+0&R&z0:4]1=[C&D2&v4&H1&+0&R&z1:9]-[N&D3&v3&H0&+0&R:8]-[C&D2&v4&H1&+0&R&z1:7]=[C&D2&v4&H1&+0&R&z0:6]-[C&D2&v4&H2&+0&R&z0:5]-1.[O&D1&v2&H0&+0&!R:2]=[O&D1&v2&H0&+0&!R:3]	Any;NADH_CoF;O2
1130_0	Any;Any	[C&D3&v4&H1&+0&R&z1:1]-[C&D1&v4&H3&+0&!R&z0:2].[c&D3&v4&H0&+0&R&z0:3]1:[c&D2&v4&H1&+0&R&z0:4]:[c&D2&v4&H1&+0&R&z0:5]:[c&D2&v4&H1&+0&R&z1:6]:[n&D3&v4&H0&+&R:7]:[c&D2&v4&H1&+0&R&z1:8]:1>>[C&D1&v4&H2&+0&!R&z0:2]=[C&D3&v4&H0&+0&R&z1:1].[C&D3&v4&H0&+0&R&z0:3]1=[C&D2&v4&H1&+0&R&z1:8]-[N&D3&v3&H0&+0&R:7]-[C&D2&v4&H1&+0&R&z1:6]=[C&D2&v4&H1&+0&R&z0:5]-[C&D2&v4&H2&+0&R&z0:4]-1	Any;Any
1130_1	Any;NAD_CoF	[C&D3&v4&H1&+0&R&z1:1]-[C&D1&v4&H3&+0&!R&z0:2].[c&D3&v4&H0&+0&R&z0:3]1:[c&D2&v4&H1&+0&R&z0:4]:[c&D2&v4&H1&+0&R&z0:5]:[c&D2&v4&H1&+0&R&z1:6]:[n&D3&v4&H0&+&R:7]:[c&D2&v4&H1&+0&R&z1:8]:1>>[C&D1&v4&H2&+0&!R&z0:2]=[C&D3&v4&H0&+0&R&z1:1].[C&D3&v4&H0&+0&R&z0:3]1=[C&D2&v4&H1&+0&R&z1:8]-[N&D3&v3&H0&+0&R:7]-[C&D2&v4&H1&+0&R&z1:6]=[C&D2&v4&H1&+0&R&z0:5]-[C&D2&v4&H2&+0&R&z0:4]-1	Any;NADH_CoF
815_0	Any	[C&D3&v4&H1&+0&!R&z0:1]-[C&D4&v4&H0&+0&!R&z1:2]-[O&D1&v2&H1&+0&!R:3]>>[C&D3&v4&H0&+0&!R&z0:1]=[C&D3&v4&H0&+0&!R&z0:2].[O&D0&v2&H2&+0&!R:3]	Any;WATER
1530_0	Any;Any	[C&D3&v4&H0&+0&!R&z3:1]-[N&D2&v3&H1&+0&!R:2].[N&D1&v3&H2&+0&!R:3]>>[C&D3&v4&H0&+0&!R&z3:1]-[N&D2&v3&H1&+0&!R:3].[N&D1&v3&H2&+0&!R:2]	Any;Any
1680_0	Any;Any	[O&D1&v2&H1&+0&!R:1]-[C&D3&v4&H1&+0&R&z1:2]1-[C&D2&v4&H1&+0&R&z0:3]=[C&D2&v4&H1&+0&R&z0:4]-[C&D2&v4&H1&+0&R&z0:5]=[C&D3&v4&H0&+0&R&z0:6]-[C&D3&v4&H1&+0&R&z1:7]-1-[O&D1&v2&H1&+0&!R:8].[c&D3&v4&H0&+0&R&z0:9]1:[c&D2&v4&H1&+0&R&z0:10]:[c&D2&v4&H1&+0&R&z0:11]:[c&D2&v4&H1&+0&R&z1:12]:[n&D3&v4&H0&+&R:13]:[c&D2&v4&H1&+0&R&z1:14]:1>>[C&D3&v4&H0&+0&R&z0:9]1=[C&D2&v4&H1&+0&R&z1:14]-[N&D3&v3&H0&+0&R:13]-[C&D2&v4&H1&+0&R&z1:12]=[C&D2&v4&H1&+0&R&z0:11]-[C&D2&v4&H2&+0&R&z0:10]-1.[O&D1&v2&H0&+0&!R:8]=[O&D1&v2&H0&+0&!R:1].[c&D2&v4&H1&+0&R&z0:3]1:[c&D2&v4&H1&+0&R&z0:4]:[c&D2&v4&H1&+0&R&z0:5]:[c&D3&v4&H0&+0&R&z0:6]:[c&D2&v4&H1&+0&R&z0:7]:[c&D2&v4&H1&+0&R&z0:2]:1	Any;O2;Any
1680_1	Any;NAD_CoF	[O&D1&v2&H1&+0&!R:1]-[C&D3&v4&H1&+0&R&z1:2]1-[C&D2&v4&H1&+0&R&z0:3]=[C&D2&v4&H1&+0&R&z0:4]-[C&D2&v4&H1&+0&R&z0:5]=[C&D3&v4&H0&+0&R&z0:6]-[C&D3&v4&H1&+0&R&z1:7]-1-[O&D1&v2&H1&+0&!R:8].[c&D3&v4&H0&+0&R&z0:9]1:[c&D2&v4&H1&+0&R&z0:10]:[c&D2&v4&H1&+0&R&z0:11]:[c&D2&v4&H1&+0&R&z1:12]:[n&D3&v4&H0&+&R:13]:[c&D2&v4&H1&+0&R&z1:14]:1>>[C&D3&v4&H0&+0&R&z0:9]1=[C&D2&v4&H1&+0&R&z1:14]-[N&D3&v3&H0&+0&R:13]-[C&D2&v4&H1&+0&R&z1:12]=[C&D2&v4&H1&+0&R&z0:11]-[C&D2&v4&H2&+0&R&z0:10]-1.[O&D1&v2&H0&+0&!R:8]=[O&D1&v2&H0&+0&!R:1].[c&D2&v4&H1&+0&R&z0:3]1:[c&D2&v4&H1&+0&R&z0:4]:[c&D2&v4&H1&+0&R&z0:5]:[c&D3&v4&H0&+0&R&z0:6]:[c&D2&v4&H1&+0&R&z0:7]:[c&D2&v4&H1&+0&R&z0:2]:1	NADH_CoF;O2;Any
135_0	Any;Any	[O&D2&v2&H0&+0&!R:1]-[C&D3&v4&H1&+0&R&z2:2].[n&D2&v3&H1&+0&R:3]>>[O&D1&v2&H1&+0&!R:1].[n&D3&v3&H0&+0&R:3]-[C&D3&v4&H1&+0&R&z2:2]	Any;Any
135_1	Any;Any	[O&D2&v2&H0&+0&!R:1]-[C&D3&v4&H1&+0&R&z2:2].[n&D2&v3&H1&+0&R:3]>>[O&D1&v2&H1&+0&!R:1].[n&D3&v3&H0&+0&R:3]-[C&D3&v4&H1&+0&R&z2:2]	PPI;Any
135_2	Any;Any	[O&D2&v2&H0&+0&!R:1]-[C&D3&v4&H1&+0&R&z2:2].[n&D2&v3&H1&+0&R:3]>>[O&D1&v2&H1&+0&!R:1].[n&D3&v3&H0&+0&R:3]-[C&D3&v4&H1&+0&R&z2:2]	Pi;Any
135_3	GLUCOSYL_DONOR_CoF;Any	[O&D2&v2&H0&+0&!R:1]-[C&D3&v4&H1&+0&R&z2:2].[n&D2&v3&H1&+0&R:3]>>[O&D1&v2&H1&+0&!R:1].[n&D3&v3&H0&+0&R:3]-[C&D3&v4&H1&+0&R&z2:2]	GLUCOSYL_ACCEPTOR_CoF;Any
1995_0	O2;Any	[O&D1&v2&H0&+0&!R:1]=[O&D1&v2&H0&+0&!R:2].[c&D3&v4&H0&+0&R&z0:3]1:[c&D2&v4&H1&+0&R&z0:4]:[c&D2&v4&H1&+0&R&z0:5]:[c&D2&v4&H1&+0&R&z0:6]:[c&D3&v4&H0&+0&R&z1:7]:[c&D3&v4&H0&+0&R&z1:8]:1>>[C&D3&v4&H0&+0&!R&z1:3](=[O&D1&v2&H0&+0&!R:1])-[C&D2&v4&H1&+0&!R&z0:4]=[C&D2&v4&H1&+0&!R&z0:5]-[C&D2&v4&H1&+0&!R&z0:6]=[C&D3&v4&H0&+0&!R&z1:7]-[C&D3&v4&H0&+0&!R&z2:8]=[O&D1&v2&H0&+0&!R:2]	Any
248_0	Any;Any	[C&D3&v4&H0&+0&!R&z2:1]-[N&D1&v3&H2&+0&!R:2].[N&D1&v3&H2&+0&!R:3]>>[N&D0&v3&H3&+0&!R:2].[N&D2&v3&H1&+0&!R:3]-[C&D3&v4&H0&+0&!R&z2:1]	NH3;Any
452_0	Any;H2O2	[C&D1&v4&H2&+0&!R&z0:1]=[C&D3&v4&H0&+0&!R&z0:2]-[C&D3&v4&H1&+0&R&z0:3]-[C&D3&v4&H1&+0&R&z0:4].[O&D1&v2&H1&+0&!R:5]-[O&D1&v2&H1&+0&!R:6]>>([C&D2&v4&H1&+0&!R&z0:3]=[C&D3&v4&H0&+0&!R&z0:2]-[C&D1&v4&H3&+0&!R&z0:1].[C&D2&v4&H2&+0&!R&z0:4]).[O&D1&v2&H0&+0&!R:5]=[O&D1&v2&H0&+0&!R:6]	Any;O2
29_0	Any;Any	[C&D3&v4&H1&+0&R&z2:1]-[O&D2&v2&H0&+0&!R:2].[O&D1&v2&H1&+0&!R:3]>>[O&D1&v2&H1&+0&!R:2].[O&D2&v2&H0&+0&!R:3]-[C&D3&v4&H1&+0&R&z2:1]	Any;Any
29_1	Any;Pi	[C&D3&v4&H1&+0&R&z2:1]-[O&D2&v2&H0&+0&!R:2].[O&D1&v2&H1&+0&!R:3]>>[O&D1&v2&H1&+0&!R:2].[O&D2&v2&H0&+0&!R:3]-[C&D3&v4&H1&+0&R&z2:1]	Any;Any
29_2	GLUCOSYL_DONOR_CoF;Any	[C&D3&v4&H1&+0&R&z2:1]-[O&D2&v2&H0&+0&!R:2].[O&D1&v2&H1&+0&!R:3]>>[O&D1&v2&H1&+0&!R:2].[O&D2&v2&H0&+0&!R:3]-[C&D3&v4&H1&+0&R&z2:1]	GLUCOSYL_ACCEPTOR_CoF;Any
29_3	GLUCOSYL_DONOR_CoF;Pi	[C&D3&v4&H1&+0&R&z2:1]-[O&D2&v2&H0&+0&!R:2].[O&D1&v2&H1&+0&!R:3]>>[O&D1&v2&H1&+0&!R:2].[O&D2&v2&H0&+0&!R:3]-[C&D3&v4&H1&+0&R&z2:1]	GLUCOSYL_ACCEPTOR_CoF;Any
984_0	Any;Any;Pi	[C&D3&v4&H1&+0&R&z1:1]-[O&D1&v2&H1&+0&!R:2].[O&D1&v2&H1&+0&!R:3].[P&D4&v5&H0&+0&!R:4]-[O&D1&v2&H1&+0&!R:5]>>[C&D3&v4&H1&+0&R&z1:1]-[O&D1&v2&H1&+0&!R:5].[O&D0&v2&H2&+0&!R:2].[O&D2&v2&H0&+0&!R:3]-[P&D4&v5&H0&+0&!R:4]	Any;WATER;Any
984_1	Any;PHOSPHATE_ACCEPTOR_CoF;Pi	[C&D3&v4&H1&+0&R&z1:1]-[O&D1&v2&H1&+0&!R:2].[O&D1&v2&H1&+0&!R:3].[P&D4&v5&H0&+0&!R:4]-[O&D1&v2&H1&+0&!R:5]>>[C&D3&v4&H1&+0&R&z1:1]-[O&D1&v2&H1&+0&!R:5].[O&D0&v2&H2&+0&!R:2].[O&D2&v2&H0&+0&!R:3]-[P&D4&v5&H0&+0&!R:4]	Any;WATER;PHOSPHATE_DONOR_CoF
2031_0	CO3	[C&D3&v4&H0&+0&!R&z3:1](-[O&D1&v2&H1&+0&!R:2])-[O&D1&v2&H1&+0&!R:3]>>[O&D0&v2&H2&+0&!R:3].[O&D1&v2&H0&+0&!R:2]=[C&D2&v4&H0&+0&!R&z2:1]	WATER;CO2
743_0	Any;Any	[C&D3&v4&H1&+0&R&z2:1]-[O&D1&v2&H1&+0&!R:2].[P&D4&v5&H0&+0&!R:3]-[O&D2&v2&H0&+0&!R:4]>>[C&D3&v4&H1&+0&R&z2:1]-[O&D2&v2&H0&+0&!R:4].[P&D4&v5&H0&+0&!R:3]-[O&D1&v2&H1&+0&!R:2]	Any;Any
743_1	Any;GLUCOSYL_DONOR_CoF	[C&D3&v4&H1&+0&R&z2:1]-[O&D1&v2&H1&+0&!R:2].[P&D4&v5&H0&+0&!R:3]-[O&D2&v2&H0&+0&!R:4]>>[C&D3&v4&H1&+0&R&z2:1]-[O&D2&v2&H0&+0&!R:4].[P&D4&v5&H0&+0&!R:3]-[O&D1&v2&H1&+0&!R:2]	Any;GLUCOSYL_ACCEPTOR_CoF
743_2	Any;PHOSPHATE_DONOR_CoF	[C&D3&v4&H1&+0&R&z2:1]-[O&D1&v2&H1&+0&!R:2].[P&D4&v5&H0&+0&!R:3]-[O&D2&v2&H0&+0&!R:4]>>[C&D3&v4&H1&+0&R&z2:1]-[O&D2&v2&H0&+0&!R:4].[P&D4&v5&H0&+0&!R:3]-[O&D1&v2&H1&+0&!R:2]	Any;PHOSPHATE_ACCEPTOR_CoF
743_3	PYROPHOSPHATE_ACCEPTOR_CoF;PYROPHOSPHATE_DONOR_CoF	[C&D3&v4&H1&+0&R&z2:1]-[O&D1&v2&H1&+0&!R:2].[P&D4&v5&H0&+0&!R:3]-[O&D2&v2&H0&+0&!R:4]>>[C&D3&v4&H1&+0&R&z2:1]-[O&D2&v2&H0&+0&!R:4].[P&D4&v5&H0&+0&!R:3]-[O&D1&v2&H1&+0&!R:2]	PYROPHOSPHATE_DONOR_CoF;PYROPHOSPHATE_ACCEPTOR_CoF
237_0	Any;Any;WATER	[C&D3&v4&H1&+0&!R&z0:1]-[C&D3&v4&H0&+0&!R&z2:2]-[O&D1&v2&H1&+0&!R:3].[C&D4&v4&H0&+0&R&z1:4]12-[O&D2&v2&H0&+0&R:5]-[C&D4&v4&H0&+0&R&z1:6]-1-[C&D3&v4&H0&+0&R&z1:7](=[O&D1&v2&H0&+0&!R:8])-[c&D3&v4&H0&+0&R&z0:9]:[c&D3&v4&H0&+0&R&z0:10]-[C&D3&v4&H0&+0&R&z1:11]-2=[O&D1&v2&H0&+0&!R:12].[O&D0&v2&H2&+0&!R:13]>>[C&D2&v4&H2&+0&!R&z0:1].[O&D1&v2&H0&+0&!R:3]=[C&D2&v4&H0&+0&!R&z2:2].[O&D1&v2&H0&+0&!R:5]=[O&D1&v2&H0&+0&!R:13].[c&D3&v4&H0&+0&R&z0:4]1:[c&D3&v4&H0&+0&R&z0:6]:[c&D3&v4&H0&+0&R&z1:7](-[O&D1&v2&H1&+0&!R:8]):[c&D3&v4&H0&+0&R&z0:9]:[c&D3&v4&H0&+0&R&z0:10]:[c&D3&v4&H0&+0&R&z1:11]:1-[O&D1&v2&H1&+0&!R:12]	Any;CO2;O2;Any
236_0	Any;Any	[O&D2&v2&H0&+0&!R:1]-[C&D3&v4&H1&+0&R&z2:2].[n&D2&v3&H0&+0&R:3]>>[O&D1&v2&H1&+0&!R:1].[n&D3&v4&H0&+&R:3]-[C&D3&v4&H1&+0&R&z2:2]	Any;Any
236_1	Any;Any	[O&D2&v2&H0&+0&!R:1]-[C&D3&v4&H1&+0&R&z2:2].[n&D2&v3&H0&+0&R:3]>>[O&D1&v2&H1&+0&!R:1].[n&D3&v4&H0&+&R:3]-[C&D3&v4&H1&+0&R&z2:2]	PPI;Any
236_2	Any;Any	[O&D2&v2&H0&+0&!R:1]-[C&D3&v4&H1&+0&R&z2:2].[n&D2&v3&H0&+0&R:3]>>[O&D1&v2&H1&+0&!R:1].[n&D3&v4&H0&+&R:3]-[C&D3&v4&H1&+0&R&z2:2]	Pi;Any
236_3	GLUCOSYL_DONOR_CoF;Any	[O&D2&v2&H0&+0&!R:1]-[C&D3&v4&H1&+0&R&z2:2].[n&D2&v3&H0&+0&R:3]>>[O&D1&v2&H1&+0&!R:1].[n&D3&v4&H0&+&R:3]-[C&D3&v4&H1&+0&R&z2:2]	GLUCOSYL_ACCEPTOR_CoF;Any
1946_0	Any	[C&D3&v4&H0&+0&!R&z2:1](-[O&D1&v2&H1&+0&!R:2])-[C&D3&v4&H1&+0&!R&z1:3]-[N&D3&v3&H0&+0&!R:4]-[O&D1&v2&H1&+0&!R:5]>>[N&D2&v3&H0&+0&!R:4]=[C&D2&v4&H1&+0&!R&z1:3].[O&D0&v2&H2&+0&!R:5].[O&D1&v2&H0&+0&!R:2]=[C&D2&v4&H0&+0&!R&z2:1]	Any;WATER;CO2
1827_0	Any;Any;PPI	[C&D3&v4&H0&+0&R&z2:1]-[N&D2&v3&H1&+0&R:2].[O&D1&v2&H1&+0&!R:3].[P&D4&v5&H0&+0&!R:4]-[O&D1&v2&H1&+0&!R:5]>>([C&D3&v4&H0&+0&!R&z2:1]-[O&D1&v2&H1&+0&!R:5].[N&D1&v3&H2&+0&!R:2]).[O&D2&v2&H0&+0&!R:3]-[P&D4&v5&H0&+0&!R:4]	Any;Any
1827_1	Any;PYROPHOSPHATE_ACCEPTOR_CoF;PPI	[C&D3&v4&H0&+0&R&z2:1]-[N&D2&v3&H1&+0&R:2].[O&D1&v2&H1&+0&!R:3].[P&D4&v5&H0&+0&!R:4]-[O&D1&v2&H1&+0&!R:5]>>([C&D3&v4&H0&+0&!R&z2:1]-[O&D1&v2&H1&+0&!R:5].[N&D1&v3&H2&+0&!R:2]).[O&D2&v2&H0&+0&!R:3]-[P&D4&v5&H0&+0&!R:4]	Any;PYROPHOSPHATE_DONOR_CoF
2000_0	Any	[C&D3&v4&H1&+0&!R&z0:1]-[C&D2&v4&H1&+0&!R&z0:2]=[C&D2&v4&H1&+0&!R&z0:3]-[C&D3&v4&H0&+0&!R&z1:4]=[O&D1&v2&H0&+0&!R:5]>>[C&D3&v4&H0&+0&!R&z0:1]=[C&D2&v4&H1&+0&!R&z0:2]-[C&D2&v4&H1&+0&!R&z0:3]=[C&D3&v4&H0&+0&!R&z1:4]-[O&D1&v2&H1&+0&!R:5]	Any
955_0	Any	([C&D2&v4&H2&+0&!R&z1:1]-[O&D2&v2&H0&+0&!R:2].[C&D3&v4&H0&+0&!R&z0:3]=[C&D2&v4&H1&+0&!R&z0:4])>>[C&D3&v4&H1&+0&R&z0:1]1-[C&D3&v4&H1&+0&R&z0:4]-[C&D4&v4&H0&+0&R&z0:3]-1.[O&D1&v2&H1&+0&!R:2]	Any;PPI
352_0	Any;NH3;Any	[C&D3&v4&H0&+0&!R&z2:1]-[O&D1&v2&H1&+0&!R:2].[N&D0&v3&H3&+0&!R:3].[P&D4&v5&H0&+0&!R:4]-[O&D2&v2&H0&+0&!R:5]>>[C&D3&v4&H0&+0&!R&z2:1]-[N&D1&v3&H2&+0&!R:3].[O&D1&v2&H1&+0&!R:5].[P&D4&v5&H0&+0&!R:4]-[O&D1&v2&H1&+0&!R:2]	Any;PPI;Any
352_1	Any;NH3;Any	[C&D3&v4&H0&+0&!R&z2:1]-[O&D1&v2&H1&+0&!R:2].[N&D0&v3&H3&+0&!R:3].[P&D4&v5&H0&+0&!R:4]-[O&D2&v2&H0&+0&!R:5]>>[C&D3&v4&H0&+0&!R&z2:1]-[N&D1&v3&H2&+0&!R:3].[O&D1&v2&H1&+0&!R:5].[P&D4&v5&H0&+0&!R:4]-[O&D1&v2&H1&+0&!R:2]	Any;Pi;Any
352_2	Any;NH3;PHOSPHATE_DONOR_CoF	[C&D3&v4&H0&+0&!R&z2:1]-[O&D1&v2&H1&+0&!R:2].[N&D0&v3&H3&+0&!R:3].[P&D4&v5&H0&+0&!R:4]-[O&D2&v2&H0&+0&!R:5]>>[C&D3&v4&H0&+0&!R&z2:1]-[N&D1&v3&H2&+0&!R:3].[O&D1&v2&H1&+0&!R:5].[P&D4&v5&H0&+0&!R:4]-[O&D1&v2&H1&+0&!R:2]	Any;Pi;PHOSPHATE_ACCEPTOR_CoF
352_3	Any;NH3;PYROPHOSPHATE_DONOR_CoF	[C&D3&v4&H0&+0&!R&z2:1]-[O&D1&v2&H1&+0&!R:2].[N&D0&v3&H3&+0&!R:3].[P&D4&v5&H0&+0&!R:4]-[O&D2&v2&H0&+0&!R:5]>>[C&D3&v4&H0&+0&!R&z2:1]-[N&D1&v3&H2&+0&!R:3].[O&D1&v2&H1&+0&!R:5].[P&D4&v5&H0&+0&!R:4]-[O&D1&v2&H1&+0&!R:2]	Any;PPI;PYROPHOSPHATE_ACCEPTOR_CoF
921_0	Any	([C&D2&v4&H1&+0&!R&z0:1].[C&D2&v4&H2&+0&!R&z1:2]-[O&D2&v2&H0&+0&!R:3])>>[C&D2&v4&H2&+0&R&z0:2]-[C&D3&v4&H0&+0&R&z0:1].[O&D1&v2&H1&+0&!R:3]	Any;PPI
1067_0	Any;Any;WATER	[C&D3&v4&H1&+0&!R&z1:1].[N&D3&v3&H0&+0&R:2]-[C&D2&v4&H2&+0&R&z2:3]-[N&D3&v3&H0&+0&R:4].[O&D0&v2&H2&+0&!R:5]>>[C&D4&v4&H0&+0&!R&z1:1]-[C&D2&v4&H2&+0&!R&z1:3]-[O&D1&v2&H1&+0&!R:5].([N&D2&v3&H1&+0&!R:4].[N&D2&v3&H1&+0&R:2])	Any;Any
340_0	Any;Any;Any	[S&D1&v2&H1&+0&!R:1].[S&D1&v2&H1&+0&!R:2].[S&D2&v2&H0&+0&!R:3]-[S&D2&v2&H0&+0&!R:4]>>[S&D1&v2&H1&+0&!R:3].[S&D1&v2&H1&+0&!R:4].[S&D2&v2&H0&+0&!R:1]-[S&D2&v2&H0&+0&!R:2]	Any;Any;Any
1455_0	WATER;Any	[O&D0&v2&H2&+0&!R:1].[c&D3&v4&H0&+0&R&z1:2]-[O&D1&v2&H1&+0&!R:3]>>[O&D1&v2&H1&+0&!R:3]-[O&D1&v2&H1&+0&!R:1].[c&D2&v4&H1&+0&R&z0:2]	H2O2;Any
707_0	Any;WATER;O2	[C&D2&v4&H1&+0&!R&z1:1].[O&D0&v2&H2&+0&!R:2].[O&D1&v2&H0&+0&!R:3]=[O&D1&v2&H0&+0&!R:4]>>[C&D3&v4&H0&+0&!R&z2:1]-[O&D1&v2&H1&+0&!R:2].[O&D1&v2&H1&+0&!R:3]-[O&D1&v2&H1&+0&!R:4]	Any;H2O2
2005_0	Any	[C&D2&v4&H2&+0&!R&z0:1]-[C&D4&v4&H0&+0&!R&z1:2]-[C&D2&v4&H2&+0&!R&z0:3]>>[C&D2&v4&H2&+0&!R&z0:3]-[C&D3&v4&H1&+0&!R&z0:1]-[C&D3&v4&H1&+0&!R&z1:2]	Any
1970_0	Any;O2	[C&D3&v4&H1&+0&R&z1:1]-[N&D2&v3&H1&+0&R:2].[O&D1&v2&H0&+0&!R:3]=[O&D1&v2&H0&+0&!R:4]>>[C&D3&v4&H0&+0&R&z1:1]=[N&D2&v3&H0&+0&R:2].[O&D1&v2&H1&+0&!R:3]-[O&D1&v2&H1&+0&!R:4]	Any;H2O2
1252_0	Any;WATER	[C&D3&v4&H0&+0&!R&z1:1]=[O&D1&v2&H0&+0&!R:2].[O&D0&v2&H2&+0&!R:3]>>[C&D3&v4&H1&+0&!R&z1:1]-[O&D2&v2&H0&+0&!R:2]-[O&D1&v2&H1&+0&!R:3]	Any
14_0	Any;Any;Any	[C&D1&v4&H3&+0&!R&z1:1]-[S&D3&v3&H0&+&!R:2].[C&D1&v4&H3&+0&!R&z1:3]-[S&D3&v3&H0&+&!R:4].[N&D1&v3&H2&+0&!R:5]>>[N&D3&v3&H0&+0&!R:5](-[C&D1&v4&H3&+0&!R&z1:1])-[C&D1&v4&H3&+0&!R&z1:3].[S&D2&v2&H0&+0&!R:2].[S&D2&v2&H0&+0&!R:4]	Any;Any;Any
14_1	METHYL_DONOR_CoF;METHYL_DONOR_CoF;Any	[C&D1&v4&H3&+0&!R&z1:1]-[S&D3&v3&H0&+&!R:2].[C&D1&v4&H3&+0&!R&z1:3]-[S&D3&v3&H0&+&!R:4].[N&D1&v3&H2&+0&!R:5]>>[N&D3&v3&H0&+0&!R:5](-[C&D1&v4&H3&+0&!R&z1:1])-[C&D1&v4&H3&+0&!R&z1:3].[S&D2&v2&H0&+0&!R:2].[S&D2&v2&H0&+0&!R:4]	Any;METHYL_ACCEPTOR_CoF;METHYL_ACCEPTOR_CoF
1332_0	Any;WATER	[C&D3&v4&H0&+0&R&z2:1]-[N&D2&v3&H1&+0&R:2].[O&D0&v2&H2&+0&!R:3]>>([C&D3&v4&H0&+0&!R&z2:1]-[O&D1&v2&H1&+0&!R:3].[N&D1&v3&H2&+0&!R:2])	Any
889_0	Any;Any	[C&D2&v4&H1&+0&!R&z1:1]=[O&D1&v2&H0&+0&!R:2].[C&D2&v4&H1&+0&!R&z1:3]=[O&D1&v2&H0&+0&!R:4]>>[C&D2&v4&H1&+0&!R&z0:1]=[C&D2&v4&H1&+0&!R&z0:3].[O&D1&v2&H0&+0&!R:2]=[O&D1&v2&H0&+0&!R:4]	Any;O2
598_0	Any;WATER;Any;Any	[C&D1&v4&H2&+0&!R&z1:1]=[O&D1&v2&H0&+0&!R:2].[O&D0&v2&H2&+0&!R:3].[c&D3&v4&H0&+0&R&z0:4]1:[c&D2&v4&H1&+0&R&z0:5]:[c&D2&v4&H1&+0&R&z0:6]:[c&D2&v4&H1&+0&R&z1:7]:[n&D3&v4&H0&+&R:8]:[c&D2&v4&H1&+0&R&z1:9]:1.[n&D2&v3&H1&+0&R:10]>>[C&D1&v4&H3&+0&!R&z1:1]-[n&D3&v3&H0&+0&R:10].[C&D3&v4&H0&+0&R&z0:4]1=[C&D2&v4&H1&+0&R&z1:9]-[N&D3&v3&H0&+0&R:8]-[C&D2&v4&H1&+0&R&z1:7]=[C&D2&v4&H1&+0&R&z0:6]-[C&D2&v4&H2&+0&R&z0:5]-1.[O&D1&v2&H0&+0&!R:3]=[O&D1&v2&H0&+0&!R:2]	Any;Any;O2
598_1	Any;WATER;NAD_CoF;Any	[C&D1&v4&H2&+0&!R&z1:1]=[O&D1&v2&H0&+0&!R:2].[O&D0&v2&H2&+0&!R:3].[c&D3&v4&H0&+0&R&z0:4]1:[c&D2&v4&H1&+0&R&z0:5]:[c&D2&v4&H1&+0&R&z0:6]:[c&D2&v4&H1&+0&R&z1:7]:[n&D3&v4&H0&+&R:8]:[c&D2&v4&H1&+0&R&z1:9]:1.[n&D2&v3&H1&+0&R:10]>>[C&D1&v4&H3&+0&!R&z1:1]-[n&D3&v3&H0&+0&R:10].[C&D3&v4&H0&+0&R&z0:4]1=[C&D2&v4&H1&+0&R&z1:9]-[N&D3&v3&H0&+0&R:8]-[C&D2&v4&H1&+0&R&z1:7]=[C&D2&v4&H1&+0&R&z0:6]-[C&D2&v4&H2&+0&R&z0:5]-1.[O&D1&v2&H0&+0&!R:3]=[O&D1&v2&H0&+0&!R:2]	Any;NADH_CoF;O2
1383_0	Any;Any	([C&D2&v4&H2&+0&!R&z0:1].[O&D1&v2&H1&+0&!R:2]).[c&D3&v4&H0&+0&R&z0:3]1:[c&D2&v4&H1&+0&R&z0:4]:[c&D2&v4&H1&+0&R&z0:5]:[c&D2&v4&H1&+0&R&z1:6]:[n&D3&v4&H0&+&R:7]:[c&D2&v4&H1&+0&R&z1:8]:1>>[C&D3&v4&H0&+0&R&z0:3]1=[C&D2&v4&H1&+0&R&z1:8]-[N&D3&v3&H0&+0&R:7]-[C&D2&v4&H1&+0&R&z1:6]=[C&D2&v4&H1&+0&R&z0:5]-[C&D2&v4&H2&+0&R&z0:4]-1.[O&D2&v2&H0&+0&R:2]-[C&D3&v4&H1&+0&R&z1:1]	Any;Any
1383_1	Any;NAD_CoF	([C&D2&v4&H2&+0&!R&z0:1].[O&D1&v2&H1&+0&!R:2]).[c&D3&v4&H0&+0&R&z0:3]1:[c&D2&v4&H1&+0&R&z0:4]:[c&D2&v4&H1&+0&R&z0:5]:[c&D2&v4&H1&+0&R&z1:6]:[n&D3&v4&H0&+&R:7]:[c&D2&v4&H1&+0&R&z1:8]:1>>[C&D3&v4&H0&+0&R&z0:3]1=[C&D2&v4&H1&+0&R&z1:8]-[N&D3&v3&H0&+0&R:7]-[C&D2&v4&H1&+0&R&z1:6]=[C&D2&v4&H1&+0&R&z0:5]-[C&D2&v4&H2&+0&R&z0:4]-1.[O&D2&v2&H0&+0&R:2]-[C&D3&v4&H1&+0&R&z1:1]	NADH_CoF;Any
694_0	Any;Any	[C&D3&v4&H1&+0&!R&z1:1](-[O&D1&v2&H1&+0&!R:2])-[C&D3&v4&H1&+0&!R&z1:3]-[C&D3&v4&H0&+0&!R&z1:4]=[O&D1&v2&H0&+0&!R:5].([O&D1&v2&H0&+0&!R:6]=[C&D2&v4&H1&+0&!R&z1:7].[O&D1&v2&H1&+0&!R:8])>>[C&D2&v4&H1&+0&!R&z1:1]=[O&D1&v2&H0&+0&!R:2].[C&D4&v4&H0&+0&R&z2:4](-[O&D1&v2&H1&+0&!R:5])(-[O&D2&v2&H0&+0&R:8])-[C&D3&v4&H1&+0&R&z1:3]-[C&D3&v4&H1&+0&R&z1:7]-[O&D1&v2&H1&+0&!R:6]	Any;Any
1554_0	Any;Any	[C&D3&v4&H1&+0&R&z2:1](-[O&D1&v2&H1&+0&!R:2])-[C&D2&v4&H2&+0&R&z0:3].[P&D4&v5&H0&+0&!R:4]-[O&D2&v2&H0&+0&!R:5]>>[C&D2&v4&H1&+0&R&z1:1]=[C&D2&v4&H1&+0&R&z0:3].[O&D1&v2&H1&+0&!R:5].[P&D4&v5&H0&+0&!R:4]-[O&D1&v2&H1&+0&!R:2]	Any;Pi;Any
1554_1	Any;PHOSPHATE_DONOR_CoF	[C&D3&v4&H1&+0&R&z2:1](-[O&D1&v2&H1&+0&!R:2])-[C&D2&v4&H2&+0&R&z0:3].[P&D4&v5&H0&+0&!R:4]-[O&D2&v2&H0&+0&!R:5]>>[C&D2&v4&H1&+0&R&z1:1]=[C&D2&v4&H1&+0&R&z0:3].[O&D1&v2&H1&+0&!R:5].[P&D4&v5&H0&+0&!R:4]-[O&D1&v2&H1&+0&!R:2]	Any;Pi;PHOSPHATE_ACCEPTOR_CoF
1904_0	WATER;Any	[O&D0&v2&H2&+0&!R:1].[O&D2&v2&H0&+0&!R:2]-[C&D3&v4&H1&+0&R&z1:3]~[*:4]~[C&D3&v4&H1&+0&R&z1:5]-[O&D2&v2&H0&+0&!R:6]>>[*:4](~[C&D3&v4&H1&+0&R&z1:5]-[O&D1&v2&H1&+0&!R:1])~[C&D3&v4&H1&+0&R&z1:3]-[O&D2&v2&H0&+0&!R:2].[O&D1&v2&H1&+0&!R:6]	Any;Pi
467_0	Any;Any	[C&D1&v4&H2&+0&!R&z0:1]=[C&D3&v4&H0&+0&!R&z0:2].[C&D3&v4&H0&+0&R&z0:3]1=[C&D2&v4&H1&+0&R&z1:4]-[N&D3&v3&H0&+0&R:5]-[C&D2&v4&H1&+0&R&z1:6]=[C&D2&v4&H1&+0&R&z0:7]-[C&D2&v4&H2&+0&R&z0:8]-1>>[C&D3&v4&H1&+0&!R&z0:2]-[C&D1&v4&H3&+0&!R&z0:1].[c&D3&v4&H0&+0&R&z0:3]1:[c&D2&v4&H1&+0&R&z0:8]:[c&D2&v4&H1&+0&R&z0:7]:[c&D2&v4&H1&+0&R&z1:6]:[n&D3&v4&H0&+&R:5]:[c&D2&v4&H1&+0&R&z1:4]:1	Any;Any
467_1	Any;NADH_CoF	[C&D1&v4&H2&+0&!R&z0:1]=[C&D3&v4&H0&+0&!R&z0:2].[C&D3&v4&H0&+0&R&z0:3]1=[C&D2&v4&H1&+0&R&z1:4]-[N&D3&v3&H0&+0&R:5]-[C&D2&v4&H1&+0&R&z1:6]=[C&D2&v4&H1&+0&R&z0:7]-[C&D2&v4&H2&+0&R&z0:8]-1>>[C&D3&v4&H1&+0&!R&z0:2]-[C&D1&v4&H3&+0&!R&z0:1].[c&D3&v4&H0&+0&R&z0:3]1:[c&D2&v4&H1&+0&R&z0:8]:[c&D2&v4&H1&+0&R&z0:7]:[c&D2&v4&H1&+0&R&z1:6]:[n&D3&v4&H0&+&R:5]:[c&D2&v4&H1&+0&R&z1:4]:1	Any;NAD_CoF
894_0	Any;O2	[C&D3&v4&H0&+0&!R&z0:1]=[C&D2&v4&H1&+0&!R&z0:2].[O&D1&v2&H0&+0&!R:3]=[O&D1&v2&H0&+0&!R:4]>>[C&D2&v4&H1&+0&!R&z1:2]=[O&D1&v2&H0&+0&!R:4].[C&D3&v4&H0&+0&!R&z1:1]=[O&D1&v2&H0&+0&!R:3]	Any;Any
726_0	Any;Any	([C&D2&v4&H2&+0&!R&z1:1].[O&D1&v2&H1&+0&!R:2]).[c&D3&v4&H0&+0&R&z0:3]1:[c&D2&v4&H1&+0&R&z0:4]:[c&D2&v4&H1&+0&R&z0:5]:[c&D2&v4&H1&+0&R&z1:6]:[n&D3&v4&H0&+&R:7]:[c&D2&v4&H1&+0&R&z1:8]:1>>[C&D3&v4&H0&+0&R&z0:3]1=[C&D2&v4&H1&+0&R&z1:8]-[N&D3&v3&H0&+0&R:7]-[C&D2&v4&H1&+0&R&z1:6]=[C&D2&v4&H1&+0&R&z0:5]-[C&D2&v4&H2&+0&R&z0:4]-1.[O&D2&v2&H0&+0&R:2]-[C&D3&v4&H1&+0&R&z2:1]	Any;Any
726_1	Any;NAD_CoF	([C&D2&v4&H2&+0&!R&z1:1].[O&D1&v2&H1&+0&!R:2]).[c&D3&v4&H0&+0&R&z0:3]1:[c&D2&v4&H1&+0&R&z0:4]:[c&D2&v4&H1&+0&R&z0:5]:[c&D2&v4&H1&+0&R&z1:6]:[n&D3&v4&H0&+&R:7]:[c&D2&v4&H1&+0&R&z1:8]:1>>[C&D3&v4&H0&+0&R&z0:3]1=[C&D2&v4&H1&+0&R&z1:8]-[N&D3&v3&H0&+0&R:7]-[C&D2&v4&H1&+0&R&z1:6]=[C&D2&v4&H1&+0&R&z0:5]-[C&D2&v4&H2&+0&R&z0:4]-1.[O&D2&v2&H0&+0&R:2]-[C&D3&v4&H1&+0&R&z2:1]	NADH_CoF;Any
1173_0	WATER;Any	[O&D0&v2&H2&+0&!R:1].[c&D3&v4&H0&+0&R&z2:2]-[N&D1&v3&H2&+0&!R:3]>>[N&D0&v3&H3&+0&!R:3].[c&D3&v4&H0&+0&R&z2:2]-[O&D1&v2&H1&+0&!R:1]	NH3;Any
1606_0	Any;O2	[C&D3&v4&H0&+0&R&z0:1]1=[C&D2&v4&H1&+0&R&z1:2]-[N&D3&v3&H0&+0&R:3]-[C&D2&v4&H2&+0&R&z1:4]-[C&D2&v4&H1&+0&R&z0:5]=[C&D2&v4&H1&+0&R&z0:6]-1.[O&D1&v2&H0&+0&!R:7]=[O&D1&v2&H0&+0&!R:8]>>[O&D1&v2&H1&+0&!R:7]-[O&D1&v2&H1&+0&!R:8].[c&D3&v4&H0&+0&R&z0:1]1:[c&D2&v4&H1&+0&R&z0:6]:[c&D2&v4&H1&+0&R&z0:5]:[c&D2&v4&H1&+0&R&z1:4]:[n&D3&v4&H0&+&R:3]:[c&D2&v4&H1&+0&R&z1:2]:1	H2O2;Any
1461_0	Any;Any	[C&D3&v4&H1&+0&R&z1:1]-[C&D2&v4&H2&+0&R&z0:2].[c&D3&v4&H0&+0&R&z0:3]1:[c&D2&v4&H1&+0&R&z0:4]:[c&D2&v4&H1&+0&R&z0:5]:[c&D2&v4&H1&+0&R&z1:6]:[n&D3&v4&H0&+&R:7]:[c&D2&v4&H1&+0&R&z1:8]:1>>[C&D3&v4&H0&+0&R&z0:3]1=[C&D2&v4&H1&+0&R&z1:8]-[N&D3&v3&H0&+0&R:7]-[C&D2&v4&H1&+0&R&z1:6]=[C&D2&v4&H1&+0&R&z0:5]-[C&D2&v4&H2&+0&R&z0:4]-1.[C&D3&v4&H0&+0&R&z1:1]=[C&D2&v4&H1&+0&R&z0:2]	Any;Any
1461_1	Any;NAD_CoF	[C&D3&v4&H1&+0&R&z1:1]-[C&D2&v4&H2&+0&R&z0:2].[c&D3&v4&H0&+0&R&z0:3]1:[c&D2&v4&H1&+0&R&z0:4]:[c&D2&v4&H1&+0&R&z0:5]:[c&D2&v4&H1&+0&R&z1:6]:[n&D3&v4&H0&+&R:7]:[c&D2&v4&H1&+0&R&z1:8]:1>>[C&D3&v4&H0&+0&R&z0:3]1=[C&D2&v4&H1&+0&R&z1:8]-[N&D3&v3&H0&+0&R:7]-[C&D2&v4&H1&+0&R&z1:6]=[C&D2&v4&H1&+0&R&z0:5]-[C&D2&v4&H2&+0&R&z0:4]-1.[C&D3&v4&H0&+0&R&z1:1]=[C&D2&v4&H1&+0&R&z0:2]	NADH_CoF;Any
1347_0	Any;WATER;O2	[C&D1&v4&H3&+0&!R&z1:1]-[N&D2&v3&H1&+0&!R:2].[O&D0&v2&H2&+0&!R:3].[O&D1&v2&H0&+0&!R:4]=[O&D1&v2&H0&+0&!R:5]>>[C&D1&v4&H2&+0&!R&z1:1]=[O&D1&v2&H0&+0&!R:3].[N&D1&v3&H2&+0&!R:2].[O&D1&v2&H1&+0&!R:4]-[O&D1&v2&H1&+0&!R:5]	Any;Any;H2O2
254_0	Any;Any	[C&D2&v4&H2&+0&!R&z1:1]-[N&D2&v3&H1&+0&!R:2].[N&D1&v3&H2&+0&!R:3]>>[N&D1&v3&H2&+0&!R:2].[N&D2&v3&H1&+0&!R:3]-[C&D2&v4&H2&+0&!R&z1:1]	Any;Any
174_0	Any;WATER	[C&D2&v4&H1&+0&!R&z1:1]=[C&D2&v4&H1&+0&!R&z0:2].[O&D0&v2&H2&+0&!R:3]>>[C&D2&v4&H2&+0&!R&z0:2]-[C&D3&v4&H1&+0&!R&z2:1]-[O&D1&v2&H1&+0&!R:3]	Any
778_0	Any;Any	[C&D3&v4&H0&+0&!R&z0:1]=[C&D2&v4&H1&+0&!R&z0:2]-[C&D2&v4&H2&+0&!R&z1:3]-[O&D2&v2&H0&+0&!R:4].[c&D2&v4&H1&+0&R&z1:5]>>[C&D1&v4&H2&+0&!R&z0:3]=[C&D2&v4&H1&+0&!R&z0:2]-[C&D4&v4&H0&+0&!R&z0:1]-[c&D3&v4&H0&+0&R&z1:5].[O&D1&v2&H1&+0&!R:4]	Any;PPI
778_1	PRENYL_DONOR_CoF;Any	[C&D3&v4&H0&+0&!R&z0:1]=[C&D2&v4&H1&+0&!R&z0:2]-[C&D2&v4&H2&+0&!R&z1:3]-[O&D2&v2&H0&+0&!R:4].[c&D2&v4&H1&+0&R&z1:5]>>[C&D1&v4&H2&+0&!R&z0:3]=[C&D2&v4&H1&+0&!R&z0:2]-[C&D4&v4&H0&+0&!R&z0:1]-[c&D3&v4&H0&+0&R&z1:5].[O&D1&v2&H1&+0&!R:4]	Any;PRENYL_ACCEPTOR_CoF
749_0	Any;NH3	[C&D3&v4&H0&+0&!R&z2:1]-[O&D2&v2&H0&+0&!R:2].[N&D0&v3&H3&+0&!R:3]>>[C&D3&v4&H0&+0&!R&z2:1]-[N&D1&v3&H2&+0&!R:3].[O&D1&v2&H1&+0&!R:2]	Any;Any
749_1	Any;NH3	[C&D3&v4&H0&+0&!R&z2:1]-[O&D2&v2&H0&+0&!R:2].[N&D0&v3&H3&+0&!R:3]>>[C&D3&v4&H0&+0&!R&z2:1]-[N&D1&v3&H2&+0&!R:3].[O&D1&v2&H1&+0&!R:2]	Any;Pi
77_0	Any;Any	[C&D3&v4&H0&+0&!R&z3:1]-[O&D1&v2&H1&+0&!R:2].[O&D2&v2&H0&+0&!R:3]-[P&D4&v5&H0&+0&!R:4]>>[C&D3&v4&H0&+0&!R&z3:1]-[O&D2&v2&H0&+0&!R:3].[P&D4&v5&H0&+0&!R:4]-[O&D1&v2&H1&+0&!R:2]	Any;Any
77_1	Any;Any	[C&D3&v4&H0&+0&!R&z3:1]-[O&D1&v2&H1&+0&!R:2].[O&D2&v2&H0&+0&!R:3]-[P&D4&v5&H0&+0&!R:4]>>[C&D3&v4&H0&+0&!R&z3:1]-[O&D2&v2&H0&+0&!R:3].[P&D4&v5&H0&+0&!R:4]-[O&D1&v2&H1&+0&!R:2]	Any;PPI
77_2	Any;PHOSPHATE_DONOR_CoF	[C&D3&v4&H0&+0&!R&z3:1]-[O&D1&v2&H1&+0&!R:2].[O&D2&v2&H0&+0&!R:3]-[P&D4&v5&H0&+0&!R:4]>>[C&D3&v4&H0&+0&!R&z3:1]-[O&D2&v2&H0&+0&!R:3].[P&D4&v5&H0&+0&!R:4]-[O&D1&v2&H1&+0&!R:2]	Any;PHOSPHATE_ACCEPTOR_CoF
77_3	CO3;Any	[C&D3&v4&H0&+0&!R&z3:1]-[O&D1&v2&H1&+0&!R:2].[O&D2&v2&H0&+0&!R:3]-[P&D4&v5&H0&+0&!R:4]>>[C&D3&v4&H0&+0&!R&z3:1]-[O&D2&v2&H0&+0&!R:3].[P&D4&v5&H0&+0&!R:4]-[O&D1&v2&H1&+0&!R:2]	Any;Any
77_4	CO3;PHOSPHATE_DONOR_CoF	[C&D3&v4&H0&+0&!R&z3:1]-[O&D1&v2&H1&+0&!R:2].[O&D2&v2&H0&+0&!R:3]-[P&D4&v5&H0&+0&!R:4]>>[C&D3&v4&H0&+0&!R&z3:1]-[O&D2&v2&H0&+0&!R:3].[P&D4&v5&H0&+0&!R:4]-[O&D1&v2&H1&+0&!R:2]	Any;PHOSPHATE_ACCEPTOR_CoF
1443_0	Any;O2;Any	[C&D3&v4&H0&+0&R&z0:1]1=[C&D2&v4&H1&+0&R&z1:2]-[N&D3&v3&H0&+0&R:3]-[C&D2&v4&H1&+0&R&z1:4]=[C&D2&v4&H1&+0&R&z0:5]-[C&D2&v4&H2&+0&R&z0:6]-1.[O&D1&v2&H0&+0&!R:7]=[O&D1&v2&H0&+0&!R:8].[c&D3&v4&H0&+0&R&z0:9]-[C&D3&v4&H0&+0&!R&z2:10]-[O&D1&v2&H1&+0&!R:11]>>[O&D0&v2&H2&+0&!R:8].[O&D1&v2&H0&+0&!R:11]=[C&D2&v4&H0&+0&!R&z2:10].[c&D3&v4&H0&+0&R&z0:1]1:[c&D2&v4&H1&+0&R&z0:6]:[c&D2&v4&H1&+0&R&z0:5]:[c&D2&v4&H1&+0&R&z1:4]:[n&D3&v4&H0&+&R:3]:[c&D2&v4&H1&+0&R&z1:2]:1.[c&D3&v4&H0&+0&R&z1:9]-[O&D1&v2&H1&+0&!R:7]	WATER;CO2;Any;Any
1443_1	NADH_CoF;O2;Any	[C&D3&v4&H0&+0&R&z0:1]1=[C&D2&v4&H1&+0&R&z1:2]-[N&D3&v3&H0&+0&R:3]-[C&D2&v4&H1&+0&R&z1:4]=[C&D2&v4&H1&+0&R&z0:5]-[C&D2&v4&H2&+0&R&z0:6]-1.[O&D1&v2&H0&+0&!R:7]=[O&D1&v2&H0&+0&!R:8].[c&D3&v4&H0&+0&R&z0:9]-[C&D3&v4&H0&+0&!R&z2:10]-[O&D1&v2&H1&+0&!R:11]>>[O&D0&v2&H2&+0&!R:8].[O&D1&v2&H0&+0&!R:11]=[C&D2&v4&H0&+0&!R&z2:10].[c&D3&v4&H0&+0&R&z0:1]1:[c&D2&v4&H1&+0&R&z0:6]:[c&D2&v4&H1&+0&R&z0:5]:[c&D2&v4&H1&+0&R&z1:4]:[n&D3&v4&H0&+&R:3]:[c&D2&v4&H1&+0&R&z1:2]:1.[c&D3&v4&H0&+0&R&z1:9]-[O&D1&v2&H1&+0&!R:7]	WATER;CO2;NAD_CoF;Any
1625_0	Any;AMINO_CoF	[C&D3&v4&H0&+0&!R&z2:1]=[O&D1&v2&H0&+0&!R:2].[N&D1&v3&H2&+0&!R:3]-[C&D2&v4&H2&+0&!R&z1:4]>>[C&D3&v4&H1&+0&!R&z2:1]-[N&D1&v3&H2&+0&!R:3].[O&D1&v2&H0&+0&!R:2]=[C&D2&v4&H1&+0&!R&z1:4]	Any;CARBONYL_CoF
1625_1	Any;Any	[C&D3&v4&H0&+0&!R&z2:1]=[O&D1&v2&H0&+0&!R:2].[N&D1&v3&H2&+0&!R:3]-[C&D2&v4&H2&+0&!R&z1:4]>>[C&D3&v4&H1&+0&!R&z2:1]-[N&D1&v3&H2&+0&!R:3].[O&D1&v2&H0&+0&!R:2]=[C&D2&v4&H1&+0&!R&z1:4]	Any;Any
1625_2	CARBONYL_CoF;AMINO_CoF	[C&D3&v4&H0&+0&!R&z2:1]=[O&D1&v2&H0&+0&!R:2].[N&D1&v3&H2&+0&!R:3]-[C&D2&v4&H2&+0&!R&z1:4]>>[C&D3&v4&H1&+0&!R&z2:1]-[N&D1&v3&H2&+0&!R:3].[O&D1&v2&H0&+0&!R:2]=[C&D2&v4&H1&+0&!R&z1:4]	AMINO_CoF;CARBONYL_CoF
711_0	Any;WATER	[C&D3&v4&H0&+0&!R&z1:1](=[O&D1&v2&H0&+0&!R:2])-[C&D2&v4&H1&+0&!R&z1:3].[O&D0&v2&H2&+0&!R:4]>>[C&D3&v4&H1&+0&!R&z1:1](-[O&D1&v2&H1&+0&!R:2])-[C&D3&v4&H0&+0&!R&z2:3]-[O&D1&v2&H1&+0&!R:4]	Any
1741_0	O2;Any	[O&D1&v2&H0&+0&!R:1]=[O&D1&v2&H0&+0&!R:2].[S&D1&v2&H1&+0&!R:3]>>[S&D3&v4&H0&+0&!R:3](=[O&D1&v2&H0&+0&!R:1])-[O&D1&v2&H1&+0&!R:2]	Any
1230_0	Any	([C&D2&v4&H1&+0&!R&z0:1].[O&D2&v2&H0&+0&!R:2]-[O&D1&v2&H1&+0&!R:3])>>[O&D0&v2&H2&+0&!R:3].[O&D2&v2&H0&+0&R:2]-[C&D3&v4&H0&+0&R&z1:1]	WATER;Any
1167_0	Any;WATER	[N&D3&v3&H0&+0&R:1]-[C&D2&v4&H2&+0&R&z2:2]-[N&D3&v3&H0&+0&R:3].[O&D0&v2&H2&+0&!R:4]>>[C&D1&v4&H2&+0&!R&z1:2]=[O&D1&v2&H0&+0&!R:4].([N&D2&v3&H1&+0&!R:3].[N&D2&v3&H1&+0&R:1])	Any;Any
1604_0	Any;H2O2	[C&D3&v4&H0&+0&R&z0:1]1=[C&D2&v4&H1&+0&R&z1:2]-[N&D3&v3&H0&+0&R:3]-[C&D2&v4&H1&+0&R&z1:4]=[C&D2&v4&H1&+0&R&z0:5]-[C&D2&v4&H2&+0&R&z0:6]-1.[O&D1&v2&H1&+0&!R:7]-[O&D1&v2&H1&+0&!R:8]>>[O&D0&v2&H2&+0&!R:7].[O&D0&v2&H2&+0&!R:8].[c&D3&v4&H0&+0&R&z0:1]1:[c&D2&v4&H1&+0&R&z0:6]:[c&D2&v4&H1&+0&R&z0:5]:[c&D2&v4&H1&+0&R&z1:4]:[n&D3&v4&H0&+&R:3]:[c&D2&v4&H1&+0&R&z1:2]:1	WATER;WATER;Any
1604_1	NADH_CoF;H2O2	[C&D3&v4&H0&+0&R&z0:1]1=[C&D2&v4&H1&+0&R&z1:2]-[N&D3&v3&H0&+0&R:3]-[C&D2&v4&H1&+0&R&z1:4]=[C&D2&v4&H1&+0&R&z0:5]-[C&D2&v4&H2&+0&R&z0:6]-1.[O&D1&v2&H1&+0&!R:7]-[O&D1&v2&H1&+0&!R:8]>>[O&D0&v2&H2&+0&!R:7].[O&D0&v2&H2&+0&!R:8].[c&D3&v4&H0&+0&R&z0:1]1:[c&D2&v4&H1&+0&R&z0:6]:[c&D2&v4&H1&+0&R&z0:5]:[c&D2&v4&H1&+0&R&z1:4]:[n&D3&v4&H0&+&R:3]:[c&D2&v4&H1&+0&R&z1:2]:1	WATER;WATER;NAD_CoF
934_0	Any	([C&D3&v4&H0&+0&!R&z0:1](-[C&D1&v4&H3&+0&!R&z0:2])=[C&D2&v4&H1&+0&!R&z0:3]-[C&D2&v4&H2&+0&!R&z1:4]-[O&D2&v2&H0&+0&!R:5].[C&D3&v4&H0&+0&!R&z0:6]=[C&D2&v4&H1&+0&!R&z0:7].[C&D3&v4&H0&+0&!R&z0:8]=[C&D2&v4&H1&+0&!R&z0:9])>>[C&D1&v4&H2&+0&!R&z0:2]=[C&D3&v4&H0&+0&R&z0:1]-[C&D2&v4&H1&+0&R&z0:3]=[C&D3&v4&H0&+0&R&z0:4](-[C&D3&v4&H1&+0&R&z0:7]-[C&D3&v4&H1&+0&!R&z0:6])-[C&D3&v4&H1&+0&R&z0:9]-[C&D3&v4&H1&+0&R&z0:8].[O&D1&v2&H1&+0&!R:5]	Any;PPI
1037_0	Any;WATER;Any	[C&D3&v4&H1&+0&!R&z1:1]-[O&D1&v2&H1&+0&!R:2].[O&D0&v2&H2&+0&!R:3].[c&D3&v4&H0&+0&R&z0:4]1:[c&D2&v4&H1&+0&R&z0:5]:[c&D2&v4&H1&+0&R&z0:6]:[c&D2&v4&H1&+0&R&z1:7]:[n&D3&v4&H0&+&R:8]:[c&D2&v4&H1&+0&R&z1:9]:1>>[C&D2&v4&H2&+0&!R&z0:1].[C&D3&v4&H0&+0&R&z0:4]1=[C&D2&v4&H1&+0&R&z1:9]-[N&D3&v3&H0&+0&R:8]-[C&D2&v4&H1&+0&R&z1:7]=[C&D2&v4&H1&+0&R&z0:6]-[C&D2&v4&H2&+0&R&z0:5]-1.[O&D1&v2&H0&+0&!R:2]=[O&D1&v2&H0&+0&!R:3]	Any;Any;O2
1037_1	Any;WATER;NAD_CoF	[C&D3&v4&H1&+0&!R&z1:1]-[O&D1&v2&H1&+0&!R:2].[O&D0&v2&H2&+0&!R:3].[c&D3&v4&H0&+0&R&z0:4]1:[c&D2&v4&H1&+0&R&z0:5]:[c&D2&v4&H1&+0&R&z0:6]:[c&D2&v4&H1&+0&R&z1:7]:[n&D3&v4&H0&+&R:8]:[c&D2&v4&H1&+0&R&z1:9]:1>>[C&D2&v4&H2&+0&!R&z0:1].[C&D3&v4&H0&+0&R&z0:4]1=[C&D2&v4&H1&+0&R&z1:9]-[N&D3&v3&H0&+0&R:8]-[C&D2&v4&H1&+0&R&z1:7]=[C&D2&v4&H1&+0&R&z0:6]-[C&D2&v4&H2&+0&R&z0:5]-1.[O&D1&v2&H0&+0&!R:2]=[O&D1&v2&H0&+0&!R:3]	Any;NADH_CoF;O2
568_0	Any;Any	[C&D1&v4&H2&+0&!R&z0:1].[C&D3&v4&H0&+0&!R&z2:2]-[O&D1&v2&H1&+0&!R:3]>>[C&D3&v4&H0&+0&!R&z1:2]-[C&D2&v4&H1&+0&!R&z0:1].[O&D0&v2&H2&+0&!R:3]	Any;WATER
865_0	Any;Any	[C&D2&v4&H2&+0&!R&z1:1]-[C&D3&v4&H0&+0&!R&z2:2]-[O&D1&v2&H1&+0&!R:3].[S&D2&v2&H0&+0&!R:4]-[C&D3&v4&H0&+0&!R&z2:5]>>[C&D2&v4&H2&+0&!R&z1:1]-[C&D3&v4&H0&+0&!R&z1:5].[O&D1&v2&H0&+0&!R:3]=[C&D2&v4&H0&+0&!R&z2:2].[S&D1&v2&H1&+0&!R:4]	Any;CO2;CoA
1739_0	Any	[S&D3&v4&H0&+0&!R:1](=[O&D1&v2&H0&+0&!R:2])-[O&D1&v2&H1&+0&!R:3]>>[O&D1&v2&H0&+0&!R:2]=[O&D1&v2&H0&+0&!R:3].[S&D1&v2&H1&+0&!R:1]	O2;Any
45_0	Any;Any;PPI	[C&D2&v4&H2&+0&!R&z1:1]-[O&D1&v2&H1&+0&!R:2].[O&D1&v2&H1&+0&!R:3].[P&D4&v5&H0&+0&!R:4]-[O&D1&v2&H1&+0&!R:5]>>[C&D2&v4&H2&+0&!R&z1:1]-[O&D1&v2&H1&+0&!R:5].[O&D0&v2&H2&+0&!R:2].[O&D2&v2&H0&+0&!R:3]-[P&D4&v5&H0&+0&!R:4]	Any;WATER;Any
45_1	Any;Any;Pi	[C&D2&v4&H2&+0&!R&z1:1]-[O&D1&v2&H1&+0&!R:2].[O&D1&v2&H1&+0&!R:3].[P&D4&v5&H0&+0&!R:4]-[O&D1&v2&H1&+0&!R:5]>>[C&D2&v4&H2&+0&!R&z1:1]-[O&D1&v2&H1&+0&!R:5].[O&D0&v2&H2&+0&!R:2].[O&D2&v2&H0&+0&!R:3]-[P&D4&v5&H0&+0&!R:4]	Any;WATER;Any
45_2	Any;PHOSPHATE_ACCEPTOR_CoF;Pi	[C&D2&v4&H2&+0&!R&z1:1]-[O&D1&v2&H1&+0&!R:2].[O&D1&v2&H1&+0&!R:3].[P&D4&v5&H0&+0&!R:4]-[O&D1&v2&H1&+0&!R:5]>>[C&D2&v4&H2&+0&!R&z1:1]-[O&D1&v2&H1&+0&!R:5].[O&D0&v2&H2&+0&!R:2].[O&D2&v2&H0&+0&!R:3]-[P&D4&v5&H0&+0&!R:4]	Any;WATER;PHOSPHATE_DONOR_CoF
45_3	Any;PYROPHOSPHATE_ACCEPTOR_CoF;PPI	[C&D2&v4&H2&+0&!R&z1:1]-[O&D1&v2&H1&+0&!R:2].[O&D1&v2&H1&+0&!R:3].[P&D4&v5&H0&+0&!R:4]-[O&D1&v2&H1&+0&!R:5]>>[C&D2&v4&H2&+0&!R&z1:1]-[O&D1&v2&H1&+0&!R:5].[O&D0&v2&H2&+0&!R:2].[O&D2&v2&H0&+0&!R:3]-[P&D4&v5&H0&+0&!R:4]	Any;WATER;PYROPHOSPHATE_DONOR_CoF
755_0	Any;WATER	([C&D1&v4&H3&+0&!R&z0:1].[C&D3&v4&H0&+0&R&z1:2]=[O&D1&v2&H0&+0&!R:3]).[O&D0&v2&H2&+0&!R:4]>>([C&D2&v4&H2&+0&!R&z1:1]-[O&D1&v2&H1&+0&!R:4].[C&D3&v4&H1&+0&R&z1:2]-[O&D1&v2&H1&+0&!R:3])	Any
1262_0	Any	([C&D3&v4&H1&+0&!R&z1:1]-[S&D2&v2&H0&+0&!R:2].[O&D1&v2&H1&+0&!R:3])>>[O&D2&v2&H0&+0&R:3]-[C&D3&v4&H1&+0&R&z1:1].[S&D1&v2&H1&+0&!R:2]	Any;Any
1468_0	Any	[C&D3&v4&H1&+0&R&z1:1](-[O&D1&v2&H1&+0&!R:2])-[C&D3&v4&H1&+0&R&z1:3]-[O&D1&v2&H1&+0&!R:4]>>[C&D2&v4&H2&+0&R&z0:3]-[C&D3&v4&H0&+0&R&z1:1]=[O&D1&v2&H0&+0&!R:2].[O&D0&v2&H2&+0&!R:4]	Any;WATER
665_0	Any;Any	[C&D1&v4&H3&+0&!R&z0:1]-[C&D3&v4&H0&+0&!R&z1:2]=[O&D1&v2&H0&+0&!R:3].[c&D3&v4&H0&+0&R&z1:4]1:[c&D2&v4&H1&+0&R&z0:5]:[c&D2&v4&H1&+0&R&z0:6]:[c&D3&v4&H0&+0&R&z0:7]:[c&D2&v4&H1&+0&R&z0:8]:[c&D2&v4&H1&+0&R&z0:9]:1>>[C&D1&v4&H2&+0&!R&z0:1]=[C&D3&v4&H0&+0&!R&z1:2]-[O&D2&v2&H0&+0&!R:3]-[C&D3&v4&H1&+0&R&z1:5]1-[C&D2&v4&H1&+0&R&z0:6]=[C&D3&v4&H0&+0&R&z0:7]-[C&D2&v4&H1&+0&R&z0:8]=[C&D2&v4&H1&+0&R&z0:9]-[C&D3&v4&H1&+0&R&z1:4]-1	Any
1105_0	Any	[C&D3&v4&H1&+0&!R&z1:1](-[O&D1&v2&H1&+0&!R:2])-[C&D2&v4&H2&+0&!R&z1:3]-[O&D1&v2&H1&+0&!R:4]>>[C&D2&v4&H2&+0&!R&z0:1]-[C&D2&v4&H1&+0&!R&z1:3]=[O&D1&v2&H0&+0&!R:4].[O&D0&v2&H2&+0&!R:2]	Any;WATER
1165_0	Any;Any	[N&D3&v3&H0&+0&R:1]-[C&D2&v4&H2&+0&R&z2:2].[c&D3&v4&H0&+0&R&z0:3]1:[c&D2&v4&H1&+0&R&z0:4]:[c&D2&v4&H1&+0&R&z0:5]:[c&D2&v4&H1&+0&R&z1:6]:[n&D3&v4&H0&+&R:7]:[c&D2&v4&H1&+0&R&z1:8]:1>>[C&D3&v4&H0&+0&R&z0:3]1=[C&D2&v4&H1&+0&R&z1:8]-[N&D3&v3&H0&+0&R:7]-[C&D2&v4&H1&+0&R&z1:6]=[C&D2&v4&H1&+0&R&z0:5]-[C&D2&v4&H2&+0&R&z0:4]-1.[N&D3&v4&H0&+&R:1]=[C&D2&v4&H1&+0&R&z2:2]	Any;Any
1165_1	Any;NAD_CoF	[N&D3&v3&H0&+0&R:1]-[C&D2&v4&H2&+0&R&z2:2].[c&D3&v4&H0&+0&R&z0:3]1:[c&D2&v4&H1&+0&R&z0:4]:[c&D2&v4&H1&+0&R&z0:5]:[c&D2&v4&H1&+0&R&z1:6]:[n&D3&v4&H0&+&R:7]:[c&D2&v4&H1&+0&R&z1:8]:1>>[C&D3&v4&H0&+0&R&z0:3]1=[C&D2&v4&H1&+0&R&z1:8]-[N&D3&v3&H0&+0&R:7]-[C&D2&v4&H1&+0&R&z1:6]=[C&D2&v4&H1&+0&R&z0:5]-[C&D2&v4&H2&+0&R&z0:4]-1.[N&D3&v4&H0&+&R:1]=[C&D2&v4&H1&+0&R&z2:2]	NADH_CoF;Any
1505_0	Any;NH3	[C&D3&v4&H0&+0&!R&z2:1](=[O&D1&v2&H0&+0&!R:2])-[O&D1&v2&H1&+0&!R:3].[N&D0&v3&H3&+0&!R:4]>>[N&D1&v3&H0&+0&!R:4]#[C&D2&v4&H0&+0&!R&z1:1].[O&D0&v2&H2&+0&!R:2].[O&D0&v2&H2&+0&!R:3]	Any;WATER;WATER
234_0	Any;Any	[O&D1&v2&H1&+0&!R:1].[n&D3&v4&H0&+&R:2]-[C&D3&v4&H1&+0&R&z2:3]>>[O&D2&v2&H0&+0&!R:1]-[C&D3&v4&H1&+0&R&z2:3].[n&D2&v3&H0&+0&R:2]	Any;Any
234_1	GLUCOSYL_ACCEPTOR_CoF;Any	[O&D1&v2&H1&+0&!R:1].[n&D3&v4&H0&+&R:2]-[C&D3&v4&H1&+0&R&z2:3]>>[O&D2&v2&H0&+0&!R:1]-[C&D3&v4&H1&+0&R&z2:3].[n&D2&v3&H0&+0&R:2]	GLUCOSYL_DONOR_CoF;Any
234_2	PPI;Any	[O&D1&v2&H1&+0&!R:1].[n&D3&v4&H0&+&R:2]-[C&D3&v4&H1&+0&R&z2:3]>>[O&D2&v2&H0&+0&!R:1]-[C&D3&v4&H1&+0&R&z2:3].[n&D2&v3&H0&+0&R:2]	Any;Any
234_3	Pi;Any	[O&D1&v2&H1&+0&!R:1].[n&D3&v4&H0&+&R:2]-[C&D3&v4&H1&+0&R&z2:3]>>[O&D2&v2&H0&+0&!R:1]-[C&D3&v4&H1&+0&R&z2:3].[n&D2&v3&H0&+0&R:2]	Any;Any
361_0	Any;Any	[O&D1&v2&H1&+0&!R:1].[c&D3&v4&H0&+0&R&z1:2]-[O&D1&v2&H1&+0&!R:3]>>[O&D0&v2&H2&+0&!R:3].[c&D3&v4&H0&+0&R&z1:2]-[O&D2&v2&H0&+0&!R:1]	WATER;Any
361_1	SULFATE;Any	[O&D1&v2&H1&+0&!R:1].[c&D3&v4&H0&+0&R&z1:2]-[O&D1&v2&H1&+0&!R:3]>>[O&D0&v2&H2&+0&!R:3].[c&D3&v4&H0&+0&R&z1:2]-[O&D2&v2&H0&+0&!R:1]	WATER;Any
885_0	Any	[C&D4&v4&H0&+0&!R&z1:1](-[O&D1&v2&H1&+0&!R:2])-[C&D2&v4&H2&+0&!R&z0:3]>>[C&D3&v4&H0&+0&!R&z0:1]=[C&D2&v4&H1&+0&!R&z0:3].[O&D0&v2&H2&+0&!R:2]	Any;WATER
349_0	Any;Any	[C&D1&v4&H3&+0&!R&z0:1].[S&D2&v2&H0&+0&!R:2]-[S&D1&v2&H1&+0&!R:3]>>[C&D2&v4&H2&+0&!R&z1:1]-[S&D1&v2&H1&+0&!R:3].[S&D1&v2&H1&+0&!R:2]	Any;Any
2129_0	Any	([C&D3&v4&H1&+0&R&z2:1]-[O&D2&v2&H0&+0&!R:2].[O&D1&v2&H1&+0&!R:3])>>([O&D1&v2&H1&+0&!R:2].[O&D2&v2&H0&+0&!R:3]-[C&D3&v4&H1&+0&R&z2:1])	Any
342_0	Any;Any	[C&D1&v4&H3&+0&!R&z1:1]-[S&D3&v3&H0&+&!R:2].[S&D1&v2&H1&+0&!R:3]>>[S&D2&v2&H0&+0&!R:2].[S&D2&v2&H0&+0&!R:3]-[C&D1&v4&H3&+0&!R&z1:1]	Any;Any
342_1	METHYL_DONOR_CoF;Any	[C&D1&v4&H3&+0&!R&z1:1]-[S&D3&v3&H0&+&!R:2].[S&D1&v2&H1&+0&!R:3]>>[S&D2&v2&H0&+0&!R:2].[S&D2&v2&H0&+0&!R:3]-[C&D1&v4&H3&+0&!R&z1:1]	METHYL_ACCEPTOR_CoF;Any
342_2	METHYL_DONOR_CoF;Any	[C&D1&v4&H3&+0&!R&z1:1]-[S&D3&v3&H0&+&!R:2].[S&D1&v2&H1&+0&!R:3]>>[S&D2&v2&H0&+0&!R:2].[S&D2&v2&H0&+0&!R:3]-[C&D1&v4&H3&+0&!R&z1:1]	METHYL_ACCEPTOR_CoF;METHYL_ACCEPTOR_CoF
1463_0	Any;O2;Any	[C&D3&v4&H0&+0&R&z0:1]1=[C&D2&v4&H1&+0&R&z1:2]-[N&D3&v3&H0&+0&R:3]-[C&D2&v4&H1&+0&R&z1:4]=[C&D2&v4&H1&+0&R&z0:5]-[C&D2&v4&H2&+0&R&z0:6]-1.[O&D1&v2&H0&+0&!R:7]=[O&D1&v2&H0&+0&!R:8].[c&D2&v4&H1&+0&R&z0:9]:[c&D3&v4&H0&+0&R&z1:10]-[N&D3&v4&H0&+&!R:11]>>[N&D2&v3&H0&+0&!R:11].[c&D3&v4&H0&+0&R&z0:1]1:[c&D2&v4&H1&+0&R&z0:6]:[c&D2&v4&H1&+0&R&z0:5]:[c&D2&v4&H1&+0&R&z1:4]:[n&D3&v4&H0&+&R:3]:[c&D2&v4&H1&+0&R&z1:2]:1.[c&D3&v4&H0&+0&R&z1:9](-[O&D1&v2&H1&+0&!R:7]):[c&D3&v4&H0&+0&R&z1:10]-[O&D1&v2&H1&+0&!R:8]	Any;Any;Any
1463_1	NADH_CoF;O2;Any	[C&D3&v4&H0&+0&R&z0:1]1=[C&D2&v4&H1&+0&R&z1:2]-[N&D3&v3&H0&+0&R:3]-[C&D2&v4&H1&+0&R&z1:4]=[C&D2&v4&H1&+0&R&z0:5]-[C&D2&v4&H2&+0&R&z0:6]-1.[O&D1&v2&H0&+0&!R:7]=[O&D1&v2&H0&+0&!R:8].[c&D2&v4&H1&+0&R&z0:9]:[c&D3&v4&H0&+0&R&z1:10]-[N&D3&v4&H0&+&!R:11]>>[N&D2&v3&H0&+0&!R:11].[c&D3&v4&H0&+0&R&z0:1]1:[c&D2&v4&H1&+0&R&z0:6]:[c&D2&v4&H1&+0&R&z0:5]:[c&D2&v4&H1&+0&R&z1:4]:[n&D3&v4&H0&+&R:3]:[c&D2&v4&H1&+0&R&z1:2]:1.[c&D3&v4&H0&+0&R&z1:9](-[O&D1&v2&H1&+0&!R:7]):[c&D3&v4&H0&+0&R&z1:10]-[O&D1&v2&H1&+0&!R:8]	Any;NAD_CoF;Any
2114_0	Any;Any	[C&D3&v4&H1&+0&R&z2:1]-[S&D2&v2&H0&+0&!R:2].[O&D1&v2&H1&+0&!R:3]>>[O&D2&v2&H0&+0&!R:3]-[C&D3&v4&H1&+0&R&z2:1].[S&D1&v2&H1&+0&!R:2]	Any;Any
2114_1	Any;GLUCOSYL_ACCEPTOR_CoF	[C&D3&v4&H1&+0&R&z2:1]-[S&D2&v2&H0&+0&!R:2].[O&D1&v2&H1&+0&!R:3]>>[O&D2&v2&H0&+0&!R:3]-[C&D3&v4&H1&+0&R&z2:1].[S&D1&v2&H1&+0&!R:2]	GLUCOSYL_DONOR_CoF;Any
1242_0	Any;O2	[C&D2&v4&H2&+0&!R&z0:1].[O&D1&v2&H0&+0&!R:2]=[O&D1&v2&H0&+0&!R:3]>>[C&D3&v4&H1&+0&!R&z1:1]-[O&D2&v2&H0&+0&!R:2]-[O&D1&v2&H1&+0&!R:3]	Any
1556_0	Any;Any;Any	[C&D3&v4&H0&+0&R&z0:1]1=[C&D2&v4&H1&+0&R&z1:2]-[N&D3&v3&H0&+0&R:3]-[C&D2&v4&H1&+0&R&z1:4]=[C&D2&v4&H1&+0&R&z0:5]-[C&D2&v4&H2&+0&R&z0:6]-1.[C&D3&v4&H0&+0&R&z0:7]1=[C&D2&v4&H1&+0&R&z1:8]-[N&D3&v3&H0&+0&R:9]-[C&D2&v4&H1&+0&R&z1:10]=[C&D2&v4&H1&+0&R&z0:11]-[C&D2&v4&H2&+0&R&z0:12]-1.[O&D1&v2&H0&+0&!R:13]=[C&D3&v4&H0&+0&!R&z2:14]-[O&D1&v2&H1&+0&!R:15]>>[C&D2&v4&H2&+0&!R&z1:14]-[O&D1&v2&H1&+0&!R:15].[O&D0&v2&H2&+0&!R:13].[c&D3&v4&H0&+0&R&z0:7]1:[c&D2&v4&H1&+0&R&z0:12]:[c&D2&v4&H1&+0&R&z0:11]:[c&D2&v4&H1&+0&R&z1:10]:[n&D3&v4&H0&+&R:9]:[c&D2&v4&H1&+0&R&z1:8]:1.[c&D3&v4&H0&+0&R&z0:1]1:[c&D2&v4&H1&+0&R&z0:6]:[c&D2&v4&H1&+0&R&z0:5]:[c&D2&v4&H1&+0&R&z1:4]:[n&D3&v4&H0&+&R:3]:[c&D2&v4&H1&+0&R&z1:2]:1	Any;WATER;Any;Any
1556_1	NADH_CoF;NADH_CoF;Any	[C&D3&v4&H0&+0&R&z0:1]1=[C&D2&v4&H1&+0&R&z1:2]-[N&D3&v3&H0&+0&R:3]-[C&D2&v4&H1&+0&R&z1:4]=[C&D2&v4&H1&+0&R&z0:5]-[C&D2&v4&H2&+0&R&z0:6]-1.[C&D3&v4&H0&+0&R&z0:7]1=[C&D2&v4&H1&+0&R&z1:8]-[N&D3&v3&H0&+0&R:9]-[C&D2&v4&H1&+0&R&z1:10]=[C&D2&v4&H1&+0&R&z0:11]-[C&D2&v4&H2&+0&R&z0:12]-1.[O&D1&v2&H0&+0&!R:13]=[C&D3&v4&H0&+0&!R&z2:14]-[O&D1&v2&H1&+0&!R:15]>>[C&D2&v4&H2&+0&!R&z1:14]-[O&D1&v2&H1&+0&!R:15].[O&D0&v2&H2&+0&!R:13].[c&D3&v4&H0&+0&R&z0:7]1:[c&D2&v4&H1&+0&R&z0:12]:[c&D2&v4&H1&+0&R&z0:11]:[c&D2&v4&H1&+0&R&z1:10]:[n&D3&v4&H0&+&R:9]:[c&D2&v4&H1&+0&R&z1:8]:1.[c&D3&v4&H0&+0&R&z0:1]1:[c&D2&v4&H1&+0&R&z0:6]:[c&D2&v4&H1&+0&R&z0:5]:[c&D2&v4&H1&+0&R&z1:4]:[n&D3&v4&H0&+&R:3]:[c&D2&v4&H1&+0&R&z1:2]:1	Any;WATER;NAD_CoF;NAD_CoF
415_0	Any;Any	[N&D4&v4&H0&+&R:1]-[C&D1&v4&H3&+0&!R&z1:2].[S&D2&v2&H0&+0&!R:3]>>[C&D1&v4&H3&+0&!R&z1:2]-[S&D3&v3&H0&+&!R:3].[N&D3&v3&H0&+0&R:1]	Any;Any
415_1	Any;METHYL_ACCEPTOR_CoF	[N&D4&v4&H0&+&R:1]-[C&D1&v4&H3&+0&!R&z1:2].[S&D2&v2&H0&+0&!R:3]>>[C&D1&v4&H3&+0&!R&z1:2]-[S&D3&v3&H0&+&!R:3].[N&D3&v3&H0&+0&R:1]	METHYL_DONOR_CoF;Any
1416_0	Any;Any	[C&D1&v4&H3&+0&!R&z1:1]-[#33:2]=[O&D1&v2&H0&+0&!R:3].[S&D2&v2&H0&+0&!R:4]>>[#33:2]-[O&D1&v2&H1&+0&!R:3].[C&D1&v4&H3&+0&!R&z1:1]-[S&D3&v3&H0&+&!R:4]	Any;Any
1416_1	Any;METHYL_ACCEPTOR_CoF	[C&D1&v4&H3&+0&!R&z1:1]-[#33:2]=[O&D1&v2&H0&+0&!R:3].[S&D2&v2&H0&+0&!R:4]>>[#33:2]-[O&D1&v2&H1&+0&!R:3].[C&D1&v4&H3&+0&!R&z1:1]-[S&D3&v3&H0&+&!R:4]	Any;METHYL_DONOR_CoF
1405_0	Any;Any	[N&D2&v3&H1&+0&!R:1]-[C&D2&v4&H2&+0&!R&z1:2].[S&D2&v2&H0&+0&!R:3]>>[N&D1&v3&H2&+0&!R:1].[S&D3&v3&H0&+&!R:3]-[C&D2&v4&H2&+0&!R&z1:2]	Any;Any
1679_0	Any;Any	[O&D1&v2&H1&+0&!R:1]-[C&D3&v4&H1&+0&R&z1:2]1-[C&D2&v4&H1&+0&R&z0:3]=[C&D2&v4&H1&+0&R&z0:4]-[C&D2&v4&H1&+0&R&z0:5]=[C&D3&v4&H0&+0&R&z1:6]-[C&D3&v4&H1&+0&R&z1:7]-1-[O&D1&v2&H1&+0&!R:8].[c&D3&v4&H0&+0&R&z0:9]1:[c&D2&v4&H1&+0&R&z0:10]:[c&D2&v4&H1&+0&R&z0:11]:[c&D2&v4&H1&+0&R&z1:12]:[n&D3&v4&H0&+&R:13]:[c&D2&v4&H1&+0&R&z1:14]:1>>[C&D3&v4&H0&+0&R&z0:9]1=[C&D2&v4&H1&+0&R&z1:14]-[N&D3&v3&H0&+0&R:13]-[C&D2&v4&H1&+0&R&z1:12]=[C&D2&v4&H1&+0&R&z0:11]-[C&D2&v4&H2&+0&R&z0:10]-1.[O&D1&v2&H0&+0&!R:8]=[O&D1&v2&H0&+0&!R:1].[c&D3&v4&H0&+0&R&z1:6]1:[c&D2&v4&H1&+0&R&z0:5]:[c&D2&v4&H1&+0&R&z0:4]:[c&D2&v4&H1&+0&R&z0:3]:[c&D2&v4&H1&+0&R&z0:2]:[c&D2&v4&H1&+0&R&z0:7]:1	Any;O2;Any
1679_1	Any;NAD_CoF	[O&D1&v2&H1&+0&!R:1]-[C&D3&v4&H1&+0&R&z1:2]1-[C&D2&v4&H1&+0&R&z0:3]=[C&D2&v4&H1&+0&R&z0:4]-[C&D2&v4&H1&+0&R&z0:5]=[C&D3&v4&H0&+0&R&z1:6]-[C&D3&v4&H1&+0&R&z1:7]-1-[O&D1&v2&H1&+0&!R:8].[c&D3&v4&H0&+0&R&z0:9]1:[c&D2&v4&H1&+0&R&z0:10]:[c&D2&v4&H1&+0&R&z0:11]:[c&D2&v4&H1&+0&R&z1:12]:[n&D3&v4&H0&+&R:13]:[c&D2&v4&H1&+0&R&z1:14]:1>>[C&D3&v4&H0&+0&R&z0:9]1=[C&D2&v4&H1&+0&R&z1:14]-[N&D3&v3&H0&+0&R:13]-[C&D2&v4&H1&+0&R&z1:12]=[C&D2&v4&H1&+0&R&z0:11]-[C&D2&v4&H2&+0&R&z0:10]-1.[O&D1&v2&H0&+0&!R:8]=[O&D1&v2&H0&+0&!R:1].[c&D3&v4&H0&+0&R&z1:6]1:[c&D2&v4&H1&+0&R&z0:5]:[c&D2&v4&H1&+0&R&z0:4]:[c&D2&v4&H1&+0&R&z0:3]:[c&D2&v4&H1&+0&R&z0:2]:[c&D2&v4&H1&+0&R&z0:7]:1	NADH_CoF;O2;Any
1586_0	Any;Any	[C&D3&v4&H0&+0&R&z0:1]1=[C&D2&v4&H1&+0&R&z1:2]-[N&D3&v3&H0&+0&R:3]-[C&D2&v4&H1&+0&R&z1:4]=[C&D2&v4&H1&+0&R&z0:5]-[C&D2&v4&H2&+0&R&z0:6]-1.[O&D1&v2&H0&+0&!R:7]=[C&D3&v4&H0&+0&R&z1:8]1-[C&D2&v4&H1&+0&R&z0:9]=[C&D2&v4&H1&+0&R&z0:10]-[C&D3&v4&H0&+0&R&z1:11](=[O&D1&v2&H0&+0&!R:12])-[C&D3&v4&H0&+0&R&z1:13]=[C&D2&v4&H1&+0&R&z0:14]-1>>[O&D1&v2&H1&+0&!R:7]-[c&D3&v4&H0&+0&R&z1:8]1:[c&D2&v4&H1&+0&R&z0:9]:[c&D2&v4&H1&+0&R&z0:10]:[c&D3&v4&H0&+0&R&z1:11](-[O&D1&v2&H1&+0&!R:12]):[c&D3&v4&H0&+0&R&z1:13]:[c&D2&v4&H1&+0&R&z0:14]:1.[c&D3&v4&H0&+0&R&z0:1]1:[c&D2&v4&H1&+0&R&z0:6]:[c&D2&v4&H1&+0&R&z0:5]:[c&D2&v4&H1&+0&R&z1:4]:[n&D3&v4&H0&+&R:3]:[c&D2&v4&H1&+0&R&z1:2]:1	Any;Any
1586_1	NADH_CoF;Any	[C&D3&v4&H0&+0&R&z0:1]1=[C&D2&v4&H1&+0&R&z1:2]-[N&D3&v3&H0&+0&R:3]-[C&D2&v4&H1&+0&R&z1:4]=[C&D2&v4&H1&+0&R&z0:5]-[C&D2&v4&H2&+0&R&z0:6]-1.[O&D1&v2&H0&+0&!R:7]=[C&D3&v4&H0&+0&R&z1:8]1-[C&D2&v4&H1&+0&R&z0:9]=[C&D2&v4&H1&+0&R&z0:10]-[C&D3&v4&H0&+0&R&z1:11](=[O&D1&v2&H0&+0&!R:12])-[C&D3&v4&H0&+0&R&z1:13]=[C&D2&v4&H1&+0&R&z0:14]-1>>[O&D1&v2&H1&+0&!R:7]-[c&D3&v4&H0&+0&R&z1:8]1:[c&D2&v4&H1&+0&R&z0:9]:[c&D2&v4&H1&+0&R&z0:10]:[c&D3&v4&H0&+0&R&z1:11](-[O&D1&v2&H1&+0&!R:12]):[c&D3&v4&H0&+0&R&z1:13]:[c&D2&v4&H1&+0&R&z0:14]:1.[c&D3&v4&H0&+0&R&z0:1]1:[c&D2&v4&H1&+0&R&z0:6]:[c&D2&v4&H1&+0&R&z0:5]:[c&D2&v4&H1&+0&R&z1:4]:[n&D3&v4&H0&+&R:3]:[c&D2&v4&H1&+0&R&z1:2]:1	Any;NAD_CoF
1225_0	Any	[C&D2&v4&H1&+0&!R&z0:1]=[C&D2&v4&H1&+0&!R&z0:2]-[C&D2&v4&H1&+0&!R&z0:3]=[C&D2&v4&H1&+0&!R&z0:4]-[C&D2&v4&H2&+0&!R&z0:5]>>[C&D2&v4&H2&+0&!R&z0:1]-[C&D2&v4&H1&+0&!R&z0:2]=[C&D2&v4&H1&+0&!R&z0:3]-[C&D2&v4&H1&+0&!R&z0:4]=[C&D2&v4&H1&+0&!R&z0:5]	Any
1451_0	Any;Any	[C&D3&v4&H0&+0&R&z0:1]1=[C&D2&v4&H1&+0&R&z1:2]-[N&D3&v3&H0&+0&R:3]-[C&D2&v4&H1&+0&R&z1:4]=[C&D2&v4&H1&+0&R&z0:5]-[C&D2&v4&H2&+0&R&z0:6]-1.[c&D3&v4&H0&+0&R&z0:7]1:[c&D2&v4&H1&+0&R&z1:8]:[n&D2&v3&H1&+0&R:9]:[c&D3&v4&H0&+0&R&z3:10]:[n&D2&v3&H1&+0&R:11]:[c&D3&v4&H0&+0&R&z2:12]:1>>[C&D3&v4&H1&+0&R&z0:7]1-[C&D2&v4&H2&+0&R&z1:8]-[N&D2&v3&H1&+0&R:9]-[C&D3&v4&H0&+0&R&z3:10]-[N&D2&v3&H1&+0&R:11]-[C&D3&v4&H0&+0&R&z2:12]-1.[c&D3&v4&H0&+0&R&z0:1]1:[c&D2&v4&H1&+0&R&z0:6]:[c&D2&v4&H1&+0&R&z0:5]:[c&D2&v4&H1&+0&R&z1:4]:[n&D3&v4&H0&+&R:3]:[c&D2&v4&H1&+0&R&z1:2]:1	Any;Any
1451_1	NADH_CoF;Any	[C&D3&v4&H0&+0&R&z0:1]1=[C&D2&v4&H1&+0&R&z1:2]-[N&D3&v3&H0&+0&R:3]-[C&D2&v4&H1&+0&R&z1:4]=[C&D2&v4&H1&+0&R&z0:5]-[C&D2&v4&H2&+0&R&z0:6]-1.[c&D3&v4&H0&+0&R&z0:7]1:[c&D2&v4&H1&+0&R&z1:8]:[n&D2&v3&H1&+0&R:9]:[c&D3&v4&H0&+0&R&z3:10]:[n&D2&v3&H1&+0&R:11]:[c&D3&v4&H0&+0&R&z2:12]:1>>[C&D3&v4&H1&+0&R&z0:7]1-[C&D2&v4&H2&+0&R&z1:8]-[N&D2&v3&H1&+0&R:9]-[C&D3&v4&H0&+0&R&z3:10]-[N&D2&v3&H1&+0&R:11]-[C&D3&v4&H0&+0&R&z2:12]-1.[c&D3&v4&H0&+0&R&z0:1]1:[c&D2&v4&H1&+0&R&z0:6]:[c&D2&v4&H1&+0&R&z0:5]:[c&D2&v4&H1&+0&R&z1:4]:[n&D3&v4&H0&+&R:3]:[c&D2&v4&H1&+0&R&z1:2]:1	Any;NAD_CoF
1779_0	Any;Any	([N&D1&v3&H2&+0&!R:1].[c&D2&v4&H1&+0&R&z0:2]).[O&D1&v2&H0&+0&!R:3]=[C&D2&v4&H1&+0&!R&z1:4]>>[C&D3&v4&H1&+0&R&z1:4](-[N&D2&v3&H1&+0&R:1])-[c&D3&v4&H0&+0&R&z0:2].[O&D0&v2&H2&+0&!R:3]	Any;WATER
1280_0	Any	([C&D3&v4&H1&+0&!R&z1:1]-[O&D1&v2&H1&+0&!R:2].[O&D1&v2&H1&+0&!R:3])>>([C&D2&v4&H2&+0&!R&z0:1].[O&D2&v2&H0&+0&!R:3]-[O&D1&v2&H1&+0&!R:2])	Any
66_0	Any;Any;Any	[C&D3&v4&H0&+0&!R&z3:1]-[O&D1&v2&H1&+0&!R:2].[P&D4&v5&H0&+0&!R:3]-[O&D2&v2&H0&+0&!R:4].[S&D1&v2&H1&+0&!R:5]>>[O&D1&v2&H1&+0&!R:4].[P&D4&v5&H0&+0&!R:3]-[O&D1&v2&H1&+0&!R:2].[S&D2&v2&H0&+0&!R:5]-[C&D3&v4&H0&+0&!R&z3:1]	PPI;Any;Any
66_1	Any;Any;CoA	[C&D3&v4&H0&+0&!R&z3:1]-[O&D1&v2&H1&+0&!R:2].[P&D4&v5&H0&+0&!R:3]-[O&D2&v2&H0&+0&!R:4].[S&D1&v2&H1&+0&!R:5]>>[O&D1&v2&H1&+0&!R:4].[P&D4&v5&H0&+0&!R:3]-[O&D1&v2&H1&+0&!R:2].[S&D2&v2&H0&+0&!R:5]-[C&D3&v4&H0&+0&!R&z3:1]	PPI;Any;Any
66_2	Any;Any;CoA	[C&D3&v4&H0&+0&!R&z3:1]-[O&D1&v2&H1&+0&!R:2].[P&D4&v5&H0&+0&!R:3]-[O&D2&v2&H0&+0&!R:4].[S&D1&v2&H1&+0&!R:5]>>[O&D1&v2&H1&+0&!R:4].[P&D4&v5&H0&+0&!R:3]-[O&D1&v2&H1&+0&!R:2].[S&D2&v2&H0&+0&!R:5]-[C&D3&v4&H0&+0&!R&z3:1]	Pi;Any;Any
66_3	Any;PHOSPHATE_DONOR_CoF;CoA	[C&D3&v4&H0&+0&!R&z3:1]-[O&D1&v2&H1&+0&!R:2].[P&D4&v5&H0&+0&!R:3]-[O&D2&v2&H0&+0&!R:4].[S&D1&v2&H1&+0&!R:5]>>[O&D1&v2&H1&+0&!R:4].[P&D4&v5&H0&+0&!R:3]-[O&D1&v2&H1&+0&!R:2].[S&D2&v2&H0&+0&!R:5]-[C&D3&v4&H0&+0&!R&z3:1]	Pi;PHOSPHATE_ACCEPTOR_CoF;Any
66_4	Any;PYROPHOSPHATE_DONOR_CoF;Any	[C&D3&v4&H0&+0&!R&z3:1]-[O&D1&v2&H1&+0&!R:2].[P&D4&v5&H0&+0&!R:3]-[O&D2&v2&H0&+0&!R:4].[S&D1&v2&H1&+0&!R:5]>>[O&D1&v2&H1&+0&!R:4].[P&D4&v5&H0&+0&!R:3]-[O&D1&v2&H1&+0&!R:2].[S&D2&v2&H0&+0&!R:5]-[C&D3&v4&H0&+0&!R&z3:1]	PPI;PYROPHOSPHATE_ACCEPTOR_CoF;Any
66_5	Any;PYROPHOSPHATE_DONOR_CoF;CoA	[C&D3&v4&H0&+0&!R&z3:1]-[O&D1&v2&H1&+0&!R:2].[P&D4&v5&H0&+0&!R:3]-[O&D2&v2&H0&+0&!R:4].[S&D1&v2&H1&+0&!R:5]>>[O&D1&v2&H1&+0&!R:4].[P&D4&v5&H0&+0&!R:3]-[O&D1&v2&H1&+0&!R:2].[S&D2&v2&H0&+0&!R:5]-[C&D3&v4&H0&+0&!R&z3:1]	PPI;PYROPHOSPHATE_ACCEPTOR_CoF;Any
284_0	Any;NH3	[C&D3&v4&H0&+0&!R&z3:1](-[N&D1&v3&H2&+0&!R:2])=[O&D1&v2&H0&+0&!R:3].[N&D0&v3&H3&+0&!R:4]>>[C&D3&v4&H0&+0&!R&z3:1](=[N&D1&v3&H1&+0&!R:2])-[N&D1&v3&H2&+0&!R:4].[O&D0&v2&H2&+0&!R:3]	Any;WATER
300_0	Any;Any;Any;Any	[C&D2&v4&H2&+0&!R&z1:1]-[O&D1&v2&H1&+0&!R:2].[S&D1&v2&H1&+0&!R:3].[c&D3&v4&H0&+0&R&z0:4]1:[c&D2&v4&H1&+0&R&z0:5]:[c&D2&v4&H1&+0&R&z0:6]:[c&D2&v4&H1&+0&R&z1:7]:[n&D3&v4&H0&+&R:8]:[c&D2&v4&H1&+0&R&z1:9]:1.[c&D3&v4&H0&+0&R&z0:10]1:[c&D2&v4&H1&+0&R&z0:11]:[c&D2&v4&H1&+0&R&z0:12]:[c&D2&v4&H1&+0&R&z1:13]:[n&D3&v4&H0&+&R:14]:[c&D2&v4&H1&+0&R&z1:15]:1>>[C&D3&v4&H0&+0&R&z0:10]1=[C&D2&v4&H1&+0&R&z1:15]-[N&D3&v3&H0&+0&R:14]-[C&D2&v4&H1&+0&R&z1:13]=[C&D2&v4&H1&+0&R&z0:12]-[C&D2&v4&H2&+0&R&z0:11]-1.[C&D3&v4&H0&+0&R&z0:4]1=[C&D2&v4&H1&+0&R&z1:9]-[N&D3&v3&H0&+0&R:8]-[C&D2&v4&H1&+0&R&z1:7]=[C&D2&v4&H1&+0&R&z0:6]-[C&D2&v4&H2&+0&R&z0:5]-1.[S&D2&v2&H0&+0&!R:3]-[C&D3&v4&H0&+0&!R&z2:1]=[O&D1&v2&H0&+0&!R:2]	Any;Any;Any
300_1	Any;Any;NAD_CoF;NAD_CoF	[C&D2&v4&H2&+0&!R&z1:1]-[O&D1&v2&H1&+0&!R:2].[S&D1&v2&H1&+0&!R:3].[c&D3&v4&H0&+0&R&z0:4]1:[c&D2&v4&H1&+0&R&z0:5]:[c&D2&v4&H1&+0&R&z0:6]:[c&D2&v4&H1&+0&R&z1:7]:[n&D3&v4&H0&+&R:8]:[c&D2&v4&H1&+0&R&z1:9]:1.[c&D3&v4&H0&+0&R&z0:10]1:[c&D2&v4&H1&+0&R&z0:11]:[c&D2&v4&H1&+0&R&z0:12]:[c&D2&v4&H1&+0&R&z1:13]:[n&D3&v4&H0&+&R:14]:[c&D2&v4&H1&+0&R&z1:15]:1>>[C&D3&v4&H0&+0&R&z0:10]1=[C&D2&v4&H1&+0&R&z1:15]-[N&D3&v3&H0&+0&R:14]-[C&D2&v4&H1&+0&R&z1:13]=[C&D2&v4&H1&+0&R&z0:12]-[C&D2&v4&H2&+0&R&z0:11]-1.[C&D3&v4&H0&+0&R&z0:4]1=[C&D2&v4&H1&+0&R&z1:9]-[N&D3&v3&H0&+0&R:8]-[C&D2&v4&H1&+0&R&z1:7]=[C&D2&v4&H1&+0&R&z0:6]-[C&D2&v4&H2&+0&R&z0:5]-1.[S&D2&v2&H0&+0&!R:3]-[C&D3&v4&H0&+0&!R&z2:1]=[O&D1&v2&H0&+0&!R:2]	NADH_CoF;NADH_CoF;Any
300_2	Any;CoA;Any;Any	[C&D2&v4&H2&+0&!R&z1:1]-[O&D1&v2&H1&+0&!R:2].[S&D1&v2&H1&+0&!R:3].[c&D3&v4&H0&+0&R&z0:4]1:[c&D2&v4&H1&+0&R&z0:5]:[c&D2&v4&H1&+0&R&z0:6]:[c&D2&v4&H1&+0&R&z1:7]:[n&D3&v4&H0&+&R:8]:[c&D2&v4&H1&+0&R&z1:9]:1.[c&D3&v4&H0&+0&R&z0:10]1:[c&D2&v4&H1&+0&R&z0:11]:[c&D2&v4&H1&+0&R&z0:12]:[c&D2&v4&H1&+0&R&z1:13]:[n&D3&v4&H0&+&R:14]:[c&D2&v4&H1&+0&R&z1:15]:1>>[C&D3&v4&H0&+0&R&z0:10]1=[C&D2&v4&H1&+0&R&z1:15]-[N&D3&v3&H0&+0&R:14]-[C&D2&v4&H1&+0&R&z1:13]=[C&D2&v4&H1&+0&R&z0:12]-[C&D2&v4&H2&+0&R&z0:11]-1.[C&D3&v4&H0&+0&R&z0:4]1=[C&D2&v4&H1&+0&R&z1:9]-[N&D3&v3&H0&+0&R:8]-[C&D2&v4&H1&+0&R&z1:7]=[C&D2&v4&H1&+0&R&z0:6]-[C&D2&v4&H2&+0&R&z0:5]-1.[S&D2&v2&H0&+0&!R:3]-[C&D3&v4&H0&+0&!R&z2:1]=[O&D1&v2&H0&+0&!R:2]	Any;Any;Any
300_3	Any;CoA;NAD_CoF;NAD_CoF	[C&D2&v4&H2&+0&!R&z1:1]-[O&D1&v2&H1&+0&!R:2].[S&D1&v2&H1&+0&!R:3].[c&D3&v4&H0&+0&R&z0:4]1:[c&D2&v4&H1&+0&R&z0:5]:[c&D2&v4&H1&+0&R&z0:6]:[c&D2&v4&H1&+0&R&z1:7]:[n&D3&v4&H0&+&R:8]:[c&D2&v4&H1&+0&R&z1:9]:1.[c&D3&v4&H0&+0&R&z0:10]1:[c&D2&v4&H1&+0&R&z0:11]:[c&D2&v4&H1&+0&R&z0:12]:[c&D2&v4&H1&+0&R&z1:13]:[n&D3&v4&H0&+&R:14]:[c&D2&v4&H1&+0&R&z1:15]:1>>[C&D3&v4&H0&+0&R&z0:10]1=[C&D2&v4&H1&+0&R&z1:15]-[N&D3&v3&H0&+0&R:14]-[C&D2&v4&H1&+0&R&z1:13]=[C&D2&v4&H1&+0&R&z0:12]-[C&D2&v4&H2&+0&R&z0:11]-1.[C&D3&v4&H0&+0&R&z0:4]1=[C&D2&v4&H1&+0&R&z1:9]-[N&D3&v3&H0&+0&R:8]-[C&D2&v4&H1&+0&R&z1:7]=[C&D2&v4&H1&+0&R&z0:6]-[C&D2&v4&H2&+0&R&z0:5]-1.[S&D2&v2&H0&+0&!R:3]-[C&D3&v4&H0&+0&!R&z2:1]=[O&D1&v2&H0&+0&!R:2]	NADH_CoF;NADH_CoF;Any
198_0	Any;Any	[S&D2&v2&H0&+0&!R:1].[c&D3&v4&H0&+0&R&z0:2]-[C&D1&v4&H3&+0&!R&z0:3]>>[C&D1&v4&H3&+0&!R&z1:3]-[S&D3&v3&H0&+&!R:1].[c&D2&v4&H1&+0&R&z0:2]	Any;Any
198_1	METHYL_ACCEPTOR_CoF;Any	[S&D2&v2&H0&+0&!R:1].[c&D3&v4&H0&+0&R&z0:2]-[C&D1&v4&H3&+0&!R&z0:3]>>[C&D1&v4&H3&+0&!R&z1:3]-[S&D3&v3&H0&+&!R:1].[c&D2&v4&H1&+0&R&z0:2]	METHYL_DONOR_CoF;Any
1691_0	Any;WATER;WATER;Any	[C&D2&v4&H1&+0&R&z0:1]=[C&D2&v4&H1&+0&R&z1:2].[O&D0&v2&H2&+0&!R:3].[O&D0&v2&H2&+0&!R:4].[c&D3&v4&H0&+0&R&z0:5]1:[c&D2&v4&H1&+0&R&z0:6]:[c&D2&v4&H1&+0&R&z0:7]:[c&D2&v4&H1&+0&R&z1:8]:[n&D3&v4&H0&+&R:9]:[c&D2&v4&H1&+0&R&z1:10]:1>>[C&D2&v4&H2&+0&R&z0:1]-[C&D2&v4&H2&+0&R&z1:2].[C&D3&v4&H0&+0&R&z0:5]1=[C&D2&v4&H1&+0&R&z1:10]-[N&D3&v3&H0&+0&R:9]-[C&D2&v4&H1&+0&R&z1:8]=[C&D2&v4&H1&+0&R&z0:7]-[C&D2&v4&H2&+0&R&z0:6]-1.[O&D1&v2&H0&+0&!R:4]=[O&D1&v2&H0&+0&!R:3]	Any;Any;O2
1691_1	Any;WATER;WATER;NAD_CoF	[C&D2&v4&H1&+0&R&z0:1]=[C&D2&v4&H1&+0&R&z1:2].[O&D0&v2&H2&+0&!R:3].[O&D0&v2&H2&+0&!R:4].[c&D3&v4&H0&+0&R&z0:5]1:[c&D2&v4&H1&+0&R&z0:6]:[c&D2&v4&H1&+0&R&z0:7]:[c&D2&v4&H1&+0&R&z1:8]:[n&D3&v4&H0&+&R:9]:[c&D2&v4&H1&+0&R&z1:10]:1>>[C&D2&v4&H2&+0&R&z0:1]-[C&D2&v4&H2&+0&R&z1:2].[C&D3&v4&H0&+0&R&z0:5]1=[C&D2&v4&H1&+0&R&z1:10]-[N&D3&v3&H0&+0&R:9]-[C&D2&v4&H1&+0&R&z1:8]=[C&D2&v4&H1&+0&R&z0:7]-[C&D2&v4&H2&+0&R&z0:6]-1.[O&D1&v2&H0&+0&!R:4]=[O&D1&v2&H0&+0&!R:3]	Any;NADH_CoF;O2
813_0	Any	[C&D3&v4&H1&+0&!R&z0:1]-[C&D3&v4&H0&+0&!R&z2:2]-[O&D1&v2&H1&+0&!R:3]>>[C&D2&v4&H2&+0&!R&z0:1].[O&D1&v2&H0&+0&!R:3]=[C&D2&v4&H0&+0&!R&z2:2]	Any;CO2
662_0	Any;Any	[C&D1&v4&H3&+0&!R&z0:1]-[C&D3&v4&H0&+0&!R&z1:2]=[O&D1&v2&H0&+0&!R:3].[O&D1&v2&H1&+0&!R:4]>>[C&D1&v4&H2&+0&!R&z0:1]=[C&D3&v4&H0&+0&!R&z1:2]-[O&D2&v2&H0&+0&!R:4].[O&D0&v2&H2&+0&!R:3]	Any;WATER
871_0	Any;WATER;Any	[N&D2&v3&H1&+0&!R:1]-[C&D3&v4&H0&+0&!R&z2:2].[O&D0&v2&H2&+0&!R:3].[S&D2&v2&H0&+0&!R:4]-[C&D3&v4&H0&+0&!R&z2:5]>>[C&D3&v4&H0&+0&!R&z2:2]-[O&D1&v2&H1&+0&!R:3].[N&D2&v3&H1&+0&!R:1]-[C&D3&v4&H0&+0&!R&z2:5].[S&D1&v2&H1&+0&!R:4]	Any;Any;CoA
1399_0	Any	[S&D2&v2&H0&+0&!R:1]-[C&D3&v4&H1&+0&!R&z2:2]-[O&D1&v2&H1&+0&!R:3]>>[C&D2&v4&H1&+0&!R&z1:2]=[O&D1&v2&H0&+0&!R:3].[S&D1&v2&H1&+0&!R:1]	Any;Any
667_0	Any;WATER;Any	[C&D1&v4&H3&+0&!R&z0:1]-[C&D3&v4&H0&+0&!R&z1:2]=[O&D1&v2&H0&+0&!R:3].[O&D0&v2&H2&+0&!R:4].([O&D2&v2&H0&+0&!R:5]-[P&D4&v5&H0&+0&!R:6].[P&D4&v5&H0&+0&!R:7]-[O&D2&v2&H0&+0&!R:8])>>[C&D1&v4&H2&+0&!R&z0:1]=[C&D3&v4&H0&+0&!R&z1:2]-[O&D2&v2&H0&+0&!R:3]-[P&D4&v5&H0&+0&!R:6].([O&D1&v2&H1&+0&!R:5].[O&D1&v2&H1&+0&!R:8]).[P&D4&v5&H0&+0&!R:7]-[O&D1&v2&H1&+0&!R:4]	Any;Pi;Any
667_1	Any;WATER;PYROPHOSPHATE_DONOR_CoF	[C&D1&v4&H3&+0&!R&z0:1]-[C&D3&v4&H0&+0&!R&z1:2]=[O&D1&v2&H0&+0&!R:3].[O&D0&v2&H2&+0&!R:4].([O&D2&v2&H0&+0&!R:5]-[P&D4&v5&H0&+0&!R:6].[P&D4&v5&H0&+0&!R:7]-[O&D2&v2&H0&+0&!R:8])>>[C&D1&v4&H2&+0&!R&z0:1]=[C&D3&v4&H0&+0&!R&z1:2]-[O&D2&v2&H0&+0&!R:3]-[P&D4&v5&H0&+0&!R:6].([O&D1&v2&H1&+0&!R:5].[O&D1&v2&H1&+0&!R:8]).[P&D4&v5&H0&+0&!R:7]-[O&D1&v2&H1&+0&!R:4]	Any;Pi;PYROPHOSPHATE_ACCEPTOR_CoF
591_0	Any;Any	[C&D1&v4&H2&+0&!R&z1:1]=[O&D1&v2&H0&+0&!R:2].[C&D3&v4&H1&+0&!R&z1:3]>>[C&D4&v4&H0&+0&!R&z1:3]-[C&D2&v4&H2&+0&!R&z1:1]-[O&D1&v2&H1&+0&!R:2]	Any
1099_0	Any;WATER	[C&D2&v4&H2&+0&!R&z0:1]-[C&D3&v4&H0&+0&!R&z1:2]=[O&D1&v2&H0&+0&!R:3].[O&D0&v2&H2&+0&!R:4]>>[C&D3&v4&H1&+0&!R&z1:1](-[O&D1&v2&H1&+0&!R:4])-[C&D3&v4&H1&+0&!R&z1:2]-[O&D1&v2&H1&+0&!R:3]	Any
892_0	Any;PPI	[C&D3&v4&H0&+0&R&z0:1]-[C&D2&v4&H2&+0&R&z0:2].[O&D1&v2&H1&+0&!R:3]>>([C&D2&v4&H1&+0&!R&z0:1].[C&D2&v4&H2&+0&!R&z1:2]-[O&D2&v2&H0&+0&!R:3])	Any
1572_0	Any;Any;O2	[C&D2&v4&H1&+0&R&z0:1]=[C&D2&v4&H1&+0&R&z0:2].[C&D3&v4&H0&+0&R&z0:3]1=[C&D2&v4&H1&+0&R&z1:4]-[N&D3&v3&H0&+0&R:5]-[C&D2&v4&H1&+0&R&z1:6]=[C&D2&v4&H1&+0&R&z0:7]-[C&D2&v4&H2&+0&R&z0:8]-1.[O&D1&v2&H0&+0&!R:9]=[O&D1&v2&H0&+0&!R:10]>>[C&D3&v4&H1&+0&R&z1:1]1-[O&D2&v2&H0&+0&R:10]-[C&D3&v4&H1&+0&R&z1:2]-1.[O&D0&v2&H2&+0&!R:9].[c&D3&v4&H0&+0&R&z0:3]1:[c&D2&v4&H1&+0&R&z0:8]:[c&D2&v4&H1&+0&R&z0:7]:[c&D2&v4&H1&+0&R&z1:6]:[n&D3&v4&H0&+&R:5]:[c&D2&v4&H1&+0&R&z1:4]:1	Any;WATER;Any
1572_1	Any;NADH_CoF;O2	[C&D2&v4&H1&+0&R&z0:1]=[C&D2&v4&H1&+0&R&z0:2].[C&D3&v4&H0&+0&R&z0:3]1=[C&D2&v4&H1&+0&R&z1:4]-[N&D3&v3&H0&+0&R:5]-[C&D2&v4&H1&+0&R&z1:6]=[C&D2&v4&H1&+0&R&z0:7]-[C&D2&v4&H2&+0&R&z0:8]-1.[O&D1&v2&H0&+0&!R:9]=[O&D1&v2&H0&+0&!R:10]>>[C&D3&v4&H1&+0&R&z1:1]1-[O&D2&v2&H0&+0&R:10]-[C&D3&v4&H1&+0&R&z1:2]-1.[O&D0&v2&H2&+0&!R:9].[c&D3&v4&H0&+0&R&z0:3]1:[c&D2&v4&H1&+0&R&z0:8]:[c&D2&v4&H1&+0&R&z0:7]:[c&D2&v4&H1&+0&R&z1:6]:[n&D3&v4&H0&+&R:5]:[c&D2&v4&H1&+0&R&z1:4]:1	Any;WATER;NAD_CoF
732_0	Pi;Any	[O&D1&v2&H1&+0&!R:1].([O&D1&v2&H1&+0&!R:2].[O&D2&v2&H0&+0&R:3]-[C&D4&v4&H0&+0&R&z2:4](-[O&D1&v2&H1&+0&!R:5])-[C&D2&v4&H2&+0&R&z0:6]-[C&D3&v4&H1&+0&R&z1:7])>>[C&D1&v4&H2&+0&!R&z0:6]=[C&D3&v4&H0&+0&!R&z1:4]-[O&D2&v2&H0&+0&!R:1].[O&D0&v2&H2&+0&!R:5].([O&D1&v2&H1&+0&!R:3].[O&D2&v2&H0&+0&R:2]-[C&D3&v4&H1&+0&R&z2:7])	Any;WATER;Any
39_0	Any;Any	[C&D3&v4&H0&+0&!R&z3:1]-[N&D2&v3&H1&+0&!R:2].[S&D1&v2&H1&+0&!R:3]>>[C&D3&v4&H0&+0&!R&z3:1]-[S&D2&v2&H0&+0&!R:3].[N&D1&v3&H2&+0&!R:2]	Any;Any
39_1	Any;CoA	[C&D3&v4&H0&+0&!R&z3:1]-[N&D2&v3&H1&+0&!R:2].[S&D1&v2&H1&+0&!R:3]>>[C&D3&v4&H0&+0&!R&z3:1]-[S&D2&v2&H0&+0&!R:3].[N&D1&v3&H2&+0&!R:2]	Any;Any
1919_0	Any	[O&D1&v2&H0&+0&!R:1]=[C&D3&v4&H0&+0&!R&z1:2]-[C&D2&v4&H2&+0&!R&z1:3]-[O&D1&v2&H1&+0&!R:4]>>[O&D1&v2&H0&+0&!R:4]=[C&D2&v4&H1&+0&!R&z1:3]-[C&D3&v4&H1&+0&!R&z1:2]-[O&D1&v2&H1&+0&!R:1]	Any
60_0	Any;WATER;Any	[C&D3&v4&H1&+0&!R&z1:1]-[O&D1&v2&H1&+0&!R:2].[O&D0&v2&H2&+0&!R:3].[P&D4&v5&H0&+0&!R:4]-[O&D2&v2&H0&+0&!R:5]>>[C&D3&v4&H1&+0&!R&z1:1]-[O&D1&v2&H1&+0&!R:3].[O&D1&v2&H1&+0&!R:5].[P&D4&v5&H0&+0&!R:4]-[O&D1&v2&H1&+0&!R:2]	Any;Pi;Any
60_1	Any;WATER;PHOSPHATE_DONOR_CoF	[C&D3&v4&H1&+0&!R&z1:1]-[O&D1&v2&H1&+0&!R:2].[O&D0&v2&H2&+0&!R:3].[P&D4&v5&H0&+0&!R:4]-[O&D2&v2&H0&+0&!R:5]>>[C&D3&v4&H1&+0&!R&z1:1]-[O&D1&v2&H1&+0&!R:3].[O&D1&v2&H1&+0&!R:5].[P&D4&v5&H0&+0&!R:4]-[O&D1&v2&H1&+0&!R:2]	Any;Pi;PHOSPHATE_ACCEPTOR_CoF
1197_0	Any	[C&D1&v4&H3&+0&!R&z0:1]-[C&D2&v4&H1&+0&!R&z1:2]=[O&D1&v2&H0&+0&!R:3]>>[C&D1&v4&H1&+0&!R&z0:1]#[C&D1&v4&H1&+0&!R&z0:2].[O&D0&v2&H2&+0&!R:3]	Any;WATER
1380_0	Any;Any	[C&D2&v4&H1&+0&!R&z0:1]=[C&D2&v4&H1&+0&!R&z0:2]-[C&D2&v4&H2&+0&!R&z1:3]-[O&D2&v2&H0&+0&!R:4].[C&D3&v4&H0&+0&R&z0:5]1=[C&D2&v4&H1&+0&R&z1:6]-[N&D3&v3&H0&+0&R:7]-[C&D2&v4&H1&+0&R&z1:8]=[C&D2&v4&H1&+0&R&z0:9]-[C&D2&v4&H2&+0&R&z0:10]-1>>[C&D1&v4&H2&+0&!R&z0:3]=[C&D2&v4&H1&+0&!R&z0:2]-[C&D2&v4&H2&+0&!R&z0:1].[O&D1&v2&H1&+0&!R:4].[c&D3&v4&H0&+0&R&z0:5]1:[c&D2&v4&H1&+0&R&z0:10]:[c&D2&v4&H1&+0&R&z0:9]:[c&D2&v4&H1&+0&R&z1:8]:[n&D3&v4&H0&+&R:7]:[c&D2&v4&H1&+0&R&z1:6]:1	Any;Any;Any
1380_1	Any;NADH_CoF	[C&D2&v4&H1&+0&!R&z0:1]=[C&D2&v4&H1&+0&!R&z0:2]-[C&D2&v4&H2&+0&!R&z1:3]-[O&D2&v2&H0&+0&!R:4].[C&D3&v4&H0&+0&R&z0:5]1=[C&D2&v4&H1&+0&R&z1:6]-[N&D3&v3&H0&+0&R:7]-[C&D2&v4&H1&+0&R&z1:8]=[C&D2&v4&H1&+0&R&z0:9]-[C&D2&v4&H2&+0&R&z0:10]-1>>[C&D1&v4&H2&+0&!R&z0:3]=[C&D2&v4&H1&+0&!R&z0:2]-[C&D2&v4&H2&+0&!R&z0:1].[O&D1&v2&H1&+0&!R:4].[c&D3&v4&H0&+0&R&z0:5]1:[c&D2&v4&H1&+0&R&z0:10]:[c&D2&v4&H1&+0&R&z0:9]:[c&D2&v4&H1&+0&R&z1:8]:[n&D3&v4&H0&+&R:7]:[c&D2&v4&H1&+0&R&z1:6]:1	Any;Any;NAD_CoF
433_0	WATER;Any	[O&D0&v2&H2&+0&!R:1].[c&D3&v4&H0&+0&R&z3:2]-[N&D1&v3&H2&+0&!R:3]>>[N&D0&v3&H3&+0&!R:3].[c&D3&v4&H0&+0&R&z3:2]-[O&D1&v2&H1&+0&!R:1]	NH3;Any
1539_0	Any;WATER	[C&D3&v4&H1&+0&R&z1:1]-[N&D2&v3&H1&+0&R:2].[O&D0&v2&H2&+0&!R:3]>>([C&D3&v4&H1&+0&!R&z1:1]-[O&D1&v2&H1&+0&!R:3].[N&D1&v3&H2&+0&!R:2])	Any
155_0	Any;Any	[C&D3&v4&H1&+0&R&z0:1]-[C&D2&v4&H2&+0&R&z0:2].[c&D3&v4&H0&+0&R&z0:3]1:[c&D2&v4&H1&+0&R&z0:4]:[c&D2&v4&H1&+0&R&z0:5]:[c&D2&v4&H1&+0&R&z1:6]:[n&D3&v4&H0&+&R:7]:[c&D2&v4&H1&+0&R&z1:8]:1>>[C&D3&v4&H0&+0&R&z0:3]1=[C&D2&v4&H1&+0&R&z1:8]-[N&D3&v3&H0&+0&R:7]-[C&D2&v4&H1&+0&R&z1:6]=[C&D2&v4&H1&+0&R&z0:5]-[C&D2&v4&H2&+0&R&z0:4]-1.[C&D3&v4&H0&+0&R&z0:1]=[C&D2&v4&H1&+0&R&z0:2]	Any;Any
155_1	Any;NAD_CoF	[C&D3&v4&H1&+0&R&z0:1]-[C&D2&v4&H2&+0&R&z0:2].[c&D3&v4&H0&+0&R&z0:3]1:[c&D2&v4&H1&+0&R&z0:4]:[c&D2&v4&H1&+0&R&z0:5]:[c&D2&v4&H1&+0&R&z1:6]:[n&D3&v4&H0&+&R:7]:[c&D2&v4&H1&+0&R&z1:8]:1>>[C&D3&v4&H0&+0&R&z0:3]1=[C&D2&v4&H1&+0&R&z1:8]-[N&D3&v3&H0&+0&R:7]-[C&D2&v4&H1&+0&R&z1:6]=[C&D2&v4&H1&+0&R&z0:5]-[C&D2&v4&H2&+0&R&z0:4]-1.[C&D3&v4&H0&+0&R&z0:1]=[C&D2&v4&H1&+0&R&z0:2]	NADH_CoF;Any
28_0	Any;Any;O2	[C&D2&v4&H2&+0&R&z0:1].[C&D3&v4&H0&+0&!R&z1:2]-[C&D3&v4&H0&+0&!R&z2:3]-[O&D1&v2&H1&+0&!R:4].[O&D1&v2&H0&+0&!R:5]=[O&D1&v2&H0&+0&!R:6]>>[C&D3&v4&H0&+0&!R&z2:2]-[O&D1&v2&H1&+0&!R:6].[C&D3&v4&H1&+0&R&z1:1]-[O&D1&v2&H1&+0&!R:5].[O&D1&v2&H0&+0&!R:4]=[C&D2&v4&H0&+0&!R&z2:3]	Any;Any;CO2
466_0	Any	[C&D1&v4&H2&+0&!R&z0:1]=[C&D3&v4&H0&+0&!R&z0:2]-[C&D2&v4&H2&+0&!R&z0:3]>>[C&D1&v4&H3&+0&!R&z0:1]-[C&D3&v4&H0&+0&!R&z0:2]=[C&D2&v4&H1&+0&!R&z0:3]	Any
1135_0	Any	[C&D1&v4&H3&+0&!R&z0:1]-[C&D3&v4&H0&+0&R&z0:2]-[C&D3&v4&H1&+0&R&z1:3]>>[C&D1&v4&H3&+0&!R&z0:1]-[C&D4&v4&H0&+0&R&z1:3]-[C&D2&v4&H1&+0&R&z0:2]	Any
1186_0	Any;Any	[C&D2&v4&H1&+0&!R&z0:1]=[C&D2&v4&H1&+0&!R&z0:2]-[C&D2&v4&H1&+0&!R&z0:3]=[C&D2&v4&H1&+0&!R&z0:4].[C&D3&v4&H0&+0&R&z0:5]1=[C&D2&v4&H1&+0&R&z1:6]-[N&D3&v3&H0&+0&R:7]-[C&D2&v4&H1&+0&R&z1:8]=[C&D2&v4&H1&+0&R&z0:9]-[C&D2&v4&H2&+0&R&z0:10]-1>>[C&D2&v4&H2&+0&!R&z0:1]-[C&D2&v4&H1&+0&!R&z0:2]=[C&D2&v4&H1&+0&!R&z0:3]-[C&D2&v4&H2&+0&!R&z0:4].[c&D3&v4&H0&+0&R&z0:5]1:[c&D2&v4&H1&+0&R&z0:10]:[c&D2&v4&H1&+0&R&z0:9]:[c&D2&v4&H1&+0&R&z1:8]:[n&D3&v4&H0&+&R:7]:[c&D2&v4&H1&+0&R&z1:6]:1	Any;Any
1186_1	Any;NADH_CoF	[C&D2&v4&H1&+0&!R&z0:1]=[C&D2&v4&H1&+0&!R&z0:2]-[C&D2&v4&H1&+0&!R&z0:3]=[C&D2&v4&H1&+0&!R&z0:4].[C&D3&v4&H0&+0&R&z0:5]1=[C&D2&v4&H1&+0&R&z1:6]-[N&D3&v3&H0&+0&R:7]-[C&D2&v4&H1&+0&R&z1:8]=[C&D2&v4&H1&+0&R&z0:9]-[C&D2&v4&H2&+0&R&z0:10]-1>>[C&D2&v4&H2&+0&!R&z0:1]-[C&D2&v4&H1&+0&!R&z0:2]=[C&D2&v4&H1&+0&!R&z0:3]-[C&D2&v4&H2&+0&!R&z0:4].[c&D3&v4&H0&+0&R&z0:5]1:[c&D2&v4&H1&+0&R&z0:10]:[c&D2&v4&H1&+0&R&z0:9]:[c&D2&v4&H1&+0&R&z1:8]:[n&D3&v4&H0&+&R:7]:[c&D2&v4&H1&+0&R&z1:6]:1	Any;NAD_CoF
693_0	Any;Any	[C&D2&v4&H1&+0&!R&z1:1]=[O&D1&v2&H0&+0&!R:2].[C&D3&v4&H1&+0&!R&z1:3]-[C&D3&v4&H1&+0&!R&z1:4]-[O&D1&v2&H1&+0&!R:5]>>[C&D3&v4&H1&+0&!R&z1:3]-[C&D3&v4&H1&+0&!R&z1:1]-[O&D1&v2&H1&+0&!R:2].[O&D1&v2&H0&+0&!R:5]=[C&D2&v4&H1&+0&!R&z1:4]	Any;Any
1305_0	Any;Any	[C&D2&v4&H2&+0&!R&z1:1]-[O&D1&v2&H1&+0&!R:2].[C&D3&v4&H0&+0&R&z1:3]1=[C&D3&v4&H0&+0&R&z1:4]-[C&D3&v4&H0&+0&R&z1:5](=[O&D1&v2&H0&+0&!R:6])-[C&D3&v4&H0&+0&R&z1:7]=[C&D3&v4&H0&+0&R&z1:8]-[C&D3&v4&H0&+0&R&z1:9]-1=[O&D1&v2&H0&+0&!R:10]>>[C&D2&v4&H1&+0&!R&z1:1]=[O&D1&v2&H0&+0&!R:2].[c&D3&v4&H0&+0&R&z1:3]1:[c&D3&v4&H0&+0&R&z1:4]:[c&D3&v4&H0&+0&R&z1:5](-[O&D1&v2&H1&+0&!R:6]):[c&D3&v4&H0&+0&R&z1:7]:[c&D3&v4&H0&+0&R&z1:8]:[c&D3&v4&H0&+0&R&z1:9]:1-[O&D1&v2&H1&+0&!R:10]	Any;Any
1141_0	Any;Any	[N&D3&v3&H0&+0&R:1]-[C&D2&v4&H2&+0&R&z1:2].[c&D3&v4&H0&+0&R&z0:3]1:[c&D2&v4&H1&+0&R&z0:4]:[c&D2&v4&H1&+0&R&z0:5]:[c&D2&v4&H1&+0&R&z1:6]:[n&D3&v4&H0&+&R:7]:[c&D2&v4&H1&+0&R&z1:8]:1>>[C&D3&v4&H0&+0&R&z0:3]1=[C&D2&v4&H1&+0&R&z1:8]-[N&D3&v3&H0&+0&R:7]-[C&D2&v4&H1&+0&R&z1:6]=[C&D2&v4&H1&+0&R&z0:5]-[C&D2&v4&H2&+0&R&z0:4]-1.[N&D3&v4&H0&+&R:1]=[C&D2&v4&H1&+0&R&z1:2]	Any;Any
1141_1	Any;NAD_CoF	[N&D3&v3&H0&+0&R:1]-[C&D2&v4&H2&+0&R&z1:2].[c&D3&v4&H0&+0&R&z0:3]1:[c&D2&v4&H1&+0&R&z0:4]:[c&D2&v4&H1&+0&R&z0:5]:[c&D2&v4&H1&+0&R&z1:6]:[n&D3&v4&H0&+&R:7]:[c&D2&v4&H1&+0&R&z1:8]:1>>[C&D3&v4&H0&+0&R&z0:3]1=[C&D2&v4&H1&+0&R&z1:8]-[N&D3&v3&H0&+0&R:7]-[C&D2&v4&H1&+0&R&z1:6]=[C&D2&v4&H1&+0&R&z0:5]-[C&D2&v4&H2&+0&R&z0:4]-1.[N&D3&v4&H0&+&R:1]=[C&D2&v4&H1&+0&R&z1:2]	NADH_CoF;Any
474_0	Any;Any	[C&D4&v4&H0&+0&R&z0:1](-[C&D3&v4&H0&+0&!R&z2:2]-[O&D1&v2&H1&+0&!R:3])-[C&D3&v4&H1&+0&R&z1:4]-[O&D1&v2&H1&+0&!R:5].[c&D3&v4&H0&+0&R&z0:6]1:[c&D2&v4&H1&+0&R&z0:7]:[c&D2&v4&H1&+0&R&z0:8]:[c&D2&v4&H1&+0&R&z1:9]:[n&D3&v4&H0&+&R:10]:[c&D2&v4&H1&+0&R&z1:11]:1>>[C&D3&v4&H0&+0&R&z0:6]1=[C&D2&v4&H1&+0&R&z1:11]-[N&D3&v3&H0&+0&R:10]-[C&D2&v4&H1&+0&R&z1:9]=[C&D2&v4&H1&+0&R&z0:8]-[C&D2&v4&H2&+0&R&z0:7]-1.[C&D3&v4&H1&+0&R&z0:1]-[C&D3&v4&H0&+0&R&z1:4]=[O&D1&v2&H0&+0&!R:5].[O&D1&v2&H0&+0&!R:3]=[C&D2&v4&H0&+0&!R&z2:2]	Any;Any;CO2
474_1	Any;NAD_CoF	[C&D4&v4&H0&+0&R&z0:1](-[C&D3&v4&H0&+0&!R&z2:2]-[O&D1&v2&H1&+0&!R:3])-[C&D3&v4&H1&+0&R&z1:4]-[O&D1&v2&H1&+0&!R:5].[c&D3&v4&H0&+0&R&z0:6]1:[c&D2&v4&H1&+0&R&z0:7]:[c&D2&v4&H1&+0&R&z0:8]:[c&D2&v4&H1&+0&R&z1:9]:[n&D3&v4&H0&+&R:10]:[c&D2&v4&H1&+0&R&z1:11]:1>>[C&D3&v4&H0&+0&R&z0:6]1=[C&D2&v4&H1&+0&R&z1:11]-[N&D3&v3&H0&+0&R:10]-[C&D2&v4&H1&+0&R&z1:9]=[C&D2&v4&H1&+0&R&z0:8]-[C&D2&v4&H2&+0&R&z0:7]-1.[C&D3&v4&H1&+0&R&z0:1]-[C&D3&v4&H0&+0&R&z1:4]=[O&D1&v2&H0&+0&!R:5].[O&D1&v2&H0&+0&!R:3]=[C&D2&v4&H0&+0&!R&z2:2]	NADH_CoF;Any;CO2
1368_0	Any;Any	[C&D1&v4&H3&+0&!R&z1:1]-[O&D2&v2&H0&+0&!R:2].[N&D2&v3&H1&+0&R:3]>>[C&D1&v4&H3&+0&!R&z1:1]-[N&D3&v3&H0&+0&R:3].[O&D1&v2&H1&+0&!R:2]	Any;Any
1071_0	Any	[C&D3&v4&H1&+0&!R&z1:1](-[N&D1&v3&H2&+0&!R:2])-[C&D2&v4&H2&+0&!R&z0:3]>>[C&D2&v4&H1&+0&!R&z0:1]=[C&D2&v4&H1&+0&!R&z0:3].[N&D0&v3&H3&+0&!R:2]	Any;NH3
850_0	Any;CoA	[O&D1&v2&H0&+0&!R:1]=[C&D3&v4&H0&+0&!R&z2:2](-[O&D1&v2&H1&+0&!R:3])-[C&D2&v4&H2&+0&!R&z0:4]-[C&D3&v4&H1&+0&!R&z1:5]-[O&D1&v2&H1&+0&!R:6].[S&D1&v2&H1&+0&!R:7]>>[C&D1&v4&H3&+0&!R&z0:4]-[C&D3&v4&H0&+0&!R&z2:2](=[O&D1&v2&H0&+0&!R:1])-[S&D2&v2&H0&+0&!R:7].[O&D0&v2&H2&+0&!R:3].[O&D1&v2&H0&+0&!R:6]=[C&D2&v4&H1&+0&!R&z1:5]	ACETYL-COA;WATER;Any
1402_0	Any;Any	[S&D1&v2&H1&+0&!R:1].[S&D2&v2&H0&+0&!R:2]-[C&D2&v4&H2&+0&!R&z1:3]>>[C&D1&v4&H3&+0&!R&z0:3].[S&D2&v2&H0&+0&!R:2]-[S&D2&v2&H0&+0&!R:1]	Any;Any
592_0	Any;Any	[C&D1&v4&H2&+0&!R&z1:1]=[O&D1&v2&H0&+0&!R:2].([N&D2&v3&H1&+0&!R:3].[N&D2&v3&H1&+0&R:4])>>[N&D3&v3&H0&+0&R:4]-[C&D2&v4&H2&+0&R&z2:1]-[N&D3&v3&H0&+0&R:3].[O&D0&v2&H2&+0&!R:2]	Any;WATER
577_0	Any;SULFATE	[C&D2&v4&H2&+0&!R&z1:1]-[N&D2&v3&H0&+0&!R:2]=[C&D2&v4&H0&+0&!R&z2:3]=[S&D1&v2&H0&+0&!R:4].[O&D1&v2&H1&+0&!R:5]>>[C&D2&v4&H2&+0&!R&z0:1]-[C&D3&v4&H0&+0&!R&z2:3](-[S&D1&v2&H1&+0&!R:4])=[N&D2&v3&H0&+0&!R:2]-[O&D2&v2&H0&+0&!R:5]	Any
882_0	Any;Any	[C&D1&v4&H3&+0&!R&z0:1]-[C&D4&v4&H0&+0&!R&z1:2](-[O&D1&v2&H1&+0&!R:3])-[C&D3&v4&H1&+0&!R&z1:4].[c&D3&v4&H0&+0&R&z0:5]1:[c&D2&v4&H1&+0&R&z0:6]:[c&D2&v4&H1&+0&R&z0:7]:[c&D2&v4&H1&+0&R&z1:8]:[n&D3&v4&H0&+&R:9]:[c&D2&v4&H1&+0&R&z1:10]:1>>[C&D3&v4&H0&+0&!R&z1:2](=[O&D1&v2&H0&+0&!R:3])-[C&D4&v4&H0&+0&!R&z1:4]-[C&D1&v4&H3&+0&!R&z0:1].[C&D3&v4&H0&+0&R&z0:5]1=[C&D2&v4&H1&+0&R&z1:10]-[N&D3&v3&H0&+0&R:9]-[C&D2&v4&H1&+0&R&z1:8]=[C&D2&v4&H1&+0&R&z0:7]-[C&D2&v4&H2&+0&R&z0:6]-1	Any;Any
882_1	Any;NAD_CoF	[C&D1&v4&H3&+0&!R&z0:1]-[C&D4&v4&H0&+0&!R&z1:2](-[O&D1&v2&H1&+0&!R:3])-[C&D3&v4&H1&+0&!R&z1:4].[c&D3&v4&H0&+0&R&z0:5]1:[c&D2&v4&H1&+0&R&z0:6]:[c&D2&v4&H1&+0&R&z0:7]:[c&D2&v4&H1&+0&R&z1:8]:[n&D3&v4&H0&+&R:9]:[c&D2&v4&H1&+0&R&z1:10]:1>>[C&D3&v4&H0&+0&!R&z1:2](=[O&D1&v2&H0&+0&!R:3])-[C&D4&v4&H0&+0&!R&z1:4]-[C&D1&v4&H3&+0&!R&z0:1].[C&D3&v4&H0&+0&R&z0:5]1=[C&D2&v4&H1&+0&R&z1:10]-[N&D3&v3&H0&+0&R:9]-[C&D2&v4&H1&+0&R&z1:8]=[C&D2&v4&H1&+0&R&z0:7]-[C&D2&v4&H2&+0&R&z0:6]-1	Any;NADH_CoF
133_0	Any;WATER	[N&D3&v3&H0&+0&R:1]-[C&D3&v4&H1&+0&R&z2:2].[O&D0&v2&H2&+0&!R:3]>>[C&D3&v4&H1&+0&R&z2:2]-[O&D1&v2&H1&+0&!R:3].[N&D2&v3&H1&+0&R:1]	Any;Any
584_0	Any;Any	[C&D2&v4&H2&+0&!R&z0:1]-[C&D1&v4&H3&+0&!R&z0:2].[c&D3&v4&H0&+0&R&z0:3]1:[c&D2&v4&H1&+0&R&z0:4]:[c&D2&v4&H1&+0&R&z0:5]:[c&D2&v4&H1&+0&R&z1:6]:[n&D3&v4&H0&+&R:7]:[c&D2&v4&H1&+0&R&z1:8]:1>>[C&D1&v4&H2&+0&!R&z0:2]=[C&D2&v4&H1&+0&!R&z0:1].[C&D3&v4&H0&+0&R&z0:3]1=[C&D2&v4&H1&+0&R&z1:8]-[N&D3&v3&H0&+0&R:7]-[C&D2&v4&H1&+0&R&z1:6]=[C&D2&v4&H1&+0&R&z0:5]-[C&D2&v4&H2&+0&R&z0:4]-1	Any;Any
584_1	Any;NAD_CoF	[C&D2&v4&H2&+0&!R&z0:1]-[C&D1&v4&H3&+0&!R&z0:2].[c&D3&v4&H0&+0&R&z0:3]1:[c&D2&v4&H1&+0&R&z0:4]:[c&D2&v4&H1&+0&R&z0:5]:[c&D2&v4&H1&+0&R&z1:6]:[n&D3&v4&H0&+&R:7]:[c&D2&v4&H1&+0&R&z1:8]:1>>[C&D1&v4&H2&+0&!R&z0:2]=[C&D2&v4&H1&+0&!R&z0:1].[C&D3&v4&H0&+0&R&z0:3]1=[C&D2&v4&H1&+0&R&z1:8]-[N&D3&v3&H0&+0&R:7]-[C&D2&v4&H1&+0&R&z1:6]=[C&D2&v4&H1&+0&R&z0:5]-[C&D2&v4&H2&+0&R&z0:4]-1	Any;NADH_CoF
63_0	Any;Any	[C&D4&v4&H0&+0&R&z2:1]-[O&D2&v2&H0&+0&!R:2].[P&D4&v5&H0&+0&!R:3]-[O&D1&v2&H1&+0&!R:4]>>[C&D4&v4&H0&+0&R&z2:1]-[O&D1&v2&H1&+0&!R:4].[O&D2&v2&H0&+0&!R:2]-[P&D4&v5&H0&+0&!R:3]	Any;Any
63_1	Any;PHOSPHATE_ACCEPTOR_CoF	[C&D4&v4&H0&+0&R&z2:1]-[O&D2&v2&H0&+0&!R:2].[P&D4&v5&H0&+0&!R:3]-[O&D1&v2&H1&+0&!R:4]>>[C&D4&v4&H0&+0&R&z2:1]-[O&D1&v2&H1&+0&!R:4].[O&D2&v2&H0&+0&!R:2]-[P&D4&v5&H0&+0&!R:3]	Any;PHOSPHATE_DONOR_CoF
63_2	Any;PPI	[C&D4&v4&H0&+0&R&z2:1]-[O&D2&v2&H0&+0&!R:2].[P&D4&v5&H0&+0&!R:3]-[O&D1&v2&H1&+0&!R:4]>>[C&D4&v4&H0&+0&R&z2:1]-[O&D1&v2&H1&+0&!R:4].[O&D2&v2&H0&+0&!R:2]-[P&D4&v5&H0&+0&!R:3]	Any;Any
63_3	Any;Pi	[C&D4&v4&H0&+0&R&z2:1]-[O&D2&v2&H0&+0&!R:2].[P&D4&v5&H0&+0&!R:3]-[O&D1&v2&H1&+0&!R:4]>>[C&D4&v4&H0&+0&R&z2:1]-[O&D1&v2&H1&+0&!R:4].[O&D2&v2&H0&+0&!R:2]-[P&D4&v5&H0&+0&!R:3]	Any;Any
496_0	Any;Any	[C&D1&v4&H2&+0&!R&z0:1]=[C&D3&v4&H0&+0&!R&z1:2]-[O&D2&v2&H0&+0&!R:3]-[P&D4&v5&H0&+0&!R:4].[O&D1&v2&H1&+0&!R:5]>>[C&D1&v4&H3&+0&!R&z0:1]-[C&D3&v4&H0&+0&!R&z1:2]=[O&D1&v2&H0&+0&!R:3].[O&D2&v2&H0&+0&!R:5]-[P&D4&v5&H0&+0&!R:4]	Any;Any
496_1	Any;PHOSPHATE_ACCEPTOR_CoF	[C&D1&v4&H2&+0&!R&z0:1]=[C&D3&v4&H0&+0&!R&z1:2]-[O&D2&v2&H0&+0&!R:3]-[P&D4&v5&H0&+0&!R:4].[O&D1&v2&H1&+0&!R:5]>>[C&D1&v4&H3&+0&!R&z0:1]-[C&D3&v4&H0&+0&!R&z1:2]=[O&D1&v2&H0&+0&!R:3].[O&D2&v2&H0&+0&!R:5]-[P&D4&v5&H0&+0&!R:4]	Any;PHOSPHATE_DONOR_CoF
857_0	Any;WATER	[C&D3&v4&H0&+0&!R&z2:1]-[C&D2&v4&H1&+0&!R&z0:2]=[C&D2&v4&H1&+0&!R&z0:3].[O&D0&v2&H2&+0&!R:4]>>[C&D1&v4&H3&+0&!R&z0:2]-[C&D3&v4&H0&+0&!R&z2:1].[O&D1&v2&H0&+0&!R:4]=[C&D2&v4&H1&+0&!R&z1:3]	ACETYL-COA;Any
857_1	Any;WATER	[C&D3&v4&H0&+0&!R&z2:1]-[C&D2&v4&H1&+0&!R&z0:2]=[C&D2&v4&H1&+0&!R&z0:3].[O&D0&v2&H2&+0&!R:4]>>[C&D1&v4&H3&+0&!R&z0:2]-[C&D3&v4&H0&+0&!R&z2:1].[O&D1&v2&H0&+0&!R:4]=[C&D2&v4&H1&+0&!R&z1:3]	Any;Any
1331_0	Any;Any;O2	[C&D3&v4&H0&+0&!R&z1:1]-[C&D3&v4&H0&+0&!R&z2:2]-[O&D1&v2&H1&+0&!R:3].[C&D3&v4&H1&+0&R&z1:4]-[C&D2&v4&H2&+0&!R&z0:5].[O&D1&v2&H0&+0&!R:6]=[O&D1&v2&H0&+0&!R:7]>>[C&D3&v4&H0&+0&!R&z2:1]-[O&D1&v2&H1&+0&!R:6].[C&D3&v4&H0&+0&R&z1:4]=[C&D2&v4&H1&+0&!R&z0:5].[O&D0&v2&H2&+0&!R:7].[O&D1&v2&H0&+0&!R:3]=[C&D2&v4&H0&+0&!R&z2:2]	Any;Any;WATER;CO2
580_0	Any;Any	[C&D3&v4&H1&+0&!R&z0:1]-[C&D1&v4&H3&+0&!R&z0:2].[S&D2&v2&H0&+0&!R:3]>>[C&D1&v4&H3&+0&!R&z1:2]-[S&D3&v3&H0&+&!R:3].[C&D2&v4&H2&+0&!R&z0:1]	Any;Any
580_1	Any;METHYL_ACCEPTOR_CoF	[C&D3&v4&H1&+0&!R&z0:1]-[C&D1&v4&H3&+0&!R&z0:2].[S&D2&v2&H0&+0&!R:3]>>[C&D1&v4&H3&+0&!R&z1:2]-[S&D3&v3&H0&+&!R:3].[C&D2&v4&H2&+0&!R&z0:1]	METHYL_DONOR_CoF;Any
451_0	Any;WATER;Any	[C&D4&v4&H0&+0&R&z2:1]-[O&D2&v2&H0&+0&R:2]-[C&D3&v4&H0&+0&R&z2:3].[O&D0&v2&H2&+0&!R:4].[c&D3&v4&H0&+0&R&z0:5]1:[c&D2&v4&H1&+0&R&z0:6]:[c&D2&v4&H1&+0&R&z0:7]:[c&D2&v4&H1&+0&R&z1:8]:[n&D3&v4&H0&+&R:9]:[c&D2&v4&H1&+0&R&z1:10]:1>>[C&D3&v4&H0&+0&R&z0:5]1=[C&D2&v4&H1&+0&R&z1:10]-[N&D3&v3&H0&+0&R:9]-[C&D2&v4&H1&+0&R&z1:8]=[C&D2&v4&H1&+0&R&z0:7]-[C&D2&v4&H2&+0&R&z0:6]-1.[C&D4&v4&H0&+0&R&z1:1]-[C&D3&v4&H0&+0&R&z1:3].[O&D1&v2&H0&+0&!R:4]=[O&D1&v2&H0&+0&!R:2]	Any;Any;O2
451_1	Any;WATER;NAD_CoF	[C&D4&v4&H0&+0&R&z2:1]-[O&D2&v2&H0&+0&R:2]-[C&D3&v4&H0&+0&R&z2:3].[O&D0&v2&H2&+0&!R:4].[c&D3&v4&H0&+0&R&z0:5]1:[c&D2&v4&H1&+0&R&z0:6]:[c&D2&v4&H1&+0&R&z0:7]:[c&D2&v4&H1&+0&R&z1:8]:[n&D3&v4&H0&+&R:9]:[c&D2&v4&H1&+0&R&z1:10]:1>>[C&D3&v4&H0&+0&R&z0:5]1=[C&D2&v4&H1&+0&R&z1:10]-[N&D3&v3&H0&+0&R:9]-[C&D2&v4&H1&+0&R&z1:8]=[C&D2&v4&H1&+0&R&z0:7]-[C&D2&v4&H2&+0&R&z0:6]-1.[C&D4&v4&H0&+0&R&z1:1]-[C&D3&v4&H0&+0&R&z1:3].[O&D1&v2&H0&+0&!R:4]=[O&D1&v2&H0&+0&!R:2]	NADH_CoF;Any;O2
1058_0	Any;WATER;Any	[C&D4&v4&H0&+0&!R&z1:1]-[O&D1&v2&H1&+0&!R:2].[O&D0&v2&H2&+0&!R:3].[c&D3&v4&H0&+0&R&z0:4]1:[c&D2&v4&H1&+0&R&z0:5]:[c&D2&v4&H1&+0&R&z0:6]:[c&D2&v4&H1&+0&R&z1:7]:[n&D3&v4&H0&+&R:8]:[c&D2&v4&H1&+0&R&z1:9]:1>>[C&D3&v4&H0&+0&R&z0:4]1=[C&D2&v4&H1&+0&R&z1:9]-[N&D3&v3&H0&+0&R:8]-[C&D2&v4&H1&+0&R&z1:7]=[C&D2&v4&H1&+0&R&z0:6]-[C&D2&v4&H2&+0&R&z0:5]-1.[C&D3&v4&H1&+0&!R&z0:1].[O&D1&v2&H0&+0&!R:2]=[O&D1&v2&H0&+0&!R:3]	Any;Any;O2
1058_1	Any;WATER;NAD_CoF	[C&D4&v4&H0&+0&!R&z1:1]-[O&D1&v2&H1&+0&!R:2].[O&D0&v2&H2&+0&!R:3].[c&D3&v4&H0&+0&R&z0:4]1:[c&D2&v4&H1&+0&R&z0:5]:[c&D2&v4&H1&+0&R&z0:6]:[c&D2&v4&H1&+0&R&z1:7]:[n&D3&v4&H0&+&R:8]:[c&D2&v4&H1&+0&R&z1:9]:1>>[C&D3&v4&H0&+0&R&z0:4]1=[C&D2&v4&H1&+0&R&z1:9]-[N&D3&v3&H0&+0&R:8]-[C&D2&v4&H1&+0&R&z1:7]=[C&D2&v4&H1&+0&R&z0:6]-[C&D2&v4&H2&+0&R&z0:5]-1.[C&D3&v4&H1&+0&!R&z0:1].[O&D1&v2&H0&+0&!R:2]=[O&D1&v2&H0&+0&!R:3]	NADH_CoF;Any;O2
1985_0	Any	([C&D3&v4&H0&+0&!R&z1:1](=[O&D1&v2&H0&+0&!R:2])-[C&D2&v4&H2&+0&!R&z0:3].[C&D3&v4&H0&+0&!R&z2:4]-[O&D1&v2&H1&+0&!R:5])>>[C&D2&v4&H1&+0&!R&z0:3]=[C&D3&v4&H0&+0&R&z1:1]-[O&D2&v2&H0&+0&R:2]-[C&D3&v4&H0&+0&R&z2:4].[O&D0&v2&H2&+0&!R:5]	Any;WATER
398_0	Any	([O&D1&v2&H1&+0&!R:1].[O&D2&v2&H0&+0&!R:2]-[P&D4&v5&H0&+0&!R:3])>>[O&D1&v2&H1&+0&!R:2].[P&D4&v5&H0&+0&R:3]-[O&D2&v2&H0&+0&R:1]	Any;Any
398_1	Any	([O&D1&v2&H1&+0&!R:1].[O&D2&v2&H0&+0&!R:2]-[P&D4&v5&H0&+0&!R:3])>>[O&D1&v2&H1&+0&!R:2].[P&D4&v5&H0&+0&R:3]-[O&D2&v2&H0&+0&R:1]	PPI;Any
1896_0	Any;WATER;CO2	[N&D2&v3&H0&+0&!R:1]=[C&D2&v4&H1&+0&!R&z1:2].[O&D0&v2&H2&+0&!R:3].[O&D1&v2&H0&+0&!R:4]=[C&D2&v4&H0&+0&!R&z2:5]>>[C&D3&v4&H0&+0&!R&z2:5](-[O&D1&v2&H1&+0&!R:4])-[C&D3&v4&H1&+0&!R&z1:2]-[N&D3&v3&H0&+0&!R:1]-[O&D1&v2&H1&+0&!R:3]	Any
604_0	Any;Any;H2O2	[C&D1&v4&H2&+0&!R&z1:1]=[O&D1&v2&H0&+0&!R:2].[N&D1&v3&H2&+0&!R:3].[O&D1&v2&H1&+0&!R:4]-[O&D1&v2&H1&+0&!R:5]>>[C&D1&v4&H3&+0&!R&z1:1]-[N&D2&v3&H1&+0&!R:3].[O&D0&v2&H2&+0&!R:2].[O&D1&v2&H0&+0&!R:4]=[O&D1&v2&H0&+0&!R:5]	Any;WATER;O2
296_0	Any;CO2;Any	[C&D3&v4&H1&+0&!R&z1:1]-[C&D3&v4&H0&+0&!R&z1:2].[O&D1&v2&H0&+0&!R:3]=[C&D2&v4&H0&+0&!R&z2:4].[S&D1&v2&H1&+0&!R:5]>>[C&D3&v4&H1&+0&!R&z1:1]-[C&D3&v4&H0&+0&!R&z2:4]-[O&D1&v2&H1&+0&!R:3].[S&D2&v2&H0&+0&!R:5]-[C&D3&v4&H0&+0&!R&z2:2]	Any;Any
296_1	Any;CO2;CoA	[C&D3&v4&H1&+0&!R&z1:1]-[C&D3&v4&H0&+0&!R&z1:2].[O&D1&v2&H0&+0&!R:3]=[C&D2&v4&H0&+0&!R&z2:4].[S&D1&v2&H1&+0&!R:5]>>[C&D3&v4&H1&+0&!R&z1:1]-[C&D3&v4&H0&+0&!R&z2:4]-[O&D1&v2&H1&+0&!R:3].[S&D2&v2&H0&+0&!R:5]-[C&D3&v4&H0&+0&!R&z2:2]	Any;Any
354_0	Any;Any;PPI	[C&D3&v4&H0&+0&!R&z2:1]-[N&D1&v3&H2&+0&!R:2].[O&D1&v2&H1&+0&!R:3].[P&D4&v5&H0&+0&!R:4]-[O&D1&v2&H1&+0&!R:5]>>[C&D3&v4&H0&+0&!R&z2:1]-[O&D1&v2&H1&+0&!R:5].[N&D0&v3&H3&+0&!R:2].[O&D2&v2&H0&+0&!R:3]-[P&D4&v5&H0&+0&!R:4]	Any;NH3;Any
354_1	Any;Any;Pi	[C&D3&v4&H0&+0&!R&z2:1]-[N&D1&v3&H2&+0&!R:2].[O&D1&v2&H1&+0&!R:3].[P&D4&v5&H0&+0&!R:4]-[O&D1&v2&H1&+0&!R:5]>>[C&D3&v4&H0&+0&!R&z2:1]-[O&D1&v2&H1&+0&!R:5].[N&D0&v3&H3&+0&!R:2].[O&D2&v2&H0&+0&!R:3]-[P&D4&v5&H0&+0&!R:4]	Any;NH3;Any
354_2	Any;PHOSPHATE_ACCEPTOR_CoF;Pi	[C&D3&v4&H0&+0&!R&z2:1]-[N&D1&v3&H2&+0&!R:2].[O&D1&v2&H1&+0&!R:3].[P&D4&v5&H0&+0&!R:4]-[O&D1&v2&H1&+0&!R:5]>>[C&D3&v4&H0&+0&!R&z2:1]-[O&D1&v2&H1&+0&!R:5].[N&D0&v3&H3&+0&!R:2].[O&D2&v2&H0&+0&!R:3]-[P&D4&v5&H0&+0&!R:4]	Any;NH3;PHOSPHATE_DONOR_CoF
354_3	Any;PYROPHOSPHATE_ACCEPTOR_CoF;PPI	[C&D3&v4&H0&+0&!R&z2:1]-[N&D1&v3&H2&+0&!R:2].[O&D1&v2&H1&+0&!R:3].[P&D4&v5&H0&+0&!R:4]-[O&D1&v2&H1&+0&!R:5]>>[C&D3&v4&H0&+0&!R&z2:1]-[O&D1&v2&H1&+0&!R:5].[N&D0&v3&H3&+0&!R:2].[O&D2&v2&H0&+0&!R:3]-[P&D4&v5&H0&+0&!R:4]	Any;NH3;PYROPHOSPHATE_DONOR_CoF
1731_0	WATER;Any	[O&D0&v2&H2&+0&!R:1].[S&D2&v2&H0&+0&!R:2]-[C&D2&v4&H2&+0&!R&z1:3]>>[C&D2&v4&H2&+0&!R&z1:3]-[O&D1&v2&H1&+0&!R:1].[S&D1&v2&H1&+0&!R:2]	Any;Any
1072_0	Any	[C&D1&v4&H3&+0&!R&z0:1]-[C&D3&v4&H1&+0&!R&z1:2]-[N&D1&v3&H2&+0&!R:3]>>[N&D1&v3&H2&+0&!R:3]-[C&D2&v4&H2&+0&!R&z1:1]-[C&D2&v4&H2&+0&!R&z0:2]	Any
738_0	Any;H2O2	[C&D3&v4&H0&+0&R&z2:1]=[O&D1&v2&H0&+0&!R:2].[O&D1&v2&H1&+0&!R:3]-[O&D1&v2&H1&+0&!R:4]>>[C&D3&v4&H1&+0&R&z2:1]-[O&D1&v2&H1&+0&!R:2].[O&D1&v2&H0&+0&!R:3]=[O&D1&v2&H0&+0&!R:4]	Any;O2
47_0	Any;Any	[C&D4&v4&H0&+0&R&z2:1]-[O&D2&v2&H0&+0&!R:2].[O&D1&v2&H1&+0&!R:3]>>[O&D1&v2&H1&+0&!R:2].[O&D2&v2&H0&+0&!R:3]-[C&D4&v4&H0&+0&R&z2:1]	Any;Any
747_0	Any;Any	([C&D2&v4&H2&+0&!R&z0:1]-[C&D3&v4&H0&+0&!R&z1:2]=[O&D1&v2&H0&+0&!R:3].[O&D1&v2&H0&+0&!R:4]=[C&D2&v4&H1&+0&!R&z1:5]).[O&D1&v2&H1&+0&!R:6]>>[O&D0&v2&H2&+0&!R:3].[O&D2&v2&H0&+0&!R:6]-[C&D3&v4&H1&+0&R&z2:5]-[O&D2&v2&H0&+0&R:4]-[C&D3&v4&H0&+0&R&z1:2]=[C&D2&v4&H1&+0&R&z0:1]	WATER;Any
1271_0	Any;Any	[C&D2&v4&H2&+0&!R&z0:1]-[C&D2&v4&H2&+0&!R&z0:2]-[C&D2&v4&H1&+0&!R&z1:3].[c&D3&v4&H0&+0&R&z0:4]1:[c&D2&v4&H1&+0&R&z0:5]:[c&D2&v4&H1&+0&R&z0:6]:[c&D2&v4&H1&+0&R&z1:7]:[n&D3&v4&H0&+&R:8]:[c&D2&v4&H1&+0&R&z1:9]:1>>[C&D2&v4&H1&+0&!R&z0:1]=[C&D2&v4&H1&+0&!R&z0:2]-[C&D2&v4&H1&+0&!R&z1:3].[C&D3&v4&H0&+0&R&z0:4]1=[C&D2&v4&H1&+0&R&z1:9]-[N&D3&v3&H0&+0&R:8]-[C&D2&v4&H1&+0&R&z1:7]=[C&D2&v4&H1&+0&R&z0:6]-[C&D2&v4&H2&+0&R&z0:5]-1	Any;Any
1271_1	Any;NAD_CoF	[C&D2&v4&H2&+0&!R&z0:1]-[C&D2&v4&H2&+0&!R&z0:2]-[C&D2&v4&H1&+0&!R&z1:3].[c&D3&v4&H0&+0&R&z0:4]1:[c&D2&v4&H1&+0&R&z0:5]:[c&D2&v4&H1&+0&R&z0:6]:[c&D2&v4&H1&+0&R&z1:7]:[n&D3&v4&H0&+&R:8]:[c&D2&v4&H1&+0&R&z1:9]:1>>[C&D2&v4&H1&+0&!R&z0:1]=[C&D2&v4&H1&+0&!R&z0:2]-[C&D2&v4&H1&+0&!R&z1:3].[C&D3&v4&H0&+0&R&z0:4]1=[C&D2&v4&H1&+0&R&z1:9]-[N&D3&v3&H0&+0&R:8]-[C&D2&v4&H1&+0&R&z1:7]=[C&D2&v4&H1&+0&R&z0:6]-[C&D2&v4&H2&+0&R&z0:5]-1	Any;NADH_CoF
544_0	Any;PPI	[C&D1&v4&H2&+0&!R&z0:1]=[C&D2&v4&H1&+0&!R&z0:2]-[C&D4&v4&H0&+0&!R&z0:3]-[c&D3&v4&H0&+0&R&z1:4].[O&D1&v2&H1&+0&!R:5]>>[C&D3&v4&H0&+0&!R&z0:3]=[C&D2&v4&H1&+0&!R&z0:2]-[C&D2&v4&H2&+0&!R&z1:1]-[O&D2&v2&H0&+0&!R:5].[c&D2&v4&H1&+0&R&z1:4]	Any;Any
544_1	Any;PRENYL_ACCEPTOR_CoF	[C&D1&v4&H2&+0&!R&z0:1]=[C&D2&v4&H1&+0&!R&z0:2]-[C&D4&v4&H0&+0&!R&z0:3]-[c&D3&v4&H0&+0&R&z1:4].[O&D1&v2&H1&+0&!R:5]>>[C&D3&v4&H0&+0&!R&z0:3]=[C&D2&v4&H1&+0&!R&z0:2]-[C&D2&v4&H2&+0&!R&z1:1]-[O&D2&v2&H0&+0&!R:5].[c&D2&v4&H1&+0&R&z1:4]	PRENYL_DONOR_CoF;Any
533_0	Any;Any	[C&D1&v4&H2&+0&!R&z0:1]=[C&D3&v4&H0&+0&R&z1:2]-[O&D2&v2&H0&+0&R:3].[C&D3&v4&H0&+0&R&z0:4]1=[C&D2&v4&H1&+0&R&z1:5]-[N&D3&v3&H0&+0&R:6]-[C&D2&v4&H1&+0&R&z1:7]=[C&D2&v4&H1&+0&R&z0:8]-[C&D2&v4&H2&+0&R&z0:9]-1>>[C&D3&v4&H1&+0&R&z1:2](-[C&D1&v4&H3&+0&!R&z0:1])-[O&D2&v2&H0&+0&R:3].[c&D3&v4&H0&+0&R&z0:4]1:[c&D2&v4&H1&+0&R&z0:9]:[c&D2&v4&H1&+0&R&z0:8]:[c&D2&v4&H1&+0&R&z1:7]:[n&D3&v4&H0&+&R:6]:[c&D2&v4&H1&+0&R&z1:5]:1	Any;Any
533_1	Any;NADH_CoF	[C&D1&v4&H2&+0&!R&z0:1]=[C&D3&v4&H0&+0&R&z1:2]-[O&D2&v2&H0&+0&R:3].[C&D3&v4&H0&+0&R&z0:4]1=[C&D2&v4&H1&+0&R&z1:5]-[N&D3&v3&H0&+0&R:6]-[C&D2&v4&H1&+0&R&z1:7]=[C&D2&v4&H1&+0&R&z0:8]-[C&D2&v4&H2&+0&R&z0:9]-1>>[C&D3&v4&H1&+0&R&z1:2](-[C&D1&v4&H3&+0&!R&z0:1])-[O&D2&v2&H0&+0&R:3].[c&D3&v4&H0&+0&R&z0:4]1:[c&D2&v4&H1&+0&R&z0:9]:[c&D2&v4&H1&+0&R&z0:8]:[c&D2&v4&H1&+0&R&z1:7]:[n&D3&v4&H0&+&R:6]:[c&D2&v4&H1&+0&R&z1:5]:1	Any;NAD_CoF
1147_0	Any	[C&D3&v4&H1&+0&R&z0:1](-[C&D4&v4&H0&+0&R&z1:2]-[O&D1&v2&H1&+0&!R:3])-[C&D4&v4&H0&+0&R&z0:4]-[C&D3&v4&H1&+0&R&z0:5]-[C&D4&v4&H0&+0&R&z0:6]-[C&D3&v4&H1&+0&R&z0:7]-[C&D4&v4&H0&+0&R&z0:8]-[C&D3&v4&H1&+0&R&z0:9]-[C&D4&v4&H0&+0&R&z0:10]-[C&D2&v4&H2&+0&R&z0:11]>>([C&D3&v4&H0&+0&!R&z0:10]=[C&D2&v4&H1&+0&!R&z0:9].[C&D3&v4&H0&+0&!R&z0:6]=[C&D2&v4&H1&+0&!R&z0:5].[C&D3&v4&H0&+0&!R&z0:2]=[C&D2&v4&H1&+0&!R&z0:11].[C&D3&v4&H0&+0&!R&z0:8]=[C&D2&v4&H1&+0&!R&z0:7].[C&D3&v4&H0&+0&!R&z0:4]=[C&D2&v4&H1&+0&!R&z0:1]).[O&D0&v2&H2&+0&!R:3]	Any;WATER
1392_0	Any;WATER	[C&D2&v4&H2&+0&R&z1:1]-[O&D2&v2&H0&+0&R:2].[O&D0&v2&H2&+0&!R:3]>>([C&D2&v4&H2&+0&!R&z1:1]-[O&D1&v2&H1&+0&!R:3].[O&D1&v2&H1&+0&!R:2])	Any
2117_0	Any;Any	[O&D2&v2&H0&+0&!R:1]-[C&D3&v4&H1&+0&R&z2:2].[S&D1&v2&H1&+0&!R:3]>>[C&D3&v4&H1&+0&R&z2:2]-[S&D2&v2&H0&+0&!R:3].[O&D1&v2&H1&+0&!R:1]	Any;Any
2117_1	GLUCOSYL_DONOR_CoF;Any	[O&D2&v2&H0&+0&!R:1]-[C&D3&v4&H1&+0&R&z2:2].[S&D1&v2&H1&+0&!R:3]>>[C&D3&v4&H1&+0&R&z2:2]-[S&D2&v2&H0&+0&!R:3].[O&D1&v2&H1&+0&!R:1]	Any;GLUCOSYL_ACCEPTOR_CoF
1078_0	Any;Any	[C&D2&v4&H1&+0&!R&z2:1]-[N&D2&v3&H1&+0&!R:2].[N&D2&v3&H1&+0&R:3]>>[N&D1&v3&H2&+0&!R:2].[N&D3&v3&H0&+0&R:3]-[C&D2&v4&H1&+0&!R&z2:1]	Any;Any
1078_1	FORMYL_DONOR_CoF;FORMYL_ACCEPTOR_CoF	[C&D2&v4&H1&+0&!R&z2:1]-[N&D2&v3&H1&+0&!R:2].[N&D2&v3&H1&+0&R:3]>>[N&D1&v3&H2&+0&!R:2].[N&D3&v3&H0&+0&R:3]-[C&D2&v4&H1&+0&!R&z2:1]	FORMYL_ACCEPTOR_CoF;FORMYL_DONOR_CoF
870_0	Any;WATER	[C&D2&v4&H2&+0&!R&z1:1]-[S&D3&v4&H0&+0&!R:2].[O&D0&v2&H2&+0&!R:3]>>[C&D1&v4&H3&+0&!R&z0:1].[S&D3&v4&H0&+0&!R:2]-[O&D1&v2&H1&+0&!R:3]	Any;SULFITE
1575_0	Any;Any	[C&D3&v4&H0&+0&R&z0:1]1=[C&D2&v4&H1&+0&R&z1:2]-[N&D3&v3&H0&+0&R:3]-[C&D2&v4&H1&+0&R&z1:4]=[C&D2&v4&H1&+0&R&z0:5]-[C&D2&v4&H2&+0&R&z0:6]-1.[C&D3&v4&H1&+0&R&z1:7]-[O&D1&v2&H1&+0&!R:8]>>[C&D2&v4&H2&+0&R&z0:7].[O&D0&v2&H2&+0&!R:8].[c&D3&v4&H0&+0&R&z0:1]1:[c&D2&v4&H1&+0&R&z0:6]:[c&D2&v4&H1&+0&R&z0:5]:[c&D2&v4&H1&+0&R&z1:4]:[n&D3&v4&H0&+&R:3]:[c&D2&v4&H1&+0&R&z1:2]:1	Any;WATER;Any
1575_1	NADH_CoF;Any	[C&D3&v4&H0&+0&R&z0:1]1=[C&D2&v4&H1&+0&R&z1:2]-[N&D3&v3&H0&+0&R:3]-[C&D2&v4&H1&+0&R&z1:4]=[C&D2&v4&H1&+0&R&z0:5]-[C&D2&v4&H2&+0&R&z0:6]-1.[C&D3&v4&H1&+0&R&z1:7]-[O&D1&v2&H1&+0&!R:8]>>[C&D2&v4&H2&+0&R&z0:7].[O&D0&v2&H2&+0&!R:8].[c&D3&v4&H0&+0&R&z0:1]1:[c&D2&v4&H1&+0&R&z0:6]:[c&D2&v4&H1&+0&R&z0:5]:[c&D2&v4&H1&+0&R&z1:4]:[n&D3&v4&H0&+&R:3]:[c&D2&v4&H1&+0&R&z1:2]:1	Any;WATER;NAD_CoF
932_0	Any	([C&D3&v4&H0&+0&!R&z0:1](-[C&D1&v4&H3&+0&!R&z0:2])=[C&D2&v4&H1&+0&!R&z0:3]-[C&D2&v4&H2&+0&!R&z1:4]-[O&D2&v2&H0&+0&!R:5].[C&D3&v4&H0&+0&!R&z0:6]=[C&D2&v4&H1&+0&!R&z0:7].[C&D3&v4&H0&+0&!R&z0:8]=[C&D2&v4&H1&+0&!R&z0:9]-[C&D2&v4&H2&+0&!R&z0:10])>>[C&D1&v4&H2&+0&!R&z0:2]=[C&D3&v4&H0&+0&R&z0:9]1-[C&D3&v4&H1&+0&R&z0:10]-[C&D3&v4&H1&+0&R&z0:4](-[C&D3&v4&H1&+0&R&z0:3](-[C&D2&v4&H2&+0&R&z0:1])-[C&D4&v4&H0&+0&R&z0:8]-1)-[C&D3&v4&H1&+0&R&z0:7]-[C&D3&v4&H1&+0&!R&z0:6].[O&D1&v2&H1&+0&!R:5]	Any;PPI
820_0	Any	[C&D3&v4&H1&+0&!R&z0:1]-[C&D3&v4&H1&+0&!R&z1:2]-[O&D1&v2&H1&+0&!R:3]>>[C&D3&v4&H0&+0&!R&z0:1]=[C&D2&v4&H1&+0&!R&z0:2].[O&D0&v2&H2&+0&!R:3]	Any;WATER
2013_0	Any	[C&D2&v4&H2&+0&!R&z0:1]-[C&D3&v4&H1&+0&R&z1:2]-[O&D2&v2&H0&+0&R:3]>>([C&D2&v4&H1&+0&!R&z0:1]=[C&D2&v4&H1&+0&!R&z0:2].[O&D1&v2&H1&+0&!R:3])	Any
364_0	WATER;Any	[O&D0&v2&H2&+0&!R:1].[c&D3&v4&H0&+0&R&z1:2]-[O&D2&v2&H0&+0&!R:3]>>[O&D1&v2&H1&+0&!R:3].[c&D3&v4&H0&+0&R&z1:2]-[O&D1&v2&H1&+0&!R:1]	Any;Any
364_1	WATER;Any	[O&D0&v2&H2&+0&!R:1].[c&D3&v4&H0&+0&R&z1:2]-[O&D2&v2&H0&+0&!R:3]>>[O&D1&v2&H1&+0&!R:3].[c&D3&v4&H0&+0&R&z1:2]-[O&D1&v2&H1&+0&!R:1]	SULFATE;Any
1948_0	Any	[O&D1&v2&H0&+0&!R:1]=[C&D3&v4&H0&+0&!R&z2:2]-[C&D3&v4&H0&+0&!R&z1:3]=[C&D2&v4&H1&+0&!R&z0:4]-[C&D2&v4&H1&+0&!R&z0:5]=[C&D3&v4&H0&+0&!R&z1:6]-[C&D3&v4&H0&+0&!R&z2:7]=[O&D1&v2&H0&+0&!R:8]>>[O&D1&v2&H0&+0&!R:1]=[O&D1&v2&H0&+0&!R:8].[c&D3&v4&H0&+0&R&z1:2]1:[c&D3&v4&H0&+0&R&z1:3]:[c&D2&v4&H1&+0&R&z0:4]:[c&D2&v4&H1&+0&R&z0:5]:[c&D3&v4&H0&+0&R&z1:6]:[c&D3&v4&H0&+0&R&z1:7]:1	O2;Any
1447_0	Any;Any;Any	[C&D3&v4&H0&+0&!R&z2:1]-[O&D1&v2&H1&+0&!R:2].[C&D3&v4&H0&+0&R&z0:3]1=[C&D2&v4&H1&+0&R&z1:4]-[N&D3&v3&H0&+0&R:5]-[C&D2&v4&H1&+0&R&z1:6]=[C&D2&v4&H1&+0&R&z0:7]-[C&D2&v4&H2&+0&R&z0:8]-1.[P&D4&v5&H0&+0&!R:9]-[O&D2&v2&H0&+0&!R:10]>>[C&D2&v4&H1&+0&!R&z1:1].[O&D1&v2&H1&+0&!R:10].[P&D4&v5&H0&+0&!R:9]-[O&D1&v2&H1&+0&!R:2].[c&D3&v4&H0&+0&R&z0:3]1:[c&D2&v4&H1&+0&R&z0:8]:[c&D2&v4&H1&+0&R&z0:7]:[c&D2&v4&H1&+0&R&z1:6]:[n&D3&v4&H0&+&R:5]:[c&D2&v4&H1&+0&R&z1:4]:1	Any;PPI;Any;Any
1447_1	Any;Any;Any	[C&D3&v4&H0&+0&!R&z2:1]-[O&D1&v2&H1&+0&!R:2].[C&D3&v4&H0&+0&R&z0:3]1=[C&D2&v4&H1&+0&R&z1:4]-[N&D3&v3&H0&+0&R:5]-[C&D2&v4&H1&+0&R&z1:6]=[C&D2&v4&H1&+0&R&z0:7]-[C&D2&v4&H2&+0&R&z0:8]-1.[P&D4&v5&H0&+0&!R:9]-[O&D2&v2&H0&+0&!R:10]>>[C&D2&v4&H1&+0&!R&z1:1].[O&D1&v2&H1&+0&!R:10].[P&D4&v5&H0&+0&!R:9]-[O&D1&v2&H1&+0&!R:2].[c&D3&v4&H0&+0&R&z0:3]1:[c&D2&v4&H1&+0&R&z0:8]:[c&D2&v4&H1&+0&R&z0:7]:[c&D2&v4&H1&+0&R&z1:6]:[n&D3&v4&H0&+&R:5]:[c&D2&v4&H1&+0&R&z1:4]:1	Any;Pi;Any;Any
1447_2	Any;NADH_CoF;PHOSPHATE_DONOR_CoF	[C&D3&v4&H0&+0&!R&z2:1]-[O&D1&v2&H1&+0&!R:2].[C&D3&v4&H0&+0&R&z0:3]1=[C&D2&v4&H1&+0&R&z1:4]-[N&D3&v3&H0&+0&R:5]-[C&D2&v4&H1&+0&R&z1:6]=[C&D2&v4&H1&+0&R&z0:7]-[C&D2&v4&H2&+0&R&z0:8]-1.[P&D4&v5&H0&+0&!R:9]-[O&D2&v2&H0&+0&!R:10]>>[C&D2&v4&H1&+0&!R&z1:1].[O&D1&v2&H1&+0&!R:10].[P&D4&v5&H0&+0&!R:9]-[O&D1&v2&H1&+0&!R:2].[c&D3&v4&H0&+0&R&z0:3]1:[c&D2&v4&H1&+0&R&z0:8]:[c&D2&v4&H1&+0&R&z0:7]:[c&D2&v4&H1&+0&R&z1:6]:[n&D3&v4&H0&+&R:5]:[c&D2&v4&H1&+0&R&z1:4]:1	Any;Pi;PHOSPHATE_ACCEPTOR_CoF;NAD_CoF
1447_3	Any;NADH_CoF;PYROPHOSPHATE_DONOR_CoF	[C&D3&v4&H0&+0&!R&z2:1]-[O&D1&v2&H1&+0&!R:2].[C&D3&v4&H0&+0&R&z0:3]1=[C&D2&v4&H1&+0&R&z1:4]-[N&D3&v3&H0&+0&R:5]-[C&D2&v4&H1&+0&R&z1:6]=[C&D2&v4&H1&+0&R&z0:7]-[C&D2&v4&H2&+0&R&z0:8]-1.[P&D4&v5&H0&+0&!R:9]-[O&D2&v2&H0&+0&!R:10]>>[C&D2&v4&H1&+0&!R&z1:1].[O&D1&v2&H1&+0&!R:10].[P&D4&v5&H0&+0&!R:9]-[O&D1&v2&H1&+0&!R:2].[c&D3&v4&H0&+0&R&z0:3]1:[c&D2&v4&H1&+0&R&z0:8]:[c&D2&v4&H1&+0&R&z0:7]:[c&D2&v4&H1&+0&R&z1:6]:[n&D3&v4&H0&+&R:5]:[c&D2&v4&H1&+0&R&z1:4]:1	Any;PPI;PYROPHOSPHATE_ACCEPTOR_CoF;NAD_CoF
1562_0	Any;CO2;Any	[C&D3&v4&H0&+0&R&z0:1]1=[C&D2&v4&H1&+0&R&z1:2]-[N&D3&v3&H0&+0&R:3]-[C&D2&v4&H1&+0&R&z1:4]=[C&D2&v4&H1&+0&R&z0:5]-[C&D2&v4&H2&+0&R&z0:6]-1.[O&D1&v2&H0&+0&!R:7]=[C&D2&v4&H0&+0&!R&z2:8].[c&D3&v4&H0&+0&R&z0:9]1:[c&D2&v4&H1&+0&R&z0:10]:[c&D2&v4&H1&+0&R&z0:11]:[c&D3&v4&H0&+0&R&z1:12](-[O&D1&v2&H1&+0&!R:13]):[c&D2&v4&H1&+0&R&z0:14]:[c&D2&v4&H1&+0&R&z0:15]:1>>[C&D4&v4&H0&+0&R&z0:9]1(-[C&D3&v4&H0&+0&!R&z2:8]-[O&D1&v2&H1&+0&!R:7])-[C&D2&v4&H1&+0&R&z0:10]=[C&D2&v4&H1&+0&R&z0:11]-[C&D3&v4&H1&+0&R&z1:12](-[O&D1&v2&H1&+0&!R:13])-[C&D2&v4&H1&+0&R&z0:14]=[C&D2&v4&H1&+0&R&z0:15]-1.[c&D3&v4&H0&+0&R&z0:1]1:[c&D2&v4&H1&+0&R&z0:6]:[c&D2&v4&H1&+0&R&z0:5]:[c&D2&v4&H1&+0&R&z1:4]:[n&D3&v4&H0&+&R:3]:[c&D2&v4&H1&+0&R&z1:2]:1	Any;Any
1562_1	NADH_CoF;CO2;Any	[C&D3&v4&H0&+0&R&z0:1]1=[C&D2&v4&H1&+0&R&z1:2]-[N&D3&v3&H0&+0&R:3]-[C&D2&v4&H1&+0&R&z1:4]=[C&D2&v4&H1&+0&R&z0:5]-[C&D2&v4&H2&+0&R&z0:6]-1.[O&D1&v2&H0&+0&!R:7]=[C&D2&v4&H0&+0&!R&z2:8].[c&D3&v4&H0&+0&R&z0:9]1:[c&D2&v4&H1&+0&R&z0:10]:[c&D2&v4&H1&+0&R&z0:11]:[c&D3&v4&H0&+0&R&z1:12](-[O&D1&v2&H1&+0&!R:13]):[c&D2&v4&H1&+0&R&z0:14]:[c&D2&v4&H1&+0&R&z0:15]:1>>[C&D4&v4&H0&+0&R&z0:9]1(-[C&D3&v4&H0&+0&!R&z2:8]-[O&D1&v2&H1&+0&!R:7])-[C&D2&v4&H1&+0&R&z0:10]=[C&D2&v4&H1&+0&R&z0:11]-[C&D3&v4&H1&+0&R&z1:12](-[O&D1&v2&H1&+0&!R:13])-[C&D2&v4&H1&+0&R&z0:14]=[C&D2&v4&H1&+0&R&z0:15]-1.[c&D3&v4&H0&+0&R&z0:1]1:[c&D2&v4&H1&+0&R&z0:6]:[c&D2&v4&H1&+0&R&z0:5]:[c&D2&v4&H1&+0&R&z1:4]:[n&D3&v4&H0&+&R:3]:[c&D2&v4&H1&+0&R&z1:2]:1	Any;NAD_CoF
2121_0	H2O2;Any	[O&D1&v2&H1&+0&!R:1]-[O&D1&v2&H1&+0&!R:2].[O&D2&v2&H0&+0&R:3]-[C&D3&v4&H1&+0&R&z2:4]-[O&D1&v2&H1&+0&!R:5]>>[O&D1&v2&H0&+0&!R:1]=[O&D1&v2&H0&+0&!R:2].([C&D2&v4&H2&+0&!R&z1:4]-[O&D1&v2&H1&+0&!R:5].[O&D1&v2&H1&+0&!R:3])	O2;Any
545_0	Any;PPI	[C&D1&v4&H2&+0&!R&z0:1]=[C&D2&v4&H1&+0&!R&z0:2]-[C&D4&v4&H0&+0&!R&z0:3]-[C&D3&v4&H0&+0&R&z0:4].[O&D1&v2&H1&+0&!R:5]>>[C&D2&v4&H1&+0&R&z0:4].[C&D3&v4&H0&+0&!R&z0:3]=[C&D2&v4&H1&+0&!R&z0:2]-[C&D2&v4&H2&+0&!R&z1:1]-[O&D2&v2&H0&+0&!R:5]	Any;Any
436_0	HCN;Any	[C&D1&v4&H1&+0&!R&z1:1].[C&D3&v4&H0&+0&!R&z1:2]=[O&D1&v2&H0&+0&!R:3]>>[C&D4&v4&H0&+0&!R&z1:2](-[O&D1&v2&H1&+0&!R:3])-[C&D2&v4&H0&+0&!R&z1:1]	Any
82_0	Any;Any	[C&D3&v4&H0&+0&!R&z3:1]-[O&D2&v2&H0&+0&!R:2].[S&D1&v2&H1&+0&!R:3]>>[C&D3&v4&H0&+0&!R&z3:1]-[S&D2&v2&H0&+0&!R:3].[O&D1&v2&H1&+0&!R:2]	Any;Any
82_1	Any;Any	[C&D3&v4&H0&+0&!R&z3:1]-[O&D2&v2&H0&+0&!R:2].[S&D1&v2&H1&+0&!R:3]>>[C&D3&v4&H0&+0&!R&z3:1]-[S&D2&v2&H0&+0&!R:3].[O&D1&v2&H1&+0&!R:2]	Any;Pi
82_2	Any;CoA	[C&D3&v4&H0&+0&!R&z3:1]-[O&D2&v2&H0&+0&!R:2].[S&D1&v2&H1&+0&!R:3]>>[C&D3&v4&H0&+0&!R&z3:1]-[S&D2&v2&H0&+0&!R:3].[O&D1&v2&H1&+0&!R:2]	Any;Any
332_0	Any;Any;Any	[C&D3&v4&H0&+0&R&z0:1]1=[C&D2&v4&H1&+0&R&z1:2]-[N&D3&v3&H0&+0&R:3]-[C&D2&v4&H1&+0&R&z1:4]=[C&D2&v4&H1&+0&R&z0:5]-[C&D2&v4&H2&+0&R&z0:6]-1.[C&D3&v4&H0&+0&R&z0:7]1=[C&D2&v4&H1&+0&R&z1:8]-[N&D3&v3&H0&+0&R:9]-[C&D2&v4&H1&+0&R&z1:10]=[C&D2&v4&H1&+0&R&z0:11]-[C&D2&v4&H2&+0&R&z0:12]-1.[S&D2&v2&H0&+0&!R:13]-[C&D3&v4&H0&+0&!R&z2:14]=[O&D1&v2&H0&+0&!R:15]>>[C&D2&v4&H2&+0&!R&z1:14]-[O&D1&v2&H1&+0&!R:15].[S&D1&v2&H1&+0&!R:13].[c&D3&v4&H0&+0&R&z0:7]1:[c&D2&v4&H1&+0&R&z0:12]:[c&D2&v4&H1&+0&R&z0:11]:[c&D2&v4&H1&+0&R&z1:10]:[n&D3&v4&H0&+&R:9]:[c&D2&v4&H1&+0&R&z1:8]:1.[c&D3&v4&H0&+0&R&z0:1]1:[c&D2&v4&H1&+0&R&z0:6]:[c&D2&v4&H1&+0&R&z0:5]:[c&D2&v4&H1&+0&R&z1:4]:[n&D3&v4&H0&+&R:3]:[c&D2&v4&H1&+0&R&z1:2]:1	Any;Any;Any;Any
332_1	Any;Any;Any	[C&D3&v4&H0&+0&R&z0:1]1=[C&D2&v4&H1&+0&R&z1:2]-[N&D3&v3&H0&+0&R:3]-[C&D2&v4&H1&+0&R&z1:4]=[C&D2&v4&H1&+0&R&z0:5]-[C&D2&v4&H2&+0&R&z0:6]-1.[C&D3&v4&H0&+0&R&z0:7]1=[C&D2&v4&H1&+0&R&z1:8]-[N&D3&v3&H0&+0&R:9]-[C&D2&v4&H1&+0&R&z1:10]=[C&D2&v4&H1&+0&R&z0:11]-[C&D2&v4&H2&+0&R&z0:12]-1.[S&D2&v2&H0&+0&!R:13]-[C&D3&v4&H0&+0&!R&z2:14]=[O&D1&v2&H0&+0&!R:15]>>[C&D2&v4&H2&+0&!R&z1:14]-[O&D1&v2&H1&+0&!R:15].[S&D1&v2&H1&+0&!R:13].[c&D3&v4&H0&+0&R&z0:7]1:[c&D2&v4&H1&+0&R&z0:12]:[c&D2&v4&H1&+0&R&z0:11]:[c&D2&v4&H1&+0&R&z1:10]:[n&D3&v4&H0&+&R:9]:[c&D2&v4&H1&+0&R&z1:8]:1.[c&D3&v4&H0&+0&R&z0:1]1:[c&D2&v4&H1&+0&R&z0:6]:[c&D2&v4&H1&+0&R&z0:5]:[c&D2&v4&H1&+0&R&z1:4]:[n&D3&v4&H0&+&R:3]:[c&D2&v4&H1&+0&R&z1:2]:1	Any;CoA;Any;Any
332_2	NADH_CoF;NADH_CoF;Any	[C&D3&v4&H0&+0&R&z0:1]1=[C&D2&v4&H1&+0&R&z1:2]-[N&D3&v3&H0&+0&R:3]-[C&D2&v4&H1&+0&R&z1:4]=[C&D2&v4&H1&+0&R&z0:5]-[C&D2&v4&H2&+0&R&z0:6]-1.[C&D3&v4&H0&+0&R&z0:7]1=[C&D2&v4&H1&+0&R&z1:8]-[N&D3&v3&H0&+0&R:9]-[C&D2&v4&H1&+0&R&z1:10]=[C&D2&v4&H1&+0&R&z0:11]-[C&D2&v4&H2&+0&R&z0:12]-1.[S&D2&v2&H0&+0&!R:13]-[C&D3&v4&H0&+0&!R&z2:14]=[O&D1&v2&H0&+0&!R:15]>>[C&D2&v4&H2&+0&!R&z1:14]-[O&D1&v2&H1&+0&!R:15].[S&D1&v2&H1&+0&!R:13].[c&D3&v4&H0&+0&R&z0:7]1:[c&D2&v4&H1&+0&R&z0:12]:[c&D2&v4&H1&+0&R&z0:11]:[c&D2&v4&H1&+0&R&z1:10]:[n&D3&v4&H0&+&R:9]:[c&D2&v4&H1&+0&R&z1:8]:1.[c&D3&v4&H0&+0&R&z0:1]1:[c&D2&v4&H1&+0&R&z0:6]:[c&D2&v4&H1&+0&R&z0:5]:[c&D2&v4&H1&+0&R&z1:4]:[n&D3&v4&H0&+&R:3]:[c&D2&v4&H1&+0&R&z1:2]:1	Any;Any;NAD_CoF;NAD_CoF
332_3	NADH_CoF;NADH_CoF;Any	[C&D3&v4&H0&+0&R&z0:1]1=[C&D2&v4&H1&+0&R&z1:2]-[N&D3&v3&H0&+0&R:3]-[C&D2&v4&H1&+0&R&z1:4]=[C&D2&v4&H1&+0&R&z0:5]-[C&D2&v4&H2&+0&R&z0:6]-1.[C&D3&v4&H0&+0&R&z0:7]1=[C&D2&v4&H1&+0&R&z1:8]-[N&D3&v3&H0&+0&R:9]-[C&D2&v4&H1&+0&R&z1:10]=[C&D2&v4&H1&+0&R&z0:11]-[C&D2&v4&H2&+0&R&z0:12]-1.[S&D2&v2&H0&+0&!R:13]-[C&D3&v4&H0&+0&!R&z2:14]=[O&D1&v2&H0&+0&!R:15]>>[C&D2&v4&H2&+0&!R&z1:14]-[O&D1&v2&H1&+0&!R:15].[S&D1&v2&H1&+0&!R:13].[c&D3&v4&H0&+0&R&z0:7]1:[c&D2&v4&H1&+0&R&z0:12]:[c&D2&v4&H1&+0&R&z0:11]:[c&D2&v4&H1&+0&R&z1:10]:[n&D3&v4&H0&+&R:9]:[c&D2&v4&H1&+0&R&z1:8]:1.[c&D3&v4&H0&+0&R&z0:1]1:[c&D2&v4&H1&+0&R&z0:6]:[c&D2&v4&H1&+0&R&z0:5]:[c&D2&v4&H1&+0&R&z1:4]:[n&D3&v4&H0&+&R:3]:[c&D2&v4&H1&+0&R&z1:2]:1	Any;CoA;NAD_CoF;NAD_CoF
1328_0	Any;Any;CO2	[C&D3&v4&H0&+0&!R&z2:1]-[O&D1&v2&H1&+0&!R:2].[C&D4&v4&H0&+0&R&z2:3]1-[O&D2&v2&H0&+0&R:4]-[C&D3&v4&H1&+0&R&z1:5]-1.[O&D1&v2&H0&+0&!R:6]=[C&D2&v4&H0&+0&!R&z2:7]>>[C&D3&v4&H0&+0&!R&z1:1]-[C&D3&v4&H0&+0&!R&z2:7]-[O&D1&v2&H1&+0&!R:6].[C&D3&v4&H0&+0&R&z1:3]=[C&D2&v4&H1&+0&!R&z0:5].[O&D1&v2&H0&+0&!R:2]=[O&D1&v2&H0&+0&!R:4]	Any;Any;O2
1074_0	Any;Any	[C&D3&v4&H0&+0&R&z0:1]1=[C&D2&v4&H1&+0&R&z1:2]-[N&D3&v3&H0&+0&R:3]-[C&D2&v4&H1&+0&R&z1:4]=[C&D2&v4&H1&+0&R&z0:5]-[C&D2&v4&H2&+0&R&z0:6]-1.[C&D3&v4&H0&+0&R&z1:7]=[N&D2&v3&H0&+0&R:8]>>[C&D3&v4&H1&+0&R&z1:7]-[N&D2&v3&H1&+0&R:8].[c&D3&v4&H0&+0&R&z0:1]1:[c&D2&v4&H1&+0&R&z0:6]:[c&D2&v4&H1&+0&R&z0:5]:[c&D2&v4&H1&+0&R&z1:4]:[n&D3&v4&H0&+&R:3]:[c&D2&v4&H1&+0&R&z1:2]:1	Any;Any
1074_1	NADH_CoF;Any	[C&D3&v4&H0&+0&R&z0:1]1=[C&D2&v4&H1&+0&R&z1:2]-[N&D3&v3&H0&+0&R:3]-[C&D2&v4&H1&+0&R&z1:4]=[C&D2&v4&H1&+0&R&z0:5]-[C&D2&v4&H2&+0&R&z0:6]-1.[C&D3&v4&H0&+0&R&z1:7]=[N&D2&v3&H0&+0&R:8]>>[C&D3&v4&H1&+0&R&z1:7]-[N&D2&v3&H1&+0&R:8].[c&D3&v4&H0&+0&R&z0:1]1:[c&D2&v4&H1&+0&R&z0:6]:[c&D2&v4&H1&+0&R&z0:5]:[c&D2&v4&H1&+0&R&z1:4]:[n&D3&v4&H0&+&R:3]:[c&D2&v4&H1&+0&R&z1:2]:1	Any;NAD_CoF
641_0	Any;CoA;Any	[C&D3&v4&H0&+0&!R&z1:1]-[C&D3&v4&H0&+0&!R&z2:2]-[O&D1&v2&H1&+0&!R:3].[S&D1&v2&H1&+0&!R:4].[c&D3&v4&H0&+0&R&z0:5]1:[c&D2&v4&H1&+0&R&z0:6]:[c&D2&v4&H1&+0&R&z0:7]:[c&D2&v4&H1&+0&R&z1:8]:[n&D3&v4&H0&+&R:9]:[c&D2&v4&H1&+0&R&z1:10]:1>>[C&D3&v4&H0&+0&!R&z2:1]-[S&D2&v2&H0&+0&!R:4].[C&D3&v4&H0&+0&R&z0:5]1=[C&D2&v4&H1&+0&R&z1:10]-[N&D3&v3&H0&+0&R:9]-[C&D2&v4&H1&+0&R&z1:8]=[C&D2&v4&H1&+0&R&z0:7]-[C&D2&v4&H2&+0&R&z0:6]-1.[O&D1&v2&H0&+0&!R:3]=[C&D2&v4&H0&+0&!R&z2:2]	ACETYL-COA;Any;CO2
641_1	Any;CoA;Any	[C&D3&v4&H0&+0&!R&z1:1]-[C&D3&v4&H0&+0&!R&z2:2]-[O&D1&v2&H1&+0&!R:3].[S&D1&v2&H1&+0&!R:4].[c&D3&v4&H0&+0&R&z0:5]1:[c&D2&v4&H1&+0&R&z0:6]:[c&D2&v4&H1&+0&R&z0:7]:[c&D2&v4&H1&+0&R&z1:8]:[n&D3&v4&H0&+&R:9]:[c&D2&v4&H1&+0&R&z1:10]:1>>[C&D3&v4&H0&+0&!R&z2:1]-[S&D2&v2&H0&+0&!R:4].[C&D3&v4&H0&+0&R&z0:5]1=[C&D2&v4&H1&+0&R&z1:10]-[N&D3&v3&H0&+0&R:9]-[C&D2&v4&H1&+0&R&z1:8]=[C&D2&v4&H1&+0&R&z0:7]-[C&D2&v4&H2&+0&R&z0:6]-1.[O&D1&v2&H0&+0&!R:3]=[C&D2&v4&H0&+0&!R&z2:2]	Any;Any;CO2
641_2	Any;CoA;NAD_CoF	[C&D3&v4&H0&+0&!R&z1:1]-[C&D3&v4&H0&+0&!R&z2:2]-[O&D1&v2&H1&+0&!R:3].[S&D1&v2&H1&+0&!R:4].[c&D3&v4&H0&+0&R&z0:5]1:[c&D2&v4&H1&+0&R&z0:6]:[c&D2&v4&H1&+0&R&z0:7]:[c&D2&v4&H1&+0&R&z1:8]:[n&D3&v4&H0&+&R:9]:[c&D2&v4&H1&+0&R&z1:10]:1>>[C&D3&v4&H0&+0&!R&z2:1]-[S&D2&v2&H0&+0&!R:4].[C&D3&v4&H0&+0&R&z0:5]1=[C&D2&v4&H1&+0&R&z1:10]-[N&D3&v3&H0&+0&R:9]-[C&D2&v4&H1&+0&R&z1:8]=[C&D2&v4&H1&+0&R&z0:7]-[C&D2&v4&H2&+0&R&z0:6]-1.[O&D1&v2&H0&+0&!R:3]=[C&D2&v4&H0&+0&!R&z2:2]	ACETYL-COA;NADH_CoF;CO2
641_3	Any;CoA;NAD_CoF	[C&D3&v4&H0&+0&!R&z1:1]-[C&D3&v4&H0&+0&!R&z2:2]-[O&D1&v2&H1&+0&!R:3].[S&D1&v2&H1&+0&!R:4].[c&D3&v4&H0&+0&R&z0:5]1:[c&D2&v4&H1&+0&R&z0:6]:[c&D2&v4&H1&+0&R&z0:7]:[c&D2&v4&H1&+0&R&z1:8]:[n&D3&v4&H0&+&R:9]:[c&D2&v4&H1&+0&R&z1:10]:1>>[C&D3&v4&H0&+0&!R&z2:1]-[S&D2&v2&H0&+0&!R:4].[C&D3&v4&H0&+0&R&z0:5]1=[C&D2&v4&H1&+0&R&z1:10]-[N&D3&v3&H0&+0&R:9]-[C&D2&v4&H1&+0&R&z1:8]=[C&D2&v4&H1&+0&R&z0:7]-[C&D2&v4&H2&+0&R&z0:6]-1.[O&D1&v2&H0&+0&!R:3]=[C&D2&v4&H0&+0&!R&z2:2]	Any;NADH_CoF;CO2
1360_0	Any;WATER;Any	[C&D1&v4&H3&+0&!R&z1:1]-[O&D2&v2&H0&+0&!R:2]-[C&D3&v4&H0&+0&!R&z2:3].[O&D0&v2&H2&+0&!R:4].[c&D3&v4&H0&+0&R&z0:5]1:[c&D2&v4&H1&+0&R&z0:6]:[c&D2&v4&H1&+0&R&z0:7]:[c&D2&v4&H1&+0&R&z1:8]:[n&D3&v4&H0&+&R:9]:[c&D2&v4&H1&+0&R&z1:10]:1>>[C&D1&v4&H3&+0&!R&z0:1]-[C&D3&v4&H0&+0&!R&z1:3].[C&D3&v4&H0&+0&R&z0:5]1=[C&D2&v4&H1&+0&R&z1:10]-[N&D3&v3&H0&+0&R:9]-[C&D2&v4&H1&+0&R&z1:8]=[C&D2&v4&H1&+0&R&z0:7]-[C&D2&v4&H2&+0&R&z0:6]-1.[O&D1&v2&H0&+0&!R:4]=[O&D1&v2&H0&+0&!R:2]	Any;Any;O2
1360_1	Any;WATER;NAD_CoF	[C&D1&v4&H3&+0&!R&z1:1]-[O&D2&v2&H0&+0&!R:2]-[C&D3&v4&H0&+0&!R&z2:3].[O&D0&v2&H2&+0&!R:4].[c&D3&v4&H0&+0&R&z0:5]1:[c&D2&v4&H1&+0&R&z0:6]:[c&D2&v4&H1&+0&R&z0:7]:[c&D2&v4&H1&+0&R&z1:8]:[n&D3&v4&H0&+&R:9]:[c&D2&v4&H1&+0&R&z1:10]:1>>[C&D1&v4&H3&+0&!R&z0:1]-[C&D3&v4&H0&+0&!R&z1:3].[C&D3&v4&H0&+0&R&z0:5]1=[C&D2&v4&H1&+0&R&z1:10]-[N&D3&v3&H0&+0&R:9]-[C&D2&v4&H1&+0&R&z1:8]=[C&D2&v4&H1&+0&R&z0:7]-[C&D2&v4&H2&+0&R&z0:6]-1.[O&D1&v2&H0&+0&!R:4]=[O&D1&v2&H0&+0&!R:2]	Any;NADH_CoF;O2
1957_0	Any	[C&D3&v4&H1&+0&!R&z1:1](-[O&D1&v2&H1&+0&!R:2])-[C&D2&v4&H2&+0&!R&z1:3]-[S&D4&v6&H0&+0&!R:4]=[O&D1&v2&H0&+0&!R:5]>>[C&D1&v4&H3&+0&!R&z0:3]-[C&D3&v4&H0&+0&!R&z1:1]=[O&D1&v2&H0&+0&!R:2].[S&D3&v4&H0&+0&!R:4]-[O&D1&v2&H1&+0&!R:5]	Any;SULFITE
478_0	Any	[C&D3&v4&H0&+0&R&z0:1](=[C&D2&v4&H1&+0&R&z0:2])-[C&D3&v4&H1&+0&R&z0:3]>>[C&D3&v4&H0&+0&R&z0:1](=[C&D3&v4&H0&+0&R&z0:3])-[C&D2&v4&H2&+0&R&z0:2]	Any
69_0	Any;Any	[C&D3&v4&H0&+0&!R&z3:1]-[O&D1&v2&H1&+0&!R:2].[S&D1&v2&H1&+0&!R:3]>>[C&D3&v4&H0&+0&!R&z3:1]-[S&D2&v2&H0&+0&!R:3].[O&D0&v2&H2&+0&!R:2]	Any;WATER
69_1	Any;CoA	[C&D3&v4&H0&+0&!R&z3:1]-[O&D1&v2&H1&+0&!R:2].[S&D1&v2&H1&+0&!R:3]>>[C&D3&v4&H0&+0&!R&z3:1]-[S&D2&v2&H0&+0&!R:3].[O&D0&v2&H2&+0&!R:2]	Any;WATER
1073_0	Any;WATER;Any	[C&D3&v4&H1&+0&!R&z1:1]-[N&D2&v3&H1&+0&!R:2].[O&D0&v2&H2&+0&!R:3].[c&D3&v4&H0&+0&R&z0:4]1:[c&D2&v4&H1&+0&R&z0:5]:[c&D2&v4&H1&+0&R&z0:6]:[c&D2&v4&H1&+0&R&z1:7]:[n&D3&v4&H0&+&R:8]:[c&D2&v4&H1&+0&R&z1:9]:1>>[C&D3&v4&H0&+0&!R&z1:1]=[O&D1&v2&H0&+0&!R:3].[C&D3&v4&H0&+0&R&z0:4]1=[C&D2&v4&H1&+0&R&z1:9]-[N&D3&v3&H0&+0&R:8]-[C&D2&v4&H1&+0&R&z1:7]=[C&D2&v4&H1&+0&R&z0:6]-[C&D2&v4&H2&+0&R&z0:5]-1.[N&D1&v3&H2&+0&!R:2]	Any;Any;Any
1073_1	Any;WATER;NAD_CoF	[C&D3&v4&H1&+0&!R&z1:1]-[N&D2&v3&H1&+0&!R:2].[O&D0&v2&H2&+0&!R:3].[c&D3&v4&H0&+0&R&z0:4]1:[c&D2&v4&H1&+0&R&z0:5]:[c&D2&v4&H1&+0&R&z0:6]:[c&D2&v4&H1&+0&R&z1:7]:[n&D3&v4&H0&+&R:8]:[c&D2&v4&H1&+0&R&z1:9]:1>>[C&D3&v4&H0&+0&!R&z1:1]=[O&D1&v2&H0&+0&!R:3].[C&D3&v4&H0&+0&R&z0:4]1=[C&D2&v4&H1&+0&R&z1:9]-[N&D3&v3&H0&+0&R:8]-[C&D2&v4&H1&+0&R&z1:7]=[C&D2&v4&H1&+0&R&z0:6]-[C&D2&v4&H2&+0&R&z0:5]-1.[N&D1&v3&H2&+0&!R:2]	Any;NADH_CoF;Any
1587_0	Any;Any	[C&D3&v4&H0&+0&R&z0:1]1=[C&D2&v4&H1&+0&R&z1:2]-[N&D3&v3&H0&+0&R:3]-[C&D2&v4&H1&+0&R&z1:4]=[C&D2&v4&H1&+0&R&z0:5]-[C&D2&v4&H2&+0&R&z0:6]-1.[O&D1&v2&H0&+0&!R:7]=[C&D3&v4&H0&+0&R&z1:8]1-[C&D2&v4&H1&+0&R&z0:9]=[C&D2&v4&H1&+0&R&z0:10]-[C&D3&v4&H0&+0&R&z1:11](=[O&D1&v2&H0&+0&!R:12])-[C&D2&v4&H1&+0&R&z0:13]=[C&D2&v4&H1&+0&R&z0:14]-1>>[O&D1&v2&H1&+0&!R:12]-[c&D3&v4&H0&+0&R&z1:11]1:[c&D2&v4&H1&+0&R&z0:10]:[c&D2&v4&H1&+0&R&z0:9]:[c&D3&v4&H0&+0&R&z1:8](-[O&D1&v2&H1&+0&!R:7]):[c&D2&v4&H1&+0&R&z0:14]:[c&D2&v4&H1&+0&R&z0:13]:1.[c&D3&v4&H0&+0&R&z0:1]1:[c&D2&v4&H1&+0&R&z0:6]:[c&D2&v4&H1&+0&R&z0:5]:[c&D2&v4&H1&+0&R&z1:4]:[n&D3&v4&H0&+&R:3]:[c&D2&v4&H1&+0&R&z1:2]:1	Any;Any
1587_1	NADH_CoF;Ubiquinones_CoF	[C&D3&v4&H0&+0&R&z0:1]1=[C&D2&v4&H1&+0&R&z1:2]-[N&D3&v3&H0&+0&R:3]-[C&D2&v4&H1&+0&R&z1:4]=[C&D2&v4&H1&+0&R&z0:5]-[C&D2&v4&H2&+0&R&z0:6]-1.[O&D1&v2&H0&+0&!R:7]=[C&D3&v4&H0&+0&R&z1:8]1-[C&D2&v4&H1&+0&R&z0:9]=[C&D2&v4&H1&+0&R&z0:10]-[C&D3&v4&H0&+0&R&z1:11](=[O&D1&v2&H0&+0&!R:12])-[C&D2&v4&H1&+0&R&z0:13]=[C&D2&v4&H1&+0&R&z0:14]-1>>[O&D1&v2&H1&+0&!R:12]-[c&D3&v4&H0&+0&R&z1:11]1:[c&D2&v4&H1&+0&R&z0:10]:[c&D2&v4&H1&+0&R&z0:9]:[c&D3&v4&H0&+0&R&z1:8](-[O&D1&v2&H1&+0&!R:7]):[c&D2&v4&H1&+0&R&z0:14]:[c&D2&v4&H1&+0&R&z0:13]:1.[c&D3&v4&H0&+0&R&z0:1]1:[c&D2&v4&H1&+0&R&z0:6]:[c&D2&v4&H1&+0&R&z0:5]:[c&D2&v4&H1&+0&R&z1:4]:[n&D3&v4&H0&+&R:3]:[c&D2&v4&H1&+0&R&z1:2]:1	Ubiquinols_CoF;NAD_CoF
1295_0	Any;WATER	[C&D3&v4&H1&+0&!R&z1:1]-[O&D1&v2&H1&+0&!R:2].[O&D0&v2&H2&+0&!R:3]>>[C&D2&v4&H2&+0&!R&z0:1].[O&D1&v2&H1&+0&!R:2]-[O&D1&v2&H1&+0&!R:3]	Any;H2O2
1962_0	Any;H2O2	[C&D3&v4&H0&+0&R&z0:1]=[C&D2&v4&H1&+0&R&z0:2]-[C&D2&v4&H1&+0&R&z0:3]=[C&D2&v4&H1&+0&R&z0:4].[O&D1&v2&H1&+0&!R:5]-[O&D1&v2&H1&+0&!R:6]>>[C&D2&v4&H2&+0&R&z0:4]-[C&D2&v4&H1&+0&R&z0:3]=[C&D2&v4&H1&+0&R&z0:2]-[C&D3&v4&H1&+0&R&z0:1].[O&D1&v2&H0&+0&!R:5]=[O&D1&v2&H0&+0&!R:6]	Any;O2
1874_0	Any;WATER	[C&D3&v4&H0&+0&R&z1:1](=[N&D2&v3&H0&+0&R:2])-[C&D2&v4&H2&+0&R&z0:3].[O&D0&v2&H2&+0&!R:4]>>[C&D3&v4&H1&+0&R&z1:1](-[N&D2&v3&H1&+0&R:2])-[C&D3&v4&H1&+0&R&z1:3]-[O&D1&v2&H1&+0&!R:4]	Any
405_0	Any;Any;O2	[C&D1&v4&H3&+0&!R&z0:1].[C&D3&v4&H0&+0&!R&z1:2]-[C&D3&v4&H0&+0&!R&z2:3]-[O&D1&v2&H1&+0&!R:4].[O&D1&v2&H0&+0&!R:5]=[O&D1&v2&H0&+0&!R:6]>>[C&D2&v4&H2&+0&!R&z1:1]-[O&D1&v2&H1&+0&!R:5].[C&D3&v4&H0&+0&!R&z2:2]-[O&D1&v2&H1&+0&!R:6].[O&D1&v2&H0&+0&!R:4]=[C&D2&v4&H0&+0&!R&z2:3]	Any;Any;CO2
359_0	Pi;Any	[P&D4&v5&H0&+0&!R:1]-[O&D1&v2&H1&+0&!R:2].[n&D2&v3&H1&+0&R:3]>>[O&D0&v2&H2&+0&!R:2].[n&D3&v3&H0&+0&R:3]-[P&D4&v5&H0&+0&!R:1]	WATER;Any
1437_0	PPI;Pi;Any	[O&D1&v2&H1&+0&!R:1].[P&D4&v5&H0&+0&!R:2](-[O&D1&v2&H1&+0&!R:3])-[O&D1&v2&H1&+0&!R:4].[S&D3&v3&H0&+&!R:5]-[C&D2&v4&H2&+0&!R&z1:6]>>[C&D2&v4&H2&+0&!R&z1:6]-[O&D2&v2&H0&+0&!R:3]-[P&D4&v5&H0&+0&!R:2]-[O&D2&v2&H0&+0&!R:1].[O&D0&v2&H2&+0&!R:4].[S&D2&v2&H0&+0&!R:5]	Any;WATER;Any
337_0	ACETYL-COA;CO2	[C&D1&v4&H3&+0&!R&z0:1].[O&D1&v2&H0&+0&!R:2]=[C&D2&v4&H0&+0&!R&z2:3]>>[C&D2&v4&H2&+0&!R&z0:1]-[C&D3&v4&H0&+0&!R&z2:3]-[O&D1&v2&H1&+0&!R:2]	Any
337_1	Any;CO2	[C&D1&v4&H3&+0&!R&z0:1].[O&D1&v2&H0&+0&!R:2]=[C&D2&v4&H0&+0&!R&z2:3]>>[C&D2&v4&H2&+0&!R&z0:1]-[C&D3&v4&H0&+0&!R&z2:3]-[O&D1&v2&H1&+0&!R:2]	Any
1661_0	WATER;Any;Any	[O&D0&v2&H2&+0&!R:1].[c&D3&v4&H0&+0&R&z0:2]1:[c&D2&v4&H1&+0&R&z0:3]:[c&D2&v4&H1&+0&R&z0:4]:[c&D2&v4&H1&+0&R&z1:5]:[n&D3&v4&H0&+&R:6]:[c&D2&v4&H1&+0&R&z1:7]:1.[c&D3&v4&H0&+0&R&z2:8]-[O&D1&v2&H1&+0&!R:9]>>[C&D3&v4&H0&+0&R&z0:2]1=[C&D2&v4&H1&+0&R&z1:7]-[N&D3&v3&H0&+0&R:6]-[C&D2&v4&H1&+0&R&z1:5]=[C&D2&v4&H1&+0&R&z0:4]-[C&D2&v4&H2&+0&R&z0:3]-1.[O&D1&v2&H0&+0&!R:9]=[O&D1&v2&H0&+0&!R:1].[c&D2&v4&H1&+0&R&z1:8]	Any;O2;Any
1661_1	WATER;NAD_CoF;Any	[O&D0&v2&H2&+0&!R:1].[c&D3&v4&H0&+0&R&z0:2]1:[c&D2&v4&H1&+0&R&z0:3]:[c&D2&v4&H1&+0&R&z0:4]:[c&D2&v4&H1&+0&R&z1:5]:[n&D3&v4&H0&+&R:6]:[c&D2&v4&H1&+0&R&z1:7]:1.[c&D3&v4&H0&+0&R&z2:8]-[O&D1&v2&H1&+0&!R:9]>>[C&D3&v4&H0&+0&R&z0:2]1=[C&D2&v4&H1&+0&R&z1:7]-[N&D3&v3&H0&+0&R:6]-[C&D2&v4&H1&+0&R&z1:5]=[C&D2&v4&H1&+0&R&z0:4]-[C&D2&v4&H2&+0&R&z0:3]-1.[O&D1&v2&H0&+0&!R:9]=[O&D1&v2&H0&+0&!R:1].[c&D2&v4&H1&+0&R&z1:8]	NADH_CoF;O2;Any
1542_0	Any;WATER	[N&D1&v3&H1&+0&!R:1]=[C&D2&v4&H1&+0&!R&z2:2].[O&D0&v2&H2&+0&!R:3]>>[N&D0&v3&H3&+0&!R:1].[O&D1&v2&H0&+0&!R:3]=[C&D2&v4&H1&+0&!R&z2:2]	NH3;Any
1393_0	O2;O2;Any	[O&D1&v2&H0&+0&!R:1]=[O&D1&v2&H0&+0&!R:2].[O&D1&v2&H0&+0&!R:3]=[O&D1&v2&H0&+0&!R:4].[c&D3&v4&H0&+0&R&z0:5]1:[c&D3&v4&H0&+0&R&z0:6]-[C&D2&v4&H2&+0&R&z1:7]-[N&D3&v3&H0&+0&R:8]-[C&D3&v4&H1&+0&R&z1:9]-[C&D2&v4&H2&+0&R&z0:10]-1>>[O&D1&v2&H1&+0&!R:4]-[O&D1&v2&H1&+0&!R:3].[O&D1&v2&H1&+0&!R:1]-[O&D1&v2&H1&+0&!R:2].[c&D3&v4&H0&+0&R&z0:5]1:[c&D2&v4&H1&+0&R&z0:10]:[c&D3&v4&H0&+0&R&z1:9]:[n&D3&v4&H0&+&R:8]:[c&D2&v4&H1&+0&R&z1:7]:[c&D3&v4&H0&+0&R&z0:6]:1	H2O2;H2O2;Any
1858_0	Any;Any	[C&D3&v4&H1&+0&R&z2:1]-[O&D2&v2&H0&+0&!R:2].[N&D1&v3&H2&+0&!R:3]-[c&D3&v4&H0&+0&R&z2:4]:[n&D2&v3&H0&+0&R:5]>>[N&D1&v3&H1&+0&!R:3]=[c&D3&v4&H0&+0&R&z2:4]:[n&D3&v3&H0&+0&R:5]-[C&D3&v4&H1&+0&R&z2:1].[O&D1&v2&H1&+0&!R:2]	Any;PPI
1867_0	Any;WATER	[C&D2&v4&H1&+0&!R&z0:1]=[C&D2&v4&H1&+0&!R&z0:2]-[C&D2&v4&H2&+0&!R&z0:3]-[C&D3&v4&H0&+0&!R&z1:4].[O&D0&v2&H2&+0&!R:5]>>[C&D1&v4&H2&+0&!R&z0:3]=[C&D2&v4&H1&+0&!R&z0:2]-[C&D2&v4&H2&+0&!R&z0:1].[C&D3&v4&H0&+0&!R&z2:4]-[O&D1&v2&H1&+0&!R:5]	Any;Any
395_0	Any;Any	[N&D2&v3&H1&+0&!R:1]-[C&D3&v4&H0&+0&!R&z3:2].[O&D1&v2&H1&+0&!R:3]>>[C&D3&v4&H0&+0&!R&z3:2]-[O&D2&v2&H0&+0&!R:3].[N&D1&v3&H2&+0&!R:1]	Any;Any
395_1	Any;Pi	[N&D2&v3&H1&+0&!R:1]-[C&D3&v4&H0&+0&!R&z3:2].[O&D1&v2&H1&+0&!R:3]>>[C&D3&v4&H0&+0&!R&z3:2]-[O&D2&v2&H0&+0&!R:3].[N&D1&v3&H2&+0&!R:1]	Any;Any
1953_0	Any	([C&D2&v4&H2&+0&!R&z1:1].[O&D1&v2&H0&+0&!R:2]=[C&D3&v4&H0&+0&!R&z2:3]-[O&D1&v2&H1&+0&!R:4])>>[C&D3&v4&H1&+0&R&z1:1]-[C&D3&v4&H0&+0&R&z1:3]=[O&D1&v2&H0&+0&!R:2].[O&D0&v2&H2&+0&!R:4]	Any;WATER
1449_0	Any	[O&D2&v2&H0&+0&R:1]-[C&D4&v4&H0&+0&R&z1:2]-[C&D2&v4&H2&+0&R&z0:3]>>([C&D3&v4&H0&+0&!R&z0:2]=[C&D2&v4&H1&+0&!R&z0:3].[O&D1&v2&H1&+0&!R:1])	Any
2016_0	Any;CO2	[C&D2&v4&H1&+0&!R&z0:1]=[C&D2&v4&H1&+0&!R&z0:2]-[C&D2&v4&H2&+0&!R&z0:3].[O&D1&v2&H0&+0&!R:4]=[C&D2&v4&H0&+0&!R&z2:5]>>[C&D3&v4&H1&+0&!R&z0:1](-[C&D2&v4&H1&+0&!R&z0:2]=[C&D2&v4&H1&+0&!R&z0:3])-[C&D3&v4&H0&+0&!R&z2:5]-[O&D1&v2&H1&+0&!R:4]	Any
611_0	Any;Any;Pi	[C&D2&v4&H2&+0&!R&z0:1]-[C&D3&v4&H0&+0&!R&z2:2].[O&D1&v2&H1&+0&!R:3].[P&D4&v5&H0&+0&!R:4]-[O&D1&v2&H1&+0&!R:5]>>[C&D1&v4&H3&+0&!R&z0:1].[C&D3&v4&H0&+0&!R&z3:2]-[O&D1&v2&H1&+0&!R:5].[O&D2&v2&H0&+0&!R:3]-[P&D4&v5&H0&+0&!R:4]	ACETYL-COA;CO3;Any
611_1	Any;Any;Pi	[C&D2&v4&H2&+0&!R&z0:1]-[C&D3&v4&H0&+0&!R&z2:2].[O&D1&v2&H1&+0&!R:3].[P&D4&v5&H0&+0&!R:4]-[O&D1&v2&H1&+0&!R:5]>>[C&D1&v4&H3&+0&!R&z0:1].[C&D3&v4&H0&+0&!R&z3:2]-[O&D1&v2&H1&+0&!R:5].[O&D2&v2&H0&+0&!R:3]-[P&D4&v5&H0&+0&!R:4]	Any;CO3;Any
611_2	Any;PHOSPHATE_ACCEPTOR_CoF;Pi	[C&D2&v4&H2&+0&!R&z0:1]-[C&D3&v4&H0&+0&!R&z2:2].[O&D1&v2&H1&+0&!R:3].[P&D4&v5&H0&+0&!R:4]-[O&D1&v2&H1&+0&!R:5]>>[C&D1&v4&H3&+0&!R&z0:1].[C&D3&v4&H0&+0&!R&z3:2]-[O&D1&v2&H1&+0&!R:5].[O&D2&v2&H0&+0&!R:3]-[P&D4&v5&H0&+0&!R:4]	ACETYL-COA;CO3;PHOSPHATE_DONOR_CoF
611_3	Any;PHOSPHATE_ACCEPTOR_CoF;Pi	[C&D2&v4&H2&+0&!R&z0:1]-[C&D3&v4&H0&+0&!R&z2:2].[O&D1&v2&H1&+0&!R:3].[P&D4&v5&H0&+0&!R:4]-[O&D1&v2&H1&+0&!R:5]>>[C&D1&v4&H3&+0&!R&z0:1].[C&D3&v4&H0&+0&!R&z3:2]-[O&D1&v2&H1&+0&!R:5].[O&D2&v2&H0&+0&!R:3]-[P&D4&v5&H0&+0&!R:4]	Any;CO3;PHOSPHATE_DONOR_CoF
941_0	Any	([C&D3&v4&H0&+0&!R&z0:1](-[C&D1&v4&H3&+0&!R&z0:2])=[C&D2&v4&H1&+0&!R&z0:3]-[C&D2&v4&H2&+0&!R&z1:4]-[O&D2&v2&H0&+0&!R:5].[C&D3&v4&H0&+0&!R&z0:6]=[C&D2&v4&H1&+0&!R&z0:7])>>[C&D1&v4&H2&+0&!R&z0:2]=[C&D3&v4&H0&+0&R&z0:1]-[C&D3&v4&H1&+0&R&z0:3]1-[C&D2&v4&H2&+0&R&z0:4]-[C&D3&v4&H1&+0&R&z0:7]-[C&D4&v4&H0&+0&R&z0:6]-1.[O&D1&v2&H1&+0&!R:5]	Any;PPI
167_0	Any;Any	[C&D2&v4&H1&+0&!R&z2:1]-[O&D1&v2&H1&+0&!R:2].[C&D3&v4&H1&+0&R&z1:3]-[O&D1&v2&H1&+0&!R:4]>>[C&D2&v4&H2&+0&R&z0:3].[O&D0&v2&H2&+0&!R:4].[O&D1&v2&H0&+0&!R:2]=[C&D2&v4&H0&+0&!R&z2:1]	Any;WATER;CO2
623_0	Any	([C&D3&v4&H0&+0&!R&z0:1]=[C&D2&v4&H1&+0&!R&z0:2]-[C&D2&v4&H2&+0&!R&z1:3]-[O&D2&v2&H0&+0&!R:4].[O&D1&v2&H1&+0&!R:5])>>[C&D1&v4&H2&+0&!R&z0:3]=[C&D2&v4&H1&+0&!R&z0:2]-[C&D4&v4&H0&+0&R&z1:1]-[O&D2&v2&H0&+0&R:5].[O&D1&v2&H1&+0&!R:4]	Any;PPI
312_0	Any;WATER;Any	[C&D4&v4&H0&+0&R&z1:1]-[O&D1&v2&H1&+0&!R:2].[O&D0&v2&H2&+0&!R:3].[c&D3&v4&H0&+0&R&z0:4]1:[c&D2&v4&H1&+0&R&z0:5]:[c&D2&v4&H1&+0&R&z0:6]:[c&D2&v4&H1&+0&R&z1:7]:[n&D3&v4&H0&+&R:8]:[c&D2&v4&H1&+0&R&z1:9]:1>>[C&D3&v4&H0&+0&R&z0:4]1=[C&D2&v4&H1&+0&R&z1:9]-[N&D3&v3&H0&+0&R:8]-[C&D2&v4&H1&+0&R&z1:7]=[C&D2&v4&H1&+0&R&z0:6]-[C&D2&v4&H2&+0&R&z0:5]-1.[C&D3&v4&H1&+0&R&z0:1].[O&D1&v2&H0&+0&!R:2]=[O&D1&v2&H0&+0&!R:3]	Any;Any;O2
312_1	Any;WATER;NAD_CoF	[C&D4&v4&H0&+0&R&z1:1]-[O&D1&v2&H1&+0&!R:2].[O&D0&v2&H2&+0&!R:3].[c&D3&v4&H0&+0&R&z0:4]1:[c&D2&v4&H1&+0&R&z0:5]:[c&D2&v4&H1&+0&R&z0:6]:[c&D2&v4&H1&+0&R&z1:7]:[n&D3&v4&H0&+&R:8]:[c&D2&v4&H1&+0&R&z1:9]:1>>[C&D3&v4&H0&+0&R&z0:4]1=[C&D2&v4&H1&+0&R&z1:9]-[N&D3&v3&H0&+0&R:8]-[C&D2&v4&H1&+0&R&z1:7]=[C&D2&v4&H1&+0&R&z0:6]-[C&D2&v4&H2&+0&R&z0:5]-1.[C&D3&v4&H1&+0&R&z0:1].[O&D1&v2&H0&+0&!R:2]=[O&D1&v2&H0&+0&!R:3]	NADH_CoF;Any;O2
1115_0	Any;PPI	[C&D4&v4&H0&+0&R&z0:1]1-[C&D2&v4&H2&+0&R&z0:2]-[C&D3&v4&H1&+0&R&z0:3]-[C&D4&v4&H0&+0&R&z1:4](-[C&D1&v4&H3&+0&!R&z0:5])(-[O&D1&v2&H1&+0&!R:6])-[C&D2&v4&H2&+0&R&z0:7]-1.[O&D1&v2&H1&+0&!R:8]>>([C&D1&v4&H2&+0&!R&z0:7]=[C&D3&v4&H0&+0&R&z0:1].[C&D3&v4&H0&+0&!R&z0:3](-[C&D1&v4&H3&+0&!R&z0:2])=[C&D2&v4&H1&+0&!R&z0:4]-[C&D2&v4&H2&+0&!R&z1:5]-[O&D2&v2&H0&+0&!R:8]).[O&D0&v2&H2&+0&!R:6]	Any;WATER
1802_0	CO2;Any	[O&D1&v2&H0&+0&!R:1]=[C&D2&v4&H0&+0&!R&z2:2].[c&D2&v4&H1&+0&R&z1:3]>>[c&D3&v4&H0&+0&R&z1:3]-[C&D3&v4&H0&+0&!R&z2:2]-[O&D1&v2&H1&+0&!R:1]	Any
683_0	Any	[C&D3&v4&H0&+0&!R&z1:1]-[C&D3&v4&H0&+0&!R&z2:2]-[O&D1&v2&H1&+0&!R:3]>>[C&D2&v4&H1&+0&!R&z1:1].[O&D1&v2&H0&+0&!R:3]=[C&D2&v4&H0&+0&!R&z2:2]	Any;CO2
534_0	Any;PPI	[C&D1&v4&H2&+0&!R&z0:1]=[C&D2&v4&H1&+0&!R&z0:2]-[C&D3&v4&H0&+0&!R&z0:3]=[C&D1&v4&H2&+0&!R&z0:4].[O&D1&v2&H1&+0&!R:5]>>[C&D1&v4&H3&+0&!R&z0:4]-[C&D3&v4&H0&+0&!R&z0:3]=[C&D2&v4&H1&+0&!R&z0:2]-[C&D2&v4&H2&+0&!R&z1:1]-[O&D2&v2&H0&+0&!R:5]	Any
534_1	Any;PRENYL_ACCEPTOR_CoF	[C&D1&v4&H2&+0&!R&z0:1]=[C&D2&v4&H1&+0&!R&z0:2]-[C&D3&v4&H0&+0&!R&z0:3]=[C&D1&v4&H2&+0&!R&z0:4].[O&D1&v2&H1&+0&!R:5]>>[C&D1&v4&H3&+0&!R&z0:4]-[C&D3&v4&H0&+0&!R&z0:3]=[C&D2&v4&H1&+0&!R&z0:2]-[C&D2&v4&H2&+0&!R&z1:1]-[O&D2&v2&H0&+0&!R:5]	PRENYL_DONOR_CoF
1265_0	Any	[C&D2&v4&H2&+0&R&z0:1]-[C&D3&v4&H1&+0&R&z1:2]-[S&D2&v2&H0&+0&!R:3]>>[C&D2&v4&H1&+0&R&z0:1]=[C&D2&v4&H1&+0&R&z0:2].[S&D1&v2&H1&+0&!R:3]	Any;Any
4_0	Any;Any	[C&D3&v4&H0&+0&!R&z2:1]=[O&D1&v2&H0&+0&!R:2].[C&D3&v4&H0&+0&R&z0:3]1=[C&D2&v4&H1&+0&R&z1:4]-[N&D3&v3&H0&+0&R:5]-[C&D2&v4&H1&+0&R&z1:6]=[C&D2&v4&H1&+0&R&z0:7]-[C&D2&v4&H2&+0&R&z0:8]-1>>[C&D3&v4&H1&+0&!R&z2:1]-[O&D1&v2&H1&+0&!R:2].[c&D3&v4&H0&+0&R&z0:3]1:[c&D2&v4&H1&+0&R&z0:8]:[c&D2&v4&H1&+0&R&z0:7]:[c&D2&v4&H1&+0&R&z1:6]:[n&D3&v4&H0&+&R:5]:[c&D2&v4&H1&+0&R&z1:4]:1	Any;Any
4_1	Any;NADH_CoF	[C&D3&v4&H0&+0&!R&z2:1]=[O&D1&v2&H0&+0&!R:2].[C&D3&v4&H0&+0&R&z0:3]1=[C&D2&v4&H1&+0&R&z1:4]-[N&D3&v3&H0&+0&R:5]-[C&D2&v4&H1&+0&R&z1:6]=[C&D2&v4&H1&+0&R&z0:7]-[C&D2&v4&H2&+0&R&z0:8]-1>>[C&D3&v4&H1&+0&!R&z2:1]-[O&D1&v2&H1&+0&!R:2].[c&D3&v4&H0&+0&R&z0:3]1:[c&D2&v4&H1&+0&R&z0:8]:[c&D2&v4&H1&+0&R&z0:7]:[c&D2&v4&H1&+0&R&z1:6]:[n&D3&v4&H0&+&R:5]:[c&D2&v4&H1&+0&R&z1:4]:1	Any;NAD_CoF
1245_0	Any	[C&D2&v4&H2&+0&!R&z0:1]-[C&D2&v4&H1&+0&!R&z1:2]=[S&D2&v3&H0&+&!R:3]>>[C&D2&v4&H1&+0&!R&z0:1]=[C&D2&v4&H1&+0&!R&z1:2]-[S&D2&v2&H0&+0&!R:3]	Any
1378_0	Any	[c&D3&v4&H0&+0&R&z0:1](-[C&D2&v4&H1&+0&!R&z0:2]=[C&D2&v4&H1&+0&!R&z0:3]-[C&D3&v4&H0&+0&!R&z2:4]-[S&D2&v2&H0&+0&!R:5]):[c&D3&v4&H0&+0&R&z1:6]-[O&D1&v2&H1&+0&!R:7]>>[S&D1&v2&H1&+0&!R:5].[c&D3&v4&H0&+0&R&z0:1]1:[c&D2&v4&H1&+0&R&z0:2]:[c&D2&v4&H1&+0&R&z0:3]:[c&D3&v4&H0&+0&R&z2:4]:[o&D2&v2&H0&+0&R:7]:[c&D3&v4&H0&+0&R&z1:6]:1	CoA;Any
681_0	Any;H2O2	[C&D3&v4&H0&+0&!R&z1:1]=[O&D1&v2&H0&+0&!R:2].[O&D1&v2&H1&+0&!R:3]-[O&D1&v2&H1&+0&!R:4]>>[C&D3&v4&H1&+0&!R&z1:1]-[O&D1&v2&H1&+0&!R:2].[O&D1&v2&H0&+0&!R:3]=[O&D1&v2&H0&+0&!R:4]	Any;O2
196_0	Any;Any;O2	[C&D2&v4&H2&+0&!R&z1:1].[C&D3&v4&H0&+0&!R&z1:2]-[C&D3&v4&H0&+0&!R&z2:3]-[O&D1&v2&H1&+0&!R:4].[O&D1&v2&H0&+0&!R:5]=[O&D1&v2&H0&+0&!R:6]>>[C&D3&v4&H0&+0&!R&z2:2]-[O&D1&v2&H1&+0&!R:6].[C&D3&v4&H1&+0&!R&z2:1]-[O&D1&v2&H1&+0&!R:5].[O&D1&v2&H0&+0&!R:4]=[C&D2&v4&H0&+0&!R&z2:3]	Any;Any;CO2
1142_0	Any;Any	[C&D3&v4&H0&+0&R&z0:1]1=[C&D2&v4&H1&+0&R&z1:2]-[N&D3&v3&H0&+0&R:3]-[C&D2&v4&H1&+0&R&z1:4]=[C&D2&v4&H1&+0&R&z0:5]-[C&D2&v4&H2&+0&R&z0:6]-1.[N&D3&v4&H0&+&R:7]=[C&D2&v4&H1&+0&R&z1:8]>>[N&D3&v3&H0&+0&R:7]-[C&D2&v4&H2&+0&R&z1:8].[c&D3&v4&H0&+0&R&z0:1]1:[c&D2&v4&H1&+0&R&z0:6]:[c&D2&v4&H1&+0&R&z0:5]:[c&D2&v4&H1&+0&R&z1:4]:[n&D3&v4&H0&+&R:3]:[c&D2&v4&H1&+0&R&z1:2]:1	Any;Any
1142_1	NADH_CoF;Any	[C&D3&v4&H0&+0&R&z0:1]1=[C&D2&v4&H1&+0&R&z1:2]-[N&D3&v3&H0&+0&R:3]-[C&D2&v4&H1&+0&R&z1:4]=[C&D2&v4&H1&+0&R&z0:5]-[C&D2&v4&H2&+0&R&z0:6]-1.[N&D3&v4&H0&+&R:7]=[C&D2&v4&H1&+0&R&z1:8]>>[N&D3&v3&H0&+0&R:7]-[C&D2&v4&H2&+0&R&z1:8].[c&D3&v4&H0&+0&R&z0:1]1:[c&D2&v4&H1&+0&R&z0:6]:[c&D2&v4&H1&+0&R&z0:5]:[c&D2&v4&H1&+0&R&z1:4]:[n&D3&v4&H0&+&R:3]:[c&D2&v4&H1&+0&R&z1:2]:1	Any;NAD_CoF
25_0	Any;Any	[C&D2&v4&H1&+0&!R&z2:1]-[O&D1&v2&H1&+0&!R:2].[N&D1&v3&H2&+0&!R:3]>>[N&D2&v3&H1&+0&!R:3]-[C&D2&v4&H1&+0&!R&z2:1].[O&D0&v2&H2&+0&!R:2]	Any;WATER
25_1	Any;FORMYL_ACCEPTOR_CoF	[C&D2&v4&H1&+0&!R&z2:1]-[O&D1&v2&H1&+0&!R:2].[N&D1&v3&H2&+0&!R:3]>>[N&D2&v3&H1&+0&!R:3]-[C&D2&v4&H1&+0&!R&z2:1].[O&D0&v2&H2&+0&!R:2]	FORMYL_DONOR_CoF;WATER
986_0	Any	[C&D4&v4&H0&+0&!R&z1:1](-[O&D1&v2&H1&+0&!R:2])-[C&D2&v4&H2&+0&!R&z0:3]>>[C&D1&v4&H3&+0&!R&z0:3].[C&D3&v4&H0&+0&!R&z1:1]=[O&D1&v2&H0&+0&!R:2]	ACETYL-COA;Any
986_1	Any	[C&D4&v4&H0&+0&!R&z1:1](-[O&D1&v2&H1&+0&!R:2])-[C&D2&v4&H2&+0&!R&z0:3]>>[C&D1&v4&H3&+0&!R&z0:3].[C&D3&v4&H0&+0&!R&z1:1]=[O&D1&v2&H0&+0&!R:2]	Any;Any
879_0	Any;CO2	[C&D2&v4&H1&+0&!R&z2:1]=[O&D1&v2&H0&+0&!R:2].[O&D1&v2&H0&+0&!R:3]=[C&D2&v4&H0&+0&!R&z2:4]>>[C&D3&v4&H0&+0&!R&z2:1](=[O&D1&v2&H0&+0&!R:2])-[C&D3&v4&H0&+0&!R&z2:4]-[O&D1&v2&H1&+0&!R:3]	Any
1329_0	Any;Any;WATER;CO2	[C&D3&v4&H0&+0&!R&z2:1]-[O&D1&v2&H1&+0&!R:2].[C&D3&v4&H0&+0&R&z1:3]=[C&D2&v4&H1&+0&!R&z0:4].[O&D0&v2&H2&+0&!R:5].[O&D1&v2&H0&+0&!R:6]=[C&D2&v4&H0&+0&!R&z2:7]>>[C&D3&v4&H0&+0&!R&z1:1]-[C&D3&v4&H0&+0&!R&z2:7]-[O&D1&v2&H1&+0&!R:6].[C&D3&v4&H1&+0&R&z1:3]-[C&D2&v4&H2&+0&!R&z0:4].[O&D1&v2&H0&+0&!R:2]=[O&D1&v2&H0&+0&!R:5]	Any;Any;O2
1017_0	Any;Any;CO2	[C&D2&v4&H2&+0&!R&z0:1]-[C&D3&v4&H0&+0&!R&z1:2]=[O&D1&v2&H0&+0&!R:3].[C&D3&v4&H0&+0&R&z0:4]1=[C&D2&v4&H1&+0&R&z1:5]-[N&D3&v3&H0&+0&R:6]-[C&D2&v4&H1&+0&R&z1:7]=[C&D2&v4&H1&+0&R&z0:8]-[C&D2&v4&H2&+0&R&z0:9]-1.[O&D1&v2&H0&+0&!R:10]=[C&D2&v4&H0&+0&!R&z2:11]>>[C&D3&v4&H1&+0&!R&z0:1](-[C&D3&v4&H0&+0&!R&z2:11]-[O&D1&v2&H1&+0&!R:10])-[C&D3&v4&H1&+0&!R&z1:2]-[O&D1&v2&H1&+0&!R:3].[c&D3&v4&H0&+0&R&z0:4]1:[c&D2&v4&H1&+0&R&z0:9]:[c&D2&v4&H1&+0&R&z0:8]:[c&D2&v4&H1&+0&R&z1:7]:[n&D3&v4&H0&+&R:6]:[c&D2&v4&H1&+0&R&z1:5]:1	Any;Any
1017_1	Any;NADH_CoF;CO2	[C&D2&v4&H2&+0&!R&z0:1]-[C&D3&v4&H0&+0&!R&z1:2]=[O&D1&v2&H0&+0&!R:3].[C&D3&v4&H0&+0&R&z0:4]1=[C&D2&v4&H1&+0&R&z1:5]-[N&D3&v3&H0&+0&R:6]-[C&D2&v4&H1&+0&R&z1:7]=[C&D2&v4&H1&+0&R&z0:8]-[C&D2&v4&H2&+0&R&z0:9]-1.[O&D1&v2&H0&+0&!R:10]=[C&D2&v4&H0&+0&!R&z2:11]>>[C&D3&v4&H1&+0&!R&z0:1](-[C&D3&v4&H0&+0&!R&z2:11]-[O&D1&v2&H1&+0&!R:10])-[C&D3&v4&H1&+0&!R&z1:2]-[O&D1&v2&H1&+0&!R:3].[c&D3&v4&H0&+0&R&z0:4]1:[c&D2&v4&H1&+0&R&z0:9]:[c&D2&v4&H1&+0&R&z0:8]:[c&D2&v4&H1&+0&R&z1:7]:[n&D3&v4&H0&+&R:6]:[c&D2&v4&H1&+0&R&z1:5]:1	Any;NAD_CoF
344_0	Any;Any	[C&D2&v4&H2&+0&!R&z1:1]-[S&D1&v2&H1&+0&!R:2].[S&D1&v2&H1&+0&!R:3]>>[C&D1&v4&H3&+0&!R&z0:1].[S&D2&v2&H0&+0&!R:3]-[S&D1&v2&H1&+0&!R:2]	Any;Any
546_0	Any;PPI	[C&D1&v4&H2&+0&!R&z0:1]=[C&D2&v4&H1&+0&!R&z0:2]-[C&D4&v4&H0&+0&!R&z0:3]-[c&D3&v4&H0&+0&R&z0:4].[O&D1&v2&H1&+0&!R:5]>>[C&D3&v4&H0&+0&!R&z0:3]=[C&D2&v4&H1&+0&!R&z0:2]-[C&D2&v4&H2&+0&!R&z1:1]-[O&D2&v2&H0&+0&!R:5].[c&D2&v4&H1&+0&R&z0:4]	Any;Any
546_1	Any;PRENYL_ACCEPTOR_CoF	[C&D1&v4&H2&+0&!R&z0:1]=[C&D2&v4&H1&+0&!R&z0:2]-[C&D4&v4&H0&+0&!R&z0:3]-[c&D3&v4&H0&+0&R&z0:4].[O&D1&v2&H1&+0&!R:5]>>[C&D3&v4&H0&+0&!R&z0:3]=[C&D2&v4&H1&+0&!R&z0:2]-[C&D2&v4&H2&+0&!R&z1:1]-[O&D2&v2&H0&+0&!R:5].[c&D2&v4&H1&+0&R&z0:4]	PRENYL_DONOR_CoF;Any
588_0	Any;Any	[C&D1&v4&H3&+0&!R&z1:1]-[S&D3&v3&H0&+&!R:2].[C&D2&v4&H2&+0&!R&z0:3]>>[C&D3&v4&H1&+0&!R&z0:3]-[C&D1&v4&H3&+0&!R&z0:1].[S&D2&v2&H0&+0&!R:2]	Any;Any
588_1	METHYL_DONOR_CoF;Any	[C&D1&v4&H3&+0&!R&z1:1]-[S&D3&v3&H0&+&!R:2].[C&D2&v4&H2&+0&!R&z0:3]>>[C&D3&v4&H1&+0&!R&z0:3]-[C&D1&v4&H3&+0&!R&z0:1].[S&D2&v2&H0&+0&!R:2]	Any;METHYL_ACCEPTOR_CoF
59_0	Any;Any;Pi	[C&D3&v4&H1&+0&!R&z1:1]-[O&D1&v2&H1&+0&!R:2].[O&D1&v2&H1&+0&!R:3].[P&D4&v5&H0&+0&!R:4]-[O&D1&v2&H1&+0&!R:5]>>[C&D3&v4&H1&+0&!R&z1:1]-[O&D1&v2&H1&+0&!R:5].[O&D0&v2&H2&+0&!R:2].[O&D2&v2&H0&+0&!R:3]-[P&D4&v5&H0&+0&!R:4]	Any;WATER;Any
59_1	Any;PHOSPHATE_ACCEPTOR_CoF;Pi	[C&D3&v4&H1&+0&!R&z1:1]-[O&D1&v2&H1&+0&!R:2].[O&D1&v2&H1&+0&!R:3].[P&D4&v5&H0&+0&!R:4]-[O&D1&v2&H1&+0&!R:5]>>[C&D3&v4&H1&+0&!R&z1:1]-[O&D1&v2&H1&+0&!R:5].[O&D0&v2&H2&+0&!R:2].[O&D2&v2&H0&+0&!R:3]-[P&D4&v5&H0&+0&!R:4]	Any;WATER;PHOSPHATE_DONOR_CoF
385_0	Any;Any	[C&D3&v4&H0&+0&R&z0:1]1=[C&D2&v4&H1&+0&R&z1:2]-[N&D3&v3&H0&+0&R:3]-[C&D2&v4&H1&+0&R&z1:4]=[C&D2&v4&H1&+0&R&z0:5]-[C&D2&v4&H2&+0&R&z0:6]-1.[n&D3&v3&H0&+0&R:7]1:[c&D2&v4&H1&+0&R&z1:8]:[c&D2&v4&H1&+0&R&z0:9]:[c&D3&v4&H0&+0&R&z2:10]:[n&D2&v3&H1&+0&R:11]:[c&D3&v4&H0&+0&R&z3:12]:1>>[N&D3&v3&H0&+0&R:7]1-[C&D2&v4&H2&+0&R&z1:8]-[C&D2&v4&H2&+0&R&z0:9]-[C&D3&v4&H0&+0&R&z2:10]-[N&D2&v3&H1&+0&R:11]-[C&D3&v4&H0&+0&R&z3:12]-1.[c&D3&v4&H0&+0&R&z0:1]1:[c&D2&v4&H1&+0&R&z0:6]:[c&D2&v4&H1&+0&R&z0:5]:[c&D2&v4&H1&+0&R&z1:4]:[n&D3&v4&H0&+&R:3]:[c&D2&v4&H1&+0&R&z1:2]:1	Any;Any
385_1	NADH_CoF;Any	[C&D3&v4&H0&+0&R&z0:1]1=[C&D2&v4&H1&+0&R&z1:2]-[N&D3&v3&H0&+0&R:3]-[C&D2&v4&H1&+0&R&z1:4]=[C&D2&v4&H1&+0&R&z0:5]-[C&D2&v4&H2&+0&R&z0:6]-1.[n&D3&v3&H0&+0&R:7]1:[c&D2&v4&H1&+0&R&z1:8]:[c&D2&v4&H1&+0&R&z0:9]:[c&D3&v4&H0&+0&R&z2:10]:[n&D2&v3&H1&+0&R:11]:[c&D3&v4&H0&+0&R&z3:12]:1>>[N&D3&v3&H0&+0&R:7]1-[C&D2&v4&H2&+0&R&z1:8]-[C&D2&v4&H2&+0&R&z0:9]-[C&D3&v4&H0&+0&R&z2:10]-[N&D2&v3&H1&+0&R:11]-[C&D3&v4&H0&+0&R&z3:12]-1.[c&D3&v4&H0&+0&R&z0:1]1:[c&D2&v4&H1&+0&R&z0:6]:[c&D2&v4&H1&+0&R&z0:5]:[c&D2&v4&H1&+0&R&z1:4]:[n&D3&v4&H0&+&R:3]:[c&D2&v4&H1&+0&R&z1:2]:1	Any;NAD_CoF
1198_0	Any;NH3	[C&D2&v4&H2&+0&!R&z0:1]-[C&D3&v4&H0&+0&!R&z1:2]=[O&D1&v2&H0&+0&!R:3].[N&D0&v3&H3&+0&!R:4]>>[C&D3&v4&H1&+0&!R&z1:1](-[O&D1&v2&H1&+0&!R:3])-[C&D3&v4&H1&+0&!R&z1:2]-[N&D1&v3&H2&+0&!R:4]	Any
1339_0	Any;WATER	[N&D2&v3&H1&+0&!R:1]-[C&D3&v4&H0&+0&!R&z3:2]=[N&D1&v3&H1&+0&!R:3].[O&D0&v2&H2&+0&!R:4]>>[N&D1&v3&H2&+0&!R:1].[N&D1&v3&H2&+0&!R:3]-[C&D3&v4&H0&+0&!R&z3:2]=[O&D1&v2&H0&+0&!R:4]	Any;Any
1805_0	Any	([N&D2&v3&H1&+0&!R:1].[N&D3&v3&H0&+0&R:2]-[C&D2&v4&H1&+0&!R&z2:3]=[O&D1&v2&H0&+0&!R:4])>>[N&D3&v4&H0&+&R:2]=[C&D2&v4&H1&+0&R&z2:3]-[N&D3&v3&H0&+0&R:1].[O&D0&v2&H2&+0&!R:4]	Any;WATER
204_0	Any;Any	[C&D2&v4&H2&+0&!R&z1:1]-[C&D2&v4&H2&+0&!R&z0:2].[c&D3&v4&H0&+0&R&z0:3]1:[c&D2&v4&H1&+0&R&z0:4]:[c&D2&v4&H1&+0&R&z0:5]:[c&D2&v4&H1&+0&R&z1:6]:[n&D3&v4&H0&+&R:7]:[c&D2&v4&H1&+0&R&z1:8]:1>>[C&D2&v4&H1&+0&!R&z1:1]=[C&D2&v4&H1&+0&!R&z0:2].[C&D3&v4&H0&+0&R&z0:3]1=[C&D2&v4&H1&+0&R&z1:8]-[N&D3&v3&H0&+0&R:7]-[C&D2&v4&H1&+0&R&z1:6]=[C&D2&v4&H1&+0&R&z0:5]-[C&D2&v4&H2&+0&R&z0:4]-1	Any;Any
204_1	Any;NAD_CoF	[C&D2&v4&H2&+0&!R&z1:1]-[C&D2&v4&H2&+0&!R&z0:2].[c&D3&v4&H0&+0&R&z0:3]1:[c&D2&v4&H1&+0&R&z0:4]:[c&D2&v4&H1&+0&R&z0:5]:[c&D2&v4&H1&+0&R&z1:6]:[n&D3&v4&H0&+&R:7]:[c&D2&v4&H1&+0&R&z1:8]:1>>[C&D2&v4&H1&+0&!R&z1:1]=[C&D2&v4&H1&+0&!R&z0:2].[C&D3&v4&H0&+0&R&z0:3]1=[C&D2&v4&H1&+0&R&z1:8]-[N&D3&v3&H0&+0&R:7]-[C&D2&v4&H1&+0&R&z1:6]=[C&D2&v4&H1&+0&R&z0:5]-[C&D2&v4&H2&+0&R&z0:4]-1	Any;NADH_CoF
280_0	Any;WATER	[N&D2&v3&H1&+0&!R:1]-[C&D3&v4&H1&+0&R&z2:2].[O&D0&v2&H2&+0&!R:3]>>[C&D3&v4&H1&+0&R&z2:2]-[O&D1&v2&H1&+0&!R:3].[N&D1&v3&H2&+0&!R:1]	Any;Any
1681_0	Any;Any	[O&D1&v2&H1&+0&!R:1]-[C&D3&v4&H1&+0&R&z1:2]1-[C&D2&v4&H1&+0&R&z0:3]=[C&D2&v4&H1&+0&R&z0:4]-[c&D3&v4&H0&+0&R&z0:5]:[c&D3&v4&H0&+0&R&z0:6]-[C&D3&v4&H1&+0&R&z1:7]-1-[O&D1&v2&H1&+0&!R:8].[c&D3&v4&H0&+0&R&z0:9]1:[c&D2&v4&H1&+0&R&z0:10]:[c&D2&v4&H1&+0&R&z0:11]:[c&D2&v4&H1&+0&R&z1:12]:[n&D3&v4&H0&+&R:13]:[c&D2&v4&H1&+0&R&z1:14]:1>>[C&D3&v4&H0&+0&R&z0:9]1=[C&D2&v4&H1&+0&R&z1:14]-[N&D3&v3&H0&+0&R:13]-[C&D2&v4&H1&+0&R&z1:12]=[C&D2&v4&H1&+0&R&z0:11]-[C&D2&v4&H2&+0&R&z0:10]-1.[O&D1&v2&H0&+0&!R:1]=[O&D1&v2&H0&+0&!R:8].[c&D2&v4&H1&+0&R&z0:2]1:[c&D2&v4&H1&+0&R&z0:3]:[c&D2&v4&H1&+0&R&z0:4]:[c&D3&v4&H0&+0&R&z0:5]:[c&D3&v4&H0&+0&R&z0:6]:[c&D2&v4&H1&+0&R&z0:7]:1	Any;O2;Any
1681_1	Any;NAD_CoF	[O&D1&v2&H1&+0&!R:1]-[C&D3&v4&H1&+0&R&z1:2]1-[C&D2&v4&H1&+0&R&z0:3]=[C&D2&v4&H1&+0&R&z0:4]-[c&D3&v4&H0&+0&R&z0:5]:[c&D3&v4&H0&+0&R&z0:6]-[C&D3&v4&H1&+0&R&z1:7]-1-[O&D1&v2&H1&+0&!R:8].[c&D3&v4&H0&+0&R&z0:9]1:[c&D2&v4&H1&+0&R&z0:10]:[c&D2&v4&H1&+0&R&z0:11]:[c&D2&v4&H1&+0&R&z1:12]:[n&D3&v4&H0&+&R:13]:[c&D2&v4&H1&+0&R&z1:14]:1>>[C&D3&v4&H0&+0&R&z0:9]1=[C&D2&v4&H1&+0&R&z1:14]-[N&D3&v3&H0&+0&R:13]-[C&D2&v4&H1&+0&R&z1:12]=[C&D2&v4&H1&+0&R&z0:11]-[C&D2&v4&H2&+0&R&z0:10]-1.[O&D1&v2&H0&+0&!R:1]=[O&D1&v2&H0&+0&!R:8].[c&D2&v4&H1&+0&R&z0:2]1:[c&D2&v4&H1&+0&R&z0:3]:[c&D2&v4&H1&+0&R&z0:4]:[c&D3&v4&H0&+0&R&z0:5]:[c&D3&v4&H0&+0&R&z0:6]:[c&D2&v4&H1&+0&R&z0:7]:1	NADH_CoF;O2;Any
792_0	ACETYL-COA;Any	[C&D3&v4&H0&+0&!R&z2:1]-[S&D2&v2&H0&+0&!R:2].[C&D3&v4&H0&+0&R&z0:3]1=[C&D2&v4&H1&+0&R&z1:4]-[N&D3&v3&H0&+0&R:5]-[C&D2&v4&H1&+0&R&z1:6]=[C&D2&v4&H1&+0&R&z0:7]-[C&D2&v4&H2&+0&R&z0:8]-1>>[C&D2&v4&H1&+0&!R&z1:1].[S&D1&v2&H1&+0&!R:2].[c&D3&v4&H0&+0&R&z0:3]1:[c&D2&v4&H1&+0&R&z0:8]:[c&D2&v4&H1&+0&R&z0:7]:[c&D2&v4&H1&+0&R&z1:6]:[n&D3&v4&H0&+&R:5]:[c&D2&v4&H1&+0&R&z1:4]:1	Any;CoA;Any
792_1	ACETYL-COA;NADH_CoF	[C&D3&v4&H0&+0&!R&z2:1]-[S&D2&v2&H0&+0&!R:2].[C&D3&v4&H0&+0&R&z0:3]1=[C&D2&v4&H1&+0&R&z1:4]-[N&D3&v3&H0&+0&R:5]-[C&D2&v4&H1&+0&R&z1:6]=[C&D2&v4&H1&+0&R&z0:7]-[C&D2&v4&H2&+0&R&z0:8]-1>>[C&D2&v4&H1&+0&!R&z1:1].[S&D1&v2&H1&+0&!R:2].[c&D3&v4&H0&+0&R&z0:3]1:[c&D2&v4&H1&+0&R&z0:8]:[c&D2&v4&H1&+0&R&z0:7]:[c&D2&v4&H1&+0&R&z1:6]:[n&D3&v4&H0&+&R:5]:[c&D2&v4&H1&+0&R&z1:4]:1	Any;CoA;NAD_CoF
792_2	Any;Any	[C&D3&v4&H0&+0&!R&z2:1]-[S&D2&v2&H0&+0&!R:2].[C&D3&v4&H0&+0&R&z0:3]1=[C&D2&v4&H1&+0&R&z1:4]-[N&D3&v3&H0&+0&R:5]-[C&D2&v4&H1&+0&R&z1:6]=[C&D2&v4&H1&+0&R&z0:7]-[C&D2&v4&H2&+0&R&z0:8]-1>>[C&D2&v4&H1&+0&!R&z1:1].[S&D1&v2&H1&+0&!R:2].[c&D3&v4&H0&+0&R&z0:3]1:[c&D2&v4&H1&+0&R&z0:8]:[c&D2&v4&H1&+0&R&z0:7]:[c&D2&v4&H1&+0&R&z1:6]:[n&D3&v4&H0&+&R:5]:[c&D2&v4&H1&+0&R&z1:4]:1	Any;Any;Any
792_3	Any;Any	[C&D3&v4&H0&+0&!R&z2:1]-[S&D2&v2&H0&+0&!R:2].[C&D3&v4&H0&+0&R&z0:3]1=[C&D2&v4&H1&+0&R&z1:4]-[N&D3&v3&H0&+0&R:5]-[C&D2&v4&H1&+0&R&z1:6]=[C&D2&v4&H1&+0&R&z0:7]-[C&D2&v4&H2&+0&R&z0:8]-1>>[C&D2&v4&H1&+0&!R&z1:1].[S&D1&v2&H1&+0&!R:2].[c&D3&v4&H0&+0&R&z0:3]1:[c&D2&v4&H1&+0&R&z0:8]:[c&D2&v4&H1&+0&R&z0:7]:[c&D2&v4&H1&+0&R&z1:6]:[n&D3&v4&H0&+&R:5]:[c&D2&v4&H1&+0&R&z1:4]:1	Any;CoA;Any
792_4	Any;NADH_CoF	[C&D3&v4&H0&+0&!R&z2:1]-[S&D2&v2&H0&+0&!R:2].[C&D3&v4&H0&+0&R&z0:3]1=[C&D2&v4&H1&+0&R&z1:4]-[N&D3&v3&H0&+0&R:5]-[C&D2&v4&H1&+0&R&z1:6]=[C&D2&v4&H1&+0&R&z0:7]-[C&D2&v4&H2&+0&R&z0:8]-1>>[C&D2&v4&H1&+0&!R&z1:1].[S&D1&v2&H1&+0&!R:2].[c&D3&v4&H0&+0&R&z0:3]1:[c&D2&v4&H1&+0&R&z0:8]:[c&D2&v4&H1&+0&R&z0:7]:[c&D2&v4&H1&+0&R&z1:6]:[n&D3&v4&H0&+&R:5]:[c&D2&v4&H1&+0&R&z1:4]:1	Any;Any;NAD_CoF
792_5	Any;NADH_CoF	[C&D3&v4&H0&+0&!R&z2:1]-[S&D2&v2&H0&+0&!R:2].[C&D3&v4&H0&+0&R&z0:3]1=[C&D2&v4&H1&+0&R&z1:4]-[N&D3&v3&H0&+0&R:5]-[C&D2&v4&H1&+0&R&z1:6]=[C&D2&v4&H1&+0&R&z0:7]-[C&D2&v4&H2&+0&R&z0:8]-1>>[C&D2&v4&H1&+0&!R&z1:1].[S&D1&v2&H1&+0&!R:2].[c&D3&v4&H0&+0&R&z0:3]1:[c&D2&v4&H1&+0&R&z0:8]:[c&D2&v4&H1&+0&R&z0:7]:[c&D2&v4&H1&+0&R&z1:6]:[n&D3&v4&H0&+&R:5]:[c&D2&v4&H1&+0&R&z1:4]:1	Any;CoA;NAD_CoF
1441_0	Any;Any	[N&D1&v3&H2&+0&!R:1].[S&D3&v3&H0&+&!R:2]-[C&D2&v4&H2&+0&!R&z1:3]>>[N&D2&v3&H1&+0&!R:1]-[C&D2&v4&H2&+0&!R&z1:3].[S&D2&v2&H0&+0&!R:2]	Any;Any
1317_0	Any;WATER	[N&D3&v3&H0&+0&!R:1]-[C&D2&v4&H1&+0&!R&z2:2].[O&D0&v2&H2&+0&!R:3]>>[C&D2&v4&H1&+0&!R&z2:2]-[O&D1&v2&H1&+0&!R:3].[N&D2&v3&H1&+0&!R:1]	Any;Any
1317_1	FORMYL_DONOR_CoF;WATER	[N&D3&v3&H0&+0&!R:1]-[C&D2&v4&H1&+0&!R&z2:2].[O&D0&v2&H2&+0&!R:3]>>[C&D2&v4&H1&+0&!R&z2:2]-[O&D1&v2&H1&+0&!R:3].[N&D2&v3&H1&+0&!R:1]	Any;FORMYL_ACCEPTOR_CoF
582_0	Any;Any	[C&D1&v4&H3&+0&!R&z0:1].[C&D1&v4&H3&+0&!R&z1:2]-[S&D3&v3&H0&+&!R:3]>>[C&D2&v4&H2&+0&!R&z0:1]-[C&D1&v4&H3&+0&!R&z0:2].[S&D2&v2&H0&+0&!R:3]	Any;Any
582_1	Any;METHYL_DONOR_CoF	[C&D1&v4&H3&+0&!R&z0:1].[C&D1&v4&H3&+0&!R&z1:2]-[S&D3&v3&H0&+&!R:3]>>[C&D2&v4&H2&+0&!R&z0:1]-[C&D1&v4&H3&+0&!R&z0:2].[S&D2&v2&H0&+0&!R:3]	Any;METHYL_ACCEPTOR_CoF
2049_0	Any	[O&D2&v2&H0&+0&R:1]-[C&D3&v4&H1&+0&R&z1:2]-[C&D3&v4&H1&+0&!R&z1:3]-[O&D1&v2&H1&+0&!R:4]>>([C&D3&v4&H0&+0&!R&z1:3](=[O&D1&v2&H0&+0&!R:4])-[C&D2&v4&H2&+0&!R&z0:2].[O&D1&v2&H1&+0&!R:1])	Any
93_0	Any;Any	[C&D3&v4&H0&+0&!R&z3:1]-[O&D2&v2&H0&+0&!R:2].[P&D4&v5&H0&+0&!R:3]-[O&D1&v2&H1&+0&!R:4]>>[C&D3&v4&H0&+0&!R&z3:1]-[O&D1&v2&H1&+0&!R:4].[O&D2&v2&H0&+0&!R:2]-[P&D4&v5&H0&+0&!R:3]	Any;Any
93_1	Any;Any	[C&D3&v4&H0&+0&!R&z3:1]-[O&D2&v2&H0&+0&!R:2].[P&D4&v5&H0&+0&!R:3]-[O&D1&v2&H1&+0&!R:4]>>[C&D3&v4&H0&+0&!R&z3:1]-[O&D1&v2&H1&+0&!R:4].[O&D2&v2&H0&+0&!R:2]-[P&D4&v5&H0&+0&!R:3]	CO3;Any
93_2	Any;PHOSPHATE_ACCEPTOR_CoF	[C&D3&v4&H0&+0&!R&z3:1]-[O&D2&v2&H0&+0&!R:2].[P&D4&v5&H0&+0&!R:3]-[O&D1&v2&H1&+0&!R:4]>>[C&D3&v4&H0&+0&!R&z3:1]-[O&D1&v2&H1&+0&!R:4].[O&D2&v2&H0&+0&!R:2]-[P&D4&v5&H0&+0&!R:3]	Any;PHOSPHATE_DONOR_CoF
93_3	Any;PHOSPHATE_ACCEPTOR_CoF	[C&D3&v4&H0&+0&!R&z3:1]-[O&D2&v2&H0&+0&!R:2].[P&D4&v5&H0&+0&!R:3]-[O&D1&v2&H1&+0&!R:4]>>[C&D3&v4&H0&+0&!R&z3:1]-[O&D1&v2&H1&+0&!R:4].[O&D2&v2&H0&+0&!R:2]-[P&D4&v5&H0&+0&!R:3]	CO3;PHOSPHATE_DONOR_CoF
93_4	Any;PPI	[C&D3&v4&H0&+0&!R&z3:1]-[O&D2&v2&H0&+0&!R:2].[P&D4&v5&H0&+0&!R:3]-[O&D1&v2&H1&+0&!R:4]>>[C&D3&v4&H0&+0&!R&z3:1]-[O&D1&v2&H1&+0&!R:4].[O&D2&v2&H0&+0&!R:2]-[P&D4&v5&H0&+0&!R:3]	Any;Any
1700_0	Any;Any	[C&D3&v4&H1&+0&R&z2:1]-[O&D1&v2&H1&+0&!R:2].[n&D2&v3&H0&+0&R:3]>>[O&D0&v2&H2&+0&!R:2].[n&D3&v4&H0&+&R:3]-[C&D3&v4&H1&+0&R&z2:1]	WATER;Any
1250_0	Any;Any;O2	[C&D2&v4&H2&+0&!R&z1:1]-[O&D2&v2&H0&+0&!R:2].[C&D3&v4&H0&+0&!R&z1:3]-[C&D3&v4&H0&+0&!R&z2:4]-[O&D1&v2&H1&+0&!R:5].[O&D1&v2&H0&+0&!R:6]=[O&D1&v2&H0&+0&!R:7]>>[C&D2&v4&H1&+0&!R&z1:1]=[O&D1&v2&H0&+0&!R:7].[C&D3&v4&H0&+0&!R&z2:3]-[O&D1&v2&H1&+0&!R:6].[O&D1&v2&H0&+0&!R:5]=[C&D2&v4&H0&+0&!R&z2:4].[O&D1&v2&H1&+0&!R:2]	Any;Any;CO2;Any
1250_1	Any;Any;O2	[C&D2&v4&H2&+0&!R&z1:1]-[O&D2&v2&H0&+0&!R:2].[C&D3&v4&H0&+0&!R&z1:3]-[C&D3&v4&H0&+0&!R&z2:4]-[O&D1&v2&H1&+0&!R:5].[O&D1&v2&H0&+0&!R:6]=[O&D1&v2&H0&+0&!R:7]>>[C&D2&v4&H1&+0&!R&z1:1]=[O&D1&v2&H0&+0&!R:7].[C&D3&v4&H0&+0&!R&z2:3]-[O&D1&v2&H1&+0&!R:6].[O&D1&v2&H0&+0&!R:5]=[C&D2&v4&H0&+0&!R&z2:4].[O&D1&v2&H1&+0&!R:2]	Any;Any;CO2;Pi
1250_2	Any;Any;O2	[C&D2&v4&H2&+0&!R&z1:1]-[O&D2&v2&H0&+0&!R:2].[C&D3&v4&H0&+0&!R&z1:3]-[C&D3&v4&H0&+0&!R&z2:4]-[O&D1&v2&H1&+0&!R:5].[O&D1&v2&H0&+0&!R:6]=[O&D1&v2&H0&+0&!R:7]>>[C&D2&v4&H1&+0&!R&z1:1]=[O&D1&v2&H0&+0&!R:7].[C&D3&v4&H0&+0&!R&z2:3]-[O&D1&v2&H1&+0&!R:6].[O&D1&v2&H0&+0&!R:5]=[C&D2&v4&H0&+0&!R&z2:4].[O&D1&v2&H1&+0&!R:2]	Any;Any;CO2;SULFATE
156_0	Any;WATER	[C&D3&v4&H1&+0&R&z2:1]-[O&D2&v2&H0&+0&R:2].[O&D0&v2&H2&+0&!R:3]>>([C&D3&v4&H1&+0&!R&z2:1]-[O&D1&v2&H1&+0&!R:3].[O&D1&v2&H1&+0&!R:2])	Any
105_0	Any;WATER	[C&D3&v4&H0&+0&!R&z3:1]-[N&D1&v3&H2&+0&!R:2].[O&D0&v2&H2&+0&!R:3]>>[C&D3&v4&H0&+0&!R&z3:1]-[O&D1&v2&H1&+0&!R:3].[N&D0&v3&H3&+0&!R:2]	Any;NH3
105_1	Any;WATER	[C&D3&v4&H0&+0&!R&z3:1]-[N&D1&v3&H2&+0&!R:2].[O&D0&v2&H2&+0&!R:3]>>[C&D3&v4&H0&+0&!R&z3:1]-[O&D1&v2&H1&+0&!R:3].[N&D0&v3&H3&+0&!R:2]	CO3;NH3
1543_0	Any;WATER	[N&D1&v3&H1&+0&!R:1]=[C&D2&v4&H1&+0&!R&z2:2]-[N&D2&v3&H1&+0&!R:3].[O&D0&v2&H2&+0&!R:4]>>[N&D1&v3&H2&+0&!R:3].[N&D1&v3&H2&+0&!R:1]-[C&D2&v4&H1&+0&!R&z2:2]=[O&D1&v2&H0&+0&!R:4]	Any;Any
475_0	Any;Any;CO2	[C&D3&v4&H0&+0&R&z0:1]1=[C&D2&v4&H1&+0&R&z1:2]-[N&D3&v3&H0&+0&R:3]-[C&D2&v4&H1&+0&R&z1:4]=[C&D2&v4&H1&+0&R&z0:5]-[C&D2&v4&H2&+0&R&z0:6]-1.[C&D3&v4&H1&+0&R&z0:7]-[C&D3&v4&H0&+0&R&z1:8]=[O&D1&v2&H0&+0&!R:9].[O&D1&v2&H0&+0&!R:10]=[C&D2&v4&H0&+0&!R&z2:11]>>[C&D4&v4&H0&+0&R&z0:7](-[C&D3&v4&H0&+0&!R&z2:11]-[O&D1&v2&H1&+0&!R:10])-[C&D3&v4&H1&+0&R&z1:8]-[O&D1&v2&H1&+0&!R:9].[c&D3&v4&H0&+0&R&z0:1]1:[c&D2&v4&H1&+0&R&z0:6]:[c&D2&v4&H1&+0&R&z0:5]:[c&D2&v4&H1&+0&R&z1:4]:[n&D3&v4&H0&+&R:3]:[c&D2&v4&H1&+0&R&z1:2]:1	Any;Any
475_1	NADH_CoF;Any;CO2	[C&D3&v4&H0&+0&R&z0:1]1=[C&D2&v4&H1&+0&R&z1:2]-[N&D3&v3&H0&+0&R:3]-[C&D2&v4&H1&+0&R&z1:4]=[C&D2&v4&H1&+0&R&z0:5]-[C&D2&v4&H2&+0&R&z0:6]-1.[C&D3&v4&H1&+0&R&z0:7]-[C&D3&v4&H0&+0&R&z1:8]=[O&D1&v2&H0&+0&!R:9].[O&D1&v2&H0&+0&!R:10]=[C&D2&v4&H0&+0&!R&z2:11]>>[C&D4&v4&H0&+0&R&z0:7](-[C&D3&v4&H0&+0&!R&z2:11]-[O&D1&v2&H1&+0&!R:10])-[C&D3&v4&H1&+0&R&z1:8]-[O&D1&v2&H1&+0&!R:9].[c&D3&v4&H0&+0&R&z0:1]1:[c&D2&v4&H1&+0&R&z0:6]:[c&D2&v4&H1&+0&R&z0:5]:[c&D2&v4&H1&+0&R&z1:4]:[n&D3&v4&H0&+&R:3]:[c&D2&v4&H1&+0&R&z1:2]:1	Any;NAD_CoF
563_0	Any;Any	[C&D1&v4&H2&+0&!R&z0:1]=[C&D2&v4&H1&+0&!R&z0:2].[C&D3&v4&H0&+0&R&z0:3]1=[C&D2&v4&H1&+0&R&z1:4]-[N&D3&v3&H0&+0&R:5]-[C&D2&v4&H1&+0&R&z1:6]=[C&D2&v4&H1&+0&R&z0:7]-[C&D2&v4&H2&+0&R&z0:8]-1>>[C&D2&v4&H2&+0&!R&z0:2]-[C&D1&v4&H3&+0&!R&z0:1].[c&D3&v4&H0&+0&R&z0:3]1:[c&D2&v4&H1&+0&R&z0:8]:[c&D2&v4&H1&+0&R&z0:7]:[c&D2&v4&H1&+0&R&z1:6]:[n&D3&v4&H0&+&R:5]:[c&D2&v4&H1&+0&R&z1:4]:1	Any;Any
563_1	Any;NADH_CoF	[C&D1&v4&H2&+0&!R&z0:1]=[C&D2&v4&H1&+0&!R&z0:2].[C&D3&v4&H0&+0&R&z0:3]1=[C&D2&v4&H1&+0&R&z1:4]-[N&D3&v3&H0&+0&R:5]-[C&D2&v4&H1&+0&R&z1:6]=[C&D2&v4&H1&+0&R&z0:7]-[C&D2&v4&H2&+0&R&z0:8]-1>>[C&D2&v4&H2&+0&!R&z0:2]-[C&D1&v4&H3&+0&!R&z0:1].[c&D3&v4&H0&+0&R&z0:3]1:[c&D2&v4&H1&+0&R&z0:8]:[c&D2&v4&H1&+0&R&z0:7]:[c&D2&v4&H1&+0&R&z1:6]:[n&D3&v4&H0&+&R:5]:[c&D2&v4&H1&+0&R&z1:4]:1	Any;NAD_CoF
2068_0	Any;Any	[O&D1&v2&H0&+0&!R:1]=[C&D2&v4&H1&+0&!R&z1:2].[c&D2&v4&H1&+0&R&z0:3]>>[C&D3&v4&H1&+0&!R&z1:2](-[O&D1&v2&H1&+0&!R:1])-[c&D3&v4&H0&+0&R&z0:3]	Any
759_0	Any	([C&D2&v4&H2&+0&!R&z1:1]-[O&D1&v2&H1&+0&!R:2].[C&D3&v4&H1&+0&R&z1:3]-[O&D1&v2&H1&+0&!R:4])>>([C&D1&v4&H3&+0&!R&z0:1].[C&D3&v4&H0&+0&R&z1:3]=[O&D1&v2&H0&+0&!R:4]).[O&D0&v2&H2&+0&!R:2]	Any;WATER
1249_0	Any;Any;CO2;Any	[C&D2&v4&H1&+0&!R&z1:1]=[O&D1&v2&H0&+0&!R:2].[C&D3&v4&H0&+0&!R&z2:3]-[O&D1&v2&H1&+0&!R:4].[O&D1&v2&H0&+0&!R:5]=[C&D2&v4&H0&+0&!R&z2:6].[O&D1&v2&H1&+0&!R:7]>>[C&D2&v4&H2&+0&!R&z1:1]-[O&D2&v2&H0&+0&!R:7].[C&D3&v4&H0&+0&!R&z1:3]-[C&D3&v4&H0&+0&!R&z2:6]-[O&D1&v2&H1&+0&!R:5].[O&D1&v2&H0&+0&!R:4]=[O&D1&v2&H0&+0&!R:2]	Any;Any;O2
1249_1	Any;Any;CO2;Pi	[C&D2&v4&H1&+0&!R&z1:1]=[O&D1&v2&H0&+0&!R:2].[C&D3&v4&H0&+0&!R&z2:3]-[O&D1&v2&H1&+0&!R:4].[O&D1&v2&H0&+0&!R:5]=[C&D2&v4&H0&+0&!R&z2:6].[O&D1&v2&H1&+0&!R:7]>>[C&D2&v4&H2&+0&!R&z1:1]-[O&D2&v2&H0&+0&!R:7].[C&D3&v4&H0&+0&!R&z1:3]-[C&D3&v4&H0&+0&!R&z2:6]-[O&D1&v2&H1&+0&!R:5].[O&D1&v2&H0&+0&!R:4]=[O&D1&v2&H0&+0&!R:2]	Any;Any;O2
1249_2	Any;Any;CO2;SULFATE	[C&D2&v4&H1&+0&!R&z1:1]=[O&D1&v2&H0&+0&!R:2].[C&D3&v4&H0&+0&!R&z2:3]-[O&D1&v2&H1&+0&!R:4].[O&D1&v2&H0&+0&!R:5]=[C&D2&v4&H0&+0&!R&z2:6].[O&D1&v2&H1&+0&!R:7]>>[C&D2&v4&H2&+0&!R&z1:1]-[O&D2&v2&H0&+0&!R:7].[C&D3&v4&H0&+0&!R&z1:3]-[C&D3&v4&H0&+0&!R&z2:6]-[O&D1&v2&H1&+0&!R:5].[O&D1&v2&H0&+0&!R:4]=[O&D1&v2&H0&+0&!R:2]	Any;Any;O2
983_0	Any;Any	[C&D3&v4&H1&+0&R&z0:1]-[C&D2&v4&H2&+0&R&z0:2]-[C&D2&v4&H1&+0&R&z0:3].[c&D3&v4&H0&+0&R&z0:4]1:[c&D2&v4&H1&+0&R&z0:5]:[c&D2&v4&H1&+0&R&z0:6]:[c&D2&v4&H1&+0&R&z1:7]:[n&D3&v4&H0&+&R:8]:[c&D2&v4&H1&+0&R&z1:9]:1>>[C&D3&v4&H0&+0&R&z0:4]1=[C&D2&v4&H1&+0&R&z1:9]-[N&D3&v3&H0&+0&R:8]-[C&D2&v4&H1&+0&R&z1:7]=[C&D2&v4&H1&+0&R&z0:6]-[C&D2&v4&H2&+0&R&z0:5]-1.[C&D3&v4&H0&+0&R&z0:1]=[C&D2&v4&H1&+0&R&z0:2]-[C&D2&v4&H1&+0&R&z0:3]	Any;Any
983_1	Any;NAD_CoF	[C&D3&v4&H1&+0&R&z0:1]-[C&D2&v4&H2&+0&R&z0:2]-[C&D2&v4&H1&+0&R&z0:3].[c&D3&v4&H0&+0&R&z0:4]1:[c&D2&v4&H1&+0&R&z0:5]:[c&D2&v4&H1&+0&R&z0:6]:[c&D2&v4&H1&+0&R&z1:7]:[n&D3&v4&H0&+&R:8]:[c&D2&v4&H1&+0&R&z1:9]:1>>[C&D3&v4&H0&+0&R&z0:4]1=[C&D2&v4&H1&+0&R&z1:9]-[N&D3&v3&H0&+0&R:8]-[C&D2&v4&H1&+0&R&z1:7]=[C&D2&v4&H1&+0&R&z0:6]-[C&D2&v4&H2&+0&R&z0:5]-1.[C&D3&v4&H0&+0&R&z0:1]=[C&D2&v4&H1&+0&R&z0:2]-[C&D2&v4&H1&+0&R&z0:3]	NADH_CoF;Any
129_0	Any	[C&D3&v4&H1&+0&!R&z2:1](-[O&D1&v2&H1&+0&!R:2])-[C&D2&v4&H2&+0&!R&z0:3]-[C&D3&v4&H0&+0&!R&z2:4]>>[C&D2&v4&H1&+0&!R&z1:1]=[C&D2&v4&H1&+0&!R&z0:3]-[C&D3&v4&H0&+0&!R&z2:4].[O&D0&v2&H2&+0&!R:2]	Any;WATER
597_0	Any;WATER;Any;Any	[C&D1&v4&H2&+0&!R&z1:1]=[O&D1&v2&H0&+0&!R:2].[O&D0&v2&H2&+0&!R:3].[S&D1&v2&H1&+0&!R:4].[c&D3&v4&H0&+0&R&z0:5]1:[c&D2&v4&H1&+0&R&z0:6]:[c&D2&v4&H1&+0&R&z0:7]:[c&D2&v4&H1&+0&R&z1:8]:[n&D3&v4&H0&+&R:9]:[c&D2&v4&H1&+0&R&z1:10]:1>>[C&D1&v4&H3&+0&!R&z1:1]-[S&D2&v2&H0&+0&!R:4].[C&D3&v4&H0&+0&R&z0:5]1=[C&D2&v4&H1&+0&R&z1:10]-[N&D3&v3&H0&+0&R:9]-[C&D2&v4&H1&+0&R&z1:8]=[C&D2&v4&H1&+0&R&z0:7]-[C&D2&v4&H2&+0&R&z0:6]-1.[O&D1&v2&H0&+0&!R:3]=[O&D1&v2&H0&+0&!R:2]	Any;Any;O2
597_1	Any;WATER;Any;NAD_CoF	[C&D1&v4&H2&+0&!R&z1:1]=[O&D1&v2&H0&+0&!R:2].[O&D0&v2&H2&+0&!R:3].[S&D1&v2&H1&+0&!R:4].[c&D3&v4&H0&+0&R&z0:5]1:[c&D2&v4&H1&+0&R&z0:6]:[c&D2&v4&H1&+0&R&z0:7]:[c&D2&v4&H1&+0&R&z1:8]:[n&D3&v4&H0&+&R:9]:[c&D2&v4&H1&+0&R&z1:10]:1>>[C&D1&v4&H3&+0&!R&z1:1]-[S&D2&v2&H0&+0&!R:4].[C&D3&v4&H0&+0&R&z0:5]1=[C&D2&v4&H1&+0&R&z1:10]-[N&D3&v3&H0&+0&R:9]-[C&D2&v4&H1&+0&R&z1:8]=[C&D2&v4&H1&+0&R&z0:7]-[C&D2&v4&H2&+0&R&z0:6]-1.[O&D1&v2&H0&+0&!R:3]=[O&D1&v2&H0&+0&!R:2]	Any;NADH_CoF;O2
1574_0	Any;CO2;Any	[C&D3&v4&H0&+0&R&z0:1]1=[C&D2&v4&H1&+0&R&z1:2]-[N&D3&v3&H0&+0&R:3]-[C&D2&v4&H1&+0&R&z1:4]=[C&D2&v4&H1&+0&R&z0:5]-[C&D2&v4&H2&+0&R&z0:6]-1.[O&D1&v2&H0&+0&!R:7]=[C&D2&v4&H0&+0&!R&z2:8].[O&D1&v2&H0&+0&!R:9]=[C&D3&v4&H0&+0&!R&z1:10]-[C&D2&v4&H2&+0&!R&z1:11]-[O&D1&v2&H1&+0&!R:12]>>[C&D3&v4&H0&+0&!R&z2:8](-[O&D1&v2&H1&+0&!R:7])-[C&D3&v4&H1&+0&!R&z1:11](-[O&D1&v2&H1&+0&!R:12])-[C&D3&v4&H1&+0&!R&z1:10]-[O&D1&v2&H1&+0&!R:9].[c&D3&v4&H0&+0&R&z0:1]1:[c&D2&v4&H1&+0&R&z0:6]:[c&D2&v4&H1&+0&R&z0:5]:[c&D2&v4&H1&+0&R&z1:4]:[n&D3&v4&H0&+&R:3]:[c&D2&v4&H1&+0&R&z1:2]:1	Any;Any
1574_1	NADH_CoF;CO2;Any	[C&D3&v4&H0&+0&R&z0:1]1=[C&D2&v4&H1&+0&R&z1:2]-[N&D3&v3&H0&+0&R:3]-[C&D2&v4&H1&+0&R&z1:4]=[C&D2&v4&H1&+0&R&z0:5]-[C&D2&v4&H2&+0&R&z0:6]-1.[O&D1&v2&H0&+0&!R:7]=[C&D2&v4&H0&+0&!R&z2:8].[O&D1&v2&H0&+0&!R:9]=[C&D3&v4&H0&+0&!R&z1:10]-[C&D2&v4&H2&+0&!R&z1:11]-[O&D1&v2&H1&+0&!R:12]>>[C&D3&v4&H0&+0&!R&z2:8](-[O&D1&v2&H1&+0&!R:7])-[C&D3&v4&H1&+0&!R&z1:11](-[O&D1&v2&H1&+0&!R:12])-[C&D3&v4&H1&+0&!R&z1:10]-[O&D1&v2&H1&+0&!R:9].[c&D3&v4&H0&+0&R&z0:1]1:[c&D2&v4&H1&+0&R&z0:6]:[c&D2&v4&H1&+0&R&z0:5]:[c&D2&v4&H1&+0&R&z1:4]:[n&D3&v4&H0&+&R:3]:[c&D2&v4&H1&+0&R&z1:2]:1	Any;NAD_CoF
1552_0	Any;O2	[C&D3&v4&H0&+0&R&z0:1]1=[C&D2&v4&H1&+0&R&z0:2]-[C&D2&v4&H1&+0&R&z0:3]=[C&D2&v4&H1&+0&R&z1:4]-[N&D3&v3&H0&+0&R:5]-[C&D2&v4&H2&+0&R&z1:6]-1.[O&D1&v2&H0&+0&!R:7]=[O&D1&v2&H0&+0&!R:8]>>[O&D1&v2&H1&+0&!R:7]-[O&D1&v2&H1&+0&!R:8].[c&D3&v4&H0&+0&R&z0:1]1:[c&D2&v4&H1&+0&R&z0:2]:[c&D2&v4&H1&+0&R&z0:3]:[c&D2&v4&H1&+0&R&z1:4]:[n&D3&v4&H0&+&R:5]:[c&D2&v4&H1&+0&R&z1:6]:1	H2O2;Any
134_0	Any;Any	[C&D3&v4&H1&+0&R&z2:1]-[O&D1&v2&H1&+0&!R:2].[N&D2&v3&H1&+0&R:3]>>[N&D3&v3&H0&+0&R:3]-[C&D3&v4&H1&+0&R&z2:1].[O&D0&v2&H2&+0&!R:2]	Any;WATER
314_0	Any;Any;O2	[C&D3&v4&H0&+0&R&z0:1]1=[C&D2&v4&H1&+0&R&z1:2]-[N&D3&v3&H0&+0&R:3]-[C&D2&v4&H1&+0&R&z1:4]=[C&D2&v4&H1&+0&R&z0:5]-[C&D2&v4&H2&+0&R&z0:6]-1.[C&D3&v4&H1&+0&R&z0:7].[O&D1&v2&H0&+0&!R:8]=[O&D1&v2&H0&+0&!R:9]>>[C&D4&v4&H0&+0&R&z1:7]-[O&D1&v2&H1&+0&!R:8].[O&D0&v2&H2&+0&!R:9].[c&D3&v4&H0&+0&R&z0:1]1:[c&D2&v4&H1&+0&R&z0:6]:[c&D2&v4&H1&+0&R&z0:5]:[c&D2&v4&H1&+0&R&z1:4]:[n&D3&v4&H0&+&R:3]:[c&D2&v4&H1&+0&R&z1:2]:1	Any;WATER;Any
314_1	NADH_CoF;Any;O2	[C&D3&v4&H0&+0&R&z0:1]1=[C&D2&v4&H1&+0&R&z1:2]-[N&D3&v3&H0&+0&R:3]-[C&D2&v4&H1&+0&R&z1:4]=[C&D2&v4&H1&+0&R&z0:5]-[C&D2&v4&H2&+0&R&z0:6]-1.[C&D3&v4&H1&+0&R&z0:7].[O&D1&v2&H0&+0&!R:8]=[O&D1&v2&H0&+0&!R:9]>>[C&D4&v4&H0&+0&R&z1:7]-[O&D1&v2&H1&+0&!R:8].[O&D0&v2&H2&+0&!R:9].[c&D3&v4&H0&+0&R&z0:1]1:[c&D2&v4&H1&+0&R&z0:6]:[c&D2&v4&H1&+0&R&z0:5]:[c&D2&v4&H1&+0&R&z1:4]:[n&D3&v4&H0&+&R:3]:[c&D2&v4&H1&+0&R&z1:2]:1	Any;WATER;NAD_CoF
1558_0	Any;Any;Any	[C&D3&v4&H0&+0&!R&z1:1]=[O&D1&v2&H0&+0&!R:2].[C&D3&v4&H0&+0&R&z0:3]1=[C&D2&v4&H1&+0&R&z1:4]-[N&D3&v3&H0&+0&R:5]-[C&D2&v4&H1&+0&R&z1:6]=[C&D2&v4&H1&+0&R&z0:7]-[C&D2&v4&H2&+0&R&z0:8]-1.[N&D1&v3&H2&+0&!R:9]-[C&D3&v4&H0&+0&!R&z2:10]>>[C&D3&v4&H0&+0&!R&z2:10]-[O&D1&v2&H1&+0&!R:2].[N&D1&v3&H2&+0&!R:9]-[C&D3&v4&H1&+0&!R&z1:1].[c&D3&v4&H0&+0&R&z0:3]1:[c&D2&v4&H1&+0&R&z0:8]:[c&D2&v4&H1&+0&R&z0:7]:[c&D2&v4&H1&+0&R&z1:6]:[n&D3&v4&H0&+&R:5]:[c&D2&v4&H1&+0&R&z1:4]:1	Any;Any;Any
1558_1	CARBONYL_CoF;NADH_CoF;Any	[C&D3&v4&H0&+0&!R&z1:1]=[O&D1&v2&H0&+0&!R:2].[C&D3&v4&H0&+0&R&z0:3]1=[C&D2&v4&H1&+0&R&z1:4]-[N&D3&v3&H0&+0&R:5]-[C&D2&v4&H1&+0&R&z1:6]=[C&D2&v4&H1&+0&R&z0:7]-[C&D2&v4&H2&+0&R&z0:8]-1.[N&D1&v3&H2&+0&!R:9]-[C&D3&v4&H0&+0&!R&z2:10]>>[C&D3&v4&H0&+0&!R&z2:10]-[O&D1&v2&H1&+0&!R:2].[N&D1&v3&H2&+0&!R:9]-[C&D3&v4&H1&+0&!R&z1:1].[c&D3&v4&H0&+0&R&z0:3]1:[c&D2&v4&H1&+0&R&z0:8]:[c&D2&v4&H1&+0&R&z0:7]:[c&D2&v4&H1&+0&R&z1:6]:[n&D3&v4&H0&+&R:5]:[c&D2&v4&H1&+0&R&z1:4]:1	AMINO_CoF;AMINO_CoF;NAD_CoF
1676_0	Any;Any	([C&D3&v4&H1&+0&!R&z1:1].[O&D1&v2&H1&+0&!R:2]).[c&D3&v4&H0&+0&R&z0:3]1:[c&D2&v4&H1&+0&R&z0:4]:[c&D2&v4&H1&+0&R&z0:5]:[c&D2&v4&H1&+0&R&z1:6]:[n&D3&v4&H0&+&R:7]:[c&D2&v4&H1&+0&R&z1:8]:1>>[C&D3&v4&H0&+0&R&z0:3]1=[C&D2&v4&H1&+0&R&z1:8]-[N&D3&v3&H0&+0&R:7]-[C&D2&v4&H1&+0&R&z1:6]=[C&D2&v4&H1&+0&R&z0:5]-[C&D2&v4&H2&+0&R&z0:4]-1.[O&D2&v2&H0&+0&R:2]-[C&D4&v4&H0&+0&R&z2:1]	Any;Any
1676_1	Any;NAD_CoF	([C&D3&v4&H1&+0&!R&z1:1].[O&D1&v2&H1&+0&!R:2]).[c&D3&v4&H0&+0&R&z0:3]1:[c&D2&v4&H1&+0&R&z0:4]:[c&D2&v4&H1&+0&R&z0:5]:[c&D2&v4&H1&+0&R&z1:6]:[n&D3&v4&H0&+&R:7]:[c&D2&v4&H1&+0&R&z1:8]:1>>[C&D3&v4&H0&+0&R&z0:3]1=[C&D2&v4&H1&+0&R&z1:8]-[N&D3&v3&H0&+0&R:7]-[C&D2&v4&H1&+0&R&z1:6]=[C&D2&v4&H1&+0&R&z0:5]-[C&D2&v4&H2&+0&R&z0:4]-1.[O&D2&v2&H0&+0&R:2]-[C&D4&v4&H0&+0&R&z2:1]	NADH_CoF;Any
1720_0	Any;Any	[S&D2&v2&H0&+0&!R:1]-[S&D2&v2&H0&+0&!R:2].[c&D2&v4&H1&+0&R&z0:3]>>[S&D1&v2&H1&+0&!R:1].[S&D2&v2&H0&+0&!R:2]-[c&D3&v4&H0&+0&R&z1:3]	Any;Any
1750_0	Any;SULFATE	[N&D1&v3&H2&+0&!R:1].[S&D4&v6&H0&+0&!R:2]-[O&D1&v2&H1&+0&!R:3]>>[O&D0&v2&H2&+0&!R:3].[S&D4&v6&H0&+0&!R:2]-[N&D2&v3&H1&+0&!R:1]	WATER;Any
985_0	Any;WATER;Any	[C&D3&v4&H1&+0&R&z1:1]-[O&D1&v2&H1&+0&!R:2].[O&D0&v2&H2&+0&!R:3].[P&D4&v5&H0&+0&!R:4]-[O&D2&v2&H0&+0&!R:5]>>[C&D3&v4&H1&+0&R&z1:1]-[O&D1&v2&H1&+0&!R:3].[O&D1&v2&H1&+0&!R:5].[P&D4&v5&H0&+0&!R:4]-[O&D1&v2&H1&+0&!R:2]	Any;Pi;Any
985_1	Any;WATER;PHOSPHATE_DONOR_CoF	[C&D3&v4&H1&+0&R&z1:1]-[O&D1&v2&H1&+0&!R:2].[O&D0&v2&H2&+0&!R:3].[P&D4&v5&H0&+0&!R:4]-[O&D2&v2&H0&+0&!R:5]>>[C&D3&v4&H1&+0&R&z1:1]-[O&D1&v2&H1&+0&!R:3].[O&D1&v2&H1&+0&!R:5].[P&D4&v5&H0&+0&!R:4]-[O&D1&v2&H1&+0&!R:2]	Any;Pi;PHOSPHATE_ACCEPTOR_CoF
615_0	Any;CO2;PPI	[C&D2&v4&H2&+0&!R&z0:1]-[C&D3&v4&H0&+0&R&z0:2].[O&D1&v2&H0&+0&!R:3]=[C&D2&v4&H0&+0&!R&z2:4].[O&D1&v2&H1&+0&!R:5]>>[C&D2&v4&H2&+0&!R&z1:1]-[O&D2&v2&H0&+0&!R:5].[C&D3&v4&H0&+0&!R&z2:4](-[O&D1&v2&H1&+0&!R:3])-[C&D3&v4&H0&+0&R&z0:2]	Any;Any
353_0	Any;Any	[n&D2&v3&H1&+0&R:1].[n&D3&v4&H0&+&R:2]-[C&D3&v4&H1&+0&R&z2:3]>>[n&D2&v3&H0&+0&R:2].[n&D3&v3&H0&+0&R:1]-[C&D3&v4&H1&+0&R&z2:3]	Any;Any
708_0	Any;Pi	[C&D1&v4&H3&+0&!R&z0:1]-[C&D3&v4&H0&+0&!R&z1:2]-[C&D2&v4&H1&+0&!R&z1:3]=[O&D1&v2&H0&+0&!R:4].[O&D1&v2&H1&+0&!R:5]>>[C&D3&v4&H0&+0&!R&z1:2](-[C&D2&v4&H2&+0&!R&z1:3]-[O&D1&v2&H1&+0&!R:4])-[C&D2&v4&H2&+0&!R&z1:1]-[O&D2&v2&H0&+0&!R:5]	Any
394_0	Any;Any	[C&D3&v4&H0&+0&!R&z3:1]-[O&D2&v2&H0&+0&!R:2].[N&D1&v3&H2&+0&!R:3]>>[N&D2&v3&H1&+0&!R:3]-[C&D3&v4&H0&+0&!R&z3:1].[O&D1&v2&H1&+0&!R:2]	Any;Any
394_1	Any;Any	[C&D3&v4&H0&+0&!R&z3:1]-[O&D2&v2&H0&+0&!R:2].[N&D1&v3&H2&+0&!R:3]>>[N&D2&v3&H1&+0&!R:3]-[C&D3&v4&H0&+0&!R&z3:1].[O&D1&v2&H1&+0&!R:2]	Any;Pi
814_0	Any	[C&D3&v4&H1&+0&!R&z0:1]-[C&D4&v4&H0&+0&!R&z1:2]-[O&D1&v2&H1&+0&!R:3]>>[C&D2&v4&H2&+0&!R&z0:1].[C&D3&v4&H0&+0&!R&z1:2]=[O&D1&v2&H0&+0&!R:3]	Any;Any
225_0	Any;Any	[N&D1&v3&H2&+0&!R:1].[O&D1&v2&H0&+0&!R:2]=[C&D2&v4&H1&+0&!R&z1:3]>>[N&D2&v3&H1&+0&!R:1]-[C&D3&v4&H1&+0&!R&z2:3]-[O&D1&v2&H1&+0&!R:2]	Any
1927_0	Any	[C&D3&v4&H0&+0&!R&z1:1](-[C&D2&v4&H2&+0&!R&z1:2]-[O&D1&v2&H1&+0&!R:3])-[C&D2&v4&H2&+0&!R&z1:4]-[O&D2&v2&H0&+0&!R:5]>>[C&D1&v4&H3&+0&!R&z0:4]-[C&D3&v4&H0&+0&!R&z1:1]-[C&D2&v4&H1&+0&!R&z1:2]=[O&D1&v2&H0&+0&!R:3].[O&D1&v2&H1&+0&!R:5]	Any;Pi
1792_0	Any;WATER;Any	[N&D3&v3&H0&+0&R:1]-[C&D2&v4&H2&+0&R&z2:2]-[N&D3&v3&H0&+0&R:3].[O&D0&v2&H2&+0&!R:4].[c&D2&v4&H1&+0&R&z0:5]>>([N&D2&v3&H1&+0&!R:3].[N&D2&v3&H1&+0&R:1]).[c&D3&v4&H0&+0&R&z0:5]-[C&D2&v4&H2&+0&!R&z1:2]-[O&D1&v2&H1&+0&!R:4]	Any;Any
2055_0	CO2;Any	[O&D1&v2&H0&+0&!R:1]=[C&D2&v4&H0&+0&!R&z2:2].[O&D1&v2&H0&+0&!R:3]=[C&D2&v4&H1&+0&!R&z1:4]>>[C&D3&v4&H0&+0&!R&z2:2](-[O&D1&v2&H1&+0&!R:1])-[C&D3&v4&H0&+0&!R&z1:4]=[O&D1&v2&H0&+0&!R:3]	Any
1176_0	Any;Any	[C&D1&v4&H3&+0&!R&z0:1]-[C&D2&v4&H1&+0&!R&z0:2].[S&D2&v2&H0&+0&!R:3]>>[C&D1&v4&H2&+0&!R&z0:2].[C&D1&v4&H3&+0&!R&z1:1]-[S&D3&v3&H0&+&!R:3]	Any;Any
1176_1	Any;METHYL_ACCEPTOR_CoF	[C&D1&v4&H3&+0&!R&z0:1]-[C&D2&v4&H1&+0&!R&z0:2].[S&D2&v2&H0&+0&!R:3]>>[C&D1&v4&H2&+0&!R&z0:2].[C&D1&v4&H3&+0&!R&z1:1]-[S&D3&v3&H0&+&!R:3]	Any;METHYL_DONOR_CoF
923_0	Any;Any	[C&D2&v4&H2&+0&!R&z1:1]-[O&D2&v2&H0&+0&!R:2].[C&D3&v4&H0&+0&!R&z0:3]=[C&D2&v4&H1&+0&!R&z0:4]>>[C&D3&v4&H1&+0&R&z0:1]1-[C&D3&v4&H1&+0&R&z0:4]-[C&D4&v4&H0&+0&R&z0:3]-1.[O&D1&v2&H1&+0&!R:2]	Any;PPI
923_1	PRENYL_DONOR_CoF;PRENYL_DONOR_CoF	[C&D2&v4&H2&+0&!R&z1:1]-[O&D2&v2&H0&+0&!R:2].[C&D3&v4&H0&+0&!R&z0:3]=[C&D2&v4&H1&+0&!R&z0:4]>>[C&D3&v4&H1&+0&R&z0:1]1-[C&D3&v4&H1&+0&R&z0:4]-[C&D4&v4&H0&+0&R&z0:3]-1.[O&D1&v2&H1&+0&!R:2]	Any;PRENYL_ACCEPTOR_CoF
1815_0	Any;WATER	[N&D3&v4&H0&+&R:1]=[C&D2&v4&H1&+0&R&z2:2].[O&D0&v2&H2&+0&!R:3]>>([C&D2&v4&H1&+0&!R&z2:2]=[O&D1&v2&H0&+0&!R:3].[N&D2&v3&H1&+0&R:1])	Any
238_0	Any;Any	[N&D1&v3&H2&+0&!R:1].[n&D3&v4&H0&+&R:2]-[C&D3&v4&H1&+0&R&z2:3]>>[N&D2&v3&H1&+0&!R:1]-[C&D3&v4&H1&+0&R&z2:3].[n&D2&v3&H0&+0&R:2]	Any;Any
852_0	Any	[C&D3&v4&H0&+0&!R&z2:1]-[C&D3&v4&H0&+0&!R&z2:2]-[O&D1&v2&H1&+0&!R:3]>>[C&D2&v4&H1&+0&!R&z2:1].[O&D1&v2&H0&+0&!R:3]=[C&D2&v4&H0&+0&!R&z2:2]	Any;CO2
1598_0	Any;O2;Any	[C&D3&v4&H0&+0&R&z0:1]1=[C&D2&v4&H1&+0&R&z1:2]-[N&D3&v3&H0&+0&R:3]-[C&D2&v4&H1&+0&R&z1:4]=[C&D2&v4&H1&+0&R&z0:5]-[C&D2&v4&H2&+0&R&z0:6]-1.[O&D1&v2&H0&+0&!R:7]=[O&D1&v2&H0&+0&!R:8].[c&D3&v4&H0&+0&R&z0:9]1:[c&D3&v4&H0&+0&R&z1:10](:[c&D2&v4&H1&+0&R&z0:11]):[n&D2&v3&H1&+0&R:12]:[c&D3&v4&H0&+0&R&z1:13]:[c&D3&v4&H0&+0&R&z0:14]:1>>[N&D1&v3&H2&+0&!R:12]-[c&D3&v4&H0&+0&R&z1:13]:[c&D3&v4&H0&+0&R&z0:14]-[c&D3&v4&H0&+0&R&z0:9]:[c&D3&v4&H0&+0&R&z1:10](:[c&D3&v4&H0&+0&R&z1:11]-[O&D1&v2&H1&+0&!R:8])-[O&D1&v2&H1&+0&!R:7].[c&D3&v4&H0&+0&R&z0:1]1:[c&D2&v4&H1&+0&R&z0:6]:[c&D2&v4&H1&+0&R&z0:5]:[c&D2&v4&H1&+0&R&z1:4]:[n&D3&v4&H0&+&R:3]:[c&D2&v4&H1&+0&R&z1:2]:1	Any;Any
1598_1	NADH_CoF;O2;Any	[C&D3&v4&H0&+0&R&z0:1]1=[C&D2&v4&H1&+0&R&z1:2]-[N&D3&v3&H0&+0&R:3]-[C&D2&v4&H1&+0&R&z1:4]=[C&D2&v4&H1&+0&R&z0:5]-[C&D2&v4&H2&+0&R&z0:6]-1.[O&D1&v2&H0&+0&!R:7]=[O&D1&v2&H0&+0&!R:8].[c&D3&v4&H0&+0&R&z0:9]1:[c&D3&v4&H0&+0&R&z1:10](:[c&D2&v4&H1&+0&R&z0:11]):[n&D2&v3&H1&+0&R:12]:[c&D3&v4&H0&+0&R&z1:13]:[c&D3&v4&H0&+0&R&z0:14]:1>>[N&D1&v3&H2&+0&!R:12]-[c&D3&v4&H0&+0&R&z1:13]:[c&D3&v4&H0&+0&R&z0:14]-[c&D3&v4&H0&+0&R&z0:9]:[c&D3&v4&H0&+0&R&z1:10](:[c&D3&v4&H0&+0&R&z1:11]-[O&D1&v2&H1&+0&!R:8])-[O&D1&v2&H1&+0&!R:7].[c&D3&v4&H0&+0&R&z0:1]1:[c&D2&v4&H1&+0&R&z0:6]:[c&D2&v4&H1&+0&R&z0:5]:[c&D2&v4&H1&+0&R&z1:4]:[n&D3&v4&H0&+&R:3]:[c&D2&v4&H1&+0&R&z1:2]:1	Any;NAD_CoF
450_0	Any;Any;O2	[C&D3&v4&H0&+0&R&z0:1]1=[C&D2&v4&H1&+0&R&z1:2]-[N&D3&v3&H0&+0&R:3]-[C&D2&v4&H1&+0&R&z1:4]=[C&D2&v4&H1&+0&R&z0:5]-[C&D2&v4&H2&+0&R&z0:6]-1.[C&D4&v4&H0&+0&R&z1:7]-[C&D3&v4&H0&+0&R&z1:8].[O&D1&v2&H0&+0&!R:9]=[O&D1&v2&H0&+0&!R:10]>>[C&D4&v4&H0&+0&R&z2:7]-[O&D2&v2&H0&+0&R:10]-[C&D3&v4&H0&+0&R&z2:8].[O&D0&v2&H2&+0&!R:9].[c&D3&v4&H0&+0&R&z0:1]1:[c&D2&v4&H1&+0&R&z0:6]:[c&D2&v4&H1&+0&R&z0:5]:[c&D2&v4&H1&+0&R&z1:4]:[n&D3&v4&H0&+&R:3]:[c&D2&v4&H1&+0&R&z1:2]:1	Any;WATER;Any
450_1	NADH_CoF;Any;O2	[C&D3&v4&H0&+0&R&z0:1]1=[C&D2&v4&H1&+0&R&z1:2]-[N&D3&v3&H0&+0&R:3]-[C&D2&v4&H1&+0&R&z1:4]=[C&D2&v4&H1&+0&R&z0:5]-[C&D2&v4&H2&+0&R&z0:6]-1.[C&D4&v4&H0&+0&R&z1:7]-[C&D3&v4&H0&+0&R&z1:8].[O&D1&v2&H0&+0&!R:9]=[O&D1&v2&H0&+0&!R:10]>>[C&D4&v4&H0&+0&R&z2:7]-[O&D2&v2&H0&+0&R:10]-[C&D3&v4&H0&+0&R&z2:8].[O&D0&v2&H2&+0&!R:9].[c&D3&v4&H0&+0&R&z0:1]1:[c&D2&v4&H1&+0&R&z0:6]:[c&D2&v4&H1&+0&R&z0:5]:[c&D2&v4&H1&+0&R&z1:4]:[n&D3&v4&H0&+&R:3]:[c&D2&v4&H1&+0&R&z1:2]:1	Any;WATER;NAD_CoF
1076_0	Any;Any	[C&D3&v4&H1&+0&R&z1:1]-[N&D2&v3&H1&+0&R:2].[c&D3&v4&H0&+0&R&z0:3]1:[c&D2&v4&H1&+0&R&z0:4]:[c&D2&v4&H1&+0&R&z0:5]:[c&D2&v4&H1&+0&R&z1:6]:[n&D3&v4&H0&+&R:7]:[c&D2&v4&H1&+0&R&z1:8]:1>>[C&D3&v4&H0&+0&R&z0:3]1=[C&D2&v4&H1&+0&R&z1:8]-[N&D3&v3&H0&+0&R:7]-[C&D2&v4&H1&+0&R&z1:6]=[C&D2&v4&H1&+0&R&z0:5]-[C&D2&v4&H2&+0&R&z0:4]-1.[C&D3&v4&H0&+0&R&z1:1]=[N&D2&v3&H0&+0&R:2]	Any;Any
1076_1	Any;NAD_CoF	[C&D3&v4&H1&+0&R&z1:1]-[N&D2&v3&H1&+0&R:2].[c&D3&v4&H0&+0&R&z0:3]1:[c&D2&v4&H1&+0&R&z0:4]:[c&D2&v4&H1&+0&R&z0:5]:[c&D2&v4&H1&+0&R&z1:6]:[n&D3&v4&H0&+&R:7]:[c&D2&v4&H1&+0&R&z1:8]:1>>[C&D3&v4&H0&+0&R&z0:3]1=[C&D2&v4&H1&+0&R&z1:8]-[N&D3&v3&H0&+0&R:7]-[C&D2&v4&H1&+0&R&z1:6]=[C&D2&v4&H1&+0&R&z0:5]-[C&D2&v4&H2&+0&R&z0:4]-1.[C&D3&v4&H0&+0&R&z1:1]=[N&D2&v3&H0&+0&R:2]	NADH_CoF;Any
1979_0	Any	[C&D3&v4&H0&+0&!R&z2:1](-[O&D1&v2&H1&+0&!R:2])-[C&D2&v4&H1&+0&!R&z0:3]=[C&D3&v4&H0&+0&!R&z0:4]>>[C&D1&v4&H2&+0&!R&z0:3]=[C&D3&v4&H0&+0&!R&z0:4].[O&D1&v2&H0&+0&!R:2]=[C&D2&v4&H0&+0&!R&z2:1]	Any;CO2
1928_0	Any;O2	[C&D3&v4&H0&+0&!R&z1:1]-[C&D3&v4&H1&+0&!R&z1:2].[O&D1&v2&H0&+0&!R:3]=[O&D1&v2&H0&+0&!R:4]>>[C&D3&v4&H0&+0&!R&z2:1]-[O&D1&v2&H1&+0&!R:3].[O&D1&v2&H0&+0&!R:4]=[C&D3&v4&H0&+0&!R&z2:2]	Any;Any
801_0	Any;ACETYL-COA	[C&D2&v4&H1&+0&!R&z2:1].[C&D3&v4&H0&+0&!R&z2:2](=[O&D1&v2&H0&+0&!R:3])-[S&D2&v2&H0&+0&!R:4]>>[C&D3&v4&H0&+0&!R&z1:2](=[O&D1&v2&H0&+0&!R:3])-[C&D3&v4&H0&+0&!R&z2:1].[S&D1&v2&H1&+0&!R:4]	Any;CoA
801_1	Any;Any	[C&D2&v4&H1&+0&!R&z2:1].[C&D3&v4&H0&+0&!R&z2:2](=[O&D1&v2&H0&+0&!R:3])-[S&D2&v2&H0&+0&!R:4]>>[C&D3&v4&H0&+0&!R&z1:2](=[O&D1&v2&H0&+0&!R:3])-[C&D3&v4&H0&+0&!R&z2:1].[S&D1&v2&H1&+0&!R:4]	Any;CoA
1106_0	Any	([C&D2&v4&H2&+0&!R&z1:1]-[S&D2&v2&H0&+0&!R:2].[O&D1&v2&H1&+0&!R:3])>>[C&D2&v4&H2&+0&R&z1:1]-[O&D2&v2&H0&+0&R:3].[S&D1&v2&H1&+0&!R:2]	Any;Any
640_0	Any;Any	[C&D1&v4&H3&+0&!R&z0:1].[C&D3&v4&H1&+0&!R&z0:2]-[C&D3&v4&H0&+0&!R&z2:3]>>[C&D2&v4&H2&+0&!R&z0:2].[C&D3&v4&H0&+0&!R&z2:3]-[C&D2&v4&H2&+0&!R&z0:1]	Any;Any
1717_0	Any;Any	[O&D1&v2&H0&+0&!R:1]=[C&D2&v4&H1&+0&!R&z2:2]-[O&D1&v2&H1&+0&!R:3].[S&D1&v2&H1&+0&!R:4]>>[O&D0&v2&H2&+0&!R:3].[S&D2&v2&H0&+0&!R:4]-[C&D2&v4&H1&+0&!R&z2:2]=[O&D1&v2&H0&+0&!R:1]	WATER;Any
1717_1	Any;CoA	[O&D1&v2&H0&+0&!R:1]=[C&D2&v4&H1&+0&!R&z2:2]-[O&D1&v2&H1&+0&!R:3].[S&D1&v2&H1&+0&!R:4]>>[O&D0&v2&H2&+0&!R:3].[S&D2&v2&H0&+0&!R:4]-[C&D2&v4&H1&+0&!R&z2:2]=[O&D1&v2&H0&+0&!R:1]	WATER;Any
1601_0	Any;Any	[C&D3&v4&H0&+0&R&z0:1]1=[C&D2&v4&H1&+0&R&z1:2]-[N&D3&v3&H0&+0&R:3]-[C&D2&v4&H1&+0&R&z1:4]=[C&D2&v4&H1&+0&R&z0:5]-[C&D2&v4&H2&+0&R&z0:6]-1.[c&D3&v4&H0&+0&R&z2:7]1:[c&D2&v4&H1&+0&R&z0:8]:[c&D2&v4&H1&+0&R&z1:9]:[n&D2&v3&H1&+0&R:10]:[c&D3&v4&H0&+0&R&z3:11]:[n&D2&v3&H1&+0&R:12]:1>>[C&D3&v4&H0&+0&R&z2:7]1-[C&D2&v4&H2&+0&R&z0:8]-[C&D2&v4&H2&+0&R&z1:9]-[N&D2&v3&H1&+0&R:10]-[C&D3&v4&H0&+0&R&z3:11]-[N&D2&v3&H1&+0&R:12]-1.[c&D3&v4&H0&+0&R&z0:1]1:[c&D2&v4&H1&+0&R&z0:6]:[c&D2&v4&H1&+0&R&z0:5]:[c&D2&v4&H1&+0&R&z1:4]:[n&D3&v4&H0&+&R:3]:[c&D2&v4&H1&+0&R&z1:2]:1	Any;Any
1601_1	NADH_CoF;Any	[C&D3&v4&H0&+0&R&z0:1]1=[C&D2&v4&H1&+0&R&z1:2]-[N&D3&v3&H0&+0&R:3]-[C&D2&v4&H1&+0&R&z1:4]=[C&D2&v4&H1&+0&R&z0:5]-[C&D2&v4&H2&+0&R&z0:6]-1.[c&D3&v4&H0&+0&R&z2:7]1:[c&D2&v4&H1&+0&R&z0:8]:[c&D2&v4&H1&+0&R&z1:9]:[n&D2&v3&H1&+0&R:10]:[c&D3&v4&H0&+0&R&z3:11]:[n&D2&v3&H1&+0&R:12]:1>>[C&D3&v4&H0&+0&R&z2:7]1-[C&D2&v4&H2&+0&R&z0:8]-[C&D2&v4&H2&+0&R&z1:9]-[N&D2&v3&H1&+0&R:10]-[C&D3&v4&H0&+0&R&z3:11]-[N&D2&v3&H1&+0&R:12]-1.[c&D3&v4&H0&+0&R&z0:1]1:[c&D2&v4&H1&+0&R&z0:6]:[c&D2&v4&H1&+0&R&z0:5]:[c&D2&v4&H1&+0&R&z1:4]:[n&D3&v4&H0&+&R:3]:[c&D2&v4&H1&+0&R&z1:2]:1	Any;NAD_CoF
62_0	Any;Any	[C&D4&v4&H0&+0&R&z2:1]-[O&D1&v2&H1&+0&!R:2].[O&D2&v2&H0&+0&!R:3]-[P&D4&v5&H0&+0&!R:4]>>[C&D4&v4&H0&+0&R&z2:1]-[O&D2&v2&H0&+0&!R:3].[P&D4&v5&H0&+0&!R:4]-[O&D1&v2&H1&+0&!R:2]	Any;Any
62_1	Any;Any	[C&D4&v4&H0&+0&R&z2:1]-[O&D1&v2&H1&+0&!R:2].[O&D2&v2&H0&+0&!R:3]-[P&D4&v5&H0&+0&!R:4]>>[C&D4&v4&H0&+0&R&z2:1]-[O&D2&v2&H0&+0&!R:3].[P&D4&v5&H0&+0&!R:4]-[O&D1&v2&H1&+0&!R:2]	Any;PPI
62_2	Any;PHOSPHATE_DONOR_CoF	[C&D4&v4&H0&+0&R&z2:1]-[O&D1&v2&H1&+0&!R:2].[O&D2&v2&H0&+0&!R:3]-[P&D4&v5&H0&+0&!R:4]>>[C&D4&v4&H0&+0&R&z2:1]-[O&D2&v2&H0&+0&!R:3].[P&D4&v5&H0&+0&!R:4]-[O&D1&v2&H1&+0&!R:2]	Any;PHOSPHATE_ACCEPTOR_CoF
1475_0	Any;O2;Any	[C&D3&v4&H0&+0&R&z0:1]1=[C&D2&v4&H1&+0&R&z1:2]-[N&D3&v3&H0&+0&R:3]-[C&D2&v4&H1&+0&R&z1:4]=[C&D2&v4&H1&+0&R&z0:5]-[C&D2&v4&H2&+0&R&z0:6]-1.[O&D1&v2&H0&+0&!R:7]=[O&D1&v2&H0&+0&!R:8].[c&D3&v4&H0&+0&R&z1:9]1:[n&D2&v3&H0&+0&R:10]:[c&D2&v4&H1&+0&R&z1:11]:[c&D3&v4&H0&+0&R&z0:12]:[c&D2&v4&H1&+0&R&z0:13]:[c&D3&v4&H0&+0&R&z1:14]:1>>[C&D3&v4&H0&+0&!R&z2:9](=[O&D1&v2&H0&+0&!R:7])-[N&D2&v3&H1&+0&!R:10]-[C&D2&v4&H1&+0&!R&z1:11]=[C&D3&v4&H0&+0&!R&z0:12]-[C&D2&v4&H2&+0&!R&z0:13]-[C&D3&v4&H0&+0&!R&z2:14]=[O&D1&v2&H0&+0&!R:8].[c&D3&v4&H0&+0&R&z0:1]1:[c&D2&v4&H1&+0&R&z0:6]:[c&D2&v4&H1&+0&R&z0:5]:[c&D2&v4&H1&+0&R&z1:4]:[n&D3&v4&H0&+&R:3]:[c&D2&v4&H1&+0&R&z1:2]:1	Any;Any
1475_1	NADH_CoF;O2;Any	[C&D3&v4&H0&+0&R&z0:1]1=[C&D2&v4&H1&+0&R&z1:2]-[N&D3&v3&H0&+0&R:3]-[C&D2&v4&H1&+0&R&z1:4]=[C&D2&v4&H1&+0&R&z0:5]-[C&D2&v4&H2&+0&R&z0:6]-1.[O&D1&v2&H0&+0&!R:7]=[O&D1&v2&H0&+0&!R:8].[c&D3&v4&H0&+0&R&z1:9]1:[n&D2&v3&H0&+0&R:10]:[c&D2&v4&H1&+0&R&z1:11]:[c&D3&v4&H0&+0&R&z0:12]:[c&D2&v4&H1&+0&R&z0:13]:[c&D3&v4&H0&+0&R&z1:14]:1>>[C&D3&v4&H0&+0&!R&z2:9](=[O&D1&v2&H0&+0&!R:7])-[N&D2&v3&H1&+0&!R:10]-[C&D2&v4&H1&+0&!R&z1:11]=[C&D3&v4&H0&+0&!R&z0:12]-[C&D2&v4&H2&+0&!R&z0:13]-[C&D3&v4&H0&+0&!R&z2:14]=[O&D1&v2&H0&+0&!R:8].[c&D3&v4&H0&+0&R&z0:1]1:[c&D2&v4&H1&+0&R&z0:6]:[c&D2&v4&H1&+0&R&z0:5]:[c&D2&v4&H1&+0&R&z1:4]:[n&D3&v4&H0&+&R:3]:[c&D2&v4&H1&+0&R&z1:2]:1	Any;NAD_CoF
1624_0	WATER;WATER;Any	[O&D0&v2&H2&+0&!R:1].[O&D0&v2&H2&+0&!R:2].[S&D2&v2&H0&+0&!R:3]-[S&D2&v2&H0&+0&!R:4]>>[O&D1&v2&H1&+0&!R:1]-[O&D1&v2&H1&+0&!R:2].[S&D1&v2&H1&+0&!R:3].[S&D1&v2&H1&+0&!R:4]	H2O2;Any;Any
1212_0	Any	([C&D3&v4&H1&+0&!R&z1:1](-[O&D1&v2&H1&+0&!R:2])-[C&D2&v4&H1&+0&!R&z0:3]=[C&D2&v4&H1&+0&!R&z0:4]-[C&D2&v4&H1&+0&!R&z0:5]=[C&D2&v4&H1&+0&!R&z0:6]-[C&D2&v4&H1&+0&!R&z0:7]=[C&D2&v4&H1&+0&!R&z0:8].[O&D1&v2&H1&+0&!R:9])>>[C&D2&v4&H1&+0&!R&z0:1]=[C&D2&v4&H1&+0&!R&z0:3]-[C&D2&v4&H1&+0&!R&z0:4]=[C&D2&v4&H1&+0&!R&z0:5]-[C&D2&v4&H1&+0&!R&z0:6]=[C&D2&v4&H1&+0&!R&z0:7]-[C&D3&v4&H1&+0&R&z1:8]-[O&D2&v2&H0&+0&R:9].[O&D0&v2&H2&+0&!R:2]	Any;WATER
1488_0	Any;WATER	[N&D1&v3&H0&+0&!R:1]#[C&D2&v4&H0&+0&!R&z1:2].[O&D0&v2&H2&+0&!R:3]>>[N&D1&v3&H2&+0&!R:1]-[C&D3&v4&H0&+0&!R&z2:2]=[O&D1&v2&H0&+0&!R:3]	Any
562_0	Any;O2	[C&D2&v4&H2&+0&R&z0:1].[O&D1&v2&H0&+0&!R:2]=[O&D1&v2&H0&+0&!R:3]>>[C&D3&v4&H0&+0&R&z1:1]=[O&D1&v2&H0&+0&!R:2].[O&D0&v2&H2&+0&!R:3]	Any;WATER
1923_0	Any;Any	([O&D1&v2&H0&+0&!R:1]=[C&D2&v4&H1&+0&!R&z1:2].[O&D1&v2&H1&+0&!R:3]).[O&D1&v2&H0&+0&!R:4]=[C&D3&v4&H0&+0&!R&z1:5]-[C&D2&v4&H2&+0&!R&z1:6]>>[O&D2&v2&H0&+0&R:3]-[C&D4&v4&H0&+0&R&z2:5](-[O&D1&v2&H1&+0&!R:4])-[C&D3&v4&H1&+0&R&z1:6]-[C&D3&v4&H1&+0&R&z1:2]-[O&D1&v2&H1&+0&!R:1]	Any
630_0	Any;Any	[c&D3&v4&H0&+0&R&z0:1]1:[c&D2&v4&H1&+0&R&z0:2]:[c&D2&v4&H1&+0&R&z0:3]:[c&D2&v4&H1&+0&R&z1:4]:[n&D3&v4&H0&+&R:5]:[c&D2&v4&H1&+0&R&z1:6]:1.[c&D3&v4&H0&+0&R&z0:7]1:[c&D2&v4&H1&+0&R&z0:8]:[c&D3&v4&H0&+0&R&z1:9](-[O&D1&v2&H1&+0&!R:10]):[c&D3&v4&H0&+0&R&z0:11]:[c&D3&v4&H0&+0&R&z0:12]:[c&D3&v4&H0&+0&R&z1:13]:1-[O&D1&v2&H1&+0&!R:14]>>[C&D3&v4&H0&+0&R&z0:7]1=[C&D2&v4&H1&+0&R&z0:8]-[C&D3&v4&H0&+0&R&z1:9](=[O&D1&v2&H0&+0&!R:10])-[c&D3&v4&H0&+0&R&z0:11]:[c&D3&v4&H0&+0&R&z0:12]-[C&D3&v4&H0&+0&R&z1:13]-1=[O&D1&v2&H0&+0&!R:14].[C&D3&v4&H0&+0&R&z0:1]1=[C&D2&v4&H1&+0&R&z1:6]-[N&D3&v3&H0&+0&R:5]-[C&D2&v4&H1&+0&R&z1:4]=[C&D2&v4&H1&+0&R&z0:3]-[C&D2&v4&H2&+0&R&z0:2]-1	Any;Any
630_1	NAD_CoF;Any	[c&D3&v4&H0&+0&R&z0:1]1:[c&D2&v4&H1&+0&R&z0:2]:[c&D2&v4&H1&+0&R&z0:3]:[c&D2&v4&H1&+0&R&z1:4]:[n&D3&v4&H0&+&R:5]:[c&D2&v4&H1&+0&R&z1:6]:1.[c&D3&v4&H0&+0&R&z0:7]1:[c&D2&v4&H1&+0&R&z0:8]:[c&D3&v4&H0&+0&R&z1:9](-[O&D1&v2&H1&+0&!R:10]):[c&D3&v4&H0&+0&R&z0:11]:[c&D3&v4&H0&+0&R&z0:12]:[c&D3&v4&H0&+0&R&z1:13]:1-[O&D1&v2&H1&+0&!R:14]>>[C&D3&v4&H0&+0&R&z0:7]1=[C&D2&v4&H1&+0&R&z0:8]-[C&D3&v4&H0&+0&R&z1:9](=[O&D1&v2&H0&+0&!R:10])-[c&D3&v4&H0&+0&R&z0:11]:[c&D3&v4&H0&+0&R&z0:12]-[C&D3&v4&H0&+0&R&z1:13]-1=[O&D1&v2&H0&+0&!R:14].[C&D3&v4&H0&+0&R&z0:1]1=[C&D2&v4&H1&+0&R&z1:6]-[N&D3&v3&H0&+0&R:5]-[C&D2&v4&H1&+0&R&z1:4]=[C&D2&v4&H1&+0&R&z0:3]-[C&D2&v4&H2&+0&R&z0:2]-1	Any;NADH_CoF
630_2	NAD_CoF;Ubiquinols_CoF	[c&D3&v4&H0&+0&R&z0:1]1:[c&D2&v4&H1&+0&R&z0:2]:[c&D2&v4&H1&+0&R&z0:3]:[c&D2&v4&H1&+0&R&z1:4]:[n&D3&v4&H0&+&R:5]:[c&D2&v4&H1&+0&R&z1:6]:1.[c&D3&v4&H0&+0&R&z0:7]1:[c&D2&v4&H1&+0&R&z0:8]:[c&D3&v4&H0&+0&R&z1:9](-[O&D1&v2&H1&+0&!R:10]):[c&D3&v4&H0&+0&R&z0:11]:[c&D3&v4&H0&+0&R&z0:12]:[c&D3&v4&H0&+0&R&z1:13]:1-[O&D1&v2&H1&+0&!R:14]>>[C&D3&v4&H0&+0&R&z0:7]1=[C&D2&v4&H1&+0&R&z0:8]-[C&D3&v4&H0&+0&R&z1:9](=[O&D1&v2&H0&+0&!R:10])-[c&D3&v4&H0&+0&R&z0:11]:[c&D3&v4&H0&+0&R&z0:12]-[C&D3&v4&H0&+0&R&z1:13]-1=[O&D1&v2&H0&+0&!R:14].[C&D3&v4&H0&+0&R&z0:1]1=[C&D2&v4&H1&+0&R&z1:6]-[N&D3&v3&H0&+0&R:5]-[C&D2&v4&H1&+0&R&z1:4]=[C&D2&v4&H1&+0&R&z0:3]-[C&D2&v4&H2&+0&R&z0:2]-1	Ubiquinones_CoF;NADH_CoF
246_0	Any;NH3	[C&D3&v4&H0&+0&!R&z2:1]-[N&D2&v3&H1&+0&!R:2].[N&D0&v3&H3&+0&!R:3]>>[C&D3&v4&H0&+0&!R&z2:1]-[N&D1&v3&H2&+0&!R:3].[N&D1&v3&H2&+0&!R:2]	Any;Any
1020_0	Any;O2	[C&D3&v4&H1&+0&!R&z1:1]-[O&D1&v2&H1&+0&!R:2].[O&D1&v2&H0&+0&!R:3]=[O&D1&v2&H0&+0&!R:4]>>[C&D3&v4&H0&+0&!R&z1:1]=[O&D1&v2&H0&+0&!R:2].[O&D1&v2&H1&+0&!R:3]-[O&D1&v2&H1&+0&!R:4]	Any;H2O2
622_0	Any	[C&D1&v4&H3&+0&!R&z0:1]-[C&D3&v4&H0&+0&!R&z0:2]=[C&D2&v4&H1&+0&!R&z0:3]-[C&D2&v4&H2&+0&!R&z1:4]-[O&D2&v2&H0&+0&!R:5]>>[C&D1&v4&H2&+0&!R&z0:4]=[C&D2&v4&H1&+0&!R&z0:3]-[C&D3&v4&H0&+0&!R&z0:2]=[C&D1&v4&H2&+0&!R&z0:1].[O&D1&v2&H1&+0&!R:5]	Any;PPI
622_1	PRENYL_DONOR_CoF	[C&D1&v4&H3&+0&!R&z0:1]-[C&D3&v4&H0&+0&!R&z0:2]=[C&D2&v4&H1&+0&!R&z0:3]-[C&D2&v4&H2&+0&!R&z1:4]-[O&D2&v2&H0&+0&!R:5]>>[C&D1&v4&H2&+0&!R&z0:4]=[C&D2&v4&H1&+0&!R&z0:3]-[C&D3&v4&H0&+0&!R&z0:2]=[C&D1&v4&H2&+0&!R&z0:1].[O&D1&v2&H1&+0&!R:5]	Any;PRENYL_ACCEPTOR_CoF
690_0	Any	[C&D3&v4&H0&+0&!R&z1:1]-[C&D3&v4&H1&+0&!R&z1:2]-[O&D1&v2&H1&+0&!R:3]>>[C&D2&v4&H1&+0&!R&z1:1].[C&D2&v4&H1&+0&!R&z1:2]=[O&D1&v2&H0&+0&!R:3]	Any;Any
166_0	Any;Any	[O&D1&v2&H1&+0&!R:1].[P&D4&v5&H0&+0&R:2]-[O&D2&v2&H0&+0&R:3]>>([O&D1&v2&H1&+0&!R:3].[O&D2&v2&H0&+0&!R:1]-[P&D4&v5&H0&+0&!R:2])	Any
166_1	PPI;Any	[O&D1&v2&H1&+0&!R:1].[P&D4&v5&H0&+0&R:2]-[O&D2&v2&H0&+0&R:3]>>([O&D1&v2&H1&+0&!R:3].[O&D2&v2&H0&+0&!R:1]-[P&D4&v5&H0&+0&!R:2])	Any
1579_0	Any;O2;Any	[C&D3&v4&H0&+0&R&z0:1]1=[C&D2&v4&H1&+0&R&z1:2]-[N&D3&v3&H0&+0&R:3]-[C&D2&v4&H1&+0&R&z1:4]=[C&D2&v4&H1&+0&R&z0:5]-[C&D2&v4&H2&+0&R&z0:6]-1.[O&D1&v2&H0&+0&!R:7]=[O&D1&v2&H0&+0&!R:8].[c&D2&v4&H1&+0&R&z1:9]>>[O&D0&v2&H2&+0&!R:8].[c&D3&v4&H0&+0&R&z0:1]1:[c&D2&v4&H1&+0&R&z0:6]:[c&D2&v4&H1&+0&R&z0:5]:[c&D2&v4&H1&+0&R&z1:4]:[n&D3&v4&H0&+&R:3]:[c&D2&v4&H1&+0&R&z1:2]:1.[c&D3&v4&H0&+0&R&z2:9]-[O&D1&v2&H1&+0&!R:7]	WATER;Any;Any
1579_1	NADH_CoF;O2;Any	[C&D3&v4&H0&+0&R&z0:1]1=[C&D2&v4&H1&+0&R&z1:2]-[N&D3&v3&H0&+0&R:3]-[C&D2&v4&H1&+0&R&z1:4]=[C&D2&v4&H1&+0&R&z0:5]-[C&D2&v4&H2&+0&R&z0:6]-1.[O&D1&v2&H0&+0&!R:7]=[O&D1&v2&H0&+0&!R:8].[c&D2&v4&H1&+0&R&z1:9]>>[O&D0&v2&H2&+0&!R:8].[c&D3&v4&H0&+0&R&z0:1]1:[c&D2&v4&H1&+0&R&z0:6]:[c&D2&v4&H1&+0&R&z0:5]:[c&D2&v4&H1&+0&R&z1:4]:[n&D3&v4&H0&+&R:3]:[c&D2&v4&H1&+0&R&z1:2]:1.[c&D3&v4&H0&+0&R&z2:9]-[O&D1&v2&H1&+0&!R:7]	WATER;NAD_CoF;Any
1312_0	Any;WATER	[N&D3&v3&H0&+0&!R:1]-[C&D3&v4&H0&+0&!R&z3:2]=[N&D1&v3&H1&+0&!R:3].[O&D0&v2&H2&+0&!R:4]>>[N&D1&v3&H2&+0&!R:3]-[C&D3&v4&H0&+0&!R&z3:2]=[O&D1&v2&H0&+0&!R:4].[N&D2&v3&H1&+0&!R:1]	Any;Any
18_0	Any;Any	[C&D1&v4&H3&+0&!R&z1:1]-[S&D3&v3&H0&+&!R:2].[N&D2&v3&H1&+0&R:3]>>[N&D3&v3&H0&+0&R:3]-[C&D1&v4&H3&+0&!R&z1:1].[S&D2&v2&H0&+0&!R:2]	Any;Any
18_1	METHYL_DONOR_CoF;Any	[C&D1&v4&H3&+0&!R&z1:1]-[S&D3&v3&H0&+&!R:2].[N&D2&v3&H1&+0&R:3]>>[N&D3&v3&H0&+0&R:3]-[C&D1&v4&H3&+0&!R&z1:1].[S&D2&v2&H0&+0&!R:2]	Any;METHYL_ACCEPTOR_CoF
1784_0	O2;Any	[O&D1&v2&H0&+0&!R:1]=[O&D1&v2&H0&+0&!R:2].[c&D3&v4&H0&+0&R&z1:3]1:[c&D3&v4&H0&+0&R&z1:4]:[c&D2&v4&H1&+0&R&z0:5]:[c&D2&v4&H1&+0&R&z0:6]:[c&D2&v4&H1&+0&R&z0:7]:[c&D3&v4&H0&+0&R&z0:8]:1>>[C&D3&v4&H0&+0&!R&z1:3](-[C&D3&v4&H0&+0&!R&z2:4]=[O&D1&v2&H0&+0&!R:1])=[C&D3&v4&H0&+0&!R&z0:8]-[C&D2&v4&H1&+0&!R&z0:7]=[C&D2&v4&H1&+0&!R&z0:6]-[C&D2&v4&H1&+0&!R&z1:5]=[O&D1&v2&H0&+0&!R:2]	Any
891_0	Any;PPI	[C&D4&v4&H0&+0&!R&z1:1](-[O&D1&v2&H1&+0&!R:2])-[C&D3&v4&H1&+0&R&z0:3]-[C&D2&v4&H2&+0&R&z0:4].[O&D1&v2&H1&+0&!R:5]>>([C&D2&v4&H2&+0&!R&z1:4]-[O&D2&v2&H0&+0&!R:5].[C&D3&v4&H0&+0&!R&z0:1]=[C&D2&v4&H1&+0&!R&z0:3]).[O&D0&v2&H2&+0&!R:2]	Any;WATER
1658_0	Any;WATER;Any	[C&D3&v4&H1&+0&R&z1:1]1-[O&D2&v2&H0&+0&R:2]-[C&D3&v4&H1&+0&R&z1:3]-1.[O&D0&v2&H2&+0&!R:4].[c&D3&v4&H0&+0&R&z0:5]1:[c&D2&v4&H1&+0&R&z0:6]:[c&D2&v4&H1&+0&R&z0:7]:[c&D2&v4&H1&+0&R&z1:8]:[n&D3&v4&H0&+&R:9]:[c&D2&v4&H1&+0&R&z1:10]:1>>[C&D2&v4&H1&+0&R&z0:1]=[C&D2&v4&H1&+0&R&z0:3].[C&D3&v4&H0&+0&R&z0:5]1=[C&D2&v4&H1&+0&R&z1:10]-[N&D3&v3&H0&+0&R:9]-[C&D2&v4&H1&+0&R&z1:8]=[C&D2&v4&H1&+0&R&z0:7]-[C&D2&v4&H2&+0&R&z0:6]-1.[O&D1&v2&H0&+0&!R:4]=[O&D1&v2&H0&+0&!R:2]	Any;Any;O2
1658_1	Any;WATER;NAD_CoF	[C&D3&v4&H1&+0&R&z1:1]1-[O&D2&v2&H0&+0&R:2]-[C&D3&v4&H1&+0&R&z1:3]-1.[O&D0&v2&H2&+0&!R:4].[c&D3&v4&H0&+0&R&z0:5]1:[c&D2&v4&H1&+0&R&z0:6]:[c&D2&v4&H1&+0&R&z0:7]:[c&D2&v4&H1&+0&R&z1:8]:[n&D3&v4&H0&+&R:9]:[c&D2&v4&H1&+0&R&z1:10]:1>>[C&D2&v4&H1&+0&R&z0:1]=[C&D2&v4&H1&+0&R&z0:3].[C&D3&v4&H0&+0&R&z0:5]1=[C&D2&v4&H1&+0&R&z1:10]-[N&D3&v3&H0&+0&R:9]-[C&D2&v4&H1&+0&R&z1:8]=[C&D2&v4&H1&+0&R&z0:7]-[C&D2&v4&H2&+0&R&z0:6]-1.[O&D1&v2&H0&+0&!R:4]=[O&D1&v2&H0&+0&!R:2]	Any;NADH_CoF;O2
881_0	Any	[C&D1&v4&H3&+0&!R&z0:1]-[C&D4&v4&H0&+0&!R&z1:2]-[C&D3&v4&H0&+0&!R&z2:3]=[O&D1&v2&H0&+0&!R:4]>>[C&D3&v4&H1&+0&!R&z1:2]-[C&D2&v4&H2&+0&!R&z0:1]-[C&D3&v4&H0&+0&!R&z2:3]=[O&D1&v2&H0&+0&!R:4]	Any
1082_0	Any	[C&D1&v4&H3&+0&!R&z0:1]-[C&D4&v4&H0&+0&!R&z1:2]-[O&D1&v2&H1&+0&!R:3]>>[C&D1&v4&H2&+0&!R&z0:1]=[C&D3&v4&H0&+0&!R&z0:2].[O&D0&v2&H2&+0&!R:3]	Any;WATER
1111_0	Any;Any;Pi	[C&D4&v4&H0&+0&!R&z1:1]-[O&D1&v2&H1&+0&!R:2].[O&D1&v2&H1&+0&!R:3].[P&D4&v5&H0&+0&!R:4]-[O&D1&v2&H1&+0&!R:5]>>[C&D4&v4&H0&+0&!R&z1:1]-[O&D1&v2&H1&+0&!R:5].[O&D0&v2&H2&+0&!R:2].[O&D2&v2&H0&+0&!R:3]-[P&D4&v5&H0&+0&!R:4]	Any;WATER;Any
1111_1	Any;PHOSPHATE_ACCEPTOR_CoF;Pi	[C&D4&v4&H0&+0&!R&z1:1]-[O&D1&v2&H1&+0&!R:2].[O&D1&v2&H1&+0&!R:3].[P&D4&v5&H0&+0&!R:4]-[O&D1&v2&H1&+0&!R:5]>>[C&D4&v4&H0&+0&!R&z1:1]-[O&D1&v2&H1&+0&!R:5].[O&D0&v2&H2&+0&!R:2].[O&D2&v2&H0&+0&!R:3]-[P&D4&v5&H0&+0&!R:4]	Any;WATER;PHOSPHATE_DONOR_CoF
1255_0	Any	[C&D3&v4&H1&+0&R&z1:1]-[O&D2&v2&H0&+0&R:2]-[O&D2&v2&H0&+0&R:3]>>([C&D3&v4&H0&+0&R&z1:1]=[O&D1&v2&H0&+0&!R:2].[O&D1&v2&H1&+0&!R:3])	Any
208_0	Any;WATER;O2	[C&D2&v4&H2&+0&!R&z2:1]-[N&D1&v3&H2&+0&!R:2].[O&D0&v2&H2&+0&!R:3].[O&D1&v2&H0&+0&!R:4]=[O&D1&v2&H0&+0&!R:5]>>[C&D2&v4&H1&+0&!R&z2:1]=[O&D1&v2&H0&+0&!R:3].[N&D0&v3&H3&+0&!R:2].[O&D1&v2&H1&+0&!R:4]-[O&D1&v2&H1&+0&!R:5]	Any;NH3;H2O2
908_0	Any;PPI	[C&D3&v4&H1&+0&!R&z0:1]-[C&D3&v4&H0&+0&R&z0:2](=[C&D2&v4&H1&+0&R&z0:3])-[C&D2&v4&H2&+0&R&z0:4].[O&D1&v2&H1&+0&!R:5]>>([C&D2&v4&H2&+0&!R&z1:4]-[O&D2&v2&H0&+0&!R:5].[C&D3&v4&H0&+0&!R&z0:1]=[C&D2&v4&H1&+0&!R&z0:2]-[C&D2&v4&H2&+0&!R&z0:3])	Any
482_0	Any	([C&D3&v4&H0&+0&!R&z2:1]-[O&D2&v2&H0&+0&!R:2].[O&D1&v2&H1&+0&!R:3])>>[O&D1&v2&H1&+0&!R:2].[O&D2&v2&H0&+0&R:3]-[C&D3&v4&H0&+0&R&z2:1]	Any;Any
1372_0	Any;Any	[C&D3&v4&H0&+0&R&z0:1]1=[C&D2&v4&H1&+0&R&z1:2]-[N&D3&v3&H0&+0&R:3]-[C&D2&v4&H1&+0&R&z1:4]=[C&D2&v4&H1&+0&R&z0:5]-[C&D2&v4&H2&+0&R&z0:6]-1.[C&D3&v4&H1&+0&R&z1:7]-[O&D2&v2&H0&+0&R:8]>>([C&D2&v4&H2&+0&!R&z0:7].[O&D1&v2&H1&+0&!R:8]).[c&D3&v4&H0&+0&R&z0:1]1:[c&D2&v4&H1&+0&R&z0:6]:[c&D2&v4&H1&+0&R&z0:5]:[c&D2&v4&H1&+0&R&z1:4]:[n&D3&v4&H0&+&R:3]:[c&D2&v4&H1&+0&R&z1:2]:1	Any;Any
1372_1	NADH_CoF;Any	[C&D3&v4&H0&+0&R&z0:1]1=[C&D2&v4&H1&+0&R&z1:2]-[N&D3&v3&H0&+0&R:3]-[C&D2&v4&H1&+0&R&z1:4]=[C&D2&v4&H1&+0&R&z0:5]-[C&D2&v4&H2&+0&R&z0:6]-1.[C&D3&v4&H1&+0&R&z1:7]-[O&D2&v2&H0&+0&R:8]>>([C&D2&v4&H2&+0&!R&z0:7].[O&D1&v2&H1&+0&!R:8]).[c&D3&v4&H0&+0&R&z0:1]1:[c&D2&v4&H1&+0&R&z0:6]:[c&D2&v4&H1&+0&R&z0:5]:[c&D2&v4&H1&+0&R&z1:4]:[n&D3&v4&H0&+&R:3]:[c&D2&v4&H1&+0&R&z1:2]:1	Any;NAD_CoF
1565_0	Any;CO2;Any	[C&D3&v4&H0&+0&R&z0:1]1=[C&D2&v4&H1&+0&R&z1:2]-[N&D3&v3&H0&+0&R:3]-[C&D2&v4&H1&+0&R&z1:4]=[C&D2&v4&H1&+0&R&z0:5]-[C&D2&v4&H2&+0&R&z0:6]-1.[O&D1&v2&H0&+0&!R:7]=[C&D2&v4&H0&+0&!R&z2:8].[c&D3&v4&H0&+0&R&z1:9]1:[c&D2&v4&H1&+0&R&z0:10]:[c&D2&v4&H1&+0&R&z0:11]:[c&D3&v4&H0&+0&R&z0:12]:[c&D2&v4&H1&+0&R&z0:13]:[c&D2&v4&H1&+0&R&z0:14]:1>>[C&D3&v4&H1&+0&R&z1:9]1-[C&D2&v4&H1&+0&R&z0:10]=[C&D2&v4&H1&+0&R&z0:11]-[C&D4&v4&H0&+0&R&z0:12](-[C&D3&v4&H0&+0&!R&z2:8]-[O&D1&v2&H1&+0&!R:7])-[C&D2&v4&H1&+0&R&z0:13]=[C&D2&v4&H1&+0&R&z0:14]-1.[c&D3&v4&H0&+0&R&z0:1]1:[c&D2&v4&H1&+0&R&z0:6]:[c&D2&v4&H1&+0&R&z0:5]:[c&D2&v4&H1&+0&R&z1:4]:[n&D3&v4&H0&+&R:3]:[c&D2&v4&H1&+0&R&z1:2]:1	Any;Any
1565_1	NADH_CoF;CO2;Any	[C&D3&v4&H0&+0&R&z0:1]1=[C&D2&v4&H1&+0&R&z1:2]-[N&D3&v3&H0&+0&R:3]-[C&D2&v4&H1&+0&R&z1:4]=[C&D2&v4&H1&+0&R&z0:5]-[C&D2&v4&H2&+0&R&z0:6]-1.[O&D1&v2&H0&+0&!R:7]=[C&D2&v4&H0&+0&!R&z2:8].[c&D3&v4&H0&+0&R&z1:9]1:[c&D2&v4&H1&+0&R&z0:10]:[c&D2&v4&H1&+0&R&z0:11]:[c&D3&v4&H0&+0&R&z0:12]:[c&D2&v4&H1&+0&R&z0:13]:[c&D2&v4&H1&+0&R&z0:14]:1>>[C&D3&v4&H1&+0&R&z1:9]1-[C&D2&v4&H1&+0&R&z0:10]=[C&D2&v4&H1&+0&R&z0:11]-[C&D4&v4&H0&+0&R&z0:12](-[C&D3&v4&H0&+0&!R&z2:8]-[O&D1&v2&H1&+0&!R:7])-[C&D2&v4&H1&+0&R&z0:13]=[C&D2&v4&H1&+0&R&z0:14]-1.[c&D3&v4&H0&+0&R&z0:1]1:[c&D2&v4&H1&+0&R&z0:6]:[c&D2&v4&H1&+0&R&z0:5]:[c&D2&v4&H1&+0&R&z1:4]:[n&D3&v4&H0&+&R:3]:[c&D2&v4&H1&+0&R&z1:2]:1	Any;NAD_CoF
660_0	Any;Any;CO2	[C&D1&v4&H3&+0&!R&z0:1]-[C&D3&v4&H0&+0&!R&z1:2]=[O&D1&v2&H0&+0&!R:3].[C&D3&v4&H0&+0&R&z0:4]1=[C&D2&v4&H1&+0&R&z1:5]-[N&D3&v3&H0&+0&R:6]-[C&D2&v4&H1&+0&R&z1:7]=[C&D2&v4&H1&+0&R&z0:8]-[C&D2&v4&H2&+0&R&z0:9]-1.[O&D1&v2&H0&+0&!R:10]=[C&D2&v4&H0&+0&!R&z2:11]>>[C&D3&v4&H0&+0&!R&z2:11](-[O&D1&v2&H1&+0&!R:10])-[C&D2&v4&H2&+0&!R&z0:1]-[C&D3&v4&H1&+0&!R&z1:2]-[O&D1&v2&H1&+0&!R:3].[c&D3&v4&H0&+0&R&z0:4]1:[c&D2&v4&H1&+0&R&z0:9]:[c&D2&v4&H1&+0&R&z0:8]:[c&D2&v4&H1&+0&R&z1:7]:[n&D3&v4&H0&+&R:6]:[c&D2&v4&H1&+0&R&z1:5]:1	Any;Any
660_1	Any;NADH_CoF;CO2	[C&D1&v4&H3&+0&!R&z0:1]-[C&D3&v4&H0&+0&!R&z1:2]=[O&D1&v2&H0&+0&!R:3].[C&D3&v4&H0&+0&R&z0:4]1=[C&D2&v4&H1&+0&R&z1:5]-[N&D3&v3&H0&+0&R:6]-[C&D2&v4&H1&+0&R&z1:7]=[C&D2&v4&H1&+0&R&z0:8]-[C&D2&v4&H2&+0&R&z0:9]-1.[O&D1&v2&H0&+0&!R:10]=[C&D2&v4&H0&+0&!R&z2:11]>>[C&D3&v4&H0&+0&!R&z2:11](-[O&D1&v2&H1&+0&!R:10])-[C&D2&v4&H2&+0&!R&z0:1]-[C&D3&v4&H1&+0&!R&z1:2]-[O&D1&v2&H1&+0&!R:3].[c&D3&v4&H0&+0&R&z0:4]1:[c&D2&v4&H1&+0&R&z0:9]:[c&D2&v4&H1&+0&R&z0:8]:[c&D2&v4&H1&+0&R&z1:7]:[n&D3&v4&H0&+&R:6]:[c&D2&v4&H1&+0&R&z1:5]:1	Any;NAD_CoF
162_0	Any;Any;Any	[C&D2&v4&H2&+0&!R&z1:1]-[O&D1&v2&H1&+0&!R:2].[O&D1&v2&H1&+0&!R:3].[P&D4&v5&H0&+0&!R:4]-[O&D2&v2&H0&+0&!R:5]>>[C&D2&v4&H2&+0&!R&z1:1]-[O&D2&v2&H0&+0&!R:3].[O&D1&v2&H1&+0&!R:5].[P&D4&v5&H0&+0&!R:4]-[O&D1&v2&H1&+0&!R:2]	Any;PPI;Any
162_1	Any;Any;PYROPHOSPHATE_DONOR_CoF	[C&D2&v4&H2&+0&!R&z1:1]-[O&D1&v2&H1&+0&!R:2].[O&D1&v2&H1&+0&!R:3].[P&D4&v5&H0&+0&!R:4]-[O&D2&v2&H0&+0&!R:5]>>[C&D2&v4&H2&+0&!R&z1:1]-[O&D2&v2&H0&+0&!R:3].[O&D1&v2&H1&+0&!R:5].[P&D4&v5&H0&+0&!R:4]-[O&D1&v2&H1&+0&!R:2]	Any;PPI;PYROPHOSPHATE_ACCEPTOR_CoF
1457_0	H2O2;Any	[O&D1&v2&H1&+0&!R:1]-[O&D1&v2&H1&+0&!R:2].[c&D2&v4&H1&+0&R&z0:3]>>[O&D0&v2&H2&+0&!R:2].[c&D3&v4&H0&+0&R&z1:3]-[O&D1&v2&H1&+0&!R:1]	WATER;Any
169_0	Any	[C&D3&v4&H0&+0&R&z0:1]-[C&D4&v4&H0&+0&R&z0:2]-[C&D2&v4&H2&+0&R&z0:3]>>([C&D2&v4&H1&+0&!R&z0:1].[C&D2&v4&H1&+0&!R&z0:3]=[C&D3&v4&H0&+0&!R&z0:2])	Any
1885_0	WATER;Any	[O&D0&v2&H2&+0&!R:1].[c&D3&v4&H0&+0&R&z0:2]1:[c&D2&v4&H1&+0&R&z0:3]:[c&D2&v4&H1&+0&R&z0:4]:[c&D2&v4&H1&+0&R&z0:5]:[c&D2&v4&H1&+0&R&z0:6]:[c&D3&v4&H0&+0&R&z0:7]:1>>[C&D3&v4&H0&+0&R&z0:2]1=[C&D2&v4&H1&+0&R&z0:3]-[C&D2&v4&H1&+0&R&z0:4]=[C&D2&v4&H1&+0&R&z0:5]-[C&D3&v4&H1&+0&R&z1:6](-[O&D1&v2&H1&+0&!R:1])-[C&D3&v4&H1&+0&R&z0:7]-1	Any
746_0	Any;Any	([C&D3&v4&H1&+0&R&z2:1]-[O&D1&v2&H1&+0&!R:2].[O&D2&v2&H0&+0&!R:3]-[P&D4&v5&H0&+0&!R:4]).[O&D1&v2&H1&+0&!R:5]>>[C&D3&v4&H1&+0&R&z2:1]-[O&D2&v2&H0&+0&R:3].[O&D0&v2&H2&+0&!R:2].[O&D2&v2&H0&+0&!R:5]-[P&D4&v5&H0&+0&!R:4]	Any;WATER;Any
746_1	Any;PHOSPHATE_ACCEPTOR_CoF	([C&D3&v4&H1&+0&R&z2:1]-[O&D1&v2&H1&+0&!R:2].[O&D2&v2&H0&+0&!R:3]-[P&D4&v5&H0&+0&!R:4]).[O&D1&v2&H1&+0&!R:5]>>[C&D3&v4&H1&+0&R&z2:1]-[O&D2&v2&H0&+0&R:3].[O&D0&v2&H2&+0&!R:2].[O&D2&v2&H0&+0&!R:5]-[P&D4&v5&H0&+0&!R:4]	Any;WATER;PHOSPHATE_DONOR_CoF
1077_0	Any;Any	[C&D3&v4&H1&+0&!R&z1:1]-[C&D2&v4&H2&+0&!R&z1:2]-[O&D1&v2&H1&+0&!R:3].([N&D2&v3&H1&+0&!R:4].[N&D2&v3&H1&+0&R:5])>>[C&D2&v4&H2&+0&!R&z1:1].[N&D3&v3&H0&+0&R:5]-[C&D2&v4&H2&+0&R&z2:2]-[N&D3&v3&H0&+0&R:4].[O&D0&v2&H2&+0&!R:3]	Any;Any;WATER
1220_0	Any	[C&D4&v4&H0&+0&R&z1:1](-[O&D1&v2&H1&+0&!R:2])-[C&D3&v4&H1&+0&R&z0:3]>>([C&D2&v4&H2&+0&!R&z0:3].[C&D3&v4&H0&+0&!R&z1:1]=[O&D1&v2&H0&+0&!R:2])	Any
1235_0	Any	[C&D3&v4&H1&+0&!R&z1:1]-[O&D2&v2&H0&+0&!R:2]-[O&D1&v2&H1&+0&!R:3]>>[C&D2&v4&H2&+0&!R&z0:1].[O&D1&v2&H0&+0&!R:2]=[O&D1&v2&H0&+0&!R:3]	Any;O2
614_0	Any;Any	[C&D3&v4&H0&+0&R&z0:1]1=[C&D2&v4&H1&+0&R&z0:2]-[C&D3&v4&H0&+0&R&z1:3](=[O&D1&v2&H0&+0&!R:4])-[c&D3&v4&H0&+0&R&z0:5]:[c&D3&v4&H0&+0&R&z0:6]-[C&D3&v4&H0&+0&R&z1:7]-1=[O&D1&v2&H0&+0&!R:8].[C&D3&v4&H0&+0&R&z0:9]1=[C&D2&v4&H1&+0&R&z1:10]-[N&D3&v3&H0&+0&R:11]-[C&D2&v4&H1&+0&R&z1:12]=[C&D2&v4&H1&+0&R&z0:13]-[C&D2&v4&H2&+0&R&z0:14]-1>>[c&D3&v4&H0&+0&R&z0:9]1:[c&D2&v4&H1&+0&R&z0:14]:[c&D2&v4&H1&+0&R&z0:13]:[c&D2&v4&H1&+0&R&z1:12]:[n&D3&v4&H0&+&R:11]:[c&D2&v4&H1&+0&R&z1:10]:1.[c&D3&v4&H0&+0&R&z0:1]1:[c&D2&v4&H1&+0&R&z0:2]:[c&D3&v4&H0&+0&R&z1:3](-[O&D1&v2&H1&+0&!R:4]):[c&D3&v4&H0&+0&R&z0:5]:[c&D3&v4&H0&+0&R&z0:6]:[c&D3&v4&H0&+0&R&z1:7]:1-[O&D1&v2&H1&+0&!R:8]	Any;Any
614_1	Any;NADH_CoF	[C&D3&v4&H0&+0&R&z0:1]1=[C&D2&v4&H1&+0&R&z0:2]-[C&D3&v4&H0&+0&R&z1:3](=[O&D1&v2&H0&+0&!R:4])-[c&D3&v4&H0&+0&R&z0:5]:[c&D3&v4&H0&+0&R&z0:6]-[C&D3&v4&H0&+0&R&z1:7]-1=[O&D1&v2&H0&+0&!R:8].[C&D3&v4&H0&+0&R&z0:9]1=[C&D2&v4&H1&+0&R&z1:10]-[N&D3&v3&H0&+0&R:11]-[C&D2&v4&H1&+0&R&z1:12]=[C&D2&v4&H1&+0&R&z0:13]-[C&D2&v4&H2&+0&R&z0:14]-1>>[c&D3&v4&H0&+0&R&z0:9]1:[c&D2&v4&H1&+0&R&z0:14]:[c&D2&v4&H1&+0&R&z0:13]:[c&D2&v4&H1&+0&R&z1:12]:[n&D3&v4&H0&+&R:11]:[c&D2&v4&H1&+0&R&z1:10]:1.[c&D3&v4&H0&+0&R&z0:1]1:[c&D2&v4&H1&+0&R&z0:2]:[c&D3&v4&H0&+0&R&z1:3](-[O&D1&v2&H1&+0&!R:4]):[c&D3&v4&H0&+0&R&z0:5]:[c&D3&v4&H0&+0&R&z0:6]:[c&D3&v4&H0&+0&R&z1:7]:1-[O&D1&v2&H1&+0&!R:8]	NAD_CoF;Any
614_2	Ubiquinones_CoF;NADH_CoF	[C&D3&v4&H0&+0&R&z0:1]1=[C&D2&v4&H1&+0&R&z0:2]-[C&D3&v4&H0&+0&R&z1:3](=[O&D1&v2&H0&+0&!R:4])-[c&D3&v4&H0&+0&R&z0:5]:[c&D3&v4&H0&+0&R&z0:6]-[C&D3&v4&H0&+0&R&z1:7]-1=[O&D1&v2&H0&+0&!R:8].[C&D3&v4&H0&+0&R&z0:9]1=[C&D2&v4&H1&+0&R&z1:10]-[N&D3&v3&H0&+0&R:11]-[C&D2&v4&H1&+0&R&z1:12]=[C&D2&v4&H1&+0&R&z0:13]-[C&D2&v4&H2&+0&R&z0:14]-1>>[c&D3&v4&H0&+0&R&z0:9]1:[c&D2&v4&H1&+0&R&z0:14]:[c&D2&v4&H1&+0&R&z0:13]:[c&D2&v4&H1&+0&R&z1:12]:[n&D3&v4&H0&+&R:11]:[c&D2&v4&H1&+0&R&z1:10]:1.[c&D3&v4&H0&+0&R&z0:1]1:[c&D2&v4&H1&+0&R&z0:2]:[c&D3&v4&H0&+0&R&z1:3](-[O&D1&v2&H1&+0&!R:4]):[c&D3&v4&H0&+0&R&z0:5]:[c&D3&v4&H0&+0&R&z0:6]:[c&D3&v4&H0&+0&R&z1:7]:1-[O&D1&v2&H1&+0&!R:8]	NAD_CoF;Ubiquinols_CoF
424_0	Any;Any	[C&D2&v4&H2&+0&!R&z1:1]-[O&D2&v2&H0&+0&!R:2].[S&D0&v2&H2&+0&!R:3]>>[C&D2&v4&H2&+0&!R&z1:1]-[S&D1&v2&H1&+0&!R:3].[O&D1&v2&H1&+0&!R:2]	Any;Any
424_1	Any;Any	[C&D2&v4&H2&+0&!R&z1:1]-[O&D2&v2&H0&+0&!R:2].[S&D0&v2&H2&+0&!R:3]>>[C&D2&v4&H2&+0&!R&z1:1]-[S&D1&v2&H1&+0&!R:3].[O&D1&v2&H1&+0&!R:2]	Any;Pi
1060_0	Any;WATER;Any	[C&D3&v4&H0&+0&!R&z2:1]-[O&D1&v2&H1&+0&!R:2].[O&D0&v2&H2&+0&!R:3].[c&D3&v4&H0&+0&R&z0:4]1:[c&D2&v4&H1&+0&R&z0:5]:[c&D2&v4&H1&+0&R&z0:6]:[c&D2&v4&H1&+0&R&z1:7]:[n&D3&v4&H0&+&R:8]:[c&D2&v4&H1&+0&R&z1:9]:1>>[C&D2&v4&H1&+0&!R&z1:1].[C&D3&v4&H0&+0&R&z0:4]1=[C&D2&v4&H1&+0&R&z1:9]-[N&D3&v3&H0&+0&R:8]-[C&D2&v4&H1&+0&R&z1:7]=[C&D2&v4&H1&+0&R&z0:6]-[C&D2&v4&H2&+0&R&z0:5]-1.[O&D1&v2&H0&+0&!R:2]=[O&D1&v2&H0&+0&!R:3]	Any;Any;O2
1060_1	Any;WATER;NAD_CoF	[C&D3&v4&H0&+0&!R&z2:1]-[O&D1&v2&H1&+0&!R:2].[O&D0&v2&H2&+0&!R:3].[c&D3&v4&H0&+0&R&z0:4]1:[c&D2&v4&H1&+0&R&z0:5]:[c&D2&v4&H1&+0&R&z0:6]:[c&D2&v4&H1&+0&R&z1:7]:[n&D3&v4&H0&+&R:8]:[c&D2&v4&H1&+0&R&z1:9]:1>>[C&D2&v4&H1&+0&!R&z1:1].[C&D3&v4&H0&+0&R&z0:4]1=[C&D2&v4&H1&+0&R&z1:9]-[N&D3&v3&H0&+0&R:8]-[C&D2&v4&H1&+0&R&z1:7]=[C&D2&v4&H1&+0&R&z0:6]-[C&D2&v4&H2&+0&R&z0:5]-1.[O&D1&v2&H0&+0&!R:2]=[O&D1&v2&H0&+0&!R:3]	Any;NADH_CoF;O2
1093_0	Any;Any	[C&D3&v4&H1&+0&!R&z1:1](-[O&D1&v2&H1&+0&!R:2])-[C&D3&v4&H1&+0&!R&z1:3]-[C&D3&v4&H0&+0&!R&z2:4]-[O&D1&v2&H1&+0&!R:5].[c&D3&v4&H0&+0&R&z0:6]1:[c&D2&v4&H1&+0&R&z0:7]:[c&D2&v4&H1&+0&R&z0:8]:[c&D2&v4&H1&+0&R&z1:9]:[n&D3&v4&H0&+&R:10]:[c&D2&v4&H1&+0&R&z1:11]:1>>[C&D3&v4&H0&+0&!R&z1:1](=[O&D1&v2&H0&+0&!R:2])-[C&D2&v4&H2&+0&!R&z1:3].[C&D3&v4&H0&+0&R&z0:6]1=[C&D2&v4&H1&+0&R&z1:11]-[N&D3&v3&H0&+0&R:10]-[C&D2&v4&H1&+0&R&z1:9]=[C&D2&v4&H1&+0&R&z0:8]-[C&D2&v4&H2&+0&R&z0:7]-1.[O&D1&v2&H0&+0&!R:5]=[C&D2&v4&H0&+0&!R&z2:4]	Any;Any;CO2
1093_1	Any;NAD_CoF	[C&D3&v4&H1&+0&!R&z1:1](-[O&D1&v2&H1&+0&!R:2])-[C&D3&v4&H1&+0&!R&z1:3]-[C&D3&v4&H0&+0&!R&z2:4]-[O&D1&v2&H1&+0&!R:5].[c&D3&v4&H0&+0&R&z0:6]1:[c&D2&v4&H1&+0&R&z0:7]:[c&D2&v4&H1&+0&R&z0:8]:[c&D2&v4&H1&+0&R&z1:9]:[n&D3&v4&H0&+&R:10]:[c&D2&v4&H1&+0&R&z1:11]:1>>[C&D3&v4&H0&+0&!R&z1:1](=[O&D1&v2&H0&+0&!R:2])-[C&D2&v4&H2&+0&!R&z1:3].[C&D3&v4&H0&+0&R&z0:6]1=[C&D2&v4&H1&+0&R&z1:11]-[N&D3&v3&H0&+0&R:10]-[C&D2&v4&H1&+0&R&z1:9]=[C&D2&v4&H1&+0&R&z0:8]-[C&D2&v4&H2&+0&R&z0:7]-1.[O&D1&v2&H0&+0&!R:5]=[C&D2&v4&H0&+0&!R&z2:4]	Any;NADH_CoF;CO2
1086_0	Any;Any	[C&D4&v4&H0&+0&!R&z1:1](-[O&D1&v2&H1&+0&!R:2])(-[C&D2&v4&H2&+0&!R&z1:3])-[C&D3&v4&H1&+0&!R&z1:4].[c&D3&v4&H0&+0&R&z0:5]1:[c&D2&v4&H1&+0&R&z0:6]:[c&D2&v4&H1&+0&R&z0:7]:[c&D2&v4&H1&+0&R&z1:8]:[n&D3&v4&H0&+&R:9]:[c&D2&v4&H1&+0&R&z1:10]:1>>[C&D3&v4&H0&+0&!R&z1:1](=[O&D1&v2&H0&+0&!R:2])-[C&D3&v4&H1&+0&!R&z1:3]-[C&D3&v4&H1&+0&!R&z1:4].[C&D3&v4&H0&+0&R&z0:5]1=[C&D2&v4&H1&+0&R&z1:10]-[N&D3&v3&H0&+0&R:9]-[C&D2&v4&H1&+0&R&z1:8]=[C&D2&v4&H1&+0&R&z0:7]-[C&D2&v4&H2&+0&R&z0:6]-1	Any;Any
1086_1	Any;NAD_CoF	[C&D4&v4&H0&+0&!R&z1:1](-[O&D1&v2&H1&+0&!R:2])(-[C&D2&v4&H2&+0&!R&z1:3])-[C&D3&v4&H1&+0&!R&z1:4].[c&D3&v4&H0&+0&R&z0:5]1:[c&D2&v4&H1&+0&R&z0:6]:[c&D2&v4&H1&+0&R&z0:7]:[c&D2&v4&H1&+0&R&z1:8]:[n&D3&v4&H0&+&R:9]:[c&D2&v4&H1&+0&R&z1:10]:1>>[C&D3&v4&H0&+0&!R&z1:1](=[O&D1&v2&H0&+0&!R:2])-[C&D3&v4&H1&+0&!R&z1:3]-[C&D3&v4&H1&+0&!R&z1:4].[C&D3&v4&H0&+0&R&z0:5]1=[C&D2&v4&H1&+0&R&z1:10]-[N&D3&v3&H0&+0&R:9]-[C&D2&v4&H1&+0&R&z1:8]=[C&D2&v4&H1&+0&R&z0:7]-[C&D2&v4&H2&+0&R&z0:6]-1	Any;NADH_CoF
1580_0	Any;Any	[C&D3&v4&H0&+0&R&z0:1]1=[C&D2&v4&H1&+0&R&z1:2]-[N&D3&v3&H0&+0&R:3]-[C&D2&v4&H1&+0&R&z1:4]=[C&D2&v4&H1&+0&R&z0:5]-[C&D2&v4&H2&+0&R&z0:6]-1.[c&D3&v4&H0&+0&R&z1:7]1:[c&D2&v4&H1&+0&R&z0:8]:[c&D3&v4&H0&+0&R&z2:9]:[n&D2&v3&H1&+0&R:10]:[c&D3&v4&H0&+0&R&z3:11]:[n&D2&v3&H1&+0&R:12]:1>>[C&D3&v4&H0&+0&R&z2:9]1-[C&D2&v4&H2&+0&R&z0:8]-[C&D3&v4&H1&+0&R&z1:7]-[N&D2&v3&H1&+0&R:12]-[C&D3&v4&H0&+0&R&z3:11]-[N&D2&v3&H1&+0&R:10]-1.[c&D3&v4&H0&+0&R&z0:1]1:[c&D2&v4&H1&+0&R&z0:6]:[c&D2&v4&H1&+0&R&z0:5]:[c&D2&v4&H1&+0&R&z1:4]:[n&D3&v4&H0&+&R:3]:[c&D2&v4&H1&+0&R&z1:2]:1	Any;Any
1580_1	NADH_CoF;Any	[C&D3&v4&H0&+0&R&z0:1]1=[C&D2&v4&H1&+0&R&z1:2]-[N&D3&v3&H0&+0&R:3]-[C&D2&v4&H1&+0&R&z1:4]=[C&D2&v4&H1&+0&R&z0:5]-[C&D2&v4&H2&+0&R&z0:6]-1.[c&D3&v4&H0&+0&R&z1:7]1:[c&D2&v4&H1&+0&R&z0:8]:[c&D3&v4&H0&+0&R&z2:9]:[n&D2&v3&H1&+0&R:10]:[c&D3&v4&H0&+0&R&z3:11]:[n&D2&v3&H1&+0&R:12]:1>>[C&D3&v4&H0&+0&R&z2:9]1-[C&D2&v4&H2&+0&R&z0:8]-[C&D3&v4&H1&+0&R&z1:7]-[N&D2&v3&H1&+0&R:12]-[C&D3&v4&H0&+0&R&z3:11]-[N&D2&v3&H1&+0&R:10]-1.[c&D3&v4&H0&+0&R&z0:1]1:[c&D2&v4&H1&+0&R&z0:6]:[c&D2&v4&H1&+0&R&z0:5]:[c&D2&v4&H1&+0&R&z1:4]:[n&D3&v4&H0&+&R:3]:[c&D2&v4&H1&+0&R&z1:2]:1	Any;NAD_CoF
70_0	Any;Any	[C&D3&v4&H0&+0&!R&z3:1]-[O&D1&v2&H1&+0&!R:2].[N&D1&v3&H2&+0&!R:3]>>[C&D3&v4&H0&+0&!R&z3:1]-[N&D2&v3&H1&+0&!R:3].[O&D0&v2&H2&+0&!R:2]	Any;WATER
905_0	Any;PPI;PPI	[C&D1&v4&H3&+0&!R&z0:1]-[C&D3&v4&H0&+0&!R&z0:2]=[C&D2&v4&H1&+0&!R&z0:3]-[C&D2&v4&H2&+0&!R&z0:4]-[C&D2&v4&H2&+0&!R&z0:5]-[C&D3&v4&H0&+0&!R&z0:6]=[C&D2&v4&H1&+0&!R&z0:7]-[C&D2&v4&H2&+0&!R&z0:8]-[C&D2&v4&H2&+0&!R&z0:9].[O&D1&v2&H1&+0&!R:10].[O&D1&v2&H1&+0&!R:11]>>[C&D1&v4&H2&+0&!R&z0:5]=[C&D3&v4&H0&+0&!R&z0:6]-[C&D2&v4&H2&+0&!R&z0:7]-[C&D2&v4&H2&+0&!R&z1:8]-[O&D2&v2&H0&+0&!R:10].[C&D1&v4&H2&+0&!R&z0:1]=[C&D3&v4&H0&+0&!R&z0:2]-[C&D2&v4&H2&+0&!R&z0:3]-[C&D2&v4&H2&+0&!R&z1:4]-[O&D2&v2&H0&+0&!R:11].[C&D1&v4&H3&+0&!R&z0:9]	Any;Any;Any
905_1	Any;PRENYL_ACCEPTOR_CoF;PRENYL_ACCEPTOR_CoF	[C&D1&v4&H3&+0&!R&z0:1]-[C&D3&v4&H0&+0&!R&z0:2]=[C&D2&v4&H1&+0&!R&z0:3]-[C&D2&v4&H2&+0&!R&z0:4]-[C&D2&v4&H2&+0&!R&z0:5]-[C&D3&v4&H0&+0&!R&z0:6]=[C&D2&v4&H1&+0&!R&z0:7]-[C&D2&v4&H2&+0&!R&z0:8]-[C&D2&v4&H2&+0&!R&z0:9].[O&D1&v2&H1&+0&!R:10].[O&D1&v2&H1&+0&!R:11]>>[C&D1&v4&H2&+0&!R&z0:5]=[C&D3&v4&H0&+0&!R&z0:6]-[C&D2&v4&H2&+0&!R&z0:7]-[C&D2&v4&H2&+0&!R&z1:8]-[O&D2&v2&H0&+0&!R:10].[C&D1&v4&H2&+0&!R&z0:1]=[C&D3&v4&H0&+0&!R&z0:2]-[C&D2&v4&H2&+0&!R&z0:3]-[C&D2&v4&H2&+0&!R&z1:4]-[O&D2&v2&H0&+0&!R:11].[C&D1&v4&H3&+0&!R&z0:9]	Any;Any;PRENYL_DONOR_CoF
532_0	Any;Any	[O&D1&v2&H1&+0&!R:1].[O&D2&v2&H0&+0&R:2]-[C&D3&v4&H0&+0&R&z2:3]>>([C&D3&v4&H0&+0&!R&z2:3]-[O&D2&v2&H0&+0&!R:1].[O&D1&v2&H1&+0&!R:2])	Any
607_0	Any;WATER	[C&D3&v4&H0&+0&!R&z0:1]=[C&D2&v4&H1&+0&!R&z0:2].[O&D0&v2&H2&+0&!R:3]>>[C&D3&v4&H1&+0&!R&z0:1]-[C&D3&v4&H1&+0&!R&z1:2]-[O&D1&v2&H1&+0&!R:3]	Any
570_0	Any;Any	[C&D2&v4&H1&+0&!R&z0:1]-[C&D2&v4&H1&+0&!R&z1:2]=[O&D1&v2&H0&+0&!R:3].[C&D3&v4&H0&+0&R&z0:4]1=[C&D2&v4&H1&+0&R&z1:5]-[N&D3&v3&H0&+0&R:6]-[C&D2&v4&H1&+0&R&z1:7]=[C&D2&v4&H1&+0&R&z0:8]-[C&D2&v4&H2&+0&R&z0:9]-1>>[C&D2&v4&H1&+0&!R&z0:1]-[C&D2&v4&H2&+0&!R&z1:2]-[O&D1&v2&H1&+0&!R:3].[c&D3&v4&H0&+0&R&z0:4]1:[c&D2&v4&H1&+0&R&z0:9]:[c&D2&v4&H1&+0&R&z0:8]:[c&D2&v4&H1&+0&R&z1:7]:[n&D3&v4&H0&+&R:6]:[c&D2&v4&H1&+0&R&z1:5]:1	Any;Any
570_1	Any;NADH_CoF	[C&D2&v4&H1&+0&!R&z0:1]-[C&D2&v4&H1&+0&!R&z1:2]=[O&D1&v2&H0&+0&!R:3].[C&D3&v4&H0&+0&R&z0:4]1=[C&D2&v4&H1&+0&R&z1:5]-[N&D3&v3&H0&+0&R:6]-[C&D2&v4&H1&+0&R&z1:7]=[C&D2&v4&H1&+0&R&z0:8]-[C&D2&v4&H2&+0&R&z0:9]-1>>[C&D2&v4&H1&+0&!R&z0:1]-[C&D2&v4&H2&+0&!R&z1:2]-[O&D1&v2&H1&+0&!R:3].[c&D3&v4&H0&+0&R&z0:4]1:[c&D2&v4&H1&+0&R&z0:9]:[c&D2&v4&H1&+0&R&z0:8]:[c&D2&v4&H1&+0&R&z1:7]:[n&D3&v4&H0&+&R:6]:[c&D2&v4&H1&+0&R&z1:5]:1	Any;NAD_CoF
1338_0	Any;Any	([C&D1&v4&H3&+0&!R&z1:1].[N&D2&v3&H1&+0&!R:2]).[c&D3&v4&H0&+0&R&z0:3]1:[c&D2&v4&H1&+0&R&z0:4]:[c&D2&v4&H1&+0&R&z0:5]:[c&D2&v4&H1&+0&R&z1:6]:[n&D3&v4&H0&+&R:7]:[c&D2&v4&H1&+0&R&z1:8]:1>>[C&D2&v4&H2&+0&R&z2:1]-[N&D3&v3&H0&+0&R:2].[C&D3&v4&H0&+0&R&z0:3]1=[C&D2&v4&H1&+0&R&z1:8]-[N&D3&v3&H0&+0&R:7]-[C&D2&v4&H1&+0&R&z1:6]=[C&D2&v4&H1&+0&R&z0:5]-[C&D2&v4&H2&+0&R&z0:4]-1	Any;Any
1338_1	Any;NAD_CoF	([C&D1&v4&H3&+0&!R&z1:1].[N&D2&v3&H1&+0&!R:2]).[c&D3&v4&H0&+0&R&z0:3]1:[c&D2&v4&H1&+0&R&z0:4]:[c&D2&v4&H1&+0&R&z0:5]:[c&D2&v4&H1&+0&R&z1:6]:[n&D3&v4&H0&+&R:7]:[c&D2&v4&H1&+0&R&z1:8]:1>>[C&D2&v4&H2&+0&R&z2:1]-[N&D3&v3&H0&+0&R:2].[C&D3&v4&H0&+0&R&z0:3]1=[C&D2&v4&H1&+0&R&z1:8]-[N&D3&v3&H0&+0&R:7]-[C&D2&v4&H1&+0&R&z1:6]=[C&D2&v4&H1&+0&R&z0:5]-[C&D2&v4&H2&+0&R&z0:4]-1	Any;NADH_CoF
493_0	Any;WATER;Any	[C&D1&v4&H2&+0&!R&z0:1]=[C&D3&v4&H0&+0&!R&z1:2]-[O&D2&v2&H0&+0&!R:3].[O&D0&v2&H2&+0&!R:4].([O&D1&v2&H1&+0&!R:5].[O&D2&v2&H0&+0&R:6]-[C&D3&v4&H1&+0&R&z2:7])>>[O&D1&v2&H1&+0&!R:3].([O&D1&v2&H1&+0&!R:6].[O&D2&v2&H0&+0&R:5]-[C&D4&v4&H0&+0&R&z2:2](-[O&D1&v2&H1&+0&!R:4])-[C&D2&v4&H2&+0&R&z0:1]-[C&D3&v4&H1&+0&R&z1:7])	Pi;Any
1788_0	CO2;PPI;Any	[O&D1&v2&H0&+0&!R:1]=[C&D2&v4&H0&+0&!R&z2:2].[O&D1&v2&H1&+0&!R:3].[c&D3&v4&H0&+0&R&z0:4]-[C&D3&v4&H1&+0&R&z1:5]>>[C&D3&v4&H1&+0&R&z2:5]-[O&D2&v2&H0&+0&!R:3].[c&D3&v4&H0&+0&R&z0:4]-[C&D3&v4&H0&+0&!R&z2:2]-[O&D1&v2&H1&+0&!R:1]	Any;Any
1386_0	Any;Any	[C&D3&v4&H0&+0&R&z0:1]1=[C&D2&v4&H1&+0&R&z1:2]-[N&D3&v3&H0&+0&R:3]-[C&D2&v4&H1&+0&R&z1:4]=[C&D2&v4&H1&+0&R&z0:5]-[C&D2&v4&H2&+0&R&z0:6]-1.[c&D3&v4&H0&+0&R&z0:7]1:[c&D2&v4&H1&+0&R&z1:8]:[o&D2&v2&H0&+0&R:9]:[c&D3&v4&H0&+0&R&z1:10]:[c&D3&v4&H0&+0&R&z0:11]:[c&D3&v4&H0&+0&R&z1:12]:1>>[C&D3&v4&H1&+0&R&z0:7]1-[C&D2&v4&H2&+0&R&z1:8]-[O&D2&v2&H0&+0&R:9]-[c&D3&v4&H0&+0&R&z1:10]:[c&D3&v4&H0&+0&R&z0:11]-[C&D3&v4&H0&+0&R&z1:12]-1.[c&D3&v4&H0&+0&R&z0:1]1:[c&D2&v4&H1&+0&R&z0:6]:[c&D2&v4&H1&+0&R&z0:5]:[c&D2&v4&H1&+0&R&z1:4]:[n&D3&v4&H0&+&R:3]:[c&D2&v4&H1&+0&R&z1:2]:1	Any;Any
1386_1	NADH_CoF;Any	[C&D3&v4&H0&+0&R&z0:1]1=[C&D2&v4&H1&+0&R&z1:2]-[N&D3&v3&H0&+0&R:3]-[C&D2&v4&H1&+0&R&z1:4]=[C&D2&v4&H1&+0&R&z0:5]-[C&D2&v4&H2&+0&R&z0:6]-1.[c&D3&v4&H0&+0&R&z0:7]1:[c&D2&v4&H1&+0&R&z1:8]:[o&D2&v2&H0&+0&R:9]:[c&D3&v4&H0&+0&R&z1:10]:[c&D3&v4&H0&+0&R&z0:11]:[c&D3&v4&H0&+0&R&z1:12]:1>>[C&D3&v4&H1&+0&R&z0:7]1-[C&D2&v4&H2&+0&R&z1:8]-[O&D2&v2&H0&+0&R:9]-[c&D3&v4&H0&+0&R&z1:10]:[c&D3&v4&H0&+0&R&z0:11]-[C&D3&v4&H0&+0&R&z1:12]-1.[c&D3&v4&H0&+0&R&z0:1]1:[c&D2&v4&H1&+0&R&z0:6]:[c&D2&v4&H1&+0&R&z0:5]:[c&D2&v4&H1&+0&R&z1:4]:[n&D3&v4&H0&+&R:3]:[c&D2&v4&H1&+0&R&z1:2]:1	Any;NAD_CoF
239_0	Any;Any	[N&D1&v3&H2&+0&!R:1].[O&D2&v2&H0&+0&!R:2]-[C&D3&v4&H1&+0&R&z2:3]>>[N&D2&v3&H1&+0&!R:1]-[C&D3&v4&H1&+0&R&z2:3].[O&D1&v2&H1&+0&!R:2]	Any;Any
239_1	Any;Any	[N&D1&v3&H2&+0&!R:1].[O&D2&v2&H0&+0&!R:2]-[C&D3&v4&H1&+0&R&z2:3]>>[N&D2&v3&H1&+0&!R:1]-[C&D3&v4&H1&+0&R&z2:3].[O&D1&v2&H1&+0&!R:2]	Any;PPI
239_2	Any;GLUCOSYL_DONOR_CoF	[N&D1&v3&H2&+0&!R:1].[O&D2&v2&H0&+0&!R:2]-[C&D3&v4&H1&+0&R&z2:3]>>[N&D2&v3&H1&+0&!R:1]-[C&D3&v4&H1&+0&R&z2:3].[O&D1&v2&H1&+0&!R:2]	Any;GLUCOSYL_ACCEPTOR_CoF
1883_0	Any;Any;WATER;CO2	[C&D3&v4&H0&+0&!R&z2:1]-[O&D1&v2&H1&+0&!R:2].[C&D3&v4&H0&+0&R&z1:3]=[C&D3&v4&H0&+0&R&z1:4].[O&D0&v2&H2&+0&!R:5].[O&D1&v2&H0&+0&!R:6]=[C&D2&v4&H0&+0&!R&z2:7]>>[C&D3&v4&H0&+0&!R&z1:1]-[C&D3&v4&H0&+0&!R&z2:7]-[O&D1&v2&H1&+0&!R:6].[C&D3&v4&H1&+0&R&z1:4]-[C&D3&v4&H1&+0&R&z1:3].[O&D1&v2&H0&+0&!R:2]=[O&D1&v2&H0&+0&!R:5]	Any;Any;O2
775_0	Any;WATER;CO2	[C&D3&v4&H0&+0&!R&z2:1]=[O&D1&v2&H0&+0&!R:2].[O&D0&v2&H2&+0&!R:3].[O&D1&v2&H0&+0&!R:4]=[C&D2&v4&H0&+0&!R&z2:5]>>[C&D3&v4&H1&+0&!R&z1:1]-[C&D3&v4&H0&+0&!R&z2:5]-[O&D1&v2&H1&+0&!R:4].[O&D1&v2&H0&+0&!R:2]=[O&D1&v2&H0&+0&!R:3]	Any;O2
916_0	Any;WATER	([C&D3&v4&H0&+0&!R&z0:1]=[C&D2&v4&H1&+0&!R&z0:2].[C&D3&v4&H0&+0&!R&z0:3]=[C&D2&v4&H1&+0&!R&z0:4].[C&D3&v4&H0&+0&!R&z0:5]=[C&D2&v4&H1&+0&!R&z0:6]).[O&D0&v2&H2&+0&!R:7]>>[C&D3&v4&H1&+0&R&z0:6](-[C&D4&v4&H0&+0&R&z1:5]-[O&D1&v2&H1&+0&!R:7])-[C&D4&v4&H0&+0&R&z0:3]-[C&D3&v4&H1&+0&R&z0:4]-[C&D4&v4&H0&+0&R&z0:1]-[C&D2&v4&H2&+0&R&z0:2]	Any
688_0	Any;CO2	[C&D3&v4&H0&+0&!R&z1:1]-[C&D3&v4&H1&+0&!R&z1:2]-[O&D1&v2&H1&+0&!R:3].[O&D1&v2&H0&+0&!R:4]=[C&D2&v4&H0&+0&!R&z2:5]>>[C&D2&v4&H1&+0&!R&z1:2]=[O&D1&v2&H0&+0&!R:3].[C&D3&v4&H0&+0&!R&z1:1]-[C&D3&v4&H0&+0&!R&z2:5]-[O&D1&v2&H1&+0&!R:4]	Any;Any
866_0	Any	[C&D3&v4&H0&+0&!R&z2:1]-[C&D2&v4&H2&+0&!R&z0:2]-[C&D2&v4&H2&+0&!R&z0:3]>>[C&D1&v4&H3&+0&!R&z0:2]-[C&D3&v4&H1&+0&!R&z0:3]-[C&D3&v4&H0&+0&!R&z2:1]	Any
253_0	Any;Any;Any;CO2	[C&D1&v4&H2&+0&!R&z1:1]=[O&D1&v2&H0&+0&!R:2].[C&D3&v4&H0&+0&!R&z2:3]-[O&D1&v2&H1&+0&!R:4].[N&D1&v3&H2&+0&!R:5].[O&D1&v2&H0&+0&!R:6]=[C&D2&v4&H0&+0&!R&z2:7]>>[C&D3&v4&H0&+0&!R&z1:3]-[C&D3&v4&H0&+0&!R&z2:7]-[O&D1&v2&H1&+0&!R:6].[N&D2&v3&H1&+0&!R:5]-[C&D1&v4&H3&+0&!R&z1:1].[O&D1&v2&H0&+0&!R:4]=[O&D1&v2&H0&+0&!R:2]	Any;Any;O2
678_0	Any;Pi	[C&D1&v4&H3&+0&!R&z0:1].[P&D4&v5&H0&+0&!R:2]-[O&D1&v2&H1&+0&!R:3]>>[C&D2&v4&H2&+0&!R&z1:1]-[P&D4&v5&H0&+0&!R:2].[O&D0&v2&H2&+0&!R:3]	Any;WATER
999_0	Any;O2	[C&D2&v4&H2&+0&!R&z0:1]-[C&D3&v4&H0&+0&!R&z1:2]-[C&D3&v4&H0&+0&!R&z2:3]-[O&D1&v2&H1&+0&!R:4].[O&D1&v2&H0&+0&!R:5]=[O&D1&v2&H0&+0&!R:6]>>[C&D3&v4&H1&+0&!R&z1:1](-[O&D1&v2&H1&+0&!R:5])-[C&D3&v4&H0&+0&!R&z2:2]-[O&D1&v2&H1&+0&!R:6].[O&D1&v2&H0&+0&!R:4]=[C&D2&v4&H0&+0&!R&z2:3]	Any;CO2
1512_0	Any;Any;NH3;CO2	[C&D3&v4&H0&+0&!R&z2:1]-[O&D1&v2&H1&+0&!R:2].[C&D3&v4&H0&+0&R&z1:3]=[O&D1&v2&H0&+0&!R:4].[N&D0&v3&H3&+0&!R:5].[O&D1&v2&H0&+0&!R:6]=[C&D2&v4&H0&+0&!R&z2:7]>>[C&D3&v4&H0&+0&!R&z1:1]-[C&D3&v4&H0&+0&!R&z2:7]-[O&D1&v2&H1&+0&!R:6].[C&D3&v4&H1&+0&R&z1:3]-[N&D1&v3&H2&+0&!R:5].[O&D1&v2&H0&+0&!R:2]=[O&D1&v2&H0&+0&!R:4]	Any;Any;O2
730_0	Any;Any;O2	[C&D3&v4&H0&+0&!R&z1:1]-[C&D2&v4&H2&+0&!R&z0:2].[C&D3&v4&H0&+0&R&z0:3]1=[C&D2&v4&H1&+0&R&z1:4]-[N&D3&v3&H0&+0&R:5]-[C&D2&v4&H1&+0&R&z1:6]=[C&D2&v4&H1&+0&R&z0:7]-[C&D2&v4&H2&+0&R&z0:8]-1.[O&D1&v2&H0&+0&!R:9]=[O&D1&v2&H0&+0&!R:10]>>[C&D3&v4&H0&+0&!R&z2:1]-[O&D2&v2&H0&+0&!R:10]-[C&D2&v4&H2&+0&!R&z1:2].[O&D0&v2&H2&+0&!R:9].[c&D3&v4&H0&+0&R&z0:3]1:[c&D2&v4&H1&+0&R&z0:8]:[c&D2&v4&H1&+0&R&z0:7]:[c&D2&v4&H1&+0&R&z1:6]:[n&D3&v4&H0&+&R:5]:[c&D2&v4&H1&+0&R&z1:4]:1	Any;WATER;Any
730_1	Any;NADH_CoF;O2	[C&D3&v4&H0&+0&!R&z1:1]-[C&D2&v4&H2&+0&!R&z0:2].[C&D3&v4&H0&+0&R&z0:3]1=[C&D2&v4&H1&+0&R&z1:4]-[N&D3&v3&H0&+0&R:5]-[C&D2&v4&H1&+0&R&z1:6]=[C&D2&v4&H1&+0&R&z0:7]-[C&D2&v4&H2&+0&R&z0:8]-1.[O&D1&v2&H0&+0&!R:9]=[O&D1&v2&H0&+0&!R:10]>>[C&D3&v4&H0&+0&!R&z2:1]-[O&D2&v2&H0&+0&!R:10]-[C&D2&v4&H2&+0&!R&z1:2].[O&D0&v2&H2&+0&!R:9].[c&D3&v4&H0&+0&R&z0:3]1:[c&D2&v4&H1&+0&R&z0:8]:[c&D2&v4&H1&+0&R&z0:7]:[c&D2&v4&H1&+0&R&z1:6]:[n&D3&v4&H0&+&R:5]:[c&D2&v4&H1&+0&R&z1:4]:1	Any;WATER;NAD_CoF
1677_0	WATER;Any	[O&D0&v2&H2&+0&!R:1].[n&D3&v4&H0&+&R:2]-[C&D3&v4&H1&+0&R&z2:3]>>[C&D3&v4&H1&+0&R&z2:3]-[O&D1&v2&H1&+0&!R:1].[n&D2&v3&H0&+0&R:2]	Any;Any
1075_0	Any;Any	[N&D1&v3&H2&+0&!R:1].[N&D3&v3&H0&+0&R:2]-[C&D2&v4&H1&+0&!R&z2:3]>>[C&D2&v4&H1&+0&!R&z2:3]-[N&D2&v3&H1&+0&!R:1].[N&D2&v3&H1&+0&R:2]	Any;Any
1075_1	FORMYL_ACCEPTOR_CoF;FORMYL_DONOR_CoF	[N&D1&v3&H2&+0&!R:1].[N&D3&v3&H0&+0&R:2]-[C&D2&v4&H1&+0&!R&z2:3]>>[C&D2&v4&H1&+0&!R&z2:3]-[N&D2&v3&H1&+0&!R:1].[N&D2&v3&H1&+0&R:2]	FORMYL_DONOR_CoF;FORMYL_ACCEPTOR_CoF
952_0	Any	([C&D2&v4&H1&+0&!R&z0:1]-[C&D2&v4&H2&+0&!R&z0:2]-[C&D2&v4&H2&+0&!R&z0:3]-[C&D3&v4&H0&+0&!R&z0:4]=[C&D2&v4&H1&+0&!R&z0:5]-[C&D2&v4&H2&+0&!R&z1:6]-[O&D2&v2&H0&+0&!R:7].[C&D3&v4&H0&+0&!R&z0:8]=[C&D2&v4&H1&+0&!R&z0:9])>>[C&D3&v4&H0&+0&R&z0:4]1=[C&D2&v4&H1&+0&R&z0:3]-[C&D3&v4&H1&+0&R&z0:2](-[C&D3&v4&H0&+0&R&z0:1]-[C&D2&v4&H2&+0&R&z0:6]-[C&D2&v4&H2&+0&R&z0:5]-1)-[C&D4&v4&H0&+0&R&z0:8]-[C&D2&v4&H2&+0&R&z0:9].[O&D1&v2&H1&+0&!R:7]	Any;PPI
1602_0	Any;WATER	[C&D2&v4&H1&+0&R&z1:1]=[C&D2&v4&H1&+0&R&z0:2].[O&D0&v2&H2&+0&!R:3]>>[C&D3&v4&H1&+0&R&z2:1](-[O&D1&v2&H1&+0&!R:3])-[C&D2&v4&H2&+0&R&z0:2]	Any
384_0	Any;Any	[S&D3&v3&H0&+&!R:1]-[C&D2&v4&H2&+0&!R&z1:2].[n&D2&v3&H1&+0&R:3]>>[S&D2&v2&H0&+0&!R:1].[n&D3&v3&H0&+0&R:3]-[C&D2&v4&H2&+0&!R&z1:2]	Any;Any
1097_0	Any	[C&D3&v4&H1&+0&!R&z1:1](-[O&D1&v2&H1&+0&!R:2])-[C&D3&v4&H1&+0&!R&z1:3]-[O&D1&v2&H1&+0&!R:4]>>[C&D2&v4&H2&+0&!R&z0:1]-[C&D3&v4&H0&+0&!R&z1:3]=[O&D1&v2&H0&+0&!R:4].[O&D0&v2&H2&+0&!R:2]	Any;WATER
406_0	Any;Any;WATER;CO2	[C&D2&v4&H1&+0&!R&z1:1]=[O&D1&v2&H0&+0&!R:2].[C&D3&v4&H0&+0&!R&z2:3]-[O&D1&v2&H1&+0&!R:4].[O&D0&v2&H2&+0&!R:5].[O&D1&v2&H0&+0&!R:6]=[C&D2&v4&H0&+0&!R&z2:7]>>[C&D2&v4&H2&+0&!R&z1:1]-[O&D1&v2&H1&+0&!R:5].[C&D3&v4&H0&+0&!R&z1:3]-[C&D3&v4&H0&+0&!R&z2:7]-[O&D1&v2&H1&+0&!R:6].[O&D1&v2&H0&+0&!R:4]=[O&D1&v2&H0&+0&!R:2]	Any;Any;O2
1208_0	Any;Any	[C&D2&v4&H2&+0&!R&z0:1]-[C&D3&v4&H1&+0&!R&z0:2]-[C&D3&v4&H0&+0&!R&z2:3]-[O&D1&v2&H1&+0&!R:4].[c&D3&v4&H0&+0&R&z0:5]1:[c&D2&v4&H1&+0&R&z0:6]:[c&D2&v4&H1&+0&R&z0:7]:[c&D2&v4&H1&+0&R&z1:8]:[n&D3&v4&H0&+&R:9]:[c&D2&v4&H1&+0&R&z1:10]:1>>[C&D2&v4&H1&+0&!R&z0:1]=[C&D2&v4&H1&+0&!R&z0:2].[C&D3&v4&H0&+0&R&z0:5]1=[C&D2&v4&H1&+0&R&z1:10]-[N&D3&v3&H0&+0&R:9]-[C&D2&v4&H1&+0&R&z1:8]=[C&D2&v4&H1&+0&R&z0:7]-[C&D2&v4&H2&+0&R&z0:6]-1.[O&D1&v2&H0&+0&!R:4]=[C&D2&v4&H0&+0&!R&z2:3]	Any;Any;CO2
1208_1	Any;NAD_CoF	[C&D2&v4&H2&+0&!R&z0:1]-[C&D3&v4&H1&+0&!R&z0:2]-[C&D3&v4&H0&+0&!R&z2:3]-[O&D1&v2&H1&+0&!R:4].[c&D3&v4&H0&+0&R&z0:5]1:[c&D2&v4&H1&+0&R&z0:6]:[c&D2&v4&H1&+0&R&z0:7]:[c&D2&v4&H1&+0&R&z1:8]:[n&D3&v4&H0&+&R:9]:[c&D2&v4&H1&+0&R&z1:10]:1>>[C&D2&v4&H1&+0&!R&z0:1]=[C&D2&v4&H1&+0&!R&z0:2].[C&D3&v4&H0&+0&R&z0:5]1=[C&D2&v4&H1&+0&R&z1:10]-[N&D3&v3&H0&+0&R:9]-[C&D2&v4&H1&+0&R&z1:8]=[C&D2&v4&H1&+0&R&z0:7]-[C&D2&v4&H2&+0&R&z0:6]-1.[O&D1&v2&H0&+0&!R:4]=[C&D2&v4&H0&+0&!R&z2:3]	Any;NADH_CoF;CO2
1855_0	Any;Any	[O&D2&v2&H0&+0&!R:1]-[C&D3&v4&H1&+0&R&z1:2]~[*:3]~[C&D3&v4&H1&+0&R&z1:4]-[O&D2&v2&H0&+0&!R:5].[P&D4&v5&H0&+0&!R:6]-[O&D2&v2&H0&+0&!R:7]>>[C&D3&v4&H1&+0&R&z1:2](-[O&D2&v2&H0&+0&!R:1])~[*:3]~[C&D3&v4&H1&+0&R&z1:4]-[O&D2&v2&H0&+0&!R:7].[P&D4&v5&H0&+0&!R:6]-[O&D2&v2&H0&+0&!R:5]	Any;Any
1855_1	Any;PHOSPHATE_ACCEPTOR_CoF	[O&D2&v2&H0&+0&!R:1]-[C&D3&v4&H1&+0&R&z1:2]~[*:3]~[C&D3&v4&H1&+0&R&z1:4]-[O&D2&v2&H0&+0&!R:5].[P&D4&v5&H0&+0&!R:6]-[O&D2&v2&H0&+0&!R:7]>>[C&D3&v4&H1&+0&R&z1:2](-[O&D2&v2&H0&+0&!R:1])~[*:3]~[C&D3&v4&H1&+0&R&z1:4]-[O&D2&v2&H0&+0&!R:7].[P&D4&v5&H0&+0&!R:6]-[O&D2&v2&H0&+0&!R:5]	Any;PHOSPHATE_DONOR_CoF
1855_2	Any;PHOSPHATE_DONOR_CoF	[O&D2&v2&H0&+0&!R:1]-[C&D3&v4&H1&+0&R&z1:2]~[*:3]~[C&D3&v4&H1&+0&R&z1:4]-[O&D2&v2&H0&+0&!R:5].[P&D4&v5&H0&+0&!R:6]-[O&D2&v2&H0&+0&!R:7]>>[C&D3&v4&H1&+0&R&z1:2](-[O&D2&v2&H0&+0&!R:1])~[*:3]~[C&D3&v4&H1&+0&R&z1:4]-[O&D2&v2&H0&+0&!R:7].[P&D4&v5&H0&+0&!R:6]-[O&D2&v2&H0&+0&!R:5]	Any;PHOSPHATE_ACCEPTOR_CoF
541_0	ACETYL-COA;Any	[C&D3&v4&H0&+0&!R&z2:1]-[S&D2&v2&H0&+0&!R:2].[N&D2&v3&H1&+0&R:3]>>[N&D3&v3&H0&+0&R:3]-[C&D3&v4&H0&+0&!R&z2:1].[S&D1&v2&H1&+0&!R:2]	Any;CoA
541_1	Any;Any	[C&D3&v4&H0&+0&!R&z2:1]-[S&D2&v2&H0&+0&!R:2].[N&D2&v3&H1&+0&R:3]>>[N&D3&v3&H0&+0&R:3]-[C&D3&v4&H0&+0&!R&z2:1].[S&D1&v2&H1&+0&!R:2]	Any;CoA
1202_0	Any;CO3;Any	[C&D2&v4&H2&+0&!R&z0:1].[C&D3&v4&H0&+0&!R&z3:2]-[O&D1&v2&H1&+0&!R:3].[P&D4&v5&H0&+0&!R:4]-[O&D2&v2&H0&+0&!R:5]>>[C&D3&v4&H1&+0&!R&z0:1]-[C&D3&v4&H0&+0&!R&z2:2].[O&D1&v2&H1&+0&!R:5].[P&D4&v5&H0&+0&!R:4]-[O&D1&v2&H1&+0&!R:3]	Any;Pi;Any
1202_1	Any;CO3;PHOSPHATE_DONOR_CoF	[C&D2&v4&H2&+0&!R&z0:1].[C&D3&v4&H0&+0&!R&z3:2]-[O&D1&v2&H1&+0&!R:3].[P&D4&v5&H0&+0&!R:4]-[O&D2&v2&H0&+0&!R:5]>>[C&D3&v4&H1&+0&!R&z0:1]-[C&D3&v4&H0&+0&!R&z2:2].[O&D1&v2&H1&+0&!R:5].[P&D4&v5&H0&+0&!R:4]-[O&D1&v2&H1&+0&!R:3]	Any;Pi;PHOSPHATE_ACCEPTOR_CoF
2082_0	O2;Any	[O&D1&v2&H0&+0&!R:1]=[O&D1&v2&H0&+0&!R:2].[c&D3&v4&H0&+0&R&z1:3]1:[c&D2&v4&H1&+0&R&z0:4]:[c&D3&v4&H0&+0&R&z1:5]:[c&D2&v4&H1&+0&R&z0:6]:[c&D3&v4&H0&+0&R&z1:7]:[c&D3&v4&H0&+0&R&z1:8]:1>>[O&D1&v2&H0&+0&!R:1]=[C&D3&v4&H0&+0&!R&z2:3]-[C&D2&v4&H1&+0&!R&z0:4]=[C&D3&v4&H0&+0&!R&z1:5]-[C&D2&v4&H1&+0&!R&z0:6]=[C&D3&v4&H0&+0&!R&z1:7]-[C&D3&v4&H0&+0&!R&z2:8]=[O&D1&v2&H0&+0&!R:2]	Any
1149_0	Any;PPI	[C&D3&v4&H0&+0&R&z0:1](=[C&D2&v4&H1&+0&R&z0:2])-[C&D2&v4&H1&+0&R&z0:3]=[C&D3&v4&H0&+0&R&z0:4](-[C&D3&v4&H1&+0&R&z0:5]-[C&D3&v4&H1&+0&R&z0:6])-[C&D3&v4&H1&+0&R&z0:7]-[C&D3&v4&H1&+0&!R&z0:8].[O&D1&v2&H1&+0&!R:9]>>([C&D2&v4&H2&+0&!R&z0:2]-[C&D3&v4&H0&+0&!R&z0:1]=[C&D2&v4&H1&+0&!R&z0:3]-[C&D2&v4&H2&+0&!R&z1:4]-[O&D2&v2&H0&+0&!R:9].[C&D3&v4&H0&+0&!R&z0:8]=[C&D2&v4&H1&+0&!R&z0:7].[C&D3&v4&H0&+0&!R&z0:6]=[C&D2&v4&H1&+0&!R&z0:5])	Any
381_0	Any;Any	[O&D1&v2&H1&+0&!R:1].[S&D3&v3&H0&+&!R:2]-[C&D2&v4&H2&+0&!R&z1:3]>>[O&D2&v2&H0&+0&!R:1]-[C&D2&v4&H2&+0&!R&z1:3].[S&D2&v2&H0&+0&!R:2]	Any;Any
1278_0	Any	[O&D2&v2&H0&+0&R:1]-[C&D3&v4&H1&+0&R&z1:2]-[C&D2&v4&H1&+0&!R&z0:3]=[C&D2&v4&H1&+0&!R&z0:4]-[C&D3&v4&H1&+0&!R&z1:5]-[O&D1&v2&H1&+0&!R:6]>>([C&D2&v4&H1&+0&!R&z0:2]=[C&D2&v4&H1&+0&!R&z0:3]-[C&D2&v4&H1&+0&!R&z0:4]=[C&D2&v4&H1&+0&!R&z0:5].[O&D2&v2&H0&+0&!R:1]-[O&D1&v2&H1&+0&!R:6])	Any
1022_0	Any;Any	[C&D3&v4&H1&+0&!R&z0:1]-[C&D2&v4&H2&+0&!R&z0:2].[c&D3&v4&H0&+0&R&z0:3]1:[c&D2&v4&H1&+0&R&z0:4]:[c&D2&v4&H1&+0&R&z0:5]:[c&D2&v4&H1&+0&R&z1:6]:[n&D3&v4&H0&+&R:7]:[c&D2&v4&H1&+0&R&z1:8]:1>>[C&D3&v4&H0&+0&!R&z0:1]=[C&D2&v4&H1&+0&!R&z0:2].[C&D3&v4&H0&+0&R&z0:3]1=[C&D2&v4&H1&+0&R&z1:8]-[N&D3&v3&H0&+0&R:7]-[C&D2&v4&H1&+0&R&z1:6]=[C&D2&v4&H1&+0&R&z0:5]-[C&D2&v4&H2&+0&R&z0:4]-1	Any;Any
1022_1	Any;NAD_CoF	[C&D3&v4&H1&+0&!R&z0:1]-[C&D2&v4&H2&+0&!R&z0:2].[c&D3&v4&H0&+0&R&z0:3]1:[c&D2&v4&H1&+0&R&z0:4]:[c&D2&v4&H1&+0&R&z0:5]:[c&D2&v4&H1&+0&R&z1:6]:[n&D3&v4&H0&+&R:7]:[c&D2&v4&H1&+0&R&z1:8]:1>>[C&D3&v4&H0&+0&!R&z0:1]=[C&D2&v4&H1&+0&!R&z0:2].[C&D3&v4&H0&+0&R&z0:3]1=[C&D2&v4&H1&+0&R&z1:8]-[N&D3&v3&H0&+0&R:7]-[C&D2&v4&H1&+0&R&z1:6]=[C&D2&v4&H1&+0&R&z0:5]-[C&D2&v4&H2&+0&R&z0:4]-1	Any;NADH_CoF
621_0	Any;Any	[C&D2&v4&H2&+0&!R&z1:1]-[O&D2&v2&H0&+0&!R:2].[n&D2&v3&H0&+0&R:3]>>[C&D2&v4&H2&+0&!R&z1:1]-[n&D3&v4&H0&+&R:3].[O&D1&v2&H1&+0&!R:2]	Any;Any
621_1	Any;Any	[C&D2&v4&H2&+0&!R&z1:1]-[O&D2&v2&H0&+0&!R:2].[n&D2&v3&H0&+0&R:3]>>[C&D2&v4&H2&+0&!R&z1:1]-[n&D3&v4&H0&+&R:3].[O&D1&v2&H1&+0&!R:2]	Any;PPI
1822_0	WATER;Any	[O&D0&v2&H2&+0&!R:1].[c&D3&v4&H0&+0&R&z2:2]1:[c&D3&v4&H0&+0&R&z1:3]:[n&D2&v3&H0&+0&R:4]:[c&D2&v4&H1&+0&R&z2:5]:[n&D3&v3&H0&+0&R:6]:1-[C&D3&v4&H1&+0&R&z2:7](-[O&D2&v2&H0&+0&R:8])-[C&D3&v4&H1&+0&R&z1:9]-[O&D1&v2&H1&+0&!R:10]>>[O&D1&v2&H0&+0&!R:1]=[C&D2&v4&H1&+0&!R&z2:5]-[O&D1&v2&H1&+0&!R:10].([O&D1&v2&H1&+0&!R:8].[c&D3&v4&H0&+0&R&z2:2]1:[c&D3&v4&H0&+0&R&z1:3]-[N&D2&v3&H0&+0&R:4]=[C&D3&v4&H0&+0&R&z1:9]-[C&D2&v4&H2&+0&R&z1:7]-[N&D2&v3&H1&+0&R:6]-1)	Any;Any
1204_0	Any;WATER;Any	[C&D2&v4&H2&+0&!R&z0:1]-[C&D3&v4&H0&+0&!R&z2:2](=[O&D1&v2&H0&+0&!R:3])-[S&D2&v2&H0&+0&!R:4].[O&D0&v2&H2&+0&!R:5].[O&D1&v2&H0&+0&!R:6]=[C&D2&v4&H1&+0&!R&z1:7]>>[C&D3&v4&H1&+0&!R&z0:1](-[C&D3&v4&H0&+0&!R&z2:2](=[O&D1&v2&H0&+0&!R:3])-[O&D1&v2&H1&+0&!R:5])-[C&D3&v4&H1&+0&!R&z1:7]-[O&D1&v2&H1&+0&!R:6].[S&D1&v2&H1&+0&!R:4]	Any;CoA
1806_0	Any;Any	[N&D3&v3&H0&+0&R:1](-[C&D2&v4&H2&+0&R&z2:2]-[N&D3&v3&H0&+0&R:3])-[C&D3&v4&H1&+0&R&z1:4].[c&D2&v4&H1&+0&R&z0:5]>>[C&D1&v4&H3&+0&!R&z0:2]-[c&D3&v4&H0&+0&R&z0:5].([N&D2&v3&H0&+0&R:1]=[C&D3&v4&H0&+0&R&z1:4].[N&D2&v3&H1&+0&!R:3])	Any;Any
391_0	Any;Any	[C&D1&v4&H3&+0&!R&z1:1]-[S&D3&v3&H0&+&!R:2].[c&D2&v4&H1&+0&R&z1:3]>>[S&D2&v2&H0&+0&!R:2].[c&D3&v4&H0&+0&R&z1:3]-[C&D1&v4&H3&+0&!R&z0:1]	Any;Any
391_1	METHYL_DONOR_CoF;Any	[C&D1&v4&H3&+0&!R&z1:1]-[S&D3&v3&H0&+&!R:2].[c&D2&v4&H1&+0&R&z1:3]>>[S&D2&v2&H0&+0&!R:2].[c&D3&v4&H0&+0&R&z1:3]-[C&D1&v4&H3&+0&!R&z0:1]	METHYL_ACCEPTOR_CoF;Any
767_0	Any;Any	[C&D3&v4&H0&+0&!R&z2:1](=[O&D1&v2&H0&+0&!R:2])-[O&D1&v2&H1&+0&!R:3].[c&D2&v4&H1&+0&R&z0:4]>>[O&D0&v2&H2&+0&!R:3].[c&D3&v4&H0&+0&R&z0:4]-[C&D3&v4&H0&+0&!R&z1:1]=[O&D1&v2&H0&+0&!R:2]	WATER;Any
1310_0	Any;Any;O2	[C&D3&v4&H0&+0&!R&z2:1]=[S&D1&v2&H0&+0&!R:2].[C&D3&v4&H0&+0&R&z0:3]1=[C&D2&v4&H1&+0&R&z1:4]-[N&D3&v3&H0&+0&R:5]-[C&D2&v4&H1&+0&R&z1:6]=[C&D2&v4&H1&+0&R&z0:7]-[C&D2&v4&H2&+0&R&z0:8]-1.[O&D1&v2&H0&+0&!R:9]=[O&D1&v2&H0&+0&!R:10]>>[C&D3&v4&H0&+0&!R&z2:1]=[S&D2&v4&H0&+0&!R:2]=[O&D1&v2&H0&+0&!R:10].[O&D0&v2&H2&+0&!R:9].[c&D3&v4&H0&+0&R&z0:3]1:[c&D2&v4&H1&+0&R&z0:8]:[c&D2&v4&H1&+0&R&z0:7]:[c&D2&v4&H1&+0&R&z1:6]:[n&D3&v4&H0&+&R:5]:[c&D2&v4&H1&+0&R&z1:4]:1	Any;WATER;Any
1310_1	Any;NADH_CoF;O2	[C&D3&v4&H0&+0&!R&z2:1]=[S&D1&v2&H0&+0&!R:2].[C&D3&v4&H0&+0&R&z0:3]1=[C&D2&v4&H1&+0&R&z1:4]-[N&D3&v3&H0&+0&R:5]-[C&D2&v4&H1&+0&R&z1:6]=[C&D2&v4&H1&+0&R&z0:7]-[C&D2&v4&H2&+0&R&z0:8]-1.[O&D1&v2&H0&+0&!R:9]=[O&D1&v2&H0&+0&!R:10]>>[C&D3&v4&H0&+0&!R&z2:1]=[S&D2&v4&H0&+0&!R:2]=[O&D1&v2&H0&+0&!R:10].[O&D0&v2&H2&+0&!R:9].[c&D3&v4&H0&+0&R&z0:3]1:[c&D2&v4&H1&+0&R&z0:8]:[c&D2&v4&H1&+0&R&z0:7]:[c&D2&v4&H1&+0&R&z1:6]:[n&D3&v4&H0&+&R:5]:[c&D2&v4&H1&+0&R&z1:4]:1	Any;WATER;NAD_CoF
2029_0	O2;Any	[O&D1&v2&H0&+0&!R:1]=[O&D1&v2&H0&+0&!R:2].[c&D3&v4&H0&+0&R&z0:3]1:[c&D2&v4&H1&+0&R&z0:4]:[c&D3&v4&H0&+0&R&z1:5](-[O&D1&v2&H1&+0&!R:6]):[c&D2&v4&H1&+0&R&z0:7]:[c&D2&v4&H1&+0&R&z0:8]:[c&D3&v4&H0&+0&R&z1:9]:1>>[O&D1&v2&H0&+0&!R:1]=[C&D3&v4&H0&+0&!R&z2:9]-[C&D2&v4&H1&+0&!R&z0:8]=[C&D2&v4&H1&+0&!R&z0:7]-[C&D3&v4&H0&+0&!R&z1:5](=[O&D1&v2&H0&+0&!R:6])-[C&D2&v4&H2&+0&!R&z0:4]-[C&D3&v4&H0&+0&!R&z1:3]=[O&D1&v2&H0&+0&!R:2]	Any
190_0	Any;Any;PPI;Any	[C&D2&v4&H1&+0&!R&z2:1].[O&D1&v2&H1&+0&!R:2].[P&D4&v5&H0&+0&!R:3]-[O&D1&v2&H1&+0&!R:4].[c&D3&v4&H0&+0&R&z0:5]1:[c&D2&v4&H1&+0&R&z0:6]:[c&D2&v4&H1&+0&R&z0:7]:[c&D2&v4&H1&+0&R&z1:8]:[n&D3&v4&H0&+&R:9]:[c&D2&v4&H1&+0&R&z1:10]:1>>[C&D3&v4&H0&+0&!R&z3:1]-[O&D1&v2&H1&+0&!R:4].[C&D3&v4&H0&+0&R&z0:5]1=[C&D2&v4&H1&+0&R&z1:10]-[N&D3&v3&H0&+0&R:9]-[C&D2&v4&H1&+0&R&z1:8]=[C&D2&v4&H1&+0&R&z0:7]-[C&D2&v4&H2&+0&R&z0:6]-1.[O&D2&v2&H0&+0&!R:2]-[P&D4&v5&H0&+0&!R:3]	Any;Any;Any
190_1	Any;PYROPHOSPHATE_ACCEPTOR_CoF;PPI;NAD_CoF	[C&D2&v4&H1&+0&!R&z2:1].[O&D1&v2&H1&+0&!R:2].[P&D4&v5&H0&+0&!R:3]-[O&D1&v2&H1&+0&!R:4].[c&D3&v4&H0&+0&R&z0:5]1:[c&D2&v4&H1&+0&R&z0:6]:[c&D2&v4&H1&+0&R&z0:7]:[c&D2&v4&H1&+0&R&z1:8]:[n&D3&v4&H0&+&R:9]:[c&D2&v4&H1&+0&R&z1:10]:1>>[C&D3&v4&H0&+0&!R&z3:1]-[O&D1&v2&H1&+0&!R:4].[C&D3&v4&H0&+0&R&z0:5]1=[C&D2&v4&H1&+0&R&z1:10]-[N&D3&v3&H0&+0&R:9]-[C&D2&v4&H1&+0&R&z1:8]=[C&D2&v4&H1&+0&R&z0:7]-[C&D2&v4&H2&+0&R&z0:6]-1.[O&D2&v2&H0&+0&!R:2]-[P&D4&v5&H0&+0&!R:3]	Any;NADH_CoF;PYROPHOSPHATE_DONOR_CoF
634_0	Any	[C&D3&v4&H0&+0&!R&z1:1]-[C&D3&v4&H0&+0&!R&z1:2]-[C&D3&v4&H1&+0&!R&z1:3]-[C&D2&v4&H2&+0&!R&z1:4]>>[C&D3&v4&H0&+0&!R&z1:1]-[C&D3&v4&H1&+0&!R&z1:3]-[C&D3&v4&H0&+0&!R&z1:2]-[C&D2&v4&H2&+0&!R&z1:4]	Any
793_0	ACETYL-COA;Any;CO2	[C&D3&v4&H0&+0&!R&z2:1](=[O&D1&v2&H0&+0&!R:2])-[S&D2&v2&H0&+0&!R:3].[C&D3&v4&H0&+0&R&z0:4]1=[C&D2&v4&H1&+0&R&z1:5]-[N&D3&v3&H0&+0&R:6]-[C&D2&v4&H1&+0&R&z1:7]=[C&D2&v4&H1&+0&R&z0:8]-[C&D2&v4&H2&+0&R&z0:9]-1.[O&D1&v2&H0&+0&!R:10]=[C&D2&v4&H0&+0&!R&z2:11]>>[C&D3&v4&H0&+0&!R&z1:1](=[O&D1&v2&H0&+0&!R:2])-[C&D3&v4&H0&+0&!R&z2:11]-[O&D1&v2&H1&+0&!R:10].[S&D1&v2&H1&+0&!R:3].[c&D3&v4&H0&+0&R&z0:4]1:[c&D2&v4&H1&+0&R&z0:9]:[c&D2&v4&H1&+0&R&z0:8]:[c&D2&v4&H1&+0&R&z1:7]:[n&D3&v4&H0&+&R:6]:[c&D2&v4&H1&+0&R&z1:5]:1	Any;CoA;Any
793_1	ACETYL-COA;NADH_CoF;CO2	[C&D3&v4&H0&+0&!R&z2:1](=[O&D1&v2&H0&+0&!R:2])-[S&D2&v2&H0&+0&!R:3].[C&D3&v4&H0&+0&R&z0:4]1=[C&D2&v4&H1&+0&R&z1:5]-[N&D3&v3&H0&+0&R:6]-[C&D2&v4&H1&+0&R&z1:7]=[C&D2&v4&H1&+0&R&z0:8]-[C&D2&v4&H2&+0&R&z0:9]-1.[O&D1&v2&H0&+0&!R:10]=[C&D2&v4&H0&+0&!R&z2:11]>>[C&D3&v4&H0&+0&!R&z1:1](=[O&D1&v2&H0&+0&!R:2])-[C&D3&v4&H0&+0&!R&z2:11]-[O&D1&v2&H1&+0&!R:10].[S&D1&v2&H1&+0&!R:3].[c&D3&v4&H0&+0&R&z0:4]1:[c&D2&v4&H1&+0&R&z0:9]:[c&D2&v4&H1&+0&R&z0:8]:[c&D2&v4&H1&+0&R&z1:7]:[n&D3&v4&H0&+&R:6]:[c&D2&v4&H1&+0&R&z1:5]:1	Any;CoA;NAD_CoF
793_2	Any;Any;CO2	[C&D3&v4&H0&+0&!R&z2:1](=[O&D1&v2&H0&+0&!R:2])-[S&D2&v2&H0&+0&!R:3].[C&D3&v4&H0&+0&R&z0:4]1=[C&D2&v4&H1&+0&R&z1:5]-[N&D3&v3&H0&+0&R:6]-[C&D2&v4&H1&+0&R&z1:7]=[C&D2&v4&H1&+0&R&z0:8]-[C&D2&v4&H2&+0&R&z0:9]-1.[O&D1&v2&H0&+0&!R:10]=[C&D2&v4&H0&+0&!R&z2:11]>>[C&D3&v4&H0&+0&!R&z1:1](=[O&D1&v2&H0&+0&!R:2])-[C&D3&v4&H0&+0&!R&z2:11]-[O&D1&v2&H1&+0&!R:10].[S&D1&v2&H1&+0&!R:3].[c&D3&v4&H0&+0&R&z0:4]1:[c&D2&v4&H1&+0&R&z0:9]:[c&D2&v4&H1&+0&R&z0:8]:[c&D2&v4&H1&+0&R&z1:7]:[n&D3&v4&H0&+&R:6]:[c&D2&v4&H1&+0&R&z1:5]:1	Any;CoA;Any
793_3	Any;NADH_CoF;CO2	[C&D3&v4&H0&+0&!R&z2:1](=[O&D1&v2&H0&+0&!R:2])-[S&D2&v2&H0&+0&!R:3].[C&D3&v4&H0&+0&R&z0:4]1=[C&D2&v4&H1&+0&R&z1:5]-[N&D3&v3&H0&+0&R:6]-[C&D2&v4&H1&+0&R&z1:7]=[C&D2&v4&H1&+0&R&z0:8]-[C&D2&v4&H2&+0&R&z0:9]-1.[O&D1&v2&H0&+0&!R:10]=[C&D2&v4&H0&+0&!R&z2:11]>>[C&D3&v4&H0&+0&!R&z1:1](=[O&D1&v2&H0&+0&!R:2])-[C&D3&v4&H0&+0&!R&z2:11]-[O&D1&v2&H1&+0&!R:10].[S&D1&v2&H1&+0&!R:3].[c&D3&v4&H0&+0&R&z0:4]1:[c&D2&v4&H1&+0&R&z0:9]:[c&D2&v4&H1&+0&R&z0:8]:[c&D2&v4&H1&+0&R&z1:7]:[n&D3&v4&H0&+&R:6]:[c&D2&v4&H1&+0&R&z1:5]:1	Any;CoA;NAD_CoF
211_0	Any;Any	[C&D2&v4&H2&+0&!R&z2:1]-[O&D1&v2&H1&+0&!R:2].[c&D3&v4&H0&+0&R&z0:3]1:[c&D2&v4&H1&+0&R&z0:4]:[c&D2&v4&H1&+0&R&z0:5]:[c&D2&v4&H1&+0&R&z1:6]:[n&D3&v4&H0&+&R:7]:[c&D2&v4&H1&+0&R&z1:8]:1>>[C&D2&v4&H1&+0&!R&z2:1]=[O&D1&v2&H0&+0&!R:2].[C&D3&v4&H0&+0&R&z0:3]1=[C&D2&v4&H1&+0&R&z1:8]-[N&D3&v3&H0&+0&R:7]-[C&D2&v4&H1&+0&R&z1:6]=[C&D2&v4&H1&+0&R&z0:5]-[C&D2&v4&H2&+0&R&z0:4]-1	Any;Any
211_1	Any;NAD_CoF	[C&D2&v4&H2&+0&!R&z2:1]-[O&D1&v2&H1&+0&!R:2].[c&D3&v4&H0&+0&R&z0:3]1:[c&D2&v4&H1&+0&R&z0:4]:[c&D2&v4&H1&+0&R&z0:5]:[c&D2&v4&H1&+0&R&z1:6]:[n&D3&v4&H0&+&R:7]:[c&D2&v4&H1&+0&R&z1:8]:1>>[C&D2&v4&H1&+0&!R&z2:1]=[O&D1&v2&H0&+0&!R:2].[C&D3&v4&H0&+0&R&z0:3]1=[C&D2&v4&H1&+0&R&z1:8]-[N&D3&v3&H0&+0&R:7]-[C&D2&v4&H1&+0&R&z1:6]=[C&D2&v4&H1&+0&R&z0:5]-[C&D2&v4&H2&+0&R&z0:4]-1	Any;NADH_CoF
998_0	Any;O2	[C&D3&v4&H1&+0&!R&z1:1]-[C&D3&v4&H0&+0&!R&z2:2]-[O&D1&v2&H1&+0&!R:3].[O&D1&v2&H0&+0&!R:4]=[O&D1&v2&H0&+0&!R:5]>>[C&D3&v4&H0&+0&!R&z2:1]=[O&D1&v2&H0&+0&!R:4].[O&D0&v2&H2&+0&!R:5].[O&D1&v2&H0&+0&!R:3]=[C&D2&v4&H0&+0&!R&z2:2]	Any;WATER;CO2
1196_0	Any;Any	[C&D1&v4&H3&+0&!R&z0:1]-[C&D2&v4&H1&+0&!R&z1:2]=[O&D1&v2&H0&+0&!R:3].([O&D1&v2&H0&+0&!R:4]=[C&D2&v4&H1&+0&!R&z1:5].[O&D1&v2&H1&+0&!R:6])>>[O&D2&v2&H0&+0&R:6]-[C&D3&v4&H1&+0&R&z2:2](-[O&D1&v2&H1&+0&!R:3])-[C&D2&v4&H2&+0&R&z0:1]-[C&D3&v4&H1&+0&R&z1:5]-[O&D1&v2&H1&+0&!R:4]	Any
2107_0	Any	[O&D2&v2&H0&+0&R:1]-[C&D3&v4&H1&+0&R&z2:2](-[O&D1&v2&H1&+0&!R:3])-[C&D2&v4&H2&+0&R&z0:4]-[C&D3&v4&H1&+0&R&z1:5]-[O&D1&v2&H1&+0&!R:6]>>[C&D1&v4&H3&+0&!R&z0:4]-[C&D2&v4&H1&+0&!R&z1:2]=[O&D1&v2&H0&+0&!R:3].([O&D1&v2&H0&+0&!R:6]=[C&D2&v4&H1&+0&!R&z1:5].[O&D1&v2&H1&+0&!R:1])	Any;Any
472_0	Any;Any	[C&D1&v4&H2&+0&!R&z0:1].[C&D1&v4&H3&+0&!R&z1:2]-[S&D3&v3&H0&+&!R:3]>>[C&D1&v4&H3&+0&!R&z0:2]-[C&D2&v4&H1&+0&!R&z0:1].[S&D2&v2&H0&+0&!R:3]	Any;Any
472_1	Any;METHYL_DONOR_CoF	[C&D1&v4&H2&+0&!R&z0:1].[C&D1&v4&H3&+0&!R&z1:2]-[S&D3&v3&H0&+&!R:3]>>[C&D1&v4&H3&+0&!R&z0:2]-[C&D2&v4&H1&+0&!R&z0:1].[S&D2&v2&H0&+0&!R:3]	Any;METHYL_ACCEPTOR_CoF
1243_0	Any;O2	[C&D2&v4&H1&+0&!R&z0:1]=[C&D2&v4&H1&+0&!R&z0:2]-[C&D2&v4&H2&+0&!R&z0:3].[O&D1&v2&H0&+0&!R:4]=[O&D1&v2&H0&+0&!R:5]>>[C&D3&v4&H1&+0&!R&z1:1](-[C&D2&v4&H1&+0&!R&z0:2]=[C&D2&v4&H1&+0&!R&z0:3])-[O&D2&v2&H0&+0&!R:4]-[O&D1&v2&H1&+0&!R:5]	Any
1126_0	Any;Pi;Any	[O&D1&v2&H1&+0&!R:1].[P&D4&v5&H0&+0&!R:2]-[O&D1&v2&H1&+0&!R:3].[c&D3&v4&H0&+0&R&z1:4]-[O&D1&v2&H1&+0&!R:5]>>[O&D0&v2&H2&+0&!R:5].[O&D2&v2&H0&+0&!R:1]-[P&D4&v5&H0&+0&!R:2].[c&D3&v4&H0&+0&R&z1:4]-[O&D1&v2&H1&+0&!R:3]	WATER;Any;Any
1126_1	PHOSPHATE_ACCEPTOR_CoF;Pi;Any	[O&D1&v2&H1&+0&!R:1].[P&D4&v5&H0&+0&!R:2]-[O&D1&v2&H1&+0&!R:3].[c&D3&v4&H0&+0&R&z1:4]-[O&D1&v2&H1&+0&!R:5]>>[O&D0&v2&H2&+0&!R:5].[O&D2&v2&H0&+0&!R:1]-[P&D4&v5&H0&+0&!R:2].[c&D3&v4&H0&+0&R&z1:4]-[O&D1&v2&H1&+0&!R:3]	WATER;PHOSPHATE_DONOR_CoF;Any
709_0	Any;Any	[C&D2&v4&H1&+0&!R&z1:1]=[O&D1&v2&H0&+0&!R:2].[C&D4&v4&H0&+0&R&z2:3](-[O&D1&v2&H1&+0&!R:4])(-[O&D2&v2&H0&+0&R:5])-[C&D3&v4&H1&+0&R&z1:6]-[C&D3&v4&H1&+0&R&z1:7]-[O&D1&v2&H1&+0&!R:8]>>[C&D3&v4&H1&+0&!R&z1:1](-[O&D1&v2&H1&+0&!R:2])-[C&D3&v4&H1&+0&!R&z1:6]-[C&D3&v4&H0&+0&!R&z1:3]=[O&D1&v2&H0&+0&!R:4].([O&D1&v2&H0&+0&!R:8]=[C&D2&v4&H1&+0&!R&z1:7].[O&D1&v2&H1&+0&!R:5])	Any;Any
1315_0	Any;WATER;Any	[C&D3&v4&H0&+0&R&z0:1]1=[C&D3&v4&H0&+0&R&z0:2]-[C&D4&v4&H0&+0&R&z1:3](-[O&D1&v2&H1&+0&!R:4])-[c&D3&v4&H0&+0&R&z0:5]:[c&D3&v4&H0&+0&R&z0:6]-[C&D3&v4&H0&+0&R&z1:7]-1=[O&D1&v2&H0&+0&!R:8].[O&D0&v2&H2&+0&!R:9].[c&D3&v4&H0&+0&R&z0:10]1:[c&D2&v4&H1&+0&R&z0:11]:[c&D2&v4&H1&+0&R&z0:12]:[c&D2&v4&H1&+0&R&z1:13]:[n&D3&v4&H0&+&R:14]:[c&D2&v4&H1&+0&R&z1:15]:1>>[C&D3&v4&H0&+0&R&z0:10]1=[C&D2&v4&H1&+0&R&z1:15]-[N&D3&v3&H0&+0&R:14]-[C&D2&v4&H1&+0&R&z1:13]=[C&D2&v4&H1&+0&R&z0:12]-[C&D2&v4&H2&+0&R&z0:11]-1.[O&D1&v2&H0&+0&!R:4]=[O&D1&v2&H0&+0&!R:9].[c&D3&v4&H0&+0&R&z0:3]1:[c&D3&v4&H0&+0&R&z0:2]:[c&D3&v4&H0&+0&R&z0:1]:[c&D3&v4&H0&+0&R&z1:7](-[O&D1&v2&H1&+0&!R:8]):[c&D3&v4&H0&+0&R&z0:6]:[c&D3&v4&H0&+0&R&z0:5]:1	Any;O2;Any
1315_1	Any;WATER;NAD_CoF	[C&D3&v4&H0&+0&R&z0:1]1=[C&D3&v4&H0&+0&R&z0:2]-[C&D4&v4&H0&+0&R&z1:3](-[O&D1&v2&H1&+0&!R:4])-[c&D3&v4&H0&+0&R&z0:5]:[c&D3&v4&H0&+0&R&z0:6]-[C&D3&v4&H0&+0&R&z1:7]-1=[O&D1&v2&H0&+0&!R:8].[O&D0&v2&H2&+0&!R:9].[c&D3&v4&H0&+0&R&z0:10]1:[c&D2&v4&H1&+0&R&z0:11]:[c&D2&v4&H1&+0&R&z0:12]:[c&D2&v4&H1&+0&R&z1:13]:[n&D3&v4&H0&+&R:14]:[c&D2&v4&H1&+0&R&z1:15]:1>>[C&D3&v4&H0&+0&R&z0:10]1=[C&D2&v4&H1&+0&R&z1:15]-[N&D3&v3&H0&+0&R:14]-[C&D2&v4&H1&+0&R&z1:13]=[C&D2&v4&H1&+0&R&z0:12]-[C&D2&v4&H2&+0&R&z0:11]-1.[O&D1&v2&H0&+0&!R:4]=[O&D1&v2&H0&+0&!R:9].[c&D3&v4&H0&+0&R&z0:3]1:[c&D3&v4&H0&+0&R&z0:2]:[c&D3&v4&H0&+0&R&z0:1]:[c&D3&v4&H0&+0&R&z1:7](-[O&D1&v2&H1&+0&!R:8]):[c&D3&v4&H0&+0&R&z0:6]:[c&D3&v4&H0&+0&R&z0:5]:1	NADH_CoF;O2;Any
817_0	Any;CoA	[C&D3&v4&H1&+0&!R&z0:1](-[C&D3&v4&H0&+0&!R&z2:2](=[O&D1&v2&H0&+0&!R:3])-[O&D1&v2&H1&+0&!R:4])-[C&D4&v4&H0&+0&!R&z1:5]-[O&D1&v2&H1&+0&!R:6].[S&D1&v2&H1&+0&!R:7]>>[C&D2&v4&H2&+0&!R&z0:1]-[C&D3&v4&H0&+0&!R&z2:2](=[O&D1&v2&H0&+0&!R:3])-[S&D2&v2&H0&+0&!R:7].[C&D3&v4&H0&+0&!R&z1:5]=[O&D1&v2&H0&+0&!R:6].[O&D0&v2&H2&+0&!R:4]	Any;Any;WATER
633_0	Any;WATER	[C&D3&v4&H0&+0&!R&z1:1]=[N&D1&v3&H1&+0&!R:2].[O&D0&v2&H2&+0&!R:3]>>[C&D3&v4&H0&+0&!R&z1:1]=[O&D1&v2&H0&+0&!R:3].[N&D0&v3&H3&+0&!R:2]	Any;NH3
1190_0	Any;Any	[C&D2&v4&H1&+0&!R&z0:1]-[C&D2&v4&H2&+0&!R&z0:2]-[C&D2&v4&H2&+0&!R&z0:3].[c&D3&v4&H0&+0&R&z0:4]1:[c&D2&v4&H1&+0&R&z0:5]:[c&D2&v4&H1&+0&R&z0:6]:[c&D2&v4&H1&+0&R&z1:7]:[n&D3&v4&H0&+&R:8]:[c&D2&v4&H1&+0&R&z1:9]:1>>[C&D2&v4&H1&+0&!R&z0:1]-[C&D2&v4&H1&+0&!R&z0:2]=[C&D2&v4&H1&+0&!R&z0:3].[C&D3&v4&H0&+0&R&z0:4]1=[C&D2&v4&H1&+0&R&z1:9]-[N&D3&v3&H0&+0&R:8]-[C&D2&v4&H1&+0&R&z1:7]=[C&D2&v4&H1&+0&R&z0:6]-[C&D2&v4&H2&+0&R&z0:5]-1	Any;Any
1190_1	Any;NAD_CoF	[C&D2&v4&H1&+0&!R&z0:1]-[C&D2&v4&H2&+0&!R&z0:2]-[C&D2&v4&H2&+0&!R&z0:3].[c&D3&v4&H0&+0&R&z0:4]1:[c&D2&v4&H1&+0&R&z0:5]:[c&D2&v4&H1&+0&R&z0:6]:[c&D2&v4&H1&+0&R&z1:7]:[n&D3&v4&H0&+&R:8]:[c&D2&v4&H1&+0&R&z1:9]:1>>[C&D2&v4&H1&+0&!R&z0:1]-[C&D2&v4&H1&+0&!R&z0:2]=[C&D2&v4&H1&+0&!R&z0:3].[C&D3&v4&H0&+0&R&z0:4]1=[C&D2&v4&H1&+0&R&z1:9]-[N&D3&v3&H0&+0&R:8]-[C&D2&v4&H1&+0&R&z1:7]=[C&D2&v4&H1&+0&R&z0:6]-[C&D2&v4&H2&+0&R&z0:5]-1	Any;NADH_CoF
627_0	Any;Any	[C&D2&v4&H2&+0&!R&z1:1]-[n&D3&v4&H0&+&R:2].[O&D1&v2&H1&+0&!R:3]>>[C&D2&v4&H2&+0&!R&z1:1]-[O&D2&v2&H0&+0&!R:3].[n&D2&v3&H0&+0&R:2]	Any;Any
627_1	Any;PPI	[C&D2&v4&H2&+0&!R&z1:1]-[n&D3&v4&H0&+&R:2].[O&D1&v2&H1&+0&!R:3]>>[C&D2&v4&H2&+0&!R&z1:1]-[O&D2&v2&H0&+0&!R:3].[n&D2&v3&H0&+0&R:2]	Any;Any
1391_0	Any	([C&D2&v4&H2&+0&!R&z1:1]-[O&D1&v2&H1&+0&!R:2].[O&D1&v2&H1&+0&!R:3])>>[C&D2&v4&H2&+0&R&z1:1]-[O&D2&v2&H0&+0&R:3].[O&D0&v2&H2&+0&!R:2]	Any;WATER
585_0	Any;Any	[C&D3&v4&H1&+0&R&z0:1]-[C&D3&v4&H1&+0&R&z0:2].[c&D3&v4&H0&+0&R&z0:3]1:[c&D2&v4&H1&+0&R&z0:4]:[c&D2&v4&H1&+0&R&z0:5]:[c&D2&v4&H1&+0&R&z1:6]:[n&D3&v4&H0&+&R:7]:[c&D2&v4&H1&+0&R&z1:8]:1>>[C&D3&v4&H0&+0&R&z0:3]1=[C&D2&v4&H1&+0&R&z1:8]-[N&D3&v3&H0&+0&R:7]-[C&D2&v4&H1&+0&R&z1:6]=[C&D2&v4&H1&+0&R&z0:5]-[C&D2&v4&H2&+0&R&z0:4]-1.[C&D3&v4&H0&+0&R&z0:1]=[C&D3&v4&H0&+0&R&z0:2]	Any;Any
585_1	Any;NAD_CoF	[C&D3&v4&H1&+0&R&z0:1]-[C&D3&v4&H1&+0&R&z0:2].[c&D3&v4&H0&+0&R&z0:3]1:[c&D2&v4&H1&+0&R&z0:4]:[c&D2&v4&H1&+0&R&z0:5]:[c&D2&v4&H1&+0&R&z1:6]:[n&D3&v4&H0&+&R:7]:[c&D2&v4&H1&+0&R&z1:8]:1>>[C&D3&v4&H0&+0&R&z0:3]1=[C&D2&v4&H1&+0&R&z1:8]-[N&D3&v3&H0&+0&R:7]-[C&D2&v4&H1&+0&R&z1:6]=[C&D2&v4&H1&+0&R&z0:5]-[C&D2&v4&H2&+0&R&z0:4]-1.[C&D3&v4&H0&+0&R&z0:1]=[C&D3&v4&H0&+0&R&z0:2]	NADH_CoF;Any
264_0	Any;Any	[C&D3&v4&H0&+0&R&z0:1]1=[C&D2&v4&H1&+0&R&z1:2]-[N&D3&v3&H0&+0&R:3]-[C&D2&v4&H1&+0&R&z1:4]=[C&D2&v4&H1&+0&R&z0:5]-[C&D2&v4&H2&+0&R&z0:6]-1.[S&D2&v2&H0&+0&R:7]-[S&D2&v2&H0&+0&R:8]>>([S&D1&v2&H1&+0&!R:8].[S&D1&v2&H1&+0&!R:7]).[c&D3&v4&H0&+0&R&z0:1]1:[c&D2&v4&H1&+0&R&z0:6]:[c&D2&v4&H1&+0&R&z0:5]:[c&D2&v4&H1&+0&R&z1:4]:[n&D3&v4&H0&+&R:3]:[c&D2&v4&H1&+0&R&z1:2]:1	Any;Any
264_1	NADH_CoF;Any	[C&D3&v4&H0&+0&R&z0:1]1=[C&D2&v4&H1&+0&R&z1:2]-[N&D3&v3&H0&+0&R:3]-[C&D2&v4&H1&+0&R&z1:4]=[C&D2&v4&H1&+0&R&z0:5]-[C&D2&v4&H2&+0&R&z0:6]-1.[S&D2&v2&H0&+0&R:7]-[S&D2&v2&H0&+0&R:8]>>([S&D1&v2&H1&+0&!R:8].[S&D1&v2&H1&+0&!R:7]).[c&D3&v4&H0&+0&R&z0:1]1:[c&D2&v4&H1&+0&R&z0:6]:[c&D2&v4&H1&+0&R&z0:5]:[c&D2&v4&H1&+0&R&z1:4]:[n&D3&v4&H0&+&R:3]:[c&D2&v4&H1&+0&R&z1:2]:1	Any;NAD_CoF
215_0	Any;WATER	[C&D2&v4&H2&+0&!R&z2:1]-[O&D2&v2&H0&+0&!R:2].[O&D0&v2&H2&+0&!R:3]>>[C&D2&v4&H2&+0&!R&z2:1]-[O&D1&v2&H1&+0&!R:3].[O&D1&v2&H1&+0&!R:2]	Any;SULFATE
1460_0	Any;Any	[C&D3&v4&H0&+0&R&z0:1]1=[C&D2&v4&H1&+0&R&z1:2]-[N&D3&v3&H0&+0&R:3]-[C&D2&v4&H1&+0&R&z1:4]=[C&D2&v4&H1&+0&R&z0:5]-[C&D2&v4&H2&+0&R&z0:6]-1.[C&D3&v4&H0&+0&R&z1:7]=[C&D2&v4&H1&+0&R&z0:8]>>[C&D3&v4&H1&+0&R&z1:7]-[C&D2&v4&H2&+0&R&z0:8].[c&D3&v4&H0&+0&R&z0:1]1:[c&D2&v4&H1&+0&R&z0:6]:[c&D2&v4&H1&+0&R&z0:5]:[c&D2&v4&H1&+0&R&z1:4]:[n&D3&v4&H0&+&R:3]:[c&D2&v4&H1&+0&R&z1:2]:1	Any;Any
1460_1	NADH_CoF;Any	[C&D3&v4&H0&+0&R&z0:1]1=[C&D2&v4&H1&+0&R&z1:2]-[N&D3&v3&H0&+0&R:3]-[C&D2&v4&H1&+0&R&z1:4]=[C&D2&v4&H1&+0&R&z0:5]-[C&D2&v4&H2&+0&R&z0:6]-1.[C&D3&v4&H0&+0&R&z1:7]=[C&D2&v4&H1&+0&R&z0:8]>>[C&D3&v4&H1&+0&R&z1:7]-[C&D2&v4&H2&+0&R&z0:8].[c&D3&v4&H0&+0&R&z0:1]1:[c&D2&v4&H1&+0&R&z0:6]:[c&D2&v4&H1&+0&R&z0:5]:[c&D2&v4&H1&+0&R&z1:4]:[n&D3&v4&H0&+&R:3]:[c&D2&v4&H1&+0&R&z1:2]:1	Any;NAD_CoF
2019_0	Any;Any;O2	[C&D3&v4&H0&+0&!R&z1:1]-[C&D3&v4&H0&+0&!R&z2:2]-[O&D1&v2&H1&+0&!R:3].[C&D3&v4&H1&+0&R&z1:4]-[C&D3&v4&H1&+0&R&z1:5].[O&D1&v2&H0&+0&!R:6]=[O&D1&v2&H0&+0&!R:7]>>[C&D3&v4&H0&+0&!R&z2:1]-[O&D1&v2&H1&+0&!R:6].[C&D3&v4&H0&+0&R&z1:5]=[C&D3&v4&H0&+0&R&z1:4].[O&D0&v2&H2&+0&!R:7].[O&D1&v2&H0&+0&!R:3]=[C&D2&v4&H0&+0&!R&z2:2]	Any;Any;WATER;CO2
2062_0	Any;Any	[O&D1&v2&H0&+0&!R:1]=[C&D2&v4&H0&+0&!R&z2:2].[S&D0&v2&H2&+0&!R:3]>>[C&D2&v4&H0&+0&!R&z2:2]=[S&D1&v2&H0&+0&!R:3].[O&D0&v2&H2&+0&!R:1]	Any;WATER
2062_1	CO2;Any	[O&D1&v2&H0&+0&!R:1]=[C&D2&v4&H0&+0&!R&z2:2].[S&D0&v2&H2&+0&!R:3]>>[C&D2&v4&H0&+0&!R&z2:2]=[S&D1&v2&H0&+0&!R:3].[O&D0&v2&H2&+0&!R:1]	Any;WATER
413_0	Any;Any	([C&D3&v4&H0&+0&!R&z2:1]-[C&D2&v4&H2&+0&!R&z0:2]-[C&D2&v4&H2&+0&!R&z0:3].[C&D3&v4&H1&+0&R&z0:4]1-[C&D2&v4&H2&+0&R&z0:5]-[C&D3&v4&H1&+0&R&z1:6]-1).[S&D2&v2&H0&+0&!R:7]>>[C&D1&v4&H3&+0&!R&z1:2]-[S&D3&v3&H0&+&!R:7].([C&D2&v4&H1&+0&!R&z1:6]=[C&D2&v4&H1&+0&!R&z0:5]-[C&D2&v4&H2&+0&!R&z0:4].[C&D2&v4&H2&+0&!R&z0:3]-[C&D3&v4&H0&+0&!R&z2:1])	Any;Any
413_1	Any;METHYL_ACCEPTOR_CoF	([C&D3&v4&H0&+0&!R&z2:1]-[C&D2&v4&H2&+0&!R&z0:2]-[C&D2&v4&H2&+0&!R&z0:3].[C&D3&v4&H1&+0&R&z0:4]1-[C&D2&v4&H2&+0&R&z0:5]-[C&D3&v4&H1&+0&R&z1:6]-1).[S&D2&v2&H0&+0&!R:7]>>[C&D1&v4&H3&+0&!R&z1:2]-[S&D3&v3&H0&+&!R:7].([C&D2&v4&H1&+0&!R&z1:6]=[C&D2&v4&H1&+0&!R&z0:5]-[C&D2&v4&H2&+0&!R&z0:4].[C&D2&v4&H2&+0&!R&z0:3]-[C&D3&v4&H0&+0&!R&z2:1])	METHYL_DONOR_CoF;Any
463_0	Any;CO2;Any;Pi	[C&D1&v4&H2&+0&!R&z0:1]=[C&D3&v4&H0&+0&!R&z0:2]-[C&D1&v4&H3&+0&!R&z0:3].[O&D1&v2&H0&+0&!R:4]=[C&D2&v4&H0&+0&!R&z2:5].[O&D1&v2&H1&+0&!R:6].[P&D4&v5&H0&+0&!R:7]-[O&D1&v2&H1&+0&!R:8]>>[C&D1&v4&H3&+0&!R&z0:1]-[C&D4&v4&H0&+0&!R&z1:2](-[O&D1&v2&H1&+0&!R:8])-[C&D2&v4&H2&+0&!R&z0:3]-[C&D3&v4&H0&+0&!R&z2:5]-[O&D1&v2&H1&+0&!R:4].[O&D2&v2&H0&+0&!R:6]-[P&D4&v5&H0&+0&!R:7]	Any;Any
463_1	Any;CO2;PHOSPHATE_ACCEPTOR_CoF;Pi	[C&D1&v4&H2&+0&!R&z0:1]=[C&D3&v4&H0&+0&!R&z0:2]-[C&D1&v4&H3&+0&!R&z0:3].[O&D1&v2&H0&+0&!R:4]=[C&D2&v4&H0&+0&!R&z2:5].[O&D1&v2&H1&+0&!R:6].[P&D4&v5&H0&+0&!R:7]-[O&D1&v2&H1&+0&!R:8]>>[C&D1&v4&H3&+0&!R&z0:1]-[C&D4&v4&H0&+0&!R&z1:2](-[O&D1&v2&H1&+0&!R:8])-[C&D2&v4&H2&+0&!R&z0:3]-[C&D3&v4&H0&+0&!R&z2:5]-[O&D1&v2&H1&+0&!R:4].[O&D2&v2&H0&+0&!R:6]-[P&D4&v5&H0&+0&!R:7]	Any;PHOSPHATE_DONOR_CoF
583_0	Any;Any	[C&D3&v4&H0&+0&R&z0:1]1=[C&D2&v4&H1&+0&R&z1:2]-[N&D3&v3&H0&+0&R:3]-[C&D2&v4&H1&+0&R&z1:4]=[C&D2&v4&H1&+0&R&z0:5]-[C&D2&v4&H2&+0&R&z0:6]-1.[C&D3&v4&H0&+0&R&z0:7]=[C&D3&v4&H0&+0&R&z0:8]>>[C&D3&v4&H1&+0&R&z0:7]-[C&D3&v4&H1&+0&R&z0:8].[c&D3&v4&H0&+0&R&z0:1]1:[c&D2&v4&H1&+0&R&z0:6]:[c&D2&v4&H1&+0&R&z0:5]:[c&D2&v4&H1&+0&R&z1:4]:[n&D3&v4&H0&+&R:3]:[c&D2&v4&H1&+0&R&z1:2]:1	Any;Any
583_1	NADH_CoF;Any	[C&D3&v4&H0&+0&R&z0:1]1=[C&D2&v4&H1&+0&R&z1:2]-[N&D3&v3&H0&+0&R:3]-[C&D2&v4&H1&+0&R&z1:4]=[C&D2&v4&H1&+0&R&z0:5]-[C&D2&v4&H2&+0&R&z0:6]-1.[C&D3&v4&H0&+0&R&z0:7]=[C&D3&v4&H0&+0&R&z0:8]>>[C&D3&v4&H1&+0&R&z0:7]-[C&D3&v4&H1&+0&R&z0:8].[c&D3&v4&H0&+0&R&z0:1]1:[c&D2&v4&H1&+0&R&z0:6]:[c&D2&v4&H1&+0&R&z0:5]:[c&D2&v4&H1&+0&R&z1:4]:[n&D3&v4&H0&+&R:3]:[c&D2&v4&H1&+0&R&z1:2]:1	Any;NAD_CoF
189_0	Any;WATER;Any	[C&D2&v4&H1&+0&!R&z2:1].[O&D0&v2&H2&+0&!R:2].[c&D3&v4&H0&+0&R&z0:3]1:[c&D2&v4&H1&+0&R&z0:4]:[c&D2&v4&H1&+0&R&z0:5]:[c&D2&v4&H1&+0&R&z1:6]:[n&D3&v4&H0&+&R:7]:[c&D2&v4&H1&+0&R&z1:8]:1>>[C&D3&v4&H0&+0&!R&z3:1]-[O&D1&v2&H1&+0&!R:2].[C&D3&v4&H0&+0&R&z0:3]1=[C&D2&v4&H1&+0&R&z1:8]-[N&D3&v3&H0&+0&R:7]-[C&D2&v4&H1&+0&R&z1:6]=[C&D2&v4&H1&+0&R&z0:5]-[C&D2&v4&H2&+0&R&z0:4]-1	Any;Any
189_1	Any;WATER;NAD_CoF	[C&D2&v4&H1&+0&!R&z2:1].[O&D0&v2&H2&+0&!R:2].[c&D3&v4&H0&+0&R&z0:3]1:[c&D2&v4&H1&+0&R&z0:4]:[c&D2&v4&H1&+0&R&z0:5]:[c&D2&v4&H1&+0&R&z1:6]:[n&D3&v4&H0&+&R:7]:[c&D2&v4&H1&+0&R&z1:8]:1>>[C&D3&v4&H0&+0&!R&z3:1]-[O&D1&v2&H1&+0&!R:2].[C&D3&v4&H0&+0&R&z0:3]1=[C&D2&v4&H1&+0&R&z1:8]-[N&D3&v3&H0&+0&R:7]-[C&D2&v4&H1&+0&R&z1:6]=[C&D2&v4&H1&+0&R&z0:5]-[C&D2&v4&H2&+0&R&z0:4]-1	Any;NADH_CoF
555_0	Any;Any;O2	[C&D1&v4&H2&+0&!R&z0:1]=[C&D2&v4&H1&+0&!R&z0:2].[C&D3&v4&H0&+0&R&z0:3]1=[C&D2&v4&H1&+0&R&z1:4]-[N&D3&v3&H0&+0&R:5]-[C&D2&v4&H1&+0&R&z1:6]=[C&D2&v4&H1&+0&R&z0:7]-[C&D2&v4&H2&+0&R&z0:8]-1.[O&D1&v2&H0&+0&!R:9]=[O&D1&v2&H0&+0&!R:10]>>[C&D3&v4&H1&+0&R&z1:2]1-[C&D2&v4&H2&+0&R&z1:1]-[O&D2&v2&H0&+0&R:10]-1.[O&D0&v2&H2&+0&!R:9].[c&D3&v4&H0&+0&R&z0:3]1:[c&D2&v4&H1&+0&R&z0:8]:[c&D2&v4&H1&+0&R&z0:7]:[c&D2&v4&H1&+0&R&z1:6]:[n&D3&v4&H0&+&R:5]:[c&D2&v4&H1&+0&R&z1:4]:1	Any;WATER;Any
555_1	Any;NADH_CoF;O2	[C&D1&v4&H2&+0&!R&z0:1]=[C&D2&v4&H1&+0&!R&z0:2].[C&D3&v4&H0&+0&R&z0:3]1=[C&D2&v4&H1&+0&R&z1:4]-[N&D3&v3&H0&+0&R:5]-[C&D2&v4&H1&+0&R&z1:6]=[C&D2&v4&H1&+0&R&z0:7]-[C&D2&v4&H2&+0&R&z0:8]-1.[O&D1&v2&H0&+0&!R:9]=[O&D1&v2&H0&+0&!R:10]>>[C&D3&v4&H1&+0&R&z1:2]1-[C&D2&v4&H2&+0&R&z1:1]-[O&D2&v2&H0&+0&R:10]-1.[O&D0&v2&H2&+0&!R:9].[c&D3&v4&H0&+0&R&z0:3]1:[c&D2&v4&H1&+0&R&z0:8]:[c&D2&v4&H1&+0&R&z0:7]:[c&D2&v4&H1&+0&R&z1:6]:[n&D3&v4&H0&+&R:5]:[c&D2&v4&H1&+0&R&z1:4]:1	Any;WATER;NAD_CoF
2011_0	Any;CO2	[C&D3&v4&H0&+0&R&z1:1]=[C&D2&v4&H1&+0&R&z0:2]-[C&D2&v4&H2&+0&R&z0:3].[O&D1&v2&H0&+0&!R:4]=[C&D2&v4&H0&+0&!R&z2:5]>>[C&D4&v4&H0&+0&R&z1:1](-[C&D3&v4&H0&+0&!R&z2:5]-[O&D1&v2&H1&+0&!R:4])-[C&D2&v4&H1&+0&R&z0:2]=[C&D2&v4&H1&+0&R&z0:3]	Any
150_0	Any	[C&D2&v4&H1&+0&R&z0:1]=[C&D3&v4&H0&+0&R&z0:2]-[C&D2&v4&H2&+0&R&z0:3]>>[C&D2&v4&H2&+0&R&z0:1]-[C&D3&v4&H0&+0&R&z0:2]=[C&D2&v4&H1&+0&R&z0:3]	Any
700_0	Any;WATER;WATER;Any	[C&D3&v4&H0&+0&!R&z1:1]=[O&D1&v2&H0&+0&!R:2].[O&D0&v2&H2&+0&!R:3].[O&D0&v2&H2&+0&!R:4].[c&D3&v4&H0&+0&R&z0:5]1:[c&D2&v4&H1&+0&R&z0:6]:[c&D2&v4&H1&+0&R&z0:7]:[c&D2&v4&H1&+0&R&z1:8]:[n&D3&v4&H0&+&R:9]:[c&D2&v4&H1&+0&R&z1:10]:1>>[C&D3&v4&H0&+0&R&z0:5]1=[C&D2&v4&H1&+0&R&z1:10]-[N&D3&v3&H0&+0&R:9]-[C&D2&v4&H1&+0&R&z1:8]=[C&D2&v4&H1&+0&R&z0:7]-[C&D2&v4&H2&+0&R&z0:6]-1.[C&D3&v4&H1&+0&!R&z1:1]-[O&D1&v2&H1&+0&!R:4].[O&D1&v2&H0&+0&!R:2]=[O&D1&v2&H0&+0&!R:3]	Any;Any;O2
700_1	Any;WATER;WATER;NAD_CoF	[C&D3&v4&H0&+0&!R&z1:1]=[O&D1&v2&H0&+0&!R:2].[O&D0&v2&H2&+0&!R:3].[O&D0&v2&H2&+0&!R:4].[c&D3&v4&H0&+0&R&z0:5]1:[c&D2&v4&H1&+0&R&z0:6]:[c&D2&v4&H1&+0&R&z0:7]:[c&D2&v4&H1&+0&R&z1:8]:[n&D3&v4&H0&+&R:9]:[c&D2&v4&H1&+0&R&z1:10]:1>>[C&D3&v4&H0&+0&R&z0:5]1=[C&D2&v4&H1&+0&R&z1:10]-[N&D3&v3&H0&+0&R:9]-[C&D2&v4&H1&+0&R&z1:8]=[C&D2&v4&H1&+0&R&z0:7]-[C&D2&v4&H2&+0&R&z0:6]-1.[C&D3&v4&H1&+0&!R&z1:1]-[O&D1&v2&H1&+0&!R:4].[O&D1&v2&H0&+0&!R:2]=[O&D1&v2&H0&+0&!R:3]	NADH_CoF;Any;O2
1571_0	Any;Any;Pi	[C&D2&v4&H1&+0&R&z1:1]=[C&D2&v4&H1&+0&R&z0:2].[O&D1&v2&H1&+0&!R:3].[P&D4&v5&H0&+0&!R:4]-[O&D1&v2&H1&+0&!R:5]>>[C&D3&v4&H1&+0&R&z2:1](-[O&D1&v2&H1&+0&!R:5])-[C&D2&v4&H2&+0&R&z0:2].[O&D2&v2&H0&+0&!R:3]-[P&D4&v5&H0&+0&!R:4]	Any;Any
1571_1	Any;PHOSPHATE_ACCEPTOR_CoF;Pi	[C&D2&v4&H1&+0&R&z1:1]=[C&D2&v4&H1&+0&R&z0:2].[O&D1&v2&H1&+0&!R:3].[P&D4&v5&H0&+0&!R:4]-[O&D1&v2&H1&+0&!R:5]>>[C&D3&v4&H1&+0&R&z2:1](-[O&D1&v2&H1&+0&!R:5])-[C&D2&v4&H2&+0&R&z0:2].[O&D2&v2&H0&+0&!R:3]-[P&D4&v5&H0&+0&!R:4]	Any;PHOSPHATE_DONOR_CoF
810_0	Any;Any	[C&D1&v4&H3&+0&!R&z0:1]-[C&D3&v4&H1&+0&!R&z0:2]-[C&D3&v4&H0&+0&!R&z2:3]-[O&D1&v2&H1&+0&!R:4].[c&D3&v4&H0&+0&R&z0:5]1:[c&D2&v4&H1&+0&R&z0:6]:[c&D2&v4&H1&+0&R&z0:7]:[c&D2&v4&H1&+0&R&z1:8]:[n&D3&v4&H0&+&R:9]:[c&D2&v4&H1&+0&R&z1:10]:1>>[C&D1&v4&H2&+0&!R&z0:1]=[C&D2&v4&H1&+0&!R&z0:2].[C&D3&v4&H0&+0&R&z0:5]1=[C&D2&v4&H1&+0&R&z1:10]-[N&D3&v3&H0&+0&R:9]-[C&D2&v4&H1&+0&R&z1:8]=[C&D2&v4&H1&+0&R&z0:7]-[C&D2&v4&H2&+0&R&z0:6]-1.[O&D1&v2&H0&+0&!R:4]=[C&D2&v4&H0&+0&!R&z2:3]	Any;Any;CO2
810_1	Any;NAD_CoF	[C&D1&v4&H3&+0&!R&z0:1]-[C&D3&v4&H1&+0&!R&z0:2]-[C&D3&v4&H0&+0&!R&z2:3]-[O&D1&v2&H1&+0&!R:4].[c&D3&v4&H0&+0&R&z0:5]1:[c&D2&v4&H1&+0&R&z0:6]:[c&D2&v4&H1&+0&R&z0:7]:[c&D2&v4&H1&+0&R&z1:8]:[n&D3&v4&H0&+&R:9]:[c&D2&v4&H1&+0&R&z1:10]:1>>[C&D1&v4&H2&+0&!R&z0:1]=[C&D2&v4&H1&+0&!R&z0:2].[C&D3&v4&H0&+0&R&z0:5]1=[C&D2&v4&H1&+0&R&z1:10]-[N&D3&v3&H0&+0&R:9]-[C&D2&v4&H1&+0&R&z1:8]=[C&D2&v4&H1&+0&R&z0:7]-[C&D2&v4&H2&+0&R&z0:6]-1.[O&D1&v2&H0&+0&!R:4]=[C&D2&v4&H0&+0&!R&z2:3]	Any;NADH_CoF;CO2
114_0	Any;Any	[C&D3&v4&H0&+0&!R&z2:1]-[O&D1&v2&H1&+0&!R:2].[N&D2&v3&H1&+0&R:3]>>[C&D3&v4&H0&+0&!R&z2:1]-[N&D3&v3&H0&+0&R:3].[O&D0&v2&H2&+0&!R:2]	Any;WATER
628_0	Any;WATER;Any	[C&D3&v4&H1&+0&R&z1:1]1-[O&D2&v2&H0&+0&R:2]-[C&D4&v4&H0&+0&R&z1:3]-1.[O&D0&v2&H2&+0&!R:4].[c&D3&v4&H0&+0&R&z0:5]1:[c&D2&v4&H1&+0&R&z0:6]:[c&D2&v4&H1&+0&R&z0:7]:[c&D2&v4&H1&+0&R&z1:8]:[n&D3&v4&H0&+&R:9]:[c&D2&v4&H1&+0&R&z1:10]:1>>[C&D3&v4&H0&+0&!R&z0:3]=[C&D2&v4&H1&+0&!R&z0:1].[C&D3&v4&H0&+0&R&z0:5]1=[C&D2&v4&H1&+0&R&z1:10]-[N&D3&v3&H0&+0&R:9]-[C&D2&v4&H1&+0&R&z1:8]=[C&D2&v4&H1&+0&R&z0:7]-[C&D2&v4&H2&+0&R&z0:6]-1.[O&D1&v2&H0&+0&!R:4]=[O&D1&v2&H0&+0&!R:2]	Any;Any;O2
628_1	Any;WATER;NAD_CoF	[C&D3&v4&H1&+0&R&z1:1]1-[O&D2&v2&H0&+0&R:2]-[C&D4&v4&H0&+0&R&z1:3]-1.[O&D0&v2&H2&+0&!R:4].[c&D3&v4&H0&+0&R&z0:5]1:[c&D2&v4&H1&+0&R&z0:6]:[c&D2&v4&H1&+0&R&z0:7]:[c&D2&v4&H1&+0&R&z1:8]:[n&D3&v4&H0&+&R:9]:[c&D2&v4&H1&+0&R&z1:10]:1>>[C&D3&v4&H0&+0&!R&z0:3]=[C&D2&v4&H1&+0&!R&z0:1].[C&D3&v4&H0&+0&R&z0:5]1=[C&D2&v4&H1&+0&R&z1:10]-[N&D3&v3&H0&+0&R:9]-[C&D2&v4&H1&+0&R&z1:8]=[C&D2&v4&H1&+0&R&z0:7]-[C&D2&v4&H2&+0&R&z0:6]-1.[O&D1&v2&H0&+0&!R:4]=[O&D1&v2&H0&+0&!R:2]	Any;NADH_CoF;O2
1561_0	Any;Any	[C&D3&v4&H0&+0&R&z0:1]1=[C&D2&v4&H1&+0&R&z1:2]-[N&D3&v3&H0&+0&R:3]-[C&D2&v4&H1&+0&R&z1:4]=[C&D2&v4&H1&+0&R&z0:5]-[C&D2&v4&H2&+0&R&z0:6]-1.([C&D3&v4&H0&+0&!R&z2:7](=[O&D1&v2&H0&+0&!R:8])-[O&D1&v2&H1&+0&!R:9].[N&D1&v3&H2&+0&!R:10])>>[C&D2&v4&H1&+0&R&z1:7]=[N&D2&v3&H0&+0&R:10].[O&D0&v2&H2&+0&!R:8].[O&D0&v2&H2&+0&!R:9].[c&D3&v4&H0&+0&R&z0:1]1:[c&D2&v4&H1&+0&R&z0:6]:[c&D2&v4&H1&+0&R&z0:5]:[c&D2&v4&H1&+0&R&z1:4]:[n&D3&v4&H0&+&R:3]:[c&D2&v4&H1&+0&R&z1:2]:1	Any;WATER;WATER;Any
1561_1	NADH_CoF;Any	[C&D3&v4&H0&+0&R&z0:1]1=[C&D2&v4&H1&+0&R&z1:2]-[N&D3&v3&H0&+0&R:3]-[C&D2&v4&H1&+0&R&z1:4]=[C&D2&v4&H1&+0&R&z0:5]-[C&D2&v4&H2&+0&R&z0:6]-1.([C&D3&v4&H0&+0&!R&z2:7](=[O&D1&v2&H0&+0&!R:8])-[O&D1&v2&H1&+0&!R:9].[N&D1&v3&H2&+0&!R:10])>>[C&D2&v4&H1&+0&R&z1:7]=[N&D2&v3&H0&+0&R:10].[O&D0&v2&H2&+0&!R:8].[O&D0&v2&H2&+0&!R:9].[c&D3&v4&H0&+0&R&z0:1]1:[c&D2&v4&H1&+0&R&z0:6]:[c&D2&v4&H1&+0&R&z0:5]:[c&D2&v4&H1&+0&R&z1:4]:[n&D3&v4&H0&+&R:3]:[c&D2&v4&H1&+0&R&z1:2]:1	Any;WATER;WATER;NAD_CoF
1375_0	Any;WATER	[C&D2&v4&H1&+0&!R&z0:1]=[C&D2&v4&H1&+0&!R&z0:2].[O&D0&v2&H2&+0&!R:3]>>[C&D1&v4&H3&+0&!R&z0:2].[C&D2&v4&H1&+0&!R&z1:1]=[O&D1&v2&H0&+0&!R:3]	Any;Any
148_0	Any;WATER;CO2	[C&D2&v4&H2&+0&R&z0:1].[O&D0&v2&H2&+0&!R:2].[O&D1&v2&H0&+0&!R:3]=[C&D2&v4&H0&+0&!R&z2:4]>>[C&D2&v4&H1&+0&!R&z2:4]-[O&D1&v2&H1&+0&!R:3].[C&D3&v4&H1&+0&R&z1:1]-[O&D1&v2&H1&+0&!R:2]	Any;Any
2085_0	O2;Any	[O&D1&v2&H0&+0&!R:1]=[O&D1&v2&H0&+0&!R:2].[c&D3&v4&H0&+0&R&z1:3]1:[c&D2&v4&H1&+0&R&z0:4]:[c&D2&v4&H1&+0&R&z0:5]:[c&D3&v4&H0&+0&R&z1:6]:[c&D3&v4&H0&+0&R&z1:7]:[c&D2&v4&H1&+0&R&z0:8]:1>>[O&D1&v2&H0&+0&!R:1]=[C&D3&v4&H0&+0&!R&z2:6]-[C&D2&v4&H1&+0&!R&z0:5]=[C&D2&v4&H1&+0&!R&z0:4]-[C&D3&v4&H0&+0&!R&z1:3]=[C&D2&v4&H1&+0&!R&z0:8]-[C&D3&v4&H0&+0&!R&z2:7]=[O&D1&v2&H0&+0&!R:2]	Any
201_0	Any;Any	[C&D2&v4&H2&+0&!R&z1:1]-[C&D2&v4&H1&+0&!R&z0:2]=[C&D2&v4&H1&+0&!R&z0:3]-[C&D2&v4&H2&+0&!R&z0:4].[c&D3&v4&H0&+0&R&z0:5]1:[c&D2&v4&H1&+0&R&z0:6]:[c&D2&v4&H1&+0&R&z0:7]:[c&D2&v4&H1&+0&R&z1:8]:[n&D3&v4&H0&+&R:9]:[c&D2&v4&H1&+0&R&z1:10]:1>>[C&D2&v4&H1&+0&!R&z1:1]=[C&D2&v4&H1&+0&!R&z0:2]-[C&D2&v4&H1&+0&!R&z0:3]=[C&D2&v4&H1&+0&!R&z0:4].[C&D3&v4&H0&+0&R&z0:5]1=[C&D2&v4&H1&+0&R&z1:10]-[N&D3&v3&H0&+0&R:9]-[C&D2&v4&H1&+0&R&z1:8]=[C&D2&v4&H1&+0&R&z0:7]-[C&D2&v4&H2&+0&R&z0:6]-1	Any;Any
201_1	Any;NAD_CoF	[C&D2&v4&H2&+0&!R&z1:1]-[C&D2&v4&H1&+0&!R&z0:2]=[C&D2&v4&H1&+0&!R&z0:3]-[C&D2&v4&H2&+0&!R&z0:4].[c&D3&v4&H0&+0&R&z0:5]1:[c&D2&v4&H1&+0&R&z0:6]:[c&D2&v4&H1&+0&R&z0:7]:[c&D2&v4&H1&+0&R&z1:8]:[n&D3&v4&H0&+&R:9]:[c&D2&v4&H1&+0&R&z1:10]:1>>[C&D2&v4&H1&+0&!R&z1:1]=[C&D2&v4&H1&+0&!R&z0:2]-[C&D2&v4&H1&+0&!R&z0:3]=[C&D2&v4&H1&+0&!R&z0:4].[C&D3&v4&H0&+0&R&z0:5]1=[C&D2&v4&H1&+0&R&z1:10]-[N&D3&v3&H0&+0&R:9]-[C&D2&v4&H1&+0&R&z1:8]=[C&D2&v4&H1&+0&R&z0:7]-[C&D2&v4&H2&+0&R&z0:6]-1	Any;NADH_CoF
1743_0	O2;Any	[O&D1&v2&H0&+0&!R:1]=[O&D1&v2&H0&+0&!R:2].[c&D3&v4&H0&+0&R&z0:3]1:[c&D2&v4&H1&+0&R&z1:4]:[n&D2&v3&H1&+0&R:5]:[c&D3&v4&H0&+0&R&z1:6]:[c&D3&v4&H0&+0&R&z0:7]:1>>[C&D3&v4&H0&+0&!R&z1:3](=[O&D1&v2&H0&+0&!R:1])-[c&D3&v4&H0&+0&R&z0:7]:[c&D3&v4&H0&+0&R&z1:6]-[N&D2&v3&H1&+0&!R:5]-[C&D2&v4&H1&+0&!R&z2:4]=[O&D1&v2&H0&+0&!R:2]	Any
1596_0	Any;Any	[C&D3&v4&H0&+0&R&z0:1]1=[C&D2&v4&H1&+0&R&z1:2]-[N&D3&v3&H0&+0&R:3]-[C&D2&v4&H1&+0&R&z1:4]=[C&D2&v4&H1&+0&R&z0:5]-[C&D2&v4&H2&+0&R&z0:6]-1.[O&D1&v2&H0&+0&!R:7]=[C&D2&v4&H1&+0&!R&z2:8]-[O&D1&v2&H1&+0&!R:9]>>[C&D1&v4&H2&+0&!R&z1:8]=[O&D1&v2&H0&+0&!R:7].[O&D0&v2&H2&+0&!R:9].[c&D3&v4&H0&+0&R&z0:1]1:[c&D2&v4&H1&+0&R&z0:6]:[c&D2&v4&H1&+0&R&z0:5]:[c&D2&v4&H1&+0&R&z1:4]:[n&D3&v4&H0&+&R:3]:[c&D2&v4&H1&+0&R&z1:2]:1	Any;WATER;Any
1596_1	NADH_CoF;Any	[C&D3&v4&H0&+0&R&z0:1]1=[C&D2&v4&H1&+0&R&z1:2]-[N&D3&v3&H0&+0&R:3]-[C&D2&v4&H1&+0&R&z1:4]=[C&D2&v4&H1&+0&R&z0:5]-[C&D2&v4&H2&+0&R&z0:6]-1.[O&D1&v2&H0&+0&!R:7]=[C&D2&v4&H1&+0&!R&z2:8]-[O&D1&v2&H1&+0&!R:9]>>[C&D1&v4&H2&+0&!R&z1:8]=[O&D1&v2&H0&+0&!R:7].[O&D0&v2&H2&+0&!R:9].[c&D3&v4&H0&+0&R&z0:1]1:[c&D2&v4&H1&+0&R&z0:6]:[c&D2&v4&H1&+0&R&z0:5]:[c&D2&v4&H1&+0&R&z1:4]:[n&D3&v4&H0&+&R:3]:[c&D2&v4&H1&+0&R&z1:2]:1	Any;WATER;NAD_CoF
1719_0	WATER;Any	[O&D0&v2&H2&+0&!R:1].[S&D2&v2&H0&+0&!R:2]-[C&D2&v4&H1&+0&!R&z2:3]=[O&D1&v2&H0&+0&!R:4]>>[O&D1&v2&H0&+0&!R:4]=[C&D2&v4&H1&+0&!R&z2:3]-[O&D1&v2&H1&+0&!R:1].[S&D1&v2&H1&+0&!R:2]	Any;Any
1719_1	WATER;Any	[O&D0&v2&H2&+0&!R:1].[S&D2&v2&H0&+0&!R:2]-[C&D2&v4&H1&+0&!R&z2:3]=[O&D1&v2&H0&+0&!R:4]>>[O&D1&v2&H0&+0&!R:4]=[C&D2&v4&H1&+0&!R&z2:3]-[O&D1&v2&H1&+0&!R:1].[S&D1&v2&H1&+0&!R:2]	Any;CoA
609_0	Any	([C&D3&v4&H0&+0&!R&z2:1]-[O&D1&v2&H1&+0&!R:2].[C&D3&v4&H0&+0&!R&z2:3]-[S&D2&v2&H0&+0&!R:4])>>([C&D3&v4&H0&+0&!R&z2:3]-[O&D1&v2&H1&+0&!R:2].[C&D3&v4&H0&+0&!R&z2:1]-[S&D2&v2&H0&+0&!R:4])	Any
1634_0	Any	[C&D3&v4&H0&+0&R&z2:1](=[N&D2&v3&H0&+0&R:2])-[C&D4&v4&H0&+0&R&z2:3](-[O&D1&v2&H1&+0&!R:4])-[C&D3&v4&H0&+0&!R&z2:5]-[O&D1&v2&H1&+0&!R:6]>>[C&D3&v4&H1&+0&R&z2:1](-[N&D2&v3&H1&+0&R:2])-[C&D3&v4&H0&+0&R&z2:3]=[O&D1&v2&H0&+0&!R:4].[O&D1&v2&H0&+0&!R:6]=[C&D2&v4&H0&+0&!R&z2:5]	Any;CO2
1853_0	Any;WATER;Any	[C&D3&v4&H1&+0&!R&z2:1]-[O&D1&v2&H1&+0&!R:2].[O&D0&v2&H2&+0&!R:3].[P&D4&v5&H0&+0&!R:4]-[O&D2&v2&H0&+0&!R:5]>>[C&D3&v4&H1&+0&!R&z2:1]-[O&D1&v2&H1&+0&!R:3].[O&D1&v2&H1&+0&!R:5].[P&D4&v5&H0&+0&!R:4]-[O&D1&v2&H1&+0&!R:2]	Any;Pi;Any
1853_1	Any;WATER;PHOSPHATE_DONOR_CoF	[C&D3&v4&H1&+0&!R&z2:1]-[O&D1&v2&H1&+0&!R:2].[O&D0&v2&H2&+0&!R:3].[P&D4&v5&H0&+0&!R:4]-[O&D2&v2&H0&+0&!R:5]>>[C&D3&v4&H1&+0&!R&z2:1]-[O&D1&v2&H1&+0&!R:3].[O&D1&v2&H1&+0&!R:5].[P&D4&v5&H0&+0&!R:4]-[O&D1&v2&H1&+0&!R:2]	Any;Pi;PHOSPHATE_ACCEPTOR_CoF
1871_0	Any;WATER	[C&D2&v4&H2&+0&!R&z1:1]-[P&D4&v5&H0&+0&!R:2].[O&D0&v2&H2&+0&!R:3]>>[C&D1&v4&H3&+0&!R&z0:1].[P&D4&v5&H0&+0&!R:2]-[O&D1&v2&H1&+0&!R:3]	Any;Pi
890_0	Any;PPI	[C&D2&v4&H1&+0&!R&z0:1]=[C&D3&v4&H0&+0&!R&z0:2]-[C&D3&v4&H1&+0&R&z0:3]-[C&D2&v4&H2&+0&R&z0:4].[O&D1&v2&H1&+0&!R:5]>>([C&D2&v4&H2&+0&!R&z0:1]-[C&D3&v4&H0&+0&!R&z0:2]=[C&D2&v4&H1&+0&!R&z0:3].[C&D2&v4&H2&+0&!R&z1:4]-[O&D2&v2&H0&+0&!R:5])	Any
1206_0	Any;CO2	[C&D2&v4&H2&+0&!R&z0:1].[O&D1&v2&H0&+0&!R:2]=[C&D2&v4&H0&+0&!R&z2:3]>>[C&D3&v4&H1&+0&!R&z0:1]-[C&D3&v4&H0&+0&!R&z2:3]-[O&D1&v2&H1&+0&!R:2]	Any
1783_0	Any	([N&D1&v3&H2&+0&!R:1].[c&D3&v4&H0&+0&R&z1:2]-[C&D3&v4&H0&+0&!R&z2:3])>>([C&D3&v4&H0&+0&!R&z3:3]-[N&D2&v3&H1&+0&!R:1].[c&D2&v4&H1&+0&R&z1:2])	Any
1966_0	Any;Any;O2	[C&D3&v4&H0&+0&!R&z1:1]-[C&D3&v4&H0&+0&!R&z2:2]-[O&D1&v2&H1&+0&!R:3].[C&D3&v4&H1&+0&R&z1:4]-[C&D2&v4&H2&+0&R&z0:5].[O&D1&v2&H0&+0&!R:6]=[O&D1&v2&H0&+0&!R:7]>>[C&D3&v4&H0&+0&!R&z2:1]-[O&D1&v2&H1&+0&!R:6].[C&D3&v4&H0&+0&R&z1:4]=[C&D2&v4&H1&+0&R&z0:5].[O&D0&v2&H2&+0&!R:7].[O&D1&v2&H0&+0&!R:3]=[C&D2&v4&H0&+0&!R&z2:2]	Any;Any;WATER;CO2
1326_0	Any;Any	[N&D1&v3&H2&+0&!R:1].[N&D1&v3&H2&+0&!R:2]-[C&D3&v4&H0&+0&!R&z3:3]=[O&D1&v2&H0&+0&!R:4]>>[N&D2&v3&H1&+0&!R:1]-[C&D3&v4&H0&+0&!R&z3:3]=[N&D1&v3&H1&+0&!R:2].[O&D0&v2&H2&+0&!R:4]	Any;WATER
119_0	Any	([N&D1&v3&H2&+0&!R:1].[N&D2&v3&H1&+0&!R:2]-[C&D3&v4&H0&+0&!R&z2:3])>>[C&D3&v4&H0&+0&R&z2:3]-[N&D2&v3&H1&+0&R:1].[N&D1&v3&H2&+0&!R:2]	Any;Any
374_0	WATER;Any;Any	[O&D0&v2&H2&+0&!R:1].[O&D1&v2&H1&+0&!R:2].[c&D3&v4&H0&+0&R&z0:3]1:[c&D2&v4&H1&+0&R&z0:4]:[c&D2&v4&H1&+0&R&z0:5]:[c&D2&v4&H1&+0&R&z1:6]:[n&D3&v4&H0&+&R:7]:[c&D2&v4&H1&+0&R&z1:8]:1>>[C&D3&v4&H0&+0&R&z0:3]1=[C&D2&v4&H1&+0&R&z1:8]-[N&D3&v3&H0&+0&R:7]-[C&D2&v4&H1&+0&R&z1:6]=[C&D2&v4&H1&+0&R&z0:5]-[C&D2&v4&H2&+0&R&z0:4]-1.[O&D2&v2&H0&+0&!R:2]-[O&D1&v2&H1&+0&!R:1]	Any;Any
374_1	WATER;Any;NAD_CoF	[O&D0&v2&H2&+0&!R:1].[O&D1&v2&H1&+0&!R:2].[c&D3&v4&H0&+0&R&z0:3]1:[c&D2&v4&H1&+0&R&z0:4]:[c&D2&v4&H1&+0&R&z0:5]:[c&D2&v4&H1&+0&R&z1:6]:[n&D3&v4&H0&+&R:7]:[c&D2&v4&H1&+0&R&z1:8]:1>>[C&D3&v4&H0&+0&R&z0:3]1=[C&D2&v4&H1&+0&R&z1:8]-[N&D3&v3&H0&+0&R:7]-[C&D2&v4&H1&+0&R&z1:6]=[C&D2&v4&H1&+0&R&z0:5]-[C&D2&v4&H2&+0&R&z0:4]-1.[O&D2&v2&H0&+0&!R:2]-[O&D1&v2&H1&+0&!R:1]	NADH_CoF;Any
1933_0	Any;Pi	[C&D3&v4&H0&+0&!R&z1:1](=[O&D1&v2&H0&+0&!R:2])-[C&D2&v4&H2&+0&!R&z0:3]-[C&D3&v4&H1&+0&!R&z1:4]-[O&D1&v2&H1&+0&!R:5].[P&D4&v5&H0&+0&!R:6]-[O&D1&v2&H1&+0&!R:7]>>[C&D1&v4&H2&+0&!R&z0:3]=[C&D3&v4&H0&+0&!R&z1:1]-[O&D2&v2&H0&+0&!R:2]-[P&D4&v5&H0&+0&!R:6].[O&D0&v2&H2&+0&!R:7].[O&D1&v2&H0&+0&!R:5]=[C&D2&v4&H1&+0&!R&z1:4]	Any;WATER;Any
2080_0	O2;Any	[O&D1&v2&H0&+0&!R:1]=[O&D1&v2&H0&+0&!R:2].[c&D3&v4&H0&+0&R&z1:3]1:[c&D3&v4&H0&+0&R&z1:4]:[c&D2&v4&H1&+0&R&z0:5]:[c&D3&v4&H0&+0&R&z1:6]:[c&D3&v4&H0&+0&R&z1:7]:[c&D3&v4&H0&+0&R&z1:8]:1>>[O&D1&v2&H0&+0&!R:1]=[C&D3&v4&H0&+0&!R&z2:3]-[C&D3&v4&H0&+0&!R&z1:4]=[C&D2&v4&H1&+0&!R&z0:5]-[C&D3&v4&H0&+0&!R&z1:6]=[C&D3&v4&H0&+0&!R&z1:7]-[C&D3&v4&H0&+0&!R&z2:8]=[O&D1&v2&H0&+0&!R:2]	Any
1764_0	Any;Any;WATER	[C&D3&v4&H0&+0&R&z1:1](=[O&D1&v2&H0&+0&!R:2])-[C&D3&v4&H0&+0&R&z1:3]=[O&D1&v2&H0&+0&!R:4].[C&D3&v4&H1&+0&!R&z1:5]-[O&D1&v2&H1&+0&!R:6].[O&D0&v2&H2&+0&!R:7]>>[C&D2&v4&H2&+0&!R&z0:5].[C&D3&v4&H0&+0&R&z1:1](-[O&D1&v2&H1&+0&!R:2])=[C&D3&v4&H0&+0&R&z1:3]-[O&D1&v2&H1&+0&!R:4].[O&D1&v2&H0&+0&!R:6]=[O&D1&v2&H0&+0&!R:7]	Any;Any;O2
1810_0	Any;Any;Pi	[N&D3&v3&H0&+0&!R:1]-[C&D2&v4&H1&+0&!R&z2:2].[O&D1&v2&H1&+0&!R:3].[P&D4&v5&H0&+0&!R:4]-[O&D1&v2&H1&+0&!R:5]>>[C&D2&v4&H1&+0&!R&z2:2]-[O&D1&v2&H1&+0&!R:5].[N&D2&v3&H1&+0&!R:1].[O&D2&v2&H0&+0&!R:3]-[P&D4&v5&H0&+0&!R:4]	Any;Any;Any
1810_1	Any;PHOSPHATE_ACCEPTOR_CoF;Pi	[N&D3&v3&H0&+0&!R:1]-[C&D2&v4&H1&+0&!R&z2:2].[O&D1&v2&H1&+0&!R:3].[P&D4&v5&H0&+0&!R:4]-[O&D1&v2&H1&+0&!R:5]>>[C&D2&v4&H1&+0&!R&z2:2]-[O&D1&v2&H1&+0&!R:5].[N&D2&v3&H1&+0&!R:1].[O&D2&v2&H0&+0&!R:3]-[P&D4&v5&H0&+0&!R:4]	Any;Any;PHOSPHATE_DONOR_CoF
1810_2	FORMYL_DONOR_CoF;PHOSPHATE_ACCEPTOR_CoF;Pi	[N&D3&v3&H0&+0&!R:1]-[C&D2&v4&H1&+0&!R&z2:2].[O&D1&v2&H1&+0&!R:3].[P&D4&v5&H0&+0&!R:4]-[O&D1&v2&H1&+0&!R:5]>>[C&D2&v4&H1&+0&!R&z2:2]-[O&D1&v2&H1&+0&!R:5].[N&D2&v3&H1&+0&!R:1].[O&D2&v2&H0&+0&!R:3]-[P&D4&v5&H0&+0&!R:4]	Any;FORMYL_ACCEPTOR_CoF;PHOSPHATE_DONOR_CoF
1083_0	Any	[C&D4&v4&H0&+0&!R&z1:1](-[O&D1&v2&H1&+0&!R:2])-[C&D2&v4&H2&+0&!R&z0:3]-[C&D3&v4&H0&+0&!R&z2:4]>>[C&D3&v4&H0&+0&!R&z0:1]=[C&D2&v4&H1&+0&!R&z0:3]-[C&D3&v4&H0&+0&!R&z2:4].[O&D0&v2&H2&+0&!R:2]	Any;WATER
2010_0	Any	[C&D4&v4&H0&+0&R&z1:1](-[C&D3&v4&H0&+0&!R&z2:2]-[O&D1&v2&H1&+0&!R:3])-[C&D2&v4&H1&+0&R&z0:4]=[C&D2&v4&H1&+0&R&z0:5]>>[C&D3&v4&H0&+0&R&z1:1]=[C&D2&v4&H1&+0&R&z0:4]-[C&D2&v4&H2&+0&R&z0:5].[O&D1&v2&H0&+0&!R:3]=[C&D2&v4&H0&+0&!R&z2:2]	Any;CO2
1770_0	Any	[N&D1&v3&H2&+0&!R:1]-[C&D2&v4&H2&+0&!R&z1:2]-[C&D2&v4&H2&+0&!R&z0:3]>>[C&D1&v4&H3&+0&!R&z0:2]-[C&D3&v4&H1&+0&!R&z1:3]-[N&D1&v3&H2&+0&!R:1]	Any
1177_0	Any;Any	[C&D2&v4&H1&+0&!R&z0:1]=[C&D3&v4&H0&+0&R&z0:2].[C&D3&v4&H0&+0&R&z0:3]1=[C&D2&v4&H1&+0&R&z1:4]-[N&D3&v3&H0&+0&R:5]-[C&D2&v4&H1&+0&R&z1:6]=[C&D2&v4&H1&+0&R&z0:7]-[C&D2&v4&H2&+0&R&z0:8]-1>>[C&D2&v4&H2&+0&!R&z0:1]-[C&D3&v4&H1&+0&R&z0:2].[c&D3&v4&H0&+0&R&z0:3]1:[c&D2&v4&H1&+0&R&z0:8]:[c&D2&v4&H1&+0&R&z0:7]:[c&D2&v4&H1&+0&R&z1:6]:[n&D3&v4&H0&+&R:5]:[c&D2&v4&H1&+0&R&z1:4]:1	Any;Any
1177_1	Any;NADH_CoF	[C&D2&v4&H1&+0&!R&z0:1]=[C&D3&v4&H0&+0&R&z0:2].[C&D3&v4&H0&+0&R&z0:3]1=[C&D2&v4&H1&+0&R&z1:4]-[N&D3&v3&H0&+0&R:5]-[C&D2&v4&H1&+0&R&z1:6]=[C&D2&v4&H1&+0&R&z0:7]-[C&D2&v4&H2&+0&R&z0:8]-1>>[C&D2&v4&H2&+0&!R&z0:1]-[C&D3&v4&H1&+0&R&z0:2].[c&D3&v4&H0&+0&R&z0:3]1:[c&D2&v4&H1&+0&R&z0:8]:[c&D2&v4&H1&+0&R&z0:7]:[c&D2&v4&H1&+0&R&z1:6]:[n&D3&v4&H0&+&R:5]:[c&D2&v4&H1&+0&R&z1:4]:1	Any;NAD_CoF
1107_0	Any;Any	[C&D3&v4&H1&+0&!R&z1:1]-[O&D2&v2&H0&+0&!R:2].[O&D2&v2&H0&+0&!R:3]-[P&D4&v5&H0&+0&!R:4]>>[C&D3&v4&H1&+0&!R&z1:1]-[O&D2&v2&H0&+0&!R:3].[O&D2&v2&H0&+0&!R:2]-[P&D4&v5&H0&+0&!R:4]	Any;PPI
1107_1	Any;PPI	[C&D3&v4&H1&+0&!R&z1:1]-[O&D2&v2&H0&+0&!R:2].[O&D2&v2&H0&+0&!R:3]-[P&D4&v5&H0&+0&!R:4]>>[C&D3&v4&H1&+0&!R&z1:1]-[O&D2&v2&H0&+0&!R:3].[O&D2&v2&H0&+0&!R:2]-[P&D4&v5&H0&+0&!R:4]	Any;Any
2089_0	O2;Any	[O&D1&v2&H0&+0&!R:1]=[O&D1&v2&H0&+0&!R:2].[c&D3&v4&H0&+0&R&z1:3]1:[c&D2&v4&H1&+0&R&z0:4]:[c&D2&v4&H1&+0&R&z0:5]:[c&D2&v4&H1&+0&R&z0:6]:[c&D3&v4&H0&+0&R&z1:7]:[c&D3&v4&H0&+0&R&z1:8]:1>>[O&D1&v2&H0&+0&!R:1]=[C&D3&v4&H0&+0&!R&z2:3]-[C&D2&v4&H1&+0&!R&z0:4]=[C&D2&v4&H1&+0&!R&z0:5]-[C&D2&v4&H1&+0&!R&z0:6]=[C&D3&v4&H0&+0&!R&z1:7]-[C&D3&v4&H0&+0&!R&z2:8]=[O&D1&v2&H0&+0&!R:2]	Any
1118_0	Any;CO2	[C&D2&v4&H2&+0&R&z0:1].[O&D1&v2&H0&+0&!R:2]=[C&D2&v4&H0&+0&!R&z2:3]>>[C&D3&v4&H1&+0&R&z0:1]-[C&D3&v4&H0&+0&!R&z2:3]-[O&D1&v2&H1&+0&!R:2]	Any
480_0	Any	([C&D1&v4&H2&+0&!R&z0:1]=[C&D3&v4&H0&+0&!R&z0:2]-[C&D2&v4&H2&+0&!R&z0:3].[C&D2&v4&H1&+0&!R&z0:4]=[C&D3&v4&H0&+0&!R&z0:5])>>[C&D3&v4&H0&+0&R&z0:2](=[C&D2&v4&H1&+0&R&z0:3])-[C&D2&v4&H2&+0&R&z0:1]-[C&D4&v4&H0&+0&R&z0:5]-[C&D2&v4&H2&+0&R&z0:4]	Any
172_0	Any	([C&D2&v4&H1&+0&!R&z0:1]=[C&D3&v4&H0&+0&!R&z0:2].[C&D2&v4&H1&+0&!R&z0:3]=[C&D3&v4&H0&+0&!R&z0:4]-[C&D2&v4&H2&+0&!R&z0:5])>>[C&D3&v4&H1&+0&R&z0:3](-[C&D3&v4&H0&+0&R&z0:4]=[C&D2&v4&H1&+0&R&z0:5])-[C&D4&v4&H0&+0&R&z0:2]-[C&D2&v4&H2&+0&R&z0:1]	Any
519_0	Any	[C&D2&v4&H2&+0&!R&z0:1]-[C&D3&v4&H0&+0&!R&z0:2]=[C&D2&v4&H1&+0&!R&z0:3]-[C&D2&v4&H2&+0&!R&z1:4]-[O&D2&v2&H0&+0&!R:5]>>[C&D1&v4&H2&+0&!R&z0:4]=[C&D2&v4&H1&+0&!R&z0:3]-[C&D3&v4&H0&+0&!R&z0:2]=[C&D2&v4&H1&+0&!R&z0:1].[O&D1&v2&H1&+0&!R:5]	Any;PPI
1412_0	Any;Any	[C&D1&v4&H3&+0&!R&z1:1]-[S&D2&v2&H0&+0&!R:2].[N&D2&v3&H1&+0&R:3]>>[C&D1&v4&H3&+0&!R&z1:1]-[N&D3&v3&H0&+0&R:3].[S&D1&v2&H1&+0&!R:2]	Any;Any
1090_0	Any	[C&D3&v4&H1&+0&!R&z1:1](-[O&D1&v2&H1&+0&!R:2])-[C&D3&v4&H0&+0&!R&z2:3]-[O&D1&v2&H1&+0&!R:4]>>[C&D3&v4&H0&+0&!R&z1:1](=[O&D1&v2&H0&+0&!R:2])-[C&D2&v4&H1&+0&!R&z1:3].[O&D0&v2&H2&+0&!R:4]	Any;WATER
2047_0	Any	[C&D3&v4&H1&+0&R&z1:1](-[O&D1&v2&H1&+0&!R:2])-[C&D3&v4&H1&+0&R&z1:3]>>[C&D2&v4&H1&+0&R&z0:1]=[C&D3&v4&H0&+0&R&z1:3].[O&D0&v2&H2&+0&!R:2]	Any;WATER
1023_0	Any;WATER;WATER;Any	[C&D3&v4&H0&+0&R&z0:1]=[C&D2&v4&H1&+0&R&z0:2].[O&D0&v2&H2&+0&!R:3].[O&D0&v2&H2&+0&!R:4].[c&D3&v4&H0&+0&R&z0:5]1:[c&D2&v4&H1&+0&R&z0:6]:[c&D2&v4&H1&+0&R&z0:7]:[c&D2&v4&H1&+0&R&z1:8]:[n&D3&v4&H0&+&R:9]:[c&D2&v4&H1&+0&R&z1:10]:1>>[C&D3&v4&H0&+0&R&z0:5]1=[C&D2&v4&H1&+0&R&z1:10]-[N&D3&v3&H0&+0&R:9]-[C&D2&v4&H1&+0&R&z1:8]=[C&D2&v4&H1&+0&R&z0:7]-[C&D2&v4&H2&+0&R&z0:6]-1.[C&D3&v4&H1&+0&R&z0:1]-[C&D2&v4&H2&+0&R&z0:2].[O&D1&v2&H0&+0&!R:4]=[O&D1&v2&H0&+0&!R:3]	Any;Any;O2
1023_1	Any;WATER;WATER;NAD_CoF	[C&D3&v4&H0&+0&R&z0:1]=[C&D2&v4&H1&+0&R&z0:2].[O&D0&v2&H2&+0&!R:3].[O&D0&v2&H2&+0&!R:4].[c&D3&v4&H0&+0&R&z0:5]1:[c&D2&v4&H1&+0&R&z0:6]:[c&D2&v4&H1&+0&R&z0:7]:[c&D2&v4&H1&+0&R&z1:8]:[n&D3&v4&H0&+&R:9]:[c&D2&v4&H1&+0&R&z1:10]:1>>[C&D3&v4&H0&+0&R&z0:5]1=[C&D2&v4&H1&+0&R&z1:10]-[N&D3&v3&H0&+0&R:9]-[C&D2&v4&H1&+0&R&z1:8]=[C&D2&v4&H1&+0&R&z0:7]-[C&D2&v4&H2&+0&R&z0:6]-1.[C&D3&v4&H1&+0&R&z0:1]-[C&D2&v4&H2&+0&R&z0:2].[O&D1&v2&H0&+0&!R:4]=[O&D1&v2&H0&+0&!R:3]	NADH_CoF;Any;O2
1303_0	O2;Any	[O&D1&v2&H0&+0&!R:1]=[O&D1&v2&H0&+0&!R:2].([C&D2&v4&H1&+0&!R&z0:3]=[C&D3&v4&H0&+0&!R&z0:4].[C&D2&v4&H2&+0&!R&z0:5].[O&D1&v2&H1&+0&!R:6])>>[C&D3&v4&H1&+0&R&z0:5]-[C&D3&v4&H1&+0&R&z0:3]-[C&D4&v4&H0&+0&R&z1:4]-[O&D2&v2&H0&+0&R:6].[O&D1&v2&H1&+0&!R:1]-[O&D1&v2&H1&+0&!R:2]	Any;H2O2
1184_0	Any;WATER	[C&D2&v4&H1&+0&!R&z0:1]=[C&D2&v4&H1&+0&!R&z0:2]-[C&D2&v4&H1&+0&!R&z0:3]=[C&D3&v4&H0&+0&!R&z1:4]-[O&D1&v2&H1&+0&!R:5].[O&D0&v2&H2&+0&!R:6]>>[C&D2&v4&H2&+0&!R&z0:1]-[C&D3&v4&H1&+0&!R&z1:2](-[O&D1&v2&H1&+0&!R:6])-[C&D2&v4&H2&+0&!R&z0:3]-[C&D3&v4&H0&+0&!R&z1:4]=[O&D1&v2&H0&+0&!R:5]	Any
540_0	Any;CoA	[N&D3&v3&H0&+0&R:1]-[C&D3&v4&H0&+0&!R&z2:2].[S&D1&v2&H1&+0&!R:3]>>[C&D3&v4&H0&+0&!R&z2:2]-[S&D2&v2&H0&+0&!R:3].[N&D2&v3&H1&+0&R:1]	ACETYL-COA;Any
540_1	Any;CoA	[N&D3&v3&H0&+0&R:1]-[C&D3&v4&H0&+0&!R&z2:2].[S&D1&v2&H1&+0&!R:3]>>[C&D3&v4&H0&+0&!R&z2:2]-[S&D2&v2&H0&+0&!R:3].[N&D2&v3&H1&+0&R:1]	Any;Any
1477_0	Any;Any	([C&D2&v4&H1&+0&!R&z1:1].[O&D1&v2&H1&+0&!R:2]).[c&D3&v4&H0&+0&R&z0:3]1:[c&D2&v4&H1&+0&R&z0:4]:[c&D2&v4&H1&+0&R&z0:5]:[c&D2&v4&H1&+0&R&z1:6]:[n&D3&v4&H0&+&R:7]:[c&D2&v4&H1&+0&R&z1:8]:1>>[C&D3&v4&H0&+0&R&z0:3]1=[C&D2&v4&H1&+0&R&z1:8]-[N&D3&v3&H0&+0&R:7]-[C&D2&v4&H1&+0&R&z1:6]=[C&D2&v4&H1&+0&R&z0:5]-[C&D2&v4&H2&+0&R&z0:4]-1.[C&D3&v4&H0&+0&R&z2:1]-[O&D2&v2&H0&+0&R:2]	Any;Any
1477_1	Any;NAD_CoF	([C&D2&v4&H1&+0&!R&z1:1].[O&D1&v2&H1&+0&!R:2]).[c&D3&v4&H0&+0&R&z0:3]1:[c&D2&v4&H1&+0&R&z0:4]:[c&D2&v4&H1&+0&R&z0:5]:[c&D2&v4&H1&+0&R&z1:6]:[n&D3&v4&H0&+&R:7]:[c&D2&v4&H1&+0&R&z1:8]:1>>[C&D3&v4&H0&+0&R&z0:3]1=[C&D2&v4&H1&+0&R&z1:8]-[N&D3&v3&H0&+0&R:7]-[C&D2&v4&H1&+0&R&z1:6]=[C&D2&v4&H1&+0&R&z0:5]-[C&D2&v4&H2&+0&R&z0:4]-1.[C&D3&v4&H0&+0&R&z2:1]-[O&D2&v2&H0&+0&R:2]	NADH_CoF;Any
1182_0	Any;WATER	[C&D1&v4&H3&+0&!R&z0:1]-[C&D2&v4&H1&+0&!R&z0:2]=[C&D2&v4&H1&+0&!R&z0:3].[O&D0&v2&H2&+0&!R:4]>>[C&D2&v4&H2&+0&!R&z0:3]-[C&D2&v4&H2&+0&!R&z0:2]-[C&D2&v4&H2&+0&!R&z1:1]-[O&D1&v2&H1&+0&!R:4]	Any
1038_0	Any	([C&D2&v4&H0&+0&!R&z0:1]=[C&D3&v4&H0&+0&R&z0:2].[O&D1&v2&H1&+0&!R:3])>>[C&D2&v4&H1&+0&!R&z0:1]-[C&D4&v4&H0&+0&R&z1:2]-[O&D2&v2&H0&+0&R:3]	Any
1996_0	Any	[C&D3&v4&H0&+0&!R&z0:1]=[C&D2&v4&H1&+0&!R&z0:2]-[C&D2&v4&H1&+0&!R&z0:3]=[C&D3&v4&H0&+0&!R&z1:4]-[O&D1&v2&H1&+0&!R:5]>>[C&D3&v4&H1&+0&!R&z0:1]-[C&D2&v4&H1&+0&!R&z0:2]=[C&D2&v4&H1&+0&!R&z0:3]-[C&D3&v4&H0&+0&!R&z1:4]=[O&D1&v2&H0&+0&!R:5]	Any
2066_0	Any	([C&D2&v4&H1&+0&!R&z1:1].[C&D3&v4&H0&+0&!R&z2:2]-[O&D1&v2&H1&+0&!R:3])>>[C&D3&v4&H0&+0&R&z1:2]-[C&D3&v4&H0&+0&R&z1:1].[O&D0&v2&H2&+0&!R:3]	Any;WATER
153_0	Any;Any	[C&D3&v4&H1&+0&R&z0:1](-[C&D3&v4&H0&+0&!R&z2:2]-[O&D1&v2&H1&+0&!R:3])-[C&D3&v4&H1&+0&R&z1:4]-[O&D1&v2&H1&+0&!R:5].[c&D3&v4&H0&+0&R&z0:6]1:[c&D2&v4&H1&+0&R&z0:7]:[c&D2&v4&H1&+0&R&z0:8]:[c&D2&v4&H1&+0&R&z1:9]:[n&D3&v4&H0&+&R:10]:[c&D2&v4&H1&+0&R&z1:11]:1>>[C&D2&v4&H2&+0&R&z0:1]-[C&D3&v4&H0&+0&R&z1:4]=[O&D1&v2&H0&+0&!R:5].[C&D3&v4&H0&+0&R&z0:6]1=[C&D2&v4&H1&+0&R&z1:11]-[N&D3&v3&H0&+0&R:10]-[C&D2&v4&H1&+0&R&z1:9]=[C&D2&v4&H1&+0&R&z0:8]-[C&D2&v4&H2&+0&R&z0:7]-1.[O&D1&v2&H0&+0&!R:3]=[C&D2&v4&H0&+0&!R&z2:2]	Any;Any;CO2
153_1	Any;NAD_CoF	[C&D3&v4&H1&+0&R&z0:1](-[C&D3&v4&H0&+0&!R&z2:2]-[O&D1&v2&H1&+0&!R:3])-[C&D3&v4&H1&+0&R&z1:4]-[O&D1&v2&H1&+0&!R:5].[c&D3&v4&H0&+0&R&z0:6]1:[c&D2&v4&H1&+0&R&z0:7]:[c&D2&v4&H1&+0&R&z0:8]:[c&D2&v4&H1&+0&R&z1:9]:[n&D3&v4&H0&+&R:10]:[c&D2&v4&H1&+0&R&z1:11]:1>>[C&D2&v4&H2&+0&R&z0:1]-[C&D3&v4&H0&+0&R&z1:4]=[O&D1&v2&H0&+0&!R:5].[C&D3&v4&H0&+0&R&z0:6]1=[C&D2&v4&H1&+0&R&z1:11]-[N&D3&v3&H0&+0&R:10]-[C&D2&v4&H1&+0&R&z1:9]=[C&D2&v4&H1&+0&R&z0:8]-[C&D2&v4&H2&+0&R&z0:7]-1.[O&D1&v2&H0&+0&!R:3]=[C&D2&v4&H0&+0&!R&z2:2]	Any;NADH_CoF;CO2
1918_0	Any	([C&D3&v4&H1&+0&!R&z1:1](-[O&D1&v2&H1&+0&!R:2])-[C&D2&v4&H2&+0&!R&z1:3]-[O&D2&v2&H0&+0&!R:4].[O&D1&v2&H0&+0&!R:5]=[C&D3&v4&H0&+0&!R&z1:6])>>[O&D1&v2&H0&+0&!R:2]=[C&D3&v4&H0&+0&R&z1:1]-[C&D2&v4&H2&+0&R&z0:3]-[C&D4&v4&H0&+0&R&z1:6]-[O&D1&v2&H1&+0&!R:5].[O&D1&v2&H1&+0&!R:4]	Any;Pi
182_0	Any	[C&D2&v4&H1&+0&!R&z1:1]=[C&D2&v4&H1&+0&!R&z1:2]-[S&D2&v2&H0&+0&!R:3]>>[C&D2&v4&H2&+0&!R&z1:1]-[C&D2&v4&H1&+0&!R&z1:2]=[S&D2&v3&H0&+&!R:3]	Any
1050_0	Any;Any	[C&D3&v4&H1&+0&!R&z0:1]-[C&D2&v4&H1&+0&!R&z0:2]=[C&D2&v4&H1&+0&!R&z1:3]-[O&D1&v2&H1&+0&!R:4].[c&D3&v4&H0&+0&R&z0:5]1:[c&D2&v4&H1&+0&R&z0:6]:[c&D2&v4&H1&+0&R&z0:7]:[c&D2&v4&H1&+0&R&z1:8]:[n&D3&v4&H0&+&R:9]:[c&D2&v4&H1&+0&R&z1:10]:1>>[C&D3&v4&H0&+0&!R&z0:1]=[C&D2&v4&H1&+0&!R&z0:2]-[C&D2&v4&H1&+0&!R&z1:3]=[O&D1&v2&H0&+0&!R:4].[C&D3&v4&H0&+0&R&z0:5]1=[C&D2&v4&H1&+0&R&z1:10]-[N&D3&v3&H0&+0&R:9]-[C&D2&v4&H1&+0&R&z1:8]=[C&D2&v4&H1&+0&R&z0:7]-[C&D2&v4&H2&+0&R&z0:6]-1	Any;Any
1050_1	Any;NAD_CoF	[C&D3&v4&H1&+0&!R&z0:1]-[C&D2&v4&H1&+0&!R&z0:2]=[C&D2&v4&H1&+0&!R&z1:3]-[O&D1&v2&H1&+0&!R:4].[c&D3&v4&H0&+0&R&z0:5]1:[c&D2&v4&H1&+0&R&z0:6]:[c&D2&v4&H1&+0&R&z0:7]:[c&D2&v4&H1&+0&R&z1:8]:[n&D3&v4&H0&+&R:9]:[c&D2&v4&H1&+0&R&z1:10]:1>>[C&D3&v4&H0&+0&!R&z0:1]=[C&D2&v4&H1&+0&!R&z0:2]-[C&D2&v4&H1&+0&!R&z1:3]=[O&D1&v2&H0&+0&!R:4].[C&D3&v4&H0&+0&R&z0:5]1=[C&D2&v4&H1&+0&R&z1:10]-[N&D3&v3&H0&+0&R:9]-[C&D2&v4&H1&+0&R&z1:8]=[C&D2&v4&H1&+0&R&z0:7]-[C&D2&v4&H2&+0&R&z0:6]-1	Any;NADH_CoF
1683_0	Any;Any	([O&D1&v2&H1&+0&!R:1].[O&D2&v2&H0&+0&R:2]-[C&D3&v4&H1&+0&R&z2:3]-[O&D1&v2&H1&+0&!R:4]).[c&D3&v4&H0&+0&R&z0:5]1:[c&D2&v4&H1&+0&R&z0:6]:[c&D2&v4&H1&+0&R&z0:7]:[c&D2&v4&H1&+0&R&z1:8]:[n&D3&v4&H0&+&R:9]:[c&D2&v4&H1&+0&R&z1:10]:1>>[C&D3&v4&H0&+0&R&z0:5]1=[C&D2&v4&H1&+0&R&z1:10]-[N&D3&v3&H0&+0&R:9]-[C&D2&v4&H1&+0&R&z1:8]=[C&D2&v4&H1&+0&R&z0:7]-[C&D2&v4&H2&+0&R&z0:6]-1.([O&D1&v2&H0&+0&!R:4]=[C&D3&v4&H0&+0&R&z2:3]-[O&D2&v2&H0&+0&R:1].[O&D1&v2&H1&+0&!R:2])	Any;Any
1683_1	Any;NAD_CoF	([O&D1&v2&H1&+0&!R:1].[O&D2&v2&H0&+0&R:2]-[C&D3&v4&H1&+0&R&z2:3]-[O&D1&v2&H1&+0&!R:4]).[c&D3&v4&H0&+0&R&z0:5]1:[c&D2&v4&H1&+0&R&z0:6]:[c&D2&v4&H1&+0&R&z0:7]:[c&D2&v4&H1&+0&R&z1:8]:[n&D3&v4&H0&+&R:9]:[c&D2&v4&H1&+0&R&z1:10]:1>>[C&D3&v4&H0&+0&R&z0:5]1=[C&D2&v4&H1&+0&R&z1:10]-[N&D3&v3&H0&+0&R:9]-[C&D2&v4&H1&+0&R&z1:8]=[C&D2&v4&H1&+0&R&z0:7]-[C&D2&v4&H2&+0&R&z0:6]-1.([O&D1&v2&H0&+0&!R:4]=[C&D3&v4&H0&+0&R&z2:3]-[O&D2&v2&H0&+0&R:1].[O&D1&v2&H1&+0&!R:2])	NADH_CoF;Any
1025_0	Any;Any	[C&D1&v4&H3&+0&!R&z1:1]-[S&D3&v3&H0&+&!R:2].[C&D2&v4&H2&+0&R&z0:3]>>[C&D3&v4&H1&+0&R&z0:3]-[C&D1&v4&H3&+0&!R&z0:1].[S&D2&v2&H0&+0&!R:2]	Any;Any
1025_1	METHYL_DONOR_CoF;Any	[C&D1&v4&H3&+0&!R&z1:1]-[S&D3&v3&H0&+&!R:2].[C&D2&v4&H2&+0&R&z0:3]>>[C&D3&v4&H1&+0&R&z0:3]-[C&D1&v4&H3&+0&!R&z0:1].[S&D2&v2&H0&+0&!R:2]	Any;METHYL_ACCEPTOR_CoF
919_0	Any	([C&D1&v4&H3&+0&!R&z0:1]-[C&D3&v4&H0&+0&!R&z0:2]=[C&D2&v4&H1&+0&!R&z0:3].[C&D2&v4&H2&+0&!R&z1:4]-[O&D2&v2&H0&+0&!R:5])>>[C&D1&v4&H2&+0&!R&z0:1]=[C&D3&v4&H0&+0&!R&z0:2]-[C&D3&v4&H1&+0&R&z0:3]-[C&D2&v4&H2&+0&R&z0:4].[O&D1&v2&H1&+0&!R:5]	Any;PPI
1496_0	Any;Any;Any	[C&D3&v4&H0&+0&R&z0:1]1=[C&D2&v4&H1&+0&R&z1:2]-[N&D3&v3&H0&+0&R:3]-[C&D2&v4&H1&+0&R&z1:4]=[C&D2&v4&H1&+0&R&z0:5]-[C&D2&v4&H2&+0&R&z0:6]-1.[C&D3&v4&H0&+0&R&z0:7]1=[C&D2&v4&H1&+0&R&z1:8]-[N&D3&v3&H0&+0&R:9]-[C&D2&v4&H1&+0&R&z1:10]=[C&D2&v4&H1&+0&R&z0:11]-[C&D2&v4&H2&+0&R&z0:12]-1.[N&D1&v3&H0&+0&!R:13]#[C&D2&v4&H0&+0&!R&z1:14]>>[N&D1&v3&H2&+0&!R:13]-[C&D2&v4&H2&+0&!R&z1:14].[c&D3&v4&H0&+0&R&z0:7]1:[c&D2&v4&H1&+0&R&z0:12]:[c&D2&v4&H1&+0&R&z0:11]:[c&D2&v4&H1&+0&R&z1:10]:[n&D3&v4&H0&+&R:9]:[c&D2&v4&H1&+0&R&z1:8]:1.[c&D3&v4&H0&+0&R&z0:1]1:[c&D2&v4&H1&+0&R&z0:6]:[c&D2&v4&H1&+0&R&z0:5]:[c&D2&v4&H1&+0&R&z1:4]:[n&D3&v4&H0&+&R:3]:[c&D2&v4&H1&+0&R&z1:2]:1	Any;Any;Any
1496_1	NADH_CoF;NADH_CoF;Any	[C&D3&v4&H0&+0&R&z0:1]1=[C&D2&v4&H1&+0&R&z1:2]-[N&D3&v3&H0&+0&R:3]-[C&D2&v4&H1&+0&R&z1:4]=[C&D2&v4&H1&+0&R&z0:5]-[C&D2&v4&H2&+0&R&z0:6]-1.[C&D3&v4&H0&+0&R&z0:7]1=[C&D2&v4&H1&+0&R&z1:8]-[N&D3&v3&H0&+0&R:9]-[C&D2&v4&H1&+0&R&z1:10]=[C&D2&v4&H1&+0&R&z0:11]-[C&D2&v4&H2&+0&R&z0:12]-1.[N&D1&v3&H0&+0&!R:13]#[C&D2&v4&H0&+0&!R&z1:14]>>[N&D1&v3&H2&+0&!R:13]-[C&D2&v4&H2&+0&!R&z1:14].[c&D3&v4&H0&+0&R&z0:7]1:[c&D2&v4&H1&+0&R&z0:12]:[c&D2&v4&H1&+0&R&z0:11]:[c&D2&v4&H1&+0&R&z1:10]:[n&D3&v4&H0&+&R:9]:[c&D2&v4&H1&+0&R&z1:8]:1.[c&D3&v4&H0&+0&R&z0:1]1:[c&D2&v4&H1&+0&R&z0:6]:[c&D2&v4&H1&+0&R&z0:5]:[c&D2&v4&H1&+0&R&z1:4]:[n&D3&v4&H0&+&R:3]:[c&D2&v4&H1&+0&R&z1:2]:1	Any;NAD_CoF;NAD_CoF
1990_0	Any	[O&D1&v2&H0&+0&!R:1]=[C&D3&v4&H0&+0&!R&z2:2]-[C&D2&v4&H1&+0&!R&z0:3]=[C&D2&v4&H1&+0&!R&z0:4]-[C&D2&v4&H1&+0&!R&z0:5]=[C&D3&v4&H0&+0&!R&z1:6]-[C&D3&v4&H0&+0&!R&z2:7]=[O&D1&v2&H0&+0&!R:8]>>[O&D1&v2&H0&+0&!R:1]=[O&D1&v2&H0&+0&!R:8].[c&D3&v4&H0&+0&R&z1:2]1:[c&D2&v4&H1&+0&R&z0:3]:[c&D2&v4&H1&+0&R&z0:4]:[c&D2&v4&H1&+0&R&z0:5]:[c&D3&v4&H0&+0&R&z1:6]:[c&D3&v4&H0&+0&R&z1:7]:1	O2;Any
1960_0	Any	[O&D1&v2&H0&+0&!R:1]=[C&D3&v4&H0&+0&!R&z2:2]-[C&D4&v4&H0&+0&R&z2:3]1-[C&D2&v4&H1&+0&R&z0:4]=[C&D2&v4&H1&+0&R&z0:5]-[c&D3&v4&H0&+0&R&z0:6]:[c&D3&v4&H0&+0&R&z1:7]-[O&D2&v2&H0&+0&R:8]-1>>[O&D1&v2&H0&+0&!R:1]=[O&D1&v2&H0&+0&!R:8].[c&D3&v4&H0&+0&R&z1:3]1:[c&D2&v4&H1&+0&R&z0:4]:[c&D2&v4&H1&+0&R&z0:5]:[c&D3&v4&H0&+0&R&z0:6]:[c&D3&v4&H0&+0&R&z0:7]:[c&D3&v4&H0&+0&R&z1:2]:1	O2;Any
516_0	Any;WATER	[C&D3&v4&H0&+0&!R&z0:1]=[C&D2&v4&H1&+0&!R&z0:2]-[C&D2&v4&H2&+0&!R&z1:3]-[O&D2&v2&H0&+0&!R:4].[O&D0&v2&H2&+0&!R:5]>>[C&D1&v4&H2&+0&!R&z0:3]=[C&D2&v4&H1&+0&!R&z0:2]-[C&D4&v4&H0&+0&!R&z1:1]-[O&D1&v2&H1&+0&!R:5].[O&D1&v2&H1&+0&!R:4]	Any;PPI
1893_0	Any;WATER	[C&D3&v4&H0&+0&R&z1:1]-[C&D3&v4&H0&+0&R&z1:2].[O&D0&v2&H2&+0&!R:3]>>([C&D2&v4&H1&+0&!R&z1:2].[C&D3&v4&H0&+0&!R&z2:1]-[O&D1&v2&H1&+0&!R:3])	Any
343_0	Any;Any	[S&D1&v2&H1&+0&!R:1].[n&D3&v4&H0&+&R:2]-[C&D3&v4&H1&+0&R&z2:3]>>[S&D2&v2&H0&+0&!R:1]-[C&D3&v4&H1&+0&R&z2:3].[n&D2&v3&H0&+0&R:2]	Any;Any
560_0	Any;Any	[C&D4&v4&H0&+0&R&z1:1]-[O&D2&v2&H0&+0&R:2].[S&D1&v2&H1&+0&!R:3]>>([C&D4&v4&H0&+0&!R&z1:1]-[S&D2&v2&H0&+0&!R:3].[O&D1&v2&H1&+0&!R:2])	Any
389_0	Any;Any;CO2	[C&D1&v4&H3&+0&!R&z1:1]-[S&D3&v3&H0&+&!R:2].[N&D1&v3&H2&+0&!R:3].[O&D1&v2&H0&+0&!R:4]=[C&D2&v4&H0&+0&!R&z2:5]>>[N&D2&v3&H1&+0&!R:3]-[C&D3&v4&H0&+0&!R&z3:5]-[O&D2&v2&H0&+0&!R:4]-[C&D1&v4&H3&+0&!R&z1:1].[S&D2&v2&H0&+0&!R:2]	Any;Any
389_1	METHYL_DONOR_CoF;Any;CO2	[C&D1&v4&H3&+0&!R&z1:1]-[S&D3&v3&H0&+&!R:2].[N&D1&v3&H2&+0&!R:3].[O&D1&v2&H0&+0&!R:4]=[C&D2&v4&H0&+0&!R&z2:5]>>[N&D2&v3&H1&+0&!R:3]-[C&D3&v4&H0&+0&!R&z3:5]-[O&D2&v2&H0&+0&!R:4]-[C&D1&v4&H3&+0&!R&z1:1].[S&D2&v2&H0&+0&!R:2]	Any;METHYL_ACCEPTOR_CoF
935_0	Any	([C&D3&v4&H0&+0&!R&z0:1](-[C&D1&v4&H3&+0&!R&z0:2])=[C&D2&v4&H1&+0&!R&z0:3]-[C&D2&v4&H2&+0&!R&z1:4]-[O&D2&v2&H0&+0&!R:5].[C&D3&v4&H0&+0&!R&z0:6]=[C&D2&v4&H1&+0&!R&z0:7])>>[C&D1&v4&H2&+0&!R&z0:2]=[C&D3&v4&H0&+0&R&z0:1]-[C&D2&v4&H1&+0&R&z0:3]=[C&D2&v4&H1&+0&R&z0:4]-[C&D3&v4&H1&+0&R&z0:7]-[C&D3&v4&H1&+0&!R&z0:6].[O&D1&v2&H1&+0&!R:5]	Any;PPI
43_0	Any;Any	[C&D3&v4&H0&+0&!R&z0:1]-[C&D1&v4&H3&+0&!R&z0:2].[S&D2&v2&H0&+0&!R:3]>>[C&D1&v4&H3&+0&!R&z1:2]-[S&D3&v3&H0&+&!R:3].[C&D2&v4&H1&+0&!R&z0:1]	Any;Any
43_1	Any;METHYL_ACCEPTOR_CoF	[C&D3&v4&H0&+0&!R&z0:1]-[C&D1&v4&H3&+0&!R&z0:2].[S&D2&v2&H0&+0&!R:3]>>[C&D1&v4&H3&+0&!R&z1:2]-[S&D3&v3&H0&+&!R:3].[C&D2&v4&H1&+0&!R&z0:1]	METHYL_DONOR_CoF;Any
1236_0	Any	[C&D2&v4&H1&+0&!R&z0:1]-[C&D3&v4&H1&+0&!R&z1:2](-[C&D2&v4&H2&+0&!R&z0:3])-[O&D2&v2&H0&+0&!R:4]-[O&D1&v2&H1&+0&!R:5]>>[C&D2&v4&H1&+0&!R&z1:1]-[O&D2&v2&H0&+0&!R:4]-[C&D2&v4&H1&+0&!R&z1:2]=[C&D2&v4&H1&+0&!R&z0:3].[O&D0&v2&H2&+0&!R:5]	Any;WATER
636_0	ACETYL-COA;Any	[C&D1&v4&H3&+0&!R&z0:1].[C&D3&v4&H0&+0&!R&z1:2]=[O&D1&v2&H0&+0&!R:3]>>[C&D4&v4&H0&+0&!R&z1:2](-[O&D1&v2&H1&+0&!R:3])-[C&D2&v4&H2&+0&!R&z0:1]	Any
636_1	Any;Any	[C&D1&v4&H3&+0&!R&z0:1].[C&D3&v4&H0&+0&!R&z1:2]=[O&D1&v2&H0&+0&!R:3]>>[C&D4&v4&H0&+0&!R&z1:2](-[O&D1&v2&H1&+0&!R:3])-[C&D2&v4&H2&+0&!R&z0:1]	Any
1268_0	Any	([C&D2&v4&H1&+0&!R&z0:1].[O&D2&v2&H0&+0&R:2]-[O&D2&v2&H0&+0&R:3])>>([O&D1&v2&H1&+0&!R:3].[O&D2&v2&H0&+0&R:2]-[C&D3&v4&H0&+0&R&z1:1])	Any
513_0	Any;PPI	[C&D1&v4&H2&+0&!R&z0:1]=[C&D3&v4&H0&+0&R&z0:2]-[C&D3&v4&H1&+0&R&z0:3]-[C&D3&v4&H1&+0&R&z0:4]-[C&D3&v4&H1&+0&R&z0:5]-[C&D3&v4&H1&+0&!R&z0:6].[O&D1&v2&H1&+0&!R:7]>>([C&D2&v4&H2&+0&!R&z1:4]-[O&D2&v2&H0&+0&!R:7].[C&D3&v4&H0&+0&!R&z0:2](-[C&D1&v4&H3&+0&!R&z0:1])=[C&D2&v4&H1&+0&!R&z0:3].[C&D3&v4&H0&+0&!R&z0:6]=[C&D2&v4&H1&+0&!R&z0:5])	Any
1223_0	Any;Any	[C&D2&v4&H2&+0&!R&z0:1]-[C&D3&v4&H1&+0&R&z0:2].[c&D3&v4&H0&+0&R&z0:3]1:[c&D2&v4&H1&+0&R&z0:4]:[c&D2&v4&H1&+0&R&z0:5]:[c&D2&v4&H1&+0&R&z1:6]:[n&D3&v4&H0&+&R:7]:[c&D2&v4&H1&+0&R&z1:8]:1>>[C&D2&v4&H1&+0&!R&z0:1]=[C&D3&v4&H0&+0&R&z0:2].[C&D3&v4&H0&+0&R&z0:3]1=[C&D2&v4&H1&+0&R&z1:8]-[N&D3&v3&H0&+0&R:7]-[C&D2&v4&H1&+0&R&z1:6]=[C&D2&v4&H1&+0&R&z0:5]-[C&D2&v4&H2&+0&R&z0:4]-1	Any;Any
1223_1	Any;NAD_CoF	[C&D2&v4&H2&+0&!R&z0:1]-[C&D3&v4&H1&+0&R&z0:2].[c&D3&v4&H0&+0&R&z0:3]1:[c&D2&v4&H1&+0&R&z0:4]:[c&D2&v4&H1&+0&R&z0:5]:[c&D2&v4&H1&+0&R&z1:6]:[n&D3&v4&H0&+&R:7]:[c&D2&v4&H1&+0&R&z1:8]:1>>[C&D2&v4&H1&+0&!R&z0:1]=[C&D3&v4&H0&+0&R&z0:2].[C&D3&v4&H0&+0&R&z0:3]1=[C&D2&v4&H1&+0&R&z1:8]-[N&D3&v3&H0&+0&R:7]-[C&D2&v4&H1&+0&R&z1:6]=[C&D2&v4&H1&+0&R&z0:5]-[C&D2&v4&H2&+0&R&z0:4]-1	Any;NADH_CoF
1623_0	H2O2;Any;Any	[O&D1&v2&H1&+0&!R:1]-[O&D1&v2&H1&+0&!R:2].[S&D1&v2&H1&+0&!R:3].[S&D1&v2&H1&+0&!R:4]>>[O&D0&v2&H2&+0&!R:1].[O&D0&v2&H2&+0&!R:2].[S&D2&v2&H0&+0&!R:3]-[S&D2&v2&H0&+0&!R:4]	WATER;WATER;Any
1259_0	Any	([C&D2&v4&H1&+0&!R&z0:1]=[C&D2&v4&H1&+0&!R&z0:2].[O&D2&v2&H0&+0&!R:3]-[O&D1&v2&H1&+0&!R:4])>>[O&D2&v2&H0&+0&R:3]-[C&D3&v4&H1&+0&R&z1:1]-[C&D3&v4&H1&+0&!R&z1:2]-[O&D1&v2&H1&+0&!R:4]	Any
73_0	Any;Any	[C&D3&v4&H0&+0&!R&z3:1]-[O&D1&v2&H1&+0&!R:2].[C&D3&v4&H0&+0&R&z0:3]1=[C&D2&v4&H1&+0&R&z1:4]-[N&D3&v3&H0&+0&R:5]-[C&D2&v4&H1&+0&R&z1:6]=[C&D2&v4&H1&+0&R&z0:7]-[C&D2&v4&H2&+0&R&z0:8]-1>>[C&D2&v4&H1&+0&!R&z2:1].[O&D0&v2&H2&+0&!R:2].[c&D3&v4&H0&+0&R&z0:3]1:[c&D2&v4&H1&+0&R&z0:8]:[c&D2&v4&H1&+0&R&z0:7]:[c&D2&v4&H1&+0&R&z1:6]:[n&D3&v4&H0&+&R:5]:[c&D2&v4&H1&+0&R&z1:4]:1	Any;WATER;Any
73_1	Any;NADH_CoF	[C&D3&v4&H0&+0&!R&z3:1]-[O&D1&v2&H1&+0&!R:2].[C&D3&v4&H0&+0&R&z0:3]1=[C&D2&v4&H1&+0&R&z1:4]-[N&D3&v3&H0&+0&R:5]-[C&D2&v4&H1&+0&R&z1:6]=[C&D2&v4&H1&+0&R&z0:7]-[C&D2&v4&H2&+0&R&z0:8]-1>>[C&D2&v4&H1&+0&!R&z2:1].[O&D0&v2&H2&+0&!R:2].[c&D3&v4&H0&+0&R&z0:3]1:[c&D2&v4&H1&+0&R&z0:8]:[c&D2&v4&H1&+0&R&z0:7]:[c&D2&v4&H1&+0&R&z1:6]:[n&D3&v4&H0&+&R:5]:[c&D2&v4&H1&+0&R&z1:4]:1	Any;WATER;NAD_CoF
2134_0	Any;H2O2	[C&D2&v4&H1&+0&!R&z1:1]=[C&D2&v4&H1&+0&!R&z0:2].[O&D1&v2&H1&+0&!R:3]-[O&D1&v2&H1&+0&!R:4]>>[C&D2&v4&H2&+0&!R&z1:1]-[C&D2&v4&H2&+0&!R&z0:2].[O&D1&v2&H0&+0&!R:3]=[O&D1&v2&H0&+0&!R:4]	Any;O2
101_0	Any;WATER	[C&D3&v4&H0&+0&!R&z3:1](=[O&D1&v2&H0&+0&!R:2])-[S&D2&v2&H0&+0&!R:3].[O&D0&v2&H2&+0&!R:4]>>[C&D3&v4&H0&+0&!R&z3:1](=[O&D1&v2&H0&+0&!R:2])-[O&D1&v2&H1&+0&!R:4].[S&D1&v2&H1&+0&!R:3]	Any;Any
101_1	Any;WATER	[C&D3&v4&H0&+0&!R&z3:1](=[O&D1&v2&H0&+0&!R:2])-[S&D2&v2&H0&+0&!R:3].[O&D0&v2&H2&+0&!R:4]>>[C&D3&v4&H0&+0&!R&z3:1](=[O&D1&v2&H0&+0&!R:2])-[O&D1&v2&H1&+0&!R:4].[S&D1&v2&H1&+0&!R:3]	Any;CoA
1045_0	Any;O2;O2	([C&D2&v4&H1&+0&!R&z0:1]=[C&D3&v4&H0&+0&!R&z0:2].[C&D2&v4&H1&+0&!R&z0:3]=[C&D3&v4&H0&+0&!R&z0:4]).[O&D1&v2&H0&+0&!R:5]=[O&D1&v2&H0&+0&!R:6].[O&D1&v2&H0&+0&!R:7]=[O&D1&v2&H0&+0&!R:8]>>([C&D2&v4&H1&+0&!R&z1:1]=[O&D1&v2&H0&+0&!R:5].[C&D2&v4&H1&+0&!R&z1:3]=[O&D1&v2&H0&+0&!R:6]).[C&D3&v4&H0&+0&!R&z1:2]=[O&D1&v2&H0&+0&!R:7].[C&D3&v4&H0&+0&!R&z1:4]=[O&D1&v2&H0&+0&!R:8]	Any;Any;Any
1782_0	Any	[c&D3&v4&H0&+0&R&z1:1]-[C&D3&v4&H0&+0&!R&z2:2]-[O&D1&v2&H1&+0&!R:3]>>[O&D1&v2&H0&+0&!R:3]=[C&D2&v4&H0&+0&!R&z2:2].[c&D2&v4&H1&+0&R&z1:1]	CO2;Any
445_0	Any;PPI	[C&D1&v4&H2&+0&!R&z0:1]=[C&D3&v4&H0&+0&!R&z0:2]-[C&D3&v4&H1&+0&R&z0:3]-[C&D2&v4&H2&+0&R&z0:4].[O&D1&v2&H1&+0&!R:5]>>([C&D1&v4&H3&+0&!R&z0:1]-[C&D3&v4&H0&+0&!R&z0:2]=[C&D2&v4&H1&+0&!R&z0:3].[C&D2&v4&H2&+0&!R&z1:4]-[O&D2&v2&H0&+0&!R:5])	Any
804_0	Any;WATER	[C&D3&v4&H0&+0&!R&z1:1]-[c&D3&v4&H0&+0&R&z0:2].[O&D0&v2&H2&+0&!R:3]>>[C&D3&v4&H0&+0&!R&z2:1]-[O&D1&v2&H1&+0&!R:3].[c&D2&v4&H1&+0&R&z0:2]	Any;Any
1865_0	Any;Any;WATER;WATER	[C&D3&v4&H0&+0&R&z1:1]-[O&D2&v2&H0&+0&R:2].[C&D3&v4&H0&+0&R&z1:3]-[O&D2&v2&H0&+0&R:4].[O&D0&v2&H2&+0&!R:5].[O&D0&v2&H2&+0&!R:6]>>([C&D2&v4&H1&+0&!R&z0:1].[O&D1&v2&H1&+0&!R:2]).([C&D2&v4&H1&+0&!R&z0:3].[O&D1&v2&H1&+0&!R:4]).[O&D1&v2&H0&+0&!R:5]=[O&D1&v2&H0&+0&!R:6]	Any;Any;O2
1233_0	Any	[C&D3&v4&H1&+0&R&z1:1]1-[O&D2&v2&H0&+0&R:2]-[C&D3&v4&H0&+0&R&z1:3]-1=[C&D2&v4&H1&+0&!R&z0:4]-[C&D2&v4&H1&+0&!R&z0:5]=[C&D2&v4&H1&+0&!R&z0:6]>>[C&D3&v4&H1&+0&R&z0:1]1-[C&D3&v4&H0&+0&R&z1:3](=[O&D1&v2&H0&+0&!R:2])-[C&D2&v4&H1&+0&R&z0:4]=[C&D2&v4&H1&+0&R&z0:5]-[C&D3&v4&H1&+0&R&z0:6]-1	Any
2088_0	O2;Any	[O&D1&v2&H0&+0&!R:1]=[O&D1&v2&H0&+0&!R:2].[c&D3&v4&H0&+0&R&z1:3]1:[c&D2&v4&H1&+0&R&z0:4]:[c&D2&v4&H1&+0&R&z0:5]:[c&D3&v4&H0&+0&R&z0:6]:[c&D3&v4&H0&+0&R&z0:7]:[c&D3&v4&H0&+0&R&z1:8]:1>>[O&D1&v2&H0&+0&!R:1]=[C&D3&v4&H0&+0&!R&z2:8]-[C&D4&v4&H0&+0&R&z2:3]1-[C&D2&v4&H1&+0&R&z0:4]=[C&D2&v4&H1&+0&R&z0:5]-[c&D3&v4&H0&+0&R&z0:6]:[c&D3&v4&H0&+0&R&z1:7]-[O&D2&v2&H0&+0&R:2]-1	Any
1916_0	Any;Any	[C&D3&v4&H0&+0&!R&z1:1]-[C&D3&v4&H1&+0&!R&z1:2]-[O&D1&v2&H1&+0&!R:3].[O&D1&v2&H0&+0&!R:4]=[C&D2&v4&H1&+0&!R&z1:5]>>[C&D3&v4&H0&+0&!R&z1:1]-[C&D3&v4&H1&+0&!R&z1:5]-[O&D1&v2&H1&+0&!R:4].[O&D1&v2&H0&+0&!R:3]=[C&D2&v4&H1&+0&!R&z1:2]	Any;Any
1180_0	Any;NH3	[C&D2&v4&H1&+0&!R&z0:1]=[C&D2&v4&H1&+0&!R&z0:2].[N&D0&v3&H3&+0&!R:3]>>[C&D3&v4&H1&+0&!R&z1:1](-[N&D1&v3&H2&+0&!R:3])-[C&D2&v4&H2&+0&!R&z0:2]	Any
454_0	Any;Any;O2	[C&D3&v4&H0&+0&R&z0:1]1=[C&D2&v4&H1&+0&R&z1:2]-[N&D3&v3&H0&+0&R:3]-[C&D2&v4&H1&+0&R&z1:4]=[C&D2&v4&H1&+0&R&z0:5]-[C&D2&v4&H2&+0&R&z0:6]-1.[C&D3&v4&H1&+0&R&z0:7]-[C&D3&v4&H0&+0&R&z1:8].[O&D1&v2&H0&+0&!R:9]=[O&D1&v2&H0&+0&!R:10]>>[C&D3&v4&H1&+0&R&z1:7]-[O&D2&v2&H0&+0&R:10]-[C&D3&v4&H0&+0&R&z2:8].[O&D0&v2&H2&+0&!R:9].[c&D3&v4&H0&+0&R&z0:1]1:[c&D2&v4&H1&+0&R&z0:6]:[c&D2&v4&H1&+0&R&z0:5]:[c&D2&v4&H1&+0&R&z1:4]:[n&D3&v4&H0&+&R:3]:[c&D2&v4&H1&+0&R&z1:2]:1	Any;WATER;Any
454_1	NADH_CoF;Any;O2	[C&D3&v4&H0&+0&R&z0:1]1=[C&D2&v4&H1&+0&R&z1:2]-[N&D3&v3&H0&+0&R:3]-[C&D2&v4&H1&+0&R&z1:4]=[C&D2&v4&H1&+0&R&z0:5]-[C&D2&v4&H2&+0&R&z0:6]-1.[C&D3&v4&H1&+0&R&z0:7]-[C&D3&v4&H0&+0&R&z1:8].[O&D1&v2&H0&+0&!R:9]=[O&D1&v2&H0&+0&!R:10]>>[C&D3&v4&H1&+0&R&z1:7]-[O&D2&v2&H0&+0&R:10]-[C&D3&v4&H0&+0&R&z2:8].[O&D0&v2&H2&+0&!R:9].[c&D3&v4&H0&+0&R&z0:1]1:[c&D2&v4&H1&+0&R&z0:6]:[c&D2&v4&H1&+0&R&z0:5]:[c&D2&v4&H1&+0&R&z1:4]:[n&D3&v4&H0&+&R:3]:[c&D2&v4&H1&+0&R&z1:2]:1	Any;WATER;NAD_CoF
1330_0	Any;Any;O2	[C&D3&v4&H0&+0&!R&z1:1]-[C&D3&v4&H0&+0&!R&z2:2]-[O&D1&v2&H1&+0&!R:3].[C&D3&v4&H0&+0&R&z1:4]=[C&D2&v4&H1&+0&!R&z0:5].[O&D1&v2&H0&+0&!R:6]=[O&D1&v2&H0&+0&!R:7]>>[C&D3&v4&H0&+0&!R&z2:1]-[O&D1&v2&H1&+0&!R:6].[C&D4&v4&H0&+0&R&z2:4]1-[O&D2&v2&H0&+0&R:7]-[C&D3&v4&H1&+0&R&z1:5]-1.[O&D1&v2&H0&+0&!R:3]=[C&D2&v4&H0&+0&!R&z2:2]	Any;Any;CO2
676_0	Any;Any	[C&D1&v4&H3&+0&!R&z0:1].[O&D1&v2&H0&+0&!R:2]=[C&D2&v4&H1&+0&!R&z1:3]>>[C&D2&v4&H1&+0&!R&z0:1]=[C&D2&v4&H1&+0&!R&z0:3].[O&D0&v2&H2&+0&!R:2]	Any;WATER
1649_0	Any;Any	[N&D2&v3&H1&+0&!R:1]-[O&D1&v2&H1&+0&!R:2].[c&D3&v4&H0&+0&R&z0:3]1:[c&D2&v4&H1&+0&R&z0:4]:[c&D2&v4&H1&+0&R&z0:5]:[c&D2&v4&H1&+0&R&z1:6]:[n&D3&v4&H0&+&R:7]:[c&D2&v4&H1&+0&R&z1:8]:1>>[C&D3&v4&H0&+0&R&z0:3]1=[C&D2&v4&H1&+0&R&z1:8]-[N&D3&v3&H0&+0&R:7]-[C&D2&v4&H1&+0&R&z1:6]=[C&D2&v4&H1&+0&R&z0:5]-[C&D2&v4&H2&+0&R&z0:4]-1.[N&D2&v3&H0&+0&!R:1]=[O&D1&v2&H0&+0&!R:2]	Any;Any
1649_1	Any;NAD_CoF	[N&D2&v3&H1&+0&!R:1]-[O&D1&v2&H1&+0&!R:2].[c&D3&v4&H0&+0&R&z0:3]1:[c&D2&v4&H1&+0&R&z0:4]:[c&D2&v4&H1&+0&R&z0:5]:[c&D2&v4&H1&+0&R&z1:6]:[n&D3&v4&H0&+&R:7]:[c&D2&v4&H1&+0&R&z1:8]:1>>[C&D3&v4&H0&+0&R&z0:3]1=[C&D2&v4&H1&+0&R&z1:8]-[N&D3&v3&H0&+0&R:7]-[C&D2&v4&H1&+0&R&z1:6]=[C&D2&v4&H1&+0&R&z0:5]-[C&D2&v4&H2&+0&R&z0:4]-1.[N&D2&v3&H0&+0&!R:1]=[O&D1&v2&H0&+0&!R:2]	NADH_CoF;Any
600_0	Any;NH3;H2O2	[C&D1&v4&H2&+0&!R&z1:1]=[O&D1&v2&H0&+0&!R:2].[N&D0&v3&H3&+0&!R:3].[O&D1&v2&H1&+0&!R:4]-[O&D1&v2&H1&+0&!R:5]>>[C&D1&v4&H3&+0&!R&z1:1]-[N&D1&v3&H2&+0&!R:3].[O&D0&v2&H2&+0&!R:2].[O&D1&v2&H0&+0&!R:4]=[O&D1&v2&H0&+0&!R:5]	Any;WATER;O2
439_0	HCN;WATER	[C&D1&v4&H1&+0&!R&z1:1]#[N&D1&v3&H0&+0&!R:2].[O&D0&v2&H2&+0&!R:3]>>[N&D1&v3&H2&+0&!R:2]-[C&D2&v4&H1&+0&!R&z2:1]=[O&D1&v2&H0&+0&!R:3]	Any
642_0	Any;CoA	[C&D3&v4&H0&+0&!R&z1:1]-[C&D3&v4&H0&+0&!R&z2:2].[S&D1&v2&H1&+0&!R:3]>>[C&D2&v4&H1&+0&!R&z2:2].[C&D3&v4&H0&+0&!R&z2:1]-[S&D2&v2&H0&+0&!R:3]	Any;ACETYL-COA
642_1	Any;CoA	[C&D3&v4&H0&+0&!R&z1:1]-[C&D3&v4&H0&+0&!R&z2:2].[S&D1&v2&H1&+0&!R:3]>>[C&D2&v4&H1&+0&!R&z2:2].[C&D3&v4&H0&+0&!R&z2:1]-[S&D2&v2&H0&+0&!R:3]	Any;Any
315_0	Any;ACETYL-COA	[N&D2&v3&H1&+0&!R:1].[S&D2&v2&H0&+0&!R:2]-[C&D3&v4&H0&+0&!R&z2:3]>>[C&D3&v4&H0&+0&!R&z2:3]-[N&D3&v3&H0&+0&!R:1].[S&D1&v2&H1&+0&!R:2]	Any;CoA
315_1	Any;Any	[N&D2&v3&H1&+0&!R:1].[S&D2&v2&H0&+0&!R:2]-[C&D3&v4&H0&+0&!R&z2:3]>>[C&D3&v4&H0&+0&!R&z2:3]-[N&D3&v3&H0&+0&!R:1].[S&D1&v2&H1&+0&!R:2]	Any;Any
1974_0	Any	[C&D3&v4&H1&+0&R&z2:1]-[C&D3&v4&H1&+0&R&z1:2]-[C&D3&v4&H1&+0&R&z1:3]>>[C&D4&v4&H0&+0&R&z2:1](-[C&D2&v4&H2&+0&!R&z1:2])-[C&D3&v4&H1&+0&R&z1:3]	Any
964_0	Any;Any	[C&D3&v4&H0&+0&!R&z0:1]=[C&D2&v4&H1&+0&!R&z0:2]-[C&D2&v4&H2&+0&!R&z1:3]-[O&D2&v2&H0&+0&!R:4].[c&D2&v4&H1&+0&R&z0:5]>>[C&D1&v4&H2&+0&!R&z0:3]=[C&D2&v4&H1&+0&!R&z0:2]-[C&D4&v4&H0&+0&!R&z0:1]-[c&D3&v4&H0&+0&R&z0:5].[O&D1&v2&H1&+0&!R:4]	Any;PPI
964_1	PRENYL_DONOR_CoF;Any	[C&D3&v4&H0&+0&!R&z0:1]=[C&D2&v4&H1&+0&!R&z0:2]-[C&D2&v4&H2&+0&!R&z1:3]-[O&D2&v2&H0&+0&!R:4].[c&D2&v4&H1&+0&R&z0:5]>>[C&D1&v4&H2&+0&!R&z0:3]=[C&D2&v4&H1&+0&!R&z0:2]-[C&D4&v4&H0&+0&!R&z0:1]-[c&D3&v4&H0&+0&R&z0:5].[O&D1&v2&H1&+0&!R:4]	Any;PRENYL_ACCEPTOR_CoF
791_0	ACETYL-COA;CO3;Any	[C&D1&v4&H3&+0&!R&z0:1]-[C&D3&v4&H0&+0&!R&z2:2](=[O&D1&v2&H0&+0&!R:3])-[S&D2&v2&H0&+0&!R:4].[C&D3&v4&H0&+0&!R&z3:5]-[O&D1&v2&H1&+0&!R:6].[C&D3&v4&H0&+0&R&z0:7]1=[C&D2&v4&H1&+0&R&z1:8]-[N&D3&v3&H0&+0&R:9]-[C&D2&v4&H1&+0&R&z1:10]=[C&D2&v4&H1&+0&R&z0:11]-[C&D2&v4&H2&+0&R&z0:12]-1>>[O&D0&v2&H2&+0&!R:6].[O&D1&v2&H0&+0&!R:3]=[C&D2&v4&H1&+0&!R&z1:2]-[C&D2&v4&H2&+0&!R&z0:1]-[C&D3&v4&H0&+0&!R&z2:5].[S&D1&v2&H1&+0&!R:4].[c&D3&v4&H0&+0&R&z0:7]1:[c&D2&v4&H1&+0&R&z0:12]:[c&D2&v4&H1&+0&R&z0:11]:[c&D2&v4&H1&+0&R&z1:10]:[n&D3&v4&H0&+&R:9]:[c&D2&v4&H1&+0&R&z1:8]:1	WATER;Any;CoA;Any
791_1	ACETYL-COA;CO3;NADH_CoF	[C&D1&v4&H3&+0&!R&z0:1]-[C&D3&v4&H0&+0&!R&z2:2](=[O&D1&v2&H0&+0&!R:3])-[S&D2&v2&H0&+0&!R:4].[C&D3&v4&H0&+0&!R&z3:5]-[O&D1&v2&H1&+0&!R:6].[C&D3&v4&H0&+0&R&z0:7]1=[C&D2&v4&H1&+0&R&z1:8]-[N&D3&v3&H0&+0&R:9]-[C&D2&v4&H1&+0&R&z1:10]=[C&D2&v4&H1&+0&R&z0:11]-[C&D2&v4&H2&+0&R&z0:12]-1>>[O&D0&v2&H2&+0&!R:6].[O&D1&v2&H0&+0&!R:3]=[C&D2&v4&H1&+0&!R&z1:2]-[C&D2&v4&H2&+0&!R&z0:1]-[C&D3&v4&H0&+0&!R&z2:5].[S&D1&v2&H1&+0&!R:4].[c&D3&v4&H0&+0&R&z0:7]1:[c&D2&v4&H1&+0&R&z0:12]:[c&D2&v4&H1&+0&R&z0:11]:[c&D2&v4&H1&+0&R&z1:10]:[n&D3&v4&H0&+&R:9]:[c&D2&v4&H1&+0&R&z1:8]:1	WATER;Any;CoA;NAD_CoF
489_0	Any	([C&D2&v4&H1&+0&R&z0:1].[C&D3&v4&H0&+0&R&z0:2]-[C&D3&v4&H0&+0&!R&z2:3])>>([C&D2&v4&H1&+0&R&z0:2].[C&D3&v4&H0&+0&R&z0:1]-[C&D3&v4&H0&+0&!R&z2:3])	Any
1897_0	WATER;CO2	[O&D0&v2&H2&+0&!R:1].[O&D1&v2&H0&+0&!R:2]=[C&D2&v4&H0&+0&!R&z2:3]>>[C&D3&v4&H0&+0&!R&z3:3](-[O&D1&v2&H1&+0&!R:2])-[O&D1&v2&H1&+0&!R:1]	CO3
2014_0	Any	[C&D3&v4&H1&+0&R&z1:1]-[C&D2&v4&H1&+0&R&z0:2]=[C&D2&v4&H1&+0&R&z0:3]-[C&D3&v4&H0&+0&R&z2:4]>>[C&D3&v4&H0&+0&R&z1:1]=[C&D2&v4&H1&+0&R&z0:2]-[C&D2&v4&H2&+0&R&z0:3]-[C&D3&v4&H0&+0&R&z2:4]	Any
1978_0	Any	[O&D1&v2&H0&+0&!R:1]=[C&D3&v4&H0&+0&!R&z2:2]-[C&D2&v4&H1&+0&!R&z0:3]=[C&D3&v4&H0&+0&!R&z0:4]-[C&D2&v4&H2&+0&!R&z0:5]-[C&D3&v4&H0&+0&!R&z1:6](=[O&D1&v2&H0&+0&!R:7])-[C&D3&v4&H0&+0&!R&z2:8]=[O&D1&v2&H0&+0&!R:9]>>[O&D1&v2&H0&+0&!R:1]=[O&D1&v2&H0&+0&!R:9].[c&D3&v4&H0&+0&R&z0:4]1:[c&D2&v4&H1&+0&R&z0:5]:[c&D3&v4&H0&+0&R&z1:6](-[O&D1&v2&H1&+0&!R:7]):[c&D3&v4&H0&+0&R&z1:8]:[c&D3&v4&H0&+0&R&z1:2]:[c&D2&v4&H1&+0&R&z0:3]:1	O2;Any
1042_0	Any;Any	[C&D3&v4&H0&+0&R&z1:1](-[O&D1&v2&H1&+0&!R:2])=[C&D3&v4&H0&+0&R&z1:3]-[O&D1&v2&H1&+0&!R:4].[C&D4&v4&H0&+0&R&z1:5]1-[O&D2&v2&H0&+0&R:6]-[C&D4&v4&H0&+0&R&z1:7]-1>>[C&D3&v4&H0&+0&R&z0:5]=[C&D3&v4&H0&+0&R&z0:7].[C&D3&v4&H0&+0&R&z1:1](=[O&D1&v2&H0&+0&!R:2])-[C&D3&v4&H0&+0&R&z1:3]=[O&D1&v2&H0&+0&!R:4].[O&D0&v2&H2&+0&!R:6]	Any;Any;WATER
754_0	Any	[C&D3&v4&H1&+0&R&z1:1]-[C&D3&v4&H0&+0&!R&z2:2]-[O&D1&v2&H1&+0&!R:3]>>[C&D2&v4&H2&+0&R&z1:1].[O&D1&v2&H0&+0&!R:3]=[C&D2&v4&H0&+0&!R&z2:2]	Any;CO2
351_0	Any;Any	[C&D3&v4&H0&+0&R&z0:1]1=[C&D2&v4&H1&+0&R&z1:2]-[N&D3&v3&H0&+0&R:3]-[C&D2&v4&H1&+0&R&z1:4]=[C&D2&v4&H1&+0&R&z0:5]-[C&D2&v4&H2&+0&R&z0:6]-1.[S&D2&v2&H0&+0&!R:7]-[S&D2&v2&H0&+0&!R:8]>>[S&D1&v2&H1&+0&!R:7].[S&D1&v2&H1&+0&!R:8].[c&D3&v4&H0&+0&R&z0:1]1:[c&D2&v4&H1&+0&R&z0:6]:[c&D2&v4&H1&+0&R&z0:5]:[c&D2&v4&H1&+0&R&z1:4]:[n&D3&v4&H0&+&R:3]:[c&D2&v4&H1&+0&R&z1:2]:1	Any;Any;Any
351_1	Any;Any	[C&D3&v4&H0&+0&R&z0:1]1=[C&D2&v4&H1&+0&R&z1:2]-[N&D3&v3&H0&+0&R:3]-[C&D2&v4&H1&+0&R&z1:4]=[C&D2&v4&H1&+0&R&z0:5]-[C&D2&v4&H2&+0&R&z0:6]-1.[S&D2&v2&H0&+0&!R:7]-[S&D2&v2&H0&+0&!R:8]>>[S&D1&v2&H1&+0&!R:7].[S&D1&v2&H1&+0&!R:8].[c&D3&v4&H0&+0&R&z0:1]1:[c&D2&v4&H1&+0&R&z0:6]:[c&D2&v4&H1&+0&R&z0:5]:[c&D2&v4&H1&+0&R&z1:4]:[n&D3&v4&H0&+&R:3]:[c&D2&v4&H1&+0&R&z1:2]:1	CoA;Any;Any
351_2	Any;Any	[C&D3&v4&H0&+0&R&z0:1]1=[C&D2&v4&H1&+0&R&z1:2]-[N&D3&v3&H0&+0&R:3]-[C&D2&v4&H1&+0&R&z1:4]=[C&D2&v4&H1&+0&R&z0:5]-[C&D2&v4&H2&+0&R&z0:6]-1.[S&D2&v2&H0&+0&!R:7]-[S&D2&v2&H0&+0&!R:8]>>[S&D1&v2&H1&+0&!R:7].[S&D1&v2&H1&+0&!R:8].[c&D3&v4&H0&+0&R&z0:1]1:[c&D2&v4&H1&+0&R&z0:6]:[c&D2&v4&H1&+0&R&z0:5]:[c&D2&v4&H1&+0&R&z1:4]:[n&D3&v4&H0&+&R:3]:[c&D2&v4&H1&+0&R&z1:2]:1	CoA;CoA;Any
351_3	NADH_CoF;Any	[C&D3&v4&H0&+0&R&z0:1]1=[C&D2&v4&H1&+0&R&z1:2]-[N&D3&v3&H0&+0&R:3]-[C&D2&v4&H1&+0&R&z1:4]=[C&D2&v4&H1&+0&R&z0:5]-[C&D2&v4&H2&+0&R&z0:6]-1.[S&D2&v2&H0&+0&!R:7]-[S&D2&v2&H0&+0&!R:8]>>[S&D1&v2&H1&+0&!R:7].[S&D1&v2&H1&+0&!R:8].[c&D3&v4&H0&+0&R&z0:1]1:[c&D2&v4&H1&+0&R&z0:6]:[c&D2&v4&H1&+0&R&z0:5]:[c&D2&v4&H1&+0&R&z1:4]:[n&D3&v4&H0&+&R:3]:[c&D2&v4&H1&+0&R&z1:2]:1	Any;Any;NAD_CoF
351_4	NADH_CoF;Any	[C&D3&v4&H0&+0&R&z0:1]1=[C&D2&v4&H1&+0&R&z1:2]-[N&D3&v3&H0&+0&R:3]-[C&D2&v4&H1&+0&R&z1:4]=[C&D2&v4&H1&+0&R&z0:5]-[C&D2&v4&H2&+0&R&z0:6]-1.[S&D2&v2&H0&+0&!R:7]-[S&D2&v2&H0&+0&!R:8]>>[S&D1&v2&H1&+0&!R:7].[S&D1&v2&H1&+0&!R:8].[c&D3&v4&H0&+0&R&z0:1]1:[c&D2&v4&H1&+0&R&z0:6]:[c&D2&v4&H1&+0&R&z0:5]:[c&D2&v4&H1&+0&R&z1:4]:[n&D3&v4&H0&+&R:3]:[c&D2&v4&H1&+0&R&z1:2]:1	CoA;Any;NAD_CoF
351_5	NADH_CoF;Any	[C&D3&v4&H0&+0&R&z0:1]1=[C&D2&v4&H1&+0&R&z1:2]-[N&D3&v3&H0&+0&R:3]-[C&D2&v4&H1&+0&R&z1:4]=[C&D2&v4&H1&+0&R&z0:5]-[C&D2&v4&H2&+0&R&z0:6]-1.[S&D2&v2&H0&+0&!R:7]-[S&D2&v2&H0&+0&!R:8]>>[S&D1&v2&H1&+0&!R:7].[S&D1&v2&H1&+0&!R:8].[c&D3&v4&H0&+0&R&z0:1]1:[c&D2&v4&H1&+0&R&z0:6]:[c&D2&v4&H1&+0&R&z0:5]:[c&D2&v4&H1&+0&R&z1:4]:[n&D3&v4&H0&+&R:3]:[c&D2&v4&H1&+0&R&z1:2]:1	CoA;CoA;NAD_CoF
1949_0	Any	[C&D3&v4&H0&+0&!R&z1:1](-[O&D1&v2&H1&+0&!R:2])=[C&D2&v4&H1&+0&!R&z0:3]>>[C&D3&v4&H0&+0&!R&z1:1](=[O&D1&v2&H0&+0&!R:2])-[C&D2&v4&H2&+0&!R&z0:3]	Any
1138_0	Any;PPI	[C&D3&v4&H1&+0&R&z0:1](-[C&D3&v4&H1&+0&R&z0:2]-[C&D3&v4&H0&+0&R&z0:3]=[C&D2&v4&H1&+0&R&z0:4])-[C&D3&v4&H1&+0&R&z0:5]-[C&D3&v4&H1&+0&!R&z0:6].[O&D1&v2&H1&+0&!R:7]>>([C&D2&v4&H2&+0&!R&z0:4]-[C&D3&v4&H0&+0&!R&z0:3]=[C&D2&v4&H1&+0&!R&z0:2].[C&D2&v4&H2&+0&!R&z1:1]-[O&D2&v2&H0&+0&!R:7].[C&D3&v4&H0&+0&!R&z0:6]=[C&D2&v4&H1&+0&!R&z0:5])	Any
719_0	Any;Any	[C&D3&v4&H0&+0&!R&z1:1]=[O&D1&v2&H0&+0&!R:2].[C&D3&v4&H1&+0&!R&z1:3]-[O&D1&v2&H1&+0&!R:4]>>[C&D3&v4&H0&+0&!R&z1:3]=[O&D1&v2&H0&+0&!R:4].[C&D3&v4&H1&+0&!R&z1:1]-[O&D1&v2&H1&+0&!R:2]	Any;Any
1548_0	Any;CO2	[C&D2&v4&H1&+0&!R&z0:1].[O&D1&v2&H0&+0&!R:2]=[C&D2&v4&H0&+0&!R&z2:3]>>[C&D3&v4&H0&+0&!R&z0:1]-[C&D3&v4&H0&+0&!R&z2:3]-[O&D1&v2&H1&+0&!R:2]	Any
277_0	Any;WATER	[C&D3&v4&H0&+0&!R&z3:1](=[N&D1&v3&H1&+0&!R:2])-[N&D1&v3&H2&+0&!R:3].[O&D0&v2&H2&+0&!R:4]>>[C&D3&v4&H0&+0&!R&z3:1](-[N&D1&v3&H2&+0&!R:2])=[O&D1&v2&H0&+0&!R:4].[N&D0&v3&H3&+0&!R:3]	Any;NH3
497_0	Any;WATER;Any	[C&D1&v4&H2&+0&!R&z0:1]=[C&D3&v4&H0&+0&!R&z1:2]-[O&D2&v2&H0&+0&!R:3]-[P&D4&v5&H0&+0&!R:4].[O&D0&v2&H2&+0&!R:5].[O&D1&v2&H0&+0&!R:6]=[C&D2&v4&H1&+0&!R&z1:7]>>[C&D3&v4&H0&+0&!R&z1:2](=[O&D1&v2&H0&+0&!R:3])-[C&D2&v4&H2&+0&!R&z0:1]-[C&D3&v4&H1&+0&!R&z1:7]-[O&D1&v2&H1&+0&!R:6].[P&D4&v5&H0&+0&!R:4]-[O&D1&v2&H1&+0&!R:5]	Any;Pi
899_0	Any;H2O2;Any	[C&D2&v4&H1&+0&!R&z0:1]-[C&D2&v4&H1&+0&!R&z1:2]=[O&D1&v2&H0&+0&!R:3].[O&D1&v2&H1&+0&!R:4]-[O&D1&v2&H1&+0&!R:5].[S&D1&v2&H1&+0&!R:6]>>[C&D2&v4&H1&+0&!R&z0:1]-[C&D2&v4&H2&+0&!R&z1:2]-[S&D2&v2&H0&+0&!R:6].[O&D0&v2&H2&+0&!R:3].[O&D1&v2&H0&+0&!R:4]=[O&D1&v2&H0&+0&!R:5]	Any;WATER;O2
689_0	Any;CO2	[C&D3&v4&H1&+0&!R&z1:1].[O&D1&v2&H0&+0&!R:2]=[C&D2&v4&H0&+0&!R&z2:3]>>[C&D4&v4&H0&+0&!R&z1:1]-[C&D3&v4&H0&+0&!R&z2:3]-[O&D1&v2&H1&+0&!R:2]	Any
1203_0	Any;Any;WATER	[C&D2&v4&H2&+0&!R&z0:1]-[C&D3&v4&H0&+0&!R&z2:2](=[O&D1&v2&H0&+0&!R:3])-[S&D2&v2&H0&+0&!R:4].[C&D3&v4&H0&+0&!R&z1:5]=[O&D1&v2&H0&+0&!R:6].[O&D0&v2&H2&+0&!R:7]>>[C&D3&v4&H1&+0&!R&z0:1](-[C&D3&v4&H0&+0&!R&z2:2](=[O&D1&v2&H0&+0&!R:3])-[O&D1&v2&H1&+0&!R:7])-[C&D4&v4&H0&+0&!R&z1:5]-[O&D1&v2&H1&+0&!R:6].[S&D1&v2&H1&+0&!R:4]	Any;CoA
2086_0	O2;Any	[O&D1&v2&H0&+0&!R:1]=[O&D1&v2&H0&+0&!R:2].[O&D1&v2&H1&+0&!R:3]-[c&D3&v4&H0&+0&R&z1:4]1:[c&D2&v4&H1&+0&R&z0:5]:[c&D2&v4&H1&+0&R&z0:6]:[c&D3&v4&H0&+0&R&z1:7]:[c&D3&v4&H0&+0&R&z1:8]:[c&D2&v4&H1&+0&R&z0:9]:1>>[O&D1&v2&H0&+0&!R:1]=[C&D3&v4&H0&+0&!R&z2:7]-[C&D2&v4&H1&+0&!R&z0:6]=[C&D2&v4&H1&+0&!R&z0:5]-[C&D3&v4&H0&+0&!R&z1:4](=[O&D1&v2&H0&+0&!R:3])-[C&D2&v4&H2&+0&!R&z0:9]-[C&D3&v4&H0&+0&!R&z2:8]=[O&D1&v2&H0&+0&!R:2]	Any
116_0	Any;Any	[C&D3&v4&H0&+0&R&z2:1]-[N&D2&v3&H1&+0&R:2].[N&D1&v3&H2&+0&!R:3]>>([N&D1&v3&H2&+0&!R:2].[N&D2&v3&H1&+0&!R:3]-[C&D3&v4&H0&+0&!R&z2:1])	Any
1780_0	Any;Any;O2	[C&D2&v4&H2&+0&!R&z0:1].[C&D3&v4&H0&+0&R&z1:2](-[O&D1&v2&H1&+0&!R:3])=[C&D3&v4&H0&+0&R&z1:4]-[O&D1&v2&H1&+0&!R:5].[O&D1&v2&H0&+0&!R:6]=[O&D1&v2&H0&+0&!R:7]>>[C&D3&v4&H0&+0&R&z1:2](=[O&D1&v2&H0&+0&!R:3])-[C&D3&v4&H0&+0&R&z1:4]=[O&D1&v2&H0&+0&!R:5].[C&D3&v4&H1&+0&!R&z1:1]-[O&D1&v2&H1&+0&!R:6].[O&D0&v2&H2&+0&!R:7]	Any;Any;WATER
1929_0	Any	[C&D2&v4&H1&+0&!R&z0:1]=[C&D3&v4&H0&+0&R&z0:2]-[C&D2&v4&H2&+0&R&z0:3]>>[C&D2&v4&H2&+0&!R&z0:1]-[C&D3&v4&H0&+0&R&z0:2]=[C&D2&v4&H1&+0&R&z0:3]	Any
1891_0	WATER;Any	[O&D0&v2&H2&+0&!R:1].([O&D1&v2&H0&+0&!R:2]=[C&D3&v4&H0&+0&R&z1:3](-[C&D2&v4&H1&+0&R&z0:4]=[C&D2&v4&H1&+0&R&z0:5])-[C&D4&v4&H0&+0&R&z2:6](-[O&D2&v2&H0&+0&R:7])-[O&D1&v2&H1&+0&!R:8].[O&D1&v2&H1&+0&!R:9])>>([O&D1&v2&H0&+0&!R:8]=[C&D3&v4&H0&+0&R&z1:6]-[C&D3&v4&H1&+0&R&z1:3](-[C&D3&v4&H1&+0&R&z1:4](-[C&D3&v4&H1&+0&R&z1:5]-[O&D2&v2&H0&+0&R:9])-[O&D1&v2&H1&+0&!R:1])-[O&D1&v2&H1&+0&!R:2].[O&D1&v2&H1&+0&!R:7])	Any
685_0	Any;CO2	[C&D3&v4&H0&+0&!R&z1:1]-[C&D4&v4&H0&+0&!R&z1:2]-[O&D1&v2&H1&+0&!R:3].[O&D1&v2&H0&+0&!R:4]=[C&D2&v4&H0&+0&!R&z2:5]>>[C&D3&v4&H0&+0&!R&z1:1]-[C&D3&v4&H0&+0&!R&z2:5]-[O&D1&v2&H1&+0&!R:4].[C&D3&v4&H0&+0&!R&z1:2]=[O&D1&v2&H0&+0&!R:3]	Any;Any
1555_0	Any	[C&D3&v4&H1&+0&R&z2:1](-[O&D1&v2&H1&+0&!R:2])-[C&D2&v4&H2&+0&R&z0:3]>>[C&D2&v4&H1&+0&R&z1:1]=[C&D2&v4&H1&+0&R&z0:3].[O&D0&v2&H2&+0&!R:2]	Any;WATER
123_0	Any;WATER	[C&D3&v4&H1&+0&!R&z2:1]-[O&D1&v2&H1&+0&!R:2].[O&D0&v2&H2&+0&!R:3]>>[C&D2&v4&H2&+0&!R&z1:1].[O&D1&v2&H1&+0&!R:2]-[O&D1&v2&H1&+0&!R:3]	Any;H2O2
2030_0	Any	([C&D3&v4&H0&+0&!R&z3:1]-[N&D2&v3&H1&+0&!R:2].[c&D2&v4&H1&+0&R&z1:3])>>([N&D1&v3&H2&+0&!R:2].[c&D3&v4&H0&+0&R&z1:3]-[C&D3&v4&H0&+0&!R&z2:1])	Any
1999_0	Any	[C&D2&v4&H2&+0&!R&z0:1]-[C&D3&v4&H1&+0&!R&z0:2]-[C&D3&v4&H1&+0&!R&z1:3]-[O&D1&v2&H1&+0&!R:4]>>[C&D2&v4&H2&+0&!R&z0:2]-[C&D4&v4&H0&+0&!R&z1:3](-[O&D1&v2&H1&+0&!R:4])-[C&D2&v4&H2&+0&!R&z0:1]	Any
2048_0	Any	[C&D3&v4&H1&+0&R&z1:1](-[C&D3&v4&H0&+0&!R&z2:2])-[C&D3&v4&H1&+0&R&z1:3]-[C&D3&v4&H1&+0&R&z1:4]>>[C&D3&v4&H1&+0&R&z1:1](-[C&D3&v4&H1&+0&!R&z1:3]-[C&D3&v4&H0&+0&!R&z2:2])-[C&D3&v4&H1&+0&R&z1:4]	Any
276_0	Any;Any	[N&D1&v3&H2&+0&!R:1].[P&D4&v5&H0&+0&!R:2]-[O&D1&v2&H1&+0&!R:3]>>[N&D2&v3&H1&+0&!R:1]-[P&D4&v5&H0&+0&!R:2].[O&D0&v2&H2&+0&!R:3]	Any;WATER
276_1	Any;Pi	[N&D1&v3&H2&+0&!R:1].[P&D4&v5&H0&+0&!R:2]-[O&D1&v2&H1&+0&!R:3]>>[N&D2&v3&H1&+0&!R:1]-[P&D4&v5&H0&+0&!R:2].[O&D0&v2&H2&+0&!R:3]	Any;WATER
1420_0	Any;Any;O2	[C&D3&v4&H0&+0&R&z0:1]1=[C&D2&v4&H1&+0&R&z1:2]-[N&D3&v3&H0&+0&R:3]-[C&D2&v4&H1&+0&R&z1:4]=[C&D2&v4&H1&+0&R&z0:5]-[C&D2&v4&H2&+0&R&z0:6]-1.[N&D4&v4&H0&+&!R:7]-[C&D2&v4&H2&+0&!R&z1:8].[O&D1&v2&H0&+0&!R:9]=[O&D1&v2&H0&+0&!R:10]>>[N&D3&v3&H0&+0&!R:7].[O&D0&v2&H2&+0&!R:9].[O&D1&v2&H0&+0&!R:10]=[C&D2&v4&H1&+0&!R&z1:8].[c&D3&v4&H0&+0&R&z0:1]1:[c&D2&v4&H1&+0&R&z0:6]:[c&D2&v4&H1&+0&R&z0:5]:[c&D2&v4&H1&+0&R&z1:4]:[n&D3&v4&H0&+&R:3]:[c&D2&v4&H1&+0&R&z1:2]:1	Any;WATER;Any;Any
1420_1	NADH_CoF;Any;O2	[C&D3&v4&H0&+0&R&z0:1]1=[C&D2&v4&H1&+0&R&z1:2]-[N&D3&v3&H0&+0&R:3]-[C&D2&v4&H1&+0&R&z1:4]=[C&D2&v4&H1&+0&R&z0:5]-[C&D2&v4&H2&+0&R&z0:6]-1.[N&D4&v4&H0&+&!R:7]-[C&D2&v4&H2&+0&!R&z1:8].[O&D1&v2&H0&+0&!R:9]=[O&D1&v2&H0&+0&!R:10]>>[N&D3&v3&H0&+0&!R:7].[O&D0&v2&H2&+0&!R:9].[O&D1&v2&H0&+0&!R:10]=[C&D2&v4&H1&+0&!R&z1:8].[c&D3&v4&H0&+0&R&z0:1]1:[c&D2&v4&H1&+0&R&z0:6]:[c&D2&v4&H1&+0&R&z0:5]:[c&D2&v4&H1&+0&R&z1:4]:[n&D3&v4&H0&+&R:3]:[c&D2&v4&H1&+0&R&z1:2]:1	Any;WATER;Any;NAD_CoF
501_0	WATER;Any	[O&D0&v2&H2&+0&!R:1].[O&D2&v2&H0&+0&!R:2]-[c&D3&v4&H0&+0&R&z1:3]1:[c&D2&v4&H1&+0&R&z0:4]:[c&D2&v4&H1&+0&R&z0:5]:[c&D2&v4&H1&+0&R&z0:6]:[c&D3&v4&H0&+0&R&z0:7]:[c&D2&v4&H1&+0&R&z0:8]:1>>[O&D2&v2&H0&+0&!R:2]-[C&D3&v4&H1&+0&R&z1:3]1-[C&D2&v4&H1&+0&R&z0:8]=[C&D3&v4&H0&+0&R&z0:7]-[C&D2&v4&H1&+0&R&z0:6]=[C&D2&v4&H1&+0&R&z0:5]-[C&D3&v4&H1&+0&R&z1:4]-1-[O&D1&v2&H1&+0&!R:1]	Any
768_0	Any;Any;Any	[C&D1&v4&H3&+0&!R&z0:1].[O&D1&v2&H1&+0&!R:2].[c&D3&v4&H0&+0&R&z0:3]1:[c&D2&v4&H1&+0&R&z0:4]:[c&D2&v4&H1&+0&R&z0:5]:[c&D2&v4&H1&+0&R&z1:6]:[n&D3&v4&H0&+&R:7]:[c&D2&v4&H1&+0&R&z1:8]:1>>[C&D2&v4&H2&+0&!R&z1:1]-[O&D2&v2&H0&+0&!R:2].[C&D3&v4&H0&+0&R&z0:3]1=[C&D2&v4&H1&+0&R&z1:8]-[N&D3&v3&H0&+0&R:7]-[C&D2&v4&H1&+0&R&z1:6]=[C&D2&v4&H1&+0&R&z0:5]-[C&D2&v4&H2&+0&R&z0:4]-1	Any;Any
768_1	Any;Any;NAD_CoF	[C&D1&v4&H3&+0&!R&z0:1].[O&D1&v2&H1&+0&!R:2].[c&D3&v4&H0&+0&R&z0:3]1:[c&D2&v4&H1&+0&R&z0:4]:[c&D2&v4&H1&+0&R&z0:5]:[c&D2&v4&H1&+0&R&z1:6]:[n&D3&v4&H0&+&R:7]:[c&D2&v4&H1&+0&R&z1:8]:1>>[C&D2&v4&H2&+0&!R&z1:1]-[O&D2&v2&H0&+0&!R:2].[C&D3&v4&H0&+0&R&z0:3]1=[C&D2&v4&H1&+0&R&z1:8]-[N&D3&v3&H0&+0&R:7]-[C&D2&v4&H1&+0&R&z1:6]=[C&D2&v4&H1&+0&R&z0:5]-[C&D2&v4&H2&+0&R&z0:4]-1	Any;NADH_CoF
666_0	ACETYL-COA;CO3;Any	[C&D1&v4&H3&+0&!R&z0:1].[C&D3&v4&H0&+0&!R&z3:2]-[O&D1&v2&H1&+0&!R:3].[P&D4&v5&H0&+0&!R:4]-[O&D2&v2&H0&+0&!R:5]>>[C&D3&v4&H0&+0&!R&z2:2]-[C&D2&v4&H2&+0&!R&z0:1].[O&D1&v2&H1&+0&!R:5].[P&D4&v5&H0&+0&!R:4]-[O&D1&v2&H1&+0&!R:3]	Any;Pi;Any
666_1	ACETYL-COA;CO3;PHOSPHATE_DONOR_CoF	[C&D1&v4&H3&+0&!R&z0:1].[C&D3&v4&H0&+0&!R&z3:2]-[O&D1&v2&H1&+0&!R:3].[P&D4&v5&H0&+0&!R:4]-[O&D2&v2&H0&+0&!R:5]>>[C&D3&v4&H0&+0&!R&z2:2]-[C&D2&v4&H2&+0&!R&z0:1].[O&D1&v2&H1&+0&!R:5].[P&D4&v5&H0&+0&!R:4]-[O&D1&v2&H1&+0&!R:3]	Any;Pi;PHOSPHATE_ACCEPTOR_CoF
666_2	Any;CO3;Any	[C&D1&v4&H3&+0&!R&z0:1].[C&D3&v4&H0&+0&!R&z3:2]-[O&D1&v2&H1&+0&!R:3].[P&D4&v5&H0&+0&!R:4]-[O&D2&v2&H0&+0&!R:5]>>[C&D3&v4&H0&+0&!R&z2:2]-[C&D2&v4&H2&+0&!R&z0:1].[O&D1&v2&H1&+0&!R:5].[P&D4&v5&H0&+0&!R:4]-[O&D1&v2&H1&+0&!R:3]	Any;Pi;Any
666_3	Any;CO3;PHOSPHATE_DONOR_CoF	[C&D1&v4&H3&+0&!R&z0:1].[C&D3&v4&H0&+0&!R&z3:2]-[O&D1&v2&H1&+0&!R:3].[P&D4&v5&H0&+0&!R:4]-[O&D2&v2&H0&+0&!R:5]>>[C&D3&v4&H0&+0&!R&z2:2]-[C&D2&v4&H2&+0&!R&z0:1].[O&D1&v2&H1&+0&!R:5].[P&D4&v5&H0&+0&!R:4]-[O&D1&v2&H1&+0&!R:3]	Any;Pi;PHOSPHATE_ACCEPTOR_CoF
1767_0	Any;Any;CO2;SULFITE	[C&D2&v4&H1&+0&!R&z1:1]=[O&D1&v2&H0&+0&!R:2].[C&D3&v4&H0&+0&!R&z2:3]-[O&D1&v2&H1&+0&!R:4].[O&D1&v2&H0&+0&!R:5]=[C&D2&v4&H0&+0&!R&z2:6].[S&D3&v4&H0&+0&!R:7]-[O&D1&v2&H1&+0&!R:8]>>[C&D2&v4&H2&+0&!R&z1:1]-[S&D4&v6&H0&+0&!R:7]=[O&D1&v2&H0&+0&!R:8].[C&D3&v4&H0&+0&!R&z1:3]-[C&D3&v4&H0&+0&!R&z2:6]-[O&D1&v2&H1&+0&!R:5].[O&D1&v2&H0&+0&!R:4]=[O&D1&v2&H0&+0&!R:2]	Any;Any;O2
1564_0	Any;Any;CO2	[C&D2&v4&H2&+0&!R&z1:1]-[C&D2&v4&H1&+0&!R&z1:2]=[O&D1&v2&H0&+0&!R:3].[C&D3&v4&H0&+0&R&z0:4]1=[C&D2&v4&H1&+0&R&z1:5]-[N&D3&v3&H0&+0&R:6]-[C&D2&v4&H1&+0&R&z1:7]=[C&D2&v4&H1&+0&R&z0:8]-[C&D2&v4&H2&+0&R&z0:9]-1.[O&D1&v2&H0&+0&!R:10]=[C&D2&v4&H0&+0&!R&z2:11]>>[C&D3&v4&H1&+0&!R&z1:1](-[C&D2&v4&H2&+0&!R&z1:2]-[O&D1&v2&H1&+0&!R:3])-[C&D3&v4&H0&+0&!R&z2:11]-[O&D1&v2&H1&+0&!R:10].[c&D3&v4&H0&+0&R&z0:4]1:[c&D2&v4&H1&+0&R&z0:9]:[c&D2&v4&H1&+0&R&z0:8]:[c&D2&v4&H1&+0&R&z1:7]:[n&D3&v4&H0&+&R:6]:[c&D2&v4&H1&+0&R&z1:5]:1	Any;Any
1564_1	Any;NADH_CoF;CO2	[C&D2&v4&H2&+0&!R&z1:1]-[C&D2&v4&H1&+0&!R&z1:2]=[O&D1&v2&H0&+0&!R:3].[C&D3&v4&H0&+0&R&z0:4]1=[C&D2&v4&H1&+0&R&z1:5]-[N&D3&v3&H0&+0&R:6]-[C&D2&v4&H1&+0&R&z1:7]=[C&D2&v4&H1&+0&R&z0:8]-[C&D2&v4&H2&+0&R&z0:9]-1.[O&D1&v2&H0&+0&!R:10]=[C&D2&v4&H0&+0&!R&z2:11]>>[C&D3&v4&H1&+0&!R&z1:1](-[C&D2&v4&H2&+0&!R&z1:2]-[O&D1&v2&H1&+0&!R:3])-[C&D3&v4&H0&+0&!R&z2:11]-[O&D1&v2&H1&+0&!R:10].[c&D3&v4&H0&+0&R&z0:4]1:[c&D2&v4&H1&+0&R&z0:9]:[c&D2&v4&H1&+0&R&z0:8]:[c&D2&v4&H1&+0&R&z1:7]:[n&D3&v4&H0&+&R:6]:[c&D2&v4&H1&+0&R&z1:5]:1	Any;NAD_CoF
625_0	Any	[C&D3&v4&H1&+0&R&z0:1](-[C&D4&v4&H0&+0&R&z1:2]-[O&D1&v2&H1&+0&!R:3])-[C&D4&v4&H0&+0&R&z0:4]-[C&D3&v4&H1&+0&R&z0:5]-[C&D4&v4&H0&+0&R&z0:6]-[C&D2&v4&H2&+0&R&z0:7]>>([C&D3&v4&H0&+0&!R&z0:6]=[C&D2&v4&H1&+0&!R&z0:7].[C&D3&v4&H0&+0&!R&z0:4]=[C&D2&v4&H1&+0&!R&z0:5].[C&D3&v4&H0&+0&!R&z0:2]=[C&D2&v4&H1&+0&!R&z0:1]).[O&D0&v2&H2&+0&!R:3]	Any;WATER
626_0	Any;Any	[C&D2&v4&H2&+0&!R&z1:1]-[O&D2&v2&H0&+0&!R:2].[C&D3&v4&H0&+0&!R&z2:3](-[O&D1&v2&H1&+0&!R:4])-[C&D3&v4&H0&+0&R&z0:5]>>[C&D2&v4&H2&+0&!R&z0:1]-[C&D3&v4&H0&+0&R&z0:5].[O&D1&v2&H0&+0&!R:4]=[C&D2&v4&H0&+0&!R&z2:3].[O&D1&v2&H1&+0&!R:2]	Any;CO2;PPI
1006_0	Any;Any	[C&D3&v4&H1&+0&!R&z0:1]-[C&D1&v4&H3&+0&!R&z0:2].[c&D3&v4&H0&+0&R&z0:3]1:[c&D2&v4&H1&+0&R&z0:4]:[c&D2&v4&H1&+0&R&z0:5]:[c&D2&v4&H1&+0&R&z1:6]:[n&D3&v4&H0&+&R:7]:[c&D2&v4&H1&+0&R&z1:8]:1>>[C&D1&v4&H2&+0&!R&z0:2]=[C&D3&v4&H0&+0&!R&z0:1].[C&D3&v4&H0&+0&R&z0:3]1=[C&D2&v4&H1&+0&R&z1:8]-[N&D3&v3&H0&+0&R:7]-[C&D2&v4&H1&+0&R&z1:6]=[C&D2&v4&H1&+0&R&z0:5]-[C&D2&v4&H2&+0&R&z0:4]-1	Any;Any
1006_1	Any;NAD_CoF	[C&D3&v4&H1&+0&!R&z0:1]-[C&D1&v4&H3&+0&!R&z0:2].[c&D3&v4&H0&+0&R&z0:3]1:[c&D2&v4&H1&+0&R&z0:4]:[c&D2&v4&H1&+0&R&z0:5]:[c&D2&v4&H1&+0&R&z1:6]:[n&D3&v4&H0&+&R:7]:[c&D2&v4&H1&+0&R&z1:8]:1>>[C&D1&v4&H2&+0&!R&z0:2]=[C&D3&v4&H0&+0&!R&z0:1].[C&D3&v4&H0&+0&R&z0:3]1=[C&D2&v4&H1&+0&R&z1:8]-[N&D3&v3&H0&+0&R:7]-[C&D2&v4&H1&+0&R&z1:6]=[C&D2&v4&H1&+0&R&z0:5]-[C&D2&v4&H2&+0&R&z0:4]-1	Any;NADH_CoF
966_0	Any;WATER	([C&D3&v4&H0&+0&!R&z0:1]=[C&D2&v4&H1&+0&!R&z0:2].[C&D3&v4&H0&+0&!R&z0:3]=[C&D2&v4&H1&+0&!R&z0:4]-[C&D2&v4&H2&+0&!R&z1:5]-[O&D2&v2&H0&+0&!R:6]).[O&D0&v2&H2&+0&!R:7]>>[C&D4&v4&H0&+0&R&z1:3]1-[C&D2&v4&H2&+0&R&z0:4]-[C&D2&v4&H2&+0&R&z0:5]-[C&D3&v4&H1&+0&R&z0:2]-[C&D4&v4&H0&+0&R&z1:1]-[O&D2&v2&H0&+0&R:7]-1.[O&D1&v2&H1&+0&!R:6]	Any;PPI
705_0	Any;Any	[C&D2&v4&H1&+0&!R&z1:1]=[O&D1&v2&H0&+0&!R:2].[C&D3&v4&H0&+0&!R&z2:3]-[O&D1&v2&H1&+0&!R:4]>>[C&D3&v4&H0&+0&!R&z1:3]-[C&D2&v4&H2&+0&!R&z0:1].[O&D1&v2&H0&+0&!R:4]=[O&D1&v2&H0&+0&!R:2]	Any;O2
397_0	Any;Any;PPI	[C&D2&v4&H2&+0&!R&z1:1]-[O&D2&v2&H0&+0&!R:2].[O&D1&v2&H1&+0&!R:3].[P&D4&v5&H0&+0&!R:4]-[O&D1&v2&H1&+0&!R:5]>>[C&D2&v4&H2&+0&!R&z1:1]-[O&D1&v2&H1&+0&!R:5].[O&D1&v2&H1&+0&!R:2].[O&D2&v2&H0&+0&!R:3]-[P&D4&v5&H0&+0&!R:4]	Any;Any;Any
397_1	Any;PYROPHOSPHATE_ACCEPTOR_CoF;PPI	[C&D2&v4&H2&+0&!R&z1:1]-[O&D2&v2&H0&+0&!R:2].[O&D1&v2&H1&+0&!R:3].[P&D4&v5&H0&+0&!R:4]-[O&D1&v2&H1&+0&!R:5]>>[C&D2&v4&H2&+0&!R&z1:1]-[O&D1&v2&H1&+0&!R:5].[O&D1&v2&H1&+0&!R:2].[O&D2&v2&H0&+0&!R:3]-[P&D4&v5&H0&+0&!R:4]	Any;Any;PYROPHOSPHATE_DONOR_CoF
1754_0	Any;WATER	[N&D1&v3&H2&+0&!R:1]-[C&D2&v4&H1&+0&!R&z2:2].[O&D0&v2&H2&+0&!R:3]>>[C&D2&v4&H1&+0&!R&z2:2]-[O&D1&v2&H1&+0&!R:3].[N&D0&v3&H3&+0&!R:1]	Any;NH3
1790_0	Any;WATER	[N&D1&v3&H2&+0&!R:1]-[c&D3&v4&H0&+0&R&z1:2].[O&D0&v2&H2&+0&!R:3]>>[N&D0&v3&H3&+0&!R:1].[c&D3&v4&H0&+0&R&z1:2]-[O&D1&v2&H1&+0&!R:3]	NH3;Any
1648_0	Any;Any	[C&D4&v4&H0&+0&R&z0:1]1(-[C&D3&v4&H0&+0&!R&z2:2]-[O&D1&v2&H1&+0&!R:3])-[C&D2&v4&H1&+0&R&z0:4]=[C&D2&v4&H1&+0&R&z0:5]-[C&D3&v4&H1&+0&R&z1:6](-[O&D1&v2&H1&+0&!R:7])-[C&D2&v4&H1&+0&R&z0:8]=[C&D2&v4&H1&+0&R&z0:9]-1.[c&D3&v4&H0&+0&R&z0:10]1:[c&D2&v4&H1&+0&R&z0:11]:[c&D2&v4&H1&+0&R&z0:12]:[c&D2&v4&H1&+0&R&z1:13]:[n&D3&v4&H0&+&R:14]:[c&D2&v4&H1&+0&R&z1:15]:1>>[C&D3&v4&H0&+0&R&z0:10]1=[C&D2&v4&H1&+0&R&z1:15]-[N&D3&v3&H0&+0&R:14]-[C&D2&v4&H1&+0&R&z1:13]=[C&D2&v4&H1&+0&R&z0:12]-[C&D2&v4&H2&+0&R&z0:11]-1.[O&D1&v2&H0&+0&!R:3]=[C&D2&v4&H0&+0&!R&z2:2].[c&D3&v4&H0&+0&R&z0:1]1:[c&D2&v4&H1&+0&R&z0:4]:[c&D2&v4&H1&+0&R&z0:5]:[c&D3&v4&H0&+0&R&z1:6](-[O&D1&v2&H1&+0&!R:7]):[c&D2&v4&H1&+0&R&z0:8]:[c&D2&v4&H1&+0&R&z0:9]:1	Any;CO2;Any
1648_1	Any;NAD_CoF	[C&D4&v4&H0&+0&R&z0:1]1(-[C&D3&v4&H0&+0&!R&z2:2]-[O&D1&v2&H1&+0&!R:3])-[C&D2&v4&H1&+0&R&z0:4]=[C&D2&v4&H1&+0&R&z0:5]-[C&D3&v4&H1&+0&R&z1:6](-[O&D1&v2&H1&+0&!R:7])-[C&D2&v4&H1&+0&R&z0:8]=[C&D2&v4&H1&+0&R&z0:9]-1.[c&D3&v4&H0&+0&R&z0:10]1:[c&D2&v4&H1&+0&R&z0:11]:[c&D2&v4&H1&+0&R&z0:12]:[c&D2&v4&H1&+0&R&z1:13]:[n&D3&v4&H0&+&R:14]:[c&D2&v4&H1&+0&R&z1:15]:1>>[C&D3&v4&H0&+0&R&z0:10]1=[C&D2&v4&H1&+0&R&z1:15]-[N&D3&v3&H0&+0&R:14]-[C&D2&v4&H1&+0&R&z1:13]=[C&D2&v4&H1&+0&R&z0:12]-[C&D2&v4&H2&+0&R&z0:11]-1.[O&D1&v2&H0&+0&!R:3]=[C&D2&v4&H0&+0&!R&z2:2].[c&D3&v4&H0&+0&R&z0:1]1:[c&D2&v4&H1&+0&R&z0:4]:[c&D2&v4&H1&+0&R&z0:5]:[c&D3&v4&H0&+0&R&z1:6](-[O&D1&v2&H1&+0&!R:7]):[c&D2&v4&H1&+0&R&z0:8]:[c&D2&v4&H1&+0&R&z0:9]:1	NADH_CoF;CO2;Any
1492_0	Any;WATER	[N&D1&v3&H0&+0&!R:1]#[C&D2&v4&H0&+0&!R&z1:2].[O&D0&v2&H2&+0&!R:3]>>[O&D1&v2&H1&+0&!R:3]-[N&D2&v3&H0&+0&!R:1]=[C&D2&v4&H1&+0&!R&z1:2]	Any
763_0	Any;WATER;WATER	[C&D3&v4&H0&+0&!R&z2:1]-[N&D2&v3&H1&+0&!R:2]-[C&D2&v4&H1&+0&!R&z1:3]=[C&D3&v4&H0&+0&!R&z0:4]-[C&D3&v4&H0&+0&!R&z2:5]-[O&D1&v2&H1&+0&!R:6].[O&D0&v2&H2&+0&!R:7].[O&D0&v2&H2&+0&!R:8]>>[C&D3&v4&H0&+0&!R&z2:1]-[O&D1&v2&H1&+0&!R:8].[N&D0&v3&H3&+0&!R:2].[O&D1&v2&H0&+0&!R:6]=[C&D2&v4&H0&+0&!R&z2:5].[O&D1&v2&H0&+0&!R:7]=[C&D2&v4&H1&+0&!R&z1:3]-[C&D2&v4&H2&+0&!R&z0:4]	Any;NH3;CO2;Any
1987_0	Any;Any	[C&D2&v4&H1&+0&!R&z0:1]=[C&D2&v4&H1&+0&!R&z0:2].[c&D3&v4&H0&+0&R&z1:3]1:[c&D3&v4&H0&+0&R&z1:4]:[c&D3&v4&H0&+0&R&z1:5](-[O&D1&v2&H1&+0&!R:6]):[c&D3&v4&H0&+0&R&z1:7]:[c&D3&v4&H0&+0&R&z1:8]:[c&D3&v4&H0&+0&R&z1:9]:1-[O&D1&v2&H1&+0&!R:10]>>[C&D2&v4&H2&+0&!R&z0:1]-[C&D2&v4&H2&+0&!R&z0:2].[C&D3&v4&H0&+0&R&z1:3]1=[C&D3&v4&H0&+0&R&z1:4]-[C&D3&v4&H0&+0&R&z1:5](=[O&D1&v2&H0&+0&!R:6])-[C&D3&v4&H0&+0&R&z1:7]=[C&D3&v4&H0&+0&R&z1:8]-[C&D3&v4&H0&+0&R&z1:9]-1=[O&D1&v2&H0&+0&!R:10]	Any;Any
1349_0	Any;Any	[C&D1&v4&H3&+0&!R&z1:1]-[O&D1&v2&H1&+0&!R:2].[c&D3&v4&H0&+0&R&z0:3]1:[c&D2&v4&H1&+0&R&z0:4]:[c&D2&v4&H1&+0&R&z0:5]:[c&D2&v4&H1&+0&R&z1:6]:[n&D3&v4&H0&+&R:7]:[c&D2&v4&H1&+0&R&z1:8]:1>>[C&D1&v4&H2&+0&!R&z1:1]=[O&D1&v2&H0&+0&!R:2].[C&D3&v4&H0&+0&R&z0:3]1=[C&D2&v4&H1&+0&R&z1:8]-[N&D3&v3&H0&+0&R:7]-[C&D2&v4&H1&+0&R&z1:6]=[C&D2&v4&H1&+0&R&z0:5]-[C&D2&v4&H2&+0&R&z0:4]-1	Any;Any
1349_1	Any;NAD_CoF	[C&D1&v4&H3&+0&!R&z1:1]-[O&D1&v2&H1&+0&!R:2].[c&D3&v4&H0&+0&R&z0:3]1:[c&D2&v4&H1&+0&R&z0:4]:[c&D2&v4&H1&+0&R&z0:5]:[c&D2&v4&H1&+0&R&z1:6]:[n&D3&v4&H0&+&R:7]:[c&D2&v4&H1&+0&R&z1:8]:1>>[C&D1&v4&H2&+0&!R&z1:1]=[O&D1&v2&H0&+0&!R:2].[C&D3&v4&H0&+0&R&z0:3]1=[C&D2&v4&H1&+0&R&z1:8]-[N&D3&v3&H0&+0&R:7]-[C&D2&v4&H1&+0&R&z1:6]=[C&D2&v4&H1&+0&R&z0:5]-[C&D2&v4&H2&+0&R&z0:4]-1	Any;NADH_CoF
1838_0	Any;Any;Pi	[C&D3&v4&H1&+0&!R&z2:1]-[O&D1&v2&H1&+0&!R:2].[O&D1&v2&H1&+0&!R:3].[P&D4&v5&H0&+0&!R:4]-[O&D1&v2&H1&+0&!R:5]>>[C&D3&v4&H1&+0&!R&z2:1]-[O&D1&v2&H1&+0&!R:5].[O&D0&v2&H2&+0&!R:2].[O&D2&v2&H0&+0&!R:3]-[P&D4&v5&H0&+0&!R:4]	Any;WATER;Any
1838_1	Any;PHOSPHATE_ACCEPTOR_CoF;Pi	[C&D3&v4&H1&+0&!R&z2:1]-[O&D1&v2&H1&+0&!R:2].[O&D1&v2&H1&+0&!R:3].[P&D4&v5&H0&+0&!R:4]-[O&D1&v2&H1&+0&!R:5]>>[C&D3&v4&H1&+0&!R&z2:1]-[O&D1&v2&H1&+0&!R:5].[O&D0&v2&H2&+0&!R:2].[O&D2&v2&H0&+0&!R:3]-[P&D4&v5&H0&+0&!R:4]	Any;WATER;PHOSPHATE_DONOR_CoF
468_0	Any;WATER;WATER;Any	[C&D2&v4&H1&+0&!R&z0:1]=[C&D2&v4&H1&+0&!R&z0:2].[O&D0&v2&H2&+0&!R:3].[O&D0&v2&H2&+0&!R:4].[c&D3&v4&H0&+0&R&z0:5]1:[c&D2&v4&H1&+0&R&z0:6]:[c&D2&v4&H1&+0&R&z0:7]:[c&D2&v4&H1&+0&R&z1:8]:[n&D3&v4&H0&+&R:9]:[c&D2&v4&H1&+0&R&z1:10]:1>>[C&D2&v4&H2&+0&!R&z0:1]-[C&D2&v4&H2&+0&!R&z0:2].[C&D3&v4&H0&+0&R&z0:5]1=[C&D2&v4&H1&+0&R&z1:10]-[N&D3&v3&H0&+0&R:9]-[C&D2&v4&H1&+0&R&z1:8]=[C&D2&v4&H1&+0&R&z0:7]-[C&D2&v4&H2&+0&R&z0:6]-1.[O&D1&v2&H0&+0&!R:4]=[O&D1&v2&H0&+0&!R:3]	Any;Any;O2
468_1	Any;WATER;WATER;NAD_CoF	[C&D2&v4&H1&+0&!R&z0:1]=[C&D2&v4&H1&+0&!R&z0:2].[O&D0&v2&H2&+0&!R:3].[O&D0&v2&H2&+0&!R:4].[c&D3&v4&H0&+0&R&z0:5]1:[c&D2&v4&H1&+0&R&z0:6]:[c&D2&v4&H1&+0&R&z0:7]:[c&D2&v4&H1&+0&R&z1:8]:[n&D3&v4&H0&+&R:9]:[c&D2&v4&H1&+0&R&z1:10]:1>>[C&D2&v4&H2&+0&!R&z0:1]-[C&D2&v4&H2&+0&!R&z0:2].[C&D3&v4&H0&+0&R&z0:5]1=[C&D2&v4&H1&+0&R&z1:10]-[N&D3&v3&H0&+0&R:9]-[C&D2&v4&H1&+0&R&z1:8]=[C&D2&v4&H1&+0&R&z0:7]-[C&D2&v4&H2&+0&R&z0:6]-1.[O&D1&v2&H0&+0&!R:4]=[O&D1&v2&H0&+0&!R:3]	Any;NADH_CoF;O2
961_0	Any;Any;O2	[C&D3&v4&H0&+0&!R&z0:1]=[C&D2&v4&H1&+0&!R&z0:2].[C&D3&v4&H0&+0&R&z0:3]1=[C&D2&v4&H1&+0&R&z1:4]-[N&D3&v3&H0&+0&R:5]-[C&D2&v4&H1&+0&R&z1:6]=[C&D2&v4&H1&+0&R&z0:7]-[C&D2&v4&H2&+0&R&z0:8]-1.[O&D1&v2&H0&+0&!R:9]=[O&D1&v2&H0&+0&!R:10]>>[C&D3&v4&H1&+0&R&z1:2]1-[O&D2&v2&H0&+0&R:10]-[C&D4&v4&H0&+0&R&z1:1]-1.[O&D0&v2&H2&+0&!R:9].[c&D3&v4&H0&+0&R&z0:3]1:[c&D2&v4&H1&+0&R&z0:8]:[c&D2&v4&H1&+0&R&z0:7]:[c&D2&v4&H1&+0&R&z1:6]:[n&D3&v4&H0&+&R:5]:[c&D2&v4&H1&+0&R&z1:4]:1	Any;WATER;Any
961_1	Any;NADH_CoF;O2	[C&D3&v4&H0&+0&!R&z0:1]=[C&D2&v4&H1&+0&!R&z0:2].[C&D3&v4&H0&+0&R&z0:3]1=[C&D2&v4&H1&+0&R&z1:4]-[N&D3&v3&H0&+0&R:5]-[C&D2&v4&H1&+0&R&z1:6]=[C&D2&v4&H1&+0&R&z0:7]-[C&D2&v4&H2&+0&R&z0:8]-1.[O&D1&v2&H0&+0&!R:9]=[O&D1&v2&H0&+0&!R:10]>>[C&D3&v4&H1&+0&R&z1:2]1-[O&D2&v2&H0&+0&R:10]-[C&D4&v4&H0&+0&R&z1:1]-1.[O&D0&v2&H2&+0&!R:9].[c&D3&v4&H0&+0&R&z0:3]1:[c&D2&v4&H1&+0&R&z0:8]:[c&D2&v4&H1&+0&R&z0:7]:[c&D2&v4&H1&+0&R&z1:6]:[n&D3&v4&H0&+&R:5]:[c&D2&v4&H1&+0&R&z1:4]:1	Any;WATER;NAD_CoF
1253_0	Any;Any	[C&D1&v4&H3&+0&!R&z0:1].[C&D1&v4&H3&+0&!R&z0:2]-[C&D2&v4&H2&+0&!R&z0:3]>>[C&D1&v4&H3&+0&!R&z0:3].[C&D1&v4&H3&+0&!R&z0:2]-[C&D2&v4&H2&+0&!R&z0:1]	Any;Any
910_0	Any;PPI	[C&D2&v4&H2&+0&!R&z0:1]-[C&D2&v4&H2&+0&!R&z0:2]-[C&D3&v4&H0&+0&!R&z0:3]=[C&D2&v4&H1&+0&!R&z0:4].[O&D1&v2&H1&+0&!R:5]>>[C&D1&v4&H2&+0&!R&z0:2]=[C&D3&v4&H0&+0&!R&z0:3]-[C&D2&v4&H2&+0&!R&z0:4].[C&D2&v4&H2&+0&!R&z1:1]-[O&D2&v2&H0&+0&!R:5]	Any;Any
910_1	Any;PRENYL_ACCEPTOR_CoF	[C&D2&v4&H2&+0&!R&z0:1]-[C&D2&v4&H2&+0&!R&z0:2]-[C&D3&v4&H0&+0&!R&z0:3]=[C&D2&v4&H1&+0&!R&z0:4].[O&D1&v2&H1&+0&!R:5]>>[C&D1&v4&H2&+0&!R&z0:2]=[C&D3&v4&H0&+0&!R&z0:3]-[C&D2&v4&H2&+0&!R&z0:4].[C&D2&v4&H2&+0&!R&z1:1]-[O&D2&v2&H0&+0&!R:5]	Any;PRENYL_DONOR_CoF
845_0	Any;CO2;CoA	[C&D2&v4&H2&+0&!R&z1:1]-[C&D3&v4&H0&+0&!R&z1:2].[O&D1&v2&H0&+0&!R:3]=[C&D2&v4&H0&+0&!R&z2:4].[S&D1&v2&H1&+0&!R:5]>>[C&D2&v4&H2&+0&!R&z1:1]-[C&D3&v4&H0&+0&!R&z2:4]-[O&D1&v2&H1&+0&!R:3].[S&D2&v2&H0&+0&!R:5]-[C&D3&v4&H0&+0&!R&z2:2]	Any;Any
1010_0	Any	[C&D3&v4&H1&+0&!R&z0:1]-[C&D4&v4&H0&+0&!R&z1:2]-[C&D2&v4&H2&+0&!R&z0:3]>>[C&D3&v4&H1&+0&!R&z0:1]-[C&D3&v4&H1&+0&!R&z0:3]-[C&D3&v4&H1&+0&!R&z1:2]	Any
654_0	Any;NH3;SULFITE	[C&D1&v4&H3&+0&!R&z0:1]-[C&D3&v4&H0&+0&!R&z1:2]=[O&D1&v2&H0&+0&!R:3].[N&D0&v3&H3&+0&!R:4].[S&D3&v4&H0&+0&!R:5]-[O&D1&v2&H1&+0&!R:6]>>[N&D1&v3&H2&+0&!R:4]-[C&D3&v4&H1&+0&!R&z1:2]-[C&D2&v4&H2&+0&!R&z1:1]-[S&D4&v6&H0&+0&!R:5]=[O&D1&v2&H0&+0&!R:6].[O&D0&v2&H2&+0&!R:3]	Any;WATER
567_0	Any;Any	[C&D2&v4&H1&+0&!R&z1:1]=[O&D1&v2&H0&+0&!R:2].([N&D1&v3&H2&+0&!R:3].[c&D2&v4&H1&+0&R&z1:4])>>[C&D3&v4&H1&+0&R&z1:1](-[N&D2&v3&H1&+0&R:3])-[c&D3&v4&H0&+0&R&z1:4].[O&D0&v2&H2&+0&!R:2]	Any;WATER
1600_0	Any;Any	[C&D3&v4&H0&+0&R&z0:1]1=[C&D2&v4&H1&+0&R&z1:2]-[N&D3&v3&H0&+0&R:3]-[C&D2&v4&H1&+0&R&z1:4]=[C&D2&v4&H1&+0&R&z0:5]-[C&D2&v4&H2&+0&R&z0:6]-1.[O&D2&v2&H0&+0&R:7]-[C&D4&v4&H0&+0&R&z2:8]>>([C&D3&v4&H1&+0&!R&z1:8].[O&D1&v2&H1&+0&!R:7]).[c&D3&v4&H0&+0&R&z0:1]1:[c&D2&v4&H1&+0&R&z0:6]:[c&D2&v4&H1&+0&R&z0:5]:[c&D2&v4&H1&+0&R&z1:4]:[n&D3&v4&H0&+&R:3]:[c&D2&v4&H1&+0&R&z1:2]:1	Any;Any
1600_1	NADH_CoF;Any	[C&D3&v4&H0&+0&R&z0:1]1=[C&D2&v4&H1&+0&R&z1:2]-[N&D3&v3&H0&+0&R:3]-[C&D2&v4&H1&+0&R&z1:4]=[C&D2&v4&H1&+0&R&z0:5]-[C&D2&v4&H2&+0&R&z0:6]-1.[O&D2&v2&H0&+0&R:7]-[C&D4&v4&H0&+0&R&z2:8]>>([C&D3&v4&H1&+0&!R&z1:8].[O&D1&v2&H1&+0&!R:7]).[c&D3&v4&H0&+0&R&z0:1]1:[c&D2&v4&H1&+0&R&z0:6]:[c&D2&v4&H1&+0&R&z0:5]:[c&D2&v4&H1&+0&R&z1:4]:[n&D3&v4&H0&+&R:3]:[c&D2&v4&H1&+0&R&z1:2]:1	Any;NAD_CoF
967_0	Any	([C&D3&v4&H0&+0&!R&z0:1]=[C&D2&v4&H1&+0&!R&z0:2].[C&D3&v4&H0&+0&!R&z0:3]=[C&D2&v4&H1&+0&!R&z0:4]-[C&D2&v4&H2&+0&!R&z1:5]-[O&D2&v2&H0&+0&!R:6].[O&D1&v2&H1&+0&!R:7])>>([C&D4&v4&H0&+0&R&z0:1]1-[C&D3&v4&H1&+0&R&z0:2]-[C&D2&v4&H2&+0&R&z0:5]-[C&D3&v4&H1&+0&R&z1:4](-[C&D4&v4&H0&+0&R&z0:3]-1)-[O&D2&v2&H0&+0&!R:7].[O&D1&v2&H1&+0&!R:6])	Any
841_0	CoA;Any	[S&D1&v2&H1&+0&!R:1].[c&D3&v4&H0&+0&R&z0:2]1:[c&D2&v4&H1&+0&R&z0:3]:[c&D2&v4&H1&+0&R&z0:4]:[c&D3&v4&H0&+0&R&z2:5]:[o&D2&v2&H0&+0&R:6]:[c&D3&v4&H0&+0&R&z1:7]:1>>[c&D3&v4&H0&+0&R&z0:2](-[C&D2&v4&H1&+0&!R&z0:3]=[C&D2&v4&H1&+0&!R&z0:4]-[C&D3&v4&H0&+0&!R&z2:5]-[S&D2&v2&H0&+0&!R:1]):[c&D3&v4&H0&+0&R&z1:7]-[O&D1&v2&H1&+0&!R:6]	Any
1361_0	Any;Any	[C&D3&v4&H0&+0&R&z0:1]1=[C&D2&v4&H1&+0&R&z1:2]-[N&D3&v3&H0&+0&R:3]-[C&D2&v4&H1&+0&R&z1:4]=[C&D2&v4&H1&+0&R&z0:5]-[C&D2&v4&H2&+0&R&z0:6]-1.[C&D3&v4&H0&+0&R&z1:7]1=[C&D3&v4&H0&+0&R&z1:8]-[C&D3&v4&H0&+0&R&z1:9](=[O&D1&v2&H0&+0&!R:10])-[C&D3&v4&H0&+0&R&z0:11]=[C&D3&v4&H0&+0&R&z0:12]-[C&D3&v4&H0&+0&R&z1:13]-1=[O&D1&v2&H0&+0&!R:14]>>[c&D3&v4&H0&+0&R&z0:1]1:[c&D2&v4&H1&+0&R&z0:6]:[c&D2&v4&H1&+0&R&z0:5]:[c&D2&v4&H1&+0&R&z1:4]:[n&D3&v4&H0&+&R:3]:[c&D2&v4&H1&+0&R&z1:2]:1.[c&D3&v4&H0&+0&R&z1:7]1:[c&D3&v4&H0&+0&R&z1:13](-[O&D1&v2&H1&+0&!R:14]):[c&D3&v4&H0&+0&R&z0:12]:[c&D3&v4&H0&+0&R&z0:11]:[c&D3&v4&H0&+0&R&z1:9](-[O&D1&v2&H1&+0&!R:10]):[c&D3&v4&H0&+0&R&z1:8]:1	Any;Any
1361_1	NADH_CoF;Any	[C&D3&v4&H0&+0&R&z0:1]1=[C&D2&v4&H1&+0&R&z1:2]-[N&D3&v3&H0&+0&R:3]-[C&D2&v4&H1&+0&R&z1:4]=[C&D2&v4&H1&+0&R&z0:5]-[C&D2&v4&H2&+0&R&z0:6]-1.[C&D3&v4&H0&+0&R&z1:7]1=[C&D3&v4&H0&+0&R&z1:8]-[C&D3&v4&H0&+0&R&z1:9](=[O&D1&v2&H0&+0&!R:10])-[C&D3&v4&H0&+0&R&z0:11]=[C&D3&v4&H0&+0&R&z0:12]-[C&D3&v4&H0&+0&R&z1:13]-1=[O&D1&v2&H0&+0&!R:14]>>[c&D3&v4&H0&+0&R&z0:1]1:[c&D2&v4&H1&+0&R&z0:6]:[c&D2&v4&H1&+0&R&z0:5]:[c&D2&v4&H1&+0&R&z1:4]:[n&D3&v4&H0&+&R:3]:[c&D2&v4&H1&+0&R&z1:2]:1.[c&D3&v4&H0&+0&R&z1:7]1:[c&D3&v4&H0&+0&R&z1:13](-[O&D1&v2&H1&+0&!R:14]):[c&D3&v4&H0&+0&R&z0:12]:[c&D3&v4&H0&+0&R&z0:11]:[c&D3&v4&H0&+0&R&z1:9](-[O&D1&v2&H1&+0&!R:10]):[c&D3&v4&H0&+0&R&z1:8]:1	NAD_CoF;Any
1483_0	Any;Any	[C&D3&v4&H0&+0&R&z0:1]1=[C&D2&v4&H1&+0&R&z1:2]-[N&D3&v3&H0&+0&R:3]-[C&D2&v4&H1&+0&R&z1:4]=[C&D2&v4&H1&+0&R&z0:5]-[C&D2&v4&H2&+0&R&z0:6]-1.[C&D3&v4&H0&+0&R&z2:7]-[O&D2&v2&H0&+0&R:8]>>([C&D2&v4&H1&+0&!R&z1:7].[O&D1&v2&H1&+0&!R:8]).[c&D3&v4&H0&+0&R&z0:1]1:[c&D2&v4&H1&+0&R&z0:6]:[c&D2&v4&H1&+0&R&z0:5]:[c&D2&v4&H1&+0&R&z1:4]:[n&D3&v4&H0&+&R:3]:[c&D2&v4&H1&+0&R&z1:2]:1	Any;Any
1483_1	NADH_CoF;Any	[C&D3&v4&H0&+0&R&z0:1]1=[C&D2&v4&H1&+0&R&z1:2]-[N&D3&v3&H0&+0&R:3]-[C&D2&v4&H1&+0&R&z1:4]=[C&D2&v4&H1&+0&R&z0:5]-[C&D2&v4&H2&+0&R&z0:6]-1.[C&D3&v4&H0&+0&R&z2:7]-[O&D2&v2&H0&+0&R:8]>>([C&D2&v4&H1&+0&!R&z1:7].[O&D1&v2&H1&+0&!R:8]).[c&D3&v4&H0&+0&R&z0:1]1:[c&D2&v4&H1&+0&R&z0:6]:[c&D2&v4&H1&+0&R&z0:5]:[c&D2&v4&H1&+0&R&z1:4]:[n&D3&v4&H0&+&R:3]:[c&D2&v4&H1&+0&R&z1:2]:1	Any;NAD_CoF
1234_0	Any	[C&D2&v4&H1&+0&!R&z0:1]-[C&D2&v4&H2&+0&!R&z0:2]-[C&D2&v4&H1&+0&!R&z0:3]=[C&D2&v4&H1&+0&!R&z0:4]>>[C&D2&v4&H1&+0&!R&z0:1]-[C&D2&v4&H1&+0&!R&z0:2]=[C&D2&v4&H1&+0&!R&z0:3]-[C&D2&v4&H2&+0&!R&z0:4]	Any
1158_0	Any;WATER	[C&D3&v4&H0&+0&R&z2:1]=[N&D2&v3&H0&+0&R:2].[O&D0&v2&H2&+0&!R:3]>>([C&D3&v4&H0&+0&!R&z2:1]=[O&D1&v2&H0&+0&!R:3].[N&D1&v3&H2&+0&!R:2])	Any
1214_0	Any;WATER	[C&D2&v4&H1&+0&!R&z0:1]-[C&D2&v4&H1&+0&!R&z0:2]=[C&D2&v4&H1&+0&!R&z0:3]-[C&D2&v4&H1&+0&!R&z0:4]=[C&D2&v4&H1&+0&!R&z0:5]-[C&D3&v4&H1&+0&R&z1:6]-[O&D2&v2&H0&+0&R:7].[O&D0&v2&H2&+0&!R:8]>>([C&D2&v4&H1&+0&!R&z0:1]-[C&D2&v4&H2&+0&!R&z0:2]-[C&D2&v4&H1&+0&!R&z0:3]=[C&D2&v4&H1&+0&!R&z0:4]-[C&D2&v4&H1&+0&!R&z0:5]=[C&D2&v4&H1&+0&!R&z0:6].[O&D2&v2&H0&+0&!R:7]-[O&D1&v2&H1&+0&!R:8])	Any
1880_0	Any;WATER	[C&D2&v4&H2&+0&!R&z0:1]-[C&D3&v4&H0&+0&!R&z0:2]=[C&D2&v4&H1&+0&!R&z1:3].[O&D0&v2&H2&+0&!R:4]>>[C&D3&v4&H1&+0&!R&z1:1](-[O&D1&v2&H1&+0&!R:4])-[C&D3&v4&H1&+0&!R&z0:2]-[C&D2&v4&H2&+0&!R&z1:3]	Any
298_0	Any;Any	[C&D3&v4&H0&+0&!R&z2:1]-[N&D3&v3&H0&+0&!R:2].[S&D1&v2&H1&+0&!R:3]>>[N&D2&v3&H1&+0&!R:2].[S&D2&v2&H0&+0&!R:3]-[C&D3&v4&H0&+0&!R&z2:1]	Any;Any
298_1	Any;CoA	[C&D3&v4&H0&+0&!R&z2:1]-[N&D3&v3&H0&+0&!R:2].[S&D1&v2&H1&+0&!R:3]>>[N&D2&v3&H1&+0&!R:2].[S&D2&v2&H0&+0&!R:3]-[C&D3&v4&H0&+0&!R&z2:1]	Any;ACETYL-COA
1194_0	Any;NH3	[C&D1&v4&H3&+0&!R&z0:1]-[C&D2&v4&H1&+0&!R&z1:2]=[O&D1&v2&H0&+0&!R:3].[N&D0&v3&H3&+0&!R:4]>>[N&D1&v3&H2&+0&!R:4]-[C&D2&v4&H2&+0&!R&z1:2]-[C&D2&v4&H2&+0&!R&z1:1]-[O&D1&v2&H1&+0&!R:3]	Any
1590_0	Any;CO2;Any	[C&D3&v4&H0&+0&R&z0:1]1=[C&D2&v4&H1&+0&R&z1:2]-[N&D3&v3&H0&+0&R:3]-[C&D2&v4&H1&+0&R&z1:4]=[C&D2&v4&H1&+0&R&z0:5]-[C&D2&v4&H2&+0&R&z0:6]-1.[O&D1&v2&H0&+0&!R:7]=[C&D2&v4&H0&+0&!R&z2:8].[O&D1&v2&H0&+0&!R:9]=[C&D3&v4&H0&+0&R&z1:10]-[C&D2&v4&H2&+0&R&z1:11]>>[C&D3&v4&H0&+0&!R&z2:8](-[O&D1&v2&H1&+0&!R:7])-[C&D3&v4&H1&+0&R&z1:11]-[C&D3&v4&H1&+0&R&z1:10]-[O&D1&v2&H1&+0&!R:9].[c&D3&v4&H0&+0&R&z0:1]1:[c&D2&v4&H1&+0&R&z0:6]:[c&D2&v4&H1&+0&R&z0:5]:[c&D2&v4&H1&+0&R&z1:4]:[n&D3&v4&H0&+&R:3]:[c&D2&v4&H1&+0&R&z1:2]:1	Any;Any
1590_1	NADH_CoF;CO2;Any	[C&D3&v4&H0&+0&R&z0:1]1=[C&D2&v4&H1&+0&R&z1:2]-[N&D3&v3&H0&+0&R:3]-[C&D2&v4&H1&+0&R&z1:4]=[C&D2&v4&H1&+0&R&z0:5]-[C&D2&v4&H2&+0&R&z0:6]-1.[O&D1&v2&H0&+0&!R:7]=[C&D2&v4&H0&+0&!R&z2:8].[O&D1&v2&H0&+0&!R:9]=[C&D3&v4&H0&+0&R&z1:10]-[C&D2&v4&H2&+0&R&z1:11]>>[C&D3&v4&H0&+0&!R&z2:8](-[O&D1&v2&H1&+0&!R:7])-[C&D3&v4&H1&+0&R&z1:11]-[C&D3&v4&H1&+0&R&z1:10]-[O&D1&v2&H1&+0&!R:9].[c&D3&v4&H0&+0&R&z0:1]1:[c&D2&v4&H1&+0&R&z0:6]:[c&D2&v4&H1&+0&R&z0:5]:[c&D2&v4&H1&+0&R&z1:4]:[n&D3&v4&H0&+&R:3]:[c&D2&v4&H1&+0&R&z1:2]:1	Any;NAD_CoF
1028_0	Any;Any;O2	[C&D3&v4&H0&+0&R&z0:1]1=[C&D2&v4&H1&+0&R&z1:2]-[N&D3&v3&H0&+0&R:3]-[C&D2&v4&H1&+0&R&z1:4]=[C&D2&v4&H1&+0&R&z0:5]-[C&D2&v4&H2&+0&R&z0:6]-1.[C&D3&v4&H1&+0&!R&z0:7].[O&D1&v2&H0&+0&!R:8]=[O&D1&v2&H0&+0&!R:9]>>[C&D4&v4&H0&+0&!R&z1:7]-[O&D1&v2&H1&+0&!R:8].[O&D0&v2&H2&+0&!R:9].[c&D3&v4&H0&+0&R&z0:1]1:[c&D2&v4&H1&+0&R&z0:6]:[c&D2&v4&H1&+0&R&z0:5]:[c&D2&v4&H1&+0&R&z1:4]:[n&D3&v4&H0&+&R:3]:[c&D2&v4&H1&+0&R&z1:2]:1	Any;WATER;Any
1028_1	NADH_CoF;Any;O2	[C&D3&v4&H0&+0&R&z0:1]1=[C&D2&v4&H1&+0&R&z1:2]-[N&D3&v3&H0&+0&R:3]-[C&D2&v4&H1&+0&R&z1:4]=[C&D2&v4&H1&+0&R&z0:5]-[C&D2&v4&H2&+0&R&z0:6]-1.[C&D3&v4&H1&+0&!R&z0:7].[O&D1&v2&H0&+0&!R:8]=[O&D1&v2&H0&+0&!R:9]>>[C&D4&v4&H0&+0&!R&z1:7]-[O&D1&v2&H1&+0&!R:8].[O&D0&v2&H2&+0&!R:9].[c&D3&v4&H0&+0&R&z0:1]1:[c&D2&v4&H1&+0&R&z0:6]:[c&D2&v4&H1&+0&R&z0:5]:[c&D2&v4&H1&+0&R&z1:4]:[n&D3&v4&H0&+&R:3]:[c&D2&v4&H1&+0&R&z1:2]:1	Any;WATER;NAD_CoF
543_0	Any;O2;Any	[C&D3&v4&H0&+0&R&z0:1]1=[C&D2&v4&H1&+0&R&z1:2]-[N&D3&v3&H0&+0&R:3]-[C&D2&v4&H1&+0&R&z1:4]=[C&D2&v4&H1&+0&R&z0:5]-[C&D2&v4&H2&+0&R&z0:6]-1.[O&D1&v2&H0&+0&!R:7]=[O&D1&v2&H0&+0&!R:8].([N&D2&v3&H1&+0&R:9].[c&D3&v4&H0&+0&R&z1:10]1:[n&D2&v3&H1&+0&R:11]:[c&D3&v4&H0&+0&R&z1:12]:[c&D3&v4&H0&+0&R&z0:13]:[c&D3&v4&H0&+0&R&z0:14]:1)>>[C&D4&v4&H0&+0&R&z2:10]1(-[N&D2&v3&H1&+0&R:11]-[c&D3&v4&H0&+0&R&z1:12]:[c&D3&v4&H0&+0&R&z0:13]-[C&D4&v4&H0&+0&R&z1:14]-1-[O&D1&v2&H1&+0&!R:7])-[N&D3&v3&H0&+0&R:9].[O&D0&v2&H2&+0&!R:8].[c&D3&v4&H0&+0&R&z0:1]1:[c&D2&v4&H1&+0&R&z0:6]:[c&D2&v4&H1&+0&R&z0:5]:[c&D2&v4&H1&+0&R&z1:4]:[n&D3&v4&H0&+&R:3]:[c&D2&v4&H1&+0&R&z1:2]:1	Any;WATER;Any
543_1	NADH_CoF;O2;Any	[C&D3&v4&H0&+0&R&z0:1]1=[C&D2&v4&H1&+0&R&z1:2]-[N&D3&v3&H0&+0&R:3]-[C&D2&v4&H1&+0&R&z1:4]=[C&D2&v4&H1&+0&R&z0:5]-[C&D2&v4&H2&+0&R&z0:6]-1.[O&D1&v2&H0&+0&!R:7]=[O&D1&v2&H0&+0&!R:8].([N&D2&v3&H1&+0&R:9].[c&D3&v4&H0&+0&R&z1:10]1:[n&D2&v3&H1&+0&R:11]:[c&D3&v4&H0&+0&R&z1:12]:[c&D3&v4&H0&+0&R&z0:13]:[c&D3&v4&H0&+0&R&z0:14]:1)>>[C&D4&v4&H0&+0&R&z2:10]1(-[N&D2&v3&H1&+0&R:11]-[c&D3&v4&H0&+0&R&z1:12]:[c&D3&v4&H0&+0&R&z0:13]-[C&D4&v4&H0&+0&R&z1:14]-1-[O&D1&v2&H1&+0&!R:7])-[N&D3&v3&H0&+0&R:9].[O&D0&v2&H2&+0&!R:8].[c&D3&v4&H0&+0&R&z0:1]1:[c&D2&v4&H1&+0&R&z0:6]:[c&D2&v4&H1&+0&R&z0:5]:[c&D2&v4&H1&+0&R&z1:4]:[n&D3&v4&H0&+&R:3]:[c&D2&v4&H1&+0&R&z1:2]:1	Any;WATER;NAD_CoF
506_0	Any;Any;WATER;CO2	[C&D3&v4&H0&+0&!R&z2:1]-[O&D1&v2&H1&+0&!R:2].[C&D3&v4&H0&+0&R&z1:3]=[O&D1&v2&H0&+0&!R:4].[O&D0&v2&H2&+0&!R:5].[O&D1&v2&H0&+0&!R:6]=[C&D2&v4&H0&+0&!R&z2:7]>>[C&D3&v4&H0&+0&!R&z1:1]-[C&D3&v4&H0&+0&!R&z2:7]-[O&D1&v2&H1&+0&!R:6].[C&D3&v4&H1&+0&R&z1:3]-[O&D1&v2&H1&+0&!R:5].[O&D1&v2&H0&+0&!R:2]=[O&D1&v2&H0&+0&!R:4]	Any;Any;O2
963_0	Any	[C&D3&v4&H0&+0&!R&z0:1]=[C&D2&v4&H1&+0&!R&z0:2]-[C&D2&v4&H2&+0&!R&z1:3]-[O&D1&v2&H1&+0&!R:4]>>[C&D1&v4&H2&+0&!R&z0:3]=[C&D2&v4&H1&+0&!R&z0:2]-[C&D4&v4&H0&+0&!R&z1:1]-[O&D1&v2&H1&+0&!R:4]	Any
1350_0	Any;Any;CO2	[C&D1&v4&H3&+0&!R&z1:1]-[O&D1&v2&H1&+0&!R:2].[N&D1&v3&H2&+0&!R:3].[O&D1&v2&H0&+0&!R:4]=[C&D2&v4&H0&+0&!R&z2:5]>>[C&D1&v4&H3&+0&!R&z1:1]-[O&D2&v2&H0&+0&!R:4]-[C&D3&v4&H0&+0&!R&z3:5]-[N&D2&v3&H1&+0&!R:3].[O&D0&v2&H2&+0&!R:2]	Any;WATER
686_0	Any	[C&D4&v4&H0&+0&!R&z1:1]-[C&D3&v4&H0&+0&!R&z2:2]-[O&D1&v2&H1&+0&!R:3]>>[C&D3&v4&H1&+0&!R&z1:1].[O&D1&v2&H0&+0&!R:3]=[C&D2&v4&H0&+0&!R&z2:2]	Any;CO2
483_0	Any;Any	[C&D1&v4&H2&+0&!R&z0:1]=[C&D3&v4&H0&+0&!R&z1:2].[C&D3&v4&H0&+0&R&z0:3]1=[C&D2&v4&H1&+0&R&z1:4]-[N&D3&v3&H0&+0&R:5]-[C&D2&v4&H1&+0&R&z1:6]=[C&D2&v4&H1&+0&R&z0:7]-[C&D2&v4&H2&+0&R&z0:8]-1>>[C&D1&v4&H3&+0&!R&z0:1]-[C&D3&v4&H1&+0&!R&z1:2].[c&D3&v4&H0&+0&R&z0:3]1:[c&D2&v4&H1&+0&R&z0:8]:[c&D2&v4&H1&+0&R&z0:7]:[c&D2&v4&H1&+0&R&z1:6]:[n&D3&v4&H0&+&R:5]:[c&D2&v4&H1&+0&R&z1:4]:1	Any;Any
483_1	Any;NADH_CoF	[C&D1&v4&H2&+0&!R&z0:1]=[C&D3&v4&H0&+0&!R&z1:2].[C&D3&v4&H0&+0&R&z0:3]1=[C&D2&v4&H1&+0&R&z1:4]-[N&D3&v3&H0&+0&R:5]-[C&D2&v4&H1&+0&R&z1:6]=[C&D2&v4&H1&+0&R&z0:7]-[C&D2&v4&H2&+0&R&z0:8]-1>>[C&D1&v4&H3&+0&!R&z0:1]-[C&D3&v4&H1&+0&!R&z1:2].[c&D3&v4&H0&+0&R&z0:3]1:[c&D2&v4&H1&+0&R&z0:8]:[c&D2&v4&H1&+0&R&z0:7]:[c&D2&v4&H1&+0&R&z1:6]:[n&D3&v4&H0&+&R:5]:[c&D2&v4&H1&+0&R&z1:4]:1	Any;NAD_CoF
1452_0	WATER;Any	[O&D0&v2&H2&+0&!R:1].[c&D3&v4&H0&+0&R&z1:2]1:[c&D2&v4&H1&+0&R&z0:3]:[c&D3&v4&H0&+0&R&z1:4]:[c&D3&v4&H0&+0&R&z0:5]:[c&D3&v4&H0&+0&R&z1:6]:[o&D2&v2&H0&+0&R:7]:1>>[C&D4&v4&H0&+0&R&z2:2]1(-[O&D1&v2&H1&+0&!R:1])-[C&D2&v4&H2&+0&R&z0:3]-[C&D3&v4&H0&+0&R&z1:4]-[c&D3&v4&H0&+0&R&z0:5]:[c&D3&v4&H0&+0&R&z1:6]-[O&D2&v2&H0&+0&R:7]-1	Any
971_0	Any;PPI	[C&D3&v4&H1&+0&!R&z0:1]-[C&D4&v4&H0&+0&R&z0:2]1-[C&D3&v4&H1&+0&R&z0:3](-[C&D3&v4&H0&+0&R&z0:4]=[C&D2&v4&H1&+0&R&z0:5])-[C&D2&v4&H2&+0&R&z0:6]-1.[O&D1&v2&H1&+0&!R:7]>>([C&D2&v4&H2&+0&!R&z0:5]-[C&D3&v4&H0&+0&!R&z0:4]=[C&D2&v4&H1&+0&!R&z0:3]-[C&D2&v4&H2&+0&!R&z1:6]-[O&D2&v2&H0&+0&!R:7].[C&D3&v4&H0&+0&!R&z0:1]=[C&D2&v4&H1&+0&!R&z0:2])	Any
1752_0	Any;Any	[N&D1&v3&H2&+0&!R:1].[O&D2&v2&H0&+0&!R:2]-[C&D3&v4&H1&+0&R&z1:3]>>[N&D2&v3&H1&+0&!R:1]-[C&D3&v4&H1&+0&R&z1:3].[O&D1&v2&H1&+0&!R:2]	Any;Any
1490_0	Any;SULFATE	([C&D3&v4&H1&+0&R&z1:1]1-[C&D2&v4&H2&+0&R&z1:2]-[S&D2&v2&H0&+0&R:3]-1.[N&D1&v3&H0&+0&!R:4]#[C&D2&v4&H0&+0&!R&z1:5]).[O&D1&v2&H1&+0&!R:6]>>([C&D1&v4&H2&+0&!R&z0:2]=[C&D2&v4&H1&+0&!R&z0:1].[C&D3&v4&H0&+0&!R&z2:5](-[S&D1&v2&H1&+0&!R:3])=[N&D2&v3&H0&+0&!R:4]-[O&D2&v2&H0&+0&!R:6])	Any
1052_0	Any;Any;O2	[C&D2&v4&H1&+0&!R&z1:1].[C&D3&v4&H0&+0&R&z0:2]1=[C&D2&v4&H1&+0&R&z1:3]-[N&D3&v3&H0&+0&R:4]-[C&D2&v4&H1&+0&R&z1:5]=[C&D2&v4&H1&+0&R&z0:6]-[C&D2&v4&H2&+0&R&z0:7]-1.[O&D1&v2&H0&+0&!R:8]=[O&D1&v2&H0&+0&!R:9]>>[C&D3&v4&H0&+0&!R&z2:1]-[O&D1&v2&H1&+0&!R:8].[O&D0&v2&H2&+0&!R:9].[c&D3&v4&H0&+0&R&z0:2]1:[c&D2&v4&H1&+0&R&z0:7]:[c&D2&v4&H1&+0&R&z0:6]:[c&D2&v4&H1&+0&R&z1:5]:[n&D3&v4&H0&+&R:4]:[c&D2&v4&H1&+0&R&z1:3]:1	Any;WATER;Any
1052_1	Any;NADH_CoF;O2	[C&D2&v4&H1&+0&!R&z1:1].[C&D3&v4&H0&+0&R&z0:2]1=[C&D2&v4&H1&+0&R&z1:3]-[N&D3&v3&H0&+0&R:4]-[C&D2&v4&H1&+0&R&z1:5]=[C&D2&v4&H1&+0&R&z0:6]-[C&D2&v4&H2&+0&R&z0:7]-1.[O&D1&v2&H0&+0&!R:8]=[O&D1&v2&H0&+0&!R:9]>>[C&D3&v4&H0&+0&!R&z2:1]-[O&D1&v2&H1&+0&!R:8].[O&D0&v2&H2&+0&!R:9].[c&D3&v4&H0&+0&R&z0:2]1:[c&D2&v4&H1&+0&R&z0:7]:[c&D2&v4&H1&+0&R&z0:6]:[c&D2&v4&H1&+0&R&z1:5]:[n&D3&v4&H0&+&R:4]:[c&D2&v4&H1&+0&R&z1:3]:1	Any;WATER;NAD_CoF
1501_0	NH3;CO2;Any;Any	[N&D0&v3&H3&+0&!R:1].[O&D1&v2&H0&+0&!R:2]=[C&D2&v4&H0&+0&!R&z2:3].[O&D1&v2&H1&+0&!R:4]-[c&D3&v4&H0&+0&R&z1:5]:[c&D3&v4&H0&+0&R&z1:6]-[O&D1&v2&H1&+0&!R:7].[c&D3&v4&H0&+0&R&z0:8]1:[c&D2&v4&H1&+0&R&z0:9]:[c&D2&v4&H1&+0&R&z0:10]:[c&D2&v4&H1&+0&R&z1:11]:[n&D3&v4&H0&+&R:12]:[c&D2&v4&H1&+0&R&z1:13]:1>>[C&D3&v4&H0&+0&R&z0:8]1=[C&D2&v4&H1&+0&R&z1:13]-[N&D3&v3&H0&+0&R:12]-[C&D2&v4&H1&+0&R&z1:11]=[C&D2&v4&H1&+0&R&z0:10]-[C&D2&v4&H2&+0&R&z0:9]-1.[N&D1&v3&H2&+0&!R:1]-[c&D3&v4&H0&+0&R&z1:5]:[c&D3&v4&H0&+0&R&z0:6]-[C&D3&v4&H0&+0&!R&z2:3]-[O&D1&v2&H1&+0&!R:2].[O&D1&v2&H0&+0&!R:4]=[O&D1&v2&H0&+0&!R:7]	Any;Any;O2
1501_1	NH3;CO2;Any;NAD_CoF	[N&D0&v3&H3&+0&!R:1].[O&D1&v2&H0&+0&!R:2]=[C&D2&v4&H0&+0&!R&z2:3].[O&D1&v2&H1&+0&!R:4]-[c&D3&v4&H0&+0&R&z1:5]:[c&D3&v4&H0&+0&R&z1:6]-[O&D1&v2&H1&+0&!R:7].[c&D3&v4&H0&+0&R&z0:8]1:[c&D2&v4&H1&+0&R&z0:9]:[c&D2&v4&H1&+0&R&z0:10]:[c&D2&v4&H1&+0&R&z1:11]:[n&D3&v4&H0&+&R:12]:[c&D2&v4&H1&+0&R&z1:13]:1>>[C&D3&v4&H0&+0&R&z0:8]1=[C&D2&v4&H1&+0&R&z1:13]-[N&D3&v3&H0&+0&R:12]-[C&D2&v4&H1&+0&R&z1:11]=[C&D2&v4&H1&+0&R&z0:10]-[C&D2&v4&H2&+0&R&z0:9]-1.[N&D1&v3&H2&+0&!R:1]-[c&D3&v4&H0&+0&R&z1:5]:[c&D3&v4&H0&+0&R&z0:6]-[C&D3&v4&H0&+0&!R&z2:3]-[O&D1&v2&H1&+0&!R:2].[O&D1&v2&H0&+0&!R:4]=[O&D1&v2&H0&+0&!R:7]	NADH_CoF;Any;O2
76_0	Any;WATER;Any	[C&D3&v4&H0&+0&!R&z3:1]-[O&D1&v2&H1&+0&!R:2].[O&D0&v2&H2&+0&!R:3].[P&D4&v5&H0&+0&!R:4]-[O&D2&v2&H0&+0&!R:5]>>[C&D3&v4&H0&+0&!R&z3:1]-[O&D1&v2&H1&+0&!R:3].[O&D1&v2&H1&+0&!R:5].[P&D4&v5&H0&+0&!R:4]-[O&D1&v2&H1&+0&!R:2]	Any;Pi;Any
76_1	Any;WATER;PHOSPHATE_DONOR_CoF	[C&D3&v4&H0&+0&!R&z3:1]-[O&D1&v2&H1&+0&!R:2].[O&D0&v2&H2&+0&!R:3].[P&D4&v5&H0&+0&!R:4]-[O&D2&v2&H0&+0&!R:5]>>[C&D3&v4&H0&+0&!R&z3:1]-[O&D1&v2&H1&+0&!R:3].[O&D1&v2&H1&+0&!R:5].[P&D4&v5&H0&+0&!R:4]-[O&D1&v2&H1&+0&!R:2]	Any;Pi;PHOSPHATE_ACCEPTOR_CoF
2073_0	Any;Any	[C&D2&v4&H1&+0&!R&z2:1]-[O&D1&v2&H1&+0&!R:2].[C&D3&v4&H0&+0&R&z1:3]1=[C&D3&v4&H0&+0&R&z1:4]-[C&D3&v4&H0&+0&R&z1:5](=[O&D1&v2&H0&+0&!R:6])-[C&D3&v4&H0&+0&R&z1:7]=[C&D3&v4&H0&+0&R&z1:8]-[C&D3&v4&H0&+0&R&z1:9]-1=[O&D1&v2&H0&+0&!R:10]>>[O&D1&v2&H0&+0&!R:2]=[C&D2&v4&H0&+0&!R&z2:1].[c&D3&v4&H0&+0&R&z1:3]1:[c&D3&v4&H0&+0&R&z1:4]:[c&D3&v4&H0&+0&R&z1:5](-[O&D1&v2&H1&+0&!R:6]):[c&D3&v4&H0&+0&R&z1:7]:[c&D3&v4&H0&+0&R&z1:8]:[c&D3&v4&H0&+0&R&z1:9]:1-[O&D1&v2&H1&+0&!R:10]	CO2;Any
2119_0	Any	([C&D3&v4&H1&+0&R&z2:1]-[O&D2&v2&H0&+0&R:2].[O&D1&v2&H1&+0&!R:3])>>([C&D3&v4&H1&+0&R&z2:1]-[O&D2&v2&H0&+0&R:3].[O&D1&v2&H1&+0&!R:2])	Any
2004_0	Any	[C&D2&v4&H2&+0&!R&z0:1]-[C&D4&v4&H0&+0&!R&z1:2](-[O&D1&v2&H1&+0&!R:3])-[C&D2&v4&H2&+0&!R&z0:4]-[C&D3&v4&H0&+0&!R&z1:5]=[O&D1&v2&H0&+0&!R:6]>>[C&D2&v4&H1&+0&!R&z0:1]=[C&D3&v4&H0&+0&!R&z0:2]-[C&D2&v4&H1&+0&!R&z0:4]=[C&D3&v4&H0&+0&!R&z1:5]-[O&D1&v2&H1&+0&!R:6].[O&D0&v2&H2&+0&!R:3]	Any;WATER
100_0	Any;Any;PPI	[C&D3&v4&H0&+0&!R&z3:1]-[S&D2&v2&H0&+0&!R:2].[O&D1&v2&H1&+0&!R:3].[P&D4&v5&H0&+0&!R:4]-[O&D1&v2&H1&+0&!R:5]>>[C&D3&v4&H0&+0&!R&z3:1]-[O&D1&v2&H1&+0&!R:5].[O&D2&v2&H0&+0&!R:3]-[P&D4&v5&H0&+0&!R:4].[S&D1&v2&H1&+0&!R:2]	Any;Any;Any
100_1	Any;Any;PPI	[C&D3&v4&H0&+0&!R&z3:1]-[S&D2&v2&H0&+0&!R:2].[O&D1&v2&H1&+0&!R:3].[P&D4&v5&H0&+0&!R:4]-[O&D1&v2&H1&+0&!R:5]>>[C&D3&v4&H0&+0&!R&z3:1]-[O&D1&v2&H1&+0&!R:5].[O&D2&v2&H0&+0&!R:3]-[P&D4&v5&H0&+0&!R:4].[S&D1&v2&H1&+0&!R:2]	Any;Any;CoA
100_2	Any;Any;Pi	[C&D3&v4&H0&+0&!R&z3:1]-[S&D2&v2&H0&+0&!R:2].[O&D1&v2&H1&+0&!R:3].[P&D4&v5&H0&+0&!R:4]-[O&D1&v2&H1&+0&!R:5]>>[C&D3&v4&H0&+0&!R&z3:1]-[O&D1&v2&H1&+0&!R:5].[O&D2&v2&H0&+0&!R:3]-[P&D4&v5&H0&+0&!R:4].[S&D1&v2&H1&+0&!R:2]	Any;Any;CoA
100_3	Any;PHOSPHATE_ACCEPTOR_CoF;Pi	[C&D3&v4&H0&+0&!R&z3:1]-[S&D2&v2&H0&+0&!R:2].[O&D1&v2&H1&+0&!R:3].[P&D4&v5&H0&+0&!R:4]-[O&D1&v2&H1&+0&!R:5]>>[C&D3&v4&H0&+0&!R&z3:1]-[O&D1&v2&H1&+0&!R:5].[O&D2&v2&H0&+0&!R:3]-[P&D4&v5&H0&+0&!R:4].[S&D1&v2&H1&+0&!R:2]	Any;PHOSPHATE_DONOR_CoF;CoA
100_4	Any;PYROPHOSPHATE_ACCEPTOR_CoF;PPI	[C&D3&v4&H0&+0&!R&z3:1]-[S&D2&v2&H0&+0&!R:2].[O&D1&v2&H1&+0&!R:3].[P&D4&v5&H0&+0&!R:4]-[O&D1&v2&H1&+0&!R:5]>>[C&D3&v4&H0&+0&!R&z3:1]-[O&D1&v2&H1&+0&!R:5].[O&D2&v2&H0&+0&!R:3]-[P&D4&v5&H0&+0&!R:4].[S&D1&v2&H1&+0&!R:2]	Any;PYROPHOSPHATE_DONOR_CoF;Any
100_5	Any;PYROPHOSPHATE_ACCEPTOR_CoF;PPI	[C&D3&v4&H0&+0&!R&z3:1]-[S&D2&v2&H0&+0&!R:2].[O&D1&v2&H1&+0&!R:3].[P&D4&v5&H0&+0&!R:4]-[O&D1&v2&H1&+0&!R:5]>>[C&D3&v4&H0&+0&!R&z3:1]-[O&D1&v2&H1&+0&!R:5].[O&D2&v2&H0&+0&!R:3]-[P&D4&v5&H0&+0&!R:4].[S&D1&v2&H1&+0&!R:2]	Any;PYROPHOSPHATE_DONOR_CoF;CoA
537_0	Any;Any	[C&D1&v4&H2&+0&!R&z0:1]=[C&D2&v4&H1&+0&!R&z0:2]-[C&D3&v4&H0&+0&!R&z2:3].[C&D3&v4&H0&+0&R&z0:4]1=[C&D2&v4&H1&+0&R&z1:5]-[N&D3&v3&H0&+0&R:6]-[C&D2&v4&H1&+0&R&z1:7]=[C&D2&v4&H1&+0&R&z0:8]-[C&D2&v4&H2&+0&R&z0:9]-1>>[C&D1&v4&H3&+0&!R&z0:1]-[C&D2&v4&H2&+0&!R&z0:2]-[C&D3&v4&H0&+0&!R&z2:3].[c&D3&v4&H0&+0&R&z0:4]1:[c&D2&v4&H1&+0&R&z0:9]:[c&D2&v4&H1&+0&R&z0:8]:[c&D2&v4&H1&+0&R&z1:7]:[n&D3&v4&H0&+&R:6]:[c&D2&v4&H1&+0&R&z1:5]:1	Any;Any
537_1	Any;NADH_CoF	[C&D1&v4&H2&+0&!R&z0:1]=[C&D2&v4&H1&+0&!R&z0:2]-[C&D3&v4&H0&+0&!R&z2:3].[C&D3&v4&H0&+0&R&z0:4]1=[C&D2&v4&H1&+0&R&z1:5]-[N&D3&v3&H0&+0&R:6]-[C&D2&v4&H1&+0&R&z1:7]=[C&D2&v4&H1&+0&R&z0:8]-[C&D2&v4&H2&+0&R&z0:9]-1>>[C&D1&v4&H3&+0&!R&z0:1]-[C&D2&v4&H2&+0&!R&z0:2]-[C&D3&v4&H0&+0&!R&z2:3].[c&D3&v4&H0&+0&R&z0:4]1:[c&D2&v4&H1&+0&R&z0:9]:[c&D2&v4&H1&+0&R&z0:8]:[c&D2&v4&H1&+0&R&z1:7]:[n&D3&v4&H0&+&R:6]:[c&D2&v4&H1&+0&R&z1:5]:1	Any;NAD_CoF
1553_0	Any;Any	[C&D3&v4&H0&+0&R&z0:1]1=[C&D2&v4&H1&+0&R&z1:2]-[N&D3&v3&H0&+0&R:3]-[C&D2&v4&H1&+0&R&z1:4]=[C&D2&v4&H1&+0&R&z0:5]-[C&D2&v4&H2&+0&R&z0:6]-1.[C&D3&v4&H0&+0&R&z1:7]1=[C&D3&v4&H0&+0&R&z1:8]-[C&D3&v4&H0&+0&R&z1:9](=[O&D1&v2&H0&+0&!R:10])-[C&D3&v4&H0&+0&R&z1:11]=[C&D3&v4&H0&+0&R&z1:12]-[C&D3&v4&H0&+0&R&z1:13]-1=[O&D1&v2&H0&+0&!R:14]>>[c&D3&v4&H0&+0&R&z0:1]1:[c&D2&v4&H1&+0&R&z0:6]:[c&D2&v4&H1&+0&R&z0:5]:[c&D2&v4&H1&+0&R&z1:4]:[n&D3&v4&H0&+&R:3]:[c&D2&v4&H1&+0&R&z1:2]:1.[c&D3&v4&H0&+0&R&z1:7]1:[c&D3&v4&H0&+0&R&z1:8]:[c&D3&v4&H0&+0&R&z1:9](-[O&D1&v2&H1&+0&!R:10]):[c&D3&v4&H0&+0&R&z1:11]:[c&D3&v4&H0&+0&R&z1:12]:[c&D3&v4&H0&+0&R&z1:13]:1-[O&D1&v2&H1&+0&!R:14]	Any;Any
1553_1	NADH_CoF;Any	[C&D3&v4&H0&+0&R&z0:1]1=[C&D2&v4&H1&+0&R&z1:2]-[N&D3&v3&H0&+0&R:3]-[C&D2&v4&H1&+0&R&z1:4]=[C&D2&v4&H1&+0&R&z0:5]-[C&D2&v4&H2&+0&R&z0:6]-1.[C&D3&v4&H0&+0&R&z1:7]1=[C&D3&v4&H0&+0&R&z1:8]-[C&D3&v4&H0&+0&R&z1:9](=[O&D1&v2&H0&+0&!R:10])-[C&D3&v4&H0&+0&R&z1:11]=[C&D3&v4&H0&+0&R&z1:12]-[C&D3&v4&H0&+0&R&z1:13]-1=[O&D1&v2&H0&+0&!R:14]>>[c&D3&v4&H0&+0&R&z0:1]1:[c&D2&v4&H1&+0&R&z0:6]:[c&D2&v4&H1&+0&R&z0:5]:[c&D2&v4&H1&+0&R&z1:4]:[n&D3&v4&H0&+&R:3]:[c&D2&v4&H1&+0&R&z1:2]:1.[c&D3&v4&H0&+0&R&z1:7]1:[c&D3&v4&H0&+0&R&z1:8]:[c&D3&v4&H0&+0&R&z1:9](-[O&D1&v2&H1&+0&!R:10]):[c&D3&v4&H0&+0&R&z1:11]:[c&D3&v4&H0&+0&R&z1:12]:[c&D3&v4&H0&+0&R&z1:13]:1-[O&D1&v2&H1&+0&!R:14]	NAD_CoF;Any
1819_0	Any;Any	[C&D3&v4&H0&+0&!R&z2:1](-[O&D1&v2&H1&+0&!R:2])-[C&D2&v4&H2&+0&!R&z0:3]-[C&D3&v4&H0&+0&!R&z1:4]=[O&D1&v2&H0&+0&!R:5].[O&D2&v2&H0&+0&!R:6]-[P&D4&v5&H0&+0&!R:7]>>[C&D1&v4&H2&+0&!R&z0:3]=[C&D3&v4&H0&+0&!R&z1:4]-[O&D2&v2&H0&+0&!R:5]-[P&D4&v5&H0&+0&!R:7].[O&D1&v2&H0&+0&!R:2]=[C&D2&v4&H0&+0&!R&z2:1].[O&D1&v2&H1&+0&!R:6]	Any;CO2;Any
1819_1	Any;PHOSPHATE_DONOR_CoF	[C&D3&v4&H0&+0&!R&z2:1](-[O&D1&v2&H1&+0&!R:2])-[C&D2&v4&H2&+0&!R&z0:3]-[C&D3&v4&H0&+0&!R&z1:4]=[O&D1&v2&H0&+0&!R:5].[O&D2&v2&H0&+0&!R:6]-[P&D4&v5&H0&+0&!R:7]>>[C&D1&v4&H2&+0&!R&z0:3]=[C&D3&v4&H0&+0&!R&z1:4]-[O&D2&v2&H0&+0&!R:5]-[P&D4&v5&H0&+0&!R:7].[O&D1&v2&H0&+0&!R:2]=[C&D2&v4&H0&+0&!R&z2:1].[O&D1&v2&H1&+0&!R:6]	Any;CO2;PHOSPHATE_ACCEPTOR_CoF
1819_2	Any;PPI	[C&D3&v4&H0&+0&!R&z2:1](-[O&D1&v2&H1&+0&!R:2])-[C&D2&v4&H2&+0&!R&z0:3]-[C&D3&v4&H0&+0&!R&z1:4]=[O&D1&v2&H0&+0&!R:5].[O&D2&v2&H0&+0&!R:6]-[P&D4&v5&H0&+0&!R:7]>>[C&D1&v4&H2&+0&!R&z0:3]=[C&D3&v4&H0&+0&!R&z1:4]-[O&D2&v2&H0&+0&!R:5]-[P&D4&v5&H0&+0&!R:7].[O&D1&v2&H0&+0&!R:2]=[C&D2&v4&H0&+0&!R&z2:1].[O&D1&v2&H1&+0&!R:6]	Any;CO2;Pi
887_0	Any;PPI	[C&D3&v4&H1&+0&R&z0:1]1-[C&D3&v4&H1&+0&R&z0:2]-[C&D4&v4&H0&+0&R&z0:3]-1.[O&D1&v2&H1&+0&!R:4]>>[C&D2&v4&H2&+0&!R&z1:1]-[O&D2&v2&H0&+0&!R:4].[C&D3&v4&H0&+0&!R&z0:3]=[C&D2&v4&H1&+0&!R&z0:2]	Any;Any
887_1	Any;PRENYL_ACCEPTOR_CoF	[C&D3&v4&H1&+0&R&z0:1]1-[C&D3&v4&H1&+0&R&z0:2]-[C&D4&v4&H0&+0&R&z0:3]-1.[O&D1&v2&H1&+0&!R:4]>>[C&D2&v4&H2&+0&!R&z1:1]-[O&D2&v2&H0&+0&!R:4].[C&D3&v4&H0&+0&!R&z0:3]=[C&D2&v4&H1&+0&!R&z0:2]	PRENYL_DONOR_CoF;PRENYL_DONOR_CoF
1687_0	Any;Any	[c&D3&v4&H0&+0&R&z0:1]1:[c&D2&v4&H1&+0&R&z0:2]:[c&D2&v4&H1&+0&R&z0:3]:[c&D2&v4&H1&+0&R&z1:4]:[n&D3&v4&H0&+&R:5]:[c&D2&v4&H1&+0&R&z1:6]:1.[c&D3&v4&H0&+0&R&z1:7](:[c&D3&v4&H0&+0&R&z2:8]-[N&D2&v3&H1&+0&R:9])-[N&D2&v3&H1&+0&R:10]>>[C&D3&v4&H0&+0&R&z0:1]1=[C&D2&v4&H1&+0&R&z1:6]-[N&D3&v3&H0&+0&R:5]-[C&D2&v4&H1&+0&R&z1:4]=[C&D2&v4&H1&+0&R&z0:3]-[C&D2&v4&H2&+0&R&z0:2]-1.[c&D3&v4&H0&+0&R&z1:7](:[c&D3&v4&H0&+0&R&z2:8]=[N&D2&v3&H0&+0&R:9])=[N&D2&v3&H0&+0&R:10]	Any;Any
1687_1	NAD_CoF;Any	[c&D3&v4&H0&+0&R&z0:1]1:[c&D2&v4&H1&+0&R&z0:2]:[c&D2&v4&H1&+0&R&z0:3]:[c&D2&v4&H1&+0&R&z1:4]:[n&D3&v4&H0&+&R:5]:[c&D2&v4&H1&+0&R&z1:6]:1.[c&D3&v4&H0&+0&R&z1:7](:[c&D3&v4&H0&+0&R&z2:8]-[N&D2&v3&H1&+0&R:9])-[N&D2&v3&H1&+0&R:10]>>[C&D3&v4&H0&+0&R&z0:1]1=[C&D2&v4&H1&+0&R&z1:6]-[N&D3&v3&H0&+0&R:5]-[C&D2&v4&H1&+0&R&z1:4]=[C&D2&v4&H1&+0&R&z0:3]-[C&D2&v4&H2&+0&R&z0:2]-1.[c&D3&v4&H0&+0&R&z1:7](:[c&D3&v4&H0&+0&R&z2:8]=[N&D2&v3&H0&+0&R:9])=[N&D2&v3&H0&+0&R:10]	NADH_CoF;Any
78_0	Any;WATER	[C&D3&v4&H0&+0&!R&z3:1]-[O&D2&v2&H0&+0&!R:2].[O&D0&v2&H2&+0&!R:3]>>[C&D3&v4&H0&+0&!R&z3:1]-[O&D1&v2&H1&+0&!R:3].[O&D1&v2&H1&+0&!R:2]	Any;Any
2042_0	Any	([O&D1&v2&H0&+0&!R:1]=[C&D3&v4&H0&+0&R&z1:2]-[C&D3&v4&H1&+0&R&z1:3](-[C&D3&v4&H1&+0&R&z1:4](-[C&D3&v4&H1&+0&R&z1:5]-[O&D2&v2&H0&+0&R:6])-[O&D1&v2&H1&+0&!R:7])-[O&D1&v2&H1&+0&!R:8].[O&D1&v2&H1&+0&!R:9])>>[O&D0&v2&H2&+0&!R:7].([O&D1&v2&H0&+0&!R:8]=[C&D3&v4&H0&+0&R&z1:3](-[C&D2&v4&H1&+0&R&z0:4]=[C&D2&v4&H1&+0&R&z0:5])-[C&D4&v4&H0&+0&R&z2:2](-[O&D2&v2&H0&+0&R:9])-[O&D1&v2&H1&+0&!R:1].[O&D1&v2&H1&+0&!R:6])	WATER;Any
1886_0	WATER;Any	[O&D0&v2&H2&+0&!R:1].([c&D3&v4&H0&+0&R&z1:2](:[n&D2&v3&H1&+0&R:3])-[C&D2&v4&H2&+0&R&z0:4]~[*:5]:[n&D2&v3&H1&+0&R:6].[n&D2&v3&H1&+0&R:7]:[c&D3&v4&H0&+0&R&z1:8]-[C&D2&v4&H2&+0&R&z0:9])>>([C&D2&v4&H2&+0&!R&z1:9]-[O&D1&v2&H1&+0&!R:1].[c&D2&v4&H1&+0&R&z1:2]:[n&D2&v3&H1&+0&R:3].[n&D2&v3&H1&+0&R:7]:[c&D3&v4&H0&+0&R&z1:8]-[C&D2&v4&H2&+0&!R&z0:4]~[*:5]:[n&D2&v3&H1&+0&R:6])	Any
209_0	Any;CoA;Any;Any	[C&D2&v4&H2&+0&!R&z2:1]-[O&D1&v2&H1&+0&!R:2].[S&D1&v2&H1&+0&!R:3].[c&D3&v4&H0&+0&R&z0:4]1:[c&D2&v4&H1&+0&R&z0:5]:[c&D2&v4&H1&+0&R&z0:6]:[c&D2&v4&H1&+0&R&z1:7]:[n&D3&v4&H0&+&R:8]:[c&D2&v4&H1&+0&R&z1:9]:1.[c&D3&v4&H0&+0&R&z0:10]1:[c&D2&v4&H1&+0&R&z0:11]:[c&D2&v4&H1&+0&R&z0:12]:[c&D2&v4&H1&+0&R&z1:13]:[n&D3&v4&H0&+&R:14]:[c&D2&v4&H1&+0&R&z1:15]:1>>[C&D3&v4&H0&+0&!R&z3:1](=[O&D1&v2&H0&+0&!R:2])-[S&D2&v2&H0&+0&!R:3].[C&D3&v4&H0&+0&R&z0:10]1=[C&D2&v4&H1&+0&R&z1:15]-[N&D3&v3&H0&+0&R:14]-[C&D2&v4&H1&+0&R&z1:13]=[C&D2&v4&H1&+0&R&z0:12]-[C&D2&v4&H2&+0&R&z0:11]-1.[C&D3&v4&H0&+0&R&z0:4]1=[C&D2&v4&H1&+0&R&z1:9]-[N&D3&v3&H0&+0&R:8]-[C&D2&v4&H1&+0&R&z1:7]=[C&D2&v4&H1&+0&R&z0:6]-[C&D2&v4&H2&+0&R&z0:5]-1	Any;Any;Any
209_1	Any;CoA;NAD_CoF;NAD_CoF	[C&D2&v4&H2&+0&!R&z2:1]-[O&D1&v2&H1&+0&!R:2].[S&D1&v2&H1&+0&!R:3].[c&D3&v4&H0&+0&R&z0:4]1:[c&D2&v4&H1&+0&R&z0:5]:[c&D2&v4&H1&+0&R&z0:6]:[c&D2&v4&H1&+0&R&z1:7]:[n&D3&v4&H0&+&R:8]:[c&D2&v4&H1&+0&R&z1:9]:1.[c&D3&v4&H0&+0&R&z0:10]1:[c&D2&v4&H1&+0&R&z0:11]:[c&D2&v4&H1&+0&R&z0:12]:[c&D2&v4&H1&+0&R&z1:13]:[n&D3&v4&H0&+&R:14]:[c&D2&v4&H1&+0&R&z1:15]:1>>[C&D3&v4&H0&+0&!R&z3:1](=[O&D1&v2&H0&+0&!R:2])-[S&D2&v2&H0&+0&!R:3].[C&D3&v4&H0&+0&R&z0:10]1=[C&D2&v4&H1&+0&R&z1:15]-[N&D3&v3&H0&+0&R:14]-[C&D2&v4&H1&+0&R&z1:13]=[C&D2&v4&H1&+0&R&z0:12]-[C&D2&v4&H2&+0&R&z0:11]-1.[C&D3&v4&H0&+0&R&z0:4]1=[C&D2&v4&H1&+0&R&z1:9]-[N&D3&v3&H0&+0&R:8]-[C&D2&v4&H1&+0&R&z1:7]=[C&D2&v4&H1&+0&R&z0:6]-[C&D2&v4&H2&+0&R&z0:5]-1	Any;NADH_CoF;NADH_CoF
1403_0	Any	([C&D3&v4&H0&+0&!R&z1:1]=[O&D1&v2&H0&+0&!R:2].[C&D3&v4&H1&+0&!R&z1:3]-[O&D1&v2&H1&+0&!R:4])>>([C&D3&v4&H0&+0&!R&z1:3]=[O&D1&v2&H0&+0&!R:4].[C&D3&v4&H1&+0&!R&z1:1]-[O&D1&v2&H1&+0&!R:2])	Any
748_0	WATER;Any	[O&D0&v2&H2&+0&!R:1].[O&D2&v2&H0&+0&!R:2]-[C&D3&v4&H1&+0&R&z2:3]-[O&D2&v2&H0&+0&R:4]-[C&D3&v4&H0&+0&R&z1:5]=[C&D2&v4&H1&+0&R&z0:6]>>([C&D2&v4&H2&+0&!R&z0:6]-[C&D3&v4&H0&+0&!R&z1:5]=[O&D1&v2&H0&+0&!R:1].[O&D1&v2&H0&+0&!R:4]=[C&D2&v4&H1&+0&!R&z1:3]).[O&D1&v2&H1&+0&!R:2]	Any;Any
783_0	Any;Any	[O&D2&v2&H0&+0&!R:1]-[C&D2&v4&H2&+0&!R&z1:2].[n&D2&v3&H1&+0&R:3]>>[C&D2&v4&H2&+0&!R&z1:2]-[n&D3&v3&H0&+0&R:3].[O&D1&v2&H1&+0&!R:1]	Any;Any
783_1	Any;Any	[O&D2&v2&H0&+0&!R:1]-[C&D2&v4&H2&+0&!R&z1:2].[n&D2&v3&H1&+0&R:3]>>[C&D2&v4&H2&+0&!R&z1:2]-[n&D3&v3&H0&+0&R:3].[O&D1&v2&H1&+0&!R:1]	Any;PPI
783_2	PRENYL_DONOR_CoF;Any	[O&D2&v2&H0&+0&!R:1]-[C&D2&v4&H2&+0&!R&z1:2].[n&D2&v3&H1&+0&R:3]>>[C&D2&v4&H2&+0&!R&z1:2]-[n&D3&v3&H0&+0&R:3].[O&D1&v2&H1&+0&!R:1]	Any;PRENYL_ACCEPTOR_CoF
550_0	Any	[C&D2&v4&H1&+0&!R&z0:1]-[C&D4&v4&H0&+0&!R&z1:2](-[C&D1&v4&H3&+0&!R&z0:3])-[O&D1&v2&H1&+0&!R:4]>>[C&D2&v4&H1&+0&!R&z0:1]-[C&D3&v4&H0&+0&!R&z0:2]=[C&D1&v4&H2&+0&!R&z0:3].[O&D0&v2&H2&+0&!R:4]	Any;WATER
107_0	Any;WATER	[C&D3&v4&H0&+0&!R&z2:1]-[N&D3&v3&H0&+0&R:2].[O&D0&v2&H2&+0&!R:3]>>[C&D3&v4&H0&+0&!R&z2:1]-[O&D1&v2&H1&+0&!R:3].[N&D2&v3&H1&+0&R:2]	Any;Any
812_0	Any	[C&D1&v4&H3&+0&!R&z0:1]-[C&D3&v4&H1&+0&!R&z0:2]-[C&D3&v4&H0&+0&!R&z2:3]>>[C&D2&v4&H2&+0&!R&z0:2]-[C&D2&v4&H2&+0&!R&z0:1]-[C&D3&v4&H0&+0&!R&z2:3]	Any
481_0	Any	[C&D1&v4&H2&+0&!R&z0:1]=[C&D3&v4&H0&+0&!R&z0:2]-[C&D3&v4&H1&+0&R&z0:3]-[C&D3&v4&H1&+0&R&z0:4]-[C&D4&v4&H0&+0&R&z0:5]-[C&D4&v4&H0&+0&R&z0:6]-[C&D3&v4&H1&+0&R&z0:7]-[C&D4&v4&H0&+0&R&z0:8]-[C&D3&v4&H1&+0&R&z0:9]-[C&D4&v4&H0&+0&R&z0:10]-[C&D2&v4&H2&+0&R&z0:11]>>([C&D2&v4&H1&+0&!R&z0:4]=[C&D3&v4&H0&+0&!R&z0:5].[C&D2&v4&H1&+0&!R&z0:3]=[C&D3&v4&H0&+0&!R&z0:2]-[C&D1&v4&H3&+0&!R&z0:1].[C&D3&v4&H0&+0&!R&z0:10]=[C&D2&v4&H1&+0&!R&z0:11].[C&D3&v4&H0&+0&!R&z0:8]=[C&D2&v4&H1&+0&!R&z0:9].[C&D3&v4&H0&+0&!R&z0:6]=[C&D2&v4&H1&+0&!R&z0:7])	Any
282_0	Any;WATER	[N&D2&v3&H1&+0&!R:1]-[P&D4&v5&H0&+0&!R:2].[O&D0&v2&H2&+0&!R:3]>>[N&D1&v3&H2&+0&!R:1].[P&D4&v5&H0&+0&!R:2]-[O&D1&v2&H1&+0&!R:3]	Any;Any
282_1	Any;WATER	[N&D2&v3&H1&+0&!R:1]-[P&D4&v5&H0&+0&!R:2].[O&D0&v2&H2&+0&!R:3]>>[N&D1&v3&H2&+0&!R:1].[P&D4&v5&H0&+0&!R:2]-[O&D1&v2&H1&+0&!R:3]	Any;Pi
2002_0	Any	[C&D2&v4&H2&+0&!R&z0:1]-[C&D3&v4&H1&+0&!R&z0:2]-[C&D2&v4&H2&+0&!R&z0:3]>>[C&D1&v4&H3&+0&!R&z0:3].[C&D2&v4&H1&+0&!R&z0:2]=[C&D2&v4&H1&+0&!R&z0:1]	Any;Any
205_0	Any;Any	[C&D2&v4&H2&+0&!R&z1:1]-[C&D2&v4&H2&+0&!R&z0:2]-[C&D2&v4&H1&+0&!R&z0:3].[c&D3&v4&H0&+0&R&z0:4]1:[c&D2&v4&H1&+0&R&z0:5]:[c&D2&v4&H1&+0&R&z0:6]:[c&D2&v4&H1&+0&R&z1:7]:[n&D3&v4&H0&+&R:8]:[c&D2&v4&H1&+0&R&z1:9]:1>>[C&D2&v4&H1&+0&!R&z1:1]=[C&D2&v4&H1&+0&!R&z0:2]-[C&D2&v4&H1&+0&!R&z0:3].[C&D3&v4&H0&+0&R&z0:4]1=[C&D2&v4&H1&+0&R&z1:9]-[N&D3&v3&H0&+0&R:8]-[C&D2&v4&H1&+0&R&z1:7]=[C&D2&v4&H1&+0&R&z0:6]-[C&D2&v4&H2&+0&R&z0:5]-1	Any;Any
205_1	Any;NAD_CoF	[C&D2&v4&H2&+0&!R&z1:1]-[C&D2&v4&H2&+0&!R&z0:2]-[C&D2&v4&H1&+0&!R&z0:3].[c&D3&v4&H0&+0&R&z0:4]1:[c&D2&v4&H1&+0&R&z0:5]:[c&D2&v4&H1&+0&R&z0:6]:[c&D2&v4&H1&+0&R&z1:7]:[n&D3&v4&H0&+&R:8]:[c&D2&v4&H1&+0&R&z1:9]:1>>[C&D2&v4&H1&+0&!R&z1:1]=[C&D2&v4&H1&+0&!R&z0:2]-[C&D2&v4&H1&+0&!R&z0:3].[C&D3&v4&H0&+0&R&z0:4]1=[C&D2&v4&H1&+0&R&z1:9]-[N&D3&v3&H0&+0&R:8]-[C&D2&v4&H1&+0&R&z1:7]=[C&D2&v4&H1&+0&R&z0:6]-[C&D2&v4&H2&+0&R&z0:5]-1	Any;NADH_CoF
1239_0	Any	[C&D3&v4&H1&+0&!R&z1:1](-[C&D2&v4&H1&+0&!R&z0:2]=[C&D2&v4&H1&+0&!R&z0:3])-[O&D2&v2&H0&+0&!R:4]-[O&D1&v2&H1&+0&!R:5]>>[C&D2&v4&H1&+0&!R&z0:1]=[C&D2&v4&H1&+0&!R&z0:2]-[C&D2&v4&H2&+0&!R&z0:3].[O&D1&v2&H0&+0&!R:4]=[O&D1&v2&H0&+0&!R:5]	Any;O2
858_0	Any;O2;Any	[C&D3&v4&H0&+0&!R&z1:1]-[C&D3&v4&H0&+0&!R&z2:2]-[O&D1&v2&H1&+0&!R:3].[O&D1&v2&H0&+0&!R:4]=[O&D1&v2&H0&+0&!R:5].[c&D2&v4&H1&+0&R&z0:6]>>[C&D3&v4&H0&+0&!R&z2:1]-[O&D1&v2&H1&+0&!R:5].[O&D1&v2&H0&+0&!R:3]=[C&D2&v4&H0&+0&!R&z2:2].[c&D3&v4&H0&+0&R&z1:6]-[O&D1&v2&H1&+0&!R:4]	Any;CO2;Any
456_0	Any;PPI	[C&D1&v4&H2&+0&!R&z0:1]=[C&D3&v4&H0&+0&!R&z0:2]-[C&D3&v4&H1&+0&R&z0:3]-[C&D3&v4&H1&+0&R&z0:4]-[C&D3&v4&H1&+0&R&z0:5]-[C&D3&v4&H1&+0&R&z0:6].[O&D1&v2&H1&+0&!R:7]>>([C&D1&v4&H3&+0&!R&z0:1]-[C&D3&v4&H0&+0&!R&z0:2]=[C&D2&v4&H1&+0&!R&z0:3].[C&D2&v4&H2&+0&!R&z1:4]-[O&D2&v2&H0&+0&!R:7].[C&D3&v4&H0&+0&!R&z0:6]=[C&D2&v4&H1&+0&!R&z0:5])	Any
1524_0	NH3;CO2;Any;H2O2	[N&D0&v3&H3&+0&!R:1].[O&D1&v2&H0&+0&!R:2]=[C&D2&v4&H0&+0&!R&z2:3].[O&D1&v2&H0&+0&!R:4]=[C&D2&v4&H1&+0&!R&z1:5].[O&D1&v2&H1&+0&!R:6]-[O&D1&v2&H1&+0&!R:7]>>[N&D1&v3&H2&+0&!R:1]-[C&D3&v4&H1&+0&!R&z1:5]-[C&D3&v4&H0&+0&!R&z2:3]-[O&D1&v2&H1&+0&!R:2].[O&D0&v2&H2&+0&!R:4].[O&D1&v2&H0&+0&!R:6]=[O&D1&v2&H0&+0&!R:7]	Any;WATER;O2
1956_0	Any;Any	[C&D3&v4&H0&+0&!R&z2:1]-[O&D1&v2&H1&+0&!R:2].[O&D1&v2&H0&+0&!R:3]=[C&D3&v4&H0&+0&!R&z2:4]>>[C&D3&v4&H0&+0&!R&z1:1]-[C&D3&v4&H1&+0&!R&z1:4].[O&D1&v2&H0&+0&!R:2]=[O&D1&v2&H0&+0&!R:3]	Any;O2
1969_0	Any;O2	[C&D2&v4&H2&+0&R&z1:1]-[N&D2&v3&H1&+0&R:2].[O&D1&v2&H0&+0&!R:3]=[O&D1&v2&H0&+0&!R:4]>>[C&D2&v4&H1&+0&R&z1:1]=[N&D2&v3&H0&+0&R:2].[O&D1&v2&H1&+0&!R:3]-[O&D1&v2&H1&+0&!R:4]	Any;H2O2
1132_0	Any;Any	[C&D1&v4&H3&+0&!R&z0:1]-[C&D3&v4&H0&+0&R&z0:2].[S&D2&v2&H0&+0&!R:3]>>[C&D1&v4&H3&+0&!R&z1:1]-[S&D3&v3&H0&+&!R:3].[C&D2&v4&H1&+0&R&z0:2]	Any;Any
1132_1	Any;METHYL_ACCEPTOR_CoF	[C&D1&v4&H3&+0&!R&z0:1]-[C&D3&v4&H0&+0&R&z0:2].[S&D2&v2&H0&+0&!R:3]>>[C&D1&v4&H3&+0&!R&z1:1]-[S&D3&v3&H0&+&!R:3].[C&D2&v4&H1&+0&R&z0:2]	METHYL_DONOR_CoF;Any
1973_0	Any	[C&D4&v4&H0&+0&R&z2:1](-[C&D2&v4&H2&+0&!R&z1:2]-[O&D1&v2&H1&+0&!R:3])-[C&D3&v4&H1&+0&R&z1:4]>>[C&D3&v4&H1&+0&R&z2:1]-[C&D3&v4&H1&+0&R&z1:2](-[O&D1&v2&H1&+0&!R:3])-[C&D3&v4&H1&+0&R&z1:4]	Any
1907_0	WATER;Any	[O&D0&v2&H2&+0&!R:1].[S&D3&v4&H0&+0&!R:2]-[c&D3&v4&H0&+0&R&z1:3]>>[S&D3&v4&H0&+0&!R:2]-[O&D1&v2&H1&+0&!R:1].[c&D2&v4&H1&+0&R&z0:3]	SULFITE;Any
429_0	Any;Any	[O&D1&v2&H1&+0&!R:1].[c&D3&v4&H0&+0&R&z0:2]-[C&D3&v4&H1&+0&R&z1:3]>>[O&D2&v2&H0&+0&!R:1]-[C&D3&v4&H1&+0&R&z2:3].[c&D2&v4&H1&+0&R&z0:2]	Any;Any
429_1	GLUCOSYL_ACCEPTOR_CoF;Any	[O&D1&v2&H1&+0&!R:1].[c&D3&v4&H0&+0&R&z0:2]-[C&D3&v4&H1&+0&R&z1:3]>>[O&D2&v2&H0&+0&!R:1]-[C&D3&v4&H1&+0&R&z2:3].[c&D2&v4&H1&+0&R&z0:2]	GLUCOSYL_DONOR_CoF;Any
10_0	Any;Any	[C&D3&v4&H0&+0&!R&z2:1]=[O&D1&v2&H0&+0&!R:2].[C&D3&v4&H1&+0&!R&z1:3]-[N&D1&v3&H2&+0&!R:4]>>[C&D3&v4&H0&+0&!R&z1:3]=[O&D1&v2&H0&+0&!R:2].[C&D3&v4&H1&+0&!R&z2:1]-[N&D1&v3&H2&+0&!R:4]	Any;Any
10_1	CARBONYL_CoF;AMINO_CoF	[C&D3&v4&H0&+0&!R&z2:1]=[O&D1&v2&H0&+0&!R:2].[C&D3&v4&H1&+0&!R&z1:3]-[N&D1&v3&H2&+0&!R:4]>>[C&D3&v4&H0&+0&!R&z1:3]=[O&D1&v2&H0&+0&!R:2].[C&D3&v4&H1&+0&!R&z2:1]-[N&D1&v3&H2&+0&!R:4]	CARBONYL_CoF;AMINO_CoF
976_0	Any;Any	[C&D3&v4&H0&+0&!R&z0:1]=[C&D2&v4&H1&+0&!R&z0:2].[C&D3&v4&H0&+0&R&z0:3]1=[C&D2&v4&H1&+0&R&z1:4]-[N&D3&v3&H0&+0&R:5]-[C&D2&v4&H1&+0&R&z1:6]=[C&D2&v4&H1&+0&R&z0:7]-[C&D2&v4&H2&+0&R&z0:8]-1>>[C&D3&v4&H1&+0&!R&z0:1]-[C&D2&v4&H2&+0&!R&z0:2].[c&D3&v4&H0&+0&R&z0:3]1:[c&D2&v4&H1&+0&R&z0:8]:[c&D2&v4&H1&+0&R&z0:7]:[c&D2&v4&H1&+0&R&z1:6]:[n&D3&v4&H0&+&R:5]:[c&D2&v4&H1&+0&R&z1:4]:1	Any;Any
976_1	Any;NADH_CoF	[C&D3&v4&H0&+0&!R&z0:1]=[C&D2&v4&H1&+0&!R&z0:2].[C&D3&v4&H0&+0&R&z0:3]1=[C&D2&v4&H1&+0&R&z1:4]-[N&D3&v3&H0&+0&R:5]-[C&D2&v4&H1&+0&R&z1:6]=[C&D2&v4&H1&+0&R&z0:7]-[C&D2&v4&H2&+0&R&z0:8]-1>>[C&D3&v4&H1&+0&!R&z0:1]-[C&D2&v4&H2&+0&!R&z0:2].[c&D3&v4&H0&+0&R&z0:3]1:[c&D2&v4&H1&+0&R&z0:8]:[c&D2&v4&H1&+0&R&z0:7]:[c&D2&v4&H1&+0&R&z1:6]:[n&D3&v4&H0&+&R:5]:[c&D2&v4&H1&+0&R&z1:4]:1	Any;NAD_CoF
1559_0	Any;Any	[C&D3&v4&H0&+0&R&z0:1]1=[C&D2&v4&H1&+0&R&z1:2]-[N&D3&v3&H0&+0&R:3]-[C&D2&v4&H1&+0&R&z1:4]=[C&D2&v4&H1&+0&R&z0:5]-[C&D2&v4&H2&+0&R&z0:6]-1.[N&D2&v3&H0&+0&!R:7]=[O&D1&v2&H0&+0&!R:8]>>[N&D2&v3&H1&+0&!R:7]-[O&D1&v2&H1&+0&!R:8].[c&D3&v4&H0&+0&R&z0:1]1:[c&D2&v4&H1&+0&R&z0:6]:[c&D2&v4&H1&+0&R&z0:5]:[c&D2&v4&H1&+0&R&z1:4]:[n&D3&v4&H0&+&R:3]:[c&D2&v4&H1&+0&R&z1:2]:1	Any;Any
1559_1	NADH_CoF;Any	[C&D3&v4&H0&+0&R&z0:1]1=[C&D2&v4&H1&+0&R&z1:2]-[N&D3&v3&H0&+0&R:3]-[C&D2&v4&H1&+0&R&z1:4]=[C&D2&v4&H1&+0&R&z0:5]-[C&D2&v4&H2&+0&R&z0:6]-1.[N&D2&v3&H0&+0&!R:7]=[O&D1&v2&H0&+0&!R:8]>>[N&D2&v3&H1&+0&!R:7]-[O&D1&v2&H1&+0&!R:8].[c&D3&v4&H0&+0&R&z0:1]1:[c&D2&v4&H1&+0&R&z0:6]:[c&D2&v4&H1&+0&R&z0:5]:[c&D2&v4&H1&+0&R&z1:4]:[n&D3&v4&H0&+&R:3]:[c&D2&v4&H1&+0&R&z1:2]:1	Any;NAD_CoF
1702_0	Any	[C&D3&v4&H0&+0&!R&z0:1]-[C&D3&v4&H0&+0&!R&z2:2]-[O&D1&v2&H1&+0&!R:3]>>[C&D2&v4&H1&+0&!R&z0:1].[O&D1&v2&H0&+0&!R:3]=[C&D2&v4&H0&+0&!R&z2:2]	Any;CO2
1669_0	Any;Any	[C&D2&v4&H2&+0&R&z1:1]-[N&D2&v3&H1&+0&R:2].[c&D3&v4&H0&+0&R&z0:3]1:[c&D2&v4&H1&+0&R&z0:4]:[c&D2&v4&H1&+0&R&z0:5]:[c&D2&v4&H1&+0&R&z1:6]:[n&D3&v4&H0&+&R:7]:[c&D2&v4&H1&+0&R&z1:8]:1>>[C&D2&v4&H1&+0&R&z1:1]=[N&D2&v3&H0&+0&R:2].[C&D3&v4&H0&+0&R&z0:3]1=[C&D2&v4&H1&+0&R&z1:8]-[N&D3&v3&H0&+0&R:7]-[C&D2&v4&H1&+0&R&z1:6]=[C&D2&v4&H1&+0&R&z0:5]-[C&D2&v4&H2&+0&R&z0:4]-1	Any;Any
1669_1	Any;NAD_CoF	[C&D2&v4&H2&+0&R&z1:1]-[N&D2&v3&H1&+0&R:2].[c&D3&v4&H0&+0&R&z0:3]1:[c&D2&v4&H1&+0&R&z0:4]:[c&D2&v4&H1&+0&R&z0:5]:[c&D2&v4&H1&+0&R&z1:6]:[n&D3&v4&H0&+&R:7]:[c&D2&v4&H1&+0&R&z1:8]:1>>[C&D2&v4&H1&+0&R&z1:1]=[N&D2&v3&H0&+0&R:2].[C&D3&v4&H0&+0&R&z0:3]1=[C&D2&v4&H1&+0&R&z1:8]-[N&D3&v3&H0&+0&R:7]-[C&D2&v4&H1&+0&R&z1:6]=[C&D2&v4&H1&+0&R&z0:5]-[C&D2&v4&H2&+0&R&z0:4]-1	Any;NADH_CoF
96_0	Any;Any	[C&D2&v4&H2&+0&!R&z0:1]-[C&D3&v4&H0&+0&!R&z2:2]-[O&D1&v2&H1&+0&!R:3].[C&D3&v4&H0&+0&!R&z3:4]-[S&D2&v2&H0&+0&!R:5]>>[C&D3&v4&H0&+0&!R&z2:4]-[C&D2&v4&H2&+0&!R&z0:1].[O&D1&v2&H0&+0&!R:3]=[C&D2&v4&H0&+0&!R&z2:2].[S&D1&v2&H1&+0&!R:5]	Any;CO2;Any
96_1	Any;Any	[C&D2&v4&H2&+0&!R&z0:1]-[C&D3&v4&H0&+0&!R&z2:2]-[O&D1&v2&H1&+0&!R:3].[C&D3&v4&H0&+0&!R&z3:4]-[S&D2&v2&H0&+0&!R:5]>>[C&D3&v4&H0&+0&!R&z2:4]-[C&D2&v4&H2&+0&!R&z0:1].[O&D1&v2&H0&+0&!R:3]=[C&D2&v4&H0&+0&!R&z2:2].[S&D1&v2&H1&+0&!R:5]	Any;CO2;CoA
1218_0	Any	[C&D2&v4&H2&+0&!R&z0:1]-[C&D3&v4&H1&+0&!R&z1:2](-[O&D1&v2&H1&+0&!R:3])-[C&D2&v4&H2&+0&!R&z0:4]-[C&D3&v4&H0&+0&!R&z1:5]=[O&D1&v2&H0&+0&!R:6]>>[C&D2&v4&H1&+0&!R&z0:1]=[C&D2&v4&H1&+0&!R&z0:2]-[C&D2&v4&H1&+0&!R&z0:4]=[C&D3&v4&H0&+0&!R&z1:5]-[O&D1&v2&H1&+0&!R:6].[O&D0&v2&H2&+0&!R:3]	Any;WATER
947_0	Any	([C&D2&v4&H1&+0&!R&z0:1]-[C&D2&v4&H2&+0&!R&z1:2]-[O&D2&v2&H0&+0&!R:3].[C&D3&v4&H0&+0&!R&z0:4]=[C&D2&v4&H1&+0&!R&z0:5])>>[C&D3&v4&H1&+0&!R&z0:4]-[C&D3&v4&H0&+0&R&z0:5]=[C&D2&v4&H1&+0&R&z0:2]-[C&D2&v4&H1&+0&R&z0:1].[O&D1&v2&H1&+0&!R:3]	Any;PPI
1027_0	Any;Any;O2	[C&D3&v4&H0&+0&R&z0:1]1=[C&D2&v4&H1&+0&R&z1:2]-[N&D3&v3&H0&+0&R:3]-[C&D2&v4&H1&+0&R&z1:4]=[C&D2&v4&H1&+0&R&z0:5]-[C&D2&v4&H2&+0&R&z0:6]-1.[C&D3&v4&H1&+0&R&z0:7]-[C&D2&v4&H2&+0&R&z0:8]-[C&D2&v4&H1&+0&R&z0:9].[O&D1&v2&H0&+0&!R:10]=[O&D1&v2&H0&+0&!R:11]>>[C&D3&v4&H0&+0&R&z0:7]=[C&D2&v4&H1&+0&R&z0:8]-[C&D2&v4&H1&+0&R&z0:9].[O&D0&v2&H2&+0&!R:11].[O&D0&v2&H2&+0&!R:10].[c&D3&v4&H0&+0&R&z0:1]1:[c&D2&v4&H1&+0&R&z0:6]:[c&D2&v4&H1&+0&R&z0:5]:[c&D2&v4&H1&+0&R&z1:4]:[n&D3&v4&H0&+&R:3]:[c&D2&v4&H1&+0&R&z1:2]:1	Any;WATER;WATER;Any
1027_1	NADH_CoF;Any;O2	[C&D3&v4&H0&+0&R&z0:1]1=[C&D2&v4&H1&+0&R&z1:2]-[N&D3&v3&H0&+0&R:3]-[C&D2&v4&H1&+0&R&z1:4]=[C&D2&v4&H1&+0&R&z0:5]-[C&D2&v4&H2&+0&R&z0:6]-1.[C&D3&v4&H1&+0&R&z0:7]-[C&D2&v4&H2&+0&R&z0:8]-[C&D2&v4&H1&+0&R&z0:9].[O&D1&v2&H0&+0&!R:10]=[O&D1&v2&H0&+0&!R:11]>>[C&D3&v4&H0&+0&R&z0:7]=[C&D2&v4&H1&+0&R&z0:8]-[C&D2&v4&H1&+0&R&z0:9].[O&D0&v2&H2&+0&!R:11].[O&D0&v2&H2&+0&!R:10].[c&D3&v4&H0&+0&R&z0:1]1:[c&D2&v4&H1&+0&R&z0:6]:[c&D2&v4&H1&+0&R&z0:5]:[c&D2&v4&H1&+0&R&z1:4]:[n&D3&v4&H0&+&R:3]:[c&D2&v4&H1&+0&R&z1:2]:1	Any;WATER;WATER;NAD_CoF
1611_0	Any;Any;O2	[C&D3&v4&H0&+0&!R&z2:1](-[O&D1&v2&H1&+0&!R:2])-[C&D3&v4&H0&+0&!R&z1:3].[C&D3&v4&H0&+0&R&z0:4]1=[C&D2&v4&H1&+0&R&z1:5]-[N&D3&v3&H0&+0&R:6]-[C&D2&v4&H1&+0&R&z1:7]=[C&D2&v4&H1&+0&R&z0:8]-[C&D2&v4&H2&+0&R&z0:9]-1.[O&D1&v2&H0&+0&!R:10]=[O&D1&v2&H0&+0&!R:11]>>[C&D3&v4&H0&+0&!R&z2:3]-[O&D1&v2&H1&+0&!R:10].[O&D0&v2&H2&+0&!R:11].[O&D1&v2&H0&+0&!R:2]=[C&D2&v4&H0&+0&!R&z2:1].[c&D3&v4&H0&+0&R&z0:4]1:[c&D2&v4&H1&+0&R&z0:9]:[c&D2&v4&H1&+0&R&z0:8]:[c&D2&v4&H1&+0&R&z1:7]:[n&D3&v4&H0&+&R:6]:[c&D2&v4&H1&+0&R&z1:5]:1	Any;WATER;CO2;Any
1611_1	Any;NADH_CoF;O2	[C&D3&v4&H0&+0&!R&z2:1](-[O&D1&v2&H1&+0&!R:2])-[C&D3&v4&H0&+0&!R&z1:3].[C&D3&v4&H0&+0&R&z0:4]1=[C&D2&v4&H1&+0&R&z1:5]-[N&D3&v3&H0&+0&R:6]-[C&D2&v4&H1&+0&R&z1:7]=[C&D2&v4&H1&+0&R&z0:8]-[C&D2&v4&H2&+0&R&z0:9]-1.[O&D1&v2&H0&+0&!R:10]=[O&D1&v2&H0&+0&!R:11]>>[C&D3&v4&H0&+0&!R&z2:3]-[O&D1&v2&H1&+0&!R:10].[O&D0&v2&H2&+0&!R:11].[O&D1&v2&H0&+0&!R:2]=[C&D2&v4&H0&+0&!R&z2:1].[c&D3&v4&H0&+0&R&z0:4]1:[c&D2&v4&H1&+0&R&z0:9]:[c&D2&v4&H1&+0&R&z0:8]:[c&D2&v4&H1&+0&R&z1:7]:[n&D3&v4&H0&+&R:6]:[c&D2&v4&H1&+0&R&z1:5]:1	Any;WATER;CO2;NAD_CoF
838_0	Any;Any;CoA	[C&D3&v4&H0&+0&!R&z2:1]-[O&D1&v2&H1&+0&!R:2].[N&D2&v3&H1&+0&!R:3]-[C&D3&v4&H0&+0&!R&z2:4].[S&D1&v2&H1&+0&!R:5]>>[N&D2&v3&H1&+0&!R:3]-[C&D3&v4&H0&+0&!R&z2:1].[O&D0&v2&H2&+0&!R:2].[S&D2&v2&H0&+0&!R:5]-[C&D3&v4&H0&+0&!R&z2:4]	Any;WATER;Any
1825_0	Any;Any;PPI	[C&D3&v4&H0&+0&R&z2:1]-[N&D3&v3&H0&+0&R:2].[O&D1&v2&H1&+0&!R:3].[P&D4&v5&H0&+0&!R:4]-[O&D1&v2&H1&+0&!R:5]>>([C&D3&v4&H0&+0&!R&z2:1]-[O&D1&v2&H1&+0&!R:5].[N&D2&v3&H1&+0&R:2]).[O&D2&v2&H0&+0&!R:3]-[P&D4&v5&H0&+0&!R:4]	Any;Any
1825_1	Any;PYROPHOSPHATE_ACCEPTOR_CoF;PPI	[C&D3&v4&H0&+0&R&z2:1]-[N&D3&v3&H0&+0&R:2].[O&D1&v2&H1&+0&!R:3].[P&D4&v5&H0&+0&!R:4]-[O&D1&v2&H1&+0&!R:5]>>([C&D3&v4&H0&+0&!R&z2:1]-[O&D1&v2&H1&+0&!R:5].[N&D2&v3&H1&+0&R:2]).[O&D2&v2&H0&+0&!R:3]-[P&D4&v5&H0&+0&!R:4]	Any;PYROPHOSPHATE_DONOR_CoF
1889_0	Any;WATER	([C&D3&v4&H0&+0&R&z1:1]-[O&D2&v2&H0&+0&R:2].[c&D3&v4&H0&+0&R&z1:3]-[O&D1&v2&H1&+0&!R:4]).[O&D0&v2&H2&+0&!R:5]>>([C&D2&v4&H1&+0&!R&z0:1].[O&D1&v2&H1&+0&!R:2].[c&D2&v4&H1&+0&R&z0:3]).[O&D1&v2&H0&+0&!R:4]=[O&D1&v2&H0&+0&!R:5]	Any;O2
0_0	Any;WATER	[C&D2&v4&H0&+0&!R&z2:1]#[N&D1&v3&H0&+0&!R:2].[O&D0&v2&H2&+0&!R:3]>>[C&D3&v4&H0&+0&!R&z3:1](-[N&D1&v3&H2&+0&!R:2])=[O&D1&v2&H0&+0&!R:3]	Any
1095_0	Any	[C&D3&v4&H1&+0&!R&z1:1](-[O&D1&v2&H1&+0&!R:2])-[C&D3&v4&H1&+0&!R&z1:3]-[N&D1&v3&H2&+0&!R:4]>>[C&D2&v4&H2&+0&!R&z0:1]-[C&D3&v4&H0&+0&!R&z1:3]=[O&D1&v2&H0&+0&!R:2].[N&D0&v3&H3&+0&!R:4]	Any;NH3
1947_0	Any	[O&D1&v2&H0&+0&!R:1]=[C&D3&v4&H0&+0&!R&z2:2]-[C&D3&v4&H0&+0&!R&z1:3]=[C&D2&v4&H1&+0&!R&z0:4]-[C&D3&v4&H0&+0&!R&z1:5]=[C&D3&v4&H0&+0&!R&z1:6]-[C&D3&v4&H0&+0&!R&z2:7]=[O&D1&v2&H0&+0&!R:8]>>[O&D1&v2&H0&+0&!R:1]=[O&D1&v2&H0&+0&!R:8].[c&D3&v4&H0&+0&R&z1:2]1:[c&D3&v4&H0&+0&R&z1:3]:[c&D2&v4&H1&+0&R&z0:4]:[c&D3&v4&H0&+0&R&z1:5]:[c&D3&v4&H0&+0&R&z1:6]:[c&D3&v4&H0&+0&R&z1:7]:1	O2;Any
1_0	Any;WATER	[C&D2&v4&H0&+0&!R&z2:1]#[N&D1&v3&H0&+0&!R:2].[O&D0&v2&H2&+0&!R:3]>>[C&D2&v4&H1&+0&!R&z2:1]=[N&D2&v3&H0&+0&!R:2]-[O&D1&v2&H1&+0&!R:3]	Any
1462_0	O2;Any	[O&D1&v2&H0&+0&!R:1]=[O&D1&v2&H0&+0&!R:2].[c&D3&v4&H0&+0&R&z0:3]1:[c&D2&v4&H1&+0&R&z0:4]:[c&D2&v4&H1&+0&R&z0:5]:[c&D3&v4&H0&+0&R&z1:6]:[c&D3&v4&H0&+0&R&z1:7]:[c&D3&v4&H0&+0&R&z0:8]:1>>[C&D3&v4&H0&+0&!R&z0:3](=[C&D2&v4&H1&+0&!R&z0:4]-[C&D2&v4&H1&+0&!R&z0:5]=[C&D3&v4&H0&+0&!R&z1:6]-[C&D3&v4&H0&+0&!R&z2:7]=[O&D1&v2&H0&+0&!R:1])-[C&D3&v4&H0&+0&!R&z1:8]=[O&D1&v2&H0&+0&!R:2]	Any
490_0	Any;CO2	[C&D3&v4&H1&+0&R&z0:1](-[C&D3&v4&H0&+0&!R&z1:2])-[C&D3&v4&H1&+0&R&z0:3].[O&D1&v2&H0&+0&!R:4]=[C&D2&v4&H0&+0&!R&z2:5]>>[C&D2&v4&H1&+0&R&z0:1]=[C&D3&v4&H0&+0&R&z0:3].[C&D3&v4&H0&+0&!R&z1:2]-[C&D3&v4&H0&+0&!R&z2:5]-[O&D1&v2&H1&+0&!R:4]	Any;Any
1526_0	NH3;Any	[N&D0&v3&H3&+0&!R:1].[O&D1&v2&H0&+0&!R:2]=[C&D2&v4&H1&+0&!R&z2:3]>>[N&D1&v3&H1&+0&!R:1]=[C&D2&v4&H1&+0&!R&z2:3].[O&D0&v2&H2&+0&!R:2]	Any;WATER
1155_0	Any;PPI	[C&D2&v4&H2&+0&R&z0:1]-[C&D4&v4&H0&+0&R&z0:2]-[C&D3&v4&H1&+0&R&z1:3]-[O&D1&v2&H1&+0&!R:4].[O&D1&v2&H1&+0&!R:5]>>([C&D2&v4&H2&+0&!R&z1:1]-[O&D2&v2&H0&+0&!R:5].[C&D3&v4&H0&+0&!R&z0:2]=[C&D2&v4&H1&+0&!R&z0:3]).[O&D0&v2&H2&+0&!R:4]	Any;WATER
386_0	Any;Any	[C&D1&v4&H3&+0&!R&z1:1]-[S&D3&v3&H0&+&!R:2].[c&D3&v4&H0&+0&R&z2:3](-[N&D1&v3&H2&+0&!R:4]):[n&D2&v3&H0&+0&R:5]>>[S&D2&v2&H0&+0&!R:2].[c&D3&v4&H0&+0&R&z2:3](=[N&D1&v3&H1&+0&!R:4]):[n&D3&v3&H0&+0&R:5]-[C&D1&v4&H3&+0&!R&z1:1]	Any;Any
386_1	METHYL_DONOR_CoF;Any	[C&D1&v4&H3&+0&!R&z1:1]-[S&D3&v3&H0&+&!R:2].[c&D3&v4&H0&+0&R&z2:3](-[N&D1&v3&H2&+0&!R:4]):[n&D2&v3&H0&+0&R:5]>>[S&D2&v2&H0&+0&!R:2].[c&D3&v4&H0&+0&R&z2:3](=[N&D1&v3&H1&+0&!R:4]):[n&D3&v3&H0&+0&R:5]-[C&D1&v4&H3&+0&!R&z1:1]	METHYL_ACCEPTOR_CoF;Any
494_0	Any;CO2;Any	[C&D1&v4&H2&+0&!R&z0:1]=[C&D3&v4&H0&+0&!R&z1:2]-[O&D2&v2&H0&+0&!R:3]-[P&D4&v5&H0&+0&!R:4].[O&D1&v2&H0&+0&!R:5]=[C&D2&v4&H0&+0&!R&z2:6].[O&D1&v2&H1&+0&!R:7]>>[C&D3&v4&H0&+0&!R&z2:6](-[O&D1&v2&H1&+0&!R:5])-[C&D2&v4&H2&+0&!R&z0:1]-[C&D3&v4&H0&+0&!R&z1:2]=[O&D1&v2&H0&+0&!R:3].[O&D2&v2&H0&+0&!R:7]-[P&D4&v5&H0&+0&!R:4]	Any;Any
494_1	Any;CO2;PHOSPHATE_ACCEPTOR_CoF	[C&D1&v4&H2&+0&!R&z0:1]=[C&D3&v4&H0&+0&!R&z1:2]-[O&D2&v2&H0&+0&!R:3]-[P&D4&v5&H0&+0&!R:4].[O&D1&v2&H0&+0&!R:5]=[C&D2&v4&H0&+0&!R&z2:6].[O&D1&v2&H1&+0&!R:7]>>[C&D3&v4&H0&+0&!R&z2:6](-[O&D1&v2&H1&+0&!R:5])-[C&D2&v4&H2&+0&!R&z0:1]-[C&D3&v4&H0&+0&!R&z1:2]=[O&D1&v2&H0&+0&!R:3].[O&D2&v2&H0&+0&!R:7]-[P&D4&v5&H0&+0&!R:4]	Any;PHOSPHATE_DONOR_CoF
494_2	Any;CO2;Pi	[C&D1&v4&H2&+0&!R&z0:1]=[C&D3&v4&H0&+0&!R&z1:2]-[O&D2&v2&H0&+0&!R:3]-[P&D4&v5&H0&+0&!R:4].[O&D1&v2&H0&+0&!R:5]=[C&D2&v4&H0&+0&!R&z2:6].[O&D1&v2&H1&+0&!R:7]>>[C&D3&v4&H0&+0&!R&z2:6](-[O&D1&v2&H1&+0&!R:5])-[C&D2&v4&H2&+0&!R&z0:1]-[C&D3&v4&H0&+0&!R&z1:2]=[O&D1&v2&H0&+0&!R:3].[O&D2&v2&H0&+0&!R:7]-[P&D4&v5&H0&+0&!R:4]	Any;PPI
1879_0	Any;WATER	[C&D2&v4&H1&+0&!R&z0:1]=[C&D3&v4&H0&+0&R&z1:2]-[O&D2&v2&H0&+0&R:3]-[C&D3&v4&H0&+0&R&z2:4].[O&D0&v2&H2&+0&!R:5]>>([C&D3&v4&H0&+0&!R&z1:2](=[O&D1&v2&H0&+0&!R:3])-[C&D2&v4&H2&+0&!R&z0:1].[C&D3&v4&H0&+0&!R&z2:4]-[O&D1&v2&H1&+0&!R:5])	Any
1048_0	Any;Any;Any	[C&D2&v4&H1&+0&!R&z1:1]=[O&D1&v2&H0&+0&!R:2].[C&D2&v4&H1&+0&!R&z1:3]=[O&D1&v2&H0&+0&!R:4].([C&D2&v4&H1&+0&!R&z1:5]=[O&D1&v2&H0&+0&!R:6].[C&D2&v4&H1&+0&!R&z1:7]=[O&D1&v2&H0&+0&!R:8])>>([C&D2&v4&H1&+0&!R&z0:5]=[C&D2&v4&H1&+0&!R&z0:1].[C&D2&v4&H1&+0&!R&z0:7]=[C&D2&v4&H1&+0&!R&z0:3]).[O&D1&v2&H0&+0&!R:6]=[O&D1&v2&H0&+0&!R:8].[O&D1&v2&H0&+0&!R:2]=[O&D1&v2&H0&+0&!R:4]	Any;O2;O2
1459_0	Any;Any;Any	[N&D2&v3&H0&+0&!R:1].[c&D3&v4&H0&+0&R&z0:2]1:[c&D2&v4&H1&+0&R&z0:3]:[c&D2&v4&H1&+0&R&z0:4]:[c&D2&v4&H1&+0&R&z1:5]:[n&D3&v4&H0&+&R:6]:[c&D2&v4&H1&+0&R&z1:7]:1.[c&D3&v4&H0&+0&R&z1:8](-[O&D1&v2&H1&+0&!R:9]):[c&D3&v4&H0&+0&R&z1:10]-[O&D1&v2&H1&+0&!R:11]>>[C&D3&v4&H0&+0&R&z0:2]1=[C&D2&v4&H1&+0&R&z1:7]-[N&D3&v3&H0&+0&R:6]-[C&D2&v4&H1&+0&R&z1:5]=[C&D2&v4&H1&+0&R&z0:4]-[C&D2&v4&H2&+0&R&z0:3]-1.[O&D1&v2&H0&+0&!R:9]=[O&D1&v2&H0&+0&!R:11].[c&D2&v4&H1&+0&R&z0:8]:[c&D3&v4&H0&+0&R&z1:10]-[N&D3&v4&H0&+&!R:1]	Any;O2;Any
1459_1	Any;NAD_CoF;Any	[N&D2&v3&H0&+0&!R:1].[c&D3&v4&H0&+0&R&z0:2]1:[c&D2&v4&H1&+0&R&z0:3]:[c&D2&v4&H1&+0&R&z0:4]:[c&D2&v4&H1&+0&R&z1:5]:[n&D3&v4&H0&+&R:6]:[c&D2&v4&H1&+0&R&z1:7]:1.[c&D3&v4&H0&+0&R&z1:8](-[O&D1&v2&H1&+0&!R:9]):[c&D3&v4&H0&+0&R&z1:10]-[O&D1&v2&H1&+0&!R:11]>>[C&D3&v4&H0&+0&R&z0:2]1=[C&D2&v4&H1&+0&R&z1:7]-[N&D3&v3&H0&+0&R:6]-[C&D2&v4&H1&+0&R&z1:5]=[C&D2&v4&H1&+0&R&z0:4]-[C&D2&v4&H2&+0&R&z0:3]-1.[O&D1&v2&H0&+0&!R:9]=[O&D1&v2&H0&+0&!R:11].[c&D2&v4&H1&+0&R&z0:8]:[c&D3&v4&H0&+0&R&z1:10]-[N&D3&v4&H0&+&!R:1]	NADH_CoF;O2;Any
1427_0	Any;Any	[#34&H1:1].[C&D1&v4&H3&+0&!R&z1:2]-[S&D3&v3&H0&+&!R:3]>>[C&D1&v4&H3&+0&!R&z1:2]-[#34:1].[S&D2&v2&H0&+0&!R:3]	Any;Any
1427_1	Any;METHYL_DONOR_CoF	[#34&H1:1].[C&D1&v4&H3&+0&!R&z1:2]-[S&D3&v3&H0&+&!R:3]>>[C&D1&v4&H3&+0&!R&z1:2]-[#34:1].[S&D2&v2&H0&+0&!R:3]	Any;METHYL_ACCEPTOR_CoF
492_0	Any	[C&D2&v4&H2&+0&R&z0:1]-[C&D3&v4&H0&+0&R&z0:2]=[C&D2&v4&H1&+0&R&z0:3]-[C&D3&v4&H1&+0&R&z1:4]-[O&D2&v2&H0&+0&!R:5]>>[C&D2&v4&H1&+0&R&z0:1]=[C&D3&v4&H0&+0&R&z0:2]-[C&D2&v4&H1&+0&R&z0:3]=[C&D2&v4&H1&+0&R&z0:4].[O&D1&v2&H1&+0&!R:5]	Any;Pi
1500_0	Any;NH3	[C&D3&v4&H1&+0&!R&z2:1]-[O&D1&v2&H1&+0&!R:2].[N&D0&v3&H3&+0&!R:3]>>[C&D3&v4&H1&+0&!R&z2:1]-[N&D1&v3&H2&+0&!R:3].[O&D0&v2&H2&+0&!R:2]	Any;WATER
1803_0	Any;Any	([N&D2&v3&H1&+0&!R:1].[N&D2&v3&H1&+0&R:2]).[c&D3&v4&H0&+0&R&z0:3]-[C&D2&v4&H2&+0&!R&z1:4]-[O&D1&v2&H1&+0&!R:5]>>[N&D3&v3&H0&+0&R:2]-[C&D2&v4&H2&+0&R&z2:4]-[N&D3&v3&H0&+0&R:1].[O&D0&v2&H2&+0&!R:5].[c&D2&v4&H1&+0&R&z0:3]	Any;WATER;Any
2137_0	Any	[C&D3&v4&H1&+0&R&z1:1]1-[C&D2&v4&H2&+0&R&z1:2]-[O&D2&v2&H0&+0&R:3]-1>>[O&D1&v2&H0&+0&!R:3]=[C&D2&v4&H1&+0&!R&z1:2]-[C&D2&v4&H2&+0&!R&z0:1]	Any
1011_0	Any;Any	[C&D2&v4&H1&+0&R&z0:1]=[C&D3&v4&H0&+0&R&z0:2]-[C&D2&v4&H2&+0&R&z0:3]-[C&D3&v4&H1&+0&R&z1:4]-[O&D1&v2&H1&+0&!R:5].[c&D3&v4&H0&+0&R&z0:6]1:[c&D2&v4&H1&+0&R&z0:7]:[c&D2&v4&H1&+0&R&z0:8]:[c&D2&v4&H1&+0&R&z1:9]:[n&D3&v4&H0&+&R:10]:[c&D2&v4&H1&+0&R&z1:11]:1>>[C&D2&v4&H2&+0&R&z0:1]-[C&D3&v4&H0&+0&R&z0:2]=[C&D2&v4&H1&+0&R&z0:3]-[C&D3&v4&H0&+0&R&z1:4]=[O&D1&v2&H0&+0&!R:5].[C&D3&v4&H0&+0&R&z0:6]1=[C&D2&v4&H1&+0&R&z1:11]-[N&D3&v3&H0&+0&R:10]-[C&D2&v4&H1&+0&R&z1:9]=[C&D2&v4&H1&+0&R&z0:8]-[C&D2&v4&H2&+0&R&z0:7]-1	Any;Any
1011_1	Any;NAD_CoF	[C&D2&v4&H1&+0&R&z0:1]=[C&D3&v4&H0&+0&R&z0:2]-[C&D2&v4&H2&+0&R&z0:3]-[C&D3&v4&H1&+0&R&z1:4]-[O&D1&v2&H1&+0&!R:5].[c&D3&v4&H0&+0&R&z0:6]1:[c&D2&v4&H1&+0&R&z0:7]:[c&D2&v4&H1&+0&R&z0:8]:[c&D2&v4&H1&+0&R&z1:9]:[n&D3&v4&H0&+&R:10]:[c&D2&v4&H1&+0&R&z1:11]:1>>[C&D2&v4&H2&+0&R&z0:1]-[C&D3&v4&H0&+0&R&z0:2]=[C&D2&v4&H1&+0&R&z0:3]-[C&D3&v4&H0&+0&R&z1:4]=[O&D1&v2&H0&+0&!R:5].[C&D3&v4&H0&+0&R&z0:6]1=[C&D2&v4&H1&+0&R&z1:11]-[N&D3&v3&H0&+0&R:10]-[C&D2&v4&H1&+0&R&z1:9]=[C&D2&v4&H1&+0&R&z0:8]-[C&D2&v4&H2&+0&R&z0:7]-1	Any;NADH_CoF
341_0	Any;Any	[O&D2&v2&H0&+0&!R:1]-[C&D1&v4&H3&+0&!R&z1:2].[S&D1&v2&H1&+0&!R:3]>>[O&D1&v2&H1&+0&!R:1].[S&D2&v2&H0&+0&!R:3]-[C&D1&v4&H3&+0&!R&z1:2]	Any;Any
1738_0	Any;WATER	[N&D1&v3&H2&+0&!R:1]-[C&D3&v4&H1&+0&!R&z1:2]-[C&D2&v4&H2&+0&!R&z1:3]-[S&D4&v6&H0&+0&!R:4]=[O&D1&v2&H0&+0&!R:5].[O&D0&v2&H2&+0&!R:6]>>[C&D1&v4&H3&+0&!R&z0:3]-[C&D3&v4&H0&+0&!R&z1:2]=[O&D1&v2&H0&+0&!R:6].[N&D0&v3&H3&+0&!R:1].[S&D3&v4&H0&+0&!R:4]-[O&D1&v2&H1&+0&!R:5]	Any;NH3;SULFITE
1229_0	Any	[C&D2&v4&H1&+0&!R&z0:1]-[C&D2&v4&H2&+0&!R&z0:2]-[C&D3&v4&H1&+0&!R&z1:3](-[C&D2&v4&H1&+0&!R&z0:4])-[O&D2&v2&H0&+0&!R:5]-[O&D1&v2&H1&+0&!R:6]>>[C&D2&v4&H1&+0&!R&z0:1]-[C&D2&v4&H1&+0&!R&z0:2]=[C&D2&v4&H1&+0&!R&z1:3]-[O&D2&v2&H0&+0&!R:5]-[C&D2&v4&H1&+0&!R&z1:4].[O&D0&v2&H2&+0&!R:6]	Any;WATER
1581_0	Any;CO2;Any	[C&D3&v4&H0&+0&R&z0:1]1=[C&D2&v4&H1&+0&R&z1:2]-[N&D3&v3&H0&+0&R:3]-[C&D2&v4&H1&+0&R&z1:4]=[C&D2&v4&H1&+0&R&z0:5]-[C&D2&v4&H2&+0&R&z0:6]-1.[O&D1&v2&H0&+0&!R:7]=[C&D2&v4&H0&+0&!R&z2:8].[c&D3&v4&H0&+0&R&z0:9]1:[c&D2&v4&H1&+0&R&z0:10]:[c&D2&v4&H1&+0&R&z0:11]:[c&D3&v4&H0&+0&R&z1:12](-[O&D1&v2&H1&+0&!R:13]):[c&D3&v4&H0&+0&R&z1:14](-[O&D1&v2&H1&+0&!R:15]):[c&D2&v4&H1&+0&R&z0:16]:1>>[C&D3&v4&H0&+0&R&z0:9]1=[C&D2&v4&H1&+0&R&z0:16]-[C&D3&v4&H1&+0&R&z1:14](-[O&D1&v2&H1&+0&!R:15])-[C&D4&v4&H0&+0&R&z1:12](-[O&D1&v2&H1&+0&!R:13])(-[C&D3&v4&H0&+0&!R&z2:8]-[O&D1&v2&H1&+0&!R:7])-[C&D2&v4&H1&+0&R&z0:11]=[C&D2&v4&H1&+0&R&z0:10]-1.[c&D3&v4&H0&+0&R&z0:1]1:[c&D2&v4&H1&+0&R&z0:6]:[c&D2&v4&H1&+0&R&z0:5]:[c&D2&v4&H1&+0&R&z1:4]:[n&D3&v4&H0&+&R:3]:[c&D2&v4&H1&+0&R&z1:2]:1	Any;Any
1581_1	NADH_CoF;CO2;Any	[C&D3&v4&H0&+0&R&z0:1]1=[C&D2&v4&H1&+0&R&z1:2]-[N&D3&v3&H0&+0&R:3]-[C&D2&v4&H1&+0&R&z1:4]=[C&D2&v4&H1&+0&R&z0:5]-[C&D2&v4&H2&+0&R&z0:6]-1.[O&D1&v2&H0&+0&!R:7]=[C&D2&v4&H0&+0&!R&z2:8].[c&D3&v4&H0&+0&R&z0:9]1:[c&D2&v4&H1&+0&R&z0:10]:[c&D2&v4&H1&+0&R&z0:11]:[c&D3&v4&H0&+0&R&z1:12](-[O&D1&v2&H1&+0&!R:13]):[c&D3&v4&H0&+0&R&z1:14](-[O&D1&v2&H1&+0&!R:15]):[c&D2&v4&H1&+0&R&z0:16]:1>>[C&D3&v4&H0&+0&R&z0:9]1=[C&D2&v4&H1&+0&R&z0:16]-[C&D3&v4&H1&+0&R&z1:14](-[O&D1&v2&H1&+0&!R:15])-[C&D4&v4&H0&+0&R&z1:12](-[O&D1&v2&H1&+0&!R:13])(-[C&D3&v4&H0&+0&!R&z2:8]-[O&D1&v2&H1&+0&!R:7])-[C&D2&v4&H1&+0&R&z0:11]=[C&D2&v4&H1&+0&R&z0:10]-1.[c&D3&v4&H0&+0&R&z0:1]1:[c&D2&v4&H1&+0&R&z0:6]:[c&D2&v4&H1&+0&R&z0:5]:[c&D2&v4&H1&+0&R&z1:4]:[n&D3&v4&H0&+&R:3]:[c&D2&v4&H1&+0&R&z1:2]:1	Any;NAD_CoF
648_0	Any;Any	[C&D2&v4&H2&+0&!R&z0:1].[C&D3&v4&H0&+0&!R&z1:2]=[O&D1&v2&H0&+0&!R:3]>>[C&D3&v4&H1&+0&!R&z0:1]-[C&D4&v4&H0&+0&!R&z1:2]-[O&D1&v2&H1&+0&!R:3]	Any
1169_0	Any	[O&D2&v2&H0&+0&R:1]-[C&D3&v4&H1&+0&R&z2:2]-[C&D3&v4&H1&+0&R&z1:3]-[O&D1&v2&H1&+0&!R:4]>>([C&D3&v4&H0&+0&!R&z1:3](=[O&D1&v2&H0&+0&!R:4])-[C&D2&v4&H2&+0&!R&z1:2].[O&D1&v2&H1&+0&!R:1])	Any
1971_0	Any;Any	[C&D2&v4&H2&+0&R&z1:1]-[N&D2&v3&H1&+0&R:2].[C&D3&v4&H0&+0&R&z1:3]1=[C&D3&v4&H0&+0&R&z1:4]-[C&D3&v4&H0&+0&R&z1:5](=[O&D1&v2&H0&+0&!R:6])-[C&D3&v4&H0&+0&R&z1:7]=[C&D3&v4&H0&+0&R&z1:8]-[C&D3&v4&H0&+0&R&z1:9]-1=[O&D1&v2&H0&+0&!R:10]>>[C&D2&v4&H1&+0&R&z1:1]=[N&D2&v3&H0&+0&R:2].[c&D3&v4&H0&+0&R&z1:3]1:[c&D3&v4&H0&+0&R&z1:4]:[c&D3&v4&H0&+0&R&z1:5](-[O&D1&v2&H1&+0&!R:6]):[c&D3&v4&H0&+0&R&z1:7]:[c&D3&v4&H0&+0&R&z1:8]:[c&D3&v4&H0&+0&R&z1:9]:1-[O&D1&v2&H1&+0&!R:10]	Any;Any
777_0	Any;Any	[C&D3&v4&H0&+0&!R&z2:1]-[O&D1&v2&H1&+0&!R:2].[C&D3&v4&H0&+0&!R&z3:3]-[S&D2&v2&H0&+0&!R:4]>>[C&D3&v4&H0&+0&!R&z2:1]-[S&D2&v2&H0&+0&!R:4].[C&D3&v4&H0&+0&!R&z3:3]-[O&D1&v2&H1&+0&!R:2]	ACETYL-COA;Any
408_0	Any;Any;O2	[C&D2&v4&H2&+0&!R&z1:1]-[O&D1&v2&H1&+0&!R:2].[C&D3&v4&H0&+0&!R&z1:3]-[C&D3&v4&H0&+0&!R&z2:4]-[O&D1&v2&H1&+0&!R:5].[O&D1&v2&H0&+0&!R:6]=[O&D1&v2&H0&+0&!R:7]>>[C&D2&v4&H1&+0&!R&z1:1]=[O&D1&v2&H0&+0&!R:7].[C&D3&v4&H0&+0&!R&z2:3]-[O&D1&v2&H1&+0&!R:6].[O&D0&v2&H2&+0&!R:2].[O&D1&v2&H0&+0&!R:5]=[C&D2&v4&H0&+0&!R&z2:4]	Any;Any;WATER;CO2
1410_0	Any;O2	[C&D3&v4&H0&+0&!R&z1:1]=[C&D2&v4&H1&+0&!R&z1:2].[O&D1&v2&H0&+0&!R:3]=[O&D1&v2&H0&+0&!R:4]>>[C&D3&v4&H0&+0&!R&z2:1]=[O&D1&v2&H0&+0&!R:3].[O&D1&v2&H0&+0&!R:4]=[C&D2&v4&H1&+0&!R&z2:2]	Any;Any
435_0	Any;WATER	[C&D1&v4&H1&+0&!R&z0:1]#[C&D1&v4&H1&+0&!R&z0:2].[O&D0&v2&H2&+0&!R:3]>>[C&D1&v4&H3&+0&!R&z0:1]-[C&D2&v4&H1&+0&!R&z1:2]=[O&D1&v2&H0&+0&!R:3]	Any
2079_0	Any;O2	([C&D2&v4&H2&+0&!R&z1:1].[O&D1&v2&H1&+0&!R:2]).[O&D1&v2&H0&+0&!R:3]=[O&D1&v2&H0&+0&!R:4]>>[O&D1&v2&H1&+0&!R:3]-[O&D1&v2&H1&+0&!R:4].[O&D2&v2&H0&+0&R:2]-[C&D3&v4&H1&+0&R&z2:1]	H2O2;Any
1945_0	Any	[C&D3&v4&H1&+0&!R&z1:1]-[C&D2&v4&H2&+0&!R&z1:2]-[O&D1&v2&H1&+0&!R:3]>>[C&D1&v4&H2&+0&!R&z0:2]=[C&D3&v4&H0&+0&!R&z1:1].[O&D0&v2&H2&+0&!R:3]	Any;WATER
1908_0	WATER;Any	[O&D0&v2&H2&+0&!R:1].[c&D3&v4&H0&+0&R&z0:2]-[C&D3&v4&H1&+0&R&z1:3]>>[C&D3&v4&H1&+0&R&z2:3]-[O&D1&v2&H1&+0&!R:1].[c&D2&v4&H1&+0&R&z0:2]	Any;Any
1850_0	Any;WATER;WATER;Any	[C&D3&v4&H0&+0&R&z2:1]-[N&D2&v3&H1&+0&R:2].[O&D0&v2&H2&+0&!R:3].[O&D0&v2&H2&+0&!R:4].[P&D4&v5&H0&+0&!R:5]-[O&D2&v2&H0&+0&!R:6]>>([C&D3&v4&H0&+0&!R&z2:1]-[O&D1&v2&H1&+0&!R:3].[N&D1&v3&H2&+0&!R:2]).[O&D1&v2&H1&+0&!R:6].[P&D4&v5&H0&+0&!R:5]-[O&D1&v2&H1&+0&!R:4]	Any;Pi;Any
1850_1	Any;WATER;WATER;PHOSPHATE_DONOR_CoF	[C&D3&v4&H0&+0&R&z2:1]-[N&D2&v3&H1&+0&R:2].[O&D0&v2&H2&+0&!R:3].[O&D0&v2&H2&+0&!R:4].[P&D4&v5&H0&+0&!R:5]-[O&D2&v2&H0&+0&!R:6]>>([C&D3&v4&H0&+0&!R&z2:1]-[O&D1&v2&H1&+0&!R:3].[N&D1&v3&H2&+0&!R:2]).[O&D1&v2&H1&+0&!R:6].[P&D4&v5&H0&+0&!R:5]-[O&D1&v2&H1&+0&!R:4]	Any;Pi;PHOSPHATE_ACCEPTOR_CoF
461_0	Any;PPI	[C&D1&v4&H2&+0&!R&z0:1]=[C&D3&v4&H0&+0&!R&z0:2]-[C&D3&v4&H1&+0&R&z0:3]-[C&D2&v4&H2&+0&R&z0:4]-[C&D2&v4&H2&+0&R&z0:5]-[C&D4&v4&H0&+0&R&z0:6]-[C&D3&v4&H1&+0&R&z0:7].[O&D1&v2&H1&+0&!R:8]>>([C&D1&v4&H3&+0&!R&z0:1]-[C&D3&v4&H0&+0&!R&z0:2]=[C&D2&v4&H1&+0&!R&z0:3].[C&D2&v4&H2&+0&!R&z0:7].[C&D3&v4&H0&+0&!R&z0:6]=[C&D2&v4&H1&+0&!R&z0:5]-[C&D2&v4&H2&+0&!R&z1:4]-[O&D2&v2&H0&+0&!R:8])	Any
430_0	Any;WATER;Any	[C&D4&v4&H0&+0&R&z1:1](-[O&D1&v2&H1&+0&!R:2])-[C&D3&v4&H0&+0&R&z1:3]=[O&D1&v2&H0&+0&!R:4].[O&D0&v2&H2&+0&!R:5].[c&D3&v4&H0&+0&R&z0:6]1:[c&D2&v4&H1&+0&R&z0:7]:[c&D2&v4&H1&+0&R&z0:8]:[c&D2&v4&H1&+0&R&z1:9]:[n&D3&v4&H0&+&R:10]:[c&D2&v4&H1&+0&R&z1:11]:1>>[C&D3&v4&H0&+0&R&z0:6]1=[C&D2&v4&H1&+0&R&z1:11]-[N&D3&v3&H0&+0&R:10]-[C&D2&v4&H1&+0&R&z1:9]=[C&D2&v4&H1&+0&R&z0:8]-[C&D2&v4&H2&+0&R&z0:7]-1.[C&D3&v4&H0&+0&R&z0:1]=[C&D3&v4&H0&+0&R&z1:3]-[O&D1&v2&H1&+0&!R:4].[O&D1&v2&H0&+0&!R:2]=[O&D1&v2&H0&+0&!R:5]	Any;Any;O2
430_1	Any;WATER;NAD_CoF	[C&D4&v4&H0&+0&R&z1:1](-[O&D1&v2&H1&+0&!R:2])-[C&D3&v4&H0&+0&R&z1:3]=[O&D1&v2&H0&+0&!R:4].[O&D0&v2&H2&+0&!R:5].[c&D3&v4&H0&+0&R&z0:6]1:[c&D2&v4&H1&+0&R&z0:7]:[c&D2&v4&H1&+0&R&z0:8]:[c&D2&v4&H1&+0&R&z1:9]:[n&D3&v4&H0&+&R:10]:[c&D2&v4&H1&+0&R&z1:11]:1>>[C&D3&v4&H0&+0&R&z0:6]1=[C&D2&v4&H1&+0&R&z1:11]-[N&D3&v3&H0&+0&R:10]-[C&D2&v4&H1&+0&R&z1:9]=[C&D2&v4&H1&+0&R&z0:8]-[C&D2&v4&H2&+0&R&z0:7]-1.[C&D3&v4&H0&+0&R&z0:1]=[C&D3&v4&H0&+0&R&z1:3]-[O&D1&v2&H1&+0&!R:4].[O&D1&v2&H0&+0&!R:2]=[O&D1&v2&H0&+0&!R:5]	NADH_CoF;Any;O2
1244_0	Any;WATER	[C&D2&v4&H2&+0&!R&z0:1]-[C&D2&v4&H1&+0&!R&z1:2]=[O&D1&v2&H0&+0&!R:3].[O&D0&v2&H2&+0&!R:4]>>[C&D3&v4&H1&+0&!R&z1:1](-[O&D1&v2&H1&+0&!R:4])-[C&D2&v4&H2&+0&!R&z1:2]-[O&D1&v2&H1&+0&!R:3]	Any
192_0	Any;Any;H2O2	[C&D2&v4&H1&+0&!R&z2:1]=[O&D1&v2&H0&+0&!R:2].[N&D2&v3&H0&+0&!R:3].[O&D1&v2&H1&+0&!R:4]-[O&D1&v2&H1&+0&!R:5]>>[C&D2&v4&H2&+0&!R&z2:1]-[N&D3&v4&H0&+&!R:3].[O&D0&v2&H2&+0&!R:2].[O&D1&v2&H0&+0&!R:4]=[O&D1&v2&H0&+0&!R:5]	Any;WATER;O2
1671_0	Any;Any	[C&D3&v4&H0&+0&!R&z2:1](-[O&D1&v2&H1&+0&!R:2])-[C&D3&v4&H1&+0&R&z1:3]-[C&D3&v4&H1&+0&R&z1:4]-[O&D1&v2&H1&+0&!R:5].[c&D3&v4&H0&+0&R&z0:6]1:[c&D2&v4&H1&+0&R&z0:7]:[c&D2&v4&H1&+0&R&z0:8]:[c&D2&v4&H1&+0&R&z1:9]:[n&D3&v4&H0&+&R:10]:[c&D2&v4&H1&+0&R&z1:11]:1>>[C&D3&v4&H0&+0&R&z0:6]1=[C&D2&v4&H1&+0&R&z1:11]-[N&D3&v3&H0&+0&R:10]-[C&D2&v4&H1&+0&R&z1:9]=[C&D2&v4&H1&+0&R&z0:8]-[C&D2&v4&H2&+0&R&z0:7]-1.[O&D1&v2&H0&+0&!R:2]=[C&D2&v4&H0&+0&!R&z2:1].[O&D1&v2&H0&+0&!R:5]=[C&D3&v4&H0&+0&R&z1:4]-[C&D2&v4&H2&+0&R&z1:3]	Any;CO2;Any
1671_1	Any;NAD_CoF	[C&D3&v4&H0&+0&!R&z2:1](-[O&D1&v2&H1&+0&!R:2])-[C&D3&v4&H1&+0&R&z1:3]-[C&D3&v4&H1&+0&R&z1:4]-[O&D1&v2&H1&+0&!R:5].[c&D3&v4&H0&+0&R&z0:6]1:[c&D2&v4&H1&+0&R&z0:7]:[c&D2&v4&H1&+0&R&z0:8]:[c&D2&v4&H1&+0&R&z1:9]:[n&D3&v4&H0&+&R:10]:[c&D2&v4&H1&+0&R&z1:11]:1>>[C&D3&v4&H0&+0&R&z0:6]1=[C&D2&v4&H1&+0&R&z1:11]-[N&D3&v3&H0&+0&R:10]-[C&D2&v4&H1&+0&R&z1:9]=[C&D2&v4&H1&+0&R&z0:8]-[C&D2&v4&H2&+0&R&z0:7]-1.[O&D1&v2&H0&+0&!R:2]=[C&D2&v4&H0&+0&!R&z2:1].[O&D1&v2&H0&+0&!R:5]=[C&D3&v4&H0&+0&R&z1:4]-[C&D2&v4&H2&+0&R&z1:3]	NADH_CoF;CO2;Any
195_0	Any;H2O2	[C&D2&v4&H2&+0&!R&z1:1].[O&D1&v2&H1&+0&!R:2]-[O&D1&v2&H1&+0&!R:3]>>[C&D3&v4&H1&+0&!R&z2:1]-[O&D1&v2&H1&+0&!R:2].[O&D0&v2&H2&+0&!R:3]	Any;WATER
808_0	Any	[C&D1&v4&H3&+0&!R&z0:1]-[C&D3&v4&H0&+0&!R&z0:2]=[C&D3&v4&H0&+0&!R&z0:3]>>[C&D1&v4&H2&+0&!R&z0:1]=[C&D3&v4&H0&+0&!R&z0:2]-[C&D3&v4&H1&+0&!R&z0:3]	Any
1110_0	Any;Any;O2	[C&D3&v4&H0&+0&!R&z1:1]-[C&D3&v4&H0&+0&!R&z2:2]-[O&D1&v2&H1&+0&!R:3].[C&D3&v4&H1&+0&!R&z1:4]-[O&D2&v2&H0&+0&!R:5].[O&D1&v2&H0&+0&!R:6]=[O&D1&v2&H0&+0&!R:7]>>[C&D3&v4&H0&+0&!R&z1:4]=[O&D1&v2&H0&+0&!R:7].[C&D3&v4&H0&+0&!R&z2:1]-[O&D1&v2&H1&+0&!R:6].[O&D1&v2&H0&+0&!R:3]=[C&D2&v4&H0&+0&!R&z2:2].[O&D1&v2&H1&+0&!R:5]	Any;Any;CO2;Any
2087_0	O2;Any	[O&D1&v2&H0&+0&!R:1]=[O&D1&v2&H0&+0&!R:2].[c&D3&v4&H0&+0&R&z1:3]1:[c&D2&v4&H1&+0&R&z0:4]:[c&D2&v4&H1&+0&R&z0:5]:[c&D3&v4&H0&+0&R&z1:6]:[c&D2&v4&H1&+0&R&z0:7]:[c&D2&v4&H1&+0&R&z0:8]:1>>[O&D1&v2&H0&+0&!R:2]=[C&D2&v4&H1&+0&!R&z1:8]-[C&D2&v4&H1&+0&!R&z0:7]=[C&D3&v4&H0&+0&!R&z1:6]-[C&D2&v4&H1&+0&!R&z0:5]=[C&D2&v4&H1&+0&!R&z0:4]-[C&D3&v4&H0&+0&!R&z2:3]=[O&D1&v2&H0&+0&!R:1]	Any
771_0	Any;NH3;CO2;Any	[C&D3&v4&H0&+0&!R&z2:1]-[O&D1&v2&H1&+0&!R:2].[N&D0&v3&H3&+0&!R:3].[O&D1&v2&H0&+0&!R:4]=[C&D2&v4&H0&+0&!R&z2:5].[O&D1&v2&H0&+0&!R:6]=[C&D2&v4&H1&+0&!R&z1:7]-[C&D2&v4&H2&+0&!R&z0:8]>>[C&D3&v4&H0&+0&!R&z2:1]-[N&D2&v3&H1&+0&!R:3]-[C&D2&v4&H1&+0&!R&z1:7]=[C&D3&v4&H0&+0&!R&z0:8]-[C&D3&v4&H0&+0&!R&z2:5]-[O&D1&v2&H1&+0&!R:4].[O&D0&v2&H2&+0&!R:6].[O&D0&v2&H2&+0&!R:2]	Any;WATER;WATER
1273_0	Any;Any	[O&D2&v2&H0&+0&R:1]-[C&D3&v4&H1&+0&R&z1:2].[S&D1&v2&H1&+0&!R:3]>>([C&D3&v4&H1&+0&!R&z1:2]-[S&D2&v2&H0&+0&!R:3].[O&D1&v2&H1&+0&!R:1])	Any
927_0	Any	([C&D1&v4&H3&+0&!R&z0:1]-[C&D3&v4&H0&+0&!R&z0:2]=[C&D2&v4&H1&+0&!R&z0:3].[C&D2&v4&H2&+0&!R&z0:4]-[C&D3&v4&H0&+0&!R&z0:5]=[C&D2&v4&H1&+0&!R&z0:6].[C&D3&v4&H0&+0&!R&z0:7](-[C&D1&v4&H3&+0&!R&z0:8])=[C&D2&v4&H1&+0&!R&z0:9]-[C&D2&v4&H2&+0&!R&z1:10]-[O&D2&v2&H0&+0&!R:11])>>[C&D1&v4&H2&+0&!R&z0:1]=[C&D3&v4&H0&+0&!R&z0:2]-[C&D3&v4&H1&+0&R&z0:3]-[C&D2&v4&H2&+0&R&z0:10]-[C&D2&v4&H1&+0&R&z0:9]=[C&D3&v4&H0&+0&R&z0:7]-[C&D4&v4&H0&+0&R&z0:4](-[C&D3&v4&H1&+0&R&z0:5]-[C&D2&v4&H2&+0&R&z0:6])-[C&D1&v4&H3&+0&!R&z0:8].[O&D1&v2&H1&+0&!R:11]	Any;PPI
270_0	Any;Any;O2	[C&D3&v4&H0&+0&!R&z1:1]-[C&D3&v4&H0&+0&!R&z2:2]-[O&D1&v2&H1&+0&!R:3].[N&D2&v3&H1&+0&!R:4]-[C&D1&v4&H3&+0&!R&z1:5].[O&D1&v2&H0&+0&!R:6]=[O&D1&v2&H0&+0&!R:7]>>[C&D1&v4&H2&+0&!R&z1:5]=[O&D1&v2&H0&+0&!R:7].[C&D3&v4&H0&+0&!R&z2:1]-[O&D1&v2&H1&+0&!R:6].[N&D1&v3&H2&+0&!R:4].[O&D1&v2&H0&+0&!R:3]=[C&D2&v4&H0&+0&!R&z2:2]	Any;Any;Any;CO2
1818_0	Any;Any	[O&D2&v2&H0&+0&!R:1]-[C&D3&v4&H1&+0&R&z1:2]-[C&D2&v4&H1&+0&R&z0:3].[P&D4&v5&H0&+0&!R:4]-[O&D2&v2&H0&+0&!R:5]>>[O&D2&v2&H0&+0&!R:5]-[C&D3&v4&H1&+0&R&z1:2]-[C&D2&v4&H1&+0&R&z0:3].[O&D2&v2&H0&+0&!R:1]-[P&D4&v5&H0&+0&!R:4]	Any;PPI
1818_1	Any;PPI	[O&D2&v2&H0&+0&!R:1]-[C&D3&v4&H1&+0&R&z1:2]-[C&D2&v4&H1&+0&R&z0:3].[P&D4&v5&H0&+0&!R:4]-[O&D2&v2&H0&+0&!R:5]>>[O&D2&v2&H0&+0&!R:5]-[C&D3&v4&H1&+0&R&z1:2]-[C&D2&v4&H1&+0&R&z0:3].[O&D2&v2&H0&+0&!R:1]-[P&D4&v5&H0&+0&!R:4]	Any;Any
1776_0	Any	[N&D1&v3&H2&+0&!R:1]-[C&D2&v4&H2&+0&!R&z1:2]-[C&D2&v4&H2&+0&!R&z1:3]-[O&D1&v2&H1&+0&!R:4]>>[C&D1&v4&H3&+0&!R&z0:3]-[C&D2&v4&H1&+0&!R&z1:2]=[O&D1&v2&H0&+0&!R:4].[N&D0&v3&H3&+0&!R:1]	Any;NH3
1651_0	Any;WATER;Any	[C&D2&v4&H2&+0&!R&z1:1]-[N&D2&v3&H1&+0&!R:2].[O&D0&v2&H2&+0&!R:3].[c&D3&v4&H0&+0&R&z0:4]1:[c&D2&v4&H1&+0&R&z0:5]:[c&D2&v4&H1&+0&R&z0:6]:[c&D2&v4&H1&+0&R&z1:7]:[n&D3&v4&H0&+&R:8]:[c&D2&v4&H1&+0&R&z1:9]:1>>[C&D2&v4&H1&+0&!R&z1:1]=[O&D1&v2&H0&+0&!R:3].[C&D3&v4&H0&+0&R&z0:4]1=[C&D2&v4&H1&+0&R&z1:9]-[N&D3&v3&H0&+0&R:8]-[C&D2&v4&H1&+0&R&z1:7]=[C&D2&v4&H1&+0&R&z0:6]-[C&D2&v4&H2&+0&R&z0:5]-1.[N&D1&v3&H2&+0&!R:2]	Any;Any;Any
1651_1	Any;WATER;NAD_CoF	[C&D2&v4&H2&+0&!R&z1:1]-[N&D2&v3&H1&+0&!R:2].[O&D0&v2&H2&+0&!R:3].[c&D3&v4&H0&+0&R&z0:4]1:[c&D2&v4&H1&+0&R&z0:5]:[c&D2&v4&H1&+0&R&z0:6]:[c&D2&v4&H1&+0&R&z1:7]:[n&D3&v4&H0&+&R:8]:[c&D2&v4&H1&+0&R&z1:9]:1>>[C&D2&v4&H1&+0&!R&z1:1]=[O&D1&v2&H0&+0&!R:3].[C&D3&v4&H0&+0&R&z0:4]1=[C&D2&v4&H1&+0&R&z1:9]-[N&D3&v3&H0&+0&R:8]-[C&D2&v4&H1&+0&R&z1:7]=[C&D2&v4&H1&+0&R&z0:6]-[C&D2&v4&H2&+0&R&z0:5]-1.[N&D1&v3&H2&+0&!R:2]	Any;NADH_CoF;Any
259_0	Any;Any	([S&D1&v2&H1&+0&!R:1].[S&D1&v2&H1&+0&!R:2]).[c&D3&v4&H0&+0&R&z0:3]1:[c&D2&v4&H1&+0&R&z0:4]:[c&D2&v4&H1&+0&R&z0:5]:[c&D2&v4&H1&+0&R&z1:6]:[n&D3&v4&H0&+&R:7]:[c&D2&v4&H1&+0&R&z1:8]:1>>[C&D3&v4&H0&+0&R&z0:3]1=[C&D2&v4&H1&+0&R&z1:8]-[N&D3&v3&H0&+0&R:7]-[C&D2&v4&H1&+0&R&z1:6]=[C&D2&v4&H1&+0&R&z0:5]-[C&D2&v4&H2&+0&R&z0:4]-1.[S&D2&v2&H0&+0&R:2]-[S&D2&v2&H0&+0&R:1]	Any;Any
259_1	Any;NAD_CoF	([S&D1&v2&H1&+0&!R:1].[S&D1&v2&H1&+0&!R:2]).[c&D3&v4&H0&+0&R&z0:3]1:[c&D2&v4&H1&+0&R&z0:4]:[c&D2&v4&H1&+0&R&z0:5]:[c&D2&v4&H1&+0&R&z1:6]:[n&D3&v4&H0&+&R:7]:[c&D2&v4&H1&+0&R&z1:8]:1>>[C&D3&v4&H0&+0&R&z0:3]1=[C&D2&v4&H1&+0&R&z1:8]-[N&D3&v3&H0&+0&R:7]-[C&D2&v4&H1&+0&R&z1:6]=[C&D2&v4&H1&+0&R&z0:5]-[C&D2&v4&H2&+0&R&z0:4]-1.[S&D2&v2&H0&+0&R:2]-[S&D2&v2&H0&+0&R:1]	NADH_CoF;Any
727_0	Any;Any	[C&D3&v4&H0&+0&R&z0:1]1=[C&D2&v4&H1&+0&R&z1:2]-[N&D3&v3&H0&+0&R:3]-[C&D2&v4&H1&+0&R&z1:4]=[C&D2&v4&H1&+0&R&z0:5]-[C&D2&v4&H2&+0&R&z0:6]-1.[O&D2&v2&H0&+0&R:7]-[C&D3&v4&H1&+0&R&z2:8]>>([C&D2&v4&H2&+0&!R&z1:8].[O&D1&v2&H1&+0&!R:7]).[c&D3&v4&H0&+0&R&z0:1]1:[c&D2&v4&H1&+0&R&z0:6]:[c&D2&v4&H1&+0&R&z0:5]:[c&D2&v4&H1&+0&R&z1:4]:[n&D3&v4&H0&+&R:3]:[c&D2&v4&H1&+0&R&z1:2]:1	Any;Any
727_1	NADH_CoF;Any	[C&D3&v4&H0&+0&R&z0:1]1=[C&D2&v4&H1&+0&R&z1:2]-[N&D3&v3&H0&+0&R:3]-[C&D2&v4&H1&+0&R&z1:4]=[C&D2&v4&H1&+0&R&z0:5]-[C&D2&v4&H2&+0&R&z0:6]-1.[O&D2&v2&H0&+0&R:7]-[C&D3&v4&H1&+0&R&z2:8]>>([C&D2&v4&H2&+0&!R&z1:8].[O&D1&v2&H1&+0&!R:7]).[c&D3&v4&H0&+0&R&z0:1]1:[c&D2&v4&H1&+0&R&z0:6]:[c&D2&v4&H1&+0&R&z0:5]:[c&D2&v4&H1&+0&R&z1:4]:[n&D3&v4&H0&+&R:3]:[c&D2&v4&H1&+0&R&z1:2]:1	Any;NAD_CoF
1270_0	Any;Any	[C&D2&v4&H1&+0&!R&z0:1]=[C&D2&v4&H1&+0&!R&z0:2]-[C&D2&v4&H1&+0&!R&z1:3].[C&D3&v4&H0&+0&R&z0:4]1=[C&D2&v4&H1&+0&R&z1:5]-[N&D3&v3&H0&+0&R:6]-[C&D2&v4&H1&+0&R&z1:7]=[C&D2&v4&H1&+0&R&z0:8]-[C&D2&v4&H2&+0&R&z0:9]-1>>[C&D2&v4&H2&+0&!R&z0:1]-[C&D2&v4&H2&+0&!R&z0:2]-[C&D2&v4&H1&+0&!R&z1:3].[c&D3&v4&H0&+0&R&z0:4]1:[c&D2&v4&H1&+0&R&z0:9]:[c&D2&v4&H1&+0&R&z0:8]:[c&D2&v4&H1&+0&R&z1:7]:[n&D3&v4&H0&+&R:6]:[c&D2&v4&H1&+0&R&z1:5]:1	Any;Any
1270_1	Any;NADH_CoF	[C&D2&v4&H1&+0&!R&z0:1]=[C&D2&v4&H1&+0&!R&z0:2]-[C&D2&v4&H1&+0&!R&z1:3].[C&D3&v4&H0&+0&R&z0:4]1=[C&D2&v4&H1&+0&R&z1:5]-[N&D3&v3&H0&+0&R:6]-[C&D2&v4&H1&+0&R&z1:7]=[C&D2&v4&H1&+0&R&z0:8]-[C&D2&v4&H2&+0&R&z0:9]-1>>[C&D2&v4&H2&+0&!R&z0:1]-[C&D2&v4&H2&+0&!R&z0:2]-[C&D2&v4&H1&+0&!R&z1:3].[c&D3&v4&H0&+0&R&z0:4]1:[c&D2&v4&H1&+0&R&z0:9]:[c&D2&v4&H1&+0&R&z0:8]:[c&D2&v4&H1&+0&R&z1:7]:[n&D3&v4&H0&+&R:6]:[c&D2&v4&H1&+0&R&z1:5]:1	Any;NAD_CoF
1207_0	Any;Any	[C&D2&v4&H2&+0&!R&z0:1].[O&D1&v2&H0&+0&!R:2]=[C&D2&v4&H1&+0&!R&z1:3]>>[C&D3&v4&H1&+0&!R&z0:1]-[C&D3&v4&H1&+0&!R&z1:3]-[O&D1&v2&H1&+0&!R:2]	Any
1728_0	Any;Any	[C&D2&v4&H2&+0&!R&z1:1]-[O&D1&v2&H1&+0&!R:2].[S&D1&v2&H1&+0&!R:3]>>[O&D0&v2&H2&+0&!R:2].[S&D2&v2&H0&+0&!R:3]-[C&D2&v4&H2&+0&!R&z1:1]	WATER;Any
1642_0	Any;WATER;Any	[C&D3&v4&H0&+0&!R&z3:1]-[O&D2&v2&H0&+0&!R:2].[O&D0&v2&H2&+0&!R:3].[O&D2&v2&H0&+0&!R:4]-[P&D4&v5&H0&+0&!R:5]>>[C&D3&v4&H0&+0&!R&z3:1]-[O&D2&v2&H0&+0&!R:4].[O&D1&v2&H1&+0&!R:2].[P&D4&v5&H0&+0&!R:5]-[O&D1&v2&H1&+0&!R:3]	Any;Pi;PPI
1794_0	Any;Any	[O&D2&v2&H0&+0&!R:1]-[C&D3&v4&H1&+0&R&z1:2].[P&D4&v5&H0&+0&!R:3]-[O&D2&v2&H0&+0&!R:4]>>[O&D2&v2&H0&+0&!R:4]-[C&D3&v4&H1&+0&R&z1:2].[O&D2&v2&H0&+0&!R:1]-[P&D4&v5&H0&+0&!R:3]	Any;PPI
1794_1	Any;PPI	[O&D2&v2&H0&+0&!R:1]-[C&D3&v4&H1&+0&R&z1:2].[P&D4&v5&H0&+0&!R:3]-[O&D2&v2&H0&+0&!R:4]>>[O&D2&v2&H0&+0&!R:4]-[C&D3&v4&H1&+0&R&z1:2].[O&D2&v2&H0&+0&!R:1]-[P&D4&v5&H0&+0&!R:3]	Any;Any
687_0	Any;CoA	[C&D3&v4&H0&+0&!R&z1:1](=[O&D1&v2&H0&+0&!R:2])-[C&D3&v4&H1&+0&!R&z0:3].[S&D1&v2&H1&+0&!R:4]>>[C&D2&v4&H2&+0&!R&z0:3].[C&D3&v4&H0&+0&!R&z2:1](=[O&D1&v2&H0&+0&!R:2])-[S&D2&v2&H0&+0&!R:4]	Any;ACETYL-COA
687_1	Any;CoA	[C&D3&v4&H0&+0&!R&z1:1](=[O&D1&v2&H0&+0&!R:2])-[C&D3&v4&H1&+0&!R&z0:3].[S&D1&v2&H1&+0&!R:4]>>[C&D2&v4&H2&+0&!R&z0:3].[C&D3&v4&H0&+0&!R&z2:1](=[O&D1&v2&H0&+0&!R:2])-[S&D2&v2&H0&+0&!R:4]	Any;Any
1185_0	Any;Any	[C&D2&v4&H1&+0&!R&z0:1]-[C&D2&v4&H1&+0&!R&z0:2]=[C&D2&v4&H1&+0&!R&z0:3].[C&D3&v4&H0&+0&R&z0:4]1=[C&D2&v4&H1&+0&R&z1:5]-[N&D3&v3&H0&+0&R:6]-[C&D2&v4&H1&+0&R&z1:7]=[C&D2&v4&H1&+0&R&z0:8]-[C&D2&v4&H2&+0&R&z0:9]-1>>[C&D2&v4&H1&+0&!R&z0:1]-[C&D2&v4&H2&+0&!R&z0:2]-[C&D2&v4&H2&+0&!R&z0:3].[c&D3&v4&H0&+0&R&z0:4]1:[c&D2&v4&H1&+0&R&z0:9]:[c&D2&v4&H1&+0&R&z0:8]:[c&D2&v4&H1&+0&R&z1:7]:[n&D3&v4&H0&+&R:6]:[c&D2&v4&H1&+0&R&z1:5]:1	Any;Any
1185_1	Any;NADH_CoF	[C&D2&v4&H1&+0&!R&z0:1]-[C&D2&v4&H1&+0&!R&z0:2]=[C&D2&v4&H1&+0&!R&z0:3].[C&D3&v4&H0&+0&R&z0:4]1=[C&D2&v4&H1&+0&R&z1:5]-[N&D3&v3&H0&+0&R:6]-[C&D2&v4&H1&+0&R&z1:7]=[C&D2&v4&H1&+0&R&z0:8]-[C&D2&v4&H2&+0&R&z0:9]-1>>[C&D2&v4&H1&+0&!R&z0:1]-[C&D2&v4&H2&+0&!R&z0:2]-[C&D2&v4&H2&+0&!R&z0:3].[c&D3&v4&H0&+0&R&z0:4]1:[c&D2&v4&H1&+0&R&z0:9]:[c&D2&v4&H1&+0&R&z0:8]:[c&D2&v4&H1&+0&R&z1:7]:[n&D3&v4&H0&+&R:6]:[c&D2&v4&H1&+0&R&z1:5]:1	Any;NAD_CoF
1737_0	Any;Pi	[C&D2&v4&H2&+0&!R&z1:1]-[S&D4&v6&H0&+0&!R:2]=[O&D1&v2&H0&+0&!R:3].[O&D1&v2&H1&+0&!R:4]>>[C&D2&v4&H2&+0&!R&z1:1]-[O&D2&v2&H0&+0&!R:4].[S&D3&v4&H0&+0&!R:2]-[O&D1&v2&H1&+0&!R:3]	Any;SULFITE
1274_0	Any	([C&D2&v4&H1&+0&!R&z0:1]=[C&D2&v4&H1&+0&!R&z0:2]-[C&D2&v4&H1&+0&!R&z0:3]=[C&D2&v4&H1&+0&!R&z0:4].[O&D2&v2&H0&+0&!R:5]-[O&D1&v2&H1&+0&!R:6])>>[O&D2&v2&H0&+0&R:5]-[C&D3&v4&H1&+0&R&z1:4]-[C&D2&v4&H1&+0&!R&z0:3]=[C&D2&v4&H1&+0&!R&z0:2]-[C&D3&v4&H1&+0&!R&z1:1]-[O&D1&v2&H1&+0&!R:6]	Any
499_0	Any;WATER	[C&D1&v4&H2&+0&!R&z0:1]=[C&D3&v4&H0&+0&!R&z1:2].[O&D0&v2&H2&+0&!R:3]>>[C&D3&v4&H1&+0&!R&z1:2]-[C&D2&v4&H2&+0&!R&z1:1]-[O&D1&v2&H1&+0&!R:3]	Any
1756_0	Any	[C&D2&v4&H2&+0&!R&z1:1]-[C&D3&v4&H0&+0&!R&z1:2]-[C&D2&v4&H2&+0&!R&z0:3]>>[C&D3&v4&H1&+0&!R&z1:1](-[C&D2&v4&H1&+0&!R&z1:2])-[C&D2&v4&H2&+0&!R&z0:3]	Any
241_0	Any;Any	[C&D3&v4&H0&+0&!R&z2:1]-[O&D2&v2&H0&+0&!R:2].[C&D3&v4&H0&+0&R&z0:3]1=[C&D2&v4&H1&+0&R&z1:4]-[N&D3&v3&H0&+0&R:5]-[C&D2&v4&H1&+0&R&z1:6]=[C&D2&v4&H1&+0&R&z0:7]-[C&D2&v4&H2&+0&R&z0:8]-1>>[C&D2&v4&H1&+0&!R&z1:1].[O&D1&v2&H1&+0&!R:2].[c&D3&v4&H0&+0&R&z0:3]1:[c&D2&v4&H1&+0&R&z0:8]:[c&D2&v4&H1&+0&R&z0:7]:[c&D2&v4&H1&+0&R&z1:6]:[n&D3&v4&H0&+&R:5]:[c&D2&v4&H1&+0&R&z1:4]:1	Any;Any;Any
241_1	Any;Any	[C&D3&v4&H0&+0&!R&z2:1]-[O&D2&v2&H0&+0&!R:2].[C&D3&v4&H0&+0&R&z0:3]1=[C&D2&v4&H1&+0&R&z1:4]-[N&D3&v3&H0&+0&R:5]-[C&D2&v4&H1&+0&R&z1:6]=[C&D2&v4&H1&+0&R&z0:7]-[C&D2&v4&H2&+0&R&z0:8]-1>>[C&D2&v4&H1&+0&!R&z1:1].[O&D1&v2&H1&+0&!R:2].[c&D3&v4&H0&+0&R&z0:3]1:[c&D2&v4&H1&+0&R&z0:8]:[c&D2&v4&H1&+0&R&z0:7]:[c&D2&v4&H1&+0&R&z1:6]:[n&D3&v4&H0&+&R:5]:[c&D2&v4&H1&+0&R&z1:4]:1	Any;Pi;Any
241_2	Any;NADH_CoF	[C&D3&v4&H0&+0&!R&z2:1]-[O&D2&v2&H0&+0&!R:2].[C&D3&v4&H0&+0&R&z0:3]1=[C&D2&v4&H1&+0&R&z1:4]-[N&D3&v3&H0&+0&R:5]-[C&D2&v4&H1&+0&R&z1:6]=[C&D2&v4&H1&+0&R&z0:7]-[C&D2&v4&H2&+0&R&z0:8]-1>>[C&D2&v4&H1&+0&!R&z1:1].[O&D1&v2&H1&+0&!R:2].[c&D3&v4&H0&+0&R&z0:3]1:[c&D2&v4&H1&+0&R&z0:8]:[c&D2&v4&H1&+0&R&z0:7]:[c&D2&v4&H1&+0&R&z1:6]:[n&D3&v4&H0&+&R:5]:[c&D2&v4&H1&+0&R&z1:4]:1	Any;Any;NAD_CoF
241_3	Any;NADH_CoF	[C&D3&v4&H0&+0&!R&z2:1]-[O&D2&v2&H0&+0&!R:2].[C&D3&v4&H0&+0&R&z0:3]1=[C&D2&v4&H1&+0&R&z1:4]-[N&D3&v3&H0&+0&R:5]-[C&D2&v4&H1&+0&R&z1:6]=[C&D2&v4&H1&+0&R&z0:7]-[C&D2&v4&H2&+0&R&z0:8]-1>>[C&D2&v4&H1&+0&!R&z1:1].[O&D1&v2&H1&+0&!R:2].[c&D3&v4&H0&+0&R&z0:3]1:[c&D2&v4&H1&+0&R&z0:8]:[c&D2&v4&H1&+0&R&z0:7]:[c&D2&v4&H1&+0&R&z1:6]:[n&D3&v4&H0&+&R:5]:[c&D2&v4&H1&+0&R&z1:4]:1	Any;Pi;NAD_CoF
884_0	Any	[C&D4&v4&H0&+0&!R&z1:1](-[O&D1&v2&H1&+0&!R:2])-[C&D3&v4&H1&+0&R&z0:3]-[C&D3&v4&H1&+0&R&z0:4]-[C&D4&v4&H0&+0&R&z0:5]-[C&D3&v4&H1&+0&R&z0:6]-[C&D4&v4&H0&+0&R&z0:7]-[C&D4&v4&H0&+0&R&z0:8]-[C&D3&v4&H1&+0&R&z0:9]-[C&D4&v4&H0&+0&R&z0:10]-[C&D3&v4&H1&+0&R&z0:11]-[C&D4&v4&H0&+0&R&z0:12]-[C&D2&v4&H2&+0&R&z0:13]>>([C&D2&v4&H1&+0&!R&z0:6]=[C&D3&v4&H0&+0&!R&z0:7].[C&D2&v4&H1&+0&!R&z0:4]=[C&D3&v4&H0&+0&!R&z0:5].[C&D2&v4&H1&+0&!R&z0:3]=[C&D3&v4&H0&+0&!R&z0:1].[C&D3&v4&H0&+0&!R&z0:12]=[C&D2&v4&H1&+0&!R&z0:13].[C&D3&v4&H0&+0&!R&z0:10]=[C&D2&v4&H1&+0&!R&z0:11].[C&D3&v4&H0&+0&!R&z0:8]=[C&D2&v4&H1&+0&!R&z0:9]).[O&D0&v2&H2&+0&!R:2]	Any;WATER
1012_0	Any;Any	[C&D2&v4&H2&+0&R&z0:1]-[C&D3&v4&H0&+0&R&z0:2]=[C&D2&v4&H1&+0&R&z0:3]-[C&D3&v4&H0&+0&R&z1:4]=[O&D1&v2&H0&+0&!R:5].[C&D3&v4&H0&+0&R&z0:6]1=[C&D2&v4&H1&+0&R&z1:7]-[N&D3&v3&H0&+0&R:8]-[C&D2&v4&H1&+0&R&z1:9]=[C&D2&v4&H1&+0&R&z0:10]-[C&D2&v4&H2&+0&R&z0:11]-1>>[C&D2&v4&H1&+0&R&z0:1]=[C&D3&v4&H0&+0&R&z0:2]-[C&D2&v4&H2&+0&R&z0:3]-[C&D3&v4&H1&+0&R&z1:4]-[O&D1&v2&H1&+0&!R:5].[c&D3&v4&H0&+0&R&z0:6]1:[c&D2&v4&H1&+0&R&z0:11]:[c&D2&v4&H1&+0&R&z0:10]:[c&D2&v4&H1&+0&R&z1:9]:[n&D3&v4&H0&+&R:8]:[c&D2&v4&H1&+0&R&z1:7]:1	Any;Any
1012_1	Any;NADH_CoF	[C&D2&v4&H2&+0&R&z0:1]-[C&D3&v4&H0&+0&R&z0:2]=[C&D2&v4&H1&+0&R&z0:3]-[C&D3&v4&H0&+0&R&z1:4]=[O&D1&v2&H0&+0&!R:5].[C&D3&v4&H0&+0&R&z0:6]1=[C&D2&v4&H1&+0&R&z1:7]-[N&D3&v3&H0&+0&R:8]-[C&D2&v4&H1&+0&R&z1:9]=[C&D2&v4&H1&+0&R&z0:10]-[C&D2&v4&H2&+0&R&z0:11]-1>>[C&D2&v4&H1&+0&R&z0:1]=[C&D3&v4&H0&+0&R&z0:2]-[C&D2&v4&H2&+0&R&z0:3]-[C&D3&v4&H1&+0&R&z1:4]-[O&D1&v2&H1&+0&!R:5].[c&D3&v4&H0&+0&R&z0:6]1:[c&D2&v4&H1&+0&R&z0:11]:[c&D2&v4&H1&+0&R&z0:10]:[c&D2&v4&H1&+0&R&z1:9]:[n&D3&v4&H0&+&R:8]:[c&D2&v4&H1&+0&R&z1:7]:1	Any;NAD_CoF
2052_0	Any;O2	[C&D3&v4&H1&+0&R&z1:1]-[C&D3&v4&H1&+0&R&z1:2]-[O&D1&v2&H1&+0&!R:3].[O&D1&v2&H0&+0&!R:4]=[O&D1&v2&H0&+0&!R:5]>>[C&D3&v4&H0&+0&R&z1:1]=[C&D3&v4&H0&+0&R&z1:2]-[O&D1&v2&H1&+0&!R:3].[O&D1&v2&H1&+0&!R:4]-[O&D1&v2&H1&+0&!R:5]	Any;H2O2
1599_0	Any;O2;Any	[C&D3&v4&H0&+0&R&z0:1]1=[C&D2&v4&H1&+0&R&z1:2]-[N&D3&v3&H0&+0&R:3]-[C&D2&v4&H1&+0&R&z1:4]=[C&D2&v4&H1&+0&R&z0:5]-[C&D2&v4&H2&+0&R&z0:6]-1.[O&D1&v2&H0&+0&!R:7]=[O&D1&v2&H0&+0&!R:8].[c&D2&v4&H1&+0&R&z0:9]1:[c&D2&v4&H1&+0&R&z0:10]:[c&D2&v4&H1&+0&R&z0:11]:[c&D3&v4&H0&+0&R&z0:12]:[c&D3&v4&H0&+0&R&z0:13]:[c&D2&v4&H1&+0&R&z0:14]:1>>[O&D1&v2&H1&+0&!R:8]-[C&D3&v4&H1&+0&R&z1:9]1-[C&D2&v4&H1&+0&R&z0:10]=[C&D2&v4&H1&+0&R&z0:11]-[c&D3&v4&H0&+0&R&z0:12]:[c&D3&v4&H0&+0&R&z0:13]-[C&D3&v4&H1&+0&R&z1:14]-1-[O&D1&v2&H1&+0&!R:7].[c&D3&v4&H0&+0&R&z0:1]1:[c&D2&v4&H1&+0&R&z0:6]:[c&D2&v4&H1&+0&R&z0:5]:[c&D2&v4&H1&+0&R&z1:4]:[n&D3&v4&H0&+&R:3]:[c&D2&v4&H1&+0&R&z1:2]:1	Any;Any
1599_1	NADH_CoF;O2;Any	[C&D3&v4&H0&+0&R&z0:1]1=[C&D2&v4&H1&+0&R&z1:2]-[N&D3&v3&H0&+0&R:3]-[C&D2&v4&H1&+0&R&z1:4]=[C&D2&v4&H1&+0&R&z0:5]-[C&D2&v4&H2&+0&R&z0:6]-1.[O&D1&v2&H0&+0&!R:7]=[O&D1&v2&H0&+0&!R:8].[c&D2&v4&H1&+0&R&z0:9]1:[c&D2&v4&H1&+0&R&z0:10]:[c&D2&v4&H1&+0&R&z0:11]:[c&D3&v4&H0&+0&R&z0:12]:[c&D3&v4&H0&+0&R&z0:13]:[c&D2&v4&H1&+0&R&z0:14]:1>>[O&D1&v2&H1&+0&!R:8]-[C&D3&v4&H1&+0&R&z1:9]1-[C&D2&v4&H1&+0&R&z0:10]=[C&D2&v4&H1&+0&R&z0:11]-[c&D3&v4&H0&+0&R&z0:12]:[c&D3&v4&H0&+0&R&z0:13]-[C&D3&v4&H1&+0&R&z1:14]-1-[O&D1&v2&H1&+0&!R:7].[c&D3&v4&H0&+0&R&z0:1]1:[c&D2&v4&H1&+0&R&z0:6]:[c&D2&v4&H1&+0&R&z0:5]:[c&D2&v4&H1&+0&R&z1:4]:[n&D3&v4&H0&+&R:3]:[c&D2&v4&H1&+0&R&z1:2]:1	Any;NAD_CoF
137_0	Any;WATER	[C&D3&v4&H0&+0&R&z2:1](=[O&D1&v2&H0&+0&!R:2])-[N&D3&v3&H0&+0&R:3].[O&D0&v2&H2&+0&!R:4]>>([C&D3&v4&H0&+0&!R&z2:1](=[O&D1&v2&H0&+0&!R:2])-[O&D1&v2&H1&+0&!R:4].[N&D2&v3&H1&+0&!R:3])	Any
1272_0	Any	[O&D2&v2&H0&+0&R:1]-[C&D3&v4&H1&+0&R&z1:2]-[C&D3&v4&H1&+0&!R&z1:3]-[O&D1&v2&H1&+0&!R:4]>>([C&D2&v4&H1&+0&!R&z0:2]=[C&D2&v4&H1&+0&!R&z0:3].[O&D2&v2&H0&+0&!R:1]-[O&D1&v2&H1&+0&!R:4])	Any
1467_0	Any	[C&D3&v4&H1&+0&R&z1:1](-[C&D3&v4&H1&+0&!R&z1:2]-[C&D1&v4&H3&+0&!R&z0:3])-[C&D3&v4&H1&+0&R&z1:4]>>[C&D3&v4&H1&+0&R&z1:1](-[C&D1&v4&H3&+0&!R&z0:3])-[C&D3&v4&H1&+0&R&z1:2]-[C&D3&v4&H1&+0&R&z1:4]	Any
382_0	Any;Any	[O&D2&v2&H0&+0&!R:1]-[C&D2&v4&H2&+0&!R&z1:2].[S&D2&v2&H0&+0&!R:3]>>[O&D1&v2&H1&+0&!R:1].[S&D3&v3&H0&+&!R:3]-[C&D2&v4&H2&+0&!R&z1:2]	Any;Any
1660_0	Any;WATER;Any	[C&D2&v4&H2&+0&R&z0:1].[O&D0&v2&H2&+0&!R:2].[c&D3&v4&H0&+0&R&z0:3]1:[c&D2&v4&H1&+0&R&z0:4]:[c&D2&v4&H1&+0&R&z0:5]:[c&D2&v4&H1&+0&R&z1:6]:[n&D3&v4&H0&+&R:7]:[c&D2&v4&H1&+0&R&z1:8]:1>>[C&D3&v4&H0&+0&R&z0:3]1=[C&D2&v4&H1&+0&R&z1:8]-[N&D3&v3&H0&+0&R:7]-[C&D2&v4&H1&+0&R&z1:6]=[C&D2&v4&H1&+0&R&z0:5]-[C&D2&v4&H2&+0&R&z0:4]-1.[C&D3&v4&H1&+0&R&z1:1]-[O&D1&v2&H1&+0&!R:2]	Any;Any
1660_1	Any;WATER;NAD_CoF	[C&D2&v4&H2&+0&R&z0:1].[O&D0&v2&H2&+0&!R:2].[c&D3&v4&H0&+0&R&z0:3]1:[c&D2&v4&H1&+0&R&z0:4]:[c&D2&v4&H1&+0&R&z0:5]:[c&D2&v4&H1&+0&R&z1:6]:[n&D3&v4&H0&+&R:7]:[c&D2&v4&H1&+0&R&z1:8]:1>>[C&D3&v4&H0&+0&R&z0:3]1=[C&D2&v4&H1&+0&R&z1:8]-[N&D3&v3&H0&+0&R:7]-[C&D2&v4&H1&+0&R&z1:6]=[C&D2&v4&H1&+0&R&z0:5]-[C&D2&v4&H2&+0&R&z0:4]-1.[C&D3&v4&H1&+0&R&z1:1]-[O&D1&v2&H1&+0&!R:2]	NADH_CoF;Any
1757_0	Any;Any;Any	[C&D2&v4&H1&+0&!R&z2:1]-[O&D1&v2&H1&+0&!R:2].[N&D1&v3&H2&+0&!R:3].[P&D4&v5&H0&+0&!R:4]-[O&D2&v2&H0&+0&!R:5]>>[C&D2&v4&H1&+0&!R&z2:1]-[N&D2&v3&H1&+0&!R:3].[O&D1&v2&H1&+0&!R:5].[P&D4&v5&H0&+0&!R:4]-[O&D1&v2&H1&+0&!R:2]	Any;Pi;Any
1757_1	Any;FORMYL_ACCEPTOR_CoF;PHOSPHATE_DONOR_CoF	[C&D2&v4&H1&+0&!R&z2:1]-[O&D1&v2&H1&+0&!R:2].[N&D1&v3&H2&+0&!R:3].[P&D4&v5&H0&+0&!R:4]-[O&D2&v2&H0&+0&!R:5]>>[C&D2&v4&H1&+0&!R&z2:1]-[N&D2&v3&H1&+0&!R:3].[O&D1&v2&H1&+0&!R:5].[P&D4&v5&H0&+0&!R:4]-[O&D1&v2&H1&+0&!R:2]	FORMYL_DONOR_CoF;Pi;PHOSPHATE_ACCEPTOR_CoF
1139_0	Any;PPI	[C&D3&v4&H1&+0&R&z0:1](-[C&D3&v4&H1&+0&R&z0:2]-[C&D3&v4&H0&+0&R&z0:3]=[C&D2&v4&H1&+0&R&z0:4])-[C&D4&v4&H0&+0&R&z0:5]-[C&D2&v4&H2&+0&R&z0:6].[O&D1&v2&H1&+0&!R:7]>>([C&D2&v4&H2&+0&!R&z0:4]-[C&D3&v4&H0&+0&!R&z0:3]=[C&D2&v4&H1&+0&!R&z0:2].[C&D2&v4&H2&+0&!R&z1:1]-[O&D2&v2&H0&+0&!R:7].[C&D3&v4&H0&+0&!R&z0:5]=[C&D2&v4&H1&+0&!R&z0:6])	Any
2046_0	Any;Pi	[O&D1&v2&H0&+0&!R:1]=[C&D3&v4&H0&+0&R&z1:2]-[C&D2&v4&H2&+0&R&z0:3]-[C&D3&v4&H1&+0&R&z1:4].[O&D1&v2&H1&+0&!R:5]>>[O&D2&v2&H0&+0&!R:5]-[C&D2&v4&H2&+0&!R&z1:3]-[C&D3&v4&H1&+0&R&z1:2]-[O&D2&v2&H0&+0&R:1]-[C&D3&v4&H1&+0&R&z2:4]	Any
1747_0	WATER;CO2;Any	[O&D0&v2&H2&+0&!R:1].[O&D1&v2&H0&+0&!R:2]=[C&D2&v4&H0&+0&!R&z2:3].[c&D3&v4&H0&+0&R&z0:4]1:[c&D2&v4&H1&+0&R&z0:5]:[c&D2&v4&H1&+0&R&z0:6]:[c&D2&v4&H1&+0&R&z0:7]:[c&D2&v4&H1&+0&R&z0:8]:[c&D2&v4&H1&+0&R&z0:9]:1>>[C&D4&v4&H0&+0&R&z0:4]1(-[C&D3&v4&H0&+0&!R&z2:3]-[O&D1&v2&H1&+0&!R:2])-[C&D2&v4&H1&+0&R&z0:5]=[C&D2&v4&H1&+0&R&z0:6]-[C&D3&v4&H1&+0&R&z1:7](-[O&D1&v2&H1&+0&!R:1])-[C&D2&v4&H1&+0&R&z0:8]=[C&D2&v4&H1&+0&R&z0:9]-1	Any
524_0	Any	([C&D1&v4&H2&+0&!R&z0:1]=[C&D3&v4&H0&+0&R&z0:2]-[C&D2&v4&H2&+0&R&z0:3].[C&D3&v4&H0&+0&!R&z0:4](-[C&D1&v4&H3&+0&!R&z0:5])=[C&D2&v4&H1&+0&!R&z0:6]-[C&D2&v4&H2&+0&!R&z1:7]-[O&D2&v2&H0&+0&!R:8])>>[C&D1&v4&H3&+0&!R&z0:5]-[C&D3&v4&H1&+0&!R&z0:6](-[C&D1&v4&H3&+0&!R&z0:7])-[C&D3&v4&H0&+0&R&z0:4]=[C&D2&v4&H1&+0&R&z0:1]-[C&D3&v4&H0&+0&R&z0:2]=[C&D2&v4&H1&+0&R&z0:3].[O&D1&v2&H1&+0&!R:8]	Any;PPI
383_0	Any;Any	[S&D2&v2&H0&+0&!R:1].[c&D3&v4&H0&+0&R&z2:2](=[N&D1&v3&H1&+0&!R:3]):[n&D3&v3&H0&+0&R:4]-[C&D1&v4&H3&+0&!R&z1:5]>>[C&D1&v4&H3&+0&!R&z1:5]-[S&D3&v3&H0&+&!R:1].[c&D3&v4&H0&+0&R&z2:2](-[N&D1&v3&H2&+0&!R:3]):[n&D2&v3&H0&+0&R:4]	Any;Any
383_1	METHYL_ACCEPTOR_CoF;Any	[S&D2&v2&H0&+0&!R:1].[c&D3&v4&H0&+0&R&z2:2](=[N&D1&v3&H1&+0&!R:3]):[n&D3&v3&H0&+0&R:4]-[C&D1&v4&H3&+0&!R&z1:5]>>[C&D1&v4&H3&+0&!R&z1:5]-[S&D3&v3&H0&+&!R:1].[c&D3&v4&H0&+0&R&z2:2](-[N&D1&v3&H2&+0&!R:3]):[n&D2&v3&H0&+0&R:4]	METHYL_DONOR_CoF;Any
859_0	Any;CO2;Any	[C&D3&v4&H0&+0&!R&z2:1]-[O&D1&v2&H1&+0&!R:2].[O&D1&v2&H0&+0&!R:3]=[C&D2&v4&H0&+0&!R&z2:4].[c&D3&v4&H0&+0&R&z1:5]-[O&D1&v2&H1&+0&!R:6]>>[C&D3&v4&H0&+0&!R&z1:1]-[C&D3&v4&H0&+0&!R&z2:4]-[O&D1&v2&H1&+0&!R:3].[O&D1&v2&H0&+0&!R:6]=[O&D1&v2&H0&+0&!R:2].[c&D2&v4&H1&+0&R&z0:5]	Any;O2;Any
936_0	Any	([C&D3&v4&H0&+0&!R&z0:1](-[C&D1&v4&H3&+0&!R&z0:2])=[C&D2&v4&H1&+0&!R&z0:3]-[C&D2&v4&H2&+0&!R&z1:4]-[O&D2&v2&H0&+0&!R:5].[C&D3&v4&H0&+0&!R&z0:6]=[C&D2&v4&H1&+0&!R&z0:7])>>[C&D1&v4&H2&+0&!R&z0:2]=[C&D3&v4&H0&+0&R&z0:1]-[C&D2&v4&H1&+0&R&z0:3]=[C&D2&v4&H1&+0&R&z0:4]-[C&D4&v4&H0&+0&R&z0:6]-[C&D2&v4&H2&+0&R&z0:7].[O&D1&v2&H1&+0&!R:5]	Any;PPI
1529_0	Any;H2O2	[N&D1&v3&H1&+0&!R:1]=[C&D3&v4&H0&+0&!R&z1:2].[O&D1&v2&H1&+0&!R:3]-[O&D1&v2&H1&+0&!R:4]>>[N&D1&v3&H2&+0&!R:1]-[C&D3&v4&H1&+0&!R&z1:2].[O&D1&v2&H0&+0&!R:3]=[O&D1&v2&H0&+0&!R:4]	Any;O2
1633_0	Any;Any	[C&D3&v4&H1&+0&!R&z2:1]-[O&D1&v2&H1&+0&!R:2].[N&D1&v3&H2&+0&!R:3]>>[C&D3&v4&H1&+0&!R&z2:1]-[N&D2&v3&H1&+0&!R:3].[O&D0&v2&H2&+0&!R:2]	Any;WATER
1906_0	WATER;Any	[O&D0&v2&H2&+0&!R:1].[S&D4&v6&H0&+0&!R:2]-[N&D2&v3&H1&+0&!R:3]>>[N&D1&v3&H2&+0&!R:3].[S&D4&v6&H0&+0&!R:2]-[O&D1&v2&H1&+0&!R:1]	Any;SULFATE
512_0	Any;PPI	[C&D1&v4&H2&+0&!R&z0:1]=[C&D3&v4&H0&+0&R&z0:2]-[C&D2&v4&H1&+0&R&z0:3]=[C&D2&v4&H1&+0&R&z0:4]-[C&D4&v4&H0&+0&R&z0:5]-[C&D2&v4&H2&+0&R&z0:6].[O&D1&v2&H1&+0&!R:7]>>([C&D3&v4&H0&+0&!R&z0:2](-[C&D1&v4&H3&+0&!R&z0:1])=[C&D2&v4&H1&+0&!R&z0:3]-[C&D2&v4&H2&+0&!R&z1:4]-[O&D2&v2&H0&+0&!R:7].[C&D3&v4&H0&+0&!R&z0:5]=[C&D2&v4&H1&+0&!R&z0:6])	Any
1237_0	Any;WATER	[C&D2&v4&H1&+0&!R&z1:1]-[O&D2&v2&H0&+0&!R:2]-[C&D2&v4&H1&+0&!R&z1:3]=[C&D2&v4&H1&+0&!R&z0:4].[O&D0&v2&H2&+0&!R:5]>>[C&D2&v4&H1&+0&!R&z0:1]-[C&D3&v4&H1&+0&!R&z1:3](-[C&D2&v4&H2&+0&!R&z0:4])-[O&D2&v2&H0&+0&!R:2]-[O&D1&v2&H1&+0&!R:5]	Any
181_0	Any;WATER	[C&D2&v4&H1&+0&!R&z1:1]=[C&D2&v4&H1&+0&!R&z1:2]-[O&D2&v2&H0&+0&!R:3].[O&D0&v2&H2&+0&!R:4]>>[C&D2&v4&H2&+0&!R&z1:1]-[C&D2&v4&H1&+0&!R&z1:2]=[O&D1&v2&H0&+0&!R:4].[O&D1&v2&H1&+0&!R:3]	Any;Any
1685_0	H2O2;Any	[O&D1&v2&H1&+0&!R:1]-[O&D1&v2&H1&+0&!R:2].[c&D3&v4&H0&+0&R&z0:3]1:[c&D2&v4&H1&+0&R&z0:4]:[c&D2&v4&H1&+0&R&z0:5]:[c&D2&v4&H1&+0&R&z1:6]:[n&D3&v4&H0&+&R:7]:[c&D2&v4&H1&+0&R&z1:8]:1>>[C&D3&v4&H0&+0&R&z0:3]1=[C&D2&v4&H1&+0&R&z0:4]-[C&D2&v4&H1&+0&R&z0:5]=[C&D2&v4&H1&+0&R&z1:6]-[N&D3&v3&H0&+0&R:7]-[C&D2&v4&H2&+0&R&z1:8]-1.[O&D1&v2&H0&+0&!R:1]=[O&D1&v2&H0&+0&!R:2]	Any;O2
590_0	Any;Any;WATER	[C&D1&v4&H2&+0&!R&z1:1].[C&D1&v4&H2&+0&!R&z1:2]=[O&D1&v2&H0&+0&!R:3].[O&D0&v2&H2&+0&!R:4]>>[C&D1&v4&H3&+0&!R&z1:2]-[O&D1&v2&H1&+0&!R:3].[C&D2&v4&H1&+0&!R&z2:1]-[O&D1&v2&H1&+0&!R:4]	Any;Any
529_0	Any;WATER	([C&D1&v4&H2&+0&!R&z0:1]=[C&D3&v4&H0&+0&R&z0:2].[C&D2&v4&H1&+0&R&z0:3]=[C&D3&v4&H0&+0&R&z0:4]).[O&D0&v2&H2&+0&!R:5]>>[C&D4&v4&H0&+0&R&z0:4](-[C&D2&v4&H2&+0&R&z0:3])-[C&D2&v4&H2&+0&R&z0:1]-[C&D4&v4&H0&+0&R&z1:2]-[O&D1&v2&H1&+0&!R:5]	Any
355_0	Any;Any	[C&D1&v4&H2&+0&!R&z0:1]=[C&D3&v4&H0&+0&!R&z1:2]-[O&D2&v2&H0&+0&!R:3]-[P&D4&v5&H0&+0&!R:4]-[O&D1&v2&H1&+0&!R:5].[n&D2&v3&H1&+0&R:6]>>[C&D1&v4&H3&+0&!R&z0:1]-[C&D3&v4&H0&+0&!R&z1:2]=[O&D1&v2&H0&+0&!R:5].[n&D3&v3&H0&+0&R:6]-[P&D4&v5&H0&+0&!R:4]-[O&D1&v2&H1&+0&!R:3]	Any;Any
185_0	Any;Any;Any	[C&D2&v4&H1&+0&!R&z2:1].[S&D1&v2&H1&+0&!R:2].[c&D3&v4&H0&+0&R&z0:3]1:[c&D2&v4&H1&+0&R&z0:4]:[c&D2&v4&H1&+0&R&z0:5]:[c&D2&v4&H1&+0&R&z1:6]:[n&D3&v4&H0&+&R:7]:[c&D2&v4&H1&+0&R&z1:8]:1>>[C&D3&v4&H0&+0&R&z0:3]1=[C&D2&v4&H1&+0&R&z1:8]-[N&D3&v3&H0&+0&R:7]-[C&D2&v4&H1&+0&R&z1:6]=[C&D2&v4&H1&+0&R&z0:5]-[C&D2&v4&H2&+0&R&z0:4]-1.[S&D2&v2&H0&+0&!R:2]-[C&D3&v4&H0&+0&!R&z3:1]	Any;Any
185_1	Any;Any;NAD_CoF	[C&D2&v4&H1&+0&!R&z2:1].[S&D1&v2&H1&+0&!R:2].[c&D3&v4&H0&+0&R&z0:3]1:[c&D2&v4&H1&+0&R&z0:4]:[c&D2&v4&H1&+0&R&z0:5]:[c&D2&v4&H1&+0&R&z1:6]:[n&D3&v4&H0&+&R:7]:[c&D2&v4&H1&+0&R&z1:8]:1>>[C&D3&v4&H0&+0&R&z0:3]1=[C&D2&v4&H1&+0&R&z1:8]-[N&D3&v3&H0&+0&R:7]-[C&D2&v4&H1&+0&R&z1:6]=[C&D2&v4&H1&+0&R&z0:5]-[C&D2&v4&H2&+0&R&z0:4]-1.[S&D2&v2&H0&+0&!R:2]-[C&D3&v4&H0&+0&!R&z3:1]	NADH_CoF;Any
185_2	Any;CoA;Any	[C&D2&v4&H1&+0&!R&z2:1].[S&D1&v2&H1&+0&!R:2].[c&D3&v4&H0&+0&R&z0:3]1:[c&D2&v4&H1&+0&R&z0:4]:[c&D2&v4&H1&+0&R&z0:5]:[c&D2&v4&H1&+0&R&z1:6]:[n&D3&v4&H0&+&R:7]:[c&D2&v4&H1&+0&R&z1:8]:1>>[C&D3&v4&H0&+0&R&z0:3]1=[C&D2&v4&H1&+0&R&z1:8]-[N&D3&v3&H0&+0&R:7]-[C&D2&v4&H1&+0&R&z1:6]=[C&D2&v4&H1&+0&R&z0:5]-[C&D2&v4&H2&+0&R&z0:4]-1.[S&D2&v2&H0&+0&!R:2]-[C&D3&v4&H0&+0&!R&z3:1]	Any;Any
185_3	Any;CoA;NAD_CoF	[C&D2&v4&H1&+0&!R&z2:1].[S&D1&v2&H1&+0&!R:2].[c&D3&v4&H0&+0&R&z0:3]1:[c&D2&v4&H1&+0&R&z0:4]:[c&D2&v4&H1&+0&R&z0:5]:[c&D2&v4&H1&+0&R&z1:6]:[n&D3&v4&H0&+&R:7]:[c&D2&v4&H1&+0&R&z1:8]:1>>[C&D3&v4&H0&+0&R&z0:3]1=[C&D2&v4&H1&+0&R&z1:8]-[N&D3&v3&H0&+0&R:7]-[C&D2&v4&H1&+0&R&z1:6]=[C&D2&v4&H1&+0&R&z0:5]-[C&D2&v4&H2&+0&R&z0:4]-1.[S&D2&v2&H0&+0&!R:2]-[C&D3&v4&H0&+0&!R&z3:1]	NADH_CoF;Any
2001_0	Any	[C&D3&v4&H1&+0&!R&z0:1](-[C&D2&v4&H1&+0&!R&z0:2]=[C&D2&v4&H1&+0&!R&z0:3])-[C&D3&v4&H0&+0&!R&z2:4]-[O&D1&v2&H1&+0&!R:5]>>[C&D2&v4&H1&+0&!R&z0:1]=[C&D2&v4&H1&+0&!R&z0:2]-[C&D2&v4&H2&+0&!R&z0:3].[O&D1&v2&H0&+0&!R:5]=[C&D2&v4&H0&+0&!R&z2:4]	Any;CO2
574_0	Any	([C&D1&v4&H2&+0&!R&z0:1]=[C&D2&v4&H1&+0&!R&z0:2].[C&D3&v4&H0&+0&!R&z2:3](-[S&D1&v2&H1&+0&!R:4])=[N&D2&v3&H0&+0&!R:5]-[O&D2&v2&H0&+0&!R:6])>>([C&D3&v4&H1&+0&R&z1:2]1-[C&D2&v4&H2&+0&R&z1:1]-[S&D2&v2&H0&+0&R:4]-1.[N&D1&v3&H0&+0&!R:5]#[C&D2&v4&H0&+0&!R&z1:3]).[O&D1&v2&H1&+0&!R:6]	Any;SULFATE
1569_0	Any;Any	[C&D2&v4&H2&+0&R&z2:1]-[N&D3&v3&H0&+0&R:2].[C&D3&v4&H0&+0&R&z0:3]1=[C&D2&v4&H1&+0&R&z1:4]-[N&D3&v3&H0&+0&R:5]-[C&D2&v4&H1&+0&R&z1:6]=[C&D2&v4&H1&+0&R&z0:7]-[C&D2&v4&H2&+0&R&z0:8]-1>>([C&D1&v4&H3&+0&!R&z1:1].[N&D2&v3&H1&+0&!R:2]).[c&D3&v4&H0&+0&R&z0:3]1:[c&D2&v4&H1&+0&R&z0:8]:[c&D2&v4&H1&+0&R&z0:7]:[c&D2&v4&H1&+0&R&z1:6]:[n&D3&v4&H0&+&R:5]:[c&D2&v4&H1&+0&R&z1:4]:1	Any;Any
1569_1	Any;NADH_CoF	[C&D2&v4&H2&+0&R&z2:1]-[N&D3&v3&H0&+0&R:2].[C&D3&v4&H0&+0&R&z0:3]1=[C&D2&v4&H1&+0&R&z1:4]-[N&D3&v3&H0&+0&R:5]-[C&D2&v4&H1&+0&R&z1:6]=[C&D2&v4&H1&+0&R&z0:7]-[C&D2&v4&H2&+0&R&z0:8]-1>>([C&D1&v4&H3&+0&!R&z1:1].[N&D2&v3&H1&+0&!R:2]).[c&D3&v4&H0&+0&R&z0:3]1:[c&D2&v4&H1&+0&R&z0:8]:[c&D2&v4&H1&+0&R&z0:7]:[c&D2&v4&H1&+0&R&z1:6]:[n&D3&v4&H0&+&R:5]:[c&D2&v4&H1&+0&R&z1:4]:1	Any;NAD_CoF
1690_0	Any;WATER;Any	[N&D3&v3&H0&+0&!R:1]-[C&D2&v4&H1&+0&!R&z2:2].[O&D0&v2&H2&+0&!R:3].[c&D3&v4&H0&+0&R&z0:4]1:[c&D2&v4&H1&+0&R&z0:5]:[c&D2&v4&H1&+0&R&z0:6]:[c&D2&v4&H1&+0&R&z1:7]:[n&D3&v4&H0&+&R:8]:[c&D2&v4&H1&+0&R&z1:9]:1>>[C&D3&v4&H0&+0&R&z0:4]1=[C&D2&v4&H1&+0&R&z1:9]-[N&D3&v3&H0&+0&R:8]-[C&D2&v4&H1&+0&R&z1:7]=[C&D2&v4&H1&+0&R&z0:6]-[C&D2&v4&H2&+0&R&z0:5]-1.[N&D2&v3&H1&+0&!R:1].[O&D1&v2&H0&+0&!R:3]=[C&D2&v4&H0&+0&!R&z2:2]	Any;Any;CO2
1690_1	FORMYL_DONOR_CoF;WATER;NAD_CoF	[N&D3&v3&H0&+0&!R:1]-[C&D2&v4&H1&+0&!R&z2:2].[O&D0&v2&H2&+0&!R:3].[c&D3&v4&H0&+0&R&z0:4]1:[c&D2&v4&H1&+0&R&z0:5]:[c&D2&v4&H1&+0&R&z0:6]:[c&D2&v4&H1&+0&R&z1:7]:[n&D3&v4&H0&+&R:8]:[c&D2&v4&H1&+0&R&z1:9]:1>>[C&D3&v4&H0&+0&R&z0:4]1=[C&D2&v4&H1&+0&R&z1:9]-[N&D3&v3&H0&+0&R:8]-[C&D2&v4&H1&+0&R&z1:7]=[C&D2&v4&H1&+0&R&z0:6]-[C&D2&v4&H2&+0&R&z0:5]-1.[N&D2&v3&H1&+0&!R:1].[O&D1&v2&H0&+0&!R:3]=[C&D2&v4&H0&+0&!R&z2:2]	NADH_CoF;FORMYL_ACCEPTOR_CoF;CO2
2051_0	Any;H2O2	[C&D3&v4&H0&+0&R&z1:1]=[C&D3&v4&H0&+0&R&z1:2]-[O&D1&v2&H1&+0&!R:3].[O&D1&v2&H1&+0&!R:4]-[O&D1&v2&H1&+0&!R:5]>>[C&D3&v4&H1&+0&R&z1:1]-[C&D3&v4&H1&+0&R&z1:2]-[O&D1&v2&H1&+0&!R:3].[O&D1&v2&H0&+0&!R:4]=[O&D1&v2&H0&+0&!R:5]	Any;O2
2101_0	Any	[C&D4&v4&H0&+0&R&z2:1](-[O&D1&v2&H1&+0&!R:2])(-[O&D2&v2&H0&+0&R:3])-[C&D3&v4&H1&+0&R&z1:4]-[C&D3&v4&H1&+0&R&z1:5]-[O&D1&v2&H1&+0&!R:6]>>([O&D1&v2&H0&+0&!R:6]=[C&D2&v4&H1&+0&!R&z1:5].[O&D1&v2&H1&+0&!R:3]).[O&D1&v2&H0&+0&!R:2]=[C&D3&v4&H0&+0&!R&z1:1]-[C&D2&v4&H2&+0&!R&z1:4]	Any;Any
1370_0	Any;H2O2	[C&D3&v4&H1&+0&!R&z1:1](-[O&D1&v2&H1&+0&!R:2])-[C&D3&v4&H1&+0&!R&z1:3]-[O&D2&v2&H0&+0&!R:4]-[c&D3&v4&H0&+0&R&z1:5].[O&D1&v2&H1&+0&!R:6]-[O&D1&v2&H1&+0&!R:7]>>[C&D2&v4&H1&+0&!R&z1:1]=[O&D1&v2&H0&+0&!R:2].[O&D0&v2&H2&+0&!R:7].[O&D1&v2&H0&+0&!R:4]=[C&D2&v4&H1&+0&!R&z1:3].[c&D3&v4&H0&+0&R&z1:5]-[O&D1&v2&H1&+0&!R:6]	Any;WATER;Any;Any
677_0	Any;Pi	[C&D1&v4&H3&+0&!R&z0:1]-[C&D3&v4&H0&+0&!R&z1:2]=[O&D1&v2&H0&+0&!R:3].[P&D4&v5&H0&+0&!R:4](-[O&D1&v2&H1&+0&!R:5])-[O&D1&v2&H1&+0&!R:6]>>[C&D1&v4&H2&+0&!R&z0:1]=[C&D3&v4&H0&+0&!R&z1:2]-[O&D2&v2&H0&+0&!R:5]-[P&D4&v5&H0&+0&!R:4]-[O&D1&v2&H1&+0&!R:3].[O&D0&v2&H2&+0&!R:6]	Any;WATER
613_0	Any	[C&D3&v4&H0&+0&!R&z0:1](=[C&D2&v4&H1&+0&!R&z0:2]-[C&D2&v4&H1&+0&!R&z0:3]=[C&D3&v4&H0&+0&!R&z1:4]-[C&D3&v4&H0&+0&!R&z2:5]=[O&D1&v2&H0&+0&!R:6])-[C&D3&v4&H0&+0&!R&z1:7]=[O&D1&v2&H0&+0&!R:8]>>[O&D1&v2&H0&+0&!R:6]=[O&D1&v2&H0&+0&!R:8].[c&D3&v4&H0&+0&R&z0:1]1:[c&D2&v4&H1&+0&R&z0:2]:[c&D2&v4&H1&+0&R&z0:3]:[c&D3&v4&H0&+0&R&z1:4]:[c&D3&v4&H0&+0&R&z1:5]:[c&D3&v4&H0&+0&R&z0:7]:1	O2;Any
2133_0	Any	([O&D1&v2&H1&+0&!R:1]-[N&D2&v3&H1&+0&!R:2].[c&D2&v4&H1&+0&R&z0:3])>>([N&D1&v3&H2&+0&!R:2].[c&D3&v4&H0&+0&R&z1:3]-[O&D1&v2&H1&+0&!R:1])	Any
32_0	Any;NH3	[C&D3&v4&H1&+0&R&z1:1]-[N&D2&v3&H1&+0&R:2].[N&D0&v3&H3&+0&!R:3]>>([C&D3&v4&H1&+0&!R&z1:1]-[N&D1&v3&H2&+0&!R:3].[N&D1&v3&H2&+0&!R:2])	Any
1814_0	Any;WATER	[N&D3&v4&H0&+&R:1]=[C&D2&v4&H1&+0&R&z2:2]-[N&D3&v3&H0&+0&R:3].[O&D0&v2&H2&+0&!R:4]>>([N&D2&v3&H1&+0&!R:3].[N&D3&v3&H0&+0&R:1]-[C&D2&v4&H1&+0&!R&z2:2]=[O&D1&v2&H0&+0&!R:4])	Any
790_0	ACETYL-COA;Any	[C&D1&v4&H3&+0&!R&z0:1]-[C&D3&v4&H0&+0&!R&z2:2].[C&D2&v4&H1&+0&!R&z1:3]=[O&D1&v2&H0&+0&!R:4]>>[C&D2&v4&H1&+0&!R&z0:3]=[C&D2&v4&H1&+0&!R&z0:1]-[C&D3&v4&H0&+0&!R&z2:2].[O&D0&v2&H2&+0&!R:4]	Any;WATER
790_1	Any;Any	[C&D1&v4&H3&+0&!R&z0:1]-[C&D3&v4&H0&+0&!R&z2:2].[C&D2&v4&H1&+0&!R&z1:3]=[O&D1&v2&H0&+0&!R:4]>>[C&D2&v4&H1&+0&!R&z0:3]=[C&D2&v4&H1&+0&!R&z0:1]-[C&D3&v4&H0&+0&!R&z2:2].[O&D0&v2&H2&+0&!R:4]	Any;WATER
1872_0	Any;WATER	[C&D3&v4&H0&+0&R&z0:1]=[C&D2&v4&H1&+0&R&z0:2].[O&D0&v2&H2&+0&!R:3]>>[C&D2&v4&H2&+0&R&z0:2]-[C&D4&v4&H0&+0&R&z1:1]-[O&D1&v2&H1&+0&!R:3]	Any
345_0	Any;Any	[O&D1&v2&H1&+0&!R:1].[S&D2&v2&H0&+0&!R:2]-[C&D1&v4&H3&+0&!R&z1:3]>>[O&D2&v2&H0&+0&!R:1]-[C&D1&v4&H3&+0&!R&z1:3].[S&D1&v2&H1&+0&!R:2]	Any;Any
1808_0	Any;Any	[O&D1&v2&H0&+0&!R:1]=[C&D2&v4&H1&+0&!R&z2:2]-[O&D1&v2&H1&+0&!R:3].([O&D1&v2&H1&+0&!R:4].[c&D3&v4&H0&+0&R&z2:5]1:[c&D3&v4&H0&+0&R&z1:6]-[N&D2&v3&H0&+0&R:7]=[C&D3&v4&H0&+0&R&z1:8]-[C&D2&v4&H2&+0&R&z1:9]-[N&D2&v3&H1&+0&R:10]-1)>>[O&D0&v2&H2&+0&!R:1].[c&D3&v4&H0&+0&R&z2:5]1:[c&D3&v4&H0&+0&R&z1:6]:[n&D2&v3&H0&+0&R:7]:[c&D2&v4&H1&+0&R&z2:2]:[n&D3&v3&H0&+0&R:10]:1-[C&D3&v4&H1&+0&R&z2:9](-[O&D2&v2&H0&+0&R:4])-[C&D3&v4&H1&+0&R&z1:8]-[O&D1&v2&H1&+0&!R:3]	WATER;Any
997_0	Any;CO2	[C&D3&v4&H1&+0&!R&z1:1](-[O&D1&v2&H1&+0&!R:2])-[C&D3&v4&H0&+0&!R&z2:3]-[O&D1&v2&H1&+0&!R:4].[O&D1&v2&H0&+0&!R:5]=[C&D2&v4&H0&+0&!R&z2:6]>>[C&D2&v4&H2&+0&!R&z0:1]-[C&D3&v4&H0&+0&!R&z1:3]-[C&D3&v4&H0&+0&!R&z2:6]-[O&D1&v2&H1&+0&!R:5].[O&D1&v2&H0&+0&!R:2]=[O&D1&v2&H0&+0&!R:4]	Any;O2
431_0	Any;Any;O2	[C&D3&v4&H0&+0&R&z0:1]1=[C&D2&v4&H1&+0&R&z1:2]-[N&D3&v3&H0&+0&R:3]-[C&D2&v4&H1&+0&R&z1:4]=[C&D2&v4&H1&+0&R&z0:5]-[C&D2&v4&H2&+0&R&z0:6]-1.[C&D3&v4&H0&+0&R&z0:7]=[C&D3&v4&H0&+0&R&z1:8]-[O&D1&v2&H1&+0&!R:9].[O&D1&v2&H0&+0&!R:10]=[O&D1&v2&H0&+0&!R:11]>>[C&D4&v4&H0&+0&R&z1:7](-[O&D1&v2&H1&+0&!R:11])-[C&D3&v4&H0&+0&R&z1:8]=[O&D1&v2&H0&+0&!R:9].[O&D0&v2&H2&+0&!R:10].[c&D3&v4&H0&+0&R&z0:1]1:[c&D2&v4&H1&+0&R&z0:6]:[c&D2&v4&H1&+0&R&z0:5]:[c&D2&v4&H1&+0&R&z1:4]:[n&D3&v4&H0&+&R:3]:[c&D2&v4&H1&+0&R&z1:2]:1	Any;WATER;Any
431_1	NADH_CoF;Any;O2	[C&D3&v4&H0&+0&R&z0:1]1=[C&D2&v4&H1&+0&R&z1:2]-[N&D3&v3&H0&+0&R:3]-[C&D2&v4&H1&+0&R&z1:4]=[C&D2&v4&H1&+0&R&z0:5]-[C&D2&v4&H2&+0&R&z0:6]-1.[C&D3&v4&H0&+0&R&z0:7]=[C&D3&v4&H0&+0&R&z1:8]-[O&D1&v2&H1&+0&!R:9].[O&D1&v2&H0&+0&!R:10]=[O&D1&v2&H0&+0&!R:11]>>[C&D4&v4&H0&+0&R&z1:7](-[O&D1&v2&H1&+0&!R:11])-[C&D3&v4&H0&+0&R&z1:8]=[O&D1&v2&H0&+0&!R:9].[O&D0&v2&H2&+0&!R:10].[c&D3&v4&H0&+0&R&z0:1]1:[c&D2&v4&H1&+0&R&z0:6]:[c&D2&v4&H1&+0&R&z0:5]:[c&D2&v4&H1&+0&R&z1:4]:[n&D3&v4&H0&+&R:3]:[c&D2&v4&H1&+0&R&z1:2]:1	Any;WATER;NAD_CoF
1162_0	Any;WATER;Any	[C&D3&v4&H1&+0&R&z1:1]1-[C&D2&v4&H2&+0&R&z1:2]-[O&D2&v2&H0&+0&R:3]-1.[O&D0&v2&H2&+0&!R:4].[c&D3&v4&H0&+0&R&z0:5]1:[c&D2&v4&H1&+0&R&z0:6]:[c&D2&v4&H1&+0&R&z0:7]:[c&D2&v4&H1&+0&R&z1:8]:[n&D3&v4&H0&+&R:9]:[c&D2&v4&H1&+0&R&z1:10]:1>>[C&D1&v4&H2&+0&!R&z0:2]=[C&D2&v4&H1&+0&!R&z0:1].[C&D3&v4&H0&+0&R&z0:5]1=[C&D2&v4&H1&+0&R&z1:10]-[N&D3&v3&H0&+0&R:9]-[C&D2&v4&H1&+0&R&z1:8]=[C&D2&v4&H1&+0&R&z0:7]-[C&D2&v4&H2&+0&R&z0:6]-1.[O&D1&v2&H0&+0&!R:4]=[O&D1&v2&H0&+0&!R:3]	Any;Any;O2
1162_1	Any;WATER;NAD_CoF	[C&D3&v4&H1&+0&R&z1:1]1-[C&D2&v4&H2&+0&R&z1:2]-[O&D2&v2&H0&+0&R:3]-1.[O&D0&v2&H2&+0&!R:4].[c&D3&v4&H0&+0&R&z0:5]1:[c&D2&v4&H1&+0&R&z0:6]:[c&D2&v4&H1&+0&R&z0:7]:[c&D2&v4&H1&+0&R&z1:8]:[n&D3&v4&H0&+&R:9]:[c&D2&v4&H1&+0&R&z1:10]:1>>[C&D1&v4&H2&+0&!R&z0:2]=[C&D2&v4&H1&+0&!R&z0:1].[C&D3&v4&H0&+0&R&z0:5]1=[C&D2&v4&H1&+0&R&z1:10]-[N&D3&v3&H0&+0&R:9]-[C&D2&v4&H1&+0&R&z1:8]=[C&D2&v4&H1&+0&R&z0:7]-[C&D2&v4&H2&+0&R&z0:6]-1.[O&D1&v2&H0&+0&!R:4]=[O&D1&v2&H0&+0&!R:3]	Any;NADH_CoF;O2
1708_0	Any	[C&D3&v4&H1&+0&!R&z1:1](-[C&D2&v4&H1&+0&!R&z1:2]=[O&D1&v2&H0&+0&!R:3])-[C&D2&v4&H2&+0&!R&z0:4]>>[C&D2&v4&H2&+0&!R&z1:1]-[C&D3&v4&H0&+0&!R&z1:2](=[O&D1&v2&H0&+0&!R:3])-[C&D2&v4&H2&+0&!R&z0:4]	Any
2115_0	Any	[C&D3&v4&H1&+0&R&z1:1](-[C&D3&v4&H1&+0&!R&z1:2]-[C&D2&v4&H2&+0&!R&z1:3])-[C&D3&v4&H1&+0&R&z1:4]>>[C&D3&v4&H1&+0&R&z1:1](-[C&D2&v4&H2&+0&!R&z1:3])-[C&D3&v4&H1&+0&R&z1:2]-[C&D3&v4&H1&+0&R&z1:4]	Any
2118_0	Any	[C&D3&v4&H1&+0&R&z1:1](-[C&D2&v4&H2&+0&!R&z1:2])-[C&D3&v4&H1&+0&R&z1:3]-[C&D3&v4&H1&+0&R&z1:4]>>[C&D3&v4&H1&+0&R&z1:1](-[C&D3&v4&H1&+0&!R&z1:3]-[C&D2&v4&H2&+0&!R&z1:2])-[C&D3&v4&H1&+0&R&z1:4]	Any
572_0	Any	[C&D1&v4&H2&+0&!R&z0:1]=[C&D2&v4&H1&+0&!R&z0:2]-[C&D2&v4&H2&+0&!R&z0:3]>>[C&D1&v4&H3&+0&!R&z0:1]-[C&D2&v4&H1&+0&!R&z0:2]=[C&D2&v4&H1&+0&!R&z0:3]	Any
972_0	Any;PPI	[C&D3&v4&H1&+0&!R&z0:1]-[C&D3&v4&H0&+0&R&z0:2]=[C&D2&v4&H1&+0&R&z0:3]-[C&D2&v4&H1&+0&R&z0:4].[O&D1&v2&H1&+0&!R:5]>>([C&D2&v4&H1&+0&!R&z0:4]-[C&D2&v4&H2&+0&!R&z1:3]-[O&D2&v2&H0&+0&!R:5].[C&D3&v4&H0&+0&!R&z0:1]=[C&D2&v4&H1&+0&!R&z0:2])	Any
1811_0	Any	([C&D2&v4&H1&+0&!R&z2:1]=[O&D1&v2&H0&+0&!R:2].[N&D2&v3&H1&+0&R:3])>>[N&D3&v4&H0&+&R:3]=[C&D2&v4&H1&+0&R&z2:1].[O&D0&v2&H2&+0&!R:2]	Any;WATER
1489_0	Any;Any	[C&D2&v4&H0&+0&!R&z1:1]-[C&D2&v4&H2&+0&!R&z0:2].[S&D0&v2&H2&+0&!R:3]>>[C&D1&v4&H1&+0&!R&z1:1].[C&D2&v4&H2&+0&!R&z1:2]-[S&D1&v2&H1&+0&!R:3]	HCN;Any
1533_0	Any;Any	[C&D2&v4&H1&+0&!R&z0:1]=[C&D2&v4&H1&+0&!R&z0:2].[N&D1&v3&H2&+0&!R:3]>>[N&D2&v3&H1&+0&!R:3]-[C&D3&v4&H1&+0&!R&z1:2]-[C&D2&v4&H2&+0&!R&z0:1]	Any
1100_0	Any	[C&D1&v4&H3&+0&!R&z0:1]-[C&D3&v4&H1&+0&!R&z1:2](-[O&D1&v2&H1&+0&!R:3])-[C&D2&v4&H2&+0&!R&z0:4]-[C&D3&v4&H0&+0&!R&z1:5]=[O&D1&v2&H0&+0&!R:6]>>[C&D1&v4&H2&+0&!R&z0:1]=[C&D2&v4&H1&+0&!R&z0:2]-[C&D2&v4&H1&+0&!R&z0:4]=[C&D3&v4&H0&+0&!R&z1:5]-[O&D1&v2&H1&+0&!R:6].[O&D0&v2&H2&+0&!R:3]	Any;WATER
71_0	Any;NH3	[C&D3&v4&H0&+0&!R&z3:1]-[O&D1&v2&H1&+0&!R:2].[N&D0&v3&H3&+0&!R:3]>>[C&D3&v4&H0&+0&!R&z3:1]-[N&D1&v3&H2&+0&!R:3].[O&D0&v2&H2&+0&!R:2]	Any;WATER
71_1	CO3;NH3	[C&D3&v4&H0&+0&!R&z3:1]-[O&D1&v2&H1&+0&!R:2].[N&D0&v3&H3&+0&!R:3]>>[C&D3&v4&H0&+0&!R&z3:1]-[N&D1&v3&H2&+0&!R:3].[O&D0&v2&H2&+0&!R:2]	Any;WATER
1615_0	Any;Any;O2	[C&D2&v4&H2&+0&R&z0:1]-[C&D2&v4&H2&+0&R&z1:2].[C&D3&v4&H0&+0&R&z0:3]1=[C&D2&v4&H1&+0&R&z1:4]-[N&D3&v3&H0&+0&R:5]-[C&D2&v4&H1&+0&R&z1:6]=[C&D2&v4&H1&+0&R&z0:7]-[C&D2&v4&H2&+0&R&z0:8]-1.[O&D1&v2&H0&+0&!R:9]=[O&D1&v2&H0&+0&!R:10]>>[C&D2&v4&H1&+0&R&z0:1]=[C&D2&v4&H1&+0&R&z1:2].[O&D0&v2&H2&+0&!R:10].[O&D0&v2&H2&+0&!R:9].[c&D3&v4&H0&+0&R&z0:3]1:[c&D2&v4&H1&+0&R&z0:8]:[c&D2&v4&H1&+0&R&z0:7]:[c&D2&v4&H1&+0&R&z1:6]:[n&D3&v4&H0&+&R:5]:[c&D2&v4&H1&+0&R&z1:4]:1	Any;WATER;WATER;Any
1615_1	Any;NADH_CoF;O2	[C&D2&v4&H2&+0&R&z0:1]-[C&D2&v4&H2&+0&R&z1:2].[C&D3&v4&H0&+0&R&z0:3]1=[C&D2&v4&H1&+0&R&z1:4]-[N&D3&v3&H0&+0&R:5]-[C&D2&v4&H1&+0&R&z1:6]=[C&D2&v4&H1&+0&R&z0:7]-[C&D2&v4&H2&+0&R&z0:8]-1.[O&D1&v2&H0&+0&!R:9]=[O&D1&v2&H0&+0&!R:10]>>[C&D2&v4&H1&+0&R&z0:1]=[C&D2&v4&H1&+0&R&z1:2].[O&D0&v2&H2&+0&!R:10].[O&D0&v2&H2&+0&!R:9].[c&D3&v4&H0&+0&R&z0:3]1:[c&D2&v4&H1&+0&R&z0:8]:[c&D2&v4&H1&+0&R&z0:7]:[c&D2&v4&H1&+0&R&z1:6]:[n&D3&v4&H0&+&R:5]:[c&D2&v4&H1&+0&R&z1:4]:1	Any;WATER;WATER;NAD_CoF
949_0	Any	([C&D2&v4&H2&+0&!R&z0:1]-[C&D3&v4&H0&+0&!R&z0:2]=[C&D2&v4&H1&+0&!R&z0:3]-[C&D2&v4&H2&+0&!R&z1:4]-[O&D2&v2&H0&+0&!R:5].[C&D3&v4&H0&+0&!R&z0:6]=[C&D2&v4&H1&+0&!R&z0:7])>>[C&D4&v4&H0&+0&R&z0:6]1-[C&D3&v4&H1&+0&R&z0:7]-[C&D2&v4&H2&+0&R&z0:4]-[C&D3&v4&H1&+0&R&z0:3]2-[C&D3&v4&H1&+0&R&z0:1]-[C&D4&v4&H0&+0&R&z0:2]-1-2.[O&D1&v2&H1&+0&!R:5]	Any;PPI
2084_0	O2;Any	[O&D1&v2&H0&+0&!R:1]=[O&D1&v2&H0&+0&!R:2].[c&D3&v4&H0&+0&R&z1:3]1:[c&D2&v4&H1&+0&R&z0:4]:[c&D2&v4&H1&+0&R&z0:5]:[c&D3&v4&H0&+0&R&z1:6]:[c&D3&v4&H0&+0&R&z1:7]:[c&D3&v4&H0&+0&R&z1:8]:1>>[O&D1&v2&H0&+0&!R:1]=[C&D3&v4&H0&+0&!R&z2:3]-[C&D2&v4&H1&+0&!R&z0:4]=[C&D2&v4&H1&+0&!R&z0:5]-[C&D3&v4&H0&+0&!R&z1:6]=[C&D3&v4&H0&+0&!R&z1:7]-[C&D3&v4&H0&+0&!R&z2:8]=[O&D1&v2&H0&+0&!R:2]	Any
2105_0	Any;Any	[C&D3&v4&H1&+0&R&z2:1]-[O&D1&v2&H1&+0&!R:2].[c&D2&v4&H1&+0&R&z0:3]>>[O&D0&v2&H2&+0&!R:2].[c&D3&v4&H0&+0&R&z0:3]-[C&D3&v4&H1&+0&R&z1:1]	WATER;Any
946_0	Any	([C&D2&v4&H2&+0&!R&z0:1]-[C&D3&v4&H0&+0&!R&z0:2]=[C&D2&v4&H1&+0&!R&z0:3]-[C&D2&v4&H2&+0&!R&z1:4]-[O&D2&v2&H0&+0&!R:5].[C&D3&v4&H0&+0&!R&z0:6]=[C&D2&v4&H1&+0&!R&z0:7])>>[C&D3&v4&H1&+0&!R&z0:6]-[C&D4&v4&H0&+0&R&z0:7]1-[C&D3&v4&H1&+0&R&z0:3](-[C&D3&v4&H0&+0&R&z0:2]=[C&D2&v4&H1&+0&R&z0:1])-[C&D2&v4&H2&+0&R&z0:4]-1.[O&D1&v2&H1&+0&!R:5]	Any;PPI
2040_0	Any;Any	[C&D3&v4&H1&+0&R&z2:1]-[O&D2&v2&H0&+0&!R:2].[n&D2&v3&H0&+0&R:3]:[c&D3&v4&H0&+0&R&z1:4]-[C&D3&v4&H0&+0&!R&z2:5]-[O&D1&v2&H1&+0&!R:6]>>[O&D1&v2&H0&+0&!R:6]=[C&D2&v4&H0&+0&!R&z2:5].[O&D1&v2&H1&+0&!R:2].[n&D3&v4&H0&+&R:3](-[C&D3&v4&H1&+0&R&z2:1]):[c&D2&v4&H1&+0&R&z1:4]	CO2;PPI;Any
1413_0	Any;Any	[C&D2&v4&H2&+0&!R&z1:1]-[O&D1&v2&H1&+0&!R:2].[S&D2&v2&H0&+0&!R:3]>>[O&D0&v2&H2&+0&!R:2].[S&D3&v3&H0&+&!R:3]-[C&D2&v4&H2&+0&!R&z1:1]	WATER;Any
173_0	Any;Any	[C&D2&v4&H1&+0&!R&z1:1]=[C&D2&v4&H1&+0&!R&z0:2].[C&D3&v4&H0&+0&R&z0:3]1=[C&D2&v4&H1&+0&R&z1:4]-[N&D3&v3&H0&+0&R:5]-[C&D2&v4&H1&+0&R&z1:6]=[C&D2&v4&H1&+0&R&z0:7]-[C&D2&v4&H2&+0&R&z0:8]-1>>[C&D2&v4&H2&+0&!R&z1:1]-[C&D2&v4&H2&+0&!R&z0:2].[c&D3&v4&H0&+0&R&z0:3]1:[c&D2&v4&H1&+0&R&z0:8]:[c&D2&v4&H1&+0&R&z0:7]:[c&D2&v4&H1&+0&R&z1:6]:[n&D3&v4&H0&+&R:5]:[c&D2&v4&H1&+0&R&z1:4]:1	Any;Any
173_1	Any;NADH_CoF	[C&D2&v4&H1&+0&!R&z1:1]=[C&D2&v4&H1&+0&!R&z0:2].[C&D3&v4&H0&+0&R&z0:3]1=[C&D2&v4&H1&+0&R&z1:4]-[N&D3&v3&H0&+0&R:5]-[C&D2&v4&H1&+0&R&z1:6]=[C&D2&v4&H1&+0&R&z0:7]-[C&D2&v4&H2&+0&R&z0:8]-1>>[C&D2&v4&H2&+0&!R&z1:1]-[C&D2&v4&H2&+0&!R&z0:2].[c&D3&v4&H0&+0&R&z0:3]1:[c&D2&v4&H1&+0&R&z0:8]:[c&D2&v4&H1&+0&R&z0:7]:[c&D2&v4&H1&+0&R&z1:6]:[n&D3&v4&H0&+&R:5]:[c&D2&v4&H1&+0&R&z1:4]:1	Any;NAD_CoF
256_0	Any;NH3	[C&D2&v4&H2&+0&!R&z1:1]-[N&D2&v3&H1&+0&!R:2].[N&D0&v3&H3&+0&!R:3]>>[C&D2&v4&H2&+0&!R&z1:1]-[N&D1&v3&H2&+0&!R:3].[N&D1&v3&H2&+0&!R:2]	Any;Any
2044_0	Any	[C&D2&v4&H2&+0&R&z0:1]-[C&D4&v4&H0&+0&R&z1:2]-[O&D1&v2&H1&+0&!R:3]>>[C&D3&v4&H0&+0&R&z0:2]=[C&D2&v4&H1&+0&R&z0:1].[O&D0&v2&H2&+0&!R:3]	Any;WATER
969_0	Any	([C&D2&v4&H2&+0&!R&z1:1]-[O&D2&v2&H0&+0&!R:2].[C&D3&v4&H0&+0&!R&z0:3]=[C&D2&v4&H1&+0&!R&z0:4]-[C&D2&v4&H2&+0&!R&z0:5])>>[C&D2&v4&H2&+0&R&z0:1]-[C&D3&v4&H1&+0&R&z0:4]1-[C&D3&v4&H1&+0&R&z0:5]-[C&D4&v4&H0&+0&R&z0:3]-1.[O&D1&v2&H1&+0&!R:2]	Any;PPI
651_0	Any;Any;CO2;Any	[C&D3&v4&H0&+0&!R&z1:1]=[O&D1&v2&H0&+0&!R:2].[C&D3&v4&H0&+0&!R&z2:3]-[O&D1&v2&H1&+0&!R:4].[O&D1&v2&H0&+0&!R:5]=[C&D2&v4&H0&+0&!R&z2:6].[O&D1&v2&H1&+0&!R:7]>>[C&D3&v4&H0&+0&!R&z1:3]-[C&D3&v4&H0&+0&!R&z2:6]-[O&D1&v2&H1&+0&!R:5].[O&D1&v2&H0&+0&!R:4]=[O&D1&v2&H0&+0&!R:2].[O&D2&v2&H0&+0&!R:7]-[C&D3&v4&H1&+0&!R&z1:1]	Any;O2;Any
1342_0	Any;Any	[N&D1&v3&H2&+0&!R:1]-[C&D3&v4&H0&+0&!R&z3:2]=[O&D1&v2&H0&+0&!R:3].[N&D2&v3&H1&+0&!R:4]>>[N&D3&v3&H0&+0&!R:4]-[C&D3&v4&H0&+0&!R&z3:2]=[N&D1&v3&H1&+0&!R:1].[O&D0&v2&H2&+0&!R:3]	Any;WATER
716_0	ACETYL-COA;Any	[C&D1&v4&H3&+0&!R&z0:1].[C&D2&v4&H2&+0&!R&z0:2]-[C&D2&v4&H2&+0&!R&z0:3]>>[C&D1&v4&H3&+0&!R&z0:2].[C&D2&v4&H2&+0&!R&z0:3]-[C&D2&v4&H2&+0&!R&z0:1]	Any;Any
716_1	Any;Any	[C&D1&v4&H3&+0&!R&z0:1].[C&D2&v4&H2&+0&!R&z0:2]-[C&D2&v4&H2&+0&!R&z0:3]>>[C&D1&v4&H3&+0&!R&z0:2].[C&D2&v4&H2&+0&!R&z0:3]-[C&D2&v4&H2&+0&!R&z0:1]	ACETYL-COA;Any
716_2	Any;Any	[C&D1&v4&H3&+0&!R&z0:1].[C&D2&v4&H2&+0&!R&z0:2]-[C&D2&v4&H2&+0&!R&z0:3]>>[C&D1&v4&H3&+0&!R&z0:2].[C&D2&v4&H2&+0&!R&z0:3]-[C&D2&v4&H2&+0&!R&z0:1]	Any;Any
1358_0	Any;WATER	[C&D3&v4&H0&+0&!R&z1:1]=[O&D1&v2&H0&+0&!R:2].[O&D0&v2&H2&+0&!R:3]>>[C&D4&v4&H0&+0&!R&z2:1](-[O&D1&v2&H1&+0&!R:2])-[O&D1&v2&H1&+0&!R:3]	Any
1224_0	Any	[C&D2&v4&H1&+0&!R&z0:1]-[C&D2&v4&H1&+0&!R&z0:2]=[C&D2&v4&H1&+0&!R&z0:3]-[C&D2&v4&H2&+0&!R&z0:4]>>[C&D2&v4&H1&+0&!R&z0:1]-[C&D2&v4&H2&+0&!R&z0:2]-[C&D2&v4&H1&+0&!R&z0:3]=[C&D2&v4&H1&+0&!R&z0:4]	Any
526_0	Any;PPI	[C&D1&v4&H2&+0&!R&z0:1]=[C&D3&v4&H0&+0&R&z0:2]1-[C&D2&v4&H2&+0&R&z0:3]-[C&D2&v4&H2&+0&R&z0:4]-[C&D3&v4&H1&+0&R&z0:5]2-[C&D3&v4&H1&+0&R&z0:6](-[C&D3&v4&H1&+0&R&z0:7]-[C&D3&v4&H1&+0&!R&z0:8])-[C&D3&v4&H1&+0&R&z0:9]-1-[C&D4&v4&H0&+0&R&z0:10]-2.[O&D1&v2&H1&+0&!R:11]>>([C&D3&v4&H0&+0&!R&z0:8]=[C&D2&v4&H1&+0&!R&z0:7].[C&D3&v4&H0&+0&!R&z0:10]=[C&D2&v4&H1&+0&!R&z0:9]-[C&D2&v4&H2&+0&!R&z0:6]-[C&D2&v4&H2&+0&!R&z0:5]-[C&D3&v4&H0&+0&!R&z0:2](-[C&D1&v4&H3&+0&!R&z0:1])=[C&D2&v4&H1&+0&!R&z0:3]-[C&D2&v4&H2&+0&!R&z1:4]-[O&D2&v2&H0&+0&!R:11])	Any
1698_0	Any;Any	[n&D2&v3&H0&+0&R:1].[n&D3&v4&H0&+&R:2]-[C&D3&v4&H1&+0&R&z2:3]>>([n&D2&v3&H0&+0&R:2].[n&D3&v4&H0&+&R:1]-[C&D3&v4&H1&+0&R&z2:3])	Any
437_0	HCN;Any	[C&D1&v4&H1&+0&!R&z1:1].[C&D2&v4&H2&+0&!R&z1:2]-[S&D1&v2&H1&+0&!R:3]>>[C&D2&v4&H0&+0&!R&z1:1]-[C&D2&v4&H2&+0&!R&z0:2].[S&D0&v2&H2&+0&!R:3]	Any;Any
872_0	Any;O2;Any	[C&D3&v4&H0&+0&R&z0:1]1=[C&D2&v4&H1&+0&R&z1:2]-[N&D3&v3&H0&+0&R:3]-[C&D2&v4&H1&+0&R&z1:4]=[C&D2&v4&H1&+0&R&z0:5]-[C&D2&v4&H2&+0&R&z0:6]-1.[O&D1&v2&H0&+0&!R:7]=[O&D1&v2&H0&+0&!R:8].[c&D3&v4&H0&+0&R&z0:9]1:[c&D2&v4&H1&+0&R&z0:10]:[c&D2&v4&H1&+0&R&z0:11]:[c&D2&v4&H1&+0&R&z0:12]:[c&D2&v4&H1&+0&R&z0:13]:[c&D2&v4&H1&+0&R&z0:14]:1>>[C&D4&v4&H0&+0&R&z1:9]12-[C&D2&v4&H1&+0&R&z0:10]=[C&D2&v4&H1&+0&R&z0:11]-[C&D2&v4&H1&+0&R&z0:12]=[C&D2&v4&H1&+0&R&z0:13]-[C&D3&v4&H1&+0&R&z1:14]-1-[O&D2&v2&H0&+0&R:7]-2.[O&D0&v2&H2&+0&!R:8].[c&D3&v4&H0&+0&R&z0:1]1:[c&D2&v4&H1&+0&R&z0:6]:[c&D2&v4&H1&+0&R&z0:5]:[c&D2&v4&H1&+0&R&z1:4]:[n&D3&v4&H0&+&R:3]:[c&D2&v4&H1&+0&R&z1:2]:1	Any;WATER;Any
872_1	NADH_CoF;O2;Any	[C&D3&v4&H0&+0&R&z0:1]1=[C&D2&v4&H1&+0&R&z1:2]-[N&D3&v3&H0&+0&R:3]-[C&D2&v4&H1&+0&R&z1:4]=[C&D2&v4&H1&+0&R&z0:5]-[C&D2&v4&H2&+0&R&z0:6]-1.[O&D1&v2&H0&+0&!R:7]=[O&D1&v2&H0&+0&!R:8].[c&D3&v4&H0&+0&R&z0:9]1:[c&D2&v4&H1&+0&R&z0:10]:[c&D2&v4&H1&+0&R&z0:11]:[c&D2&v4&H1&+0&R&z0:12]:[c&D2&v4&H1&+0&R&z0:13]:[c&D2&v4&H1&+0&R&z0:14]:1>>[C&D4&v4&H0&+0&R&z1:9]12-[C&D2&v4&H1&+0&R&z0:10]=[C&D2&v4&H1&+0&R&z0:11]-[C&D2&v4&H1&+0&R&z0:12]=[C&D2&v4&H1&+0&R&z0:13]-[C&D3&v4&H1&+0&R&z1:14]-1-[O&D2&v2&H0&+0&R:7]-2.[O&D0&v2&H2&+0&!R:8].[c&D3&v4&H0&+0&R&z0:1]1:[c&D2&v4&H1&+0&R&z0:6]:[c&D2&v4&H1&+0&R&z0:5]:[c&D2&v4&H1&+0&R&z1:4]:[n&D3&v4&H0&+&R:3]:[c&D2&v4&H1&+0&R&z1:2]:1	Any;WATER;NAD_CoF
1911_0	Any;WATER	[C&D3&v4&H1&+0&R&z1:1](-[N&D2&v3&H1&+0&R:2])-[c&D3&v4&H0&+0&R&z0:3].[O&D0&v2&H2&+0&!R:4]>>([N&D1&v3&H2&+0&!R:2].[c&D2&v4&H1&+0&R&z0:3]).[O&D1&v2&H0&+0&!R:4]=[C&D2&v4&H1&+0&!R&z1:1]	Any;Any
1191_0	Any	[C&D2&v4&H1&+0&!R&z0:1]=[C&D2&v4&H1&+0&!R&z1:2]-[S&D2&v2&H0&+0&!R:3]>>[C&D2&v4&H2&+0&!R&z0:1]-[C&D2&v4&H1&+0&!R&z1:2]=[S&D2&v3&H0&+&!R:3]	Any
1721_0	Any;Any	[N&D1&v3&H2&+0&!R:1].[N&D1&v3&H2&+0&!R:2]-[C&D2&v4&H1&+0&!R&z2:3]=[O&D1&v2&H0&+0&!R:4]>>[N&D1&v3&H1&+0&!R:2]=[C&D2&v4&H1&+0&!R&z2:3]-[N&D2&v3&H1&+0&!R:1].[O&D0&v2&H2&+0&!R:4]	Any;WATER
618_0	Any;H2O2	[C&D3&v4&H0&+0&!R&z0:1]=[C&D2&v4&H1&+0&!R&z0:2].[O&D1&v2&H1&+0&!R:3]-[O&D1&v2&H1&+0&!R:4]>>[C&D3&v4&H1&+0&!R&z0:1]-[C&D2&v4&H2&+0&!R&z0:2].[O&D1&v2&H0&+0&!R:3]=[O&D1&v2&H0&+0&!R:4]	Any;O2
1481_0	Any;WATER	[C&D2&v4&H2&+0&!R&z1:1]-[n&D3&v4&H0&+&R:2].[O&D0&v2&H2&+0&!R:3]>>[C&D2&v4&H2&+0&!R&z1:1]-[O&D1&v2&H1&+0&!R:3].[n&D2&v3&H0&+0&R:2]	Any;Any
1674_0	Any;Any	[C&D2&v4&H1&+0&!R&z2:1]-[O&D1&v2&H1&+0&!R:2].[c&D3&v4&H0&+0&R&z0:3]1:[c&D2&v4&H1&+0&R&z0:4]:[c&D2&v4&H1&+0&R&z0:5]:[c&D2&v4&H1&+0&R&z1:6]:[n&D3&v4&H0&+&R:7]:[c&D2&v4&H1&+0&R&z1:8]:1>>[C&D3&v4&H0&+0&R&z0:3]1=[C&D2&v4&H1&+0&R&z1:8]-[N&D3&v3&H0&+0&R:7]-[C&D2&v4&H1&+0&R&z1:6]=[C&D2&v4&H1&+0&R&z0:5]-[C&D2&v4&H2&+0&R&z0:4]-1.[O&D1&v2&H0&+0&!R:2]=[C&D2&v4&H0&+0&!R&z2:1]	Any;CO2
1674_1	Any;NAD_CoF	[C&D2&v4&H1&+0&!R&z2:1]-[O&D1&v2&H1&+0&!R:2].[c&D3&v4&H0&+0&R&z0:3]1:[c&D2&v4&H1&+0&R&z0:4]:[c&D2&v4&H1&+0&R&z0:5]:[c&D2&v4&H1&+0&R&z1:6]:[n&D3&v4&H0&+&R:7]:[c&D2&v4&H1&+0&R&z1:8]:1>>[C&D3&v4&H0&+0&R&z0:3]1=[C&D2&v4&H1&+0&R&z1:8]-[N&D3&v3&H0&+0&R:7]-[C&D2&v4&H1&+0&R&z1:6]=[C&D2&v4&H1&+0&R&z0:5]-[C&D2&v4&H2&+0&R&z0:4]-1.[O&D1&v2&H0&+0&!R:2]=[C&D2&v4&H0&+0&!R&z2:1]	NADH_CoF;CO2
531_0	Any;PPI	[C&D1&v4&H2&+0&!R&z0:1]=[C&D3&v4&H0&+0&R&z0:2]-[C&D3&v4&H1&+0&R&z0:3](-[C&D4&v4&H0&+0&R&z0:4]-[C&D2&v4&H2&+0&R&z0:5])-[C&D2&v4&H2&+0&R&z0:6]-[C&D3&v4&H0&+0&R&z0:7].[O&D1&v2&H1&+0&!R:8]>>([C&D2&v4&H1&+0&!R&z0:7].[C&D3&v4&H0&+0&!R&z0:2](-[C&D1&v4&H3&+0&!R&z0:1])=[C&D2&v4&H1&+0&!R&z0:3]-[C&D2&v4&H2&+0&!R&z1:6]-[O&D2&v2&H0&+0&!R:8].[C&D3&v4&H0&+0&!R&z0:4]=[C&D2&v4&H1&+0&!R&z0:5])	Any
99_0	Any;Any	[C&D3&v4&H0&+0&!R&z3:1]-[S&D2&v2&H0&+0&!R:2].[C&D3&v4&H0&+0&R&z0:3]1=[C&D2&v4&H1&+0&R&z1:4]-[N&D3&v3&H0&+0&R:5]-[C&D2&v4&H1&+0&R&z1:6]=[C&D2&v4&H1&+0&R&z0:7]-[C&D2&v4&H2&+0&R&z0:8]-1>>[C&D2&v4&H1&+0&!R&z2:1].[S&D1&v2&H1&+0&!R:2].[c&D3&v4&H0&+0&R&z0:3]1:[c&D2&v4&H1&+0&R&z0:8]:[c&D2&v4&H1&+0&R&z0:7]:[c&D2&v4&H1&+0&R&z1:6]:[n&D3&v4&H0&+&R:5]:[c&D2&v4&H1&+0&R&z1:4]:1	Any;Any;Any
99_1	Any;Any	[C&D3&v4&H0&+0&!R&z3:1]-[S&D2&v2&H0&+0&!R:2].[C&D3&v4&H0&+0&R&z0:3]1=[C&D2&v4&H1&+0&R&z1:4]-[N&D3&v3&H0&+0&R:5]-[C&D2&v4&H1&+0&R&z1:6]=[C&D2&v4&H1&+0&R&z0:7]-[C&D2&v4&H2&+0&R&z0:8]-1>>[C&D2&v4&H1&+0&!R&z2:1].[S&D1&v2&H1&+0&!R:2].[c&D3&v4&H0&+0&R&z0:3]1:[c&D2&v4&H1&+0&R&z0:8]:[c&D2&v4&H1&+0&R&z0:7]:[c&D2&v4&H1&+0&R&z1:6]:[n&D3&v4&H0&+&R:5]:[c&D2&v4&H1&+0&R&z1:4]:1	Any;CoA;Any
99_2	Any;NADH_CoF	[C&D3&v4&H0&+0&!R&z3:1]-[S&D2&v2&H0&+0&!R:2].[C&D3&v4&H0&+0&R&z0:3]1=[C&D2&v4&H1&+0&R&z1:4]-[N&D3&v3&H0&+0&R:5]-[C&D2&v4&H1&+0&R&z1:6]=[C&D2&v4&H1&+0&R&z0:7]-[C&D2&v4&H2&+0&R&z0:8]-1>>[C&D2&v4&H1&+0&!R&z2:1].[S&D1&v2&H1&+0&!R:2].[c&D3&v4&H0&+0&R&z0:3]1:[c&D2&v4&H1&+0&R&z0:8]:[c&D2&v4&H1&+0&R&z0:7]:[c&D2&v4&H1&+0&R&z1:6]:[n&D3&v4&H0&+&R:5]:[c&D2&v4&H1&+0&R&z1:4]:1	Any;Any;NAD_CoF
99_3	Any;NADH_CoF	[C&D3&v4&H0&+0&!R&z3:1]-[S&D2&v2&H0&+0&!R:2].[C&D3&v4&H0&+0&R&z0:3]1=[C&D2&v4&H1&+0&R&z1:4]-[N&D3&v3&H0&+0&R:5]-[C&D2&v4&H1&+0&R&z1:6]=[C&D2&v4&H1&+0&R&z0:7]-[C&D2&v4&H2&+0&R&z0:8]-1>>[C&D2&v4&H1&+0&!R&z2:1].[S&D1&v2&H1&+0&!R:2].[c&D3&v4&H0&+0&R&z0:3]1:[c&D2&v4&H1&+0&R&z0:8]:[c&D2&v4&H1&+0&R&z0:7]:[c&D2&v4&H1&+0&R&z1:6]:[n&D3&v4&H0&+&R:5]:[c&D2&v4&H1&+0&R&z1:4]:1	Any;CoA;NAD_CoF
1024_0	Any;Any	[C&D3&v4&H1&+0&R&z0:1]-[C&D1&v4&H3&+0&!R&z0:2].[S&D2&v2&H0&+0&!R:3]>>[C&D1&v4&H3&+0&!R&z1:2]-[S&D3&v3&H0&+&!R:3].[C&D2&v4&H2&+0&R&z0:1]	Any;Any
1024_1	Any;METHYL_ACCEPTOR_CoF	[C&D3&v4&H1&+0&R&z0:1]-[C&D1&v4&H3&+0&!R&z0:2].[S&D2&v2&H0&+0&!R:3]>>[C&D1&v4&H3&+0&!R&z1:2]-[S&D3&v3&H0&+&!R:3].[C&D2&v4&H2&+0&R&z0:1]	METHYL_DONOR_CoF;Any
1136_0	Any;PPI	[C&D3&v4&H0&+0&R&z0:1]1=[C&D2&v4&H1&+0&R&z0:2]-[C&D3&v4&H1&+0&R&z0:3](-[C&D3&v4&H0&+0&R&z0:4]-[C&D2&v4&H2&+0&R&z0:5]-[C&D2&v4&H2&+0&R&z0:6]-1)-[C&D3&v4&H1&+0&R&z0:7]-[C&D3&v4&H1&+0&!R&z0:8].[O&D1&v2&H1&+0&!R:9]>>([C&D2&v4&H1&+0&!R&z0:4]-[C&D2&v4&H2&+0&!R&z0:3]-[C&D2&v4&H2&+0&!R&z0:2]-[C&D3&v4&H0&+0&!R&z0:1]=[C&D2&v4&H1&+0&!R&z0:6]-[C&D2&v4&H2&+0&!R&z1:5]-[O&D2&v2&H0&+0&!R:9].[C&D3&v4&H0&+0&!R&z0:8]=[C&D2&v4&H1&+0&!R&z0:7])	Any
973_0	Any;PPI	[C&D3&v4&H1&+0&!R&z0:1]-[C&D3&v4&H1&+0&R&z0:2]-[C&D2&v4&H1&+0&R&z0:3]=[C&D2&v4&H1&+0&R&z0:4]-[C&D3&v4&H0&+0&R&z0:5]=[C&D2&v4&H1&+0&R&z0:6].[O&D1&v2&H1&+0&!R:7]>>([C&D2&v4&H2&+0&!R&z0:6]-[C&D3&v4&H0&+0&!R&z0:5]=[C&D2&v4&H1&+0&!R&z0:4]-[C&D2&v4&H2&+0&!R&z1:3]-[O&D2&v2&H0&+0&!R:7].[C&D3&v4&H0&+0&!R&z0:1]=[C&D2&v4&H1&+0&!R&z0:2])	Any
557_0	Any;PPI	[C&D1&v4&H2&+0&!R&z0:1]=[C&D2&v4&H1&+0&!R&z0:2]-[C&D4&v4&H0&+0&R&z0:3]-[C&D2&v4&H2&+0&R&z0:4]-[C&D3&v4&H1&+0&R&z0:5]-[C&D3&v4&H0&+0&R&z0:6]=[C&D2&v4&H1&+0&R&z0:7].[O&D1&v2&H1&+0&!R:8]>>([C&D1&v4&H2&+0&!R&z0:4]=[C&D3&v4&H0&+0&R&z0:5]-[C&D3&v4&H1&+0&R&z0:6]-[C&D2&v4&H2&+0&!R&z0:7].[C&D3&v4&H0&+0&!R&z0:3]=[C&D2&v4&H1&+0&!R&z0:2]-[C&D2&v4&H2&+0&!R&z1:1]-[O&D2&v2&H0&+0&!R:8])	Any
1232_0	WATER;Any	[O&D0&v2&H2&+0&!R:1].[O&D2&v2&H0&+0&R:2]-[C&D3&v4&H0&+0&R&z1:3]>>([C&D2&v4&H1&+0&!R&z0:3].[O&D2&v2&H0&+0&!R:2]-[O&D1&v2&H1&+0&!R:1])	Any
1910_0	Any;WATER	[C&D2&v4&H2&+0&!R&z1:1]-[S&D4&v6&H0&+0&!R:2]=[O&D1&v2&H0&+0&!R:3].[O&D0&v2&H2&+0&!R:4]>>[C&D2&v4&H2&+0&!R&z1:1]-[O&D1&v2&H1&+0&!R:4].[S&D3&v4&H0&+0&!R:2]-[O&D1&v2&H1&+0&!R:3]	Any;SULFITE
443_0	Any	[C&D1&v4&H2&+0&!R&z0:1]=[C&D3&v4&H0&+0&!R&z0:2]-[C&D3&v4&H1&+0&!R&z0:3]>>[C&D1&v4&H3&+0&!R&z0:1]-[C&D3&v4&H0&+0&!R&z0:2]=[C&D3&v4&H0&+0&!R&z0:3]	Any
1313_0	Any;WATER;Any;Any	[N&D3&v3&H0&+0&!R:1].[O&D0&v2&H2&+0&!R:2].[O&D1&v2&H0&+0&!R:3]=[C&D2&v4&H1&+0&!R&z1:4].[c&D3&v4&H0&+0&R&z0:5]1:[c&D2&v4&H1&+0&R&z0:6]:[c&D2&v4&H1&+0&R&z0:7]:[c&D2&v4&H1&+0&R&z1:8]:[n&D3&v4&H0&+&R:9]:[c&D2&v4&H1&+0&R&z1:10]:1>>[C&D3&v4&H0&+0&R&z0:5]1=[C&D2&v4&H1&+0&R&z1:10]-[N&D3&v3&H0&+0&R:9]-[C&D2&v4&H1&+0&R&z1:8]=[C&D2&v4&H1&+0&R&z0:7]-[C&D2&v4&H2&+0&R&z0:6]-1.[N&D4&v4&H0&+&!R:1]-[C&D2&v4&H2&+0&!R&z1:4].[O&D1&v2&H0&+0&!R:2]=[O&D1&v2&H0&+0&!R:3]	Any;Any;O2
1313_1	Any;WATER;Any;NAD_CoF	[N&D3&v3&H0&+0&!R:1].[O&D0&v2&H2&+0&!R:2].[O&D1&v2&H0&+0&!R:3]=[C&D2&v4&H1&+0&!R&z1:4].[c&D3&v4&H0&+0&R&z0:5]1:[c&D2&v4&H1&+0&R&z0:6]:[c&D2&v4&H1&+0&R&z0:7]:[c&D2&v4&H1&+0&R&z1:8]:[n&D3&v4&H0&+&R:9]:[c&D2&v4&H1&+0&R&z1:10]:1>>[C&D3&v4&H0&+0&R&z0:5]1=[C&D2&v4&H1&+0&R&z1:10]-[N&D3&v3&H0&+0&R:9]-[C&D2&v4&H1&+0&R&z1:8]=[C&D2&v4&H1&+0&R&z0:7]-[C&D2&v4&H2&+0&R&z0:6]-1.[N&D4&v4&H0&+&!R:1]-[C&D2&v4&H2&+0&!R&z1:4].[O&D1&v2&H0&+0&!R:2]=[O&D1&v2&H0&+0&!R:3]	NADH_CoF;Any;O2
98_0	Any;Any;Any	[C&D3&v4&H0&+0&!R&z3:1](=[O&D1&v2&H0&+0&!R:2])-[S&D2&v2&H0&+0&!R:3].[C&D3&v4&H0&+0&R&z0:4]1=[C&D2&v4&H1&+0&R&z1:5]-[N&D3&v3&H0&+0&R:6]-[C&D2&v4&H1&+0&R&z1:7]=[C&D2&v4&H1&+0&R&z0:8]-[C&D2&v4&H2&+0&R&z0:9]-1.[C&D3&v4&H0&+0&R&z0:10]1=[C&D2&v4&H1&+0&R&z1:11]-[N&D3&v3&H0&+0&R:12]-[C&D2&v4&H1&+0&R&z1:13]=[C&D2&v4&H1&+0&R&z0:14]-[C&D2&v4&H2&+0&R&z0:15]-1>>[C&D2&v4&H2&+0&!R&z2:1]-[O&D1&v2&H1&+0&!R:2].[S&D1&v2&H1&+0&!R:3].[c&D3&v4&H0&+0&R&z0:10]1:[c&D2&v4&H1&+0&R&z0:15]:[c&D2&v4&H1&+0&R&z0:14]:[c&D2&v4&H1&+0&R&z1:13]:[n&D3&v4&H0&+&R:12]:[c&D2&v4&H1&+0&R&z1:11]:1.[c&D3&v4&H0&+0&R&z0:4]1:[c&D2&v4&H1&+0&R&z0:9]:[c&D2&v4&H1&+0&R&z0:8]:[c&D2&v4&H1&+0&R&z1:7]:[n&D3&v4&H0&+&R:6]:[c&D2&v4&H1&+0&R&z1:5]:1	Any;CoA;Any;Any
98_1	Any;NADH_CoF;NADH_CoF	[C&D3&v4&H0&+0&!R&z3:1](=[O&D1&v2&H0&+0&!R:2])-[S&D2&v2&H0&+0&!R:3].[C&D3&v4&H0&+0&R&z0:4]1=[C&D2&v4&H1&+0&R&z1:5]-[N&D3&v3&H0&+0&R:6]-[C&D2&v4&H1&+0&R&z1:7]=[C&D2&v4&H1&+0&R&z0:8]-[C&D2&v4&H2&+0&R&z0:9]-1.[C&D3&v4&H0&+0&R&z0:10]1=[C&D2&v4&H1&+0&R&z1:11]-[N&D3&v3&H0&+0&R:12]-[C&D2&v4&H1&+0&R&z1:13]=[C&D2&v4&H1&+0&R&z0:14]-[C&D2&v4&H2&+0&R&z0:15]-1>>[C&D2&v4&H2&+0&!R&z2:1]-[O&D1&v2&H1&+0&!R:2].[S&D1&v2&H1&+0&!R:3].[c&D3&v4&H0&+0&R&z0:10]1:[c&D2&v4&H1&+0&R&z0:15]:[c&D2&v4&H1&+0&R&z0:14]:[c&D2&v4&H1&+0&R&z1:13]:[n&D3&v4&H0&+&R:12]:[c&D2&v4&H1&+0&R&z1:11]:1.[c&D3&v4&H0&+0&R&z0:4]1:[c&D2&v4&H1&+0&R&z0:9]:[c&D2&v4&H1&+0&R&z0:8]:[c&D2&v4&H1&+0&R&z1:7]:[n&D3&v4&H0&+&R:6]:[c&D2&v4&H1&+0&R&z1:5]:1	Any;CoA;NAD_CoF;NAD_CoF
1523_0	NH3;Any	[N&D0&v3&H3&+0&!R:1].[c&D3&v4&H0&+0&R&z1:2]-[O&D1&v2&H1&+0&!R:3]>>[N&D1&v3&H2&+0&!R:1]-[c&D3&v4&H0&+0&R&z1:2].[O&D0&v2&H2&+0&!R:3]	Any;WATER
606_0	Any;NH3	[C&D3&v4&H0&+0&!R&z0:1]=[C&D2&v4&H1&+0&!R&z0:2].[N&D0&v3&H3&+0&!R:3]>>[C&D3&v4&H1&+0&!R&z0:1]-[C&D3&v4&H1&+0&!R&z1:2]-[N&D1&v3&H2&+0&!R:3]	Any
713_0	ACETYL-COA;Any	[C&D1&v4&H3&+0&!R&z0:1].[C&D3&v4&H0&+0&!R&z1:2]-[C&D2&v4&H2&+0&!R&z0:3]>>[C&D1&v4&H3&+0&!R&z0:3].[C&D3&v4&H0&+0&!R&z1:2]-[C&D2&v4&H2&+0&!R&z0:1]	Any;Any
713_1	Any;Any	[C&D1&v4&H3&+0&!R&z0:1].[C&D3&v4&H0&+0&!R&z1:2]-[C&D2&v4&H2&+0&!R&z0:3]>>[C&D1&v4&H3&+0&!R&z0:3].[C&D3&v4&H0&+0&!R&z1:2]-[C&D2&v4&H2&+0&!R&z0:1]	ACETYL-COA;Any
518_0	Any	([C&D1&v4&H2&+0&!R&z0:1]=[C&D3&v4&H0&+0&R&z0:2].[C&D3&v4&H0&+0&!R&z0:3](-[C&D1&v4&H3&+0&!R&z0:4])=[C&D2&v4&H1&+0&!R&z0:5]-[C&D2&v4&H2&+0&!R&z1:6]-[O&D2&v2&H0&+0&!R:7])>>[C&D1&v4&H2&+0&!R&z0:6]=[C&D3&v4&H0&+0&R&z0:5]1-[C&D2&v4&H2&+0&R&z0:1]-[C&D4&v4&H0&+0&R&z0:2]-[C&D2&v4&H2&+0&R&z0:4]-[C&D3&v4&H1&+0&R&z0:3]-1.[O&D1&v2&H1&+0&!R:7]	Any;PPI
920_0	Any	([C&D3&v4&H0&+0&!R&z0:1](-[C&D1&v4&H3&+0&!R&z0:2])=[C&D2&v4&H1&+0&!R&z0:3].[C&D3&v4&H0&+0&!R&z0:4]=[C&D2&v4&H1&+0&!R&z0:5].[C&D3&v4&H0&+0&!R&z0:6]=[C&D2&v4&H1&+0&!R&z0:7])>>[C&D1&v4&H2&+0&!R&z0:2]=[C&D3&v4&H0&+0&R&z0:1]-[C&D3&v4&H1&+0&R&z0:3]-[C&D4&v4&H0&+0&R&z0:6]-[C&D3&v4&H1&+0&R&z0:7]-[C&D4&v4&H0&+0&R&z0:4]-[C&D2&v4&H2&+0&R&z0:5]	Any
457_0	Any;WATER;Any	[C&D3&v4&H1&+0&R&z1:1]-[O&D2&v2&H0&+0&R:2]-[C&D3&v4&H0&+0&R&z2:3].[O&D0&v2&H2&+0&!R:4].[c&D3&v4&H0&+0&R&z0:5]1:[c&D2&v4&H1&+0&R&z0:6]:[c&D2&v4&H1&+0&R&z0:7]:[c&D2&v4&H1&+0&R&z1:8]:[n&D3&v4&H0&+&R:9]:[c&D2&v4&H1&+0&R&z1:10]:1>>[C&D3&v4&H0&+0&R&z0:5]1=[C&D2&v4&H1&+0&R&z1:10]-[N&D3&v3&H0&+0&R:9]-[C&D2&v4&H1&+0&R&z1:8]=[C&D2&v4&H1&+0&R&z0:7]-[C&D2&v4&H2&+0&R&z0:6]-1.[C&D3&v4&H1&+0&R&z0:1]-[C&D3&v4&H0&+0&R&z1:3].[O&D1&v2&H0&+0&!R:4]=[O&D1&v2&H0&+0&!R:2]	Any;Any;O2
457_1	Any;WATER;NAD_CoF	[C&D3&v4&H1&+0&R&z1:1]-[O&D2&v2&H0&+0&R:2]-[C&D3&v4&H0&+0&R&z2:3].[O&D0&v2&H2&+0&!R:4].[c&D3&v4&H0&+0&R&z0:5]1:[c&D2&v4&H1&+0&R&z0:6]:[c&D2&v4&H1&+0&R&z0:7]:[c&D2&v4&H1&+0&R&z1:8]:[n&D3&v4&H0&+&R:9]:[c&D2&v4&H1&+0&R&z1:10]:1>>[C&D3&v4&H0&+0&R&z0:5]1=[C&D2&v4&H1&+0&R&z1:10]-[N&D3&v3&H0&+0&R:9]-[C&D2&v4&H1&+0&R&z1:8]=[C&D2&v4&H1&+0&R&z0:7]-[C&D2&v4&H2&+0&R&z0:6]-1.[C&D3&v4&H1&+0&R&z0:1]-[C&D3&v4&H0&+0&R&z1:3].[O&D1&v2&H0&+0&!R:4]=[O&D1&v2&H0&+0&!R:2]	NADH_CoF;Any;O2
1043_0	Any	[C&D2&v4&H1&+0&!R&z0:1]-[C&D4&v4&H0&+0&R&z1:2]-[O&D2&v2&H0&+0&R:3]>>([C&D2&v4&H0&+0&!R&z0:1]=[C&D3&v4&H0&+0&R&z0:2].[O&D1&v2&H1&+0&!R:3])	Any
1168_0	Any;Any	[C&D3&v4&H0&+0&R&z0:1]1=[C&D2&v4&H1&+0&R&z1:2]-[N&D3&v3&H0&+0&R:3]-[C&D2&v4&H1&+0&R&z1:4]=[C&D2&v4&H1&+0&R&z0:5]-[C&D2&v4&H2&+0&R&z0:6]-1.[N&D3&v4&H0&+&R:7]=[C&D2&v4&H1&+0&R&z2:8]>>[N&D3&v3&H0&+0&R:7]-[C&D2&v4&H2&+0&R&z2:8].[c&D3&v4&H0&+0&R&z0:1]1:[c&D2&v4&H1&+0&R&z0:6]:[c&D2&v4&H1&+0&R&z0:5]:[c&D2&v4&H1&+0&R&z1:4]:[n&D3&v4&H0&+&R:3]:[c&D2&v4&H1&+0&R&z1:2]:1	Any;Any
1168_1	NADH_CoF;Any	[C&D3&v4&H0&+0&R&z0:1]1=[C&D2&v4&H1&+0&R&z1:2]-[N&D3&v3&H0&+0&R:3]-[C&D2&v4&H1&+0&R&z1:4]=[C&D2&v4&H1&+0&R&z0:5]-[C&D2&v4&H2&+0&R&z0:6]-1.[N&D3&v4&H0&+&R:7]=[C&D2&v4&H1&+0&R&z2:8]>>[N&D3&v3&H0&+0&R:7]-[C&D2&v4&H2&+0&R&z2:8].[c&D3&v4&H0&+0&R&z0:1]1:[c&D2&v4&H1&+0&R&z0:6]:[c&D2&v4&H1&+0&R&z0:5]:[c&D2&v4&H1&+0&R&z1:4]:[n&D3&v4&H0&+&R:3]:[c&D2&v4&H1&+0&R&z1:2]:1	Any;NAD_CoF
1221_0	Any;H2O2	[C&D2&v4&H1&+0&R&z0:1]=[C&D2&v4&H1&+0&R&z0:2].[O&D1&v2&H1&+0&!R:3]-[O&D1&v2&H1&+0&!R:4]>>[C&D2&v4&H2&+0&R&z0:1]-[C&D2&v4&H2&+0&R&z0:2].[O&D1&v2&H0&+0&!R:3]=[O&D1&v2&H0&+0&!R:4]	Any;O2
692_0	Any	[C&D3&v4&H0&+0&!R&z1:1]-[C&D3&v4&H1&+0&!R&z1:2]-[C&D3&v4&H0&+0&!R&z1:3]-[C&D2&v4&H2&+0&!R&z1:4]>>[C&D3&v4&H0&+0&!R&z1:1]-[C&D3&v4&H0&+0&!R&z1:3]-[C&D3&v4&H1&+0&!R&z1:2]-[C&D2&v4&H2&+0&!R&z1:4]	Any
154_0	Any;Any;CO2	[C&D2&v4&H2&+0&R&z0:1]-[C&D3&v4&H0&+0&R&z1:2]=[O&D1&v2&H0&+0&!R:3].[C&D3&v4&H0&+0&R&z0:4]1=[C&D2&v4&H1&+0&R&z1:5]-[N&D3&v3&H0&+0&R:6]-[C&D2&v4&H1&+0&R&z1:7]=[C&D2&v4&H1&+0&R&z0:8]-[C&D2&v4&H2&+0&R&z0:9]-1.[O&D1&v2&H0&+0&!R:10]=[C&D2&v4&H0&+0&!R&z2:11]>>[C&D3&v4&H1&+0&R&z0:1](-[C&D3&v4&H0&+0&!R&z2:11]-[O&D1&v2&H1&+0&!R:10])-[C&D3&v4&H1&+0&R&z1:2]-[O&D1&v2&H1&+0&!R:3].[c&D3&v4&H0&+0&R&z0:4]1:[c&D2&v4&H1&+0&R&z0:9]:[c&D2&v4&H1&+0&R&z0:8]:[c&D2&v4&H1&+0&R&z1:7]:[n&D3&v4&H0&+&R:6]:[c&D2&v4&H1&+0&R&z1:5]:1	Any;Any
154_1	Any;NADH_CoF;CO2	[C&D2&v4&H2&+0&R&z0:1]-[C&D3&v4&H0&+0&R&z1:2]=[O&D1&v2&H0&+0&!R:3].[C&D3&v4&H0&+0&R&z0:4]1=[C&D2&v4&H1&+0&R&z1:5]-[N&D3&v3&H0&+0&R:6]-[C&D2&v4&H1&+0&R&z1:7]=[C&D2&v4&H1&+0&R&z0:8]-[C&D2&v4&H2&+0&R&z0:9]-1.[O&D1&v2&H0&+0&!R:10]=[C&D2&v4&H0&+0&!R&z2:11]>>[C&D3&v4&H1&+0&R&z0:1](-[C&D3&v4&H0&+0&!R&z2:11]-[O&D1&v2&H1&+0&!R:10])-[C&D3&v4&H1&+0&R&z1:2]-[O&D1&v2&H1&+0&!R:3].[c&D3&v4&H0&+0&R&z0:4]1:[c&D2&v4&H1&+0&R&z0:9]:[c&D2&v4&H1&+0&R&z0:8]:[c&D2&v4&H1&+0&R&z1:7]:[n&D3&v4&H0&+&R:6]:[c&D2&v4&H1&+0&R&z1:5]:1	Any;NAD_CoF
579_0	Any;Any;Any	[C&D1&v4&H2&+0&!R&z0:1]=[C&D2&v4&H1&+0&!R&z0:2]-[C&D2&v4&H2&+0&!R&z0:3].[O&D1&v2&H1&+0&!R:4].[c&D3&v4&H0&+0&R&z0:5]1:[c&D2&v4&H1&+0&R&z0:6]:[c&D2&v4&H1&+0&R&z0:7]:[c&D2&v4&H1&+0&R&z1:8]:[n&D3&v4&H0&+&R:9]:[c&D2&v4&H1&+0&R&z1:10]:1>>[C&D2&v4&H1&+0&!R&z0:3]=[C&D2&v4&H1&+0&!R&z0:2]-[C&D2&v4&H2&+0&!R&z1:1]-[O&D2&v2&H0&+0&!R:4].[C&D3&v4&H0&+0&R&z0:5]1=[C&D2&v4&H1&+0&R&z1:10]-[N&D3&v3&H0&+0&R:9]-[C&D2&v4&H1&+0&R&z1:8]=[C&D2&v4&H1&+0&R&z0:7]-[C&D2&v4&H2&+0&R&z0:6]-1	Any;Any
579_1	Any;Any;NAD_CoF	[C&D1&v4&H2&+0&!R&z0:1]=[C&D2&v4&H1&+0&!R&z0:2]-[C&D2&v4&H2&+0&!R&z0:3].[O&D1&v2&H1&+0&!R:4].[c&D3&v4&H0&+0&R&z0:5]1:[c&D2&v4&H1&+0&R&z0:6]:[c&D2&v4&H1&+0&R&z0:7]:[c&D2&v4&H1&+0&R&z1:8]:[n&D3&v4&H0&+&R:9]:[c&D2&v4&H1&+0&R&z1:10]:1>>[C&D2&v4&H1&+0&!R&z0:3]=[C&D2&v4&H1&+0&!R&z0:2]-[C&D2&v4&H2&+0&!R&z1:1]-[O&D2&v2&H0&+0&!R:4].[C&D3&v4&H0&+0&R&z0:5]1=[C&D2&v4&H1&+0&R&z1:10]-[N&D3&v3&H0&+0&R:9]-[C&D2&v4&H1&+0&R&z1:8]=[C&D2&v4&H1&+0&R&z0:7]-[C&D2&v4&H2&+0&R&z0:6]-1	Any;NADH_CoF
1697_0	Any	([n&D2&v3&H0&+0&R:1].[n&D3&v4&H0&+&R:2]-[C&D3&v4&H1&+0&R&z2:3])>>[n&D2&v3&H0&+0&R:2].[n&D3&v4&H0&+&R:1]-[C&D3&v4&H1&+0&R&z2:3]	Any;Any
556_0	Any;PPI	[C&D1&v4&H2&+0&!R&z0:1]=[C&D2&v4&H1&+0&!R&z0:2]-[C&D4&v4&H0&+0&R&z0:3]-[C&D2&v4&H1&+0&R&z0:4].[O&D1&v2&H1&+0&!R:5]>>([C&D1&v4&H2&+0&!R&z0:4].[C&D3&v4&H0&+0&!R&z0:3]=[C&D2&v4&H1&+0&!R&z0:2]-[C&D2&v4&H2&+0&!R&z1:1]-[O&D2&v2&H0&+0&!R:5])	Any
1181_0	Any;Any;CO2	[C&D2&v4&H1&+0&!R&z0:1]=[C&D2&v4&H1&+0&!R&z0:2].[C&D3&v4&H0&+0&R&z0:3]1=[C&D2&v4&H1&+0&R&z1:4]-[N&D3&v3&H0&+0&R:5]-[C&D2&v4&H1&+0&R&z1:6]=[C&D2&v4&H1&+0&R&z0:7]-[C&D2&v4&H2&+0&R&z0:8]-1.[O&D1&v2&H0&+0&!R:9]=[C&D2&v4&H0&+0&!R&z2:10]>>[C&D2&v4&H2&+0&!R&z0:1]-[C&D3&v4&H1&+0&!R&z0:2]-[C&D3&v4&H0&+0&!R&z2:10]-[O&D1&v2&H1&+0&!R:9].[c&D3&v4&H0&+0&R&z0:3]1:[c&D2&v4&H1&+0&R&z0:8]:[c&D2&v4&H1&+0&R&z0:7]:[c&D2&v4&H1&+0&R&z1:6]:[n&D3&v4&H0&+&R:5]:[c&D2&v4&H1&+0&R&z1:4]:1	Any;Any
1181_1	Any;NADH_CoF;CO2	[C&D2&v4&H1&+0&!R&z0:1]=[C&D2&v4&H1&+0&!R&z0:2].[C&D3&v4&H0&+0&R&z0:3]1=[C&D2&v4&H1&+0&R&z1:4]-[N&D3&v3&H0&+0&R:5]-[C&D2&v4&H1&+0&R&z1:6]=[C&D2&v4&H1&+0&R&z0:7]-[C&D2&v4&H2&+0&R&z0:8]-1.[O&D1&v2&H0&+0&!R:9]=[C&D2&v4&H0&+0&!R&z2:10]>>[C&D2&v4&H2&+0&!R&z0:1]-[C&D3&v4&H1&+0&!R&z0:2]-[C&D3&v4&H0&+0&!R&z2:10]-[O&D1&v2&H1&+0&!R:9].[c&D3&v4&H0&+0&R&z0:3]1:[c&D2&v4&H1&+0&R&z0:8]:[c&D2&v4&H1&+0&R&z0:7]:[c&D2&v4&H1&+0&R&z1:6]:[n&D3&v4&H0&+&R:5]:[c&D2&v4&H1&+0&R&z1:4]:1	Any;NAD_CoF
179_0	Any;Any	[C&D2&v4&H1&+0&!R&z1:1]=[C&D2&v4&H1&+0&!R&z0:2]-[C&D2&v4&H1&+0&!R&z1:3].[C&D3&v4&H0&+0&R&z0:4]1=[C&D2&v4&H1&+0&R&z1:5]-[N&D3&v3&H0&+0&R:6]-[C&D2&v4&H1&+0&R&z1:7]=[C&D2&v4&H1&+0&R&z0:8]-[C&D2&v4&H2&+0&R&z0:9]-1>>[C&D2&v4&H2&+0&!R&z1:1]-[C&D2&v4&H2&+0&!R&z0:2]-[C&D2&v4&H1&+0&!R&z1:3].[c&D3&v4&H0&+0&R&z0:4]1:[c&D2&v4&H1&+0&R&z0:9]:[c&D2&v4&H1&+0&R&z0:8]:[c&D2&v4&H1&+0&R&z1:7]:[n&D3&v4&H0&+&R:6]:[c&D2&v4&H1&+0&R&z1:5]:1	Any;Any
179_1	Any;NADH_CoF	[C&D2&v4&H1&+0&!R&z1:1]=[C&D2&v4&H1&+0&!R&z0:2]-[C&D2&v4&H1&+0&!R&z1:3].[C&D3&v4&H0&+0&R&z0:4]1=[C&D2&v4&H1&+0&R&z1:5]-[N&D3&v3&H0&+0&R:6]-[C&D2&v4&H1&+0&R&z1:7]=[C&D2&v4&H1&+0&R&z0:8]-[C&D2&v4&H2&+0&R&z0:9]-1>>[C&D2&v4&H2&+0&!R&z1:1]-[C&D2&v4&H2&+0&!R&z0:2]-[C&D2&v4&H1&+0&!R&z1:3].[c&D3&v4&H0&+0&R&z0:4]1:[c&D2&v4&H1&+0&R&z0:9]:[c&D2&v4&H1&+0&R&z0:8]:[c&D2&v4&H1&+0&R&z1:7]:[n&D3&v4&H0&+&R:6]:[c&D2&v4&H1&+0&R&z1:5]:1	Any;NAD_CoF
2122_0	Any	([O&D1&v2&H1&+0&!R:1]-[C&D3&v4&H1&+0&R&z1:2].[O&D2&v2&H0&+0&R:3]-[C&D3&v4&H1&+0&R&z2:4]-[O&D1&v2&H1&+0&!R:5])>>([C&D2&v4&H2&+0&!R&z1:4]-[O&D1&v2&H1&+0&!R:5].[O&D1&v2&H0&+0&!R:1]=[C&D3&v4&H0&+0&!R&z1:2].[O&D1&v2&H1&+0&!R:3])	Any
918_0	Any;WATER	([C&D2&v4&H2&+0&!R&z1:1]-[O&D2&v2&H0&+0&!R:2].[C&D3&v4&H0&+0&!R&z0:3]=[C&D2&v4&H1&+0&!R&z0:4]).[O&D0&v2&H2&+0&!R:5]>>[C&D2&v4&H2&+0&R&z0:1]-[C&D4&v4&H0&+0&R&z0:3]-[C&D3&v4&H1&+0&R&z1:4]-[O&D1&v2&H1&+0&!R:5].[O&D1&v2&H1&+0&!R:2]	Any;PPI
1951_0	Any	[C&D3&v4&H1&+0&!R&z1:1](-[O&D1&v2&H1&+0&!R:2])-[C&D3&v4&H1&+0&!R&z0:3]-[C&D2&v4&H2&+0&!R&z1:4]>>[C&D2&v4&H2&+0&!R&z0:1]-[C&D3&v4&H0&+0&!R&z0:3]=[C&D2&v4&H1&+0&!R&z1:4].[O&D0&v2&H2&+0&!R:2]	Any;WATER
620_0	Any;PPI	([C&D3&v4&H1&+0&R&z0:1](-[C&D3&v4&H0&+0&R&z0:2]=[C&D2&v4&H1&+0&R&z0:3])-[C&D4&v4&H0&+0&R&z0:4]-[C&D3&v4&H1&+0&R&z0:5]-[C&D4&v4&H0&+0&R&z0:6]-[C&D2&v4&H2&+0&R&z0:7].[O&D1&v2&H1&+0&!R:8]).[P&D4&v5&H0&+0&!R:9]-[O&D1&v2&H1&+0&!R:10]>>([C&D2&v4&H2&+0&!R&z0:3]-[C&D3&v4&H0&+0&!R&z0:2]=[C&D2&v4&H1&+0&!R&z0:1].[C&D3&v4&H0&+0&!R&z0:6]=[C&D2&v4&H1&+0&!R&z0:7].[C&D3&v4&H0&+0&!R&z0:4]=[C&D2&v4&H1&+0&!R&z0:5].[O&D2&v2&H0&+0&!R:8]-[P&D4&v5&H0&+0&!R:9]).[O&D0&v2&H2&+0&!R:10]	Any;WATER
823_0	Any	[C&D3&v4&H1&+0&!R&z0:1]-[C&D4&v4&H0&+0&R&z1:2]-[O&D1&v2&H1&+0&!R:3]>>[C&D3&v4&H0&+0&!R&z0:1]=[C&D3&v4&H0&+0&R&z0:2].[O&D0&v2&H2&+0&!R:3]	Any;WATER
1046_0	Any;O2;O2	([C&D2&v4&H1&+0&!R&z0:1]=[C&D2&v4&H1&+0&!R&z0:2].[C&D2&v4&H1&+0&!R&z0:3]=[C&D2&v4&H1&+0&!R&z0:4]).[O&D1&v2&H0&+0&!R:5]=[O&D1&v2&H0&+0&!R:6].[O&D1&v2&H0&+0&!R:7]=[O&D1&v2&H0&+0&!R:8]>>[C&D2&v4&H1&+0&!R&z1:2]=[O&D1&v2&H0&+0&!R:7].[C&D2&v4&H1&+0&!R&z1:4]=[O&D1&v2&H0&+0&!R:8].([C&D2&v4&H1&+0&!R&z1:1]=[O&D1&v2&H0&+0&!R:5].[C&D2&v4&H1&+0&!R&z1:3]=[O&D1&v2&H0&+0&!R:6])	Any;Any;Any
542_0	Any;WATER;WATER;Any	[C&D1&v4&H2&+0&!R&z0:1]=[C&D2&v4&H1&+0&!R&z0:2].[O&D0&v2&H2&+0&!R:3].[O&D0&v2&H2&+0&!R:4].[c&D3&v4&H0&+0&R&z0:5]1:[c&D2&v4&H1&+0&R&z0:6]:[c&D2&v4&H1&+0&R&z0:7]:[c&D2&v4&H1&+0&R&z1:8]:[n&D3&v4&H0&+&R:9]:[c&D2&v4&H1&+0&R&z1:10]:1>>[C&D1&v4&H3&+0&!R&z0:1]-[C&D2&v4&H2&+0&!R&z0:2].[C&D3&v4&H0&+0&R&z0:5]1=[C&D2&v4&H1&+0&R&z1:10]-[N&D3&v3&H0&+0&R:9]-[C&D2&v4&H1&+0&R&z1:8]=[C&D2&v4&H1&+0&R&z0:7]-[C&D2&v4&H2&+0&R&z0:6]-1.[O&D1&v2&H0&+0&!R:4]=[O&D1&v2&H0&+0&!R:3]	Any;Any;O2
542_1	Any;WATER;WATER;NAD_CoF	[C&D1&v4&H2&+0&!R&z0:1]=[C&D2&v4&H1&+0&!R&z0:2].[O&D0&v2&H2&+0&!R:3].[O&D0&v2&H2&+0&!R:4].[c&D3&v4&H0&+0&R&z0:5]1:[c&D2&v4&H1&+0&R&z0:6]:[c&D2&v4&H1&+0&R&z0:7]:[c&D2&v4&H1&+0&R&z1:8]:[n&D3&v4&H0&+&R:9]:[c&D2&v4&H1&+0&R&z1:10]:1>>[C&D1&v4&H3&+0&!R&z0:1]-[C&D2&v4&H2&+0&!R&z0:2].[C&D3&v4&H0&+0&R&z0:5]1=[C&D2&v4&H1&+0&R&z1:10]-[N&D3&v3&H0&+0&R:9]-[C&D2&v4&H1&+0&R&z1:8]=[C&D2&v4&H1&+0&R&z0:7]-[C&D2&v4&H2&+0&R&z0:6]-1.[O&D1&v2&H0&+0&!R:4]=[O&D1&v2&H0&+0&!R:3]	Any;NADH_CoF;O2
1801_0	CO3;Any;Any	[C&D3&v4&H0&+0&!R&z3:1]-[O&D1&v2&H1&+0&!R:2].[N&D1&v3&H2&+0&!R:3].[P&D4&v5&H0&+0&!R:4]-[O&D2&v2&H0&+0&!R:5]>>[C&D3&v4&H0&+0&!R&z3:1]-[N&D2&v3&H1&+0&!R:3].[O&D1&v2&H1&+0&!R:5].[P&D4&v5&H0&+0&!R:4]-[O&D1&v2&H1&+0&!R:2]	Any;Pi;Any
1801_1	CO3;Any;PHOSPHATE_DONOR_CoF	[C&D3&v4&H0&+0&!R&z3:1]-[O&D1&v2&H1&+0&!R:2].[N&D1&v3&H2&+0&!R:3].[P&D4&v5&H0&+0&!R:4]-[O&D2&v2&H0&+0&!R:5]>>[C&D3&v4&H0&+0&!R&z3:1]-[N&D2&v3&H1&+0&!R:3].[O&D1&v2&H1&+0&!R:5].[P&D4&v5&H0&+0&!R:4]-[O&D1&v2&H1&+0&!R:2]	Any;Pi;PHOSPHATE_ACCEPTOR_CoF
1984_0	Any	[O&D1&v2&H0&+0&!R:1]=[C&D3&v4&H0&+0&!R&z2:2]-[C&D2&v4&H1&+0&!R&z0:3]=[C&D2&v4&H1&+0&!R&z0:4]-[C&D3&v4&H0&+0&!R&z1:5](=[O&D1&v2&H0&+0&!R:6])-[C&D2&v4&H2&+0&!R&z0:7]-[C&D3&v4&H0&+0&!R&z1:8]=[O&D1&v2&H0&+0&!R:9]>>[O&D1&v2&H0&+0&!R:1]=[O&D1&v2&H0&+0&!R:9].[c&D3&v4&H0&+0&R&z0:8]1:[c&D2&v4&H1&+0&R&z0:7]:[c&D3&v4&H0&+0&R&z1:5](-[O&D1&v2&H1&+0&!R:6]):[c&D2&v4&H1&+0&R&z0:4]:[c&D2&v4&H1&+0&R&z0:3]:[c&D3&v4&H0&+0&R&z1:2]:1	O2;Any
187_0	Any;NH3;H2O2	[C&D2&v4&H1&+0&!R&z2:1]=[O&D1&v2&H0&+0&!R:2].[N&D0&v3&H3&+0&!R:3].[O&D1&v2&H1&+0&!R:4]-[O&D1&v2&H1&+0&!R:5]>>[C&D2&v4&H2&+0&!R&z2:1]-[N&D1&v3&H2&+0&!R:3].[O&D0&v2&H2&+0&!R:2].[O&D1&v2&H0&+0&!R:4]=[O&D1&v2&H0&+0&!R:5]	Any;WATER;O2
3_0	H2O2;Any	[O&D1&v2&H1&+0&!R:1]-[O&D1&v2&H1&+0&!R:2].[S&D2&v2&H0&+0&!R:3]-[S&D2&v2&H0&+0&!R:4]>>[O&D1&v2&H0&+0&!R:1]=[O&D1&v2&H0&+0&!R:2].[S&D1&v2&H1&+0&!R:3].[S&D1&v2&H1&+0&!R:4]	O2;Any;Any
1972_0	Any	[C&D3&v4&H1&+0&R&z1:1](-[N&D2&v3&H1&+0&R:2])-[C&D3&v4&H1&+0&R&z1:3]-[O&D1&v2&H1&+0&!R:4]>>[C&D3&v4&H0&+0&R&z1:1](=[N&D2&v3&H0&+0&R:2])-[C&D2&v4&H2&+0&R&z0:3].[O&D0&v2&H2&+0&!R:4]	Any;WATER
213_0	Any;SULFATE	[C&D2&v4&H2&+0&!R&z2:1]-[O&D1&v2&H1&+0&!R:2].[O&D1&v2&H1&+0&!R:3]>>[C&D2&v4&H2&+0&!R&z2:1]-[O&D2&v2&H0&+0&!R:3].[O&D0&v2&H2&+0&!R:2]	Any;WATER
510_0	Any;PPI	[C&D1&v4&H2&+0&!R&z0:1]=[C&D3&v4&H0&+0&R&z0:2]-[C&D2&v4&H1&+0&R&z0:3]=[C&D3&v4&H0&+0&R&z0:4](-[C&D3&v4&H1&+0&R&z0:5]-[C&D3&v4&H1&+0&!R&z0:6])-[C&D3&v4&H1&+0&R&z0:7]-[C&D3&v4&H1&+0&R&z0:8].[O&D1&v2&H1&+0&!R:9]>>([C&D3&v4&H0&+0&!R&z0:2](-[C&D1&v4&H3&+0&!R&z0:1])=[C&D2&v4&H1&+0&!R&z0:3]-[C&D2&v4&H2&+0&!R&z1:4]-[O&D2&v2&H0&+0&!R:9].[C&D3&v4&H0&+0&!R&z0:6]=[C&D2&v4&H1&+0&!R&z0:5].[C&D3&v4&H0&+0&!R&z0:8]=[C&D2&v4&H1&+0&!R&z0:7])	Any
1527_0	Any;NH3	[C&D2&v4&H1&+0&!R&z2:1]-[O&D1&v2&H1&+0&!R:2].[N&D0&v3&H3&+0&!R:3]>>[N&D1&v3&H2&+0&!R:3]-[C&D2&v4&H1&+0&!R&z2:1].[O&D0&v2&H2&+0&!R:2]	Any;WATER
953_0	Any	([C&D2&v4&H2&+0&!R&z0:1]-[C&D3&v4&H0&+0&!R&z0:2]=[C&D2&v4&H1&+0&!R&z0:3].[C&D2&v4&H2&+0&!R&z1:4]-[O&D2&v2&H0&+0&!R:5].[C&D3&v4&H0&+0&!R&z0:6]=[C&D2&v4&H1&+0&!R&z0:7])>>[C&D3&v4&H1&+0&R&z0:4](-[C&D3&v4&H1&+0&R&z0:3]-[C&D3&v4&H0&+0&R&z0:2]=[C&D2&v4&H1&+0&R&z0:1])-[C&D3&v4&H1&+0&R&z0:7]-[C&D3&v4&H1&+0&!R&z0:6].[O&D1&v2&H1&+0&!R:5]	Any;PPI
1692_0	Any;WATER;CO2;Any	[C&D3&v4&H0&+0&!R&z2:1]-[O&D1&v2&H1&+0&!R:2].[O&D0&v2&H2&+0&!R:3].[O&D1&v2&H0&+0&!R:4]=[C&D2&v4&H0&+0&!R&z2:5].[c&D3&v4&H0&+0&R&z0:6]1:[c&D2&v4&H1&+0&R&z0:7]:[c&D2&v4&H1&+0&R&z0:8]:[c&D2&v4&H1&+0&R&z1:9]:[n&D3&v4&H0&+&R:10]:[c&D2&v4&H1&+0&R&z1:11]:1>>[C&D3&v4&H0&+0&!R&z2:5](-[O&D1&v2&H1&+0&!R:4])-[C&D3&v4&H0&+0&!R&z1:1].[C&D3&v4&H0&+0&R&z0:6]1=[C&D2&v4&H1&+0&R&z1:11]-[N&D3&v3&H0&+0&R:10]-[C&D2&v4&H1&+0&R&z1:9]=[C&D2&v4&H1&+0&R&z0:8]-[C&D2&v4&H2&+0&R&z0:7]-1.[O&D1&v2&H0&+0&!R:3]=[O&D1&v2&H0&+0&!R:2]	Any;Any;O2
1692_1	Any;WATER;CO2;NAD_CoF	[C&D3&v4&H0&+0&!R&z2:1]-[O&D1&v2&H1&+0&!R:2].[O&D0&v2&H2&+0&!R:3].[O&D1&v2&H0&+0&!R:4]=[C&D2&v4&H0&+0&!R&z2:5].[c&D3&v4&H0&+0&R&z0:6]1:[c&D2&v4&H1&+0&R&z0:7]:[c&D2&v4&H1&+0&R&z0:8]:[c&D2&v4&H1&+0&R&z1:9]:[n&D3&v4&H0&+&R:10]:[c&D2&v4&H1&+0&R&z1:11]:1>>[C&D3&v4&H0&+0&!R&z2:5](-[O&D1&v2&H1&+0&!R:4])-[C&D3&v4&H0&+0&!R&z1:1].[C&D3&v4&H0&+0&R&z0:6]1=[C&D2&v4&H1&+0&R&z1:11]-[N&D3&v3&H0&+0&R:10]-[C&D2&v4&H1&+0&R&z1:9]=[C&D2&v4&H1&+0&R&z0:8]-[C&D2&v4&H2&+0&R&z0:7]-1.[O&D1&v2&H0&+0&!R:3]=[O&D1&v2&H0&+0&!R:2]	Any;NADH_CoF;O2
214_0	Any;Any;O2	[C&D2&v4&H2&+0&!R&z2:1]-[O&D2&v2&H0&+0&!R:2].[C&D3&v4&H0&+0&!R&z1:3]-[C&D3&v4&H0&+0&!R&z2:4]-[O&D1&v2&H1&+0&!R:5].[O&D1&v2&H0&+0&!R:6]=[O&D1&v2&H0&+0&!R:7]>>[C&D2&v4&H1&+0&!R&z2:1]=[O&D1&v2&H0&+0&!R:7].[C&D3&v4&H0&+0&!R&z2:3]-[O&D1&v2&H1&+0&!R:6].[O&D1&v2&H0&+0&!R:5]=[C&D2&v4&H0&+0&!R&z2:4].[O&D1&v2&H1&+0&!R:2]	Any;Any;CO2;SULFATE
1567_0	Any;Any;O2	[C&D3&v4&H0&+0&R&z0:1]1=[C&D2&v4&H1&+0&R&z1:2]-[N&D3&v3&H0&+0&R:3]-[C&D2&v4&H1&+0&R&z1:4]=[C&D2&v4&H1&+0&R&z0:5]-[C&D2&v4&H2&+0&R&z0:6]-1.[N&D1&v3&H2&+0&!R:7]-[c&D3&v4&H0&+0&R&z1:8]:[c&D2&v4&H1&+0&R&z0:9].[O&D1&v2&H0&+0&!R:10]=[O&D1&v2&H0&+0&!R:11]>>[N&D0&v3&H3&+0&!R:7].[c&D3&v4&H0&+0&R&z0:1]1:[c&D2&v4&H1&+0&R&z0:6]:[c&D2&v4&H1&+0&R&z0:5]:[c&D2&v4&H1&+0&R&z1:4]:[n&D3&v4&H0&+&R:3]:[c&D2&v4&H1&+0&R&z1:2]:1.[c&D3&v4&H0&+0&R&z1:9](-[O&D1&v2&H1&+0&!R:10]):[c&D3&v4&H0&+0&R&z1:8]-[O&D1&v2&H1&+0&!R:11]	NH3;Any;Any
1567_1	NADH_CoF;Any;O2	[C&D3&v4&H0&+0&R&z0:1]1=[C&D2&v4&H1&+0&R&z1:2]-[N&D3&v3&H0&+0&R:3]-[C&D2&v4&H1&+0&R&z1:4]=[C&D2&v4&H1&+0&R&z0:5]-[C&D2&v4&H2&+0&R&z0:6]-1.[N&D1&v3&H2&+0&!R:7]-[c&D3&v4&H0&+0&R&z1:8]:[c&D2&v4&H1&+0&R&z0:9].[O&D1&v2&H0&+0&!R:10]=[O&D1&v2&H0&+0&!R:11]>>[N&D0&v3&H3&+0&!R:7].[c&D3&v4&H0&+0&R&z0:1]1:[c&D2&v4&H1&+0&R&z0:6]:[c&D2&v4&H1&+0&R&z0:5]:[c&D2&v4&H1&+0&R&z1:4]:[n&D3&v4&H0&+&R:3]:[c&D2&v4&H1&+0&R&z1:2]:1.[c&D3&v4&H0&+0&R&z1:9](-[O&D1&v2&H1&+0&!R:10]):[c&D3&v4&H0&+0&R&z1:8]-[O&D1&v2&H1&+0&!R:11]	NH3;NAD_CoF;Any
1774_0	Any;Any	([C&D3&v4&H0&+0&!R&z2:1]-[O&D1&v2&H1&+0&!R:2].[N&D1&v3&H2&+0&!R:3]).[P&D4&v5&H0&+0&!R:4]-[O&D2&v2&H0&+0&!R:5]>>[N&D2&v3&H1&+0&R:3]-[C&D3&v4&H0&+0&R&z2:1].[O&D1&v2&H1&+0&!R:5].[P&D4&v5&H0&+0&!R:4]-[O&D1&v2&H1&+0&!R:2]	Any;PPI;Any
1774_1	Any;PYROPHOSPHATE_DONOR_CoF	([C&D3&v4&H0&+0&!R&z2:1]-[O&D1&v2&H1&+0&!R:2].[N&D1&v3&H2&+0&!R:3]).[P&D4&v5&H0&+0&!R:4]-[O&D2&v2&H0&+0&!R:5]>>[N&D2&v3&H1&+0&R:3]-[C&D3&v4&H0&+0&R&z2:1].[O&D1&v2&H1&+0&!R:5].[P&D4&v5&H0&+0&!R:4]-[O&D1&v2&H1&+0&!R:2]	Any;PPI;PYROPHOSPHATE_ACCEPTOR_CoF
1940_0	Any	[C&D3&v4&H0&+0&!R&z1:1](=[O&D1&v2&H0&+0&!R:2])-[C&D2&v4&H2&+0&!R&z1:3]-[P&D4&v5&H0&+0&!R:4]-[O&D1&v2&H1&+0&!R:5]>>[C&D1&v4&H2&+0&!R&z0:3]=[C&D3&v4&H0&+0&!R&z1:1]-[O&D2&v2&H0&+0&!R:5]-[P&D4&v5&H0&+0&!R:4]-[O&D1&v2&H1&+0&!R:2]	Any
1279_0	Any	([C&D2&v4&H2&+0&!R&z0:1].[O&D2&v2&H0&+0&!R:2]-[O&D1&v2&H1&+0&!R:3])>>([C&D3&v4&H1&+0&!R&z1:1]-[O&D1&v2&H1&+0&!R:3].[O&D1&v2&H1&+0&!R:2])	Any
1650_0	AMINO_CoF;AMINO_CoF;NAD_CoF	[C&D3&v4&H0&+0&!R&z2:1]-[O&D1&v2&H1&+0&!R:2].[N&D1&v3&H2&+0&!R:3]-[C&D3&v4&H1&+0&!R&z1:4].[c&D3&v4&H0&+0&R&z0:5]1:[c&D2&v4&H1&+0&R&z0:6]:[c&D2&v4&H1&+0&R&z0:7]:[c&D2&v4&H1&+0&R&z1:8]:[n&D3&v4&H0&+&R:9]:[c&D2&v4&H1&+0&R&z1:10]:1>>[C&D3&v4&H0&+0&!R&z1:4]=[O&D1&v2&H0&+0&!R:2].[C&D3&v4&H0&+0&R&z0:5]1=[C&D2&v4&H1&+0&R&z1:10]-[N&D3&v3&H0&+0&R:9]-[C&D2&v4&H1&+0&R&z1:8]=[C&D2&v4&H1&+0&R&z0:7]-[C&D2&v4&H2&+0&R&z0:6]-1.[N&D1&v3&H2&+0&!R:3]-[C&D3&v4&H0&+0&!R&z2:1]	CARBONYL_CoF;NADH_CoF;Any
1650_1	Any;Any;Any	[C&D3&v4&H0&+0&!R&z2:1]-[O&D1&v2&H1&+0&!R:2].[N&D1&v3&H2&+0&!R:3]-[C&D3&v4&H1&+0&!R&z1:4].[c&D3&v4&H0&+0&R&z0:5]1:[c&D2&v4&H1&+0&R&z0:6]:[c&D2&v4&H1&+0&R&z0:7]:[c&D2&v4&H1&+0&R&z1:8]:[n&D3&v4&H0&+&R:9]:[c&D2&v4&H1&+0&R&z1:10]:1>>[C&D3&v4&H0&+0&!R&z1:4]=[O&D1&v2&H0&+0&!R:2].[C&D3&v4&H0&+0&R&z0:5]1=[C&D2&v4&H1&+0&R&z1:10]-[N&D3&v3&H0&+0&R:9]-[C&D2&v4&H1&+0&R&z1:8]=[C&D2&v4&H1&+0&R&z0:7]-[C&D2&v4&H2&+0&R&z0:6]-1.[N&D1&v3&H2&+0&!R:3]-[C&D3&v4&H0&+0&!R&z2:1]	Any;Any;Any
188_0	Any;Any	[C&D2&v4&H1&+0&!R&z2:1]=[O&D1&v2&H0&+0&!R:2].[C&D3&v4&H0&+0&R&z0:3]1=[C&D2&v4&H1&+0&R&z1:4]-[N&D3&v3&H0&+0&R:5]-[C&D2&v4&H1&+0&R&z1:6]=[C&D2&v4&H1&+0&R&z0:7]-[C&D2&v4&H2&+0&R&z0:8]-1>>[C&D2&v4&H2&+0&!R&z2:1]-[O&D1&v2&H1&+0&!R:2].[c&D3&v4&H0&+0&R&z0:3]1:[c&D2&v4&H1&+0&R&z0:8]:[c&D2&v4&H1&+0&R&z0:7]:[c&D2&v4&H1&+0&R&z1:6]:[n&D3&v4&H0&+&R:5]:[c&D2&v4&H1&+0&R&z1:4]:1	Any;Any
188_1	Any;NADH_CoF	[C&D2&v4&H1&+0&!R&z2:1]=[O&D1&v2&H0&+0&!R:2].[C&D3&v4&H0&+0&R&z0:3]1=[C&D2&v4&H1&+0&R&z1:4]-[N&D3&v3&H0&+0&R:5]-[C&D2&v4&H1&+0&R&z1:6]=[C&D2&v4&H1&+0&R&z0:7]-[C&D2&v4&H2&+0&R&z0:8]-1>>[C&D2&v4&H2&+0&!R&z2:1]-[O&D1&v2&H1&+0&!R:2].[c&D3&v4&H0&+0&R&z0:3]1:[c&D2&v4&H1&+0&R&z0:8]:[c&D2&v4&H1&+0&R&z0:7]:[c&D2&v4&H1&+0&R&z1:6]:[n&D3&v4&H0&+&R:5]:[c&D2&v4&H1&+0&R&z1:4]:1	Any;NAD_CoF
1112_0	Any;WATER;Any	[C&D4&v4&H0&+0&!R&z1:1]-[O&D1&v2&H1&+0&!R:2].[O&D0&v2&H2&+0&!R:3].[P&D4&v5&H0&+0&!R:4]-[O&D2&v2&H0&+0&!R:5]>>[C&D4&v4&H0&+0&!R&z1:1]-[O&D1&v2&H1&+0&!R:3].[O&D1&v2&H1&+0&!R:5].[P&D4&v5&H0&+0&!R:4]-[O&D1&v2&H1&+0&!R:2]	Any;Pi;Any
1112_1	Any;WATER;PHOSPHATE_DONOR_CoF	[C&D4&v4&H0&+0&!R&z1:1]-[O&D1&v2&H1&+0&!R:2].[O&D0&v2&H2&+0&!R:3].[P&D4&v5&H0&+0&!R:4]-[O&D2&v2&H0&+0&!R:5]>>[C&D4&v4&H0&+0&!R&z1:1]-[O&D1&v2&H1&+0&!R:3].[O&D1&v2&H1&+0&!R:5].[P&D4&v5&H0&+0&!R:4]-[O&D1&v2&H1&+0&!R:2]	Any;Pi;PHOSPHATE_ACCEPTOR_CoF
504_0	Any;Any;O2	[C&D2&v4&H2&+0&R&z0:1].[C&D3&v4&H0&+0&R&z0:2]1=[C&D2&v4&H1&+0&R&z1:3]-[N&D3&v3&H0&+0&R:4]-[C&D2&v4&H1&+0&R&z1:5]=[C&D2&v4&H1&+0&R&z0:6]-[C&D2&v4&H2&+0&R&z0:7]-1.[O&D1&v2&H0&+0&!R:8]=[O&D1&v2&H0&+0&!R:9]>>[C&D3&v4&H1&+0&R&z1:1]-[O&D1&v2&H1&+0&!R:8].[O&D0&v2&H2&+0&!R:9].[c&D3&v4&H0&+0&R&z0:2]1:[c&D2&v4&H1&+0&R&z0:7]:[c&D2&v4&H1&+0&R&z0:6]:[c&D2&v4&H1&+0&R&z1:5]:[n&D3&v4&H0&+&R:4]:[c&D2&v4&H1&+0&R&z1:3]:1	Any;WATER;Any
504_1	Any;NADH_CoF;O2	[C&D2&v4&H2&+0&R&z0:1].[C&D3&v4&H0&+0&R&z0:2]1=[C&D2&v4&H1&+0&R&z1:3]-[N&D3&v3&H0&+0&R:4]-[C&D2&v4&H1&+0&R&z1:5]=[C&D2&v4&H1&+0&R&z0:6]-[C&D2&v4&H2&+0&R&z0:7]-1.[O&D1&v2&H0&+0&!R:8]=[O&D1&v2&H0&+0&!R:9]>>[C&D3&v4&H1&+0&R&z1:1]-[O&D1&v2&H1&+0&!R:8].[O&D0&v2&H2&+0&!R:9].[c&D3&v4&H0&+0&R&z0:2]1:[c&D2&v4&H1&+0&R&z0:7]:[c&D2&v4&H1&+0&R&z0:6]:[c&D2&v4&H1&+0&R&z1:5]:[n&D3&v4&H0&+&R:4]:[c&D2&v4&H1&+0&R&z1:3]:1	Any;WATER;NAD_CoF
1209_0	Any	[C&D1&v4&H3&+0&!R&z0:1]-[C&D2&v4&H2&+0&!R&z0:2]-[C&D3&v4&H1&+0&!R&z0:3]-[C&D3&v4&H0&+0&!R&z2:4]>>[C&D1&v4&H3&+0&!R&z0:1]-[C&D3&v4&H1&+0&!R&z0:3]-[C&D2&v4&H2&+0&!R&z0:2]-[C&D3&v4&H0&+0&!R&z2:4]	Any
1311_0	WATER;Any;Any	[O&D0&v2&H2&+0&!R:1].[S&D2&v4&H0&+0&!R:2]=[O&D1&v2&H0&+0&!R:3].[c&D3&v4&H0&+0&R&z0:4]1:[c&D2&v4&H1&+0&R&z0:5]:[c&D2&v4&H1&+0&R&z0:6]:[c&D2&v4&H1&+0&R&z1:7]:[n&D3&v4&H0&+&R:8]:[c&D2&v4&H1&+0&R&z1:9]:1>>[C&D3&v4&H0&+0&R&z0:4]1=[C&D2&v4&H1&+0&R&z1:9]-[N&D3&v3&H0&+0&R:8]-[C&D2&v4&H1&+0&R&z1:7]=[C&D2&v4&H1&+0&R&z0:6]-[C&D2&v4&H2&+0&R&z0:5]-1.[O&D1&v2&H0&+0&!R:1]=[O&D1&v2&H0&+0&!R:3].[S&D1&v2&H0&+0&!R:2]	Any;O2;Any
1311_1	WATER;Any;NAD_CoF	[O&D0&v2&H2&+0&!R:1].[S&D2&v4&H0&+0&!R:2]=[O&D1&v2&H0&+0&!R:3].[c&D3&v4&H0&+0&R&z0:4]1:[c&D2&v4&H1&+0&R&z0:5]:[c&D2&v4&H1&+0&R&z0:6]:[c&D2&v4&H1&+0&R&z1:7]:[n&D3&v4&H0&+&R:8]:[c&D2&v4&H1&+0&R&z1:9]:1>>[C&D3&v4&H0&+0&R&z0:4]1=[C&D2&v4&H1&+0&R&z1:9]-[N&D3&v3&H0&+0&R:8]-[C&D2&v4&H1&+0&R&z1:7]=[C&D2&v4&H1&+0&R&z0:6]-[C&D2&v4&H2&+0&R&z0:5]-1.[O&D1&v2&H0&+0&!R:1]=[O&D1&v2&H0&+0&!R:3].[S&D1&v2&H0&+0&!R:2]	NADH_CoF;O2;Any
1122_0	Any;Any	[C&D3&v4&H1&+0&R&z1:1](-[N&D2&v3&H0&+0&R:2])-[C&D3&v4&H1&+0&R&z0:3].[c&D3&v4&H0&+0&R&z0:4]1:[c&D2&v4&H1&+0&R&z0:5]:[c&D2&v4&H1&+0&R&z0:6]:[c&D2&v4&H1&+0&R&z1:7]:[n&D3&v4&H0&+&R:8]:[c&D2&v4&H1&+0&R&z1:9]:1>>[C&D3&v4&H0&+0&R&z0:4]1=[C&D2&v4&H1&+0&R&z1:9]-[N&D3&v3&H0&+0&R:8]-[C&D2&v4&H1&+0&R&z1:7]=[C&D2&v4&H1&+0&R&z0:6]-[C&D2&v4&H2&+0&R&z0:5]-1.[C&D3&v4&H0&+0&R&z1:1](=[C&D3&v4&H0&+0&R&z0:3])-[N&D2&v3&H0&+0&R:2]	Any;Any
1122_1	Any;NAD_CoF	[C&D3&v4&H1&+0&R&z1:1](-[N&D2&v3&H0&+0&R:2])-[C&D3&v4&H1&+0&R&z0:3].[c&D3&v4&H0&+0&R&z0:4]1:[c&D2&v4&H1&+0&R&z0:5]:[c&D2&v4&H1&+0&R&z0:6]:[c&D2&v4&H1&+0&R&z1:7]:[n&D3&v4&H0&+&R:8]:[c&D2&v4&H1&+0&R&z1:9]:1>>[C&D3&v4&H0&+0&R&z0:4]1=[C&D2&v4&H1&+0&R&z1:9]-[N&D3&v3&H0&+0&R:8]-[C&D2&v4&H1&+0&R&z1:7]=[C&D2&v4&H1&+0&R&z0:6]-[C&D2&v4&H2&+0&R&z0:5]-1.[C&D3&v4&H0&+0&R&z1:1](=[C&D3&v4&H0&+0&R&z0:3])-[N&D2&v3&H0&+0&R:2]	NADH_CoF;Any
1986_0	Any	[O&D1&v2&H0&+0&!R:1]=[C&D3&v4&H0&+0&!R&z2:2]-[C&D2&v4&H1&+0&!R&z0:3]=[C&D2&v4&H1&+0&!R&z0:4]-[C&D3&v4&H0&+0&!R&z1:5](=[O&D1&v2&H0&+0&!R:6])-[C&D2&v4&H2&+0&!R&z0:7]-[C&D3&v4&H0&+0&!R&z2:8]=[O&D1&v2&H0&+0&!R:9]>>[O&D1&v2&H0&+0&!R:1]=[O&D1&v2&H0&+0&!R:9].[O&D1&v2&H1&+0&!R:6]-[c&D3&v4&H0&+0&R&z1:5]1:[c&D2&v4&H1&+0&R&z0:4]:[c&D2&v4&H1&+0&R&z0:3]:[c&D3&v4&H0&+0&R&z1:2]:[c&D3&v4&H0&+0&R&z1:8]:[c&D2&v4&H1&+0&R&z0:7]:1	O2;Any
1686_0	H2O2;Any	[O&D1&v2&H1&+0&!R:1]-[O&D1&v2&H1&+0&!R:2].[c&D3&v4&H0&+0&R&z0:3]1:[c&D2&v4&H1&+0&R&z0:4]:[c&D2&v4&H1&+0&R&z0:5]:[c&D2&v4&H1&+0&R&z1:6]:[n&D3&v4&H0&+&R:7]:[c&D2&v4&H1&+0&R&z1:8]:1>>[C&D3&v4&H0&+0&R&z0:3]1=[C&D2&v4&H1&+0&R&z1:8]-[N&D3&v3&H0&+0&R:7]-[C&D2&v4&H2&+0&R&z1:6]-[C&D2&v4&H1&+0&R&z0:5]=[C&D2&v4&H1&+0&R&z0:4]-1.[O&D1&v2&H0&+0&!R:1]=[O&D1&v2&H0&+0&!R:2]	Any;O2
1053_0	Any	[C&D1&v4&H3&+0&!R&z0:1]-[C&D3&v4&H1&+0&!R&z0:2]-[C&D2&v4&H2&+0&!R&z0:3]-[C&D3&v4&H0&+0&!R&z2:4]>>[C&D1&v4&H3&+0&!R&z0:1]-[C&D2&v4&H2&+0&!R&z0:3]-[C&D3&v4&H1&+0&!R&z0:2]-[C&D3&v4&H0&+0&!R&z2:4]	Any
1123_0	Any;Any	[C&D2&v4&H1&+0&!R&z0:1].[C&D3&v4&H0&+0&!R&z2:2]-[O&D1&v2&H1&+0&!R:3]>>[C&D3&v4&H0&+0&!R&z0:1]-[C&D3&v4&H0&+0&!R&z1:2].[O&D0&v2&H2&+0&!R:3]	Any;WATER
1812_0	Any;Any;Any	[C&D2&v4&H1&+0&!R&z2:1]-[O&D1&v2&H1&+0&!R:2].[N&D2&v3&H1&+0&!R:3].[P&D4&v5&H0&+0&!R:4]-[O&D2&v2&H0&+0&!R:5]>>[N&D3&v3&H0&+0&!R:3]-[C&D2&v4&H1&+0&!R&z2:1].[O&D1&v2&H1&+0&!R:5].[P&D4&v5&H0&+0&!R:4]-[O&D1&v2&H1&+0&!R:2]	Any;Pi;Any
1812_1	Any;Any;PHOSPHATE_DONOR_CoF	[C&D2&v4&H1&+0&!R&z2:1]-[O&D1&v2&H1&+0&!R:2].[N&D2&v3&H1&+0&!R:3].[P&D4&v5&H0&+0&!R:4]-[O&D2&v2&H0&+0&!R:5]>>[N&D3&v3&H0&+0&!R:3]-[C&D2&v4&H1&+0&!R&z2:1].[O&D1&v2&H1&+0&!R:5].[P&D4&v5&H0&+0&!R:4]-[O&D1&v2&H1&+0&!R:2]	Any;Pi;PHOSPHATE_ACCEPTOR_CoF
1812_2	Any;FORMYL_ACCEPTOR_CoF;PHOSPHATE_DONOR_CoF	[C&D2&v4&H1&+0&!R&z2:1]-[O&D1&v2&H1&+0&!R:2].[N&D2&v3&H1&+0&!R:3].[P&D4&v5&H0&+0&!R:4]-[O&D2&v2&H0&+0&!R:5]>>[N&D3&v3&H0&+0&!R:3]-[C&D2&v4&H1&+0&!R&z2:1].[O&D1&v2&H1&+0&!R:5].[P&D4&v5&H0&+0&!R:4]-[O&D1&v2&H1&+0&!R:2]	FORMYL_DONOR_CoF;Pi;PHOSPHATE_ACCEPTOR_CoF
2050_0	Any	[C&D3&v4&H1&+0&R&z1:1](-[C&D3&v4&H1&+0&!R&z1:2]-[C&D3&v4&H0&+0&!R&z2:3])-[C&D3&v4&H1&+0&R&z1:4]>>[C&D3&v4&H1&+0&R&z1:1](-[C&D3&v4&H0&+0&!R&z2:3])-[C&D3&v4&H1&+0&R&z1:2]-[C&D3&v4&H1&+0&R&z1:4]	Any
470_0	Any;WATER	[C&D1&v4&H2&+0&!R&z0:1]=[C&D3&v4&H0&+0&!R&z0:2].[O&D0&v2&H2&+0&!R:3]>>[C&D1&v4&H3&+0&!R&z0:1]-[C&D4&v4&H0&+0&!R&z1:2]-[O&D1&v2&H1&+0&!R:3]	Any
2090_0	O2;Any	[O&D1&v2&H0&+0&!R:1]=[O&D1&v2&H0&+0&!R:2].[c&D3&v4&H0&+0&R&z1:3]1:[c&D2&v4&H1&+0&R&z0:4]:[c&D2&v4&H1&+0&R&z0:5]:[c&D2&v4&H1&+0&R&z0:6]:[c&D2&v4&H1&+0&R&z0:7]:[c&D3&v4&H0&+0&R&z1:8]:1>>[O&D1&v2&H0&+0&!R:1]=[C&D3&v4&H0&+0&!R&z2:3]-[C&D2&v4&H1&+0&!R&z0:4]=[C&D2&v4&H1&+0&!R&z0:5]-[C&D2&v4&H1&+0&!R&z0:6]=[C&D2&v4&H1&+0&!R&z0:7]-[C&D3&v4&H0&+0&!R&z2:8]=[O&D1&v2&H0&+0&!R:2]	Any
177_0	Any;Any	[C&D2&v4&H1&+0&!R&z1:1]=[C&D2&v4&H1&+0&!R&z0:2]-[C&D2&v4&H1&+0&!R&z0:3].[C&D3&v4&H0&+0&R&z0:4]1=[C&D2&v4&H1&+0&R&z1:5]-[N&D3&v3&H0&+0&R:6]-[C&D2&v4&H1&+0&R&z1:7]=[C&D2&v4&H1&+0&R&z0:8]-[C&D2&v4&H2&+0&R&z0:9]-1>>[C&D2&v4&H2&+0&!R&z1:1]-[C&D2&v4&H2&+0&!R&z0:2]-[C&D2&v4&H1&+0&!R&z0:3].[c&D3&v4&H0&+0&R&z0:4]1:[c&D2&v4&H1&+0&R&z0:9]:[c&D2&v4&H1&+0&R&z0:8]:[c&D2&v4&H1&+0&R&z1:7]:[n&D3&v4&H0&+&R:6]:[c&D2&v4&H1&+0&R&z1:5]:1	Any;Any
177_1	Any;NADH_CoF	[C&D2&v4&H1&+0&!R&z1:1]=[C&D2&v4&H1&+0&!R&z0:2]-[C&D2&v4&H1&+0&!R&z0:3].[C&D3&v4&H0&+0&R&z0:4]1=[C&D2&v4&H1&+0&R&z1:5]-[N&D3&v3&H0&+0&R:6]-[C&D2&v4&H1&+0&R&z1:7]=[C&D2&v4&H1&+0&R&z0:8]-[C&D2&v4&H2&+0&R&z0:9]-1>>[C&D2&v4&H2&+0&!R&z1:1]-[C&D2&v4&H2&+0&!R&z0:2]-[C&D2&v4&H1&+0&!R&z0:3].[c&D3&v4&H0&+0&R&z0:4]1:[c&D2&v4&H1&+0&R&z0:9]:[c&D2&v4&H1&+0&R&z0:8]:[c&D2&v4&H1&+0&R&z1:7]:[n&D3&v4&H0&+&R:6]:[c&D2&v4&H1&+0&R&z1:5]:1	Any;NAD_CoF
1746_0	O2;Any	[O&D1&v2&H0&+0&!R:1]=[O&D1&v2&H0&+0&!R:2].[c&D3&v4&H0&+0&R&z0:3]1:[c&D2&v4&H1&+0&R&z0:4]:[c&D2&v4&H1&+0&R&z0:5]:[c&D3&v4&H0&+0&R&z1:6]:[c&D3&v4&H0&+0&R&z1:7]:[c&D2&v4&H1&+0&R&z0:8]:1>>[C&D3&v4&H0&+0&!R&z0:3](=[C&D2&v4&H1&+0&!R&z0:4]-[C&D2&v4&H1&+0&!R&z1:5]=[O&D1&v2&H0&+0&!R:1])-[C&D2&v4&H1&+0&!R&z0:8]=[C&D3&v4&H0&+0&!R&z1:7]-[C&D3&v4&H0&+0&!R&z2:6]=[O&D1&v2&H0&+0&!R:2]	Any
596_0	Any;WATER;Any;Any	[C&D1&v4&H2&+0&!R&z1:1]=[O&D1&v2&H0&+0&!R:2].[O&D0&v2&H2&+0&!R:3].[O&D1&v2&H1&+0&!R:4].[c&D3&v4&H0&+0&R&z0:5]1:[c&D2&v4&H1&+0&R&z0:6]:[c&D2&v4&H1&+0&R&z0:7]:[c&D2&v4&H1&+0&R&z1:8]:[n&D3&v4&H0&+&R:9]:[c&D2&v4&H1&+0&R&z1:10]:1>>[C&D1&v4&H3&+0&!R&z1:1]-[O&D2&v2&H0&+0&!R:4].[C&D3&v4&H0&+0&R&z0:5]1=[C&D2&v4&H1&+0&R&z1:10]-[N&D3&v3&H0&+0&R:9]-[C&D2&v4&H1&+0&R&z1:8]=[C&D2&v4&H1&+0&R&z0:7]-[C&D2&v4&H2&+0&R&z0:6]-1.[O&D1&v2&H0&+0&!R:2]=[O&D1&v2&H0&+0&!R:3]	Any;Any;O2
596_1	Any;WATER;Any;NAD_CoF	[C&D1&v4&H2&+0&!R&z1:1]=[O&D1&v2&H0&+0&!R:2].[O&D0&v2&H2&+0&!R:3].[O&D1&v2&H1&+0&!R:4].[c&D3&v4&H0&+0&R&z0:5]1:[c&D2&v4&H1&+0&R&z0:6]:[c&D2&v4&H1&+0&R&z0:7]:[c&D2&v4&H1&+0&R&z1:8]:[n&D3&v4&H0&+&R:9]:[c&D2&v4&H1&+0&R&z1:10]:1>>[C&D1&v4&H3&+0&!R&z1:1]-[O&D2&v2&H0&+0&!R:4].[C&D3&v4&H0&+0&R&z0:5]1=[C&D2&v4&H1&+0&R&z1:10]-[N&D3&v3&H0&+0&R:9]-[C&D2&v4&H1&+0&R&z1:8]=[C&D2&v4&H1&+0&R&z0:7]-[C&D2&v4&H2&+0&R&z0:6]-1.[O&D1&v2&H0&+0&!R:2]=[O&D1&v2&H0&+0&!R:3]	Any;NADH_CoF;O2
860_0	Any	([C&D2&v4&H1&+0&!R&z0:1]-[C&D2&v4&H2&+0&!R&z0:2]-[C&D2&v4&H1&+0&!R&z1:3]=[O&D1&v2&H0&+0&!R:4].[C&D2&v4&H2&+0&!R&z0:5]-[C&D3&v4&H0&+0&!R&z1:6]=[O&D1&v2&H0&+0&!R:7])>>[C&D2&v4&H1&+0&!R&z0:5]=[C&D3&v4&H0&+0&R&z1:6]-[O&D2&v2&H0&+0&R:7]-[C&D2&v4&H1&+0&R&z1:3]=[C&D2&v4&H1&+0&R&z0:2]-[C&D2&v4&H1&+0&R&z0:1].[O&D0&v2&H2&+0&!R:4]	Any;WATER
1809_0	Any;PPI;Any	[O&D1&v2&H0&+0&!R:1]=[C&D2&v4&H1&+0&!R&z2:2]-[O&D1&v2&H1&+0&!R:3].[P&D4&v5&H0&+0&!R:4](-[O&D1&v2&H1&+0&!R:5])-[O&D1&v2&H1&+0&!R:6].([P&D4&v5&H0&+0&R:7]-[O&D2&v2&H0&+0&R:8].[c&D3&v4&H0&+0&R&z2:9]1:[c&D3&v4&H0&+0&R&z1:10]-[N&D2&v3&H0&+0&R:11]=[C&D3&v4&H0&+0&R&z1:12]-[C&D2&v4&H2&+0&R&z1:13]-[N&D2&v3&H1&+0&R:14]-1)>>[O&D0&v2&H2&+0&!R:1].([P&D4&v5&H0&+0&!R:7]-[O&D2&v2&H0&+0&!R:5]-[P&D4&v5&H0&+0&!R:4]-[O&D1&v2&H1&+0&!R:3].[c&D3&v4&H0&+0&R&z2:9]1:[c&D3&v4&H0&+0&R&z1:10]:[n&D2&v3&H0&+0&R:11]:[c&D2&v4&H1&+0&R&z2:2]:[n&D3&v3&H0&+0&R:14]:1-[C&D3&v4&H1&+0&R&z2:13](-[O&D2&v2&H0&+0&R:8])-[C&D3&v4&H1&+0&R&z1:12]-[O&D1&v2&H1&+0&!R:6])	WATER;Any
566_0	Any;WATER	[C&D3&v4&H1&+0&R&z1:1](-[N&D2&v3&H1&+0&R:2])-[c&D3&v4&H0&+0&R&z1:3].[O&D0&v2&H2&+0&!R:4]>>[C&D2&v4&H1&+0&!R&z1:1]=[O&D1&v2&H0&+0&!R:4].([N&D1&v3&H2&+0&!R:2].[c&D2&v4&H1&+0&R&z1:3])	Any;Any
828_0	Any	[C&D1&v4&H3&+0&!R&z0:1]-[C&D4&v4&H0&+0&!R&z0:2]-[C&D3&v4&H0&+0&!R&z2:3]>>[C&D3&v4&H1&+0&!R&z0:2]-[C&D2&v4&H2&+0&!R&z0:1]-[C&D3&v4&H0&+0&!R&z2:3]	Any
1359_0	Any	[C&D4&v4&H0&+0&!R&z2:1](-[O&D1&v2&H1&+0&!R:2])-[O&D1&v2&H1&+0&!R:3]>>[C&D3&v4&H0&+0&!R&z1:1]=[O&D1&v2&H0&+0&!R:2].[O&D0&v2&H2&+0&!R:3]	Any;WATER
2026_0	Any;Any	[C&D3&v4&H1&+0&!R&z1:1]-[O&D1&v2&H1&+0&!R:2].[O&D1&v2&H0&+0&!R:3]=[C&D2&v4&H1&+0&!R&z1:4]>>[C&D2&v4&H2&+0&!R&z1:4]-[O&D1&v2&H1&+0&!R:3].[C&D3&v4&H0&+0&!R&z1:1]=[O&D1&v2&H0&+0&!R:2]	Any;Any
1482_0	Any;CO2;PPI	[C&D2&v4&H2&+0&!R&z1:1]-[n&D3&v4&H0&+&R:2]:[c&D2&v4&H1&+0&R&z2:3].[O&D1&v2&H0&+0&!R:4]=[C&D2&v4&H0&+0&!R&z2:5].[O&D1&v2&H1&+0&!R:6]>>[C&D2&v4&H2&+0&!R&z1:1]-[O&D2&v2&H0&+0&!R:6].[n&D2&v3&H0&+0&R:2]:[c&D3&v4&H0&+0&R&z2:3]-[C&D3&v4&H0&+0&!R&z2:5]-[O&D1&v2&H1&+0&!R:4]	Any;Any
251_0	Any;Any;O2	[C&D3&v4&H0&+0&!R&z1:1]-[C&D3&v4&H0&+0&!R&z2:2]-[O&D1&v2&H1&+0&!R:3].[N&D3&v3&H0&+0&!R:4]-[C&D1&v4&H3&+0&!R&z1:5].[O&D1&v2&H0&+0&!R:6]=[O&D1&v2&H0&+0&!R:7]>>[C&D1&v4&H2&+0&!R&z1:5]=[O&D1&v2&H0&+0&!R:7].[C&D3&v4&H0&+0&!R&z2:1]-[O&D1&v2&H1&+0&!R:6].[N&D2&v3&H1&+0&!R:4].[O&D1&v2&H0&+0&!R:3]=[C&D2&v4&H0&+0&!R&z2:2]	Any;Any;Any;CO2
1015_0	Any;Any	[C&D3&v4&H0&+0&R&z0:1]1=[C&D2&v4&H1&+0&R&z0:2]-[C&D2&v4&H1&+0&R&z0:3]=[C&D3&v4&H0&+0&R&z0:4]-[C&D3&v4&H1&+0&R&z1:5](-[O&D1&v2&H1&+0&!R:6])-[C&D3&v4&H1&+0&R&z1:7]-1-[O&D1&v2&H1&+0&!R:8].[c&D3&v4&H0&+0&R&z0:9]1:[c&D2&v4&H1&+0&R&z0:10]:[c&D2&v4&H1&+0&R&z0:11]:[c&D2&v4&H1&+0&R&z1:12]:[n&D3&v4&H0&+&R:13]:[c&D2&v4&H1&+0&R&z1:14]:1>>[C&D3&v4&H0&+0&R&z0:9]1=[C&D2&v4&H1&+0&R&z1:14]-[N&D3&v3&H0&+0&R:13]-[C&D2&v4&H1&+0&R&z1:12]=[C&D2&v4&H1&+0&R&z0:11]-[C&D2&v4&H2&+0&R&z0:10]-1.[O&D1&v2&H0&+0&!R:8]=[O&D1&v2&H0&+0&!R:6].[c&D3&v4&H0&+0&R&z0:1]1:[c&D2&v4&H1&+0&R&z0:2]:[c&D2&v4&H1&+0&R&z0:3]:[c&D3&v4&H0&+0&R&z0:4]:[c&D2&v4&H1&+0&R&z0:5]:[c&D2&v4&H1&+0&R&z0:7]:1	Any;O2;Any
1015_1	Any;NAD_CoF	[C&D3&v4&H0&+0&R&z0:1]1=[C&D2&v4&H1&+0&R&z0:2]-[C&D2&v4&H1&+0&R&z0:3]=[C&D3&v4&H0&+0&R&z0:4]-[C&D3&v4&H1&+0&R&z1:5](-[O&D1&v2&H1&+0&!R:6])-[C&D3&v4&H1&+0&R&z1:7]-1-[O&D1&v2&H1&+0&!R:8].[c&D3&v4&H0&+0&R&z0:9]1:[c&D2&v4&H1&+0&R&z0:10]:[c&D2&v4&H1&+0&R&z0:11]:[c&D2&v4&H1&+0&R&z1:12]:[n&D3&v4&H0&+&R:13]:[c&D2&v4&H1&+0&R&z1:14]:1>>[C&D3&v4&H0&+0&R&z0:9]1=[C&D2&v4&H1&+0&R&z1:14]-[N&D3&v3&H0&+0&R:13]-[C&D2&v4&H1&+0&R&z1:12]=[C&D2&v4&H1&+0&R&z0:11]-[C&D2&v4&H2&+0&R&z0:10]-1.[O&D1&v2&H0&+0&!R:8]=[O&D1&v2&H0&+0&!R:6].[c&D3&v4&H0&+0&R&z0:1]1:[c&D2&v4&H1&+0&R&z0:2]:[c&D2&v4&H1&+0&R&z0:3]:[c&D3&v4&H0&+0&R&z0:4]:[c&D2&v4&H1&+0&R&z0:5]:[c&D2&v4&H1&+0&R&z0:7]:1	NADH_CoF;O2;Any
500_0	Any	[C&D1&v4&H2&+0&!R&z0:1]=[C&D3&v4&H0&+0&!R&z1:2]-[O&D2&v2&H0&+0&!R:3]-[P&D4&v5&H0&+0&!R:4]-[O&D1&v2&H1&+0&!R:5]>>[C&D3&v4&H0&+0&!R&z1:2](=[O&D1&v2&H0&+0&!R:5])-[C&D2&v4&H2&+0&!R&z1:1]-[P&D4&v5&H0&+0&!R:4]-[O&D1&v2&H1&+0&!R:3]	Any
988_0	Any;PPI	[C&D4&v4&H0&+0&R&z0:1]1-[C&D3&v4&H1&+0&R&z0:2]-[C&D2&v4&H2&+0&R&z0:3]-[C&D3&v4&H1&+0&R&z0:4]-1-[C&D3&v4&H0&+0&R&z0:5]=[C&D2&v4&H1&+0&R&z0:6].[O&D1&v2&H1&+0&!R:7]>>([C&D2&v4&H2&+0&!R&z0:6]-[C&D3&v4&H0&+0&!R&z0:5]=[C&D2&v4&H1&+0&!R&z0:4]-[C&D2&v4&H2&+0&!R&z1:3]-[O&D2&v2&H0&+0&!R:7].[C&D3&v4&H0&+0&!R&z0:1]=[C&D2&v4&H1&+0&!R&z0:2])	Any
602_0	Any;WATER;SULFITE;Any	[C&D1&v4&H2&+0&!R&z1:1]=[O&D1&v2&H0&+0&!R:2].[O&D0&v2&H2&+0&!R:3].[S&D3&v4&H0&+0&!R:4]-[O&D1&v2&H1&+0&!R:5].[c&D3&v4&H0&+0&R&z0:6]1:[c&D2&v4&H1&+0&R&z0:7]:[c&D2&v4&H1&+0&R&z0:8]:[c&D2&v4&H1&+0&R&z1:9]:[n&D3&v4&H0&+&R:10]:[c&D2&v4&H1&+0&R&z1:11]:1>>[C&D1&v4&H3&+0&!R&z1:1]-[S&D4&v6&H0&+0&!R:4]=[O&D1&v2&H0&+0&!R:5].[C&D3&v4&H0&+0&R&z0:6]1=[C&D2&v4&H1&+0&R&z1:11]-[N&D3&v3&H0&+0&R:10]-[C&D2&v4&H1&+0&R&z1:9]=[C&D2&v4&H1&+0&R&z0:8]-[C&D2&v4&H2&+0&R&z0:7]-1.[O&D1&v2&H0&+0&!R:2]=[O&D1&v2&H0&+0&!R:3]	Any;Any;O2
602_1	Any;WATER;SULFITE;NAD_CoF	[C&D1&v4&H2&+0&!R&z1:1]=[O&D1&v2&H0&+0&!R:2].[O&D0&v2&H2&+0&!R:3].[S&D3&v4&H0&+0&!R:4]-[O&D1&v2&H1&+0&!R:5].[c&D3&v4&H0&+0&R&z0:6]1:[c&D2&v4&H1&+0&R&z0:7]:[c&D2&v4&H1&+0&R&z0:8]:[c&D2&v4&H1&+0&R&z1:9]:[n&D3&v4&H0&+&R:10]:[c&D2&v4&H1&+0&R&z1:11]:1>>[C&D1&v4&H3&+0&!R&z1:1]-[S&D4&v6&H0&+0&!R:4]=[O&D1&v2&H0&+0&!R:5].[C&D3&v4&H0&+0&R&z0:6]1=[C&D2&v4&H1&+0&R&z1:11]-[N&D3&v3&H0&+0&R:10]-[C&D2&v4&H1&+0&R&z1:9]=[C&D2&v4&H1&+0&R&z0:8]-[C&D2&v4&H2&+0&R&z0:7]-1.[O&D1&v2&H0&+0&!R:2]=[O&D1&v2&H0&+0&!R:3]	Any;NADH_CoF;O2
1465_0	Any;Any	[C&D1&v4&H3&+0&!R&z0:1]-[c&D3&v4&H0&+0&R&z0:2].([N&D2&v3&H0&+0&R:3]=[C&D3&v4&H0&+0&R&z1:4].[N&D2&v3&H1&+0&!R:5])>>[N&D3&v3&H0&+0&R:3](-[C&D2&v4&H2&+0&R&z2:1]-[N&D3&v3&H0&+0&R:5])-[C&D3&v4&H1&+0&R&z1:4].[c&D2&v4&H1&+0&R&z0:2]	Any;Any
1469_0	Any	[C&D3&v4&H1&+0&R&z1:1]-[C&D3&v4&H0&+0&R&z1:2](=[O&D1&v2&H0&+0&!R:3])-[C&D3&v4&H1&+0&R&z1:4]-[C&D3&v4&H1&+0&R&z1:5]>>[C&D3&v4&H1&+0&R&z1:1]-[C&D3&v4&H1&+0&R&z1:4]-[C&D3&v4&H0&+0&R&z1:2](=[O&D1&v2&H0&+0&!R:3])-[C&D3&v4&H1&+0&R&z1:5]	Any
646_0	Any;Any	[C&D2&v4&H1&+0&!R&z1:1]=[O&D1&v2&H0&+0&!R:2].[C&D3&v4&H0&+0&!R&z1:3]-[C&D3&v4&H0&+0&!R&z2:4]-[O&D1&v2&H1&+0&!R:5]>>[C&D3&v4&H0&+0&!R&z1:3]-[C&D3&v4&H1&+0&!R&z1:1]-[O&D1&v2&H1&+0&!R:2].[O&D1&v2&H0&+0&!R:5]=[C&D2&v4&H0&+0&!R&z2:4]	Any;CO2
274_0	Any;Any	[C&D3&v4&H1&+0&R&z2:1]-[O&D1&v2&H1&+0&!R:2].[N&D1&v3&H2&+0&!R:3]>>[N&D2&v3&H1&+0&!R:3]-[C&D3&v4&H1&+0&R&z2:1].[O&D0&v2&H2&+0&!R:2]	Any;WATER
508_0	Any;Any;O2	[C&D3&v4&H0&+0&!R&z1:1]-[C&D3&v4&H0&+0&!R&z2:2]-[O&D1&v2&H1&+0&!R:3].[C&D3&v4&H1&+0&R&z1:4]-[O&D1&v2&H1&+0&!R:5].[O&D1&v2&H0&+0&!R:6]=[O&D1&v2&H0&+0&!R:7]>>[C&D3&v4&H0&+0&!R&z2:1]-[O&D1&v2&H1&+0&!R:6].[C&D3&v4&H0&+0&R&z1:4]=[O&D1&v2&H0&+0&!R:7].[O&D0&v2&H2&+0&!R:5].[O&D1&v2&H0&+0&!R:3]=[C&D2&v4&H0&+0&!R&z2:2]	Any;Any;WATER;CO2
460_0	Any	([C&D1&v4&H2&+0&!R&z0:1]=[C&D3&v4&H0&+0&!R&z0:2]-[C&D3&v4&H1&+0&R&z0:3]-[C&D3&v4&H1&+0&R&z0:4](-[C&D4&v4&H0&+0&R&z0:5]-[C&D2&v4&H2&+0&R&z0:6])-[C&D3&v4&H1&+0&R&z0:7]-[C&D4&v4&H0&+0&R&z0:8]-[C&D4&v4&H0&+0&R&z0:9]-[C&D3&v4&H1&+0&R&z0:10]-[C&D4&v4&H0&+0&R&z0:11]-[C&D3&v4&H1&+0&R&z0:12]-[C&D4&v4&H0&+0&R&z0:13].[O&D1&v2&H1&+0&!R:14])>>([C&D1&v4&H3&+0&!R&z0:1]-[C&D3&v4&H0&+0&!R&z0:2]=[C&D2&v4&H1&+0&!R&z0:3].[C&D2&v4&H1&+0&!R&z0:10]=[C&D3&v4&H0&+0&!R&z0:9].[C&D2&v4&H1&+0&!R&z0:12]=[C&D3&v4&H0&+0&!R&z0:11].[C&D3&v4&H0&+0&!R&z0:8]=[C&D2&v4&H1&+0&!R&z0:7].[C&D3&v4&H0&+0&!R&z0:5]=[C&D2&v4&H1&+0&!R&z0:4]-[C&D2&v4&H2&+0&!R&z0:6].[O&D2&v2&H0&+0&R:14]-[C&D4&v4&H0&+0&R&z1:13])	Any
1576_0	Any;Any	[C&D2&v4&H1&+0&R&z1:1]=[N&D2&v3&H0&+0&R:2].[C&D3&v4&H0&+0&R&z0:3]1=[C&D2&v4&H1&+0&R&z1:4]-[N&D3&v3&H0&+0&R:5]-[C&D2&v4&H1&+0&R&z1:6]=[C&D2&v4&H1&+0&R&z0:7]-[C&D2&v4&H2&+0&R&z0:8]-1>>[C&D2&v4&H2&+0&R&z1:1]-[N&D2&v3&H1&+0&R:2].[c&D3&v4&H0&+0&R&z0:3]1:[c&D2&v4&H1&+0&R&z0:8]:[c&D2&v4&H1&+0&R&z0:7]:[c&D2&v4&H1&+0&R&z1:6]:[n&D3&v4&H0&+&R:5]:[c&D2&v4&H1&+0&R&z1:4]:1	Any;Any
1576_1	Any;NADH_CoF	[C&D2&v4&H1&+0&R&z1:1]=[N&D2&v3&H0&+0&R:2].[C&D3&v4&H0&+0&R&z0:3]1=[C&D2&v4&H1&+0&R&z1:4]-[N&D3&v3&H0&+0&R:5]-[C&D2&v4&H1&+0&R&z1:6]=[C&D2&v4&H1&+0&R&z0:7]-[C&D2&v4&H2&+0&R&z0:8]-1>>[C&D2&v4&H2&+0&R&z1:1]-[N&D2&v3&H1&+0&R:2].[c&D3&v4&H0&+0&R&z0:3]1:[c&D2&v4&H1&+0&R&z0:8]:[c&D2&v4&H1&+0&R&z0:7]:[c&D2&v4&H1&+0&R&z1:6]:[n&D3&v4&H0&+&R:5]:[c&D2&v4&H1&+0&R&z1:4]:1	Any;NAD_CoF
1932_0	Any	([C&D3&v4&H0&+0&!R&z1:1](=[O&D1&v2&H0&+0&!R:2])-[C&D2&v4&H2&+0&!R&z0:3].[O&D1&v2&H1&+0&!R:4])>>[O&D2&v2&H0&+0&R:4]-[C&D3&v4&H1&+0&R&z1:3]-[C&D3&v4&H1&+0&!R&z1:1]-[O&D1&v2&H1&+0&!R:2]	Any
569_0	Any;WATER	[C&D1&v4&H2&+0&!R&z0:1]=[C&D2&v4&H1&+0&!R&z0:2]-[C&D2&v4&H1&+0&!R&z0:3]=[C&D3&v4&H0&+0&!R&z1:4]-[O&D1&v2&H1&+0&!R:5].[O&D0&v2&H2&+0&!R:6]>>[C&D1&v4&H3&+0&!R&z0:1]-[C&D3&v4&H1&+0&!R&z1:2](-[O&D1&v2&H1&+0&!R:6])-[C&D2&v4&H2&+0&!R&z0:3]-[C&D3&v4&H0&+0&!R&z1:4]=[O&D1&v2&H0&+0&!R:5]	Any
959_0	Any	([C&D3&v4&H0&+0&!R&z0:1]=[C&D2&v4&H1&+0&!R&z0:2].[C&D3&v4&H0&+0&!R&z0:3]=[C&D2&v4&H1&+0&!R&z0:4]-[C&D2&v4&H2&+0&!R&z0:5]-[C&D2&v4&H2&+0&!R&z0:6]-[C&D3&v4&H0&+0&!R&z0:7]=[C&D2&v4&H1&+0&!R&z0:8]-[C&D2&v4&H2&+0&!R&z1:9]-[O&D2&v2&H0&+0&!R:10])>>[C&D3&v4&H0&+0&R&z0:7]1=[C&D2&v4&H1&+0&R&z0:8]-[C&D2&v4&H2&+0&R&z0:9]-[C&D3&v4&H1&+0&R&z0:6]2-[C&D3&v4&H1&+0&R&z0:5](-[C&D3&v4&H1&+0&R&z0:4]-1-[C&D4&v4&H0&+0&R&z0:3]-2)-[C&D4&v4&H0&+0&R&z0:1]-[C&D2&v4&H2&+0&R&z0:2].[O&D1&v2&H1&+0&!R:10]	Any;PPI
1546_0	Any;WATER	[N&D1&v3&H2&+0&!R:1]-[C&D3&v4&H0&+0&!R&z1:2]=[C&D2&v4&H1&+0&!R&z0:3].[O&D0&v2&H2&+0&!R:4]>>[C&D2&v4&H1&+0&!R&z0:3]=[C&D3&v4&H0&+0&!R&z1:2]-[O&D1&v2&H1&+0&!R:4].[N&D0&v3&H3&+0&!R:1]	Any;NH3
1993_0	Any	[O&D1&v2&H0&+0&!R:1]=[C&D3&v4&H0&+0&!R&z2:2]-[C&D2&v4&H1&+0&!R&z0:3]=[C&D2&v4&H1&+0&!R&z0:4]-[C&D2&v4&H1&+0&!R&z0:5]=[C&D2&v4&H1&+0&!R&z0:6]-[C&D3&v4&H0&+0&!R&z2:7]=[O&D1&v2&H0&+0&!R:8]>>[O&D1&v2&H0&+0&!R:1]=[O&D1&v2&H0&+0&!R:8].[c&D3&v4&H0&+0&R&z1:2]1:[c&D2&v4&H1&+0&R&z0:3]:[c&D2&v4&H1&+0&R&z0:4]:[c&D2&v4&H1&+0&R&z0:5]:[c&D2&v4&H1&+0&R&z0:6]:[c&D3&v4&H0&+0&R&z1:7]:1	O2;Any
2071_0	Any	[O&D1&v2&H0&+0&!R:1]=[C&D2&v4&H1&+0&!R&z1:2]-[C&D2&v4&H2&+0&!R&z0:3]>>[C&D3&v4&H1&+0&R&z1:3]1-[C&D2&v4&H2&+0&R&z1:2]-[O&D2&v2&H0&+0&R:1]-1	Any
1915_0	Any;O2	([C&D2&v4&H1&+0&!R&z0:1].[O&D1&v2&H1&+0&!R:2].[c&D2&v4&H1&+0&R&z0:3]).[O&D1&v2&H0&+0&!R:4]=[O&D1&v2&H0&+0&!R:5]>>([C&D3&v4&H0&+0&R&z1:1]-[O&D2&v2&H0&+0&R:2].[c&D3&v4&H0&+0&R&z1:3]-[O&D1&v2&H1&+0&!R:4]).[O&D0&v2&H2&+0&!R:5]	Any;WATER
1178_0	Any;WATER	[C&D4&v4&H0&+0&R&z0:1]-[C&D3&v4&H0&+0&!R&z2:2]-[O&D2&v2&H0&+0&!R:3].[O&D0&v2&H2&+0&!R:4]>>[C&D3&v4&H1&+0&R&z0:1].[O&D1&v2&H0&+0&!R:4]=[C&D2&v4&H0&+0&!R&z2:2].[O&D1&v2&H1&+0&!R:3]	Any;CO2;Any
950_0	Any	([C&D2&v4&H2&+0&!R&z0:1]-[C&D3&v4&H0&+0&!R&z0:2]=[C&D2&v4&H1&+0&!R&z0:3]-[C&D2&v4&H2&+0&!R&z1:4]-[O&D2&v2&H0&+0&!R:5].[C&D3&v4&H0&+0&!R&z0:6]=[C&D2&v4&H1&+0&!R&z0:7])>>[C&D4&v4&H0&+0&R&z0:6]1-[C&D3&v4&H1&+0&R&z0:7]-[C&D2&v4&H2&+0&R&z0:4]-[C&D3&v4&H1&+0&R&z0:3]-1-[C&D3&v4&H0&+0&R&z0:2]=[C&D2&v4&H1&+0&R&z0:1].[O&D1&v2&H1&+0&!R:5]	Any;PPI
1515_0	NH3;Any	[N&D0&v3&H3&+0&!R:1].[P&D4&v5&H0&+0&!R:2]-[O&D1&v2&H1&+0&!R:3]>>[O&D0&v2&H2&+0&!R:3].[P&D4&v5&H0&+0&!R:2]-[N&D1&v3&H2&+0&!R:1]	WATER;Any
2130_0	Any;Any	[C&D3&v4&H1&+0&R&z2:1]-[O&D2&v2&H0&+0&R:2].[O&D1&v2&H1&+0&!R:3]>>([C&D3&v4&H1&+0&R&z2:1]-[O&D2&v2&H0&+0&!R:3].[O&D1&v2&H1&+0&!R:2])	Any
488_0	Any;WATER	[C&D1&v4&H2&+0&!R&z0:1]=[C&D3&v4&H0&+0&!R&z1:2]-[O&D2&v2&H0&+0&!R:3].[O&D0&v2&H2&+0&!R:4]>>[C&D1&v4&H3&+0&!R&z0:1]-[C&D3&v4&H0&+0&!R&z1:2]=[O&D1&v2&H0&+0&!R:4].[O&D1&v2&H1&+0&!R:3]	Any;Any
1148_0	Any	[C&D3&v4&H0&+0&R&z0:1](=[C&D2&v4&H1&+0&R&z0:2])-[C&D2&v4&H2&+0&R&z0:3]-[C&D4&v4&H0&+0&R&z0:4]-[C&D2&v4&H2&+0&R&z0:5]>>([C&D1&v4&H2&+0&!R&z0:3]=[C&D3&v4&H0&+0&!R&z0:1]-[C&D2&v4&H2&+0&!R&z0:2].[C&D2&v4&H1&+0&!R&z0:5]=[C&D3&v4&H0&+0&!R&z0:4])	Any
725_0	Any;O2	[C&D3&v4&H0&+0&!R&z1:1]-[C&D2&v4&H2&+0&!R&z0:2].[O&D1&v2&H0&+0&!R:3]=[O&D1&v2&H0&+0&!R:4]>>[C&D2&v4&H1&+0&!R&z1:2]=[O&D1&v2&H0&+0&!R:4].[C&D3&v4&H0&+0&!R&z2:1]-[O&D1&v2&H1&+0&!R:3]	Any;Any
1518_0	Any;NH3	[C&D3&v4&H0&+0&!R&z1:1]-[O&D1&v2&H1&+0&!R:2].[N&D0&v3&H3&+0&!R:3]>>[N&D1&v3&H2&+0&!R:3]-[C&D3&v4&H0&+0&!R&z1:1].[O&D0&v2&H2&+0&!R:2]	Any;WATER
1415_0	Any;Any	[C&D1&v4&H3&+0&!R&z1:1]-[S&D2&v2&H0&+0&!R:2].[S&D0&v2&H2&+0&!R:3]>>[C&D1&v4&H3&+0&!R&z1:1]-[S&D1&v2&H1&+0&!R:3].[S&D1&v2&H1&+0&!R:2]	Any;Any
520_0	Any	([C&D1&v4&H2&+0&!R&z0:1].[C&D3&v4&H0&+0&!R&z0:2]=[C&D2&v4&H1&+0&!R&z0:3]-[C&D2&v4&H2&+0&!R&z1:4]-[O&D2&v2&H0&+0&!R:5])>>[C&D1&v4&H2&+0&!R&z0:4]=[C&D2&v4&H1&+0&!R&z0:3]-[C&D4&v4&H0&+0&R&z0:2]-[C&D2&v4&H1&+0&R&z0:1].[O&D1&v2&H1&+0&!R:5]	Any;PPI
1630_0	Any;WATER	[C&D3&v4&H1&+0&!R&z2:1]-[N&D1&v3&H2&+0&!R:2].[O&D0&v2&H2&+0&!R:3]>>[C&D3&v4&H1&+0&!R&z2:1]-[O&D1&v2&H1&+0&!R:3].[N&D0&v3&H3&+0&!R:2]	Any;NH3
1062_0	Any;Any	[C&D1&v4&H3&+0&!R&z0:1]-[C&D3&v4&H1&+0&!R&z1:2].[c&D3&v4&H0&+0&R&z0:3]1:[c&D2&v4&H1&+0&R&z0:4]:[c&D2&v4&H1&+0&R&z0:5]:[c&D2&v4&H1&+0&R&z1:6]:[n&D3&v4&H0&+&R:7]:[c&D2&v4&H1&+0&R&z1:8]:1>>[C&D1&v4&H2&+0&!R&z0:1]=[C&D3&v4&H0&+0&!R&z1:2].[C&D3&v4&H0&+0&R&z0:3]1=[C&D2&v4&H1&+0&R&z1:8]-[N&D3&v3&H0&+0&R:7]-[C&D2&v4&H1&+0&R&z1:6]=[C&D2&v4&H1&+0&R&z0:5]-[C&D2&v4&H2&+0&R&z0:4]-1	Any;Any
1062_1	Any;NAD_CoF	[C&D1&v4&H3&+0&!R&z0:1]-[C&D3&v4&H1&+0&!R&z1:2].[c&D3&v4&H0&+0&R&z0:3]1:[c&D2&v4&H1&+0&R&z0:4]:[c&D2&v4&H1&+0&R&z0:5]:[c&D2&v4&H1&+0&R&z1:6]:[n&D3&v4&H0&+&R:7]:[c&D2&v4&H1&+0&R&z1:8]:1>>[C&D1&v4&H2&+0&!R&z0:1]=[C&D3&v4&H0&+0&!R&z1:2].[C&D3&v4&H0&+0&R&z0:3]1=[C&D2&v4&H1&+0&R&z1:8]-[N&D3&v3&H0&+0&R:7]-[C&D2&v4&H1&+0&R&z1:6]=[C&D2&v4&H1&+0&R&z0:5]-[C&D2&v4&H2&+0&R&z0:4]-1	Any;NADH_CoF
206_0	Any;Any	[C&D2&v4&H2&+0&!R&z1:1]-[C&D2&v4&H2&+0&!R&z0:2]-[C&D2&v4&H1&+0&!R&z1:3].[c&D3&v4&H0&+0&R&z0:4]1:[c&D2&v4&H1&+0&R&z0:5]:[c&D2&v4&H1&+0&R&z0:6]:[c&D2&v4&H1&+0&R&z1:7]:[n&D3&v4&H0&+&R:8]:[c&D2&v4&H1&+0&R&z1:9]:1>>[C&D2&v4&H1&+0&!R&z1:1]=[C&D2&v4&H1&+0&!R&z0:2]-[C&D2&v4&H1&+0&!R&z1:3].[C&D3&v4&H0&+0&R&z0:4]1=[C&D2&v4&H1&+0&R&z1:9]-[N&D3&v3&H0&+0&R:8]-[C&D2&v4&H1&+0&R&z1:7]=[C&D2&v4&H1&+0&R&z0:6]-[C&D2&v4&H2&+0&R&z0:5]-1	Any;Any
206_1	Any;NAD_CoF	[C&D2&v4&H2&+0&!R&z1:1]-[C&D2&v4&H2&+0&!R&z0:2]-[C&D2&v4&H1&+0&!R&z1:3].[c&D3&v4&H0&+0&R&z0:4]1:[c&D2&v4&H1&+0&R&z0:5]:[c&D2&v4&H1&+0&R&z0:6]:[c&D2&v4&H1&+0&R&z1:7]:[n&D3&v4&H0&+&R:8]:[c&D2&v4&H1&+0&R&z1:9]:1>>[C&D2&v4&H1&+0&!R&z1:1]=[C&D2&v4&H1&+0&!R&z0:2]-[C&D2&v4&H1&+0&!R&z1:3].[C&D3&v4&H0&+0&R&z0:4]1=[C&D2&v4&H1&+0&R&z1:9]-[N&D3&v3&H0&+0&R:8]-[C&D2&v4&H1&+0&R&z1:7]=[C&D2&v4&H1&+0&R&z0:6]-[C&D2&v4&H2&+0&R&z0:5]-1	Any;NADH_CoF
1091_0	Any	[C&D3&v4&H1&+0&!R&z1:1](-[O&D1&v2&H1&+0&!R:2])-[C&D3&v4&H0&+0&!R&z2:3](=[O&D1&v2&H0&+0&!R:4])-[S&D2&v2&H0&+0&!R:5]>>[C&D3&v4&H0&+0&!R&z1:1](=[O&D1&v2&H0&+0&!R:2])-[C&D2&v4&H1&+0&!R&z1:3]=[O&D1&v2&H0&+0&!R:4].[S&D1&v2&H1&+0&!R:5]	Any;Any
1264_0	Any;Any	[C&D2&v4&H1&+0&R&z0:1]=[C&D2&v4&H1&+0&R&z0:2].[S&D1&v2&H1&+0&!R:3]>>[C&D2&v4&H2&+0&R&z0:1]-[C&D3&v4&H1&+0&R&z1:2]-[S&D2&v2&H0&+0&!R:3]	Any
471_0	Any	[C&D3&v4&H0&+0&!R&z0:1]-[C&D2&v4&H2&+0&!R&z0:2]-[C&D2&v4&H2&+0&!R&z0:3]>>[C&D3&v4&H0&+0&!R&z0:1]-[C&D3&v4&H1&+0&!R&z0:3]-[C&D1&v4&H3&+0&!R&z0:2]	Any
1476_0	Any;WATER	[C&D2&v4&H2&+0&!R&z1:1]-[N&D1&v3&H2&+0&!R:2].[O&D0&v2&H2&+0&!R:3]>>[C&D2&v4&H2&+0&!R&z1:1]-[O&D1&v2&H1&+0&!R:3].[N&D0&v3&H3&+0&!R:2]	Any;NH3
698_0	Any;Any	[C&D3&v4&H0&+0&!R&z1:1](=[O&D1&v2&H0&+0&!R:2])-[C&D3&v4&H1&+0&!R&z1:3]-[C&D3&v4&H1&+0&!R&z1:4].[C&D3&v4&H0&+0&R&z0:5]1=[C&D2&v4&H1&+0&R&z1:6]-[N&D3&v3&H0&+0&R:7]-[C&D2&v4&H1&+0&R&z1:8]=[C&D2&v4&H1&+0&R&z0:9]-[C&D2&v4&H2&+0&R&z0:10]-1>>[C&D4&v4&H0&+0&!R&z1:1](-[O&D1&v2&H1&+0&!R:2])(-[C&D2&v4&H2&+0&!R&z1:3])-[C&D3&v4&H1&+0&!R&z1:4].[c&D3&v4&H0&+0&R&z0:5]1:[c&D2&v4&H1&+0&R&z0:10]:[c&D2&v4&H1&+0&R&z0:9]:[c&D2&v4&H1&+0&R&z1:8]:[n&D3&v4&H0&+&R:7]:[c&D2&v4&H1&+0&R&z1:6]:1	Any;Any
698_1	Any;NADH_CoF	[C&D3&v4&H0&+0&!R&z1:1](=[O&D1&v2&H0&+0&!R:2])-[C&D3&v4&H1&+0&!R&z1:3]-[C&D3&v4&H1&+0&!R&z1:4].[C&D3&v4&H0&+0&R&z0:5]1=[C&D2&v4&H1&+0&R&z1:6]-[N&D3&v3&H0&+0&R:7]-[C&D2&v4&H1&+0&R&z1:8]=[C&D2&v4&H1&+0&R&z0:9]-[C&D2&v4&H2&+0&R&z0:10]-1>>[C&D4&v4&H0&+0&!R&z1:1](-[O&D1&v2&H1&+0&!R:2])(-[C&D2&v4&H2&+0&!R&z1:3])-[C&D3&v4&H1&+0&!R&z1:4].[c&D3&v4&H0&+0&R&z0:5]1:[c&D2&v4&H1&+0&R&z0:10]:[c&D2&v4&H1&+0&R&z0:9]:[c&D2&v4&H1&+0&R&z1:8]:[n&D3&v4&H0&+&R:7]:[c&D2&v4&H1&+0&R&z1:6]:1	Any;NAD_CoF
1068_0	Any;SULFITE	[C&D1&v4&H3&+0&!R&z0:1].[S&D3&v4&H0&+0&!R:2]-[O&D1&v2&H1&+0&!R:3]>>[C&D2&v4&H2&+0&!R&z1:1]-[S&D3&v4&H0&+0&!R:2].[O&D0&v2&H2&+0&!R:3]	Any;WATER
1890_0	WATER;Any	[O&D0&v2&H2&+0&!R:1].[O&D1&v2&H0&+0&!R:2]=[C&D3&v4&H0&+0&R&z1:3]-[C&D3&v4&H1&+0&R&z1:4]>>([C&D2&v4&H2&+0&!R&z1:4].[O&D1&v2&H0&+0&!R:2]=[C&D3&v4&H0&+0&!R&z2:3]-[O&D1&v2&H1&+0&!R:1])	Any
1659_0	Any;WATER;Any	[C&D3&v4&H0&+0&R&z1:1]1=[C&D2&v4&H1&+0&R&z0:2]-[C&D4&v4&H0&+0&R&z1:3](-[O&D1&v2&H1&+0&!R:4])-[C&D2&v4&H1&+0&R&z0:5]=[C&D2&v4&H1&+0&R&z0:6]-[C&D3&v4&H0&+0&R&z1:7]-1=[O&D1&v2&H0&+0&!R:8].[O&D0&v2&H2&+0&!R:9].[c&D3&v4&H0&+0&R&z0:10]1:[c&D2&v4&H1&+0&R&z0:11]:[c&D2&v4&H1&+0&R&z0:12]:[c&D2&v4&H1&+0&R&z1:13]:[n&D3&v4&H0&+&R:14]:[c&D2&v4&H1&+0&R&z1:15]:1>>[C&D3&v4&H0&+0&R&z0:10]1=[C&D2&v4&H1&+0&R&z1:15]-[N&D3&v3&H0&+0&R:14]-[C&D2&v4&H1&+0&R&z1:13]=[C&D2&v4&H1&+0&R&z0:12]-[C&D2&v4&H2&+0&R&z0:11]-1.[O&D1&v2&H0&+0&!R:4]=[O&D1&v2&H0&+0&!R:9].[c&D3&v4&H0&+0&R&z0:3]1:[c&D2&v4&H1&+0&R&z0:5]:[c&D2&v4&H1&+0&R&z0:6]:[c&D3&v4&H0&+0&R&z1:7](-[O&D1&v2&H1&+0&!R:8]):[c&D3&v4&H0&+0&R&z1:1]:[c&D2&v4&H1&+0&R&z0:2]:1	Any;O2;Any
1659_1	Any;WATER;NAD_CoF	[C&D3&v4&H0&+0&R&z1:1]1=[C&D2&v4&H1&+0&R&z0:2]-[C&D4&v4&H0&+0&R&z1:3](-[O&D1&v2&H1&+0&!R:4])-[C&D2&v4&H1&+0&R&z0:5]=[C&D2&v4&H1&+0&R&z0:6]-[C&D3&v4&H0&+0&R&z1:7]-1=[O&D1&v2&H0&+0&!R:8].[O&D0&v2&H2&+0&!R:9].[c&D3&v4&H0&+0&R&z0:10]1:[c&D2&v4&H1&+0&R&z0:11]:[c&D2&v4&H1&+0&R&z0:12]:[c&D2&v4&H1&+0&R&z1:13]:[n&D3&v4&H0&+&R:14]:[c&D2&v4&H1&+0&R&z1:15]:1>>[C&D3&v4&H0&+0&R&z0:10]1=[C&D2&v4&H1&+0&R&z1:15]-[N&D3&v3&H0&+0&R:14]-[C&D2&v4&H1&+0&R&z1:13]=[C&D2&v4&H1&+0&R&z0:12]-[C&D2&v4&H2&+0&R&z0:11]-1.[O&D1&v2&H0&+0&!R:4]=[O&D1&v2&H0&+0&!R:9].[c&D3&v4&H0&+0&R&z0:3]1:[c&D2&v4&H1&+0&R&z0:5]:[c&D2&v4&H1&+0&R&z0:6]:[c&D3&v4&H0&+0&R&z1:7](-[O&D1&v2&H1&+0&!R:8]):[c&D3&v4&H0&+0&R&z1:1]:[c&D2&v4&H1&+0&R&z0:2]:1	NADH_CoF;O2;Any
1114_0	Any	[C&D4&v4&H0&+0&R&z0:1](-[C&D2&v4&H2&+0&R&z0:2])-[C&D3&v4&H1&+0&R&z0:3]-[C&D4&v4&H0&+0&R&z0:4]-[C&D3&v4&H1&+0&R&z0:5]-[C&D4&v4&H0&+0&R&z0:6]-[C&D4&v4&H0&+0&R&z0:7]-[C&D3&v4&H1&+0&R&z0:8]-[C&D4&v4&H0&+0&R&z0:9]-[C&D3&v4&H1&+0&R&z0:10]-[C&D4&v4&H0&+0&R&z0:11]-[C&D3&v4&H1&+0&R&z1:12]-[O&D1&v2&H1&+0&!R:13]>>([C&D2&v4&H1&+0&!R&z0:8]=[C&D3&v4&H0&+0&!R&z0:7].[C&D2&v4&H1&+0&!R&z0:10]=[C&D3&v4&H0&+0&!R&z0:9].[C&D2&v4&H1&+0&!R&z0:12]=[C&D3&v4&H0&+0&!R&z0:11].[C&D3&v4&H0&+0&!R&z0:1]=[C&D2&v4&H1&+0&!R&z0:2].[C&D3&v4&H0&+0&!R&z0:4]=[C&D2&v4&H1&+0&!R&z0:3].[C&D3&v4&H0&+0&!R&z0:6]=[C&D2&v4&H1&+0&!R&z0:5]).[O&D0&v2&H2&+0&!R:13]	Any;WATER
605_0	Any;Any	[C&D1&v4&H2&+0&!R&z1:1]=[O&D1&v2&H0&+0&!R:2].[C&D2&v4&H2&+0&!R&z1:3]>>[C&D3&v4&H1&+0&!R&z1:3]-[C&D2&v4&H2&+0&!R&z1:1]-[O&D1&v2&H1&+0&!R:2]	Any
202_0	Any;Any	[C&D2&v4&H2&+0&!R&z1:1]-[C&D2&v4&H1&+0&!R&z1:2]=[O&D1&v2&H0&+0&!R:3].[O&D1&v2&H1&+0&!R:4]>>[C&D2&v4&H1&+0&!R&z1:1]=[C&D2&v4&H1&+0&!R&z1:2]-[O&D2&v2&H0&+0&!R:4].[O&D0&v2&H2&+0&!R:3]	Any;WATER
1034_0	Any;Any	[N&D1&v3&H2&+0&!R:1].[O&D1&v2&H1&+0&!R:2]-[c&D3&v4&H0&+0&R&z3:3]>>[N&D2&v3&H1&+0&!R:1]-[c&D3&v4&H0&+0&R&z3:3].[O&D0&v2&H2&+0&!R:2]	Any;WATER
717_0	ACETYL-COA;Any	[C&D1&v4&H3&+0&!R&z0:1].[C&D3&v4&H1&+0&!R&z1:2]-[C&D2&v4&H2&+0&!R&z0:3]>>[C&D1&v4&H3&+0&!R&z0:3].[C&D3&v4&H1&+0&!R&z1:2]-[C&D2&v4&H2&+0&!R&z0:1]	Any;Any
717_1	Any;Any	[C&D1&v4&H3&+0&!R&z0:1].[C&D3&v4&H1&+0&!R&z1:2]-[C&D2&v4&H2&+0&!R&z0:3]>>[C&D1&v4&H3&+0&!R&z0:3].[C&D3&v4&H1&+0&!R&z1:2]-[C&D2&v4&H2&+0&!R&z0:1]	ACETYL-COA;Any
922_0	Any;WATER;O2	[C&D2&v4&H1&+0&!R&z0:1]-[C&D2&v4&H2&+0&!R&z1:2]-[S&D2&v2&H0&+0&!R:3].[O&D0&v2&H2&+0&!R:4].[O&D1&v2&H0&+0&!R:5]=[O&D1&v2&H0&+0&!R:6]>>[C&D2&v4&H1&+0&!R&z0:1]-[C&D2&v4&H1&+0&!R&z1:2]=[O&D1&v2&H0&+0&!R:4].[O&D1&v2&H1&+0&!R:5]-[O&D1&v2&H1&+0&!R:6].[S&D1&v2&H1&+0&!R:3]	Any;H2O2;Any
684_0	Any;Any	[C&D3&v4&H0&+0&!R&z1:1](=[O&D1&v2&H0&+0&!R:2])-[C&D4&v4&H0&+0&!R&z1:3]-[C&D1&v4&H3&+0&!R&z0:4].[C&D3&v4&H0&+0&R&z0:5]1=[C&D2&v4&H1&+0&R&z1:6]-[N&D3&v3&H0&+0&R:7]-[C&D2&v4&H1&+0&R&z1:8]=[C&D2&v4&H1&+0&R&z0:9]-[C&D2&v4&H2&+0&R&z0:10]-1>>[C&D1&v4&H3&+0&!R&z0:4]-[C&D4&v4&H0&+0&!R&z1:1](-[O&D1&v2&H1&+0&!R:2])-[C&D3&v4&H1&+0&!R&z1:3].[c&D3&v4&H0&+0&R&z0:5]1:[c&D2&v4&H1&+0&R&z0:10]:[c&D2&v4&H1&+0&R&z0:9]:[c&D2&v4&H1&+0&R&z1:8]:[n&D3&v4&H0&+&R:7]:[c&D2&v4&H1&+0&R&z1:6]:1	Any;Any
684_1	Any;NADH_CoF	[C&D3&v4&H0&+0&!R&z1:1](=[O&D1&v2&H0&+0&!R:2])-[C&D4&v4&H0&+0&!R&z1:3]-[C&D1&v4&H3&+0&!R&z0:4].[C&D3&v4&H0&+0&R&z0:5]1=[C&D2&v4&H1&+0&R&z1:6]-[N&D3&v3&H0&+0&R:7]-[C&D2&v4&H1&+0&R&z1:8]=[C&D2&v4&H1&+0&R&z0:9]-[C&D2&v4&H2&+0&R&z0:10]-1>>[C&D1&v4&H3&+0&!R&z0:4]-[C&D4&v4&H0&+0&!R&z1:1](-[O&D1&v2&H1&+0&!R:2])-[C&D3&v4&H1&+0&!R&z1:3].[c&D3&v4&H0&+0&R&z0:5]1:[c&D2&v4&H1&+0&R&z0:10]:[c&D2&v4&H1&+0&R&z0:9]:[c&D2&v4&H1&+0&R&z1:8]:[n&D3&v4&H0&+&R:7]:[c&D2&v4&H1&+0&R&z1:6]:1	Any;NAD_CoF
511_0	Any;PPI	[C&D1&v4&H2&+0&!R&z0:1]=[C&D3&v4&H0&+0&R&z0:2]-[C&D2&v4&H1&+0&R&z0:3]=[C&D2&v4&H1&+0&R&z0:4]-[C&D3&v4&H1&+0&R&z0:5]-[C&D3&v4&H1&+0&!R&z0:6].[O&D1&v2&H1&+0&!R:7]>>([C&D3&v4&H0&+0&!R&z0:2](-[C&D1&v4&H3&+0&!R&z0:1])=[C&D2&v4&H1&+0&!R&z0:3]-[C&D2&v4&H2&+0&!R&z1:4]-[O&D2&v2&H0&+0&!R:7].[C&D3&v4&H0&+0&!R&z0:6]=[C&D2&v4&H1&+0&!R&z0:5])	Any
2034_0	O2;Any	[O&D1&v2&H0&+0&!R:1]=[O&D1&v2&H0&+0&!R:2].[c&D3&v4&H0&+0&R&z0:3]1:[c&D2&v4&H1&+0&R&z0:4]:[c&D3&v4&H0&+0&R&z1:5](-[O&D1&v2&H1&+0&!R:6]):[c&D3&v4&H0&+0&R&z1:7]:[c&D3&v4&H0&+0&R&z1:8]:[c&D2&v4&H1&+0&R&z0:9]:1>>[O&D1&v2&H0&+0&!R:1]=[C&D3&v4&H0&+0&!R&z2:8]-[C&D2&v4&H1&+0&!R&z0:9]=[C&D3&v4&H0&+0&!R&z0:3]-[C&D2&v4&H2&+0&!R&z0:4]-[C&D3&v4&H0&+0&!R&z1:5](=[O&D1&v2&H0&+0&!R:6])-[C&D3&v4&H0&+0&!R&z2:7]=[O&D1&v2&H0&+0&!R:2]	Any
940_0	Any	([C&D3&v4&H0&+0&!R&z0:1]=[C&D2&v4&H1&+0&!R&z0:2].[C&D3&v4&H0&+0&!R&z0:3]=[C&D2&v4&H1&+0&!R&z0:4]-[C&D2&v4&H2&+0&!R&z0:5]-[C&D2&v4&H2&+0&!R&z0:6]-[C&D3&v4&H0&+0&!R&z0:7](-[C&D1&v4&H3&+0&!R&z0:8])=[C&D2&v4&H1&+0&!R&z0:9]-[C&D2&v4&H2&+0&!R&z1:10]-[O&D2&v2&H0&+0&!R:11])>>[C&D1&v4&H2&+0&!R&z0:8]=[C&D3&v4&H0&+0&R&z0:7]1-[C&D2&v4&H2&+0&R&z0:9]-[C&D2&v4&H2&+0&R&z0:10]-[C&D3&v4&H1&+0&R&z0:6]2-[C&D3&v4&H1&+0&R&z0:5](-[C&D3&v4&H1&+0&R&z0:2]-[C&D3&v4&H1&+0&!R&z0:1])-[C&D3&v4&H1&+0&R&z0:4]-1-[C&D4&v4&H0&+0&R&z0:3]-2.[O&D1&v2&H1&+0&!R:11]	Any;PPI
842_0	Any;WATER;CoA;Any	[C&D2&v4&H1&+0&!R&z1:1]-[C&D2&v4&H2&+0&!R&z0:2]-[C&D3&v4&H0&+0&!R&z2:3].[O&D0&v2&H2&+0&!R:4].[S&D1&v2&H1&+0&!R:5].[c&D3&v4&H0&+0&R&z0:6]1:[c&D2&v4&H1&+0&R&z0:7]:[c&D2&v4&H1&+0&R&z0:8]:[c&D2&v4&H1&+0&R&z1:9]:[n&D3&v4&H0&+&R:10]:[c&D2&v4&H1&+0&R&z1:11]:1>>[C&D1&v4&H3&+0&!R&z0:2]-[C&D3&v4&H0&+0&!R&z2:1]-[S&D2&v2&H0&+0&!R:5].[C&D3&v4&H0&+0&!R&z3:3]-[O&D1&v2&H1&+0&!R:4].[C&D3&v4&H0&+0&R&z0:6]1=[C&D2&v4&H1&+0&R&z1:11]-[N&D3&v3&H0&+0&R:10]-[C&D2&v4&H1&+0&R&z1:9]=[C&D2&v4&H1&+0&R&z0:8]-[C&D2&v4&H2&+0&R&z0:7]-1	ACETYL-COA;CO3;Any
842_1	Any;WATER;CoA;NAD_CoF	[C&D2&v4&H1&+0&!R&z1:1]-[C&D2&v4&H2&+0&!R&z0:2]-[C&D3&v4&H0&+0&!R&z2:3].[O&D0&v2&H2&+0&!R:4].[S&D1&v2&H1&+0&!R:5].[c&D3&v4&H0&+0&R&z0:6]1:[c&D2&v4&H1&+0&R&z0:7]:[c&D2&v4&H1&+0&R&z0:8]:[c&D2&v4&H1&+0&R&z1:9]:[n&D3&v4&H0&+&R:10]:[c&D2&v4&H1&+0&R&z1:11]:1>>[C&D1&v4&H3&+0&!R&z0:2]-[C&D3&v4&H0&+0&!R&z2:1]-[S&D2&v2&H0&+0&!R:5].[C&D3&v4&H0&+0&!R&z3:3]-[O&D1&v2&H1&+0&!R:4].[C&D3&v4&H0&+0&R&z0:6]1=[C&D2&v4&H1&+0&R&z1:11]-[N&D3&v3&H0&+0&R:10]-[C&D2&v4&H1&+0&R&z1:9]=[C&D2&v4&H1&+0&R&z0:8]-[C&D2&v4&H2&+0&R&z0:7]-1	ACETYL-COA;CO3;NADH_CoF
1113_0	Any	([C&D4&v4&H0&+0&R&z0:1]1-[C&D3&v4&H1&+0&R&z0:2]-[C&D2&v4&H2&+0&R&z0:3]-[C&D3&v4&H1&+0&R&z1:4](-[C&D4&v4&H0&+0&R&z0:5]-1)-[O&D2&v2&H0&+0&!R:6].[O&D1&v2&H1&+0&!R:7])>>([C&D3&v4&H0&+0&!R&z0:1]=[C&D2&v4&H1&+0&!R&z0:2].[C&D3&v4&H0&+0&!R&z0:5]=[C&D2&v4&H1&+0&!R&z0:4]-[C&D2&v4&H2&+0&!R&z1:3]-[O&D2&v2&H0&+0&!R:7].[O&D1&v2&H1&+0&!R:6])	Any
1478_0	Any;Any	[C&D2&v4&H2&+0&!R&z1:1]-[O&D1&v2&H1&+0&!R:2].[n&D2&v3&H0&+0&R:3]>>[C&D2&v4&H2&+0&!R&z1:1]-[n&D3&v4&H0&+&R:3].[O&D0&v2&H2&+0&!R:2]	Any;WATER
1534_0	Any;Any	[N&D1&v3&H2&+0&!R:1].[O&D1&v2&H0&+0&!R:2]=[C&D2&v4&H1&+0&!R&z1:3]-[C&D3&v4&H1&+0&!R&z1:4](-[O&D1&v2&H1&+0&!R:5])-[C&D2&v4&H2&+0&!R&z1:6]-[O&D2&v2&H0&+0&!R:7]>>[N&D2&v3&H1&+0&!R:1]-[C&D2&v4&H2&+0&!R&z1:6]-[C&D2&v4&H2&+0&!R&z0:4]-[C&D3&v4&H0&+0&!R&z2:3](=[O&D1&v2&H0&+0&!R:2])-[O&D1&v2&H1&+0&!R:5].[O&D1&v2&H1&+0&!R:7]	Any;Pi
1258_0	Any	[C&D3&v4&H1&+0&!R&z1:1]-[O&D2&v2&H0&+0&!R:2]-[O&D1&v2&H1&+0&!R:3]>>[C&D3&v4&H0&+0&!R&z1:1]=[O&D1&v2&H0&+0&!R:2].[O&D0&v2&H2&+0&!R:3]	Any;WATER
735_0	Any;Any	([C&D2&v4&H1&+0&!R&z1:1]=[O&D1&v2&H0&+0&!R:2].[O&D1&v2&H1&+0&!R:3]).[P&D4&v5&H0&+0&!R:4]-[O&D1&v2&H1&+0&!R:5]>>[C&D3&v4&H1&+0&R&z2:1](-[O&D2&v2&H0&+0&!R:2]-[P&D4&v5&H0&+0&!R:4])-[O&D2&v2&H0&+0&R:3].[O&D0&v2&H2&+0&!R:5]	Any;WATER
1521_0	Any;NH3	[C&D2&v4&H2&+0&!R&z0:1]-[C&D2&v4&H1&+0&!R&z0:2]=[C&D2&v4&H1&+0&!R&z0:3]-[C&D3&v4&H0&+0&!R&z1:4]=[O&D1&v2&H0&+0&!R:5].[N&D0&v3&H3&+0&!R:6]>>[N&D1&v3&H2&+0&!R:6]-[C&D3&v4&H0&+0&!R&z1:4]=[C&D2&v4&H1&+0&!R&z0:3]-[C&D2&v4&H1&+0&!R&z0:2]=[C&D2&v4&H1&+0&!R&z0:1].[O&D0&v2&H2&+0&!R:5]	Any;WATER
1231_0	Any	[C&D3&v4&H1&+0&R&z0:1]1-[C&D3&v4&H0&+0&R&z1:2](=[O&D1&v2&H0&+0&!R:3])-[C&D2&v4&H1&+0&R&z0:4]=[C&D2&v4&H1&+0&R&z0:5]-[C&D3&v4&H1&+0&R&z0:6]-1>>[C&D3&v4&H1&+0&R&z1:1]1-[O&D2&v2&H0&+0&R:3]-[C&D3&v4&H0&+0&R&z1:2]-1=[C&D2&v4&H1&+0&!R&z0:4]-[C&D2&v4&H1&+0&!R&z0:5]=[C&D2&v4&H1&+0&!R&z0:6]	Any
1277_0	Any	[C&D2&v4&H1&+0&!R&z0:1]-[C&D2&v4&H2&+0&!R&z0:2]-[C&D3&v4&H1&+0&!R&z1:3]-[O&D1&v2&H1&+0&!R:4]>>[C&D2&v4&H1&+0&!R&z0:1]-[C&D2&v4&H1&+0&!R&z0:2]=[C&D2&v4&H1&+0&!R&z0:3].[O&D0&v2&H2&+0&!R:4]	Any;WATER
1174_0	NH3;Any	[N&D0&v3&H3&+0&!R:1].[c&D3&v4&H0&+0&R&z2:2]-[O&D1&v2&H1&+0&!R:3]>>[O&D0&v2&H2&+0&!R:3].[c&D3&v4&H0&+0&R&z2:2]-[N&D1&v3&H2&+0&!R:1]	WATER;Any
1327_0	Any;WATER;O2	[C&D1&v4&H3&+0&!R&z1:1]-[N&D1&v3&H2&+0&!R:2].[O&D0&v2&H2&+0&!R:3].[O&D1&v2&H0&+0&!R:4]=[O&D1&v2&H0&+0&!R:5]>>[C&D1&v4&H2&+0&!R&z1:1]=[O&D1&v2&H0&+0&!R:3].[N&D0&v3&H3&+0&!R:2].[O&D1&v2&H1&+0&!R:4]-[O&D1&v2&H1&+0&!R:5]	Any;NH3;H2O2
1085_0	Any;Any	[C&D1&v4&H3&+0&!R&z0:1]-[C&D4&v4&H0&+0&!R&z1:2](-[O&D1&v2&H1&+0&!R:3])-[C&D2&v4&H2&+0&!R&z0:4]-[C&D3&v4&H0&+0&!R&z2:5]-[O&D1&v2&H1&+0&!R:6].[P&D4&v5&H0&+0&!R:7]-[O&D2&v2&H0&+0&!R:8]>>[C&D1&v4&H2&+0&!R&z0:1]=[C&D3&v4&H0&+0&!R&z0:2]-[C&D1&v4&H3&+0&!R&z0:4].[O&D1&v2&H0&+0&!R:6]=[C&D2&v4&H0&+0&!R&z2:5].[O&D1&v2&H1&+0&!R:8].[P&D4&v5&H0&+0&!R:7]-[O&D1&v2&H1&+0&!R:3]	Any;CO2;Pi;Any
1085_1	Any;PHOSPHATE_DONOR_CoF	[C&D1&v4&H3&+0&!R&z0:1]-[C&D4&v4&H0&+0&!R&z1:2](-[O&D1&v2&H1&+0&!R:3])-[C&D2&v4&H2&+0&!R&z0:4]-[C&D3&v4&H0&+0&!R&z2:5]-[O&D1&v2&H1&+0&!R:6].[P&D4&v5&H0&+0&!R:7]-[O&D2&v2&H0&+0&!R:8]>>[C&D1&v4&H2&+0&!R&z0:1]=[C&D3&v4&H0&+0&!R&z0:2]-[C&D1&v4&H3&+0&!R&z0:4].[O&D1&v2&H0&+0&!R:6]=[C&D2&v4&H0&+0&!R&z2:5].[O&D1&v2&H1&+0&!R:8].[P&D4&v5&H0&+0&!R:7]-[O&D1&v2&H1&+0&!R:3]	Any;CO2;Pi;PHOSPHATE_ACCEPTOR_CoF
1980_0	Any	[O&D1&v2&H0&+0&!R:1]=[C&D3&v4&H0&+0&!R&z2:2]-[C&D2&v4&H1&+0&!R&z0:3]=[C&D3&v4&H0&+0&!R&z1:4]-[C&D2&v4&H1&+0&!R&z0:5]=[C&D3&v4&H0&+0&!R&z1:6]-[C&D3&v4&H0&+0&!R&z2:7]=[O&D1&v2&H0&+0&!R:8]>>[O&D1&v2&H0&+0&!R:1]=[O&D1&v2&H0&+0&!R:8].[c&D3&v4&H0&+0&R&z1:2]1:[c&D2&v4&H1&+0&R&z0:3]:[c&D3&v4&H0&+0&R&z1:4]:[c&D2&v4&H1&+0&R&z0:5]:[c&D3&v4&H0&+0&R&z1:6]:[c&D3&v4&H0&+0&R&z1:7]:1	O2;Any
1161_0	Any;Any	[C&D3&v4&H1&+0&R&z0:1]-[C&D3&v4&H1&+0&!R&z0:2].[c&D3&v4&H0&+0&R&z0:3]1:[c&D2&v4&H1&+0&R&z0:4]:[c&D2&v4&H1&+0&R&z0:5]:[c&D2&v4&H1&+0&R&z1:6]:[n&D3&v4&H0&+&R:7]:[c&D2&v4&H1&+0&R&z1:8]:1>>[C&D3&v4&H0&+0&!R&z0:2]=[C&D3&v4&H0&+0&R&z0:1].[C&D3&v4&H0&+0&R&z0:3]1=[C&D2&v4&H1&+0&R&z1:8]-[N&D3&v3&H0&+0&R:7]-[C&D2&v4&H1&+0&R&z1:6]=[C&D2&v4&H1&+0&R&z0:5]-[C&D2&v4&H2&+0&R&z0:4]-1	Any;Any
1161_1	Any;NAD_CoF	[C&D3&v4&H1&+0&R&z0:1]-[C&D3&v4&H1&+0&!R&z0:2].[c&D3&v4&H0&+0&R&z0:3]1:[c&D2&v4&H1&+0&R&z0:4]:[c&D2&v4&H1&+0&R&z0:5]:[c&D2&v4&H1&+0&R&z1:6]:[n&D3&v4&H0&+&R:7]:[c&D2&v4&H1&+0&R&z1:8]:1>>[C&D3&v4&H0&+0&!R&z0:2]=[C&D3&v4&H0&+0&R&z0:1].[C&D3&v4&H0&+0&R&z0:3]1=[C&D2&v4&H1&+0&R&z1:8]-[N&D3&v3&H0&+0&R:7]-[C&D2&v4&H1&+0&R&z1:6]=[C&D2&v4&H1&+0&R&z0:5]-[C&D2&v4&H2&+0&R&z0:4]-1	Any;NADH_CoF
764_0	Any	([C&D3&v4&H0&+0&!R&z2:1]=[O&D1&v2&H0&+0&!R:2].[N&D1&v3&H2&+0&!R:3])>>[C&D3&v4&H0&+0&R&z2:1]=[N&D2&v3&H0&+0&R:3].[O&D0&v2&H2&+0&!R:2]	Any;WATER
523_0	Any	[C&D1&v4&H2&+0&!R&z0:1]=[C&D3&v4&H0&+0&R&z0:2]-[C&D3&v4&H1&+0&R&z0:3]-[C&D4&v4&H0&+0&R&z0:4]-[C&D3&v4&H1&+0&R&z0:5]-[C&D4&v4&H0&+0&R&z0:6]-[C&D2&v4&H2&+0&R&z0:7]>>([C&D3&v4&H0&+0&!R&z0:2](-[C&D1&v4&H3&+0&!R&z0:1])=[C&D2&v4&H1&+0&!R&z0:3].[C&D3&v4&H0&+0&!R&z0:6]=[C&D2&v4&H1&+0&!R&z0:7].[C&D3&v4&H0&+0&!R&z0:4]=[C&D2&v4&H1&+0&!R&z0:5])	Any
1485_0	Any;SULFATE	([C&D3&v4&H1&+0&R&z2:1]1-[C&D2&v4&H2&+0&R&z1:2]-[S&D2&v2&H0&+0&R:3]-1.[N&D1&v3&H0&+0&!R:4]#[C&D2&v4&H0&+0&!R&z2:5]).[O&D1&v2&H1&+0&!R:6]>>([C&D1&v4&H2&+0&!R&z0:2]=[C&D2&v4&H1&+0&!R&z1:1].[C&D3&v4&H0&+0&!R&z3:5](-[S&D1&v2&H1&+0&!R:3])=[N&D2&v3&H0&+0&!R:4]-[O&D2&v2&H0&+0&!R:6])	Any
760_0	Any;CO2	[C&D2&v4&H2&+0&R&z1:1].[O&D1&v2&H0&+0&!R:2]=[C&D2&v4&H0&+0&!R&z2:3]>>[C&D3&v4&H1&+0&R&z1:1]-[C&D3&v4&H0&+0&!R&z2:3]-[O&D1&v2&H1&+0&!R:2]	Any
1063_0	Any;Any	[C&D4&v4&H0&+0&!R&z1:1]-[C&D2&v4&H2&+0&!R&z1:2]-[O&D1&v2&H1&+0&!R:3].([N&D2&v3&H1&+0&!R:4].[N&D2&v3&H1&+0&R:5])>>[C&D3&v4&H1&+0&!R&z1:1].[N&D3&v3&H0&+0&R:5]-[C&D2&v4&H2&+0&R&z2:2]-[N&D3&v3&H0&+0&R:4].[O&D0&v2&H2&+0&!R:3]	Any;Any;WATER
1672_0	Any;Any	[C&D3&v4&H0&+0&!R&z2:1](-[O&D1&v2&H1&+0&!R:2])-[C&D2&v4&H2&+0&!R&z0:3]-[C&D3&v4&H1&+0&!R&z1:4]-[O&D1&v2&H1&+0&!R:5].[c&D3&v4&H0&+0&R&z0:6]1:[c&D2&v4&H1&+0&R&z0:7]:[c&D2&v4&H1&+0&R&z0:8]:[c&D2&v4&H1&+0&R&z1:9]:[n&D3&v4&H0&+&R:10]:[c&D2&v4&H1&+0&R&z1:11]:1>>[C&D1&v4&H3&+0&!R&z0:3]-[C&D3&v4&H0&+0&!R&z1:4]=[O&D1&v2&H0&+0&!R:5].[C&D3&v4&H0&+0&R&z0:6]1=[C&D2&v4&H1&+0&R&z1:11]-[N&D3&v3&H0&+0&R:10]-[C&D2&v4&H1&+0&R&z1:9]=[C&D2&v4&H1&+0&R&z0:8]-[C&D2&v4&H2&+0&R&z0:7]-1.[O&D1&v2&H0&+0&!R:2]=[C&D2&v4&H0&+0&!R&z2:1]	Any;Any;CO2
1672_1	Any;NAD_CoF	[C&D3&v4&H0&+0&!R&z2:1](-[O&D1&v2&H1&+0&!R:2])-[C&D2&v4&H2&+0&!R&z0:3]-[C&D3&v4&H1&+0&!R&z1:4]-[O&D1&v2&H1&+0&!R:5].[c&D3&v4&H0&+0&R&z0:6]1:[c&D2&v4&H1&+0&R&z0:7]:[c&D2&v4&H1&+0&R&z0:8]:[c&D2&v4&H1&+0&R&z1:9]:[n&D3&v4&H0&+&R:10]:[c&D2&v4&H1&+0&R&z1:11]:1>>[C&D1&v4&H3&+0&!R&z0:3]-[C&D3&v4&H0&+0&!R&z1:4]=[O&D1&v2&H0&+0&!R:5].[C&D3&v4&H0&+0&R&z0:6]1=[C&D2&v4&H1&+0&R&z1:11]-[N&D3&v3&H0&+0&R:10]-[C&D2&v4&H1&+0&R&z1:9]=[C&D2&v4&H1&+0&R&z0:8]-[C&D2&v4&H2&+0&R&z0:7]-1.[O&D1&v2&H0&+0&!R:2]=[C&D2&v4&H0&+0&!R&z2:1]	Any;NADH_CoF;CO2
909_0	Any;WATER	([C&D3&v4&H0&+0&!R&z0:1]=[C&D2&v4&H1&+0&!R&z0:2].[C&D3&v4&H0&+0&!R&z0:3]=[C&D2&v4&H1&+0&!R&z0:4].[C&D3&v4&H0&+0&!R&z0:5]=[C&D2&v4&H1&+0&!R&z0:6].[C&D3&v4&H0&+0&!R&z0:7]=[C&D2&v4&H1&+0&!R&z0:8].[C&D3&v4&H0&+0&!R&z0:9]=[C&D2&v4&H1&+0&!R&z0:10]).[O&D0&v2&H2&+0&!R:11]>>[C&D3&v4&H1&+0&R&z0:10](-[C&D4&v4&H0&+0&R&z1:5]-[O&D1&v2&H1&+0&!R:11])-[C&D4&v4&H0&+0&R&z0:9]-[C&D3&v4&H1&+0&R&z0:4]-[C&D4&v4&H0&+0&R&z0:3]-[C&D3&v4&H1&+0&R&z0:8]-[C&D4&v4&H0&+0&R&z0:7]-[C&D3&v4&H1&+0&R&z0:2]-[C&D4&v4&H0&+0&R&z0:1]-[C&D2&v4&H2&+0&R&z0:6]	Any
958_0	Any	([C&D3&v4&H0&+0&!R&z0:1]=[C&D2&v4&H1&+0&!R&z0:2].[C&D3&v4&H0&+0&!R&z0:3]=[C&D2&v4&H1&+0&!R&z0:4]-[C&D2&v4&H2&+0&!R&z0:5]-[C&D2&v4&H2&+0&!R&z0:6]-[C&D3&v4&H0&+0&!R&z0:7]=[C&D2&v4&H1&+0&!R&z0:8]-[C&D2&v4&H2&+0&!R&z1:9]-[O&D2&v2&H0&+0&!R:10])>>[C&D3&v4&H0&+0&R&z0:7]1=[C&D2&v4&H1&+0&R&z0:8]-[C&D2&v4&H2&+0&R&z0:9]-[C&D3&v4&H1&+0&R&z0:6]2-[C&D3&v4&H1&+0&R&z0:5](-[C&D3&v4&H1&+0&R&z0:2]-[C&D3&v4&H1&+0&!R&z0:1])-[C&D3&v4&H1&+0&R&z0:4]-1-[C&D4&v4&H0&+0&R&z0:3]-2.[O&D1&v2&H1&+0&!R:10]	Any;PPI
1735_0	Any;SULFITE	[C&D2&v4&H2&+0&!R&z1:1]-[O&D2&v2&H0&+0&!R:2].[S&D3&v4&H0&+0&!R:3]-[O&D1&v2&H1&+0&!R:4]>>[C&D2&v4&H2&+0&!R&z1:1]-[S&D4&v6&H0&+0&!R:3]=[O&D1&v2&H0&+0&!R:4].[O&D1&v2&H1&+0&!R:2]	Any;Pi
283_0	Any;Any;O2	[C&D3&v4&H0&+0&!R&z1:1]-[C&D3&v4&H0&+0&!R&z2:2]-[O&D1&v2&H1&+0&!R:3].[N&D2&v3&H0&+0&!R:4]-[C&D1&v4&H3&+0&!R&z1:5].[O&D1&v2&H0&+0&!R:6]=[O&D1&v2&H0&+0&!R:7]>>[C&D1&v4&H2&+0&!R&z1:5]=[O&D1&v2&H0&+0&!R:7].[C&D3&v4&H0&+0&!R&z2:1]-[O&D1&v2&H1&+0&!R:6].[N&D1&v3&H1&+0&!R:4].[O&D1&v2&H0&+0&!R:3]=[C&D2&v4&H0&+0&!R&z2:2]	Any;Any;Any;CO2
1761_0	AMINO_CoF;Any	[N&D1&v3&H2&+0&!R:1]-[C&D2&v4&H2&+0&!R&z1:2].[O&D1&v2&H0&+0&!R:3]=[C&D2&v4&H1&+0&!R&z1:4]>>[N&D1&v3&H2&+0&!R:1]-[C&D2&v4&H2&+0&!R&z1:4].[O&D1&v2&H0&+0&!R:3]=[C&D2&v4&H1&+0&!R&z1:2]	Any;CARBONYL_CoF
1761_1	Any;Any	[N&D1&v3&H2&+0&!R:1]-[C&D2&v4&H2&+0&!R&z1:2].[O&D1&v2&H0&+0&!R:3]=[C&D2&v4&H1&+0&!R&z1:4]>>[N&D1&v3&H2&+0&!R:1]-[C&D2&v4&H2&+0&!R&z1:4].[O&D1&v2&H0&+0&!R:3]=[C&D2&v4&H1&+0&!R&z1:2]	Any;Any
1761_2	Any;CARBONYL_CoF	[N&D1&v3&H2&+0&!R:1]-[C&D2&v4&H2&+0&!R&z1:2].[O&D1&v2&H0&+0&!R:3]=[C&D2&v4&H1&+0&!R&z1:4]>>[N&D1&v3&H2&+0&!R:1]-[C&D2&v4&H2&+0&!R&z1:4].[O&D1&v2&H0&+0&!R:3]=[C&D2&v4&H1&+0&!R&z1:2]	AMINO_CoF;Any
1833_0	Any;Any;Pi	[C&D3&v4&H0&+0&!R&z3:1]-[N&D2&v3&H1&+0&!R:2].[O&D1&v2&H1&+0&!R:3].[P&D4&v5&H0&+0&!R:4]-[O&D1&v2&H1&+0&!R:5]>>[C&D3&v4&H0&+0&!R&z3:1]-[O&D1&v2&H1&+0&!R:5].[N&D1&v3&H2&+0&!R:2].[O&D2&v2&H0&+0&!R:3]-[P&D4&v5&H0&+0&!R:4]	CO3;Any;Any
1833_1	Any;PHOSPHATE_ACCEPTOR_CoF;Pi	[C&D3&v4&H0&+0&!R&z3:1]-[N&D2&v3&H1&+0&!R:2].[O&D1&v2&H1&+0&!R:3].[P&D4&v5&H0&+0&!R:4]-[O&D1&v2&H1&+0&!R:5]>>[C&D3&v4&H0&+0&!R&z3:1]-[O&D1&v2&H1&+0&!R:5].[N&D1&v3&H2&+0&!R:2].[O&D2&v2&H0&+0&!R:3]-[P&D4&v5&H0&+0&!R:4]	CO3;Any;PHOSPHATE_DONOR_CoF
1166_0	Any;Any;WATER	[N&D1&v3&H2&+0&!R:1]-[C&D2&v4&H2&+0&!R&z1:2].[N&D3&v3&H0&+0&R:3]-[C&D2&v4&H2&+0&R&z2:4]-[N&D3&v3&H0&+0&R:5].[O&D0&v2&H2&+0&!R:6]>>[N&D1&v3&H2&+0&!R:1]-[C&D3&v4&H1&+0&!R&z1:2]-[C&D2&v4&H2&+0&!R&z1:4]-[O&D1&v2&H1&+0&!R:6].([N&D2&v3&H1&+0&!R:5].[N&D2&v3&H1&+0&R:3])	Any;Any
1734_0	Any	[N&D1&v3&H2&+0&!R:1]-[C&D3&v4&H1&+0&!R&z1:2]-[C&D2&v4&H2&+0&!R&z1:3]-[O&D1&v2&H1&+0&!R:4]>>[C&D1&v4&H3&+0&!R&z0:3]-[C&D3&v4&H0&+0&!R&z1:2]=[O&D1&v2&H0&+0&!R:4].[N&D0&v3&H3&+0&!R:1]	Any;NH3
1318_0	Any;Any	[C&D1&v4&H3&+0&!R&z1:1]-[S&D2&v2&H0&+0&!R:2].[N&D3&v3&H0&+0&!R:3]>>[C&D1&v4&H3&+0&!R&z1:1]-[N&D4&v4&H0&+&!R:3].[S&D1&v2&H1&+0&!R:2]	Any;Any
2054_0	Any	([C&D3&v4&H1&+0&R&z2:1]-[O&D1&v2&H1&+0&!R:2].[O&D1&v2&H1&+0&!R:3])>>[O&D0&v2&H2&+0&!R:2].[O&D2&v2&H0&+0&R:3]-[C&D3&v4&H1&+0&R&z2:1]	WATER;Any
1065_0	Any;Any;Any	[C&D3&v4&H0&+0&!R&z2:1]-[O&D1&v2&H1&+0&!R:2].[O&D1&v2&H1&+0&!R:3].[P&D4&v5&H0&+0&!R:4]-[O&D2&v2&H0&+0&!R:5]>>[C&D3&v4&H0&+0&!R&z2:1]-[O&D2&v2&H0&+0&!R:3].[O&D1&v2&H1&+0&!R:5].[P&D4&v5&H0&+0&!R:4]-[O&D1&v2&H1&+0&!R:2]	Any;Pi;Any
1065_1	Any;Any;PHOSPHATE_DONOR_CoF	[C&D3&v4&H0&+0&!R&z2:1]-[O&D1&v2&H1&+0&!R:2].[O&D1&v2&H1&+0&!R:3].[P&D4&v5&H0&+0&!R:4]-[O&D2&v2&H0&+0&!R:5]>>[C&D3&v4&H0&+0&!R&z2:1]-[O&D2&v2&H0&+0&!R:3].[O&D1&v2&H1&+0&!R:5].[P&D4&v5&H0&+0&!R:4]-[O&D1&v2&H1&+0&!R:2]	Any;Pi;PHOSPHATE_ACCEPTOR_CoF
1742_0	Any;WATER;Any	[C&D2&v4&H2&+0&!R&z0:1]-[c&D3&v4&H0&+0&R&z0:2].[O&D0&v2&H2&+0&!R:3].[O&D1&v2&H0&+0&!R:4]=[C&D2&v4&H1&+0&!R&z1:5]>>[C&D2&v4&H2&+0&!R&z1:1]-[O&D1&v2&H1&+0&!R:3].[C&D3&v4&H1&+0&!R&z1:5](-[O&D1&v2&H1&+0&!R:4])-[c&D3&v4&H0&+0&R&z0:2]	Any;Any
729_0	Any;Any;CO2	[C&D2&v4&H2&+0&!R&z1:1]-[S&D2&v2&H0&+0&!R:2].[C&D3&v4&H0&+0&R&z0:3]1=[C&D2&v4&H1&+0&R&z1:4]-[N&D3&v3&H0&+0&R:5]-[C&D2&v4&H1&+0&R&z1:6]=[C&D2&v4&H1&+0&R&z0:7]-[C&D2&v4&H2&+0&R&z0:8]-1.[O&D1&v2&H0&+0&!R:9]=[C&D2&v4&H0&+0&!R&z2:10]>>[C&D2&v4&H2&+0&!R&z0:1]-[C&D3&v4&H0&+0&!R&z2:10]-[O&D1&v2&H1&+0&!R:9].[S&D1&v2&H1&+0&!R:2].[c&D3&v4&H0&+0&R&z0:3]1:[c&D2&v4&H1&+0&R&z0:8]:[c&D2&v4&H1&+0&R&z0:7]:[c&D2&v4&H1&+0&R&z1:6]:[n&D3&v4&H0&+&R:5]:[c&D2&v4&H1&+0&R&z1:4]:1	Any;Any;Any
729_1	Any;NADH_CoF;CO2	[C&D2&v4&H2&+0&!R&z1:1]-[S&D2&v2&H0&+0&!R:2].[C&D3&v4&H0&+0&R&z0:3]1=[C&D2&v4&H1&+0&R&z1:4]-[N&D3&v3&H0&+0&R:5]-[C&D2&v4&H1&+0&R&z1:6]=[C&D2&v4&H1&+0&R&z0:7]-[C&D2&v4&H2&+0&R&z0:8]-1.[O&D1&v2&H0&+0&!R:9]=[C&D2&v4&H0&+0&!R&z2:10]>>[C&D2&v4&H2&+0&!R&z0:1]-[C&D3&v4&H0&+0&!R&z2:10]-[O&D1&v2&H1&+0&!R:9].[S&D1&v2&H1&+0&!R:2].[c&D3&v4&H0&+0&R&z0:3]1:[c&D2&v4&H1&+0&R&z0:8]:[c&D2&v4&H1&+0&R&z0:7]:[c&D2&v4&H1&+0&R&z1:6]:[n&D3&v4&H0&+&R:5]:[c&D2&v4&H1&+0&R&z1:4]:1	Any;Any;NAD_CoF
210_0	Any;WATER;Any;Any	[C&D2&v4&H2&+0&!R&z2:1].[O&D0&v2&H2&+0&!R:2].[c&D3&v4&H0&+0&R&z0:3]1:[c&D2&v4&H1&+0&R&z0:4]:[c&D2&v4&H1&+0&R&z0:5]:[c&D2&v4&H1&+0&R&z1:6]:[n&D3&v4&H0&+&R:7]:[c&D2&v4&H1&+0&R&z1:8]:1.[c&D3&v4&H0&+0&R&z0:9]1:[c&D2&v4&H1&+0&R&z0:10]:[c&D2&v4&H1&+0&R&z0:11]:[c&D2&v4&H1&+0&R&z1:12]:[n&D3&v4&H0&+&R:13]:[c&D2&v4&H1&+0&R&z1:14]:1>>[C&D3&v4&H0&+0&!R&z3:1]=[O&D1&v2&H0&+0&!R:2].[C&D3&v4&H0&+0&R&z0:9]1=[C&D2&v4&H1&+0&R&z1:14]-[N&D3&v3&H0&+0&R:13]-[C&D2&v4&H1&+0&R&z1:12]=[C&D2&v4&H1&+0&R&z0:11]-[C&D2&v4&H2&+0&R&z0:10]-1.[C&D3&v4&H0&+0&R&z0:3]1=[C&D2&v4&H1&+0&R&z1:8]-[N&D3&v3&H0&+0&R:7]-[C&D2&v4&H1&+0&R&z1:6]=[C&D2&v4&H1&+0&R&z0:5]-[C&D2&v4&H2&+0&R&z0:4]-1	Any;Any;Any
210_1	Any;WATER;NAD_CoF;NAD_CoF	[C&D2&v4&H2&+0&!R&z2:1].[O&D0&v2&H2&+0&!R:2].[c&D3&v4&H0&+0&R&z0:3]1:[c&D2&v4&H1&+0&R&z0:4]:[c&D2&v4&H1&+0&R&z0:5]:[c&D2&v4&H1&+0&R&z1:6]:[n&D3&v4&H0&+&R:7]:[c&D2&v4&H1&+0&R&z1:8]:1.[c&D3&v4&H0&+0&R&z0:9]1:[c&D2&v4&H1&+0&R&z0:10]:[c&D2&v4&H1&+0&R&z0:11]:[c&D2&v4&H1&+0&R&z1:12]:[n&D3&v4&H0&+&R:13]:[c&D2&v4&H1&+0&R&z1:14]:1>>[C&D3&v4&H0&+0&!R&z3:1]=[O&D1&v2&H0&+0&!R:2].[C&D3&v4&H0&+0&R&z0:9]1=[C&D2&v4&H1&+0&R&z1:14]-[N&D3&v3&H0&+0&R:13]-[C&D2&v4&H1&+0&R&z1:12]=[C&D2&v4&H1&+0&R&z0:11]-[C&D2&v4&H2&+0&R&z0:10]-1.[C&D3&v4&H0&+0&R&z0:3]1=[C&D2&v4&H1&+0&R&z1:8]-[N&D3&v3&H0&+0&R:7]-[C&D2&v4&H1&+0&R&z1:6]=[C&D2&v4&H1&+0&R&z0:5]-[C&D2&v4&H2&+0&R&z0:4]-1	Any;NADH_CoF;NADH_CoF
900_0	Any	[C&D4&v4&H0&+0&R&z1:1](-[C&D3&v4&H0&+0&R&z1:2]-[C&D3&v4&H0&+0&R&z1:3])-[c&D3&v4&H0&+0&R&z0:4]>>[C&D4&v4&H0&+0&R&z1:1](-[C&D3&v4&H0&+0&R&z1:2]-[c&D3&v4&H0&+0&R&z0:4])-[C&D3&v4&H0&+0&R&z1:3]	Any
515_0	Any;PPI	[C&D1&v4&H2&+0&!R&z0:1]=[C&D3&v4&H0&+0&R&z0:2]1-[C&D2&v4&H2&+0&R&z0:3]-[C&D2&v4&H2&+0&R&z0:4]-[C&D4&v4&H0&+0&R&z0:5]2(-[C&D3&v4&H1&+0&R&z0:6])-[C&D3&v4&H1&+0&R&z0:7](-[C&D3&v4&H1&+0&R&z0:8]-[C&D3&v4&H1&+0&!R&z0:9])-[C&D3&v4&H1&+0&R&z0:10]-1-2.[O&D1&v2&H1&+0&!R:11]>>([C&D3&v4&H0&+0&!R&z0:9]=[C&D2&v4&H1&+0&!R&z0:8].[C&D3&v4&H0&+0&!R&z0:6]=[C&D2&v4&H1&+0&!R&z0:5]-[C&D2&v4&H2&+0&!R&z0:10]-[C&D2&v4&H2&+0&!R&z0:7]-[C&D3&v4&H0&+0&!R&z0:2](-[C&D1&v4&H3&+0&!R&z0:1])=[C&D2&v4&H1&+0&!R&z0:3]-[C&D2&v4&H2&+0&!R&z1:4]-[O&D2&v2&H0&+0&!R:11])	Any
1652_0	Any;Any	[C&D3&v4&H1&+0&!R&z1:1](-[C&D2&v4&H2&+0&!R&z1:2]-[O&D1&v2&H1&+0&!R:3])-[C&D3&v4&H0&+0&!R&z2:4]-[O&D1&v2&H1&+0&!R:5].[c&D3&v4&H0&+0&R&z0:6]1:[c&D2&v4&H1&+0&R&z0:7]:[c&D2&v4&H1&+0&R&z0:8]:[c&D2&v4&H1&+0&R&z1:9]:[n&D3&v4&H0&+&R:10]:[c&D2&v4&H1&+0&R&z1:11]:1>>[C&D2&v4&H2&+0&!R&z1:1]-[C&D2&v4&H1&+0&!R&z1:2]=[O&D1&v2&H0&+0&!R:3].[C&D3&v4&H0&+0&R&z0:6]1=[C&D2&v4&H1&+0&R&z1:11]-[N&D3&v3&H0&+0&R:10]-[C&D2&v4&H1&+0&R&z1:9]=[C&D2&v4&H1&+0&R&z0:8]-[C&D2&v4&H2&+0&R&z0:7]-1.[O&D1&v2&H0&+0&!R:5]=[C&D2&v4&H0&+0&!R&z2:4]	Any;Any;CO2
1652_1	Any;NAD_CoF	[C&D3&v4&H1&+0&!R&z1:1](-[C&D2&v4&H2&+0&!R&z1:2]-[O&D1&v2&H1&+0&!R:3])-[C&D3&v4&H0&+0&!R&z2:4]-[O&D1&v2&H1&+0&!R:5].[c&D3&v4&H0&+0&R&z0:6]1:[c&D2&v4&H1&+0&R&z0:7]:[c&D2&v4&H1&+0&R&z0:8]:[c&D2&v4&H1&+0&R&z1:9]:[n&D3&v4&H0&+&R:10]:[c&D2&v4&H1&+0&R&z1:11]:1>>[C&D2&v4&H2&+0&!R&z1:1]-[C&D2&v4&H1&+0&!R&z1:2]=[O&D1&v2&H0&+0&!R:3].[C&D3&v4&H0&+0&R&z0:6]1=[C&D2&v4&H1&+0&R&z1:11]-[N&D3&v3&H0&+0&R:10]-[C&D2&v4&H1&+0&R&z1:9]=[C&D2&v4&H1&+0&R&z0:8]-[C&D2&v4&H2&+0&R&z0:7]-1.[O&D1&v2&H0&+0&!R:5]=[C&D2&v4&H0&+0&!R&z2:4]	Any;NADH_CoF;CO2
477_0	Any;Any;O2	[C&D2&v4&H2&+0&!R&z0:1]-[C&D2&v4&H2&+0&!R&z0:2].[C&D3&v4&H0&+0&R&z0:3]1=[C&D2&v4&H1&+0&R&z1:4]-[N&D3&v3&H0&+0&R:5]-[C&D2&v4&H1&+0&R&z1:6]=[C&D2&v4&H1&+0&R&z0:7]-[C&D2&v4&H2&+0&R&z0:8]-1.[O&D1&v2&H0&+0&!R:9]=[O&D1&v2&H0&+0&!R:10]>>[C&D2&v4&H1&+0&!R&z0:1]=[C&D2&v4&H1&+0&!R&z0:2].[O&D0&v2&H2&+0&!R:10].[O&D0&v2&H2&+0&!R:9].[c&D3&v4&H0&+0&R&z0:3]1:[c&D2&v4&H1&+0&R&z0:8]:[c&D2&v4&H1&+0&R&z0:7]:[c&D2&v4&H1&+0&R&z1:6]:[n&D3&v4&H0&+&R:5]:[c&D2&v4&H1&+0&R&z1:4]:1	Any;WATER;WATER;Any
477_1	Any;NADH_CoF;O2	[C&D2&v4&H2&+0&!R&z0:1]-[C&D2&v4&H2&+0&!R&z0:2].[C&D3&v4&H0&+0&R&z0:3]1=[C&D2&v4&H1&+0&R&z1:4]-[N&D3&v3&H0&+0&R:5]-[C&D2&v4&H1&+0&R&z1:6]=[C&D2&v4&H1&+0&R&z0:7]-[C&D2&v4&H2&+0&R&z0:8]-1.[O&D1&v2&H0&+0&!R:9]=[O&D1&v2&H0&+0&!R:10]>>[C&D2&v4&H1&+0&!R&z0:1]=[C&D2&v4&H1&+0&!R&z0:2].[O&D0&v2&H2&+0&!R:10].[O&D0&v2&H2&+0&!R:9].[c&D3&v4&H0&+0&R&z0:3]1:[c&D2&v4&H1&+0&R&z0:8]:[c&D2&v4&H1&+0&R&z0:7]:[c&D2&v4&H1&+0&R&z1:6]:[n&D3&v4&H0&+&R:5]:[c&D2&v4&H1&+0&R&z1:4]:1	Any;WATER;WATER;NAD_CoF
2007_0	Any	[C&D2&v4&H2&+0&!R&z0:1]-[C&D4&v4&H0&+0&!R&z1:2]-[C&D2&v4&H2&+0&!R&z1:3]>>[C&D3&v4&H1&+0&!R&z1:2]-[C&D3&v4&H1&+0&!R&z0:1]-[C&D2&v4&H2&+0&!R&z1:3]	Any
392_0	Any;Any	[S&D3&v3&H0&+&!R:1]-[C&D2&v4&H2&+0&!R&z1:2].[c&D2&v4&H1&+0&R&z1:3]>>[S&D2&v2&H0&+0&!R:1].[c&D3&v4&H0&+0&R&z1:3]-[C&D2&v4&H2&+0&!R&z0:2]	Any;Any
659_0	Any;NH3	[C&D1&v4&H3&+0&!R&z0:1]-[C&D3&v4&H0&+0&!R&z1:2]=[O&D1&v2&H0&+0&!R:3].[N&D0&v3&H3&+0&!R:4]>>[N&D1&v3&H2&+0&!R:4]-[C&D3&v4&H1&+0&!R&z1:2]-[C&D2&v4&H2&+0&!R&z1:1]-[O&D1&v2&H1&+0&!R:3]	Any
2098_0	Any	[C&D3&v4&H1&+0&!R&z1:1](-[O&D1&v2&H1&+0&!R:2])-[c&D3&v4&H0&+0&R&z0:3]>>[O&D1&v2&H0&+0&!R:2]=[C&D2&v4&H1&+0&!R&z1:1].[c&D2&v4&H1&+0&R&z0:3]	Any;Any
442_0	Any	[C&D1&v4&H2&+0&!R&z0:1]=[C&D3&v4&H0&+0&!R&z0:2]-[C&D3&v4&H1&+0&!R&z0:3]-[C&D1&v4&H3&+0&!R&z0:4]>>[C&D1&v4&H2&+0&!R&z0:1]=[C&D3&v4&H0&+0&!R&z0:2]-[C&D2&v4&H2&+0&!R&z0:4]-[C&D2&v4&H2&+0&!R&z0:3]	Any
1663_0	WATER;WATER;Any	[O&D0&v2&H2&+0&!R:1].[O&D0&v2&H2&+0&!R:2].[c&D3&v4&H0&+0&R&z0:3]1:[c&D2&v4&H1&+0&R&z0:4]:[c&D2&v4&H1&+0&R&z0:5]:[c&D2&v4&H1&+0&R&z1:6]:[n&D3&v4&H0&+&R:7]:[c&D2&v4&H1&+0&R&z1:8]:1>>[C&D3&v4&H0&+0&R&z0:3]1=[C&D2&v4&H1&+0&R&z1:8]-[N&D3&v3&H0&+0&R:7]-[C&D2&v4&H1&+0&R&z1:6]=[C&D2&v4&H1&+0&R&z0:5]-[C&D2&v4&H2&+0&R&z0:4]-1.[O&D1&v2&H1&+0&!R:1]-[O&D1&v2&H1&+0&!R:2]	Any;H2O2
1663_1	WATER;WATER;NAD_CoF	[O&D0&v2&H2&+0&!R:1].[O&D0&v2&H2&+0&!R:2].[c&D3&v4&H0&+0&R&z0:3]1:[c&D2&v4&H1&+0&R&z0:4]:[c&D2&v4&H1&+0&R&z0:5]:[c&D2&v4&H1&+0&R&z1:6]:[n&D3&v4&H0&+&R:7]:[c&D2&v4&H1&+0&R&z1:8]:1>>[C&D3&v4&H0&+0&R&z0:3]1=[C&D2&v4&H1&+0&R&z1:8]-[N&D3&v3&H0&+0&R:7]-[C&D2&v4&H1&+0&R&z1:6]=[C&D2&v4&H1&+0&R&z0:5]-[C&D2&v4&H2&+0&R&z0:4]-1.[O&D1&v2&H1&+0&!R:1]-[O&D1&v2&H1&+0&!R:2]	NADH_CoF;H2O2
649_0	Any;Any	[C&D2&v4&H1&+0&!R&z0:1]=[C&D2&v4&H1&+0&!R&z0:2]-[C&D2&v4&H1&+0&!R&z1:3].[C&D3&v4&H0&+0&!R&z1:4]-[C&D3&v4&H0&+0&!R&z2:5]-[O&D1&v2&H1&+0&!R:6]>>[C&D3&v4&H1&+0&!R&z0:1](-[C&D2&v4&H2&+0&!R&z0:2]-[C&D2&v4&H1&+0&!R&z1:3])-[C&D3&v4&H0&+0&!R&z1:4].[O&D1&v2&H0&+0&!R:6]=[C&D2&v4&H0&+0&!R&z2:5]	Any;CO2
106_0	Any	[C&D3&v4&H0&+0&!R&z3:1](-[N&D1&v3&H2&+0&!R:2])=[O&D1&v2&H0&+0&!R:3]>>[C&D2&v4&H0&+0&!R&z2:1]#[N&D1&v3&H0&+0&!R:2].[O&D0&v2&H2&+0&!R:3]	Any;WATER
1396_0	Any;Any;O2	[C&D1&v4&H3&+0&!R&z1:1]-[S&D4&v6&H0&+0&!R:2]=[O&D1&v2&H0&+0&!R:3].[C&D3&v4&H0&+0&R&z0:4]1=[C&D2&v4&H1&+0&R&z1:5]-[N&D3&v3&H0&+0&R:6]-[C&D2&v4&H1&+0&R&z1:7]=[C&D2&v4&H1&+0&R&z0:8]-[C&D2&v4&H2&+0&R&z0:9]-1.[O&D1&v2&H0&+0&!R:10]=[O&D1&v2&H0&+0&!R:11]>>[C&D1&v4&H2&+0&!R&z1:1]=[O&D1&v2&H0&+0&!R:10].[O&D0&v2&H2&+0&!R:11].[S&D3&v4&H0&+0&!R:2]-[O&D1&v2&H1&+0&!R:3].[c&D3&v4&H0&+0&R&z0:4]1:[c&D2&v4&H1&+0&R&z0:9]:[c&D2&v4&H1&+0&R&z0:8]:[c&D2&v4&H1&+0&R&z1:7]:[n&D3&v4&H0&+&R:6]:[c&D2&v4&H1&+0&R&z1:5]:1	Any;WATER;SULFITE;Any
1396_1	Any;NADH_CoF;O2	[C&D1&v4&H3&+0&!R&z1:1]-[S&D4&v6&H0&+0&!R:2]=[O&D1&v2&H0&+0&!R:3].[C&D3&v4&H0&+0&R&z0:4]1=[C&D2&v4&H1&+0&R&z1:5]-[N&D3&v3&H0&+0&R:6]-[C&D2&v4&H1&+0&R&z1:7]=[C&D2&v4&H1&+0&R&z0:8]-[C&D2&v4&H2&+0&R&z0:9]-1.[O&D1&v2&H0&+0&!R:10]=[O&D1&v2&H0&+0&!R:11]>>[C&D1&v4&H2&+0&!R&z1:1]=[O&D1&v2&H0&+0&!R:10].[O&D0&v2&H2&+0&!R:11].[S&D3&v4&H0&+0&!R:2]-[O&D1&v2&H1&+0&!R:3].[c&D3&v4&H0&+0&R&z0:4]1:[c&D2&v4&H1&+0&R&z0:9]:[c&D2&v4&H1&+0&R&z0:8]:[c&D2&v4&H1&+0&R&z1:7]:[n&D3&v4&H0&+&R:6]:[c&D2&v4&H1&+0&R&z1:5]:1	Any;WATER;SULFITE;NAD_CoF
1029_0	Any;O2	[C&D2&v4&H2&+0&!R&z0:1]-[C&D3&v4&H1&+0&!R&z0:2].[O&D1&v2&H0&+0&!R:3]=[O&D1&v2&H0&+0&!R:4]>>[C&D3&v4&H0&+0&!R&z0:2]=[C&D2&v4&H1&+0&!R&z0:1].[O&D1&v2&H1&+0&!R:3]-[O&D1&v2&H1&+0&!R:4]	Any;H2O2
2113_0	SULFITE;Any	[S&D3&v4&H0&+0&!R:1]-[O&D1&v2&H1&+0&!R:2].[c&D2&v4&H1&+0&R&z0:3]>>[O&D0&v2&H2&+0&!R:2].[S&D3&v4&H0&+0&!R:1]-[c&D3&v4&H0&+0&R&z1:3]	WATER;Any
74_0	Any;Any;Any	[C&D3&v4&H0&+0&!R&z3:1]-[O&D1&v2&H1&+0&!R:2].[C&D3&v4&H0&+0&R&z0:3]1=[C&D2&v4&H1&+0&R&z1:4]-[N&D3&v3&H0&+0&R:5]-[C&D2&v4&H1&+0&R&z1:6]=[C&D2&v4&H1&+0&R&z0:7]-[C&D2&v4&H2&+0&R&z0:8]-1.[P&D4&v5&H0&+0&!R:9]-[O&D2&v2&H0&+0&!R:10]>>[C&D2&v4&H1&+0&!R&z2:1].[O&D1&v2&H1&+0&!R:10].[P&D4&v5&H0&+0&!R:9]-[O&D1&v2&H1&+0&!R:2].[c&D3&v4&H0&+0&R&z0:3]1:[c&D2&v4&H1&+0&R&z0:8]:[c&D2&v4&H1&+0&R&z0:7]:[c&D2&v4&H1&+0&R&z1:6]:[n&D3&v4&H0&+&R:5]:[c&D2&v4&H1&+0&R&z1:4]:1	Any;PPI;Any;Any
74_1	Any;NADH_CoF;PYROPHOSPHATE_DONOR_CoF	[C&D3&v4&H0&+0&!R&z3:1]-[O&D1&v2&H1&+0&!R:2].[C&D3&v4&H0&+0&R&z0:3]1=[C&D2&v4&H1&+0&R&z1:4]-[N&D3&v3&H0&+0&R:5]-[C&D2&v4&H1&+0&R&z1:6]=[C&D2&v4&H1&+0&R&z0:7]-[C&D2&v4&H2&+0&R&z0:8]-1.[P&D4&v5&H0&+0&!R:9]-[O&D2&v2&H0&+0&!R:10]>>[C&D2&v4&H1&+0&!R&z2:1].[O&D1&v2&H1&+0&!R:10].[P&D4&v5&H0&+0&!R:9]-[O&D1&v2&H1&+0&!R:2].[c&D3&v4&H0&+0&R&z0:3]1:[c&D2&v4&H1&+0&R&z0:8]:[c&D2&v4&H1&+0&R&z0:7]:[c&D2&v4&H1&+0&R&z1:6]:[n&D3&v4&H0&+&R:5]:[c&D2&v4&H1&+0&R&z1:4]:1	Any;PPI;PYROPHOSPHATE_ACCEPTOR_CoF;NAD_CoF
1199_0	Any	([C&D2&v4&H2&+0&!R&z0:1].[C&D3&v4&H0&+0&!R&z1:2]=[O&D1&v2&H0&+0&!R:3])>>[C&D4&v4&H0&+0&R&z1:2](-[O&D1&v2&H1&+0&!R:3])-[C&D3&v4&H1&+0&R&z0:1]	Any
907_0	Any;Any	[C&D2&v4&H1&+0&!R&z0:1]=[C&D2&v4&H1&+0&!R&z0:2].[c&D3&v4&H0&+0&R&z0:3]1:[c&D3&v4&H0&+0&R&z0:4]:[c&D3&v4&H0&+0&R&z1:5](-[O&D1&v2&H1&+0&!R:6]):[c&D3&v4&H0&+0&R&z0:7]:[c&D3&v4&H0&+0&R&z0:8]:[c&D3&v4&H0&+0&R&z1:9]:1-[O&D1&v2&H1&+0&!R:10]>>[C&D2&v4&H2&+0&!R&z0:1]-[C&D2&v4&H2&+0&!R&z0:2].[C&D3&v4&H0&+0&R&z0:3]1=[C&D3&v4&H0&+0&R&z0:4]-[C&D3&v4&H0&+0&R&z1:5](=[O&D1&v2&H0&+0&!R:6])-[c&D3&v4&H0&+0&R&z0:7]:[c&D3&v4&H0&+0&R&z0:8]-[C&D3&v4&H0&+0&R&z1:9]-1=[O&D1&v2&H0&+0&!R:10]	Any;Any
1898_0	Any;WATER	[C&D2&v4&H0&+0&!R&z2:1]=[S&D1&v2&H0&+0&!R:2].[O&D0&v2&H2&+0&!R:3]>>[O&D1&v2&H0&+0&!R:3]=[C&D2&v4&H0&+0&!R&z2:1].[S&D0&v2&H2&+0&!R:2]	Any;Any
1898_1	Any;WATER	[C&D2&v4&H0&+0&!R&z2:1]=[S&D1&v2&H0&+0&!R:2].[O&D0&v2&H2&+0&!R:3]>>[O&D1&v2&H0&+0&!R:3]=[C&D2&v4&H0&+0&!R&z2:1].[S&D0&v2&H2&+0&!R:2]	CO2;Any
868_0	Any	[C&D2&v4&H2&+0&!R&z0:1]-[C&D2&v4&H2&+0&!R&z0:2]-[C&D2&v4&H2&+0&!R&z1:3]-[O&D1&v2&H1&+0&!R:4]>>[C&D1&v4&H3&+0&!R&z0:3]-[C&D2&v4&H1&+0&!R&z0:2]=[C&D2&v4&H1&+0&!R&z0:1].[O&D0&v2&H2&+0&!R:4]	Any;WATER
1834_0	Any;Any;Pi	[C&D2&v4&H1&+0&!R&z2:1]-[N&D2&v3&H1&+0&!R:2].[O&D1&v2&H1&+0&!R:3].[P&D4&v5&H0&+0&!R:4]-[O&D1&v2&H1&+0&!R:5]>>[C&D2&v4&H1&+0&!R&z2:1]-[O&D1&v2&H1&+0&!R:5].[N&D1&v3&H2&+0&!R:2].[O&D2&v2&H0&+0&!R:3]-[P&D4&v5&H0&+0&!R:4]	Any;Any;Any
1834_1	FORMYL_DONOR_CoF;PHOSPHATE_ACCEPTOR_CoF;Pi	[C&D2&v4&H1&+0&!R&z2:1]-[N&D2&v3&H1&+0&!R:2].[O&D1&v2&H1&+0&!R:3].[P&D4&v5&H0&+0&!R:4]-[O&D1&v2&H1&+0&!R:5]>>[C&D2&v4&H1&+0&!R&z2:1]-[O&D1&v2&H1&+0&!R:5].[N&D1&v3&H2&+0&!R:2].[O&D2&v2&H0&+0&!R:3]-[P&D4&v5&H0&+0&!R:4]	Any;FORMYL_ACCEPTOR_CoF;PHOSPHATE_DONOR_CoF
697_0	Any;Any	[C&D1&v4&H3&+0&!R&z0:1].[S&D2&v2&H0&+0&!R:2]-[S&D2&v2&H0&+0&!R:3]>>[S&D1&v2&H1&+0&!R:3].[S&D2&v2&H0&+0&!R:2]-[C&D2&v4&H2&+0&!R&z1:1]	Any;Any
1153_0	Any;PPI	[C&D3&v4&H0&+0&R&z0:1]1=[C&D2&v4&H1&+0&R&z0:2]-[C&D2&v4&H2&+0&R&z0:3]-[C&D3&v4&H1&+0&R&z0:4]2-[C&D3&v4&H1&+0&R&z0:5](-[C&D3&v4&H1&+0&R&z0:6]-1-[C&D4&v4&H0&+0&R&z0:7]-2)-[C&D4&v4&H0&+0&R&z0:8]-[C&D2&v4&H2&+0&R&z0:9].[O&D1&v2&H1&+0&!R:10]>>([C&D3&v4&H0&+0&!R&z0:8]=[C&D2&v4&H1&+0&!R&z0:9].[C&D3&v4&H0&+0&!R&z0:7]=[C&D2&v4&H1&+0&!R&z0:6]-[C&D2&v4&H2&+0&!R&z0:5]-[C&D2&v4&H2&+0&!R&z0:4]-[C&D3&v4&H0&+0&!R&z0:1]=[C&D2&v4&H1&+0&!R&z0:2]-[C&D2&v4&H2&+0&!R&z1:3]-[O&D2&v2&H0&+0&!R:10])	Any
191_0	Any;Any;CO2;SULFATE	[C&D2&v4&H1&+0&!R&z2:1]=[O&D1&v2&H0&+0&!R:2].[C&D3&v4&H0&+0&!R&z2:3]-[O&D1&v2&H1&+0&!R:4].[O&D1&v2&H0&+0&!R:5]=[C&D2&v4&H0&+0&!R&z2:6].[O&D1&v2&H1&+0&!R:7]>>[C&D2&v4&H2&+0&!R&z2:1]-[O&D2&v2&H0&+0&!R:7].[C&D3&v4&H0&+0&!R&z1:3]-[C&D3&v4&H0&+0&!R&z2:6]-[O&D1&v2&H1&+0&!R:5].[O&D1&v2&H0&+0&!R:4]=[O&D1&v2&H0&+0&!R:2]	Any;Any;O2
1930_0	Any	[C&D3&v4&H0&+0&!R&z1:1](=[O&D1&v2&H0&+0&!R:2])-[C&D2&v4&H1&+0&!R&z0:3]=[C&D2&v4&H1&+0&!R&z0:4]-[c&D3&v4&H0&+0&R&z0:5]:[c&D3&v4&H0&+0&R&z0:6]-[C&D3&v4&H0&+0&!R&z2:7]=[O&D1&v2&H0&+0&!R:8]>>[O&D1&v2&H0&+0&!R:2]=[O&D1&v2&H0&+0&!R:8].[c&D3&v4&H0&+0&R&z0:1]1:[c&D2&v4&H1&+0&R&z0:3]:[c&D2&v4&H1&+0&R&z0:4]:[c&D3&v4&H0&+0&R&z0:5]:[c&D3&v4&H0&+0&R&z0:6]:[c&D3&v4&H0&+0&R&z1:7]:1	O2;Any
992_0	Any;Any	[C&D2&v4&H2&+0&!R&z1:1]-[O&D2&v2&H0&+0&!R:2].[c&D2&v4&H1&+0&R&z1:3]>>[C&D2&v4&H2&+0&!R&z0:1]-[c&D3&v4&H0&+0&R&z1:3].[O&D1&v2&H1&+0&!R:2]	Any;PPI
992_1	PRENYL_DONOR_CoF;Any	[C&D2&v4&H2&+0&!R&z1:1]-[O&D2&v2&H0&+0&!R:2].[c&D2&v4&H1&+0&R&z1:3]>>[C&D2&v4&H2&+0&!R&z0:1]-[c&D3&v4&H0&+0&R&z1:3].[O&D1&v2&H1&+0&!R:2]	Any;PRENYL_ACCEPTOR_CoF
951_0	Any	([C&D2&v4&H1&+0&!R&z0:1]-[C&D2&v4&H2&+0&!R&z0:2]-[C&D2&v4&H2&+0&!R&z0:3]-[C&D3&v4&H0&+0&!R&z0:4]=[C&D2&v4&H1&+0&!R&z0:5]-[C&D2&v4&H2&+0&!R&z1:6]-[O&D2&v2&H0&+0&!R:7].[C&D3&v4&H0&+0&!R&z0:8]=[C&D2&v4&H1&+0&!R&z0:9])>>[C&D3&v4&H0&+0&R&z0:4]1=[C&D2&v4&H1&+0&R&z0:3]-[C&D3&v4&H1&+0&R&z0:2](-[C&D3&v4&H0&+0&R&z0:1]-[C&D2&v4&H2&+0&R&z0:6]-[C&D2&v4&H2&+0&R&z0:5]-1)-[C&D3&v4&H1&+0&R&z0:9]-[C&D3&v4&H1&+0&!R&z0:8].[O&D1&v2&H1&+0&!R:7]	Any;PPI
612_0	Any;WATER	[C&D3&v4&H0&+0&!R&z0:1]-[C&D3&v4&H0&+0&!R&z1:2].[O&D0&v2&H2&+0&!R:3]>>[C&D2&v4&H1&+0&!R&z0:1].[C&D3&v4&H0&+0&!R&z2:2]-[O&D1&v2&H1&+0&!R:3]	Any;Any
1061_0	Any;Any	[C&D4&v4&H0&+0&!R&z1:1]-[O&D2&v2&H0&+0&!R:2].[P&D4&v5&H0&+0&!R:3]-[O&D1&v2&H1&+0&!R:4]>>[C&D4&v4&H0&+0&!R&z1:1]-[O&D1&v2&H1&+0&!R:4].[P&D4&v5&H0&+0&!R:3]-[O&D2&v2&H0&+0&!R:2]	Any;Any
1061_1	Any;PHOSPHATE_ACCEPTOR_CoF	[C&D4&v4&H0&+0&!R&z1:1]-[O&D2&v2&H0&+0&!R:2].[P&D4&v5&H0&+0&!R:3]-[O&D1&v2&H1&+0&!R:4]>>[C&D4&v4&H0&+0&!R&z1:1]-[O&D1&v2&H1&+0&!R:4].[P&D4&v5&H0&+0&!R:3]-[O&D2&v2&H0&+0&!R:2]	Any;PHOSPHATE_DONOR_CoF
528_0	Any;PPI	[C&D1&v4&H2&+0&!R&z0:1]=[C&D3&v4&H0&+0&R&z0:2]-[C&D3&v4&H1&+0&R&z0:3]1-[C&D3&v4&H1&+0&R&z0:4]-[C&D4&v4&H0&+0&R&z0:5]-[C&D2&v4&H2&+0&R&z0:6]-1.[O&D1&v2&H1&+0&!R:7]>>([C&D3&v4&H0&+0&!R&z0:2](-[C&D1&v4&H3&+0&!R&z0:1])=[C&D2&v4&H1&+0&!R&z0:3]-[C&D2&v4&H2&+0&!R&z1:6]-[O&D2&v2&H0&+0&!R:7].[C&D3&v4&H0&+0&!R&z0:5]=[C&D2&v4&H1&+0&!R&z0:4])	Any
1117_0	Any	[C&D1&v4&H3&+0&!R&z0:1]-[C&D4&v4&H0&+0&R&z1:2]-[C&D2&v4&H1&+0&R&z0:3]>>[C&D1&v4&H3&+0&!R&z0:1]-[C&D3&v4&H0&+0&R&z0:3]-[C&D3&v4&H1&+0&R&z1:2]	Any
24_0	Any	([C&D3&v4&H0&+0&!R&z2:1]-[N&D1&v3&H2&+0&!R:2].[N&D1&v3&H2&+0&!R:3])>>[C&D3&v4&H0&+0&R&z2:1]-[N&D2&v3&H1&+0&R:3].[N&D0&v3&H3&+0&!R:2]	Any;NH3
581_0	Any;CO2;Any	[C&D2&v4&H2&+0&R&z0:1].[O&D1&v2&H0&+0&!R:2]=[C&D2&v4&H0&+0&!R&z2:3]=[O&D1&v2&H0&+0&!R:4].[O&D1&v2&H1&+0&!R:5]>>[C&D3&v4&H1&+0&R&z0:1]-[C&D3&v4&H0&+0&!R&z2:3](=[O&D1&v2&H0&+0&!R:4])-[O&D2&v2&H0&+0&!R:5].[O&D0&v2&H2&+0&!R:2]	Any;WATER
1367_0	Any;Any;O2	[C&D1&v4&H3&+0&!R&z1:1]-[O&D2&v2&H0&+0&!R:2].[C&D3&v4&H0&+0&R&z0:3]1=[C&D2&v4&H1&+0&R&z1:4]-[N&D3&v3&H0&+0&R:5]-[C&D2&v4&H1&+0&R&z1:6]=[C&D2&v4&H1&+0&R&z0:7]-[C&D2&v4&H2&+0&R&z0:8]-1.[O&D1&v2&H0&+0&!R:9]=[O&D1&v2&H0&+0&!R:10]>>[C&D1&v4&H2&+0&!R&z1:1]=[O&D1&v2&H0&+0&!R:10].[O&D0&v2&H2&+0&!R:9].[O&D1&v2&H1&+0&!R:2].[c&D3&v4&H0&+0&R&z0:3]1:[c&D2&v4&H1&+0&R&z0:8]:[c&D2&v4&H1&+0&R&z0:7]:[c&D2&v4&H1&+0&R&z1:6]:[n&D3&v4&H0&+&R:5]:[c&D2&v4&H1&+0&R&z1:4]:1	Any;WATER;Any;Any
1367_1	Any;NADH_CoF;O2	[C&D1&v4&H3&+0&!R&z1:1]-[O&D2&v2&H0&+0&!R:2].[C&D3&v4&H0&+0&R&z0:3]1=[C&D2&v4&H1&+0&R&z1:4]-[N&D3&v3&H0&+0&R:5]-[C&D2&v4&H1&+0&R&z1:6]=[C&D2&v4&H1&+0&R&z0:7]-[C&D2&v4&H2&+0&R&z0:8]-1.[O&D1&v2&H0&+0&!R:9]=[O&D1&v2&H0&+0&!R:10]>>[C&D1&v4&H2&+0&!R&z1:1]=[O&D1&v2&H0&+0&!R:10].[O&D0&v2&H2&+0&!R:9].[O&D1&v2&H1&+0&!R:2].[c&D3&v4&H0&+0&R&z0:3]1:[c&D2&v4&H1&+0&R&z0:8]:[c&D2&v4&H1&+0&R&z0:7]:[c&D2&v4&H1&+0&R&z1:6]:[n&D3&v4&H0&+&R:5]:[c&D2&v4&H1&+0&R&z1:4]:1	Any;WATER;Any;NAD_CoF
194_0	Any;O2	[C&D2&v4&H2&+0&!R&z1:1].[O&D1&v2&H0&+0&!R:2]=[O&D1&v2&H0&+0&!R:3]>>[C&D3&v4&H1&+0&!R&z2:1]-[O&D2&v2&H0&+0&!R:2]-[O&D1&v2&H1&+0&!R:3]	Any
1438_0	WATER;Any	[O&D0&v2&H2&+0&!R:1].[S&D3&v3&H0&+&!R:2]-[C&D2&v4&H2&+0&!R&z1:3]>>[C&D2&v4&H2&+0&!R&z1:3]-[O&D1&v2&H1&+0&!R:1].[S&D2&v2&H0&+0&!R:2]	Any;Any
1537_0	Any;Any;PPI	[N&D1&v3&H1&+0&!R:1]=[C&D3&v4&H0&+0&!R&z3:2]-[N&D2&v3&H1&+0&!R:3].[O&D1&v2&H1&+0&!R:4].[P&D4&v5&H0&+0&!R:5]-[O&D1&v2&H1&+0&!R:6]>>[N&D1&v3&H2&+0&!R:3].[N&D1&v3&H2&+0&!R:1]-[C&D3&v4&H0&+0&!R&z3:2]=[O&D1&v2&H0&+0&!R:6].[O&D2&v2&H0&+0&!R:4]-[P&D4&v5&H0&+0&!R:5]	Any;Any;Any
1537_1	Any;PYROPHOSPHATE_ACCEPTOR_CoF;PPI	[N&D1&v3&H1&+0&!R:1]=[C&D3&v4&H0&+0&!R&z3:2]-[N&D2&v3&H1&+0&!R:3].[O&D1&v2&H1&+0&!R:4].[P&D4&v5&H0&+0&!R:5]-[O&D1&v2&H1&+0&!R:6]>>[N&D1&v3&H2&+0&!R:3].[N&D1&v3&H2&+0&!R:1]-[C&D3&v4&H0&+0&!R&z3:2]=[O&D1&v2&H0&+0&!R:6].[O&D2&v2&H0&+0&!R:4]-[P&D4&v5&H0&+0&!R:5]	Any;Any;PYROPHOSPHATE_DONOR_CoF
2022_0	Any;Any	[C&D2&v4&H2&+0&!R&z0:1]-[C&D2&v4&H2&+0&!R&z0:2].[C&D3&v4&H0&+0&R&z1:3]1=[C&D3&v4&H0&+0&R&z1:4]-[C&D3&v4&H0&+0&R&z1:5](=[O&D1&v2&H0&+0&!R:6])-[C&D3&v4&H0&+0&R&z1:7]=[C&D3&v4&H0&+0&R&z1:8]-[C&D3&v4&H0&+0&R&z1:9]-1=[O&D1&v2&H0&+0&!R:10]>>[C&D2&v4&H1&+0&!R&z0:1]=[C&D2&v4&H1&+0&!R&z0:2].[c&D3&v4&H0&+0&R&z1:3]1:[c&D3&v4&H0&+0&R&z1:4]:[c&D3&v4&H0&+0&R&z1:5](-[O&D1&v2&H1&+0&!R:6]):[c&D3&v4&H0&+0&R&z1:7]:[c&D3&v4&H0&+0&R&z1:8]:[c&D3&v4&H0&+0&R&z1:9]:1-[O&D1&v2&H1&+0&!R:10]	Any;Any
1222_0	Any;O2	[C&D2&v4&H2&+0&R&z0:1]-[C&D2&v4&H2&+0&R&z0:2].[O&D1&v2&H0&+0&!R:3]=[O&D1&v2&H0&+0&!R:4]>>[C&D2&v4&H1&+0&R&z0:1]=[C&D2&v4&H1&+0&R&z0:2].[O&D1&v2&H1&+0&!R:3]-[O&D1&v2&H1&+0&!R:4]	Any;H2O2
1129_0	Any;Any	[C&D1&v4&H3&+0&!R&z1:1]-[S&D3&v3&H0&+&!R:2].[C&D2&v4&H1&+0&R&z0:3]>>[C&D1&v4&H3&+0&!R&z0:1]-[C&D3&v4&H0&+0&R&z0:3].[S&D2&v2&H0&+0&!R:2]	Any;Any
1129_1	METHYL_DONOR_CoF;Any	[C&D1&v4&H3&+0&!R&z1:1]-[S&D3&v3&H0&+&!R:2].[C&D2&v4&H1&+0&R&z0:3]>>[C&D1&v4&H3&+0&!R&z0:1]-[C&D3&v4&H0&+0&R&z0:3].[S&D2&v2&H0&+0&!R:2]	Any;METHYL_ACCEPTOR_CoF
1913_0	Any	[C&D3&v4&H1&+0&!R&z1:1]-[C&D2&v4&H2&+0&!R&z1:2]-[O&D1&v2&H1&+0&!R:3]>>[C&D1&v4&H2&+0&!R&z1:2]=[O&D1&v2&H0&+0&!R:3].[C&D2&v4&H2&+0&!R&z1:1]	Any;Any
2072_0	Any;Any	[C&D2&v4&H2&+0&!R&z2:1]-[O&D1&v2&H1&+0&!R:2].[O&D1&v2&H0&+0&!R:3]=[C&D2&v4&H1&+0&!R&z2:4]-[O&D1&v2&H1&+0&!R:5]>>[C&D2&v4&H2&+0&!R&z1:1]-[C&D2&v4&H2&+0&!R&z1:4]-[O&D1&v2&H1&+0&!R:5].[O&D1&v2&H0&+0&!R:2]=[O&D1&v2&H0&+0&!R:3]	Any;O2
822_0	Any	[C&D3&v4&H1&+0&!R&z0:1]-[C&D3&v4&H1&+0&!R&z1:2]-[O&D1&v2&H1&+0&!R:3]>>[C&D2&v4&H2&+0&!R&z0:1].[O&D1&v2&H0&+0&!R:3]=[C&D2&v4&H1&+0&!R&z1:2]	Any;Any
635_0	Any;Any	[C&D3&v4&H0&+0&!R&z1:1]-[C&D3&v4&H0&+0&!R&z2:2]-[O&D1&v2&H1&+0&!R:3].[C&D3&v4&H0&+0&!R&z1:4]=[O&D1&v2&H0&+0&!R:5]>>[C&D3&v4&H0&+0&!R&z1:1]-[C&D4&v4&H0&+0&!R&z1:4]-[O&D1&v2&H1&+0&!R:5].[O&D1&v2&H0&+0&!R:3]=[C&D2&v4&H0&+0&!R&z2:2]	Any;CO2
655_0	Any;NH3;Any	[C&D1&v4&H3&+0&!R&z0:1]-[C&D3&v4&H0&+0&!R&z1:2]=[O&D1&v2&H0&+0&!R:3].[N&D0&v3&H3&+0&!R:4].[n&D2&v3&H1&+0&R:5]>>[N&D1&v3&H2&+0&!R:4]-[C&D3&v4&H1&+0&!R&z1:2]-[C&D2&v4&H2&+0&!R&z1:1]-[n&D3&v3&H0&+0&R:5].[O&D0&v2&H2&+0&!R:3]	Any;WATER
411_0	Any;Any	[C&D3&v4&H0&+0&R&z0:1]1=[C&D2&v4&H1&+0&R&z1:2]-[N&D3&v3&H0&+0&R:3]-[C&D2&v4&H1&+0&R&z1:4]=[C&D2&v4&H1&+0&R&z0:5]-[C&D2&v4&H2&+0&R&z0:6]-1.[O&D2&v2&H0&+0&!R:7]-[O&D1&v2&H1&+0&!R:8]>>[O&D0&v2&H2&+0&!R:8].[O&D1&v2&H1&+0&!R:7].[c&D3&v4&H0&+0&R&z0:1]1:[c&D2&v4&H1&+0&R&z0:6]:[c&D2&v4&H1&+0&R&z0:5]:[c&D2&v4&H1&+0&R&z1:4]:[n&D3&v4&H0&+&R:3]:[c&D2&v4&H1&+0&R&z1:2]:1	WATER;Any;Any
411_1	NADH_CoF;Any	[C&D3&v4&H0&+0&R&z0:1]1=[C&D2&v4&H1&+0&R&z1:2]-[N&D3&v3&H0&+0&R:3]-[C&D2&v4&H1&+0&R&z1:4]=[C&D2&v4&H1&+0&R&z0:5]-[C&D2&v4&H2&+0&R&z0:6]-1.[O&D2&v2&H0&+0&!R:7]-[O&D1&v2&H1&+0&!R:8]>>[O&D0&v2&H2&+0&!R:8].[O&D1&v2&H1&+0&!R:7].[c&D3&v4&H0&+0&R&z0:1]1:[c&D2&v4&H1&+0&R&z0:6]:[c&D2&v4&H1&+0&R&z0:5]:[c&D2&v4&H1&+0&R&z1:4]:[n&D3&v4&H0&+&R:3]:[c&D2&v4&H1&+0&R&z1:2]:1	WATER;Any;NAD_CoF
267_0	CO3;Any;Any	[C&D3&v4&H0&+0&!R&z3:1]-[O&D1&v2&H1&+0&!R:2].[N&D2&v3&H1&+0&R:3].[P&D4&v5&H0&+0&!R:4]-[O&D2&v2&H0&+0&!R:5]>>[N&D3&v3&H0&+0&R:3]-[C&D3&v4&H0&+0&!R&z3:1].[O&D1&v2&H1&+0&!R:5].[P&D4&v5&H0&+0&!R:4]-[O&D1&v2&H1&+0&!R:2]	Any;Pi;Any
267_1	CO3;Any;PHOSPHATE_DONOR_CoF	[C&D3&v4&H0&+0&!R&z3:1]-[O&D1&v2&H1&+0&!R:2].[N&D2&v3&H1&+0&R:3].[P&D4&v5&H0&+0&!R:4]-[O&D2&v2&H0&+0&!R:5]>>[N&D3&v3&H0&+0&R:3]-[C&D3&v4&H0&+0&!R&z3:1].[O&D1&v2&H1&+0&!R:5].[P&D4&v5&H0&+0&!R:4]-[O&D1&v2&H1&+0&!R:2]	Any;Pi;PHOSPHATE_ACCEPTOR_CoF
1778_0	Any;Any;O2	[C&D2&v4&H2&+0&!R&z1:1]-[S&D4&v6&H0&+0&!R:2]=[O&D1&v2&H0&+0&!R:3].[C&D3&v4&H0&+0&!R&z1:4]-[C&D3&v4&H0&+0&!R&z2:5]-[O&D1&v2&H1&+0&!R:6].[O&D1&v2&H0&+0&!R:7]=[O&D1&v2&H0&+0&!R:8]>>[C&D2&v4&H1&+0&!R&z1:1]=[O&D1&v2&H0&+0&!R:8].[C&D3&v4&H0&+0&!R&z2:4]-[O&D1&v2&H1&+0&!R:7].[O&D1&v2&H0&+0&!R:6]=[C&D2&v4&H0&+0&!R&z2:5].[S&D3&v4&H0&+0&!R:2]-[O&D1&v2&H1&+0&!R:3]	Any;Any;CO2;SULFITE
1226_0	Any;WATER	[C&D2&v4&H1&+0&!R&z0:1]-[C&D2&v4&H1&+0&!R&z0:2]=[C&D2&v4&H1&+0&!R&z1:3]-[O&D2&v2&H0&+0&!R:4]-[C&D2&v4&H1&+0&!R&z1:5].[O&D0&v2&H2&+0&!R:6]>>[C&D2&v4&H1&+0&!R&z0:1]-[C&D2&v4&H2&+0&!R&z0:2]-[C&D3&v4&H1&+0&!R&z1:3](-[C&D2&v4&H1&+0&!R&z0:5])-[O&D2&v2&H0&+0&!R:4]-[O&D1&v2&H1&+0&!R:6]	Any
1638_0	Any;Any;Any	[N&D1&v3&H2&+0&!R:1].[N&D1&v3&H2&+0&!R:2]-[C&D3&v4&H0&+0&!R&z3:3]=[O&D1&v2&H0&+0&!R:4].[P&D4&v5&H0&+0&!R:5]-[O&D2&v2&H0&+0&!R:6]>>[N&D1&v3&H1&+0&!R:2]=[C&D3&v4&H0&+0&!R&z3:3]-[N&D2&v3&H1&+0&!R:1].[O&D1&v2&H1&+0&!R:6].[P&D4&v5&H0&+0&!R:5]-[O&D1&v2&H1&+0&!R:4]	Any;PPI;Any
1638_1	Any;Any;PYROPHOSPHATE_DONOR_CoF	[N&D1&v3&H2&+0&!R:1].[N&D1&v3&H2&+0&!R:2]-[C&D3&v4&H0&+0&!R&z3:3]=[O&D1&v2&H0&+0&!R:4].[P&D4&v5&H0&+0&!R:5]-[O&D2&v2&H0&+0&!R:6]>>[N&D1&v3&H1&+0&!R:2]=[C&D3&v4&H0&+0&!R&z3:3]-[N&D2&v3&H1&+0&!R:1].[O&D1&v2&H1&+0&!R:6].[P&D4&v5&H0&+0&!R:5]-[O&D1&v2&H1&+0&!R:4]	Any;PPI;PYROPHOSPHATE_ACCEPTOR_CoF
2081_0	O2;Any	[O&D1&v2&H0&+0&!R:1]=[O&D1&v2&H0&+0&!R:2].[c&D3&v4&H0&+0&R&z1:3]1:[c&D3&v4&H0&+0&R&z1:4]:[c&D2&v4&H1&+0&R&z0:5]:[c&D2&v4&H1&+0&R&z0:6]:[c&D3&v4&H0&+0&R&z1:7]:[c&D3&v4&H0&+0&R&z1:8]:1>>[O&D1&v2&H0&+0&!R:1]=[C&D3&v4&H0&+0&!R&z2:3]-[C&D3&v4&H0&+0&!R&z1:4]=[C&D2&v4&H1&+0&!R&z0:5]-[C&D2&v4&H1&+0&!R&z0:6]=[C&D3&v4&H0&+0&!R&z1:7]-[C&D3&v4&H0&+0&!R&z2:8]=[O&D1&v2&H0&+0&!R:2]	Any
944_0	Any	([C&D2&v4&H2&+0&!R&z0:1]-[C&D3&v4&H0&+0&!R&z0:2]=[C&D2&v4&H1&+0&!R&z0:3].[C&D2&v4&H2&+0&!R&z1:4]-[O&D2&v2&H0&+0&!R:5])>>[C&D2&v4&H1&+0&!R&z0:1]=[C&D3&v4&H0&+0&!R&z0:2]-[C&D3&v4&H1&+0&R&z0:3]-[C&D2&v4&H2&+0&R&z0:4].[O&D1&v2&H1&+0&!R:5]	Any;PPI
915_0	Any;WATER	([C&D2&v4&H2&+0&!R&z0:1]-[C&D3&v4&H0&+0&!R&z0:2]=[C&D2&v4&H1&+0&!R&z0:3].[C&D3&v4&H0&+0&!R&z0:4]=[C&D2&v4&H1&+0&!R&z0:5].[C&D3&v4&H0&+0&!R&z0:6]=[C&D2&v4&H1&+0&!R&z0:7].[O&D2&v2&H0&+0&!R:8]-[P&D4&v5&H0&+0&!R:9]).[O&D0&v2&H2&+0&!R:10]>>([C&D3&v4&H1&+0&R&z0:3](-[C&D3&v4&H0&+0&R&z0:2]=[C&D2&v4&H1&+0&R&z0:1])-[C&D4&v4&H0&+0&R&z0:6]-[C&D3&v4&H1&+0&R&z0:7]-[C&D4&v4&H0&+0&R&z0:4]-[C&D2&v4&H2&+0&R&z0:5].[O&D1&v2&H1&+0&!R:8]).[P&D4&v5&H0&+0&!R:9]-[O&D1&v2&H1&+0&!R:10]	Any;PPI
184_0	Any;Any;H2O2	[C&D2&v4&H1&+0&!R&z2:1]=[O&D1&v2&H0&+0&!R:2].[N&D1&v3&H2&+0&!R:3].[O&D1&v2&H1&+0&!R:4]-[O&D1&v2&H1&+0&!R:5]>>[C&D2&v4&H2&+0&!R&z2:1]-[N&D2&v3&H1&+0&!R:3].[O&D0&v2&H2&+0&!R:2].[O&D1&v2&H0&+0&!R:4]=[O&D1&v2&H0&+0&!R:5]	Any;WATER;O2
1733_0	Any;Any	[C&D2&v4&H2&+0&!R&z1:1]-[O&D1&v2&H1&+0&!R:2].[n&D2&v3&H1&+0&R:3]>>[C&D2&v4&H2&+0&!R&z1:1]-[n&D3&v3&H0&+0&R:3].[O&D0&v2&H2&+0&!R:2]	Any;WATER
671_0	Any;Any	[C&D1&v4&H3&+0&!R&z0:1]-[C&D3&v4&H0&+0&!R&z1:2]=[O&D1&v2&H0&+0&!R:3].[c&D3&v4&H0&+0&R&z0:4]1:[c&D2&v4&H1&+0&R&z0:5]:[c&D2&v4&H1&+0&R&z0:6]:[c&D3&v4&H0&+0&R&z1:7](-[O&D1&v2&H1&+0&!R:8]):[c&D2&v4&H1&+0&R&z0:9]:[c&D2&v4&H1&+0&R&z0:10]:1>>[C&D1&v4&H2&+0&!R&z0:1]=[C&D3&v4&H0&+0&!R&z1:2]-[O&D2&v2&H0&+0&!R:3]-[C&D3&v4&H1&+0&R&z1:6]1-[C&D2&v4&H1&+0&R&z0:5]=[C&D3&v4&H0&+0&R&z0:4]-[C&D2&v4&H1&+0&R&z0:10]=[C&D2&v4&H1&+0&R&z0:9]-[C&D3&v4&H1&+0&R&z1:7]-1-[O&D1&v2&H1&+0&!R:8]	Any
247_0	Any;CO2;O2;Any	[C&D2&v4&H2&+0&!R&z0:1].[O&D1&v2&H0&+0&!R:2]=[C&D2&v4&H0&+0&!R&z2:3].[O&D1&v2&H0&+0&!R:4]=[O&D1&v2&H0&+0&!R:5].[c&D3&v4&H0&+0&R&z0:6]1:[c&D3&v4&H0&+0&R&z0:7]:[c&D3&v4&H0&+0&R&z1:8](-[O&D1&v2&H1&+0&!R:9]):[c&D3&v4&H0&+0&R&z0:10]:[c&D3&v4&H0&+0&R&z0:11]:[c&D3&v4&H0&+0&R&z1:12]:1-[O&D1&v2&H1&+0&!R:13]>>[C&D3&v4&H1&+0&!R&z0:1]-[C&D3&v4&H0&+0&!R&z2:3]-[O&D1&v2&H1&+0&!R:2].[C&D4&v4&H0&+0&R&z1:6]12-[O&D2&v2&H0&+0&R:5]-[C&D4&v4&H0&+0&R&z1:7]-1-[C&D3&v4&H0&+0&R&z1:8](=[O&D1&v2&H0&+0&!R:9])-[c&D3&v4&H0&+0&R&z0:10]:[c&D3&v4&H0&+0&R&z0:11]-[C&D3&v4&H0&+0&R&z1:12]-2=[O&D1&v2&H0&+0&!R:13].[O&D0&v2&H2&+0&!R:4]	Any;Any;WATER
1502_0	NH3;Any;Any	[N&D0&v3&H3&+0&!R:1].[c&D3&v4&H0&+0&R&z0:2]1:[c&D2&v4&H1&+0&R&z0:3]:[c&D2&v4&H1&+0&R&z0:4]:[c&D2&v4&H1&+0&R&z1:5]:[n&D3&v4&H0&+&R:6]:[c&D2&v4&H1&+0&R&z1:7]:1.[c&D3&v4&H0&+0&R&z1:8](-[O&D1&v2&H1&+0&!R:9]):[c&D3&v4&H0&+0&R&z1:10]-[O&D1&v2&H1&+0&!R:11]>>[C&D3&v4&H0&+0&R&z0:2]1=[C&D2&v4&H1&+0&R&z1:7]-[N&D3&v3&H0&+0&R:6]-[C&D2&v4&H1&+0&R&z1:5]=[C&D2&v4&H1&+0&R&z0:4]-[C&D2&v4&H2&+0&R&z0:3]-1.[N&D1&v3&H2&+0&!R:1]-[c&D3&v4&H0&+0&R&z1:10]:[c&D2&v4&H1&+0&R&z0:8].[O&D1&v2&H0&+0&!R:9]=[O&D1&v2&H0&+0&!R:11]	Any;Any;O2
1502_1	NH3;NAD_CoF;Any	[N&D0&v3&H3&+0&!R:1].[c&D3&v4&H0&+0&R&z0:2]1:[c&D2&v4&H1&+0&R&z0:3]:[c&D2&v4&H1&+0&R&z0:4]:[c&D2&v4&H1&+0&R&z1:5]:[n&D3&v4&H0&+&R:6]:[c&D2&v4&H1&+0&R&z1:7]:1.[c&D3&v4&H0&+0&R&z1:8](-[O&D1&v2&H1&+0&!R:9]):[c&D3&v4&H0&+0&R&z1:10]-[O&D1&v2&H1&+0&!R:11]>>[C&D3&v4&H0&+0&R&z0:2]1=[C&D2&v4&H1&+0&R&z1:7]-[N&D3&v3&H0&+0&R:6]-[C&D2&v4&H1&+0&R&z1:5]=[C&D2&v4&H1&+0&R&z0:4]-[C&D2&v4&H2&+0&R&z0:3]-1.[N&D1&v3&H2&+0&!R:1]-[c&D3&v4&H0&+0&R&z1:10]:[c&D2&v4&H1&+0&R&z0:8].[O&D1&v2&H0&+0&!R:9]=[O&D1&v2&H0&+0&!R:11]	NADH_CoF;Any;O2
266_0	Any;Any;Pi	[N&D3&v3&H0&+0&R:1]-[C&D3&v4&H0&+0&!R&z3:2].[O&D1&v2&H1&+0&!R:3].[P&D4&v5&H0&+0&!R:4]-[O&D1&v2&H1&+0&!R:5]>>[C&D3&v4&H0&+0&!R&z3:2]-[O&D1&v2&H1&+0&!R:5].[N&D2&v3&H1&+0&R:1].[O&D2&v2&H0&+0&!R:3]-[P&D4&v5&H0&+0&!R:4]	CO3;Any;Any
266_1	Any;PHOSPHATE_ACCEPTOR_CoF;Pi	[N&D3&v3&H0&+0&R:1]-[C&D3&v4&H0&+0&!R&z3:2].[O&D1&v2&H1&+0&!R:3].[P&D4&v5&H0&+0&!R:4]-[O&D1&v2&H1&+0&!R:5]>>[C&D3&v4&H0&+0&!R&z3:2]-[O&D1&v2&H1&+0&!R:5].[N&D2&v3&H1&+0&R:1].[O&D2&v2&H0&+0&!R:3]-[P&D4&v5&H0&+0&!R:4]	CO3;Any;PHOSPHATE_DONOR_CoF
278_0	Any;Any;Any;CO2	[C&D1&v4&H2&+0&!R&z1:1]=[O&D1&v2&H0&+0&!R:2].[C&D3&v4&H0&+0&!R&z2:3]-[O&D1&v2&H1&+0&!R:4].[N&D1&v3&H1&+0&!R:5].[O&D1&v2&H0&+0&!R:6]=[C&D2&v4&H0&+0&!R&z2:7]>>[C&D3&v4&H0&+0&!R&z1:3]-[C&D3&v4&H0&+0&!R&z2:7]-[O&D1&v2&H1&+0&!R:6].[N&D2&v3&H0&+0&!R:5]-[C&D1&v4&H3&+0&!R&z1:1].[O&D1&v2&H0&+0&!R:4]=[O&D1&v2&H0&+0&!R:2]	Any;Any;O2
2092_0	Any;O2	[C&D2&v4&H2&+0&!R&z1:1]-[C&D2&v4&H2&+0&!R&z0:2].[O&D1&v2&H0&+0&!R:3]=[O&D1&v2&H0&+0&!R:4]>>[C&D2&v4&H1&+0&!R&z1:1]=[C&D2&v4&H1&+0&!R&z0:2].[O&D1&v2&H1&+0&!R:3]-[O&D1&v2&H1&+0&!R:4]	Any;H2O2
1121_0	Any;Any	[C&D3&v4&H0&+0&R&z0:1]1=[C&D2&v4&H1&+0&R&z1:2]-[N&D3&v3&H0&+0&R:3]-[C&D2&v4&H1&+0&R&z1:4]=[C&D2&v4&H1&+0&R&z0:5]-[C&D2&v4&H2&+0&R&z0:6]-1.[C&D3&v4&H0&+0&R&z1:7]=[C&D3&v4&H0&+0&R&z0:8]>>[C&D3&v4&H1&+0&R&z1:7]-[C&D3&v4&H1&+0&R&z0:8].[c&D3&v4&H0&+0&R&z0:1]1:[c&D2&v4&H1&+0&R&z0:6]:[c&D2&v4&H1&+0&R&z0:5]:[c&D2&v4&H1&+0&R&z1:4]:[n&D3&v4&H0&+&R:3]:[c&D2&v4&H1&+0&R&z1:2]:1	Any;Any
1121_1	NADH_CoF;Any	[C&D3&v4&H0&+0&R&z0:1]1=[C&D2&v4&H1&+0&R&z1:2]-[N&D3&v3&H0&+0&R:3]-[C&D2&v4&H1&+0&R&z1:4]=[C&D2&v4&H1&+0&R&z0:5]-[C&D2&v4&H2&+0&R&z0:6]-1.[C&D3&v4&H0&+0&R&z1:7]=[C&D3&v4&H0&+0&R&z0:8]>>[C&D3&v4&H1&+0&R&z1:7]-[C&D3&v4&H1&+0&R&z0:8].[c&D3&v4&H0&+0&R&z0:1]1:[c&D2&v4&H1&+0&R&z0:6]:[c&D2&v4&H1&+0&R&z0:5]:[c&D2&v4&H1&+0&R&z1:4]:[n&D3&v4&H0&+&R:3]:[c&D2&v4&H1&+0&R&z1:2]:1	Any;NAD_CoF
530_0	Any;PPI	[C&D1&v4&H2&+0&!R&z0:1]=[C&D3&v4&H0&+0&R&z0:2]-[C&D3&v4&H1&+0&R&z0:3]-[C&D3&v4&H1&+0&R&z0:4]-[C&D4&v4&H0&+0&R&z0:5]-[C&D2&v4&H2&+0&R&z0:6].[O&D1&v2&H1&+0&!R:7]>>([C&D2&v4&H2&+0&!R&z1:4]-[O&D2&v2&H0&+0&!R:7].[C&D3&v4&H0&+0&!R&z0:2](-[C&D1&v4&H3&+0&!R&z0:1])=[C&D2&v4&H1&+0&!R&z0:3].[C&D3&v4&H0&+0&!R&z0:5]=[C&D2&v4&H1&+0&!R&z0:6])	Any
1355_0	Any;WATER	[C&D1&v4&H3&+0&!R&z1:1]-[O&D2&v2&H0&+0&!R:2].[O&D0&v2&H2&+0&!R:3]>>[C&D1&v4&H3&+0&!R&z1:1]-[O&D1&v2&H1&+0&!R:3].[O&D1&v2&H1&+0&!R:2]	Any;SULFATE
1608_0	Any;Any;CO2	[C&D3&v4&H0&+0&R&z0:1]1=[C&D2&v4&H1&+0&R&z1:2]-[N&D3&v3&H0&+0&R:3]-[C&D2&v4&H1&+0&R&z1:4]=[C&D2&v4&H1&+0&R&z0:5]-[C&D2&v4&H2&+0&R&z0:6]-1.[N&D2&v3&H1&+0&!R:7].[O&D1&v2&H0&+0&!R:8]=[C&D2&v4&H0&+0&!R&z2:9]=[O&D1&v2&H0&+0&!R:10]>>[N&D3&v3&H0&+0&!R:7]-[C&D2&v4&H1&+0&!R&z2:9]=[O&D1&v2&H0&+0&!R:10].[O&D0&v2&H2&+0&!R:8].[c&D3&v4&H0&+0&R&z0:1]1:[c&D2&v4&H1&+0&R&z0:6]:[c&D2&v4&H1&+0&R&z0:5]:[c&D2&v4&H1&+0&R&z1:4]:[n&D3&v4&H0&+&R:3]:[c&D2&v4&H1&+0&R&z1:2]:1	Any;WATER;Any
1608_1	NADH_CoF;FORMYL_ACCEPTOR_CoF;CO2	[C&D3&v4&H0&+0&R&z0:1]1=[C&D2&v4&H1&+0&R&z1:2]-[N&D3&v3&H0&+0&R:3]-[C&D2&v4&H1&+0&R&z1:4]=[C&D2&v4&H1&+0&R&z0:5]-[C&D2&v4&H2&+0&R&z0:6]-1.[N&D2&v3&H1&+0&!R:7].[O&D1&v2&H0&+0&!R:8]=[C&D2&v4&H0&+0&!R&z2:9]=[O&D1&v2&H0&+0&!R:10]>>[N&D3&v3&H0&+0&!R:7]-[C&D2&v4&H1&+0&!R&z2:9]=[O&D1&v2&H0&+0&!R:10].[O&D0&v2&H2&+0&!R:8].[c&D3&v4&H0&+0&R&z0:1]1:[c&D2&v4&H1&+0&R&z0:6]:[c&D2&v4&H1&+0&R&z0:5]:[c&D2&v4&H1&+0&R&z1:4]:[n&D3&v4&H0&+&R:3]:[c&D2&v4&H1&+0&R&z1:2]:1	FORMYL_DONOR_CoF;WATER;NAD_CoF
1914_0	Any;Any;O2	([C&D2&v4&H1&+0&!R&z0:1].[O&D1&v2&H1&+0&!R:2]).([C&D2&v4&H1&+0&!R&z0:3].[O&D1&v2&H1&+0&!R:4]).[O&D1&v2&H0&+0&!R:5]=[O&D1&v2&H0&+0&!R:6]>>[C&D3&v4&H0&+0&R&z1:1]-[O&D2&v2&H0&+0&R:2].[C&D3&v4&H0&+0&R&z1:3]-[O&D2&v2&H0&+0&R:4].[O&D0&v2&H2&+0&!R:5].[O&D0&v2&H2&+0&!R:6]	Any;Any;WATER;WATER
957_0	Any	([C&D2&v4&H2&+0&!R&z0:1]-[C&D3&v4&H0&+0&!R&z0:2]=[C&D2&v4&H1&+0&!R&z0:3]-[C&D2&v4&H2&+0&!R&z1:4]-[O&D2&v2&H0&+0&!R:5].[C&D3&v4&H0&+0&!R&z0:6]=[C&D2&v4&H1&+0&!R&z0:7].[C&D3&v4&H0&+0&!R&z0:8]=[C&D2&v4&H1&+0&!R&z0:9])>>[C&D3&v4&H0&+0&R&z0:2](=[C&D2&v4&H1&+0&R&z0:1])-[C&D2&v4&H1&+0&R&z0:3]=[C&D3&v4&H0&+0&R&z0:4](-[C&D3&v4&H1&+0&R&z0:9]-[C&D3&v4&H1&+0&R&z0:8])-[C&D3&v4&H1&+0&R&z0:7]-[C&D3&v4&H1&+0&!R&z0:6].[O&D1&v2&H1&+0&!R:5]	Any;PPI
672_0	Any;Any	[C&D1&v4&H3&+0&!R&z0:1]-[C&D3&v4&H0&+0&!R&z1:2]=[O&D1&v2&H0&+0&!R:3].[c&D3&v4&H0&+0&R&z0:4]1:[c&D2&v4&H1&+0&R&z0:5]:[c&D2&v4&H1&+0&R&z0:6]:[c&D2&v4&H1&+0&R&z0:7]:[c&D2&v4&H1&+0&R&z0:8]:[c&D3&v4&H0&+0&R&z1:9]:1-[O&D1&v2&H1&+0&!R:10]>>[C&D1&v4&H2&+0&!R&z0:1]=[C&D3&v4&H0&+0&!R&z1:2]-[O&D2&v2&H0&+0&!R:3]-[C&D3&v4&H1&+0&R&z1:8]1-[C&D2&v4&H1&+0&R&z0:7]=[C&D2&v4&H1&+0&R&z0:6]-[C&D2&v4&H1&+0&R&z0:5]=[C&D3&v4&H0&+0&R&z0:4]-[C&D3&v4&H1&+0&R&z1:9]-1-[O&D1&v2&H1&+0&!R:10]	Any
1535_0	Any;Pi	[N&D2&v3&H1&+0&!R:1]-[C&D2&v4&H2&+0&!R&z1:2]-[C&D2&v4&H2&+0&!R&z0:3]-[C&D3&v4&H0&+0&!R&z2:4](=[O&D1&v2&H0&+0&!R:5])-[O&D1&v2&H1&+0&!R:6].[O&D1&v2&H1&+0&!R:7]>>[N&D1&v3&H2&+0&!R:1].[O&D1&v2&H0&+0&!R:5]=[C&D2&v4&H1&+0&!R&z1:4]-[C&D3&v4&H1&+0&!R&z1:3](-[O&D1&v2&H1&+0&!R:6])-[C&D2&v4&H2&+0&!R&z1:2]-[O&D2&v2&H0&+0&!R:7]	Any;Any
269_0	Any;Any;Any;CO2	[C&D1&v4&H2&+0&!R&z1:1]=[O&D1&v2&H0&+0&!R:2].[C&D3&v4&H0&+0&!R&z2:3]-[O&D1&v2&H1&+0&!R:4].[N&D2&v3&H1&+0&!R:5].[O&D1&v2&H0&+0&!R:6]=[C&D2&v4&H0&+0&!R&z2:7]>>[C&D3&v4&H0&+0&!R&z1:3]-[C&D3&v4&H0&+0&!R&z2:7]-[O&D1&v2&H1&+0&!R:6].[N&D3&v3&H0&+0&!R:5]-[C&D1&v4&H3&+0&!R&z1:1].[O&D1&v2&H0&+0&!R:4]=[O&D1&v2&H0&+0&!R:2]	Any;Any;O2
1450_0	Any;O2;Any	[C&D3&v4&H0&+0&R&z0:1]1=[C&D2&v4&H1&+0&R&z1:2]-[N&D3&v3&H0&+0&R:3]-[C&D2&v4&H1&+0&R&z1:4]=[C&D2&v4&H1&+0&R&z0:5]-[C&D2&v4&H2&+0&R&z0:6]-1.[O&D1&v2&H0&+0&!R:7]=[O&D1&v2&H0&+0&!R:8].[c&D3&v4&H0&+0&R&z0:9]1:[c&D3&v4&H0&+0&R&z0:10]:[c&D3&v4&H0&+0&R&z0:11]:[c&D3&v4&H0&+0&R&z1:12](-[O&D1&v2&H1&+0&!R:13]):[c&D3&v4&H0&+0&R&z0:14]:[c&D3&v4&H0&+0&R&z0:15]:1>>[C&D3&v4&H0&+0&R&z0:11]1=[C&D3&v4&H0&+0&R&z0:10]-[C&D4&v4&H0&+0&R&z1:9](-[O&D1&v2&H1&+0&!R:8])-[c&D3&v4&H0&+0&R&z0:15]:[c&D3&v4&H0&+0&R&z0:14]-[C&D3&v4&H0&+0&R&z1:12]-1=[O&D1&v2&H0&+0&!R:13].[O&D0&v2&H2&+0&!R:7].[c&D3&v4&H0&+0&R&z0:1]1:[c&D2&v4&H1&+0&R&z0:6]:[c&D2&v4&H1&+0&R&z0:5]:[c&D2&v4&H1&+0&R&z1:4]:[n&D3&v4&H0&+&R:3]:[c&D2&v4&H1&+0&R&z1:2]:1	Any;WATER;Any
1450_1	NADH_CoF;O2;Any	[C&D3&v4&H0&+0&R&z0:1]1=[C&D2&v4&H1&+0&R&z1:2]-[N&D3&v3&H0&+0&R:3]-[C&D2&v4&H1&+0&R&z1:4]=[C&D2&v4&H1&+0&R&z0:5]-[C&D2&v4&H2&+0&R&z0:6]-1.[O&D1&v2&H0&+0&!R:7]=[O&D1&v2&H0&+0&!R:8].[c&D3&v4&H0&+0&R&z0:9]1:[c&D3&v4&H0&+0&R&z0:10]:[c&D3&v4&H0&+0&R&z0:11]:[c&D3&v4&H0&+0&R&z1:12](-[O&D1&v2&H1&+0&!R:13]):[c&D3&v4&H0&+0&R&z0:14]:[c&D3&v4&H0&+0&R&z0:15]:1>>[C&D3&v4&H0&+0&R&z0:11]1=[C&D3&v4&H0&+0&R&z0:10]-[C&D4&v4&H0&+0&R&z1:9](-[O&D1&v2&H1&+0&!R:8])-[c&D3&v4&H0&+0&R&z0:15]:[c&D3&v4&H0&+0&R&z0:14]-[C&D3&v4&H0&+0&R&z1:12]-1=[O&D1&v2&H0&+0&!R:13].[O&D0&v2&H2&+0&!R:7].[c&D3&v4&H0&+0&R&z0:1]1:[c&D2&v4&H1&+0&R&z0:6]:[c&D2&v4&H1&+0&R&z0:5]:[c&D2&v4&H1&+0&R&z1:4]:[n&D3&v4&H0&+&R:3]:[c&D2&v4&H1&+0&R&z1:2]:1	Any;WATER;NAD_CoF
491_0	Any;Any	[C&D2&v4&H1&+0&R&z0:1]=[C&D3&v4&H0&+0&R&z0:2].[C&D3&v4&H0&+0&!R&z1:3]-[C&D3&v4&H0&+0&!R&z2:4]-[O&D1&v2&H1&+0&!R:5]>>[C&D3&v4&H1&+0&R&z0:1](-[C&D3&v4&H0&+0&!R&z1:3])-[C&D3&v4&H1&+0&R&z0:2].[O&D1&v2&H0&+0&!R:5]=[C&D2&v4&H0&+0&!R&z2:4]	Any;CO2
1266_0	Any	([O&D1&v2&H1&+0&!R:1].[O&D2&v2&H0&+0&R:2]-[C&D3&v4&H0&+0&R&z1:3])>>([C&D2&v4&H1&+0&!R&z0:3].[O&D2&v2&H0&+0&R:2]-[O&D2&v2&H0&+0&R:1])	Any
1014_0	Any;PPI	[C&D1&v4&H3&+0&!R&z0:1]-[C&D3&v4&H1&+0&!R&z0:2](-[C&D1&v4&H3&+0&!R&z0:3])-[C&D3&v4&H0&+0&R&z0:4]=[C&D2&v4&H1&+0&R&z0:5]-[C&D3&v4&H0&+0&R&z0:6]=[C&D2&v4&H1&+0&R&z0:7].[O&D1&v2&H1&+0&!R:8]>>([C&D1&v4&H2&+0&!R&z0:5]=[C&D3&v4&H0&+0&R&z0:6]-[C&D2&v4&H2&+0&R&z0:7].[C&D3&v4&H0&+0&!R&z0:4](-[C&D1&v4&H3&+0&!R&z0:1])=[C&D2&v4&H1&+0&!R&z0:2]-[C&D2&v4&H2&+0&!R&z1:3]-[O&D2&v2&H0&+0&!R:8])	Any
1694_0	Any;Any	[C&D3&v4&H0&+0&!R&z2:1]-[O&D1&v2&H1&+0&!R:2].[N&D1&v3&H2&+0&!R:3]-[C&D3&v4&H0&+0&!R&z2:4]>>[C&D3&v4&H0&+0&!R&z2:4]-[O&D1&v2&H1&+0&!R:2].[N&D1&v3&H2&+0&!R:3]-[C&D3&v4&H0&+0&!R&z2:1]	Any;Any
1875_0	Any;WATER	[C&D2&v4&H1&+0&!R&z0:1]=[C&D3&v4&H0&+0&!R&z0:2]-[C&D2&v4&H1&+0&!R&z0:3]=[C&D3&v4&H0&+0&!R&z1:4]-[O&D1&v2&H1&+0&!R:5].[O&D0&v2&H2&+0&!R:6]>>[C&D2&v4&H2&+0&!R&z0:1]-[C&D4&v4&H0&+0&!R&z1:2](-[O&D1&v2&H1&+0&!R:6])-[C&D2&v4&H2&+0&!R&z0:3]-[C&D3&v4&H0&+0&!R&z1:4]=[O&D1&v2&H0&+0&!R:5]	Any
1116_0	Any;PPI	[C&D4&v4&H0&+0&R&z0:1]1-[C&D2&v4&H2&+0&R&z0:2]-[C&D3&v4&H1&+0&R&z0:3]2-[C&D3&v4&H1&+0&R&z0:4]-[C&D4&v4&H0&+0&R&z0:5]-2-[C&D2&v4&H2&+0&R&z0:6]-1.[O&D1&v2&H1&+0&!R:7]>>([C&D1&v4&H2&+0&!R&z0:6]=[C&D3&v4&H0&+0&R&z0:1].[C&D2&v4&H2&+0&!R&z0:4]-[C&D3&v4&H0&+0&!R&z0:5]=[C&D2&v4&H1&+0&!R&z0:3]-[C&D2&v4&H2&+0&!R&z1:2]-[O&D2&v2&H0&+0&!R:7])	Any
558_0	Any;PPI	[C&D1&v4&H2&+0&!R&z0:1]=[C&D2&v4&H1&+0&!R&z0:2]-[C&D4&v4&H0&+0&R&z1:3]-[O&D2&v2&H0&+0&R:4].[O&D1&v2&H1&+0&!R:5]>>([C&D3&v4&H0&+0&!R&z0:3]=[C&D2&v4&H1&+0&!R&z0:2]-[C&D2&v4&H2&+0&!R&z1:1]-[O&D2&v2&H0&+0&!R:5].[O&D1&v2&H1&+0&!R:4])	Any
1192_0	Any;Any	[C&D2&v4&H1&+0&!R&z1:1].[C&D2&v4&H1&+0&!R&z1:2]=[O&D1&v2&H0&+0&!R:3]>>[C&D3&v4&H0&+0&!R&z1:1]-[C&D3&v4&H1&+0&!R&z1:2]-[O&D1&v2&H1&+0&!R:3]	Any
1069_0	Any;Any;Pi	[C&D3&v4&H0&+0&!R&z2:1]-[O&D2&v2&H0&+0&!R:2].[O&D1&v2&H1&+0&!R:3].[P&D4&v5&H0&+0&!R:4]-[O&D1&v2&H1&+0&!R:5]>>[C&D3&v4&H0&+0&!R&z2:1]-[O&D1&v2&H1&+0&!R:5].[O&D1&v2&H1&+0&!R:2].[O&D2&v2&H0&+0&!R:3]-[P&D4&v5&H0&+0&!R:4]	Any;Any;Any
1069_1	Any;PHOSPHATE_ACCEPTOR_CoF;Pi	[C&D3&v4&H0&+0&!R&z2:1]-[O&D2&v2&H0&+0&!R:2].[O&D1&v2&H1&+0&!R:3].[P&D4&v5&H0&+0&!R:4]-[O&D1&v2&H1&+0&!R:5]>>[C&D3&v4&H0&+0&!R&z2:1]-[O&D1&v2&H1&+0&!R:5].[O&D1&v2&H1&+0&!R:2].[O&D2&v2&H0&+0&!R:3]-[P&D4&v5&H0&+0&!R:4]	Any;Any;PHOSPHATE_DONOR_CoF
1766_0	Any;Any;O2	[C&D3&v4&H0&+0&!R&z1:1]-[C&D3&v4&H0&+0&!R&z2:2]-[O&D1&v2&H1&+0&!R:3].[C&D3&v4&H1&+0&R&z1:4]-[N&D1&v3&H2&+0&!R:5].[O&D1&v2&H0&+0&!R:6]=[O&D1&v2&H0&+0&!R:7]>>[C&D3&v4&H0&+0&!R&z2:1]-[O&D1&v2&H1&+0&!R:6].[C&D3&v4&H0&+0&R&z1:4]=[O&D1&v2&H0&+0&!R:7].[N&D0&v3&H3&+0&!R:5].[O&D1&v2&H0&+0&!R:3]=[C&D2&v4&H0&+0&!R&z2:2]	Any;Any;NH3;CO2
1732_0	Any;Any	[C&D2&v4&H2&+0&!R&z1:1]-[O&D1&v2&H1&+0&!R:2].[C&D3&v4&H1&+0&!R&z1:3](-[O&D1&v2&H1&+0&!R:4])-[c&D3&v4&H0&+0&R&z0:5]>>[C&D2&v4&H2&+0&!R&z0:1]-[c&D3&v4&H0&+0&R&z0:5].[O&D0&v2&H2&+0&!R:2].[O&D1&v2&H0&+0&!R:4]=[C&D2&v4&H1&+0&!R&z1:3]	Any;WATER;Any
1755_0	Any	[N&D1&v3&H2&+0&!R:1]-[C&D2&v4&H1&+0&!R&z2:2]=[O&D1&v2&H0&+0&!R:3]>>[C&D1&v4&H1&+0&!R&z1:2]#[N&D1&v3&H0&+0&!R:1].[O&D0&v2&H2&+0&!R:3]	HCN;WATER
203_0	Any	[C&D2&v4&H2&+0&!R&z1:1]-[C&D2&v4&H1&+0&!R&z1:2]=[S&D2&v3&H0&+&!R:3]>>[C&D2&v4&H1&+0&!R&z1:1]=[C&D2&v4&H1&+0&!R&z1:2]-[S&D2&v2&H0&+0&!R:3]	Any
2069_0	Any	[O&D1&v2&H0&+0&!R:1]=[C&D2&v4&H1&+0&!R&z1:2]-[C&D2&v4&H1&+0&!R&z0:3]=[C&D3&v4&H0&+0&!R&z1:4]-[C&D2&v4&H1&+0&!R&z0:5]=[C&D2&v4&H1&+0&!R&z0:6]-[C&D3&v4&H0&+0&!R&z2:7]=[O&D1&v2&H0&+0&!R:8]>>[O&D1&v2&H0&+0&!R:1]=[O&D1&v2&H0&+0&!R:8].[c&D3&v4&H0&+0&R&z1:4]1:[c&D2&v4&H1&+0&R&z0:3]:[c&D2&v4&H1&+0&R&z0:2]:[c&D3&v4&H0&+0&R&z1:7]:[c&D2&v4&H1&+0&R&z0:6]:[c&D2&v4&H1&+0&R&z0:5]:1	O2;Any
595_0	Any;Any;H2O2	[C&D1&v4&H2&+0&!R&z1:1]=[O&D1&v2&H0&+0&!R:2].[N&D2&v3&H1&+0&!R:3].[O&D1&v2&H1&+0&!R:4]-[O&D1&v2&H1&+0&!R:5]>>[C&D1&v4&H3&+0&!R&z1:1]-[N&D3&v3&H0&+0&!R:3].[O&D0&v2&H2&+0&!R:2].[O&D1&v2&H0&+0&!R:4]=[O&D1&v2&H0&+0&!R:5]	Any;WATER;O2
942_0	Any	([C&D3&v4&H0&+0&!R&z0:1](-[C&D1&v4&H3&+0&!R&z0:2])=[C&D2&v4&H1&+0&!R&z0:3]-[C&D2&v4&H2&+0&!R&z1:4]-[O&D2&v2&H0&+0&!R:5].[C&D3&v4&H0&+0&!R&z0:6]=[C&D2&v4&H1&+0&!R&z0:7])>>[C&D1&v4&H2&+0&!R&z0:2]=[C&D3&v4&H0&+0&R&z0:1]-[C&D3&v4&H1&+0&R&z0:3]1-[C&D3&v4&H1&+0&R&z0:7]-[C&D4&v4&H0&+0&R&z0:6]-[C&D2&v4&H2&+0&R&z0:4]-1.[O&D1&v2&H1&+0&!R:5]	Any;PPI
931_0	Any	([C&D3&v4&H0&+0&!R&z0:1](-[C&D1&v4&H3&+0&!R&z0:2])=[C&D2&v4&H1&+0&!R&z0:3]-[C&D2&v4&H2&+0&!R&z1:4]-[O&D2&v2&H0&+0&!R:5].[C&D3&v4&H0&+0&!R&z0:6]=[C&D2&v4&H1&+0&!R&z0:7])>>[C&D1&v4&H2&+0&!R&z0:4]=[C&D3&v4&H0&+0&R&z0:3]1-[C&D3&v4&H1&+0&R&z0:1]-[C&D2&v4&H2&+0&R&z0:2]-[C&D3&v4&H1&+0&R&z0:7]-[C&D4&v4&H0&+0&R&z0:6]-1.[O&D1&v2&H1&+0&!R:5]	Any;PPI
869_0	Any	[C&D3&v4&H0&+0&!R&z2:1]-[C&D2&v4&H2&+0&!R&z0:2]-[C&D2&v4&H2&+0&!R&z1:3]-[O&D1&v2&H1&+0&!R:4]>>[C&D1&v4&H2&+0&!R&z0:3]=[C&D2&v4&H1&+0&!R&z0:2]-[C&D3&v4&H0&+0&!R&z2:1].[O&D0&v2&H2&+0&!R:4]	Any;WATER
1480_0	Any;Any	[C&D2&v4&H2&+0&!R&z1:1]-[n&D3&v4&H0&+&R:2].[n&D2&v3&H0&+0&R:3]>>[C&D2&v4&H2&+0&!R&z1:1]-[n&D3&v4&H0&+&R:3].[n&D2&v3&H0&+0&R:2]	Any;Any
1352_0	Any;Any	[C&D1&v4&H3&+0&!R&z1:1]-[O&D1&v2&H1&+0&!R:2].[O&D1&v2&H0&+0&!R:3]=[C&D2&v4&H1&+0&!R&z2:4]-[O&D1&v2&H1&+0&!R:5]>>[C&D1&v4&H2&+0&!R&z1:4]=[O&D1&v2&H0&+0&!R:3].[C&D1&v4&H2&+0&!R&z1:1]=[O&D1&v2&H0&+0&!R:2].[O&D0&v2&H2&+0&!R:5]	Any;Any;WATER
875_0	Any;O2;Any	[C&D3&v4&H0&+0&R&z0:1]1=[C&D2&v4&H1&+0&R&z1:2]-[N&D3&v3&H0&+0&R:3]-[C&D2&v4&H1&+0&R&z1:4]=[C&D2&v4&H1&+0&R&z0:5]-[C&D2&v4&H2&+0&R&z0:6]-1.[O&D1&v2&H0&+0&!R:7]=[O&D1&v2&H0&+0&!R:8].[c&D3&v4&H0&+0&R&z0:9]1:[c&D2&v4&H1&+0&R&z0:10]:[c&D2&v4&H1&+0&R&z0:11]:[c&D2&v4&H1&+0&R&z0:12]:[c&D2&v4&H1&+0&R&z0:13]:[c&D2&v4&H1&+0&R&z0:14]:1>>[C&D3&v4&H0&+0&R&z0:9]1=[C&D2&v4&H1&+0&R&z0:10]-[C&D2&v4&H1&+0&R&z0:11]=[C&D2&v4&H1&+0&R&z0:12]-[C&D3&v4&H1&+0&R&z1:13]2-[O&D2&v2&H0&+0&R:7]-[C&D3&v4&H1&+0&R&z1:14]-1-2.[O&D0&v2&H2&+0&!R:8].[c&D3&v4&H0&+0&R&z0:1]1:[c&D2&v4&H1&+0&R&z0:6]:[c&D2&v4&H1&+0&R&z0:5]:[c&D2&v4&H1&+0&R&z1:4]:[n&D3&v4&H0&+&R:3]:[c&D2&v4&H1&+0&R&z1:2]:1	Any;WATER;Any
875_1	NADH_CoF;O2;Any	[C&D3&v4&H0&+0&R&z0:1]1=[C&D2&v4&H1&+0&R&z1:2]-[N&D3&v3&H0&+0&R:3]-[C&D2&v4&H1&+0&R&z1:4]=[C&D2&v4&H1&+0&R&z0:5]-[C&D2&v4&H2&+0&R&z0:6]-1.[O&D1&v2&H0&+0&!R:7]=[O&D1&v2&H0&+0&!R:8].[c&D3&v4&H0&+0&R&z0:9]1:[c&D2&v4&H1&+0&R&z0:10]:[c&D2&v4&H1&+0&R&z0:11]:[c&D2&v4&H1&+0&R&z0:12]:[c&D2&v4&H1&+0&R&z0:13]:[c&D2&v4&H1&+0&R&z0:14]:1>>[C&D3&v4&H0&+0&R&z0:9]1=[C&D2&v4&H1&+0&R&z0:10]-[C&D2&v4&H1&+0&R&z0:11]=[C&D2&v4&H1&+0&R&z0:12]-[C&D3&v4&H1&+0&R&z1:13]2-[O&D2&v2&H0&+0&R:7]-[C&D3&v4&H1&+0&R&z1:14]-1-2.[O&D0&v2&H2&+0&!R:8].[c&D3&v4&H0&+0&R&z0:1]1:[c&D2&v4&H1&+0&R&z0:6]:[c&D2&v4&H1&+0&R&z0:5]:[c&D2&v4&H1&+0&R&z1:4]:[n&D3&v4&H0&+&R:3]:[c&D2&v4&H1&+0&R&z1:2]:1	Any;WATER;NAD_CoF
1762_0	Any;WATER	[N&D1&v3&H2&+0&!R:1]-[C&D2&v4&H2&+0&!R&z1:2]-[C&D3&v4&H1&+0&!R&z1:3]-[O&D2&v2&H0&+0&!R:4].[O&D0&v2&H2&+0&!R:5]>>[C&D2&v4&H2&+0&!R&z0:3]-[C&D2&v4&H1&+0&!R&z1:2]=[O&D1&v2&H0&+0&!R:5].[N&D0&v3&H3&+0&!R:1].[O&D1&v2&H1&+0&!R:4]	Any;NH3;Pi
1409_0	Any;Any	[C&D3&v4&H0&+0&!R&z2:1]=[O&D1&v2&H0&+0&!R:2].[O&D1&v2&H0&+0&!R:3]=[C&D2&v4&H1&+0&!R&z2:4]>>[C&D3&v4&H0&+0&!R&z1:1]=[C&D2&v4&H1&+0&!R&z1:4].[O&D1&v2&H0&+0&!R:2]=[O&D1&v2&H0&+0&!R:3]	Any;O2
2020_0	Any;Any;O2	[C&D3&v4&H0&+0&!R&z1:1]-[C&D3&v4&H0&+0&!R&z2:2]-[O&D1&v2&H1&+0&!R:3].[N&D2&v4&H0&+&!R:4]-[C&D3&v4&H1&+0&!R&z1:5]-[C&D2&v4&H2&+0&!R&z0:6].[O&D1&v2&H0&+0&!R:7]=[O&D1&v2&H0&+0&!R:8]>>[C&D3&v4&H0&+0&!R&z2:1]-[O&D1&v2&H1&+0&!R:7].[N&D2&v4&H0&+&!R:4]-[C&D3&v4&H0&+0&!R&z1:5]=[C&D2&v4&H1&+0&!R&z0:6].[O&D0&v2&H2&+0&!R:8].[O&D1&v2&H0&+0&!R:3]=[C&D2&v4&H0&+0&!R&z2:2]	Any;Any;WATER;CO2
538_0	Any;Any;CO2	[C&D1&v4&H2&+0&!R&z0:1]=[C&D2&v4&H1&+0&!R&z0:2]-[C&D3&v4&H0&+0&!R&z2:3].[C&D3&v4&H0&+0&R&z0:4]1=[C&D2&v4&H1&+0&R&z1:5]-[N&D3&v3&H0&+0&R:6]-[C&D2&v4&H1&+0&R&z1:7]=[C&D2&v4&H1&+0&R&z0:8]-[C&D2&v4&H2&+0&R&z0:9]-1.[O&D1&v2&H0&+0&!R:10]=[C&D2&v4&H0&+0&!R&z2:11]>>[C&D1&v4&H3&+0&!R&z0:1]-[C&D3&v4&H1&+0&!R&z0:2](-[C&D3&v4&H0&+0&!R&z2:11]-[O&D1&v2&H1&+0&!R:10])-[C&D3&v4&H0&+0&!R&z2:3].[c&D3&v4&H0&+0&R&z0:4]1:[c&D2&v4&H1&+0&R&z0:9]:[c&D2&v4&H1&+0&R&z0:8]:[c&D2&v4&H1&+0&R&z1:7]:[n&D3&v4&H0&+&R:6]:[c&D2&v4&H1&+0&R&z1:5]:1	Any;Any
538_1	Any;NADH_CoF;CO2	[C&D1&v4&H2&+0&!R&z0:1]=[C&D2&v4&H1&+0&!R&z0:2]-[C&D3&v4&H0&+0&!R&z2:3].[C&D3&v4&H0&+0&R&z0:4]1=[C&D2&v4&H1&+0&R&z1:5]-[N&D3&v3&H0&+0&R:6]-[C&D2&v4&H1&+0&R&z1:7]=[C&D2&v4&H1&+0&R&z0:8]-[C&D2&v4&H2&+0&R&z0:9]-1.[O&D1&v2&H0&+0&!R:10]=[C&D2&v4&H0&+0&!R&z2:11]>>[C&D1&v4&H3&+0&!R&z0:1]-[C&D3&v4&H1&+0&!R&z0:2](-[C&D3&v4&H0&+0&!R&z2:11]-[O&D1&v2&H1&+0&!R:10])-[C&D3&v4&H0&+0&!R&z2:3].[c&D3&v4&H0&+0&R&z0:4]1:[c&D2&v4&H1&+0&R&z0:9]:[c&D2&v4&H1&+0&R&z0:8]:[c&D2&v4&H1&+0&R&z1:7]:[n&D3&v4&H0&+&R:6]:[c&D2&v4&H1&+0&R&z1:5]:1	Any;NAD_CoF
1336_0	Any;Any	[C&D1&v4&H3&+0&!R&z1:1]-[N&D3&v3&H0&+0&R:2].[O&D1&v2&H1&+0&!R:3]>>[C&D1&v4&H3&+0&!R&z1:1]-[O&D2&v2&H0&+0&!R:3].[N&D2&v3&H1&+0&R:2]	Any;Any
954_0	Any	([C&D2&v4&H2&+0&!R&z0:1]-[C&D3&v4&H0&+0&!R&z0:2]=[C&D2&v4&H1&+0&!R&z0:3].[C&D2&v4&H2&+0&!R&z1:4]-[O&D2&v2&H0&+0&!R:5].[C&D3&v4&H0&+0&!R&z0:6]=[C&D2&v4&H1&+0&!R&z0:7])>>[C&D3&v4&H1&+0&R&z0:4](-[C&D3&v4&H1&+0&R&z0:3]-[C&D3&v4&H0&+0&R&z0:2]=[C&D2&v4&H1&+0&R&z0:1])-[C&D4&v4&H0&+0&R&z0:6]-[C&D2&v4&H2&+0&R&z0:7].[O&D1&v2&H1&+0&!R:5]	Any;PPI
200_0	Any	[C&D2&v4&H2&+0&!R&z1:1]-[C&D2&v4&H1&+0&!R&z0:2]=[C&D2&v4&H1&+0&!R&z0:3]-[C&D2&v4&H1&+0&!R&z0:4]=[C&D2&v4&H1&+0&!R&z0:5]>>[C&D2&v4&H1&+0&!R&z1:1]=[C&D2&v4&H1&+0&!R&z0:2]-[C&D2&v4&H1&+0&!R&z0:3]=[C&D2&v4&H1&+0&!R&z0:4]-[C&D2&v4&H2&+0&!R&z0:5]	Any
1466_0	Any;WATER	[C&D2&v4&H2&+0&R&z0:1]-[C&D3&v4&H0&+0&R&z1:2]=[O&D1&v2&H0&+0&!R:3].[O&D0&v2&H2&+0&!R:4]>>[C&D3&v4&H1&+0&R&z1:2](-[O&D1&v2&H1&+0&!R:3])-[C&D3&v4&H1&+0&R&z1:1]-[O&D1&v2&H1&+0&!R:4]	Any
1967_0	Any;Any	[C&D2&v4&H1&+0&R&z1:1]=[N&D2&v3&H0&+0&R:2].[c&D3&v4&H0&+0&R&z1:3]1:[c&D3&v4&H0&+0&R&z1:4]:[c&D3&v4&H0&+0&R&z1:5](-[O&D1&v2&H1&+0&!R:6]):[c&D3&v4&H0&+0&R&z1:7]:[c&D3&v4&H0&+0&R&z1:8]:[c&D3&v4&H0&+0&R&z1:9]:1-[O&D1&v2&H1&+0&!R:10]>>[C&D2&v4&H2&+0&R&z1:1]-[N&D2&v3&H1&+0&R:2].[C&D3&v4&H0&+0&R&z1:3]1=[C&D3&v4&H0&+0&R&z1:4]-[C&D3&v4&H0&+0&R&z1:5](=[O&D1&v2&H0&+0&!R:6])-[C&D3&v4&H0&+0&R&z1:7]=[C&D3&v4&H0&+0&R&z1:8]-[C&D3&v4&H0&+0&R&z1:9]-1=[O&D1&v2&H0&+0&!R:10]	Any;Any
207_0	Any;WATER;O2	[C&D2&v4&H2&+0&!R&z2:1]-[N&D2&v3&H1&+0&!R:2].[O&D0&v2&H2&+0&!R:3].[O&D1&v2&H0&+0&!R:4]=[O&D1&v2&H0&+0&!R:5]>>[C&D2&v4&H1&+0&!R&z2:1]=[O&D1&v2&H0&+0&!R:3].[N&D1&v3&H2&+0&!R:2].[O&D1&v2&H1&+0&!R:4]-[O&D1&v2&H1&+0&!R:5]	Any;Any;H2O2
1001_0	Any;Any;O2	[C&D1&v4&H3&+0&!R&z0:1]-[C&D3&v4&H0&+0&!R&z1:2].[C&D3&v4&H0&+0&R&z0:3]1=[C&D2&v4&H1&+0&R&z1:4]-[N&D3&v3&H0&+0&R:5]-[C&D2&v4&H1&+0&R&z1:6]=[C&D2&v4&H1&+0&R&z0:7]-[C&D2&v4&H2&+0&R&z0:8]-1.[O&D1&v2&H0&+0&!R:9]=[O&D1&v2&H0&+0&!R:10]>>[C&D1&v4&H3&+0&!R&z1:1]-[O&D2&v2&H0&+0&!R:10]-[C&D3&v4&H0&+0&!R&z2:2].[O&D0&v2&H2&+0&!R:9].[c&D3&v4&H0&+0&R&z0:3]1:[c&D2&v4&H1&+0&R&z0:8]:[c&D2&v4&H1&+0&R&z0:7]:[c&D2&v4&H1&+0&R&z1:6]:[n&D3&v4&H0&+&R:5]:[c&D2&v4&H1&+0&R&z1:4]:1	Any;WATER;Any
1001_1	Any;NADH_CoF;O2	[C&D1&v4&H3&+0&!R&z0:1]-[C&D3&v4&H0&+0&!R&z1:2].[C&D3&v4&H0&+0&R&z0:3]1=[C&D2&v4&H1&+0&R&z1:4]-[N&D3&v3&H0&+0&R:5]-[C&D2&v4&H1&+0&R&z1:6]=[C&D2&v4&H1&+0&R&z0:7]-[C&D2&v4&H2&+0&R&z0:8]-1.[O&D1&v2&H0&+0&!R:9]=[O&D1&v2&H0&+0&!R:10]>>[C&D1&v4&H3&+0&!R&z1:1]-[O&D2&v2&H0&+0&!R:10]-[C&D3&v4&H0&+0&!R&z2:2].[O&D0&v2&H2&+0&!R:9].[c&D3&v4&H0&+0&R&z0:3]1:[c&D2&v4&H1&+0&R&z0:8]:[c&D2&v4&H1&+0&R&z0:7]:[c&D2&v4&H1&+0&R&z1:6]:[n&D3&v4&H0&+&R:5]:[c&D2&v4&H1&+0&R&z1:4]:1	Any;WATER;NAD_CoF
514_0	Any;PPI	[C&D1&v4&H2&+0&!R&z0:1]=[C&D3&v4&H0&+0&R&z0:2]-[C&D3&v4&H1&+0&R&z0:3]1-[C&D4&v4&H0&+0&R&z0:4](-[C&D3&v4&H1&+0&!R&z0:5])-[C&D2&v4&H2&+0&R&z0:6]-1.[O&D1&v2&H1&+0&!R:7]>>([C&D3&v4&H0&+0&!R&z0:2](-[C&D1&v4&H3&+0&!R&z0:1])=[C&D2&v4&H1&+0&!R&z0:3]-[C&D2&v4&H2&+0&!R&z1:6]-[O&D2&v2&H0&+0&!R:7].[C&D3&v4&H0&+0&!R&z0:5]=[C&D2&v4&H1&+0&!R&z0:4])	Any
1653_0	Any;Any	[C&D3&v4&H1&+0&R&z1:1]1-[C&D2&v4&H1&+0&R&z0:2]=[C&D2&v4&H1&+0&R&z0:3]-[C&D4&v4&H0&+0&R&z0:4](-[C&D3&v4&H0&+0&!R&z2:5]-[O&D1&v2&H1&+0&!R:6])-[C&D2&v4&H1&+0&R&z0:7]=[C&D2&v4&H1&+0&R&z0:8]-1.[c&D3&v4&H0&+0&R&z0:9]1:[c&D2&v4&H1&+0&R&z0:10]:[c&D2&v4&H1&+0&R&z0:11]:[c&D2&v4&H1&+0&R&z1:12]:[n&D3&v4&H0&+&R:13]:[c&D2&v4&H1&+0&R&z1:14]:1>>[C&D3&v4&H0&+0&R&z0:9]1=[C&D2&v4&H1&+0&R&z1:14]-[N&D3&v3&H0&+0&R:13]-[C&D2&v4&H1&+0&R&z1:12]=[C&D2&v4&H1&+0&R&z0:11]-[C&D2&v4&H2&+0&R&z0:10]-1.[O&D1&v2&H0&+0&!R:6]=[C&D2&v4&H0&+0&!R&z2:5].[c&D3&v4&H0&+0&R&z1:1]1:[c&D2&v4&H1&+0&R&z0:2]:[c&D2&v4&H1&+0&R&z0:3]:[c&D3&v4&H0&+0&R&z0:4]:[c&D2&v4&H1&+0&R&z0:7]:[c&D2&v4&H1&+0&R&z0:8]:1	Any;CO2;Any
1653_1	Any;NAD_CoF	[C&D3&v4&H1&+0&R&z1:1]1-[C&D2&v4&H1&+0&R&z0:2]=[C&D2&v4&H1&+0&R&z0:3]-[C&D4&v4&H0&+0&R&z0:4](-[C&D3&v4&H0&+0&!R&z2:5]-[O&D1&v2&H1&+0&!R:6])-[C&D2&v4&H1&+0&R&z0:7]=[C&D2&v4&H1&+0&R&z0:8]-1.[c&D3&v4&H0&+0&R&z0:9]1:[c&D2&v4&H1&+0&R&z0:10]:[c&D2&v4&H1&+0&R&z0:11]:[c&D2&v4&H1&+0&R&z1:12]:[n&D3&v4&H0&+&R:13]:[c&D2&v4&H1&+0&R&z1:14]:1>>[C&D3&v4&H0&+0&R&z0:9]1=[C&D2&v4&H1&+0&R&z1:14]-[N&D3&v3&H0&+0&R:13]-[C&D2&v4&H1&+0&R&z1:12]=[C&D2&v4&H1&+0&R&z0:11]-[C&D2&v4&H2&+0&R&z0:10]-1.[O&D1&v2&H0&+0&!R:6]=[C&D2&v4&H0&+0&!R&z2:5].[c&D3&v4&H0&+0&R&z1:1]1:[c&D2&v4&H1&+0&R&z0:2]:[c&D2&v4&H1&+0&R&z0:3]:[c&D3&v4&H0&+0&R&z0:4]:[c&D2&v4&H1&+0&R&z0:7]:[c&D2&v4&H1&+0&R&z0:8]:1	NADH_CoF;CO2;Any
262_0	CO2;Any	[O&D1&v2&H0&+0&!R:1]=[C&D2&v4&H0&+0&!R&z2:2].([S&D1&v2&H1&+0&!R:3].[S&D2&v2&H0&+0&!R:4]-[C&D2&v4&H2&+0&!R&z2:5])>>[C&D2&v4&H2&+0&!R&z1:5]-[C&D3&v4&H0&+0&!R&z2:2]-[O&D1&v2&H1&+0&!R:1].[S&D2&v2&H0&+0&R:4]-[S&D2&v2&H0&+0&R:3]	Any;Any
1018_0	Any	[C&D3&v4&H1&+0&!R&z0:1]-[C&D2&v4&H2&+0&!R&z0:2]-[C&D3&v4&H0&+0&!R&z2:3]>>[C&D1&v4&H3&+0&!R&z0:2]-[C&D4&v4&H0&+0&!R&z0:1]-[C&D3&v4&H0&+0&!R&z2:3]	Any
525_0	Any	([C&D1&v4&H2&+0&!R&z0:1]=[C&D3&v4&H0&+0&R&z0:2].[C&D2&v4&H2&+0&!R&z0:3]-[C&D3&v4&H0&+0&!R&z0:4]=[C&D2&v4&H1&+0&!R&z0:5]-[C&D2&v4&H2&+0&!R&z1:6]-[O&D2&v2&H0&+0&!R:7])>>[C&D4&v4&H0&+0&R&z0:2]1-[C&D2&v4&H2&+0&R&z0:6]-[C&D3&v4&H1&+0&R&z0:5]2-[C&D3&v4&H1&+0&R&z0:3]-[C&D4&v4&H0&+0&R&z0:4]-2-[C&D2&v4&H2&+0&R&z0:1]-1.[O&D1&v2&H1&+0&!R:7]	Any;PPI
1771_0	Any	([C&D3&v4&H1&+0&!R&z1:1]-[N&D1&v3&H2&+0&!R:2].[N&D1&v3&H2&+0&!R:3])>>[C&D3&v4&H1&+0&R&z1:1]-[N&D2&v3&H1&+0&R:3].[N&D0&v3&H3&+0&!R:2]	Any;NH3
1894_0	Any;WATER	[C&D2&v4&H1&+0&R&z0:1]=[C&D3&v4&H0&+0&R&z1:2].[O&D0&v2&H2&+0&!R:3]>>[C&D3&v4&H1&+0&R&z1:1](-[O&D1&v2&H1&+0&!R:3])-[C&D3&v4&H1&+0&R&z1:2]	Any
216_0	Any;WATER;O2	[C&D2&v4&H2&+0&!R&z2:1]-[N&D3&v4&H0&+&!R:2].[O&D0&v2&H2&+0&!R:3].[O&D1&v2&H0&+0&!R:4]=[O&D1&v2&H0&+0&!R:5]>>[C&D2&v4&H1&+0&!R&z2:1]=[O&D1&v2&H0&+0&!R:3].[N&D2&v3&H0&+0&!R:2].[O&D1&v2&H1&+0&!R:4]-[O&D1&v2&H1&+0&!R:5]	Any;Any;H2O2
387_0	Any;Any	[S&D2&v2&H0&+0&!R:1].[c&D3&v4&H0&+0&R&z1:2]-[C&D1&v4&H3&+0&!R&z0:3]>>[C&D1&v4&H3&+0&!R&z1:3]-[S&D3&v3&H0&+&!R:1].[c&D2&v4&H1&+0&R&z1:2]	Any;Any
387_1	METHYL_ACCEPTOR_CoF;Any	[S&D2&v2&H0&+0&!R:1].[c&D3&v4&H0&+0&R&z1:2]-[C&D1&v4&H3&+0&!R&z0:3]>>[C&D1&v4&H3&+0&!R&z1:3]-[S&D3&v3&H0&+&!R:1].[c&D2&v4&H1&+0&R&z1:2]	METHYL_DONOR_CoF;Any
1205_0	Any;Any	[C&D2&v4&H2&+0&!R&z0:1].[C&D3&v4&H0&+0&!R&z2:2]-[C&D2&v4&H2&+0&!R&z0:3]>>[C&D1&v4&H3&+0&!R&z0:3].[C&D3&v4&H1&+0&!R&z0:1]-[C&D3&v4&H0&+0&!R&z2:2]	Any;Any
449_0	Any;PPI	[C&D1&v4&H2&+0&!R&z0:1]=[C&D3&v4&H0&+0&!R&z0:2]-[C&D3&v4&H1&+0&R&z0:3]-[C&D2&v4&H2&+0&R&z0:4]-[C&D2&v4&H1&+0&R&z0:5]=[C&D3&v4&H0&+0&R&z0:6]-[C&D4&v4&H0&+0&R&z0:7](-[C&D3&v4&H1&+0&R&z0:8]-[C&D2&v4&H2&+0&R&z0:9])-[C&D1&v4&H3&+0&!R&z0:10].[O&D1&v2&H1&+0&!R:11]>>([C&D1&v4&H3&+0&!R&z0:1]-[C&D3&v4&H0&+0&!R&z0:2]=[C&D2&v4&H1&+0&!R&z0:3].[C&D2&v4&H2&+0&!R&z0:7]-[C&D3&v4&H0&+0&!R&z0:8]=[C&D2&v4&H1&+0&!R&z0:9].[C&D3&v4&H0&+0&!R&z0:6](-[C&D1&v4&H3&+0&!R&z0:10])=[C&D2&v4&H1&+0&!R&z0:5]-[C&D2&v4&H2&+0&!R&z1:4]-[O&D2&v2&H0&+0&!R:11])	Any
594_0	Any;Any;WATER;Any	[C&D1&v4&H2&+0&!R&z1:1]=[O&D1&v2&H0&+0&!R:2].[N&D3&v3&H0&+0&R:3].[O&D0&v2&H2&+0&!R:4].[c&D3&v4&H0&+0&R&z0:5]1:[c&D2&v4&H1&+0&R&z0:6]:[c&D2&v4&H1&+0&R&z0:7]:[c&D2&v4&H1&+0&R&z1:8]:[n&D3&v4&H0&+&R:9]:[c&D2&v4&H1&+0&R&z1:10]:1>>[C&D1&v4&H3&+0&!R&z1:1]-[N&D4&v4&H0&+&R:3].[C&D3&v4&H0&+0&R&z0:5]1=[C&D2&v4&H1&+0&R&z1:10]-[N&D3&v3&H0&+0&R:9]-[C&D2&v4&H1&+0&R&z1:8]=[C&D2&v4&H1&+0&R&z0:7]-[C&D2&v4&H2&+0&R&z0:6]-1.[O&D1&v2&H0&+0&!R:4]=[O&D1&v2&H0&+0&!R:2]	Any;Any;O2
594_1	Any;Any;WATER;NAD_CoF	[C&D1&v4&H2&+0&!R&z1:1]=[O&D1&v2&H0&+0&!R:2].[N&D3&v3&H0&+0&R:3].[O&D0&v2&H2&+0&!R:4].[c&D3&v4&H0&+0&R&z0:5]1:[c&D2&v4&H1&+0&R&z0:6]:[c&D2&v4&H1&+0&R&z0:7]:[c&D2&v4&H1&+0&R&z1:8]:[n&D3&v4&H0&+&R:9]:[c&D2&v4&H1&+0&R&z1:10]:1>>[C&D1&v4&H3&+0&!R&z1:1]-[N&D4&v4&H0&+&R:3].[C&D3&v4&H0&+0&R&z0:5]1=[C&D2&v4&H1&+0&R&z1:10]-[N&D3&v3&H0&+0&R:9]-[C&D2&v4&H1&+0&R&z1:8]=[C&D2&v4&H1&+0&R&z0:7]-[C&D2&v4&H2&+0&R&z0:6]-1.[O&D1&v2&H0&+0&!R:4]=[O&D1&v2&H0&+0&!R:2]	Any;NADH_CoF;O2
911_0	Any;Any	[S&D2&v2&H0&+0&!R:1]-[S&D2&v2&H0&+0&!R:2].[c&D3&v4&H0&+0&R&z1:3]1:[c&D3&v4&H0&+0&R&z1:4]-[N&D2&v3&H1&+0&R:5]-[c&D3&v4&H0&+0&R&z1:6]:[c&D3&v4&H0&+0&R&z1:7]-[N&D2&v3&H1&+0&R:8]-1>>[S&D1&v2&H1&+0&!R:1].[S&D1&v2&H1&+0&!R:2].[c&D3&v4&H0&+0&R&z1:3]1:[n&D2&v3&H0&+0&R:8]:[c&D3&v4&H0&+0&R&z1:7]:[c&D3&v4&H0&+0&R&z1:6]:[n&D2&v3&H0&+0&R:5]:[c&D3&v4&H0&+0&R&z1:4]:1	Any;Any;Any
1931_0	Any	([C&D3&v4&H0&+0&!R&z1:1]=[O&D1&v2&H0&+0&!R:2].[c&D3&v4&H0&+0&R&z1:3]-[O&D1&v2&H1&+0&!R:4])>>[C&D4&v4&H0&+0&R&z2:1](-[O&D1&v2&H1&+0&!R:4])-[O&D2&v2&H0&+0&R:2]-[c&D3&v4&H0&+0&R&z1:3]	Any
1777_0	Any;WATER	[N&D1&v3&H2&+0&!R:1]-[C&D2&v4&H2&+0&!R&z1:2]-[C&D2&v4&H2&+0&!R&z1:3]-[O&D2&v2&H0&+0&!R:4].[O&D0&v2&H2&+0&!R:5]>>[C&D1&v4&H3&+0&!R&z0:3]-[C&D2&v4&H1&+0&!R&z1:2]=[O&D1&v2&H0&+0&!R:5].[N&D0&v3&H3&+0&!R:1].[O&D1&v2&H1&+0&!R:4]	Any;NH3;Pi
465_0	Any;Any	[C&D1&v4&H2&+0&!R&z0:1]=[C&D3&v4&H0&+0&!R&z0:2]-[C&D2&v4&H2&+0&!R&z0:3].[C&D2&v4&H2&+0&!R&z1:4]-[O&D2&v2&H0&+0&!R:5]>>[C&D2&v4&H2&+0&!R&z0:4]-[C&D2&v4&H2&+0&!R&z0:1]-[C&D3&v4&H0&+0&!R&z0:2]=[C&D2&v4&H1&+0&!R&z0:3].[O&D1&v2&H1&+0&!R:5]	Any;PPI
465_1	Any;PRENYL_DONOR_CoF	[C&D1&v4&H2&+0&!R&z0:1]=[C&D3&v4&H0&+0&!R&z0:2]-[C&D2&v4&H2&+0&!R&z0:3].[C&D2&v4&H2&+0&!R&z1:4]-[O&D2&v2&H0&+0&!R:5]>>[C&D2&v4&H2&+0&!R&z0:4]-[C&D2&v4&H2&+0&!R&z0:1]-[C&D3&v4&H0&+0&!R&z0:2]=[C&D2&v4&H1&+0&!R&z0:3].[O&D1&v2&H1&+0&!R:5]	Any;PRENYL_ACCEPTOR_CoF
796_0	ACETYL-COA;Any;Any;Pi	[C&D1&v4&H3&+0&!R&z0:1]-[C&D3&v4&H0&+0&!R&z2:2](=[O&D1&v2&H0&+0&!R:3])-[S&D2&v2&H0&+0&!R:4].[C&D3&v4&H0&+0&!R&z1:5]=[O&D1&v2&H0&+0&!R:6].[O&D1&v2&H1&+0&!R:7].[P&D4&v5&H0&+0&!R:8]-[O&D1&v2&H1&+0&!R:9]>>[O&D1&v2&H0&+0&!R:3]=[C&D3&v4&H0&+0&!R&z2:2](-[O&D1&v2&H1&+0&!R:9])-[C&D2&v4&H2&+0&!R&z0:1]-[C&D4&v4&H0&+0&!R&z1:5]-[O&D1&v2&H1&+0&!R:6].[O&D2&v2&H0&+0&!R:7]-[P&D4&v5&H0&+0&!R:8].[S&D1&v2&H1&+0&!R:4]	Any;Any;CoA
796_1	ACETYL-COA;Any;PHOSPHATE_ACCEPTOR_CoF;Pi	[C&D1&v4&H3&+0&!R&z0:1]-[C&D3&v4&H0&+0&!R&z2:2](=[O&D1&v2&H0&+0&!R:3])-[S&D2&v2&H0&+0&!R:4].[C&D3&v4&H0&+0&!R&z1:5]=[O&D1&v2&H0&+0&!R:6].[O&D1&v2&H1&+0&!R:7].[P&D4&v5&H0&+0&!R:8]-[O&D1&v2&H1&+0&!R:9]>>[O&D1&v2&H0&+0&!R:3]=[C&D3&v4&H0&+0&!R&z2:2](-[O&D1&v2&H1&+0&!R:9])-[C&D2&v4&H2&+0&!R&z0:1]-[C&D4&v4&H0&+0&!R&z1:5]-[O&D1&v2&H1&+0&!R:6].[O&D2&v2&H0&+0&!R:7]-[P&D4&v5&H0&+0&!R:8].[S&D1&v2&H1&+0&!R:4]	Any;PHOSPHATE_DONOR_CoF;CoA
2112_0	Any;SULFITE	[C&D2&v4&H2&+0&!R&z1:1]-[O&D1&v2&H1&+0&!R:2].[S&D3&v4&H0&+0&!R:3]-[O&D1&v2&H1&+0&!R:4]>>[C&D2&v4&H2&+0&!R&z1:1]-[S&D4&v6&H0&+0&!R:3]=[O&D1&v2&H0&+0&!R:4].[O&D0&v2&H2&+0&!R:2]	Any;WATER
816_0	Any	[C&D3&v4&H1&+0&!R&z0:1]-[C&D3&v4&H1&+0&!R&z1:2]-[N&D1&v3&H2&+0&!R:3]>>[C&D3&v4&H0&+0&!R&z0:1]=[C&D2&v4&H1&+0&!R&z0:2].[N&D0&v3&H3&+0&!R:3]	Any;NH3
1417_0	Any;Any	[#33:1]-[O&D1&v2&H1&+0&!R:2].[C&D1&v4&H3&+0&!R&z1:3]-[S&D3&v3&H0&+&!R:4]>>[C&D1&v4&H3&+0&!R&z1:3]-[#33:1]=[O&D1&v2&H0&+0&!R:2].[S&D2&v2&H0&+0&!R:4]	Any;Any
1417_1	Any;METHYL_DONOR_CoF	[#33:1]-[O&D1&v2&H1&+0&!R:2].[C&D1&v4&H3&+0&!R&z1:3]-[S&D3&v3&H0&+&!R:4]>>[C&D1&v4&H3&+0&!R&z1:3]-[#33:1]=[O&D1&v2&H0&+0&!R:2].[S&D2&v2&H0&+0&!R:4]	Any;METHYL_ACCEPTOR_CoF
2103_0	Any	[O&D2&v2&H0&+0&!R:1]-[C&D2&v4&H2&+0&!R&z1:2]-[C&D3&v4&H1&+0&R&z1:3]-[O&D2&v2&H0&+0&R:4]-[C&D3&v4&H1&+0&R&z2:5]>>[O&D1&v2&H0&+0&!R:4]=[C&D3&v4&H0&+0&R&z1:3]-[C&D2&v4&H2&+0&R&z0:2]-[C&D3&v4&H1&+0&R&z1:5].[O&D1&v2&H1&+0&!R:1]	Any;Pi
1981_0	Any;Any	[C&D2&v4&H1&+0&!R&z0:1]=[C&D3&v4&H0&+0&!R&z1:2]-[O&D1&v2&H1&+0&!R:3].[c&D3&v4&H0&+0&R&z1:4]1:[c&D3&v4&H0&+0&R&z1:5]:[c&D3&v4&H0&+0&R&z1:6](-[O&D1&v2&H1&+0&!R:7]):[c&D3&v4&H0&+0&R&z1:8]:[c&D3&v4&H0&+0&R&z1:9]:[c&D3&v4&H0&+0&R&z1:10]:1-[O&D1&v2&H1&+0&!R:11]>>[C&D2&v4&H2&+0&!R&z0:1]-[C&D3&v4&H1&+0&!R&z1:2]-[O&D1&v2&H1&+0&!R:3].[C&D3&v4&H0&+0&R&z1:4]1=[C&D3&v4&H0&+0&R&z1:5]-[C&D3&v4&H0&+0&R&z1:6](=[O&D1&v2&H0&+0&!R:7])-[C&D3&v4&H0&+0&R&z1:8]=[C&D3&v4&H0&+0&R&z1:9]-[C&D3&v4&H0&+0&R&z1:10]-1=[O&D1&v2&H0&+0&!R:11]	Any;Any
1881_0	Any;WATER	[C&D3&v4&H0&+0&!R&z0:1]=[C&D2&v4&H1&+0&!R&z1:2].[O&D0&v2&H2&+0&!R:3]>>[C&D4&v4&H0&+0&!R&z1:1](-[O&D1&v2&H1&+0&!R:3])-[C&D2&v4&H2&+0&!R&z1:2]	Any
1632_0	Any;WATER	[N&D2&v3&H1&+0&!R:1]-[C&D3&v4&H1&+0&!R&z2:2].[O&D0&v2&H2&+0&!R:3]>>[C&D3&v4&H1&+0&!R&z2:2]-[O&D1&v2&H1&+0&!R:3].[N&D1&v3&H2&+0&!R:1]	Any;Any
1763_0	Any;WATER	[N&D1&v3&H2&+0&!R:1]-[C&D2&v4&H2&+0&!R&z1:2]-[C&D3&v4&H1&+0&!R&z1:3]-[N&D1&v3&H2&+0&!R:4].[O&D0&v2&H2&+0&!R:5]>>[C&D1&v4&H3&+0&!R&z0:2]-[C&D3&v4&H0&+0&!R&z1:3]=[O&D1&v2&H0&+0&!R:5].[N&D0&v3&H3&+0&!R:1].[N&D0&v3&H3&+0&!R:4]	Any;NH3;NH3
1381_0	Any;Any	[C&D2&v4&H2&+0&!R&z1:1]-[O&D2&v2&H0&+0&!R:2].[C&D3&v4&H0&+0&R&z0:3]1=[C&D2&v4&H1&+0&R&z1:4]-[N&D3&v3&H0&+0&R:5]-[C&D2&v4&H1&+0&R&z1:6]=[C&D2&v4&H1&+0&R&z0:7]-[C&D2&v4&H2&+0&R&z0:8]-1>>[C&D1&v4&H3&+0&!R&z0:1].[O&D1&v2&H1&+0&!R:2].[c&D3&v4&H0&+0&R&z0:3]1:[c&D2&v4&H1&+0&R&z0:8]:[c&D2&v4&H1&+0&R&z0:7]:[c&D2&v4&H1&+0&R&z1:6]:[n&D3&v4&H0&+&R:5]:[c&D2&v4&H1&+0&R&z1:4]:1	Any;Any;Any
1381_1	Any;NADH_CoF	[C&D2&v4&H2&+0&!R&z1:1]-[O&D2&v2&H0&+0&!R:2].[C&D3&v4&H0&+0&R&z0:3]1=[C&D2&v4&H1&+0&R&z1:4]-[N&D3&v3&H0&+0&R:5]-[C&D2&v4&H1&+0&R&z1:6]=[C&D2&v4&H1&+0&R&z0:7]-[C&D2&v4&H2&+0&R&z0:8]-1>>[C&D1&v4&H3&+0&!R&z0:1].[O&D1&v2&H1&+0&!R:2].[c&D3&v4&H0&+0&R&z0:3]1:[c&D2&v4&H1&+0&R&z0:8]:[c&D2&v4&H1&+0&R&z0:7]:[c&D2&v4&H1&+0&R&z1:6]:[n&D3&v4&H0&+&R:5]:[c&D2&v4&H1&+0&R&z1:4]:1	Any;Any;NAD_CoF
1688_0	Any;Any;Any	[N&D1&v3&H2&+0&!R:1]-[C&D2&v4&H2&+0&!R&z1:2].[c&D3&v4&H0&+0&R&z0:3]1:[c&D2&v4&H1&+0&R&z0:4]:[c&D2&v4&H1&+0&R&z0:5]:[c&D2&v4&H1&+0&R&z1:6]:[n&D3&v4&H0&+&R:7]:[c&D2&v4&H1&+0&R&z1:8]:1.[c&D3&v4&H0&+0&R&z0:9]1:[c&D2&v4&H1&+0&R&z0:10]:[c&D2&v4&H1&+0&R&z0:11]:[c&D2&v4&H1&+0&R&z1:12]:[n&D3&v4&H0&+&R:13]:[c&D2&v4&H1&+0&R&z1:14]:1>>[C&D3&v4&H0&+0&R&z0:9]1=[C&D2&v4&H1&+0&R&z1:14]-[N&D3&v3&H0&+0&R:13]-[C&D2&v4&H1&+0&R&z1:12]=[C&D2&v4&H1&+0&R&z0:11]-[C&D2&v4&H2&+0&R&z0:10]-1.[C&D3&v4&H0&+0&R&z0:3]1=[C&D2&v4&H1&+0&R&z1:8]-[N&D3&v3&H0&+0&R:7]-[C&D2&v4&H1&+0&R&z1:6]=[C&D2&v4&H1&+0&R&z0:5]-[C&D2&v4&H2&+0&R&z0:4]-1.[N&D1&v3&H0&+0&!R:1]#[C&D2&v4&H0&+0&!R&z1:2]	Any;Any;Any
1688_1	Any;NAD_CoF;NAD_CoF	[N&D1&v3&H2&+0&!R:1]-[C&D2&v4&H2&+0&!R&z1:2].[c&D3&v4&H0&+0&R&z0:3]1:[c&D2&v4&H1&+0&R&z0:4]:[c&D2&v4&H1&+0&R&z0:5]:[c&D2&v4&H1&+0&R&z1:6]:[n&D3&v4&H0&+&R:7]:[c&D2&v4&H1&+0&R&z1:8]:1.[c&D3&v4&H0&+0&R&z0:9]1:[c&D2&v4&H1&+0&R&z0:10]:[c&D2&v4&H1&+0&R&z0:11]:[c&D2&v4&H1&+0&R&z1:12]:[n&D3&v4&H0&+&R:13]:[c&D2&v4&H1&+0&R&z1:14]:1>>[C&D3&v4&H0&+0&R&z0:9]1=[C&D2&v4&H1&+0&R&z1:14]-[N&D3&v3&H0&+0&R:13]-[C&D2&v4&H1&+0&R&z1:12]=[C&D2&v4&H1&+0&R&z0:11]-[C&D2&v4&H2&+0&R&z0:10]-1.[C&D3&v4&H0&+0&R&z0:3]1=[C&D2&v4&H1&+0&R&z1:8]-[N&D3&v3&H0&+0&R:7]-[C&D2&v4&H1&+0&R&z1:6]=[C&D2&v4&H1&+0&R&z0:5]-[C&D2&v4&H2&+0&R&z0:4]-1.[N&D1&v3&H0&+0&!R:1]#[C&D2&v4&H0&+0&!R&z1:2]	NADH_CoF;NADH_CoF;Any
601_0	Any;Any	[C&D1&v4&H2&+0&!R&z1:1]=[O&D1&v2&H0&+0&!R:2].[C&D3&v4&H0&+0&R&z0:3]1=[C&D2&v4&H1&+0&R&z1:4]-[N&D3&v3&H0&+0&R:5]-[C&D2&v4&H1&+0&R&z1:6]=[C&D2&v4&H1&+0&R&z0:7]-[C&D2&v4&H2&+0&R&z0:8]-1>>[C&D1&v4&H3&+0&!R&z1:1]-[O&D1&v2&H1&+0&!R:2].[c&D3&v4&H0&+0&R&z0:3]1:[c&D2&v4&H1&+0&R&z0:8]:[c&D2&v4&H1&+0&R&z0:7]:[c&D2&v4&H1&+0&R&z1:6]:[n&D3&v4&H0&+&R:5]:[c&D2&v4&H1&+0&R&z1:4]:1	Any;Any
601_1	Any;NADH_CoF	[C&D1&v4&H2&+0&!R&z1:1]=[O&D1&v2&H0&+0&!R:2].[C&D3&v4&H0&+0&R&z0:3]1=[C&D2&v4&H1&+0&R&z1:4]-[N&D3&v3&H0&+0&R:5]-[C&D2&v4&H1&+0&R&z1:6]=[C&D2&v4&H1&+0&R&z0:7]-[C&D2&v4&H2&+0&R&z0:8]-1>>[C&D1&v4&H3&+0&!R&z1:1]-[O&D1&v2&H1&+0&!R:2].[c&D3&v4&H0&+0&R&z0:3]1:[c&D2&v4&H1&+0&R&z0:8]:[c&D2&v4&H1&+0&R&z0:7]:[c&D2&v4&H1&+0&R&z1:6]:[n&D3&v4&H0&+&R:5]:[c&D2&v4&H1&+0&R&z1:4]:1	Any;NAD_CoF
220_0	Any	([C&D3&v4&H0&+0&!R&z2:1]-[O&D1&v2&H1&+0&!R:2].[N&D2&v3&H1&+0&!R:3])>>[C&D3&v4&H0&+0&R&z2:1]-[N&D3&v3&H0&+0&R:3].[O&D0&v2&H2&+0&!R:2]	Any;WATER
1938_0	Any	[C&D2&v4&H2&+0&!R&z0:1]-[C&D3&v4&H0&+0&R&z0:2]=[C&D2&v4&H1&+0&R&z0:3]>>[C&D2&v4&H1&+0&!R&z0:1]=[C&D3&v4&H0&+0&R&z0:2]-[C&D2&v4&H2&+0&R&z0:3]	Any
1171_0	Any;Any;Any	[C&D1&v4&H3&+0&!R&z0:1].[C&D3&v4&H0&+0&R&z1:2]=[O&D1&v2&H0&+0&!R:3].[S&D2&v2&H0&+0&!R:4]>>[C&D3&v4&H1&+0&R&z1:2]-[O&D1&v2&H1&+0&!R:3].[S&D3&v3&H0&+&!R:4]-[C&D2&v4&H2&+0&!R&z1:1]	Any;Any
287_0	Any;Any	[C&D2&v4&H2&+0&!R&z1:1]-[O&D1&v2&H1&+0&!R:2].[S&D3&v3&H0&+&!R:3]-[C&D2&v4&H2&+0&!R&z1:4]>>[C&D1&v4&H3&+0&!R&z0:4].[C&D2&v4&H1&+0&!R&z1:1]=[O&D1&v2&H0&+0&!R:2].[S&D2&v2&H0&+0&!R:3]	Any;Any;Any
1322_0	Any;WATER;O2	[C&D1&v4&H3&+0&!R&z1:1]-[N&D3&v3&H0&+0&!R:2].[O&D0&v2&H2&+0&!R:3].[O&D1&v2&H0&+0&!R:4]=[O&D1&v2&H0&+0&!R:5]>>[C&D1&v4&H2&+0&!R&z1:1]=[O&D1&v2&H0&+0&!R:3].[N&D2&v3&H1&+0&!R:2].[O&D1&v2&H1&+0&!R:4]-[O&D1&v2&H1&+0&!R:5]	Any;Any;H2O2
996_0	Any;PPI	[C&D2&v4&H2&+0&!R&z0:1]-[c&D3&v4&H0&+0&R&z1:2].[O&D1&v2&H1&+0&!R:3]>>[C&D2&v4&H2&+0&!R&z1:1]-[O&D2&v2&H0&+0&!R:3].[c&D2&v4&H1&+0&R&z1:2]	Any;Any
996_1	Any;PRENYL_ACCEPTOR_CoF	[C&D2&v4&H2&+0&!R&z0:1]-[c&D3&v4&H0&+0&R&z1:2].[O&D1&v2&H1&+0&!R:3]>>[C&D2&v4&H2&+0&!R&z1:1]-[O&D2&v2&H0&+0&!R:3].[c&D2&v4&H1&+0&R&z1:2]	PRENYL_DONOR_CoF;Any
380_0	Any	([C&D3&v4&H1&+0&R&z1:1]-[c&D3&v4&H0&+0&R&z0:2].[n&D2&v3&H1&+0&R:3])>>([C&D3&v4&H1&+0&R&z2:1]-[n&D3&v3&H0&+0&R:3].[c&D2&v4&H1&+0&R&z0:2])	Any
1064_0	Any	[C&D4&v4&H0&+0&!R&z1:1]-[C&D2&v4&H2&+0&!R&z1:2]-[O&D1&v2&H1&+0&!R:3]>>[C&D1&v4&H2&+0&!R&z1:2]=[O&D1&v2&H0&+0&!R:3].[C&D3&v4&H1&+0&!R&z1:1]	Any;Any
1612_0	Any;Any	[C&D3&v4&H0&+0&R&z0:1]1=[C&D2&v4&H1&+0&R&z1:2]-[N&D3&v3&H0&+0&R:3]-[C&D2&v4&H1&+0&R&z1:4]=[C&D2&v4&H1&+0&R&z0:5]-[C&D2&v4&H2&+0&R&z0:6]-1.[c&D3&v4&H0&+0&R&z0:7]1:[c&D2&v4&H1&+0&R&z0:8]:[c&D3&v4&H0&+0&R&z1:9]:[o&D2&v2&H0&+0&R:10]:[c&D3&v4&H0&+0&R&z2:11](=[O&D1&v2&H0&+0&!R:12]):[c&D2&v4&H1&+0&R&z0:13]:1>>[C&D3&v4&H0&+0&R&z0:7]1=[C&D2&v4&H1&+0&R&z0:13]-[C&D3&v4&H1&+0&R&z2:11](-[O&D1&v2&H1&+0&!R:12])-[O&D2&v2&H0&+0&R:10]-[C&D3&v4&H0&+0&R&z1:9]=[C&D2&v4&H1&+0&R&z0:8]-1.[c&D3&v4&H0&+0&R&z0:1]1:[c&D2&v4&H1&+0&R&z0:6]:[c&D2&v4&H1&+0&R&z0:5]:[c&D2&v4&H1&+0&R&z1:4]:[n&D3&v4&H0&+&R:3]:[c&D2&v4&H1&+0&R&z1:2]:1	Any;Any
1612_1	NADH_CoF;Any	[C&D3&v4&H0&+0&R&z0:1]1=[C&D2&v4&H1&+0&R&z1:2]-[N&D3&v3&H0&+0&R:3]-[C&D2&v4&H1&+0&R&z1:4]=[C&D2&v4&H1&+0&R&z0:5]-[C&D2&v4&H2&+0&R&z0:6]-1.[c&D3&v4&H0&+0&R&z0:7]1:[c&D2&v4&H1&+0&R&z0:8]:[c&D3&v4&H0&+0&R&z1:9]:[o&D2&v2&H0&+0&R:10]:[c&D3&v4&H0&+0&R&z2:11](=[O&D1&v2&H0&+0&!R:12]):[c&D2&v4&H1&+0&R&z0:13]:1>>[C&D3&v4&H0&+0&R&z0:7]1=[C&D2&v4&H1&+0&R&z0:13]-[C&D3&v4&H1&+0&R&z2:11](-[O&D1&v2&H1&+0&!R:12])-[O&D2&v2&H0&+0&R:10]-[C&D3&v4&H0&+0&R&z1:9]=[C&D2&v4&H1&+0&R&z0:8]-1.[c&D3&v4&H0&+0&R&z0:1]1:[c&D2&v4&H1&+0&R&z0:6]:[c&D2&v4&H1&+0&R&z0:5]:[c&D2&v4&H1&+0&R&z1:4]:[n&D3&v4&H0&+&R:3]:[c&D2&v4&H1&+0&R&z1:2]:1	Any;NAD_CoF
1909_0	WATER;Any	[O&D0&v2&H2&+0&!R:1].[c&D3&v4&H0&+0&R&z1:2]1:[c&D3&v4&H0&+0&R&z0:3]:[c&D2&v4&H1&+0&R&z1:4]:[o&D2&v2&H0&+0&R:5]:[c&D3&v4&H0&+0&R&z1:6]:[c&D3&v4&H0&+0&R&z0:7]:1>>[C&D3&v4&H0&+0&R&z1:2]1-[c&D3&v4&H0&+0&R&z0:7]:[c&D3&v4&H0&+0&R&z1:6]-[O&D2&v2&H0&+0&R:5]-[C&D3&v4&H1&+0&R&z2:4](-[O&D1&v2&H1&+0&!R:1])-[C&D3&v4&H1&+0&R&z0:3]-1	Any
1394_0	H2O2;H2O2;Any	[O&D1&v2&H1&+0&!R:1]-[O&D1&v2&H1&+0&!R:2].[O&D1&v2&H1&+0&!R:3]-[O&D1&v2&H1&+0&!R:4].[c&D3&v4&H0&+0&R&z0:5]1:[c&D2&v4&H1&+0&R&z0:6]:[c&D3&v4&H0&+0&R&z1:7]:[n&D3&v4&H0&+&R:8]:[c&D2&v4&H1&+0&R&z1:9]:[c&D3&v4&H0&+0&R&z0:10]:1>>[O&D1&v2&H0&+0&!R:4]=[O&D1&v2&H0&+0&!R:3].[O&D1&v2&H0&+0&!R:1]=[O&D1&v2&H0&+0&!R:2].[c&D3&v4&H0&+0&R&z0:5]1:[c&D3&v4&H0&+0&R&z0:10]-[C&D2&v4&H2&+0&R&z1:9]-[N&D3&v3&H0&+0&R:8]-[C&D3&v4&H1&+0&R&z1:7]-[C&D2&v4&H2&+0&R&z0:6]-1	O2;O2;Any
1005_0	Any	[C&D3&v4&H1&+0&!R&z0:1]-[C&D3&v4&H1&+0&!R&z0:2]-[C&D3&v4&H1&+0&!R&z1:3]-[O&D1&v2&H1&+0&!R:4]>>[C&D3&v4&H1&+0&!R&z0:1]-[C&D4&v4&H0&+0&!R&z1:3](-[O&D1&v2&H1&+0&!R:4])-[C&D2&v4&H2&+0&!R&z0:2]	Any
2036_0	CO2;PPI;Any	[O&D1&v2&H0&+0&!R:1]=[C&D2&v4&H0&+0&!R&z2:2].[O&D1&v2&H1&+0&!R:3].[n&D3&v4&H0&+&R:4](-[C&D3&v4&H1&+0&R&z2:5]):[c&D2&v4&H1&+0&R&z1:6]>>[C&D3&v4&H1&+0&R&z2:5]-[O&D2&v2&H0&+0&!R:3].[n&D2&v3&H0&+0&R:4]:[c&D3&v4&H0&+0&R&z1:6]-[C&D3&v4&H0&+0&!R&z2:2]-[O&D1&v2&H1&+0&!R:1]	Any;Any
761_0	Any;WATER;Any	[C&D3&v4&H1&+0&R&z2:1]-[O&D2&v2&H0&+0&R:2].[O&D0&v2&H2&+0&!R:3].[O&D2&v2&H0&+0&!R:4]-[P&D4&v5&H0&+0&!R:5]>>([C&D3&v4&H1&+0&R&z2:1]-[O&D1&v2&H1&+0&!R:3].[O&D2&v2&H0&+0&!R:2]-[P&D4&v5&H0&+0&!R:5]).[O&D1&v2&H1&+0&!R:4]	Any;Any
761_1	Any;WATER;PHOSPHATE_DONOR_CoF	[C&D3&v4&H1&+0&R&z2:1]-[O&D2&v2&H0&+0&R:2].[O&D0&v2&H2&+0&!R:3].[O&D2&v2&H0&+0&!R:4]-[P&D4&v5&H0&+0&!R:5]>>([C&D3&v4&H1&+0&R&z2:1]-[O&D1&v2&H1&+0&!R:3].[O&D2&v2&H0&+0&!R:2]-[P&D4&v5&H0&+0&!R:5]).[O&D1&v2&H1&+0&!R:4]	Any;PHOSPHATE_ACCEPTOR_CoF
1436_0	Any;Any	[S&D3&v3&H0&+&!R:1]-[C&D2&v4&H2&+0&!R&z1:2].([C&D3&v4&H1&+0&R&z1:3].[c&D2&v4&H1&+0&R&z0:4])>>[C&D1&v4&H3&+0&!R&z0:2].[S&D2&v2&H0&+0&!R:1].[c&D3&v4&H0&+0&R&z0:4]-[C&D4&v4&H0&+0&R&z1:3]	Any;Any;Any
1503_0	NH3;Any;Any	[N&D0&v3&H3&+0&!R:1].[c&D2&v4&H1&+0&R&z2:2].[c&D3&v4&H0&+0&R&z0:3]1:[c&D2&v4&H1&+0&R&z0:4]:[c&D2&v4&H1&+0&R&z0:5]:[c&D2&v4&H1&+0&R&z1:6]:[n&D3&v4&H0&+&R:7]:[c&D2&v4&H1&+0&R&z1:8]:1>>[C&D3&v4&H0&+0&R&z0:3]1=[C&D2&v4&H1&+0&R&z1:8]-[N&D3&v3&H0&+0&R:7]-[C&D2&v4&H1&+0&R&z1:6]=[C&D2&v4&H1&+0&R&z0:5]-[C&D2&v4&H2&+0&R&z0:4]-1.[N&D1&v3&H2&+0&!R:1]-[c&D3&v4&H0&+0&R&z3:2]	Any;Any
1503_1	NH3;Any;NAD_CoF	[N&D0&v3&H3&+0&!R:1].[c&D2&v4&H1&+0&R&z2:2].[c&D3&v4&H0&+0&R&z0:3]1:[c&D2&v4&H1&+0&R&z0:4]:[c&D2&v4&H1&+0&R&z0:5]:[c&D2&v4&H1&+0&R&z1:6]:[n&D3&v4&H0&+&R:7]:[c&D2&v4&H1&+0&R&z1:8]:1>>[C&D3&v4&H0&+0&R&z0:3]1=[C&D2&v4&H1&+0&R&z1:8]-[N&D3&v3&H0&+0&R:7]-[C&D2&v4&H1&+0&R&z1:6]=[C&D2&v4&H1&+0&R&z0:5]-[C&D2&v4&H2&+0&R&z0:4]-1.[N&D1&v3&H2&+0&!R:1]-[c&D3&v4&H0&+0&R&z3:2]	NADH_CoF;Any
851_0	Any;Any	[C&D2&v4&H1&+0&!R&z2:1]-[O&D1&v2&H1&+0&!R:2].[S&D2&v2&H0&+0&!R:3]-[C&D3&v4&H0&+0&!R&z2:4]>>[C&D3&v4&H0&+0&!R&z2:4]-[O&D1&v2&H1&+0&!R:2].[S&D2&v2&H0&+0&!R:3]-[C&D2&v4&H1&+0&!R&z2:1]	Any;Any
847_0	Any;Any;CoA	[O&D1&v2&H0&+0&!R:1]=[C&D3&v4&H0&+0&!R&z2:2](-[O&D1&v2&H1&+0&!R:3])-[C&D2&v4&H2&+0&!R&z0:4]-[C&D4&v4&H0&+0&!R&z1:5]-[O&D1&v2&H1&+0&!R:6].[P&D4&v5&H0&+0&!R:7]-[O&D2&v2&H0&+0&!R:8].[S&D1&v2&H1&+0&!R:9]>>[C&D1&v4&H3&+0&!R&z0:4]-[C&D3&v4&H0&+0&!R&z2:2](=[O&D1&v2&H0&+0&!R:1])-[S&D2&v2&H0&+0&!R:9].[C&D3&v4&H0&+0&!R&z1:5]=[O&D1&v2&H0&+0&!R:6].[O&D1&v2&H1&+0&!R:8].[P&D4&v5&H0&+0&!R:7]-[O&D1&v2&H1&+0&!R:3]	ACETYL-COA;Any;Pi;Any
847_1	Any;PHOSPHATE_DONOR_CoF;CoA	[O&D1&v2&H0&+0&!R:1]=[C&D3&v4&H0&+0&!R&z2:2](-[O&D1&v2&H1&+0&!R:3])-[C&D2&v4&H2&+0&!R&z0:4]-[C&D4&v4&H0&+0&!R&z1:5]-[O&D1&v2&H1&+0&!R:6].[P&D4&v5&H0&+0&!R:7]-[O&D2&v2&H0&+0&!R:8].[S&D1&v2&H1&+0&!R:9]>>[C&D1&v4&H3&+0&!R&z0:4]-[C&D3&v4&H0&+0&!R&z2:2](=[O&D1&v2&H0&+0&!R:1])-[S&D2&v2&H0&+0&!R:9].[C&D3&v4&H0&+0&!R&z1:5]=[O&D1&v2&H0&+0&!R:6].[O&D1&v2&H1&+0&!R:8].[P&D4&v5&H0&+0&!R:7]-[O&D1&v2&H1&+0&!R:3]	ACETYL-COA;Any;Pi;PHOSPHATE_ACCEPTOR_CoF
521_0	Any	([C&D1&v4&H2&+0&!R&z0:1]=[C&D3&v4&H0&+0&R&z0:2]-[C&D3&v4&H1&+0&R&z0:3]-[C&D2&v4&H2&+0&!R&z0:4].[C&D3&v4&H0&+0&!R&z0:5]=[C&D2&v4&H1&+0&!R&z0:6]-[C&D2&v4&H2&+0&!R&z1:7]-[O&D2&v2&H0&+0&!R:8])>>[C&D1&v4&H2&+0&!R&z0:7]=[C&D2&v4&H1&+0&!R&z0:6]-[C&D4&v4&H0&+0&R&z0:5]-[C&D2&v4&H2&+0&R&z0:1]-[C&D3&v4&H1&+0&R&z0:2]-[C&D3&v4&H0&+0&R&z0:3]=[C&D2&v4&H1&+0&R&z0:4].[O&D1&v2&H1&+0&!R:8]	Any;PPI
821_0	Any;WATER	[C&D3&v4&H0&+0&!R&z0:1]=[C&D3&v4&H0&+0&R&z0:2].[O&D0&v2&H2&+0&!R:3]>>[C&D3&v4&H1&+0&!R&z0:1]-[C&D4&v4&H0&+0&R&z1:2]-[O&D1&v2&H1&+0&!R:3]	Any
486_0	Any;Any	[C&D3&v4&H1&+0&R&z1:1]-[O&D1&v2&H1&+0&!R:2].[N&D1&v3&H2&+0&!R:3]-[C&D3&v4&H0&+0&!R&z2:4]>>[C&D3&v4&H0&+0&!R&z2:4]-[O&D1&v2&H1&+0&!R:2].[C&D3&v4&H1&+0&R&z1:1]-[N&D1&v3&H2&+0&!R:3]	Any;Any
1991_0	Any	[C&D2&v4&H1&+0&!R&z0:1]=[C&D2&v4&H1&+0&!R&z0:2]-[C&D2&v4&H1&+0&!R&z0:3]=[C&D3&v4&H0&+0&!R&z1:4]-[O&D1&v2&H1&+0&!R:5]>>[C&D2&v4&H2&+0&!R&z0:1]-[C&D2&v4&H1&+0&!R&z0:2]=[C&D2&v4&H1&+0&!R&z0:3]-[C&D3&v4&H0&+0&!R&z1:4]=[O&D1&v2&H0&+0&!R:5]	Any
795_0	Any;ACETYL-COA	[C&D2&v4&H2&+0&!R&z1:1].[C&D3&v4&H0&+0&!R&z2:2](=[O&D1&v2&H0&+0&!R:3])-[S&D2&v2&H0&+0&!R:4]>>[C&D3&v4&H0&+0&!R&z1:2](=[O&D1&v2&H0&+0&!R:3])-[C&D3&v4&H1&+0&!R&z1:1].[S&D1&v2&H1&+0&!R:4]	Any;CoA
2017_0	Any;Any	[C&D2&v4&H2&+0&!R&z1:1]-[O&D1&v2&H1&+0&!R:2].[C&D3&v4&H0&+0&!R&z1:3]=[O&D1&v2&H0&+0&!R:4]>>[C&D3&v4&H1&+0&!R&z1:3]-[O&D1&v2&H1&+0&!R:4].[O&D1&v2&H0&+0&!R:2]=[C&D2&v4&H1&+0&!R&z1:1]	Any;Any
691_0	Any;CoA	[C&D3&v4&H0&+0&!R&z1:1](=[O&D1&v2&H0&+0&!R:2])-[C&D3&v4&H1&+0&!R&z1:3].[S&D1&v2&H1&+0&!R:4]>>[C&D2&v4&H2&+0&!R&z1:3].[C&D3&v4&H0&+0&!R&z2:1](=[O&D1&v2&H0&+0&!R:2])-[S&D2&v2&H0&+0&!R:4]	Any;ACETYL-COA
962_0	Any	([C&D3&v4&H1&+0&!R&z0:1]-[C&D4&v4&H0&+0&R&z0:2](-[C&D1&v4&H3&+0&!R&z0:3])-[C&D3&v4&H0&+0&R&z0:4]=[C&D3&v4&H0&+0&R&z0:5]-[C&D4&v4&H0&+0&R&z0:6]-[C&D3&v4&H1&+0&R&z0:7]-[C&D4&v4&H0&+0&R&z0:8].[O&D1&v2&H1&+0&!R:9])>>([C&D2&v4&H1&+0&!R&z0:7]=[C&D3&v4&H0&+0&!R&z0:6].[C&D2&v4&H1&+0&!R&z0:5]=[C&D3&v4&H0&+0&!R&z0:4]-[C&D1&v4&H3&+0&!R&z0:3].[C&D3&v4&H0&+0&!R&z0:1]=[C&D2&v4&H1&+0&!R&z0:2].[O&D2&v2&H0&+0&R:9]-[C&D4&v4&H0&+0&R&z1:8])	Any
212_0	Any;O2	[C&D2&v4&H2&+0&!R&z2:1]-[O&D1&v2&H1&+0&!R:2].[O&D1&v2&H0&+0&!R:3]=[O&D1&v2&H0&+0&!R:4]>>[C&D2&v4&H1&+0&!R&z2:1]=[O&D1&v2&H0&+0&!R:2].[O&D1&v2&H1&+0&!R:3]-[O&D1&v2&H1&+0&!R:4]	Any;H2O2
1374_0	Any;Any	[C&D3&v4&H1&+0&R&z2:1]-[O&D1&v2&H1&+0&!R:2].([O&D1&v2&H1&+0&!R:3].[c&D3&v4&H0&+0&R&z1:4]-[O&D2&v2&H0&+0&!R:5])>>[O&D1&v2&H1&+0&!R:5].([O&D2&v2&H0&+0&!R:3]-[C&D3&v4&H1&+0&R&z2:1].[c&D3&v4&H0&+0&R&z1:4]-[O&D1&v2&H1&+0&!R:2])	Any;Any
441_0	Any;Any	[C&D0&v4&H4&+0&!R&z0:1].[S&D2&v2&H0&+0&!R:2]-[S&D2&v2&H0&+0&!R:3]>>[C&D1&v4&H3&+0&!R&z1:1]-[S&D2&v2&H0&+0&!R:3].[S&D1&v2&H1&+0&!R:2]	Any;Any
1791_0	O2;Any	[O&D1&v2&H0&+0&!R:1]=[O&D1&v2&H0&+0&!R:2].[c&D3&v4&H0&+0&R&z1:3]1:[c&D2&v4&H1&+0&R&z0:4]:[c&D2&v4&H1&+0&R&z0:5]:[c&D2&v4&H1&+0&R&z0:6]:[c&D2&v4&H1&+0&R&z0:7]:[c&D3&v4&H0&+0&R&z1:8]:1>>[C&D3&v4&H0&+0&!R&z1:3](=[C&D2&v4&H1&+0&!R&z0:4]-[C&D2&v4&H1&+0&!R&z0:5]=[C&D2&v4&H1&+0&!R&z0:6]-[C&D2&v4&H1&+0&!R&z1:7]=[O&D1&v2&H0&+0&!R:1])-[C&D3&v4&H0&+0&!R&z2:8]=[O&D1&v2&H0&+0&!R:2]	Any
72_0	Any;Any;Any	[C&D3&v4&H0&+0&!R&z3:1](=[O&D1&v2&H0&+0&!R:2])-[O&D1&v2&H1&+0&!R:3].[C&D3&v4&H0&+0&R&z0:4]1=[C&D2&v4&H1&+0&R&z1:5]-[N&D3&v3&H0&+0&R:6]-[C&D2&v4&H1&+0&R&z1:7]=[C&D2&v4&H1&+0&R&z0:8]-[C&D2&v4&H2&+0&R&z0:9]-1.[C&D3&v4&H0&+0&R&z0:10]1=[C&D2&v4&H1&+0&R&z1:11]-[N&D3&v3&H0&+0&R:12]-[C&D2&v4&H1&+0&R&z1:13]=[C&D2&v4&H1&+0&R&z0:14]-[C&D2&v4&H2&+0&R&z0:15]-1>>[C&D2&v4&H2&+0&!R&z2:1]-[O&D1&v2&H1&+0&!R:3].[O&D0&v2&H2&+0&!R:2].[c&D3&v4&H0&+0&R&z0:10]1:[c&D2&v4&H1&+0&R&z0:15]:[c&D2&v4&H1&+0&R&z0:14]:[c&D2&v4&H1&+0&R&z1:13]:[n&D3&v4&H0&+&R:12]:[c&D2&v4&H1&+0&R&z1:11]:1.[c&D3&v4&H0&+0&R&z0:4]1:[c&D2&v4&H1&+0&R&z0:9]:[c&D2&v4&H1&+0&R&z0:8]:[c&D2&v4&H1&+0&R&z1:7]:[n&D3&v4&H0&+&R:6]:[c&D2&v4&H1&+0&R&z1:5]:1	Any;WATER;Any;Any
72_1	Any;NADH_CoF;NADH_CoF	[C&D3&v4&H0&+0&!R&z3:1](=[O&D1&v2&H0&+0&!R:2])-[O&D1&v2&H1&+0&!R:3].[C&D3&v4&H0&+0&R&z0:4]1=[C&D2&v4&H1&+0&R&z1:5]-[N&D3&v3&H0&+0&R:6]-[C&D2&v4&H1&+0&R&z1:7]=[C&D2&v4&H1&+0&R&z0:8]-[C&D2&v4&H2&+0&R&z0:9]-1.[C&D3&v4&H0&+0&R&z0:10]1=[C&D2&v4&H1&+0&R&z1:11]-[N&D3&v3&H0&+0&R:12]-[C&D2&v4&H1&+0&R&z1:13]=[C&D2&v4&H1&+0&R&z0:14]-[C&D2&v4&H2&+0&R&z0:15]-1>>[C&D2&v4&H2&+0&!R&z2:1]-[O&D1&v2&H1&+0&!R:3].[O&D0&v2&H2&+0&!R:2].[c&D3&v4&H0&+0&R&z0:10]1:[c&D2&v4&H1&+0&R&z0:15]:[c&D2&v4&H1&+0&R&z0:14]:[c&D2&v4&H1&+0&R&z1:13]:[n&D3&v4&H0&+&R:12]:[c&D2&v4&H1&+0&R&z1:11]:1.[c&D3&v4&H0&+0&R&z0:4]1:[c&D2&v4&H1&+0&R&z0:9]:[c&D2&v4&H1&+0&R&z0:8]:[c&D2&v4&H1&+0&R&z1:7]:[n&D3&v4&H0&+&R:6]:[c&D2&v4&H1&+0&R&z1:5]:1	Any;WATER;NAD_CoF;NAD_CoF
1901_0	WATER;O2;SULFITE	[O&D0&v2&H2&+0&!R:1].[O&D1&v2&H0&+0&!R:2]=[O&D1&v2&H0&+0&!R:3].[S&D3&v4&H0&+0&!R:4]>>[O&D1&v2&H0&+0&!R:1]=[S&D4&v6&H0&+0&!R:4].[O&D1&v2&H1&+0&!R:2]-[O&D1&v2&H1&+0&!R:3]	SULFATE;H2O2
75_0	Any;Any;Pi	[C&D3&v4&H0&+0&!R&z3:1]-[O&D1&v2&H1&+0&!R:2].[O&D1&v2&H1&+0&!R:3].[P&D4&v5&H0&+0&!R:4]-[O&D1&v2&H1&+0&!R:5]>>[C&D3&v4&H0&+0&!R&z3:1]-[O&D1&v2&H1&+0&!R:5].[O&D0&v2&H2&+0&!R:2].[O&D2&v2&H0&+0&!R:3]-[P&D4&v5&H0&+0&!R:4]	Any;WATER;Any
75_1	Any;PHOSPHATE_ACCEPTOR_CoF;Pi	[C&D3&v4&H0&+0&!R&z3:1]-[O&D1&v2&H1&+0&!R:2].[O&D1&v2&H1&+0&!R:3].[P&D4&v5&H0&+0&!R:4]-[O&D1&v2&H1&+0&!R:5]>>[C&D3&v4&H0&+0&!R&z3:1]-[O&D1&v2&H1&+0&!R:5].[O&D0&v2&H2&+0&!R:2].[O&D2&v2&H0&+0&!R:3]-[P&D4&v5&H0&+0&!R:4]	Any;WATER;PHOSPHATE_DONOR_CoF
995_0	Any	[C&D1&v4&H3&+0&!R&z0:1]-[C&D3&v4&H0&+0&!R&z0:2]=[C&D2&v4&H1&+0&!R&z0:3]>>[C&D1&v4&H2&+0&!R&z0:1]=[C&D3&v4&H0&+0&!R&z0:2]-[C&D2&v4&H2&+0&!R&z0:3]	Any
1884_0	Any;Any;WATER;CO2	[C&D3&v4&H0&+0&!R&z2:1]-[O&D1&v2&H1&+0&!R:2].[N&D2&v4&H0&+&!R:3]-[C&D3&v4&H0&+0&!R&z1:4]=[C&D2&v4&H1&+0&!R&z0:5].[O&D0&v2&H2&+0&!R:6].[O&D1&v2&H0&+0&!R:7]=[C&D2&v4&H0&+0&!R&z2:8]>>[C&D3&v4&H0&+0&!R&z1:1]-[C&D3&v4&H0&+0&!R&z2:8]-[O&D1&v2&H1&+0&!R:7].[N&D2&v4&H0&+&!R:3]-[C&D3&v4&H1&+0&!R&z1:4]-[C&D2&v4&H2&+0&!R&z0:5].[O&D1&v2&H0&+0&!R:2]=[O&D1&v2&H0&+0&!R:6]	Any;Any;O2
901_0	Any	[C&D4&v4&H0&+0&R&z1:1](-[C&D3&v4&H0&+0&R&z1:2]-[c&D3&v4&H0&+0&R&z0:3])-[C&D3&v4&H0&+0&R&z1:4]>>[C&D4&v4&H0&+0&R&z1:1](-[C&D3&v4&H0&+0&R&z1:2]-[C&D3&v4&H0&+0&R&z1:4])-[c&D3&v4&H0&+0&R&z0:3]	Any
347_0	Any;Any	[S&D2&v2&H0&+0&!R:1]-[C&D3&v4&H1&+0&R&z2:2].[n&D2&v3&H0&+0&R:3]>>[S&D1&v2&H1&+0&!R:1].[n&D3&v4&H0&+&R:3]-[C&D3&v4&H1&+0&R&z2:2]	Any;Any
1119_0	Any	[C&D3&v4&H1&+0&R&z0:1]-[C&D3&v4&H0&+0&!R&z2:2]-[O&D1&v2&H1&+0&!R:3]>>[C&D2&v4&H2&+0&R&z0:1].[O&D1&v2&H0&+0&!R:3]=[C&D2&v4&H0&+0&!R&z2:2]	Any;CO2
178_0	Any	[C&D2&v4&H1&+0&!R&z1:1]=[C&D2&v4&H1&+0&!R&z0:2]-[C&D2&v4&H1&+0&!R&z0:3]=[C&D2&v4&H1&+0&!R&z0:4]-[C&D2&v4&H2&+0&!R&z0:5]>>[C&D2&v4&H2&+0&!R&z1:1]-[C&D2&v4&H1&+0&!R&z0:2]=[C&D2&v4&H1&+0&!R&z0:3]-[C&D2&v4&H1&+0&!R&z0:4]=[C&D2&v4&H1&+0&!R&z0:5]	Any
1629_0	AMINO_CoF;CARBONYL_CoF	[C&D3&v4&H1&+0&!R&z2:1]-[N&D1&v3&H2&+0&!R:2].[O&D1&v2&H0&+0&!R:3]=[C&D2&v4&H1&+0&!R&z1:4]>>[C&D3&v4&H0&+0&!R&z2:1]=[O&D1&v2&H0&+0&!R:3].[N&D1&v3&H2&+0&!R:2]-[C&D2&v4&H2&+0&!R&z1:4]	CARBONYL_CoF;AMINO_CoF
1629_1	Any;Any	[C&D3&v4&H1&+0&!R&z2:1]-[N&D1&v3&H2&+0&!R:2].[O&D1&v2&H0&+0&!R:3]=[C&D2&v4&H1&+0&!R&z1:4]>>[C&D3&v4&H0&+0&!R&z2:1]=[O&D1&v2&H0&+0&!R:3].[N&D1&v3&H2&+0&!R:2]-[C&D2&v4&H2&+0&!R&z1:4]	Any;Any
1629_2	Any;CARBONYL_CoF	[C&D3&v4&H1&+0&!R&z2:1]-[N&D1&v3&H2&+0&!R:2].[O&D1&v2&H0&+0&!R:3]=[C&D2&v4&H1&+0&!R&z1:4]>>[C&D3&v4&H0&+0&!R&z2:1]=[O&D1&v2&H0&+0&!R:3].[N&D1&v3&H2&+0&!R:2]-[C&D2&v4&H2&+0&!R&z1:4]	Any;AMINO_CoF
1528_0	NH3;Any	[N&D0&v3&H3&+0&!R:1].[O&D2&v2&H0&+0&R:2]-[C&D4&v4&H0&+0&R&z2:3](-[O&D1&v2&H1&+0&!R:4])-[C&D2&v4&H2&+0&!R&z1:5]-[O&D1&v2&H1&+0&!R:6]>>[N&D1&v3&H2&+0&!R:1]-[C&D3&v4&H1&+0&R&z1:3]-[C&D3&v4&H1&+0&R&z2:5](-[O&D1&v2&H1&+0&!R:6])-[O&D2&v2&H0&+0&R:2].[O&D0&v2&H2&+0&!R:4]	Any;WATER
1937_0	Any;CO2	[C&D3&v4&H0&+0&R&z0:1]=[C&D2&v4&H1&+0&R&z0:2]-[C&D2&v4&H2&+0&R&z0:3].[O&D1&v2&H0&+0&!R:4]=[C&D2&v4&H0&+0&!R&z2:5]>>[C&D4&v4&H0&+0&R&z0:1](-[C&D3&v4&H0&+0&!R&z2:5]-[O&D1&v2&H1&+0&!R:4])-[C&D2&v4&H1&+0&R&z0:2]=[C&D2&v4&H1&+0&R&z0:3]	Any
502_0	Any	([C&D1&v4&H2&+0&!R&z0:1]=[C&D2&v4&H1&+0&!R&z1:2].[C&D3&v4&H0&+0&!R&z3:3](-[S&D1&v2&H1&+0&!R:4])=[N&D2&v3&H0&+0&!R:5]-[O&D2&v2&H0&+0&!R:6])>>([C&D3&v4&H1&+0&R&z2:2]1-[C&D2&v4&H2&+0&R&z1:1]-[S&D2&v2&H0&+0&R:4]-1.[N&D1&v3&H0&+0&!R:5]#[C&D2&v4&H0&+0&!R&z2:3]).[O&D1&v2&H1&+0&!R:6]	Any;SULFATE
2008_0	Any;Any	[C&D2&v4&H2&+0&!R&z0:1]-[C&D3&v4&H1&+0&!R&z1:2].[C&D3&v4&H0&+0&R&z1:3]1=[C&D3&v4&H0&+0&R&z1:4]-[C&D3&v4&H0&+0&R&z1:5](=[O&D1&v2&H0&+0&!R:6])-[C&D3&v4&H0&+0&R&z1:7]=[C&D3&v4&H0&+0&R&z1:8]-[C&D3&v4&H0&+0&R&z1:9]-1=[O&D1&v2&H0&+0&!R:10]>>[C&D2&v4&H1&+0&!R&z0:1]=[C&D3&v4&H0&+0&!R&z1:2].[c&D3&v4&H0&+0&R&z1:3]1:[c&D3&v4&H0&+0&R&z1:4]:[c&D3&v4&H0&+0&R&z1:5](-[O&D1&v2&H1&+0&!R:6]):[c&D3&v4&H0&+0&R&z1:7]:[c&D3&v4&H0&+0&R&z1:8]:[c&D3&v4&H0&+0&R&z1:9]:1-[O&D1&v2&H1&+0&!R:10]	Any;Any
929_0	Any	([C&D1&v4&H3&+0&!R&z0:1]-[C&D3&v4&H0&+0&!R&z0:2]=[C&D2&v4&H1&+0&!R&z0:3].[C&D2&v4&H2&+0&!R&z0:4].[C&D3&v4&H0&+0&!R&z0:5]=[C&D2&v4&H1&+0&!R&z0:6]-[C&D2&v4&H2&+0&!R&z1:7]-[O&D2&v2&H0&+0&!R:8])>>[C&D1&v4&H2&+0&!R&z0:1]=[C&D3&v4&H0&+0&!R&z0:2]-[C&D3&v4&H1&+0&R&z0:3]-[C&D2&v4&H2&+0&R&z0:7]-[C&D2&v4&H2&+0&R&z0:6]-[C&D4&v4&H0&+0&R&z0:5]-[C&D3&v4&H1&+0&R&z0:4].[O&D1&v2&H1&+0&!R:8]	Any;PPI
2095_0	Any	([C&D3&v4&H1&+0&R&z1:1]-[C&D3&v4&H1&+0&R&z1:2].[O&D1&v2&H1&+0&!R:3])>>([C&D2&v4&H2&+0&!R&z1:1].[O&D2&v2&H0&+0&R:3]-[C&D3&v4&H1&+0&R&z2:2])	Any
495_0	Any;Pi;Any	[C&D1&v4&H2&+0&!R&z0:1]=[C&D3&v4&H0&+0&!R&z1:2]-[O&D2&v2&H0&+0&!R:3]-[P&D4&v5&H0&+0&!R:4].([O&D1&v2&H1&+0&!R:5].[O&D1&v2&H1&+0&!R:6]).[P&D4&v5&H0&+0&!R:7]-[O&D1&v2&H1&+0&!R:8]>>[C&D1&v4&H3&+0&!R&z0:1]-[C&D3&v4&H0&+0&!R&z1:2]=[O&D1&v2&H0&+0&!R:3].[O&D0&v2&H2&+0&!R:8].([O&D2&v2&H0&+0&!R:5]-[P&D4&v5&H0&+0&!R:4].[P&D4&v5&H0&+0&!R:7]-[O&D2&v2&H0&+0&!R:6])	Any;WATER;Any
495_1	Any;Pi;PYROPHOSPHATE_ACCEPTOR_CoF	[C&D1&v4&H2&+0&!R&z0:1]=[C&D3&v4&H0&+0&!R&z1:2]-[O&D2&v2&H0&+0&!R:3]-[P&D4&v5&H0&+0&!R:4].([O&D1&v2&H1&+0&!R:5].[O&D1&v2&H1&+0&!R:6]).[P&D4&v5&H0&+0&!R:7]-[O&D1&v2&H1&+0&!R:8]>>[C&D1&v4&H3&+0&!R&z0:1]-[C&D3&v4&H0&+0&!R&z1:2]=[O&D1&v2&H0&+0&!R:3].[O&D0&v2&H2&+0&!R:8].([O&D2&v2&H0&+0&!R:5]-[P&D4&v5&H0&+0&!R:4].[P&D4&v5&H0&+0&!R:7]-[O&D2&v2&H0&+0&!R:6])	Any;WATER;PYROPHOSPHATE_DONOR_CoF
1952_0	Any	[C&D3&v4&H1&+0&!R&z1:1](-[O&D1&v2&H1&+0&!R:2])-[C&D3&v4&H1&+0&!R&z0:3]-[C&D2&v4&H2&+0&!R&z1:4]>>[C&D2&v4&H2&+0&!R&z0:3]-[C&D4&v4&H0&+0&!R&z1:1](-[O&D1&v2&H1&+0&!R:2])-[C&D2&v4&H2&+0&!R&z1:4]	Any
1888_0	WATER;Any	[O&D0&v2&H2&+0&!R:1].[c&D3&v4&H0&+0&R&z0:2]1:[c&D2&v4&H1&+0&R&z0:3]:[c&D2&v4&H1&+0&R&z0:4]:[c&D3&v4&H0&+0&R&z1:5](-[O&D1&v2&H1&+0&!R:6]):[c&D3&v4&H0&+0&R&z1:7](-[O&D1&v2&H1&+0&!R:8]):[c&D2&v4&H1&+0&R&z0:9]:1>>[C&D3&v4&H0&+0&R&z0:2]1=[C&D2&v4&H1&+0&R&z0:9]-[C&D3&v4&H0&+0&R&z1:7](=[O&D1&v2&H0&+0&!R:8])-[C&D3&v4&H1&+0&R&z1:5](-[O&D1&v2&H1&+0&!R:6])-[C&D3&v4&H1&+0&R&z1:4](-[O&D1&v2&H1&+0&!R:1])-[C&D2&v4&H2&+0&R&z0:3]-1	Any
883_0	Any	[C&D4&v4&H0&+0&!R&z1:1](-[O&D1&v2&H1&+0&!R:2])-[C&D3&v4&H1&+0&!R&z1:3]-[O&D1&v2&H1&+0&!R:4]>>[C&D3&v4&H1&+0&!R&z0:1]-[C&D3&v4&H0&+0&!R&z1:3]=[O&D1&v2&H0&+0&!R:4].[O&D0&v2&H2&+0&!R:2]	Any;WATER
1854_0	Any;Any	([C&D3&v4&H0&+0&!R&z2:1]-[O&D1&v2&H1&+0&!R:2].[N&D2&v3&H1&+0&R:3]).[P&D4&v5&H0&+0&!R:4]-[O&D2&v2&H0&+0&!R:5]>>[C&D3&v4&H0&+0&R&z2:1]-[N&D3&v3&H0&+0&R:3].[O&D1&v2&H1&+0&!R:5].[P&D4&v5&H0&+0&!R:4]-[O&D1&v2&H1&+0&!R:2]	Any;PPI;Any
1854_1	Any;PYROPHOSPHATE_DONOR_CoF	([C&D3&v4&H0&+0&!R&z2:1]-[O&D1&v2&H1&+0&!R:2].[N&D2&v3&H1&+0&R:3]).[P&D4&v5&H0&+0&!R:4]-[O&D2&v2&H0&+0&!R:5]>>[C&D3&v4&H0&+0&R&z2:1]-[N&D3&v3&H0&+0&R:3].[O&D1&v2&H1&+0&!R:5].[P&D4&v5&H0&+0&!R:4]-[O&D1&v2&H1&+0&!R:2]	Any;PPI;PYROPHOSPHATE_ACCEPTOR_CoF
1324_0	Any;Any;Any	[C&D3&v4&H0&+0&R&z0:1]1=[C&D2&v4&H1&+0&R&z1:2]-[N&D3&v3&H0&+0&R:3]-[C&D2&v4&H1&+0&R&z1:4]=[C&D2&v4&H1&+0&R&z0:5]-[C&D2&v4&H2&+0&R&z0:6]-1.[C&D3&v4&H0&+0&R&z0:7]1=[C&D2&v4&H1&+0&R&z1:8]-[N&D3&v3&H0&+0&R:9]-[C&D2&v4&H1&+0&R&z1:10]=[C&D2&v4&H1&+0&R&z0:11]-[C&D2&v4&H2&+0&R&z0:12]-1.[N&D2&v3&H0&+0&!R:13]=[N&D2&v3&H0&+0&!R:14]>>[N&D1&v3&H2&+0&!R:13].[N&D1&v3&H2&+0&!R:14].[c&D3&v4&H0&+0&R&z0:7]1:[c&D2&v4&H1&+0&R&z0:12]:[c&D2&v4&H1&+0&R&z0:11]:[c&D2&v4&H1&+0&R&z1:10]:[n&D3&v4&H0&+&R:9]:[c&D2&v4&H1&+0&R&z1:8]:1.[c&D3&v4&H0&+0&R&z0:1]1:[c&D2&v4&H1&+0&R&z0:6]:[c&D2&v4&H1&+0&R&z0:5]:[c&D2&v4&H1&+0&R&z1:4]:[n&D3&v4&H0&+&R:3]:[c&D2&v4&H1&+0&R&z1:2]:1	Any;Any;Any;Any
1324_1	NADH_CoF;NADH_CoF;Any	[C&D3&v4&H0&+0&R&z0:1]1=[C&D2&v4&H1&+0&R&z1:2]-[N&D3&v3&H0&+0&R:3]-[C&D2&v4&H1&+0&R&z1:4]=[C&D2&v4&H1&+0&R&z0:5]-[C&D2&v4&H2&+0&R&z0:6]-1.[C&D3&v4&H0&+0&R&z0:7]1=[C&D2&v4&H1&+0&R&z1:8]-[N&D3&v3&H0&+0&R:9]-[C&D2&v4&H1&+0&R&z1:10]=[C&D2&v4&H1&+0&R&z0:11]-[C&D2&v4&H2&+0&R&z0:12]-1.[N&D2&v3&H0&+0&!R:13]=[N&D2&v3&H0&+0&!R:14]>>[N&D1&v3&H2&+0&!R:13].[N&D1&v3&H2&+0&!R:14].[c&D3&v4&H0&+0&R&z0:7]1:[c&D2&v4&H1&+0&R&z0:12]:[c&D2&v4&H1&+0&R&z0:11]:[c&D2&v4&H1&+0&R&z1:10]:[n&D3&v4&H0&+&R:9]:[c&D2&v4&H1&+0&R&z1:8]:1.[c&D3&v4&H0&+0&R&z0:1]1:[c&D2&v4&H1&+0&R&z0:6]:[c&D2&v4&H1&+0&R&z0:5]:[c&D2&v4&H1&+0&R&z1:4]:[n&D3&v4&H0&+&R:3]:[c&D2&v4&H1&+0&R&z1:2]:1	Any;Any;NAD_CoF;NAD_CoF
176_0	Any;Any	[C&D2&v4&H1&+0&!R&z1:1]=[C&D2&v4&H1&+0&!R&z0:2]-[C&D2&v4&H1&+0&!R&z0:3]=[C&D2&v4&H1&+0&!R&z0:4].[C&D3&v4&H0&+0&R&z0:5]1=[C&D2&v4&H1&+0&R&z1:6]-[N&D3&v3&H0&+0&R:7]-[C&D2&v4&H1&+0&R&z1:8]=[C&D2&v4&H1&+0&R&z0:9]-[C&D2&v4&H2&+0&R&z0:10]-1>>[C&D2&v4&H2&+0&!R&z1:1]-[C&D2&v4&H1&+0&!R&z0:2]=[C&D2&v4&H1&+0&!R&z0:3]-[C&D2&v4&H2&+0&!R&z0:4].[c&D3&v4&H0&+0&R&z0:5]1:[c&D2&v4&H1&+0&R&z0:10]:[c&D2&v4&H1&+0&R&z0:9]:[c&D2&v4&H1&+0&R&z1:8]:[n&D3&v4&H0&+&R:7]:[c&D2&v4&H1&+0&R&z1:6]:1	Any;Any
176_1	Any;NADH_CoF	[C&D2&v4&H1&+0&!R&z1:1]=[C&D2&v4&H1&+0&!R&z0:2]-[C&D2&v4&H1&+0&!R&z0:3]=[C&D2&v4&H1&+0&!R&z0:4].[C&D3&v4&H0&+0&R&z0:5]1=[C&D2&v4&H1&+0&R&z1:6]-[N&D3&v3&H0&+0&R:7]-[C&D2&v4&H1&+0&R&z1:8]=[C&D2&v4&H1&+0&R&z0:9]-[C&D2&v4&H2&+0&R&z0:10]-1>>[C&D2&v4&H2&+0&!R&z1:1]-[C&D2&v4&H1&+0&!R&z0:2]=[C&D2&v4&H1&+0&!R&z0:3]-[C&D2&v4&H2&+0&!R&z0:4].[c&D3&v4&H0&+0&R&z0:5]1:[c&D2&v4&H1&+0&R&z0:10]:[c&D2&v4&H1&+0&R&z0:9]:[c&D2&v4&H1&+0&R&z1:8]:[n&D3&v4&H0&+&R:7]:[c&D2&v4&H1&+0&R&z1:6]:1	Any;NAD_CoF
1039_0	Any;Any;Pi	[C&D4&v4&H0&+0&R&z1:1]-[O&D1&v2&H1&+0&!R:2].[O&D1&v2&H1&+0&!R:3].[P&D4&v5&H0&+0&!R:4]-[O&D1&v2&H1&+0&!R:5]>>[C&D4&v4&H0&+0&R&z1:1]-[O&D1&v2&H1&+0&!R:5].[O&D0&v2&H2&+0&!R:2].[O&D2&v2&H0&+0&!R:3]-[P&D4&v5&H0&+0&!R:4]	Any;WATER;Any
1039_1	Any;PHOSPHATE_ACCEPTOR_CoF;Pi	[C&D4&v4&H0&+0&R&z1:1]-[O&D1&v2&H1&+0&!R:2].[O&D1&v2&H1&+0&!R:3].[P&D4&v5&H0&+0&!R:4]-[O&D1&v2&H1&+0&!R:5]>>[C&D4&v4&H0&+0&R&z1:1]-[O&D1&v2&H1&+0&!R:5].[O&D0&v2&H2&+0&!R:2].[O&D2&v2&H0&+0&!R:3]-[P&D4&v5&H0&+0&!R:4]	Any;WATER;PHOSPHATE_DONOR_CoF
1382_0	Any;WATER;Any;Any	[C&D2&v4&H1&+0&!R&z1:1]=[O&D1&v2&H0&+0&!R:2].[O&D0&v2&H2&+0&!R:3].[O&D1&v2&H0&+0&!R:4]=[C&D2&v4&H1&+0&!R&z1:5].[c&D3&v4&H0&+0&R&z1:6]-[O&D1&v2&H1&+0&!R:7]>>[C&D3&v4&H1&+0&!R&z1:1](-[O&D1&v2&H1&+0&!R:2])-[C&D3&v4&H1&+0&!R&z1:5]-[O&D2&v2&H0&+0&!R:4]-[c&D3&v4&H0&+0&R&z1:6].[O&D1&v2&H1&+0&!R:7]-[O&D1&v2&H1&+0&!R:3]	Any;H2O2
758_0	Any;WATER	[C&D3&v4&H1&+0&R&z2:1](-[O&D2&v2&H0&+0&!R:2]-[P&D4&v5&H0&+0&!R:3])-[O&D2&v2&H0&+0&R:4].[O&D0&v2&H2&+0&!R:5]>>([C&D2&v4&H1&+0&!R&z1:1]=[O&D1&v2&H0&+0&!R:2].[O&D1&v2&H1&+0&!R:4]).[P&D4&v5&H0&+0&!R:3]-[O&D1&v2&H1&+0&!R:5]	Any;Any
426_0	Any;WATER;CO2;Any	[C&D3&v4&H0&+0&!R&z2:1]-[O&D1&v2&H1&+0&!R:2].[O&D0&v2&H2&+0&!R:3].[O&D1&v2&H0&+0&!R:4]=[C&D2&v4&H0&+0&!R&z2:5].[c&D3&v4&H0&+0&R&z1:6]1:[o&D2&v2&H0&+0&R:7]:[c&D3&v4&H0&+0&R&z1:8]:[c&D3&v4&H0&+0&R&z0:9]:[c&D3&v4&H0&+0&R&z1:10]:[c&D3&v4&H0&+0&R&z1:11]:1>>[C&D3&v4&H0&+0&!R&z1:1]-[C&D3&v4&H0&+0&!R&z2:5]-[O&D1&v2&H1&+0&!R:4].[C&D3&v4&H1&+0&R&z1:6]1-[O&D2&v2&H0&+0&R:7]-[c&D3&v4&H0&+0&R&z1:8]:[c&D3&v4&H0&+0&R&z0:9]-[C&D3&v4&H0&+0&R&z1:10]-[C&D3&v4&H1&+0&R&z1:11]-1.[O&D1&v2&H0&+0&!R:3]=[O&D1&v2&H0&+0&!R:2]	Any;Any;O2
1547_0	Any;WATER	[N&D1&v3&H2&+0&!R:1]-[C&D3&v4&H0&+0&!R&z1:2]=[C&D2&v4&H1&+0&!R&z0:3]-[C&D2&v4&H1&+0&!R&z0:4]=[C&D2&v4&H1&+0&!R&z0:5].[O&D0&v2&H2&+0&!R:6]>>[C&D2&v4&H2&+0&!R&z0:5]-[C&D2&v4&H1&+0&!R&z0:4]=[C&D2&v4&H1&+0&!R&z0:3]-[C&D3&v4&H0&+0&!R&z1:2]=[O&D1&v2&H0&+0&!R:6].[N&D0&v3&H3&+0&!R:1]	Any;NH3
1002_0	Any;Any;WATER	[C&D3&v4&H1&+0&!R&z0:1].[N&D3&v3&H0&+0&R:2]-[C&D2&v4&H2&+0&R&z2:3]-[N&D3&v3&H0&+0&R:4].[O&D0&v2&H2&+0&!R:5]>>[C&D4&v4&H0&+0&!R&z0:1]-[C&D2&v4&H2&+0&!R&z1:3]-[O&D1&v2&H1&+0&!R:5].([N&D2&v3&H1&+0&!R:4].[N&D2&v3&H1&+0&R:2])	Any;Any
1591_0	Any;Any;O2	[C&D3&v4&H0&+0&R&z0:1]1=[C&D2&v4&H1&+0&R&z1:2]-[N&D3&v3&H0&+0&R:3]-[C&D2&v4&H1&+0&R&z1:4]=[C&D2&v4&H1&+0&R&z0:5]-[C&D2&v4&H2&+0&R&z0:6]-1.([N&D2&v3&H1&+0&R:7].[c&D3&v4&H0&+0&R&z0:8]1:[c&D2&v4&H1&+0&R&z1:9]:[n&D2&v3&H1&+0&R:10]:[c&D3&v4&H0&+0&R&z1:11]:[c&D3&v4&H0&+0&R&z0:12]:1).[O&D1&v2&H0&+0&!R:13]=[O&D1&v2&H0&+0&!R:14]>>[C&D4&v4&H0&+0&R&z1:8]1(-[O&D1&v2&H1&+0&!R:13])-[c&D3&v4&H0&+0&R&z0:12]:[c&D3&v4&H0&+0&R&z1:11]-[N&D2&v3&H1&+0&R:10]-[C&D3&v4&H1&+0&R&z2:9]-1-[N&D3&v3&H0&+0&R:7].[O&D0&v2&H2&+0&!R:14].[c&D3&v4&H0&+0&R&z0:1]1:[c&D2&v4&H1&+0&R&z0:6]:[c&D2&v4&H1&+0&R&z0:5]:[c&D2&v4&H1&+0&R&z1:4]:[n&D3&v4&H0&+&R:3]:[c&D2&v4&H1&+0&R&z1:2]:1	Any;WATER;Any
1591_1	NADH_CoF;Any;O2	[C&D3&v4&H0&+0&R&z0:1]1=[C&D2&v4&H1&+0&R&z1:2]-[N&D3&v3&H0&+0&R:3]-[C&D2&v4&H1&+0&R&z1:4]=[C&D2&v4&H1&+0&R&z0:5]-[C&D2&v4&H2&+0&R&z0:6]-1.([N&D2&v3&H1&+0&R:7].[c&D3&v4&H0&+0&R&z0:8]1:[c&D2&v4&H1&+0&R&z1:9]:[n&D2&v3&H1&+0&R:10]:[c&D3&v4&H0&+0&R&z1:11]:[c&D3&v4&H0&+0&R&z0:12]:1).[O&D1&v2&H0&+0&!R:13]=[O&D1&v2&H0&+0&!R:14]>>[C&D4&v4&H0&+0&R&z1:8]1(-[O&D1&v2&H1&+0&!R:13])-[c&D3&v4&H0&+0&R&z0:12]:[c&D3&v4&H0&+0&R&z1:11]-[N&D2&v3&H1&+0&R:10]-[C&D3&v4&H1&+0&R&z2:9]-1-[N&D3&v3&H0&+0&R:7].[O&D0&v2&H2&+0&!R:14].[c&D3&v4&H0&+0&R&z0:1]1:[c&D2&v4&H1&+0&R&z0:6]:[c&D2&v4&H1&+0&R&z0:5]:[c&D2&v4&H1&+0&R&z1:4]:[n&D3&v4&H0&+&R:3]:[c&D2&v4&H1&+0&R&z1:2]:1	Any;WATER;NAD_CoF
1789_0	O2;Any	[O&D1&v2&H0&+0&!R:1]=[O&D1&v2&H0&+0&!R:2].[c&D3&v4&H0&+0&R&z1:3]1:[c&D2&v4&H1&+0&R&z0:4]:[c&D2&v4&H1&+0&R&z0:5]:[c&D3&v4&H0&+0&R&z1:6]:[c&D2&v4&H1&+0&R&z0:7]:[c&D3&v4&H0&+0&R&z1:8]:1>>[C&D3&v4&H0&+0&!R&z1:3](=[C&D2&v4&H1&+0&!R&z0:4]-[C&D2&v4&H1&+0&!R&z0:5]=[C&D3&v4&H0&+0&!R&z1:6]-[C&D2&v4&H1&+0&!R&z1:7]=[O&D1&v2&H0&+0&!R:1])-[C&D3&v4&H0&+0&!R&z2:8]=[O&D1&v2&H0&+0&!R:2]	Any
231_0	Any;Any;Any	[C&D1&v4&H3&+0&!R&z0:1].[C&D2&v4&H1&+0&!R&z1:2]=[O&D1&v2&H0&+0&!R:3].[S&D2&v2&H0&+0&!R:4]>>[C&D2&v4&H2&+0&!R&z1:2]-[O&D1&v2&H1&+0&!R:3].[S&D3&v3&H0&+&!R:4]-[C&D2&v4&H2&+0&!R&z1:1]	Any;Any
1613_0	Any;Any	[C&D3&v4&H0&+0&R&z0:1]1=[C&D2&v4&H1&+0&R&z1:2]-[N&D3&v3&H0&+0&R:3]-[C&D2&v4&H1&+0&R&z1:4]=[C&D2&v4&H1&+0&R&z0:5]-[C&D2&v4&H2&+0&R&z0:6]-1.[c&D3&v4&H0&+0&R&z2:7]-[O&D1&v2&H1&+0&!R:8]>>[O&D0&v2&H2&+0&!R:8].[c&D2&v4&H1&+0&R&z1:7].[c&D3&v4&H0&+0&R&z0:1]1:[c&D2&v4&H1&+0&R&z0:6]:[c&D2&v4&H1&+0&R&z0:5]:[c&D2&v4&H1&+0&R&z1:4]:[n&D3&v4&H0&+&R:3]:[c&D2&v4&H1&+0&R&z1:2]:1	WATER;Any;Any
1613_1	NADH_CoF;Any	[C&D3&v4&H0&+0&R&z0:1]1=[C&D2&v4&H1&+0&R&z1:2]-[N&D3&v3&H0&+0&R:3]-[C&D2&v4&H1&+0&R&z1:4]=[C&D2&v4&H1&+0&R&z0:5]-[C&D2&v4&H2&+0&R&z0:6]-1.[c&D3&v4&H0&+0&R&z2:7]-[O&D1&v2&H1&+0&!R:8]>>[O&D0&v2&H2&+0&!R:8].[c&D2&v4&H1&+0&R&z1:7].[c&D3&v4&H0&+0&R&z0:1]1:[c&D2&v4&H1&+0&R&z0:6]:[c&D2&v4&H1&+0&R&z0:5]:[c&D2&v4&H1&+0&R&z1:4]:[n&D3&v4&H0&+&R:3]:[c&D2&v4&H1&+0&R&z1:2]:1	WATER;Any;NAD_CoF
64_0	Any;Any	[C&D3&v4&H0&+0&!R&z3:1]-[O&D1&v2&H1&+0&!R:2].[O&D1&v2&H1&+0&!R:3]>>[C&D3&v4&H0&+0&!R&z3:1]-[O&D2&v2&H0&+0&!R:3].[O&D0&v2&H2&+0&!R:2]	Any;WATER
1200_0	Any;CO3;Any	[C&D2&v4&H2&+0&!R&z0:1]-[C&D3&v4&H0&+0&!R&z2:2](=[O&D1&v2&H0&+0&!R:3])-[S&D2&v2&H0&+0&!R:4].[C&D3&v4&H0&+0&!R&z3:5]-[O&D1&v2&H1&+0&!R:6].[C&D3&v4&H0&+0&R&z0:7]1=[C&D2&v4&H1&+0&R&z1:8]-[N&D3&v3&H0&+0&R:9]-[C&D2&v4&H1&+0&R&z1:10]=[C&D2&v4&H1&+0&R&z0:11]-[C&D2&v4&H2&+0&R&z0:12]-1>>[C&D3&v4&H1&+0&!R&z0:1](-[C&D2&v4&H1&+0&!R&z1:2]=[O&D1&v2&H0&+0&!R:3])-[C&D3&v4&H0&+0&!R&z2:5].[O&D0&v2&H2&+0&!R:6].[S&D1&v2&H1&+0&!R:4].[c&D3&v4&H0&+0&R&z0:7]1:[c&D2&v4&H1&+0&R&z0:12]:[c&D2&v4&H1&+0&R&z0:11]:[c&D2&v4&H1&+0&R&z1:10]:[n&D3&v4&H0&+&R:9]:[c&D2&v4&H1&+0&R&z1:8]:1	Any;WATER;CoA;Any
1200_1	Any;CO3;NADH_CoF	[C&D2&v4&H2&+0&!R&z0:1]-[C&D3&v4&H0&+0&!R&z2:2](=[O&D1&v2&H0&+0&!R:3])-[S&D2&v2&H0&+0&!R:4].[C&D3&v4&H0&+0&!R&z3:5]-[O&D1&v2&H1&+0&!R:6].[C&D3&v4&H0&+0&R&z0:7]1=[C&D2&v4&H1&+0&R&z1:8]-[N&D3&v3&H0&+0&R:9]-[C&D2&v4&H1&+0&R&z1:10]=[C&D2&v4&H1&+0&R&z0:11]-[C&D2&v4&H2&+0&R&z0:12]-1>>[C&D3&v4&H1&+0&!R&z0:1](-[C&D2&v4&H1&+0&!R&z1:2]=[O&D1&v2&H0&+0&!R:3])-[C&D3&v4&H0&+0&!R&z2:5].[O&D0&v2&H2&+0&!R:6].[S&D1&v2&H1&+0&!R:4].[c&D3&v4&H0&+0&R&z0:7]1:[c&D2&v4&H1&+0&R&z0:12]:[c&D2&v4&H1&+0&R&z0:11]:[c&D2&v4&H1&+0&R&z1:10]:[n&D3&v4&H0&+&R:9]:[c&D2&v4&H1&+0&R&z1:8]:1	Any;WATER;CoA;NAD_CoF
631_0	Any;NH3;CO2	[C&D2&v4&H1&+0&!R&z1:1]-[N&D1&v3&H2&+0&!R:2].[N&D0&v3&H3&+0&!R:3].[O&D1&v2&H0&+0&!R:4]=[C&D2&v4&H0&+0&!R&z2:5]>>[C&D2&v4&H1&+0&!R&z1:1]-[N&D2&v3&H1&+0&!R:2]-[C&D3&v4&H0&+0&!R&z3:5]-[N&D1&v3&H2&+0&!R:3].[O&D0&v2&H2&+0&!R:4]	Any;WATER
1992_0	Any	([C&D2&v4&H1&+0&!R&z0:1]-[C&D2&v4&H1&+0&!R&z0:2]=[C&D2&v4&H1&+0&!R&z0:3].[O&D1&v2&H1&+0&!R:4])>>[C&D2&v4&H2&+0&!R&z0:3]-[C&D3&v4&H1&+0&R&z1:2](-[C&D2&v4&H1&+0&R&z0:1])-[O&D2&v2&H0&+0&R:4]	Any
1786_0	Any	([N&D1&v3&H2&+0&!R:1].[c&D3&v4&H0&+0&R&z1:2]-[O&D1&v2&H1&+0&!R:3])>>([O&D1&v2&H1&+0&!R:3]-[N&D2&v3&H1&+0&!R:1].[c&D2&v4&H1&+0&R&z0:2])	Any
1435_0	Any;Any	[C&D3&v4&H1&+0&R&z1:1]-[O&D1&v2&H1&+0&!R:2].[S&D3&v3&H0&+&!R:3]-[C&D2&v4&H2&+0&!R&z1:4]>>[C&D1&v4&H3&+0&!R&z0:4].[C&D3&v4&H0&+0&R&z1:1]=[O&D1&v2&H0&+0&!R:2].[S&D2&v2&H0&+0&!R:3]	Any;Any;Any
1423_0	Any;Any;O2	[C&D1&v4&H3&+0&!R&z1:1]-[N&D4&v4&H0&+&R:2].[C&D3&v4&H0&+0&R&z0:3]1=[C&D2&v4&H1&+0&R&z1:4]-[N&D3&v3&H0&+0&R:5]-[C&D2&v4&H1&+0&R&z1:6]=[C&D2&v4&H1&+0&R&z0:7]-[C&D2&v4&H2&+0&R&z0:8]-1.[O&D1&v2&H0&+0&!R:9]=[O&D1&v2&H0&+0&!R:10]>>[C&D1&v4&H2&+0&!R&z1:1]=[O&D1&v2&H0&+0&!R:10].[N&D3&v3&H0&+0&R:2].[O&D0&v2&H2&+0&!R:9].[c&D3&v4&H0&+0&R&z0:3]1:[c&D2&v4&H1&+0&R&z0:8]:[c&D2&v4&H1&+0&R&z0:7]:[c&D2&v4&H1&+0&R&z1:6]:[n&D3&v4&H0&+&R:5]:[c&D2&v4&H1&+0&R&z1:4]:1	Any;Any;WATER;Any
1423_1	Any;NADH_CoF;O2	[C&D1&v4&H3&+0&!R&z1:1]-[N&D4&v4&H0&+&R:2].[C&D3&v4&H0&+0&R&z0:3]1=[C&D2&v4&H1&+0&R&z1:4]-[N&D3&v3&H0&+0&R:5]-[C&D2&v4&H1&+0&R&z1:6]=[C&D2&v4&H1&+0&R&z0:7]-[C&D2&v4&H2&+0&R&z0:8]-1.[O&D1&v2&H0&+0&!R:9]=[O&D1&v2&H0&+0&!R:10]>>[C&D1&v4&H2&+0&!R&z1:1]=[O&D1&v2&H0&+0&!R:10].[N&D3&v3&H0&+0&R:2].[O&D0&v2&H2&+0&!R:9].[c&D3&v4&H0&+0&R&z0:3]1:[c&D2&v4&H1&+0&R&z0:8]:[c&D2&v4&H1&+0&R&z0:7]:[c&D2&v4&H1&+0&R&z1:6]:[n&D3&v4&H0&+&R:5]:[c&D2&v4&H1&+0&R&z1:4]:1	Any;Any;WATER;NAD_CoF
835_0	Any;WATER;CoA;Any	[C&D3&v4&H1&+0&!R&z0:1](-[C&D2&v4&H1&+0&!R&z1:2]=[O&D1&v2&H0&+0&!R:3])-[C&D3&v4&H0&+0&!R&z2:4].[O&D0&v2&H2&+0&!R:5].[S&D1&v2&H1&+0&!R:6].[c&D3&v4&H0&+0&R&z0:7]1:[c&D2&v4&H1&+0&R&z0:8]:[c&D2&v4&H1&+0&R&z0:9]:[c&D2&v4&H1&+0&R&z1:10]:[n&D3&v4&H0&+&R:11]:[c&D2&v4&H1&+0&R&z1:12]:1>>[C&D2&v4&H2&+0&!R&z0:1]-[C&D3&v4&H0&+0&!R&z2:2](=[O&D1&v2&H0&+0&!R:3])-[S&D2&v2&H0&+0&!R:6].[C&D3&v4&H0&+0&!R&z3:4]-[O&D1&v2&H1&+0&!R:5].[C&D3&v4&H0&+0&R&z0:7]1=[C&D2&v4&H1&+0&R&z1:12]-[N&D3&v3&H0&+0&R:11]-[C&D2&v4&H1&+0&R&z1:10]=[C&D2&v4&H1&+0&R&z0:9]-[C&D2&v4&H2&+0&R&z0:8]-1	Any;CO3;Any
835_1	Any;WATER;CoA;NAD_CoF	[C&D3&v4&H1&+0&!R&z0:1](-[C&D2&v4&H1&+0&!R&z1:2]=[O&D1&v2&H0&+0&!R:3])-[C&D3&v4&H0&+0&!R&z2:4].[O&D0&v2&H2&+0&!R:5].[S&D1&v2&H1&+0&!R:6].[c&D3&v4&H0&+0&R&z0:7]1:[c&D2&v4&H1&+0&R&z0:8]:[c&D2&v4&H1&+0&R&z0:9]:[c&D2&v4&H1&+0&R&z1:10]:[n&D3&v4&H0&+&R:11]:[c&D2&v4&H1&+0&R&z1:12]:1>>[C&D2&v4&H2&+0&!R&z0:1]-[C&D3&v4&H0&+0&!R&z2:2](=[O&D1&v2&H0&+0&!R:3])-[S&D2&v2&H0&+0&!R:6].[C&D3&v4&H0&+0&!R&z3:4]-[O&D1&v2&H1&+0&!R:5].[C&D3&v4&H0&+0&R&z0:7]1=[C&D2&v4&H1&+0&R&z1:12]-[N&D3&v3&H0&+0&R:11]-[C&D2&v4&H1&+0&R&z1:10]=[C&D2&v4&H1&+0&R&z0:9]-[C&D2&v4&H2&+0&R&z0:8]-1	Any;CO3;NADH_CoF
1371_0	Any	[C&D3&v4&H1&+0&R&z0:1]1-[C&D3&v4&H1&+0&R&z0:2]-[C&D2&v4&H1&+0&R&z0:3]=[C&D2&v4&H1&+0&R&z0:4]-[C&D3&v4&H1&+0&R&z0:5]-[C&D3&v4&H1&+0&R&z0:6]-1>>([C&D2&v4&H1&+0&!R&z0:6]=[C&D2&v4&H1&+0&!R&z0:1].[C&D2&v4&H1&+0&!R&z0:2]=[C&D2&v4&H1&+0&!R&z0:3]-[C&D2&v4&H1&+0&!R&z0:4]=[C&D2&v4&H1&+0&!R&z0:5])	Any
2076_0	Any;O2	[C&D2&v4&H2&+0&!R&z1:1]-[C&D2&v4&H2&+0&!R&z1:2].[O&D1&v2&H0&+0&!R:3]=[O&D1&v2&H0&+0&!R:4]>>[C&D2&v4&H2&+0&!R&z2:1]-[O&D1&v2&H1&+0&!R:3].[O&D1&v2&H0&+0&!R:4]=[C&D2&v4&H1&+0&!R&z2:2]	Any;Any
701_0	Any;Any;Any	([C&D2&v4&H1&+0&!R&z1:1]=[O&D1&v2&H0&+0&!R:2].[C&D2&v4&H1&+0&!R&z1:3]=[O&D1&v2&H0&+0&!R:4]).[C&D3&v4&H0&+0&!R&z1:5]=[O&D1&v2&H0&+0&!R:6].[C&D3&v4&H0&+0&!R&z1:7]=[O&D1&v2&H0&+0&!R:8]>>([C&D2&v4&H1&+0&!R&z0:1]=[C&D3&v4&H0&+0&!R&z0:5].[C&D2&v4&H1&+0&!R&z0:3]=[C&D3&v4&H0&+0&!R&z0:7]).[O&D1&v2&H0&+0&!R:2]=[O&D1&v2&H0&+0&!R:4].[O&D1&v2&H0&+0&!R:6]=[O&D1&v2&H0&+0&!R:8]	Any;O2;O2
559_0	Any;PPI	[C&D1&v4&H2&+0&!R&z0:1]=[C&D2&v4&H1&+0&!R&z0:2]-[C&D4&v4&H0&+0&R&z0:3]-[C&D2&v4&H2&+0&R&z0:4]-[C&D3&v4&H0&+0&R&z0:5]=[C&D2&v4&H1&+0&R&z0:6].[O&D1&v2&H1&+0&!R:7]>>([C&D1&v4&H2&+0&!R&z0:4]=[C&D3&v4&H0&+0&R&z0:5]-[C&D2&v4&H2&+0&R&z0:6].[C&D3&v4&H0&+0&!R&z0:3]=[C&D2&v4&H1&+0&!R&z0:2]-[C&D2&v4&H2&+0&!R&z1:1]-[O&D2&v2&H0&+0&!R:7])	Any
459_0	Any	[C&D1&v4&H2&+0&!R&z0:1]=[C&D3&v4&H0&+0&!R&z0:2]-[C&D3&v4&H1&+0&R&z0:3]-[C&D3&v4&H1&+0&R&z0:4]-[C&D4&v4&H0&+0&R&z0:5]-[C&D3&v4&H1&+0&R&z0:6]-[C&D4&v4&H0&+0&R&z0:7]-[C&D4&v4&H0&+0&R&z0:8]-[C&D3&v4&H1&+0&R&z0:9]-[C&D4&v4&H0&+0&R&z0:10]-[C&D3&v4&H1&+0&R&z0:11]-[C&D4&v4&H0&+0&R&z0:12]-[C&D2&v4&H2&+0&R&z0:13]>>([C&D2&v4&H1&+0&!R&z0:6]=[C&D3&v4&H0&+0&!R&z0:7].[C&D2&v4&H1&+0&!R&z0:4]=[C&D3&v4&H0&+0&!R&z0:5].[C&D2&v4&H1&+0&!R&z0:3]=[C&D3&v4&H0&+0&!R&z0:2]-[C&D1&v4&H3&+0&!R&z0:1].[C&D3&v4&H0&+0&!R&z0:12]=[C&D2&v4&H1&+0&!R&z0:13].[C&D3&v4&H0&+0&!R&z0:10]=[C&D2&v4&H1&+0&!R&z0:11].[C&D3&v4&H0&+0&!R&z0:8]=[C&D2&v4&H1&+0&!R&z0:9])	Any
943_0	Any	([C&D2&v4&H2&+0&!R&z1:1]-[O&D2&v2&H0&+0&!R:2].[C&D3&v4&H0&+0&!R&z0:3](-[C&D1&v4&H3&+0&!R&z0:4])=[C&D2&v4&H1&+0&!R&z0:5].[C&D3&v4&H0&+0&!R&z0:6]=[C&D2&v4&H1&+0&!R&z0:7])>>[C&D1&v4&H2&+0&!R&z0:4]=[C&D3&v4&H0&+0&R&z0:3]-[C&D3&v4&H1&+0&R&z0:5]-[C&D3&v4&H1&+0&R&z0:1]-[C&D4&v4&H0&+0&R&z0:6]-[C&D2&v4&H2&+0&R&z0:7].[O&D1&v2&H1&+0&!R:2]	Any;PPI
517_0	Any;WATER	([C&D1&v4&H2&+0&!R&z0:1]=[C&D3&v4&H0&+0&R&z0:2].[C&D3&v4&H0&+0&!R&z0:3](-[C&D1&v4&H3&+0&!R&z0:4])=[C&D2&v4&H1&+0&!R&z0:5]-[C&D2&v4&H2&+0&!R&z1:6]-[O&D2&v2&H0&+0&!R:7]).[O&D0&v2&H2&+0&!R:8]>>[C&D4&v4&H0&+0&R&z0:2]1-[C&D2&v4&H2&+0&R&z0:4]-[C&D3&v4&H1&+0&R&z0:3]-[C&D4&v4&H0&+0&R&z1:5](-[C&D1&v4&H3&+0&!R&z0:6])(-[O&D1&v2&H1&+0&!R:8])-[C&D2&v4&H2&+0&R&z0:1]-1.[O&D1&v2&H1&+0&!R:7]	Any;PPI
912_0	Any;Any;Any	[S&D1&v2&H1&+0&!R:1].[S&D1&v2&H1&+0&!R:2].[c&D3&v4&H0&+0&R&z1:3]1:[n&D2&v3&H0&+0&R:4]:[c&D3&v4&H0&+0&R&z1:5]:[c&D3&v4&H0&+0&R&z1:6]:[n&D2&v3&H0&+0&R:7]:[c&D3&v4&H0&+0&R&z1:8]:1>>[S&D2&v2&H0&+0&!R:1]-[S&D2&v2&H0&+0&!R:2].[c&D3&v4&H0&+0&R&z1:3]1:[c&D3&v4&H0&+0&R&z1:8]-[N&D2&v3&H1&+0&R:7]-[c&D3&v4&H0&+0&R&z1:6]:[c&D3&v4&H0&+0&R&z1:5]-[N&D2&v3&H1&+0&R:4]-1	Any;Any
1474_0	Any;Any	[C&D2&v4&H2&+0&!R&z1:1]-[O&D2&v2&H0&+0&!R:2].[n&D2&v3&H0&+0&R:3]:[c&D3&v4&H0&+0&R&z2:4]-[C&D3&v4&H0&+0&!R&z2:5]-[O&D1&v2&H1&+0&!R:6]>>[C&D2&v4&H2&+0&!R&z1:1]-[n&D3&v4&H0&+&R:3]:[c&D2&v4&H1&+0&R&z2:4].[O&D1&v2&H0&+0&!R:6]=[C&D2&v4&H0&+0&!R&z2:5].[O&D1&v2&H1&+0&!R:2]	Any;CO2;PPI
539_0	Any;WATER	[C&D1&v4&H2&+0&!R&z0:1]=[C&D2&v4&H1&+0&!R&z0:2].[O&D0&v2&H2&+0&!R:3]>>[C&D2&v4&H2&+0&!R&z0:2]-[C&D2&v4&H2&+0&!R&z1:1]-[O&D1&v2&H1&+0&!R:3]	Any
1275_0	Any;WATER	[C&D2&v4&H1&+0&!R&z0:1]-[C&D2&v4&H1&+0&!R&z0:2]=[C&D2&v4&H1&+0&!R&z0:3].[O&D0&v2&H2&+0&!R:4]>>[C&D2&v4&H1&+0&!R&z0:1]-[C&D2&v4&H2&+0&!R&z0:2]-[C&D3&v4&H1&+0&!R&z1:3]-[O&D1&v2&H1&+0&!R:4]	Any
762_0	Any;Any	[C&D3&v4&H0&+0&!R&z2:1](=[O&D1&v2&H0&+0&!R:2])-[N&D2&v3&H1&+0&!R:3]-[C&D2&v4&H1&+0&!R&z1:4]=[C&D3&v4&H0&+0&!R&z0:5]-[C&D2&v4&H2&+0&!R&z0:6]-[C&D3&v4&H0&+0&!R&z2:7]=[O&D1&v2&H0&+0&!R:8].[c&D3&v4&H0&+0&R&z0:9]1:[c&D2&v4&H1&+0&R&z0:10]:[c&D2&v4&H1&+0&R&z0:11]:[c&D2&v4&H1&+0&R&z1:12]:[n&D3&v4&H0&+&R:13]:[c&D2&v4&H1&+0&R&z1:14]:1>>[C&D3&v4&H0&+0&R&z0:9]1=[C&D2&v4&H1&+0&R&z1:14]-[N&D3&v3&H0&+0&R:13]-[C&D2&v4&H1&+0&R&z1:12]=[C&D2&v4&H1&+0&R&z0:11]-[C&D2&v4&H2&+0&R&z0:10]-1.[O&D1&v2&H0&+0&!R:8]=[O&D1&v2&H0&+0&!R:2].[c&D3&v4&H0&+0&R&z1:1]1:[n&D2&v3&H0&+0&R:3]:[c&D2&v4&H1&+0&R&z1:4]:[c&D3&v4&H0&+0&R&z0:5]:[c&D2&v4&H1&+0&R&z0:6]:[c&D3&v4&H0&+0&R&z1:7]:1	Any;O2;Any
762_1	Any;NAD_CoF	[C&D3&v4&H0&+0&!R&z2:1](=[O&D1&v2&H0&+0&!R:2])-[N&D2&v3&H1&+0&!R:3]-[C&D2&v4&H1&+0&!R&z1:4]=[C&D3&v4&H0&+0&!R&z0:5]-[C&D2&v4&H2&+0&!R&z0:6]-[C&D3&v4&H0&+0&!R&z2:7]=[O&D1&v2&H0&+0&!R:8].[c&D3&v4&H0&+0&R&z0:9]1:[c&D2&v4&H1&+0&R&z0:10]:[c&D2&v4&H1&+0&R&z0:11]:[c&D2&v4&H1&+0&R&z1:12]:[n&D3&v4&H0&+&R:13]:[c&D2&v4&H1&+0&R&z1:14]:1>>[C&D3&v4&H0&+0&R&z0:9]1=[C&D2&v4&H1&+0&R&z1:14]-[N&D3&v3&H0&+0&R:13]-[C&D2&v4&H1&+0&R&z1:12]=[C&D2&v4&H1&+0&R&z0:11]-[C&D2&v4&H2&+0&R&z0:10]-1.[O&D1&v2&H0&+0&!R:8]=[O&D1&v2&H0&+0&!R:2].[c&D3&v4&H0&+0&R&z1:1]1:[n&D2&v3&H0&+0&R:3]:[c&D2&v4&H1&+0&R&z1:4]:[c&D3&v4&H0&+0&R&z0:5]:[c&D2&v4&H1&+0&R&z0:6]:[c&D3&v4&H0&+0&R&z1:7]:1	NADH_CoF;O2;Any
1968_0	Any;H2O2	[C&D2&v4&H1&+0&R&z1:1]=[N&D2&v3&H0&+0&R:2].[O&D1&v2&H1&+0&!R:3]-[O&D1&v2&H1&+0&!R:4]>>[C&D2&v4&H2&+0&R&z1:1]-[N&D2&v3&H1&+0&R:2].[O&D1&v2&H0&+0&!R:3]=[O&D1&v2&H0&+0&!R:4]	Any;O2
1479_0	Any;NH3	[C&D2&v4&H2&+0&!R&z1:1]-[O&D1&v2&H1&+0&!R:2].[N&D0&v3&H3&+0&!R:3]>>[C&D2&v4&H2&+0&!R&z1:1]-[N&D1&v3&H2&+0&!R:3].[O&D0&v2&H2&+0&!R:2]	Any;WATER
1418_0	Any;Any	[C&D1&v4&H3&+0&!R&z1:1]-[N&D4&v4&H0&+&!R:2].[S&D1&v2&H1&+0&!R:3]>>[C&D1&v4&H3&+0&!R&z1:1]-[S&D2&v2&H0&+0&!R:3].[N&D3&v3&H0&+0&!R:2]	Any;Any
1716_0	Any;Any	[S&D1&v2&H1&+0&!R:1].[S&D2&v2&H0&+0&!R:2]-[c&D3&v4&H0&+0&R&z1:3]>>[S&D2&v2&H0&+0&!R:1]-[S&D2&v2&H0&+0&!R:2].[c&D2&v4&H1&+0&R&z0:3]	Any;Any
34_0	Any;CO2;Any	[C&D3&v4&H0&+0&!R&z2:1]-[C&D2&v4&H2&+0&!R&z0:2].[O&D1&v2&H0&+0&!R:3]=[C&D2&v4&H0&+0&!R&z2:4].[S&D1&v2&H1&+0&!R:5]>>[C&D2&v4&H2&+0&!R&z0:2]-[C&D3&v4&H0&+0&!R&z2:4]-[O&D1&v2&H1&+0&!R:3].[C&D3&v4&H0&+0&!R&z3:1]-[S&D2&v2&H0&+0&!R:5]	Any;Any
34_1	Any;CO2;CoA	[C&D3&v4&H0&+0&!R&z2:1]-[C&D2&v4&H2&+0&!R&z0:2].[O&D1&v2&H0&+0&!R:3]=[C&D2&v4&H0&+0&!R&z2:4].[S&D1&v2&H1&+0&!R:5]>>[C&D2&v4&H2&+0&!R&z0:2]-[C&D3&v4&H0&+0&!R&z2:4]-[O&D1&v2&H1&+0&!R:3].[C&D3&v4&H0&+0&!R&z3:1]-[S&D2&v2&H0&+0&!R:5]	Any;Any
2006_0	Any	[C&D4&v4&H0&+0&!R&z1:1](-[O&D1&v2&H1&+0&!R:2])-[C&D2&v4&H2&+0&!R&z1:3]>>[C&D3&v4&H0&+0&!R&z0:1]=[C&D2&v4&H1&+0&!R&z1:3].[O&D0&v2&H2&+0&!R:2]	Any;WATER
498_0	Any;WATER	[C&D1&v4&H2&+0&!R&z0:1]=[C&D3&v4&H0&+0&!R&z1:2]-[O&D2&v2&H0&+0&!R:3]-[P&D4&v5&H0&+0&!R:4].[O&D0&v2&H2&+0&!R:5]>>[C&D1&v4&H3&+0&!R&z0:1]-[C&D3&v4&H0&+0&!R&z1:2]=[O&D1&v2&H0&+0&!R:3].[P&D4&v5&H0&+0&!R:4]-[O&D1&v2&H1&+0&!R:5]	Any;Pi
509_0	Any;PPI	[C&D1&v4&H2&+0&!R&z0:1]=[C&D3&v4&H0&+0&R&z0:2]1-[C&D3&v4&H1&+0&R&z0:3]-[C&D2&v4&H2&+0&R&z0:4]-[C&D2&v4&H2&+0&R&z0:5]-[C&D3&v4&H1&+0&R&z0:6]-[C&D4&v4&H0&+0&R&z0:7]-1.[O&D1&v2&H1&+0&!R:8]>>([C&D3&v4&H0&+0&!R&z0:6](-[C&D1&v4&H3&+0&!R&z0:1])=[C&D2&v4&H1&+0&!R&z0:5]-[C&D2&v4&H2&+0&!R&z1:4]-[O&D2&v2&H0&+0&!R:8].[C&D3&v4&H0&+0&!R&z0:7]=[C&D2&v4&H1&+0&!R&z0:2]-[C&D2&v4&H2&+0&!R&z0:3])	Any
551_0	Any	[C&D1&v4&H2&+0&!R&z0:1]=[C&D2&v4&H1&+0&!R&z0:2]-[C&D4&v4&H0&+0&!R&z1:3]-[O&D1&v2&H1&+0&!R:4]>>[C&D3&v4&H0&+0&!R&z0:3]=[C&D2&v4&H1&+0&!R&z0:2]-[C&D2&v4&H2&+0&!R&z1:1]-[O&D1&v2&H1&+0&!R:4]	Any
1507_0	Any;NH3;Pi	[C&D2&v4&H2&+0&!R&z0:1]-[C&D2&v4&H1&+0&!R&z1:2]=[O&D1&v2&H0&+0&!R:3].[N&D0&v3&H3&+0&!R:4].[O&D1&v2&H1&+0&!R:5]>>[N&D1&v3&H2&+0&!R:4]-[C&D2&v4&H2&+0&!R&z1:2]-[C&D3&v4&H1&+0&!R&z1:1]-[O&D2&v2&H0&+0&!R:5].[O&D0&v2&H2&+0&!R:3]	Any;WATER
536_0	Any;WATER	[C&D2&v4&H1&+0&!R&z0:1]-[C&D3&v4&H0&+0&!R&z0:2]=[C&D1&v4&H2&+0&!R&z0:3].[O&D0&v2&H2&+0&!R:4]>>[C&D2&v4&H1&+0&!R&z0:1]-[C&D4&v4&H0&+0&!R&z1:2](-[C&D1&v4&H3&+0&!R&z0:3])-[O&D1&v2&H1&+0&!R:4]	Any
388_0	Any;Any	[S&D2&v2&H0&+0&!R:1].[c&D3&v4&H0&+0&R&z1:2]-[C&D2&v4&H2&+0&!R&z0:3]>>[S&D3&v3&H0&+&!R:1]-[C&D2&v4&H2&+0&!R&z1:3].[c&D2&v4&H1&+0&R&z1:2]	Any;Any
1128_0	Any	[C&D4&v4&H0&+0&R&z0:1](-[C&D2&v4&H2&+0&R&z0:2])-[C&D2&v4&H2&+0&R&z0:3]-[C&D4&v4&H0&+0&R&z1:4]-[O&D1&v2&H1&+0&!R:5]>>([C&D1&v4&H2&+0&!R&z0:3]=[C&D3&v4&H0&+0&R&z0:4].[C&D2&v4&H1&+0&R&z0:2]=[C&D3&v4&H0&+0&R&z0:1]).[O&D0&v2&H2&+0&!R:5]	Any;WATER
586_0	Any;WATER	[C&D3&v4&H1&+0&R&z0:1]-[C&D3&v4&H0&+0&!R&z2:2]-[O&D2&v2&H0&+0&!R:3].[O&D0&v2&H2&+0&!R:4]>>[C&D2&v4&H2&+0&R&z0:1].[O&D1&v2&H0&+0&!R:4]=[C&D2&v4&H0&+0&!R&z2:2].[O&D1&v2&H1&+0&!R:3]	Any;CO2;Any
1179_0	Any;CO2;Any	[C&D3&v4&H1&+0&R&z0:1].[O&D1&v2&H0&+0&!R:2]=[C&D2&v4&H0&+0&!R&z2:3]=[O&D1&v2&H0&+0&!R:4].[O&D1&v2&H1&+0&!R:5]>>[C&D4&v4&H0&+0&R&z0:1]-[C&D3&v4&H0&+0&!R&z2:3](=[O&D1&v2&H0&+0&!R:4])-[O&D2&v2&H0&+0&!R:5].[O&D0&v2&H2&+0&!R:2]	Any;WATER
1193_0	Any;NH3;Pi	[C&D1&v4&H3&+0&!R&z0:1]-[C&D2&v4&H1&+0&!R&z1:2]=[O&D1&v2&H0&+0&!R:3].[N&D0&v3&H3&+0&!R:4].[O&D1&v2&H1&+0&!R:5]>>[N&D1&v3&H2&+0&!R:4]-[C&D2&v4&H2&+0&!R&z1:2]-[C&D2&v4&H2&+0&!R&z1:1]-[O&D2&v2&H0&+0&!R:5].[O&D0&v2&H2&+0&!R:3]	Any;WATER
830_0	Any;Any	[C&D4&v4&H0&+0&!R&z0:1]-[C&D2&v4&H2&+0&!R&z1:2]-[O&D1&v2&H1&+0&!R:3].([N&D2&v3&H1&+0&!R:4].[N&D2&v3&H1&+0&R:5])>>[C&D3&v4&H1&+0&!R&z0:1].[N&D3&v3&H0&+0&R:5]-[C&D2&v4&H2&+0&R&z2:2]-[N&D3&v3&H0&+0&R:4].[O&D0&v2&H2&+0&!R:3]	Any;Any;WATER
1188_0	Any	([C&D2&v4&H1&+0&!R&z0:1]=[C&D2&v4&H1&+0&!R&z0:2].[C&D2&v4&H1&+0&!R&z0:3]=[C&D2&v4&H1&+0&!R&z0:4]-[C&D2&v4&H1&+0&!R&z0:5]=[C&D2&v4&H1&+0&!R&z0:6])>>[C&D3&v4&H1&+0&R&z0:2]1-[C&D3&v4&H1&+0&R&z0:3]-[C&D2&v4&H1&+0&R&z0:4]=[C&D2&v4&H1&+0&R&z0:5]-[C&D3&v4&H1&+0&R&z0:6]-[C&D3&v4&H1&+0&R&z0:1]-1	Any
1544_0	Any;PPI	[N&D1&v3&H1&+0&!R:1]=[c&D3&v4&H0&+0&R&z2:2]:[n&D3&v3&H0&+0&R:3]-[C&D3&v4&H1&+0&R&z2:4].[O&D1&v2&H1&+0&!R:5]>>[C&D3&v4&H1&+0&R&z2:4]-[O&D2&v2&H0&+0&!R:5].[N&D1&v3&H2&+0&!R:1]-[c&D3&v4&H0&+0&R&z2:2]:[n&D2&v3&H0&+0&R:3]	Any;Any
440_0	HCN;Any	[C&D1&v4&H1&+0&!R&z1:1].[C&D3&v4&H0&+0&!R&z3:2]=[O&D1&v2&H0&+0&!R:3]>>[C&D4&v4&H0&+0&!R&z3:2](-[O&D1&v2&H1&+0&!R:3])-[C&D2&v4&H0&+0&!R&z1:1]	Any
1495_0	WATER;Any	[O&D0&v2&H2&+0&!R:1].[S&D2&v2&H0&+0&!R:2]-[O&D1&v2&H1&+0&!R:3]>>[O&D1&v2&H1&+0&!R:1]-[O&D1&v2&H1&+0&!R:3].[S&D1&v2&H1&+0&!R:2]	H2O2;Any
1609_0	Any;Any	[C&D3&v4&H0&+0&R&z0:1]1=[C&D2&v4&H1&+0&R&z1:2]-[N&D3&v3&H0&+0&R:3]-[C&D2&v4&H1&+0&R&z1:4]=[C&D2&v4&H1&+0&R&z0:5]-[C&D2&v4&H2&+0&R&z0:6]-1.[N&D1&v3&H2&+0&!R:7]-[c&D3&v4&H0&+0&R&z3:8]>>[N&D0&v3&H3&+0&!R:7].[c&D2&v4&H1&+0&R&z2:8].[c&D3&v4&H0&+0&R&z0:1]1:[c&D2&v4&H1&+0&R&z0:6]:[c&D2&v4&H1&+0&R&z0:5]:[c&D2&v4&H1&+0&R&z1:4]:[n&D3&v4&H0&+&R:3]:[c&D2&v4&H1&+0&R&z1:2]:1	NH3;Any;Any
1609_1	NADH_CoF;Any	[C&D3&v4&H0&+0&R&z0:1]1=[C&D2&v4&H1&+0&R&z1:2]-[N&D3&v3&H0&+0&R:3]-[C&D2&v4&H1&+0&R&z1:4]=[C&D2&v4&H1&+0&R&z0:5]-[C&D2&v4&H2&+0&R&z0:6]-1.[N&D1&v3&H2&+0&!R:7]-[c&D3&v4&H0&+0&R&z3:8]>>[N&D0&v3&H3&+0&!R:7].[c&D2&v4&H1&+0&R&z2:8].[c&D3&v4&H0&+0&R&z0:1]1:[c&D2&v4&H1&+0&R&z0:6]:[c&D2&v4&H1&+0&R&z0:5]:[c&D2&v4&H1&+0&R&z1:4]:[n&D3&v4&H0&+&R:3]:[c&D2&v4&H1&+0&R&z1:2]:1	NH3;Any;NAD_CoF
1261_0	Any;CO2	[C&D3&v4&H1&+0&!R&z0:1](-[C&D2&v4&H2&+0&!R&z0:2]-[C&D2&v4&H1&+0&!R&z1:3])-[C&D3&v4&H0&+0&!R&z1:4].[O&D1&v2&H0&+0&!R:5]=[C&D2&v4&H0&+0&!R&z2:6]>>[C&D2&v4&H1&+0&!R&z0:1]=[C&D2&v4&H1&+0&!R&z0:2]-[C&D2&v4&H1&+0&!R&z1:3].[C&D3&v4&H0&+0&!R&z1:4]-[C&D3&v4&H0&+0&!R&z2:6]-[O&D1&v2&H1&+0&!R:5]	Any;Any
1288_0	Any	[C&D2&v4&H1&+0&!R&z0:1]-[C&D3&v4&H1&+0&!R&z1:2](-[O&D1&v2&H1&+0&!R:3])-[C&D2&v4&H2&+0&!R&z0:4]>>[C&D2&v4&H1&+0&!R&z0:1]-[C&D2&v4&H1&+0&!R&z0:2]=[C&D2&v4&H1&+0&!R&z0:4].[O&D0&v2&H2&+0&!R:3]	Any;WATER
603_0	Any;WATER;Any	[C&D1&v4&H2&+0&!R&z1:1].[O&D0&v2&H2&+0&!R:2].[c&D3&v4&H0&+0&R&z0:3]1:[c&D2&v4&H1&+0&R&z0:4]:[c&D2&v4&H1&+0&R&z0:5]:[c&D2&v4&H1&+0&R&z1:6]:[n&D3&v4&H0&+&R:7]:[c&D2&v4&H1&+0&R&z1:8]:1>>[C&D2&v4&H1&+0&!R&z2:1]-[O&D1&v2&H1&+0&!R:2].[C&D3&v4&H0&+0&R&z0:3]1=[C&D2&v4&H1&+0&R&z1:8]-[N&D3&v3&H0&+0&R:7]-[C&D2&v4&H1&+0&R&z1:6]=[C&D2&v4&H1&+0&R&z0:5]-[C&D2&v4&H2&+0&R&z0:4]-1	Any;Any
603_1	Any;WATER;NAD_CoF	[C&D1&v4&H2&+0&!R&z1:1].[O&D0&v2&H2&+0&!R:2].[c&D3&v4&H0&+0&R&z0:3]1:[c&D2&v4&H1&+0&R&z0:4]:[c&D2&v4&H1&+0&R&z0:5]:[c&D2&v4&H1&+0&R&z1:6]:[n&D3&v4&H0&+&R:7]:[c&D2&v4&H1&+0&R&z1:8]:1>>[C&D2&v4&H1&+0&!R&z2:1]-[O&D1&v2&H1&+0&!R:2].[C&D3&v4&H0&+0&R&z0:3]1=[C&D2&v4&H1&+0&R&z1:8]-[N&D3&v3&H0&+0&R:7]-[C&D2&v4&H1&+0&R&z1:6]=[C&D2&v4&H1&+0&R&z0:5]-[C&D2&v4&H2&+0&R&z0:4]-1	Any;NADH_CoF
357_0	Any;Any	[S&D3&v3&H0&+&!R:1]-[C&D2&v4&H2&+0&!R&z1:2].[c&D2&v4&H1&+0&R&z2:3]>>[S&D2&v2&H0&+0&!R:1].[c&D3&v4&H0&+0&R&z2:3]-[C&D2&v4&H2&+0&!R&z0:2]	Any;Any
718_0	Any;Any;Any	[C&D2&v4&H2&+0&!R&z0:1]-[C&D3&v4&H0&+0&!R&z2:2]-[O&D1&v2&H1&+0&!R:3].[S&D1&v2&H1&+0&!R:4].[c&D3&v4&H0&+0&R&z0:5]1:[c&D2&v4&H1&+0&R&z0:6]:[c&D2&v4&H1&+0&R&z0:7]:[c&D2&v4&H1&+0&R&z1:8]:[n&D3&v4&H0&+&R:9]:[c&D2&v4&H1&+0&R&z1:10]:1>>[C&D2&v4&H2&+0&!R&z1:1]-[S&D2&v2&H0&+0&!R:4].[C&D3&v4&H0&+0&R&z0:5]1=[C&D2&v4&H1&+0&R&z1:10]-[N&D3&v3&H0&+0&R:9]-[C&D2&v4&H1&+0&R&z1:8]=[C&D2&v4&H1&+0&R&z0:7]-[C&D2&v4&H2&+0&R&z0:6]-1.[O&D1&v2&H0&+0&!R:3]=[C&D2&v4&H0&+0&!R&z2:2]	Any;Any;CO2
718_1	Any;Any;NAD_CoF	[C&D2&v4&H2&+0&!R&z0:1]-[C&D3&v4&H0&+0&!R&z2:2]-[O&D1&v2&H1&+0&!R:3].[S&D1&v2&H1&+0&!R:4].[c&D3&v4&H0&+0&R&z0:5]1:[c&D2&v4&H1&+0&R&z0:6]:[c&D2&v4&H1&+0&R&z0:7]:[c&D2&v4&H1&+0&R&z1:8]:[n&D3&v4&H0&+&R:9]:[c&D2&v4&H1&+0&R&z1:10]:1>>[C&D2&v4&H2&+0&!R&z1:1]-[S&D2&v2&H0&+0&!R:4].[C&D3&v4&H0&+0&R&z0:5]1=[C&D2&v4&H1&+0&R&z1:10]-[N&D3&v3&H0&+0&R:9]-[C&D2&v4&H1&+0&R&z1:8]=[C&D2&v4&H1&+0&R&z0:7]-[C&D2&v4&H2&+0&R&z0:6]-1.[O&D1&v2&H0&+0&!R:3]=[C&D2&v4&H0&+0&!R&z2:2]	Any;NADH_CoF;CO2
1036_0	Any;WATER	[N&D2&v3&H1&+0&!R:1]-[c&D3&v4&H0&+0&R&z3:2].[O&D0&v2&H2&+0&!R:3]>>[N&D1&v3&H2&+0&!R:1].[O&D1&v2&H1&+0&!R:3]-[c&D3&v4&H0&+0&R&z3:2]	Any;Any
1873_0	Any;Any;WATER;CO2	[C&D3&v4&H0&+0&!R&z2:1]-[O&D1&v2&H1&+0&!R:2].[C&D3&v4&H0&+0&R&z1:3]=[C&D2&v4&H1&+0&R&z0:4].[O&D0&v2&H2&+0&!R:5].[O&D1&v2&H0&+0&!R:6]=[C&D2&v4&H0&+0&!R&z2:7]>>[C&D3&v4&H0&+0&!R&z1:1]-[C&D3&v4&H0&+0&!R&z2:7]-[O&D1&v2&H1&+0&!R:6].[C&D3&v4&H1&+0&R&z1:3]-[C&D2&v4&H2&+0&R&z0:4].[O&D1&v2&H0&+0&!R:2]=[O&D1&v2&H0&+0&!R:5]	Any;Any;O2
965_0	Any;Any	[C&D2&v4&H1&+0&R&z0:1].[C&D3&v4&H0&+0&!R&z0:2]=[C&D2&v4&H1&+0&!R&z0:3]-[C&D2&v4&H2&+0&!R&z1:4]-[O&D2&v2&H0&+0&!R:5]>>[C&D1&v4&H2&+0&!R&z0:4]=[C&D2&v4&H1&+0&!R&z0:3]-[C&D4&v4&H0&+0&!R&z0:2]-[C&D3&v4&H0&+0&R&z0:1].[O&D1&v2&H1&+0&!R:5]	Any;PPI
130_0	Any	[C&D3&v4&H1&+0&!R&z2:1]-[O&D2&v2&H0&+0&!R:2]-[O&D1&v2&H1&+0&!R:3]>>[C&D2&v4&H2&+0&!R&z1:1].[O&D1&v2&H0&+0&!R:2]=[O&D1&v2&H0&+0&!R:3]	Any;O2
1635_0	Any;CO2	[C&D3&v4&H1&+0&R&z2:1](-[N&D2&v3&H1&+0&R:2])-[C&D3&v4&H0&+0&R&z2:3]=[O&D1&v2&H0&+0&!R:4].[O&D1&v2&H0&+0&!R:5]=[C&D2&v4&H0&+0&!R&z2:6]>>[C&D3&v4&H0&+0&R&z2:1](=[N&D2&v3&H0&+0&R:2])-[C&D4&v4&H0&+0&R&z2:3](-[O&D1&v2&H1&+0&!R:4])-[C&D3&v4&H0&+0&!R&z2:6]-[O&D1&v2&H1&+0&!R:5]	Any
1411_0	Any;Any	[C&D1&v4&H3&+0&!R&z1:1]-[#34:2].[S&D2&v2&H0&+0&!R:3]>>[#34&H1:2].[C&D1&v4&H3&+0&!R&z1:1]-[S&D3&v3&H0&+&!R:3]	Any;Any
1411_1	Any;METHYL_ACCEPTOR_CoF	[C&D1&v4&H3&+0&!R&z1:1]-[#34:2].[S&D2&v2&H0&+0&!R:3]>>[#34&H1:2].[C&D1&v4&H3&+0&!R&z1:1]-[S&D3&v3&H0&+&!R:3]	Any;METHYL_DONOR_CoF
1964_0	Any;H2O2	[C&D3&v4&H0&+0&R&z1:1]=[N&D2&v3&H0&+0&R:2].[O&D1&v2&H1&+0&!R:3]-[O&D1&v2&H1&+0&!R:4]>>[C&D3&v4&H1&+0&R&z1:1]-[N&D2&v3&H1&+0&R:2].[O&D1&v2&H0&+0&!R:3]=[O&D1&v2&H0&+0&!R:4]	Any;O2
1976_0	Any	[C&D3&v4&H0&+0&!R&z0:1]-[C&D2&v4&H1&+0&!R&z0:2]=[C&D3&v4&H0&+0&!R&z1:3]-[O&D1&v2&H1&+0&!R:4]>>[C&D3&v4&H0&+0&!R&z0:1]-[C&D2&v4&H2&+0&!R&z0:2]-[C&D3&v4&H0&+0&!R&z1:3]=[O&D1&v2&H0&+0&!R:4]	Any
1407_0	Any;Any	[C&D4&v4&H0&+0&R&z1:1]-[C&D2&v4&H2&+0&R&z0:2].[S&D2&v2&H0&+0&!R:3]>>([C&D3&v4&H1&+0&!R&z1:1].[S&D3&v3&H0&+&!R:3]-[C&D2&v4&H2&+0&!R&z1:2])	Any
1108_0	Any;Any	[C&D1&v4&H3&+0&!R&z1:1]-[S&D2&v2&H0&+0&!R:2].[S&D1&v2&H1&+0&!R:3]>>[C&D0&v4&H4&+0&!R&z0:1].[S&D2&v2&H0&+0&!R:3]-[S&D2&v2&H0&+0&!R:2]	Any;Any
2136_0	Any	[C&D4&v4&H0&+0&!R&z3:1](-[O&D1&v2&H1&+0&!R:2])-[C&D2&v4&H0&+0&!R&z1:3]>>[C&D1&v4&H1&+0&!R&z1:3].[C&D3&v4&H0&+0&!R&z3:1]=[O&D1&v2&H0&+0&!R:2]	HCN;Any
1541_0	Any;Any	[N&D1&v3&H1&+0&!R:1]=[C&D2&v4&H1&+0&!R&z2:2]-[N&D2&v3&H1&+0&!R:3].[N&D2&v3&H1&+0&R:4]>>[N&D1&v3&H1&+0&!R:1]=[C&D2&v4&H1&+0&!R&z2:2]-[N&D3&v3&H0&+0&R:4].[N&D1&v3&H2&+0&!R:3]	Any;Any
1333_0	Any;H2O2	[C&D2&v4&H1&+0&R&z0:1]=[C&D3&v4&H0&+0&R&z1:2].[O&D1&v2&H1&+0&!R:3]-[O&D1&v2&H1&+0&!R:4]>>[C&D2&v4&H2&+0&R&z0:1]-[C&D3&v4&H1&+0&R&z1:2].[O&D1&v2&H0&+0&!R:3]=[O&D1&v2&H0&+0&!R:4]	Any;O2
886_0	Any;Any	[C&D3&v4&H0&+0&!R&z0:1]=[C&D3&v4&H0&+0&R&z0:2].[C&D3&v4&H0&+0&R&z0:3]1=[C&D2&v4&H1&+0&R&z1:4]-[N&D3&v3&H0&+0&R:5]-[C&D2&v4&H1&+0&R&z1:6]=[C&D2&v4&H1&+0&R&z0:7]-[C&D2&v4&H2&+0&R&z0:8]-1>>[C&D3&v4&H1&+0&R&z0:2]-[C&D3&v4&H1&+0&!R&z0:1].[c&D3&v4&H0&+0&R&z0:3]1:[c&D2&v4&H1&+0&R&z0:8]:[c&D2&v4&H1&+0&R&z0:7]:[c&D2&v4&H1&+0&R&z1:6]:[n&D3&v4&H0&+&R:5]:[c&D2&v4&H1&+0&R&z1:4]:1	Any;Any
886_1	Any;NADH_CoF	[C&D3&v4&H0&+0&!R&z0:1]=[C&D3&v4&H0&+0&R&z0:2].[C&D3&v4&H0&+0&R&z0:3]1=[C&D2&v4&H1&+0&R&z1:4]-[N&D3&v3&H0&+0&R:5]-[C&D2&v4&H1&+0&R&z1:6]=[C&D2&v4&H1&+0&R&z0:7]-[C&D2&v4&H2&+0&R&z0:8]-1>>[C&D3&v4&H1&+0&R&z0:2]-[C&D3&v4&H1&+0&!R&z0:1].[c&D3&v4&H0&+0&R&z0:3]1:[c&D2&v4&H1&+0&R&z0:8]:[c&D2&v4&H1&+0&R&z0:7]:[c&D2&v4&H1&+0&R&z1:6]:[n&D3&v4&H0&+&R:5]:[c&D2&v4&H1&+0&R&z1:4]:1	Any;NAD_CoF
180_0	Any;Any	[C&D1&v4&H3&+0&!R&z1:1]-[S&D3&v3&H0&+&!R:2].[C&D2&v4&H1&+0&!R&z1:3]=[C&D2&v4&H1&+0&!R&z0:4]-[C&D2&v4&H2&+0&!R&z0:5]-[C&D2&v4&H2&+0&!R&z0:6]-[C&D2&v4&H2&+0&!R&z0:7]>>[C&D2&v4&H2&+0&!R&z0:7]-[C&D2&v4&H2&+0&!R&z0:1]-[C&D2&v4&H2&+0&!R&z0:6]-[C&D3&v4&H1&+0&R&z0:5]1-[C&D2&v4&H2&+0&R&z0:4]-[C&D3&v4&H1&+0&R&z1:3]-1.[S&D2&v2&H0&+0&!R:2]	Any;Any
180_1	METHYL_DONOR_CoF;Any	[C&D1&v4&H3&+0&!R&z1:1]-[S&D3&v3&H0&+&!R:2].[C&D2&v4&H1&+0&!R&z1:3]=[C&D2&v4&H1&+0&!R&z0:4]-[C&D2&v4&H2&+0&!R&z0:5]-[C&D2&v4&H2&+0&!R&z0:6]-[C&D2&v4&H2&+0&!R&z0:7]>>[C&D2&v4&H2&+0&!R&z0:7]-[C&D2&v4&H2&+0&!R&z0:1]-[C&D2&v4&H2&+0&!R&z0:6]-[C&D3&v4&H1&+0&R&z0:5]1-[C&D2&v4&H2&+0&R&z0:4]-[C&D3&v4&H1&+0&R&z1:3]-1.[S&D2&v2&H0&+0&!R:2]	Any;METHYL_ACCEPTOR_CoF
1334_0	Any;O2	[C&D2&v4&H2&+0&R&z0:1]-[C&D3&v4&H1&+0&R&z1:2].[O&D1&v2&H0&+0&!R:3]=[O&D1&v2&H0&+0&!R:4]>>[C&D2&v4&H1&+0&R&z0:1]=[C&D3&v4&H0&+0&R&z1:2].[O&D1&v2&H1&+0&!R:3]-[O&D1&v2&H1&+0&!R:4]	Any;H2O2
948_0	Any	([C&D2&v4&H2&+0&!R&z0:1]-[C&D3&v4&H0&+0&!R&z0:2]=[C&D2&v4&H1&+0&!R&z0:3]-[C&D2&v4&H2&+0&!R&z1:4]-[O&D2&v2&H0&+0&!R:5].[C&D3&v4&H0&+0&!R&z0:6]=[C&D2&v4&H1&+0&!R&z0:7])>>[C&D3&v4&H1&+0&!R&z0:6]-[C&D3&v4&H1&+0&R&z0:7]-[C&D2&v4&H1&+0&R&z0:4]=[C&D2&v4&H1&+0&R&z0:3]-[C&D3&v4&H0&+0&R&z0:2]=[C&D2&v4&H1&+0&R&z0:1].[O&D1&v2&H1&+0&!R:5]	Any;PPI
1823_0	WATER;Any	[O&D0&v2&H2&+0&!R:1].([P&D4&v5&H0&+0&!R:2]-[O&D2&v2&H0&+0&!R:3]-[P&D4&v5&H0&+0&!R:4]-[O&D1&v2&H1&+0&!R:5].[c&D3&v4&H0&+0&R&z2:6]1:[c&D3&v4&H0&+0&R&z1:7]:[n&D2&v3&H0&+0&R:8]:[c&D2&v4&H1&+0&R&z2:9]:[n&D3&v3&H0&+0&R:10]:1-[C&D3&v4&H1&+0&R&z2:11](-[O&D2&v2&H0&+0&R:12])-[C&D3&v4&H1&+0&R&z1:13]-[O&D1&v2&H1&+0&!R:14])>>[O&D1&v2&H0&+0&!R:1]=[C&D2&v4&H1&+0&!R&z2:9]-[O&D1&v2&H1&+0&!R:5].[P&D4&v5&H0&+0&!R:4](-[O&D1&v2&H1&+0&!R:3])-[O&D1&v2&H1&+0&!R:14].([P&D4&v5&H0&+0&R:2]-[O&D2&v2&H0&+0&R:12].[c&D3&v4&H0&+0&R&z2:6]1:[c&D3&v4&H0&+0&R&z1:7]-[N&D2&v3&H0&+0&R:8]=[C&D3&v4&H0&+0&R&z1:13]-[C&D2&v4&H2&+0&R&z1:11]-[N&D2&v3&H1&+0&R:10]-1)	Any;PPI;Any
1912_0	Any;WATER	[C&D3&v4&H0&+0&!R&z2:1]-[C&D2&v4&H2&+0&!R&z0:2].[O&D0&v2&H2&+0&!R:3]>>[C&D1&v4&H3&+0&!R&z0:2].[C&D3&v4&H0&+0&!R&z3:1]-[O&D1&v2&H1&+0&!R:3]	Any;Any
1414_0	Any;WATER;Any	[C&D2&v4&H2&+0&!R&z1:1]-[O&D2&v2&H0&+0&!R:2]-[P&D4&v5&H0&+0&!R:3]-[O&D2&v2&H0&+0&!R:4].[O&D0&v2&H2&+0&!R:5].[S&D2&v2&H0&+0&!R:6]>>[O&D1&v2&H1&+0&!R:4].[P&D4&v5&H0&+0&!R:3](-[O&D1&v2&H1&+0&!R:2])-[O&D1&v2&H1&+0&!R:5].[S&D3&v3&H0&+&!R:6]-[C&D2&v4&H2&+0&!R&z1:1]	PPI;Pi;Any
1988_0	Any	[O&D1&v2&H0&+0&!R:1]=[C&D3&v4&H0&+0&!R&z2:2]-[C&D2&v4&H1&+0&!R&z0:3]=[C&D2&v4&H1&+0&!R&z0:4]-[C&D3&v4&H0&+0&!R&z1:5]=[C&D3&v4&H0&+0&!R&z1:6]-[C&D3&v4&H0&+0&!R&z2:7]=[O&D1&v2&H0&+0&!R:8]>>[O&D1&v2&H0&+0&!R:1]=[O&D1&v2&H0&+0&!R:8].[c&D3&v4&H0&+0&R&z1:2]1:[c&D2&v4&H1&+0&R&z0:3]:[c&D2&v4&H1&+0&R&z0:4]:[c&D3&v4&H0&+0&R&z1:5]:[c&D3&v4&H0&+0&R&z1:6]:[c&D3&v4&H0&+0&R&z1:7]:1	O2;Any
487_0	Any;Pi	[C&D2&v4&H1&+0&R&z0:1]=[C&D3&v4&H0&+0&R&z0:2]-[C&D2&v4&H1&+0&R&z0:3]=[C&D2&v4&H1&+0&R&z0:4].[O&D1&v2&H1&+0&!R:5]>>[C&D2&v4&H2&+0&R&z0:1]-[C&D3&v4&H0&+0&R&z0:2]=[C&D2&v4&H1&+0&R&z0:3]-[C&D3&v4&H1&+0&R&z1:4]-[O&D2&v2&H0&+0&!R:5]	Any
706_0	Any;Any	[C&D3&v4&H0&+0&!R&z1:1](=[O&D1&v2&H0&+0&!R:2])-[C&D2&v4&H1&+0&!R&z1:3].[S&D1&v2&H1&+0&!R:4]>>[C&D3&v4&H1&+0&!R&z1:1](-[O&D1&v2&H1&+0&!R:2])-[C&D3&v4&H0&+0&!R&z2:3]-[S&D2&v2&H0&+0&!R:4]	Any
1040_0	Any;WATER;Any	[C&D4&v4&H0&+0&R&z1:1]-[O&D1&v2&H1&+0&!R:2].[O&D0&v2&H2&+0&!R:3].[P&D4&v5&H0&+0&!R:4]-[O&D2&v2&H0&+0&!R:5]>>[C&D4&v4&H0&+0&R&z1:1]-[O&D1&v2&H1&+0&!R:3].[O&D1&v2&H1&+0&!R:5].[P&D4&v5&H0&+0&!R:4]-[O&D1&v2&H1&+0&!R:2]	Any;Pi;Any
1040_1	Any;WATER;PHOSPHATE_DONOR_CoF	[C&D4&v4&H0&+0&R&z1:1]-[O&D1&v2&H1&+0&!R:2].[O&D0&v2&H2&+0&!R:3].[P&D4&v5&H0&+0&!R:4]-[O&D2&v2&H0&+0&!R:5]>>[C&D4&v4&H0&+0&R&z1:1]-[O&D1&v2&H1&+0&!R:3].[O&D1&v2&H1&+0&!R:5].[P&D4&v5&H0&+0&!R:4]-[O&D1&v2&H1&+0&!R:2]	Any;Pi;PHOSPHATE_ACCEPTOR_CoF
193_0	Any;H2O2	[C&D2&v4&H1&+0&!R&z2:1]=[O&D1&v2&H0&+0&!R:2].[O&D1&v2&H1&+0&!R:3]-[O&D1&v2&H1&+0&!R:4]>>[C&D2&v4&H2&+0&!R&z2:1]-[O&D1&v2&H1&+0&!R:2].[O&D1&v2&H0&+0&!R:3]=[O&D1&v2&H0&+0&!R:4]	Any;O2
1163_0	Any;Any	[C&D2&v4&H2&+0&R&z1:1]-[O&D2&v2&H0&+0&R:2].[S&D1&v2&H1&+0&!R:3]>>([C&D2&v4&H2&+0&!R&z1:1]-[S&D2&v2&H0&+0&!R:3].[O&D1&v2&H1&+0&!R:2])	Any
799_0	ACETYL-COA;WATER;Any	[C&D1&v4&H3&+0&!R&z0:1]-[C&D3&v4&H0&+0&!R&z2:2](=[O&D1&v2&H0&+0&!R:3])-[S&D2&v2&H0&+0&!R:4].[O&D0&v2&H2&+0&!R:5].[O&D1&v2&H0&+0&!R:6]=[C&D2&v4&H1&+0&!R&z1:7]>>[O&D1&v2&H0&+0&!R:3]=[C&D3&v4&H0&+0&!R&z2:2](-[O&D1&v2&H1&+0&!R:5])-[C&D2&v4&H2&+0&!R&z0:1]-[C&D3&v4&H1&+0&!R&z1:7]-[O&D1&v2&H1&+0&!R:6].[S&D1&v2&H1&+0&!R:4]	Any;CoA
977_0	Any	[C&D3&v4&H1&+0&!R&z0:1]-[C&D3&v4&H1&+0&R&z0:2]-[C&D4&v4&H0&+0&R&z0:3](-[C&D4&v4&H0&+0&R&z0:4]-[C&D3&v4&H0&+0&R&z0:5]=[C&D3&v4&H0&+0&R&z0:6]-[C&D4&v4&H0&+0&R&z0:7](-[C&D2&v4&H2&+0&R&z0:8])-[C&D3&v4&H1&+0&R&z0:9]-[C&D4&v4&H0&+0&R&z0:10](-[C&D3&v4&H1&+0&R&z1:11]-[O&D1&v2&H1&+0&!R:12])-[C&D1&v4&H3&+0&!R&z0:13])-[C&D2&v4&H2&+0&R&z0:14]>>([C&D2&v4&H1&+0&!R&z0:9]=[C&D3&v4&H0&+0&!R&z0:10]-[C&D2&v4&H2&+0&!R&z0:11].[C&D2&v4&H1&+0&!R&z0:8]=[C&D3&v4&H0&+0&!R&z0:7]-[C&D2&v4&H2&+0&!R&z0:6].[C&D3&v4&H0&+0&!R&z0:1]=[C&D2&v4&H1&+0&!R&z0:2].[C&D3&v4&H0&+0&!R&z0:4]=[C&D2&v4&H1&+0&!R&z0:5].[C&D3&v4&H1&+0&R&z1:14]1-[O&D2&v2&H0&+0&R:12]-[C&D4&v4&H0&+0&R&z1:3]-1-[C&D1&v4&H3&+0&!R&z0:13])	Any
1137_0	Any;PPI	[C&D3&v4&H0&+0&R&z0:1]1=[C&D2&v4&H1&+0&R&z0:2]-[C&D3&v4&H1&+0&R&z0:3](-[C&D3&v4&H0&+0&R&z0:4]-[C&D2&v4&H2&+0&R&z0:5]-[C&D2&v4&H2&+0&R&z0:6]-1)-[C&D4&v4&H0&+0&R&z0:7]-[C&D2&v4&H2&+0&R&z0:8].[O&D1&v2&H1&+0&!R:9]>>([C&D2&v4&H1&+0&!R&z0:4]-[C&D2&v4&H2&+0&!R&z0:3]-[C&D2&v4&H2&+0&!R&z0:2]-[C&D3&v4&H0&+0&!R&z0:1]=[C&D2&v4&H1&+0&!R&z0:6]-[C&D2&v4&H2&+0&!R&z1:5]-[O&D2&v2&H0&+0&!R:9].[C&D3&v4&H0&+0&!R&z0:7]=[C&D2&v4&H1&+0&!R&z0:8])	Any
522_0	Any	([C&D1&v4&H2&+0&!R&z0:1]=[C&D3&v4&H0&+0&R&z0:2]-[C&D2&v4&H2&+0&R&z0:3].[C&D3&v4&H0&+0&!R&z0:4]=[C&D2&v4&H1&+0&!R&z0:5]-[C&D2&v4&H2&+0&!R&z1:6]-[O&D2&v2&H0&+0&!R:7])>>[C&D1&v4&H2&+0&!R&z0:6]=[C&D2&v4&H1&+0&!R&z0:5]-[C&D4&v4&H0&+0&R&z0:4]-[C&D2&v4&H2&+0&R&z0:1]-[C&D3&v4&H0&+0&R&z0:2]=[C&D2&v4&H1&+0&R&z0:3].[O&D1&v2&H1&+0&!R:7]	Any;PPI
1151_0	Any;PPI	[C&D2&v4&H2&+0&R&z0:1]-[C&D3&v4&H1&+0&R&z0:2]1-[C&D3&v4&H1&+0&R&z0:3]-[C&D4&v4&H0&+0&R&z0:4]-1.[O&D1&v2&H1&+0&!R:5]>>([C&D2&v4&H2&+0&!R&z1:1]-[O&D2&v2&H0&+0&!R:5].[C&D3&v4&H0&+0&!R&z0:4]=[C&D2&v4&H1&+0&!R&z0:2]-[C&D2&v4&H2&+0&!R&z0:3])	Any
2012_0	Any	[C&D3&v4&H0&+0&R&z1:1]=[C&D2&v4&H1&+0&R&z0:2]-[C&D2&v4&H2&+0&R&z0:3]>>[C&D3&v4&H1&+0&R&z1:1]-[C&D2&v4&H1&+0&R&z0:2]=[C&D2&v4&H1&+0&R&z0:3]	Any
485_0	Any;Any	[C&D3&v4&H0&+0&!R&z2:1]-[O&D1&v2&H1&+0&!R:2].[C&D3&v4&H1&+0&R&z1:3]-[N&D1&v3&H2&+0&!R:4]>>[C&D3&v4&H1&+0&R&z1:3]-[O&D1&v2&H1&+0&!R:2].[N&D1&v3&H2&+0&!R:4]-[C&D3&v4&H0&+0&!R&z2:1]	Any;Any
960_0	Any	([C&D2&v4&H2&+0&!R&z1:1]-[O&D2&v2&H0&+0&!R:2].[C&D3&v4&H0&+0&!R&z0:3]=[C&D2&v4&H1&+0&!R&z0:4]-[C&D2&v4&H2&+0&!R&z0:5])>>[C&D2&v4&H2&+0&R&z0:1]-[C&D4&v4&H0&+0&R&z0:3]-[C&D2&v4&H1&+0&R&z0:4]=[C&D2&v4&H1&+0&R&z0:5].[O&D1&v2&H1&+0&!R:2]	Any;PPI
1164_0	Any;Any;Pi	[N&D2&v3&H1&+0&R:1]-[C&D3&v4&H0&+0&R&z3:2](=[O&D1&v2&H0&+0&!R:3])-[N&D2&v3&H1&+0&R:4].[O&D1&v2&H1&+0&!R:5].[P&D4&v5&H0&+0&!R:6]-[O&D1&v2&H1&+0&!R:7]>>([N&D1&v3&H2&+0&!R:1].[N&D1&v3&H2&+0&!R:4]).[O&D1&v2&H0&+0&!R:7]=[C&D2&v4&H0&+0&!R&z2:2]=[O&D1&v2&H0&+0&!R:3].[O&D2&v2&H0&+0&!R:5]-[P&D4&v5&H0&+0&!R:6]	Any;CO2;Any
1164_1	Any;PHOSPHATE_ACCEPTOR_CoF;Pi	[N&D2&v3&H1&+0&R:1]-[C&D3&v4&H0&+0&R&z3:2](=[O&D1&v2&H0&+0&!R:3])-[N&D2&v3&H1&+0&R:4].[O&D1&v2&H1&+0&!R:5].[P&D4&v5&H0&+0&!R:6]-[O&D1&v2&H1&+0&!R:7]>>([N&D1&v3&H2&+0&!R:1].[N&D1&v3&H2&+0&!R:4]).[O&D1&v2&H0&+0&!R:7]=[C&D2&v4&H0&+0&!R&z2:2]=[O&D1&v2&H0&+0&!R:3].[O&D2&v2&H0&+0&!R:5]-[P&D4&v5&H0&+0&!R:6]	Any;CO2;PHOSPHATE_DONOR_CoF
933_0	Any	([C&D3&v4&H0&+0&!R&z0:1](-[C&D1&v4&H3&+0&!R&z0:2])=[C&D2&v4&H1&+0&!R&z0:3]-[C&D2&v4&H2&+0&!R&z1:4]-[O&D2&v2&H0&+0&!R:5].[C&D3&v4&H0&+0&!R&z0:6]=[C&D2&v4&H1&+0&!R&z0:7].[C&D3&v4&H0&+0&!R&z0:8]=[C&D2&v4&H1&+0&!R&z0:9]-[C&D2&v4&H2&+0&!R&z0:10])>>[C&D1&v4&H2&+0&!R&z0:2]=[C&D3&v4&H0&+0&R&z0:9]1-[C&D3&v4&H1&+0&R&z0:10]-[C&D3&v4&H1&+0&R&z0:4](-[C&D3&v4&H1&+0&R&z0:3](-[C&D2&v4&H2&+0&R&z0:1])-[C&D4&v4&H0&+0&R&z0:8]-1)-[C&D4&v4&H0&+0&R&z0:6]-[C&D2&v4&H2&+0&R&z0:7].[O&D1&v2&H1&+0&!R:5]	Any;PPI
1643_0	Any;Pi;PPI	[C&D3&v4&H0&+0&!R&z3:1]-[O&D2&v2&H0&+0&!R:2].[O&D1&v2&H1&+0&!R:3].[P&D4&v5&H0&+0&!R:4]-[O&D1&v2&H1&+0&!R:5]>>[C&D3&v4&H0&+0&!R&z3:1]-[O&D2&v2&H0&+0&!R:3].[O&D0&v2&H2&+0&!R:5].[O&D2&v2&H0&+0&!R:2]-[P&D4&v5&H0&+0&!R:4]	Any;WATER;Any
366_0	Any;Any	[S&D2&v2&H0&+0&!R:1].[c&D3&v4&H0&+0&R&z2:2]-[C&D2&v4&H2&+0&!R&z0:3]>>[S&D3&v3&H0&+&!R:1]-[C&D2&v4&H2&+0&!R&z1:3].[c&D2&v4&H1&+0&R&z2:2]	Any;Any
652_0	Any;NH3;NH3	[C&D1&v4&H3&+0&!R&z0:1]-[C&D3&v4&H0&+0&!R&z1:2]=[O&D1&v2&H0&+0&!R:3].[N&D0&v3&H3&+0&!R:4].[N&D0&v3&H3&+0&!R:5]>>[N&D1&v3&H2&+0&!R:4]-[C&D2&v4&H2&+0&!R&z1:1]-[C&D3&v4&H1&+0&!R&z1:2]-[N&D1&v3&H2&+0&!R:5].[O&D0&v2&H2&+0&!R:3]	Any;WATER
1817_0	Any;Any	[N&D2&v3&H1&+0&!R:1]-[C&D3&v4&H1&+0&R&z1:2].[O&D1&v2&H1&+0&!R:3]>>[N&D1&v3&H2&+0&!R:1].[O&D2&v2&H0&+0&!R:3]-[C&D3&v4&H1&+0&R&z1:2]	Any;Any
1751_0	Any;WATER	[N&D1&v3&H2&+0&!R:1]-[C&D3&v4&H1&+0&R&z1:2]-[C&D3&v4&H1&+0&R&z2:3]-[O&D2&v2&H0&+0&R:4].[O&D0&v2&H2&+0&!R:5]>>[N&D0&v3&H3&+0&!R:1].[O&D2&v2&H0&+0&R:4]-[C&D4&v4&H0&+0&R&z2:2](-[O&D1&v2&H1&+0&!R:5])-[C&D2&v4&H2&+0&!R&z1:3]	NH3;Any
1464_0	Any;Any	[C&D1&v4&H3&+0&!R&z0:1].[C&D2&v4&H1&+0&!R&z0:2]=[C&D2&v4&H1&+0&!R&z0:3]>>[C&D2&v4&H2&+0&!R&z0:3]-[C&D3&v4&H1&+0&!R&z0:2]-[C&D2&v4&H2&+0&!R&z0:1]	Any
265_0	Any;Any	[C&D2&v4&H2&+0&!R&z1:1]-[C&D3&v4&H0&+0&!R&z2:2]-[O&D1&v2&H1&+0&!R:3].[S&D2&v2&H0&+0&R:4]-[S&D2&v2&H0&+0&R:5]>>[O&D1&v2&H0&+0&!R:3]=[C&D2&v4&H0&+0&!R&z2:2].([S&D1&v2&H1&+0&!R:5].[S&D2&v2&H0&+0&!R:4]-[C&D2&v4&H2&+0&!R&z2:1])	CO2;Any
682_0	Any;Any	[C&D1&v4&H3&+0&!R&z0:1].[C&D3&v4&H0&+0&!R&z3:2]-[O&D1&v2&H1&+0&!R:3]>>[C&D3&v4&H0&+0&!R&z2:2]-[C&D2&v4&H2&+0&!R&z0:1].[O&D0&v2&H2&+0&!R:3]	Any;WATER
1494_0	H2O2;Any	[O&D1&v2&H1&+0&!R:1]-[O&D1&v2&H1&+0&!R:2].[S&D1&v2&H1&+0&!R:3]>>[O&D0&v2&H2&+0&!R:1].[S&D2&v2&H0&+0&!R:3]-[O&D1&v2&H1&+0&!R:2]	WATER;Any
1102_0	Any	[C&D3&v4&H1&+0&!R&z1:1]-[C&D2&v4&H2&+0&!R&z0:2]-[C&D3&v4&H0&+0&!R&z2:3]>>[C&D1&v4&H3&+0&!R&z0:2]-[C&D4&v4&H0&+0&!R&z1:1]-[C&D3&v4&H0&+0&!R&z2:3]	Any
1172_0	Any;Any;Any	[C&D1&v4&H3&+0&!R&z0:1].[S&D2&v2&H0&+0&!R:2].[c&D3&v4&H0&+0&R&z0:3]-[C&D4&v4&H0&+0&R&z1:4]>>[S&D3&v3&H0&+&!R:2]-[C&D2&v4&H2&+0&!R&z1:1].([C&D3&v4&H1&+0&R&z1:4].[c&D2&v4&H1&+0&R&z0:3])	Any;Any
1210_0	Any;Any;O2	[C&D1&v4&H3&+0&!R&z0:1]-[C&D2&v4&H2&+0&!R&z0:2].[C&D3&v4&H0&+0&R&z0:3]1=[C&D2&v4&H1&+0&R&z1:4]-[N&D3&v3&H0&+0&R:5]-[C&D2&v4&H1&+0&R&z1:6]=[C&D2&v4&H1&+0&R&z0:7]-[C&D2&v4&H2&+0&R&z0:8]-1.[O&D1&v2&H0&+0&!R:9]=[O&D1&v2&H0&+0&!R:10]>>[C&D1&v4&H2&+0&!R&z0:1]=[C&D2&v4&H1&+0&!R&z0:2].[O&D0&v2&H2&+0&!R:10].[O&D0&v2&H2&+0&!R:9].[c&D3&v4&H0&+0&R&z0:3]1:[c&D2&v4&H1&+0&R&z0:8]:[c&D2&v4&H1&+0&R&z0:7]:[c&D2&v4&H1&+0&R&z1:6]:[n&D3&v4&H0&+&R:5]:[c&D2&v4&H1&+0&R&z1:4]:1	Any;WATER;WATER;Any
1210_1	Any;NADH_CoF;O2	[C&D1&v4&H3&+0&!R&z0:1]-[C&D2&v4&H2&+0&!R&z0:2].[C&D3&v4&H0&+0&R&z0:3]1=[C&D2&v4&H1&+0&R&z1:4]-[N&D3&v3&H0&+0&R:5]-[C&D2&v4&H1&+0&R&z1:6]=[C&D2&v4&H1&+0&R&z0:7]-[C&D2&v4&H2&+0&R&z0:8]-1.[O&D1&v2&H0&+0&!R:9]=[O&D1&v2&H0&+0&!R:10]>>[C&D1&v4&H2&+0&!R&z0:1]=[C&D2&v4&H1&+0&!R&z0:2].[O&D0&v2&H2&+0&!R:10].[O&D0&v2&H2&+0&!R:9].[c&D3&v4&H0&+0&R&z0:3]1:[c&D2&v4&H1&+0&R&z0:8]:[c&D2&v4&H1&+0&R&z0:7]:[c&D2&v4&H1&+0&R&z1:6]:[n&D3&v4&H0&+&R:5]:[c&D2&v4&H1&+0&R&z1:4]:1	Any;WATER;WATER;NAD_CoF
939_0	Any	([C&D3&v4&H0&+0&!R&z0:1]=[C&D2&v4&H1&+0&!R&z0:2].[C&D3&v4&H0&+0&!R&z0:3]=[C&D2&v4&H1&+0&!R&z0:4]-[C&D2&v4&H2&+0&!R&z0:5]-[C&D2&v4&H2&+0&!R&z0:6]-[C&D3&v4&H0&+0&!R&z0:7](-[C&D1&v4&H3&+0&!R&z0:8])=[C&D2&v4&H1&+0&!R&z0:9]-[C&D2&v4&H2&+0&!R&z1:10]-[O&D2&v2&H0&+0&!R:11])>>[C&D1&v4&H2&+0&!R&z0:8]=[C&D3&v4&H0&+0&R&z0:7]1-[C&D2&v4&H2&+0&R&z0:9]-[C&D2&v4&H2&+0&R&z0:10]-[C&D4&v4&H0&+0&R&z0:4]2(-[C&D3&v4&H1&+0&R&z0:3])-[C&D3&v4&H1&+0&R&z0:6](-[C&D3&v4&H1&+0&R&z0:2]-[C&D3&v4&H1&+0&!R&z0:1])-[C&D3&v4&H1&+0&R&z0:5]-1-2.[O&D1&v2&H1&+0&!R:11]	Any;PPI
1302_0	Any;O2	([C&D2&v4&H1&+0&!R&z0:1]=[C&D3&v4&H0&+0&!R&z0:2]-[C&D1&v4&H3&+0&!R&z0:3].[C&D2&v4&H2&+0&!R&z0:4]).[O&D1&v2&H0&+0&!R:5]=[O&D1&v2&H0&+0&!R:6]>>[C&D1&v4&H2&+0&!R&z0:3]=[C&D3&v4&H0&+0&!R&z0:2]-[C&D3&v4&H1&+0&R&z0:1]-[C&D3&v4&H1&+0&R&z0:4].[O&D1&v2&H1&+0&!R:5]-[O&D1&v2&H1&+0&!R:6]	Any;H2O2
2110_0	SULFATE;H2O2	[O&D1&v2&H0&+0&!R:1]=[S&D4&v6&H0&+0&!R:2].[O&D1&v2&H1&+0&!R:3]-[O&D1&v2&H1&+0&!R:4]>>[O&D0&v2&H2&+0&!R:1].[O&D1&v2&H0&+0&!R:3]=[O&D1&v2&H0&+0&!R:4].[S&D3&v4&H0&+0&!R:2]	WATER;O2;SULFITE
926_0	Any;WATER	([C&D3&v4&H0&+0&!R&z0:1]=[C&D2&v4&H1&+0&!R&z0:2].[C&D3&v4&H0&+0&!R&z0:3]=[C&D2&v4&H1&+0&!R&z0:4]-[C&D2&v4&H2&+0&!R&z1:5]-[O&D2&v2&H0&+0&!R:6]).[O&D0&v2&H2&+0&!R:7]>>[C&D3&v4&H1&+0&R&z0:3]-[C&D2&v4&H1&+0&R&z0:4]=[C&D2&v4&H1&+0&R&z0:5]-[C&D3&v4&H1&+0&R&z0:2]-[C&D4&v4&H0&+0&!R&z1:1]-[O&D1&v2&H1&+0&!R:7].[O&D1&v2&H1&+0&!R:6]	Any;PPI
1070_0	Any;CO2;Any	([N&D1&v3&H2&+0&!R:1].[N&D1&v3&H2&+0&!R:2]).[O&D1&v2&H0&+0&!R:3]=[C&D2&v4&H0&+0&!R&z2:4]=[O&D1&v2&H0&+0&!R:5].[P&D4&v5&H0&+0&!R:6]-[O&D2&v2&H0&+0&!R:7]>>[N&D2&v3&H1&+0&R:1]-[C&D3&v4&H0&+0&R&z3:4](=[O&D1&v2&H0&+0&!R:5])-[N&D2&v3&H1&+0&R:2].[O&D1&v2&H1&+0&!R:7].[P&D4&v5&H0&+0&!R:6]-[O&D1&v2&H1&+0&!R:3]	Any;Pi;Any
1070_1	Any;CO2;PHOSPHATE_DONOR_CoF	([N&D1&v3&H2&+0&!R:1].[N&D1&v3&H2&+0&!R:2]).[O&D1&v2&H0&+0&!R:3]=[C&D2&v4&H0&+0&!R&z2:4]=[O&D1&v2&H0&+0&!R:5].[P&D4&v5&H0&+0&!R:6]-[O&D2&v2&H0&+0&!R:7]>>[N&D2&v3&H1&+0&R:1]-[C&D3&v4&H0&+0&R&z3:4](=[O&D1&v2&H0&+0&!R:5])-[N&D2&v3&H1&+0&R:2].[O&D1&v2&H1&+0&!R:7].[P&D4&v5&H0&+0&!R:6]-[O&D1&v2&H1&+0&!R:3]	Any;Pi;PHOSPHATE_ACCEPTOR_CoF
1304_0	Any;H2O2	[C&D3&v4&H1&+0&R&z0:1]-[C&D3&v4&H1&+0&R&z0:2]-[C&D4&v4&H0&+0&R&z1:3]-[O&D2&v2&H0&+0&R:4].[O&D1&v2&H1&+0&!R:5]-[O&D1&v2&H1&+0&!R:6]>>[O&D1&v2&H0&+0&!R:5]=[O&D1&v2&H0&+0&!R:6].([C&D2&v4&H1&+0&!R&z0:2]=[C&D3&v4&H0&+0&!R&z0:3].[C&D2&v4&H2&+0&!R&z0:1].[O&D1&v2&H1&+0&!R:4])	O2;Any
1726_0	Any	[C&D3&v4&H1&+0&!R&z1:1]-[C&D2&v4&H2&+0&!R&z0:2]-[C&D2&v4&H2&+0&!R&z0:3]>>[C&D1&v4&H3&+0&!R&z0:2]-[C&D3&v4&H1&+0&!R&z0:3]-[C&D3&v4&H1&+0&!R&z1:1]	Any
803_0	ACETYL-COA;Any	[C&D3&v4&H0&+0&!R&z2:1]-[S&D2&v2&H0&+0&!R:2].[C&D3&v4&H0&+0&!R&z3:3]-[O&D1&v2&H1&+0&!R:4]>>[C&D3&v4&H0&+0&!R&z2:1]-[O&D1&v2&H1&+0&!R:4].[C&D3&v4&H0&+0&!R&z3:3]-[S&D2&v2&H0&+0&!R:2]	Any;Any
1401_0	Any;Any;O2	[C&D1&v4&H3&+0&!R&z1:1]-[S&D2&v2&H0&+0&!R:2].[C&D3&v4&H0&+0&R&z0:3]1=[C&D2&v4&H1&+0&R&z1:4]-[N&D3&v3&H0&+0&R:5]-[C&D2&v4&H1&+0&R&z1:6]=[C&D2&v4&H1&+0&R&z0:7]-[C&D2&v4&H2&+0&R&z0:8]-1.[O&D1&v2&H0&+0&!R:9]=[O&D1&v2&H0&+0&!R:10]>>[C&D1&v4&H2&+0&!R&z1:1]=[O&D1&v2&H0&+0&!R:10].[O&D0&v2&H2&+0&!R:9].[S&D1&v2&H1&+0&!R:2].[c&D3&v4&H0&+0&R&z0:3]1:[c&D2&v4&H1&+0&R&z0:8]:[c&D2&v4&H1&+0&R&z0:7]:[c&D2&v4&H1&+0&R&z1:6]:[n&D3&v4&H0&+&R:5]:[c&D2&v4&H1&+0&R&z1:4]:1	Any;WATER;Any;Any
1401_1	Any;NADH_CoF;O2	[C&D1&v4&H3&+0&!R&z1:1]-[S&D2&v2&H0&+0&!R:2].[C&D3&v4&H0&+0&R&z0:3]1=[C&D2&v4&H1&+0&R&z1:4]-[N&D3&v3&H0&+0&R:5]-[C&D2&v4&H1&+0&R&z1:6]=[C&D2&v4&H1&+0&R&z0:7]-[C&D2&v4&H2&+0&R&z0:8]-1.[O&D1&v2&H0&+0&!R:9]=[O&D1&v2&H0&+0&!R:10]>>[C&D1&v4&H2&+0&!R&z1:1]=[O&D1&v2&H0&+0&!R:10].[O&D0&v2&H2&+0&!R:9].[S&D1&v2&H1&+0&!R:2].[c&D3&v4&H0&+0&R&z0:3]1:[c&D2&v4&H1&+0&R&z0:8]:[c&D2&v4&H1&+0&R&z0:7]:[c&D2&v4&H1&+0&R&z1:6]:[n&D3&v4&H0&+&R:5]:[c&D2&v4&H1&+0&R&z1:4]:1	Any;WATER;Any;NAD_CoF
1693_0	WATER;Any;Any	[O&D0&v2&H2&+0&!R:1].[c&D2&v4&H1&+0&R&z1:2].[c&D3&v4&H0&+0&R&z0:3]1:[c&D2&v4&H1&+0&R&z0:4]:[c&D2&v4&H1&+0&R&z0:5]:[c&D2&v4&H1&+0&R&z1:6]:[n&D3&v4&H0&+&R:7]:[c&D2&v4&H1&+0&R&z1:8]:1>>[C&D3&v4&H0&+0&R&z0:3]1=[C&D2&v4&H1&+0&R&z1:8]-[N&D3&v3&H0&+0&R:7]-[C&D2&v4&H1&+0&R&z1:6]=[C&D2&v4&H1&+0&R&z0:5]-[C&D2&v4&H2&+0&R&z0:4]-1.[c&D3&v4&H0&+0&R&z2:2]-[O&D1&v2&H1&+0&!R:1]	Any;Any
1693_1	WATER;Any;NAD_CoF	[O&D0&v2&H2&+0&!R:1].[c&D2&v4&H1&+0&R&z1:2].[c&D3&v4&H0&+0&R&z0:3]1:[c&D2&v4&H1&+0&R&z0:4]:[c&D2&v4&H1&+0&R&z0:5]:[c&D2&v4&H1&+0&R&z1:6]:[n&D3&v4&H0&+&R:7]:[c&D2&v4&H1&+0&R&z1:8]:1>>[C&D3&v4&H0&+0&R&z0:3]1=[C&D2&v4&H1&+0&R&z1:8]-[N&D3&v3&H0&+0&R:7]-[C&D2&v4&H1&+0&R&z1:6]=[C&D2&v4&H1&+0&R&z0:5]-[C&D2&v4&H2&+0&R&z0:4]-1.[c&D3&v4&H0&+0&R&z2:2]-[O&D1&v2&H1&+0&!R:1]	NADH_CoF;Any
