scl_lb,n_novel_subgraphs,n_total_inferred,rxn_cov_frac
1,24,83,0.9651162790697675
5,19,59,0.7790697674418605
7,11,47,0.6976744186046512
10,10,33,0.6976744186046512
12,4,25,0.5581395348837209
15,2,7,0.38372093023255816
20,1,3,0.38372093023255816
25,1,3,0.38372093023255816
30,2,2,0.38372093023255816
35,0,0,0.0
40,0,0,0.0
