epoch,step,train_loss
0,49,0.32505467534065247
1,99,0.1830592006444931
2,149,0.1163373589515686
