epoch,step,train_loss,val_loss
0,49,0.3193276822566986,
0,71,,0.22275209426879883
1,99,0.17342466115951538,
1,143,,0.12344375997781754
2,149,0.1519627422094345,
2,199,0.12846772372722626,
2,215,,0.11138800531625748
